,Unnamed: 0,time,MARKER,pid,L_O_DSI,L_D_DSI,L_O_DSphi,L_D_DSphi,R_O_DSI,R_D_DSI,R_O_DSphi,R_D_DSphi,trial_id,dateTimestamps,floatTimestamps,timestamps,episode,actions,rewards,discounted_rewards,chosen_actions,optimal_actions,states,continuous_optimal,binary_optimal,discrete_optimal
1,1,2024-09-26 21:12:42.868092160,TASK_BEGIN,19,-0.8532420262959366,0.1317185025398172,4.118284521253804,-0.4039987801208702,2.559613672811453,0.1045086953379307,-2.7712484895663843,-0.3243870809025577,0,2024-09-26 21:12:44.265389893,1727385164.2653902,2024-09-26 21:12:44.265390080,0,1.0,0.1,0.7725530557207989,[0.30449147 0.69550853],[0.30449147 0.69550853],"[ 0.88888889  0.29296875  0.48828125  1.          0.          1.
  1.          0.          1.          0.3515625  -0.8         0.5       ]",0.07030200785845474,0,0
2,2,2024-09-26 21:12:42.930582016,TASK_BEGIN,19,-0.6721130884494138,0.0912527209507901,4.583906435460549,-0.1538697058035423,2.674097406277142,0.1165247168633833,-0.3090593759417578,-0.6623203836473078,0,2024-09-26 21:12:44.367387939,1727385164.3673887,2024-09-26 21:12:44.367388672,0,1.0,0.1,0.9561792499119549,[0.28822894 0.71177106],[0.28822894 0.71177106],"[ 0.86111111  0.29296875  0.48828125  1.          0.          1.
  1.          0.          1.          0.3203125  -0.8         0.5       ]",0.07828799271495378,0,0
3,3,2024-09-26 21:12:43.012258048,TASK_BEGIN,19,-0.5065847999513654,0.0546469229421759,5.034299733014366,0.0841055698993207,2.784838919505204,0.1285900576481653,2.025687132184482,-0.9837865369104016,0,2024-09-26 21:12:44.367387939,1727385164.3673887,2024-09-26 21:12:44.367388672,0,1.0,0.1,0.9561792499119549,[0.28822894 0.71177106],[0.28822894 0.71177106],"[ 0.86111111  0.29296875  0.48828125  1.          0.          1.
  1.          0.          1.          0.3203125  -0.8         0.5       ]",0.07828799271495378,0,0
4,4,2024-09-26 21:12:43.079090944,TASK_BEGIN,19,-0.362061254282826,0.0231599812426224,5.464682739358972,0.3047835628990983,2.8894835147556326,0.1407304884344447,4.180827064273969,-1.2820606505277503,0,2024-09-26 21:12:44.367387939,1727385164.3673887,2024-09-26 21:12:44.367388672,0,1.0,0.1,0.9561792499119549,[0.28822894 0.71177106],[0.28822894 0.71177106],"[ 0.86111111  0.29296875  0.48828125  1.          0.          1.
  1.          0.          1.          0.3203125  -0.8         0.5       ]",0.07828799271495378,0,0
5,5,2024-09-26 21:12:43.130547200,TASK_BEGIN,19,-0.2421175214452665,-0.0023817296490953,5.870392864304952,0.5046835531653848,2.986724486769213,0.152803351520197,6.112755820977095,-1.5515018489376466,0,2024-09-26 21:12:44.367387939,1727385164.3673887,2024-09-26 21:12:44.367388672,0,1.0,0.1,0.9561792499119549,[0.28822894 0.71177106],[0.28822894 0.71177106],"[ 0.86111111  0.29296875  0.48828125  1.          0.          1.
  1.          0.          1.          0.3203125  -0.8         0.5       ]",0.07828799271495378,0,0
6,6,2024-09-26 21:12:43.208218112,TASK_BEGIN,19,-0.148337954158626,-0.0216033349352873,6.2466531271791865,0.6821220496566147,3.0764076911211355,0.1644834395911637,7.787688643512892,-1.787702296894644,0,2024-09-26 21:12:44.367387939,1727385164.3673887,2024-09-26 21:12:44.367388672,0,1.0,0.1,0.9561792499119549,[0.28822894 0.71177106],[0.28822894 0.71177106],"[ 0.86111111  0.29296875  0.48828125  1.          0.          1.
  1.          0.          1.          0.3203125  -0.8         0.5       ]",0.07828799271495378,0,0
7,7,2024-09-26 21:12:44.120030976,TASK_BEGIN,19,-0.0803995685583413,-0.0345487835395728,6.5884231364105785,0.8370878115232335,3.1594095405673874,0.1752894793491098,9.182482055677458,-1.987609903710169,0,2024-09-26 21:12:45.026700928,1727385165.026701,2024-09-26 21:12:45.026701056,0,0.0,0.1,2.0638571635634455,[9.99211035e-01 7.88965175e-04],[9.99211035e-01 7.88965175e-04],"[ 0.68055556  0.29296875  0.48828125  1.          0.          1.
  1.          0.          1.          0.15820312 -0.2         0.3       ]",0.3284626083907495,0,0
8,8,2024-09-26 21:12:44.190822912,TASK_BEGIN,19,-0.0364164052365532,-0.0416079462144643,6.890663202256414,0.9708618302721588,3.237315107569173,0.1846405681188707,10.285242249771883,-2.149626906447728,0,2024-09-26 21:12:45.077202148,1727385165.077202,2024-09-26 21:12:45.077202176,0,0.0,0.1,2.1432185919278113,[9.99889789e-01 1.10211304e-04],[9.99889789e-01 1.10211304e-04],"[ 0.66666667  0.29296875  0.48828125  1.          0.          1.
  1.          0.          1.          0.15625    -0.1         0.26666667]",0.3264715545455558,0,0
9,9,2024-09-26 21:12:44.257618944,TASK_BEGIN,19,-0.0134560099057593,-0.0434208161324486,7.148907607414879,1.085484071283122,3.3119794487076777,0.1919277508781126,11.09594853370236,-2.2736857763381337,0,2024-09-26 21:12:45.636199951,1727385165.6362002,2024-09-26 21:12:45.636200192,0,0.0,0.1,2.965523050004307,[1.00000000e+00 4.05459193e-10],[1.00000000e+00 4.05459193e-10],"[ 0.51388889  0.29296875  0.48828125  1.          0.          1.
  1.          0.          1.          0.26367188  1.         -0.1       ]",0.33148191292773305,0,0
10,10,2024-09-26 21:12:44.321323008,TASK_BEGIN,19,-0.008054265720242,-0.0407854961056414,7.359765858662371,1.1832328047238905,3.3850962656791794,0.1965835073866272,11.627107458851969,-2.3613051835005896,0,2024-09-26 21:12:45.636199951,1727385165.6362002,2024-09-26 21:12:45.636200192,0,0.0,0.1,2.965523050004307,[1.00000000e+00 4.05459193e-10],[1.00000000e+00 4.05459193e-10],"[ 0.51388889  0.29296875  0.48828125  1.          0.          1.
  1.          0.          1.          0.26367188  1.         -0.1       ]",0.33148191292773305,0,0
11,11,2024-09-26 21:12:44.391201024,TASK_BEGIN,19,-0.0165929978613109,-0.0345920694199823,7.521186679168382,1.266241874290227,3.457911806409502,0.1981284482880449,11.90378990440668,-2.4155600027584625,0,2024-09-26 21:12:45.636199951,1727385165.6362002,2024-09-26 21:12:45.636200192,0,0.0,0.1,2.965523050004307,[1.00000000e+00 4.05459193e-10],[1.00000000e+00 4.05459193e-10],"[ 0.51388889  0.29296875  0.48828125  1.          0.          1.
  1.          0.          1.          0.26367188  1.         -0.1       ]",0.33148191292773305,0,0
12,12,2024-09-26 21:12:44.457988096,TASK_BEGIN,19,-0.0355131791419312,-0.0257848422402401,7.63279925351241,1.3362418123065891,3.531167006721175,0.1961839584775493,11.962053193640996,-2.4408551696966296,0,2024-09-26 21:12:45.891200928,1727385165.8912013,2024-09-26 21:12:45.891201280,0,0.0,0.1,3.310282414303197,[9.99999836e-01 1.63737686e-07],[9.99999836e-01 1.63737686e-07],"[ 0.44444444  0.29296875  0.48828125  0.94444444  0.1953125   0.390625
  1.          0.          1.          0.36132812  1.         -0.26666667]",0.3842155160822761,0,0
13,13,2024-09-26 21:12:44.524763136,TASK_BEGIN,19,-0.0614085017162993,-0.0153429661363603,7.696704763845649,1.3943325705240923,3.605212338047288,0.1904623805548417,11.845657277047698,-2.442500642605784,0,2024-09-26 21:12:45.942200928,1727385165.9422014,2024-09-26 21:12:45.942201344,0,0.0,0.1,3.377179590160165,[9.99984629e-01 1.53711904e-05],[9.99984629e-01 1.53711904e-05],"[ 0.43055556  0.29296875  0.48828125  0.93055556  0.1953125   0.390625
  1.          0.          1.          0.38085938  1.         -0.3       ]",0.49282953023976334,0,0
14,14,2024-09-26 21:12:45.486087936,TASK_BEGIN,19,-0.0910689459624633,-0.0042664508689951,7.718440995737952,1.4407992171255708,3.680142197387573,0.1807593038191258,11.602283583570166,-2.4262409462320726,0,2024-09-26 21:12:46.804188965,1727385166.8041892,2024-09-26 21:12:46.804189184,0,0.0,0.1,4.417338614521361,[0.97666067 0.02333933],[0.97666067 0.02333933],"[0.19444444 0.29296875 0.48828125 0.69444444 0.1953125  0.390625
 1.         0.         1.         0.390625   0.6        0.03333333]",0.6418332868651037,0,0
15,15,2024-09-26 21:12:45.546961920,TASK_BEGIN,19,-0.1215475875592783,0.0064496364952916,7.70736744195363,1.4750898757453248,3.7558571553772016,0.1669608822391816,11.280350063399109,-2.3978736537886856,0,2024-09-26 21:12:46.804188965,1727385166.8041892,2024-09-26 21:12:46.804189184,0,0.0,0.1,4.417338614521361,[0.97666067 0.02333933],[0.97666067 0.02333933],"[0.19444444 0.29296875 0.48828125 0.69444444 0.1953125  0.390625
 1.         0.         1.         0.390625   0.6        0.03333333]",0.6418332868651037,0,0
16,16,2024-09-26 21:12:45.604875008,TASK_BEGIN,19,-0.1502842044562373,0.015864639967435,7.676090332779725,1.4960155443705547,3.832071885826928,0.1490586438701682,10.926283383379635,-2.362923667583765,0,2024-09-26 21:12:46.804188965,1727385166.8041892,2024-09-26 21:12:46.804189184,0,0.0,0.1,4.417338614521361,[0.97666067 0.02333933],[0.97666067 0.02333933],"[0.19444444 0.29296875 0.48828125 0.69444444 0.1953125  0.390625
 1.         0.         1.         0.390625   0.6        0.03333333]",0.6418332868651037,0,0
17,17,2024-09-26 21:12:45.685565952,TASK_BEGIN,19,-0.1752498622483769,0.0231592235519928,7.639188057325302,1.502111153622485,3.9082851638658265,0.127161011154377,10.581686423286865,-2.326275728620032,0,2024-09-26 21:12:46.804188965,1727385166.8041892,2024-09-26 21:12:46.804189184,0,0.0,0.1,4.417338614521361,[0.97666067 0.02333933],[0.97666067 0.02333933],"[0.19444444 0.29296875 0.48828125 0.69444444 0.1953125  0.390625
 1.         0.         1.         0.390625   0.6        0.03333333]",0.6418332868651037,0,0
18,18,2024-09-26 21:12:45.752973056,TASK_BEGIN,19,-0.1950546617835226,0.0277036090969087,7.611736255922151,1.49203872126628,3.983703014296219,0.1015001437066612,10.280584400242155,-2.2917829092780964,0,2024-09-26 21:12:46.804188965,1727385166.8041892,2024-09-26 21:12:46.804189184,0,0.0,0.1,4.417338614521361,[0.97666067 0.02333933],[0.97666067 0.02333933],"[0.19444444 0.29296875 0.48828125 0.69444444 0.1953125  0.390625
 1.         0.         1.         0.390625   0.6        0.03333333]",0.6418332868651037,0,0
19,19,2024-09-26 21:12:45.819952896,TASK_BEGIN,19,-0.2089966969086887,0.0291131647757993,7.60797142121926,1.4649116305799528,4.057174631357359,0.0724321330077404,10.047442599211916,-2.261973912552808,0,2024-09-26 21:12:46.804188965,1727385166.8041892,2024-09-26 21:12:46.804189184,0,0.0,0.1,4.417338614521361,[0.97666067 0.02333933],[0.97666067 0.02333933],"[0.19444444 0.29296875 0.48828125 0.69444444 0.1953125  0.390625
 1.         0.         1.         0.390625   0.6        0.03333333]",0.6418332868651037,0,0
20,20,2024-09-26 21:12:45.884002048,TASK_BEGIN,19,-0.2170492164211383,0.0272782408351748,7.64019902402844,1.4204763579157145,4.127250703249422,0.040422321907823,9.896313692353663,-2.2379484356928145,0,2024-09-26 21:12:46.804188965,1727385166.8041892,2024-09-26 21:12:46.804189184,0,0.0,0.1,4.417338614521361,[0.97666067 0.02333933],[0.97666067 0.02333933],"[0.19444444 0.29296875 0.48828125 0.69444444 0.1953125  0.390625
 1.         0.         1.         0.390625   0.6        0.03333333]",0.6418332868651037,0,0
21,21,2024-09-26 21:12:46.835807232,TASK_BEGIN,19,-0.2197692373340347,0.0223581992885767,7.717989351260702,1.3591778949168682,4.19239608695975,0.0060152986120969,9.831059110131978,-2.219472667001936,0,2024-09-26 21:12:47.824191162,1727385167.8241916,2024-09-26 21:12:47.824191488,0,1.0,0.1,6.1925513966063805,[0.01532238 0.98467762],[0.01532238 0.98467762],"[-0.08333333  0.29296875  0.48828125  0.41666667  0.1953125   0.390625
  0.91666667  0.29296875  0.48828125  0.34375    -0.8         0.5       ]",0.7345531591000524,0,0
22,22,2024-09-26 21:12:46.903659264,TASK_BEGIN,19,-0.2181157048735159,0.0147398989605314,7.847696667239699,1.2821641821692884,4.251257835395542,-0.0301912605718216,9.846484711828946,-2.205254265441858,0,2024-09-26 21:12:47.824191162,1727385167.8241916,2024-09-26 21:12:47.824191488,0,1.0,0.1,6.1925513966063805,[0.01532238 0.98467762],[0.01532238 0.98467762],"[-0.08333333  0.29296875  0.48828125  0.41666667  0.1953125   0.390625
  0.91666667  0.29296875  0.48828125  0.34375    -0.8         0.5       ]",0.7345531591000524,0,0
23,23,2024-09-26 21:12:46.970437888,TASK_BEGIN,19,-0.2132047966645126,0.0049706803991276,8.03216447054436,1.1912529727062418,4.302830562141974,-0.0675440183126931,9.930087679248878,-2.193345994661702,0,2024-09-26 21:12:47.824191162,1727385167.8241916,2024-09-26 21:12:47.824191488,0,1.0,0.1,6.1925513966063805,[0.01532238 0.98467762],[0.01532238 0.98467762],"[-0.08333333  0.29296875  0.48828125  0.41666667  0.1953125   0.390625
  0.91666667  0.29296875  0.48828125  0.34375    -0.8         0.5       ]",0.7345531591000524,0,0
24,24,2024-09-26 21:12:47.036845056,TASK_BEGIN,19,-0.2060753319168988,-0.006317007977946,8.270306135354854,1.0888755838866335,4.346426524276294,-0.1052998755328191,10.064059500446882,-2.181594738820352,0,2024-09-26 21:12:47.926218018,1727385167.926218,2024-09-26 21:12:47.926217984,0,1.0,0.1,6.2683196238139125,[0.12954354 0.87045646],[0.12954354 0.87045646],"[-0.11111111  0.29296875  0.48828125  0.38888889  0.1953125   0.390625
  0.88888889  0.29296875  0.48828125  0.3125     -0.8         0.5       ]",0.5274957824937336,0,0
25,25,2024-09-26 21:12:47.104086016,TASK_BEGIN,19,-0.1975319207005621,-0.018472064971181,8.556477993680222,0.9780175273791576,4.381486524420518,-0.1425851049142052,10.227545476148094,-2.1680721912746157,0,2024-09-26 21:12:48.079191895,1727385168.0791926,2024-09-26 21:12:48.079192576,0,0.0,0.1,6.379154262667014,[0.99806169 0.00193831],[0.99806169 0.00193831],"[-0.15277778  0.29296875  0.48828125  0.34722222  0.1953125   0.390625
  0.84722222  0.29296875  0.48828125  0.27148438 -0.6         0.43333333]",0.3371893884939534,0,0
26,26,2024-09-26 21:12:47.159532032,TASK_BEGIN,19,-0.1880691039085527,-0.0308784869947003,8.8801100564759,0.862152026957472,4.407353349044917,-0.1783800794368753,10.399321624196553,-2.1514488941350343,0,2024-09-26 21:12:48.585063964,1727385168.585065,2024-09-26 21:12:48.585064960,0,0.0,0.1,6.725372018784006,[9.99999944e-01 5.59951918e-08],[9.99999944e-01 5.59951918e-08],"[0.20833333 0.1953125  0.390625   0.70833333 0.29296875 0.48828125
 1.         0.         1.         0.26171875 0.4        0.1       ]",0.3393719540056856,0,0
27,27,2024-09-26 21:12:47.222217984,TASK_BEGIN,19,-0.1778473713428929,-0.0430028959645539,9.226236890886584,0.7451423132655529,4.423134158239798,-0.2115512401032364,10.56048802462802,-2.1312294976584494,0,2024-09-26 21:12:48.634905029,1727385168.6349056,2024-09-26 21:12:48.634905600,0,0.0,0.1,6.758118298596165,[9.99998252e-01 1.74806225e-06],[9.99998252e-01 1.74806225e-06],"[0.19444444 0.1953125  0.390625   0.69444444 0.29296875 0.48828125
 1.         0.         1.         0.27148438 0.5        0.06666667]",0.37137805947666575,0,0
28,28,2024-09-26 21:12:48.181732864,TASK_BEGIN,19,-0.1667244161550733,-0.0544334785748949,9.577054849302511,0.6310946061085813,4.427732797730984,-0.2409351900968388,10.696315780611371,-2.107737220956144,0,2024-09-26 21:12:49.586540039,1727385169.58654,2024-09-26 21:12:49.586540032,0,0.0,0.1,8.087971050098806,[9.99999984e-01 1.58673769e-08],[9.99999984e-01 1.58673769e-08],"[-0.06944444  0.1953125   0.390625    0.43055556  0.29296875  0.48828125
  1.          0.          1.          0.296875    0.7         0.        ]",0.42971717342178556,0,0
29,29,2024-09-26 21:12:48.253741824,TASK_BEGIN,19,-0.154358866241628,-0.0648980258528618,9.913924090241087,0.524161180641255,4.420067850982386,-0.2654638068715181,10.796812625079673,-2.081827892520313,0,2024-09-26 21:12:49.586540039,1727385169.58654,2024-09-26 21:12:49.586540032,0,0.0,0.1,8.087971050098806,[9.99999984e-01 1.58673769e-08],[9.99999984e-01 1.58673769e-08],"[-0.06944444  0.1953125   0.390625    0.43055556  0.29296875  0.48828125
  1.          0.          1.          0.296875    0.7         0.        ]",0.42971717342178556,0,0
30,30,2024-09-26 21:12:48.320549120,TASK_BEGIN,19,-0.1403673985337763,-0.0742555089830276,10.218967506404024,0.4283270279342751,4.39941333607741,-0.284304003630035,10.856290198419762,-2.054449989777687,0,2024-09-26 21:12:49.586540039,1727385169.58654,2024-09-26 21:12:49.586540032,0,0.0,0.1,8.087971050098806,[9.99999984e-01 1.58673769e-08],[9.99999984e-01 1.58673769e-08],"[-0.06944444  0.1953125   0.390625    0.43055556  0.29296875  0.48828125
  1.          0.          1.          0.296875    0.7         0.        ]",0.42971717342178556,0,0
31,31,2024-09-26 21:12:48.387311104,TASK_BEGIN,19,-0.1244811317926151,-0.0824686214444414,10.4758731446069,0.3472310352978637,4.36573285731159,-0.2969734697748093,10.872413847264616,-2.0262157502848663,0,2024-09-26 21:12:49.786598877,1727385169.7865992,2024-09-26 21:12:49.786599168,0,0.0,0.1,8.163312619720422,[9.99999982e-01 1.81789952e-08],[9.99999982e-01 1.81789952e-08],"[-0.125       0.1953125   0.390625    0.375       0.29296875  0.48828125
  0.95        0.33203125  0.52734375  0.36914062  1.         -0.13333333]",0.5096462172727343,0,0
32,32,2024-09-26 21:12:48.454006784,TASK_BEGIN,19,-0.1066469630688659,-0.0895708534552618,10.670345433607045,0.2840229498417673,4.319868830692504,-0.3033952796582365,10.845032044570749,-1.997112059873717,0,2024-09-26 21:12:49.886310059,1727385169.8863108,2024-09-26 21:12:49.886310912,0,0.0,0.1,8.199862698587985,[9.99390949e-01 6.09050656e-04],[9.99390949e-01 6.09050656e-04],"[-0.15277778  0.1953125   0.390625    0.34722222  0.29296875  0.48828125
  0.92222222  0.33203125  0.52734375  0.40820312  1.         -0.2       ]",0.7452077918776384,0,0
33,33,2024-09-26 21:12:48.512392192,TASK_BEGIN,19,-0.0870582225427705,-0.0956391697344693,10.79095411659205,0.2412068300483131,4.263504826531426,-0.3038752136178467,10.774989570024804,-1.9664151649260284,0,2024-09-26 21:12:49.886310059,1727385169.8863108,2024-09-26 21:12:49.886310912,0,0.0,0.1,8.199862698587985,[9.99390949e-01 6.09050656e-04],[9.99390949e-01 6.09050656e-04],"[-0.15277778  0.1953125   0.390625    0.34722222  0.29296875  0.48828125
  0.92222222  0.33203125  0.52734375  0.40820312  1.         -0.2       ]",0.7452077918776384,0,0
34,34,2024-09-26 21:12:48.587701248,TASK_BEGIN,19,-0.0661507173031846,-0.100773710469306,10.830522428008823,0.2204597888894349,4.19892831524295,-0.2990167404510308,10.663112595796294,-1.9328030785907488,0,2024-09-26 21:12:49.886310059,1727385169.8863108,2024-09-26 21:12:49.886310912,0,0.0,0.1,8.199862698587985,[9.99390949e-01 6.09050656e-04],[9.99390949e-01 6.09050656e-04],"[-0.15277778  0.1953125   0.390625    0.34722222  0.29296875  0.48828125
  0.92222222  0.33203125  0.52734375  0.40820312  1.         -0.2       ]",0.7452077918776384,0,0
35,35,2024-09-26 21:12:49.537835008,TASK_BEGIN,19,-0.0446043416832504,-0.105078666413527,10.787467673333072,0.2224764195649128,4.128727448831413,-0.2896108519628274,10.509367409524614,-1.894602049404964,0,2024-09-26 21:12:50.701174072,1727385170.7011745,2024-09-26 21:12:50.701174528,0,0.0,0.1,9.349349105674975,[0.99137988 0.00862012],[0.99137988 0.00862012],"[0.125      0.29296875 0.48828125 0.7        0.33203125 0.52734375
 1.         0.         1.         0.3984375  0.6        0.03333333]",0.6246625627931569,0,0
36,36,2024-09-26 21:12:49.593604864,TASK_BEGIN,19,-0.0233427795404529,-0.1086429306981585,10.666409074731527,0.2468848596088109,4.05555967153304,-0.276537443241833,10.31203483155497,-1.8500742172362743,0,2024-09-26 21:12:50.701174072,1727385170.7011745,2024-09-26 21:12:50.701174528,0,0.0,0.1,9.349349105674975,[0.99137988 0.00862012],[0.99137988 0.00862012],"[0.125      0.29296875 0.48828125 0.7        0.33203125 0.52734375
 1.         0.         1.         0.3984375  0.6        0.03333333]",0.6246625627931569,0,0
37,37,2024-09-26 21:12:49.670885888,TASK_BEGIN,19,-0.0034984505460865,-0.1115253738684016,10.477687796210825,0.2922567921458054,3.982036986513889,-0.2606991074949027,10.067037044222923,-1.7976666840013835,0,2024-09-26 21:12:50.701174072,1727385170.7011745,2024-09-26 21:12:50.701174528,0,0.0,0.1,9.349349105674975,[0.99137988 0.00862012],[0.99137988 0.00862012],"[0.125      0.29296875 0.48828125 0.7        0.33203125 0.52734375
 1.         0.         1.         0.3984375  0.6        0.03333333]",0.6246625627931569,0,0
38,38,2024-09-26 21:12:49.737565952,TASK_BEGIN,19,0.0136616182421703,-0.1137464513268119,10.235818572925735,0.3562303900269357,3.910696033000081,-0.2429922362945968,9.767992832906042,-1.736198851223597,0,2024-09-26 21:12:50.701174072,1727385170.7011745,2024-09-26 21:12:50.701174528,0,0.0,0.1,9.349349105674975,[0.99137988 0.00862012],[0.99137988 0.00862012],"[0.125      0.29296875 0.48828125 0.7        0.33203125 0.52734375
 1.         0.         1.         0.3984375  0.6        0.03333333]",0.6246625627931569,0,0
39,39,2024-09-26 21:12:49.804977664,TASK_BEGIN,19,0.0268113070762708,-0.1152823641394926,9.95732397533629,0.4357296869239522,3.844003481519907,-0.2243071413203987,9.407427138229624,-1.6650206598437312,0,2024-09-26 21:12:50.701174072,1727385170.7011745,2024-09-26 21:12:50.701174528,0,0.0,0.1,9.349349105674975,[0.99137988 0.00862012],[0.99137988 0.00862012],"[0.125      0.29296875 0.48828125 0.7        0.33203125 0.52734375
 1.         0.         1.         0.3984375  0.6        0.03333333]",0.6246625627931569,0,0
40,40,2024-09-26 21:12:49.871781888,TASK_BEGIN,19,0.0345899179257156,-0.116056858090184,9.658693466446516,0.5272183076539403,3.784341722498211,-0.2055365539561459,8.979024995148011,-1.5841966671620091,0,2024-09-26 21:12:50.752173828,1727385170.7521746,2024-09-26 21:12:50.752174592,0,0.0,0.1,9.355855614618225,[0.81275327 0.18724673],[0.81275327 0.18724673],"[0.11111111 0.29296875 0.48828125 0.68611111 0.33203125 0.52734375
 1.         0.         1.         0.41210938 0.7        0.        ]",0.356999523169835,0,0
41,41,2024-09-26 21:12:49.935408128,TASK_BEGIN,19,0.0355604583518153,-0.1159283697751541,9.354929847885687,0.6269575260909462,3.733908209012347,-0.1875657451853778,8.480513591560761,-1.4947524871848206,0,2024-09-26 21:12:50.955950928,1727385170.9559515,2024-09-26 21:12:50.955951360,0,0.0,0.1,9.381237473538363,[9.99886773e-01 1.13227252e-04],[9.99886773e-01 1.13227252e-04],"[ 0.05555556  0.29296875  0.48828125  0.63055556  0.33203125  0.52734375
  1.          0.          1.          0.36132812 -0.5         0.4       ]",0.3397089315795614,0,0
42,42,2024-09-26 21:12:50.858081024,TASK_BEGIN,19,0.028158136621656,-0.1146779783156906,9.058598277451154,0.7312856723432773,3.694507034398215,-0.1712320361200916,7.916505599725593,-1.3989385156334275,0,2024-09-26 21:12:51.709711182,1727385171.7097116,2024-09-26 21:12:51.709711616,0,0.0,0.1,9.46782811957771,[0.96098454 0.03901546],[0.96098454 0.03901546],"[-0.15277778  0.29296875  0.48828125  0.42222222  0.33203125  0.52734375
  0.92222222  0.1953125   0.390625    0.44921875  1.         -0.1       ]",0.5939293388280776,0,0
43,43,2024-09-26 21:12:50.925287168,TASK_BEGIN,19,0.0107117982126245,-0.112010749660424,8.77927069675606,0.8368741800534328,3.6673305486694896,-0.1572730700679215,7.300349881179323,-1.3003682279994375,0,2024-09-26 21:12:51.811709961,1727385171.8117104,2024-09-26 21:12:51.811710464,0,1.0,0.1,9.478418339998113,[0.10056144 0.89943856],[0.10056144 0.89943856],"[-0.18055556  0.29296875  0.48828125  0.39444444  0.33203125  0.52734375
  0.89444444  0.1953125   0.390625    0.453125   -0.8         0.5       ]",0.5772141442255244,0,0
44,44,2024-09-26 21:12:50.995891968,TASK_BEGIN,19,-0.0184273092132757,-0.1075798244887852,8.523628186302085,0.9408315465796024,3.6528630363577,-0.1462910192131135,6.654263041578281,-1.2038909334840897,0,2024-09-26 21:12:52.413674072,1727385172.4136744,2024-09-26 21:12:52.413674240,0,0.0,0.1,9.537677907209734,[9.99821902e-01 1.78097833e-04],[9.99821902e-01 1.78097833e-04],"[0.22777778 0.33203125 0.52734375 0.72777778 0.1953125  0.390625
 1.         0.         1.         0.41796875 0.4        0.1       ]",0.4878865003668108,0,0
45,45,2024-09-26 21:12:51.062701824,TASK_BEGIN,19,-0.0606623311653838,-0.1010352306554176,8.29639663375775,1.0405999266230896,3.650914594675453,-0.1387316146202371,6.007753688724753,-1.11517159851705,0,2024-09-26 21:12:52.463676025,1727385172.4636767,2024-09-26 21:12:52.463676672,0,0.0,0.1,9.542301128137636,[0.98929203 0.01070797],[0.98929203 0.01070797],"[0.21388889 0.33203125 0.52734375 0.71388889 0.1953125  0.390625
 1.         0.         1.         0.42773438 0.5        0.06666667]",0.6321193936495716,0,0
46,46,2024-09-26 21:12:51.129491968,TASK_BEGIN,19,-0.1168586447679129,-0.0920966797304395,8.101680167622723,1.1337748093945876,3.660713711116896,-0.1348640245920659,5.3948648783034185,-1.040067172232462,0,2024-09-26 21:12:52.463676025,1727385172.4636767,2024-09-26 21:12:52.463676672,0,0.0,0.1,9.542301128137636,[0.98929203 0.01070797],[0.98929203 0.01070797],"[0.21388889 0.33203125 0.52734375 0.71388889 0.1953125  0.390625
 1.         0.         1.         0.42773438 0.5        0.06666667]",0.6321193936495716,0,0
47,47,2024-09-26 21:12:51.183314944,TASK_BEGIN,19,-0.1870326516549586,-0.0806418818243186,7.9438305925897215,1.2180535354071336,3.681038797146156,-0.1347678536079678,4.850772869589887,-0.9839477554594978,0,2024-09-26 21:12:52.463676025,1727385172.4636767,2024-09-26 21:12:52.463676672,0,0.0,0.1,9.542301128137636,[0.98929203 0.01070797],[0.98929203 0.01070797],"[0.21388889 0.33203125 0.52734375 0.71388889 0.1953125  0.390625
 1.         0.         1.         0.42773438 0.5        0.06666667]",0.6321193936495716,0,0
48,48,2024-09-26 21:12:51.260081152,TASK_BEGIN,19,-0.2701016371465858,-0.0667864973494433,7.827219200589589,1.2913959346486794,3.710379083235533,-0.1383406974257934,4.408157177201648,-0.9511140594482091,0,2024-09-26 21:12:52.463676025,1727385172.4636767,2024-09-26 21:12:52.463676672,0,0.0,0.1,9.542301128137636,[0.98929203 0.01070797],[0.98929203 0.01070797],"[0.21388889 0.33203125 0.52734375 0.71388889 0.1953125  0.390625
 1.         0.         1.         0.42773438 0.5        0.06666667]",0.6321193936495716,0,0
49,49,2024-09-26 21:12:52.211905024,TASK_BEGIN,19,-0.3637650726326903,-0.0509283000587979,7.755009677009887,1.3523026688642332,3.747058248650141,-0.1453236849768245,4.093814395804255,-0.9444184956338136,0,2024-09-26 21:12:53.521509766,1727385173.5215104,2024-09-26 21:12:53.521510400,0,1.0,0.1,10.395700462184992,[0.00729678 0.99270322],[0.00729678 0.99270322],"[-0.07777778  0.33203125  0.52734375  0.42222222  0.1953125   0.390625
  0.92222222  0.33203125  0.52734375  0.36132812 -0.8         0.5       ]",0.7374149203033963,0,0
50,50,2024-09-26 21:12:52.279266048,TASK_BEGIN,19,-0.4645490396423092,-0.0337436276811703,7.727585365805675,1.4000558828199818,3.789289476172724,-0.1553370534872187,3.926167057914741,-0.9651286393398892,0,2024-09-26 21:12:53.521509766,1727385173.5215104,2024-09-26 21:12:53.521510400,0,1.0,0.1,10.395700462184992,[0.00729678 0.99270322],[0.00729678 0.99270322],"[-0.07777778  0.33203125  0.52734375  0.42222222  0.1953125   0.390625
  0.92222222  0.33203125  0.52734375  0.36132812 -0.8         0.5       ]",0.7374149203033963,0,0
51,51,2024-09-26 21:12:52.343738112,TASK_BEGIN,19,-0.56801327632943,-0.0161408282385501,7.741208897329015,1.434831365635112,3.8352355568111194,-0.1679225982238699,3.914165300365711,-1.0129879788939082,0,2024-09-26 21:12:53.521509766,1727385173.5215104,2024-09-26 21:12:53.521510400,0,1.0,0.1,10.395700462184992,[0.00729678 0.99270322],[0.00729678 0.99270322],"[-0.07777778  0.33203125  0.52734375  0.42222222  0.1953125   0.390625
  0.92222222  0.33203125  0.52734375  0.36132812 -0.8         0.5       ]",0.7374149203033963,0,0
52,52,2024-09-26 21:12:52.412856832,TASK_BEGIN,19,-0.6691057309274524,0.0008206638122257,7.787227875458439,1.4576707850189243,3.88315416036821,-0.1825878801432375,4.057490715379287,-1.086360741436564,0,2024-09-26 21:12:53.521509766,1727385173.5215104,2024-09-26 21:12:53.521510400,0,1.0,0.1,10.395700462184992,[0.00729678 0.99270322],[0.00729678 0.99270322],"[-0.07777778  0.33203125  0.52734375  0.42222222  0.1953125   0.390625
  0.92222222  0.33203125  0.52734375  0.36132812 -0.8         0.5       ]",0.7374149203033963,0,0
53,53,2024-09-26 21:12:52.479646976,TASK_BEGIN,19,-0.7626403018478739,0.0160391604104486,7.852141299035154,1.4703293785607172,3.931603417700768,-0.1988465055413077,4.347639674714959,-1.182383848091067,0,2024-09-26 21:12:53.521509766,1727385173.5215104,2024-09-26 21:12:53.521510400,0,1.0,0.1,10.395700462184992,[0.00729678 0.99270322],[0.00729678 0.99270322],"[-0.07777778  0.33203125  0.52734375  0.42222222  0.1953125   0.390625
  0.92222222  0.33203125  0.52734375  0.36132812 -0.8         0.5       ]",0.7374149203033963,0,0
54,54,2024-09-26 21:12:52.546451968,TASK_BEGIN,19,-0.8438418316763652,0.0284960753784865,7.91878740915507,1.47501070382086,3.979584528988521,-0.2162481711819344,4.769639779666917,-1.2971579045348478,0,2024-09-26 21:12:53.521509766,1727385173.5215104,2024-09-26 21:12:53.521510400,0,1.0,0.1,10.395700462184992,[0.00729678 0.99270322],[0.00729678 0.99270322],"[-0.07777778  0.33203125  0.52734375  0.42222222  0.1953125   0.390625
  0.92222222  0.33203125  0.52734375  0.36132812 -0.8         0.5       ]",0.7374149203033963,0,0
55,55,2024-09-26 21:12:52.605138944,TASK_BEGIN,19,-0.9088501706505164,0.0373743036457828,7.968489004128987,1.4740226029022776,4.0265109242978125,-0.2343865497619998,5.3042786026338815,-1.4260407635373469,0,2024-09-26 21:12:53.521509766,1727385173.5215104,2024-09-26 21:12:53.521510400,0,1.0,0.1,10.395700462184992,[0.00729678 0.99270322],[0.00729678 0.99270322],"[-0.07777778  0.33203125  0.52734375  0.42222222  0.1953125   0.390625
  0.92222222  0.33203125  0.52734375  0.36132812 -0.8         0.5       ]",0.7374149203033963,0,0
56,56,2024-09-26 21:12:53.562546944,TASK_BEGIN,19,-0.9550610371465628,0.0421409457971439,7.983551594323602,1.4694466336998353,4.072018121609489,-0.2528810832289434,5.930597189957505,-1.564048092177702,0,2024-09-26 21:12:54.423537109,1727385174.423538,2024-09-26 21:12:54.423537920,0,0.0,0.1,10.330217481105526,[0.95087438 0.04912562],[0.95087438 0.04912562],"[0.17222222 0.1953125  0.390625   0.67222222 0.33203125 0.52734375
 1.         0.         1.         0.31445312 0.7        0.        ]",0.6456610631236002,0,0
57,57,2024-09-26 21:12:53.629328896,TASK_BEGIN,19,-0.9812472250202736,0.0425790722160871,7.94948522917664,1.4629273392944024,4.1157205224922295,-0.2713472652508565,6.628273260139629,-1.706304800792868,0,2024-09-26 21:12:54.573540039,1727385174.5735402,2024-09-26 21:12:54.573540096,0,0.0,0.1,11.21140969169921,[0.99604575 0.00395425],[0.99604575 0.00395425],"[ 0.13055556  0.1953125   0.390625    0.63055556  0.33203125  0.52734375
  1.          0.          1.          0.30078125 -0.7         0.46666667]",0.4272109687270146,0,0
58,58,2024-09-26 21:12:53.696141056,TASK_BEGIN,19,-0.9874964344049426,0.0387766841688486,7.856586381353487,1.4556064123415025,4.1570086497490495,-0.2893750279048461,7.379435043732972,-1.848445995081214,0,2024-09-26 21:12:54.573540039,1727385174.5735402,2024-09-26 21:12:54.573540096,0,0.0,0.1,11.21140969169921,[0.99604575 0.00395425],[0.99604575 0.00395425],"[ 0.13055556  0.1953125   0.390625    0.63055556  0.33203125  0.52734375
  1.          0.          1.          0.30078125 -0.7         0.46666667]",0.4272109687270146,0,0
59,59,2024-09-26 21:12:53.762949888,TASK_BEGIN,19,-0.975042926642896,0.0310932923917023,7.700730803671317,1.448137916779719,4.194945744584443,-0.3065276715852963,8.169353172616901,-1.986837027259116,0,2024-09-26 21:12:54.623539062,1727385174.6235397,2024-09-26 21:12:54.623539712,0,0.0,0.1,11.199295594782217,[9.99835099e-01 1.64900894e-04],[9.99835099e-01 1.64900894e-04],"[ 0.11666667  0.1953125   0.390625    0.61666667  0.33203125  0.52734375
  1.          0.          1.          0.2890625  -0.6         0.43333333]",0.40019034518585755,0,0
60,60,2024-09-26 21:12:53.829731072,TASK_BEGIN,19,-0.9460579285729804,0.0201196334800752,7.483370747025784,1.4407235196027346,4.228290482457261,-0.3223626217400737,8.985650564362253,-2.1185293323533414,0,2024-09-26 21:12:55.227655029,1727385175.2276554,2024-09-26 21:12:55.227655424,0,0.0,0.1,11.063037471930748,[9.99999979e-01 2.12906041e-08],[9.99999979e-01 2.12906041e-08],"[-0.05        0.1953125   0.390625    0.45        0.33203125  0.52734375
  1.          0.          1.          0.30078125  0.6         0.03333333]",0.4360974363626209,0,0
61,61,2024-09-26 21:12:53.896530944,TASK_BEGIN,19,-0.9034321208235832,0.0066356385205772,7.210959527437629,1.4331544696081464,4.255626618234832,-0.3364639533786481,9.816362160667204,-2.2409992875681763,0,2024-09-26 21:12:55.277654053,1727385175.277655,2024-09-26 21:12:55.277654784,0,0.0,0.1,11.052407097211441,[9.99999990e-01 1.03012483e-08],[9.99999990e-01 1.03012483e-08],"[-0.06388889  0.1953125   0.390625    0.43611111  0.33203125  0.52734375
  1.          0.          1.          0.31445312  0.7         0.        ]",0.5133547556501118,0,0
62,62,2024-09-26 21:12:53.963322880,TASK_BEGIN,19,-0.8505494363487601,-0.0084350720135414,6.894208262395123,1.42486524595839,4.275551079564969,-0.3484760096143351,10.647782177579977,-2.3518181545912515,0,2024-09-26 21:12:55.277654053,1727385175.277655,2024-09-26 21:12:55.277654784,0,0.0,0.1,11.052407097211441,[9.99999990e-01 1.03012483e-08],[9.99999990e-01 1.03012483e-08],"[-0.06388889  0.1953125   0.390625    0.43611111  0.33203125  0.52734375
  1.          0.          1.          0.31445312  0.7         0.        ]",0.5133547556501118,0,0
63,63,2024-09-26 21:12:54.876946944,TASK_BEGIN,19,-0.7910356852909883,-0.0240780755444541,6.547366947845045,1.4150144206841624,4.286853463571398,-0.3581336273352463,11.462993166231584,-2.4484059943605527,0,2024-09-26 21:12:56.285564941,1727385176.2855651,2024-09-26 21:12:56.285565184,0,0.0,0.1,10.86077106598579,[9.99992111e-01 7.88926259e-06],[9.99992111e-01 7.88926259e-06],"[0.15833333 0.33203125 0.52734375 0.72777778 0.25390625 0.44921875
 1.         0.         1.         0.40625    0.3        0.13333333]",0.3576557682349236,0,0
64,64,2024-09-26 21:12:54.954116864,TASK_BEGIN,19,-0.7284769770110263,-0.0392514873469951,6.187247059523394,1.4026225962264212,4.288620628164012,-0.3652840149862058,12.241561837589684,-2.527981123934294,0,2024-09-26 21:12:56.385591064,1727385176.3855917,2024-09-26 21:12:56.385591808,0,0.0,0.1,11.734641721772674,[0.99726531 0.00273469],[0.99726531 0.00273469],"[0.13055556 0.33203125 0.52734375 0.7        0.25390625 0.44921875
 1.         0.         1.         0.42382812 0.5        0.06666667]",0.5247696130406838,0,0
65,65,2024-09-26 21:12:55.020899840,TASK_BEGIN,19,-0.6661291907990919,-0.0529602934044827,5.831628384076684,1.38677252761331,4.280268013067698,-0.3698949899490115,12.960479561645418,-2.58775070263682,0,2024-09-26 21:12:56.385591064,1727385176.3855917,2024-09-26 21:12:56.385591808,0,0.0,0.1,11.734641721772674,[0.99726531 0.00273469],[0.99726531 0.00273469],"[0.13055556 0.33203125 0.52734375 0.7        0.25390625 0.44921875
 1.         0.         1.         0.42382812 0.5        0.06666667]",0.5247696130406838,0,0
66,66,2024-09-26 21:12:55.087702016,TASK_BEGIN,19,-0.606672095277614,-0.064338507172299,5.4972686800392,1.3668086750792638,4.261569208698172,-0.3720505934791555,13.596096960531614,-2.625294543552633,0,2024-09-26 21:12:56.385591064,1727385176.3855917,2024-09-26 21:12:56.385591808,0,0.0,0.1,11.734641721772674,[0.99726531 0.00273469],[0.99726531 0.00273469],"[0.13055556 0.33203125 0.52734375 0.7        0.25390625 0.44921875
 1.         0.         1.         0.42382812 0.5        0.06666667]",0.5247696130406838,0,0
67,67,2024-09-26 21:12:55.154496768,TASK_BEGIN,19,-0.5520722879397616,-0.0727301130307357,5.1982674719842645,1.3424403375010343,4.232712951905726,-0.371935576048498,14.12658813921822,-2.6390180315665144,0,2024-09-26 21:12:56.385591064,1727385176.3855917,2024-09-26 21:12:56.385591808,0,0.0,0.1,11.734641721772674,[0.99726531 0.00273469],[0.99726531 0.00273469],"[0.13055556 0.33203125 0.52734375 0.7        0.25390625 0.44921875
 1.         0.         1.         0.42382812 0.5        0.06666667]",0.5247696130406838,0,0
68,68,2024-09-26 21:12:55.215738112,TASK_BEGIN,19,-0.503570473413938,-0.0777527060445995,4.9453249068347365,1.3137287160094615,4.194322517618714,-0.3698061458270501,14.534322603806393,-2.628520704633437,0,2024-09-26 21:12:56.385591064,1727385176.3855917,2024-09-26 21:12:56.385591808,0,0.0,0.1,11.734641721772674,[0.99726531 0.00273469],[0.99726531 0.00273469],"[0.13055556 0.33203125 0.52734375 0.7        0.25390625 0.44921875
 1.         0.         1.         0.42382812 0.5        0.06666667]",0.5247696130406838,0,0
69,69,2024-09-26 21:12:55.278646016,TASK_BEGIN,19,-0.4617362302366663,-0.0793277370920494,4.745814700028742,1.281049953754966,4.147376474528936,-0.3659521342406479,14.80751335473267,-2.5947585623685594,0,2024-09-26 21:12:56.385591064,1727385176.3855917,2024-09-26 21:12:56.385591808,0,0.0,0.1,11.734641721772674,[0.99726531 0.00273469],[0.99726531 0.00273469],"[0.13055556 0.33203125 0.52734375 0.7        0.25390625 0.44921875
 1.         0.         1.         0.42382812 0.5        0.06666667]",0.5247696130406838,0,0
70,70,2024-09-26 21:12:56.236389888,TASK_BEGIN,19,-0.4265220758609424,-0.0776726801719022,4.604258536785195,1.2451216440106336,4.093068356693841,-0.3606678329168049,14.940908366023251,-2.5399842040565046,0,2024-09-26 21:12:57.348281982,1727385177.3482826,2024-09-26 21:12:57.348282624,0,1.0,0.1,11.433106564124714,[0.06667036 0.93332964],[0.06667036 0.93332964],"[-0.13333333  0.33203125  0.52734375  0.43611111  0.25390625  0.44921875
  0.93611111  0.25390625  0.44921875  0.38867188 -0.8         0.5       ]",0.6583183356021163,0,0
71,71,2024-09-26 21:12:56.292921088,TASK_BEGIN,19,-0.3973016644745354,-0.0732625719324946,4.522858987777766,1.2070653695358118,4.032696904083926,-0.3542441842080034,14.93583989924023,-2.467549361338064,0,2024-09-26 21:12:57.348281982,1727385177.3482826,2024-09-26 21:12:57.348282624,0,1.0,0.1,11.433106564124714,[0.06667036 0.93332964],[0.06667036 0.93332964],"[-0.13333333  0.33203125  0.52734375  0.43611111  0.25390625  0.44921875
  0.93611111  0.25390625  0.44921875  0.38867188 -0.8         0.5       ]",0.6583183356021163,0,0
72,72,2024-09-26 21:12:56.355407104,TASK_BEGIN,19,-0.3729163034462213,-0.0667708659374273,4.5019469951114495,1.1684152257995883,3.9676134034549055,-0.3469761054328663,14.799956429246334,-2.3816431269420835,0,2024-09-26 21:12:57.348281982,1727385177.3482826,2024-09-26 21:12:57.348282624,0,1.0,0.1,11.433106564124714,[0.06667036 0.93332964],[0.06667036 0.93332964],"[-0.13333333  0.33203125  0.52734375  0.43611111  0.25390625  0.44921875
  0.93611111  0.25390625  0.44921875  0.38867188 -0.8         0.5       ]",0.6583183356021163,0,0
73,73,2024-09-26 21:12:56.436752896,TASK_BEGIN,19,-0.3517514394665867,-0.0589967766610893,4.540287547988221,1.1310395389323886,3.899169984661962,-0.339168182376436,14.54657314382153,-2.286980919297722,0,2024-09-26 21:12:57.348281982,1727385177.3482826,2024-09-26 21:12:57.348282624,0,1.0,0.1,11.433106564124714,[0.06667036 0.93332964],[0.06667036 0.93332964],"[-0.13333333  0.33203125  0.52734375  0.43611111  0.25390625  0.44921875
  0.93611111  0.25390625  0.44921875  0.38867188 -0.8         0.5       ]",0.6583183356021163,0,0
74,74,2024-09-26 21:12:56.503535872,TASK_BEGIN,19,-0.3318607044472618,-0.0507865355206754,4.635189755993869,1.0970078689223617,3.8286502498308304,-0.3311331956950925,14.193595661422696,-2.188474618664235,0,2024-09-26 21:12:57.348281982,1727385177.3482826,2024-09-26 21:12:57.348282624,0,1.0,0.1,11.433106564124714,[0.06667036 0.93332964],[0.06667036 0.93332964],"[-0.13333333  0.33203125  0.52734375  0.43611111  0.25390625  0.44921875
  0.93611111  0.25390625  0.44921875  0.38867188 -0.8         0.5       ]",0.6583183356021163,0,0
75,75,2024-09-26 21:12:56.570336256,TASK_BEGIN,19,-0.3111605983665518,-0.042958342753947,4.782485918051359,1.0684334707711418,3.757243428786923,-0.323193517361421,13.76226500534513,-2.0909464370480606,0,2024-09-26 21:12:57.603279053,1727385177.6032794,2024-09-26 21:12:57.603279360,0,0.0,0.1,11.362870082928978,[9.99986730e-01 1.32698798e-05],[9.99986730e-01 1.32698798e-05],"[ 0.36666667  0.25390625  0.44921875  0.86666667  0.25390625  0.44921875
  1.          0.          1.          0.32226562 -0.5         0.4       ]",0.3253527113779939,0,0
76,76,2024-09-26 21:12:56.637114880,TASK_BEGIN,19,-0.2877050871510004,-0.036238567955681,4.976534179745577,1.0473074594168463,3.686083260911151,-0.3156901297103521,13.275959808663536,-1.998915981083599,0,2024-09-26 21:12:58.059494873,1727385178.0594957,2024-09-26 21:12:58.059495680,0,0.0,0.1,11.245005326835077,[9.99999919e-01 8.13910566e-08],[9.99999919e-01 8.13910566e-08],"[0.24166667 0.25390625 0.44921875 0.74166667 0.25390625 0.44921875
 1.         0.         1.         0.32226562 0.4        0.1       ]",0.3364776174442321,0,0
77,77,2024-09-26 21:12:57.586295040,TASK_BEGIN,19,-0.2600006555600127,-0.0312100787553131,5.210208145625152,1.0353453463826985,3.61628912856322,-0.3089881999114544,12.759181284947,-1.9164523151714643,0,2024-09-26 21:12:59.014483887,1727385179.0144842,2024-09-26 21:12:59.014484224,0,0.0,0.1,11.826330722083815,[9.99625670e-01 3.74329628e-04],[9.99625670e-01 3.74329628e-04],"[-0.02222222  0.25390625  0.44921875  0.47777778  0.25390625  0.44921875
  0.97777778  0.33203125  0.52734375  0.34179688  0.7         0.        ]",0.45488435374097624,0,0
78,78,2024-09-26 21:12:57.642955008,TASK_BEGIN,19,-0.2272683027027466,-0.0282723288908503,5.474725848038341,1.0338586240592404,3.5489713807398693,-0.3034700653346207,12.236773199966676,-1.847078167225024,0,2024-09-26 21:12:59.064488037,1727385179.0644886,2024-09-26 21:12:59.064488704,0,0.0,0.1,11.808067414862977,[0.99557918 0.00442082],[0.99557918 0.00442082],"[-0.03611111  0.25390625  0.44921875  0.46388889  0.25390625  0.44921875
  0.96388889  0.33203125  0.52734375  0.35742188  0.8        -0.03333333]",0.49774399259389634,0,0
79,79,2024-09-26 21:12:57.720071936,TASK_BEGIN,19,-0.1895669089421127,-0.02761869049051,5.759520779245538,1.0436339255275795,3.4852382956109422,-0.299521482084489,11.733157620828765,-1.793700218124875,0,2024-09-26 21:12:59.114489014,1727385179.114489,2024-09-26 21:12:59.114489088,0,0.0,0.1,11.789986740714347,[0.98403088 0.01596912],[0.98403088 0.01596912],"[-0.05        0.25390625  0.44921875  0.45        0.25390625  0.44921875
  0.95        0.33203125  0.52734375  0.375       0.9        -0.06666667]",0.5266115509095953,0,0
80,80,2024-09-26 21:12:57.782316800,TASK_BEGIN,19,-0.1477681278591376,-0.0292352611346631,6.052639110406111,1.0647832284561043,3.4262457834983886,-0.2975178016423982,11.271192808662828,-1.7585250119249571,0,2024-09-26 21:12:59.114489014,1727385179.114489,2024-09-26 21:12:59.114489088,0,0.0,0.1,11.789986740714347,[0.98403088 0.01596912],[0.98403088 0.01596912],"[-0.05        0.25390625  0.44921875  0.45        0.25390625  0.44921875
  0.95        0.33203125  0.52734375  0.375       0.9        -0.06666667]",0.5266115509095953,0,0
81,81,2024-09-26 21:12:57.844080128,TASK_BEGIN,19,-0.1034353563885061,-0.0329146150184115,6.341791753107511,1.0965663719575698,3.3732659969343803,-0.2978045938413085,10.870615170848348,-1.7429473605903132,0,2024-09-26 21:12:59.114489014,1727385179.114489,2024-09-26 21:12:59.114489088,0,0.0,0.1,11.789986740714347,[0.98403088 0.01596912],[0.98403088 0.01596912],"[-0.05        0.25390625  0.44921875  0.45        0.25390625  0.44921875
  0.95        0.33203125  0.52734375  0.375       0.9        -0.06666667]",0.5266115509095953,0,0
82,82,2024-09-26 21:12:57.920376832,TASK_BEGIN,19,-0.0586573264683072,-0.03827694290615,6.615660016488447,1.1372642966043858,3.327703915267595,-0.3006668278631385,10.546527972156586,-1.7474418744036049,0,2024-09-26 21:12:59.364489990,1727385179.3644907,2024-09-26 21:12:59.364490752,0,1.0,0.1,11.702259579872274,[0.0126421 0.9873579],[0.0126421 0.9873579],"[-0.11944444  0.25390625  0.44921875  0.38055556  0.25390625  0.44921875
  0.88055556  0.33203125  0.52734375  0.3671875  -0.8         0.5       ]",0.7607561493979922,0,0
83,83,2024-09-26 21:12:57.984054272,TASK_BEGIN,19,-0.0158481895141225,-0.0448028314346413,6.865026232698999,1.1842026124686378,3.291001150514229,-0.3062896286633924,10.308353473706031,-1.771481056012491,0,2024-09-26 21:12:59.414494141,1727385179.4144943,2024-09-26 21:12:59.414494208,0,1.0,0.1,11.685236984073551,[0.00841742 0.99158258],[0.00841742 0.99158258],"[-0.13333333  0.25390625  0.44921875  0.36666667  0.25390625  0.44921875
  0.86666667  0.33203125  0.52734375  0.3515625  -0.8         0.5       ]",0.8385504392922183,0,0
84,84,2024-09-26 21:12:58.936636928,TASK_BEGIN,19,0.02248966495985,-0.0518855120308061,7.083617533954646,1.2339542253834317,3.2644092207785107,-0.3147152116647971,10.159230217066408,-1.8134644945301044,0,2024-09-26 21:13:00.320244141,1727385180.3202443,2024-09-26 21:13:00.320244224,0,0.0,0.1,12.288443454514017,[0.97240131 0.02759869],[0.97240131 0.02759869],"[ 0.11666667  0.25390625  0.44921875  0.61666667  0.33203125  0.52734375
  1.          0.          1.          0.36914062  0.9        -0.06666667]",0.6990047032645924,0,0
85,85,2024-09-26 21:12:59.003408896,TASK_BEGIN,19,0.0540147094250697,-0.0588987187328666,7.268691629449844,1.2826678576988118,3.2486935375620263,-0.3258070469181752,10.095694351630042,-1.870657933608676,0,2024-09-26 21:13:00.320244141,1727385180.3202443,2024-09-26 21:13:00.320244224,0,0.0,0.1,12.288443454514017,[0.97240131 0.02759869],[0.97240131 0.02759869],"[ 0.11666667  0.25390625  0.44921875  0.61666667  0.33203125  0.52734375
  1.          0.          1.          0.36914062  0.9        -0.06666667]",0.6990047032645924,0,0
86,86,2024-09-26 21:12:59.070203136,TASK_BEGIN,19,0.0767530171482431,-0.0652631053125692,7.421320461913042,1.3264385702901755,3.243902788188368,-0.3392453258161386,10.107730480789844,-1.9392027833532788,0,2024-09-26 21:13:00.320244141,1727385180.3202443,2024-09-26 21:13:00.320244224,0,0.0,0.1,12.288443454514017,[0.97240131 0.02759869],[0.97240131 0.02759869],"[ 0.11666667  0.25390625  0.44921875  0.61666667  0.33203125  0.52734375
  1.          0.          1.          0.36914062  0.9        -0.06666667]",0.6990047032645924,0,0
87,87,2024-09-26 21:12:59.136451840,TASK_BEGIN,19,0.0892276172591775,-0.0704940212671624,7.546243044795855,1.3616489003213657,3.2492973440254724,-0.3545660909248977,10.179405930817309,-2.0142636690899387,0,2024-09-26 21:13:00.320244141,1727385180.3202443,2024-09-26 21:13:00.320244224,0,0.0,0.1,12.288443454514017,[0.97240131 0.02759869],[0.97240131 0.02759869],"[ 0.11666667  0.25390625  0.44921875  0.61666667  0.33203125  0.52734375
  1.          0.          1.          0.36914062  0.9        -0.06666667]",0.6990047032645924,0,0
88,88,2024-09-26 21:12:59.203385088,TASK_BEGIN,19,0.0905337711885839,-0.0742295745614266,7.651106893210532,1.3852486788681275,3.263423762029527,-0.3712260770679668,10.290010768224391,-2.090302884107645,0,2024-09-26 21:13:00.320244141,1727385180.3202443,2024-09-26 21:13:00.320244224,0,0.0,0.1,12.288443454514017,[0.97240131 0.02759869],[0.97240131 0.02759869],"[ 0.11666667  0.25390625  0.44921875  0.61666667  0.33203125  0.52734375
  1.          0.          1.          0.36914062  0.9        -0.06666667]",0.6990047032645924,0,0
89,89,2024-09-26 21:12:59.270540032,TASK_BEGIN,19,0.0804118770821416,-0.0762516473559286,7.745074527548594,1.3949719593921692,3.284298201616585,-0.3886691952183423,10.415416569044586,-2.161425934056749,0,2024-09-26 21:13:00.320244141,1727385180.3202443,2024-09-26 21:13:00.320244224,0,0.0,0.1,12.288443454514017,[0.97240131 0.02759869],[0.97240131 0.02759869],"[ 0.11666667  0.25390625  0.44921875  0.61666667  0.33203125  0.52734375
  1.          0.          1.          0.36914062  0.9        -0.06666667]",0.6990047032645924,0,0
90,90,2024-09-26 21:12:59.333218048,TASK_BEGIN,19,0.0593130799564654,-0.0765035471693519,7.837190888777622,1.3894805332249005,3.3096886536143195,-0.4063861025998961,10.529756556376771,-2.221806733735678,0,2024-09-26 21:13:00.320244141,1727385180.3202443,2024-09-26 21:13:00.320244224,0,0.0,0.1,12.288443454514017,[0.97240131 0.02759869],[0.97240131 0.02759869],"[ 0.11666667  0.25390625  0.44921875  0.61666667  0.33203125  0.52734375
  1.          0.          1.          0.36914062  0.9        -0.06666667]",0.6990047032645924,0,0
91,91,2024-09-26 21:13:00.284499968,TASK_BEGIN,19,0.0283805880457154,-0.0750912791118536,7.935104680806102,1.3684109249468983,3.3374525049957797,-0.4239620572287849,10.607799875025872,-2.2662296695222297,0,2024-09-26 21:13:01.475523926,1727385181.4755242,2024-09-26 21:13:01.475524096,0,1.0,0.1,11.816141412813147,[3.70605575e-04 9.99629394e-01],[3.70605575e-04 9.99629394e-01],"[ 0.29722222  0.33203125  0.52734375  0.86666667  0.21484375  0.41015625
  1.          0.          1.          0.44921875 -0.8         0.5       ]",0.8527689702125661,0,0
92,92,2024-09-26 21:13:00.353465088,TASK_BEGIN,19,-0.0107021189326194,-0.0722583313993422,8.044407636887646,1.3323315123538784,3.365824211079393,-0.4411019714265983,10.627783248196389,-2.290659252667619,0,2024-09-26 21:13:01.475523926,1727385181.4755242,2024-09-26 21:13:01.475524096,0,1.0,0.1,11.816141412813147,[3.70605575e-04 9.99629394e-01],[3.70605575e-04 9.99629394e-01],"[ 0.29722222  0.33203125  0.52734375  0.86666667  0.21484375  0.41015625
  1.          0.          1.          0.44921875 -0.8         0.5       ]",0.8527689702125661,0,0
93,93,2024-09-26 21:13:00.408651008,TASK_BEGIN,19,-0.05594160888418,-0.0683413049575096,8.168416277751636,1.2826612549681478,3.393568404067181,-0.4576272167084012,10.573753360372669,-2.2926249374798213,0,2024-09-26 21:13:01.475523926,1727385181.4755242,2024-09-26 21:13:01.475524096,0,1.0,0.1,11.816141412813147,[3.70605575e-04 9.99629394e-01],[3.70605575e-04 9.99629394e-01],"[ 0.29722222  0.33203125  0.52734375  0.86666667  0.21484375  0.41015625
  1.          0.          1.          0.44921875 -0.8         0.5       ]",0.8527689702125661,0,0
94,94,2024-09-26 21:13:00.487068928,TASK_BEGIN,19,-0.1052328365352218,-0.0637239304985229,8.308190823327699,1.2215838119365248,3.4200279408710457,-0.4734579861930489,10.436661216540816,-2.2712896217309444,0,2024-09-26 21:13:01.475523926,1727385181.4755242,2024-09-26 21:13:01.475524096,0,1.0,0.1,11.816141412813147,[3.70605575e-04 9.99629394e-01],[3.70605575e-04 9.99629394e-01],"[ 0.29722222  0.33203125  0.52734375  0.86666667  0.21484375  0.41015625
  1.          0.          1.          0.44921875 -0.8         0.5       ]",0.8527689702125661,0,0
95,95,2024-09-26 21:13:00.547404032,TASK_BEGIN,19,-0.1564585914214923,-0.0588027482846747,8.462861794606159,1.151916529603346,3.4451722964153384,-0.4886066409972444,10.214316504950617,-2.2272901550118767,0,2024-09-26 21:13:01.475523926,1727385181.4755242,2024-09-26 21:13:01.475524096,0,1.0,0.1,11.816141412813147,[3.70605575e-04 9.99629394e-01],[3.70605575e-04 9.99629394e-01],"[ 0.29722222  0.33203125  0.52734375  0.86666667  0.21484375  0.41015625
  1.          0.          1.          0.44921875 -0.8         0.5       ]",0.8527689702125661,0,0
96,96,2024-09-26 21:13:00.620600832,TASK_BEGIN,19,-0.2075147536215586,-0.053965123123389,8.630345852731711,1.0768843561374244,3.4696795987415885,-0.5031903879825005,9.910973997224035,-2.1625555615975247,0,2024-09-26 21:13:01.475523926,1727385181.4755242,2024-09-26 21:13:01.475524096,0,1.0,0.1,11.816141412813147,[3.70605575e-04 9.99629394e-01],[3.70605575e-04 9.99629394e-01],"[ 0.29722222  0.33203125  0.52734375  0.86666667  0.21484375  0.41015625
  1.          0.          1.          0.44921875 -0.8         0.5       ]",0.8527689702125661,0,0
97,97,2024-09-26 21:13:00.685069056,TASK_BEGIN,19,-0.2563340870679637,-0.0495724933405019,8.808151846197326,0.9998434252629594,3.494959799667551,-0.5174415728128651,9.53713342428484,-2.0802088272879384,0,2024-09-26 21:13:02.084429932,1727385182.0844307,2024-09-26 21:13:02.084430592,0,0.0,0.1,12.500800273214727,[9.99602135e-01 3.97864757e-04],[9.99602135e-01 3.97864757e-04],"[0.13055556 0.33203125 0.52734375 0.7        0.21484375 0.41015625
 1.         0.         1.         0.4140625  0.4        0.1       ]",0.43066645524211794,0,0
98,98,2024-09-26 21:13:01.611758080,TASK_BEGIN,19,-0.3009388400031591,-0.0459486707372815,8.99382075508357,0.9240522588177016,3.5230108722547246,-0.5316899593028034,9.109267229146496,-1.9844661395304943,0,2024-09-26 21:13:02.945241943,1727385182.945243,2024-09-26 21:13:02.945242880,0,1.0,0.1,12.108032568319011,[0.03546843 0.96453157],[0.03546843 0.96453157],"[-0.10555556  0.33203125  0.52734375  0.46388889  0.21484375  0.41015625
  0.96388889  0.33203125  0.52734375  0.35351562 -0.8         0.5       ]",0.7403652560984689,0,0
99,99,2024-09-26 21:13:01.678545920,TASK_BEGIN,19,-0.339485922761055,-0.0433821243746335,9.184965489329048,0.852499479795596,3.556075124944689,-0.546310909766988,8.648727410592835,-1.8803780912168395,0,2024-09-26 21:13:02.945241943,1727385182.945243,2024-09-26 21:13:02.945242880,0,1.0,0.1,12.108032568319011,[0.03546843 0.96453157],[0.03546843 0.96453157],"[-0.10555556  0.33203125  0.52734375  0.46388889  0.21484375  0.41015625
  0.96388889  0.33203125  0.52734375  0.35351562 -0.8         0.5       ]",0.7403652560984689,0,0
100,100,2024-09-26 21:13:01.745313024,TASK_BEGIN,19,-0.3702826915164138,-0.0421415841480692,9.379236652200913,0.7877132822432374,3.5961288114696828,-0.5616440218822928,8.179708610049847,-1.7733858698763736,0,2024-09-26 21:13:02.945241943,1727385182.945243,2024-09-26 21:13:02.945242880,0,1.0,0.1,12.108032568319011,[0.03546843 0.96453157],[0.03546843 0.96453157],"[-0.10555556  0.33203125  0.52734375  0.46388889  0.21484375  0.41015625
  0.96388889  0.33203125  0.52734375  0.35351562 -0.8         0.5       ]",0.7403652560984689,0,0
101,101,2024-09-26 21:13:01.812127232,TASK_BEGIN,19,-0.3918157810517564,-0.0424879228956242,9.574266335580432,0.731554034867436,3.6443136019608855,-0.5778939021945154,7.726985367898288,-1.6688266387022153,0,2024-09-26 21:13:02.945241943,1727385182.945243,2024-09-26 21:13:02.945242880,0,1.0,0.1,12.108032568319011,[0.03546843 0.96453157],[0.03546843 0.96453157],"[-0.10555556  0.33203125  0.52734375  0.46388889  0.21484375  0.41015625
  0.96388889  0.33203125  0.52734375  0.35351562 -0.8         0.5       ]",0.7403652560984689,0,0
102,102,2024-09-26 21:13:01.878690048,TASK_BEGIN,19,-0.4028307706543138,-0.0446699852551318,9.767300026997464,0.6851022967043219,3.700488883975229,-0.5950431619259203,7.314078472912697,-1.5715180609707042,0,2024-09-26 21:13:02.945241943,1727385182.945243,2024-09-26 21:13:02.945242880,0,1.0,0.1,12.108032568319011,[0.03546843 0.96453157],[0.03546843 0.96453157],"[-0.10555556  0.33203125  0.52734375  0.46388889  0.21484375  0.41015625
  0.96388889  0.33203125  0.52734375  0.35351562 -0.8         0.5       ]",0.7403652560984689,0,0
103,103,2024-09-26 21:13:01.940251904,TASK_BEGIN,19,-0.4024376215737648,-0.0489073494061938,9.954428041957897,0.6487197946509624,3.763032725691593,-0.6128104602264329,6.961851796657193,-1.4854359286794072,0,2024-09-26 21:13:02.945241943,1727385182.945243,2024-09-26 21:13:02.945242880,0,1.0,0.1,12.108032568319011,[0.03546843 0.96453157],[0.03546843 0.96453157],"[-0.10555556  0.33203125  0.52734375  0.46388889  0.21484375  0.41015625
  0.96388889  0.33203125  0.52734375  0.35351562 -0.8         0.5       ]",0.7403652560984689,0,0
104,104,2024-09-26 21:13:02.002304256,TASK_BEGIN,19,-0.390194893687099,-0.0553648920808547,10.12973602117119,0.6222324028866776,3.828893619203971,-0.6306608391563915,6.68723337090456,-1.4134683623253097,0,2024-09-26 21:13:02.945241943,1727385182.945243,2024-09-26 21:13:02.945242880,0,1.0,0.1,12.108032568319011,[0.03546843 0.96453157],[0.03546843 0.96453157],"[-0.10555556  0.33203125  0.52734375  0.46388889  0.21484375  0.41015625
  0.96388889  0.33203125  0.52734375  0.35351562 -0.8         0.5       ]",0.7403652560984689,0,0
105,105,2024-09-26 21:13:02.951646976,TASK_BEGIN,19,-0.3661520950292766,-0.0641223628285232,10.284851500984573,0.6051195818654908,3.893868470322415,-0.6478585954416198,6.501937440014126,-1.3572854789099622,0,2024-09-26 21:13:03.907375977,1727385183.907377,2024-09-26 21:13:03.907376896,0,1.0,0.1,11.74159036596871,[0.04959487 0.95040513],[0.04959487 0.95040513],"[ 0.2         0.21484375  0.41015625  0.7         0.33203125  0.52734375
  1.          0.          1.          0.32226562 -0.8         0.5       ]",0.772254535846946,0,0
106,106,2024-09-26 21:13:03.013680896,TASK_BEGIN,19,-0.3308612410176768,-0.0751470860027138,10.409236575204329,0.5966401733324476,3.953118816807482,-0.6635573341416118,6.411276276179762,-1.3173439723308265,0,2024-09-26 21:13:03.907375977,1727385183.907377,2024-09-26 21:13:03.907376896,0,1.0,0.1,11.74159036596871,[0.04959487 0.95040513],[0.04959487 0.95040513],"[ 0.2         0.21484375  0.41015625  0.7         0.33203125  0.52734375
  1.          0.          1.          0.32226562 -0.8         0.5       ]",0.772254535846946,0,0
107,107,2024-09-26 21:13:03.090369024,TASK_BEGIN,19,-0.2853795403974876,-0.0882770018480867,10.491245612151577,0.5959098488369959,4.001867651025783,-0.6769160333425035,6.413291940511275,-1.292974174459183,0,2024-09-26 21:13:04.008376953,1727385184.0083776,2024-09-26 21:13:04.008377600,0,0.0,0.1,11.706932717685932,[0.99786681 0.00213319],[0.99786681 0.00213319],"[ 0.17222222  0.21484375  0.41015625  0.67222222  0.33203125  0.52734375
  1.          0.          1.          0.296875   -0.6         0.43333333]",0.3457744963810069,0,0
108,108,2024-09-26 21:13:03.151472128,TASK_BEGIN,19,-0.2312593448045633,-0.1032149345005916,10.519606334736244,0.6019875470384756,4.036076636887991,-0.6872112914862987,6.498715867203697,-1.2825259760735104,0,2024-09-26 21:13:04.566375977,1727385184.5663767,2024-09-26 21:13:04.566376704,0,0.0,0.1,12.350447682325282,[9.99999623e-01 3.77384853e-07],[9.99999623e-01 3.77384853e-07],"[0.01944444 0.21484375 0.41015625 0.51944444 0.33203125 0.52734375
 1.         0.         1.         0.296875   0.5        0.06666667]",0.365755963580111,0,0
109,109,2024-09-26 21:13:03.228506112,TASK_BEGIN,19,-0.1704997428684124,-0.1195348658308592,10.484840110199965,0.6140004812828315,4.052884152461251,-0.6939150380348309,6.652278742957038,-1.2836150269796456,0,2024-09-26 21:13:04.616377197,1727385184.616377,2024-09-26 21:13:04.616377088,0,0.0,0.1,12.326943205502028,[9.99999813e-01 1.86842248e-07],[9.99999813e-01 1.86842248e-07],"[0.00555556 0.21484375 0.41015625 0.50555556 0.33203125 0.52734375
 1.         0.         1.         0.30859375 0.6        0.03333333]",0.40349998302183376,0,0
110,110,2024-09-26 21:13:03.290388224,TASK_BEGIN,19,-0.1054612001539688,-0.1367024325253217,10.380256331719991,0.6312868924161128,4.050737499041948,-0.6967258152710982,6.855153261091553,-1.293455171856478,0,2024-09-26 21:13:04.616377197,1727385184.616377,2024-09-26 21:13:04.616377088,0,0.0,0.1,12.326943205502028,[9.99999813e-01 1.86842248e-07],[9.99999813e-01 1.86842248e-07],"[0.00555556 0.21484375 0.41015625 0.50555556 0.33203125 0.52734375
 1.         0.         1.         0.30859375 0.6        0.03333333]",0.40349998302183376,0,0
111,111,2024-09-26 21:13:03.352433920,TASK_BEGIN,19,-0.0387751089796975,-0.1541070023924593,10.20246097970772,0.6535074703539097,4.029314738181389,-0.6955585813686146,7.087507179960695,-1.3091661331146354,0,2024-09-26 21:13:04.616377197,1727385184.616377,2024-09-26 21:13:04.616377088,0,0.0,0.1,12.326943205502028,[9.99999813e-01 1.86842248e-07],[9.99999813e-01 1.86842248e-07],"[0.00555556 0.21484375 0.41015625 0.50555556 0.33203125 0.52734375
 1.         0.         1.         0.30859375 0.6        0.03333333]",0.40349998302183376,0,0
112,112,2024-09-26 21:13:04.301189888,TASK_BEGIN,19,0.0267415143078445,-0.1710988414640614,9.951691529533178,0.6806624174073116,3.989360925562099,-0.6905068301108785,7.330329272813665,-1.327975707472867,0,2024-09-26 21:13:05.726531006,1727385185.7265313,2024-09-26 21:13:05.726531328,0,0.0,0.1,11.865348853650458,[0.9986469 0.0013531],[0.9986469 0.0013531],"[0.2        0.33203125 0.52734375 0.7        0.29296875 0.48828125
 1.         0.         1.         0.421875   0.4        0.1       ]",0.49279550552724316,0,0
113,113,2024-09-26 21:13:04.363677952,TASK_BEGIN,19,0.0881945959042366,-0.1870282428372606,9.63237770341205,0.7129611583756785,3.9325058022331327,-0.6817960558987994,7.566612190039688,-1.3473682933611624,0,2024-09-26 21:13:05.776547852,1727385185.7765486,2024-09-26 21:13:05.776548608,0,0.0,0.1,11.846695365113954,[0.98262166 0.01737834],[0.98262166 0.01737834],"[0.18611111 0.33203125 0.52734375 0.68611111 0.29296875 0.48828125
 1.         0.         1.         0.43164062 0.5        0.06666667]",0.6130620772759894,0,0
114,114,2024-09-26 21:13:04.444903936,TASK_BEGIN,19,0.1427643615525526,-0.2012850768915783,9.253909570934534,0.7505524113025628,3.8611006087281514,-0.6697492652677987,7.782464000294091,-1.3652932002080274,0,2024-09-26 21:13:05.776547852,1727385185.7765486,2024-09-26 21:13:05.776548608,0,0.0,0.1,11.846695365113954,[0.98262166 0.01737834],[0.98262166 0.01737834],"[0.18611111 0.33203125 0.52734375 0.68611111 0.29296875 0.48828125
 1.         0.         1.         0.43164062 0.5        0.06666667]",0.6130620772759894,0,0
115,115,2024-09-26 21:13:04.502843904,TASK_BEGIN,19,0.1878695630284929,-0.2133323409532313,8.830984067491913,0.793221451439986,3.778096776089946,-0.6547777299743169,7.96848773794413,-1.3804693057722472,0,2024-09-26 21:13:05.776547852,1727385185.7765486,2024-09-26 21:13:05.776548608,0,0.0,0.1,11.846695365113954,[0.98262166 0.01737834],[0.98262166 0.01737834],"[0.18611111 0.33203125 0.52734375 0.68611111 0.29296875 0.48828125
 1.         0.         1.         0.43164062 0.5        0.06666667]",0.6130620772759894,0,0
116,116,2024-09-26 21:13:04.564471040,TASK_BEGIN,19,0.2212901672581568,-0.2227271861070069,8.38274976307736,0.8402188790207832,3.6869337440464354,-0.6373897948365013,8.121429033306514,-1.3927156358004582,0,2024-09-26 21:13:05.776547852,1727385185.7765486,2024-09-26 21:13:05.776548608,0,0.0,0.1,11.846695365113954,[0.98262166 0.01737834],[0.98262166 0.01737834],"[0.18611111 0.33203125 0.52734375 0.68611111 0.29296875 0.48828125
 1.         0.         1.         0.43164062 0.5        0.06666667]",0.6130620772759894,0,0
117,117,2024-09-26 21:13:04.645256192,TASK_BEGIN,19,0.2412363974144385,-0.2291316241384063,7.930635062394304,0.8903001531186717,3.5913791160985595,-0.618192858456987,8.2456088680336,-1.4031634781112954,0,2024-09-26 21:13:05.776547852,1727385185.7765486,2024-09-26 21:13:05.776548608,0,0.0,0.1,11.846695365113954,[0.98262166 0.01737834],[0.98262166 0.01737834],"[0.18611111 0.33203125 0.52734375 0.68611111 0.29296875 0.48828125
 1.         0.         1.         0.43164062 0.5        0.06666667]",0.6130620772759894,0,0
118,118,2024-09-26 21:13:04.712062976,TASK_BEGIN,19,0.2464200706093327,-0.2323218836472723,7.495587570526338,0.94189711646512,3.495323353332536,-0.5978712786197016,8.353062149548556,-1.41417668603094,0,2024-09-26 21:13:05.776547852,1727385185.7765486,2024-09-26 21:13:05.776548608,0,0.0,0.1,11.846695365113954,[0.98262166 0.01737834],[0.98262166 0.01737834],"[0.18611111 0.33203125 0.52734375 0.68611111 0.29296875 0.48828125
 1.         0.         1.         0.43164062 0.5        0.06666667]",0.6130620772759894,0,0
119,119,2024-09-26 21:13:05.631279104,TASK_BEGIN,19,0.2361902441993022,-0.2322040141166397,7.095603930452075,0.9932948420468588,3.4025802894650186,-0.5771476933809574,8.46166449626574,-1.4289155406886984,0,2024-09-26 21:13:06.737237061,1727385186.7372377,2024-09-26 21:13:06.737237760,0,0.0,0.1,12.291993762425134,[0.9933403 0.0066597],[0.9933403 0.0066597],"[-0.07777778  0.33203125  0.52734375  0.42222222  0.29296875  0.48828125
  0.99166667  0.25390625  0.44921875  0.4609375   0.9        -0.06666667]",0.8358972607838446,0,0
120,120,2024-09-26 21:13:05.702522880,TASK_BEGIN,19,0.2107228717213796,-0.2288344699274658,6.744050497193214,1.042762051680777,3.316711393512183,-0.556743794988827,8.591743550122203,-1.450677594063329,0,2024-09-26 21:13:06.737237061,1727385186.7372377,2024-09-26 21:13:06.737237760,0,0.0,0.1,12.291993762425134,[0.9933403 0.0066597],[0.9933403 0.0066597],"[-0.07777778  0.33203125  0.52734375  0.42222222  0.29296875  0.48828125
  0.99166667  0.25390625  0.44921875  0.4609375   0.9        -0.06666667]",0.8358972607838446,0,0
121,121,2024-09-26 21:13:05.754877952,TASK_BEGIN,19,0.1711750722719985,-0.2224323051582099,6.448901777881464,1.0886661384818952,3.240834942630093,-0.5373421683961077,8.762218167017505,-1.482227056894364,0,2024-09-26 21:13:06.737237061,1727385186.7372377,2024-09-26 21:13:06.737237760,0,0.0,0.1,12.291993762425134,[0.9933403 0.0066597],[0.9933403 0.0066597],"[-0.07777778  0.33203125  0.52734375  0.42222222  0.29296875  0.48828125
  0.99166667  0.25390625  0.44921875  0.4609375   0.9        -0.06666667]",0.8358972607838446,0,0
122,122,2024-09-26 21:13:05.832040960,TASK_BEGIN,19,0.1196946098578448,-0.2133665766977568,6.212818806056117,1.1296109623569484,3.1773942943866604,-0.5195433793522506,8.9870625240309,-1.5252612374497336,0,2024-09-26 21:13:06.737237061,1727385186.7372377,2024-09-26 21:13:06.737237760,0,0.0,0.1,12.291993762425134,[0.9933403 0.0066597],[0.9933403 0.0066597],"[-0.07777778  0.33203125  0.52734375  0.42222222  0.29296875  0.48828125
  0.99166667  0.25390625  0.44921875  0.4609375   0.9        -0.06666667]",0.8358972607838446,0,0
123,123,2024-09-26 21:13:05.902861056,TASK_BEGIN,19,0.0592347208660192,-0.2021153038923499,6.034028502539044,1.164549020166989,3.127944166504484,-0.5038253559543387,9.272710115704465,-1.5800858910428004,0,2024-09-26 21:13:06.942239014,1727385186.9422393,2024-09-26 21:13:06.942239232,0,1.0,0.1,12.20168006313047,[0.04945364 0.95054636],[0.04945364 0.95054636],"[-0.13333333  0.33203125  0.52734375  0.36666667  0.29296875  0.48828125
  0.93611111  0.25390625  0.44921875  0.3984375  -0.8         0.5       ]",0.7463522614939269,0,0
124,124,2024-09-26 21:13:05.959512832,TASK_BEGIN,19,-0.0067747032731391,-0.1892090300190158,5.907988107672727,1.1927653582083146,3.093069466927304,-0.4905212814931531,9.616848043973,-1.6455221186302589,0,2024-09-26 21:13:06.942239014,1727385186.9422393,2024-09-26 21:13:06.942239232,0,1.0,0.1,12.20168006313047,[0.04945364 0.95054636],[0.04945364 0.95054636],"[-0.13333333  0.33203125  0.52734375  0.36666667  0.29296875  0.48828125
  0.93611111  0.25390625  0.44921875  0.3984375  -0.8         0.5       ]",0.7463522614939269,0,0
125,125,2024-09-26 21:13:06.036435968,TASK_BEGIN,19,-0.0747984005684853,-0.1751766219921836,5.829388351426496,1.2137485297376032,3.0724888099658902,-0.4798218637781941,10.008634371159284,-1.7190300262100149,0,2024-09-26 21:13:06.942239014,1727385186.9422393,2024-09-26 21:13:06.942239232,0,1.0,0.1,12.20168006313047,[0.04945364 0.95054636],[0.04945364 0.95054636],"[-0.13333333  0.33203125  0.52734375  0.36666667  0.29296875  0.48828125
  0.93611111  0.25390625  0.44921875  0.3984375  -0.8         0.5       ]",0.7463522614939269,0,0
126,126,2024-09-26 21:13:06.977891840,TASK_BEGIN,19,-0.1415464172116094,-0.1605017291373041,5.793543030014008,1.2271213254586486,3.065269527781032,-0.4717928150065236,10.429963927222149,-1.7969927249272388,0,2024-09-26 21:13:07.953031981,1727385187.9530323,2024-09-26 21:13:07.953032192,0,0.0,0.1,12.665305807003913,[0.99847464 0.00152536],[0.99847464 0.00152536],"[ 0.08888889  0.29296875  0.48828125  0.65833333  0.25390625  0.44921875
  1.          0.          1.          0.35742188 -0.6         0.43333333]",0.3354791555679513,0,0
127,127,2024-09-26 21:13:07.039912192,TASK_BEGIN,19,-0.2042896663120643,-0.1455878654127024,5.79648614229118,1.2327540076922257,3.0700312306372264,-0.4663934739786081,10.85738300042509,-1.875077550039109,0,2024-09-26 21:13:07.953031981,1727385187.9530323,2024-09-26 21:13:07.953032192,0,0.0,0.1,12.665305807003913,[0.99847464 0.00152536],[0.99847464 0.00152536],"[ 0.08888889  0.29296875  0.48828125  0.65833333  0.25390625  0.44921875
  1.          0.          1.          0.35742188 -0.6         0.43333333]",0.3354791555679513,0,0
128,128,2024-09-26 21:13:07.119425024,TASK_BEGIN,19,-0.2611125875908656,-0.1307317388167754,5.834049015342788,1.230980549696295,3.085071741601213,-0.4634873705281933,11.264512434052214,-1.9486261855083769,0,2024-09-26 21:13:08.513991211,1727385188.5139916,2024-09-26 21:13:08.513991680,0,0.0,0.1,12.386350248308498,[9.99999632e-01 3.68435029e-07],[9.99999632e-01 3.68435029e-07],"[-0.06388889  0.29296875  0.48828125  0.50555556  0.25390625  0.44921875
  1.          0.          1.          0.35742188  0.5         0.06666667]",0.34963025727184266,0,0
129,129,2024-09-26 21:13:07.179753984,TASK_BEGIN,19,-0.3110347477708535,-0.1161149700941476,5.90078467610871,1.222745739942794,3.1084305943538952,-0.4628469921396691,11.624773906161408,-2.013064313640589,0,2024-09-26 21:13:08.564990967,1727385188.5649917,2024-09-26 21:13:08.564991744,0,0.0,0.1,12.362486745825413,[9.99998431e-01 1.56911399e-06],[9.99998431e-01 1.56911399e-06],"[-0.07777778  0.29296875  0.48828125  0.49166667  0.25390625  0.44921875
  0.99166667  0.2734375   0.46875     0.36914062  0.6         0.03333333]",0.4539377505828271,0,0
130,130,2024-09-26 21:13:07.240781056,TASK_BEGIN,19,-0.3539430861375098,-0.1018245699088885,5.98942219983308,1.2095799558027185,3.1379468310254173,-0.4641651745971359,11.91378372389052,-2.064279536285665,0,2024-09-26 21:13:08.564990967,1727385188.5649917,2024-09-26 21:13:08.564991744,0,0.0,0.1,12.362486745825413,[9.99998431e-01 1.56911399e-06],[9.99998431e-01 1.56911399e-06],"[-0.07777778  0.29296875  0.48828125  0.49166667  0.25390625  0.44921875
  0.99166667  0.2734375   0.46875     0.36914062  0.6         0.03333333]",0.4539377505828271,0,0
131,131,2024-09-26 21:13:07.319806208,TASK_BEGIN,19,-0.3903536940311856,-0.087897903200571,6.091101618936901,1.1934001922121982,3.171367501334968,-0.4670847038697817,12.110808346961322,-2.0988833305861374,0,2024-09-26 21:13:08.564990967,1727385188.5649917,2024-09-26 21:13:08.564991744,0,0.0,0.1,12.362486745825413,[9.99998431e-01 1.56911399e-06],[9.99998431e-01 1.56911399e-06],"[-0.07777778  0.29296875  0.48828125  0.49166667  0.25390625  0.44921875
  0.99166667  0.2734375   0.46875     0.36914062  0.6         0.03333333]",0.4539377505828271,0,0
132,132,2024-09-26 21:13:07.385965056,TASK_BEGIN,19,-0.4211018012928558,-0.0743757637628493,6.196265203682072,1.1762227240124594,3.2065333366106845,-0.4712465821392547,12.199441472165311,-2.114356512223097,0,2024-09-26 21:13:08.820027100,1727385188.8200276,2024-09-26 21:13:08.820027648,0,1.0,0.1,12.246701388300597,[0.08424639 0.91575361],[0.08424639 0.91575361],"[-0.14722222  0.29296875  0.48828125  0.42222222  0.25390625  0.44921875
  0.92222222  0.2734375   0.46875     0.38476562 -0.8         0.5       ]",0.5896117214501511,0,0
133,133,2024-09-26 21:13:08.331058176,TASK_BEGIN,19,-0.4470679826174248,-0.0613463298712871,6.295702447893352,1.1599258539059292,3.241609865785178,-0.476342835683715,12.168360439620336,-2.109185187525071,0,2024-09-26 21:13:09.687020996,1727385189.6870217,2024-09-26 21:13:09.687021824,0,0.0,0.1,11.893841642834198,[0.99514558 0.00485442],[0.99514558 0.00485442],"[0.18611111 0.25390625 0.44921875 0.68611111 0.2734375  0.46875
 1.         0.         1.         0.35351562 0.7        0.        ]",0.6619096143431288,0,0
134,134,2024-09-26 21:13:08.393129216,TASK_BEGIN,19,-0.4689945579512835,-0.0489679506255655,6.381105135128162,1.1461595762981598,3.275275484841552,-0.4821509375632336,12.012790583422476,-2.083069527228405,0,2024-09-26 21:13:09.687020996,1727385189.6870217,2024-09-26 21:13:09.687021824,0,0.0,0.1,11.893841642834198,[0.99514558 0.00485442],[0.99514558 0.00485442],"[0.18611111 0.25390625 0.44921875 0.68611111 0.2734375  0.46875
 1.         0.         1.         0.35351562 0.7        0.        ]",0.6619096143431288,0,0
135,135,2024-09-26 21:13:08.455144704,TASK_BEGIN,19,-0.4874003416339429,-0.0374659656571855,6.444858763084078,1.1363814496040303,3.306755352788917,-0.4885305625380535,11.736125087764336,-2.037111351997128,0,2024-09-26 21:13:09.687020996,1727385189.6870217,2024-09-26 21:13:09.687021824,0,0.0,0.1,11.893841642834198,[0.99514558 0.00485442],[0.99514558 0.00485442],"[0.18611111 0.25390625 0.44921875 0.68611111 0.2734375  0.46875
 1.         0.         1.         0.35351562 0.7        0.        ]",0.6619096143431288,0,0
136,136,2024-09-26 21:13:08.536229888,TASK_BEGIN,19,-0.5025923697629938,-0.0271065869861078,6.479460789531596,1.1319079599201896,3.3356190803507832,-0.4953769424460134,11.350165380154555,-1.9737476601952235,0,2024-09-26 21:13:09.687020996,1727385189.6870217,2024-09-26 21:13:09.687021824,0,0.0,0.1,11.893841642834198,[0.99514558 0.00485442],[0.99514558 0.00485442],"[0.18611111 0.25390625 0.44921875 0.68611111 0.2734375  0.46875
 1.         0.         1.         0.35351562 0.7        0.        ]",0.6619096143431288,0,0
137,137,2024-09-26 21:13:08.602376960,TASK_BEGIN,19,-0.5147552304734605,-0.0181586708968761,6.477310503643994,1.133881856648467,3.3613845578797936,-0.5025450746739476,10.873072350822238,-1.8963331220539297,0,2024-09-26 21:13:09.687020996,1727385189.6870217,2024-09-26 21:13:09.687021824,0,0.0,0.1,11.893841642834198,[0.99514558 0.00485442],[0.99514558 0.00485442],"[0.18611111 0.25390625 0.44921875 0.68611111 0.2734375  0.46875
 1.         0.         1.         0.35351562 0.7        0.        ]",0.6619096143431288,0,0
138,138,2024-09-26 21:13:08.669803008,TASK_BEGIN,19,-0.5240663271232141,-0.0108569461631782,6.43129449863639,1.1431522071524949,3.383139350363632,-0.5097791366721708,10.325868714101686,-1.8085583779606813,0,2024-09-26 21:13:09.687020996,1727385189.6870217,2024-09-26 21:13:09.687021824,0,0.0,0.1,11.893841642834198,[0.99514558 0.00485442],[0.99514558 0.00485442],"[0.18611111 0.25390625 0.44921875 0.68611111 0.2734375  0.46875
 1.         0.         1.         0.35351562 0.7        0.        ]",0.6619096143431288,0,0
139,139,2024-09-26 21:13:08.736379904,TASK_BEGIN,19,-0.5307850697628519,-0.0053741256867362,6.335972687970131,1.1601441499551983,3.399403562981168,-0.5166821319746703,9.729117476959596,-1.7139414743472214,0,2024-09-26 21:13:09.687020996,1727385189.6870217,2024-09-26 21:13:09.687021824,0,0.0,0.1,11.893841642834198,[0.99514558 0.00485442],[0.99514558 0.00485442],"[0.18611111 0.25390625 0.44921875 0.68611111 0.2734375  0.46875
 1.         0.         1.         0.35351562 0.7        0.        ]",0.6619096143431288,0,0
140,140,2024-09-26 21:13:09.686057216,TASK_BEGIN,19,-0.535284177000578,-0.0018031660943044,6.188863692666754,1.1847829041345068,3.4082564871573173,-0.5227328085564844,9.100711571617635,-1.6154617435088396,0,2024-09-26 21:13:10.905797119,1727385190.905797,2024-09-26 21:13:10.905797120,0,1.0,0.1,12.216705062324388,[0.02616038 0.97383962],[0.02616038 0.97383962],"[-0.14722222  0.25390625  0.44921875  0.35277778  0.2734375   0.46875
  0.85277778  0.3125      0.5078125   0.37890625 -0.8         0.5       ]",0.7218739440893088,0,0
141,141,2024-09-26 21:13:09.752820992,TASK_BEGIN,19,-0.5380048233044002,-0.000149464706957,5.991342576925167,1.2164867511048254,3.4075821469480005,-0.5273295701459805,8.45491754118849,-1.5153337827191862,0,2024-09-26 21:13:10.905797119,1727385190.905797,2024-09-26 21:13:10.905797120,0,1.0,0.1,12.216705062324388,[0.02616038 0.97383962],[0.02616038 0.97383962],"[-0.14722222  0.25390625  0.44921875  0.35277778  0.2734375   0.46875
  0.85277778  0.3125      0.5078125   0.37890625 -0.8         0.5       ]",0.7218739440893088,0,0
142,142,2024-09-26 21:13:09.819586816,TASK_BEGIN,19,-0.5393522648367339,-0.0003292668059642,5.748707707766672,1.2542425346499362,3.3953376341433232,-0.5298433380669209,7.802498899171451,-1.4149512484512454,0,2024-09-26 21:13:10.905797119,1727385190.905797,2024-09-26 21:13:10.905797120,0,1.0,0.1,12.216705062324388,[0.02616038 0.97383962],[0.02616038 0.97383962],"[-0.14722222  0.25390625  0.44921875  0.35277778  0.2734375   0.46875
  0.85277778  0.3125      0.5078125   0.37890625 -0.8         0.5       ]",0.7218739440893088,0,0
143,143,2024-09-26 21:13:09.871568128,TASK_BEGIN,19,-0.5396017562791277,-0.0021663654632559,5.469187812279017,1.2967858545164286,3.3698364050761898,-0.5296734538316142,7.151609743814326,-1.3150180513866392,0,2024-09-26 21:13:10.905797119,1727385190.905797,2024-09-26 21:13:10.905797120,0,1.0,0.1,12.216705062324388,[0.02616038 0.97383962],[0.02616038 0.97383962],"[-0.14722222  0.25390625  0.44921875  0.35277778  0.2734375   0.46875
  0.85277778  0.3125      0.5078125   0.37890625 -0.8         0.5       ]",0.7218739440893088,0,0
144,144,2024-09-26 21:13:09.953146880,TASK_BEGIN,19,-0.538889183733532,-0.0053827950313226,5.162229559447479,1.342842843146829,3.32999468541455,-0.526299213850664,6.509198205346437,-1.2158579507481695,0,2024-09-26 21:13:10.905797119,1727385190.905797,2024-09-26 21:13:10.905797120,0,1.0,0.1,12.216705062324388,[0.02616038 0.97383962],[0.02616038 0.97383962],"[-0.14722222  0.25390625  0.44921875  0.35277778  0.2734375   0.46875
  0.85277778  0.3125      0.5078125   0.37890625 -0.8         0.5       ]",0.7218739440893088,0,0
145,145,2024-09-26 21:13:10.010126336,TASK_BEGIN,19,-0.5372902503213178,-0.0095897621633953,4.8369083415965495,1.391307664532701,3.275443599690437,-0.5193196117793023,5.882665270058368,-1.1178544965386878,0,2024-09-26 21:13:10.905797119,1727385190.905797,2024-09-26 21:13:10.905797120,0,1.0,0.1,12.216705062324388,[0.02616038 0.97383962],[0.02616038 0.97383962],"[-0.14722222  0.25390625  0.44921875  0.35277778  0.2734375   0.46875
  0.85277778  0.3125      0.5078125   0.37890625 -0.8         0.5       ]",0.7218739440893088,0,0
146,146,2024-09-26 21:13:10.086716672,TASK_BEGIN,19,-0.5349223584419608,-0.0142918542222351,4.50117603459182,1.4412585286411623,3.206483895899101,-0.5084847795436359,5.28124538250255,-1.0218737668492195,0,2024-09-26 21:13:10.956764893,1727385190.9567657,2024-09-26 21:13:10.956765696,0,1.0,0.1,12.194538011701145,[0.11763706 0.88236294],[0.11763706 0.88236294],"[-0.16111111  0.25390625  0.44921875  0.33888889  0.2734375   0.46875
  0.83888889  0.3125      0.5078125   0.36328125 -0.8         0.5       ]",0.5616088454833578,0,0
147,147,2024-09-26 21:13:11.027311104,TASK_BEGIN,19,-0.5320146962769907,-0.0189143330111781,4.162093410739814,1.491822994285351,3.123969599909829,-0.4937285552603694,4.716536180525576,-0.929478548205842,0,2024-09-26 21:13:11.872266113,1727385191.8722665,2024-09-26 21:13:11.872266496,0,1.0,0.1,12.695908579789911,[0.25692739 0.74307261],[0.25692739 0.74307261],"[ 0.08888889  0.2734375   0.46875     0.58888889  0.3125      0.5078125
  1.          0.          1.          0.38085938 -0.8         0.5       ]",0.23196762594688183,0,0
148,148,2024-09-26 21:13:11.102840832,TASK_BEGIN,19,-0.5289379018563168,-0.0228556530788898,3.8268042697328335,1.5419603452799808,3.029252352359717,-0.4752052105674391,4.20214424345154,-0.8428672866214306,0,2024-09-26 21:13:12.430901123,1727385192.4309015,2024-09-26 21:13:12.430901504,0,1.0,0.1,12.413750081470189,[0.6614114 0.3385886],[0.83479512 0.16520488],"[-0.06388889  0.2734375   0.46875     0.43611111  0.3125      0.5078125
  1.          0.          1.          0.23242188 -0.8         0.5       ]",0.1609892182879003,0,0
149,149,2024-09-26 21:13:11.166003968,TASK_BEGIN,19,-0.5261846283410951,-0.0255605318892852,3.503725349363441,1.590249943819819,2.9242675697368457,-0.453323182946959,3.75281707322988,-0.7646284492901287,0,2024-09-26 21:13:12.430901123,1727385192.4309015,2024-09-26 21:13:12.430901504,0,1.0,0.1,12.413750081470189,[0.6614114 0.3385886],[0.83479512 0.16520488],"[-0.06388889  0.2734375   0.46875     0.43611111  0.3125      0.5078125
  1.          0.          1.          0.23242188 -0.8         0.5       ]",0.1609892182879003,0,0
150,150,2024-09-26 21:13:11.236402176,TASK_BEGIN,19,-0.5242915527546264,-0.0265990665114651,3.2030812736660126,1.6348200765383247,2.811711392074788,-0.4287618328194506,3.383189952543552,-0.6974199083159279,0,2024-09-26 21:13:12.430901123,1727385192.4309015,2024-09-26 21:13:12.430901504,0,1.0,0.1,12.413750081470189,[0.6614114 0.3385886],[0.83479512 0.16520488],"[-0.06388889  0.2734375   0.46875     0.43611111  0.3125      0.5078125
  1.          0.          1.          0.23242188 -0.8         0.5       ]",0.1609892182879003,0,0
151,151,2024-09-26 21:13:11.303180800,TASK_BEGIN,19,-0.52374282973177,-0.0257260254605526,2.9361380529569123,1.6735335030044864,2.6951418651612995,-0.4024533813700084,3.1061019164872743,-0.6436366187802383,0,2024-09-26 21:13:12.430901123,1727385192.4309015,2024-09-26 21:13:12.430901504,0,1.0,0.1,12.413750081470189,[0.6614114 0.3385886],[0.83479512 0.16520488],"[-0.06388889  0.2734375   0.46875     0.43611111  0.3125      0.5078125
  1.          0.          1.          0.23242188 -0.8         0.5       ]",0.1609892182879003,0,0
152,152,2024-09-26 21:13:11.369961984,TASK_BEGIN,19,-0.5249225262379719,-0.0228972758353909,2.7134522732012587,1.704393300496884,2.5788530361676485,-0.3755160459841885,2.930840101974142,-0.6051334179398873,0,2024-09-26 21:13:12.430901123,1727385192.4309015,2024-09-26 21:13:12.430901504,0,1.0,0.1,12.413750081470189,[0.6614114 0.3385886],[0.83479512 0.16520488],"[-0.06388889  0.2734375   0.46875     0.43611111  0.3125      0.5078125
  1.          0.          1.          0.23242188 -0.8         0.5       ]",0.1609892182879003,0,0
153,153,2024-09-26 21:13:11.429336832,TASK_BEGIN,19,-0.5281482539005136,-0.0182421325369502,2.543167502027888,1.7259703736658132,2.467504739727548,-0.3491450037164212,2.8619510150135774,-0.5830634613662131,0,2024-09-26 21:13:12.430901123,1727385192.4309015,2024-09-26 21:13:12.430901504,0,1.0,0.1,12.413750081470189,[0.6614114 0.3385886],[0.83479512 0.16520488],"[-0.06388889  0.2734375   0.46875     0.43611111  0.3125      0.5078125
  1.          0.          1.          0.23242188 -0.8         0.5       ]",0.1609892182879003,0,0
154,161,2024-09-26 21:13:13.711661056,TASK_BEGIN,19,-0.6711348072093299,0.0462540281718291,3.085422233700908,1.616009536089596,2.105569327708316,-0.2562313730760017,5.038713817687075,-0.8748847384541777,0,2024-09-26 21:13:15.141011963,1727385195.141012,2024-09-26 21:13:15.141011968,1,1.0,0.1,1.3994164535871148,[0.25807465 0.74192535],[0.25807465 0.74192535],"[ 0.79166667  0.1953125   0.390625    1.          0.          1.
  1.          0.          1.          0.2421875  -0.8         0.5       ]",0.11716240672345919,0,0
155,162,2024-09-26 21:13:13.778447104,TASK_BEGIN,19,-0.7006436882630735,0.0512374108631125,3.285957862913756,1.5913400333338643,2.1239179380299484,-0.2624585113823972,5.388690394895852,-0.9294551396947772,0,2024-09-26 21:13:15.192011963,1727385195.1920125,2024-09-26 21:13:15.192012544,1,1.0,0.1,1.4854222890512436,[0.24067175 0.75932825],[0.24067175 0.75932825],"[ 0.77777778  0.1953125   0.390625    1.          0.          1.
  1.          0.          1.          0.2265625  -0.8         0.5       ]",0.14503106821308526,0,0
156,163,2024-09-26 21:13:13.840440064,TASK_BEGIN,19,-0.7284658263751801,0.0537255421712207,3.468183749914777,1.5722170755599545,2.1465889317716687,-0.2713924180154811,5.714416071299884,-0.9804133478883468,0,2024-09-26 21:13:15.192011963,1727385195.1920125,2024-09-26 21:13:15.192012544,1,1.0,0.1,1.4854222890512436,[0.24067175 0.75932825],[0.24067175 0.75932825],"[ 0.77777778  0.1953125   0.390625    1.          0.          1.
  1.          0.          1.          0.2265625  -0.8         0.5       ]",0.14503106821308526,0,0
157,164,2024-09-26 21:13:13.912050944,TASK_BEGIN,19,-0.7530516985890713,0.0532800363461748,3.6157998671778775,1.5608398883675263,2.1696745001547617,-0.2823180963157072,6.020328164552747,-1.027966007459323,0,2024-09-26 21:13:15.192011963,1727385195.1920125,2024-09-26 21:13:15.192012544,1,1.0,0.1,1.4854222890512436,[0.24067175 0.75932825],[0.24067175 0.75932825],"[ 0.77777778  0.1953125   0.390625    1.          0.          1.
  1.          0.          1.          0.2265625  -0.8         0.5       ]",0.14503106821308526,0,0
158,165,2024-09-26 21:13:13.978827776,TASK_BEGIN,19,-0.7734253646719881,0.0496540746310753,3.716447328069808,1.558680238232692,2.1896459826208763,-0.2945541267071883,6.316910515334235,-1.0731882906994972,0,2024-09-26 21:13:15.192011963,1727385195.1920125,2024-09-26 21:13:15.192012544,1,1.0,0.1,1.4854222890512436,[0.24067175 0.75932825],[0.24067175 0.75932825],"[ 0.77777778  0.1953125   0.390625    1.          0.          1.
  1.          0.          1.          0.2265625  -0.8         0.5       ]",0.14503106821308526,0,0
159,166,2024-09-26 21:13:14.045598976,TASK_BEGIN,19,-0.7893289799661771,0.0428381856463844,3.763017934460489,1.5662689872753504,2.2034736496377936,-0.3074989118929722,6.618696276509122,-1.117628735297776,0,2024-09-26 21:13:15.192011963,1727385195.1920125,2024-09-26 21:13:15.192012544,1,1.0,0.1,1.4854222890512436,[0.24067175 0.75932825],[0.24067175 0.75932825],"[ 0.77777778  0.1953125   0.390625    1.          0.          1.
  1.          0.          1.          0.2265625  -0.8         0.5       ]",0.14503106821308526,0,0
160,167,2024-09-26 21:13:14.102487040,TASK_BEGIN,19,-0.8011586990150796,0.0330672729038107,3.753913617534371,1.583145894045643,2.2087081400627544,-0.3206434813057999,6.941616605438401,-1.1628520223615533,0,2024-09-26 21:13:15.192011963,1727385195.1920125,2024-09-26 21:13:15.192012544,1,1.0,0.1,1.4854222890512436,[0.24067175 0.75932825],[0.24067175 0.75932825],"[ 0.77777778  0.1953125   0.390625    1.          0.          1.
  1.          0.          1.          0.2265625  -0.8         0.5       ]",0.14503106821308526,0,0
161,168,2024-09-26 21:13:15.060928256,TASK_BEGIN,19,-0.8097543513414798,0.0207859679415756,3.692260795288064,1.608002032149363,2.203591852813433,-0.3335687687877243,7.300044476726685,-1.2100336555979492,0,2024-09-26 21:13:16.262716064,1727385196.262717,2024-09-26 21:13:16.262716928,1,0.0,0.1,3.1055091413092217,[0.98902391 0.01097609],[0.98902391 0.01097609],"[ 0.48611111  0.1953125   0.390625    0.98611111  0.21484375  0.41015625
  1.          0.          1.          0.30273438  1.         -0.16666667]",0.45047113073367484,0,0
162,169,2024-09-26 21:13:15.127707136,TASK_BEGIN,19,-0.8161704174858809,0.0065918338354331,3.584432719724626,1.6389514503994689,2.18718539226573,-0.3459465193865703,7.704010140969085,-1.2596748588133355,0,2024-09-26 21:13:16.262716064,1727385196.262717,2024-09-26 21:13:16.262716928,1,0.0,0.1,3.1055091413092217,[0.98902391 0.01097609],[0.98902391 0.01097609],"[ 0.48611111  0.1953125   0.390625    0.98611111  0.21484375  0.41015625
  1.          0.          1.          0.30273438  1.         -0.16666667]",0.45047113073367484,0,0
163,170,2024-09-26 21:13:15.194488064,TASK_BEGIN,19,-0.821492878105108,-0.0088198762414413,3.4383992752203465,1.6738393965584444,2.1594537828125504,-0.3575493640913719,8.15720912477888,-1.3114950523105342,0,2024-09-26 21:13:16.262716064,1727385196.262717,2024-09-26 21:13:16.262716928,1,0.0,0.1,3.1055091413092217,[0.98902391 0.01097609],[0.98902391 0.01097609],"[ 0.48611111  0.1953125   0.390625    0.98611111  0.21484375  0.41015625
  1.          0.          1.          0.30273438  1.         -0.16666667]",0.45047113073367484,0,0
164,171,2024-09-26 21:13:15.261283072,TASK_BEGIN,19,-0.8266784104883252,-0.0247027562138737,3.26222233235731,1.7105524513435355,2.12131120538556,-0.3682723254367304,8.656211397930266,-1.3645312666011309,0,2024-09-26 21:13:16.262716064,1727385196.262717,2024-09-26 21:13:16.262716928,1,0.0,0.1,3.1055091413092217,[0.98902391 0.01097609],[0.98902391 0.01097609],"[ 0.48611111  0.1953125   0.390625    0.98611111  0.21484375  0.41015625
  1.          0.          1.          0.30273438  1.         -0.16666667]",0.45047113073367484,0,0
165,172,2024-09-26 21:13:15.322263040,TASK_BEGIN,19,-0.8323710782781536,-0.0403040936873191,3.062901795122912,1.7473084961482688,2.0746441187659395,-0.3781612918480445,9.190763641173518,-1.4173647183295326,0,2024-09-26 21:13:16.262716064,1727385196.262717,2024-09-26 21:13:16.262716928,1,0.0,0.1,3.1055091413092217,[0.98902391 0.01097609],[0.98902391 0.01097609],"[ 0.48611111  0.1953125   0.390625    0.98611111  0.21484375  0.41015625
  1.          0.          1.          0.30273438  1.         -0.16666667]",0.45047113073367484,0,0
166,173,2024-09-26 21:13:15.394827776,TASK_BEGIN,19,-0.8386951110682189,-0.054912462343453,2.8458354525050744,1.782849670825328,2.022292777840972,-0.3874304425082168,9.744747469488772,-1.4683073977200625,0,2024-09-26 21:13:16.262716064,1727385196.262717,2024-09-26 21:13:16.262716928,1,0.0,0.1,3.1055091413092217,[0.98902391 0.01097609],[0.98902391 0.01097609],"[ 0.48611111  0.1953125   0.390625    0.98611111  0.21484375  0.41015625
  1.          0.          1.          0.30273438  1.         -0.16666667]",0.45047113073367484,0,0
167,174,2024-09-26 21:13:15.461599232,TASK_BEGIN,19,-0.8450757384067455,-0.0679034167829287,2.615040020062751,1.816460569723204,1.9679605163670395,-0.3964509805377875,10.297320958304727,-1.5154402428222211,0,2024-09-26 21:13:16.515717041,1727385196.5157173,2024-09-26 21:13:16.515717376,1,0.0,0.1,3.4434077942585635,[0.99867365 0.00132635],[0.99867365 0.00132635],"[ 0.41666667  0.1953125   0.390625    0.91666667  0.21484375  0.41015625
  1.          0.          1.          0.27148438 -0.5         0.4       ]",0.3450059267222609,0,0
168,175,2024-09-26 21:13:16.386568192,TASK_BEGIN,19,-0.8501530175252104,-0.0787751468295601,2.3740008288035983,1.8478230468534227,1.916055343912523,-0.4057101757288111,10.824073792773536,-1.5565725629556897,0,2024-09-26 21:13:17.782283936,1727385197.7822843,2024-09-26 21:13:17.782284288,1,0.0,0.1,5.747474671965241,[9.99999814e-01 1.86096603e-07],[9.99999814e-01 1.86096603e-07],"[0.06944444 0.1953125  0.390625   0.56944444 0.21484375 0.41015625
 1.         0.         1.         0.25585938 0.4        0.1       ]",0.3392652542126832,0,0
169,176,2024-09-26 21:13:16.453346816,TASK_BEGIN,19,-0.8518438745135009,-0.0871651202930067,2.126780721958689,1.876806922799543,1.8714952145879336,-0.4157572850932773,11.298529092672435,-1.5892997581785626,0,2024-09-26 21:13:17.882285156,1727385197.8822856,2024-09-26 21:13:17.882285568,1,0.0,0.1,5.832099925993132,[9.99987453e-01 1.25472148e-05],[9.99987453e-01 1.25472148e-05],"[0.04166667 0.1953125  0.390625   0.54166667 0.21484375 0.41015625
 1.         0.         1.         0.27734375 0.6        0.03333333]",0.41984734938289225,0,0
170,177,2024-09-26 21:13:16.512605952,TASK_BEGIN,19,-0.8475963237182742,-0.0928422461481216,1.8789437665354416,1.9032920894789296,1.8394773488779423,-0.4271545915382438,11.694341060996102,-1.6112395537624165,0,2024-09-26 21:13:17.932311035,1727385197.9323113,2024-09-26 21:13:17.932311296,1,0.0,0.1,5.873778926733201,[9.99877833e-01 1.22166901e-04],[9.99877833e-01 1.22166901e-04],"[0.02777778 0.1953125  0.390625   0.52777778 0.21484375 0.41015625
 1.         0.         1.         0.29101562 0.7        0.        ]",0.5113444746709103,0,0
171,178,2024-09-26 21:13:16.586918144,TASK_BEGIN,19,-0.8348203938898382,-0.0956823549400629,1.6379634478464404,1.927058899884868,1.825161185879363,-0.4404351226229298,11.987972320879988,-1.6203665137678986,0,2024-09-26 21:13:17.983313965,1727385197.983314,2024-09-26 21:13:17.983313920,1,0.0,0.1,5.9150411374658685,[9.99342889e-01 6.57111402e-04],[9.99342889e-01 6.57111402e-04],"[ 0.01388889  0.1953125   0.390625    0.51388889  0.21484375  0.41015625
  1.          0.          1.          0.30664062  0.8        -0.03333333]",0.643807022109568,0,0
172,179,2024-09-26 21:13:16.653701120,TASK_BEGIN,19,-0.8113762897209892,-0.0956458618761806,1.412958262947238,1.947777040831289,1.8332302024375695,-0.4560539187542133,12.161290050979227,-1.6153309172879302,0,2024-09-26 21:13:17.983313965,1727385197.983314,2024-09-26 21:13:17.983313920,1,0.0,0.1,5.9150411374658685,[9.99342889e-01 6.57111402e-04],[9.99342889e-01 6.57111402e-04],"[ 0.01388889  0.1953125   0.390625    0.51388889  0.21484375  0.41015625
  1.          0.          1.          0.30664062  0.8        -0.03333333]",0.643807022109568,0,0
173,180,2024-09-26 21:13:16.719759104,TASK_BEGIN,19,-0.7759536318365245,-0.0927719565754664,1.21382197559558,1.9651174871858668,1.867376022265748,-0.4743256175767545,12.203579384807687,-1.5956882882697536,0,2024-09-26 21:13:18.135283936,1727385198.135284,2024-09-26 21:13:18.135283968,1,0.0,0.1,6.036368500641994,[0.97962779 0.02037221],[0.97962779 0.02037221],"[-0.02777778  0.1953125   0.390625    0.47222222  0.21484375  0.41015625
  0.97222222  0.33203125  0.52734375  0.36328125  1.         -0.13333333]",0.6493445924616754,0,0
174,181,2024-09-26 21:13:16.786957056,TASK_BEGIN,19,-0.728229586008761,-0.0871901383037793,1.0501195225793678,1.9789116223563403,1.9298211553376856,-0.4953614699735189,12.11245859172806,-1.561970800763857,0,2024-09-26 21:13:18.135283936,1727385198.135284,2024-09-26 21:13:18.135283968,1,0.0,0.1,6.036368500641994,[0.97962779 0.02037221],[0.97962779 0.02037221],"[-0.02777778  0.1953125   0.390625    0.47222222  0.21484375  0.41015625
  0.97222222  0.33203125  0.52734375  0.36328125  1.         -0.13333333]",0.6493445924616754,0,0
175,182,2024-09-26 21:13:17.734585088,TASK_BEGIN,19,-0.6688015674298664,-0.079137786000249,0.9301710732264344,1.9892139482921136,2.021002276015825,-0.5190278401675015,11.893254067907003,-1.5155445660771658,0,2024-09-26 21:13:18.593282959,1727385198.5932832,2024-09-26 21:13:18.593283072,1,0.0,0.1,6.379154262667014,[0.99787106 0.00212894],[0.99787106 0.00212894],"[-0.15277778  0.1953125   0.390625    0.34722222  0.21484375  0.41015625
  0.84722222  0.33203125  0.52734375  0.26367188 -0.6         0.43333333]",0.34831690919474756,1,1
176,183,2024-09-26 21:13:17.802544128,TASK_BEGIN,19,-0.5990026743615787,-0.0689637051946861,0.8604476879608112,1.9962174442939773,2.139465387621428,-0.5449358723934851,11.556988968538963,-1.458276232239446,0,2024-09-26 21:13:18.694282959,1727385198.6942835,2024-09-26 21:13:18.694283520,1,0.0,0.1,6.45120909283994,[9.99637818e-01 3.62182408e-04],[9.99637818e-01 3.62182408e-04],"[-0.18055556  0.1953125   0.390625    0.31944444  0.21484375  0.41015625
  0.81944444  0.33203125  0.52734375  0.24609375 -0.4         0.36666667]",0.3375641699449548,1,1
177,184,2024-09-26 21:13:17.870172160,TASK_BEGIN,19,-0.5207442035127533,-0.0571009675533466,0.8452023965996266,2.0000959037289627,2.281956972281165,-0.5724616438553632,11.11786666170838,-1.3921320649774291,0,2024-09-26 21:13:19.304423096,1727385199.3044236,2024-09-26 21:13:19.304423680,1,0.0,1.0,7.7544054270095595,[9.99973171e-01 2.68290340e-05],[9.99973171e-01 2.68290340e-05],"[ 0.15277778  0.21484375  0.41015625  0.65277778  0.33203125  0.52734375
  1.          0.          1.          0.3046875   0.8        -0.03333333]",0.4928055770823257,1,1
178,185,2024-09-26 21:13:17.936510976,TASK_BEGIN,19,-0.4364314860973709,-0.044015620011005,0.886302845178085,2.000859823501705,2.4436599918668844,-0.6007946040101328,10.59120345481739,-1.3188566893870908,0,2024-09-26 21:13:19.354423096,1727385199.3544235,2024-09-26 21:13:19.354423552,1,0.0,0.1,7.7768613727394635,[0.9976312 0.0023688],[0.9976312 0.0023688],"[ 0.13888889  0.21484375  0.41015625  0.63888889  0.33203125  0.52734375
  1.          0.          1.          0.32226562  0.9        -0.06666667]",0.688780633688194,1,1
179,186,2024-09-26 21:13:18.002477056,TASK_BEGIN,19,-0.3488734034665062,-0.0301604746980366,0.9832311173744714,1.9982658346862927,2.618473395911184,-0.6289996840732143,9.992167587968147,-1.239803343089581,0,2024-09-26 21:13:19.354423096,1727385199.3544235,2024-09-26 21:13:19.354423552,1,0.0,0.1,7.7768613727394635,[0.9976312 0.0023688],[0.9976312 0.0023688],"[ 0.13888889  0.21484375  0.41015625  0.63888889  0.33203125  0.52734375
  1.          0.          1.          0.32226562  0.9        -0.06666667]",0.688780633688194,1,1
180,187,2024-09-26 21:13:18.070484992,TASK_BEGIN,19,-0.2611068796082439,-0.0159570506918686,1.1331485081392008,1.9918082845783391,2.799242072990642,-0.6560707169010999,9.33518865741925,-1.155908170565201,0,2024-09-26 21:13:19.354423096,1727385199.3544235,2024-09-26 21:13:19.354423552,1,0.0,0.1,7.7768613727394635,[0.9976312 0.0023688],[0.9976312 0.0023688],"[ 0.13888889  0.21484375  0.41015625  0.63888889  0.33203125  0.52734375
  1.          0.          1.          0.32226562  0.9        -0.06666667]",0.688780633688194,1,1
181,188,2024-09-26 21:13:18.136139776,TASK_BEGIN,19,-0.176167212711903,-0.0018004854120565,1.3309678089552708,1.980817207867207,2.9779837839602945,-0.680976733241444,8.633908834702643,-1.0677876545204517,0,2024-09-26 21:13:19.354423096,1727385199.3544235,2024-09-26 21:13:19.354423552,1,0.0,0.1,7.7768613727394635,[0.9976312 0.0023688],[0.9976312 0.0023688],"[ 0.13888889  0.21484375  0.41015625  0.63888889  0.33203125  0.52734375
  1.          0.          1.          0.32226562  0.9        -0.06666667]",0.688780633688194,1,1
182,189,2024-09-26 21:13:19.084144128,TASK_BEGIN,19,-0.0969004664930525,0.0119358638209726,1.5695070166161595,1.964636541419276,3.146272363101685,-0.702727407813933,7.901579445489649,-0.9759250590133434,0,2024-09-26 21:13:20.012562988,1727385200.0125632,2024-09-26 21:13:20.012563200,1,1.0,0.1,8.049149117537809,[0.72736982 0.27263018],[0.9906594 0.0093406],"[-0.04166667  0.21484375  0.41015625  0.45833333  0.33203125  0.52734375
  1.          0.          1.          0.20898438 -0.8         0.5       ]",0.17565886747006357,1,1
183,190,2024-09-26 21:13:19.153511936,TASK_BEGIN,19,-0.0258574579929657,0.0249106387185055,1.8398507144616925,1.942801051810947,3.2958755376130373,-0.7204721620717638,7.151536463457989,-0.8808499991060882,0,2024-09-26 21:13:20.012562988,1727385200.0125632,2024-09-26 21:13:20.012563200,1,1.0,0.1,8.049149117537809,[0.72736982 0.27263018],[0.9906594 0.0093406],"[-0.04166667  0.21484375  0.41015625  0.45833333  0.33203125  0.52734375
  1.          0.          1.          0.20898438 -0.8         0.5       ]",0.17565886747006357,1,1
184,191,2024-09-26 21:13:19.220308992,TASK_BEGIN,19,0.0347768665419606,0.0368342453473487,2.1319246052140306,1.9151498826305604,3.4195787360290524,-0.7336162185096812,6.397302621348208,-0.7832045811297312,0,2024-09-26 21:13:20.162821045,1727385200.162821,2024-09-26 21:13:20.162821120,1,1.0,0.1,8.107091339597819,[0.28350891 0.71649109],[0.03643886 0.96356114],"[-0.08333333  0.21484375  0.41015625  0.41666667  0.33203125  0.52734375
  0.99166667  0.1953125   0.390625    0.16796875 -0.8         0.5       ]",0.10977299911651399,1,1
185,192,2024-09-26 21:13:19.287121152,TASK_BEGIN,19,0.0832625092980802,0.0474863699595835,2.4350979054148247,1.8818956484137737,3.5119722875877053,-0.7419141745204441,5.6524113013274375,-0.6837068064495713,0,2024-09-26 21:13:20.162821045,1727385200.162821,2024-09-26 21:13:20.162821120,1,1.0,0.1,8.107091339597819,[0.28350891 0.71649109],[0.03643886 0.96356114],"[-0.08333333  0.21484375  0.41015625  0.41666667  0.33203125  0.52734375
  0.99166667  0.1953125   0.390625    0.16796875 -0.8         0.5       ]",0.10977299911651399,1,1
186,193,2024-09-26 21:13:19.353868032,TASK_BEGIN,19,0.1183825192451852,0.0567259344573349,2.7385890511173048,1.843703622182652,3.569956977563485,-0.7455028910539354,4.930619178765953,-0.5831391900337952,0,2024-09-26 21:13:20.518821045,1727385200.518822,2024-09-26 21:13:20.518821888,1,0.0,0.1,8.235685430886083,[0.31490316 0.68509684],[0.11135249 0.88864751],"[-0.18055556  0.21484375  0.41015625  0.31944444  0.33203125  0.52734375
  0.89444444  0.1953125   0.390625    0.08007812 -0.4         0.36666667]",0.08404601973746148,1,1
187,194,2024-09-26 21:13:19.420604928,TASK_BEGIN,19,0.139499495633619,0.0644919506166749,3.0315769540800903,1.8017880096004215,3.5928764146567893,-0.744866753590793,4.246765910037577,-0.4824413127782744,0,2024-09-26 21:13:20.518821045,1727385200.518822,2024-09-26 21:13:20.518821888,1,0.0,0.1,8.235685430886083,[0.31490316 0.68509684],[0.11135249 0.88864751],"[-0.18055556  0.21484375  0.41015625  0.31944444  0.33203125  0.52734375
  0.89444444  0.1953125   0.390625    0.08007812 -0.4         0.36666667]",0.08404601973746148,1,1
188,195,2024-09-26 21:13:19.475870208,TASK_BEGIN,19,0.1465799069800659,0.0707945377182702,3.3030826334337062,1.757971321666352,3.582339273226834,-0.7407592719941035,3.617605739248427,-0.3828452367415982,0,2024-09-26 21:13:20.518821045,1727385200.518822,2024-09-26 21:13:20.518821888,1,0.0,0.1,8.235685430886083,[0.31490316 0.68509684],[0.11135249 0.88864751],"[-0.18055556  0.21484375  0.41015625  0.31944444  0.33203125  0.52734375
  0.89444444  0.1953125   0.390625    0.08007812 -0.4         0.36666667]",0.08404601973746148,1,1
189,200,2024-09-26 21:13:20.703960832,TASK_BEGIN,19,0.0024967224077108,0.0847720435355254,3.9824680559737287,1.5949168319298686,3.182640957692384,-0.7010224387022631,1.953643587362883,0.0299968046970895,0,2024-09-26 21:13:22.123013916,1727385202.123014,2024-09-26 21:13:22.123013888,2,1.0,0.1,0.1,[0.39891216 0.60108784],[0.39891216 0.60108784],"[ 0.98611111  0.2734375   0.46875     1.          0.          1.
  1.          0.          1.          0.4609375  -0.8         0.5       ]",0.02002946236009554,0,0
190,201,2024-09-26 21:13:20.770612992,TASK_BEGIN,19,-0.0537576739802007,0.0858992795661774,3.943847815921135,1.5860608994603704,3.071275201419577,-0.695122369387201,2.031964589912367,0.077585741100651,0,2024-09-26 21:13:22.173011963,1727385202.1730123,2024-09-26 21:13:22.173012224,2,1.0,0.1,0.199,[0.37238484 0.62761516],[0.37238484 0.62761516],"[ 0.97222222  0.2734375   0.46875     1.          0.          1.
  1.          0.          1.          0.4453125  -0.8         0.5       ]",0.031928734252951015,0,0
191,202,2024-09-26 21:13:20.837557248,TASK_BEGIN,19,-0.1166211095426714,0.0873991983591231,3.8530535377709016,1.5858841210351295,2.961855347925758,-0.6913386132233718,2.2680647566008174,0.1066857261064147,0,2024-09-26 21:13:22.273010986,1727385202.2730112,2024-09-26 21:13:22.273011200,2,1.0,0.1,0.3940399,[0.36192904 0.63807096],[0.36192904 0.63807096],"[ 0.94444444  0.2734375   0.46875     1.          0.          1.
  1.          0.          1.          0.4140625  -0.8         0.5       ]",0.03645359290749813,0,0
192,203,2024-09-26 21:13:21.783181824,TASK_BEGIN,19,-0.1849251612314218,0.0896958842479949,3.7211877314388286,1.5930910901432531,2.859065468930651,-0.6900475856818786,2.6590300856460045,0.1145621747056656,0,2024-09-26 21:13:23.190012939,1727385203.1900136,2024-09-26 21:13:23.190013696,2,0.0,0.1,1.9836941046095409,[0.98917485 0.01082515],[0.98917485 0.01082515],"[ 0.69444444  0.2734375   0.46875     1.          0.          1.
  1.          0.          1.          0.16210938 -0.3         0.33333333]",0.30027610136788974,0,0
193,204,2024-09-26 21:13:21.844763904,TASK_BEGIN,19,-0.2571710588544279,0.0931334213024722,3.562127682200432,1.6056510270696407,2.767009571184037,-0.6915103036930218,3.195270749241842,0.0990348223258501,0,2024-09-26 21:13:23.240011963,1727385203.2400126,2024-09-26 21:13:23.240012544,2,0.0,0.1,2.0638571635634455,[0.99836586 0.00163414],[0.99836586 0.00163414],"[ 0.68055556  0.2734375   0.46875     1.          0.          1.
  1.          0.          1.          0.15820312 -0.2         0.3       ]",0.32814682163513,0,0
194,205,2024-09-26 21:13:21.920659200,TASK_BEGIN,19,-0.3314773073802879,0.0979314559986645,3.390927187842081,1.6209894536158551,2.6891040156942827,-0.6958718467874327,3.861135916049746,0.0587787785928318,0,2024-09-26 21:13:23.292011963,1727385203.2920127,2024-09-26 21:13:23.292012800,2,0.0,0.1,2.1432185919278113,[9.99733801e-01 2.66199314e-04],[9.99733801e-01 2.66199314e-04],"[ 0.66666667  0.2734375   0.46875     1.          0.          1.
  1.          0.          1.          0.15625    -0.1         0.26666667]",0.32856424714199334,0,0
195,206,2024-09-26 21:13:21.984939264,TASK_BEGIN,19,-0.4055995817668346,0.1041466501376603,3.222163536191806,1.6363511338806749,2.6280454412415186,-0.7031715205109549,4.635411544050751,-0.0063382176567452,0,2024-09-26 21:13:23.292011963,1727385203.2920127,2024-09-26 21:13:23.292012800,2,0.0,0.1,2.1432185919278113,[9.99733801e-01 2.66199314e-04],[9.99733801e-01 2.66199314e-04],"[ 0.66666667  0.2734375   0.46875     1.          0.          1.
  1.          0.          1.          0.15625    -0.1         0.26666667]",0.32856424714199334,0,0
196,207,2024-09-26 21:13:22.054199040,TASK_BEGIN,19,-0.4769836474875618,0.11164166385938,3.0685997215335963,1.6492277572554133,2.5858048236704856,-0.7133615572432049,5.491558335428044,-0.0949620975544029,0,2024-09-26 21:13:23.292011963,1727385203.2920127,2024-09-26 21:13:23.292012800,2,0.0,0.1,2.1432185919278113,[9.99733801e-01 2.66199314e-04],[9.99733801e-01 2.66199314e-04],"[ 0.66666667  0.2734375   0.46875     1.          0.          1.
  1.          0.          1.          0.15625    -0.1         0.26666667]",0.32856424714199334,0,0
197,208,2024-09-26 21:13:22.121040896,TASK_BEGIN,19,-0.5428649905001635,0.1200755131427447,2.94026692807665,1.6577065851565431,2.563597573253849,-0.7263217938966073,6.398307032688234,-0.2041424640364376,0,2024-09-26 21:13:23.292011963,1727385203.2920127,2024-09-26 21:13:23.292012800,2,0.0,0.1,2.1432185919278113,[9.99733801e-01 2.66199314e-04],[9.99733801e-01 2.66199314e-04],"[ 0.66666667  0.2734375   0.46875     1.          0.          1.
  1.          0.          1.          0.15625    -0.1         0.26666667]",0.32856424714199334,0,0
198,209,2024-09-26 21:13:22.187300096,TASK_BEGIN,19,-0.6004380277506387,0.1289290558353879,2.8439799020839667,1.660672685401619,2.561839469786797,-0.7418658726836951,7.321119000564581,-0.3294564812049648,0,2024-09-26 21:13:23.292011963,1727385203.2920127,2024-09-26 21:13:23.292012800,2,0.0,0.1,2.1432185919278113,[9.99733801e-01 2.66199314e-04],[9.99733801e-01 2.66199314e-04],"[ 0.66666667  0.2734375   0.46875     1.          0.          1.
  1.          0.          1.          0.15625    -0.1         0.26666667]",0.32856424714199334,0,0
199,210,2024-09-26 21:13:23.133172992,TASK_BEGIN,19,-0.6470969158993564,0.1375706756614848,2.7833838718549093,1.6578636697104745,2.580129237884715,-0.7597449315886777,8.224206069252928,-0.4652820980364807,0,2024-09-26 21:13:24.156979980,1727385204.1569805,2024-09-26 21:13:24.156980480,2,0.0,0.1,3.377179590160165,[0.99801272 0.00198728],[0.99801272 0.00198728],"[ 0.43055556  0.2734375   0.46875     0.93055556  0.21484375  0.41015625
  1.          0.          1.          0.38085938  1.         -0.3       ]",0.5912115835765546,0,0
200,211,2024-09-26 21:13:23.204323072,TASK_BEGIN,19,-0.6807328445266556,0.1453538502414778,2.759485047652157,1.6497837015721992,2.617265387183775,-0.7796505165213955,9.07247978786216,-0.605115928129771,0,2024-09-26 21:13:24.156979980,1727385204.1569805,2024-09-26 21:13:24.156980480,2,0.0,0.1,3.377179590160165,[0.99801272 0.00198728],[0.99801272 0.00198728],"[ 0.43055556  0.2734375   0.46875     0.93055556  0.21484375  0.41015625
  1.          0.          1.          0.38085938  1.         -0.3       ]",0.5912115835765546,0,0
201,212,2024-09-26 21:13:23.271106048,TASK_BEGIN,19,-0.7000283520341212,0.1517188214207459,2.771260671939582,1.6374938478959005,2.671250626091916,-0.8012091570007812,9.83329365777059,-0.7419201772190236,0,2024-09-26 21:13:24.156979980,1727385204.1569805,2024-09-26 21:13:24.156980480,2,0.0,0.1,3.377179590160165,[0.99801272 0.00198728],[0.99801272 0.00198728],"[ 0.43055556  0.2734375   0.46875     0.93055556  0.21484375  0.41015625
  1.          0.          1.          0.38085938  1.         -0.3       ]",0.5912115835765546,0,0
202,213,2024-09-26 21:13:23.332751872,TASK_BEGIN,19,-0.7046441676743527,0.1562628974476207,2.816002348851414,1.622323637760554,2.7392426704722688,-0.8239636590573802,10.478284894164489,-0.8685491658678508,0,2024-09-26 21:13:24.208982910,1727385204.2089837,2024-09-26 21:13:24.208983552,2,0.0,0.1,3.4434077942585635,[0.94769791 0.05230209],[0.94769791 0.05230209],"[ 0.41666667  0.2734375   0.46875     0.91666667  0.21484375  0.41015625
  1.          0.          1.          0.40039062  1.         -0.33333333]",0.5798158040743194,0,0
203,214,2024-09-26 21:13:23.393922048,TASK_BEGIN,19,-0.6952199333637645,0.1587622283392612,2.889626704774792,1.6055354286721717,2.8175175379592807,-0.8473532293618137,10.985349417986892,-0.9782617067871526,0,2024-09-26 21:13:24.411439941,1727385204.4114404,2024-09-26 21:13:24.411440384,2,0.0,0.1,3.7017636879676767,[9.99946619e-01 5.33811577e-05],[9.99946619e-01 5.33811577e-05],"[ 0.36111111  0.2734375   0.46875     0.86111111  0.21484375  0.41015625
  1.          0.          1.          0.34960938 -0.5         0.4       ]",0.33830124109208126,0,0
204,215,2024-09-26 21:13:23.470753792,TASK_BEGIN,19,-0.6731879691105024,0.1591538377473202,2.9873403923187376,1.5879722200236452,2.901594479895451,-0.870717516290766,11.3401868544641,-1.0652269860181436,0,2024-09-26 21:13:24.915033203,1727385204.9150333,2024-09-26 21:13:24.915033344,2,0.0,0.1,4.303987975228407,[9.99845320e-01 1.54679572e-04],[9.99845320e-01 1.54679572e-04],"[0.22222222 0.2734375  0.46875    0.72222222 0.21484375 0.41015625
 1.         0.         1.         0.359375   0.5        0.06666667]",0.47257930221962957,0,0
205,216,2024-09-26 21:13:23.533740032,TASK_BEGIN,19,-0.640475922408104,0.1575002553054858,3.104533388514987,1.5697882096844171,2.9865905232816514,-0.8933380680623757,11.536815049452937,-1.1249118447146975,0,2024-09-26 21:13:24.966031006,1727385204.9660316,2024-09-26 21:13:24.966031616,2,0.0,0.1,4.360948095476123,[0.9855428 0.0144572],[0.9855428 0.0144572],"[0.20833333 0.2734375  0.46875    0.70833333 0.21484375 0.41015625
 1.         0.         1.         0.37109375 0.6        0.03333333]",0.6375792306715837,1,2
206,217,2024-09-26 21:13:24.459037184,TASK_BEGIN,19,-0.5992143617314817,0.1539572519400103,3.237577604346608,1.5503697675170562,3.0677225448712973,-0.9145035202420894,11.577033384720933,-1.154311805945292,0,2024-09-26 21:13:25.420782959,1727385205.420783,2024-09-26 21:13:25.420783104,2,1.0,0.1,5.7045198706719615,[0.73067035 0.26932965],[9.99013145e-01 9.86854903e-04],"[ 0.08333333  0.2734375   0.46875     0.58333333  0.21484375  0.41015625
  1.          0.          1.          0.28125    -0.8         0.5       ]",0.05537740503646861,1,2
207,218,2024-09-26 21:13:24.518209024,TASK_BEGIN,19,-0.5515273697717274,0.1487504909451255,3.384390346478677,1.528468926822675,3.140804762173365,-0.9335702585901772,11.469159284549738,-1.1520305449870474,0,2024-09-26 21:13:25.420782959,1727385205.420783,2024-09-26 21:13:25.420783104,2,1.0,0.1,5.7045198706719615,[0.73067035 0.26932965],[9.99013145e-01 9.86854903e-04],"[ 0.08333333  0.2734375   0.46875     0.58333333  0.21484375  0.41015625
  1.          0.          1.          0.28125    -0.8         0.5       ]",0.05537740503646861,1,2
208,219,2024-09-26 21:13:24.595628800,TASK_BEGIN,19,-0.4994125630688912,0.1421541794559148,3.544553717682368,1.5025187301920069,3.202601509565417,-0.9499993612008888,11.226214289334834,-1.1181934766364243,0,2024-09-26 21:13:25.471782959,1727385205.4717832,2024-09-26 21:13:25.471783168,2,1.0,-1.0,4.6474746719652416,[0.63663771 0.36336229],[0.78040019 0.21959981],"[ 0.06944444  0.2734375   0.46875     0.56944444  0.21484375  0.41015625
  1.          0.          1.          0.265625   -0.8         0.5       ]",0.04604741180249452,1,2
209,224,2024-09-26 21:13:25.802636032,TASK_BEGIN,19,-0.2302621645754219,0.0982842556891371,4.581154553421595,1.2783768672680398,3.3027745668040147,-0.9819885057716236,8.54719404085734,-0.5601847870897164,0,2024-09-26 21:13:27.176013916,1727385207.1760144,2024-09-26 21:13:27.176014336,3,1.0,0.1,0.3940399,[0.35069191 0.64930809],[0.35069191 0.64930809],"[ 0.94444444  0.234375    0.4296875   1.          0.          1.
  1.          0.          1.          0.4140625  -0.8         0.5       ]",0.04451272614115739,0,0
210,225,2024-09-26 21:13:25.873449984,TASK_BEGIN,19,-0.1839027551569903,0.0888693752368658,4.84046597177012,1.21486021623588,3.2849675595509527,-0.9779564394053804,7.833409002690703,-0.399669373196608,0,2024-09-26 21:13:27.277014893,1727385207.2770152,2024-09-26 21:13:27.277015296,3,1.0,0.1,0.58519850599,[0.32915709 0.67084291],[0.32915709 0.67084291],"[ 0.91666667  0.234375    0.4296875   1.          0.          1.
  1.          0.          1.          0.3828125  -0.8         0.5       ]",0.058054498798995095,0,0
211,226,2024-09-26 21:13:25.945161984,TASK_BEGIN,19,-0.142151763755895,0.0794910894775217,5.114569232859844,1.146935049744111,3.258008807209092,-0.9709087890862564,7.098783547218322,-0.2351815819773347,0,2024-09-26 21:13:27.277014893,1727385207.2770152,2024-09-26 21:13:27.277015296,3,1.0,0.1,0.58519850599,[0.32915709 0.67084291],[0.32915709 0.67084291],"[ 0.91666667  0.234375    0.4296875   1.          0.          1.
  1.          0.          1.          0.3828125  -0.8         0.5       ]",0.058054498798995095,0,0
212,227,2024-09-26 21:13:26.011906048,TASK_BEGIN,19,-0.105433623655608,0.0701385735654008,5.399121609316517,1.0760299515840288,3.223597361111327,-0.9612796045532864,6.358725038542978,-0.0724613735000543,0,2024-09-26 21:13:27.277014893,1727385207.2770152,2024-09-26 21:13:27.277015296,3,1.0,0.1,0.58519850599,[0.32915709 0.67084291],[0.32915709 0.67084291],"[ 0.91666667  0.234375    0.4296875   1.          0.          1.
  1.          0.          1.          0.3828125  -0.8         0.5       ]",0.058054498798995095,0,0
213,228,2024-09-26 21:13:26.066105088,TASK_BEGIN,19,-0.074054429629776,0.060783767385798,5.687508880258448,1.003965314460573,3.183421215746085,-0.9495862448047444,5.627364964727913,0.0828881464817774,0,2024-09-26 21:13:27.277014893,1727385207.2770152,2024-09-26 21:13:27.277015296,3,1.0,0.1,0.58519850599,[0.32915709 0.67084291],[0.32915709 0.67084291],"[ 0.91666667  0.234375    0.4296875   1.          0.          1.
  1.          0.          1.          0.3828125  -0.8         0.5       ]",0.058054498798995095,0,0
214,229,2024-09-26 21:13:26.145473024,TASK_BEGIN,19,-0.0483219504210341,0.0514182008002668,5.970807344375049,0.9328627353622068,3.1392014989914694,-0.9363956988148774,4.918390044359299,0.2254783414332017,0,2024-09-26 21:13:27.277014893,1727385207.2770152,2024-09-26 21:13:27.277015296,3,1.0,0.1,0.58519850599,[0.32915709 0.67084291],[0.32915709 0.67084291],"[ 0.91666667  0.234375    0.4296875   1.          0.          1.
  1.          0.          1.          0.3828125  -0.8         0.5       ]",0.058054498798995095,0,0
215,230,2024-09-26 21:13:26.212261888,TASK_BEGIN,19,-0.0285310641818661,0.0420654315565475,6.238372284618689,0.8648812611182312,3.0927096874819315,-0.9222909079885656,4.246794113625249,0.3501357706289154,0,2024-09-26 21:13:27.628017822,1727385207.6280186,2024-09-26 21:13:27.628018688,3,1.0,0.1,1.22478977001032,[0.30767767 0.69232233],[0.30767767 0.69232233],"[ 0.81944444  0.234375    0.4296875   1.          0.          1.
  1.          0.          1.          0.2734375  -0.8         0.5       ]",0.0658346403346736,0,0
216,231,2024-09-26 21:13:27.137193728,TASK_BEGIN,19,-0.0148283047832222,0.0327707616719758,6.478982426595842,0.8019090631495686,3.045724706612386,-0.9078358746780087,3.6305898242217,0.4519302785905789,0,2024-09-26 21:13:28.537012939,1727385208.5370138,2024-09-26 21:13:28.537013760,3,0.0,0.1,2.6769663034560254,[9.99995657e-01 4.34274264e-06],[9.99995657e-01 4.34274264e-06],"[0.56944444 0.234375   0.4296875  1.         0.         1.
 1.         0.         1.         0.2265625  0.7        0.        ]",0.3702001524018712,0,0
217,232,2024-09-26 21:13:27.203418880,TASK_BEGIN,19,-0.0070805601026832,0.0235900786480585,6.682030166860784,0.7454033002355329,2.9999935838795597,-0.8935412903626987,3.091386286014585,0.5263016442175542,0,2024-09-26 21:13:28.639014893,1727385208.6390152,2024-09-26 21:13:28.639015168,3,0.0,0.1,2.8226946740172503,[9.99988793e-01 1.12065798e-05],[9.99988793e-01 1.12065798e-05],"[ 0.54166667  0.234375    0.4296875   1.          0.          1.
  1.          0.          1.          0.25976562  0.9        -0.06666667]",0.40235969754656514,0,0
218,233,2024-09-26 21:13:27.270755072,TASK_BEGIN,19,-0.0048274725777845,0.0145888304303611,6.838294668626574,0.6964363789427792,2.9572716932329297,-0.8798445892762539,2.653528527688658,0.5692768290267064,0,2024-09-26 21:13:28.689013916,1727385208.6890144,2024-09-26 21:13:28.689014528,3,0.0,0.1,2.894467727277078,[9.99960016e-01 3.99836158e-05],[9.99960016e-01 3.99836158e-05],"[ 0.52777778  0.234375    0.4296875   1.          0.          1.
  1.          0.          1.          0.27929688  1.         -0.1       ]",0.4249458288406462,0,0
219,234,2024-09-26 21:13:27.331345920,TASK_BEGIN,19,-0.0072917775713411,0.0058417040301644,6.940280754259586,0.6558389741776013,2.9193918678455293,-0.8671113496697745,2.342430283994465,0.577721088874983,0,2024-09-26 21:13:28.740015137,1727385208.740015,2024-09-26 21:13:28.740015104,3,0.0,0.1,2.965523050004307,[9.99778972e-01 2.21028066e-04],[9.99778972e-01 2.21028066e-04],"[ 0.51388889  0.234375    0.4296875   1.          0.          1.
  1.          0.          1.          0.29882812  1.         -0.13333333]",0.4421042092454955,0,0
220,235,2024-09-26 21:13:27.404324096,TASK_BEGIN,19,-0.0134020504563402,-0.0025757765935174,6.982380908542909,0.624307546708142,2.8882334791642514,-0.8556441811431968,2.182712726680215,0.5495834156084949,0,2024-09-26 21:13:28.740015137,1727385208.740015,2024-09-26 21:13:28.740015104,3,0.0,0.1,2.965523050004307,[9.99778972e-01 2.21028066e-04],[9.99778972e-01 2.21028066e-04],"[ 0.51388889  0.234375    0.4296875   1.          0.          1.
  1.          0.          1.          0.29882812  1.         -0.13333333]",0.4421042092454955,0,0
221,236,2024-09-26 21:13:27.471122944,TASK_BEGIN,19,-0.0218376719493834,-0.0105984029297047,6.960953245488597,0.602432101909413,2.86556237075725,-0.8456850054242357,2.1959181558862184,0.4841574012201641,0,2024-09-26 21:13:28.740015137,1727385208.740015,2024-09-26 21:13:28.740015104,3,0.0,0.1,2.965523050004307,[9.99778972e-01 2.21028066e-04],[9.99778972e-01 2.21028066e-04],"[ 0.51388889  0.234375    0.4296875   1.          0.          1.
  1.          0.          1.          0.29882812  1.         -0.13333333]",0.4421042092454955,0,0
222,237,2024-09-26 21:13:27.537904128,TASK_BEGIN,19,-0.0311312770773985,-0.0181779130284024,6.874143566884274,0.5906810461375199,2.852830737439106,-0.837413613030001,2.397433059149277,0.382366754466226,0,2024-09-26 21:13:28.740015137,1727385208.740015,2024-09-26 21:13:28.740015104,3,0.0,0.1,2.965523050004307,[9.99778972e-01 2.21028066e-04],[9.99778972e-01 2.21028066e-04],"[ 0.51388889  0.234375    0.4296875   1.          0.          1.
  1.          0.          1.          0.29882812  1.         -0.13333333]",0.4421042092454955,0,0
223,238,2024-09-26 21:13:28.487230976,TASK_BEGIN,19,-0.0398287128390225,-0.0252850279947617,6.721333672693542,0.5893943605941475,2.851015645055097,-0.8309483504004934,2.7933806717683924,0.2469594277162793,0,2024-09-26 21:13:29.906326172,1727385209.9063263,2024-09-26 21:13:29.906326272,3,0.0,0.1,4.417338614521361,[0.97575497 0.02424503],[0.97575497 0.02424503],"[ 0.19444444  0.234375    0.4296875   0.69444444  0.3125      0.5078125
  1.          0.          1.          0.34570312  0.8        -0.03333333]",0.7696378247813521,1,2
224,239,2024-09-26 21:13:28.554031872,TASK_BEGIN,19,-0.0466607910784455,-0.0319077306383005,6.502408008359248,0.59879309458506,2.860515666402521,-0.8263457859195404,3.3789957558791706,0.0824305668595733,0,2024-09-26 21:13:29.906326172,1727385209.9063263,2024-09-26 21:13:29.906326272,3,0.0,0.1,4.417338614521361,[0.97575497 0.02424503],[0.97575497 0.02424503],"[ 0.19444444  0.234375    0.4296875   0.69444444  0.3125      0.5078125
  1.          0.          1.          0.34570312  0.8        -0.03333333]",0.7696378247813521,1,2
225,240,2024-09-26 21:13:28.620802048,TASK_BEGIN,19,-0.0506776015195138,-0.0380439080031245,6.217232829015693,0.6189767707119006,2.8811095853829536,-0.8235963641165456,4.138991568854054,-0.1053460979102665,0,2024-09-26 21:13:29.906326172,1727385209.9063263,2024-09-26 21:13:29.906326272,3,0.0,0.1,4.417338614521361,[0.97575497 0.02424503],[0.97575497 0.02424503],"[ 0.19444444  0.234375    0.4296875   0.69444444  0.3125      0.5078125
  1.          0.          1.          0.34570312  0.8        -0.03333333]",0.7696378247813521,1,2
226,241,2024-09-26 21:13:28.687607808,TASK_BEGIN,19,-0.0513336872688701,-0.0436867312643676,5.8656463642912895,0.6499047058386838,2.9119888710306614,-0.8226201105925808,5.048801325498991,-0.3095691042307291,0,2024-09-26 21:13:29.906326172,1727385209.9063263,2024-09-26 21:13:29.906326272,3,0.0,0.1,4.417338614521361,[0.97575497 0.02424503],[0.97575497 0.02424503],"[ 0.19444444  0.234375    0.4296875   0.69444444  0.3125      0.5078125
  1.          0.          1.          0.34570312  0.8        -0.03333333]",0.7696378247813521,1,2
227,242,2024-09-26 21:13:28.754379264,TASK_BEGIN,19,-0.0485364538048364,-0.0488044644581979,5.447978365871911,0.6914005898052876,2.9518592429750896,-0.8232668751548287,6.075509481262177,-0.522838163915029,0,2024-09-26 21:13:29.906326172,1727385209.9063263,2024-09-26 21:13:29.906326272,3,0.0,0.1,4.417338614521361,[0.97575497 0.02424503],[0.97575497 0.02424503],"[ 0.19444444  0.234375    0.4296875   0.69444444  0.3125      0.5078125
  1.          0.          1.          0.34570312  0.8        -0.03333333]",0.7696378247813521,1,2
228,243,2024-09-26 21:13:28.820262912,TASK_BEGIN,19,-0.0426606198782975,-0.053322613486345,4.965959582041014,0.7431907179705582,2.9990578249015942,-0.8253206410871672,7.178779420198552,-0.7373829366695388,0,2024-09-26 21:13:29.906326172,1727385209.9063263,2024-09-26 21:13:29.906326272,3,0.0,0.1,4.417338614521361,[0.97575497 0.02424503],[0.97575497 0.02424503],"[ 0.19444444  0.234375    0.4296875   0.69444444  0.3125      0.5078125
  1.          0.          1.          0.34570312  0.8        -0.03333333]",0.7696378247813521,1,2
229,244,2024-09-26 21:13:28.881912832,TASK_BEGIN,19,-0.0345196583467009,-0.0571198453252956,4.423932729577057,0.8049076218960717,3.0516094661415147,-0.8285068446001723,8.3129258094612,-0.9453398269103204,0,2024-09-26 21:13:29.906326172,1727385209.9063263,2024-09-26 21:13:29.906326272,3,0.0,0.1,4.417338614521361,[0.97575497 0.02424503],[0.97575497 0.02424503],"[ 0.19444444  0.234375    0.4296875   0.69444444  0.3125      0.5078125
  1.          0.          1.          0.34570312  0.8        -0.03333333]",0.7696378247813521,1,2
230,245,2024-09-26 21:13:29.827162112,TASK_BEGIN,19,-0.0252850229717095,-0.0600411894028239,3.830227647087785,0.8759869142404924,3.107208800599216,-0.8325048215217945,9.430463336320708,-1.1391353573634688,0,2024-09-26 21:13:30.763189941,1727385210.76319,2024-09-26 21:13:30.763190016,3,1.0,0.1,6.0760048156355735,[0.73105858 0.26894142],[9.99999997e-01 2.94251830e-09],"[-0.04166667  0.234375    0.4296875   0.45833333  0.3125      0.5078125
  0.95833333  0.21484375  0.41015625  0.31445312 -0.8         0.5       ]",0.030971060387722578,1,2
231,246,2024-09-26 21:13:29.904165888,TASK_BEGIN,19,-0.0163605377248607,-0.0619200382917082,3.198295471941838,0.9554780747062978,3.1632060286448245,-0.8369666608192576,10.48629009570681,-1.3119183290500005,0,2024-09-26 21:13:30.763189941,1727385210.76319,2024-09-26 21:13:30.763190016,3,1.0,0.1,6.0760048156355735,[0.73105858 0.26894142],[9.99999997e-01 2.94251830e-09],"[-0.04166667  0.234375    0.4296875   0.45833333  0.3125      0.5078125
  0.95833333  0.21484375  0.41015625  0.31445312 -0.8         0.5       ]",0.030971060387722578,1,2
232,247,2024-09-26 21:13:29.966874880,TASK_BEGIN,19,-0.0092524089562668,-0.0625995229773057,2.5470588574363875,1.0418705192729687,3.216681474043594,-0.8415404683343402,11.441427884315504,-1.4579708472727586,0,2024-09-26 21:13:30.814189941,1727385210.8141901,2024-09-26 21:13:30.814190080,3,0.0,0.1,6.115244767479218,[0.71414112 0.28585888],[0.95779117 0.04220883],"[-0.05555556  0.234375    0.4296875   0.44444444  0.3125      0.5078125
  0.94444444  0.21484375  0.41015625  0.30078125 -0.7         0.46666667]",0.009263282691263084,1,2
233,248,2024-09-26 21:13:30.028285952,TASK_BEGIN,19,-0.0054780421747237,-0.0619492924845145,1.90020574115998,1.1330212708711476,3.2646254700439674,-0.8458962509461648,12.265770238449944,-1.5730750431529992,0,2024-09-26 21:13:30.916188965,1727385210.9161897,2024-09-26 21:13:30.916189696,3,0.0,0.1,6.1925513966063805,[0.73069803 0.26930197],[9.99083471e-01 9.16528810e-04],"[-0.08333333  0.234375    0.4296875   0.41666667  0.3125      0.5078125
  0.91666667  0.21484375  0.41015625  0.27929688 -0.5         0.4       ]",0.003305533253228729,1,2
234,249,2024-09-26 21:13:30.089894912,TASK_BEGIN,19,-0.0064998692068225,-0.0598767666791689,1.28461335285981,1.226182606750933,3.304192700883854,-0.8497537322286863,12.93970038839648,-1.6548267780279664,0,2024-09-26 21:13:30.967191895,1727385210.9671926,2024-09-26 21:13:30.967192576,3,0.0,0.1,6.230625882640316,[0.7309302 0.2690698],[9.99673580e-01 3.26419674e-04],"[-0.09722222  0.234375    0.4296875   0.40277778  0.3125      0.5078125
  0.90277778  0.21484375  0.41015625  0.27148438 -0.4         0.36666667]",0.0023192742576359773,1,2
235,250,2024-09-26 21:13:30.171293952,TASK_BEGIN,19,-0.0136243513410457,-0.0563363013349415,0.7282863115059826,1.3180785614379429,3.332982028093949,-0.8529092859047824,13.454437191783958,-1.7028352743583164,0,2024-09-26 21:13:31.018193848,1727385211.0181942,2024-09-26 21:13:31.018194176,3,0.0,0.1,6.2683196238139125,[0.73100517 0.26899483],[9.99864174e-01 1.35825971e-04],"[-0.11111111  0.234375    0.4296875   0.38888889  0.3125      0.5078125
  0.88888889  0.21484375  0.41015625  0.265625   -0.3         0.33333333]",0.0017071132472743725,1,2
236,251,2024-09-26 21:13:30.238096896,TASK_BEGIN,19,-0.0278395348337313,-0.0513408901755283,0.2580386295185358,1.40503742533203,3.349262411385517,-0.8552555075130861,13.81102652458186,-1.7187116978473072,0,2024-09-26 21:13:31.119190918,1727385211.119191,2024-09-26 21:13:31.119191040,3,0.0,0.1,6.342580063300015,[0.73103968 0.26896032],[9.99951939e-01 4.80605972e-05],"[-0.13888889  0.234375    0.4296875   0.36111111  0.3125      0.5078125
  0.86111111  0.21484375  0.41015625  0.25976562 -0.1         0.26666667]",0.0011049280165120934,1,2
237,256,2024-09-26 21:13:31.453509120,TASK_BEGIN,19,-0.1985588955076936,-0.0096716790437291,-0.2193926139603549,1.6473962640640187,3.2301442818598862,-0.8571622116446642,13.684355052090543,-1.4701099396279351,0,2024-09-26 21:13:32.874949951,1727385212.8749504,2024-09-26 21:13:32.874950400,4,1.0,0.1,0.1,[0.36516878 0.63483122],[0.36516878 0.63483122],"[ 0.98611111  0.33203125  0.52734375  1.          0.          1.
  1.          0.          1.          0.4609375  -0.8         0.5       ]",0.03335912668913723,0,0
238,257,2024-09-26 21:13:31.520283904,TASK_BEGIN,19,-0.2426151990909113,0.0002825665449583,0.0826636559046473,1.6431281859757565,3.1701040318277234,-0.8567361849144735,13.41027168992573,-1.3930679557160308,0,2024-09-26 21:13:32.924946045,1727385212.9249468,2024-09-26 21:13:32.924946688,4,1.0,0.1,0.199,[0.35023645 0.64976355],[0.35023645 0.64976355],"[ 0.97222222  0.33203125  0.52734375  1.          0.          1.
  1.          0.          1.          0.4453125  -0.8         0.5       ]",0.04168484931461437,0,0
239,258,2024-09-26 21:13:31.574328832,TASK_BEGIN,19,-0.28496616140293,0.0101216042227059,0.497038253699535,1.6208184097962388,3.1005094983022805,-0.8564351070754207,13.10215681797229,-1.3183786885157356,0,2024-09-26 21:13:32.924946045,1727385212.9249468,2024-09-26 21:13:32.924946688,4,1.0,0.1,0.199,[0.35023645 0.64976355],[0.35023645 0.64976355],"[ 0.97222222  0.33203125  0.52734375  1.          0.          1.
  1.          0.          1.          0.4453125  -0.8         0.5       ]",0.04168484931461437,0,0
240,259,2024-09-26 21:13:32.536503296,TASK_BEGIN,19,-0.3235047753571585,0.0195819170751217,1.004999144483585,1.582089144578732,3.0227382443095907,-0.8563102455357209,12.78011205064876,-1.249349040798677,0,2024-09-26 21:13:33.939497070,1727385213.9394972,2024-09-26 21:13:33.939497216,4,0.0,0.1,1.9836941046095409,[9.99411886e-01 5.88113901e-04],[9.99411886e-01 5.88113901e-04],"[0.69444444 0.33203125 0.52734375 1.         0.         1.
 1.         0.         1.         0.203125   0.         0.23333333]",0.33009853609917206,0,0
241,260,2024-09-26 21:13:32.595570176,TASK_BEGIN,19,-0.356408150744358,0.0284076052806124,1.5830531592572206,1.529339854598495,2.938391721764565,-0.8563331976564215,12.46197705036438,-1.1882617823204904,0,2024-09-26 21:13:33.939497070,1727385213.9394972,2024-09-26 21:13:33.939497216,4,0.0,0.1,1.9836941046095409,[9.99411886e-01 5.88113901e-04],[9.99411886e-01 5.88113901e-04],"[0.69444444 0.33203125 0.52734375 1.         0.         1.
 1.         0.         1.         0.203125   0.         0.23333333]",0.33009853609917206,0,0
242,261,2024-09-26 21:13:32.655092992,TASK_BEGIN,19,-0.3822140270734621,0.0363503102904612,2.2034403421111275,1.465672485874268,2.849441217024357,-0.8564330360696351,12.161497126932185,-1.136256575546589,0,2024-09-26 21:13:33.939497070,1727385213.9394972,2024-09-26 21:13:33.939497216,4,0.0,0.1,1.9836941046095409,[9.99411886e-01 5.88113901e-04],[9.99411886e-01 5.88113901e-04],"[0.69444444 0.33203125 0.52734375 1.         0.         1.
 1.         0.         1.         0.203125   0.         0.23333333]",0.33009853609917206,0,0
243,262,2024-09-26 21:13:32.736856064,TASK_BEGIN,19,-0.3999269684068846,0.043187527406941,2.835200115820565,1.3947759524169427,2.7582672758260327,-0.8565382168736769,11.88613292970263,-1.093121403306785,0,2024-09-26 21:13:33.939497070,1727385213.9394972,2024-09-26 21:13:33.939497216,4,0.0,0.1,1.9836941046095409,[9.99411886e-01 5.88113901e-04],[9.99411886e-01 5.88113901e-04],"[0.69444444 0.33203125 0.52734375 1.         0.         1.
 1.         0.         1.         0.203125   0.         0.23333333]",0.33009853609917206,0,0
244,263,2024-09-26 21:13:32.794842112,TASK_BEGIN,19,-0.4091449105334716,0.0487542847152331,3.4457467104486166,1.3207339927662725,2.6675165794871,-0.8566037150453881,11.635503691825468,-1.0571366812076153,0,2024-09-26 21:13:33.939497070,1727385213.9394972,2024-09-26 21:13:33.939497216,4,0.0,0.1,1.9836941046095409,[9.99411886e-01 5.88113901e-04],[9.99411886e-01 5.88113901e-04],"[0.69444444 0.33203125 0.52734375 1.         0.         1.
 1.         0.         1.         0.203125   0.         0.23333333]",0.33009853609917206,0,0
245,264,2024-09-26 21:13:32.870420992,TASK_BEGIN,19,-0.4101151302303201,0.0529724805794824,4.00293898822253,1.2477665288652464,2.579834547757646,-0.8566167296069297,11.401606145643818,-1.02523323997608,0,2024-09-26 21:13:33.939497070,1727385213.9394972,2024-09-26 21:13:33.939497216,4,0.0,0.1,1.9836941046095409,[9.99411886e-01 5.88113901e-04],[9.99411886e-01 5.88113901e-04],"[0.69444444 0.33203125 0.52734375 1.         0.         1.
 1.         0.         1.         0.203125   0.         0.23333333]",0.33009853609917206,0,0
246,265,2024-09-26 21:13:32.937211904,TASK_BEGIN,19,-0.4036369919911464,0.0558608068887157,4.477662039230278,1.179922926770812,2.497599269410532,-0.8565867332409894,11.171061209324934,-0.9935723443482396,0,2024-09-26 21:13:33.939497070,1727385213.9394972,2024-09-26 21:13:33.939497216,4,0.0,0.1,1.9836941046095409,[9.99411886e-01 5.88113901e-04],[9.99411886e-01 5.88113901e-04],"[0.69444444 0.33203125 0.52734375 1.         0.         1.
 1.         0.         1.         0.203125   0.         0.23333333]",0.33009853609917206,0,0
247,266,2024-09-26 21:13:33.886609152,TASK_BEGIN,19,-0.39083575545201,0.0575200046354954,4.846586397600172,1.120735194883158,2.422710786365508,-0.8565248457642228,10.928386293074782,-0.958350373742209,0,2024-09-26 21:13:34.800709961,1727385214.8007104,2024-09-26 21:13:34.800710400,4,0.0,0.1,3.2427095093971685,[0.98552855 0.01447145],[0.98552855 0.01447145],"[ 0.45833333  0.33203125  0.52734375  0.95833333  0.21484375  0.41015625
  1.          0.          1.          0.44726562  1.         -0.33333333]",0.5446430747194481,0,0
248,267,2024-09-26 21:13:33.943517184,TASK_BEGIN,19,-0.3729270417554702,0.0581054815648953,5.094389597478749,1.0728673162988744,2.356389448847477,-0.8564090976655939,10.658893496259644,-0.9164941785322802,0,2024-09-26 21:13:34.800709961,1727385214.8007104,2024-09-26 21:13:34.800710400,4,0.0,0.1,3.2427095093971685,[0.98552855 0.01447145],[0.98552855 0.01447145],"[ 0.45833333  0.33203125  0.52734375  0.95833333  0.21484375  0.41015625
  1.          0.          1.          0.44726562  1.         -0.33333333]",0.5446430747194481,0,0
249,268,2024-09-26 21:13:34.020165120,TASK_BEGIN,19,-0.3510764216707185,0.0578026013560605,5.214907440010456,1.0378393622732078,2.2989913818778422,-0.856145173634878,10.350495554768385,-0.8660399556481366,0,2024-09-26 21:13:35.458959961,1727385215.4589598,2024-09-26 21:13:35.458959872,4,0.0,0.1,4.070335535985006,[9.99999259e-01 7.41196168e-07],[9.99999259e-01 7.41196168e-07],"[0.27777778 0.33203125 0.52734375 0.77777778 0.21484375 0.41015625
 1.         0.         1.         0.40820312 0.3        0.13333333]",0.36577430912238823,0,0
250,269,2024-09-26 21:13:34.086756096,TASK_BEGIN,19,-0.3263554656692217,0.0568069502447591,5.2112591963331525,1.0159007069685355,2.249973562226929,-0.8555538001139011,9.9944700879709,-0.8061879420069995,0,2024-09-26 21:13:35.508958008,1727385215.5089588,2024-09-26 21:13:35.508958720,4,0.0,0.1,4.129632180625156,[9.99979064e-01 2.09364038e-05],[9.99979064e-01 2.09364038e-05],"[0.26388889 0.33203125 0.52734375 0.76388889 0.21484375 0.41015625
 1.         0.         1.         0.41601562 0.4        0.1       ]",0.43494787761657294,0,0
251,270,2024-09-26 21:13:34.153747968,TASK_BEGIN,19,-0.2997188641127697,0.0553032110850487,5.095310006721904,1.0060896202523948,2.2081141881496986,-0.8544059114235745,9.585530218752927,-0.737137911821957,0,2024-09-26 21:13:35.559958984,1727385215.559959,2024-09-26 21:13:35.559959040,4,0.0,0.1,4.1883358588189035,[0.99874329 0.00125671],[0.99874329 0.00125671],"[0.25       0.33203125 0.52734375 0.75       0.21484375 0.41015625
 1.         0.         1.         0.42578125 0.5        0.06666667]",0.5875894913906304,0,0
252,271,2024-09-26 21:13:34.220529152,TASK_BEGIN,19,-0.2719462055876124,0.0534414588788201,4.886661544792372,1.0064888354529478,2.1719542661326536,-0.8524967906774181,9.121637034413618,-0.6598271730757503,0,2024-09-26 21:13:35.559958984,1727385215.559959,2024-09-26 21:13:35.559959040,4,0.0,0.1,4.1883358588189035,[0.99874329 0.00125671],[0.99874329 0.00125671],"[0.25       0.33203125 0.52734375 0.75       0.21484375 0.41015625
 1.         0.         1.         0.42578125 0.5        0.06666667]",0.5875894913906304,0,0
253,272,2024-09-26 21:13:34.287313920,TASK_BEGIN,19,-0.2435594011535346,0.0513176288029271,4.610994635264589,1.014657593994134,2.140328758055195,-0.8497338644748248,8.603849260062765,-0.5756513688980525,0,2024-09-26 21:13:35.559958984,1727385215.559959,2024-09-26 21:13:35.559959040,4,0.0,0.1,4.1883358588189035,[0.99874329 0.00125671],[0.99874329 0.00125671],"[0.25       0.33203125 0.52734375 0.75       0.21484375 0.41015625
 1.         0.         1.         0.42578125 0.5        0.06666667]",0.5875894913906304,0,0
254,273,2024-09-26 21:13:35.199474176,TASK_BEGIN,19,-0.214762129729443,0.0489669439801803,4.2974974574608655,1.0281578756874328,2.112805755178922,-0.8462058911255476,8.03606740554553,-0.4861968425391426,0,2024-09-26 21:13:36.471786133,1727385216.4717863,2024-09-26 21:13:36.471786240,4,0.0,0.1,5.9558907260912095,[0.9551266 0.0448734],[0.9551266 0.0448734],"[ 0.          0.33203125  0.52734375  0.5         0.21484375  0.41015625
  1.          0.3125      0.5078125   0.4375      0.8        -0.03333333]",0.6132547029010282,0,0
255,274,2024-09-26 21:13:35.278434048,TASK_BEGIN,19,-0.1854253095784842,0.0463729612291014,3.975492107632389,1.045014584009041,2.0898718333510247,-0.8422043715647441,7.424482630008993,-0.3930199575458258,0,2024-09-26 21:13:36.673110840,1727385216.673111,2024-09-26 21:13:36.673111040,4,1.0,0.1,6.115244767479218,[0.02009468 0.97990532],[0.02009468 0.97990532],"[-0.05555556  0.33203125  0.52734375  0.44444444  0.21484375  0.41015625
  0.94444444  0.3125      0.5078125   0.375      -0.8         0.5       ]",0.65240660083461,0,0
256,275,2024-09-26 21:13:35.337022976,TASK_BEGIN,19,-0.1551035233927382,0.0434837580759627,3.670852806966301,1.0639476927984868,2.0728365115653933,-0.8381955094248748,6.777158377805351,-0.2975676093918884,0,2024-09-26 21:13:36.724109863,1727385216.7241106,2024-09-26 21:13:36.724110592,4,1.0,0.1,6.154092319804425,[0.02398617 0.97601383],[0.02398617 0.97601383],"[-0.06944444  0.33203125  0.52734375  0.43055556  0.21484375  0.41015625
  0.93055556  0.3125      0.5078125   0.359375   -0.8         0.5       ]",0.693930829506063,0,0
257,276,2024-09-26 21:13:35.412023040,TASK_BEGIN,19,-0.1230729782241392,0.0402253137397618,3.4030101346694366,1.0843349757471925,2.063543146942989,-0.8347662500294776,6.104399961148553,-0.2013181993276509,0,2024-09-26 21:13:36.724109863,1727385216.7241106,2024-09-26 21:13:36.724110592,4,1.0,0.1,6.154092319804425,[0.02398617 0.97601383],[0.02398617 0.97601383],"[-0.06944444  0.33203125  0.52734375  0.43055556  0.21484375  0.41015625
  0.93055556  0.3125      0.5078125   0.359375   -0.8         0.5       ]",0.693930829506063,0,0
258,277,2024-09-26 21:13:35.475280128,TASK_BEGIN,19,-0.0884062031607609,0.0365102449113977,3.1833052747456865,1.1059891216655615,2.063971088007708,-0.8325626705003492,5.419844941996991,-0.1060861975183587,0,2024-09-26 21:13:36.724109863,1727385216.7241106,2024-09-26 21:13:36.724110592,4,1.0,0.1,6.154092319804425,[0.02398617 0.97601383],[0.02398617 0.97601383],"[-0.06944444  0.33203125  0.52734375  0.43055556  0.21484375  0.41015625
  0.93055556  0.3125      0.5078125   0.359375   -0.8         0.5       ]",0.693930829506063,0,0
259,278,2024-09-26 21:13:35.545566208,TASK_BEGIN,19,-0.0500711606673569,0.0322387671503468,3.0151390356481618,1.1288491100049682,2.0758133442569138,-0.832228968843514,4.7414049500801445,-0.0143007543954198,0,2024-09-26 21:13:36.724109863,1727385216.7241106,2024-09-26 21:13:36.724110592,4,1.0,0.1,6.154092319804425,[0.02398617 0.97601383],[0.02398617 0.97601383],"[-0.06944444  0.33203125  0.52734375  0.43055556  0.21484375  0.41015625
  0.93055556  0.3125      0.5078125   0.359375   -0.8         0.5       ]",0.693930829506063,0,0
260,279,2024-09-26 21:13:35.603597824,TASK_BEGIN,19,-0.0070142483567865,0.02728670287348,2.8956118622553078,1.1526745951193618,2.1001485927085244,-0.8343575692297848,4.091233459159029,0.0709190555169193,0,2024-09-26 21:13:36.724109863,1727385216.7241106,2024-09-26 21:13:36.724110592,4,1.0,0.1,6.154092319804425,[0.02398617 0.97601383],[0.02398617 0.97601383],"[-0.06944444  0.33203125  0.52734375  0.43055556  0.21484375  0.41015625
  0.93055556  0.3125      0.5078125   0.359375   -0.8         0.5       ]",0.693930829506063,0,0
261,280,2024-09-26 21:13:36.545847808,TASK_BEGIN,19,0.0417685934236028,0.021490676060295,2.8177259843846234,1.1768700816183688,2.137285074701955,-0.8394554475509018,3.494670842914595,0.1459144282458622,0,2024-09-26 21:13:37.584115967,1727385217.584117,2024-09-26 21:13:37.584116992,4,0.0,0.1,6.758118298596165,[0.9518461 0.0481539],[0.9518461 0.0481539],"[0.19444444 0.21484375 0.41015625 0.69444444 0.3125     0.5078125
 1.         0.         1.         0.328125   0.7        0.        ]",0.6734851745589083,0,0
262,281,2024-09-26 21:13:36.623502080,TASK_BEGIN,19,0.097121458375098,0.0146516182082088,2.7723928218155067,1.200536594868015,2.186758020883941,-0.847920835419864,2.978516249279936,0.2067732353920138,0,2024-09-26 21:13:37.584115967,1727385217.584117,2024-09-26 21:13:37.584116992,4,0.0,0.1,6.758118298596165,[0.9518461 0.0481539],[0.9518461 0.0481539],"[0.19444444 0.21484375 0.41015625 0.69444444 0.3125     0.5078125
 1.         0.         1.         0.328125   0.7        0.        ]",0.6734851745589083,0,0
263,282,2024-09-26 21:13:36.694704128,TASK_BEGIN,19,0.1595507979762101,0.0065643484165583,2.750128737363737,1.2226849465657332,2.2474292920358043,-0.8600262431599776,2.5686425374981883,0.2497054426764521,0,2024-09-26 21:13:37.584115967,1727385217.584117,2024-09-26 21:13:37.584116992,4,0.0,0.1,6.758118298596165,[0.9518461 0.0481539],[0.9518461 0.0481539],"[0.19444444 0.21484375 0.41015625 0.69444444 0.3125     0.5078125
 1.         0.         1.         0.328125   0.7        0.        ]",0.6734851745589083,0,0
264,283,2024-09-26 21:13:36.761487104,TASK_BEGIN,19,0.2290095168588418,-0.0029375590662105,2.7426525716310626,1.24241025402638,2.317676567364221,-0.8759117681272213,2.2870334439717657,0.2714947453848272,0,2024-09-26 21:13:37.737111084,1727385217.7371113,2024-09-26 21:13:37.737111296,4,0.0,1.0,7.7544054270095595,[9.99520841e-01 4.79158593e-04],[9.99520841e-01 4.79158593e-04],"[ 0.15277778  0.21484375  0.41015625  0.65277778  0.3125      0.5078125
  1.          0.          1.          0.28710938 -0.6         0.43333333]",0.3436943172006407,0,0
265,284,2024-09-26 21:13:36.828258048,TASK_BEGIN,19,0.3047120666079873,-0.0139377573590115,2.7444058255198662,1.258892488237389,2.39569117160838,-0.8955957771432925,2.148977928083911,0.269946440872929,0,2024-09-26 21:13:37.737111084,1727385217.7371113,2024-09-26 21:13:37.737111296,4,0.0,1.0,7.7544054270095595,[9.99520841e-01 4.79158593e-04],[9.99520841e-01 4.79158593e-04],"[ 0.15277778  0.21484375  0.41015625  0.65277778  0.3125      0.5078125
  1.          0.          1.          0.28710938 -0.6         0.43333333]",0.3436943172006407,0,0
266,285,2024-09-26 21:13:36.895080960,TASK_BEGIN,19,0.3850494623713273,-0.0264046132833762,2.753634853718222,1.2712895595207938,2.4798482661868086,-0.9190045512935208,2.1612427154430143,0.2442286397070507,0,2024-09-26 21:13:38.292110840,1727385218.2921119,2024-09-26 21:13:38.292111872,4,0.0,0.1,7.989433275245886,[9.99999827e-01 1.73168719e-07],[9.99999827e-01 1.73168719e-07],"[0.         0.21484375 0.41015625 0.5        0.3125     0.5078125
 1.         0.         1.         0.28710938 0.5        0.06666667]",0.345284412938426,0,0
267,286,2024-09-26 21:13:36.961841152,TASK_BEGIN,19,0.4676367367629463,-0.0401725984028466,2.7725190882651494,1.278711343948192,2.5689853395176567,-0.9460035641719384,2.321378138416027,0.1950795581574365,0,2024-09-26 21:13:38.393112793,1727385218.3931134,2024-09-26 21:13:38.393113344,4,0.0,0.1,8.029443553068493,[9.99999931e-01 6.91491179e-08],[9.99999931e-01 6.91491179e-08],"[-0.02777778  0.21484375  0.41015625  0.47222222  0.3125      0.5078125
  1.          0.          1.          0.3125      0.7         0.        ]",0.4211525395163314,0,0
268,287,2024-09-26 21:13:37.885588992,TASK_BEGIN,19,0.5494853970532699,-0.0549373089672537,2.8060295304328675,1.28039330847313,2.662411945942912,-0.9763996657178916,2.617814384867662,0.1249000882114988,0,2024-09-26 21:13:38.953089111,1727385218.953089,2024-09-26 21:13:38.953089024,4,0.0,0.1,8.235685430886083,[0.99818164 0.00181836],[0.99818164 0.00181836],"[-0.18055556  0.21484375  0.41015625  0.31944444  0.3125      0.5078125
  0.89444444  0.2734375   0.46875     0.39257812 -0.5         0.4       ]",0.44671525138092794,0,0
269,288,2024-09-26 21:13:37.952386048,TASK_BEGIN,19,0.6272617824885443,-0.0702668624888677,2.859668084304934,1.2760171025557665,2.7596640846146387,-1.009904153617729,3.0305857821875275,0.0377104791375986,0,2024-09-26 21:13:38.953089111,1727385218.953089,2024-09-26 21:13:38.953089024,4,0.0,0.1,8.235685430886083,[0.99818164 0.00181836],[0.99818164 0.00181836],"[-0.18055556  0.21484375  0.41015625  0.31944444  0.3125      0.5078125
  0.89444444  0.2734375   0.46875     0.39257812 -0.5         0.4       ]",0.44671525138092794,0,0
270,289,2024-09-26 21:13:38.015396096,TASK_BEGIN,19,0.6975753936396174,-0.0856322943347314,2.9367869877093886,1.2660166279099578,2.860170831548721,-1.046079219980267,3.53295344159244,-0.0610909743192889,0,2024-09-26 21:13:39.459178955,1727385219.4591794,2024-09-26 21:13:39.459179520,4,0.0,0.1,8.404385529016487,[9.99582580e-01 4.17420002e-04],[9.99582580e-01 4.17420002e-04],"[0.18055556 0.3125     0.5078125  0.75555556 0.2734375  0.46875
 1.         0.         1.         0.40234375 0.5        0.06666667]",0.4808468369464273,0,0
271,290,2024-09-26 21:13:38.085935104,TASK_BEGIN,19,0.7572605496189687,-0.1004536982213686,3.0364768287472863,1.2517309658356748,2.962946022171044,-1.0842927376348286,4.094080623466454,-0.1651843325050505,0,2024-09-26 21:13:39.510178955,1727385219.510179,2024-09-26 21:13:39.510179072,4,0.0,0.1,8.420341673726321,[0.99005804 0.00994196],[0.99005804 0.00994196],"[0.16666667 0.3125     0.5078125  0.74166667 0.2734375  0.46875
 1.         0.         1.         0.4140625  0.6        0.03333333]",0.6502463290522027,0,0
272,291,2024-09-26 21:13:38.137243904,TASK_BEGIN,19,0.8036449174364543,-0.1141535608872812,3.152833069139146,1.235341810411361,3.0663349310647523,-1.1236939411580786,4.682317221503873,-0.2679281625772335,0,2024-09-26 21:13:39.510178955,1727385219.510179,2024-09-26 21:13:39.510179072,4,0.0,0.1,8.420341673726321,[0.99005804 0.00994196],[0.99005804 0.00994196],"[0.16666667 0.3125     0.5078125  0.74166667 0.2734375  0.46875
 1.         0.         1.         0.4140625  0.6        0.03333333]",0.6502463290522027,0,0
273,292,2024-09-26 21:13:38.213577984,TASK_BEGIN,19,0.8347887906122262,-0.1262080169818208,3.2758385183622334,1.2195863078804108,3.167866189201228,-1.1632245747114245,5.268383225073146,-0.3629913358368469,0,2024-09-26 21:13:39.510178955,1727385219.510179,2024-09-26 21:13:39.510179072,4,0.0,0.1,8.420341673726321,[0.99005804 0.00994196],[0.99005804 0.00994196],"[0.16666667 0.3125     0.5078125  0.74166667 0.2734375  0.46875
 1.         0.         1.         0.4140625  0.6        0.03333333]",0.6502463290522027,0,0
274,293,2024-09-26 21:13:38.275636992,TASK_BEGIN,19,0.8496455825689219,-0.1361876101926944,3.393395627798245,1.2073022097033297,3.264259384248151,-1.201677732587509,5.82786878824928,-0.4448960228008535,0,2024-09-26 21:13:39.510178955,1727385219.510179,2024-09-26 21:13:39.510179072,4,0.0,0.1,8.420341673726321,[0.99005804 0.00994196],[0.99005804 0.00994196],"[0.16666667 0.3125     0.5078125  0.74166667 0.2734375  0.46875
 1.         0.         1.         0.4140625  0.6        0.03333333]",0.6502463290522027,0,0
275,294,2024-09-26 21:13:39.234947072,TASK_BEGIN,19,0.84810582564499,-0.1437814359004982,3.493629370962624,1.2009493563967517,3.351571383595814,-1.23779344439095,6.342615797027356,-0.5093606283849088,0,2024-09-26 21:13:40.416375000,1727385220.4163756,2024-09-26 21:13:40.416375552,4,0.0,0.1,9.440402262380928,[0.99873952 0.00126048],[0.99873952 0.00126048],"[-0.08333333  0.3125      0.5078125   0.49166667  0.2734375   0.46875
  0.99166667  0.1953125   0.390625    0.42773438  0.8        -0.03333333]",0.7184012600344966,0,0
276,295,2024-09-26 21:13:39.301661184,TASK_BEGIN,19,0.8309427312228677,-0.1488046668732527,3.5666414507273063,1.2022744102793526,3.425432961755946,-1.270360767632548,6.800848068060912,-0.5534055888843722,0,2024-09-26 21:13:40.416375000,1727385220.4163756,2024-09-26 21:13:40.416375552,4,0.0,0.1,9.440402262380928,[0.99873952 0.00126048],[0.99873952 0.00126048],"[-0.08333333  0.3125      0.5078125   0.49166667  0.2734375   0.46875
  0.99166667  0.1953125   0.390625    0.42773438  0.8        -0.03333333]",0.7184012600344966,0,0
277,296,2024-09-26 21:13:39.359488000,TASK_BEGIN,19,0.7996902637839534,-0.1511930906734985,3.605304156734656,1.212205970838448,3.481363236940921,-1.2983018939884607,7.196288721102264,-0.5752750011833084,0,2024-09-26 21:13:40.416375000,1727385220.4163756,2024-09-26 21:13:40.416375552,4,0.0,0.1,9.440402262380928,[0.99873952 0.00126048],[0.99873952 0.00126048],"[-0.08333333  0.3125      0.5078125   0.49166667  0.2734375   0.46875
  0.99166667  0.1953125   0.390625    0.42773438  0.8        -0.03333333]",0.7184012600344966,0,0
278,297,2024-09-26 21:13:39.435450880,TASK_BEGIN,19,0.7564550555609928,-0.1509869469489869,3.6052485199639537,1.230954479280174,3.5151724006598206,-1.3207321304939217,7.526670787753595,-0.5742691745402282,0,2024-09-26 21:13:40.416375000,1727385220.4163756,2024-09-26 21:13:40.416375552,4,0.0,0.1,9.440402262380928,[0.99873952 0.00126048],[0.99873952 0.00126048],"[-0.08333333  0.3125      0.5078125   0.49166667  0.2734375   0.46875
  0.99166667  0.1953125   0.390625    0.42773438  0.8        -0.03333333]",0.7184012600344966,0,0
279,298,2024-09-26 21:13:39.499645952,TASK_BEGIN,19,0.7036755859750974,-0.1483073128857948,3.5645200171656697,1.258228430594376,3.523419408129573,-1.3370011346411022,7.792240978460875,-0.5506026137724183,0,2024-09-26 21:13:40.416375000,1727385220.4163756,2024-09-26 21:13:40.416375552,4,0.0,0.1,9.440402262380928,[0.99873952 0.00126048],[0.99873952 0.00126048],"[-0.08333333  0.3125      0.5078125   0.49166667  0.2734375   0.46875
  0.99166667  0.1953125   0.390625    0.42773438  0.8        -0.03333333]",0.7184012600344966,0,0
280,299,2024-09-26 21:13:39.561702912,TASK_BEGIN,19,0.6438705933812925,-0.1433290149090967,3.4832066017709105,1.2934651312569063,3.503827511806094,-1.3467212732426148,7.994982532677042,-0.5053751575042615,0,2024-09-26 21:13:40.416375000,1727385220.4163756,2024-09-26 21:13:40.416375552,4,0.0,0.1,9.440402262380928,[0.99873952 0.00126048],[0.99873952 0.00126048],"[-0.08333333  0.3125      0.5078125   0.49166667  0.2734375   0.46875
  0.99166667  0.1953125   0.390625    0.42773438  0.8        -0.03333333]",0.7184012600344966,0,0
281,300,2024-09-26 21:13:39.624190208,TASK_BEGIN,19,0.5794019733552868,-0.1362498564165982,3.3630714255658374,1.3359733674262724,3.4555407068317154,-1.3497805927022013,8.138797422166597,-0.4406484648467129,0,2024-09-26 21:13:40.870376221,1727385220.8693733,2024-09-26 21:13:40.869373440,4,0.0,0.1,9.488797815032148,[9.99998513e-01 1.48662641e-06],[9.99998513e-01 1.48662641e-06],"[ 0.36666667  0.2734375   0.46875     0.86666667  0.1953125   0.390625
  1.          0.          1.          0.33398438 -0.5         0.4       ]",0.32274172122550604,0,0
282,301,2024-09-26 21:13:40.584260864,TASK_BEGIN,19,0.5122691794674544,-0.1272568297890841,3.207188521137084,1.384930360799552,3.379174083840105,-1.3463334305552543,8.22996592715476,-0.3595203894868021,0,2024-09-26 21:13:41.476093994,1727385221.4760947,2024-09-26 21:13:41.476094720,4,0.0,0.1,9.54687811685626,[0.98767837 0.01232163],[0.98767837 0.01232163],"[0.2        0.2734375  0.46875    0.7        0.1953125  0.390625
 1.         0.         1.         0.36914062 0.7        0.        ]",0.6667075031511542,0,0
283,302,2024-09-26 21:13:40.646816768,TASK_BEGIN,19,0.4439825138946902,-0.1164995855163714,3.0196461023677044,1.4392854056248534,3.2767612351560333,-1.3367762510085592,8.276771187338571,-0.2660508936306314,0,2024-09-26 21:13:41.576726074,1727385221.5767264,2024-09-26 21:13:41.576726528,4,0.0,0.1,9.555895242330818,[0.99577289 0.00422711],[0.99577289 0.00422711],"[ 0.17222222  0.2734375   0.46875     0.67222222  0.1953125   0.390625
  1.          0.          1.          0.33984375 -0.7         0.46666667]",0.3322151674410903,0,0
284,303,2024-09-26 21:13:40.708387072,TASK_BEGIN,19,0.3755507573091052,-0.1040832008985026,2.80538997331338,1.4976753335523512,3.1517516033826465,-1.3217293054823327,8.287875244806445,-0.1649707394685202,0,2024-09-26 21:13:41.576726074,1727385221.5767264,2024-09-26 21:13:41.576726528,4,0.0,0.1,9.555895242330818,[0.99577289 0.00422711],[0.99577289 0.00422711],"[ 0.17222222  0.2734375   0.46875     0.67222222  0.1953125   0.390625
  1.          0.          1.          0.33984375 -0.7         0.46666667]",0.3322151674410903,0,0
285,304,2024-09-26 21:13:40.785586176,TASK_BEGIN,19,0.3075501256515675,-0.0900803276402699,2.570196890812061,1.5583890538224048,3.009038185673183,-1.302026900247203,8.270233229622134,-0.0612563663266694,0,2024-09-26 21:13:42.229576172,1727385222.229576,2024-09-26 21:13:42.229576192,4,0.0,0.1,10.41609316756427,[9.99997544e-01 2.45593682e-06],[9.99997544e-01 2.45593682e-06],"[-0.00833333  0.2734375   0.46875     0.49166667  0.1953125   0.390625
  0.99166667  0.29296875  0.48828125  0.33984375  0.6         0.03333333]",0.5222325339625603,0,0
286,305,2024-09-26 21:13:40.852890880,TASK_BEGIN,19,0.2402128306329431,-0.0745549801701172,2.320641986180742,1.6193669559219743,2.8548242097462504,-1.2786925122137522,8.227630227902376,0.040300736852344,0,2024-09-26 21:13:42.229576172,1727385222.229576,2024-09-26 21:13:42.229576192,4,0.0,0.1,10.41609316756427,[9.99997544e-01 2.45593682e-06],[9.99997544e-01 2.45593682e-06],"[-0.00833333  0.2734375   0.46875     0.49166667  0.1953125   0.390625
  0.99166667  0.29296875  0.48828125  0.33984375  0.6         0.03333333]",0.5222325339625603,0,0
287,306,2024-09-26 21:13:40.911636224,TASK_BEGIN,19,0.1735083165895119,-0.0575924595781465,2.063992663811932,1.6782409144744348,2.696212135862534,-1.2528803731493643,8.160062868017139,0.1355041603857623,0,2024-09-26 21:13:42.229576172,1727385222.229576,2024-09-26 21:13:42.229576192,4,0.0,0.1,10.41609316756427,[9.99997544e-01 2.45593682e-06],[9.99997544e-01 2.45593682e-06],"[-0.00833333  0.2734375   0.46875     0.49166667  0.1953125   0.390625
  0.99166667  0.29296875  0.48828125  0.33984375  0.6         0.03333333]",0.5222325339625603,0,0
288,307,2024-09-26 21:13:40.986481920,TASK_BEGIN,19,0.1072236589065764,-0.0393297195757438,1.808190940295007,1.7324187495795962,2.540609959504206,-1.225793862699113,8.063468993793064,0.2211662746122474,0,2024-09-26 21:13:42.430574951,1727385222.4305756,2024-09-26 21:13:42.430575616,4,1.0,0.1,10.399697436550497,[0.04968926 0.95031074],[0.04968926 0.95031074],"[-0.06388889  0.2734375   0.46875     0.43611111  0.1953125   0.390625
  0.93611111  0.29296875  0.48828125  0.33789062 -0.8         0.5       ]",0.5911737244127914,0,0
289,308,2024-09-26 21:13:41.937267968,TASK_BEGIN,19,0.0410604073424064,-0.0199783655609031,1.5619943097499878,1.779203210069611,2.395146657617254,-1.1986058369483952,7.929750629846942,0.295439284120318,0,2024-09-26 21:13:43.335576904,1727385223.335577,2024-09-26 21:13:43.335577088,4,0.0,0.1,10.333553011217704,[9.99360382e-01 6.39617694e-04],[9.99360382e-01 6.39617694e-04],"[0.18611111 0.1953125  0.390625   0.68611111 0.29296875 0.48828125
 1.         0.         1.         0.29101562 0.7        0.        ]",0.5530844728292659,0,0
290,309,2024-09-26 21:13:41.995220992,TASK_BEGIN,19,-0.0252415827864119,0.0001643594332309,1.334918636765355,1.815966652310034,2.2662120165914903,-1.1723976173631705,7.747856499561824,0.3578889313184786,0,2024-09-26 21:13:43.385575928,1727385223.3855765,2024-09-26 21:13:43.385576448,4,0.0,0.1,10.330217481105526,[0.97147404 0.02852596],[0.97147404 0.02852596],"[ 0.17222222  0.1953125   0.390625    0.67222222  0.29296875  0.48828125
  1.          0.          1.          0.30664062  0.8        -0.03333333]",0.7053753051435037,0,0
291,310,2024-09-26 21:13:42.070836224,TASK_BEGIN,19,-0.0917720231488204,0.020718570594895,1.136537706000079,1.8404244650039696,2.159108670930348,-1.1481178313945035,7.506548167319502,0.4092280670624766,0,2024-09-26 21:13:43.385575928,1727385223.3855765,2024-09-26 21:13:43.385576448,4,0.0,0.1,10.330217481105526,[0.97147404 0.02852596],[0.97147404 0.02852596],"[ 0.17222222  0.1953125   0.390625    0.67222222  0.29296875  0.48828125
  1.          0.          1.          0.30664062  0.8        -0.03333333]",0.7053753051435037,0,0
292,311,2024-09-26 21:13:42.137638144,TASK_BEGIN,19,-0.1583417290992198,0.0412410427556226,0.9751909170528305,1.8509887439441404,2.0777612883873573,-1.126553337327494,7.19853953820607,0.4507715462746917,0,2024-09-26 21:13:43.385575928,1727385223.3855765,2024-09-26 21:13:43.385576448,4,0.0,0.1,10.330217481105526,[0.97147404 0.02852596],[0.97147404 0.02852596],"[ 0.17222222  0.1953125   0.390625    0.67222222  0.29296875  0.48828125
  1.          0.          1.          0.30664062  0.8        -0.03333333]",0.7053753051435037,0,0
293,312,2024-09-26 21:13:42.204425984,TASK_BEGIN,19,-0.2244039812966658,0.0612573404990034,0.8565842418379456,1.8470819978975177,2.024487590199307,-1.1083065030829813,6.824800574937166,0.4837684995035464,0,2024-09-26 21:13:43.385575928,1727385223.3855765,2024-09-26 21:13:43.385576448,4,0.0,0.1,10.330217481105526,[0.97147404 0.02852596],[0.97147404 0.02852596],"[ 0.17222222  0.1953125   0.390625    0.67222222  0.29296875  0.48828125
  1.          0.          1.          0.30664062  0.8        -0.03333333]",0.7053753051435037,0,0
294,313,2024-09-26 21:13:42.260350208,TASK_BEGIN,19,-0.2890050854992746,0.0802932321090069,0.782627074348109,1.82928755355128,1.9998979332299611,-1.0937812666820634,6.397315915799821,0.5088501835663481,0,2024-09-26 21:13:43.385575928,1727385223.3855765,2024-09-26 21:13:43.385576448,4,0.0,0.1,10.330217481105526,[0.97147404 0.02852596],[0.97147404 0.02852596],"[ 0.17222222  0.1953125   0.390625    0.67222222  0.29296875  0.48828125
  1.          0.          1.          0.30664062  0.8        -0.03333333]",0.7053753051435037,0,0
295,314,2024-09-26 21:13:42.338015232,TASK_BEGIN,19,-0.3507850426042614,0.0978925661237904,0.7505831092256784,1.7993293384914464,2.0029681426250057,-1.083183163288048,5.939069942185835,0.5258000686385982,0,2024-09-26 21:13:43.385575928,1727385223.3855765,2024-09-26 21:13:43.385576448,4,0.0,0.1,10.330217481105526,[0.97147404 0.02852596],[0.97147404 0.02852596],"[ 0.17222222  0.1953125   0.390625    0.67222222  0.29296875  0.48828125
  1.          0.          1.          0.30664062  0.8        -0.03333333]",0.7053753051435037,0,0
296,315,2024-09-26 21:13:43.274439168,TASK_BEGIN,19,-0.4080297695459842,0.1136211868617941,0.7527195397724015,1.7599501660696697,2.031244262848329,-1.0765307708364351,5.481347390358526,0.5336716229861748,0,2024-09-26 21:13:44.497256104,1727385224.4972563,2024-09-26 21:13:44.497256192,4,0.0,0.1,11.000828677892219,[9.99008204e-01 9.91795914e-04],[9.99008204e-01 9.91795914e-04],"[-0.13333333  0.1953125   0.390625    0.36666667  0.29296875  0.48828125
  0.93611111  0.25390625  0.44921875  0.40234375  1.         -0.2       ]",0.790246410821991,0,0
297,316,2024-09-26 21:13:43.352165888,TASK_BEGIN,19,-0.4587421635741612,0.1270654607479024,0.7768045507617276,1.7147063345064442,2.081100358378442,-1.0736713008140826,5.059269399389681,0.5311503068465843,0,2024-09-26 21:13:44.497256104,1727385224.4972563,2024-09-26 21:13:44.497256192,4,0.0,0.1,11.000828677892219,[9.99008204e-01 9.91795914e-04],[9.99008204e-01 9.91795914e-04],"[-0.13333333  0.1953125   0.390625    0.36666667  0.29296875  0.48828125
  0.93611111  0.25390625  0.44921875  0.40234375  1.         -0.2       ]",0.790246410821991,0,0
298,317,2024-09-26 21:13:43.419492864,TASK_BEGIN,19,-0.5007306638417852,0.1378330193900327,0.8077196630567891,1.667618269505565,2.1480327125676757,-1.074301225046219,4.7065537786342135,0.5170424253059325,0,2024-09-26 21:13:44.497256104,1727385224.4972563,2024-09-26 21:13:44.497256192,4,0.0,0.1,11.000828677892219,[9.99008204e-01 9.91795914e-04],[9.99008204e-01 9.91795914e-04],"[-0.13333333  0.1953125   0.390625    0.36666667  0.29296875  0.48828125
  0.93611111  0.25390625  0.44921875  0.40234375  1.         -0.2       ]",0.790246410821991,0,0
299,318,2024-09-26 21:13:43.486224128,TASK_BEGIN,19,-0.5317621121445711,0.1455608430545319,0.8300828694635233,1.622655191043191,2.227007907746976,-1.0779958634411733,4.45051496215528,0.4907715733856315,0,2024-09-26 21:13:44.497256104,1727385224.4972563,2024-09-26 21:13:44.497256192,4,0.0,0.1,11.000828677892219,[9.99008204e-01 9.91795914e-04],[9.99008204e-01 9.91795914e-04],"[-0.13333333  0.1953125   0.390625    0.36666667  0.29296875  0.48828125
  0.93611111  0.25390625  0.44921875  0.40234375  1.         -0.2       ]",0.790246410821991,0,0
300,319,2024-09-26 21:13:43.553072896,TASK_BEGIN,19,-0.5497971016636785,0.1499360156289542,0.8311003026708857,1.5831790976021016,2.3128084943405782,-1.0842391156560185,4.308304815803268,0.4527597012106258,0,2024-09-26 21:13:44.497256104,1727385224.4972563,2024-09-26 21:13:44.497256192,4,0.0,0.1,11.000828677892219,[9.99008204e-01 9.91795914e-04],[9.99008204e-01 9.91795914e-04],"[-0.13333333  0.1953125   0.390625    0.36666667  0.29296875  0.48828125
  0.93611111  0.25390625  0.44921875  0.40234375  1.         -0.2       ]",0.790246410821991,0,0
301,320,2024-09-26 21:13:43.614835968,TASK_BEGIN,19,-0.553250995642624,0.1507292590510035,0.8025634431973425,1.551536333823539,2.4002772121265115,-1.092438981027306,4.285197974467891,0.4045808840304257,0,2024-09-26 21:13:44.497256104,1727385224.4972563,2024-09-26 21:13:44.497256192,4,0.0,0.1,11.000828677892219,[9.99008204e-01 9.91795914e-04],[9.99008204e-01 9.91795914e-04],"[-0.13333333  0.1953125   0.390625    0.36666667  0.29296875  0.48828125
  0.93611111  0.25390625  0.44921875  0.40234375  1.         -0.2       ]",0.790246410821991,0,0
302,321,2024-09-26 21:13:43.677647104,TASK_BEGIN,19,-0.5412034757266236,0.1478319863730617,0.741570543047425,1.5288739366269928,2.4844420438053647,-1.1019297742291088,4.375277476890867,0.3488335268643635,0,2024-09-26 21:13:44.547256836,1727385224.5472572,2024-09-26 21:13:44.547257088,4,0.0,0.1,10.990820391113296,[0.8519528 0.1480472],[0.8519528 0.1480472],"[-0.14722222  0.1953125   0.390625    0.35277778  0.29296875  0.48828125
  0.92222222  0.25390625  0.44921875  0.421875    1.         -0.23333333]",0.4728190259488508,0,0
303,322,2024-09-26 21:13:44.632167936,TASK_BEGIN,19,-0.5135226194682035,0.1412854858269887,0.6502477517652169,1.515148094107818,2.5606003476123846,-1.1119772500413845,4.563950051010354,0.2887992099888888,0,2024-09-26 21:13:46.054152100,1727385226.0541523,2024-09-26 21:13:46.054152192,4,0.0,0.1,11.506962732444373,[9.99997813e-01 2.18695318e-06],[9.99997813e-01 2.18695318e-06],"[-0.06388889  0.29296875  0.48828125  0.50555556  0.25390625  0.44921875
  1.          0.          1.          0.36523438  0.5         0.06666667]",0.3688130341142265,0,0
304,323,2024-09-26 21:13:44.694756096,TASK_BEGIN,19,-0.4708988364415478,0.1312940911348912,0.5347031226760082,1.509295501839528,2.62445869436171,-1.1218015954704892,4.830997520303084,0.2280210248534389,0,2024-09-26 21:13:46.105155029,1727385226.1051555,2024-09-26 21:13:46.105155584,4,0.0,0.1,11.49189310511993,[9.99990695e-01 9.30453736e-06],[9.99990695e-01 9.30453736e-06],"[-0.07777778  0.29296875  0.48828125  0.49166667  0.25390625  0.44921875
  0.99166667  0.3125      0.5078125   0.37695312  0.6         0.03333333]",0.5060184944810687,0,0
305,324,2024-09-26 21:13:44.756792064,TASK_BEGIN,19,-0.4147966174564348,0.1182185675539925,0.4034053074348613,1.509539500381039,2.672381491584762,-1.1306230351052895,5.15320876437207,0.1698800107515085,0,2024-09-26 21:13:46.105155029,1727385226.1051555,2024-09-26 21:13:46.105155584,4,0.0,0.1,11.49189310511993,[9.99990695e-01 9.30453736e-06],[9.99990695e-01 9.30453736e-06],"[-0.07777778  0.29296875  0.48828125  0.49166667  0.25390625  0.44921875
  0.99166667  0.3125      0.5078125   0.37695312  0.6         0.03333333]",0.5060184944810687,0,0
306,325,2024-09-26 21:13:44.833923072,TASK_BEGIN,19,-0.3473721241854516,0.1025569085375155,0.2655541919730536,1.5137333112076794,2.7017120061392896,-1.137722993440501,5.506478249411839,0.1172075469779006,0,2024-09-26 21:13:46.105155029,1727385226.1051555,2024-09-26 21:13:46.105155584,4,0.0,0.1,11.49189310511993,[9.99990695e-01 9.30453736e-06],[9.99990695e-01 9.30453736e-06],"[-0.07777778  0.29296875  0.48828125  0.49166667  0.25390625  0.44921875
  0.99166667  0.3125      0.5078125   0.37695312  0.6         0.03333333]",0.5060184944810687,0,0
307,326,2024-09-26 21:13:44.903166976,TASK_BEGIN,19,-0.2714211622622676,0.0849296322022913,0.1300559894036134,1.5196157250312308,2.711054083126012,-1.1425061007112844,5.867550658826868,0.072017484623581,0,2024-09-26 21:13:46.308763916,1727385226.308765,2024-09-26 21:13:46.308764928,4,1.0,0.1,11.433106564124714,[0.03245208 0.96754792],[0.03245208 0.96754792],"[-0.13333333  0.29296875  0.48828125  0.43611111  0.25390625  0.44921875
  0.93611111  0.3125      0.5078125   0.375      -0.8         0.5       ]",0.7561337549828131,0,0
308,327,2024-09-26 21:13:44.970010112,TASK_BEGIN,19,-0.1903590403954624,0.0660770692114029,0.0051818646054274,1.5249458717711883,2.7004213028957835,-1.1445525946533508,6.215266135865792,0.0354724167826244,0,2024-09-26 21:13:46.360764893,1727385226.3607652,2024-09-26 21:13:46.360765184,4,1.0,0.1,11.418775498483466,[0.01980148 0.98019852],[0.01980148 0.98019852],"[-0.14722222  0.29296875  0.48828125  0.42222222  0.25390625  0.44921875
  0.92222222  0.3125      0.5078125   0.359375   -0.8         0.5       ]",0.8824186978245636,0,0
309,328,2024-09-26 21:13:45.036050176,TASK_BEGIN,19,-0.108154601188658,0.046854566469964,-0.1014028664117762,1.5275776517636737,2.671213665033375,-1.1436566556071148,6.531060071739575,0.008091036859113,0,2024-09-26 21:13:46.360764893,1727385226.3607652,2024-09-26 21:13:46.360765184,4,1.0,0.1,11.418775498483466,[0.01980148 0.98019852],[0.01980148 0.98019852],"[-0.14722222  0.29296875  0.48828125  0.42222222  0.25390625  0.44921875
  0.92222222  0.3125      0.5078125   0.359375   -0.8         0.5       ]",0.8824186978245636,0,0
310,329,2024-09-26 21:13:45.962325248,TASK_BEGIN,19,-0.029138874357245,0.0282069526942331,-0.1825407985919581,1.5255336525523429,2.625990423498248,-1.1398403391752705,6.799039698870307,-0.0099863473368805,0,2024-09-26 21:13:47.317323975,1727385227.317324,2024-09-26 21:13:47.317324032,4,1.0,0.1,11.172147801113727,[0.02974209 0.97025791],[0.02974209 0.97025791],"[ 0.15833333  0.25390625  0.44921875  0.65833333  0.3125      0.5078125
  1.          0.          1.          0.36132812 -0.8         0.5       ]",0.7583550078639787,0,0
311,330,2024-09-26 21:13:46.029135872,TASK_BEGIN,19,0.0423161597816696,0.0111181919798475,-0.2316791787197195,1.5171160730140034,2.568031926062226,-1.1333270094115253,7.006376173486749,-0.0188969268132066,0,2024-09-26 21:13:47.317323975,1727385227.317324,2024-09-26 21:13:47.317324032,4,1.0,0.1,11.172147801113727,[0.02974209 0.97025791],[0.02974209 0.97025791],"[ 0.15833333  0.25390625  0.44921875  0.65833333  0.3125      0.5078125
  1.          0.          1.          0.36132812 -0.8         0.5       ]",0.7583550078639787,0,0
312,331,2024-09-26 21:13:46.084377856,TASK_BEGIN,19,0.102178747685945,-0.0034574177826046,-0.2433441462694165,1.5010846166744327,2.500796959974852,-1.1244752990847098,7.144287981855648,-0.0191555808343004,0,2024-09-26 21:13:47.317323975,1727385227.317324,2024-09-26 21:13:47.317324032,4,1.0,0.1,11.172147801113727,[0.02974209 0.97025791],[0.02974209 0.97025791],"[ 0.15833333  0.25390625  0.44921875  0.65833333  0.3125      0.5078125
  1.          0.          1.          0.36132812 -0.8         0.5       ]",0.7583550078639787,0,0
313,332,2024-09-26 21:13:46.161819904,TASK_BEGIN,19,0.147098902994146,-0.014671789960579,-0.2138465897342745,1.4768728137401328,2.4274996430890727,-1.113707050193122,7.209233325772446,-0.0118137610260729,0,2024-09-26 21:13:47.317323975,1727385227.317324,2024-09-26 21:13:47.317324032,4,1.0,0.1,11.172147801113727,[0.02974209 0.97025791],[0.02974209 0.97025791],"[ 0.15833333  0.25390625  0.44921875  0.65833333  0.3125      0.5078125
  1.          0.          1.          0.36132812 -0.8         0.5       ]",0.7583550078639787,0,0
314,333,2024-09-26 21:13:46.229477120,TASK_BEGIN,19,0.1746277626796449,-0.0218498806027926,-0.1417415812879049,1.444740578823201,2.3509730397399458,-1.1014690363134731,7.203785114614249,0.0014668038206115,0,2024-09-26 21:13:47.317323975,1727385227.317324,2024-09-26 21:13:47.317324032,4,1.0,0.1,11.172147801113727,[0.02974209 0.97025791],[0.02974209 0.97025791],"[ 0.15833333  0.25390625  0.44921875  0.65833333  0.3125      0.5078125
  1.          0.          1.          0.36132812 -0.8         0.5       ]",0.7583550078639787,0,0
315,334,2024-09-26 21:13:46.282727168,TASK_BEGIN,19,0.1832998428090165,-0.0245323701663169,-0.027689625683838,1.4057883144186645,2.2737808368889025,-1.0882370413694806,7.136655952057384,0.0185048943337616,0,2024-09-26 21:13:47.317323975,1727385227.317324,2024-09-26 21:13:47.317324032,4,1.0,0.1,11.172147801113727,[0.02974209 0.97025791],[0.02974209 0.97025791],"[ 0.15833333  0.25390625  0.44921875  0.65833333  0.3125      0.5078125
  1.          0.          1.          0.36132812 -0.8         0.5       ]",0.7583550078639787,0,0
316,335,2024-09-26 21:13:46.363069184,TASK_BEGIN,19,0.172637087293266,-0.0224964574303884,0.126056630380411,1.3618688301520985,2.1984155087574586,-1.0745404609421387,7.021386173748523,0.0368886583857702,0,2024-09-26 21:13:47.317323975,1727385227.317324,2024-09-26 21:13:47.317324032,4,1.0,0.1,11.172147801113727,[0.02974209 0.97025791],[0.02974209 0.97025791],"[ 0.15833333  0.25390625  0.44921875  0.65833333  0.3125      0.5078125
  1.          0.          1.          0.36132812 -0.8         0.5       ]",0.7583550078639787,0,0
317,336,2024-09-26 21:13:47.311766016,TASK_BEGIN,19,0.1431429867070012,-0.0157674571177206,0.3160034729540217,1.315478436136095,2.1274387856871564,-1.0609778365173803,6.873822879841047,0.0544045685903756,0,2024-09-26 21:13:48.276324951,1727385228.276326,2024-09-26 21:13:48.276325888,4,0.0,0.1,11.719454121083105,[0.97748937 0.02251063],[0.97748937 0.02251063],"[-0.10555556  0.25390625  0.44921875  0.39444444  0.3125      0.5078125
  0.89444444  0.234375    0.4296875   0.43359375  1.         -0.13333333]",0.7367184451043993,0,0
318,337,2024-09-26 21:13:47.378555136,TASK_BEGIN,19,0.0963017670432806,-0.0046264792706647,0.5373821042660978,1.269638837313828,2.0634610962343856,-1.0481996885784726,6.709313698376642,0.0694421537846873,0,2024-09-26 21:13:48.276324951,1727385228.276326,2024-09-26 21:13:48.276325888,4,0.0,0.1,11.719454121083105,[0.97748937 0.02251063],[0.97748937 0.02251063],"[-0.10555556  0.25390625  0.44921875  0.39444444  0.3125      0.5078125
  0.89444444  0.234375    0.4296875   0.43359375  1.         -0.13333333]",0.7367184451043993,0,0
319,338,2024-09-26 21:13:47.437869056,TASK_BEGIN,19,0.0345492484856703,0.0103939320399978,0.7838904985605617,1.2277205812279623,2.008918888351303,-1.0368525989699042,6.540555403366732,0.0812204484300456,0,2024-09-26 21:13:48.376323975,1727385228.3763242,2024-09-26 21:13:48.376324096,4,1.0,0.1,11.685236984073551,[0.09228899 0.90771101],[0.09228899 0.90771101],"[-0.13333333  0.25390625  0.44921875  0.36666667  0.3125      0.5078125
  0.86666667  0.234375    0.4296875   0.4375     -0.8         0.5       ]",0.5003406550517032,0,0
320,339,2024-09-26 21:13:47.499603968,TASK_BEGIN,19,-0.0388149830750014,0.0285362731762434,1.0474298086572469,1.1931844195205363,1.9657210261442732,-1.027501135514413,6.37636345736999,0.0898040452735356,0,2024-09-26 21:13:48.376323975,1727385228.3763242,2024-09-26 21:13:48.376324096,4,1.0,0.1,11.685236984073551,[0.09228899 0.90771101],[0.09228899 0.90771101],"[-0.13333333  0.25390625  0.44921875  0.36666667  0.3125      0.5078125
  0.86666667  0.234375    0.4296875   0.4375     -0.8         0.5       ]",0.5003406550517032,0,0
321,340,2024-09-26 21:13:47.574188032,TASK_BEGIN,19,-0.1197812442162058,0.0488667701513352,1.3179890334530884,1.1692768177469828,1.9349249595500493,-1.0205557358443356,6.221227431132782,0.0959536579724345,0,2024-09-26 21:13:48.981612061,1727385228.9816122,2024-09-26 21:13:48.981612288,4,0.0,0.1,11.493768567939307,[0.9980905 0.0019095],[0.9980905 0.0019095],"[0.2        0.3125     0.5078125  0.7        0.234375   0.4296875
 1.         0.         1.         0.40234375 0.4        0.1       ]",0.5075569367397026,0,0
322,341,2024-09-26 21:13:47.645690880,TASK_BEGIN,19,-0.2038529760713501,0.0703389479540431,1.5838598294611834,1.1587451155875068,1.9166010792578136,-1.0162326075620336,6.0756745607629545,0.1008381120945014,0,2024-09-26 21:13:49.031611084,1727385229.0316117,2024-09-26 21:13:49.031611648,4,0.0,0.1,11.478830882259913,[0.96964594 0.03035406],[0.96964594 0.03035406],"[0.18611111 0.3125     0.5078125  0.68611111 0.234375   0.4296875
 1.         0.         1.         0.41210938 0.5        0.06666667]",0.5967985112201327,0,0
323,342,2024-09-26 21:13:47.703960832,TASK_BEGIN,19,-0.2863375216354941,0.0918679226893607,1.8323787997788568,1.1636064054247834,1.909940233064584,-1.0145565286167764,5.937428073495655,0.105662867655027,0,2024-09-26 21:13:49.031611084,1727385229.0316117,2024-09-26 21:13:49.031611648,4,0.0,0.1,11.478830882259913,[0.96964594 0.03035406],[0.96964594 0.03035406],"[0.18611111 0.3125     0.5078125  0.68611111 0.234375   0.4296875
 1.         0.         1.         0.41210938 0.5        0.06666667]",0.5967985112201327,0,0
324,343,2024-09-26 21:13:48.626390784,TASK_BEGIN,19,-0.3626794267298162,0.1124162943318078,2.051166240231889,1.184955617819328,1.913523777533436,-1.0153926810069225,5.802858327952582,0.1113688901587472,0,2024-09-26 21:13:49.931239990,1727385229.93124,2024-09-26 21:13:49.931240192,4,0.0,0.1,12.008157241280427,[0.98986926 0.01013074],[0.98986926 0.01013074],"[-0.06388889  0.3125      0.5078125   0.43611111  0.234375    0.4296875
  1.          0.          1.          0.42382812  0.8        -0.03333333]",0.6930659982846058,0,0
325,344,2024-09-26 21:13:48.702838784,TASK_BEGIN,19,-0.4287957086886172,0.1310844569285147,2.2296306212337864,1.2227884072606043,1.9256249614500724,-1.018483945025165,5.668036243464448,0.1185459810675278,0,2024-09-26 21:13:49.931239990,1727385229.93124,2024-09-26 21:13:49.931240192,4,0.0,0.1,12.008157241280427,[0.98986926 0.01013074],[0.98986926 0.01013074],"[-0.06388889  0.3125      0.5078125   0.43611111  0.234375    0.4296875
  1.          0.          1.          0.42382812  0.8        -0.03333333]",0.6930659982846058,0,0
326,345,2024-09-26 21:13:48.766743808,TASK_BEGIN,19,-0.4813708833519885,0.1471825036768586,2.360577592783525,1.2758379932367483,1.944460306153638,-1.0234867681440536,5.529057616237752,0.1275649133342599,0,2024-09-26 21:13:49.931239990,1727385229.93124,2024-09-26 21:13:49.931240192,4,0.0,0.1,12.008157241280427,[0.98986926 0.01013074],[0.98986926 0.01013074],"[-0.06388889  0.3125      0.5078125   0.43611111  0.234375    0.4296875
  1.          0.          1.          0.42382812  0.8        -0.03333333]",0.6930659982846058,0,0
327,346,2024-09-26 21:13:48.829229056,TASK_BEGIN,19,-0.5180702724367641,0.1602626588746388,2.4415818359105246,1.34149259027973,1.968361903439917,-1.0300119189202364,5.381757134743991,0.138827151165026,0,2024-09-26 21:13:50.231630127,1727385230.2316308,2024-09-26 21:13:50.231630848,4,1.0,0.1,11.890640179541395,[0.05863501 0.94136499],[0.05863501 0.94136499],"[-0.14722222  0.3125      0.5078125   0.35277778  0.234375    0.4296875
  0.92222222  0.2734375   0.46875     0.36328125 -0.8         0.5       ]",0.7155159393565242,0,0
328,347,2024-09-26 21:13:48.903572992,TASK_BEGIN,19,-0.5376430754440671,0.1701127210555443,2.4754473300230333,1.4159124325422727,1.9958630987777115,-1.0376667603088354,5.221305877223797,0.1530026143465229,0,2024-09-26 21:13:50.231630127,1727385230.2316308,2024-09-26 21:13:50.231630848,4,1.0,0.1,11.890640179541395,[0.05863501 0.94136499],[0.05863501 0.94136499],"[-0.14722222  0.3125      0.5078125   0.35277778  0.234375    0.4296875
  0.92222222  0.2734375   0.46875     0.36328125 -0.8         0.5       ]",0.7155159393565242,0,0
329,348,2024-09-26 21:13:48.967995904,TASK_BEGIN,19,-0.5399230134124064,0.1767263758898008,2.4694511793968354,1.4943870633548968,2.025734534224916,-1.0460894611598353,5.0423014525301895,0.171137039861528,0,2024-09-26 21:13:50.231630127,1727385230.2316308,2024-09-26 21:13:50.231630848,4,1.0,0.1,11.890640179541395,[0.05863501 0.94136499],[0.05863501 0.94136499],"[-0.14722222  0.3125      0.5078125   0.35277778  0.234375    0.4296875
  0.92222222  0.2734375   0.46875     0.36328125 -0.8         0.5       ]",0.7155159393565242,0,0
330,349,2024-09-26 21:13:49.037161984,TASK_BEGIN,19,-0.5257650352612868,0.1802633916407889,2.4338360347043406,1.5718399542375794,2.057028919013171,-1.0549750186161166,4.839663611048558,0.1945625397290306,0,2024-09-26 21:13:50.231630127,1727385230.2316308,2024-09-26 21:13:50.231630848,4,1.0,0.1,11.890640179541395,[0.05863501 0.94136499],[0.05863501 0.94136499],"[-0.14722222  0.3125      0.5078125   0.35277778  0.234375    0.4296875
  0.92222222  0.2734375   0.46875     0.36328125 -0.8         0.5       ]",0.7155159393565242,0,0
331,350,2024-09-26 21:13:49.983756032,TASK_BEGIN,19,-0.496942158894123,0.1810044315441061,2.3802091234325924,1.6433413272826656,2.089113145603271,-1.0640916995721137,4.610261545676727,0.2246102314163846,0,2024-09-26 21:13:50.984165039,1727385230.984166,2024-09-26 21:13:50.984165888,4,0.0,1.0,12.526060882035079,[0.99771249 0.00228751],[0.99771249 0.00228751],"[0.14444444 0.234375   0.4296875  0.71388889 0.2734375  0.46875
 1.         0.         1.         0.33398438 0.6        0.03333333]",0.5768788025338801,0,0
332,351,2024-09-26 21:13:50.053352960,TASK_BEGIN,19,-0.4559819957040612,0.1793025261643252,2.320138961472003,1.7045217607835523,2.1216113511589403,-1.073276797391432,4.354711312044142,0.2622062937493106,0,2024-09-26 21:13:50.984165039,1727385230.984166,2024-09-26 21:13:50.984165888,4,0.0,1.0,12.526060882035079,[0.99771249 0.00228751],[0.99771249 0.00228751],"[0.14444444 0.234375   0.4296875  0.71388889 0.2734375  0.46875
 1.         0.         1.         0.33398438 0.6        0.03333333]",0.5768788025338801,0,0
333,352,2024-09-26 21:13:50.108721920,TASK_BEGIN,19,-0.4059128639071026,0.1755363995228812,2.263987366788955,1.7518349787939214,2.154259901908453,-1.082407702725771,4.078299697530115,0.3075323666452781,0,2024-09-26 21:13:50.984165039,1727385230.984166,2024-09-26 21:13:50.984165888,4,0.0,1.0,12.526060882035079,[0.99771249 0.00228751],[0.99771249 0.00228751],"[0.14444444 0.234375   0.4296875  0.71388889 0.2734375  0.46875
 1.         0.         1.         0.33398438 0.6        0.03333333]",0.5768788025338801,0,0
334,353,2024-09-26 21:13:50.186906880,TASK_BEGIN,19,-0.3499469750928825,0.1700769481027896,2.2201506787879586,1.7826648693088054,2.186735030273297,-1.0913571491335317,3.790519597021508,0.3599005832240012,0,2024-09-26 21:13:51.034176025,1727385231.0341768,2024-09-26 21:13:51.034176768,4,0.0,0.1,12.500800273214727,[0.93761421 0.06238579],[0.93761421 0.06238579],"[0.13055556 0.234375   0.4296875  0.7        0.2734375  0.46875
 1.         0.         1.         0.34765625 0.7        0.        ]",0.5720383216845976,0,0
335,354,2024-09-26 21:13:50.246876928,TASK_BEGIN,19,-0.2911884367842106,0.1632791387611376,2.194931407645784,1.795308835662109,2.2184787685570795,-1.0999453210135424,3.503971919380902,0.4178035847093957,0,2024-09-26 21:13:51.186770020,1727385231.1867704,2024-09-26 21:13:51.186770432,4,0.0,0.1,12.426524004299976,[0.99855327 0.00144673],[0.99855327 0.00144673],"[ 0.08888889  0.234375    0.4296875   0.65833333  0.2734375   0.46875
  1.          0.          1.          0.30664062 -0.6         0.43333333]",0.34240035411897296,0,0
336,355,2024-09-26 21:13:50.308017152,TASK_BEGIN,19,-0.2324366596882191,0.1554987481039583,2.19285843138855,1.7889147429023955,2.248551841540688,-1.1079066713909234,3.2335684575214945,0.4789961382972126,0,2024-09-26 21:13:51.739669922,1727385231.7396708,2024-09-26 21:13:51.739670784,4,0.0,0.1,12.172559765926804,[9.99999973e-01 2.71741535e-08],[9.99999973e-01 2.71741535e-08],"[-0.06388889  0.234375    0.4296875   0.50555556  0.2734375   0.46875
  1.          0.          1.          0.30664062  0.5         0.06666667]",0.3482235409848458,0,0
337,356,2024-09-26 21:13:50.387233792,TASK_BEGIN,19,-0.1760972922036662,0.1471159288128807,2.2170014960239888,1.7634341091686696,2.2755967927792957,-1.1148911725644262,2.996049334061373,0.5405394192455595,0,2024-09-26 21:13:51.789669922,1727385231.7896702,2024-09-26 21:13:51.789670144,4,0.0,0.1,12.150834168267536,[9.99999929e-01 7.13263904e-08],[9.99999929e-01 7.13263904e-08],"[-0.07777778  0.234375    0.4296875   0.49166667  0.2734375   0.46875
  0.99166667  0.1953125   0.390625    0.31835938  0.6         0.03333333]",0.35329075920009556,0,0
338,357,2024-09-26 21:13:51.328002048,TASK_BEGIN,19,-0.1241911184811592,0.1385457199308279,2.2690239527641958,1.71957726573534,2.297962145845839,-1.1205010975329952,2.809445791077432,0.5988189535780299,0,2024-09-26 21:13:52.740706055,1727385232.7407062,2024-09-26 21:13:52.740706304,4,0.0,0.1,11.776951704896144,[9.99305762e-01 6.94237980e-04],[9.99305762e-01 6.94237980e-04],"[0.22777778 0.2734375  0.46875    0.72777778 0.1953125  0.390625
 1.         0.         1.         0.36328125 0.5        0.06666667]",0.5355107516152635,0,0
339,358,2024-09-26 21:13:51.389167872,TASK_BEGIN,19,-0.0784394145623112,0.1302289934779563,2.348910668736348,1.6587560166865527,2.313914469928705,-1.1243384016739648,2.6924164102823074,0.6495798907037613,0,2024-09-26 21:13:52.790707031,1727385232.7907078,2024-09-26 21:13:52.790707712,4,0.0,0.1,11.759182187847182,[0.94438079 0.05561921],[0.94438079 0.05561921],"[0.21388889 0.2734375  0.46875    0.71388889 0.1953125  0.390625
 1.         0.         1.         0.375      0.6        0.03333333]",0.5957189435346929,0,0
340,359,2024-09-26 21:13:51.465896960,TASK_BEGIN,19,-0.0403535096630205,0.1226059559261636,2.454454641368212,1.5830561778102563,2.321827876304537,-1.1260391590488652,2.663333308106236,0.6880851792026682,0,2024-09-26 21:13:52.790707031,1727385232.7907078,2024-09-26 21:13:52.790707712,4,0.0,0.1,11.759182187847182,[0.94438079 0.05561921],[0.94438079 0.05561921],"[0.21388889 0.2734375  0.46875    0.71388889 0.1953125  0.390625
 1.         0.         1.         0.375      0.6        0.03333333]",0.5957189435346929,0,0
341,360,2024-09-26 21:13:51.528397056,TASK_BEGIN,19,-0.0112235836385136,0.1160702811300983,2.5808560250032846,1.4952514186776895,2.320350781314916,-1.1253004557255852,2.738679362711953,0.7095254576255972,0,2024-09-26 21:13:52.790707031,1727385232.7907078,2024-09-26 21:13:52.790707712,4,0.0,0.1,11.759182187847182,[0.94438079 0.05561921],[0.94438079 0.05561921],"[0.21388889 0.2734375  0.46875    0.71388889 0.1953125  0.390625
 1.         0.         1.         0.375      0.6        0.03333333]",0.5957189435346929,0,0
342,361,2024-09-26 21:13:51.603350016,TASK_BEGIN,19,0.0080349609209076,0.1109027133347211,2.720808649646409,1.398785383729651,2.3086095103835134,-1.12191708646857,2.930679168627294,0.7096705991376128,0,2024-09-26 21:13:52.790707031,1727385232.7907078,2024-09-26 21:13:52.790707712,4,0.0,0.1,11.759182187847182,[0.94438079 0.05561921],[0.94438079 0.05561921],"[0.21388889 0.2734375  0.46875    0.71388889 0.1953125  0.390625
 1.         0.         1.         0.375      0.6        0.03333333]",0.5957189435346929,0,0
343,362,2024-09-26 21:13:51.668342016,TASK_BEGIN,19,0.0170958433886609,0.107203825441003,2.865124793731011,1.2976361047993183,2.286416268303748,-1.115822872134875,3.2448968815488883,0.6855593272884647,0,2024-09-26 21:13:52.790707031,1727385232.7907078,2024-09-26 21:13:52.790707712,4,0.0,0.1,11.759182187847182,[0.94438079 0.05561921],[0.94438079 0.05561921],"[0.21388889 0.2734375  0.46875    0.71388889 0.1953125  0.390625
 1.         0.         1.         0.375      0.6        0.03333333]",0.5957189435346929,0,0
344,363,2024-09-26 21:13:51.737221888,TASK_BEGIN,19,0.0163656726929071,0.1048617975181951,3.0036823085071487,1.1960421134551822,2.2543761038468677,-1.1071128535686845,3.67866687355713,0.635992729855167,0,2024-09-26 21:13:52.790707031,1727385232.7907078,2024-09-26 21:13:52.790707712,4,0.0,0.1,11.759182187847182,[0.94438079 0.05561921],[0.94438079 0.05561921],"[0.21388889 0.2734375  0.46875    0.71388889 0.1953125  0.390625
 1.         0.         1.         0.375      0.6        0.03333333]",0.5957189435346929,0,0
345,364,2024-09-26 21:13:52.671723008,TASK_BEGIN,19,0.006998584344671,0.1035714895246576,3.126481600926276,1.0981303763417605,2.213830228560874,-1.0960326718932298,4.220677111393392,0.5617248530047618,0,2024-09-26 21:13:53.592703125,1727385233.5927033,2024-09-26 21:13:53.592703232,4,0.0,0.1,12.303673773447008,[9.99769032e-01 2.30968277e-04],[9.99769032e-01 2.30968277e-04],"[-0.00833333  0.2734375   0.46875     0.49166667  0.1953125   0.390625
  0.99166667  0.1953125   0.390625    0.359375    0.7         0.        ]",0.6061346076219934,0,0
346,365,2024-09-26 21:13:52.753524224,TASK_BEGIN,19,-0.0092073927633198,0.1028902538492052,3.224751534970013,1.007505584570487,2.1666579472895746,-1.082942630471837,4.851639908157524,0.4653626204072676,0,2024-09-26 21:13:53.643263184,1727385233.6432636,2024-09-26 21:13:53.643263488,4,0.0,0.1,12.280637035712537,[0.9546095 0.0453905],[0.9546095 0.0453905],"[-0.02222222  0.2734375   0.46875     0.47777778  0.1953125   0.390625
  0.97777778  0.1953125   0.390625    0.375       0.8        -0.03333333]",0.5419989758115962,0,0
347,366,2024-09-26 21:13:52.820303872,TASK_BEGIN,19,-0.0300279521857342,0.1023111138837638,3.292072659880437,0.9268872302400688,2.115026212125765,-1.0682756426678215,5.545963958300443,0.3510256610607963,0,2024-09-26 21:13:53.894431152,1727385233.8944316,2024-09-26 21:13:53.894431488,4,1.0,0.1,12.168863128396051,[0.17107904 0.82892096],[0.17107904 0.82892096],"[-0.09166667  0.2734375   0.46875     0.40833333  0.1953125   0.390625
  0.90833333  0.1953125   0.390625    0.33007812 -0.8         0.5       ]",0.37765452370988406,0,0
348,367,2024-09-26 21:13:52.873451008,TASK_BEGIN,19,-0.05311871514311,0.1013407011469472,3.3252885717354146,0.8579239600746026,2.061163486915954,-1.0525021572445297,6.274322794779956,0.2238342851644064,0,2024-09-26 21:13:53.894431152,1727385233.8944316,2024-09-26 21:13:53.894431488,4,1.0,0.1,12.168863128396051,[0.17107904 0.82892096],[0.17107904 0.82892096],"[-0.09166667  0.2734375   0.46875     0.40833333  0.1953125   0.390625
  0.90833333  0.1953125   0.390625    0.33007812 -0.8         0.5       ]",0.37765452370988406,0,0
349,368,2024-09-26 21:13:52.951073024,TASK_BEGIN,19,-0.0763042381157522,0.0995642609294773,3.32478366119174,0.8012958820979896,2.007160919268173,-1.0361020937329053,7.0067581947751565,0.0893385961634815,0,2024-09-26 21:13:53.894431152,1727385233.8944316,2024-09-26 21:13:53.894431488,4,1.0,0.1,12.168863128396051,[0.17107904 0.82892096],[0.17107904 0.82892096],"[-0.09166667  0.2734375   0.46875     0.40833333  0.1953125   0.390625
  0.90833333  0.1953125   0.390625    0.33007812 -0.8         0.5       ]",0.37765452370988406,0,0
350,369,2024-09-26 21:13:53.020672000,TASK_BEGIN,19,-0.0977321845259322,0.0966787706000511,3.2937964400382183,0.7570908618035147,1.9548079013902209,-1.0195453032942856,7.715583805756867,-0.0469773112423236,0,2024-09-26 21:13:53.894431152,1727385233.8944316,2024-09-26 21:13:53.894431488,4,1.0,0.1,12.168863128396051,[0.17107904 0.82892096],[0.17107904 0.82892096],"[-0.09166667  0.2734375   0.46875     0.40833333  0.1953125   0.390625
  0.90833333  0.1953125   0.390625    0.33007812 -0.8         0.5       ]",0.37765452370988406,0,0
351,370,2024-09-26 21:13:53.087443200,TASK_BEGIN,19,-0.1158801744251316,0.0924952004147247,3.23683255611937,0.7252848230351151,1.9055289777478035,-1.003290127830548,8.377307997537724,-0.1800350590489084,0,2024-09-26 21:13:53.944432129,1727385233.9444325,2024-09-26 21:13:53.944432384,4,1.0,0.1,12.14717449711209,[0.19908863 0.80091137],[0.19908863 0.80091137],"[-0.10555556  0.2734375   0.46875     0.39444444  0.1953125   0.390625
  0.89444444  0.1953125   0.390625    0.31445312 -0.8         0.5       ]",0.3624067122677129,0,0
352,371,2024-09-26 21:13:54.034171136,TASK_BEGIN,19,-0.1295079553634764,0.0869316305630432,3.1577544877352626,0.7061009185923056,1.8604574669343588,-0.9878018230439434,8.973327651471461,-0.3053530759607504,0,2024-09-26 21:13:55.452569092,1727385235.452569,2024-09-26 21:13:55.452569088,4,0.0,0.1,12.386012161788113,[9.99999886e-01 1.13893837e-07],[9.99999886e-01 1.13893837e-07],"[-0.02222222  0.1953125   0.390625    0.47777778  0.1953125   0.390625
  1.          0.          1.          0.2578125   0.5         0.06666667]",0.34446109555552784,0,0
353,372,2024-09-26 21:13:54.095344896,TASK_BEGIN,19,-0.1376462777802136,0.0800148622065892,3.058449533346652,0.7001099977032827,1.8206024026317125,-0.97357776940591,9.489711779504416,-0.4191353477991108,0,2024-09-26 21:13:55.502572021,1727385235.502572,2024-09-26 21:13:55.502572032,4,0.0,0.1,12.362152040170232,[9.99999569e-01 4.30636960e-07],[9.99999569e-01 4.30636960e-07],"[-0.03611111  0.1953125   0.390625    0.46388889  0.1953125   0.390625
  1.          0.          1.          0.26953125  0.6         0.03333333]",0.37537877167431105,0,0
354,373,2024-09-26 21:13:54.170339072,TASK_BEGIN,19,-0.1396409064574054,0.0718904329883351,2.9386985622163,0.7080881954791741,1.7870361376554311,-0.9611602307285204,9.91644431639947,-0.5182732184484485,0,2024-09-26 21:13:55.602567871,1727385235.6025681,2024-09-26 21:13:55.602568192,4,0.0,0.1,12.315145214570844,[9.99979784e-01 2.02163226e-05],[9.99979784e-01 2.02163226e-05],"[-0.06388889  0.1953125   0.390625    0.43611111  0.1953125   0.390625
  1.          0.          1.          0.29882812  0.8        -0.03333333]",0.5326578638192859,0,0
355,374,2024-09-26 21:13:54.233620224,TASK_BEGIN,19,-0.1352176233080837,0.0628302846708776,2.7970733439079933,0.7307533229068555,1.7610180521150318,-0.9511194649185044,10.246362604622384,-0.6002533307643142,0,2024-09-26 21:13:55.652570068,1727385235.65257,2024-09-26 21:13:55.652570112,4,0.0,0.1,12.291993762425134,[9.99846553e-01 1.53447350e-04],[9.99846553e-01 1.53447350e-04],"[-0.07777778  0.1953125   0.390625    0.42222222  0.1953125   0.390625
  0.99166667  0.25390625  0.44921875  0.31640625  0.9        -0.06666667]",0.6048328503343168,0,0
356,375,2024-09-26 21:13:54.295696896,TASK_BEGIN,19,-0.1245296089208279,0.0532258896256664,2.632172632512392,0.7684883693281082,1.7439692109200935,-0.9440024263385668,10.47405850326732,-0.6629951368884011,0,2024-09-26 21:13:55.652570068,1727385235.65257,2024-09-26 21:13:55.652570112,4,0.0,0.1,12.291993762425134,[9.99846553e-01 1.53447350e-04],[9.99846553e-01 1.53447350e-04],"[-0.07777778  0.1953125   0.390625    0.42222222  0.1953125   0.390625
  0.99166667  0.25390625  0.44921875  0.31640625  0.9        -0.06666667]",0.6048328503343168,0,0
357,376,2024-09-26 21:13:54.370689024,TASK_BEGIN,19,-0.1081683092889274,0.0435620671501903,2.443584837424837,0.8211010046127905,1.737254304217456,-0.9402571150967391,10.595105597074674,-0.7046993969264584,0,2024-09-26 21:13:55.652570068,1727385235.65257,2024-09-26 21:13:55.652570112,4,0.0,0.1,12.291993762425134,[9.99846553e-01 1.53447350e-04],[9.99846553e-01 1.53447350e-04],"[-0.07777778  0.1953125   0.390625    0.42222222  0.1953125   0.390625
  0.99166667  0.25390625  0.44921875  0.31640625  0.9        -0.06666667]",0.6048328503343168,0,0
358,377,2024-09-26 21:13:54.437499136,TASK_BEGIN,19,-0.0871240354943252,0.0343765182168112,2.2322819076983813,0.8876679764417671,1.741802318369333,-0.9401463292124695,10.606007567993975,-0.7238274064519096,0,2024-09-26 21:13:55.652570068,1727385235.65257,2024-09-26 21:13:55.652570112,4,0.0,0.1,12.291993762425134,[9.99846553e-01 1.53447350e-04],[9.99846553e-01 1.53447350e-04],"[-0.07777778  0.1953125   0.390625    0.42222222  0.1953125   0.390625
  0.99166667  0.25390625  0.44921875  0.31640625  0.9        -0.06666667]",0.6048328503343168,0,0
359,378,2024-09-26 21:13:55.386842112,TASK_BEGIN,19,-0.062663739121545,0.0262092593405037,2.0005426593434272,0.9665053794614896,1.7576781352723194,-0.9436668099061302,10.505028807520612,-0.7192829914959016,0,2024-09-26 21:13:56.657533936,1727385236.6575344,2024-09-26 21:13:56.657534464,4,0.0,1.0,12.774637599217089,[0.97493747 0.02506253],[0.97493747 0.02506253],"[ 0.14444444  0.1953125   0.390625    0.71388889  0.25390625  0.44921875
  1.          0.          1.          0.3046875   0.8        -0.03333333]",0.6691547404843565,0,0
360,379,2024-09-26 21:13:55.453624064,TASK_BEGIN,19,-0.0361186991985238,0.0195436560422021,1.751752127338891,1.0552387654509785,1.7837521927123725,-0.9504970806534594,10.293652005008576,-0.6907595094644148,0,2024-09-26 21:13:56.657533936,1727385236.6575344,2024-09-26 21:13:56.657534464,4,0.0,1.0,12.774637599217089,[0.97493747 0.02506253],[0.97493747 0.02506253],"[ 0.14444444  0.1953125   0.390625    0.71388889  0.25390625  0.44921875
  1.          0.          1.          0.3046875   0.8        -0.03333333]",0.6691547404843565,0,0
361,380,2024-09-26 21:13:55.520432896,TASK_BEGIN,19,-0.0086637840695791,0.0147496513027338,1.4902281891509903,1.1509348153568424,1.8175831773426827,-0.959995605712669,9.978047692714036,-0.6391175220470887,0,2024-09-26 21:13:56.657533936,1727385236.6575344,2024-09-26 21:13:56.657534464,4,0.0,1.0,12.774637599217089,[0.97493747 0.02506253],[0.97493747 0.02506253],"[ 0.14444444  0.1953125   0.390625    0.71388889  0.25390625  0.44921875
  1.          0.          1.          0.3046875   0.8        -0.03333333]",0.6691547404843565,0,0
362,381,2024-09-26 21:13:55.587181056,TASK_BEGIN,19,0.0187962764998182,0.0120453660895838,1.2208973544706498,1.2503140052299402,1.855573013973978,-0.9712576047580368,9.569801266381502,-0.5666098057445074,0,2024-09-26 21:13:56.657533936,1727385236.6575344,2024-09-26 21:13:56.657534464,4,0.0,1.0,12.774637599217089,[0.97493747 0.02506253],[0.97493747 0.02506253],"[ 0.14444444  0.1953125   0.390625    0.71388889  0.25390625  0.44921875
  1.          0.          1.          0.3046875   0.8        -0.03333333]",0.6691547404843565,0,0
363,382,2024-09-26 21:13:55.645997056,TASK_BEGIN,19,0.0455965607786679,0.0114842238721379,0.9486494613355606,1.350062441887579,1.893401953472504,-0.9832268350330968,9.085645590871572,-0.476846589902665,0,2024-09-26 21:13:56.657533936,1727385236.6575344,2024-09-26 21:13:56.657534464,4,0.0,1.0,12.774637599217089,[0.97493747 0.02506253],[0.97493747 0.02506253],"[ 0.14444444  0.1953125   0.390625    0.71388889  0.25390625  0.44921875
  1.          0.          1.          0.3046875   0.8        -0.03333333]",0.6691547404843565,0,0
364,383,2024-09-26 21:13:55.720281088,TASK_BEGIN,19,0.0711930376595756,0.0129641681585302,0.6775228541843582,1.447176952161622,1.9266759194597056,-0.9948462597488252,8.546553727712102,-0.3745360503918054,0,2024-09-26 21:13:56.657533936,1727385236.6575344,2024-09-26 21:13:56.657534464,4,0.0,1.0,12.774637599217089,[0.97493747 0.02506253],[0.97493747 0.02506253],"[ 0.14444444  0.1953125   0.390625    0.71388889  0.25390625  0.44921875
  1.          0.          1.          0.3046875   0.8        -0.03333333]",0.6691547404843565,0,0
365,384,2024-09-26 21:13:55.777033984,TASK_BEGIN,19,0.0950475185586233,0.0162511956507565,0.4102050103925802,1.5392077364106214,1.9516333035835156,-1.0052133952439222,7.97620809925016,-0.2650515778336871,0,2024-09-26 21:13:56.657533936,1727385236.6575344,2024-09-26 21:13:56.657534464,4,0.0,1.0,12.774637599217089,[0.97493747 0.02506253],[0.97493747 0.02506253],"[ 0.14444444  0.1953125   0.390625    0.71388889  0.25390625  0.44921875
  1.          0.          1.          0.3046875   0.8        -0.03333333]",0.6691547404843565,0,0
366,385,2024-09-26 21:13:56.734626048,TASK_BEGIN,19,0.1165989681665731,0.0210063939246878,0.1483092105411259,1.6242956276295846,1.9657546616351211,-1.0137023526642022,7.398516508719189,-0.1538567475740919,0,2024-09-26 21:13:57.676211182,1727385237.676211,2024-09-26 21:13:57.676211200,4,0.0,0.1,12.269395341717775,[9.99504278e-01 4.95722087e-04],[9.99504278e-01 4.95722087e-04],"[-0.13333333  0.1953125   0.390625    0.43611111  0.25390625  0.44921875
  0.93611111  0.1953125   0.390625    0.36132812  1.         -0.13333333]",0.6851831734716846,0,0
367,386,2024-09-26 21:13:56.804260864,TASK_BEGIN,19,0.1353430006736796,0.0268066801111431,-0.1066365593741689,1.701026057400919,1.968171529909747,-1.0200323457502516,6.834578396901944,-0.04591528421686,0,2024-09-26 21:13:57.676211182,1727385237.676211,2024-09-26 21:13:57.676211200,4,0.0,0.1,12.269395341717775,[9.99504278e-01 4.95722087e-04],[9.99504278e-01 4.95722087e-04],"[-0.13333333  0.1953125   0.390625    0.43611111  0.25390625  0.44921875
  0.93611111  0.1953125   0.390625    0.36132812  1.         -0.13333333]",0.6851831734716846,0,0
368,387,2024-09-26 21:13:56.871353088,TASK_BEGIN,19,0.1509565359530099,0.0331602578318752,-0.3521383434301123,1.7682198586296354,1.9597708135577645,-1.024272627386086,6.300122306520743,0.0547495930621404,0,2024-09-26 21:13:57.727209961,1727385237.7272103,2024-09-26 21:13:57.727210240,4,0.0,0.1,12.246701388300597,[0.91590769 0.08409231],[0.91590769 0.08409231],"[-0.14722222  0.1953125   0.390625    0.42222222  0.25390625  0.44921875
  0.92222222  0.1953125   0.390625    0.38085938  1.         -0.16666667]",0.5994628617493895,0,0
369,388,2024-09-26 21:13:56.938131968,TASK_BEGIN,19,0.1633854154765272,0.0395279269906694,-0.584330598988434,1.8247772225360128,1.9429214242183104,-1.026775781433738,5.803914046526928,0.1453316156453109,0,2024-09-26 21:13:57.931222900,1727385237.9312239,2024-09-26 21:13:57.931223808,4,0.0,0.1,12.158172389263013,[9.99922488e-01 7.75120099e-05],[9.99922488e-01 7.75120099e-05],"[ 0.36666667  0.25390625  0.44921875  0.86666667  0.1953125   0.390625
  1.          0.          1.          0.33007812 -0.5         0.4       ]",0.34086484248054255,0,0
370,389,2024-09-26 21:13:57.004995072,TASK_BEGIN,19,0.1728766172757446,0.0453570396407754,-0.7983747489750042,1.8696170483923744,1.920912788158869,-1.0280538863808568,5.3469190674554286,0.2244502930583737,0,2024-09-26 21:13:58.436752930,1727385238.4367535,2024-09-26 21:13:58.436753408,4,0.0,0.1,11.951812423628388,[9.99845475e-01 1.54524784e-04],[9.99845475e-01 1.54524784e-04],"[0.22777778 0.25390625 0.44921875 0.72777778 0.1953125  0.390625
 1.         0.         1.         0.33984375 0.5        0.06666667]",0.47012059480655993,0,0
371,390,2024-09-26 21:13:57.058264832,TASK_BEGIN,19,0.179990088870054,0.0501227095336227,-0.9892742206059018,1.9016876166528327,1.8973234542021316,-1.0286381567618124,4.922114930477698,0.2922910599629157,0,2024-09-26 21:13:58.487751953,1727385238.4877522,2024-09-26 21:13:58.487752192,4,0.0,0.1,11.932294299392103,[0.98185412 0.01814588],[0.98185412 0.01814588],"[0.21388889 0.25390625 0.44921875 0.71388889 0.1953125  0.390625
 1.         0.         1.         0.3515625  0.6        0.03333333]",0.6273823265303523,0,0
372,391,2024-09-26 21:13:57.138499072,TASK_BEGIN,19,0.1856223751590824,0.0533641263112443,-1.1528086867827512,1.9200472606118275,1.875476941361903,-1.0289568037585293,4.515369078562324,0.3505520708319863,0,2024-09-26 21:13:58.487751953,1727385238.4877522,2024-09-26 21:13:58.487752192,4,0.0,0.1,11.932294299392103,[0.98185412 0.01814588],[0.98185412 0.01814588],"[0.21388889 0.25390625 0.44921875 0.71388889 0.1953125  0.390625
 1.         0.         1.         0.3515625  0.6        0.03333333]",0.6273823265303523,0,0
373,392,2024-09-26 21:13:58.052475904,TASK_BEGIN,19,0.1910542970414116,0.0547047137749987,-1.2866292381508888,1.924058076877803,1.8580143036915728,-1.0292433831381105,4.107760057568308,0.4021275257824068,0,2024-09-26 21:13:59.344422119,1727385239.3444226,2024-09-26 21:13:59.344422656,4,0.0,0.1,12.426560711831646,[0.98882679 0.01117321],[0.98882679 0.01117321],"[-0.02222222  0.25390625  0.44921875  0.47777778  0.1953125   0.390625
  0.97777778  0.234375    0.4296875   0.34960938  0.7         0.        ]",0.5678903171190409,0,0
374,393,2024-09-26 21:13:58.128807168,TASK_BEGIN,19,0.1980073070637412,0.0538528823738197,-1.391392104690688,1.913655842805737,1.8465910910940155,-1.0294794505589542,3.6790493996237497,0.4506002012379543,0,2024-09-26 21:13:59.344422119,1727385239.3444226,2024-09-26 21:13:59.344422656,4,0.0,0.1,12.426560711831646,[0.98882679 0.01117321],[0.98882679 0.01117321],"[-0.02222222  0.25390625  0.44921875  0.47777778  0.1953125   0.390625
  0.97777778  0.234375    0.4296875   0.34960938  0.7         0.        ]",0.5678903171190409,0,0
375,394,2024-09-26 21:13:58.195577856,TASK_BEGIN,19,0.2086388364945155,0.050593636650149,-1.4713786555927737,1.8895405910238132,1.841762109584768,-1.0293766948453869,3.211469956862402,0.4996575936176298,0,2024-09-26 21:13:59.344422119,1727385239.3444226,2024-09-26 21:13:59.344422656,4,0.0,0.1,12.426560711831646,[0.98882679 0.01117321],[0.98882679 0.01117321],"[-0.02222222  0.25390625  0.44921875  0.47777778  0.1953125   0.390625
  0.97777778  0.234375    0.4296875   0.34960938  0.7         0.        ]",0.5678903171190409,0,0
376,395,2024-09-26 21:13:58.252993280,TASK_BEGIN,19,0.2253814408791649,0.0447881282424254,-1.5340953596461082,1.853174552542726,1.8430864811449348,-1.0283950150576018,2.693064508989343,0.5524740009343934,0,2024-09-26 21:13:59.694423828,1727385239.6944244,2024-09-26 21:13:59.694424320,4,1.0,0.1,12.261713154090796,[0.09612869 0.90387131],[0.09612869 0.90387131],"[-0.11944444  0.25390625  0.44921875  0.38055556  0.1953125   0.390625
  0.88055556  0.234375    0.4296875   0.3046875  -0.8         0.5       ]",0.625553344212407,0,0
377,396,2024-09-26 21:13:58.329149952,TASK_BEGIN,19,0.2506080289934614,0.0363868477369202,-1.5889313285829312,1.8066372503368773,1.8493562680504771,-1.0257784635872305,2.1201308097556306,0.6110706177323961,0,2024-09-26 21:13:59.694423828,1727385239.6944244,2024-09-26 21:13:59.694424320,4,1.0,0.1,12.261713154090796,[0.09612869 0.90387131],[0.09612869 0.90387131],"[-0.11944444  0.25390625  0.44921875  0.38055556  0.1953125   0.390625
  0.88055556  0.234375    0.4296875   0.3046875  -0.8         0.5       ]",0.625553344212407,0,0
378,397,2024-09-26 21:13:58.395992832,TASK_BEGIN,19,0.2862183986760127,0.0254448329400802,-1.6454191984736308,1.7524567741831678,1.85881509086742,-1.02059496313274,1.498426417162921,0.6757628478009478,0,2024-09-26 21:13:59.694423828,1727385239.6944244,2024-09-26 21:13:59.694424320,4,1.0,0.1,12.261713154090796,[0.09612869 0.90387131],[0.09612869 0.90387131],"[-0.11944444  0.25390625  0.44921875  0.38055556  0.1953125   0.390625
  0.88055556  0.234375    0.4296875   0.3046875  -0.8         0.5       ]",0.625553344212407,0,0
379,398,2024-09-26 21:13:58.462009088,TASK_BEGIN,19,0.3332666081745155,0.0121280358126066,-1.7116836596807656,1.6934659216434278,1.8693173028429737,-1.011782046144671,0.8428522643584024,0.7448792031954824,0,2024-09-26 21:13:59.694423828,1727385239.6944244,2024-09-26 21:13:59.694424320,4,1.0,0.1,12.261713154090796,[0.09612869 0.90387131],[0.09612869 0.90387131],"[-0.11944444  0.25390625  0.44921875  0.38055556  0.1953125   0.390625
  0.88055556  0.234375    0.4296875   0.3046875  -0.8         0.5       ]",0.625553344212407,0,0
380,399,2024-09-26 21:13:59.384424192,TASK_BEGIN,19,0.3917005746236705,-0.0032854804953015,-1.7935661147524635,1.6326791569137158,1.8784255433095496,-0.998202211747875,0.1757632744075558,0.8148438279685214,0,2024-09-26 21:14:00.554135010,1727385240.5541356,2024-09-26 21:14:00.554135552,4,0.0,1.0,12.806495708627722,[0.95045213 0.04954787],[0.95045213 0.04954787],"[ 0.14444444  0.1953125   0.390625    0.64444444  0.234375    0.4296875
  1.          0.          1.          0.3046875   0.8        -0.03333333]",0.5929360836465991,0,0
381,400,2024-09-26 21:13:59.454031872,TASK_BEGIN,19,0.4602656626305694,-0.0204064367066733,-1.8946248728309167,1.5731938596826414,1.8834677688934336,-0.9787083442845111,-0.4754398895142446,0.8805666497035233,0,2024-09-26 21:14:00.554135010,1727385240.5541356,2024-09-26 21:14:00.554135552,4,0.0,1.0,12.806495708627722,[0.95045213 0.04954787],[0.95045213 0.04954787],"[ 0.14444444  0.1953125   0.390625    0.64444444  0.234375    0.4296875
  1.          0.          1.          0.3046875   0.8        -0.03333333]",0.5929360836465991,0,0
382,401,2024-09-26 21:13:59.520838912,TASK_BEGIN,19,0.5366330957385432,-0.0387495848534782,-2.01660812034438,1.5180857135140446,1.881639292454507,-0.9522283474894504,-1.0807922195389716,0.9360328531805464,0,2024-09-26 21:14:00.554135010,1727385240.5541356,2024-09-26 21:14:00.554135552,4,0.0,1.0,12.806495708627722,[0.95045213 0.04954787],[0.95045213 0.04954787],"[ 0.14444444  0.1953125   0.390625    0.64444444  0.234375    0.4296875
  1.          0.          1.          0.3046875   0.8        -0.03333333]",0.5929360836465991,0,0
383,402,2024-09-26 21:13:59.579488000,TASK_BEGIN,19,0.6177416347291328,-0.0577701210225474,-2.159698321438177,1.470230420274681,1.8702345503308817,-0.9178773893811014,-1.610018347824604,0.9749835016480976,0,2024-09-26 21:14:00.554135010,1727385240.5541356,2024-09-26 21:14:00.554135552,4,0.0,1.0,12.806495708627722,[0.95045213 0.04954787],[0.95045213 0.04954787],"[ 0.14444444  0.1953125   0.390625    0.64444444  0.234375    0.4296875
  1.          0.          1.          0.3046875   0.8        -0.03333333]",0.5929360836465991,0,0
384,403,2024-09-26 21:13:59.641902080,TASK_BEGIN,19,0.7002058442969538,-0.0769017061959401,-2.322273409727272,1.432047575278147,1.8470067866884297,-0.8750883229352854,-2.034379173296015,0.9915660785535948,0,2024-09-26 21:14:00.554135010,1727385240.5541356,2024-09-26 21:14:00.554135552,4,0.0,1.0,12.806495708627722,[0.95045213 0.04954787],[0.95045213 0.04954787],"[ 0.14444444  0.1953125   0.390625    0.64444444  0.234375    0.4296875
  1.          0.          1.          0.3046875   0.8        -0.03333333]",0.5929360836465991,0,0
385,404,2024-09-26 21:13:59.721210880,TASK_BEGIN,19,0.780642132450989,-0.0955754785027093,-2.5005934773562624,1.405259232278047,1.810610711851448,-0.823740782163415,-2.328108142681177,0.9808770664465922,0,2024-09-26 21:14:01.110186035,1727385241.110187,2024-09-26 21:14:01.110187008,4,1.0,0.1,12.512762968347317,[0.62987748 0.37012252],[0.76584563 0.23415437],"[-0.00833333  0.1953125   0.390625    0.49166667  0.234375    0.4296875
  1.          0.          1.          0.15820312 -0.8         0.5       ]",0.10946991672972388,0,0
386,405,2024-09-26 21:13:59.787877888,TASK_BEGIN,19,0.8559027517741666,-0.1132289279370359,-2.6889333975845484,1.3907582266191614,1.7610624495139042,-0.764269510409211,-2.4699464196932297,0.9394309713626002,0,2024-09-26 21:14:01.110186035,1727385241.110187,2024-09-26 21:14:01.110187008,4,1.0,0.1,12.512762968347317,[0.62987748 0.37012252],[0.76584563 0.23415437],"[-0.00833333  0.1953125   0.390625    0.49166667  0.234375    0.4296875
  1.          0.          1.          0.15820312 -0.8         0.5       ]",0.10946991672972388,0,0
387,406,2024-09-26 21:14:00.737517056,TASK_BEGIN,19,0.9232815971281564,-0.1293277800563138,-2.8801993238311625,1.3886036281505372,1.7000550235758076,-0.6977233781791135,-2.445223291212032,0.8656135985147075,0,2024-09-26 21:14:01.764338867,1727385241.7643392,2024-09-26 21:14:01.764339200,4,0.0,-1.0,9.922942330538056,[0.28138099 0.71861901],[0.03118913 0.96881087],"[ 0.31111111  0.234375    0.4296875   0.88055556  0.1953125   0.390625
  1.          0.          1.         -0.03320312 -0.7         0.46666667]",0.13442229199705116,0,0
388,407,2024-09-26 21:14:00.804303104,TASK_BEGIN,19,0.9807270133760057,-0.1434100606480529,-3.0665845447654903,1.3980946560150225,1.6309257630230178,-0.6257419033770415,-2.247944692639199,0.7600478701501322,0,2024-09-26 21:14:01.764338867,1727385241.7643392,2024-09-26 21:14:01.764339200,4,0.0,-1.0,9.922942330538056,[0.28138099 0.71861901],[0.03118913 0.96881087],"[ 0.31111111  0.234375    0.4296875   0.88055556  0.1953125   0.390625
  1.          0.          1.         -0.03320312 -0.7         0.46666667]",0.13442229199705116,0,0
389,408,2024-09-26 21:14:00.871116032,TASK_BEGIN,19,1.0270584789700028,-0.1551435431234769,-3.2397773671424006,1.4178513023890915,1.5582427723156551,-0.5504440966622822,-1.881788493667484,0.625696976669798,0,2024-09-26 21:14:01.764338867,1727385241.7643392,2024-09-26 21:14:01.764339200,4,0.0,-1.0,9.922942330538056,[0.28138099 0.71861901],[0.03118913 0.96881087],"[ 0.31111111  0.234375    0.4296875   0.88055556  0.1953125   0.390625
  1.          0.          1.         -0.03320312 -0.7         0.46666667]",0.13442229199705116,0,0
390,413,2024-09-26 21:14:02.082145024,TASK_BEGIN,19,1.1173020272032208,-0.1794916026775231,-3.560840112839492,1.577651252957621,1.3130185956392195,-0.2095308458413346,1.8471916563657893,-0.2658436974903747,0,2024-09-26 21:14:03.518183838,1727385243.5181842,2024-09-26 21:14:03.518184192,5,1.0,0.1,0.490099501,[0.3518311 0.6481689],[0.3518311 0.6481689],"[ 0.93055556  0.25390625  0.44921875  1.          0.          1.
  1.          0.          1.          0.3984375  -0.8         0.5       ]",0.043245202671671576,0,0
391,414,2024-09-26 21:14:02.154022912,TASK_BEGIN,19,1.1195903856128968,-0.179449041621663,-3.449793593287648,1.5972441227504566,1.3121830366243203,-0.1630528553189923,2.8028237518823667,-0.4412392313525795,0,2024-09-26 21:14:03.518183838,1727385243.5181842,2024-09-26 21:14:03.518184192,5,1.0,0.1,0.490099501,[0.3518311 0.6481689],[0.3518311 0.6481689],"[ 0.93055556  0.25390625  0.44921875  1.          0.          1.
  1.          0.          1.          0.3984375  -0.8         0.5       ]",0.043245202671671576,0,0
392,415,2024-09-26 21:14:02.220456960,TASK_BEGIN,19,1.12030743886488,-0.1785235567520928,-3.270957683848752,1.6056176197106498,1.3299376418157058,-0.1265653412889249,3.770456598496541,-0.6028913475504828,0,2024-09-26 21:14:03.518183838,1727385243.5181842,2024-09-26 21:14:03.518184192,5,1.0,0.1,0.490099501,[0.3518311 0.6481689],[0.3518311 0.6481689],"[ 0.93055556  0.25390625  0.44921875  1.          0.          1.
  1.          0.          1.          0.3984375  -0.8         0.5       ]",0.043245202671671576,0,0
393,416,2024-09-26 21:14:02.287599104,TASK_BEGIN,19,1.1199150949740395,-0.1769251644873613,-3.0306433199271456,1.6020470741604558,1.3645833545942692,-0.100064595587209,4.725822556769474,-0.7472642315912988,0,2024-09-26 21:14:03.722330078,1727385243.7223306,2024-09-26 21:14:03.722330624,5,1.0,0.1,0.8648275251635908,[0.33314379 0.66685621],[0.33314379 0.66685621],"[ 0.875       0.25390625  0.44921875  1.          0.          1.
  1.          0.          1.          0.3359375  -0.8         0.5       ]",0.051272256918236225,0,0
394,417,2024-09-26 21:14:02.354181888,TASK_BEGIN,19,1.118289634423843,-0.1747809938549959,-2.741287320289318,1.5875651984481187,1.4131522923813762,-0.0829926444646006,5.645460234104657,-0.8718946843008597,0,2024-09-26 21:14:03.773290039,1727385243.773291,2024-09-26 21:14:03.773291008,5,1.0,0.1,0.9561792499119549,[0.31712838 0.68287162],[0.31712838 0.68287162],"[ 0.86111111  0.25390625  0.44921875  1.          0.          1.
  1.          0.          1.          0.3203125  -0.8         0.5       ]",0.06121724387616445,0,0
395,418,2024-09-26 21:14:02.421094912,TASK_BEGIN,19,1.114930307905378,-0.1721418927445847,-2.420726974581928,1.5648175188134064,1.471657746372316,-0.074350334982477,6.507849299547563,-0.9754848414610848,0,2024-09-26 21:14:03.824316895,1727385243.8243177,2024-09-26 21:14:03.824317696,5,1.0,0.1,1.0466174574128353,[0.30364509 0.69635491],[0.30364509 0.69635491],"[ 0.84722222  0.25390625  0.44921875  1.          0.          1.
  1.          0.          1.          0.3046875  -0.8         0.5       ]",0.07070707648944315,0,0
396,419,2024-09-26 21:14:02.487048192,TASK_BEGIN,19,1.109186610169542,-0.1689930282683072,-2.0906373470144044,1.537660784895223,1.5355223942225502,-0.0728433623296375,7.294665290296642,-1.057957482162373,0,2024-09-26 21:14:03.926367920,1727385243.9263687,2024-09-26 21:14:03.926368768,5,1.0,0.1,1.22478977001032,[0.29901363 0.70098637],[0.29901363 0.70098637],"[ 0.81944444  0.25390625  0.44921875  1.          0.          1.
  1.          0.          1.          0.2734375  -0.8         0.5       ]",0.07384099684014485,0,0
397,420,2024-09-26 21:14:03.437308160,TASK_BEGIN,19,1.100423574024985,-0.1652668976483293,-1.774538679432886,1.510657281882189,1.600124502119182,-0.0770382355733257,7.991732882696374,-1.120375048676381,0,2024-09-26 21:14:04.843308838,1727385244.8433096,2024-09-26 21:14:04.843309568,5,0.0,0.1,2.6769663034560254,[9.99999519e-01 4.80710405e-07],[9.99999519e-01 4.80710405e-07],"[0.56944444 0.25390625 0.44921875 1.         0.         1.
 1.         0.         1.         0.2265625  0.7        0.        ]",0.3449255086742378,0,0
398,421,2024-09-26 21:14:03.504118016,TASK_BEGIN,19,1.0881109264845332,-0.1608604150291865,-1.495962147454876,1.488568834088491,1.6612909399756624,-0.0854994975170928,8.589574164471587,-1.1647061590129448,0,2024-09-26 21:14:04.943806885,1727385244.9438078,2024-09-26 21:14:04.943807744,5,0.0,0.1,2.8226946740172503,[9.99999546e-01 4.54076137e-07],[9.99999546e-01 4.54076137e-07],"[ 0.54166667  0.25390625  0.44921875  1.          0.          1.
  1.          0.          1.          0.25976562  0.9        -0.06666667]",0.3793580789693466,0,0
399,422,2024-09-26 21:14:03.570895104,TASK_BEGIN,19,1.071869276347169,-0.155658304867599,-1.2770043352640246,1.4758902776105205,1.7156176314946705,-0.0968936813900776,9.08370649188569,-1.193522138980702,0,2024-09-26 21:14:04.993503174,1727385244.9935038,2024-09-26 21:14:04.993503744,5,0.0,0.1,2.894467727277078,[9.99998507e-01 1.49258581e-06],[9.99998507e-01 1.49258581e-06],"[ 0.52777778  0.25390625  0.44921875  1.          0.          1.
  1.          0.          1.          0.27929688  1.         -0.1       ]",0.4041116297403848,0,0
400,423,2024-09-26 21:14:03.631871744,TASK_BEGIN,19,1.0514987538720786,-0.1495636095163708,-1.1371740467933855,1.4764778826431624,1.7606225762883314,-0.1100637991037478,9.474722991745695,-1.209715192969618,0,2024-09-26 21:14:05.043124023,1727385245.0431242,2024-09-26 21:14:05.043124224,5,0.0,0.1,2.965523050004307,[9.99990460e-01 9.54005876e-06],[9.99990460e-01 9.54005876e-06],"[ 0.51388889  0.25390625  0.44921875  1.          0.          1.
  1.          0.          1.          0.29882812  1.         -0.13333333]",0.4272567299413042,0,0
401,424,2024-09-26 21:14:03.704492288,TASK_BEGIN,19,1.0270036314915705,-0.1425319579170952,-1.0924742817546096,1.4933201315102356,1.7948046420274617,-0.1240812515610526,9.76792016801196,-1.216257912851986,0,2024-09-26 21:14:05.043124023,1727385245.0431242,2024-09-26 21:14:05.043124224,5,0.0,0.1,2.965523050004307,[9.99990460e-01 9.54005876e-06],[9.99990460e-01 9.54005876e-06],"[ 0.51388889  0.25390625  0.44921875  1.          0.          1.
  1.          0.          1.          0.29882812  1.         -0.13333333]",0.4272567299413042,0,0
402,425,2024-09-26 21:14:03.771262976,TASK_BEGIN,19,0.9986462543266972,-0.1346035613711345,-1.1547023377029415,1.5284093607683098,1.817673828840506,-0.1382748452227179,9.97229480549803,-1.2159724153490548,0,2024-09-26 21:14:05.194569092,1727385245.1945696,2024-09-26 21:14:05.194569472,5,0.0,0.1,3.17445404989613,[0.99786681 0.00213319],[0.99786681 0.00213319],"[ 0.47222222  0.25390625  0.44921875  0.97222222  0.25390625  0.44921875
  1.          0.          1.          0.35742188  1.         -0.23333333]",0.4893939361384711,0,0
403,426,2024-09-26 21:14:03.828455168,TASK_BEGIN,19,0.9670624035619524,-0.1259304083506077,-1.3308335304506589,1.5826281321631912,1.8297631765155096,-0.152231824204384,10.099061056282505,-1.2113045322603426,0,2024-09-26 21:14:05.194569092,1727385245.1945696,2024-09-26 21:14:05.194569472,5,0.0,0.1,3.17445404989613,[0.99786681 0.00213319],[0.99786681 0.00213319],"[ 0.47222222  0.25390625  0.44921875  0.97222222  0.25390625  0.44921875
  1.          0.          1.          0.35742188  1.         -0.23333333]",0.4893939361384711,0,0
404,427,2024-09-26 21:14:04.787344896,TASK_BEGIN,19,0.9334087674494674,-0.1167971238783253,-1.6223286301829247,1.6556269768411342,1.832600193595886,-0.1657724340780734,10.159877867795297,-1.204136299125199,0,2024-09-26 21:14:06.104928955,1727385246.1049292,2024-09-26 21:14:06.104929280,5,0.0,0.1,4.303987975228407,[0.99213159 0.00786841],[0.99213159 0.00786841],"[0.22222222 0.25390625 0.44921875 0.72222222 0.25390625 0.44921875
 1.         0.         1.         0.3515625  0.6        0.03333333]",0.6173917931670313,0,0
405,428,2024-09-26 21:14:04.853152000,TASK_BEGIN,19,0.8994467973747344,-0.1076262934203161,-2.0244416717342006,1.745759061322954,1.8286177956143344,-0.178908949358807,10.164777245964691,-1.1956610108994867,0,2024-09-26 21:14:06.104928955,1727385246.1049292,2024-09-26 21:14:06.104929280,5,0.0,0.1,4.303987975228407,[0.99213159 0.00786841],[0.99213159 0.00786841],"[0.22222222 0.25390625 0.44921875 0.72222222 0.25390625 0.44921875
 1.         0.         1.         0.3515625  0.6        0.03333333]",0.6173917931670313,0,0
406,429,2024-09-26 21:14:04.907101952,TASK_BEGIN,19,0.8674700207206537,-0.0989542551133762,-2.525868297601959,1.8501428643044944,1.8209522363136432,-0.1917953423792639,10.120103470946226,-1.1863511792424335,0,2024-09-26 21:14:06.104928955,1727385246.1049292,2024-09-26 21:14:06.104929280,5,0.0,0.1,4.303987975228407,[0.99213159 0.00786841],[0.99213159 0.00786841],"[0.22222222 0.25390625 0.44921875 0.72222222 0.25390625 0.44921875
 1.         0.         1.         0.3515625  0.6        0.03333333]",0.6173917931670313,0,0
407,430,2024-09-26 21:14:04.983791872,TASK_BEGIN,19,0.8400605210865881,-0.0913716102575669,-3.109037346309496,1.964846964121841,1.8130550776792875,-0.2046618986933256,10.027460835956648,-1.17607679542693,0,2024-09-26 21:14:06.104928955,1727385246.1049292,2024-09-26 21:14:06.104929280,5,0.0,0.1,4.303987975228407,[0.99213159 0.00786841],[0.99213159 0.00786841],"[0.22222222 0.25390625 0.44921875 0.72222222 0.25390625 0.44921875
 1.         0.         1.         0.3515625  0.6        0.03333333]",0.6173917931670313,0,0
408,431,2024-09-26 21:14:05.054532864,TASK_BEGIN,19,0.8197471902570264,-0.0854407862845188,-3.751237581996613,2.0851697989191225,1.8081621956144387,-0.2177362727722935,9.884472590276232,-1.1643685377515784,0,2024-09-26 21:14:06.104928955,1727385246.1049292,2024-09-26 21:14:06.104929280,5,0.0,0.1,4.303987975228407,[0.99213159 0.00786841],[0.99213159 0.00786841],"[0.22222222 0.25390625 0.44921875 0.72222222 0.25390625 0.44921875
 1.         0.         1.         0.3515625  0.6        0.03333333]",0.6173917931670313,0,0
409,432,2024-09-26 21:14:05.120577024,TASK_BEGIN,19,0.8086624697240445,-0.0816179671925302,-4.42674231353798,2.2060275056226253,1.8088272809723491,-0.2311773754142077,9.686927640383622,-1.1506963878652787,0,2024-09-26 21:14:06.104928955,1727385246.1049292,2024-09-26 21:14:06.104929280,5,0.0,0.1,4.303987975228407,[0.99213159 0.00786841],[0.99213159 0.00786841],"[0.22222222 0.25390625 0.44921875 0.72222222 0.25390625 0.44921875
 1.         0.         1.         0.3515625  0.6        0.03333333]",0.6173917931670313,0,0
410,433,2024-09-26 21:14:05.187747072,TASK_BEGIN,19,0.8082680206345277,-0.0802024972831658,-5.10966453168869,2.3224129874542645,1.816698637314779,-0.2450522015182814,9.431179014506862,-1.1346389231596288,0,2024-09-26 21:14:06.104928955,1727385246.1049292,2024-09-26 21:14:06.104929280,5,0.0,0.1,4.303987975228407,[0.99213159 0.00786841],[0.99213159 0.00786841],"[0.22222222 0.25390625 0.44921875 0.72222222 0.25390625 0.44921875
 1.         0.         1.         0.3515625  0.6        0.03333333]",0.6173917931670313,0,0
411,434,2024-09-26 21:14:06.136459264,TASK_BEGIN,19,0.8191944679637424,-0.0813158252019456,-5.776583740610411,2.429803780713837,1.8325137516824308,-0.2593542428163265,9.116199133310364,-1.1159679188134402,0,2024-09-26 21:14:07.420327881,1727385247.4203281,2024-09-26 21:14:07.420328192,5,1.0,0.1,6.342580063300015,[0.04294256 0.95705744],[0.04294256 0.95705744],"[-0.13888889  0.25390625  0.44921875  0.36111111  0.25390625  0.44921875
  0.86111111  0.29296875  0.48828125  0.34375    -0.8         0.5       ]",0.763515212470377,1,1
412,435,2024-09-26 21:14:06.203229952,TASK_BEGIN,19,0.8412111362323996,-0.0848993343629773,-6.407891158550497,2.5244191755903125,1.856177828871583,-0.2740354531120373,8.745229495704148,-1.094735520709006,0,2024-09-26 21:14:07.420327881,1727385247.4203281,2024-09-26 21:14:07.420328192,5,1.0,0.1,6.342580063300015,[0.04294256 0.95705744],[0.04294256 0.95705744],"[-0.13888889  0.25390625  0.44921875  0.36111111  0.25390625  0.44921875
  0.86111111  0.29296875  0.48828125  0.34375    -0.8         0.5       ]",0.763515212470377,1,1
413,436,2024-09-26 21:14:06.270042880,TASK_BEGIN,19,0.8733060574518478,-0.0907292679324908,-6.987453360365559,2.6032866576987552,1.886857867761711,-0.289030095378242,8.326586193120491,-1.071329416385914,0,2024-09-26 21:14:07.420327881,1727385247.4203281,2024-09-26 21:14:07.420328192,5,1.0,0.1,6.342580063300015,[0.04294256 0.95705744],[0.04294256 0.95705744],"[-0.13888889  0.25390625  0.44921875  0.36111111  0.25390625  0.44921875
  0.86111111  0.29296875  0.48828125  0.34375    -0.8         0.5       ]",0.763515212470377,1,1
414,437,2024-09-26 21:14:06.326632192,TASK_BEGIN,19,0.9138608130399388,-0.0984577179966694,-7.501117143404881,2.6641253575406902,1.9230914342802363,-0.304265249929926,7.872961858879131,-1.0463795455195717,0,2024-09-26 21:14:07.420327881,1727385247.4203281,2024-09-26 21:14:07.420328192,5,1.0,0.1,6.342580063300015,[0.04294256 0.95705744],[0.04294256 0.95705744],"[-0.13888889  0.25390625  0.44921875  0.36111111  0.25390625  0.44921875
  0.86111111  0.29296875  0.48828125  0.34375    -0.8         0.5       ]",0.763515212470377,1,1
415,438,2024-09-26 21:14:06.400518912,TASK_BEGIN,19,0.9609150267937404,-0.1076773902659166,-7.935203530702727,2.705147356239598,1.962908529331198,-0.3196593754725925,7.39940745359664,-1.0205187571997878,0,2024-09-26 21:14:07.420327881,1727385247.4203281,2024-09-26 21:14:07.420328192,5,1.0,0.1,6.342580063300015,[0.04294256 0.95705744],[0.04294256 0.95705744],"[-0.13888889  0.25390625  0.44921875  0.36111111  0.25390625  0.44921875
  0.86111111  0.29296875  0.48828125  0.34375    -0.8         0.5       ]",0.763515212470377,1,1
416,439,2024-09-26 21:14:06.462549760,TASK_BEGIN,19,1.0124505832813442,-0.1179856765169601,-8.275945591856532,2.724941323904624,2.003969203919274,-0.3351183389288474,6.921133074251848,-0.9941421008935968,0,2024-09-26 21:14:07.420327881,1727385247.4203281,2024-09-26 21:14:07.420328192,5,1.0,0.1,6.342580063300015,[0.04294256 0.95705744],[0.04294256 0.95705744],"[-0.13888889  0.25390625  0.44921875  0.36111111  0.25390625  0.44921875
  0.86111111  0.29296875  0.48828125  0.34375    -0.8         0.5       ]",0.763515212470377,1,1
417,440,2024-09-26 21:14:06.536692992,TASK_BEGIN,19,1.0665690375185193,-0.1290229707668032,-8.51002298877902,2.7225410740313163,2.043731233882153,-0.3505434093657552,6.452273351057901,-0.967303011106556,0,2024-09-26 21:14:07.420327881,1727385247.4203281,2024-09-26 21:14:07.420328192,5,1.0,0.1,6.342580063300015,[0.04294256 0.95705744],[0.04294256 0.95705744],"[-0.13888889  0.25390625  0.44921875  0.36111111  0.25390625  0.44921875
  0.86111111  0.29296875  0.48828125  0.34375    -0.8         0.5       ]",0.763515212470377,1,1
418,441,2024-09-26 21:14:07.477981184,TASK_BEGIN,19,1.12150715415993,-0.1404817950174654,-8.625758287050756,2.697644006026665,2.0796370835534854,-0.3658512662093304,6.006123944445932,-0.9398094800668793,0,2024-09-26 21:14:08.332042969,1727385248.3320432,2024-09-26 21:14:08.332043264,5,0.0,0.1,7.821101831421947,[0.99116361 0.00883639],[0.99116361 0.00883639],"[ 0.11111111  0.25390625  0.44921875  0.61111111  0.29296875  0.48828125
  1.          0.          1.          0.36132812  0.9        -0.06666667]",0.6966711601222338,1,1
419,442,2024-09-26 21:14:07.539606272,TASK_BEGIN,19,1.1755477794301188,-0.1520974747426557,-8.614494929134299,2.650842545508568,2.109283619106656,-0.3809923877329173,5.59658865333378,-0.9115027209425236,0,2024-09-26 21:14:08.434005127,1727385248.4340053,2024-09-26 21:14:08.434005248,5,1.0,0.1,7.864461904976649,[0.16520475 0.83479525],[0.16520475 0.83479525],"[ 0.08333333  0.25390625  0.44921875  0.58333333  0.29296875  0.48828125
  1.          0.          1.          0.36523438 -0.8         0.5       ]",0.37262637510456914,1,1
420,443,2024-09-26 21:14:07.620360960,TASK_BEGIN,19,1.2269200122864787,-0.1636323121542448,-8.471854931745911,2.583750403383102,2.130560212526605,-0.3959633876514797,5.239691721914961,-0.8825688411634988,0,2024-09-26 21:14:08.587004883,1727385248.5870059,2024-09-26 21:14:08.587005952,5,0.0,0.1,7.927889521936936,[0.99895532 0.00104468],[0.99895532 0.00104468],"[ 0.04166667  0.25390625  0.44921875  0.54166667  0.29296875  0.48828125
  1.          0.          1.          0.33007812 -0.5         0.4       ]",0.35745687296413065,1,1
421,444,2024-09-26 21:14:07.677467904,TASK_BEGIN,19,1.2737708708648203,-0.174866507839199,-8.198662716482964,2.4989981816007005,2.1417759225417607,-0.4108184529460151,4.953546505281504,-0.8536458428223068,0,2024-09-26 21:14:09.097112793,1727385249.0971136,2024-09-26 21:14:09.097113600,5,0.0,0.1,8.12602042620184,[9.99999543e-01 4.57265806e-07],[9.99999543e-01 4.57265806e-07],"[-0.09722222  0.25390625  0.44921875  0.40277778  0.29296875  0.48828125
  0.97777778  0.21484375  0.41015625  0.33984375  0.5         0.06666667]",0.3623662489255019,1,1
422,445,2024-09-26 21:14:07.738574080,TASK_BEGIN,19,1.3142429262579882,-0.1856022776329884,-7.801245628402859,2.400096462998379,2.141786401447128,-0.4256781819794559,4.755976612756844,-0.82560318679547,0,2024-09-26 21:14:09.148113037,1727385249.148114,2024-09-26 21:14:09.148113920,5,0.0,0.1,8.144760221939821,[9.99997595e-01 2.40489796e-06],[9.99997595e-01 2.40489796e-06],"[-0.11111111  0.25390625  0.44921875  0.38888889  0.29296875  0.48828125
  0.96388889  0.21484375  0.41015625  0.3515625   0.6         0.03333333]",0.3835857700594206,1,1
423,446,2024-09-26 21:14:07.820734976,TASK_BEGIN,19,1.3466030211965645,-0.1956699369494021,-7.290853679964072,2.291145182694809,2.130093406200785,-0.4407305072898533,4.660581300220637,-0.799108663594285,0,2024-09-26 21:14:09.249113037,1727385249.2491136,2024-09-26 21:14:09.249113600,5,0.0,0.1,8.181679493523218,[9.99788061e-01 2.11939099e-04],[9.99788061e-01 2.11939099e-04],"[-0.13888889  0.25390625  0.44921875  0.36111111  0.29296875  0.48828125
  0.93611111  0.21484375  0.41015625  0.38085938  0.8        -0.03333333]",0.5009611685667523,1,1
424,447,2024-09-26 21:14:07.887505152,TASK_BEGIN,19,1.3693336976225516,-0.204920313137088,-6.682415510251317,2.176438175959393,2.106881516792937,-0.4562240058516071,4.673017456988628,-0.7742347658628775,0,2024-09-26 21:14:09.300114014,1727385249.300114,2024-09-26 21:14:09.300113920,5,0.0,0.1,8.199862698587985,[0.99607321 0.00392679],[0.99607321 0.00392679],"[-0.15277778  0.25390625  0.44921875  0.34722222  0.29296875  0.48828125
  0.92222222  0.21484375  0.41015625  0.3984375   0.9        -0.06666667]",0.6271721291751471,1,1
425,448,2024-09-26 21:14:08.796845056,TASK_BEGIN,19,1.38116993812017,-0.2132046435235914,-5.993305111412531,2.0600869080708217,2.072985469154051,-0.4724520463671793,4.789079609743466,-0.7503190445826513,0,2024-09-26 21:14:10.112112061,1727385250.1121123,2024-09-26 21:14:10.112112384,5,0.0,0.1,9.349349105674975,[0.7266248 0.2733752],[0.98878251 0.01121749],"[0.125      0.29296875 0.48828125 0.7        0.21484375 0.41015625
 1.         0.         1.         0.38867188 0.6        0.03333333]",0.09284566244226057,1,1
426,449,2024-09-26 21:14:08.878408960,TASK_BEGIN,19,1.381125105629845,-0.2203577374288941,-5.242587542093013,1.9457307934043495,2.029812991335682,-0.4897210149752589,4.995214218117891,-0.7261481292652401,0,2024-09-26 21:14:10.112112061,1727385250.1121123,2024-09-26 21:14:10.112112384,5,0.0,0.1,9.349349105674975,[0.7266248 0.2733752],[0.98878251 0.01121749],"[0.125      0.29296875 0.48828125 0.7        0.21484375 0.41015625
 1.         0.         1.         0.38867188 0.6        0.03333333]",0.09284566244226057,1,1
427,450,2024-09-26 21:14:08.945204992,TASK_BEGIN,19,1.36852285080185,-0.2261941751537411,-4.450700577044778,1.8363176360909768,1.979251492351422,-0.5083019322180633,5.270954399183085,-0.7003597937827921,0,2024-09-26 21:14:10.112112061,1727385250.1121123,2024-09-26 21:14:10.112112384,5,0.0,0.1,9.349349105674975,[0.7266248 0.2733752],[0.98878251 0.01121749],"[0.125      0.29296875 0.48828125 0.7        0.21484375 0.41015625
 1.         0.         1.         0.38867188 0.6        0.03333333]",0.09284566244226057,1,1
428,451,2024-09-26 21:14:08.998039040,TASK_BEGIN,19,1.343005208968474,-0.2305098358952565,-3.639279652168905,1.7339481445752751,1.9235583903487508,-0.528372708805718,5.592028463298866,-0.6718483271387239,0,2024-09-26 21:14:10.112112061,1727385250.1121123,2024-09-26 21:14:10.112112384,5,0.0,0.1,9.349349105674975,[0.7266248 0.2733752],[0.98878251 0.01121749],"[0.125      0.29296875 0.48828125 0.7        0.21484375 0.41015625
 1.         0.         1.         0.38867188 0.6        0.03333333]",0.09284566244226057,1,1
429,452,2024-09-26 21:14:09.078789120,TASK_BEGIN,19,1.30449156767714,-0.233075290825905,-2.830823349797841,1.6398225435447655,1.8652165906565148,-0.5499592810333878,5.933087409874287,-0.6400042778182925,0,2024-09-26 21:14:10.112112061,1727385250.1121123,2024-09-26 21:14:10.112112384,5,0.0,0.1,9.349349105674975,[0.7266248 0.2733752],[0.98878251 0.01121749],"[0.125      0.29296875 0.48828125 0.7        0.21484375 0.41015625
 1.         0.         1.         0.38867188 0.6        0.03333333]",0.09284566244226057,1,1
430,453,2024-09-26 21:14:09.145582080,TASK_BEGIN,19,1.2531056649688568,-0.2336209249037716,-2.0480155968559965,1.5543366280044058,1.8067644656344093,-0.5728887367239313,6.269738718547812,-0.6047630543043491,0,2024-09-26 21:14:10.112112061,1727385250.1121123,2024-09-26 21:14:10.112112384,5,0.0,0.1,9.349349105674975,[0.7266248 0.2733752],[0.98878251 0.01121749],"[0.125      0.29296875 0.48828125 0.7        0.21484375 0.41015625
 1.         0.         1.         0.38867188 0.6        0.03333333]",0.09284566244226057,1,1
431,454,2024-09-26 21:14:09.212376832,TASK_BEGIN,19,1.1891242512710123,-0.2318301147861017,-1.3126895746791225,1.4773426024911622,1.7506360992097538,-0.5967716578917894,6.580054249814773,-0.5665321655888335,0,2024-09-26 21:14:10.112112061,1727385250.1121123,2024-09-26 21:14:10.112112384,5,0.0,0.1,9.349349105674975,[0.7266248 0.2733752],[0.98878251 0.01121749],"[0.125      0.29296875 0.48828125 0.7        0.21484375 0.41015625
 1.         0.         1.         0.38867188 0.6        0.03333333]",0.09284566244226057,1,1
432,462,2024-09-26 21:14:11.499445760,TASK_BEGIN,19,0.352209423711404,-0.109245873381986,1.366631051231799,1.1798979742231022,1.555687595858136,-0.7396315206500049,7.0959933272697135,-0.2631313956749254,0,2024-09-26 21:14:12.476104004,1727385252.476105,2024-09-26 21:14:12.476104960,6,1.0,0.1,0.9561792499119549,[0.28659101 0.71340899],[0.28659101 0.71340899],"[ 0.86111111  0.2734375   0.46875     1.          0.          1.
  1.          0.          1.          0.3203125  -0.8         0.5       ]",0.08321694845607315,0,0
433,463,2024-09-26 21:14:11.577552896,TASK_BEGIN,19,0.2397082761414003,-0.082693202950144,1.286517630393038,1.1897012606036084,1.570154113718724,-0.7447729941593432,7.040625382550783,-0.243234020030601,0,2024-09-26 21:14:12.476104004,1727385252.476105,2024-09-26 21:14:12.476104960,6,1.0,0.1,0.9561792499119549,[0.28659101 0.71340899],[0.28659101 0.71340899],"[ 0.86111111  0.2734375   0.46875     1.          0.          1.
  1.          0.          1.          0.3203125  -0.8         0.5       ]",0.08321694845607315,0,0
434,464,2024-09-26 21:14:11.640038144,TASK_BEGIN,19,0.1347428778752196,-0.0552701545634258,1.1374617940507563,1.2094082980851326,1.5954498740632714,-0.7480486308534345,7.032756950217043,-0.2332676281502494,0,2024-09-26 21:14:13.082451172,1727385253.0824518,2024-09-26 21:14:13.082451712,6,0.0,0.1,1.9836941046095409,[0.98917485 0.01082515],[0.98917485 0.01082515],"[ 0.69444444  0.2734375   0.46875     1.          0.          1.
  1.          0.          1.          0.16210938 -0.3         0.33333333]",0.30027610136788974,0,0
435,465,2024-09-26 21:14:11.702056960,TASK_BEGIN,19,0.0394918250802823,-0.0275726543096351,0.929613591018962,1.2374861096367111,1.6330352248156994,-0.7504794620859572,7.092131186241031,-0.2348270595402982,0,2024-09-26 21:14:13.132451904,1727385253.132452,2024-09-26 21:14:13.132452096,6,0.0,0.1,2.0638571635634455,[0.99836586 0.00163414],[0.99836586 0.00163414],"[ 0.68055556  0.2734375   0.46875     1.          0.          1.
  1.          0.          1.          0.15820312 -0.2         0.3       ]",0.32814682163513,0,0
436,466,2024-09-26 21:14:11.766352896,TASK_BEGIN,19,-0.0444146977549634,-0.0001558763515436,0.6736350076845589,1.2719733138172435,1.684286699533183,-0.7531491548384098,7.228498226362716,-0.2484825909386701,0,2024-09-26 21:14:13.182452881,1727385253.1824534,2024-09-26 21:14:13.182453504,6,0.0,0.1,2.1432185919278113,[9.99733801e-01 2.66199314e-04],[9.99733801e-01 2.66199314e-04],"[ 0.66666667  0.2734375   0.46875     1.          0.          1.
  1.          0.          1.          0.15625    -0.1         0.26666667]",0.32856424714199334,0,0
437,467,2024-09-26 21:14:11.845719040,TASK_BEGIN,19,-0.1158672209144107,0.0264793000359032,0.3809815092029701,1.3106269829695776,1.7502548518307235,-0.7571003665675053,7.4405409183211875,-0.273540733721263,0,2024-09-26 21:14:13.182452881,1727385253.1824534,2024-09-26 21:14:13.182453504,6,0.0,0.1,2.1432185919278113,[9.99733801e-01 2.66199314e-04],[9.99733801e-01 2.66199314e-04],"[ 0.66666667  0.2734375   0.46875     1.          0.          1.
  1.          0.          1.          0.15625    -0.1         0.26666667]",0.32856424714199334,0,0
438,468,2024-09-26 21:14:11.912504832,TASK_BEGIN,19,-0.1741914603738222,0.051887317994193,0.0641859158514382,1.3510920449156656,1.8313882160399764,-0.7632323800017031,7.717199519272239,-0.308106865751393,0,2024-09-26 21:14:13.182452881,1727385253.1824534,2024-09-26 21:14:13.182453504,6,0.0,0.1,2.1432185919278113,[9.99733801e-01 2.66199314e-04],[9.99733801e-01 2.66199314e-04],"[ 0.66666667  0.2734375   0.46875     1.          0.          1.
  1.          0.          1.          0.15625    -0.1         0.26666667]",0.32856424714199334,0,0
439,469,2024-09-26 21:14:12.835282944,TASK_BEGIN,19,-0.2190693575127014,0.0756700087232849,-0.2631952678635866,1.3910663881553398,1.9271984914442752,-0.7721949086093413,8.04024316693556,-0.3493817610308298,0,2024-09-26 21:14:13.988455078,1727385253.9884555,2024-09-26 21:14:13.988455424,6,0.0,0.1,3.310282414303197,[9.99982530e-01 1.74701405e-05],[9.99982530e-01 1.74701405e-05],"[ 0.44444444  0.2734375   0.46875     0.94444444  0.21484375  0.41015625
  1.          0.          1.          0.36132812  1.         -0.26666667]",0.4654964914016282,1,2
440,470,2024-09-26 21:14:12.897660928,TASK_BEGIN,19,-0.2504963388033157,0.0974684188195208,-0.5870365115958194,1.4284271258701466,2.03594336531256,-0.7842880270525372,8.387152845702824,-0.3940840662305085,0,2024-09-26 21:14:13.988455078,1727385253.9884555,2024-09-26 21:14:13.988455424,6,0.0,0.1,3.310282414303197,[9.99982530e-01 1.74701405e-05],[9.99982530e-01 1.74701405e-05],"[ 0.44444444  0.2734375   0.46875     0.94444444  0.21484375  0.41015625
  1.          0.          1.          0.36132812  1.         -0.26666667]",0.4654964914016282,1,2
441,471,2024-09-26 21:14:12.969413120,TASK_BEGIN,19,-0.2687511270553323,0.1169593927633872,-0.8932427262422424,1.4612849244809318,2.154472449750765,-0.7993943062475798,8.734175396202357,-0.4389059934947731,0,2024-09-26 21:14:13.988455078,1727385253.9884555,2024-09-26 21:14:13.988455424,6,0.0,0.1,3.310282414303197,[9.99982530e-01 1.74701405e-05],[9.99982530e-01 1.74701405e-05],"[ 0.44444444  0.2734375   0.46875     0.94444444  0.21484375  0.41015625
  1.          0.          1.          0.36132812  1.         -0.26666667]",0.4654964914016282,1,2
442,472,2024-09-26 21:14:13.036197888,TASK_BEGIN,19,-0.2743634145205412,0.1338561082028814,-1.1683775832310568,1.4879798260227164,2.2783038833357034,-0.8169625642165227,9.05920071160022,-0.4808810745046545,0,2024-09-26 21:14:13.988455078,1727385253.9884555,2024-09-26 21:14:13.988455424,6,0.0,0.1,3.310282414303197,[9.99982530e-01 1.74701405e-05],[9.99982530e-01 1.74701405e-05],"[ 0.44444444  0.2734375   0.46875     0.94444444  0.21484375  0.41015625
  1.          0.          1.          0.36132812  1.         -0.26666667]",0.4654964914016282,1,2
443,473,2024-09-26 21:14:13.103032832,TASK_BEGIN,19,-0.2680799861132543,0.1479112884529903,-1.4004236144855469,1.5070730650167163,2.4018710907972367,-0.8360347416447759,9.343700903979697,-0.5175880177073571,0,2024-09-26 21:14:13.988455078,1727385253.9884555,2024-09-26 21:14:13.988455424,6,0.0,0.1,3.310282414303197,[9.99982530e-01 1.74701405e-05],[9.99982530e-01 1.74701405e-05],"[ 0.44444444  0.2734375   0.46875     0.94444444  0.21484375  0.41015625
  1.          0.          1.          0.36132812  1.         -0.26666667]",0.4654964914016282,1,2
444,474,2024-09-26 21:14:13.169793024,TASK_BEGIN,19,-0.2508139158533511,0.158925772129533,-1.5795930962420313,1.5173640711046568,2.5188678415084125,-0.855293216296979,9.573466718454458,-0.5472416757859724,0,2024-09-26 21:14:14.288450928,1727385254.2884517,2024-09-26 21:14:14.288451584,6,0.0,0.1,3.7017636879676767,[0.41283906 0.58716094],[0.32387945 0.67612055],"[ 0.36111111  0.2734375   0.46875     0.86111111  0.21484375  0.41015625
  1.          0.          1.          0.28125    -0.7         0.46666667]",0.11356273702675701,1,2
445,475,2024-09-26 21:14:13.235828992,TASK_BEGIN,19,-0.2235912363028464,0.1667704945644528,-1.6990263436668094,1.5179438440503483,2.622686278153344,-0.8731177313476355,9.738386134865893,-0.5687426394114808,0,2024-09-26 21:14:14.288450928,1727385254.2884517,2024-09-26 21:14:14.288451584,6,0.0,0.1,3.7017636879676767,[0.41283906 0.58716094],[0.32387945 0.67612055],"[ 0.36111111  0.2734375   0.46875     0.86111111  0.21484375  0.41015625
  1.          0.          1.          0.28125    -0.7         0.46666667]",0.11356273702675701,1,2
446,483,2024-09-26 21:14:15.535970048,TASK_BEGIN,19,0.1836751845717707,0.1381267072830791,-0.9817003223551538,1.2336027703274577,2.4638154802735657,-0.7267705168891277,8.597009230438902,-0.5911742159038815,0,2024-09-26 21:14:16.396413086,1727385256.3964138,2024-09-26 21:14:16.396413696,7,1.0,0.1,0.7725530557207989,[0.32761326 0.67238674],[0.32761326 0.67238674],"[ 0.88888889  0.1953125   0.390625    1.          0.          1.
  1.          0.          1.          0.3515625  -0.8         0.5       ]",0.06130467817009196,0,0
447,484,2024-09-26 21:14:15.602749952,TASK_BEGIN,19,0.2394517151353596,0.1282230480597384,-0.866688473922148,1.1903684311020504,2.3140690007915947,-0.6451770734827331,8.287237511789176,-0.6302574484460383,0,2024-09-26 21:14:16.803937012,1727385256.8039372,2024-09-26 21:14:16.803937280,7,1.0,0.1,1.4854222890512436,[0.36962178 0.63037822],[0.23308014 0.76691986],"[ 0.77777778  0.1953125   0.390625    1.          0.          1.
  1.          0.          1.          0.22851562 -0.8         0.5       ]",0.03634354729646648,0,0
448,485,2024-09-26 21:14:15.669527040,TASK_BEGIN,19,0.2957652636841495,0.1176384757233825,-0.7942338195248442,1.1544364094148132,2.1446806625672483,-0.5458485319679898,7.992872111807797,-0.6926848940933967,0,2024-09-26 21:14:16.803937012,1727385256.8039372,2024-09-26 21:14:16.803937280,7,1.0,0.1,1.4854222890512436,[0.36962178 0.63037822],[0.23308014 0.76691986],"[ 0.77777778  0.1953125   0.390625    1.          0.          1.
  1.          0.          1.          0.22851562 -0.8         0.5       ]",0.03634354729646648,0,0
449,486,2024-09-26 21:14:15.731154176,TASK_BEGIN,19,0.3535201341099156,0.1063804711150669,-0.776676572917872,1.1284551863391368,1.9598341125839056,-0.4290344187761182,7.724421388759772,-0.7806265259589698,0,2024-09-26 21:14:16.803937012,1727385256.8039372,2024-09-26 21:14:16.803937280,7,1.0,0.1,1.4854222890512436,[0.36962178 0.63037822],[0.23308014 0.76691986],"[ 0.77777778  0.1953125   0.390625    1.          0.          1.
  1.          0.          1.          0.22851562 -0.8         0.5       ]",0.03634354729646648,0,0
450,487,2024-09-26 21:14:15.803102976,TASK_BEGIN,19,0.4136361643128416,0.0944148375776879,-0.8242630455342447,1.1146348841158449,1.7638146139069697,-0.2957414405094221,7.487890296550457,-0.8944407464710676,0,2024-09-26 21:14:16.803937012,1727385256.8039372,2024-09-26 21:14:16.803937280,7,1.0,0.1,1.4854222890512436,[0.36962178 0.63037822],[0.23308014 0.76691986],"[ 0.77777778  0.1953125   0.390625    1.          0.          1.
  1.          0.          1.          0.22851562 -0.8         0.5       ]",0.03634354729646648,0,0
451,488,2024-09-26 21:14:15.869563904,TASK_BEGIN,19,0.4769308103852107,0.0816853173196865,-0.9441463392947672,1.1145633155450985,1.5609891358332753,-0.147792146745385,7.286404175930309,-1.0328476121526136,0,2024-09-26 21:14:16.803937012,1727385256.8039372,2024-09-26 21:14:16.803937280,7,1.0,0.1,1.4854222890512436,[0.36962178 0.63037822],[0.23308014 0.76691986],"[ 0.77777778  0.1953125   0.390625    1.          0.          1.
  1.          0.          1.          0.22851562 -0.8         0.5       ]",0.03634354729646648,0,0
452,489,2024-09-26 21:14:15.934593024,TASK_BEGIN,19,0.5440057352561325,0.0681346738845498,-1.1394594105212266,1.1290283073162322,1.3558359012343386,0.0121813527722356,7.121769909788671,-1.193192715878982,0,2024-09-26 21:14:16.803937012,1727385256.8039372,2024-09-26 21:14:16.803937280,7,1.0,0.1,1.4854222890512436,[0.36962178 0.63037822],[0.23308014 0.76691986],"[ 0.77777778  0.1953125   0.390625    1.          0.          1.
  1.          0.          1.          0.22851562 -0.8         0.5       ]",0.03634354729646648,0,0
453,490,2024-09-26 21:14:16.885968128,TASK_BEGIN,19,0.6150961079792273,0.0537226464652744,-1.4087373907482683,1.1578780993567446,1.1529819852046734,0.1808205650987451,6.995053707066115,-1.3716780794061747,0,2024-09-26 21:14:18.118521973,1727385258.1185226,2024-09-26 21:14:18.118522624,7,0.0,-0.5,-2.293667705213168,[0.83201839 0.16798161],[0.83201839 0.16798161],"[ 0.41666667  0.1953125   0.390625    0.91666667  0.3125      0.5078125
  1.          0.          1.         -0.109375   -0.3         0.33333333]",0.12784982014916677,0,0
454,491,2024-09-26 21:14:16.952681216,TASK_BEGIN,19,0.6899141706076029,0.0384382329799286,-1.7456390291507475,1.1999508771489946,0.9571459186658098,0.3542198177522663,6.906192028902519,-1.5635898979982823,0,2024-09-26 21:14:18.368520996,1727385258.3685217,2024-09-26 21:14:18.368521728,7,1.0,-0.5,-4.631752670434689,[0.1151686 0.8848314],[0.1151686 0.8848314],"[ 0.34722222  0.1953125   0.390625    0.84722222  0.3125      0.5078125
  1.          0.          1.         -0.109375    0.2         0.16666667]",0.5473608788559158,0,0
455,492,2024-09-26 21:14:17.019412992,TASK_BEGIN,19,0.7675741678540887,0.0223070817020774,-2.138688071963792,1.2530538399123894,0.7729445000484518,0.5282015779414853,6.853331585361578,-1.7636279020749903,0,2024-09-26 21:14:18.418520996,1727385258.4185212,2024-09-26 21:14:18.418521088,7,1.0,-0.5,-5.085435143730342,[0.02345356 0.97654644],[0.02345356 0.97654644],"[ 0.33333333  0.1953125   0.390625    0.83333333  0.3125      0.5078125
  1.          0.          1.         -0.10351562  0.3         0.13333333]",0.8546273171837914,0,0
456,493,2024-09-26 21:14:17.081440000,TASK_BEGIN,19,0.846654359115428,0.0053926133778133,-2.5710606720742337,1.313979414120005,0.6046383620798073,0.6986423368569686,6.832710146196511,-1.9663959374221411,0,2024-09-26 21:14:18.518542969,1727385258.518543,2024-09-26 21:14:18.518543104,7,1.0,-1.0,-6.479234984370108,[3.85725071e-04 9.99614275e-01],[3.85725071e-04 9.99614275e-01],"[ 0.30555556  0.1953125   0.390625    0.80555556  0.3125      0.5078125
  1.          0.          1.         -0.0859375   0.5         0.06666667]",0.9870457608319019,1,2
457,494,2024-09-26 21:14:17.153029120,TASK_BEGIN,19,0.925376839758821,-0.0122104310741692,-3.021111856948586,1.3786451356065783,0.4558708372013762,0.8617802825852372,6.83932244414309,-2.166968578084445,0,2024-09-26 21:14:18.518542969,1727385258.518543,2024-09-26 21:14:18.518543104,7,1.0,-1.0,-6.479234984370108,[3.85725071e-04 9.99614275e-01],[3.85725071e-04 9.99614275e-01],"[ 0.30555556  0.1953125   0.390625    0.80555556  0.3125      0.5078125
  1.          0.          1.         -0.0859375   0.5         0.06666667]",0.9870457608319019,1,2
458,495,2024-09-26 21:14:17.219837952,TASK_BEGIN,19,1.0018331908487783,-0.0303852599180327,-3.464318149041248,1.4424620455767678,0.3293611418673103,1.0144562524103518,6.867897819904056,-2.3613214637554787,0,2024-09-26 21:14:18.518542969,1727385258.518543,2024-09-26 21:14:18.518543104,7,1.0,-1.0,-6.479234984370108,[3.85725071e-04 9.99614275e-01],[3.85725071e-04 9.99614275e-01],"[ 0.30555556  0.1953125   0.390625    0.80555556  0.3125      0.5078125
  1.          0.          1.         -0.0859375   0.5         0.06666667]",0.9870457608319019,1,2
459,496,2024-09-26 21:14:17.286615040,TASK_BEGIN,19,1.0741890309044015,-0.048999482105192,-3.87634067475055,1.500891433668384,0.2265339034803843,1.1542729982388895,6.913526770669422,-2.546443980716921,0,2024-09-26 21:14:18.518542969,1727385258.518543,2024-09-26 21:14:18.518543104,7,1.0,-1.0,-6.479234984370108,[3.85725071e-04 9.99614275e-01],[3.85725071e-04 9.99614275e-01],"[ 0.30555556  0.1953125   0.390625    0.80555556  0.3125      0.5078125
  1.          0.          1.         -0.0859375   0.5         0.06666667]",0.9870457608319019,1,2
460,504,2024-09-26 21:14:19.561980928,TASK_BEGIN,19,1.411141220053484,-0.1924642986929407,-4.887756833345168,1.5503009934414436,-0.0598523914383402,1.770488000835776,7.279404119114347,-3.5105667408793,0,2024-09-26 21:14:20.529208984,1727385260.5292096,2024-09-26 21:14:20.529209600,8,1.0,0.1,0.9561792499119549,[0.28659101 0.71340899],[0.28659101 0.71340899],"[ 0.86111111  0.2734375   0.46875     1.          0.          1.
  1.          0.          1.          0.3203125  -0.8         0.5       ]",0.08321694845607315,0,0
461,505,2024-09-26 21:14:19.628645120,TASK_BEGIN,19,1.4264032359673848,-0.2058605196129358,-4.834086845627547,1.5196074540249809,-0.0955716205267046,1.798968207940864,7.256363331321095,-3.556719513785074,0,2024-09-26 21:14:20.529208984,1727385260.5292096,2024-09-26 21:14:20.529209600,8,1.0,0.1,0.9561792499119549,[0.28659101 0.71340899],[0.28659101 0.71340899],"[ 0.86111111  0.2734375   0.46875     1.          0.          1.
  1.          0.          1.          0.3203125  -0.8         0.5       ]",0.08321694845607315,0,0
462,506,2024-09-26 21:14:19.690572032,TASK_BEGIN,19,1.4371421221389251,-0.2171710143332752,-4.790367396539804,1.4888744160182148,-0.1428323165311691,1.8210417237596708,7.215845280315808,-3.587602735405457,0,2024-09-26 21:14:21.090245850,1727385261.090247,2024-09-26 21:14:21.090246912,8,0.0,0.1,1.902721317787415,[0.93201108 0.06798892],[0.93201108 0.06798892],"[ 0.70833333  0.2734375   0.46875     1.          0.          1.
  1.          0.          1.          0.16796875 -0.4         0.36666667]",0.17508612525956763,0,0
463,507,2024-09-26 21:14:19.762593024,TASK_BEGIN,19,1.4432183195647463,-0.2261127458890828,-4.765809699888975,1.460204275955595,-0.202771824274175,1.83784381847787,7.160948287924853,-3.604445097760783,0,2024-09-26 21:14:21.191176025,1727385261.1911767,2024-09-26 21:14:21.191176704,8,0.0,0.1,2.0638571635634455,[0.99836586 0.00163414],[0.99836586 0.00163414],"[ 0.68055556  0.2734375   0.46875     1.          0.          1.
  1.          0.          1.          0.15820312 -0.2         0.3       ]",0.32814682163513,0,0
464,508,2024-09-26 21:14:19.816790016,TASK_BEGIN,19,1.4442943929967385,-0.2324965919201866,-4.765063824989311,1.4353072245386822,-0.2756847720407072,1.850375575594827,7.096292555761954,-3.60876718645631,0,2024-09-26 21:14:21.242580811,1727385261.2425811,2024-09-26 21:14:21.242581248,8,0.0,0.1,2.1432185919278113,[9.99733801e-01 2.66199314e-04],[9.99733801e-01 2.66199314e-04],"[ 0.66666667  0.2734375   0.46875     1.          0.          1.
  1.          0.          1.          0.15625    -0.1         0.26666667]",0.32856424714199334,0,0
465,509,2024-09-26 21:14:19.896187136,TASK_BEGIN,19,1.440072040797888,-0.2362781394732215,-4.789137924365171,1.4155168203088666,-0.3610332916328881,1.85949068227286,7.029553558809223,-3.6025421033916545,0,2024-09-26 21:14:21.242580811,1727385261.2425811,2024-09-26 21:14:21.242581248,8,0.0,0.1,2.1432185919278113,[9.99733801e-01 2.66199314e-04],[9.99733801e-01 2.66199314e-04],"[ 0.66666667  0.2734375   0.46875     1.          0.          1.
  1.          0.          1.          0.15625    -0.1         0.26666667]",0.32856424714199334,0,0
466,510,2024-09-26 21:14:19.962964992,TASK_BEGIN,19,1.4305635892369384,-0.2375924489667396,-4.836734600637053,1.4017904614870924,-0.457380814682835,1.8658691766305453,6.972310454620485,-3.588262534484671,0,2024-09-26 21:14:21.242580811,1727385261.2425811,2024-09-26 21:14:21.242581248,8,0.0,0.1,2.1432185919278113,[9.99733801e-01 2.66199314e-04],[9.99733801e-01 2.66199314e-04],"[ 0.66666667  0.2734375   0.46875     1.          0.          1.
  1.          0.          1.          0.15625    -0.1         0.26666667]",0.32856424714199334,0,0
467,511,2024-09-26 21:14:20.899995136,TASK_BEGIN,19,1.4162789098217854,-0.2367507577830328,-4.9053269729550735,1.394683748494555,-0.5622847212158222,1.8699824399717064,6.939340333166656,-3.5688054414917563,0,2024-09-26 21:14:22.095274902,1727385262.0952752,2024-09-26 21:14:22.095275264,8,0.0,0.1,3.377179590160165,[0.99768725 0.00231275],[0.99768725 0.00231275],"[ 0.43055556  0.2734375   0.46875     0.93055556  0.33203125  0.52734375
  1.          0.          1.          0.38085938  1.         -0.3       ]",0.550984115945684,0,0
468,512,2024-09-26 21:14:20.977639936,TASK_BEGIN,19,1.3982620123776746,-0.2341995260559903,-4.991738417106942,1.3943613718141146,-0.6722624835149891,1.8720645329789125,6.946362046945257,-3.5470856759805054,0,2024-09-26 21:14:22.095274902,1727385262.0952752,2024-09-26 21:14:22.095275264,8,0.0,0.1,3.377179590160165,[0.99768725 0.00231275],[0.99768725 0.00231275],"[ 0.43055556  0.2734375   0.46875     0.93055556  0.33203125  0.52734375
  1.          0.          1.          0.38085938  1.         -0.3       ]",0.550984115945684,0,0
469,513,2024-09-26 21:14:21.045964032,TASK_BEGIN,19,1.3779840248081867,-0.2304594683750475,-5.092566884960732,1.400712515494912,-0.7829080632121106,1.872105268131807,7.007013427930839,-3.525608879545992,0,2024-09-26 21:14:22.095274902,1727385262.0952752,2024-09-26 21:14:22.095275264,8,0.0,0.1,3.377179590160165,[0.99768725 0.00231275],[0.99768725 0.00231275],"[ 0.43055556  0.2734375   0.46875     0.93055556  0.33203125  0.52734375
  1.          0.          1.          0.38085938  1.         -0.3       ]",0.550984115945684,0,0
470,514,2024-09-26 21:14:21.100345088,TASK_BEGIN,19,1.3571539073676129,-0.2260626783729328,-5.204725817735246,1.4135489977911573,-0.889108068090868,1.8698658570627675,7.13030803167115,-3.506119493717021,0,2024-09-26 21:14:22.095274902,1727385262.0952752,2024-09-26 21:14:22.095275264,8,0.0,0.1,3.377179590160165,[0.99768725 0.00231275],[0.99768725 0.00231275],"[ 0.43055556  0.2734375   0.46875     0.93055556  0.33203125  0.52734375
  1.          0.          1.          0.38085938  1.         -0.3       ]",0.550984115945684,0,0
471,515,2024-09-26 21:14:21.177531904,TASK_BEGIN,19,1.337520446814528,-0.2215014810731161,-5.325969614952411,1.4328050934365546,-0.9852707666182042,1.8649010591159896,7.319361747338882,-3.4894761614576093,0,2024-09-26 21:14:22.095274902,1727385262.0952752,2024-09-26 21:14:22.095275264,8,0.0,0.1,3.377179590160165,[0.99768725 0.00231275],[0.99768725 0.00231275],"[ 0.43055556  0.2734375   0.46875     0.93055556  0.33203125  0.52734375
  1.          0.          1.          0.38085938  1.         -0.3       ]",0.550984115945684,0,0
472,516,2024-09-26 21:14:21.239548928,TASK_BEGIN,19,1.320697665070579,-0.2171947314210906,-5.455138358688204,1.4586698573554078,-1.0655756484076926,1.8565768177237905,7.571141118603779,-3.4757054214422403,0,2024-09-26 21:14:22.095274902,1727385262.0952752,2024-09-26 21:14:22.095275264,8,0.0,0.1,3.377179590160165,[0.99768725 0.00231275],[0.99768725 0.00231275],"[ 0.43055556  0.2734375   0.46875     0.93055556  0.33203125  0.52734375
  1.          0.          1.          0.38085938  1.         -0.3       ]",0.550984115945684,0,0
473,517,2024-09-26 21:14:21.313035008,TASK_BEGIN,19,1.3080036122067598,-0.2134668846851323,-5.5919796342780135,1.4916036270218127,-1.1243274594687775,1.8440949094322048,7.876775305521895,-3.4641135714174696,0,2024-09-26 21:14:22.347973145,1727385262.3479733,2024-09-26 21:14:22.347973376,8,0.0,0.1,3.7017636879676767,[9.99686062e-01 3.13938336e-04],[9.99686062e-01 3.13938336e-04],"[ 0.36111111  0.2734375   0.46875     0.86111111  0.33203125  0.52734375
  1.          0.          1.          0.34375    -0.6         0.43333333]",0.32627888489435497,0,0
474,518,2024-09-26 21:14:22.262363904,TASK_BEGIN,19,1.3003163706103085,-0.2105350646502715,-5.736591286711239,1.5322191258688074,-1.156456995812977,1.8265435184747845,8.222630794863624,-3.4534350315743483,0,2024-09-26 21:14:23.112970947,1727385263.1129718,2024-09-26 21:14:23.112971776,8,1.0,1.0,5.4831492403314614,[0.38508963 0.61491037],[0.38508963 0.61491037],"[ 0.15277778  0.2734375   0.46875     0.65277778  0.33203125  0.52734375
  1.          0.          1.          0.36914062 -0.8         0.5       ]",0.12246062776392375,1,2
475,519,2024-09-26 21:14:22.329167104,TASK_BEGIN,19,1.2979847496255763,-0.2085077962260756,-5.888758562537453,1.5810686042808404,-1.1580924541332824,1.802976709848895,8.59237130428022,-3.442036757118095,0,2024-09-26 21:14:23.419000000,1727385263.4190004,2024-09-26 21:14:23.419000320,8,1.0,0.1,5.747474671965241,[0.73102438 0.26897562],[9.99913042e-01 8.69578288e-05],"[ 0.06944444  0.2734375   0.46875     0.56944444  0.33203125  0.52734375
  1.          0.          1.          0.28320312 -0.8         0.5       ]",0.06953527674526475,1,2
476,520,2024-09-26 21:14:22.395961856,TASK_BEGIN,19,1.3008128356747128,-0.2073975351324396,-6.047585134747457,1.6384356809665075,-1.1270440263088053,1.7725118749871605,8.969322350114574,-3.428104312072436,0,2024-09-26 21:14:23.419000000,1727385263.4190004,2024-09-26 21:14:23.419000320,8,1.0,0.1,5.747474671965241,[0.73102438 0.26897562],[9.99913042e-01 8.69578288e-05],"[ 0.06944444  0.2734375   0.46875     0.56944444  0.33203125  0.52734375
  1.          0.          1.          0.28320312 -0.8         0.5       ]",0.06953527674526475,1,2
477,521,2024-09-26 21:14:22.460657920,TASK_BEGIN,19,1.3080830106833043,-0.2071368673062282,-6.211597506668031,1.7042311695235448,-1.0630861702541357,1.7344330603424714,9.33813426756691,-3.409731776121579,0,2024-09-26 21:14:23.419000000,1727385263.4190004,2024-09-26 21:14:23.419000320,8,1.0,0.1,5.747474671965241,[0.73102438 0.26897562],[9.99913042e-01 8.69578288e-05],"[ 0.06944444  0.2734375   0.46875     0.56944444  0.33203125  0.52734375
  1.          0.          1.          0.28320312 -0.8         0.5       ]",0.06953527674526475,1,2
478,522,2024-09-26 21:14:22.522483968,TASK_BEGIN,19,1.3185738318459124,-0.2075866010019901,-6.3790691333733465,1.778014293957255,-0.9680312156289422,1.6882855193785475,9.685535086304975,-3.3849790720022197,0,2024-09-26 21:14:23.419000000,1727385263.4190004,2024-09-26 21:14:23.419000320,8,1.0,0.1,5.747474671965241,[0.73102438 0.26897562],[9.99913042e-01 8.69578288e-05],"[ 0.06944444  0.2734375   0.46875     0.56944444  0.33203125  0.52734375
  1.          0.          1.          0.28320312 -0.8         0.5       ]",0.06953527674526475,1,2
479,523,2024-09-26 21:14:22.596370176,TASK_BEGIN,19,1.330589285462772,-0.2085393680627996,-6.548144087755893,1.859052360318312,-0.8456115794997007,1.633938802938331,10.000559228534364,-3.352003570409655,0,2024-09-26 21:14:23.470972900,1727385263.470974,2024-09-26 21:14:23.470973952,8,0.0,-1.0,4.689999925245589,[0.63600174 0.36399826],[0.7790261 0.2209739],"[ 0.05555556  0.2734375   0.46875     0.55555556  0.33203125  0.52734375
  1.          0.          1.          0.26953125 -0.7         0.46666667]",0.013900733184364059,1,2
480,525,2024-09-26 21:14:23.612050176,TASK_BEGIN,19,1.3508317124913118,-0.210883441565486,-6.881501862532468,2.0382591889464083,-0.540861562563143,1.5017709582062706,10.499304437286838,-3.255529372107784,0,2024-09-26 21:14:25.022121826,1727385265.0221221,2024-09-26 21:14:25.022122240,9,1.0,0.1,0.1,[0.39891216 0.60108784],[0.39891216 0.60108784],"[ 0.98611111  0.2734375   0.46875     1.          0.          1.
  1.          0.          1.          0.4609375  -0.8         0.5       ]",0.02002946236009554,0,0
481,526,2024-09-26 21:14:23.674617856,TASK_BEGIN,19,1.3548576070596834,-0.2117145066400219,-7.038931796067351,2.1328257034433444,-0.3713993489258375,1.4252108830552257,10.667831940420024,-3.190043437035878,0,2024-09-26 21:14:25.071670898,1727385265.071671,2024-09-26 21:14:25.071671040,9,1.0,0.1,0.199,[0.37238484 0.62761516],[0.37238484 0.62761516],"[ 0.97222222  0.2734375   0.46875     1.          0.          1.
  1.          0.          1.          0.4453125  -0.8         0.5       ]",0.031928734252951015,0,0
482,527,2024-09-26 21:14:23.733583872,TASK_BEGIN,19,1.35255702397682,-0.2119900928982067,-7.1840475021852175,2.22718705769041,-0.1990699241412432,1.3428826341454054,10.771264751883551,-3.1121977603045954,0,2024-09-26 21:14:25.173299072,1727385265.1732998,2024-09-26 21:14:25.173299712,9,1.0,0.1,0.3940399,[0.36192904 0.63807096],[0.36192904 0.63807096],"[ 0.94444444  0.2734375   0.46875     1.          0.          1.
  1.          0.          1.          0.4140625  -0.8         0.5       ]",0.03645359290749813,0,0
483,528,2024-09-26 21:14:23.812427008,TASK_BEGIN,19,1.342886886168962,-0.211524767040998,-7.311105899680894,2.3178485446611004,-0.0295910000561581,1.2559429455193527,10.79988281749975,-3.021563135676653,0,2024-09-26 21:14:25.173299072,1727385265.1732998,2024-09-26 21:14:25.173299712,9,1.0,0.1,0.3940399,[0.36192904 0.63807096],[0.36192904 0.63807096],"[ 0.94444444  0.2734375   0.46875     1.          0.          1.
  1.          0.          1.          0.4140625  -0.8         0.5       ]",0.03645359290749813,0,0
484,529,2024-09-26 21:14:23.879233024,TASK_BEGIN,19,1.325347207396477,-0.210189131330002,-7.413540674943305,2.400774227704817,0.1321191407542416,1.1657260569727048,10.744264644875056,-2.9179643548840626,0,2024-09-26 21:14:25.173299072,1727385265.1732998,2024-09-26 21:14:25.173299712,9,1.0,0.1,0.3940399,[0.36192904 0.63807096],[0.36192904 0.63807096],"[ 0.94444444  0.2734375   0.46875     1.          0.          1.
  1.          0.          1.          0.4140625  -0.8         0.5       ]",0.03645359290749813,0,0
485,530,2024-09-26 21:14:23.934396928,TASK_BEGIN,19,1.2998992485829517,-0.2079115679878128,-7.484088440042391,2.47163277307616,0.2820812100481807,1.073701954063014,10.59752190073017,-2.801718883418986,0,2024-09-26 21:14:25.376342041,1727385265.3763423,2024-09-26 21:14:25.376342272,9,1.0,0.1,0.7725530557207989,[0.3416387 0.6583613],[0.3416387 0.6583613],"[ 0.88888889  0.2734375   0.46875     1.          0.          1.
  1.          0.          1.          0.3515625  -0.8         0.5       ]",0.04549256170759575,0,0
486,531,2024-09-26 21:14:24.012504064,TASK_BEGIN,19,1.266881854779199,-0.2046774529690266,-7.514821765355818,2.526085013259272,0.4173922194043599,0.9813982256699478,10.35734238658315,-2.673875668384813,0,2024-09-26 21:14:25.427341064,1727385265.427341,2024-09-26 21:14:25.427341056,9,1.0,0.1,0.8648275251635908,[0.30917035 0.69082965],[0.30917035 0.69082965],"[ 0.875      0.2734375  0.46875    1.         0.         1.
  1.         0.         1.         0.3359375 -0.8        0.5      ]",0.0666408305656901,0,0
487,532,2024-09-26 21:14:24.936172800,TASK_BEGIN,19,1.226978288783641,-0.2005237700795282,-7.497083960329157,2.560069122962225,0.5362957259862285,0.8903045308080293,10.026968269451668,-2.536313857263085,0,2024-09-26 21:14:26.190370117,1727385266.1903703,2024-09-26 21:14:26.190370304,9,0.0,0.1,2.1432185919278113,[9.99733801e-01 2.66199314e-04],[9.99733801e-01 2.66199314e-04],"[ 0.66666667  0.2734375   0.46875     1.          0.          1.
  1.          0.          1.          0.15625    -0.1         0.26666667]",0.32856424714199334,0,0
488,533,2024-09-26 21:14:24.994616832,TASK_BEGIN,19,1.1812437565247498,-0.195532547962963,-7.421822256430676,2.570118609653108,0.6381098949621804,0.8017875734928996,9.615084310740304,-2.391674845965957,0,2024-09-26 21:14:26.190370117,1727385266.1903703,2024-09-26 21:14:26.190370304,9,0.0,0.1,2.1432185919278113,[9.99733801e-01 2.66199314e-04],[9.99733801e-01 2.66199314e-04],"[ 0.66666667  0.2734375   0.46875     1.          0.          1.
  1.          0.          1.          0.15625    -0.1         0.26666667]",0.32856424714199334,0,0
489,534,2024-09-26 21:14:25.070257920,TASK_BEGIN,19,1.131163955926261,-0.189828794924814,-7.280883561803141,2.553759006551721,0.7230122065797955,0.717036361539845,9.135214018428854,-2.243200481884605,0,2024-09-26 21:14:26.190370117,1727385266.1903703,2024-09-26 21:14:26.190370304,9,0.0,0.1,2.1432185919278113,[9.99733801e-01 2.66199314e-04],[9.99733801e-01 2.66199314e-04],"[ 0.66666667  0.2734375   0.46875     1.          0.          1.
  1.          0.          1.          0.15625    -0.1         0.26666667]",0.32856424714199334,0,0
490,535,2024-09-26 21:14:25.132081920,TASK_BEGIN,19,1.0786805129145391,-0.1835789751560671,-7.06914793048975,2.509938268085012,0.7917551924018571,0.6370425856084568,8.605084105582598,-2.094553369033025,0,2024-09-26 21:14:26.190370117,1727385266.1903703,2024-09-26 21:14:26.190370304,9,0.0,0.1,2.1432185919278113,[9.99733801e-01 2.66199314e-04],[9.99733801e-01 2.66199314e-04],"[ 0.66666667  0.2734375   0.46875     1.          0.          1.
  1.          0.          1.          0.15625    -0.1         0.26666667]",0.32856424714199334,0,0
491,536,2024-09-26 21:14:25.194117120,TASK_BEGIN,19,1.0261234317700605,-0.1769819269016418,-6.786662063930354,2.439366624346267,0.8454170029211813,0.56260328251322,8.045912363780488,-1.9496275372637,0,2024-09-26 21:14:26.190370117,1727385266.1903703,2024-09-26 21:14:26.190370304,9,0.0,0.1,2.1432185919278113,[9.99733801e-01 2.66199314e-04],[9.99733801e-01 2.66199314e-04],"[ 0.66666667  0.2734375   0.46875     1.          0.          1.
  1.          0.          1.          0.15625    -0.1         0.26666667]",0.32856424714199334,0,0
492,537,2024-09-26 21:14:25.256140800,TASK_BEGIN,19,0.9760496775503992,-0.170256261793366,-6.439976757318331,2.344653148055766,0.8852372729887569,0.494325716442233,7.481397859196732,-1.8123153620019916,0,2024-09-26 21:14:26.698657959,1727385266.6986585,2024-09-26 21:14:26.698658560,9,0.0,0.1,2.894467727277078,[9.99999996e-01 4.24298448e-09],[9.99999996e-01 4.24298448e-09],"[ 0.52777778  0.2734375   0.46875     1.          0.          1.
  1.          0.          1.          0.24414062  0.9        -0.06666667]",0.332988467626368,0,0
493,538,2024-09-26 21:14:25.333363968,TASK_BEGIN,19,0.931025402353488,-0.1636321028884282,-6.0423765704499095,2.230191144399717,0.9125033198390988,0.4326260512255719,6.9364477221281895,-1.6862352905960838,0,2024-09-26 21:14:26.749010986,1727385266.7490113,2024-09-26 21:14:26.749011200,9,0.0,0.1,2.965523050004307,[9.99999994e-01 5.79077320e-09],[9.99999994e-01 5.79077320e-09],"[ 0.51388889  0.2734375   0.46875     1.          0.          1.
  1.          0.          1.          0.26367188  1.         -0.1       ]",0.3537209651188359,0,0
494,539,2024-09-26 21:14:26.271045888,TASK_BEGIN,19,0.8933645067666639,-0.1573387252054131,-5.612932148555758,2.1018022077687286,0.9284288041954358,0.3777312066945755,6.435909438753795,-1.5744939952921158,0,2024-09-26 21:14:27.301763916,1727385267.3017642,2024-09-26 21:14:27.301764352,9,0.0,0.1,3.7017636879676767,[9.99939934e-01 6.00664336e-05],[9.99939934e-01 6.00664336e-05],"[ 0.36111111  0.2734375   0.46875     0.86111111  0.25390625  0.44921875
  1.          0.          1.          0.34960938 -0.5         0.4       ]",0.3349546461396384,0,0
495,540,2024-09-26 21:14:26.349169920,TASK_BEGIN,19,0.8648254772475623,-0.1515725102018679,-5.17444448144598,1.9661982688366588,0.9339987102724197,0.3296982568477512,6.00346924860576,-1.479561031460058,0,2024-09-26 21:14:27.761041016,1727385267.7610412,2024-09-26 21:14:27.761041152,9,0.0,0.1,4.246452500230714,[9.99997512e-01 2.48807356e-06],[9.99997512e-01 2.48807356e-06],"[0.23611111 0.2734375  0.46875    0.73611111 0.25390625 0.44921875
 1.         0.         1.         0.34960938 0.4        0.1       ]",0.3640856534250639,0,0
496,541,2024-09-26 21:14:26.410764800,TASK_BEGIN,19,0.8463182156676092,-0.1464465293451513,-4.750725811639039,1.8303744200078944,0.929799451742643,0.2884533940133576,5.660599294444572,-1.403248507248703,0,2024-09-26 21:14:27.812010986,1727385267.8120115,2024-09-26 21:14:27.812011520,9,0.0,0.1,4.303987975228407,[9.99865121e-01 1.34878512e-04],[9.99865121e-01 1.34878512e-04],"[0.22222222 0.2734375  0.46875    0.72222222 0.25390625 0.44921875
 1.         0.         1.         0.359375   0.5        0.06666667]",0.4564848602760927,0,0
497,542,2024-09-26 21:14:26.486505216,TASK_BEGIN,19,0.8377154030951274,-0.1419426519296853,-4.363921560315196,1.7010518805094623,0.9158994142942302,0.2538377888090088,5.425431311996841,-1.3467176318632703,0,2024-09-26 21:14:27.863042969,1727385267.8630438,2024-09-26 21:14:27.863043840,9,0.0,0.1,4.360948095476123,[0.9908154 0.0091846],[0.9908154 0.0091846],"[0.20833333 0.2734375  0.46875    0.70833333 0.25390625 0.44921875
 1.         0.         1.         0.37109375 0.6        0.03333333]",0.6258957429534341,0,0
498,543,2024-09-26 21:14:26.550082048,TASK_BEGIN,19,0.8378402385662667,-0.1378906681381506,-4.032342386498751,1.5842159836938972,0.8918487095743586,0.2256451536689526,5.3116632710031695,-1.3104639535555096,0,2024-09-26 21:14:27.863042969,1727385267.8630438,2024-09-26 21:14:27.863043840,9,0.0,0.1,4.360948095476123,[0.9908154 0.0091846],[0.9908154 0.0091846],"[0.20833333 0.2734375  0.46875    0.70833333 0.25390625 0.44921875
 1.         0.         1.         0.37109375 0.6        0.03333333]",0.6258957429534341,0,0
499,544,2024-09-26 21:14:26.612139008,TASK_BEGIN,19,0.8446487292895962,-0.1339870261067151,-3.7688967698110782,1.484728402885119,0.8568142834847731,0.2036408004589967,5.327527228589182,-1.2942766945653168,0,2024-09-26 21:14:27.863042969,1727385267.8630438,2024-09-26 21:14:27.863043840,9,0.0,0.1,4.360948095476123,[0.9908154 0.0091846],[0.9908154 0.0091846],"[0.20833333 0.2734375  0.46875    0.70833333 0.25390625 0.44921875
 1.         0.         1.         0.37109375 0.6        0.03333333]",0.6258957429534341,0,0
500,545,2024-09-26 21:14:26.675027968,TASK_BEGIN,19,0.8555729346071358,-0.1298473901642227,-3.580156503002605,1.4060262886533028,0.8098254739523729,0.1875561052650412,5.474567349371934,-1.297154365696977,0,2024-09-26 21:14:27.863042969,1727385267.8630438,2024-09-26 21:14:27.863043840,9,0.0,0.1,4.360948095476123,[0.9908154 0.0091846],[0.9908154 0.0091846],"[0.20833333 0.2734375  0.46875    0.70833333 0.25390625 0.44921875
 1.         0.         1.         0.37109375 0.6        0.03333333]",0.6258957429534341,0,0
501,546,2024-09-26 21:14:27.625715968,TASK_BEGIN,19,0.8679317126523651,-0.1250725667831992,-3.4662642903547614,1.3499949829103912,0.7500981073384346,0.1770605480589174,5.746109458461771,-1.3171618529256812,0,2024-09-26 21:14:29.033757812,1727385269.0337582,2024-09-26 21:14:29.033758208,9,1.0,0.1,6.2683196238139125,[0.02175323 0.97824677],[0.02175323 0.97824677],"[-0.11111111  0.2734375   0.46875     0.38888889  0.25390625  0.44921875
  0.88888889  0.3125      0.5078125   0.375      -0.8         0.5       ]",0.7148388035574044,0,0
502,547,2024-09-26 21:14:27.687755008,TASK_BEGIN,19,0.8792993204447496,-0.1193073353118347,-3.4219358045379864,1.317084204220134,0.6773919630201072,0.1717256864694694,6.12573584980091,-1.3512630617104062,0,2024-09-26 21:14:29.084506104,1727385269.0845063,2024-09-26 21:14:29.084506368,9,1.0,0.1,6.305636427575773,[0.01138509 0.98861491],[0.01138509 0.98861491],"[-0.125       0.2734375   0.46875     0.375       0.25390625  0.44921875
  0.875       0.3125      0.5078125   0.359375   -0.8         0.5       ]",0.8223926788072473,0,0
503,548,2024-09-26 21:14:27.764919040,TASK_BEGIN,19,0.8877908015950264,-0.1122878377712121,-3.438455779244552,1.3066109212099817,0.592343756376596,0.1709981472336747,6.586355039549471,-1.3952124805147206,0,2024-09-26 21:14:29.084506104,1727385269.0845063,2024-09-26 21:14:29.084506368,9,1.0,0.1,6.305636427575773,[0.01138509 0.98861491],[0.01138509 0.98861491],"[-0.125       0.2734375   0.46875     0.375       0.25390625  0.44921875
  0.875       0.3125      0.5078125   0.359375   -0.8         0.5       ]",0.8223926788072473,0,0
504,549,2024-09-26 21:14:27.836822016,TASK_BEGIN,19,0.8922752340006095,-0.1038843238664523,-3.5059937469807614,1.317101540840766,0.4967191487279767,0.174191742328218,7.09065372889001,-1.4436332362544604,0,2024-09-26 21:14:29.084506104,1727385269.0845063,2024-09-26 21:14:29.084506368,9,1.0,0.1,6.305636427575773,[0.01138509 0.98861491],[0.01138509 0.98861491],"[-0.125       0.2734375   0.46875     0.375       0.25390625  0.44921875
  0.875       0.3125      0.5078125   0.359375   -0.8         0.5       ]",0.8223926788072473,0,0
505,550,2024-09-26 21:14:27.889784064,TASK_BEGIN,19,0.8924847460928436,-0.0941333976124103,-3.615311420745917,1.346567396493713,0.3935276634643826,0.1805015709673953,7.593812416100762,-1.4904199014430044,0,2024-09-26 21:14:29.084506104,1727385269.0845063,2024-09-26 21:14:29.084506368,9,1.0,0.1,6.305636427575773,[0.01138509 0.98861491],[0.01138509 0.98861491],"[-0.125       0.2734375   0.46875     0.375       0.25390625  0.44921875
  0.875       0.3125      0.5078125   0.359375   -0.8         0.5       ]",0.8223926788072473,0,0
506,551,2024-09-26 21:14:27.967756032,TASK_BEGIN,19,0.8889542481189256,-0.0832398871069807,-3.7583047645215055,1.392690969264822,0.2869693682864548,0.1890331739550806,8.04874355886778,-1.529496655164187,0,2024-09-26 21:14:29.084506104,1727385269.0845063,2024-09-26 21:14:29.084506368,9,1.0,0.1,6.305636427575773,[0.01138509 0.98861491],[0.01138509 0.98861491],"[-0.125       0.2734375   0.46875     0.375       0.25390625  0.44921875
  0.875       0.3125      0.5078125   0.359375   -0.8         0.5       ]",0.8223926788072473,0,0
507,552,2024-09-26 21:14:28.029352704,TASK_BEGIN,19,0.8828063751916883,-0.0715444660820043,-3.927626231427884,1.452951484586916,0.1822238989727866,0.1988332509850384,8.412749613383044,-1.5557575454635488,0,2024-09-26 21:14:29.084506104,1727385269.0845063,2024-09-26 21:14:29.084506368,9,1.0,0.1,6.305636427575773,[0.01138509 0.98861491],[0.01138509 0.98861491],"[-0.125       0.2734375   0.46875     0.375       0.25390625  0.44921875
  0.875       0.3125      0.5078125   0.359375   -0.8         0.5       ]",0.8223926788072473,0,0
508,553,2024-09-26 21:14:28.983280896,TASK_BEGIN,19,0.8754904491290936,-0.0594777719020791,-4.116244745530159,1.5247483985757222,0.0850836000165938,0.2089201216071326,8.6535445925427,-1.5658817394035118,0,2024-09-26 21:14:29.937421143,1727385269.9374213,2024-09-26 21:14:29.937421312,9,0.0,0.1,7.7768613727394635,[0.99455717 0.00544283],[0.99455717 0.00544283],"[ 0.13888889  0.25390625  0.44921875  0.63888889  0.3125      0.5078125
  1.          0.          1.          0.359375    0.8        -0.03333333]",0.6870270665563684,0,0
509,554,2024-09-26 21:14:29.045625856,TASK_BEGIN,19,0.8685707913627818,-0.0475191785198489,-4.31758705227968,1.605546669898154,0.0014204206767128,0.2183262852692552,8.752954703617498,-1.5587695343752548,0,2024-09-26 21:14:29.937421143,1727385269.9374213,2024-09-26 21:14:29.937421312,9,0.0,0.1,7.7768613727394635,[0.99455717 0.00544283],[0.99455717 0.00544283],"[ 0.13888889  0.25390625  0.44921875  0.63888889  0.3125      0.5078125
  1.          0.          1.          0.359375    0.8        -0.03333333]",0.6870270665563684,0,0
510,555,2024-09-26 21:14:29.120425984,TASK_BEGIN,19,0.8635923092346139,-0.0361632324559263,-4.526044412180457,1.6929667688195924,-0.0634441477606779,0.2261554097386116,8.707884241587541,-1.5355297491634512,0,2024-09-26 21:14:30.037531006,1727385270.0375314,2024-09-26 21:14:30.037531392,9,1.0,0.1,7.821101831421947,[0.14136474 0.85863526],[0.14136474 0.85863526],"[ 0.11111111  0.25390625  0.44921875  0.61111111  0.3125      0.5078125
  1.          0.          1.          0.36132812 -0.8         0.5       ]",0.45479578668398846,0,0
511,556,2024-09-26 21:14:29.187207936,TASK_BEGIN,19,0.8620251715746102,-0.0258945149406961,-4.737143849855531,1.7847208126447742,-0.1053208556267193,0.2316403656931312,8.52908638096052,-1.4991075956798618,0,2024-09-26 21:14:30.037531006,1727385270.0375314,2024-09-26 21:14:30.037531392,9,1.0,0.1,7.821101831421947,[0.14136474 0.85863526],[0.14136474 0.85863526],"[ 0.11111111  0.25390625  0.44921875  0.61111111  0.3125      0.5078125
  1.          0.          1.          0.36132812 -0.8         0.5       ]",0.45479578668398846,0,0
512,557,2024-09-26 21:14:29.254017024,TASK_BEGIN,19,0.8652852907100671,-0.0171735094303039,-4.947092722630908,1.878419021647348,-0.1215740913001088,0.234192968414433,8.238421864621234,-1.453695212551926,0,2024-09-26 21:14:30.687529053,1727385270.6875296,2024-09-26 21:14:30.687529472,9,0.0,0.1,8.087971050098806,[9.99999868e-01 1.31665715e-07],[9.99999868e-01 1.31665715e-07],"[-0.06944444  0.25390625  0.44921875  0.43055556  0.3125      0.5078125
  1.          0.          1.          0.3359375   0.5         0.06666667]",0.3710762586145728,0,0
513,558,2024-09-26 21:14:29.307950848,TASK_BEGIN,19,0.8747860919761208,-0.0104285354355582,-5.151958576839548,1.9713817017719144,-0.1113103324047924,0.2334387022110087,7.865295305059318,-1.4040774059284846,0,2024-09-26 21:14:30.687529053,1727385270.6875296,2024-09-26 21:14:30.687529472,9,0.0,0.1,8.087971050098806,[9.99999868e-01 1.31665715e-07],[9.99999868e-01 1.31665715e-07],"[-0.06944444  0.25390625  0.44921875  0.43055556  0.3125      0.5078125
  1.          0.          1.          0.3359375   0.5         0.06666667]",0.3710762586145728,0,0
514,559,2024-09-26 21:14:29.387596032,TASK_BEGIN,19,0.8919299831672208,-0.0060404056612729,-5.3468659660364,2.06058150185266,-0.0752738946031961,0.2292214420087487,7.443127278514632,-1.3550552296150176,0,2024-09-26 21:14:30.787500977,1727385270.7875016,2024-09-26 21:14:30.787501568,9,0.0,0.1,8.12602042620184,[9.99999915e-01 8.51372377e-08],[9.99999915e-01 8.51372377e-08],"[-0.09722222  0.25390625  0.44921875  0.40277778  0.3125      0.5078125
  0.97777778  0.1953125   0.390625    0.36132812  0.7         0.        ]",0.38878248152281814,0,0
515,560,2024-09-26 21:14:30.312399872,TASK_BEGIN,19,0.9179792047695086,-0.0043113512180634,-5.525719129899923,2.1427980347057742,-0.0154846258353928,0.2215738895766481,7.006492290213152,-1.3110148504282502,0,2024-09-26 21:14:31.742172119,1727385271.7421727,2024-09-26 21:14:31.742172672,9,0.0,0.1,9.342776874419167,[0.99689304 0.00310696],[0.99689304 0.00310696],"[0.13888889 0.3125     0.5078125  0.71388889 0.1953125  0.390625
 1.         0.         1.         0.40429688 0.6        0.03333333]",0.5710710804043753,0,0
516,561,2024-09-26 21:14:30.379207936,TASK_BEGIN,19,0.9538428446022238,-0.0054232620163537,-5.682000201703741,2.2150187451008514,0.0652207895440052,0.2106752165532487,6.588965755648532,-1.2756262031591097,0,2024-09-26 21:14:31.742172119,1727385271.7421727,2024-09-26 21:14:31.742172672,9,0.0,0.1,9.342776874419167,[0.99689304 0.00310696],[0.99689304 0.00310696],"[0.13888889 0.3125     0.5078125  0.71388889 0.1953125  0.390625
 1.         0.         1.         0.40429688 0.6        0.03333333]",0.5710710804043753,0,0
517,562,2024-09-26 21:14:30.431196160,TASK_BEGIN,19,0.9998620090402744,-0.0093962921853367,-5.810543202058063,2.274990700904234,0.1635628610686817,0.1968196511323764,6.221422896945563,-1.251648635670226,0,2024-09-26 21:14:31.742172119,1727385271.7421727,2024-09-26 21:14:31.742172672,9,0.0,0.1,9.342776874419167,[0.99689304 0.00310696],[0.99689304 0.00310696],"[0.13888889 0.3125     0.5078125  0.71388889 0.1953125  0.390625
 1.         0.         1.         0.40429688 0.6        0.03333333]",0.5710710804043753,0,0
518,563,2024-09-26 21:14:30.508378880,TASK_BEGIN,19,1.0556434870689877,-0.0160575434664305,-5.909431042389808,2.3217128901727038,0.2760180437418187,0.1803982267953426,5.930525339073743,-1.2408439149233852,0,2024-09-26 21:14:31.742172119,1727385271.7421727,2024-09-26 21:14:31.742172672,9,0.0,0.1,9.342776874419167,[0.99689304 0.00310696],[0.99689304 0.00310696],"[0.13888889 0.3125     0.5078125  0.71388889 0.1953125  0.390625
 1.         0.         1.         0.40429688 0.6        0.03333333]",0.5710710804043753,0,0
519,564,2024-09-26 21:14:30.579604992,TASK_BEGIN,19,1.1199806055575114,-0.0250314346152226,-5.9811837024377175,2.3557013361407746,0.3988629900713767,0.161882386229483,5.737119001671236,-1.2439778476259948,0,2024-09-26 21:14:31.742172119,1727385271.7421727,2024-09-26 21:14:31.742172672,9,0.0,0.1,9.342776874419167,[0.99689304 0.00310696],[0.99689304 0.00310696],"[0.13888889 0.3125     0.5078125  0.71388889 0.1953125  0.390625
 1.         0.         1.         0.40429688 0.6        0.03333333]",0.5710710804043753,0,0
520,565,2024-09-26 21:14:30.631951104,TASK_BEGIN,19,1.1908993110766255,-0.0357612739020187,-6.032891631895974,2.3789838560056618,0.5281509308490786,0.1418003175581578,5.65447008377548,-1.2608554748492813,0,2024-09-26 21:14:31.742172119,1727385271.7421727,2024-09-26 21:14:31.742172672,9,0.0,0.1,9.342776874419167,[0.99689304 0.00310696],[0.99689304 0.00310696],"[0.13888889 0.3125     0.5078125  0.71388889 0.1953125  0.390625
 1.         0.         1.         0.40429688 0.6        0.03333333]",0.5710710804043753,0,0
521,566,2024-09-26 21:14:30.710233856,TASK_BEGIN,19,1.2657936994634074,-0.0475546289346948,-6.075320712937982,2.394856262324502,0.6597222230741385,0.1207019440200519,5.686713468001041,-1.290342318355373,0,2024-09-26 21:14:31.742172119,1727385271.7421727,2024-09-26 21:14:31.742172672,9,0.0,0.1,9.342776874419167,[0.99689304 0.00310696],[0.99689304 0.00310696],"[0.13888889 0.3125     0.5078125  0.71388889 0.1953125  0.390625
 1.         0.         1.         0.40429688 0.6        0.03333333]",0.5710710804043753,0,0
522,567,2024-09-26 21:14:31.662166016,TASK_BEGIN,19,1.341553603658317,-0.0596326309922321,-6.121220599068851,2.407452397069451,0.7893284831692781,0.0991139820156972,5.828028503783775,-1.330367701757927,0,2024-09-26 21:14:32.557173096,1727385272.5571735,2024-09-26 21:14:32.557173504,9,0.0,0.1,9.440402262380928,[9.99858914e-01 1.41086086e-04],[9.99858914e-01 1.41086086e-04],"[-0.08333333  0.3125      0.5078125   0.49166667  0.1953125   0.390625
  0.99166667  0.234375    0.4296875   0.38867188  0.6         0.03333333]",0.7302635944441818,0,0
523,568,2024-09-26 21:14:31.726811136,TASK_BEGIN,19,1.4146544235653484,-0.0711757746298583,-6.183211252691469,2.4211840346458264,0.91286872772473,0.0774960646145546,6.062776632787454,-1.3779367010366503,0,2024-09-26 21:14:32.659171143,1727385272.659171,2024-09-26 21:14:32.659171072,9,1.0,0.1,9.451538257359546,[0.09517718 0.90482282],[0.09517718 0.90482282],"[-0.11111111  0.3125      0.5078125   0.46388889  0.1953125   0.390625
  0.96388889  0.234375    0.4296875   0.35742188 -0.8         0.5       ]",0.5344936511443737,0,0
524,569,2024-09-26 21:14:31.788866816,TASK_BEGIN,19,1.4812859655605335,-0.0813758819178049,-6.271731279799017,2.440118301724824,1.0266267046508777,0.0562170364884421,6.366570895430147,-1.429186412518268,0,2024-09-26 21:14:32.659171143,1727385272.659171,2024-09-26 21:14:32.659171072,9,1.0,0.1,9.451538257359546,[0.09517718 0.90482282],[0.09517718 0.90482282],"[-0.11111111  0.3125      0.5078125   0.46388889  0.1953125   0.390625
  0.96388889  0.234375    0.4296875   0.35742188 -0.8         0.5       ]",0.5344936511443737,0,0
525,570,2024-09-26 21:14:31.862544896,TASK_BEGIN,19,1.5376006051490665,-0.0894996888539391,-6.393475312601447,2.4673833228020903,1.1273877637656635,0.0355660101475238,6.708166845452855,-1.47952697823658,0,2024-09-26 21:14:32.710174072,1727385272.710175,2024-09-26 21:14:32.710174976,9,1.0,0.1,9.45702287478595,[0.13847681 0.86152319],[0.13847681 0.86152319],"[-0.125       0.3125      0.5078125   0.45        0.1953125   0.390625
  0.95        0.234375    0.4296875   0.34179688 -0.8         0.5       ]",0.4821759735125664,0,0
526,571,2024-09-26 21:14:31.926702848,TASK_BEGIN,19,1.5800672935855409,-0.0949536705262112,-6.550462233682613,2.504694994176302,1.2124492775391598,0.01579163170198,7.052108111336199,-1.5239107676845502,0,2024-09-26 21:14:33.322170898,1727385273.3221714,2024-09-26 21:14:33.322171392,9,0.0,0.1,9.518713290522346,[9.99922488e-01 7.75120099e-05],[9.99922488e-01 7.75120099e-05],"[0.28333333 0.1953125  0.390625   0.78333333 0.234375   0.4296875
 1.         0.         1.         0.28320312 0.3        0.13333333]",0.42702608565105266,0,0
527,572,2024-09-26 21:14:31.996139264,TASK_BEGIN,19,1.6058377500281114,-0.097334043368206,-6.739675397497965,2.55207520004984,1.2796477808010924,-0.0028584980777722,7.3622305832250845,-1.55727758448349,0,2024-09-26 21:14:33.424170898,1727385273.4241714,2024-09-26 21:14:33.424171520,9,0.0,0.1,9.52829089604095,[0.9539112 0.0460888],[0.9539112 0.0460888],"[0.25555556 0.1953125  0.390625   0.75555556 0.234375   0.4296875
 1.         0.         1.         0.30078125 0.5        0.06666667]",0.5716265667002024,0,0
528,573,2024-09-26 21:14:32.050021120,TASK_BEGIN,19,1.6130397097252247,-0.0964530413062778,-6.953248882608723,2.607805108913177,1.3274539880064649,-0.0201233275087771,7.60614674941638,-1.5752062509906315,0,2024-09-26 21:14:33.424170898,1727385273.4241714,2024-09-26 21:14:33.424171520,9,0.0,0.1,9.52829089604095,[0.9539112 0.0460888],[0.9539112 0.0460888],"[0.25555556 0.1953125  0.390625   0.75555556 0.234375   0.4296875
 1.         0.         1.         0.30078125 0.5        0.06666667]",0.5716265667002024,0,0
529,574,2024-09-26 21:14:33.012040960,TASK_BEGIN,19,1.600972681830393,-0.0923437182529906,-7.179120300949301,2.6686114990814915,1.3550644612903084,-0.035741394535492,7.760098657606473,-1.5746804597266777,0,2024-09-26 21:14:34.434685059,1727385274.4346855,2024-09-26 21:14:34.434685440,9,0.0,0.1,10.411932235888626,[9.99990536e-01 9.46404896e-06],[9.99990536e-01 9.46404896e-06],"[-0.02222222  0.1953125   0.390625    0.47777778  0.234375    0.4296875
  0.97777778  0.29296875  0.48828125  0.31445312  0.9        -0.06666667]",0.45605527612533503,0,0
530,575,2024-09-26 21:14:33.077385984,TASK_BEGIN,19,1.570214592907352,-0.085253079259718,-7.401965314716597,2.7300346105006392,1.3624178623007115,-0.0494799758347407,7.812499084657819,-1.5546926576520903,0,2024-09-26 21:14:34.485683838,1727385274.4856846,2024-09-26 21:14:34.485684736,9,0.0,0.1,10.407812913529739,[9.99881798e-01 1.18201770e-04],[9.99881798e-01 1.18201770e-04],"[-0.03611111  0.1953125   0.390625    0.46388889  0.234375    0.4296875
  0.96388889  0.29296875  0.48828125  0.33398438  1.         -0.1       ]",0.571810346011759,0,0
531,576,2024-09-26 21:14:33.145635072,TASK_BEGIN,19,1.5226289190228095,-0.0756296424228375,-7.604317514555479,2.786909046889947,1.3501356992821998,-0.0611684848631091,7.764727357419818,-1.5164197784853024,0,2024-09-26 21:14:34.536684082,1727385274.5366848,2024-09-26 21:14:34.536684800,9,0.0,0.1,10.403734784394441,[0.99796861 0.00203139],[0.99796861 0.00203139],"[-0.05        0.1953125   0.390625    0.45        0.234375    0.4296875
  0.95        0.29296875  0.48828125  0.35351562  1.         -0.13333333]",0.6785954064915456,0,0
532,577,2024-09-26 21:14:33.212425984,TASK_BEGIN,19,1.461228293097398,-0.0640973074407854,-7.767757804964814,2.8338807044838297,1.3194274162446047,-0.070724210870289,7.629452273709382,-1.462969719185992,0,2024-09-26 21:14:34.536684082,1727385274.5366848,2024-09-26 21:14:34.536684800,9,0.0,0.1,10.403734784394441,[0.99796861 0.00203139],[0.99796861 0.00203139],"[-0.05        0.1953125   0.390625    0.45        0.234375    0.4296875
  0.95        0.29296875  0.48828125  0.35351562  1.         -0.13333333]",0.6785954064915456,0,0
533,578,2024-09-26 21:14:33.279248128,TASK_BEGIN,19,1.38985869189858,-0.0514008020776265,-7.873941227842611,2.8658906760686773,1.2719828931822108,-0.0781583119898701,7.427905050049365,-1.398919106987882,0,2024-09-26 21:14:34.536684082,1727385274.5366848,2024-09-26 21:14:34.536684800,9,0.0,0.1,10.403734784394441,[0.99796861 0.00203139],[0.99796861 0.00203139],"[-0.05        0.1953125   0.390625    0.45        0.234375    0.4296875
  0.95        0.29296875  0.48828125  0.35351562  1.         -0.13333333]",0.6785954064915456,0,0
534,579,2024-09-26 21:14:33.340233216,TASK_BEGIN,19,1.312744590618541,-0.0383234486422589,-7.905494705842623,2.878613376515188,1.2098373976698744,-0.0835571057610098,7.187095885324745,-1.3298328883095765,0,2024-09-26 21:14:34.536684082,1727385274.5366848,2024-09-26 21:14:34.536684800,9,0.0,0.1,10.403734784394441,[0.99796861 0.00203139],[0.99796861 0.00203139],"[-0.05        0.1953125   0.390625    0.45        0.234375    0.4296875
  0.95        0.29296875  0.48828125  0.35351562  1.         -0.13333333]",0.6785954064915456,0,0
535,580,2024-09-26 21:14:33.401385984,TASK_BEGIN,19,1.234021293213669,-0.0256010199410837,-7.847086643440365,2.868858989750296,1.13520244571551,-0.087046587010356,6.937088564525966,-1.2617941626805875,0,2024-09-26 21:14:34.536684082,1727385274.5366848,2024-09-26 21:14:34.536684800,9,0.0,0.1,10.403734784394441,[0.99796861 0.00203139],[0.99796861 0.00203139],"[-0.05        0.1953125   0.390625    0.45        0.234375    0.4296875
  0.95        0.29296875  0.48828125  0.35351562  1.         -0.13333333]",0.6785954064915456,0,0
536,581,2024-09-26 21:14:34.348926976,TASK_BEGIN,19,1.1573828145143583,-0.0138611678461023,-7.68664253337346,2.834890249185808,1.0503087963704885,-0.0887571899122137,6.708353469396667,-1.2009133215029328,0,2024-09-26 21:14:35.753861816,1727385275.7538626,2024-09-26 21:14:35.753862656,9,1.0,0.1,11.199295594782217,[0.03173765 0.96826235],[0.03173765 0.96826235],"[ 0.11666667  0.234375    0.4296875   0.61666667  0.29296875  0.48828125
  1.          0.          1.          0.34765625 -0.8         0.5       ]",0.7259316261297951,0,0
537,582,2024-09-26 21:14:34.429006080,TASK_BEGIN,19,1.0858891703046736,-0.0036005538140132,-7.416285179812425,2.776573973314293,0.9573252225882484,-0.088805231228052,6.529609991206902,-1.1528685866715775,0,2024-09-26 21:14:35.753861816,1727385275.7538626,2024-09-26 21:14:35.753862656,9,1.0,0.1,11.199295594782217,[0.03173765 0.96826235],[0.03173765 0.96826235],"[ 0.11666667  0.234375    0.4296875   0.61666667  0.29296875  0.48828125
  1.          0.          1.          0.34765625 -0.8         0.5       ]",0.7259316261297951,0,0
538,583,2024-09-26 21:14:34.486946048,TASK_BEGIN,19,1.0218824027621372,0.0048164903491353,-7.03276491558603,2.695342164176586,0.8583725818459099,-0.0872985106720654,6.426372272815107,-1.122549601650448,0,2024-09-26 21:14:35.753861816,1727385275.7538626,2024-09-26 21:14:35.753862656,9,1.0,0.1,11.199295594782217,[0.03173765 0.96826235],[0.03173765 0.96826235],"[ 0.11666667  0.234375    0.4296875   0.61666667  0.29296875  0.48828125
  1.          0.          1.          0.34765625 -0.8         0.5       ]",0.7259316261297951,0,0
539,584,2024-09-26 21:14:34.562556928,TASK_BEGIN,19,0.9669310794578614,0.0111662833041976,-6.53759911525783,2.5939929112965467,0.755596867290216,-0.084359921013342,6.419711127474239,-1.1137614470263162,0,2024-09-26 21:14:35.753861816,1727385275.7538626,2024-09-26 21:14:35.753862656,9,1.0,0.1,11.199295594782217,[0.03173765 0.96826235],[0.03173765 0.96826235],"[ 0.11666667  0.234375    0.4296875   0.61666667  0.29296875  0.48828125
  1.          0.          1.          0.34765625 -0.8         0.5       ]",0.7259316261297951,0,0
540,585,2024-09-26 21:14:34.628608000,TASK_BEGIN,19,0.9217877231160628,0.0153855568609699,-5.937296644360381,2.476387094325832,0.651246722301518,-0.0801538478395166,6.524630755002219,-1.128898423763865,0,2024-09-26 21:14:35.753861816,1727385275.7538626,2024-09-26 21:14:35.753862656,9,1.0,0.1,11.199295594782217,[0.03173765 0.96826235],[0.03173765 0.96826235],"[ 0.11666667  0.234375    0.4296875   0.61666667  0.29296875  0.48828125
  1.          0.          1.          0.34765625 -0.8         0.5       ]",0.7259316261297951,0,0
541,586,2024-09-26 21:14:34.688118784,TASK_BEGIN,19,0.8864304633901936,0.017573746455335,-5.243806812716241,2.3471059620068413,0.5477163697874493,-0.0749039027833186,6.748157281417952,-1.168598759745413,0,2024-09-26 21:14:35.753861816,1727385275.7538626,2024-09-26 21:14:35.753862656,9,1.0,0.1,11.199295594782217,[0.03173765 0.96826235],[0.03173765 0.96826235],"[ 0.11666667  0.234375    0.4296875   0.61666667  0.29296875  0.48828125
  1.          0.          1.          0.34765625 -0.8         0.5       ]",0.7259316261297951,0,0
542,587,2024-09-26 21:14:34.751055872,TASK_BEGIN,19,0.8602512268300437,0.0179546227018375,-4.47495097548914,2.2111088408650432,0.4475261187848314,-0.0688990224497605,7.087827154803036,-1.2314842181634214,0,2024-09-26 21:14:35.753861816,1727385275.7538626,2024-09-26 21:14:35.753862656,9,1.0,0.1,11.199295594782217,[0.03173765 0.96826235],[0.03173765 0.96826235],"[ 0.11666667  0.234375    0.4296875   0.61666667  0.29296875  0.48828125
  1.          0.          1.          0.34765625 -0.8         0.5       ]",0.7259316261297951,0,0
543,588,2024-09-26 21:14:35.682749952,TASK_BEGIN,19,0.8423538777921925,0.0168141237319727,-3.654423382474079,2.0733988858487717,0.353214530713287,-0.0624849943753045,7.531093916723308,-1.3140712913623045,0,2024-09-26 21:14:36.666344971,1727385276.6663454,2024-09-26 21:14:36.666345472,9,0.0,0.1,11.000828677892219,[0.99890292 0.00109708],[0.99890292 0.00109708],"[-0.13333333  0.234375    0.4296875   0.36666667  0.29296875  0.48828125
  0.93611111  0.1953125   0.390625    0.40039062  1.         -0.1       ]",0.7275966619504365,0,0
544,589,2024-09-26 21:14:35.744926976,TASK_BEGIN,19,0.8318641123336126,0.0144489643007108,-2.811106580934384,1.938703782574789,0.2671318914682576,-0.056035023101735,8.05571527846282,-1.4108972732138307,0,2024-09-26 21:14:36.666344971,1727385276.6663454,2024-09-26 21:14:36.666345472,9,0.0,0.1,11.000828677892219,[0.99890292 0.00109708],[0.99890292 0.00109708],"[-0.13333333  0.234375    0.4296875   0.36666667  0.29296875  0.48828125
  0.93611111  0.1953125   0.390625    0.40039062  1.         -0.1       ]",0.7275966619504365,0,0
545,590,2024-09-26 21:14:35.807191808,TASK_BEGIN,19,0.8281810742048547,0.0111353718802617,-1.9776956833028871,1.8111866188209245,0.191157909339074,-0.049900876164974,8.631175790521048,-1.514905011847341,0,2024-09-26 21:14:36.666344971,1727385276.6663454,2024-09-26 21:14:36.666345472,9,0.0,0.1,11.000828677892219,[0.99890292 0.00109708],[0.99890292 0.00109708],"[-0.13333333  0.234375    0.4296875   0.36666667  0.29296875  0.48828125
  0.93611111  0.1953125   0.390625    0.40039062  1.         -0.1       ]",0.7275966619504365,0,0
546,591,2024-09-26 21:14:35.884845056,TASK_BEGIN,19,0.8311433347314106,0.007105603748876,-1.1888391948136183,1.694226582902674,0.1263917244937736,-0.0443583985310267,9.22126950340861,-1.61809915932015,0,2024-09-26 21:14:36.767558105,1727385276.7675588,2024-09-26 21:14:36.767558912,9,1.0,0.1,10.980912187202163,[0.17508638 0.82491362],[0.17508638 0.82491362],"[-0.16111111  0.234375    0.4296875   0.33888889  0.29296875  0.48828125
  0.90833333  0.1953125   0.390625    0.40429688 -0.8         0.5       ]",0.38684812108203526,0,0
547,592,2024-09-26 21:14:35.946864896,TASK_BEGIN,19,0.841087515105096,0.0025311385099291,-0.479169729702076,1.590335119966364,0.072866820905673,-0.039559774978226,9.787421556701,-1.7123702726742525,0,2024-09-26 21:14:37.368557861,1727385277.3685586,2024-09-26 21:14:37.368558592,9,0.0,0.1,10.86946572321797,[9.99991033e-01 8.96654065e-06],[9.99991033e-01 8.96654065e-06],"[0.17222222 0.29296875 0.48828125 0.74166667 0.1953125  0.390625
 1.         0.         1.         0.36914062 0.4        0.1       ]",0.37237706627524425,0,0
548,593,2024-09-26 21:14:36.008110080,TASK_BEGIN,19,0.8587698896100106,-0.0024748937133204,0.1185145816304679,1.5012312076930574,0.0293667354739375,-0.0355007434453521,10.29189421026157,-1.7902971527942646,0,2024-09-26 21:14:37.418557861,1727385277.4185584,2024-09-26 21:14:37.418558464,9,0.0,0.1,10.86077106598579,[9.99450527e-01 5.49473427e-04],[9.99450527e-01 5.49473427e-04],"[0.15833333 0.29296875 0.48828125 0.72777778 0.1953125  0.390625
 1.         0.         1.         0.37890625 0.5        0.06666667]",0.4700991049905925,0,0
549,594,2024-09-26 21:14:36.088017152,TASK_BEGIN,19,0.8851317759529898,-0.0078314997819065,0.5750319004565525,1.4280076246893525,-0.0065494052285026,-0.0320167448843474,10.700477154577218,-1.8457806602695963,0,2024-09-26 21:14:37.468592041,1727385277.4685926,2024-09-26 21:14:37.468592640,9,0.0,1.0,11.752163355325933,[0.98454126 0.01545874],[0.98454126 0.01545874],"[0.14444444 0.29296875 0.48828125 0.71388889 0.1953125  0.390625
 1.         0.         1.         0.390625   0.6        0.03333333]",0.6169856084921268,0,0
550,595,2024-09-26 21:14:37.036649984,TASK_BEGIN,19,0.9209379260320476,-0.0134481675294106,0.8667710281260758,1.3712748182667338,-0.0382621445236406,-0.0288159609008674,10.984690787838655,-1.8744437428505172,0,2024-09-26 21:14:38.268562012,1727385278.268562,2024-09-26 21:14:38.268562176,9,0.0,0.1,11.49189310511993,[9.99837878e-01 1.62121691e-04],[9.99837878e-01 1.62121691e-04],"[-0.07777778  0.29296875  0.48828125  0.49166667  0.1953125   0.390625
  0.99166667  0.234375    0.4296875   0.375       0.6         0.03333333]",0.6853707755292922,0,0
551,596,2024-09-26 21:14:37.103447040,TASK_BEGIN,19,0.966388915796796,-0.0191815301909602,0.977570696659355,1.3312260132664226,-0.0696397876561051,-0.0255319517850349,11.123391095311788,-1.87377792730794,0,2024-09-26 21:14:38.268562012,1727385278.268562,2024-09-26 21:14:38.268562176,9,0.0,0.1,11.49189310511993,[9.99837878e-01 1.62121691e-04],[9.99837878e-01 1.62121691e-04],"[-0.07777778  0.29296875  0.48828125  0.49166667  0.1953125   0.390625
  0.99166667  0.234375    0.4296875   0.375       0.6         0.03333333]",0.6853707755292922,0,0
552,597,2024-09-26 21:14:37.162450944,TASK_BEGIN,19,1.0208413995839298,-0.0248092885696704,0.8998948288791102,1.3076573261180742,-0.1045649337798588,-0.021769031047529,11.103855643169444,-1.843097527125808,0,2024-09-26 21:14:38.268562012,1727385278.268562,2024-09-26 21:14:38.268562176,9,0.0,0.1,11.49189310511993,[9.99837878e-01 1.62121691e-04],[9.99837878e-01 1.62121691e-04],"[-0.07777778  0.29296875  0.48828125  0.49166667  0.1953125   0.390625
  0.99166667  0.234375    0.4296875   0.375       0.6         0.03333333]",0.6853707755292922,0,0
553,598,2024-09-26 21:14:37.237052928,TASK_BEGIN,19,1.0827275489618735,-0.0300380441589486,0.6350102123815952,1.2999654179838211,-0.1465175789794423,-0.0171320818949445,10.92286932452628,-1.7834532188116248,0,2024-09-26 21:14:38.268562012,1727385278.268562,2024-09-26 21:14:38.268562176,9,0.0,0.1,11.49189310511993,[9.99837878e-01 1.62121691e-04],[9.99837878e-01 1.62121691e-04],"[-0.07777778  0.29296875  0.48828125  0.49166667  0.1953125   0.390625
  0.99166667  0.234375    0.4296875   0.375       0.6         0.03333333]",0.6853707755292922,0,0
554,599,2024-09-26 21:14:37.302247168,TASK_BEGIN,19,1.1496949886932075,-0.0345447029575507,0.1924544482195055,1.3070934783155872,-0.1982446241213599,-0.0112476515133216,10.587915502995624,-1.6975892602652318,0,2024-09-26 21:14:38.268562012,1727385278.268562,2024-09-26 21:14:38.268562176,9,0.0,0.1,11.49189310511993,[9.99837878e-01 1.62121691e-04],[9.99837878e-01 1.62121691e-04],"[-0.07777778  0.29296875  0.48828125  0.49166667  0.1953125   0.390625
  0.99166667  0.234375    0.4296875   0.375       0.6         0.03333333]",0.6853707755292922,0,0
555,600,2024-09-26 21:14:37.370651136,TASK_BEGIN,19,1.2189374722683712,-0.0380376687389774,-0.4108857221351127,1.3274713911466736,-0.2615536560411898,-0.0037812730088548,10.117769497980095,-1.5898515022494917,0,2024-09-26 21:14:38.268562012,1727385278.268562,2024-09-26 21:14:38.268562176,9,0.0,0.1,11.49189310511993,[9.99837878e-01 1.62121691e-04],[9.99837878e-01 1.62121691e-04],"[-0.07777778  0.29296875  0.48828125  0.49166667  0.1953125   0.390625
  0.99166667  0.234375    0.4296875   0.375       0.6         0.03333333]",0.6853707755292922,0,0
556,601,2024-09-26 21:14:37.437468928,TASK_BEGIN,19,1.287638949151763,-0.0403230810447212,-1.152118009807919,1.359095046435487,-0.3372568975951995,0.0055480679463246,9.541902934879776,-1.4659282274812793,0,2024-09-26 21:14:38.470334961,1727385278.470335,2024-09-26 21:14:38.470334976,9,1.0,0.1,11.433106564124714,[0.06792561 0.93207439],[0.06792561 0.93207439],"[-0.13333333  0.29296875  0.48828125  0.43611111  0.1953125   0.390625
  0.93611111  0.234375    0.4296875   0.34179688 -0.8         0.5       ]",0.657666486261338,0,0
557,602,2024-09-26 21:14:38.386266112,TASK_BEGIN,19,1.3534195692280322,-0.0413621428267635,-2.0041340673561723,1.3997953744976577,-0.4252362869401498,0.0169570001210346,8.898772977330072,-1.332451041767121,0,2024-09-26 21:14:39.279927979,1727385279.2799287,2024-09-26 21:14:39.279928576,9,0.0,0.1,11.220229720831059,[0.98923892 0.01076108],[0.98923892 0.01076108],"[0.21388889 0.1953125  0.390625   0.71388889 0.234375   0.4296875
 1.         0.         1.         0.296875   0.6        0.03333333]",0.6197490595508394,0,0
558,603,2024-09-26 21:14:38.447876096,TASK_BEGIN,19,1.414676487499685,-0.0413038354076473,-2.937449721640689,1.4475535367433376,-0.5245604270746058,0.0305932553703679,8.233203581118913,-1.1965624543061777,0,2024-09-26 21:14:39.381876953,1727385279.3818777,2024-09-26 21:14:39.381877760,9,1.0,0.1,11.19594714938652,[0.14282772 0.85717228],[0.14282772 0.85717228],"[ 0.18611111  0.1953125   0.390625    0.68611111  0.234375    0.4296875
  1.          0.          1.          0.29492188 -0.8         0.5       ]",0.4630885552621811,0,0
559,604,2024-09-26 21:14:38.510512128,TASK_BEGIN,19,1.470728131227779,-0.0404752432688816,-3.921650074353865,1.5006926714105842,-0.6336208795561782,0.0465423574991664,7.592953011692231,-1.0655043035972454,0,2024-09-26 21:14:39.381876953,1727385279.3818777,2024-09-26 21:14:39.381877760,9,1.0,0.1,11.19594714938652,[0.14282772 0.85717228],[0.14282772 0.85717228],"[ 0.18611111  0.1953125   0.390625    0.68611111  0.234375    0.4296875
  1.          0.          1.          0.29492188 -0.8         0.5       ]",0.4630885552621811,0,0
560,605,2024-09-26 21:14:38.587184896,TASK_BEGIN,19,1.5217144367206803,-0.0393208040265311,-4.926436002907907,1.557906548748023,-0.7503123852256196,0.064848988175226,7.024799737555842,-0.9462252243890154,0,2024-09-26 21:14:39.993630859,1727385279.9936318,2024-09-26 21:14:39.993631744,9,0.0,0.1,11.88223498332351,[9.99999849e-01 1.51451527e-07],[9.99999849e-01 1.51451527e-07],"[0.01944444 0.1953125  0.390625   0.51944444 0.234375   0.4296875
 1.         0.         1.         0.25976562 0.4        0.1       ]",0.3397760175294166,0,0
561,606,2024-09-26 21:14:38.648773888,TASK_BEGIN,19,1.5683185941563833,-0.0383105102293824,-5.922487882394329,1.61816368783056,-0.8722355685170905,0.0855445289333794,6.570687935212714,-0.8449979007354088,0,2024-09-26 21:14:40.044043945,1727385280.0440447,2024-09-26 21:14:40.044044800,9,0.0,0.1,11.863412633490274,[9.99999521e-01 4.79270768e-07],[9.99999521e-01 4.79270768e-07],"[0.00555556 0.1953125  0.390625   0.50555556 0.234375   0.4296875
 1.         0.         1.         0.26953125 0.5        0.06666667]",0.3628472688329218,0,0
562,607,2024-09-26 21:14:38.710344960,TASK_BEGIN,19,1.6114571339979038,-0.0378571071651828,-6.882330964479365,1.6805502456512729,-0.9968098462042756,0.1086561428957376,6.264391724921046,-0.7670569261953502,0,2024-09-26 21:14:40.145364014,1727385280.1453643,2024-09-26 21:14:40.145364224,9,0.0,0.1,11.826330722083815,[9.99998833e-01 1.16708494e-06],[9.99998833e-01 1.16708494e-06],"[-0.02222222  0.1953125   0.390625    0.47777778  0.234375    0.4296875
  0.97777778  0.234375    0.4296875   0.29492188  0.7         0.        ]",0.393033852360814,0,0
563,608,2024-09-26 21:14:38.772516864,TASK_BEGIN,19,1.6520288627822546,-0.0382651309731481,-7.781367335719565,1.7441546554879004,-1.121235826037258,0.1341804954845797,6.129058546261631,-0.7163027630039722,0,2024-09-26 21:14:40.196365234,1727385280.1963656,2024-09-26 21:14:40.196365568,9,0.0,0.1,11.808067414862977,[9.99992359e-01 7.64080779e-06],[9.99992359e-01 7.64080779e-06],"[-0.03611111  0.1953125   0.390625    0.46388889  0.234375    0.4296875
  0.96388889  0.234375    0.4296875   0.31054688  0.8        -0.03333333]",0.4407601799892512,0,0
564,609,2024-09-26 21:14:39.737081088,TASK_BEGIN,19,1.690726741519437,-0.0397074606305529,-8.598977487490059,1.8080670379298875,-1.2423951111960814,0.1620338794222729,6.175843357620362,-0.6951184710752127,0,2024-09-26 21:14:41.055311035,1727385281.055312,2024-09-26 21:14:41.055311872,9,0.0,0.1,11.524098120538014,[0.9631019 0.0368981],[0.9631019 0.0368981],"[0.22777778 0.234375   0.4296875  0.72777778 0.234375   0.4296875
 1.         0.         1.         0.3359375  0.4        0.1       ]",0.5195257135170163,0,0
565,610,2024-09-26 21:14:39.795891200,TASK_BEGIN,19,1.7279256141657475,-0.042224352168196,-9.319324620837923,1.8714705581873488,-1.3568005597546735,0.1919976307137176,6.40364429310617,-0.7043080540264838,0,2024-09-26 21:14:41.055311035,1727385281.055312,2024-09-26 21:14:41.055311872,9,0.0,0.1,11.524098120538014,[0.9631019 0.0368981],[0.9631019 0.0368981],"[0.22777778 0.234375   0.4296875  0.72777778 0.234375   0.4296875
 1.         0.         1.         0.3359375  0.4        0.1       ]",0.5195257135170163,0,0
566,611,2024-09-26 21:14:39.858566144,TASK_BEGIN,19,1.7636879483037389,-0.0457503274154306,-9.931639699097962,1.9337549039578397,-1.4606394929047692,0.2236654000222899,6.799912092531177,-0.7431372458218369,0,2024-09-26 21:14:41.055311035,1727385281.055312,2024-09-26 21:14:41.055311872,9,0.0,0.1,11.524098120538014,[0.9631019 0.0368981],[0.9631019 0.0368981],"[0.22777778 0.234375   0.4296875  0.72777778 0.234375   0.4296875
 1.         0.         1.         0.3359375  0.4        0.1       ]",0.5195257135170163,0,0
567,612,2024-09-26 21:14:39.937836800,TASK_BEGIN,19,1.7978834669204329,-0.0501661368467202,-10.430100916523022,1.994597609889128,-1.5499530941421145,0.2564086161229125,7.342415369146581,-0.8094329036594523,0,2024-09-26 21:14:41.055311035,1727385281.055312,2024-09-26 21:14:41.055311872,9,0.0,0.1,11.524098120538014,[0.9631019 0.0368981],[0.9631019 0.0368981],"[0.22777778 0.234375   0.4296875  0.72777778 0.234375   0.4296875
 1.         0.         1.         0.3359375  0.4        0.1       ]",0.5195257135170163,0,0
568,613,2024-09-26 21:14:40.004645120,TASK_BEGIN,19,1.830355209847297,-0.0553557991185001,-10.813774937107135,2.054010843445073,-1.6209850850463947,0.289390062642991,8.001608480257902,-0.8997007654472667,0,2024-09-26 21:14:41.055311035,1727385281.055312,2024-09-26 21:14:41.055311872,9,0.0,0.1,11.524098120538014,[0.9631019 0.0368981],[0.9631019 0.0368981],"[0.22777778 0.234375   0.4296875  0.72777778 0.234375   0.4296875
 1.         0.         1.         0.3359375  0.4        0.1       ]",0.5195257135170163,0,0
569,614,2024-09-26 21:14:40.058064896,TASK_BEGIN,19,1.8610564428965977,-0.061246594727086,-11.087127265107942,2.11239047392004,-1.670610507502352,0.3216304177388721,8.74319635676659,-1.0092832109100025,0,2024-09-26 21:14:41.055311035,1727385281.055312,2024-09-26 21:14:41.055311872,9,0.0,0.1,11.524098120538014,[0.9631019 0.0368981],[0.9631019 0.0368981],"[0.22777778 0.234375   0.4296875  0.72777778 0.234375   0.4296875
 1.         0.         1.         0.3359375  0.4        0.1       ]",0.5195257135170163,0,0
570,615,2024-09-26 21:14:40.138221056,TASK_BEGIN,19,1.8901009932102255,-0.0678186970401047,-11.260845264757338,2.170548717725498,-1.696684055784688,0.3520977242075551,9.530592369175276,-1.1326016998459776,0,2024-09-26 21:14:41.055311035,1727385281.055312,2024-09-26 21:14:41.055311872,9,0.0,0.1,11.524098120538014,[0.9631019 0.0368981],[0.9631019 0.0368981],"[0.22777778 0.234375   0.4296875  0.72777778 0.234375   0.4296875
 1.         0.         1.         0.3359375  0.4        0.1       ]",0.5195257135170163,0,0
571,616,2024-09-26 21:14:41.081936896,TASK_BEGIN,19,1.917696270789733,-0.0750782229240204,-11.351918193055598,2.229636431383443,-1.6982257048296396,0.3797909373430065,10.326944389212173,-1.263459139607834,0,2024-09-26 21:14:42.176376221,1727385282.1763768,2024-09-26 21:14:42.176376832,9,0.0,0.1,11.988075668867623,[0.99633772 0.00366228],[0.99633772 0.00366228],"[-0.07777778  0.234375    0.4296875   0.42222222  0.234375    0.4296875
  0.99166667  0.25390625  0.44921875  0.38671875  1.         -0.13333333]",0.8481889025426899,0,0
572,617,2024-09-26 21:14:41.153328896,TASK_BEGIN,19,1.9439935490083515,-0.0830006746745774,-11.382201048999082,2.290909496030075,-1.6754648809247683,0.4038139394104163,11.09640033752065,-1.3953212955379024,0,2024-09-26 21:14:42.176376221,1727385282.1763768,2024-09-26 21:14:42.176376832,9,0.0,0.1,11.988075668867623,[0.99633772 0.00366228],[0.99633772 0.00366228],"[-0.07777778  0.234375    0.4296875   0.42222222  0.234375    0.4296875
  0.99166667  0.25390625  0.44921875  0.38671875  1.         -0.13333333]",0.8481889025426899,0,0
573,618,2024-09-26 21:14:41.205216768,TASK_BEGIN,19,1.9689598594856577,-0.0914723927748728,-11.375690625190629,2.3554070314544284,-1.6298205843930542,0.4234519412815676,11.804784458695783,-1.5215611543973573,0,2024-09-26 21:14:42.176376221,1727385282.1763768,2024-09-26 21:14:42.176376832,9,0.0,0.1,11.988075668867623,[0.99633772 0.00366228],[0.99633772 0.00366228],"[-0.07777778  0.234375    0.4296875   0.42222222  0.234375    0.4296875
  0.99166667  0.25390625  0.44921875  0.38671875  1.         -0.13333333]",0.8481889025426899,0,0
574,619,2024-09-26 21:14:41.286747136,TASK_BEGIN,19,1.9923657161156847,-0.1002632025013011,-11.355518098136953,2.423652634727966,-1.563877109857898,0.4382509316295607,12.42068753569475,-1.6357816439762305,0,2024-09-26 21:14:42.176376221,1727385282.1763768,2024-09-26 21:14:42.176376832,9,0.0,0.1,11.988075668867623,[0.99633772 0.00366228],[0.99633772 0.00366228],"[-0.07777778  0.234375    0.4296875   0.42222222  0.234375    0.4296875
  0.99166667  0.25390625  0.44921875  0.38671875  1.         -0.13333333]",0.8481889025426899,0,0
575,620,2024-09-26 21:14:41.353077760,TASK_BEGIN,19,2.01389902840382,-0.1090453594284048,-11.341778302721115,2.495469844056837,-1.481295729964355,0.4480721067974743,12.917989793840496,-1.7323390227666835,0,2024-09-26 21:14:42.329333984,1727385282.3293347,2024-09-26 21:14:42.329334784,9,1.0,0.1,11.929027833426584,[0.19154556 0.80845444],[0.19154556 0.80845444],"[-0.11944444  0.234375    0.4296875   0.38055556  0.234375    0.4296875
  0.95        0.25390625  0.44921875  0.33984375 -0.8         0.5       ]",0.38049033194368176,0,0
576,621,2024-09-26 21:14:41.420507904,TASK_BEGIN,19,2.0333411731460203,-0.1174514743257243,-11.350762145489917,2.569978644181885,-1.3865535040392891,0.4530876812649487,13.2794815218798,-1.806994514715191,0,2024-09-26 21:14:42.329333984,1727385282.3293347,2024-09-26 21:14:42.329334784,9,1.0,0.1,11.929027833426584,[0.19154556 0.80845444],[0.19154556 0.80845444],"[-0.11944444  0.234375    0.4296875   0.38055556  0.234375    0.4296875
  0.95        0.25390625  0.44921875  0.33984375 -0.8         0.5       ]",0.38049033194368176,0,0
577,622,2024-09-26 21:14:41.487275008,TASK_BEGIN,19,2.0507003235259624,-0.1251465305665988,-11.395351355631336,2.645786799530351,-1.284547437539783,0.4537208048601206,13.499724122215932,-1.857416636684324,0,2024-09-26 21:14:42.532334961,1727385282.5323358,2024-09-26 21:14:42.532335872,9,0.0,0.1,11.85301643996852,[0.99880092 0.00119908],[0.99880092 0.00119908],"[-0.175       0.234375    0.4296875   0.325       0.234375    0.4296875
  0.89444444  0.25390625  0.44921875  0.2890625  -0.5         0.4       ]",0.3392458075619849,0,0
578,623,2024-09-26 21:14:42.411587840,TASK_BEGIN,19,2.066199102704708,-0.1318765792474574,-11.485794095251729,2.721284101387068,-1.1802240278700198,0.4505679455107626,13.585381193263592,-1.883298429593067,0,2024-09-26 21:14:43.291313965,1727385283.2913146,2024-09-26 21:14:43.291314688,9,1.0,0.1,12.475792270482579,[0.03633368 0.96366632],[0.03633368 0.96366632],"[ 0.11666667  0.234375    0.4296875   0.68611111  0.25390625  0.44921875
  1.          0.          1.          0.34179688 -0.8         0.5       ]",0.683548243259388,0,0
579,624,2024-09-26 21:14:42.478281984,TASK_BEGIN,19,2.0801075258483945,-0.1374679782188691,-11.630078012872216,2.794884321687487,-1.0783355480443166,0.4443389122732091,13.553018797893005,-1.8861175317711725,0,2024-09-26 21:14:43.894458984,1727385283.8944588,2024-09-26 21:14:43.894458880,9,0.0,0.1,12.19450481406748,[9.99999361e-01 6.38591685e-07],[9.99999361e-01 6.38591685e-07],"[-0.05        0.234375    0.4296875   0.51944444  0.25390625  0.44921875
  1.          0.          1.          0.30664062  0.4         0.1       ]",0.3512240435732981,0,0
580,625,2024-09-26 21:14:42.545187072,TASK_BEGIN,19,2.0925351247524,-0.1417877136866073,-11.833610121883725,2.8651229195416548,-0.9833239640268562,0.4358227073737884,13.425838250046416,-1.8687441049546265,0,2024-09-26 21:14:43.944456055,1727385283.9444563,2024-09-26 21:14:43.944456448,9,0.0,0.1,12.172559765926804,[9.99998536e-01 1.46449296e-06],[9.99998536e-01 1.46449296e-06],"[-0.06388889  0.234375    0.4296875   0.50555556  0.25390625  0.44921875
  1.          0.          1.          0.31640625  0.5         0.06666667]",0.38076822265876487,0,0
581,626,2024-09-26 21:14:42.610023936,TASK_BEGIN,19,2.103311390468898,-0.1446997200412441,-12.098454011478823,2.9306342899527955,-0.8992681894838954,0.4258633604838194,13.23058251149876,-1.8350335620298133,0,2024-09-26 21:14:44.044490967,1727385284.0444915,2024-09-26 21:14:44.044491520,9,0.0,0.1,12.12932582658486,[9.99926489e-01 7.35111720e-05],[9.99926489e-01 7.35111720e-05],"[-0.09166667  0.234375    0.4296875   0.47777778  0.25390625  0.44921875
  0.97777778  0.234375    0.4296875   0.34179688  0.7         0.        ]",0.43470921539421364,0,0
582,627,2024-09-26 21:14:42.678790912,TASK_BEGIN,19,2.1120056019267968,-0.1460453066676872,-12.422515609701351,2.9900797312659098,-0.8297833448816412,0.4153196148900615,12.994860009764135,-1.789403274298306,0,2024-09-26 21:14:44.094489990,1727385284.0944905,2024-09-26 21:14:44.094490624,9,0.0,0.1,12.108032568319011,[9.99125515e-01 8.74485159e-04],[9.99125515e-01 8.74485159e-04],"[-0.10555556  0.234375    0.4296875   0.46388889  0.25390625  0.44921875
  0.96388889  0.234375    0.4296875   0.35742188  0.8        -0.03333333]",0.5191849588527361,0,0
583,628,2024-09-26 21:14:42.745593088,TASK_BEGIN,19,2.11805914947138,-0.1456564714821214,-12.798872617708414,3.042064112653283,-0.7777934594716108,0.4049924623557598,12.744811184132852,-1.7363884545437824,0,2024-09-26 21:14:44.144458008,1727385284.1444585,2024-09-26 21:14:44.144458496,9,0.0,0.1,12.086952242635821,[0.98488742 0.01511258],[0.98488742 0.01511258],"[-0.11944444  0.234375    0.4296875   0.45        0.25390625  0.44921875
  0.95        0.234375    0.4296875   0.375       0.9        -0.06666667]",0.5926154941651266,0,0
584,629,2024-09-26 21:14:42.809325824,TASK_BEGIN,19,2.1209524533415167,-0.1433927450613394,-13.21531525876634,3.0850585251274683,-0.7452107706711479,0.3955314323427811,12.503553258625084,-1.680293192126966,0,2024-09-26 21:14:44.144458008,1727385284.1444585,2024-09-26 21:14:44.144458496,9,0.0,0.1,12.086952242635821,[0.98488742 0.01511258],[0.98488742 0.01511258],"[-0.11944444  0.234375    0.4296875   0.45        0.25390625  0.44921875
  0.95        0.234375    0.4296875   0.375       0.9        -0.06666667]",0.5926154941651266,0,0
585,630,2024-09-26 21:14:43.761710848,TASK_BEGIN,19,2.1203351085574567,-0.1391825130751497,-13.654315729678247,3.1173910865220527,-0.7326276799276621,0.3873503263709233,12.291025613351891,-1.625092398758065,0,2024-09-26 21:14:45.099983887,1727385285.0999842,2024-09-26 21:14:45.099984128,9,0.0,0.1,11.724174462309023,[0.99502825 0.00497175],[0.99502825 0.00497175],"[0.18611111 0.25390625 0.44921875 0.68611111 0.234375   0.4296875
 1.         0.         1.         0.34765625 0.7        0.        ]",0.5962152714263508,0,0
586,631,2024-09-26 21:14:43.828493056,TASK_BEGIN,19,2.1161142012027487,-0.1330568363030713,-14.093789361611629,3.137385042353992,-0.7391202766163316,0.3805776952925002,12.12482303276075,-1.5745454990333725,0,2024-09-26 21:14:45.099983887,1727385285.0999842,2024-09-26 21:14:45.099984128,9,0.0,0.1,11.724174462309023,[0.99502825 0.00497175],[0.99502825 0.00497175],"[0.18611111 0.25390625 0.44921875 0.68611111 0.234375   0.4296875
 1.         0.         1.         0.34765625 0.7        0.        ]",0.5962152714263508,0,0
587,632,2024-09-26 21:14:43.895252992,TASK_BEGIN,19,2.108524564970582,-0.1251742875561464,-14.508784290617005,3.143625981248282,-0.7622460237237882,0.3750525628711073,12.02054043542562,-1.5322598334732411,0,2024-09-26 21:14:45.099983887,1727385285.0999842,2024-09-26 21:14:45.099984128,9,0.0,0.1,11.724174462309023,[0.99502825 0.00497175],[0.99502825 0.00497175],"[0.18611111 0.25390625 0.44921875 0.68611111 0.234375   0.4296875
 1.         0.         1.         0.34765625 0.7        0.        ]",0.5962152714263508,0,0
588,633,2024-09-26 21:14:43.957363968,TASK_BEGIN,19,2.098162370795217,-0.1158325363255251,-14.873839908562138,3.1352349005055444,-0.7982964114723714,0.3703693530567935,11.990728523130096,-1.5015078371383246,0,2024-09-26 21:14:45.099983887,1727385285.0999842,2024-09-26 21:14:45.099984128,9,0.0,0.1,11.724174462309023,[0.99502825 0.00497175],[0.99502825 0.00497175],"[0.18611111 0.25390625 0.44921875 0.68611111 0.234375   0.4296875
 1.         0.         1.         0.34765625 0.7        0.        ]",0.5962152714263508,0,0
589,634,2024-09-26 21:14:44.028933120,TASK_BEGIN,19,2.0859446820923564,-0.1054575896201842,-15.165602579542364,3.1120515242402718,-0.8427711135290146,0.365964347985173,12.042933469110602,-1.484859551419116,0,2024-09-26 21:14:45.099983887,1727385285.0999842,2024-09-26 21:14:45.099984128,9,0.0,0.1,11.724174462309023,[0.99502825 0.00497175],[0.99502825 0.00497175],"[0.18611111 0.25390625 0.44921875 0.68611111 0.234375   0.4296875
 1.         0.         1.         0.34765625 0.7        0.        ]",0.5962152714263508,0,0
590,635,2024-09-26 21:14:44.095685120,TASK_BEGIN,19,2.0729900896892515,-0.0945670342660545,-15.365276043725013,3.074732541866572,-0.8909373071767521,0.3612165580853226,12.177701521401415,-1.483801212010256,0,2024-09-26 21:14:45.099983887,1727385285.0999842,2024-09-26 21:14:45.099984128,9,0.0,0.1,11.724174462309023,[0.99502825 0.00497175],[0.99502825 0.00497175],"[0.18611111 0.25390625 0.44921875 0.68611111 0.234375   0.4296875
 1.         0.         1.         0.34765625 0.7        0.        ]",0.5962152714263508,0,0
591,636,2024-09-26 21:14:44.158168064,TASK_BEGIN,19,2.060430165790217,-0.0837124576009856,-15.460436675188982,3.024802964198597,-0.9383356173648336,0.355533554328949,12.387059425058496,-1.4984286466606354,0,2024-09-26 21:14:45.099983887,1727385285.0999842,2024-09-26 21:14:45.099984128,9,0.0,0.1,11.724174462309023,[0.99502825 0.00497175],[0.99502825 0.00497175],"[0.18611111 0.25390625 0.44921875 0.68611111 0.234375   0.4296875
 1.         0.         1.         0.34765625 0.7        0.        ]",0.5962152714263508,0,0
592,637,2024-09-26 21:14:45.110799104,TASK_BEGIN,19,2.0491664767415303,-0.0734141625239858,-15.44587676575384,2.964655961212224,-0.9811479941793864,0.3484101546963167,12.65388625099233,-1.5272541379466675,0,2024-09-26 21:14:46.015820068,1727385286.01582,2024-09-26 21:14:46.015820032,9,0.0,0.1,12.212899835114838,[0.96617024 0.03382976],[0.96617024 0.03382976],"[-0.06388889  0.25390625  0.44921875  0.43611111  0.234375    0.4296875
  0.93611111  0.234375    0.4296875   0.36328125  0.8        -0.03333333]",0.4891608001064983,0,0
593,638,2024-09-26 21:14:45.177434112,TASK_BEGIN,19,2.039631849709019,-0.0641067342543077,-15.323506546970949,2.897452441737497,-1.016388762866882,0.3394617358543863,12.9527841838791,-1.5672311731535404,0,2024-09-26 21:14:46.219437988,1727385286.2194386,2024-09-26 21:14:46.219438592,9,1.0,0.1,12.125702752140969,[0.14197286 0.85802714],[0.14197286 0.85802714],"[-0.11944444  0.25390625  0.44921875  0.38055556  0.234375    0.4296875
  0.88055556  0.234375    0.4296875   0.33398438 -0.8         0.5       ]",0.48870082555706523,0,0
594,639,2024-09-26 21:14:45.234991872,TASK_BEGIN,19,2.031644365395242,-0.0561074422825296,-15.101668424890452,2.8268864009549413,-1.0419202253318178,0.3284353170724173,13.252888870692788,-1.6141305209354924,0,2024-09-26 21:14:46.219437988,1727385286.2194386,2024-09-26 21:14:46.219438592,9,1.0,0.1,12.125702752140969,[0.14197286 0.85802714],[0.14197286 0.85802714],"[-0.11944444  0.25390625  0.44921875  0.38055556  0.234375    0.4296875
  0.88055556  0.234375    0.4296875   0.33398438 -0.8         0.5       ]",0.48870082555706523,0,0
595,640,2024-09-26 21:14:45.312071936,TASK_BEGIN,19,2.024404564069505,-0.0496052831154578,-14.794233991064532,2.756849016948097,-1.056319939001108,0.3151995863016093,13.522264430819986,-1.6632577402128208,0,2024-09-26 21:14:46.219437988,1727385286.2194386,2024-09-26 21:14:46.219438592,9,1.0,0.1,12.125702752140969,[0.14197286 0.85802714],[0.14197286 0.85802714],"[-0.11944444  0.25390625  0.44921875  0.38055556  0.234375    0.4296875
  0.88055556  0.234375    0.4296875   0.33398438 -0.8         0.5       ]",0.48870082555706523,0,0
596,641,2024-09-26 21:14:45.378931968,TASK_BEGIN,19,2.01663552838726,-0.0446669328536945,-14.419542044679911,2.6910649942161173,-1.0586586773428763,0.2997196991234017,13.73268693348544,-1.7102917974434255,0,2024-09-26 21:14:46.422353027,1727385286.4223533,2024-09-26 21:14:46.422353152,9,0.0,0.1,12.041941582152631,[9.99794324e-01 2.05676499e-04],[9.99794324e-01 2.05676499e-04],"[-0.175       0.25390625  0.44921875  0.325       0.234375    0.4296875
  0.825       0.234375    0.4296875   0.28320312 -0.5         0.4       ]",0.3418766262094146,0,0
597,642,2024-09-26 21:14:45.445643008,TASK_BEGIN,19,2.006846386566377,-0.041263431672975,-13.99905670285248,2.632763257110185,-1.0483065667524176,0.2820344861956474,13.863559976430482,-1.751967172938163,0,2024-09-26 21:14:46.422353027,1727385286.4223533,2024-09-26 21:14:46.422353152,9,0.0,0.1,12.041941582152631,[9.99794324e-01 2.05676499e-04],[9.99794324e-01 2.05676499e-04],"[-0.175       0.25390625  0.44921875  0.325       0.234375    0.4296875
  0.825       0.234375    0.4296875   0.28320312 -0.5         0.4       ]",0.3418766262094146,0,0
598,643,2024-09-26 21:14:45.511610112,TASK_BEGIN,19,1.9936777928419631,-0.0393143956672328,-13.555902271768211,2.58442556158315,-1.0248925464927192,0.2622576823810805,13.904282325702688,-1.786443920443515,0,2024-09-26 21:14:46.422353027,1727385286.4223533,2024-09-26 21:14:46.422353152,9,0.0,0.1,12.041941582152631,[9.99794324e-01 2.05676499e-04],[9.99794324e-01 2.05676499e-04],"[-0.175       0.25390625  0.44921875  0.325       0.234375    0.4296875
  0.825       0.234375    0.4296875   0.28320312 -0.5         0.4       ]",0.3418766262094146,0,0
599,644,2024-09-26 21:14:46.435620096,TASK_BEGIN,19,1.9762455200929447,-0.0387297089262501,-13.113561666178809,2.547624637060015,-0.988421665012217,0.2406042316022417,13.854859238499523,-1.813352634238587,0,2024-09-26 21:14:47.876516113,1727385287.8765168,2024-09-26 21:14:47.876516864,9,0.0,0.1,12.291993762425134,[9.99996292e-01 3.70804870e-06],[9.99996292e-01 3.70804870e-06],"[-0.07777778  0.234375    0.4296875   0.42222222  0.234375    0.4296875
  0.99166667  0.29296875  0.48828125  0.32226562  0.6         0.03333333]",0.4254037154149272,0,0
600,645,2024-09-26 21:14:46.488508928,TASK_BEGIN,19,1.9543780421821104,-0.0394286638803925,-12.694636807973714,2.5229163120667235,-0.9394130592509048,0.2174149236868462,13.72482100069578,-1.833571396922793,0,2024-09-26 21:14:47.927103027,1727385287.927103,2024-09-26 21:14:47.927102976,9,0.0,0.1,12.269073824800882,[0.99686192 0.00313808],[0.99686192 0.00313808],"[-0.09166667  0.234375    0.4296875   0.40833333  0.234375    0.4296875
  0.97777778  0.29296875  0.48828125  0.3359375   0.7         0.        ]",0.46315235760790274,0,0
601,646,2024-09-26 21:14:46.566617856,TASK_BEGIN,19,1.9286835303076044,-0.0413337825872556,-12.319405029610405,2.509766425176281,-0.8789486258230652,0.1931562091552372,13.530812472984552,-1.8488087158399809,0,2024-09-26 21:14:47.978115967,1727385287.978116,2024-09-26 21:14:47.978116096,9,0.0,0.1,12.246383086552873,[0.9618745 0.0381255],[0.9618745 0.0381255],"[-0.10555556  0.234375    0.4296875   0.39444444  0.234375    0.4296875
  0.96388889  0.29296875  0.48828125  0.3515625   0.8        -0.03333333]",0.4633319935129663,0,0
602,647,2024-09-26 21:14:46.629573120,TASK_BEGIN,19,1.9004562715746516,-0.0443500360324365,-12.004325623427752,2.506581532226779,-0.8086724084721232,0.1684010228503451,13.293388234123848,-1.8610601446624635,0,2024-09-26 21:14:47.978115967,1727385287.978116,2024-09-26 21:14:47.978116096,9,0.0,0.1,12.246383086552873,[0.9618745 0.0381255],[0.9618745 0.0381255],"[-0.10555556  0.234375    0.4296875   0.39444444  0.234375    0.4296875
  0.96388889  0.29296875  0.48828125  0.3515625   0.8        -0.03333333]",0.4633319935129663,0,0
603,648,2024-09-26 21:14:46.702802944,TASK_BEGIN,19,1.871476420655912,-0.0483433284856195,-11.760929316964708,2.510930622961645,-0.7308311774780706,0.1438076755542666,13.033573751672463,-1.8720222983346129,0,2024-09-26 21:14:48.130101807,1727385288.1301029,2024-09-26 21:14:48.130102784,9,1.0,0.1,12.179663262499163,[0.03905295 0.96094705],[0.03905295 0.96094705],"[-0.14722222  0.234375    0.4296875   0.35277778  0.234375    0.4296875
  0.92222222  0.29296875  0.48828125  0.33789062 -0.8         0.5       ]",0.7690001530632012,0,0
604,649,2024-09-26 21:14:46.768649216,TASK_BEGIN,19,1.84375084093228,-0.0531300035128238,-11.595237258429137,2.5199238286557657,-0.6483469456026697,0.1200991623814343,12.769889715127643,-1.8826081379134896,0,2024-09-26 21:14:48.130101807,1727385288.1301029,2024-09-26 21:14:48.130102784,9,1.0,0.1,12.179663262499163,[0.03905295 0.96094705],[0.03905295 0.96094705],"[-0.14722222  0.234375    0.4296875   0.35277778  0.234375    0.4296875
  0.92222222  0.29296875  0.48828125  0.33789062 -0.8         0.5       ]",0.7690001530632012,0,0
605,650,2024-09-26 21:14:46.836239872,TASK_BEGIN,19,1.8192400742663304,-0.0584840216793473,-11.50751345898756,2.53060273813736,-0.5648049427856662,0.0980321246643253,12.516498117023117,-1.892707007731624,0,2024-09-26 21:14:48.130101807,1727385288.1301029,2024-09-26 21:14:48.130102784,9,1.0,0.1,12.179663262499163,[0.03905295 0.96094705],[0.03905295 0.96094705],"[-0.14722222  0.234375    0.4296875   0.35277778  0.234375    0.4296875
  0.92222222  0.29296875  0.48828125  0.33789062 -0.8         0.5       ]",0.7690001530632012,0,0
606,651,2024-09-26 21:14:47.785831168,TASK_BEGIN,19,1.7996341207907258,-0.0641619416084035,-11.4922103450059,2.540231795148514,-0.4842619319715942,0.0783493676908134,12.28260664113372,-1.901212326789947,0,2024-09-26 21:14:48.992041016,1727385288.9920418,2024-09-26 21:14:48.992041728,9,0.0,0.1,12.719422310992668,[0.99635955 0.00364045],[0.99635955 0.00364045],"[ 0.11666667  0.234375    0.4296875   0.68611111  0.29296875  0.48828125
  1.          0.          1.          0.33789062  0.8        -0.03333333]",0.6243429243801063,0,0
607,652,2024-09-26 21:14:47.848928000,TASK_BEGIN,19,1.7862234436063669,-0.0699381341056441,-11.538156973343794,2.546480579485856,-0.4109255078547736,0.0617260978285622,12.072901271140388,-1.9062509702473096,0,2024-09-26 21:14:48.992041016,1727385288.9920418,2024-09-26 21:14:48.992041728,9,0.0,0.1,12.719422310992668,[0.99635955 0.00364045],[0.99635955 0.00364045],"[ 0.11666667  0.234375    0.4296875   0.68611111  0.29296875  0.48828125
  1.          0.          1.          0.33789062  0.8        -0.03333333]",0.6243429243801063,0,0
608,653,2024-09-26 21:14:47.919426048,TASK_BEGIN,19,1.7798615344390347,-0.0756368369785633,-11.629025941563354,2.547520787462833,-0.3488545177967616,0.0487294786624995,11.888939769852474,-1.9055749060646627,0,2024-09-26 21:14:48.992041016,1727385288.9920418,2024-09-26 21:14:48.992041728,9,0.0,0.1,12.719422310992668,[0.99635955 0.00364045],[0.99635955 0.00364045],"[ 0.11666667  0.234375    0.4296875   0.68611111  0.29296875  0.48828125
  1.          0.          1.          0.33789062  0.8        -0.03333333]",0.6243429243801063,0,0
609,654,2024-09-26 21:14:47.973204992,TASK_BEGIN,19,1.7809895178713846,-0.0811514333346305,-11.744081453135054,2.542042742956656,-0.3017551142535136,0.0397999287486868,11.731357361855029,-1.8970712828499667,0,2024-09-26 21:14:48.992041016,1727385288.9920418,2024-09-26 21:14:48.992041728,9,0.0,0.1,12.719422310992668,[0.99635955 0.00364045],[0.99635955 0.00364045],"[ 0.11666667  0.234375    0.4296875   0.68611111  0.29296875  0.48828125
  1.          0.          1.          0.33789062  0.8        -0.03333333]",0.6243429243801063,0,0
610,655,2024-09-26 21:14:48.053018112,TASK_BEGIN,19,1.7896908812512673,-0.0864502467254284,-11.859367368133425,2.529203012610398,-0.2728125593347524,0.0352420676381751,11.60209958422656,-1.8792547266575672,0,2024-09-26 21:14:48.992041016,1727385288.9920418,2024-09-26 21:14:48.992041728,9,0.0,0.1,12.719422310992668,[0.99635955 0.00364045],[0.99635955 0.00364045],"[ 0.11666667  0.234375    0.4296875   0.68611111  0.29296875  0.48828125
  1.          0.          1.          0.33789062  0.8        -0.03333333]",0.6243429243801063,0,0
611,656,2024-09-26 21:14:48.110054912,TASK_BEGIN,19,1.805735133740982,-0.0915682691890539,-11.949568955132724,2.50853918254587,-0.264493095214441,0.0352102222036921,11.505650311110015,-1.85158649174376,0,2024-09-26 21:14:48.992041016,1727385288.9920418,2024-09-26 21:14:48.992041728,9,0.0,0.1,12.719422310992668,[0.99635955 0.00364045],[0.99635955 0.00364045],"[ 0.11666667  0.234375    0.4296875   0.68611111  0.29296875  0.48828125
  1.          0.          1.          0.33789062  0.8        -0.03333333]",0.6243429243801063,0,0
612,657,2024-09-26 21:14:48.173488896,TASK_BEGIN,19,1.828578138267668,-0.0965808887630772,-11.9904338105563,2.4798733347969,-0.2783477921693123,0.0396902170865522,11.448917831783774,-1.814582219547856,0,2024-09-26 21:14:49.043041016,1727385289.043041,2024-09-26 21:14:49.043041024,9,0.0,0.1,12.692228087882741,[0.85887771 0.14112229],[0.85887771 0.14112229],"[ 0.10277778  0.234375    0.4296875   0.67222222  0.29296875  0.48828125
  1.          0.          1.          0.35546875  0.9        -0.06666667]",0.4710487081301019,0,0
613,658,2024-09-26 21:14:49.135406080,TASK_BEGIN,19,1.857335066168292,-0.1015652023801867,-11.961186635500228,2.443213545452257,-0.3148887525481283,0.04848790739284,11.440170338790915,-1.7697523610485495,0,2024-09-26 21:14:50.058588135,1727385290.0585885,2024-09-26 21:14:50.058588416,9,0.0,0.1,12.201992030673415,[0.99405358 0.00594642],[0.99405358 0.00594642],"[-0.175       0.234375    0.4296875   0.39444444  0.29296875  0.48828125
  0.89444444  0.1953125   0.390625    0.41210938  1.         -0.13333333]",0.7986658519174019,0,0
614,659,2024-09-26 21:14:49.201209856,TASK_BEGIN,19,1.890771193695576,-0.1065676430943119,-11.846482660591684,2.398718314946992,-0.3735492068720181,0.0612254659454785,11.48739516033848,-1.7193873828676742,0,2024-09-26 21:14:50.058588135,1727385290.0585885,2024-09-26 21:14:50.058588416,9,0.0,0.1,12.201992030673415,[0.99405358 0.00594642],[0.99405358 0.00594642],"[-0.175       0.234375    0.4296875   0.39444444  0.29296875  0.48828125
  0.89444444  0.1953125   0.390625    0.41210938  1.         -0.13333333]",0.7986658519174019,0,0
615,660,2024-09-26 21:14:49.268988928,TASK_BEGIN,19,1.9273197505362547,-0.1115916439406995,-11.637929983545774,2.3468049527356887,-0.4526795625928179,0.077340625698782,11.596358359738533,-1.6662062964134534,0,2024-09-26 21:14:50.159936035,1727385290.1599367,2024-09-26 21:14:50.159936768,9,1.0,0.1,12.158172389263013,[0.01302211 0.98697789],[0.01302211 0.98697789],"[ 0.36666667  0.29296875  0.48828125  0.86666667  0.1953125   0.390625
  1.          0.          1.          0.41601562 -0.8         0.5       ]",0.7225460576663859,0,0
616,661,2024-09-26 21:14:49.335778048,TASK_BEGIN,19,1.96509292013815,-0.1166000484728904,-11.335272795992395,2.288361182413043,-0.5495617593423818,0.0960945058907439,11.768988947916233,-1.612974548774769,0,2024-09-26 21:14:50.767565918,1727385290.767566,2024-09-26 21:14:50.767566080,9,0.0,0.1,11.912971356398181,[0.99885018 0.00114982],[0.99885018 0.00114982],"[0.2        0.29296875 0.48828125 0.7        0.1953125  0.390625
 1.         0.         1.         0.38085938 0.4        0.1       ]",0.4967122439304242,0,0
617,662,2024-09-26 21:14:49.400592896,TASK_BEGIN,19,2.0018681366285973,-0.1215159275427899,-10.946999388210008,2.224921237843269,-0.6605275847092014,0.1166067028590464,12.002853885129806,-1.5622183992031502,0,2024-09-26 21:14:50.817079102,1727385290.8170793,2024-09-26 21:14:50.817079296,9,0.0,0.1,11.893841642834198,[0.97258855 0.02741145],[0.97258855 0.02741145],"[0.18611111 0.29296875 0.48828125 0.68611111 0.1953125  0.390625
 1.         0.         1.         0.390625   0.5        0.06666667]",0.5863987916424526,0,0
618,663,2024-09-26 21:14:49.469377024,TASK_BEGIN,19,2.0350829109359427,-0.1262122872994462,-10.49005919255776,2.158723693825887,-0.7812871652878742,0.137931199997051,12.291866915266398,-1.5160716319020977,0,2024-09-26 21:14:50.817079102,1727385290.8170793,2024-09-26 21:14:50.817079296,9,0.0,0.1,11.893841642834198,[0.97258855 0.02741145],[0.97258855 0.02741145],"[0.18611111 0.29296875 0.48828125 0.68611111 0.1953125  0.390625
 1.         0.         1.         0.390625   0.5        0.06666667]",0.5863987916424526,0,0
619,664,2024-09-26 21:14:49.536163072,TASK_BEGIN,19,2.061900607582788,-0.1304977116561773,-9.988563717393886,2.0926447572865507,-0.90743257096695,0.1591596643559481,12.627375305807544,-1.476178935726718,0,2024-09-26 21:14:50.817079102,1727385290.8170793,2024-09-26 21:14:50.817079296,9,0.0,0.1,11.893841642834198,[0.97258855 0.02741145],[0.97258855 0.02741145],"[0.18611111 0.29296875 0.48828125 0.68611111 0.1953125  0.390625
 1.         0.         1.         0.390625   0.5        0.06666667]",0.5863987916424526,0,0
620,665,2024-09-26 21:14:50.485486080,TASK_BEGIN,19,2.0793956148213044,-0.1341163635939565,-9.471514645128067,2.0300131127054453,-1.0349441985554315,0.179515777216092,12.99849248037726,-1.4435551045949802,0,2024-09-26 21:14:51.425403076,1727385291.4254036,2024-09-26 21:14:51.425403648,9,0.0,0.1,12.500838104369526,[9.99999813e-01 1.87403843e-07],[9.99999813e-01 1.87403843e-07],"[0.01944444 0.29296875 0.48828125 0.51944444 0.1953125  0.390625
 1.         0.         1.         0.33789062 0.2        0.16666667]",0.32886944116588984,0,0
621,666,2024-09-26 21:14:50.552285952,TASK_BEGIN,19,2.084856128930141,-0.1367755068750792,-8.969740239357376,1.9743287290762244,-1.160526646283519,0.1984083091083153,13.391531772880496,-1.4183999475042666,0,2024-09-26 21:14:51.425403076,1727385291.4254036,2024-09-26 21:14:51.425403648,9,0.0,0.1,12.500838104369526,[9.99999813e-01 1.87403843e-07],[9.99999813e-01 1.87403843e-07],"[0.01944444 0.29296875 0.48828125 0.51944444 0.1953125  0.390625
 1.         0.         1.         0.33789062 0.2        0.16666667]",0.32886944116588984,0,0
622,667,2024-09-26 21:14:50.609548032,TASK_BEGIN,19,2.0761406978706005,-0.1381933581494521,-8.512406758506355,1.9289321520920115,-1.281658945851928,0.2154283365856054,13.78952424924286,-1.399984934536339,0,2024-09-26 21:14:52.027489990,1727385292.0274904,2024-09-26 21:14:52.027490304,9,1.0,0.1,12.216705062324388,[0.73105846 0.26894154],[9.99999696e-01 3.03768688e-07],"[-0.14722222  0.29296875  0.48828125  0.35277778  0.1953125   0.390625
  0.85277778  0.1953125   0.390625    0.23828125 -0.8         0.5       ]",0.06521688846759983,0,0
623,668,2024-09-26 21:14:50.685925120,TASK_BEGIN,19,2.0519869641566006,-0.1381441023887591,-8.123761161489462,1.896679041499607,-1.396344229593038,0.230294417290918,14.172720621248764,-1.386717614510889,0,2024-09-26 21:14:52.027489990,1727385292.0274904,2024-09-26 21:14:52.027490304,9,1.0,0.1,12.216705062324388,[0.73105846 0.26894154],[9.99999696e-01 3.03768688e-07],"[-0.14722222  0.29296875  0.48828125  0.35277778  0.1953125   0.390625
  0.85277778  0.1953125   0.390625    0.23828125 -0.8         0.5       ]",0.06521688846759983,0,0
624,669,2024-09-26 21:14:50.748326144,TASK_BEGIN,19,2.0121787882795283,-0.1364821607462666,-7.820922903574164,1.8796810152221368,-1.502732440064661,0.2427765374553215,14.520050906789544,-1.3763913416937996,0,2024-09-26 21:14:52.177455811,1727385292.1774561,2024-09-26 21:14:52.177456128,9,1.0,0.1,12.15086670526829,[0.72283569 0.27716431],[0.97928572 0.02071428],"[ 0.31111111  0.1953125   0.390625    0.81111111  0.1953125   0.390625
  1.          0.          1.          0.19726562 -0.8         0.5       ]",0.125969383687843,0,0
625,670,2024-09-26 21:14:50.810812928,TASK_BEGIN,19,1.9575305832293848,-0.1331453968973994,-7.61317432203268,1.879159432347492,-1.598885405257425,0.2526457511751493,14.811040990707983,-1.3665717708206182,0,2024-09-26 21:14:52.177455811,1727385292.1774561,2024-09-26 21:14:52.177456128,9,1.0,0.1,12.15086670526829,[0.72283569 0.27716431],[0.97928572 0.02071428],"[ 0.31111111  0.1953125   0.390625    0.81111111  0.1953125   0.390625
  1.          0.          1.          0.19726562 -0.8         0.5       ]",0.125969383687843,0,0
626,671,2024-09-26 21:14:50.886242048,TASK_BEGIN,19,1.889722977681417,-0.1281470302424387,-7.502486351929213,1.8954075051600368,-1.6827928979666438,0.2596709607398214,15.02787999887537,-1.3550572275214934,0,2024-09-26 21:14:52.177455811,1727385292.1774561,2024-09-26 21:14:52.177456128,9,1.0,0.1,12.15086670526829,[0.72283569 0.27716431],[0.97928572 0.02071428],"[ 0.31111111  0.1953125   0.390625    0.81111111  0.1953125   0.390625
  1.          0.          1.          0.19726562 -0.8         0.5       ]",0.125969383687843,0,0
627,679,2024-09-26 21:14:53.161716992,TASK_BEGIN,19,1.1960329833032242,-0.0501267531807949,-8.942082461786507,2.4046031625867124,-1.7712206384955231,0.2008478732869788,13.83570699737908,-1.180883419401599,0,2024-09-26 21:14:54.543764160,1727385294.5437646,2024-09-26 21:14:54.543764480,10,1.0,0.1,1.4854222890512436,[0.24067175 0.75932825],[0.24067175 0.75932825],"[ 0.77777778  0.1953125   0.390625    1.          0.          1.
  1.          0.          1.          0.2265625  -0.8         0.5       ]",0.14503106821308526,0,0
628,680,2024-09-26 21:14:53.223113984,TASK_BEGIN,19,1.1316540696676611,-0.0408020754741509,-9.230890641065256,2.4717914871771285,-1.713744820968799,0.1806612143238223,13.509011171457134,-1.1665706012459716,0,2024-09-26 21:14:54.543764160,1727385294.5437646,2024-09-26 21:14:54.543764480,10,1.0,0.1,1.4854222890512436,[0.24067175 0.75932825],[0.24067175 0.75932825],"[ 0.77777778  0.1953125   0.390625    1.          0.          1.
  1.          0.          1.          0.2265625  -0.8         0.5       ]",0.14503106821308526,0,0
629,681,2024-09-26 21:14:53.295354880,TASK_BEGIN,19,1.07997763100946,-0.0331125637855668,-9.51759233616542,2.53107511366656,-1.647720064504194,0.1589385814750902,13.19831821670144,-1.1566789629430052,0,2024-09-26 21:14:54.543764160,1727385294.5437646,2024-09-26 21:14:54.543764480,10,1.0,0.1,1.4854222890512436,[0.24067175 0.75932825],[0.24067175 0.75932825],"[ 0.77777778  0.1953125   0.390625    1.          0.          1.
  1.          0.          1.          0.2265625  -0.8         0.5       ]",0.14503106821308526,0,0
630,682,2024-09-26 21:14:53.348047104,TASK_BEGIN,19,1.042817622162047,-0.0275322917745786,-9.799561648581964,2.581035568558377,-1.576741421260556,0.1364131508556348,12.909177491491604,-1.1500523078653202,0,2024-09-26 21:14:54.543764160,1727385294.5437646,2024-09-26 21:14:54.543764480,10,1.0,0.1,1.4854222890512436,[0.24067175 0.75932825],[0.24067175 0.75932825],"[ 0.77777778  0.1953125   0.390625    1.          0.          1.
  1.          0.          1.          0.2265625  -0.8         0.5       ]",0.14503106821308526,0,0
631,683,2024-09-26 21:14:53.425731840,TASK_BEGIN,19,1.021726414791798,-0.0244693530945768,-10.07477374910344,2.620743856350524,-1.5044323769903831,0.1138609532741164,12.639771759226472,-1.1446692303655412,0,2024-09-26 21:14:54.543764160,1727385294.5437646,2024-09-26 21:14:54.543764480,10,1.0,0.1,1.4854222890512436,[0.24067175 0.75932825],[0.24067175 0.75932825],"[ 0.77777778  0.1953125   0.390625    1.          0.          1.
  1.          0.          1.          0.2265625  -0.8         0.5       ]",0.14503106821308526,0,0
632,684,2024-09-26 21:14:53.496355072,TASK_BEGIN,19,1.0177814850668248,-0.0242138243954952,-10.341371465245276,2.6497350293965187,-1.433977654086637,0.0920195334656895,12.381393347291194,-1.1378214027604632,0,2024-09-26 21:14:54.899672119,1727385294.899672,2024-09-26 21:14:54.899672064,10,0.0,0.1,2.0638571635634455,[0.9325791 0.0674209],[0.9325791 0.0674209],"[ 0.68055556  0.1953125   0.390625    1.          0.          1.
  1.          0.          1.          0.15820312 -0.2         0.3       ]",0.19916611191954697,0,0
633,685,2024-09-26 21:14:53.563144960,TASK_BEGIN,19,1.0312914549590255,-0.0268797242828904,-10.59775241500457,2.6680131335807946,-1.367702418434676,0.0715151047167754,12.119587520204163,-1.1263547339321878,0,2024-09-26 21:14:54.999545166,1727385294.9995453,2024-09-26 21:14:54.999545344,10,0.0,0.1,2.2217864060085333,[0.97439427 0.02560573],[0.97439427 0.02560573],"[0.65277778 0.1953125  0.390625   1.         0.         1.
 1.         0.         1.         0.15625    0.         0.23333333]",0.27174488959294996,0,0
634,686,2024-09-26 21:14:54.512285952,TASK_BEGIN,19,1.06155764627077,-0.0323571322267041,-10.842999420415255,2.676082019148572,-1.306785578921627,0.0528134276010872,11.835991120614748,-1.1069699884425224,0,2024-09-26 21:14:55.604931152,1727385295.6049316,2024-09-26 21:14:55.604931584,10,0.0,0.1,3.1055091413092217,[0.98846765 0.01153235],[0.98846765 0.01153235],"[ 0.48611111  0.1953125   0.390625    0.98611111  0.234375    0.4296875
  1.          0.          1.          0.30273438  1.         -0.16666667]",0.44363171108678034,0,0
635,687,2024-09-26 21:14:54.579055104,TASK_BEGIN,19,1.1068243041769976,-0.0402955949948449,-11.077147622752411,2.674957022201084,-1.2511954140537294,0.0362050554558759,11.510979583326714,-1.076597025701187,0,2024-09-26 21:14:55.604931152,1727385295.6049316,2024-09-26 21:14:55.604931584,10,0.0,0.1,3.1055091413092217,[0.98846765 0.01153235],[0.98846765 0.01153235],"[ 0.48611111  0.1953125   0.390625    0.98611111  0.234375    0.4296875
  1.          0.          1.          0.30273438  1.         -0.16666667]",0.44363171108678034,0,0
636,688,2024-09-26 21:14:54.645831936,TASK_BEGIN,19,1.1644466900457615,-0.0501277167008119,-11.300915353380942,2.6661269929020235,-1.1998629111490715,0.0218230947026992,11.126982541692206,-1.0328206162516986,0,2024-09-26 21:14:55.604931152,1727385295.6049316,2024-09-26 21:14:55.604931584,10,0.0,0.1,3.1055091413092217,[0.98846765 0.01153235],[0.98846765 0.01153235],"[ 0.48611111  0.1953125   0.390625    0.98611111  0.234375    0.4296875
  1.          0.          1.          0.30273438  1.         -0.16666667]",0.44363171108678034,0,0
637,689,2024-09-26 21:14:54.700814848,TASK_BEGIN,19,1.231206641816339,-0.0611289026899266,-11.515097399009791,2.651478575204443,-1.15099648247492,0.0096725270759164,10.671810141709516,-0.9742541705085288,0,2024-09-26 21:14:55.604931152,1727385295.6049316,2024-09-26 21:14:55.604931584,10,0.0,0.1,3.1055091413092217,[0.98846765 0.01153235],[0.98846765 0.01153235],"[ 0.48611111  0.1953125   0.390625    0.98611111  0.234375    0.4296875
  1.          0.          1.          0.30273438  1.         -0.16666667]",0.44363171108678034,0,0
638,690,2024-09-26 21:14:54.779458048,TASK_BEGIN,19,1.3036841716138332,-0.0725079294501369,-11.720121168945075,2.633186657902743,-1.1024251330522234,-0.000351113697524,10.140868128667003,-0.9007130110566752,0,2024-09-26 21:14:55.859932861,1727385295.8599334,2024-09-26 21:14:55.859933440,10,0.0,0.1,3.4434077942585635,[9.99042282e-01 9.57718147e-04],[9.99042282e-01 9.57718147e-04],"[ 0.41666667  0.1953125   0.390625    0.91666667  0.234375    0.4296875
  1.          0.          1.          0.265625   -0.6         0.43333333]",0.3408079042786813,0,0
639,691,2024-09-26 21:14:54.840967168,TASK_BEGIN,19,1.3786176788265956,-0.0835178970317843,-11.915918349920537,2.6135422520852813,-1.0519336676318296,-0.0084539711104023,9.537401547888267,-0.8131212052768149,0,2024-09-26 21:14:55.859932861,1727385295.8599334,2024-09-26 21:14:55.859933440,10,0.0,0.1,3.4434077942585635,[9.99042282e-01 9.57718147e-04],[9.99042282e-01 9.57718147e-04],"[ 0.41666667  0.1953125   0.390625    0.91666667  0.234375    0.4296875
  1.          0.          1.          0.265625   -0.6         0.43333333]",0.3408079042786813,0,0
640,692,2024-09-26 21:14:54.911516160,TASK_BEGIN,19,1.4531998314345087,-0.0935610627253368,-12.101750179379229,2.594679360179797,-0.997604466150032,-0.0149292654554345,8.871096657867039,-0.7132588587143536,0,2024-09-26 21:14:55.859932861,1727385295.8599334,2024-09-26 21:14:55.859933440,10,0.0,0.1,3.4434077942585635,[9.99042282e-01 9.57718147e-04],[9.99042282e-01 9.57718147e-04],"[ 0.41666667  0.1953125   0.390625    0.91666667  0.234375    0.4296875
  1.          0.          1.          0.265625   -0.6         0.43333333]",0.3408079042786813,0,0
641,693,2024-09-26 21:14:55.847430912,TASK_BEGIN,19,1.525261509647856,-0.1022560873446502,-12.275633280676727,2.5782018557047017,-0.9381435666015292,-0.0201253512960377,8.156500233132531,-0.6035580364736273,0,2024-09-26 21:14:57.287100098,1727385297.2871003,2024-09-26 21:14:57.287100416,10,0.0,0.1,5.873778926733201,[9.99999463e-01 5.37143361e-07],[9.99999463e-01 5.37143361e-07],"[0.02777778 0.1953125  0.390625   0.52777778 0.234375   0.4296875
 1.         0.         1.         0.265625   0.5        0.06666667]",0.35576777458662334,0,0
642,694,2024-09-26 21:14:55.928431872,TASK_BEGIN,19,1.5933121054906765,-0.1094535739450734,-12.43365725875936,2.5648355483326286,-0.8731004952888121,-0.0244048019652738,7.4126245275421265,-0.4870902929233522,0,2024-09-26 21:14:57.338188965,1727385297.3381898,2024-09-26 21:14:57.338189824,10,0.0,0.1,5.9150411374658685,[9.99997487e-01 2.51307484e-06],[9.99997487e-01 2.51307484e-06],"[0.01388889 0.1953125  0.390625   0.51388889 0.234375   0.4296875
 1.         0.         1.         0.27734375 0.6        0.03333333]",0.40456641131151555,0,0
643,695,2024-09-26 21:14:55.994063104,TASK_BEGIN,19,1.6564551119270374,-0.1152089089530211,-12.569915717241326,2.554301767666953,-0.802902204636369,-0.0281075793421164,6.663817745574583,-0.3677172980231539,0,2024-09-26 21:14:57.338188965,1727385297.3381898,2024-09-26 21:14:57.338189824,10,0.0,0.1,5.9150411374658685,[9.99997487e-01 2.51307484e-06],[9.99997487e-01 2.51307484e-06],"[0.01388889 0.1953125  0.390625   0.51388889 0.234375   0.4296875
 1.         0.         1.         0.27734375 0.6        0.03333333]",0.40456641131151555,0,0
644,696,2024-09-26 21:14:56.063016192,TASK_BEGIN,19,1.7142636141193115,-0.1197334089751486,-12.677219286369528,2.5454469677168583,-0.7287238409630019,-0.031522744298004,5.94062406305663,-0.2502173477647358,0,2024-09-26 21:14:57.490510986,1727385297.4905117,2024-09-26 21:14:57.490511616,10,0.0,0.1,6.036368500641994,[9.99965205e-01 3.47950458e-05],[9.99965205e-01 3.47950458e-05],"[-0.02777778  0.1953125   0.390625    0.47222222  0.234375    0.4296875
  0.97222222  0.234375    0.4296875   0.32421875  0.9        -0.06666667]",0.5175909910745559,0,0
645,697,2024-09-26 21:14:56.125766144,TASK_BEGIN,19,1.766706164342343,-0.1233424955136175,-12.748021948298373,2.5364663681688224,-0.6522876349148408,-0.0348692265847939,5.279248807008707,-0.1401936323190238,0,2024-09-26 21:14:57.540513916,1727385297.540514,2024-09-26 21:14:57.540514048,10,0.0,0.1,6.0760048156355735,[9.99334962e-01 6.65038387e-04],[9.99334962e-01 6.65038387e-04],"[-0.04166667  0.1953125   0.390625    0.45833333  0.234375    0.4296875
  0.95833333  0.234375    0.4296875   0.34375     1.         -0.1       ]",0.6532785523003701,0,0
646,698,2024-09-26 21:14:56.196609024,TASK_BEGIN,19,1.814146681964316,-0.1264106955206453,-12.775155440048504,2.5251144990932346,-0.5756519095213111,-0.0382890423058555,4.719444557248378,-0.0437445542128922,0,2024-09-26 21:14:57.590821045,1727385297.5908213,2024-09-26 21:14:57.590821376,10,0.0,0.1,6.115244767479218,[0.99059441 0.00940559],[0.99059441 0.00940559],"[-0.05555556  0.1953125   0.390625    0.44444444  0.234375    0.4296875
  0.94444444  0.234375    0.4296875   0.36328125  1.         -0.13333333]",0.7366549996654606,1,1
647,699,2024-09-26 21:14:56.260436992,TASK_BEGIN,19,1.857348373915217,-0.1293329747884337,-12.752531911342318,2.508951792165736,-0.5010223844296512,-0.0418533617589154,4.301475167525238,0.0329917245858286,0,2024-09-26 21:14:57.590821045,1727385297.5908213,2024-09-26 21:14:57.590821376,10,0.0,0.1,6.115244767479218,[0.99059441 0.00940559],[0.99059441 0.00940559],"[-0.05555556  0.1953125   0.390625    0.44444444  0.234375    0.4296875
  0.94444444  0.234375    0.4296875   0.36328125  1.         -0.13333333]",0.7366549996654606,1,1
648,700,2024-09-26 21:14:57.209470976,TASK_BEGIN,19,1.8973559645793567,-0.1324806448745811,-12.6760201939684,2.4856669704682526,-0.430630250079671,-0.045572059427846,4.06235668775294,0.0843754237666046,0,2024-09-26 21:14:58.648571045,1727385298.6485713,2024-09-26 21:14:58.648571136,10,0.0,1.0,7.7544054270095595,[0.96935016 0.03064984],[0.96935016 0.03064984],"[ 0.15277778  0.234375    0.4296875   0.65277778  0.234375    0.4296875
  1.          0.          1.          0.33789062  0.8        -0.03333333]",0.6472323701380579,1,1
649,701,2024-09-26 21:14:57.279796992,TASK_BEGIN,19,1.935201960045175,-0.136141006118069,-12.544349386353268,2.453412254616085,-0.3666862031214969,-0.0493973267581456,4.031184217683536,0.1059212298587575,0,2024-09-26 21:14:58.648571045,1727385298.6485713,2024-09-26 21:14:58.648571136,10,0.0,1.0,7.7544054270095595,[0.96935016 0.03064984],[0.96935016 0.03064984],"[ 0.15277778  0.234375    0.4296875   0.65277778  0.234375    0.4296875
  1.          0.          1.          0.33789062  0.8        -0.03333333]",0.6472323701380579,1,1
650,702,2024-09-26 21:14:57.332602112,TASK_BEGIN,19,1.971542063182233,-0.1404533432941778,-12.359663253012332,2.411071629260157,-0.3113460642467232,-0.0532248220073179,4.224208161629392,0.0949900423182816,0,2024-09-26 21:14:58.648571045,1727385298.6485713,2024-09-26 21:14:58.648571136,10,0.0,1.0,7.7544054270095595,[0.96935016 0.03064984],[0.96935016 0.03064984],"[ 0.15277778  0.234375    0.4296875   0.65277778  0.234375    0.4296875
  1.          0.          1.          0.33789062  0.8        -0.03333333]",0.6472323701380579,1,1
651,703,2024-09-26 21:14:57.410785792,TASK_BEGIN,19,2.0063894416559798,-0.1453744262069594,-12.127370549816703,2.3584180908137204,-0.2666263623253645,-0.0569017756161516,4.641422524640682,0.0512465246323204,0,2024-09-26 21:14:58.648571045,1727385298.6485713,2024-09-26 21:14:58.648571136,10,0.0,1.0,7.7544054270095595,[0.96935016 0.03064984],[0.96935016 0.03064984],"[ 0.15277778  0.234375    0.4296875   0.65277778  0.234375    0.4296875
  1.          0.          1.          0.33789062  0.8        -0.03333333]",0.6472323701380579,1,1
652,704,2024-09-26 21:14:57.474512896,TASK_BEGIN,19,2.039032152510373,-0.1506931942267881,-11.855206145964646,2.296121320441499,-0.2342785084729552,-0.0602431296711594,5.266147701709173,-0.0233463480055695,0,2024-09-26 21:14:58.648571045,1727385298.6485713,2024-09-26 21:14:58.648571136,10,0.0,1.0,7.7544054270095595,[0.96935016 0.03064984],[0.96935016 0.03064984],"[ 0.15277778  0.234375    0.4296875   0.65277778  0.234375    0.4296875
  1.          0.          1.          0.33789062  0.8        -0.03333333]",0.6472323701380579,1,1
653,705,2024-09-26 21:14:57.546988032,TASK_BEGIN,19,2.0681213491773134,-0.1560833850484524,-11.551907929259444,2.2256065983946107,-0.2156592388248193,-0.0630510401735043,6.067402283185234,-0.1249188778722582,0,2024-09-26 21:14:58.648571045,1727385298.6485713,2024-09-26 21:14:58.648571136,10,0.0,1.0,7.7544054270095595,[0.96935016 0.03064984],[0.96935016 0.03064984],"[ 0.15277778  0.234375    0.4296875   0.65277778  0.234375    0.4296875
  1.          0.          1.          0.33789062  0.8        -0.03333333]",0.6472323701380579,1,1
654,706,2024-09-26 21:14:57.613789952,TASK_BEGIN,19,2.09189953780727,-0.1611712155946054,-11.226205584485616,2.148851459444204,-0.2116201831982353,-0.0651346770064539,7.003558576435665,-0.2481935394746643,0,2024-09-26 21:14:58.648571045,1727385298.6485713,2024-09-26 21:14:58.648571136,10,0.0,1.0,7.7544054270095595,[0.96935016 0.03064984],[0.96935016 0.03064984],"[ 0.15277778  0.234375    0.4296875   0.65277778  0.234375    0.4296875
  1.          0.          1.          0.33789062  0.8        -0.03333333]",0.6472323701380579,1,1
655,707,2024-09-26 21:14:58.532889856,TASK_BEGIN,19,2.1085341604264958,-0.1656034949156405,-10.886490611498695,2.068207601945894,-0.2224516727864857,-0.0663232585348488,8.026093569613344,-0.386940005658719,0,2024-09-26 21:14:59.499540039,1727385299.4995403,2024-09-26 21:14:59.499540224,10,1.0,0.1,8.107091339597819,[0.33027978 0.66972022],[0.14654003 0.85345997],"[-0.08333333  0.234375    0.4296875   0.41666667  0.234375    0.4296875
  0.99166667  0.25390625  0.44921875  0.15625    -0.8         0.5       ]",0.08931677408288795,1,1
656,708,2024-09-26 21:14:58.601519104,TASK_BEGIN,19,2.116488754158306,-0.1691115616078257,-10.541003185432784,1.9862608373464965,-0.2479083576183025,-0.0664635419777306,9.083174671970678,-0.5344276820856245,0,2024-09-26 21:14:59.499540039,1727385299.4995403,2024-09-26 21:14:59.499540224,10,1.0,0.1,8.107091339597819,[0.33027978 0.66972022],[0.14654003 0.85345997],"[-0.08333333  0.234375    0.4296875   0.41666667  0.234375    0.4296875
  0.99166667  0.25390625  0.44921875  0.15625    -0.8         0.5       ]",0.08931677408288795,1,1
657,709,2024-09-26 21:14:58.667540992,TASK_BEGIN,19,2.1148456980478505,-0.1715686923855968,-10.198250828373418,1.9057176959436932,-0.28727300851697,-0.0654070290205235,10.123199603050804,-0.6839345671289383,0,2024-09-26 21:14:59.850910889,1727385299.8509111,2024-09-26 21:14:59.850911232,10,1.0,0.1,8.235685430886083,[0.6172046 0.3827954],[0.73884998 0.26115002],"[-0.18055556  0.234375    0.4296875   0.31944444  0.234375    0.4296875
  0.89444444  0.25390625  0.44921875  0.04882812 -0.8         0.5       ]",0.04911136121554508,1,1
658,710,2024-09-26 21:14:58.729165056,TASK_BEGIN,19,2.1034972472830837,-0.1730273958938579,-9.86739687519574,1.8292930113534,-0.3394105637859488,-0.0629999044985245,11.09838833535421,-0.8292907693956666,0,2024-09-26 21:14:59.850910889,1727385299.8509111,2024-09-26 21:14:59.850911232,10,1.0,0.1,8.235685430886083,[0.6172046 0.3827954],[0.73884998 0.26115002],"[-0.18055556  0.234375    0.4296875   0.31944444  0.234375    0.4296875
  0.89444444  0.25390625  0.44921875  0.04882812 -0.8         0.5       ]",0.04911136121554508,1,1
659,711,2024-09-26 21:14:58.803735040,TASK_BEGIN,19,2.083139016636256,-0.1737124448543235,-9.558193502938312,1.759540443101954,-0.4028464630119345,-0.0590754041926674,11.968335236553171,-0.9653634526230114,0,2024-09-26 21:14:59.850910889,1727385299.8509111,2024-09-26 21:14:59.850911232,10,1.0,0.1,8.235685430886083,[0.6172046 0.3827954],[0.73884998 0.26115002],"[-0.18055556  0.234375    0.4296875   0.31944444  0.234375    0.4296875
  0.89444444  0.25390625  0.44921875  0.04882812 -0.8         0.5       ]",0.04911136121554508,1,1
660,712,2024-09-26 21:14:58.870547200,TASK_BEGIN,19,2.0550792624524377,-0.1739619939680447,-9.280219653121408,1.698641567156779,-0.4758915107734605,-0.053442287887902,12.70310040708999,-1.0883710022306814,0,2024-09-26 21:14:59.850910889,1727385299.8509111,2024-09-26 21:14:59.850911232,10,1.0,0.1,8.235685430886083,[0.6172046 0.3827954],[0.73884998 0.26115002],"[-0.18055556  0.234375    0.4296875   0.31944444  0.234375    0.4296875
  0.89444444  0.25390625  0.44921875  0.04882812 -0.8         0.5       ]",0.04911136121554508,1,1
661,713,2024-09-26 21:14:58.937233920,TASK_BEGIN,19,2.0209869864391203,-0.1741414997978705,-9.04179102274546,1.6482707823039944,-0.5567520905508098,-0.0458767701320158,13.285181760393192,-1.1959683901857563,0,2024-09-26 21:14:59.850910889,1727385299.8509111,2024-09-26 21:14:59.850911232,10,1.0,0.1,8.235685430886083,[0.6172046 0.3827954],[0.73884998 0.26115002],"[-0.18055556  0.234375    0.4296875   0.31944444  0.234375    0.4296875
  0.89444444  0.25390625  0.44921875  0.04882812 -0.8         0.5       ]",0.04911136121554508,1,1
662,716,2024-09-26 21:15:00.019363072,TASK_BEGIN,19,1.901721187788368,-0.1768774091956556,-8.609429565270723,1.568698624901555,-0.8279467194470728,-0.0091286189637487,14.123990734792011,-1.4216491151403372,0,2024-09-26 21:15:01.453404053,1727385301.4534044,2024-09-26 21:15:01.453404416,11,1.0,0.1,0.1,[0.36516878 0.63483122],[0.36516878 0.63483122],"[ 0.98611111  0.33203125  0.52734375  1.          0.          1.
  1.          0.          1.          0.4609375  -0.8         0.5       ]",0.03335912668913723,0,0
663,717,2024-09-26 21:15:00.083483904,TASK_BEGIN,19,1.8634734791906749,-0.1788486708773681,-8.55681785546536,1.5653248931985024,-0.9222126697987652,0.0085162242817738,14.153626023322415,-1.4679993805922966,0,2024-09-26 21:15:01.502395996,1727385301.5023968,2024-09-26 21:15:01.502396928,11,1.0,0.1,0.199,[0.35023645 0.64976355],[0.35023645 0.64976355],"[ 0.97222222  0.33203125  0.52734375  1.          0.          1.
  1.          0.          1.          0.4453125  -0.8         0.5       ]",0.04168484931461437,0,0
664,718,2024-09-26 21:15:00.153264896,TASK_BEGIN,19,1.8299898862754276,-0.1812666059041086,-8.53735619509155,1.5710571708702663,-1.0162101831883057,0.0290786227616209,14.101172509756672,-1.5035562197043943,0,2024-09-26 21:15:01.502395996,1727385301.5023968,2024-09-26 21:15:01.502396928,11,1.0,0.1,0.199,[0.35023645 0.64976355],[0.35023645 0.64976355],"[ 0.97222222  0.33203125  0.52734375  1.          0.          1.
  1.          0.          1.          0.4453125  -0.8         0.5       ]",0.04168484931461437,0,0
665,719,2024-09-26 21:15:00.220071936,TASK_BEGIN,19,1.803726190747761,-0.183971122970868,-8.537269916154269,1.5833626033714416,-1.1092080350289433,0.0525707677571314,13.996298918455366,-1.5310241128088602,0,2024-09-26 21:15:01.655395996,1727385301.6553967,2024-09-26 21:15:01.655396608,11,1.0,0.1,0.490099501,[0.32607315 0.67392685],[0.32607315 0.67392685],"[ 0.93055556  0.33203125  0.52734375  1.          0.          1.
  1.          0.          1.          0.3984375  -0.8         0.5       ]",0.05468282715611174,0,0
666,720,2024-09-26 21:15:00.286912000,TASK_BEGIN,19,1.786826147536574,-0.1867409283779386,-8.540779365950465,1.5995131169959595,-1.2007778815649923,0.0788837258547648,13.866880483586398,-1.5528864900890356,0,2024-09-26 21:15:01.706396973,1727385301.706398,2024-09-26 21:15:01.706397952,11,1.0,0.1,0.58519850599,[0.31842926 0.68157074],[0.31842926 0.68157074],"[ 0.91666667  0.33203125  0.52734375  1.          0.          1.
  1.          0.          1.          0.3828125  -0.8         0.5       ]",0.05969444499297539,0,0
667,721,2024-09-26 21:15:01.233022976,TASK_BEGIN,19,1.780833407945457,-0.1893033658829939,-8.532233700830622,1.616992137857736,-1.2905082651972728,0.1077374016976554,13.736724250728754,-1.5711086720961465,0,2024-09-26 21:15:02.263397949,1727385302.263399,2024-09-26 21:15:02.263398912,11,1.0,0.1,1.5705680661607313,[0.66608853 0.33391147],[0.84527334 0.15472666],"[ 0.76388889  0.33203125  0.52734375  1.          0.          1.
  1.          0.          1.          0.21875    -0.8         0.5       ]",0.04472253953631113,0,0
668,722,2024-09-26 21:15:01.299770112,TASK_BEGIN,19,1.786499332018295,-0.191356203843018,-8.498090551975421,1.6337961683138205,-1.3777249074521245,0.1386411065238462,13.624536413414685,-1.587032544622715,0,2024-09-26 21:15:02.263397949,1727385302.263399,2024-09-26 21:15:02.263398912,11,1.0,0.1,1.5705680661607313,[0.66608853 0.33391147],[0.84527334 0.15472666],"[ 0.76388889  0.33203125  0.52734375  1.          0.          1.
  1.          0.          1.          0.21875    -0.8         0.5       ]",0.04472253953631113,0,0
669,723,2024-09-26 21:15:01.357139200,TASK_BEGIN,19,1.8037528221622243,-0.1926002166228912,-8.428775690971094,1.6486503993097723,-1.4613726034081636,0.1708870968027461,13.543887737769328,-1.601440892679056,0,2024-09-26 21:15:02.263397949,1727385302.263399,2024-09-26 21:15:02.263398912,11,1.0,0.1,1.5705680661607313,[0.66608853 0.33391147],[0.84527334 0.15472666],"[ 0.76388889  0.33203125  0.52734375  1.          0.          1.
  1.          0.          1.          0.21875    -0.8         0.5       ]",0.04472253953631113,0,0
670,724,2024-09-26 21:15:01.434839808,TASK_BEGIN,19,1.8318142223648053,-0.192775568527679,-8.320423950347147,1.6611933297484185,-1.5400606271593351,0.2035770813962681,13.503847376419907,-1.614730765594385,0,2024-09-26 21:15:02.462892090,1727385302.462892,2024-09-26 21:15:02.462892032,11,1.0,0.1,1.902721317787415,[0.72149451 0.27850549],[0.97594349 0.02405651],"[ 0.70833333  0.33203125  0.52734375  1.          0.          1.
  1.          0.          1.          0.15820312 -0.8         0.5       ]",0.043383029651459286,0,0
671,725,2024-09-26 21:15:01.496352000,TASK_BEGIN,19,1.869355462175576,-0.1916896343894814,-8.176015378733975,1.6721078121129886,-1.61220165046996,0.235676605362977,13.509958181953277,-1.627106573115004,0,2024-09-26 21:15:02.462892090,1727385302.462892,2024-09-26 21:15:02.462892032,11,1.0,0.1,1.902721317787415,[0.72149451 0.27850549],[0.97594349 0.02405651],"[ 0.70833333  0.33203125  0.52734375  1.          0.          1.
  1.          0.          1.          0.15820312 -0.8         0.5       ]",0.043383029651459286,0,0
672,726,2024-09-26 21:15:01.559238144,TASK_BEGIN,19,1.914621861815621,-0.189226364966629,-8.00526875431326,1.6830821663816016,-1.67619622619563,0.2660962551581943,13.565161839998092,-1.6387197495803654,0,2024-09-26 21:15:02.462892090,1727385302.462892,2024-09-26 21:15:02.462892032,11,1.0,0.1,1.902721317787415,[0.72149451 0.27850549],[0.97594349 0.02405651],"[ 0.70833333  0.33203125  0.52734375  1.          0.          1.
  1.          0.          1.          0.15820312 -0.8         0.5       ]",0.043383029651459286,0,0
673,727,2024-09-26 21:15:01.636935936,TASK_BEGIN,19,1.965516778368996,-0.1853406177768927,-7.823217769191389,1.696523860366553,-1.730598026991916,0.2937855145877925,13.67037825225706,-1.6497405292138707,0,2024-09-26 21:15:02.564562988,1727385302.5645635,2024-09-26 21:15:02.564563456,11,1.0,0.1,2.0638571635634455,[0.73097515 0.26902485],[9.99787849e-01 2.12150982e-04],"[ 0.68055556  0.33203125  0.52734375  1.          0.          1.
  1.          0.          1.          0.12890625 -0.8         0.5       ]",0.03879583022379475,0,0
674,728,2024-09-26 21:15:02.587170048,TASK_BEGIN,19,2.0196936055571477,-0.180048024926709,-7.648006272132112,1.7150945625476464,-1.774178654788567,0.31781268890593,13.824584042541238,-1.6603800496426202,0,2024-09-26 21:15:03.574940918,1727385303.5749412,2024-09-26 21:15:03.574941184,11,0.0,-0.5,-1.6799914346655693,[0.90610686 0.09389314],[0.90610686 0.09389314],"[ 0.40277778  0.33203125  0.52734375  0.90277778  0.21484375  0.41015625
  1.          0.          1.         -0.09179688 -0.2         0.3       ]",0.2153343670703379,1,2
675,729,2024-09-26 21:15:02.653969920,TASK_BEGIN,19,2.074658481478732,-0.1734129228331659,-7.498531446014213,1.7412336482037645,-1.8058828210128843,0.3374178160950574,14.024430712128694,-1.6708930222181622,0,2024-09-26 21:15:03.574940918,1727385303.5749412,2024-09-26 21:15:03.574941184,11,0.0,-0.5,-1.6799914346655693,[0.90610686 0.09389314],[0.90610686 0.09389314],"[ 0.40277778  0.33203125  0.52734375  0.90277778  0.21484375  0.41015625
  1.          0.          1.         -0.09179688 -0.2         0.3       ]",0.2153343670703379,1,2
676,730,2024-09-26 21:15:02.720435968,TASK_BEGIN,19,2.1278388660176466,-0.1655289497118486,-7.392416705788532,1.7768254243980302,-1.8247526562733845,0.3520463309061353,14.26374409014932,-1.6815909478767237,0,2024-09-26 21:15:03.574940918,1727385303.5749412,2024-09-26 21:15:03.574941184,11,0.0,-0.5,-1.6799914346655693,[0.90610686 0.09389314],[0.90610686 0.09389314],"[ 0.40277778  0.33203125  0.52734375  0.90277778  0.21484375  0.41015625
  1.          0.          1.         -0.09179688 -0.2         0.3       ]",0.2153343670703379,1,2
677,731,2024-09-26 21:15:02.781976064,TASK_BEGIN,19,2.1766089126945087,-0.1564928552868022,-7.344574640550297,1.8230670408424607,-1.8299056894569068,0.3613748399173765,14.533330501628246,-1.692863498113937,0,2024-09-26 21:15:03.829961914,1727385303.829963,2024-09-26 21:15:03.829963008,11,0.0,-0.5,-4.048152643284182,[0.7543595 0.2456405],[0.7543595 0.2456405],"[ 0.33333333  0.33203125  0.52734375  0.83333333  0.21484375  0.41015625
  1.          0.          1.         -0.12109375 -0.7         0.46666667]",0.2009892707547669,1,2
678,732,2024-09-26 21:15:02.843066880,TASK_BEGIN,19,2.218350901451376,-0.1463860110590605,-7.366332761192348,1.8804775633561808,-1.8205963355037376,0.3653317135060999,14.821295766568849,-1.705184628018546,0,2024-09-26 21:15:03.829961914,1727385303.829963,2024-09-26 21:15:03.829963008,11,0.0,-0.5,-4.048152643284182,[0.7543595 0.2456405],[0.7543595 0.2456405],"[ 0.33333333  0.33203125  0.52734375  0.83333333  0.21484375  0.41015625
  1.          0.          1.         -0.12109375 -0.7         0.46666667]",0.2009892707547669,1,2
679,733,2024-09-26 21:15:02.921170944,TASK_BEGIN,19,2.250631286246301,-0.1352818149359193,-7.4651085096026994,1.948963036231568,-1.7963494739910035,0.3641064437392107,15.113764888991636,-1.7190795047779812,0,2024-09-26 21:15:03.829961914,1727385303.829963,2024-09-26 21:15:03.829963008,11,0.0,-0.5,-4.048152643284182,[0.7543595 0.2456405],[0.7543595 0.2456405],"[ 0.33333333  0.33203125  0.52734375  0.83333333  0.21484375  0.41015625
  1.          0.          1.         -0.12109375 -0.7         0.46666667]",0.2009892707547669,1,2
680,734,2024-09-26 21:15:02.987972864,TASK_BEGIN,19,2.271456640465696,-0.1232804562129883,-7.6447168551720015,2.027904442979894,-1.757142969266785,0.3581383805642414,15.395588662296856,-1.7350011006766204,0,2024-09-26 21:15:03.880961914,1727385303.8809628,2024-09-26 21:15:03.880962816,11,0.0,-0.5,-4.50767111685134,[0.64611375 0.35388625],[0.64611375 0.35388625],"[ 0.31944444  0.33203125  0.52734375  0.81944444  0.21484375  0.41015625
  1.          0.          1.         -0.1328125  -0.6         0.43333333]",0.09487534300895442,1,2
681,738,2024-09-26 21:15:04.112412160,TASK_BEGIN,19,2.2261122336706647,-0.0711279048350305,-9.145271158562446,2.4219997213172166,-1.4765899702929104,0.3022222487286886,16.069565387058233,-1.8090838676012344,0,2024-09-26 21:15:05.536387939,1727385305.5363882,2024-09-26 21:15:05.536388096,12,1.0,0.1,0.199,[0.25692739 0.74307261],[0.25692739 0.74307261],"[ 0.97222222  0.1953125   0.390625    1.          0.          1.
  1.          0.          1.          0.4453125  -0.8         0.5       ]",0.12171393338766126,0,0
682,739,2024-09-26 21:15:04.179213056,TASK_BEGIN,19,2.1862117508159558,-0.059009890872517,-9.681685098533675,2.530769382640761,-1.3899297378575464,0.2850330218294558,16.024851103524966,-1.819603882632063,0,2024-09-26 21:15:05.536387939,1727385305.5363882,2024-09-26 21:15:05.536388096,12,1.0,0.1,0.199,[0.25692739 0.74307261],[0.25692739 0.74307261],"[ 0.97222222  0.1953125   0.390625    1.          0.          1.
  1.          0.          1.          0.4453125  -0.8         0.5       ]",0.12171393338766126,0,0
683,740,2024-09-26 21:15:04.234258688,TASK_BEGIN,19,2.138726711005288,-0.0481842782266693,-10.25684441015914,2.6389632237422327,-1.3051598651985914,0.2685326726923611,15.855899710060152,-1.8199877586080373,0,2024-09-26 21:15:05.536387939,1727385305.5363882,2024-09-26 21:15:05.536388096,12,1.0,0.1,0.199,[0.25692739 0.74307261],[0.25692739 0.74307261],"[ 0.97222222  0.1953125   0.390625    1.          0.          1.
  1.          0.          1.          0.4453125  -0.8         0.5       ]",0.12171393338766126,0,0
684,741,2024-09-26 21:15:04.312407040,TASK_BEGIN,19,2.0863009463829107,-0.0390527151489937,-10.853700905782311,2.7439736594298405,-1.2272194917571269,0.2535728452967392,15.552168425684094,-1.806833537676419,0,2024-09-26 21:15:05.536387939,1727385305.5363882,2024-09-26 21:15:05.536388096,12,1.0,0.1,0.199,[0.25692739 0.74307261],[0.25692739 0.74307261],"[ 0.97222222  0.1953125   0.390625    1.          0.          1.
  1.          0.          1.          0.4453125  -0.8         0.5       ]",0.12171393338766126,0,0
685,742,2024-09-26 21:15:05.258063104,TASK_BEGIN,19,2.031675304702337,-0.0319125836054779,-11.455395508857082,2.843357782085554,-1.1609423247879926,0.2408719598976211,15.113148108937688,-1.7776818727762398,0,2024-09-26 21:15:06.656229980,1727385306.6562304,2024-09-26 21:15:06.656230400,12,0.0,0.1,2.1432185919278113,[0.94930969 0.05069031],[0.94930969 0.05069031],"[ 0.66666667  0.1953125   0.390625    1.          0.          1.
  1.          0.          1.          0.15625    -0.1         0.26666667]",0.22048955741045076,0,0
686,743,2024-09-26 21:15:05.319924992,TASK_BEGIN,19,1.977491422850361,-0.0269312312603033,-12.047079491701597,2.9351387798429527,-1.110751208697992,0.2310091448770584,14.548901141792818,-1.7311928631557811,0,2024-09-26 21:15:06.758230957,1727385306.758231,2024-09-26 21:15:06.758231040,12,0.0,0.1,2.299568541948448,[0.99095091 0.00904909],[0.99095091 0.00904909],"[0.63888889 0.1953125  0.390625   1.         0.         1.
 1.         0.         1.         0.15820312 0.1        0.2       ]",0.31796876213595554,0,0
687,744,2024-09-26 21:15:05.395469056,TASK_BEGIN,19,1.9260933921818564,-0.0241334742113588,-12.61739468757619,3.0180774518823803,-1.0803789879361796,0.2244278020397526,13.878819028316675,-1.667079470908595,0,2024-09-26 21:15:06.809232910,1727385306.8092334,2024-09-26 21:15:06.809233408,12,0.0,0.1,2.3765728565289637,[0.99702639 0.00297361],[0.99702639 0.00297361],"[0.625      0.1953125  0.390625   1.         0.         1.
 1.         0.         1.         0.16210938 0.2        0.16666667]",0.3412977261914172,0,0
688,745,2024-09-26 21:15:05.462256896,TASK_BEGIN,19,1.87936803029735,-0.0234090002331798,-13.15931445449381,3.0918419097818988,-1.0725890195639889,0.2214318328317654,13.129721226017104,-1.5859992068930822,0,2024-09-26 21:15:06.860230957,1727385306.8602316,2024-09-26 21:15:06.860231680,12,0.0,0.1,2.4528071279636743,[9.99109646e-01 8.90353959e-04],[9.99109646e-01 8.90353959e-04],"[0.61111111 0.1953125  0.390625   1.         0.         1.
 1.         0.         1.         0.16796875 0.3        0.13333333]",0.35472930047835194,0,0
689,746,2024-09-26 21:15:05.528672000,TASK_BEGIN,19,1.838664571221348,-0.0245414161740314,-13.67001280876658,3.1570156515835035,-1.088869170418588,0.2221648790764253,12.333985325796576,-1.4895254725125775,0,2024-09-26 21:15:06.962229980,1727385306.9622307,2024-09-26 21:15:06.962230784,12,0.0,0.1,2.6029962661171973,[9.99896310e-01 1.03690145e-04],[9.99896310e-01 1.03690145e-04],"[0.58333333 0.1953125  0.390625   1.         0.         1.
 1.         0.         1.         0.18554688 0.5        0.06666667]",0.366372455912963,0,0
690,747,2024-09-26 21:15:05.595448064,TASK_BEGIN,19,1.804794650002024,-0.0272497479763709,-14.149747515987393,3.214935266111857,-1.1291549537682273,0.2265838682454442,11.527605343805435,-1.3801931814459516,0,2024-09-26 21:15:07.012836914,1727385307.0128372,2024-09-26 21:15:07.012837120,12,0.0,0.1,2.6769663034560254,[9.99944662e-01 5.53377421e-05],[9.99944662e-01 5.53377421e-05],"[0.56944444 0.1953125  0.390625   1.         0.         1.
 1.         0.         1.         0.19726562 0.6        0.03333333]",0.37343864286281875,0,0
691,748,2024-09-26 21:15:05.662614016,TASK_BEGIN,19,1.7780898991619838,-0.0312309015087643,-14.600302637936087,3.267423780817185,-1.1917442367891793,0.2344527257459644,10.748018062283506,-1.261548012909158,0,2024-09-26 21:15:07.063834961,1727385307.0638351,2024-09-26 21:15:07.063835136,12,0.0,0.1,2.750196640421465,[9.99922565e-01 7.74345851e-05],[9.99922565e-01 7.74345851e-05],"[0.55555556 0.1953125  0.390625   1.         0.         1.
 1.         0.         1.         0.2109375  0.7        0.        ]",0.3852745915814465,0,0
692,749,2024-09-26 21:15:06.596964096,TASK_BEGIN,19,1.7584874764889848,-0.0361923504076961,-15.0236861895704,3.3165017608229403,-1.273553087963197,0.2453773200865167,10.031886090010952,-1.1381043082956426,0,2024-09-26 21:15:08.028378906,1727385308.028379,2024-09-26 21:15:08.028378880,12,0.0,0.1,4.01043993533839,[9.99998984e-01 1.01562928e-06],[9.99998984e-01 1.01562928e-06],"[0.29166667 0.1953125  0.390625   0.79166667 0.1953125  0.390625
 1.         0.         1.         0.27148438 0.4        0.1       ]",0.35565923591744203,0,0
693,750,2024-09-26 21:15:06.678767872,TASK_BEGIN,19,1.7456108762422202,-0.0418642966397806,-15.421404083915396,3.364126139478776,-1.3706665778052105,0.2588767935344946,9.412923600354468,-1.0151198105534958,0,2024-09-26 21:15:08.078378906,1727385308.078379,2024-09-26 21:15:08.078379008,12,0.0,0.1,4.070335535985006,[9.99949374e-01 5.06257880e-05],[9.99949374e-01 5.06257880e-05],"[0.27777778 0.1953125  0.390625   0.77777778 0.1953125  0.390625
 1.         0.         1.         0.28125    0.5        0.06666667]",0.43924157486875165,0,0
694,751,2024-09-26 21:15:06.741746944,TASK_BEGIN,19,1.7388216908870069,-0.0479888921879111,-15.79422746243593,3.4119907509249976,-1.4789373531902037,0.2744562718829311,8.919676504477453,-0.8981827074474151,0,2024-09-26 21:15:08.129540039,1727385308.1295402,2024-09-26 21:15:08.129540096,12,0.0,0.1,4.129632180625156,[0.9948264 0.0051736],[0.9948264 0.0051736],"[0.26388889 0.1953125  0.390625   0.76388889 0.1953125  0.390625
 1.         0.         1.         0.29296875 0.6        0.03333333]",0.6447506936065643,0,0
695,752,2024-09-26 21:15:06.812352768,TASK_BEGIN,19,1.737239065076973,-0.0542972941215741,-16.1421450219278,3.46139629154458,-1.5943933586636228,0.2916442355069141,8.57353775541347,-0.7927395882026714,0,2024-09-26 21:15:08.129540039,1727385308.1295402,2024-09-26 21:15:08.129540096,12,0.0,0.1,4.129632180625156,[0.9948264 0.0051736],[0.9948264 0.0051736],"[0.26388889 0.1953125  0.390625   0.76388889 0.1953125  0.390625
 1.         0.         1.         0.29296875 0.6        0.03333333]",0.6447506936065643,0,0
696,753,2024-09-26 21:15:06.876820992,TASK_BEGIN,19,1.7397413852361687,-0.0604876686074867,-16.464257616709084,3.513165671872972,-1.7133947303064612,0.309990041999751,8.387507234619743,-0.7036995767579209,0,2024-09-26 21:15:08.129540039,1727385308.1295402,2024-09-26 21:15:08.129540096,12,0.0,0.1,4.129632180625156,[0.9948264 0.0051736],[0.9948264 0.0051736],"[0.26388889 0.1953125  0.390625   0.76388889 0.1953125  0.390625
 1.         0.         1.         0.29296875 0.6        0.03333333]",0.6447506936065643,0,0
697,754,2024-09-26 21:15:06.938903040,TASK_BEGIN,19,1.7449700028895383,-0.0662116505226549,-16.758635526568234,3.567588378299286,-1.8326350309969115,0.329046610112168,8.365744333312524,-0.6351132632960316,0,2024-09-26 21:15:08.129540039,1727385308.1295402,2024-09-26 21:15:08.129540096,12,0.0,0.1,4.129632180625156,[0.9948264 0.0051736],[0.9948264 0.0051736],"[0.26388889 0.1953125  0.390625   0.76388889 0.1953125  0.390625
 1.         0.         1.         0.29296875 0.6        0.03333333]",0.6447506936065643,0,0
698,755,2024-09-26 21:15:07.006987008,TASK_BEGIN,19,1.7513697562644297,-0.0710765240994993,-17.022133367079014,3.624373255730317,-1.9491103358277613,0.3483616226483159,8.503589049768342,-0.5898641955313995,0,2024-09-26 21:15:08.129540039,1727385308.1295402,2024-09-26 21:15:08.129540096,12,0.0,0.1,4.129632180625156,[0.9948264 0.0051736],[0.9948264 0.0051736],"[0.26388889 0.1953125  0.390625   0.76388889 0.1953125  0.390625
 1.         0.         1.         0.29296875 0.6        0.03333333]",0.6447506936065643,0,0
699,756,2024-09-26 21:15:07.962969088,TASK_BEGIN,19,1.7573074797400927,-0.0746681754893858,-17.250061866632272,3.682566421520604,-2.0601173426225183,0.3674812456120038,8.787969761097434,-0.5694090796309017,0,2024-09-26 21:15:09.148765137,1727385309.148766,2024-09-26 21:15:09.148765952,12,0.0,0.1,5.996331818830297,[0.99500843 0.00499157],[0.99500843 0.00499157],"[-0.01388889  0.1953125   0.390625    0.48611111  0.1953125   0.390625
  0.98611111  0.21484375  0.41015625  0.34375     1.         -0.1       ]",0.7241580781083157,1,1
700,757,2024-09-26 21:15:08.029196032,TASK_BEGIN,19,1.7612523846241075,-0.0765877001961345,-17.435897518676775,3.740430182343085,-2.163284155587057,0.3859582300780299,9.198479808089935,-0.5736820514045947,0,2024-09-26 21:15:09.148765137,1727385309.148766,2024-09-26 21:15:09.148765952,12,0.0,0.1,5.996331818830297,[0.99500843 0.00499157],[0.99500843 0.00499157],"[-0.01388889  0.1953125   0.390625    0.48611111  0.1953125   0.390625
  0.98611111  0.21484375  0.41015625  0.34375     1.         -0.1       ]",0.7241580781083157,1,1
701,758,2024-09-26 21:15:08.096337920,TASK_BEGIN,19,1.7619353708042715,-0.0764886648404941,-17.571377202080253,3.795347099754175,-2.2566312981766483,0.4033563993825321,9.709316435664578,-0.6012114017882929,0,2024-09-26 21:15:09.148765137,1727385309.148766,2024-09-26 21:15:09.148765952,12,0.0,0.1,5.996331818830297,[0.99500843 0.00499157],[0.99500843 0.00499157],"[-0.01388889  0.1953125   0.390625    0.48611111  0.1953125   0.390625
  0.98611111  0.21484375  0.41015625  0.34375     1.         -0.1       ]",0.7241580781083157,1,1
702,759,2024-09-26 21:15:08.155019008,TASK_BEGIN,19,1.7584233968275265,-0.0741085867885465,-17.647087343652185,3.843830554997276,-2.338664886679152,0.4192512026935062,10.291686177963143,-0.6493735368422143,0,2024-09-26 21:15:09.148765137,1727385309.148766,2024-09-26 21:15:09.148765952,12,0.0,0.1,5.996331818830297,[0.99500843 0.00499157],[0.99500843 0.00499157],"[-0.01388889  0.1953125   0.390625    0.48611111  0.1953125   0.390625
  0.98611111  0.21484375  0.41015625  0.34375     1.         -0.1       ]",0.7241580781083157,1,1
703,760,2024-09-26 21:15:08.230152960,TASK_BEGIN,19,1.7501127402834091,-0.069292148006625,-17.653426666347425,3.881705017571663,-2.408473054899376,0.4332347954367291,10.915944164194654,-0.7146898792592191,0,2024-09-26 21:15:09.148765137,1727385309.148766,2024-09-26 21:15:09.148765952,12,0.0,0.1,5.996331818830297,[0.99500843 0.00499157],[0.99500843 0.00499157],"[-0.01388889  0.1953125   0.390625    0.48611111  0.1953125   0.390625
  0.98611111  0.21484375  0.41015625  0.34375     1.         -0.1       ]",0.7241580781083157,1,1
704,761,2024-09-26 21:15:08.293457920,TASK_BEGIN,19,1.7366781665584556,-0.0620045088325171,-17.58173614363984,3.904480598170825,-2.465759870776909,0.4449326729195592,11.553256384566676,-0.7931603573585819,0,2024-09-26 21:15:09.148765137,1727385309.148766,2024-09-26 21:15:09.148765952,12,0.0,0.1,5.996331818830297,[0.99500843 0.00499157],[0.99500843 0.00499157],"[-0.01388889  0.1953125   0.390625    0.48611111  0.1953125   0.390625
  0.98611111  0.21484375  0.41015625  0.34375     1.         -0.1       ]",0.7241580781083157,1,1
705,762,2024-09-26 21:15:08.355945984,TASK_BEGIN,19,1.7180030740929904,-0.0523349723847182,-17.425455998744713,3.907870432776983,-2.510778231990917,0.454029635343509,12.177155865062518,-0.8806561889964085,0,2024-09-26 21:15:09.301823975,1727385309.3018246,2024-09-26 21:15:09.301824512,12,1.0,0.1,6.115244767479218,[0.09867806 0.90132194],[0.09867806 0.90132194],"[-0.05555556  0.1953125   0.390625    0.44444444  0.1953125   0.390625
  0.94444444  0.21484375  0.41015625  0.3671875  -0.8         0.5       ]",0.37425620513174696,1,1
706,763,2024-09-26 21:15:09.287218944,TASK_BEGIN,19,1.6940903001431629,-0.0404870960454714,-17.1813543993916,3.888329021532471,-2.5442085556766583,0.4603029142687895,12.765072430228004,-0.9733011168930816,0,2024-09-26 21:15:10.216821045,1727385310.2168217,2024-09-26 21:15:10.216821760,12,1.0,0.1,6.758118298596165,[0.73105789 0.26894211],[9.99998250e-01 1.74981356e-06],"[ 0.19444444  0.1953125   0.390625    0.69444444  0.21484375  0.41015625
  1.          0.          1.          0.24414062 -0.8         0.5       ]",0.010744653520497163,1,1
707,764,2024-09-26 21:15:09.353972992,TASK_BEGIN,19,1.664957940828369,-0.0267509334350147,-16.850799572907952,3.8434936981798447,-2.5670670033078387,0.4636649076561367,13.299241902033163,-1.0676847733514878,0,2024-09-26 21:15:10.216821045,1727385310.2168217,2024-09-26 21:15:10.216821760,12,1.0,0.1,6.758118298596165,[0.73105789 0.26894211],[9.99998250e-01 1.74981356e-06],"[ 0.19444444  0.1953125   0.390625    0.69444444  0.21484375  0.41015625
  1.          0.          1.          0.24414062 -0.8         0.5       ]",0.010744653520497163,1,1
708,765,2024-09-26 21:15:09.410455040,TASK_BEGIN,19,1.6305631962150635,-0.0114678041116269,-16.440692196550174,3.77246948122508,-2.580663638924632,0.464207482814886,13.76650448447424,-1.160824583005767,0,2024-09-26 21:15:10.267822998,1727385310.2678232,2024-09-26 21:15:10.267823104,12,0.0,0.1,6.790537115610203,[0.73042381 0.26957619],[0.99838693 0.00161307],"[ 0.18055556  0.1953125   0.390625    0.68055556  0.21484375  0.41015625
  1.          0.          1.          0.23046875 -0.7         0.46666667]",0.003335150947623523,1,1
709,766,2024-09-26 21:15:09.487559168,TASK_BEGIN,19,1.590808295539857,0.0049935816641239,-15.963612929067876,3.675942075982291,-2.5865590644226346,0.4622249488768919,14.15758951472161,-1.25001734915793,0,2024-09-26 21:15:10.369821045,1727385310.369822,2024-09-26 21:15:10.369821952,12,0.0,1.0,7.7544054270095595,[0.73099275 0.26900725],[9.99832607e-01 1.67392832e-04],"[ 0.15277778  0.1953125   0.390625    0.65277778  0.21484375  0.41015625
  1.          0.          1.          0.20898438 -0.5         0.4       ]",0.00039859729146620343,1,1
710,767,2024-09-26 21:15:09.549852928,TASK_BEGIN,19,1.5456500935635622,0.0222440972016417,-15.437168404310013,3.5561453272003005,-2.586480592328691,0.4581981834510765,14.467170498817028,-1.3328538821016565,0,2024-09-26 21:15:10.420822021,1727385310.4208226,2024-09-26 21:15:10.420822528,12,0.0,0.1,7.7768613727394635,[0.73075558 0.26924442],[9.99229731e-01 7.70269249e-04],"[ 0.13888889  0.1953125   0.390625    0.63888889  0.21484375  0.41015625
  1.          0.          1.          0.20117188 -0.4         0.36666667]",0.00012522247894903525,1,1
711,768,2024-09-26 21:15:09.621146880,TASK_BEGIN,19,1.4953111455324803,0.0398710301405789,-14.882927015186484,3.416755991423852,-2.582211968779109,0.4527401939611561,14.695052172069412,-1.407493300737189,0,2024-09-26 21:15:10.471821045,1727385310.4718218,2024-09-26 21:15:10.471821824,12,0.0,0.1,7.799092759012068,[0.73000527 0.26999473],[0.99732466 0.00267534],"[ 0.125       0.1953125   0.390625    0.625       0.21484375  0.41015625
  1.          0.          1.          0.1953125  -0.3         0.33333333]",3.252804050354919e-05,1,1
712,769,2024-09-26 21:15:09.672551936,TASK_BEGIN,19,1.4405619766347375,0.0574273906321253,-14.325308665455474,3.262776151703513,-2.5754754396716413,0.4465128511154043,14.847271260635448,-1.472981113178775,0,2024-09-26 21:15:10.522823975,1727385310.522824,2024-09-26 21:15:10.522823936,12,0.0,-1.0,6.721101831421947,[0.73004753 0.26995247],[0.99743186 0.00256814],"[ 0.11111111  0.1953125   0.390625    0.61111111  0.21484375  0.41015625
  1.          0.          1.          0.19140625 -0.2         0.3       ]",9.878795659308585e-06,1,1
713,770,2024-09-26 21:15:10.631360000,TASK_BEGIN,19,1.3829818358863242,0.074413523266823,-13.79050263278173,3.1003943046406244,-2.567796203719372,0.4401292921996013,14.93552555244562,-1.5293041068263071,0,2024-09-26 21:15:12.075791992,1727385312.075792,2024-09-26 21:15:12.075792128,13,1.0,0.1,0.1,[0.38178033 0.61821967],[0.38178033 0.61821967],"[ 0.98611111  0.234375    0.4296875   1.          0.          1.
  1.          0.          1.          0.4609375  -0.8         0.5       ]",0.02894436341754823,0,0
714,771,2024-09-26 21:15:10.703407104,TASK_BEGIN,19,1.3250776369315445,0.0902602325077215,-13.305262405564308,2.9367588024875557,-2.5603435624132147,0.4340645970261055,14.97465927532408,-1.5770948575352668,0,2024-09-26 21:15:12.125999023,1727385312.1259997,2024-09-26 21:15:12.125999616,13,1.0,0.1,0.199,[0.37005064 0.62994936],[0.37005064 0.62994936],"[ 0.97222222  0.234375    0.4296875   1.          0.          1.
  1.          0.          1.          0.4453125  -0.8         0.5       ]",0.0335603010611825,0,0
715,772,2024-09-26 21:15:10.754897920,TASK_BEGIN,19,1.2701861803062462,0.1043304015244132,-12.895334752063563,2.779589867549097,-2.553783716685048,0.4285989246747982,14.979520818231077,-1.6171817352359228,0,2024-09-26 21:15:12.176713867,1727385312.1767144,2024-09-26 21:15:12.176714496,13,1.0,0.1,0.29701,[0.35046393 0.64953607],[0.35046393 0.64953607],"[ 0.95833333  0.234375    0.4296875   1.          0.          1.
  1.          0.          1.          0.4296875  -0.8         0.5       ]",0.04440179015353513,0,0
716,773,2024-09-26 21:15:10.833143040,TASK_BEGIN,19,1.2221616321192683,0.1159500237510394,-12.583421907569909,2.6366322628413736,-2.548210579067117,0.4238061123478367,14.962709088000157,-1.6502373548117597,0,2024-09-26 21:15:12.227715088,1727385312.227715,2024-09-26 21:15:12.227715072,13,1.0,0.1,0.3940399,[0.35069191 0.64930809],[0.35069191 0.64930809],"[ 0.94444444  0.234375    0.4296875   1.          0.          1.
  1.          0.          1.          0.4140625  -0.8         0.5       ]",0.04451272614115739,0,0
717,774,2024-09-26 21:15:10.903769088,TASK_BEGIN,19,1.1849502230050182,0.124461360763272,-12.38702408303164,2.5150639828550343,-2.54319906596575,0.4195854307182189,14.933722182778588,-1.676616799357526,0,2024-09-26 21:15:12.329716064,1727385312.3297162,2024-09-26 21:15:12.329716224,13,1.0,0.1,0.58519850599,[0.32915709 0.67084291],[0.32915709 0.67084291],"[ 0.91666667  0.234375    0.4296875   1.          0.          1.
  1.          0.          1.          0.3828125  -0.8         0.5       ]",0.058054498798995095,0,0
718,775,2024-09-26 21:15:10.956898048,TASK_BEGIN,19,1.162214828908503,0.1292763667163039,-12.31673821470218,2.420966773228564,-2.5379436444295207,0.4157200302354742,14.89916987287068,-1.6963369959358248,0,2024-09-26 21:15:12.329716064,1727385312.3297162,2024-09-26 21:15:12.329716224,13,1.0,0.1,0.58519850599,[0.32915709 0.67084291],[0.32915709 0.67084291],"[ 0.91666667  0.234375    0.4296875   1.          0.          1.
  1.          0.          1.          0.3828125  -0.8         0.5       ]",0.058054498798995095,0,0
719,776,2024-09-26 21:15:11.034565888,TASK_BEGIN,19,1.1570863148226085,0.129915438664007,-12.37519735327598,2.358839628902918,-2.5313889983003137,0.4119369531660063,14.863474983744627,-1.7091405627876002,0,2024-09-26 21:15:12.329716064,1727385312.3297162,2024-09-26 21:15:12.329716224,13,1.0,0.1,0.58519850599,[0.32915709 0.67084291],[0.32915709 0.67084291],"[ 0.91666667  0.234375    0.4296875   1.          0.          1.
  1.          0.          1.          0.3828125  -0.8         0.5       ]",0.058054498798995095,0,0
720,777,2024-09-26 21:15:11.986811904,TASK_BEGIN,19,1.1719758669244669,0.1260370038826915,-12.55646176172326,2.331123631880058,-2.522321071146778,0.4079540608975415,14.829644386874438,-1.714632165349256,0,2024-09-26 21:15:13.399866943,1727385313.3998673,2024-09-26 21:15:13.399867392,13,0.0,0.1,2.3765728565289637,[9.99769262e-01 2.30737604e-04],[9.99769262e-01 2.30737604e-04],"[0.625      0.234375   0.4296875  1.         0.         1.
 1.         0.         1.         0.18359375 0.3        0.13333333]",0.3413981888840611,0,0
721,778,2024-09-26 21:15:12.047154176,TASK_BEGIN,19,1.2083724280468109,0.1174718279849038,-12.8458728979981,2.3378359554902803,-2.509474981048468,0.4035192767034821,14.799966243888417,-1.7124854108463088,0,2024-09-26 21:15:13.450866943,1727385313.4508677,2024-09-26 21:15:13.450867712,13,0.0,0.1,2.4528071279636743,[9.99943091e-01 5.69089988e-05],[9.99943091e-01 5.69089988e-05],"[0.61111111 0.234375   0.4296875  1.         0.         1.
 1.         0.         1.         0.19140625 0.4        0.1       ]",0.3445453560258234,0,0
722,779,2024-09-26 21:15:12.120407296,TASK_BEGIN,19,1.266644798235742,0.104264365732422,-13.22071161831643,2.376463831976333,-2.4917046284623714,0.3984479277994889,14.776495907975562,-1.7026684812319914,0,2024-09-26 21:15:13.552866943,1727385313.5528677,2024-09-26 21:15:13.552867584,13,0.0,0.1,2.6029962661171973,[9.99993929e-01 6.07087927e-06],[9.99993929e-01 6.07087927e-06],"[0.58333333 0.234375   0.4296875  1.         0.         1.
 1.         0.         1.         0.21289062 0.6        0.03333333]",0.3584790536129518,0,0
723,780,2024-09-26 21:15:12.187187968,TASK_BEGIN,19,1.345904092741608,0.0867067620500453,-13.651923916776267,2.442181041077081,-2.468215020846992,0.3926539868703468,14.761034595020636,-1.685584378332203,0,2024-09-26 21:15:13.602864990,1727385313.6028652,2024-09-26 21:15:13.602865152,13,0.0,0.1,2.6769663034560254,[9.99995657e-01 4.34274264e-06],[9.99995657e-01 4.34274264e-06],"[0.56944444 0.234375   0.4296875  1.         0.         1.
 1.         0.         1.         0.2265625  0.7        0.        ]",0.3702001524018712,0,0
724,781,2024-09-26 21:15:12.253958912,TASK_BEGIN,19,1.443939846762051,0.0653492648124248,-14.106692237651687,2.5283321047584058,-2.4388198887822594,0.3861711071713408,14.7544829191767,-1.6620484372208015,0,2024-09-26 21:15:13.653865967,1727385313.653866,2024-09-26 21:15:13.653865984,13,0.0,0.1,2.750196640421465,[9.99994743e-01 5.25671400e-06],[9.99994743e-01 5.25671400e-06],"[ 0.55555556  0.234375    0.4296875   1.          0.          1.
  1.          0.          1.          0.2421875   0.8        -0.03333333]",0.382739153844997,0,0
725,782,2024-09-26 21:15:12.320092160,TASK_BEGIN,19,1.5572270430857094,0.0409857967195915,-14.551139519108231,2.627041370688701,-2.4041027685769394,0.3791566172423842,14.755833017984092,-1.6331039085856085,0,2024-09-26 21:15:13.755864014,1727385313.7558641,2024-09-26 21:15:13.755864064,13,0.0,0.1,2.894467727277078,[9.99960016e-01 3.99836158e-05],[9.99960016e-01 3.99836158e-05],"[ 0.52777778  0.234375    0.4296875   1.          0.          1.
  1.          0.          1.          0.27929688  1.         -0.1       ]",0.4249458288406462,0,0
726,783,2024-09-26 21:15:12.387535872,TASK_BEGIN,19,1.6810394877336727,0.0146200685248667,-14.95254556952096,2.729802736369751,-2.3653661089139097,0.3718704900716642,14.761242839510174,-1.5997336228490495,0,2024-09-26 21:15:13.806864014,1727385313.8068645,2024-09-26 21:15:13.806864384,13,0.0,0.1,2.965523050004307,[9.99778972e-01 2.21028066e-04],[9.99778972e-01 2.21028066e-04],"[ 0.51388889  0.234375    0.4296875   1.          0.          1.
  1.          0.          1.          0.29882812  1.         -0.13333333]",0.4421042092454955,0,0
727,784,2024-09-26 21:15:13.337423104,TASK_BEGIN,19,1.8097245980417047,-0.0125932187739704,-15.2811388269664,2.828026501226108,-2.324431524542598,0.3646406512582628,14.763680987284186,-1.5625704106891176,0,2024-09-26 21:15:14.723844971,1727385314.723845,2024-09-26 21:15:14.723845120,13,0.0,0.1,4.129632180625156,[0.98748212 0.01251788],[0.98748212 0.01251788],"[0.26388889 0.234375   0.4296875  0.76388889 0.21484375 0.41015625
 1.         0.         1.         0.3359375  0.5        0.06666667]",0.6602935797595135,0,0
728,785,2024-09-26 21:15:13.401051136,TASK_BEGIN,19,1.9371551372108504,-0.0394379695222389,-15.511897413746937,2.913607086298122,-2.2834613458734765,0.3578393936492138,14.753381525037112,-1.5217127353359168,0,2024-09-26 21:15:14.723844971,1727385314.723845,2024-09-26 21:15:14.723845120,13,0.0,0.1,4.129632180625156,[0.98748212 0.01251788],[0.98748212 0.01251788],"[0.26388889 0.234375   0.4296875  0.76388889 0.21484375 0.41015625
 1.         0.         1.         0.3359375  0.5        0.06666667]",0.6602935797595135,0,0
729,786,2024-09-26 21:15:13.471003904,TASK_BEGIN,19,2.0573176703127585,-0.0647460368657623,-15.626418115517254,2.9795041975672,-2.244858025471686,0.3518743798351101,14.718621771717965,-1.4766604172390498,0,2024-09-26 21:15:14.723844971,1727385314.723845,2024-09-26 21:15:14.723845120,13,0.0,0.1,4.129632180625156,[0.98748212 0.01251788],[0.98748212 0.01251788],"[0.26388889 0.234375   0.4296875  0.76388889 0.21484375 0.41015625
 1.         0.         1.         0.3359375  0.5        0.06666667]",0.6602935797595135,0,0
730,787,2024-09-26 21:15:13.524894976,TASK_BEGIN,19,2.164942949095091,-0.0875046951897451,-15.614486644066238,3.020240000909556,-2.211145173086445,0.3471708198458185,14.646130710665322,-1.426321716004364,0,2024-09-26 21:15:14.723844971,1727385314.723845,2024-09-26 21:15:14.723845120,13,0.0,0.1,4.129632180625156,[0.98748212 0.01251788],[0.98748212 0.01251788],"[0.26388889 0.234375   0.4296875  0.76388889 0.21484375 0.41015625
 1.         0.         1.         0.3359375  0.5        0.06666667]",0.6602935797595135,0,0
731,788,2024-09-26 21:15:13.601885952,TASK_BEGIN,19,2.256012119744706,-0.1069381792369775,-15.47492880015724,3.032223370104095,-2.1847327784979944,0.3441283218298585,14.521384058320146,-1.3691148519155567,0,2024-09-26 21:15:14.723844971,1727385314.723845,2024-09-26 21:15:14.723845120,13,0.0,0.1,4.129632180625156,[0.98748212 0.01251788],[0.98748212 0.01251788],"[0.26388889 0.234375   0.4296875  0.76388889 0.21484375 0.41015625
 1.         0.         1.         0.3359375  0.5        0.06666667]",0.6602935797595135,0,0
732,789,2024-09-26 21:15:13.663510016,TASK_BEGIN,19,2.327974607767456,-0.1225411591618073,-15.215448538989296,3.013864110824497,-2.1676123126043643,0.3430673365350758,14.329758871498791,-1.3032407638456318,0,2024-09-26 21:15:14.723844971,1727385314.723845,2024-09-26 21:15:14.723845120,13,0.0,0.1,4.129632180625156,[0.98748212 0.01251788],[0.98748212 0.01251788],"[0.26388889 0.234375   0.4296875  0.76388889 0.21484375 0.41015625
 1.         0.         1.         0.3359375  0.5        0.06666667]",0.6602935797595135,0,0
733,790,2024-09-26 21:15:13.727185152,TASK_BEGIN,19,2.3796653173672038,-0.1340626381402878,-14.851465191639535,2.965503817734197,-2.161145469684914,0.3441958704422018,14.058909164993088,-1.2271196761184076,0,2024-09-26 21:15:14.723844971,1727385314.723845,2024-09-26 21:15:14.723845120,13,0.0,0.1,4.129632180625156,[0.98748212 0.01251788],[0.98748212 0.01251788],"[0.26388889 0.234375   0.4296875  0.76388889 0.21484375 0.41015625
 1.         0.         1.         0.3359375  0.5        0.06666667]",0.6602935797595135,0,0
734,791,2024-09-26 21:15:14.663053056,TASK_BEGIN,19,2.411064899070468,-0.1414654092185136,-14.404374819673826,2.8892555077825675,-2.166050337661849,0.3476100101915908,13.701723103471618,-1.1398829961967645,0,2024-09-26 21:15:15.634726074,1727385315.634727,2024-09-26 21:15:15.634726912,13,0.0,0.1,5.9150411374658685,[0.99377539 0.00622461],[0.99377539 0.00622461],"[ 0.01388889  0.234375    0.4296875   0.51388889  0.21484375  0.41015625
  1.          0.          1.          0.34765625  0.8        -0.03333333]",0.6770138761574597,0,0
735,792,2024-09-26 21:15:14.729893120,TASK_BEGIN,19,2.4230506169113006,-0.1448871709478973,-13.899867971295022,2.788860334604719,-2.1825274969019346,0.3533150405840708,13.25890744204713,-1.0417902271246773,0,2024-09-26 21:15:15.634726074,1727385315.634727,2024-09-26 21:15:15.634726912,13,0.0,0.1,5.9150411374658685,[0.99377539 0.00622461],[0.99377539 0.00622461],"[ 0.01388889  0.234375    0.4296875   0.51388889  0.21484375  0.41015625
  1.          0.          1.          0.34765625  0.8        -0.03333333]",0.6770138761574597,0,0
736,793,2024-09-26 21:15:14.790402816,TASK_BEGIN,19,2.417196223475219,-0.144611481997422,-13.366697636637213,2.669596919645904,-2.2103913643573563,0.3612437916204064,12.74043187781458,-0.9344592731210348,0,2024-09-26 21:15:15.735759033,1727385315.7357597,2024-09-26 21:15:15.735759616,13,0.0,0.1,5.996331818830297,[0.97163985 0.02836015],[0.97163985 0.02836015],"[-0.01388889  0.234375    0.4296875   0.48611111  0.21484375  0.41015625
  0.98611111  0.25390625  0.44921875  0.38476562  1.         -0.1       ]",0.6537060672281035,0,0
737,794,2024-09-26 21:15:14.852516096,TASK_BEGIN,19,2.3956198948308893,-0.1410459159495981,-12.8356312798015,2.538139208412972,-2.2491175576572013,0.3712579777663765,12.165405800493858,-0.820853164609077,0,2024-09-26 21:15:15.735759033,1727385315.7357597,2024-09-26 21:15:15.735759616,13,0.0,0.1,5.996331818830297,[0.97163985 0.02836015],[0.97163985 0.02836015],"[-0.01388889  0.234375    0.4296875   0.48611111  0.21484375  0.41015625
  0.98611111  0.25390625  0.44921875  0.38476562  1.         -0.1       ]",0.6537060672281035,0,0
738,795,2024-09-26 21:15:14.930163968,TASK_BEGIN,19,2.3608720814455704,-0.1347023506272895,-12.337879166558752,2.4021909726396853,-2.297799075564717,0.3831354257137354,11.560467853645594,-0.7050520145250764,0,2024-09-26 21:15:16.093073975,1727385316.0930748,2024-09-26 21:15:16.093074688,13,1.0,0.1,6.2683196238139125,[0.08858794 0.91141206],[0.08858794 0.91141206],"[-0.11111111  0.234375    0.4296875   0.38888889  0.21484375  0.41015625
  0.88888889  0.25390625  0.44921875  0.3125     -0.8         0.5       ]",0.6217216960426347,0,0
739,796,2024-09-26 21:15:14.996933888,TASK_BEGIN,19,2.315861737321366,-0.1261731430574715,-11.902689869908173,2.2698422247275025,-2.355051022708195,0.3965558977573428,10.957042037433157,-0.5918661694460663,0,2024-09-26 21:15:16.093073975,1727385316.0930748,2024-09-26 21:15:16.093074688,13,1.0,0.1,6.2683196238139125,[0.08858794 0.91141206],[0.08858794 0.91141206],"[-0.11111111  0.234375    0.4296875   0.38888889  0.21484375  0.41015625
  0.88888889  0.25390625  0.44921875  0.3125     -0.8         0.5       ]",0.6217216960426347,0,0
740,797,2024-09-26 21:15:15.063019008,TASK_BEGIN,19,2.263810906882572,-0.1161000395718434,-11.554543245212342,2.1487634317956634,-2.4189236350900045,0.4110962892903583,10.387593341748085,-0.4863034116727172,0,2024-09-26 21:15:16.093073975,1727385316.0930748,2024-09-26 21:15:16.093074688,13,1.0,0.1,6.2683196238139125,[0.08858794 0.91141206],[0.08858794 0.91141206],"[-0.11111111  0.234375    0.4296875   0.38888889  0.21484375  0.41015625
  0.88888889  0.25390625  0.44921875  0.3125     -0.8         0.5       ]",0.6217216960426347,0,0
741,798,2024-09-26 21:15:16.011728128,TASK_BEGIN,19,2.2081983383926582,-0.1051383143173679,-11.310583445353451,2.045386603349496,-2.4868869777227256,0.4262405436964443,9.881043659532349,-0.3929155233328731,0,2024-09-26 21:15:16.947685059,1727385316.947686,2024-09-26 21:15:16.947685888,13,0.0,1.0,7.7544054270095595,[0.99792558 0.00207442],[0.99792558 0.00207442],"[ 0.15277778  0.21484375  0.41015625  0.65277778  0.25390625  0.44921875
  1.          0.          1.          0.3125      0.8        -0.03333333]",0.6152777811864952,0,0
742,799,2024-09-26 21:15:16.078368000,TASK_BEGIN,19,2.1526352824520494,-0.0939207647746094,-11.178706565925742,1.964179623812877,-2.555902535638919,0.4414026307429179,9.458206688475194,-0.3151514719101657,0,2024-09-26 21:15:16.947685059,1727385316.947686,2024-09-26 21:15:16.947685888,13,0.0,1.0,7.7544054270095595,[0.99792558 0.00207442],[0.99792558 0.00207442],"[ 0.15277778  0.21484375  0.41015625  0.65277778  0.25390625  0.44921875
  1.          0.          1.          0.3125      0.8        -0.03333333]",0.6152777811864952,0,0
743,800,2024-09-26 21:15:16.144645120,TASK_BEGIN,19,2.100653944068134,-0.0830283119926295,-11.156565492850866,1.907141280153088,-2.622553011855775,0.4559551197352459,9.128513512968064,-0.2548800137352924,0,2024-09-26 21:15:16.997687988,1727385316.9976883,2024-09-26 21:15:16.997688320,13,0.0,0.1,7.7768613727394635,[0.89167847 0.10832153],[0.89167847 0.10832153],"[ 0.13888889  0.21484375  0.41015625  0.63888889  0.25390625  0.44921875
  1.          0.          1.          0.33007812  0.9        -0.06666667]",0.5422077195702125,0,0
744,801,2024-09-26 21:15:16.206662912,TASK_BEGIN,19,2.0554482034899584,-0.0729751940553342,-11.231754836485,1.8736573850901248,-2.6832279634421243,0.4692591403243316,8.888744122185782,-0.2121465326212655,0,2024-09-26 21:15:17.198684814,1727385317.1986856,2024-09-26 21:15:17.198685696,13,0.0,0.1,7.864461904976649,[9.99902835e-01 9.71652432e-05],[9.99902835e-01 9.71652432e-05],"[ 0.08333333  0.21484375  0.41015625  0.58333333  0.25390625  0.44921875
  1.          0.          1.          0.27929688 -0.5         0.4       ]",0.3429957335784766,0,0
745,802,2024-09-26 21:15:16.278891008,TASK_BEGIN,19,2.019627892077601,-0.0642092292161832,-11.383498732859694,1.8607787705845225,-2.7343716215138527,0.4806968865979285,8.723792098616382,-0.1851578120992298,0,2024-09-26 21:15:17.702723877,1727385317.702724,2024-09-26 21:15:17.702724096,13,0.0,0.1,8.06865762636243,[9.99999900e-01 9.99096478e-08],[9.99999900e-01 9.99096478e-08],"[-0.05555556  0.21484375  0.41015625  0.44444444  0.25390625  0.44921875
  1.          0.          1.          0.2890625   0.5         0.06666667]",0.35857705776968735,0,0
746,803,2024-09-26 21:15:16.346145024,TASK_BEGIN,19,1.995039904161266,-0.0571189325466064,-11.586035415581865,1.86388217184668,-2.7727545812856484,0.4897053954236935,8.609338977612364,-0.1705160551711295,0,2024-09-26 21:15:17.753724121,1727385317.7537246,2024-09-26 21:15:17.753724672,13,0.0,0.1,8.087971050098806,[9.99999809e-01 1.90807587e-07],[9.99999809e-01 1.90807587e-07],"[-0.06944444  0.21484375  0.41015625  0.43055556  0.25390625  0.44921875
  1.          0.          1.          0.30078125  0.6         0.03333333]",0.3929531580561205,0,0
747,804,2024-09-26 21:15:16.412382976,TASK_BEGIN,19,1.982686708265912,-0.0520392853286962,-11.813228238886731,1.877580858050237,-2.795738763641484,0.4958100921207067,8.516175626829343,-0.1637298225844366,0,2024-09-26 21:15:17.854677979,1727385317.8546782,2024-09-26 21:15:17.854678272,13,0.0,0.1,8.12602042620184,[9.99996059e-01 3.94128327e-06],[9.99996059e-01 3.94128327e-06],"[-0.09722222  0.21484375  0.41015625  0.40277778  0.25390625  0.44921875
  0.97777778  0.2734375   0.46875     0.33007812  0.8        -0.03333333]",0.4195564654040293,0,0
748,805,2024-09-26 21:15:17.357604864,TASK_BEGIN,19,1.9827390029624248,-0.0492509209651525,-12.0431522067851,1.896667567221064,-2.801555508610789,0.4986638502469671,8.415448770580454,-0.1599567747750506,0,2024-09-26 21:15:18.769117188,1727385318.7691169,2024-09-26 21:15:18.769116928,13,0.0,1.0,9.336138256989058,[9.99996952e-01 3.04806602e-06],[9.99996952e-01 3.04806602e-06],"[0.15277778 0.25390625 0.44921875 0.72777778 0.2734375  0.46875
 1.         0.         1.         0.33007812 0.5        0.06666667]",0.36571060813712236,0,0
749,806,2024-09-26 21:15:17.419215872,TASK_BEGIN,19,1.994626184974957,-0.0489705579498879,-12.261289461189332,1.9168808423943229,-2.789583015395675,0.498094295511257,8.283677604252095,-0.1548255978659946,0,2024-09-26 21:15:18.820144775,1727385318.8201451,2024-09-26 21:15:18.820145152,13,0.0,0.1,9.342776874419167,[9.99907110e-01 9.28902951e-05],[9.99907110e-01 9.28902951e-05],"[0.13888889 0.25390625 0.44921875 0.71388889 0.2734375  0.46875
 1.         0.         1.         0.34179688 0.6        0.03333333]",0.4617255107716384,0,0
750,807,2024-09-26 21:15:17.495443968,TASK_BEGIN,19,2.017199849092256,-0.0513371511549982,-12.461472032693754,1.9353641522787135,-2.760539375256413,0.4941483642142159,8.106368372314837,-0.1451142554882821,0,2024-09-26 21:15:18.870711182,1727385318.8707118,2024-09-26 21:15:18.870711808,13,0.0,0.1,9.349349105674975,[0.99590139 0.00409861],[0.99590139 0.00409861],"[0.125      0.25390625 0.44921875 0.7        0.2734375  0.46875
 1.         0.         1.         0.35546875 0.7        0.        ]",0.6166736587372679,0,0
751,808,2024-09-26 21:15:17.559192832,TASK_BEGIN,19,2.048962335449392,-0.0564041928667724,-12.644516157473774,1.9507702072706443,-2.7165509924393465,0.4871231853540005,7.879618799229664,-0.129104440689793,0,2024-09-26 21:15:18.870711182,1727385318.8707118,2024-09-26 21:15:18.870711808,13,0.0,0.1,9.349349105674975,[0.99590139 0.00409861],[0.99590139 0.00409861],"[0.125      0.25390625 0.44921875 0.7        0.2734375  0.46875
 1.         0.         1.         0.35546875 0.7        0.        ]",0.6166736587372679,0,0
752,809,2024-09-26 21:15:17.629016064,TASK_BEGIN,19,2.0883142090972626,-0.0641448598282962,-12.815518207744889,1.9630903519752925,-2.661131136982468,0.4775801738089776,7.609925910357705,-0.1065865088756595,0,2024-09-26 21:15:18.870711182,1727385318.8707118,2024-09-26 21:15:18.870711808,13,0.0,0.1,9.349349105674975,[0.99590139 0.00409861],[0.99590139 0.00409861],"[0.125      0.25390625 0.44921875 0.7        0.2734375  0.46875
 1.         0.         1.         0.35546875 0.7        0.        ]",0.6166736587372679,0,0
753,810,2024-09-26 21:15:17.695766016,TASK_BEGIN,19,2.133730488249767,-0.074462521543028,-12.981346095171128,1.9733847709759664,-2.599054989831967,0.4663325490936874,7.312825792817192,-0.0786389207750205,0,2024-09-26 21:15:18.870711182,1727385318.8707118,2024-09-26 21:15:18.870711808,13,0.0,0.1,9.349349105674975,[0.99590139 0.00409861],[0.99590139 0.00409861],"[0.125      0.25390625 0.44921875 0.7        0.2734375  0.46875
 1.         0.         1.         0.35546875 0.7        0.        ]",0.6166736587372679,0,0
754,811,2024-09-26 21:15:17.762551040,TASK_BEGIN,19,2.1837934280510845,-0.0871904731287924,-13.149235871253284,1.9835156366661468,-2.536048825719786,0.4543925382924817,7.010802279300585,-0.0473192946320318,0,2024-09-26 21:15:18.870711182,1727385318.8707118,2024-09-26 21:15:18.870711808,13,0.0,0.1,9.349349105674975,[0.99590139 0.00409861],[0.99590139 0.00409861],"[0.125      0.25390625 0.44921875 0.7        0.2734375  0.46875
 1.         0.         1.         0.35546875 0.7        0.        ]",0.6166736587372679,0,0
755,812,2024-09-26 21:15:18.711888128,TASK_BEGIN,19,2.2371083350370524,-0.1020759582549505,-13.326289060914904,1.9958667777116967,-2.478264853568361,0.4428798386551248,6.730745914818185,-0.0153326112373044,0,2024-09-26 21:15:19.983329102,1727385319.9833295,2024-09-26 21:15:19.983329536,13,1.0,0.1,9.478418339998113,[0.0371476 0.9628524],[0.0371476 0.9628524],"[-0.18055556  0.25390625  0.44921875  0.39444444  0.2734375   0.46875
  0.89444444  0.3125      0.5078125   0.37695312 -0.8         0.5       ]",0.7605783428552556,0,0
756,813,2024-09-26 21:15:18.778040064,TASK_BEGIN,19,2.292211683843439,-0.1187622086230903,-13.51922103208175,2.013035546742928,-2.431611414361659,0.4329048366003472,6.501468696372685,0.0142667526020991,0,2024-09-26 21:15:19.983329102,1727385319.9833295,2024-09-26 21:15:19.983329536,13,1.0,0.1,9.478418339998113,[0.0371476 0.9628524],[0.0371476 0.9628524],"[-0.18055556  0.25390625  0.44921875  0.39444444  0.2734375   0.46875
  0.89444444  0.3125      0.5078125   0.37695312 -0.8         0.5       ]",0.7605783428552556,0,0
757,814,2024-09-26 21:15:18.839580928,TASK_BEGIN,19,2.347565298557217,-0.1367876774509553,-13.733885233567136,2.0375109673742275,-2.401047463695093,0.4254391293810328,6.351626823527388,0.0382834083168158,0,2024-09-26 21:15:19.983329102,1727385319.9833295,2024-09-26 21:15:19.983329536,13,1.0,0.1,9.478418339998113,[0.0371476 0.9628524],[0.0371476 0.9628524],"[-0.18055556  0.25390625  0.44921875  0.39444444  0.2734375   0.46875
  0.89444444  0.3125      0.5078125   0.37695312 -0.8         0.5       ]",0.7605783428552556,0,0
758,815,2024-09-26 21:15:18.901582080,TASK_BEGIN,19,2.4016546517418598,-0.1556110635400077,-13.974366556542762,2.071331166040103,-2.3899488970375384,0.421189463381666,6.307761563155822,0.0535217246795882,0,2024-09-26 21:15:19.983329102,1727385319.9833295,2024-09-26 21:15:19.983329536,13,1.0,0.1,9.478418339998113,[0.0371476 0.9628524],[0.0371476 0.9628524],"[-0.18055556  0.25390625  0.44921875  0.39444444  0.2734375   0.46875
  0.89444444  0.3125      0.5078125   0.37695312 -0.8         0.5       ]",0.7605783428552556,0,0
759,816,2024-09-26 21:15:18.978912000,TASK_BEGIN,19,2.453140021688904,-0.1746547016715298,-14.241780356617657,2.1157397520967907,-2.3996428900709468,0.420498500589893,6.392171727322501,0.0569302492759106,0,2024-09-26 21:15:19.983329102,1727385319.9833295,2024-09-26 21:15:19.983329536,13,1.0,0.1,9.478418339998113,[0.0371476 0.9628524],[0.0371476 0.9628524],"[-0.18055556  0.25390625  0.44921875  0.39444444  0.2734375   0.46875
  0.89444444  0.3125      0.5078125   0.37695312 -0.8         0.5       ]",0.7605783428552556,0,0
760,817,2024-09-26 21:15:19.045754880,TASK_BEGIN,19,2.500984116672908,-0.1933528394787108,-14.533277734235227,2.170940474489034,-2.429192286408045,0.423293313707711,6.620998905861988,0.0457870470599252,0,2024-09-26 21:15:19.983329102,1727385319.9833295,2024-09-26 21:15:19.983329536,13,1.0,0.1,9.478418339998113,[0.0371476 0.9628524],[0.0371476 0.9628524],"[-0.18055556  0.25390625  0.44921875  0.39444444  0.2734375   0.46875
  0.89444444  0.3125      0.5078125   0.37695312 -0.8         0.5       ]",0.7605783428552556,0,0
761,818,2024-09-26 21:15:19.102755072,TASK_BEGIN,19,2.5445139090533315,-0.2111979656630649,-14.841794933414588,2.236058197037113,-2.4754827926026093,0.4290913223984061,7.003037056317017,0.0179152970271845,0,2024-09-26 21:15:19.983329102,1727385319.9833295,2024-09-26 21:15:19.983329536,13,1.0,0.1,9.478418339998113,[0.0371476 0.9628524],[0.0371476 0.9628524],"[-0.18055556  0.25390625  0.44921875  0.39444444  0.2734375   0.46875
  0.89444444  0.3125      0.5078125   0.37695312 -0.8         0.5       ]",0.7605783428552556,0,0
762,819,2024-09-26 21:15:20.034660096,TASK_BEGIN,19,2.583424690137613,-0.2277816106000959,-15.156677669261216,2.3093061769944443,-2.5335959915496287,0.4370614268045917,7.539287473309278,-0.0281100509851625,0,2024-09-26 21:15:20.938602051,1727385320.938602,2024-09-26 21:15:20.938601984,13,1.0,0.1,10.460085597738349,[0.07585818 0.92414182],[0.07585818 0.92414182],"[ 0.13055556  0.2734375   0.46875     0.63055556  0.3125      0.5078125
  1.          0.          1.          0.37890625 -0.8         0.5       ]",0.5812599194985789,0,0
763,820,2024-09-26 21:15:20.101901056,TASK_BEGIN,19,2.617750017250449,-0.2428221334705146,-15.464833189173296,2.388238084329024,-2.59737880441495,0.4461288450090193,8.222969476025764,-0.0927999900371884,0,2024-09-26 21:15:21.088599854,1727385321.0886009,2024-09-26 21:15:21.088600832,13,0.0,0.1,10.446420595399921,[9.99707864e-01 2.92135545e-04],[9.99707864e-01 2.92135545e-04],"[ 0.08888889  0.2734375   0.46875     0.58888889  0.3125      0.5078125
  1.          0.          1.          0.34375    -0.5         0.4       ]",0.34736241494286996,0,0
764,821,2024-09-26 21:15:20.168118784,TASK_BEGIN,19,2.647820271043646,-0.2561733242174521,-15.751925155483168,2.469956664157781,-2.660090715215855,0.4551036922980418,9.039711012201389,-0.1756385753836376,0,2024-09-26 21:15:21.594048096,1727385321.594049,2024-09-26 21:15:21.594049024,13,0.0,0.1,10.403734784394441,[9.99999721e-01 2.78736279e-07],[9.99999721e-01 2.78736279e-07],"[-0.05        0.2734375   0.46875     0.45        0.3125      0.5078125
  0.95        0.33203125  0.52734375  0.35351562  0.5         0.06666667]",0.3564013248818685,0,0
765,822,2024-09-26 21:15:20.235886848,TASK_BEGIN,19,2.6742398618004906,-0.2678158043046509,-16.00333084027956,2.551255841522624,-2.715009790866427,0.4628066469618305,9.96781889302375,-0.2750248801585332,0,2024-09-26 21:15:21.643903076,1727385321.6439035,2024-09-26 21:15:21.643903488,13,0.0,0.1,10.399697436550497,[9.99998882e-01 1.11796377e-06],[9.99998882e-01 1.11796377e-06],"[-0.06388889  0.2734375   0.46875     0.43611111  0.3125      0.5078125
  0.93611111  0.33203125  0.52734375  0.36523438  0.6         0.03333333]",0.37178675347060514,0,0
766,823,2024-09-26 21:15:20.296130816,TASK_BEGIN,19,2.697890854880049,-0.2778387877329974,-16.205014968362025,2.628784776621201,-2.755915578222884,0.4681697188635561,10.978773308880232,-0.3883000544839956,0,2024-09-26 21:15:21.695018066,1727385321.6950185,2024-09-26 21:15:21.695018496,13,0.0,0.1,10.395700462184992,[9.99993959e-01 6.04060588e-06],[9.99993959e-01 6.04060588e-06],"[-0.07777778  0.2734375   0.46875     0.42222222  0.3125      0.5078125
  0.92222222  0.33203125  0.52734375  0.37890625  0.7         0.        ]",0.40416259093947543,0,0
767,824,2024-09-26 21:15:20.361404672,TASK_BEGIN,19,2.719898545741484,-0.2864147204031551,-16.344813212495488,2.69933868688154,-2.7774514988845915,0.4703069461027651,12.038171866505357,-0.5118744655336122,0,2024-09-26 21:15:21.796528076,1727385321.7965283,2024-09-26 21:15:21.796528384,13,0.0,0.1,10.38782602298751,[9.99151338e-01 8.48661569e-04],[9.99151338e-01 8.48661569e-04],"[-0.10555556  0.2734375   0.46875     0.39444444  0.3125      0.5078125
  0.89444444  0.33203125  0.52734375  0.41210938  0.9        -0.06666667]",0.5804850965080212,0,0
768,825,2024-09-26 21:15:20.436233984,TASK_BEGIN,19,2.7414592529624047,-0.2937592456528291,-16.414220478650687,2.760258789244704,-2.7754367016434927,0.4685646694552866,13.1073231774322,-0.6414502662144549,0,2024-09-26 21:15:21.846527100,1727385321.8465278,2024-09-26 21:15:21.846527744,13,0.0,0.1,10.383947762757634,[0.98284228 0.01715772],[0.98284228 0.01715772],"[-0.11944444  0.2734375   0.46875     0.38055556  0.3125      0.5078125
  0.88055556  0.33203125  0.52734375  0.43164062  1.         -0.1       ]",0.6181919075388059,0,0
769,826,2024-09-26 21:15:21.385288192,TASK_BEGIN,19,2.763514663301239,-0.3000724295768946,-16.409928438991706,2.809778985368302,-2.747169357037938,0.4625627978803782,14.1456449221355,-0.7723547393376149,0,2024-09-26 21:15:22.807255127,1727385322.807255,2024-09-26 21:15:22.807255040,13,0.0,0.1,11.199295594782217,[9.99493763e-01 5.06236954e-04],[9.99493763e-01 5.06236954e-04],"[0.11666667 0.3125     0.5078125  0.61666667 0.33203125 0.52734375
 1.         0.         1.         0.40429688 0.7        0.        ]",0.5340441377252908,0,0
770,827,2024-09-26 21:15:21.450654976,TASK_BEGIN,19,2.786388470219811,-0.3054756290199987,-16.334208873829116,2.847164337182703,-2.691665880721282,0.452228845568484,15.11372021102191,-0.8999789172953226,0,2024-09-26 21:15:22.858256104,1727385322.8582568,2024-09-26 21:15:22.858256896,13,0.0,0.1,11.187302638834394,[0.98496165 0.01503835],[0.98496165 0.01503835],"[ 0.10277778  0.3125      0.5078125   0.60277778  0.33203125  0.52734375
  1.          0.          1.          0.41992188  0.8        -0.03333333]",0.6769174887385611,0,0
771,828,2024-09-26 21:15:21.518884096,TASK_BEGIN,19,2.809540545881056,-0.3099681232241654,-16.193966326628093,2.872620891361138,-2.6097441133784467,0.4378162319947232,15.9765101845849,-1.0202236261806088,0,2024-09-26 21:15:22.858256104,1727385322.8582568,2024-09-26 21:15:22.858256896,13,0.0,0.1,11.187302638834394,[0.98496165 0.01503835],[0.98496165 0.01503835],"[ 0.10277778  0.3125      0.5078125   0.60277778  0.33203125  0.52734375
  1.          0.          1.          0.41992188  0.8        -0.03333333]",0.6769174887385611,0,0
772,829,2024-09-26 21:15:21.575189248,TASK_BEGIN,19,2.8315313291260424,-0.3134176406618758,-15.999057103020462,2.887065137406875,-2.503931756311692,0.4198969074861066,16.706240740887214,-1.1298160576440914,0,2024-09-26 21:15:22.858256104,1727385322.8582568,2024-09-26 21:15:22.858256896,13,0.0,0.1,11.187302638834394,[0.98496165 0.01503835],[0.98496165 0.01503835],"[ 0.10277778  0.3125      0.5078125   0.60277778  0.33203125  0.52734375
  1.          0.          1.          0.41992188  0.8        -0.03333333]",0.6769174887385611,0,0
773,830,2024-09-26 21:15:21.652400896,TASK_BEGIN,19,2.8502235198798638,-0.3155867379511594,-15.760735148160729,2.8918547904841785,-2.378249404409201,0.3993237146099094,17.284738215531856,-1.2264580502114646,0,2024-09-26 21:15:22.858256104,1727385322.8582568,2024-09-26 21:15:22.858256896,13,0.0,0.1,11.187302638834394,[0.98496165 0.01503835],[0.98496165 0.01503835],"[ 0.10277778  0.3125      0.5078125   0.60277778  0.33203125  0.52734375
  1.          0.          1.          0.41992188  0.8        -0.03333333]",0.6769174887385611,0,0
774,831,2024-09-26 21:15:21.713978112,TASK_BEGIN,19,2.8631975545300823,-0.3161925461666132,-15.490775870617083,2.8885285992789,-2.237911397028824,0.3771627110249405,17.705030987008552,-1.308872596059974,0,2024-09-26 21:15:22.858256104,1727385322.8582568,2024-09-26 21:15:22.858256896,13,0.0,0.1,11.187302638834394,[0.98496165 0.01503835],[0.98496165 0.01503835],"[ 0.10277778  0.3125      0.5078125   0.60277778  0.33203125  0.52734375
  1.          0.          1.          0.41992188  0.8        -0.03333333]",0.6769174887385611,0,0
775,832,2024-09-26 21:15:21.775860992,TASK_BEGIN,19,2.868283193327379,-0.3149883249167569,-15.201277314032104,2.878571108090771,-2.088981622502424,0.3546024061456063,17.97169481895537,-1.3767672105970197,0,2024-09-26 21:15:22.858256104,1727385322.8582568,2024-09-26 21:15:22.858256896,13,0.0,0.1,11.187302638834394,[0.98496165 0.01503835],[0.98496165 0.01503835],"[ 0.10277778  0.3125      0.5078125   0.60277778  0.33203125  0.52734375
  1.          0.          1.          0.41992188  0.8        -0.03333333]",0.6769174887385611,0,0
776,833,2024-09-26 21:15:22.735534848,TASK_BEGIN,19,2.864061838872172,-0.3118421532504168,-14.904814823825488,2.8632525972124405,-1.9380486363199247,0.3328585699685156,18.09933418844751,-1.4306477914463165,0,2024-09-26 21:15:23.720421143,1727385323.7204213,2024-09-26 21:15:23.720421376,13,0.0,0.1,11.000828677892219,[0.99287502 0.00712498],[0.99287502 0.00712498],"[-0.13333333  0.3125      0.5078125   0.36666667  0.33203125  0.52734375
  0.93611111  0.21484375  0.41015625  0.421875    0.7         0.        ]",0.48708854354201153,0,0
777,834,2024-09-26 21:15:22.787101952,TASK_BEGIN,19,2.8502224390480166,-0.3067888071971125,-14.614631895824134,2.8436016667246613,-1.791975341317926,0.3130964926257241,18.109532843762523,-1.4715081316376113,0,2024-09-26 21:15:23.720421143,1727385323.7204213,2024-09-26 21:15:23.720421376,13,0.0,0.1,11.000828677892219,[0.99287502 0.00712498],[0.99287502 0.00712498],"[-0.13333333  0.3125      0.5078125   0.36666667  0.33203125  0.52734375
  0.93611111  0.21484375  0.41015625  0.421875    0.7         0.        ]",0.48708854354201153,0,0
778,835,2024-09-26 21:15:22.864636928,TASK_BEGIN,19,2.8277202192301125,-0.300048263259489,-14.344689979341108,2.820491773155324,-1.657696266448546,0.2963745601998353,18.027736338415277,-1.5005752679605124,0,2024-09-26 21:15:23.720421143,1727385323.7204213,2024-09-26 21:15:23.720421376,13,0.0,0.1,11.000828677892219,[0.99287502 0.00712498],[0.99287502 0.00712498],"[-0.13333333  0.3125      0.5078125   0.36666667  0.33203125  0.52734375
  0.93611111  0.21484375  0.41015625  0.421875    0.7         0.        ]",0.48708854354201153,0,0
779,836,2024-09-26 21:15:22.935883008,TASK_BEGIN,19,2.7987453204985733,-0.2920209310734399,-14.109471372729024,2.7947535761778086,-1.5419549373183892,0.2835930096647271,17.88119430292853,-1.519234530891144,0,2024-09-26 21:15:23.972837891,1727385323.9728382,2024-09-26 21:15:23.972838144,13,0.0,0.1,10.95177811433007,[9.99999977e-01 2.30638343e-08],[9.99999977e-01 2.30638343e-08],"[ 0.29722222  0.33203125  0.52734375  0.86666667  0.21484375  0.41015625
  1.          0.          1.          0.38671875 -0.5         0.4       ]",0.31861770582556376,0,0
780,837,2024-09-26 21:15:22.988663808,TASK_BEGIN,19,2.766530347650217,-0.2832684377191755,-13.923406817306862,2.767229856075401,-1.4509086974438443,0.2754387208236801,17.697609557941508,-1.5290398123996938,0,2024-09-26 21:15:24.431143066,1727385324.4311435,2024-09-26 21:15:24.431143424,13,0.0,0.1,10.86946572321797,[9.99999998e-01 2.08812257e-09],[9.99999998e-01 2.08812257e-09],"[0.17222222 0.33203125 0.52734375 0.74166667 0.21484375 0.41015625
 1.         0.         1.         0.38671875 0.4        0.1       ]",0.32284621657223195,0,0
781,838,2024-09-26 21:15:23.069452800,TASK_BEGIN,19,2.7350187209046544,-0.2744761979310427,-13.799840881608796,2.7387348513772447,-1.389657059878067,0.2723377646428239,17.5034305420312,-1.5316298618014788,0,2024-09-26 21:15:24.482112793,1727385324.4821131,2024-09-26 21:15:24.482113024,13,0.0,0.1,10.86077106598579,[9.99999861e-01 1.38554795e-07],[9.99999861e-01 1.38554795e-07],"[0.15833333 0.33203125 0.52734375 0.72777778 0.21484375 0.41015625
 1.         0.         1.         0.39648438 0.5        0.06666667]",0.34176673413813735,0,0
782,839,2024-09-26 21:15:23.126743808,TASK_BEGIN,19,2.7084150629704933,-0.2663903317568342,-13.749535699464971,2.7099253893283946,-1.3618237736185386,0.2744305246890139,17.32152753358166,-1.5285206208006867,0,2024-09-26 21:15:24.533114014,1727385324.5331142,2024-09-26 21:15:24.533114112,13,0.0,1.0,11.752163355325933,[9.99977858e-01 2.21422601e-05],[9.99977858e-01 2.21422601e-05],"[0.14444444 0.33203125 0.52734375 0.71388889 0.21484375 0.41015625
 1.         0.         1.         0.40820312 0.6        0.03333333]",0.4122297838058517,0,0
783,840,2024-09-26 21:15:24.070242048,TASK_BEGIN,19,2.6906515692888853,-0.2597277873278986,-13.77882187341109,2.6811380880457727,-1.3692950899898726,0.2815730676839887,17.1691455674264,-1.5209193153509528,0,2024-09-26 21:15:25.344733887,1727385325.3447347,2024-09-26 21:15:25.344734720,13,0.0,0.1,11.49189310511993,[9.99987415e-01 1.25848917e-05],[9.99987415e-01 1.25848917e-05],"[-0.07777778  0.33203125  0.52734375  0.49166667  0.21484375  0.41015625
  0.99166667  0.2734375   0.46875     0.39648438  0.5         0.06666667]",0.6533032295391589,0,0
784,841,2024-09-26 21:15:24.146940928,TASK_BEGIN,19,2.6848336303947598,-0.2550697411169033,-13.887857670559136,2.652285599448514,-1.4121717875162227,0.2933633579837097,17.057034485561143,-1.5096854749450892,0,2024-09-26 21:15:25.344733887,1727385325.3447347,2024-09-26 21:15:25.344734720,13,0.0,0.1,11.49189310511993,[9.99987415e-01 1.25848917e-05],[9.99987415e-01 1.25848917e-05],"[-0.07777778  0.33203125  0.52734375  0.49166667  0.21484375  0.41015625
  0.99166667  0.2734375   0.46875     0.39648438  0.5         0.06666667]",0.6533032295391589,0,0
785,842,2024-09-26 21:15:24.218991872,TASK_BEGIN,19,2.6927631756041137,-0.2527634875912621,-14.069814249872032,2.62289007273434,-1.4889604081610637,0.3091934627390109,16.989616053038713,-1.4954130613468273,0,2024-09-26 21:15:25.344733887,1727385325.3447347,2024-09-26 21:15:25.344734720,13,0.0,0.1,11.49189310511993,[9.99987415e-01 1.25848917e-05],[9.99987415e-01 1.25848917e-05],"[-0.07777778  0.33203125  0.52734375  0.49166667  0.21484375  0.41015625
  0.99166667  0.2734375   0.46875     0.39648438  0.5         0.06666667]",0.6533032295391589,0,0
786,843,2024-09-26 21:15:24.285193728,TASK_BEGIN,19,2.714640654633211,-0.2528628581141194,-14.311463247352975,2.592253686233889,-1.5969547180185772,0.3283262978539218,16.965408506905423,-1.478527410602885,0,2024-09-26 21:15:25.344733887,1727385325.3447347,2024-09-26 21:15:25.344734720,13,0.0,0.1,11.49189310511993,[9.99987415e-01 1.25848917e-05],[9.99987415e-01 1.25848917e-05],"[-0.07777778  0.33203125  0.52734375  0.49166667  0.21484375  0.41015625
  0.99166667  0.2734375   0.46875     0.39648438  0.5         0.06666667]",0.6533032295391589,0,0
787,844,2024-09-26 21:15:24.352564992,TASK_BEGIN,19,2.749031047597497,-0.2551262626167138,-14.594792587212304,2.5596880543962057,-1.732663726014338,0.3499830718373123,16.977284321614466,-1.4593075879061987,0,2024-09-26 21:15:25.344733887,1727385325.3447347,2024-09-26 21:15:25.344734720,13,0.0,0.1,11.49189310511993,[9.99987415e-01 1.25848917e-05],[9.99987415e-01 1.25848917e-05],"[-0.07777778  0.33203125  0.52734375  0.49166667  0.21484375  0.41015625
  0.99166667  0.2734375   0.46875     0.39648438  0.5         0.06666667]",0.6533032295391589,0,0
788,845,2024-09-26 21:15:24.418983936,TASK_BEGIN,19,2.793145743651264,-0.2590764774247702,-14.898962628463662,2.524713571433064,-1.8921412952481416,0.3734183228043176,17.012717289593926,-1.4378043832431098,0,2024-09-26 21:15:25.344733887,1727385325.3447347,2024-09-26 21:15:25.344734720,13,0.0,0.1,11.49189310511993,[9.99987415e-01 1.25848917e-05],[9.99987415e-01 1.25848917e-05],"[-0.07777778  0.33203125  0.52734375  0.49166667  0.21484375  0.41015625
  0.99166667  0.2734375   0.46875     0.39648438  0.5         0.06666667]",0.6533032295391589,0,0
789,846,2024-09-26 21:15:24.486163968,TASK_BEGIN,19,2.8433826173883245,-0.2641085800676133,-15.202310259667383,2.48719439135967,-2.0711598730366454,0.397963285973713,17.05425145615334,-1.413691974688965,0,2024-09-26 21:15:25.344733887,1727385325.3447347,2024-09-26 21:15:25.344734720,13,0.0,0.1,11.49189310511993,[9.99987415e-01 1.25848917e-05],[9.99987415e-01 1.25848917e-05],"[-0.07777778  0.33203125  0.52734375  0.49166667  0.21484375  0.41015625
  0.99166667  0.2734375   0.46875     0.39648438  0.5         0.06666667]",0.6533032295391589,0,0
790,847,2024-09-26 21:15:25.412009984,TASK_BEGIN,19,2.89593389245134,-0.2696114863041348,-15.484390081882957,2.4474285574817505,-2.2652390289733586,0.4230321267034756,17.080187134056942,-1.3861191189963638,0,2024-09-26 21:15:26.259629883,1727385326.2596304,2024-09-26 21:15:26.259630336,13,0.0,0.1,11.245005326835077,[0.97638558 0.02361442],[0.97638558 0.02361442],"[0.24166667 0.21484375 0.41015625 0.74166667 0.2734375  0.46875
 1.         0.         1.         0.3203125  0.6        0.03333333]",0.6482890657510245,0,0
791,848,2024-09-26 21:15:25.465741056,TASK_BEGIN,19,2.9472451588024997,-0.2750587444146565,-15.727890477992853,2.4062127347485984,-2.469583224753213,0.4481039195586056,17.0656113277075,-1.3536416584037518,0,2024-09-26 21:15:26.360294189,1727385326.3602943,2024-09-26 21:15:26.360294400,13,1.0,0.1,11.220229720831059,[0.06458547 0.93541453],[0.06458547 0.93541453],"[ 0.21388889  0.21484375  0.41015625  0.71388889  0.2734375   0.46875
  1.          0.          1.          0.31835938 -0.8         0.5       ]",0.6349534720881386,0,0
792,849,2024-09-26 21:15:25.545574912,TASK_BEGIN,19,2.994209649154484,-0.2800401312111981,-15.920075362957745,2.3648732567352737,-2.6790246579293444,0.4727041433254552,16.98425075824834,-1.314328811460488,0,2024-09-26 21:15:26.970020996,1727385326.970022,2024-09-26 21:15:26.970021888,13,0.0,0.1,11.92045197767933,[9.99999763e-01 2.37048672e-07],[9.99999763e-01 2.37048672e-07],"[0.04722222 0.21484375 0.41015625 0.54722222 0.2734375  0.46875
 1.         0.         1.         0.28320312 0.4        0.1       ]",0.34494708864725154,0,0
793,850,2024-09-26 21:15:25.604306944,TASK_BEGIN,19,3.034137899463356,-0.284240856033945,-16.053466426198586,2.325243572229821,-2.888058393239226,0.4964030854612689,16.811304727626176,-1.2660584992853543,0,2024-09-26 21:15:27.021020020,1727385327.0210207,2024-09-26 21:15:27.021020672,13,0.0,0.1,11.901247457902535,[9.99998743e-01 1.25672655e-06],[9.99998743e-01 1.25672655e-06],"[0.03333333 0.21484375 0.41015625 0.53333333 0.2734375  0.46875
 1.         0.         1.         0.29296875 0.5        0.06666667]",0.3731043424043069,0,0
794,851,2024-09-26 21:15:25.665934080,TASK_BEGIN,19,3.0646646068406502,-0.2874023530449509,-16.125711619059274,2.289555275570568,-3.0909951099190045,0.5188322307565426,16.526631247140692,-1.2069161472777672,0,2024-09-26 21:15:27.072021973,1727385327.0720222,2024-09-26 21:15:27.072022272,13,0.0,0.1,11.88223498332351,[9.99995000e-01 5.00034137e-06],[9.99995000e-01 5.00034137e-06],"[0.01944444 0.21484375 0.41015625 0.51944444 0.2734375  0.46875
 1.         0.         1.         0.3046875  0.6        0.03333333]",0.4282113381254636,0,0
795,852,2024-09-26 21:15:25.744094976,TASK_BEGIN,19,3.083759085277034,-0.2892985877381284,-16.13877576741066,2.2601968509658814,-3.282185871285723,0.5397025301955144,16.117476255382577,-1.1356056346231642,0,2024-09-26 21:15:27.123019043,1727385327.1230195,2024-09-26 21:15:27.123019520,13,0.0,0.1,11.863412633490274,[9.99980440e-01 1.95601033e-05],[9.99980440e-01 1.95601033e-05],"[0.00555556 0.21484375 0.41015625 0.50555556 0.2734375  0.46875
 1.         0.         1.         0.31835938 0.7        0.        ]",0.5158642763655051,0,0
796,853,2024-09-26 21:15:25.812701952,TASK_BEGIN,19,3.0898777756659026,-0.2897395727287586,-16.097726951547273,2.23934828679399,-3.4562334874224505,0.5588011934861455,15.58031195643853,-1.0517944962054968,0,2024-09-26 21:15:27.123019043,1727385327.1230195,2024-09-26 21:15:27.123019520,13,0.0,0.1,11.863412633490274,[9.99980440e-01 1.95601033e-05],[9.99980440e-01 1.95601033e-05],"[0.00555556 0.21484375 0.41015625 0.50555556 0.2734375  0.46875
 1.         0.         1.         0.31835938 0.7        0.        ]",0.5158642763655051,0,0
797,854,2024-09-26 21:15:26.761267712,TASK_BEGIN,19,3.08214900833234,-0.2885887592197786,-16.009500871619927,2.228604858629097,-3.608139851756122,0.5759599504644353,14.921478752904488,-0.9562788949599078,0,2024-09-26 21:15:28.041093994,1727385328.041095,2024-09-26 21:15:28.041094912,13,0.0,0.1,11.555043485907575,[0.99446438 0.00553562],[0.99446438 0.00553562],"[0.25555556 0.2734375  0.46875    0.75555556 0.21484375 0.41015625
 1.         0.         1.         0.37109375 0.3        0.13333333]",0.5729945794517624,0,0
798,855,2024-09-26 21:15:26.829004032,TASK_BEGIN,19,3.060471130059579,-0.2857771509876458,-15.881892978478438,2.228726271400362,-3.733427853480132,0.5910143973192487,14.156230940900846,-0.8508599937293082,0,2024-09-26 21:15:28.041093994,1727385328.041095,2024-09-26 21:15:28.041094912,13,0.0,0.1,11.555043485907575,[0.99446438 0.00553562],[0.99446438 0.00553562],"[0.25555556 0.2734375  0.46875    0.75555556 0.21484375 0.41015625
 1.         0.         1.         0.37109375 0.3        0.13333333]",0.5729945794517624,0,0
799,856,2024-09-26 21:15:26.895288064,TASK_BEGIN,19,3.025518094234595,-0.2813143827603957,-15.722720174340555,2.2395542323034325,-3.828324377432337,0.6037824177302551,13.306171355657233,-0.7379483514836135,0,2024-09-26 21:15:28.041093994,1727385328.041095,2024-09-26 21:15:28.041094912,13,0.0,0.1,11.555043485907575,[0.99446438 0.00553562],[0.99446438 0.00553562],"[0.25555556 0.2734375  0.46875    0.75555556 0.21484375 0.41015625
 1.         0.         1.         0.37109375 0.3        0.13333333]",0.5729945794517624,0,0
800,857,2024-09-26 21:15:26.962532864,TASK_BEGIN,19,2.978702955408853,-0.2753034469253514,-15.539042351569105,2.260058220863329,-3.890043722364696,0.6140765536373952,12.395913635783884,-0.6200739917194762,0,2024-09-26 21:15:28.041093994,1727385328.041095,2024-09-26 21:15:28.041094912,13,0.0,0.1,11.555043485907575,[0.99446438 0.00553562],[0.99446438 0.00553562],"[0.25555556 0.2734375  0.46875    0.75555556 0.21484375 0.41015625
 1.         0.         1.         0.37109375 0.3        0.13333333]",0.5729945794517624,0,0
801,858,2024-09-26 21:15:27.023025920,TASK_BEGIN,19,2.922108182615782,-0.2679523094758811,-15.33650628013114,2.288463099433399,-3.9171154322504087,0.6217451879458422,11.45022670490398,-0.4995111091163805,0,2024-09-26 21:15:28.041093994,1727385328.041095,2024-09-26 21:15:28.041094912,13,0.0,0.1,11.555043485907575,[0.99446438 0.00553562],[0.99446438 0.00553562],"[0.25555556 0.2734375  0.46875    0.75555556 0.21484375 0.41015625
 1.         0.         1.         0.37109375 0.3        0.13333333]",0.5729945794517624,0,0
802,859,2024-09-26 21:15:27.096102144,TASK_BEGIN,19,2.8583726696844627,-0.2595729430603479,-15.11893696587052,2.322428835079368,-3.909651997934514,0.6267212451064437,10.492531763102146,-0.3781232857440111,0,2024-09-26 21:15:28.041093994,1727385328.041095,2024-09-26 21:15:28.041094912,13,0.0,0.1,11.555043485907575,[0.99446438 0.00553562],[0.99446438 0.00553562],"[0.25555556 0.2734375  0.46875    0.75555556 0.21484375 0.41015625
 1.         0.         1.         0.37109375 0.3        0.13333333]",0.5729945794517624,0,0
803,860,2024-09-26 21:15:27.161945088,TASK_BEGIN,19,2.7905589439031986,-0.2505732169829381,-14.88834836312639,2.3592642820030534,-3.869499756437241,0.6290566649080891,9.54489483452054,-0.257436573010757,0,2024-09-26 21:15:28.041093994,1727385328.041095,2024-09-26 21:15:28.041094912,13,0.0,0.1,11.555043485907575,[0.99446438 0.00553562],[0.99446438 0.00553562],"[0.25555556 0.2734375  0.46875    0.75555556 0.21484375 0.41015625
 1.         0.         1.         0.37109375 0.3        0.13333333]",0.5729945794517624,0,0
804,861,2024-09-26 21:15:28.097039104,TASK_BEGIN,19,2.722032399457593,-0.2414494752692915,-14.645598872637777,2.3961687712814967,-3.800284751431225,0.6289376945351817,8.628816802954267,-0.1388586633552537,0,2024-09-26 21:15:28.957405029,1727385328.957405,2024-09-26 21:15:28.957405184,13,0.0,0.1,12.111649056151107,[0.98930261 0.01069739],[0.98930261 0.01069739],"[ 0.00555556  0.2734375   0.46875     0.50555556  0.21484375  0.41015625
  1.          0.          1.          0.37890625  0.8        -0.03333333]",0.6198803952450552,0,0
805,862,2024-09-26 21:15:28.174164992,TASK_BEGIN,19,2.656341777147215,-0.2327710265448807,-14.391625898302603,2.430487634595376,-3.7073380427451705,0.6266860868464303,7.765549518001923,-0.0238604669175541,0,2024-09-26 21:15:29.361402100,1727385329.361403,2024-09-26 21:15:29.361402880,13,1.0,0.1,11.948512963057157,[0.18816164 0.81183836],[0.18816164 0.81183836],"[-0.10555556  0.2734375   0.46875     0.39444444  0.21484375  0.41015625
  0.96388889  0.1953125   0.390625    0.32421875 -0.8         0.5       ]",0.41618260065215995,0,0
806,863,2024-09-26 21:15:28.245874944,TASK_BEGIN,19,2.597046737004051,-0.2251405688546894,-14.128732823003276,2.459946063286505,-3.597425993511919,0.6227442456446218,6.975154345939854,0.0860356755684955,0,2024-09-26 21:15:29.361402100,1727385329.361403,2024-09-26 21:15:29.361402880,13,1.0,0.1,11.948512963057157,[0.18816164 0.81183836],[0.18816164 0.81183836],"[-0.10555556  0.2734375   0.46875     0.39444444  0.21484375  0.41015625
  0.96388889  0.1953125   0.390625    0.32421875 -0.8         0.5       ]",0.41618260065215995,0,0
807,864,2024-09-26 21:15:28.297874944,TASK_BEGIN,19,2.5474524774109346,-0.2191299991100149,-13.861431831667142,2.4828220926492994,-3.478259085802895,0.6176397133783862,6.274794186289724,0.1894265153596587,0,2024-09-26 21:15:29.361402100,1727385329.361403,2024-09-26 21:15:29.361402880,13,1.0,0.1,11.948512963057157,[0.18816164 0.81183836],[0.18816164 0.81183836],"[-0.10555556  0.2734375   0.46875     0.39444444  0.21484375  0.41015625
  0.96388889  0.1953125   0.390625    0.32421875 -0.8         0.5       ]",0.41618260065215995,0,0
808,865,2024-09-26 21:15:28.377494016,TASK_BEGIN,19,2.5102942388509075,-0.2152120930294736,-13.596821855879227,2.4980438413971533,-3.3578299656997337,0.6119294254179909,5.677453653641214,0.2851717060576087,0,2024-09-26 21:15:29.361402100,1727385329.361403,2024-09-26 21:15:29.361402880,13,1.0,0.1,11.948512963057157,[0.18816164 0.81183836],[0.18816164 0.81183836],"[-0.10555556  0.2734375   0.46875     0.39444444  0.21484375  0.41015625
  0.96388889  0.1953125   0.390625    0.32421875 -0.8         0.5       ]",0.41618260065215995,0,0
809,866,2024-09-26 21:15:28.436371968,TASK_BEGIN,19,2.48749899782888,-0.2137156125985985,-13.344741017713616,2.5052344094630663,-3.2436417844268948,0.6061250761939139,5.191745338129199,0.3723664093479167,0,2024-09-26 21:15:29.361402100,1727385329.361403,2024-09-26 21:15:29.361402880,13,1.0,0.1,11.948512963057157,[0.18816164 0.81183836],[0.18816164 0.81183836],"[-0.10555556  0.2734375   0.46875     0.39444444  0.21484375  0.41015625
  0.96388889  0.1953125   0.390625    0.32421875 -0.8         0.5       ]",0.41618260065215995,0,0
810,867,2024-09-26 21:15:28.513001984,TASK_BEGIN,19,2.4801333959462637,-0.2148167327367285,-13.117764723755457,2.5047495061567284,-3.1419288080287755,0.6006094239414164,4.822423477164253,0.4501780675419808,0,2024-09-26 21:15:29.361402100,1727385329.361403,2024-09-26 21:15:29.361402880,13,1.0,0.1,11.948512963057157,[0.18816164 0.81183836],[0.18816164 0.81183836],"[-0.10555556  0.2734375   0.46875     0.39444444  0.21484375  0.41015625
  0.96388889  0.1953125   0.390625    0.32421875 -0.8         0.5       ]",0.41618260065215995,0,0
811,868,2024-09-26 21:15:29.462306816,TASK_BEGIN,19,2.4885093420222915,-0.2185513122229573,-12.930852175880409,2.4977224231505226,-3.0570463546780764,0.5955714532352572,4.570895119090018,0.5177094150067233,0,2024-09-26 21:15:30.885168945,1727385330.88517,2024-09-26 21:15:30.885169920,13,0.0,0.1,12.23906215086979,[9.99993344e-01 6.65590097e-06],[9.99993344e-01 6.65590097e-06],"[-0.02222222  0.21484375  0.41015625  0.54722222  0.1953125   0.390625
  1.          0.          1.          0.29492188  0.6         0.03333333]",0.40468122509655396,0,0
812,869,2024-09-26 21:15:29.528372992,TASK_BEGIN,19,2.5123107567450904,-0.2248198849458632,-12.800428859823793,2.486065821760303,-2.991177000132427,0.5909889235969612,4.43540700338368,0.5740076436958682,0,2024-09-26 21:15:30.935168945,1727385330.9351697,2024-09-26 21:15:30.935169792,13,0.0,0.1,12.216671529361092,[9.99959004e-01 4.09958269e-05],[9.99959004e-01 4.09958269e-05],"[-0.03611111  0.21484375  0.41015625  0.53333333  0.1953125   0.390625
  1.          0.          1.          0.30859375  0.7         0.        ]",0.4890232338830767,0,0
813,870,2024-09-26 21:15:29.595874048,TASK_BEGIN,19,2.5506565828492875,-0.2333785458817132,-12.742921582700257,2.4723599266678478,-2.944369345785539,0.5866611434395542,4.410846057652916,0.6182204720905796,0,2024-09-26 21:15:31.037395996,1727385331.0373967,2024-09-26 21:15:31.037396736,13,0.0,0.1,12.172559765926804,[0.99723516 0.00276484],[0.99723516 0.00276484],"[-0.06388889  0.21484375  0.41015625  0.50555556  0.1953125   0.390625
  1.          0.          1.          0.34179688  0.9        -0.06666667]",0.763679327169928,0,0
814,871,2024-09-26 21:15:29.661615104,TASK_BEGIN,19,2.602117054967435,-0.2438326824865512,-12.772911535497355,2.4596117849553063,-2.914818972055551,0.5822700610314749,4.488297756058441,0.649806652324058,0,2024-09-26 21:15:31.037395996,1727385331.0373967,2024-09-26 21:15:31.037396736,13,0.0,0.1,12.172559765926804,[0.99723516 0.00276484],[0.99723516 0.00276484],"[-0.06388889  0.21484375  0.41015625  0.50555556  0.1953125   0.390625
  1.          0.          1.          0.34179688  0.9        -0.06666667]",0.763679327169928,0,0
815,872,2024-09-26 21:15:29.729436928,TASK_BEGIN,19,2.664712786798268,-0.2556442502877999,-12.901133187640784,2.450935155047856,-2.899249732830116,0.5774430701963483,4.654903163480552,0.668670310260108,0,2024-09-26 21:15:31.037395996,1727385331.0373967,2024-09-26 21:15:31.037396736,13,0.0,0.1,12.172559765926804,[0.99723516 0.00276484],[0.99723516 0.00276484],"[-0.06388889  0.21484375  0.41015625  0.50555556  0.1953125   0.390625
  1.          0.          1.          0.34179688  0.9        -0.06666667]",0.763679327169928,0,0
816,873,2024-09-26 21:15:29.785232896,TASK_BEGIN,19,2.735902093778719,-0.2681487322797896,-13.132725688998624,2.449211289231792,-2.893232382423836,0.5717941439877956,4.894490825067557,0.6751461260602167,0,2024-09-26 21:15:31.037395996,1727385331.0373967,2024-09-26 21:15:31.037396736,13,0.0,0.1,12.172559765926804,[0.99723516 0.00276484],[0.99723516 0.00276484],"[-0.06388889  0.21484375  0.41015625  0.50555556  0.1953125   0.390625
  1.          0.          1.          0.34179688  0.9        -0.06666667]",0.763679327169928,0,0
817,874,2024-09-26 21:15:29.863010048,TASK_BEGIN,19,2.8125584868178346,-0.2805795934491213,-13.46616920153215,2.4567564098333468,-2.891360063838675,0.5649297799510054,5.188856795132944,0.669868247491324,0,2024-09-26 21:15:31.037395996,1727385331.0373967,2024-09-26 21:15:31.037396736,13,0.0,0.1,12.172559765926804,[0.99723516 0.00276484],[0.99723516 0.00276484],"[-0.06388889  0.21484375  0.41015625  0.50555556  0.1953125   0.390625
  1.          0.          1.          0.34179688  0.9        -0.06666667]",0.763679327169928,0,0
818,875,2024-09-26 21:15:30.785780992,TASK_BEGIN,19,2.890958851098827,-0.2921041476216844,-13.893003686701377,2.475011761348196,-2.8874014079213954,0.556435594386097,5.519294660271585,0.653595093404549,0,2024-09-26 21:15:32.201479004,1727385332.2014794,2024-09-26 21:15:32.201479424,13,0.0,0.1,11.724174462309023,[9.99904185e-01 9.58145430e-05],[9.99904185e-01 9.58145430e-05],"[0.18611111 0.1953125  0.390625   0.68611111 0.3125     0.5078125
 1.         0.         1.         0.28710938 0.7        0.        ]",0.5068137544470742,0,0
819,876,2024-09-26 21:15:30.850054912,TASK_BEGIN,19,2.9668597435373703,-0.3018763027931727,-14.39820786397958,2.504317835058242,-2.874653159172009,0.5458826885461144,5.868180469626509,0.627046280000072,0,2024-09-26 21:15:32.252477783,1727385332.2524788,2024-09-26 21:15:32.252478720,13,0.0,0.1,11.706932717685932,[0.99552605 0.00447395],[0.99552605 0.00447395],"[ 0.17222222  0.1953125   0.390625    0.67222222  0.3125      0.5078125
  1.          0.          1.          0.30273438  0.8        -0.03333333]",0.7076351736253079,0,0
820,877,2024-09-26 21:15:30.920491008,TASK_BEGIN,19,3.0357459189525065,-0.3091083593694825,-14.961341625610268,2.5438728065292704,-2.846572743846445,0.5328771452383887,6.220438306527844,0.59080596947883,0,2024-09-26 21:15:32.252477783,1727385332.2524788,2024-09-26 21:15:32.252478720,13,0.0,0.1,11.706932717685932,[0.99552605 0.00447395],[0.99552605 0.00447395],"[ 0.17222222  0.1953125   0.390625    0.67222222  0.3125      0.5078125
  1.          0.          1.          0.30273438  0.8        -0.03333333]",0.7076351736253079,0,0
821,878,2024-09-26 21:15:30.987731968,TASK_BEGIN,19,3.093226126853636,-0.3131519092105269,-15.558639892235083,2.5919292259291367,-2.7975451815749754,0.5171383849923625,6.564619429613386,0.5453255555205004,0,2024-09-26 21:15:32.252477783,1727385332.2524788,2024-09-26 21:15:32.252478720,13,0.0,0.1,11.706932717685932,[0.99552605 0.00447395],[0.99552605 0.00447395],"[ 0.17222222  0.1953125   0.390625    0.67222222  0.3125      0.5078125
  1.          0.          1.          0.30273438  0.8        -0.03333333]",0.7076351736253079,0,0
822,879,2024-09-26 21:15:31.054523904,TASK_BEGIN,19,3.135474161527549,-0.3135683177728373,-16.165607641349382,2.646153859343822,-2.723530594940587,0.4985668962344415,6.893688057972344,0.4909707200590852,0,2024-09-26 21:15:32.252477783,1727385332.2524788,2024-09-26 21:15:32.252478720,13,0.0,0.1,11.706932717685932,[0.99552605 0.00447395],[0.99552605 0.00447395],"[ 0.17222222  0.1953125   0.390625    0.67222222  0.3125      0.5078125
  1.          0.          1.          0.30273438  0.8        -0.03333333]",0.7076351736253079,0,0
823,880,2024-09-26 21:15:31.121303040,TASK_BEGIN,19,3.159645930677523,-0.3101752096358885,-16.759072808464985,2.7039933105830447,-2.622416439142312,0.4772677330733506,7.2059515382491295,0.4279922064078745,0,2024-09-26 21:15:32.252477783,1727385332.2524788,2024-09-26 21:15:32.252478720,13,0.0,0.1,11.706932717685932,[0.99552605 0.00447395],[0.99552605 0.00447395],"[ 0.17222222  0.1953125   0.390625    0.67222222  0.3125      0.5078125
  1.          0.          1.          0.30273438  0.8        -0.03333333]",0.7076351736253079,0,0
824,881,2024-09-26 21:15:31.187708928,TASK_BEGIN,19,3.164223806561138,-0.3030660978613186,-17.31812928346503,2.762949545574285,-2.494096680535223,0.4535328354588168,7.506101823413439,0.3563806029200778,0,2024-09-26 21:15:32.252477783,1727385332.2524788,2024-09-26 21:15:32.252478720,13,0.0,0.1,11.706932717685932,[0.99552605 0.00447395],[0.99552605 0.00447395],"[ 0.17222222  0.1953125   0.390625    0.67222222  0.3125      0.5078125
  1.          0.          1.          0.30273438  0.8        -0.03333333]",0.7076351736253079,0,0
825,882,2024-09-26 21:15:32.132376832,TASK_BEGIN,19,3.1492221494642174,-0.2926041444005978,-17.82435870775263,2.8207602149442788,-2.340420482556061,0.427815262438185,7.805705322404525,0.2757075376946988,0,2024-09-26 21:15:33.465445068,1727385333.465446,2024-09-26 21:15:33.465445888,13,0.0,0.1,12.062567254699628,[0.99265964 0.00734036],[0.99265964 0.00734036],"[-0.16111111  0.1953125   0.390625    0.33888889  0.3125      0.5078125
  0.83888889  0.33203125  0.52734375  0.43554688  1.         -0.23333333]",0.7465323066819745,0,0
826,883,2024-09-26 21:15:32.193408000,TASK_BEGIN,19,3.1162176727191664,-0.2793925862153124,-18.26210665862212,2.8755113796180245,-2.1650768353068703,0.4007146583953823,8.122632710040314,0.1850738420975387,0,2024-09-26 21:15:33.465445068,1727385333.465446,2024-09-26 21:15:33.465445888,13,0.0,0.1,12.062567254699628,[0.99265964 0.00734036],[0.99265964 0.00734036],"[-0.16111111  0.1953125   0.390625    0.33888889  0.3125      0.5078125
  0.83888889  0.33203125  0.52734375  0.43554688  1.         -0.23333333]",0.7465323066819745,0,0
827,884,2024-09-26 21:15:32.271032832,TASK_BEGIN,19,3.0682185741283057,-0.2642256070710838,-18.619329126489543,2.925738314956174,-1.973361420277873,0.3729616256213864,8.479303564575858,0.0832147241569318,0,2024-09-26 21:15:33.465445068,1727385333.465446,2024-09-26 21:15:33.465445888,13,0.0,0.1,12.062567254699628,[0.99265964 0.00734036],[0.99265964 0.00734036],"[-0.16111111  0.1953125   0.390625    0.33888889  0.3125      0.5078125
  0.83888889  0.33203125  0.52734375  0.43554688  1.         -0.23333333]",0.7465323066819745,0,0
828,885,2024-09-26 21:15:32.332303104,TASK_BEGIN,19,3.009388264794336,-0.2480223899396144,-18.88882691515665,2.970547331423808,-1.7717977117268582,0.3453870568925868,8.899702531769778,-0.0312386926961372,0,2024-09-26 21:15:33.465445068,1727385333.465446,2024-09-26 21:15:33.465445888,13,0.0,0.1,12.062567254699628,[0.99265964 0.00734036],[0.99265964 0.00734036],"[-0.16111111  0.1953125   0.390625    0.33888889  0.3125      0.5078125
  0.83888889  0.33203125  0.52734375  0.43554688  1.         -0.23333333]",0.7465323066819745,0,0
829,886,2024-09-26 21:15:32.393521920,TASK_BEGIN,19,2.9446398877414395,-0.231752097891406,-19.06903020388356,3.009684587834055,-1.5676892175310273,0.3188818260769122,9.405476131609207,-0.1593944952239906,0,2024-09-26 21:15:33.465445068,1727385333.465446,2024-09-26 21:15:33.465445888,13,0.0,0.1,12.062567254699628,[0.99265964 0.00734036],[0.99265964 0.00734036],"[-0.16111111  0.1953125   0.390625    0.33888889  0.3125      0.5078125
  0.83888889  0.33203125  0.52734375  0.43554688  1.         -0.23333333]",0.7465323066819745,0,0
830,887,2024-09-26 21:15:32.456009984,TASK_BEGIN,19,2.8791604687981898,-0.216365749239785,-19.163724573900662,3.0434569401616978,-1.368694451949074,0.2943557618921379,10.01199492704519,-0.301715969344573,0,2024-09-26 21:15:33.465445068,1727385333.465446,2024-09-26 21:15:33.465445888,13,0.0,0.1,12.062567254699628,[0.99265964 0.00734036],[0.99265964 0.00734036],"[-0.16111111  0.1953125   0.390625    0.33888889  0.3125      0.5078125
  0.83888889  0.33203125  0.52734375  0.43554688  1.         -0.23333333]",0.7465323066819745,0,0
831,888,2024-09-26 21:15:32.533691904,TASK_BEGIN,19,2.817947928908342,-0.2027438403284028,-19.181046320240675,3.0725443233548706,-1.1824710211565783,0.2726991401268304,10.725323843876255,-0.4576794775109207,0,2024-09-26 21:15:33.465445068,1727385333.465446,2024-09-26 21:15:33.465445888,13,0.0,0.1,12.062567254699628,[0.99265964 0.00734036],[0.99265964 0.00734036],"[-0.16111111  0.1953125   0.390625    0.33888889  0.3125      0.5078125
  0.83888889  0.33203125  0.52734375  0.43554688  1.         -0.23333333]",0.7465323066819745,0,0
832,889,2024-09-26 21:15:33.482927104,TASK_BEGIN,19,2.765428630515697,-0.1916557920578624,-19.132543050580487,3.0978401506980493,-1.0164320323696376,0.2547555212296319,11.540669740640038,-0.6255251641238903,0,2024-09-26 21:15:34.380052979,1727385334.3800538,2024-09-26 21:15:34.380053760,13,0.0,0.1,12.58577716696316,[0.97306436 0.02693564],[0.97306436 0.02693564],"[0.08888889 0.3125     0.5078125  0.58888889 0.33203125 0.52734375
 1.         0.         1.         0.42382812 0.7        0.        ]",0.634611629570804,0,0
833,890,2024-09-26 21:15:33.553302016,TASK_BEGIN,19,2.7252007616151173,-0.1837297223269806,-19.032677282120343,3.1204006720223028,-0.8776374039097492,0.2413150527030753,12.442465269366936,-0.8021530915669665,0,2024-09-26 21:15:34.635055176,1727385334.6350555,2024-09-26 21:15:34.635055616,13,0.0,0.1,12.459048357040576,[0.99771477 0.00228523],[0.99771477 0.00228523],"[ 0.01944444  0.3125      0.5078125   0.51944444  0.33203125  0.52734375
  1.          0.          1.          0.38867188 -0.5         0.4       ]",0.3549404506024936,0,0
834,891,2024-09-26 21:15:33.620093952,TASK_BEGIN,19,2.699911867030436,-0.1794353439430739,-18.898457480631503,3.1414668193659416,-0.7727569461621098,0.2331209685342973,13.405753615991395,-0.983178762329024,0,2024-09-26 21:15:34.635055176,1727385334.6350555,2024-09-26 21:15:34.635055616,13,0.0,0.1,12.459048357040576,[0.99771477 0.00228523],[0.99771477 0.00228523],"[ 0.01944444  0.3125      0.5078125   0.51944444  0.33203125  0.52734375
  1.          0.          1.          0.38867188 -0.5         0.4       ]",0.3549404506024936,0,0
835,892,2024-09-26 21:15:33.686903040,TASK_BEGIN,19,2.691233575806615,-0.1790775241352548,-18.748513101179,3.162430920191761,-0.707965210140444,0.2308667913094474,14.39821686303058,-1.1631285273318397,0,2024-09-26 21:15:35.092152100,1727385335.092152,2024-09-26 21:15:35.092152064,13,0.0,0.1,12.246383086552873,[9.99933351e-01 6.66491823e-05],[9.99933351e-01 6.66491823e-05],"[-0.10555556  0.3125      0.5078125   0.39444444  0.33203125  0.52734375
  0.96388889  0.234375    0.4296875   0.38867188  0.4         0.1       ]",0.36715021858765856,0,0
836,893,2024-09-26 21:15:33.744935936,TASK_BEGIN,19,2.6998693821969457,-0.182795269990562,-18.60121743230644,3.184629733508309,-0.6886134270750248,0.2351584650751264,15.382449985749757,-1.335768991097483,0,2024-09-26 21:15:35.143152100,1727385335.1431525,2024-09-26 21:15:35.143152384,13,0.0,0.1,12.223919255687344,[9.99689184e-01 3.10816090e-04],[9.99689184e-01 3.10816090e-04],"[-0.11944444  0.3125      0.5078125   0.38055556  0.33203125  0.52734375
  0.95        0.234375    0.4296875   0.3984375   0.5         0.06666667]",0.39134191927299283,0,0
837,894,2024-09-26 21:15:33.806728960,TASK_BEGIN,19,2.725537649755372,-0.1905625503266846,-18.472335874097592,3.209008785249677,-0.7186152627314154,0.2464296691832734,16.318517939587526,-1.4945694030167258,0,2024-09-26 21:15:35.245152832,1727385335.2451534,2024-09-26 21:15:35.245153536,13,0.0,0.1,12.179663262499163,[0.97820415 0.02179585],[0.97820415 0.02179585],"[-0.14722222  0.3125      0.5078125   0.35277778  0.33203125  0.52734375
  0.92222222  0.234375    0.4296875   0.42382812  0.7         0.        ]",0.4444029681056724,0,0
838,895,2024-09-26 21:15:33.887252992,TASK_BEGIN,19,2.7669291881812508,-0.2021890180758495,-18.373202919258084,3.2358618347340578,-0.7996896851695695,0.2648292328735631,17.166765216587997,-1.6332426876183537,0,2024-09-26 21:15:35.245152832,1727385335.2451534,2024-09-26 21:15:35.245153536,13,0.0,0.1,12.179663262499163,[0.97820415 0.02179585],[0.97820415 0.02179585],"[-0.14722222  0.3125      0.5078125   0.35277778  0.33203125  0.52734375
  0.92222222  0.234375    0.4296875   0.42382812  0.7         0.        ]",0.4444029681056724,0,0
839,896,2024-09-26 21:15:34.831866880,TASK_BEGIN,19,2.821703616695197,-0.2173230678225238,-18.30993338885457,3.2647941186020635,-0.93077618437388,0.2901225426993712,17.89046975940345,-1.7462459309565443,0,2024-09-26 21:15:36.105707031,1727385336.1057072,2024-09-26 21:15:36.105707264,13,0.0,0.1,12.719422310992668,[0.99658106 0.00341894],[0.99658106 0.00341894],"[0.11666667 0.33203125 0.52734375 0.68611111 0.234375   0.4296875
 1.         0.         1.         0.42382812 0.7        0.        ]",0.5782800724687363,0,0
840,897,2024-09-26 21:15:34.894049792,TASK_BEGIN,19,2.8865909014926285,-0.2354634526153189,-18.283539043247384,3.294889202359814,-1.1078891726110096,0.3216438721106408,18.458007104043087,-1.829136758377789,0,2024-09-26 21:15:36.105707031,1727385336.1057072,2024-09-26 21:15:36.105707264,13,0.0,0.1,12.719422310992668,[0.99658106 0.00341894],[0.99658106 0.00341894],"[0.11666667 0.33203125 0.52734375 0.68611111 0.234375   0.4296875
 1.         0.         1.         0.42382812 0.7        0.        ]",0.5782800724687363,0,0
841,898,2024-09-26 21:15:34.970221824,TASK_BEGIN,19,2.9576150538746413,-0.2559825894811793,-18.290797858982938,3.324982662518216,-1.3244259849843114,0.3583105049619304,18.844718645480285,-1.8787907009813516,0,2024-09-26 21:15:36.105707031,1727385336.1057072,2024-09-26 21:15:36.105707264,13,0.0,0.1,12.719422310992668,[0.99658106 0.00341894],[0.99658106 0.00341894],"[0.11666667 0.33203125 0.52734375 0.68611111 0.234375   0.4296875
 1.         0.         1.         0.42382812 0.7        0.        ]",0.5782800724687363,0,0
842,899,2024-09-26 21:15:35.036997120,TASK_BEGIN,19,3.030409875424372,-0.2781594464201727,-18.32566057005687,3.3539318627495502,-1.571727840342478,0.3986847472233547,19.03479888577898,-1.893572767457616,0,2024-09-26 21:15:36.105707031,1727385336.1057072,2024-09-26 21:15:36.105707264,13,0.0,0.1,12.719422310992668,[0.99658106 0.00341894],[0.99658106 0.00341894],"[0.11666667 0.33203125 0.52734375 0.68611111 0.234375   0.4296875
 1.         0.         1.         0.42382812 0.7        0.        ]",0.5782800724687363,0,0
843,900,2024-09-26 21:15:35.103786752,TASK_BEGIN,19,3.100572015886036,-0.3012195159606177,-18.380618038279483,3.3807552136556223,-1.8397129797179252,0.4410660837567703,19.023035199674748,-1.873528412991424,0,2024-09-26 21:15:36.105707031,1727385336.1057072,2024-09-26 21:15:36.105707264,13,0.0,0.1,12.719422310992668,[0.99658106 0.00341894],[0.99658106 0.00341894],"[0.11666667 0.33203125 0.52734375 0.68611111 0.234375   0.4296875
 1.         0.         1.         0.42382812 0.7        0.        ]",0.5782800724687363,0,0
844,901,2024-09-26 21:15:35.170574848,TASK_BEGIN,19,3.1639915080751715,-0.3243798653770511,-18.44749724243113,3.404591313657916,-2.117551169913272,0.4836079355820388,18.81589453411169,-1.8205669357274288,0,2024-09-26 21:15:36.105707031,1727385336.1057072,2024-09-26 21:15:36.105707264,13,0.0,0.1,12.719422310992668,[0.99658106 0.00341894],[0.99658106 0.00341894],"[0.11666667 0.33203125 0.52734375 0.68611111 0.234375   0.4296875
 1.         0.         1.         0.42382812 0.7        0.        ]",0.5782800724687363,0,0
845,902,2024-09-26 21:15:35.233650944,TASK_BEGIN,19,3.2171232624194395,-0.3468956436956415,-18.5177731397205,3.424600534492519,-2.394386512058281,0.5244556762384099,18.43156629455045,-1.738552646109628,0,2024-09-26 21:15:36.105707031,1727385336.1057072,2024-09-26 21:15:36.105707264,13,0.0,0.1,12.719422310992668,[0.99658106 0.00341894],[0.99658106 0.00341894],"[0.11666667 0.33203125 0.52734375 0.68611111 0.234375   0.4296875
 1.         0.         1.         0.42382812 0.7        0.        ]",0.5782800724687363,0,0
846,903,2024-09-26 21:15:36.161937920,TASK_BEGIN,19,3.257198412352529,-0.3681039943536711,-18.583005291234997,3.4399852561750026,-2.660023215222579,0.5618859846309799,17.898894617673548,-1.6332264351263055,0,2024-09-26 21:15:37.583941895,1727385337.5839427,2024-09-26 21:15:37.583942656,13,0.0,0.1,12.031876463476452,[9.99999652e-01 3.48022159e-07],[9.99999652e-01 3.48022159e-07],"[0.28333333 0.234375   0.4296875  0.78333333 0.234375   0.4296875
 1.         0.         1.         0.30859375 0.3        0.13333333]",0.34407248935012624,0,0
847,904,2024-09-26 21:15:36.224513024,TASK_BEGIN,19,3.2823712687344924,-0.3874601131412583,-18.6359306334712,3.4501584984357234,-2.9054566275550773,0.5944189746637527,17.25542853997059,-1.5119222161883406,0,2024-09-26 21:15:37.634907959,1727385337.6349087,2024-09-26 21:15:37.634908672,13,0.0,0.1,12.011557698841687,[9.99991564e-01 8.43594344e-06],[9.99991564e-01 8.43594344e-06],"[0.26944444 0.234375   0.4296875  0.76944444 0.234375   0.4296875
 1.         0.         1.         0.31640625 0.4        0.1       ]",0.38580668538064966,0,0
848,905,2024-09-26 21:15:36.295497728,TASK_BEGIN,19,3.291779905411757,-0.4045601292885479,-18.67213945114096,3.4549405623516303,-3.123224232598921,0.6208929097821483,16.544790983413996,-1.383062610200061,0,2024-09-26 21:15:37.736906982,1727385337.7369077,2024-09-26 21:15:37.736907776,13,0.0,0.1,11.971527700634736,[0.96256515 0.03743485],[0.96256515 0.03743485],"[0.24166667 0.234375   0.4296875  0.74166667 0.234375   0.4296875
 1.         0.         1.         0.33789062 0.6        0.03333333]",0.6230214578507816,0,0
849,906,2024-09-26 21:15:36.349004032,TASK_BEGIN,19,3.2855235329249184,-0.4191515548107121,-18.691544995595496,3.454645141863629,-3.3076298525617625,0.6405106687562507,15.81338414038782,-1.2554359214892414,0,2024-09-26 21:15:37.736906982,1727385337.7369077,2024-09-26 21:15:37.736907776,13,0.0,0.1,11.971527700634736,[0.96256515 0.03743485],[0.96256515 0.03743485],"[0.24166667 0.234375   0.4296875  0.74166667 0.234375   0.4296875
 1.         0.         1.         0.33789062 0.6        0.03333333]",0.6230214578507816,0,0
850,907,2024-09-26 21:15:36.429061120,TASK_BEGIN,19,3.2645781525159063,-0.4311322972789624,-18.69867967900782,3.449983168967002,-3.4548687637357536,0.652862298403335,15.106661288927592,-1.1373533765739483,0,2024-09-26 21:15:37.736906982,1727385337.7369077,2024-09-26 21:15:37.736907776,13,0.0,0.1,11.971527700634736,[0.96256515 0.03743485],[0.96256515 0.03743485],"[0.24166667 0.234375   0.4296875  0.74166667 0.234375   0.4296875
 1.         0.         1.         0.33789062 0.6        0.03333333]",0.6230214578507816,0,0
851,908,2024-09-26 21:15:36.487674112,TASK_BEGIN,19,3.2306424074283524,-0.4405289588484849,-18.70135536933433,3.441784835691488,-3.563027076397366,0.6579180442804448,14.465517010014567,-1.035880960634194,0,2024-09-26 21:15:37.736906982,1727385337.7369077,2024-09-26 21:15:37.736907776,13,0.0,0.1,11.971527700634736,[0.96256515 0.03743485],[0.96256515 0.03743485],"[0.24166667 0.234375   0.4296875  0.74166667 0.234375   0.4296875
 1.         0.         1.         0.33789062 0.6        0.03333333]",0.6230214578507816,0,0
852,909,2024-09-26 21:15:36.550158080,TASK_BEGIN,19,3.1859061026702173,-0.4474493065503249,-18.70784894607455,3.430582860871772,-3.6319382032728234,0.6559926885032917,13.923311807388432,-0.9562990681230475,0,2024-09-26 21:15:37.736906982,1727385337.7369077,2024-09-26 21:15:37.736907776,13,0.0,0.1,11.971527700634736,[0.96256515 0.03743485],[0.96256515 0.03743485],"[0.24166667 0.234375   0.4296875  0.74166667 0.234375   0.4296875
 1.         0.         1.         0.33789062 0.6        0.03333333]",0.6230214578507816,0,0
853,910,2024-09-26 21:15:37.497947136,TASK_BEGIN,19,3.132791665498393,-0.4520269461051201,-18.72339209334679,3.4161689923649403,-3.6629434659239,0.6476928677154334,13.504024585721783,-0.9018573188510618,0,2024-09-26 21:15:38.796457031,1727385338.796458,2024-09-26 21:15:38.796457984,13,0.0,0.1,12.378272153666197,[0.98054492 0.01945508],[0.98054492 0.01945508],"[-0.05        0.234375    0.4296875   0.45        0.234375    0.4296875
  0.95        0.2734375   0.46875     0.37304688  1.         -0.1       ]",0.6168080447373964,0,0
854,911,2024-09-26 21:15:37.576052992,TASK_BEGIN,19,3.073737368447961,-0.4543817141334202,-18.74731641009032,3.397334479488708,-3.658651543751658,0.6338595230096234,13.221889719566528,-0.8738331445337457,0,2024-09-26 21:15:38.796457031,1727385338.796458,2024-09-26 21:15:38.796457984,13,0.0,0.1,12.378272153666197,[0.98054492 0.01945508],[0.98054492 0.01945508],"[-0.05        0.234375    0.4296875   0.45        0.234375    0.4296875
  0.95        0.2734375   0.46875     0.37304688  1.         -0.1       ]",0.6168080447373964,0,0
855,912,2024-09-26 21:15:37.645392896,TASK_BEGIN,19,3.0110425828833103,-0.454597896958141,-18.772044116098936,3.3719878973662025,-3.622766092073208,0.615512463628158,13.0820931616854,-0.871778463866533,0,2024-09-26 21:15:39.046456055,1727385339.0464568,2024-09-26 21:15:39.046456832,13,1.0,0.1,12.261713154090796,[0.07663304 0.92336696],[0.07663304 0.92336696],"[-0.11944444  0.234375    0.4296875   0.38055556  0.234375    0.4296875
  0.88055556  0.2734375   0.46875     0.33007812 -0.8         0.5       ]",0.6287800130023221,0,0
856,913,2024-09-26 21:15:37.699154944,TASK_BEGIN,19,2.946769723467153,-0.45271141455384,-18.784127684149343,3.337652992332681,-3.559965606598782,0.5937984766115056,13.081493919456328,-0.893746066575298,0,2024-09-26 21:15:39.046456055,1727385339.0464568,2024-09-26 21:15:39.046456832,13,1.0,0.1,12.261713154090796,[0.07663304 0.92336696],[0.07663304 0.92336696],"[-0.11944444  0.234375    0.4296875   0.38055556  0.234375    0.4296875
  0.88055556  0.2734375   0.46875     0.33007812 -0.8         0.5       ]",0.6287800130023221,0,0
857,914,2024-09-26 21:15:37.776337920,TASK_BEGIN,19,2.882707402274638,-0.4487079114059495,-18.766591570667128,3.292123906944486,-3.475755627261749,0.5699384054448221,13.20891250493275,-0.936413365944444,0,2024-09-26 21:15:39.046456055,1727385339.0464568,2024-09-26 21:15:39.046456832,13,1.0,0.1,12.261713154090796,[0.07663304 0.92336696],[0.07663304 0.92336696],"[-0.11944444  0.234375    0.4296875   0.38055556  0.234375    0.4296875
  0.88055556  0.2734375   0.46875     0.33007812 -0.8         0.5       ]",0.6287800130023221,0,0
858,915,2024-09-26 21:15:37.837863936,TASK_BEGIN,19,2.82038082991482,-0.4425374288702743,-18.701656542449303,3.2339945277942723,-3.3762270634557185,0.5451698890166154,13.445526720011364,-0.9952243437809452,0,2024-09-26 21:15:39.046456055,1727385339.0464568,2024-09-26 21:15:39.046456832,13,1.0,0.1,12.261713154090796,[0.07663304 0.92336696],[0.07663304 0.92336696],"[-0.11944444  0.234375    0.4296875   0.38055556  0.234375    0.4296875
  0.88055556  0.2734375   0.46875     0.33007812 -0.8         0.5       ]",0.6287800130023221,0,0
859,916,2024-09-26 21:15:37.899886080,TASK_BEGIN,19,2.761080269868849,-0.4341423091653074,-18.573501384269388,3.162944086111193,-3.2677281974927257,0.5206928534666094,13.766119839060313,-1.0646959479432687,0,2024-09-26 21:15:39.046456055,1727385339.0464568,2024-09-26 21:15:39.046456832,13,1.0,0.1,12.261713154090796,[0.07663304 0.92336696],[0.07663304 0.92336696],"[-0.11944444  0.234375    0.4296875   0.38055556  0.234375    0.4296875
  0.88055556  0.2734375   0.46875     0.33007812 -0.8         0.5       ]",0.6287800130023221,0,0
860,917,2024-09-26 21:15:38.862224128,TASK_BEGIN,19,2.7059038058146614,-0.4234928343115546,-18.37103302446064,3.0798237114638103,-3.156518929541925,0.4976241712740967,14.141495485072925,-1.1389163527537505,0,2024-09-26 21:15:39.953757080,1727385339.9537568,2024-09-26 21:15:39.953756928,13,0.0,0.1,12.778430751541444,[0.94935776 0.05064224],[0.94935776 0.05064224],"[ 0.13055556  0.234375    0.4296875   0.63055556  0.2734375   0.46875
  1.          0.          1.          0.34765625  0.9        -0.06666667]",0.6678982968561248,0,0
861,918,2024-09-26 21:15:38.929016064,TASK_BEGIN,19,2.655811403296924,-0.4106263481226979,-18.09008602644349,2.986551692487181,-3.048457110191088,0.4769513408279466,14.541854209501215,-1.21215102981101,0,2024-09-26 21:15:39.953757080,1727385339.9537568,2024-09-26 21:15:39.953756928,13,0.0,0.1,12.778430751541444,[0.94935776 0.05064224],[0.94935776 0.05064224],"[ 0.13055556  0.234375    0.4296875   0.63055556  0.2734375   0.46875
  1.          0.          1.          0.34765625  0.9        -0.06666667]",0.6678982968561248,0,0
862,919,2024-09-26 21:15:38.995860992,TASK_BEGIN,19,2.611661360007191,-0.3956791917943208,-17.734172670767798,2.885789855668424,-2.9487159100541565,0.4594744549021288,14.94024711330764,-1.279392752382092,0,2024-09-26 21:15:39.953757080,1727385339.9537568,2024-09-26 21:15:39.953756928,13,0.0,0.1,12.778430751541444,[0.94935776 0.05064224],[0.94935776 0.05064224],"[ 0.13055556  0.234375    0.4296875   0.63055556  0.2734375   0.46875
  1.          0.          1.          0.34765625  0.9        -0.06666667]",0.6678982968561248,0,0
863,920,2024-09-26 21:15:39.062568192,TASK_BEGIN,19,2.5742231400521853,-0.3789003855552912,-17.3137197122212,2.7805232030199893,-2.861522445367627,0.4457477190763348,15.314807536684786,-1.3366779941243274,0,2024-09-26 21:15:39.953757080,1727385339.9537568,2024-09-26 21:15:39.953756928,13,0.0,0.1,12.778430751541444,[0.94935776 0.05064224],[0.94935776 0.05064224],"[ 0.13055556  0.234375    0.4296875   0.63055556  0.2734375   0.46875
  1.          0.          1.          0.34765625  0.9        -0.06666667]",0.6678982968561248,0,0
864,921,2024-09-26 21:15:39.115389952,TASK_BEGIN,19,2.5441967653322446,-0.3606482242397277,-16.844625038560082,2.673769726455193,-2.7899237348418717,0.4360420027690057,15.649119713250842,-1.381111868090546,0,2024-09-26 21:15:40.105947998,1727385340.105948,2024-09-26 21:15:40.105947904,13,0.0,0.1,12.695908579789911,[0.99643138 0.00356862],[0.99643138 0.00356862],"[ 0.08888889  0.234375    0.4296875   0.58888889  0.2734375   0.46875
  1.          0.          1.          0.30664062 -0.6         0.43333333]",0.3414024342126191,0,0
865,922,2024-09-26 21:15:39.196173824,TASK_BEGIN,19,2.5222519938755634,-0.3413783501540851,-16.346931211669496,2.568512384061964,-2.7356242617009427,0.4303413194949013,15.931303089846624,-1.410703994293515,0,2024-09-26 21:15:40.105947998,1727385340.105948,2024-09-26 21:15:40.105947904,13,0.0,0.1,12.695908579789911,[0.99643138 0.00356862],[0.99643138 0.00356862],"[ 0.08888889  0.234375    0.4296875   0.58888889  0.2734375   0.46875
  1.          0.          1.          0.30664062 -0.6         0.43333333]",0.3414024342126191,0,0
866,923,2024-09-26 21:15:39.254105856,TASK_BEGIN,19,2.509070615055541,-0.3216289588616613,-15.843826110366132,2.4677545737929503,-2.6989841311310223,0.4283771078853182,16.15301403460444,-1.4241868256822947,0,2024-09-26 21:15:40.661229004,1727385340.6612298,2024-09-26 21:15:40.661229824,13,0.0,0.1,12.413750081470189,[9.99999916e-01 8.44589865e-08],[9.99999916e-01 8.44589865e-08],"[-0.06388889  0.234375    0.4296875   0.43611111  0.2734375   0.46875
  1.          0.          1.          0.30664062  0.5         0.06666667]",0.3517183582491953,0,0
867,924,2024-09-26 21:15:40.211986176,TASK_BEGIN,19,2.5053618861490365,-0.3020069692719015,-15.360736574203546,2.374560329155943,-2.6792333508109647,0.4296948967390137,16.309384302939005,-1.4209731225727371,0,2024-09-26 21:15:41.620112793,1727385341.6201131,2024-09-26 21:15:41.620113152,13,0.0,0.1,11.994164583091253,[9.99957374e-01 4.26261624e-05],[9.99957374e-01 4.26261624e-05],"[0.17222222 0.2734375  0.46875    0.74166667 0.21484375 0.41015625
 1.         0.         1.         0.35351562 0.4        0.1       ]",0.38731975752872533,0,0
868,925,2024-09-26 21:15:40.272381184,TASK_BEGIN,19,2.511820942280813,-0.2831782684656547,-14.924183846979307,2.2920098698917126,-2.674844736915464,0.4337359645564059,16.400095999857964,-1.4013054957541802,0,2024-09-26 21:15:41.671114014,1727385341.6711144,2024-09-26 21:15:41.671114496,13,0.0,0.1,11.97422293726034,[0.99858187 0.00141813],[0.99858187 0.00141813],"[0.15833333 0.2734375  0.46875    0.72777778 0.21484375 0.41015625
 1.         0.         1.         0.36328125 0.5        0.06666667]",0.4937753259863308,0,0
869,926,2024-09-26 21:15:40.344875008,TASK_BEGIN,19,2.529037609116722,-0.2658581379734477,-14.560192027726066,2.2230557276435707,-2.683908195427672,0.4399098038588003,16.430757375864392,-1.3664837281498183,0,2024-09-26 21:15:41.722078125,1727385341.7220786,2024-09-26 21:15:41.722078464,13,0.0,1.0,12.854480707887737,[0.96113423 0.03886577],[0.96113423 0.03886577],"[0.14444444 0.2734375  0.46875    0.71388889 0.21484375 0.41015625
 1.         0.         1.         0.375      0.6        0.03333333]",0.5766596252635848,0,0
870,927,2024-09-26 21:15:40.412350720,TASK_BEGIN,19,2.5573928844785927,-0.2507909427711169,-14.292283270957435,2.1702935429728587,-2.7043544701958235,0.4476385617156145,16.413466370974117,-1.318997686853239,0,2024-09-26 21:15:41.722078125,1727385341.7220786,2024-09-26 21:15:41.722078464,13,0.0,1.0,12.854480707887737,[0.96113423 0.03886577],[0.96113423 0.03886577],"[0.14444444 0.2734375  0.46875    0.71388889 0.21484375 0.41015625
 1.         0.         1.         0.375      0.6        0.03333333]",0.5766596252635848,0,0
871,928,2024-09-26 21:15:40.471992064,TASK_BEGIN,19,2.5969455898221505,-0.2387114582978481,-14.139523498284284,2.1357172624213274,-2.7340048451317225,0.4563723576382698,16.366093472975404,-1.262489708419739,0,2024-09-26 21:15:41.722078125,1727385341.7220786,2024-09-26 21:15:41.722078464,13,0.0,1.0,12.854480707887737,[0.96113423 0.03886577],[0.96113423 0.03886577],"[0.14444444 0.2734375  0.46875    0.71388889 0.21484375 0.41015625
 1.         0.         1.         0.375      0.6        0.03333333]",0.5766596252635848,0,0
872,929,2024-09-26 21:15:40.533582080,TASK_BEGIN,19,2.6472930021411387,-0.2302897320916467,-14.115272416093646,2.120547477344439,-2.77053736497388,0.4655898898725321,16.31054804585664,-1.201569528388057,0,2024-09-26 21:15:41.722078125,1727385341.7220786,2024-09-26 21:15:41.722078464,13,0.0,1.0,12.854480707887737,[0.96113423 0.03886577],[0.96113423 0.03886577],"[0.14444444 0.2734375  0.46875    0.71388889 0.21484375 0.41015625
 1.         0.         1.         0.375      0.6        0.03333333]",0.5766596252635848,0,0
873,930,2024-09-26 21:15:40.611845888,TASK_BEGIN,19,2.707443076497089,-0.226069294419983,-14.226618299434715,2.125138781607898,-2.8114356619581864,0.4747959466806131,16.270517884267335,-1.1415113960848011,0,2024-09-26 21:15:41.722078125,1727385341.7220786,2024-09-26 21:15:41.722078464,13,0.0,1.0,12.854480707887737,[0.96113423 0.03886577],[0.96113423 0.03886577],"[0.14444444 0.2734375  0.46875    0.71388889 0.21484375 0.41015625
 1.         0.         1.         0.375      0.6        0.03333333]",0.5766596252635848,0,0
874,931,2024-09-26 21:15:41.556147200,TASK_BEGIN,19,2.775769811418697,-0.2264124790665193,-14.473743617209308,2.148918037783632,-2.8539356567892877,0.4835172765758525,16.268960392139572,-1.0878154238894713,0,2024-09-26 21:15:42.943859131,1727385342.9438589,2024-09-26 21:15:42.943858944,13,0.0,0.1,12.242703095543304,[0.30648771 0.69351229],[0.09170434 0.90829566],"[0.38055556 0.21484375 0.41015625 0.88055556 0.29296875 0.48828125
 1.         0.         1.         0.12109375 0.         0.23333333]",0.3528547150324254,0,0
875,932,2024-09-26 21:15:41.617750016,TASK_BEGIN,19,2.8500825454591148,-0.2314632517916056,-14.848950993635084,2.190360643918754,-2.8950338406635843,0.491302612192724,16.325454894471395,-1.0456248312339893,0,2024-09-26 21:15:42.943859131,1727385342.9438589,2024-09-26 21:15:42.943858944,13,0.0,0.1,12.242703095543304,[0.30648771 0.69351229],[0.09170434 0.90829566],"[0.38055556 0.21484375 0.41015625 0.88055556 0.29296875 0.48828125
 1.         0.         1.         0.12109375 0.         0.23333333]",0.3528547150324254,0,0
876,933,2024-09-26 21:15:41.695586048,TASK_BEGIN,19,2.927791354475324,-0.2411306253173385,-15.336113481383832,2.247045199513046,-2.9316486714147456,0.4977416499609774,16.45359632060015,-1.0190821410274442,0,2024-09-26 21:15:42.943859131,1727385342.9438589,2024-09-26 21:15:42.943858944,13,0.0,0.1,12.242703095543304,[0.30648771 0.69351229],[0.09170434 0.90829566],"[0.38055556 0.21484375 0.41015625 0.88055556 0.29296875 0.48828125
 1.         0.         1.         0.12109375 0.         0.23333333]",0.3528547150324254,0,0
877,934,2024-09-26 21:15:41.762360064,TASK_BEGIN,19,3.0061348851753737,-0.2550931613024201,-15.911501520406018,2.315807960533802,-2.96093153716877,0.5025061291121167,16.658830525613702,-1.010781048700865,0,2024-09-26 21:15:42.943859131,1727385342.9438589,2024-09-26 21:15:42.943858944,13,0.0,0.1,12.242703095543304,[0.30648771 0.69351229],[0.09170434 0.90829566],"[0.38055556 0.21484375 0.41015625 0.88055556 0.29296875 0.48828125
 1.         0.         1.         0.12109375 0.         0.23333333]",0.3528547150324254,0,0
878,935,2024-09-26 21:15:41.818679296,TASK_BEGIN,19,3.082426430289817,-0.2728252785329513,-16.546304724765665,2.3930388082749867,-2.9806294228538697,0.5053943288829811,16.93739412465705,-1.0214598838960516,0,2024-09-26 21:15:42.943859131,1727385342.9438589,2024-09-26 21:15:42.943858944,13,0.0,0.1,12.242703095543304,[0.30648771 0.69351229],[0.09170434 0.90829566],"[0.38055556 0.21484375 0.41015625 0.88055556 0.29296875 0.48828125
 1.         0.         1.         0.12109375 0.         0.23333333]",0.3528547150324254,0,0
879,936,2024-09-26 21:15:41.881169152,TASK_BEGIN,19,3.1542717917286094,-0.2936422734410221,-17.21021199968506,2.4751222768429555,-2.989396694390759,0.5063588931789282,17.27681348031311,-1.0499798871055126,0,2024-09-26 21:15:42.943859131,1727385342.9438589,2024-09-26 21:15:42.943858944,13,0.0,0.1,12.242703095543304,[0.30648771 0.69351229],[0.09170434 0.90829566],"[0.38055556 0.21484375 0.41015625 0.88055556 0.29296875 0.48828125
 1.         0.         1.         0.12109375 0.         0.23333333]",0.3528547150324254,0,0
880,937,2024-09-26 21:15:41.962704896,TASK_BEGIN,19,3.219732263085563,-0.3167543178628788,-17.87457137013131,2.558845032122023,-2.9869750957032872,0.5055128733872328,17.65769382682556,-1.093519532089687,0,2024-09-26 21:15:42.943859131,1727385342.9438589,2024-09-26 21:15:42.943858944,13,0.0,0.1,12.242703095543304,[0.30648771 0.69351229],[0.09170434 0.90829566],"[0.38055556 0.21484375 0.41015625 0.88055556 0.29296875 0.48828125
 1.         0.         1.         0.12109375 0.         0.23333333]",0.3528547150324254,0,0
881,945,2024-09-26 21:15:44.233165056,TASK_BEGIN,19,3.438026851138214,-0.4896737462491098,-20.855479191958345,3.0104585121995644,-2.775057621406163,0.4797532000293362,20.01698151405293,-1.524744018555915,0,2024-09-26 21:15:45.403559082,1727385345.4035594,2024-09-26 21:15:45.403559424,14,1.0,0.1,1.312541872310217,[0.27031992 0.72968008],[0.27031992 0.72968008],"[ 0.80555556  0.234375    0.4296875   1.          0.          1.
  1.          0.          1.          0.2578125  -0.8         0.5       ]",0.10048280428640406,1,2
882,946,2024-09-26 21:15:44.304014848,TASK_BEGIN,19,3.4279984773086527,-0.5011127733684397,-20.80568596764809,3.0176536974620465,-2.7572559468679647,0.4805543118084049,20.201772326307744,-1.568747845543693,0,2024-09-26 21:15:45.403559082,1727385345.4035594,2024-09-26 21:15:45.403559424,14,1.0,0.1,1.312541872310217,[0.27031992 0.72968008],[0.27031992 0.72968008],"[ 0.80555556  0.234375    0.4296875   1.          0.          1.
  1.          0.          1.          0.2578125  -0.8         0.5       ]",0.10048280428640406,1,2
883,947,2024-09-26 21:15:44.356755200,TASK_BEGIN,19,3.409687798714678,-0.5093023904495335,-20.672955024953254,3.014227646829243,-2.7453760663485887,0.4829319482460175,20.394210715509203,-1.6136639012284384,0,2024-09-26 21:15:45.403559082,1727385345.4035594,2024-09-26 21:15:45.403559424,14,1.0,0.1,1.312541872310217,[0.27031992 0.72968008],[0.27031992 0.72968008],"[ 0.80555556  0.234375    0.4296875   1.          0.          1.
  1.          0.          1.          0.2578125  -0.8         0.5       ]",0.10048280428640406,1,2
884,948,2024-09-26 21:15:44.437571072,TASK_BEGIN,19,3.3824099499704032,-0.514118084540237,-20.46801847684444,3.0016598121754594,-2.7383089813744665,0.4866115968112705,20.591140562718174,-1.65926982213972,0,2024-09-26 21:15:45.403559082,1727385345.4035594,2024-09-26 21:15:45.403559424,14,1.0,0.1,1.312541872310217,[0.27031992 0.72968008],[0.27031992 0.72968008],"[ 0.80555556  0.234375    0.4296875   1.          0.          1.
  1.          0.          1.          0.2578125  -0.8         0.5       ]",0.10048280428640406,1,2
885,949,2024-09-26 21:15:44.504345856,TASK_BEGIN,19,3.34504246808267,-0.5154337534883633,-20.200309752340853,2.981309248124351,-2.733821056888111,0.4910791920925839,20.77743030368677,-1.70384200802925,0,2024-09-26 21:15:45.403559082,1727385345.4035594,2024-09-26 21:15:45.403559424,14,1.0,0.1,1.312541872310217,[0.27031992 0.72968008],[0.27031992 0.72968008],"[ 0.80555556  0.234375    0.4296875   1.          0.          1.
  1.          0.          1.          0.2578125  -0.8         0.5       ]",0.10048280428640406,1,2
886,950,2024-09-26 21:15:44.571142912,TASK_BEGIN,19,3.2961088840107298,-0.513122506765103,-19.875777805495503,2.9539813701062534,-2.72863274476873,0.4955802293845762,20.92698905399656,-1.7442533548682857,0,2024-09-26 21:15:45.708015869,1727385345.7080162,2024-09-26 21:15:45.708016128,14,0.0,0.1,1.8209306240276917,[0.75528498 0.24471502],[0.75528498 0.24471502],"[ 0.72222222  0.234375    0.4296875   1.          0.          1.
  1.          0.          1.          0.18359375 -0.4         0.36666667]",0.037537951077911816,1,2
887,951,2024-09-26 21:15:44.637945856,TASK_BEGIN,19,3.2340033359016727,-0.5070792690929696,-19.49512687979418,2.919507301916347,-2.718619504468637,0.4991475774014086,21.005390779957548,-1.7763096077365863,0,2024-09-26 21:15:45.708015869,1727385345.7080162,2024-09-26 21:15:45.708016128,14,0.0,0.1,1.8209306240276917,[0.75528498 0.24471502],[0.75528498 0.24471502],"[ 0.72222222  0.234375    0.4296875   1.          0.          1.
  1.          0.          1.          0.18359375 -0.4         0.36666667]",0.037537951077911816,1,2
888,952,2024-09-26 21:15:45.587610112,TASK_BEGIN,19,3.157282575619712,-0.4972573842044945,-19.053077270721737,2.876458910765058,-2.6991334956393604,0.5006651626994874,20.97373577553223,-1.7952913383432625,0,2024-09-26 21:15:46.471110107,1727385346.4711106,2024-09-26 21:15:46.471110656,14,1.0,0.1,2.965523050004307,[0.7310574 0.2689426],[9.99997003e-01 2.99668641e-06],"[ 0.51388889  0.234375    0.4296875   1.          0.          1.
  1.          0.          1.          0.12695312 -0.8         0.5       ]",0.037289796858062434,1,2
889,953,2024-09-26 21:15:45.654413056,TASK_BEGIN,19,3.0649517157796398,-0.4837061408986977,-18.53910568929309,2.82214132585661,-2.665404106132544,0.4989644633767502,20.7931346900588,-1.7966007890940403,0,2024-09-26 21:15:46.726124023,1727385346.726124,2024-09-26 21:15:46.726124032,14,1.0,0.1,3.310282414303197,[0.70777305 0.29222695],[0.94229638 0.05770362],"[ 0.44444444  0.234375    0.4296875   0.94444444  0.33203125  0.52734375
  1.          0.          1.          0.05664062 -0.8         0.5       ]",0.026874594926408497,1,2
890,954,2024-09-26 21:15:45.714185984,TASK_BEGIN,19,2.956689000416509,-0.4665988235719073,-17.939688620321625,2.7529473084992464,-2.6129912566468847,0.4929431447508335,20.4286243118962,-1.7763037783537017,0,2024-09-26 21:15:46.726124023,1727385346.726124,2024-09-26 21:15:46.726124032,14,1.0,0.1,3.310282414303197,[0.70777305 0.29222695],[0.94229638 0.05770362],"[ 0.44444444  0.234375    0.4296875   0.94444444  0.33203125  0.52734375
  1.          0.          1.          0.05664062 -0.8         0.5       ]",0.026874594926408497,1,2
891,955,2024-09-26 21:15:45.776267008,TASK_BEGIN,19,2.83292669283371,-0.4462404433791681,-17.241316191188385,2.664986739312032,-2.5382754487639434,0.4816897324469235,19.851952035795893,-1.731455753138789,0,2024-09-26 21:15:46.726124023,1727385346.726124,2024-09-26 21:15:46.726124032,14,1.0,0.1,3.310282414303197,[0.70777305 0.29222695],[0.94229638 0.05770362],"[ 0.44444444  0.234375    0.4296875   0.94444444  0.33203125  0.52734375
  1.          0.          1.          0.05664062 -0.8         0.5       ]",0.026874594926408497,1,2
892,956,2024-09-26 21:15:45.854157056,TASK_BEGIN,19,2.694725782659404,-0.4230453594363987,-16.433185790826236,2.554763078435692,-2.438898878186917,0.4645936223766018,19.04384638287545,-1.660310949456986,0,2024-09-26 21:15:46.726124023,1727385346.726124,2024-09-26 21:15:46.726124032,14,1.0,0.1,3.310282414303197,[0.70777305 0.29222695],[0.94229638 0.05770362],"[ 0.44444444  0.234375    0.4296875   0.94444444  0.33203125  0.52734375
  1.          0.          1.          0.05664062 -0.8         0.5       ]",0.026874594926408497,1,2
893,957,2024-09-26 21:15:45.915735040,TASK_BEGIN,19,2.543522587890844,-0.3974919947821073,-15.509141739363107,2.4197452005411555,-2.3140242424660853,0.4414183997474339,17.996344450723196,-1.562522936607853,0,2024-09-26 21:15:47.236244873,1727385347.2362452,2024-09-26 21:15:47.236245248,14,1.0,-1.0,-0.626139796955965,[0.39532093 0.60467907],[0.39532093 0.60467907],"[ 0.30555556  0.234375    0.4296875   0.80555556  0.33203125  0.52734375
  1.          0.          1.         -0.08203125 -0.8         0.5       ]",0.02157832607496005,1,2
894,958,2024-09-26 21:15:45.988172032,TASK_BEGIN,19,2.38092388616271,-0.3700758941410422,-14.46931554434328,2.258874683191653,-2.164371606694075,0.4123274740981978,16.714969175055465,-1.439303880876634,0,2024-09-26 21:15:47.236244873,1727385347.2362452,2024-09-26 21:15:47.236245248,14,1.0,-1.0,-0.626139796955965,[0.39532093 0.60467907],[0.39532093 0.60467907],"[ 0.30555556  0.234375    0.4296875   0.80555556  0.33203125  0.52734375
  1.          0.          1.         -0.08203125 -0.8         0.5       ]",0.02157832607496005,1,2
