,discrete_label,continuous_label,binary_label,L_O_DSphi,L_D_DSphi,R_D_DSphi,R_O_DSphi,L_O_DSI,R_D_DSI,R_O_DSI,L_D_DSI,pid,condition
0,0,0.860887718263774,0,[-0.87277829  0.16396674  9.57136814 10.35368235 -1.25989039 -0.29752028],"[  0.10745055   0.07870169 -20.04875776   4.15425004  -1.29074978
   0.15979172]",[-6.77145155  2.21089906 -0.71424986 -2.83650833 -1.30334545  0.1241582 ],"[ -21.76115087    0.19818574   -7.67330297 -164.97990364   -1.05005432
    0.63334028]",[-0.53175361  0.04814509 32.60351643 19.33703756 -1.27579553 -0.28948241],[-1.30240864  0.66639701  2.36927079  5.08575875 -1.30079893 -0.1322366 ],[-1.89885155  3.70080662 -0.42657589  1.18999571 -1.29921044  0.13808758],"[ 4.25594463e-01  1.51767505e-02  1.04071579e+02 -4.22922880e+01
 -1.28333086e+00  1.15464380e-01]",007,RP
1,0,0.8646647853664243,0,[-0.7818755   0.1293806  12.03880315 11.41284522 -1.19869094 -0.41729363],"[  0.06064677   0.07005451 -22.50360607   3.36477107  -1.27753649
   0.19152043]",[-8.08944549  2.00154925 -0.7879674  -4.37421936 -1.29161978  0.17550778],"[-2.18497338e+01  1.11632014e-01 -1.20391648e+01 -2.61052545e+02
 -5.89298709e-01  9.64839412e-01]","[-5.05548160e-01  3.75947740e-02  4.12588325e+01  2.28583268e+01
 -1.18955116e+00 -4.59994932e-01]",[-0.90605535  0.59998382  2.6280856   4.38119102 -1.2897774  -0.18295918],[-4.09906875  3.32302303 -0.47447346  0.05510068 -1.28713308  0.18590282],"[ 4.35603813e-01  1.64037192e-02  9.62784578e+01 -3.99392634e+01
 -1.29023912e+00  1.20020835e-01]",007,RP
2,0,0.868281898313741,0,[-0.7134373   0.09253793 16.55773917 13.81290874 -1.0782075  -0.5864443 ],"[ 1.91432723e-02  6.13028069e-02 -2.57022780e+01  2.49202571e+00
 -1.26624302e+00  2.09095672e-01]",[-9.26334312  1.74862929 -0.90027036 -6.33951322 -1.27418208  0.23102464],"[-2.18728859e+01  6.79233857e-02  4.21848820e+00  9.42705109e+01
 -1.52875331e+00  3.71787453e-01]","[-4.86698272e-01  2.52641191e-02  5.91504569e+01  3.07884252e+01
 -9.59405429e-01 -7.29103166e-01]",[-0.55562758  0.52053838  3.02274299  3.67951939 -1.27217895 -0.24320521],[-6.04505037  2.88598019 -0.54534727 -1.29665171 -1.27038379  0.23754294],"[ 4.46342088e-01  1.76525060e-02  8.94931643e+01 -3.79445658e+01
 -1.29941584e+00  1.03294968e-01]",007,RP
3,0,0.8872310071680152,0,[-0.66821381  0.0565775  25.77377354 19.22239137 -0.79134407 -0.85517512],"[-1.72651241e-02  5.33406189e-02 -2.95422668e+01  1.48994910e+00
 -1.25950611e+00  2.06349733e-01]","[-10.27120203   1.46887882  -1.06887973  -8.97867968  -1.24956475
   0.2923587 ]","[-2.18200988e+01  1.60037887e-01  8.52568630e+00  1.88031317e+02
 -4.90261406e-01  1.04359016e+00]","[-4.76164502e-01  1.30162990e-02  9.14840918e+01  4.55614770e+01
 -4.28087967e-01 -1.00933827e+00]",[-0.25834362  0.4314428   3.63371044  2.9387459  -1.24292137 -0.31944946],[-7.70732905  2.41541195 -0.64991731 -3.00912657 -1.24712068  0.29565444],"[ 4.57750109e-01  1.86830461e-02  8.45944900e+01 -3.67231370e+01
 -1.30874381e+00  7.05727306e-02]",007,RP
4,0,0.8963819205364197,0,"[-6.45297389e-01  2.62016733e-02  4.02607157e+01  2.79801347e+01
 -3.72935263e-01 -1.01668288e+00]","[ -0.04929452   0.04690801 -33.62520308   0.3424619   -1.25914904
   0.17540849]","[-11.10139327   1.17975256  -1.32561185 -12.71613846  -1.21469608
   0.36332158]","[-21.67770446   0.30694576   4.87449382 107.66783647  -0.88641805
   0.7622808 ]","[-4.74262726e-01  9.22205786e-03 -7.85960545e+01 -3.52751790e+01
 -9.74818609e-01 -5.97312404e-01]",[-0.01924988  0.33647892  4.62723668  2.08907376 -1.18991568 -0.42420274],[-9.07205159  1.93617231 -0.8076531  -5.3270706  -1.2135511   0.36482789],"[ 4.69627261e-01  1.92734228e-02  8.20308673e+01 -3.65239315e+01
 -1.31580795e+00  2.59920038e-02]",007,RP
5,0,0.9071096431480974,0,"[-6.42269043e-01  2.00614230e-02 -4.78586777e+01 -2.87381471e+01
 -7.46022336e-01 -7.07360578e-01]","[ -0.07805941   0.0425705  -37.10381665  -0.89630221  -1.26400431
   0.11129848]","[-11.75230033   0.89701224  -1.73241715 -18.35988663  -1.1620041
   0.45227469]","[-21.43021179   0.48581764   3.15963502  69.71164768  -1.06558099
   0.58081389]","[-4.80653372e-01  1.86013911e-02 -7.83270195e+01 -3.56481461e+01
 -8.74593414e-01 -8.05720502e-01]",[ 0.15890947  0.23978402  6.3917975   0.98428282 -1.07885603 -0.58447088],"[-10.13985945   1.47042739  -1.0567103   -8.7148939   -1.1612337
   0.45367696]","[ 4.81654524e-01  1.92534406e-02  8.21148907e+01 -3.75510086e+01
 -1.31824597e+00 -2.72918581e-02]",007,RP
6,0,0.9071047380940171,0,"[-6.55410458e-01  3.66916954e-02 -4.09805857e+01 -2.48591045e+01
 -1.09372306e+00 -6.41188109e-01]","[-1.04933618e-01  4.06791796e-02 -3.88639330e+01 -2.07813308e+00
 -1.26893108e+00  2.19036687e-02]","[-12.23081775   0.6331771   -2.42474964 -27.65667093  -1.07065977
   0.57758054]","[-21.06459459   0.68533196   2.26809065  49.77641002  -1.17166882
   0.44701542]","[-4.94418769e-01  2.86650132e-02 -5.40109252e+01 -2.47040152e+01
 -1.19471166e+00 -4.72427306e-01]",[ 0.27569013  0.14635031  9.94640824 -0.74212662 -0.79227528 -0.85553752],"[-10.92375768   1.03661348  -1.48065864 -14.17435614  -1.06874552
   0.57999952]","[ 4.93437803e-01  1.85386798e-02  8.52337561e+01 -4.00575573e+01
 -1.31412067e+00 -8.65459847e-02]",007,RP
7,0,0.9071047380940171,0,"[ -0.68002494   0.04964018 -31.60478853 -19.49204458  -1.3360386
  -0.27376424]","[ -0.13138584   0.04128831 -38.27927326  -3.02935466  -1.27036744
  -0.06760848]","[-12.55018035   0.39759079  -3.74451803 -44.99437664  -0.87506493
   0.77985149]","[-20.57589252   0.88621853   1.76764455  38.37086431  -1.24367541
   0.33156295]","[-5.14219564e-01  3.67129181e-02 -4.27841191e+01 -2.00004311e+01
 -1.28758735e+00 -2.74043983e-01]",[ 0.3328119   0.06776043 14.31918672 -2.76559568 -0.49740185 -0.917221  ],"[-11.44632909   0.64973417  -2.29023809 -24.21481882  -0.87104286
   0.78296489]","[ 5.04565570e-01  1.71516750e-02  9.20153656e+01 -4.44277854e+01
 -1.30235498e+00 -1.49269969e-01]",007,RP
8,0,0.9071047380940171,0,"[-7.10913723e-01  5.47787771e-02 -2.88479081e+01 -1.85083738e+01
 -1.37477184e+00 -2.29623221e-02]","[ -0.15879053   0.04407867 -35.82306406  -3.68836325  -1.27214645
  -0.12943338]","[-12.72773924   0.2006968   -6.46012753 -80.22281869  -0.40264434
   1.07791852]","[-19.97182647   1.0633134    1.48062937  31.5708728   -1.2917401
   0.22492733]","[ -0.53850018   0.04227839 -37.32613877 -18.10013228  -1.31471628
  -0.14903522]","[  0.3339126    0.06552012 -16.28047173   7.43625458  -0.5431988
  -0.8796477 ]","[-11.73666378   0.32724273  -3.96162829 -44.49629921  -0.39849188
   1.0808016 ]","[ 5.14670115e-01  1.52183373e-02  1.03508512e+02 -5.12727377e+01
 -1.28284199e+00 -2.13332521e-01]",007,RP
9,0,0.919910003917492,0,"[ -0.74300528   0.05224779 -30.16445001 -20.41234557  -1.33825802
   0.18209488]","[ -0.18822596   0.04836173 -32.63433156  -4.14262854  -1.27979413
  -0.15159614]","[-12.78319306   0.09602863   2.1496886   29.47988435  -1.68708283
   0.24722845]","[-19.27435525   1.19208869   1.32453299  27.52951933  -1.31915884
   0.12508841]","[ -0.56570357   0.04546619 -34.76251684 -17.66527972  -1.31888648
  -0.06535941]","[  0.28423157   0.12750865 -11.7055487    5.32708645  -0.97509432
  -0.7219064 ]","[-11.82738215   0.15592541   1.31527408  17.55624921  -1.68883721
   0.24817984]","[ 5.23480083e-01  1.29390362e-02  1.21431668e+02 -6.15670599e+01
 -1.25614311e+00 -2.76924299e-01]",007,RP
10,0,0.919910003917492,0,"[ -0.77205036   0.04379381 -35.64670395 -25.52105056  -1.24507762
   0.37710984]","[ -0.22029466   0.05318075 -29.68557996  -4.53957474  -1.29306484
  -0.13835409]","[-12.7374998    0.17301067   8.23368111 106.87651148  -0.82923835
   0.83340948]","[-18.51720031   1.25597367   1.25868584  25.30733786  -1.32837858
   0.0332124 ]","[-5.94454312e-01  4.66882347e-02 -3.38650262e+01 -1.81312109e+01
 -1.31447662e+00 -9.28661667e-03]",[ 0.19026733  0.18849363 -8.24266298  3.56830946 -1.20484589 -0.43954707],"[-11.75210196   0.28314718   5.02653639  61.07236821  -0.81390604
   0.84279574]","[ 5.30853775e-01  1.05455231e-02  1.48535666e+02 -7.68507188e+01
 -1.22342146e+00 -3.37801067e-01]",007,RP
11,0,0.919910003917492,0,"[-7.95219716e-01  3.21284060e-02 -4.77158242e+01 -3.59445641e+01
 -1.08434485e+00  5.81978056e-01]","[ -0.25501431   0.05748151 -27.48397235  -5.00880633  -1.30712007
  -0.10040357]","[-12.61229348   0.27015345   5.73248434  74.29977485  -1.2153606
   0.4612494 ]","[-17.74011905   1.25104322   1.2635449   24.41543698  -1.32323165
  -0.04839288]","[-6.23675482e-01  4.64999513e-02 -3.40009796e+01 -1.92055774e+01
 -1.30783006e+00  2.59409087e-02]",[ 0.05944269  0.23915372 -6.56812984  2.39042728 -1.2774814  -0.27649199],"[-11.54359214   0.44875973   3.44441235  41.76089137  -1.18814624
   0.48642495]","[ 5.36787532e-01  8.25863490e-03  1.89058914e+02 -9.94844681e+01
 -1.18742381e+00 -3.91610916e-01]",007,RP
12,0,0.9886824268400788,0,"[-8.11432507e-01  2.02259107e-02 -7.34223444e+01 -5.75772771e+01
 -8.31585162e-01  8.08342803e-01]","[ -0.29181525   0.06031878 -26.20731399  -5.64769376  -1.31701476
  -0.04809905]","[-12.42940396   0.34007252   4.6262151   59.50109636  -1.31235924
   0.23420195]","[-16.9820614    1.18583157   1.33179822  24.61667917  -1.30910311
  -0.11817397]","[ -0.65262321   0.04545329 -34.78026698 -20.69840952  -1.30228616
   0.04533629]",[-0.10021358  0.27742508 -5.68540979  1.43024474 -1.30509653 -0.16991264],"[-11.23268005   0.5797518    2.70837551  32.42231553  -1.28311439
   0.28163669]","[ 5.41400292e-01  6.25625767e-03  2.48956575e+02 -1.32785162e+02
 -1.15469908e+00 -4.29407686e-01]",007,RP
13,0,0.9886824268400788,0,"[-8.21314551e-01  1.05790038e-02 -1.34031639e+02 -1.08082136e+02
 -4.87567294e-01  1.04392273e+00]","[-3.29650701e-01  6.10454774e-02 -2.58998326e+01 -6.53789797e+00
 -1.32003718e+00  1.08120772e-02]","[-12.21019001   0.37847431   4.17442237  52.97049037  -1.33505546
   0.0866243 ]","[-16.27554623   1.07654295   1.46494494  25.84277913  -1.29124169
  -0.1772524 ]","[ -0.68084555   0.04397417 -35.94749465 -22.47469192  -1.29936335
   0.05476415]",[-0.28037869  0.30266879 -5.22021405  0.53636323 -1.31586527 -0.09125421],"[-10.8478008    0.67140608   2.34987682  27.49099563  -1.31158848
   0.15844518]","[ 5.44900413e-01  4.65356060e-03  3.34627129e+02 -1.80338461e+02
 -1.13760015e+00 -4.35306814e-01]",007,RP
14,0,0.9886824268400788,0,"[-8.26807699e-01  4.73588186e-03 -3.05631917e+02 -2.50698822e+02
 -3.73674981e-01  9.95702399e-01]","[ -0.36719504   0.05942104 -26.59717543  -7.76635089  -1.31570406
   0.0713407 ]","[-1.19746476e+01  3.87088998e-01  4.08411882e+00  5.09058836e+01
 -1.33216050e+00 -2.36823125e-02]","[-15.64387194   0.94034278   1.67414327  28.190083    -1.2724159
  -0.23090588]","[ -0.70808691   0.04228491 -37.38123809 -24.46916523  -1.29915797
   0.06149679]",[-0.47275535  0.31500566 -5.01892551 -0.3727239  -1.31856356 -0.02763161],"[-10.41494761   0.72537722   2.17870191  24.69106621  -1.32014867
   0.07235971]","[ 5.47542277e-01  3.49385297e-03  4.47145707e+02 -2.42831178e+02
 -1.15046013e+00 -3.89585321e-01]",007,RP
15,0,0.9886824268400788,0,"[-8.30568116e-01  4.39824601e-03 -3.33159511e+02 -2.74711667e+02
 -4.58892481e-01 -9.21247184e-01]","[ -0.40307739   0.05560374 -28.39550132  -9.44558442  -1.30486722
   0.13082958]","[-11.7404629    0.3702441    4.26550423  52.07899412  -1.31740802
  -0.11620212]","[-15.10153636   0.79012409   1.98735123  32.01205683  -1.25090095
  -0.28967157]","[ -0.73416671   0.04038848 -39.13141589 -26.72898287  -1.30075227
   0.07323171]",[-0.66940256  0.31519082 -5.01601694 -1.3577346  -1.31644288  0.02742653],"[-9.95773472e+00  7.44538323e-01  2.12356832e+00  2.31459299e+01
 -1.32053361e+00  4.17080032e-03]","[ 5.49579916e-01  2.74689778e-03  5.71794905e+02 -3.12246996e+02
 -1.19356825e+00 -2.90408070e-01]",007,RP
16,0,0.9886824268400788,0,"[-8.35342438e-01  9.05495137e-03 -1.58621452e+02 -1.30503231e+02
 -5.81332077e-01 -9.84579357e-01]","[ -0.43608785   0.05004213 -31.50404936 -11.73853324  -1.28877237
   0.18867088]","[-11.52232175   0.33334787   4.72652977  56.46059673  -1.29435371
  -0.20473314]","[-14.65688581   0.63271139   2.47010965  38.20411516  -1.21721769
  -0.37147043]","[-7.58864521e-01  3.81126568e-02 -4.14543215e+01 -2.94582139e+01
 -1.30237761e+00  9.68486706e-02]",[-0.8630631   0.30453906 -5.18927373 -2.47867069 -1.31082287  0.07758092],[-9.49735198  0.73242816  2.15816108 22.49681536 -1.31613482 -0.05540156],"[ 5.51224961e-01  2.31316634e-03  6.81659461e+02 -3.73747709e+02
 -1.24536151e+00 -1.86153292e-01]",007,RP
17,0,0.9886824268400788,0,"[-8.43483992e-01  1.65474599e-02 -9.05213185e+01 -7.43532831e+01
 -8.93471164e-01 -7.56990981e-01]","[ -0.46530809   0.04331476 -36.32196744 -14.90090526  -1.26813292
   0.24660964]","[-11.33178756   0.28150514   5.57217288  65.14267928  -1.25861976
  -0.30635677]","[-14.31522976   0.47042037   3.28449127  49.01824717  -1.14161454
  -0.50832545]","[-7.81838779e-01  3.51923092e-02 -4.48579058e+01 -3.30716503e+01
 -1.30110789e+00  1.38272502e-01]",[-1.04745597  0.28481282 -5.54436819 -3.80748155 -1.30218008  0.125209  ],[-9.05234852  0.6932828   2.27829139 22.62388771 -1.3077786  -0.11159723],"[ 5.52615433e-01  2.04301326e-03  7.72467223e+02 -4.24877309e+02
 -1.28770697e+00 -1.52891908e-01]",007,RP
18,0,0.9886824268400788,0,"[-8.56696256e-01  2.58818305e-02 -5.93763756e+01 -4.88675186e+01
 -1.08489374e+00 -5.66614527e-01]","[-4.90148192e-01  3.59728948e-02 -4.36063831e+01 -1.93735898e+01
 -1.24171774e+00  3.10056886e-01]","[-11.17784884   0.21859776   7.1023066   81.38850967  -1.18750736
  -0.45253523]","[-14.0808571    0.30537649   4.86502255  70.50368726  -0.91797243
  -0.76113866]","[-8.02595271e-01  3.13639476e-02 -5.02375947e+01 -3.83204560e+01
 -1.29167761e+00  2.04091731e-01]",[-1.21749958  0.25807304 -6.11192985 -5.441272   -1.29049882  0.17212788],[-8.63832811  0.63199421  2.49601023 23.56135535 -1.29518011 -0.1682133 ],"[ 5.53799459e-01  1.77561394e-03  8.85879604e+02 -4.88599645e+02
 -1.30479172e+00 -2.39856870e-01]",007,RP
19,0,1.0594119323161275,0,"[-8.76004478e-01  3.61516415e-02 -4.30561307e+01 -3.57173633e+01
 -1.18330923e+00 -4.29068707e-01]","[-5.10304402e-01  2.84330471e-02 -5.48992081e+01 -2.60153075e+01
 -1.20289867e+00  3.91069646e-01]","[-11.06794846   0.14752086  10.15475747 114.39233227  -0.98214273
  -0.71060666]","[-13.9572422    0.15261975   7.32857615 104.28671232  -0.44974834
  -0.96651079]","[-8.20510481e-01  2.64569871e-02 -5.92881142e+01 -4.66465191e+01
 -1.26272814e+00  3.05246758e-01]",[-1.36944402  0.22651566 -6.95278227 -7.52144613 -1.27534355  0.21999758],[-8.26769544  0.55387163  2.84238347 25.49996081 -1.2770267  -0.22925611],"[ 5.54734685e-01  1.38029436e-03  1.11588889e+03 -6.17022271e+02
 -1.21318249e+00 -4.94469766e-01]",007,RP
20,0,1.0594119323161275,0,"[ -0.90189534   0.04672502 -33.52583715 -28.23679637  -1.23131122
  -0.33481568]","[-5.25672891e-01  2.09481143e-02 -7.37370123e+01 -3.67615484e+01
 -1.12898865e+00  5.15113099e-01]","[-1.10091358e+01  7.64032107e-02  1.46647753e+01  1.63446502e+02
 -5.19543454e-01 -9.08379149e-01]","[-13.94561198   0.12907756  -6.8667297  -93.76074801  -0.68922868
  -0.77431944]","[-8.34904761e-01  2.04761618e-02 -7.57254816e+01 -6.12235651e+01
 -1.18413357e+00  4.64881402e-01]","[ -1.5009036    0.19231059  -8.1727165  -10.2664596   -1.25578488
   0.27067269]",[-7.94957768  0.46424555  3.38035421 28.87238841 -1.24999901 -0.30076238],"[ 5.55301252e-01  8.27674424e-04  1.53157481e+03 -8.48485412e+02
 -6.89644297e-01 -8.35517442e-01]",007,RP
21,0,1.0594119323161275,0,"[ -0.93453854   0.05733631 -27.40969454 -23.61541602  -1.25395525
  -0.27266753]","[-5.36258482e-01  1.36777905e-02 -1.09400022e+02 -5.66666895e+01
 -9.38418714e-01  7.36362757e-01]","[-1.10089606e+01  7.60465427e-02 -1.20332611e+01 -1.30473698e+02
 -5.25936594e-01 -9.03239849e-01]","[-14.04261095   0.26342485  -5.56574999 -76.15766178  -0.88590699
  -0.79593753]","[-8.45149021e-01  1.36933753e-02 -1.08996306e+02 -9.01181217e+01
 -9.55253897e-01  7.33529016e-01]","[ -1.6107854    0.1574456   -9.95463178 -14.03477557  -1.23009347
   0.32686607]",[-7.69000992  0.36801957  4.24015732 34.60685188 -1.20548349 -0.39421245],"[ 5.55323799e-01  7.83064627e-04 -8.87581074e+02  4.94894894e+02
 -7.81140047e-01 -7.68715969e-01]",007,RP
22,0,1.0594119323161275,0,"[ -0.97399536   0.06801253 -23.14599288 -20.54408962  -1.26468759
  -0.23302212]","[-5.42111975e-01  7.03703108e-03 -1.76017168e+02 -9.34210143e+01
 -4.36993503e-01  1.02298727e+00]","[-11.07578369   0.17192818  -8.37277805 -90.73507861  -0.71346884
  -0.90781855]","[-14.23798247   0.40252129  -3.84688413 -52.77186873  -1.19634172
  -0.47103248]","[-8.50781213e-01  7.01240361e-03 -1.65881383e+02 -1.39128764e+02
 -4.37707231e-01  9.90732038e-01]","[ -1.69911343   0.1235727  -12.631305   -19.46201996  -1.19457119
   0.39382794]",[-7.49241767  0.26934776  5.72224691 44.87346383 -1.11748941 -0.53498931],"[ 5.54597305e-01  1.93266850e-03 -7.20962342e+02  4.01843772e+02
 -5.54636661e-01 -1.00935452e+00]",007,RP
23,0,1.047163854674542,0,"[ -1.02033475   0.07889098 -19.97333085 -18.37948346  -1.27133313
  -0.20675079]","[-5.43318356e-01  4.65169673e-03  1.31226348e+02  7.32976837e+01
 -1.12960138e+00  5.31079270e-01]","[-11.21830716   0.29481949  -5.16254435 -55.91500821  -1.01519434
  -0.64524667]","[-14.51304531   0.51010475  -3.08124017 -42.71817823  -1.3057932
  -0.25588165]","[-8.51606519e-01  5.35538438e-03  1.48492657e+02  1.28457315e+02
 -8.47781307e-01  6.72547508e-01]","[ -1.76675666   0.09187074 -16.87126209 -27.80741464  -1.13932941
   0.48356307]",[-7.35833738  0.17199198  8.61729459 65.40896093 -0.88962943 -0.78034431],"[ 5.52911993e-01  3.57411478e-03 -4.20740872e+02  2.34632674e+02
 -9.27192336e-01 -7.29020542e-01]",007,RP
24,0,1.017041695946056,0,"[ -1.07362925   0.08999355 -17.52117477 -16.8112458   -1.27813854
  -0.18514911]","[-5.40034755e-01  9.73370962e-03  1.47465383e+02  8.16364322e+01
 -7.79389492e-01  8.68882629e-01]","[-11.44435054   0.43213384  -3.58532091 -39.03166936  -1.14363862
  -0.48593587]","[-14.8404044    0.56929871  -2.77490686 -39.18074002  -1.34854106
  -0.08514325]","[-8.47756703e-01  1.08714870e-02  1.34393842e+02  1.15933280e+02
 -8.79996001e-01  8.01279995e-01]","[ -1.81509099   0.06299017 -24.22812046 -41.97624315  -1.03228179
   0.62525306]","[-7.28820749e+00  8.46868203e-02  1.32656996e+01  9.86831715e+01
 -4.29989014e-01 -9.82988776e-01]","[ 5.50073172e-01  5.53582393e-03 -2.78094017e+02  1.54972058e+02
 -1.08905393e+00 -5.53356711e-01]",007,RP
25,0,1.0057875769113942,0,"[ -1.13385746   0.10106041 -15.61254404 -15.70239955  -1.28620022
  -0.16187123]","[-5.32554742e-01  1.57536800e-02  9.76226822e+01  5.39894223e+01
 -1.13397731e+00  5.42272392e-01]","[-11.75914486   0.5765221   -2.71030246 -29.87083923  -1.21308848
  -0.37538356]","[-15.18494741   0.56863327  -2.77800681 -40.18388736  -1.35467548
   0.08392461]","[-8.39693991e-01  1.67099884e-02  9.26507123e+01  7.97982463e+01
 -1.19315817e+00  4.73330454e-01]","[-1.84565409e+00  3.72871322e-02 -3.88149961e+01 -6.96390563e+01
 -7.52366193e-01  8.81596895e-01]","[-7.28199344e+00  7.20555487e-02 -1.23584309e+01 -8.79940127e+01
 -6.54727209e-01 -8.03798609e-01]","[ 5.45913885e-01  7.74312019e-03 -2.00910896e+02  1.11680047e+02
 -1.16944182e+00 -4.39025105e-01]",007,RP
26,0,0.994537219504069,0,"[ -1.20075954   0.11152631 -14.15666445 -14.99874986  -1.29465324
  -0.13423364]","[-5.21372375e-01  2.10698262e-02  7.42916886e+01  4.07336341e+01
 -1.25771503e+00  3.38328028e-01]","[-12.16355914   0.71891616  -2.18424423 -24.56818385  -1.25644523
  -0.28806294]","[-15.50591995   0.5019708   -3.12362694 -46.43470929  -1.31035916
   0.29403856]","[-8.28162530e-01  2.13790813e-02  7.34718412e+01  6.28466259e+01
 -1.28998968e+00  2.72958232e-01]","[-1.85986854e+00  1.69217050e-02 -5.28470251e+01 -9.62885196e+01
 -6.09985205e-01  8.40313790e-01]","[ -7.33942719   0.15313555  -9.51441092 -67.83032618  -0.81342206
  -0.84215182]","[ 5.40301877e-01  1.01321312e-02 -1.54397982e+02  8.54215196e+01
 -1.21434940e+00 -3.58980689e-01]",007,RP
27,0,0.994048380352572,0,"[ -1.27368295   0.12060744 -13.09872136 -14.68361812  -1.30256474
  -0.10189336]","[-5.07227869e-01  2.50864253e-02  6.28198566e+01  3.38639820e+01
 -1.31061942e+00  1.94117242e-01]","[-12.65267565   0.84873206  -1.8559685  -21.48296739  -1.28519399
  -0.21294924]","[-15.75977884   0.37127951  -4.07905961 -62.28507738  -1.10836213
   0.61651624]","[-8.14105600e-01  2.44863272e-02  6.44628118e+01  5.44795361e+01
 -1.32254816e+00  1.37446614e-01]","[-1.85889615e+00  1.88999845e-02  5.96462742e+01  1.12876229e+02
 -4.57176109e-01  9.61947305e-01]","[ -7.45974596   0.24754331  -6.20639252 -44.29811155  -1.10272216
  -0.56108311]","[ 5.33144966e-01  1.26389227e-02 -1.24190119e+02  6.82113365e+01
 -1.24259754e+00 -2.98788952e-01]",007,RP
28,0,0.9935118918606862,0,"[ -1.35144116   0.12738147 -12.40832726 -14.76912421  -1.30982978
  -0.06416419]","[-4.91122081e-01  2.73537920e-02  5.77704734e+01  3.03723551e+01
 -1.33490612e+00  7.21698170e-02]","[-13.21505472   0.95506194  -1.65265999 -19.83999219  -1.30429428
  -0.14445454]","[-15.90346734   0.2052646   -5.44051391 -84.5230353   -0.59982788
   0.84150427]","[-7.98571752e-01  2.59109656e-02  6.10112840e+01  5.07218880e+01
 -1.33105010e+00  3.22706952e-02]","[-1.84365083e+00  3.76053704e-02  3.95789329e+01  7.49697326e+01
 -9.26396578e-01  7.53543690e-01]","[ -7.64097762   0.34078608  -4.57793887 -32.97992845  -1.21154759
  -0.39521619]","[ 5.24397985e-01  1.51874027e-02 -1.03582712e+02  5.63185654e+01
 -1.26280009e+00 -2.49423553e-01]",007,RP
29,0,0.9923455928694794,0,"[ -1.43219572   0.13079042 -12.08848237 -15.31307268  -1.31644124
  -0.01822543]","[-4.74289461e-01  2.75266670e-02  5.74190530e+01  2.92332517e+01
 -1.34067513e+00 -4.98196521e-02]","[-13.8329074    1.02806588  -1.53713082 -19.26298835  -1.31598321
  -0.07920519]","[-15.89775536   0.21682473   4.20931487  68.9186581   -0.52215313
   0.90463702]","[-7.82629423e-01  2.56787596e-02  6.15499104e+01  5.01707708e+01
 -1.32720183e+00 -6.12081783e-02]",[-1.81494692  0.05746558 26.90883117 50.8381002  -1.15154952  0.49880251],"[ -7.87900782   0.42672878  -3.68054749 -26.99906241  -1.26495375
  -0.28233928]","[ 5.14071247e-01  1.76805142e-02 -8.91221395e+01  4.78151293e+01
 -1.27835273e+00 -2.05517802e-01]",007,RP
30,0,0.9917121442669464,0,"[ -1.51335968   0.12961261 -12.19671203 -16.45801217  -1.32109687
   0.04140463]","[-4.58126145e-01  2.54094295e-02  6.20166244e+01  3.04114371e+01
 -1.32241252e+00 -1.91988410e-01]","[-1.44831881e+01  1.06032907e+00 -1.49109128e+00 -1.95957555e+01
 -1.32109449e+00 -1.49287301e-02]","[-15.71040988   0.48376322   2.97832235  48.79066484  -0.73637321
   0.89468245]","[-7.67300247e-01  2.39076195e-02  6.59954723e+01  5.26383422e+01
 -1.31249498e+00 -1.56598899e-01]",[-1.77371115  0.07625392 20.52128479 38.39883162 -1.23645884  0.34914831],"[ -8.16677981   0.49939636  -3.15621586 -23.77611995  -1.29543819
  -0.19338201]","[ 5.02237147e-01  2.00064971e-02 -7.88570299e+01  4.16049297e+01
 -1.29001475e+00 -1.64937276e-01]",007,RP
31,0,0.9910651640457652,0,"[ -1.59153195   0.12252119 -12.88760902 -18.5110415   -1.3193437
   0.12365438]","[-4.44079258e-01  2.10351016e-02  7.41481374e+01  3.49276499e+01
 -1.25225927e+00 -3.83613428e-01]","[-15.13939056   1.04792061  -1.50846084 -20.83717775  -1.31980103
   0.0503208 ]","[-15.3190426    0.81171182   1.8816634   30.82528176  -1.05594306
   0.61193569]","[-7.53511891e-01  2.07807182e-02  7.56165970e+01  5.89780050e+01
 -1.28083952e+00 -2.68703318e-01]",[-1.72117382  0.09298257 16.91788911 31.11862782 -1.27700658  0.24758786],"[ -8.4939231    0.5529911   -2.8559738  -22.25842179  -1.31315393
  -0.11584999]","[ 4.89030012e-01  2.20607901e-02 -7.15769703e+01  3.70032866e+01
 -1.29785176e+00 -1.27824237e-01]",007,RP
32,0,0.9662007846880568,0,"[ -1.66251852   0.10832519 -14.51969134 -22.13925571  -1.29873415
   0.24427501]","[-4.33508686e-01  1.47815279e-02  1.01669520e+02  4.60746199e+01
 -1.02621645e+00 -6.81186337e-01]","[-15.77370023   0.99080053  -1.59389445 -23.14161318  -1.31173782
   0.11924735]","[-14.71344      1.15279709   1.34919802  21.85134405  -1.18630492
   0.4361366 ]","[-7.42068481e-01  1.65352370e-02  9.41139177e+01  7.18389719e+01
 -1.21087793e+00 -4.22273719e-01]",[-1.65898384  0.10679867 14.76944514 26.50227085 -1.29879233  0.16974749],"[ -8.84694469   0.58272276  -2.71281602 -22.00013326  -1.32198111
  -0.04340294]","[ 4.74636319e-01  2.37697536e-02 -6.64701266e+01  3.35491362e+01
 -1.30235665e+00 -9.50999792e-02]",007,RP
33,0,0.9479990733816006,0,"[ -1.72151218   0.08641371 -17.97349991 -28.94159899  -1.22025847
   0.43638605]","[-4.27538978e-01  7.85165526e-03  1.47244296e+02  6.49526759e+01
 -4.94514484e-01 -9.42823499e-01]","[-16.35912272   0.89239252  -1.76605508 -26.89111185  -1.29510821
   0.19687228]","[-13.89719449   1.47957326   1.05974501  16.72748246  -1.2506778
   0.31508848]","[-7.33638453e-01  1.14738041e-02  1.31590734e+02  9.85400225e+01
 -1.02299334e+00 -6.70608695e-01]",[-1.58923348  0.11697288 13.50468691 23.46210059 -1.31083825  0.10457344],"[ -9.20997337   0.58554321  -2.69998114 -22.86675442  -1.32333112
   0.02831857]","[ 4.59277832e-01  2.50993143e-02 -6.29722200e+01  3.09217447e+01
 -1.30462158e+00 -6.70865782e-02]",007,RP
34,0,0.9479990733816006,0,"[ -1.76344232   0.05759803 -25.53987861 -43.03810273  -0.93001596
   0.76569815]","[-4.26932613e-01  6.63268889e-03 -1.24599180e+02 -5.11954536e+01
 -7.48071324e-01 -7.43880350e-01]","[-16.87120665   0.75854     -2.06932897 -32.91207669  -1.26396036
   0.29323274]","[-12.88856004   1.76683086   0.89125167  13.48695066  -1.28689103
   0.22117068]","[-7.28755841e-01  6.19435819e-03  2.02543540e+02  1.49604788e+02
 -4.99933630e-01 -9.83183851e-01]",[-1.51441114  0.12293819 12.85868582 21.47333702 -1.31707324  0.0456274 ],"[ -9.56591906   0.56056821  -2.81796881 -24.95646151  -1.31689786
   0.10352116]","[ 4.43194660e-01  2.60430898e-02 -6.07032161e+01  2.89033413e+01
 -1.30586004e+00 -4.28395962e-02]",007,RP
35,0,0.9479990733816006,0,"[-1.78343068e+00  2.92316632e-02 -2.70541213e+01 -4.62491501e+01
 -9.06638819e-01  6.24621964e-01]","[-4.32020981e-01  1.39398443e-02 -1.04225589e+02 -4.30276411e+01
 -8.25994084e-01 -8.37038949e-01]","[-17.28910582   0.59645897  -2.60816748 -43.09288359  -1.19942083
   0.4296426 ]","[-11.72046772   1.99089069   0.79285839  11.2926712   -1.30840866
   0.14085289]","[-7.27822992e-01  4.35721947e-03 -1.37919496e+02 -9.83809804e+01
 -1.10020027e+00 -5.60729147e-01]","[-1.43732091e+00  1.24281187e-01  1.27216999e+01  2.02851652e+01
 -1.31917788e+00 -1.22521794e-02]","[ -9.89779572   0.50914727  -3.09622936 -28.64584571  -1.30038694
   0.18778899]","[ 4.26634516e-01  2.66006191e-02 -5.94376747e+01  2.73581636e+01
 -1.30680158e+00 -2.04495317e-02]",007,RP
36,0,0.9479990733816006,0,"[-1.77725973e+00  4.16478918e-02  2.77818077e+01  5.13754879e+01
 -3.74552930e-01  1.03780465e+00]","[-4.42712940e-01  2.21793242e-02 -6.94625543e+01 -2.87519716e+01
 -1.14042236e+00 -5.28694896e-01]","[-17.59602223   0.41479564  -3.65353373 -62.28766075  -1.03349988
   0.65375709]","[-10.43953397   2.13092916   0.74169212   9.74292007  -1.32064313
   0.06617683]","[-7.31102309e-01  9.51377220e-03 -1.49418575e+02 -1.07240265e+02
 -7.09427814e-01 -9.13297850e-01]",[-1.36100591  0.12070405 13.09281686 19.81940111 -1.31720698 -0.07469828],"[-10.18993372   0.43458575  -3.61213658 -34.80743229  -1.26735265
   0.29103016]","[ 4.09849500e-01  2.67627145e-02 -5.90796060e+01  2.62137470e+01
 -1.30746608e+00  2.01477368e-03]",007,RP
37,0,0.9479008265916404,0,[-1.74176611  0.08518036 17.36091361 32.23865101 -0.87132404  0.79427768],"[-4.58575036e-01  2.97103332e-02 -5.26657676e+01 -2.21512063e+01
 -1.24355345e+00 -3.47942190e-01]","[ -17.77933578    0.22949391   -5.75253888 -100.27632039   -0.54497112
    0.98702017]","[-9.10392234e+00  2.17059505e+00  7.28389398e-01  8.63120051e+00
 -1.32539594e+00 -8.90112415e-03]","[-7.38693085e-01  1.60462320e-02 -9.52392492e+01 -6.83525748e+01
 -1.07243456e+00 -6.02122386e-01]",[-1.28868794  0.11199548 14.09109789 20.15902796 -1.30890098 -0.14953901],"[-10.42887618   0.34161923  -4.55173585 -45.46948952  -1.19820678
   0.43450521]","[ 3.93097613e-01  2.65118880e-02 -5.96353493e+01  2.54425135e+01
 -1.30748928e+00  2.58022033e-02]",007,RP
38,0,0.9478172608015712,0,[-1.67510483  0.13419523 11.47339241 21.21913504 -1.11302744  0.54370314],"[-4.78957869e-01  3.61334579e-02 -4.35520830e+01 -1.88596129e+01
 -1.28101960e+00 -2.37746794e-01]","[-17.83074985   0.13250014   2.19199327  41.08488373  -1.56324166
   0.32694968]",[-7.78021599  2.09942633  0.75256664  7.855131   -1.32200364 -0.09068455],"[-7.50499920e-01  2.24985223e-02 -6.92524894e+01 -4.99739878e+01
 -1.20723473e+00 -4.11128971e-01]",[-1.22370655  0.09805427 16.03931724 21.6274176  -1.28668465 -0.24968541],"[-10.60385791   0.23619396  -6.40178641 -65.88363354  -1.02138009
   0.66705609]","[ 3.76645699e-01  2.58304501e-02 -6.11986716e+01  2.50502164e+01
 -1.30662787e+00  5.17277359e-02]",007,RP
39,0,0.947775235231291,0,[-1.57688908  0.18351849  8.50362181 15.40926841 -1.21070158  0.39186171],"[ -0.503132     0.04140059 -38.10332974 -17.17100451  -1.29474737
  -0.16746548]","[-17.74664233   0.27501516   5.07366316  92.04048545  -0.66506357
   0.9378103 ]",[-6.53973205  1.91374916  0.82367514  7.3866147  -1.3064387  -0.18849223],"[-7.66208331e-01  2.83310314e-02 -5.54302416e+01 -4.04711129e+01
 -1.26750318e+00 -2.83997896e-01]",[-1.16942271  0.0790154  19.72642205 25.06852591 -1.22707792 -0.39995521],"[ -10.70689614    0.12883143  -10.05979485 -105.70917864   -0.51672413
    0.99411504]","[ 3.60772299e-01  2.47032587e-02 -6.39708327e+01  2.50789044e+01
 -1.30483254e+00  8.11890556e-02]",007,RP
40,0,0.8683689308838696,0,[-1.44825602  0.23018688  6.82143303 11.87918147 -1.25905157  0.28840164],"[ -0.53039604   0.04563802 -34.60356176 -16.35359222  -1.29953376
  -0.12164969]","[-17.5286304    0.47083729   3.24197852  58.82744315  -1.07413512
   0.60669875]",[-5.45460583  1.61720165  0.9689678   7.28533739 -1.26559088 -0.32003175],"[-7.85287451e-01  3.31555736e-02 -4.75442378e+01 -3.53358933e+01
 -1.29671024e+00 -1.90199675e-01]",[-1.12906095  0.0555698  27.22511955 32.73881945 -1.04527528 -0.65332292],"[-10.73264235   0.0793052    5.28217802  58.69172749  -1.40279758
   0.4053835 ]","[ 3.45770409e-01  2.31116021e-02 -6.83366447e+01  2.56287896e+01
 -1.30166050e+00  1.17118602e-01]",007,RP
41,0,0.8689734030710218,0,[-1.29189949  0.27155275  5.80154153  9.49500856 -1.2866598   0.20915785],"[ -0.56013116   0.04901873 -32.23451614 -16.055557    -1.30164201
  -0.09036443]","[-17.18415957   0.65918122   2.3649853   42.64028479  -1.21570547
   0.40218796]",[-4.59370347  1.22229216  1.26032359  7.78955287 -1.15328936 -0.52377994],"[-8.07032786e-01  3.67253380e-02 -4.30034399e+01 -3.27051860e+01
 -1.30996423e+00 -1.17053583e-01]","[-1.10549302e+00  3.03542202e-02  4.13572949e+01  4.77202009e+01
 -5.15198347e-01 -9.72409329e-01]","[-10.67819856   0.16901452   8.32477221  90.89357057  -0.68141702
   0.92943446]","[ 3.31949865e-01  2.10279833e-02 -7.50254516e+01  2.69046885e+01
 -1.29529779e+00  1.64400486e-01]",007,RP
42,0,0.8695544924610961,0,[-1.11206738  0.30508295  5.17395003  7.75378105 -1.30368979  0.14224242],"[ -0.5917966    0.05165563 -30.59846658 -16.10806852  -1.30376102
  -0.06584387]","[-16.72679781   0.82374634   1.90760709  33.90815803  -1.27485117
   0.27018016]",[-4.01844151  0.75984118  1.88133715  9.56004329 -0.78749952 -0.8632487 ],"[-8.30644683e-01  3.89592549e-02 -4.05720161e+01 -3.17009295e+01
 -1.31411318e+00 -5.89054322e-02]","[-1.10098836e+00  2.15028237e-02 -2.77747260e+01 -2.85796499e+01
 -1.10798956e+00 -5.54026239e-01]","[-10.54308872   0.28885993   5.28375757  57.7071248   -1.06423501
   0.61155954]","[ 3.19636857e-01  1.84242726e-02 -8.54406935e+01  2.93099947e+01
 -1.28119950e+00  2.30346886e-01]",007,RP
43,0,0.8706516499845446,0,[-0.91448681  0.32844798  4.81124508  6.39982018 -1.31408581  0.08109355],"[ -0.62488036   0.05353797 -29.52871599 -16.45191468  -1.30660823
  -0.0419248 ]","[-16.17593201   0.95398138   1.65322331  28.7424279   -1.30306416
   0.17318409]",[-3.77882808  0.37667207  1.25103587  6.72744949 -1.37120755 -0.40148849],"[-8.55321976e-01  3.99360730e-02 -3.95905974e+01 -3.18627080e+01
 -1.31299355e+00 -1.31243349e-02]","[ -1.11696767   0.04658061 -30.54125761 -32.11359736  -0.721332
  -0.9059699 ]","[-10.32947375   0.40818581   3.81454451  41.40223734  -1.199009
   0.42082384]","[ 3.09165684e-01  1.52957537e-02 -1.02435548e+02  3.36695561e+01
 -1.24885972e+00  3.26934884e-01]",007,RP
44,0,0.871160372457757,0,[-0.70618447  0.33971426  4.65398729  5.28657354 -1.31931441  0.02150137],"[-6.58828544e-01  5.45225509e-02 -2.89990050e+01 -1.71053722e+01
 -1.30979606e+00 -1.41580768e-02]","[-15.55565424   1.04272201   1.51516883  25.56944245  -1.31605682
   0.09501719]",[-3.91024238  0.63177499 -2.00758089 -5.8501279  -0.4528808  -1.02743246],"[-8.80347509e-01  3.98603478e-02 -3.96651806e+01 -3.29191430e+01
 -1.30912864e+00  2.14772108e-02]","[ -1.15380306   0.07793751 -19.6347217  -20.65460207  -1.08663718
  -0.5893831 ]","[-10.04251554   0.51854058   3.02642108  32.39288075  -1.25847531
   0.298567  ]","[ 3.00859503e-01  1.16926789e-02 -1.32478369e+02  4.18573762e+01
 -1.17016592e+00  4.78235989e-01]",007,RP
45,0,0.8716701907808189,0,[-0.49520081  0.33753294  4.68360533  4.31932513 -1.31965488 -0.04013343],"[-6.92977920e-01  5.43699969e-02 -2.90796877e+01 -1.81515815e+01
 -1.31238419e+00  2.05753135e-02]","[-14.89275782   1.0869344    1.45452645  23.66191012  -1.31949883
   0.02894219]",[-4.43164287  1.20237736 -1.24846574 -3.53275431 -0.96539292 -0.71547568],"[-9.05151223e-01  3.90151101e-02 -4.05195458e+01 -3.46763164e+01
 -1.30426117e+00  4.53279671e-02]","[ -1.2106983    0.10819595 -14.41624044 -15.45371776  -1.21842622
  -0.39539994]",[-9.69068046  0.61349154  2.5679654  26.88533213 -1.28978883  0.20843943],"[ 2.95002757e-01  7.76187028e-03 -1.92271774e+02  5.87207034e+01
 -9.48159849e-01  7.37223582e-01]",007,RP
46,0,0.8721905697957222,0,[-0.29021944  0.32125472  4.91681465  3.42695521 -1.31422214 -0.10825595],"[ -0.72651568   0.05280837 -29.9302049  -19.74476311  -1.31283997
   0.06482996]","[-14.21402056   1.08861551   1.45231102  22.64317871  -1.31609566
  -0.02684576]",[-5.34574855  1.80273996 -0.85903874 -2.59220511 -1.15866516 -0.48455641],"[-9.29343722e-01  3.77112743e-02 -4.19160078e+01 -3.69543787e+01
 -1.29965412e+00  5.85868892e-02]","[ -1.28566162   0.13470457 -11.66742328 -13.00035827  -1.27622916
  -0.26645589]",[-9.28579719  0.68726414  2.29714141 23.33078928 -1.30739591  0.13449451],"[ 2.91812539e-01  3.96029211e-03 -2.93259158e+02  8.75766996e+01
 -4.43539148e-01  9.84656778e-01]",007,RP
47,0,0.936533410267416,0,[-0.1001351   0.29097619  5.4174113   2.54247305 -1.29977335 -0.18977743],"[ -0.75848401   0.04961047 -31.83181614 -22.14392357  -1.30860716
   0.12125093]","[-13.54327156   1.05487884   1.498248    22.29117957  -1.30825121
  -0.07136551]",[-6.64096248  2.38291764 -0.65675091 -2.36145818 -1.23257266 -0.3488034 ],"[-9.52714041e-01  3.62334139e-02 -4.36241648e+01 -3.95613543e+01
 -1.29644607e+00  6.22582175e-02]","[ -1.37557564   0.15554067 -10.14094722 -11.94963999  -1.30497995
  -0.16882898]",[-8.84275357  0.73513289  2.14990972 21.01112182 -1.31668925  0.06899923],"[ 2.91415327e-01  3.15959012e-03  2.58107065e+02 -7.32163546e+01
 -7.78760400e-01  7.24271074e-01]",007,RP
48,0,0.936533410267416,0,[ 0.06641416  0.24758507  6.33819467  1.57905415 -1.26725756 -0.29697374],"[ -0.78783221   0.04467228 -35.28356465 -25.79752872  -1.29554292
   0.1934303 ]","[-12.89890048   0.99671747   1.5850038   22.44480629  -1.29884928
  -0.1025309 ]",[-8.29392439  2.92163832 -0.53815047 -2.46337932 -1.26674695 -0.26068354],"[-9.75187751e-01  3.47768918e-02 -4.54521905e+01 -4.23244194e+01
 -1.29568989e+00  6.00920593e-02]","[ -1.47636326   0.1692457   -9.33598766 -11.78330919  -1.31909281
  -0.08690311]","[-8.37880091e+00  7.53954528e-01  2.09704467e+00  1.95707198e+01
 -1.31995510e+00  7.41258058e-03]","[ 2.93831104e-01  6.65005737e-03  2.18515831e+02 -6.22067479e+01
 -8.20374379e-01  8.39913729e-01]",007,RP
49,0,0.936533410267416,0,[ 0.20151961  0.19288979  8.04594953  0.37858339 -1.19001912 -0.45494267],"[-8.13505137e-01  3.80730822e-02 -4.12384002e+01 -3.15476504e+01
 -1.26625383e+00  2.88048815e-01]","[-12.29240092   0.92660573   1.70446034  22.95190983  -1.2907793
  -0.11873997]","[-10.2712914    3.40377498  -0.46305351  -2.75615755  -1.28580874
  -0.1967906 ]","[-9.96749106e-01  3.33825989e-02 -4.73507097e+01 -4.51967776e+01
 -1.29791922e+00  5.97750128e-02]","[-1.58323153e+00  1.74871910e-01 -9.04112523e+00 -1.23141945e+01
 -1.32403230e+00 -1.21255812e-02]",[-7.91255579  0.74246329  2.12900742 18.84588996 -1.31800964 -0.05381656],"[ 2.98963203e-01  1.06316921e-02  1.44801503e+02 -4.12903212e+01
 -1.13063704e+00  5.37448720e-01]",007,RP
50,0,0.936533410267416,0,[ 0.2984527   0.13010076 11.50593175 -1.43397644 -0.97256278 -0.71814524],"[-8.34549828e-01  3.00979693e-02 -5.17287489e+01 -4.11702185e+01
 -1.20362889e+00  4.20073642e-01]","[-11.72830203   0.85575091   1.84554209  23.64507505  -1.28601768
  -0.12028297]","[-12.52984338   3.81308052  -0.41395466  -3.18678706  -1.2985516
  -0.14436598]","[-1.01734106e+00  3.18987237e-02 -4.95469284e+01 -4.84061244e+01
 -1.30244623e+00  7.16311774e-02]","[ -1.69096705   0.17201821  -9.18832852 -13.53716078  -1.3216851
   0.06187254]",[-7.46287558  0.70127786  2.25198304 18.80626925 -1.31049192 -0.11850406],"[ 3.06592130e-01  1.43076496e-02  1.09305366e+02 -3.15121651e+01
 -1.24040213e+00  3.56031681e-01]",007,RP
51,0,0.936533410267416,0,[ 0.35207676  0.06738453 17.45708264 -4.14623313 -0.45621602 -0.98036874],"[-8.50220345e-01  2.12344301e-02 -7.17300558e+01 -5.89863528e+01
 -1.05534194e+00  6.24659916e-01]","[-11.20544332   0.79199282   1.99448217  24.34905691  -1.28505655
  -0.11026701]","[-15.01515464   4.12929537  -0.38261484  -3.74502095  -1.30788074
  -0.0960148 ]","[-1.03676747e+00  3.00052032e-02 -5.26467179e+01 -5.25824046e+01
 -1.30640304e+00  1.05783692e-01]","[ -1.79426419   0.16082504  -9.81460672 -15.60999735  -1.31116894
   0.14164297]",[-7.04775134  0.63273655  2.49122161 19.55751044 -1.29529519 -0.19184226],"[ 3.16375162e-01  1.73890527e-02  9.05075515e+01 -2.66343413e+01
 -1.28860782e+00  2.33640615e-01]",007,RP
52,0,0.936533410267416,0,"[  0.35919885   0.05307532 -14.81828234   7.32270991  -0.81880716
  -0.70209882]","[-8.60064480e-01  1.22646091e-02 -1.13556601e+02 -9.56659992e+01
 -6.43495239e-01  9.52000425e-01]","[-10.71910522   0.73895887   2.13817258  24.91929685  -1.28704605
  -0.09439894]","[-17.66013196   4.32954018  -0.36512271  -4.44811517  -1.31423449
  -0.04763957]","[-1.05462674e+00  2.73060673e-02 -5.77607592e+01 -5.89160411e+01
 -1.30335460e+00  1.71478970e-01]","[ -1.88807529   0.14197741 -11.08434854 -18.92808454  -1.28775994
   0.23551635]",[-6.68326185  0.54074902  2.90447462 21.41136438 -1.26672964 -0.28190188],"[ 3.27856374e-01  1.96729892e-02  8.02372411e+01 -2.43062909e+01
 -1.31162465e+00  1.39671527e-01]",007,RP
53,0,0.936533410267416,0,"[  0.31882352   0.11208807 -12.92965107   6.12227688  -0.80976131
  -0.84772078]","[-8.63982506e-01  5.69509254e-03 -6.24148679e+01 -5.19253540e+01
 -1.46247439e+00  3.79040334e-01]","[-10.26332446   0.69643935   2.26918397  25.28937135  -1.29058645
  -0.07935526]","[-2.03848478e+01  4.39254660e+00 -3.59949858e-01 -5.33752306e+00
 -1.31722188e+00  3.05292684e-03]","[-1.07029829e+00  2.34551641e-02 -6.69478082e+01 -6.96541247e+01
 -1.27936882e+00  2.81858880e-01]","[ -1.96797113   0.11674851 -13.3955674  -24.36208988  -1.23932219
   0.35631115]",[-6.38258458  0.43079261  3.61915835 25.09958429 -1.21054518 -0.40280084],"[ 3.40490448e-01  2.10263406e-02  7.51713453e+01 -2.35951251e+01
 -1.32113871e+00  6.09930636e-02]",007,RP
54,0,0.2189665302009763,0,[ 0.23227012  0.17991325 -8.55312172  3.98663457 -1.12918189 -0.54069244],"[-8.62254959e-01  8.96378915e-03  1.47402135e+02  1.29098222e+02
 -6.08669733e-01  9.41363621e-01]",[-9.83285854  0.66150582  2.38926119 25.49326732 -1.29452249 -0.07079458],"[-23.09857709   4.30326283  -0.36731638  -6.4844857   -1.31617136
   0.05796838]","[-1.08298650e+00  1.82764721e-02 -8.47667838e+01 -8.98012825e+01
 -1.19464389e+00  4.67402943e-01]","[ -2.03048661   0.08705087 -17.70653798 -33.95288835  -1.13352119
   0.52863335]",[-6.15511777  0.31005005  4.94145122 32.41521423 -1.08700304 -0.58319761],"[ 3.53678581e-01  2.13965104e-02  7.38933184e+01 -2.41344840e+01
 -1.32218906e+00 -9.21375390e-03]",007,RP
55,0,0.2189665302009763,0,[ 0.10314425  0.24249592 -6.44880653  2.66515733 -1.24016054 -0.35687499],"[-8.55540895e-01  1.54192432e-02  9.91180378e+01  8.67995347e+01
 -1.12907190e+00  5.75437691e-01]",[-9.4244776   0.62985445  2.50928114 25.64866387 -1.29797707 -0.07221316],"[-25.70437326   4.05631674  -0.38932753  -8.00742007  -1.30974118
   0.11962182]","[-1.09180779e+00  1.19227401e-02 -1.22677118e+02 -1.31939833e+02
 -8.92830998e-01  7.91982944e-01]","[ -2.07340765   0.05553221 -26.53368706 -53.01514962  -0.86539381
   0.80280678]",[-6.00584953  0.1881395   7.67268046 48.08096437 -0.76404571 -0.87732781],"[ 3.66809305e-01  2.08050311e-02  7.59586617e+01 -2.58623439e+01
 -1.31720884e+00 -7.63748593e-02]",007,RP
56,0,0.2189665302009763,0,[-0.06282424  0.2950911  -5.33307619  1.66495356 -1.28706359 -0.23545437],"[-8.44846102e-01  2.06023171e-02  7.60840150e+01  6.62792835e+01
 -1.29209779e+00  3.06021354e-01]",[-9.03747898  0.59703201  2.64680338 25.92042994 -1.29998185 -0.0847691 ],"[-28.1056659    3.65804232  -0.43091078 -10.11103442  -1.29514337
   0.19182363]","[-1.09589479e+00  5.96771177e-03 -1.23688395e+02 -1.33549467e+02
 -9.77956252e-01  5.89417755e-01]","[-2.09594844e+00  2.68887402e-02 -4.07432133e+01 -8.33956744e+01
 -3.98937852e-01  1.00232923e+00]",[-5.93512039  0.08605586  9.95356149 61.07558581 -0.64618396 -0.81866087],"[ 3.79295101e-01  1.93247829e-02  8.16711594e+01 -2.89774707e+01
 -1.30630560e+00 -1.46855273e-01]",007,RP
57,0,0.214052214161791,0,[-0.25806953  0.33464578 -4.71646695  0.78282357 -1.30930796 -0.14438406],"[-8.31455830e-01  2.36886173e-02  6.66461854e+01  5.74133594e+01
 -1.34216527e+00  1.21202907e-01]",[-8.67360255  0.55928892  2.82437478 26.4975043  -1.2996556  -0.10823154],"[-30.2134105    3.12688251  -0.50230371 -13.1763081   -1.26678377
   0.28126307]","[-1.09449133e+00  8.78006679e-03  1.34536733e+02  1.49249288e+02
 -3.79947141e-01  1.04221942e+00]","[-2.09878258e+00  2.11485923e-02  4.29029771e+01  9.20440208e+01
 -7.39877051e-01  7.25320596e-01]","[ -5.93887127   0.09362956 -12.28500874 -70.95908549  -0.52339927
  -0.91576392]","[ 3.90599253e-01  1.70574699e-02  9.22857510e+01 -3.40467454e+01
 -1.28604740e+00 -2.29530901e-01]",007,RP
58,0,0.2817643675213143,0,[-0.59537273  0.58643427 -2.53549119  0.49043769 -0.54102257 -0.8740937 ],"[-8.12759698e-01  3.13898277e-02  4.94684886e+01  4.22059939e+01
 -9.60934072e-01  4.64836098e-01]",[-8.23926171  0.67935305  2.28521539 20.82848763 -0.91924104  0.44102701],"[-31.87219106   2.38949245  -0.64541402 -18.57075911  -1.19563785
   0.49242257]",[-1.06708308  0.06070498 20.6754735  24.06244801  0.14409986  1.42614531],[-2.05301706  0.10650312 12.18617051 27.01841594  0.0478118   1.36237188],"[ -6.14876417   0.46999444  -2.77517445 -15.06389319   0.04756074
  -1.36066414]","[ 4.00252110e-01  1.41234062e-02  1.10855291e+02 -4.23700641e+01
 -1.24588810e+00 -3.38903679e-01]",007,RP
59,0,0.2817771363017275,0,[-0.92650612  0.65274378 -2.33771654 -0.16590868 -1.69602308 -0.24028991],"[-7.96717806e-01  2.95049832e-02  5.18812724e+01  4.33347335e+01
 -1.58912547e+00 -1.49561483e-02]",[-7.88166298  0.63757109  2.40528027 20.95760849 -1.60872498  0.02640407],"[-32.8132996    1.41283837  -0.85773312 -26.14505398  -0.7551493
   0.730794  ]",[-1.02994163  0.08591956 17.06290747 19.57379878 -1.61364291  0.48271138],[-1.99413075  0.13889641 10.663561   23.26453489 -1.72699414  0.39278719],"[ -6.42074695   0.62666576  -2.3653035  -13.18701527  -1.68760403
  -0.41812499]","[ 4.06163232e-01  9.09641955e-03  1.47912193e+02 -5.80764945e+01
 -8.97375374e-01 -6.30155645e-01]",007,RP
60,0,0.2818242246475476,0,[-1.23753417  0.61124943 -2.44021226 -1.01984606 -1.68250441  0.40315124],"[-7.84535682e-01  2.27077768e-02  5.93404001e+01  4.85546613e+01
 -1.43907418e+00 -5.64405727e-01]",[-7.61724638  0.49966201  2.72837303 22.7826896  -1.51689783 -0.53471108],"[-33.01315915   1.04379012   0.5103244   18.84742074  -1.29348379
   0.2369052 ]",[-0.98350266  0.09972175 15.44067284 17.18594286 -1.64360201 -0.10953343],[-1.92815631  0.14397601 10.44972692 22.14870691 -1.73295304 -0.31717856],"[ -6.73775758   0.67731771  -2.2518422  -13.17236686  -1.69852673
   0.23624456]","[ 4.08034998e-01  5.95307061e-03 -1.12223017e+01  6.57909186e+00
 -1.43396153e+00  5.55241288e-02]",007,RP
61,0,0.2818855110289989,0,[-1.51582072  0.4710849  -2.88011003 -2.36573046 -0.05764898  1.28005681],"[-7.76874505e-01  1.40501390e-02  4.97908382e+01  4.06812327e+01
 -2.94738617e-01 -1.12916587e+00]",[-7.46364345  0.32169714  1.98433212 16.81034747 -0.51146686 -1.02046328],"[-32.47602712   1.83307966   0.79451309  27.80262852  -1.03932478
   0.64938826]",[-0.92861397  0.09947257 15.47243251 16.36791694 -0.82761511 -0.55693624],[-1.86096489  0.12075445 11.71799282 23.80677324 -0.24560876 -1.13846265],"[ -7.08364162   0.61437112  -2.42552209 -15.18152923  -0.55188035
   0.85667937]","[ 4.05706471e-01  9.77567665e-03 -1.39259670e+02  5.84985493e+01
 -8.87112500e-01 -6.67965785e-01]",007,RP
62,0,0.2820104471027087,0,"[ -1.75054792   0.1357469  -11.16219356 -17.53995474  -1.02528591
   0.65834279]","[-7.73798434e-01  7.89472715e-03 -1.94579480e+02 -1.48565297e+02
 -1.22224050e+00 -5.05069190e-01]","[ -7.43814175   0.27007291  -5.3964898  -38.13985611  -0.79338841
  -0.8543517 ]","[-31.2342031    2.67045126   0.58728212  20.34328888  -1.25883224
   0.30932535]",[-0.86652943  0.07544286 20.95116024 20.154797   -1.31324583  0.06171973],"[-1.79784251e+00  4.71342293e-02  3.28417770e+01  6.10443427e+01
 -1.16412831e+00 -4.86159609e-01]","[ -7.44395625   0.36452319  -4.33578946 -30.27542705  -1.30492585
   0.07062435]","[ 3.99159331e-01  1.53260885e-02 -1.01956006e+02  4.26966910e+01
 -1.22504455e+00 -3.71632023e-01]",007,RP
63,0,0.282089161924477,0,"[ -1.81139021   0.07531143 -17.78349911 -30.21285613  -0.55416568
   0.9910523 ]","[-7.78857826e-01  9.76595395e-03 -1.61400837e+02 -1.23708305e+02
 -1.38478623e+00 -1.51607142e-01]","[ -7.65337648   0.44104396  -3.47549946 -24.59930582  -1.08251547
  -0.58242449]","[-29.42790982   3.16418055   0.49795106  16.65365888  -1.29575848
   0.20387628]","[-8.18825383e-01  7.72600072e-02  2.04644521e+01  1.87568128e+01
 -1.31693005e+00  1.08331137e-02]","[-1.77407871e+00  3.13181583e-02  4.77712626e+01  8.67499798e+01
 -9.45390439e-01 -7.33988155e-01]","[ -7.66691346   0.34469277  -4.58356481 -33.14179474  -1.30035541
   0.09767119]","[ 3.88517446e-01  1.89552604e-02 -8.29212954e+01  3.42163699e+01
 -1.26919813e+00 -2.66474560e-01]",007,RP
64,0,0.2821794670418182,0,[-1.83073813  0.03970727  3.14864846  7.76435079 -1.69629717  0.26108945],"[-7.84562422e-01  9.80044981e-03 -1.60882561e+02 -1.24222412e+02
 -1.38545602e+00  1.41724534e-01]","[ -7.97903431   0.61520559  -2.53249705 -18.20688088  -1.2006505
  -0.41374494]","[-27.35557104   3.51733526   0.44899565  14.28253228  -1.31532917
   0.11710501]",[-0.77085259  0.07642375 20.68541774 17.9454079  -1.31682705 -0.0428592 ],"[-1.76057919e+00  1.62036566e-02  7.71327167e+01  1.37798256e+02
 -4.21808869e-01 -1.04140663e+00]","[ -7.87579322   0.31973449  -4.93878385 -36.89684031  -1.29684549
   0.12632343]","[ 3.75734945e-01  2.20678326e-02 -7.14356517e+01  2.88408706e+01
 -1.29154364e+00 -1.89988391e-01]",007,RP
65,0,0.2841368867953576,0,[-1.8092039   0.07728728 17.92128566 34.42325983 -0.67064277  0.93053692],"[-7.89679357e-01  8.00109185e-03 -1.92488776e+02 -1.50004413e+02
 -1.23412030e+00  4.86241534e-01]","[ -8.41141534   0.77909296  -2.01444222 -14.94431022  -1.25851957
  -0.29728606]","[-25.11495571   3.702324     0.42699076  12.72385401  -1.32404041
   0.03859094]",[-0.72430413  0.07283311 21.69004743 17.71019103 -1.31182632 -0.10173317],"[-1.75727912e+00  9.74397307e-03 -5.41746241e+01 -9.31999360e+01
 -1.30293692e+00 -4.29029387e-01]","[ -8.06697817   0.28969316  -5.44566986 -41.93009987  -1.29275983
   0.16622278]","[ 3.61173902e-01  2.45567733e-02 -6.42967533e+01  2.52223093e+01
 -1.30317062e+00 -1.30458796e-01]",007,RP
66,0,0.2844489896035126,0,[-1.74929204  0.13099726 11.67879688 22.42962636 -1.10427287  0.58263729],"[-7.93029128e-01  4.87019252e-03 -2.65928683e+02 -2.08889191e+02
 -6.66981289e-01  8.78999946e-01]","[ -8.93987413   0.92098656  -1.71062211 -13.29274634  -1.2902241
  -0.2077469 ]","[-22.81571321   3.70437751   0.42675852  11.73680004  -1.32385949
  -0.03710219]",[-0.68087302  0.06657758 23.69243703 18.13154116 -1.29993245 -0.16888871],"[-1.76353817e+00  1.95739184e-02 -7.35132373e+01 -1.27643400e+02
 -8.15321747e-01 -8.44884820e-01]","[ -8.23646449   0.25331139  -6.21400249 -49.18141081  -1.28244536
   0.23159302]","[ 3.45248898e-01  2.63575124e-02 -5.99549310e+01  2.26993739e+01
 -1.30917595e+00 -8.14881604e-02]",007,RP
67,0,0.2846070786326634,0,[-1.65538397  0.17932534  8.71528306 16.42713987 -1.24475416  0.36306256],"[-7.93575928e-01  3.81143564e-03  1.44386527e+02  1.16581672e+02
 -1.11147841e+00  5.70501749e-01]","[ -9.54719712   1.03074363  -1.53171009 -12.62353814  -1.30833691
  -0.13268687]","[-20.57093554   3.52539501   0.4480003   11.21578534  -1.31498228
  -0.11373769]",[-0.64213538  0.05795123 27.14224956 19.42899881 -1.27719486 -0.24951473],"[-1.77833143e+00  3.12051815e-02 -4.94251339e+01 -8.58942691e+01
 -1.15690350e+00 -5.14618472e-01]","[ -8.37927945   0.20867117  -7.49890963 -60.83545934  -1.24864939
   0.34545833]","[ 3.28407136e-01  2.74372229e-02 -5.76196793e+01  2.09227139e+01
 -1.31206548e+00 -3.86877691e-02]",007,RP
68,0,0.2847667454226384,0,[-1.53357678  0.21752522  7.23817688 13.10029997 -1.29791088  0.22139139],"[-7.90483190e-01  8.81544926e-03  1.58438337e+02  1.27242842e+02
 -6.11363644e-01  9.73883617e-01]","[-10.21052735   1.1002056   -1.43658012 -12.6682406   -1.3181341
  -0.06489309]","[-18.48750553   3.18413885   0.49497631  11.15087719  -1.29619008
  -0.19556235]",[-0.60943309  0.04743948 32.9769466  22.09724258 -1.23450935 -0.35344392],"[-1.80040078e+00  4.12853936e-02 -3.79490136e+01 -6.63234338e+01
 -1.25792007e+00 -3.25065726e-01]","[ -8.48937167   0.15448287  -9.93742577 -82.36250075  -1.13255431
   0.55228412]","[ 3.11109913e-01  2.77851058e-02 -5.69051718e+01  1.97037631e+01
 -1.31275112e+00  1.08656637e-03]",007,RP
69,0,0.2849284672634344,0,[-1.3913474   0.24319805  6.4936935  11.03498357 -1.31980746  0.11613098],"[-7.83140377e-01  1.56740773e-02  9.66714664e+01  7.77073286e+01
 -9.99339485e-01  6.70517381e-01]","[-1.09026992e+01  1.12364191e+00 -1.40709737e+00 -1.33411594e+01
 -1.32167491e+00  6.52274632e-04]","[-16.65731887   2.71271848   0.57875665  11.64053406  -1.26339357
  -0.28963549]","[-5.83773942e-01  3.56890876e-02  4.33228158e+01  2.72907310e+01
 -1.14766195e+00 -5.01231824e-01]","[-1.82834722e+00  4.92742448e-02 -3.19723470e+01 -5.64565518e+01
 -1.29577137e+00 -2.07130537e-01]","[-8.56009472e+00  9.29339607e-02 -1.49935592e+01 -1.26346287e+02
 -7.13734806e-01  9.03543561e-01]","[ 2.93815142e-01  2.74131995e-02 -5.76699149e+01  1.89442942e+01
 -1.31124699e+00  3.96895912e-02]",007,RP
70,0,0.2852453000348304,0,[-1.23705927  0.25516106  6.19581536  9.6645908  -1.32661478  0.02842075],"[-7.71171667e-01  2.31295464e-02  6.69853975e+01  5.36572407e+01
 -1.15148220e+00  4.83295039e-01]","[-11.59389643   1.09818481  -1.43916325 -14.68550973  -1.31914365
   0.06820895]","[-15.1510672    2.1510386    0.72447743  12.97660619  -1.2046096
  -0.40987489]","[-5.65766022e-01  2.35025366e-02  6.36391118e+01  3.80048471e+01
 -9.38256573e-01 -7.38111321e-01]","[ -1.8606604    0.05491454 -28.75720722 -51.50739675  -1.31374231
  -0.12000539]","[ -8.58520154   0.04932539  -2.44495831 -18.99045986  -1.70290465
   0.25259244]","[ 2.76958933e-01  2.63660079e-02 -5.99388514e+01  1.86006003e+01
 -1.30734811e+00  7.78089856e-02]",007,RP
71,0,0.2853683004056808,0,[-1.0793705   0.25334534  6.23933104  8.73454989 -1.32357002 -0.05144406],"[-7.54432272e-01  3.06973122e-02  5.09409732e+01  4.04315141e+01
 -1.22231163e+00  3.62600575e-01]","[-12.25352112   1.02416509  -1.54117997 -16.88488128  -1.30911912
   0.14249246]","[-14.01533275   1.54210311   0.99326919  15.92099818  -1.08232256
  -0.58638354]","[-5.55593098e-01  1.21330523e-02  1.03516258e+02  5.95129183e+01
 -4.22089016e-01 -1.04418636e+00]","[-1.89570572e+00  5.79453820e-02 -2.72810479e+01 -4.97168387e+01
 -1.32317607e+00 -4.34503365e-02]","[-8.56007244e+00  9.55659402e-02  1.39452780e+01  1.21372590e+02
 -5.35909742e-01  1.00166359e+00]","[ 2.60935624e-01  2.47270310e-02 -6.38742742e+01  1.86670736e+01
 -1.30107085e+00  1.15542935e-01]",007,RP
72,0,0.286865065836849,0,[-0.92660964  0.23875944  6.61281879  8.12750164 -1.3119585  -0.12973676],"[-7.32993340e-01  3.80032015e-02  4.13425625e+01  3.23038230e+01
 -1.25991687e+00  2.76794042e-01]","[-12.85216648   0.90525441  -1.73882546 -20.34767427  -1.28755254
   0.23038807]","[-13.27263243   0.93372148   1.54621083  22.522288    -0.76407933
  -0.87696568]","[-5.53029959e-01  7.13310863e-03 -6.98220121e+01 -3.66136645e+01
 -1.35071780e+00 -4.04336111e-01]","[-1.93170487e+00  5.80854866e-02 -2.72165225e+01 -5.05742891e+01
 -1.32590363e+00  3.44377777e-02]",[-8.48281648  0.17286733  8.75597108 76.2752958  -1.0239406   0.66289737],"[ 2.46078839e-01  2.26126363e-02 -6.97898613e+01  1.91738080e+01
 -1.29263857e+00  1.53192304e-01]",007,RP
73,0,0.2869358422005805,0,[-0.78616909  0.21337487  7.38233825  7.80376617 -1.29052325 -0.21196813],[-0.70711875  0.04473967 35.21106194 26.89840209 -1.28101431  0.21190534],"[-13.36361618   0.74843452  -2.09123942 -25.94652093  -1.24395335
   0.34403407]","[-12.92330973   0.42758428   1.97910859  27.57663335  -0.6714724
  -0.80164827]","[-5.57492421e-01  1.41845100e-02 -1.01367874e+02 -5.45118215e+01
 -8.20683326e-01 -8.41679809e-01]","[ -1.96674302   0.05511006 -28.65222645 -54.35156633  -1.31943208
   0.12307786]",[-8.35493141  0.24904553  6.24467301 54.17381469 -1.20173906  0.4317864 ],"[ 2.32647328e-01  2.01556800e-02 -7.82127675e+01  2.01959914e+01
 -1.28203561e+00  1.91763989e-01]",007,RP
74,0,0.2870074344034404,0,[-0.66397459  0.17992451  8.71956602  7.78957029 -1.25493773 -0.30454194],[-0.67724092  0.05066598 31.14157751 23.0903505  -1.29348784  0.16054076],"[-13.76673065   0.56396668  -2.73891478 -35.70590201  -1.14870265
   0.50798511]","[-12.94814323   0.47770639  -2.41779538 -29.3059609   -0.50927932
  -0.92919134]","[-5.68112384e-01  2.24649765e-02 -6.87237934e+01 -3.70428381e+01
 -1.17125086e+00 -5.01979172e-01]","[-1.99882359e+00  4.89547939e-02 -3.21445822e+01 -6.22513491e+01
 -1.29613404e+00  2.34467887e-01]",[-8.1813467   0.3156633   4.97452941 42.69834979 -1.27227744  0.2840403 ],"[ 2.20817574e-01  1.74896881e-02 -9.00068029e+01  2.18750838e+01
 -1.26855958e+00  2.32815571e-01]",007,RP
75,0,0.2871520600130722,0,[-0.56410226  0.14163951 10.99818988  8.20410374 -1.19537079 -0.41702156],[-0.64394418  0.05557748 28.41749281 20.29927916 -1.30190773  0.11697946],"[-14.04698649   0.36609853  -4.04996593 -54.88981667  -0.90235952
   0.77361064]","[-13.31098448   0.90010113  -1.67088785 -20.24116224  -1.0234965
  -0.68040078]","[-5.83827908e-01  2.93576889e-02 -5.34274340e+01 -2.91924270e+01
 -1.27256971e+00 -3.03029016e-01]","[-2.02596959e+00  3.98020813e-02 -3.91829768e+01 -7.73835193e+01
 -1.23393825e+00  3.91523386e-01]",[-7.96990078  0.3679806   4.28517529 36.15242194 -1.30314936  0.17886278],"[ 2.10682861e-01  1.47415584e-02 -1.06584216e+02  2.44554677e+01
 -1.25084743e+00  2.77847116e-01]",007,RP
76,0,0.2872090403305749,0,[-0.48858711  0.10195752 15.06827593  9.36216546 -1.08793662 -0.56721266],[-0.60796686  0.05924291 26.67635346 18.2183389  -1.30872528  0.07568843],"[-14.19744282   0.18168407  -6.27404437 -87.07538623  -0.40509168
   1.00848648]","[-13.96121146   1.29004718  -1.20804072 -14.8657119   -1.23581677
  -0.3985374 ]","[-6.03480697e-01  3.44802105e-02 -4.57297590e+01 -2.55970268e+01
 -1.30557541e+00 -1.79926909e-01]","[-2.04634285e+00  2.81708408e-02 -5.37688766e+01 -1.08029556e+02
 -1.05273106e+00  6.45910370e-01]",[-7.73051056  0.4032973   3.9173187  32.28287359 -1.3163903   0.09705795],"[ 2.02257224e-01  1.20308247e-02 -1.30271050e+02  2.83482609e+01
 -1.22727749e+00  3.27939222e-01]",007,RP
77,0,0.2872668562979395,0,[-0.43742589  0.06427686 23.09644568 12.10298329 -0.86428402 -0.7916701 ],[-0.57022939  0.06134816 25.77063721 16.69517465 -1.314662    0.03125784],"[-14.21901231   0.13816277   6.05485749  88.09409322  -0.80756354
   0.69090457]","[-14.83610173   1.58453108  -0.99342566 -12.73856409  -1.3044952
  -0.22491181]","[-6.25911711e-01  3.78290008e-02 -4.17635601e+01 -2.41403014e+01
 -1.31520345e+00 -9.62561548e-02]","[-2.05834781e+00  1.54885006e-02 -8.17419125e+01 -1.66253286e+02
 -5.24440728e-01  9.71044173e-01]","[-7.47431396e+00  4.20431144e-01  3.76036747e+00  3.01061670e+01
 -1.32087245e+00  2.77755755e-02]","[ 1.95482275e-01  9.46796143e-03 -1.64980067e+02  3.42506787e+01
 -1.19610371e+00  3.84043060e-01]",007,RP
78,0,0.2873254174204106,0,"[-4.08764470e-01  3.21564764e-02  4.00252547e+01  1.83609020e+01
 -3.68530793e-01 -1.09901285e+00]","[-5.31875844e-01  6.14916063e-02  2.57112958e+01  1.56752171e+01
 -1.31877444e+00 -2.14540265e-02]","[-14.12004401   0.27712959   5.30135393  76.8553508   -0.90755226
   0.78045028]","[-15.86335086   1.76255692  -0.89623933 -12.21735888  -1.32961654
  -0.09842579]","[-6.50040835e-01  3.95731511e-02 -3.99496457e+01 -2.39689011e+01
 -1.31566064e+00 -3.61066854e-02]","[-2.06071549e+00  1.08504499e-02  5.25625868e+01  1.10316537e+02
 -1.14474027e+00  5.39032752e-01]",[-7.21292277  0.4192362   3.77091445 29.19931474 -1.3199595  -0.03676555],"[ 1.90235225e-01  7.14927021e-03 -2.17513870e+02  4.33788000e+01
 -1.15497190e+00  4.47161656e-01]",007,RP
79,0,0.2887152118846209,0,"[ -0.39924215   0.01430354 -10.58283988  -2.22511576  -1.7236324
  -0.21081626]",[-0.49429505  0.05925198 26.6669225  15.1813279  -1.3181785  -0.08752068],"[-13.91534144   0.42127299   3.67971195  53.20444824  -1.19949867
   0.46088543]","[-1.69638993e+01  1.81366124e+00 -8.71685830e-01 -1.27871906e+01
 -1.33566723e+00  1.14188428e-02]","[-6.74915494e-01  3.99571899e-02 -3.95699341e+01 -2.47063616e+01
 -1.31305342e+00  9.56363763e-03]","[-2.05259537e+00  2.37377542e-02  5.96923101e+01  1.24524159e+02
 -6.97700756e-01  9.20757294e-01]",[-6.95776379  0.40036414  3.94570335 29.4532719  -1.31357339 -0.10255857],"[ 1.86336088e-01  5.15420669e-03 -3.00006823e+02  5.79020977e+01
 -1.10146983e+00  5.15645782e-01]",007,RP
80,0,0.2888257940241279,0,"[-4.04424325e-01  2.29285441e-02 -6.30546417e+01 -2.35008309e+01
 -9.87204191e-01 -7.28881527e-01]",[-0.4590884   0.05431211 29.03751588 15.33078674 -1.30730235 -0.17315825],"[-13.62479093   0.53627699   2.92965336  41.91591458  -1.28919112
   0.26920908]","[-18.05514972   1.73434582  -0.91037077 -14.43688053  -1.32678824
   0.12411687]","[-6.99717772e-01  3.92049585e-02 -4.03219442e+01 -2.62139810e+01
 -1.31019609e+00  4.84585389e-02]","[-2.03368705e+00  4.01141539e-02  3.80863015e+01  7.94556182e+01
 -1.07470715e+00  6.02621223e-01]",[-6.71939404  0.36546844  4.31547753 30.99739401 -1.2993086  -0.17356793],"[ 1.83551716e-01  3.55139454e-03 -4.33245222e+02  8.15229041e+01
 -1.04202343e+00  5.72291839e-01]",007,RP
81,0,0.2889323611772899,0,"[-4.19244393e-01  3.23032595e-02 -4.85078129e+01 -1.83366286e+01
 -1.36869960e+00 -2.73338183e-01]",[-0.42797256  0.04659299 33.69049381 16.41860688 -1.27486427 -0.28927261],"[-13.27176234   0.61382848   2.57141709  36.12723655  -1.32067887
   0.1393321 ]","[-19.05458546   1.52815305  -1.0285028  -17.59769451  -1.29469637
   0.26017473]","[-7.23731099e-01  3.74434156e-02 -4.21998929e+01 -2.85413749e+01
 -1.30749957e+00  8.87594601e-02]","[-2.00441256e+00  5.58734478e-02  2.79075064e+01  5.79381564e+01
 -1.22136765e+00  3.98084356e-01]",[-6.50669989  0.31764865  4.95154267 34.21820215 -1.27374601 -0.25142327],"[ 1.81595748e-01  2.41392215e-03 -6.40075165e+02  1.18234928e+02
 -1.02306726e+00  5.38978849e-01]",007,RP
82,0,0.2891178164073854,0,"[-4.38415360e-01  3.45778908e-02 -4.56542773e+01 -1.80155364e+01
 -1.40673405e+00  6.97807705e-02]","[-4.02629415e-01  3.63540542e-02  4.26622080e+01  1.91770599e+01
 -1.19089986e+00 -4.60322278e-01]","[-12.88140229   0.65122455   2.42745525  33.26902761  -1.32940439
   0.03822328]","[-19.88367723   1.20725622  -1.28472707 -23.54509841  -1.20475774
   0.45449329]","[-7.46284674e-01  3.46822009e-02 -4.55162959e+01 -3.19681140e+01
 -1.30281895e+00  1.39214427e-01]",[-1.96607788  0.06904838 22.77618084 46.77974537 -1.29207507  0.2491109 ],[-6.32605624  0.261593    5.98766829 39.87832631 -1.23393231 -0.33588751],"[ 1.80127709e-01  1.85153042e-03 -8.49639355e+02  1.55043590e+02
 -1.09993007e+00  1.90360621e-01]",007,RP
83,0,0.2892120869796848,0,"[-4.56816310e-01  2.96010303e-02 -5.23914504e+01 -2.19332691e+01
 -1.28397494e+00  4.18609114e-01]","[-3.84534587e-01  2.42964735e-02  6.12816798e+01  2.55649254e+01
 -9.48945469e-01 -7.41156490e-01]","[-12.47886081   0.64939211   2.43415426  32.37547221  -1.32557838
  -0.04918858]","[-20.47203612   0.79878158  -1.84325278 -35.73513746  -0.9172488
   0.77304029]","[-7.66704271e-01  3.08591173e-02 -5.10498167e+01 -3.71401125e+01
 -1.29068705e+00  2.09410464e-01]",[-1.9209339   0.07792025 20.26346168 40.92477041 -1.3275988   0.12282709],[-6.18071156  0.20298799  7.67104606 49.4125231  -1.17798441 -0.42667974],"[ 1.78758158e-01  2.01822198e-03 -7.72902667e+02  1.40162657e+02
 -1.03521434e+00 -4.02223702e-01]",007,RP
84,0,0.2893073337755077,0,"[-4.69865163e-01  1.90982784e-02 -7.21271308e+01 -3.18900261e+01
 -7.77851837e-01  8.51927467e-01]","[-3.74804454e-01  1.23309071e-02  8.98024629e+01  3.56583630e+01
 -4.69771119e-01 -9.47867723e-01]","[-12.08744459   0.61253727   2.57753833  33.15585171  -1.3120932
  -0.13067798]","[-20.76197256   0.39889726  -2.20063942 -43.6896152   -0.74117981
   0.73304123]","[-7.84292054e-01  2.59244844e-02 -6.04810648e+01 -4.54348185e+01
 -1.25932775e+00  3.12880036e-01]","[-1.87205350e+00  8.12200759e-02  1.94646642e+01  3.84388926e+01
 -1.33905299e+00  5.08494567e-03]",[-6.07069863  0.14727153 10.48386859 65.64440667 -1.10245588 -0.52763649],"[ 1.77065796e-01  2.94482402e-03 -5.19706254e+02  9.40222018e+01
 -9.57284114e-01 -6.32805081e-01]",007,RP
85,0,0.2894034490011209,0,[-0.47386373  0.01191223 10.97551732  7.20089953 -1.65889275  0.27498966],"[-3.74094611e-01  1.08924245e-02 -8.32419679e+01 -2.91403716e+01
 -6.45347626e-01 -8.06139910e-01]","[-11.72679979   0.5477697    2.87586673  35.72471335  -1.28901676
  -0.21055448]","[-20.71340074   0.49710062   2.24843421  48.57271892  -0.42368828
   0.98768706]","[-7.98342156e-01  1.99261662e-02 -7.77245308e+01 -6.00507696e+01
 -1.17677205e+00  4.77087967e-01]",[-1.82299742  0.07846753 20.12659309 38.69072733 -1.32916107 -0.11172761],[-5.99342007  0.09830367 15.47855792 94.76949979 -0.99038148 -0.65636528],"[ 1.74626823e-01  4.53872169e-03 -3.37484489e+02  6.09338439e+01
 -1.01306292e+00 -6.11982813e-01]",007,RP
86,0,0.2902276237911891,0,"[-4.66283243e-01  2.52538976e-02  5.37250891e+01  2.70511088e+01
 -5.68483552e-01  9.91190739e-01]","[-3.82563742e-01  2.26363640e-02 -6.46422616e+01 -2.27297855e+01
 -8.54961301e-01 -8.15028431e-01]","[-11.41139908   0.46437815   3.38100233  40.58196687  -1.25538197
  -0.29098406]","[-20.30844973   0.99766536   1.48638964  32.18626926  -0.91405514
   0.76715146]","[-8.08184179e-01  1.31122002e-02 -1.12975749e+02 -8.93052131e+01
 -9.24648878e-01  7.61884264e-01]",[-1.77732271  0.07013203 22.43834376 41.88017799 -1.29626897 -0.23433871],"[-5.94481942e+00  5.77101606e-02  2.53489675e+01  1.52695034e+02
 -7.63055685e-01 -8.65842024e-01]","[ 1.71050111e-01  6.69489184e-03 -2.30652110e+02  4.14530690e+01
 -1.09716000e+00 -5.28240451e-01]",007,RP
87,0,0.2902276237911891,0,[-0.44595779  0.0448315  33.84161207 17.09193049 -1.04164834  0.64658833],"[-3.99895820e-01  3.56151355e-02 -4.33077867e+01 -1.53186029e+01
 -1.14448880e+00 -5.19555366e-01]","[-11.14962197   0.37270892   4.19357375  48.75676203  -1.2102798
  -0.37248276]","[-19.55487334   1.51950099   1.01824094  21.91157259  -1.17030726
   0.48748494]","[-8.13238609e-01  6.54557986e-03 -1.55314454e+02 -1.24307711e+02
 -5.52368875e-01  8.69543412e-01]",[-1.73805327  0.0575417  27.15033334 49.18872565 -1.23255007 -0.37203177],"[-5.92081132e+00  2.64518417e-02  4.23534972e+01  2.52767066e+02
 -3.54537282e-01 -1.04096464e+00]","[ 1.66008386e-01  9.28808113e-03 -1.67483909e+02  2.98037334e+01
 -1.16462071e+00 -4.40923866e-01]",007,RP
88,0,0.2902276237911891,0,[-0.41316048  0.06363689 24.4746722  12.11196735 -1.21963566  0.41091149],"[ -0.42535856   0.04751523 -32.93571108 -12.00948662  -1.24364488
  -0.3459318 ]","[-10.94357949   0.28277838   5.49610624  62.14707555  -1.15382643
  -0.45351175]","[-18.48743945   1.97607972   0.7935152   16.67006418  -1.26809844
   0.30922516]","[-8.13068952e-01  6.89100456e-03  1.47921850e+02  1.22270664e+02
 -4.82514092e-01  9.27107791e-01]","[-1.70725009e+00  4.25974055e-02  3.61549555e+01  6.37255511e+01
 -1.11647992e+00 -5.40941037e-01]","[-5.91850129e+00  2.17131928e-02 -4.19260908e+01 -2.46139622e+02
 -6.11073339e-01 -8.37456580e-01]","[ 1.59258263e-01  1.21793016e-02 -1.28398525e+02  2.24485260e+01
 -1.21122540e+00 -3.64963076e-01]",007,RP
89,0,0.3244714547385314,0,[-0.36956901  0.07896643 19.91567944  9.36021796 -1.29518593  0.24796496],"[ -0.45787099   0.05758974 -27.33030942 -10.51375585  -1.28540421
  -0.23291497]","[-10.78968183   0.20296473   7.61097393  84.1199871   -1.0899185
  -0.52737139]","[-17.16662864   2.32035758   0.67951284  13.66494465  -1.31103025
   0.17954539]","[-8.07422621e-01  1.43709888e-02  1.02203621e+02  8.45215159e+01
 -8.53018813e-01  8.12866215e-01]","[-1.68578180e+00  2.74115160e-02  5.43574266e+01  9.36347605e+01
 -8.88491974e-01 -7.72376967e-01]","[-5.93680804e+00  4.78569570e-02 -3.03206124e+01 -1.78007655e+02
 -7.51431628e-01 -8.79969224e-01]","[ 1.50649253e-01  1.52279094e-02 -1.03061028e+02  1.75260668e+01
 -1.24297151e+00 -3.01320531e-01]",007,RP
90,0,0.3916373960043121,0,[-0.31816253  0.08878306 17.78701819  7.65916277 -1.33208767  0.11355073],"[ -0.49605976   0.06535965 -24.14644164  -9.97807815  -1.30616246
  -0.14872511]","[-10.67981489   0.13918909  11.05756157 120.09271061  -1.03543144
  -0.57168718]","[-15.67437781   2.5203418    0.62701889  11.82813098  -1.32917242
   0.07229942]","[-7.96259544e-01  2.27445343e-02  6.77113403e+01  5.59158009e+01
 -1.12335863e+00  5.38023748e-01]","[-1.67332273e+00  1.40682774e-02  9.41406414e+01  1.59527675e+02
 -4.06252799e-01 -1.08932032e+00]","[-5.97639313e+00  8.11917340e-02 -1.87769021e+01 -1.10218149e+02
 -1.01810131e+00 -6.36204775e-01]","[ 1.40127243e-01  1.82892165e-02 -8.60236880e+01  1.40542622e+01
 -1.26572767e+00 -2.46660050e-01]",007,RP
91,0,0.394657108178273,0,[-0.26308138  0.09135729 17.30310737  6.55212532 -1.34707149 -0.02063201],"[ -0.53829927   0.07042903 -22.43821969 -10.07847732  -1.31740249
  -0.077294  ]","[-1.06028841e+01  9.48398629e-02  1.63173532e+01  1.75011005e+02
 -1.03671683e+00 -5.20983116e-01]","[-14.10737599   2.55807336   0.61800171  10.71838254  -1.33221612
  -0.02699577]","[-7.79769502e-01  3.08388773e-02  5.06595328e+01  4.15027587e+01
 -1.22464038e+00  3.74230479e-01]","[-1.66853661e+00  5.59363142e-03  3.91379567e+01  6.73031137e+01
 -1.51508050e+00 -3.53953864e-01]","[ -6.03905576   0.11923605 -12.98578424 -76.42187518  -1.13160243
  -0.49511909]","[ 1.27737216e-01  2.12062410e-02 -7.43238999e+01  1.14939281e+01
 -1.28285354e+00 -1.97339364e-01]",007,RP
92,0,0.3961854364988607,0,[-0.20943649  0.08533601 18.46934144  5.86815408 -1.33442826 -0.18198259],"[-5.82746128e-01  7.24530238e-02 -2.18218248e+01 -1.07165839e+01
 -1.32249405e+00 -9.23361195e-03]","[-1.05464635e+01  7.14301920e-02  2.20047473e+01  2.34072264e+02
 -1.12744322e+00 -2.52776561e-01]","[-12.56895995   2.42986099   0.64973709  10.16651952  -1.32162928
  -0.12954898]","[-7.58377054e-01  3.81439936e-02  4.12087306e+01  3.32517557e+01
 -1.27116604e+00  2.65091146e-01]","[-1.66937537e+00  7.08669940e-03 -2.00343631e+02 -3.32448723e+02
 -1.04491808e+00 -6.71294968e-01]","[ -6.12681587   0.16082714  -9.70353255 -57.45175719  -1.19767368
  -0.39541253]","[ 1.13624837e-01  2.38123095e-02 -6.62764727e+01  9.53065342e+00
 -1.29558332e+00 -1.51142055e-01]",007,RP
93,0,0.3871423528565024,0,[-0.16301552  0.07009719 22.18034605  5.61574054 -1.25106004 -0.41420959],"[ -0.62738939   0.07118255 -22.20437134 -11.9307871   -1.32131089
   0.06179577]","[-1.04983735e+01  6.86053963e-02  2.29802990e+01  2.43255762e+02
 -1.17073159e+00  1.59603052e-01]","[-11.16046102   2.14627583   0.73277266  10.17808068  -1.29178361
  -0.24814873]",[-0.73273152  0.04427491 35.61192992 28.09398371 -1.29539612  0.18364656],"[-1.67342748e+00  9.42203981e-03 -1.66924908e+02 -2.77336728e+02
 -1.48043924e+00 -1.17553650e-01]","[ -6.24090221   0.20367506  -7.70026827 -46.05662125  -1.24294401
  -0.31301737]","[ 9.80322495e-02  2.59508047e-02 -6.08705894e+01  7.96728081e+00
 -1.30421534e+00 -1.07502862e-01]",007,RP
94,0,0.3871423528565024,0,[-0.12982304  0.04670502 31.09434482  6.03676224 -0.90617521 -0.78616412],"[ -0.67013993   0.06655397 -23.71686731 -13.89361985  -1.31146709
   0.14112198]","[-1.04481182e+01  8.21345582e-02  1.90409109e+01  2.00941687e+02
 -1.16001614e+00  3.71965034e-01]",[-9.97235205  1.73247009  0.89958248 10.9709532  -1.22329098 -0.40281792],[-0.7036826   0.04892385 32.28126573 24.71576513 -1.30867031  0.11713049],"[-1.67826362e+00  8.68676713e-03 -1.78135949e+02 -2.96959083e+02
 -1.34766425e+00  3.97640716e-01]","[ -6.38086049   0.24441774  -6.43882377 -39.08523616  -1.2765146
  -0.23777711]","[ 8.12838003e-02  2.75018575e-02 -5.74706375e+01  6.67143182e+00
 -1.30911901e+00 -6.67684100e-02]",007,RP
95,0,0.3901322755732865,0,[-0.11545239  0.02452755 21.38157804  4.46855423 -1.34056517 -0.39194072],"[ -0.70896461   0.05877278 -26.77675242 -16.98376984  -1.28789689
   0.23523932]","[-1.03881377e+01  1.05012295e-01  1.48847110e+01  1.56624428e+02
 -1.20255827e+00  3.73655398e-01]",[-9.07552245  1.22958397  1.23659986 13.22278983 -1.0554505  -0.63188163],[-0.67224508  0.05185653 30.48131643 22.49091511 -1.31565389  0.05839758],"[-1.68174389e+00  5.55275078e-03 -2.28025597e+02 -3.81480655e+02
 -6.98467620e-01  8.39322966e-01]","[ -6.54394057   0.27895195  -5.6554019  -35.00861394  -1.30164594
  -0.16416497]","[ 6.37619419e-02  2.83990362e-02 -5.56713036e+01  5.54971043e+00
 -1.31107432e+00 -2.92020540e-02]",007,RP
96,0,0.3949065184838566,0,"[ -0.12438939   0.04198583 -29.55691649  -1.67656675  -0.40875043
  -1.04771107]","[ -0.74204179   0.04834032 -32.35285455 -22.00717026  -1.23937988
   0.35599156]","[-10.31477732   0.12989485  12.08940527 126.69952325  -1.26912339
   0.28431646]",[-8.51351163  0.70238953  1.9528536  18.62564181 -0.60056187 -0.97504404],"[-6.39554879e-01  5.29149675e-02  2.98798651e+01  2.11098135e+01
 -1.31817880e+00  2.69970560e-03]","[-1.68226837e+00  4.53867760e-03  1.32287428e+02  2.24542956e+02
 -1.06158357e+00  5.75273688e-01]","[ -6.72483434   0.30296739  -5.21518977 -33.07128721  -1.3188361
  -0.0888309 ]","[ 4.58781914e-02  2.86277288e-02 -5.52303023e+01  4.53386638e+00
 -1.31097759e+00  5.61954126e-03]",007,RP
97,0,0.3956796228490272,0,"[ -0.15939985   0.08148009 -18.33743871  -0.92298491  -0.94192723
  -0.73882288]","[-7.67902118e-01  3.60178388e-02 -4.27842277e+01 -3.08540991e+01
 -1.13342099e+00  5.30178066e-01]","[-10.2288266    0.14947821  10.55362119 109.95116124  -1.32530699
   0.1581697 ]",[-8.29695847  0.3286348   0.68246242  7.66236236 -1.59050408 -0.31331263],[-0.60681612  0.05202803 30.38214415 20.43637475 -1.3164841  -0.05351025],"[-1.67895551e+00  9.67393052e-03  1.46823878e+02  2.48510758e+02
 -7.55226631e-01  8.86860984e-01]","[-6.91579462e+00  3.12670753e-01 -5.05651084e+00 -3.29697905e+01
 -1.32736095e+00 -9.24107232e-03]","[ 2.80456082e-02  2.82109459e-02 -5.60396880e+01  3.57166713e+00
 -1.30940207e+00  3.87640384e-02]",007,RP
98,0,0.3956796228490272,0,"[ -0.22112702   0.12276247 -12.60995006  -0.78840069  -1.16664841
  -0.48486989]","[-7.85530503e-01  2.28350308e-02 -6.42409868e+01 -4.84632547e+01
 -8.52483211e-01  8.14569305e-01]","[-1.01355087e+01  1.57072266e-01  1.00633777e+01  1.03997453e+02
 -1.35669768e+00  6.06644706e-03]","[ -8.40150322   0.52069761  -2.60566169 -19.89147507  -0.71454778
  -0.88524891]",[-0.57523951  0.04922939 32.0831959  20.45552191 -1.30977237 -0.11324131],"[-1.67172430e+00  1.54810684e-02  9.94772479e+01  1.68298532e+02
 -1.17823783e+00  5.15270364e-01]","[ -7.10714713   0.30550823  -5.17242928 -34.76121586  -1.32562697
   0.0779344 ]","[ 1.06577410e-02  2.71943207e-02 -5.81177743e+01  2.61940418e+00
 -1.30647337e+00  7.15524177e-02]",007,RP
99,0,0.3956796228490272,0,[-0.3079658   0.16028065 -9.77751927 -1.01114159 -1.25766262 -0.32134942],"[-7.94424234e-01  1.09420666e-02 -9.11548231e+01 -7.04156005e+01
 -5.04119273e-01  9.09754051e-01]","[-10.04390205   0.14755976  10.67627619 109.23147229  -1.34697669
  -0.18807793]","[ -8.76989236   0.8400132   -1.83694212 -14.10978467  -1.22609278
  -0.48001476]",[-0.54597445  0.04467221 35.2992798  21.27250482 -1.29628045 -0.17984731],"[-1.66125622e+00  1.98021978e-02  7.93706343e+01  1.33854960e+02
 -1.32598434e+00  2.48385178e-01]","[ -7.28815281   0.28066455  -5.61798174 -38.94470935  -1.30981533
   0.17882498]","[-5.92420916e-03  2.56366027e-02 -6.16193478e+01  1.63495409e+00
 -1.30203691e+00  1.05388596e-01]",007,RP
100,0,0.46031517605299,0,[-0.41620798  0.19052038 -8.27001674 -1.44204698 -1.29990889 -0.20277617],"[-7.94617671e-01  1.05489445e-02  9.81692667e+01  8.00070340e+01
 -5.54465890e-01  8.68221443e-01]","[-9.96589395e+00  1.18450107e-01  1.30310787e+01  1.31866348e+02
 -1.22779537e+00 -4.76697108e-01]","[ -9.31824312   1.03919937  -1.51629009 -12.12915968  -1.36160154
  -0.17508006]","[-5.20040646e-01  3.86265283e-02  4.07063131e+01  2.31689374e+01
 -1.27242598e+00 -2.58558695e-01]","[-1.64883168e+00  2.16958828e-02  7.28383475e+01  1.22098175e+02
 -1.36752845e+00  3.58531485e-02]","[ -7.44810795   0.23927955  -6.55458332 -46.81924411  -1.26951885
   0.30543073]","[-2.13764705e-02  2.36022600e-02 -6.68810150e+01  5.70319955e-01
 -1.29577184e+00  1.42213138e-01]",007,RP
101,0,0.46031517605299,0,[-0.54038454  0.21092171 -7.48881663 -2.04684073 -1.32027052 -0.10623514],"[-7.86693192e-01  2.05906532e-02  7.23013685e+01  5.88789944e+01
 -9.73041310e-01  7.28032327e-01]","[-9.91479951e+00  7.30150183e-02  1.83265984e+01  1.83704549e+02
 -7.13261962e-01 -8.71452820e-01]","[ -9.9456379    1.07696451  -1.4667252  -12.58751779  -1.37653466
   0.06606645]","[-4.98268460e-01  3.14559538e-02  4.97166601e+01  2.67722436e+01
 -1.22973086e+00 -3.59379322e-01]","[-1.63606016e+00  2.08417139e-02  7.56563067e+01  1.25778269e+02
 -1.34661234e+00 -1.63710353e-01]","[ -7.57753958   0.18451941  -8.38918191 -61.56935792  -1.17434595
   0.48222538]","[-3.54101353e-02  2.11499105e-02 -7.45486746e+01 -6.39778656e-01
 -1.28685243e+00  1.85708166e-01]",007,RP
102,0,0.46031517605299,0,[-0.67371021  0.21974387 -7.19465179 -2.84711037 -1.32820464 -0.01868041],"[-7.71789835e-01  3.01112827e-02  5.16701695e+01  4.18785116e+01
 -1.23455408e+00  4.15449979e-01]","[-9.90377298e+00  5.21834104e-02 -7.55069569e+00 -7.27803760e+01
 -1.35637523e+00 -4.44043908e-01]","[-10.54565312   0.95126031  -1.64519064 -15.34960981  -1.30892742
   0.32082627]","[-4.81255911e-01  2.35883834e-02  6.55372057e+01  3.35401676e+01
 -1.14459400e+00 -5.03482485e-01]","[-1.62453988e+00  1.75263476e-02  8.90133395e+01  1.46605720e+02
 -1.25634253e+00 -3.80077677e-01]","[ -7.66936312   0.12182593 -12.19883562 -91.55730003  -0.92416215
   0.75844214]","[-4.77608906e-02  1.83175000e-02 -8.58981268e+01 -2.10257104e+00
 -1.27253050e+00  2.43314943e-01]",007,RP
103,0,0.46031517605299,0,[-0.80858069  0.21606899 -7.31428701 -3.91419121 -1.32607537  0.06929043],"[-7.51594633e-01  3.68910863e-02  4.26874600e+01  3.40836658e+01
 -1.32299060e+00  2.08357214e-01]","[  -9.94419144    0.12016755  -11.46166022 -111.97694347   -0.56843952
   -0.9981182 ]","[-11.01812961   0.68746865  -2.18204173 -22.04201864  -1.05209539
   0.67073341]","[-4.69344751e-01  1.55186993e-02  9.64097396e+01  4.72494053e+01
 -9.38929325e-01 -7.36983193e-01]","[-1.61549465e+00  1.26108139e-02  1.20438328e+02  1.96567475e+02
 -1.04855195e+00 -6.40822011e-01]","[-7.71987736e+00  6.13310037e-02 -1.89757220e+01 -1.44490246e+02
 -3.97120106e-01  1.02350634e+00]","[-5.81735177e-02  1.51146419e-02 -1.03652710e+02 -4.02984275e+00
 -1.24398754e+00  3.29760906e-01]",007,RP
104,0,0.46031517605299,0,[-0.9371279   0.19990049 -7.89068405 -5.39458019 -1.31147908  0.16655075],[-0.72828175  0.03998123 39.5310548  30.78974577 -1.35272396  0.04104695],"[-10.04424713   0.21627235  -6.99295517 -68.23896983  -0.99606027
  -0.67901875]","[-11.27954272   0.36719565  -2.85683866 -30.22383375  -0.58800249
   0.8412871 ]","[-4.62613665e-01  8.02298030e-03  1.57071101e+02  7.46632376e+01
 -4.25487354e-01 -1.04378591e+00]","[-1.60944004e+00  7.39842850e-03  1.92570668e+02  3.11930944e+02
 -6.37738436e-01 -9.61736362e-01]","[-7.72947758e+00  4.21518703e-02  1.80050956e+01  1.41169983e+02
 -9.83610969e-01  5.69073404e-01]","[-6.63866640e-02  1.15365313e-02 -1.34301022e+02 -6.91579686e+00
 -1.17217681e+00  4.75533063e-01]",007,RP
105,0,0.46031517605299,0,[-1.05183102  0.17229708 -9.11291284 -7.58524443 -1.27593789  0.28468076],"[-7.04376035e-01  3.88894360e-02  4.05909648e+01  3.05913028e+01
 -1.34581524e+00 -1.24635351e-01]","[-10.20797469   0.31800608  -4.8757695  -47.7717316   -1.16679377
  -0.4715767 ]","[-11.27063763   0.38522551   2.53713192  30.59509444  -0.5203529
   0.89722656]","[-4.60887742e-01  4.66472536e-03 -1.02635443e+02 -4.53034177e+01
 -1.37930611e+00 -3.90023319e-01]","[-1.60592623e+00  3.30848721e-03  3.93699866e+02  6.34252941e+02
 -8.38304047e-02 -1.28802258e+00]","[-7.70297559e+00  7.93738841e-02  1.86235740e+01  1.45456936e+02
 -1.00864107e+00  7.15177253e-01]","[-7.21239967e-02  7.62640940e-03 -1.95046933e+02 -1.20675644e+01
 -9.43888033e-01  7.44626612e-01]",007,RP
106,0,0.46031517605299,0,"[ -1.14612769   0.1354355  -11.46939524 -11.14539142  -1.19624163
   0.44489541]","[-6.82548963e-01  3.35970258e-02  4.66010441e+01  3.38074943e+01
 -1.28837244e+00 -3.24072423e-01]","[-10.43489828   0.41586225  -3.76606761 -37.29853238  -1.24295733
  -0.33501926]","[-10.96039496   0.8028625    1.8247103   21.99954561  -0.85550583
   0.81437492]","[-4.63766559e-01  9.23496335e-03 -1.55555362e+02 -7.01413750e+01
 -8.20138505e-01 -8.42021200e-01]","[-1.60340114e+00  2.58102120e-03  5.19554782e+02  8.35054730e+02
 -1.42535047e-01  1.08589254e+00]","[ -7.64942342   0.1112568   14.06354389 109.57800199  -1.3316044
   0.31273324]","[-7.50954224e-02  3.85228659e-03 -2.73217296e+02 -1.85173682e+01
 -5.39344647e-01  8.81354998e-01]",007,RP
107,0,0.3730751053391888,0,"[ -1.21494002   0.09263528 -16.25072414 -17.74365504  -0.99510697
   0.6933958 ]","[-6.65378216e-01  2.46528895e-02  6.15869500e+01  4.29786149e+01
 -1.09554113e+00 -6.16704743e-01]","[-10.72036261   0.50311967  -3.1278899  -31.53211391  -1.27986535
  -0.23784064]","[-10.34605488   1.25960887   1.22454727  14.66923324  -1.1473983
   0.51833363]","[-4.70672817e-01  1.46311106e-02 -1.05527685e+02 -4.76690126e+01
 -1.17230951e+00 -5.00990372e-01]","[-1.59922885e+00  8.21400481e-03  1.59304301e+02  2.56764033e+02
 -1.19869361e-01  1.26940243e+00]","[-7.58140381e+00  1.22958091e-01  1.28467061e+01  9.93960663e+01
 -1.40234268e+00  3.76905702e-03]","[-7.50078877e-02  4.03074580e-03  2.45036573e+02  2.03796758e+01
 -4.78432303e-01  9.31393637e-01]",007,RP
108,0,0.3730751053391888,0,"[ -1.25503625   0.04948731 -25.71769431 -30.27663868  -0.47058097
   1.01682845]","[-6.55111785e-01  1.37665555e-02  9.00217948e+01  6.09743386e+01
 -5.40518444e-01 -9.44271395e-01]","[-11.05639375   0.57531997  -2.74210796 -28.31782529  -1.29822363
  -0.16480211]",[-9.44988615  1.67311509  0.9357602  10.84282737 -1.2515265   0.33738055],"[-4.80916397e-01  1.91324070e-02 -8.19795524e+01 -3.74253110e+01
 -1.27073360e+00 -3.03985331e-01]","[-1.58986468e+00  1.98811577e-02  7.14734492e+01  1.15633112e+02
 -5.27071011e-01  1.02047883e+00]","[ -7.51390018   0.11086416  14.09824955 107.93283978  -1.33875579
  -0.32085716]","[-7.15829890e-02  8.71467899e-03  1.67178634e+02  1.39671463e+01
 -7.90313281e-01  8.55772935e-01]",007,RP
109,0,0.399726778303189,0,[-1.26517455  0.02985144 15.54158518 21.662818   -1.37465951  0.40216162],"[-6.53475836e-01  1.05359773e-02 -6.24725194e+01 -3.88242818e+01
 -9.89151259e-01 -6.18912702e-01]","[-11.43279448   0.62999184  -2.50738153 -26.66637767  -1.30730089
  -0.10724594]",[-8.3140597   2.00933599  0.78379439  8.51651335 -1.29485497  0.21568801],"[-4.93758548e-01  2.25277181e-02 -6.99820426e+01 -3.25542318e+01
 -1.30203140e+00 -1.85429772e-01]","[-1.57114917e+00  3.84042845e-02  3.87105609e+01  6.28200656e+01
 -8.11975528e-01  8.13335741e-01]","[-7.46297448e+00  7.67829438e-02  1.87409805e+01  1.41863459e+02
 -9.41620051e-01 -7.60396734e-01]","[-6.45804510e-02  1.43468601e-02  1.06740974e+02  8.89338022e+00
 -1.06732283e+00  5.93526325e-01]",007,RP
110,0,0.4046512088497168,0,[-1.24602442  0.06058886 23.54420817 31.33665824 -0.77503191  0.87119749],"[-6.61547723e-01  2.29823777e-02 -6.20545929e+01 -3.90520746e+01
 -7.28686206e-01 -9.01632337e-01]","[-11.83820955   0.66616295  -2.37277888 -26.0894536   -1.3113749
  -0.05964421]",[-6.99491751  2.24857007  0.70224813  6.91216772 -1.31420597  0.1238834 ],"[-5.08456596e-01  2.48160726e-02 -6.36551968e+01 -3.03659047e+01
 -1.31377805e+00 -1.04137513e-01]",[-1.53866824  0.06396744 23.79815816 38.61747007 -0.98684946  0.65567643],[-7.44446482  0.04598701  3.95253597 31.42451499 -1.70785784 -0.22252743],"[-5.38295901e-02  2.03221086e-02  7.65279381e+01  6.11946753e+00
 -1.17681093e+00  4.39983157e-01]",007,RP
111,0,0.4046512088497168,0,[-1.19992081  0.09809035 15.69026228 20.82707227 -1.14502216  0.53290943],"[-6.79692060e-01  3.82834277e-02 -3.99893372e+01 -2.51804350e+01
 -1.09078437e+00 -5.85531711e-01]","[-1.22610028e+01  6.83941360e-01 -2.31170849e+00 -2.63438642e+01
 -1.31231643e+00 -1.85692169e-02]",[-5.55739842  2.3803902   0.66408049  5.69055988 -1.32162901  0.04759187],"[-5.24275315e-01  2.60078028e-02 -6.07855610e+01 -2.98683692e+01
 -1.31982377e+00 -3.73561807e-02]",[-1.48812918  0.09610562 16.05341061 25.88954882 -1.09455374  0.53588314],"[ -7.47282485   0.09927455 -12.99911471 -95.14010741  -0.39113646
  -1.08428401]","[-3.92716946e-02  2.63561021e-02  5.94243559e+01  4.33369516e+00
 -1.23303216e+00  3.37391785e-01]",007,RP
112,0,0.4046512088497168,0,[-1.1305347   0.1306076  11.99155011 15.55686348 -1.26023168  0.32952412],"[ -0.70754864   0.05293734 -29.47602087 -18.85571839  -1.22351284
  -0.3893224 ]","[-1.26899180e+01  6.84317860e-01 -2.31044784e+00 -2.73193937e+01
 -1.31100831e+00  1.78800080e-02]",[-4.0698876   2.40247453  0.65807898  4.6783075  -1.32138275 -0.02075392],"[-5.40463522e-01  2.60431448e-02 -6.07044671e+01 -3.08085501e+01
 -1.32318255e+00  3.09691400e-02]",[-1.41571111  0.13382939 11.62249408 18.454094   -1.16357869  0.44236829],"[ -7.56015375   0.19614617  -7.58871624 -55.37186154  -0.88375309
  -0.77633058]","[-2.10136006e-02  3.21196207e-02  4.89577782e+01  3.02877920e+00
 -1.26838858e+00  2.57347024e-01]",007,RP
113,0,0.4046512088497168,0,[-1.04252269  0.15559756 10.12731058 12.55795105 -1.30256308  0.19893085],"[ -0.74406683   0.06554521 -23.98773006 -15.84847434  -1.28160311
  -0.2570123 ]","[-13.11459863   0.6690878   -2.36261878 -28.98479706  -1.30799956
   0.0506551 ]",[-2.59949061  2.32029161  0.68100705  3.77027144 -1.31500285 -0.08569972],"[-5.56209169e-01  2.47774637e-02 -6.37376171e+01 -3.34514470e+01
 -1.32098420e+00  1.15582429e-01]",[-1.31837456  0.17569343  8.89993016 13.73344151 -1.21004067  0.3665467 ],"[ -7.71541875   0.30847212  -4.98654909 -36.47331435  -1.09607795
  -0.55635044]","[ 6.13429568e-04  3.71951115e-02  4.23872513e+01  1.97399841e+00
 -1.29333245e+00  1.86400052e-01]",007,RP
114,0,0.4218106726823409,0,[-0.94117383  0.17201995  9.18295452 10.6427565  -1.31897169  0.10327201],"[ -0.78758763   0.07511738 -21.0052157  -14.54344805  -1.30962018
  -0.15600237]","[-13.52601985   0.64071424  -2.46648517 -31.3617274   -1.30373739
   0.08022704]",[-1.20778671  2.14620375  0.73531859  2.88810802 -1.3027155  -0.15099594],"[-5.70597548e-01  2.20229559e-02 -7.14422346e+01 -3.87647639e+01
 -1.30185590e+00  2.36208636e-01]",[-1.19413769  0.21982928  7.13877144 10.52467606 -1.2428348   0.3024186 ],"[ -7.94386729   0.42713163  -3.64794888 -26.97882178  -1.19380002
  -0.41478393]","[ 2.50020104e-02  4.10950995e-02  3.84303598e+01  1.03916374e+00
 -1.31138444e+00  1.17242615e-01]",007,RP
115,0,0.4218106726823409,0,[-0.8320447   0.17960306  8.80261572  9.32416979 -1.32315858  0.02555049],"[ -0.83597279   0.08096664 -19.51903766 -14.31738436  -1.32218029
  -0.07104101]","[-13.91678174   0.60203968  -2.62387865 -34.51594645  -1.29869582
   0.10703616]",[ 0.05255476  1.89741137  0.82993615  1.9563829  -1.28330732 -0.22136786],"[-5.82598662e-01  1.76399447e-02 -8.80793895e+01 -4.93149345e+01
 -1.22617002e+00  4.30730577e-01]",[-1.04231178  0.2640046   5.95951352  8.21167115 -1.26673262  0.24598779],"[ -8.24667357   0.54467575  -2.87913011 -21.74324615  -1.24577336
  -0.31400927]",[ 0.05123991  0.04331255 36.49738173  0.12987734 -1.32327233  0.04474612],007,RP
116,0,0.4218106726823409,0,[-0.72057493  0.17874737  8.84404799  8.37279924 -1.31960773 -0.04207678],"[-8.86773999e-01  8.27327753e-02 -1.91102982e+01 -1.49465156e+01
 -1.32483244e+00  6.15978337e-03]","[-14.28118103   0.55586842  -2.84046048 -38.56513037  -1.29333014
   0.13206149]",[ 1.13988412  1.59334732  0.98466664  0.87759414 -1.25252158 -0.30455564],"[-5.91100804e-01  1.17445811e-02 -1.24840369e+02 -7.17932427e+01
 -9.26556567e-01  7.69494004e-01]",[-0.86365641  0.30577599  5.15491219  6.45207296 -1.28414814  0.19489919],"[ -8.62089869   0.65430617  -2.40537083 -18.73645823  -1.27556601
  -0.23666555]","[ 7.81205261e-02  4.33934135e-02  3.64307447e+01 -8.45988944e-01
 -1.32770614e+00 -3.61097802e-02]",007,RP
117,0,0.4218106726823409,0,[-0.61169017  0.17052739  9.26385193  7.66660719 -1.31003184 -0.10268875],"[ -0.93742687   0.08039475 -19.6554971  -16.42559109  -1.31947387
   0.08138848]","[-14.61507949   0.50458064  -3.12735235 -43.70650321  -1.28767413
   0.1571117 ]",[ 2.0245987   1.25394882  1.24249338 -0.51555048 -1.19821706 -0.41435068],"[-5.94993569e-01  6.03593208e-03 -1.14802121e+02 -6.63065240e+01
 -1.08159929e+00  5.22219705e-01]",[-0.66040547  0.34275294  4.60481348  5.041044   -1.29633461  0.1480687 ],"[ -9.05981052   0.7502544   -2.10221971 -17.04571227  -1.29307851
  -0.17429111]",[ 0.10420613  0.04102717 38.47946667 -2.00979622 -1.32055747 -0.1317078 ],007,RP
118,0,0.4218106726823409,0,[-0.50942659  0.1566369  10.07411546  7.13202233 -1.29576678 -0.1564032 ],"[ -0.98544594   0.07424395 -21.25041651 -18.94113668  -1.30563567
   0.16028321]","[-14.91570657   0.45003667  -3.50376958 -50.26119888  -1.28092219
   0.18411545]",[ 2.68968116  0.89982125  1.7047347  -2.58519281 -1.08621272 -0.57685964],"[-5.93289360e-01  9.43336869e-03  1.26274108e+02  7.69170848e+01
 -3.69894677e-01  1.05440095e+00]",[-0.43613545  0.37291031  4.23615647  3.84753802 -1.30417766  0.10516631],"[ -9.5535316    0.82814601  -1.90691076 -16.21773223  -1.3032406
  -0.12215545]","[ 1.27948268e-01  3.61450754e-02  4.35030528e+01 -3.56614024e+00
 -1.29219608e+00 -2.52070837e-01]",007,RP
119,0,0.4218106726823409,0,[-0.41664422  0.13919074 11.32219527  6.71732726 -1.27888095 -0.2014669 ],"[ -1.02859308   0.06482183 -24.26343039 -22.95719664  -1.2798169
   0.25059598]","[-15.18154702   0.39389079  -3.99941871 -58.7173632   -1.27178878
   0.2134669 ]",[ 3.13089104  0.55467445  2.6372296  -6.25687854 -0.8097179  -0.84186364],"[-5.85259819e-01  1.90038978e-02  7.80409311e+01  4.76742212e+01
 -8.90252193e-01  7.79922439e-01]",[-0.19548616  0.39483207  4.00312917  2.78255634 -1.30855669  0.06606423],"[-10.08989199   0.88511343  -1.78548144 -16.01531489  -1.30876374
  -0.07723106]","[ 1.47853168e-01  2.90019554e-02  5.36739393e+01 -5.93586194e+00
 -1.21856690e+00 -4.16705892e-01]",007,RP
120,0,0.4218106726823409,0,[-0.33490365  0.1203851  13.07547449  6.37902412 -1.26238037 -0.23537807],"[ -1.06500065   0.0528416  -29.57941922 -29.50210076  -1.23142792
   0.3661472 ]","[-15.41237516   0.33808632  -4.6545768  -69.7380839   -1.25983611
   0.24259508]","[  3.35617047   0.25986029   4.12285352 -11.83699923  -0.37596893
  -1.01633205]","[-5.70556350e-01  2.95063859e-02  5.22720574e+01  3.18241543e+01
 -1.13284640e+00  5.24592441e-01]",[ 0.05621626  0.40780055  3.87690502  1.78205488 -1.31034344  0.03046263],"[-10.65532287   0.91969407  -1.71898501 -16.31634027  -1.31122156
  -0.0373576 ]","[ 1.62663429e-01  2.02302936e-02  7.46863637e+01 -1.01487400e+01
 -1.02433314e+00 -6.68457982e-01]",007,RP
121,0,0.4042271098243641,0,[-0.26454239  0.10211527 15.40252934  6.07462197 -1.24945258 -0.25617005],"[-1.09324526e+00  3.91307200e-02 -3.93605850e+01 -4.10307728e+01
 -1.12726866e+00  5.35876333e-01]","[-15.60938899   0.28509018  -5.51467252 -84.08066846  -1.24681125
   0.26579681]",[ 3.38379008  0.20372999 -4.64182571 17.7069638  -0.71190826 -0.74057172],[-0.54928828  0.03961247 39.46809615 23.67936268 -1.23345563  0.36219227],"[ 3.13361750e-01  4.11736124e-01  3.84013845e+00  7.96647497e-01
 -1.31024688e+00 -2.19603442e-03]","[-1.12356776e+01  9.31632770e-01 -1.69714988e+00 -1.70686289e+01
 -1.31151110e+00 -8.66747432e-04]","[ 1.71518672e-01  1.10545481e-02  1.17492359e+02 -1.81521334e+01
 -5.02244514e-01 -1.00830267e+00]",007,RP
122,0,0.4042271098243641,0,[-0.20493433  0.08568222 18.3511381   5.76077814 -1.24228053 -0.26378338],"[-1.11237474e+00  2.46954273e-02 -5.93370374e+01 -6.40050213e+01
 -8.46759574e-01  8.18681602e-01]","[ -15.77530796    0.23761132   -6.6140836  -102.33920569   -1.23674452
    0.27533763]",[ 3.23900369  0.39494118 -3.7696132  14.20979106 -0.98044628 -0.72195232],[-0.52204681  0.04844614 32.47032891 18.95103162 -1.28216777  0.24639921],[ 0.57041357  0.40705246  3.88399834 -0.21548535 -1.30874713 -0.03264042],"[-11.81694336   0.92167918  -1.7153248  -18.26989595  -1.310076
   0.03356728]","[ 1.74060991e-01  6.23024600e-03 -5.26041705e+01  1.11563341e+01
 -1.55169293e+00 -3.14734376e-01]",007,RP
123,0,0.4042271098243641,0,[-0.15487424  0.07166755 21.94179101  5.39821831 -1.24122638 -0.26179153],"[-1.12189272e+00  1.18005227e-02 -8.23346150e+01 -9.03706051e+01
 -5.41535638e-01  8.81126023e-01]","[ -15.91427484    0.19797668   -7.94260658 -124.40082417   -1.23421634
    0.26341745]",[ 2.9494127   0.58487668 -2.65813798  9.83994592 -1.20807435 -0.43213104],[-0.48987826  0.0552977  28.53552944 15.97893555 -1.3078069   0.15436756],[ 0.82216834  0.39448443  4.00685903 -1.29431264 -1.30616353 -0.0617676 ],"[-12.38583574   0.89141723  -1.77307881 -19.96106284  -1.30708014
   0.06700935]","[ 1.70465667e-01  1.21726623e-02 -1.16418827e+02  2.18454130e+01
 -7.74688928e-01 -8.70281193e-01]",007,RP
124,0,0.4042271098243641,0,[-0.11299417  0.05998036 26.21972193  4.96267566 -1.24432171 -0.2591974 ],"[-1.12170953e+00  1.21733917e-02  8.72750262e+01  9.98972287e+01
 -4.99119080e-01  9.15896555e-01]","[ -16.03150236    0.16760419   -9.39617211 -148.63475541   -1.24118657
    0.22476991]",[ 2.54004939  0.74629035 -2.1038543   7.34389384 -1.26122606 -0.28904807],[-0.45421936  0.05960614 26.51319234 14.04280527 -1.32114657  0.07359887],[ 1.06390054  0.37491334  4.21452233 -2.48383261 -1.30266886 -0.09082948],"[-12.93027475   0.84311217  -1.87382264 -22.22904153  -1.30252587
   0.10040662]","[ 1.61398108e-01  1.95300239e-02 -7.89464274e+01  1.47418040e+01
 -1.17461437e+00 -5.09141659e-01]",007,RP
125,0,0.4042271098243641,0,[-0.0781029   0.05004366 31.41004455  4.45321544 -1.2466171  -0.26993147],"[-1.11207311e+00  2.44454971e-02  6.06623137e+01  6.94609279e+01
 -9.17885755e-01  7.64090633e-01]","[-1.61327563e+01  1.46879516e-01 -1.07430012e+01 -1.71314221e+02
 -1.25447273e+00  1.59571870e-01]",[ 2.02976852  0.88707898 -1.7753853   5.6036212  -1.27395565 -0.22030166],"[-4.16808998e-01  6.09642060e-02  2.59339404e+01  1.28094997e+01
 -1.32601708e+00 -4.36283864e-03]",[ 1.29140942  0.34921307  4.52229866 -3.8401391  -1.29812186 -0.12163979],"[-13.43974427   0.77953251  -2.02533128 -25.21993444  -1.29626249
   0.13480799]","[ 1.47915280e-01  2.53461245e-02 -6.19386881e+01  1.11616784e+01
 -1.29287969e+00 -2.81501141e-01]",007,RP
126,0,0.3970335772067455,0,[-0.0493772   0.04107883 38.18934382  3.88568302 -1.23939638 -0.30909476],"[-1.09349306e+00  3.74677403e-02  4.12780070e+01  4.71372143e+01
 -1.15716934e+00  4.95303860e-01]","[-1.62238341e+01  1.35395162e-01 -1.16719568e+01 -1.87363891e+02
 -1.26709777e+00  7.58970967e-02]",[ 1.43014059  1.01834617 -1.5482976   4.21428324 -1.27804629 -0.1869721 ],[-0.37958677  0.05913467 26.71943859 12.14234547 -1.32251995 -0.08693006],[ 1.50100702  0.31816468  4.95968544 -5.44452267 -1.29181017 -0.15661941],"[-13.9055317    0.70373514  -2.2414227  -29.16817442  -1.28787924
   0.17161822]","[ 1.31336145e-01  2.90145141e-02 -5.44105535e+01  9.14607236e+00
 -1.32993229e+00 -1.28399154e-01]",007,RP
127,0,0.3970335772067455,0,"[-2.63993022e-02  3.24061228e-02  4.81598680e+01  3.27138691e+00
 -1.20777298e+00 -3.91802841e-01]",[-1.06666652  0.04961858 31.54741747 35.65057411 -1.23835318  0.34394256],"[-1.63101825e+01  1.32313872e-01 -1.19490783e+01 -1.92891647e+02
 -1.27344841e+00 -1.10688014e-02]",[ 0.74708708  1.1469487  -1.37550571  3.02762254 -1.28273165 -0.16637547],[-0.3445824   0.05407431 29.15580743 12.04657822 -1.30709995 -0.18322041],[ 1.68949378  0.28248186  5.57932726 -7.4262387  -1.28219542 -0.19877381],"[-14.32084724   0.61885633  -2.54554013 -34.45429137  -1.27647177
   0.21288325]","[ 1.13101132e-01  3.03810050e-02 -5.20371503e+01  7.88546060e+00
 -1.33651629e+00 -8.95372072e-03]",007,RP
128,0,0.3106642343416006,0,"[-9.08172490e-03  2.36473952e-02  6.50935936e+01  2.59116211e+00
 -1.11704711e+00 -5.43525188e-01]",[-1.0324121   0.06052276 25.98971678 28.83209809 -1.27232219  0.25003762],"[-1.63967172e+01  1.36658755e-01 -1.15629157e+01 -1.87593859e+02
 -1.27318844e+00 -8.57662323e-02]",[-0.01532899  1.27203116 -1.24092521  1.98097787 -1.2907147  -0.1442248 ],[-0.31379613  0.04595892 34.11946986 12.70655759 -1.26841633 -0.30860962],"[  1.85416806   0.24293415   6.47469015 -10.00516365  -1.26650347
  -0.25195268]","[-14.68084949   0.52797883  -2.9779843  -41.71933929  -1.26019275
   0.2616449 ]","[ 9.46333576e-02  2.95554868e-02 -5.34511127e+01  7.05825826e+00
 -1.32606500e+00  9.62830892e-02]",007,RP
129,0,0.3106642343416006,0,"[ 2.45680736e-03  1.48210846e-02  9.87287646e+01  1.75744244e+00
 -8.42627591e-01 -8.21668665e-01]",[-0.99161939  0.07003186 22.51360464 24.324927   -1.28862331  0.18593457],"[-1.64877181e+01  1.47356245e-01 -1.07138034e+01 -1.74646170e+02
 -1.27125043e+00 -1.38155686e-01]",[-0.85034558  1.3846594  -1.14071119  1.03000129 -1.30121316 -0.11301934],"[-2.89071308e-01  3.52209480e-02  4.38847706e+01  1.46858280e+01
 -1.16978531e+00 -4.94869285e-01]","[  1.99289907   0.20049662   7.81848671 -13.58145493  -1.23961262
  -0.32188878]","[-14.98262409   0.43410987  -3.61109489 -52.10367735  -1.23538226
   0.3225581 ]","[ 7.72119758e-02  2.68551226e-02 -5.86788913e+01  6.53071314e+00
 -1.30105038e+00  1.98672860e-01]",007,RP
130,0,0.3106642343416006,0,"[ 7.99625520e-03  7.09023568e-03  1.27259113e+02  9.82403656e-01
 -6.64080386e-01 -7.92919216e-01]",[-0.94522135  0.07807446 20.21999276 21.11236895 -1.29733402  0.13867677],"[ -16.58653607    0.16283453   -9.69000613 -158.72363615   -1.27534127
   -0.16150452]",[-1.74511072  1.47101236 -1.07439719  0.12505794 -1.31078268 -0.07174906],"[-2.71966070e-01  2.27032186e-02  6.44989223e+01  1.95415184e+01
 -8.72757442e-01 -8.04053738e-01]","[  2.10425726   0.1564492    9.95655122 -18.95114518  -1.19065702
  -0.41893481]","[-15.2251372    0.34021968  -4.5842384  -67.79565854  -1.19453371
   0.40351705]","[ 6.18696737e-02  2.27494748e-02 -6.89453956e+01  6.26562913e+00
 -1.25828634e+00  3.07852820e-01]",007,RP
131,0,0.3196769491906269,0,"[ 7.26248991e-03  8.58413052e-03 -1.29716497e+02  2.94206475e+00
 -4.01369801e-01 -1.00335906e+00]",[-0.89419189  0.08458767 18.67684535 18.70068357 -1.30278511  0.10081023],"[ -16.69495801    0.18026255   -8.75550356 -144.17276426   -1.2907151
   -0.14957482]",[-2.67993141  1.51830808 -1.04130737 -0.79063233 -1.31554186 -0.0246971 ],"[-2.63635920e-01  1.10594602e-02  7.88852949e+01  2.27969973e+01
 -7.13325023e-01 -7.58423927e-01]","[  2.18765945   0.11240233  13.66965613 -27.90455246  -1.09146488
  -0.56497357]","[-15.4091384    0.24924634  -6.19573056 -93.47086971  -1.11974454
   0.52037111]","[ 4.93247453e-02  1.77931814e-02 -8.74076866e+01  6.31136188e+00
 -1.18680584e+00  4.36643417e-01]",007,RP
132,0,0.3196769491906269,0,"[-6.10914432e-05  1.78856726e-02 -8.24260076e+01  1.99496448e+00
 -8.45277651e-01 -8.12178743e-01]",[-0.83956595  0.08945898 17.66789811 16.83336569 -1.30689914  0.06709537],"[-1.68123595e+01  1.95045309e-01 -8.09972452e+00 -1.34175480e+02
 -1.31480322e+00 -9.87484464e-02]",[-3.63037011  1.52068115 -1.03970055 -1.77449781 -1.3139845   0.02121614],"[-2.64740220e-01  1.32920377e-02 -8.47148906e+01 -2.04274388e+01
 -4.47764702e-01 -9.70436271e-01]","[  2.24346486   0.07037005  20.97657256 -45.06020338  -0.85119636
  -0.80773893]","[ -15.53694658    0.1640857    -9.18125074 -140.64860233   -0.95672176
    0.70955482]","[ 3.99519381e-02  1.25586552e-02 -1.21719576e+02  6.86293299e+00
 -1.05578188e+00  6.08043571e-01]",007,RP
133,0,0.3196769491906269,0,"[-1.42891956e-02  2.87114441e-02 -5.34909260e+01  1.23565769e+00
 -1.08526806e+00 -5.70119280e-01]",[-0.78247773  0.0924896  17.09358508 15.3753497  -1.31026257  0.03353603],"[-1.69349874e+01  2.01299056e-01 -7.85368235e+00 -1.31002012e+02
 -1.33668557e+00 -8.83499812e-03]",[-4.57115882  1.48159928 -1.06686662 -2.87681675 -1.30794704  0.05979337],"[-2.75384649e-01  2.62831014e-02 -5.66257530e+01 -1.35938631e+01
 -9.39485609e-01 -7.47080199e-01]","[ 2.27296105e+00  3.40522576e-02  3.41413012e+01 -7.56018478e+01
 -3.59202620e-01 -1.05132078e+00]","[-1.56120295e+01  8.84821365e-02 -1.53322468e+01 -2.37367490e+02
 -5.28629089e-01  1.01601579e+00]","[ 3.37904115e-02  7.59472418e-03 -1.92085725e+02  8.49065568e+00
 -7.73023639e-01  8.65367001e-01]",007,RP
134,0,0.3196769491906269,0,"[-3.56032444e-02  4.00125494e-02 -3.89221085e+01  6.14246656e-01
 -1.19125536e+00 -4.21115853e-01]","[-7.24206559e-01  9.33982195e-02  1.69287538e+01  1.42599146e+01
 -1.31266975e+00 -3.00241683e-03]","[-1.70557844e+01  1.93404056e-01 -8.16313370e+00 -1.37228648e+02
 -1.33944184e+00  1.21673747e-01]",[-5.48007072  1.4112025  -1.11970873 -4.13608305 -1.30110915  0.08869104],"[ -0.29510991   0.03959906 -39.12716008  -9.54681251  -1.17918961
  -0.4729654 ]","[ 2.27821725e+00  2.34639134e-02 -3.33171989e+01  7.79038172e+01
 -9.16426956e-01 -6.21992873e-01]","[-15.63833599   0.041427    -2.2441398  -33.09461222  -1.70051778
   0.27301788]","[ 3.05831167e-02  3.50466993e-03 -3.25848705e+02  1.19654690e+01
 -2.77473870e-01  1.10812406e+00]",007,RP
135,0,0.4103709785033466,0,"[ -0.06385346   0.05092701 -30.80001039   0.03331291  -1.2541921
  -0.30811271]",[-0.66620696  0.09187172 17.20713102 13.46351038 -1.31324772 -0.04509577],"[ -17.16503615    0.1679515    -9.3325665  -158.19384133   -1.29509065
    0.30561893]",[-6.33987387  1.32024375 -1.19641957 -5.58514914 -1.29637601  0.11134035],"[ -0.32293134   0.05126773 -30.59302073  -7.87944527  -1.26521635
  -0.30612645]","[ 2.26183884e+00  4.69881532e-02 -3.12235068e+01  7.26225404e+01
 -8.97423605e-01 -7.86633385e-01]","[-1.56194762e+01  7.59074177e-02  1.79465242e+01  2.82315308e+02
 -6.05504995e-01  9.63309103e-01]","[ 2.98389786e-02  2.01336367e-03  3.76689821e+02 -9.24003950e+00
 -1.12061553e+00  4.39553062e-01]",007,RP
136,0,0.4139413263238961,0,"[ -0.09838665   0.0603766  -26.09092574  -0.56699886  -1.2939563
  -0.20986639]",[-0.61009446  0.08765504 18.02453964 12.9966717  -1.31035144 -0.09495095],"[-1.72518079e+01  1.25323315e-01 -1.21745098e+01 -2.08032305e+02
 -1.12376972e+00  5.85046023e-01]",[-7.13762553  1.21457595 -1.29985151 -7.27785332 -1.29385133  0.1363615 ],"[ -0.35742485   0.06045903 -26.07059685  -7.31827928  -1.30129322
  -0.19185983]","[  2.22669317   0.07235886 -21.39396853  49.63780351  -1.17760654
  -0.4800996 ]","[-1.55579628e+01  1.35509314e-01  1.12091094e+01  1.76390907e+02
 -1.02371067e+00  6.49392085e-01]","[ 3.09091880e-02  3.45381337e-03  4.36441857e+02 -1.14900634e+01
 -1.17756186e+00  5.83848640e-01]",007,RP
137,0,0.4139413263238961,0,"[ -0.13800012   0.06735167 -23.44563952  -1.23550118  -1.31493221
  -0.1222369 ]",[-0.55757296  0.08065873 19.56390346 12.90830347 -1.30150242 -0.15469946],"[-1.73057773e+01  7.21690325e-02 -1.80396697e+01 -3.10190507e+02
 -5.83953684e-01  9.48791214e-01]",[-7.86218919  1.09354798 -1.44229516 -9.33959739 -1.29015919  0.17440282],"[ -0.39684557   0.06670408 -23.68128549  -7.3978133   -1.31674139
  -0.10445132]","[  2.17567604   0.09433157 -16.62209748  38.16429918  -1.25841835
  -0.31261658]","[-15.45473642   0.19881767   7.80073466 122.55829805  -1.15052245
   0.47444053]","[ 3.30704872e-02  4.41518687e-03  3.56848252e+02 -9.80114553e+00
 -1.40727165e+00  1.46150991e-01]",007,RP
138,0,0.4139413263238961,0,"[ -0.18107177   0.07128967 -22.1740109   -2.01508734  -1.32051357
  -0.04758169]",[-0.51030889  0.07105023 22.15841629 13.30763691 -1.2830669  -0.22722272],"[-1.73188977e+01  4.70813182e-02  9.04642387e+00  1.58674090e+02
 -1.37644815e+00  4.16411097e-01]","[ -8.50181128   0.95281835  -1.65183976 -12.0436299   -1.27841308
   0.23518501]","[ -0.43926363   0.06979908 -22.64988788  -7.94927186  -1.32163734
  -0.03149965]","[  2.11156951   0.11244103 -14.00906771  31.5811203   -1.2880279
  -0.21268917]","[-15.30913558   0.26578155   5.87754724  91.98016759  -1.20068217
   0.38188235]","[ 3.56077680e-02  4.39064181e-03  3.58639763e+02 -1.07703615e+01
 -1.37948994e+00 -1.82164367e-01]",007,RP
139,0,0.4139413263238961,0,"[-2.25836891e-01  7.22760191e-02 -2.18757022e+01 -2.94034058e+00
 -1.31601905e+00  1.05033914e-02]",[-0.46977267  0.05929178 26.44117395 14.42134098 -1.24876281 -0.31790992],"[-1.72864318e+01  1.00354252e-01  1.40021559e+01  2.44047313e+02
 -6.87140701e-01  9.26166830e-01]","[ -9.04327672   0.78915904  -1.98529373 -15.95356056  -1.24691211
   0.3286281 ]","[ -0.48270508   0.06977556 -22.65739782  -8.9368411   -1.31977874
   0.03382142]","[  2.03700744   0.12671208 -12.45663827  27.3742648   -1.30132444
  -0.14472322]","[-15.11936249   0.33713829   4.65010365  72.30660271  -1.22916025
   0.32268737]","[ 3.78868491e-02  3.51144871e-03  4.37101601e+02 -1.45604024e+01
 -1.19274071e+00 -5.25600807e-01]",007,RP
140,0,0.4139413263238961,0,"[ -0.27069988   0.07094217 -22.28300806  -4.03200766  -1.30771557
   0.05028607]",[-0.43708274  0.04610565 33.72829967 16.74205762 -1.18481572 -0.43845013],"[-17.20723368   0.16992096   8.99516671 156.78193549  -1.08483661
   0.59585126]","[ -9.47281562   0.60392336  -2.56634666 -22.31052869  -1.17062184
   0.47362399]","[ -0.52528934   0.06687899 -23.62342805 -10.40913481  -1.31238269
   0.09565322]","[  1.95451544   0.13717298 -11.51839097  24.51287297  -1.3081419
  -0.09264504]","[-14.88333277   0.41230784   3.81111532  58.7220975   -1.25013454
   0.27624854]","[ 3.94092918e-02  2.11183003e-03  6.28897429e+02 -2.27844023e+01
 -6.35353364e-01 -9.28216763e-01]",007,RP
141,0,0.4139413263238961,0,"[ -0.3144417    0.06812674 -23.19851653  -5.29458086  -1.30080845
   0.07424312]","[-4.12895621e-01  3.23862611e-02  4.71328651e+01  2.14609536e+01
 -1.05261569e+00 -6.16180204e-01]","[-17.0834767    0.23621719   6.60415096 114.82185903  -1.22190175
   0.39250436]","[ -9.77768391   0.40412654  -3.70865885 -34.26209402  -0.96593886
   0.7187834 ]","[ -0.56535309   0.06154318 -25.63944854 -12.49534149  -1.29949841
   0.15671474]","[  1.86656176   0.14381083 -10.99230013  22.51780711  -1.31150166
  -0.04871599]","[-14.59968248   0.48911556   3.21829704  48.98611489  -1.26746544
   0.2341281 ]","[ 3.98445906e-02  1.29981259e-03 -2.23324221e+02  1.08982622e+01
 -1.55092387e+00 -3.24560394e-01]",007,RP
142,0,0.3891409664381402,0,"[ -0.35624998   0.06449998 -24.49797912  -6.7274045   -1.2976211
   0.08980781]","[-3.97370981e-01  1.91727693e-02  7.47956626e+01  3.17216258e+01
 -7.21142767e-01 -9.05165146e-01]","[-16.92008133   0.29355029   5.35495576  92.60628698  -1.27748316
   0.26238233]","[ -9.9473226    0.20980338  -5.77179268 -55.41388377  -0.45263972
   0.99725371]","[ -0.60154858   0.05434638 -28.97882277 -15.43216975  -1.28058139
   0.21931592]","[ 1.77557262e+00  1.46642147e-01 -1.07820756e+01  2.11443582e+01
 -1.31230406e+00 -9.28396545e-03]","[-14.2687121    0.56403387   2.79479974  41.87819291  -1.28206374
   0.19310794]","[ 3.90395190e-02  2.65450001e-03 -5.25696708e+02  2.25229466e+01
 -6.94106352e-01 -9.19781278e-01]",007,RP
143,0,0.3891409664381402,0,"[ -0.39561292   0.06037153 -26.16641363  -8.35177126  -1.29683292
   0.10626697]","[-3.90209108e-01  8.57628815e-03  9.47103313e+01  3.89568339e+01
 -6.98428801e-01 -7.91459855e-01]","[-16.72394228   0.33885428   4.65486637  79.84771652  -1.30220726
   0.16968519]",[-9.97396864  0.15650707  4.58388902 47.7195653  -0.91393889  0.65659898],"[ -0.63290269   0.04593868 -34.1855629  -19.63613475  -1.25423555
   0.28676251]","[  1.68390069   0.14579929 -10.8438534   20.25997226  -1.31094023
   0.02724873]","[-13.89311262   0.63265097   2.49453487  36.65685385  -1.29407801
   0.15204493]","[ 3.70076804e-02  4.41774589e-03 -3.47036459e+02  1.48430144e+01
 -1.12985735e+00 -5.60996927e-01]",007,RP
144,0,0.3891409664381402,0,"[ -0.43219226   0.05578827 -28.30421798 -10.23286407  -1.29455854
   0.12833639]","[-3.90733528e-01  9.63209176e-03 -1.22477069e+02 -4.58558973e+01
 -5.25099366e-01 -9.25364185e-01]","[-16.5029232    0.37096513   4.25858209  72.2790531   -1.31102006
   0.10074621]",[-9.85337445  0.33883081  4.23953329 43.77370904 -0.75346427  0.88485157],"[-6.58829782e-01  3.69534714e-02 -4.23127092e+01 -2.58768729e+01
 -1.21645321e+00  3.65460475e-01]","[  1.59375287   0.14158213 -11.1641301   19.79286433  -1.30772159
   0.06158435]","[-13.4783522    0.69025964   2.28835184  32.843212    -1.30340599
   0.11057337]","[ 3.39032164e-02  5.91341667e-03 -2.64855736e+02  1.09794613e+01
 -1.27361876e+00 -3.24879794e-01]",007,RP
145,0,0.3891409664381402,0,"[ -0.46577773   0.05082783 -31.05078142 -12.46276243  -1.28765887
   0.15112306]","[-3.97986669e-01  1.78633296e-02 -8.45026984e+01 -3.16309474e+01
 -1.04698078e+00 -6.58547293e-01]","[-1.62646114e+01  3.91037118e-01  4.04247791e+00  6.77493322e+01
 -1.30976943e+00  5.31638499e-02]",[-9.58633943  0.55885125  2.74256248 28.29113482 -1.09579403  0.57757093],"[-6.79103611e-01  2.79381313e-02 -5.55417938e+01 -3.57186328e+01
 -1.15572878e+00  4.68210959e-01]","[  1.50709206   0.13446238 -11.75053039  19.70913102  -1.30285642
   0.09397874]","[-13.03264728   0.7325194    2.15763743  30.11972755  -1.30980773
   0.06874939]","[ 2.99833122e-02  6.94721357e-03 -2.27033102e+02  8.80720437e+00
 -1.32258221e+00 -1.65018313e-01]",007,RP
146,0,0.3891409664381402,0,"[ -0.49635522   0.04586462 -34.40417176 -15.07669023  -1.27741525
   0.15975489]","[-4.10813980e-01  2.52927401e-02 -6.16867322e+01 -2.33417720e+01
 -1.24352449e+00 -3.83281009e-01]","[-1.60149721e+01  4.02793743e-01  3.92515369e+00  6.48612267e+01
 -1.30285478e+00  2.94570334e-02]",[-9.18125295  0.767551    2.0338691  20.67346671 -1.23010012  0.38190845],"[-6.93804134e-01  1.93376344e-02 -7.89510344e+01 -5.27765541e+01
 -1.03901530e+00  6.20857408e-01]","[  1.42554446   0.12504717 -12.628553    20.0025638   -1.29658677
   0.1243837 ]","[-1.25665501e+01  7.56077744e-01  2.09108276e+00  2.82776964e+01
 -1.31316841e+00  2.68188559e-02]","[ 2.55661437e-02  7.44452742e-03 -2.12331710e+02  7.42850302e+00
 -1.33515634e+00 -4.29385193e-02]",007,RP
147,0,0.450642558399569,0,"[ -0.52425391   0.04164581 -37.91267595 -17.87586872  -1.26893948
   0.13319904]","[-4.27924070e-01  3.08412249e-02 -5.10565253e+01 -1.98483161e+01
 -1.30519587e+00 -2.16698918e-01]","[-1.57571972e+01  4.11958063e-01  3.83779939e+00  6.24729619e+01
 -1.29439584e+00  3.13850144e-02]",[-8.65710305  0.93967928  1.67446248 16.49599422 -1.2961887   0.23701674],"[-7.03256941e-01  1.15527354e-02 -1.25899970e+02 -8.65400280e+01
 -7.62234142e-01  8.73485200e-01]","[  1.35035252   0.11399796 -13.84372752  20.69391233  -1.28944437
   0.15307286]","[-1.20922975e+01  7.58926653e-01  2.08331341e+00  2.71920454e+01
 -1.31371943e+00 -1.53528327e-02]","[ 2.09917434e-02  7.40380329e-03 -2.13468222e+02  6.48107013e+00
 -1.33037561e+00  6.22893207e-02]",007,RP
148,0,0.457318633143444,0,"[-5.50298961e-01  3.91776324e-02 -4.03450517e+01 -2.02018400e+01
 -1.26341566e+00  5.39951819e-02]","[-4.47927528e-01  3.42164009e-02 -4.61687132e+01 -1.86802376e+01
 -1.32711626e+00 -9.75132949e-02]","[-1.54910851e+01  4.24826713e-01  3.72092116e+00  5.96411064e+01
 -1.28696495e+00  5.50796405e-02]",[-8.04584117  1.05130798  1.50223482 14.08674275 -1.33123704  0.10999904],"[-7.07977479e-01  5.26365870e-03 -2.02166870e+02 -1.41129591e+02
 -3.48470535e-01  1.03698455e+00]","[  1.28240037   0.10189962 -15.47519699  21.84539827  -1.28197615
   0.18207516]","[-11.62310403   0.74032012   2.13510986  26.81660403  -1.31181713
  -0.05904333]","[ 1.65907833e-02  6.86769574e-03 -2.29666782e+02  5.81035181e+00
 -1.31287795e+00  1.67600432e-01]",007,RP
149,2,0.3724720975589711,1,"[-5.75897091e-01  3.95244275e-02 -3.99814302e+01 -2.10251894e+01
 -1.25143285e+00 -7.23610247e-02]","[-4.69366140e-01  3.52924260e-02 -4.47968356e+01 -1.90261178e+01
 -1.33253393e+00  3.86873424e-03]","[-15.21318507   0.44655369   3.53846931  55.83138847  -1.28139532
   0.08987463]",[-7.39299704  1.08108137  1.46223431 12.81029396 -1.34540063 -0.01943981],"[-7.08622916e-01  3.95156303e-03  2.41146101e+02  1.72881653e+02
 -7.42446058e-01  7.11770940e-01]","[  1.2223117    0.08911438 -17.67527173  23.60469145  -1.27358191
   0.21682264]","[-11.17255916   0.70033792   2.25552504  27.19998697  -1.3072635
  -0.10726143]","[ 1.26620418e-02  5.90237500e-03 -2.65900212e+02  5.36683960e+00
 -1.27492477e+00  2.92537008e-01]",007,RP
150,2,0.3724720975589711,1,"[ -0.60302087   0.0436034  -36.13859714 -19.79232843  -1.22652497
  -0.20619802]","[-4.90743565e-01  3.40303621e-02 -4.64141474e+01 -2.07774442e+01
 -1.32625439e+00  1.06156636e-01]","[-14.9177681    0.47980195   3.29150073  51.10184463  -1.27853773
   0.12217001]",[-6.75591243  1.01320713  1.55603286 12.51242177 -1.33359125 -0.17361199],"[-7.05947755e-01  7.40506237e-03  2.02350468e+02  1.44848858e+02
 -1.04468891e+00  6.75051226e-01]","[  1.17059537   0.07570209 -20.76389957  26.30612477  -1.26053669
   0.26741962]","[-10.75421047   0.6394326    2.46713945  28.53213691  -1.29836232
  -0.16521193]","[ 9.45572912e-03  4.59498332e-03 -3.37373550e+02  5.19011290e+00
 -1.18628230e+00  4.66007749e-01]",007,RP
151,0,0.9021524973899492,0,[-0.71896777  0.23261097 -5.43063891 -1.90445436  0.15209142 -1.42741059],"[-5.05118149e-01  2.44960763e-02 -5.72296523e+01 -2.69077360e+01
 -1.09315802e+00  4.85046605e-01]","[-14.17337932   1.38415673   0.98648356  15.98180564  -0.06115253
   1.26466747]",[-6.7739044   1.04334192 -0.11469599  1.22306032 -1.28444967 -0.22893311],"[-6.94246985e-01  2.36260105e-02  5.84127043e+01  4.25528438e+01
 -1.27703761e-01  1.22865356e+00]","[  1.14121688   0.04919066 -25.8879804   31.5438002   -0.91288885
   0.45899377]","[-10.39587318   0.53795066   2.90966459  32.2485041   -1.2913908
  -0.32287264]","[ 9.47789560e-03  4.63504308e-03  5.66521309e+01  1.46305702e+00
 -1.16899275e+00  4.79677418e-01]",007,RP
152,0,0.9021524973899492,0,[-0.85325368  0.3096095  -4.68706472 -1.9992552  -1.71204152 -0.44494183],[-0.5101307   0.01668557 -8.10576862 -2.13500145 -1.43544389 -0.08337642],"[-13.4169416    1.66691177   0.88542443  13.87968787  -1.77001483
   0.36441248]",[-7.16659729  1.56814738 -0.76039889 -3.44947265 -1.35493221 -0.42531616],"[-6.82313708e-01  2.72208478e-02  5.43392039e+01  3.90763837e+01
 -1.78206578e+00  3.13879864e-01]",[ 1.13381304  0.03669142  7.31795415 -6.29719187 -1.2437172  -0.12986098],"[-10.1857827    0.34520481   3.66637419  39.34489077  -0.89177277
  -0.58181615]","[ 1.11240260e-02  6.70692863e-03  1.85733336e+02 -6.61024637e-02
 -1.52036761e+00  4.20001399e-01]",007,RP
153,0,0.9021524973899492,0,[-1.00525476  0.33894871 -4.45558288 -2.4789959  -1.73249761  0.24320124],"[-5.05066656e-01  2.51405983e-02  5.16734018e+01  2.80985123e+01
 -9.16774313e-01  6.00126225e-01]","[-12.66888253   1.65021523   0.88983834  13.27325735  -1.77388151
  -0.37861937]",[-7.93786084  2.11919759 -0.70967479 -3.63329972 -1.5508914  -0.00930285],"[-6.71243436e-01  2.51037573e-02  5.59516626e+01  3.95571862e+01
 -1.75537922e+00 -4.42835260e-01]","[  1.14815829   0.05815029  23.89152643 -25.43125402  -1.04269753
   0.49987994]","[-10.12906824   0.24725506  -1.22189826 -10.37669088  -1.37632478
   0.01846004]","[ 1.43548150e-02  8.70928126e-03  1.73128764e+02 -4.85231385e-01
 -1.61330420e+00 -7.17018328e-02]",007,RP
154,0,0.9021524973899492,0,[-1.17230434  0.31090657 -4.73129248 -3.54651473 -0.45667272  0.94211928],"[-4.89871404e-01  3.82215455e-02  4.10251204e+01  2.20970333e+01
 -1.32062155e+00  2.85626786e-01]","[-11.95507058   1.33076503   0.99166916  13.85547479   0.03988708
  -1.34910043]",[-9.06194065  2.34500305 -0.66112153 -3.99104407 -0.93329095  0.4829506 ],"[-6.61910706e-01  1.83924441e-02  5.80026682e+01  4.03925871e+01
  2.25596336e-01 -1.48229963e+00]","[  1.18316104   0.08308198  18.99083957 -20.46922155  -1.29844703
   0.16011254]","[-10.22400299   0.39004135  -3.64132226 -35.22888973  -1.09153944
  -0.5300496 ]","[ 1.91227226e-02  9.52048898e-03  1.61991791e+02 -1.09772410e+00
 -8.28144645e-01 -5.08730831e-01]",007,RP
155,0,0.9021524973899492,0,"[ -1.34970882   0.16678787  -9.46529042 -10.77538593  -1.32236961
   0.13131284]",[-0.4651656   0.0438096  36.06042977 18.7740713  -1.32543653  0.09576639],"[-11.30557285   0.31078553   4.83732932  56.68877905  -1.01055252
  -0.68836554]","[-10.48501788   1.79026841  -0.88283533  -7.25654422  -1.32765978
   0.06175075]","[-6.54928411e-01  3.01747505e-03 -4.33929138e+02 -2.82192521e+02
 -6.10735189e-01 -9.33708742e-01]","[  1.23672852   0.08947256  17.66062841 -19.84140292  -1.33068619
   0.07914724]","[-10.46191488   0.54704064  -2.88436162 -28.17594575  -1.31403454
  -0.15455645]","[ 2.53954893e-02  7.87833414e-03  1.99868375e+02 -3.07575518e+00
 -1.25002764e+00  2.27988616e-01]",007,RP
156,0,0.811640417416295,0,"[ -1.44613049   0.14688503 -10.70366996 -13.47890349  -1.29142473
   0.25505588]","[-4.37667553e-01  4.52165247e-02  3.49652260e+01  1.73031449e+01
 -1.33085935e+00 -9.63620412e-05]","[-11.17782847   0.16447469   7.21053358  82.59810747  -0.48430418
  -0.9619643 ]","[-11.55556284   1.66940931  -0.94521694  -8.92251375  -1.31041206
   0.15357949]","[-6.57134083e-01  5.12972476e-03 -2.98397405e+02 -1.94087105e+02
 -1.16096325e+00 -5.53277982e-01]","[  1.29229522   0.0909711   17.37759072 -20.45697743  -1.33514312
  -0.02784821]","[-10.81296576   0.58784141  -2.68871542 -27.07298781  -1.32460385
  -0.06175631]","[ 3.08581879e-02  9.25300601e-03  1.70068970e+02 -3.24802021e+00
 -1.24646848e+00  2.44257633e-01]",007,RP
157,0,0.8108388766392103,0,"[ -1.526944     0.11761844 -13.23100517 -18.203004    -1.21570679
   0.42053476]",[-0.41015341  0.04383193 36.04290514 16.78312059 -1.324672   -0.0946799 ],"[-11.16198814   0.13271222  -5.8421791  -63.21033378  -0.81421116
  -0.71016236]","[-12.5278323    1.46547759  -1.07350358 -11.44867285  -1.27982395
   0.2451998 ]","[-6.60578430e-01  6.64681211e-03 -2.36431778e+02 -1.54181733e+02
 -1.33591918e+00 -2.46172906e-01]","[  1.34676411   0.08608173  18.3353214  -22.69335286  -1.32310063
  -0.14033994]","[-1.11804628e+01  5.96935700e-01 -2.64855475e+00 -2.76120679e+01
 -1.32435257e+00  1.71558681e-02]","[ 3.72792897e-02  1.09314792e-02  1.43928794e+02 -3.36556320e+00
 -1.24929403e+00  2.48483645e-01]",007,RP
158,0,0.7851827182511493,0,"[ -1.58688863   0.08174414 -18.46484382 -27.30165062  -1.01894155
   0.67399242]",[-0.38436307  0.03976668 39.62233431 17.22936194 -1.30462802 -0.20069384],"[-11.26476073   0.28425579  -5.07808523 -55.2034151   -0.78461278
  -0.8647658 ]","[-13.36096106   1.21068407  -1.29370859 -15.2851901   -1.2343934
   0.33639687]","[-6.64692297e-01  7.20717609e-03 -2.19260481e+02 -1.43740753e+02
 -1.37834827e+00 -7.34550493e-03]","[  1.39620365   0.07512775  20.90771359 -27.19142612  -1.2868247
  -0.27418899]","[-11.54495759   0.57631774  -2.74154431 -29.65101275  -1.31712258
   0.09069235]","[ 4.48283226e-02  1.28789310e-02  1.22208393e+02 -3.47839727e+00
 -1.25744212e+00  2.38873880e-01]",007,RP
159,0,0.7851827182511493,0,"[-1.62225296e+00  4.42905966e-02 -2.88754831e+01 -4.48433380e+01
 -4.91847270e-01  1.00427737e+00]","[-3.61942713e-01  3.32755871e-02  4.70391524e+01  1.90254784e+01
 -1.25727923e+00 -3.38882290e-01]","[-11.48597411   0.46133808  -3.33003978 -36.24875069  -1.11685542
  -0.55569381]","[-14.0363818    0.94309808  -1.6523113  -21.19247224  -1.17682411
   0.41862065]","[-6.68813370e-01  6.69325853e-03 -2.34876673e+02 -1.55088659e+02
 -1.34350010e+00  2.35718304e-01]","[  1.43698849   0.05898854  26.28739866 -35.77468919  -1.19605506
  -0.4598534 ]","[-11.88852986   0.52929204  -2.98025429 -33.43084217  -1.30305176
   0.1672912 ]","[ 5.36448254e-02  1.50154364e-02  1.04895760e+02 -3.62711473e+00
 -1.26769057e+00  2.18862887e-01]",007,RP
160,0,0.7851827182511493,0,"[-1.63110659e+00  2.71781216e-02  1.68202990e+01  2.94357006e+01
 -1.37170605e+00  4.08459083e-01]","[-3.44376692e-01  2.47565723e-02  6.20224853e+01  2.33590983e+01
 -1.13133959e+00 -5.52058124e-01]","[-11.81793544   0.62596747  -2.49685325 -27.50765051  -1.23839789
  -0.36460699]","[-14.55976388   0.70189687  -2.21364568 -30.2301584   -1.12460564
   0.46356005]","[-6.72260363e-01  5.16935760e-03 -2.95641190e+02 -1.96747854e+02
 -1.16341466e+00  5.58197805e-01]","[ 1.46604256e+00  3.91700198e-02  3.77977150e+01 -5.34130589e+01
 -9.30083540e-01 -7.59804677e-01]","[-12.19537703   0.45968117  -3.42033497 -39.71227454  -1.27764924
   0.25827659]","[ 6.38206960e-02  1.72440056e-02  9.14145532e+01 -3.83414041e+00
 -1.27692863e+00  1.94051664e-01]",007,RP
161,0,0.7851827182511493,0,[-1.61326767  0.05598159 25.38687193 42.95581969 -0.74926969  0.88745311],"[-3.32933662e-01  1.49734584e-02  9.37957066e+01  3.32277481e+01
 -7.25348769e-01 -8.99553589e-01]","[-12.24524406   0.76200925  -2.06541421 -23.29150108  -1.29262238
  -0.23220137]","[-14.95964884   0.52263671  -2.98776862 -42.6959694   -1.12034192
   0.3981884 ]","[-6.74413256e-01  3.00397438e-03 -4.19978266e+02 -2.81238910e+02
 -5.91064453e-01  9.18434294e-01]","[ 1.48099104e+00  1.96051204e-02  5.08105467e+01 -7.32499645e+01
 -5.75485054e-01 -8.50917565e-01]","[-12.4520583    0.37152788  -4.20194474 -50.32286089  -1.22603114
   0.38273334]","[ 7.53947023e-02  1.94780856e-02  8.09887519e+01 -4.10612285e+00
 -1.28392432e+00  1.69143920e-01]",007,RP
162,0,0.8007775074280165,0,[-1.57006709  0.09203636 16.68435713 28.19556011 -1.12217414  0.55573761],"[-3.28616493e-01  7.65096861e-03  3.14740161e+01  1.23428808e+01
 -1.63180046e+00 -2.85057400e-01]","[-12.74525288   0.85730189  -1.84172361 -21.47323309  -1.31901951
  -0.12648203]","[-15.28265401   0.43467243  -3.62947791 -53.4680551   -1.17028086
   0.11990356]","[-6.74786676e-01  2.27452556e-03  2.63993167e+02  1.80139071e+02
 -1.07863196e+00  5.70893604e-01]","[ 1.48024042e+00  2.11320647e-02 -4.90521367e+01  7.46089554e+01
 -4.72907516e-01 -9.35430195e-01]","[-12.64766075   0.26957015  -5.68228683 -69.86763609  -1.0993202
   0.57882229]","[ 8.83548817e-02  2.16505071e-02  7.29050511e+01 -4.44151717e+00
 -1.28929592e+00  1.46086995e-01]",007,RP
163,0,0.8007775074280165,0,[-1.50399693  0.12489435 12.51843239 20.82768388 -1.23995989  0.35961046],"[-3.32112933e-01  1.42179876e-02 -9.24790358e+01 -2.87134839e+01
 -5.04950484e-01 -1.01404457e+00]","[-13.28932724   0.90299807  -1.750697   -21.26558537  -1.32972887
  -0.0319695 ]","[-15.58581938   0.45471386  -3.45876954 -51.9077573   -1.15821487
  -0.24797351]","[-6.73083602e-01  4.94059584e-03  2.87314596e+02  1.95386743e+02
 -7.20768676e-01  9.07097057e-01]","[ 1.46302614e+00  4.36386657e-02 -3.37371511e+01  5.13583338e+01
 -8.70088289e-01 -8.00763452e-01]","[ -12.77411733    0.16151045   -8.76870872 -110.01251399   -0.72127979
    0.90531067]","[ 1.02642631e-01  2.37014207e-02  6.66281027e+01 -4.83888378e+00
 -1.29410796e+00  1.24216385e-01]",007,RP
164,0,0.8007775074280165,0,[-1.41834418  0.15246601 10.32058866 16.63814684 -1.28364963  0.23925453],"[-3.43747056e-01  2.62363268e-02 -5.75146373e+01 -1.77704873e+01
 -9.97707698e-01 -6.85189511e-01]","[-13.84491356   0.89448783  -1.76696217 -22.46343851  -1.32815876
   0.06062403]","[-15.92731395   0.57351439  -2.71800724 -41.29055464  -1.13153279
  -0.42290763]","[-6.69221910e-01  8.20494319e-03  1.86706179e+02  1.26947865e+02
 -1.10570626e+00  5.75863975e-01]","[  1.4294537    0.06826982 -22.5925894   34.29506047  -1.13946245
  -0.52178084]","[-1.28266884e+01  7.66018830e-02 -6.21135629e+00 -7.76711316e+01
 -1.32356225e+00  4.38615192e-01]","[ 1.18154872e-01  2.55620202e-02  6.18031967e+01 -5.30234880e+00
 -1.29865229e+00  1.02039591e-01]",007,RP
165,0,0.8739320898202418,0,[-1.31688472  0.17399109  9.06886658 13.94265186 -1.30232555  0.15679232],"[-3.63438004e-01  3.85062326e-02 -4.03048652e+01 -1.26483198e+01
 -1.17935174e+00 -4.58849851e-01]","[-14.3782269    0.83214287  -1.89590085 -25.25969253  -1.31330857
   0.15935819]","[-16.35716515   0.76301003  -2.04162207 -31.39514944  -1.16382865
  -0.42564103]","[-6.63332615e-01  1.11976917e-02  1.39559746e+02  9.45745313e+01
 -1.24394053e+00  3.64391647e-01]","[  1.38052605   0.09123108 -17.14802859  25.67330016  -1.241293
  -0.35122225]","[-1.28044294e+01  1.19663921e-01  1.07126906e+01  1.39169890e+02
 -5.18544112e-01  9.85531021e-01]","[ 1.34743919e-01  2.71525347e-02  5.82024125e+01 -5.84242114e+00
 -1.30248151e+00  7.89160832e-02]",007,RP
166,0,0.7927877907724922,0,[-1.203661    0.18915299  8.35284928 12.05399894 -1.31122565  0.09375428],"[ -0.39068314   0.04983048 -31.46076389 -10.29119017  -1.25370435
  -0.31694301]","[-14.85720664   0.7214204   -2.17750258 -30.35160578  -1.27885717
   0.27497628]","[-16.90958378   0.98957542  -1.58078356 -24.73039207  -1.21920098
  -0.3586448 ]","[-6.55731748e-01  1.35780538e-02  1.15959297e+02  7.80381923e+01
 -1.29965230e+00  2.20650602e-01]","[  1.31812493   0.11070709 -14.21650861  20.73913436  -1.28751986
  -0.23352156]","[-12.71040769   0.21798664   6.94361696  90.25620239  -1.04197407
   0.65370558]","[ 1.52217113e-01  2.83954459e-02  5.56689519e+01 -6.47376712e+00
 -1.30520336e+00  5.52363070e-02]",007,RP
167,0,0.7921300156000008,0,[-1.08284595  0.19777011  7.99360483 10.6558426  -1.31543194  0.03996376],"[ -0.42457945   0.05947568 -26.48051735  -9.24308359  -1.28925584
  -0.21648093]","[-15.25436458   0.57240837  -2.71799867 -39.46134259  -1.20549555
   0.4267744 ]","[-17.59779195   1.21667613  -1.29164021 -20.73001562  -1.26903744
  -0.27025702]","[-6.46871044e-01  1.51540157e-02  1.04221252e+02  6.94177098e+01
 -1.32181973e+00  1.11744903e-01]","[  1.24491194   0.12540427 -12.58645715  17.66903084  -1.30962048
  -0.14304731]","[-12.55147263   0.31052038   5.01747263  64.97667036  -1.22209095
   0.40627053]","[ 1.70339739e-01  2.92296491e-02  5.40890869e+01 -7.21352094e+00
 -1.30687772e+00  3.15197190e-02]",007,RP
168,0,0.7918766443691305,0,[-0.95869144  0.19968488  7.91790272  9.5908256  -1.31653142 -0.01086883],"[ -0.46388141   0.06690795 -23.59364361  -8.94465271  -1.307092
  -0.13834126]","[-15.54922448   0.39944794  -3.79495352 -57.00858419  -1.03088499
   0.65458104]","[-18.41151603   1.40689961  -1.12089974 -18.63746348  -1.30603163
  -0.17553674]","[-6.37276608e-01  1.58506031e-02  9.97419280e+01  6.55631975e+01
 -1.32683456e+00  2.25266660e-02]","[  1.16413185   0.13453159 -11.74791555  15.6761227   -1.31880176
  -0.06841271]","[-12.33752248   0.38696802   4.06300016  52.12735582  -1.28392726
   0.25667955]","[ 1.88843369e-01  2.96145699e-02  5.33900338e+01 -8.08235386e+00
 -1.30772986e+00  7.75619007e-03]",007,RP
169,0,0.7916133663415711,0,[-0.83552112  0.1947719   8.11501293  8.78026465 -1.31466228 -0.06361152],"[ -0.50708569   0.07178207 -22.01661233  -9.16430905  -1.31542664
  -0.0731714 ]","[-15.73013662   0.22351468  -6.05716267 -93.2799963   -0.56207052
   0.99372655]","[-19.31686405   1.5246892   -1.03643528 -18.02067949  -1.33034199
  -0.07469762]","[-6.27483695e-01  1.57022168e-02  1.00666417e+02  6.51665350e+01
 -1.32118829e+00 -5.40510316e-02]","[ 1.07932889e+00  1.37855543e-01 -1.14691176e+01  1.43789499e+01
 -1.31997946e+00 -3.89056997e-03]","[-12.08039933   0.4440319    3.55350118  44.92771325  -1.30711183
   0.15638749]","[ 2.07437943e-01  2.95270649e-02  5.35473374e+01 -9.10774954e+00
 -1.30778901e+00 -1.64603993e-02]",007,RP
170,0,0.7913487170982008,0,[-0.71768538  0.18302125  8.62814347  8.19229246 -1.30845295 -0.1230475 ],"[-5.52534970e-01  7.39417558e-02 -2.13825399e+01 -9.81460104e+00
 -1.31790874e+00 -1.55333808e-02]","[-15.79532115   0.10750181  -0.69601182  -8.99373025  -1.6959734
   0.2593283 ]","[-20.25815403   1.5387167   -1.0272652  -18.81049665  -1.34091025
   0.04057468]","[-6.17972792e-01  1.48423374e-02  1.06400555e+02  6.77526481e+01
 -1.30789389e+00 -1.20186636e-01]","[  0.99402305   0.13568082 -11.65032585  13.58069246  -1.3155802
   0.0536852 ]","[-11.79266496   0.4812206    3.28369755  40.72354503  -1.31478232
   0.08362045]","[ 2.25823972e-01  2.89594668e-02  5.45904762e+01 -1.03278382e+01
 -1.30690105e+00 -4.15237007e-02]",007,RP
171,0,0.7910880359955322,0,[-0.6094079   0.16471072  9.56935433  7.83164016 -1.29429103 -0.19413878],"[ -0.59853363   0.07341294 -21.53453576 -10.88914391  -1.31596289
   0.03800158]","[-15.75304995   0.18323331   7.5173704  120.42151141  -0.72985381
   0.88579979]","[-21.16140521   1.42463256  -1.10617198 -21.40815348  -1.32798966
   0.1883212 ]","[-6.09114426e-01  1.34844408e-02  1.16968538e+02  7.32472238e+01
 -1.28960923e+00 -1.73785448e-01]","[  0.9114097    0.12875929 -12.26835375  13.1814966   -1.30698849
   0.10611075]","[-1.14864821e+01  4.99871408e-01  3.16281731e+00  3.83296445e+01
 -1.31523625e+00  2.82473074e-02]","[ 2.43702696e-01  2.79202138e-02  5.66093944e+01 -1.17958621e+01
 -1.30494822e+00 -6.77881966e-02]",007,RP
172,0,0.7869146671821061,0,[-0.5145082   0.14064886 11.16670754  7.74536259 -1.26563567 -0.28228855],"[ -0.64346301   0.07039684 -22.44530948 -12.44272633  -1.30996988
   0.08945938]","[-15.62087196   0.29564222   5.21733944  83.49939132  -1.20712065
   0.49155757]","[-21.93967949   1.17010565  -1.32985734 -27.17664391  -1.25109135
   0.4068004 ]","[-6.01133279e-01  1.18890554e-02  1.32525262e+02  8.16653451e+01
 -1.27086044e+00 -2.08921010e-01]","[  0.83412597   0.11815696 -13.35568604  13.14032451  -1.29512529
   0.15437799]","[-1.11726969e+01  5.02634604e-01  3.14560974e+00  3.71449441e+01
 -1.31192580e+00 -1.43847540e-02]","[ 2.60784020e-01  2.64321129e-02  5.97742075e+01 -1.35881581e+01
 -1.30188042e+00 -9.59776181e-02]",007,RP
173,0,0.7867304552548645,0,[-0.43605355  0.11234125 13.88683871  8.05540533 -1.2111002  -0.39565005],"[ -0.68587744   0.06524618 -24.19426996 -14.59430406  -1.30016718
   0.14035949]","[-15.42377509   0.37245723   4.22570227  67.17628139  -1.33716735
   0.21529637]","[-22.50079387   0.78818443  -1.85810237 -39.80877831  -0.93552534
   0.76496881]","[-5.94099296e-01  1.03162288e-02  1.52688443e+02  9.27120964e+01
 -1.25797195e+00 -2.18019818e-01]","[  0.76410294   0.10510031 -14.99583277  13.45835983  -1.28069289
   0.19890673]","[-10.86014279   0.49311762   3.20585557  36.81604928  -1.30664611
  -0.04578351]","[ 2.76792913e-01  2.45268036e-02  6.43808190e+01 -1.58201544e+01
 -1.29740725e+00 -1.27559368e-01]",007,RP
174,0,0.7865535103857323,0,[-0.3760467   0.08190763 18.78129975  9.06264586 -1.10486295 -0.55256896],"[ -0.72456064   0.05839583 -26.99319448 -17.55820639  -1.28669714
   0.19363359]","[-1.51913159e+01  4.01775987e-01  3.93394418e+00  6.17617887e+01
 -1.36182728e+00  1.43476849e-02]","[-22.75747339   0.40909019  -1.61441626 -34.74003502  -1.13274233
   0.4941415 ]","[-5.87947868e-01  8.97115315e-03  1.75706105e+02  1.05306030e+02
 -1.25580953e+00 -1.97089833e-01]","[  0.70251338   0.0908203  -17.32863693  14.17359924  -1.26443936
   0.23967969]","[-10.55522193   0.47548999   3.32412563  37.08688374  -1.30095078
  -0.06589747]","[ 2.91476126e-01  2.22422388e-02  7.09310013e+01 -1.86746935e+01
 -1.29053664e+00 -1.64588657e-01]",007,RP
175,0,0.7863608634929529,0,[-0.33526939  0.05180663 28.5583495  11.57474033 -0.86378432 -0.79767382],"[ -0.75852897   0.05025082 -31.29443714 -21.73773715  -1.26791024
   0.2565166 ]","[-14.95402948   0.38353371   4.1118543   63.4887905   -1.33716069
  -0.16365323]","[-22.63891543   0.64422101   1.86572084  44.23789623  -0.39016543
   1.04379577]","[-5.82526325e-01  7.95869239e-03  1.98297223e+02  1.17513352e+02
 -1.26408730e+00 -1.53475214e-01]","[  0.64981383   0.0764125  -20.56424176  15.36292876  -1.2472741
   0.27660792]","[-10.26184158   0.45388254   3.48202561  37.7319952   -1.29645816
  -0.07505817]","[ 3.04612372e-01  1.96306856e-02  8.02579483e+01 -2.24475640e+01
 -1.27935589e+00 -2.08990956e-01]",007,RP
176,0,0.786168613434225,0,"[-3.13373650e-01  2.53258575e-02  4.67827095e+01  1.66604684e+01
 -3.61124159e-01 -1.05772014e+00]","[ -0.78698228   0.041085   -38.09988177 -27.98393185  -1.23558521
   0.3447352 ]","[-14.7396781    0.32497157   4.81089558  72.91105228  -1.26303418
  -0.35266431]","[-22.10172969   1.2716516    1.17072586  27.87506648  -0.92481201
   0.75504319]","[-5.77654723e-01  7.26673181e-03  2.17383006e+02  1.27572320e+02
 -1.27784075e+00 -1.08219368e-01]","[  0.60586686   0.06272207 -25.01239664  17.15418213  -1.23001174
   0.31041634]",[-9.98173619  0.43161379  3.6616517  38.54964126 -1.29427632 -0.07573139],"[ 3.16027477e-01  1.67736967e-02  9.37344661e+01 -2.76226669e+01
 -1.26136533e+00 -2.61950410e-01]",007,RP
177,0,0.7857057416516013,0,"[-3.09242644e-01  1.70241592e-02 -4.32923232e+01 -1.13878325e+01
 -9.68426349e-01 -6.01912912e-01]","[-8.09218916e-01  3.10253459e-02 -4.98671171e+01 -3.83534144e+01
 -1.15968065e+00  4.91523363e-01]","[-14.57001218   0.23873661   6.4006452   95.25747851  -1.09483038
  -0.59324447]","[-21.13779623   1.92883522   0.80211171  18.95487378  -1.16599959
   0.4895758 ]","[-5.73179931e-01  6.79291683e-03  2.32634897e+02  1.35341654e+02
 -1.29110251e+00 -8.32513345e-02]","[  0.57012864   0.05025487 -31.15926325  19.76478846  -1.21255306
   0.34480761]",[-9.71514085  0.4105075   3.85004363 39.40371613 -1.29453451 -0.0729227 ],"[ 3.25611683e-01  1.37895866e-02  1.13670707e+02 -3.50125102e+01
 -1.23394273e+00 -3.24364988e-01]",007,RP
178,0,0.7854664707186293,0,"[-3.21521543e-01  3.52220209e-02 -4.13211381e+01 -1.12856361e+01
 -8.28624783e-01 -8.32199856e-01]","[-8.24550744e-01  2.02281855e-02 -7.32038460e+01 -5.83602857e+01
 -9.19288960e-01  7.64808877e-01]","[-1.44586788e+01  1.41584909e-01  9.92043394e+00  1.45436368e+02
 -6.72605246e-01 -9.36931115e-01]","[-19.77702427   2.51756266   0.62258672  14.31291269  -1.26231002
   0.3174573 ]","[-5.69005669e-01  6.40633885e-03  2.46665641e+02  1.42354148e+02
 -1.29890490e+00 -8.50034762e-02]","[ 5.41887205e-01  3.91184851e-02 -3.99104123e+01  2.36269418e+01
 -1.19105212e+00  3.91736907e-01]",[-9.46173782  0.39056643  4.04659359 40.28780759 -1.29670112 -0.07328441],"[ 3.33333270e-01  1.08217767e-02  1.44180275e+02 -4.60600827e+01
 -1.19355442e+00 -3.98870744e-01]",007,RP
179,0,0.7825814209647683,0,"[ -0.34911454   0.05699365 -26.98137733  -7.41959118  -1.10209089
  -0.55527295]","[-8.32267405e-01  1.00749455e-02 -9.86926966e+01 -8.01387145e+01
 -5.91103161e-01  8.37876776e-01]","[-1.44106384e+01  6.42147637e-02  8.03804158e+00  1.17833311e+02
 -1.19822268e+00 -5.15735638e-01]","[-18.08440404   2.97854489   0.52914802  11.5693266   -1.30487401
   0.19289893]","[-5.65095401e-01  6.00807771e-03  2.62937205e+02  1.50584606e+02
 -1.29912841e+00 -1.04494532e-01]","[ 5.20526902e-01  2.90096620e-02 -5.34153224e+01  2.98041123e+01
 -1.14679771e+00  4.83197757e-01]",[-9.22173971  0.37002104  4.27066424 41.38295399 -1.3000295  -0.08432673],"[ 3.39242841e-01  8.01162969e-03  1.93300081e+02 -6.35756687e+01
 -1.13180534e+00 -4.93498341e-01]",007,RP
180,0,0.7824027215244946,0,"[ -0.39145703   0.07933141 -19.63972577  -5.68810877  -1.18465114
  -0.4180421 ]","[-8.31685114e-01  1.12612283e-02  9.23863359e+01  7.88363404e+01
 -4.40495806e-01  9.61829024e-01]","[-1.44230066e+01  8.81079389e-02 -1.46830942e+01 -2.09774366e+02
 -6.22059055e-01 -9.12730765e-01]","[-16.15242376   3.27376563   0.48258807   9.79496699  -1.32289483
   0.09343467]","[-5.61456445e-01  5.55607016e-03  2.84193581e+02  1.61562318e+02
 -1.29416277e+00 -1.29694845e-01]","[ 5.05783452e-01  1.93353118e-02 -7.78130283e+01  4.13565420e+01
 -9.90984947e-01  6.94799591e-01]",[-8.99691389  0.34561957  4.56987198 43.11474467 -1.30292901 -0.11463862],"[ 3.43465433e-01  5.47317325e-03  2.78876921e+02 -9.37845825e+01
 -1.02405540e+00 -6.28033203e-01]",007,RP
181,0,0.8179534409055567,0,"[ -0.44848381   0.1024603  -15.28537118  -4.85524154  -1.22348416
  -0.34013709]","[-8.22278246e-01  2.36439424e-02  6.20526699e+01  5.30245606e+01
 -8.40740753e-01  8.21297675e-01]","[ -14.4868882     0.15046882  -10.17778034 -145.44436585   -1.15927332
   -0.55108664]","[-1.40907605e+01  3.38483131e+00  4.67092119e-01  8.58168317e+00
 -1.32737730e+00  6.89125867e-03]","[-5.58117685e-01  5.05036499e-03  3.12464592e+02  1.76392015e+02
 -1.28820170e+00 -1.55611042e-01]","[ 4.97939104e-01  1.01230802e-02 -1.15080604e+02  5.93031326e+01
 -5.32858091e-01  9.09321490e-01]",[-8.79132719  0.31316644  5.03590766 46.27231195 -1.30053373 -0.17510033],"[ 3.46182244e-01  3.28804066e-03  4.46814690e+02 -1.52679312e+02
 -7.92173614e-01 -8.45769802e-01]",007,RP
182,0,0.8263971264015322,0,"[ -0.52032126   0.12619208 -12.44851623  -4.47722764  -1.25110214
  -0.28175327]","[-8.03860655e-01  3.75429289e-02  4.09921480e+01  3.49519750e+01
 -1.12030584e+00  5.43929253e-01]","[ -14.58966238    0.1976631    -7.94368881 -113.89573789   -1.30831716
   -0.27263925]","[-12.01500959   3.31131274   0.47724861   7.73414663  -1.32213343
  -0.07467957]","[-5.55111671e-01  4.50276113e-03  3.50169484e+02  1.96383167e+02
 -1.28230481e+00 -1.85829292e-01]","[ 4.97896204e-01  1.00358712e-02  8.63487758e+01 -4.09927277e+01
 -5.44877624e-01  8.99882835e-01]",[-8.6115985   0.26849065  5.84840629 52.36412684 -1.27882436 -0.28232214],"[ 3.47607535e-01  1.55212734e-03  7.81661767e+02 -2.69711520e+02
 -3.03552484e-01 -1.11268596e+00]",007,RP
183,0,0.8317050455827241,0,"[ -0.60679875   0.14947328 -10.53351472  -4.39172359  -1.27445837
  -0.22721851]",[-0.77677071  0.05078058 30.77448246 25.90471646 -1.23398019  0.36770404],"[-1.47172062e+01  2.23543555e-01 -7.06599459e+00 -1.01991699e+02
 -1.34078139e+00 -9.68947416e-02]","[-10.03581661   3.0688806    0.514139     7.1598047   -1.30719198
  -0.15726115]","[-5.52467538e-01  3.91694713e-03  4.01951665e+02  2.24065247e+02
 -1.27313630e+00 -2.28302352e-01]","[ 5.07082735e-01  2.36546741e-02  6.01733827e+01 -2.85128835e+01
 -6.44721212e-01  9.52787319e-01]",[-8.46650231  0.20895972  7.41225259 64.75585366 -1.19469343 -0.46920726],"[ 3.47967285e-01  8.39320755e-04 -6.90039998e+02  2.42111344e+02
 -1.30981463e+00 -3.89399202e-01]",007,RP
184,0,0.8317050455827241,0,[-0.70692374  0.17048361 -9.25221815 -4.54061264 -1.29448455 -0.17080336],[-0.74200857  0.06198806 25.38327256 20.83460569 -1.29001254  0.23875774],"[-1.48556734e+01  2.28796598e-01 -6.90916463e+00 -1.00640293e+02
 -1.33764624e+00  3.24720373e-02]",[-8.24937593  2.687367    0.58537186  6.82895257 -1.27997374 -0.24633568],"[-5.50214602e-01  3.28571836e-03  4.77763614e+02  2.64872517e+02
 -1.25429372e+00 -2.94199987e-01]","[  0.52719184   0.04192816  36.10285625 -17.03313106  -0.97334099
   0.68583858]",[-8.36590943  0.13598095 10.73640584 91.81979884 -0.88582354 -0.79755742],"[ 3.47484482e-01  1.56795707e-03 -9.36596971e+02  3.27452913e+02
 -9.55876859e-01 -7.49111422e-01]",007,RP
185,0,0.8317050455827241,0,[-0.81849028  0.18696256 -8.44831694 -4.91486532 -1.31044246 -0.11034426],[-0.70127422  0.06997059 22.56291476 17.82279038 -1.31920522  0.13121543],"[ -14.99269971    0.21635014   -7.29507195 -107.3728232    -1.318084
    0.14324859]",[-6.72982796  2.20791276  0.70878307  6.76998814 -1.23448151 -0.34886251],"[-5.48388101e-01  2.59856434e-03  5.99928225e+02  3.30993500e+02
 -1.20946595e+00 -4.04062834e-01]","[  0.5598114    0.06294828  24.54496092 -11.74054899  -1.12264791
   0.51556653]","[-8.31924201e+00  6.78021803e-02  1.08037784e+01  9.18792470e+01
 -9.73810533e-01 -5.94559708e-01]","[ 3.46372386e-01  2.31339612e-03 -6.73315594e+02  2.35217929e+02
 -1.25375847e+00 -3.96075857e-01]",007,RP
186,0,0.7990546053765198,0,[-0.93795863  0.19667555 -8.03763999 -5.53897378 -1.32068858 -0.04518107],[-0.65687419  0.07382161 21.414532   16.06665332 -1.33122972  0.03279606],"[ -15.1181217     0.19008491   -8.27256142 -123.06559028   -1.28375965
    0.25373697]",[-5.52398731  1.67856889  0.92354746  7.10166443 -1.15689042 -0.47662358],"[-5.47024426e-01  1.85870229e-03  8.22598461e+02  4.51981451e+02
 -1.08364679e+00 -5.94845195e-01]",[ 0.60603071  0.08532608 18.28899151 -9.08369052 -1.20428101  0.39411868],"[-8.33375539e+00  9.67972714e-02 -1.22472766e+01 -1.00065807e+02
 -4.13378780e-01 -1.01856655e+00]","[ 3.44833457e-01  2.80432689e-03 -5.62005185e+02  1.95798191e+02
 -1.32650558e+00 -1.86263346e-01]",007,RP
187,0,0.7990546053765198,0,[-1.06064539  0.197939   -7.98721942 -6.47160747 -1.32339451  0.02450747],[-0.61150778  0.07308944 21.62380128 15.22312275 -1.32889997 -0.06342139],"[ -15.22436027    0.15422424  -10.1238077  -152.12849577   -1.22438964
    0.38188952]",[-4.64896948  1.14915075  1.32274223  8.14938824 -1.01136147 -0.65288768],"[-5.46139980e-01  1.11277416e-03  1.28311943e+03  7.02762820e+02
 -7.19797596e-01 -9.09427991e-01]",[ 0.66611506  0.10741311 14.61132101 -7.73282093 -1.25364945  0.29842168],"[ -8.41300352   0.18989378  -7.85221737 -64.06073232  -0.94105361
  -0.74324363]","[ 3.43060004e-01  3.01774450e-03 -5.23792423e+02  1.81692231e+02
 -1.34481689e+00 -3.59486027e-02]",007,RP
188,0,0.7975549677392413,0,[-1.18115827  0.19003336 -8.31321764 -7.81922577 -1.31730543  0.09886645],[-0.56798375  0.0678624  23.24535049 15.20298144 -1.31206813 -0.16355824],"[-1.53066146e+01  1.13182415e-01 -1.35893418e+01 -2.06006818e+02
 -1.10963820e+00  5.51891242e-01]",[-4.0929749   0.66793634  2.15268723 10.81089479 -0.69421222 -0.92072089],"[-5.45698978e-01  4.92146244e-04  1.89725188e+03  1.03732841e+03
 -3.76999312e-01 -1.00420368e+00]",[ 0.73932505  0.12746935 12.35521092 -7.13451691 -1.28448871  0.21820171],"[ -8.55582108   0.28550066  -5.42592694 -44.42326011  -1.1775281
  -0.47523861]","[ 3.41232545e-01  2.95927374e-03 -5.33776788e+02  1.84142012e+02
 -1.33665238e+00  9.80446507e-02]",007,RP
189,0,0.7975549677392413,0,[-1.2939513   0.17331497 -9.0979348  -9.77228457 -1.30119879  0.18043928],[-0.52893168  0.05872003 26.74996415 16.14890361 -1.27643432 -0.2772948 ],"[-1.53629694e+01  7.17032614e-02 -2.06252424e+01 -3.14864967e+02
 -8.56884536e-01  8.02836341e-01]",[-3.818924    0.29151346  3.54754878 15.54781915 -0.296945   -1.07380121],"[-5.45580214e-01  2.64887101e-04 -3.77361235e+03 -2.05680824e+03
 -1.36041488e+00 -3.70537492e-02]",[ 0.82392116  0.14392429 10.96578453 -7.03494191 -1.30308103  0.14847666],"[ -8.75604827   0.36918999  -4.24861734 -35.20109852  -1.26912268
  -0.30382239]","[ 3.39512862e-01  2.65790229e-03 -5.92013103e+02  2.02996063e+02
 -1.30097128e+00  2.34786273e-01]",007,RP
190,0,0.7975549677392413,0,"[ -1.39385711   0.14898341 -10.54409828 -12.69696641  -1.2709628
   0.27716642]",[-0.49656312  0.04658383 33.40646365 18.58841791 -1.20522327 -0.42432457],"[-1.53943949e+01  3.53460409e-02 -3.53123186e+01 -5.41611776e+02
 -3.24957175e-01  1.11387089e+00]","[ -3.77037008   0.19321668  -5.06778272 -17.10741636  -0.86915391
  -0.58708136]","[-5.45552349e-01  2.66897821e-04 -3.44762603e+03 -1.87886048e+03
 -1.31140863e+00 -3.72786460e-01]",[ 0.91733971  0.15561903 10.15377559 -7.31446155 -1.31276147  0.08694644],"[ -9.00303963   0.43302164  -3.64119547 -30.78182707  -1.30865555
  -0.18017144]","[ 3.38031527e-01  2.17346786e-03 -7.18094805e+02  2.44738684e+02
 -1.22790733e+00  3.85357049e-01]",007,RP
191,0,0.7975549677392413,0,"[ -1.47647224   0.11869431 -13.12916887 -17.38485333  -1.21151821
   0.40772125]","[-4.72515830e-01  3.25915869e-02  4.65624367e+01  2.40014884e+01
 -1.03781777e+00 -6.47209822e-01]","[-1.54045070e+01  1.60336557e-02  1.92377180e+01  2.98347563e+02
 -1.67315525e+00  1.81603904e-01]","[ -3.87891976   0.32072247  -4.77371606 -16.51686159  -1.27669126
  -0.48425499]","[-5.45267329e-01  8.26196466e-04  1.21140605e+03  6.62540140e+02
 -5.77742167e-02  1.25262736e+00]",[ 1.01648338  0.16196619  9.76107451 -7.92197002 -1.31590275  0.03260117],"[ -9.28283185   0.47231911  -3.34549524 -29.05566978  -1.3238393
  -0.08225052]","[ 3.36873380e-01  1.59333442e-03 -9.64594077e+02  3.26946067e+02
 -1.09799497e+00  5.61395019e-01]",007,RP
192,0,0.7975549677392413,0,"[ -1.53835245   0.08435873 -18.07572393 -25.80683422  -1.0682514
   0.61386328]","[-4.57782763e-01  1.83052674e-02  7.39590217e+01  3.58571653e+01
 -5.73732991e-01 -9.84864488e-01]","[-1.53989458e+01  2.46689401e-02  6.00540256e+01  9.26768686e+02
 -1.17121424e+00  6.00767320e-01]","[ -4.07218886   0.38312449  -4.11941707 -14.77504429  -1.43097208
  -0.04071871]","[-5.44277778e-01  2.30563227e-03  5.95950700e+02  3.26362723e+02
 -4.12983663e-01  1.09573247e+00]",[ 1.11805916  0.16297614  9.70129106 -8.84661735 -1.31454188 -0.01529807],"[-9.57976247e+00  4.85681700e-01 -3.25532159e+00 -2.91852076e+01
 -1.32524838e+00 -6.15072161e-05]","[ 3.36065983e-01  1.01764356e-03 -1.46580771e+03  4.94608107e+02
 -8.72360265e-01  7.78105786e-01]",007,RP
193,0,0.8975484370981596,0,"[ -1.57707034   0.04880442 -28.33599209 -42.68785256  -0.64372239
   0.94799799]",[-0.45270149  0.00916785  0.95851895  2.43392296 -1.71875579 -0.25047247],"[-1.53843187e+01  3.14735271e-02  5.00767083e+01  7.72396041e+02
 -1.44972291e+00  8.74457324e-02]","[ -4.28141698   0.35205392  -4.43819598 -17.00176764  -1.33787394
   0.3260894 ]","[-5.42073966e-01  4.65312286e-03  3.17494840e+02  1.74105687e+02
 -7.83086454e-01  8.41105874e-01]","[  1.21890188   0.15914919   9.93214046 -10.10630464  -1.31026441
  -0.05769675]","[ -9.87826956   0.4748088   -3.32852747 -30.8800916   -1.31788941
   0.07152643]","[ 3.35574079e-01  5.40755831e-04 -2.60783515e+03  8.77121877e+02
 -5.05260619e-01  1.03901241e+00]",007,RP
194,0,0.8975484370981596,0,[-1.59122011  0.0242013  -6.86835297 -8.92906135 -1.66917063  0.27619505],"[-4.56978275e-01  1.67989591e-02 -8.18053291e+01 -3.53832581e+01
 -6.73257721e-01 -9.24096697e-01]","[-1.53668668e+01  3.00382387e-02  5.21732311e+01  8.03739094e+02
 -1.34334820e+00 -2.87944101e-01]","[ -4.44797134   0.24767014  -5.90389212 -24.26034295  -0.95814412
   0.75403869]","[-5.38129442e-01  7.84218945e-03  1.93908472e+02  1.06347858e+02
 -9.83500220e-01  6.62162305e-01]","[  1.3162277    0.151295    10.44288377 -11.74521288  -1.30409204
  -0.0957182 ]","[-10.16453965   0.44382555  -3.5571036  -34.15632059  -1.30446459
   0.1354482 ]","[ 3.35300411e-01  2.36224193e-04 -5.91865432e+03  1.98652722e+03
 -2.29540305e-01  1.13876051e+00]",007,RP
195,0,0.9151206591851836,0,"[-1.58042202e+00  4.41608577e-02  3.03349604e+01  4.99420394e+01
 -5.72779005e-01  9.77834588e-01]","[-4.69740028e-01  2.82473709e-02 -5.42553839e+01 -2.34859256e+01
 -1.13026851e+00 -5.62226794e-01]","[-1.53512016e+01  2.30195840e-02  6.64079750e+01  1.02144221e+03
 -1.09264716e+00 -5.94898339e-01]","[ -4.52792362   0.1300481   -4.98489028 -20.57120243  -1.12861145
   0.50073536]","[-5.31949493e-01  1.17844825e-02  1.30949246e+02  7.16583850e+01
 -1.09953112e+00  5.32597718e-01]","[  1.40778019   0.14034996  11.25013872 -13.83772246  -1.29664119
  -0.13060731]","[-10.42770058   0.39830529  -3.95751614 -39.26779332  -1.28662657
   0.19348845]","[ 3.35092982e-01  2.51553606e-04 -5.50411118e+03  1.84638903e+03
 -1.53732807e-01 -1.16746278e+00]",007,RP
196,0,0.9151206591851836,0,[-1.54533099  0.07858037 19.32911649 31.86988274 -1.04989351  0.63801738],"[-4.89623654e-01  3.79206652e-02 -4.12985466e+01 -1.82207453e+01
 -1.26964697e+00 -3.27416316e-01]","[-1.53394435e+01  1.46118620e-02  1.01801516e+02  1.56357861e+03
 -7.85665644e-01 -8.24981046e-01]",[-4.49420151  0.1966026   6.15830895 29.67668135 -0.43839767  1.01094082],"[-5.23123810e-01  1.63094578e-02  9.54419497e+01  5.19279564e+01
 -1.17380256e+00  4.31480466e-01]","[  1.49186174   0.12721962  12.40138817 -16.50115654  -1.28827593
  -0.16413621]","[-10.66040333   0.34423339  -4.57041351 -46.7224514   -1.26554071
   0.24695602]","[ 3.34759949e-01  6.60021395e-04 -2.08279438e+03  6.99236141e+02
 -3.30314116e-01 -1.14400853e+00]",007,RP
197,0,0.9153790749339412,0,[-1.48763289  0.11169488 13.94361072 22.74297399 -1.21109467  0.41416187],"[ -0.514907     0.04479865 -35.19707125 -16.12321822  -1.31521783
  -0.1768322 ]","[-1.53308886e+01  9.24178988e-03  1.66825016e+02  2.55957574e+03
 -8.05575584e-01 -4.12424913e-01]",[-4.33661232  0.37548275  3.99130139 19.30872678 -0.98385027  0.71028878],"[-5.11382175e-01  2.11528995e-02  7.40069375e+01  3.98458287e+01
 -1.22536350e+00  3.46337656e-01]","[  1.56726858   0.11264448  13.99134642 -19.92819757  -1.27884548
  -0.19954205]","[-10.85879948   0.28708378  -5.46792609 -57.37511298  -1.24192693
   0.29749947]","[ 3.34092607e-01  1.39107830e-03 -1.04944965e+03  3.52613368e+02
 -7.02568016e-01 -9.01937197e-01]",007,RP
198,0,0.926579444068795,0,[-1.41001129  0.1403947  11.1899164  17.77790845 -1.27376303  0.27507974],"[ -0.54366859   0.0485844  -32.52924287 -15.68512776  -1.32848593
  -0.06680148]","[-1.53221201e+01  1.29958102e-02  1.12551080e+02  1.72652117e+03
 -4.72956200e-01  9.66448395e-01]",[-4.0606362   0.54891044  2.83161886 13.49817402 -1.21330165  0.43304667],"[-4.96644057e-01  2.59673491e-02  6.05222520e+01  3.20580168e+01
 -1.26217923e+00  2.70612387e-01]","[  1.63316614   0.09711236  16.20360796 -24.46318393  -1.26671002
  -0.24256533]","[-11.02205558   0.23117117  -6.77213343 -72.64283104  -1.21543599
   0.34800229]","[ 3.32893524e-01  2.41260188e-03 -6.27250628e+02  2.10807672e+02
 -9.59581339e-01 -6.93192261e-01]",007,RP
199,0,0.935368627194704,0,[-1.31606196  0.16297557  9.67652484 14.73490621 -1.303011    0.17538985],"[-5.73955833e-01  4.93351462e-02 -3.20453744e+01 -1.63926295e+01
 -1.32723828e+00  2.31110060e-02]","[-1.53073930e+01  2.85730717e-02  5.02109603e+01  7.70598905e+02
 -5.17635116e-01  1.01459759e+00]",[-3.68574515  0.68535143  2.29457744 10.45722766 -1.30205972  0.24674534],"[-4.79050259e-01  3.03649475e-02  5.18969254e+01  2.68612355e+01
 -1.28763931e+00  2.01574452e-01]","[  1.68895575   0.08086837  19.4049277  -30.7740642   -1.24690061
  -0.30222262]","[-11.15164542   0.1794392   -8.69440591 -94.95693186  -1.18356117
   0.40269136]","[ 3.31003656e-01  3.64127601e-03 -4.23785979e+02  1.42274708e+02
 -1.11372143e+00 -5.28212179e-01]",007,RP
200,2,0.9413954136630258,1,[-1.2101311   0.17822188  8.86477806 12.72754363 -1.31706241  0.09480518],"[ -0.60394373   0.04735622 -33.35694668 -18.14571893  -1.31676271
   0.10375076]","[-1.52791382e+01  5.70526597e-02  2.58514706e+01  3.96988192e+02
 -7.33178770e-01  8.67359614e-01]",[-3.2434527   0.76521823  2.06426048  8.69533121 -1.34122667  0.09498261],"[-4.58967291e-01  3.39812464e-02  4.64559636e+01  2.33217678e+01
 -1.30390580e+00  1.38309137e-01]","[  1.73418016   0.06404043  24.36912548 -40.26045387  -1.20744862
  -0.3924586 ]","[ -11.25065968    0.13369985  -11.61464646 -128.67243469   -1.14152897
    0.46525935]","[ 3.28321994e-01  4.96768660e-03 -3.13966051e+02  1.05081960e+02
 -1.20111608e+00 -4.01446149e-01]",007,RP
201,2,0.9413954136630258,1,[-1.09706838  0.18542312  8.52641725 11.35406277 -1.321684    0.02427305],"[ -0.63206923   0.04314063 -36.5504887  -21.10243923  -1.2977702
   0.1812442 ]","[-1.52284920e+01  1.00296020e-01  1.50429430e+01  2.31081337e+02
 -9.05906067e-01  7.26294562e-01]",[-2.7750769   0.7738309   2.04219665  7.66725275 -1.35095171 -0.05592371],"[-4.36961020e-01  3.65317507e-02  4.32574621e+01  2.09018248e+01
 -1.31303392e+00  8.01293839e-02]","[ 1.76849176e+00  4.68289952e-02  3.28939047e+01 -5.61725993e+01
 -1.11727636e+00 -5.38933890e-01]","[-1.13232615e+01  9.50950578e-02 -1.62323668e+01 -1.81803333e+02
 -1.08550020e+00  5.34621270e-01]","[ 3.24814529e-01  6.28484413e-03 -2.49646558e+02  8.30888292e+01
 -1.25020726e+00 -3.04326389e-01]",007,RP
202,2,0.9388873095811492,1,[-0.98189971  0.18452864  8.56708767 10.41202089 -1.31917504 -0.04023565],"[-6.57131068e-01  3.73233620e-02 -4.21282861e+01 -2.56838057e+01
 -1.26937132e+00  2.58977987e-01]","[-15.14584398   0.15922722   9.61793069 147.67167755  -1.0267484
   0.60857272]",[-2.3292281   0.70215865  2.23975755  7.21690622 -1.32284344 -0.23774541],"[-4.13746252e-01  3.78373142e-02  4.17844764e+01  1.92881705e+01
 -1.31690939e+00  2.56845685e-02]","[ 1.79167984e+00  2.97335239e-02  4.96694539e+01 -8.69917592e+01
 -8.73086477e-01 -7.94937979e-01]","[-1.13743008e+01  6.44343278e-02 -2.38147247e+01 -2.68875842e+02
 -1.02148169e+00  5.97475352e-01]","[ 3.20514288e-01  7.49837903e-03 -2.09969501e+02  6.92982251e+01
 -1.27982496e+00 -2.26868602e-01]",007,RP
203,2,0.9388873095811492,1,[-0.86943713  0.17622044  8.96484631  9.79437026 -1.310834   -0.10069633],"[-6.78352697e-01  3.06245256e-02 -5.11396000e+01 -3.26906856e+01
 -1.23016498e+00  3.38815745e-01]","[-15.02149735   0.23345428   6.6246492  101.51215038  -1.11038439
   0.51162087]",[-1.95883436  0.54953579  2.80266785  7.48996206 -1.19431296 -0.50586788],"[-3.90128257e-01  3.78150419e-02  4.18087663e+01  1.83107811e+01
 -1.31687218e+00 -2.74402301e-02]","[ 1.80373453e+00  1.44730029e-02  7.60521639e+01 -1.35177914e+02
 -4.20148053e-01 -9.86125771e-01]","[-1.14090316e+01  4.22385418e-02 -3.63138076e+01 -4.12305377e+02
 -9.83329287e-01  6.10533976e-01]","[ 3.15517380e-01  8.51921848e-03 -1.85207647e+02  6.04362315e+01
 -1.30012680e+00 -1.59112151e-01]",007,RP
204,2,0.9388873095811492,1,[-0.76388036  0.16182023  9.75082922  9.44846688 -1.29745837 -0.15834963],"[-6.95402409e-01  2.37657271e-02 -6.55472801e+01 -4.35817365e+01
 -1.17851113e+00  4.21868511e-01]","[-14.84651989   0.32109382   4.84887819  73.98896642  -1.16985001
   0.43012965]",[-1.71752224  0.33475966  4.04099095  8.94049182 -0.701023   -0.89060557],"[-3.66952312e-01  3.64494284e-02  4.33533933e+01  1.79086279e+01
 -1.31329025e+00 -8.30178620e-02]","[ 1.80491305e+00  1.20794364e-02 -7.56178860e+01  1.38483709e+02
 -6.72178074e-01 -7.82419820e-01]","[-1.14328336e+01  2.86704596e-02 -5.42300094e+01 -6.18002674e+02
 -1.04166762e+00  4.61491883e-01]","[ 3.09978597e-01  9.25567531e-03 -1.70701071e+02  5.49136784e+01
 -1.31452224e+00 -9.33834603e-02]",007,RP
205,2,0.9388873095811492,1,[-0.66849986  0.14306127 11.01075176  9.360686   -1.27951225 -0.21424668],"[-7.08357962e-01  1.73689566e-02 -8.90566708e+01 -6.10840019e+01
 -1.11251306e+00  5.09563004e-01]","[-14.61370455   0.41868847   3.73634422  56.60183051  -1.21357171
   0.35935186]",[-1.65571277  0.21966598 -1.3126707  -0.17340564 -1.51140819 -0.36387799],"[-3.45067793e-01  3.37648111e-02  4.67438951e+01  1.81298127e+01
 -1.30485953e+00 -1.46660422e-01]","[ 1.79577913e+00  2.46038532e-02 -5.97731725e+01  1.09339416e+02
 -8.90166733e-01 -7.89814863e-01]","[-1.14508665e+01  2.35406294e-02 -6.70392628e+01 -7.65657650e+02
 -1.15397484e+00  5.01097356e-02]","[ 3.04105406e-01  9.62093444e-03 -1.64327185e+02  5.19727853e+01
 -1.32252134e+00 -2.55570573e-02]",007,RP
206,2,0.9119643130979148,1,[-0.5854691   0.12180996 12.90335082  9.55451324 -1.25711484 -0.2696787 ],"[-7.17611341e-01  1.18637907e-02 -1.29100756e+02 -9.06441665e+01
 -1.02737415e+00  6.07558177e-01]","[-14.31848128   0.52130394   3.01130411  45.11730151  -1.24626083
   0.29600432]",[-1.81700338  0.49738924 -2.75138739 -2.99928019 -0.54894333 -1.0077861 ],"[-3.25302535e-01  2.98158278e-02  5.28012446e+01  1.91763787e+01
 -1.28705641e+00 -2.26964525e-01]","[ 1.77721351e+00  3.79830870e-02 -4.07115567e+01  7.43531286e+01
 -1.16746853e+00 -4.92539391e-01]","[-1.14676943e+01  2.57520035e-02 -6.09039022e+01 -6.96427334e+02
 -1.14981532e+00 -3.17561660e-01]","[ 2.98145763e-01  9.55517258e-03 -1.65438080e+02  5.13246625e+01
 -1.32250768e+00  4.56179676e-02]",007,RP
207,2,0.777247682224502,1,[-0.51585277  0.09981381 15.70274126 10.10030265 -1.22964193 -0.32658767],"[-7.23730848e-01  7.43330973e-03 -2.02435458e+02 -1.44508786e+02
 -9.00005850e-01  7.38141145e-01]","[-13.9597005    0.62283742   2.52686818  37.27432294  -1.270747
   0.23798119]",[-2.23494022  0.90742911 -1.66355788 -1.7179524  -0.97792828 -0.69350562],"[-3.08438673e-01  2.47014360e-02  6.33809368e+01  2.15491320e+01
 -1.24775419e+00 -3.38817350e-01]","[ 1.75041226e+00  4.97034478e-02 -3.15362234e+01  5.72013922e+01
 -1.26050924e+00 -3.17383082e-01]","[-1.14869913e+01  3.30864840e-02 -4.71092225e+01 -5.39143228e+02
 -1.15000412e+00 -4.21375757e-01]","[ 2.92366696e-01  9.04719879e-03 -1.74549005e+02  5.30323159e+01
 -1.31325695e+00  1.20431083e-01]",007,RP
208,2,0.7773241054415154,1,[-0.45972566  0.07851799 19.88812542 11.14308164 -1.19516987 -0.38804126],"[-7.27312491e-01  4.03667730e-03 -3.52667672e+02 -2.54499603e+02
 -6.22804169e-01  9.63662741e-01]","[-13.54025694   0.71643798   2.20087279  31.80038304  -1.28914681
   0.18349156]",[-2.93008318  1.35309386 -1.14396549 -1.35191403 -1.14758515 -0.49244356],"[-2.95182447e-01  1.86021835e-02  8.29683542e+01  2.64908018e+01
 -1.15066448e+00 -5.12785466e-01]","[  1.71687898   0.05897552 -26.71943093  47.87402924  -1.29975445
  -0.19960251]","[-1.15113865e+01  4.34623150e-02 -3.59190856e+01 -4.11478476e+02
 -1.18962271e+00 -3.93176096e-01]","[ 2.87025045e-01  8.14241942e-03 -1.93537559e+02  5.75501266e+01
 -1.29360185e+00  1.99946919e-01]",007,RP
209,2,0.777484357355666,1,[-0.4164002   0.05894854 26.35045989 12.97233674 -1.14922839 -0.46026588],"[-7.28852273e-01  1.69893296e-03 -4.82490261e+02 -3.49664124e+02
 -6.80237943e-01  8.11771966e-01]","[-13.06746481   0.79493839   1.98621457  27.954789    -1.30292578
   0.130599  ]",[-3.90762277  1.79871639 -0.8693995  -1.3972853  -1.2264955  -0.36102233],"[-2.86123899e-01  1.18770003e-02  1.23323510e+02  3.72858034e+01
 -8.62847710e-01 -8.09597579e-01]","[  1.67839973   0.06527662 -24.19751781  42.61310745  -1.31809644
  -0.10769098]","[-1.15424110e+01  5.52007004e-02 -2.83924514e+01 -3.25717345e+02
 -1.23497192e+00 -3.26136869e-01]","[ 2.82334147e-01  6.93798035e-03 -2.26346485e+02  6.59053417e+01
 -1.26086572e+00  2.85862133e-01]",007,RP
210,2,0.7775694205465669,1,[-0.38474518  0.04162719 36.96218829 16.22102382 -1.07774894 -0.56083024],"[-7.28660576e-01  2.08986833e-03  5.65688256e+02  4.14194731e+02
 -3.93694768e-01  1.02819708e+00]","[-12.55302913   0.85142254   1.85610255  25.29970937  -1.3125576
   0.07755969]",[-5.15602462  2.21420536 -0.70993905 -1.66046322 -1.26914363 -0.2645018 ],"[-2.81688867e-01  5.74089902e-03  1.58042518e+02  4.65188179e+01
 -6.51259012e-01 -8.01083065e-01]","[ 1.63699080e+00  6.82433125e-02 -2.31664139e+01  3.99232064e+01
 -1.32518904e+00 -2.69303441e-02]","[-1.15804888e+01  6.67075016e-02 -2.35814728e+01 -2.71084982e+02
 -1.27448083e+00 -2.48360208e-01]","[ 2.78429782e-01  5.57561510e-03 -2.80244898e+02  8.00285258e+01
 -1.21106952e+00  3.76119999e-01]",007,RP
211,2,0.7776561804778992,1,"[-3.63571875e-01  2.65364227e-02  5.64597675e+01  2.25271836e+01
 -9.18785915e-01 -7.42326726e-01]","[-7.26823416e-01  4.35233797e-03  3.39836663e+02  2.49001244e+02
 -8.29710553e-01  8.14232152e-01]","[-1.20124669e+01  8.80150892e-01  1.79630930e+00  2.35781061e+01
 -1.31762095e+00  2.34600027e-02]",[-6.64707678  2.57209887 -0.61294328 -2.07428102 -1.29373911 -0.18721568],"[-2.82093951e-01  6.56195244e-03 -1.68591480e+02 -4.55586367e+01
 -4.62287062e-01 -9.53661300e-01]","[  1.59481293   0.06770461 -23.34713881  39.23431883  -1.32380622
   0.05105203]","[-1.16249385e+01  7.63050242e-02 -2.06741799e+01 -2.38336070e+02
 -1.30642100e+00 -1.63914982e-01]","[ 2.75338040e-01  4.23842001e-03 -3.66829334e+02  1.03002070e+02
 -1.14818653e+00  4.51090789e-01]",007,RP
212,2,0.7777617948010259,1,"[-3.52045345e-01  1.36139898e-02  9.30802089e+01  3.47684543e+01
 -4.63179584e-01 -1.01394024e+00]","[-7.23200634e-01  7.23466752e-03  2.11057822e+02  1.54637150e+02
 -1.00731758e+00  6.31887890e-01]","[-11.46396313   0.87769408   1.8012693   22.64968485  -1.31754078
  -0.03172202]",[-8.33749758  2.84950793 -0.55419625 -2.62060992 -1.30772997 -0.12162038],"[-2.87315782e-01  1.30135020e-02 -1.14272038e+02 -3.08321600e+01
 -9.37012772e-01 -7.49703739e-01]","[  1.55405035   0.06372436 -24.77461479  40.50099891  -1.3134812
   0.13279141]","[-1.16739985e+01  8.22698945e-02 -1.92092349e+01 -2.22248579e+02
 -1.32876004e+00 -7.05420009e-02]","[ 2.72948148e-01  3.15110219e-03 -4.94368936e+02  1.36937085e+02
 -1.11046387e+00  4.33477820e-01]",007,RP
213,2,0.7778712137783949,1,"[-3.50053168e-01  9.65236763e-03 -6.31337195e+01 -2.01001585e+01
 -1.03133873e+00 -6.24755951e-01]","[-7.17447370e-01  1.08742618e-02  1.41859578e+02  1.03776781e+02
 -1.07800051e+00  5.41785896e-01]","[-10.92684807   0.84365883   1.87291152  22.46501967  -1.31226654
  -0.08804848]","[-10.17188386   3.02995544  -0.52165096  -3.30617303  -1.31490085
  -0.0633743 ]","[-2.97077931e-01  1.96289229e-02 -7.89327126e+01 -2.14491669e+01
 -1.17957691e+00 -4.72989400e-01]","[  1.51676498   0.05662077 -27.80506251  44.17374506  -1.29058307
   0.22562172]","[-1.17249384e+01  8.31025975e-02 -1.90219241e+01 -2.21030887e+02
 -1.33711466e+00  3.53221528e-02]","[ 2.70994278e-01  2.59845326e-03 -6.06591782e+02  1.66382902e+02
 -1.13426373e+00  1.26000629e-01]",007,RP
214,2,0.7790138640957978,1,"[-3.58459331e-01  2.32753731e-02 -6.01084968e+01 -1.95464516e+01
 -5.61916657e-01 -1.00319584e+00]","[-7.09050053e-01  1.54877782e-02  1.00122591e+02  7.29919286e+01
 -1.12093002e+00  4.84569926e-01]","[-10.41998766   0.78051509   2.0221404   23.070678    -1.30189657
  -0.14703745]","[-1.20865109e+01  3.10392285e+00 -5.09383148e-01 -4.15666497e+00
 -1.31736072e+00 -9.18067428e-03]","[-3.10853311e-01  2.53898950e-02 -6.17795084e+01 -1.72043647e+01
 -1.26697769e+00 -3.04158219e-01]","[ 1.48474290e+00  4.69653814e-02 -3.33328217e+01  5.14906701e+01
 -1.24553633e+00  3.40587517e-01]","[-1.17743209e+01  7.79029453e-02 -2.02492093e+01 -2.36420689e+02
 -1.32436812e+00  1.59675802e-01]","[ 2.69051652e-01  2.93078092e-03 -5.31886858e+02  1.45105038e+02
 -1.03084416e+00 -4.15018983e-01]",007,RP
215,2,0.7790362337413791,1,"[ -0.37919151   0.04373623 -34.310267   -11.01016211  -0.89087548
  -0.75132775]","[-6.97373481e-01  2.12258380e-02  7.33290054e+01  5.31377037e+01
 -1.15574143e+00  4.37053799e-01]",[-9.96033054  0.69272587  2.27397328 24.64952547 -1.28517396 -0.21259945],"[-14.0136567    3.0686712   -0.51515837  -5.21925252  -1.31586153
   0.04379545]","[-3.27881047e-01  2.98381965e-02 -5.28348478e+01 -1.53235452e+01
 -1.30555942e+00 -1.85267015e-01]","[ 1.45934001e+00  3.55805154e-02 -4.34656831e+01  6.54312106e+01
 -1.15320240e+00  4.97424719e-01]","[-1.18183648e+01  6.65839903e-02 -2.35311772e+01 -2.76100037e+02
 -1.27578653e+00  3.18651783e-01]","[ 2.66551679e-01  4.37198202e-03 -3.49143233e+02  9.50647151e+01
 -9.24511319e-01 -6.58585218e-01]",007,RP
216,2,0.7790729111787795,1,"[ -0.41512388   0.07005025 -21.86548641  -7.07688563  -1.03129395
  -0.60591978]","[-6.81722091e-01  2.81243231e-02  5.55175380e+01  3.98475321e+01
 -1.18681349e+00  3.91497160e-01]",[-9.5617736   0.58589722  2.679624   27.62195798 -1.25761611 -0.29131042],"[-15.88632914   2.92847166  -0.53948831  -6.57048893  -1.31000274
   0.0976036 ]","[-3.47198724e-01  3.26461156e-02 -4.83979377e+01 -1.48037022e+01
 -1.32368327e+00 -8.81700586e-02]","[ 1.44132771e+00  2.35598653e-02 -6.35823619e+01  9.36430201e+01
 -9.41661742e-01  7.33347333e-01]","[-1.18532500e+01  4.97938773e-02 -3.07803200e+01 -3.62846829e+02
 -1.13467402e+00  5.59570293e-01]","[ 2.62816328e-01  6.97973147e-03 -2.18325188e+02  5.93794242e+01
 -9.58027663e-01 -6.60296265e-01]",007,RP
217,2,0.7790933495570944,1,"[ -0.46973411   0.10255444 -15.08566849  -5.08625303  -1.11231748
  -0.50800495]","[-6.61422946e-01  3.60712711e-02  4.34075477e+01  3.07107480e+01
 -1.21500179e+00  3.45724423e-01]",[-9.23441696  0.46642879  3.34547166 32.8934802  -1.20883732 -0.3935632 ],"[-17.64309374   2.69530015  -0.58549435  -8.32993163  -1.29893224
   0.1532688 ]","[-3.67692722e-01  3.35920033e-02 -4.70653465e+01 -1.53055853e+01
 -1.32927177e+00  1.06645392e-03]","[ 1.43075080e+00  1.23996968e-02 -1.06152547e+02  1.53877842e+02
 -4.40160154e-01  1.06316232e+00]","[-1.18752305e+01  2.93367159e-02 -4.58894574e+01 -5.42947886e+02
 -6.55841985e-01  9.18275413e-01]","[ 2.57106635e-01  1.07762507e-02 -1.42423296e+02  3.86179744e+01
 -1.03508633e+00 -5.91953185e-01]",007,RP
218,2,0.7790933495570944,1,"[ -0.54655309   0.14081117 -11.0583016   -4.04394887  -1.17044206
  -0.4286408 ]",[-0.63593341  0.04477583 35.05635643 24.29350827 -1.24088482  0.29859492],[-8.9841762   0.34148922  4.51176691 42.53450887 -1.11376472 -0.53900023],"[-19.23231977   2.38844147  -0.65956785 -10.68501974  -1.28204421
   0.21158851]","[-3.88169778e-01  3.25956562e-02 -4.84710500e+01 -1.68149967e+01
 -1.32356763e+00  9.06109124e-02]","[ 1.42682530e+00  5.33787935e-03 -1.28680039e+01  2.03603935e+01
 -1.66273238e+00  2.51346310e-01]","[-1.18805479e+01  1.93086750e-02  1.71020408e+01  2.05181615e+02
 -1.45614919e+00  4.03204975e-01]","[ 2.48678950e-01  1.57252263e-02 -9.83509063e+01  2.64578001e+01
 -1.10668446e+00 -5.12513429e-01]",007,RP
219,2,0.7836460907107675,1,[-0.64846353  0.1831837  -8.54139268 -3.53878162 -1.2167744  -0.35604928],[-0.60496632  0.05373885 29.27440267 19.71002772 -1.26478048  0.24877929],[-8.81270288  0.21907041  6.79367295 61.8706211  -0.89554967 -0.77048949],"[-20.61492778   2.0313971   -0.77350274 -13.94570312  -1.25852569
   0.27534602]","[-4.07446473e-01  2.97499989e-02 -5.29878804e+01 -1.95897250e+01
 -1.30454726e+00  1.87568271e-01]","[ 1.42791129e+00  7.18859545e-03  1.99453152e+02 -2.82801409e+02
 -1.11861556e+00  6.32448904e-01]","[-1.18652480e+01  4.56952545e-02  2.98984534e+01  3.56752564e+02
 -5.04713233e-01  1.03530957e+00]","[ 2.36844152e-01  2.17019660e-02 -7.17046297e+01  1.89828222e+01
 -1.16322943e+00 -4.37628764e-01]",007,RP
220,2,0.7836460907107675,1,[-0.7769372   0.22674222 -6.92657248 -3.38151184 -1.25451837 -0.2854412 ],[-0.5686156   0.06225078 25.3204106  16.39758036 -1.28619507  0.19515379],"[ -8.71766367   0.11029918  11.30709853 100.571482    -0.38596162
  -1.06662872]","[-21.76483261   1.6465818   -0.95030582 -18.68324703  -1.22441883
   0.3530577 ]","[-4.24442367e-01  2.53154180e-02 -6.19684243e+01 -2.43020247e+01
 -1.26540869e+00  3.02759937e-01]","[ 1.43159813e+00  8.79962523e-03  1.78218860e+02 -2.53137787e+02
 -1.56754567e+00 -3.28866133e-02]","[-1.18250736e+01  8.66675636e-02  1.72974297e+01  2.06543379e+02
 -9.05766502e-01  7.47851910e-01]","[ 2.21025457e-01  2.84889882e-02 -5.48756923e+01  1.41289250e+01
 -1.20612872e+00 -3.70197779e-01]",007,RP
221,2,0.7754728924674603,1,[-0.93135074  0.26751968 -5.88780762 -3.48361399 -1.28422402 -0.21510051],[-0.52745666  0.06945023 22.73097343 13.98960325 -1.30389658  0.13725568],"[-8.69347079e+00  6.29171608e-02 -8.09937596e+00 -6.84116884e+01
 -1.35297141e+00 -3.97514745e-01]","[-22.66681632   1.25057756  -1.24078533 -26.12465325  -1.16387353
   0.46568044]","[-4.38257145e-01  1.96766325e-02 -7.88581867e+01 -3.25601638e+01
 -1.18422384e+00  4.58947069e-01]","[ 1.43492419e+00  6.73587270e-03  1.97927494e+02 -2.82010950e+02
 -1.00271079e+00 -6.26780961e-01]","[-11.75562254   0.13606016  11.29655456 134.79803146  -1.07438862
   0.56922363]","[ 2.00809295e-01  3.57874994e-02 -4.38346450e+01  1.08024042e+01
 -1.23818560e+00 -3.09908264e-01]",007,RP
222,2,0.7754728924674603,1,[-1.10854761  0.30109131 -5.24218932 -3.81121643 -1.30582984 -0.14448416],[-0.48259268  0.07444858 21.2274489  12.24421152 -1.31649524  0.07509686],"[ -8.73241111   0.12417663 -11.62311005 -99.49777538  -0.83520902
  -0.83119597]","[-23.31242405   0.85358543  -1.7754143  -39.38921112  -1.01621864
   0.66166559]","[-4.48216246e-01  1.33097138e-02 -1.12828057e+02 -4.85713681e+01
 -9.79624966e-01  7.07308374e-01]","[ 1.43471353e+00  7.13718890e-03 -8.31187521e+01  1.21251598e+02
 -8.95972866e-01 -7.05005965e-01]","[-11.65286748   0.1919741    8.09613783  96.34322125  -1.16307616
   0.45039342]","[  0.17598326   0.04324531 -36.36691737   8.39996864  -1.26169994
  -0.25605886]",007,RP
223,2,0.7754728924674603,1,[-1.30278082  0.32332416 -4.88788825 -4.36784708 -1.31933186 -0.07313595],"[-4.35621404e-01  7.64903682e-02  2.06700148e+01  1.10043009e+01
 -1.32276241e+00  8.57874100e-03]","[ -8.82592165   0.19676575  -7.84659867 -67.25346508  -1.16140635
  -0.50559732]","[-23.69534344   0.47193112  -2.84220296 -65.34697521  -0.56500786
   0.98264418]","[-4.53880320e-01  6.99748908e-03 -1.77102977e+02 -7.83835560e+01
 -4.56184681e-01  1.00929270e+00]","[ 1.42797461e+00  1.81145058e-02 -7.55810497e+01  1.09927820e+02
 -5.01153038e-01 -1.04089828e+00]","[-11.5139647    0.25161574   6.21712427  73.5837494   -1.21978425
   0.35820729]","[  0.14655603   0.05049615 -31.20199442   6.57284037  -1.2785437
  -0.20805415]",007,RP
224,2,0.7961472256035191,1,"[-1.50609233e+00  3.31099593e-01 -4.77516238e+00 -5.19183544e+00
 -1.32465662e+00 -1.21494157e-04]",[-0.38850944  0.07510643 21.04405683 10.17581477 -1.32137013 -0.06294698],"[ -8.96570793   0.26056127  -6.01176949 -51.89976935  -1.24893956
  -0.33059685]","[-23.80809967   0.26218223   0.72426272  19.24331897  -1.64775492
   0.29525376]","[-4.55027239e-01  4.73187079e-03  1.30109679e+02  6.12034482e+01
 -1.11366021e+00  5.41477684e-01]","[ 1.41229695e+00  3.37603299e-02 -4.44703786e+01  6.48053800e+01
 -9.36605579e-01 -7.30033294e-01]","[-11.33816673   0.31081279   5.05466005  59.31057844  -1.26015099
   0.27798835]","[  0.11275694   0.05719689 -27.582567     5.11012585  -1.29034848
  -0.16524187]",007,RP
225,2,0.7969145090692278,1,[-1.70907894  0.32284204 -4.8949434  -6.36584468 -1.32126345  0.07628146],[-0.34338571  0.07022145 22.47848925  9.71879196 -1.31043131 -0.14089165],"[ -9.14451879   0.31513571  -4.9944929  -43.67223422  -1.27691772
  -0.23490301]","[-23.6413273    0.55327504   2.48749553  60.80769604  -0.59213013
   0.98025325]","[-4.51623408e-01  1.00117323e-02  1.43144144e+02  6.66472462e+01
 -7.62472888e-01  8.79203043e-01]","[  1.38617949   0.0512465  -30.13568854  43.77347337  -1.13515907
  -0.51474913]","[-11.12763448   0.36422499   4.32634444  50.14197952  -1.28986847
   0.20260877]","[  0.07501776   0.06305089 -25.04447755   3.8787807   -1.29849384
  -0.12676433]",007,RP
226,2,0.7969145090692278,1,[-1.90189414  0.29875479 -5.28107145 -8.04403883 -1.30760594  0.15908751],[-0.30229435  0.06218713 25.31473094  9.65250019 -1.28697479 -0.22798812],"[ -9.35656317   0.36235969  -4.35207694 -38.72048283  -1.28683036
  -0.17921634]","[-23.18564396   0.98946309   1.531937    37.51894592  -1.00877409
   0.66473485]","[-4.43798253e-01  1.64643036e-02  9.31999054e+01  4.33619552e+01
 -1.10571952e+00  5.66745895e-01]","[  1.34922867   0.06849678 -22.82556544  32.79690741  -1.23333175
  -0.36187753]","[-10.88794306   0.40597139   3.88928405  44.34630327  -1.31085018
   0.12819903]","[  0.0339425    0.06781656 -23.29897722   2.7908256   -1.30399463
  -0.0916263 ]",007,RP
227,2,0.7969145090692278,1,"[ -2.07529003   0.26073607  -6.03121831 -10.5165272   -1.27984677
   0.25387884]",[-0.26696208  0.05172414 30.28787355 10.08571379 -1.24532464 -0.33011436],"[ -9.59766325   0.40453471  -3.90179917 -35.44815448  -1.28994772
  -0.14646728]","[-22.43513054   1.45117141   1.06868886  25.97617417  -1.16146935
   0.47148627]","[-4.31826535e-01  2.26226136e-02  6.90083089e+01  3.17996189e+01
 -1.22179886e+00  3.84011353e-01]","[  1.30219657   0.08362483 -18.81257256  26.49766741  -1.28507565
  -0.24376223]","[-10.62810159   0.43056315   3.67122714  41.01817501  -1.32333524
   0.05231139]","[-9.73026271e-03  7.13115022e-02 -2.21658966e+01  1.78432000e+00
 -1.30743424e+00 -5.89549772e-02]",007,RP
228,2,0.8446935018336653,1,"[ -2.22151246   0.21201453  -7.36952858 -14.37149958  -1.22800623
   0.37193952]",[-0.2386282   0.03978435 39.01398023 11.3098358  -1.17115784 -0.46084702],"[ -9.86522571   0.44399686  -3.55646252 -33.08530549  -1.29024241
  -0.12837431]","[-21.39109153   1.90974142   0.81945705  19.52908083  -1.22996949
   0.34984634]","[-4.16116927e-01  2.81109038e-02  5.59074602e+01  2.52640405e+01
 -1.27061767e+00  2.68475030e-01]","[  1.24687046   0.09508381 -16.59842793  22.69608949  -1.31185751
  -0.14627374]","[-1.03599943e+01  4.33931098e-01  3.64329678e+00  3.97445339e+01
 -1.32666606e+00 -2.71820502e-02]","[ -0.05517048   0.07342109 -21.53365805   0.81197772  -1.30908286
  -0.02824419]",007,RP
229,2,0.8579856794730383,1,"[ -2.33490194   0.15664627  -9.83177705 -20.95623535  -1.12250469
   0.53825382]","[-2.17966968e-01  2.73924390e-02  5.54490046e+01  1.40860514e+01
 -1.01960447e+00 -6.52232949e-01]","[-10.15803277   0.48282014  -3.27108617 -31.22780048  -1.28996292
  -0.1193401 ]","[-20.0649575    2.34315849   0.67092375  15.46205661  -1.26620158
   0.26347539]","[-3.97205176e-01  3.26890689e-02  4.82311374e+01  2.11576574e+01
 -1.29498754e+00  1.85376984e-01]","[  1.18584841   0.10180973 -15.52462316  20.40984973  -1.32374069
  -0.06103776]","[-10.09729165   0.41425138   3.81254754  40.4964045   -1.3192895
  -0.11318729]","[-1.01502126e-01  7.41074494e-02 -2.13356035e+01 -1.65609111e-01
 -1.30917707e+00  7.03371937e-04]",007,RP
230,2,0.8669107917724042,1,"[ -2.41212969   0.09928728 -14.83151417 -33.77553572  -0.85906568
   0.80671156]","[-2.05108344e-01  1.56246243e-02  8.97967456e+01  2.04180618e+01
 -6.36762220e-01 -9.58160866e-01]","[-10.475818     0.52230978  -3.02407925 -29.67970387  -1.29070902
  -0.11392053]","[-18.47964715   2.7314211    0.57703313  12.66336856  -1.28711036
   0.19671089]","[-3.75749407e-01  3.61553081e-02  4.36806330e+01  1.84129719e+01
 -1.30861156e+00  1.18316350e-01]","[ 1.12225539e+00  1.03248231e-01 -1.53126060e+01  1.91846546e+01
 -1.32577645e+00  1.86511851e-02]",[-9.85403776  0.37229325  4.23091813 43.69162698 -1.29771494 -0.21112871],"[ -0.14784571   0.07340579 -21.53819082  -1.18432904  -1.30808478
   0.0281719 ]",007,RP
231,2,0.8883745753177485,1,"[-2.45210109e+00  4.78648900e-02 -2.25025413e+01 -5.31785060e+01
 -4.21832288e-01  9.80665377e-01]","[-1.99737797e-01  6.91845580e-03  7.62506326e+01  1.72301334e+01
 -1.18768054e+00 -5.26863196e-01]","[-10.81862091   0.56243902  -2.80865406 -28.38576358  -1.29322325
  -0.10698321]","[-16.66927424   3.05730523   0.51631558  10.60660595  -1.29973261
   0.14174046]","[-3.52518837e-01  3.83347432e-02  4.12328476e+01  1.65353555e+01
 -1.31617558e+00  5.85110523e-02]","[  1.05946989   0.09926426 -15.91434618  18.86077062  -1.31969664
   0.10037664]",[-9.64321843  0.31120092  5.0325415  50.52989696 -1.25263447 -0.33252673],"[ -0.19335397   0.07140416 -22.13802978  -2.28047595  -1.30612989
   0.05486854]",007,RP
232,2,0.8883745753177485,1,"[-2.45563806e+00  4.06726166e-02  2.32515621e+01  5.90974208e+01
 -6.46034733e-01  7.97606703e-01]","[-2.01235603e-01  9.83489091e-03 -1.30894715e+02 -2.43406770e+01
 -5.59872042e-01 -9.55187702e-01]","[-11.18595855   0.60155419  -2.62653001 -27.3802558   -1.29738887
  -0.0948692 ]","[-14.67763721   3.30689824   0.47778406   9.01274111  -1.30737344
   0.09398257]","[-3.28363303e-01  3.91062870e-02  4.04306066e+01  1.52759275e+01
 -1.31852998e+00  1.63246340e-03]","[  1.00091167   0.09000266 -17.51045148  19.52641522  -1.30288775
   0.19529257]",[-9.47559014  0.23592733  6.54916029 64.05715867 -1.15485636 -0.50341232],"[ -0.23724117   0.06822147 -23.16399271  -3.49545275  -1.30328565
   0.08175267]",007,RP
233,2,0.8883745753177485,1,[-2.42507398  0.08175194 18.06509412 45.80918976 -0.91625433  0.7702021 ],"[-2.08809439e-01  1.76246912e-02 -8.62186977e+01 -1.60032779e+01
 -1.06912251e+00 -6.26541901e-01]","[-11.5759058    0.63647363  -2.48306871 -26.74376946  -1.30266229
  -0.07564302]","[-12.55625152   3.46958801   0.45561312   7.72079291  -1.31171589
   0.0503501 ]","[-3.04157975e-01  3.84555485e-02  4.11054935e+01  1.45025637e+01
 -1.31533374e+00 -5.31765658e-02]","[  0.94989648   0.07579416 -20.67182703  21.63609564  -1.26266104
   0.3229816 ]",[-9.35893706  0.15305149  9.66340776 92.43922502 -0.89731947 -0.77984121],"[ -0.27880874   0.06400308 -24.6802133   -4.88105909  -1.29916527
   0.10943645]",007,RP
234,2,0.8883745753177485,1,[-2.36386752  0.12461826 12.42793264 31.37798634 -1.17965846  0.47595786],"[-2.21585882e-01  2.47830848e-02 -6.29471485e+01 -1.19481994e+01
 -1.22789511e+00 -3.90286831e-01]","[-11.984249     0.66285841  -2.38486615 -26.58082979  -1.30832852
  -0.04829628]","[-1.03625074e+01  3.53770816e+00  4.46928908e-01  6.63130411e+00
 -1.31367441e+00  8.28422238e-03]","[-2.80728697e-01  3.65198517e-02  4.32562329e+01  1.41432659e+01
 -1.30690239e+00 -1.04461032e-01]","[  0.90952878   0.05721075 -26.92882722  26.49254337  -1.1527632
   0.52342251]","[-9.29777624e+00  7.53755698e-02  1.43111862e+01  1.35062207e+02
 -4.51489092e-01 -9.57122142e-01]","[ -0.31747064   0.05893576 -26.78718107  -6.5041436   -1.29338002
   0.13770595]",007,RP
235,2,0.9287634831397344,1,[-2.27629644  0.16167531  9.70113143 24.08265092 -1.26410478  0.30643163],"[-2.38649142e-01  3.06882491e-02 -5.12448954e+01 -1.02295503e+01
 -1.28251957e+00 -2.52309409e-01]","[-1.24039153e+01  6.75738345e-01 -2.33980440e+00 -2.70227356e+01
 -1.31332120e+00 -1.19896587e-02]",[-8.157991    3.50613351  0.45091139  5.6785311  -1.31350623 -0.03479201],"[-2.58770954e-01  3.35875932e-02  4.69891581e+01  1.41594293e+01
 -1.29475834e+00 -1.49879256e-01]","[ 8.82590153e-01  3.55754133e-02 -4.02020061e+01  3.74818947e+01
 -7.90203500e-01  8.61388144e-01]","[-9.29339779e+00  6.64814106e-02 -1.42024535e+01 -1.29989050e+02
 -6.25640396e-01 -8.14950462e-01]","[ -0.35277967   0.05326075 -29.6212793   -8.44978528  -1.28593599
   0.16558197]",007,RP
236,2,0.9287634831397344,1,[-2.16724001  0.1911111   8.24642308 19.87197807 -1.29747234  0.19682107],"[-2.59036870e-01  3.51336567e-02 -4.49109066e+01 -9.63358068e+00
 -1.30742317e+00 -1.55960348e-01]","[-12.82483761   0.67022594  -2.35883101 -28.25162459  -1.31596679
   0.03419033]",[-6.00660981  3.37245386  0.46857702  4.81455933 -1.31062708 -0.08153171],"[-2.38780526e-01  3.00451253e-02  5.24771125e+01  1.45305125e+01
 -1.28109978e+00 -1.87002682e-01]","[ 8.71391260e-01  1.76713285e-02 -2.66312350e+01  2.52062254e+01
 -1.37471668e+00  3.98762076e-01]","[  -9.34408926    0.13493253  -10.91686961 -100.00820408   -0.8995523
   -0.78300489]","[ -0.38444945   0.04726107 -33.35643481 -10.82386307  -1.27735595
   0.19189752]",007,RP
237,2,0.8377227864122423,1,[-2.04200521  0.21208656  7.44660213 17.20600032 -1.3120827   0.11624304],"[-2.81717762e-01  3.79309953e-02 -4.16626337e+01 -9.73710390e+00
 -1.32010644e+00 -7.61671929e-02]","[-13.23434279   0.6424494   -2.45934828 -30.54785819  -1.31388796
   0.09139631]",[-3.9721428   3.13825536  0.50307353  3.99827992 -1.30353744 -0.13453259],"[-2.21012262e-01  2.63039752e-02  5.98922179e+01  1.52369146e+01
 -1.26817339e+00 -2.12773463e-01]","[ 8.77590264e-01  2.97020076e-02  4.26808753e+01 -3.54563207e+01
 -4.52290723e-01  1.02775424e+00]","[ -9.44547388   0.2070405   -7.47384665 -68.5940233   -1.17482304
  -0.48466014]","[ -0.41236206   0.04122084 -38.21397477 -13.75799332  -1.2684056
   0.21607165]",007,RP
238,2,0.8377227864122423,1,[-1.90613912  0.22423763  7.04946021 15.43725188 -1.31773129  0.05073722],"[-3.05581573e-01  3.89123413e-02 -4.06311977e+01 -1.04161453e+01
 -1.32450472e+00 -1.58601967e-03]","[-13.61806782   0.59051696  -2.67167652 -34.38307199  -1.30380272
   0.16172319]",[-2.11513677  2.8109338   0.5606995   3.18595614 -1.28983384 -0.19672112],"[-2.05471745e-01  2.27493031e-02  6.92311519e+01  1.62250456e+01
 -1.25830161e+00 -2.21623803e-01]","[  0.90201591   0.05637455  26.63575014 -22.02587033  -0.97111004
   0.71201527]","[ -9.59097214   0.26940912  -5.82090268 -53.82811547  -1.26541936
  -0.30839612]","[-4.36554360e-01  3.53771149e-02 -4.44894486e+01 -1.74220628e+01
 -1.25955201e+00  2.38649601e-01]",007,RP
239,2,0.8377227864122423,1,"[-1.76521074e+00  2.27632684e-01  6.94579039e+00  1.42607838e+01
 -1.31787422e+00 -6.55620630e-03]","[-3.29466255e-01  3.80045649e-02 -4.15834135e+01 -1.17003315e+01
 -1.32070945e+00  7.32466505e-02]","[-13.96128443   0.51515027  -3.05315143 -40.62591555  -1.2803754
   0.25000504]",[-0.48954452  2.40443887  0.6535188   2.31992654 -1.2655129  -0.27304878],"[-1.91933683e-01  1.97210170e-02  7.99119250e+01  1.73377901e+01
 -1.25420502e+00 -2.03893640e-01]","[  0.94454247   0.08390321  18.4741978  -15.44966443  -1.17188533
   0.47231522]","[ -9.77239138   0.31830815  -4.95157575 -46.3887362   -1.29988435
  -0.19359586]","[-4.57184537e-01  2.98890622e-02 -5.26097762e+01 -2.20523762e+01
 -1.25055021e+00  2.61353132e-01]",007,RP
240,2,0.8377227864122423,1,[-1.62457942  0.22277667  7.09520682 13.52672694 -1.31398342 -0.05954385],"[-3.52231840e-01  3.53023542e-02 -4.47020555e+01 -1.37454872e+01
 -1.30734296e+00  1.51228489e-01]","[-14.25040275   0.41977465  -3.72301989 -51.05453282  -1.23177317
   0.36763951]",[ 0.86026008  1.93806136  0.80616089  1.30649197 -1.22133683 -0.37434308],"[-1.79981033e-01  1.75044062e-02  9.01668748e+01  1.82283273e+01
 -1.25743832e+00 -1.49294032e-01]","[  1.00404909   0.10930595  14.33680661 -12.39485762  -1.25165797
   0.32356042]","[ -9.98061691   0.35242955  -4.4816472  -42.72960384  -1.31282031
  -0.11148156]","[-4.74487102e-01  2.48342948e-02 -6.32449452e+01 -2.80089108e+01
 -1.24037927e+00  2.86961483e-01]",007,RP
241,2,0.8377227864122423,1,[-1.48917058  0.2105576   7.50159518 13.17115482 -1.30661294 -0.11125935],"[-3.72870664e-01  3.11059110e-02 -5.05994472e+01 -1.68670495e+01
 -1.28214972e+00  2.33828185e-01]","[-14.47441983   0.31027717  -4.96110239 -69.80907883  -1.1238179
   0.54098687]",[ 1.9016699   1.43454715  1.07520423 -0.04468351 -1.12957372 -0.52535737],"[-1.69063568e-01  1.62979140e-02  9.69790163e+01  1.83956185e+01
 -1.26464605e+00 -6.01545010e-02]","[  1.07847191   0.13087326  12.03273769 -10.97696955  -1.28905893
   0.21946703]","[-10.2063627    0.37201321  -4.24927294 -41.36962088  -1.31601011
  -0.0490864 ]","[-4.88727012e-01  2.02236391e-02 -7.75345940e+01 -3.58932504e+01
 -1.22705733e+00  3.19820806e-01]",007,RP
242,0,1.0186038149260357,0,[-1.33041851  0.24711057  6.30930317 10.39401371 -0.97000685  0.37323275],"[-3.92285068e-01  2.83655745e-02 -5.56318458e+01 -1.98235424e+01
 -1.19065913e+00  1.07780678e-01]","[-14.35903873   0.54274033   1.29576696  20.60596791  -0.27057574
   1.13854361]",[ 1.38450371  2.47313417 -0.27975069  2.38731587 -0.28994175 -1.12291707],[-0.13824151  0.05818324 22.55862399  5.11853828  0.0696566   1.36250482],[ 1.25671564  0.32921046  4.26343438 -3.35792466 -0.1840708   1.1714879 ],"[-10.65303174   0.78826577  -1.81650254 -17.35125917  -0.27994949
  -1.08408186]","[-4.98070782e-01  1.36682654e-02 -1.06103525e+02 -5.08470658e+01
 -1.04408497e+00  6.25631438e-01]",007,RP
243,0,1.0186038149260357,0,[-1.20883753  0.21753079  6.94736874 10.39824003 -1.53916396 -0.03448411],"[-4.05974726e-01  2.12363631e-02 -7.06146596e+01 -2.66677671e+01
 -1.26617499e+00  3.80664088e-01]","[-14.13374025   0.75567496   1.74289514  26.63362719  -1.72816143
   0.41354421]",[ 0.36578991  3.43912335 -0.38166728  2.13961004 -1.72753001 -0.40990128],[-0.10654085  0.07203733 20.19944204  4.15206573 -1.77851554  0.39727022],[ 1.41729513  0.36002714  4.07503767 -3.77553105 -1.77336986  0.30665069],"[-11.05475095   0.85785875  -1.72748403 -17.09690575  -1.76735138
  -0.28843769]","[-5.02570759e-01  7.55496389e-03 -9.47193658e+01 -4.56031835e+01
 -9.33942922e-01  3.81935111e-01]",007,RP
244,0,1.0186038149260357,0,[-1.1249406   0.16077527  7.76777085 10.73828083 -1.39175685 -0.48412408],"[-4.14069728e-01  1.31664726e-02 -8.47848398e+01 -3.31068355e+01
 -9.65537282e-01  5.63556271e-01]","[-13.81344955   0.86613169   1.69947921  25.47567031  -1.76142991
  -0.29011774]",[-1.07358114  3.92967975 -0.37363976  1.5988674  -1.76477687  0.29758094],[-0.07373298  0.07400247 19.93955568  3.47020276 -1.78078784 -0.34676315],[ 1.55071561  0.31846879  4.16608473 -4.46041264 -1.74070477 -0.41713066],"[-11.39573735   0.76644359  -1.79349476 -18.43819523  -1.74900202
   0.4416405 ]","[-5.02682551e-01  7.35159269e-03  1.50845555e+02  7.78274286e+01
 -9.75878117e-01  3.28124039e-01]",007,RP
245,0,1.0186038149260357,0,[-1.07768885  0.10237576  3.64185339  5.9247848  -0.86854284 -0.60886305],"[-4.16810621e-01  8.67938053e-03  4.22646604e+01  1.96163593e+01
 -1.56108119e+00 -1.45189635e-01]","[-13.41494672   0.80976643   1.76355408  25.65798401  -0.26586044
  -1.09686143]",[-2.84538612  3.64325872 -0.38858261  0.89433244 -0.22483897  1.13657115],[-0.03971865  0.06343767 21.83015925  2.86706436 -0.11377727 -1.21786677],[ 1.64809002  0.22968756  3.27245913 -3.39330723 -0.17680748 -1.20429433],"[-11.66101317   0.553301    -1.7095722  -17.93534398   0.12796404
   1.4153996 ]","[-4.98846047e-01  1.12914357e-02  1.39024823e+02  7.13519835e+01
 -1.32821529e+00  2.63370831e-01]",007,RP
246,0,1.0186038149260357,0,"[ -1.06471412   0.07907252 -19.9561993  -19.24764715  -1.31578163
  -0.15112365]","[-4.14484282e-01  1.22182732e-02  1.27800945e+02  5.49714829e+01
 -1.18913587e+00  3.90035015e-01]","[-1.29555572e+01  3.78830436e-01  4.17323727e+00  5.60666140e+01
 -1.30006754e+00 -3.88083032e-02]",[-4.8590503   1.5647386  -1.00878606 -2.90174223 -1.29277517  0.14418352],"[-4.51348318e-03  2.50515431e-02  6.31148591e+01  2.28486785e+00
 -1.29699137e+00  1.02085532e-02]","[  1.70161182   0.12042961 -12.73619358  23.67205758  -1.09217379
  -0.57492106]","[-11.83684255   0.17552787   8.42518491 101.72758727  -0.86651919
   0.79692642]","[-4.91485677e-01  1.29575110e-02  1.21917820e+02  6.19208621e+01
 -1.30399818e+00  1.03544602e-01]",007,RP
247,0,1.0186038149260357,0,"[ -1.11548352   0.08494404 -18.60715287 -18.75597234  -1.32194907
  -0.06128355]","[-4.05703356e-01  1.56032640e-02  1.00391211e+02  4.27290511e+01
 -1.22210284e+00  3.37630987e-01]","[-1.27188599e+01  3.69434893e-01  4.27939332e+00  5.64290041e+01
 -1.29689046e+00 -3.80175312e-02]",[-5.79592172  1.41004551 -1.11874752 -4.48417306 -1.28213371  0.16984699],"[ 1.14550753e-02  2.53205047e-02  6.24427995e+01  1.28471303e+00
 -1.29576406e+00  2.06993192e-02]",[ 1.61324168  0.16685448 -9.34534958 17.07630743 -1.20947166 -0.40165195],"[-11.69914435   0.27698236   5.5563967   67.0050871   -1.10989358
   0.54771996]","[-4.83102431e-01  1.37462372e-02  1.14976454e+02  5.75454045e+01
 -1.30434901e+00  7.08259149e-02]",007,RP
248,0,1.0186038149260357,0,"[-1.16891984e+00  8.67200975e-02 -1.82321371e+01 -1.93119067e+01
 -1.31786334e+00  3.64163189e-03]","[-3.94767221e-01  1.91826311e-02  8.18920594e+01  3.43283007e+01
 -1.25234459e+00  2.81504435e-01]","[-1.24870571e+01  3.61656395e-01  4.37167167e+00  5.65893136e+01
 -1.29424537e+00 -2.71604228e-02]",[-6.6387899   1.25504298 -1.25657469 -6.34213533 -1.27304131  0.18019497],"[ 2.76554432e-02  2.57724682e-02  6.13449191e+01  3.03479073e-01
 -1.29568902e+00  3.18884426e-02]",[ 1.49666135  0.20947987 -7.49691428 13.22034183 -1.26532169 -0.28392334],"[-11.49660086   0.37887355   4.11890811  49.35344248  -1.21315017
   0.39137122]","[-4.74264384e-01  1.43291423e-02  1.10321480e+02  5.43215485e+01
 -1.30252701e+00  5.06578985e-02]",007,RP
249,0,1.0068368066174376,0,"[ -1.22270666   0.08528859 -18.5346287  -20.66241388  -1.31058837
   0.05050377]","[-3.81656034e-01  2.26667145e-02  6.94742639e+01  2.85152720e+01
 -1.27849170e+00  2.22041091e-01]","[-1.22584124e+01  3.57842542e-01  4.41849220e+00  5.61636994e+01
 -1.29166378e+00 -6.25585728e-03]",[-7.3938091   1.11835203 -1.41074033 -8.4307447  -1.26724576  0.16570672],"[ 4.41726975e-02  2.63749572e-02  5.99414940e+01 -6.47777480e-01
 -1.29786578e+00  3.83390380e-02]",[ 1.35540722  0.24531359 -6.42527075 10.70885837 -1.29556805 -0.19327951],"[-11.23218241   0.47342826   3.31782649  39.26643232  -1.26578423
   0.28025125]","[-4.65073350e-01  1.47926567e-02  1.06871940e+02  5.17032912e+01
 -1.29973587e+00  4.17162417e-02]",007,RP
250,0,1.0068368066174376,0,"[ -1.27503885   0.0815535  -19.37604669 -22.7052123   -1.30403849
   0.08609799]","[-3.66550862e-01  2.56958890e-02  6.14040322e+01  2.45077009e+01
 -1.30009178e+00  1.58973842e-01]","[-1.20297489e+01  3.60215677e-01  4.38918149e+00  5.48007511e+01
 -1.28857361e+00  2.38175191e-02]","[ -8.07866728   1.01836802  -1.55095719 -10.52966711  -1.26602009
   0.11474395]","[ 6.10348332e-02  2.69958783e-02  5.85641760e+01 -1.57445472e+00
 -1.30255158e+00  3.40107938e-02]",[ 1.19462714  0.27177514 -5.81108306  8.94207753 -1.31226994 -0.11672439],"[-10.91304708   0.55348398   2.84790555  33.07932736  -1.29549562
   0.19212075]","[-4.55574072e-01  1.52331583e-02  1.03780556e+02  4.92797305e+01
 -1.29643332e+00  4.30910855e-02]",007,RP
251,0,1.0068368066174376,0,"[ -1.32455202   0.07614375 -20.74117721 -25.4727681   -1.29931663
   0.1193878 ]","[-3.49869963e-01  2.78733556e-02  5.66852734e+01  2.18324745e+01
 -1.31682095e+00  9.04718633e-02]","[-11.79667091   0.37068778   4.2641856   52.30319421  -1.28519724
   0.05940709]","[ -8.72085788   0.9714071   -1.62744016 -12.19267431  -1.26668584
   0.02668673]","[ 7.81618188e-02  2.74068038e-02  5.76900428e+01 -2.50915867e+00
 -1.30859687e+00  1.49785160e-02]",[ 1.02081322  0.28693148 -5.50926339  7.62392887 -1.32019229 -0.04753926],"[-10.55041828   0.61269373   2.57768519  29.19565696  -1.31261927
   0.11588538]","[-4.45749619e-01  1.57512749e-02  1.00358480e+02  4.67347541e+01
 -1.29275581e+00  5.37995957e-02]",007,RP
252,0,1.0068368066174376,0,"[ -1.37014086   0.0692745  -22.77557183 -29.20574166  -1.2944599
   0.16154682]","[-3.32276361e-01  2.88089280e-02  5.48792116e+01  2.02350647e+01
 -1.32724937e+00  1.33667095e-02]","[-11.55407068   0.39023581   4.04898665  48.78227797  -1.28327531
   0.09257669]","[ -9.35438759   0.9870889   -1.60101852 -12.97654778  -1.26497404
  -0.07372659]","[ 9.53249588e-02  2.73252906e-02  5.78606769e+01 -3.51556664e+00
 -1.31383133e+00 -2.00294105e-02]",[ 0.84136591  0.28971339 -5.45722169  6.59152031 -1.3213289   0.01847988],"[-10.15899009   0.64603639   2.44692779  26.85831514  -1.32125242
   0.04510167]","[-4.35522591e-01  1.64443050e-02  9.61117154e+01  4.38588233e+01
 -1.28900887e+00  7.17590489e-02]",007,RP
253,0,1.0068368066174376,0,"[ -1.4107489    0.0608067  -25.89250343 -34.52782077  -1.28350401
   0.22585795]","[-3.14646753e-01  2.81862372e-02  5.60638185e+01  1.96402985e+01
 -1.32776071e+00 -7.65415016e-02]","[-11.29700578   0.41801436   3.77864754  44.68740308  -1.28513793
   0.11334854]","[-10.01472459   1.06338833  -1.48427116 -12.86456685  -1.26402959
  -0.1487966 ]","[ 1.12128638e-01  2.64731687e-02  5.96991097e+01 -4.69397986e+00
 -1.31564578e+00 -7.17023280e-02]",[ 0.66404755  0.28001993 -5.64298258  5.74720873 -1.31620682  0.08477074],"[-9.75591531e+00  6.50388597e-01  2.43083522e+00  2.57150225e+01
 -1.32265612e+00 -2.44563738e-02]","[-4.24763026e-01  1.73935435e-02  9.08412826e+01  4.05860181e+01
 -1.28576730e+00  9.30633950e-02]",007,RP
254,0,0.9594733343671372,0,"[ -1.44521007   0.0504475  -31.04759565 -42.87029781  -1.25201884
   0.33122084]","[-2.97997349e-01  2.58444849e-02  6.09951640e+01  2.01763972e+01
 -1.31151273e+00 -1.85481336e-01]","[-11.02189637   0.45071253   3.50440999  40.62524373  -1.29185078
   0.11467652]","[-10.73242938   1.18520165  -1.33069298 -12.28156845  -1.27100807
  -0.17851245]","[ 1.28019161e-01  2.46231366e-02  6.41011252e+01 -6.20617230e+00
 -1.31039979e+00 -1.43425742e-01]",[ 0.49640032  0.25869694 -6.09964391  5.02786521 -1.30403687  0.15507843],[-9.35945651  0.6250543   2.52757336 25.65671292 -1.31655607 -0.0960084 ],"[-4.13302156e-01  1.86502748e-02  8.46926454e+01  3.70036529e+01
 -1.28355675e+00  1.12934146e-01]",007,RP
255,0,0.8917277655750319,0,"[-1.47218559e+00  3.80054911e-02 -4.05809636e+01 -5.77427097e+01
 -1.15556366e+00  5.15211533e-01]","[-2.83376853e-01  2.18412362e-02  7.17184068e+01  2.23233364e+01
 -1.26442563e+00 -3.26109314e-01]","[-10.72789753   0.48257082   3.27411545  37.12437506  -1.30240133
   0.09453349]","[-11.52641102   1.32675807  -1.18909755 -11.70602716  -1.28695007
  -0.16560796]","[ 1.42316070e-01  2.16243956e-02  7.27400188e+01 -8.35207358e+00
 -1.28989099e+00 -2.45580041e-01]",[ 0.3452067   0.22740889 -6.92095421  4.38915975 -1.28209891  0.23462888],[-8.98742922  0.57204875  2.75707545 26.77902046 -1.30149603 -0.17282226],"[-4.00949909e-01  2.02293302e-02  7.80595269e+01  3.32979602e+01
 -1.28255414e+00  1.27816982e-01]",007,RP
256,0,0.8771834082568107,0,"[-1.49019588e+00  2.38197398e-02 -6.03962383e+01 -8.80022252e+01
 -8.15860052e-01  8.44337729e-01]","[-2.71746623e-01  1.64731933e-02  9.34911401e+01  2.74059016e+01
 -1.14571585e+00 -5.28833807e-01]","[-10.41815802   0.50606617   3.12356762  34.54182109  -1.31417397
   0.05377204]","[-12.39806726   1.45517437  -1.08526144 -11.45514431  -1.30731972
  -0.11996584]","[ 1.54258513e-01  1.74243065e-02  8.94173468e+01 -1.17933870e+01
 -1.22844771e+00 -4.03809413e-01]",[ 0.21605736  0.18843818 -8.31269422  3.79601876 -1.24354391  0.33235468],[-8.65564368  0.49593971  3.17020103 29.44013054 -1.27419901 -0.25965853],"[-3.87513897e-01  2.21132675e-02  7.13962366e+01  2.96670339e+01
 -1.28269380e+00  1.36422712e-01]",007,RP
257,0,0.8771834082568107,0,"[-1.49771998e+00  1.19326218e-02 -4.23178435e+01 -6.13802795e+01
 -1.34479679e+00  4.07361500e-01]","[-2.63870018e-01  1.03091887e-02  1.40109648e+02  3.89707353e+01
 -8.04864745e-01 -8.52275482e-01]","[-1.01005853e+01  5.13045219e-01  3.08170819e+00  3.31270564e+01
 -1.32343826e+00 -6.98091437e-03]","[-13.32738901   1.53399799  -1.03046765 -11.73344325  -1.32623569
  -0.04767075]","[ 1.63063804e-01  1.21366318e-02  1.24046962e+02 -1.82275695e+01
 -1.02667803e+00 -6.76115808e-01]","[  0.11306665   0.14446336 -10.73827225   3.21414045  -1.16991376
   0.46615841]",[-8.37661943  0.40318816  3.87725507 34.4782902  -1.2269158  -0.36552744],"[-3.72818326e-01  2.42596255e-02  6.50757731e+01  2.62614408e+01
 -1.28398346e+00  1.38919580e-01]",007,RP
258,0,0.8771834082568107,0,"[-1.49333422e+00  2.05091684e-02  6.10879917e+01  9.32247887e+01
 -4.05341825e-01  1.05483007e+00]","[-2.60233469e-01  4.89953883e-03  1.49077626e+02  4.07949879e+01
 -9.09980277e-01 -6.50035213e-01]",[-9.78783443  0.49611391  3.1846581  33.1709062  -1.32493399 -0.08969755],"[-14.27169965   1.5273667   -1.03482726 -12.76874387  -1.3366436
   0.05268709]","[ 1.67997506e-01  6.46679706e-03  1.81309629e+02 -2.84595654e+01
 -5.06596480e-01 -9.38193717e-01]","[  0.03874849   0.09844329 -15.36428251   2.59534269  -1.00216984
   0.67557285]",[-8.15883552  0.30116989  5.13008011 43.85547982 -1.13803544 -0.51025455],"[-3.56721949e-01  2.66025296e-02  5.93485139e+01  2.31709176e+01
 -1.28650649e+00  1.35701723e-01]",007,RP
259,0,0.8771834082568107,0,"[-1.47587888e+00  4.02522368e-02  3.70670664e+01  5.67065004e+01
 -9.15032254e-01  7.55273043e-01]","[-2.61013416e-01  6.45604639e-03 -1.85992260e+02 -4.65464752e+01
 -4.72614629e-01 -9.78150090e-01]",[-9.49643683  0.45011531  3.50019708 35.23940047 -1.30939677 -0.20180074],"[-15.16750882   1.40550914  -1.12106534 -15.00376838  -1.32486468
   0.19328805]","[ 1.68450208e-01  5.55641746e-03 -1.45981583e+02  2.65906280e+01
 -7.34679948e-01 -7.61311491e-01]","[-5.95707904e-03  5.42742011e-02 -2.49361333e+01  1.85145348e+00
 -5.50196354e-01  1.00067471e+00]",[-8.00663882  0.19745954  7.57692629 62.66571214 -0.93398778 -0.73945437],"[-3.39134512e-01  2.90496245e-02  5.43587613e+01  2.04349320e+01
 -1.29010622e+00  1.27073929e-01]",007,RP
260,0,0.8771834082568107,0,[-1.44464357  0.06203424 24.87430718 37.93450782 -1.12751953  0.52339445],"[-2.66084475e-01  1.22180050e-02 -1.22999974e+02 -3.07283836e+01
 -1.00336027e+00 -6.93139653e-01]",[-9.24516059  0.37349336  4.18345934 40.6767534  -1.25405564 -0.36270767],"[-15.93578758   1.15210291  -1.35068408 -19.52421466  -1.24929233
   0.40728522]","[ 1.64010638e-01  1.20494031e-02 -1.19716991e+02  2.16348601e+01
 -7.70800927e-01 -8.73444911e-01]",[-0.02153532  0.02631301 -1.63438988  1.96480288 -1.7138591   0.25727889],"[ -7.92073771   0.10195231  12.40867962 100.28589659  -0.42762478
  -1.04411621]","[-3.20030343e-01  3.14840597e-02  5.01683712e+01  1.80554011e+01
 -1.29420778e+00  1.13697556e-01]",007,RP
261,0,0.8771834082568107,0,[-1.3995423   0.08377074 18.64724584 28.09760938 -1.21981749  0.37723515],"[-2.75054746e-01  1.77647995e-02 -8.75551793e+01 -2.20824676e+01
 -1.21245676e+00 -4.26619239e-01]",[-9.05289019  0.26961599  5.63819154 53.04192886 -1.08136426 -0.61972383],"[-16.4903237    0.77750085  -1.88760646 -29.12724146  -0.94099532
   0.76057142]","[ 1.54520496e-01  1.97617642e-02 -7.76065750e+01  1.39918065e+01
 -1.09784301e+00 -5.73178868e-01]","[-9.66484875e-03  4.76651387e-02  2.87869015e+01  2.27822105e+00
 -6.62120161e-01  9.29910068e-01]","[-7.89907143e+00  5.97454931e-02 -7.98925084e+00 -6.11076630e+01
 -1.36745592e+00 -4.05450955e-01]","[-2.99455789e-01  3.37794316e-02  4.67724587e+01  1.60062835e+01
 -1.29799533e+00  9.69564266e-02]",007,RP
262,0,0.8771834082568107,0,[-1.34123919  0.10393966 15.11787681 22.27668886 -1.26760767  0.27254005],"[-2.87318901e-01  2.23327994e-02 -7.03731792e+01 -1.82195446e+01
 -1.28419842e+00 -2.64452521e-01]",[-8.93649854  0.1516287   8.54002699 78.31793881 -0.55551509 -0.96507155],"[-16.74776941   0.40213257  -1.73823571 -27.11157091  -1.07030599
   0.52769961]","[ 1.40096071e-01  2.72721122e-02 -5.72114123e+01  1.00150941e+01
 -1.21721451e+00 -3.92088058e-01]",[ 0.02705289  0.08117992 18.84708645  1.49013188 -1.10674394  0.58086997],"[ -7.93778473   0.12183086 -11.73075712 -91.11622472  -0.77015972
  -0.87358661]","[-2.77526230e-01  3.58248950e-02  4.41131688e+01  1.42425614e+01
 -1.30078900e+00  7.88112201e-02]",007,RP
263,0,0.8633203254477829,0,[-1.27119457  0.12116445 13.0103821  18.5387271  -1.29424089  0.19005426],"[-3.02122624e-01  2.56484216e-02 -6.15226124e+01 -1.65873731e+01
 -1.31181382e+00 -1.53024164e-01]","[ -8.90915239   0.09898026  -4.58274591 -38.82838162  -1.33663208
  -0.43944892]","[-16.63746514   0.62202272   1.91187821  33.80880699  -0.3756042
   1.04921357]","[ 1.21110512e-01  3.40479707e-02 -4.61451721e+01  7.58866541e+00
 -1.26839244e+00 -2.74744474e-01]",[ 0.08535361  0.11133286 14.0370378   0.80188817 -1.2403998   0.36513333],"[ -8.03204203   0.19953817  -7.70021638 -59.84846164  -1.11843192
  -0.55383047]","[-2.54411087e-01  3.75486116e-02  4.20963883e+01  1.27097879e+01
 -1.30233715e+00  6.12740780e-02]",007,RP
264,0,0.8324512829531108,0,[-1.19160773  0.13431821 11.75717337 16.00993869 -1.30891249  0.12085275],"[-3.18631522e-01  2.76114782e-02 -5.72390205e+01 -1.62381562e+01
 -1.32115205e+00 -6.81052132e-02]","[ -8.97923015   0.21355413  -6.58666195 -57.14315358  -0.67838791
  -0.931795  ]","[-16.10962447   1.25144449   1.18556802  21.09905562  -0.89310383
   0.77759524]","[  0.098145     0.0397703  -39.63586252   5.89006183  -1.29252563
  -0.19165647]",[ 0.16152185  0.13595032 11.57581784  0.13025243 -1.28762311  0.23537912],"[ -8.17650651   0.27228929  -5.73757321 -44.91330468  -1.22628978
  -0.37367852]","[-2.30309495e-01  3.89289380e-02  4.06091306e+01  1.13526684e+01
 -1.30279816e+00  4.59044205e-02]",007,RP
265,0,0.7387187571358023,0,[-1.10524644  0.1426507  11.08038431 14.24655531 -1.31579936  0.06029513],"[-3.36001384e-01  2.82505458e-02 -5.59662620e+01 -1.68047415e+01
 -1.32098564e+00  1.31887820e-03]","[ -9.14980157   0.36471082  -4.18459818 -36.28824293  -1.06635701
  -0.61100241]","[-15.14122871   1.94238645   0.79412305  14.02399878  -1.13216965
   0.52422064]","[  0.07192618   0.04425631 -35.67793297   4.56617732  -1.30434064
  -0.12869129]",[ 0.2515394   0.15430942 10.22826195 -0.5728109  -1.30770824  0.14550396],"[ -8.36545164   0.33700576  -4.6643024  -37.01899614  -1.26962851
  -0.26504872]","[-2.05421502e-01  3.99924515e-02  3.95323172e+01  1.01207879e+01
 -1.30245855e+00  3.36940630e-02]",007,RP
266,0,0.7050610090471225,0,"[-1.01519063e+00  1.45870696e-01  1.08390122e+01  1.30036636e+01
 -1.31694319e+00  6.04486711e-03]","[-3.53447035e-01  2.77058697e-02 -5.70504384e+01 -1.81643083e+01
 -1.31482059e+00  6.01867315e-02]","[ -9.41852968   0.51381752  -3.03149599 -26.55223497  -1.20507213
  -0.41484665]","[-13.73941205   2.60975527   0.59900223  10.22993846  -1.23140755
   0.36431944]","[  0.04326659   0.04741844 -33.32741228   3.44196341  -1.31010782
  -0.07787206]",[ 0.35117855  0.16600743  9.51984773 -1.34316634 -1.31691765  0.0743321 ],"[ -8.59258691   0.39196549  -4.02203094 -32.55965043  -1.29196087
  -0.18862126]","[-1.79919741e-01  4.08057762e-02  3.87459256e+01  8.97115688e+00
 -1.30151866e+00  2.53289600e-02]",007,RP
267,0,0.6822887865046159,0,[-0.9245475   0.14416584 10.96564926 12.13826358 -1.31371296 -0.0429119 ],"[-3.70301959e-01  2.62084366e-02 -6.02692100e+01 -2.03178065e+01
 -1.30471064e+00  1.10166519e-01]","[ -9.77784535   0.64874648  -2.42026441 -21.66497114  -1.2654611
  -0.287527  ]","[-11.94242817   3.19675923   0.4920193    7.87590516  -1.28096161
   0.24939635]","[ 1.30160693e-02  4.92307004e-02 -3.21133998e+01  2.41799024e+00
 -1.31250987e+00 -3.41713396e-02]",[ 0.45607217  0.17078759  9.25750203 -2.22208902 -1.32010023  0.01108292],"[ -8.85075355   0.43522043  -3.6281288  -30.11167384  -1.3054695
  -0.12664921]","[-1.53926040e-01  4.14668516e-02  3.81288014e+01  7.86901540e+00
 -1.30014502e+00  2.13870536e-02]",007,RP
268,0,0.6822887865046159,0,[-0.83619189  0.13813757 11.43892012 11.56513228 -1.30739367 -0.08721917],"[-3.86060500e-01  2.40478050e-02 -6.56281595e+01 -2.33364401e+01
 -1.29260065e+00  1.51215765e-01]","[-10.21531281   0.76089144  -2.07149177 -19.16093639  -1.29580163
  -0.19368967]",[-9.81840655  3.65426335  0.43178612  6.23945165 -1.30785847  0.1564134 ],"[-1.79799685e-02  4.97183510e-02 -3.18014201e+01  1.42821147e+00
 -1.31235719e+00  5.24420980e-03]",[ 0.56180828  0.1685926   9.37619393 -3.26762339 -1.31823565 -0.05032725],"[ -9.13168651   0.46460383  -3.40172844 -29.06351775  -1.3136977
  -0.0706875 ]","[-1.27496085e-01  4.20945052e-02  3.75601819e+01  6.78877613e+00
 -1.29859126e+00  2.21325906e-02]",007,RP
269,0,0.6822887865046159,0,[-0.75257329  0.12864449 12.27437971 11.23737027 -1.29909442 -0.12801863],"[-4.00397986e-01  2.15288260e-02 -7.32460606e+01 -2.73275751e+01
 -1.28048644e+00  1.82607565e-01]","[-10.71419519   0.84347233  -1.87236915 -18.06092859  -1.31160597
  -0.1174102 ]",[-7.4619269   3.94200859  0.40089624  4.99145846 -1.32165781  0.07402537],"[ -0.04892388   0.04897465 -32.28012388   0.42073102  -1.30971442
   0.04107279]",[ 0.66408449  0.15969096  9.89042712 -4.56807921 -1.31070614 -0.11380802],"[-9.42601263e+00  4.78218223e-01 -3.30614708e+00 -2.91637841e+01
 -1.31742573e+00 -1.67567430e-02]","[-1.00613291e-01  4.28127007e-02  3.69293676e+01  5.71558519e+00
 -1.29714768e+00  2.71309877e-02]",007,RP
270,0,0.6823822405478451,0,[-0.67562496  0.11659197 13.53038483 11.14146572 -1.28941662 -0.16770576],"[-4.13164935e-01  1.89244578e-02 -8.32723422e+01 -3.24052118e+01
 -1.27030006e+00  2.03807370e-01]","[-11.25425438   0.89159784  -1.77294417 -17.95316469  -1.31912602
  -0.05019519]","[-4.98828474e+00  4.03218719e+00  3.92105021e-01  3.95593149e+00
 -1.32610634e+00 -4.84454695e-03]","[ -0.07911395   0.04718386 -33.49589796  -0.64999264  -1.30488822
   0.07225482]",[ 0.75892206  0.1447742  10.89113578 -6.26552325 -1.29589882 -0.18274916],"[ -9.72356653   0.47502969  -3.32804569 -30.36047366  -1.31663765
   0.03696348]","[-7.31917804e-02  4.37313948e-02  3.61521208e+01  4.64603809e+00
 -1.29598960e+00  3.51875760e-02]",007,RP
271,0,0.6823485860327545,0,[-0.60679139  0.10273566 15.3347427  11.30498977 -1.2779048  -0.21087584],"[-4.24353980e-01  1.64346074e-02 -9.58495034e+01 -3.86741183e+01
 -1.26361422e+00  2.16039643e-01]","[-1.18128145e+01  9.02367702e-01 -1.75211627e+00 -1.86974244e+01
 -1.32087102e+00  1.37797839e-02]",[-2.52544614  3.91209253  0.40389254  3.02000885 -1.32181469 -0.0863692 ],"[ -0.10799189   0.04462057 -35.4084501   -1.82382532  -1.2988806
   0.09692424]",[ 0.84290707  0.12496186 12.58096858 -8.60458733 -1.27064685 -0.26166473],"[-10.01400632   0.45530399  -3.47026354 -32.75124101  -1.31111293
   0.09142556]",[-0.0450877   0.04493154 35.18435392  3.58638147 -1.29513652  0.04473302],007,RP
272,0,0.682322654166432,0,[-0.54715152  0.08755703 17.95368192 11.82338434 -1.26172304 -0.265867  ],"[-4.34044891e-01  1.41566699e-02 -1.11237328e+02 -4.62819937e+01
 -1.26079891e+00  2.24909368e-01]","[-12.36606238   0.87496162  -1.80609444 -20.33427648  -1.31700527
   0.07926022]",[-0.20424299  3.58554818  0.43978779  2.08982358 -1.30617408 -0.17768753],"[ -0.13517725   0.04160968 -37.9601489   -3.13134872  -1.29314639
   0.11361045]","[  0.91341067   0.10171097  15.37742025 -12.0458998   -1.22791776
  -0.35846031]","[-10.28761573   0.42074248  -3.75124816 -36.59139963  -1.30047073
   0.14738257]","[-1.61178188e-02  4.64576751e-02  3.40260180e+01  2.54842519e+00
 -1.29460238e+00  5.42197281e-02]",007,RP
273,0,0.6822370229864847,0,[-0.49758348  0.07125043 21.96643991 12.93013759 -1.23194134 -0.34770193],"[-4.42339582e-01  1.20742545e-02 -1.30330192e+02 -5.56502025e+01
 -1.25956890e+00  2.42719255e-01]","[-12.89042465   0.81077021  -1.94643796 -23.09041186  -1.30601633
   0.15091909]",[ 1.85192976  3.07334667  0.51078516  1.05406177 -1.271322   -0.28949574],"[-1.60473174e-01  3.84577113e-02 -4.10647176e+01 -4.58978558e+00
 -1.28902247e+00  1.22363818e-01]","[  0.968748     0.07668299  20.19278288 -17.56171801  -1.14997978
  -0.48871426]","[-10.53611653   0.37431539  -4.20943214 -42.35106752  -1.28408277
   0.20570992]","[ 1.39147727e-02  4.83120099e-02  3.27176403e+01  1.54474147e+00
 -1.29458881e+00  6.21097508e-02]",007,RP
274,0,0.6821642680115408,0,[-0.45890166  0.05385533 28.7496923  15.19328149 -1.16085557 -0.48518791],"[-4.49303861e-01  1.00770173e-02 -1.55832632e+02 -6.80162031e+01
 -1.25227548e+00  2.88394241e-01]","[-13.36381789   0.71335939  -2.2061645  -27.48278056  -1.28428237
   0.23552485]",[ 3.53658245  2.41269041  0.64402088 -0.27763294 -1.19548534 -0.44243601],"[-1.83834560e-01  3.53829498e-02 -4.46304105e+01 -6.20461189e+00
 -1.28722619e+00  1.25626759e-01]","[  1.00825743   0.0516532   29.26772579 -27.5094021   -0.9853706
  -0.68520554]","[-10.75332422   0.31987865  -4.91390505 -50.84081422  -1.26089004
   0.26763957]",[ 0.04518795  0.05044263 31.33423012  0.58407025 -1.29544499  0.06668585],007,RP
275,0,0.6820886278573286,0,"[-4.31910880e-01  3.55920533e-02  4.19352065e+01  2.01122719e+01
 -9.48306675e-01 -7.36582054e-01]","[-4.54932512e-01  8.01724073e-03 -1.94682981e+02 -8.65676177e+01
 -1.21894977e+00  3.87226565e-01]","[-13.76668131   0.58809054  -2.66108086 -34.63425219  -1.2419205
   0.34639397]",[ 4.76795361  1.65743334  0.91030882 -2.34031023 -1.00579879 -0.68167673],"[-2.05304181e-01  3.24697257e-02 -4.86318149e+01 -7.98431493e+00
 -1.28758261e+00  1.28493212e-01]","[ 1.03229991e+00  2.86521993e-02  4.83276079e+01 -4.78885851e+01
 -5.77076583e-01 -9.93976742e-01]","[-10.93553194   0.2616639   -5.98676618 -63.46847276  -1.22904062
   0.3351709 ]",[ 0.07782316  0.05273076 29.97465686 -0.33272264 -1.29733374  0.06629847],007,RP
276,0,0.6820124942523265,0,"[-4.17367221e-01  1.81444549e-02  6.34534564e+01  2.84833928e+01
 -4.56425066e-01 -9.70580692e-01]","[-4.59146054e-01  5.78879686e-03 -2.64475753e+02 -1.19432998e+02
 -1.10114641e+00  5.80273181e-01]","[-14.08276745   0.44173094  -3.49472935 -47.21546074  -1.14691883
   0.51278971]",[ 5.49459326  0.89689436  1.44694357 -5.95036641 -0.49488848 -1.01242926],"[-2.24934063e-01  2.96608284e-02 -5.32261367e+01 -9.97237118e+00
 -1.28894244e+00  1.37997209e-01]","[ 1.04217680e+00  1.22985074e-02  3.81635193e+01 -3.77731344e+01
 -1.23812073e+00 -5.07370735e-01]","[-11.08154716   0.20370433  -7.65239953 -82.80042631  -1.18494905
   0.41235066]",[ 0.11184974  0.05499312 28.74328849 -1.21492931 -1.29994368  0.06008903],007,RP
277,0,0.6834326370164191,0,"[-4.15883124e-01  1.51454296e-02 -5.55637275e+01 -2.11080166e+01
 -7.19453315e-01 -7.64325730e-01]","[-4.61816296e-01  3.43219903e-03 -4.06933620e+02 -1.85928577e+02
 -6.95098379e-01  9.17666350e-01]","[-14.29962909   0.28346155  -5.19330384 -72.26231873  -0.87903252
   0.79545861]",[ 5.69803042  0.50939449 -0.67586354  5.85109103 -1.52888001 -0.33008204],"[-2.42713837e-01  2.67894063e-02 -5.88961574e+01 -1.22949124e+01
 -1.28899641e+00  1.61846166e-01]","[ 1.03996431e+00  1.65351365e-02 -7.98576621e+01  8.50491183e+01
 -6.84266551e-01 -8.81101486e-01]","[ -11.1923611     0.14927656  -10.35987146 -113.95142236   -1.11958116
    0.50910985]",[ 0.14717897  0.05700907 27.72962234 -2.08121726 -1.30262194  0.0484477 ],007,RP
278,0,0.6834326370164191,0,"[-4.27840281e-01  3.23686898e-02 -4.48258108e+01 -1.71782875e+01
 -7.98244160e-01 -8.53692253e-01]","[-4.62808922e-01  1.73337976e-03 -1.24271173e+02 -5.55138073e+01
 -1.64455095e+00  2.82462215e-01]","[ -14.40878948    0.13794314   -7.1684449  -101.28861353   -0.54810053
    0.87424148]",[ 5.39218716  1.01534756 -1.39345622  9.51377675 -0.7505433  -0.88557584],"[-2.58525916e-01  2.36420165e-02 -6.66415547e+01 -1.52285690e+01
 -1.28344102e+00  2.07780021e-01]","[ 1.02827730e+00  2.73207294e-02 -5.63629678e+01  5.99567601e+01
 -1.20488110e+00 -5.01283759e-01]","[-1.12705272e+01  1.00518278e-01 -1.51372782e+01 -1.68605106e+02
 -1.00359773e+00  6.51160066e-01]",[ 0.18359329  0.05856104 26.99747377 -2.95655515 -1.3048259   0.03262192],007,RP
279,0,0.6834326370164191,0,"[ -0.45337446   0.05280647 -29.0666101  -11.17805861  -1.09451855
  -0.5696763 ]","[-4.62025503e-01  3.19697510e-03  4.14073166e+02  1.93312362e+02
 -5.28888184e-01  1.00119932e+00]","[-14.40574523   0.14414107   7.25573465 106.52426482  -0.48832178
   0.92337908]",[ 4.61991196  1.65890783 -0.92690722  6.28222976 -1.14217628 -0.53942475],"[-2.72141653e-01  2.00381344e-02 -7.83713959e+01 -1.93281212e+01
 -1.26373015e+00  2.84679098e-01]","[ 1.00999539e+00  3.47476321e-02 -4.52858164e+01  4.77384657e+01
 -1.32926478e+00 -2.22932439e-01]","[-1.13194031e+01  5.85575586e-02 -2.46898861e+01 -2.77474774e+02
 -7.27684409e-01  8.96654050e-01]","[ 2.20750917e-01  5.94642001e-02  2.65892578e+01 -3.86960306e+00
 -1.30639589e+00  1.37762871e-02]",007,RP
280,0,0.6847840314833362,0,"[ -0.49245484   0.07361495 -21.16742212  -8.42399946  -1.19326947
  -0.414182  ]","[-4.59429154e-01  5.83845063e-03  2.58990241e+02  1.20987667e+02
 -1.01129943e+00  6.71905554e-01]","[-14.29001013   0.29387686   5.02641491  73.82752004  -0.8920064
   0.78416061]",[ 3.44753644  2.21335993 -0.70759525  4.43946042 -1.26194387 -0.32917457],"[-2.83262001e-01  1.59079004e-02 -9.79715948e+01 -2.57516300e+01
 -1.21098615e+00  4.06734550e-01]","[ 9.87991630e-01  3.80344460e-02 -4.15547658e+01  4.30557608e+01
 -1.34823331e+00 -4.53015173e-02]","[-1.13424024e+01  2.61125802e-02 -3.65751349e+01 -4.12849897e+02
 -4.91075040e-01  9.25218497e-01]","[ 2.58201658e-01  5.95724574e-02  2.65411869e+01 -4.85297848e+00
 -1.30738018e+00 -7.69764403e-03]",007,RP
281,0,0.6981098960091487,0,"[ -0.54499948   0.09448079 -16.58921952  -7.04111604  -1.23321505
  -0.32559977]","[-4.55050006e-01  8.53159357e-03  1.81994966e+02  8.48168104e+01
 -1.17869640e+00  4.54806890e-01]","[-14.06528108   0.45530794   3.3920149   49.70964293  -1.14849314
   0.50911115]",[ 1.95854163  2.63350544 -0.59842619  3.17204261 -1.30446649 -0.19533946],"[-2.91592685e-01  1.13521777e-02 -1.34545095e+02 -3.72323653e+01
 -1.07445257e+00  6.03898643e-01]","[ 9.64898343e-01  3.75527301e-02 -4.20686728e+01  4.25919926e+01
 -1.33515834e+00  9.13955107e-02]","[-1.13423393e+01  2.62416763e-02  4.15486096e+01  4.73258426e+02
 -4.84591395e-01  9.30476036e-01]",[ 0.2954077   0.05876938 26.90172322 -5.94697615 -1.30768219 -0.03219786],007,RP
282,0,0.6987090660484426,0,"[ -0.61091028   0.11540016 -13.62093111  -6.32116683  -1.25486234
  -0.26876163]","[-4.48981635e-01  1.10736877e-02  1.41514846e+02  6.55375669e+01
 -1.24450437e+00  3.25586320e-01]","[-13.73966007   0.6049322    2.58722063  37.54753202  -1.24275318
   0.34494604]",[ 0.24728358  2.90215234 -0.54435356  2.1346097  -1.32075382 -0.09738353],"[-2.96932586e-01  6.70471254e-03 -2.10916812e+02 -6.06280745e+01
 -6.92304793e-01  9.24603444e-01]","[ 9.42930236e-01  3.40072197e-02 -4.63046434e+01  4.56620483e+01
 -1.30213828e+00  2.17073496e-01]","[-1.13209109e+01  5.34904097e-02  2.77174644e+01  3.15786944e+02
 -8.85453636e-01  7.80914560e-01]",[ 0.33176355  0.05696138 27.74967683 -7.20633119 -1.30692858 -0.06058291],007,RP
283,0,0.7039455278475986,0,"[ -0.68993464   0.13604019 -11.57560338  -5.98640979  -1.27228646
  -0.22328644]","[-4.41386943e-01  1.33392787e-02  1.17990638e+02  5.40795270e+01
 -1.27981906e+00  2.34828420e-01]","[-13.32580229   0.73254921   2.14857789  30.63152418  -1.28613943
   0.23284159]",[-1.58671149  3.0135421  -0.52463725  1.16755205 -1.32534294 -0.01565909],"[-2.99249373e-01  3.04135699e-03 -1.92006161e+02 -5.54577234e+01
 -1.09798105e+00  5.65354565e-01]","[ 9.23768690e-01  2.82683134e-02 -5.53438115e+01  5.31248802e+01
 -1.24339254e+00  3.50356324e-01]","[-1.12783855e+01  8.52387975e-02  1.80426660e+01  2.05492142e+02
 -1.08187790e+00  5.62171016e-01]",[ 0.36661279  0.05407962 29.21606437 -8.71098299 -1.30453556 -0.09412008],007,RP
284,0,0.856286419852417,0,"[ -0.78135511   0.1553501  -10.15191429  -5.93225012  -1.28946965
  -0.17706355]","[-4.32526130e-01  1.51540635e-02  1.04128637e+02  4.70383564e+01
 -1.30643968e+00  1.54228367e-01]","[-12.84081141   0.83019186   1.90113901  26.41216753  -1.30842235
   0.1455115 ]",[-3.44390729  2.96988082 -0.53220232  0.16714454 -1.32200133  0.06066822],"[-2.98721275e-01  4.07265295e-03  3.11715374e+02  9.51160140e+01
 -5.84505267e-01  9.27167062e-01]","[ 9.08500358e-01  2.13078105e-02 -7.25178610e+01  6.78825027e+01
 -1.14023381e+00  5.08913228e-01]","[-1.12135798e+01  1.20964506e-01  1.28433372e+01  1.46019786e+02
 -1.14768023e+00  4.58865141e-01]","[  0.39926405   0.0500857   31.52171735 -10.58548856  -1.29956022
  -0.13491864]",007,RP
285,0,0.856286419852417,0,[-0.88361157  0.17153752 -9.20561335 -6.13418647 -1.3054444  -0.12452782],"[-4.22804103e-01  1.62460203e-02  9.72825107e+01  4.31314447e+01
 -1.32925631e+00  6.42789052e-02]","[-12.30567423   0.89174533   1.77227714  23.80906512  -1.31915246
   0.07074001]",[-5.229681    2.78155198 -0.56751118 -0.96790243 -1.31042516  0.13857039],"[-2.95737641e-01  7.09560086e-03  2.15064561e+02  6.56026859e+01
 -1.13433079e+00  5.78582847e-01]","[ 8.97600350e-01  1.41295302e-02 -1.06469722e+02  9.75672595e+01
 -9.45764479e-01  7.19894884e-01]","[-11.12416924   0.16188283   9.64093774 109.24742302  -1.18470851
   0.39769199]","[  0.42901173   0.04497891  35.05250016 -13.0379338   -1.29001409
  -0.18657555]",007,RP
286,0,0.856286419852417,0,[-0.99401865  0.1824478  -8.66298345 -6.61116711 -1.31746346 -0.0646476 ],"[-4.12818268e-01  1.62606509e-02  9.71975912e+01  4.21249413e+01
 -1.34283374e+00 -5.17986356e-02]","[-1.17441260e+01  9.13684309e-01  1.73043489e+00  2.23224455e+01
 -1.32194983e+00  2.35791240e-03]",[-6.85919652  2.46791492 -0.63797655 -2.37600656 -1.28794792  0.22434132],"[-2.90866610e-01  9.44338043e-03  1.66115689e+02  5.03175073e+01
 -1.30511754e+00  2.89368500e-01]","[ 8.90957525e-01  7.69459161e-03 -1.80476623e+02  1.62797005e+02
 -5.38709719e-01  1.02024164e+00]","[-11.00730973   0.20808986   7.52390925  84.81799952  -1.21560418
   0.34674337]","[ 4.55167637e-01  3.88123634e-02  4.05187510e+01 -1.64428242e+01
 -1.27148976e+00 -2.54930136e-01]",007,RP
287,0,0.856286419852417,0,"[-1.10872222e+00  1.86155519e-01 -8.49324587e+00 -7.41665043e+00
 -1.32305271e+00  1.75141797e-03]","[-4.03377371e-01  1.48497700e-02  1.06002762e+02  4.47591154e+01
 -1.32763335e+00 -2.16085567e-01]","[-11.18105013   0.89558214   1.76483574  21.73271682  -1.31827334
  -0.06356945]",[-8.26200409  2.05652672 -0.76188511 -4.29469792 -1.24790189  0.32720943],"[-2.84806558e-01  1.06927124e-02  1.47719584e+02  4.40715064e+01
 -1.35217205e+00  9.12819147e-02]","[ 8.87949919e-01  3.04514289e-03 -2.57111825e+02  2.30302424e+02
 -5.35355455e-01  9.18686499e-01]","[-10.86046984   0.25808697   6.08266251  68.06057271  -1.24329852
   0.29601823]","[ 4.77106788e-01  3.17236970e-02  4.93267801e+01 -2.15341416e+01
 -1.23428253e+00 -3.49761520e-01]",007,RP
288,0,0.9155134980299636,0,[-1.22294175  0.18147123 -8.7084646  -8.64994496 -1.32060712  0.07446581],"[-3.95466537e-01  1.18202152e-02  1.30752883e+02  5.37083899e+01
 -1.21871852e+00 -4.73441284e-01]","[-10.64070406   0.84002986   1.87954202  21.99965043  -1.30832535
  -0.13071151]",[-9.38569548  1.58058607 -0.98148248 -7.21189569 -1.17180118  0.4653527 ],"[-2.78333897e-01  1.07178138e-02  1.47389877e+02  4.30235990e+01
 -1.35403498e+00 -8.32794963e-02]","[ 8.87571928e-01  2.30297054e-03  5.40427681e+02 -4.77668439e+02
 -9.84121902e-01  5.54163906e-01]","[-10.68228454   0.309087     5.09057959  56.37901971  -1.26657506
   0.24466764]","[ 4.94324995e-01  2.39700146e-02  6.45747324e+01 -2.99209043e+01
 -1.15469500e+00 -4.90061176e-01]",007,RP
289,0,0.9798449820841046,0,"[ -1.33141918   0.16815152  -9.38360331 -10.49350947  -1.30846999
   0.15607694]","[-3.90155711e-01  7.41504787e-03  1.87165963e+02  7.50238693e+01
 -7.63791779e-01 -8.65925705e-01]","[-10.14513615   0.75198338   2.09534635  23.25757404  -1.29075332
  -0.20408041]","[-10.19784295   1.07679722  -1.40387392 -12.31648578  -0.99975738
   0.67858246]","[-2.72248645e-01  9.51184265e-03  1.64977361e+02  4.69148628e+01
 -1.30895139e+00 -2.82386330e-01]","[ 8.88590835e-01  3.00795310e-03  5.19858757e+02 -4.59941727e+02
 -1.60537916e+00  1.26662287e-02]","[-10.47320027   0.35765779   4.40724347  48.15794352  -1.28470187
   0.19411183]","[ 5.06496748e-01  1.59593830e-02  9.40814922e+01 -4.56519698e+01
 -9.60171752e-01 -7.17675598e-01]",007,RP
290,0,0.9798449820841046,0,"[ -1.42892049   0.14679572 -10.71183595 -13.30636182  -1.28204497
   0.25463782]","[-3.88473818e-01  4.42015062e-03 -1.26096534e+01 -2.89852021e+00
 -1.70062248e+00 -2.57534645e-01]",[-9.71306073  0.63781885  2.46124229 25.90619581 -1.26081213 -0.29230095],"[-10.68597646   0.59198878  -2.28012563 -22.36536882  -0.54192562
   1.00504539]","[-2.67313624e-01  7.20512695e-03  2.12264114e+02  5.87410896e+01
 -1.14345522e+00 -5.65500791e-01]","[ 8.89699604e-01  2.36986679e-03  5.61961334e+02 -4.97976777e+02
 -1.00563338e+00 -6.28746955e-01]","[-10.23576383   0.40033895   3.94268199  42.3563617   -1.29794264
   0.14533865]","[ 5.13516883e-01  8.41557120e-03  1.53428897e+02 -7.67883288e+01
 -4.57115222e-01 -1.03642963e+00]",007,RP
291,0,0.8461385154452289,0,"[ -1.51064755   0.11858541 -13.15750737 -17.87635633  -1.22573899
   0.38919938]","[-3.91281582e-01  9.46129161e-03 -1.41962669e+02 -5.35473776e+01
 -5.16237525e-01 -1.02050623e+00]",[-9.3592384   0.50455137  3.08803588 30.90166396 -1.20429729 -0.41206415],"[-10.8560974    0.28601559  -0.11611366   0.73945876  -1.71448593
   0.25495443]","[-2.64187489e-01  4.21434493e-03  3.12877692e+02  8.46583718e+01
 -6.10311012e-01 -9.39603364e-01]","[ 8.89648806e-01  2.46631417e-03 -2.35908759e+02  2.11875945e+02
 -9.31312897e-01 -6.82982886e-01]",[-9.97456584  0.43405709  3.63978069 38.30523214 -1.30699636  0.09842219],"[ 5.15513388e-01  4.60186689e-03 -7.39842166e+01  4.01398542e+01
 -1.54840274e+00 -3.17335200e-01]",007,RP
292,0,0.8454753786251373,0,"[ -1.57248852   0.08514177 -17.92486678 -26.18664723  -1.08217826
   0.60369628]","[-3.99169835e-01  1.74209292e-02 -8.65622879e+01 -3.25530541e+01
 -9.81763971e-01 -6.95018977e-01]",[-9.09422064  0.35975498  4.24972125 40.64790268 -1.07567482 -0.59860331],"[-10.73052514   0.51074266   2.69667704  30.93676081  -0.68977914
   0.91326125]","[-2.63358753e-01  2.65075346e-03 -1.30836712e+02 -3.24569933e+01
 -1.48260208e+00 -3.61814817e-01]","[ 8.87357459e-01  6.20331371e-03 -2.21009573e+02  1.98114494e+02
 -5.09867103e-01 -1.03546653e+00]",[-9.69595169  0.4563478   3.46392391 35.58603885 -1.31254331  0.05273617],"[ 5.12828083e-01  9.03870864e-03 -1.57111277e+02  8.25710749e+01
 -7.69194139e-01 -8.73474282e-01]",007,RP
293,0,0.8448450329551488,0,"[ -1.61112048   0.0493178  -27.79176725 -42.77588551  -0.63848877
   0.94610441]","[-4.12395213e-01  2.58371477e-02 -5.99718917e+01 -2.27321211e+01
 -1.16222215e+00 -4.78754477e-01]",[-8.92426627  0.21356951  6.65271481 61.37059838 -0.71348232 -0.91066963],"[-10.34572993   0.85189651   1.80163729  20.63925287  -1.14266335
   0.54913983]","[-2.65092663e-01  5.54198314e-03 -2.52326904e+02 -6.48900110e+01
 -6.84264989e-01 -9.26946118e-01]","[ 8.82004671e-01  1.15230418e-02 -1.30389100e+02  1.17003795e+02
 -9.41207217e-01 -7.25624977e-01]","[-9.40760718e+00  4.65466862e-01  3.39680665e+00  3.39558227e+01
 -1.31499328e+00  7.21322688e-03]","[ 5.05971133e-01  1.46841340e-02 -1.04818653e+02  5.50352127e+01
 -1.14605410e+00 -5.31879507e-01]",007,RP
294,0,0.8435960146021863,0,[-1.62404191  0.0261805  -0.00321271  1.99478242 -1.72211882  0.25313599],"[-4.30849978e-01  3.38937247e-02 -4.61990243e+01 -1.79048486e+01
 -1.24245472e+00 -3.38087086e-01]",[-8.85129527  0.09841823  5.9134318  54.34153095 -1.13478793 -0.54038266],[-9.75042169  1.13212658  1.38445344 15.49900484 -1.27922513  0.31200458],"[-2.69404523e-01  9.32234571e-03 -1.64153060e+02 -4.22235769e+01
 -1.10565230e+00 -5.81003372e-01]","[ 8.73106405e-01  1.74393883e-02 -8.85848399e+01  7.93439911e+01
 -1.13805650e+00 -5.11254666e-01]",[-9.11808674  0.46044111  3.43345787 33.30656672 -1.31440355 -0.03956034],"[ 4.95561535e-01  1.95903259e-02 -7.99373249e+01  4.16138634e+01
 -1.25587236e+00 -3.32602725e-01]",007,RP
295,0,0.8598998535242256,0,[-1.60962124  0.05219448 25.94814314 43.76668244 -0.5676316   0.98879571],"[ -0.45405636   0.04094977 -38.43500725 -15.45165949  -1.28467208
  -0.2337343 ]","[ -8.87290138   0.14080337  -8.94624096 -77.37911379  -0.51467013
  -0.97521989]",[-9.00352281  1.31874198  1.19640693 12.77187707 -1.32627918  0.15289134],"[-2.76068267e-01  1.27177490e-02 -1.22918600e+02 -3.19339250e+01
 -1.25002880e+00 -3.58285265e-01]","[ 8.60587470e-01  2.31898596e-02 -6.74505714e+01  6.00471166e+01
 -1.24060593e+00 -3.53863925e-01]",[-8.83634478  0.44105042  3.58252035 33.65638498 -1.31046763 -0.08961398],"[ 4.82266493e-01  2.35022134e-02 -6.70188216e+01  3.43209321e+01
 -1.29291516e+00 -2.13176748e-01]",007,RP
296,0,0.8697540866857443,0,[-1.56720838  0.09363058 16.1888944  27.37137091 -1.02262494  0.65846035],"[ -0.48118162   0.04642931 -33.99237536 -14.35650629  -1.3085358
  -0.14716342]","[ -8.98258584   0.25785347  -5.86686315 -50.69960188  -1.04265834
  -0.65485963]",[-8.17127541  1.39788581  1.13087152 11.24066264 -1.34007065  0.02449281],"[-2.84657911e-01  1.53330423e-02 -1.02726880e+02 -2.72420191e+01
 -1.30495539e+00 -2.09413572e-01]","[ 8.44846253e-01  2.79568231e-02 -5.63180998e+01  4.95801356e+01
 -1.30112310e+00 -2.20733858e-01]",[-8.57131607  0.40773171  3.87101914 35.17972852 -1.30216482 -0.14631138],"[ 4.66747559e-01  2.64125359e-02 -5.97722852e+01  2.98985682e+01
 -1.30563240e+00 -1.35017602e-01]",007,RP
297,0,0.8697540866857443,0,[-1.49730404  0.13551388 11.46639926 19.16868596 -1.18676924  0.44528751],"[ -0.51108018   0.04985444 -31.70101676 -14.20176142  -1.32098748
  -0.06915181]","[ -9.17032373   0.36741888  -4.24110967 -36.89234861  -1.22351273
  -0.40413311]",[-7.32310441  1.36612221  1.15633879 10.46798967 -1.33281053 -0.09600631],"[-2.94610315e-01  1.69728687e-02 -9.30746555e+01 -2.54207536e+01
 -1.32501285e+00 -9.77426901e-02]","[ 8.26780092e-01  3.09176955e-02 -5.10948971e+01  4.42442437e+01
 -1.33594281e+00 -9.31618957e-02]",[-8.33154214  0.3614692   4.35735922 38.30352195 -1.28656444 -0.21540891],"[ 4.49616020e-01  2.84186568e-02 -5.56064188e+01  2.70015367e+01
 -1.30868568e+00 -8.17278423e-02]",007,RP
298,0,0.8526499257005409,0,[-1.401743    0.17403772  9.01195856 14.63244982 -1.25735032  0.30857853],"[-5.42373682e-01  5.09134314e-02 -3.10537338e+01 -1.48427279e+01
 -1.32442721e+00  5.28959218e-03]","[ -9.42339372   0.45748459  -3.43693731 -30.38761349  -1.28378836
  -0.25548881]",[-6.52643406  1.23079112  1.27900289 10.34732805 -1.30321106 -0.22435365],"[-3.05295220e-01  1.75792957e-02 -8.99367413e+01 -2.54572572e+01
 -1.32792953e+00 -6.38230834e-03]","[ 8.07729122e-01  3.13989527e-02 -5.03389890e+01  4.26602674e+01
 -1.34639049e+00  4.12130364e-02]",[-8.1248061   0.30379     5.16347958 43.95227037 -1.25609571 -0.30684832],"[ 4.31398617e-01  2.96777561e-02 -5.32676788e+01  2.49796029e+01
 -1.30784033e+00 -4.53798402e-02]",007,RP
299,0,0.8526499257005409,0,[-1.28381678  0.20641778  7.63224332 11.79840206 -1.293498    0.20745242],"[ -0.57357409   0.04952882 -31.90573085 -16.30030039  -1.31926105
   0.07896112]","[ -9.72729126   0.52454903  -3.00809396 -27.26060606  -1.30737564
  -0.15575742]",[-5.84097614  1.00985701  1.5457714  11.02881388 -1.23692312 -0.38023664],"[-3.16080797e-01  1.72048964e-02 -9.18540213e+01 -2.70332923e+01
 -1.32089551e+00  7.42181263e-02]","[ 7.89322162e-01  2.90670115e-02 -5.42067012e+01  4.47865506e+01
 -1.32459398e+00  1.94279610e-01]",[-7.9577618   0.23692089  6.56144362 54.21440538 -1.19088156 -0.43962388],"[ 4.12515197e-01  3.03732802e-02 -5.20548132e+01  2.34734015e+01
 -1.30562276e+00 -2.15027907e-02]",007,RP
300,0,0.8526499257005409,0,[-1.14825641  0.23025269  6.85799855  9.8747408  -1.31298832  0.12369932],"[ -0.6032404    0.04589961 -34.38004433 -18.73943168  -1.30497201
   0.15318829]","[-10.06654633   0.5673085   -2.78552563 -26.04062276  -1.31728991
  -0.07967074]",[-5.31338453  0.73048343  2.09071288 13.10876148 -1.08358794 -0.60045234],"[-3.26388354e-01  1.59796366e-02 -9.87560745e+01 -3.02328325e+01
 -1.30626911e+00  1.51538757e-01]","[ 7.73244472e-01  2.40692558e-02 -6.47991798e+01  5.21056076e+01
 -1.24770931e+00  3.85926568e-01]",[-7.83558962  0.16413641  9.23649205 74.37336118 -1.02800284 -0.65523696],"[ 3.93269107e-01  3.06906106e-02 -5.15183772e+01  2.22605862e+01
 -1.30306117e+00 -7.46188050e-03]",007,RP
301,0,0.8526499257005409,0,[-1.00103427  0.24369119  6.48672291  8.49343193 -1.32215226  0.04836152],"[ -0.63014318   0.04049524 -38.87715003 -22.49817082  -1.28095285
   0.22806838]","[-1.04253425e+01  5.85340813e-01 -2.70108275e+00 -2.61597127e+01
 -1.32046788e+00 -1.41845762e-02]",[-4.97346599  0.43011704  3.25857857 18.20642967 -0.67080475 -0.93669891],"[-3.35733788e-01  1.40800370e-02 -1.11790618e+02 -3.55318875e+01
 -1.28248627e+00  2.32622280e-01]","[ 7.60974280e-01  1.70730456e-02 -8.85481571e+01  6.93828701e+01
 -1.04005244e+00  6.59200112e-01]","[-7.76172853e+00  9.14289120e-02  1.47203726e+01  1.16255536e+02
 -5.62546377e-01 -9.88336332e-01]","[ 3.73848896e-01  3.08043900e-02 -5.13283454e+01  2.11890452e+01
 -1.30057255e+00 -1.75378161e-03]",007,RP
302,0,0.8526499257005409,0,[-0.84899754  0.24565576  6.43577643  7.46395836 -1.32339784 -0.02400061],"[-6.53403433e-01  3.39893615e-02 -4.61678283e+01 -2.81662175e+01
 -1.24722205e+00  3.02582643e-01]","[-10.78796114   0.57884653  -2.73091819 -27.46103933  -1.31860939
   0.04820488]",[-4.83283394  0.19910942  2.17037083 12.4890418  -1.35445322 -0.43217396],"[-3.43751764e-01  1.17063874e-02 -1.33868585e+02 -4.40175621e+01
 -1.24430851e+00  3.25439133e-01]","[ 7.53555748e-01  9.37597056e-03 -1.37526067e+02  1.05633558e+02
 -4.98497389e-01  1.00653264e+00]","[ -7.7377254    0.04755007  -1.75974929 -11.61645676  -1.71153193
  -0.25669664]","[ 3.54337996e-01  3.08724571e-02 -5.12151372e+01  2.01474691e+01
 -1.29840622e+00 -3.27176744e-03]",007,RP
303,0,0.8526499257005409,0,[-0.69937254  0.23598094  6.694682    6.68207673 -1.31706244 -0.09787179],"[-6.72579574e-01  2.71464158e-02 -5.75749157e+01 -3.67237123e+01
 -1.20504514e+00  3.74023731e-01]","[-11.13917174   0.54881055  -2.87792571 -30.05770873  -1.311423
   0.11283052]","[ -4.88620691   0.30134821  -4.33080125 -19.16119103  -0.58692394
  -0.94693653]","[-3.50197707e-01  9.05984505e-03 -1.71565573e+02 -5.80818703e+01
 -1.17942324e+00  4.44639518e-01]","[ 7.51479877e-01  5.41454775e-03  6.89950817e+01 -4.98484155e+01
 -1.50198085e+00  3.36041225e-01]","[-7.76323032e+00  9.25452669e-02 -1.48932693e+01 -1.13619880e+02
 -6.45449564e-01 -9.44697052e-01]","[ 3.34728993e-01  3.10295229e-02 -5.09554501e+01  1.90562665e+01
 -1.29671181e+00 -1.06229541e-02]",007,RP
304,0,0.8526499257005409,0,[-0.55919267  0.21545067  7.31918532  6.0928348  -1.30143097 -0.17809504],"[-6.87691114e-01  2.06997527e-02 -7.52027268e+01 -4.97162470e+01
 -1.15878383e+00  4.34908435e-01]","[-11.46468733   0.49717573  -3.1711293  -34.35600591  -1.29696612
   0.18535818]","[ -5.11488167   0.52869093  -2.88316531 -12.74704938  -1.10037745
  -0.59971328]","[-3.54927206e-01  6.31451133e-03 -2.41267176e+02 -8.36322845e+01
 -1.04435981e+00  6.28256569e-01]","[ 7.54714084e-01  1.07101680e-02  1.32718918e+02 -9.81648367e+01
 -7.75656539e-01  8.69487821e-01]","[ -7.83614251   0.15965249  -9.55767166 -72.89527716  -1.07637424
  -0.60705527]","[ 3.14940795e-01  3.13796986e-02 -5.03853316e+01  1.78683964e+01
 -1.29548875e+00 -2.19080590e-02]",007,RP
305,0,0.8336868453653636,0,[-0.43471991  0.18575508  8.45940033  5.67746977 -1.27180877 -0.27111516],"[-6.99182075e-01  1.52632160e-02 -1.01798440e+02 -6.91756444e+01
 -1.12196068e+00  4.63926856e-01]","[-11.7517307    0.42689818  -3.6804338  -41.25146683  -1.26987578
   0.27412326]",[-5.49124513  0.72700988 -2.15066837 -9.80984722 -1.25356043 -0.35434749],"[-3.57855375e-01  3.63155773e-03 -3.83940197e+02 -1.35395063e+02
 -6.56101931e-01  9.41489853e-01]","[ 7.62870029e-01  1.74415711e-02  8.82329915e+01 -6.53103048e+01
 -1.13904403e+00  5.35472400e-01]","[ -7.95286177   0.22368092  -6.97051589 -53.43554933  -1.21566452
  -0.40058245]","[ 2.94837590e-01  3.19927398e-02 -4.94169194e+01  1.65699654e+01
 -1.29459961e+00 -3.50528975e-02]",007,RP
306,0,0.8336868453653636,0,[-0.33092941  0.14937747 10.44925332  5.4579652  -1.21739872 -0.38751743],"[-7.07838235e-01  1.13015161e-02 -1.38083055e+02 -9.57404662e+01
 -1.12415644e+00  4.07843639e-01]","[-11.98964136   0.34195604  -4.56220316 -52.69917969  -1.21625335
   0.39391982]",[-5.9828932   0.87711496 -1.79584575 -8.74435334 -1.30054545 -0.20991807],"[-3.58900010e-01  1.81716695e-03 -1.00431353e+02 -3.40448137e+01
 -1.68192420e+00  2.76738131e-01]","[ 7.75459663e-01  2.36639711e-02  6.60722666e+01 -4.92363776e+01
 -1.22568516e+00  3.63222940e-01]","[ -8.10857132   0.28022378  -5.60644862 -43.46028846  -1.26896428
  -0.27567198]","[ 2.74247675e-01  3.29072800e-02 -4.80393572e+01  1.51746820e+01
 -1.29387625e+00 -4.83181214e-02]",007,RP
307,0,0.8336868453653636,0,[-0.25111157  0.10941336 14.06478813  5.53183108 -1.11044905 -0.54818856],"[-7.14678763e-01  9.15602194e-03 -1.72108892e+02 -1.21002570e+02
 -1.17483799e+00  1.85963047e-01]","[-12.17038344   0.24742833  -6.19647444 -73.41346989  -1.09540167
   0.5758026 ]",[-6.55541714  0.97536543 -1.61935204 -8.61552811 -1.31871461 -0.10989581],"[-3.57920144e-01  3.66173950e-03  3.59874432e+02  1.30806309e+02
 -4.40138573e-01  1.05935965e+00]","[ 7.92170095e-01  2.96622912e-02  5.29297126e+01 -3.99293355e+01
 -1.23811414e+00  2.94941948e-01]","[ -8.29749622   0.32734952  -4.8155703  -37.95717641  -1.29305451
  -0.19070179]","[ 2.52981024e-01  3.41371121e-02 -4.63038621e+01  1.37139985e+01
 -1.29330867e+00 -6.04356126e-02]",007,RP
308,0,0.8336868453653636,0,[-0.19664201  0.06941332 21.3175388   6.19192373 -0.86575336 -0.7967049 ],"[-7.20838993e-01  9.02652292e-03 -1.74737040e+02 -1.23957272e+02
 -1.18552731e+00 -1.49923687e-01]","[ -12.28887706    0.15032684   -9.5750976  -115.66719723   -0.76389256
    0.87804991]",[-7.17367442  1.01991674 -1.55008021 -9.11977078 -1.32640633 -0.02566339],"[-3.54670838e-01  7.20481540e-03  2.07088205e+02  7.54481474e+01
 -8.74101373e-01  7.74798972e-01]","[ 8.13082043e-01  3.62257840e-02  4.33665247e+01 -3.32605425e+01
 -1.23065681e+00  2.83974329e-01]","[ -8.51311391   0.36387747  -4.3394754  -34.94244836  -1.30521343
  -0.12665087]","[ 2.30847264e-01  3.56716079e-02 -4.43075261e+01  1.22282712e+01
 -1.29318780e+00 -7.02054342e-02]",007,RP
309,0,0.8336868453653636,0,"[-1.66958461e-01  3.40873371e-02  3.53932027e+01  7.90919465e+00
 -3.46117815e-01 -1.07884704e+00]","[-7.27453103e-01  1.08094660e-02 -1.44729079e+02 -1.03283617e+02
 -1.15144138e+00 -3.66982152e-01]","[-1.23431869e+01  6.94576921e-02 -1.09333056e+01 -1.32951835e+02
 -8.32870063e-01  7.02041628e-01]","[ -7.80184212   1.0082821   -1.5675842  -10.23004444  -1.326411
   0.05907301]","[-3.48792769e-01  1.15912407e-02  1.32207334e+02  4.81129622e+01
 -1.04325988e+00  5.98687813e-01]","[  0.83877095   0.04423852  35.49184627 -27.76952969  -1.22181416
   0.29636102]","[ -8.74832065   0.38896063  -4.06317048 -33.54591823  -1.31175246
  -0.07347786]","[ 2.07677242e-01  3.74652477e-02 -4.21834310e+01  1.07605386e+01
 -1.29398452e+00 -7.60869059e-02]",007,RP
310,0,0.8336868453653636,0,"[-1.59743509e-01  1.98052318e-02 -3.11425141e+01 -2.97481448e+00
 -1.23940413e+00 -4.25319276e-01]","[-7.35544363e-01  1.41254629e-02 -1.10361454e+02 -7.91757456e+01
 -1.15624763e+00 -4.18374127e-01]","[-1.23346292e+01  8.65924342e-02  1.38007192e+01  1.72226755e+02
 -4.90280611e-01  9.61202825e-01]","[ -8.4029439    0.93802223  -1.68193489 -12.13320453  -1.31561292
   0.15788687]","[-3.39843468e-01  1.68100517e-02  9.21661463e+01  3.33220628e+01
 -1.12782842e+00  4.90878906e-01]","[  0.87026687   0.05437628  28.85910745 -23.11512516  -1.21964773
   0.30714488]","[-8.99559244e+00  4.01963928e-01 -3.93324943e+00 -3.33819088e+01
 -1.31480560e+00 -2.53491800e-02]","[ 1.83350151e-01  3.94215976e-02 -4.00898444e+01  9.35047905e+00
 -1.29600986e+00 -7.63812341e-02]",007,RP
311,0,0.8336868453653636,0,"[-1.71274880e-01  3.69104388e-02 -3.98424097e+01 -4.82400396e+00
 -9.78264489e-01 -7.35392217e-01]","[-7.45932007e-01  1.85157675e-02 -8.43503377e+01 -6.09196167e+01
 -1.19203440e+00 -3.86869083e-01]","[-12.26784088   0.16214244   9.28726659 115.93470873  -1.02542393
   0.67669579]","[ -8.93869586   0.80812359  -1.94196184 -15.35860623  -1.2815285
   0.29135408]","[-3.27366891e-01  2.27905441e-02  6.84145721e+01  2.43966658e+01
 -1.18332243e+00  4.09909517e-01]","[  0.90888831   0.06690796  23.45644002 -19.31928413  -1.22626271
   0.30415218]","[-9.24719485e+00  4.02586267e-01 -3.92723766e+00 -3.43159319e+01
 -1.31469529e+00  2.08776648e-02]","[  0.15782611   0.04138275 -38.19282399   8.0278247   -1.29921587
  -0.06977853]",007,RP
312,0,0.8038518973655149,0,"[ -0.1968942    0.05341111 -29.22351434  -3.75394052  -1.28599355
  -0.36121317]","[-7.59159218e-01  2.34878837e-02 -6.67283322e+01 -4.86574285e+01
 -1.23234396e+00 -3.26475838e-01]","[-12.15083484   0.23146743   6.73363126  83.81924132  -1.2390749
   0.39620305]","[ -9.37005232   0.62067547  -2.48620031 -21.29582703  -1.17559705
   0.50316854]","[-3.10990626e-01  2.93016151e-02  5.34494172e+01  1.86222677e+01
 -1.22511807e+00  3.39705688e-01]","[  0.95599013   0.08162448  19.24346268 -16.39656046  -1.2396929
   0.28591985]","[ -9.49545456   0.39108483  -4.04142427 -36.37516048  -1.31135263
   0.06674947]","[  0.13118209   0.04313033 -36.6504246    6.80787913  -1.30328564
  -0.05553878]",007,RP
313,0,0.8038518973655149,0,"[ -0.23154193   0.06282531 -25.12242305  -3.8168944   -1.34946204
  -0.12858321]","[-7.75440516e-01  2.85058930e-02 -5.51635856e+01 -4.07760792e+01
 -1.26706355e+00 -2.57903412e-01]","[-11.99500692   0.28227704   5.5788585   68.91844631  -1.31537366
   0.21123208]","[ -9.65825201   0.38780102  -3.65941796 -33.34358087  -0.79008862
   0.85893221]","[-2.90530893e-01  3.59472044e-02  4.37143001e+01  1.47003546e+01
 -1.25798981e+00  2.74018518e-01]","[  1.01267793   0.09786102  16.07166548 -14.27542086  -1.25656021
   0.25571772]","[ -9.73302731   0.36831031  -4.28835512 -39.73867749  -1.30499245
   0.11401167]","[ 1.03646331e-01  4.43963774e-02 -3.56107779e+01  5.69092647e+00
 -1.30772966e+00 -3.31394584e-02]",007,RP
314,0,0.8038518973655149,0,"[ -0.27030101   0.06497663 -24.326487    -4.57547393  -1.34708676
   0.03482885]","[-7.94626425e-01  3.29917267e-02 -4.77874981e+01 -3.59732088e+01
 -1.29482469e+00 -1.86209248e-01]","[-1.18149662e+01  3.08332004e-01  5.12535939e+00  6.25559479e+01
 -1.34484127e+00  6.16141504e-02]",[-9.76616802  0.20656945 -1.20111576 -9.73029832 -1.64783606  0.26865649],[-0.26607962  0.04220988 37.32266486 11.93080055 -1.28332089  0.21054994],"[  1.0795427    0.11457412  13.74732392 -12.84082325  -1.27387042
   0.21736801]","[ -9.95305881   0.33538823  -4.70355641 -44.81477355  -1.29543397
   0.16697205]","[ 7.56233702e-02  4.48826767e-02 -3.52278291e+01  4.66404716e+00
 -1.31174989e+00 -1.87374883e-03]",007,RP
315,0,0.8038518973655149,0,"[ -0.3088841    0.06103543 -25.84192659  -5.98216015  -1.31699584
   0.16659015]","[-8.16189219e-01  3.63454047e-02 -4.34572491e+01 -3.34693382e+01
 -1.31558581e+00 -1.10536374e-01]","[-11.62801487   0.30554305   5.17030589  62.12039379  -1.34615659
  -0.08658198]",[-9.66014325  0.40703516  3.19193331 32.83453299 -0.43903988  1.05354693],[-0.23805265  0.04752986 33.20538255  9.90462922 -1.30152713  0.14871934],"[  1.15645947   0.1304623   12.08972099 -11.98127235  -1.28949572
   0.17384158]","[-10.14919009   0.29325096  -5.36712179 -52.47193929  -1.27963911
   0.2347574 ]","[  0.04770113   0.04429176 -35.69308189   3.70260041  -1.31399344
   0.03929602]",007,RP
316,0,0.8038518973655149,0,"[ -0.34399431   0.05280532 -29.73996416  -8.23037855  -1.26906376
   0.2833471 ]","[-8.39241179e-01  3.80043767e-02 -4.15983643e+01 -3.29110603e+01
 -1.32799804e+00 -2.84343209e-02]","[-11.45314124   0.27228611   5.7693368   68.07702921  -1.30958582
  -0.2641589 ]",[-9.312569    0.78274726  1.91267404 19.811909   -0.92910563  0.74041124],[-0.20718882  0.05139797 30.74213836  8.36942733 -1.313073    0.0884549 ],"[  1.24247568   0.14412468  10.95608915 -11.61267429  -1.30213988
   0.12713366]","[-10.31546422   0.24246881  -6.45920638 -64.62971237  -1.24649801
   0.33400637]","[ 2.06332506e-02  4.23727658e-02 -3.72882299e+01  2.76937739e+00
 -1.31235358e+00  9.18751089e-02]",007,RP
317,0,0.8038518973655149,0,"[ -0.37350327   0.04227297 -36.91053661 -11.78620595  -1.20501899
   0.39562948]","[-8.62599788e-01  3.75447419e-02 -4.20958085e+01 -3.43118355e+01
 -1.32913954e+00  6.29834639e-02]","[-11.30953454   0.21041688   7.31236775  84.69947556  -1.1753855
  -0.52073976]",[-8.70496626  1.19919552  1.28720445 13.20507128 -1.12707347  0.52099491],"[-1.74500015e-01  5.34348490e-02  2.95869863e+01  7.16292954e+00
 -1.31861967e+00  2.94307659e-02]","[  1.3357987    0.15423336  10.24628925 -11.68697986  -1.31120029
   0.07830854]","[-10.4462695    0.18370091  -8.41609436 -85.91678989  -1.16119944
   0.49638448]","[-4.70717876e-03  3.89752753e-02 -4.04825259e+01  1.80944151e+00
 -1.30361744e+00  1.58435239e-01]",007,RP
318,0,0.8038518973655149,0,"[-3.96420139e-01  3.12011522e-02 -4.95222637e+01 -1.76316226e+01
 -1.11862235e+00  5.16497202e-01]","[-8.84908527e-01  3.47928636e-02 -4.53325334e+01 -3.81151454e+01
 -1.31417291e+00  1.67883161e-01]","[-11.21480793   0.12838569  10.74199958 122.46946208  -0.71015623
  -0.90071999]",[-7.83076304  1.62125217  0.96327637  9.543189   -1.21531192  0.38158616],"[-1.41183563e-01  5.34340387e-02  2.95874285e+01  6.17725858e+00
 -1.31877238e+00 -2.93657007e-02]","[  1.43387876   0.15968406   9.90081294 -12.19656541  -1.31647473
   0.02746955]","[-1.05364639e+01  1.19028195e-01 -1.23856096e+01 -1.28500528e+02
 -8.97001511e-01  7.83475574e-01]","[-2.74000200e-02  3.40942971e-02 -4.61430444e+01  7.35679661e-01
 -1.28222590e+00  2.44239507e-01]",007,RP
319,0,0.7560928201649056,0,"[-4.12661656e-01  2.08392285e-02 -7.27879969e+01 -2.80368153e+01
 -9.81629909e-01  6.73884092e-01]","[-9.04806316e-01  2.98999627e-02 -5.24860743e+01 -4.54897315e+01
 -1.27385744e+00  2.94128202e-01]","[-11.18318819   0.07215671  -0.24043048  -0.68877929  -1.71507711
  -0.24890897]",[-6.69703187  2.02226048  0.77668918  7.20151217 -1.26119837  0.28239259],[-0.10851861  0.05136417 30.76156805  5.33820251 -1.31372661 -0.0899942 ],"[  1.53357329   0.15970134   9.89975591 -13.18200126  -1.31773163
  -0.0262515 ]","[-1.05817508e+01  5.85248215e-02 -1.66037108e+01 -1.73696330e+02
 -5.86563033e-01  8.43752326e-01]","[-4.65658655e-02  2.78900680e-02 -5.60580475e+01 -6.10391502e-01
 -1.23589705e+00  3.61117419e-01]",007,RP
320,0,0.7560928201649056,0,"[-4.22689878e-01  1.18682436e-02 -1.20551242e+02 -4.89557897e+01
 -6.77698431e-01  9.30455135e-01]","[-9.21114294e-01  2.33439134e-02 -6.64672388e+01 -5.92239238e+01
 -1.18593781e+00  4.58807154e-01]","[ -11.22392279    0.14525437   -9.30489182 -102.43738738   -0.5712516
   -0.98622614]",[-5.32496617  2.37856963  0.66242319  5.52738106 -1.2869903   0.20571496],[-0.07776726  0.04734232 33.33020877  4.59199893 -1.30264255 -0.15609278],"[  1.63136846   0.15389807  10.26758636 -14.75021657  -1.31427655
  -0.08472946]","[-1.05792344e+01  6.36411195e-02  1.66220672e+01  1.77848746e+02
 -4.71342491e-01  9.38348239e-01]","[-6.14533315e-02  2.06859585e-02 -7.44364256e+01 -2.57436634e+00
 -1.12904629e+00  5.36897853e-01]",007,RP
321,0,0.7560928201649056,0,"[-4.27142103e-01  5.17931612e-03 -1.55611503e+02 -6.44682248e+01
 -7.23122856e-01  7.79335942e-01]","[-9.32988316e-01  1.58626647e-02 -9.48615531e+01 -8.65047206e+01
 -9.81709019e-01  7.01534753e-01]","[-11.3401583    0.25768404  -5.89139588 -64.80936191  -1.04707206
  -0.64162347]",[-3.74913713  2.67012957  0.59116656  4.21636451 -1.30220837  0.14236687],[-0.05009202  0.04159818 37.8366207   3.89531259 -1.28237427 -0.23383517],"[  1.72363045   0.14230242  11.08990461 -17.11489731  -1.30443071
  -0.15114557]","[-10.52797958   0.12945482  11.41475907 122.1743504   -0.89588322
   0.78176257]","[-7.15121252e-02  1.30047672e-02 -1.12274990e+02 -6.02902316e+00
 -8.34028328e-01  8.29149910e-01]",007,RP
322,0,0.7560928201649056,0,"[-4.26572776e-01  6.33326257e-03  1.86806612e+02  8.16866148e+01
 -4.32901396e-01  9.99364490e-01]","[-9.39989093e-01  8.48393996e-03 -1.53367375e+02 -1.42163660e+02
 -4.71445103e-01  1.03151080e+00]","[-11.52851018   0.3650888   -4.26707924 -47.19306644  -1.22007459
  -0.4082468 ]",[-2.01566976  2.88067403  0.54853188  3.10565912 -1.31130502  0.08643758],"[-2.64930499e-02  3.44452954e-02  4.54693197e+01  3.20462095e+00
 -1.24445423e+00 -3.34218471e-01]","[  1.80686628   0.1253649   12.55613771 -20.68726189  -1.28442958
  -0.23088013]","[-10.4294277    0.19966642   7.73912456  82.71464009  -1.15627663
   0.50227563]","[-7.64439215e-02  6.17623486e-03 -1.49674055e+02 -9.44167175e+00
 -5.95877518e-01  8.43189773e-01]",007,RP
323,0,0.7173954810518021,0,"[-4.21361919e-01  1.25127021e-02  1.19228660e+02  5.22384170e+01
 -9.26855125e-01  7.49078696e-01]","[-9.42051053e-01  4.57168195e-03  6.44287088e+01  6.26951330e+01
 -1.59355902e+00  3.01513883e-01]","[-11.77939202   0.45389928  -3.46422975 -38.80652024  -1.28962815
  -0.25300073]",[-0.1797718   2.99762365  0.52740199  2.094812   -1.3161005   0.03380762],"[-7.76417935e-03  2.62701489e-02  5.89711718e+01  2.45786275e+00
 -1.16518284e+00 -4.79328904e-01]","[  1.87798134   0.10395208  15.06685386 -26.29527038  -1.24550652
  -0.33368017]","[-10.28762059   0.26324415   5.94976525  63.20892749  -1.25282989
   0.33143487]","[-7.62286245e-02  6.61289327e-03  1.66012716e+02  1.46549210e+01
 -4.99997862e-01  9.21022598e-01]",007,RP
324,0,0.6744638019999676,0,"[-4.11779868e-01  1.90804304e-02  8.10152483e+01  3.53604483e+01
 -1.14835379e+00  5.02777729e-01]","[-9.39367621e-01  9.08185165e-03  1.55439369e+02  1.48014710e+02
 -7.26201941e-01  8.99196808e-01]","[-12.07798958   0.51579367  -3.06047069 -34.96433312  -1.31964936
  -0.13553994]",[ 1.69685993  3.01242398  0.52484397  1.10941329 -1.31715233 -0.01858908],"[ 5.53789337e-03  1.75631009e-02  8.54282422e+01  1.52690750e+00
 -9.64996116e-01 -7.16972769e-01]","[  1.93451761   0.07933368  19.52825619 -35.77775549  -1.16475754
  -0.47918324]","[-10.10925016   0.31486401   5.00260634  52.57259894  -1.29713438
   0.2113152 ]","[-7.11277094e-02  1.28696869e-02  1.15973058e+02  1.02488980e+01
 -9.72988266e-01  7.23605056e-01]",007,RP
325,0,0.6004545465116763,0,"[-3.98150541e-01  2.52291437e-02  6.20407141e+01  2.67015439e+01
 -1.24598800e+00  3.42822305e-01]","[-9.32240803e-01  1.52671674e-02  1.00335396e+02  9.55367498e+01
 -1.08950721e+00  5.82315344e-01]","[-12.40568268   0.54577123  -2.89651306 -33.93322186  -1.3303852
  -0.0359038 ]",[ 3.54864961  2.92115585  0.54101678  0.08012102 -1.31431858 -0.07371169],"[ 1.31177666e-02  9.20508232e-03  1.36820857e+02  2.05215936e-01
 -4.47521441e-01 -1.02679438e+00]","[ 1.97484771e+00  5.32095721e-02  2.82488030e+01 -5.37870838e+01
 -9.69926659e-01 -7.10044352e-01]",[-9.9035425   0.35028872  4.50870341 46.65213581 -1.31973315  0.11321639],"[-6.16676669e-02  1.89757690e-02  8.18873254e+01  7.04980031e+00
 -1.21041493e+00  4.36465155e-01]",007,RP
326,0,0.9097116806178814,0,[-0.36588708  0.06009035 23.70192335 10.67222764 -0.27018628  1.11183173],[-0.8768239   0.11646244 10.59171444 11.28706839  0.18819187  1.45474791],"[-12.71450886   0.50192239  -3.12946864 -37.7896568   -1.38753532
   0.21627681]",[ 5.50055821  3.02886533  0.52111739 -0.86643653 -1.18702935  0.09711658],"[-9.48547894e-03  5.91661964e-02 -1.82735101e+01  1.82666701e+00
  2.32468958e-01 -1.48716466e+00]",[ 1.93591343  0.13546841 -6.50273154 14.58872534  0.03954691 -1.35516804],[-9.61205609  0.48934592  3.14669927 32.24624987 -0.86473872  0.57066549],[-0.03007488  0.06161926 22.09124619  2.66439166 -0.05831594  1.27349021],007,RP
327,0,0.9097116806178814,0,[-0.33923212  0.06178351 23.43467438  9.94979421 -1.68796856  0.29285529],[-0.81425214  0.15057933  9.54665756  9.77338631 -1.77200906  0.42159997],"[-12.88173098   0.33585304  -3.30145186 -40.52841471  -1.00986331
   0.33707872]",[ 6.85861392  2.35866032  0.62038295 -2.25496716 -1.28721865 -0.26091571],"[ -0.03778016   0.07758981 -18.02141989   1.3191479   -1.80234051
  -0.42108633]",[ 1.87588768  0.18444645 -7.34420434 15.77690244 -1.77435359 -0.4229842 ],[-9.39068486  0.43945229  3.35979774 33.55080182 -1.51336617  0.0441704 ],"[ 9.48881020e-04  7.12169864e-02  2.05894039e+01  1.98046311e+00
 -1.79461096e+00  3.37894355e-01]",007,RP
328,0,0.9097116806178814,0,[-0.32098777  0.05117185 21.61691976  8.93876677 -1.58132774 -0.17983482],[-0.74533025  0.15937882  9.30054893  8.93198047 -1.77619408 -0.32103846],"[-12.89116568   0.31907992   2.0604595   28.56172483  -1.09181399
   0.23326886]",[ 7.60890587  1.53104784  0.55717762 -2.23951205 -0.98308975 -0.15779991],"[ -0.07030332   0.08176032 -17.75818985   0.75154026  -1.8065852
   0.3635515 ]",[ 1.79917868  0.20263536 -7.20256205 14.95869606 -1.79326217  0.33486947],[-9.25189565  0.32469829  3.15786189 31.21620866 -1.29389911 -0.17986117],[ 0.03018345  0.06703956 21.03743155  1.36501768 -1.78031171 -0.43078961],007,RP
329,0,0.9097116806178814,0,[-0.31390539  0.04188655 -2.50593747  1.21337272 -1.5687457  -0.03185665],[-0.67090087  0.1403628  10.04776929  8.74105713 -0.1981384  -1.14970593],"[-12.73678411   0.52278878   2.79980303  37.66048669  -1.20395468
   0.48366518]",[ 7.77099089  1.26822009 -0.59903784  6.6551176  -1.17217443  0.31141947],"[-1.05701676e-01  6.99972194e-02 -1.90819352e+01 -1.69925201e-02
  1.69429204e-02  1.32399997e+00]",[ 1.71036813  0.18008829 -7.62099182 15.03470156 -0.08280969  1.2492133 ],"[ -9.20245644   0.25307433  -1.33633103 -10.29752813  -1.48621916
   0.24930072]",[ 0.05678457  0.05107907 22.65686993  0.71343943  0.24305923 -1.49487941],007,RP
330,0,0.9097116806178814,0,"[ -0.32057138   0.05284967 -29.46554207  -7.44580961  -1.18514384
  -0.42367084]","[-5.91888725e-01  6.14733721e-02  2.57204481e+01  1.72236432e+01
 -1.30665707e+00 -8.86558964e-03]","[-12.42299602   0.69336745   2.2792463   30.31506773  -1.32818457
   0.07009474]","[ 7.39602759e+00  1.70508576e+00 -9.27165683e-01  8.85734296e+00
 -1.34141200e+00  2.87993271e-03]","[-1.42820857e-01  2.12462035e-02 -7.43819912e+01 -8.62329975e+00
 -1.27300457e+00  7.73942796e-02]","[  1.61382571   0.06341251 -24.87392917  42.14218629  -1.27847033
   0.17396533]","[ -9.24266945   0.31088129  -5.0796708  -44.94971816  -1.33387944
  -0.11304816]","[ 8.03428551e-02  2.50178995e-03  6.18541275e+02 -4.76953720e+01
 -8.65590721e-01 -4.44799896e-01]",007,RP
331,0,0.9097116806178814,0,"[ -0.35842109   0.06818291 -22.97646701  -6.23525025  -1.23036123
  -0.33400066]",[-0.55347095  0.06065019 26.06768681 16.42770726 -1.30678229 -0.03090607],"[-1.19915405e+01  7.03597158e-01  2.24690443e+00  2.89438455e+01
 -1.33095619e+00 -2.55669884e-02]",[ 6.37109322  1.63621191 -0.96492993  8.14765856 -1.32788586  0.12564295],"[-1.56317389e-01  2.06943092e-02 -7.63999347e+01 -9.94263828e+00
 -1.27356278e+00  1.25281041e-03]","[  1.57578031   0.05653287 -27.90300025  45.96899836  -1.26958176
   0.17195217]","[-9.43610295e+00  3.20876299e-01 -4.92666963e+00 -4.44885618e+01
 -1.34229397e+00  1.59989412e-02]","[ 8.23709578e-02  2.82399646e-03  5.38495381e+02 -4.23563803e+01
 -7.63485212e-01  6.90280146e-01]",007,RP
332,0,0.9097116806178814,0,"[ -0.40598398   0.0834937  -18.82435933  -5.6423884   -1.25693224
  -0.27023106]",[-0.5159051   0.05887062 26.85063884 15.85238151 -1.30674174 -0.05707862],"[-11.56785293   0.66929565   2.3590527   29.28917469  -1.32202453
  -0.12570472]",[ 5.4263054   1.44408926 -1.08857642  7.90694811 -1.29132405  0.25774365],"[-1.69789619e-01  2.11889838e-02 -7.45869918e+01 -1.06640969e+01
 -1.27472756e+00 -7.29873167e-02]","[  1.54150261   0.05087912 -31.02686575  49.82799449  -1.2690422
   0.14173547]","[ -9.62755445   0.30440128  -5.18404366 -47.90966261  -1.3273609
   0.14617806]","[ 8.51020103e-02  5.02184315e-03  2.95472460e+02 -2.31453003e+01
 -7.43462378e-01  8.47719140e-01]",007,RP
333,0,0.7980995531063885,0,"[ -0.46303607   0.09831974 -16.0190116   -5.41738024  -1.27536525
  -0.21881219]",[-0.47985404  0.05600707 28.21200736 15.53764575 -1.30562997 -0.09066895],"[-11.18011227   0.59168367   2.65803877  31.71717192  -1.29465284
  -0.24739316]",[ 4.6329413   1.15379188 -1.3482355   8.24629591 -1.2122638   0.42569729],"[-1.83790462e-01  2.25767530e-02 -6.99546849e+01 -1.08570038e+01
 -1.27881287e+00 -1.19433965e-01]","[ 1.51018372e+00  4.69518715e-02 -3.36519484e+01  5.28206247e+01
 -1.27583622e+00  9.33834202e-02]","[ -9.80113454   0.26364507  -5.951285   -56.329345    -1.28144448
   0.29493073]","[ 8.95258636e-02  8.65691186e-03  1.74419821e+02 -1.36150851e+01
 -9.23043007e-01  7.16958370e-01]",007,RP
334,0,0.7980995531063885,0,"[ -0.52898198   0.11196008 -14.08843798  -5.45252984  -1.29034964
  -0.17176239]",[-0.44607142  0.05189362 30.42245358 15.57058701 -1.30179929 -0.13602544],"[-10.85535713   0.47435666   3.27971676  37.60249667  -1.22111357
  -0.42113547]",[ 4.0468839   0.79755589 -1.88926721  9.64564508 -1.01040683  0.68294931],"[-1.98732400e-01  2.44969590e-02 -6.44580425e+01 -1.08099015e+01
 -1.28822639e+00 -1.29519292e-01]","[ 1.48090556e+00  4.46562627e-02 -3.53997991e+01  5.44237592e+01
 -1.28648626e+00  4.89730128e-02]","[ -9.9430925    0.20379793  -7.58742572 -73.44247577  -1.17321218
   0.49080926]","[ 9.64635139e-02  1.33716196e-02  1.14969088e+02 -9.09032217e+00
 -1.07756427e+00  5.67098581e-01]",007,RP
335,0,0.7980995531063885,0,"[ -0.60267147   0.12340564 -12.79655266  -5.71211719  -1.3038408
  -0.12308912]",[-0.41542055  0.04635588 33.99494604 16.12219911 -1.29157029 -0.20032484],"[-10.61826402   0.32499233   4.60325022  50.87852613  -0.99188963
  -0.70872996]",[ 3.70727188  0.42712547 -2.92620767 12.84824739 -0.47953656  0.99712414],"[-2.14787580e-01  2.64680838e-02 -5.96806916e+01 -1.08186713e+01
 -1.30138906e+00 -1.08265843e-01]","[ 1.45295270e+00  4.33523241e-02 -3.64691163e+01  5.49879010e+01
 -1.29890381e+00  3.05423954e-02]","[ -10.04328567    0.13287046  -11.10013993 -109.48187625   -0.89055358
    0.78785407]","[ 1.06461348e-01  1.86738689e-02  8.33176981e+01 -6.87011444e+00
 -1.18187745e+00  4.34288034e-01]",007,RP
336,0,0.7980995531063885,0,"[ -0.68223051   0.13135317 -12.03238407  -6.2088595   -1.31546994
  -0.06819923]","[-3.88867808e-01  3.92564823e-02  3.99758016e+01  1.75453023e+01
 -1.26510230e+00 -2.96810618e-01]","[-10.48992764   0.16874743   6.51925111  70.38647236  -0.51772961
  -0.90672874]",[ 3.6372388   0.28938271  2.03931145 -5.41746274 -1.14618128  0.52740673],"[-2.31831415e-01  2.79743307e-02 -5.65009257e+01 -1.10986896e+01
 -1.31443181e+00 -6.37589266e-02]","[ 1.42606695e+00  4.20609247e-02 -3.75834085e+01  5.55964566e+01
 -1.31118829e+00  5.01629956e-02]","[-1.00961632e+01  6.50882108e-02 -1.63081702e+01 -1.62649948e+02
 -4.41574242e-01  9.62996359e-01]","[ 1.19719544e-01  2.39747207e-02  6.53803860e+01 -5.82730998e+00
 -1.24793015e+00  3.20910709e-01]",007,RP
337,0,0.7980995531063885,0,"[-7.64961813e-01  1.34367118e-01 -1.17667351e+01 -7.00110303e+00
 -1.32317233e+00 -3.75457606e-03]","[-3.67441797e-01  3.05745513e-02  5.07674944e+01  2.06540994e+01
 -1.19297531e+00 -4.52545959e-01]","[-10.48656267   0.16192225  -5.70999465 -57.87821676  -0.57560823
  -0.85973678]",[ 3.84538266  0.61517305  2.32188654 -6.92854225 -0.74761735  0.88896392],"[-2.49436172e-01  2.85407471e-02 -5.53966737e+01 -1.18179342e+01
 -1.32338652e+00 -1.39527132e-03]","[ 1.40058876e+00  3.97160840e-02 -3.97665833e+01  5.76966296e+01
 -1.31787390e+00  1.12878831e-01]","[-1.01011880e+01  5.49155601e-02  1.73705297e+01  1.77462985e+02
 -6.82219573e-01  7.64677906e-01]","[ 1.36065433e-01  2.86793945e-02  5.49019378e+01 -5.47025593e+00
 -1.28852441e+00  2.22931870e-01]",007,RP
338,0,0.7980995531063885,0,"[ -0.84737205   0.13118459 -12.04662966  -8.20797731  -1.32361681
   0.07338259]","[-3.52156281e-01  2.05708254e-02  7.26000861e+01  2.75665763e+01
 -9.68385549e-01 -7.24824241e-01]","[-10.61816881   0.34508079  -4.21992418 -42.80786726  -0.81352107
  -0.84320204]",[ 4.3267388   1.01627374  1.50889898 -4.52861175 -1.10361699  0.57133557],"[-2.66908421e-01  2.77930427e-02 -5.68569503e+01 -1.31755988e+01
 -1.32441668e+00  7.80674584e-02]","[ 1.37747657e+00  3.53764730e-02 -4.44881674e+01  6.32814082e+01
 -1.30550438e+00  2.28427437e-01]","[-1.00627372e+01  1.04920068e-01  1.41999493e+01  1.44890357e+02
 -1.01238001e+00  7.04313284e-01]","[ 1.54973828e-01  3.22635966e-02  4.89301398e+01 -5.58289109e+00
 -1.31231006e+00  1.35404641e-01]",007,RP
339,0,0.7985882902995871,0,"[ -0.92537967   0.12106829 -13.02802694 -10.05587123  -1.31140623
   0.16803229]","[-3.43896717e-01  1.05663704e-02  1.06260529e+02  3.85426470e+01
 -4.81607795e-01 -9.42002254e-01]","[-10.88731519   0.55452732  -2.77249566 -28.18503408  -1.11597164
  -0.55169752]",[ 5.06277408  1.39385556  1.12032287 -3.67194162 -1.22917384  0.3784995 ],"[-2.83356396e-01  2.54963545e-02 -6.18382750e+01 -1.55222707e+01
 -1.31162776e+00  1.80491749e-01]","[ 1.35822738e+00  2.83986675e-02 -5.47034967e+01  7.62997868e+01
 -1.23121108e+00  4.29641140e-01]","[ -9.98958274   0.14879319  10.4969491  106.86014156  -1.2877355
   0.35387474]","[ 1.75627270e-01  3.43261224e-02  4.60485984e+01 -6.08738963e+00
 -1.32421971e+00  5.35918265e-02]",007,RP
340,0,0.8065296497748727,0,"[ -0.9947125    0.1041018  -15.07844853 -12.99872126  -1.27574672
   0.28956191]","[-3.43273898e-01  9.30676317e-03 -9.50429098e+01 -3.06257502e+01
 -6.64034221e-01 -7.95723221e-01]","[-11.28821599   0.75371106  -2.07283492 -21.39860831  -1.230929
  -0.37205664]",[ 6.02060613  1.71383108  0.91776706 -3.52551401 -1.2856018   0.24774033],"[-2.97774189e-01  2.15757942e-02 -7.26051789e+01 -1.96199483e+01
 -1.26903509e+00  3.23551924e-01]","[ 1.34471820e+00  1.87739388e-02 -7.74930313e+01  1.06206289e+02
 -9.07384716e-01  7.83972323e-01]",[-9.89402035  0.17283577  9.13409938 92.37296517 -1.36374788  0.1099539 ],"[ 1.97004190e-01  3.46218927e-02  4.56631083e+01 -6.99582365e+00
 -1.32638669e+00 -2.70115285e-02]",007,RP
341,0,0.8163727386432272,0,"[ -1.05144792   0.08137981 -19.06573439 -18.04662669  -1.18986916
   0.4574991 ]","[-3.50460583e-01  1.93495244e-02 -7.54653756e+01 -2.44476395e+01
 -8.53280359e-01 -8.18307939e-01]","[-11.8062359    0.92464231  -1.70117258 -18.08444484  -1.28451602
  -0.24696483]",[ 7.15214051  1.9481524   0.81017303 -3.79447135 -1.31529929  0.14283915],"[-3.09132951e-01  1.61457973e-02 -9.50661469e+01 -2.73880785e+01
 -1.13893640e+00  5.50430519e-01]","[ 1.33897976e+00  9.89650046e-03 -5.24447367e+01  7.22224409e+01
 -1.36479382e+00  3.76355635e-01]",[-9.79065488  0.17308693  9.12163811 91.30681068 -1.36528757 -0.10477   ],"[ 2.17982359e-01  3.30793397e-02  4.77464139e+01 -8.40787593e+00
 -1.31866439e+00 -1.11240112e-01]",007,RP
342,0,0.832051347499252,0,"[ -1.09260321   0.05511776 -27.22713785 -27.74845818  -0.97325409
   0.71293136]","[-3.65043424e-01  3.01191016e-02 -5.12821047e+01 -1.67201951e+01
 -1.17136477e+00 -4.99457149e-01]","[-12.41794679   1.05249712  -1.49949246 -16.62061763  -1.31257587
  -0.14681647]",[ 8.39405119  2.07149072  0.76308407 -4.40536671 -1.33027985  0.04596381],"[-3.16469988e-01  9.69682743e-03 -1.42777583e+02 -4.31848200e+01
 -6.98823143e-01  9.10337467e-01]","[ 1.34291892e+00  1.76090527e-02  7.02734876e+01 -9.23715963e+01
 -3.75503681e-01  1.07058431e+00]","[ -9.69486102   0.14946463  10.45252938 103.33581964  -1.29074379
  -0.34967107]","[ 2.37445470e-01  2.98006976e-02  5.28667240e+01 -1.05529641e+01
 -1.29818959e+00 -2.05646496e-01]",007,RP
343,0,0.832051347499252,0,"[-1.11664738e+00  2.91287317e-02 -4.38249151e+01 -4.69369766e+01
 -4.39642155e-01  1.04337304e+00]","[-3.85930895e-01  3.89669059e-02 -4.02742997e+01 -1.35430966e+01
 -1.28877603e+00 -2.88905403e-01]","[-13.09182398   1.12478981  -1.4052471  -16.3972477   -1.32677529
  -0.05633643]",[ 9.66926091  2.06346858  0.76597428 -5.40640514 -1.33302691 -0.05521967],"[-3.18969660e-01  5.28199869e-03 -7.08368631e+00 -2.59481015e-01
 -1.72109185e+00  2.48537032e-01]","[ 1.35801060e+00  3.49497109e-02  4.25596731e+01 -5.57964871e+01
 -9.01433158e-01  7.68960355e-01]","[-9.62100784e+00  1.06014142e-01  1.40895497e+01  1.37555668e+02
 -1.02096011e+00 -6.96151283e-01]","[ 2.54382213e-01  2.50446355e-02  6.25752583e+01 -1.39180327e+01
 -1.25641998e+00 -3.21454476e-01]",007,RP
344,0,0.832051347499252,0,"[-1.12380406e+00  1.54832099e-02  2.22989610e+01  2.70596629e+01
 -1.57280873e+00  2.79824223e-01]","[ -0.41135426   0.04458079 -35.41106988 -12.56649427  -1.33705244
  -0.12652807]","[-13.78961322   1.13204666  -1.39644577 -17.25644704  -1.33040952
   0.03501249]",[10.89008979  1.91127308  0.82499751 -6.98429696 -1.31918045 -0.17521602],"[-3.16035769e-01  1.06160201e-02  1.26479551e+02  4.19720622e+01
 -5.39471799e-01  1.00366637e+00]","[  1.38499244   0.05388032  28.64111589 -37.66772909  -1.13750853
   0.51917825]","[-9.58063291e+00  5.56613762e-02  1.85712624e+01  1.79924448e+02
 -5.72144562e-01 -8.53848318e-01]","[ 2.67970798e-01  1.92010207e-02  8.06545307e+01 -1.96130590e+01
 -1.16827185e+00 -4.81061607e-01]",007,RP
345,0,0.832051347499252,0,"[-1.11606665e+00  2.79323050e-02  5.16171218e+01  5.96081481e+01
 -9.14516419e-01  7.80730655e-01]","[-4.38985296e-01  4.61139202e-02 -3.42788518e+01 -1.30479119e+01
 -1.34929915e+00  2.10336769e-02]","[-14.46835921   1.06873812  -1.47692895 -19.36873852  -1.32145071
   0.13802457]",[11.96299334  1.6123004   0.97047104 -9.60973855 -1.26875666 -0.33963585],"[-3.07355678e-01  1.92631114e-02  7.85221084e+01  2.61342159e+01
 -1.01018104e+00  6.71725584e-01]","[  1.42362427   0.07186409  21.76724265 -28.98837502  -1.24199709
   0.35237969]","[-9.58087081e+00  5.61421171e-02 -1.75848778e+01 -1.66478442e+02
 -5.59846980e-01 -8.64043764e-01]","[ 2.77645409e-01  1.27878847e-02  1.17001135e+02 -3.04848281e+01
 -9.50480838e-01 -7.31252794e-01]",007,RP
346,0,0.832051347499252,0,"[-1.09691572e+00  4.12031210e-02  3.78314826e+01  4.34979478e+01
 -1.29829342e+00  3.69020428e-01]","[ -0.46616868   0.04324943 -36.45275561 -14.99313291  -1.32952427
   0.17587373]","[-15.08304939   0.93434311  -1.68153433 -23.36266537  -1.28954877
   0.26881499]","[ 12.79468072   1.17954616   1.29114451 -14.51978175  -1.10219789
  -0.60237905]","[-2.92950060e-01  2.80408779e-02  5.53851746e+01  1.82250902e+01
 -1.18517107e+00  4.50692081e-01]","[  1.47258534   0.0869279   18.10946908 -24.66773864  -1.29414158
   0.22656993]","[-9.62349830e+00  1.11924039e-01 -1.32027962e+01 -1.25057087e+02
 -9.36551280e-01 -7.59360864e-01]","[ 2.83141113e-01  6.62632351e-03  1.87891779e+02 -5.11998876e+01
 -4.21224257e-01 -1.04002647e+00]",007,RP
347,0,0.9208595462566348,0,[-1.07079565  0.04786238 32.99271017 37.32845062 -1.37555565  0.08721765],"[-4.90232581e-01  3.62757286e-02 -4.30587183e+01 -1.91087866e+01
 -1.26002612e+00  3.64528388e-01]","[-15.58976583   0.73477526  -2.11020296 -30.89756998  -1.19983559
   0.45895834]","[ 13.29924487   0.66917595   1.92366247 -23.58325826  -0.5713097
  -0.94808259]","[-2.73197374e-01  3.60516864e-02  4.35056933e+01  1.38856412e+01
 -1.25972780e+00  3.07568781e-01]","[  1.52954653   0.09748808  16.19732247 -22.77455844  -1.3195424
   0.12248856]","[ -9.70482624   0.16620116  -9.34733213 -88.71423418  -1.22905681
  -0.43103975]","[ 2.84511453e-01  3.94855773e-03 -1.33546936e+02  3.99956329e+01
 -1.32011283e+00 -4.09727604e-01]",007,RP
348,0,0.9482940186552956,0,[-1.04247019  0.04721832 33.4140571  36.83315843 -1.35793664 -0.13786619],"[-5.08818098e-01  2.61093903e-02 -5.80896985e+01 -2.75570899e+01
 -1.06608551e+00  6.35691814e-01]","[-15.94914611   0.48602643  -3.0344039  -46.39615108  -0.91875798
   0.77079828]",[13.40582533  0.46278484 -1.09539921 16.68473052 -1.23828534 -0.49164229],[-0.24882413  0.04267459 36.92313569 11.18736728 -1.2961145   0.20252597],"[  1.59139659   0.10251636  15.42095397 -22.5408535   -1.3286936
   0.03018055]","[ -9.81640712   0.2050887   -7.67686849 -73.35926652  -1.3231727
  -0.21345626]","[ 2.82112504e-01  7.67184396e-03 -1.88589711e+02  5.52035156e+01
 -8.72924908e-01 -8.08180005e-01]",007,RP
349,0,0.9482940186552956,0,"[-1.01639944e+00  4.01447635e-02  3.88726412e+01  4.15101309e+01
 -1.26880596e+00 -3.71667642e-01]","[-5.20165524e-01  1.45741151e-02 -8.90811496e+01 -4.43369429e+01
 -5.30051664e-01  9.87782302e-01]","[-16.12982282   0.24209653  -3.84359823 -59.99655837  -0.65453994
   0.79290857]",[13.06605709  1.01126912 -1.39280799 20.19850868 -0.68001805 -0.93158081],[-0.22085858  0.04744475 33.28622545  9.35154835 -1.31399235  0.11784539],"[  1.65456593   0.10160939  15.55554394 -23.73767308  -1.32632794
  -0.05774887]","[-9.94633189e+00  2.23270192e-01 -7.07872826e+00 -6.84073806e+01
 -1.35013011e+00 -4.65804118e-02]","[ 2.76550622e-01  1.17517392e-02 -1.31958423e+02  3.84931838e+01
 -1.22155034e+00 -4.48511048e-01]",007,RP
350,0,0.9482940186552956,0,"[-9.96241983e-01  2.84345209e-02  5.28458817e+01  5.46472860e+01
 -1.02364693e+00 -6.83629190e-01]","[-5.23309798e-01  8.59799576e-03  4.19287783e+01  2.39417405e+01
 -1.50272483e+00  3.39411045e-01]","[-16.11138032   0.27948543   3.88456318  64.58567477  -0.45240002
   0.95770548]",[12.26013214  1.72064579 -0.88721042 12.87731704 -1.07168024 -0.60758289],[-0.19055299  0.05007116 31.57127249  8.01600046 -1.3212223   0.04462305],"[  1.71538402   0.09493533  16.62301134 -26.51484798  -1.31297693
  -0.14911175]","[-10.08081078   0.21897002  -7.21201923 -70.70300116  -1.34285862
   0.10731342]","[ 2.68597600e-01  1.47146218e-02 -1.06936489e+02  3.07228842e+01
 -1.31156757e+00 -2.30636279e-01]",007,RP
351,0,0.9482940186552956,0,"[-9.84524573e-01  1.51418849e-02  7.85503620e+01  7.93347616e+01
 -4.62653651e-01 -9.82608764e-01]","[-5.18161299e-01  1.70485327e-02  8.30792678e+01  4.50484614e+01
 -7.69476063e-01  8.74275449e-01]","[-15.88632497   0.56285588   2.63167843  43.80769875  -0.91182044
   0.7697713 ]",[11.00022024  2.40931488 -0.64695013  9.11659387 -1.21530383 -0.40409803],"[-1.59286333e-01  5.04420898e-02  3.13429805e+01  6.99250843e+00
 -1.32136841e+00 -2.29224352e-02]","[  1.77040456   0.08312101  18.91734503 -31.49135386  -1.28397816
  -0.25442258]","[-10.20571544   0.19298886  -8.13419362 -81.01526534  -1.29847069
   0.28059418]","[ 2.59085724e-01  1.63928645e-02 -9.63738045e+01  2.69690769e+01
 -1.33083929e+00 -9.14211064e-02]",007,RP
352,0,0.9482940186552956,0,"[-9.82484528e-01  1.10836528e-02 -6.57343228e+01 -6.25829552e+01
 -9.63984298e-01 -6.02333769e-01]","[-5.05472713e-01  2.73374172e-02  5.63910500e+01  3.05041370e+01
 -1.17721334e+00  5.09073885e-01]","[-15.46068838   0.86001312   1.79878216  29.81041041  -1.16723718
   0.48974362]",[ 9.33053751  3.00954895 -0.52216268  6.87205844 -1.27717128 -0.26844592],[-0.12846084  0.04860793 32.50577834  6.17571948 -1.31553738 -0.08961796],"[  1.81664693   0.06713696  23.23592123 -40.21146503  -1.22397466
  -0.39203507]","[ -10.30784711    0.14830919  -10.37941197 -104.98939171   -1.16704364
    0.52211033]","[ 2.48802039e-01  1.69075530e-02 -9.35107200e+01  2.52656578e+01
 -1.32651283e+00  4.84517035e-03]",007,RP
353,0,0.9482940186552956,0,"[-9.90075052e-01  2.21499105e-02 -6.58372347e+01 -6.31838036e+01
 -8.93685203e-01 -7.94267886e-01]","[-4.86709186e-01  3.53186862e-02  4.44671068e+01  2.36425494e+01
 -1.30171612e+00  2.71585680e-01]","[-14.8532008    1.12459968   1.39367223  22.70049343  -1.25924982
   0.31910482]",[ 7.32426788  3.47437746 -0.45401512  5.32532836 -1.306833   -0.16641963],[-0.09940463  0.04475869 35.25013518  5.50402655 -1.30280903 -0.16019458],"[ 1.85174172e+00  4.82340295e-02  3.16618951e+01 -5.66296522e+01
 -1.08101291e+00 -6.01426822e-01]","[-1.03758883e+01  9.11769332e-02 -1.53678766e+01 -1.57455371e+02
 -7.38653695e-01  8.90040330e-01]","[ 2.38400527e-01  1.65222229e-02 -9.56549692e+01  2.48041951e+01
 -1.31341833e+00  7.20176395e-02]",007,RP
354,0,0.9487153852898054,0,"[-1.00611894e+00  3.35026907e-02 -4.63200877e+01 -4.46035177e+01
 -1.22857277e+00 -4.40110237e-01]",[-0.46384638  0.03996313 39.51983904 20.33113429 -1.33993146  0.10494829],"[-14.09334052   1.33680526   1.17865232  18.61114856  -1.29806109
   0.20287947]",[ 5.07831933  3.77003598 -0.41914519  4.12855314 -1.321004   -0.08110371],"[-7.32889175e-02  3.92046045e-02  4.01363958e+01  4.94155300e+00
 -1.28008100e+00 -2.40302187e-01]","[ 1.87400254e+00  2.82271309e-02  4.93270515e+01 -9.04390197e+01
 -6.64992908e-01 -9.36946324e-01]","[-10.40112003   0.04799927  -3.76502331 -37.16045935  -1.67425154
   0.2632734 ]","[ 2.28343828e-01  1.55714300e-02 -1.01436056e+02  2.51622972e+01
 -1.29815287e+00  1.13211724e-01]",007,RP
355,0,0.9340909556982714,0,"[ -1.02859424   0.04151332 -37.92580005 -37.01025966  -1.32368835
  -0.21334636]","[-4.39123020e-01  4.09647461e-02  3.85877684e+01  1.89447774e+01
 -1.34266482e+00 -3.20222659e-02]","[-13.2187364    1.48482802   1.06366752  16.06034052  -1.31544807
   0.11405381]","[ 2.70708503e+00  3.87423168e+00 -4.08092413e-01  3.10474086e+00
 -1.32596075e+00 -1.97563560e-03]","[-5.10656576e-02  3.23519504e-02  4.83994958e+01  4.47155208e+00
 -1.24019259e+00 -3.39071200e-01]","[ 1.88244383e+00  1.38034601e-02  1.78099598e+01 -3.15262489e+01
 -1.60916629e+00 -3.03820912e-01]","[-1.03779461e+01  9.10594602e-02  1.45348469e+01  1.52841858e+02
 -5.23109079e-01  1.00599792e+00]","[ 2.18878293e-01  1.44090447e-02 -1.09595662e+02  2.59881115e+01
 -1.28531278e+00  1.25297531e-01]",007,RP
356,0,0.9340909556982714,0,"[ -1.05502169   0.04540823 -34.80512861 -34.72016576  -1.34314932
  -0.05529819]","[-4.14777145e-01  3.85051391e-02  4.09674450e+01  1.89923599e+01
 -1.32154132e+00 -1.61115469e-01]","[-12.27234218   1.56213104   1.01199458  14.41954381  -1.32218973
   0.0388727 ]",[ 0.33599394  3.77491922 -0.41860599  2.14064908 -1.32300032  0.07978894],"[-3.34284153e-02  2.46686857e-02  6.28342273e+01  4.10044864e+00
 -1.16385986e+00 -4.75223910e-01]","[ 1.87675095e+00  2.44678522e-02 -5.42082034e+01  1.03735297e+02
 -5.51704893e-01 -9.85787781e-01]","[-10.30417686   0.16587764   9.11546717  95.92738589  -1.01684706
   0.66964271]","[ 2.10039997e-01  1.33655476e-02 -1.18198371e+02  2.68263856e+01
 -1.27804782e+00  1.03480836e-01]",007,RP
357,0,0.9438808829925956,0,"[ -1.08289307   0.04540327 -34.8088148  -35.69422422  -1.33138136
   0.06418689]","[-3.92799951e-01  3.31637857e-02  4.73079088e+01  2.05825443e+01
 -1.27348109e+00 -2.98793744e-01]","[-11.29966235   1.56651139   1.00921369  13.40377395  -1.3219238
  -0.03087544]",[-1.9049665   3.47021734 -0.45444261  1.13430205 -1.30903879  0.17417639],"[-2.07953501e-02  1.66669464e-02  9.05242645e+01  3.88248377e+00
 -9.87579471e-01 -6.90490007e-01]","[ 1.85721485e+00  4.40471472e-02 -3.44232932e+01  6.59314516e+01
 -1.03706050e+00 -6.50309458e-01]","[-10.18100274   0.24028213   6.46894813  67.86037859  -1.19576498
   0.43899233]","[ 2.01685131e-01  1.27100884e-02 -1.24372088e+02  2.70840007e+01
 -1.27576619e+00  4.86184574e-02]",007,RP
358,0,0.9586183630594632,0,"[ -1.11005288   0.0423574  -37.25211344 -39.35181566  -1.3054299
   0.15612058]","[-3.74740673e-01  2.58123347e-02  6.00759039e+01  2.45128846e+01
 -1.17959891e+00 -4.66188043e-01]","[-10.34615227   1.49981796   1.0532914   12.89751325  -1.31517358
  -0.10111242]",[-3.88804023  2.97012725 -0.52830476 -0.05407017 -1.27329626  0.29633903],"[-1.33091754e-02  9.04423952e-03  1.47392129e+02  3.96166770e+00
 -5.15613552e-01 -1.01563757e+00]","[  1.82465324   0.06321944 -24.61174442  46.90789928  -1.20065881
  -0.4274369 ]","[-10.0126343    0.30662826   5.11847826  53.24945104  -1.26513633
   0.29509652]","[ 1.93536432e-01  1.26213477e-02 -1.25261286e+02  2.62426223e+01
 -1.27410656e+00 -2.64216746e-02]",007,RP
359,0,0.9586183630594632,0,"[-1.13494608e+00  3.74380172e-02 -4.20598398e+01 -4.57356505e+01
 -1.27585907e+00  2.24457104e-01]","[-3.61586401e-01  1.74938806e-02  8.60495596e+01  3.31143506e+01
 -9.76994540e-01 -7.02891364e-01]",[-9.45478302  1.3678931   1.15284055 12.89985726 -1.30035059 -0.17757017],[-5.4951099   2.30014938 -0.67324887 -1.69957656 -1.1822948   0.47592089],"[-1.08464804e-02  4.52136607e-03 -1.95945145e+01  1.78746848e+00
 -1.71506966e+00 -2.48513273e-01]","[  1.78033094   0.08039525 -19.52418435  36.75950951  -1.26235231
  -0.29383705]",[-9.80564873  0.36109882  4.36454859 44.7972303  -1.29489713  0.19655701],"[ 1.85237309e-01  1.31767184e-02 -1.19896380e+02  2.42092827e+01
 -1.27026980e+00 -1.00146325e-01]",007,RP
360,0,1.0111621555437535,0,"[-1.15667158e+00  3.17417391e-02 -4.95088582e+01 -5.52654893e+01
 -1.25033068e+00  2.74355216e-01]","[-3.53728334e-01  9.41886050e-03  1.40972472e+02  5.18659578e+01
 -4.86200999e-01 -1.03490557e+00]",[-8.66374784  1.18035452  1.33146577 13.53548367 -1.27273361 -0.26805328],[-6.62565776  1.51084945 -0.97763375 -4.47746665 -0.91255302  0.77278219],"[-1.30301416e-02  8.33000735e-03 -1.67288026e+02 -1.79786674e-01
 -7.26839347e-01 -8.94927066e-01]","[  1.72588054   0.09486707 -16.60967912  30.66632202  -1.29046347
  -0.20332673]",[-9.56815018  0.4018789   3.92929926 39.59612543 -1.30773839  0.12414147],"[ 1.76406671e-01  1.43621205e-02 -1.09882356e+02  2.13839807e+01
 -1.26657451e+00 -1.54677800e-01]",007,RP
361,0,0.9977115450486054,0,"[-1.17482745e+00  2.59521659e-02 -6.04044418e+01 -6.89647964e+01
 -1.23053008e+00  3.23403277e-01]","[-3.51015184e-01  4.46334997e-03 -8.60460468e+00 -1.02034690e+00
 -1.72232856e+00 -2.41646001e-01]",[-8.0043641   0.95018046  1.64279893 15.14956077 -1.22001494 -0.38611084],[-7.20485551  0.74878036 -1.32890097 -7.57453948 -0.55795379  0.86557139],"[-1.92450966e-02  1.36292994e-02 -1.12888662e+02 -1.72553196e-01
 -1.16376611e+00 -5.26321703e-01]","[  1.66322622   0.1061658  -14.87064845  26.73325239  -1.30486454
  -0.13476443]",[-9.3089003   0.42860644  3.68756044 36.32713246 -1.31253271  0.06795968],"[ 1.66690457e-01  1.60883625e-02 -9.80178819e+01  1.83386455e+01
 -1.26711175e+00 -1.82920811e-01]",007,RP
362,0,0.9977115450486054,0,"[-1.18919331e+00  2.01336079e-02 -7.73389998e+01 -8.99710210e+01
 -1.19837182e+00  4.19925983e-01]","[-3.52881162e-01  7.72736672e-03 -1.81429799e+02 -6.20231582e+01
 -7.82152234e-01 -8.58142872e-01]",[-7.49927352  0.69349742  2.21553675 18.61491609 -1.10686791 -0.5590881 ],[-7.1910715   0.77678059  1.33313997 11.58670482 -0.50723807  0.90739746],"[-2.86656478e-02  1.78212670e-02 -8.80592542e+01 -5.24275566e-01
 -1.29281929e+00 -2.87684458e-01]","[  1.59451449   0.11394927 -13.8686588   24.11377745  -1.31233917
  -0.07780581]","[-9.03657159e+00  4.41933722e-01  3.57757117e+00  3.43289780e+01
 -1.31307338e+00  2.24775264e-02]","[ 1.55808646e-01  1.81991865e-02 -8.66397976e+01  1.54992295e+01
 -1.27355057e+00 -1.86065573e-01]",007,RP
363,0,0.9977115450486054,0,"[-1.19934694e+00  1.38151227e-02 -1.08915527e+02 -1.28627504e+02
 -1.03741349e+00  6.68301253e-01]","[-3.58520207e-01  1.23720551e-02 -1.24854361e+02 -4.27628114e+01
 -1.19392629e+00 -4.87958992e-01]",[-7.1610677   0.43087559  3.38797941 26.2615499  -0.81549893 -0.84040495],[-6.58173395  1.56183657  0.94735308  8.23522595 -0.91875488  0.76745267],"[-4.03047467e-02  2.04243264e-02 -7.72957833e+01 -1.11538697e+00
 -1.33293871e+00 -1.26638810e-01]","[  1.5220422    0.11800516 -13.39780371  22.39202262  -1.31536005
  -0.02707706]","[-8.75919623e+00  4.43210397e-01  3.56736030e+00  3.32472089e+01
 -1.31111005e+00 -1.53775947e-02]","[ 1.43596544e-01  2.04754359e-02 -7.70443452e+01  1.30633017e+01
 -1.28443016e+00 -1.68849305e-01]",007,RP
364,0,0.9977115450486054,0,"[-1.20432931e+00  7.37385264e-03 -1.30406235e+02 -1.55052052e+02
 -7.90182607e-01  6.63582520e-01]","[-3.67069631e-01  1.59966378e-02 -9.81846963e+01 -3.40406202e+01
 -1.28441365e+00 -2.76057501e-01]",[-6.99152875  0.20208345  4.94403914 36.56639182 -0.4627147  -0.94303589],[-5.41633201  2.36477808  0.65512867  5.54839441 -1.1880994   0.47041057],"[-5.30884835e-02  2.13046331e-02 -7.42054865e+01 -1.93945675e+00
 -1.33944122e+00  6.43975441e-04]","[ 1.44816081e+00  1.18302268e-01 -1.33645435e+01  2.13540080e+01
 -1.31474678e+00  2.01211951e-02]",[-8.48378048  0.4342952   3.64002537 32.88117615 -1.30755763 -0.04710835],"[ 1.30036271e-01  2.26517151e-02 -6.96960618e+01  1.10630160e+01
 -1.29662951e+00 -1.36886148e-01]",007,RP
365,0,0.9977115450486054,0,"[-1.20245814e+00  1.12026272e-02  9.49402538e+01  1.16161681e+02
 -2.45667113e-01  1.11680977e+00]","[-3.77767294e-01  1.86233199e-02 -8.46960811e+01 -2.99954093e+01
 -1.29835341e+00 -1.70458800e-01]","[ -6.98171072   0.18214152  -5.67607213 -37.62869365  -0.60600108
  -0.82446056]",[-3.77563681  3.03021074  0.51813893  3.9563044  -1.28361301  0.28292865],"[-6.59459900e-02  2.05284941e-02 -7.69265461e+01 -3.07299724e+00
 -1.32653524e+00  1.15818450e-01]","[  1.375149     0.11504601 -13.73864052  20.89267772  -1.31077103
   0.0648242 ]",[-8.21603315  0.41741814  3.78626222 33.10805595 -1.30304369 -0.07314737],"[ 1.15271597e-01  2.44531655e-02 -6.46111619e+01  9.44783180e+00
 -1.30709178e+00 -9.54853713e-02]",007,RP
366,0,0.9977115450486054,0,"[-1.19136108e+00  2.65432877e-02  5.39425389e+01  6.62650413e+01
 -6.37722499e-01  9.54510468e-01]","[-3.90050532e-01  2.06040880e-02 -7.66446625e+01 -2.78952914e+01
 -1.29550295e+00 -1.23609525e-01]","[ -7.11301723   0.34616894  -4.32508879 -28.76443106  -1.02189316
  -0.69032534]",[-1.77673633  3.4896416   0.45221647  2.80346944 -1.32196152  0.14710541],"[-7.78972154e-02  1.83139854e-02 -8.59256632e+01 -4.69336990e+00
 -1.29514019e+00  2.34711492e-01]","[  1.30507116   0.10869438 -14.53297501  20.9665665   -1.30381038
   0.10716112]",[-7.960218    0.39499102  4.00017379 33.84225542 -1.29828183 -0.09342687],"[ 9.96006810e-02  2.56414430e-02 -6.16501713e+01  8.14039905e+00
 -1.31393336e+00 -4.88614334e-02]",007,RP
367,0,0.9977115450486054,0,[-1.16824426  0.04767386 31.64608823 38.97036086 -0.93627832  0.71413987],"[-4.03575545e-01  2.22927408e-02 -7.08614676e+01 -2.65979554e+01
 -1.29269980e+00 -1.07030273e-01]","[ -7.35928614   0.4946221   -3.15431489 -21.21350589  -1.25677724
  -0.3783227 ]",[ 0.4360359   3.70370985  0.42681792  1.81389206 -1.33477533  0.0339657 ],"[-8.81250434e-02  1.49836839e-02 -1.04220328e+02 -7.18442093e+00
 -1.23362681e+00  3.76821471e-01]","[  1.23965142   0.09990798 -15.79815055  21.58419972  -1.29450216
   0.14716652]",[-7.71917288  0.36931545  4.27726352 35.01693661 -1.29411762 -0.10825485],"[ 8.34484151e-02  2.60481360e-02 -6.06991709e+01  7.06524961e+00
 -1.31668041e+00  6.48551721e-04]",007,RP
368,0,0.939282098042122,0,[-1.13034213  0.07338258 20.98066579 25.71533049 -1.08807347  0.55322924],"[-4.18157740e-01  2.38791450e-02 -6.61634414e+01 -2.56667551e+01
 -1.29503660e+00 -9.80667163e-02]","[ -7.68967434   0.59705408  -2.63956564 -18.29740019  -1.31946063
  -0.19031379]",[ 2.70350003  3.65831217  0.43197002  0.83216904 -1.33110097 -0.07232917],"[-9.60271735e-02  1.09308354e-02 -1.40212740e+02 -1.14642331e+01
 -1.09979262e+00  5.76018787e-01]","[  1.18018707   0.08944662 -17.62779007  22.80408998  -1.28339069
   0.18534136]",[-7.49448976  0.34225777  4.61452068 36.58347803 -1.29108059 -0.11895015],"[ 6.73271820e-02  2.55813338e-02 -6.17923951e+01  6.16030783e+00
 -1.31557438e+00  5.32456319e-02]",007,RP
369,0,0.939282098042122,0,[-1.07545099  0.10214354 15.23636408 18.38596283 -1.17842705  0.43234041],"[-4.33658587e-01  2.53153914e-02 -6.24251970e+01 -2.50712227e+01
 -1.30279573e+00 -8.00764239e-02]","[ -8.07185536   0.64978239  -2.43227077 -17.63293787  -1.33311018
  -0.06227043]",[ 4.86560948  3.36375627  0.46866124 -0.2803226  -1.31086143 -0.18435229],"[-1.01248934e-01  6.63709727e-03 -2.16344397e+02 -1.99046395e+01
 -7.50584579e-01  8.87685369e-01]","[  1.12751657   0.07805596 -20.17524175  24.74791938  -1.27058359
   0.22273815]",[-7.28679056  0.31506577  5.01194846 38.52101876 -1.28897189 -0.12742093],"[ 5.17962317e-02  2.42104027e-02 -6.52393870e+01  5.37915440e+00
 -1.31022271e+00  1.11945686e-01]",007,RP
370,0,0.939282098042122,0,[-1.0024394   0.13176727 11.88871092 13.91771226 -1.23683968  0.33307368],"[-4.49859353e-01  2.63392327e-02 -6.00191371e+01 -2.50001702e+01
 -1.31335209e+00 -4.42771202e-02]","[ -8.47490648   0.65633183  -2.40860519 -18.4127037   -1.3284765
   0.03653819]",[ 6.77472903  2.85208168  0.54950324 -1.72273553 -1.26478887 -0.31836242],"[-1.03700615e-01  3.02445044e-03 -2.63669978e+02 -2.53427388e+01
 -7.24680759e-01  7.71921270e-01]","[  1.08204803   0.06638121 -23.68772008  27.63125089  -1.25574123
   0.26101863]",[-7.09601912  0.28845042  5.47354268 40.84036347 -1.28713042 -0.13492789],"[ 3.74268017e-02  2.19469695e-02 -7.18425391e+01  4.68883646e+00
 -1.29806854e+00  1.82796888e-01]",007,RP
371,0,0.939282098042122,0,[-0.91163857  0.15961541  9.85599115 10.98510163 -1.27586764  0.24650513],"[-4.66360850e-01  2.65660971e-02 -5.95137290e+01 -2.57548732e+01
 -1.32237706e+00  1.26463999e-02]","[ -8.87146521   0.62366706  -2.53198208 -20.46239091  -1.3145111
   0.12206648]",[ 8.30644485  2.17328467  0.71061206 -3.90265993 -1.15956449 -0.50504856],"[-1.03562470e-01  3.30053223e-03  3.58777663e+02  3.91559009e+01
 -5.89038114e-01  8.77269830e-01]","[  1.04383601   0.05491833 -28.57582353  31.82847351  -1.23784237
   0.30312569]",[-6.92167969  0.26285223  6.00574822 43.56986547 -1.28514198 -0.14132785],"[ 2.47766194e-02  1.88355896e-02 -8.34011518e+01  4.06639860e+00
 -1.27195386e+00  2.76686341e-01]",007,RP
372,0,0.939282098042122,0,[-0.80504797  0.18291194  8.62406435  8.94278553 -1.30186366  0.16718371],"[-4.82534140e-01  2.56000610e-02 -6.17128259e+01 -2.77785454e+01
 -1.32425425e+00  9.39324305e-02]","[ -9.23910088   0.56029502  -2.81207833 -23.98107542  -1.29234585
   0.20497736]",[ 9.36716451  1.39709099  1.0502823  -7.83816706 -0.86954454 -0.80453377],"[-1.01275407e-01  5.75767980e-03  2.64677060e+02  2.88052770e+01
 -1.16619525e+00  5.66993852e-01]","[  1.01267726   0.04399959 -35.56563535  38.01651016  -1.21394199
   0.35449612]",[-6.76298603  0.23866076  6.6138722  46.72952528 -1.28322882 -0.14561826],"[ 1.43738076e-02  1.49558253e-02 -1.04113216e+02  3.49650334e+00
 -1.21121032e+00  4.16242712e-01]",007,RP
373,0,0.939282098042122,0,[-0.68634096  0.19904844  7.93771222  7.447977   -1.31820755  0.09080779],"[-4.97527015e-01  2.31253473e-02 -6.81082017e+01 -3.18856703e+01
 -1.30907129e+00  2.09447317e-01]","[ -9.56103281   0.47526799  -3.30283547 -29.57851833  -1.25840988
   0.29403774]","[  9.89834848   0.676368     1.40630669 -11.92011369  -0.58132071
  -0.8505713 ]","[-9.75088405e-02  7.39916791e-03  2.12633385e+02  2.27336348e+01
 -1.36782990e+00  2.07706092e-01]","[ 9.88198849e-01  3.38159464e-02 -4.60571245e+01  4.75135975e+01
 -1.17660260e+00  4.24521540e-01]",[-6.61895893  0.21621151  7.30027939 50.32024945 -1.28206326 -0.1474957 ],"[ 6.70662490e-03  1.04478305e-02 -1.44924418e+02  2.97195371e+00
 -1.03957721e+00  6.53476393e-01]",007,RP
374,0,0.939282098042122,0,[-0.56069251  0.20584216  7.68073693  6.30653169 -1.32635777  0.01296571],"[-5.10312265e-01  1.89696743e-02 -8.22062782e+01 -3.99508720e+01
 -1.24771751e+00  3.87099287e-01]","[ -9.82631501   0.37773764  -4.12963982 -38.57914173  -1.20446616
   0.39872503]",[ 9.87747378  0.71874729 -1.49597229 16.77642707 -0.49680717 -0.91971987],"[-9.30978451e-02  7.70340630e-03  2.04946287e+02  2.10800577e+01
 -1.39327624e+00 -8.08728663e-02]","[ 9.69926393e-01  2.44729405e-02 -6.30548772e+01  6.31585896e+01
 -1.10797815e+00  5.29808984e-01]",[-6.48856933  0.1955686   8.07050639 54.36604022 -1.28225775 -0.1492343 ],"[ 2.21412105e-03  5.72503483e-03 -2.23290782e+02  2.49439282e+00
 -5.26346802e-01  9.76154794e-01]",007,RP
375,0,0.8587725815575629,0,[-0.43446     0.20174169  7.83348562  5.40333619 -1.32572448 -0.07201621],"[-5.19755894e-01  1.32030340e-02 -1.13348188e+02 -5.69133889e+01
 -1.01760326e+00  6.93074540e-01]","[-10.02961112   0.27658702  -5.57461273 -53.91119785  -1.11201733
   0.53457974]",[ 9.31637899  1.42191304 -1.04566156 11.74177937 -0.94509104 -0.74539941],"[-8.89518036e-02  6.60256729e-03  2.35418022e+02  2.29408577e+01
 -1.28803381e+00 -3.99405532e-01]","[ 9.57327958e-01  1.60644162e-02 -9.39191352e+01  9.19114139e+01
 -9.58308744e-01  7.03983627e-01]",[-6.37099526  0.17624914  8.95336674 59.04185709 -1.2836518  -0.15704601],"[ 1.27386683e-03  3.89135256e-03  1.35930696e+02  1.82684240e+00
 -1.21056360e+00  5.07818813e-01]",007,RP
376,0,0.8104386021118699,0,[-0.31473625  0.18600763  8.47836689  4.66844939 -1.3121445  -0.17271559],"[-5.24691514e-01  6.93492633e-03 -1.44958652e+02 -7.40585743e+01
 -6.49731869e-01  7.86718358e-01]","[-10.17069811   0.1800021   -8.33853268 -82.80869858  -0.92824523
   0.73424756]",[ 8.25813343  2.13196069 -0.72744468  8.00733522 -1.19129616 -0.46046115],"[-8.59466499e-02  4.36378031e-03  3.24426646e+02  2.98833834e+01
 -8.42823977e-01 -8.24502575e-01]","[ 9.49828538e-01  8.79352112e-03 -1.57606183e+02  1.51698850e+02
 -5.71548709e-01  9.97010109e-01]",[-6.26596065  0.15709512 10.03818151 64.89885034 -1.2842056  -0.18103218],"[ 4.18411983e-03  8.57925189e-03  1.64425586e+02  1.31202364e+00
 -6.71921756e-01  9.36322634e-01]",007,RP
377,0,0.8104386021118699,0,[-0.20879422  0.15889972  9.87024768  4.06085068 -1.27309096 -0.30423541],"[-5.24001002e-01  8.34056166e-03  1.23283249e+02  6.66005463e+01
 -3.99249643e-01  9.94100165e-01]","[-1.02537803e+01  9.58121253e-02 -1.42079990e+01 -1.43685701e+02
 -4.99763743e-01  1.03845282e+00]",[ 6.77340688  2.73047584 -0.57494245  5.89431915 -1.27632688 -0.2874557 ],"[-8.48166115e-02  2.45805115e-03  7.04489814e+01  7.97524389e+00
 -1.68608101e+00 -2.43813466e-01]","[ 9.46797606e-01  3.76455968e-03 -1.24809752e+02  1.20169574e+02
 -1.24835215e+00  5.02391461e-01]",[-6.17404298  0.13644104 11.53578376 73.22242476 -1.27794862 -0.23447617],"[ 1.11393329e-02  1.47831730e-02  1.03054392e+02  8.52042821e-01
 -1.04413819e+00  6.28646439e-01]",007,RP
378,0,0.7808189847808279,0,[-0.12346395  0.12189931 12.67449114  3.56484277 -1.16982704 -0.4978685 ],"[-5.16707202e-01  1.81710840e-02  8.00824321e+01  4.33791694e+01
 -7.77400271e-01  8.64648368e-01]","[-1.02866607e+01  3.96766949e-02 -9.38321164e+00 -9.45219145e+01
 -1.35536849e+00  4.50206667e-01]",[ 4.95679959  3.17013569 -0.49757633  4.46638616 -1.31240224 -0.16558531],"[-8.60624540e-02  4.76736305e-03 -2.75914367e+02 -2.17458675e+01
 -5.10866143e-01 -1.01186321e+00]","[ 9.47531936e-01  5.17397828e-03  2.54358286e+02 -2.39012600e+02
 -6.56199294e-01  9.00235958e-01]",[-6.09684843  0.11254272 13.91228252 86.82107782 -1.2494133  -0.33701797],"[ 2.22014179e-02  2.11885614e-02  7.33620487e+01  3.71258497e-01
 -1.18162129e+00  4.43415026e-01]",007,RP
379,0,0.7935703264519802,0,[-0.06450506  0.07826314 18.65507784  3.20334684 -0.85997479 -0.81389814],"[-5.02080920e-01  2.99797241e-02  5.10464694e+01  2.76294583e+01
 -1.06626086e+00  5.97782544e-01]","[-1.02798329e+01  5.24401341e-02  2.59375223e+01  2.68633395e+02
 -8.10519652e-01  8.11929530e-01]",[ 2.92310331  3.41816185 -0.46237163  3.35156003 -1.32867741 -0.06413625],"[-8.98915201e-02  8.65709883e-03 -1.74653851e+02 -1.36999002e+01
 -1.02924780e+00 -6.64095496e-01]","[ 9.51267258e-01  8.70170612e-03  1.76459381e+02 -1.65860032e+02
 -1.17417668e+00  5.31173783e-01]","[-6.03702922e+00  8.41175231e-02  1.82999578e+01  1.12477380e+02
 -1.14783831e+00 -5.30169024e-01]","[ 3.72723857e-02  2.73725961e-02  5.72555818e+01 -1.34052130e-01
 -1.24402258e+00  3.24312983e-01]",007,RP
380,0,0.8080934803289812,0,[-0.0360431   0.03793049 22.19829234  2.80009535 -0.75003573 -0.73724241],[-0.47975764  0.04229085 36.79480324 19.65258804 -1.18867026  0.43061876],"[-1.02455211e+01  7.99606026e-02  1.94605076e+01  2.01383040e+02
 -1.32491151e+00  3.70140361e-01]",[ 0.80293317  3.45082336 -0.45810356  2.36782654 -1.33235609  0.0338787 ],"[-9.61975785e-02  1.23365257e-02 -1.26250998e+02 -1.01450403e+01
 -1.22720231e+00 -4.08133736e-01]","[ 9.57238121e-01  1.13961808e-02  1.37798082e+02 -1.29905577e+02
 -1.29806010e+00  2.74127420e-01]","[-5.99816798e+00  5.14975686e-02  2.73637737e+01  1.66132511e+02
 -7.59866735e-01 -8.75802462e-01]","[ 5.60737208e-02  3.29979844e-02  4.76924614e+01 -6.74293765e-01
 -1.27754875e+00  2.37625481e-01]",007,RP
381,0,0.8225348249081508,0,"[ -0.04012742   0.04616262 -24.78175515   1.00557218  -0.45978551
  -0.96636234]",[-0.44984933  0.05411216 28.98093186 15.03705284 -1.25205497  0.31213123],"[-1.01966471e+01  9.09857905e-02  1.73591215e+01  1.79004836e+02
 -1.40580249e+00  1.90178774e-02]",[-1.26316629  3.2562149  -0.48470619  1.38773549 -1.3219232   0.14144969],"[-1.04579622e-01  1.52054686e-02 -1.03490079e+02 -8.82295338e+00
 -1.30566701e+00 -2.31731210e-01]","[ 9.64779423e-01  1.31721731e-02  1.19818184e+02 -1.13598118e+02
 -1.30825341e+00  1.46356658e-01]","[-5.98454312e+00  2.80315355e-02  5.19539920e+00  3.30920906e+01
 -1.70910420e+00 -2.48591711e-01]","[ 7.81353312e-02  3.77454117e-02  4.17924418e+01 -1.26546628e+00
 -1.29767897e+00  1.67497971e-01]",007,RP
382,0,0.8976997187271574,0,"[ -0.07645419   0.08950002 -16.69504533   0.72359381  -0.97309396
  -0.72185946]",[-0.41302692  0.06444849 24.43664912 12.09299401 -1.28911257  0.21722134],"[-1.01457329e+01  8.39478681e-02  1.86761470e+01  1.91483199e+02
 -1.33819977e+00 -2.83276742e-01]",[-3.13280291  2.8392199  -0.55321498  0.26688651 -1.28720858  0.27462687],"[-1.14392563e-01  1.68905431e-02 -9.35303432e+01 -8.69917566e+00
 -1.33704826e+00 -9.09355231e-02]","[ 9.73440422e-01  1.44371082e-02  1.09414876e+02 -1.04508863e+02
 -1.28913650e+00  1.09383163e-01]","[-6.00075782e+00  5.83049100e-02 -2.25077078e+01 -1.33063304e+02
 -4.38916320e-01 -1.05969529e+00]",[ 0.10279519  0.04130903 38.24021508 -1.93091028 -1.31042369  0.10525091],007,RP
383,0,0.7770695415388115,0,"[ -0.14228461   0.13169634 -11.79798276   0.32132862  -1.21102143
  -0.43706687]",[-0.37055084  0.07233041 21.82673804 10.08791611 -1.31151708  0.13361175],"[-1.01037914e+01  6.22279169e-02  2.42144286e+01  2.46657535e+02
 -1.08029256e+00 -6.46432056e-01]",[-4.67189496  2.22624371 -0.69627386 -1.25291834 -1.19499872  0.46329892],"[-1.24819473e-01  1.71756924e-02 -9.20295580e+01 -9.48708093e+00
 -1.34238231e+00  3.89509212e-02]","[ 9.83060803e-01  1.57618055e-02  1.00165239e+02 -9.64685200e+01
 -1.26791677e+00  1.36839571e-01]","[ -6.05118506   0.11247858 -13.29888666 -78.47402424  -0.91503653
  -0.74952431]",[ 0.12921089  0.04340861 36.41722611 -2.70550232 -1.31798273  0.04539432],007,RP
384,0,0.7770695415388115,0,[-0.23256668  0.1652359  -9.51467084 -0.21279543 -1.29646722 -0.25399932],[-0.32423988  0.07690335 20.55395873  8.66441304 -1.32388873  0.05388724],"[-1.00793283e+01  3.38504517e-02  3.31978076e+01  3.36611602e+02
 -5.31140618e-01 -9.03449838e-01]",[-5.76578071  1.47344216 -1.00311817 -3.7837594  -0.92128031  0.76717462],"[-1.34954995e-01  1.59963610e-02 -9.85574725e+01 -1.13008232e+01
 -1.32360758e+00  1.78132520e-01]","[ 9.93755787e-01  1.76115885e-02  8.95340444e+01 -8.69749747e+01
 -1.25616847e+00  1.85557078e-01]","[ -6.13919174   0.17367951  -8.87626938 -52.4931197   -1.11501079
  -0.53460488]","[ 1.56384967e-01  4.38151549e-02  3.60844270e+01 -3.64306193e+00
 -1.32069979e+00 -1.61274249e-02]",007,RP
385,0,0.784136259326378,0,[-0.34025462  0.1865063  -8.46684979 -0.88088472 -1.33054771 -0.11613085],[-0.27637783  0.07751979 20.39385126  7.63640837 -1.32748089 -0.02802416],"[-1.00776519e+01  3.04798312e-02 -2.86682229e+01 -2.86908372e+02
 -6.87344989e-01 -7.77720273e-01]",[-6.32943251  0.73362997 -1.35517512 -6.57748947 -0.56187508  0.86233229],"[-1.43891022e-01  1.34357118e-02 -1.16344441e+02 -1.47409205e+01
 -1.26277836e+00  3.54300722e-01]","[ 1.00579554e+00  2.01102376e-02  7.83461132e+01 -7.68001716e+01
 -1.26057748e+00  2.10785827e-01]","[ -6.26620128   0.23626812  -6.60587413 -39.39373692  -1.21279799
  -0.38990989]",[ 0.18320542  0.04238192 37.28404606 -4.83063929 -1.31771929 -0.08329938],007,RP
386,0,0.784136259326378,0,"[-4.56824053e-01  1.93393184e-01 -8.17461514e+00 -1.73436082e+00
 -1.33964926e+00  5.08081690e-03]",[-0.22955821  0.07382747 21.38985562  6.91021699 -1.32054826 -0.11877603],"[-1.01006284e+01  6.24742705e-02 -2.34054113e+01 -2.34409361e+02
 -8.78050450e-01 -8.02874185e-01]",[-6.3150032   0.76293149  1.35750728 10.57266279 -0.50765095  0.90706594],"[-1.50796003e-01  9.73563649e-03 -1.56084047e+02 -2.15368505e+01
 -1.08262011e+00  6.20511718e-01]","[ 1.01942326e+00  2.29849236e-02  6.85779665e+01 -6.79099741e+01
 -1.27904331e+00  1.95570606e-01]","[ -6.43080858   0.29449265  -5.33435684 -32.30422768  -1.2691211
  -0.27731232]","[ 2.08500599e-01  3.90688800e-02  4.03809705e+01 -6.41945655e+00
 -1.30651464e+00 -1.61718944e-01]",007,RP
387,0,0.8153217058109371,0,[-0.57297855  0.18520954 -8.52416984 -2.8841665  -1.32892181  0.1271899 ],[-0.18647147  0.06585523 23.90243136  6.45712149 -1.29679184 -0.22752819],"[-1.01468213e+01  9.55948407e-02 -1.61976571e+01 -1.62354733e+02
 -1.20075083e+00 -4.69352014e-01]",[-5.71566309  1.53564908  0.96340302  7.50648711 -0.91659727  0.76867398],"[-1.54979473e-01  5.46588865e-03 -2.35525241e+02 -3.45015778e+01
 -5.48973350e-01  9.65739199e-01]","[ 1.03469584e+00  2.57261986e-02  6.13470679e+01 -6.14755563e+01
 -1.30006683e+00  1.49545529e-01]","[ -6.6282709    0.34238022  -4.60529938 -28.52517189  -1.3025174
  -0.18099626]","[ 2.31104346e-01  3.39549013e-02  4.62957255e+01 -8.69914338e+00
 -1.28042110e+00 -2.61341109e-01]",007,RP
388,0,0.8153217058109371,0,[-0.67950657  0.16281609 -9.65033175 -4.55746383 -1.29149644  0.2670921 ],[-0.14965027  0.05408802 28.88284602  6.3223256  -1.2398115  -0.36998061],"[-1.02118511e+01  1.20716991e-01 -1.30246436e+01 -1.31005721e+02
 -1.31144847e+00 -2.47124258e-01]",[-4.56555016  2.33297396  0.66379671  5.03059719 -1.18179418  0.47592916],"[-1.55935326e-01  3.61888966e-03  1.32918092e+02  2.27266260e+01
 -1.29769865e+00  4.57236698e-01]","[ 1.05142565e+00  2.78560934e-02  5.67200438e+01 -5.76369090e+01
 -1.31233314e+00  9.21588000e-02]","[ -6.85063953   0.37485237  -4.21466565 -26.87315515  -1.31989517
  -0.09464544]","[ 2.49924738e-01  2.72448478e-02  5.72103166e+01 -1.22982734e+01
 -1.22019669e+00 -4.02489186e-01]",007,RP
389,0,1.0765283867013729,0,"[ -0.76820041   0.12869004 -12.06084169  -7.26514358  -1.20033521
   0.45053618]",[-0.12120154  0.03951826 38.75753423  6.69747271 -1.10180036 -0.57852555],"[-1.02888854e+01  1.33735444e-01 -1.18144525e+01 -1.19557547e+02
 -1.35217801e+00 -7.12064101e-02]",[-2.93630914  3.01054979  0.5212205   3.53046452 -1.27440509  0.29571943],"[-1.53360107e-01  7.79495537e-03  1.80958664e+02  2.97518401e+01
 -6.90976474e-01  9.24182647e-01]","[ 1.06924879e+00  2.91651747e-02  5.42043907e+01 -5.59579790e+01
 -1.31222011e+00  4.26668783e-02]","[-7.08756169e+00  3.88820204e-01 -4.06619534e+00 -2.68194103e+01
 -1.32497082e+00 -1.56991593e-02]","[ 2.64009836e-01  1.93019946e-02  7.87559024e+01 -1.87923329e+01
 -1.05961100e+00 -6.30310569e-01]",007,RP
390,0,1.0765283867013729,0,"[ -0.8327201    0.08700728 -17.18113897 -12.30707983  -0.96314937
   0.72677526]","[-1.02566380e-01  2.37770624e-02  5.97762908e+01  8.13103773e+00
 -7.22283972e-01 -9.06030006e-01]","[-1.03692832e+01  1.32184416e-01 -1.19465332e+01 -1.21876985e+02
 -1.35369884e+00  1.03044882e-01]",[-0.93101252  3.50949407  0.44940931  2.4184057  -1.31230389  0.16946584],"[-1.47146328e-01  1.32547061e-02  1.15221550e+02  1.89544281e+01
 -1.06998657e+00  6.06101929e-01]","[ 1.08777994e+00  2.98093294e-02  5.30405785e+01 -5.56964773e+01
 -1.30384767e+00  1.59037341e-02]","[ -7.32753478   0.38370368  -4.11942287 -28.18521437  -1.32065222
   0.05750943]","[ 2.72605652e-01  1.08941146e-02  1.22798133e+02 -3.14754652e+01
 -5.77766249e-01 -9.73280011e-01]",007,RP
391,0,1.0765283867013729,0,"[ -0.86928334   0.04501216 -26.77545134 -21.27545375  -0.41904903
   1.02326677]","[-9.43540983e-02  1.09446563e-02  5.56544017e+01  7.25122088e+00
 -1.07071657e+00 -5.75353492e-01]","[-1.04434125e+01  1.15203151e-01 -1.35930012e+01 -1.39957319e+02
 -1.29919503e+00  3.16983175e-01]",[ 1.32361491  3.7948188   0.41646417  1.44876181 -1.32761305  0.06770985],"[-1.37355375e-01  1.86870066e-02  8.33439045e+01  1.34477333e+01
 -1.19993009e+00  4.17721601e-01]","[ 1.10677528e+00  3.02251586e-02  5.23104691e+01 -5.58959339e+01
 -1.29403083e+00  1.83121489e-02]","[ -7.55926986   0.36119138  -4.37159199 -31.04604362  -1.3090861
   0.12740033]","[ 2.75202371e-01  6.07947034e-03 -3.14310600e+01  1.06499022e+01
 -1.65013652e+00 -2.85214428e-01]",007,RP
392,0,1.0765283867013729,0,[-0.87708082  0.02957347 22.39751619 21.64443187 -1.11132777  0.51050042],"[-9.62873911e-02  1.47366231e-02 -8.52753485e+01 -6.21094083e+00
 -5.56594863e-01 -9.41459011e-01]","[-1.05015960e+01  8.41974916e-02 -1.79530861e+01 -1.86536057e+02
 -1.08498555e+00  6.35072978e-01]",[ 3.68565811  3.84804896  0.41083782  0.48579225 -1.33009924 -0.02543955],"[-1.24177636e-01  2.37836809e-02  6.59705103e+01  1.01920621e+01
 -1.25255992e+00  3.03347783e-01]","[ 1.12622700e+00  3.09143168e-02  5.11374699e+01 -5.55923994e+01
 -1.28722108e+00  4.41323427e-02]","[ -7.77281876   0.32444193  -4.85756191 -35.75694833  -1.29085361
   0.19819553]","[ 2.71564637e-01  1.23747936e-02 -1.11860478e+02  3.23773501e+01
 -6.44356729e-01 -9.48230858e-01]",007,RP
393,0,1.0765283867013729,0,[-0.85834031  0.05723916 25.53694343 23.91938784 -0.93031891  0.77006774],"[-1.07272842e-01  2.61668414e-02 -5.81256533e+01 -4.23530400e+00
 -1.10385405e+00 -6.06269043e-01]","[-1.05350834e+01  4.61085775e-02 -2.50083044e+01 -2.61464572e+02
 -5.45009540e-01  9.00247353e-01]",[ 6.00637014  3.66520846  0.43081795 -0.58765207 -1.32129544 -0.12212372],"[-1.07888779e-01  2.84104157e-02  5.54168305e+01  7.97885416e+00
 -1.27694775e+00  2.27687308e-01]","[ 1.14635367e+00  3.22215393e-02  4.90471963e+01 -5.42254337e+01
 -1.28446127e+00  7.75372585e-02]","[ -7.96025103   0.27717819  -5.66808035 -43.11934247  -1.26357452
   0.27696621]","[ 2.61743216e-01  2.13742383e-02 -7.13395799e+01  2.06726510e+01
 -1.06844386e+00 -6.13861969e-01]",007,RP
394,0,1.1551950358805674,0,[-0.81800009  0.08449013 18.42639601 17.07279362 -1.26776854  0.39516848],"[-1.25581816e-01  3.56614147e-02 -4.39007078e+01 -3.51313059e+00
 -1.27972407e+00 -3.28104856e-01]","[-1.05369370e+01  4.23788009e-02  1.99667218e+01  2.12388089e+02
 -6.70488072e-01  8.01018030e-01]",[ 8.13826747  3.25592711  0.48326695 -1.93295573 -1.29562757 -0.23674121],"[-8.88111072e-02  3.25111995e-02  4.85132117e+01  6.30851204e+00
 -1.28914975e+00  1.74519861e-01]","[ 1.16751062e+00  3.42355488e-02  4.61450031e+01 -5.18747812e+01
 -1.28484508e+00  1.03363173e-01]","[ -8.11590066   0.22309041  -7.00320712 -54.83733328  -1.21876473
   0.37544245]","[ 2.46068584e-01  3.00674513e-02 -5.18299439e+01  1.47537209e+01
 -1.21199622e+00 -4.07300262e-01]",007,RP
395,0,1.188102158296093,0,[-0.76302264  0.10076463 15.65547316 13.9454805  -1.35423685  0.14495333],"[ -0.14910177   0.04183773 -37.70903399  -3.62248357  -1.32729029
  -0.15443359]","[-1.05027261e+01  9.17057709e-02  1.57580564e+01  1.67502550e+02
 -7.80221328e-01  8.67340444e-01]",[ 9.94326708  2.64425083  0.58972868 -3.86382973 -1.23193462 -0.39348682],"[-6.72860779e-02  3.60737518e-02  4.37657574e+01  4.94482616e+00
 -1.29569914e+00  1.35351518e-01]","[ 1.19008213e+00  3.68508616e-02  4.28602490e+01 -4.90072166e+01
 -1.28643270e+00  1.16499353e-01]","[ -8.23635521   0.16569672  -9.32133762 -74.77384768  -1.13300456
   0.51452142]","[ 2.25129626e-01  3.77573694e-02 -4.16039764e+01  1.13662877e+01
 -1.26986262e+00 -2.77908582e-01]",007,RP
396,0,1.059838040579646,0,[-0.7014582   0.10406682 15.18493636 12.65159815 -1.36024807 -0.05018593],"[-1.75608877e-01  4.45563368e-02 -3.54793964e+01 -4.23049696e+00
 -1.33445352e+00 -3.18056670e-02]","[-10.43098834   0.14918142  10.29080062 109.34322124  -1.11008052
   0.56260209]",[11.30100258  1.87410104  0.80915114 -7.14421914 -1.05448    -0.64156956],"[-4.36589714e-02  3.91032312e-02  4.03990477e+01  3.76378087e+00
 -1.29961869e+00  1.04934122e-01]","[ 1.21440919e+00  3.99119324e-02  3.95697646e+01 -4.60538857e+01
 -1.28736358e+00  1.20829861e-01]","[-8.32034414e+00  1.08605007e-01 -1.37932798e+01 -1.12764835e+02
 -9.35739376e-01  7.35730617e-01]","[  0.19974056   0.04404286 -35.79641075   9.14999528  -1.29727774
  -0.18589855]",007,RP
397,0,1.059838040579646,0,[-0.64141239  0.09497482 16.5608194  12.62231473 -1.3178559  -0.23755485],"[ -0.20302011   0.04418266 -35.77222587  -5.26248138  -1.32477376
   0.06327048]","[-10.32350811   0.20296734   7.69824723  81.47291772  -1.23789141
   0.36849839]","[ 12.11698534   1.04110255   1.24915075 -13.13594129  -0.53682589
  -0.98274459]","[-1.82741209e-02  4.16014385e-02  3.79873204e+01  2.69418489e+00
 -1.30227694e+00  7.97180120e-02]","[  1.24077523   0.04333245  36.44502375 -43.22008272  -1.28691969
   0.12258065]","[-8.36860231e+00  5.67122521e-02 -2.29483444e+01 -1.90045568e+02
 -4.42810084e-01  1.05234916e+00]","[  0.17089773   0.04864195 -32.47046202   7.54912822  -1.31100826
  -0.11324156]",007,RP
398,0,1.059838040579646,0,[-0.59008245  0.0757947  20.44914857 14.06668369 -1.20567716 -0.45997645],"[ -0.22959305   0.04138244 -38.14459124  -6.75773312  -1.306345
   0.14082252]","[-10.18550962   0.24651134   6.38576541  67.04227507  -1.29977456
   0.22577641]",[12.32993722  0.63436131 -0.61164019  9.54148511 -1.45029617 -0.37546689],"[ 8.52056933e-03  4.35543323e-02  3.62930125e+01  1.69076287e+00
 -1.30428022e+00  5.72451263e-02]","[  1.26944137   0.04713815  33.50050077 -40.52692143  -1.2853402
   0.1258532 ]","[-8.38371285e+00  2.82937808e-02  7.65402208e+00  6.61691233e+01
 -1.67281277e+00  2.53214418e-01]","[  0.13972702   0.05137558 -30.76856068   6.29919937  -1.31705595
  -0.0511416 ]",007,RP
399,0,1.059838040579646,0,[-0.55301121  0.05019798 29.35892225 18.23581299 -0.90547006 -0.78032651],"[-2.54051856e-01  3.69727768e-02 -4.26189733e+01 -8.82742928e+00
 -1.28330240e+00  2.04358410e-01]","[-10.02575949   0.27382587   5.76860555  59.83465183  -1.33314002
   0.09972257]",[11.9173594   1.31427681 -1.07205189 14.77602773 -0.71306186 -0.90973557],[ 0.03636138  0.04492574 35.19077888  0.72041477 -1.30597277  0.03560612],"[  1.30069684   0.05143809  30.69645616 -37.92678344  -1.28336457
   0.13159818]","[-8.36986889e+00  5.15789821e-02  2.75520930e+01  2.32607406e+02
 -8.19394468e-01  8.39835898e-01]","[ 1.07423752e-01  5.21758617e-02 -3.03031115e+01  5.25527393e+00
 -1.31788803e+00  5.19467635e-03]",007,RP
400,0,1.059838040579646,0,"[-5.33648111e-01  2.47554773e-02  4.03640515e+01  2.35401999e+01
 -5.22729152e-01 -8.94221798e-01]","[-2.75633993e-01  3.17897432e-02 -4.94788857e+01 -1.16380628e+01
 -1.25930285e+00  2.53394667e-01]","[-9.85640097e+00  2.79567223e-01  5.65411942e+00  5.77292682e+01
 -1.34577825e+00 -3.09015107e-02]",[10.89823351  2.18863215 -0.70028328  9.63185074 -1.11278581 -0.57006441],"[ 6.48517517e-02  4.56522305e-02  3.46337847e+01 -2.46061602e-01
 -1.30754925e+00  1.29382098e-02]","[  1.33488492   0.05635352  28.0150655  -35.3968885   -1.28208144
   0.13807592]","[-8.33249755e+00  8.08248287e-02  1.91510628e+01  1.61576184e+02
 -1.21335313e+00  4.65696470e-01]","[  0.07518888   0.05108748 -30.94008701   4.32635042  -1.31461435
   0.05903328]",007,RP
401,0,1.059838040579646,0,"[-5.33223838e-01  2.38956592e-02 -4.30138508e+01 -2.09360106e+01
 -5.72315208e-01 -8.53182334e-01]","[-2.94068462e-01  2.65805579e-02 -5.90999573e+01 -1.53794336e+01
 -1.23865297e+00  2.83906323e-01]",[-9.69227677  0.2600525   6.06016679 60.73681385 -1.32991535 -0.18636624],[ 9.3319989   2.97657632 -0.52524743  6.90160846 -1.24709376 -0.35771406],"[ 9.35441453e-02  4.56396347e-02  3.46432840e+01 -1.24067639e+00
 -1.30891565e+00 -1.27813960e-02]","[  1.37238578   0.06193612  25.48762203 -32.97884999  -1.28247898
   0.14206899]","[-8.27776710e+00  1.01950019e-01  1.54304893e+01  1.29729997e+02
 -1.31240877e+00  2.35640520e-01]","[  0.04416839   0.04825195 -32.73326823   3.44577581  -1.3074764
   0.11352241]",007,RP
402,0,1.059838040579646,0,"[ -0.55089426   0.04624878 -32.22490532 -15.75251537  -0.9893743
  -0.71701275]","[-3.09501059e-01  2.19324845e-02 -7.16164716e+01 -2.01653738e+01
 -1.22671226e+00  2.87861601e-01]",[-9.54960157  0.21464481  7.25584929 71.29046972 -1.25112653 -0.39890794],[ 7.31366078  3.59829924 -0.43763164  5.20068938 -1.29968435 -0.21712004],[ 0.12192379  0.04476672 35.31370802 -2.30558114 -1.30957032 -0.04374036],"[  1.41356118   0.06810428  23.17988726 -30.76618883  -1.28491758
   0.14065189]","[-8.21203623e+00  1.13553736e-01  1.39132221e+01  1.16255884e+02
 -1.33492778e+00  8.72224340e-02]","[ 1.54028893e-02  4.38800075e-02 -3.59446949e+01  2.55365215e+00
 -1.29558254e+00  1.72647440e-01]",007,RP
403,0,0.8527459584106133,0,"[ -0.58410021   0.0670963  -23.21410304 -11.55936242  -1.24520322
  -0.40034757]","[-3.22379966e-01  1.82365598e-02 -8.62555566e+01 -2.58070634e+01
 -1.22860709e+00  2.55456343e-01]",[-9.44406365  0.14755089 10.06668708 97.07043349 -0.9770974  -0.72910039],[ 4.96568293  4.01015806 -0.39385009  3.95573468 -1.32125277 -0.1109618 ],[ 0.14939637  0.0428973  36.83780241 -3.50343406 -1.30857458 -0.08256563],"[  1.45867082   0.07461237  21.16179593 -28.86809422  -1.2892238
   0.13223968]","[-8.14126844e+00  1.16313997e-01  1.35920639e+01  1.12656641e+02
 -1.33084555e+00 -2.07218395e-02]","[-1.02083069e-02  3.82248547e-02 -4.11632124e+01  1.57979329e+00
 -1.27604006e+00  2.42296083e-01]",007,RP
404,0,0.8250600047291128,0,"[ -0.62908934   0.08185445 -19.24413914 -10.10628271  -1.318749
  -0.20303047]","[-3.33315073e-01  1.56633022e-02 -1.00666908e+02 -3.15537980e+01
 -1.24436380e+00  1.86390290e-01]","[-9.38867813e+00  7.57101468e-02  1.29741510e+01  1.23810128e+02
 -6.12149897e-01 -8.20946807e-01]",[ 2.42775313  4.19107968 -0.3772225   2.91580309 -1.32743864 -0.02179049],[ 0.17528297  0.0398983  39.5710474  -4.93613087 -1.30416613 -0.13315181],"[  1.50776655   0.08104138  19.48917508 -27.38512635  -1.29516294
   0.11610377]","[-8.07041909e+00  1.12066858e-01  1.40967676e+01  1.15766822e+02
 -1.31329055e+00 -1.00396622e-01]","[-3.19280679e-02  3.15649321e-02 -4.96267762e+01  4.15512919e-01
 -1.24157072e+00  3.32506917e-01]",007,RP
405,0,0.8250600047291128,0,"[ -0.68154268   0.0896049  -17.6367286  -10.02018321  -1.33471793
  -0.06726426]","[-3.42924286e-01  1.41281151e-02 -1.11810358e+02 -3.63424871e+01
 -1.26718771e+00  1.06537255e-01]","[-9.39183362e+00  8.20993566e-02 -1.26696967e+01 -1.16991684e+02
 -4.97713730e-01 -9.15567810e-01]",[-0.15449885  4.14024759 -0.38175832  1.94101878 -1.32359178  0.06013368],"[ 1.98829039e-01  3.56647368e-02  4.41825654e+01 -6.78477702e+00
 -1.29234350e+00 -2.02026072e-01]","[  1.5605748    0.0867917   18.20530052 -26.4107333   -1.30247333
   0.09135874]","[-8.00284534e+00  1.03654699e-01  1.52279487e+01  1.23866918e+02
 -1.28975948e+00 -1.45574305e-01]","[-4.91898818e-02  2.41989940e-02 -6.41191778e+01 -1.15401478e+00
 -1.17228465e+00  4.63371263e-01]",007,RP
406,0,0.708826385029748,0,"[ -0.73723769   0.09088597 -17.39433815 -10.82376175  -1.32700131
   0.03167903]","[-3.51678823e-01  1.32689522e-02 -1.19122939e+02 -3.98930151e+01
 -1.29256531e+00  6.30380277e-02]","[ -9.455905     0.16408277  -9.02199159 -83.31109541  -0.93054749
  -0.76056048]",[-2.64076657  3.8749669  -0.40734014  0.92430977 -1.31068813  0.14191722],"[ 2.19233582e-01  3.01568089e-02  5.20271749e+01 -9.40610393e+00
 -1.26326660e+00 -3.00986642e-01]","[  1.61638862   0.09109342  17.35258154 -26.04851531  -1.31029568
   0.05676346]","[-7.93985152e+00  9.47206330e-02  1.66681217e+01  1.34342411e+02
 -1.26984950e+00 -1.35898236e-01]","[-6.15967734e-02  1.64684580e-02 -9.17296693e+01 -3.65025166e+00
 -1.00158606e+00  6.79670135e-01]",007,RP
407,0,0.5697716077271464,0,"[ -0.79265257   0.08724648 -18.10734015 -12.35282973  -1.30911745
   0.10065965]","[-3.59764810e-01  1.24960002e-02 -1.26429285e+02 -4.34848077e+01
 -1.31823618e+00  9.54395739e-02]","[ -9.57664007   0.24535659  -6.32408869 -58.56352116  -1.21079506
  -0.44883302]",[-4.90617913  3.42762625 -0.45923323 -0.2530805  -1.28644574  0.23068865],"[ 2.35699880e-01  2.34530888e-02  6.61806071e+01 -1.35987611e+01
 -1.18961418e+00 -4.54174396e-01]","[ 1.67400366e+00  9.30842102e-02  1.69855152e+01 -2.64338146e+01
 -1.31667237e+00  1.13867972e-02]","[-7.88053757e+00  8.91748562e-02  1.77246753e+01  1.41679970e+02
 -1.25896494e+00 -5.27725211e-02]","[-6.89135437e-02  8.96167484e-03 -1.47335390e+02 -8.15340384e+00
 -5.20290836e-01  1.00511837e+00]",007,RP
408,0,0.5403046128589934,0,"[ -0.84539295   0.08081695 -19.53460252 -14.5144152   -1.29023292
   0.13798699]","[-3.66989133e-01  1.11279937e-02 -1.41362227e+02 -4.98784012e+01
 -1.32210855e+00  2.32059624e-01]","[ -9.74334717   0.30711381  -5.1213655  -47.89924208  -1.31083597
  -0.24037558]",[-6.84939138  2.84212765 -0.55099976 -1.77401297 -1.24371713  0.33629117],"[ 2.47504237e-01  1.58408705e-02  9.45782356e+01 -2.14085141e+01
 -9.76718670e-01 -7.14143287e-01]","[  1.73173737   0.09198449  17.18576591 -27.76123302  -1.31871531
  -0.04479585]","[-7.82211889e+00  9.01751485e-02  1.75224556e+01  1.39062731e+02
 -1.25015789e+00  8.04051624e-02]","[-7.10564023e-02  4.93309261e-03  5.04764259e+01  5.58667322e+00
 -1.61474503e+00  3.00558703e-01]",007,RP
409,0,0.5403046128589934,0,"[ -0.8943474    0.07379424 -21.39311173 -17.13287376  -1.27783019
   0.13988024]","[-3.72759554e-01  8.60264586e-03 -1.78199907e+02 -6.44257181e+01
 -1.19727067e+00  5.25465690e-01]","[ -9.93976744   0.33992752  -4.64807542 -44.20078872  -1.34845942
  -0.07418853]",[-8.39823128  2.17023914 -0.71415374 -3.99762827 -1.16346032  0.47627548],"[ 2.54073781e-01  8.23872409e-03  1.44388565e+02 -3.46853485e+01
 -4.54872614e-01 -9.87071123e-01]","[  1.78755857   0.0873274   18.08681536 -30.33124178  -1.31326637
  -0.1110637 ]","[-7.76076308e+00  9.88063296e-02  1.59563862e+01  1.25833733e+02
 -1.24446076e+00  1.90314247e-01]","[-6.80844814e-02  1.00031831e-02  1.39601021e+02  1.15046631e+01
 -6.76864009e-01  9.29734207e-01]",007,RP
410,0,0.5499732282023865,0,[-0.98395177  0.15391576 -9.21499569 -7.06711128 -0.22115855 -1.1217163 ],[-0.34964332  0.05890148 17.36724464  8.07234102  0.21334672  1.47343445],"[-10.02018438   0.25434575  -3.41415973 -32.21050996  -1.07627172
  -0.27615047]","[-8.61677255e+00  1.79737350e+00  6.52039736e-03  2.05618478e+00
 -1.51413471e+00  1.67589274e-01]","[  0.22839118   0.06510173 -16.84421596   5.84707037   0.23792562
  -1.49103372]","[  1.84892607   0.0946437   16.6095411  -28.70981354  -1.09058493
   0.20830922]",[-7.59973681  0.30337662  4.46826117 35.9576089  -0.03708202  1.28584108],[-0.03010307  0.08205338 15.04346254  2.45285438  0.18311199  1.45196611],007,RP
411,0,0.6058313420083403,0,[-1.06709695  0.17456231 -8.50247856 -7.07296897 -1.77180163 -0.32498281],[-0.3194229   0.08148861 16.97464604  7.42209067 -1.73745526  0.44972935],[-9.9860046   0.31150257  2.59960168 27.95963435 -0.87989831  0.23323985],[-8.22665516  2.3030024   0.50497589  6.15426253 -1.59371724  0.26842215],"[  0.19609294   0.08644225 -16.25408817   5.18731189  -1.7854563
  -0.42860184]","[  1.89498847   0.07920972  19.07062691 -34.13861806  -1.45336737
  -0.15224682]",[-7.44995179  0.34614803  4.20622627 33.33618292 -1.79988549  0.34529043],"[ 1.31751996e-02  1.05367036e-01  1.36697910e+01  1.81989778e+00
 -1.78110793e+00  4.13159783e-01]",007,RP
412,0,0.6058313420083403,0,[-1.14284849  0.16520319 -8.72408233 -7.97030435 -1.77546518  0.41589152],[-0.28328381  0.09029767 16.39202546  6.6435954  -1.77236635 -0.29200001],[-9.8227862   0.50374385  2.88603697 30.34892415 -1.21536007  0.37894649],[-7.32497501  2.81794564  0.52142869  5.8194521  -1.69330791 -0.24261047],"[  0.15915637   0.09166007 -15.95351773   4.53910404  -1.79906894
   0.34828808]","[  1.92519413   0.0551574   21.74487488 -39.86310551  -1.23228849
  -0.50386258]",[-7.3185812   0.31842676  4.27893962 33.31576709 -1.78203499 -0.42343804],[ 0.06018994  0.10960086 13.43985167  1.19105609 -1.78610327 -0.34632217],007,RP
413,0,0.6058313420083403,0,[-1.20986502  0.12732397 -9.58752082 -9.59960609  0.19226943  1.45906237],[-0.24310429  0.08090693 17.36165791  6.22069347 -0.20473763 -1.16769131],"[-9.52604450e+00  6.67001481e-01  2.37003590e+00  2.45770675e+01
 -1.26053502e+00  8.24490466e-03]",[-6.02005403  2.79156761  0.52405399  5.15483333 -0.41999076 -0.97530478],"[ 1.19843739e-01  7.82423736e-02 -1.71581721e+01  4.05629950e+00
 -1.14027718e-02  1.31023464e+00]",[ 1.93958435  0.03494699  2.35941351 -2.57628152 -1.3337388  -0.18438575],[-7.21297331  0.23534769  3.90054436 30.13452239  0.09042632 -1.38989682],[ 0.1092949   0.09334518 14.67323204  0.39629058 -0.07569829 -1.25554831],007,RP
414,0,0.6058313420083403,0,"[-1.26619112e+00  1.35138152e-02 -7.19601644e+01 -8.91153209e+01
 -6.41155875e-01  7.97490050e-01]","[-2.01401991e-01  2.96804171e-02  5.19069611e+01  1.24541653e+01
 -1.17182988e+00 -5.15173229e-01]",[-9.1019072   0.66578708  2.37438526 23.6114343  -1.33061375  0.03553622],[-4.42123219  1.47076086  1.0740383   6.74857268 -1.29700699 -0.10816917],"[ 8.05584676e-02  2.14383524e-02 -7.17446776e+01  7.77964128e+00
 -1.13491569e+00  5.41211030e-01]","[ 1.93866464e+00  3.64983913e-02 -4.30714248e+01  8.55010484e+01
 -1.25995236e+00 -2.65292230e-01]","[-7.13951101e+00  7.91013259e-02 -1.89154050e+01 -1.33046742e+02
 -1.01135230e+00 -6.98851567e-01]","[ 1.58823625e-01  3.18338056e-02  4.94583258e+01 -5.85515057e+00
 -1.28024303e+00 -2.26524295e-01]",007,RP
415,0,0.6058313420083403,0,"[-1.26470458e+00  1.65497157e-02  6.41027529e+01  8.30710454e+01
 -3.71556049e-01  1.01850443e+00]","[-1.87709740e-01  1.83751300e-02  7.66698677e+01  1.63916810e+01
 -7.55595652e-01 -8.81026929e-01]",[-8.6920701   0.66079729  2.39188504 22.79043245 -1.32851161 -0.05890869],[-3.52584349  1.3649039   1.1571192   6.0798212  -1.28805508 -0.11912271],"[ 7.03562228e-02  1.32746643e-02 -1.08307774e+02  9.62012590e+00
 -7.83795831e-01  8.66317762e-01]","[ 1.91362858e+00  4.31016347e-02 -3.65356152e+01  7.19155975e+01
 -1.26633658e+00 -2.24245390e-01]","[ -7.19554794   0.11261989 -13.85239205 -97.67555105  -1.26781636
  -0.37511162]","[ 1.77068273e-01  2.66706782e-02  5.88232036e+01 -8.41572306e+00
 -1.25047979e+00 -3.05737334e-01]",007,RP
416,0,0.6058313420083403,0,"[-1.24979170e+00  3.65654826e-02  3.97913206e+01  5.17308622e+01
 -7.49983739e-01  8.79138125e-01]","[-1.82462017e-01  9.53598653e-03  2.61814424e+01  6.77711877e+00
 -1.62569112e+00 -2.83228021e-01]",[-8.29771322  0.61571844  2.56249339 23.26283528 -1.3132249  -0.15684908],[-2.6912334   1.26529178  1.24844257  5.35985034 -1.28334777 -0.10920396],"[ 6.57462013e-02  6.27979632e-03 -1.07781998e+02  9.08625692e+00
 -9.95252140e-01  6.04974726e-01]","[ 1.88428277e+00  4.98189922e-02 -3.16322118e+01  6.16040317e+01
 -1.27020119e+00 -2.03792115e-01]","[ -7.26927245   0.13364583 -11.80268533 -83.79693533  -1.34615845
  -0.15221573]","[ 1.91915005e-01  2.10218666e-02  7.41527670e+01 -1.22310286e+01
 -1.19901268e+00 -4.08362571e-01]",007,RP
417,0,0.6042663818205851,0,[-1.219252    0.06229195 24.44170475 31.80059733 -1.00368808  0.64823244],"[-1.86745671e-01  1.75780721e-02 -7.46661969e+01 -1.19435891e+01
 -5.11704678e-01 -1.00850503e+00]",[-7.94245701  0.53545068  2.93475246 25.30914526 -1.27979784 -0.26845476],[-1.91009302  1.18702419  1.33131208  4.54292991 -1.28300474 -0.08130171],"[ 6.68947015e-02  8.55752133e-03  1.42867231e+02 -7.55706077e+00
 -4.86841929e-01  9.77558273e-01]","[  1.85057956   0.0568355  -27.74097228  53.33687634  -1.27571178
  -0.18790317]","[-7.35160841e+00  1.39179024e-01 -1.13561385e+01 -8.14858831e+01
 -1.35799042e+00  2.91974619e-02]","[ 2.03154760e-01  1.52296465e-02  1.01010976e+02 -1.85208605e+01
 -1.10006585e+00 -5.54215060e-01]",007,RP
418,0,0.5230701740281887,0,[-1.17071526  0.09251905 16.71147477 21.56437855 -1.11629038  0.51206429],"[-2.00931444e-01  3.21190813e-02 -4.70532845e+01 -7.45448441e+00
 -1.01854835e+00 -6.70463158e-01]",[-7.64618088  0.42787599  3.64068338 29.83732361 -1.21232205 -0.41162532],[-1.16812553  1.13792485  1.38926964  3.62284134 -1.28541502 -0.04318181],"[ 7.35733558e-02  1.59635475e-02  9.44068813e+01 -4.94583107e+00
 -1.02327323e+00  6.75666335e-01]","[  1.81242716   0.06404623 -24.63094359  46.64179109  -1.28299688
  -0.1689721 ]","[ -7.43268693   0.12902339 -12.2052011  -88.71743873  -1.32657121
   0.20743517]","[ 2.10785319e-01  9.66475841e-03  1.53639443e+02 -3.03849390e+01
 -8.76626904e-01 -7.84757340e-01]",007,RP
419,0,0.5230701740281887,0,[-1.10198864  0.12638938 12.33160421 15.58928772 -1.18469215  0.41426461],"[ -0.22462537   0.04631133 -33.58499642  -5.5440422   -1.20673493
  -0.42906665]",[-7.42376604  0.30299378  5.02523608 39.30617701 -1.05733551 -0.62522186],[-0.44794194  1.11913019  1.41280938  2.63285658 -1.28831287 -0.00456375],"[ 8.52076159e-02  2.29428779e-02  6.78755595e+01 -3.78351461e+00
 -1.22317122e+00  4.10923242e-01]","[  1.76984205   0.07111845 -22.19482158  41.28132842  -1.29090189
  -0.14510178]","[-7.50310567e+00  1.05160348e-01 -1.47848390e+01 -1.08932209e+02
 -1.23174176e+00  4.22988049e-01]","[ 2.14999699e-01  4.81942240e-03  2.59387271e+02 -5.37681851e+01
 -3.67179850e-01 -1.08230778e+00]",007,RP
420,0,0.5230701740281887,0,[-1.01162568  0.16205735  9.6683608  11.7807621  -1.23395542  0.3309575 ],"[ -0.25668375   0.05832716 -26.93689749  -4.91426397  -1.28221301
  -0.27090266]",[-7.28461952  0.17407873  7.93133078 59.77672697 -0.62653285 -0.95923306],[ 0.26799719  1.12761919  1.40209311  1.62424298 -1.2900103   0.02832347],"[ 1.00956624e-01  2.85635575e-02  5.50562693e+01 -3.55829508e+00
 -1.28967581e+00  2.50419882e-01]","[  1.72305305   0.07761562 -20.3487146   37.06191484  -1.2979345
  -0.11744362]","[-7.55489156e+00  7.14005914e-02 -2.07825044e+01 -1.55009567e+02
 -9.55830167e-01  7.42614676e-01]","[ 2.16155794e-01  2.56918570e-03 -1.76631077e+02  4.01798305e+01
 -1.45948834e+00 -3.32040833e-01]",007,RP
421,0,0.5230701740281887,0,[-0.89954371  0.1966896   7.99603023  9.19277871 -1.2706057   0.25372237],"[ -0.29529663   0.06703875 -23.53770185  -4.95060408  -1.31579712
  -0.15231175]",[-7.23287401  0.08434539  2.28783988 18.54765762 -1.64467207 -0.29032539],[ 0.99585595  1.1595539   1.36324453  0.64240483 -1.2898718   0.054882  ],"[ 1.19809079e-01  3.25307908e-02  4.85208993e+01 -3.81324427e+00
 -1.31395555e+00  1.41106472e-01]","[  1.67252893   0.08313026 -19.00793466  33.7913207   -1.30293058
  -0.08846955]","[-7.58202282e+00  3.62254980e-02 -2.75722368e+01 -2.07053329e+02
 -5.82499445e-01  8.44877979e-01]","[ 2.14729161e-01  4.81841574e-03 -3.01051034e+02  6.66444361e+01
 -8.96932076e-01 -7.90796079e-01]",007,RP
422,0,0.5230701740281887,0,[-0.7674894   0.22692056  6.94908808  7.33335141 -1.29669424  0.17989174],"[ -0.33813812   0.07171699 -22.04001415  -5.45256893  -1.32899473
  -0.05258711]","[ -7.26800099   0.14946082  -8.97234747 -63.21103026  -0.58819377
  -0.96711757]",[ 1.75020338  1.21261303  1.30329035 -0.28102318 -1.2882925   0.07731941],"[ 1.40679309e-01  3.47737476e-02  4.54543532e+01 -4.39448702e+00
 -1.32149922e+00  5.83368341e-02]","[  1.61894648   0.0873745  -18.09068781  31.28785542  -1.30576691
  -0.06048707]","[-7.58056689e+00  3.91852316e-02  2.63552125e+01  2.01787451e+02
 -4.74602901e-01  9.33873257e-01]","[ 2.11255514e-01  7.33078063e-03 -2.11816294e+02  4.67473600e+01
 -1.22681879e+00 -4.35401909e-01]",007,RP
423,0,0.5230701740281887,0,[-0.61921725  0.24945242  6.3320998   5.9209454  -1.31363731  0.10818128],"[ -0.38256719   0.07202583 -21.9477119   -6.39647456  -1.32912921
   0.04000158]","[ -7.38553578   0.26368675  -5.76993166 -40.61403674  -1.0651786
  -0.62431362]",[ 2.54447831  1.28620946  1.22838888 -1.12560887 -1.28642558  0.09674471],"[ 1.62490842e-01  3.53577311e-02  4.47162460e+01 -5.26598044e+00
 -1.32084496e+00 -1.00936782e-02]","[  1.56313565   0.09019102 -17.52924797  29.40059239  -1.3072698
  -0.03428211]","[-7.54858541e+00  8.11322707e-02  1.81349650e+01  1.38893332e+02
 -8.65486611e-01  8.03967704e-01]","[ 2.06272478e-01  9.17074121e-03 -1.71571989e+02  3.73905793e+01
 -1.30239331e+00 -2.34972937e-01]",007,RP
424,0,0.5230701740281887,0,[-0.46033565  0.26157667  6.04367957  4.78212115 -1.32260032  0.03689858],"[ -0.42585152   0.06801235 -23.2108944   -7.88439474  -1.31744054
   0.13479441]","[ -7.57771396   0.37109098  -4.20140442 -29.83704093  -1.22158024
  -0.39910307]",[ 3.39137507  1.38005408  1.14457042 -1.8816676  -1.28546985  0.11193239],"[ 1.84238608e-01  3.44359610e-02  4.58948874e+01 -6.45561015e+00
 -1.31517284e+00 -7.13723582e-02]","[ 1.50603081e+00  9.14894299e-02 -1.72819918e+01  2.80272122e+01
 -1.30831913e+00 -8.69511960e-03]",[-7.48592818  0.1274651  12.09413439 92.53582143 -1.13285587  0.52784794],"[ 2.00270358e-01  1.03320120e-02 -1.52845198e+02  3.26103625e+01
 -1.31776531e+00 -1.18404409e-01]",007,RP
425,0,0.5196797506001178,0,[-0.29784291  0.26154832  6.04432272  3.80025868 -1.32379346 -0.03635635],"[ -0.46539227   0.06007761 -26.1861272  -10.18682117  -1.28960857
   0.24246864]","[ -7.83398075   0.46181268  -3.40411298 -24.66775551  -1.28035691
  -0.26013849]",[ 4.30264668  1.4924364   1.05820726 -2.55309196 -1.28603522  0.12085008],"[ 2.05026880e-01  3.22099754e-02  4.90182675e+01 -8.05006243e+00
 -1.30542842e+00 -1.31226424e-01]","[ 1.44864779e+00  9.11620081e-02 -1.73436533e+01  2.71248450e+01
 -1.30915259e+00  1.86911552e-02]",[-7.39399611  0.17155945  9.11266386 69.37900121 -1.23166898  0.36322415],"[ 1.93658706e-01  1.09367833e-02 -1.44541128e+02  2.99916479e+01
 -1.31631161e+00 -4.65989746e-02]",007,RP
426,0,0.5196797506001178,0,[-0.13943561  0.2488368   6.34690862  2.88498506 -1.3160344  -0.11449324],"[ -0.4989345    0.04894676 -31.89954211 -13.91578197  -1.23115896
   0.37933757]","[ -8.14144825   0.53116728  -2.97013612 -22.18120949  -1.30618525
  -0.16181023]",[ 5.28817428  1.61922123  0.97531925 -3.15765816 -1.28819522  0.12233708],"[ 2.24086884e-01  2.88955970e-02  5.45450808e+01 -1.02228372e+01
 -1.29051528e+00 -1.96143074e-01]","[  1.39208908   0.08904554 -17.75267593  26.71330637  -1.3092371
   0.05055042]",[-7.27550645  0.21069686  7.46375833 56.30262191 -1.27543284  0.25450475],"[ 1.86750763e-01  1.11383231e-02 -1.41953364e+02  2.85098990e+01
 -1.31045051e+00 -2.94162918e-03]",007,RP
427,0,0.5196797506001178,0,[ 0.00727935  0.22423989  7.02701528  1.94884786 -1.29659035 -0.20142159],"[-5.24743557e-01  3.56491881e-02 -4.29875197e+01 -2.05574240e+01
 -1.09883771e+00  5.76980740e-01]","[ -8.48540568   0.57626918  -2.7420515  -21.26741936  -1.31769081
  -0.08374177]",[ 6.35449084  1.75366014  0.90064995 -3.72317187 -1.29178551  0.11629356],"[ 2.40781303e-01  2.47024110e-02  6.36036592e+01 -1.33145719e+01
 -1.26582677e+00 -2.75220741e-01]","[  1.33755402   0.08495533 -18.59915898  26.87737978  -1.30734874
   0.08923755]",[-7.13422034  0.24318273  6.48518909 48.26676793 -1.29628981  0.17597793],"[ 1.79763645e-01  1.10845666e-02 -1.42637786e+02  2.76410883e+01
 -1.30478319e+00  2.12703546e-02]",007,RP
428,0,0.5196797506001178,0,[ 0.1355351   0.18978957  8.26587919  0.87968321 -1.25968017 -0.30418031],"[-5.41725041e-01  2.15900616e-02 -6.63695065e+01 -3.39540237e+01
 -7.45808698e-01  8.90669835e-01]","[-8.84993538e+00  5.95606309e-01 -2.65451100e+00 -2.14922508e+01
 -1.32139947e+00 -1.54405960e-02]",[ 7.50315136  1.88656319  0.8373928  -4.28308495 -1.29649411  0.10305168],"[ 2.54602536e-01  1.98350277e-02  7.87163015e+01 -1.80413700e+01
 -1.21897168e+00 -3.83409359e-01]","[  1.28632595   0.07876015 -20.04435917  27.78357929  -1.30169675
   0.13700089]",[-6.97458468  0.2681526   5.88980256 43.07892672 -1.3057317   0.11643742],"[ 1.72829901e-01  1.08968569e-02 -1.45088505e+02  2.70756319e+01
 -1.30085405e+00  3.21249672e-02]",007,RP
429,0,0.5196797506001178,0,[ 0.24001133  0.14843058 10.47548356 -0.51423471 -1.19006692 -0.43788733],"[-5.49470966e-01  9.90276596e-03 -7.31983732e+01 -3.82203808e+01
 -8.73383513e-01  6.82935909e-01]","[ -9.2185797    0.58885958  -2.68442886 -22.74662144  -1.31958593
   0.05009186]",[ 8.72923659  2.00652896  0.78755991 -4.87479675 -1.30186755  0.08289846],"[ 2.65169984e-01  1.45153975e-02  1.05949694e+02 -2.60946787e+01
 -1.11406736e+00 -5.50460697e-01]","[  1.23973153   0.07044234 -22.37367872  29.73735485  -1.28972336
   0.19737106]",[-6.80133853  0.28549105  5.53603558 39.65245212 -1.30926118  0.07011719],"[ 1.66015403e-01  1.06614521e-02 -1.48290425e+02  2.66184946e+01
 -1.29859644e+00  3.42937359e-02]",007,RP
430,0,0.5196797506001178,0,[ 0.317209    0.10363185 14.67980304 -2.65656558 -1.03931344 -0.63698662],"[-5.48222693e-01  1.23909696e-02  9.79643351e+01  5.57062717e+01
 -5.15681486e-01  9.49520656e-01]","[ -9.57495289   0.55668007  -2.83685682 -25.16277045  -1.31214845
   0.11943066]",[10.02011464  2.10036062  0.75259916 -5.54112985 -1.30730446  0.05587641],"[ 2.72228763e-01  9.04496399e-03  1.61271204e+02 -4.19026604e+01
 -8.23720187e-01 -8.35619462e-01]","[  1.19908633   0.06010854 -26.13453919  33.33756856  -1.26615246
   0.27822341]","[-6.61921231e+00  2.95544003e-01  5.34941358e+00  3.74089042e+01
 -1.31028243e+00  3.25564178e-02]","[ 1.59339164e-01  1.04325156e-02 -1.51547136e+02  2.61473940e+01
 -1.29743852e+00  3.10185955e-02]",007,RP
431,0,0.5196797506001178,0,[ 0.36553996  0.05953335 23.47947619 -6.58268681 -0.64089651 -0.95469685],"[-5.38757383e-01  2.28654158e-02  6.60804745e+01  3.76013435e+01
 -1.04627056e+00  6.56310018e-01]","[ -9.90325043   0.50048618  -3.14845395 -29.17992791  -1.29603667
   0.20117075]",[11.35456691  2.15379721  0.73407941 -6.33515373 -1.31206247  0.02159533],"[ 2.75648672e-01  4.27392501e-03  2.13691145e+02 -5.69036802e+01
 -6.14093906e-01 -8.30997010e-01]","[  1.16564329   0.04796536 -32.51401894  39.89974806  -1.21555465
   0.39790093]","[-6.43281528e+00  2.98667789e-01  5.29391735e+00  3.60547924e+01
 -1.31078597e+00 -1.18773896e-03]","[ 1.52792500e-01  1.02387207e-02 -1.54419739e+02  2.55941779e+01
 -1.29720740e+00  2.48853636e-02]",007,RP
432,0,0.4482652454132491,0,[ 0.38515522  0.02707609 15.76879296 -4.07343288 -1.36119795 -0.43383013],"[-5.22229867e-01  3.24843037e-02  4.80039700e+01  2.70691068e+01
 -1.23348280e+00  3.92881823e-01]","[-10.18868003   0.42240514  -3.71253758 -35.82585745  -1.26160012
   0.30964378]",[12.70240684  2.15249451  0.73451906 -7.33015989 -1.31519852 -0.02113586],"[ 2.75419560e-01  4.73921542e-03 -2.33691777e+02  6.63632863e+01
 -4.70036115e-01 -9.47187680e-01]","[ 1.14055321e+00  3.43382423e-02 -4.44855150e+01  5.27380968e+01
 -1.08304221e+00  5.99104916e-01]",[-6.24672207  0.29482494  5.36232382 35.49694658 -1.31121955 -0.03668196],"[ 1.46357805e-01  1.00836428e-02 -1.56797537e+02  2.49485433e+01
 -1.29842464e+00  1.96181552e-02]",007,RP
433,0,0.4482652454132491,0,"[  0.37760971   0.04155638 -31.43995458  13.87203227  -0.56990424
  -0.95995835]",[-0.50001451  0.0400827  39.25339254 21.62726564 -1.29148874  0.23931471],"[-10.4178682    0.32554245  -4.75910243 -47.57970183  -1.17861786
   0.47365414]",[14.02480947  2.08329928  0.75858866 -8.6390614  -1.31512674 -0.07481451],"[ 2.71640579e-01  9.41554408e-03 -1.57995743e+02  4.49180550e+01
 -9.32685725e-01 -7.51068523e-01]","[ 1.12483105e+00  2.00297877e-02 -6.90786985e+01  7.97018649e+01
 -6.61625288e-01  9.35375182e-01]",[-6.06568132  0.2834631   5.57497065 35.81599531 -1.3104362  -0.07949526],"[ 1.40028421e-01  9.93832734e-03 -1.59089337e+02  2.42770287e+01
 -1.30171827e+00  2.11426697e-02]",007,RP
434,0,0.4482652454132491,0,"[  0.34547796   0.0738885  -20.58372798   9.11122443  -1.07348293
  -0.62142108]",[-0.47357898  0.04543784 34.74164237 18.45291167 -1.31249591  0.13735062],"[-10.57932386   0.21525883  -6.89869041 -70.98348007  -0.934268
   0.75314224]","[ 15.27566221   1.93599503   0.81527564 -10.45387521  -1.30862378
  -0.14394147]","[ 2.64506019e-01  1.43169192e-02 -1.08104847e+02  3.05943826e+01
 -1.16260548e+00 -4.87666585e-01]","[ 1.11930587e+00  1.03327596e-02 -1.00200573e+01  1.32155089e+01
 -1.70718059e+00  2.57526835e-01]",[-5.89478181  0.26378705  5.98493296 37.27987398 -1.30554758 -0.13477291],"[ 1.33828675e-01  9.73635328e-03 -1.62377498e+02  2.37307654e+01
 -1.30655743e+00  3.62101776e-02]",007,RP
435,0,0.4482652454132491,0,"[  0.29199695   0.10353799 -15.07064632   6.40058278  -1.23049592
  -0.38678744]",[-0.44439699  0.0485371  32.56479878 16.47169845 -1.31979008  0.06018668],"[ -10.66404263    0.10814015   -9.85154881 -103.05733648   -0.50204698
    0.91400044]","[ 16.40418515   1.70563739   0.9226062  -13.1346029   -1.28871373
  -0.23659471]","[ 2.54293731e-01  1.88492603e-02 -8.30817101e+01  2.31271580e+01
 -1.24366121e+00 -3.36064527e-01]","[ 1.12453509e+00  1.99328291e-02  6.72301302e+01 -7.36026407e+01
 -5.47341131e-01  9.96526691e-01]",[-5.73938359  0.23533588  6.69451432 40.42238559 -1.29136585 -0.20746203],"[ 1.27829339e-01  9.38441158e-03 -1.68416720e+02  2.35285980e+01
 -1.31031710e+00  6.96601035e-02]",007,RP
436,0,0.4482652454132491,0,"[  0.22076075   0.12801017 -12.2863532    4.71234455  -1.28267338
  -0.25006671]","[-4.13886111e-01  4.94695360e-02  3.19607087e+01  1.52280934e+01
 -1.31988249e+00 -4.40807207e-03]","[-10.66628394   0.1035857    9.3115148  101.31926069  -0.56143438
   0.86529307]","[ 17.35900951   1.39549102   1.11964443 -17.43591826  -1.23832937
  -0.36852623]","[ 2.41359166e-01  2.28128855e-02 -6.89853486e+01  1.86502462e+01
 -1.27998504e+00 -2.37051889e-01]","[ 1.14068750e+00  3.59823557e-02  4.20869579e+01 -4.60080667e+01
 -1.02207911e+00  6.61998660e-01]",[-5.60470796  0.19863672  7.89813862 46.26676037 -1.25905266 -0.30344783],"[ 1.22152521e-01  8.79019827e-03 -1.79645631e+02  2.39441668e+01
 -1.30854466e+00  1.23391890e-01]",007,RP
437,0,0.4482652454132491,0,"[  0.13546012   0.14686343 -10.74270945   3.45520867  -1.30221858
  -0.16116463]",[-0.38335089  0.04843009 32.63693656 14.51139872 -1.31466551 -0.06162184],"[-10.58447948   0.21394081   6.86216549  74.6324498   -0.87044725
   0.80364786]","[ 18.09376448   1.02062085   1.50148093 -25.16744231  -1.10712377
  -0.57335087]","[ 2.26131684e-01  2.60642587e-02 -6.05288622e+01  1.56874935e+01
 -1.29897571e+00 -1.63522981e-01]","[  1.16742163   0.05196698  29.91377953 -32.92199323  -1.19490042
   0.43839636]",[-5.4951282   0.15566968  9.99338458 56.91492944 -1.1922675  -0.43221733],"[ 1.16962714e-01  7.89420823e-03 -1.99628470e+02  2.53490876e+01
 -1.29566299e+00  1.98605072e-01]",007,RP
438,0,0.4207726891994691,0,[ 0.03966108  0.16029302 -9.855954    2.39089776 -1.3087485  -0.09923126],[-0.35392262  0.04573605 34.5345052  14.22254257 -1.30520941 -0.11310262],"[-10.42213425   0.33234395   4.64721618  50.4339109   -1.16099171
   0.50402869]","[ 18.57367805   0.61498966   2.3077515  -40.86343333  -0.72541443
  -0.90379618]","[ 2.09105677e-01  2.84888411e-02 -5.54503974e+01  1.35949929e+01
 -1.30900582e+00 -1.03744127e-01]","[  1.20379344   0.06620277  23.7085001  -26.54013688  -1.26761295
   0.29336423]",[-5.41331815  0.10995772 13.8916318  77.19982262 -1.0552051  -0.61215116],"[ 1.12446405e-01  6.68769521e-03 -2.34605731e+02  2.83805711e+01
 -1.26329477e+00  3.01043101e-01]",007,RP
439,0,0.4867570027974497,0,[-0.06337085  0.16888206 -9.35999852  1.4068489  -1.30965685 -0.05486157],[-0.3265078   0.04180095 37.74713948 14.32473544 -1.29296959 -0.15953447],"[-10.18845674   0.43511676   3.60257699  38.70469979  -1.26859392
   0.31411754]","[ 18.78198365   0.2861512    1.9727513  -35.05218263  -1.15441357
  -0.52807128]","[ 1.90820470e-01  3.00207829e-02 -5.26551330e+01  1.20476772e+01
 -1.31311701e+00 -5.29504251e-02]","[  1.24821692   0.07750456  20.34142728 -23.39051368  -1.30348229
   0.1847747 ]","[-5.35945676e+00  6.63024816e-02  2.19583138e+01  1.19684633e+02
 -7.58173412e-01 -8.76275441e-01]","[ 1.08787580e-01  5.21048061e-03 -2.98017847e+02  3.44206402e+01
 -1.18949855e+00  4.50404016e-01]",007,RP
440,0,0.4867570027974497,0,[-0.17079302  0.17342005 -9.11695894  0.44288703 -1.30850951 -0.02253536],"[-3.01765628e-01  3.70564306e-02  4.25257928e+01  1.48328226e+01
 -1.27934476e+00 -2.03028161e-01]",[-9.89838258  0.51077722  3.08717347 32.55802413 -1.31540012  0.17535951],[18.72447749  0.39815081 -3.18464617 61.63083552 -0.56880145 -0.93958419],"[ 1.71828128e-01  3.06653443e-02 -5.15599468e+01  1.08594492e+01
 -1.31304170e+00 -9.51040134e-03]","[  1.29848733   0.08488959  18.61142286 -22.16669682  -1.32199459
   0.09239336]","[-5.33067598e+00  3.05543664e-02  3.89655495e+01  2.09712719e+02
 -2.19663276e-01 -1.16790744e+00]","[ 1.06147194e-01  3.54322257e-03 -4.24326706e+02  4.70410891e+01
 -9.91435472e-01  6.98091798e-01]",007,RP
441,0,0.4867570027974497,0,"[-2.80247162e-01  1.74712983e-01 -9.04988235e+00 -5.36203841e-01
 -1.30685893e+00  1.75648631e-03]","[-2.80124507e-01  3.18606905e-02  4.93767276e+01  1.58316315e+01
 -1.26405653e+00 -2.48830512e-01]",[-9.57170192  0.55157782  2.86540122 29.42676639 -1.33371533  0.05930438],[18.4305621   0.6976112  -2.18439437 42.259616   -1.124962   -0.58892071],"[ 1.52653950e-01  3.05032609e-02 -5.18314836e+01  9.91228069e+00
 -1.31026411e+00  2.71135535e-02]","[ 1.35187002e+00  8.75930080e-02  1.80495595e+01 -2.24006582e+01
 -1.32948953e+00  4.21313193e-03]","[-5.32091785e+00  1.18959363e-02 -2.97313392e+01 -1.56198014e+02
 -1.72666073e+00  6.48613213e-03]","[ 1.04651521e-01  1.87101983e-03 -6.57164022e+02  7.07732143e+01
 -4.70186219e-01  9.93097383e-01]",007,RP
442,0,0.4867570027974497,0,[-0.38984197  0.17344185 -9.11590174 -1.5537611  -1.30524153  0.02099647],"[-2.61830410e-01  2.64479528e-02  5.93235846e+01  1.75327185e+01
 -1.24321951e+00 -3.05942279e-01]",[-9.2312019   0.55401862  2.85311925 28.3377198  -1.33294699 -0.04708161],[17.949809    0.93461935 -1.67759308 32.11247529 -1.3006889  -0.2986714 ],"[ 1.33758225e-01  2.96736507e-02 -5.32699196e+01  9.12528989e+00
 -1.30603515e+00  5.72742089e-02]","[  1.4052522    0.08513494  18.55820778 -24.07896226  -1.32620326
  -0.08926648]","[-5.32131406e+00  1.23619880e-02 -1.20891719e+02 -6.41302805e+02
 -1.74936786e+00 -5.52278976e-03]","[ 1.04389719e-01  1.35095564e-03  4.92940475e+02 -4.94579177e+01
 -1.00306672e+00  6.07631593e-01]",007,RP
443,0,0.4867570027974497,0,[-0.49804222  0.17007078 -9.29585743 -2.62972947 -1.30409852  0.03790532],"[-2.47008414e-01  2.09435277e-02  7.45424332e+01  2.04126082e+01
 -1.20663971e+00 -3.88201525e-01]",[-8.9000595   0.51963814  3.0367369  29.02713908 -1.31549974 -0.15091346],[17.34440725  1.0705484  -1.47504197 27.58372866 -1.34200923 -0.1110599 ],"[ 1.15508523e-01  2.83458088e-02 -5.57506290e+01  8.43967283e+00
 -1.30127962e+00  8.13264689e-02]","[  1.45534394   0.07740646  20.35631338 -27.62543728  -1.30719866
  -0.19886445]","[-5.32109801e+00  1.26359501e-02 -1.64406566e+01 -8.54823451e+01
 -1.74642719e+00  1.09334811e-02]","[ 1.05417944e-01  2.93395150e-03  4.87688064e+02 -4.94110732e+01
 -7.35023418e-01  8.96410050e-01]",007,RP
444,0,0.4867570027974497,0,[-0.60348254  0.16475631 -9.59437805 -3.79003961 -1.30384842  0.05618347],"[-2.35715434e-01  1.54241666e-02  1.00079589e+02  2.55903038e+01
 -1.12804164e+00 -5.20287349e-01]",[-8.59899409  0.45483729  3.45673553 31.72444844 -1.28041556 -0.25778268],"[ 1.66791244e+01  1.10525788e+00 -1.43031507e+00  2.58564031e+01
 -1.33781181e+00  2.26236705e-02]","[ 9.81683832e-02  2.66913625e-02 -5.91907566e+01  7.81066088e+00
 -1.29669967e+00  9.96717598e-02]","[  1.49890538   0.06473998  24.17026367 -34.22893833  -1.25714974
  -0.34306127]","[-5.30894429e+00  3.56303136e-02  3.38978058e+01  1.81961563e+02
 -1.94339296e-01  1.19232184e+00]","[ 1.07766613e-01  4.92852014e-03  3.10271500e+02 -3.14369088e+01
 -1.06740554e+00  6.00914399e-01]",007,RP
445,0,0.4867570027974497,0,"[ -0.70474867   0.15726502 -10.04860545  -5.08174131  -1.30415842
   0.0810088 ]","[-2.27970348e-01  9.99795047e-03  1.49101550e+02  3.59907323e+01
 -9.19797293e-01 -7.54193960e-01]",[-8.34376541  0.36963264  4.22679562 37.26739111 -1.22276722 -0.37430737],[16.01114072  1.05795731 -1.49264304 25.89891768 -1.31485161  0.1208458 ],"[ 8.19020034e-02  2.48625377e-02 -6.35304927e+01  7.20327462e+00
 -1.29283502e+00  1.12959316e-01]","[  1.53297532   0.04796705  31.97124973 -47.0111369   -1.12335278
  -0.56222561]","[-5.27452612e+00  7.83257114e-02  1.85356317e+01  9.97666735e+01
 -7.30102500e-01  8.94448491e-01]","[ 1.11447948e-01  6.99250801e-03  2.22484767e+02 -2.27954709e+01
 -1.18127955e+00  4.35118508e-01]",007,RP
446,0,0.4974615781759454,0,"[ -0.80016926   0.14698831 -10.74450453  -6.59742224  -1.30321119
   0.11851041]","[-2.23766147e-01  5.05215325e-03  2.37092883e+02  5.50533608e+01
 -4.18389280e-01 -1.01829989e+00]",[-8.14349372  0.27580187  5.6043099  47.63866252 -1.13032379 -0.50999588],[15.38214639  0.95891802 -1.6442108  27.2914912  -1.28621323  0.18656068],"[ 6.67887326e-02  2.29798904e-02 -6.87236390e+01  6.58996475e+00
 -1.28987579e+00  1.22087322e-01]","[ 1.55507925e+00  2.87892228e-02  4.85787238e+01 -7.35437653e+01
 -7.05745818e-01 -9.11379688e-01]",[-5.21000182  0.1318301  11.5567355  62.21061301 -1.03285136  0.63392805],"[ 1.16461179e-01  9.06824661e-03  1.72721507e+02 -1.81153504e+01
 -1.22972218e+00  3.37305374e-01]",007,RP
447,0,0.4974615781759454,0,"[ -0.8876708    0.13312672 -11.84658819  -8.51587042  -1.29696238
   0.17556773]","[-2.23081138e-01  3.67761887e-03 -2.00145079e+02 -4.26485920e+01
 -9.08715529e-01 -6.52877796e-01]",[-8.00003013  0.18504904  8.19251968 67.54040429 -0.97683461 -0.67872794],[14.81413297  0.84201693 -1.87106135 29.71815165 -1.26244217  0.21231316],"[ 5.28406959e-02  2.11310582e-02 -7.47282427e+01  5.94869235e+00
 -1.28764709e+00  1.27724151e-01]","[ 1.56340521e+00  1.45897534e-02  1.53751250e+01 -2.20375506e+01
 -1.63761704e+00 -2.84419526e-01]",[-5.11114909  0.18897928  8.22050863 44.01624523 -1.18205563  0.44919937],"[ 1.22792664e-01  1.11279823e-02  1.41227695e+02 -1.53417249e+01
 -1.25575409e+00  2.72228021e-01]",007,RP
448,0,0.4974615781759454,0,"[ -0.96476831   0.11501778 -13.6677042  -11.18616789  -1.27705642
   0.26142906]","[-2.25898408e-01  7.90754200e-03 -1.82379881e+02 -3.91993247e+01
 -7.66572314e-01 -8.74592332e-01]","[-7.90831970e+00  1.07540445e-01  1.35666347e+01  1.09289284e+02
 -7.13003758e-01 -8.97628614e-01]",[14.30890763  0.73901303 -2.13388507 32.53356443 -1.25173074  0.18243202],"[ 4.00218910e-02  1.93751474e-02 -8.14965872e+01  5.26164753e+00
 -1.28612558e+00  1.30208343e-01]","[ 1.55694690e+00  2.66564015e-02 -4.96214784e+01  7.92580072e+01
 -5.35711096e-01 -9.96238196e-01]",[-4.97797437  0.24260327  6.46439532 34.17959419 -1.2607551   0.30910837],"[ 1.30408837e-01  1.31315767e-02  1.19924049e+02 -1.36391558e+01
 -1.27332275e+00  2.22365855e-01]",007,RP
449,0,0.4974615781759454,0,"[ -1.02874714   0.09251466 -16.86113646 -15.34584593  -1.22381883
   0.39264471]","[-2.32225418e-01  1.31594325e-02 -1.16345644e+02 -2.50184158e+01
 -1.06911138e+00 -5.93812768e-01]","[-7.85754762e+00  5.06551541e-02  2.66084622e+01  2.11077259e+02
 -2.89200241e-01 -1.17062807e+00]",[13.8506748   0.6760462  -2.33717147 34.37140194 -1.25235297  0.08451711],"[ 2.82703331e-02  1.77417893e-02 -8.89982135e+01  4.51600914e+00
 -1.28576619e+00  1.30856057e-01]","[ 1.53561528e+00  4.81306265e-02 -3.14702835e+01  5.03262482e+01
 -1.03447317e+00 -6.55434989e-01]",[-4.81476447  0.2860451   5.50985519 28.52865502 -1.30408762  0.19359841],"[ 1.39242959e-01  1.50104871e-02  1.05062985e+02 -1.26292810e+01
 -1.28702916e+00  1.78605214e-01]",007,RP
450,0,0.4974615781759454,0,"[ -1.07702484   0.06634985 -23.0025883  -22.77435896  -1.07962233
   0.60494337]","[-2.42096815e-01  1.86795999e-02 -8.32550651e+01 -1.81557861e+01
 -1.17372439e+00 -4.41102145e-01]","[-7.83285020e+00  1.77404558e-02  7.21261600e+01  5.66953407e+02
  4.95389928e-02 -1.34253543e+00]",[13.41102207  0.67077034 -2.35612119 33.59799322 -1.24980231 -0.05909349],"[ 1.75221057e-02  1.62220388e-02 -9.73302562e+01  3.70543104e+00
 -1.28675686e+00  1.33516736e-01]","[  1.50031067   0.06874916 -22.6454808   35.97525646  -1.21474926
  -0.41674076]",[-4.62965533  0.31369797  5.03649188 25.31722149 -1.32699655  0.08955631],"[ 1.49180994e-01  1.66708353e-02  9.47000780e+01 -1.21274518e+01
 -1.29781421e+00  1.36844987e-01]",007,RP
451,0,0.4974615781759454,0,"[ -1.10761711   0.03874091 -35.87491574 -37.7356705   -0.65479595
   0.94395355]","[-2.55545172e-01  2.43378020e-02 -6.43214818e+01 -1.44370441e+01
 -1.22482962e+00 -3.46595403e-01]","[-7.81737538e+00  1.76207187e-02  7.26691117e+01  5.70081725e+02
  3.99107780e-02  1.34399223e+00]",[12.95552609  0.72841454 -2.16482869 30.04649461 -1.24140748 -0.18332141],"[ 7.73167727e-03  1.47662651e-02 -1.06901220e+02  2.82652573e+00
 -1.28781560e+00  1.43584544e-01]","[  1.45293065   0.08592033 -18.29508175  28.58148499  -1.28675623
  -0.26014472]","[-4.43382944e+00  3.21451659e-01  4.91814274e+00  2.38062061e+01
 -1.33484574e+00 -1.31261839e-02]","[ 1.60053926e-01  1.80129582e-02  8.77112323e+01 -1.20385271e+01
 -1.30541139e+00  9.61602699e-02]",007,RP
452,0,0.4974615781759454,0,"[ -1.11960891   0.01844907 -16.03071501 -15.94813135  -1.53785566
   0.33730016]","[-2.72534206e-01  2.99339983e-02 -5.24952114e+01 -1.23067408e+01
 -1.25885199e+00 -2.74024115e-01]","[-7.79445719e+00  4.72204683e-02  2.88977849e+01  2.27242547e+02
 -3.67188880e-01  1.12524314e+00]",[12.45104642  0.83951548 -1.87472901 25.34233795 -1.24413108 -0.24102788],"[-1.11926785e-03  1.33082845e-02 -1.18551537e+02  1.86730908e+00
 -1.28609133e+00  1.64029968e-01]","[  1.39627891   0.09805958 -16.09572076  24.47411543  -1.31851498
  -0.14182555]",[-4.24042154  0.30713555  5.14069528 23.798715   -1.32670838 -0.12436231],"[ 1.71641973e-01  1.89578680e-02  8.33796347e+01 -1.23114450e+01
 -1.30959657e+00  5.73353883e-02]",007,RP
453,0,0.6679208800300362,0,"[-1.11353501e+00  2.98102364e-02  4.46496573e+01  5.17189566e+01
 -6.31219892e-01  9.31589484e-01]","[-2.92868219e-01  3.51112455e-02 -4.48723587e+01 -1.11416878e+01
 -1.28510491e+00 -2.07796032e-01]","[-7.74966343e+00  9.47365010e-02  1.55685249e+01  1.22650828e+02
 -8.00069109e-01  8.37127907e-01]",[11.87289396  0.98229176 -1.60248516 21.02613632 -1.26376071 -0.23494352],"[-9.03138065e-03  1.18132580e-02 -1.33449630e+02  7.94765595e-01
 -1.27892632e+00  1.91402475e-01]","[  1.33385418   0.1041742  -15.17433674  22.24035245  -1.3300504
  -0.04173011]",[-4.06318886  0.27093792  5.80188541 25.57415619 -1.29399606 -0.25748163],"[ 1.83692174e-01  1.94693299e-02  8.12078106e+01 -1.29172393e+01
 -1.31057828e+00  2.18411340e-02]",007,RP
454,0,0.7192801521890841,0,[-1.09158056  0.05031679 30.45259492 35.24146063 -1.15980432  0.54925688],"[-3.16109189e-01  3.93912062e-02 -4.00721612e+01 -1.06671784e+01
 -1.30508876e+00 -1.41763162e-01]",[-7.67245954  0.15449808  9.8950178  77.91912372 -1.05331712  0.60889781],[11.2109515   1.12725322 -1.39861684 17.67982561 -1.29126383 -0.18693465],"[-1.60163933e-02  1.03204436e-02 -1.52641963e+02 -4.44773707e-01
 -1.26689579e+00  2.14184492e-01]","[  1.26953255   0.1039116  -15.21179089  21.31186373  -1.32798539
   0.05055995]",[-3.91504728  0.21569431  7.20414383 30.20456373 -1.20977164 -0.43676541],"[ 1.95946223e-01  1.95645436e-02  8.08154944e+01 -1.38354908e+01
 -1.30893667e+00 -8.60994176e-03]",007,RP
455,0,0.7589872668935544,0,[-1.05753383  0.065418   24.01346152 27.39504795 -1.3252096   0.25781588],"[ -0.34153408   0.04227266 -37.38503016 -10.76826173  -1.31825219
  -0.07391902]",[-7.55721495  0.21861447  7.11372882 55.75997785 -1.18914674  0.43654069],[10.47338402  1.2423465  -1.27126605 15.31445749 -1.31617399 -0.1142249 ],"[-2.21347061e-02  8.95017709e-03 -1.76019931e+02 -1.89614945e+00
 -1.25583746e+00  2.13865038e-01]","[  1.20718907   0.09758593 -16.17436268  21.52551383  -1.31382293
   0.14203474]",[-3.80664591  0.14717201 10.17927107 40.74888063 -0.98112519 -0.7125155 ],"[ 2.08171488e-01  1.93118501e-02  8.18669373e+01 -1.50423622e+01
 -1.30555253e+00 -3.22237152e-02]",007,RP
456,0,0.7752409174242247,0,[-1.01647202  0.07198702 21.95176349 24.31335348 -1.36835233  0.0387892 ],"[-3.68151011e-01  4.33461659e-02 -3.64751493e+01 -1.14283631e+01
 -1.32389838e+00 -3.45299480e-03]",[-7.40337025  0.27916659  5.61940736 43.60255332 -1.26088304  0.30414079],[ 9.68669314  1.29888936 -1.21712514 13.78991778 -1.33113104 -0.02602687],"[-2.75244564e-02  7.86936952e-03 -2.00458376e+02 -3.51750783e+00
 -1.25334095e+00  1.70620298e-01]","[  1.15032121   0.08611319 -18.27239419  23.01912252  -1.28564106
   0.23946217]",[-3.74519576  0.07682405 15.63282408 60.54798655 -0.44069976 -1.00412293],"[ 2.20187202e-01  1.88172778e-02  8.40107673e+01 -1.64980958e+01
 -1.30153894e+00 -4.74293682e-02]",007,RP
457,0,0.7774634279544271,0,[-0.9742189   0.0690627  22.82678382 24.23828425 -1.34943718 -0.16839994],"[ -0.39477362   0.04238141 -37.28988481 -12.72106295  -1.32134452
   0.07102394]",[-7.21478391  0.32981409  4.77781475 36.47090101 -1.29677889  0.20041646],[ 8.89185014  1.27761341 -1.23687436 12.99810142 -1.33096106  0.07404567],"[-3.24084653e-02  7.23468050e-03 -2.18422725e+02 -5.07874529e+00
 -1.25869431e+00  7.80913668e-02]","[  1.10173949   0.07085341 -22.08008666  26.32650344  -1.23650299
   0.3525714 ]","[ -3.73376466   0.05408607 -12.9678455  -46.41888324  -1.00705417
  -0.58160024]","[ 2.31880408e-01  1.82038490e-02  8.68377339e+01 -1.81359692e+01
 -1.29796299e+00 -5.33821470e-02]",007,RP
458,0,0.783407013230699,0,[-0.93666637  0.05719878 27.18191973 27.4603902  -1.24941883 -0.41552941],"[-4.20132917e-01  3.93610330e-02 -4.00903339e+01 -1.48432689e+01
 -1.30915193e+00  1.52885707e-01]",[-6.99846184  0.36675877  4.30593749 32.1349392  -1.31195762  0.11889044],[ 8.13729544  1.17318838 -1.34364814 12.93366186 -1.31071997  0.18644782],"[-3.70743958e-02  7.13750796e-03 -2.21472893e+02 -6.21097371e+00
 -1.26160672e+00 -3.93119691e-02]","[  1.06337686   0.0533962  -28.96237582  32.79792031  -1.1464763
   0.50011642]","[ -3.7711857    0.1095555  -13.26553029 -48.02677818  -0.86130554
  -0.81496433]","[ 2.43210052e-01  1.75896755e-02  8.98720858e+01 -1.98577947e+01
 -1.29546241e+00 -5.03267573e-02]",007,RP
459,0,0.8646085256898186,0,[-0.90908892  0.03853754 38.07006387 36.60907341 -0.92307826 -0.77322207],"[-4.42996812e-01  3.44630240e-02 -4.56378919e+01 -1.82174406e+01
 -1.28304759e+00  2.49468702e-01]",[-6.76300073  0.38896045  4.06390216 29.48417327 -1.31554246  0.05564121],[ 7.47032925  0.99554938 -1.57453285 13.76227881 -1.26258437  0.31624453],"[-4.18329209e-02  7.57176174e-03 -2.08504459e+02 -6.72235054e+00
 -1.25977965e+00 -1.37033617e-01]","[ 1.03623968e+00  3.53773907e-02 -4.24301122e+01  4.59677661e+01
 -9.50272273e-01  7.23376258e-01]","[ -3.85259646   0.16997859  -9.10102776 -33.06258731  -1.18775976
  -0.48121788]","[ 2.54200861e-01  1.70721917e-02  9.26032815e+01 -2.15398338e+01
 -1.29405835e+00 -3.94914131e-02]",007,RP
460,0,0.8874972047254757,0,"[-8.95574469e-01  1.94247962e-02  4.12193363e+01  3.89149852e+01
 -8.56450307e-01 -6.61836530e-01]","[-4.62275692e-01  2.80196654e-02 -5.57414312e+01 -2.37679087e+01
 -1.22998876e+00  3.75979027e-01]","[-6.51713191e+00  3.97591964e-01  3.97670566e+00  2.79167154e+01
 -1.31353305e+00  7.43661405e-03]",[ 6.9289356   0.76734999 -2.01929685 15.99157783 -1.16848641  0.47669783],"[-4.69690872e-02  8.44130476e-03 -1.86783564e+02 -6.77305352e+00
 -1.26159835e+00 -1.88452496e-01]","[ 1.02049223e+00  1.86608783e-02 -7.01321492e+01  7.35693131e+01
 -4.61425465e-01  1.04214598e+00]","[ -3.97047381   0.2190306   -7.16824257 -26.46131941  -1.28303353
  -0.28304257]","[ 2.64931341e-01  1.67234802e-02  9.45419267e+01 -2.30471194e+01
 -1.29326835e+00 -2.25297310e-02]",007,RP
461,0,0.8874972047254757,0,"[-8.98652162e-01  2.56001152e-02 -4.51926609e+01 -3.86124824e+01
 -4.35708950e-01 -9.90340283e-01]","[-4.77104850e-01  2.04911621e-02 -7.48977395e+01 -3.37340748e+01
 -1.10826988e+00  5.64870486e-01]",[-6.26866761  0.39504413  4.0021254  27.08799387 -1.30960435 -0.02918855],[ 6.53599123  0.51878609 -2.90641798 20.99632241 -0.97585016  0.69865298],"[-5.27061584e-02  9.60178293e-03 -1.64155942e+02 -6.65202910e+00
 -1.26936294e+00 -1.98132769e-01]","[ 1.01564249e+00  9.53813473e-03  2.30864195e+01 -2.14475487e+01
 -1.66130609e+00  2.69545893e-01]","[ -4.11591852   0.25385008  -6.21503507 -23.58057795  -1.31157335
  -0.15919567]","[ 2.75520368e-01  1.65944283e-02  9.52808378e+01 -2.42518115e+01
 -1.29252096e+00 -1.08895965e-03]",007,RP
462,0,0.8866383801260499,0,"[ -0.91915152   0.04998463 -29.84744245 -25.43432203  -0.95736339
  -0.73338304]","[-4.86898902e-01  1.25261381e-02 -1.14866081e+02 -5.39281690e+01
 -7.69708258e-01  8.74765887e-01]",[-6.02398505  0.3839259   4.11721106 26.80201789 -1.30553912 -0.05797538],[ 6.29694152  0.28371267 -4.8160205  32.32619946 -0.53012998  1.02051517],"[-5.91929972e-02  1.09131313e-02 -1.44486526e+02 -6.55259053e+00
 -1.27777952e+00 -1.85037402e-01]","[ 1.02078111e+00  1.82809370e-02  7.70988284e+01 -7.67010280e+01
 -7.41401978e-01  8.88796442e-01]","[ -4.2799208    0.2749009   -5.748677   -22.60388229  -1.31729562
  -0.07657709]","[ 2.86113703e-01  1.67186589e-02  9.45689406e+01 -2.50574698e+01
 -1.29170546e+00  2.27573341e-02]",007,RP
463,0,0.8284154017213263,0,"[ -0.95628891   0.07435666 -20.86725796 -17.9551273   -1.19567274
  -0.45487931]","[-4.91374822e-01  5.82491428e-03 -1.26309018e+02 -6.00650715e+01
 -8.78379002e-01  6.74642248e-01]",[-5.78804784  0.3663371   4.31367551 26.96776025 -1.30204776 -0.08298138],[ 6.20093758  0.1204687  -3.03339198 20.80987433 -1.37728339  0.4364128 ],"[-6.65153419e-02  1.22847916e-02 -1.28419753e+02 -6.54188377e+00
 -1.28236180e+00 -1.66974643e-01]","[ 1.03482190e+00  3.02617729e-02  5.07508059e+01 -5.05180456e+01
 -1.12205505e+00  5.54524325e-01]","[-4.45440382e+00  2.84338735e-01 -5.56046235e+00 -2.27685447e+01
 -1.31450986e+00 -2.04327653e-02]","[ 2.96869199e-01  1.71085419e-02  9.24024909e+01 -2.54314535e+01
 -1.29131564e+00  4.56908578e-02]",007,RP
464,0,0.8169757312276283,0,"[ -1.00794287   0.09485937 -16.55381799 -14.68530285  -1.27940495
  -0.28180026]","[-4.90544819e-01  7.48330362e-03  1.60886755e+02  8.09221642e+01
 -4.83623821e-01  9.70322894e-01]",[-5.56482414  0.34347379  4.59894482 27.59231916 -1.29918028 -0.1091684 ],"[  6.22454697   0.16470441   8.22538199 -49.19927656  -0.77011134
   0.83843583]","[-7.47266831e-02  1.37021552e-02 -1.15171916e+02 -6.60641531e+00
 -1.28225511e+00 -1.55201670e-01]","[  1.05670062   0.04132454  37.81350543 -37.9575548   -1.22684328
   0.37061304]","[-4.63292253e+00  2.85153499e-01 -5.54471477e+00 -2.36882340e+01
 -1.30879859e+00  1.60722116e-02]","[ 3.07940361e-01  1.77460458e-02  8.90693740e+01 -2.54280552e+01
 -1.29190104e+00  6.36658820e-02]",007,RP
465,0,0.8072810285317986,0,"[ -1.07106375   0.10998421 -14.34281442 -13.36206858  -1.31015148
  -0.16409564]","[-4.84683998e-01  1.41204489e-02  1.06538126e+02  5.36373247e+01
 -1.00731878e+00  6.88271835e-01]",[-5.357842    0.31555215  5.00241384 28.80214298 -1.29573582 -0.1427537 ],"[  6.33673054   0.2593995    5.9762309  -35.86976492  -1.26915438
   0.42774944]","[-8.38888868e-02  1.52252629e-02 -1.03653771e+02 -6.69539948e+00
 -1.27882483e+00 -1.54148261e-01]","[  1.08549664   0.05129961  30.63382067 -31.25290945  -1.26175471
   0.27188438]","[ -4.81094251   0.2805091   -5.63606622 -25.11479059  -1.30306792
   0.03656699]","[ 3.19459910e-01  1.85798485e-02  8.50627583e+01 -2.51741411e+01
 -1.29345431e+00  7.39443040e-02]",007,RP
466,0,0.8072810285317986,0,"[ -1.14216229   0.11934509 -13.24101226 -13.12338489  -1.31854555
  -0.07932415]","[-4.74279599e-01  2.05568487e-02  7.56498335e+01  3.78791727e+01
 -1.20582188e+00  4.30685791e-01]",[-5.17065819  0.28205245  5.58906851 30.89916288 -1.28844437 -0.19097919],"[  6.50399435   0.3129703    5.04120158 -30.78794658  -1.36267376
   0.13456367]","[-9.41038175e-02  1.69561066e-02 -9.30552914e+01 -6.75685816e+00
 -1.27467831e+00 -1.61846104e-01]","[  1.12045553   0.06036461  26.09714152 -27.24068662  -1.27773996
   0.21229941]","[ -4.98568529   0.2731186   -5.78826381 -26.85846172  -1.29943097
   0.04514933]","[ 3.31525078e-01  1.95345874e-02  8.09030514e+01 -2.48213905e+01
 -1.29555839e+00  7.62975309e-02]",007,RP
467,0,0.7206248173662143,0,"[ -1.21780719   0.12342823 -12.80953606 -13.59954514  -1.31663595
  -0.01784931]","[-4.59971269e-01  2.60449245e-02  6.03027541e+01  2.97375343e+01
 -1.27260962e+00  2.80382597e-01]",[-5.00714075  0.24221947  6.49006561 34.49667197 -1.27080216 -0.26313887],"[  6.69504974   0.32245548   4.90068357 -30.81032026  -1.35217399
  -0.05871973]","[-1.05516569e-01  1.89785942e-02 -8.31188510e+01 -6.77041594e+00
 -1.27318754e+00 -1.70801148e-01]","[  1.16091641   0.06856848  23.00609424 -24.70815227  -1.28901967
   0.16869055]","[ -5.15562758   0.26464316  -5.97348028 -28.79703965  -1.29894988
   0.04870718]","[ 3.44185644e-01  2.05243687e-02  7.70053541e+01 -2.45041374e+01
 -1.29800032e+00  7.19787703e-02]",007,RP
468,0,0.7206248173662143,0,"[ -1.29503946   0.12331981 -12.82068039 -14.60328702  -1.31053546
   0.02479419]","[-4.42493585e-01  3.03740408e-02  5.19118669e+01  2.49706681e+01
 -1.29948004e+00  1.81523596e-01]",[-4.87151752  0.19563483  7.98410526 40.89470869 -1.22767561 -0.37571317],"[  6.88450995   0.2977947    5.29076641 -34.42433397  -1.30659876
  -0.2017947 ]","[-1.18283371e-01  2.12893019e-02 -7.40950985e+01 -6.76421801e+00
 -1.27696343e+00 -1.71555603e-01]","[  1.20617601   0.07568634  20.86256475 -23.16392503  -1.29930285
   0.128579  ]","[ -5.31981461   0.25534115  -6.19071138 -30.93343684  -1.30101274
   0.05589793]","[ 3.57436071e-01  2.14600481e-02  7.36555246e+01 -2.43271414e+01
 -1.30081545e+00  6.20725917e-02]",007,RP
469,0,0.7206248173662143,0,"[ -1.3716248    0.12037227 -13.13259691 -16.01299568  -1.30391612
   0.05136668]","[-4.22628523e-01  3.34663431e-02  4.71982360e+01  2.19473208e+01
 -1.31086734e+00  1.09071985e-01]",[-4.76816034  0.14277836 10.74500157 53.23389028 -1.11122293 -0.56541282],"[  7.05529491   0.25328504   6.19427705 -41.70245136  -1.24783566
  -0.30587584]","[-1.32512869e-01  2.37528391e-02 -6.64333015e+01 -6.80326736e+00
 -1.28601265e+00 -1.57862949e-01]","[  1.25534387   0.08124487  19.44941056 -22.4156983   -1.30831772
   0.08613883]","[ -5.47717119   0.24423671  -6.47093725 -33.44243113  -1.30354086
   0.07380105]","[ 3.71213829e-01  2.22519205e-02  7.10434397e+01 -2.43723073e+01
 -1.30371041e+00  4.72401493e-02]",007,RP
470,0,0.7206248173662143,0,"[ -1.44611508   0.1158751  -13.64061823 -17.72590374  -1.29892113
   0.06490077]","[-4.01168378e-01  3.53169588e-02  4.47592090e+01  1.99559793e+01
 -1.31488681e+00  5.15319708e-02]",[-4.70112984  0.08628965 16.4550252  79.35721002 -0.74140225 -0.89224793],"[  7.19961631   0.20409341   7.66875308 -53.21207971  -1.19748761
  -0.35524291]","[-1.48199140e-01  2.61095258e-02 -6.04762814e+01 -6.96253291e+00
 -1.29773371e+00 -1.28965561e-01]","[  1.30724984   0.0846789   18.66935816 -22.40551543  -1.31447451
   0.03996584]","[ -5.62600087   0.229768    -6.8751295  -36.67948459  -1.30374933
   0.10600883]","[ 3.85405383e-01  2.28187052e-02  6.92865324e+01 -2.47034025e+01
 -1.30585023e+00  2.86948784e-02]",007,RP
471,0,0.7183791608397815,0,"[ -1.51773609   0.11079086 -14.26585062 -19.65179629  -1.29647444
   0.06985796]","[-3.78886070e-01  3.59757000e-02  4.39493060e+01  1.86517798e+01
 -1.31490984e+00  2.80174233e-03]","[-4.67354991e+00  4.16909874e-02  1.09575504e+01  5.32106588e+01
 -1.36934390e+00 -4.10525263e-01]","[  7.31850066   0.1636885    9.58936143 -68.17974793  -1.18428267
  -0.30359163]","[-1.65167882e-01  2.80316925e-02 -5.63692603e+01 -7.31039136e+00
 -1.30876425e+00 -8.77448287e-02]","[ 1.36044296e+00  8.55318535e-02  1.84853991e+01 -2.31483311e+01
 -1.31647175e+00 -9.07669133e-03]","[ -5.76381468   0.21054376  -7.49516022 -41.20071449  -1.29866066
   0.15386979]","[ 3.99860220e-01  2.31068020e-02  6.84267423e+01 -2.53611323e+01
 -1.30642441e+00  8.82921088e-03]",007,RP
472,0,0.7133114901366822,0,"[ -1.58614486   0.10559036 -14.96799876 -21.74141433  -1.29665243
   0.07259853]","[-3.56512044e-01  3.55292725e-02  4.44955765e+01  1.78632089e+01
 -1.31252507e+00 -4.12491657e-02]","[-4.68692346e+00  6.75245403e-02 -1.89578661e+01 -8.68540675e+01
 -4.98743338e-01 -9.99918380e-01]","[  7.41989102   0.14219197  11.10418665 -80.39185479  -1.2074074
  -0.10414543]","[-1.83053264e-01  2.91975467e-02 -5.41454704e+01 -7.91150509e+00
 -1.31661148e+00 -3.75541087e-02]","[  1.41327779   0.08359648  18.90797675 -24.72222367  -1.31398008
  -0.05994264]","[ -5.88749468   0.18583922  -8.47407966 -47.89109895  -1.28459362
   0.2196694 ]","[ 4.14412042e-01  2.31090805e-02  6.84200247e+01 -2.63540821e+01
 -1.30532313e+00 -9.31948367e-03]",007,RP
473,0,0.6884265786309859,0,"[ -1.65111095   0.10018597 -15.7736797  -24.0440952   -1.29899537
   0.08134977]","[-3.34720647e-01  3.40786165e-02  4.63693679e+01  1.75207848e+01
 -1.30830827e+00 -8.43885761e-02]","[ -4.7405653    0.12407205 -12.17543274 -55.71843402  -1.02683593
  -0.66758338]","[  7.51563996   0.14448292  10.9191274  -80.06423016  -1.21007436
   0.15437443]","[-2.01311006e-01  2.93491724e-02 -5.38696878e+01 -8.84456107e+00
 -1.31988768e+00  2.00109828e-02]","[  1.46404844   0.07893695  20.00911297 -27.29431053  -1.30723948
  -0.1131094 ]","[ -5.99364825   0.15570451 -10.07198649 -58.36794421  -1.25434949
   0.31109389]","[ 4.28903778e-01  2.28681541e-02  6.91384641e+01 -2.76537485e+01
 -1.30320316e+00 -2.32255059e-02]",007,RP
474,0,0.6386056865321093,0,"[ -1.70055713   0.07863558 -19.30211019 -30.82434105  -1.30249409
   0.43538542]","[-3.11807756e-01  3.54164970e-02  4.45497957e+01  1.58909718e+01
 -1.17547391e+00  1.11576500e-01]",[-5.04050837  0.61872302 -2.08954853 -8.53238683  0.09721729 -1.38972204],"[  7.8442146    0.64492265   1.99338048 -13.63650428   0.1166598
   1.40116496]","[-2.19294054e-01  2.83726214e-02 -5.56948673e+01 -1.02135532e+01
 -1.31555459e+00  8.22275417e-02]","[  1.50954292   0.06952686  22.6156043  -32.13922545  -1.31440441
  -0.24250774]",[-5.94151479  0.25684226  2.3645056  16.04874498 -0.4329241   0.99602284],[ 0.46044942  0.0565802  24.55499626 -9.30633384 -0.12696011  1.20615436],007,RP
475,0,0.6448355495209797,0,[-1.71630911  0.05519459 -6.49193676 -9.14217019 -1.70514475  0.02168494],"[-2.96646623e-01  2.70801882e-02  5.27701057e+01  1.76540736e+01
 -1.21990369e+00 -2.19034829e-01]",[-5.34896344  0.74363891 -1.94535108 -8.40561181 -1.81004041 -0.3748438 ],"[  8.18560856   0.80103038   1.80735626 -12.79431091  -1.79129134
   0.39711691]","[-2.29568676e-01  1.97353486e-02 -6.31961985e+01 -1.25078676e+01
 -9.70901398e-01  2.72225324e-01]","[  1.53636954   0.04606533  27.69878486 -40.55556941  -0.94060177
  -0.49772039]",[-5.81847227  0.39093141  3.33020607 21.37671168 -1.54052483  0.47669883],[ 0.49089652  0.0658751  22.42178162 -9.00677463 -1.77870656  0.34507583],007,RP
476,0,0.6448355495209797,0,[-1.69420819  0.09434765 12.65902555 23.44702472 -0.71138037  0.82380086],"[-2.89732961e-01  1.83227785e-02  2.96156565e+01  1.05806319e+01
 -1.08298730e+00  2.22011479e-01]",[-5.64930268  0.71946075 -1.96452538 -9.09819847 -1.80383071  0.41659008],"[  8.54710596   0.82529036   1.78278233 -13.23762948  -1.78330542
  -0.35365973]","[-2.31088711e-01  1.71637865e-02  2.23990694e+01  7.17617207e+00
 -1.11684408e+00 -3.29634192e-02]",[ 1.54414146  0.03307697 -6.72133738 12.37869573 -1.33498791  0.12620377],[-5.62563301  0.49404192  3.05453398 19.18368719 -1.63552093 -0.08941712],[ 0.51992526  0.06380277 22.76489494 -9.83604386 -1.77959566 -0.40044134],007,RP
477,0,0.6472213789468646,0,[-1.63077751  0.15969467  9.54980083 17.57360042 -1.21564506  0.51236129],"[-2.91241851e-01  2.07934305e-02 -5.10716632e+01 -1.28742057e+01
 -9.70801613e-01 -9.69646231e-02]","[ -5.92427537   0.55722673  -2.06202437 -10.2160002    0.23822062
   1.49135651]","[  8.93363057   0.71396935   1.94722692 -15.39580597  -0.12439751
  -1.19674125]","[-2.23086589e-01  2.88144476e-02  4.82607752e+01  1.27663317e+01
 -1.02127155e+00  5.47127096e-01]","[  1.53349419   0.04896417 -28.59743213  45.85399596  -1.12971197
  -0.42799948]",[-5.3672727   0.51901528  2.94941562 17.83031792 -0.78009953 -0.6221498 ],"[  0.54718154   0.050783    25.32211853 -11.85579585   0.1143131
  -1.40033871]",007,RP
478,0,0.6569463653934939,0,[-1.52371879  0.21077184  7.47143024 13.38435864 -1.2846688   0.22048221],"[-3.00997769e-01  3.08371044e-02 -5.11694273e+01 -1.34018835e+01
 -1.31189736e+00 -1.53988735e-01]","[-6.15611422e+00  4.66894794e-02  1.13245261e+01  7.17150765e+01
 -1.16574516e+00  5.49806975e-01]","[  9.34417073   0.31060099   5.07154769 -45.38940746  -1.28862087
   0.21218807]",[-0.20513292  0.04209069 37.41522141  9.6750936  -1.28329894  0.21972107],"[ 1.50603240e+00  6.61390716e-02 -2.39017953e+01  3.79968780e+01
 -1.33802087e+00 -2.58946251e-02]","[-5.05077682e+00  3.70556988e-01  4.26668494e+00  2.35500734e+01
 -1.32527553e+00 -7.66029208e-04]","[ 5.72287063e-01  1.03300581e-02  1.50569671e+02 -8.41690749e+01
 -1.19858873e+00 -4.31706636e-01]",007,RP
479,0,0.6687629753346301,0,[-1.38406407  0.23782024  6.63664283 11.1855389  -1.30591404  0.14570944],"[-3.20771522e-01  3.30864192e-02 -4.77697911e+01 -1.33231886e+01
 -1.32682923e+00 -6.10547649e-02]",[-6.11724884  0.11059967 12.59040602 79.01864662 -0.56699705  1.00007898],"[  9.54168057   0.33591056   4.70320478 -42.8764777   -1.36491579
   0.06713749]",[-0.17714724  0.04762591 33.13521553  7.86981208 -1.3008581   0.15257766],"[  1.46575434   0.06486305 -24.35824307  37.7032004   -1.33113168
   0.08717461]",[-4.82381733  0.36092338  4.37831911 23.12021158 -1.32140799 -0.0788668 ],"[ 5.77619354e-01  7.19636672e-03  2.10809203e+02 -1.19767476e+02
 -1.03334947e+00 -6.50523046e-01]",007,RP
480,0,0.7024836725246778,0,[-1.23059245  0.2555938   6.1830811   9.60885293 -1.31901784  0.07401876],"[-3.41324274e-01  3.33984846e-02 -4.73337649e+01 -1.41561629e+01
 -1.33063296e+00  3.10182240e-02]",[-6.020891    0.20484005  7.34669945 46.23367661 -0.92524487  0.72715919],"[  9.73194223   0.31524772   4.98416333 -46.50558957  -1.3906337
  -0.2163606 ]",[-0.14616935  0.05165245 30.58886777  6.47115497 -1.31179753  0.0926707 ],"[  1.42760049   0.05907253 -26.67257606  40.07778264  -1.30472373
   0.20128822]",[-4.60867533  0.33309045  4.73597123 23.82655374 -1.30746725 -0.16438084],"[ 5.80891465e-01  4.04449093e-03  3.36437873e+02 -1.93433889e+02
 -5.76298718e-01 -9.86675035e-01]",007,RP
481,0,0.7849225185098846,0,"[-1.06980547e+00  2.61908080e-01  6.03667673e+00  8.45806980e+00
 -1.32460947e+00  1.30464679e-03]","[-3.61391523e-01  3.16400185e-02 -4.98948211e+01 -1.60315654e+01
 -1.32156122e+00  1.32196643e-01]",[-5.85683871  0.31920367  4.81812303 30.21896949 -1.07410575  0.56519967],"[  9.87458406   0.22800876   6.33233519 -60.52917615  -1.04441316
  -0.68241569]",[-0.11326069  0.05385756 29.35400698  5.32465502 -1.318272    0.03450814],"[  1.39408403   0.04971662 -31.51289594  45.93162504  -1.25460672
   0.32651933]",[-4.41626675  0.28886329  5.44055875 26.0269587  -1.27808453 -0.26690294],"[ 5.82088583e-01  1.93279994e-03  6.19716178e+01 -3.40729712e+01
 -1.67467949e+00 -2.70883467e-01]",007,RP
482,0,0.7849225185098846,0,[-0.9092395   0.25547482  6.18572595  7.62430639 -1.32186339 -0.07585595],"[-3.79680614e-01  2.78475408e-02 -5.64568764e+01 -1.94355815e+01
 -1.29143043e+00  2.55332870e-01]",[-5.61482632  0.45111043  3.44396897 21.33728759 -1.15608866  0.45653251],[ 9.91344479  0.16124218 -0.19924995  3.97525341 -1.68643573 -0.24338114],"[-7.96624538e-02  5.39756033e-02  2.92907729e+01  4.33337484e+00
 -1.32043613e+00 -2.65382042e-02]","[ 1.36708657e+00  3.80649682e-02 -4.06843276e+01  5.76189978e+01
 -1.16299975e+00  4.83089208e-01]",[-4.25620972  0.23115036  6.74181634 30.69458426 -1.21607759 -0.40609176],"[ 5.81357198e-01  3.25498340e-03 -4.20737774e+02  2.46598934e+02
 -7.13407068e-01 -8.93446443e-01]",007,RP
483,0,0.7849225185098846,0,[-0.75683863  0.23621026  6.67887784  7.05483273 -1.30843245 -0.16166043],"[-3.94969233e-01  2.22537531e-02 -6.98988614e+01 -2.56078996e+01
 -1.21530084e+00  4.24940893e-01]",[-5.28646496  0.59524241  2.6261897  15.88325983 -1.21109252  0.3701882 ],[ 9.78447252  0.39725431 -3.27093282 34.0043523  -0.36049616 -1.11054646],[-0.04674464  0.0518332  30.48055948  3.42480286 -1.31659327 -0.09464886],"[ 1.34775660e+00  2.54620293e-02 -5.89832937e+01  8.14951235e+01
 -9.61989004e-01  7.16240657e-01]",[-4.13633867  0.16381902  9.28922069 40.42336279 -1.06088799 -0.62567011],"[ 5.78998153e-01  5.29983920e-03 -2.90704921e+02  1.70317612e+02
 -1.19691529e+00 -5.02981041e-01]",007,RP
484,0,0.7849225185098846,0,[-0.62019762  0.20535817  7.65435213  6.74721098 -1.27884492 -0.26287907],"[-4.06203054e-01  1.53223369e-02 -9.80666791e+01 -3.78349845e+01
 -1.00201776e+00  6.94306957e-01]",[-4.86749034  0.7426998   2.1137263  12.28854237 -1.25097291  0.29429734],[ 9.42647973  0.79542803 -1.86415779 19.5724456  -0.85403117 -0.79942759],"[-1.59227707e-02  4.74159582e-02  3.32608973e+01  2.52960564e+00
 -1.30321724e+00 -1.74111483e-01]","[ 1.33654192e+00  1.34490742e-02 -9.61939491e+01  1.30567246e+02
 -4.58675429e-01  1.03657639e+00]",[-4.06245817  0.09325051 14.54968643 61.10749254 -0.60101145 -0.96632869],"[ 5.75429391e-01  6.75868673e-03 -2.32707948e+02  1.35906993e+02
 -1.32422013e+00 -2.35377716e-01]",007,RP
485,0,0.7849225185098846,0,[-0.50577372  0.16543664  9.43084946  6.7698758  -1.21973692 -0.39188181],"[-4.12585456e-01  8.09726570e-03 -1.48975137e+02 -5.94649747e+01
 -4.67332499e-01  9.85077076e-01]",[-4.35981461  0.88182033  1.78563805  9.78505087 -1.28032786  0.2239219 ],[ 8.79228846  1.26527914 -1.21355481 12.66992394 -1.08628424 -0.57124953],"[ 1.14549722e-02  4.09285758e-02  3.83921806e+01  1.56021864e+00
 -1.27401204e+00 -2.71005085e-01]","[ 1.33330837e+00  7.28639413e-03  4.44532259e+01 -5.72698582e+01
 -1.56685315e+00  3.08319330e-01]",[-4.03825713  0.04936569 -1.14365307 -2.61836517 -1.71507464 -0.25583138],"[ 5.71122363e-01  7.46922482e-03 -2.11575717e+02  1.22835624e+02
 -1.34503407e+00 -6.14962356e-02]",007,RP
486,0,0.7849225185098846,0,[-0.41817009  0.12008815 12.77385571  7.34164443 -1.09515805 -0.5732849 ],"[-4.13656491e-01  5.96528245e-03  1.18834169e+02  5.11565253e+01
 -9.58813919e-01  6.18902413e-01]",[-3.77293211  0.99955798  1.57863679  7.95608944 -1.30160393  0.15612875],[ 7.85787213  1.75566003 -0.88747806  8.97368914 -1.20100295 -0.41299222],"[ 3.42382670e-02  3.28157164e-02  4.75292342e+01  3.72681389e-01
 -1.21553507e+00 -3.96910347e-01]","[ 1.33748111e+00  1.41983213e-02  9.99753911e+01 -1.31715197e+02
 -7.73957494e-01  8.70450823e-01]","[ -4.06530221   0.09746955 -14.03865962 -55.07139394  -0.6119487
  -0.96405429]","[ 5.66523973e-01  7.51055559e-03 -2.10446947e+02  1.21223241e+02
 -1.32910921e+00  5.71854798e-02]",007,RP
487,0,0.7849225185098846,0,[-0.35958672  0.07401377 19.69421563  9.08177843 -0.79552258 -0.8536529 ],"[-4.09358321e-01  1.23698492e-02  1.16911272e+02  4.98586022e+01
 -8.24667870e-01  8.39989574e-01]",[-3.12439551  1.08297496  1.45900582  6.55851124 -1.31608174  0.08829059],[ 6.6278128   2.21585299 -0.7084367   6.69538582 -1.26415838 -0.29187159],"[ 5.16018480e-02  2.37389310e-02  6.45937141e+01 -1.33315502e+00
 -1.09166765e+00 -5.76836684e-01]","[ 1.34816664e+00  2.29299239e-02  6.71834368e+01 -8.85744683e+01
 -1.15845829e+00  5.21345102e-01]","[ -4.14308674   0.17091461  -8.90316059 -34.88656656  -1.05429646
  -0.62890394]","[ 5.61981436e-01  7.09533667e-03 -2.22538730e+02  1.27062635e+02
 -1.30122081e+00  1.28948196e-01]",007,RP
488,0,0.8618042664002546,0,[-0.32952418  0.03435318 30.84636627 12.16462359 -0.35549936 -1.03077196],"[-4.00081199e-01  1.94409012e-02  7.94078589e+01  3.37695914e+01
 -1.17539407e+00  5.01208424e-01]",[-2.43925861  1.120782    1.41063813  5.4409112  -1.32389966  0.01762048],[ 5.13644006  2.59759795 -0.60681214  5.1168542  -1.30018673 -0.19125903],"[ 6.31452603e-02  1.45629813e-02  9.98568891e+01 -4.30548925e+00
 -7.87428659e-01 -8.59888764e-01]","[ 1.36425363e+00  3.02447968e-02  5.18320751e+01 -6.87120965e+01
 -1.27042394e+00  3.12291578e-01]","[ -4.269147     0.24280266  -6.41258739 -25.37627821  -1.2036656
  -0.41957803]","[ 5.57686745e-01  6.50889459e-03 -2.42521935e+02  1.37251269e+02
 -1.27610337e+00  1.43720829e-01]",007,RP
489,0,0.8618042664002546,0,"[-3.24809547e-01  2.48241530e-02 -3.79728923e+01 -1.03339579e+01
 -8.18297637e-01 -6.45150070e-01]","[-3.86679036e-01  2.50771654e-02  6.26098632e+01  2.62099216e+01
 -1.29676099e+00  2.78394466e-01]",[-1.74851549  1.10492192  1.43049575  4.50124398 -1.32395243 -0.05918073],[ 3.44481053  2.86088401 -0.55216173  3.90209253 -1.31923743 -0.10252652],"[ 6.89471388e-02  6.71788059e-03  1.50455987e+02 -8.37350981e+00
 -4.11573830e-01 -9.83421616e-01]","[ 1.38450668e+00  3.56520352e-02  4.42226446e+01 -5.92265467e+01
 -1.30683347e+00  1.82359096e-01]","[ -4.43924773   0.30767097  -5.10244065 -20.65099805  -1.26265348
  -0.29126965]","[ 5.53651184e-01  6.05747351e-03 -2.60861079e+02  1.46426045e+02
 -1.26080462e+00  8.20728429e-02]",007,RP
490,0,0.8618042664002546,0,"[ -0.33997731   0.04373826 -34.57793453  -9.75571319  -1.16375935
  -0.58761637]","[-3.70440677e-01  2.84235659e-02  5.55586922e+01  2.25811995e+01
 -1.34301205e+00  1.08508750e-01]",[-1.08669959  1.03194881  1.52933461  3.6619273  -1.3134371  -0.14694118],[ 1.63422564  2.97928023 -0.53066058  2.86721912 -1.32612951 -0.02058615],"[ 6.95652573e-02  5.46549342e-03 -1.85877844e+02  1.49306401e+01
 -7.00003918e-01 -7.42682349e-01]","[ 1.40766229e+00  3.91007451e-02  4.04067977e+01 -5.48791252e+01
 -1.31747851e+00  9.31267865e-02]","[ -4.64764258   0.36272464  -4.34415408 -18.19007546  -1.28999095
  -0.20307895]","[ 5.49712476e-01  6.02420079e-03 -2.62344447e+02  1.46214015e+02
 -1.24582286e+00 -5.51585975e-02]",007,RP
491,0,0.8618042664002546,0,"[ -0.36797024   0.05638448 -27.9203933   -8.27387371  -1.38837956
  -0.1810895 ]","[-3.53006435e-01  2.89610577e-02  5.45702309e+01  2.12636427e+01
 -1.35196006e+00 -4.86331991e-02]",[-0.48893849  0.90381933  1.73971108  2.85061172 -1.28571717 -0.25448882],[-0.20247065  2.94263047 -0.5371381   1.8912453  -1.32334005  0.05870193],"[ 6.59815231e-02  9.82111499e-03 -1.53876392e+02  1.21529987e+01
 -1.12952462e+00 -6.09952855e-01]","[ 1.43253123e+00  4.07647243e-02  3.87832545e+01 -5.35582231e+01
 -1.31727097e+00  2.86876655e-02]","[ -4.88744227   0.40624048  -3.88609736 -16.99307649  -1.30350319
  -0.13680798]","[ 5.45570197e-01  6.61705164e-03 -2.38101464e+02  1.31901063e+02
 -1.21984572e+00 -2.10066357e-01]",007,RP
492,0,0.8618042664002546,0,"[ -0.40104263   0.05758662 -27.39147754  -8.9851503   -1.38762525
   0.12615582]","[-3.36230251e-01  2.64837772e-02  5.94201403e+01  2.19788487e+01
 -1.32340740e+00 -2.24324579e-01]",[ 0.01216455  0.72798824  2.14138023  1.97395108 -1.22240255 -0.40030915],[-1.9702178   2.75625372 -0.5726911   0.8716738  -1.31139342  0.14037749],"[ 5.94980182e-02  1.29808824e-02 -1.21056207e+02  9.20260439e+00
 -1.35526475e+00 -2.37405908e-01]","[ 1.45810019e+00  4.09836974e-02  3.85783324e+01 -5.42510739e+01
 -1.31178463e+00 -1.68499782e-02]","[ -5.15109126   0.43739519  -3.61275661 -16.60963899  -1.3095908
  -0.0841566 ]","[ 5.40840311e-01  7.91832684e-03 -1.98163489e+02  1.09174803e+02
 -1.19974727e+00 -3.10645611e-01]",007,RP
493,0,0.8618042664002546,0,"[ -0.43169989   0.04805104 -32.22633048 -11.91210327  -1.25117433
   0.44605277]","[-3.22003231e-01  2.11492332e-02  7.32109143e+01  2.55741509e+01
 -1.21475847e+00 -4.63293258e-01]",[ 0.38943174  0.51748668  2.9403196   0.85494621 -1.06222338 -0.62566287],[-3.58022883  2.43771106 -0.6456748  -0.31166354 -1.28757366  0.23204188],"[ 5.15966551e-02  1.38975133e-02 -1.13686147e+02  7.86582490e+00
 -1.38430510e+00  3.16399015e-02]","[ 1.48360848e+00  4.02105069e-02  3.93151445e+01 -5.63282816e+01
 -1.30438439e+00 -4.46614084e-02]","[ -5.43086737   0.45625787  -3.46492733 -16.81756079  -1.31126344
  -0.04124239]","[ 5.35117782e-01  9.88321834e-03 -1.58490195e+02  8.68109218e+01
 -1.20195520e+00 -3.41716196e-01]",007,RP
494,0,0.8618042664002546,0,"[-4.53511629e-01  3.08814383e-02 -4.54465621e+01 -1.86105444e+01
 -7.85709698e-01  8.60072609e-01]","[-3.12067991e-01  1.36450442e-02  1.05304091e+02  3.48620361e+01
 -8.38768963e-01 -8.30972370e-01]",[ 0.62344008  0.29510631  4.60785876 -0.87272383 -0.59967514 -0.96945621],[-4.95675881  2.013332   -0.77729277 -1.85285277 -1.24226681  0.34640626],"[ 4.37801700e-02  1.25597929e-02 -1.24841066e+02  7.46556311e+00
 -1.32265761e+00  2.88996376e-01]","[ 1.50858084e+00  3.89377005e-02  4.05970700e+01 -5.92439618e+01
 -1.29799662e+00 -5.51633441e-02]","[-5.71929937e+00  4.63638453e-01 -3.41024183e+00 -1.75041939e+01
 -1.31060592e+00 -5.59598166e-03]","[ 5.28036534e-01  1.23785848e-02 -1.26629995e+02  6.88652639e+01
 -1.22040171e+00 -3.26873148e-01]",007,RP
495,0,0.7445834550610734,0,[-0.46167128  0.01694122 -8.6750885  -2.00503919 -1.6912869   0.24965665],"[-3.07857556e-01  6.97600792e-03  6.72997297e+01  2.27187303e+01
 -1.38853863e+00 -3.83952129e-01]",[ 0.70403422  0.15066486  0.08064723  1.94322159 -1.7190099  -0.25064868],[-6.04196237  1.51629146 -1.01883704 -4.15577503 -1.14742384  0.50758136],"[ 3.74150827e-02  9.35200702e-03 -1.62040641e+02  8.06276396e+00
 -1.10154701e+00  6.19904581e-01]","[ 1.53282059e+00  3.76121371e-02  4.20294637e+01 -6.24236272e+01
 -1.29410082e+00 -5.04924480e-02]","[ -6.00945419   0.46072275  -3.4316622  -18.6224168   -1.30900099
   0.02535782]","[ 5.19317996e-01  1.52199442e-02 -1.03176924e+02  5.55816335e+01
 -1.24349079e+00 -2.90098834e-01]",007,RP
496,0,0.7445834550610734,0,"[-4.53249056e-01  3.24782234e-02  4.08535830e+01  2.05168479e+01
 -5.35732889e-01  9.99108386e-01]","[-3.10382701e-01  1.18734104e-02 -1.06425669e+02 -3.10326867e+01
 -4.45170923e-01 -1.03119760e+00]",[ 0.6309195   0.28160287 -4.85792348  5.06495867 -0.64469511 -0.94130055],[-6.79914425  0.98790708 -1.50487262 -8.23184598 -0.91118902  0.7644997 ],"[ 3.35972910e-02  5.19874263e-03 -2.31525110e+02  9.77861650e+00
 -5.27384636e-01  9.37525726e-01]","[ 1.55637480e+00  3.65758855e-02  4.32248574e+01 -6.52740788e+01
 -1.29213467e+00 -3.40810012e-02]","[ -6.29508091   0.4486759   -3.52314984 -20.17851332  -1.30688042
   0.05436434]","[ 5.08803220e-01  1.81977635e-02 -8.64618859e+01  4.59920860e+01
 -1.26476125e+00 -2.45284012e-01]",007,RP
497,0,0.7445834550610734,0,[-0.42719555  0.05859156 25.84736237 13.04187807 -1.03344193  0.6565033 ],"[-3.20170796e-01  2.26188332e-02 -6.63326404e+01 -1.92377743e+01
 -9.66203992e-01 -7.16526733e-01]",[ 0.41332538  0.48169997 -3.17278415  3.31139221 -1.10282107 -0.58794577],"[ -7.21470921   0.49596307  -2.40018731 -15.31665352  -0.38966852
   1.03889371]","[ 3.30571647e-02  4.12592381e-03  1.76410967e+02 -3.83164639e+00
 -9.01703273e-01  6.55212042e-01]","[ 1.57947951e+00  3.60612050e-02  4.38453728e+01 -6.72528679e+01
 -1.29078055e+00 -9.13779264e-03]","[ -6.57062242   0.42846712  -3.68811829 -22.23323274  -1.30392428
   0.08370971]","[ 4.96467642e-01  2.10964347e-02 -7.47076712e+01  3.90899414e+01
 -1.28214603e+00 -1.98673935e-01]",007,RP
498,0,0.7445834550610734,0,[-0.38422418  0.08370647 18.59868529  9.14606456 -1.21516995  0.41678198],"[-3.37240911e-01  3.37246251e-02 -4.59533299e+01 -1.34973428e+01
 -1.17151834e+00 -4.74018057e-01]",[ 0.06878696  0.66004859 -2.36812418  2.16289606 -1.24805488 -0.36025458],[-7.29859852  0.32869063  2.14526611 17.65743602 -1.04446958  0.54743094],"[ 3.61136502e-02  8.66691479e-03  1.66492940e+02 -4.01266779e+00
 -8.08598787e-01  8.50698577e-01]","[ 1.60249633e+00  3.62162397e-02  4.36563771e+01 -6.79591840e+01
 -1.28942930e+00  2.09952110e-02]","[ -6.83116907   0.40097409  -3.93903074 -24.90818494  -1.29951441
   0.11486048]","[ 4.82419924e-01  2.37106045e-02 -6.65580991e+01  3.41089531e+01
 -1.29525957e+00 -1.52752916e-01]",007,RP
499,0,0.7445834550610734,0,[-0.32668997  0.10436424 15.06444529  6.92140321 -1.29107316  0.25546863],"[ -0.36109402   0.04385217 -35.74276553 -10.90649899  -1.25658666
  -0.31923042]",[-0.37880515  0.7991543  -1.97050344  1.25356316 -1.29906646 -0.21716451],[-7.08257704  0.64476059  2.27058168 18.08156965 -0.91716473  0.77673781],"[ 4.26800512e-02  1.37716536e-02  1.11927995e+02 -2.77709256e+00
 -1.15891864e+00  5.17828585e-01]","[ 1.62585144e+00  3.71126734e-02  4.25945941e+01 -6.72524820e+01
 -1.28848302e+00  5.13155256e-02]","[ -7.07244564   0.36717933  -4.29846555 -28.40066393  -1.2930565
   0.14875431]","[ 4.66886867e-01  2.58646513e-02 -6.10719228e+01  3.05136787e+01
 -1.30409888e+00 -1.08813757e-01]",007,RP
500,0,0.7445834550610734,0,[-0.25852509  0.11794015 13.38744479  5.46099034 -1.33021986  0.12228464],"[ -0.39070462   0.05205597 -30.26756607  -9.82567777  -1.3004687
  -0.2026409 ]",[-0.90159929  0.89272511 -1.76905829  0.4050183  -1.31763963 -0.11591016],[-6.61602624  0.96981323  1.60160087 12.59623341 -1.22803871  0.43261691],"[ 5.23200919e-02  1.80853140e-02  8.66937222e+01 -2.53582351e+00
 -1.27534705e+00  3.08448212e-01]","[ 1.64997472e+00  3.87197390e-02  4.08170216e+01 -6.53470538e+01
 -1.28897186e+00  7.53664701e-02]","[ -7.2908296    0.32821489  -4.80376118 -33.02340418  -1.28404862
   0.1868317 ]","[ 4.50185938e-01  2.74356694e-02 -5.76084849e+01  2.79345298e+01
 -1.30889040e+00 -6.80665953e-02]",007,RP
501,0,0.7445834550610734,0,[-0.18521519  0.12191888 12.96581466  4.40146587 -1.34860365 -0.01376336],"[ -0.42452069   0.05744749 -27.49797339  -9.6734586   -1.32500846
  -0.09977864]",[-1.4702702   0.93981919 -1.68211581 -0.47316474 -1.32220471 -0.03722107],[-5.95958472  1.20685805  1.30405904  9.77165034 -1.30952837  0.22740784],"[ 6.43477359e-02  2.11711160e-02  7.44985594e+01 -2.79381362e+00
 -1.31546396e+00  1.68047700e-01]","[ 1.67523112e+00  4.08741285e-02  3.86595714e+01 -6.27637172e+01
 -1.29177762e+00  8.76082496e-02]","[ -7.48331853   0.28517599  -5.51993642 -39.30744249  -1.27142197
   0.23286284]","[ 4.32687190e-01  2.83726903e-02 -5.57223640e+01  2.61103531e+01
 -1.31019837e+00 -3.18343889e-02]",007,RP
502,0,0.7661248612329601,0,[-0.11372148  0.11406123 13.8170037   3.57129007 -1.33813026 -0.18231092],"[-4.60501778e-01  5.92472329e-02 -2.66841674e+01 -1.02881065e+01
 -1.33532322e+00  2.93980182e-03]",[-2.05630693  0.94327052 -1.67606099 -1.44649584 -1.31940926  0.02849925],[-5.17747595  1.3452263   1.17433908  8.08011235 -1.3277568   0.09624885],"[ 7.79569911e-02  2.29123392e-02  6.89776576e+01 -3.37729064e+00
 -1.32466987e+00  6.72863500e-02]","[ 1.70184841e+00  4.32819744e-02  3.65097482e+01 -6.01340570e+01
 -1.29676120e+00  8.56550349e-02]","[ -7.64740218   0.23885105  -6.57211016 -48.25956958  -1.25124599
   0.29541427]","[ 4.14767636e-01  2.87048697e-02 -5.50822133e+01  2.48463194e+01
 -1.30882391e+00 -1.54459931e-03]",007,RP
503,0,0.7661248612329601,0,[-0.05222116  0.09305896 16.67362642  2.87071611 -1.24650827 -0.43262462],"[ -0.49622562   0.05693327 -27.73648484 -11.76355435  -1.32950091
   0.11629385]",[-2.63393179  0.90868143 -1.73893487 -2.58023584 -1.31180268  0.08647885],[-4.32964125  1.39511611  1.13327558  6.90667671 -1.3240931   0.00697687],"[ 9.23627977e-02  2.34435323e-02  6.74422701e+01 -4.22915675e+00
 -1.31918001e+00 -4.25444992e-03]","[ 1.72985564e+00  4.55602115e-02  3.46904939e+01 -5.80095464e+01
 -1.30278052e+00  7.03836745e-02]","[ -7.78087138   0.18962631  -8.22969255 -62.03417923  -1.21095206
   0.39171939]","[ 3.96762433e-01  2.85388333e-02 -5.54009407e+01  2.39810120e+01
 -1.30556359e+00  2.10146471e-02]",007,RP
504,0,0.7661248612329601,0,"[-9.58232945e-03  6.03156767e-02  2.35029400e+01  2.22521291e+00
 -8.37873665e-01 -8.25931772e-01]","[ -0.52907038   0.05038304 -31.20167757 -14.50788341  -1.29785933
   0.25511963]",[-3.18158404  0.84364617 -1.87118485 -3.95333184 -1.300319    0.1394231 ],[-3.46492253  1.37817222  1.14700764  5.97429262 -1.31212626 -0.05139481],"[ 1.06931206e-01  2.31026841e-02  6.84268015e+01 -5.31696040e+00
 -1.30725323e+00 -4.73749460e-02]","[ 1.75904426e+00  4.72962436e-02  3.34250169e+01 -5.67960842e+01
 -1.30852271e+00  4.41351875e-02]","[ -7.88162981   0.13777578 -11.15170286 -85.89359376  -1.10972633
   0.5576805 ]","[ 3.78918632e-01  2.80494630e-02 -5.63646558e+01  2.33576183e+01
 -1.30116780e+00  3.33450143e-02]",007,RP
505,0,0.7661248612329601,0,[ 0.00542177  0.03469521  3.64245127  1.98025148 -1.71506862 -0.23507832],"[ -0.55645245   0.03996346 -38.82987486 -19.60697882  -1.20773507
   0.44925075]",[-3.68295127  0.75709421 -2.08241969 -5.66945026 -1.28547314  0.18814806],[-2.61638279  1.32242934  1.19501992  5.12662956 -1.29870554 -0.08000941],"[ 1.21275368e-01  2.23607207e-02  7.06915324e+01 -6.57314159e+00
 -1.29479879e+00 -5.81636038e-02]","[ 1.78895750e+00  4.80991642e-02  3.28717921e+01 -5.68062389e+01
 -1.31298265e+00  8.67611522e-03]","[-7.94758747e+00  8.45672071e-02 -1.70591633e+01 -1.33579193e+02
 -7.91888848e-01  8.59293458e-01]","[ 3.61358866e-01  2.74639790e-02 -5.75664834e+01  2.28021592e+01
 -1.29649890e+00  3.26023059e-02]",007,RP
506,0,0.7661248612329601,0,"[-1.49345925e-02  7.24620069e-02 -1.80962637e+01  1.72973968e+00
 -4.51916432e-01 -1.05110324e+00]","[-5.76082703e-01  2.66644060e-02 -5.54788103e+01 -2.99603830e+01
 -9.33044352e-01  7.59377683e-01]",[-4.12754626  0.65860548 -2.39030013 -7.86607439 -1.26811278  0.23175045],[-1.79936288  1.25761054  1.25666995  4.26120526 -1.28834943 -0.07652181],"[ 1.35297786e-01  2.17254844e-02  7.27702388e+01 -7.84565222e+00
 -1.28562309e+00 -3.42039314e-02]","[ 1.81890646e+00  4.76299838e-02  3.31920602e+01 -5.83732528e+01
 -1.31518923e+00 -3.59402570e-02]","[-7.97670906e+00  4.03143302e-02 -1.66843603e+01 -1.31086288e+02
 -1.03710597e+00  5.75996171e-01]","[ 3.44062195e-01  2.70338330e-02 -5.84857543e+01  2.21227370e+01
 -1.29241125e+00  1.72834046e-02]",007,RP
507,0,0.7661248612329601,0,"[ -0.07635998   0.13755604 -10.90282198   1.16746074  -0.94639067
  -0.72778854]","[-5.86197809e-01  1.33636928e-02 -7.35083025e+01 -4.10904059e+01
 -5.86730987e-01  8.42400494e-01]","[ -4.51082682   0.55762866  -2.81913258 -10.71661886  -1.24996131
   0.26735958]",[-1.01221795  1.21056788  1.3059085   3.32186403 -1.28247965 -0.04142279],"[ 1.49170925e-01  2.16295501e-02  7.30967751e+01 -8.90391355e+00
 -1.28013869e+00  1.71210206e-02]","[ 1.84800613e+00  4.56179669e-02  3.46354489e+01 -6.20065220e+01
 -1.31353662e+00 -9.18182495e-02]","[-7.96723715e+00  5.91789398e-02  2.05477084e+01  1.65708466e+02
 -4.17835429e-01  1.02727722e+00]","[ 3.26866521e-01  2.69926459e-02 -5.85755701e+01  2.11463928e+01
 -1.28929419e+00 -1.05438528e-02]",007,RP
508,0,0.7661248612329601,0,[-0.18172651  0.20766792 -7.44695586  0.64669068 -1.14941605 -0.49899833],"[-5.85728193e-01  1.43168964e-02  7.30077941e+01  4.47627233e+01
 -4.90979431e-01  9.21328300e-01]","[ -4.83384155   0.46267214  -3.39447388 -14.40834886  -1.23417163
   0.28942321]",[-0.23919427  1.20159018  1.31579421  2.31473044 -1.27882161  0.01656179],"[ 1.63263275e-01  2.23283576e-02  7.07790616e+01 -9.55562142e+00
 -1.27709691e+00  7.60260815e-02]","[ 1.87522239e+00  4.18752082e-02  3.76727055e+01 -6.86447010e+01
 -1.30470595e+00 -1.64080510e-01]","[ -7.91802943   0.1160745   12.86084857 103.83257746  -0.93070674
   0.74590831]","[ 3.09492988e-01  2.75109558e-02 -5.74634192e+01  1.97845253e+01
 -1.28701761e+00 -4.46625821e-02]",007,RP
509,0,0.731371332468827,0,[-0.33055224  0.27499567 -5.69054659  0.11897708 -1.2400628  -0.34773563],"[-5.74378653e-01  2.89080160e-02  5.11562599e+01  3.13830637e+01
 -9.10483422e-01  7.72687051e-01]","[ -5.10239621   0.38060231  -4.12671505 -19.05613522  -1.22554174
   0.28916115]",[ 0.54524501  1.24239402  1.27196495  1.30646746 -1.27473967  0.08072126],"[ 1.78030993e-01  2.38510202e-02  6.62153700e+01 -9.78838804e+00
 -1.27692547e+00  1.20911697e-01]","[ 1.89942209e+00  3.63097680e-02  4.32872312e+01 -8.02207231e+01
 -1.28071222e+00 -2.63961202e-01]",[-7.82889187  0.17726677  8.71851202 70.25628785 -1.14310289  0.50600744],"[ 2.91588317e-01  2.86667122e-02 -5.51296841e+01  1.80751718e+01
 -1.28550686e+00 -7.70933036e-02]",007,RP
510,0,0.7314246821683843,0,[-0.51889371  0.33349228 -4.71895572 -0.44863644 -1.28578366 -0.23592902],[-0.55261119  0.0441414  35.0587958  21.37388278 -1.17325558  0.48457456],"[ -5.32581304   0.31613994  -4.97549128 -24.49853634  -1.22874248
   0.25627191]",[ 1.37133979  1.33585523  1.18193793  0.37916148 -1.27113118  0.13359774],"[ 1.93901657e-01  2.60254170e-02  6.06575786e+01 -9.76160498e+00
 -1.28083753e+00  1.41194745e-01]","[ 1.91941874e+00  2.89387291e-02  5.37872210e+01 -1.01240200e+02
 -1.21687437e+00 -4.17796839e-01]",[-7.70079587  0.23703764  6.59630433 52.79679319 -1.22650427  0.36295509],"[ 2.72777109e-01  3.04417599e-02 -5.18972991e+01  1.61563952e+01
 -1.28510460e+00 -1.01584125e-01]",007,RP
511,0,0.7315360369482325,0,[-0.73968499  0.37835692 -4.17139854 -1.08552087 -1.30916733 -0.14612359],[-0.52153411  0.05750087 27.26809405 16.22124127 -1.26301283  0.31181516],"[ -5.51544349   0.2715633   -5.80632361 -30.02444973  -1.24340871
   0.1861047 ]",[ 2.26880173  1.47656936  1.06852575 -0.42427307 -1.27129427  0.16447495],"[ 2.11174503e-01  2.85478190e-02  5.53014623e+01 -9.67825883e+00
 -1.28840477e+00  1.37931038e-01]","[ 1.93401088e+00  1.99647998e-02  7.52814376e+01 -1.43595119e+02
 -1.01357349e+00 -6.86815243e-01]",[-7.53593296  0.29265436  5.37057866 42.4723208  -1.2653974   0.26828546],"[ 2.52715072e-01  3.27362147e-02 -4.82485551e+01  1.41931371e+01
 -1.28630587e+00 -1.15204271e-01]",007,RP
512,0,0.7315822297999129,0,[-0.98347036  0.4064092  -3.88877909 -1.82449898 -1.31951229 -0.06976512],[-0.48272058  0.06814798 23.12405011 13.16245477 -1.29735223  0.19906519],"[ -5.68313246   0.24660729  -6.40693708 -34.41147211  -1.2613393
   0.09072387]",[ 3.26178002  1.65134815  0.95525766 -1.11584036 -1.27715428  0.17085993],"[ 2.29953588e-01  3.10534402e-02  5.08605577e+01 -9.69556775e+00
 -1.29770764e+00  1.16916166e-01]","[ 1.94201604e+00  1.05322017e-02  1.08531802e+02 -2.08770500e+02
 -5.19663629e-01 -9.15746097e-01]",[-7.33760546  0.34228506  4.60414446 35.78339548 -1.28528282  0.20054694],"[ 2.31136246e-01  3.53858061e-02 -4.46336589e+01  1.23164564e+01
 -1.28930062e+00 -1.17677150e-01]",007,RP
513,0,0.7315822297999129,0,"[-1.23941340e+00  4.16333914e-01 -3.79761394e+00 -2.70681362e+00
 -1.32126797e+00 -2.07784700e-03]",[-0.4379936   0.07580638 20.83243552 11.1244735  -1.31018711  0.11961753],"[-5.83982586e+00  2.38656066e-01 -6.62479901e+00 -3.66876726e+01
 -1.27428347e+00 -1.10222224e-03]",[ 4.3642263   1.83983716  0.85772226 -1.74329405 -1.28778084  0.15545741],"[ 2.50120092e-01  3.31723525e-02  4.76368144e+01 -9.91492442e+00
 -1.30651516e+00  8.38066184e-02]","[ 1.94230646e+00  9.94384412e-03 -8.80079564e+01  1.72938422e+02
 -6.01390406e-01 -8.50863340e-01]",[-7.1099512   0.38482925  4.10118504 31.15922552 -1.29581616  0.14959313],"[ 2.07889839e-01  3.81773634e-02 -4.13754714e+01  1.06015401e+01
 -1.29370483e+00 -1.10187487e-01]",007,RP
514,0,0.7315822297999129,0,[-1.49643436  0.40868082 -3.86763508 -3.78766204 -1.3166193   0.05977501],[-0.38921562  0.0805621  19.61997485  9.63640077 -1.313484    0.06094856],"[ -5.99449074   0.24341098  -6.49357111 -36.92565185  -1.28249155
  -0.0637778 ]",[ 5.576131    2.0162731   0.78322458 -2.36736286 -1.30030835  0.12289265],"[ 2.71338970e-01  3.45729470e-02  4.57258744e+01 -1.04072117e+01
 -1.31309555e+00  4.26050472e-02]","[ 1.93385188e+00  2.21750446e-02 -6.49445823e+01  1.27593203e+02
 -7.32712216e-01 -8.96476638e-01]",[-6.85753608  0.41989357  3.76184512 27.79698867 -1.30103471  0.11036421],"[  0.18296394   0.04086812 -38.6609819    9.07356541  -1.29865176
  -0.0946712 ]",007,RP
515,0,0.7315822297999129,0,[-1.74430486  0.38565075 -4.09524261 -5.14335162 -1.3066975   0.11729438],"[-3.38116401e-01  8.27418970e-02  1.91085990e+01  8.46093071e+00
 -1.31224996e+00  1.67112113e-02]","[ -6.15348444   0.2559331   -6.1738928  -35.9909533   -1.28971677
  -0.09086103]",[ 6.88154838  2.15318021  0.73394951 -3.05070907 -1.31131479  0.07799522],"[ 2.93088559e-01  3.49923417e-02  4.51841213e+01 -1.12429490e+01
 -1.31649769e+00 -4.71633807e-03]","[ 1.91577036e+00  3.74954675e-02 -4.06958470e+01  7.99638975e+01
 -1.04161643e+00 -6.22347825e-01]",[-6.58492957  0.4477564   3.5293973  25.24083266 -1.30299451  0.08042814],"[  0.15649445   0.04321285 -36.57360683   7.72356635  -1.3031903
  -0.07337319]",007,RP
516,0,0.7495153423217383,0,[-1.97452887  0.35068714 -4.49789797 -6.88122939 -1.29241621  0.17112514],"[-2.86188464e-01  8.27967676e-02  1.90960382e+01  7.46506585e+00
 -1.30921826e+00 -1.69168930e-02]","[ -6.3204429    0.27165775  -5.81650225 -34.76287034  -1.29651271
  -0.09083301]",[ 8.24938981  2.22676156  0.71000422 -3.85710157 -1.31783385  0.02532923],"[ 3.14702544e-01  3.42489454e-02  4.61517716e+01 -1.25240799e+01
 -1.31611513e+00 -5.85928739e-02]","[ 1.88738527e+00  5.40625797e-02 -2.87173094e+01  5.62006268e+01
 -1.16226076e+00 -4.61335964e-01]",[-6.29641515  0.46917492  3.36912618 23.21341714 -1.30344202  0.05794003],"[  0.12875858   0.04499369 -35.13453738   6.52387318  -1.30665894
  -0.04837325]",007,RP
517,0,0.7495153423217383,0,[-2.18088922  0.30787915 -5.11502118 -9.15529457 -1.27475516  0.22185201],[-0.23466447  0.08117051 19.47613894  6.5703578  -1.30630192 -0.04374617],"[ -6.49664018   0.28712113  -5.50428877 -33.75938362  -1.30126826
  -0.07634519]",[ 9.6373902   2.22252779  0.71133808 -4.85544267 -1.31802618 -0.03077642],"[ 3.35416307e-01  3.22376615e-02  4.89842350e+01 -1.44301112e+01
 -1.31059196e+00 -1.22397144e-01]","[  1.84829263   0.07116787 -21.9811657   42.62762654  -1.22076755
  -0.35766488]",[-5.99595041  0.48488275  3.26044573 21.54947088 -1.3040515   0.03991003],"[ 1.00153976e-01  4.60423607e-02 -3.43394749e+01  5.43923496e+00
 -1.30877874e+00 -2.11786645e-02]",007,RP
518,0,0.7495153423217383,0,"[ -2.3596078    0.26125431  -6.01595276 -12.19528909  -1.25435005
   0.27103775]",[-0.1845697   0.07816312 20.22085747  5.73215757 -1.30445804 -0.06906502],"[ -6.681652     0.30030698  -5.26365167 -33.16988872  -1.30324536
  -0.05784671]",[10.99864429  2.13903797  0.73871818 -6.12489845 -1.31158128 -0.08617114],"[ 3.54412120e-01  2.89202078e-02  5.44817320e+01 -1.73089862e+01
 -1.29588650e+00 -2.03526907e-01]","[  1.79844455   0.08813881 -17.82207559  34.05201478  -1.25508439
  -0.28199367]",[-5.68740894  0.49491566  3.19463099 20.16917287 -1.30578545  0.02191968],"[ 7.11670723e-02  4.62498940e-02 -3.41864432e+01  4.43294907e+00
 -1.30948465e+00  7.39577677e-03]",007,RP
519,0,0.7495153423217383,0,"[ -2.50912873   0.21414266  -7.32093567 -16.36917     -1.23052616
   0.32244662]",[-0.13682687  0.07383954 21.39584994  4.92752726 -1.30313822 -0.09963555],"[ -6.87407369   0.31049819  -5.09156834 -32.99981597  -1.30348749
  -0.04107842]",[12.28906493  1.98793155  0.7941456  -7.75930687 -1.2998351  -0.1371065 ],"[ 3.70863420e-01  2.43291337e-02  6.44310649e+01 -2.18951251e+01
 -1.26051467e+00 -3.16429143e-01]","[  1.73824323   0.1041749  -15.11771247  28.27826128  -1.27834793
  -0.21988781]","[-5.37502576e+00  4.98206436e-01  3.17364258e+00  1.90584106e+01
 -1.30834809e+00 -5.03885743e-04]","[  0.04233494   0.04556879 -34.69374867   3.46875793  -1.30867861
   0.03697581]",007,RP
520,0,0.7482620133525923,0,"[ -2.62960758   0.16880225  -9.25307386 -22.33195312  -1.19947071
   0.38391458]",[-0.09237892  0.06803695 23.20040201  4.14322815 -1.29992217 -0.14298059],"[-7.07201661e+00  3.17600843e-01 -4.97810058e+00 -3.32052100e+01
 -1.30402861e+00 -2.62679959e-02]",[13.4735864   1.789823    0.88106159 -9.87105947 -1.28540236 -0.18100024],"[ 3.83983858e-01  1.85999001e-02  8.31445591e+01 -2.99261686e+01
 -1.16913521e+00 -4.91265602e-01]","[  1.66862978   0.1183217  -13.33364939  24.2489245   -1.29525668
  -0.16384946]",[-5.06387636  0.49277506  3.20836926 18.24678527 -1.31041691 -0.03038141],"[ 1.42030777e-02  4.40162992e-02 -3.59083876e+01  2.51000962e+00
 -1.30613423e+00  6.71199169e-02]",007,RP
521,0,0.7431054485078481,0,"[ -2.72226069   0.1263856  -12.27611767 -31.41879261  -1.14934859
   0.47133311]",[-0.05228517  0.06047425 26.05182379  3.36212392 -1.28968945 -0.20773754],"[-7.27320653e+00  3.21221915e-01 -4.92221371e+00 -3.38002769e+01
 -1.30638953e+00 -8.95948796e-03]","[ 14.52941564   1.5676406    1.00475762 -12.59854105  -1.27101381
  -0.21763665]","[ 3.93085286e-01  1.20687427e-02  1.21935903e+02 -4.59312093e+01
 -8.92065602e-01 -7.88422908e-01]","[  1.59115262   0.12953156 -12.19434308  21.40306099  -1.30745659
  -0.10990929]",[-4.76019563  0.47638694  3.31767927 17.79280238 -1.3103524  -0.06927503],"[-1.27195873e-02  4.16812723e-02 -3.79052323e+01  1.51786109e+00
 -1.30166567e+00  9.68239786e-02]",007,RP
522,0,0.7431054485078481,0,"[ -2.78874434   0.08722447 -17.50481822 -46.81646271  -1.04252582
   0.61872236]","[-1.77490139e-02  5.09179072e-02  3.08040586e+01  2.54674167e+00
 -1.26119142e+00 -3.06796039e-01]","[-7.47473011e+00  3.20036474e-01 -4.94033138e+00 -3.49276437e+01
 -1.31022420e+00  1.71536861e-02]","[ 15.44585872   1.34028307   1.1737522  -16.1296107   -1.2578904
  -0.25015222]","[ 3.97643362e-01  5.91899374e-03  1.60584827e+02 -6.18554904e+01
 -6.05949123e-01 -8.30243217e-01]","[  1.50799783   0.13677054 -11.55731597  19.42840742  -1.3156346
  -0.05542592]",[-4.4713882   0.44726086  3.53102562 17.78858632 -1.3064032  -0.11872012],"[-3.80056851e-02  3.87274829e-02 -4.07765322e+01  4.50259958e-01
 -1.29545281e+00  1.24304647e-01]",007,RP
523,0,0.749103245616823,0,"[-2.83068368e+00  5.15560338e-02 -2.79018309e+01 -7.69812574e+01
 -7.40286900e-01  8.91471288e-01]","[ 9.93943587e-03  3.93541492e-02  3.93950792e+01  1.60843514e+00
 -1.18368626e+00 -4.66091440e-01]","[ -7.67265856   0.31185238  -5.06870635 -36.89045315  -1.31305944
   0.05710759]","[ 16.22137718   1.11901382   1.40365012 -20.76913809  -1.24461641
  -0.28545519]","[ 3.97364693e-01  6.48455351e-03 -1.65532045e+02  6.77765903e+01
 -4.78701505e-01 -9.34391593e-01]","[ 1.42196019e+00  1.39124457e-01 -1.13645251e+01  1.81599023e+01
 -1.31985867e+00  2.34935773e-03]",[-4.20568543  0.4045354   3.89779163 18.39288544 -1.29581805 -0.18196775],"[-6.13487858e-02  3.53820373e-02 -4.46100609e+01 -7.36773071e-01
 -1.28827833e+00  1.47167066e-01]",007,RP
524,0,0.749103245616823,0,"[-2.84939819e+00  2.35082694e-02 -3.24147983e+01 -9.03626679e+01
 -8.39117468e-01  6.99173112e-01]","[ 2.95292700e-02  2.62001510e-02  5.68203321e+01  3.22137074e-01
 -9.47866764e-01 -7.41752912e-01]","[ -7.86182631   0.29432517  -5.3661933  -40.18807971  -1.31097049
   0.11390769]","[ 16.85921729   0.90724412   1.72674494 -27.11156816  -1.22610622
  -0.33516807]","[ 3.92245250e-01  1.29321868e-02 -1.14730175e+02  4.70023663e+01
 -9.31067428e-01 -7.56743494e-01]","[  1.33634235   0.13589162 -11.63051142  17.54234497  -1.31913352
   0.06700249]",[-3.97153235  0.34850069  4.5101125  19.9120577  -1.2727182  -0.26581   ],"[-8.25897870e-02  3.19056039e-02 -4.94519389e+01 -2.08422510e+00
 -1.28142985e+00  1.62804128e-01]",007,RP
525,0,0.7483715861653979,0,"[-2.84581300e+00  3.07224447e-02  3.88276964e+01  1.12496363e+02
 -4.33556908e-01  1.00389699e+00]","[ 3.99671103e-02  1.32823695e-02  8.26010289e+01 -1.30132443e+00
 -4.82551009e-01 -9.35143551e-01]","[ -8.03595491   0.26584221  -5.92941919 -45.64854527  -1.2987732
   0.19091136]","[ 17.36319946   0.70270908   2.21664574 -36.48806215  -1.188799
  -0.41959331]","[ 3.82607733e-01  1.94709317e-02 -7.96056713e+01  3.24577454e+01
 -1.19045616e+00 -4.65582871e-01]","[  1.25479249   0.12667125 -12.46023254  17.63500622  -1.31071453
   0.14380327]",[-3.77687196  0.28071479  5.56099403 23.00316241 -1.22277818 -0.38444644],"[-1.01725757e-01  2.85548231e-02 -5.52468293e+01 -3.62002554e+00
 -1.27624695e+00  1.68644654e-01]",007,RP
526,0,0.7439607617598776,0,"[-2.82050909e+00  6.04836252e-02  2.46794914e+01  7.16087297e+01
 -9.30573831e-01  7.45710308e-01]","[ 4.05479140e-02  1.21041690e-02 -7.62850283e+01  5.09319877e+00
 -6.12821044e-01 -8.29444546e-01]","[ -8.18809913   0.22603259  -6.94241591 -54.84518966  -1.26726519
   0.29728583]","[ 17.73476478   0.5007915    3.060599   -52.27900331  -1.08862641
  -0.57974922]","[ 3.69108281e-01  2.48889730e-02 -6.30901101e+01  2.52870821e+01
 -1.28423848e+00 -2.80753823e-01]","[  1.18110279   0.11144368 -14.11704771  18.67368442  -1.28813397
   0.24206376]",[-3.62848424  0.20411793  7.51430204 29.26552655 -1.10305252 -0.57031542],"[-1.18901573e-01  2.55532675e-02 -6.17474829e+01 -5.34187287e+00
 -1.27365302e+00  1.62027552e-01]",007,RP
527,0,0.7434295522483186,0,[-2.77384068  0.09280385 16.64591682 48.17312118 -1.13391645  0.51261203],"[ 3.10215622e-02  2.52442448e-02 -5.79574667e+01  3.79793116e+00
 -8.50410179e-01 -8.17913368e-01]","[ -8.31119368   0.17575672  -8.82607223 -71.35519573  -1.18916152
   0.45925034]","[ 17.97137348   0.30045147   4.74528562 -83.27930017  -0.75002824
  -0.88572395]","[ 3.52708755e-01  2.86099249e-02 -5.51614094e+01  2.14559120e+01
 -1.32320771e+00 -1.44523742e-01]","[  1.11898278   0.09063862 -17.22249565  21.27167597  -1.23342061
   0.38114902]",[-3.53146407  0.12387632 11.56319608 42.83501154 -0.7565296  -0.88323244],"[-1.34388150e-01  2.30792107e-02 -6.84024879e+01 -7.19248382e+00
 -1.27393009e+00  1.40280798e-01]",007,RP
528,0,0.7429087170814365,0,[-2.70604635  0.12547636 12.44654719 35.68093355 -1.20925066  0.3829302 ],"[ 1.16304550e-02  3.98230905e-02 -3.87132433e+01  2.45025264e+00
 -1.13979495e+00 -5.24604016e-01]","[  -8.39845501    0.11722675  -12.68966114 -104.57354817   -0.95152231
    0.74038702]","[ 18.06576725   0.14709301   2.99526821 -52.11181836  -1.42604636
  -0.37959958]","[ 3.34616100e-01  3.02662263e-02 -5.22311670e+01  1.94773894e+01
 -1.33699435e+00 -2.77007000e-02]","[  1.07181459   0.0652652  -23.37242487  27.05090593  -1.08464712
   0.60471349]",[-3.48886906  0.05809186 10.94148657 40.17341394 -1.06798859 -0.56834636],"[-1.48551491e-01  2.12626140e-02 -7.42999866e+01 -9.03737375e+00
 -1.27656907e+00  1.02325511e-01]",007,RP
529,0,0.7537605502373615,0,[-2.61731097  0.15809095  9.9258712  27.97909158 -1.24338224  0.30362125],"[-1.69260867e-02  5.33417704e-02 -2.93274316e+01  1.50360135e+00
 -1.23961213e+00 -3.52151075e-01]","[-8.44350427e+00  5.94274595e-02 -1.72886311e+01 -1.43976631e+02
 -5.73519687e-01  8.51473415e-01]",[18.00571867  0.26397843 -4.8112711  88.6303939  -0.39949973 -1.06645696],"[ 3.16194844e-01  2.96776823e-02 -5.32361080e+01  1.88329829e+01
 -1.33313670e+00  8.71865518e-02]","[ 1.04240496e+00  3.76771100e-02 -3.61186304e+01  3.96502396e+01
 -6.23616134e-01  9.52508429e-01]","[ -3.50156384   0.08320937 -14.85648825 -50.02094207  -0.46873114
  -0.99794584]","[-1.61814519e-01  2.01753955e-02 -7.83510306e+01 -1.06783343e+01
 -1.28033349e+00  5.20378787e-02]",007,RP
530,0,0.9578523069151124,0,[-2.50777817  0.19059085  8.25341288 22.69772862 -1.26088291  0.25157887],"[ -0.05358282   0.06502468 -24.19677109   0.7034688   -1.28012486
  -0.24231431]","[-8.44024147e+00  6.60868036e-02  1.53475221e+01  1.31536793e+02
 -4.31957369e-01  9.68043546e-01]",[17.77419076  0.52674405 -2.82554919 52.22185038 -0.87564903 -0.7798666 ],"[ 2.98864173e-01  2.68552541e-02 -5.86311895e+01  1.95227620e+01
 -1.30812496e+00  2.17161803e-01]",[ 1.03275215  0.02023552  2.55990728 -0.64374975 -1.71382612  0.25441144],"[ -3.56826283   0.15738688  -9.5536415  -32.08990382  -0.9912376
  -0.69799897]","[-1.74611958e-01  1.98099901e-02 -7.98135014e+01 -1.19363918e+01
 -1.28418206e+00  1.75956074e-06]",007,RP
531,0,0.9578523069151124,0,[-2.37754495  0.22306022  7.06186757 18.78990759 -1.2710103   0.21551826],"[ -0.09702327   0.07451059 -21.1721001   -0.05418643  -1.29827842
  -0.16575001]",[-8.38267492  0.14436514 10.08165958 86.51127492 -0.7723018   0.86674376],[17.35011858  0.84139138 -1.82435116 33.6527089  -1.06563394 -0.58054211],"[ 2.83993674e-01  2.19982456e-02 -7.08931506e+01  2.21332063e+01
 -1.24020176e+00  3.89534430e-01]","[  1.04383942   0.0399573   34.18733886 -33.68609203  -0.61138717
   0.96401418]","[ -3.68570986   0.23168177  -6.70142489 -22.69950775  -1.18718661
  -0.45246064]","[-1.87340793e-01  2.00627130e-02 -7.87987829e+01 -1.27622265e+01
 -1.28825745e+00 -4.07564245e-02]",007,RP
532,0,0.9578523069151124,0,[-2.22668391  0.25554783  6.16958632 15.73771861 -1.27800323  0.18856489],"[ -0.14578824   0.08164942 -19.3462428   -0.82045465  -1.306919
  -0.10804007]",[-8.26497736  0.24085842  6.3438759  54.43199069 -1.04370556  0.61475916],[16.71027906  1.19928249 -1.29477751 23.63609354 -1.15141594 -0.46294229],"[ 2.72807642e-01  1.55224754e-02 -9.73082108e+01  2.85464235e+01
 -1.04208883e+00  6.59854209e-01]","[  1.07547008   0.06969554  21.84867507 -21.49759638  -1.06706788
   0.6203362 ]","[ -3.84890017   0.29834272  -5.25750982 -18.23563045  -1.25863475
  -0.30692009]","[-2.00312935e-01  2.07438660e-02 -7.61985545e+01 -1.32635561e+01
 -1.29320307e+00 -6.22147798e-02]",007,RP
533,0,0.9578523069151124,0,[-2.05533095  0.28787682  5.48026831 13.26376509 -1.28380882  0.16606641],"[ -0.1983624    0.08640438 -18.29346633  -1.62873582  -1.31097193
  -0.06113415]",[-8.08193408  0.34722413  4.4697372  38.12412138 -1.15552961  0.46667466],[15.83259952  1.59361464 -0.98033264 17.52121413 -1.20237361 -0.38044273],"[ 2.66301188e-01  8.41998718e-03 -1.46386850e+02  4.09829919e+01
 -5.01769597e-01  9.70906815e-01]","[  1.12617541   0.09768983  15.96258382 -15.97666936  -1.22551335
   0.39587249]","[ -4.05127941   0.35413552  -4.44855049 -16.02232102  -1.2907392
  -0.20879776]","[-2.13718220e-01  2.16148591e-02 -7.31267011e+01 -1.36285084e+01
 -1.29893417e+00 -6.39600085e-02]",007,RP
534,0,0.9501581818830654,0,[-1.86384902  0.31951596  4.94020061 11.20778809 -1.2891803   0.14500655],"[ -0.25323937   0.08881009 -17.8027448   -2.50835595  -1.31215794
  -0.0205708 ]",[-7.82977563  0.45924496  3.40449461 28.65642892 -1.21518998  0.36670517],[14.70070306  2.01040518 -0.78016169 13.4689253  -1.23831338 -0.31309045],"[ 2.65169479e-01  6.18120969e-03  1.06366176e+02 -2.62050634e+01
 -1.01632542e+00  5.97485328e-01]","[  1.19323376   0.12082395  13.01700248 -13.53232684  -1.28914632
   0.24848208]","[ -4.28491038   0.3967359   -3.97942237 -15.05146825  -1.30745566
  -0.13346784]","[-2.27603468e-01  2.24298834e-02 -7.04782831e+01 -1.40411016e+01
 -1.30476406e+00 -4.97518277e-02]",007,RP
535,0,0.8367231919521023,0,[-1.65303217  0.34956978  4.51754288  9.4676437  -1.29422856  0.12371134],"[-3.08978314e-01  8.89861750e-02 -1.77678253e+01 -3.48987270e+00
 -1.31098527e+00  1.55678667e-02]",[-7.50726763  0.57152607  2.74753205 22.62645842 -1.25319368  0.28882638],[13.30898315  2.42747074 -0.64795781 10.62365954 -1.26559976 -0.25251131],"[ 2.69753506e-01  1.32060706e-02  1.08481077e+02 -2.72631508e+01
 -7.61260357e-01  8.80854548e-01]","[  1.27282481   0.1372116   11.50432936 -12.64299583  -1.31716485
   0.13748613]","[ -4.54064862   0.4241935   -3.72584243 -14.91774128  -1.31642551
  -0.06861307]","[-2.41868512e-01  2.29616053e-02 -6.88564886e+01 -1.46542164e+01
 -1.31001819e+00 -2.31901543e-02]",007,RP
536,0,0.8367231919521023,0,[-1.42427446  0.37690302  4.19159585  7.96998291 -1.29867319  0.10163489],"[ -0.36426743   0.08717523 -18.13406765  -4.60565016  -1.30776208
   0.0473935 ]",[-7.11688068  0.67702747  2.32602063 18.55401127 -1.27992576  0.22130834],[11.66734387  2.81595604 -0.5597477   8.53076886 -1.28671465 -0.19486727],"[ 2.80009330e-01  2.15991439e-02  7.10810154e+01 -1.79033475e+01
 -1.11761425e+00  5.58949052e-01]","[  1.36031425   0.14571231  10.84854264 -12.75742713  -1.32741545
   0.04438164]","[-4.80839668e+00  4.35021160e-01 -3.63448196e+00 -1.54760310e+01
 -1.31981810e+00 -7.67935951e-03]","[-2.56276033e-01  2.30099103e-02 -6.87132461e+01 -1.56095581e+01
 -1.31388339e+00  1.42387678e-02]",007,RP
537,0,0.7794405771658971,0,[-1.17964803  0.40034471  3.9474517   6.65660361 -1.30217908  0.07903717],"[ -0.4179915    0.08375172 -18.87047808  -5.88769937  -1.30317713
   0.07415655]",[-6.6658361   0.7673652   2.05623854 15.70654911 -1.29966316  0.15779095],[ 9.80473492  3.14301457 -0.50227588  6.9246819  -1.30287464 -0.13776524],"[ 2.95510732e-01  2.93021316e-02  5.33509380e+01 -1.37657748e+01
 -1.24217904e+00  3.60508816e-01]","[  1.45063314   0.14593832  10.83210064 -13.71340418  -1.32621766
  -0.04073283]","[ -5.07750976   0.42856536  -3.6884074  -16.72792459  -1.31783999
   0.05292117]","[-2.70471594e-01  2.24077647e-02 -7.05373812e+01 -1.70783579e+01
 -1.31478422e+00  6.30466770e-02]",007,RP
538,0,0.7680349263859249,0,[-0.92190121  0.41885116  3.77396724  5.47922498 -1.3047485   0.05630349],"[ -0.46927543   0.07916108 -19.95900744  -7.36627179  -1.29846293
   0.09571806]",[-6.16678834  0.83343797  1.89569584 13.69035499 -1.31403249  0.09387475],[ 7.77060272  3.37525927 -0.46819569  5.63816268 -1.31441114 -0.07922102],"[ 3.15493215e-01  3.56103461e-02  4.42031974e+01 -1.19458089e+01
 -1.29248297e+00  2.28875085e-01]","[  1.53869565   0.13822422  11.42346448 -15.57723512  -1.3153109
  -0.12517199]","[ -5.33739914   0.40539396  -3.89588307 -18.79388295  -1.3099287
   0.11543925]","[-2.84012166e-01  2.10357584e-02 -7.50647970e+01 -1.93193155e+01
 -1.30994427e+00  1.25300232e-01]",007,RP
539,0,0.7300647398693779,0,[-0.65442327  0.43152439  3.66373626  4.39763425 -1.3067112   0.03318821],"[ -0.51747569   0.07379681 -21.40320544  -9.07563844  -1.29480019
   0.11416489]",[-5.63792331  0.86639305  1.82477931 12.28796579 -1.32291042  0.02590818],[ 5.63358353  3.48319713 -0.45390421  4.55710727 -1.32078698 -0.01757113],"[  0.33893829   0.04014198  39.32962333 -11.33031523  -1.31329221
   0.13220874]","[  1.61979986   0.12351881  12.75010369 -18.6526162   -1.29277283
  -0.2167303 ]","[ -5.57831011   0.36749148  -4.29075987 -21.93518916  -1.29489585
   0.18174607]","[-2.96402513e-01  1.88426706e-02 -8.36149484e+01 -2.27836808e+01
 -1.29469472e+00  2.05453742e-01]",007,RP
540,0,0.696713447304092,0,[-0.38121039  0.43750111  3.61397899  3.37768633 -1.30830513  0.00859481],"[ -0.56211609   0.06787782 -23.26013282 -11.07489498  -1.29225065
   0.13435565]",[-5.10233798  0.8589331   1.84032727 11.38997172 -1.32475358 -0.04982899],[ 3.47725563  3.44637439 -0.45867408  3.59492701 -1.32085465  0.04863016],"[  0.36468595   0.04275318  36.97179741 -11.48309502  -1.31985063
   0.05625944]","[  1.68996997   0.10324998  15.17515415 -23.64555482  -1.25096003
  -0.3263732 ]","[ -5.79214744   0.31817389  -4.94296403 -26.63037649  -1.27074278
   0.25386925]","[-3.07137921e-01  1.58602756e-02 -9.88548517e+01 -2.83620737e+01
 -1.25927249e+00  3.13701720e-01]",007,RP
541,0,0.6401935426004521,0,[-0.10684953  0.43584734  3.62760054  2.3876074  -1.3093508  -0.01903595],"[ -0.60278704   0.06139973 -25.69625252 -13.48936802  -1.28916514
   0.16299002]",[-4.58666147  0.80672962  1.95666287 10.97455021 -1.31619333 -0.13853796],[ 1.39329845  3.25787756 -0.4847191   2.67535837 -1.31299028  0.12122236],"[ 3.91554532e-01  4.35051378e-02  3.63425060e+01 -1.22300729e+01
 -1.31866075e+00 -6.03470585e-03]","[  1.74621099   0.07920799  19.56945423 -32.172396    -1.16874532
  -0.47345952]","[ -5.97315078   0.26171724  -5.98520883 -33.75055476  -1.23424855
   0.33479657]","[-3.15749108e-01  1.22071492e-02 -1.26922203e+02 -3.80755723e+01
 -1.17594081e+00  4.74381857e-01]",007,RP
542,0,0.536056547517956,0,[ 0.16348538  0.42558268  3.71440442  1.39274917 -1.30926672 -0.0513298 ],"[ -0.63903843   0.05418497 -29.07725678 -16.58148454  -1.28204423
   0.20789838]",[-4.11901475  0.70951784  2.2165117  11.12984438 -1.28959226 -0.24980098],[-0.52705569  2.92641792 -0.53841921  1.71622309 -1.29448499  0.20363741],"[  0.41844309   0.04261035  37.09569029 -13.52243541  -1.31315582
  -0.05892768]","[  1.78665897   0.05348727  28.16842316 -48.32736603  -0.98071726
  -0.69823884]","[ -6.11823313   0.20272705  -7.67772948 -44.97413886  -1.17914369
   0.43080771]","[-3.21842372e-01  8.10443791e-03 -1.83842973e+02 -5.71684585e+01
 -9.43742328e-01  7.42664333e-01]",007,RP
543,0,0.4315137116445607,0,[ 0.42406014  0.40582517  3.893494    0.34892438 -1.30716682 -0.09011744],"[ -0.67030153   0.04599117 -34.15464377 -20.89391007  -1.26388978
   0.2799238 ]",[-3.72659576  0.57163377  2.72595665 12.1585385  -1.22378436 -0.40425068],[-2.20177091  2.47508614 -0.63387222  0.60435859 -1.25940451  0.30305898],"[  0.44439511   0.04035497  39.14429836 -15.39553463  -1.30542233
  -0.1063481 ]","[ 1.81062179e+00  2.88421002e-02  4.59807172e+01 -8.12536882e+01
 -4.96907061e-01 -1.02595509e+00]","[ -6.22687199   0.14536365 -10.58380319 -63.90398758  -1.08843408
   0.55785838]","[-3.25128382e-01  4.11127509e-03 -2.75276526e+02 -8.75002117e+01
 -4.54148108e-01  9.66570283e-01]",007,RP
544,0,0.6972285318766733,0,[ 0.72813169  0.4754628   3.28290922 -0.39039022 -0.99090583  0.36066794],[-0.67367692  0.04047903 -1.0001836   1.32619939 -1.46572871  0.04534289],[-3.868058    0.84481872 -0.6682523  -0.58483866 -0.54128153 -0.93280145],[-2.85635912  1.63317111 -0.46533537  0.67083508 -1.24162147 -0.08348608],"[  0.47392276   0.04579233  34.18279795 -14.20000611  -1.02646818
   0.30605492]",[ 1.76872218  0.12081166 -8.63248349 17.26846503  0.2063944  -1.46899798],[-6.20385787  0.19018606  2.85084515 19.68623814 -0.6112092   0.90092972],[-0.30799392  0.04212827 26.28139206 10.09450894  0.24270616  1.49454688],007,RP
545,0,0.805508983913343,0,[ 0.95452515  0.40992353  3.65391482 -1.4877536  -1.49672578 -0.05208002],[-0.66066294  0.05877684 19.7233601  15.03049308 -1.31829226  0.39570554],[-4.22276318  1.22309477 -1.05591628 -2.4588844  -1.6312312  -0.42599539],[-2.81257659  1.70388384  0.50070505  3.4082713  -1.18652825  0.01640902],"[ 4.95329693e-01  3.84449501e-02  3.87161681e+01 -1.71772677e+01
 -1.44865878e+00 -8.25710159e-02]",[ 1.71118925  0.1614183  -8.65807852 16.81561092 -1.78890131 -0.42708582],[-6.1164835   0.29098455  4.49576874 29.49829529 -1.51995527  0.4928985 ],[-0.2854713   0.05803034 24.35097714  8.95150499 -1.72965909  0.45477006],007,RP
546,0,0.805508983913343,0,[ 1.09777916  0.29375628  3.80890259 -2.1813339  -1.29647831 -0.34505403],[-0.63162854  0.08102009 18.53794924 13.70909777 -1.51954591  0.03975481],[-4.77239695  1.47715515 -1.00994418 -2.81985454 -1.70325385  0.1998189 ],[-2.08667017  2.45906622  0.59849088  3.24885307 -1.3853846   0.10263269],"[ 5.07981333e-01  2.69484602e-02  3.78834414e+01 -1.72440811e+01
 -1.23122932e+00 -2.30516241e-01]",[ 1.64273848  0.17198989 -8.49679583 15.9580135  -1.7994858   0.34975641],[-5.96714097  0.3762403   4.03453975 26.07466745 -1.6033464  -0.0385146 ],[-0.25798555  0.06487049 23.12045995  7.9647446  -1.7447062  -0.25264011],007,RP
547,0,0.805508983913343,0,[ 1.15525402  0.21064405 -0.81171305  2.93773477 -1.53417975  0.08161734],[-0.58763809  0.09199733 16.92855136 11.94786164 -0.9755634  -0.409298  ],[-5.48906353  1.45929808 -1.01763327 -3.58585369 -0.52556181  0.88071007],[-0.71135171  3.02150487  0.51916608  2.36930968 -1.05237116 -0.25485307],"[  0.51153409   0.02148307 -21.10551734  12.79619158  -1.50243632
   0.20346398]",[ 1.56809095  0.14759945 -9.14035634 16.33291003 -0.02227557  1.29865936],[-5.75840167  0.41056897  3.77188328 23.720019   -0.8797799  -0.46244402],[-0.22607218  0.06058011 24.21351446  7.47400208 -0.42515244 -0.95344615],007,RP
548,0,0.805508983913343,0,[ 1.12737476  0.25427228 -6.18349188  8.97111265 -1.28196931 -0.25674321],"[-5.30503152e-01  7.44789240e-02  2.12277959e+01  1.32614126e+01
 -1.32808782e+00  6.40677804e-03]",[-6.337273    0.84086457 -1.87902708 -9.90790756 -1.31266272  0.0917396 ],[ 1.26847694  2.76675593  0.57052429  1.2763031  -1.29093312  0.14403098],"[ 5.05941125e-01  2.95173905e-02 -5.32229142e+01  2.89276611e+01
 -1.27227254e+00 -2.75537028e-01]","[ 1.49167848e+00  4.43149675e-02 -3.53523857e+01  5.47343928e+01
 -1.23823368e+00  3.31736313e-01]",[-5.49316196  0.33817017  4.66625133 27.6324743  -1.29494445  0.15633229],"[-1.90354666e-01  3.38662262e-02  4.66842685e+01  1.08865684e+01
 -1.30822408e+00  2.91851191e-02]",007,RP
549,0,0.805508983913343,0,[ 0.95825762  0.29189562 -5.4052365   7.17960908 -1.30657864 -0.1588902 ],[-0.4849649   0.07264944 21.75043245 12.54819628 -1.32470817 -0.08121285],"[ -6.84128348   0.77528366  -2.03543302 -11.92497432  -1.30121285
   0.15385981]",[ 3.08953783  3.01984373  0.52299543  0.38418582 -1.29677766  0.11804539],"[ 4.86165555e-01  3.42965435e-02 -4.59788950e+01  2.43533550e+01
 -1.30189122e+00 -1.78097836e-01]","[ 1.46721213e+00  3.42608179e-02 -4.53915000e+01  6.85989595e+01
 -1.17844509e+00  4.39909488e-01]",[-5.27175578  0.3691229   4.27934548 24.55966428 -1.30602324  0.10842433],"[-1.68967163e-01  3.42134985e-02  4.62135479e+01  9.80857210e+00
 -1.30907933e+00  1.55421294e-03]",007,RP
550,0,0.7826550254671119,0,[ 0.76924458  0.3163642  -4.9948253   5.8422423  -1.31678958 -0.08295916],[-0.44192497  0.06664893 23.65720844 12.45471119 -1.30843517 -0.18002476],"[ -7.29590175   0.6835543   -2.30338923 -14.80530155  -1.28331103
   0.22511773]",[ 5.05548318  3.23453099  0.48851455 -0.46967708 -1.30351554  0.08921194],"[ 4.63863401e-01  3.75491220e-02 -4.20741245e+01  2.15166465e+01
 -1.31757552e+00 -9.66112759e-02]","[ 1.44908624e+00  2.41990650e-02 -6.32776316e+01  9.36947455e+01
 -1.06498668e+00  5.95071889e-01]",[-5.03446286  0.38994722  4.05353189 22.40735574 -1.3140458   0.05843541],"[-1.47566758e-01  3.39219255e-02  4.66080380e+01  8.87779708e+00
 -1.30892811e+00 -2.69349997e-02]",007,RP
551,0,0.7547629022087291,0,[ 0.56879749  0.32734261 -4.82992092  4.7472469  -1.31950375 -0.01885126],[-0.40390316  0.05683278 27.60013608 13.14778227 -1.26930672 -0.30327937],"[ -7.68541524   0.57019581  -2.74915327 -19.12838447  -1.25093299
   0.31917711]",[ 7.13376741  3.39026211  0.4662603  -1.32619256 -1.31020693  0.05411401],"[ 4.40091102e-01  3.90180384e-02 -4.05196625e+01  1.98323429e+01
 -1.32468097e+00 -2.04807584e-02]","[ 1.43720279e+00  1.47509929e-02 -9.91361312e+01  1.44478725e+02
 -7.97847426e-01  8.48391286e-01]","[-4.78849386e+00  3.97989815e-01  3.97268612e+00  2.10231831e+01
 -1.31848122e+00  4.67388992e-03]","[-1.26555554e-01  3.29870928e-02  4.79192678e+01  8.06444947e+00
 -1.30726843e+00 -5.67250601e-02]",007,RP
552,0,0.7083706994997991,0,[ 0.36532644  0.32523295 -4.86080061  3.77577899 -1.31730495  0.03939061],[-0.37310472  0.04392831 35.25847595 15.15510387 -1.17789285 -0.47638698],"[ -7.99664275   0.43929891  -3.53152249 -26.2403237   -1.17935252
   0.46207573]",[ 9.27871925  3.46220694  0.45667104 -2.23732241 -1.31529472  0.011326  ],"[ 4.16035911e-01  3.85246163e-02 -4.10284080e+01  1.90692911e+01
 -1.32421763e+00  5.79437706e-02]","[ 1.43119651e+00  6.86785464e-03 -1.56549489e+02  2.26053081e+02
 -3.76766386e-01  1.01615250e+00]",[-4.5424866   0.39124445  4.04016493 20.35239506 -1.3183287  -0.05489594],"[-1.06323484e-01  3.14389765e-02  5.02609568e+01  7.34392005e+00
 -1.30377176e+00 -8.75296529e-02]",007,RP
553,0,0.7083706994997991,0,[ 0.16674435  0.31110648 -5.07840493  2.84679533 -1.31072234  0.09554665],"[-3.51221722e-01  2.91130978e-02  5.11023345e+01  1.99482499e+01
 -9.33424489e-01 -7.51329505e-01]","[ -8.21873856   0.29617494  -5.0678189  -39.65107858  -0.97999317
   0.70807453]",[11.43103533  3.42794855  0.46117795 -3.27174149 -1.31680947 -0.03945939],"[ 3.92962699e-01  3.59950470e-02 -4.38448332e+01  1.92293840e+01
 -1.31397750e+00  1.46729455e-01]","[ 1.43053892e+00  5.52782810e-03  1.71673205e+02 -2.43585201e+02
 -6.70963878e-01  7.75793820e-01]",[-4.30603704  0.36864948  4.2834369  20.44463796 -1.31180954 -0.12358583],"[-8.72288118e-02  2.93483598e-02  5.38131596e+01  6.69405797e+00
 -1.29848465e+00 -1.18981386e-01]",007,RP
554,0,0.7083706994997991,0,[-0.01996821  0.28670462 -5.50441303  1.89008672 -1.29927873  0.15180336],"[-3.39259178e-01  1.47095697e-02  7.82475784e+01  2.85462091e+01
 -4.18833444e-01 -1.00158280e+00]","[ -8.34348159   0.1551794   -7.8680129  -63.64662078  -0.45908147
   0.99794063]",[13.5213598   3.27431302  0.48249798 -4.52402882 -1.3125692  -0.09796673],"[ 3.72144066e-01  3.14864227e-02 -4.99298019e+01  2.05810795e+01
 -1.28624044e+00  2.57839268e-01]","[ 1.43464316e+00  1.10234452e-02  1.34360060e+02 -1.90758741e+02
 -9.28846359e-01  7.58715495e-01]",[-4.08909606  0.33025891  4.77018855 21.50575921 -1.29495311 -0.20761854],"[-6.95795213e-02  2.68166903e-02  5.88518808e+01  6.09488569e+00
 -1.29157745e+00 -1.51373046e-01]",007,RP
555,0,0.7083706994997991,0,[-0.18916734  0.25442731 -6.1922675   0.8286252  -1.28227373  0.20909482],"[-3.37413710e-01  1.10017283e-02 -7.35184332e+01 -2.28061273e+01
 -8.57771101e-01 -6.57622553e-01]",[-8.36604119  0.11037397  6.09401272 52.98276142 -1.01550266  0.59141036],[15.47714909  3.00227909  0.52546917 -6.13276468 -1.30048648 -0.16397451],"[ 3.54776988e-01  2.52154607e-02 -6.17519555e+01  2.39081728e+01
 -1.21815253e+00  4.13839534e-01]","[ 1.44295548e+00  1.68384526e-02  9.19557882e+01 -1.30688109e+02
 -1.16634182e+00  4.82630198e-01]",[-3.90131696  0.27726816  5.65272021 24.05305326 -1.25757965 -0.31963397],"[-5.36200968e-02  2.39572064e-02  6.58140180e+01  5.52895402e+00
 -1.28282776e+00 -1.85951689e-01]",007,RP
556,0,0.7083706994997991,0,[-0.3368814   0.21720342 -7.23695646 -0.43799604 -1.25919901  0.26749281],"[-3.45034817e-01  2.17340239e-02 -6.76344003e+01 -2.13362229e+01
 -9.31192234e-01 -7.66358732e-01]",[-8.28597787  0.23184112  6.21082338 53.4627451  -0.79234485  0.86050485],[17.23099784  2.62804998  0.59880325 -8.31797743 -1.27836343 -0.2384885 ],"[ 3.41894733e-01  1.76107560e-02 -8.58403675e+01  3.13483695e+01
 -1.03114110e+00  6.63134243e-01]","[ 1.45502098e+00  2.22403550e-02  7.03968420e+01 -1.00428882e+02
 -1.23394567e+00  3.42186024e-01]",[-3.75147207  0.21200074  7.29821272 29.37904117 -1.16852742 -0.48793166],"[-3.95250851e-02  2.08814590e-02  7.54103230e+01  4.98059944e+00
 -1.27124227e+00 -2.24591045e-01]",007,RP
557,0,0.7083706994997991,0,[-0.46102093  0.17819964 -8.79555355 -2.05493424 -1.2298927   0.32640047],"[-3.60686514e-01  3.23443086e-02 -4.80599874e+01 -1.53345893e+01
 -1.23835409e+00 -4.21744122e-01]",[-8.10812892  0.37322834  4.12309161 35.4305583  -1.13777741  0.53700614],"[ 18.72832984   2.17975549   0.71895698 -11.46486348  -1.24227712
  -0.32563491]","[ 3.34289762e-01  9.60790634e-03 -1.33255615e+02  4.65459879e+01
 -5.06746247e-01  9.93563264e-01]","[ 1.47051698e+00  2.73244461e-02  5.75275143e+01 -8.25951863e+01
 -1.25774617e+00  2.67504274e-01]",[-3.64700802  0.13842141 10.67838762 40.94416536 -0.90916431 -0.77352836],"[-2.73982543e-02  1.76967627e-02  8.88190470e+01  4.43348683e+00
 -1.25509854e+00 -2.69357653e-01]",007,RP
558,0,0.7795382889106349,0,"[ -0.56139099   0.1404236  -11.12360826  -4.24469344  -1.19488349
   0.38441978]","[ -0.38230919   0.03969414 -39.68049996 -13.17021961  -1.32578534
  -0.20252377]",[-7.84303464  0.49862918  3.13941858 26.62256869 -1.25578069  0.33809749],"[ 19.93261099   1.69136278   0.91971789 -16.33237892  -1.18201322
  -0.43601771]","[ 3.32466012e-01  6.07696553e-03  7.80560593e+01 -2.39509868e+01
 -1.33144376e+00  4.34206467e-01]","[ 1.48925089e+00  3.22594982e-02  4.88140421e+01 -7.06963555e+01
 -1.26866277e+00  2.24366165e-01]",[-3.59374136  0.06850489 14.66036275 54.68555198 -0.55430548 -0.86823646],"[-1.72763250e-02  1.45068931e-02  1.08061515e+02  3.86690586e+00
 -1.23200119e+00 -3.23054659e-01]",007,RP
559,0,0.7916022344794833,0,"[ -0.63946914   0.10633542 -14.63469385  -7.35843503  -1.15599111
   0.43907078]","[ -0.40746323   0.04306699 -36.70015937 -12.95396559  -1.34604695
  -0.04370732]",[-7.50667113  0.5960765   2.64314845 21.84124613 -1.30351284  0.20322768],"[ 20.82704732   1.19681088   1.27941606 -24.64645877  -1.06691603
  -0.59443856]","[ 3.36631460e-01  1.28123646e-02  1.10591289e+02 -3.52285072e+01
 -7.19676705e-01  9.06005411e-01]","[ 1.51112256e+00  3.71507683e-02  4.24298730e+01 -6.21167384e+01
 -1.27640843e+00  1.95099409e-01]","[ -3.59566314   0.07241834 -14.24104967 -49.20601735  -0.47890817
  -0.9303159 ]","[-9.13726485e-03  1.14059293e-02  1.36862645e+02  3.25055024e+00
 -1.19738577e+00 -3.91794421e-01]",007,RP
560,0,0.7916022344794833,0,"[ -0.69798612   0.07757003 -19.98903683 -11.95207024  -1.11691585
   0.48643356]","[ -0.43361767   0.04247974 -37.18966287 -14.12609514  -1.33608417
   0.09037715]",[-7.11945363  0.65850787  2.39896266 19.0793034  -1.32339552  0.09868525],"[ 21.4130264    0.72840807   2.00369482 -40.90517006  -0.79194563
  -0.85361383]","[ 3.46727772e-01  2.14903991e-02  7.12293013e+01 -2.26971769e+01
 -1.08857027e+00  5.86772242e-01]","[ 1.53605838e+00  4.19768037e-02  3.75800200e+01 -5.57251046e+01
 -1.28421852e+00  1.69484244e-01]","[ -3.65481349   0.15013976  -9.79962508 -33.81580192  -0.86288067
  -0.80532781]","[-2.91336688e-03  8.46563183e-03  1.82947848e+02  2.53299420e+00
 -1.13815161e+00 -4.90728935e-01]",007,RP
561,0,0.697609229339156,0,"[ -0.74039412   0.05482741 -28.20153441 -18.88025028  -1.08377702
   0.52075336]","[-4.58435267e-01  3.84425239e-02 -4.09572545e+01 -1.67762499e+01
 -1.30307748e+00  2.19730476e-01]","[-6.70466254e+00  6.82373350e-01  2.31693654e+00  1.75342776e+01
 -1.32851063e+00  8.50068132e-03]","[ 21.70660774   0.33748929   3.10334743 -65.36314543  -0.39739651
  -0.99676005]","[ 3.62481879e-01  2.99330770e-02  5.20936581e+01 -1.68830071e+01
 -1.21011471e+00  4.01272671e-01]","[ 1.56393820e+00  4.65823262e-02  3.38873378e+01 -5.09977022e+01
 -1.29215851e+00  1.42552838e-01]","[ -3.77121349   0.23666552  -6.51070338 -22.55325239  -1.12635324
  -0.53345146]","[ 1.49128887e-03  5.73043930e-03  2.65046759e+02  1.60473872e+00
 -1.00951694e+00 -6.56355901e-01]",007,RP
562,0,0.697609229339156,0,"[-7.70312350e-01  3.79343490e-02 -4.07129463e+01 -2.93616854e+01
 -1.06469072e+00  5.35670923e-01]","[-4.80009378e-01  3.18149413e-02 -4.91371842e+01 -2.15863092e+01
 -1.24053973e+00  3.61211309e-01]",[-6.28651564  0.66760928  2.36707449 16.8806508  -1.32294763 -0.0762186 ],[21.73446903  0.28074382 -3.50321986 78.14062348 -0.64688647 -0.79113112],"[ 3.83459633e-01  3.76959564e-02  4.16531528e+01 -1.39723027e+01
 -1.25942867e+00  2.88845736e-01]","[  1.59454963   0.05074826  31.12367928 -47.62825126  -1.29843149
   0.11424733]","[ -3.94289654   0.32058899  -4.87334238 -17.21508482  -1.222953
  -0.37424834]","[ 4.18146326e-03  3.25422517e-03  4.31402922e+02  1.96104532e-01
 -6.46847917e-01 -9.50621030e-01]",007,RP
563,0,0.697609229339156,0,"[-7.91024692e-01  2.60110633e-02 -5.93889391e+01 -4.49781172e+01
 -1.06415627e+00  5.33695417e-01]","[-4.97025688e-01  2.36661798e-02 -6.50822751e+01 -3.03475625e+01
 -1.12318051e+00  5.37697477e-01]",[-5.88808758  0.61761763  2.55440065 17.04053475 -1.30690291 -0.1615748 ],[21.53012506  0.54631708 -2.72581657 60.68717157 -0.97645932 -0.72452841],"[  0.40910473   0.04455244  35.35835225 -12.46526907  -1.28379485
   0.21185846]","[  1.62759561   0.05431772  29.09076621 -45.34800324  -1.30125803
   0.08829583]","[ -4.16607447   0.39772696  -3.9510666  -14.46043766  -1.26562263
  -0.27175194]","[ 5.25422844e-03  1.48363432e-03  2.99226324e+02  4.27796536e-01
 -1.35913430e+00 -4.33479777e-01]",007,RP
564,0,0.697609229339156,0,"[-8.05076834e-01  1.76533389e-02 -8.72674605e+01 -6.82570108e+01
 -1.06437787e+00  5.55458009e-01]","[-5.08840953e-01  1.51560608e-02 -9.78234935e+01 -4.77765997e+01
 -8.73930136e-01  7.89585932e-01]",[-5.52926003  0.53901729  2.91767746 18.13259739 -1.2778213  -0.25278411],[21.13063083  0.80621502 -1.92852883 42.75103065 -1.21493462 -0.42902312],"[  0.43875465   0.05031481  31.36462874 -11.76137683  -1.29767086
   0.15296642]","[  1.66274649   0.05729474  27.58599945 -43.86852376  -1.30085499
   0.06914314]","[ -4.43537582   0.46544716  -3.38595052 -13.01796305  -1.28701947
  -0.1992713 ]","[ 4.78969408e-03  2.38229830e-03 -5.42833529e+02  4.60000654e+00
 -5.02544927e-01 -1.00217543e+00]",007,RP
565,0,0.697609229339156,0,"[-8.13994558e-01  1.11695068e-02 -1.34002863e+02 -1.07077602e+02
 -9.53599799e-01  7.23714170e-01]","[-5.15479641e-01  7.55060766e-03 -1.66000840e+02 -8.35700532e+01
 -3.44918642e-01  1.10136661e+00]",[-5.22492918  0.4410601   3.54677635 20.53165526 -1.23005442 -0.35538684],[20.57370661  1.01634554 -1.54637543 33.81467449 -1.28153217 -0.26488544],"[  0.47163676   0.05479132  28.83210759 -11.59828175  -1.30643541
   0.10316395]","[  1.69969843   0.05982902  26.42052052 -42.90691717  -1.29949466
   0.05807303]","[ -4.74402927   0.52174038  -3.02542151 -12.35268822  -1.29938234
  -0.14310968]","[ 2.85040817e-03  4.43638380e-03 -3.40011203e+02  2.96917071e+00
 -9.92581592e-01 -6.88277777e-01]",007,RP
566,0,1.0099559925433297,0,"[-8.18132542e-01  5.70883687e-03 -1.71250770e+02 -1.38105827e+02
 -7.51560552e-01  6.94308938e-01]","[-5.17553279e-01  3.57827623e-03  9.33646752e+01  5.03211938e+01
 -1.63611538e+00  2.16354439e-01]",[-4.98377127  0.33459243  4.63366994 25.09315113 -1.15289608 -0.47711886],[19.89537937  1.17449153 -1.34311124 28.72170763 -1.30201769 -0.16645433],"[  0.50685701   0.05777701  27.35855965 -11.86687778  -1.31223877
   0.05689395]","[  1.73820048   0.06208335  25.46260396 -42.25911048  -1.2995082
   0.05158729]","[ -5.08392524   0.56459638  -2.79840473 -12.22688044  -1.30779218
  -0.09446331]","[-5.12081168e-04  6.57472618e-03 -2.35804689e+02  1.87924886e+00
 -1.16174399e+00 -4.74089561e-01]",007,RP
567,0,1.0099559925433297,0,"[-8.16655208e-01  8.74652962e-03  1.21308979e+02  1.01067609e+02
 -2.18077708e-01  1.13800502e+00]","[-5.16119021e-01  5.82668376e-03  2.52347668e+02  1.32241431e+02
 -1.08489823e+00  6.63925706e-01]",[-4.80787414  0.2305397   6.61534151 33.80572938 -1.02319385 -0.63276544],[19.12858497  1.28549201 -1.22892199 25.50753864 -1.30859852 -0.10193294],"[ 5.43395866e-01  5.90641464e-02  2.67690573e+01 -1.25461951e+01
 -1.31555957e+00  1.02698667e-02]","[  1.77802917   0.0640783   24.67133699 -41.86635674  -1.30163978
   0.04367371]","[ -5.4455996    0.59168927  -2.67170384 -12.54902935  -1.31364771
  -0.0474549 ]","[-5.24625749e-03  8.67249642e-03 -1.80439471e+02  1.05336807e+00
 -1.22790105e+00 -3.51188050e-01]",007,RP
568,0,1.0099559925433297,0,"[-8.07645373e-01  2.14077138e-02  6.64811681e+01  5.56932078e+01
 -5.88150940e-01  9.85259508e-01]","[-5.12507344e-01  7.76140525e-03  2.02636996e+02  1.05852949e+02
 -1.41855759e+00  1.80177061e-01]",[-4.69338572  0.13827973 10.61592494 51.82463052 -0.77698    -0.85530913],[18.30320612  1.35417102 -1.16731771 23.36565673 -1.31201201 -0.05335071],"[  0.58012087   0.05847443  27.03571817 -13.68398442  -1.31583888
  -0.03955851]","[ 1.81890922e+00  6.56211392e-02  2.40932309e+01 -4.18233997e+01
 -1.30525309e+00  2.93383583e-02]","[-5.81824135e+00  6.00615457e-01 -2.63246737e+00 -1.33163305e+01
 -1.31656728e+00  1.35460552e-03]","[-1.12883971e-02  1.06759211e-02 -1.47215924e+02  3.38168185e-01
 -1.26119928e+00 -2.69978198e-01]",007,RP
569,0,1.0099559925433297,0,[-0.78834169  0.03988025 37.5949021  31.63762852 -0.87813533  0.75994577],"[-5.08151087e-01  7.71445964e-03  2.03709571e+02  1.05515240e+02
 -1.39717872e+00 -2.12043677e-01]","[-4.63203667e+00  6.53064785e-02  1.92053564e+01  9.09599150e+01
 -2.87013338e-01 -1.14206685e+00]","[ 1.74475670e+01  1.38138895e+00 -1.14457159e+00  2.19699894e+01
 -1.31538348e+00 -7.58392163e-03]","[  0.61582092   0.05590618  28.2603911  -15.40334003  -1.3118631
  -0.09501897]","[ 1.86040794e+00  6.63425143e-02  2.38327197e+01 -4.23385808e+01
 -1.30926916e+00  5.83483242e-03]","[ -6.18983093   0.58948433  -2.68152672 -14.59819703  -1.3157666
   0.05414939]","[-1.85523219e-02  1.25307854e-02 -1.25728280e+02 -3.32551536e-01
 -1.28068466e+00 -2.09516002e-01]",007,RP
570,0,1.0099559925433297,0,[-0.75551059  0.06401901 23.90857769 20.06318374 -1.02999931  0.6107003 ],"[-5.04439427e-01  5.80880224e-03  2.56407745e+02  1.31342176e+02
 -1.08774862e+00 -6.58332056e-01]","[-4.61311626e+00  2.88448163e-02 -1.05889189e+01 -4.68479142e+01
 -1.66600371e+00 -2.16680506e-01]",[16.59070642  1.36304207 -1.15977687 21.24151754 -1.31758319  0.04526885],"[  0.64926072   0.05137335  30.71243129 -17.94037513  -1.30171806
  -0.15928089]","[ 1.90184841e+00  6.57845505e-02  2.40331779e+01 -4.37074612e+01
 -1.31246887e+00 -2.84618886e-02]","[ -6.54747575   0.55737456  -2.8336676  -16.5533699   -1.31027155
   0.11382662]","[-2.69231838e-02  1.41810983e-02 -1.11261327e+02 -9.95509151e-01
 -1.29273793e+00 -1.60922857e-01]",007,RP
571,0,1.0099559925433297,0,[-0.70593874  0.09329018 16.59550686 13.71541125 -1.12546814  0.4980456 ],"[-5.02608747e-01  3.24471032e-03  2.19552456e+02  1.12348985e+02
 -1.12180134e+00 -4.69454109e-01]","[-4.62535734e+00  4.85380951e-02 -3.01604893e+01 -1.37503041e+02
 -9.97864484e-01 -7.20587352e-01]",[15.76419384  1.29248051 -1.22201069 21.26401342 -1.31457412  0.11229601],"[  0.6792447    0.04501316  34.95938123 -21.74597442  -1.2816287
  -0.23844309]","[  1.942269     0.06348045  24.89520787 -46.35319042  -1.31319986
  -0.07580553]","[ -6.87791236   0.50439292  -3.12565303 -19.4979676   -1.29760622
   0.18617349]","[-3.62548302e-02  1.55751662e-02 -1.01397991e+02 -1.67616696e+00
 -1.30041990e+00 -1.19862178e-01]",007,RP
572,0,1.0099559925433297,0,[-0.63698945  0.12628231 12.35100453  9.86745958 -1.19203124  0.40377853],"[-5.03670454e-01  5.36254592e-03 -2.18144711e+02 -1.07873046e+02
 -3.30220822e-01 -1.07693026e+00]","[-4.65828440e+00  6.96427128e-02 -2.24594053e+01 -1.02622298e+02
 -1.30758071e+00 -3.27331797e-01]",[15.00229366  1.16492926 -1.35268582 22.29338988 -1.29966367  0.19976803],"[ 7.04674997e-01  3.70625581e-02  4.22266792e+01 -2.77560850e+01
 -1.24149373e+00 -3.45855048e-01]","[  1.98042494   0.05900807  26.75029802 -50.97695722  -1.30849181
  -0.14106276]","[ -7.16806357   0.43152743  -3.63924718 -24.08635516  -1.27032456
   0.2827249 ]","[-4.63685685e-02  1.66650728e-02 -9.48237650e+01 -2.39684224e+00
 -1.30580488e+00 -8.30315293e-02]",007,RP
573,0,0.957722532270399,0,[-0.54713144  0.16074283  9.75302745  7.33618793 -1.23979528  0.32035718],"[-5.08366399e-01  1.11255390e-02 -1.32418777e+02 -6.53172567e+01
 -8.43056280e-01 -8.15439735e-01]","[-4.70288172e+00  8.02105095e-02 -1.96907935e+01 -9.06034726e+01
 -1.35493380e+00 -9.32522731e-02]",[14.34001117  0.9815526  -1.59688411 24.89933603 -1.26076937  0.31765437],"[ 7.24594472e-01  2.78396712e-02  5.54531656e+01 -3.81810572e+01
 -1.14830905e+00 -5.11878889e-01]","[ 2.01482132e+00  5.20347425e-02  3.02432885e+01 -5.89348223e+01
 -1.29103094e+00 -2.34904125e-01]","[ -7.4055732    0.34072563  -4.56584124 -31.81267156  -1.2055838
   0.42722516]","[-5.70514761e-02  1.73990087e-02 -9.08579888e+01 -3.18358237e+00
 -1.31006993e+00 -4.69848453e-02]",007,RP
574,0,0.9497681678087302,0,[-0.4363388   0.19389152  8.11444436  5.54064695 -1.27329435  0.24489243],"[-5.17141756e-01  1.77317058e-02 -8.66772150e+01 -4.28244071e+01
 -1.10172972e+00 -5.59410320e-01]","[-4.75178270e+00  8.10619390e-02 -1.94929856e+01 -9.06264315e+01
 -1.34508564e+00  7.05577090e-02]",[13.80955256  0.75157709 -2.05856813 30.42790475 -1.16757594  0.48871269],"[ 7.38217424e-01  1.78334647e-02  8.23976183e+01 -5.88273575e+01
 -8.75282301e-01 -7.99288038e-01]","[ 2.04377914e+00  4.23874201e-02  3.68225054e+01 -7.32570683e+01
 -1.23855856e+00 -3.80825825e-01]","[ -7.57935486   0.23577949  -6.40365607 -46.53558172  -1.02176558
   0.67122492]","[-6.80545891e-02  1.77164866e-02 -8.92448605e+01 -4.07352231e+00
 -1.31318446e+00 -8.51159952e-03]",007,RP
575,0,0.9497681678087302,0,[-0.30627911  0.22288668  7.07573083  4.16714856 -1.29557676  0.17615485],"[-5.30132133e-01  2.43876612e-02 -6.39637435e+01 -3.19092358e+01
 -1.21139746e+00 -3.96562546e-01]","[-4.79933173e+00  7.43034266e-02 -2.12004207e+01 -9.97478520e+01
 -1.30639353e+00  2.06772076e-01]",[13.43645931  0.49326165 -3.00805187 42.4175665  -0.91693005  0.76453984],"[ 7.44958067e-01  8.66931117e-03  1.08963520e+02 -7.91732535e+01
 -6.10254827e-01 -8.27887489e-01]","[ 2.06554088e+00  3.02205525e-02  5.02160464e+01 -1.01723297e+02
 -1.06871954e+00 -6.31567052e-01]","[ -7.68023317   0.12745406  -9.90903009 -74.10366157  -0.49916567
   0.98902379]","[-7.90938416e-02  1.75563407e-02 -9.00503618e+01 -5.12242905e+00
 -1.31408374e+00  3.45963219e-02]",007,RP
576,0,0.9497681678087302,0,[-0.16025385  0.24525914  6.43990897  3.03202021 -1.30928564  0.11302505],"[-5.47166562e-01  3.05546558e-02 -5.14021362e+01 -2.61255301e+01
 -1.26509741e+00 -2.82537506e-01]","[-4.84173956e+00  6.27971014e-02 -2.49647963e+01 -1.18873042e+02
 -1.24572365e+00  3.19225484e-01]",[13.23666161  0.24615704 -4.53240478 61.99390839 -0.4324861   0.98000367],"[ 7.44466938e-01  9.66740275e-03 -1.11738505e+02  8.51856229e+01
 -4.59571209e-01 -9.50782669e-01]","[ 2.07841349e+00  1.67769196e-02  7.57474624e+01 -1.55434547e+02
 -5.42077050e-01 -9.60263351e-01]",[-7.70166498  0.08552112  6.47856709 51.89575329 -1.19619638  0.50439195],"[-8.98573064e-02  1.68759263e-02 -9.36367694e+01 -6.41394788e+00
 -1.31130870e+00  8.35175532e-02]",007,RP
577,0,0.8818604957449241,0,"[-2.92593355e-03  2.59173259e-01  6.09907709e+00  2.01784549e+00
 -1.31659321e+00  5.38544675e-02]","[-5.67786235e-01  3.57874012e-02 -4.40420448e+01 -2.30064668e+01
 -1.29417902e+00 -1.94632678e-01]","[-4.87728981e+00  5.00357191e-02 -3.12339249e+01 -1.50336904e+02
 -1.18462138e+00  3.79650601e-01]","[ 13.21496447   0.20224558   4.37895117 -55.8676841   -0.71386848
   0.75408137]","[ 7.36678399e-01  1.95218048e-02 -7.58556841e+01  5.78812439e+01
 -9.07102404e-01 -7.72647633e-01]","[ 2.08093335e+00  1.18524017e-02 -4.73702700e+01  1.00574375e+02
 -1.15272572e+00 -5.35687084e-01]",[-7.64041654  0.18252524  7.79357949 61.54619364 -0.73021994  0.90012633],"[-1.00019993e-01  1.56689035e-02 -1.00746723e+02 -8.07668658e+00
 -1.30342753e+00  1.39493940e-01]",007,RP
578,0,0.8678795696640552,0,"[ 1.60072053e-01  2.63489501e-01  6.00057031e+00  1.03947639e+00
 -1.31894061e+00 -3.72670858e-03]","[-5.91274840e-01  3.97099186e-02 -3.97686040e+01 -2.15141750e+01
 -1.31103340e+00 -1.20158032e-01]","[-4.90636797e+00  3.96129734e-02 -3.95934941e+01 -1.92260251e+02
 -1.16720831e+00  3.19515057e-01]","[ 13.36472972   0.40909561   3.59283452 -46.01726232  -0.90043977
   0.78468493]","[ 7.21861514e-01  2.99323483e-02 -5.16574342e+01  3.92895136e+01
 -1.16135893e+00 -4.95656122e-01]","[ 2.07202936e+00  2.60319079e-02 -5.43335907e+01  1.14580795e+02
 -6.89257479e-01 -9.25953442e-01]",[-7.49705426  0.30384998  5.04145852 39.79608808 -1.09651819  0.57986614],"[-1.09263499e-01  1.39695045e-02 -1.12788305e+02 -1.03236449e+01
 -1.28843225e+00  2.05792128e-01]",007,RP
579,0,0.8463911404282021,0,[ 0.32254977  0.25770033  6.1333846   0.02167822 -1.31678969 -0.06294548],"[ -0.61669627   0.04200436 -37.63267886 -21.2079328   -1.32051039
  -0.05076253]","[-4.93108915e+00  3.44225566e-02 -4.58746463e+01 -2.24211971e+02
 -1.19814873e+00  8.21517001e-02]","[ 13.66827472   0.62338157   2.48512206 -31.9673311   -1.1943084
   0.46813087]","[ 7.00657083e-01  3.92945245e-02 -3.98720102e+01  2.99366064e+01
 -1.25599523e+00 -3.25649594e-01]","[ 2.05115779e+00  4.43217415e-02 -3.44353050e+01  7.26322440e+01
 -1.06305917e+00 -6.12300111e-01]",[-7.27615598  0.41930917  3.72222489 29.08348891 -1.22363943  0.38638918],"[-1.17295512e-01  1.18431727e-02 -1.32564417e+02 -1.35492112e+01
 -1.26119068e+00  2.90398676e-01]",007,RP
580,0,0.3812141068173393,0,[ 0.49586305  0.27008289  5.84234889 -0.89700494 -1.1813668   0.11353753],"[ -0.65368676   0.06165724 -24.7093122  -14.15215034  -0.74178684
  -0.67472932]","[-4.99249899e+00  1.14265082e-01 -1.15663529e+01 -5.57450049e+01
  4.94102011e-02 -1.34821143e+00]","[ 14.44926748   1.48389449   0.96580552 -11.95518235  -0.31624659
   1.08316518]","[  0.63517923   0.12602152 -10.77027578   8.84105549  -0.04341151
  -1.28219937]",[ 1.92065566  0.27115273 -4.64903484 10.9291951   0.15251546 -1.42910719],[-6.46209593  1.60432201  0.82651478  7.34101777  0.03392063  1.34088423],"[-1.18386252e-01  1.00839337e-02 -8.95530463e+00  9.39815051e-01
 -1.50565017e+00 -1.04968775e-03]",007,RP
581,0,0.3848537273177985,0,[ 0.61393594  0.20893441  6.92108596 -2.24910339 -1.25552758 -0.2383615 ],"[ -0.68252578   0.05753372 -25.80385884 -15.61179898  -1.59361324
  -0.10994652]","[ -5.04430728   0.12652554 -11.2131317  -54.56248189  -1.78648738
  -0.37766076]","[ 15.11310987   1.52867177   0.95353229 -12.41083823  -1.68941531
   0.26807731]",[ 0.56996533  0.14804833 -9.91557224  7.65153237 -1.792609   -0.34904497],[ 1.78108335  0.33726344 -4.27184401  9.60851023 -1.80151064 -0.39703814],[-5.64352552  1.90809669  0.76330348  6.30772267 -1.80240673  0.36528547],"[-1.15772952e-01  1.36845356e-02  8.25746272e+01  1.15599084e+01
 -1.41020451e+00  2.97447326e-01]",007,RP
582,0,0.3874815495434204,0,[ 0.6722836   0.13855075  4.82113061 -1.24116705 -1.05772269  0.08220583],"[ -0.7013871    0.04405276 -25.30605287 -15.74933907  -1.43993328
   0.25947966]","[ -5.08269503   0.11232491 -10.72604573 -52.51721937  -1.74002987
   0.28402994]","[ 15.59412725   1.26311532   0.91360186 -12.24682361  -1.57891625
  -0.25541986]","[  0.50695769   0.14243693 -10.07465414   7.10742335  -1.78448178
   0.41575387]",[ 1.63714076  0.34011904 -4.2584965   8.9717582  -1.80258963  0.38445405],[-4.85202022  1.84398186  0.77261368  5.7487372  -1.79715703 -0.41493849],"[-1.09628216e-01  1.81539606e-02  8.20546926e+01  1.09955096e+01
 -1.57031991e+00 -6.81342606e-02]",007,RP
583,0,0.3888871447285492,0,[ 0.66870397  0.14448976 -6.81364636  6.5563124  -1.01431565 -0.02344028],[-0.70865622  0.03389917  4.63996733  5.28814169 -1.57017749 -0.03036546],"[ -5.10280332   0.0897325   -2.70988303 -11.82800009  -1.23707866
   0.46526044]",[15.83714433  0.96097052  0.08122125  0.71368737 -1.36907912 -0.19658407],"[  0.44783298   0.11151796 -11.09620008   6.9692443    0.18483345
   1.45193026]",[ 1.49386674  0.27851375 -4.63615853  8.92580304  0.10398866  1.39316857],[-4.11762016  1.43854656  0.83164166  5.42438448  0.21911145 -1.47772183],"[-1.00255671e-01  1.98803877e-02  7.72852434e+01  9.74828396e+00
 -8.19704508e-01 -5.83881797e-01]",007,RP
584,0,0.3888871447285492,0,[ 0.60333225  0.21661735 -7.27708924  6.39050265 -1.29426808 -0.1910094 ],[-0.70300937  0.04298135 36.35272413 27.55630554 -1.21192008  0.37614643],[-5.09947886  0.09578662 16.03292505 83.75956237 -1.10449616  0.56319931],[15.80162211  1.02106661 -1.53618315 26.27418561 -1.26224082 -0.30589465],"[ 3.93950012e-01  1.59864462e-02 -9.76890671e+01  4.04846091e+01
 -1.19715619e+00  3.86404859e-01]","[  1.35642874   0.05787452 -26.7541924   38.2901556   -1.16953578
   0.48174778]",[-3.46744792  0.11365541 10.80001453 39.44848795 -0.43627489 -1.01888698],"[-8.80802741e-02  1.45602010e-02  1.08589040e+02  1.15645524e+01
 -1.32088329e+00 -7.86970785e-04]",007,RP
585,0,0.3888871447285492,0,[ 0.46081841  0.24060765 -6.56303109  5.02436556 -1.30653721 -0.1240332 ],[-0.6727412   0.0538078  29.17434569 21.62678424 -1.24979392  0.29518632],[-5.03022816  0.13047494 11.96986874 62.21117075 -1.23442342  0.37539104],[15.11374829  1.20449108 -1.30846295 21.77577974 -1.30061892 -0.1951614 ],"[ 3.85216488e-01  1.18989270e-02 -1.30243844e+02  5.21720762e+01
 -1.14780492e+00  4.81921303e-01]","[ 1.32762952e+00  3.81670777e-02 -3.89580789e+01  5.37218958e+01
 -9.33731561e-01  7.51426951e-01]","[ -3.4485811    0.07628531  -8.35147172 -26.80072754  -1.09685118
  -0.54290711]","[-7.91120302e-02  1.42452785e-02  1.10951003e+02  1.07775591e+01
 -1.31813933e+00 -6.52055533e-02]",007,RP
586,0,0.3888871447285492,0,[ 0.3053931   0.25686809 -6.15281127  3.87902612 -1.31125492 -0.07110799],[-0.63580304  0.0641644  24.5335162  17.59848414 -1.27345859  0.23209847],[-4.94133203  0.15910372  9.8917863  50.87860049 -1.29824981  0.23122411],[14.32968379  1.32817004 -1.18935716 19.04311206 -1.3203406  -0.10222983],"[ 3.79083695e-01  8.03161908e-03 -1.88451992e+02  7.34390774e+01
 -1.00573383e+00  6.70831912e-01]","[ 1.31236784e+00  1.92067592e-02 -5.72299650e+01  7.71067656e+01
 -4.72910753e-01  9.43222465e-01]","[ -3.50218176   0.15831686  -9.1014557  -29.87495211  -0.8006139
  -0.85463817]","[-7.05311195e-02  1.33326478e-02  1.18410117e+02  1.03515981e+01
 -1.30900642e+00 -1.34704030e-01]",007,RP
587,0,0.3437606052587429,0,[ 0.14178536  0.26570905 -5.95016476  2.84364624 -1.3116557  -0.0287594 ],[-0.59264325  0.07360649 21.42453347 14.69710506 -1.28885306  0.17956087],[-4.83772971  0.17786528  8.87948291 44.95653829 -1.32776395  0.11012676],"[ 1.34909028e+01  1.38049672e+00 -1.14523582e+00  1.74502652e+01
 -1.32815568e+00 -1.58553754e-02]","[ 3.75490734e-01  4.40534076e-03 -3.02999042e+02  1.15773333e+02
 -5.52537499e-01  9.88327912e-01]","[ 1.31149175e+00  1.74274994e-02  5.29710261e+01 -6.74710636e+01
 -6.08232191e-01  8.33639278e-01]","[ -3.62356328   0.25468876  -6.04435974 -19.90211999  -1.13714592
  -0.5348369 ]","[-6.26997418e-02  1.18709437e-02  1.32674753e+02  1.03186728e+01
 -1.29034531e+00 -2.15766866e-01]",007,RP
588,0,0.3437606052587429,0,"[-2.56119788e-02  2.67962797e-01 -5.90052837e+00  1.84887579e+00
 -1.30981670e+00  5.15902290e-03]",[-0.54396099  0.08172905 19.31767386 12.50806108 -1.29871257  0.13430062],"[-4.72628121e+00  1.84337989e-01  8.57638659e+00  4.25344148e+01
 -1.33635606e+00 -6.03649815e-04]",[12.64415606  1.35519856 -1.16614037 16.74486081 -1.32558274  0.07153871],"[ 3.74454701e-01  2.46727686e-03  8.99965703e+01 -3.16996388e+01
 -1.62373831e+00  3.06025004e-01]","[ 1.32535414e+00  3.66297742e-02  3.98948134e+01 -5.08747561e+01
 -8.36398693e-01  8.26846667e-01]","[ -3.80556069   0.34174383  -4.57853523 -15.42389369  -1.24532892
  -0.34769445]","[-5.59407771e-02  9.94161725e-03  1.57668332e+02  1.08200890e+01
 -1.25364023e+00 -3.19237654e-01]",007,RP
589,0,0.3437606052587429,0,[-0.19298548  0.26475537 -5.97154096  0.84757933 -1.30702091  0.03239766],[-0.49067371  0.08821997 17.90955235 10.78774653 -1.30468166  0.09463937],[-4.61491029  0.17767096  8.88885876 43.02128575 -1.32787292 -0.11197559],[11.8378615   1.2527421  -1.25910589 16.90512114 -1.3104369   0.16721505],"[ 3.76050560e-01  5.23543211e-03  2.63714853e+02 -9.71701179e+01
 -5.99138694e-01  9.76536932e-01]","[  1.35376831   0.05834806  26.38466595 -33.71872475  -1.12397918
   0.54009035]","[ -4.03903512   0.41409748  -3.8013284  -13.35369891  -1.28734907
  -0.22979665]","[-5.05210083e-02  7.65568124e-03  2.02564534e+02  1.22337645e+01
 -1.17572061e+00 -4.66954844e-01]",007,RP
590,0,0.2635319970560379,0,[-0.35724764  0.2573104  -6.14340661 -0.19471753 -1.30381081  0.05420756],[-0.43385562  0.09288897 17.01679769  9.38283329 -1.30784218  0.05954899],[-4.51156672  0.15862229  9.92013913 46.75536959 -1.29770605 -0.23515416],[11.11773556  1.08110261 -1.45267537 18.15046067 -1.27548166  0.28068901],"[ 3.80394720e-01  9.39738942e-03  1.61224707e+02 -5.93290272e+01
 -9.97094385e-01  6.71456948e-01]","[  1.39596971   0.07904596  19.76858    -25.59633893  -1.22839946
   0.37031511]","[ -4.31342823   0.46929869  -3.36312199 -12.50658534  -1.30583808
  -0.1461771 ]","[-4.66435433e-02  5.15553731e-03  2.91273964e+02  1.55860498e+01
 -9.76117256e-01 -7.09025955e-01]",007,RP
591,0,0.2635319970560379,0,[-0.51611294  0.24687984 -6.40192102 -1.30411428 -1.300269    0.07073998],[-0.37465977  0.09567608 16.52475594  8.19116118 -1.30889209  0.02842424],[-4.42316567  0.1295846  12.04527555 55.27824929 -1.23109916 -0.38324332],[10.52248644  0.85556408 -1.81828024 21.13282922 -1.20220859  0.42889594],"[ 3.87631635e-01  1.39820573e-02  1.10709492e+02 -4.09145013e+01
 -1.13561781e+00  4.96028923e-01]","[  1.45058341   0.09732579  16.15615693 -21.43585323  -1.2764078
   0.25668091]","[ -4.61727871   0.5061128   -3.12234029 -12.41671535  -1.31419316
  -0.08046229]","[-4.44509795e-02  2.70530457e-03  4.57680450e+02  2.23443443e+01
 -4.58920648e-01 -1.00598270e+00]",007,RP
592,0,0.2635319970560379,0,[-0.66813118  0.23476721 -6.73141667 -2.49746933 -1.29659557  0.08085444],"[-3.14238991e-01  9.66450760e-02  1.63601613e+01  7.14100059e+00
 -1.30837566e+00  9.71011695e-04]",[-4.35463952  0.09449398 16.22710368 72.66318691 -1.09371093 -0.57642914],[10.08043921  0.59763563 -2.53942381 27.59850736 -1.03381893  0.64897532],"[ 3.97913395e-01  1.88771323e-02  8.26878435e+01 -3.09026005e+01
 -1.19755743e+00  3.92848106e-01]","[  1.51562062   0.1120718   14.0743176  -19.33132595  -1.30180395
   0.16953552]","[ -4.93868067   0.52406396  -3.01685077 -12.89926258  -1.31717066
  -0.02389159]","[-4.40381184e-02  1.88669505e-03 -3.37910250e+02 -1.28809316e+01
 -1.05561360e+00 -5.80747216e-01]",007,RP
593,0,0.2635319970560379,0,[-0.812675    0.22230516 -7.1085742  -3.77696051 -1.29350871  0.08308157],[-0.25368013  0.09595903 16.47644902  6.17974772 -1.30686477 -0.02310174],"[-4.30822759e+00  5.84546844e-02  2.50254136e+01  1.09815178e+02
 -7.96566836e-01 -8.50368465e-01]",[ 9.80764773  0.3368593  -4.05673175 41.78699592 -0.58421969  0.98320453],"[ 4.11363696e-01  2.39860270e-02  6.53642068e+01 -2.48884617e+01
 -1.23465750e+00  3.20470532e-01]","[  1.58854497   0.12238213  12.90937519 -18.50712298  -1.31480804
   0.09629062]","[ -5.26573103   0.52335559  -3.02088169 -13.90715043  -1.31620696
   0.02855434]","[-4.54696573e-02  4.11564876e-03 -3.46886285e+02 -1.37728005e+01
 -7.19254090e-01 -9.06086912e-01]",007,RP
594,0,0.4199197442080901,0,[-0.94985467  0.21068857 -7.5010574  -5.12491441 -1.29192592  0.07742881],[-0.1939611   0.09383483 16.84750803  5.26776122 -1.30491603 -0.04447333],"[-4.28313324e+00  2.74892440e-02  4.29888302e+01  1.86126888e+02
 -2.57211732e-01 -1.13685068e+00]",[ 9.70766026  0.16103859 -0.87052454 10.45075653 -1.67010365  0.27851956],"[ 4.28027307e-01  2.91239552e-02  5.39889864e+01 -2.11087605e+01
 -1.26145331e+00  2.60597936e-01]","[  1.66643347   0.12772844  12.37744767 -18.62619307  -1.31917095
   0.03198411]","[ -5.58700156   0.50499187  -3.12933407 -15.48359432  -1.31145856
   0.07973823]","[-4.87955411e-02  6.98599843e-03 -2.18553097e+02 -8.66441665e+00
 -1.05139260e+00 -6.15254105e-01]",007,RP
595,0,0.4221049854538377,0,[-1.08033516  0.20070861 -7.8750078  -6.50764783 -1.29226495  0.06660642],[-0.13593402  0.09048907 17.4674183   4.37441639 -1.30285693 -0.06434759],"[-4.27559189e+00  1.27499703e-02 -4.20645628e+01 -1.77850904e+02
 -1.52385204e+00 -1.64815989e-01]","[  9.77268497   0.27989253   4.85573247 -45.4535437   -0.65075047
   0.93177974]","[ 4.47815080e-01  3.40123568e-02  4.63264944e+01 -1.87457028e+01
 -1.28187759e+00  2.05818493e-01]","[  1.74621189   0.12807939  12.34400961 -19.5552563   -1.31727245
  -0.02529604]","[ -5.89199221   0.4708315   -3.35337712 -17.75807189  -1.30283281
   0.13182589]","[-5.40574365e-02  1.00192243e-02 -1.55079607e+02 -6.38320599e+00
 -1.16911559e+00 -4.51471168e-01]",007,RP
596,0,0.4221049854538377,0,[-1.20505277  0.19254391 -8.20982537 -7.89327276 -1.29423725  0.05550716],[-0.08033039  0.08610009 18.35349365  3.4743433  -1.30063631 -0.0841889 ],"[-4.27924066e+00  1.75481362e-02 -8.68983689e+01 -3.69859033e+02
 -1.51494223e+00 -3.24837397e-01]","[  9.98543624   0.47578874   3.21724565 -30.12560131  -1.12246658
   0.5715166 ]","[ 4.70459754e-01  3.83202561e-02  4.11814701e+01 -1.73742243e+01
 -1.29700120e+00  1.53610302e-01]","[  1.82490565   0.12386262  12.75881692 -21.28363708  -1.31131403
  -0.07726565]","[ -6.1714743    0.42334079  -3.72404466 -20.98284592  -1.28986188
   0.18823625]","[-6.12841525e-02  1.31229981e-02 -1.19255024e+02 -5.30844307e+00
 -1.22302326e+00 -3.51321824e-01]",007,RP
597,0,0.4221049854538377,0,[-1.3248725   0.18573661 -8.51115425 -9.27619421 -1.29718817  0.04937565],[-0.02778015  0.08080033 19.55100443  2.5431299  -1.29792699 -0.10536592],"[-4.28562534e+00  1.61330772e-02 -8.84705940e+01 -3.77151820e+02
 -1.29918002e+00  4.54319229e-01]","[ 10.32079693   0.64147712   2.44063036 -23.18925031  -1.26854971
   0.33194791]","[  0.49549727   0.04172185  37.86371915 -16.76136941  -1.30741891
   0.10313824]","[  1.8998395    0.11576979  13.63947204 -23.91280767  -1.30273928
  -0.12712802]","[ -6.41765367   0.36509627  -4.30730923 -25.6428189   -1.26998955
   0.25590131]","[-7.04781982e-02  1.62232811e-02 -9.68299290e+01 -4.82439893e+00
 -1.25335309e+00 -2.81331848e-01]",007,RP
598,0,0.4221049854538377,0,"[ -1.44026713   0.17934916  -8.81406382 -10.69460639  -1.30037322
   0.05219963]",[ 0.02116379  0.07468806 21.14146673  1.55256651 -1.29434644 -0.12919978],"[-4.28474383e+00  1.77262725e-02  2.40943775e+01  1.05238235e+02
 -1.11231680e+00  5.88628928e-01]","[ 10.74690611   0.75641096   2.08478814 -20.40502241  -1.32190396
   0.17118961]","[  0.5222802    0.04394569  35.97016019 -16.78650247  -1.31365968
   0.05382129]","[  1.96873716   0.10451711  15.08774216 -27.70379859  -1.29125044
  -0.18028363]","[ -6.6241299    0.29835892  -5.2452607  -32.74528823  -1.2344706
   0.34838975]","[-8.15979124e-02  1.92283694e-02 -8.18854414e+01 -4.68168108e+00
 -1.27301876e+00 -2.26759971e-01]",007,RP
599,0,0.4221049854538377,0,"[ -1.55109282   0.17220221  -9.17860799 -12.23687295  -1.30295129
   0.06634163]",[ 0.06600301  0.06783857 23.26075036  0.46472051 -1.28939244 -0.15748376],"[-4.26563931e+00  5.08632786e-02  2.59194986e+01  1.12563232e+02
 -3.24833242e-01  1.14131251e+00]","[ 11.2261517    0.80956734   1.95251038 -19.91917773  -1.34187855
   0.03798227]","[ 5.50020771e-01  4.48096449e-02  3.52848158e+01 -1.74073816e+01
 -1.31599280e+00  5.07172550e-03]","[  2.02971374   0.09068976  17.34823074 -33.21194222  -1.27372742
  -0.24496708]","[ -6.78568561   0.22506328  -6.87392215 -44.64427465  -1.15575871
   0.49350838]","[-9.45403251e-02  2.20257383e-02 -7.15965190e+01 -4.76875818e+00
 -1.28705783e+00 -1.80261538e-01]",007,RP
600,0,0.4221049854538377,0,"[ -1.65649236   0.16309876  -9.6874807  -14.04723773  -1.30381289
   0.09331969]",[ 0.10627881  0.0603094  26.13796362 -0.77791177 -1.28194848 -0.1930472 ],[-4.21719562  0.10551035 13.94614604 60.81362604 -0.77770157  0.8514089 ],"[ 11.71710615   0.79493352   1.98721785 -21.28444253  -1.33825679
  -0.09300959]","[  0.57785687   0.04424778  35.72753367 -18.64540071  -1.31432603
  -0.04335804]","[  2.08120264   0.07472366  20.960656   -41.62337251  -1.24138495
  -0.33452536]","[ -6.89800103   0.14760902 -10.08279073 -67.55110086  -0.93170414
   0.75068332]","[-1.09129562e-01  2.44882631e-02 -6.44672591e+01 -5.03528378e+00
 -1.29741525e+00 -1.37958673e-01]",007,RP
601,0,0.2733453898550816,0,"[ -1.75491566   0.15099085 -10.45603719 -16.3494634   -1.30119517
   0.13519279]",[ 0.1415657   0.05214825 30.17717927 -2.27205343 -1.26957024 -0.24029067],[-4.12930705  0.17611561  8.65264694 37.72943605 -1.01413484  0.64036234],"[ 12.17808106   0.71406231   2.20323384 -24.83116024  -1.30462475
  -0.23721316]","[  0.60493247   0.04233047  37.32656137 -20.58004905  -1.3084994
  -0.09098094]","[  2.12187958   0.05700185  27.18871934 -55.69118832  -1.16887299
  -0.47453841]","[-6.95739846e+00  7.43088920e-02 -1.49874420e+01 -1.02273606e+02
 -4.69743255e-01  9.48561678e-01]","[-1.25114402e-01  2.64898947e-02 -5.96412967e+01 -5.46198518e+00
 -1.30463592e+00 -9.81520326e-02]",007,RP
602,0,0.2733453898550816,0,"[ -1.84422978   0.13509066 -11.66686613 -19.51638196  -1.29165965
   0.19637044]",[ 0.17146798  0.04340675 36.14262062 -4.19730212 -1.24711914 -0.30673807],[-3.99436134  0.25696626  6.02913503 26.08254385 -1.14678881  0.48536444],"[ 12.57202851   0.57853884   2.69208242 -31.84493689  -1.22224024
  -0.41027821]","[ 6.30479746e-01  3.92654005e-02  4.02066677e+01 -2.33494897e+01
 -1.29881955e+00 -1.36633108e-01]","[ 2.15062980e+00  3.80866869e-02  3.93368502e+01 -8.25990025e+01
 -9.66319747e-01 -7.19349933e-01]","[-6.96068630e+00  6.76243552e-02  1.34537694e+01  9.56474685e+01
 -6.00227027e-01  8.43722976e-01]","[-1.42176996e-01  2.79285651e-02 -5.65962842e+01 -6.04668965e+00
 -1.30886487e+00 -6.05842796e-02]",007,RP
603,0,0.2733453898550816,0,"[ -1.92188975   0.11495144 -13.65940804 -24.25187625  -1.26710513
   0.28666516]","[ 1.95614649e-01  3.41522836e-02  4.56415372e+01 -6.92815330e+00
 -1.20166959e+00 -4.07926001e-01]",[-3.80869394  0.34027564  4.59553614 19.50299069 -1.22742467  0.36130848],"[ 12.87185912   0.40985901   3.70886244 -45.73995484  -1.04306044
  -0.63917588]","[ 6.53886404e-01  3.53644649e-02  4.45934751e+01 -2.71590671e+01
 -1.28631730e+00 -1.79190418e-01]","[ 2.16658229e+00  1.97587160e-02  6.10447738e+01 -1.30258526e+02
 -4.51301044e-01 -9.96775758e-01]",[-6.90517156  0.14589184  9.96210665 70.79005548 -0.79010372  0.85752156],"[-1.59952274e-01  2.87465297e-02 -5.49992926e+01 -6.79726191e+00
 -1.31043381e+00 -2.56361674e-02]",007,RP
604,0,0.2733453898550816,0,"[ -1.98514295   0.09055293 -17.17825145 -32.10128483  -1.20435903
   0.42861737]","[ 2.13651939e-01  2.44882558e-02  6.25773940e+01 -1.13697816e+01
 -1.09055649e+00 -5.80209814e-01]",[-3.57362696  0.41708272  3.77009062 15.47289748 -1.27717966  0.25614457],"[ 13.06506759   0.23717292   5.93551432 -75.54789578  -0.634595
  -0.96248515]","[ 6.74734156e-01  3.09781659e-02  5.08431735e+01 -3.23056258e+01
 -1.27227429e+00 -2.18626548e-01]","[ 2.16921998e+00  1.44940807e-02 -4.92709077e+01  1.08879438e+02
 -9.43453365e-01 -6.31004849e-01]",[-6.78893269  0.2393157   6.40518617 45.4843778  -1.08015957  0.58315508],"[-1.78053799e-01  2.89368441e-02 -5.46403618e+01 -7.72892400e+00
 -1.30999693e+00  6.47730424e-03]",007,RP
605,0,0.2733453898550816,0,"[ -2.03124269   0.06251712 -24.13105606 -47.0160311   -1.01915725
   0.67474384]","[ 2.25239522e-01  1.47122965e-02  9.69738213e+01 -1.98423372e+01
 -7.45812621e-01 -8.89211161e-01]",[-3.29585932  0.47864808  3.29589991 12.86282243 -1.30702672  0.16301041],"[ 1.31565582e+01  1.00010872e-01  8.11091983e+00 -1.04711789e+02
 -5.44278857e-01 -9.01233766e-01]","[ 6.92802784e-01  2.64243190e-02  5.95176734e+01 -3.92340098e+01
 -1.25719795e+00 -2.56664353e-01]","[ 2.15855218e+00  3.04512934e-02 -4.74139479e+01  1.04345481e+02
 -8.03072981e-01 -8.53454761e-01]",[-6.61140073  0.33523129  4.64534315 32.71222507 -1.19246137  0.42141572],"[-1.96099059e-01  2.85327354e-02 -5.54086464e+01 -8.86558340e+00
 -1.30829500e+00  3.62498240e-02]",007,RP
606,0,0.3547202455020697,0,"[-2.05765847e+00  3.35832964e-02 -3.69584032e+01 -7.40477716e+01
 -4.96225891e-01  9.78814558e-01]","[ 2.30062076e-01  7.02613573e-03  7.42778798e+01 -1.50885232e+01
 -1.28050708e+00 -4.54758689e-01]",[-2.98716094  0.51755581  3.05335373 11.120859   -1.32357013  0.07595748],"[ 1.31688678e+01  7.59045838e-02 -1.58159730e+01  2.10278457e+02
 -9.90366372e-01 -5.28891955e-01]","[ 7.08044303e-01  2.19429683e-02  7.15426753e+01 -4.86553836e+01
 -1.24009182e+00 -2.96586733e-01]","[ 2.13530433e+00  4.86508904e-02 -3.16567561e+01  6.95968083e+01
 -1.14700881e+00 -5.28222883e-01]",[-6.37416859  0.42788392  3.66531913 25.36336206 -1.24937236  0.31165508],"[-2.13728152e-01  2.75876884e-02 -5.72933967e+01 -1.02452118e+01
 -1.30577885e+00  6.49606780e-02]",007,RP
607,0,0.4415822886516118,0,"[-2.06228025e+00  2.44367766e-02  2.63380809e+01  5.63165041e+01
 -1.02624332e+00  5.98992798e-01]","[ 2.27865927e-01  1.13218170e-02 -1.11383335e+02  2.73804668e+01
 -4.48019582e-01 -1.02678032e+00]",[-2.66347634  0.52827226  2.99276645  9.97116264 -1.3298618  -0.01177782],"[ 1.31396932e+01  9.51604429e-02 -1.62969489e+01  2.16136909e+02
 -1.66694676e+00  4.17143913e-02]","[ 7.20537635e-01  1.76878430e-02  8.85329361e+01 -6.17913124e+01
 -1.21838387e+00 -3.43097293e-01]","[  2.10105932   0.06432784 -24.35647368  53.17439614  -1.26931871
  -0.32097684]",[-6.08181369  0.51119531  3.07999693 20.73196751 -1.28332037  0.22532786],"[-2.30613883e-01  2.61588740e-02 -6.04000674e+01 -1.19290941e+01
 -1.30238236e+00  9.43183785e-02]",007,RP
608,0,0.367636114930591,0,"[-2.04360880e+00  5.34236539e-02  2.66866264e+01  5.65370244e+01
 -7.19610798e-01  9.06767107e-01]","[ 2.18517546e-01  2.16358463e-02 -6.93395705e+01  1.71519128e+01
 -9.61112268e-01 -7.19177061e-01]",[-2.34362178  0.50744186  3.11254144  9.2946199  -1.32480464 -0.10858914],"[ 1.31172740e+01  7.37340470e-02 -1.22996398e+01  1.63337745e+02
 -1.20257957e+00  2.35719404e-01]","[ 7.30435795e-01  1.37375251e-02  1.13541594e+02 -8.09348442e+01
 -1.18689556e+00 -4.04476283e-01]","[  2.05828692   0.07556461 -20.86938958  44.95519158  -1.31971355
  -0.17135242]",[-5.74245005  0.57876628  2.72674343 17.65818793 -1.30436532  0.15052692],"[-2.46465413e-01  2.43017077e-02 -6.49792317e+01 -1.40151332e+01
 -1.29757517e+00  1.26016774e-01]",007,RP
609,0,0.3683675281074996,0,[-2.00092375  0.0899275  16.99801837 36.01173861 -1.07070388  0.60162842],"[ 2.02065878e-01  3.24758922e-02 -4.76784872e+01  1.16341954e+01
 -1.15882690e+00 -4.85712858e-01]",[-2.04774484  0.45426958  3.46507517  9.09558981 -1.30119794 -0.22649009],"[ 13.15440091   0.14791406   7.06437106 -90.92756908  -0.20274327
   1.14560878]","[ 7.37914669e-01  1.01054399e-02  1.53132754e+02 -1.10998905e+02
 -1.13074199e+00 -5.00084524e-01]","[  2.01022114   0.0811391  -19.48057248  41.16025861  -1.33790471
  -0.04637882]",[-5.36776006  0.62485095  2.5289431  15.57475975 -1.31641601  0.08180646],"[-2.61028936e-01  2.20728553e-02 -7.14809834e+01 -1.66586050e+01
 -1.29056786e+00  1.61712254e-01]",007,RP
610,0,0.3683675281074996,0,[-1.93442323  0.1265712  12.3038342  25.80082266 -1.19869162  0.41911641],"[  0.17878456   0.04286123 -36.51922412   8.52907351  -1.23654937
  -0.34521025]",[-1.79565019  0.37105217  4.20421372  9.54929715 -1.23732454 -0.38740698],"[ 13.30183448   0.3525234    4.0380021  -51.71283561  -0.63133376
   0.96208134]","[ 7.43127293e-01  6.75364881e-03  2.24012054e+02 -1.64469471e+02
 -9.92766089e-01 -6.78279977e-01]","[  1.96058274   0.08050467 -19.62943495  40.4851313   -1.33510239
   0.07106177]",[-4.97239999  0.6453229   2.45000092 14.18238453 -1.32128784  0.01603358],"[-2.74087068e-01  1.95322561e-02 -8.06768784e+01 -2.01124890e+01
 -1.28029412e+00  2.03803132e-01]",007,RP
611,0,0.3683675281074996,0,[-1.84531623  0.16086666  9.75440139 19.99995516 -1.25614121  0.30097673],"[  0.14917664   0.05231218 -30.06644761   6.48521161  -1.27221493
  -0.25184653]",[-1.60506565  0.26396707  5.74686406 11.22409409 -1.05834997 -0.63851102],"[ 13.60204741   0.62463563   2.421154   -30.93265142  -0.97379259
   0.68935389]","[ 7.46166469e-01  3.69109856e-03  3.63694349e+02 -2.69376528e+02
 -5.58643227e-01 -9.86801339e-01]","[  1.91318378   0.07385841 -21.33724403  42.82206913  -1.31144929
   0.19370173]",[-4.57286048  0.63831236  2.47647289 13.32456501 -1.31965389 -0.04918688],"[-2.85456917e-01  1.67389319e-02 -9.39479072e+01 -2.48180799e+01
 -1.26451848e+00  2.57012796e-01]",007,RP
612,0,0.3683675281074996,0,[-1.73583185  0.19096585  8.24799956 16.31714036 -1.2859151   0.21498965],"[  0.11394205   0.06053024 -26.04822394   4.96798792  -1.29010963
  -0.18494288]",[-1.48999435  0.14704516  8.86226598 15.20472628 -0.53947768 -0.9824686 ],"[ 14.08438253   0.9333075    1.65678754 -21.3348295   -1.13614505
   0.50477183]","[ 7.47042665e-01  2.05652795e-03 -9.60294112e+01  7.37380673e+01
 -1.63908394e+00 -3.03865828e-01]","[  1.87148344   0.06213184 -25.19841967  49.15842522  -1.25711712
   0.33583684]",[-4.18598529  0.604498    2.61264634 12.93649914 -1.31122789 -0.11600499],"[-2.94987736e-01  1.37461367e-02 -1.13979241e+02 -3.16224782e+01
 -1.23715990e+00  3.30616219e-01]",007,RP
613,0,0.3683675281074996,0,[-1.60911728  0.21540147  7.32727943 13.79045191 -1.30197693  0.14712005],"[  0.07392653   0.06733468 -23.44744265   3.73338803  -1.2998422
  -0.133787  ]",[-1.45939176  0.08873882 -4.18996964 -4.11480719 -1.47275975 -0.36391279],"[ 14.76249805   1.25067266   1.24936152 -16.44369701  -1.21969863
   0.37361671]","[ 7.45685375e-01  4.43178819e-03 -3.09734737e+02  2.32964663e+02
 -5.67239252e-01 -9.95624402e-01]","[ 1.83817842e+00  4.68981363e-02 -3.28902520e+01  6.24581514e+01
 -1.14266289e+00  5.20383534e-01]",[-3.82738505  0.54710224  2.88168311 13.02931086 -1.29482229 -0.18651402],"[-3.02560652e-01  1.06067702e-02 -1.46567088e+02 -4.23454338e+01
 -1.18140759e+00  4.42358038e-01]",007,RP
614,0,0.3683675281074996,0,[-1.46902339  0.23319324  6.77567667 11.95362752 -1.3099626   0.09099108],"[  0.03007512   0.07260578 -21.761978     2.65449415  -1.30560508
  -0.0917938 ]",[-1.51638536  0.1829797  -7.69504553 -9.66865442 -0.71312893 -0.90944395],"[ 15.63422594   1.55146523   1.01272432 -13.83316089  -1.2650514
   0.27490095]","[ 7.41970671e-01  8.05636249e-03 -1.87597277e+02  1.41191678e+02
 -9.80668835e-01 -6.88047120e-01]","[ 1.81490403e+00  3.02314800e-02 -4.89351795e+01  9.08126545e+01
 -8.78193522e-01  7.90906468e-01]",[-3.50997989  0.47156576  3.33373075 13.70132791 -1.26828512 -0.26313031],"[-3.08092911e-01  7.39622636e-03 -2.05934382e+02 -6.14469231e+01
 -1.04625675e+00  6.28567781e-01]",007,RP
615,0,0.3778355213885902,0,[-1.31980883  0.24394264  6.48049738 10.55301765 -1.31280709  0.04346406],"[-1.65964727e-02  7.62421631e-02 -2.07331617e+01  1.65590265e+00
 -1.30913275e+00 -5.46427469e-02]",[-1.65814596  0.30474556 -5.02971633 -6.34000383 -1.11358758 -0.56925673],"[ 16.68330838   1.81512689   0.86828569 -12.48587792  -1.29006761
   0.19740751]","[ 7.35769932e-01  1.20345486e-02 -1.28569898e+02  9.65978651e+01
 -1.13901253e+00 -4.98570145e-01]","[ 1.80210210e+00  1.48948405e-02 -7.97516693e+01  1.45720650e+02
 -3.44544547e-01  1.07302523e+00]",[-3.24287371  0.38487978  4.06637162 15.18672962 -1.22781918 -0.34943131],"[-3.11547332e-01  4.27456363e-03 -3.27945584e+02 -1.00170572e+02
 -6.59068605e-01  9.43376845e-01]",007,RP
616,0,0.3778355213885902,0,"[-1.16582486e+00  2.47799043e-01  6.38063998e+00  9.43870873e+00
 -1.31248594e+00  2.49254807e-03]","[-6.50123435e-02  7.81444253e-02 -2.02327050e+01  6.84624433e-01
 -1.31108930e+00 -1.94033201e-02]",[-1.87639811  0.41469649 -3.76994287 -5.07391369 -1.24546533 -0.35869061],"[ 17.88231578   2.026915     0.77890721 -11.92866461  -1.30371661
   0.13434196]","[ 7.27007636e-01  1.61260283e-02 -9.68875706e+01  7.24380036e+01
 -1.21490046e+00 -3.76022927e-01]","[ 1.79908131e+00  8.89513807e-03  7.49673987e+01 -1.32872446e+02
 -1.17758096e+00  4.48044988e-01]",[-3.0307003   0.29466948  5.27350228 17.98240495 -1.16587039 -0.45158885],"[-3.12944698e-01  1.96916795e-03 -2.17062073e+02 -6.59284247e+01
 -1.37157408e+00  4.24653050e-01]",007,RP
617,0,0.3778355213885902,0,[-1.01125505  0.24528448  6.44547093  8.51801505 -1.31041242 -0.03403599],"[-1.14038064e-01  7.82180443e-02 -2.02138259e+01 -3.05145559e-01
 -1.31166887e+00  1.62136713e-02]",[-2.15841942  0.5027262  -3.13179744 -4.7597324  -1.29548521 -0.22283024],"[ 19.1960852    2.1777376    0.7256448  -11.92953945  -1.3107278
   0.08106014]","[ 7.15710387e-01  2.00991651e-02 -7.81370476e+01  5.79234965e+01
 -1.25801391e+00 -2.85295424e-01]","[ 1.80425128e+00  1.63804991e-02  9.03001031e+01 -1.60924077e+02
 -1.01740075e+00  7.06724158e-01]",[-2.87352341  0.2082267   7.37134708 23.18173838 -1.06590312 -0.58104989],"[-3.12373983e-01  3.06485426e-03  4.24833266e+02  1.34706859e+02
 -5.56824006e-01  9.67682164e-01]",007,RP
618,0,0.3778355213885902,0,[-0.85995495  0.2370604   6.66717011  7.73346592 -1.30729003 -0.06872009],"[ -0.16248595   0.0763843  -20.6945493   -1.36257345  -1.31064603
   0.05440736]",[-2.48827483  0.56393381 -2.8000469  -4.96728622 -1.31594567 -0.1237444 ],"[ 20.58506741   2.26332299   0.69851283 -12.37893368  -1.31354738
   0.03426358]","[ 7.02029962e-01  2.37222878e-02 -6.64034912e+01  4.86172404e+01
 -1.28345201e+00 -2.12920068e-01]","[ 1.81546423e+00  2.32375688e-02  6.73042106e+01 -1.20188387e+02
 -1.30438515e+00  3.30179439e-01]",[-2.76730541  0.13170973 11.36583968 33.45274959 -0.88741227 -0.76069568],"[-3.09995479e-01  5.47572771e-03  2.77451903e+02  8.80088355e+01
 -1.06736622e+00  6.28517174e-01]",007,RP
619,0,0.3778355213885902,0,[-0.71539125  0.22375517  7.06008968  7.05072636 -1.30296203 -0.10447155],"[ -0.20913151   0.07259693 -21.76253099  -2.55123097  -1.30723453
   0.09758072]",[-2.84801951  0.59596131 -2.65255172 -5.55451906 -1.32351148 -0.04258357],"[ 2.20081717e+01  2.28333750e+00  6.92453324e-01 -1.32396316e+01
 -1.31343335e+00 -8.42906457e-03]","[ 6.86232920e-01  2.68144180e-02 -5.88506959e+01  4.23852849e+01
 -1.29719014e+00 -1.54455932e-01]","[ 1.83037897e+00  2.68227422e-02  5.88774376e+01 -1.05768024e+02
 -1.35422089e+00  9.89768361e-02]",[-2.70485811  0.06976744 19.97833467 56.03856047 -0.52285889 -1.02910192],"[-3.06034823e-01  7.68628824e-03  2.02983414e+02  6.41199931e+01
 -1.23258726e+00  3.87522735e-01]",007,RP
620,0,0.3778355213885902,0,[-0.58064232  0.20592574  7.66520818  6.45074423 -1.29647939 -0.1441817 ],"[ -0.25274559   0.06687047 -23.6018511   -3.96526382  -1.29983711
   0.14856121]",[-3.21865382  0.59789366 -2.6441396  -6.51057002 -1.32396192  0.03280721],"[ 23.42485448   2.2403644    0.70560296 -14.52864666  -1.31115123
  -0.04914749]","[ 6.68662048e-01  2.92901658e-02 -5.39296636e+01  3.80607193e+01
 -1.30303565e+00 -1.08829641e-01]","[ 1.84677423e+00  2.72278370e-02  5.80392221e+01 -1.05185340e+02
 -1.34464382e+00 -6.34920942e-02]","[-2.67710145e+00  2.72179186e-02  3.09222636e+01  8.47820367e+01
 -4.52259891e-01 -9.74828583e-01]","[-3.00768701e-01  9.47353343e-03  1.66064834e+02  5.19471045e+01
 -1.28900291e+00  2.42288233e-01]",007,RP
621,0,0.3778355213885902,0,[-0.4583952   0.18414934  8.56075013  5.92420681 -1.28612376 -0.19056518],"[ -0.29214875   0.05932287 -26.55527707  -5.75809107  -1.2854998
   0.2109183 ]",[-3.58073804  0.56950842 -2.7732022  -7.93011063 -1.31774498  0.11337995],"[ 24.79617355   2.13824359   0.73895161 -16.3231724   -1.30720737
  -0.09092538]","[ 6.49683758e-01  3.11698832e-02 -5.07030694e+01  3.49409607e+01
 -1.30432556e+00 -7.53232144e-02]","[ 1.86276570e+00  2.50470885e-02  6.29041270e+01 -1.15175650e+02
 -1.30992066e+00 -2.00603192e-01]","[-2.67441363e+00  2.18117225e-02 -5.54924965e+01 -1.46409889e+02
 -7.74907780e-01 -7.17151458e-01]","[-2.94504202e-01  1.07720896e-02  1.46523644e+02  4.51518288e+01
 -1.31020447e+00  1.43613916e-01]",007,RP
622,0,0.4606198751508994,0,[-0.35087404  0.15918477  9.88347855  5.46785603 -1.26920568 -0.24606412],"[ -0.32629167   0.05022223 -31.2630895   -8.20088566  -1.25885392
   0.28964067]","[ -3.91478171   0.51104722  -3.0819308  -10.06508633  -1.29959379
   0.21264401]","[ 26.08474582   1.97997726   0.7972951  -18.79724002  -1.30116873
  -0.13900827]","[ 6.29640306e-01  3.25467628e-02 -4.85698622e+01  3.25815429e+01
 -1.30384683e+00 -5.20346959e-02]","[ 1.87691480e+00  2.10254615e-02  7.44580529e+01 -1.37751421e+02
 -1.25115352e+00 -3.38745525e-01]","[-2.68784636e+00  3.49720263e-02 -4.43293468e+01 -1.17150474e+02
 -1.30389020e+00 -4.06449530e-01]","[-2.87555010e-01  1.15773002e-02  1.36511174e+02  4.12544720e+01
 -1.31640140e+00  7.11260559e-02]",007,RP
623,0,0.4606198751508994,0,[-0.25968475  0.13211481 11.87147034  5.08283975 -1.2419386  -0.31275024],"[ -0.35435193   0.04001483 -38.99694468 -11.81864251  -1.20956021
   0.39311641]","[ -4.20167686   0.42370142  -3.69096408 -13.5082384   -1.25161508
   0.35258387]","[ 27.25408071   1.76650127   0.8920487  -22.31196721  -1.28990573
  -0.20178529]","[ 6.08825329e-01  3.35260481e-02 -4.71566878e+01  3.07101860e+01
 -1.30352828e+00 -3.54659203e-02]","[ 1.88824525e+00  1.59078144e-02  9.71111734e+01 -1.81369712e+02
 -1.14697159e+00 -5.07982405e-01]","[-2.71001667e+00  4.17063607e-02 -3.78645573e+01 -1.00613582e+02
 -1.36528897e+00 -9.21105873e-02]","[-2.80219211e-01  1.19290595e-02  1.32539519e+02  3.91401196e+01
 -1.31548309e+00  1.60375031e-02]",007,RP
624,0,0.4606198751508994,0,[-0.18563224  0.10437176 14.95481825  4.77609642 -1.19939381 -0.39282071],"[-3.75822768e-01  2.93093216e-02 -5.25689516e+01 -1.77566089e+01
 -1.11358332e+00  5.38919476e-01]","[ -4.42340896   0.31097728  -4.92069094 -19.76622838  -1.11239282
   0.57776513]","[ 28.26803067   1.49762984   1.04814675 -27.62904452  -1.26442515
  -0.29230343]","[ 5.87492863e-01  3.41628723e-02 -4.62806745e+01  2.91895660e+01
 -1.30440703e+00 -2.08731573e-02]","[ 1.89619185e+00  1.03649578e-02  1.43457858e+02 -2.70023622e+02
 -9.10433062e-01 -7.64312573e-01]","[-2.73557120e+00  4.24616156e-02 -3.72194022e+01 -9.98163248e+01
 -1.33082157e+00  6.65280814e-02]","[-2.72764168e-01  1.18932530e-02  1.32934333e+02  3.82597228e+01
 -1.31202537e+00 -2.73552990e-02]",007,RP
625,0,0.4606198751508994,0,[-0.12859501  0.07758701 19.96525763  4.56743258 -1.13409282 -0.49062653],"[-3.90565977e-01  1.88294551e-02 -7.91132527e+01 -2.88989448e+01
 -8.98075822e-01  7.67394736e-01]","[ -4.56409537   0.18311264  -7.49576059 -32.21136619  -0.66044353
   0.93210444]","[ 29.09098403   1.17527845   1.32297144 -36.48654106  -1.20023164
  -0.43431661]","[ 5.65896894e-01  3.44199529e-02 -4.59364783e+01  2.79953104e+01
 -1.30673638e+00 -2.96661362e-03]","[ 1.90049946e+00  5.18699089e-03  2.25419562e+02 -4.26409755e+02
 -4.09775364e-01 -1.01367911e+00]","[-2.76120859e+00  3.99424382e-02 -3.95246593e+01 -1.07135829e+02
 -1.29490897e+00  1.37805687e-01]","[-2.65422602e-01  1.15331386e-02  1.37046020e+02  3.83751113e+01
 -1.30860642e+00 -6.56465791e-02]",007,RP
626,0,0.4606198751508994,0,[-0.08751686  0.05330989 28.67959912  4.50994833 -1.02977744 -0.61708207],"[-3.98814141e-01  9.53672271e-03 -1.32713871e+02 -5.09281684e+01
 -3.92290561e-01  1.07108052e+00]",[-4.6112102   0.09893609  0.06365193  2.29351241 -1.71969233  0.2510367 ],"[ 29.68924897   0.80887682   1.8643419  -53.35091077  -1.01365945
  -0.67874442]","[ 5.44346941e-01  3.41567276e-02 -4.62882316e+01  2.71968573e+01
 -1.30991303e+00  2.33845219e-02]","[ 1.90109207e+00  3.98952648e-03 -2.01457376e+02  3.84989018e+02
 -7.95291998e-01 -7.17997613e-01]","[-2.78533813e+00  3.64151046e-02 -4.33438068e+01 -1.18727158e+02
 -1.27599547e+00  1.48709397e-01]","[-2.58400747e-01  1.08829710e-02  1.45147772e+02  3.95062927e+01
 -1.30531866e+00 -1.07335997e-01]",007,RP
627,0,0.4606198751508994,0,"[-6.05322043e-02  3.27457881e-02  4.54316461e+01  4.75007769e+00
 -8.41998386e-01 -7.97713221e-01]","[-4.01127292e-01  5.06570498e-03  7.95781394e+01  3.39209636e+01
 -1.50787717e+00  3.18906790e-01]",[-4.55674714  0.19692074  6.87923634 33.34694053 -0.57549247  0.98385638],"[ 30.03365317   0.43426092   2.88314531 -84.5913864   -0.49010057
  -0.98989266]","[ 5.23260355e-01  3.31522804e-02 -4.76769993e+01  2.69474836e+01
 -1.31221946e+00  6.28663802e-02]","[ 1.89794481e+00  8.61584343e-03 -1.67999954e+02  3.20854641e+02
 -7.72279076e-01 -8.69389627e-01]","[-2.80755049e+00  3.32683579e-02 -4.74714074e+01 -1.31278373e+02
 -1.27463056e+00  1.21087469e-01]","[-2.51894969e-01  9.93901723e-03  1.58735983e+02  4.19847955e+01
 -1.29923629e+00 -1.62544913e-01]",007,RP
628,0,0.4606198751508994,0,"[-4.51959915e-02  1.67027970e-02  8.19117518e+01  5.70208284e+00
 -4.51630103e-01 -1.07096083e+00]","[-3.98322606e-01  9.56722171e-03  1.50603469e+02  6.19887661e+01
 -8.62407795e-01  8.14198631e-01]",[-4.39806209  0.35081772  4.3256184  21.0243383  -1.0358483   0.6481623 ],[30.10263049  0.29860203 -1.98463389 61.74270054 -1.13172784 -0.53775436],"[ 5.03195714e-01  3.11535464e-02 -5.06908080e+01  2.75073973e+01
 -1.31043876e+00  1.20558256e-01]","[ 1.89099661e+00  1.43660210e-02 -1.06504889e+02  2.03400384e+02
 -1.05726241e+00 -6.02035609e-01]","[-2.82810433e+00  3.10564375e-02 -5.08857162e+01 -1.41910114e+02
 -1.28135524e+00  7.95900687e-02]","[-2.46109780e-01  8.67116455e-03  1.81426959e+02  4.66509491e+01
 -1.28290030e+00 -2.44441168e-01]",007,RP
629,0,0.3471893636572858,0,"[-3.87485745e-02  6.26213438e-03  1.08578248e+02  6.20725234e+00
 -7.09809018e-01 -8.23431396e-01]","[-3.91399282e-01  1.47203354e-02  1.05329911e+02  4.32260516e+01
 -1.22150431e+00  4.49798162e-01]",[-4.13822803  0.50314612  3.09171569 14.7942245  -1.19877747  0.43042847],[29.88475364  0.64016449 -2.22737488 68.56454951 -0.73534136 -0.89682697],"[ 4.84858073e-01  2.79347737e-02 -5.63999616e+01  2.93459767e+01
 -1.29822215e+00  2.04633296e-01]","[ 1.88012561e+00  2.05757760e-02 -7.54920563e+01  1.43934548e+02
 -1.16037822e+00 -4.57106828e-01]","[-2.84755688e+00  2.98394223e-02 -5.29817381e+01 -1.48868513e+02
 -1.28549538e+00  3.70279698e-02]","[-2.41269674e-01  7.04693330e-03  2.21590212e+02  5.54629982e+01
 -1.23622143e+00 -3.76236284e-01]",007,RP
630,0,0.3471517316091203,0,"[-3.83458797e-02  5.47785530e-03 -2.39093173e+02 -7.16823806e+00
 -9.40477530e-01 -6.52070070e-01]","[-3.81474021e-01  1.83818940e-02  8.56176122e+01  3.46608948e+01
 -1.31738924e+00  2.24624423e-01]",[-3.78589512  0.63961475  2.45412171 11.29104741 -1.26529746  0.29260984],[29.38018906  1.06588516 -1.43694726 44.21778231 -1.0916387  -0.58268136],"[ 4.69070838e-01  2.33598047e-02 -6.70346393e+01  3.34439944e+01
 -1.25937159e+00  3.32221885e-01]","[ 1.86518531e+00  2.71285830e-02 -5.76418048e+01  1.09512648e+02
 -1.21380938e+00 -3.64901677e-01]","[-2.86656653e+00  2.96050913e-02 -5.34057551e+01 -1.51091150e+02
 -1.28270195e+00 -1.14709922e-02]","[-2.37619675e-01  5.06612825e-03  3.00682387e+02  7.34480511e+01
 -1.08651102e+00 -6.09023497e-01]",007,RP
631,0,0.3469432974906286,0,"[-4.12288345e-02  7.53995263e-03 -2.08089679e+02 -6.57929493e+00
 -1.51415777e+00 -1.30253108e-01]","[-3.69729630e-01  2.02338847e-02  7.80986364e+01  3.08753799e+01
 -1.34341370e+00  6.66138446e-02]",[-3.35476694  0.75140707  2.09762538  9.03704428 -1.29704945  0.19356091],[28.60115266  1.4781724  -1.05525436 32.18149093 -1.21534663 -0.39583865],"[ 4.56714978e-01  1.74572517e-02 -8.80380042e+01  4.22082752e+01
 -1.14031362e+00  5.42895216e-01]","[ 1.84608380e+00  3.38113916e-02 -4.64325984e+01  8.77184678e+01
 -1.24891285e+00 -2.93724967e-01]","[-2.88582562e+00  3.04738057e-02 -5.18633698e+01 -1.47668641e+02
 -1.27569664e+00 -7.03066409e-02]","[-2.35413100e-01  2.87479181e-03  4.56676543e+02  1.09507641e+02
 -5.86321142e-01 -9.51409207e-01]",007,RP
632,0,0.3469432974906286,0,"[-4.48459509e-02  6.78254012e-03 -2.24563056e+02 -8.07074376e+00
 -1.31365735e+00  4.78925850e-01]","[-3.57368697e-01  2.02245148e-02  7.81335296e+01  2.99224776e+01
 -1.34086301e+00 -6.98081796e-02]",[-2.8628308   0.83197514  1.89835283  7.43466296 -1.31316643  0.11410311],[27.57162609  1.8484783  -0.84989963 25.43311471 -1.26828339 -0.27634988],"[ 4.48645188e-01  1.06204120e-02 -1.32420998e+02  6.14100438e+01
 -7.36376655e-01  8.92705966e-01]","[ 1.82287961e+00  4.02741279e-02 -3.90869353e+01  7.32507773e+01
 -1.27425164e+00 -2.31739955e-01]","[-2.90603639e+00  3.25753677e-02 -4.84765041e+01 -1.38874485e+02
 -1.27110712e+00 -1.25960543e-01]","[-2.34888222e-01  1.87148136e-03 -2.17592308e+02 -4.91098704e+01
 -1.38516929e+00 -4.22229147e-01]",007,RP
633,0,0.3469413735704973,0,"[-4.69510154e-02  4.18001370e-03 -2.03402112e+02 -7.54993567e+00
 -1.01329936e+00  4.91677657e-01]","[-3.45561509e-01  1.84413120e-02  8.53889561e+01  3.15071365e+01
 -1.31346648e+00 -2.13397373e-01]",[-2.33147358  0.87655561  1.80344838  6.20469225 -1.32075214  0.04383164],[26.3267031   2.15725922 -0.73075722 21.23842841 -1.29525559 -0.18911945],"[ 4.45597398e-01  5.46190398e-03 -4.44549876e+01  2.18090268e+01
 -1.63178185e+00  2.83223557e-01]","[ 1.79586344e+00  4.60773137e-02 -3.42296157e+01  6.34717152e+01
 -1.29296502e+00 -1.74134829e-01]","[-2.92785407e+00  3.57997702e-02 -4.40797105e+01 -1.27058959e+02
 -1.27431810e+00 -1.57199097e-01]","[-2.36238207e-01  4.11623806e-03 -3.38792307e+02 -7.80356870e+01
 -6.33611201e-01 -9.58948407e-01]",007,RP
634,0,0.3469413735704973,0,"[-4.56844482e-02  6.72269755e-03  1.63511936e+02  9.46995257e+00
 -3.05887537e-01  1.07583497e+00]","[-3.35384688e-01  1.50987498e-02  1.03219378e+02  3.66181987e+01
 -1.23893308e+00 -3.97110458e-01]",[-1.78456976  0.88198001  1.79254428  5.19892032 -1.32238186 -0.02461359],[24.91199358  2.38745473 -0.6615021  18.47933611 -1.31060213 -0.11721298],"[ 4.48100986e-01  1.01646677e-02  1.29212997e+02 -5.59004714e+01
 -5.03175145e-01  1.01474147e+00]","[ 1.76560079e+00  5.07564847e-02 -3.11152300e+01  5.69370748e+01
 -1.30638062e+00 -1.18427240e-01]","[-2.95180559e+00  3.97522569e-02 -3.96948093e+01 -1.15171360e+02
 -1.28274298e+00 -1.58738682e-01]","[-2.39580991e-01  7.18310911e-03 -2.11710703e+02 -4.87218600e+01
 -1.03807621e+00 -6.39032950e-01]",007,RP
635,0,0.3469413735704973,0,"[-3.96228824e-02  1.46193545e-02  9.96205824e+01  5.94725462e+00
 -7.74561463e-01  8.65924788e-01]","[-3.27759530e-01  1.05648926e-02  1.42464526e+02  4.86941062e+01
 -1.02332819e+00 -6.79120346e-01]",[-1.24753544  0.84660831  1.86603631  4.32794643 -1.31776867 -0.09821156],[23.38318297  2.5231465  -0.6264967  16.64948703 -1.31948661 -0.05079196],"[ 4.56406410e-01  1.87480152e-02  8.04876237e+01 -3.47350674e+01
 -9.99661440e-01  6.84273684e-01]","[  1.73292951   0.05388486 -29.33262518  52.83137182  -1.31496367
  -0.06305293]","[-2.97825612e+00  4.40061669e-02 -3.58694031e+01 -1.04828269e+02
 -1.28792409e+00 -1.45093283e-01]","[-2.44936419e-01  1.03057640e-02 -1.50857359e+02 -3.49504613e+01
 -1.18849989e+00 -4.39506178e-01]",007,RP
636,0,0.4491927452883173,0,"[-2.77706103e-02  2.42345671e-02  6.30866305e+01  3.75195423e+00
 -1.05490225e+00  6.07305120e-01]","[-3.23402236e-01  5.63550309e-03  2.12152641e+02  7.06106384e+01
 -4.84158502e-01 -9.66811222e-01]",[-0.74628505  0.77051475  2.04605364  3.52693924 -1.3032638  -0.18553887],"[ 2.18054127e+01  2.54973672e+00 -6.20073104e-01  1.55209500e+01
 -1.32319702e+00  1.74575396e-02]","[ 4.70436432e-01  2.74467248e-02  5.65640299e+01 -2.46097804e+01
 -1.18418022e+00  4.54237757e-01]","[ 1.69891909e+00  5.51309706e-02 -2.86786863e+01  5.07227677e+01
 -1.31879740e+00 -6.76824795e-03]","[-3.00746009e+00  4.84139325e-02 -3.26109658e+01 -9.60761780e+01
 -1.28589100e+00 -1.35607642e-01]","[-2.52216129e-01  1.32270345e-02 -1.18568615e+02 -2.79049171e+01
 -1.25388887e+00 -3.10647846e-01]",007,RP
637,0,0.4616289252399676,0,"[-9.49336495e-03  3.46646452e-02  4.48199723e+01  2.42549235e+00
 -1.16727567e+00  4.52725328e-01]","[-3.22789995e-01  4.41185991e-03 -1.69680109e+02 -5.27710413e+01
 -8.68528855e-01 -6.76485765e-01]",[-0.30602816  0.65599075  2.39166213  2.73191595 -1.2685665  -0.3001614 ],[20.25197961  2.45532558 -0.64344694 15.03107431 -1.32028701  0.09470109],"[ 4.89767230e-01  3.53337775e-02  4.43887901e+01 -1.97401748e+01
 -1.26020757e+00  3.07739768e-01]","[  1.66479472   0.05431265 -29.1045364   50.45307851  -1.31749009
   0.05156204]","[-3.03964575e+00  5.31602629e-02 -2.96978636e+01 -8.82709849e+01
 -1.28128123e+00 -1.38147745e-01]","[-2.61227767e-01  1.57711415e-02 -9.98572893e+01 -2.40854967e+01
 -1.28600164e+00 -2.18598822e-01]",007,RP
638,0,0.4616289252399676,0,"[ 1.55616180e-02  4.54973586e-02  3.43895465e+01  1.46484301e+00
 -1.21988081e+00  3.55316603e-01]","[-3.26139562e-01  9.38427053e-03 -1.53783490e+02 -4.81548801e+01
 -7.90608559e-01 -8.61124097e-01]",[ 0.05013178  0.5083418   3.04881149  1.84715765 -1.1834272  -0.46902811],[18.80179833  2.23333312 -0.70577168 15.26977677 -1.30552166  0.19029415],"[  0.51364361   0.04181397  37.68428647 -17.35629311  -1.29668195
   0.20151421]","[ 1.63182454e+00  5.14472825e-02 -3.07004836e+01  5.20978026e+01
 -1.30997938e+00  1.12531474e-01]","[-3.07503388e+00  5.84414247e-02 -2.70111911e+01 -8.10603279e+01
 -1.28202185e+00 -1.42970767e-01]","[-2.71690306e-01  1.78103173e-02 -8.86169433e+01 -2.20763645e+01
 -1.30287882e+00 -1.47194818e-01]",007,RP
639,0,0.4616289252399676,0,[ 0.04749921  0.05640233 27.8456852   0.67735194 -1.25129648  0.28591876],"[-3.33392804e-01  1.51520067e-02 -1.01481351e+02 -3.18331523e+01
 -1.12738989e+00 -5.46117964e-01]",[ 0.30274431  0.33761687  4.40392853  0.66673569 -0.93924451 -0.74873998],[17.53519732  1.88606157 -0.83084692 16.56906464 -1.26484042  0.32018034],"[  0.54102877   0.04644942  34.00045377 -16.39522354  -1.31441916
   0.1163276 ]","[ 1.60118126e+00  4.67873148e-02 -3.37083713e+01  5.59732123e+01
 -1.29507538e+00  1.75484066e-01]","[-3.11371119e+00  6.39831299e-02 -2.46772054e+01 -7.48376906e+01
 -1.29243756e+00 -1.32101282e-01]","[-2.83254545e-01  1.92544224e-02 -8.20650742e+01 -2.12453053e+01
 -1.31193582e+00 -8.73919266e-02]",007,RP
640,0,0.4616289252399676,0,[ 0.08612961  0.06688581 23.54023794 -0.02751162 -1.27569838  0.22652234],"[-3.44204664e-01  2.03610190e-02 -7.68342993e+01 -2.44467242e+01
 -1.25058912e+00 -3.48410740e-01]",[ 0.43750333  0.17031738  6.43579128 -0.81568011 -0.47169002 -0.94389237],[16.52817322  1.42888566 -1.07901513 19.83414905 -1.15521899  0.5178033 ],"[  0.57068392   0.04897511  32.27818788 -16.42064282  -1.32122497
   0.04312555]","[ 1.57380355e+00  4.08163525e-02 -3.85578554e+01  6.26824898e+01
 -1.27256192e+00  2.38195602e-01]","[-3.15534660e+00  6.87699225e-02 -2.29750199e+01 -7.04941509e+01
 -1.31054927e+00 -9.29892629e-02]","[-2.95524613e-01  2.00442335e-02 -7.88732789e+01 -2.13089952e+01
 -1.31614171e+00 -3.35858959e-02]",007,RP
641,0,0.4616289252399676,0,[ 0.13085584  0.07616034 20.7129624  -0.71041218 -1.29657669  0.16702123],"[-3.57936664e-01  2.44082693e-02 -6.45402543e+01 -2.11013233e+01
 -1.30684412e+00 -2.05645287e-01]",[ 0.44639211  0.15229043 -6.05559925  4.70317174 -0.62891721 -0.8163048 ],[15.84594557  0.89917118 -1.60694933 27.46363165 -0.81721198  0.84416516],"[ 6.01267831e-01  4.93148940e-02  3.20594297e+01 -1.72763038e+01
 -1.32070481e+00 -2.32633775e-02]","[ 1.55028275e+00  3.41874373e-02 -4.59172260e+01  7.31846833e+01
 -1.24400272e+00  2.96647468e-01]","[-3.19883426e+00  7.11600943e-02 -2.22169409e+01 -6.90683116e+01
 -1.32953684e+00 -2.04752046e-02]","[-3.08080271e-01  2.01532727e-02 -7.84518558e+01 -2.21694690e+01
 -1.31632459e+00  1.75160836e-02]",007,RP
642,0,0.4616289252399676,0,[ 0.18055242  0.08321003 18.98452448 -1.42770177 -1.31289625  0.10331084],"[-3.73670879e-01  2.68117578e-02 -5.89296888e+01 -2.00203086e+01
 -1.33354304e+00 -8.35234454e-02]",[ 0.3282187   0.31468308 -4.65838636  3.52896953 -0.86644526 -0.8068831 ],[15.53706456  0.43401387 -1.56811167 26.36385226 -1.01857493  0.58430604],"[  0.6314408    0.04756521  33.21986244 -18.97637655  -1.31452398
  -0.08693316]","[ 1.53079415e+00  2.76160592e-02 -5.67069746e+01  8.88067048e+01
 -1.21351341e+00  3.43505014e-01]","[-3.24203014e+00  6.92886959e-02 -2.27995443e+01 -7.19168098e+01
 -1.33819829e+00  9.11605262e-02]","[-3.20501189e-01  1.95964668e-02 -8.06533317e+01 -2.38494887e+01
 -1.31252357e+00  6.75191057e-02]",007,RP
643,0,0.4549485120538851,0,[ 0.23350949  0.08701843 18.16750376 -2.24228456 -1.32267309  0.03454299],"[-3.90263774e-01  2.72306393e-02 -5.80505712e+01 -2.06550350e+01
 -1.33923219e+00  3.46757797e-02]",[ 0.08841617  0.49190956 -3.13815709  2.27746382 -1.15232148 -0.51081303],"[ 15.62923328   0.61721573   1.96708549 -28.74403803  -0.44638938
   1.00488525]","[  0.6599587    0.0439559   35.90181883 -21.69371772  -1.30267406
  -0.15213532]","[ 1.51509195e+00  2.17632793e-02 -7.18787045e+01  1.10902846e+02
 -1.18974914e+00  3.64602504e-01]","[-3.28174778e+00  6.16100243e-02 -2.55033371e+01 -8.16955199e+01
 -1.31274808e+00  2.58720264e-01]","[-3.32393057e-01  1.84364322e-02 -8.56646454e+01 -2.64743334e+01
 -1.30475182e+00  1.17156607e-01]",007,RP
644,0,0.4549485120538851,0,[ 0.28749636  0.08682896 18.20641429 -3.23427784 -1.3243585  -0.03969657],"[-4.06447715e-01  2.55502112e-02 -6.17400850e+01 -2.30941165e+01
 -1.32284492e+00  1.60288360e-01]",[-0.26180653  0.65228672 -2.4004439   1.37154812 -1.24895475 -0.3368314 ],"[ 16.12748129   1.18475788   1.26503193 -18.40177878  -0.97207592
   0.71583773]","[ 6.85749624e-01  3.88131549e-02  4.05682763e+01 -2.58196802e+01
 -1.28307892e+00 -2.23762456e-01]","[ 1.50257874e+00  1.71378818e-02 -9.14343821e+01  1.39387358e+02
 -1.18639272e+00  3.36990192e-01]","[-3.31407698e+00  4.75350311e-02 -3.23274731e+01 -1.05135734e+02
 -1.17768414e+00  5.26106974e-01]","[-3.43414208e-01  1.67806815e-02 -9.40092507e+01 -3.02841124e+01
 -1.29299753e+00  1.66977620e-01]",007,RP
645,0,0.4549485120538851,0,[ 0.33993487  0.08229767 19.18759607 -4.52253303 -1.31655049 -0.12199818],"[-4.20963476e-01  2.19239377e-02 -7.15160586e+01 -2.81056487e+01
 -1.27491520e+00  3.08393913e-01]",[-0.70672389  0.78623979 -2.00249359  0.58478994 -1.28794456 -0.22478726],"[ 17.01473046   1.75964305   0.88154386 -12.99923124  -1.18247213
   0.46207538]","[ 7.07971426e-01  3.25367636e-02  4.82112307e+01 -3.21321737e+01
 -1.25083051e+00 -3.08014597e-01]","[ 1.49243684e+00  1.40231479e-02 -1.12230095e+02  1.69496328e+02
 -1.21063893e+00  2.41533130e-01]","[-3.33496275e+00  2.86242668e-02 -4.70712081e+01 -1.54980725e+02
 -6.73572057e-01  9.09680402e-01]","[-3.53300928e-01  1.47720370e-02 -1.06624985e+02 -3.56707062e+01
 -1.27689624e+00  2.17156102e-01]",007,RP
646,0,0.4490237453327521,0,[ 0.38810456  0.07346694 21.43220373 -6.3179359  -1.29570358 -0.22090137],"[-4.32685326e-01  1.67386310e-02 -9.21666159e+01 -3.78791423e+01
 -1.15983482e+00  5.11991678e-01]",[-1.22751934  0.88913519 -1.77518455 -0.17907336 -1.3053142  -0.14453499],"[ 18.25444181   2.27386676   0.68970495 -10.59017884  -1.2597319
   0.30914678]","[ 7.26048101e-01  2.55807169e-02  6.09076915e+01 -4.22219138e+01
 -1.19565587e+00 -4.14892488e-01]","[ 1.48378922e+00  1.24168881e-02 -1.27217850e+02  1.90764475e+02
 -1.24584288e+00  1.00002358e-01]","[-3.34089700e+00  1.76591841e-02  1.34446844e+01  4.69173058e+01
 -1.58757486e+00  3.13315026e-01]","[-3.61888505e-01  1.25784348e-02 -1.24978823e+02 -4.32283995e+01
 -1.25614263e+00  2.66152284e-01]",007,RP
647,0,0.4402108888515396,0,[ 0.42928691  0.06060318 25.7951062  -9.07350138 -1.24705975 -0.35900036],"[-4.40697369e-01  1.05869550e-02 -1.36800211e+02 -5.82874929e+01
 -8.26844158e-01  8.37128070e-01]",[-1.80367807  0.9589764  -1.647832   -0.97215845 -1.31284813 -0.08197207],[19.79475737  2.698686    0.58380735 -9.55632489 -1.29281966  0.20619528],"[ 7.39682120e-01  1.84230908e-02  8.33968017e+01 -5.96871231e+01
 -1.09128250e+00 -5.65408868e-01]","[ 1.47585936e+00  1.20079478e-02 -1.31662652e+02  1.96315558e+02
 -1.27269685e+00 -1.75290948e-02]","[-3.32954343e+00  3.71421566e-02  3.71231335e+01  1.25603085e+02
 -6.27521213e-01  9.59170345e-01]","[-3.69124128e-01  1.03828180e-02 -1.51109405e+02 -5.37781273e+01
 -1.23222816e+00  3.08764627e-01]",007,RP
648,0,0.4402108888515396,0,"[  0.46080034   0.04409379  34.62202565 -13.95384115  -1.10346112
  -0.59187801]","[-4.44297940e-01  5.15378297e-03 -1.30146037e+02 -5.58236163e+01
 -1.05910325e+00  5.58543322e-01]",[-2.41417969  0.99564447 -1.58790684 -1.83349244 -1.31511689 -0.02981193],[21.57326332  3.01879348  0.52302093 -9.28326817 -1.30756903  0.13028857],"[ 7.48840809e-01  1.15437974e-02  1.27956103e+02 -9.38187518e+01
 -8.51542133e-01 -8.06610397e-01]","[ 1.46810470e+00  1.22627159e-02 -1.28899991e+02  1.91238683e+02
 -1.29566063e+00 -6.13354821e-02]","[-3.30012446e+00  6.42215458e-02  2.37280534e+01  8.03055293e+01
 -1.07245261e+00  6.14997308e-01]","[-3.75067907e-01  8.36680757e-03 -1.87280509e+02 -6.82429084e+01
 -1.21070778e+00  3.34546010e-01]",007,RP
649,0,0.4402108888515396,0,"[ 4.79934758e-01  2.52601974e-02  5.20038529e+01 -2.29584566e+01
 -6.08124626e-01 -9.33735427e-01]","[-4.42939618e-01  7.86433508e-03  1.54121290e+02  7.02664254e+01
 -3.84309391e-01  1.05058680e+00]",[-3.03842996  1.0004583  -1.58035209 -2.80178913 -1.31418664  0.01629038],[23.52160092  3.22808921  0.48959729 -9.51611214 -1.31364962  0.07027914],"[ 7.53717391e-01  5.60041205e-03  2.10555563e+02 -1.56699390e+02
 -3.53297013e-01 -1.06178828e+00]","[ 1.46029400e+00  1.25942314e-02 -1.25529024e+02  1.85309280e+02
 -1.31838136e+00 -3.36154694e-02]",[-3.25343693  0.08981176 17.36618266 58.49978008 -1.22619004  0.39339348],"[-3.79879134e-01  6.68439930e-03 -2.34521559e+02 -8.70898467e+01
 -1.20136295e+00  3.28226694e-01]",007,RP
650,0,0.6157743792894921,0,"[ 4.83841330e-01  1.77275680e-02 -2.62894194e+01  1.47199077e+01
 -1.26078690e+00 -4.99765224e-01]","[-4.36141335e-01  1.59262753e-02  9.31945520e+01  4.26459963e+01
 -8.72610032e-01  7.86839004e-01]",[-3.65703515  0.97587177 -1.6197465  -3.92346987 -1.31085226  0.05931671],"[ 2.55696572e+01  3.32717597e+00  4.75194688e-01 -1.01505653e+01
 -1.31519880e+00  1.96335735e-02]","[ 7.54674425e-01  3.67991354e-03 -1.99938328e+02  1.52888342e+02
 -9.98789792e-01 -5.73457708e-01]","[ 1.45250422e+00  1.25108425e-02 -1.26349482e+02  1.85523156e+02
 -1.33118022e+00  4.37853090e-02]",[-3.19145018  0.11155889 14.09375422 46.97951444 -1.27955018  0.25742967],"[-3.83787695e-01  5.43302557e-03 -2.89281112e+02 -1.09022531e+02
 -1.21209913e+00  2.75883645e-01]",007,RP
651,0,0.6350519146205442,0,"[  0.46945987   0.04168218 -33.23354632  17.60181647  -0.55994553
  -1.00406989]","[-4.23420603e-01  2.53899036e-02  6.05092185e+01  2.76208498e+01
 -1.07832584e+00  5.70493299e-01]",[-4.2525616   0.92538887 -1.70718795 -5.2599219  -1.3050165   0.10109792],"[ 2.76493384e+01  3.32154441e+00  4.75991462e-01 -1.11608490e+01
 -1.31369885e+00 -2.56895411e-02]","[ 7.52184424e-01  7.30568489e-03 -2.00583764e+02  1.52875983e+02
 -9.01979472e-01 -7.84825213e-01]","[ 1.44503964e+00  1.17214245e-02 -1.34615213e+02  1.96524319e+02
 -1.32113310e+00  1.51859285e-01]",[-3.11657815  0.12916113 12.21024305 40.05417666 -1.29325381  0.17649135],"[-3.87055276e-01  4.63510562e-03 -3.40233661e+02 -1.29689234e+02
 -1.23805506e+00  1.80085771e-01]",007,RP
652,0,0.6364851197174477,0,"[  0.43355477   0.0768094  -19.61161726  10.50271026  -0.94241691
  -0.71645616]","[-4.04281155e-01  3.58385069e-02  4.33821709e+01  1.95385942e+01
 -1.16475837e+00  4.46536362e-01]",[-4.81031428  0.8537141  -1.84903504 -6.89443967 -1.29629597  0.14202446],"[ 29.69791254   3.22117053   0.49067018 -12.57188008  -1.3094512
  -0.06766006]","[ 7.46780631e-01  1.11684756e-02 -1.38763957e+02  1.05626235e+02
 -1.19468644e+00 -4.64626938e-01]","[ 1.43830391e+00  1.01902671e-02 -1.54124801e+02  2.23678303e+02
 -1.27936074e+00  2.78715120e-01]",[-3.03084038  0.14394254 10.96749249 35.24071917 -1.28977592  0.13905972],"[-3.89934653e-01  4.23914402e-03 -3.72807147e+02 -1.43370425e+02
 -1.26331725e+00  7.09022251e-02]",007,RP
653,0,0.6364851197174477,0,"[  0.37288127   0.11807234 -13.05279984   6.86714459  -1.0969511
  -0.54290415]",[-0.37826162  0.04707477 33.22268847 14.56686793 -1.21270944  0.36328688],[-5.3190512   0.76683596 -2.05642638 -8.93823721 -1.2847993   0.18114506],"[ 31.66110259   3.04120472   0.51942548 -14.44558337  -1.30259502
  -0.10643605]","[ 7.39024481e-01  1.43170287e-02 -1.09678135e+02  8.30548268e+01
 -1.27890530e+00 -2.82126543e-01]","[ 1.43266478e+00  8.11531659e-03 -1.91877466e+02  2.76896087e+02
 -1.20022648e+00  4.20057161e-01]",[-2.93516655  0.15836041  9.96963546 31.26254049 -1.28040307  0.13675636],"[-3.92636004e-01  4.14222259e-03 -3.81694363e+02 -1.47866949e+02
 -1.27990244e+00 -1.28791016e-02]",007,RP
654,0,0.6364851197174477,0,[ 0.2844581   0.16415175 -9.48225521  4.69730432 -1.17375109 -0.43197792],[-0.34502324  0.05877676 26.70437127 11.2136287  -1.24424367  0.29883732],"[ -5.77147701   0.67160398  -2.34533009 -11.5360187   -1.2714909
   0.21698109]","[ 33.49615723   2.80230874   0.56332573 -16.86924733  -1.29363784
  -0.14069267]","[ 7.29491488e-01  1.66116017e-02 -9.49599746e+01  7.12724932e+01
 -1.30909172e+00 -1.65397770e-01]","[ 1.42834352e+00  5.83623420e-03 -2.62982981e+02  3.77630037e+02
 -1.07403207e+00  5.78740327e-01]",[-2.82905838  0.17513759  9.01061084 27.49154411 -1.2714983   0.15594579],"[-3.95306275e-01  4.22271483e-03 -3.74352006e+02 -1.45983697e+02
 -1.29190506e+00 -5.30656392e-02]",007,RP
655,0,0.6364851197174477,0,[ 0.16590555  0.21362786 -7.32603415  3.21542971 -1.21936932 -0.35165911],[-0.30444454  0.07048682 22.32251716  8.79596856 -1.26642674  0.24451814],"[ -6.16432202   0.57470874  -2.73748432 -14.87473487  -1.2577931
   0.24877003]","[ 35.17445513   2.52928781   0.62371581 -19.93886365  -1.28378387
  -0.16802317]","[ 7.18770148e-01  1.80015077e-02 -8.77858112e+01  6.50978205e+01
 -1.32163817e+00 -7.69230652e-02]","[ 1.42534384e+00  3.72750140e-03 -4.02759287e+02  5.76070469e+02
 -8.86366963e-01  7.53244489e-01]",[-2.7107142   0.19627054  8.03552704 23.78201727 -1.26672067  0.17881316],"[-3.98021987e-01  4.36358022e-03 -3.62267693e+02 -1.42190507e+02
 -1.30360013e+00 -5.26209243e-02]",007,RP
656,0,0.6364851197174477,0,[ 0.01579836  0.26463439 -5.93440063  2.09375381 -1.24971618 -0.28764232],[-0.25669372  0.08167585 19.29779109  6.95362184 -1.28223576  0.19682983],"[ -6.49786623   0.48147883  -3.26351892 -19.20590941  -1.24463508
   0.2776931 ]","[ 36.68244391   2.24755372   0.70154876 -23.73452315  -1.27505616
  -0.18601409]","[ 7.07461785e-01  1.84521265e-02 -8.56837165e+01  6.26179550e+01
 -1.32565772e+00  1.91576817e-03]","[ 1.42341311e+00  2.13944198e-03 -6.95448808e+02  9.91910947e+02
 -7.09480199e-01  8.48513895e-01]",[-2.57755011  0.2223886   7.08907759 20.27245274 -1.2674684   0.19158367],"[-4.00791845e-01  4.46145843e-03 -3.54380353e+02 -1.40032755e+02
 -1.31460982e+00 -2.06736988e-02]",007,RP
657,0,0.6689115112115586,0,[-0.16603191  0.31490068 -4.99886141  1.1700295  -1.27116822 -0.23306088],[-0.20225614  0.09182365 17.18605523  5.47598526 -1.29328553  0.15421755],"[ -6.77494446   0.39507233  -3.97149423 -24.9066528   -1.23140049
   0.30788499]","[ 38.01989599   1.97795246   0.79697112 -28.30075927  -1.26962853
  -0.19456811]","[ 6.96170840e-01  1.79504123e-02 -8.80303441e+01  6.32841586e+01
 -1.32161358e+00  8.13872581e-02]","[ 1.42201365e+00  1.55987606e-03 -9.93420313e+02  1.41465725e+03
 -8.18216733e-01 -1.11507857e-01]",[-2.42689806  0.25276518  6.2373521  17.13741768 -1.27252466  0.19000672],"[-4.03566173e-01  4.43188298e-03 -3.56712519e+02 -1.41957106e+02
 -1.32120518e+00  3.54643914e-02]",007,RP
658,0,0.6689115112115586,0,[-0.37830272  0.36193586 -4.35646515  0.35193737 -1.28655447 -0.18451507],[-0.14190913  0.10049193 15.71676995  4.23035314 -1.30053433  0.11604172],"[ -6.9996954    0.31640235  -4.94813443 -32.63543383  -1.21469724
   0.34733903]","[ 39.19554368   1.7317545    0.91016245 -33.67431223  -1.26825417
  -0.19846308]","[ 6.85481302e-01  1.65370164e-02 -9.53838362e+01  6.73838362e+01
 -1.30661916e+00  1.67679074e-01]","[ 1.42029242e+00  2.88987741e-03 -4.95291958e+02  7.05459416e+02
 -3.98609896e-01 -1.06495927e+00]",[-2.25664699  0.28580263  5.51840674 14.45309596 -1.27946248  0.17696778],"[-4.06251698e-01  4.21708941e-03 -3.74526412e+02 -1.50151991e+02
 -1.31815740e+00  1.11654875e-01]",007,RP
659,0,0.6689115112115586,0,[-0.61821465  0.40327318 -3.9144856  -0.41999235 -1.29742388 -0.1402338 ],[-0.07665583  0.10737901 14.71672632  3.12812288 -1.30473075  0.08217717],"[ -7.1764203    0.24472992  -6.37095222 -43.72063081  -1.18578651
   0.40947327]","[ 40.22131414   1.50855131   1.04450795 -40.01148241  -1.26893933
  -0.20744224]","[ 6.75918034e-01  1.43379445e-02 -1.09618719e+02  7.60932693e+01
 -1.27559065e+00  2.66013074e-01]","[ 1.41707154e+00  6.42526570e-03 -2.24027119e+02  3.19462455e+02
 -5.52037349e-01 -9.93957584e-01]",[-2.06571473  0.3195225   4.93868258 12.20190935 -1.28680815  0.15677231],"[-4.08729105e-01  3.79240422e-03 -4.15371665e+02 -1.67774489e+02
 -1.29959299e+00  2.08700070e-01]",007,RP
660,0,0.6689115112115586,0,[-0.88149932  0.43667063 -3.61799092 -1.18925652 -1.30493792 -0.09891907],"[-7.63956404e-03  1.12343605e-01  1.40709200e+01  2.10749569e+00
 -1.30668729e+00  5.25585856e-02]","[ -7.30879755   0.17857767  -8.64864042 -61.21116195  -1.121997
   0.51847101]","[ 41.1069294    1.29879615   1.21204218 -47.82333213  -1.26689239
  -0.2329828 ]","[ 6.67894380e-01  1.15767407e-02 -1.34874467e+02  9.20818987e+01
 -1.21915267e+00  3.82986583e-01]","[ 1.41090378e+00  1.24489520e-02 -1.19149784e+02  1.70108880e+02
 -7.80978983e-01 -8.32893102e-01]",[-1.85435416  0.35174847  4.48881082 10.32384503 -1.29433697  0.13164061],"[-4.10868991e-01  3.16346002e-03 -4.94809556e+02 -2.01301903e+02
 -1.25410654e+00  3.39431232e-01]",007,RP
661,2,0.6970230931548466,1,[-1.16255138  0.46019415 -3.43479335 -1.99312375 -1.30999284 -0.05909926],[ 0.06393935  0.11538251 13.70259724  1.12386484 -1.30727622  0.02670217],"[ -7.39952479   0.11677608 -12.84849496 -93.07275701  -0.94851086
   0.72463967]","[ 41.85650153   1.08984618   1.44105275 -58.31742653  -1.25462748
  -0.28555775]","[ 6.61655891e-01  8.56213741e-03 -1.80195683e+02  1.21227535e+02
 -1.11937560e+00  5.27559263e-01]","[ 1.40022004e+00  2.10511961e-02 -7.21017444e+01  1.02958308e+02
 -9.64025074e-01 -6.78535509e-01]",[-1.62434193  0.38003853  4.15697995  8.75235684 -1.30191965  0.10165165],"[-4.12542276e-01  2.35534955e-03 -6.52372107e+02 -2.67131074e+02
 -1.13512166e+00  5.46244813e-01]",007,RP
662,2,0.6970230931548466,1,[-1.45461602  0.47221807 -3.34817407 -2.87030765 -1.31302674 -0.01901966],"[ 1.36882971e-01  1.16564853e-01  1.35643809e+01  1.43267237e-01
 -1.30725993e+00  3.42344622e-03]","[-7.45040697e+00  6.09476682e-02 -2.09201482e+01 -1.53863618e+02
 -4.59371208e-01  1.02490948e+00]","[ 42.46815153   0.87233677   1.79079617 -74.05180311  -1.21903947
  -0.3766768 ]","[ 6.57238450e-01  5.65240897e-03 -2.66940757e+02  1.77443729e+02
 -9.44824877e-01  7.10666490e-01]","[ 1.38356100e+00  3.18459617e-02 -4.84046423e+01  6.89707755e+01
 -1.09534513e+00 -5.42222132e-01]",[-1.37910643  0.40164024  3.93526587  7.42715047 -1.30888279  0.06614943],"[-4.13624266e-01  1.42388433e-03 -9.82718114e+02 -4.04476058e+02
 -7.29714914e-01  8.93256573e-01]",007,RP
663,2,0.6970230931548466,1,[-1.75001851  0.47145345 -3.35354855 -3.86877204 -1.31390162  0.02316562],[ 0.21001855  0.11595372 13.63548552 -0.8637049  -1.30706309 -0.01910536],"[-7.46287328e+00  3.67337357e-02  1.27136155e+01  9.68801011e+01
 -1.35914898e+00  4.16067409e-01]","[  42.9365915     0.64442749    2.39297382 -100.74613926   -1.12913748
   -0.52703354]","[ 6.54456022e-01  3.19787997e-03 -4.52261843e+02  2.97985487e+02
 -6.51886145e-01  9.40163794e-01]","[ 1.35985727e+00  4.39581607e-02 -3.54276781e+01  5.01765856e+01
 -1.18647536e+00 -4.22850359e-01]",[-1.12382099  0.4136457   3.82219079  6.29545824 -1.31428525  0.02440405],"[-4.13995195e-01  7.76363154e-04 -1.19378045e+02 -4.74219371e+01
 -1.72107972e+00  2.48022461e-01]",007,RP
664,2,0.6818497995377943,1,[-2.04043825  0.45706435 -3.4579156  -5.05566325 -1.31197965  0.06934879],[ 0.28218796  0.11355352 13.92203076 -1.92862948 -1.30664117 -0.04301149],"[-7.43877101e+00  7.55118493e-02  1.88443511e+01  1.42178813e+02
 -7.56932709e-01  8.83265995e-01]","[  43.25735667    0.41390273    3.58096428 -152.90304912   -0.88987217
   -0.78100556]","[ 6.52921476e-01  1.46494249e-03 -9.28308692e+02  6.08112681e+02
 -2.51221835e-01  1.19075615e+00]","[  1.32870006   0.05612421 -27.93631179  39.11897929  -1.24926306
  -0.31621917]",[-0.86541196  0.41329461  3.82539863  5.31054574 -1.31710814 -0.02487985],"[-4.13541913e-01  1.61405279e-03  8.20236620e+02  3.41202221e+02
 -4.68172174e-01  1.04461418e+00]",007,RP
665,2,0.6356350058195975,1,[-2.31723786  0.42882483 -3.68259837 -6.53345635 -1.30612444  0.1218878 ],[ 0.35221955  0.10930366 14.45969925 -3.09298882 -1.30553094 -0.07038746],[-7.38116081  0.12276614 12.52488813 94.44821338 -1.14226322  0.53979653],"[ 4.34308407e+01  2.04905012e-01  5.73364115e+00 -2.47016855e+02
 -3.75457340e-01 -1.04381867e+00]","[ 6.52096042e-01  6.39207663e-04 -2.29998833e+03  1.50181329e+03
 -5.02542335e-01  4.23893563e-01]","[  1.29053278   0.06686171 -23.55380094  32.39695212  -1.29195504
  -0.21746606]",[-0.61239377  0.39829489  3.96730675  4.42955394 -1.31573485 -0.08443888],"[-4.12163861e-01  3.06297712e-03  4.89844380e+02  2.03896151e+02
 -9.38233338e-01  7.30382506e-01]",007,RP
666,2,0.6356350058195975,1,[-2.57185356  0.38723059 -4.07169066 -8.47179211 -1.29417594  0.18453597],[ 0.41890414  0.10311457 15.32048362 -4.417814   -1.30290696 -0.10324536],[-7.29481554  0.16305622  9.60810286 72.08933807 -1.27080658  0.32169301],"[ 4.34647085e+01  1.37125526e-01 -5.39895482e+00  2.36663998e+02
 -1.00054155e+00 -5.67061533e-01]","[ 6.51359615e-01  1.15073910e-03 -1.17912939e+03  7.70037265e+02
 -1.90087741e-01 -1.22183457e+00]","[  1.24671457   0.074683   -21.14358801  28.36001927  -1.31901426
  -0.12208153]",[-0.37450028  0.36710951  4.2977158   3.60949578 -1.3067644  -0.1595644 ],"[-4.09782386e-01  4.68069241e-03  3.29808725e+02  1.37149806e+02
 -1.12400701e+00  5.21466932e-01]",007,RP
667,2,0.6356350058195975,1,"[ -2.7962279    0.33352677  -4.71308086 -11.17884818  -1.27135162
   0.26409601]",[ 0.48099264  0.09492142 16.62921282 -5.99852893 -1.29749634 -0.14387361],[-7.1861706   0.19206958  8.2099646  60.99820623 -1.31569967  0.17465988],"[ 43.37398427   0.26802078  -5.48182273 239.76849306  -0.93181517
  -0.76495654]","[ 6.50088916e-01  2.62500420e-03 -5.44464523e+02  3.55950351e+02
 -5.77175840e-01 -9.90601172e-01]","[ 1.19944660e+00  7.83268646e-02 -2.01834054e+01  2.62089169e+01
 -1.33225427e+00 -2.57041869e-02]",[-0.16215421  0.31923068  4.92427475  2.79849187 -1.28217752 -0.26066173],"[-4.06348874e-01  6.36174447e-03  2.45329782e+02  1.01689481e+02
 -1.20483621e+00  3.92335771e-01]",007,RP
668,2,0.6356350058195975,1,"[ -2.98323772   0.26969229  -5.79277549 -15.28122632  -1.22564493
   0.37403777]",[ 0.5372167   0.08472483 18.60336528 -7.99403853 -1.2872099  -0.19581949],[-7.06261374  0.20854746  7.57805785 55.52089549 -1.32510099  0.06997552],"[ 43.1788602    0.40316098  -3.85269937 168.35516751  -1.21767398
  -0.4366245 ]","[ 6.47725775e-01  4.84140243e-03 -3.09443310e+02  2.02434408e+02
 -8.87461157e-01 -7.58862845e-01]","[  1.15157337   0.07696821 -20.53027328  25.64211605  -1.33117226
   0.07718489]",[ 0.01419112  0.25551166  6.09605038  1.91349021 -1.21927943 -0.41003902],"[-4.01847511e-01  8.04219213e-03  1.95086373e+02  8.03949734e+01
 -1.24453175e+00  3.06375873e-01]",007,RP
669,2,0.6356350058195975,1,"[ -3.12707614   0.19850649  -7.75222975 -22.24181267  -1.12124877
   0.54371663]","[  0.58632052   0.07260283  21.65005523 -10.69387161  -1.26768057
  -0.26603966]","[-6.93126584e+00  2.13971951e-01  7.38926247e+00  5.32169426e+01
 -1.31765894e+00 -2.60126992e-04]","[ 42.90115525   0.50938345  -3.08603339 134.39439776  -1.28444564
  -0.25990162]","[ 6.43820334e-01  7.64025411e-03 -2.00872270e+02  1.31325652e+02
 -1.06660210e+00 -5.81597965e-01]","[  1.10628117   0.07036169 -22.39620874  26.77650397  -1.31112453
   0.19549687]",[ 0.14484787  0.17887024  8.45727631  0.77498152 -1.03792861 -0.65745593],"[-3.96292180e-01  9.67996106e-03  1.62536205e+02  6.64118271e+01
 -1.26593996e+00  2.46042549e-01]",007,RP
670,2,0.6356350058195975,1,"[ -3.22356305   0.12419217 -11.74840737 -35.87173193  -0.82897064
   0.83241664]","[  0.62709308   0.05870577  26.62029296 -14.69340154  -1.22710851
  -0.36949551]","[-6.79763131e+00  2.12128510e-01  7.45293675e+00  5.26623162e+01
 -1.30404679e+00 -3.49621211e-02]","[ 42.56092205   0.58841841  -2.68095992 116.10412637  -1.29843611
  -0.16608602]","[ 6.38045084e-01  1.08320973e-02 -1.43438228e+02  9.35200562e+01
 -1.16300708e+00 -4.53661123e-01]","[  1.06673564   0.05889964 -26.56129247  30.3338774   -1.25696415
   0.34601106]",[ 0.22181913  0.09785248 13.04963018 -0.89465759 -0.51370063 -0.98633652],"[-3.89721403e-01  1.12445809e-02  1.40154068e+02  5.66210401e+01
 -1.27918474e+00  2.00859309e-01]",007,RP
671,0,0.6392680177388532,0,[-2.98091067  0.65467899  1.5636335   6.66105176  0.20874633  1.47064888],[ 0.60405965  0.10421876 -6.37315828  5.84976779 -0.32512245 -1.08297694],[-6.37153501  0.81483314  1.59902766 12.18826072  0.08875852  1.3768493 ],"[ 4.16042299e+01  1.80382250e+00 -7.52302914e-01  3.32989834e+01
 -3.78218862e-02 -1.28260365e+00]","[  0.60573305   0.06649267 -18.87009558  13.43024052   0.16244006
  -1.43575936]",[ 1.08393657  0.09211346  6.32329204 -4.85404749 -0.49392137  0.95916584],[-0.0932836   0.79535549 -1.36524223  1.87264529  0.23794137 -1.49114708],"[-3.69209190e-01  3.94157619e-02  3.37983928e+01  1.44786772e+01
  2.34544627e-02  1.33043979e+00]",007,RP
672,0,0.6392680177388532,0,[-2.65174847  0.89990373  1.54262624  6.09065677 -1.75035679  0.44493028],[ 0.55572683  0.1538532  -8.52245218  6.73615531 -1.61509376 -0.45330298],[-5.91624754  1.03133594  1.41082892 10.34681312 -1.75810974  0.41253378],[40.67449601  2.10416518 -0.69543497 30.28646709 -1.79701609 -0.35251517],"[  0.57127379   0.08310951 -17.30084677  11.88352039  -1.79955809
  -0.40210426]",[ 1.12249832  0.13223869  9.74300842 -8.93651053 -1.64861263  0.41541533],[-0.48012735  1.04717601 -1.3344682   1.35928532 -1.79660214 -0.4242628 ],[-0.34882237  0.04689377 31.07680434 12.84028456 -1.80018976  0.36779492],007,RP
673,0,0.6392680177388532,0,[-2.24686738  0.99935932  1.48443033  5.33531808 -1.76781681 -0.28865885],[ 0.48327682  0.18778106 -7.98956491  5.86117149 -1.68246806  0.1626231 ],[-5.43514222  1.07938954  1.3784826   9.49224895 -1.76935071 -0.31614621],[39.80437339  2.00467079 -0.70772379 30.17050213 -1.79304731  0.42055361],"[  0.53562428   0.08437303 -17.20347967  11.21460145  -1.80289212
   0.37790038]",[ 1.18101754  0.15847267  9.37895333 -9.0767084  -1.71139818 -0.21936676],[-0.91992408  1.10622663 -1.31393753  0.79127722 -1.80566197  0.35917513],[-0.32912874  0.04557099 31.41179642 12.33852509 -1.79815041 -0.40927349],007,RP
674,0,0.6310029175168436,0,[-1.77917149  0.91391949  1.56572217  4.78568824 -0.2778026  -1.0878457 ],[ 0.38875975  0.18985732 -7.93084445  5.08319311 -0.62854228  0.77374521],[-4.93488168  0.93942852  1.49982705  9.40146901 -0.20206112 -1.15622327],[39.02358169  1.54230762 -0.75415664 31.42989334  0.23487813  1.48904866],"[  0.4998154    0.06974094 -18.70586058  11.34947711   0.07912933
   1.37465367]",[ 1.25692598  0.15550635  9.48648795 -9.92381319 -0.47498061 -0.92360501],[-1.39105868  0.94430438 -1.40801854  0.04136358  0.02508361  1.33461593],[-0.31066347  0.0359228  34.05246093 12.57885566  0.19679407 -1.46153248],007,RP
675,0,0.6024914982385576,0,[-1.263012    0.42753416  3.69685331  6.66917009 -1.31040404 -0.06749276],"[  0.27507292   0.12182976 -12.9776395    5.56979726  -1.31963923
   0.01307719]",[-4.42578302  0.38052352  4.13743689 20.31139797 -1.30538899 -0.22051452],[38.35741215  0.09797752 -1.64186266 64.97760259 -1.65685061  0.27425168],"[ 4.64886761e-01  1.60814687e-02 -9.68965476e+01  4.70459222e+01
 -1.19641379e+00  4.13442207e-01]","[  1.34671081   0.08607665  18.35524972 -22.71921322  -1.31691677
  -0.09245272]",[-1.87036995  0.25074732 -6.21770426 -9.62940719 -1.21587412  0.40129737],"[-2.93893194e-01  4.07759946e-03  3.58720968e+02  1.07425651e+02
 -7.95111323e-01 -8.50588875e-01]",007,RP
676,0,0.4729764305585965,0,[-1.00290078  0.40305728  3.91893365  5.93030163 -1.30376277 -0.11058176],"[  0.20022442   0.11836276 -13.35196535   4.6733895   -1.31595947
   0.07415445]",[-4.21460147  0.31177443  5.00400901 23.08990369 -1.23951156 -0.38568087],"[ 3.83945892e+01  1.65698893e-01  8.17281844e+00 -3.11792007e+02
 -6.83876051e-01  9.08214361e-01]","[ 4.56292462e-01  1.16183839e-02 -1.32356576e+02  6.23933079e+01
 -1.09413903e+00  5.58948476e-01]","[  1.39802913   0.07900659  19.96556485 -25.91244132  -1.30220319
  -0.16780894]","[ -2.00170528   0.17952125  -8.51006    -15.03463202  -1.07721766
   0.60156354]","[-2.92170809e-01  1.90752331e-03  6.02967462e+02  1.78169491e+02
 -2.87125531e-01 -1.10339640e+00]",007,RP
677,0,0.4975132639449959,0,[-0.76085464  0.3692342   4.27400496  5.2518965  -1.29429697 -0.15350641],"[  0.12898445   0.110303   -14.3113392    3.84594028  -1.30607859
   0.13908739]",[-4.05408646  0.22248407  6.82454071 29.66727811 -1.06032253 -0.63473047],"[  38.51313389    0.26956725    5.71216598 -217.99341323   -1.21431439
    0.49836961]","[ 4.50453929e-01  7.36727900e-03 -2.01827553e+02  9.29140141e+01
 -8.77789325e-01  7.81407013e-01]","[  1.44401009   0.06884816  22.84636052 -30.99037504  -1.27588226
  -0.24982279]","[ -2.08590957   0.10600402 -13.31491515 -25.7737089   -0.6909071
   0.92488816]","[-2.91754609e-01  1.07711975e-03 -6.75319922e+02 -1.95027700e+02
 -1.17708030e+00 -4.02288820e-01]",007,RP
678,0,0.5405641019268275,0,[-0.54196669  0.32856555  4.79705225  4.59984252 -1.28188379 -0.19721829],"[  0.06404284   0.09822329 -16.03768937   3.02709912  -1.28790523
   0.21141944]",[-3.95511677  0.12532677 10.63795893 44.07436975 -0.55708388 -0.98761866],"[ 3.86877565e+01  3.33403113e-01  4.72568037e+00 -1.80825972e+02
 -1.37686095e+00  1.69193316e-01]","[ 4.47210533e-01  3.69492150e-03 -3.43669282e+02  1.55692523e+02
 -3.81212012e-01  1.08080108e+00]","[  1.48306619   0.05662116  27.65274261 -39.01084758  -1.23411833
  -0.34159367]","[ -2.12158114   0.04871195 -10.69310071 -20.68628081  -1.22022238
   0.49910365]","[-2.92288931e-01  1.79360818e-03 -8.41837958e+02 -2.44059917e+02
 -1.22881892e+00 -5.49537156e-01]",007,RP
679,0,0.5405641019268275,0,[-0.34977288  0.28364606  5.54749681  3.94036396 -1.26600976 -0.24338449],"[ 7.64891797e-03  8.29927484e-02 -1.89113844e+01  2.14465163e+00
 -1.25698745e+00  2.96899143e-01]",[-3.92254822  0.06561299 -1.84755108 -5.2471082  -1.69979581 -0.24724992],"[ 3.88833146e+01  3.37430963e-01  4.67421002e+00 -1.79748779e+02
 -1.39328705e+00 -1.24688209e-01]","[ 4.46288617e-01  1.91484051e-03  1.97423170e+02 -8.61077134e+01
 -1.53837229e+00  3.09029562e-01]","[ 1.51429298e+00  4.35451819e-02  3.56935642e+01 -5.20505138e+01
 -1.16944128e+00 -4.48354297e-01]",[-2.11054192  0.07012945 18.28142745 40.58371901 -0.56500265  0.95001839],"[-2.93337166e-01  2.17213006e-03 -7.25759240e+02 -2.10892159e+02
 -1.47015914e+00 -3.13644316e-02]",007,RP
680,0,0.5405641019268275,0,[-0.18629572  0.23685225  6.62811313  3.23478913 -1.24525882 -0.29527026],"[ -0.03853355   0.06568497 -23.73333268   1.08547043  -1.20275637
   0.40656127]","[ -3.95426191   0.12025522 -11.62259024 -43.95876585  -0.76034227
  -0.87464955]","[  39.05896693    0.27711625    5.55638388 -215.02661429   -1.24387096
   -0.48219929]","[ 4.47351045e-01  3.63854044e-03  3.94956550e+02 -1.74684225e+02
 -8.37864085e-01  8.29542552e-01]","[ 1.53754474e+00  3.08623163e-02  4.97525425e+01 -7.44967599e+01
 -1.06745507e+00 -5.78270221e-01]",[-2.0576867   0.12389661 12.28618431 27.2811181  -1.10089094  0.60491804],"[-2.94422850e-01  1.88418201e-03 -8.13017327e+02 -2.37370878e+02
 -1.29614919e+00  4.72326536e-01]",007,RP
681,0,0.5405641019268275,0,[-0.05225727  0.19009842  8.22882196  2.43001574 -1.21571711 -0.35950854],"[ -0.07350667   0.04747799 -32.3586467   -0.37857644  -1.09575821
   0.56406684]","[ -4.04119214   0.19137817  -8.06979615 -30.61159677  -1.21348116
  -0.4811616 ]","[ 3.91736857e+01  1.68757397e-01  7.58860546e+00 -2.95273645e+02
 -6.61340516e-01 -8.75043233e-01]","[ 4.50032443e-01  5.69866058e-03  2.71463668e+02 -1.20167458e+02
 -1.19301276e+00  4.78864593e-01]","[ 1.55340991e+00  1.96836603e-02  7.63485831e+01 -1.16600645e+02
 -9.01304716e-01 -7.42873321e-01]",[-1.97047127  0.16931633  9.24188798 20.21087471 -1.27151209  0.33769037],"[-2.95068133e-01  1.14363884e-03 -8.78443130e+02 -2.57200574e+02
 -8.26261978e-01  6.26490983e-01]",007,RP
682,0,0.4695857070680661,0,[ 0.0526044   0.14472662 10.73876015  1.43509393 -1.16645502 -0.44969709],"[-9.69471414e-02  2.96361532e-02 -4.96340166e+01 -2.81187603e+00
 -8.38082460e-01  8.19703421e-01]","[ -4.16822221   0.23917599  -6.58269046 -25.43811655  -1.34280504
  -0.20524892]","[ 3.91918805e+01  1.33459348e-01 -4.32507563e+00  1.71507847e+02
 -1.08247634e+00 -5.77107429e-01]","[ 4.53960435e-01  7.30685272e-03  2.14984776e+02 -9.55945823e+01
 -1.29095620e+00  2.71434875e-01]","[ 1.56310288e+00  1.08641721e-02  1.32876834e+02 -2.05700162e+02
 -6.29086554e-01 -9.53358662e-01]",[-1.85809689  0.20019663  7.87743838 16.63704379 -1.32200464  0.1694698 ],"[-2.94825269e-01  1.63518090e-03  6.22016783e+02  1.85386265e+02
 -3.27360818e-01  1.04953984e+00]",007,RP
683,0,0.4549026091199389,0,[ 0.12918627  0.10159618 15.07182486  0.0529271  -1.06423766 -0.59520354],"[-1.09152311e-01  1.41620652e-02 -7.89237615e+01 -6.61471094e+00
 -3.68680276e-01  1.03088383e+00]","[-4.31573150e+00  2.54526200e-01 -6.20916237e+00 -2.47970776e+01
 -1.37111490e+00  1.17936353e-02]","[ 39.08802924   0.298423    -4.71667769 186.36563559  -0.67041091
  -0.93835859]","[ 4.58768120e-01  8.37150669e-03  1.88550672e+02 -8.45010372e+01
 -1.32078615e+00  1.38141659e-01]","[ 1.56828219e+00  4.87807807e-03  2.76784721e+02 -4.32076549e+02
 -2.38476988e-01 -1.19937208e+00]",[-1.73048588  0.2153888   7.3386101  14.69936118 -1.33303115  0.04893188],"[-2.93299166e-01  3.74749786e-03  3.83680517e+02  1.14533176e+02
 -6.94381779e-01  9.20234860e-01]",007,RP
684,0,0.4356305238228865,0,[ 0.17870229  0.06155404 23.64821955 -2.2259909  -0.78986547 -0.85636481],"[-1.10945570e-01  1.05301989e-02  8.27451232e+01  1.11802048e+01
 -7.91710422e-01  6.91953240e-01]","[ -4.46153767   0.23464948  -6.70007913 -27.89265546  -1.3369716
   0.23777451]","[ 38.84962043   0.50877951  -2.99842257 118.48757868  -1.06917914
  -0.61190144]","[ 4.64105136e-01  8.89941459e-03  1.77629771e+02 -8.04388889e+01
 -1.32557823e+00  4.26605173e-02]","[ 1.57080582e+00  1.78626977e-03  7.84728056e+02 -1.23065540e+03
 -2.24863597e-01 -1.01901316e+00]",[-1.59716457  0.21607791  7.31575951 13.68447187 -1.32595148 -0.0447747 ],"[-2.90162258e-01  6.48177579e-03  2.34364885e+02  7.00038441e+01
 -1.00089927e+00  6.59719297e-01]",007,RP
685,0,0.4867806270849718,0,"[ 2.02449510e-01  2.84943326e-02  3.31560532e+01 -4.71242674e+00
 -5.50382815e-01 -8.77946071e-01]","[-1.03563447e-01  2.06508456e-02  7.16350332e+01  9.41877097e+00
 -9.52546739e-01  7.46970634e-01]","[ -4.58299148   0.18150258  -8.43443041 -36.65492267  -1.17057732
   0.54728886]",[38.47816791  0.71167922 -2.19055635 86.28859494 -1.22090165 -0.40038974],"[ 4.69652928e-01  8.95403185e-03  1.76565526e+02 -8.09245161e+01
 -1.31966612e+00 -2.90325244e-02]","[ 1.57245817e+00  2.11715764e-03  6.45801815e+02 -1.01349634e+03
 -1.99592817e-01  1.20503258e+00]",[-1.46619919  0.20525183  7.69449293 13.28165926 -1.30886921 -0.11759795],"[-2.85165305e-01  9.58574435e-03  1.61468978e+02  4.80453504e+01
 -1.13567596e+00  4.96945653e-01]",007,RP
686,0,0.4867806270849718,0,"[ 2.01693673e-01  3.00346765e-02 -3.62702814e+01  9.31548629e+00
 -4.79037071e-01 -9.35869760e-01]","[-8.85385540e-02  3.06922099e-02  5.06426420e+01  6.48382629e+00
 -1.22208956e+00  4.29046539e-01]","[ -4.65908795   0.10630836 -12.00355542 -53.92562044  -0.61041483
   0.91141842]",[37.98851463  0.88274584 -1.78122912 69.66624854 -1.28733718 -0.25420629],"[ 4.75142461e-01  8.63481872e-03  1.83002651e+02 -8.49523298e+01
 -1.30991210e+00 -8.44448016e-02]","[ 1.57469885e+00  4.56346355e-03  3.14117718e+02 -4.92640810e+02
 -6.46101946e-01  9.53641863e-01]",[-1.34335076  0.18720191  8.42712106 13.32057946 -1.28809258 -0.16706479],"[-2.78146514e-01  1.28911721e-02  1.21128744e+02  3.56915380e+01
 -1.20584372e+00  3.86009929e-01]",007,RP
687,0,0.4867806270849718,0,"[  0.17768197   0.06019734 -24.66855028   6.38315657  -0.91851293
  -0.76160203]","[-6.75876397e-02  3.83475175e-02  4.10186654e+01  4.77235478e+00
 -1.29852464e+00  2.42851567e-01]",[-4.6725156   0.08018086  7.12048615 35.27058264 -1.11248386  0.55853884],[37.40684334  1.00456885 -1.57125093 60.77553747 -1.31847474 -0.13958186],"[ 4.80366224e-01  8.04881102e-03  1.96175390e+02 -9.22360313e+01
 -1.29932790e+00 -1.29529843e-01]","[ 1.57848012e+00  7.80092844e-03  1.94474995e+02 -3.04974912e+02
 -1.03007531e+00  6.53598420e-01]",[-1.23162282  0.16674297  9.45640861 13.64672865 -1.2710047  -0.18596802],"[-2.69038078e-01  1.62325257e-02  9.66673305e+01  2.80071928e+01
 -1.24665201e+00  3.03329045e-01]",007,RP
688,0,0.5364959814621326,0,"[  0.13177114   0.09229487 -16.75181037   4.20740511  -1.15237931
  -0.49956601]",[-0.04251437  0.0432509  36.51052022  3.5522218  -1.32269166  0.11938691],[-4.6114879   0.17702836  7.97298155 38.7673079  -0.68686952  0.92811343],"[ 3.67677237e+01  1.06566965e+00 -1.48337748e+00  5.65404135e+01
 -1.33034249e+00 -4.00735022e-02]","[ 4.85180139e-01  7.29083202e-03  2.16366777e+02 -1.02976863e+02
 -1.28823409e+00 -1.68800263e-01]","[ 1.58417473e+00  1.10306506e-02  1.41153392e+02 -2.21611636e+02
 -1.22906453e+00  4.10787465e-01]",[-1.13134501  0.14820006 10.64503664 14.04320908 -1.26416223 -0.16833997],"[-2.57867968e-01  1.94501520e-02  8.09145824e+01  2.28652790e+01
 -1.27152615e+00  2.38219676e-01]",007,RP
689,0,0.5434637465203453,0,"[  0.06564701   0.12237318 -12.78924135   2.8395755   -1.23883267
  -0.34638956]","[-1.51342787e-02  4.53718786e-02  3.48442324e+01  2.52734232e+00
 -1.32856604e+00  2.37500619e-02]",[-4.47116421  0.29908852  5.10810403 24.83917195 -1.08227497  0.59942589],"[ 3.61106146e+01  1.06105696e+00 -1.48967266e+00  5.57929952e+01
 -1.32864282e+00  5.39051880e-02]","[ 4.89501870e-01  6.44597144e-03  2.44486073e+02 -1.17676390e+02
 -1.27532948e+00 -2.01912332e-01]","[ 1.59164278e+00  1.35717649e-02  1.15968384e+02 -1.82580242e+02
 -1.31150254e+00  2.25675455e-01]",[-1.04082652  0.13438796 11.75184691 14.23163396 -1.26886643 -0.12016371],"[-2.44756759e-01  2.24015964e-02  7.03846957e+01  1.92271300e+01
 -1.28714827e+00  1.85032103e-01]",007,RP
690,0,0.5434637465203453,0,"[ -0.01841569   0.14871049 -10.58057485   1.80515144  -1.28092078
  -0.24137524]","[ 1.27802879e-02  4.48018808e-02  3.52778235e+01  1.54913926e+00
 -1.32521350e+00 -6.29688917e-02]",[-4.25453289  0.41404379  3.76913686 18.03591672 -1.23266558  0.38482014],[35.47654553  0.99167392 -1.59121259 58.45072573 -1.31481452  0.15201618],"[ 4.93315596e-01  5.61124866e-03  2.80727848e+02 -1.36487426e+02
 -1.26069956e+00 -2.16616873e-01]","[ 1.60042963e+00  1.51085695e-02  1.04563592e+02 -1.65346670e+02
 -1.32867039e+00  9.37013733e-02]",[-0.95744438  0.12589125 12.55495106 14.02066734 -1.28110815 -0.0665862 ],"[-2.29911703e-01  2.49620997e-02  6.32411212e+01  1.65398739e+01
 -1.29760256e+00  1.39553522e-01]",007,RP
691,0,0.5434637465203453,0,[-0.11734336  0.16966064 -9.30001693  0.9087048  -1.30471292 -0.15752345],[ 0.03954769  0.04170058 37.83849961  0.50357473 -1.31228924 -0.15454089],[-3.97265353  0.50649654  3.10718856 14.3437836  -1.30014505  0.2312175 ],[34.90564827  0.86230036 -1.82198292 65.59749485 -1.28331768  0.27116838],"[ 4.96685627e-01  4.92079700e-03  3.20477740e+02 -1.57176687e+02
 -1.24938868e+00 -1.81379380e-01]","[ 1.61003952e+00  1.57987152e-02  1.00074095e+02 -1.59123248e+02
 -1.31097129e+00  2.41320584e-02]",[-0.87887402  0.12101141 13.06434674 13.48191499 -1.29692426 -0.04015678],"[-2.13620782e-01  2.70140675e-02  5.84841023e+01  1.44934197e+01
 -1.30519193e+00  9.79783550e-02]",007,RP
692,0,0.502455732438532,0,[-0.22719805  0.18368675 -8.60251664  0.04552503 -1.31771314 -0.08336557],"[ 6.36299318e-02  3.63152935e-02  4.32785939e+01 -7.53813977e-01
 -1.28217478e+00 -2.64537779e-01]",[-3.64417067  0.56431807  2.79901459 12.20008685 -1.33269719  0.10195485],[34.43582013  0.6793838  -2.28495204 80.68419745 -1.20423389  0.44723425],"[ 4.99773207e-01  4.55813682e-03  3.46709039e+02 -1.71275888e+02
 -1.24126181e+00 -5.48421306e-02]","[ 1.62020217e+00  1.62450203e-02  9.73171191e+01 -1.55673407e+02
 -1.27991187e+00  3.68621881e-02]",[-0.80411253  0.11653058 13.56414633 12.90710007 -1.31228929 -0.06047193],"[-1.96246989e-01  2.84401131e-02  5.55798360e+01  1.29073754e+01
 -1.31064445e+00  5.72797129e-02]",007,RP
693,0,0.502455732438532,0,[-0.34330632  0.18968359 -8.33516268 -0.86151406 -1.32235957 -0.01389966],"[ 8.36963747e-02  2.90367437e-02  5.36374861e+01 -2.48926313e+00
 -1.21461528e+00 -4.12838962e-01]",[-3.29411186  0.57820249  2.73397633 11.00602384 -1.34318849 -0.02440496],"[ 34.10245383   0.4528427   -3.26695033 113.41102285  -0.94239471
   0.75264131]","[ 5.02846946e-01  4.73680196e-03  3.33087387e+02 -1.65491975e+02
 -1.21275329e+00  1.52036807e-01]","[ 1.63105755e+00  1.73318871e-02  9.10901217e+01 -1.46573231e+02
 -1.24445346e+00  1.33233237e-01]",[-0.73403245  0.10890521 14.49602637 12.64055371 -1.31840637 -0.13258665],"[-1.78218729e-01  2.91346411e-02  5.42680617e+01  1.16715850e+01
 -1.31359460e+00  1.58590299e-02]",007,RP
694,0,0.502455732438532,0,[-0.4605715   0.18726036 -8.44121399 -1.88778258 -1.31970449  0.05343035],"[ 9.86949828e-02  2.04548682e-02  7.42456424e+01 -5.32767240e+00
 -1.04709941e+00 -6.40110075e-01]",[-2.95204816  0.54263458  2.90622737 10.57932317 -1.3293805  -0.16703194],"[ 33.93869743   0.22936601  -3.88605345 133.88759238  -0.75875155
   0.71432947]","[ 5.06276718e-01  5.63293273e-03  2.78231973e+02 -1.38862370e+02
 -1.16484467e+00  3.34530008e-01]","[ 1.64321042e+00  1.99217463e-02  7.89477279e+01 -1.27727729e+02
 -1.20772310e+00  2.58901870e-01]",[-0.6713777   0.09533403 16.48316394 13.0664287  -1.29702056 -0.26289703],"[-1.60010226e-01  2.90328022e-02  5.44564641e+01  1.07135911e+01
 -1.31337448e+00 -2.63254393e-02]",007,RP
695,0,0.502455732438532,0,[-0.5739023   0.17683605 -8.93026809 -3.12510138 -1.31018863  0.12082651],"[ 1.07916573e-01  1.15333784e-02  1.17208037e+02 -1.06486896e+01
 -5.77019938e-01 -9.81589453e-01]",[-2.64969288  0.45708795  3.41894202 11.05914633 -1.26830719 -0.35531102],"[  33.97531473    0.30369065    3.64911162 -121.97971576   -0.36484498
    1.03157735]","[ 5.10507026e-01  7.32365908e-03  2.12869424e+02 -1.06671337e+02
 -1.14171307e+00  4.20193983e-01]","[ 1.65763413e+00  2.45049887e-02  6.39321821e+01 -1.03976167e+02
 -1.18813973e+00  3.40580111e-01]",[-0.62027698  0.07448873 20.75687025 14.87500875 -1.19702237 -0.48086728],"[-1.42110172e-01  2.81377262e-02  5.61707623e+01  9.98243670e+00
 -1.30978004e+00 -6.84095275e-02]",007,RP
696,0,0.502455732438532,0,[-0.67864605  0.15951599 -9.88193562 -4.70633659 -1.29335942  0.19156218],[ 0.11102913  0.00590205 -5.20961621  2.57841915 -1.7203198  -0.25083316],[-2.41813577  0.32777933  4.60883965 13.14480004 -1.06268825 -0.64853264],"[ 34.23959322   0.64246822   2.28456395 -76.22254043  -0.82017126
   0.83204063]","[ 5.16014711e-01  9.79387649e-03  1.59050220e+02 -8.00722532e+01
 -1.15325145e+00  4.28321021e-01]","[ 1.67544148e+00  3.10214235e-02  5.04511691e+01 -8.25279814e+01
 -1.19855355e+00  3.55785429e-01]",[-0.58545991  0.04737906 30.17045691 19.66359312 -0.81939063 -0.84234917],"[-1.24983735e-01  2.65264309e-02  5.95475195e+01  9.44247137e+00
 -1.30324647e+00 -1.09698677e-01]",007,RP
697,0,0.502455732438532,0,"[ -0.77092252   0.1368323  -11.48447297  -6.8536389   -1.26660317
   0.27153749]","[ 1.08069697e-01  1.11621430e-02 -1.23171969e+02  1.53111573e+01
 -6.53863899e-01 -9.37555217e-01]",[-2.28510744  0.1781596   6.63657356 17.16528363 -0.52353278 -0.92900177],"[ 34.7535109    1.04241616   1.47115722 -49.12787839  -1.0767931
   0.58200115]","[ 5.23257954e-01  1.29574693e-02  1.20459038e+02 -6.10311500e+01
 -1.18207523e+00  3.97160752e-01]","[ 1.69758066e+00  3.88816310e-02  4.03230700e+01 -6.64516639e+01
 -1.23003668e+00  3.21538553e-01]",[-0.57138286  0.02454226 15.58625795 10.90572063 -1.50566639 -0.32869101],"[-1.09035582e-01  2.43324248e-02  6.48615006e+01  9.07221145e+00
 -1.29425797e+00 -1.50332587e-01]",007,RP
698,0,0.502455732438532,0,"[ -0.84783216   0.11050513 -14.14182739  -9.98989606  -1.22169002
   0.37134754]","[ 9.94074974e-02  1.90739389e-02 -8.01362707e+01  9.96614613e+00
 -1.09823261e+00 -5.89481911e-01]",[-2.27265988  0.15319076 -5.18511419 -9.784001   -0.75428378 -0.75129059],"[ 35.53165127   1.46604585   1.06147836 -35.71607902  -1.18243654
   0.43186079]","[ 5.32621991e-01  1.66574480e-02  9.39754090e+01 -4.80533694e+01
 -1.21473550e+00  3.49453553e-01]","[ 1.72453207e+00  4.70626066e-02  3.34119005e+01 -5.56198939e+01
 -1.26781454e+00  2.58263276e-01]","[ -0.58139431   0.04372555 -29.29887027 -15.03419652  -0.46212233
  -1.02843706]","[-9.45806583e-02  2.17196974e-02  7.25823661e+01  8.86488796e+00
 -1.28275065e+00 -1.90961484e-01]",007,RP
699,0,0.6217508922169366,0,"[ -0.90757914   0.08235024 -18.76428272 -15.03007157  -1.13623015
   0.5098807 ]","[ 8.57048305e-02  2.62195848e-02 -5.95877478e+01  7.10695783e+00
 -1.24185478e+00 -3.68056805e-01]",[-2.39542946  0.3341899  -4.30642292 -8.31573232 -0.75829276 -0.88181258],"[ 36.5792802    1.8927301    0.82776725 -28.27913034  -1.23553908
   0.33140007]","[ 5.44368286e-01  2.06630210e-02  7.59758638e+01 -3.93588507e+01
 -1.24514148e+00  2.95239584e-01]","[  1.75607297   0.05425496  29.06491317 -49.04010841  -1.30174047
   0.17822654]","[ -0.61699306   0.08172643 -18.4117326   -9.35991122  -0.99420527
  -0.69546346]","[-8.18278805e-02  1.88622981e-02  8.34601215e+01  8.82936485e+00
 -1.26833514e+00 -2.31939485e-01]",007,RP
700,0,0.6468863241884847,0,"[ -0.94953931   0.05434749 -27.63953648 -24.24482649  -0.94723926
   0.72308303]","[ 6.78875850e-02  3.18627639e-02 -4.94098783e+01  5.35431731e+00
 -1.29860000e+00 -2.23504373e-01]",[-2.65945469  0.55099303 -2.78130546 -5.39675585 -1.09260234 -0.57951481],"[ 37.89085308   2.30316022   0.68279635 -23.87173613  -1.26638386
   0.25661801]","[ 5.58593612e-01  2.46798025e-02  6.37675999e+01 -3.36201740e+01
 -1.27069681e+00  2.38844117e-01]","[  1.79115926   0.05907527  26.74596459 -45.90628209  -1.32621146
   0.0863221 ]","[ -0.6772495    0.11877132 -13.08658386  -6.86288236  -1.20997272
  -0.43441791]","[-7.08787343e-02  1.59297456e-02  9.86563637e+01  8.99263819e+00
 -1.25096000e+00 -2.73272659e-01]",007,RP
701,0,0.6665472365842435,0,"[-9.74267209e-01  2.89756727e-02 -4.63214959e+01 -4.31295146e+01
 -4.85047501e-01  1.04190513e+00]","[ 4.71169865e-02  3.55540327e-02 -4.44218614e+01  4.09302424e+00
 -1.32444538e+00 -1.10630998e-01]",[-3.06144645  0.76146571 -2.04882591 -4.27237081 -1.219095   -0.39277862],"[ 39.44884707   2.67732111   0.58871958 -21.22430879  -1.28637987
   0.19554783]","[ 5.75202531e-01  2.83777133e-02  5.55658761e+01 -2.99616326e+01
 -1.29051333e+00  1.82357518e-01]","[ 1.82795798e+00  6.03251028e-02  2.62063681e+01 -4.59041399e+01
 -1.33708165e+00 -1.78000857e-02]","[ -0.75852469   0.1484849  -10.58887131  -6.03192034  -1.30056808
  -0.25116259]","[-6.17388707e-02  1.30699021e-02  1.19994604e+02  9.40833133e+00
 -1.23076971e+00 -3.15990505e-01]",007,RP
702,0,0.6889382570455955,0,"[ -0.98343226   0.01270218 -11.71011467  -9.51610452  -1.63311823
   0.29585446]","[ 2.47511765e-02  3.69648177e-02 -4.27696548e+01  3.05859928e+00
 -1.33343428e+00 -8.60700100e-03]",[-3.58844609  0.94604527 -1.66144419 -3.96200293 -1.27790203 -0.26418381],"[ 41.22256454   2.99355952   0.52731778 -19.73739108  -1.30058759
   0.14098078]","[ 5.93896409e-01  3.14287812e-02  5.02420198e+01 -2.78385551e+01
 -1.30479958e+00  1.26516282e-01]","[  1.86404792   0.05726215  27.56313406 -49.3790027   -1.32812645
  -0.13873392]",[-0.85463516  0.16648474 -9.48708563 -6.10799695 -1.33852839 -0.10179809],"[-5.43392881e-02  1.03888048e-02  1.50544463e+02  1.01804790e+01
 -1.20638869e+00 -3.64488547e-01]",007,RP
703,0,0.7899363561941201,0,"[-9.79678186e-01  1.94593369e-02  7.14489223e+01  7.19969506e+01
 -8.18506909e-01  8.26407720e-01]","[ 2.29084610e-03  3.59134554e-02 -4.39879801e+01  2.10076969e+00
 -1.32858503e+00  9.56678008e-02]",[-4.21796469  1.0885441  -1.44926221 -4.1129368  -1.30892682 -0.16227556],"[ 43.16690105   3.22817141   0.48947612 -19.12916719  -1.31116282
   0.0877233 ]","[ 6.14182542e-01  3.35415160e-02  4.71192244e+01 -2.69398050e+01
 -1.31416652e+00  7.08591106e-02]","[ 1.89677110e+00  4.98281206e-02  3.15017694e+01 -5.77516457e+01
 -1.28634683e+00 -2.86410768e-01]",[-0.95753894  0.17023887 -9.28521378 -6.89095376 -1.34390347  0.0339347 ],"[-4.85632551e-02  7.93931227e-03  1.96113672e+02  1.15239183e+01
 -1.17143668e+00 -4.29164804e-01]",007,RP
704,0,0.8018246477714177,0,"[-9.66400218e-01  2.98935268e-02  5.19756987e+01  5.22293266e+01
 -1.28447215e+00  4.03736004e-01]","[-1.86943308e-02  3.23874569e-02 -4.86169117e+01  1.09113937e+00
 -1.30559678e+00  2.17616712e-01]",[-4.91886084  1.17539554 -1.34452848 -4.6135485  -1.32468703 -0.07191037],"[ 4.52216484e+01  3.35636753e+00  4.71032825e-01 -1.93008808e+01
 -1.31839083e+00  3.16750767e-02]","[ 6.35404370e-01  3.44872137e-02  4.58449073e+01 -2.71300545e+01
 -1.31889414e+00  1.40866703e-02]","[ 1.92366423e+00  3.87557820e-02  3.99319344e+01 -7.48156339e+01
 -1.17982706e+00 -4.82087895e-01]",[-1.05846347  0.15958058 -9.88306558 -8.46086385 -1.32176327  0.16752567],"[-4.42737837e-02  5.72898418e-03  2.69337372e+02  1.39245845e+01
 -1.10696889e+00 -5.30596951e-01]",007,RP
705,0,0.8018246477714177,0,"[-9.47466723e-01  3.52006547e-02  4.48473644e+01  4.44913854e+01
 -1.38209432e+00  9.64669859e-02]","[-3.66549905e-02  2.65453916e-02 -5.87689997e+01 -1.54177124e-01
 -1.24220244e+00  3.85085491e-01]",[-5.65320356  1.19712027 -1.32065996 -5.4659596  -1.32902173  0.01548052],"[ 4.73121822e+01  3.35529711e+00  4.71180786e-01 -2.02925912e+01
 -1.32115625e+00 -3.06243702e-02]","[ 6.56790982e-01  3.41244418e-02  4.63251073e+01 -2.84259127e+01
 -1.31851617e+00 -4.53623936e-02]","[ 1.94286258e+00  2.55364500e-02  5.80323100e+01 -1.10748804e+02
 -9.09431476e-01 -7.71324538e-01]","[ -1.14920934   0.13668142 -11.47114894 -11.18275153  -1.26905833
   0.31060994]","[-4.13364191e-02  3.74527524e-03  4.02138823e+02  1.86229790e+01
 -9.54150003e-01 -7.11286652e-01]",007,RP
706,0,0.8806645145926139,0,"[-9.26958323e-01  3.44332058e-02  4.57698755e+01  4.44267670e+01
 -1.36946938e+00 -1.65717027e-01]","[-5.01539453e-02  1.87701854e-02 -8.04992110e+01 -2.03735303e+00
 -1.04783846e+00  6.55709824e-01]",[-6.3791483   1.14993967 -1.37357603 -6.76224518 -1.32196344  0.10647132],"[ 49.35221041   3.20855839   0.49233309 -22.29772647  -1.31712451
  -0.1028753 ]","[ 6.77522774e-01  3.24252297e-02  4.87136237e+01 -3.10045895e+01
 -1.31185257e+00 -1.08900548e-01]","[ 1.95337805e+00  1.27168876e-02  8.98214465e+01 -1.73455242e+02
 -3.87579864e-01 -1.02362200e+00]","[ -1.22325115   0.10534923 -14.69500322 -15.97567954  -1.16736554
   0.48435611]","[-3.96348419e-02  2.00847601e-03  6.70408131e+02  2.85715203e+01
 -5.22652367e-01 -1.01536157e+00]",007,RP
707,0,0.8806645145926139,0,"[-9.08988430e-01  2.77400785e-02  5.54744049e+01  5.24255922e+01
 -1.22418140e+00 -4.94921536e-01]","[-5.79515442e-02  1.01881892e-02 -1.19709532e+02 -4.93735225e+00
 -5.10455669e-01  9.56947455e-01]",[-7.05453121  1.03664604 -1.51955483 -8.71974699 -1.30011492  0.20884955],"[ 51.2485934    2.91023978   0.54161691 -25.75710488  -1.30200962
  -0.19107712]","[ 6.96807029e-01  2.94932447e-02  5.34691647e+01 -3.52576898e+01
 -1.29725223e+00 -1.77974925e-01]","[ 1.95519004e+00  9.07538650e-03 -8.95042258e+01  1.76997770e+02
 -8.95977996e-01 -6.22863183e-01]","[ -1.27630355   0.07003764 -21.34913695 -25.24797933  -0.94240297
   0.73679451]","[-3.90798232e-02  9.94019911e-04 -4.00286882e+01  4.35685942e-01
 -1.72577910e+00 -2.58873627e-01]",007,RP
708,0,0.8443914185125336,0,"[-8.97599620e-01  1.66858753e-02  7.58852991e+01  7.01146156e+01
 -6.64345989e-01 -8.58382865e-01]","[-5.90895535e-02  7.92474775e-03  8.89641205e+01  7.25685016e+00
 -9.16774922e-01  6.56672444e-01]","[ -7.64061606   0.86638342  -1.80723043 -11.80835387  -1.25300438
   0.33588107]","[ 52.90746864   2.46677435   0.63574719 -31.63577432  -1.26556556
  -0.30795657]","[ 7.13951952e-01  2.55567683e-02  6.15334694e+01 -4.19319406e+01
 -1.27238005e+00 -2.55196603e-01]","[ 1.94913682e+00  1.75068616e-02 -8.44559263e+01  1.66616156e+02
 -9.73067154e-01 -7.35193962e-01]","[-1.30623350e+00  3.60548633e-02 -3.42274175e+01 -4.27089994e+01
 -4.20714409e-01  1.03356144e+00]","[-3.96125974e-02  1.94757592e-03 -7.04439660e+02 -2.59046847e+01
 -6.04648119e-01 -9.68827151e-01]",007,RP
709,0,0.8443914185125336,0,"[-8.96678915e-01  1.48703493e-02 -4.51540151e+01 -3.84886532e+01
 -8.58302310e-01 -7.18041390e-01]","[-5.29799995e-02  1.71898410e-02  8.33533524e+01  6.41606056e+00
 -7.49120066e-01  8.88473883e-01]","[ -8.10535578   0.65369211  -2.36057962 -17.13333765  -1.14804971
   0.51533276]","[ 54.24066597   1.89733349   0.81572239 -42.24532554  -1.1752796
  -0.48297304]","[ 7.28424890e-01  2.09291316e-02  7.47866575e+01 -5.24764628e+01
 -1.23231987e+00 -3.46784966e-01]","[ 1.93665720e+00  2.56317176e-02 -6.07739850e+01  1.19698375e+02
 -1.25074251e+00 -3.96752518e-01]","[-1.31248336e+00  2.36657625e-02  2.62433856e+01  3.64440069e+01
 -1.11833278e+00  5.38194229e-01]","[-4.12016220e-02  3.47077345e-03 -4.37390255e+02 -1.60211880e+01
 -1.01903287e+00 -6.54074757e-01]",007,RP
710,0,0.8443914185125336,0,"[-9.09839378e-01  3.56664894e-02 -3.92374471e+01 -3.36997744e+01
 -5.89874082e-01 -9.87817949e-01]","[-3.94932293e-02  2.83329719e-02  5.41087811e+01  4.13693050e+00
 -1.10238014e+00  5.73409000e-01]","[ -8.42566378   0.41862947  -3.51061741 -27.57928194  -0.86748466
   0.80426428]","[ 55.17159308   1.23922991   1.1902313  -63.66695674  -0.90517229
  -0.77832813]","[ 7.39883376e-01  1.59507977e-02  9.72657906e+01 -6.99653416e+01
 -1.16310949e+00 -4.67426381e-01]","[ 1.91947744e+00  3.12667783e-02 -5.03872094e+01  9.87171117e+01
 -1.31624831e+00 -2.00147194e-01]",[-1.29536465  0.05025389 28.5503834  38.98315731 -0.75594379  0.88236165],"[-4.38299122e-02  5.06822623e-03 -3.06143653e+02 -1.14182494e+01
 -1.16273044e+00 -4.66713066e-01]",007,RP
711,0,0.8443914185125336,0,"[ -0.94023119   0.06445041 -23.42979536 -20.02942433  -0.96503218
  -0.69832866]","[-1.90315545e-02  3.87793035e-02  4.02755040e+01  2.76650545e+00
 -1.23477056e+00  3.74499721e-01]","[ -8.58843973   0.20229629  -4.95128271 -40.52379313  -0.50987077
   0.90493536]","[ 55.64008723   0.61218547   1.57119019 -85.42115907  -0.60547681
  -0.82913843]","[ 7.48174315e-01  1.09436482e-02  1.38823245e+02 -1.01863987e+02
 -1.01915775e+00 -6.51348965e-01]","[ 1.89933107e+00  3.43488784e-02 -4.60045249e+01  8.93778234e+01
 -1.32736548e+00 -7.77876257e-02]",[-1.25558091  0.08341395 18.36897691 25.06373683 -1.08509953  0.5832901 ],"[-4.74719145e-02  6.64942694e-03 -2.35385406e+02 -9.17419584e+00
 -1.23177453e+00 -3.47336833e-01]",007,RP
712,0,0.8386469278576548,0,"[ -0.99025606   0.0970708  -15.91751751 -13.76241824  -1.12688726
  -0.51378807]","[ 7.42615946e-03  4.73419976e-02  3.32418140e+01  1.75314099e+00
 -1.29542914e+00  2.33303182e-01]",[-8.59039718  0.19831474  5.20755069 46.7349288  -0.53706239  0.88252205],[55.60619251  0.6810835  -1.5641762  88.9778828  -0.45849384 -0.94960668],"[ 7.53303926e-01  6.23742034e-03  2.24761851e+02 -1.67313985e+02
 -6.40033374e-01 -9.55431207e-01]","[ 1.87775788e+00  3.52642875e-02 -4.48347651e+01  8.61888335e+01
 -1.32237147e+00  4.76845625e-03]",[-1.19416916  0.11624198 13.40810122 18.01154102 -1.20432754  0.40852031],"[-5.20639665e-02  8.10954641e-03 -1.93933213e+02 -8.09693230e+00
 -1.27500803e+00 -2.53051261e-01]",007,RP
713,0,0.7022753646135376,0,"[ -1.0611999    0.13104843 -11.9143877  -10.64354706  -1.21142928
  -0.38555645]",[ 0.03832518  0.05304882 29.76871214  0.85910888 -1.32594244  0.11577207],[-8.43700088  0.39560267  3.74906719 33.63088318 -0.93206759  0.75610301],[55.05303753  1.39027166 -1.06236711 60.48653611 -0.88894284 -0.78625266],"[ 7.55389176e-01  2.81082709e-03  1.65828924e+02 -1.23265374e+02
 -1.30840598e+00 -4.62126874e-01]","[ 1.85599659e+00  3.45320341e-02 -4.57716015e+01  8.69519363e+01
 -1.31279132e+00  6.36209917e-02]",[-1.11282034  0.14640673 10.72403642 13.93392582 -1.26455188  0.28858957],"[-5.74770931e-02  9.31082801e-03 -1.69416038e+02 -7.73754137e+00
 -1.30394505e+00 -1.67554322e-01]",007,RP
714,0,0.7022753646135376,0,[-1.15285816  0.1635913  -9.60011229 -9.06756775 -1.26265147 -0.28414044],"[ 7.15969207e-02  5.51188178e-02  2.86823033e+01 -5.35645975e-02
 -1.33801706e+00  3.54792235e-03]",[-8.14089656  0.59860567  2.58851371 23.07282238 -1.18133839  0.47150002],[53.98849602  2.15620259 -0.7160862  40.66041718 -1.1469767  -0.51148134],"[ 7.54607116e-01  4.32536083e-03 -2.99313703e+02  2.27864251e+02
 -5.28474476e-01 -9.83307515e-01]","[ 1.83496332e+00  3.26531187e-02 -4.83762476e+01  9.07686399e+01
 -1.30280425e+00  1.07959921e-01]",[-1.01435367  0.17129757  9.20238663 11.33447468 -1.30081667  0.18939869],"[-6.35014443e-02  1.01087432e-02 -1.56311731e+02 -7.92602067e+00
 -1.32167790e+00 -8.42939486e-02]",007,RP
715,0,0.6238735864721494,0,[-1.26325198  0.19158989 -8.22631182 -8.39190466 -1.29570377 -0.19560779],[ 0.10479087  0.05306002 29.75970411 -1.11854523 -1.33192843 -0.11760084],[-7.72011073  0.77543187  2.02270865 17.61553475 -1.26328541  0.30626423],[52.44485462  2.86973029 -0.54531005 30.59870619 -1.24131978 -0.34713753],"[ 7.51155680e-01  7.92953340e-03 -1.90821663e+02  1.45336776e+02
 -1.02142904e+00 -6.64399644e-01]","[ 1.81528490e+00  3.00379397e-02 -5.25495923e+01  9.73924816e+01
 -1.29345613e+00  1.44210484e-01]",[-0.90303769  0.18816108  8.39585778  9.58177598 -1.32175627  0.09792438],"[-6.98474368e-02  1.03820580e-02 -1.52283826e+02 -8.63663492e+00
 -1.32923479e+00  1.16510727e-03]",007,RP
716,0,0.6236012059087261,0,[-1.38851443  0.21193473 -7.4523099  -8.34763984 -1.3164961  -0.11247986],[ 0.13526967  0.04677376 33.59063682 -2.54379438 -1.29702086 -0.26596626],[-7.19618275  0.91781633  1.71693715 14.3553935  -1.29512779  0.20006319],[50.47621296  3.48628791 -0.4513779  24.78384696 -1.28221867 -0.23827818],"[ 7.45230291e-01  1.15412414e-02 -1.34627440e+02  1.02328447e+02
 -1.18285535e+00 -4.46984987e-01]","[ 1.79734585e+00  2.70030552e-02 -5.84083232e+01  1.06979957e+02
 -1.28376861e+00  1.75806690e-01]",[-0.78451127  0.19484728  8.1140821   8.36558888 -1.32941291  0.00916489],"[-7.61628162e-02  1.00530491e-02 -1.57147649e+02 -9.96880750e+00
 -1.32576600e+00  9.48685109e-02]",007,RP
717,0,0.4896846538784082,0,[-1.58250811  0.32998491 -4.58826615 -5.26096838 -0.6920013  -0.73477237],"[ 1.52339361e-01  3.03796835e-02  3.94823054e+01 -4.01470919e+00
 -8.97936162e-01 -4.16840093e-01]",[-6.16196658  1.8488448   0.78743615  6.85215527 -0.39352801  1.00388351],[46.42012314  7.33106953 -0.19747189 11.16666965 -0.36053425 -1.03415711],"[ 7.27467528e-01  3.43025907e-02 -4.02022923e+01  3.12458622e+01
 -1.14607766e-01 -1.23336592e+00]","[ 1.77560260e+00  3.36384419e-02 -4.58154970e+01  8.33501155e+01
 -8.24852510e-01 -5.22292118e-01]",[-0.62574858  0.25901978  5.95878467  5.72870102 -0.86913142  0.53146819],"[-8.26104074e-02  9.93821689e-03 -1.58997753e+02 -1.11348692e+01
 -1.22571680e+00  9.23195948e-03]",007,RP
718,0,0.4896846538784082,0,[-1.76054054  0.34343233 -4.45161621 -5.83725082 -1.68428828 -0.15556208],"[  0.15521565   0.02534066 -19.26271494   4.98987484  -1.13823434
  -0.04000826]",[-5.08180933  2.1821971   0.6958559   5.53620701 -1.68783721  0.30939032],[42.16906994  8.6833821  -0.17453641  9.36003809 -1.69685009 -0.31301299],"[  0.7066129    0.04458866 -33.5791758   25.72747883  -1.65321007
  -0.40982842]","[ 1.75623214e+00  3.43013809e-02 -4.50497773e+01  8.11178668e+01
 -1.62735266e+00 -1.46561898e-01]",[-0.48735397  0.25319173  6.0680263   4.95727671 -1.63244569  0.06502647],"[-8.71523657e-02  7.55107887e-03 -1.94812084e+02 -1.49783340e+01
 -1.24774579e+00  3.54413196e-01]",007,RP
719,0,0.4896846538784082,0,[-1.91122433  0.29559137 -4.8481864  -7.2659718  -1.63473305  0.49305688],"[  0.14280125   0.04311772 -33.01785946   6.7149917   -1.04211016
  -0.55698321]",[-3.98465409  2.18224446  0.69584548  4.77270353 -1.68565611 -0.31127741],[37.87399017  8.63407745 -0.17520214  8.63560405 -1.69596539  0.32724936],"[  0.68285476   0.04879548 -31.51118348  23.5175616   -1.65974467
   0.18028356]","[ 1.73901337e+00  3.12629678e-02 -4.83133369e+01  8.60175388e+01
 -1.62964159e+00  3.90450454e-01]",[-0.37710456  0.206787    6.83319013  4.57682718 -1.56180578 -0.53090723],"[-8.94191808e-02  4.77402184e-03 -1.56123645e+02 -1.19604484e+01
 -1.09499298e+00  1.06948728e-01]",007,RP
720,0,0.4896846538784082,0,[-2.02408958  0.20173872 -5.32771961 -8.78378174  0.19327657  1.45805777],"[  0.11498889   0.06277159 -25.07404992   4.88323708  -1.25343819
  -0.23858157]",[-2.89619602  1.85464306  0.78676691  4.27863118 -0.40293524 -0.98999271],[33.68442649  7.19476145 -0.19978642  8.72969101 -0.31889464  1.06966206],"[  0.65637688   0.04648664 -32.79666963  23.52697565  -0.72924668
   0.65450502]","[ 1.72376737e+00  2.46079690e-02 -5.78416094e+01  1.01705479e+02
 -2.59250350e-01  1.11429725e+00]",[-0.30203637  0.1345519   7.06823149  4.13486297  0.08170984 -1.38634099],"[-8.91488646e-02  5.25046253e-03  1.91384803e+02  1.90617378e+01
 -9.52333301e-01  3.14911785e-01]",007,RP
721,0,0.4896846538784082,0,[-2.09037344  0.05660334 20.60062003 45.06298888 -0.42296449  1.00304041],"[  0.07261249   0.07200801 -21.88690747   3.58926288  -1.29782862
  -0.19584102]",[-1.83876923  0.95907301  1.64676356  5.02801818 -1.2980916  -0.11779146],[29.74201565  3.26055012 -0.4820797  16.33802191 -1.26958852  0.26575123],"[ 6.27384940e-01  3.35649844e-02 -4.70744103e+01  3.15337761e+01
 -1.29944200e+00 -9.24945425e-02]","[ 1.71036492e+00  1.05428895e-02 -1.49180012e+02  2.57152259e+02
 -1.28410803e+00  2.49633397e-01]","[ -0.26829962   0.06184344 -21.87621776  -3.869381    -0.52117573
  -1.02018361]","[-8.62023843e-02  8.75956808e-03  1.77487008e+02  1.72998033e+01
 -1.19009214e+00  4.38868346e-01]",007,RP
722,0,0.4896846538784082,0,[-2.04420306  0.11168608 13.33921611 29.26806639 -0.93503688  0.74777788],"[  0.02542817   0.07988456 -19.77026457   2.50272171  -1.31179827
  -0.1158476 ]",[-1.26200123  0.87661125  1.80038624  4.27208966 -1.29272397 -0.15053803],[27.90850947  2.64123697 -0.59178066 18.51571609 -1.22513218  0.36794861],"[ 6.05676000e-01  3.54206062e-02 -4.46213167e+01  2.90260606e+01
 -1.30409475e+00 -6.97525641e-02]","[ 1.70440823e+00  8.65360733e-03 -1.80776830e+02  3.10117516e+02
 -1.22826459e+00  3.55831868e-01]","[ -0.3204976    0.11437484 -13.17422379  -2.22230708  -0.96530398
  -0.70523156]","[-8.00211410e-02  1.12341552e-02  1.39618358e+02  1.31724203e+01
 -1.25494934e+00  3.08430729e-01]",007,RP
723,0,0.4896846538784082,0,[-1.95977191  0.16893697  9.16381726 19.95899168 -1.16850758  0.4836972 ],"[ -0.02578226   0.08450123 -18.70672324   1.51769838  -1.31678351
  -0.05210142]",[-0.74138687  0.78193197  2.01611796  3.49472339 -1.2841969  -0.19070178],[26.48337582  1.96848657 -0.78460697 22.77904123 -1.13640186  0.51342165],"[ 5.82987142e-01  3.67678564e-02 -4.29965851e+01  2.70664563e+01
 -1.30771714e+00 -4.30535085e-02]","[ 1.69953135e+00  6.75528356e-03 -2.30936087e+02  3.94483121e+02
 -1.15750414e+00  4.08650083e-01]",[-0.40832935  0.17149126 -9.02057675 -1.68336627 -1.14449944 -0.49848165],"[-7.23701574e-02  1.33815861e-02  1.17694627e+02  1.05175787e+01
 -1.28597463e+00  2.17347816e-01]",007,RP
724,0,0.5482616475764729,0,[-1.84036412  0.22042046  7.11059744 15.08608839 -1.25822259  0.31947036],"[-7.89739033e-02  8.59374081e-02 -1.83982550e+01  5.47017990e-01
 -1.31691964e+00  2.53844035e-03]",[-0.28408405  0.67668747  2.3254675   2.66062822 -1.26985843 -0.2413183 ],[25.48988843  1.28723959 -1.16117953 31.59833673 -0.92772141  0.74501004],"[ 5.59673796e-01  3.74662387e-02 -4.22006888e+01  2.56186197e+01
 -1.30966768e+00 -1.38861442e-02]","[ 1.69545376e+00  5.49261302e-03 -2.86460062e+02  4.87679791e+02
 -1.13910479e+00  2.20247325e-01]",[-0.53187841  0.2278172  -6.86524099 -1.65147348 -1.2324429  -0.35751175],"[-6.34824271e-02  1.51219320e-02  1.04367039e+02  8.62547295e+00
 -1.30083867e+00  1.49231029e-01]",007,RP
725,0,0.5482616475764729,0,[-1.69149272  0.26186665  6.01691315 12.17756479 -1.29931843  0.20255584],"[ -0.13219213   0.08439826 -18.72961835  -0.4759081   -1.31377094
   0.05281445]",[ 0.10416094  0.56342507  2.78457374  1.70995619 -1.24556458 -0.3064171 ],[24.92658368  0.66352507 -1.91719296 49.78907079 -0.41730532  1.05617224],"[ 5.36157698e-01  3.74359970e-02 -4.22345319e+01  2.46443694e+01
 -1.30969641e+00  1.62494253e-02]","[ 1.69150583e+00  5.77214986e-03 -2.71355976e+02  4.61000214e+02
 -1.05905574e+00 -3.16276745e-01]",[-0.68856124  0.27797752 -5.65891708 -1.89651096 -1.28244614 -0.24650397],"[-5.36199870e-02  1.64244100e-02  9.61924000e+01  7.15783524e+00
 -1.30690358e+00  9.72340940e-02]",007,RP
726,0,0.5482616475764729,0,[-1.52062682  0.29015004  5.4437383  10.27789444 -1.31889018  0.10848717],"[ -0.18363661   0.08016858 -19.70547555  -1.61864669  -1.3076855
   0.10250704]",[ 0.41946559  0.44572759  3.50126787  0.5313386  -1.20347497 -0.39362313],"[ 24.76830583   0.35869689   1.09026673 -25.00405972  -1.51233425
   0.32043146]","[ 5.12887994e-01  3.66702201e-02 -4.31101059e+01  2.41106557e+01
 -1.30783394e+00  4.60833326e-02]","[ 1.68664553e+00  8.28778088e-03 -1.84598658e+02  3.13352501e+02
 -9.29874099e-01 -6.40791802e-01]",[-0.87275633  0.31666712 -4.98338927 -2.34928451 -1.3111546  -0.15049532],"[-4.30499142e-02  1.73056125e-02  9.13402986e+01  5.93219202e+00
 -1.30840171e+00  5.76417336e-02]",007,RP
727,0,0.5482616475764729,0,[-1.33671992  0.30323534  5.21363503  8.96916982 -1.3261078   0.02516644],"[ -0.2316999    0.07358256 -21.44524755  -2.96886174  -1.29801506
   0.15552088]",[ 0.66023148  0.32795638  4.70811379 -1.10844493 -1.12377847 -0.51998272],"[ 24.96957464   0.68363637   2.10048019 -50.44809683  -0.8421803
   0.82726322]","[ 4.90296503e-01  3.52340132e-02 -4.48551597e+01  2.39923279e+01
 -1.30425331e+00  7.43899450e-02]","[ 1.67956831e+00  1.31354438e-02 -1.16011969e+02  1.96850027e+02
 -9.58286260e-01 -6.60242611e-01]",[-1.07598416  0.33953144 -4.65501638 -3.00872391 -1.32529523 -0.06225793],"[-3.20213326e-02  1.78159776e-02  8.87423702e+01  4.84164895e+00
 -1.30776854e+00  2.76818273e-02]",007,RP
728,0,0.5482616475764729,0,[-1.14955064  0.30033788  5.26292363  8.04999723 -1.32396118 -0.05471544],"[ -0.27499487   0.0650081  -24.2281017   -4.66260379  -1.28257892
   0.2167656 ]",[ 0.82746402  0.21511743  6.98350918 -3.77860256 -0.94484612 -0.72367064],"[ 25.46981056   1.06570025   1.45258084 -34.99695885  -1.20361738
   0.46940162]","[ 4.68750995e-01  3.32623336e-02 -4.74977233e+01  2.42646051e+01
 -1.29909609e+00  9.92751977e-02]","[ 1.66886236e+00  2.02030523e-02 -7.60014657e+01  1.28835985e+02
 -1.04242541e+00 -5.86738506e-01]",[-1.2875951   0.34385825 -4.59769352 -3.91996763 -1.32806348  0.02338676],"[-2.07456617e-02  1.80268150e-02  8.77098801e+01  3.81959950e+00
 -1.30588453e+00  5.76682256e-03]",007,RP
729,0,0.5482616475764729,0,[-0.96894063  0.28201793  5.59754026  7.42368418 -1.31234928 -0.13686446],"[ -0.31237867   0.0548483  -28.62131593  -6.94068872  -1.25636603
   0.29337032]",[ 0.92502398  0.11437292 11.69946737 -8.8222879  -0.48773148 -1.03782894],"[ 26.19948783   1.35604611   1.15916279 -28.36947134  -1.29830146
   0.25679439]","[ 4.48508475e-01  3.09601949e-02 -5.10140873e+01  2.48802505e+01
 -1.29275557e+00  1.17136664e-01]","[ 1.65317346e+00  2.92618804e-02 -5.29065376e+01  8.94636839e+01
 -1.11866173e+00 -5.00346925e-01]",[-1.49579415  0.32884564 -4.80278938 -5.18398427 -1.32006066  0.11218494],"[-9.38023638e-03  1.80284745e-02  8.77018322e+01  2.82266392e+00
 -1.30283046e+00 -7.66057460e-03]",007,RP
730,0,0.5595225013953383,0,[-0.80396659  0.25012214  6.29391085  7.06009404 -1.28855511 -0.22763993],"[ -0.34297171   0.04355106 -35.81721752 -10.2842922   -1.20781284
   0.39796015]",[ 0.95986044  0.05178347  1.4092467   0.64731985 -1.68835689 -0.26291988],"[ 27.08606679   1.53803729   1.02664061 -25.80765611  -1.32474644
   0.12159048]","[ 4.29675120e-01  2.85973526e-02 -5.52239990e+01  2.57283784e+01
 -1.28648634e+00  1.22346614e-01]","[ 1.63136579e+00  3.99017708e-02 -3.90503014e+01  6.57053259e+01
 -1.17846395e+00 -4.18937930e-01]",[-1.68879037  0.29553635 -5.32952402 -7.00044885 -1.29813556  0.21221251],"[ 1.98454205e-03  1.79345768e-02  8.81606845e+01  1.82504141e+00
 -1.29894947e+00 -1.05855290e-02]",007,RP
731,0,0.5716038524854924,0,[-0.66228691  0.20754134  7.54479842  6.99682121 -1.2449631  -0.33736339],"[-3.66165979e-01  3.16175587e-02 -4.86131683e+01 -1.58004883e+01
 -1.10412170e+00  5.57876361e-01]","[  0.94218808   0.08315335 -16.77393413  17.80420078  -0.81641688
  -0.83227832]","[ 2.80588997e+01  1.61428695e+00  9.79352520e-01 -2.54795542e+01
 -1.32910519e+00  2.17615711e-02]","[ 4.12181041e-01  2.64846711e-02 -5.96441413e+01  2.65841843e+01
 -1.28213065e+00  1.08749900e-01]","[  1.60267729   0.05146374 -30.42644266  50.76376868  -1.22602516
  -0.34239448]",[-1.85587348  0.24659777 -6.34914502 -9.78320988 -1.25164275  0.33693393],"[ 1.33329224e-02  1.78769401e-02  8.84455166e+01  8.20762791e-01
 -1.29515368e+00 -1.66775897e-03]",007,RP
732,0,0.5716038524854924,0,[-0.54965982  0.15785688  9.80721818  7.39063383 -1.15935505 -0.48697807],"[-3.81620499e-01  1.96719546e-02 -7.43566253e+01 -2.63760125e+01
 -8.27629477e-01  8.31076468e-01]","[  0.88546941   0.12714388 -12.21951743  12.8200089   -1.29070079
  -0.40156671]","[ 29.05282504   1.59429377   0.99137338 -26.8021974   -1.32311396
  -0.06238745]","[ 3.95777102e-01  2.49267494e-02 -6.34035186e+01  2.70936609e+01
 -1.28055868e+00  7.32442239e-02]","[  1.56686342   0.06300892 -24.94531329  41.08589877  -1.26382408
  -0.26801245]","[ -1.98826337   0.18607152  -8.2948729  -14.49239196  -1.14848735
   0.51361771]","[ 2.47238273e-02  1.79840178e-02  8.79165803e+01 -1.73634353e-01
 -1.29223602e+00  1.74080587e-02]",007,RP
733,0,0.5716038524854924,0,[-0.46968024  0.1051486  14.26534283  8.70014971 -0.95709003 -0.7218001 ],"[-3.89246695e-01  9.29891304e-03 -1.04916187e+02 -3.88382792e+01
 -5.25182236e-01  8.94251768e-01]","[  0.80598279   0.148141   -10.65786597  10.59005656  -1.39697469
  -0.07323638]","[ 30.01054786   1.49135438   1.05839554 -29.76302992  -1.30931253
  -0.14195   ]","[ 3.80061206e-01  2.41596361e-02 -6.54413589e+01  2.68717218e+01
 -1.28070872e+00  2.02393026e-02]","[  1.52430656   0.07340535 -21.47201986  34.7299407   -1.29188665
  -0.19497971]","[ -2.07965822   0.11946489 -12.32186526 -23.62526843  -0.87413981
   0.79872425]","[ 3.62811614e-02  1.83534416e-02  8.61370525e+01 -1.12515231e+00
 -1.29028340e+00  4.18530226e-02]",007,RP
734,0,0.5716038524854924,0,[-0.423713    0.05515905 23.18909836 11.82552234 -0.44541388 -1.0389666 ],"[-3.89191527e-01  9.41125301e-03  1.12655055e+02  4.58443931e+01
 -5.08866547e-01  9.07629876e-01]","[  0.7217422    0.14116596 -11.13607347  10.03737421  -1.36584905
   0.2248027 ]","[ 30.8842579    1.3214203    1.19146546 -34.79752653  -1.28620019
  -0.22547565]","[ 3.64537086e-01  2.42913678e-02 -6.50818876e+01  2.57247617e+01
 -1.28129060e+00 -3.69405091e-02]","[  1.47605558   0.08153145 -19.36784267  30.58801216  -1.31016535
  -0.12399399]","[ -2.12650025   0.05796098 -17.67395834 -35.58367687  -0.48779058
   0.92287187]","[ 4.81744027e-02  1.90357832e-02  8.30324238e+01 -2.00003742e+00
 -1.28901603e+00  6.60708339e-02]",007,RP
735,0,0.5716038524854924,0,"[ -0.41096111   0.03065771 -12.65075407  -3.19896791  -1.50048735
  -0.3321047 ]","[-3.81827980e-01  1.87545805e-02  7.91714931e+01  3.22298913e+01
 -9.32380703e-01  7.54363490e-01]","[  0.65070447   0.10818678 -14.0150028   11.11962498  -1.13962855
   0.5972796 ]","[ 31.63705869   1.10263467   1.42147113 -42.97116557  -1.24779186
  -0.32205215]","[ 3.48699313e-01  2.52624727e-02 -6.25549798e+01  2.38128785e+01
 -1.28322498e+00 -8.16149875e-02]","[  1.42376927   0.08649146 -18.27550507  28.02010243  -1.31973516
  -0.05544795]",[-2.12802175  0.05486685 18.38610571 41.12603281 -0.56295311  0.86087537],"[ 6.05920695e-02  2.00339214e-02  7.88770530e+01 -2.77932388e+00
 -1.28850322e+00  8.57335081e-02]",007,RP
736,0,0.5716038524854924,0,"[ -0.42862019   0.05927787 -24.12439247  -8.34020178  -0.81919526
  -0.84267752]","[-3.67755906e-01  2.83745354e-02  5.45966461e+01  2.20782390e+01
 -1.17830955e+00  4.74518039e-01]","[  0.60852814   0.06077282 -18.70018377  13.37958811  -0.57512486
   0.87133126]","[ 32.24448961   0.85538266   1.81736421 -56.59998148  -1.18031051
  -0.44329582]","[ 3.32132104e-01  2.68365812e-02 -5.88684452e+01  2.15521006e+01
 -1.28881332e+00 -1.02247830e-01]","[ 1.36957366e+00  8.77271803e-02 -1.80223541e+01  2.66829415e+01
 -1.32228050e+00  1.21124099e-02]",[-2.08613579  0.10926776 13.56318615 30.29464804 -0.93609544  0.75511756],"[ 7.37121259e-02  2.13073081e-02  7.41498943e+01 -3.46574635e+00
 -1.28931517e+00  9.80112406e-02]",007,RP
737,0,0.5716038524854924,0,"[ -0.47212304   0.09303012 -16.62178389  -5.84752713  -1.19995055
  -0.47894519]","[-3.47803179e-01  3.67871344e-02  4.26319145e+01  1.68275154e+01
 -1.26382126e+00  3.07863762e-01]",[ 0.60638101  0.05647063 15.1754957  -7.20213236 -0.68662605  0.78178643],"[ 32.69606579   0.60258187   2.53819268 -80.98891482  -1.05428336
  -0.60592166]","[ 3.14608370e-01  2.86197850e-02 -5.52059768e+01  1.93682623e+01
 -1.29885032e+00 -9.53970338e-02]","[  1.31588143   0.08499418 -18.59150481  26.46421594  -1.31869218
   0.08296017]",[-2.0052236   0.16406211  9.45474348 20.95887475 -1.19869284  0.45609531],"[ 8.76728787e-02  2.27720201e-02  6.93769989e+01 -4.08248121e+00
 -1.29196155e+00  1.01110662e-01]",007,RP
738,0,0.4911520754786559,0,"[ -0.53550182   0.11828807 -13.29057332  -5.11712623  -1.30760659
  -0.25062074]",[-0.32301116  0.04346777 36.25744502 13.71155955 -1.29933417  0.19550078],[ 0.64928523  0.1167505  12.47775949 -6.1016249  -0.8620913   0.81534471],"[  32.99657817    0.36937233    3.99083109 -129.68376992   -0.80556468
   -0.83493743]","[ 2.96174492e-01  3.01017433e-02 -5.25089942e+01  1.75518247e+01
 -1.31150987e+00 -6.24344997e-02]","[  1.26522804   0.07826575 -20.15533916  27.50110021  -1.30713577
   0.16517976]",[-1.89181966  0.20867318  7.52795721 16.24153742 -1.28639625  0.2727522 ],"[ 1.02547013e-01  2.43012152e-02  6.50178886e+01 -4.66739024e+00
 -1.29623855e+00  9.44168225e-02]",007,RP
739,0,0.4897685794654388,0,"[ -0.61186768   0.13255292 -11.91732304  -5.29182479  -1.33795667
  -0.09422133]",[-0.29459537  0.04812277 32.82171974 11.66912679 -1.31456642  0.11076172],[ 0.73534576  0.17906576  8.64439446 -4.35661885 -1.20617097  0.46953493],"[ 3.31667027e+01  1.81329484e-01  7.30346133e+00 -2.40231731e+02
 -3.28345811e-01 -1.14255167e+00]","[ 2.77205273e-01  3.07166040e-02 -5.14725523e+01  1.62684629e+01
 -1.32293827e+00 -5.06789305e-03]","[  1.22014982   0.06766105 -23.2190822   30.33075891  -1.27923011
   0.2732067 ]",[-1.75413669  0.23953446  6.58861546 13.55733215 -1.31906427  0.1450304 ],"[ 1.18322200e-01  2.57374522e-02  6.14026339e+01 -5.26529475e+00
 -1.30112735e+00  7.88850195e-02]",007,RP
740,0,0.4897685794654388,0,"[ -0.69396715   0.13542022 -11.67317549  -6.10080032  -1.33879716
   0.03207158]",[-0.26388235  0.05062343 31.22782653 10.2404721  -1.31986341  0.04106038],[ 0.85602434  0.22461402  7.00395897 -3.99555933 -1.32456594  0.23051256],"[ 3.32422687e+01  6.04419782e-02  1.27974928e+01 -4.23417694e+02
 -2.74846484e-01 -1.08920109e+00]","[ 2.58414213e-01  2.99256651e-02 -5.28042462e+01  1.56453677e+01
 -1.32729066e+00  7.79247061e-02]","[  1.18309313   0.05346764 -29.06828488  36.39048813  -1.20709034
   0.4356748 ]",[-1.60140221  0.25521713  6.19373471 11.91866046 -1.32827465  0.04531029],"[ 1.34893053e-01  2.69199729e-02  5.87192699e+01 -5.92082157e+00
 -1.30533041e+00  5.68488582e-02]",007,RP
741,0,0.4897685794654388,0,"[ -0.77475185   0.1276227  -12.3637581   -7.57884444  -1.32109834
   0.15156089]","[-2.32229324e-01  5.09847926e-02  3.10098559e+01  9.20139788e+00
 -1.31916804e+00 -2.07173399e-02]",[ 0.99737419  0.24480938  6.45559545 -4.4386443  -1.36141145  0.03772075],"[ 3.32716933e+01  2.23547536e-02 -1.36748257e+01  4.56984608e+02
 -9.98928365e-01 -4.56622402e-01]","[ 2.40807547e-01  2.73189463e-02 -5.76839780e+01  1.58907372e+01
 -1.31409406e+00  1.93903101e-01]","[ 1.15632763e+00  3.63568735e-02 -4.11465118e+01  4.95788485e+01
 -9.84208367e-01  7.12911481e-01]",[-1.44308411  0.25594874  6.17640595 10.91307328 -1.32502008 -0.03932253],"[ 1.52068164e-01  2.77171473e-02  5.70406822e+01 -6.67407182e+00
 -1.30793445e+00  3.12106183e-02]",007,RP
742,0,0.4897685794654388,0,"[ -0.84790531   0.1107037  -14.18284809 -10.02571227  -1.2802141
   0.28379238]",[-0.20093366  0.04935711 32.01772819  8.43343926 -1.31344259 -0.07852583],[ 1.14190016  0.23558247  6.69487694 -5.64488106 -1.34924407 -0.15446535],"[ 3.33116685e+01  9.27059495e-02  1.09853340e+01 -3.63939805e+02
 -1.65766299e-02  1.28073492e+00]","[ 2.25578935e-01  2.27248008e-02 -6.87476433e+01  1.75080202e+01
 -1.25763012e+00  3.63037275e-01]","[ 1.14184311e+00  1.88245860e-02 -5.92387006e+01  6.96413023e+01
 -5.03667365e-01  9.21628408e-01]",[-1.28815542  0.24320974  6.49343825 10.36455768 -1.31381996 -0.11757552],"[ 1.69592598e-01  2.80509822e-02  5.63661466e+01 -7.55928122e+00
 -1.30863234e+00  4.65427972e-03]",007,RP
743,0,0.4897685794654388,0,"[ -0.90831033   0.08689824 -17.86154802 -14.22382856  -1.19214644
   0.45352539]",[-0.17113461  0.0460422  34.29099935  7.86837685 -1.30245691 -0.13311192],[ 1.27064104  0.1969028   7.90778422 -8.04795516 -1.26316773 -0.39592101],"[  33.42159634    0.2543219     5.4037489  -178.60191446   -0.4323905
    1.08491087]","[ 2.13956177e-01  1.63310380e-02 -9.28373217e+01  2.18631184e+01
 -1.07135728e+00  6.33731912e-01]","[ 1.14122502e+00  1.75714425e-02  5.15082238e+01 -5.67824740e+01
 -6.00781585e-01  8.43397481e-01]",[-1.14453658  0.21916227  7.1906815  10.22999803 -1.29487468 -0.19851781],"[ 1.87182505e-01  2.79082095e-02  5.66527562e+01 -8.60440480e+00
 -1.30749578e+00 -2.05420363e-02]",007,RP
744,0,0.4897685794654388,0,"[ -0.95246746   0.05920256 -25.4098956  -22.2020988   -0.98298892
   0.70194404]",[-0.14370726  0.0415217  37.97851778  7.45778856 -1.28653903 -0.18105813],"[  1.3652046    0.1337147   10.9694634  -12.9755619   -0.94129349
  -0.7611945 ]","[ 33.65721808   0.49912198   2.97407252 -98.09900747  -0.83357587
   0.80736346]","[ 2.07025651e-01  9.05459820e-03 -1.39458828e+02  3.08715547e+01
 -5.27017809e-01  9.68622276e-01]","[ 1.15551851e+00  3.76777506e-02  3.85755322e+01 -4.25747414e+01
 -8.01214177e-01  8.51520715e-01]",[-1.01878349  0.18616546  8.4312246  10.58959242 -1.26263994 -0.29433935],"[ 2.04566016e-01  2.73413784e-02  5.78211474e+01 -9.82824174e+00
 -1.30475249e+00 -4.20841371e-02]",007,RP
745,0,0.5620729669452537,0,"[-9.78846194e-01  3.18139675e-02 -4.13087582e+01 -3.84349207e+01
 -4.69141589e-01  1.04166950e+00]","[-1.19156250e-01  3.64599778e-02  4.32083240e+01  7.14854184e+00
 -1.26851632e+00 -2.13244139e-01]","[  1.40959801   0.06909008  10.16369981 -12.32673103  -1.05685969
  -0.53707287]","[ 34.06392385   0.80661393   1.89742368 -62.63369567  -1.05147505
   0.60345228]","[ 2.05568292e-01  6.21151853e-03  8.96062966e+01 -1.64202134e+01
 -1.19102920e+00  5.03490139e-01]","[  1.18510101   0.0610399   25.15987484 -27.81699299  -1.1046302
   0.56265618]",[-0.91599739  0.14658188 10.61768829 11.72577471 -1.1996229  -0.42513973],"[ 2.21523203e-01  2.64638206e-02  5.97315286e+01 -1.12319196e+01
 -1.30088170e+00 -5.72323144e-02]",007,RP
746,0,0.5620729669452537,0,[-0.98809179  0.01489535  4.17884564  6.12908308 -1.71892812  0.22289639],"[-9.75323766e-02  3.16541136e-02  4.97703177e+01  6.85421737e+00
 -1.25474718e+00 -2.13454944e-01]","[  1.39171551   0.1047069  -11.36140199  17.8118394   -0.39189375
  -1.03706856]","[ 34.67056219   1.14604485   1.35584821 -45.00801956  -1.17507212
   0.44931012]","[ 2.09941729e-01  1.30983581e-02  1.08767341e+02 -2.08348035e+01
 -7.51795927e-01  8.87012756e-01]","[  1.22958772   0.08379833  18.62538483 -20.90154454  -1.2190173
   0.3877837 ]",[-0.83986136  0.10291938 14.78345679 14.41605409 -1.04958088 -0.63160057],"[ 2.37917059e-01  2.54350575e-02  6.21440484e+01 -1.27851292e+01
 -1.29683605e+00 -6.31928968e-02]",007,RP
747,0,0.5620729669452537,0,"[-9.82988686e-01  2.35644103e-02  6.04999963e+01  6.14708119e+01
 -9.52396986e-01  7.49920871e-01]","[-7.84006824e-02  2.79345430e-02  5.64836983e+01  6.42836049e+00
 -1.25142199e+00 -1.61221042e-01]",[ 1.30439922  0.20783928 -7.15650754 11.33494289 -0.91805205 -0.76007811],"[ 35.48462528   1.47949393   1.05921636 -35.58589576  -1.24932358
   0.32426723]","[ 2.20034735e-01  2.14322178e-02  7.16613969e+01 -1.37679965e+01
 -1.12752229e+00  5.52561987e-01]","[  1.28779204   0.10423719  15.07589004 -17.41461123  -1.27160505
   0.27000793]",[-0.79269214  0.05878963 23.42090741 20.56556933 -0.6191519  -0.96270885],"[ 2.53707694e-01  2.44301337e-02  6.47031632e+01 -1.44156903e+01
 -1.29387305e+00 -5.86473782e-02]",007,RP
748,0,0.5620729669452537,0,"[-9.68118003e-01  3.32263386e-02  4.71416136e+01  4.76386448e+01
 -1.39720521e+00  2.61402777e-01]","[-6.08811935e-02  2.60340144e-02  6.07125487e+01  5.69625242e+00
 -1.25428161e+00 -4.88693348e-02]",[ 1.14602116  0.31719451 -4.87416044  7.58589101 -1.15689897 -0.49827097],"[ 36.48965301   1.76662701   0.89146106 -30.52910469  -1.29437568
   0.21631247]","[ 2.35300161e-01  2.88681645e-02  5.41989886e+01 -1.07530307e+01
 -1.25255812e+00  3.45925187e-01]","[  1.35775256   0.12103412  13.02784789 -15.68859387  -1.29869001
   0.18093178]",[-0.775424    0.02865622  5.6626615   6.39096364 -1.66509184 -0.27933967],"[ 2.68945272e-01  2.35957701e-02  6.69983127e+01 -1.60188794e+01
 -1.29286842e+00 -4.54579201e-02]",007,RP
749,0,0.5620729669452537,0,"[-9.49224347e-01  3.44668230e-02  4.56799888e+01  4.53605575e+01
 -1.42384313e+00 -1.52124432e-01]","[-4.37683707e-02  2.64266684e-02  5.97835898e+01  4.61663032e+00
 -1.25003271e+00  9.11842650e-02]",[ 0.92045777  0.4178379  -3.74813678  5.45000163 -1.25095196 -0.33318718],"[ 37.64592645   1.9711616    0.80114081 -28.1596881   -1.31953443
   0.11856849]","[ 2.54849927e-01  3.47280906e-02  4.53543400e+01 -9.55855022e+00
 -1.29885202e+00  2.11935483e-01]","[  1.43682218   0.1331498   11.86326982 -15.04540918  -1.31295789
   0.10717587]","[ -0.78748329   0.05084558 -26.49332957 -18.86305427  -0.61111089
  -0.95473063]","[ 2.83743677e-01  2.30115121e-02  6.87061582e+01 -1.74949379e+01
 -1.29375303e+00 -2.85846155e-02]",007,RP
750,0,0.5620729669452537,0,"[-9.32390026e-01  2.69961684e-02  5.57472458e+01  5.39781760e+01
 -1.15057969e+00 -6.06730536e-01]","[-2.57179382e-02  2.91731582e-02  5.40270009e+01  3.38946307e+00
 -1.24134557e+00  1.99792441e-01]",[ 0.63635712  0.50155285 -3.13982081  3.99804732 -1.29239832 -0.21824948],"[ 3.88950777e+01  2.06750390e+00  7.64651580e-01 -2.77411826e+01
 -1.32920556e+00  2.70556333e-02]","[ 2.77583705e-01  3.87384358e-02  4.07679418e+01 -9.31651634e+00
 -1.31581515e+00  1.16360120e-01]","[  1.5218046    0.13983722  11.30501244 -15.20401994  -1.31970951
   0.04099333]","[ -0.8265755    0.08777668 -17.38823675 -12.37269041  -1.10340665
  -0.59378616]","[ 2.98243769e-01  2.26785155e-02  6.97185716e+01 -1.87931295e+01
 -1.29565583e+00 -1.34776092e-02]",007,RP
751,0,0.5620729669452537,0,"[-9.23166147e-01  1.52225607e-02  5.90508955e+01  5.65137876e+01
 -8.40889877e-01 -6.36714923e-01]","[-5.47262542e-03  3.38836898e-02  4.64389234e+01  2.25414283e+00
 -1.24389236e+00  2.46461845e-01]",[ 0.30583429  0.56355001 -2.80151959  2.85680075 -1.31010466 -0.13232334],"[ 40.16776558   2.04519501   0.77280658 -29.04191359  -1.32587732
  -0.06103072]",[ 0.30232206  0.04087055 38.67913277 -9.69355504 -1.31995194  0.04298847],"[  1.60912193   0.1406386   11.24161629 -16.08913135  -1.32094762
  -0.02337043]","[ -0.88848162   0.11922298 -13.12402756  -9.66045721  -1.27127091
  -0.33900126]","[ 3.12578418e-01  2.25418722e-02  7.01422112e+01 -1.99249414e+01
 -1.29756288e+00 -3.15879598e-03]",007,RP
752,0,0.7689100550618748,0,"[-9.25813123e-01  2.05463492e-02 -5.27933552e+01 -4.68767811e+01
 -3.97585118e-01 -1.00173342e+00]","[ 1.79126516e-02  3.98111841e-02  3.95326500e+01  1.29186541e+00
 -1.26082312e+00  2.39522314e-01]",[-0.05709472  0.602148   -2.62483229  1.85013594 -1.31592944 -0.06544222],"[ 41.39251018   1.90943443   0.82648959 -32.21047883  -1.31093134
  -0.1493163 ]","[ 3.27919418e-01  4.12587793e-02  3.83205168e+01 -1.05660416e+01
 -1.31774615e+00 -1.68557577e-02]","[  1.69499549   0.13537908  11.6708638  -17.78206155  -1.31651747
  -0.09127088]","[ -0.96699429   0.1399814  -11.26895175  -8.89701199  -1.33480368
  -0.1562076 ]","[ 3.26849041e-01  2.25279515e-02  7.01856098e+01 -2.09400993e+01
 -1.29894452e+00  2.29804462e-03]",007,RP
753,0,0.7702252795377779,0,"[ -0.94277091   0.04203438 -35.05391644 -31.04781264  -0.88523825
  -0.79249778]",[ 0.04488739  0.04598367 34.27408914  0.46152556 -1.28408221  0.19866742],[-0.43803986  0.61817658 -2.55766142  0.87964234 -1.31583806 -0.01160345],"[ 42.50393649   1.67785147   0.9376284  -37.85289783  -1.28304679
  -0.24425977]","[  0.35334192   0.04013223  39.38242591 -11.91546179  -1.31200814
  -0.06855275]","[  1.77563089   0.12418227  12.70175134 -20.55362209  -1.30402883
  -0.16900829]","[-1.05411807e+00  1.46949341e-01 -1.07569508e+01 -9.33909621e+00
 -1.35380574e+00  4.28403854e-03]","[ 3.41117009e-01  2.25717843e-02  7.00492553e+01 -2.18949924e+01
 -1.29987226e+00  4.13254561e-03]",007,RP
754,0,0.7702252795377779,0,"[ -0.97442953   0.06447912 -23.97883154 -21.36568157  -1.17608235
  -0.49046516]",[ 0.0752974   0.0513507  30.74135626 -0.31474405 -1.30550246  0.13907666],[-0.82347279  0.61401606 -2.57480026 -0.12027796 -1.31277774  0.03365767],"[ 43.44921419   1.37568594   1.13687754 -47.39643569  -1.23435289
  -0.35720672]","[ 3.77707210e-01  3.77572872e-02  4.18298253e+01 -1.37994266e+01
 -1.30394710e+00 -1.16339512e-01]","[  1.84741728   0.10751549  14.61816474 -25.00585013  -1.27699336
  -0.26592998]","[ -1.14063386   0.13864085 -11.37143138 -10.97063972  -1.33624076
   0.17331842]","[ 3.55407101e-01  2.26252313e-02  6.98838083e+01 -2.28372017e+01
 -1.30058821e+00  3.39675126e-03]",007,RP
755,0,0.7702252795377779,0,"[ -1.01921609   0.08325596 -18.85038068 -17.21261126  -1.28527055
  -0.28960456]",[ 0.1083708   0.05494166 28.76581116 -1.1173741  -1.32050623  0.0690853 ],[-1.20148388  0.59268227 -2.66656118 -1.20383027 -1.30798238  0.07387589],"[ 44.1919727    1.03191669   1.49729861 -64.16857944  -1.141384
  -0.50879935]","[ 4.00291833e-01  3.43899963e-02  4.58746642e+01 -1.63632534e+01
 -1.29360975e+00 -1.64840366e-01]","[  1.90714965   0.08625246  18.07811625 -32.477673    -1.21844658
  -0.39895516]","[ -1.21702361   0.11556942 -13.49063936 -14.41842665  -1.25733141
   0.38575909]","[ 3.69717063e-01  2.26545167e-02  6.97935252e+01 -2.38038572e+01
 -1.30109881e+00  8.04275793e-04]",007,RP
756,0,0.7702252795377779,0,"[ -1.07396264   0.09590013 -16.45688255 -15.67407698  -1.32685252
  -0.14185507]","[ 1.42800550e-01  5.60086315e-02  2.82283009e+01 -2.03101690e+00
 -1.32692131e+00 -8.33279587e-03]",[-1.56202246  0.55718751 -2.83480313 -2.42802615 -1.30188843  0.11220534],"[ 44.71370249   0.67777115   2.20766011 -96.71265729  -0.93229365
  -0.74042482]","[ 4.20515775e-01  3.02435042e-02  5.20721467e+01 -1.98971592e+01
 -1.27929847e+00 -2.20364332e-01]","[  1.95225698   0.06175863  24.72543699 -46.2704069   -1.07679283
  -0.60391911]","[ -1.27457913   0.08070362 -18.53749449 -21.62750365  -1.00632622
   0.70157005]","[ 3.84027758e-01  2.26384184e-02  6.98431133e+01 -2.48216942e+01
 -1.30125725e+00 -2.80186553e-03]",007,RP
757,0,0.7702252795377779,0,"[ -1.1344684    0.10121983 -15.61831101 -15.71848025  -1.33720559
  -0.02109365]",[ 0.17690829  0.05412723 29.18797201 -3.16359408 -1.32280461 -0.09409623],[-1.89675935  0.51013913 -3.09357885 -3.86777461 -1.29430607  0.15234949],"[  45.01326839    0.35202621    3.66556204 -162.99892807   -0.42724688
   -1.05830992]","[ 4.37915320e-01  2.54782211e-02  6.16176106e+01 -2.49832957e+01
 -1.25584615e+00 -2.92594231e-01]","[ 1.98099730e+00  3.62493920e-02  3.86685443e+01 -7.46022819e+01
 -6.74433657e-01 -9.33652831e-01]","[ -1.30643077   0.04218608 -26.09033724 -32.08521937  -0.50563939
   0.91776169]","[ 3.98311209e-01  2.25687864e-02  7.00584152e+01 -2.59050521e+01
 -1.30108624e+00 -6.46174996e-03]",007,RP
758,0,0.7702252795377779,0,"[ -1.19612833   0.09910959 -15.94149221 -17.06807052  -1.32902662
   0.08795781]",[ 0.20885736  0.04924351 32.00640248 -4.68477259 -1.30437999 -0.19275618],[-2.19880197  0.45356268 -3.47474825 -5.64028331 -1.28372408  0.19927756],[45.10500738  0.17812219 -1.520434   70.57918684 -1.63856455 -0.26309562],"[ 4.52112376e-01  2.02140295e-02  7.71578121e+01 -3.28840018e+01
 -1.20943204e+00 -3.98939287e-01]","[ 1.99257364e+00  1.70492906e-02  2.27451910e+01 -4.33214680e+01
 -1.43478554e+00 -3.90075033e-01]",[-1.30827376  0.03846111 23.70640054 33.01446185 -0.63853961  0.80984755],"[ 4.12536273e-01  2.24481437e-02  7.04346475e+01 -2.70568470e+01
 -1.30083911e+00 -9.62157139e-03]",007,RP
759,0,0.7430177490862097,0,"[ -1.25449456   0.09029353 -17.45193471 -19.89335707  -1.30490134
   0.19811502]",[ 0.23687005  0.04166038 37.62938074 -6.91327317 -1.26244863 -0.31491475],[-2.46245981  0.38905113 -4.04158267 -7.95223489 -1.26623536  0.259441  ],"[ 45.0154854    0.32655595  -4.37585192 198.98109826  -0.84130063
  -0.82645136]","[ 4.62786901e-01  1.45647838e-02  1.05237220e+02 -4.67024069e+01
 -1.09563932e+00 -5.76894774e-01]","[ 1.98713395e+00  2.74369540e-02 -4.76417119e+01  9.66704629e+01
 -5.53765926e-01 -9.73064800e-01]",[-1.27865631  0.07923578 18.48987515 25.64219548 -0.87168004  0.80456903],"[ 4.26671974e-01  2.22822571e-02  7.09586669e+01 -2.82760745e+01
 -1.30076381e+00 -1.24474214e-02]",007,RP
760,0,0.7430177490862097,0,"[ -1.3056718    0.07600199 -20.61262545 -24.91332382  -1.2578001
   0.32654802]","[ 2.59402874e-01  3.19661292e-02  4.84139404e+01 -1.05587153e+01
 -1.16930963e+00 -4.85879012e-01]","[ -2.68318282   0.31825299  -4.91979465 -11.20070845  -1.23387716
   0.34148753]","[ 44.77931013   0.50777093  -3.05130116 138.63516074  -1.2173542
  -0.4568704 ]","[ 4.69661561e-01  8.75869306e-03  1.62618037e+02 -7.43754411e+01
 -7.42892945e-01 -8.91150115e-01]","[ 1.96565535e+00  4.92034782e-02 -3.08543956e+01  6.26491078e+01
 -1.05693576e+00 -6.36149265e-01]",[-1.21880645  0.12306761 12.55575563 17.30303589 -1.16636291  0.49833222],"[ 4.40687881e-01  2.20720336e-02  7.16340050e+01 -2.95682379e+01
 -1.30091646e+00 -1.55791967e-02]",007,RP
761,0,0.7430177490862097,0,"[ -1.34651289   0.05768526 -26.77200021 -34.04884339  -1.15626602
   0.50633483]","[ 2.75247828e-01  2.09861569e-02  7.06690675e+01 -1.74515073e+01
 -9.19046013e-01 -7.63648585e-01]","[ -2.85774268   0.2434824   -6.37603788 -16.22107557  -1.16955965
   0.45949214]","[ 44.43496121   0.63916407  -2.46135438 111.37018656  -1.30883072
  -0.2359853 ]","[ 4.72507766e-01  4.19665827e-03  1.18809301e+02 -5.41383173e+01
 -1.31402712e+00 -4.38263288e-01]","[  1.92975965   0.06967822 -22.36900486  45.16680296  -1.2196607
  -0.40297234]",[-1.13210569  0.16124481  9.72161774 13.00589877 -1.26324048  0.31550935],"[ 4.54551217e-01  2.18094664e-02  7.24955681e+01 -3.09529487e+01
 -1.30122491e+00 -1.97138257e-02]",007,RP
762,0,0.7430177490862097,0,"[-1.37466745e+00  3.70330244e-02 -3.96274228e+01 -5.24745283e+01
 -8.72190156e-01  8.02445745e-01]","[ 2.83557194e-01  1.04587788e-02  1.02432907e+02 -2.70455878e+01
 -4.84989711e-01 -9.28567556e-01]","[ -2.98460927   0.16813753  -9.04719929 -25.00235486  -1.02821231
   0.64223687]","[ 4.40214517e+01  7.13666686e-01 -2.21355785e+00  9.94440299e+01
 -1.33174609e+00 -9.48596883e-02]","[ 4.71175670e-01  6.79153544e-03 -1.86663466e+02  8.99512833e+01
 -4.63396912e-01 -1.01907301e+00]","[  1.88152136   0.08703439 -18.05883153  35.9780773   -1.27668814
  -0.26522312]",[-1.02338752  0.19120529  8.24205088 10.43481203 -1.29935613  0.19736894],"[ 4.68221040e-01  2.14765984e-02  7.36176102e+01 -3.24693140e+01
 -1.30168888e+00 -2.55797838e-02]",007,RP
763,0,0.7430177490862097,0,"[-1.38860096e+00  1.79759564e-02 -5.17694504e+01 -6.98871084e+01
 -6.22783890e-01  8.19723184e-01]","[ 2.83818765e-01  9.92630304e-03 -9.68631472e+01  2.94915788e+01
 -5.56250829e-01 -8.70316501e-01]","[ -3.06428487   0.09711676 -14.58342587 -42.68777131  -0.66691083
   0.94026589]","[ 4.35761697e+01  7.33298847e-01 -2.15593971e+00  9.59475948e+01
 -1.33385467e+00  1.48974649e-02]","[ 4.65642747e-01  1.28009977e-02 -1.17473406e+02  5.67006397e+01
 -9.84281267e-01 -7.01638747e-01]","[  1.82331227   0.10065908 -15.66893686  30.56936479  -1.30122221
  -0.17204621]",[-0.89823331  0.21210232  7.44642247  8.68862467 -1.31292148  0.1134644 ],"[ 4.81639653e-01  2.10425628e-02  7.51328733e+01 -3.41869710e+01
 -1.30246101e+00 -3.43958928e-02]",007,RP
764,0,0.7430177490862097,0,"[-1.38767985e+00  1.98428141e-02  5.48490486e+01  7.81129195e+01
 -4.83450453e-01  9.33190416e-01]","[ 2.75819527e-01  2.08278565e-02 -7.03097113e+01  2.13927913e+01
 -8.41497406e-01 -8.22155304e-01]","[-3.09930174e+00  4.26665146e-02 -1.58569234e+01 -4.71453904e+01
 -9.16194255e-01  6.72249686e-01]",[43.13392964  0.70165146 -2.25051906 99.07373081 -1.32393985  0.11994076],"[ 4.56068691e-01  1.88615955e-02 -8.22786052e+01  3.95246958e+01
 -1.18558994e+00 -4.57129174e-01]","[  1.75770449   0.11019119 -14.33679186  27.19984342  -1.31303197
  -0.10014059]",[-0.76239559  0.22401692  7.056523    7.37986203 -1.31675833  0.04916718],"[ 4.94721107e-01  2.04567729e-02  7.72770597e+01 -3.62305925e+01
 -1.30363622e+00 -4.83670854e-02]",007,RP
765,0,0.7430177490862097,0,"[-1.37233779e+00  3.87648097e-02  3.84223736e+01  5.47284752e+01
 -9.68622179e-01  7.30447427e-01]","[ 2.59630156e-01  3.31296262e-02 -4.64667249e+01  1.40641631e+01
 -1.12143656e+00 -5.41423334e-01]","[-3.09373550e+00  5.37189609e-02  2.31574813e+01  7.36431220e+01
 -5.38946928e-01  9.45033526e-01]","[ 42.72668516   0.6228854   -2.52553549 109.90775974  -1.29626296
   0.24154898]","[ 4.42838084e-01  2.42330131e-02 -6.47424458e+01  3.06704207e+01
 -1.26666161e+00 -3.00819326e-01]","[  1.68742894   0.11535147 -13.70509346  25.12637129  -1.31848157
  -0.0377604 ]","[-6.21406553e-01  2.27553406e-01  6.94826610e+00  6.31769809e+00
 -1.31599110e+00 -3.72411783e-03]","[ 5.07338004e-01  1.96436650e-02  8.04582547e+01 -3.88195304e+01
 -1.30477220e+00 -7.06794211e-02]",007,RP
766,0,0.6945283452620264,0,[-1.34426529  0.05662198 27.47179148 38.92937563 -1.23619668  0.41702695],"[  0.23562534   0.04495037 -34.75569809  10.18932327  -1.22602579
  -0.37384172]",[-3.05228048  0.09863428 15.35261745 48.86049457 -1.04227633  0.65093904],"[ 42.38283756   0.50316328  -3.09604974 133.21937316  -1.22625526
   0.40626332]","[ 4.26571541e-01  2.84600761e-02 -5.53914736e+01  2.56284262e+01
 -1.30408132e+00 -1.86633664e-01]","[ 1.61535576e+00  1.15920879e-01 -1.36387700e+01  2.40314658e+01
 -1.31962247e+00  2.25077396e-02]",[-0.48035321  0.2235557   7.07108005  5.39661602 -1.31267527 -0.0507631 ],"[ 5.19310435e-01  1.85079054e-02  8.53531831e+01 -4.23247987e+01
 -1.30437395e+00 -1.05032195e-01]",007,RP
767,0,0.6945283452620264,0,[-1.30651084  0.06907844 22.80304854 31.79243001 -1.33188252  0.19837491],"[  0.20452814   0.05546374 -28.34615327   7.79758597  -1.27529564
  -0.25995424]",[-2.97909734  0.14267526 10.90429482 34.4849557  -1.18975542  0.43182059],"[ 42.12541508   0.35347208  -4.280131   182.302295    -1.0356252
   0.65892852]","[ 4.08098161e-01  3.12216171e-02 -5.06023127e+01  2.26507107e+01
 -1.32096404e+00 -9.39273317e-02]","[  1.54445326   0.11177161 -14.13688992  23.83376575  -1.31607129
   0.08673584]",[-0.34375452  0.21295557  7.41907669  4.55034117 -1.30709556 -0.09602179],"[ 5.30401416e-01  1.69523280e-02  9.30830568e+01 -4.73713851e+01
 -1.29954144e+00 -1.55695279e-01]",007,RP
768,0,0.6945283452620264,0,"[-1.26335645e+00  7.39411594e-02  2.13762307e+01  2.90057988e+01
 -1.36082171e+00  1.42856649e-02]","[  0.16744352   0.06396746 -24.65698019   6.12865154  -1.30184635
  -0.17142101]",[-2.87679246  0.18529152  8.45483701 26.32281138 -1.22558467  0.33490705],"[ 4.19693318e+01  1.95240645e-01 -6.73256372e+00  2.84561201e+02
 -5.16247675e-01  1.00776407e+00]","[ 3.88401149e-01  3.23275790e-02 -4.89063737e+01  2.09952918e+01
 -1.32636236e+00 -1.13725829e-02]","[  1.47770272   0.1029371  -15.32667675  24.64827189  -1.30510792
   0.16109895]",[-0.21545662  0.19680044  8.02102638  3.72818327 -1.29835814 -0.14181467],"[ 5.40320648e-01  1.48999585e-02  1.05649403e+02 -5.50845541e+01
 -1.28496045e+00 -2.29606528e-01]",007,RP
769,0,0.6945283452620264,0,[-1.21988616  0.07026278 22.43714655 29.37076463 -1.34191522 -0.17171629],"[  0.12584533   0.06986073 -22.61482181   4.84596976  -1.31610341
  -0.09547756]",[-2.74593396  0.22954658  6.8402999  20.78301177 -1.23636147  0.29350706],"[ 41.91872495   0.10142879   1.78227313 -72.71061707  -1.68159443
   0.24371306]","[ 3.68555627e-01  3.16990419e-02 -4.98560229e+01  2.03747178e+01
 -1.32369444e+00  7.05183165e-02]","[  1.41797178   0.08970471 -17.53013986  26.85724369  -1.28061483
   0.25390686]",[-0.098483    0.17641628  8.93684431  2.88012725 -1.28535864 -0.18783264],"[ 5.48736104e-01  1.23105269e-02  1.27145397e+02 -6.77692697e+01
 -1.24755760e+00 -3.42185931e-01]",007,RP
770,0,0.6057729005113903,0,[-1.18129476  0.05852268 26.6225736  33.4491068  -1.25364886 -0.39446519],"[  0.08149971   0.07272616 -21.73884548   3.77170971  -1.32170258
  -0.02604971]",[-2.58535103  0.27785057  5.6571865  16.62581297 -1.24540362  0.27045595],"[ 4.19656146e+01  1.80354983e-01  7.85447107e+00 -3.27617706e+02
 -8.44819548e-01  8.22995465e-01]","[ 3.49667831e-01  2.93416863e-02 -5.37643569e+01  2.07996661e+01
 -1.31120791e+00  1.62652583e-01]","[  1.36785835   0.07269013 -21.47970283  31.38119078  -1.22785154
   0.38047568]","[ 5.15598795e-03  1.53536479e-01  1.02538170e+01  1.94713144e+00
 -1.26833565e+00 -2.30606999e-01]","[ 5.55293144e-01  9.19796396e-03  1.67416151e+02 -9.09650410e+01
 -1.14296248e+00 -5.30427509e-01]",007,RP
771,0,0.6053769241850632,0,"[-1.15209386e+00  4.07635752e-02  3.67030433e+01  4.42853508e+01
 -9.95934108e-01 -7.07922337e-01]","[  0.03633167   0.07241476 -21.83080248   2.79314947  -1.32004003
   0.03980576]",[-2.39315278  0.33031557  4.76358192 13.39997929 -1.25908374  0.24517873],"[  42.09063245    0.27414701    5.66789851 -236.56543309   -1.2774311
    0.4070142 ]","[ 3.32814263e-01  2.53459106e-02 -6.19610372e+01  2.26215170e+01
 -1.27907748e+00  2.79929222e-01]","[  1.32952318   0.05288548 -28.98175136  40.53191014  -1.10159524
   0.57476021]",[ 0.09461145  0.13020166 12.07556795  0.85751305 -1.25019663 -0.26418152],"[ 5.59641523e-01  5.70473035e-03  2.51286503e+02 -1.38630361e+02
 -7.93353504e-01 -8.59238134e-01]",007,RP
772,0,0.6053769241850632,0,"[-1.13539976e+00  2.13128263e-02  5.46518269e+01  6.40516712e+01
 -4.39835637e-01 -9.91104880e-01]","[-7.73773555e-03  6.90790225e-02 -2.28678726e+01  1.82305445e+00
 -1.31195464e+00  1.04006129e-01]",[-2.16812888  0.38428586  4.09981399 10.88892511 -1.27626331  0.20986837],"[ 4.22657512e+01  3.24888045e-01  4.85793304e+00 -2.03324189e+02
 -1.37470993e+00  1.13301130e-01]","[ 3.18978371e-01  1.99234238e-02 -7.79302609e+01  2.68580676e+01
 -1.19859730e+00  4.48099219e-01]","[ 1.30454024e+00  3.18985934e-02 -4.46643990e+01  6.02665057e+01
 -7.37699469e-01  8.95459878e-01]",[ 0.17018276  0.10836377 14.4976397  -0.46724837 -1.23614997 -0.28286056],"[ 5.61469537e-01  2.81149394e-03  1.81978581e+02 -1.00175429e+02
 -1.31433688e+00 -4.28142091e-01]",007,RP
773,0,0.3686537291945667,0,"[ -1.1573164    0.06917142 -15.4594854  -15.89151599   0.17980405
  -1.44817659]","[ -0.0600867    0.08177982 -19.05280518   0.85517986  -0.96237348
  -0.38323857]",[-1.60585698  1.04723562  1.32156558  4.1222453  -0.11928907  1.22212622],"[  42.40389145    0.26006321    5.55227271 -233.43796934   -1.24591297
   -0.4064702 ]",[ 0.32150863  0.02469569 18.2719473  -3.87458883 -0.7925054   0.75876721],[ 1.34456421  0.11888223  8.37743754 -9.26400266  0.1753079   1.4479619 ],[ 0.24302139  0.10494501 15.00306494 -1.64606566 -1.09218153  0.09138678],"[  0.5471499    0.03427025 -33.45729757  20.30615704   0.23692597
  -1.49039743]",007,RP
774,0,0.3686537291945667,0,"[ -1.18433613   0.08437112 -16.45795731 -17.49175353  -1.82192438
  -0.40052363]","[ -0.10142524   0.07347599 -20.71427215  -0.10095009  -1.56578296
   0.02267866]",[-1.04210568  1.23568995  1.19909883  3.2495877  -1.77260994  0.34224909],"[ 4.24895819e+01  1.60793056e-01  5.09548213e+00 -2.14504905e+02
 -7.29204592e-01 -3.95456796e-01]",[ 0.33173868  0.03663359 34.96788025 -9.60019843 -1.55170151  0.44886736],[ 1.40647417  0.1697388   8.22399082 -9.56683065 -1.69545036  0.46996874],[ 0.28834011  0.07841605 18.14370794 -3.23155868 -1.20641236 -0.14112032],"[  0.52880502   0.04654105 -30.61815964  18.19103641  -1.74074931
  -0.44577664]",007,RP
775,0,0.4744383598607816,0,"[ -1.21016456   0.07928294 -16.07370974 -17.45183392  -1.78326034
   0.35631563]","[ -0.13133483   0.05568642 -23.67611081  -1.10949798  -1.44981326
   0.536049  ]",[-0.49713425  1.19585966  1.21817094  2.6055945  -1.76951625 -0.4023322 ],"[ 4.25329430e+01  9.58554506e-02 -6.57769490e+00  2.81768723e+02
 -8.06714523e-01  8.95227485e-01]",[ 0.34911688  0.04606717 32.69001403 -9.41263563 -1.65396147 -0.1165138 ],[ 1.48792129  0.19544638  7.71156254 -9.47419805 -1.724217   -0.21408367],[ 0.30307807  0.05800706  5.08448626  0.45900369 -1.27982296  0.39191888],"[  0.50718133   0.05083207 -29.40612116  16.91423569  -1.76003493
   0.28257977]",007,RP
776,0,0.4744383598607816,0,[-1.2282923   0.06119645 -8.26594528 -8.15299695 -0.7413499   0.84509102],"[ -0.15016154   0.03485214 -19.20069495  -0.88320585  -0.3050238
   1.08870178]",[ 0.00740562  0.93806132  1.36018947  1.98992696  0.12279895 -1.40932297],"[ 4.25631104e+01  9.75912043e-02 -5.76146178e+00  2.47225734e+02
 -1.55388943e+00  8.01425196e-02]",[ 0.37271372  0.0475606  31.97909871 -9.91904889 -0.72343521 -0.6893073 ],"[  1.58603765   0.18718575   7.94751031 -10.60505056  -0.52829391
  -0.86308756]","[  0.28369459   0.09005721 -12.98374684   5.68341876  -0.80870264
  -0.5351979 ]","[  0.48322181   0.04558296 -31.48562776  17.21454214  -0.30322204
   1.07615748]",007,RP
777,0,0.4744383598607816,0,[-1.23284123  0.05235814 28.9486648  37.68910751 -1.03398772  0.65373006],"[-1.58919561e-01  1.77711561e-02  8.86397755e+01  1.60865942e+01
 -1.35375881e+00  1.87232401e-01]",[ 0.45040808  0.16172441  8.91824221 -2.01684836 -0.7920043  -0.86068218],"[ 4.26251510e+01  2.18493041e-01  5.30199028e+00 -2.23998136e+02
 -2.39619151e-01  1.14178583e+00]","[ 4.01296362e-01  3.22005344e-02  4.90952235e+01 -1.77017346e+01
 -1.32042798e+00 -3.76319494e-02]","[ 1.69752029e+00  1.12869369e-01  1.40082279e+01 -2.17792511e+01
 -1.31238618e+00  1.16995712e-02]","[  0.22687994   0.15106814 -10.28716642   4.3339517   -1.1822687
  -0.44575797]","[ 4.58010824e-01  2.08183560e-02 -7.56989584e+01  3.66709423e+01
 -1.29764056e+00  1.97795867e-01]",007,RP
778,0,0.4744383598607816,0,[-1.19446519  0.07458451 20.87419867 26.93350373 -1.21750078  0.41563937],"[-1.47990241e-01  1.87826186e-02  8.41446826e+01  1.44525919e+01
 -1.36381500e+00 -2.61179899e-02]",[ 0.50805158  0.07610949  9.77677688 -2.96710696 -0.87080535 -0.67553835],"[  42.82957917    0.47822349    3.04204914 -128.28968459   -0.75231316
    0.87985346]","[ 4.20904144e-01  3.07604680e-02  5.13561731e+01 -1.96160261e+01
 -1.31222176e+00 -1.02146027e-01]","[  1.76793821   0.11208979  14.10464842 -22.9361469   -1.3144491
  -0.03062919]",[ 0.12046171  0.19354606 -8.10322837  2.97612877 -1.26156129 -0.30824223],"[ 4.46097447e-01  1.76543010e-02 -8.88725088e+01  4.16457993e+01
 -1.26185534e+00  3.01371536e-01]",007,RP
779,0,0.4744383598607816,0,[-1.14334877  0.09274055 16.95609062 21.38672527 -1.29531281  0.24990876],"[-1.37014779e-01  1.75075063e-02  8.99703588e+01  1.43272689e+01
 -1.32153246e+00 -2.03358254e-01]","[  0.49796504   0.09623722 -12.45203925   8.20068028  -0.4995142
  -0.95600089]","[ 43.22007527   0.79758193   1.91374522 -80.71221234  -1.04591937
   0.61955976]","[ 4.39273826e-01  2.81579948e-02  5.60241096e+01 -2.26099250e+01
 -1.29801852e+00 -1.66260667e-01]","[  1.83665456   0.10789216  14.64630914 -24.90021048  -1.31320331
  -0.0823269 ]",[-0.00947599  0.22770344 -6.92234252  1.93440396 -1.30717495 -0.18957214],"[ 4.36393962e-01  1.38074206e-02 -1.12580472e+02  5.11294383e+01
 -1.19117469e+00  4.40192006e-01]",007,RP
780,0,0.4744383598607816,0,[-1.08283549  0.10458539 15.09844436 18.34913133 -1.3289634   0.1181068 ],"[-1.27225429e-01  1.45858577e-02  1.07112572e+02  1.56274429e+01
 -1.23917967e+00 -3.69689350e-01]",[ 0.42447487  0.17860773 -8.44350931  5.58405751 -1.0416113  -0.66439183],"[ 43.8169168    1.13664509   1.36754567 -57.92163507  -1.18357672
   0.44305564]","[ 4.55764379e-01  2.46762053e-02  6.37893851e+01 -2.70729295e+01
 -1.27698479e+00 -2.32899355e-01]","[  1.90145622   0.09999841  15.78365941 -28.01193731  -1.30523044
  -0.14552804]",[-0.1562643   0.24859353 -6.35623775  1.00674695 -1.3302171  -0.08037612],"[ 4.29260494e-01  9.57996725e-03 -1.58352714e+02  6.99745641e+01
 -1.02774810e+00  6.53228258e-01]",007,RP
781,0,0.4744383598607816,0,"[-1.01728503e+00  1.08773353e-01  1.45342467e+01  1.67854715e+01
 -1.33776948e+00  1.53172375e-03]","[-1.19393712e-01  1.08540524e-02  1.41981108e+02  1.89516515e+01
 -1.11209705e+00 -5.38670681e-01]",[ 0.296587    0.25266867 -6.17517129  3.8314755  -1.24961344 -0.38074111],"[ 44.62036711   1.4599072    1.0740569  -45.924813    -1.25481948
   0.31343535]","[ 4.69915327e-01  2.06273948e-02  7.60566073e+01 -3.37401655e+01
 -1.24694683e+00 -3.06657021e-01]","[  1.96011025   0.08851449  17.78944637 -32.86927622  -1.28640874
  -0.22233431]",[-0.31067726  0.25287546 -6.25153215  0.05779112 -1.3357563   0.02694021],"[ 4.24886342e-01  5.38262837e-03 -2.53827228e+02  1.09847722e+02
 -5.82818750e-01  9.83868125e-01]",007,RP
782,0,0.4741070816593583,0,[-0.95156428  0.10496015 15.04665411 16.31785851 -1.32782907 -0.11178802],"[-1.13773237e-01  7.14812886e-03  2.11209135e+02  2.60299468e+01
 -9.31618224e-01 -7.14245882e-01]",[ 0.12710375  0.30582477 -5.15150299  2.65477536 -1.31638952 -0.20006519],"[ 45.61050069   1.73532729   0.90775213 -39.40302899  -1.2936319
   0.210499  ]","[ 4.81446948e-01  1.63065282e-02  9.56806623e+01 -4.40651629e+01
 -1.20142444e+00 -3.97243317e-01]","[  2.01057538   0.07399425  21.18624637 -40.59654524  -1.25052497
  -0.31829035]",[-0.4619102   0.23912926 -6.59989124 -1.04855707 -1.3241688   0.14262313],"[ 4.23296141e-01  2.58085064e-03 -5.08381498e+01  2.35195926e+01
 -1.67712704e+00  2.75722866e-01]",007,RP
783,0,0.4741070816593583,0,[-0.89048694  0.0937525  16.78492696 16.94675818 -1.29741393 -0.23419335],"[-1.10141099e-01  4.13845504e-03  3.57084903e+02  4.13297235e+01
 -7.21911004e-01 -8.68068289e-01]",[-0.06849003  0.33354809 -4.73802647  1.67549243 -1.3381443  -0.06392978],"[ 46.74900577   1.93613186   0.81559563 -36.12828497  -1.31502862
   0.1222904 ]","[ 4.90238711e-01  1.19567714e-02  1.29053660e+02 -6.12670999e+01
 -1.11957817e+00 -5.26136575e-01]","[  2.0511942    0.05732198  27.10079306 -53.58898959  -1.18165086
  -0.44934165]",[-0.59862058  0.20769804 -7.55787051 -2.52429681 -1.2860856   0.28550779],"[ 4.24372667e-01  4.54921571e-03  2.98609493e+02 -1.24721707e+02
 -6.37404240e-01  9.40554440e-01]",007,RP
784,0,0.4529628561130588,0,[-0.83831049  0.07651266 20.39610731 19.09827081 -1.23231871 -0.38510055],"[-1.07911815e-01  2.26734015e-03  6.66705873e+02  7.39454410e+01
 -7.14526609e-01 -7.41950504e-01]",[-0.27314606  0.33400606 -4.73173762  0.70754451 -1.33853395  0.05969629],"[ 4.79822235e+01  2.04143241e+00  7.74374220e-01 -3.51561969e+01
 -1.32585283e+00  3.97145662e-02]","[ 4.96297585e-01  7.77582643e-03  1.92542788e+02 -9.35585209e+01
 -9.29862707e-01 -7.39698291e-01]","[ 2.08080680e+00  3.95482785e-02  3.83467842e+01 -7.77922494e+01
 -1.02329402e+00 -6.56197897e-01]",[-0.70984709  0.1604783  -9.62528986 -4.83248401 -1.17906241  0.49541713],"[ 4.27890546e-01  7.84191877e-03  1.94791323e+02 -8.13493655e+01
 -1.09545322e+00  5.93351919e-01]",007,RP
785,0,0.4529628561130588,0,[-0.79837518  0.05514474 27.68224382 24.10081645 -1.08066489 -0.60368378],"[-1.06282635e-01  1.97151107e-03  7.82785366e+02  8.51964912e+01
 -8.31984131e-01  4.68921505e-01]",[-0.46927819  0.30712065 -5.13056407 -0.40766183 -1.31774363  0.19549304],"[ 4.92448934e+01  2.03620440e+00  7.76319756e-01 -3.62297836e+01
 -1.32789496e+00 -4.57069183e-02]","[ 4.99729960e-01  4.03436320e-03  3.19791358e+02 -1.57809322e+02
 -4.39948024e-01 -1.04817075e+00]","[ 2.09876875e+00  2.21011575e-02  6.14904682e+01 -1.27054273e+02
 -5.77753927e-01 -9.83514094e-01]","[ -0.78574497   0.10181154 -14.13443829  -9.10606381  -0.82458482
   0.83951395]","[ 4.33553516e-01  1.08508909e-02  1.43916242e+02 -6.03953927e+01
 -1.23246873e+00  3.76863408e-01]",007,RP
786,0,0.4529628561130588,0,"[-7.72918305e-01  3.22469068e-02  4.31564458e+01  3.53564070e+01
 -6.57459723e-01 -9.42342964e-01]","[-1.04374687e-01  3.33680558e-03  4.43840794e+02  4.83257439e+01
 -7.05278882e-01  8.67671262e-01]",[-0.63973621  0.25456543 -6.13148125 -1.92253058 -1.25270226  0.37536028],"[ 50.46428281   1.91191755   0.82548847 -39.65768342  -1.318426
  -0.14364645]","[ 5.00727118e-01  2.13339486e-03 -1.48111677e+02  7.61635333e+01
 -1.58367714e+00 -2.94797933e-01]",[ 2.10489903  0.01108556  1.78073446 -1.74826624 -1.72109378 -0.25458711],"[ -0.81814285   0.0509855  -10.25465706  -6.38977434  -1.30817566
   0.42598348]","[ 4.41028620e-01  1.33789870e-02  1.17556303e+02 -4.98456941e+01
 -1.27952143e+00  2.50821490e-01]",007,RP
787,0,0.4529628561130588,0,"[-7.63043025e-01  1.54793736e-02  1.81913598e+01  1.58807902e+01
 -1.56443492e+00 -3.26575477e-01]","[-1.01346628e-01  5.91475542e-03  2.53828508e+02  2.77246634e+01
 -8.73337389e-01  7.58082258e-01]",[-0.76889567  0.18077247 -8.35347301 -4.42294925 -1.0493798   0.6568386 ],"[ 51.5647715    1.66830579   0.94179403 -46.56339416  -1.28734222
  -0.26869437]","[ 4.99565417e-01  4.04832591e-03 -3.52008210e+02  1.77851128e+02
 -8.13022664e-01 -8.45974502e-01]","[ 2.09941154e+00  2.09619805e-02 -6.51355165e+01  1.38746255e+02
 -6.21240573e-01 -9.55888971e-01]",[-0.80095597  0.08458886 14.79728544 13.85197417 -0.42813828  1.03749042],"[ 4.49973519e-01  1.53915264e-02  1.02486009e+02 -4.41159900e+01
 -1.29848559e+00  1.68523159e-01]",007,RP
788,0,0.4529628561130588,0,"[-7.68792237e-01  2.62780807e-02 -5.04788305e+01 -3.68077330e+01
 -5.76541402e-01 -9.67799119e-01]","[-9.64687721e-02  9.46954385e-03  1.61541089e+02  1.75836705e+01
 -1.02965912e+00  6.14288953e-01]","[ -0.8439928    0.09812607 -12.41211537  -8.47573597  -0.50137785
   0.96444814]","[ 52.47299986   1.31580477   1.17951682 -59.89278586  -1.20299682
  -0.44979703]","[ 4.96610631e-01  6.35356342e-03 -2.43428548e+02  1.22889205e+02
 -1.20655440e+00 -4.74646934e-01]","[ 2.08287852e+00  3.65023098e-02 -4.17495104e+01  8.89591584e+01
 -1.07032366e+00 -6.15363549e-01]",[-0.73048628  0.16340485  9.1592123   8.69067889 -0.94526723  0.73295062],"[ 4.60056705e-01  1.69007254e-02  9.34603781e+01 -4.09970736e+01
 -1.30595551e+00  1.10348345e-01]",007,RP
789,0,0.3603321343690568,0,"[ -0.78927669   0.04644456 -32.75439533 -23.85228089  -1.07256207
  -0.62129972]","[-8.91615976e-02  1.37755762e-02  1.12426552e+02  1.20241310e+01
 -1.13212073e+00  4.92948641e-01]",[-0.85660089  0.07314896  9.37030645 10.02661281 -0.98519347  0.60667738],"[ 53.12318447   0.88055507   1.68562901 -87.54598081  -0.94582905
  -0.74749004]","[ 4.92310977e-01  8.02863559e-03 -1.95910563e+02  9.84489204e+01
 -1.31608383e+00 -2.37547070e-01]","[ 2.05623758e+00  5.12203579e-02 -3.04397503e+01  6.45913585e+01
 -1.21931418e+00 -3.99679561e-01]",[-0.60560568  0.24736564  6.2534616   5.78713189 -1.15118725  0.49621598],"[ 4.70972659e-01  1.79505483e-02  8.80491533e+01 -3.94687438e+01
 -1.30775124e+00  6.81300158e-02]",007,RP
790,0,0.3603321343690568,0,"[ -0.82282307   0.06489759 -24.046764   -17.78623218  -1.23520953
  -0.38384245]","[-7.90124746e-02  1.85807221e-02  8.39825506e+01  8.63566914e+00
 -1.19590680e+00  3.96923104e-01]",[-0.80393148  0.15231299  9.46483762  9.60908092 -0.81257022  0.84850477],"[  53.46185193    0.44456307    2.29733283 -120.81966773   -0.55608097
   -0.86648161]","[ 4.87171232e-01  8.89801163e-03 -1.77579005e+02  8.85113826e+01
 -1.34356462e+00 -7.33184630e-02]","[  2.02081941   0.06379535 -24.63907083  51.79111248  -1.27910481
  -0.26310914]",[-0.4278002   0.32827228  4.76615582  4.03896241 -1.23388182  0.35194677],"[ 4.82452565e-01  1.86095699e-02  8.49535612e+01 -3.89860635e+01
 -1.30704010e+00  3.77397180e-02]",007,RP
791,0,0.3603321343690568,0,"[ -0.86713429   0.07964794 -19.75724636 -15.13218572  -1.29373964
  -0.23529236]","[-6.57762624e-02  2.36332184e-02  6.63373082e+01  6.36342019e+00
 -1.23601637e+00  3.20832323e-01]",[-0.6895786   0.24054979  6.41410768  6.42303143 -1.17293813  0.50579652],"[ 53.45132634   0.465972    -2.17368769 118.18649015  -0.49174024
  -0.91955444]","[ 4.81711256e-01  8.95382887e-03 -1.76510073e+02  8.70268891e+01
 -1.33843737e+00  5.91193209e-02]","[  1.97836371   0.07340706 -21.49133603  44.51767922  -1.30791378
  -0.16188514]",[-0.20107498  0.40143996  3.9177323   2.78775795 -1.27403036  0.25291045],"[ 4.94268375e-01  1.89522324e-02  8.34257040e+01 -3.92346872e+01
 -1.30600320e+00  1.54643857e-02]",007,RP
792,0,0.3603321343690568,0,"[ -0.91947068   0.08987115 -17.56786443 -14.15313619  -1.31664258
  -0.12913674]","[-4.93556733e-02  2.87130412e-02  5.47622860e+01  4.70282950e+00
 -1.26076777e+00  2.60453800e-01]",[-0.52340448  0.3114462   5.0402595   4.6380944  -1.29367235  0.28277696],[53.07165449  0.9697145  -1.51475644 82.39063043 -0.85703366 -0.81053006],"[ 4.76417087e-01  8.28871902e-03 -1.90208988e+02  9.26188119e+01
 -1.31281468e+00  1.81414526e-01]","[  1.93100198   0.07939115 -19.90511679  40.43681992  -1.3221402
  -0.07609635]",[ 0.06825337  0.46310511  3.40534123  1.76757397 -1.29592051  0.17720341],"[ 5.06228559e-01  1.90345461e-02  8.30665131e+01 -4.00506412e+01
 -1.30564473e+00 -2.89481206e-03]",007,RP
793,0,0.3603321343690568,0,"[ -0.97685468   0.09526522 -16.59352566 -14.20946317  -1.32340524
  -0.04535969]","[-2.97620229e-02  3.36711907e-02  4.67839647e+01  3.39238543e+00
 -1.27474405e+00  2.14057622e-01]",[-0.32049325  0.35542443  4.44218931  3.42369167 -1.33589392  0.12126064],[52.32112757  1.53005556 -1.00704196 54.68957097 -1.12907292 -0.53253379],"[ 4.71695363e-01  7.06270312e-03 -2.22022385e+02  1.06726929e+02
 -1.26417723e+00  3.10226141e-01]","[ 1.88119645e+00  8.12561073e-02 -1.94574303e+01  3.86032487e+01
 -1.32685587e+00  5.01222419e-03]",[ 0.37186435  0.51018355  3.09577581  0.84879134 -1.30821148  0.1143425 ],"[ 5.18167940e-01  1.88823125e-02  8.37333299e+01 -4.13879271e+01
 -1.30565166e+00 -2.08637878e-02]",007,RP
794,0,0.4099131367277665,0,"[ -1.03629004   0.09596388 -16.47483526 -15.07270767  -1.32129106
   0.02551899]","[-7.06546543e-03  3.84595989e-02  4.10036550e+01  2.28970991e+00
 -1.28161453e+00  1.80721256e-01]",[-0.09936914  0.36814162  4.29410868  2.42670191 -1.34362372 -0.01487226],[51.21577025  2.06531307 -0.75678151 40.75914815 -1.22955696 -0.36696666],"[ 4.67842688e-01  5.47236408e-03 -2.83426440e+02  1.34598988e+02
 -1.17532883e+00  4.65976206e-01]","[  1.83163052   0.07874523 -20.06449356  38.75073874  -1.32258893
   0.08946554]",[ 0.69984986  0.54041233  2.92490417 -0.04699377 -1.3144606   0.05888174],"[ 5.29937145e-01  1.85011717e-02  8.54503928e+01 -4.32833372e+01
 -1.30507156e+00 -3.98763462e-02]",007,RP
795,0,0.4099131367277665,0,"[ -1.0949796    0.09246258 -17.08874298 -16.71182503  -1.3133734
   0.08898252]","[ 1.86534324e-02  4.31227295e-02  3.65923785e+01  1.31742654e+00
 -1.28477506e+00  1.58388795e-01]",[ 0.12019448  0.3493639   4.51674126  1.45711262 -1.32723578 -0.14724291],[49.78794166  2.54153751 -0.61868284 32.80294506 -1.27475956 -0.25714812],"[ 4.65035478e-01  3.72555428e-03 -4.05336075e+02  1.90495655e+02
 -9.90577944e-01  6.86623186e-01]","[  1.78505929   0.07188472 -21.92999212  41.14633613  -1.30606169
   0.18633123]",[ 1.04123307  0.55251621  2.86162499 -0.97961857 -1.31637874  0.00755339],"[ 5.41396545e-01  1.78979241e-02  8.83168477e+01 -4.58144362e+01
 -1.30337523e+00 -5.93681976e-02]",007,RP
796,0,0.5881735069501287,0,"[ -1.1505145    0.08551474 -18.45594912 -19.23383707  -1.30064855
   0.14869575]",[ 0.0473361   0.04774213 33.06397092  0.43488067 -1.28685568  0.1433539 ],[ 0.31946298  0.30253936  5.18625943  0.3431821  -1.28054467 -0.29503289],[48.08405941  2.93527489 -0.53728091 27.83464738 -1.29734483 -0.17613735],"[ 4.63336771e-01  2.04307136e-03 -6.63418140e+02  3.09386019e+02
 -5.34905172e-01  1.01257966e+00]","[  1.74413991   0.06100804 -25.70119734  46.82648394  -1.26658701
   0.31034525]",[ 1.38456155  0.54626309  2.89398221 -2.0068965  -1.3147783  -0.0421481 ],"[ 5.52416267e-01  1.70937769e-02  9.24523043e+01 -4.90721568e+01
 -1.30086754e+00 -7.83352100e-02]",007,RP
797,0,0.6345522418521268,0,"[ -1.20099746   0.07601389 -20.7272475  -22.89337152  -1.28317242
   0.20758262]",[ 0.07894546  0.05235695 30.15779508 -0.38082103 -1.28947922  0.1310829 ],[ 0.48284171  0.23441281  6.60149617 -1.18747768 -1.17492625 -0.48459414],[46.16166592  3.23029072 -0.48896278 24.57133628 -1.30876616 -0.11163327],"[ 4.62713243e-01  9.39601329e-04 -1.47197803e+02  7.01103726e+01
 -1.66073238e+00  2.85022220e-01]","[ 1.71125385e+00  4.67883490e-02 -3.30512752e+01  5.85591219e+01
 -1.17009204e+00  4.91288087e-01]",[ 1.71854871  0.52243437  3.02431781 -3.19743748 -1.3096625  -0.0924851 ],"[ 5.62880123e-01  1.61210619e-02  9.80053918e+01 -5.31652870e+01
 -1.29811666e+00 -9.67848308e-02]",007,RP
798,0,0.6620119868086044,0,"[ -1.24507729   0.0648639  -24.23079375 -28.1692111   -1.26024791
   0.26970905]",[ 0.11342339  0.05689364 27.76056541 -1.14869751 -1.29345399  0.1172815 ],[ 0.59952628  0.15469936  9.6037709  -3.75771308 -0.91704623 -0.76313106],[44.08613613  3.416993   -0.46259563 22.39405382 -1.31408422 -0.05693306],"[ 4.63057333e-01  1.56510608e-03  8.76338804e+02 -4.03795109e+02
 -7.07200926e-01  8.97373355e-01]","[ 1.68832162e+00  3.04036946e-02 -4.84409151e+01  8.37838444e+01
 -8.91992225e-01  7.87977506e-01]",[ 2.03272955  0.48279342  3.26927771 -4.64555741 -1.30026319 -0.14548951],"[ 5.72689391e-01  1.50117779e-02  1.05213174e+02 -5.82544685e+01
 -1.29520158e+00 -1.15854724e-01]",007,RP
799,0,0.6620119868086044,0,"[ -1.28190192   0.05284423 -29.62804533 -35.98024823  -1.22824724
   0.34357329]",[ 0.15061354  0.06112544 25.84692964 -1.89289754 -1.29893057  0.09852095],[ 0.66449986  0.07781562 15.23763604 -8.12540704 -0.37752077 -1.04709972],"[ 4.19271755e+01  3.49153316e+00 -4.52837635e-01  2.09862030e+01
 -1.31560567e+00 -7.57161782e-03]","[ 4.64209873e-01  2.57709211e-03  5.97037409e+02 -2.75150660e+02
 -1.17242493e+00  5.21962505e-01]","[ 1.67661747e+00  1.48935684e-02 -6.65612083e+01  1.13597684e+02
 -5.39859390e-01  8.80635852e-01]",[ 2.31807676  0.4300573   3.66414255 -6.4937637  -1.2852253  -0.20306805],"[ 5.81763502e-01  1.37910887e-02  1.14476775e+02 -6.45984095e+01
 -1.29161502e+00 -1.36918902e-01]",007,RP
800,0,0.6620119868086044,0,"[-1.31100748e+00  4.05063867e-02 -3.83668229e+01 -4.82991917e+01
 -1.17367022e+00  4.47971924e-01]",[ 0.190171    0.06467043 24.43868965 -2.64753006 -1.30538568  0.0724519 ],"[  0.6787579    0.0494745  -13.98894565  11.49510742  -1.10740675
  -0.49623465]","[ 3.97552855e+01  3.45501566e+00 -4.57568504e-01  2.01907665e+01
 -1.31404240e+00  3.96064222e-02]","[ 4.65978088e-01  3.35045343e-03  4.68701523e+02 -2.16404640e+02
 -1.30146549e+00  2.73360588e-01]","[ 1.67660905e+00  1.48764873e-02  6.97369222e+01 -1.14921555e+02
 -5.41458422e-01  8.79315627e-01]",[ 2.5675192   0.36776714  4.27396473 -8.97348651 -1.2625029  -0.26767043],"[ 5.90037826e-01  1.24792805e-02  1.26437131e+02 -7.26026901e+01
 -1.28672608e+00 -1.60988371e-01]",007,RP
801,0,0.6620119868086044,0,"[-1.33215655e+00  2.81626562e-02 -5.41037278e+01 -7.00746355e+01
 -1.04710249e+00  6.26235918e-01]",[ 0.23148498  0.06703249 23.58460743 -3.45948239 -1.31163904  0.03775151],"[  0.64871766   0.09281399 -15.88982958  12.30801307  -0.99410238
  -0.72455047]",[37.63852508  3.31330265 -0.47690886 19.95014613 -1.30934637  0.08683686],"[ 4.68145625e-01  3.79182943e-03  4.16513523e+02 -1.92988984e+02
 -1.34079058e+00  1.04148624e-01]","[ 1.68786087e+00  2.91429267e-02  5.10297425e+01 -8.41311053e+01
 -9.66722170e-01  7.33300787e-01]","[  2.77630389   0.29996612   5.21945479 -12.49079262  -1.22829692
  -0.34370506]","[ 5.97460612e-01  1.10955216e-02  1.42091348e+02 -8.28939835e+01
 -1.28005384e+00 -1.89205998e-01]",007,RP
802,0,0.6620119868086044,0,"[-1.34516466e+00  1.61820364e-02 -8.58883330e+01 -1.13533950e+02
 -6.54044541e-01  9.41719063e-01]","[ 2.73640041e-01  6.76856475e-02  2.33594366e+01 -4.39207717e+00
 -1.31596123e+00 -6.12670562e-03]","[  0.58489292   0.1326737  -11.77643806   8.88795529  -1.30107715
  -0.34355123]",[35.63984959  3.07674037 -0.51311663 20.28739967 -1.30120355  0.13629417],"[ 4.70474022e-01  3.85935158e-03  4.09514940e+02 -1.90666141e+02
 -1.35013110e+00 -4.69809385e-02]","[ 1.70904290e+00  4.28464069e-02  3.62925701e+01 -6.00255592e+01
 -1.22779099e+00  4.23080408e-01]","[  2.94214288   0.23074998   6.74032759 -17.83100681  -1.17385198
  -0.44010438]","[ 6.03990505e-01  9.65754864e-03  1.63055432e+02 -9.64839330e+01
 -1.27077490e+00 -2.24038557e-01]",007,RP
803,0,0.7545089203355537,0,"[-1.34979734e+00  8.12024325e-03 -2.04001037e+01 -2.55360056e+01
 -1.68311363e+00  2.71371724e-01]",[ 0.31543724  0.06619001 23.88030896 -5.53273876 -1.3161988  -0.05930846],"[  0.50007629   0.15339819 -10.29461286   7.14809181  -1.36252896
  -0.09579362]",[33.81521969  2.7587572  -0.57140927 21.32232999 -1.28870231  0.19154354],"[ 4.72696279e-01  3.51054049e-03  4.48004535e+02 -2.09770077e+02
 -1.32893314e+00 -2.33939774e-01]","[  1.73806962   0.05308054  29.64894862 -49.5319368   -1.30928796
   0.22803363]","[  3.06511583   0.16387802   9.36826948 -26.71483106  -1.07596996
  -0.57583772]","[ 6.09595235e-01  8.17964746e-03  1.92150833e+02 -1.15134232e+02
 -1.25645814e+00 -2.70169773e-01]",007,RP
804,0,0.7545089203355537,0,"[-1.34580725e+00  1.55385652e-02  8.55174006e+01  1.17089937e+02
 -5.16559838e-01  1.01280557e+00]",[ 0.35548217  0.06230866 25.34407916 -7.00936825 -1.30990886 -0.12202757],"[  0.40738313   0.1542045  -10.24349928   6.17302881  -1.35047941
   0.08998987]",[32.21267724  2.37348755 -0.66245858 23.33956451 -1.26877982  0.25947689],"[ 4.74505479e-01  2.70405884e-03  5.65654566e+02 -2.66406191e+02
 -1.18220212e+00 -5.42591986e-01]","[  1.77235702   0.05898927  26.78184015 -45.4669824   -1.33295528
   0.0905222 ]","[  3.14735456   0.10267357  14.45727339 -43.50216539  -0.86314093
  -0.79208658]","[ 6.14252561e-01  6.67578944e-03  2.34656553e+02 -1.42138389e+02
 -1.23129253e+00 -3.34613075e-01]",007,RP
805,0,0.7545089203355537,0,"[-1.33310852e+00  2.84078422e-02  5.31795995e+01  7.28941770e+01
 -1.00637096e+00  6.77820512e-01]",[ 0.39232301  0.05608093 28.10382984 -9.02577915 -1.29424663 -0.19573353],"[  0.3185346    0.13826598 -11.36903688   5.62143167  -1.29937762
   0.25590371]",[30.87238014  1.93401942 -0.80892589 26.97346756 -1.23218053  0.35343515],"[ 4.75546287e-01  1.56207479e-03  7.35881431e+02 -3.47945682e+02
 -6.70728814e-01 -7.86595434e-01]","[ 1.80914053e+00  6.04981574e-02  2.61321597e+01 -4.52767493e+01
 -1.33254904e+00 -1.77754378e-02]","[ 3.19259354e+00  5.10529020e-02  2.48237322e+01 -7.72520873e+01
 -3.70142656e-01 -1.08784826e+00]","[ 6.17954678e-01  5.16950013e-03  3.01154885e+02 -1.84100070e+02
 -1.18346140e+00 -4.27165967e-01]",007,RP
806,0,0.7545089203355537,0,"[-1.31202815e+00  4.11680800e-02  3.77469061e+01  5.15250034e+01
 -1.19935011e+00  4.40373614e-01]","[  0.42460297   0.0478181   32.83992841 -11.94393106  -1.2645199
  -0.28541061]","[  0.24268451   0.11061661 -14.05563174   5.41108412  -1.20495092
   0.43350081]",[29.82715671  1.45305829 -1.06397183 33.73525436 -1.15051652  0.50067682],"[ 4.75420384e-01  1.81690314e-03 -4.91933760e+02  2.35875337e+02
 -4.57930126e-01 -9.59186677e-01]","[  1.84577518   0.05804006  27.21197725 -48.22719212  -1.31938127
  -0.11216591]","[ 3.20569072e+00  2.58066206e-02 -1.40802118e+01  4.71368041e+01
 -1.56634096e+00 -2.87548270e-01]","[ 6.20715217e-01  3.70301287e-03  4.15050568e+02 -2.55628203e+02
 -1.08771345e+00 -5.64706174e-01]",007,RP
807,0,0.7545089203355537,0,[-1.28355486  0.05196803 30.22842084 40.79983659 -1.2866878   0.27245712],"[ 4.51190833e-01  3.80296146e-02  4.09943414e+01 -1.64962711e+01
 -1.20857462e+00 -4.04185652e-01]","[  0.18592305   0.07675851 -19.70524928   5.66366014  -1.01341001
   0.67050083]",[29.10301395  0.94825626 -1.56748355 47.61849561 -0.92147507  0.75861759],"[ 4.73713485e-01  4.32730863e-03 -3.28011415e+02  1.57383431e+02
 -6.32539618e-01 -9.61381185e-01]","[ 1.87996048e+00  5.23345988e-02  3.01057459e+01 -5.45976124e+01
 -1.29593680e+00 -2.04449173e-01]","[ 3.19218017e+00  4.76457416e-02 -3.02817954e+01  9.86649469e+01
 -8.78271009e-01 -8.03073322e-01]","[ 6.22575469e-01  2.33863516e-03  6.35505459e+02 -3.93650110e+02
 -8.73771329e-01 -7.84388250e-01]",007,RP
808,0,0.7480420479200743,0,[-1.24950606  0.05924403 26.64492064 35.29298988 -1.3300186   0.13226648],"[ 4.71267610e-01  2.73402109e-02  5.60355119e+01 -2.44077217e+01
 -1.08705692e+00 -5.83320524e-01]","[  0.15135364   0.04235058 -31.68226033   6.79522535  -0.5349483
   1.00655151]",[28.7194268   0.47482484 -2.35638339 69.67398014 -0.45203866  0.96445399],"[ 4.70043026e-01  7.67355412e-03 -1.97213717e+02  9.46989323e+01
 -9.77678313e-01 -6.85087298e-01]","[ 1.90987675e+00  4.42197273e-02  3.54721167e+01 -6.57473709e+01
 -1.25752832e+00 -3.07011853e-01]","[  3.15786696   0.07295595 -21.27214345  69.17459894  -1.22663317
  -0.44001239]","[ 6.23606480e-01  1.17072591e-03  1.08569138e+03 -6.75044178e+02
 -3.77812270e-01 -1.08402402e+00]",007,RP
809,0,0.7423809664972871,0,"[-1.21255868e+00  6.16643996e-02  2.56358008e+01  3.30849129e+01
 -1.34759592e+00 -4.71645442e-03]","[ 4.84364886e-01  1.65308943e-02  8.70280180e+01 -4.01533160e+01
 -7.57482754e-01 -8.82062214e-01]",[ 0.13941855  0.0207342   0.70704396  1.90142496 -1.71851021  0.24524925],"[ 28.68962705   0.41432132   2.1633536  -60.06580788  -0.64293999
   0.81161194]","[ 4.64118475e-01  1.14502809e-02 -1.35063734e+02  6.46855742e+01
 -1.13581610e+00 -5.03737393e-01]","[ 1.93425212e+00  3.45766192e-02  4.49798800e+01 -8.50024282e+01
 -1.18900164e+00 -4.35936968e-01]","[  3.10847028   0.09115046 -17.26510786  55.66807475  -1.30865027
  -0.22897144]","[ 6.23905306e-01  5.95252193e-04 -5.99439208e+02  3.75993302e+02
 -1.56788185e+00 -2.92033326e-01]",007,RP
810,0,0.7541410319368105,0,[-1.17613618  0.05825297 27.07136296 33.83960935 -1.33795566 -0.16394304],"[ 4.90366653e-01  7.60123327e-03  1.00899238e+02 -4.74776217e+01
 -8.14197315e-01 -7.14192591e-01]","[ 1.48087673e-01  3.59341939e-02  3.87090248e+01 -3.73232942e+00
 -7.75006022e-01  8.62864086e-01]","[ 29.02104038   0.88115864   1.6534287  -45.98422107  -0.81290478
   0.84239192]","[ 4.55803223e-01  1.53268628e-02 -1.01952043e+02  4.84700697e+01
 -1.22079210e+00 -3.72827009e-01]","[ 1.95239149e+00  2.43345686e-02  6.27248059e+01 -1.20463377e+02
 -1.05140967e+00 -6.17142186e-01]","[  3.04932762   0.10176475 -15.52295397  49.33457234  -1.32649998
  -0.09906111]","[ 6.23585509e-01  1.11570459e-03 -1.28907815e+03  8.05850456e+02
 -8.48795833e-01 -8.21923679e-01]",007,RP
811,0,0.7541410319368105,0,[-1.14418398  0.0485438  32.09770744 38.72568265 -1.26507664 -0.3882027 ],"[ 4.89494248e-01  9.34941967e-03 -1.27598925e+02  6.44589400e+01
 -4.94324587e-01 -9.56890539e-01]",[ 0.17269717  0.05512596 28.13227954 -2.85836514 -1.29367692  0.41519153],"[ 29.7157518    1.42888706   1.07480009 -29.93849272  -1.09651143
   0.56568183]","[ 4.45166154e-01  1.89319897e-02 -8.30180697e+01  3.89568348e+01
 -1.27216978e+00 -2.67042852e-01]","[ 1.96418970e+00  1.45166618e-02  9.95511229e+01 -1.93537291e+02
 -7.35406553e-01 -8.94403137e-01]","[ 2.98517409e+00  1.05640313e-01 -1.49662467e+01  4.66768519e+01
 -1.32534056e+00 -8.72319450e-03]","[ 6.22763395e-01  1.74669871e-03 -8.85992829e+02  5.53763902e+02
 -1.19109264e+00 -4.76612219e-01]",007,RP
812,0,0.7541410319368105,0,"[-1.12088039e+00  3.30616013e-02  4.43980881e+01  5.17649461e+01
 -9.54792094e-01 -7.51397814e-01]","[ 4.82286338e-01  1.75212505e-02 -8.59484800e+01  4.34517776e+01
 -1.02409226e+00 -6.77070546e-01]","[ 2.05504192e-01  6.21374417e-02  2.53870801e+01 -3.21715139e+00
 -1.45439075e+00 -6.95957876e-04]","[ 30.77078854   1.98423417   0.78551886 -22.17103461  -1.19743696
   0.41002956]","[ 4.32512931e-01  2.18685022e-02 -7.21194159e+01  3.31925799e+01
 -1.30506213e+00 -1.72722176e-01]","[ 1.97012232e+00  6.49758788e-03  1.60506455e+02 -3.14217350e+02
 -3.14510570e-01 -1.06067222e+00]","[  2.92004582   0.10390317 -15.21201412  46.41977824  -1.31811736
   0.06237948]","[ 6.21542103e-01  2.26598834e-03 -6.92584665e+02  4.32470530e+02
 -1.26720587e+00 -2.95140293e-01]",007,RP
813,0,0.7432164856113121,0,"[-1.11031273e+00  1.74209593e-02  3.68113620e+01  4.28721239e+01
 -1.18453124e+00 -4.60423747e-01]","[ 4.69567941e-01  2.51410130e-02 -6.19637406e+01  3.10961861e+01
 -1.22894757e+00 -4.05068376e-01]",[ 0.23524549  0.0514075  29.34046246 -4.90221156 -1.26681425 -0.51883145],"[ 32.17803924   2.52877079   0.62018543 -17.95635109  -1.24334803
   0.31335083]","[ 4.18391547e-01  2.37490194e-02 -6.65356513e+01  2.98379541e+01
 -1.32514928e+00 -8.10746251e-02]","[ 1.97118056e+00  4.35997636e-03 -2.20400046e+02  4.36448286e+02
 -8.79445482e-01 -5.81827799e-01]","[  2.85737886   0.0974632  -16.19949287  48.28808847  -1.30910386
   0.13096725]","[ 6.19995312e-01  2.69997037e-03 -5.83396098e+02  3.63702846e+02
 -1.27481919e+00 -2.15958558e-01]",007,RP
814,0,0.6782307221609529,0,"[-1.11612337e+00  2.89504784e-02 -4.15609047e+01 -4.43870969e+01
 -3.56341441e-01 -1.06963866e+00]","[ 4.52393608e-01  3.11237997e-02 -5.05481721e+01  2.48676699e+01
 -1.29545288e+00 -2.39957391e-01]",[ 0.24709423  0.03395353 12.72310206 -1.14380507 -1.61565464 -0.16060084],"[ 33.92376898   3.04948779   0.51593045 -15.50230523  -1.26816356
   0.24591114]","[ 4.03569421e-01  2.42452941e-02 -6.52065399e+01  2.83153656e+01
 -1.33336665e+00  1.50897781e-02]","[ 1.96872167e+00  7.29489126e-03 -2.09436644e+02  4.14322459e+02
 -1.26102006e+00 -5.00408946e-01]","[  2.80030573   0.08663321 -18.17558659  52.89719933  -1.29477797
   0.22026942]","[ 6.18152799e-01  3.12518763e-03 -5.04262778e+02  3.13711448e+02
 -1.26069080e+00 -2.04101218e-01]",007,RP
815,0,0.6782307221609529,0,"[ -1.14114428   0.05870866 -25.23027773 -26.79138716  -0.87430143
  -0.79041187]","[ 4.31959079e-01  3.51726741e-02 -4.48894555e+01  2.13904078e+01
 -1.31769752e+00 -1.27721143e-01]","[  0.22334348   0.0803908  -15.02701777   5.35618641  -0.21387579
  -1.17723674]","[ 35.98799973   3.53428673   0.44599089 -14.05032006  -1.28288279
   0.19489849]","[ 3.88980478e-01  2.31431658e-02 -6.82229853e+01  2.85374094e+01
 -1.32671282e+00  1.24186504e-01]","[ 1.96424483e+00  8.89230134e-03 -1.77471265e+02  3.50597014e+02
 -1.41437968e+00 -7.62417512e-02]","[  2.75203003   0.07107004 -21.97471757  62.47508259  -1.24990313
   0.36957617]","[ 6.15991817e-01  3.63849587e-03 -4.32697925e+02  2.68538381e+02
 -1.24194458e+00 -2.32877360e-01]",007,RP
816,0,0.657726953414984,0,"[ -1.1870825    0.09219027 -16.70210498 -17.8267765   -1.11464782
  -0.54277982]","[ 4.09493199e-01  3.72873143e-02 -4.23950680e+01  1.93604920e+01
 -1.32185436e+00 -4.52265260e-02]",[ 0.1448975   0.17871972 -8.12464621  3.17724092 -0.71114835 -0.90360871],"[ 38.34417464   3.972192     0.39728651 -13.23362326  -1.29214084
   0.15410864]","[ 3.75644482e-01  2.03898148e-02 -7.70827593e+01  3.09557132e+01
 -1.29489213e+00  2.60202470e-01]","[ 1.95914441e+00  8.59450928e-03 -1.83071696e+02  3.60663890e+02
 -1.34743453e+00  2.18044365e-01]","[ 2.71609563e+00  5.03930553e-02 -2.99464122e+01  8.33373192e+01
 -1.06174100e+00  6.50593738e-01]","[ 6.13438535e-01  4.32613617e-03 -3.63380955e+02  2.24911880e+02
 -1.22890179e+00 -2.69839409e-01]",007,RP
817,0,0.8599400420172317,0,[-1.33391336  0.28783059 -4.76937268 -4.36192995 -0.10063777 -1.24674949],"[  0.3748911    0.05814677 -25.94147917  11.72522973  -0.64777927
  -0.76138401]",[-0.33190554  1.00311564 -1.27326174  1.57739738  0.11729638 -1.40628243],[42.90589262  8.1064768   0.17868012 -5.66642997 -0.35794215  1.0303784 ],"[ 3.67163239e-01  1.36563838e-02 -9.93676563e+01  3.84841506e+01
 -9.51598836e-01  5.88696159e-01]","[ 1.95509716e+00  6.29269119e-03 -2.34589074e+02  4.60644432e+02
 -1.08754581e+00  6.34163796e-01]","[  2.74158802   0.10309131   7.77157336 -19.30645242  -0.10473782
   1.2602556 ]","[ 6.06646886e-01  1.28381147e-02 -1.06523010e+02  6.66218520e+01
 -7.34490385e-02 -1.26026977e+00]",007,RP
818,0,0.8599400420172317,0,[-1.50334242  0.36793096 -4.06385195 -4.10936102 -1.68889462 -0.39012812],"[  0.34190516   0.06288596 -24.37739826  10.3347583   -1.67646964
  -0.20719981]",[-0.94763433  1.40088639 -1.04852912  1.00637781 -1.62150231 -0.47561719],[47.69516254  9.69619013  0.15632001 -5.45570816 -1.68228543  0.32831193],[ 0.36418577  0.00882123 -3.60979668  3.31463659 -1.40876683 -0.09239047],"[ 1.95300885e+00  3.49094830e-03 -2.23705652e+02  4.38899117e+02
 -9.46879164e-01  5.08943970e-01]","[  2.80088967   0.16740251   8.18120647 -20.91465668  -1.44054095
   0.57739576]","[ 5.98637576e-01  1.70700380e-02 -8.73692407e+01  5.43025104e+01
 -1.62410192e+00 -4.40073382e-01]",007,RP
819,0,0.8599400420172317,0,[-1.68889987  0.38777168 -3.92731666 -4.6328446  -1.7011079   0.2589927 ],"[  0.31144661   0.05824505 -25.69669659  10.00314899  -1.66354873
   0.40417614]",[-1.697595    1.60765686 -0.95662706  0.37603469 -1.65504931  0.12712763],[52.62945668  9.85656887  0.15454511 -6.13362494 -1.68434641 -0.28606006],"[ 3.66914461e-01  1.33077969e-02  1.01139799e+02 -3.51096548e+01
 -9.45355597e-01  5.78637140e-01]","[ 1.95325221e+00  3.95792354e-03  2.82179292e+02 -5.49167326e+02
 -7.32600764e-01  7.05752421e-01]","[  2.89301089   0.21737203   7.06073411 -18.42678068  -1.57657141
   0.03181185]","[ 5.89307214e-01  1.92341854e-02 -8.01951703e+01  4.92595924e+01
 -1.63880221e+00  1.27123349e-01]",007,RP
820,0,0.8599400420172317,0,[-1.88266875  0.34234005 -4.30853601 -6.11154608 -0.48592848  0.92805034],"[  0.28414959   0.04518434 -30.57953744  10.68916305  -0.12020974
   1.2274319 ]",[-2.56594784  1.57539406 -0.97238472 -0.49508848 -0.78888838  0.61580904],[57.61963991  8.55992347  0.17225741 -7.9254098  -0.47281021 -0.92716149],"[ 3.75108390e-01  1.99110150e-02  7.89423469e+01 -2.76119366e+01
 -1.29766969e+00  2.57728127e-01]","[ 1.95602419e+00  7.22521154e-03  2.10925218e+02 -4.10574828e+02
 -1.06997018e+00  6.09626143e-01]","[  3.01374582   0.23361793   6.66881487 -18.09811294  -0.991569
  -0.41061216]","[ 5.78610096e-01  1.90063731e-02 -8.10019331e+01  4.88685363e+01
 -8.23657104e-01  5.46642359e-01]",007,RP
821,0,1.0547537918950718,0,"[ -2.07585455   0.18296687  -8.61084192 -15.87485539  -1.29855758
   0.20497676]","[ 2.60408796e-01  1.57819559e-02 -9.90857907e+01  2.78028115e+01
 -1.21016594e+00  3.65514329e-01]",[-3.52629417  1.12844949 -1.40108994 -2.94065529 -1.32315054  0.00620752],"[ 62.5717224    4.74365147   0.3331031  -18.84283472  -1.30548904
  -0.08844314]","[ 3.88114803e-01  2.25686956e-02  6.99654959e+01 -2.51546446e+01
 -1.32655268e+00  1.20390470e-01]","[ 1.96145224e+00  1.04393125e-02  1.49027505e+02 -2.90310333e+02
 -1.15934531e+00  4.41341522e-01]","[  3.15567036   0.18466165   8.5579149  -25.00595843  -1.34419023
  -0.06173994]","[ 5.66566343e-01  1.47454661e-02 -1.07119494e+02  6.26902997e+01
 -1.30010710e+00 -1.12156549e-01]",007,RP
822,0,1.0547537918950718,0,"[ -2.17984437   0.15381806 -10.18862959 -20.20962685  -1.25676627
   0.32115619]","[ 2.51688152e-01  1.19955202e-02 -1.29603201e+02  3.46195901e+01
 -1.16478551e+00  4.47124699e-01]",[-4.21814221  1.09758275 -1.43978235 -4.07320673 -1.31916059  0.07771119],"[ 65.44307604   4.41368873   0.35776031 -21.41293485  -1.29996902
  -0.12752819]","[ 4.02339117e-01  2.36057428e-02  6.69737553e+01 -2.49461616e+01
 -1.33246577e+00  1.38295848e-02]","[ 1.96906663e+00  1.37216065e-02  1.13915875e+02 -2.22307947e+02
 -1.20613298e+00  3.72388407e-01]","[  3.26346723   0.16897084   9.31966297 -28.41441468  -1.31635752
  -0.21138182]","[ 5.56995812e-01  1.57258799e-02 -1.00490435e+02  5.79727512e+01
 -1.30448428e+00 -8.06602711e-02]",007,RP
823,0,1.0547537918950718,0,"[ -2.26330771   0.11795725 -13.12912683 -27.71525404  -1.16824403
   0.48094069]","[ 2.45284855e-01  8.49290339e-03 -1.80859990e+02  4.63622163e+01
 -1.07734873e+00  5.72148719e-01]",[-4.87473345  1.01631384 -1.55259489 -5.56848625 -1.30687293  0.15519708],"[ 68.07767727   3.9934018    0.39497879 -24.88923848  -1.29089611
  -0.17237526]","[ 4.16762209e-01  2.30950669e-02  6.84182954e+01 -2.65141599e+01
 -1.32569377e+00 -8.22168262e-02]","[ 1.97875091e+00  1.71591332e-02  9.14598837e+01 -1.78976328e+02
 -1.24822848e+00  3.00587143e-01]","[  3.35675628   0.13859503  11.24569464 -35.74905617  -1.23811793
  -0.39679191]","[ 5.46899955e-01  1.64243130e-02 -9.62480754e+01  5.46380681e+01
 -1.30793360e+00 -4.99706615e-02]",007,RP
824,0,1.0512736606990012,0,"[ -2.32269365   0.07851176 -19.05030807 -42.24802967  -0.94974345
   0.73224598]","[ 2.41001681e-01  5.35216488e-03 -2.78199540e+02  6.90465569e+01
 -8.78157093e-01  7.78392301e-01]",[-5.46581184  0.88973774 -1.7679659  -7.66336894 -1.28243901  0.2468086 ],"[ 70.42178191   3.49471219   0.45052848 -29.7270182   -1.2768309
  -0.22689927]","[ 4.30436464e-01  2.11738734e-02  7.44608854e+01 -3.00506802e+01
 -1.30725509e+00 -1.82337356e-01]","[ 1.99046158e+00  2.03777029e-02  7.72723320e+01 -1.51807608e+02
 -1.28493556e+00  2.22605386e-01]","[  3.42732319   0.09760218  15.47413484 -51.03486115  -1.03203513
  -0.66592486]","[ 5.36480375e-01  1.67858149e-02 -9.41917255e+01  5.25320122e+01
 -1.31137331e+00 -1.66913946e-02]",007,RP
825,0,1.0512736606990012,0,"[-2.35607488e+00  4.05101887e-02 -3.02728080e+01 -6.93250026e+01
 -4.24721371e-01  1.02743476e+00]","[ 2.38577759e-01  2.72580513e-03 -4.83566475e+02  1.17368206e+02
 -4.06681958e-01  1.08648931e+00]","[ -5.96454287   0.72529792  -2.15438348 -10.84991263  -1.23320869
   0.36925125]","[ 72.42766306   2.92944458   0.53569331 -36.79901449  -1.25285571
  -0.30037219]","[ 4.42505060e-01  1.80216344e-02  8.70266643e+01 -3.65097393e+01
 -1.26842611e+00 -3.05873647e-01]","[ 2.00387616e+00  2.28658151e-02  6.90409687e+01 -1.36349551e+02
 -1.31643578e+00  1.33832704e-01]","[ 3.46958350e+00  5.32645196e-02  2.40625667e+01 -8.14870845e+01
 -4.91348977e-01 -1.00763015e+00]","[ 5.25984057e-01  1.67321049e-02 -9.44910943e+01  5.17008091e+01
 -1.31445981e+00  2.39256010e-02]",007,RP
826,0,0.9858199910712708,0,"[-2.36310269e+00  2.65979644e-02  2.36674632e+01  5.79286459e+01
 -1.12330451e+00  5.24637920e-01]","[ 2.37661504e-01  1.09622349e-03 -1.61535648e+02  4.03908051e+01
 -1.55332664e+00  3.16632262e-01]","[ -6.34851896   0.53220256  -2.88497957 -16.3153475   -1.11534644
   0.55933928]","[ 74.05327878   2.30749229   0.67523776 -48.00357026  -1.2032855
  -0.41206557]","[ 4.52210931e-01  1.38375604e-02  1.11748660e+02 -4.85339655e+01
 -1.17360852e+00 -4.90084457e-01]","[ 2.01830020e+00  2.39925274e-02  6.58880636e+01 -1.30981892e+02
 -1.34144755e+00  2.32592707e-02]","[ 3.48138735e+00  3.07161207e-02 -1.26597206e+01  4.60733911e+01
 -1.49278171e+00 -3.28978863e-01]","[ 5.15714769e-01  1.61603189e-02 -9.77895916e+01  5.24315367e+01
 -1.31531062e+00  7.75089155e-02]",007,RP
827,0,0.8842015295542065,0,"[-2.34481652e+00  5.45479801e-02  2.64691604e+01  6.40653247e+01
 -8.17628955e-01  8.43494404e-01]","[ 2.37785305e-01  1.30944035e-03  1.09496516e+03 -2.58366624e+02
 -1.21195483e+00  5.58130875e-01]","[ -6.60026211   0.32431712  -4.40657215 -27.08453121  -0.76048632
   0.88057841]","[ 75.26168662   1.64054176   0.93105045 -68.07242756  -1.07543728
  -0.60292273]","[ 4.58886993e-01  8.90198200e-03  1.63944205e+02 -7.32318632e+01
 -8.70780856e-01 -8.06367438e-01]","[ 2.03259241e+00  2.30395630e-02  6.84974418e+01 -1.37227381e+02
 -1.34907797e+00 -1.32857254e-01]","[ 3.46449196e+00  5.77814499e-02 -2.48084523e+01  8.79486834e+01
 -8.71282970e-01 -8.10865184e-01]","[ 5.06044787e-01  1.49549528e-02 -1.05517554e+02  5.53966081e+01
 -1.30982247e+00  1.52331757e-01]",007,RP
828,0,0.8953502297915537,0,[-2.30339892  0.08685866 17.75026254 42.88593565 -1.15250936  0.51894431],"[ 2.38361270e-01  1.47871308e-03  1.04600010e+03 -2.47325911e+02
 -1.58525063e+00 -2.02137146e-01]","[ -6.70752957   0.15514116  -3.54831006 -21.80039463  -1.22792862
   0.48075354]","[  76.02157314    0.96010661    1.45523415 -108.62918967   -0.67690307
   -0.92989421]","[ 4.61940309e-01  4.41030788e-03  1.64521684e+02 -7.39991978e+01
 -9.94721408e-01 -5.83054413e-01]","[ 2.04511894e+00  1.93166633e-02  8.05763896e+01 -1.62788300e+02
 -1.28382620e+00 -3.88646777e-01]","[  3.42468675   0.08603178 -18.08574353  63.93800624  -1.29672602
  -0.38709797]","[ 4.97423175e-01  1.30041006e-02 -1.20845959e+02  6.21115805e+01
 -1.28709837e+00  2.65134330e-01]",007,RP
829,0,0.8953502297915537,0,[-2.24190924  0.1151065  13.60851502 32.50905558 -1.25777287  0.32807298],"[ 2.38698788e-01  1.08741287e-03  6.76268341e+02 -1.59424434e+02
 -1.35043089e+00 -1.82168620e-01]",[-6.66365865  0.24110443  5.20906699 36.7114443  -0.46306934  1.01290981],"[ 76.3097867    0.47029726   0.56958169 -41.46465695  -1.59424898
  -0.30931029]","[ 4.60841441e-01  6.61350028e-03 -1.79501116e+02  8.47215528e+01
 -3.67545643e-01 -1.05370560e+00]","[ 2.05375900e+00  1.26815033e-02  1.10553120e+02 -2.25049465e+02
 -8.60216121e-01 -7.99225163e-01]","[ 3.37148305e+00  9.86502775e-02 -1.60053265e+01  5.59616869e+01
 -1.40946251e+00 -5.10974645e-02]","[ 4.90377918e-01  1.02237728e-02 -1.51661985e+02  7.63716884e+01
 -1.20700447e+00  4.55415602e-01]",007,RP
830,0,0.8953502297915537,0,[-2.16398514  0.13755757 11.45244824 26.78292778 -1.29605712  0.20773951],"[ 2.38032589e-01  2.41790080e-03 -4.61941190e+02  1.11957057e+02
 -1.65678883e-01 -1.18582512e+00]",[-6.46801512  0.45581843  3.29805323 23.33185816 -0.98392397  0.70242269],"[ 76.11548962   0.83589053  -1.5784661  122.14572004  -0.53387597
  -0.99521024]","[ 4.55129368e-01  1.35099449e-02 -1.09572733e+02  5.18697686e+01
 -8.65330163e-01 -7.95693134e-01]","[ 2.05598511e+00  8.66910432e-03 -1.94567994e+01  4.20028899e+01
 -1.60108507e+00 -3.17609660e-01]","[  3.3172477    0.09089812 -17.21220279  59.09714009  -1.36092976
   0.29719503]","[ 4.85509156e-01  6.65886865e-03 -2.18125943e+02  1.07902143e+02
 -8.86799068e-01  7.97102234e-01]",007,RP
831,0,0.8953502297915537,0,[-2.0735076   0.15379933 10.26687931 23.28845224 -1.30918818  0.12564148],"[ 2.35553306e-01  5.77803397e-03 -2.47247722e+02  6.02400184e+01
 -6.17054814e-01 -9.67509160e-01]",[-6.1264399   0.67335095  2.3043468  16.11744215 -1.18158697  0.46002744],[75.44458074  1.51632631 -0.99845967 77.32837154 -1.02736245 -0.66019848],"[ 4.44439592e-01  2.14456312e-02 -7.16956533e+01  3.38643869e+01
 -1.09513049e+00 -5.59314682e-01]","[ 2.04901894e+00  2.11232245e-02 -6.29632234e+01  1.31012837e+02
 -4.16761158e-01 -1.08307451e+00]","[ 3.27576382e+00  6.36462328e-02 -2.25763093e+01  7.59546572e+01
 -9.51659647e-01  7.53992196e-01]","[ 4.83470258e-01  3.48090642e-03 -1.46042793e+02  7.26073469e+01
 -1.38072708e+00  3.71939245e-01]",007,RP
832,0,0.9008432332689752,0,[-1.97425232  0.16424307  9.6229831  20.9981967  -1.31149098  0.06845065],"[ 2.30438444e-01  1.05496926e-02 -1.42598148e+02  3.48600953e+01
 -9.09083301e-01 -7.35627754e-01]",[-5.6514589   0.8699902   1.80247321 12.18660327 -1.25806749  0.31132772],[74.32281743  2.18415321 -0.71212695 54.92728102 -1.20069595 -0.4309439 ],"[ 4.28553391e-01  2.97450239e-02 -5.23817597e+01  2.44483808e+01
 -1.19311380e+00 -4.15384938e-01]","[ 2.03003668e+00  4.15979285e-02 -3.57837981e+01  7.46424227e+01
 -8.64505811e-01 -7.85658024e-01]",[ 3.26040276  0.03818829 -4.84641454 17.80126331 -1.69905585  0.22294533],"[ 4.84934307e-01  6.35225753e-03  1.95112909e+02 -9.26169433e+01
 -3.54570782e-01  1.08630893e+00]",007,RP
833,0,0.9008432332689752,0,[-1.86957754  0.16985422  9.308077   19.40217169 -1.30964165  0.02915018],"[ 2.21883732e-01  1.66169114e-02 -9.23658825e+01  2.24944867e+01
 -1.05439782e+00 -5.85314217e-01]",[-5.06199434  1.03320879  1.5247975   9.71851633 -1.29342215  0.20739584],[72.79650447  2.77341867 -0.56608056 43.20868621 -1.26808042 -0.2886116 ],"[ 4.07455979e-01  3.79526160e-02 -4.13176146e+01  1.88351091e+01
 -1.24509364e+00 -3.15036287e-01]","[  1.99638033   0.06663928 -23.01069471  47.9380984   -1.05965644
  -0.58910085]","[  3.28226786   0.07902885  16.39625892 -51.81691364  -0.43727641
   1.0549096 ]","[ 4.90546055e-01  1.29078054e-02  1.14774069e+02 -5.43019670e+01
 -8.56898043e-01  7.98941864e-01]",007,RP
834,0,0.9008432332689752,0,"[-1.76221074e+00  1.71813298e-01  9.20261374e+00  1.82169447e+01
 -1.30682978e+00  2.72524216e-03]","[ 2.09137754e-01  2.38541446e-02 -6.50136261e+01  1.55968038e+01
 -1.13847770e+00 -4.78776477e-01]",[-4.38242413  1.15420706  1.36803536  7.9953112  -1.31061368  0.12656272],[70.93052782  3.24945949 -0.48512932 36.41047905 -1.29835401 -0.18882629],"[  0.38139005   0.04558557 -34.52539304  15.1676413   -1.27658589
  -0.23629757]","[  1.94573891   0.09516254 -16.31557341  33.74584603  -1.15401974
  -0.46326959]","[  3.34868336   0.1501232    9.9858783  -31.43954453  -0.95501944
   0.72476184]","[ 5.00862556e-01  2.06296212e-02  7.44250715e+01 -3.52767316e+01
 -1.07950302e+00  5.74088367e-01]",007,RP
835,0,1.0692752099039124,0,"[-1.65417411e+00  1.71235042e-01  9.23356216e+00  1.72739194e+01
 -1.30418633e+00 -1.45804218e-02]","[ 1.91546046e-01  3.20521048e-02 -4.86895333e+01  1.13262876e+01
 -1.19226137e+00 -3.96695972e-01]",[-3.6409831   1.22776112  1.28741039  6.68743948 -1.31771161  0.05907374],[68.80430604  3.59074485 -0.43987019 32.26496319 -1.31232437 -0.11173921],"[  0.35089627   0.05213165 -30.25847967  12.61758771  -1.29710465
  -0.16868112]","[  1.87629219   0.12621046 -12.382231    25.23268336  -1.20679499
  -0.37511835]","[  3.46225532   0.22446237   6.89999799 -21.88955476  -1.16975125
   0.47988057]","[ 5.16288274e-01  2.89554082e-02  5.37386002e+01 -2.57446091e+01
 -1.17945875e+00  4.33810602e-01]",007,RP
836,0,1.0776753655993243,0,[-1.5468411   0.16903359  9.35351006 16.46839382 -1.30200747 -0.02531146],"[  0.16860899   0.04090851 -38.30656485   8.45883104  -1.22899906
  -0.32967248]","[-2.86763234e+00  1.25273429e+00  1.26211355e+00  5.61927763e+00
 -1.31819719e+00  3.16720625e-04]","[ 6.65065253e+01  3.78646628e+00 -4.17486012e-01  2.97655440e+01
 -1.31779410e+00 -4.74604089e-02]","[  0.31683521   0.05707387 -27.67722315  10.76911868  -1.31091464
  -0.10583388]",[ 1.78683224  0.15872942 -9.88392623 19.66091805 -1.24007707 -0.30796659],"[  3.62057495   0.29177124   5.37272155 -17.45234107  -1.26207654
   0.3155449 ]","[ 5.37011049e-01  3.74384460e-02  4.18401541e+01 -2.04686251e+01
 -1.23394980e+00  3.34866021e-01]",007,RP
837,0,1.0776753655993243,0,[-1.44108107  0.16587994  9.53107075 15.73504561 -1.30058897 -0.03155023],"[  0.14004944   0.05002605 -31.41587693   6.39977593  -1.25587768
  -0.27179897]",[-2.09170079  1.23210288  1.28297427  4.6835983  -1.31402706 -0.0520721 ],"[ 6.41296391e+01  3.83497705e+00 -4.12279030e-01  2.84393054e+01
 -1.31806898e+00  9.92203958e-03]","[  0.28038482   0.05991871 -26.38310219   9.39742127  -1.31966062
  -0.04282284]",[ 1.67688268  0.19147538 -8.21475384 15.77517845 -1.26323536 -0.25261719],"[  3.81651036   0.34449517   4.57534758 -15.46186142  -1.30680068
   0.19067424]","[  0.56294458   0.04558526  34.49701371 -17.41990686  -1.26799106
   0.25675048]",007,RP
838,0,1.0776753655993243,0,[-1.33745209  0.16214806  9.75019123 15.04041369 -1.30034886 -0.03612354],"[  0.10588103   0.05890223 -26.73896483   4.83114922  -1.27685981
  -0.21855579]",[-1.33975304  1.17215048  1.34781275  3.80573622 -1.30661015 -0.09977784],[61.7650453   3.74177141 -0.4224086  28.09008624 -1.31447286  0.06485796],"[ 2.43010464e-01  6.02352212e-02 -2.62467907e+01  8.37824478e+00
 -1.32310568e+00  2.49319494e-02]",[ 1.54682593  0.2229673  -7.06741834 12.93206598 -1.28041003 -0.20376258],"[  4.03892275   0.37678763   4.19352594 -14.93732734  -1.32829337
   0.08351428]","[  0.59368334   0.05284754  29.83072563 -15.71000496  -1.29101003
   0.18916414]",007,RP
839,0,1.0776753655993243,0,[-1.23643312  0.15781209 10.01761456 14.3861104  -1.301579   -0.04336632],"[  0.06647289   0.06692276 -23.57277561   3.56695044  -1.29379374
  -0.16648077]",[-0.63406491  1.0810375   1.46011546  2.92580799 -1.29683372 -0.14475515],[59.49927291  3.51753609 -0.44894852 28.71211073 -1.30693226  0.12162075],"[  0.20641007   0.05770458 -27.37489283   7.65045351  -1.31930127
   0.10296755]",[ 1.39802203  0.25152951 -6.27326587 10.77016387 -1.29340726 -0.15839086],"[  4.27362669   0.3845849    4.11071405 -15.56765727  -1.3345436
  -0.01964634]","[  0.62847742   0.05865279  26.92173194 -14.91970065  -1.3068003
   0.12638782]",007,RP
840,0,1.0776753655993243,0,[-1.13869736  0.15235229 10.37523651 13.81425439 -1.30407077 -0.05906208],"[  0.0226092    0.07337788 -21.52510047   2.48666528  -1.30735386
  -0.11282849]",[ 0.00816975  0.9673457   1.62974296  1.98668541 -1.28468939 -0.18950685],[57.41088053  3.17701544 -0.49627153 30.49138555 -1.2937166   0.18505184],"[  0.17244196   0.05216127 -30.20762059   7.20906126  -1.30312939
   0.2007701 ]",[ 1.23288006  0.27542198 -5.73459291  9.07006522 -1.30302609 -0.11480903],"[  4.50450094   0.36581396   4.31544553 -17.43892846  -1.32554769
  -0.13135973]","[  0.66623409   0.06245678  25.3062071  -14.85985781  -1.31688076
   0.06474811]",007,RP
841,0,1.0776753655993243,0,[-1.04539339  0.14476738 10.91466414 13.41011772 -1.30641592 -0.08984687],"[ -0.02446994   0.0775129  -20.39268567   1.50099214  -1.31740311
  -0.05501634]",[ 0.57502158  0.83920207  1.87551252  0.92153983 -1.26909163 -0.23668523],[55.56765437  2.73905231 -0.57397994 33.89471903 -1.27062204  0.26139526],"[  0.14304463   0.04361438 -35.88769142   7.13354148  -1.25887422
   0.33859869]",[ 1.05484692  0.29301172 -5.39382208  7.68965662 -1.3096759  -0.07193868],"[  4.71472401   0.32060134   4.90030283 -21.1035754   -1.29161621
  -0.26916324]","[ 7.05549181e-01  6.37990689e-02  2.47820742e+01 -1.54849722e+01
 -1.32171203e+00  9.90040479e-04]",007,RP
842,0,1.0592758384056429,0,[-0.95835427  0.13376447 11.80019108 13.30876349 -1.30483838 -0.14289645],"[-7.30738987e-02  7.86179077e-02 -2.01106104e+01  5.30439291e-01
 -1.32276873e+00  9.71692648e-03]",[ 1.05967077  0.70418356  2.23012609 -0.36319943 -1.24812237 -0.28831656],[54.02381678  2.22745806 -0.70206306 39.92812613 -1.228549    0.36031605],"[ 1.20156995e-01  3.22994421e-02 -4.74489978e+01  7.70132900e+00
 -1.12679936e+00  5.63540870e-01]",[ 0.8682959   0.30293917 -5.21888503  6.53153648 -1.31355119 -0.02886819],"[  4.88809821   0.25158506   6.15832721 -28.10250822  -1.19652261
  -0.4663422 ]","[  0.74476675   0.06234572  25.34960455 -16.87954269  -1.32069479
  -0.06908964]",007,RP
843,0,1.0592758384056429,0,[-0.8801501   0.11811894 13.32733712 13.73005709 -1.2910739  -0.22741357],"[ -0.12113599   0.07615294 -20.74921248  -0.51347634  -1.32092468
   0.08461203]",[ 1.46020138  0.5696529   2.74860294 -2.01351381 -1.21968262 -0.34487885],[52.81717732  1.67181842 -0.92507207 50.85969573 -1.14523569  0.50013896],"[ 1.05641932e-01  1.91271986e-02 -7.15234335e+01  9.55587373e+00
 -6.72349932e-01  9.20309910e-01]",[ 0.67831088  0.30426483 -5.1963906   5.52476826 -1.31457442  0.01528767],"[  5.01040853   0.16511311   8.89473352 -42.56624872  -0.89980807
  -0.78587115]","[  0.78206327   0.05791823  27.24541542 -19.30763858  -1.31104657
  -0.15211879]",007,RP
844,0,1.0592758384056429,0,[-0.81393868  0.09711113 16.09654409 15.10159991 -1.24557705 -0.36043361],"[ -0.16636118   0.06988273 -22.56672914  -1.75422773  -1.30739932
   0.1744518 ]",[ 1.77944736  0.44294072  3.52187334 -4.26698821 -1.18284592 -0.40399182],[51.9665776   1.10830377 -1.35520767 72.42550471 -0.95397293  0.71995944],[ 0.10120721  0.01106283 10.48215913  0.9391299  -1.68059949  0.27597315],[ 0.49036954  0.29660978 -5.32897972  4.61316935 -1.31232964  0.06125445],"[  5.07079055   0.08159741  10.79518946 -52.74014468  -0.71415681
  -0.7546345 ]","[  0.81555041   0.05052062  31.11575305 -23.37646528  -1.28466934
  -0.2598528 ]",007,RP
845,0,1.0592758384056429,0,[-0.76312727  0.07096493 21.55588275 18.44988203 -1.10748449 -0.58161132],"[ -0.20643169   0.05997515 -26.17525505  -3.40340217  -1.27317748
   0.28844204]",[ 2.02475904  0.3310322   4.69455437 -7.50534142 -1.14071421 -0.45775391],"[ 51.47023524   0.58780485  -2.24396829 117.49757576  -0.47024964
   1.04149423]","[ 1.08315487e-01  2.36872707e-02  5.72840292e+01 -4.20474752e+00
 -5.41377243e-01  1.00825336e+00]",[ 0.30993728  0.28029417 -5.63542642  3.74662871 -1.30614057  0.10933782],"[  5.06309294   0.09713819 -11.50398823  60.24576157  -0.46058187
  -0.95837969]","[  0.84338793   0.04037831  38.55399372 -30.51597292  -1.21748392
  -0.4163393 ]",007,RP
846,0,1.0592758384056429,0,[-0.73092069  0.04174182 32.95656246 26.08863332 -0.66059211 -0.93355161],"[ -0.2392368    0.04702821 -33.02407453  -5.90057403  -1.1945532
   0.44722307]","[  2.20746797   0.23983905   6.46655819 -12.27472007  -1.10593649
  -0.48662128]","[ 51.30547618   0.28348636   0.36504001 -16.72855177  -1.71746383
   0.2391049 ]",[ 0.12808112  0.04330932 34.86504558 -2.4655541  -0.98382544  0.68972673],[ 0.14200178  0.25643024 -6.15318227  2.87376281 -1.29533639  0.15920771],[ 4.98711999  0.18926476 -7.87800242 41.28854333 -0.96960349 -0.72810771],"[ 8.63895702e-01  2.80368128e-02  5.37778295e+01 -4.44584358e+01
 -1.02206675e+00 -6.74967296e-01]",007,RP
847,0,1.0592758384056429,0,[-0.71988098  0.0221467   1.47373739  3.06091551 -1.71993056 -0.25050594],"[-2.63076082e-01  3.20661107e-02 -4.68929940e+01 -1.03364251e+01
 -9.90605032e-01  6.98557090e-01]","[  2.34189629   0.17346174   8.97124611 -19.009728    -1.10593004
  -0.44822981]","[  51.43013243    0.49811568    2.83011317 -143.55309509   -0.80691438
    0.84519405]",[ 0.16116194  0.06440384 24.04587149 -1.87527926 -1.15154777  0.48703292],[-0.0093933   0.2268949  -6.94361102  1.93477658 -1.27961126  0.20980857],[ 4.84948742  0.27684976 -5.61686873 29.23893423 -1.22997958 -0.42234166],"[ 8.75653698e-01  1.50384685e-02  8.16390039e+01 -6.94874956e+01
 -4.91503668e-01 -9.75815434e-01]",007,RP
848,0,1.0592758384056429,0,"[ -0.73162296   0.0434152  -31.1181616  -20.76676162  -0.57105926
  -0.98496798]","[-2.76786692e-01  1.69969868e-02 -7.35720441e+01 -1.83637627e+01
 -4.62753335e-01  1.01044930e+00]","[  2.44391908   0.13384623  11.73730715 -26.68502891  -1.16008478
  -0.28099822]","[  51.78560794    0.77859364    1.98922019 -101.01297708   -1.23239449
    0.45294888]",[ 0.20766437  0.08544585 18.30459526 -1.80121225 -1.22628476  0.35889198],[-0.14153542  0.19413208 -8.10014131  0.85354313 -1.25935457  0.25931007],[ 4.66376286  0.33989818 -4.63247908 23.60478387 -1.32474146 -0.21097167],"[ 8.77577946e-01  1.12164234e-02 -6.04994488e+01  5.50929820e+01
 -9.70724116e-01 -6.26765268e-01]",007,RP
849,0,0.8730305462267245,0,"[ -0.7667039    0.0777134  -19.51642499 -12.96331922  -1.02943345
  -0.65295864]","[-2.79775582e-01  1.11261074e-02  5.14207056e+01  1.63862578e+01
 -1.19156676e+00  4.99625651e-01]","[ 2.52924692e+00  1.20345182e-01  1.31300393e+01 -3.12091116e+01
 -1.21328021e+00 -4.51977455e-03]","[ 52.3013323    0.96222735   1.63715117 -83.62518722  -1.33990671
   0.19283854]",[ 0.26708513  0.10528677 14.92832924 -1.98713469 -1.26562267  0.26783854],[-0.25327263  0.16081218 -9.7581113  -0.47146249 -1.23596033  0.30482704],[ 4.44963843  0.36784538 -4.29665025 21.11854008 -1.35652961 -0.03527306],"[ 8.68964104e-01  2.44257725e-02 -5.85634392e+01  5.28895265e+01
 -7.34879432e-01 -8.96876246e-01]",007,RP
850,0,0.8406733118224757,0,"[ -0.82467877   0.11230133 -13.84033119  -9.41382727  -1.18671281
  -0.44257428]","[-2.71973769e-01  2.33678496e-02  6.12160822e+01  1.86491686e+01
 -7.60135863e-01  8.80654914e-01]","[  2.61164222   0.12837443  12.27430522 -30.05609373  -1.22280639
   0.20639119]","[ 5.29003749e+01  1.02680344e+00  1.53938782e+00 -7.94341929e+01
 -1.35869109e+00  3.20467338e-03]",[ 0.33830561  0.12290137 12.82400711 -2.33843358 -1.28826655  0.19707424],"[ -0.34503909   0.12945089 -12.0991156   -2.17466785  -1.2123299
   0.34151019]",[ 4.23107785  0.35530438 -4.44097125 20.79009509 -1.34625905  0.14079347],"[  0.84949939   0.04087742 -37.42587762  33.79326035  -1.07548809
  -0.59535624]",007,RP
851,0,0.8225006455547842,0,"[ -0.90423946   0.14469601 -10.83584021  -7.79819434  -1.24899449
  -0.31617237]","[-2.53750718e-01  3.84498262e-02  3.99140996e+01  1.21282314e+01
 -1.10816267e+00  5.64880474e-01]","[  2.7012479    0.14970774  10.50236848 -26.36950077  -1.24312282
   0.26479824]","[ 53.50618361   0.97453332   1.61803909 -84.57509672  -1.33457961
  -0.16869485]",[ 0.41964018  0.13741438 11.48819206 -2.82090704 -1.30164967  0.13847876],"[ -0.41867555   0.10209762 -15.32488152  -4.41615314  -1.19379187
   0.36082688]",[ 4.03365025  0.30254372 -5.16462089 22.83227433 -1.27667494  0.35385667],"[  0.81925567   0.05744491 -27.11210858  24.21174871  -1.1969911
  -0.41865486]",007,RP
852,0,0.8065340071119372,0,[-1.00335373  0.17361546 -9.06723487 -7.09764391 -1.27935128 -0.23033825],[-0.22583105  0.05275486 29.59804205  8.68415704 -1.22353273  0.38120311],"[  2.80321479   0.17470195   9.01494712 -23.27083313  -1.28736185
   0.21737984]","[  54.05012586    0.82279051    1.89956842 -100.67191206   -1.2612625
   -0.35690183]",[ 0.50892647  0.14814675 10.66595848 -3.42818859 -1.30933301  0.08754463],"[ -0.47708047   0.08014608 -19.53751876  -7.32096864  -1.18844634
   0.34922582]",[ 3.8814914   0.21632306 -6.96055972 29.01735268 -1.04778569  0.66524152],"[  0.77868246   0.07319148 -21.43327366  18.68971416  -1.25095006
  -0.30692025]",007,RP
853,0,0.8065340071119372,0,[-1.11934918  0.19799795 -7.96783506 -6.91878962 -1.29670741 -0.16456274],[-0.1892444   0.06542202 24.02579671  6.54674759 -1.27205327  0.26549558],"[  2.91684317   0.19343405   8.16446264 -21.8144571   -1.33350781
   0.10993009]","[  54.4788987     0.60234687    2.53465274 -136.08508982   -1.08923588
   -0.599824  ]",[ 0.60364291  0.15463619 10.22330168 -4.17122359 -1.31322112  0.04125358],"[ -0.52375333   0.06425128 -24.44375404 -10.8024975   -1.20302615
   0.29198349]",[ 3.79440684  0.11621695 -9.96507416 39.8115455  -0.50607834  0.93448671],"[  0.72861282   0.08741868 -18.01046505  15.12265565  -1.27999379
  -0.22650414]",007,RP
854,0,0.8065340071119372,0,[-1.24892636  0.21677455 -7.28681418 -7.10069428 -1.30762466 -0.10836949],[-0.14531278  0.07587679 20.78138424  5.01980073 -1.29698306  0.18112226],"[  3.03540555   0.19654749   8.04039803 -22.40586881  -1.35995037
  -0.04501633]","[  54.76063028    0.35647373    3.94445334 -214.00075077   -0.66516104
   -0.94288075]","[ 7.01045196e-01  1.56641151e-01  1.00938361e+01 -5.07623529e+00
 -1.31418421e+00 -2.65628440e-03]","[ -0.56230648   0.05430226 -29.03359892 -14.32578069  -1.23276837
   0.18924611]","[  3.78554735   0.09843698   8.33871872 -29.56661458  -0.75804044
   0.73675623]","[  0.67027825   0.09944418 -15.86558411  12.63435596  -1.29778935
  -0.16152781]",007,RP
855,0,0.8035662918009139,0,[-1.38812379  0.22883405 -6.90764599 -7.58866776 -1.31465073 -0.05549024],[-0.09565283  0.08359357 18.89479444  3.8073405  -1.31109218  0.11135732],"[  3.14673438   0.17669728   8.88262591 -25.95126434  -1.33202751
  -0.26875874]","[ 5.48885763e+01  1.56693596e-01  4.09709138e+00 -2.22883513e+02
 -9.21453862e-01 -6.69674885e-01]",[ 0.79832147  0.15415962 10.2546049  -6.18647126 -1.31232442 -0.04567354],"[ -0.59601727   0.04943432 -31.96825133 -17.05362979  -1.26156145
   0.07330578]","[  3.85991576   0.20492066   7.09604943 -25.390153    -0.84262269
   0.82719456]","[  0.60531046   0.10859545 -14.54672675  10.80528584  -1.30901393
  -0.10408183]",007,RP
856,0,0.4760640373941013,0,[-1.62468694  0.40603274 -3.63632514 -3.90788995 -0.47819666 -0.91696188],"[ 7.07000651e-03  1.83745148e-01  7.77074680e+00  1.94506077e+00
 -2.67864829e-01  1.09861267e+00]",[ 2.77407539  0.97416524 -1.00532971  4.78886039  0.17976963 -1.44846517],"[ 55.29587314   0.78088702   1.34314531 -72.27039272   0.19774067
   1.45911789]",[ 0.95817244  0.2694949   5.4599113  -3.23153652 -0.44454197  0.93299881],"[ -0.65407605   0.09969815 -14.35427187  -7.38878546  -0.27427932
  -1.08546224]",[ 4.25180506  0.81371805  1.64498399 -4.99415126 -0.01553558  1.31280048],[ 0.46200345  0.25926276 -5.42904231  4.50823627 -0.19229529 -1.15926024],007,RP
857,0,0.4760640373941013,0,[-1.82917832  0.42028029 -3.55692816 -4.50625588 -1.72599257 -0.22125519],[ 0.10247459  0.20371415  7.29906956  1.25203084 -1.76852833  0.29289421],[ 2.26368748  1.38329203 -0.99238434  4.246448   -1.69775488 -0.46335221],"[ 55.87767865   1.33452003   1.02502739 -55.27615108  -1.24722846
   0.67108656]",[ 1.10167152  0.28880715  5.2045363  -3.7336894  -1.74062654  0.25038117],"[ -0.70207442   0.10463832 -13.99127793  -7.82291836  -1.74900102
  -0.29299442]",[ 4.60471415  0.89073735  1.60722854 -5.40082801 -1.74931622  0.3497555 ],[ 0.32590139  0.29427076 -5.03623883  3.64131724 -1.77720748 -0.31730449],007,RP
858,0,0.4781435130062494,0,[-1.99569747  0.35967078 -3.75947222 -5.50276919 -1.6841809   0.45796556],[ 0.18838382  0.18702602  7.57477923  0.57303418 -1.7541446  -0.44233997],[ 1.61677496  1.59462879 -0.93806325  3.51663717 -1.73257564  0.22870984],"[ 56.71226354   1.87692222   0.8144245  -44.18785675  -1.42634741
   0.22456939]",[ 1.22808232  0.26154509  5.47852371 -4.72807809 -1.73004252 -0.44827075],"[ -0.73853461   0.08976306 -14.09093928  -8.40664629  -1.70339898
   0.36807049]",[ 4.87991204  0.77457476  1.53963247 -5.513271   -1.67910358 -0.27954696],[ 0.19956791  0.2767653  -5.17697883  3.03315884 -1.7688477   0.4269873 ],007,RP
859,0,0.4846274397286045,0,[-2.11976589  0.25008051 -3.47038299 -5.35639949  0.03803123  1.34783248],[ 0.26316795  0.13962692  8.28070068 -0.17921506  0.24255733 -1.49454691],[ 0.84319248  1.52476548 -0.96540833  2.81402504 -0.45777178  0.93640324],"[ 57.86629332   2.28278645   0.69093769 -37.98200293  -1.14716716
  -0.07349116]",[ 1.33741845  0.19510457  6.2002216  -6.29229076  0.21274552 -1.47241173],[-0.76158082  0.06555162 -7.43602655 -3.6631352  -0.71380435  0.81464794],[ 5.04405051  0.59079819  0.45656827 -0.30295344 -1.10280522 -0.46912093],[ 0.0849354   0.21273527 -5.74156438  2.48766206  0.20163935  1.4643659 ],007,RP
860,0,0.4851173394348952,0,[-2.19857626  0.08565462 18.15412177 41.91322107 -1.20222414  0.43287509],"[ 3.25785477e-01  5.37438460e-03  2.07582294e+02 -6.56272969e+01
 -3.19175748e-01 -1.06867566e+00]",[-0.03844559  0.83787073 -1.88612049  1.92748699 -1.31776447  0.07604169],"[ 59.38826322   2.28412174   0.69051408 -39.00843177  -1.29390857
   0.17373364]","[ 1.43034847e+00  2.15088644e-02  7.28368010e+01 -1.02182007e+02
 -1.20418749e+00 -3.38761742e-01]",[-0.76934422  0.05076696 30.57722602 25.52441212 -1.18602125  0.45470877],[ 5.07272009  0.53980928 -2.90339435 16.72810685 -1.27312897 -0.31515698],"[-1.67733424e-02  2.61219856e-02 -5.96703304e+01  9.99129115e-01
 -1.16243465e+00  4.18645625e-01]",007,RP
861,0,0.4861528500688969,0,[-2.13888267  0.10864312 14.45392853 32.91525731 -1.27190537  0.28365257],"[ 3.26566439e-01  3.78686844e-03 -2.31204571e+02  7.75036535e+01
 -8.06497886e-01 -6.78122518e-01]",[-0.54099796  0.77801145 -2.02853166  0.9025685  -1.30667585  0.14816172],"[ 60.88993216   2.51883843   0.62698236 -36.17691333  -1.30419261
   0.11989438]","[ 1.44263791e+00  1.70233232e-02  9.20124591e+01 -1.30740661e+02
 -1.20594884e+00 -3.41379195e-01]",[-0.73375949  0.0651056  24.09944351 19.68319549 -1.26799553  0.29934591],[ 4.71513585  0.63092504 -2.50005729 13.78810975 -1.32341704 -0.16268732],"[-3.13649574e-02  1.95025936e-02 -7.98417110e+01 -5.04231867e-01
 -1.14512250e+00  4.34543343e-01]",007,RP
862,0,0.4907390853273415,0,[-2.06618411  0.1264905  12.46680129 27.75870679 -1.30488761  0.17702456],"[ 3.23914297e-01  7.42298315e-03 -1.99634079e+02  6.66643325e+01
 -9.51509650e-01 -7.44770823e-01]",[-0.99591726  0.68622168 -2.29380582 -0.2844408  -1.28500791  0.23134122],"[ 62.51930491   2.68728977   0.58810762 -34.76807986  -1.30937768
   0.07396113]","[ 1.45228259e+00  1.33528390e-02  1.17132232e+02 -1.68109102e+02
 -1.20271804e+00 -3.64530587e-01]",[-0.69018208  0.0762291  20.68357567 16.27543318 -1.30805426  0.18087814],[ 4.31603999  0.67226978 -2.35136535 12.14858685 -1.34124587 -0.03240892],"[-4.23157214e-02  1.45040281e-02 -1.07462699e+02 -2.54736161e+00
 -1.14264764e+00  4.22886481e-01]",007,RP
863,0,0.481903409543691,0,[-1.98428349  0.13795284 11.4535263  24.72704318 -1.32210257  0.08705625],"[ 3.18437969e-01  1.11313260e-02 -1.39476864e+02  4.64147293e+01
 -1.19947409e+00 -4.47841529e-01]",[-1.38506557  0.56883653 -2.75318483 -1.81334153 -1.24451053  0.33510254],"[ 6.42342160e+01  2.78660675e+00  5.67345933e-01 -3.44430212e+01
 -1.31117945e+00  3.41799008e-02]","[ 1.45966659e+00  1.01417961e-02  1.53379246e+02 -2.21882561e+02
 -1.17621769e+00 -4.37644126e-01]",[-0.64099418  0.083045   19.02782889 14.19672756 -1.32636823  0.08008542],[ 3.9084285   0.65858699 -2.3985846  11.37469641 -1.33632579  0.09511186],"[-5.05996838e-02  1.10151363e-02 -1.42028148e+02 -5.18657938e+00
 -1.16300571e+00  3.66425865e-01]",007,RP
864,0,0.5130533689057142,0,"[-1.89762672e+00  1.41925967e-01  1.11397606e+01  2.31391074e+01
 -1.32903585e+00  5.88259478e-04]","[ 3.10679203e-01  1.42180136e-02 -1.10434134e+02  3.63095887e+01
 -1.27152625e+00 -2.85597350e-01]",[-1.6948955   0.43440311 -3.56751559 -4.04656614 -1.16425718  0.47678137],"[ 6.59923606e+01  2.81922569e+00  5.60836129e-01 -3.50109000e+01
 -1.31048839e+00 -3.53038307e-04]","[ 1.46495570e+00  7.07328984e-03  2.15509834e+02 -3.13712360e+02
 -1.06411770e+00 -6.16157761e-01]","[-5.89065345e-01  8.49350295e-02  1.86141651e+01  1.29649596e+01
 -1.32981431e+00 -1.21934299e-02]",[ 3.52664812  0.59070964 -2.66321684 11.39222868 -1.30467504  0.2379193 ],"[-5.71005390e-02  8.85954789e-03 -1.77568790e+02 -8.13927363e+00
 -1.20321972e+00  2.51894942e-01]",007,RP
865,0,0.5130533689057142,0,[-1.81120105  0.13764856 11.4777077  22.78843627 -1.3256082  -0.09197217],"[ 3.01147347e-01  1.65967679e-02 -9.50054727e+01  3.06106461e+01
 -1.30196732e+00 -1.80716119e-01]",[-1.91770551  0.29375688 -5.13819212 -7.85353931 -0.98494603  0.69083059],"[ 6.77546763e+01  2.79259275e+00  5.66147089e-01 -3.63591128e+01
 -1.30787389e+00 -2.95333606e-02]","[ 1.46811170e+00  4.02187942e-03  3.34983681e+02 -4.89793462e+02
 -6.24213489e-01 -9.41419060e-01]",[-0.53745503  0.08185784 19.29788332 12.37174447 -1.32095483 -0.1015117 ],[ 3.20302301  0.47548387 -3.27084945 12.47660604 -1.22113706  0.42445078],"[-6.25787577e-02  7.83089220e-03 -2.01729923e+02 -1.06240080e+01
 -1.24101436e+00  9.37005321e-02]",007,RP
866,0,0.5130533689057142,0,[-1.73029306  0.12489965 12.61444289 23.82668297 -1.30658987 -0.20193481],"[ 2.90360646e-01  1.81797919e-02 -8.69015024e+01  2.72327764e+01
 -1.31881452e+00 -9.60302912e-02]","[ -2.05263631   0.16125482  -8.45974695 -15.36478375  -0.53863964
   1.01421633]","[ 6.94882753e+01  2.71873614e+00  5.81441543e-01 -3.84033700e+01
 -1.30401245e+00 -5.24374122e-02]","[ 1.46892918e+00  2.48816057e-03 -1.11194337e+02  1.65336606e+02
 -1.53570892e+00 -3.58398264e-01]",[-0.48910063  0.07431049 21.20983655 12.37374434 -1.30006159 -0.19385879],[ 2.96490523  0.32588737 -4.59273824 15.61703361 -0.98629343  0.71143765],"[-6.76575268e-02  7.70672225e-03 -2.05084837e+02 -1.18755328e+01
 -1.25705480e+00 -5.63421713e-02]",007,RP
867,0,0.5130533689057142,0,[-1.66013708  0.10415497 15.01801825 26.93196897 -1.25524211 -0.34863041],"[ 2.78880367e-01  1.88454450e-02 -8.38932957e+01  2.53961931e+01
 -1.32716871e+00 -1.47894718e-02]",[-2.10626933  0.06961424 -4.69269204 -7.88407329 -1.43280045  0.40083146],"[ 7.11687890e+01  2.61322668e+00  6.04830474e-01 -4.10450524e+01
 -1.29973807e+00 -6.77381928e-02]","[ 1.46709536e+00  5.66471398e-03 -2.41503763e+02  3.56309050e+02
 -5.34162962e-01 -1.01693783e+00]",[-0.44656328  0.06315419 24.84554819 13.09510953 -1.26293808 -0.29979558],[ 2.83254437  0.16940783 -6.79420221 21.24487924 -0.46724766  0.96264288],"[-7.28214955e-02  8.25557387e-03 -1.91168526e+02 -1.19211779e+01
 -1.26015696e+00 -1.52594248e-01]",007,RP
868,0,0.5130533689057142,0,[-1.60550164  0.07677335 19.94884773 34.02790766 -1.11529485 -0.5725374 ],"[ 2.67322037e-01  1.84873869e-02 -8.54825295e+01  2.48513640e+01
 -1.32592037e+00  7.15323851e-02]",[-2.09258725  0.09491616 14.36212322 32.05399589 -0.82568189  0.80511816],"[ 72.78188482   2.49338551   0.63385646 -44.13326756  -1.29588253
  -0.07413635]","[ 1.46226628e+00  1.04605678e-02 -1.43998130e+02  2.12563609e+02
 -9.55055112e-01 -7.11043063e-01]",[-0.41186476  0.0494143  31.45578356 14.95552877 -1.19183865 -0.44042984],"[  2.81788779   0.1398832    5.9556143  -14.78225282  -0.75157181
   0.73930766]","[-7.84221496e-02  9.25382519e-03 -1.70370892e+02 -1.13608516e+01
 -1.26525630e+00 -1.90661260e-01]",007,RP
869,0,0.5130533689057142,0,"[-1.57025472e+00  4.57035744e-02  3.04480535e+01  4.98111997e+01
 -6.84955400e-01 -9.23741222e-01]","[ 2.56330687e-01  1.70789310e-02 -9.23506231e+01  2.56722987e+01
 -1.31088877e+00  1.68860853e-01]",[-2.03206402  0.14172003 10.99786351 24.34836276 -1.36291567  0.33517999],"[ 7.43235085e+01  2.37593850e+00  6.65213369e-01 -4.74409915e+01
 -1.29317798e+00 -7.10313933e-02]","[ 1.45414888e+00  1.58338078e-02 -9.75608954e+01  1.43868067e+02
 -1.12737694e+00 -5.15397943e-01]","[-3.86402401e-01  3.42110634e-02  4.42944505e+01  1.91154820e+01
 -1.02416104e+00 -6.58786130e-01]","[  2.9241823    0.29173105   4.99169611 -12.5966294   -0.83993372
   0.82740393]","[-8.46866353e-02  1.05008817e-02 -1.50139683e+02 -1.07148246e+01
 -1.27481373e+00 -1.89483736e-01]",007,RP
870,0,0.4383026352251639,0,[-1.55694911  0.02290835  9.19851131 16.32161396 -1.63764971 -0.28508396],"[ 2.46519595e-01  1.47229182e-02 -1.06656537e+02  2.82929263e+01
 -1.27408767e+00  2.83378157e-01]",[-1.9498244   0.15360706 10.26613719 22.01716477 -1.4369696  -0.0843501 ],"[ 7.57984785e+01  2.27429435e+00  6.95024531e-01 -5.06818019e+01
 -1.29218296e+00 -5.96941104e-02]","[ 1.44257463e+00  2.14014737e-02 -7.29553921e+01  1.07243598e+02
 -1.21074802e+00 -3.85779209e-01]","[-3.70903561e-01  1.90783406e-02  7.09560243e+01  2.83178421e+01
 -5.62598219e-01 -9.92949729e-01]",[ 3.1461651   0.45967967  3.35571622 -8.55763725 -1.15389815  0.51522772],"[-9.17292174e-02  1.18258012e-02 -1.33399314e+02 -1.02366146e+01
 -1.28550151e+00 -1.67863991e-01]",007,RP
871,0,0.4383026352251639,0,"[-1.56647576e+00  4.05864144e-02 -3.28330790e+01 -4.94322223e+01
 -5.83219855e-01 -9.67644746e-01]","[ 2.38387316e-01  1.16714190e-02 -1.33365508e+02  3.37926454e+01
 -1.20066659e+00  4.23687933e-01]",[-1.87303184  0.12588408 12.10219631 24.66779904 -1.22606207 -0.5331246 ],"[ 7.72174133e+01  2.19568470e+00  7.19998581e-01 -5.35964280e+01
 -1.29316542e+00 -4.43156731e-02]","[ 1.42754650e+00  2.68183274e-02 -5.85432203e+01  8.55731695e+01
 -1.25583456e+00 -2.91193672e-01]",[-0.36537884  0.00922697  6.93688164  4.53458975 -1.70090638 -0.25624586],[ 3.47066308  0.60644983  2.58356101 -6.96666982 -1.26300308  0.32299511],"[-9.95640440e-02  1.30865741e-02 -1.20638010e+02 -1.00112081e+01
 -1.29521203e+00 -1.37021429e-01]",007,RP
872,0,0.4383026352251639,0,"[ -1.59784292   0.07094367 -21.46911209 -32.30426871  -1.09058475
  -0.60836805]","[ 2.32235474e-01  8.30733793e-03 -1.84094647e+02  4.47533077e+01
 -1.06098836e+00  6.03875244e-01]",[-1.82785036  0.07359034 14.09716379 27.7675059  -0.72991189 -0.71677166],"[ 7.85923905e+01  2.13894640e+00  7.39154940e-01 -5.60919537e+01
 -1.29604136e+00 -3.15632100e-02]","[ 1.40924740e+00  3.17876009e-02 -4.95452499e+01  7.18215146e+01
 -1.28080715e+00 -2.18744397e-01]","[-3.69059636e-01  1.58045544e-02 -8.71756436e+01 -3.01730113e+01
 -7.32686920e-01 -8.84696109e-01]",[ 3.87752014  0.71788675  2.19564681 -6.51366472 -1.30830236  0.1894654 ],"[-1.08116742e-01  1.41611681e-02 -1.11559679e+02 -1.00614690e+01
 -1.30373873e+00 -1.01237827e-01]",007,RP
873,0,0.4383026352251639,0,"[ -1.64814808   0.09730606 -16.06803806 -24.48250612  -1.26374784
  -0.35125716]","[ 2.28109195e-01  5.08849107e-03 -2.88875307e+02  6.78951139e+01
 -7.91714043e-01  8.46828789e-01]","[ -1.83647486   0.09100216 -10.84388797 -17.91452764  -0.42693196
  -0.97097431]","[ 7.99321404e+01  2.09418853e+00  7.54964611e-01 -5.83459373e+01
 -1.30028860e+00 -2.82650387e-02]","[ 1.38801637e+00  3.60936874e-02 -4.37127182e+01  6.26739683e+01
 -1.29461988e+00 -1.61839554e-01]","[-3.80348116e-01  2.52914707e-02 -6.10384568e+01 -2.12158620e+01
 -1.22357176e+00 -4.78989060e-01]",[ 4.34088307  0.78494627  2.01301317 -6.73825477 -1.32751072  0.08218609],"[-1.17234003e-01  1.49363398e-02 -1.05825236e+02 -1.04063160e+01
 -1.31100078e+00 -6.07553305e-02]",007,RP
874,0,0.4383026352251639,0,"[ -1.71279413   0.11559298 -13.63983657 -21.36223202  -1.32501581
  -0.17556866]","[ 2.25776665e-01  2.46681658e-03 -5.31427685e+02  1.21983971e+02
 -2.95567966e-01  1.16022799e+00]","[ -1.91473612   0.19791049  -7.33078216 -12.03651341  -0.78290461
  -0.86441067]","[ 8.12378555e+01  2.04502552e+00  7.73067173e-01 -6.08023193e+01
 -1.30477015e+00 -3.89504475e-02]","[ 1.36431330e+00  3.95937918e-02 -3.98905244e+01  5.64231731e+01
 -1.30273409e+00 -1.15376552e-01]","[-3.96828617e-01  3.11748719e-02 -5.05444554e+01 -1.80574863e+01
 -1.36634443e+00 -1.72786124e-01]",[ 4.83089199  0.80234232  1.97043649 -7.51896583 -1.33184064 -0.01545005],"[-1.26694016e-01  1.53074977e-02 -1.03287615e+02 -1.10859227e+01
 -1.31585352e+00 -1.49038278e-02]",007,RP
875,0,0.4383026352251639,0,"[ -1.78594742   0.12389292 -12.75862125 -20.78622664  -1.34270729
  -0.03557841]","[ 2.24755993e-01  7.99729968e-04 -8.85246647e+02  2.00964489e+02
 -3.81152159e-01  1.01843393e+00]",[-2.07059849  0.32181159 -4.76725618 -7.87107343 -1.10220849 -0.56976122],"[ 8.25006116e+01  1.97265098e+00  8.01246191e-01 -6.41033008e+01
 -1.30775140e+00 -6.53308287e-02]","[ 1.33869164e+00  4.21750649e-02 -3.74727001e+01  5.21643904e+01
 -1.30829646e+00 -7.43199852e-02]","[-4.15378167e-01  3.19016872e-02 -4.94818164e+01 -1.85536662e+01
 -1.38770736e+00  9.43155466e-02]",[ 5.31573062  0.76863938  2.05460232 -8.92171244 -1.32338198 -0.11506027],"[-1.36222463e-01  1.51961254e-02 -1.04035163e+02 -1.21719261e+01
 -1.31646109e+00  3.59247116e-02]",007,RP
876,0,0.4383026352251639,0,"[ -1.86117142   0.1217177  -12.97902159 -22.15618405  -1.33518769
   0.09198885]","[ 2.24387747e-01  3.07688267e-04  1.83453689e+03 -4.09647599e+02
 -8.70205435e-01  5.06499294e-01]",[-2.30363145  0.44047994 -3.54496051 -6.16628254 -1.23094695 -0.37863109],"[ 83.70084774   1.85998127   0.84925997 -69.08377953  -1.3071011
  -0.10805212]","[ 1.31178732e+00  4.37118183e-02 -3.61679518e+01  4.94446607e+01
 -1.31244771e+00 -3.40054564e-02]","[-4.32384941e-01  2.69561797e-02 -5.75263454e+01 -2.28735254e+01
 -1.28134440e+00  4.19921597e-01]","[  5.76388138   0.68633345   2.29329435 -11.21827658  -1.29761674
  -0.22927248]","[-1.45517038e-01  1.45747901e-02 -1.08410042e+02 -1.37755082e+01
 -1.31147436e+00  9.01420730e-02]",007,RP
877,0,0.4594779185905481,0,"[ -1.93211978   0.10982754 -14.332889   -25.69285828  -1.30424489
   0.22460993]","[ 2.23941843e-01  1.08837162e-03 -8.85079099e+02  2.00206245e+02
 -1.04127359e-01 -1.20929218e+00]",[-2.6053895   0.54026305 -2.9119592  -5.58678792 -1.29029445 -0.2419528 ],"[ 84.8095918    1.69420723   0.93101857 -76.95930461  -1.29984622
  -0.16987223]","[ 1.28432111e+00  4.40533435e-02 -3.58905020e+01  4.80949294e+01
 -1.31492177e+00  9.33175703e-03]","[-4.44044452e-01  1.72228991e-02 -7.87534363e+01 -3.29700265e+01
 -7.68212227e-01  8.42507880e-01]","[  6.14634102   0.56173852   2.77917982 -15.08178689  -1.23741863
  -0.37873534]","[-1.54279220e-01  1.34808057e-02 -1.17081876e+02 -1.60633006e+01
 -1.30064903e+00  1.46123041e-01]",007,RP
878,0,0.4594779185905481,0,"[ -1.99315437   0.08995122 -17.34656922 -32.57439031  -1.23569789
   0.3854991 ]","[ 2.22740131e-01  2.84964240e-03 -4.84488170e+02  1.09914959e+02
 -4.98457552e-01 -1.04632598e+00]",[-2.96055459  0.61090144 -2.58421816 -5.65071894 -1.31888059 -0.13233022],"[ 85.790712     1.46745937   1.07130593 -89.90809852  -1.27915284
  -0.25996548]","[ 1.25710380e+00  4.30443907e-02 -3.67214515e+01  4.81626764e+01
 -1.31470877e+00  5.89016646e-02]","[-4.46676885e-01  1.23119490e-02  2.76345017e+01  1.43436931e+01
 -1.42117553e+00  4.12008468e-01]","[  6.43852814   0.40506859   3.76504683 -22.24135994  -1.08283204
  -0.60656236]","[-1.62247630e-01  1.20081193e-02 -1.31226267e+02 -1.92911508e+01
 -1.28427898e+00  2.03451167e-01]",007,RP
879,0,0.4594779185905481,0,"[ -2.03978692   0.06450487 -23.60398245 -46.14709471  -1.07052891
   0.61926784]","[ 2.20273235e-01  5.25768744e-03 -2.85466407e+02  6.48806090e+01
 -9.44663030e-01 -7.27815270e-01]",[-3.34865411  0.64547552 -2.44911084 -6.2012251  -1.33007987 -0.03541084],"[  86.60371126    1.17712551    1.32415385 -112.67663784   -1.22331538
   -0.40122757]","[ 1.23103147e+00  4.05587604e-02 -3.89377046e+01  4.99335397e+01
 -1.31001213e+00  1.18634095e-01]","[-4.37019595e-01  2.88260575e-02  4.73706591e+01  2.27019063e+01
 -5.27367889e-01  1.02148340e+00]","[  6.62169537   0.23399922   5.83212517 -36.61855625  -0.62323114
  -0.95488913]","[-1.69225797e-01  1.02844251e-02 -1.52869300e+02 -2.38694292e+01
 -1.26197401e+00  2.63189623e-01]",007,RP
880,0,0.4594779185905481,0,"[-2.06891718e+00  3.69338437e-02 -3.68069968e+01 -7.41506278e+01
 -6.02971636e-01  9.67011243e-01]","[ 2.16292318e-01  7.83228472e-03 -1.97638908e+02  4.47477775e+01
 -1.17362805e+00 -4.83030465e-01]",[-3.74613868  0.64076068 -2.46670551 -7.24062092 -1.32839197  0.05793353],"[  87.20695153    0.82888385    1.82776086 -157.39345265   -1.05101792
   -0.6459829 ]","[ 1.20706241e+00  3.65294263e-02 -4.31456811e+01  5.40795297e+01
 -1.29692490e+00  1.95085451e-01]",[-0.41247093  0.05324276 28.28288135 13.66586635 -0.95697724  0.71110223],[ 6.6837779   0.12269143 -0.02748296  2.18369002 -1.72062997 -0.25139702],"[-1.75099878e-01  8.44943268e-03 -1.85491498e+02 -3.04795387e+01
 -1.23201285e+00  3.26621109e-01]",007,RP
881,0,0.4594779185905481,0,[-2.07892076  0.01898586 -0.12321997  1.74383545 -1.71934394  0.24984889],"[ 2.10864565e-01  1.00379000e-02 -1.56362028e+02  3.49712109e+01
 -1.29184130e+00 -2.86083834e-01]",[-4.12855926  0.59726337 -2.64170421 -8.90643239 -1.31382524  0.15623719],"[  87.56121351    0.4559513     2.7874409  -242.07170783   -0.52857714
   -0.97073672]","[ 1.18617696e+00  3.09732974e-02 -5.06540540e+01  6.20846718e+01
 -1.26556571e+00  3.00867824e-01]",[-0.37126909  0.08045596 19.20685653  9.13091206 -1.13182096  0.5111254 ],[ 6.61968773  0.2376917  -5.73019286 39.93208738 -0.60678679 -0.96502927],"[-1.79845880e-01  6.64304592e-03 -2.35000509e+02 -4.02638733e+01
 -1.19262170e+00  3.92471037e-01]",007,RP
882,0,0.4594779185905481,0,"[-2.06967078e+00  3.55052738e-02  3.85627029e+01  8.18120993e+01
 -6.51603075e-01  9.37520627e-01]","[ 2.04390966e-01  1.13538550e-02 -1.39083140e+02  3.04273373e+01
 -1.35270903e+00 -1.04467723e-01]","[ -4.47256965   0.51872675  -3.02875379 -11.54631228  -1.28060183
   0.27205316]","[ 87.63337858   0.31498765  -1.74839918 155.21812726  -1.17954521
  -0.51991128]","[ 1.16932680e+00  2.40221183e-02 -6.45530482e+01  7.74836091e+01
 -1.18639098e+00  4.63251771e-01]",[-0.31259831  0.10841324 14.40670587  6.50351192 -1.21383247  0.38068704],[ 6.43111069  0.41655402 -3.65388167 25.49851747 -1.06116204 -0.62480477],"[-1.83527322e-01  4.99815998e-03 -3.11025410e+02 -5.50816607e+01
 -1.14622104e+00  4.52959893e-01]",007,RP
883,0,0.4594779185905481,0,[-2.04253066  0.06015398 25.43927093 53.96049077 -1.12098188  0.57396271],"[ 1.97586545e-01  1.13326916e-02 -1.39328386e+02  2.95294144e+01
 -1.36901587e+00  9.75201506e-02]","[ -4.75753527   0.41135979  -3.7806762  -15.98670036  -1.2069677
   0.42980564]","[ 87.39983503   0.68757938  -2.0585499  181.9169214   -0.69463742
  -0.92239971]","[ 1.15737833e+00  1.60105238e-02 -9.29633527e+01  1.09593770e+02
 -9.49018719e-01  7.41347918e-01]",[-0.23662661  0.13539752 11.59840482  4.74449123 -1.25805608  0.28639822],[ 6.12590228  0.58817383 -2.64921714 18.22884532 -1.21384698 -0.40801016],"[-1.86282964e-01  3.62776191e-03 -4.27414129e+02 -7.76199708e+01
 -1.10619548e+00  4.89013876e-01]",007,RP
884,0,0.7384416870904461,0,[-2.00028446  0.08088508 19.35949049 40.72448793 -1.27555915  0.32697586],"[ 1.91420450e-01  9.67813874e-03 -1.60943619e+02  3.28079001e+01
 -1.29613512e+00  3.76488067e-01]","[ -4.96663086   0.2837202   -5.3120278  -24.38288122  -1.01093131
   0.68195194]","[ 86.8488774    1.1695331   -1.30535289 115.36843344  -1.06354939
  -0.61071475]","[ 1.15105208e+00  8.11489784e-03 -1.33250873e+02  1.55378695e+02
 -5.00545896e-01  9.17388815e-01]",[-0.14447552  0.15986773  9.85341925  3.42357787 -1.28361946  0.21286895],[ 5.71719203  0.73770595 -2.12976216 14.17625925 -1.27287484 -0.27369854],"[-1.88303718e-01  2.60489516e-03 -5.96512804e+02 -1.10325579e+02
 -1.09968833e+00  4.67247201e-01]",007,RP
885,0,0.7686429567789899,0,[-1.94694906  0.0946924  16.65995107 34.43607612 -1.33004836  0.15539767],"[ 1.87018187e-01  6.45974929e-03 -2.19898243e+02  4.31249706e+01
 -8.82414099e-01  7.95530758e-01]","[ -5.08746134   0.15203054  -8.22674087 -39.85322611  -0.48286274
   0.99499483]",[85.98144172  1.65580171 -0.94007613 82.82910086 -1.19413156 -0.42546506],"[ 1.15086161e+00  7.72792980e-03  1.22549788e+02 -1.39037846e+02
 -5.68168512e-01  8.62184302e-01]",[-0.03811615  0.18054495  8.74083019  2.33316684 -1.29854296  0.15261554],[ 5.22228     0.85780936 -1.83822649 11.59973344 -1.29912574 -0.18014253],"[-1.89800482e-01  1.94437053e-03 -8.05122097e+02 -1.50812562e+02
 -1.14682401e+00  3.55996943e-01]",007,RP
886,0,0.776927444008282,0,"[-1.88742673e+00  1.00188057e-01  1.57786540e+01  3.17810534e+01
 -1.34379020e+00  1.60342722e-02]","[ 1.85533846e-01  3.91361043e-03 -1.82229092e+01  5.38096642e+00
 -1.72335267e+00  2.29441211e-01]",[-5.11237178  0.10306699  5.70101253 31.14569559 -1.14983542  0.52498694],[84.81031215  2.11747143 -0.74071128 64.81995467 -1.24949785 -0.31046855],"[ 1.15705738e+00  1.62150333e-02  9.02059163e+01 -1.02373421e+02
 -8.41522409e-01  8.23422543e-01]",[ 0.07979876  0.19649686  8.03977831  1.35843568 -1.30691054  0.10151484],[ 4.66137914  0.94436098 -1.67262861  9.79675612 -1.3111222  -0.10857301],"[-1.90968635e-01  1.59442601e-03 -9.88817303e+02 -1.86833091e+02
 -1.21967225e+00  1.86615286e-01]",007,RP
887,0,0.7822681684108791,0,[-1.82698436  0.09717662 16.25109362 31.69049387 -1.33203742 -0.11231327],"[ 1.87999185e-01  8.45045331e-03  1.55403394e+02 -2.72157115e+01
 -4.47586264e-01  1.05559485e+00]",[-5.03860106  0.21848502  6.5381452  34.94310538 -0.75173738  0.88652915],[83.35870339  2.53708012 -0.62047359 53.72187424 -1.27729042 -0.23110431],"[ 1.16958079e+00  2.56954788e-02  5.99479626e+01 -6.81139853e+01
 -1.13191799e+00  5.33285938e-01]",[ 0.2061322   0.20714664  7.63084205  0.42703772 -1.31118932  0.05668909],[ 4.05628273  0.99569294 -1.58761621  8.43982022 -1.31571274 -0.0497854 ],"[-1.91957656e-01  1.44735895e-03 -1.09201697e+03 -2.07621018e+02
 -1.27564246e+00  6.58883503e-02]",007,RP
888,0,0.7892202413483858,0,[-1.77060752  0.08662426 18.15920703 34.15282845 -1.29535222 -0.24320012],"[ 1.95162270e-01  1.60140240e-02  9.36385972e+01 -1.62747212e+01
 -9.48643943e-01  7.27300089e-01]",[-4.86833524  0.35971443  4.26525828 22.76470718 -1.1101074   0.5656741 ],[81.65927692  2.90011391 -0.54390491 46.41488155 -1.29362977 -0.17020252],"[ 1.18803512e+00  3.45391434e-02  4.52774804e+01 -5.17912371e+01
 -1.23901950e+00  3.56954738e-01]",[ 0.33744661  0.21219833  7.45097578 -0.51430651 -1.31291844  0.01548149],"[ 3.42909096e+00  1.01222122e+00 -1.56201412e+00  7.35628851e+00
 -1.31584918e+00  1.32410885e-03]","[-1.92853656e-01  1.37815027e-03 -1.14699512e+03 -2.19202202e+02
 -1.31234568e+00  5.39406763e-02]",007,RP
889,0,0.7951618191705574,0,[-1.72234193  0.07052343 22.12724662 40.11068472 -1.22445728 -0.38843944],"[ 2.07342389e-01  2.40299163e-02  6.44057161e+01 -1.13540351e+01
 -1.16198699e+00  4.88617054e-01]",[-4.60867683  0.49133002  3.17967248 16.65408288 -1.23352871  0.37158176],[79.75441034  3.19084669 -0.49495839 41.47511422 -1.30491412 -0.11757359],"[ 1.21168290e+00  4.20316021e-02  3.74402641e+01 -4.33657279e+01
 -1.28703374e+00  2.36473457e-01]",[ 0.47014582  0.2115257   7.47443649 -1.51407506 -1.31281139 -0.02490845],[ 2.80112647  0.99602747 -1.58711751  6.44571687 -1.31295574  0.0481697 ],"[-1.93678431e-01  1.28459114e-03 -1.22863406e+03 -2.35959918e+02
 -1.32747673e+00  1.39496211e-01]",007,RP
890,0,0.8094456921412327,0,"[-1.68473987e+00  5.16297759e-02  2.97724014e+01  5.21587516e+01
 -1.09795048e+00 -5.60514022e-01]","[ 2.24330333e-01  3.13642961e-02  4.99616141e+01 -9.20790553e+00
 -1.26060363e+00  3.21855512e-01]",[-4.27153548  0.60217048  2.61256983 13.15968473 -1.28600999  0.2432864 ],"[ 7.76979397e+01  3.38953898e+00 -4.66300302e-01  3.82305727e+01
 -1.31364565e+00 -6.58996054e-02]","[  1.23947735   0.04765743  33.1190272  -39.0502842   -1.31042477
   0.14353376]",[ 0.60057705  0.20510077  7.70612306 -2.62812065 -1.31070851 -0.06736671],[ 2.19209166  0.95035704 -1.66252282  5.64440242 -1.30755824  0.09366371],"[-1.94403429e-01  1.10443441e-03 -1.41881273e+03 -2.73822061e+02
 -1.29238192e+00  3.10537361e-01]",007,RP
891,0,0.8109441561430947,0,"[-1.65849239e+00  3.30766870e-02  4.51753212e+01  7.69229265e+01
 -8.79095697e-01 -7.70608383e-01]","[ 2.45353171e-01  3.70477706e-02  4.25458108e+01 -8.43874961e+00
 -1.31113568e+00  1.88612866e-01]",[-3.87336186  0.68438322  2.30616487 10.93261104 -1.31202085  0.14478031],"[ 7.55574955e+01  3.47201638e+00 -4.55375899e-01  3.64070625e+01
 -1.31994286e+00 -9.13475825e-03]","[  1.27012788   0.05106611  30.9502883  -37.31082403  -1.32074708
   0.06514069]",[ 0.72512128  0.19301196  8.18301764 -3.93368026 -1.30557753 -0.11471316],[ 1.61944589  0.87918215 -1.79550651  4.90772563 -1.29930931  0.14068793],"[-1.94973416e-01  8.21361630e-04 -1.85645319e+03 -3.59959021e+02
 -1.12024564e+00  5.89535859e-01]",007,RP
892,0,0.8075323832726861,0,"[-1.64230323e+00  1.78470154e-02  7.99710400e+01  1.33336697e+02
 -5.45129577e-01 -1.00918447e+00]",[ 0.26911617  0.04027753 39.23526417 -8.55884408 -1.33501437  0.06918039],[-3.43456876  0.73173109  2.16006634  9.41889636 -1.32459448  0.05877553],"[ 7.34156556e+01  3.41281179e+00 -4.63142719e-01  3.60019263e+01
 -1.32171509e+00  5.81820380e-02]","[ 1.30219238e+00  5.20914867e-02  3.03516678e+01 -3.75237106e+01
 -1.32261493e+00 -5.68307211e-03]",[ 0.84030258  0.17555106  8.98531012 -5.55037926 -1.29554028 -0.1699354 ],[ 1.0979584   0.78697832 -2.00305309  4.19926896 -1.28694002  0.19227501],"[-1.95333778e-01  4.75454427e-04 -2.78704030e+03 -5.42403111e+02
 -5.81721984e-01  9.67802777e-01]",007,RP
893,0,0.8051710713531106,0,"[-1.63303804e+00  8.29372799e-03  1.74385362e+02  2.86777929e+02
 -3.84501533e-01 -9.99293088e-01]",[ 0.29392743  0.04052908 38.99911381 -9.46290947 -1.33841991 -0.04874364],[-2.97854348  0.73998422  2.13647293  8.36357753 -1.3272287  -0.02419224],[71.36825828  3.19164566 -0.49453567 37.29414946 -1.31437068  0.14201088],"[  1.33418713   0.0507594   31.13462126 -39.53941103  -1.31775393
  -0.07358547]",[ 0.94292372  0.15329129 10.26656133 -7.6805842  -1.27744662 -0.23735342],[ 0.6393998   0.67867354 -2.31759253  3.48186821 -1.26807666  0.25212177],"[-1.95456729e-01  2.51584939e-04  5.03532926e+02  1.00418899e+02
 -1.69449441e+00  2.23491571e-01]",007,RP
894,0,0.798271574492412,0,"[-1.62613594e+00  8.35840851e-03  1.72813710e+02  2.83018586e+02
 -3.58530733e-01  9.97154294e-01]","[ 3.17892358e-01  3.76526291e-02  4.18758261e+01 -1.13120051e+01
 -1.31944738e+00 -1.76371793e-01]",[-2.53028075  0.70767241  2.23184294  7.64718923 -1.31976794 -0.11107356],[69.51906928  2.80116492 -0.56138322 41.02683895 -1.288826    0.25169593],"[  1.36470513   0.04728201  33.38413066 -43.55949424  -1.3060232
  -0.14210012]","[  1.03020819   0.12708707  12.33095909 -10.70345498  -1.24465883
  -0.32541143]",[ 0.25234655  0.55957509 -2.80070885  2.70674921 -1.23816217  0.32607085],"[-1.95363559e-01  4.05990172e-04  3.49912696e+03  6.85601896e+02
 -9.88553630e-01  7.31049694e-01]",007,RP
895,0,0.7952229261867252,0,"[-1.61621357e+00  1.91024503e-02  7.38297018e+01  1.21324566e+02
 -4.54057283e-01  1.06508351e+00]","[ 3.39145923e-01  3.19146421e-02  4.90674866e+01 -1.46410380e+01
 -1.26588673e+00 -3.29757734e-01]",[-2.11472341  0.63652545  2.47464434  7.23318833 -1.2987726  -0.2103036 ],[67.97100237  2.25332903 -0.69139562 48.99485303 -1.22256912  0.40675387],"[ 1.39253484e+00  4.20499024e-02  3.74595632e+01 -5.01637466e+01
 -1.28587396e+00 -2.13625075e-01]","[  1.09991775   0.09800836  15.84596224 -15.42925514  -1.1789322
  -0.45281606]",[-0.05789885  0.43515736 -3.57786362  1.79284579 -1.18661387  0.42544156],"[-1.95141331e-01  5.21082146e-04  3.00824800e+03  5.89033517e+02
 -1.55785130e+00  8.96828961e-02]",007,RP
896,0,0.7904475836742135,0,"[-1.59776030e+00  3.78673062e-02  3.89882798e+01  6.42939258e+01
 -7.74762252e-01  8.46989529e-01]","[ 3.56084710e-01  2.39814254e-02  6.41410104e+01 -2.08396331e+01
 -1.13692718e+00 -5.40163405e-01]",[-1.75494534  0.53142211  2.94621831  7.1704521  -1.25297863 -0.33648992],[66.81528997  1.58448443 -0.9559614  65.87283824 -1.04181869  0.65171038],"[ 1.41676891e+00  3.56174411e-02  4.40864354e+01 -6.04602909e+01
 -1.25519022e+00 -2.88879216e-01]","[  1.15042894   0.06735359  22.49137705 -23.87473115  -1.01848473
  -0.66234385]",[-0.28923712  0.31085831 -4.93716414  0.57198885 -1.08367021  0.57475185],"[-1.94952412e-01  4.14200086e-04  3.21894848e+03  6.29541771e+02
 -1.10484944e+00 -5.01984122e-01]",007,RP
897,0,0.7864649778620694,0,[-1.5658209   0.06350717 23.95058811 39.50233145 -0.9947366   0.65690754],"[ 3.67563395e-01  1.49223431e-02  9.67164076e+01 -3.35494111e+01
 -7.89459123e-01 -8.62682610e-01]",[-1.47040939  0.40021318  3.85361634  7.66639367 -1.14661224 -0.51945359],"[ 66.12107011   0.87604624  -1.49137419 100.6112577   -0.5285087
   0.99261065]","[ 1.43688761e+00  2.86606955e-02  5.45568611e+01 -7.63920780e+01
 -1.21277083e+00 -3.66142066e-01]","[ 1.18077632e+00  3.73388844e-02  3.60494469e+01 -4.05663334e+01
 -5.58565885e-01 -9.91087933e-01]",[-0.44252267  0.19247936 -7.6315045  -1.37711378 -0.82881732  0.82625568],"[-1.95034508e-01  5.73812480e-04 -1.23976855e+03 -2.39797649e+02
 -5.59708672e-01 -9.23958221e-01]",007,RP
898,0,0.688408519124102,0,[-1.5165817   0.09399594 16.45222443 26.95114256 -1.12820648  0.50672645],"[ 3.73028444e-01  6.95707938e-03  1.15533173e+02 -4.10971597e+01
 -7.42625226e-01 -7.55190626e-01]",[-1.2755647   0.25460416  5.7473312   9.33109282 -0.85142783 -0.81746956],"[ 65.92795493   0.5096938    0.65382336 -41.10523695  -1.52800027
   0.33525907]","[ 1.45280194e+00  2.18967826e-02  7.10597718e+01 -1.01235775e+02
 -1.16067501e+00 -4.39433262e-01]",[ 1.19068579  0.01924738 -3.76373821  6.48142959 -1.7146287  -0.25445438],"[ -0.52115527   0.09135743 -12.00866674  -4.25837991  -0.38375191
   1.01434513]","[-1.95688904e-01  1.64230938e-03 -8.22135642e+02 -1.58882822e+02
 -3.73222475e-01 -1.11766046e+00]",007,RP
899,0,0.6690601988318875,0,[-1.44781407  0.12660823 12.33145525 19.85365439 -1.20978895  0.38681744],"[ 3.72577253e-01  7.86010621e-03 -1.49492664e+02  5.76975660e+01
 -5.54497697e-01 -9.01705956e-01]",[-1.17894039  0.12205319  7.66653221 11.03838448 -0.58842318 -0.84710699],"[ 66.24303701   1.034603     1.36043254 -88.11918283  -0.71834774
   0.90549559]","[ 1.46484815e+00  1.59843928e-02  9.69654295e+01 -1.40039630e+02
 -1.10941693e+00 -4.92249387e-01]","[ 1.18061922e+00  3.70115800e-02 -3.72547361e+01  4.59836576e+01
 -6.56297508e-01 -9.37776162e-01]",[-0.5305796   0.07220592 12.65222076  8.71301023 -0.7103904   0.74980805],"[-1.97256823e-01  3.35777855e-03 -4.39281700e+02 -8.46513127e+01
 -7.80447547e-01 -8.45557809e-01]",007,RP
900,0,0.6619575092202309,0,[-1.35916847  0.15822107  9.92481263 15.48949243 -1.26156379  0.28653968],"[ 3.66946562e-01  1.40819226e-02 -1.07708370e+02  4.15232159e+01
 -1.11710025e+00 -6.08522362e-01]",[-1.1827925   0.12986792 -8.37953859 -7.91125539 -0.50158115 -0.91788656],"[ 67.04229305   1.72055066   0.89129408 -57.7543991   -1.11677106
   0.56526568]","[ 1.47373556e+00  1.14518116e-02  1.35564840e+02 -1.97786726e+02
 -1.08866549e+00 -4.79143396e-01]","[  1.15183015   0.06317464 -24.19359868  29.86691646  -1.09676204
  -0.59051813]",[-0.4777629   0.14392403 10.26848971  6.90590342 -0.92798513  0.76233211],"[-2.00087342e-01  5.64445582e-03 -2.69588399e+02 -5.19412262e+01
 -9.93269920e-01 -6.55276458e-01]",007,RP
901,0,0.6547640526242826,0,[-1.2523312   0.18554088  8.49399239 12.6372917  -1.29542277  0.1973968 ],"[ 3.57439791e-01  1.87631564e-02 -8.36379888e+01  3.18955452e+01
 -1.33096096e+00 -2.72127407e-01]",[-1.28337244  0.25436261 -5.85964208 -5.52010316 -0.96205362 -0.73189111],"[ 68.27536755   2.34012984   0.66810321 -43.61499197  -1.24346208
   0.3587749 ]","[ 1.48046032e+00  8.70327395e-03  1.80332352e+02 -2.64974893e+02
 -1.13496642e+00 -2.98365699e-01]","[  1.10639516   0.08692933 -17.97036303  21.88232276  -1.2404451
  -0.37019698]",[-0.37067795  0.21812878  7.10685751  4.6343554  -1.18819545  0.46502003],"[-2.04503610e-01  8.41719545e-03 -1.83535445e+02 -3.55336611e+01
 -1.11130733e+00 -5.20323716e-01]",007,RP
902,0,0.6065185158988576,0,[-1.13103972  0.20534129  7.69154452 10.69944237 -1.3171949   0.11264633],"[ 3.45802656e-01  2.05924381e-02 -7.67329204e+01  2.85344477e+01
 -1.38186731e+00 -1.88337026e-02]",[-1.47185851  0.37853633 -4.10075531 -4.0357316  -1.19728305 -0.45042284],"[ 69.87239392   2.84500884   0.55327862 -36.65890157  -1.29041845
   0.22955005]","[ 1.48620579e+00  8.07408073e-03  1.95441380e+02 -2.88466110e+02
 -1.16534120e+00  9.24547000e-02]","[  1.04716771   0.10596395 -14.85461883  17.55527715  -1.29492164
  -0.22873348]",[-0.21777305  0.2815355   5.57322172  3.2136975  -1.26556727  0.29936012],"[-2.10775417e-01  1.15619233e-02 -1.34742897e+02 -2.64004903e+01
 -1.18029658e+00 -4.20521696e-01]",007,RP
903,0,0.6065185158988576,0,[-1.00092281  0.21477254  7.36093959  9.36773235 -1.3288633   0.02643704],"[ 3.34057363e-01  1.91826599e-02 -8.19388259e+01  2.93722681e+01
 -1.34835568e+00  2.36626965e-01]",[-1.7357958   0.48384396 -3.24485031 -3.63239754 -1.27222819 -0.28710661],"[ 71.75149561   3.21630721   0.49079728 -33.21543878  -1.30936028
   0.13900176]","[ 1.49224716e+00  9.69917949e-03  1.60845966e+02 -2.38021935e+02
 -1.10042439e+00  4.12752608e-01]","[  0.9776223    0.11915305 -13.25163362  14.95509257  -1.31686415
  -0.12544322]",[-0.02740662  0.33274067  4.73607252  2.12979972 -1.29210642  0.19986566],"[-2.19103178e-01  1.49574729e-02 -1.04675638e+02 -2.09347649e+01
 -1.22195020e+00 -3.44980170e-01]",007,RP
904,0,0.5929281806764889,0,[-0.86913062  0.21174129  7.46380219  8.48701904 -1.3294068  -0.0673367 ],"[ 3.24307160e-01  1.46802000e-02 -1.03628404e+02  3.56074333e+01
 -1.14940816e+00  5.81401192e-01]",[-2.06067453  0.56610104 -2.78514053 -3.73926816 -1.29935863 -0.18353325],"[ 7.38257967e+01  3.44923311e+00  4.58204797e-01 -3.18273342e+01
 -1.31605283e+00  6.99648134e-02]","[ 1.49986396e+00  1.34005024e-02  1.15518096e+02 -1.71261429e+02
 -1.07868358e+00  5.11272233e-01]","[  0.90159665   0.1260509  -12.54108441  13.3069997   -1.32325638
  -0.04300853]",[ 0.19273243  0.37269207  4.23596245  1.18359265 -1.30052806  0.13685952],"[-2.29611929e-01  1.84884893e-02 -8.49492258e+01 -1.75053556e+01
 -1.24845053e+00 -2.86230114e-01]",007,RP
905,0,0.9471184247567505,0,[-0.80701481  0.14788318  6.84878566  7.52707146 -0.99980886  0.03627673],[ 0.36109788  0.09474878 10.77645022 -1.89135331  0.21103655  1.47189927],[-2.82357195  1.40028044 -1.00348115 -0.83340121 -0.18757577 -1.16682526],"[ 77.99822938   7.3975732    0.19339713 -13.08463377  -0.27631059
   1.08855156]","[  1.55818299   0.12309004   9.84105223 -13.33416016   0.21045987
   1.47098443]",[ 0.76484523  0.2366004  -6.17806146  6.72526083 -0.40579041 -0.97642013],[0.88826845 1.3340426  0.99337152 1.11761943 0.04096037 1.34241544],"[ -0.27174567   0.08373084 -15.43020517  -2.19309137   0.105235
  -1.39274751]",007,RP
906,0,0.9471184247567505,0,[-0.80415778  0.14320221 -4.32431832 -1.47743422 -1.0274257   0.11931816],[ 0.40767869  0.12818997 10.75720637 -2.38548378 -1.77088796  0.43434112],[-3.5065493   1.52694382 -0.96032341 -1.36742136 -1.77271282 -0.30720489],"[ 81.82927626   8.15005392   0.18232115 -12.91920784  -1.76819704
   0.29143636]","[  1.62228674   0.15769961   9.04342336 -12.67102578  -1.79156478
   0.41767263]",[ 0.64098483  0.25452668 -5.88706577  5.77351985 -1.74688563 -0.25476507],[ 1.61497992  1.64450935  0.88896393  0.5643411  -1.77551614  0.38892295],"[ -0.31555184   0.1029357  -14.07135814  -2.44024293  -1.79727135
  -0.39039434]",007,RP
907,0,0.9471184247567505,0,[-0.86235246  0.214455   -6.68900361 -3.7682787  -1.24245114 -0.23304324],[ 0.46265298  0.13964507 10.49571452 -2.85587365 -1.78999084 -0.32679584],[-4.0682029   1.34735076 -0.9802552  -1.98787707 -1.74034455  0.41229571],"[ 85.21658261   7.42557396   0.18942481 -14.14213478  -1.75490325
  -0.44371495]","[  1.69082383   0.16395828   8.91251225 -13.06948813  -1.79910309
  -0.35644148]",[ 0.53227348  0.22894465 -6.19092301  5.29526413 -1.73012652  0.45409295],[ 2.36754017  1.67907272  0.87981383 -0.08299457 -1.77619149 -0.34982703],"[ -0.35992212   0.10321272 -14.05633434  -3.05918566  -1.79911482
   0.38454887]",007,RP
908,0,0.9471184247567505,0,[-0.97962537  0.27479987 -5.74072964 -3.6237644  -1.20146567  0.14881675],[ 0.52392916  0.12356773 11.14311358 -3.83820211 -0.10121685 -1.23898976],[-4.47082313  0.97367815 -0.74092633 -1.31255056 -0.23765139  1.16322027],"[ 88.0784637    5.48349413   0.20169338 -15.76484305   0.24540024
  -1.49656866]","[ 1.76200571e+00  1.39174197e-01  9.64491139e+00 -1.49943889e+01
 -4.47768064e-03 -1.31176391e+00]",[ 0.43976902  0.16829952 -6.85924789  5.01648474  0.24375853  1.49540602],[ 3.14154428  1.43005613  0.96833496 -1.04206715 -0.11363881 -1.21811892],"[ -0.40365987   0.08434562 -15.36182352  -4.20095167   0.09601601
   1.38719204]",007,RP
909,0,0.9471184247567505,0,[-1.15027441  0.25140383 -6.28821581 -5.23317373 -1.32820203  0.0328211 ],"[  0.58891628   0.04244405  36.92897896 -19.74807708  -1.25226737
  -0.32031809]",[-4.68206334  0.54557645  2.81210828 15.16646909 -1.09878017  0.57077641],"[ 90.35377112   0.42687238  -2.75991657 251.36887041  -0.45679834
  -0.98005478]","[ 1.83374157e+00  4.03044614e-02  3.88646985e+01 -6.92678134e+01
 -1.24218277e+00 -3.32838476e-01]","[ 3.63389860e-01  6.45851273e-03 -2.19061132e+02  8.16045940e+01
 -4.88007317e-01  1.04473245e+00]","[ 3.93313141e+00  5.61378543e-01  2.81652483e+00 -9.07776228e+00
 -1.30327583e+00 -2.43529063e-03]","[-4.45535216e-01  1.82208459e-02 -8.52598330e+01 -3.59862581e+01
 -1.18335774e+00  4.48563533e-01]",007,RP
910,0,0.9471184247567505,0,[-1.30197225  0.23886397 -6.61062987 -6.60685664 -1.3182408   0.12304656],"[ 6.12181790e-01  3.28278046e-02  4.72981368e+01 -2.69550580e+01
 -1.17655266e+00 -4.55820176e-01]",[-4.28409484  0.75158386  2.07614676 10.89440964 -1.2185196   0.39079545],"[ 90.01206468   0.8275639   -1.80824762 164.76410159  -0.9638314
  -0.7232119 ]","[ 1.85585354e+00  3.09933357e-02  5.00968278e+01 -9.09723753e+01
 -1.17136105e+00 -4.57678422e-01]","[ 3.60199964e-01  2.71510231e-03 -5.09354136e+02  1.85469341e+02
 -2.06750509e-01  1.19221786e+00]","[  4.28644765   0.55857241   2.83064042 -10.13339198  -1.3031314
  -0.01252079]","[-4.54939703e-01  1.25703180e-02 -1.20597891e+02 -5.28647688e+01
 -1.02152461e+00  6.58517138e-01]",007,RP
911,0,0.9471184247567505,0,[-1.44164679  0.21304559 -7.38974915 -8.65340815 -1.29419398  0.22449472],"[ 6.29218366e-01  2.26589638e-02  6.70238882e+01 -4.01726614e+01
 -1.02116132e+00 -6.52095247e-01]",[-3.76229234  0.93563349  1.67958668  8.3190961  -1.2726299   0.26962338],"[ 89.38956922   1.2376216   -1.25259056 113.96853069  -1.17454588
  -0.47021762]","[ 1.87202027e+00  2.14466741e-02  7.09607588e+01 -1.30839979e+02
 -1.02959652e+00 -6.39654984e-01]","[ 3.58370395e-01  1.70965714e-03 -8.68658854e+02  3.13301617e+02
 -5.18086733e-01 -6.32373890e-01]","[  4.63677858   0.55196161   2.864459   -11.28186213  -1.3029919
  -0.02286455]","[-4.60644741e-01  7.01229577e-03 -1.93544600e+02 -8.71553021e+01
 -5.71848350e-01  9.86990553e-01]",007,RP
912,0,0.9019724093059156,0,"[ -1.56154264   0.1761142   -8.88157602 -11.86895968  -1.24420769
   0.35256945]","[ 6.39829663e-01  1.29109161e-02  1.08426976e+02 -6.73747956e+01
 -6.30402522e-01 -9.61909200e-01]",[-3.13494027  1.08549143  1.45271662  6.55417985 -1.29974746  0.17873821],[88.51222856  1.61144951 -0.97258741 88.08587932 -1.25131535 -0.32189025],"[ 1.88220470e+00  1.24226385e-02  1.14267313e+02 -2.13074474e+02
 -6.76041547e-01 -9.34222949e-01]","[ 3.56408082e-01  3.52421638e-03 -3.99265592e+02  1.44301484e+02
 -4.48836914e-01 -1.07062390e+00]","[  4.98159835   0.5413801    2.9202905  -12.54771433  -1.30306131
  -0.03443747]","[-4.62596085e-01  3.50281717e-03 -5.00057797e+00 -3.13247794e-01
 -1.72107744e+00  2.54532353e-01]",007,RP
913,0,0.9019724093059156,0,"[ -1.65538484   0.13106478 -11.74418985 -17.4411538   -1.13091968
   0.53834802]","[ 6.44231195e-01  5.72563981e-03  8.73097066e+01 -5.42476366e+01
 -1.23165030e+00 -5.04472110e-01]",[-2.42655068  1.19225646  1.32493978  5.21503353 -1.31350771  0.10436549],[87.4135967   1.93041045 -0.81571026 73.3041673  -1.28677632 -0.22173406],"[ 1.88668177e+00  5.48591752e-03  1.24945699e+02 -2.33732773e+02
 -9.13414545e-01 -6.71502418e-01]","[ 3.53110924e-01  6.78022538e-03 -2.18545152e+02  7.91706806e+01
 -8.31232366e-01 -8.13534742e-01]","[  5.31814842   0.52636115   3.00332851 -13.97214677  -1.30324093
  -0.0487349 ]","[-4.60874725e-01  6.59840546e-03  2.07201925e+02  9.74941303e+01
 -6.26935849e-01  9.52488547e-01]",007,RP
914,0,0.9019724093059156,0,"[ -1.71870105   0.08200576 -17.72433589 -28.46283471  -0.81808372
   0.84152381]","[ 6.42929258e-01  8.24974291e-03 -1.56997335e+02  1.02938180e+02
 -5.71143004e-01 -9.51380181e-01]",[-1.66606987  1.25027919  1.26442647  4.10662285 -1.31938709  0.03886541],[86.13503292  2.17958701 -0.72416669 64.37612177 -1.30558541 -0.14435241],"[ 1.88592060e+00  7.00034023e-03 -1.76741170e+02  3.35319814e+02
 -5.17988931e-01 -9.58226208e-01]","[ 3.47689726e-01  1.07928022e-02 -1.42081493e+02  5.14002754e+01
 -1.08727208e+00 -5.78925313e-01]","[  5.64332893   0.50618055   3.1225301  -15.62146443  -1.30297889
  -0.06707985]","[-4.55664936e-01  1.14896913e-02  1.32657308e+02  6.24472837e+01
 -1.06846641e+00  6.15400649e-01]",007,RP
915,0,0.9019724093059156,0,"[ -1.74901369   0.03875787 -21.9993149  -36.47710304  -0.7010385
   0.77491345]","[ 6.36595467e-01  1.46892620e-02 -1.03561514e+02  6.79267905e+01
 -1.07699225e+00 -6.18661221e-01]",[-0.88491372  1.25714319  1.25762718  3.11289154 -1.31957609 -0.02268582],"[ 8.47256842e+01  2.34578989e+00 -6.73676892e-01  5.90777356e+01
 -1.31584076e+00 -7.76905310e-02]","[ 1.88046100e+00  1.29894575e-02 -1.16315498e+02  2.20726758e+02
 -1.02558370e+00 -6.66556748e-01]","[ 3.39809449e-01  1.48785006e-02 -1.04825607e+02  3.76207318e+01
 -1.22133166e+00 -3.95519758e-01]","[  5.95366719   0.48011955   3.29105983 -17.59387489  -1.30151683
  -0.09008258]","[-4.47223242e-01  1.62127964e-02  9.61071565e+01  4.49813541e+01
 -1.20783112e+00  4.10170407e-01]",007,RP
916,0,0.9019724093059156,0,"[-1.74592722e+00  4.49868962e-02  2.54265004e+01  4.63928192e+01
 -4.82912883e-01  9.47373227e-01]","[ 6.25967992e-01  2.05714348e-02 -7.58632302e+01  4.94879539e+01
 -1.23014854e+00 -3.85168055e-01]",[-0.11501898  1.21356568  1.30208981  2.14976504 -1.31464307 -0.0841953 ],"[ 8.32418837e+01  2.41810369e+00 -6.53839614e-01  5.64268411e+01
 -1.32054460e+00 -1.45956076e-02]","[ 1.87080633e+00  1.88963072e-02 -8.22792972e+01  1.55928630e+02
 -1.18925125e+00 -4.38465811e-01]","[ 3.29550249e-01  1.84520312e-02 -8.52042952e+01  3.00790967e+01
 -1.28374572e+00 -2.57536458e-01]","[  6.24538836   0.44776302   3.52722515 -20.02889088  -1.29827705
  -0.11794239]","[-4.35851237e-01  2.05051272e-02  7.65631523e+01  3.53701446e+01
 -1.25875941e+00  2.91508720e-01]",007,RP
917,0,0.9019724093059156,0,[-1.71113504  0.08618345 17.38336481 31.74528464 -0.99524083  0.70445216],"[ 6.11791046e-01  2.54537295e-02 -6.17837746e+01  3.97987601e+01
 -1.27986061e+00 -2.52839901e-01]",[ 0.61297808  1.12313418  1.40515875  1.13866848 -1.30385509 -0.14979481],"[ 8.17456923e+01  2.38877208e+00 -6.61737931e-01  5.60942253e+01
 -1.32020277e+00  5.05698729e-02]","[ 1.85735140e+00  2.44431473e-02 -6.41255361e+01  1.21103654e+02
 -1.23855895e+00 -3.23603165e-01]","[ 3.17320729e-01  2.11261987e-02 -7.46944034e+01  2.57020825e+01
 -1.31145661e+00 -1.51957276e-01]","[  6.51456355   0.40910787   3.8576595  -23.13096794  -1.29282147
  -0.15152006]","[-4.21874646e-01  2.43029145e-02  6.48111069e+01  2.93421628e+01
 -1.28106370e+00  2.15800809e-01]",007,RP
918,0,0.9019724093059156,0,[-1.64835022  0.12524784 12.4237851  22.47874886 -1.22483383  0.41801456],"[ 5.94783945e-01  2.92906452e-02 -5.38551425e+01  3.40321741e+01
 -1.29959247e+00 -1.67502022e-01]",[ 1.27138273  0.991904    1.58732809 -0.01810152 -1.28449523 -0.2250825 ],[80.30239427  2.25454834 -0.70039914 58.24372802 -1.31311189  0.12332188],"[ 1.84035609e+00  2.97758784e-02 -5.28074645e+01  9.91845389e+01
 -1.25821023e+00 -2.60965374e-01]","[ 3.03765310e-01  2.26626362e-02 -6.97416104e+01  2.31850819e+01
 -1.32543094e+00 -6.19451118e-02]","[  6.75727792   0.3644383    4.32533991 -27.22752388  -1.28412874
  -0.19353984]","[-4.05630860e-01  2.75870339e-02  5.71910984e+01  2.51984744e+01
 -1.29267274e+00  1.62658509e-01]",007,RP
919,0,0.8052522465317722,0,[-1.56313083  0.15524446 10.13482576 17.84205862 -1.30369966  0.23566741],"[ 5.75623138e-01  3.21130761e-02 -4.91898713e+01  3.03148281e+01
 -1.30735725e+00 -1.06936653e-01]",[ 1.83688751  0.82804454  1.89315716 -1.47751674 -1.24968354 -0.31893346],[78.97681085  2.01883987 -0.78027659 63.62375658 -1.29471927  0.21009007],"[ 1.81996562e+00  3.50273503e-02 -4.49616532e+01  8.38286629e+01
 -1.26968042e+00 -2.21384591e-01]","[ 2.89702627e-01  2.28527384e-02 -6.91752098e+01  2.20402400e+01
 -1.33293100e+00  3.22573711e-02]","[  6.96975772   0.3141343    5.00754271 -32.90135946  -1.26924112
  -0.24971307]","[-3.87465386e-01  3.03383820e-02  5.20542816e+01  2.21692323e+01
 -1.29975800e+00  1.21477826e-01]",007,RP
920,0,0.7732438121198432,0,[-1.46255395  0.17327986  9.11590213 15.33249868 -1.33290763  0.09944863],"[ 5.54926611e-01  3.40045920e-02 -4.64825827e+01  2.77944221e+01
 -1.30906720e+00 -6.25021574e-02]",[ 2.2918097   0.64168438  2.4213654  -3.54930871 -1.18205381 -0.44753013],[77.82857006  1.69393476 -0.92524191 74.01025474 -1.25536205  0.32053611],"[ 1.79626790e+00  4.02166093e-02 -3.92008448e+01  7.24152191e+01
 -1.27908406e+00 -1.90389951e-01]","[ 2.76108099e-01  2.14462429e-02 -7.35637202e+01  2.23115389e+01
 -1.32803058e+00  1.53971873e-01]","[  7.14842529   0.25859901   6.05822938 -41.30680014  -1.24047808
  -0.33094827]","[-3.67733747e-01  3.25265478e-02  4.85808721e+01  1.98648261e+01
 -1.30427568e+00  8.67792758e-02]",007,RP
921,0,0.875910468741894,0,[-1.35470863  0.17795819  8.88346852 14.03451149 -1.33808186 -0.01887788],"[ 5.33238878e-01  3.50995641e-02 -4.50436503e+01  2.60190256e+01
 -1.30801475e+00 -3.02255778e-02]",[ 2.62507016  0.44507459  3.41482461 -6.96415418 -1.03100075 -0.64458662],[76.90696777  1.30199918 -1.19033209 93.54483177 -1.17150955  0.47377287],"[ 1.76937018e+00  4.52293472e-02 -3.48852169e+01  6.37248627e+01
 -1.28786904e+00 -1.61045615e-01]","[ 2.64120138e-01  1.81921433e-02 -8.59790856e+01  2.47088080e+01
 -1.28088560e+00  3.39178316e-01]","[  7.28989788   0.19837163   7.82348783 -55.03242737  -1.17599511
  -0.46004655]","[-3.46802072e-01  3.41231276e-02  4.63241611e+01  1.80653150e+01
 -1.30672125e+00  5.62958069e-02]",007,RP
922,0,0.889969827696681,0,[-1.24801904  0.16924941  9.32649415 13.63964232 -1.32456014 -0.13560638],"[ 5.11018749e-01  3.55572044e-02 -4.44671411e+01  2.47235428e+01
 -1.30634488e+00 -6.87818210e-03]","[  2.8328454    0.25451132   5.49016532 -13.55278957  -0.63272363
  -0.96024795]","[ 76.24628252   0.87512325  -1.71644302 132.87239937  -0.96933306
   0.71220737]","[ 1.73947467e+00  4.98411681e-02 -3.16799452e+01  5.71064623e+01
 -1.29602759e+00 -1.30436541e-01]","[ 2.55032569e-01  1.30208983e-02 -1.15452772e+02  3.14442170e+01
 -1.06309617e+00  6.58471052e-01]","[  7.39097621   0.13458354  11.19679294 -80.75523027  -0.9974188
  -0.68879098]","[-3.25041070e-01  3.51230829e-02  4.50136897e+01  1.66312979e+01
 -1.30742362e+00  2.95029282e-02]",007,RP
923,0,0.903101986441912,0,[-1.15045805  0.14851051 10.58187162 14.17399939 -1.28752311 -0.26490441],"[ 4.88632947e-01  3.55264112e-02 -4.45055236e+01  2.37468652e+01
 -1.30480941e+00  1.05327353e-02]","[  2.918811     0.11361061   4.17966317 -10.19964682  -1.2669157
  -0.48381346]","[ 75.86233004   0.46318891  -2.78077644 212.95618034  -0.45595833
   1.03621472]","[  1.70693568   0.05376104 -29.38770883  52.16292869  -1.30315275
  -0.09755917]","[ 2.50245106e-01  7.00849375e-03 -1.42454057e+02  3.76484306e+01
 -6.95465737e-01  7.46886208e-01]","[ 7.44866561e+00  7.18064812e-02  1.75534610e+01 -1.28749861e+02
 -4.88562501e-01 -9.94758655e-01]","[-3.02813415e-01  3.55550940e-02  4.44697767e+01  1.54660450e+01
 -1.30695043e+00  6.29904109e-03]",007,RP
924,0,0.903101986441912,0,[-1.06875691  0.11840703 13.13909635 16.04249997 -1.20812871 -0.42620958],"[ 4.66356658e-01  3.51338867e-02 -4.50011998e+01  2.29866091e+01
 -1.30311882e+00  2.35786240e-02]",[ 2.89387196  0.16158036 -8.07078437 25.35581656 -0.61704389 -0.92332654],"[ 75.75078223   0.25058399   1.33153454 -98.86478322  -1.56457995
   0.30050479]","[  1.67228747   0.05668126 -27.88624158  48.63381243  -1.30871646
  -0.0622271 ]","[ 2.51168496e-01  8.88673447e-03  1.16099228e+02 -2.71604685e+01
 -3.71927359e-01  1.01576112e+00]","[ 7.46025564e+00  4.90175462e-02 -1.17686313e+01  8.97969979e+01
 -1.14499079e+00 -5.38004726e-01]","[-2.80459237e-01  3.54738134e-02  4.45711794e+01  1.45003990e+01
 -1.30592363e+00 -1.37988016e-02]",007,RP
925,0,0.903101986441912,0,[-1.00773406  0.08273431 18.32317451 20.46488707 -1.02822449 -0.65592893],"[ 4.44376732e-01  3.45026309e-02 -4.58229311e+01  2.23626444e+01
 -1.30090053e+00  3.17496767e-02]",[ 2.77533419  0.27662928 -5.53252765 17.35461315 -1.14867119 -0.55945484],"[  75.88722778    0.47394564    3.01230956 -226.59582184   -0.82888607
    0.83617738]","[ 1.63624123e+00  5.83253321e-02 -2.71072604e+01  4.63540171e+01
 -1.31223880e+00 -2.45282796e-02]","[ 2.59103047e-01  1.96342592e-02  7.38902137e+01 -1.71451795e+01
 -7.53645174e-01  8.80529882e-01]","[  7.42349573   0.10733778 -13.21948338 100.13477839  -0.69660508
  -0.92091185]","[-2.58285420e-01  3.49424236e-02  4.52460772e+01  1.36864021e+01
 -1.30471148e+00 -3.17261464e-02]",007,RP
926,0,0.9878168950356508,0,[-0.96984472  0.0465256  29.4083768  30.52155894 -0.57226673 -0.99307503],"[ 4.22792240e-01  3.37738460e-02 -4.68113337e+01  2.17914687e+01
 -1.29838296e+00  3.34052455e-02]",[ 2.58557711  0.36512374 -4.29817482 13.11326242 -1.30474866 -0.28271043],"[  76.22850968    0.73432578    2.10958782 -158.81073562   -1.22791851
    0.45380706]","[ 1.59965787e+00  5.84841066e-02 -2.70343856e+01  4.52457675e+01
 -1.31342966e+00  1.56709127e-02]","[ 2.75113417e-01  3.28722759e-02  4.64490692e+01 -1.07787622e+01
 -1.04472279e+00  6.18105118e-01]",[ 7.33693561  0.18304454 -8.33579313 63.15917749 -1.0540458  -0.61737241],"[-2.36561412e-01  3.40196030e-02  4.64684665e+01  1.29926461e+01
 -1.30334469e+00 -4.84540161e-02]",007,RP
927,0,0.9878168950356508,0,[-0.95501837  0.02102007 12.5823658  14.01639046 -1.53555861 -0.34518027],"[ 4.01615320e-01  3.31006785e-02 -4.77645942e+01  2.11829928e+01
 -1.29637302e+00  2.78568810e-02]",[ 2.35032822  0.41370336 -3.81785552 10.97321356 -1.34609558 -0.09735227],"[  76.71499119    0.90632807    1.73794383 -131.32634543   -1.34226748
    0.19452251]","[  1.56350606   0.05703217 -27.71523421  45.33293657  -1.3120557
   0.05928241]",[ 0.29991236  0.04716169 32.93301741 -7.87701913 -1.16866058  0.45544276],[ 7.20046821  0.2605574  -5.96957238 44.98371609 -1.18692905 -0.43548681],"[-2.15520721e-01  3.27564898e-02  4.82532678e+01  1.23995791e+01
 -1.30171969e+00 -6.46586975e-02]",007,RP
928,0,0.9878168950356508,0,"[-9.60812876e-01  3.17132601e-02 -4.28520680e+01 -3.91728186e+01
 -7.42605497e-01 -8.64743770e-01]","[ 3.80783767e-01  3.26076736e-02 -4.84885719e+01  2.04636610e+01
 -1.29574863e+00  1.72290690e-02]",[ 2.09664437  0.42001698 -3.76274833  9.88914509 -1.34627415  0.05404544],"[ 7.72738171e+01  9.59799284e-01  1.64660895e+00 -1.25239759e+02
 -1.36956556e+00 -1.47685013e-02]","[  1.5288139    0.05392503 -29.29240087  46.78262971  -1.30747518
   0.10847601]",[ 0.33375908  0.0615689  25.42824853 -6.48690875 -1.23252101  0.34329616],[ 7.01599161  0.33436788 -4.68947642 34.90132723 -1.25046551 -0.31473169],"[-1.95366396e-01  3.11971294e-02  5.06555663e+01  1.18963954e+01
 -1.29986457e+00 -8.09372690e-02]",007,RP
929,0,0.9878168950356508,0,"[ -0.98285105   0.05045841 -30.65306999 -28.12740213  -1.24934287
  -0.45365711]","[ 3.60194079e-01  3.23390179e-02 -4.88924001e+01  1.96107531e+01
 -1.29694453e+00  6.54269262e-03]",[ 1.85071751  0.38666027 -4.07404577  9.53990783 -1.31719182  0.20291516],"[  77.82362444    0.88347881    1.77947827 -136.48544887   -1.33662978
   -0.23838401]","[ 1.49662101e+00  4.91888122e-02 -3.20699797e+01  4.99966053e+01
 -1.29790808e+00  1.67185758e-01]",[ 0.37638027  0.07515382 20.92401278 -5.87538557 -1.27026389  0.25672469],[ 6.78798689  0.39931348 -3.94342679 28.76792933 -1.28647705 -0.22170541],"[-1.76279433e-01  2.93742966e-02  5.37854657e+01  1.14812714e+01
 -1.29789770e+00 -9.84300812e-02]",007,RP
930,0,0.9878168950356508,0,"[ -1.01544031   0.06141782 -25.6765206  -24.07297413  -1.36863762
  -0.14736   ]","[ 3.39751702e-01  3.22297740e-02 -4.90583166e+01  1.86676466e+01
 -1.29971328e+00  1.55987053e-03]",[ 1.63563881  0.32029256 -4.87410407  9.97227377 -1.24529717  0.37635909],"[  78.28121817    0.68352225    2.24008863 -173.35686674   -1.17075995
   -0.54655732]","[ 1.46793371e+00  4.29167973e-02 -3.66619521e+01  5.58173154e+01
 -1.27904547e+00  2.42212310e-01]",[ 0.42692777  0.08695571 18.13255704 -5.74129208 -1.29419713  0.18364665],[ 6.52377695  0.45035324 -3.50488129 24.86506378 -1.30746723 -0.14262051],"[-1.58428690e-01  2.73019637e-02  5.78468940e+01  1.11646077e+01
 -1.29562087e+00 -1.19182137e-01]",007,RP
931,0,0.9878168950356508,0,"[ -1.05225657   0.06265577 -25.2032753  -24.52031198  -1.37134667
   0.09056948]","[ 3.19424919e-01  3.21191270e-02 -4.92271328e+01  1.77243729e+01
 -1.30322099e+00  6.16134293e-03]",[ 1.46929329  0.23131705 -6.58781055 11.67942586 -1.07498014  0.61415188],"[  78.57012028    0.40156477    3.2065727  -249.94080246   -0.61171308
   -0.91869046]","[ 1.44368044e+00  3.52807260e-02 -4.43596245e+01  6.60411224e+01
 -1.24017729e+00  3.46149968e-01]",[ 0.48398259  0.09606017 16.44074401 -5.95703378 -1.30930219  0.11771704],[ 6.23329962  0.48340988 -3.26929164 22.37847431 -1.31809038 -0.07175869],"[-1.41980246e-01  2.49738899e-02  6.32030125e+01  1.09735792e+01
 -1.29214637e+00 -1.45865514e-01]",007,RP
932,0,0.9878168950356508,0,"[ -1.08699556   0.05455429 -28.6523782  -29.14500786  -1.29573888
   0.34139705]","[ 2.99288222e-01  3.17934398e-02 -4.97295279e+01  1.68834620e+01
 -1.30648914e+00  2.16952447e-02]","[  1.36261109   0.13445535 -10.31333495  16.05306455  -0.63043628
   0.96062506]","[ 78.62992092   0.28624906  -1.78297689 142.19533201  -1.22978326
  -0.49095778]","[ 1.42466290e+00  2.65604179e-02 -5.81714925e+01  8.48747670e+01
 -1.15063418e+00  5.05254505e-01]",[ 0.5456022   0.10167981 15.54580567 -6.48182572 -1.31798074  0.05488719],"[ 5.92838036e+00  4.96164687e-01 -3.18658936e+00  2.08913138e+01
 -1.32082924e+00 -6.43916426e-03]","[-1.27103968e-01  2.23739456e-02  7.04801407e+01  1.09583055e+01
 -1.28584280e+00 -1.81425389e-01]",007,RP
933,0,0.9411711949635448,0,"[-1.11392956e+00  3.88364237e-02 -3.84708700e+01 -4.08538394e+01
 -1.02792722e+00  6.91159955e-01]","[ 2.79549108e-01  3.10265625e-02 -5.09505696e+01  1.62431863e+01
 -1.30882024e+00  4.87525128e-02]",[ 1.31840889  0.0609655  -6.45588672 10.51149846 -1.37069715  0.42529695],"[ 78.42462274   0.61514356  -2.29418947 181.92094404  -0.7091424
  -0.91404485]","[ 1.41150423e+00  1.72259370e-02 -8.59589636e+01  1.23331441e+02
 -9.02776426e-01  7.75031800e-01]","[ 6.09401582e-01  1.03207170e-01  1.53193315e+01 -7.33562485e+00
 -1.32143799e+00 -8.73943630e-03]",[ 5.62167371  0.48835218 -3.23678421 20.19614471 -1.31741949  0.05538958],"[-1.13975440e-01  1.94921181e-02  8.07672150e+01  1.12054789e+01
 -1.27418017e+00 -2.29672819e-01]",007,RP
934,0,0.9411711949635448,0,"[-1.12835182e+00  2.04786542e-02 -4.83432365e+01 -5.25481789e+01
 -6.45068011e-01  7.92319363e-01]","[ 2.60561984e-01  2.95933492e-02 -5.33927171e+01  1.59121123e+01
 -1.30944414e+00  8.99525501e-02]","[  1.33099931   0.08461871  15.74746801 -18.95986902  -0.74075315
   0.85036048]","[ 77.94802101   1.02078039  -1.50125276 119.01968136  -1.1177584
  -0.56884397]","[ 1.40460161e+00  8.51499225e-03 -1.27779180e+02  1.81478841e+02
 -4.51323848e-01  9.58764937e-01]",[ 0.67266545  0.10023763 15.76523301 -8.60472755 -1.31931359 -0.07814377],[ 5.32554651  0.46149725 -3.42222342 20.22521002 -1.30881651  0.11637618],"[-1.02772011e-01  1.63361565e-02  9.60788723e+01  1.18742190e+01
 -1.25225623e+00 -2.97425922e-01]",007,RP
935,0,0.9411711949635448,0,"[-1.12692602e+00  2.33675270e-02  4.42189806e+01  5.18315200e+01
 -4.59702165e-01  9.45883684e-01]","[ 2.42836016e-01  2.72620280e-02 -5.78843899e+01  1.60564146e+01
 -1.30565358e+00  1.52573186e-01]","[  1.38667324   0.13165558  11.77614149 -14.32966033  -1.31481225
   0.40414275]",[77.22473945  1.3768074  -1.13652054 89.76750224 -1.26322155 -0.34115472],"[ 1.40409186e+00  7.47978249e-03  1.24699364e+02 -1.73089361e+02
 -6.31668423e-01  8.12066085e-01]","[  0.73249506   0.09260251  17.03720786 -10.47967055  -1.30849724
  -0.16009624]",[ 5.05113981  0.41834686 -3.76933366 21.03943132 -1.29461409  0.18037583],"[-9.36628541e-02  1.29375793e-02  1.20561106e+02  1.32920972e+01
 -1.20753026e+00 -3.98804598e-01]",007,RP
936,0,0.9411711949635448,0,[-1.10795226  0.04812576 30.56445515 35.86395707 -0.87646596  0.79885216],"[ 2.27038377e-01  2.37965955e-02 -6.60815407e+01  1.70030457e+01
 -1.28791896e+00  2.51996279e-01]","[ 1.46508153e+00  1.48954769e-01  1.05948549e+01 -1.35223262e+01
 -1.44033171e+00 -9.33331950e-03]",[76.30671598  1.63334069 -0.96520138 75.65134725 -1.31920459 -0.1808219 ],"[ 1.40983733e+00  1.53088123e-02  9.60188155e+01 -1.33370910e+02
 -8.83719611e-01  7.94204078e-01]","[  0.78599598   0.08045342  19.53557709 -13.35488515  -1.28083525
  -0.26454463]",[ 4.80770867  0.36234701 -4.3405159  22.86793589 -1.27214661  0.25283326],"[-8.67941677e-02  9.36254960e-03  1.64004782e+02  1.62346586e+01
 -1.10167318e+00 -5.64642949e-01]",007,RP
937,0,0.9411711949635448,0,[-1.07152919  0.07434152 20.78349351 24.27011994 -1.16703364  0.49895911],"[ 2.13985255e-01  1.90058811e-02 -8.18493417e+01  1.95145522e+01
 -1.22331662e+00  4.20870296e-01]","[  1.54142089   0.12806977  12.02175839 -16.53058952  -1.29842701
  -0.45066093]","[ 7.52661800e+01  1.76264241e+00 -8.96700473e-01  6.94912192e+01
 -1.33817045e+00 -5.14998495e-02]","[ 1.42143359e+00  2.37212580e-02  6.51504241e+01 -9.06070013e+01
 -1.16180942e+00  4.99018324e-01]","[  0.83051396   0.06439034  24.19554326 -18.09473652  -1.2161762
  -0.4089327 ]",[ 4.60219561  0.29738403 -5.26495964 26.23037415 -1.23486705  0.34149203],"[-8.22711562e-02  5.75682900e-03  2.51943455e+02  2.27276793e+01
 -7.97724124e-01 -8.54445988e-01]",007,RP
938,0,0.9411711949635448,0,[-1.01956958  0.09670727 16.21814411 18.53552643 -1.2772742   0.30262542],"[ 2.04605769e-01  1.29047007e-02 -1.15217304e+02  2.55741251e+01
 -9.77201428e-01  7.26288903e-01]","[  1.58920085   0.07836907  14.62303375 -21.23893761  -0.71767695
  -0.74883289]","[ 7.41869261e+01  1.75365382e+00 -9.01154937e-01  6.88539147e+01
 -1.33598768e+00  6.78273679e-02]","[ 1.43823356e+00  3.11987337e-02  5.02199619e+01 -7.02280345e+01
 -1.25568410e+00  3.25241202e-01]","[  0.86390846   0.04559362  33.36780056 -26.82672516  -1.05562102
  -0.6294952 ]",[ 4.43893869  0.22776087 -6.81717349 32.26101513 -1.16830453  0.45856713],"[-8.01384635e-02  2.69080374e-03  3.14537977e+02  2.72065902e+01
 -7.03952137e-01 -7.75042724e-01]",007,RP
939,0,0.9411711949635448,0,[-0.95562685  0.11235129 14.04209069 15.41899896 -1.32341351  0.1562995 ],"[ 1.99864952e-01  6.64017916e-03 -1.42292842e+02  3.04393521e+01
 -6.97042002e-01  7.53725784e-01]",[ 1.58326622  0.09028783 -9.75844898 17.45022259 -0.50871823 -0.91937607],[73.15570377  1.60913309 -0.97928985 73.64063854 -1.31360216  0.19516048],"[ 1.45937857e+00  3.72579085e-02  4.22795221e+01 -5.97018287e+01
 -1.29491829e+00  2.10144088e-01]","[ 8.84817094e-01  2.61188989e-02  5.27223472e+01 -4.46496341e+01
 -6.12779470e-01 -9.68259825e-01]",[ 4.31947253  0.15821483 -9.63948798 43.63750353 -1.03705697  0.62700017],"[-8.03616228e-02  3.14136454e-03 -3.65844288e+02 -2.73998407e+01
 -4.77647558e-01 -9.53137802e-01]",007,RP
940,0,0.8887565940634644,0,[-0.88452244  0.11947974 13.23055581 13.70272356 -1.3389806   0.03187411],"[ 2.00648091e-01  8.23017802e-03  1.30235305e+02 -2.41314654e+01
 -3.98535364e-01  9.98580576e-01]",[ 1.50265782  0.20758178 -6.87548741 12.3315049  -0.68709784 -0.92791889],[72.25494837  1.34300145 -1.16406799 86.10967219 -1.25555088  0.3555549 ],"[ 1.48382858e+00  4.15889692e-02  3.79696066e+01 -5.43403872e+01
 -1.31377334e+00  1.22161438e-01]","[ 8.92842622e-01  1.23044590e-02  1.91395562e+01 -1.50886116e+01
 -1.59012936e+00 -3.15539195e-01]","[  4.24247676   0.0939333  -15.41791434  67.41014335  -0.73822063
   0.89090394]","[-8.28130518e-02  6.04608827e-03 -2.47663054e+02 -1.85097333e+01
 -9.84927726e-01 -7.10861824e-01]",007,RP
941,0,0.8222968819249752,0,[-0.81181467  0.11736844 13.46120118 12.9280006  -1.33383053 -0.08702299],"[ 2.07630727e-01  1.72878240e-02  8.48939369e+01 -1.56265898e+01
 -8.37857286e-01  8.22703372e-01]",[ 1.33287487  0.35510225 -4.28808806  7.71548479 -1.0376284  -0.63400414],"[ 71.5573018    0.97957289  -1.55760415 113.45794991  -1.0973206
   0.59776254]","[ 1.51038741e+00  4.39475543e-02  3.59699536e+01 -5.23285652e+01
 -1.32288141e+00  4.52353062e-02]","[ 8.88610377e-01  2.01403862e-02 -6.69020039e+01  6.14498149e+01
 -6.58805774e-01 -9.19833572e-01]","[ 4.20397208e+00  4.21582970e-02 -2.50614240e+01  1.07357527e+02
 -3.20102648e-01  1.05811099e+00]","[-8.72648384e-02  8.87335159e-03 -1.75153179e+02 -1.32847139e+01
 -1.20804135e+00 -4.35516396e-01]",007,RP
942,0,0.7415238837318607,0,[-0.74318686  0.10636084 14.80559327 13.00332233 -1.30680771 -0.21488331],"[ 2.21166651e-01  2.75539410e-02  5.58164322e+01 -1.03447334e+01
 -1.11207924e+00  5.51173078e-01]",[ 1.06724002  0.50907206 -3.05288374  5.25815971 -1.18413893 -0.44452588],"[ 71.12180424   0.56512792  -2.37845305 171.15987217  -0.61037674
   0.953258  ]","[ 1.53772534e+00  4.41339533e-02  3.58209237e+01 -5.30827422e+01
 -1.32522229e+00 -3.11941318e-02]","[ 8.73681457e-01  3.38451103e-02 -4.53229939e+01  4.15978593e+01
 -1.15448057e+00 -5.46208854e-01]","[ 4.19782863e+00  2.96899884e-02  3.21804655e+01 -1.33088079e+02
 -8.05142185e-01  6.53547909e-01]","[-9.33875855e-02  1.11834978e-02 -1.40518251e+02 -1.11226602e+01
 -1.28655068e+00 -2.65550918e-01]",007,RP
943,0,0.6358251697195194,0,[-0.68385055  0.08776105 17.79603064 14.16982537 -1.24303166 -0.37213758],"[ 2.41218428e-01  3.76197208e-02  4.15018208e+01 -8.01100397e+00
 -1.22067475e+00  3.83346959e-01]",[ 0.70729915  0.65464264 -2.39521985  3.69413696 -1.25390609 -0.31376988],"[ 70.99133887   0.32396067   0.59210228 -40.03413344  -1.64194454
   0.29037739]","[ 1.56440778e+00  4.20049211e-02  3.75964208e+01 -5.68161334e+01
 -1.31944426e+00 -1.16821494e-01]","[  0.85034703   0.04456943 -35.20703407  31.93819676  -1.29700267
  -0.28783683]","[ 4.21655100e+00  5.31949193e-02  2.84114013e+01 -1.17798123e+02
 -1.12887469e+00  6.08541852e-01]","[-1.00753473e-01  1.27782231e-02 -1.23519170e+02 -1.04449853e+01
 -1.32081276e+00 -1.40679252e-01]",007,RP
944,0,0.5976888825374709,0,[-0.63806095  0.06368443 23.97838808 17.29967317 -1.08853789 -0.59862049],[ 0.26734258  0.04671444 33.6420507  -6.99395272 -1.27124217  0.26883108],[ 0.26239651  0.77964604 -2.02021381  2.53009706 -1.29053339 -0.21447946],"[  71.19082386    0.66989818    2.05875251 -144.56428741   -0.62441748
    0.96032361]","[ 1.58894036e+00  3.75101087e-02  4.19694281e+01 -6.46869182e+01
 -1.29862931e+00 -2.24300297e-01]","[  0.82136269   0.05094156 -30.99578022  27.45877732  -1.33701552
  -0.11751964]","[ 4.25218585e+00  7.11966756e-02  2.20588059e+01 -9.17981420e+01
 -1.33128246e+00  2.58794525e-01]","[-1.08843436e-01  1.35049971e-02 -1.17055577e+02 -1.07407312e+01
 -1.33579907e+00 -2.99329808e-02]",007,RP
945,0,0.5912199181379453,0,[-0.60881324  0.03727922 37.18225814 24.63705095 -0.65254498 -0.94398673],[ 0.29872866  0.05426741 29.05497192 -6.67955282 -1.29699235  0.18282843],[-0.2513391   0.87423115 -1.80592492  1.54610046 -1.3105725  -0.13224279],"[ 71.72596491   1.1665717    1.30511888 -91.61091082  -1.05788484
   0.62521383]","[ 1.60983426e+00  3.07473343e-02  5.07773315e+01 -7.97430882e+01
 -1.24188105e+00 -3.76370265e-01]","[ 7.89688012e-01  5.26791925e-02 -3.00089031e+01  2.56976710e+01
 -1.34224442e+00  1.75606841e-02]","[ 4.29713972e+00  7.89877802e-02  2.00077648e+01 -8.39761607e+01
 -1.35587118e+00  4.68233892e-02]","[-1.17060535e-01  1.32448095e-02 -1.19285578e+02 -1.19636336e+01
 -1.33531142e+00  8.64096772e-02]",007,RP
946,0,0.5912199181379453,0,[-0.59774263  0.01823774 11.81248392  9.0608252  -1.62837775 -0.29527952],[ 0.33428002  0.05988164 26.37580167 -6.81690361 -1.31000252  0.1135052 ],[-0.81241153  0.93099797 -1.69777071  0.62071151 -1.32065845 -0.05856165],"[ 72.58301568   1.6491057    0.94455327 -66.55852499  -1.21053975
   0.41280096]","[ 1.62568923e+00  2.20537178e-02  6.89374137e+01 -1.10070811e+02
 -1.07506792e+00 -6.22307171e-01]","[  0.75826577   0.04993474 -31.60100722  25.96196205  -1.3265506
   0.14744238]","[ 4.34474941e+00  7.76505139e-02  2.03379908e+01 -8.63634735e+01
 -1.33755138e+00 -1.08887835e-01]","[-1.24752433e-01  1.19324286e-02 -1.31882576e+02 -1.44526722e+01
 -1.31053795e+00  2.29025254e-01]",007,RP
