,time,MARKER,pid,L_O_DSI,L_D_DSI,L_O_DSphi,L_D_DSphi,R_O_DSI,R_D_DSI,R_O_DSphi,R_D_DSphi,trial_id
0,2024-09-14 19:40:59.881725098,TASK_BEGIN,003,0.3553016300869958,-0.1585637921028908,0.6725060469345269,-0.1561795116452946,-0.3688433601484075,-0.07065006320382194,-1.4262954702303012,0.7184520991841179,0
1,2024-09-14 19:40:59.949507080,0,003,0.3468189839785171,-0.1474044024040483,0.4939602453854609,-0.12187625428089129,-0.3775207896518334,-0.06219718855641925,-1.4956107740809492,0.7232616097697018,0
2,2024-09-14 19:41:00.016064941,0,003,0.33474704514360276,-0.1340742360185379,0.3292969435065528,-0.08649551815681752,-0.3868146369380009,-0.05399395355398098,-1.562021052245694,0.731258273575519,0
3,2024-09-14 19:41:00.077631836,0,003,0.31924048662510546,-0.1187835164757338,0.1787448396201779,-0.04993529259590017,-0.39657900845661354,-0.04621776973816999,-1.623393626869514,0.7420653614380407,0
4,2024-09-14 19:41:00.152939941,0,003,0.30041764339700716,-0.10179924025004318,0.04282483888633611,-0.012419468001268905,-0.4065002392056998,-0.039072181334424416,-1.6779493187350227,0.7551598366724674,0
5,2024-09-14 19:41:00.220769043,0,003,0.2783463818873919,-0.08343247175407552,-0.07763544907462586,0.0254787593575919,-0.41611135832870144,-0.03277516913025586,-1.7240108509218293,0.7698777788301374,0
6,2024-09-14 19:41:00.278966797,0,003,0.25306781589893174,-0.06403088965904134,-0.18152377422643032,0.06286052407628319,-0.4248283245056496,-0.02754165515253639,-1.759664537928372,0.7853890213688589,0
7,2024-09-14 19:41:01.229226074,0,003,0.22465111824982528,-0.043974536091128315,-0.2673420973767931,0.09854445571379858,-0.4320038494929748,-0.023562886135400102,-1.7825037237567796,0.8006660888418531,0
8,2024-09-14 19:41:01.290396973,0,003,0.19325416785376173,-0.023670232046902325,-0.3331341775669572,0.13114691265071457,-0.4370062733095792,-0.020983732226735153,-1.789587823857347,0.8144851970845312,0
9,2024-09-14 19:41:01.352885010,0,003,0.15916340503351858,-0.0035399556291139988,-0.3766979322333151,0.15922147169116524,-0.43931970942106247,-0.019879227220617128,-1.7776524820277084,0.8254858826490366,0
10,2024-09-14 19:41:01.430833008,0,003,0.12280123586080957,0.015999136701667065,-0.39608682967701164,0.18143516258989437,-0.4386334027571909,-0.020235330769329977,-1.7435227142370562,0.832292138084657,0
11,2024-09-14 19:41:01.492433105,0,003,0.0847069494089392,0.034559802788355166,-0.39014248610788455,0.19672529817464743,-0.43488472692149954,-0.021940477557996406,-1.6846285753294548,0.8336661255447426,0
12,2024-09-14 19:41:01.570697021,0,003,0.04550143448315898,0.0518081186485877,-0.3587739064177108,0.20438550265047542,-0.4282503407611242,-0.024790725120608266,-1.5994966163906457,0.828648994167443,0
13,2024-09-14 19:41:01.631312988,0,003,0.00584438679717429,0.06748081725064767,-0.3028774465246844,0.2040664995706834,-0.4191106994709524,-0.028505793242854127,-1.4881171773012065,0.8166624851023457,0
14,2024-09-14 19:41:02.577055908,0,003,-0.033602460783806666,0.08139547894207735,-0.22404799052582686,0.19572843386295957,-0.4080199098255799,-0.03275044349758324,-1.3521389973873519,0.7975696151474938,0
15,2024-09-14 19:41:02.639062988,0,003,-0.07219617219715546,0.09345254702138686,-0.12434566821757669,0.179601718294823,-0.3956908863584709,-0.037157856029331165,-1.1948673643580725,0.7716930461847049,0
16,2024-09-14 19:41:02.716245850,0,003,-0.1093232485480786,0.10362862800505443,-0.006234360055883802,0.15617803608439287,-0.38297198664863,-0.04135604070083501,-1.0210756790030537,0.7397859320500014,0
17,2024-09-14 19:41:02.785831055,0,003,-0.14440643146365792,0.11196239843259177,0.12740496631895995,0.12620877634447114,-0.3707862774558119,-0.04499826627540108,-0.8367061824029082,0.7029594829836655,0
18,2024-09-14 19:41:02.853653809,0,003,-0.17690189651243884,0.11853494032499605,0.2733068663161178,0.09068501017304485,-0.360037100268838,-0.0477943979345851,-0.6485692034616858,0.6625851738046316,0
19,2024-09-14 19:41:02.916652832,0,003,-0.20628767278116406,0.12344787353234378,0.42789388162440095,0.05079828240393946,-0.35150630305396025,-0.049538488087541244,-0.46409078274691384,0.6201966653410916,0
20,2024-09-14 19:41:02.979104004,0,003,-0.23206030978602998,0.1268054472913917,0.5873283337299464,0.007897114118488407,-0.3457605216517787,-0.05012903604648335,-0.2910555833059856,0.5774085330924206,0
21,2024-09-14 19:41:03.907100098,0,003,-0.25374991178141637,0.12870481507051376,0.7475284576545176,-0.036550670668920836,-0.3430749395485063,-0.04957722971145738,-0.13726632268532551,0.5358477479470743,0
22,2024-09-14 19:41:03.975989014,0,003,-0.2709433022964934,0.12923306495648432,0.9041429914195244,-0.08099302749252091,-0.3433974500023876,-0.047998533183542164,-0.010085288167744127,0.49707755415205673,0
23,2024-09-14 19:41:04.031489014,0,003,-0.2833034938239742,0.1284681251022786,1.0524742361349924,-0.12383699756394267,-0.34636543083285726,-0.04558985634116086,0.08413400960019428,0.4625019509829732,0
24,2024-09-14 19:41:04.111652100,0,003,-0.2905898206483776,0.1264838815354809,1.1874091498387276,-0.16350152904027715,-0.35135070348113123,-0.04260123188511329,0.14064889005695866,0.4332636258721245,0
25,2024-09-14 19:41:04.179392090,0,003,-0.29268609461798856,0.12335994179738434,1.3034796501665804,-0.19846485567913225,-0.35750159471987747,-0.039308563158570176,0.15682928406528238,0.41015543370864865,0
26,2024-09-14 19:41:04.231652100,0,003,-0.289626368663809,0.11919188302878879,1.3951254041461556,-0.22729752440761888,-0.36378095468952987,-0.035988272177628275,0.1324837737669694,0.3935537092954524,0
27,2024-09-14 19:41:04.315025146,0,003,-0.281601396873493,0.11409658648954901,1.4571399790458948,-0.24869955333700372,-0.3690175884988069,-0.032894531220780704,0.07003031792827948,0.3833776494977045,0
28,2024-09-14 19:41:05.253040039,0,003,-0.26894614723457605,0.10821139133265437,1.4852480429626262,-0.2615713616002962,-0.3719772333306037,-0.03024299738801741,-0.025488852853418266,0.3790838058074232,0
29,2024-09-14 19:41:05.314357910,0,003,-0.2521218199988566,0.1016885967546329,1.4767496014928363,-0.2651233133589995,-0.37144456759638755,-0.028204291152407752,-0.1466138454810786,0.3797010116650025,0
30,2024-09-14 19:41:05.391532959,0,003,-0.23170252157502005,0.09468716352264217,1.4311152327874335,-0.25899547064079886,-0.36631004054192734,-0.026905433216736475,-0.28393586491105566,0.3839013779407122,0
31,2024-09-14 19:41:05.460177002,0,003,-0.2083680876525687,0.08736370182380163,1.3503941459786386,-0.24335490308162477,-0.3556561674716576,-0.026434981024196124,-0.4268192465875636,0.39010303277690733,0
32,2024-09-14 19:41:05.515928955,0,003,-0.1828930170740036,0.07986306999911726,1.2393524569969057,-0.21895646166576543,-0.33882680725091247,-0.026850541933570518,-0.564363331399542,0.39660873504128674,0
33,2024-09-14 19:41:05.593143066,0,003,-0.15611556377631278,0.07230724078275524,1.1053099690878412,-0.18715772504984501,-0.3154691841308784,-0.028188997125576126,-0.6865267397756148,0.40177920091297153,0
34,2024-09-14 19:41:05.664434814,0,003,-0.12888281791538742,0.06478404350700863,0.9576552185116818,-0.1498664582979003,-0.2855634781116558,-0.03047584744974744,-0.7851625292186923,0.4042088750065163,0
35,2024-09-14 19:41:06.607114990,0,003,-0.10198492418605636,0.057340148959856715,0.807045179931432,-0.1093992332463663,-0.24945350301942354,-0.0337277704117245,-0.8546456700192685,0.4028485158561954,0
36,2024-09-14 19:41:06.669312988,0,003,-0.07609894857561242,0.04998000280743683,0.6643657959204633,-0.06825645031379891,-0.20786359648168237,-0.03794714352359534,-0.8919983651226842,0.39704711393045444,0
37,2024-09-14 19:41:06.730905029,0,003,-0.051758013143686804,0.042668573432641195,0.5396400159157897,-0.02885980146005648,-0.16187997823567948,-0.04311260656052732,-0.8966830005573168,0.3865365270468451,0
38,2024-09-14 19:41:06.808649170,0,003,-0.029345321507598138,0.035334873525788624,0.4411459261736882,0.006676704939993169,-0.11289353484186347,-0.04917062362491741,-0.8702253828026415,0.37138954124586965,0
39,2024-09-14 19:41:06.870271973,0,003,-0.009100419215971888,0.027874724735054417,0.37493800484997175,0.036687289972531976,-0.0625140861113529,-0.05603143936183278,-0.8157110308914377,0.35195682907895287,0
40,2024-09-14 19:41:06.932500977,0,003,0.008870121321594336,0.020154543265956927,0.34478853042859764,0.059995784318210454,-0.01247088354984372,-0.06357007117696872,-0.7372026969896889,0.3287852220212453,0
41,2024-09-14 19:41:07.014519043,0,003,0.024577632443581188,0.01202034921043861,0.3524095667075949,0.0758827461762285,0.03548673955027498,-0.07163079951774315,-0.6391658552453193,0.3025339548613988,0
42,2024-09-14 19:41:07.947410156,0,003,0.038133198942947436,0.0033140917006413005,0.39773746287315437,0.08401415190883066,0.07968608540086994,-0.0800344820215491,-0.5259877534666736,0.27391212550957283,0
43,2024-09-14 19:41:08.024713135,0,003,0.04972687658066271,-0.0061045034325731065,0.47909809427996836,0.08436482876246693,0.11863048306056813,-0.08858903568393324,-0.40169296751483485,0.2436619139809921,0
44,2024-09-14 19:41:08.093458984,0,003,0.0596034080022478,-0.016334101613890324,0.5932319189869488,0.07716054777691016,0.15109892989817603,-0.09710116767385188,-0.26992585577628225,0.2125949743916001,0
45,2024-09-14 19:41:08.148680908,0,003,0.0680471741862788,-0.027411965470338848,0.7353318150621789,0.06284074759659082,0.17623281134995614,-0.10538565469863792,-0.1341248050218018,0.18164805368739526,0
46,2024-09-14 19:41:08.228991943,0,003,0.07539694867347732,-0.039306630114221315,0.899271855943577,0.04202407826368761,0.19359355409885257,-0.11327127720776214,0.002308997493626304,0.15190336404726065,0
47,2024-09-14 19:41:08.296772949,0,003,0.08208354937332468,-0.05192624712730419,1.078067220747086,0.015465123586290224,0.2031770808556503,-0.12060548287197406,0.13598503989070493,0.12455208226516269,0
48,2024-09-14 19:41:08.364525879,0,003,0.0886544914708528,-0.0651361337602949,1.2644554336898568,-0.01598860005514623,0.20537916017600874,-0.1272582402147139,0.2635964281141289,0.10082259678428528,0
49,2024-09-14 19:41:09.307805176,0,003,0.0957599125011764,-0.07877625119095583,1.4514453529515399,-0.051421248300557616,0.2009236302997682,-0.13312396840088445,0.3819625935300733,0.08189526555433146,0
50,2024-09-14 19:41:09.366870117,0,003,0.1040967666643064,-0.09267292850280195,1.6327173474150278,-0.08984521620469278,0.19077775046722084,-0.13812240747157806,0.48797402122702854,0.06880779614288648,0
51,2024-09-14 19:41:09.428888916,0,003,0.11432132413057533,-0.10664347396536353,1.802816192760124,-0.13018108585887916,0.17606715556797434,-0.14219912575628962,0.5784812858906848,0.06236135484249727,0
52,2024-09-14 19:41:09.511204102,0,003,0.12695671478719062,-0.12049729085637083,1.9571468822237377,-0.17125279936027396,0.1579829450251127,-0.14532275627950178,0.6502467307570428,0.06304687649840054,0
53,2024-09-14 19:41:09.579013184,0,003,0.14232439402542843,-0.13403885874085958,2.0918389061647202,-0.21182351736087904,0.13767604540943412,-0.1474765772323485,0.7000391066691164,0.07100641555448044,0
54,2024-09-14 19:41:09.645416992,0,003,0.16050292228810284,-0.14707292047448997,2.2035832099844574,-0.25066786827378557,0.1161515374350381,-0.14864630060392067,0.7248284718139918,0.08603120909143808,0
55,2024-09-14 19:41:09.707861816,0,003,0.1813056561862259,-0.15940827790984244,2.2895880626504965,-0.2866640462575014,0.09418029934412446,-0.14880631598054364,0.7220000366672523,0.10757554166369487,0
56,2024-09-14 19:41:10.632888916,0,003,0.204283600984817,-0.17085888352970563,2.3477436375974476,-0.31889428004916065,0.07224130595595873,-0.14790596853916196,0.6895690433410802,0.13476537445497697,0
57,2024-09-14 19:41:10.689298096,0,003,0.2287605637404854,-0.18124308113267285,2.376903878758791,-0.34673048299939047,0.05050340350939251,-0.14585988359410634,0.6264181237112544,0.16641698363781876,0
58,2024-09-14 19:41:10.768642822,0,003,0.25388990187657073,-0.19038125132188607,2.377127733266033,-0.3698729117008248,0.028842025072569617,-0.1425457119769376,0.5325422399757382,0.20109444243366237,0
59,2024-09-14 19:41:10.829175049,0,003,0.2787196026603383,-0.19809311239394012,2.3498503799138915,-0.38833238455054403,0.0068813192559023665,-0.13780952726539256,0.409211788149013,0.2372069158607827,0
60,2024-09-14 19:41:10.890198975,0,003,0.30226671866131927,-0.20419836111848003,2.298017041418624,-0.4023705035785919,-0.015934263080458776,-0.13148014202837544,0.2589720825346066,0.27313025458263657,0
61,2024-09-14 19:41:10.967545898,0,003,0.32360213345487615,-0.20852341853910228,2.226084854414111,-0.4124140154717142,-0.04023479379454632,-0.1233940540290064,0.08551728537617127,0.30734159827965307,0
62,2024-09-14 19:41:11.029544189,0,003,0.3419276718739457,-0.21091222731629433,2.139711464061636,-0.4189592506767362,-0.06660029068220324,-0.1134276237095575,-0.10648145873632561,0.3385460837185165,0
63,2024-09-14 19:41:11.976998047,0,003,0.356622843952867,-0.21123659217433863,2.0450941091547015,-0.42248581120441575,-0.09543659176907661,-0.1015290446796635,-0.31162741797722776,0.36576228058738763,0
64,2024-09-14 19:41:12.049177979,0,003,0.36725994199199974,-0.20940515578937047,1.948138427664873,-0.4233878928352119,-0.12686680548266113,-0.08774443548557108,-0.5242308788409367,0.388356164407138,0
65,2024-09-14 19:41:12.117001953,0,003,0.3736035422285781,-0.205373617509218,1.8536889616459409,-0.42191532913430213,-0.16065760981789004,-0.0722358599878706,-0.738900200808863,0.4060506567739629,0
66,2024-09-14 19:41:12.178019043,0,003,0.3756074166655315,-0.1991566509109668,1.7649833598964577,-0.4181236848178828,-0.19619880213095908,-0.05529070431773162,-0.9510723984728314,0.4189317233001936,0
67,2024-09-14 19:41:12.239578857,0,003,0.3734154377759138,-0.19083836927078102,1.683415782538717,-0.4118552356291263,-0.23253554409267196,-0.03732208859513934,-1.1572246349115258,0.42743056612888397,0
68,2024-09-14 19:41:12.317253174,0,003,0.3673692880109364,-0.18057820554426787,1.6086012554810267,-0.4027677804276113,-0.268440389735294,-0.018858671033076257,-1.3546942344283446,0.43224391201132756,0
69,2024-09-14 19:41:12.378341797,0,003,0.3580121440353396,-0.16861079713964822,1.5386371751260195,-0.3903955360280648,-0.3025197754861805,-0.0005207259237706291,-1.5412779789984798,0.43418720268363775,0
70,2024-09-14 19:41:13.317639893,0,003,0.3460635831064259,-0.15523901830346973,1.4704468686517398,-0.3742143960431716,-0.33334942466912076,0.017018172923490924,-1.7148641894586467,0.434029096861123,0
71,2024-09-14 19:41:13.394943115,0,003,0.33235525614182987,-0.14082043359312607,1.4001576165566076,-0.3537039562222,-0.3596158592117381,0.03308000630345728,-1.873242027465299,0.4323741622332873,0
72,2024-09-14 19:41:13.457048828,0,003,0.3177495372327266,-0.1257499541746991,1.3235207277793983,-0.32841612876858034,-0.38023470518652797,0.04703601892349227,-2.0140801192679727,0.4296236376391919,0
73,2024-09-14 19:41:13.535510986,0,003,0.30307220987907474,-0.11044200419941383,1.236388706377661,-0.2980594741491958,-0.39442746399067596,0.058358183907083076,-2.135004920385286,0.42599415409606267,0
74,2024-09-14 19:41:13.596729980,0,003,0.2890712543955006,-0.09531360499585653,1.1352320321076979,-0.2625935878574733,-0.4017512628866992,0.06665910237059565,-2.233733386805758,0.42155663750933137,0
75,2024-09-14 19:41:13.658322998,0,003,0.2763966622007141,-0.08076821574094407,1.0176328903788903,-0.22230912213842927,-0.40208866894227935,0.0717139077816204,-2.3082374502657683,0.4162733622897377,0
76,2024-09-14 19:41:13.735555908,0,003,0.2655901472706509,-0.06717938171028619,0.8827000086585755,-0.17786957822405045,-0.39561226198258564,0.07346500955423464,-2.356914267875155,0.41003333413084125,0
77,2024-09-14 19:41:14.680855957,0,003,0.25707288569285897,-0.054873673471086765,0.7313896512803151,-0.13031104759617576,-0.3827352982725463,0.07201408802526807,-2.378759637849886,0.4026921297530513,0
78,2024-09-14 19:41:14.750016112,0,003,0.2511255846465641,-0.04411443924059525,0.5667011744676865,-0.08100681643554943,-0.36405462844524983,0.06760486598263596,-2.3735823593670036,0.39411544525784564,0
79,2024-09-14 19:41:14.805293945,0,003,0.2478666468749967,-0.035089207031806,0.39366677328591804,-0.03159685333680438,-0.3402853439472227,0.06059785576101007,-2.3422604115171635,0.384220670594051,0
80,2024-09-14 19:41:14.882443848,0,003,0.24724205496114385,-0.027903792288044012,0.21906560513120452,0.0161253438276263,-0.3121825116792446,0.0514359322672339,-2.2869481941493697,0.3730110847161138,0
81,2024-09-14 19:41:14.944039062,0,003,0.24903993692795595,-0.022586427354606423,0.05085510300339117,0.06036780135912685,-0.2804622785354469,0.040602099994802736,-2.2111385451154315,0.3605979253391408,0
82,2024-09-14 19:41:15.005629150,0,003,0.25293384017190806,-0.019102670075014035,-0.10263185457220568,0.09951286143934779,-0.24575350526308026,0.02857754416874307,-2.1195387907219376,0.3471997440798872,0
83,2024-09-14 19:41:15.083246826,0,003,0.25854337914643616,-0.017375731652828172,-0.23364167304662437,0.1322720595554126,-0.20859767439082372,0.01580948621613122,-2.0177175321667145,0.3331037256588242,0
84,2024-09-14 19:41:16.007177979,0,003,0.2654859883356777,-0.01730331751808687,-0.3359683915917663,0.15779812749262034,-0.16948628496949267,0.0026929082689950315,-1.9115146094227047,0.31859089886882197,0
85,2024-09-14 19:41:16.075010010,0,003,0.273391046807051,-0.018764765893539342,-0.40572188524707486,0.1757365407132416,-0.12891166514749705,-0.010435309807397907,-1.806366119020217,0.3038584644410185,0
86,2024-09-14 19:41:16.142826172,0,003,0.2818631197550022,-0.021618076607780746,-0.4417232239658492,0.18620571218335963,-0.0874086851177378,-0.023294039719354606,-1.7067670065856133,0.2889802523434531,0
87,2024-09-14 19:41:16.210635986,0,003,0.2904065571387157,-0.025691455562663595,-0.44552352444541266,0.18971978296199954,-0.04557472216474621,-0.0356520105083304,-1.6159439836647238,0.27391495230228186,0
88,2024-09-14 19:41:16.278441895,0,003,0.2983496699577163,-0.030776144554670856,-0.42112845923226216,0.18708695115389512,-0.004068925601029422,-0.0473211515486204,-1.535654514942023,0.25853501466414797,0
89,2024-09-14 19:41:16.340876221,0,003,0.30482267110486205,-0.03662599621439114,-0.3744807694401017,0.1793102324696362,0.036396349993699846,-0.05814844325463613,-1.4660521175724097,0.24265251009976718,0
90,2024-09-14 19:41:16.414040039,0,003,0.3088261986098267,-0.042965749488851075,-0.31277410276118917,0.1675056968343389,0.07505779127169043,-0.06800460249216699,-1.405675324497285,0.2260466726681732,0
91,2024-09-14 19:41:17.350012939,0,003,0.3093733869231063,-0.04950554721972756,-0.2437118191133707,0.15284199958410868,0.11110313776298719,-0.07677292389439555,-1.3516390463124233,0.2084992082796995,0
92,2024-09-14 19:41:17.411634033,0,003,0.305647202703653,-0.05595582067423891,-0.17477334159014038,0.13648972628217318,0.14369982080666188,-0.08434580287406059,-1.2999948165608752,0.18982570739933463,0
93,2024-09-14 19:41:17.489273926,0,003,0.2971246359425051,-0.062037932846301165,-0.1125049668430062,0.11956725337404737,0.172063336034822,-0.09063186439234934,-1.2461253740629163,0.16989144945645013,0
94,2024-09-14 19:41:17.551805908,0,003,0.2836518952912287,-0.0674911447175511,-0.06191317010872745,0.10308877543054795,0.19554430265936004,-0.09556891944085547,-1.1850670989441148,0.148607249424446,0
95,2024-09-14 19:41:17.628456055,0,003,0.26546939766305744,-0.07207860608392269,-0.026115790406825802,0.08793612639553276,0.21369664484528994,-0.09913570616926366,-1.1117693831410402,0.12590612932583162,0
96,2024-09-14 19:41:17.690978027,0,003,0.24318190839373152,-0.07559224387350158,-0.006360660588204234,0.07486898691273713,0.22630374243713475,-0.10135822924418161,-1.0213905277574165,0.1017187429393761,0
97,2024-09-14 19:41:17.764100098,0,003,0.21766742906395772,-0.07785458256057674,-0.002349767988967822,0.06455789584483154,0.23337273044458218,-0.10231126040871054,-0.909713697013203,0.075980908912755,0
98,2024-09-14 19:41:18.707329102,0,003,0.18993351389904617,-0.07871778613422384,-0.012677458011111392,0.05759568592566832,0.2351211561184485,-0.10211686126689938,-0.7736520126862925,0.04869287555894431,0
99,2024-09-14 19:41:18.760405029,0,003,0.1609594895955877,-0.07806348155297813,-0.03522866088154523,0.054457634494557705,0.23195584004553718,-0.10093736204979899,-0.6117158287447726,0.020012363347975803,0
100,2024-09-14 19:41:18.842971924,0,003,0.13158037765387137,-0.07580774930701636,-0.06747965642964321,0.05543209269620511,0.22442762754428344,-0.09895950733723687,-0.4243269376461554,-0.009665772634168951,0
101,2024-09-14 19:41:18.910784912,0,003,0.10245138839224223,-0.07191381835395642,-0.10666435127869409,0.06055993679603229,0.2131698576005247,-0.09637448189683488,-0.21393027439760032,-0.03968491621801129,0
102,2024-09-14 19:41:18.977256104,0,003,0.07409453453754011,-0.06641198261766802,-0.14978105010231282,0.06958556076312736,0.19884991923215328,-0.09336425712707469,0.01509719011099994,-0.06916634854108579,0
103,2024-09-14 19:41:19.038295898,0,003,0.04699735763586184,-0.05942250534504042,-0.19353764709853605,0.08191643568548133,0.18215039748996642,-0.0901000278232745,0.2567133978282317,-0.09709797159975497,0
104,2024-09-14 19:41:19.114260010,0,003,0.02171637684113911,-0.051173540639964286,-0.23446939128429523,0.0966344207664042,0.16377156491071773,-0.08674866201483039,0.5036325336462611,-0.12245328589029644,0
105,2024-09-14 19:41:20.042965820,0,003,-0.0010656256199974544,-0.04200472481924,-0.26937322773754213,0.11260389146335711,0.1444330009800806,-0.08347705347354616,0.7478928846070821,-0.14431999507945778,0
106,2024-09-14 19:41:20.120533936,0,003,-0.020557991587970635,-0.032350569957169284,-0.29591798724555196,0.12865210113488695,0.12485743833047026,-0.08044741701362586,0.9815218512873063,-0.16201266670893627,0
107,2024-09-14 19:41:20.182543945,0,003,-0.03594056972153982,-0.02270610513264411,-0.3131118322335599,0.14374684346164868,0.10574081030902446,-0.07780514907698538,1.1971987175563155,-0.17515041462521436,0
108,2024-09-14 19:41:20.260879883,0,003,-0.04645851240250653,-0.013584387041899189,-0.32137814696504463,0.15711088987279848,0.08772505005244412,-0.07566482354864128,1.3888405318410615,-0.18369601654529297,0
109,2024-09-14 19:41:20.321759033,0,003,-0.05150608596282839,-0.0054744084841572005,-0.3222230820679156,0.16825762943409664,0.07138206093400266,-0.07409758894720661,1.552058120239008,-0.18795719736265165,0
110,2024-09-14 19:41:20.396507080,0,003,-0.05069713395955198,0.0011986511282468316,-0.31767862234314687,0.1769689473331825,0.057203154725839325,-0.07312198611059666,1.6843774842683439,-0.1885447090830425,0
111,2024-09-14 19:41:20.460127197,0,003,-0.04391852961325363,0.006110547808250112,-0.3097152264686929,0.18324733748847807,0.04558111769807192,-0.07270102692097274,1.785141626922546,-0.1862903933594418,0
112,2024-09-14 19:41:21.372873047,0,003,-0.031356196604121124,0.009067511413579083,-0.29975285055098544,0.18726976968475845,0.03677390441433793,-0.07274628200774093,1.8551821810270201,-0.1821498466813866,0
113,2024-09-14 19:41:21.450434082,0,003,-0.013496329765466912,0.010022178539936907,-0.2884038894529454,0.18936271086124698,0.030854968179583758,-0.07312657917161068,1.8964726127869544,-0.17711853863123578,0
114,2024-09-14 19:41:21.511187988,0,003,0.008884881726361931,0.009074873075209947,-0.27554128693454827,0.190000875777134,0.02768247078112575,-0.07367997295684976,1.9118613304816396,-0.17217081647533133,0
115,2024-09-14 19:41:21.585941162,0,003,0.03474275152756751,0.0064618913943464635,-0.2606376170181483,0.18980987451651496,0.026920713954396516,-0.07422924305741584,1.9047775564233265,-0.1682074346831317,0
116,2024-09-14 19:41:21.653695068,0,003,0.06280976778541375,0.0025317862694115246,-0.24320296374135159,0.1895429979287598,0.028098119773627677,-0.07459715091585903,1.878777479534016,-0.1659902839257702,0
117,2024-09-14 19:41:21.721501221,0,003,0.09167122459818777,-0.0022875833976025942,-0.22315869387690548,0.190020615142783,0.03064939562160252,-0.0746140924544974,1.8369602025339613,-0.1660599683374159,0
118,2024-09-14 19:41:21.789134033,0,003,0.11986511232910342,-0.007526373451973131,-0.20107683415031258,0.1920496801762272,0.03392399679780816,-0.07411686924630066,1.7813934358795562,-0.16865145028983652,0
119,2024-09-14 19:41:22.726504150,0,003,0.1459937027861859,-0.012710658980161285,-0.178257599511003,0.19634088043346812,0.03718977622710486,-0.07294652963700855,1.7126571318439552,-0.17362332738050076,0
120,2024-09-14 19:41:22.788626953,0,003,0.16882185218485618,-0.017396874373964782,-0.15658696217113657,0.20342080229306114,0.03965311445979979,-0.07095297734380325,1.6295988671600707,-0.18041460282797417,0
121,2024-09-14 19:41:22.867687012,0,003,0.1873363224898425,-0.02119766621792688,-0.13815383175330162,0.21353910306965374,0.04048939034358441,-0.06800630445838145,1.529458531595637,-0.18805958899954991,0
122,2024-09-14 19:41:22.935480957,0,003,0.20077116831818684,-0.023798969827691537,-0.12472541049281048,0.22658898463567806,0.03887527575746124,-0.06400944870822158,1.4084843282488941,-0.19529510830458727,0
123,2024-09-14 19:41:22.988987061,0,003,0.20863228516141144,-0.02497468508377541,-0.11723036639994382,0.2420586605490741,0.03402493517035272,-0.05890625753963994,1.2629521306032268,-0.20075061400398408,0
124,2024-09-14 19:41:23.070987061,0,003,0.21074145831231966,-0.024603336155007545,-0.11537683140183351,0.25902084066198305,0.025238042536699843,-0.05268211827210319,1.0902910700669841,-0.20315624203454613,0
125,2024-09-14 19:41:23.127233887,0,003,0.2072862051248279,-0.022683217899547505,-0.11753046026630329,0.27617164745404166,0.011966918479367924,-0.04535986722241163,0.8899760081088061,-0.20149303488188755,0
126,2024-09-14 19:41:24.076903076,0,003,0.19884439698388212,-0.019338803704658444,-0.12094585074030362,0.29193545061104265,-0.0061019480163873405,-0.036996232711872884,0.6639801664386957,-0.19505053202306788,0
127,2024-09-14 19:41:24.138969971,0,003,0.18636043151111237,-0.014813483817612829,-0.1223196222333507,0.3046326728751278,-0.02897617051965915,-0.0276800797092143,0.4167725374907924,-0.18341383731845756,0
128,2024-09-14 19:41:24.216624023,0,003,0.1710717833741452,-0.009447690267250359,-0.1185028315714979,0.31267715578137345,-0.05632498464247391,-0.01752996197344492,0.15496740661610126,-0.16643584929178892,0
129,2024-09-14 19:41:24.285530029,0,003,0.15440201869216338,-0.003644883688718537,-0.10716091790859893,0.3147611110258125,-0.08749645812922138,-0.006691142131105909,-0.11323141872091934,-0.14423806906121517,0
130,2024-09-14 19:41:24.353355957,0,003,0.13783158175878826,0.002170234043661897,-0.0872163288370637,0.3100051386119739,-0.12157076563573269,0.004664597506641638,-0.3786594412672664,-0.11723947568922354,0
131,2024-09-14 19:41:24.420242920,0,003,0.12275063452101119,0.007596489212285982,-0.059019246360564145,0.2980718620563516,-0.1574280413610954,0.016335570215475343,-0.6318030341754554,-0.08618656479486944,0
132,2024-09-14 19:41:24.479149170,0,003,0.11031886422412675,0.012297700404929512,-0.024285587980277554,0.27924444145322486,-0.19381316294271195,0.02808580393955301,-0.8633957229334502,-0.0521623193395592,0
133,2024-09-14 19:41:25.428128906,0,003,0.1013769940440529,0.0160324163646376,0.014124125407794876,0.2544619801283454,-0.22938686223822313,0.039641996357161036,-1.0650985842798586,-0.01655216371312209,0
134,2024-09-14 19:41:25.487437988,0,003,0.09643115485992255,0.018665626460672238,0.05253758540800804,0.22528952530682067,-0.2627660989413724,0.050693764517577004,-1.230301928699533,0.019051248796213196,0
135,2024-09-14 19:41:25.564610840,0,003,0.0956882713465294,0.020162970394729345,0.08692347946534916,0.193790103232557,-0.29256531588005896,0.06089953351020561,-1.3548568917722774,0.052984377637559726,0
136,2024-09-14 19:41:25.626135010,0,003,0.09910595511918081,0.020573411680082976,0.11348431997026133,0.1622840128062281,-0.31744205211009124,0.06989881824860499,-1.4374244769382487,0.08364013606994342,0
137,2024-09-14 19:41:25.688623047,0,003,0.1064377245450654,0.020006834119101403,0.1293528036114871,0.13303054977722734,-0.3361448375308055,0.07733037033591798,-1.479265398528982,0.1095612222066458,0
138,2024-09-14 19:41:25.771795898,0,003,0.11727541221045694,0.01861094726154286,0.1332407396069331,0.10791728500537863,-0.34756973207081177,0.08285674526268079,-1.4835449974920876,0.12951265112356866,0
139,2024-09-14 19:41:25.828243896,0,003,0.13109333340673385,0.016550284880569914,0.12576425774990843,0.08825004924910387,-0.3508364216809877,0.08619579793626701,-1.454420042627924,0.14254957946374325,0
140,2024-09-14 19:41:26.756933838,0,003,0.14728892649345768,0.013989857856920553,0.10921449903881089,0.0746863450340452,-0.3453869635877733,0.08715652553048914,-1.396194618017925,0.14808077870488126,0
141,2024-09-14 19:41:26.824749023,0,003,0.16521221913058143,0.011086320716760707,0.08683634166462123,0.06728111864747434,-0.3310915463223268,0.08567236288318117,-1.312669948117327,0.14591484578215258,0
142,2024-09-14 19:41:26.891108887,0,003,0.18418630307490053,0.00798734245182972,0.06194885758099661,0.06557709190455617,-0.3083230377942503,0.08182238849709156,-1.2066881393376605,0.13627194518549787,0
143,2024-09-14 19:41:26.960333984,0,003,0.20353103606888773,0.004834706573598391,0.03722939363524002,0.06869849468255924,-0.27796485640502283,0.07583338954708428,-1.079957066924401,0.11976253693688181,0
144,2024-09-14 19:41:27.015999023,0,003,0.22259985402727533,0.0017646456645056111,0.014296060334593238,0.07545975822648393,-0.24135366107364384,0.06806310680234103,-0.9333021747440317,0.09735653400139058,0
145,2024-09-14 19:41:27.094345947,0,003,0.2408267325883836,-0.0010970307937467328,-0.00641168838000657,0.08451170149139836,-0.20018551969844928,0.058970743519459176,-0.7672690180734911,0.07035472630551877,0
146,2024-09-14 19:41:27.163621826,0,003,0.257770196596769,-0.003643367295699094,-0.025522867516844024,0.09450937616257593,-0.1564049993293803,0.049080870840260256,-0.5827630134606668,0.04034841493426622,0
147,2024-09-14 19:41:28.107013916,0,003,0.27313865276027816,-0.005795593442527169,-0.044510950404135205,0.10426109853513062,-0.11208069709085455,0.0389452051759329,-0.3815046654852701,0.009151938021461031,0
148,2024-09-14 19:41:28.164413818,0,003,0.28678317147638066,-0.007509969360536315,-0.0654327091420763,0.11283384191683297,-0.06926857797250267,0.029105954042164935,-0.16632330913494553,-0.02129370303734985,0
149,2024-09-14 19:41:28.241377197,0,003,0.2986527568338823,-0.008779013521820644,-0.09061481953318302,0.11961057389311477,-0.029867442571568568,0.0200620486265387,0.05866335320191749,-0.049045388243658124,0
150,2024-09-14 19:41:28.310374023,0,003,0.3087264922407925,-0.009627659100178019,-0.12225167185681529,0.12429782773286165,0.0045231098912934245,0.012237127687305957,0.28809949716112254,-0.0723127278010435,0
151,2024-09-14 19:41:28.378154053,0,003,0.316952719414638,-0.010108500820004059,-0.16194066877904142,0.1268860150920446,0.03272382774443067,0.005950089395650607,0.5158081049315422,-0.08963429613974933,0
152,2024-09-14 19:41:28.441242920,0,003,0.3232193270732175,-0.010298937809772543,-0.21029138091767738,0.12758625629247763,0.054055172905785785,0.0013938791881199233,0.7354951428959748,-0.10004389170886646,0
153,2024-09-14 19:41:28.513709961,0,003,0.32735969186772096,-0.010298814744995183,-0.2667683406142442,0.12677237756041254,0.0683601992237741,-0.0013706866235204838,0.9414507594807268,-0.10318287946745776,0
154,2024-09-14 19:41:29.456610107,0,003,0.3291820457754921,-0.01022502597440052,-0.3297591413061576,0.12492304842830658,0.0759714989029292,-0.002405397868541694,1.1289863442784889,-0.09932502604480026,0
155,2024-09-14 19:41:29.515048096,0,003,0.32850341541606426,-0.010200721868052386,-0.39673356473192783,0.1225402061304994,0.07764404378369713,-0.001877676101448279,1.2945577526522583,-0.089307581979953,0
156,2024-09-14 19:41:29.592120850,0,003,0.3251813992429726,-0.010340612081949621,-0.4644652064407249,0.12005235218717646,0.07448363580544085,-4.554440458064665e-05,1.4356716797397662,-0.07438596738178292,0
157,2024-09-14 19:41:29.654336914,0,003,0.3191517805457711,-0.010737062473063573,-0.5293896181607899,0.11774192229500884,0.06787710020029915,0.0027567744526428126,1.5506629626852284,-0.05603919230527601,0
158,2024-09-14 19:41:29.716559814,0,003,0.31046968517902374,-0.011449848735600373,-0.588079838348025,0.1157191478093246,0.059400961666198605,0.006143616530190107,1.6383899391651815,-0.035761819231443254,0
159,2024-09-14 19:41:29.793438965,0,003,0.2993331699714016,-0.012498510638631876,-0.6377002972981431,0.11393423614518192,0.050689048545261885,0.009718606724410167,1.6978930289484937,-0.014884901781936792,0
160,2024-09-14 19:41:29.863393066,0,003,0.2860681827767826,-0.013856091434733408,-0.6763283742393569,0.1122135255007048,0.04326679498381431,0.013123201197498885,1.7280801171709874,0.005539431422396779,0
161,2024-09-14 19:41:30.806895020,0,003,0.2710650672592081,-0.015444481525307535,-0.703139929154913,0.1103132447486735,0.03837820534993834,0.016079203972095734,1.7275560885057824,0.024769207742614038,0
162,2024-09-14 19:41:30.874708008,0,003,0.25467432930111367,-0.01713107878132651,-0.7185105230411022,0.10799047948233356,0.0368374366645243,0.018415593851177383,1.6947604363119029,0.042316261071294374,0
163,2024-09-14 19:41:30.942519043,0,003,0.23709725096558243,-0.018727371280423295,-0.7240590531060532,0.10508731336624784,0.038942961314051006,0.020074370736363343,1.628498518609923,0.0578277380383679,0
164,2024-09-14 19:41:31.009208008,0,003,0.21832060737607284,-0.019993362945463715,-0.7225850909903135,0.10160675237146166,0.04448442527153161,0.02109421677985422,1.5287550498990714,0.0709535857089266,0
165,2024-09-14 19:41:31.071232178,0,003,0.19812298316490695,-0.020651920369793943,-0.7178100782493642,0.09774816774924536,0.05283777547103782,0.02157843320573641,1.3975322322113874,0.08123973504609704,0
166,2024-09-14 19:41:31.145912109,0,003,0.1761447168728913,-0.020412582922229344,-0.7139137726253749,0.09388516779536737,0.0631120934275359,0.021658635175098456,1.239438181857381,0.08806917850708355,0
167,2024-09-14 19:41:31.209180176,0,003,0.15199442259686527,-0.0190001861578377,-0.7149682083126503,0.09049429856285403,0.07430505798362116,0.02146360807822847,1.0617970307123459,0.0906726122963612,0
168,2024-09-14 19:41:32.132102051,0,003,0.1253638285074803,-0.01618214809626027,-0.7243669160533416,0.08805631243501669,0.08543127734893143,0.02109854747907989,0.8741780798480919,0.0882182417746734,0
169,2024-09-14 19:41:32.199927979,0,003,0.09612436293800308,-0.011788003461072578,-0.7443184372100355,0.08695401649319706,0.09560435310382322,0.02063641592438902,0.6874488216384893,0.0799551516514031,0
170,2024-09-14 19:41:32.257950928,0,003,0.06438064182581595,-0.0057169945490714,-0.7755254268190633,0.08738893381281866,0.10407627133743774,0.02012017112200216,0.5125788137342911,0.06536849901060027,0
171,2024-09-14 19:41:32.334614990,0,003,0.0304673377210576,0.0020647845176172373,-0.8171613468041404,0.08933092292308525,0.11024702108003509,0.019572951387316784,0.35940577782663813,0.04431608409021691,0
172,2024-09-14 19:41:32.403321045,0,003,-0.005101910732364075,0.011531179990628606,-0.867112885700036,0.09250519598454587,0.11365443991130865,0.01901197513618017,0.23555888602385358,0.017121009956043435,0
173,2024-09-14 19:41:32.457747070,0,003,-0.04170280045177875,0.022599337099859975,-0.9223630042424649,0.09642144918987094,0.11395606975361565,0.018460789255420107,0.14573866837112234,-0.015406540530414885,0
174,2024-09-14 19:41:32.534614014,0,003,-0.0786507078501055,0.03512534434311535,-0.9794355241681805,0.10045230076086702,0.11091681031967575,0.017955698202652023,0.09147215794906084,-0.05203055695155517,0
175,2024-09-14 19:41:33.476770020,0,003,-0.11522013222108476,0.0488941655448744,-1.0348541248150966,0.10395016883267598,0.10441388221341673,0.01754520444018471,0.07130899195333311,-0.09121625670602994,0
176,2024-09-14 19:41:33.538448975,0,003,-0.15064890400073763,0.0636119720560686,-1.0855288847552638,0.10636410190815279,0.09446725781663244,0.017283759725811598,0.08130654223686629,-0.1312814840384106,0
177,2024-09-14 19:41:33.616558105,0,003,-0.18415088112430314,0.07890936732164035,-1.1290042239131033,0.107322558288372,0.08128778429857991,0.017222399729795647,0.11563089843443816,-0.17053229049028643,0
178,2024-09-14 19:41:33.678613037,0,003,-0.2149520905448655,0.09435894882541944,-1.163590745318571,0.10667869906286079,0.06531412510888084,0.01739875686088823,0.16719580561179115,-0.20737224666341128,0
179,2024-09-14 19:41:33.740613037,0,003,-0.24235539172006007,0.10950549480698975,-1.1884312545864661,0.1045275802188721,0.047213237181793224,0.017828593562106584,0.22836135228688323,-0.24039600344777193,0
180,2024-09-14 19:41:33.820724854,0,003,-0.26582200969141095,0.12390265012177412,-1.2035209512686935,0.10120089296079114,0.027840441690111052,0.01850214622846543,0.29165483208959003,-0.26846518688410387,0
181,2024-09-14 19:41:33.879551025,0,003,-0.28503764175129925,0.13714630587519347,-1.2096860115504653,0.0972439238387254,0.00816783069110062,0.019388716053854182,0.35036903803054664,-0.2907494003605488,0
182,2024-09-14 19:41:34.831610840,0,003,-0.29993701038713033,0.14889751493186384,-1.2085068111444854,0.09337470561169345,-0.010806004333043448,0.020448852997609485,0.39893349178755294,-0.30672086219044786,0
183,2024-09-14 19:41:34.899918945,0,003,-0.31068716549338493,0.15889568726146627,-1.2021480997871068,0.09042299522104545,-0.02814848178145654,0.021647992941646252,0.4330721544484612,-0.316108605847381,0
184,2024-09-14 19:41:34.955248047,0,003,-0.317638035019666,0.16696576164996169,-1.1930678203189922,0.08925240749381695,-0.043066372800914236,0.022963609934091987,0.44984831518278395,-0.31884198917892376,0
185,2024-09-14 19:41:35.035481934,0,003,-0.32125131052670797,0.17302031036243598,-1.1836234342656817,0.09066644639161164,-0.05493552598440492,0.024381250549941596,0.4477323834925483,-0.31502995380668325,0
186,2024-09-14 19:41:35.103279053,0,003,-0.3220340099485764,0.17705617000820498,-1.1756706811031459,0.09530262122624852,-0.06327726256105454,0.025880986101021092,0.42672563129053914,-0.30499668857988804,0
187,2024-09-14 19:41:35.156104004,0,003,-0.3204972000123372,0.17914520649356505,-1.1703024120045382,0.10354794162082936,-0.06770409899038778,0.027420875032469986,0.38838318265073657,-0.28933189608686566,0
188,2024-09-14 19:41:35.233371094,0,003,-0.31713153415077444,0.17941879629197718,-1.1678153969577094,0.11551837190319862,-0.06787791486851615,0.0289247666863044,0.33555394739545463,-0.26888638538825466,0
189,2024-09-14 19:41:36.177233887,0,003,-0.31238376161786996,0.17804807294638764,-1.1678457126847661,0.13109744282378114,-0.06351221972226291,0.030279353026709144,0.2718377275217815,-0.2446906362703516,0
190,2024-09-14 19:41:36.250236084,0,003,-0.3066298206067904,0.17522463930904864,-1.1695318574909646,0.14998263434749118,-0.054416979233214834,0.03134288853963545,0.20093644193105115,-0.21783749657709228,0
191,2024-09-14 19:41:36.318069824,0,003,-0.30014074681339614,0.17114442568405464,-1.1716431942284757,0.17170303968515369,-0.040557004244518705,0.03196479852796738,0.12610838018318957,-0.18937763965441798,0
192,2024-09-14 19:41:36.385834961,0,003,-0.29303945841433787,0.16599376570392127,-1.172742396214479,0.19561700540104512,-0.022095537681464314,0.032011228939491196,0.04985726887766895,-0.16024043044340264,0
193,2024-09-14 19:41:36.438926025,0,003,-0.2852650349054304,0.15993729325609704,-1.1714379924802598,0.22091676419566122,0.0005823522736996736,0.031390360916418496,-0.026094180417437607,-0.13117865012110497,0
194,2024-09-14 19:41:36.521440918,0,003,-0.27657281250194937,0.1531095859447057,-1.1666295799991608,0.24665190319592806,0.02685552749222705,0.030073076416370657,-0.10056310062940076,-0.10275465678383414,0
195,2024-09-14 19:41:36.589231934,0,003,-0.26658127543183024,0.14561111799942497,-1.157580571026519,0.2717632126775989,0.05586156379788457,0.028104471884234695,-0.17252657320216447,-0.07538892040497963,0
196,2024-09-14 19:41:37.509607910,0,003,-0.25484744788226926,0.13750673664752303,-1.143777428958269,0.2951179837111125,0.08652018070862988,0.02560129628589723,-0.2408309795556993,-0.04945471544145802,0
197,2024-09-14 19:41:37.577419922,0,003,-0.24094261742979892,0.12882713532616202,-1.1246946424990953,0.3155523790441372,0.11759755751553662,0.0227349956845198,-0.3041559402369543,-0.02536170885412475,0
198,2024-09-14 19:41:37.645197998,0,003,-0.22451005500120738,0.11957593199480135,-1.0996298369282054,0.3319332985684569,0.1477988785121428,0.01970617124265375,-0.3611901515903027,-0.0035792595689893045,0
199,2024-09-14 19:41:37.698684814,0,003,-0.20529594512910057,0.10974101034847569,-1.0677244807747845,0.3432455078861154,0.175869689823378,0.016717345737207557,-0.41081562933928056,0.015395871650841938,0
200,2024-09-14 19:41:37.780800049,0,003,-0.18315625171323086,0.09930584966210305,-1.0282040739079648,0.3486957196397471,0.20069873857019802,0.013947623196467746,-0.4521240752760659,0.031085540513335022,0
201,2024-09-14 19:41:37.838736084,0,003,-0.15806061212058675,0.08826016671637588,-0.9807609217939559,0.3478077583551094,0.22142349408181944,0.011529178303467965,-0.4842364755092769,0.04305600495862426,0
202,2024-09-14 19:41:37.916351074,0,003,-0.13011602198692332,0.07661124764256168,-0.9259013189417907,0.3404748946419036,0.23752890695133952,0.009526132847814279,-0.5059946349816469,0.050909030745016945,0
203,2024-09-14 19:41:38.846605957,0,003,-0.09961115425372032,0.06439460140430667,-0.8650802107768811,0.32695125458516755,0.24891091177335187,0.007921685305726987,-0.515627317532835,0.0542411935280059,0
204,2024-09-14 19:41:38.924102051,0,003,-0.06706448602603028,0.05168231219414293,-0.8005646398495037,0.30779493465157276,0.255883593342739,0.00662009093261409,-0.5105446785921938,0.05259954744765272,0
205,2024-09-14 19:41:38.993232910,0,003,-0.033253799489928314,0.03858944949976928,-0.7351079845308196,0.28379298293202393,0.25914009304449376,0.005462131634089545,-0.4874168142882826,0.04547312128001012,0
206,2024-09-14 19:41:39.061029053,0,003,0.0007959797648118861,0.02527797344317101,-0.6715791802892731,0.2558919049630573,0.2596874558436724,0.004247186185709496,-0.4425648872143897,0.032338663166492664,0
207,2024-09-14 19:41:39.128770020,0,003,0.03387261105137317,0.01195691948713905,-0.6126459252043457,0.22514085776085072,0.258759562894085,0.00275845932661344,-0.37253299019900155,0.01274940262305813,0
208,2024-09-14 19:41:39.186928955,0,003,0.0646636268038526,-0.0011210924161437045,-0.5605127412670884,0.1926385508843423,0.2577053955897664,0.0007920097390045866,-0.27464874390866006,-0.01355992663761908,0
209,2024-09-14 19:41:39.263190918,0,003,0.09185117439192467,-0.013668408887121467,-0.5166712032779753,0.15946984076842413,0.2578593350526508,-0.0018115037588496165,-0.14743186913455758,-0.04658137422317515,0
210,2024-09-14 19:41:40.207667969,0,003,0.11422001824019919,-0.025379138220781496,-0.4816799860927474,0.12663333936614676,0.26040656325037187,-0.0051371679028653205,0.009176646985119013,-0.08597709914140025,0
211,2024-09-14 19:41:40.275507080,0,003,0.1307894190381102,-0.035953911424442264,-0.4550574742831428,0.09497738342304578,0.26625668451026246,-0.009174476196088127,0.19367619115059034,-0.13106205788292055,0
212,2024-09-14 19:41:40.336604004,0,003,0.1409504787563858,-0.045126499115929114,-0.43535098232698416,0.06516248961998206,0.2759411487526443,-0.013809362244773088,0.40286348820877016,-0.180814761301675,0
213,2024-09-14 19:41:40.411107910,0,003,0.14455726618487555,-0.052683266667696654,-0.42037364893251544,0.03766040390176441,0.2895503183517906,-0.01883099014320197,0.6317182952997793,-0.2339000694684242,0
214,2024-09-14 19:41:40.478922119,0,003,0.14192241964126806,-0.05846853055141819,-0.40749832648350703,0.012776241060994903,0.30671542748534364,-0.02394988752421128,0.8734462957126412,-0.28869525655124645,0
215,2024-09-14 19:41:40.536416992,0,003,0.13371744981827166,-0.06237685618266942,-0.3938576872512316,-0.00934292009360217,0.32663010629517036,-0.028822227600913804,1.1197645887367376,-0.34332958175478934,0
216,2024-09-14 19:41:40.613138916,0,003,0.12083308543863396,-0.06434249601790168,-0.3764473316814742,-0.028725278358848753,0.3481083151123945,-0.03307713452944387,1.3614316457401916,-0.3957613557029549,0
217,2024-09-14 19:41:41.552339111,0,003,0.10426091432897554,-0.06433714282925583,-0.352294279753094,-0.04558422825840987,0.3696731156386622,-0.036345138744654094,1.5889424517835373,-0.44389537799934337,0
218,2024-09-14 19:41:41.625603027,0,003,0.08502073531907715,-0.06237884128212814,-0.31877058112164813,-0.06029521802305537,0.389655881240562,-0.03828508200034251,1.7932274767656247,-0.4857071482123584,0
219,2024-09-14 19:41:41.693303955,0,003,0.06412485893748865,-0.05854591610084347,-0.27394238460580583,-0.07335425756429817,0.40628779486504646,-0.03860716317741742,1.9662170412968085,-0.5193464555507092,0
220,2024-09-14 19:41:41.752087891,0,003,0.04255467074611105,-0.052985950376482426,-0.21684471050843218,-0.08533456109625102,0.4177839188339002,-0.03709027160904207,2.1012420815640183,-0.5432281025993886,0
221,2024-09-14 19:41:41.828783936,0,003,0.021220725805323862,-0.04591090165179647,-0.1476838785160711,-0.09683215967079162,0.4224254947194857,-0.03359145427415879,2.1933065954086715,-0.5561216772027009,0
222,2024-09-14 19:41:41.896601807,0,003,0.0008955950043080006,-0.03757578943009817,-0.06794713975108677,-0.10839369627602045,0.418648377368596,-0.028049462950922296,2.2393013855629773,-0.5572355629731712,0
223,2024-09-14 19:41:41.953246094,0,003,-0.017859381086164524,-0.0282487000360555,0.01967651305360746,-0.12043973382567023,0.405152792826283,-0.020490413554883458,2.238227316774492,-0.5462895008524085,0
224,2024-09-14 19:41:42.874906006,0,003,-0.03474278296786581,-0.018185071818902852,0.11155893873519658,-0.13319237288770214,0.3810372068027088,-0.011041051861829184,2.191387052071721,-0.5235719972875638,0
225,2024-09-14 19:41:42.937391113,0,003,-0.049725399922815765,-0.0076136253470537,0.20342061421704302,-0.14660254119756275,0.3459320408734386,5.46038633218562e-05,2.102390632293006,-0.4899649038299616,0
226,2024-09-14 19:41:43.018414062,0,003,-0.06302550988891191,0.003266309458237231,0.29056659955752345,-0.16028571493963353,0.3000964082357077,0.01242486338990149,1.9768542153092232,-0.446903010763309,0
227,2024-09-14 19:41:43.086159912,0,003,-0.07504371566092369,0.01427794305009152,0.36820371444831324,-0.17349733992727231,0.24444610813754694,0.02557459173947156,1.8218201667217235,-0.3962500472778817,0
228,2024-09-14 19:41:43.141395020,0,003,-0.0862673360185789,0.025253619545661864,0.43196186311884033,-0.1851795950326426,0.18049993692274685,0.03890847518906841,1.645055514553979,-0.3401186111975532,0
229,2024-09-14 19:41:43.215845947,0,003,-0.09717689408958263,0.036021156609239914,0.47849724842386687,-0.1940912158007895,0.1102613191764493,0.05177126525345447,1.454397854296679,-0.2806973700173205,0
230,2024-09-14 19:41:43.277354980,0,003,-0.10818339305802802,0.04639519889820626,0.505912609025648,-0.19899961133605942,0.03606886020945705,0.06349666610326901,1.2572126047317986,-0.22012558199049367,0
231,2024-09-14 19:41:44.224661133,0,003,-0.11960075970734302,0.05617390324674355,0.5138658049846597,-0.1988854658129041,-0.03956163188248747,0.07345592565281475,1.0599063822737351,-0.16039597599380076,0
232,2024-09-14 19:41:44.286217041,0,003,-0.13164158719936153,0.06513950667884148,0.503452908198217,-0.19311434981380443,-0.11409280536417792,0.08110111790874194,0.8674309790079215,-0.10325046959113898,0
233,2024-09-14 19:41:44.369510009,0,003,-0.1444199343893773,0.07306269427379701,0.476983655703697,-0.1815516707505878,-0.18510090993423678,0.08600097742397467,0.682829374651136,-0.05007621184522134,0
234,2024-09-14 19:41:44.425466064,0,003,-0.157948176448665,0.07971160731206373,0.4376460267884473,-0.16459986153061493,-0.2503729412560876,0.08786810408295494,0.5069724196963143,-0.0018405119988890565,0
235,2024-09-14 19:41:44.504257079,0,003,-0.17212547982996523,0.08486647407725964,0.3890286332367239,-0.14314418024327308,-0.30797518104836796,0.08657756706989815,0.3385867794361467,0.040917524590300125,0
236,2024-09-14 19:41:44.563718018,0,003,-0.18672347173984258,0.08833948540571122,0.33458909933168973,-0.11842593526361482,-0.3563157556633747,0.08217626306848695,0.174592964450202,0.07804747303784963,0
237,2024-09-14 19:41:44.625708008,0,003,-0.2013745120595369,0.08999604250484887,0.2772159332667372,-0.09188053321578744,-0.39419937419804846,0.07487917535697325,0.010766495953382792,0.10970650638802064,0
238,2024-09-14 19:41:45.582300049,0,003,-0.21556747108929497,0.08977106799481109,0.21893223589717137,-0.06496856855115771,-0.4208572716785611,0.06505011826022454,-0.15731163504054338,0.1362389068670621,0
239,2024-09-14 19:41:45.650131836,0,003,-0.22865642849162887,0.08767616875795081,0.16070250193286395,-0.03902081613479351,-0.43595363348919464,0.053170776369138965,-0.33320335694764586,0.1580375872094071,0
240,2024-09-14 19:41:45.705802979,0,003,-0.23988631837545382,0.0837983212210566,0.1023648882148943,-0.015119323645188277,-0.4395794879097541,0.039802601832711906,-0.5187474369726194,0.17542727758928,0
241,2024-09-14 19:41:45.785687012,0,003,-0.24844009052853552,0.07829305997763217,0.042774201399594834,0.005973131351410519,-0.432234616242813,0.025543341261750157,-0.7135779879956825,0.18859724314029783,0
242,2024-09-14 19:41:45.853419922,0,003,-0.2535103803484419,0.07137357699402452,-0.019859327272129166,0.0238458975433278,-0.41479792753237343,0.010983630058840921,-0.9150504435458456,0.1975877372734653,0
243,2024-09-14 19:41:45.920718018,0,003,-0.254386567550252,0.06329614531339636,-0.08760001975149191,0.03846006639461381,-0.38849269061551034,-0.003326520000887913,-1.1184825957655977,0.20232493504202087,0
244,2024-09-14 19:41:45.983632080,0,003,-0.2505358537929662,0.05434351246404842,-0.1625563617380964,0.050169196026744814,-0.3548449593924555,-0.016896888675837666,-1.3175991251489056,0.20269576966260436,0
245,2024-09-14 19:41:46.932004883,0,003,-0.24166178770245358,0.04480825599104798,-0.2468219491565677,0.05972553046818686,-0.31562258887721373,-0.02930704070016241,-1.505112201406932,0.1986457848469731,0
246,2024-09-14 19:41:46.996989990,0,003,-0.22774075696659185,0.03497724110153215,-0.342469301133194,0.06823231256900494,-0.27274323645431414,-0.04021465616419647,-1.673376562059055,0.19026942138491404,0
247,2024-09-14 19:41:47.059062012,0,003,-0.20904359064467748,0.025117907009347986,-0.4514182624040813,0.07701571602163154,-0.228152431339142,-0.04936473104965752,-1.8149898499329502,0.17785275036582546,0
248,2024-09-14 19:41:47.135402832,0,003,-0.18613907586442538,0.015466818052785377,-0.5750513243076129,0.08742811632525012,-0.18369323790846034,-0.05659770808818993,-1.923245682260804,0.16184918066445725,0
249,2024-09-14 19:41:47.197443115,0,003,-0.1598697849380015,0.006221139867082083,-0.7136019410305756,0.10062538289866058,-0.14100474754072578,-0.06185281213279575,-1.9925023427678423,0.1428099965518354,0
250,2024-09-14 19:41:47.271001953,0,003,-0.1312958745336774,-0.0024657828778477477,-0.8655421362990734,0.11737451590281649,-0.1014761002325017,-0.06516249756953932,-2.018547960587754,0.12130573436883425,0
251,2024-09-14 19:41:47.336721924,0,003,-0.10160726259177555,-0.010485126523417614,-1.027273095321354,0.13793633686165924,-0.066244831382515,-0.06663727864246304,-1.9989234327687144,0.09786223650986209,0
252,2024-09-14 19:41:48.281997070,0,003,-0.0720148644813225,-0.017772063982397616,-1.1932580140565692,0.162033174880911,-0.03620246022037464,-0.06644563973097588,-1.9331303267697308,0.07293240761676943,0
253,2024-09-14 19:41:48.346613037,0,003,-0.043646851185680985,-0.02430499928630144,-1.3564785046764365,0.18888237102771185,-0.011983396238153582,-0.06479551018418724,-1.8227073682578612,0.04691629521021635,0
254,2024-09-14 19:41:48.408642090,0,003,-0.017473271424738916,-0.03010213790023956,-1.5089860044760381,0.2172694069529147,0.0060647169447215574,-0.06192207727571322,-1.671184771113675,0.020207849175158787,0
255,2024-09-14 19:41:48.485398926,0,003,0.005731534916396729,-0.0352125643442046,-1.6423888254814176,0.2456434229760777,0.01792362618677396,-0.05808337258565314,-1.4839092591413297,-0.006771613602808814,0
256,2024-09-14 19:41:48.553187988,0,003,0.025386074147822853,-0.03970179391212322,-1.7482360579330734,0.2722288673638666,0.023942425800797845,-0.053559824839121216,-1.267728319502953,-0.033565863169967215,0
257,2024-09-14 19:41:48.609304932,0,003,0.04106753140819342,-0.0436353727605855,-1.8183649099617958,0.29515074731185426,0.02483893489176155,-0.04865040549516477,-1.0305463366749161,-0.05968768307456936,0
258,2024-09-14 19:41:48.686992920,0,003,0.05247395036692946,-0.04706652046918562,-1.8453513384195979,0.31257819721925084,0.02164491550813131,-0.04366057865070197,-0.7807865888354584,-0.08463238895419707,0
259,2024-09-14 19:41:49.606197998,0,003,0.05941171665734395,-0.05003211899827015,-1.823165335137952,0.3228970682343295,0.015604206939677182,-0.038883274764119735,-0.5268049964059743,-0.10791515298894135,0
260,2024-09-14 19:41:49.668582031,0,003,0.061818338720766225,-0.052556237259707386,-1.7479598816733157,0.32489905228904864,0.008046905879467093,-0.03457771675296885,-0.27633645183668143,-0.12912871106756113,0
261,2024-09-14 19:41:49.730648926,0,003,0.059811324353520816,-0.054657971641244446,-1.6187413069674812,0.3179345606635853,0.0002690623622953192,-0.0309521569260824,-0.036088033919011345,-0.1479963185908687,0
262,2024-09-14 19:41:49.810432861,0,003,0.053739525089171944,-0.05636157329816067,-1.437621543448108,0.30196619403401587,-0.006548424237504084,-0.028156842023510834,0.18845395585101413,-0.16440465185024056,0
263,2024-09-14 19:41:49.878220947,0,003,0.04420252358280132,-0.05770624112473014,-1.2095237509153827,0.27749900849047615,-0.01137096291976729,-0.026289070137974848,0.3930389977740639,-0.17842196258036538,0
264,2024-09-14 19:41:49.931022949,0,003,0.032016245900732536,-0.058751204315873426,-0.9415174369216758,0.2454273272784116,-0.013322678944093854,-0.02540349230218297,0.5745624626668023,-0.19030517674625017,0
265,2024-09-14 19:41:50.008243896,0,003,0.018140144743635404,-0.05957365221236594,-0.642111377256616,0.20687085734010274,-0.011724373200343235,-0.025517094063690744,0.7309035865794224,-0.20048372916962762,0
266,2024-09-14 19:41:50.957250977,0,003,0.003598976850145088,-0.060260991000467085,-0.32068964010692097,0.1630448779853097,-0.006168720728931566,-0.026603818254852717,0.860713027355303,-0.20950803087908582,0
267,2024-09-14 19:41:51.025101807,0,003,-0.010588828685614919,-0.06089985407046107,0.012948038083513807,0.11516273464535423,0.003398919549322387,-0.028581940315655332,0.9632245515426247,-0.21797585591326848,0
268,2024-09-14 19:41:51.087193848,0,003,-0.02348421731437569,-0.06156329042691576,0.3490443018940531,0.0643578065347235,0.01663778927570698,-0.03130189057433925,1.038184423152746,-0.2264686833516924,0
269,2024-09-14 19:41:51.149214111,0,003,-0.03430619606636345,-0.062297204229895355,0.6783703832896312,0.01162257044357256,0.03283158201863103,-0.03454329759936537,1.0859085075771862,-0.2355116303951594,0
270,2024-09-14 19:41:51.228418213,0,003,-0.04251346149410059,-0.06310586179800994,0.9926940666383991,-0.042236128760007756,0.05097334661824437,-0.03802790855501517,1.1073645693141738,-0.2455386656906515,0
271,2024-09-14 19:41:51.287422119,0,003,-0.0478760847953307,-0.06393716471809424,1.2851588127879112,-0.09662282799593028,0.06989928288671803,-0.04144852077068321,1.1041549064684018,-0.25683821124831935,0
272,2024-09-14 19:41:51.348998047,0,003,-0.05050469036499868,-0.06467466854374539,1.5505126674360667,-0.15114356890452033,0.08843510644902144,-0.044506324969556345,1.0783735213540824,-0.2694776195767393,0
273,2024-09-14 19:41:52.294908936,0,003,-0.05081384747955952,-0.06514421159899564,1.785144215427343,-0.20554001052187784,0.10551568434080354,-0.046946631319369256,1.032432938114316,-0.28323867051624313,0
274,2024-09-14 19:41:52.374989014,0,003,-0.049443166062937666,-0.06513219586738138,1.986928101142114,-0.2595711591598632,0.1202636295635545,-0.04858655663657004,0.9689718467286849,-0.29760753781371146,0
275,2024-09-14 19:41:52.434437012,0,003,-0.047181206822534426,-0.06440505325305582,2.15494448225156,-0.3128859144507129,0.13204136230550798,-0.049332917962104726,0.8908696108170081,-0.3118342520648923,0
276,2024-09-14 19:41:52.511120117,0,003,-0.04490683770384756,-0.06272541008238895,2.2891556666068418,-0.3649419075125168,0.14049887661774121,-0.04919177197683806,0.8013273018464508,-0.32504328624487744,0
277,2024-09-14 19:41:52.572753906,0,003,-0.04352543701402289,-0.059869288531713936,2.3901158370930515,-0.41499474578268003,0.14562439732091914,-0.048271684117868585,0.7039773892361765,-0.33637381426760515,0
278,2024-09-14 19:41:52.634833008,0,003,-0.04387320820228646,-0.05564984769349441,2.458795537984865,-0.46214530931111764,0.14777819363396938,-0.0467794707842056,0.6029618511673619,-0.3451283223090831,0
279,2024-09-14 19:41:52.715787842,0,003,-0.046590731122249256,-0.04994819371020305,2.4965515650829877,-0.5054159803316235,0.1476722617295054,-0.04500419897322672,0.5028606316758294,-0.3508908237897716,0
280,2024-09-14 19:41:53.632291016,0,003,-0.05199753668785732,-0.04274575578010494,2.5051427076133814,-0.5438207833925939,0.1462748241721207,-0.04328779436474559,0.4083870942186443,-0.35357537465897027,0
281,2024-09-14 19:41:53.693485107,0,003,-0.0600079663664475,-0.03414899097829718,2.486635350964454,-0.5764032733522175,0.14466212035723414,-0.041985321560892463,0.3238715771097709,-0.3533907233855535,0
282,2024-09-14 19:41:53.754586914,0,003,-0.07012096917753854,-0.024397504959096934,2.443169182651721,-0.6022430397678441,0.14386620684575405,-0.04142075470883427,0.25261896874733375,-0.3507327915689795,0
283,2024-09-14 19:41:53.835810791,0,003,-0.08150003877466139,-0.013851062708880632,2.3767284672656994,-0.6204555487792456,0.1447513558125654,-0.041845689053459985,0.19628942837494567,-0.3460422075587177,0
284,2024-09-14 19:41:53.903645996,0,003,-0.09312278708878917,-0.0029582232912979765,2.289075516730684,-0.6302124121545204,0.14792726955873536,-0.04340846684071134,0.15450826741771487,-0.33968024096351834,0
285,2024-09-14 19:41:53.971436035,0,003,-0.10393764786537714,0.007783310610271746,2.181842177723915,-0.6307932149424216,0.1537080727727941,-0.04613891277884799,0.12486950795852175,-0.3318643648130965,0
286,2024-09-14 19:41:54.039221924,0,003,-0.11296784142179717,0.017863207087709037,2.056639628027293,-0.6216604096698319,0.1621265599787418,-0.04995102564794251,0.10339375459172244,-0.322680335989045,0
287,2024-09-14 19:41:54.977125000,0,003,-0.11935775023014694,0.026788518553169337,1.9150868272802266,-0.6025416876523039,0.17298800166717154,-0.054661615533372364,0.0853825063286822,-0.3121643210062386,0
288,2024-09-14 19:41:55.039196045,0,003,-0.12240111249667994,0.03411262277346986,1.7588088408303655,-0.5735128473509639,0.1859280222076274,-0.060016334248537966,0.06644893259790803,-0.30041820596410207,0
289,2024-09-14 19:41:55.118270996,0,003,-0.12158012723895745,0.03946689288143537,1.5895217753763973,-0.5350774716593413,0.20045574682011882,-0.06571275288519317,0.04337384280999418,-0.2876965858800341,0
290,2024-09-14 19:41:55.185939941,0,003,-0.11660900210180905,0.042590441572487855,1.4092185062657323,-0.4882229338025536,0.21599198622806182,-0.0714179213377166,0.014472880645153681,-0.27440986222473396,0
291,2024-09-14 19:41:55.253873047,0,003,-0.10745550699462507,0.043349901188261,1.220346730109096,-0.43442178393992176,0.23191461062398747,-0.07678593993654781,-0.020613587458156717,-0.26103006993677175,0
292,2024-09-14 19:41:55.321679199,0,003,-0.09431693271862064,0.0417442951810866,1.0258851838207566,-0.3755707564554197,0.24760396951827301,-0.08147929309534221,-0.06150251417532481,-0.24794261368379777,0
293,2024-09-14 19:41:55.389482910,0,003,-0.07754903755992908,0.037893342404120935,0.8293150031191119,-0.3138936912766217,0.2624683891289065,-0.08519067498111264,-0.10764571148209084,-0.23531566043515276,0
294,2024-09-14 19:41:56.327207031,0,003,-0.057578453366351263,0.03201125145322948,0.6345265092399675,-0.25183943883753657,0.275937305555258,-0.08765940950805728,-0.1586021553598276,-0.22303956122095758,0
295,2024-09-14 19:41:56.394431885,0,003,-0.03484054331104476,0.024373714973282425,0.44568879868490907,-0.19197864479325646,0.2874333610668476,-0.08867932672345819,-0.21395693983503808,-0.2107497363667117,0
296,2024-09-14 19:41:56.467439941,0,003,-0.009758972376760202,0.01528706209494356,0.26707358877561904,-0.13687739022763457,0.29635126089735975,-0.08809851735661714,-0.2730666853418632,-0.19792023602257178,0
297,2024-09-14 19:41:56.530050049,0,003,0.017250981475186732,0.005062838161545452,0.10280584168222463,-0.08892918090352157,0.30205983087957883,-0.08581353417742954,-0.3348406327224201,-0.18400175888529038,0
298,2024-09-14 19:41:56.592087891,0,003,0.04577800518292533,-0.006002226072629408,-0.0434438695893806,-0.05015684095540475,0.30392458110456666,-0.08176196144090389,-0.39761908143922414,-0.1685643432704912,0
299,2024-09-14 19:41:56.669261963,0,003,0.07541056750411455,-0.017637775283614824,-0.16875817369580562,-0.022026015785237784,0.30134986184951074,-0.07591792243371026,-0.45912283147894734,-0.15139268157066046,0
300,2024-09-14 19:41:56.738890869,0,003,0.10572308309098798,-0.029599960539505924,-0.2712161749999781,-0.0053147946485609015,0.293847886765242,-0.06829428550360027,-0.5165206718575752,-0.13249627097657665,0
301,2024-09-14 19:41:57.677921143,0,003,0.1362557925678345,-0.041663868871049274,-0.3500862466543032,-5.7946531213447786e-05,0.28113034636707496,-0.05895184668435426,-0.5666943491809111,-0.11204775810122367,0
302,2024-09-14 19:41:57.749835938,0,003,0.16650741955012555,-0.053615618646066995,-0.40596651787598304,-0.005557814444259633,0.2631958550975262,-0.04801008710934858,-0.6066522527725906,-0.09030539829057384,0
303,2024-09-14 19:41:57.802885010,0,003,0.19595347192279916,-0.06524755446622889,-0.44079351569681896,-0.020451910693132475,0.2403751637023082,-0.03565158488295401,-0.6338991964615123,-0.06756990800398073,0
304,2024-09-14 19:41:57.880204834,0,003,0.22407724902744902,-0.07635456267858357,-0.457589504266111,-0.042840187027614586,0.21330718883513933,-0.02211679049025085,-0.6465802597603776,-0.04419594333815357,0
305,2024-09-14 19:41:57.942691162,0,003,0.25038753794893676,-0.08672950113236098,-0.459926277877223,-0.07047146116780086,0.1828528494120322,-0.00769225317493029,-0.6433950889462094,-0.02065087473323489,0
306,2024-09-14 19:41:58.020503905,0,003,0.27441563203444064,-0.09616053809428769,-0.45128469287166106,-0.10096254746879899,0.14998860245577145,0.007302863297881505,-0.6234402878042539,0.0024124565525967022,0
307,2024-09-14 19:41:58.082541992,0,003,0.29570388352786187,-0.10443503000988007,-0.43457573205682004,-0.1320016491988545,0.11572699796510252,0.022528129619349052,-0.5861193172502034,0.024114293392154595,0
308,2024-09-14 19:41:59.024322998,0,003,0.3137943083083122,-0.11135010043241923,-0.412006372311225,-0.16148922149569475,0.08108393919964788,0.03762926947600463,-0.5311562103306888,0.043369829009148084,0
309,2024-09-14 19:41:59.086704102,0,003,0.32822294880285985,-0.11672594769328577,-0.3852865703249107,-0.1875999460988907,0.04707743394245866,0.05224392464887195,-0.4586949322433858,0.05898229777522638,0
310,2024-09-14 19:41:59.168423828,0,003,0.33853489847548884,-0.12041890095676279,-0.35594847546037933,-0.20879707178595885,0.01472716915817874,0.06601015781952423,-0.3694580324802323,0.06979368054247466,0
311,2024-09-14 19:41:59.236232910,0,003,0.34432936832718525,-0.12233337061152276,-0.3254952766876844,-0.2238519316277516,-0.014965884737852656,0.07857941568173922,-0.2649481917656293,0.07486338801086291,0
312,2024-09-14 19:41:59.302921143,0,003,0.3453187646442633,-0.12243052766185654,-0.29534940330407766,-0.23188707175100676,-0.041058669121209555,0.08963237617993502,-0.14764790377355017,0.07363387240678498,0
313,2024-09-14 19:41:59.365407959,0,003,0.3413717973729196,-0.12072954641831213,-0.2668006522870184,-0.23241274492228053,-0.06271122055830608,0.09889590288120491,-0.02110481567221273,0.06603528674281381,0
314,2024-09-14 19:41:59.427488037,0,003,0.3325254891134028,-0.1172999682100206,-0.2410478293592837,-0.22532400554907098,-0.07923339073095897,0.10616098149644931,0.11019368328376922,0.052493821623402964,0
315,2024-09-14 19:42:00.356827881,0,003,0.31897255737735924,-0.11224852350451615,-0.21924962887467808,-0.21085885594644732,-0.09013948082397889,0.11130241144056478,0.24114947618015112,0.03384910192476998,0
316,2024-09-14 19:42:00.424667969,0,003,0.30103445612263424,-0.105704130563305,-0.202545195006277,-0.1895398314429163,-0.0952146065500678,0.11430047178354291,0.36651981352985613,0.011225826808708884,0
317,2024-09-14 19:42:00.492448975,0,003,0.2791248410435326,-0.0978030586468608,-0.19208144864636995,-0.16211956703634978,-0.09458617437812017,0.11526228984785679,0.4814616096425846,-0.014095198128909444,0
318,2024-09-14 19:42:00.560211914,0,003,0.25370942637776767,-0.08867738739391907,-0.18902678407656032,-0.12953459710625817,-0.0887833446670645,0.11443630851575386,0.5820668431109519,-0.04079019812322914,0
319,2024-09-14 19:42:00.627963135,0,003,0.22527180402368446,-0.07845048476339675,-0.1945228740008955,-0.092854999270886,-0.07876279205106532,0.11221145163317169,0.665708534335515,-0.06758222420677365,0
320,2024-09-14 19:42:00.682860107,0,003,0.19429232762318963,-0.06723906076705151,-0.20961539053750683,-0.05321782342908775,-0.06588698440037846,0.10909710938817262,0.7310382498483158,-0.0932896205354952,0
321,2024-09-14 19:42:00.763577881,0,003,0.16123968173501796,-0.055157385641882745,-0.23524229884065026,-0.011750706189964119,-0.05184948934669131,0.10568593913693056,0.7776837594123311,-0.11682744707244565,0
322,2024-09-14 19:42:01.695287109,0,003,0.12656876479060183,-0.04232102214211105,-0.272251246352182,0.03049087462782701,-0.03854122888933882,0.10260286991734527,0.8058231424661123,-0.1371854994900126,0
323,2024-09-14 19:42:01.763098877,0,003,0.09071998941785704,-0.028850732723344277,-0.32132700517627977,0.0725528929738359,-0.02786535011589735,0.10044508316000925,0.8157638712618821,-0.15341798369230938,0
324,2024-09-14 19:42:01.827922119,0,003,0.054122682673455116,-0.014877578849653223,-0.3827824175226402,0.11357637572904776,-0.02153658071086231,0.09972263309417109,0.8076461014779115,-0.16466781352606055,0
325,2024-09-14 19:42:01.890879883,0,003,0.017210022409902895,-0.0005502714684441754,-0.4562945788391007,0.1527638427234398,-0.020906609830741642,0.10081068967258006,0.7814000466693064,-0.17022278208197994,0
326,2024-09-14 19:42:01.953221191,0,003,-0.01955465896443568,0.013954955468039452,-0.5406711307643748,0.1893309843368764,-0.026839177785819405,0.10391935579276651,0.7369624264249596,-0.1695789483309465,0
327,2024-09-14 19:42:02.030867188,0,003,-0.055654005393999034,0.028426072040664826,-0.6336594120058654,0.22246295276699446,-0.03964204670837997,0.10908254056179295,0.6746129916606142,-0.16248592270072407,0
328,2024-09-14 19:42:02.093352051,0,003,-0.09050629648375744,0.042614705249345804,-0.7318358094582975,0.25129978256201435,-0.05905029709988091,0.11616524621402075,0.5952543175946194,-0.148960026248448,0
329,2024-09-14 19:42:03.054177979,0,003,-0.1234627841592594,0.0562444033730204,-0.8306838162183365,0.27496721272603436,-0.08424764426805814,0.12488522915722895,0.5004837728166781,-0.12926167257693144,0
330,2024-09-14 19:42:03.124885986,0,003,-0.15380747444794707,0.06902472888911988,-0.9249239312846294,0.292648300964404,-0.11391881214725304,0.13484313101254963,0.3924201225432711,-0.10384872258026855,0
331,2024-09-14 19:42:03.192665039,0,003,-0.1807752460177902,0.08067054543464117,-1.0090463080539778,0.30367560073797306,-0.1463373742743395,0.14555773744770847,0.2734270824408112,-0.07333170554968474,0
332,2024-09-14 19:42:03.255187988,0,003,-0.20360891945147308,0.09092672303210339,-1.0779335289322622,0.30762410809653973,-0.1794927030929932,0.1565045035713646,0.14594262804598607,-0.038452883547496895,0
333,2024-09-14 19:42:03.328207031,0,003,-0.22165058376655958,0.09959363295320106,-1.1274175503809971,0.30438816257591855,-0.21125447563993704,0.16715442241633785,0.01254693687927413,-9.721362546490072e-05,0
334,2024-09-14 19:42:03.396008057,0,003,-0.23443732814467969,0.106546613366011,-1.1546100207246532,0.2942216423113568,-0.23956937717112375,0.17701095924280713,-0.12370793454596082,0.040668990984193375,0
335,2024-09-14 19:42:03.463758057,0,003,-0.2417666065159126,0.1117454895642998,-1.1579538078390401,0.2777217292901315,-0.2626596773754464,0.1856418672601038,-0.258845899018584,0.08255564394411474,0
336,2024-09-14 19:42:04.406825928,0,003,-0.2437054774115351,0.1152307340258897,-1.1370854467051796,0.25575594869129514,-0.27916509085390195,0.19269941972356036,-0.38768903058154186,0.1240441438875833,0
337,2024-09-14 19:42:04.474664062,0,003,-0.24053992368560898,0.11710260157714387,-1.0926423374710814,0.22936246149530434,-0.28819551399954574,0.19792586491670042,-0.503976940502075,0.16344782826511575,0
338,2024-09-14 19:42:04.527204102,0,003,-0.23268674625548083,0.11748579712808573,-1.0260866436307445,0.19966255064693916,-0.289319471861246,0.2011489078325855,-0.6008118261059329,0.19902575728342192,0
339,2024-09-14 19:42:04.605343018,0,003,-0.22059910445393308,0.1164906273888848,-0.9395599518129399,0.16780389056891765,-0.28252415538469855,0.20227290723347674,-0.6711802809065156,0.22911273536025026,0
340,2024-09-14 19:42:04.677951904,0,003,-0.20469027152055422,0.11418341690611775,-0.8358044151352325,0.1349322691819975,-0.2681578730787868,0.20126743510261164,-0.7084425857138354,0.25223776652695745,0
341,2024-09-14 19:42:04.745738037,0,003,-0.18529133267529568,0.11057343613966349,-0.7181642066444108,0.10217272203214503,-0.24686272551838934,0.19815578181118493,-0.7068880902287777,0.26721895516004385,0
342,2024-09-14 19:42:04.807089111,0,003,-0.16264244760653288,0.10561528313117226,-0.5905526522040548,0.0705858308081917,-0.219514680268874,0.19300813513355236,-0.6624163425209031,0.27322246884641027,0
343,2024-09-14 19:42:05.731976074,0,003,-0.13690314265610048,0.0992204430254789,-0.45724564538389995,0.0410830354794659,-0.18717584039497343,0.18593968550692827,-0.5732132574807691,0.26978319140668683,0
344,2024-09-14 19:42:05.795592041,0,003,-0.10817168873059416,0.09127304084794546,-0.3225160286079549,0.014332555725787312,-0.15104585562114864,0.17710850891290927,-0.44022502523579804,0.2568088987445168,0
345,2024-09-14 19:42:05.867770996,0,003,-0.07651030608445299,0.08164865095690127,-0.19023638696859424,-0.00929791513187214,-0.11240141667678168,0.1667090120576779,-0.2673480190411935,0.23459293292240221,0
346,2024-09-14 19:42:05.928457031,0,003,-0.04197019434016956,0.07023583821328194,-0.06356201696731563,-0.029749251569381917,-0.07252704323868123,0.15496020943346178,-0.06140605640954214,0.2038459895851386,0
347,2024-09-14 19:42:05.990063964,0,003,-0.004618198979610068,0.05695886581604168,0.05521867880446369,-0.04724264727931814,-0.03264948693660854,0.1420911814324993,0.16799203258878379,0.16574315380026516,0
348,2024-09-14 19:42:06.067322021,0,003,0.035422735619077,0.0417991632895647,0.16460411759805577,-0.06222253606879361,0.006118976052368558,0.12832913654647263,0.40875546330550705,0.12195601712537223,0
349,2024-09-14 19:42:06.138951172,0,003,0.07792106006813222,0.024812406083054298,0.26360460675125047,-0.07527361127702202,0.042834833613526316,0.11389418556271386,0.6469323208977178,0.0746170770765673,0
350,2024-09-14 19:42:07.067570068,0,003,0.12248913751321243,0.006139001842549635,0.35142196230247735,-0.08702449365161415,0.07677240834211271,0.09899874976278726,0.8677303172060417,0.02618427297718082,0
351,2024-09-14 19:42:07.150000977,0,003,0.16854710919219087,-0.013990820355306346,0.42726210199579956,-0.09806027205758167,0.10745053074893993,0.08384572705372322,1.056792435758362,-0.020772283798504706,0
352,2024-09-14 19:42:07.217818115,0,003,0.2152974682227421,-0.03525526701480288,0.4903773121589141,-0.10886470342358974,0.13463291137116673,0.06862122083294668,1.2014107318527123,-0.06380208730002149,0
353,2024-09-14 19:42:07.285629150,0,003,0.2617242372925493,-0.057244374037572904,0.5402893386871012,-0.11979557742321573,0.1583174688385585,0.05348201621746174,1.291433020746312,-0.10077501494107331,0
354,2024-09-14 19:42:07.349502197,0,003,0.3066287837812709,-0.07947198308871169,0.577051953176572,-0.13107909877899526,0.1787208583762894,0.03854313466504353,1.319867162036424,-0.13003585963704886,0
355,2024-09-14 19:42:07.420698975,0,003,0.348690287696528,-0.10139591722233134,0.6014592411166226,-0.14281327026121898,0.19624602238635447,0.023873613102842757,1.2833021712504362,-0.15050707881208464,0
356,2024-09-14 19:42:07.483436035,0,003,0.38653605790001705,-0.12244349660872537,0.6151850663496563,-0.1549801397626582,0.21142311588932364,0.009504301440584558,1.1821588293220098,-0.16172646521218534,0
357,2024-09-14 19:42:08.424902100,0,003,0.418820676949113,-0.1420403182465875,0.6208149669710088,-0.16746034585882816,0.22482852841015583,-0.004556822795929589,1.0207177673000958,-0.16382763669720712,0
358,2024-09-14 19:42:08.486951904,0,003,0.4443056277576359,-0.1596387415392894,0.6217062913303765,-0.18004211043895524,0.23699385428346614,-0.018308675047821247,0.8069084638309914,-0.15749253991073556,0
359,2024-09-14 19:42:08.564766113,0,003,0.46192216458505375,-0.17474170390678648,0.6216952070450892,-0.19243249318181335,0.24831587456775048,-0.03174286727594153,0.5518209684568792,-0.14387959960642174,0
360,2024-09-14 19:42:08.637166016,0,003,0.4708184499483331,-0.18692232150880406,0.6247412072623428,-0.20428247955346904,0.2589735321777236,-0.04483076062682869,0.26891285951435145,-0.12451042309351454,0
361,2024-09-14 19:42:08.703947021,0,003,0.4704062845441339,-0.19584263939130278,0.63457378375704,-0.21522507856512113,0.2688576701030317,-0.057512297486199085,-0.026976619000740724,-0.10112453933040602,0
362,2024-09-14 19:42:08.765158936,0,003,0.46041125778239855,-0.2012702561917126,0.6543606083391638,-0.22491889717781824,0.27753398060559226,-0.06968865887111496,-0.32062639045583624,-0.07553122199683676,0
363,2024-09-14 19:42:08.827219971,0,003,0.4409179840438626,-0.20308769235041768,0.6863995474255175,-0.23308684295980733,0.2842701677420934,-0.08122102986288439,-0.5973628776313221,-0.049470592544174505,0
364,2024-09-14 19:42:09.781400879,0,003,0.41239840421802837,-0.2012922136342951,0.7318457318258327,-0.23954005994079536,0.2881383582190847,-0.09193705162435657,-0.8439005191876624,-0.024483407222430094,0
365,2024-09-14 19:42:09.843943115,0,003,0.3757067349034349,-0.195987519804807,0.7905232282134032,-0.2441879138944781,0.2881707871165786,-0.10164507786313189,-1.0490501196524933,-0.0017976003980282498,0
366,2024-09-14 19:42:09.906428955,0,003,0.33202956033487835,-0.18736900643914642,0.8608817726069982,-0.2470393758652049,0.28352999669177825,-0.11015307707487906,-1.204251800762717,0.01775048159130831,0
367,2024-09-14 19:42:09.983092041,0,003,0.2827988609332455,-0.17570479988356472,0.9400983622069047,-0.24819091771774068,0.2736489584682986,-0.11728443528011163,-1.3039213813233355,0.03374507858594465,0
368,2024-09-14 19:42:10.052632080,0,003,0.2295909797562175,-0.1613166907520886,1.02425613108609,-0.24779045404352665,0.25829981551314146,-0.12288272132876947,-1.3456220111096953,0.04617505921034415,0
369,2024-09-14 19:42:10.106699951,0,003,0.1740342336693431,-0.14456497998636048,1.1085335572921133,-0.24597799054165048,0.23757841571169508,-0.12680459188152793,-1.3301214355644317,0.055398971310482555,0
370,2024-09-14 19:42:10.188227051,0,003,0.11773784542954356,-0.1258386057378972,1.1874261201522405,-0.24282708141081744,0.21183437764278282,-0.12890860111356273,-1.2613820279468018,0.06210168094860737,0
371,2024-09-14 19:42:11.132420898,0,003,0.062238439418051295,-0.10554854925305968,1.2551357738940634,-0.2383331692546048,0.1815957898804622,-0.12905094708980278,-1.1463626194455894,0.06721020798391918,0
372,2024-09-14 19:42:11.200247070,0,003,0.008947871599665458,-0.08412018953973906,1.3062239719016355,-0.2324822547889216,0.14751924077684264,-0.12709508692441168,-0.9944464248900845,0.07173995084534662,0
373,2024-09-14 19:42:11.268083008,0,003,-0.04090393181060539,-0.061981769943375745,1.3364074376608908,-0.22537356308995193,0.11036582619741024,-0.12293391036485679,-0.8165449062050091,0.07660910480868882,0
374,2024-09-14 19:42:11.328967041,0,003,-0.08631783411120621,-0.03955009433046601,1.3432431199956503,-0.21732076530162064,0.07099095015541096,-0.11651734128799925,-0.6241240381091282,0.08249679379868537,0
375,2024-09-14 19:42:11.390095947,0,003,-0.12655366220850792,-0.01721596228035223,1.3265057334769512,-0.20886987924319145,0.03033847027803448,-0.10787735658461713,-0.42829263038139964,0.08977838396186341,0
376,2024-09-14 19:42:11.466842041,0,003,-0.16113978814783206,0.0046688499599264926,1.288134875269286,-0.2007178696093893,-0.010566723369055939,-0.09714352225887878,-0.2389606195555415,0.0985197588374258,0
377,2024-09-14 19:42:11.528446045,0,003,-0.18986437754857188,0.025799866062346417,1.2317074893621414,-0.19355610207579452,-0.050632389116945925,-0.08454459590883223,-0.06413944187843111,0.10850928797344175,0
378,2024-09-14 19:42:12.482409912,0,003,-0.21273535162207657,0.04591872088034373,1.1615950982307428,-0.18789894922234263,-0.08872011929326935,-0.07039727947711893,0.09048191080582169,0.11931979123786869,0
379,2024-09-14 19:42:12.536562012,0,003,-0.22990639739087707,0.06480215934465591,1.0821490754919074,-0.18397071705860224,-0.12367125655362567,-0.05508829728401534,0.22162655775687612,0.13039272455343054,0
380,2024-09-14 19:42:12.618093994,0,003,-0.24159794174034607,0.08224859642306911,0.9971708838367072,-0.1816810824483142,-0.15433577819976071,-0.039055406698657,0.3281909293144394,0.14113730122629986,0
381,2024-09-14 19:42:12.685854980,0,003,-0.2480511007668892,0.09807106773746868,0.909670945711642,-0.18065612845040288,-0.17960542586913356,-0.0227694067925472,0.4107087224908542,0.1510366426273466,0
382,2024-09-14 19:42:12.753672119,0,003,-0.24952695379919224,0.11209916293847018,0.8218180300393436,-0.1802842599243152,-0.19845355027401812,-0.006717144544784825,0.47065765889874145,0.15973873559849916,0
383,2024-09-14 19:42:12.821553955,0,003,-0.2463334370150656,0.12418573516524724,0.73502822096945,-0.17977432689757694,-0.20998687309515598,0.008616299557786311,0.5098482282021278,0.16710549067617944,0
384,2024-09-14 19:42:12.874749023,0,003,-0.23885031549204266,0.13421196355837675,0.6501234128760873,-0.17823040345405844,-0.21351037170783718,0.02276800259023199,0.530045217329933,0.17321482910287317,0
385,2024-09-14 19:42:13.828731934,0,003,-0.22753399551034534,0.14208767392681115,0.5674544824686489,-0.17472561646340895,-0.2085893780328601,0.03531738926979604,0.5327944042610483,0.1783310295180811,0
386,2024-09-14 19:42:13.901155029,0,003,-0.21290996458372385,0.14774984286243265,0.48697098875421624,-0.16836829980718554,-0.1950901701309125,0.04590199966000877,0.5193660501461671,0.18286185834434712,0
387,2024-09-14 19:42:13.968032959,0,003,-0.19557264601611893,0.15116458499074747,0.4083133583048568,-0.15838078950677692,-0.17320461642559198,0.05423071794611437,0.4907633950928384,0.187319601172518,0
388,2024-09-14 19:42:14.036700928,0,003,-0.17619510720258627,0.1523336820951214,0.33097472539172385,-0.14419332684605932,-0.14347779385715909,0.06009959380223215,0.44775366116457627,0.19229603389981612,0
389,2024-09-14 19:42:14.091094971,0,003,-0.15553187448820682,0.1513011757142972,0.25450196703107136,-0.1255145991057846,-0.10683939095346355,0.06340950882744711,0.3909055766492512,0.198439052580319,0
390,2024-09-14 19:42:14.168256104,0,003,-0.13440049546740346,0.1481550351654057,0.17867928465432284,-0.10234345493949765,-0.06461540432850797,0.0641788112626844,0.32070724954316626,0.20639738497446683,0
391,2024-09-14 19:42:14.239960938,0,003,-0.11363512435087217,0.1430218237412094,0.10363974737760356,-0.07492765139215553,-0.018490026919983825,0.06254533459504638,0.23783361268209838,0.2167115743929052,0
392,2024-09-14 19:42:15.157625977,0,003,-0.09400631873227412,0.13605443458031383,0.02984797343462975,-0.043697066029728615,0.02959304855075953,0.05875754792372499,0.14347022269916826,0.22967412251913027,0
393,2024-09-14 19:42:15.225550049,0,003,-0.0761126403277463,0.12741602965313614,-0.04205834089986204,-0.009192315055078044,0.07756714743784116,0.05315819682517765,0.03950126247645256,0.2452156273389483,0
394,2024-09-14 19:42:15.293330811,0,003,-0.06027675365847884,0.11726765670115528,-0.11149415203904936,0.02799179769801752,0.12338067009633966,0.04616402558033906,-0.07151203661128488,0.26285466231241167,0
395,2024-09-14 19:42:15.346684814,0,003,-0.04649076263392935,0.10576574582376794,-0.17809943399913514,0.06722653071949047,0.16511685916130112,0.03824296487317158,-0.18645132748797863,0.281697961357864,0
396,2024-09-14 19:42:15.424314941,0,003,-0.03442929564445382,0.0930674723033069,-0.24173548189461722,0.1078246614055161,0.20109384023428314,0.02988826944759328,-0.3017071118662944,0.3004618136066642,0
397,2024-09-14 19:42:15.496685059,0,003,-0.02351592592089434,0.07933772783717911,-0.3022360406471196,0.14898090205170464,0.2299466281542757,0.021590809604555783,-0.4131599460899455,0.3175164336142608,0
398,2024-09-14 19:42:15.563599121,0,003,-0.01302646709436116,0.064755993663499,-0.3590081605139771,0.18970174056123082,0.25068561192836986,0.01381446206701425,-0.5162072921765205,0.3309837615044414,0
399,2024-09-14 19:42:16.482691162,0,003,-0.002218011225625634,0.04952369908818288,-0.41072854146279664,0.2287624571902516,0.2627219805054577,0.006978390321438794,-0.6059951122568046,0.33891223493782663,0
400,2024-09-14 19:42:16.539802002,0,003,0.009543172741380803,0.03386759902736782,-0.4553183486925439,0.26472173298271,0.2658647207465837,0.0014435986051330161,-0.6778201655277187,0.3395026866169649,0
401,2024-09-14 19:42:16.617436035,0,003,0.022692223272060743,0.018033043378849388,-0.49017468862678926,0.2959876309924754,0.26031135266767635,-0.002501102552913195,-0.7274753003230678,0.3313116566068455,0
402,2024-09-14 19:42:16.678937012,0,003,0.037432980651781717,0.0022670093198551176,-0.512525737958115,0.3209032942862556,0.2466413446544232,-0.004653515563682783,-0.7514111590060012,0.3133799737501452,0
403,2024-09-14 19:42:16.753923828,0,003,0.05375408025077624,-0.013204174507082013,-0.5198164674657595,0.33783920299636777,0.22579054571380763,-0.004907835321725643,-0.7468428968736557,0.28529807182391664,0
404,2024-09-14 19:42:16.818205078,0,003,0.07147849687652533,-0.028197462568989917,-0.5100995880235426,0.3453106848989121,0.1989860451321264,-0.003255341280723837,-0.7119621782776551,0.24723984986197514,0
405,2024-09-14 19:42:16.889555908,0,003,0.09033048273539702,-0.042592192882974445,-0.4824071637404219,0.34213492298759524,0.16765258200239613,0.00022354229723826983,-0.6462053454629368,0.19997012594299138,0
406,2024-09-14 19:42:17.833209961,0,003,0.10999415494646297,-0.05634143543390603,-0.4370472645844946,0.3276044372360941,0.1333162168442496,0.005370121289388411,-0.5504041607834129,0.1448136765815452,0
407,2024-09-14 19:42:17.901037842,0,003,0.13014037894338237,-0.06947182400501592,-0.3757776719070926,0.30163126943949803,0.09751905946918846,0.011955356197216655,-0.4267575420444067,0.08358550702497809,0
408,2024-09-14 19:42:17.964645020,0,003,0.15042903850796857,-0.08207209078924588,-0.3018345203114891,0.26482631885276325,0.06175000436190719,0.019684344637414548,-0.2787123046774562,0.01849451061543826,0
409,2024-09-14 19:42:18.027534912,0,003,0.17051727213051954,-0.09427539550019619,-0.21978485766460765,0.2184978925072658,0.02739374924577358,0.028201357810931686,-0.11085742647557904,-0.047969101086925314,0
410,2024-09-14 19:42:18.104443115,0,003,0.19008440864295958,-0.10623982905831338,-0.13519427021275573,0.16457340842116824,-0.004308506690150931,0.037098696803969364,0.07111974926682786,-0.11315260130567806,0
411,2024-09-14 19:42:18.172236816,0,003,0.20884929941037064,-0.11812667692201437,-0.054224792138016675,0.10547441335154695,-0.03229776805820678,0.04593022474773396,0.2604421126560852,-0.17435308733023008,0
412,2024-09-14 19:42:18.227958008,0,003,0.22655619490329554,-0.1300754552693259,0.016668946505240242,0.043981429244786624,-0.05574083141733421,0.05423116161906626,0.449331727715521,-0.22891705256226977,0
413,2024-09-14 19:42:19.168441895,0,003,0.24293464133099338,-0.14217786500873267,0.07096326804453316,-0.016908819201746247,-0.07407908476698291,0.06154735451681042,0.6293061227611688,-0.27433347261813984,0
414,2024-09-14 19:42:19.250727051,0,003,0.2576569319454755,-0.15445344278674342,0.1024423766550549,-0.07416309101832981,-0.08707245712752106,0.06747300643072164,0.7917087619187031,-0.3083402766467943,0
415,2024-09-14 19:42:19.318553955,0,003,0.2703134178127955,-0.16682958649999247,0.10589664945535628,-0.12494329292631684,-0.0948144740109392,0.07168741396030989,0.9284061809555026,-0.3290656162269332,0
416,2024-09-14 19:42:19.386360840,0,003,0.28041561035611284,-0.1791307523096703,0.07797853320033478,-0.1668614124440649,-0.0977058398557875,0.07398013900593806,1.032563060596627,-0.33519858447758266,0
417,2024-09-14 19:42:19.454170898,0,003,0.28742649287636085,-0.19108143199852862,0.017803435988362988,-0.19819530577929018,-0.09640275187564838,0.07426222831183645,1.0993829673327205,-0.32615063524646953,0
418,2024-09-14 19:42:19.522000000,0,003,0.29080798775204214,-0.20232303251422126,-0.07299708424962867,-0.21800071056026588,-0.09175621825324468,0.07256663858735701,1.126648841935081,-0.3021594176793204,0
419,2024-09-14 19:42:19.589852051,0,003,0.2900721349056389,-0.21244090964027876,-0.19071967260816702,-0.22608926648469144,-0.08473698435707762,0.06903978033080431,1.1149213484585851,-0.2643013215193472,0
420,2024-09-14 19:42:20.533552002,0,003,0.2848247028044116,-0.22099602530095064,-0.33024975115262023,-0.22290263216622572,-0.07634549059754993,0.06392627858988746,1.06738541377424,-0.21441319453651803,0
421,2024-09-14 19:42:20.595915039,0,003,0.2747915838080232,-0.2275544255829805,-0.4856442317813111,-0.20935927047251332,-0.06753068443696135,0.05755198710135342,0.9894492748254758,-0.15495878901768897,0
422,2024-09-14 19:42:20.658402832,0,003,0.259824427205677,-0.23171006987909393,-0.6504681429506334,-0.1867412754028174,-0.059136906290207125,0.050307504470499864,0.8882246439533326,-0.08887709637984463,0
423,2024-09-14 19:42:20.737000000,0,003,0.23989617602909252,-0.23310295268430092,-0.8178919481972223,-0.15663447098391378,-0.05186835702228164,0.04262675736273062,0.7719637439607288,-0.01942223887406382,0
424,2024-09-14 19:42:20.804837891,0,003,0.21510284347770725,-0.23143709435206877,-0.9806980613332974,-0.12088832293458698,-0.04625294244833371,0.034955366048579864,0.649422504655874,0.050015583908829604,0
425,2024-09-14 19:42:20.872649902,0,003,0.1856775738485872,-0.22649919935173318,-1.1313819685636248,-0.08155463159526312,-0.04260858708930791,0.02771295663120275,0.5291022195028288,0.11611008358836042,0
426,2024-09-14 19:42:20.935704834,0,003,0.1520129668012308,-0.21817577165197652,-1.2624616510215068,-0.04078531305211787,-0.041029323377080984,0.021258546548992816,0.41848286611973545,0.1757962898429348,0
427,2024-09-14 19:42:21.874959961,0,003,0.11468082141206659,-0.2064666445991115,-1.366989430646277,-0.000695561708506155,-0.041394921913121864,0.015863631449871705,0.32346556270979054,0.22643824310394836,0
428,2024-09-14 19:42:21.950396973,0,003,0.07442872456928569,-0.19149232530097932,-1.4391661630206078,0.03678542941282825,-0.04339088755208153,0.011693563645814786,0.24810764362740673,0.2659624872640636,0
429,2024-09-14 19:42:22.014612793,0,003,0.032133620559854435,-0.17349143521879212,-1.4749362976799572,0.07004802963490306,-0.04653700753583238,0.008800104349842177,0.19456797459533914,0.2929574390730118,0
430,2024-09-14 19:42:22.076158936,0,003,-0.011284865650092792,-0.15280611587642795,-1.4724637077224638,0.09789270084625958,-0.050243136350234814,0.00712995928949001,0.16316222319840992,0.30672727370514213,0
431,2024-09-14 19:42:22.153745850,0,003,-0.05495650065430859,-0.129858385240759,-1.4323894312347707,0.11956561191584987,-0.053903203865710764,0.006549268014210305,0.1524608788664106,0.30730218844568546,0
432,2024-09-14 19:42:22.218297119,0,003,-0.0981130825518561,-0.10512520970193007,-1.3577591220054426,0.13474692721922032,-0.0570112092836379,0.006876689142466976,0.15939899608724784,0.2954235470261222,0
433,2024-09-14 19:42:22.289318115,0,003,-0.14008801034870508,-0.0791190837420469,-1.2535447029725764,0.14349629812939746,-0.05926693643288445,0.007915678037442682,0.17945763479747684,0.2725073264783408,0
434,2024-09-14 19:42:23.227462891,0,003,-0.18028776310146602,-0.05237537320315483,-1.1258278107976007,0.1461565147531982,-0.06064298371787385,0.009480640778074874,0.20703851603679133,0.24056941684568073,0
435,2024-09-14 19:42:23.299877930,0,003,-0.21816561848056573,-0.02544289883267153,-0.9808850905273983,0.1432405509830628,-0.0614007489890159,0.01141612343381425,0.23607061077494862,0.20209791026454021,0
436,2024-09-14 19:42:23.367675049,0,003,-0.2532141244960893,0.001127949562556614,-0.8244291059584359,0.13533700131611032,-0.06206083464861633,0.01360865913925249,0.26072568679041125,0.15987373180519218,0
437,2024-09-14 19:42:23.427858154,0,003,-0.28498191490879987,0.026803841965481426,-0.6611257666741159,0.12304464854558116,-0.06333798393365905,0.015989190163336865,0.2760569920900062,0.1167619814153604,0
438,2024-09-14 19:42:23.503277100,0,003,-0.3131082701838178,0.05109304429312096,-0.49442596810019185,0.10693760553066914,-0.06604062025804633,0.018524829087494765,0.2784558160814223,0.07550595719920011,0
439,2024-09-14 19:42:23.566361816,0,003,-0.33735973858799595,0.07357036888309797,-0.3267175312102766,0.08756616697657771,-0.07093426755815067,0.02120207454080928,0.26588660577050127,0.03854844193021313,0
440,2024-09-14 19:42:23.628354004,0,003,-0.35765676019057563,0.09389663254393994,-0.15969649697038454,0.06547845489121025,-0.07858482049973642,0.024004552786374124,0.23785359509725537,0.007897570653139447,0
441,2024-09-14 19:42:24.575359131,0,003,-0.37408726510820745,0.11183046819184742,0.005243427603295158,0.041233318841853654,-0.0892126534332342,0.02688813316548787,0.19508881818268334,-0.014946288439394119,0
442,2024-09-14 19:42:24.650012939,0,003,-0.3869057432855341,0.12723390915485203,0.16673043236531804,0.015394390635431559,-0.10259471313242749,0.029759979571579456,0.13904255652119046,-0.02899814770525754,0
443,2024-09-14 19:42:24.717842041,0,003,-0.3965123547909136,0.14007287182077288,0.3232220256402867,-0.011484504404505488,-0.11805081926022913,0.03247071212514175,0.07134151663591497,-0.03375854250211573,0
444,2024-09-14 19:42:24.785619141,0,003,-0.4034121920412181,0.1504125859077507,0.47286810120576883,-0.03887081085266358,-0.13453003507951783,0.034823034394330724,-0.006566670956959274,-0.029192372464855215,0
445,2024-09-14 19:42:24.853415039,0,003,-0.40816711068298445,0.15840845629795441,0.6134680106733316,-0.06624911889446088,-0.15077086792374153,0.036591477474180976,-0.0934309262477547,-0.015730540404570025,0
446,2024-09-14 19:42:24.916095947,0,003,-0.4113520429552328,0.1642924064692789,0.742559260490573,-0.0930925960086614,-0.16548060631668235,0.037546319345368374,-0.18792976866267466,0.005739166075077528,0
447,2024-09-14 19:42:24.978581787,0,003,-0.41351749590167836,0.16835468017663807,0.8576141678314761,-0.11882059982138309,-0.1774936421790014,0.03747971068466814,-0.2883472403357987,0.03393448588513241,0
448,2024-09-14 19:42:25.903393066,0,003,-0.4151580430302622,0.17092253634563045,0.9562634165798477,-0.14276773771286633,-0.18589755294639065,0.03623472928472153,-0.39241631198057325,0.06730435893032631,0
449,2024-09-14 19:42:25.975225830,0,003,-0.4166870600268902,0.17233623788839608,1.0364594538989023,-0.16418324174535048,-0.19012110882732963,0.033734088495811276,-0.49740803631150965,0.10418272723183715,0
450,2024-09-14 19:42:26.043040039,0,003,-0.41841141720035296,0.17292069458866413,1.096541435545106,-0.1822634063912205,-0.1899729300057377,0.029999934577891456,-0.600376327695366,0.14291457385103162,0
451,2024-09-14 19:42:26.110831055,0,003,-0.42050519269253644,0.17295498584360378,1.1352168487478416,-0.1962045561876636,-0.18562632360593687,0.025157073243485963,-0.6983783504961996,0.18191827210198117,0
452,2024-09-14 19:42:26.165674072,0,003,-0.4229995897054739,0.1726481085998226,1.1515151126323693,-0.20525796377505934,-0.17755557835607746,0.019418388513759117,-0.7885506739826379,0.21968557332951877,0
453,2024-09-14 19:42:26.246545166,0,003,-0.425801169325875,0.17212715141891635,1.1447778936933493,-0.20877980042915636,-0.1664333522564499,0.013056944558145654,-0.8681071644606156,0.2547536993317147,0
454,2024-09-14 19:42:26.304543945,0,003,-0.42872287015074867,0.17143560908591016,1.1147158606227792,-0.20628295788413167,-0.1530081948323123,0.006372201539994711,-0.9344292014861171,0.2856993664575049,0
455,2024-09-14 19:42:27.232274170,0,003,-0.4315038608431509,0.17053662613268644,1.061533323720073,-0.19749001707382036,-0.13798945888217462,-0.00034161436340262,-0.9852968119909717,0.31118127607282864,0
456,2024-09-14 19:42:27.294354004,0,003,-0.4338141917669193,0.16932120050280317,0.9861051591920308,-0.1823700274578731,-0.12195696333272953,-0.0068198067493610735,-1.0191324510966449,0.3300148244514871,0
457,2024-09-14 19:42:27.356360840,0,003,-0.4352633914740513,0.16762575245178887,0.8901439116175455,-0.16114459246237037,-0.10530151587480148,-0.012843076395399396,-1.035117678733085,0.3412510438088092,0
458,2024-09-14 19:42:27.433542969,0,003,-0.4354353681268293,0.16526091952961006,0.7762759455047367,-0.13427080907534708,-0.0882082862357946,-0.018245344308627363,-1.0331635024946826,0.34425063796487093,0
459,2024-09-14 19:42:27.503542969,0,003,-0.4339475121293956,0.1620464209687144,0.6479934659820675,-0.10242255133051384,-0.07069095426903593,-0.022915009557499835,-1.0138008419967484,0.3387477921930387,0
460,2024-09-14 19:42:27.571375977,0,003,-0.4305045876948789,0.15784161184441262,0.5094692459299046,-0.06647615979658773,-0.05265880154762708,-0.0267936275025938,-0.9780296722996016,0.3248829689631854,0
461,2024-09-14 19:42:27.639195068,0,003,-0.42492079440183855,0.15256335444386188,0.36519432529770013,-0.02747899706136681,-0.03398767626827399,-0.029875571727433662,-0.927112858770349,0.3031878664022595,0
462,2024-09-14 19:42:28.577744873,0,003,-0.4171084257648313,0.14619040866517835,0.2194667924785844,0.013419344961408704,-0.014578692008286214,-0.03220788257404034,-0.8623400642005085,0.2745303956946442,0
463,2024-09-14 19:42:28.650227051,0,003,-0.4070502594781406,0.13875949677309166,0.07593232755074783,0.05505556092786384,0.005599589637564523,-0.03388628930196028,-0.784856188132317,0.24003912622896784,0
464,2024-09-14 19:42:28.717997070,0,003,-0.3947766554419886,0.1303587648344718,-0.06258085007375298,0.09631554430589695,0.02648487054277768,-0.03504460728218715,-0.6956076454254906,0.20101961365229135,0
465,2024-09-14 19:42:28.778742920,0,003,-0.38036168361619793,0.1211211192359031,-0.19388650794127033,0.1361477247820292,0.047907184076373996,-0.035838551379598224,-0.5953700878600313,0.15887048346871122,0
466,2024-09-14 19:42:28.843265137,0,003,-0.36394023970951067,0.11121708938504721,-0.31608531340996726,0.17354214229860235,0.06958490674742625,-0.03642730722468125,-0.484846604819594,0.115012955285245,0
467,2024-09-14 19:42:28.918889160,0,003,-0.34573326262904297,0.10084648833801865,-0.4272248351525724,0.20750331198320038,0.09113125856597713,-0.03695589196016313,-0.3648941524243906,0.0708460767456899,0
468,2024-09-14 19:42:28.981375000,0,003,-0.32605837357788364,0.09022839355806113,-0.5250910407614381,0.23703922068558675,0.11207067260151828,-0.037540379871229775,-0.23688407335826345,0.027723863627080778,0
469,2024-09-14 19:42:29.917385986,0,003,-0.3053124635510463,0.07958958566366844,-0.6071363591093281,0.26117900954531914,0.13186094172448798,-0.03825688665225264,-0.1030929745466911,-0.013055619285985988,0
470,2024-09-14 19:42:30.000337891,0,003,-0.2839336616799233,0.0691528262016801,-0.6704907128822379,0.27901748664359677,0.14992142169838055,-0.0391348930451778,0.03301399608156564,-0.050248589914572386,0
471,2024-09-14 19:42:30.068142822,0,003,-0.2623598183661616,0.05912666099810784,-0.7120782336818965,0.28977827403500794,0.16567580630447584,-0.04015717581812926,0.16670590464048957,-0.08265176446093736,0
472,2024-09-14 19:42:30.135922852,0,003,-0.24099931364868804,0.0496983704465081,-0.728928999653761,0.2928904113821141,0.17861009463070884,-0.041268138392651324,0.29217436767934674,-0.10909700907277252,0
473,2024-09-14 19:42:30.199331055,0,003,-0.22022721972098336,0.04103219309195832,-0.7186483956538974,0.2880679142516064,0.18832936036738793,-0.042387661021810394,0.40302961748399335,-0.1284847780366955,0
474,2024-09-14 19:42:30.271375000,0,003,-0.20040914162692455,0.033273712845721705,-0.6798508414986109,0.27537199984391403,0.19459902960763206,-0.0434253709138165,0.4930594180256257,-0.13986704986344797,0
475,2024-09-14 19:42:30.332905029,0,003,-0.18193450219275642,0.026557173003828413,-0.6124276890303352,0.2552413958924387,0.19737117991049308,-0.04429343140145456,0.5570383015749178,-0.14255906254284353,0
476,2024-09-14 19:42:31.282537842,0,003,-0.16523405969849728,0.0210104746939573,-0.5176692696763956,0.22849199431273506,0.19679717864933022,-0.04491738834705272,0.5913144322986589,-0.13624571220936663,0
477,2024-09-14 19:42:31.340527100,0,003,-0.1507762638024998,0.01675628658597397,-0.3982652133110064,0.19628948574518645,0.19321910853037455,-0.045241826616739214,0.5940497247667382,-0.12105972148406487,0
478,2024-09-14 19:42:31.418168945,0,003,-0.13905172843231547,0.01391046255396281,-0.2581586562305919,0.16008989217675465,0.18713516154430443,-0.04522820279711732,0.5651841109344018,-0.09762333504076029,0
479,2024-09-14 19:42:31.485933105,0,003,-0.13054436219187493,0.012576829129946713,-0.10228380147132787,0.12154717541448316,0.17914583464229608,-0.044847709480063724,0.5062359184174581,-0.06703920350922073,0
480,2024-09-14 19:42:31.540477051,0,003,-0.12568284585935888,0.012837289490759674,0.06371054358208254,0.08240412479338369,0.16989086646153262,-0.0440744265479472,0.41997250780398265,-0.03080848033727523,0
481,2024-09-14 19:42:31.617149170,0,003,-0.1247812621631422,0.01473952678259775,0.23367452573519787,0.044389496622801304,0.15998438404125429,-0.04288171266353735,0.31000347236184095,0.009311275185249237,0
482,2024-09-14 19:42:31.678716064,0,003,-0.1279860335348246,0.01828486181094472,0.40114134700799886,0.009130958242588737,0.14995881253677884,-0.04124317864841734,0.18045707091255347,0.05145048525925386,0
483,2024-09-14 19:42:32.620014893,0,003,-0.13524286595114168,0.0234177071085313,0.5595995478662588,-0.02192542303264806,0.1402278728648912,-0.039138831801779995,0.035854302632360426,0.0937312251502457,0
484,2024-09-14 19:42:32.697239014,0,003,-0.1462963026724195,0.03002023521624262,0.7029075092241381,-0.04759840834014935,0.13107027822816822,-0.036564314903505334,-0.11888728786612793,0.13433532178441673,0
485,2024-09-14 19:42:32.768299072,0,003,-0.16072568928367928,0.03791585855929665,0.8257504841194669,-0.0670495070647336,0.12263121874057153,-0.03353887667279937,-0.27845726107246954,0.17155549324276625,0
486,2024-09-14 19:42:32.835663086,0,003,-0.17799986791721872,0.04687937378413862,0.923978183149183,-0.07983777468909725,0.11493832973507591,-0.030108859092637753,-0.43725822488491445,0.20384196651178635,0
487,2024-09-14 19:42:32.903875000,0,003,-0.19752502085077417,0.05664837281533331,0.994715544479926,-0.08593522124311946,0.10792415251565679,-0.026346409441351797,-0.589670372520754,0.22986258490236014,0
488,2024-09-14 19:42:32.971664062,0,003,-0.21867441787426106,0.06693348852857951,1.0362507946177197,-0.08569351187266633,0.10144774244057143,-0.02234520015242805,-0.7304482699159413,0.24858898716027558,0
489,2024-09-14 19:42:33.039535156,0,003,-0.24080041865705346,0.07742731614341115,1.047861120027216,-0.07977524678872885,0.095314752905887,-0.018215153058170112,-0.8551208439690217,0.25939391630165726,0
490,2024-09-14 19:42:33.978626953,0,003,-0.26323171306442616,0.08781191396989661,1.0297982551922948,-0.06908521875456451,0.08929088594087063,-0.014076139767751192,-0.9602657744450119,0.26212393959610614,0
491,2024-09-14 19:42:34.040697998,0,003,-0.28526644771813225,0.0977675392163317,0.9834599716211125,-0.054717183268697914,0.08310235475795069,-0.010049075281317524,-1.043618205205339,0.2571223222613021,0
492,2024-09-14 19:42:34.104885986,0,003,-0.306174872030673,0.10698738950901507,0.91152707561669,-0.037892548662682234,0.07644003765475883,-0.006245252150697745,-1.104071093723339,0.24520799413048122,0
493,2024-09-14 19:42:34.186209961,0,003,-0.3252110065865259,0.11519773154190621,0.8178811584252081,-0.01987336587933857,0.06899727817357566,-0.0027582304056122556,-1.141670253349416,0.22762860625563947,0
494,2024-09-14 19:42:34.242533936,0,003,-0.34162410356873807,0.12217555408800779,0.7073142117496476,-0.0018661591646096662,0.06054337976040143,0.0003383772766266112,-1.1576470009342004,0.20598744312447068,0
495,2024-09-14 19:42:34.321875000,0,003,-0.3546767593620404,0.12775694574645907,0.5851128600249453,0.01506256147561422,0.05100046420734048,0.002988119561388993,-1.1544221706429358,0.18213192971401398,0
496,2024-09-14 19:42:34.389694092,0,003,-0.36368917563085634,0.13183546941445154,0.4566018133152446,0.030054158743851665,0.04049010784598291,0.005147002213438488,-1.1354883715657238,0.1580065664357125,0
497,2024-09-14 19:42:35.332726074,0,003,-0.3681068071948822,0.13435264809500447,0.32676216135968317,0.04250973550852631,0.029336896513574538,0.006778703956179326,-1.1051433996094326,0.13549463261351283,0
498,2024-09-14 19:42:35.400592041,0,003,-0.3675578863602934,0.1352838916033463,0.1999996927345659,0.0521266676901835,0.0180337299392717,0.007850188408833073,-1.0680951867150816,0.11626921378901334,0
499,2024-09-14 19:42:35.468404053,0,003,-0.36187145835843837,0.1346249805928967,0.08001298999579978,0.05892152083760908,0.007182674604329187,0.008328923234956362,-1.0289591574397596,0.10164849364022618,0
500,2024-09-14 19:42:35.536189941,0,003,-0.351056019913202,0.13238285164715144,-0.030349995492351876,0.06324095355195561,-0.0025749793081426653,0.008183935191610408,-0.9917066549907078,0.09245060089647933,0
501,2024-09-14 19:42:35.590903076,0,003,-0.3352551714904122,0.12857063718611447,-0.12926811914314984,0.06575322212308819,-0.010629037707192993,0.0073915781661989316,-0.9591858790048772,0.08888096943325227,0
502,2024-09-14 19:42:35.668155029,0,003,-0.3146974327421945,0.12320597837245478,-0.21601893847301776,0.06738915388103268,-0.016456659696261686,0.005943099048424528,-0.9328275552552574,0.09050506854191005,0
503,2024-09-14 19:42:35.730209961,0,003,-0.2896606920613105,0.11631336559926356,-0.29077968759999123,0.0691965253943708,-0.01965438224539356,0.003849236516403685,-0.9125618118094339,0.0963267545082617,0
504,2024-09-14 19:42:36.651489990,0,003,-0.26046659497775954,0.10793144765706623,-0.3541752948974419,0.07212150165480993,-0.019959387758491775,0.0011412373891679737,-0.8968780674963573,0.10493595670160606,0
505,2024-09-14 19:42:36.713954834,0,003,-0.2275011983160463,0.09812492735538272,-0.40678155349160455,0.07678843776524824,-0.01728080573156597,-0.002127296030267078,-0.882956855878101,0.11466682908988089,0
506,2024-09-14 19:42:36.792620850,0,003,-0.19124803801483573,0.08699912319985256,-0.4487561541366653,0.0833438443042008,-0.011733289559222392,-0.005876005691933657,-0.8669309831227098,0.12374552739196984,0
507,2024-09-14 19:42:36.854463135,0,003,-0.1523178858609606,0.07471155367307614,-0.47961151360259696,0.0913848617571701,-0.0036446548155818436,-0.009996224965706842,-0.8444001592294663,0.13045276182609125,0
508,2024-09-14 19:42:36.928301025,0,003,-0.1114557517493061,0.061472565723213024,-0.49810785299536536,0.09997627113059647,0.006467354687304742,-0.014356826225108503,-0.8111646429937334,0.1333142524158529,0
509,2024-09-14 19:42:36.996104980,0,003,-0.06951437567879726,0.04753269203124936,-0.5023268005894839,0.10776718513233151,0.01792253070148757,-0.018813671747163137,-0.7639642633230689,0.13128516842703758,0
510,2024-09-14 19:42:37.063958984,0,003,-0.027406692028647702,0.033163138042812165,-0.489988795772224,0.11319941770408319,0.02989492258361662,-0.02321735392883431,-0.7010402370476616,0.12387747270353729,0
511,2024-09-14 19:42:37.970298096,0,003,0.013938112801605982,0.01863806647067679,-0.4589758145960907,0.11476236675392743,0.041442061029512436,-0.02742113426148192,-0.622472966270759,0.11120018686908155,0
512,2024-09-14 19:42:38.047530029,0,003,0.05360718026192698,0.004222528149441536,-0.40793415188088994,0.1112361890760093,0.05157905481915691,-0.031294215411184025,-0.5302999742192572,0.09391074816262404,0
513,2024-09-14 19:42:38.109590088,0,003,0.09074332560929682,-0.009836893855848844,-0.33678939208637115,0.10187581486705131,0.05940035250908616,-0.03474048744961058,-0.4283644311849486,0.0730913352976922,0
514,2024-09-14 19:42:38.186733887,0,003,0.1246049593581387,-0.023323812866633327,-0.24702845285047614,0.08650268655114585,0.06421571436711047,-0.03771728588879426,-0.32181419566238656,0.05007073839135062,0
515,2024-09-14 19:42:38.249218994,0,003,0.1546274719358929,-0.0360651966236215,-0.14170969926588425,0.06549402729130802,0.06565135287313915,-0.04024728275606516,-0.21629359271665896,0.026225274831638442,0
516,2024-09-14 19:42:38.322527832,0,003,0.18045283767092118,-0.04793814506557449,-0.025252411027485887,0.03969223972632542,0.06368333009484742,-0.04241776468709105,-0.11705567631203731,0.0028037452084615604,0
517,2024-09-14 19:42:38.390319092,0,003,0.20191893894866209,-0.05886530080334921,0.09691394755885868,0.01027498575473413,0.05860365930218424,-0.044365146884911014,-0.02825040871654693,-0.019193443398361244,0
518,2024-09-14 19:42:39.324444092,0,003,0.21902898605096865,-0.0688031706243968,0.2187453122046808,-0.02137996478672489,0.050942063448256844,-0.046249183836309625,0.04750632660329062,-0.03908375486744863,0
519,2024-09-14 19:42:39.385992920,0,003,0.23192233308722443,-0.07773081333784118,0.3339626558201858,-0.05381397181490806,0.0413702828184699,-0.04822534038106756,0.10932374147237041,-0.05653854095595581,0
520,2024-09-14 19:42:39.462688965,0,003,0.24085096797935307,-0.08564119166492172,0.43645383626176754,-0.08558190748415748,0.030609056295413817,-0.05042084813715064,0.15802931134004755,-0.07158847732880337,0
521,2024-09-14 19:42:39.535334961,0,003,0.24615629525137703,-0.09253347291605342,0.5207671639229393,-0.115329131956718,0.019346368082738537,-0.052915379689856344,0.1958996683077099,-0.08457829641663558,0
522,2024-09-14 19:42:39.600527100,0,003,0.24824121470401617,-0.09840568542384398,0.5826687470611384,-0.14187092846965893,0.008166511699427238,-0.055726194916294554,0.22604833560153859,-0.09605092545375246,0
523,2024-09-14 19:42:39.662561035,0,003,0.2475348201695845,-0.10324835828335326,0.6196588830524071,-0.1642889058043456,-0.0025094800672270405,-0.05879875053070869,0.2515822693502147,-0.10657596286593264,0
524,2024-09-14 19:42:39.725045898,0,003,0.2444560800034104,-0.10703970086113483,0.6313832809418323,-0.18203789186097077,-0.012461607720294216,-0.062006346147179175,0.274840866076975,-0.11658029829057377,0
525,2024-09-14 19:42:40.676906982,0,003,0.2393890065564141,-0.1097432409705229,0.6199016025909031,-0.19503303175596295,-0.0216726253856434,-0.06516373724652592,0.29698137310159106,-0.12624676146160568,0
526,2024-09-14 19:42:40.738657959,0,003,0.23266914961462784,-0.11130844885395139,0.5897085787048767,-0.2036733524165383,-0.030295071346191513,-0.06805285949450403,0.317949927126474,-0.13550997687001828,0
527,2024-09-14 19:42:40.815876953,0,003,0.22457273224655563,-0.11167440430228681,0.5473832254303439,-0.20877094749573083,-0.038603813887182814,-0.07044888611379188,0.33672632771314615,-0.1441274550223407,0
528,2024-09-14 19:42:40.885592041,0,003,0.21531166649524455,-0.11077758828744862,0.500846386617214,-0.21139087637198858,-0.04694998491326143,-0.0721368792689723,0.35170549846845756,-0.15177342844990754,0
529,2024-09-14 19:42:40.953343018,0,003,0.20503978160916125,-0.10856471076968946,0.45833787569687934,-0.21263904501549302,-0.055715542907726526,-0.0729212011978677,0.3610950792794001,-0.1581077447420298,0
530,2024-09-14 19:42:41.016304932,0,003,0.19385633024359472,-0.1050077447039176,0.4273156603261301,-0.21345145169059115,-0.0652670009568125,-0.07263536681199538,0.36324495707391513,-0.16280088759070807,0
531,2024-09-14 19:42:41.088943848,0,003,0.18178839902184407,-0.10011517275593818,0.41350394584492317,-0.21443473129017376,-0.0759162971011514,-0.07115525964047557,0.3568664610214118,-0.16552232782310303,0
532,2024-09-14 19:42:42.032176025,0,003,0.16876145684619287,-0.09393658039844067,0.4202357081262039,-0.21577864135330532,-0.08789060144907347,-0.06841254218265054,0.34113512759271625,-0.16591312141951434,0
533,2024-09-14 19:42:42.085437988,0,003,0.15458932448237125,-0.08656345713820279,0.44809930825403366,-0.21722987413513986,-0.10129951980624449,-0.064403671510423,0.3157437030324588,-0.1635759610520256,0
534,2024-09-14 19:42:42.162643066,0,003,0.13900155679815404,-0.07812902885253231,0.4948262646153545,-0.21811369729070654,-0.1161007049595771,-0.05919101462663735,0.2810185230977575,-0.15811823990703727,0
535,2024-09-14 19:42:42.223812988,0,003,0.12170301656960893,-0.0688058617386374,0.5553857499601659,-0.21740282534717656,-0.1320912225202302,-0.05289330174020977,0.23812902057385368,-0.1492550167341198,0
536,2024-09-14 19:42:42.301427002,0,003,0.10245215610836794,-0.05879902224841607,0.6223079603704684,-0.21383513643316562,-0.1489514042605011,-0.0456649709161359,0.18930283302779602,-0.1369351385194177,0
537,2024-09-14 19:42:42.371271973,0,003,0.08113964591916968,-0.048334879984598525,0.6862690229504657,-0.20607044000620856,-0.16634185646922942,-0.037668202665795826,0.13793561376158076,-0.1214341293954776,0
538,2024-09-14 19:42:42.424523193,0,003,0.05784885023764093,-0.03764850092824763,0.7369408519093258,-0.19286282219105683,-0.18402501450960704,-0.029044769262335957,0.08851542840136298,-0.10337291006943264,0
539,2024-09-14 19:42:43.382236084,0,003,0.03289618161340104,-0.026974651000720377,0.7640562941907606,-0.17322288644654626,-0.20196027338096245,-0.01989648818820949,0.046308378235814386,-0.08365408772256627,0
540,2024-09-14 19:42:43.439300049,0,003,0.006856799798049361,-0.01654490652973715,0.758556282454711,-0.14655712561732076,-0.22032422667576296,-0.010281883689620946,0.016816435692775276,-0.06334250942037545,0
541,2024-09-14 19:42:43.516419922,0,003,-0.01943850612678359,-0.0065862576828318005,0.7136184975230394,-0.11277751318624661,-0.2394469828095892,-0.0002297500036772091,0.005129099285745257,-0.0435392711471003,0
542,2024-09-14 19:42:43.578708984,0,003,-0.04495563911034085,0.0026853577364038526,0.6253886426720338,-0.07235937352641195,-0.2597016949037487,0.010238140011335497,0.015320160058921272,-0.025280899877103243,0
543,2024-09-14 19:42:43.639853027,0,003,-0.06854767643197612,0.011075469356930389,0.4933460480164347,-0.026323529109758503,-0.2813937126255925,0.021083754531168456,0.049935330299223805,-0.009450280536964168,0
544,2024-09-14 19:42:43.717499023,0,003,-0.08904813784655659,0.01841836735553473,0.3203435920150063,0.023851393287745257,-0.3046739163884589,0.03223235661958362,0.10954518533344694,0.0033194882446010146,0
545,2024-09-14 19:42:43.778580811,0,003,-0.10534897717037493,0.02457830867140212,0.11238891948707702,0.07635756070636374,-0.3294808797542277,0.04355598867169726,0.1924264478578958,0.012721209885219272,0
546,2024-09-14 19:42:44.708213135,0,003,-0.11647423530441223,0.029447801884063388,-0.12179401174115863,0.1292024804392652,-0.355505467507421,0.05486230529472254,0.29453556101916883,0.018786968501582145,0
547,2024-09-14 19:42:44.784979004,0,003,-0.12166025614577322,0.032946042462989135,-0.3713962369070761,0.18035146345887215,-0.3821693928160237,0.06588906282800995,0.4098482408297488,0.021846513933384375,0
548,2024-09-14 19:42:44.855078857,0,003,-0.12042961236254089,0.035017393323189955,-0.6242944728873733,0.22785079817913811,-0.4086197452218538,0.0763044113765542,0.5309449734607925,0.022478410506344203,0
549,2024-09-14 19:42:44.922610107,0,003,-0.11263576554370003,0.03562894077702065,-0.8678888591834464,0.2699223617384378,-0.4337505564384333,0.08571568071898046,0.649704637241868,0.02147291525263274,0
550,2024-09-14 19:42:44.990204102,0,003,-0.09847332105826911,0.034768090078263675,-1.0899448282799733,0.3050327575088756,-0.4562585045516415,0.09369005471402016,0.7581022786658347,0.019777737554655193,0
551,2024-09-14 19:42:45.057958008,0,003,-0.0784692220541557,0.03244324359272136,-1.2793511094506032,0.33193960824825797,-0.4747305587383987,0.09978664815394843,0.8490810719291064,0.018397531800101955,0
552,2024-09-14 19:42:45.125731934,0,003,-0.05346624652954959,0.028689791899635133,-1.4266644931998549,0.3497099289969537,-0.48775061455990376,0.10359454851148522,0.9173005048196416,0.018255229880110916,0
553,2024-09-14 19:42:46.072346924,0,003,-0.024589402518936113,0.02358016256521656,-1.5243716055202545,0.3577127364016088,-0.49400340088017347,0.10476959440249833,0.959582535543685,0.020051553684661206,0
554,2024-09-14 19:42:46.150289062,0,003,0.006819356551522726,0.01723419450606133,-1.5669534457736114,0.35560636718715705,-0.4923613040846041,0.10306486758455506,0.9750787622464684,0.024159511511030043,0
555,2024-09-14 19:42:46.205518066,0,003,0.03929681392406687,0.009826396479736736,-1.550950656559006,0.343350031028622,-0.4819551633252868,0.09835252320096846,0.9652370861950055,0.030573876494261167,0
556,2024-09-14 19:42:46.282248047,0,003,0.0713743185147943,0.0015870142121278273,-1.4751856554549772,0.32125679629700893,-0.462232300670559,0.09063478751269481,0.9335071077465166,0.0389230325967154,0
557,2024-09-14 19:42:46.344288086,0,003,0.10170324323160468,-0.007207112717302947,-1.3411094507487056,0.2900679714748499,-0.43300487513077623,0.08004311226524503,0.8846998303427551,0.0485455792992218,0
558,2024-09-14 19:42:46.421025146,0,003,0.129167741827282,-0.016253577558849326,-1.1530658009464259,0.25099503510880944,-0.3944979556054122,0.06682839637139736,0.8241369880973415,0.05861605634326905,0
559,2024-09-14 19:42:46.489373047,0,003,0.15295718356725574,-0.025252046991714683,-0.9182842867571004,0.2056875686742275,-0.3473955382016699,0.051346072672769166,0.7569039271197106,0.06828003391637759,0
560,2024-09-14 19:42:47.398954102,0,003,0.1725935457671195,-0.0339294083001791,-0.6465861439957172,0.15613172220694463,-0.2928572992579519,0.03403594443070363,0.6873964628348971,0.07676207999442708,0
561,2024-09-14 19:42:47.475353027,0,003,0.18792842224600198,-0.04205647597734991,-0.3498882809873585,0.10451109906561931,-0.23247944692082825,0.01539579003791692,0.6190910986633456,0.08343361433463782,0
562,2024-09-14 19:42:47.537802979,0,003,0.19911469308725027,-0.04945523148740366,-0.041560102547527754,0.05305881000184667,-0.16819992561925298,-0.004047675416892174,0.5544419327630107,0.08783351701079449,0
563,2024-09-14 19:42:47.599852051,0,003,0.20654931535344048,-0.05599839020662668,0.26432259199268254,0.003926749772238669,-0.10216679025748127,-0.023764786105891996,0.49498744122200056,0.08963103309781384,0
564,2024-09-14 19:42:47.677539062,0,003,0.21079791775608425,-0.06160485841878143,0.5537516558347699,-0.04090410203465144,-0.03659647388530038,-0.043242892165824484,0.4417328928304639,0.0885448951879408,0
565,2024-09-14 19:42:47.739139893,0,003,0.21252062781627842,-0.06623495117045776,0.8135369248915284,-0.07967701235146091,0.026347112096191415,-0.06199970249919994,0.3956555374754201,0.08425865421014356,0
566,2024-09-14 19:42:47.814376953,0,003,0.21240177934428203,-0.06988598308793119,1.0320142011082458,-0.11091221573215143,0.08463827332298404,-0.07959088626308364,0.3581246129661715,0.07635884275536738,0
567,2024-09-14 19:42:48.747908203,0,003,0.21107358921604044,-0.0725855879963335,1.1996869534856638,-0.13348445583107835,0.13645586926667336,-0.0956154435120418,0.3311342410418111,0.06430840607438211,0
568,2024-09-14 19:42:48.810251952,0,003,0.2090385732814303,-0.07438199209845062,1.3097711278651167,-0.14671282110827152,0.1802535949011349,-0.10972299355668871,0.31729365976343615,0.04748291609458665,0
569,2024-09-14 19:42:48.887939941,0,003,0.20661195912373354,-0.07533404885357443,1.3586113104664934,-0.15042824730142074,0.2148377393732844,-0.12162330011653041,0.3195414404906442,0.025289471727380667,0
570,2024-09-14 19:42:48.949515136,0,003,0.20390131818927998,-0.07550427316071903,1.3459307066535853,-0.1449912728483656,0.23943736048249287,-0.1310949379097964,0.34061482958974487,-0.0026620221356131028,0
571,2024-09-14 19:42:49.027622070,0,003,0.20082648386426666,-0.0749563657885939,1.2748601700230853,-0.13125149611000225,0.2537503051225649,-0.13799188714999483,0.3823474482302076,-0.03639503182441869,0
572,2024-09-14 19:42:49.088643066,0,003,0.1971722195722624,-0.07375671431529049,1.151710919790684,-0.11046038745761294,0.25795735068469544,-0.14224953131541418,0.44492931514779455,-0.07545382423120094,0
573,2024-09-14 19:42:49.164423096,0,003,0.19266457590681674,-0.07197872942912434,0.9855400685171757,-0.08416771295874949,0.2527018552565024,-0.1438890261249784,0.526383591199607,-0.11886970137580394,0
574,2024-09-14 19:42:50.082639893,0,003,0.18706462957437708,-0.0697094608380112,0.7875673618459852,-0.054124014760178064,0.23903285789596965,-0.14301676420683954,0.622493729974712,-0.1652216559637877,0
575,2024-09-14 19:42:50.150512939,0,003,0.1802671060632164,-0.067056701029598,0.5704062349215792,-0.0221793183800789,0.21831723864783414,-0.13982031000316208,0.7271746651114898,-0.21277467428206762,0
576,2024-09-14 19:42:50.218250000,0,003,0.17237660820053893,-0.0641520277710584,0.3470720376961352,0.009842182398304545,0.19213556203285667,-0.13456557759792287,0.8331256422900708,-0.2596572013166382,0
577,2024-09-14 19:42:50.286041016,0,003,0.1637312250851198,-0.06114502219843475,0.12987560319981073,0.04028972178182851,0.16217409516608008,-0.12759408064588523,0.9326804287066962,-0.3040547412259909,0
578,2024-09-14 19:42:50.341535156,0,003,0.1548652549166145,-0.058187803643877566,-0.07056073057014374,0.06782674614801264,0.13012111761102266,-0.1193130360381208,1.0188139047510676,-0.34440911954928555,0
579,2024-09-14 19:42:50.421665039,0,003,0.1464289794245336,-0.055413765204967394,-0.24596055485363527,0.09152485711467455,0.09757665235692439,-0.11017536151216761,1.0861029846244692,-0.3795885180765777,0
580,2024-09-14 19:42:50.481086914,0,003,0.13908820982296863,-0.05291617487302193,-0.3906868108767586,0.11089046391255923,0.06598417799062008,-0.10065511346316561,1.1313189010520257,-0.4089716444981679,0
581,2024-09-14 19:42:51.419585938,0,003,0.1334202339012668,-0.05073209219463881,-0.5017457412390212,0.1258346102992887,0.03658695306236307,-0.0912248003590123,1.1535100501810147,-0.43242581363292093,0
582,2024-09-14 19:42:51.496777100,0,003,0.12982128691878347,-0.04883608348245954,-0.5785822803092268,0.13660464390106827,0.01040519011672795,-0.0823350194179147,1.1537437898108382,-0.45021858777084384,0
583,2024-09-14 19:42:51.568387939,0,003,0.1284355231059517,-0.047144319937787074,-0.622749506897544,0.14368932943294702,-0.011771525651829437,-0.07439375381168097,1.1347426832750074,-0.46290914227555474,0
584,2024-09-14 19:42:51.636178955,0,003,0.129110079417324,-0.045525334017782776,-0.63750454132293,0.14770781624460821,-0.029382381866084165,-0.0677445379155436,1.1004956863707713,-0.47123408635491554,0
585,2024-09-14 19:42:51.703974854,0,003,0.13138548195501554,-0.04381456032295939,-0.627310187811328,0.14929438330519323,-0.04208968067748865,-0.06264591484502598,1.0558494719963187,-0.4759914910736914,0
586,2024-09-14 19:42:51.759282959,0,003,0.13453064327932712,-0.041832637991853376,-0.5972377837417858,0.1489912923950138,-0.049771712838849,-0.05925775591931508,1.0061125479962063,-0.47793158898220556,0
587,2024-09-14 19:42:51.836105957,0,003,0.13761977291617947,-0.039405661791681375,-0.5523687987981245,0.1471656951439842,-0.052514410410509534,-0.05763923634573286,0.9566617125015467,-0.47766441034658774,0
588,2024-09-14 19:42:52.782850098,0,003,0.1396394473996393,-0.03638173254262845,-0.4973493425415718,0.14397322043944719,-0.050599328382431946,-0.057757618962483,0.9124907069684793,-0.47559987305753193,0
589,2024-09-14 19:42:52.845460938,0,003,0.13960993963172283,-0.032639836320958085,-0.43620980944179116,0.13939233242345048,-0.04447495697767174,-0.059504207678813176,0.8777195720603169,-0.47193851624620714,0
590,2024-09-14 19:42:52.918665771,0,003,0.13670125433837843,-0.028093345323755417,-0.3724143775022807,0.1333305474940621,-0.03469872862258361,-0.0627149316428938,0.8551960110880792,-0.4667196627412768,0
591,2024-09-14 19:42:52.971912109,0,003,0.13032593755182967,-0.0226924216403549,-0.3089665142117702,0.12576177857030396,-0.02186690245118078,-0.06719105728369132,0.8463217614864589,-0.4599116436226819,0
592,2024-09-14 19:42:53.049226074,0,003,0.12019607795835392,-0.01642579098466329,-0.24846041480352798,0.11684081482277132,-0.006569728616978333,-0.07271412679945341,0.8511261968020388,-0.45150910145968565,0
593,2024-09-14 19:42:53.111711914,0,003,0.1063385805739356,-0.009320677590138693,-0.19312142942259047,0.1069651075839836,0.010618025580108352,-0.07905461039402324,0.868490090837732,-0.44159807636533044,0
594,2024-09-14 19:42:53.189878906,0,003,0.08907478855498585,-0.0014415051758144936,-0.14486767976773873,0.09677180412762833,0.029133192838871835,-0.08597751032835704,0.8963808710934652,-0.43036162022861246,0
595,2024-09-14 19:42:54.121645020,0,003,0.0689785607270214,0.0071134539941491645,-0.10534808058845475,0.08706577600204063,0.04842454681537131,-0.09324434608991942,0.9319916990172357,-0.41802322293123345,0
596,2024-09-14 19:42:54.199314209,0,003,0.046819430881124946,0.016221488233236134,-0.07595642026547492,0.07869876614150063,0.06796143247962871,-0.10060930779025772,0.9717616119859408,-0.40475613660768006,0
597,2024-09-14 19:42:54.260844971,0,003,0.023487518708340836,0.025752230748034725,-0.057891562349416566,0.07244354252171117,0.08725190126799214,-0.10781268682678076,1.0113583718246049,-0.3906014437598279,0
598,2024-09-14 19:42:54.323329834,0,003,-0.00010106607101980088,0.03558749535940283,-0.052288997982999005,0.06889945708075204,0.10586899318197977,-0.11457893537229984,1.0457542263523358,-0.3754236862687929,0
599,2024-09-14 19:42:54.404140869,0,003,-0.023109522250359373,0.04563838271213389,-0.06032243125589086,0.06843737536647199,0.12348440489313454,-0.12062552951416863,1.0695141241786954,-0.35891614580724407,0
600,2024-09-14 19:42:54.471968018,0,003,-0.04487312987598479,0.0558539523406794,-0.08311480559513244,0.0711757538052932,0.1399110782728703,-0.12568460417412824,1.0773457755423783,-0.34066283251219676,0
601,2024-09-14 19:42:54.539770996,0,003,-0.06494856839387529,0.0662161663337605,-0.12141065522465357,0.076988124570043,0.1551458829781423,-0.12953297574013697,1.0647923266714243,-0.3202431432762469,0
602,2024-09-14 19:42:55.482951904,0,003,-0.08310806296622465,0.07672239910482997,-0.17514657279484647,0.08555087167779164,0.1693915268414481,-0.1320203635104271,1.0288046749767905,-0.2973314134884465,0
603,2024-09-14 19:42:55.540052979,0,003,-0.09929603999773128,0.08736456576403,-0.24312559525656438,0.0964217594119699,0.1830465536099918,-0.13308650958240723,0.9680024889152031,-0.271751497003897,0
604,2024-09-14 19:42:55.618606201,0,003,-0.11356806656094558,0.09811103240397794,-0.32291063231315487,0.10910903143133639,0.1966689256219652,-0.13276470286449238,0.8826638681103361,-0.24350229802958864,0
605,2024-09-14 19:42:55.679213135,0,003,-0.1260151306091668,0.10888891532381374,-0.4109197616451597,0.12309103532757057,0.21091458550026757,-0.131173918565522,0.774634552841282,-0.21280209806160247,0
606,2024-09-14 19:42:55.740312012,0,003,-0.13667368224304308,0.11956341567577183,-0.5026684188932218,0.13778684095569463,0.22644473166426227,-0.1285021493166684,0.6472971444493044,-0.18016307468306572,0
607,2024-09-14 19:42:55.818478027,0,003,-0.14543665693615787,0.1299171400954618,-0.5931352362273916,0.15251160870013183,0.24380711594799562,-0.12498394671876291,0.5055607138652481,-0.14644793120838961,0
608,2024-09-14 19:42:55.880965088,0,003,-0.15199713411198668,0.139637723535543,-0.6771973108363308,0.16644444558138818,0.2633097522144582,-0.12087619026499972,0.355698987226292,-0.11284669786270478,0
609,2024-09-14 19:42:56.832066162,0,003,-0.15585695731384658,0.14832177819787598,-0.7500132181524004,0.17862502273101713,0.28491343384795087,-0.11643547243602115,0.20489970999798632,-0.08075369666278133,0
610,2024-09-14 19:42:56.888408936,0,003,-0.15640622703870588,0.15549717778669928,-0.8072753734279472,0.18799867985540256,0.30817971704904823,-0.11189956422606236,0.06050366303307851,-0.05157355410835186,0
611,2024-09-14 19:42:56.967760010,0,003,-0.15304268280100272,0.1606593243696224,-0.8453935053192473,0.1935167923654864,0.33229595993007194,-0.10747409337326203,-0.07097499256007615,-0.026504089777383246,0
612,2024-09-14 19:42:57.035577148,0,003,-0.1452869463773995,0.1633153503638737,-0.8617304715177092,0.19426707661589637,0.35615575367417845,-0.10332216674197862,-0.1847950535115576,-0.006349705526769689,0
613,2024-09-14 19:42:57.103358887,0,003,-0.13286623890673033,0.1630309950875198,-0.8549018026824239,0.18959309393477225,0.37845450766330657,-0.09955361846353193,-0.27854261531384006,0.008574879625047837,0
614,2024-09-14 19:42:57.167395020,0,003,-0.11575786151678226,0.15947439408758277,-0.8249856336645286,0.1791724515549938,0.39778076748948665,-0.0962154266510371,-0.3520813323701614,0.018411655586334237,0
615,2024-09-14 19:42:57.239007080,0,003,-0.09419220248699862,0.15245049937925823,-0.7734486972384552,0.16304016897813178,0.4127068357142468,-0.09328902384913634,-0.4069970113461831,0.023614913778063396,0
616,2024-09-14 19:42:58.142456055,0,003,-0.06862425341368199,0.14192142294374907,-0.7027341930115613,0.1415577710473139,0.42189175206372415,-0.09069843584884739,-0.4458203147438333,0.024763974442468393,0
617,2024-09-14 19:42:58.221039062,0,003,-0.03968778237360031,0.1280106942133578,-0.615659105706688,0.11534384379850751,0.42420782392249223,-0.08832908897870528,-0.47128129400165564,0.02240559239410576,0
618,2024-09-14 19:42:58.283525879,0,003,-0.008141088719247005,0.11099303273395855,-0.5148418387429623,0.08519088196431339,0.418881501655851,-0.08605262389816068,-0.48575824334522283,0.016961521059910067,0
619,2024-09-14 19:42:58.344687012,0,003,0.025187869984164446,0.09127564034305649,-0.4022882151924969,0.05198388549137662,0.4056159761788094,-0.08374891586353034,-0.49103537340808595,0.00870047994540287,0
620,2024-09-14 19:42:58.421878174,0,003,0.05944831912643178,0.06937718687104028,-0.2791803804290923,0.016627988355377595,0.3846654766332415,-0.08131826547802487,-0.48839770975420943,-0.0022397243043619655,0
621,2024-09-14 19:42:58.495687012,0,003,0.09380716765829734,0.045904174824359024,-0.1459251569188635,-0.02000113267214007,0.356847128187161,-0.07868327606977327,-0.478919234768206,-0.015804002662956885,0
622,2024-09-14 19:42:58.563501953,0,003,0.12748849484873775,0.02152020377231554,-0.002464209581025483,-0.05708231753926684,0.32348236137878367,-0.07578375803889313,-0.4636859167908395,-0.03198242801810072,0
623,2024-09-14 19:42:59.507134033,0,003,0.15980419774604304,-0.003091709244958593,0.15130517221822412,-0.09387128908185603,0.28626972962892444,-0.07256919892697157,-0.44377122216794535,-0.050809143423887405,0
624,2024-09-14 19:42:59.574978027,0,003,0.19016656419513736,-0.02726882251292974,0.31516921506670276,-0.12972499880307034,0.24710995842244962,-0.06899358004648153,-0.4199814892457901,-0.07238292595868183,0
625,2024-09-14 19:42:59.640937012,0,003,0.21809165592014548,-0.050407440291194115,0.4883195343895731,-0.16410389436541567,0.20791341222844661,-0.06501418439509747,-0.39255384889134015,-0.09686454977242936,0
626,2024-09-14 19:42:59.707277100,0,003,0.24320913238421485,-0.07199912002574936,0.6691240076897866,-0.1965511089648809,0.17041913267194334,-0.06059266506857233,-0.3610106891255475,-0.12442398186469912,0
627,2024-09-14 19:42:59.765744873,0,003,0.26527770543023343,-0.09165836934276655,0.8550076172808951,-0.22668324707063223,0.1360523427773324,-0.05569715922881088,-0.32425605522022316,-0.15515052436304416,0
628,2024-09-14 19:42:59.843852051,0,003,0.28419128189193205,-0.10913416012568364,1.0425074525292013,-0.2542078063030026,0.1058362865599465,-0.05030478547504866,-0.2808533873039651,-0.1889536400320656,0
629,2024-09-14 19:42:59.905055908,0,003,0.29996752198215737,-0.12430356030152918,1.227421173302123,-0.2789393889598226,0.0803522158151219,-0.04440194750585108,-0.22935272346167884,-0.2254795731418781,0
630,2024-09-14 19:43:00.820944092,0,003,0.31272495788509036,-0.13715270203445587,1.4049430787708186,-0.30079166227503207,0.05973084905108174,-0.03798044267069866,-0.16855825154293655,-0.2640672811750327,0
631,2024-09-14 19:43:00.900559814,0,003,0.32266037250962826,-0.14775252233635336,1.5698220383842993,-0.3197596700823552,0.04367150316586055,-0.03103274763066745,-0.097710061319209,-0.3037484798447203,0
632,2024-09-14 19:43:00.968357178,0,003,0.3300322013954481,-0.1562349959350449,1.716610615139107,-0.3359133602813357,0.031497492483456575,-0.023553739076909365,-0.01664114433954019,-0.34327044384146416,0
633,2024-09-14 19:43:01.022958984,0,003,0.3351418354306624,-0.1627711806808082,1.8399777311841286,-0.34939845524621577,0.022250663870921793,-0.015552797119785638,0.07401177563230259,-0.38112626972952957,0
634,2024-09-14 19:43:01.099948975,0,003,0.33829774784863254,-0.16754894108008225,1.9350281678397123,-0.3604293799087052,0.014815790661631694,-0.0070730730452643106,0.17256295774991948,-0.4156079370970753,0
635,2024-09-14 19:43:01.171792969,0,003,0.33975957616267716,-0.17075009538421376,1.997615299576508,-0.3692671244336669,0.00805555751449552,0.0017901678941926926,0.2761321927414681,-0.44490434854346755,0
636,2024-09-14 19:43:01.239598877,0,003,0.33967774293535014,-0.17253035808924305,2.024647753518576,-0.3761859346451758,0.0009299290109597074,0.010880986707616063,0.3807203036972002,-0.4672384741023773,0
637,2024-09-14 19:43:02.182326172,0,003,0.33805413055265704,-0.17300574070654728,2.014381741810505,-0.3814434993630612,-0.007418872308088952,0.019988636175835413,0.4815208441778689,-0.4810140309927387,0
638,2024-09-14 19:43:02.250188232,0,003,0.3347468141643136,-0.17224830472844216,1.966684627126515,-0.3852706311770518,-0.017613554377376484,0.028864561783213213,0.5733850553778715,-0.4849464664039186,0
639,2024-09-14 19:43:02.316145020,0,003,0.3295210488282882,-0.1702928408073879,1.8832341909154897,-0.38787774376504086,-0.03001093009722342,0.037243197325807484,0.6512945209702816,-0.47816932123839784,0
640,2024-09-14 19:43:02.377741211,0,003,0.32212084068022134,-0.16715111946157032,1.767567297141064,-0.3894561511453579,-0.044697369647932104,0.044863465108693684,0.7107258582567398,-0.4603163412375005,0
641,2024-09-14 19:43:02.439750000,0,003,0.31232908937350373,-0.1628260603664272,1.624864011101583,-0.39015766015934916,-0.061524461136876804,0.051493339007889806,0.7479132492024115,-0.4315764846864311,0
642,2024-09-14 19:43:02.516899902,0,003,0.3000025645367846,-0.15732075155977604,1.4614295611117492,-0.390055417445489,-0.0801829411926744,0.056957925303450604,0.7600776920656426,-0.39270904584178845,0
643,2024-09-14 19:43:02.578964111,0,003,0.28508666606971567,-0.15064304245760074,1.283960959928218,-0.3890959199910853,-0.10028702627603885,0.06116497746213787,0.7456266447774847,-0.34499984560548846,0
644,2024-09-14 19:43:03.522568848,0,003,0.267623445975805,-0.14280872991806495,1.0987441258319217,-0.38705139902302205,-0.12143750107466884,0.06411982140563746,0.7042588506688009,-0.29014690127340637,0
645,2024-09-14 19:43:03.600298828,0,003,0.24776804711461653,-0.1338455358053429,0.9109340348895947,-0.38349123589088013,-0.14325570870029217,0.0659257653757119,0.6369322750796617,-0.23009182628107713,0
646,2024-09-14 19:43:03.656904053,0,003,0.22581517865657658,-0.12379831189900314,0.7240636983488214,-0.37779598624015526,-0.16539728323200548,0.0667699895130314,0.5457010984486302,-0.166838852960148,0
647,2024-09-14 19:43:03.734142090,0,003,0.20221294469211795,-0.1127329368854786,0.5398908015448209,-0.36922003293126604,-0.18754654059572923,0.06689774054660279,0.43344631875012746,-0.10229593011040058,0
648,2024-09-14 19:43:03.803675049,0,003,0.17753826888438098,-0.10073421960894655,0.35860014195378936,-0.3569814603106967,-0.20938975040687158,0.0665824905526415,0.30355770103135415,-0.038148703872635234,0
649,2024-09-14 19:43:03.858246094,0,003,0.15243280415549698,-0.08789539693758426,0.17925064881404343,-0.3403423077900725,-0.23058349444828613,0.06610100454687125,0.15965998626111366,0.0242300754131135,0
650,2024-09-14 19:43:03.934494873,0,003,0.12752036602539338,-0.07430294946187357,0.00030272698008641433,-0.31865446729326596,-0.25074349626508147,0.06571446150658933,0.005451596310903103,0.08382993838710408,0
651,2024-09-14 19:43:04.883943115,0,003,0.10333079005714521,-0.06002474909230991,-0.17987116852516094,-0.2913780990730439,-0.2694612845375215,0.06565050432399268,-0.15533603840844945,0.14000288187940413,0
652,2024-09-14 19:43:04.944484863,0,003,0.0802471354516889,-0.04510743393922595,-0.36255344021948116,-0.25809639368349585,-0.2863338385003659,0.0660859678864586,-0.3188927905366905,0.19240793165519207,0
653,2024-09-14 19:43:05.019270996,0,003,0.05847943646739046,-0.02958291706011033,-0.5483817741775945,-0.21854643732212425,-0.3009902435027003,0.06713594520937324,-0.4812651748213558,0.24090852675907162,0
654,2024-09-14 19:43:05.083623779,0,003,0.038054767473595354,-0.013479144400828315,-0.7371253314277312,-0.1726827864689859,-0.31311637114420526,0.06885247761503074,-0.6383641801436257,0.2854553483828893,0
655,2024-09-14 19:43:05.154777100,0,003,0.01881302305021024,0.0031706845414879487,-0.9274159981088185,-0.12077631124080829,-0.32249110707487627,0.07123200810949933,-0.7860861827086578,0.3259884571504537,0
656,2024-09-14 19:43:05.222426025,0,003,0.0004171358111621828,0.020321849963867288,-1.1164692381376675,-0.06351567057184572,-0.32903819690971775,0.074229842016123,-0.9204802723275164,0.36237243851527146,0
657,2024-09-14 19:43:05.283654053,0,003,-0.01760052917310603,0.03791080308878413,-1.29996205834763,-0.002061653580222111,-0.3328757795827042,0.07777850480945898,-1.0379056972973106,0.3943767159858768,0
658,2024-09-14 19:43:06.232552002,0,003,-0.03575828524295193,0.05584442157642034,-1.472169298736482,0.06197554945056402,-0.33433379338501046,0.08180467285818986,-1.1352509044768082,0.4217147120927491,0
659,2024-09-14 19:43:06.300364014,0,003,-0.054548521955731906,0.07399017243340421,-1.6263566624453112,0.1266362957784914,-0.33391803669237163,0.08624014233029335,-1.2102754984176183,0.44411815278255634,0
660,2024-09-14 19:43:06.365700928,0,003,-0.0743928698541578,0.0921731426722431,-1.7553849273168203,0.18976416294376455,-0.3322261461960147,0.09102565508289387,-1.261959478329122,0.4613875306978509,0
661,2024-09-14 19:43:06.427246094,0,003,-0.09561872962972334,0.11018034485258661,-1.852436210328193,0.24917368653975056,-0.32984696259138246,0.09610912438790394,-1.2906782835267072,0.4733924517567266,0
662,2024-09-14 19:43:06.489730957,0,003,-0.11843142858504563,0.12776780645485386,-1.9117374483435177,0.3028051642813515,-0.32727699004502026,0.10144178696281561,-1.2981561469478067,0.480061026316,0
663,2024-09-14 19:43:06.566937988,0,003,-0.14287716687431384,0.1446666286280825,-1.9291633992820796,0.3488570007022196,-0.32486817502666004,0.10697655990199863,-1.2872706981069935,0.48140522232899946,0
664,2024-09-14 19:43:06.639309814,0,003,-0.1688150665635341,0.16058859448772406,-1.9026551197740167,0.3858918629897286,-0.3228045610679971,0.11266948800369607,-1.2617671831786386,0.4775771627859016,0
665,2024-09-14 19:43:07.582646973,0,003,-0.1959171261195534,0.17523595565108202,-1.8324699504381705,0.4129148927897544,-0.32110485568300823,0.11848048530571188,-1.2258950469548486,0.4689159617192415,0
666,2024-09-14 19:43:07.650489990,0,003,-0.22369728143358628,0.18831879392153894,-1.7213139327817466,0.4294322543707277,-0.31965144019369807,0.12437059600219168,-1.1840117760993507,0.4559581728157785,0
667,2024-09-14 19:43:07.718223145,0,003,-0.25155143106926253,0.19957651149936267,-1.5743525539418235,0.4354981691939991,-0.3182366005376394,0.13029785920190987,-1.1402802562787793,0.4394188650671583,0
668,2024-09-14 19:43:07.785973145,0,003,-0.27878728312687395,0.20879581985889778,-1.3990125906381206,0.4317347454470332,-0.31660539784975616,0.13621500260883027,-1.098568813202177,0.4201682894858684,0
669,2024-09-14 19:43:07.845489990,0,003,-0.30464279987719356,0.21582137293023584,-1.2045163467907436,0.4192971522238031,-0.3144857404517654,0.14206936968331282,-1.0624798347763973,0.3992148130881553,0
670,2024-09-14 19:43:07.921550049,0,003,-0.3283131555841569,0.22056125899245405,-1.0012592111578789,0.3997874379282731,-0.31161304720277183,0.14780315460991886,-1.03526101465286,0.37767410880167274,0
671,2024-09-14 19:43:07.985663818,0,003,-0.3490013917701038,0.22299078333257538,-0.8002040408891191,0.3751448769912934,-0.3077486458694952,0.1533516628631943,-1.0194296154397116,0.35669150811288036,0
672,2024-09-14 19:43:08.906489014,0,003,-0.36598439319141085,0.22315478387667861,-0.6122792778064843,0.3475150702395354,-0.3026782674953631,0.15863928766088822,-1.0162328556390543,0.337310240859184,0
673,2024-09-14 19:43:08.968989014,0,003,-0.3786704279327329,0.22116603457376852,-0.4476366225359453,0.3190780232933562,-0.2961902617393579,0.16357613948652433,-1.0252546095818618,0.3203235662314884,0
674,2024-09-14 19:43:09.030549072,0,003,-0.38662632005076975,0.21719733160948554,-0.31476489384450906,0.29184499357952615,-0.2880561342248852,0.16805902560882208,-1.0443682193341524,0.30616858101725625,0
675,2024-09-14 19:43:09.107748047,0,003,-0.3895687328708538,0.21146720510562197,-0.21963710647536364,0.26747099120146206,-0.2780406439813086,0.17197818677868412,-1.0700240733435884,0.294899396291765,0
676,2024-09-14 19:43:09.177781006,0,003,-0.3873396496138969,0.20422333300299497,-0.16510188305667411,0.24712969652651365,-0.26594761986667476,0.17522849748781452,-1.0977754560394029,0.2862418320904843,0
677,2024-09-14 19:43:09.245590088,0,003,-0.37989659297862977,0.19572960999706876,-0.1506859413393612,0.23147023053760943,-0.2516766282506369,0.17772152734578484,-1.1229452043603878,0.279705882128477,0
678,2024-09-14 19:43:09.313390869,0,003,-0.3673262435544223,0.18625826427839692,-0.17284367142398138,0.22064195828649136,-0.23525558802088917,0.1793934841833117,-1.14132207405076,0.27472205781364434,0
679,2024-09-14 19:43:10.256927002,0,003,-0.34986158263372047,0.1760828527977239,-0.22547469944019374,0.2143524873184747,-0.21683289797160937,0.18020468858288563,-1.1497583799710747,0.2707630676319631,0
680,2024-09-14 19:43:10.324770020,0,003,-0.32787701244750317,0.1654686539183556,-0.30047980330295904,0.21193197698663535,-0.19663578915227062,0.18012896552577326,-1.1465262192823549,0.2674073972271298,0
681,2024-09-14 19:43:10.392613037,0,003,-0.30185042299049625,0.15466100128197333,-0.38834725570595724,0.2124085318623779,-0.17491490240270868,0.1791362177715345,-1.1313192773349336,0.264318867112029,0
682,2024-09-14 19:43:10.449980957,0,003,-0.27230165162824443,0.14387387689303097,-0.47894843370991885,0.21462184763198855,-0.15190070612191967,0.17717645465744555,-1.1049489142140905,0.26117302339055015,0
683,2024-09-14 19:43:10.527487061,0,003,-0.23972983658629538,0.13328059079679963,-0.5626221963683331,0.21738531639891204,-0.12778881730738714,0.17417319426158817,-1.0689520083496646,0.2576051318964917,0
684,2024-09-14 19:43:10.596076904,0,003,-0.2045731751604697,0.12300801846033788,-0.6313592318244945,0.21966375790116163,-0.1027486151364872,0.17002753861488068,-1.0252751639375874,0.25322315013478536,0
685,2024-09-14 19:43:10.663863037,0,003,-0.1672099113727306,0.11313629508386508,-0.67970903517424,0.22070895980288305,-0.07693778009906464,0.16462930814842933,-0.9760209730132431,0.24766184266424845,0
686,2024-09-14 19:43:11.579100098,0,003,-0.12800860556480828,0.10370549926763752,-0.7050999103883527,0.2201112792504801,-0.05051568318900872,0.1578733817852539,-0.9231861743205784,0.2406311157876422,0
687,2024-09-14 19:43:11.641108887,0,003,-0.08741601584826518,0.09472830731394612,-0.7075624276128365,0.21776984994118975,-0.02365992435557106,0.14968145514132772,-0.8683970177226383,0.23193696236528127,0
688,2024-09-14 19:43:11.718243896,0,003,-0.04604722437301843,0.08620342173761424,-0.6890934497051217,0.21381920743144828,0.00341450936325743,0.1400249129374087,-0.8127274119419589,0.22148715148727022,0
689,2024-09-14 19:43:11.784510009,0,003,-0.004729243877172013,0.07812233877457042,-0.652894689394977,0.2085474462062932,0.0304470418032527,0.1289392036650706,-0.7566890846434788,0.20930918744841137,0
690,2024-09-14 19:43:11.854744873,0,003,0.035531143663565995,0.07046614021440985,-0.6026319476084474,0.2023194447637068,0.05714623605386753,0.1165241399987422,-0.7004024443448238,0.19559383875691186,0
691,2024-09-14 19:43:11.922549072,0,003,0.07363618660683029,0.0631972995513672,-0.541850708335413,0.1955079949121115,0.08321717879436619,0.10293424183140143,-0.6438866209611115,0.1807507633385495,0
692,2024-09-14 19:43:11.980954102,0,003,0.1084939223441794,0.05625532748906181,-0.4736514176613076,0.18843298966296906,0.10837550586428049,0.08836675807236229,-0.5873928619709237,0.1654488230136474,0
693,2024-09-14 19:43:12.932979004,0,003,0.13909145742016404,0.04956059046571587,-0.40060829639447953,0.18130895079684584,0.13233465095368196,0.07305086700350519,-0.5316677735958292,0.15060868326572102,0
694,2024-09-14 19:43:12.989968018,0,003,0.16454622691364518,0.04302288631531847,-0.32482927144344764,0.1742081060687244,0.15477649515666714,0.05723768940254697,-0.4779946508284918,0.1373201149577674,0
695,2024-09-14 19:43:13.067983887,0,003,0.18415189947401414,0.036547264251138155,-0.2480763137857216,0.16705180197425168,0.17532538692964808,0.041190873046610635,-0.42794400163450813,0.12668832077402184,0
696,2024-09-14 19:43:13.136389893,0,003,0.19743336313597257,0.03003293152415629,-0.17190301029892813,0.15963336889677293,0.19354364820033582,0.025177823760644938,-0.3829489154639326,0.11965457076502366,0
697,2024-09-14 19:43:13.204216064,0,003,0.20421187050989092,0.023368721921932543,-0.097745981070347,0.15165650761506352,0.20895912495071337,0.009460443563289072,-0.3439446351491102,0.1168458356950478,0
698,2024-09-14 19:43:13.268800049,0,003,0.20466099638972673,0.016432315329683814,-0.026909786742025665,0.14277035887874745,0.22111840096257776,-0.005715024772971264,-0.3112449882214167,0.11848204977495891,0
699,2024-09-14 19:43:13.339850098,0,003,0.1993198331627635,0.009098740874788545,0.03952504134545678,0.1326010333944614,0.22964692201314063,-0.020127030998455368,-0.2846422512122058,0.12434248160076714,0
700,2024-09-14 19:43:14.281991943,0,003,0.1890404476547056,0.0012600493934562312,0.10077656829289423,0.1207923856014801,0.23430583439372965,-0.033584716672787625,-0.2635967387274082,0.13378189233639434,0
701,2024-09-14 19:43:14.337160156,0,003,0.1748800823750415,-0.007147744753339028,0.1563808102488252,0.10706112747955032,0.2350444515592631,-0.04593073360272939,-0.24737507003029902,0.1457788931746045,0
702,2024-09-14 19:43:14.414789795,0,003,0.15797381360959326,-0.016119686119621758,0.20618103208471822,0.09125838551127005,0.23203484681374406,-0.05704070541214355,-0.2350562682335925,0.1589990146642924,0
703,2024-09-14 19:43:14.485480957,0,003,0.13942277428090338,-0.02556808493129074,0.25028360839236324,0.07342387478216325,0.22566853200401304,-0.06681934121109465,-0.22541023293171872,0.17187189713539625,0
704,2024-09-14 19:43:14.553214111,0,003,0.12021647773648958,-0.03532449347872786,0.28896351601657744,0.05381526472613043,0.21652218752205551,-0.07519628370515101,-0.21671575501117174,0.18269263632341926,0
705,2024-09-14 19:43:14.616239990,0,003,0.10118365984576723,-0.04515545462033547,0.32254605140372816,0.03289896032806345,0.20532193846861255,-0.08212636519876984,-0.2066377852861563,0.1897567250055912,0
706,2024-09-14 19:43:14.678318115,0,003,0.08295191498075417,-0.05478422480524462,0.3512769481130635,0.011309669413817905,0.19291026872776545,-0.08759377480799455,-0.1922911575022907,0.19152795697938588,0
707,2024-09-14 19:43:15.632080078,0,003,0.06591495338003625,-0.06391050964889045,0.3751446011257561,-0.010196686625206938,0.18018384903959594,-0.0916125988625072,-0.17050515971465438,0.18680652960948224,0
708,2024-09-14 19:43:15.699916992,0,003,0.050230481268951764,-0.07222558208515789,0.39366579777386457,-0.03078394081074678,0.16798357336687816,-0.09421752432937688,-0.13818674438273656,0.17484398839623058,0
709,2024-09-14 19:43:15.767724121,0,003,0.035854553712064634,-0.07942373004013578,0.4057555657536049,-0.04958089714647879,0.15695860496210376,-0.09544615392787183,-0.09268538625332802,0.15537946395709967,0
710,2024-09-14 19:43:15.835539062,0,003,0.02258542860420896,-0.08521013009090274,0.409816919554872,-0.06574212813763038,0.14744195911380042,-0.09531764975461496,-0.03210506612683018,0.12861136280628926,0
711,2024-09-14 19:43:15.902856201,0,003,0.01009736580527967,-0.08930579898413106,0.40404807025285516,-0.07851066670748379,0.1393704997886245,-0.09381258516210973,0.04446574337817187,0.09513244112739497,0
712,2024-09-14 19:43:15.971094971,0,003,-0.0020247740018302382,-0.0914540383281058,0.3868003361309355,-0.08725266567829718,0.13227451219699912,-0.09086268258705789,0.1367829226105574,0.055859885892500814,0
713,2024-09-14 19:43:16.027530029,0,003,-0.014236063930406188,-0.0914326023870982,0.35679359887820306,-0.09145093636138382,0.12534126818527752,-0.08635961682252957,0.2433012753286798,0.011990530982091787,0
714,2024-09-14 19:43:16.982207031,0,003,-0.026974202701510894,-0.08906920099410887,0.3131182000592535,-0.09066963989007579,0.11752750653584099,-0.08018073286359585,0.36111166982622317,-0.03501641587670128,0
715,2024-09-14 19:43:17.050039062,0,003,-0.04061242755765745,-0.08425335931019035,0.2551085974591899,-0.08451321005094657,0.10768526210984145,-0.07221779462520339,0.48605666391798724,-0.08346200841219922,0
716,2024-09-14 19:43:17.117822021,0,003,-0.055433751882735624,-0.07694091505000107,0.18224371595577105,-0.07260600243565393,0.09468658794967051,-0.062399094293678695,0.6130463802845549,-0.13147144282821735,0
717,2024-09-14 19:43:17.182372070,0,003,-0.0716281766940156,-0.06715300041590165,0.09417497360823025,-0.054614761066791806,0.07755231676161169,-0.0507067270581926,0.7365459643982276,-0.17711106837178692,0
718,2024-09-14 19:43:17.253478027,0,003,-0.0893010892370707,-0.054973237927666764,-0.009115457215339025,-0.030317450289582947,0.05557224281966166,-0.03719091442762133,0.8511482569937606,-0.21853924056496038,0
719,2024-09-14 19:43:17.321192871,0,003,-0.10846291894518834,-0.04054649400057977,-0.12707676300327708,0.000298640081576563,0.028383663193454752,-0.02197774657857291,0.9520382139180934,-0.2541478121073474,0
720,2024-09-14 19:43:17.389009033,0,003,-0.12898402374552465,-0.024080205212282758,-0.25832904088516,0.03693179883053235,-0.004001782508434919,-0.00526977273263465,1.0352125541735386,-0.28266358696620025,0
721,2024-09-14 19:43:18.332281006,0,003,-0.15054941835797547,-0.00584409802898504,-0.4004380360631556,0.07886963725725306,-0.041198912424085056,0.012655999008562561,1.0975480833681766,-0.30321406188003075,0
722,2024-09-14 19:43:18.395886963,0,003,-0.1726658841505216,0.013836899276416112,-0.549805961325308,0.12492696744335152,-0.08245299557643901,0.031450283578623305,1.1368964170451394,-0.31536454891033655,0
723,2024-09-14 19:43:18.467883057,0,003,-0.19472677718032916,0.03459384703057497,-0.7017940268341318,0.17346403709368294,-0.1266435594883539,0.05069490536168258,1.1522258518254611,-0.3191142812053222,0
724,2024-09-14 19:43:18.528996094,0,003,-0.21609070491695134,0.05602043597860128,-0.85112938607509,0.2225084738613331,-0.17230289206429994,0.06990853187659248,1.1436888347871856,-0.3148463998658078,0
725,2024-09-14 19:43:18.598668213,0,003,-0.2361348712970191,0.07767234709299219,-0.9924432754579324,0.2699377469621632,-0.2176734666665711,0.08855756661423884,1.1125402008467542,-0.30324934325604463,0
726,2024-09-14 19:43:18.671233887,0,003,-0.2542772192891591,0.09906547110220212,-1.1206679868575393,0.3136485015062719,-0.2608217744231623,0.10607744794771673,1.0609351350201526,-0.2852296672431822,0
727,2024-09-14 19:43:18.732392090,0,003,-0.26998023946648975,0.11967983288060499,-1.2311598878168188,0.3516702767076849,-0.2998011489563603,0.12190561696980555,0.9916486602797354,-0.2618263894927467,0
728,2024-09-14 19:43:19.650659180,0,003,-0.28275390936717204,0.138972207856865,-1.3196280614028653,0.3822251984984625,-0.3328291706046537,0.13551863527158978,0.9077333859179131,-0.23413387940196256,0
729,2024-09-14 19:43:19.713587158,0,003,-0.2921744587107879,0.156397764177004,-1.3820487996354445,0.40376538239561593,-0.35843425327448286,0.14646213846370432,0.8121381530958781,-0.2032410669047949,0
730,2024-09-14 19:43:19.791210938,0,003,-0.2979204616835616,0.17143822006770645,-1.4147536694670693,0.4150306835455059,-0.3755421520946729,0.1543685136164214,0.7073529262271279,-0.1701916802404729,0
731,2024-09-14 19:43:19.853276855,0,003,-0.2998100034291365,0.18363156375676853,-1.41479213182886,0.41514700856039227,-0.38351099928393617,0.15896805291162136,0.5952234401834834,-0.1359654355763093,0
732,2024-09-14 19:43:19.917250000,0,003,-0.2978258326054576,0.19259927190612583,-1.3804802159105478,0.40373690011522423,-0.3821464470567502,0.16010354842038843,0.47709624256302413,-0.10148244771876522,0
733,2024-09-14 19:43:19.993259033,0,003,-0.29212521568610833,0.19806862259907757,-1.3119032339361816,0.38098763233831673,-0.37171248484864716,0.15775124067068358,0.35429757959889147,-0.0676370486884512,0
734,2024-09-14 19:43:20.054465088,0,003,-0.2830221739064889,0.1998864844961798,-1.2112075334058199,0.3476557050042952,-0.3529291780216338,0.15204127628241174,0.2287106837783472,-0.03534431814733818,0
735,2024-09-14 19:43:21.007464111,0,003,-0.2709182119654085,0.19801958380087764,-1.0826724982470308,0.30503429391617254,-0.3269467289404716,0.14326807556104784,0.10312544472803827,-0.005545439905112637,0
736,2024-09-14 19:43:21.070095947,0,003,-0.2561771583302332,0.19253937173828556,-0.9325494203823007,0.2549008251574857,-0.29529134196017537,0.13188453282603993,-0.018808410389555982,0.020866150844444563,0
737,2024-09-14 19:43:21.132178955,0,003,-0.2389842316941977,0.1835967952682693,-0.7685685983681131,0.1994234366721701,-0.25977821781773663,0.11847839178796471,-0.1329426874883188,0.0431663406375004,0
738,2024-09-14 19:43:21.210901123,0,003,-0.21925481872406433,0.17139759336325366,-0.5990987232751184,0.1410077996371509,-0.2223910184825737,0.10373293695840843,-0.23510862548322023,0.06090059850236088,0
739,2024-09-14 19:43:21.270524902,0,003,-0.1966356924438935,0.15618640090726219,-0.43214301839944785,0.08210364980479465,-0.18513638676522923,0.08837760819278236,-0.3215501799581616,0.07391970750912412,0
740,2024-09-14 19:43:21.331598877,0,003,-0.17059146579842088,0.13824051419733802,-0.27444917710747707,0.02501392839614577,-0.14988930131468026,0.0731359764026731,-0.38920901709272865,0.0823453999995135,0
741,2024-09-14 19:43:21.414231934,0,003,-0.1405360265070925,0.1178692843492597,-0.13092925365880612,-0.028262065806708567,-0.11825252392984505,0.05867751335091593,-0.4358185712163966,0.08647887665590281,0
742,2024-09-14 19:43:22.357534912,0,003,-0.1059707665146527,0.09541480733005574,-0.004452350894635292,-0.07614308939483863,-0.09145664308339935,0.0455770160907959,-0.45986950022828016,0.0866803192000675,0
743,2024-09-14 19:43:22.420728027,0,003,-0.06661199281602492,0.07125206562138078,0.10398888418758116,-0.11753064592438998,-0.07031482570267612,0.03428405766019836,-0.46056426580724,0.08326152114226819,0
744,2024-09-14 19:43:22.491480957,0,003,-0.022499551445943053,0.04578918838769033,0.1947744146703727,-0.15180908246353753,-0.05522390945815289,0.025104201335613228,-0.43780927959426824,0.07642993291448363,0
745,2024-09-14 19:43:22.552434814,0,003,0.025932012889205526,0.019467260824192877,0.26896063423055866,-0.1787839957860285,-0.04619257404654461,0.01819198471640926,-0.392216774842893,0.06630223536275966,0
746,2024-09-14 19:43:22.628752930,0,003,0.07784650596439166,-0.007244080609520189,0.3276427809797416,-0.19859401208348548,-0.042888005062102365,0.013554548979209687,-0.32510533463851615,0.05297987132978614,0
747,2024-09-14 19:43:22.691303955,0,003,0.1320756456407193,-0.033858877912975587,0.3715793985435189,-0.21163739445550128,-0.0447058353780363,0.011065708277157214,-0.23852597684402777,0.03665651367550921,0
748,2024-09-14 19:43:22.764342041,0,003,0.187246971931566,-0.05989471008757919,0.4011038787887085,-0.21852564959320786,-0.050862612180868766,0.010490160553354848,-0.1353277246187511,0.0177218806751648,0
749,2024-09-14 19:43:23.681920898,0,003,0.241926494507789,-0.08489560891628088,0.416239634728464,-0.22004529191564673,-0.06049338284322243,0.01151575289397946,-0.01923768679799088,-0.00316398696405896,0
750,2024-09-14 19:43:23.743504150,0,003,0.2947367971749426,-0.10845216262349891,0.4169600748683634,-0.2171040274968297,-0.07273012811022263,0.01379041265303194,0.10510237014037876,-0.02504837848219913,0
751,2024-09-14 19:43:23.805006104,0,003,0.34444207238620844,-0.13021609470747467,0.40353118540527533,-0.21065037567044356,-0.08674518968628511,0.016958758893660098,0.2322330424661911,-0.04674038414081447,0
752,2024-09-14 19:43:23.885886963,0,003,0.39000760662807876,-0.14990954426107586,0.37680012874617064,-0.20157262019451047,-0.10176076373171303,0.020692479035382922,0.35618854714656656,-0.0669441650295032,0
753,2024-09-14 19:43:23.943468994,0,003,0.4306292703560524,-0.16732868564765446,0.33830794591074775,-0.1906011480428361,-0.11703899176359683,0.024711006017437552,0.47097547093200637,-0.08442201646758025,0
754,2024-09-14 19:43:24.021354004,0,003,0.46572121144653345,-0.1823404382159486,0.29024631698097003,-0.17825076035950227,-0.13186625853632974,0.0287921558707133,0.5710307156372042,-0.09811736353823058,0
755,2024-09-14 19:43:24.082654053,0,003,0.4948622988215819,-0.19487206400126722,0.23536859281087022,-0.16482992477214894,-0.14554036219744582,0.032773953699169224,0.6515164347891415,-0.10721400887495805,0
756,2024-09-14 19:43:25.021468018,0,003,0.5177206890734577,-0.2048956486006157,0.17689497570804114,-0.15050632568406194,-0.15737666662855732,0.036551204547924945,0.7084613879478746,-0.11115750516697263,0
757,2024-09-14 19:43:25.099392822,0,003,0.5339895787141304,-0.2124124456841205,0.11833701423360028,-0.13538357014081084,-0.1667502867671689,0.04007166323864591,0.7388066356485357,-0.10965357326451608,0
758,2024-09-14 19:43:25.168268799,0,003,0.5433630589224226,-0.21744389588694774,0.06317618010208066,-0.11955304444255632,-0.1731623217186241,0.04333310408282897,0.7404068960217383,-0.10263546277956206,0
759,2024-09-14 19:43:25.236056152,0,003,0.5455547063264675,-0.22003339517785128,0.014472254864325629,-0.10312286435408756,-0.17628959925595386,0.046378201728447054,0.7120672775361581,-0.09020957575179579,0
760,2024-09-14 19:43:25.303829834,0,003,0.540339759004205,-0.2202566621342943,-0.025418520491512307,-0.08623966606054054,-0.17599163677865487,0.04928465469936371,0.653659874270716,-0.07260713898101182,0
761,2024-09-14 19:43:25.371652100,0,003,0.5276075903468724,-0.2182345069853542,-0.054896239575984544,-0.06910521560369298,-0.17228838419088136,0.05215162624479503,0.5662526331211302,-0.05015749292901582,0
762,2024-09-14 19:43:25.439281006,0,003,0.5074214875386959,-0.2141417679643218,-0.07299177704471266,-0.05198140034883377,-0.16534348749676517,0.05508697022190485,0.4521645254037594,-0.02328475672456973,0
763,2024-09-14 19:43:26.372121094,0,003,0.4800711999431279,-0.20820705407619305,-0.0792349734835813,-0.03517640922126874,-0.15547813477496927,0.05820119910635876,0.31492388357417056,0.007476781340478548,0
764,2024-09-14 19:43:26.450531982,0,003,0.4460912853907363,-0.2007002367367449,-0.07364619313170967,-0.01900704458451352,-0.14320982760181003,0.06160985257847239,0.1590599338755945,0.041472035440958836,0
765,2024-09-14 19:43:26.518338867,0,003,0.4062328173685592,-0.19191073432077552,-0.056837075289994245,-0.0037414588768705445,-0.1292778911710017,0.0654369515433923,-0.01038575675202729,0.07794878164315049,0
766,2024-09-14 19:43:26.586092041,0,003,0.36140586344188186,-0.18212467748981906,-0.03010708993242545,0.010463723198993278,-0.1146144981927212,0.0698086836071681,-0.1885463851910801,0.1161108469818294,0
767,2024-09-14 19:43:26.652617920,0,003,0.3126257149634952,-0.1716073677468139,0.004584102195376329,0.023613058837020286,-0.10025472436143697,0.07483336334705577,-0.3713157381214935,0.15516602432434168,0
768,2024-09-14 19:43:26.714152100,0,003,0.2609836373585127,-0.16059237929837072,0.04479562960823782,0.03589206218171803,-0.08722033850153994,0.08057430854797232,-0.5556011347802755,0.19434059509268276,0
769,2024-09-14 19:43:26.775250000,0,003,0.2076352810495138,-0.14927562576136147,0.08784979679746097,0.047647875878612106,-0.07642537183476696,0.08702784139469649,-0.7392214066604059,0.23284857550129606,0
770,2024-09-14 19:43:27.730464111,0,003,0.15378664504050513,-0.13781249900603817,0.13106742563454502,0.05932808383949082,-0.06862798473242887,0.0941153504299636,-0.9205460648993216,0.2698255938574727,0
771,2024-09-14 19:43:27.800590088,0,003,0.10066924276513874,-0.12631761532832322,0.17198048368594027,0.07139007914433244,-0.06441629114092418,0.10168967050225981,-1.0980355534864417,0.30426887225546817,0
772,2024-09-14 19:43:27.868270996,0,003,0.049505772226199264,-0.11486720885636359,0.20848689020408348,0.08421313164546673,-0.06420250898595173,0.10955031700745081,-1.269873507045607,0.33502922908457744,0
773,2024-09-14 19:43:27.936096924,0,003,0.0014611756370622128,-0.10350216333491107,0.23890558408964824,0.09804220818548545,-0.06821351439260603,0.11746229587359554,-1.4338066533032476,0.36087004992391253,0
774,2024-09-14 19:43:28.003860840,0,003,-0.04242244833250912,-0.09222925685253079,0.26195978411741605,0.11297077148532245,-0.07647824432558399,0.1251747615417394,-1.5871843568323432,0.3805806833291795,0
775,2024-09-14 19:43:28.067774902,0,003,-0.08128888348404165,-0.08102289109577872,0.2767479535711809,0.1289527217912015,-0.08881157846400572,0.13243640630510053,-1.7271257197599985,0.39311865927669093,0
776,2024-09-14 19:43:28.139331055,0,003,-0.11450594633829793,-0.0698333762446417,0.28271683459097047,0.14582132980017,-0.10479322099150738,0.13900604477057685,-1.8507283643775831,0.39774281345955076,0
777,2024-09-14 19:43:29.082870850,0,003,-0.14167390421216852,-0.05860392011483298,0.2796377882610198,0.16328396845781393,-0.1237471149914029,0.14465898707221914,-1.955245127432782,0.39409862522889993,0
778,2024-09-14 19:43:29.150690186,0,003,-0.16261628360975625,-0.04729075067802095,0.2676254122770142,0.18087740488945328,-0.14473619451602077,0.1491908206158578,-2.0382264184398484,0.3822452063192996,0
779,2024-09-14 19:43:29.218189941,0,003,-0.17736867169198334,-0.03587795185322703,0.24719105225872082,0.1979182052617971,-0.16658955039565934,0.15242130625825262,-2.097704870357165,0.36265298188738937,0
780,2024-09-14 19:43:29.286254883,0,003,-0.18617453614450336,-0.024382434158393616,0.21921846954921653,0.2135144804716922,-0.18796808945287688,0.15420157948810062,-2.1324450971552493,0.33620260878552705,0
781,2024-09-14 19:43:29.341293945,0,003,-0.18948613008539153,-0.012850473865307716,0.18479341507502825,0.2266636957344677,-0.20745967542217228,0.15442531049626143,-2.1421537790930536,0.3041688050944844,0
782,2024-09-14 19:43:29.418188965,0,003,-0.18795700316052577,-0.0013512569159939403,0.14497703302125506,0.2363901306302956,-0.22369389723555794,0.15304155639563038,-2.1275665173223715,0.26814988526858563,0
783,2024-09-14 19:43:29.480757080,0,003,-0.18240559314126562,0.010027467571075473,0.10063721369307692,0.24186130644469567,-0.23547017879420304,0.15006693177873576,-2.0904410767724086,0.22994172318612544,0
784,2024-09-14 19:43:30.407376953,0,003,-0.1737391975450319,0.021180598004447694,0.052346954996103694,0.24246446156736914,-0.24188102171642578,0.14559454848315098,-2.0334650972723662,0.19138509843331916,0
785,2024-09-14 19:43:30.475205811,0,003,-0.16285520796574363,0.031986334816948035,0.00032233252690174553,0.23785427873375042,-0.24240134190252785,0.13979499659650907,-1.960020957679848,0.15420671944600206,0
786,2024-09-14 19:43:30.529498047,0,003,-0.1505542157347818,0.0423091838478025,-0.0555828647441872,0.2279775199088307,-0.2369272321358295,0.13290516760588122,-1.8738007288014369,0.11986907226103288,0
787,2024-09-14 19:43:30.606751953,0,003,-0.13748703787117472,0.05200619646059629,-0.1157796427484811,0.21306766255267384,-0.22576847427493174,0.12520628453618401,-1.778295539540077,0.08944017290068841,0
788,2024-09-14 19:43:30.668783936,0,003,-0.12413399564673284,0.06093465358491114,-0.18070161392432144,0.1936011834710141,-0.2096066149031752,0.11699749275695942,-1.6761656880276257,0.06348094607670926,0
789,2024-09-14 19:43:30.746372070,0,003,-0.11080803683160377,0.06895769460032677,-0.25045317453346766,0.17022098849389336,-0.1894288222231611,0.10857169872969202,-1.5686199351973018,0.04196375316615703,0
790,2024-09-14 19:43:30.814142822,0,003,-0.09768330918462605,0.0759459165606045,-0.32449392318963033,0.14365386015168663,-0.16644714512275852,0.10019801187972259,-1.4550938360217898,0.02426580854882494,0
791,2024-09-14 19:43:31.752948975,0,003,-0.08485428131598653,0.0817772970807894,-0.40146343480413643,0.11464331619802337,-0.14200895501072816,0.09211185209754101,-1.333428446029993,0.009262894901102091,0
792,2024-09-14 19:43:31.824803223,0,003,-0.07241207258768899,0.08633942453256994,-0.47910674438079554,0.08388825630814628,-0.11749994934424253,0.08451022285193399,-1.200500136227235,-0.0044974250571647315,0
793,2024-09-14 19:43:31.892584961,0,003,-0.060503300058161534,0.08953441453623386,-0.5542769591971325,0.05197606198132302,-0.09424622843337262,0.07754834258357667,-1.053132320738899,-0.01857564511220111,0
794,2024-09-14 19:43:31.953353027,0,003,-0.04934330615839631,0.09128339425231889,-0.6231042801228518,0.01933333395496816,-0.07342829874194112,0.07133577482184174,-0.8891085003943623,-0.03440162036153192,0
795,2024-09-14 19:43:32.016316895,0,003,-0.03918502287388368,0.09152763915854918,-0.6813578787736746,-0.01377371490970877,-0.056014684816494006,0.06593274171066876,-0.7080406098402611,-0.053062387002923546,0
796,2024-09-14 19:43:32.095865967,0,003,-0.030266322055912395,0.09022541476718701,-0.724861750217175,-0.04719727317097791,-0.0427102011869005,0.06134734788461462,-0.5118216662846992,-0.07516908349101283,0
797,2024-09-14 19:43:32.163639893,0,003,-0.022758139236096618,0.08734648565299369,-0.74983713998011,-0.08086281231613314,-0.03390364396719912,0.057532201635504265,-0.30456017020689097,-0.10082522174481738,0
798,2024-09-14 19:43:33.107099121,0,003,-0.01672415541218962,0.0828696348061996,-0.7531945481682508,-0.1147370197423494,-0.02960602389883384,0.0543791453222441,-0.09215216856573684,-0.12966907949046946,0
799,2024-09-14 19:43:33.173793945,0,003,-0.01209704955582293,0.07678835606887696,-0.7328395998630151,-0.14879072600752835,-0.0294005863519232,0.05171571948429523,0.11824208873638802,-0.16093560650640268,0
800,2024-09-14 19:43:33.236281006,0,003,-0.008673500227754129,0.06912406280082792,-0.6879655393841183,-0.1829416573594784,-0.0324497952552018,0.04931068119159825,0.31866256810775173,-0.1935069596483437,0
801,2024-09-14 19:43:33.297457031,0,003,-0.0061215268899757385,0.05994016057924369,-0.6192406408544626,-0.21698678824051557,-0.037585813892116286,0.04689317214569651,0.5007868611527975,-0.2259650421476507,0
802,2024-09-14 19:43:33.374636963,0,003,-0.003991015581088095,0.049350227325325666,-0.528831470538711,-0.25054335527532545,-0.04346246607722598,0.04418294191466729,0.656467183073086,-0.25667249310919565,0
803,2024-09-14 19:43:33.435801025,0,003,-0.001728336531177731,0.037517817696357064,-0.4202796770236704,-0.28300914412511263,-0.04871429118742345,0.04092284026519724,0.7784232977998974,-0.2838917530153784,0
804,2024-09-14 19:43:33.513922852,0,003,0.0012978864930552204,0.024649149879554664,-0.2982840851180071,-0.31354969693190515,-0.05207602305860689,0.036904697433129074,0.8609478231814633,-0.30592806479428997,0
805,2024-09-14 19:43:34.452500977,0,003,0.0057582492944749505,0.010981703504201688,-0.16839941806744302,-0.3411262859862052,-0.05245007830227029,0.031985332214682374,0.9003746396974287,-0.3212632161471214,0
806,2024-09-14 19:43:34.525041992,0,003,0.012311427831762596,-0.0032268982326833727,-0.03663549764807623,-0.3645712217365005,-0.04894565083103809,0.026095210898916196,0.8952091494004348,-0.32865193169386747,0
807,2024-09-14 19:43:34.591351074,0,003,0.02153281349954852,-0.017704399016508922,0.09100757796767613,-0.3826955482773482,-0.040925698037091125,0.019244096700835864,0.8460355101919053,-0.32718395024179897,0
808,2024-09-14 19:43:34.660610840,0,003,0.03381843485431626,-0.03216155832075221,0.20899410675707358,-0.3944056750948475,-0.0280730429308502,0.011525209957878268,0.7553543307947415,-0.3163306665492378,0
809,2024-09-14 19:43:34.728455078,0,003,0.04928329914126881,-0.04628690115175096,0.3126390629328578,-0.3988090724704582,-0.010451556334257468,0.0031150153273927475,0.6273864222143193,-0.2959729201411013,0
810,2024-09-14 19:43:34.796239014,0,003,0.06768986845605272,-0.05974656189980964,0.3983406716044228,-0.39528724545314015,0.011465309513911726,-0.005735326219738821,0.46779175274812573,-0.26639129001271455,0
811,2024-09-14 19:43:34.853357178,0,003,0.0884317830691883,-0.0721923379959828,0.4635475962408688,-0.38351934617603345,0.03680812223057963,-0.014717648878339602,0.2832790420916023,-0.2282228072846609,0
812,2024-09-14 19:43:35.803452881,0,003,0.11057469496220682,-0.08327580601452565,0.5064657682250379,-0.363463322303754,0.06437215245480918,-0.02349112333036904,0.08112322950553606,-0.18240372226744644,0
813,2024-09-14 19:43:35.875093018,0,003,0.13293557816438106,-0.09266537760360938,0.5256645652996369,-0.3353185616951255,0.09273265876618267,-0.0317103430590259,-0.1313655489967081,-0.1301080379083353,0
814,2024-09-14 19:43:35.942861084,0,003,0.15417580809710613,-0.10006415266759847,0.5197464007921806,-0.29948420910976375,0.12040754564520072,-0.039054956242583726,-0.34730055607882193,-0.07269246082952341,0
815,2024-09-14 19:43:36.010614014,0,003,0.17289978745486279,-0.10522777924436526,0.4871702318256356,-0.25651752627070146,0.1460396474193079,-0.04525869985355246,-0.5604554776623947,-0.011662568715146647,0
816,2024-09-14 19:43:36.066431152,0,003,0.18776773164137964,-0.10798189684582511,0.4262930118253489,-0.20711088014170642,0.16856597437012327,-0.05013587078126774,-0.7652491610281,0.05134072496168689,0
817,2024-09-14 19:43:36.144073975,0,003,0.19762316699563293,-0.10823721871034786,0.3356684604361499,-0.15210958766782387,0.18734233355673965,-0.05360182413660289,-0.9565694739248379,0.11454966798097907,0
818,2024-09-14 19:43:36.206614990,0,003,0.20161743041774102,-0.10599975541414924,0.21455815939507272,-0.09255777718249769,0.20218796344893145,-0.05568031731333137,-1.1295483107446893,0.17609025866886988,0
819,2024-09-14 19:43:37.121354980,0,003,0.1993118219022307,-0.10137625537650524,0.06349591750328853,-0.02972763514562054,0.21333129935496445,-0.056491712647311475,-1.2794042980326146,0.23403002576925844,0
820,2024-09-14 19:43:37.199343994,0,003,0.1907477246133759,-0.09457761469821446,-0.11529313334911145,0.034897935267300804,0.22128570991742136,-0.056225878722077086,-1.4014879974441032,0.2864615757756004,0
821,2024-09-14 19:43:37.267979004,0,003,0.17647493758998567,-0.08592122057387318,-0.3177218161891197,0.09968491311145407,0.22671548470208325,-0.05511206718219382,-1.4915877354469573,0.33161826601723593,0
822,2024-09-14 19:43:37.335757080,0,003,0.15752073575945522,-0.07582678006477646,-0.5379020056467341,0.16293357229080543,0.2303363554829429,-0.05339686105533735,-1.546376900476027,0.367998911734074,0
823,2024-09-14 19:43:37.403545898,0,003,0.1352842845316055,-0.06479632898677896,-0.768386870596098,0.22297261945401434,0.23286141504477362,-0.05133401396236356,-1.5637946355117738,0.3944636642845186,0
824,2024-09-14 19:43:37.471322021,0,003,0.11136173936754308,-0.053375618344534775,-1.000551385778909,0.27823930518318474,0.2349790698444106,-0.049181533315300716,-1.5432392491908193,0.41027838617218015,0
825,2024-09-14 19:43:37.539107178,0,003,0.0873366445330016,-0.042105426698914504,-1.2250923966354432,0.32733459076635796,0.23733988923691435,-0.04719618989302787,-1.4855638835017353,0.4151171183831016,0
826,2024-09-14 19:43:38.483055176,0,003,0.0645836310672474,-0.03147451846560095,-1.4326629777320339,0.3690687685337675,0.24053681783661782,-0.045619443745455984,-1.3928951046609623,0.4090413023529041,0
827,2024-09-14 19:43:38.547851074,0,003,0.04412461763423833,-0.0218813542642322,-1.6145975575878644,0.4025085420587811,0.24507407991197339,-0.04465773070758566,-1.2683140894369491,0.39246151368761273,0
828,2024-09-14 19:43:38.609878174,0,003,0.026561174261666883,-0.013608124204101513,-1.7635675728279498,0.4270063372551835,0.2513217459330438,-0.04446266325646676,-1.1154831546427888,0.3660833208183928,0
829,2024-09-14 19:43:38.672257812,0,003,0.012089470603918236,-0.006809474748054898,-1.8740377355377291,0.4421936539085646,0.2594568181481056,-0.04511302832795821,-0.9383509698925461,0.33085120972055726,0
830,2024-09-14 19:43:38.750315918,0,003,0.000585382876472776,-0.0015174104039312449,-1.9425659264541146,0.4479578948380765,0.26940658851279475,-0.046600624928614456,-0.7410890540380501,0.28791483744610324,0
831,2024-09-14 19:43:38.822026855,0,003,-0.008267925916770206,0.002337710006793529,-1.9680476833054494,0.4444389539910252,0.2808214550437928,-0.04882554146778919,-0.5282969390527267,0.2386318401594745,0
832,2024-09-14 19:43:38.889659912,0,003,-0.014845519560934177,0.004894344900541124,-1.9518745764996408,0.4320567279344215,0.2930946853220371,-0.05160504790335291,-0.3053063840278759,0.18459646345625172,0
833,2024-09-14 19:43:39.820343994,0,003,-0.01946978798172595,0.006324657179148207,-1.8979048552879252,0.4115546969151496,0.3054245430745513,-0.05469458369559773,-0.07835866918647108,0.12766068554056825,0
834,2024-09-14 19:43:39.897886963,0,003,-0.02233955681627854,0.0068071780501364546,-1.8122403103930853,0.3840371840432824,0.3169019195542928,-0.057815699762031346,0.14543550893005036,0.06990799402286602,0
835,2024-09-14 19:43:39.960448975,0,003,-0.023504611531153075,0.006510866819158375,-1.7028426783595192,0.35097237494398786,0.32660764575384715,-0.060685510049569555,0.35834265525874354,0.013560942142925856,0
836,2024-09-14 19:43:40.036094971,0,003,-0.022881113877191,0.005587114002762461,-1.578954802829961,0.3141368475772689,0.33370676037933006,-0.06304363664794721,0.5524726414404617,-0.03916595704318814,0
837,2024-09-14 19:43:40.103880859,0,003,-0.020291285187792166,0.004164974403370435,-1.4503038972938758,0.2754973647424287,0.337525643294971,-0.06467453154686992,0.7204768561917814,-0.08624410825474235,0
838,2024-09-14 19:43:40.171700928,0,003,-0.015508119904492872,0.002347415609860526,-1.3261510183902359,0.23704244612220718,0.33759932238201495,-0.0654233432893006,0.8563625450153838,-0.12600509131786372,0
839,2024-09-14 19:43:40.239507080,0,003,-0.008297102900567814,0.0002082817874551154,-1.2143291472589963,0.20059389600368607,0.3336897009647937,-0.06520311580656064,0.9561738942192194,-0.15726115685243514,0
840,2024-09-14 19:43:41.157125000,0,003,0.0015455053817934798,-0.002209294062894195,-1.1204971074543817,0.16765414853885588,0.32579080439366603,-0.06399388158322841,1.0183176834802123,-0.17933746122195462,0
841,2024-09-14 19:43:41.222860107,0,003,0.014164978345615817,-0.004892128252923447,-1.0478054301627489,0.1393350782725102,0.31413613223307685,-0.06183742953691573,1.0434730054196641,-0.1920231070396861,0
842,2024-09-14 19:43:41.284382080,0,003,0.029638920801521713,-0.007853627141940968,-0.9969582572407406,0.11635478051981524,0.29920681587636583,-0.05882965014531385,1.0341730431834564,-0.19546997436218555,0
843,2024-09-14 19:43:41.360579102,0,003,0.047976180537412996,-0.011126944177906661,-0.966502749987512,0.09905232435340608,0.28172789836459733,-0.055109767586251676,0.9942208490414141,-0.19007511638798816,0
844,2024-09-14 19:43:41.423446045,0,003,0.06910901763639668,-0.014753782948561943,-0.9532101969804108,0.08739172872409003,0.2626480031671315,-0.05084891341071138,0.928121028236442,-0.1763914087386437,0
845,2024-09-14 19:43:41.484980225,0,003,0.0928865833370479,-0.018771871436430984,-0.9524892789978245,0.08095795006330972,0.24311070606654994,-0.0462443419786826,0.8406419931906853,-0.1550949307581378,0
846,2024-09-14 19:43:41.562240967,0,003,0.11907930516807257,-0.02320605544216127,-0.9588277570069489,0.07896317536889037,0.22442157623131823,-0.04152235017686581,0.7364788993830644,-0.12699636837478281,0
847,2024-09-14 19:43:42.506768066,0,003,0.14737797385564147,-0.02806438639935939,-0.966297508805253,0.0802889271565988,0.20800080551936034,-0.03694498832059912,0.619965439546421,-0.09306659891326309,0
848,2024-09-14 19:43:42.574603027,0,003,0.17737599646460017,-0.033338435487802236,-0.9691304830381495,0.08358085984600948,0.19531152927618972,-0.03281143489946342,0.4949408129622285,-0.054464675485446624,0
849,2024-09-14 19:43:42.642443848,0,003,0.20855288054203439,-0.03900747152349628,-0.9623063583088513,0.08738819917497001,0.1877664751625445,-0.02944807313498861,0.36490388752742925,-0.012569803072105106,0
850,2024-09-14 19:43:42.703470947,0,003,0.24027988427348546,-0.04504449520356488,-0.9420476043077362,0.0903118061862256,0.1866216315861748,-0.02718739678842263,0.23336099942310012,0.03099415263993155,0
851,2024-09-14 19:43:42.778031006,0,003,0.27185040373993824,-0.051420533290052715,-0.9061056581160998,0.09111244682531341,0.19286771300795408,-0.026340383681699324,0.10413088449772154,0.07437101447054756,0
852,2024-09-14 19:43:42.845820801,0,003,0.3025235209040654,-0.058104236286920574,-0.8537896349315827,0.08876254335721602,0.20713483972188737,-0.027169142456623285,-0.018535069218902564,0.11554646933754156,0
853,2024-09-14 19:43:42.913660156,0,003,0.3315595377896825,-0.06505518964575689,-0.7858300325786272,0.08248204074454525,0.22962170698848033,-0.029864915898577274,-0.13004867840314185,0.1524868569891642,0
854,2024-09-14 19:43:43.849195068,0,003,0.35823099467244757,-0.07221261588602215,-0.7042284573091996,0.07180820185803094,0.2600553736464216,-0.03453298821358923,-0.22579531859139826,0.18332368612478372,0
855,2024-09-14 19:43:43.924689941,0,003,0.3818198141708648,-0.07948588906188549,-0.6121492627843355,0.056691835332915906,0.2976944337096902,-0.04118601881129427,-0.3015917839799925,0.20654331803832107,0
856,2024-09-14 19:43:43.989109131,0,003,0.4016316636307124,-0.0867541391122709,-0.5138087665706789,0.037562090253347655,0.3413827513986635,-0.04974779858006559,-0.35415494243185947,0.22112707513790167,0
857,2024-09-14 19:43:44.060250977,0,003,0.4170455352733412,-0.09387704190502415,-0.41432169248871364,0.015316671947878129,0.3896351615097001,-0.06006545917457759,-0.3814740346441854,0.22660690203239306,0
858,2024-09-14 19:43:44.112822021,0,003,0.4275906283649229,-0.10071291060304811,-0.3194919895185476,-0.008758180986460327,0.44072533259023,-0.07192441299240938,-0.38304883966561565,0.2230467169608481,0
859,2024-09-14 19:43:44.190490967,0,003,0.43302891794984055,-0.10713820237086072,-0.23551919087994141,-0.03311188608604382,0.49276269433323383,-0.08506169409389404,-0.35998178275317827,0.21098620451257835,0
860,2024-09-14 19:43:44.263598877,0,003,0.43341297550762065,-0.11306222896067358,-0.16857006502515884,-0.05608171694913889,0.5437665860893673,-0.09917709349850908,-0.31491590043219136,0.19137533555367026,0
861,2024-09-14 19:43:45.206875977,0,003,0.42908867561428865,-0.11843133283031809,-0.12418036849616919,-0.07606862724193586,0.5917536333687792,-0.11394391019954508,-0.25180091064764604,0.16550067798248608,0
862,2024-09-14 19:43:45.274750000,0,003,0.4206395275189094,-0.12322227266495911,-0.10653979744488645,-0.09172212348934007,0.6348452739232618,-0.12902125081688917,-0.17545942968408718,0.13488185770846686,0
863,2024-09-14 19:43:45.342541992,0,003,0.4088014247912108,-0.12743120053112886,-0.11782917856561861,-0.10210032374395119,0.6713795943610636,-0.14406670753702816,-0.09096982863021669,0.1011191982742452,0
864,2024-09-14 19:43:45.410337891,0,003,0.3943784653079733,-0.13106348928849748,-0.15777241732488623,-0.1067785862383213,0.6999957654868332,-0.1587450102692079,-0.0029663524182334746,0.06570163553590894,0
865,2024-09-14 19:43:45.465565918,0,003,0.378174737842934,-0.13412423155539852,-0.22345989946921332,-0.10589994076898121,0.719671101008887,-0.17273081552988653,0.08498923020355705,0.02981421371312212,0
866,2024-09-14 19:43:45.545963135,0,003,0.36094981571613416,-0.13660882438285368,-0.30948110422778213,-0.10015566006440504,0.7297174970727528,-0.18570951655265747,0.1708092772447689,-0.0058027512412641286,0
867,2024-09-14 19:43:45.604780029,0,003,0.34339835679788955,-0.13849568104671595,-0.40844766222896756,-0.09067996781166965,0.7297612937977258,-0.19738068287225435,0.2539525211286342,-0.040903161171947526,0
868,2024-09-14 19:43:46.556998047,0,003,0.32613905880891797,-0.13974236632446752,-0.5119112865116703,-0.07887214459736405,0.7197314139912796,-0.2074651711970026,0.3351591236617578,-0.07568316059401593,0
869,2024-09-14 19:43:46.613336182,0,003,0.30969595518637294,-0.14028466536151643,-0.6114969441168105,-0.0661899771511815,0.6998659854921594,-0.215715419557042,0.4159148946585272,-0.11063888827098516,0
870,2024-09-14 19:43:46.692632812,0,003,0.2944699752999862,-0.14003873849659532,-0.6999642267480191,-0.05395894998042662,0.6707283116215956,-0.2219291212316593,0.4977468835626419,-0.1463551458186607,0
871,2024-09-14 19:43:46.752211182,0,003,0.28071130801278216,-0.13890720476982563,-0.7719548678779276,-0.04323151247390372,0.6332184794212796,-0.22596618844816965,0.5815077767941599,-0.1832666972301705,0
872,2024-09-14 19:43:46.828217041,0,003,0.26850974224361057,-0.13678965497321227,-0.824295572919739,-0.03472732312150259,0.5885783225669712,-0.2277674213485937,0.6668598344934175,-0.22145847519717887,0
873,2024-09-14 19:43:46.896039062,0,003,0.25781902760818926,-0.13359751819193075,-0.85582930929693,-0.02887064997749526,0.5383921440959641,-0.22737072784822682,0.7521137497974224,-0.2605663482948838,0
874,2024-09-14 19:43:46.951900879,0,003,0.24851033846741252,-0.12927090463439,-0.8668813452324846,-0.025895284077206013,0.4845682470146315,-0.22491768917612276,0.8343881958486902,-0.29979398845669325,0
875,2024-09-14 19:43:47.907437988,0,003,0.2404258491679993,-0.12379223525019865,-0.8586379704785561,-0.02593566574876099,0.42926819443930114,-0.2206439046855587,0.9098880362845828,-0.338006780990225,0
876,2024-09-14 19:43:47.975258056,0,003,0.2334058046246031,-0.11719258940655068,-0.832741471878019,-0.02903544874251968,0.3747624025008535,-0.21485271774886494,0.9741417881384685,-0.3738499187303549,0
877,2024-09-14 19:43:48.038664062,0,003,0.22728411106552399,-0.10955071454195925,-0.7911535720328595,-0.03509327487590211,0.3232247501504362,-0.20787826088543468,1.0222295403084678,-0.4058666389120114,0
878,2024-09-14 19:43:48.110814209,0,003,0.22186779872151238,-0.10098688324704658,-0.7360883885073286,-0.043828223826026,0.2765091779109081,-0.20004614493257397,1.049120508307798,-0.4326188412747037,0
879,2024-09-14 19:43:48.178187988,0,003,0.2169255301999816,-0.0916540380759799,-0.669877588831372,-0.054812773243517555,0.23596329938592148,-0.1916406572552621,1.0501510492569703,-0.45281230268666944,0
880,2024-09-14 19:43:48.246496826,0,003,0.2122005953395647,-0.08172865650228361,-0.59483965910793,-0.06755156459968235,0.2023201262037825,-0.1828860255140644,1.0215748997226077,-0.46541960937561283,0
881,2024-09-14 19:43:48.314273193,0,003,0.20744664163181878,-0.07140382131317381,-0.5132725880562418,-0.08155514671923456,0.17568316692202332,-0.17394389186565026,0.9611062758198086,-0.4697890191205299,0
882,2024-09-14 19:43:49.232057129,0,003,0.2024838196450543,-0.06088707036412201,-0.4275794808914944,-0.09636806687895384,0.15560750137295437,-0.1649236697382503,0.8683642699261807,-0.465720185973687,0
883,2024-09-14 19:43:49.299910156,0,003,0.19727347019016298,-0.050403561237591384,-0.3404466556018046,-0.11153872359314114,0.14126772949784536,-0.1559009292662848,0.74509055784926,-0.45348539060943555,0
884,2024-09-14 19:43:49.367662109,0,003,0.19198835723736066,-0.04019954739267402,-0.255000126409432,-0.126546373304624,0.13167026228701692,-0.14693797298468897,0.5950819769084683,-0.4337927102437011,0
885,2024-09-14 19:43:49.428994873,0,003,0.18704044507875728,-0.0305381768385399,-0.17488790086450104,-0.1407178864383495,0.1258394138896741,-0.13809957949570928,0.42392945931174103,-0.40770848509658686,0
886,2024-09-14 19:43:49.503215088,0,003,0.18304546462050175,-0.021684982968072055,-0.10420162262980694,-0.15318217501813053,0.12292562601508653,-0.1294603367935374,0.23868522404255763,-0.3765616106253543,0
887,2024-09-14 19:43:49.568142822,0,003,0.1807291455664,-0.013887797966612839,-0.047170349404519196,-0.16290812089281467,0.12223411193271862,-0.12110606056514274,0.047494307395809246,-0.34185306856631753,0
888,2024-09-14 19:43:49.629833008,0,003,0.1807914146209114,-0.007356131954533943,-0.007702119431629022,-0.16882699069752222,0.12320637221949356,-0.11313310281008229,-0.1408084344383527,-0.3051911665326638,0
889,2024-09-14 19:43:50.581533936,0,003,0.18375372988046468,-0.0022419998835942322,0.011059437091825958,-0.16998964908148678,0.12539459264022407,-0.10564716871255575,-0.31711513261945756,-0.2682535857015185,0
890,2024-09-14 19:43:50.637434082,0,003,0.189827466877977,0.0013747468110241895,0.007068248655705399,-0.16570444810603557,0.12845698584980103,-0.09876283970031284,-0.47248102228855177,-0.23275454337684756,0
891,2024-09-14 19:43:50.717187988,0,003,0.1988381542377228,0.003492253865499209,-0.020409769036614855,-0.15562890228569082,0.13216762449392247,-0.09260300221600877,-0.5986362746553061,-0.200388514285964,0
892,2024-09-14 19:43:50.785007080,0,003,0.2102163338628134,0.004182944800851942,-0.07070634342436004,-0.13980659979427199,0.1364029410036893,-0.08729205954178337,-0.6885962638912249,-0.17273245754087208,0
893,2024-09-14 19:43:50.849212891,0,003,0.2230479683558184,0.003582620736100375,-0.14180093965286814,-0.11864906757003514,0.14108184657432934,-0.08293743933988072,-0.7372590888842708,-0.1511157249354916,0
894,2024-09-14 19:43:50.916304199,0,003,0.23617732640503084,0.0018737254452137605,-0.23052033669892086,-0.09287670460536458,0.1460819707250814,-0.07960366507579436,-0.7417871827318548,-0.13649592039474923,0
895,2024-09-14 19:43:50.977835938,0,003,0.24835214669123493,-0.0007355580797621634,-0.33286864118010834,-0.06344543199457289,0.1511751917094358,-0.07729080965476645,-0.7016793131306256,-0.129373625152031,0
896,2024-09-14 19:43:51.907250000,0,003,0.2583822958500879,-0.004030653575615677,-0.4444298730155267,-0.03147646629960778,0.15601238850990645,-0.07592758894825052,-0.6186676814604246,-0.1297442414776087,0
897,2024-09-14 19:43:51.969468018,0,003,0.26526689735320114,-0.007800914598941264,-0.5607922526474293,0.0018181765524256759,0.16016384694797045,-0.07538261738845452,-0.4966210838183605,-0.1370719603544077,0
898,2024-09-14 19:43:52.028847900,0,003,0.2682553218098702,-0.011837889784051554,-0.6779521632093818,0.03522711656326589,0.16319480738044626,-0.07548886232592414,-0.34143171372084696,-0.1502918121446131,0
899,2024-09-14 19:43:52.107054932,0,003,0.2668440831693859,-0.015925239225127657,-0.7926063572330299,0.06763747494794811,0.16474284473414302,-0.07607095820449526,-0.16071840208400956,-0.16786912275893504,0
900,2024-09-14 19:43:52.169049072,0,003,0.2607439506322596,-0.01982868492912823,-0.9022448918933741,0.09811681721117041,0.16457846479483393,-0.07696812656169463,0.03670325434077748,-0.1879419811308183,0
901,2024-09-14 19:43:52.231112061,0,003,0.2498523410300368,-0.023294958219812457,-1.005065631208873,0.12597199313149277,0.16264158786789457,-0.07805101600576655,0.24144604811351558,-0.20853469876018957,0
902,2024-09-14 19:43:52.314143799,0,003,0.23424164724108196,-0.026062865117684783,-1.0997984632788085,0.15078528909033875,0.1590469717949799,-0.07923161262912003,0.4441318925602991,-0.2277922363417802,0
903,2024-09-14 19:43:53.257307129,0,003,0.2141501444274368,-0.027880758996986776,-1.1854865495435707,0.17241790544429253,0.1540728084260817,-0.08046669099986692,0.635921918856768,-0.2441872481592539,0
904,2024-09-14 19:43:53.325176025,0,003,0.18995957975970737,-0.02852322459492607,-1.2612310377768363,0.19096863086254348,0.1481622243107817,-0.08175938356473894,0.809030769704978,-0.256676427017153,0
905,2024-09-14 19:43:53.392992920,0,003,0.16216257363616252,-0.02780606725410196,-1.3259434482070398,0.2066916084740766,0.1419343484536125,-0.08316169073015708,0.9571788772307852,-0.2647918728835198,0
906,2024-09-14 19:43:53.457675049,0,003,0.13134162734459354,-0.025602007684193084,-1.378195841785944,0.21989742388035666,0.13617027188298125,-0.0847729397971232,1.0759023738420124,-0.2686504258509648,0
907,2024-09-14 19:43:53.518747070,0,003,0.09817868163948891,-0.02185750526078419,-1.416204085875951,0.23086774557055464,0.13175884829572143,-0.08672649049178703,1.1626524667070028,-0.26886799368457387,0
908,2024-09-14 19:43:53.595496826,0,003,0.06348734864564178,-0.01660905883016185,-1.4378898680855419,0.23980149495443848,0.1296120059314121,-0.08916259210500342,1.2165868527176091,-0.2663799979578831,0
909,2024-09-14 19:43:53.664189209,0,003,0.028233866441143576,-0.009994958221428533,-1.4410175530755962,0.24680128919862374,0.13055724323277543,-0.09219244199155209,1.2380339597273133,-0.2622022405181297,0
910,2024-09-14 19:43:54.593805908,0,003,-0.0064835763549821145,-0.0022558440894834774,-1.4235190056419333,0.2519128155128928,0.13521931058461437,-0.09586266402172387,1.2278480170312376,-0.25720468679283,0
911,2024-09-14 19:43:54.671021973,0,003,-0.03950006588879837,0.0062803849589032805,-1.3840391240934822,0.25521727390933574,0.14391997039441495,-0.10013020859967348,1.1869893291961022,-0.25196869835335584,0
912,2024-09-14 19:43:54.733052002,0,003,-0.06967149124224568,0.01522693924011252,-1.3225109235351444,0.2569374532918157,0.15662266740432132,-0.10485445736370211,1.1165163743486566,-0.24675109730821065,0
913,2024-09-14 19:43:54.810710938,0,003,-0.09595404962764179,0.024172415848715822,-1.2405233792637662,0.2574967569181629,0.17292730865201789,-0.10980709793967591,1.0179159311314683,-0.24152812258680859,0
914,2024-09-14 19:43:54.879114014,0,003,-0.11745585506495887,0.03271322193035068,-1.141395784637031,0.2574956767992613,0.19210718809515603,-0.11469609033144706,0.8935171457550203,-0.2360728364876995,0
915,2024-09-14 19:43:54.936547119,0,003,-0.13346083107078854,0.04047926659264494,-1.0299679258272763,0.2576141151055212,0.21317995308903567,-0.11919972052424917,0.7467676734674532,-0.23003727654968603,0
916,2024-09-14 19:43:55.014677979,0,003,-0.14343936165528387,0.047152359940821835,-0.9121100738098314,0.2584742626910077,0.2350013224613736,-0.12300573747711081,0.582301397075954,-0.2230343534631205,0
917,2024-09-14 19:43:55.955561035,0,003,-0.14705902356289738,0.052478634695303644,-0.7939905766477205,0.2604979954788417,0.25636898756415005,-0.12584854971665188,0.40578017878733974,-0.21470842184673475,0
918,2024-09-14 19:43:56.025427002,0,003,-0.14420252586541005,0.05627556573111238,-0.6812298930619741,0.26378314950350723,0.27613390527147136,-0.12753942046657485,0.22353080905735276,-0.20477567166379884,0
919,2024-09-14 19:43:56.093205078,0,003,-0.134998565506129,0.058435297899008906,-0.5781194236972935,0.26802111854574456,0.2933142485280337,-0.12798774770853716,0.04215013764433658,-0.19304534884573174,0
920,2024-09-14 19:43:56.160970947,0,003,-0.11986041917829185,0.058927355867317684,-0.48707873541206803,0.27247959203777883,0.30718620266933305,-0.1272102542844428,-0.131727252940184,-0.17945856803580099,0
921,2024-09-14 19:43:56.217514159,0,003,-0.09951008446849013,0.05780110090510821,-0.4085073352170038,0.276071779750082,0.31732217946073427,-0.12532424372023998,-0.29153518030359515,-0.16414990316839562,0
922,2024-09-14 19:43:56.294176025,0,003,-0.07496797183214034,0.055185001955054144,-0.34109920734625493,0.2775160891483958,0.3235701127823786,-0.12252622858442072,-0.4309436435717567,-0.1474903722569927,0
923,2024-09-14 19:43:56.364329102,0,003,-0.04750170252026036,0.05128046671338108,-0.28249491750401035,0.27554725069623703,0.32598702325489554,-0.11906228451998795,-0.5441519503003917,-0.13007944067558666,0
924,2024-09-14 19:43:57.294357178,0,003,-0.018534074825499864,0.04635032700045119,-0.2299904106005411,0.2691044591991426,0.32475170759300076,-0.11519617299822248,-0.6262313357364225,-0.11269282810186568,0
925,2024-09-14 19:43:57.371085938,0,003,0.010479230491790432,0.04070254587192962,-0.18105915555356514,0.25744265141967587,0.3200921001092721,-0.11117960470997894,-0.6734966647426616,-0.09619897363100005,0
926,2024-09-14 19:43:57.433108154,0,003,0.03817476755744274,0.034669703712962116,-0.13362397146965266,0.24016718051967284,0.3122509376105433,-0.10722862482959412,-0.6839602277596276,-0.08144679045634748,0
927,2024-09-14 19:43:57.510937988,0,003,0.0633800599090635,0.028586826100282153,-0.08616204648120455,0.2172198489206365,0.3014772983922786,-0.10350767705300769,-0.6578341881476215,-0.0691371092767657,0
928,2024-09-14 19:43:57.572046875,0,003,0.08517080404059241,0.022772480851260858,-0.037760116497014246,0.18884007622534607,0.28801749312548314,-0.10011999698516154,-0.5979164173383682,-0.05970085556879836,0
929,2024-09-14 19:43:57.646554932,0,003,0.10288377934487314,0.017517090250774022,0.011823133347708948,0.15551811206438929,0.27210185406493886,-0.09710427556686863,-0.5096480366708507,-0.05320775992058431,0
930,2024-09-14 19:43:57.709831055,0,003,0.11609573943890879,0.013077472941011452,0.06212207615775445,0.11795739687417361,0.2539388509087034,-0.09443912364567458,-0.400692016565241,-0.0493299229860825,0
931,2024-09-14 19:43:58.652576904,0,003,0.12459155532206516,0.009672533617783495,0.11199630463566404,0.07706551714818455,0.23372043073136048,-0.09205542984023724,-0.2800803672904261,-0.04737009018519921,0
932,2024-09-14 19:43:58.714634033,0,003,0.12833674287448998,0.007476766208994658,0.1596646391315578,0.033985526755362074,0.21164088891343993,-0.08985599053248111,-0.1572034894350933,-0.04634048088966278,0
933,2024-09-14 19:43:58.792290039,0,003,0.1274468777312667,0.00661318767892606,0.20265718913935266,-0.009849356600530509,0.18792923132287762,-0.08773971555845252,-0.04095365905864193,-0.04507293296378845,0
934,2024-09-14 19:43:58.861010986,0,003,0.12214389021996976,0.007148995882616031,0.23777969674380775,-0.05268675954515243,0.1628809498225806,-0.08562229977924007,0.06082802711839258,-0.04234237335957108,0
935,2024-09-14 19:43:58.928826172,0,003,0.112708591797153,0.00909486318680162,0.26132576206942093,-0.09250561393844872,0.13687305379814796,-0.08344511420943578,0.1416536582293232,-0.03697982579709368,0
936,2024-09-14 19:43:58.996613037,0,003,0.09945008261365114,0.012405647488120727,0.2696520470528554,-0.1271750545686748,0.11035761725907718,-0.08117189919885107,0.19657521448517737,-0.02796193126090524,0
937,2024-09-14 19:43:59.054739990,0,003,0.08270593777162036,0.016978791247205936,0.25997563752051644,-0.15470731410760566,0.08383634845334435,-0.07877958534852117,0.22231633274221976,-0.014486098498781888,0
938,2024-09-14 19:43:59.978728027,0,003,0.0628745048138985,0.022648866428378444,0.23110383768134563,-0.17353878717447424,0.05782411120919706,-0.07625015690530428,0.21733936638970042,0.003959038479837562,0
939,2024-09-14 19:44:00.050579102,0,003,0.04046580649802733,0.029181998021070077,0.18383399996506436,-0.1827493404033776,0.0328118042260645,-0.07356677726676682,0.18189490664419222,0.0275304646484165,0
940,2024-09-14 19:44:00.118422119,0,003,0.016141815783735997,0.036277040766826814,0.12089703714757064,-0.18215667517282888,0.009234446002446292,-0.07071318015373196,0.11812493233709304,0.055977164759953374,0
941,2024-09-14 19:44:00.186162842,0,003,-0.009284633925579395,0.04357817284068528,0.04647773244480426,-0.1722760460743899,-0.012550245932042672,-0.06767442161224266,0.03016306077541634,0.08859934024042763,0
942,2024-09-14 19:44:00.240432861,0,003,-0.03490188543374921,0.05069816598295143,-0.034512284291463975,-0.1541866857921754,-0.032265015438554444,-0.06443838801081626,-0.07593695969176224,0.12424430095094731,0
943,2024-09-14 19:44:00.321738037,0,003,-0.05978234976984421,0.05724654569710208,-0.11714202637666753,-0.12937124774353184,-0.049697557747706025,-0.060997516274009726,-0.1925791828453556,0.1613783231098107,0
944,2024-09-14 19:44:00.379852051,0,003,-0.08306244844168417,0.06285594504464093,-0.1969207288535585,-0.09957375013697034,-0.06467546748865732,-0.05735021301675689,-0.3113195677461226,0.19824692276323347,0
945,2024-09-14 19:44:01.326420166,0,003,-0.10400024985192038,0.06720457204832467,-0.26996596784638954,-0.06667914588137454,-0.07704106377381208,-0.053502523669624755,-0.42373427663388014,0.23308092419683324,0
946,2024-09-14 19:44:01.393104004,0,003,-0.12201665657505101,0.07003732919207527,-0.33303543138620717,-0.032595674342887314,-0.08663488657496354,-0.04947061430136487,-0.5222438895258109,0.26428392337236295,0
947,2024-09-14 19:44:01.467803955,0,003,-0.1367321937429175,0.0711867663319039,-0.3836081143184718,0.0008716864899663183,-0.09329786680463761,-0.04528346474567485,-0.6007523084296332,0.2905626457118424,0
948,2024-09-14 19:44:01.526753906,0,003,-0.14799420186192336,0.07059005875104905,-0.42005251110527675,0.032145299118074816,-0.09689475627615074,-0.04098408605152603,-0.6550694884554006,0.31098950711552115,0
949,2024-09-14 19:44:01.588285889,0,003,-0.15587398125029256,0.06829599767346518,-0.44177932281617055,0.05997058802123996,-0.09734733974079139,-0.03662780751403196,-0.6831274598588989,0.32500536457551626,0
950,2024-09-14 19:44:01.671198975,0,003,-0.16062222689769287,0.06445860763536568,-0.44926827974979006,0.08346878686424611,-0.0946612301568192,-0.032278590823118306,-0.6850202992977744,0.33239358716253536,0
951,2024-09-14 19:44:01.738989014,0,003,-0.1625965554970494,0.059318557619200574,-0.4439453277612039,0.10215199414829115,-0.08894140400251167,-0.028005861623617807,-0.6629117774354175,0.33325996195344,0
952,2024-09-14 19:44:02.650620117,0,003,-0.1621911851285758,0.05317654604962112,-0.4279628265484498,0.11590732192393598,-0.0804033692297324,-0.023882476214959005,-0.6208195903627629,0.32802366515642317,0
953,2024-09-14 19:44:02.712167969,0,003,-0.15979541956936769,0.04636417327765466,-0.40391473460383825,0.12494408479393329,-0.06938507007931151,-0.0199821134474249,-0.5642330168184159,0.3173982887717218,0
954,2024-09-14 19:44:02.789314941,0,003,-0.1557965351462134,0.039219552759004156,-0.3744765374548123,0.1296993227778688,-0.05635788585256142,-0.01637409187175042,-0.4995238598109394,0.30234412991418635,0
955,2024-09-14 19:44:02.861169189,0,003,-0.15062557238329788,0.03207428317069207,-0.3420129412484417,0.130718540579134,-0.04193130673323171,-0.013115163774644634,-0.43318827279803285,0.2839880524142743,0
956,2024-09-14 19:44:02.928919189,0,003,-0.14481630001635118,0.025251107428898238,-0.30825100873545647,0.12854155760704347,-0.026843997167869373,-0.010240372935657984,-0.37104532129733486,0.2635179945221147,0
957,2024-09-14 19:44:02.996701904,0,003,-0.13903422480020639,0.01906437884729253,-0.27407831095505747,0.12361175996123494,-0.011935037775314026,-0.0077561782347647336,-0.31754725261341765,0.24206967149523248,0
958,2024-09-14 19:44:03.051309082,0,003,-0.1340578911143949,0.01381774058096911,-0.23948379114962026,0.11621007964771228,0.0019080040954723306,-0.005637537028398649,-0.2753275652931551,0.22063328542812818,0
959,2024-09-14 19:44:04.007916016,0,003,-0.1307264737137304,0.009799039862957552,-0.20365265520945547,0.10641492590522973,0.013820140246538487,-0.0038287429714822297,-0.24505633911354505,0.20000281878425663,0
960,2024-09-14 19:44:04.067233154,0,003,-0.1298669414562222,0.00727106477042261,-0.16519984629878315,0.0941016770957009,0.023030209618523215,-0.00224701199997525,-0.22560837450747273,0.18076916994670655,0
961,2024-09-14 19:44:04.131454834,0,003,-0.13220267643573766,0.00645424133798557,-0.12248163793824383,0.07899518979252097,0.02890755666390669,-0.0007869753203451048,-0.2144852660364197,0.1633370786365149,0
962,2024-09-14 19:44:04.207572021,0,003,-0.13825338069113716,0.00750270138528308,-0.07391508294527231,0.060770537529591155,0.030978493964325438,0.0006757131851556611,-0.20835376105954065,0.14793224874712257,0
963,2024-09-14 19:44:04.279001953,0,003,-0.14824508468055667,0.010480765262866433,-0.01827880997310885,0.03918278912280036,0.02893091859280666,0.0022805961057247633,-0.20352536170893096,0.13457386476462904,0
964,2024-09-14 19:44:04.331613037,0,003,-0.16204449452848085,0.015345235824603388,0.045000759256917267,0.014200700242664288,0.022622447942163067,0.004175276733147443,-0.19630075971264901,0.12302708002535064,0
965,2024-09-14 19:44:04.414477051,0,003,-0.17912775433340491,0.021935217047710464,0.1155950636201527,-0.01388504306242338,0.012086858628352962,0.006503660789901677,-0.18325216639553088,0.11278377079056237,0
966,2024-09-14 19:44:05.351622070,0,003,-0.19859448339502628,0.029971172598981324,0.19209333717455399,-0.04440474696226653,-0.002468688857547044,0.009390592490163009,-0.16152910722085867,0.10311244690741166,0
967,2024-09-14 19:44:05.426328857,0,003,-0.21924033024802897,0.039067585798453985,0.27197863398267896,-0.07632321951453581,-0.02066707935784781,0.012924025056545956,-0.12915168776264146,0.09317979584130204,0
968,2024-09-14 19:44:05.490886963,0,003,-0.23969760845471183,0.048763437140834594,0.3518752837100167,-0.1083326389856525,-0.041953180980133155,0.017136802513265256,-0.08519354560309214,0.08221049588292115,0
969,2024-09-14 19:44:05.561861084,0,003,-0.2586266608914211,0.058567226661652955,0.42808111201266863,-0.1390022936936776,-0.06558037734980152,0.02199284083285178,-0.02985302933499179,0.06964336934274791,0
970,2024-09-14 19:44:05.614104004,0,003,-0.2749040130934198,0.06800431121386759,0.4972099282041271,-0.1669343615065523,-0.09061851136836,0.027383332193637373,0.035490467434680616,0.05525168247454575,0
971,2024-09-14 19:44:05.697413818,0,003,-0.2877524974974281,0.07665500416221738,0.5566953261704982,-0.1908809983744274,-0.11601034296801942,0.03313555634592811,0.10818683076607313,0.03920596196206178,0
972,2024-09-14 19:44:05.752941895,0,003,-0.29679418780731526,0.08418016558084672,0.6049914934547563,-0.20980650858725516,-0.140672375124424,0.039031972513681616,0.18425908679850694,0.02207350614059697,0
973,2024-09-14 19:44:06.707048096,0,003,-0.3020314767588944,0.09033503060807047,0.6414887594735853,-0.22291165400670443,-0.1635977002911119,0.04483300473461188,0.2585164147036564,0.004763064854223878,0
974,2024-09-14 19:44:06.770406006,0,003,-0.3037668089106326,0.0949715621454407,0.6663111515846728,-0.22965624825471959,-0.18392390909348846,0.05029639995560535,0.3249592792119123,-0.011578096203826927,0
975,2024-09-14 19:44:06.832412842,0,003,-0.3024868672589387,0.09803271991986116,0.6801320575608859,-0.2298021057141075,-0.20097315141224947,0.055191075358660954,0.3774904557383603,-0.025709649518626178,0
976,2024-09-14 19:44:06.909569092,0,003,-0.2987512512204117,0.09954485295053997,0.684017137007398,-0.22346977927207148,-0.21428973090535047,0.05930871024047183,0.4108140311674328,-0.036473640962297306,0
977,2024-09-14 19:44:06.971565918,0,003,-0.2931094437604194,0.09960972657373643,0.6792447686618013,-0.21117846749509125,-0.22367541503662447,0.06247516004418599,0.4213271755845831,-0.04297500303058358,0
978,2024-09-14 19:44:07.045974854,0,003,-0.28604133678786614,0.09839200304719987,0.6670630958134475,-0.19382607094490872,-0.22919684873637589,0.06455861326608414,0.407758610811194,-0.04472157920747785,0
979,2024-09-14 19:44:07.113720947,0,003,-0.2779100748721976,0.0960990515904642,0.6484131732481362,-0.1725919561049342,-0.23114126861364592,0.06547030024508221,0.3713209913937231,-0.041674701339143944,0
980,2024-09-14 19:44:08.057168945,0,003,-0.2689285529610368,0.09295446441185257,0.6237435468378243,-0.1487948876046177,-0.22992406395247528,0.06515892604606636,0.3152988695082328,-0.034200397582993286,0
981,2024-09-14 19:44:08.123256836,0,003,-0.2591514707265016,0.08916983670204606,0.5930363919161449,-0.1237556397834838,-0.2259858898265273,0.06360570446702973,0.2442104499806063,-0.022951901918169922,0
982,2024-09-14 19:44:08.192814209,0,003,-0.2485020225447535,0.08492070335953342,0.5560530711902828,-0.09869150685605664,-0.2197217009252312,0.06082465243766204,0.16284017828514336,-0.00872802575503909,0
983,2024-09-14 19:44:08.247684082,0,003,-0.23682367871343324,0.08033139676676386,0.5126853843215116,-0.0746436365888,-0.2114487016944548,0.05686453480628441,0.07547674261509453,0.007643413130205538,0
984,2024-09-14 19:44:08.325351074,0,003,-0.22393039385930724,0.07546992376986501,0.4632517653329606,-0.05242628463975683,-0.2013938519908063,0.05180665323820033,-0.014446011863483259,0.025364536266870477,0
985,2024-09-14 19:44:08.386909912,0,003,-0.20963750578367302,0.07035061548678868,0.40865446630503627,-0.03259497274466016,-0.1896958885930852,0.04575918461506132,-0.10434387278993079,0.04367615172657964,0
986,2024-09-14 19:44:08.448553955,0,003,-0.19377681731246757,0.06494067653526121,0.3504325458046472,-0.015448587695216008,-0.1764301692608133,0.03885270249599377,-0.19230076273046026,0.06184745588225455,0
987,2024-09-14 19:44:09.394195068,0,003,-0.17620212939211932,0.05916629315474701,0.2907599416489005,-0.00107705396537012,-0.16164762751352807,0.03123828070114703,-0.27688808962687533,0.07917557312290852,0
988,2024-09-14 19:44:09.471838867,0,003,-0.15678260967567004,0.05291638785680023,0.23234208462409606,0.01056740825628478,-0.1454065528166669,0.023085830217097737,-0.3570455133117759,0.09500847907748294,0
989,2024-09-14 19:44:09.533904053,0,003,-0.13538065447613004,0.04604621710474029,0.1781225046621166,0.019614873433235633,-0.12778925572851393,0.014579822363038772,-0.4319637731855084,0.1087796679985315,0
990,2024-09-14 19:44:09.595936035,0,003,-0.11181917682887456,0.038383804599001925,0.13083459023512306,0.026249360614746062,-0.10890820601653618,0.00591092753942638,-0.5009045059965938,0.12002979503609584,0
991,2024-09-14 19:44:09.678476074,0,003,-0.08585556565065648,0.02974035486941183,0.0925751996806601,0.030691285319544657,-0.08890237748601734,-0.0027361472692577636,-0.562996209013186,0.12840993496166137,0
992,2024-09-14 19:44:09.735181885,0,003,-0.057183880757381345,0.019924673687581176,0.06456697217191057,0.03318357076047502,-0.0679211100129076,-0.011196858058376507,-0.6171011280652189,0.13368699477468857,0
993,2024-09-14 19:44:09.814062012,0,003,-0.025475267677224286,0.00876066178552515,0.047175615088546015,0.03398587415979539,-0.04610259284429679,-0.019339337893864925,-0.661786795836074,0.13576385757434734,0
994,2024-09-14 19:44:10.732101074,0,003,0.009548935225726753,-0.0038943874206765917,0.04014100501061433,0.03337387914838988,-0.023565659649315545,-0.027069697093896856,-0.6953740254400422,0.1346941460111695,0
995,2024-09-14 19:44:10.792545166,0,003,0.04803089881069298,-0.01813407642272832,0.04288392544230828,0.031636863113259736,-0.00042927469295275014,-0.03432649591481265,-0.7160468596414916,0.13066286733573254,0
996,2024-09-14 19:44:10.855030029,0,003,0.08990675573568896,-0.033992910465096976,0.05473201280821026,0.02907202908891841,0.02314355060379395,-0.04106673592209229,-0.7220480701918903,0.12393468127231116,0
997,2024-09-14 19:44:10.932714111,0,003,0.1348699950760135,-0.0514409123558668,0.0749982789524741,0.025973436839893695,0.046894590850103335,-0.04725048148611792,-0.7119857522179133,0.1148017647894569,0
998,2024-09-14 19:44:10.995201904,0,003,0.18235131036368504,-0.07037654857831023,0.10296642094673147,0.022608345726706107,0.07043257528523704,-0.052830655678802636,-0.6852237750544575,0.10356097892394932,0
999,2024-09-14 19:44:11.071301025,0,003,0.23149421078882534,-0.09061402352247411,0.13789847168548947,0.019176794151825608,0.09322555639245024,-0.05775018945809608,-0.6422349919275043,0.09052178638298897,0
1000,2024-09-14 19:44:11.139110107,0,003,0.2811404047523005,-0.11186996692819592,0.17912953694617353,0.01576469435295461,0.11462782405678343,-0.06194458711715736,-0.584719724265923,0.07601580026848462,0
1001,2024-09-14 19:44:12.070406006,0,003,0.3298611009017668,-0.13375952878586597,0.22619108709020008,0.01231293831093491,0.13392925665115812,-0.06534665821642964,-0.5153485229091981,0.06037766215696979,0
1002,2024-09-14 19:44:12.148110107,0,003,0.3760479185875491,-0.1558082049200078,0.2788589333687557,0.00861757510946095,0.15041543411620195,-0.06789254006230203,-0.43722142592432134,0.04390099181482911,0
1003,2024-09-14 19:44:12.210103027,0,003,0.41803952243579595,-0.17747807161123247,0.33712464789667645,0.0043539435946980485,0.16344321838609935,-0.06953173431444629,-0.3533454408228476,0.02680037299128879,0
1004,2024-09-14 19:44:12.272186035,0,003,0.45424785487960423,-0.19820194560911783,0.40119515966451264,-0.0008944296839288117,0.17253769306908182,-0.07024305455773405,-0.2663821396208321,0.00920592323866963,0
1005,2024-09-14 19:44:12.349337158,0,003,0.48326431432138206,-0.2174187137178193,0.47158273327761197,-0.007608415622146634,0.17749205074579288,-0.07005193061503284,-0.17869368843312616,-0.008798120353820795,0
1006,2024-09-14 19:44:12.420864014,0,003,0.50394600529467,-0.23460562697814993,0.5492040796263996,-0.01629037006366942,0.17842793269197985,-0.06903926028570137,-0.09256202976530101,-0.027092571666882503,0
1007,2024-09-14 19:44:12.487590088,0,003,0.5154849303731982,-0.24930571161596718,0.6353130423056059,-0.02738449139229031,0.17577951896572275,-0.06733505879571364,-0.010424114292914139,-0.04542252890477073,0
1008,2024-09-14 19:44:13.402327148,0,003,0.5174541396294582,-0.26114891022692777,0.7311449860333945,-0.0411644957689129,0.17020258945105607,-0.06509952030887438,0.06500594184169577,-0.06332038981170926,0
1009,2024-09-14 19:44:13.474781006,0,003,0.509821570391445,-0.26986461795981953,0.8373368361087036,-0.057622993323802614,0.16244786458291013,-0.06250049384826135,0.13080400142501203,-0.08009567752848566,0
1010,2024-09-14 19:44:13.541464111,0,003,0.4929266055172354,-0.275283754233536,0.9533440100554464,-0.07639831870473152,0.15324448122314424,-0.059695501174425084,0.18413793770056092,-0.0949101635744322,0
1011,2024-09-14 19:44:13.610404053,0,003,0.4674193926925597,-0.2773316217827218,1.0770529476584947,-0.09675554250725286,0.14321534489632473,-0.05682144431093921,0.2228021156311241,-0.10692558067373066,0
1012,2024-09-14 19:44:13.678156982,0,003,0.434172134888989,-0.27601545522336673,1.2046561531339446,-0.1176317592378888,0.13281904830237815,-0.05398902105403851,0.24583475226234353,-0.11548307776256721,0
1013,2024-09-14 19:44:13.742779053,0,003,0.39418564206985485,-0.27141040154120777,1.3307815617653067,-0.137752178274288,0.122312326130366,-0.05127597011912381,0.25395746392578067,-0.120256623545041,0
1014,2024-09-14 19:44:13.813680908,0,003,0.34851561641545636,-0.2636460637101622,1.4488570115090154,-0.15579853627745704,0.11174316859851827,-0.048717448045562835,0.24966104888890064,-0.12132776475339653,0
1015,2024-09-14 19:44:14.753031981,0,003,0.29822408142416057,-0.2528942367601655,1.5516665870444584,-0.17058195173806148,0.10097710674755331,-0.04629688821454983,0.23693032840697928,-0.11916188486227677,0
1016,2024-09-14 19:44:14.815054932,0,003,0.24434730670458832,-0.23935866029652858,1.6320361424784304,-0.18117209745284604,0.08973578920562618,-0.043940614121372235,0.22070770252745642,-0.11451343870017218,0
1017,2024-09-14 19:44:14.892268799,0,003,0.18787583859443324,-0.22326948715555062,1.683592544082686,-0.1869659044947066,0.07763376474273231,-0.04151898539629303,0.2062489869649516,-0.10831457514682587,0
1018,2024-09-14 19:44:14.954808105,0,003,0.12974597519554754,-0.20488400959247155,1.7015128844795289,-0.18770741670704166,0.0642246291790804,-0.03885754696153867,0.19851729938849433,-0.1015880972446728,0
1019,2024-09-14 19:44:15.028270020,0,003,0.07083752007708155,-0.18449002349193316,1.683120828825499,-0.18347394891751412,0.04906802472374674,-0.035758273586786425,0.20165699144333343,-0.09538868187453439,0
1020,2024-09-14 19:44:15.093993896,0,003,0.011969127660057224,-0.16240598256513375,1.6282025941919374,-0.17464410538076855,0.03181148431937833,-0.03202583533453214,0.21850708854729234,-0.09074843924979502,0
1021,2024-09-14 19:44:15.155996094,0,003,-0.04611376532552843,-0.13897579433375137,1.5390157097080128,-0.16186842953349184,0.012274518351507854,-0.02749359801591488,0.25017609668275753,-0.08860578539219531,0
1022,2024-09-14 19:44:16.101170898,0,003,-0.10275185869303777,-0.1145605424889752,1.4200585364330252,-0.14605166546980508,-0.009478764479734463,-0.022046179764455155,0.2957942351570278,-0.08971631550001889,0
1023,2024-09-14 19:44:16.174927979,0,003,-0.15737199701492058,-0.08953010199549061,1.2777199886506083,-0.128334518943523,-0.0331010044133101,-0.01563529797423058,0.3525521271916097,-0.09455820664153183,0
1024,2024-09-14 19:44:16.242773926,0,003,-0.20946653679553345,-0.0642556916025258,1.1199170385768302,-0.11005615421616867,-0.05797845436995822,-0.008286888620442679,0.41607310297782746,-0.10325776566636347,0
1025,2024-09-14 19:44:16.306102051,0,003,-0.2585534379685168,-0.039103480296469706,0.9557316399224586,-0.09268508850344777,-0.08330210503472096,-0.00010074331152413922,0.4810957137289228,-0.11556988380656306,0
1026,2024-09-14 19:44:16.363157959,0,003,-0.30412664837894166,-0.01442976649844682,0.7949738243292465,-0.0777181112741962,-0.10816978037158956,0.008755333639559193,0.5423512553760714,-0.13093206548842815,0
1027,2024-09-14 19:44:16.446206055,0,003,-0.3456170236146428,0.009422525990583623,0.6476309618740289,-0.06656143580481798,-0.1316908078066436,0.01805550212697559,0.5954300841563075,-0.14857509020036194,0
1028,2024-09-14 19:44:16.503248047,0,003,-0.3823859653384221,0.03212733358087714,0.5232500041496976,-0.06041266172314353,-0.15307232526193731,0.027528624396134835,0.6374035878217905,-0.16764484285440784,0
1029,2024-09-14 19:44:17.451309082,0,003,-0.41376381547834595,0.05337963023221676,0.430314862013803,-0.06014980530698115,-0.17168107524469536,0.03687380872535203,0.6670415581109068,-0.18728427711180426,0
1030,2024-09-14 19:44:17.513793945,0,003,-0.4391369393009417,0.07290139530214433,0.37563314877724036,-0.06622984226635631,-0.18708433985369022,0.04577979751748594,0.6845979955424683,-0.20664766954142955,0
1031,2024-09-14 19:44:17.590524902,0,003,-0.4580720721139044,0.090451551820493,0.3637171307143303,-0.07861598642045792,-0.19907303807696436,0.05394679679434191,0.6912785837926724,-0.22486087950447065,0
1032,2024-09-14 19:44:17.660130859,0,003,-0.4704335937151043,0.10583905870372722,0.39617344902786616,-0.09675581331058451,-0.2076695637575323,0.06110731239115657,0.6885823762103551,-0.24096650297032005,0
1033,2024-09-14 19:44:17.713200195,0,003,-0.4764396352894228,0.11893420038314717,0.4712182196447405,-0.11961383850177659,-0.21312154847687956,0.06704333382901359,0.677682186035282,-0.2538867536574673,0
1034,2024-09-14 19:44:17.791261963,0,003,-0.4766399980480481,0.1296741653795402,0.5835296830088003,-0.145757081940879,-0.2158786394588482,0.0715978750910896,0.6589596468922694,-0.2624275489103115,0
1035,2024-09-14 19:44:17.853338867,0,003,-0.47183534213195183,0.13806241488232945,0.7246140153249044,-0.1734981474368002,-0.21655460840136914,0.07468018842342515,0.6318016727774127,-0.2653451406763569,0
1036,2024-09-14 19:44:18.806860107,0,003,-0.4629637942361245,0.14416326816636832,0.8837014278373374,-0.20108616855142017,-0.21588713956791444,0.07626770777153422,0.5947210973841627,-0.26147957604306343,0
1037,2024-09-14 19:44:18.874705078,0,003,-0.45098278844593775,0.1480948598216244,1.0489858883130334,-0.22690491475515004,-0.21470404065816845,0.07640883959340151,0.5457626748804714,-0.24992590339680004,0
1038,2024-09-14 19:44:18.942506104,0,003,-0.43678083180695343,0.15002436238969946,1.2088779846438955,-0.24962563414677094,-0.2138885760438545,0.0752253439345304,0.48307139478661737,-0.2301919445714343,0
1039,2024-09-14 19:44:19.010307129,0,003,-0.42115140854600036,0.15016793165868897,1.3529973792931949,-0.26828779019301296,-0.21433111164339205,0.07290854283945489,0.4054934477300027,-0.20230308964276103,0
1040,2024-09-14 19:44:19.068697998,0,003,-0.40483553825725876,0.14879469700960934,1.4728258333766053,-0.28231611672181717,-0.21686844956912937,0.0697071038355878,0.31310665954259365,-0.1668444118483754,0
1041,2024-09-14 19:44:19.131182861,0,003,-0.388596289018605,0.1462294585535907,1.5620659773029095,-0.29149588914726393,-0.22222185465445124,0.06590963175012382,0.20756196262382082,-0.12494091596682298,0
1042,2024-09-14 19:44:19.208396973,0,003,-0.3732707154329549,0.14284725766964593,1.616762451748841,-0.2959197131174521,-0.23093864764827246,0.06182548399512564,0.09211044935745197,-0.07816762301729088,0
1043,2024-09-14 19:44:20.156888916,0,003,-0.3597745565565895,0.13905827724041614,1.635217844023144,-0.29590311010880116,-0.24334311826005425,0.057765945834426416,-0.02873974581770042,-0.028385325553251694,0
1044,2024-09-14 19:44:20.224462891,0,003,-0.34906837211638997,0.13528644055938036,1.6177293138081774,-0.29186434237959047,-0.25951152844859227,0.05402840191260105,-0.14986815433899373,0.022470500821874902,0
1045,2024-09-14 19:44:20.286017822,0,003,-0.3420977049096191,0.13194468662272743,1.566191865712707,-0.28418579721792253,-0.2792795191440158,0.05088489257634713,-0.2662808502383994,0.07258474424155191,0
1046,2024-09-14 19:44:20.348722900,0,003,-0.3397177267922719,0.1294101906165666,1.4836321642000543,-0.2730953980611131,-0.3022707908236095,0.04857331798925861,-0.37367580764920705,0.12038003221294424,0
1047,2024-09-14 19:44:20.425934082,0,003,-0.3426168178059137,0.1280043166845358,1.3737471481932095,-0.25860276054980863,-0.32792436414769904,0.047287865362067756,-0.4686930005185416,0.1645404762430775,0
1048,2024-09-14 19:44:20.495923096,0,003,-0.351248924593417,0.12797874829157235,1.2405294779527805,-0.2405048072039762,-0.35550500233238425,0.04716632607563889,-0.5489286376858211,0.20397700751937112,0
1049,2024-09-14 19:44:20.549478027,0,003,-0.36577934186587047,0.12950518616703535,1.0880484286756764,-0.21846013046823165,-0.384104031871646,0.04827571313029606,-0.6128779303722534,0.23778291834939605,0
1050,2024-09-14 19:44:21.482938965,0,003,-0.38605395897008843,0.1326679170535175,0.9204179350413753,-0.19212015462447918,-0.4126534496865693,0.05060102202080964,-0.6598844578818313,0.2652036446838716,0
1051,2024-09-14 19:44:21.550775879,0,003,-0.4116022593334581,0.13746124169636498,0.7419301483045984,-0.16128743004027377,-0.43996881001364047,0.05404158802955951,-0.69008865689797,0.28562498899205685,0
1052,2024-09-14 19:44:21.618583984,0,003,-0.44167195192433745,0.14379215615168198,0.5572571728784278,-0.1260566839860964,-0.464819740238188,0.05841655625178387,-0.7043482893207642,0.2985877387206304,0
1053,2024-09-14 19:44:21.686393066,0,003,-0.4752823796147715,0.15148671546910294,0.3715562104282288,-0.08689699894714549,-0.4860160354782357,0.06347865388789846,-0.7040989781330517,0.3038344712388216,0
1054,2024-09-14 19:44:21.747598877,0,003,-0.5112821920123409,0.16029803424101996,0.19036019578279792,-0.044658000137072135,-0.5024944273197578,0.06893444150548536,-0.6911455503879306,0.30137571281717057,0
1055,2024-09-14 19:44:21.821957031,0,003,-0.5483975464112588,0.16991304334960253,0.01931045252679692,-0.0005176675320022133,-0.5133980440714697,0.07446887617430643,-0.6674202184783141,0.29155095748269216,0
1056,2024-09-14 19:44:21.889770996,0,003,-0.5852600246626288,0.17995628340411096,-0.13612161021220107,0.044101520295847116,-0.5181484381947088,0.0797717662894604,-0.6347489460146617,0.27505858301239255,0
1057,2024-09-14 19:44:22.833277832,0,003,-0.6204182314175545,0.18999385615744885,-0.2708662397732251,0.0876372342035781,-0.5165051495707516,0.0845632673296267,-0.5946598106780587,0.25293331407018976,0
1058,2024-09-14 19:44:22.901122070,0,003,-0.6523594604656241,0.1995445381216535,-0.38043643696752416,0.1284931819214884,-0.5085988234138662,0.08861539790200884,-0.5482908379398326,0.22647403884627276,0
1059,2024-09-14 19:44:22.962258056,0,003,-0.6795725484297911,0.20810353066800377,-0.4609975615408225,0.16510661127465912,-0.49492692671144245,0.09176724087238375,-0.49642901219248353,0.19715038355221945,0
1060,2024-09-14 19:44:23.024259033,0,003,-0.7006542009642784,0.21517745742959643,-0.5092922878970321,0.19596356001938972,-0.47630999384230366,0.09393285873718164,-0.4396112761115226,0.1665098853780778,0
1061,2024-09-14 19:44:23.104525146,0,003,-0.7144238874765126,0.22032140832524133,-0.522510399014295,0.21959594647526048,-0.45381221757474716,0.09510220641882104,-0.3781776100538365,0.13608783830217078,0
1062,2024-09-14 19:44:23.163496094,0,003,-0.7200064855239844,0.22316735652913344,-0.49823735302358846,0.23460529890754106,-0.4286392417233633,0.09533612805125752,-0.3122435594624985,0.10731676055016287,0
1063,2024-09-14 19:44:23.225493896,0,003,-0.7168649205746723,0.22343956789988445,-0.43455447766527194,0.23973122666117425,-0.4020360682761832,0.09475745767337775,-0.24163987643868257,0.08143466650542151,0
1064,2024-09-14 19:44:24.151894043,0,003,-0.7047883319050242,0.22095899496334176,-0.3302857884403942,0.23395556854811136,-0.3752035697888026,0.09354042300003067,-0.16587117213111588,0.05939626487566132,0
1065,2024-09-14 19:44:24.214445068,0,003,-0.6838574871181414,0.2156407568418251,-0.18534868309217598,0.21663120669560945,-0.34923555158307434,0.09189836555103843,-0.08412605242504356,0.041798627184396905,0
1066,2024-09-14 19:44:24.292674072,0,003,-0.6544166126706179,0.2074896093428598,-0.0011458340273367957,0.18762848952365152,-0.32507132833470415,0.09006812143886371,0.004613187126336374,0.028838750154821853,0
1067,2024-09-14 19:44:24.353116943,0,003,-0.6170665731275767,0.196597676041969,0.2191026392018298,0.14746927954056507,-0.30345992608505534,0.08829060862064943,0.1012989152444605,0.020324682079279816,0
1068,2024-09-14 19:44:24.428266113,0,003,-0.5726674985747773,0.1831445666909821,0.4701862406833787,0.0973957242299014,-0.284925717472992,0.08678795462272208,0.20641740776385514,0.015746121408912062,0
1069,2024-09-14 19:44:24.495413086,0,003,-0.5223283119397569,0.16739555043699259,0.7449391498486105,0.039335548146096105,-0.26973050428130013,0.08573836870306183,0.31968367184635016,0.014368699778524112,0
1070,2024-09-14 19:44:24.563858887,0,003,-0.46736816884316273,0.14969218679300755,1.0345351003660805,-0.0242439730579033,-0.2578522623595032,0.08525369048689779,0.4400813089824916,0.015302809544913028,0
1071,2024-09-14 19:44:25.494241943,0,003,-0.4092434243340199,0.1304317879447787,1.3291039989414088,-0.09057534981529837,-0.2490021852059037,0.08536569489407679,0.5661915299476928,0.017548437094845888,0
1072,2024-09-14 19:44:25.573733154,0,003,-0.34944676481218867,0.11003749830490925,1.6186037287053037,-0.15687267172561561,-0.24267132058754767,0.08602218697024189,0.6964326643300132,0.020067423421073222,0
1073,2024-09-14 19:44:25.633142090,0,003,-0.2894045251702611,0.08892722225810254,1.8937074297826182,-0.22058160950044148,-0.23818681187604457,0.08709019093851876,0.8289183495444251,0.021905495980122678,0
1074,2024-09-14 19:44:25.709929932,0,003,-0.2303992998988725,0.06748992162532697,2.1464713493906067,-0.2795437122412468,-0.23477386853780113,0.08836545460140258,0.961050380577122,0.0223145303132585,0
1075,2024-09-14 19:44:25.771502930,0,003,-0.17352364599607445,0.04607108581166882,2.3707144503550936,-0.33207415453831063,-0.23162659646951658,0.08958872756156055,1.089222493829429,0.020809182081257368,0
1076,2024-09-14 19:44:25.835994873,0,003,-0.11965720427618888,0.024964588316350782,2.5621576814915397,-0.37698804254524004,-0.22798059919652017,0.09046673820055039,1.2089366223261238,0.017139172621967777,0
1077,2024-09-14 19:44:25.913599121,0,003,-0.06946052935504078,0.004409434950118703,2.7183793249739963,-0.41360432985742157,-0.22316677234630036,0.0906940960391873,1.3153898406079512,0.011205938523735632,0
1078,2024-09-14 19:44:26.854001953,0,003,-0.023379402952951565,-0.015408849260650802,2.8386534469966356,-0.4417336237906031,-0.21662594078900274,0.08997369189982643,1.4043238187516107,0.002975792553984788,0
1079,2024-09-14 19:44:26.915575928,0,003,0.018339929120888093,-0.03435251446671796,2.923758251816477,-0.4616459349417332,-0.20789292247447583,0.08803636797110274,1.4727572869904968,-0.007559846403089976,0
1080,2024-09-14 19:44:26.978326172,0,003,0.055613354289957034,-0.05232020544493517,2.9757985879183977,-0.4740149535125776,-0.19658896702940476,0.08466345030341783,1.5192980068360644,-0.02036009260596449,0
1081,2024-09-14 19:44:27.060697998,0,003,0.0884604457527135,-0.06922982483956608,2.998030361941405,-0.47983975701244613,-0.18244923101522106,0.07971347397308005,1.5440171877688758,-0.035273062981131094,0
1082,2024-09-14 19:44:27.128519043,0,003,0.11695243689144484,-0.08500217114778982,2.994670298148312,-0.4803530184120206,-0.16537757086833144,0.07314784704344317,1.5481005547433748,-0.051980175739361,0
1083,2024-09-14 19:44:27.196385986,0,003,0.14119287874930592,-0.09955354661067438,2.970661529141586,-0.47692336078291747,-0.14551278690512656,0.06504808363972109,1.5334828624039052,-0.0699699198580451,0
1084,2024-09-14 19:44:27.263683105,0,003,0.1613287624770287,-0.1127975991648263,2.931333529016448,-0.4709476294117346,-0.12329670467483748,0.05562128950969436,1.5025300644097452,-0.08853953841100262,0
1085,2024-09-14 19:44:28.202173096,0,003,0.17756710653536545,-0.12464915539081596,2.881956497646535,-0.4637370988531368,-0.09952251147436772,0.04519356714573582,1.4577645823078424,-0.10681797783820875,0
1086,2024-09-14 19:44:28.264191895,0,003,0.19016861487538486,-0.13502270738235178,2.827310560027534,-0.45642686610965916,-0.07533150909234472,0.03419171365601865,1.4016818283239407,-0.12381396773836675,0
1087,2024-09-14 19:44:28.341936035,0,003,0.19940351014428848,-0.1438223654183877,2.771395837514741,-0.449933357008337,-0.052148230262052606,0.023115960684993952,1.3367446819370072,-0.13849860514541337,0
1088,2024-09-14 19:44:28.404117188,0,003,0.20547954596997497,-0.15092581156130586,2.717306617869371,-0.44494865805843825,-0.03157295142025309,0.012508623121320407,1.2655562687616413,-0.14991789444614947,0
1089,2024-09-14 19:44:28.478555908,0,003,0.20847355692293942,-0.15617131674428975,2.6672263762019948,-0.44194202073531785,-0.01525072602394974,0.0029212197835099605,1.1911022441980796,-0.15730977849379282,0
1090,2024-09-14 19:44:28.546385010,0,003,0.20829478602436385,-0.1593577769835542,2.622494915270516,-0.44115683530916217,-0.004725202177464467,-0.005120587730050012,1.1169473738101272,-0.16019743339355774,0
1091,2024-09-14 19:44:28.614164062,0,003,0.2046824167560542,-0.16025911729783868,2.5836898499082785,-0.44261082976812427,-0.0012938185554649563,-0.011152618634815698,1.0472788278493892,-0.1584380316745042,0
1092,2024-09-14 19:44:29.550304932,0,003,0.19722585935033782,-0.15864642369393267,2.550652720841433,-0.44610250936803836,-0.005892417817950744,-0.014801889230314646,0.9866688654874999,-0.15220881535387884,0
1093,2024-09-14 19:44:29.625290039,0,003,0.18540765603181553,-0.15431260968113655,2.5224317158396694,-0.451217681370083,-0.019029380847353804,-0.01580423259127433,0.9395062822002703,-0.14192392856595687,0
1094,2024-09-14 19:44:29.689081787,0,003,0.16867151008541525,-0.1470978538993043,2.4972216208550955,-0.4573403531210845,-0.04077006546021907,-0.014008767579696024,0.9092004084379891,-0.12809758327727686,0
1095,2024-09-14 19:44:29.751112061,0,003,0.14650122731938028,-0.13691230932331241,2.4724506953300964,-0.4636865858820453,-0.07075303080638289,-0.00937302529858401,0.8973953447904489,-0.11119207403449771,0
1096,2024-09-14 19:44:29.813160889,0,003,0.11849501303871052,-0.12375204255495321,2.4450725689579094,-0.4693713680095496,-0.10821285145000216,-0.001954514571327531,0.9035095509557214,-0.09150906503720212,0
1097,2024-09-14 19:44:29.891267090,0,003,0.08443448390532482,-0.10770861857400499,2.4119568671541263,-0.47349792354707626,-0.15200425096919515,0.008097441290585511,0.9248123995303689,-0.06917229729549448,0
1098,2024-09-14 19:44:29.964382812,0,003,0.04434666710745133,-0.08897522777747494,2.3702331441972224,-0.4752477672130993,-0.20064687078684076,0.020549651338188278,0.95696938521168,-0.044199033710399654,0
1099,2024-09-14 19:44:30.900976807,0,003,-0.0014502710544502739,-0.06784978857390479,2.317537922444079,-0.4739472272638114,-0.25240501911055646,0.035094136770121034,0.9948191422070398,-0.016612658388083575,0
1100,2024-09-14 19:44:30.975380859,0,003,-0.052322219136193567,-0.04473256521680098,2.252211599597219,-0.46909729840187603,-0.30539393600532605,0.05135779846683907,1.033198322489379,0.013452429227687919,0
1101,2024-09-14 19:44:31.038656982,0,003,-0.107321387483529,-0.020115322541713786,2.1735221782566674,-0.46037859623345534,-0.3576931758181233,0.06891113514095555,1.0677049651729982,0.04567426106790368,0
1102,2024-09-14 19:44:31.100229980,0,003,-0.1652290280122691,0.0054388458342396195,2.081913899043228,-0.44764743171095145,-0.40745060492033724,0.08727756224738167,1.0952905849224766,0.07949258802592071,0
1103,2024-09-14 19:44:31.178733154,0,003,-0.22464015194805617,0.031322264713606836,1.979110578577405,-0.43091791968067705,-0.4529693401220059,0.10594874171852166,1.1145929592979238,0.11408153507389474,0
1104,2024-09-14 19:44:31.238687012,0,003,-0.28407069985667494,0.05691132390172462,1.8678698470185269,-0.4103223036164648,-0.4927812360627844,0.12440910310575438,1.125999660015251,0.14835101297742584,0
1105,2024-09-14 19:44:31.314380859,0,003,-0.3420652051884335,0.08159413567924947,1.7514148593675196,-0.38606260495378686,-0.525713888880151,0.1421653804751315,1.1314850668837535,0.18097910588944538,0
1106,2024-09-14 19:44:32.258148926,0,003,-0.39729203888914827,0.10479662381195397,1.6328245103263799,-0.3583812836825804,-0.5509470331466688,0.1587726674503249,1.1342705380396865,0.21047449301636995,0
1107,2024-09-14 19:44:32.326001953,0,003,-0.4486124294680791,0.12600534146617762,1.5146868608907074,-0.32757623508192096,-0.5680471715355568,0.1738513798199362,1.1383794491534736,0.23527330958684162,0
1108,2024-09-14 19:44:32.391968018,0,003,-0.49511162036866296,0.14478491454084522,1.3991137607261845,-0.2940564926535042,-0.576982115432579,0.1870963173196374,1.1481804988923479,0.25387523341380996,0
1109,2024-09-14 19:44:32.454454834,0,003,-0.5361015116440503,0.16079185349539454,1.2879593882562843,-0.2583977935286292,-0.578121878442275,0.19828215953493056,1.167962355003863,0.2650152379749022,0
1110,2024-09-14 19:44:32.518913086,0,003,-0.5711160613635712,0.17378665124368226,1.1830387860825027,-0.22136739892400206,-0.572209709262546,0.20726616710826984,1.2014961210413888,0.26785323337580863,0
1111,2024-09-14 19:44:32.594508789,0,003,-0.59990734467918,0.18364067862908587,1.0863022818479489,-0.1839275925138292,-0.560278735469784,0.21398490979553725,1.251549735690324,0.2621382522636423,0
1112,2024-09-14 19:44:32.665041016,0,003,-0.6224414618530255,0.19033459510206788,0.9999940224377425,-0.1472266433026522,-0.543522532749065,0.21844374072783856,1.3194310919220127,0.24828564131180966,0
1113,2024-09-14 19:44:33.579032959,0,003,-0.6388926882916327,0.19395039754193702,0.92676332710637,-0.1125653029150789,-0.5231615518694503,0.22070296781867862,1.404680693461518,0.22733521524070588,0
1114,2024-09-14 19:44:33.640633057,0,003,-0.649622430986019,0.19465883758331692,0.8697021566998423,-0.08134128246263755,-0.5003458060252872,0.2208660020974979,1.5049532072458693,0.20081917886376363,0
1115,2024-09-14 19:44:33.718223145,0,003,-0.655131026704565,0.19270075863778882,0.8323171379556104,-0.054988930460039706,-0.4761094248885175,0.21907138200423937,1.6160916362381976,0.17059287156144004,0
1116,2024-09-14 19:44:33.786006104,0,003,-0.6559936305099334,0.18836294124475972,0.8184042009337449,-0.034909969169284606,-0.45136504988461124,0.2154884405069648,1.732440000631015,0.13865913200472707,0
1117,2024-09-14 19:44:33.841094971,0,003,-0.6527947117359982,0.18195171412266856,0.8317746002579556,-0.022376714144587983,-0.4269090231369238,0.2103157544581897,1.8474012163544604,0.10699383600060529,0
1118,2024-09-14 19:44:33.918782959,0,003,-0.6460597696660857,0.17376667919170788,0.875824601770636,-0.018403608967139846,-0.4034143045364791,0.20377836455154752,1.9541417923842856,0.07737294847816349,0
1119,2024-09-14 19:44:33.980376953,0,003,-0.6361880302439099,0.16407705694848007,0.9529702027822999,-0.023598574742220876,-0.381408773574995,0.1961179952143623,2.0463210917796983,0.051208633910765675,0
1120,2024-09-14 19:44:34.901870850,0,003,-0.6234051238865813,0.15310491291067538,1.0640298692585768,-0.038024105440889994,-0.36125167378056144,0.1875756774516203,2.1187444221845007,0.02942447634039608,0
1121,2024-09-14 19:44:34.963871094,0,003,-0.6077488951132417,0.1410183852222335,1.2077436521707492,-0.06112000931909712,-0.3431245413043431,0.178372981221489,2.1677967175394417,0.012414213717060807,0
1122,2024-09-14 19:44:35.041977783,0,003,-0.5890875118208572,0.12793473044087877,1.3806000581953595,-0.09172715027593653,-0.32704459315311224,0.16869865800477157,2.191518066341041,0.0001033158407397907,0
1123,2024-09-14 19:44:35.111156982,0,003,-0.5671633630130186,0.11393042108494593,1.5769824219634336,-0.12819955963749968,-0.3128900543271102,0.15870278309126165,2.1893733845650742,-0.007920254789303773,0
1124,2024-09-14 19:44:35.166458008,0,003,-0.541652552397608,0.09905423088002681,1.789533266288383,-0.16855293847304284,-0.3004186453495458,0.1484961660866397,2.1619571646052527,-0.012267528091460962,0
1125,2024-09-14 19:44:35.243654053,0,003,-0.5122306943117565,0.08334054876559789,2.0096498569732306,-0.21060731937853872,-0.28927952681792934,0.1381527630862075,2.1108101559852397,-0.013642453709669869,0
1126,2024-09-14 19:44:35.314558105,0,003,-0.478641799505109,0.06682323921119743,2.228076651760505,-0.25211952009800875,-0.2790401236674015,0.12771593135745957,2.038311515633354,-0.012772341477358236,0
1127,2024-09-14 19:44:36.257747803,0,003,-0.44076230693182594,0.04955031781872565,2.4355763564693707,-0.290923210273614,-0.2692399747341995,0.11721081088651732,1.947515617431355,-0.010359343348289252,0
1128,2024-09-14 19:44:36.325618896,0,003,-0.3986407677838849,0.03159599237791317,2.623662365000766,-0.3250874322286858,-0.25946218625445905,0.10666306802773122,1.8418960525244867,-0.00703865558693855,0
1129,2024-09-14 19:44:36.393440918,0,003,-0.35249808925706994,0.01306540632177355,2.7853794897443187,-0.35308891191258135,-0.24940894982663048,0.09612157045575746,1.7250693838998106,-0.0033410648662130695,0
1130,2024-09-14 19:44:36.452549072,0,003,-0.30269121505336,-0.005908500486339882,2.916054439235482,-0.37397876842536865,-0.23896934179546583,0.0856806459755564,1.6005722947933307,0.0003363262029107032,0
1131,2024-09-14 19:44:36.529000000,0,003,-0.2496606545044724,-0.025171630767578168,3.0137992839089547,-0.38750361988692267,-0.22826075477598734,0.0754948742212518,1.4717522589323027,0.003744199794194111,0
1132,2024-09-14 19:44:36.590377930,0,003,-0.19389750917571172,-0.04455290288247857,3.0795287811387726,-0.3941315488091827,-0.21762807102484238,0.06577880823197053,1.3418257674978462,0.006770806532421187,0
1133,2024-09-14 19:44:36.664624023,0,003,-0.13596223674030716,-0.06386228925526194,3.1164294257669027,-0.39495446463038647,-0.2076063293649167,0.05679088397474897,1.2140498465481266,0.009413940915214046,0
1134,2024-09-14 19:44:37.601691895,0,003,-0.07654976220060775,-0.08288378192355308,3.1290392004271816,-0.3914823387055972,-0.19886602119651337,0.048810466728698994,1.0918300133503551,0.011760832799764752,0
1135,2024-09-14 19:44:37.675623779,0,003,-0.016556875133980093,-0.1013686625562139,3.1222369417269467,-0.3853914685726224,-0.19214877376096015,0.04211829704179409,0.9786133741628746,0.013993646933113793,0
1136,2024-09-14 19:44:37.741080078,0,003,0.042889048703745436,-0.11903498837396113,3.100440704009222,-0.3783007724275426,-0.1881896732710798,0.03698265387045649,0.87755955254425,0.016413453986566365,0
1137,2024-09-14 19:44:37.811209961,0,003,0.10045113419823351,-0.13557570502637986,3.06716590241512,-0.3716128345103594,-0.18763283332309688,0.03364721307918682,0.7911375275705664,0.019460605424976348,0
1138,2024-09-14 19:44:37.878992188,0,003,0.1546470097324934,-0.1506741209168514,3.02493235807084,-0.36642119451313293,-0.19096204945110629,0.032317320724649094,0.7208566611437512,0.023710651467832505,0
1139,2024-09-14 19:44:37.946805908,0,003,0.2039442089773059,-0.1640242580194673,2.9754460348694423,-0.3634826252383491,-0.19846345182283737,0.03314443236522425,0.6672426546397441,0.02983284361526353,0
1140,2024-09-14 19:44:38.001624023,0,003,0.2468738352985145,-0.1753537211099639,2.9199737076029986,-0.3632505035155503,-0.2102182660694325,0.03621100591561443,0.630014982337452,0.03850494192255537,0
1141,2024-09-14 19:44:38.958503905,0,003,0.2821515753126732,-0.18444642998432526,2.8597977890975086,-0.3659444781941903,-0.2261124691436469,0.04152009551628109,0.6083551289718966,0.050294319279544385,0
1142,2024-09-14 19:44:39.026371094,0,003,0.3087908685663342,-0.19116059332303265,2.796583350587829,-0.37161454553255097,-0.2458516072297083,0.048992463955578804,0.6011669885145703,0.06554399885513744,0
1143,2024-09-14 19:44:39.094121826,0,003,0.3261805464543641,-0.19543523515560177,2.732514525153564,-0.38016867033439844,-0.2689783421537718,0.05847023417321061,0.6072591798263741,0.08430764593918115,0
1144,2024-09-14 19:44:39.161906006,0,003,0.3341019135792394,-0.19728122891900357,2.670195057277341,-0.3913653221853822,-0.29489857998540064,0.06972490186919977,0.6254683232025642,0.10633667384473529,0
1145,2024-09-14 19:44:39.229708984,0,003,0.3326860224026677,-0.19676049133433865,2.6124115976846927,-0.40479744405225454,-0.32291808664308186,0.08246896469752109,0.6548590208728193,0.13108299432459558,0
1146,2024-09-14 19:44:39.297502930,0,003,0.32234077731343125,-0.19396305509040074,2.5618553440642615,-0.41990031234383,-0.3522816874359919,0.09637091071965789,0.6950302394893498,0.15770457628410353,0
1147,2024-09-14 19:44:39.365173096,0,003,0.30368678926811105,-0.18899057537989977,2.5208800062003793,-0.43600118251112296,-0.38220837489057974,0.11107210825376188,0.7462410188731138,0.18511724535686325,0
1148,2024-09-14 19:44:40.295589844,0,003,0.27752425880335624,-0.18194871267338794,2.4913617603726532,-0.45239783856756,-0.41192245341736505,0.1262031383811327,0.8090169707199933,0.21213300632329146,0
1149,2024-09-14 19:44:40.352656982,0,003,0.24482734864364414,-0.17294676787661514,2.4746713286719024,-0.46843715030415867,-0.4406757989925093,0.1413964458292854,0.8832805487025074,0.2376584516971595,0
1150,2024-09-14 19:44:40.429897949,0,003,0.20674511370693405,-0.16210244345069727,2.471715161607637,-0.48358022745823565,-0.4677489051492829,0.15629191853294086,0.9674028012178916,0.26088581237559727,0
1151,2024-09-14 19:44:40.491903076,0,003,0.16458290857286942,-0.14954880773065787,2.4829879521372664,-0.4974513868357231,-0.49243169324821473,0.17053540400818992,1.057593520635975,0.2814235773200044,0
1152,2024-09-14 19:44:40.566369141,0,003,0.11974933383162802,-0.13543984895416206,2.5085621528473783,-0.5098513705650408,-0.5140067962846432,0.18377604270989456,1.1478673181066417,0.29933401928691344,0
1153,2024-09-14 19:44:40.634131836,0,003,0.07367918247774695,-0.11995321613278281,2.5479437353815126,-0.5207083728325678,-0.531756125590335,0.19566935768365654,1.2305740781842418,0.3150654453893122,0
1154,2024-09-14 19:44:40.694129883,0,003,0.027765145587652553,-0.1032922807615315,2.5998127909263276,-0.5299739554353763,-0.5449890239281018,0.20588863199308516,1.297263666194329,0.3293110979624867,0
1155,2024-09-14 19:44:41.645633057,0,003,-0.016670763336114666,-0.08569070184368127,2.661785059956138,-0.5375134856677428,-0.5530774227548632,0.21414338521420465,1.339627331121637,0.34285476840848034,0
1156,2024-09-14 19:44:41.724929199,0,003,-0.058370541629811146,-0.06741869235796562,2.730324788329007,-0.5430440551428151,-0.5554917732677124,0.22020226287136616,1.350370526799683,0.3564367835617371,0
1157,2024-09-14 19:44:41.785296875,0,003,-0.09614360825297268,-0.048783616730476015,2.800809668587998,-0.5461387904706494,-0.5518438999324174,0.2239164071920285,1.323911850746059,0.3706394687753155,0
1158,2024-09-14 19:44:41.852971924,0,003,-0.12891984364919973,-0.030116898853353936,2.8676874873236047,-0.5462845489152482,-0.5419398010756418,0.22523881085816563,1.2567647898198284,0.3858004747493947,0
1159,2024-09-14 19:44:41.928272949,0,003,-0.15584368183811878,-0.011747522422062923,2.9247369338788016,-0.5429678209440857,-0.5258301798654873,0.22423573945922096,1.147537868332343,0.4019858969323928,0
1160,2024-09-14 19:44:41.988802979,0,003,-0.1763738050258882,0.006029207418424047,2.965482591400493,-0.5357609072183791,-0.5038423714547208,0.2210880136146615,0.9967150352734004,0.4190354625348641,0
1161,2024-09-14 19:44:42.063832031,0,003,-0.19036456150258987,0.022977626417609545,2.9837420109487702,-0.5243860147266084,-0.476591936716223,0.21608314021252167,0.8065038627188724,0.436640040778499,0
1162,2024-09-14 19:44:42.998717041,0,003,-0.19811173912484725,0.0389352404791454,2.974208485575262,-0.5087531782417997,-0.44497726749259836,0.20959977881111125,0.5809007425879211,0.45439362561914814,0
1163,2024-09-14 19:44:43.075043945,0,003,-0.20033976787752933,0.05381084158561115,2.9329473348564647,-0.4889806212748014,-0.41014345448900447,0.202080842501613,0.32586967320787946,0.47180008719381844,0
1164,2024-09-14 19:44:43.142826172,0,003,-0.19812299790249016,0.06757061622176995,2.857686259835785,-0.4653953406385534,-0.37339843190458194,0.19399049560274298,0.04938152499436153,0.48826138199332736,0
1165,2024-09-14 19:44:43.210581055,0,003,-0.19276381567617545,0.08022060173148238,2.7478164733771995,-0.4384955956962799,-0.3360932525490119,0.1857610968141471,-0.23889275844878874,0.5030815749974538,0
1166,2024-09-14 19:44:43.277470215,0,003,-0.18565851584190568,0.09179155068443125,2.6041064288711713,-0.40886619905820076,-0.2995032418077329,0.1777463037879478,-0.5282273268896617,0.515494621249311,0
1167,2024-09-14 19:44:43.339468018,0,003,-0.1781695486535664,0.10232636068151867,2.428247197771678,-0.377069309383244,-0.26473853516990126,0.17019247002416768,-0.8076167470259695,0.5247025667167647,0
1168,2024-09-14 19:44:43.401954102,0,003,-0.17151920822074793,0.11186908715687284,2.222399485212656,-0.3435523211108352,-0.2326885827624313,0.16322887307819053,-1.066469478557749,0.5299177276432,0
1169,2024-09-14 19:44:44.332364014,0,003,-0.16672115135457705,0.12045662145069966,1.9888558549196795,-0.3086016427893859,-0.20399444366215982,0.1568717482267623,-1.2951637663536362,0.5304182106237914,0
1170,2024-09-14 19:44:44.400111816,0,003,-0.16454530749284518,0.12811233889962087,1.7298864747006022,-0.27234908553545506,-0.17904757363006185,0.15103848334847425,-1.4855353401823308,0.5256219774658883,0
1171,2024-09-14 19:44:44.466510009,0,003,-0.1654842859895416,0.13483785670357756,1.4478147048945145,-0.2348207945654508,-0.15801701904586263,0.14556945244278185,-1.631339339311915,0.5151655673568055,0
1172,2024-09-14 19:44:44.535672852,0,003,-0.16969953781593186,0.14060150982588096,1.1452612711025676,-0.1960000299969181,-0.14089655229939502,0.14025305798284823,-1.7286295464222141,0.4989688172120339,0
1173,2024-09-14 19:44:44.589255127,0,003,-0.17696758227787762,0.14532826654360545,0.8254063377828894,-0.1558756630773219,-0.12754900487865792,0.13484806376126315,-1.7759867362504462,0.47728130233289134,0
1174,2024-09-14 19:44:44.665987061,0,003,-0.18666963059302286,0.14889880170956274,0.4922094055016351,-0.11448101239022775,-0.11772651109998314,0.12909964564204546,-1.7746057860599231,0.450714122063633,0
1175,2024-09-14 19:44:44.739048096,0,003,-0.19785112178827402,0.15116334388390576,0.15064974000535994,-0.07194349009683888,-0.11106422371705245,0.12275075581290051,-1.728292903934974,0.4202548158197787,0
1176,2024-09-14 19:44:45.646047119,0,003,-0.20934699841472773,0.15197030017426885,-0.19301386129315304,-0.028538149785396996,-0.10706474707937151,0.11555376889649176,-1.6433781735022475,0.3872560920596916,0
1177,2024-09-14 19:44:45.702608154,0,003,-0.21994812701430957,0.1512029912741141,-0.5311275772564823,0.015284698465729362,-0.10509440718284496,0.10728513684745199,-1.5284421446268022,0.3533765693428658,0
1178,2024-09-14 19:44:45.779241943,0,003,-0.22857696002815867,0.14881470656648282,-0.8548621273105752,0.0589163843068593,-0.10439974182841069,0.09776131437601242,-1.3936952989693498,0.3204430465587144,0
1179,2024-09-14 19:44:45.849277100,0,003,-0.23444286497737796,0.14485527100090784,-1.1547835214644373,0.10164259629469366,-0.10414546845664173,0.086854733941881,-1.2500051174615487,0.2902339246287554,0
1180,2024-09-14 19:44:45.917077148,0,003,-0.23714879227720914,0.13948569810925918,-1.421587730273777,0.14270293536987555,-0.10348328960250106,0.07451213816944197,-1.1078385884171382,0.26423776400921384,0
1181,2024-09-14 19:44:45.984878906,0,003,-0.23672009165126742,0.13297666432657146,-1.6468139544472407,0.18133774579148998,-0.10165561258263789,0.06077567349406642,-0.97642307309963,0.24345786975562392,0
1182,2024-09-14 19:44:46.052670898,0,003,-0.2335435356801878,0.12568721766772561,-1.8234915694517677,0.21682938399894308,-0.09810777777148401,0.045799982713923604,-0.8632090019343636,0.22830211378158555,0
1183,2024-09-14 19:44:46.998857910,0,003,-0.22823946677107648,0.11802614156593473,-1.946691520921504,0.2485451886667267,-0.09256079027441097,0.02985435800787298,-0.7735507366484747,0.21855674777640924,0
1184,2024-09-14 19:44:47.060450928,0,003,-0.22151390472901755,0.11040426183744988,-2.0138940754191927,0.2759723693244665,-0.08500867423968002,0.013302883024122142,-0.7104796124057198,0.21341553405653646,0
1185,2024-09-14 19:44:47.142527100,0,003,-0.21403216134722922,0.10318758343141088,-2.0251377871759337,0.2987379215619737,-0.07564264321060339,-0.0034342121212727846,-0.6744697588716593,0.21153098722052535,0
1186,2024-09-14 19:44:47.199825928,0,003,-0.206327839307316,0.09665936431435063,-1.9829922617626552,0.31661981540590894,-0.06474145064732252,-0.019925766674277947,-0.6632588233505122,0.21108616271760747,0
1187,2024-09-14 19:44:47.276053955,0,003,-0.19873934443553215,0.09099586399416867,-1.8923923672397192,0.3295568899456193,-0.0525701583380654,-0.035770085526893994,-0.6719561794175777,0.20992404267112458,0
1188,2024-09-14 19:44:47.345937012,0,003,-0.19136782925501045,0.08625740763288889,-1.7603340300564618,0.33765006923932606,-0.03930435064676938,-0.0506266597034047,-0.6935765920920244,0.20575668260071947,0
1189,2024-09-14 19:44:47.398788818,0,003,-0.18406125588366318,0.08239418841516707,-1.5954254728750334,0.3411335803153175,-0.024984733407373932,-0.06423878354554718,-0.7198689477285721,0.19641486701620076,0
1190,2024-09-14 19:44:48.348708984,0,003,-0.17643541774604873,0.07926422665658546,-1.407350967313553,0.340315498345511,-0.009511425699488022,-0.07644512742932492,-0.7421956466562528,0.18006807922079954,0
1191,2024-09-14 19:44:48.411196045,0,003,-0.167940091097827,0.07665895803154593,-1.2063533687749268,0.3355245778295676,0.007319995654134662,-0.08717900122375043,-0.7523114966082992,0.15537478792971543,0
1192,2024-09-14 19:44:48.488895020,0,003,-0.15796129534301281,0.0743309300977169,-1.0027641890099976,0.3270965827080725,0.02575625218224999,-0.09645783980425746,-0.7430092239642258,0.12157088827543934,0
1193,2024-09-14 19:44:48.560426025,0,003,-0.1459331680891426,0.07201991465795261,-0.8065172754302026,0.315395706669616,0.046019004899701905,-0.10436706733394058,-0.708625334704092,0.07852517239110168,0
1194,2024-09-14 19:44:48.628251952,0,003,-0.13143314337317408,0.06947698862323701,-0.6266093494747951,0.30084534453324246,0.06824600453209854,-0.1110410273448743,-0.6453654905946532,0.026772871594115545,0
1195,2024-09-14 19:44:48.689603027,0,003,-0.1142431519187906,0.06648651318271141,-0.47055082007247095,0.2839444338276562,0.09245284816162866,-0.11664426173838124,-0.5514206031850937,-0.03249421669258948,0
1196,2024-09-14 19:44:48.763837158,0,003,-0.09436897256135018,0.06288446477576198,-0.34390673375141534,0.2652597425827504,0.11853166276000482,-0.12135820372268848,-0.42692868878814283,-0.09750643263810581,0
1197,2024-09-14 19:44:49.701669922,0,003,-0.07202142727550594,0.05857127764115779,-0.2500514045029438,0.2454057564965253,0.146289650115481,-0.12537431559339504,-0.27387240629231246,-0.1660623513218385,0
1198,2024-09-14 19:44:49.775482910,0,003,-0.047572285278542306,0.053517308996468664,-0.1902068536936306,0.225026987525627,0.17550271701281617,-0.12888844051138085,-0.09592723335875102,-0.23572146067349636,0
1199,2024-09-14 19:44:49.840913086,0,003,-0.02150317545478028,0.04775966387613742,-0.16370386849214613,0.20477669772889,0.20595550558297057,-0.13209298493392663,0.10178717274843889,-0.3040220009801195,0
1200,2024-09-14 19:44:49.911040039,0,003,0.005637053289399782,0.04139133369947961,-0.16833393487986728,0.1852830064707949,0.23746395520957142,-0.1351698745051285,0.31306986839072026,-0.3687042331604911,0
1201,2024-09-14 19:44:49.964909180,0,003,0.033268732719095834,0.0345449814934723,-0.20075555024034306,0.1671193182681116,0.26988651972104527,-0.13828586182877342,0.5310815411386131,-0.4279173227882293,0
1202,2024-09-14 19:44:50.046634033,0,003,0.06082719133197812,0.027373311626707572,-0.25701558142087894,0.15080229008401388,0.30311611786608783,-0.14158507608569387,0.7487917192907059,-0.48037755269439736,0
1203,2024-09-14 19:44:50.114424072,0,003,0.08782404527190552,0.020027734744581163,-0.3331356562165912,0.13680727186037642,0.33704538564165054,-0.14517451115647553,0.9593239341789732,-0.5254329669724564,0
1204,2024-09-14 19:44:51.053884033,0,003,0.1139110620487129,0.01263856940036202,-0.42556996584332696,0.12556860016354196,0.371518233544192,-0.14910679434713645,1.1561541346744006,-0.5630102757010923,0
1205,2024-09-14 19:44:51.116194092,0,003,0.13892430179243348,0.005302073948765712,-0.5314463474268551,0.1174585174088122,0.40629203660671787,-0.15336972072739025,1.33325052913464,-0.593474978253671,0
1206,2024-09-14 19:44:51.177767090,0,003,0.1628911506238611,-0.0019215138344725736,-0.648713294128551,0.11277746811101441,0.44102788562718365,-0.15788795588120985,1.4852499302920863,-0.6174646920523003,0
1207,2024-09-14 19:44:51.260646973,0,003,0.18599762445806825,-0.008999150197179699,-0.7763179839164026,0.11178491554516719,0.4753114197507799,-0.1625344701318835,1.6076156813466422,-0.6357331358089277,0
1208,2024-09-14 19:44:51.328422119,0,003,0.2085271413553913,-0.015909442642820196,-0.914356918101775,0.1147546409209249,0.5086943185137714,-0.16714664357542575,1.6966694181841608,-0.6490198061837469,0
1209,2024-09-14 19:44:51.395590088,0,003,0.23078882412155055,-0.022626235008562413,-1.064052293320686,0.12200903548489812,0.5407397525341576,-0.1715446035307038,1.7495243689669913,-0.6579676285854833,0
1210,2024-09-14 19:44:51.455039062,0,003,0.25305520747776644,-0.029107145806797175,-1.2274996466361536,0.133908390955789,0.5710568862684763,-0.1755504807579269,1.7640206442459974,-0.6630999872397638,0
1211,2024-09-14 19:44:52.406953125,0,003,0.2755272790030269,-0.03529120797069299,-1.4072263981998587,0.15080670825150574,0.599323581803579,-0.17900689671517458,1.7386757527619106,-0.66482286050148,0
1212,2024-09-14 19:44:52.474858887,0,003,0.29833555965895175,-0.041106917839584735,-1.6056609927158065,0.17300103256581015,0.6253036589600471,-0.18179375641153525,1.6726314859636067,-0.6634071576366715,0
1213,2024-09-14 19:44:52.542682861,0,003,0.32156748148937114,-0.04648772789330239,-1.8246974217308192,0.20070346679242576,0.6488535958342931,-0.18384204682261046,1.565645498725388,-0.658953581838834,0
1214,2024-09-14 19:44:52.601552979,0,003,0.3452986277941082,-0.051388177935854984,-2.065476553205024,0.23403952437431838,0.6699129137524648,-0.18514201566109684,1.4181710391516966,-0.6513774525925558,0
1215,2024-09-14 19:44:52.678353027,0,003,0.36961184203157627,-0.05579476659096681,-2.328255935112839,0.2730294215267592,0.6884860898618531,-0.18574354113867833,1.2315072887499106,-0.6404401633635882,0
1216,2024-09-14 19:44:52.739993164,0,003,0.3945996170665881,-0.05973026873120096,-2.612178115857183,0.3175155642359569,0.7046207805313968,-0.18574782670835124,1.0079829900022026,-0.6258260560751625,0
1217,2024-09-14 19:44:52.801243896,0,003,0.42034946199836926,-0.06325291883876485,-2.915001542997509,0.3670670908501052,0.7183794047108374,-0.18529095581700897,0.751093324332586,-0.607236757156731,0
1218,2024-09-14 19:44:53.757062012,TASK_END,003,0.446916300147898,-0.06645139830810151,-3.233002946835902,0.42091768976999716,0.7298087095884915,-0.1845222038191502,0.46546356571533,-0.5844638956458192,0
