,time,MARKER,pid,L_O_DSI,L_D_DSI,L_O_DSphi,L_D_DSphi,R_O_DSI,R_D_DSI,R_O_DSphi,R_D_DSphi,trial_id
0,2024-09-19 22:34:37.832001024,TASK_BEGIN,012,0.13573963119588428,0.6572687027602824,-0.8760947127936254,-0.10594883668213842,1.132993057937709,0.005211249113509915,6.128724987065738,-1.377821329685296,1
1,2024-09-19 22:34:37.909662720,TASK_BEGIN,012,0.35782480348630735,0.5329261855236803,0.2597493682006732,-0.03489688163581193,0.6928944192531685,0.09226734201482593,7.6420641222198595,-1.6047484986800142,1
2,2024-09-19 22:34:37.971464192,TASK_BEGIN,012,0.5786025904793585,0.4101531306272863,1.3723382693963928,0.03579727789527141,0.2707886878643295,0.17532697618218923,9.108323898072868,-1.8233687175746687,1
3,2024-09-19 22:34:38.049827072,TASK_BEGIN,012,0.7959779754898508,0.2910571637839518,2.4385201280302775,0.10338457245755935,-0.11784411942224048,0.251138593774532,10.49043667132848,-2.028304608668852,1
4,2024-09-19 22:34:38.117558016,TASK_BEGIN,012,1.0082023322909361,0.1775499725238868,3.4384140129964527,0.1653924982207304,-0.46060797234464396,0.31710823683819095,11.755270736924123,-2.214214956503112,1
5,2024-09-19 22:34:38.185358080,TASK_BEGIN,012,1.213904697166518,0.07125925361482366,4.356736669673063,0.21966846840211282,-0.7490608405841891,0.37149015856447776,12.876081711302238,-2.376059669458782,1
6,2024-09-19 22:34:38.253146880,TASK_BEGIN,012,1.412009112390431,-0.02652685564405054,5.183741486501487,0.264337060227572,-0.9790154451766623,0.4134575928611097,13.834809371980512,-2.5094933319380384,1
7,2024-09-19 22:34:39.181357056,TASK_BEGIN,012,1.6015935469353666,-0.11487216188435494,5.915535049398999,0.29776026801635513,-1.1503326024006886,0.44306810307257116,14.623489977542604,-2.6112541568099408,1
8,2024-09-19 22:34:39.259068928,TASK_BEGIN,012,1.7817502496917728,-0.1931658059405623,6.55372464051281,0.3185832729757287,-1.266340078305994,0.4611533783570199,15.244320195020041,-2.6794873330012106,1
9,2024-09-19 22:34:39.321553920,TASK_BEGIN,012,1.9514925593981742,-0.26108216148845187,7.104658323021412,0.3258692053363533,-1.3329979154814684,0.4691608088431944,15.7082182089625,-2.7139543423021153,1
10,2024-09-19 22:34:39.384258048,TASK_BEGIN,012,2.109729749732781,-0.31855235240338525,7.578493778987913,0.3192465093587896,-1.3579318443448136,0.46897146866587003,16.032297739308678,-2.7160940650447105,1
11,2024-09-19 22:34:39.461134080,TASK_BEGIN,012,2.255302022624601,-0.3657486010290074,7.988115975227748,0.2989737226602572,-1.3494878123520835,0.46271913159789263,16.237259342291868,-2.688988539267574,1
12,2024-09-19 22:34:39.522757120,TASK_BEGIN,012,2.387050196287584,-0.4030650400074055,8.347906831850569,0.2658748268855301,-1.3159642568918168,0.4526304169931578,16.345501656844192,-2.637290047211688,1
13,2024-09-19 22:34:39.603191040,TASK_BEGIN,012,2.503907493766981,-0.43108424166238224,8.672417944104994,0.22119036372694337,-1.2650972059302161,0.4408945412078389,16.3800785401999,-2.5670832385218314,1
14,2024-09-19 22:34:40.546511872,TASK_BEGIN,012,2.6050132711821496,-0.45053178850166736,8.975000991024977,0.16644917714723526,-1.2037436305490203,0.4295570028665431,16.364189448564435,-2.4856262124880635,1
15,2024-09-19 22:34:40.614405120,TASK_BEGIN,012,2.6898319919129268,-0.4622245920956406,9.266565181055935,0.10341117396982141,-1.137662065470743,0.4204233678148977,16.320770395944713,-2.4009357336172603,1
16,2024-09-19 22:34:40.682087936,TASK_BEGIN,012,2.7582381305284507,-0.4670155500876289,9.554681217243742,0.03401322164414064,-1.0713640976599434,0.4149658162240382,16.271958104083797,-2.3212242644191754,1
17,2024-09-19 22:34:40.749852160,TASK_BEGIN,012,2.8105264683499573,-0.46573518810706477,9.843069929096256,-0.039775288274702655,-1.0080879602116513,0.41424580835594393,16.238484090029228,-2.2542628832864393,1
18,2024-09-19 22:34:40.808002048,TASK_BEGIN,012,2.8473466785245836,-0.45913512126645256,10.131433996905239,-0.11617799078317005,-0.9499233528727923,0.41887956320592057,16.239047038696718,-2.2067858894923704,1
19,2024-09-19 22:34:40.871889152,TASK_BEGIN,012,2.869620760567015,-0.4478492829543108,10.415674302759266,-0.19380102510750752,-0.8980329553009683,0.4290591439201079,16.28953597709566,-2.184020273068509,1
20,2024-09-19 22:34:40.948457984,TASK_BEGIN,012,2.878503455662059,-0.43239232967609853,10.688453771786296,-0.2716467999726729,-0.852882557348471,0.4446149574146519,16.40193030091332,-2.1893408186357344,1
21,2024-09-19 22:34:41.856910848,TASK_BEGIN,012,2.8753814536586284,-0.4131983803041921,10.940022713050897,-0.3488954572575107,-0.8144440700652299,0.46509299485318145,16.582905202122593,-2.2240076641310007,1
22,2024-09-19 22:34:41.934103040,TASK_BEGIN,012,2.861866413580873,-0.3906808928428317,11.159379092450862,-0.4245496312745724,-0.7823989972610144,0.4898263346429364,16.832472447882875,-2.2869742511433744,1
23,2024-09-19 22:34:41.996591104,TASK_BEGIN,012,2.839754106027278,-0.36528749972413443,11.335751936380104,-0.49713468792659,-0.7563587655971582,0.5179919034123673,17.143141042168217,-2.374797435340565,1
24,2024-09-19 22:34:42.075087104,TASK_BEGIN,012,2.810959296532517,-0.33753705267406614,11.460077738417706,-0.5646122368521562,-0.7360394914085154,0.5486518877297095,17.500078166723306,-2.481707923903353,1
25,2024-09-19 22:34:42.136611072,TASK_BEGIN,012,2.7774644318316715,-0.3080448678142898,11.526145734262379,-0.6245520996078734,-0.72129711401393,0.5807868549015044,17.882569234512786,-2.599944502911395,1
26,2024-09-19 22:34:42.198631168,TASK_BEGIN,012,2.7413094401282625,-0.2775435643364992,11.53134467526191,-0.6744902249811068,-0.7120200513353971,0.6133367405228851,18.266686426908784,-2.7204577040907574,1
27,2024-09-19 22:34:42.275853056,TASK_BEGIN,012,2.704589093565509,-0.24688924931985365,11.477045876908667,-0.7123379110454632,-0.7079791332235037,0.6452648501070897,18.628660012691952,-2.833924883036142,1
28,2024-09-19 22:34:43.217809920,TASK_BEGIN,012,2.6693875538467227,-0.21703420633252876,11.368594570285845,-0.7367305636391224,-0.7087166518726705,0.6756407995922846,18.948102192300368,-2.9318034605085144,1
29,2024-09-19 22:34:43.279352064,TASK_BEGIN,012,2.637632189407235,-0.18896619493784156,11.214777101578957,-0.7472559729405076,-0.7134863677503661,0.7037194771188154,19.210194750507497,-3.0071559027089387,1
30,2024-09-19 22:34:43.342308096,TASK_BEGIN,012,2.6109179029155842,-0.1636385819555873,11.026654776861779,-0.7445168640944418,-0.7212519241020652,0.7289935702939003,19.406604228077136,-3.0551900272974035,1
31,2024-09-19 22:34:43.419975168,TASK_BEGIN,012,2.5903449455504743,-0.14191339714916276,10.815984716503474,-0.7299957333274428,-0.7307576420160815,0.7512073936487648,19.535676324155272,-3.073585345563739,1
32,2024-09-19 22:34:43.482115840,TASK_BEGIN,012,2.5763740635296903,-0.12451544729639734,10.593827797376022,-0.7057691438132915,-0.7406153226591701,0.7703251593428078,19.602422152596436,-3.0626281784794958,1
33,2024-09-19 22:34:43.559789056,TASK_BEGIN,012,2.5687252196207537,-0.11198226370105667,10.369866300675417,-0.6742051678961596,-0.7493161464507501,0.7864553160259705,19.61815400270428,-3.0251086823348854,1
34,2024-09-19 22:34:43.628423936,TASK_BEGIN,012,2.566390653103461,-0.10460677385309523,10.15240586007342,-0.6377452333417433,-0.7552113619028773,0.7997551810400019,19.59918078825809,-2.9659382742239537,1
35,2024-09-19 22:34:44.557110016,TASK_BEGIN,012,2.5677898422178487,-0.1023867847706751,9.948560658928637,-0.5987464974081794,-0.756638104783104,0.8103579403226886,19.564127832616588,-2.8915067077904832,1
36,2024-09-19 22:34:44.634085888,TASK_BEGIN,012,2.5710049756225564,-0.10500006139364022,9.764157878468977,-0.5593063815471963,-0.7522451277878865,0.8183480788749696,19.530186306018177,-2.8088704312875716,1
37,2024-09-19 22:34:44.707662080,TASK_BEGIN,012,2.5740385314993577,-0.11182137575971582,9.60333686317688,-0.5210607043024025,-0.7413318371809485,0.8237738624771506,19.509355399578585,-2.724882409405925,1
38,2024-09-19 22:34:44.773494784,TASK_BEGIN,012,2.5750919775452363,-0.12198723975689255,9.46821222137372,-0.4850319695185293,-0.7239869892302134,0.8266667405047357,19.505755136161,-2.645338754881213,1
39,2024-09-19 22:34:44.835983104,TASK_BEGIN,012,2.572845316619452,-0.13449277208852523,9.358988709112493,-0.451614260891051,-0.7009958865268565,0.8270476244684312,19.514528318278543,-2.5742530606118756,1
40,2024-09-19 22:34:44.898468096,TASK_BEGIN,012,2.566653714020513,-0.1482938289491981,9.274533378806293,-0.4207122216665112,-0.6736219890164619,0.8249211738598488,19.52254448732981,-2.513480304929281,1
41,2024-09-19 22:34:44.976133120,TASK_BEGIN,012,2.5565766644639765,-0.16239565017646557,9.21300515039056,-0.3919603049746525,-0.6433712834105378,0.8202743414547281,19.510992826399477,-2.4628775665680664,1
42,2024-09-19 22:34:45.915134976,TASK_BEGIN,012,2.5432280467171466,-0.17591820003400727,9.172239345396141,-0.36493217018770935,-0.6117901271031949,0.8130911505848885,19.45927042818996,-2.420924201884421,1
43,2024-09-19 22:34:45.981967104,TASK_BEGIN,012,2.5275269515338508,-0.18813236389668184,9.150004424352105,-0.3393078343627151,-0.5803122561280255,0.8033800393424193,19.348806041640813,-2.385480993319028,1
44,2024-09-19 22:34:46.041090048,TASK_BEGIN,012,2.510460541139118,-0.1984690629931122,9.14432478596246,-0.31499545965059866,-0.5501792446552889,0.7912065820997654,19.16575449245599,-2.3543867794383586,1
45,2024-09-19 22:34:46.117584896,TASK_BEGIN,012,2.492912218140108,-0.20651134080024006,9.153819165322938,-0.29219825974835417,-0.5224508194327975,0.7767301345957874,18.9024640040749,-2.3258072181606106,1
46,2024-09-19 22:34:46.179104000,TASK_BEGIN,012,2.4755471845110018,-0.2119819218308342,9.177831946625664,-0.27141047115003575,-0.49808225392957356,0.7602414694067091,18.558034590506168,-2.2984373369176456,1
47,2024-09-19 22:34:46.256843008,TASK_BEGIN,012,2.458743478053368,-0.21473549876653317,9.216110577384475,-0.2533111170605431,-0.4780179523263684,0.7421897990182535,18.13818232602354,-2.2716735566754425,1
48,2024-09-19 22:34:46.318838016,TASK_BEGIN,012,2.4425679055688176,-0.21475625342542673,9.267998980968526,-0.23854811465876816,-0.46323939645148277,0.7231789198637674,17.654692670299365,-2.2457597471693167,1
49,2024-09-19 22:34:47.238092032,TASK_BEGIN,012,2.4268009077861037,-0.21215411514203292,9.33147929977968,-0.2274766019839503,-0.4547268170203403,0.7039145893470362,17.12492352955292,-2.2218507540713675,1
50,2024-09-19 22:34:47.311083008,TASK_BEGIN,012,2.4110134579050744,-0.20715426833690648,9.402556156933487,-0.21995903709646764,-0.4533486361573053,0.6851071986824007,16.571512312439697,-2.201954513542364,1
51,2024-09-19 22:34:47.383153920,TASK_BEGIN,012,2.394681010476841,-0.2000795963747963,9.47540568249501,-0.21533203291171987,-0.4597372321026805,0.6673636418771431,16.021601110411567,-2.188687171912809,1
52,2024-09-19 22:34:47.450712832,TASK_BEGIN,012,2.377299239983841,-0.19132804090467492,9.543411915990571,-0.21256966706004282,-0.4742229047762108,0.6511143529601,15.504614904172143,-2.1847766222014324,1
53,2024-09-19 22:34:47.513198080,TASK_BEGIN,012,2.358447156042744,-0.1813412786630801,9.600649522083172,-0.21052731238218025,-0.49685823041297617,0.6366025801282127,15.048647799234628,-2.1924041450271523,1
54,2024-09-19 22:34:47.574724096,TASK_BEGIN,012,2.33774297283758,-0.17055712685862115,9.643006812736104,-0.20810281137124284,-0.5274762926339395,0.6239280400942311,14.67669369753113,-2.2126142197799705,1
55,2024-09-19 22:34:47.646411008,TASK_BEGIN,012,2.3147140802614263,-0.15935235874820206,9.66848002278656,-0.20428910885349938,-0.5656940900406949,0.6131120200728056,14.404059416576905,-2.244981389967011,1
56,2024-09-19 22:34:48.597088000,TASK_BEGIN,012,2.288703047563203,-0.1480025152913456,9.67687508794569,-0.19822497490083768,-0.6108500003294884,0.6041474373594815,14.237508812440996,-2.2875701128115864,1
57,2024-09-19 22:34:48.664868096,TASK_BEGIN,012,2.258928695038477,-0.1366816303520618,9.669459545840462,-0.18931944790155222,-0.6619328022539668,0.5970120092618821,14.175764864091036,-2.337092608078321,1
58,2024-09-19 22:34:48.720357888,TASK_BEGIN,012,2.2247107853847794,-0.12549792617619995,9.648877934286828,-0.17743249034389225,-0.7175414649131151,0.5916462211701051,14.210741950350597,-2.3891807588326017,1
59,2024-09-19 22:34:48.798005248,TASK_BEGIN,012,2.1857527400145793,-0.11453695648397294,9.619286058797984,-0.1630520232137062,-0.7758996232886255,0.5879187403322045,14.329341180748036,-2.4387932184420285,1
60,2024-09-19 22:34:48.862009088,TASK_BEGIN,012,2.1423478193326377,-0.10388322459436827,9.586391312651513,-0.14737910676128413,-0.8349695628239748,0.585606714559185,14.515755451013808,-2.48076281450985,1
61,2024-09-19 22:34:48.922398208,TASK_BEGIN,012,2.095442425673813,-0.09361686389651383,9.557045897242121,-0.13224686116099613,-0.8926668427008944,0.5844011240901447,14.753763463123002,-2.5103708809220797,1
62,2024-09-19 22:34:48.999589888,TASK_BEGIN,012,2.046582664530194,-0.08380723322035917,9.53838352333438,-0.11991446003337122,-0.9470809987959924,0.5839272785488899,15.028465797235066,-2.5238457671115904,1
63,2024-09-19 22:34:49.947139840,TASK_BEGIN,012,1.9978033923890723,-0.07452064307995002,9.536838406465874,-0.11284794460093339,-0.9965976580948307,0.5837701774482437,15.327450149160288,-2.5187944056445,1
64,2024-09-19 22:34:50.001521920,TASK_BEGIN,012,1.9514837085911636,-0.06583404158195605,9.557246854599772,-0.11350706466317453,-1.0399034200798,0.5835037073808864,15.641571488544463,-2.4945625624571806,1
65,2024-09-19 22:34:50.078710016,TASK_BEGIN,012,1.9101532305105944,-0.05783634324226911,9.60199885567089,-0.12407044185388662,-1.0759312050513752,0.582723301486431,15.965256353428906,-2.452402766501518,1
66,2024-09-19 22:34:50.150477056,TASK_BEGIN,012,1.876236309368247,-0.05061231566699258,9.670352616968461,-0.1460882222320129,-1.1038179361570275,0.581078081453685,16.296071923674596,-2.3953064340633348,1
67,2024-09-19 22:34:50.218337280,TASK_BEGIN,012,1.8517519548705952,-0.04421736852976448,9.758177545364079,-0.18015323594264643,-1.1229073312594922,0.5782977135048231,16.6334991274598,-2.327478641042182,1
68,2024-09-19 22:34:50.280333056,TASK_BEGIN,012,1.838024988076798,-0.03865332287836127,9.858263778609915,-0.22571776172965113,-1.1327695754273814,0.5742082420302418,16.977285906634982,-2.253611301036365,1
69,2024-09-19 22:34:50.342369024,TASK_BEGIN,012,1.8354879033808578,-0.033850727570448914,9.961168905161252,-0.2811335956749849,-1.1331813808261273,0.5687310764608953,17.32601405804573,-2.178198277342515,1
70,2024-09-19 22:34:51.286948096,TASK_BEGIN,012,1.843633195631852,-0.02965946640704394,10.056558225301968,-0.34390434157650596,-1.1240604365237277,0.5618663819482643,17.67620609498713,-2.1050466825699163,1
71,2024-09-19 22:34:51.352418048,TASK_BEGIN,012,1.8611151802084913,-0.02584973116924294,10.135040506739454,-0.41108088167357365,-1.1054325240246314,0.5536724893618807,18.021819018458974,-2.036992009542471,1
72,2024-09-19 22:34:51.427424000,TASK_BEGIN,012,1.8859424199630923,-0.022125547963221543,10.19023132443775,-0.4796895484641979,-1.0775036331620214,0.5442532015079242,18.353886388128043,-1.9757730611751307,1
73,2024-09-19 22:34:51.500624896,TASK_BEGIN,012,1.9157069830097455,-0.018152826995259934,10.220215354360024,-0.547051647070639,-1.0407968974941644,0.5337546819756398,18.660330448628148,-1.9220462250996804,1
74,2024-09-19 22:34:51.567069184,TASK_BEGIN,012,1.94784665780835,-0.013605911802181707,10.227537814800812,-0.610903825153742,-0.9962460495545814,0.5223684167985041,18.926364542622448,-1.8755378425713232,1
75,2024-09-19 22:34:51.628154112,TASK_BEGIN,012,1.9799271849412543,-0.008226966962946475,10.217685385493231,-0.6693345513161878,-0.945205216584816,0.5103415902328883,19.135924465951256,-1.8353043914112395,1
76,2024-09-19 22:34:51.690163968,TASK_BEGIN,012,2.00987061685279,-0.0018729478444801163,10.196936274084921,-0.72062489617013,-0.8894242015993623,0.497995373844689,19.273804468788533,-1.8000092506807168,1
77,2024-09-19 22:34:52.622220032,TASK_BEGIN,012,2.036057201833854,0.005472388447933988,10.170627361183275,-0.7631063885183429,-0.83102254671405,0.485736637672027,19.3275478000437,-1.768121842752963,1
78,2024-09-19 22:34:52.689714944,TASK_BEGIN,012,2.0573053577198555,0.013717193184477894,10.142278685443378,-0.7951156254577645,-0.772440845330453,0.4740426701675352,19.28849492466463,-1.738020020200646,1
79,2024-09-19 22:34:52.750668032,TASK_BEGIN,012,2.0728072995221436,0.022691662936797405,10.11331889130677,-0.8150499672436491,-0.7163495236907454,0.4634187505672503,19.15211349485591,-1.7080505549980467,1
80,2024-09-19 22:34:52.825593088,TASK_BEGIN,012,2.082107165663819,0.032176517354992586,10.083053347502725,-0.8214916286376923,-0.6655051392178527,0.4543480709005527,18.91809497846715,-1.6766249018231645,1
81,2024-09-19 22:34:52.891459840,TASK_BEGIN,012,2.085144682248674,0.04192517105628012,10.048859021154685,-0.8133860445460062,-0.6225327590584381,0.44724998847351266,18.59060807527142,-1.642390129249428,1
82,2024-09-19 22:34:52.961146880,TASK_BEGIN,012,2.0823021161617463,0.051679008043896996,10.006687052624562,-0.7902520564917335,-0.5896482800731341,0.4424524510767211,18.1787331083127,-1.6044622455674098,1
83,2024-09-19 22:34:53.028819200,TASK_BEGIN,012,2.074368601276452,0.06117846099603047,9.951692036829014,-0.7523403638578963,-0.568400600785183,0.4401789349386757,17.696761955880103,-1.5626699092854346,1
84,2024-09-19 22:34:53.966584064,TASK_BEGIN,012,2.062397696186457,0.07017460470803835,9.87869489529074,-0.7006420549304999,-0.5595097200586682,0.4405434740203784,17.16389768544529,-1.5177080056169603,1
85,2024-09-19 22:34:54.034353152,TASK_BEGIN,012,2.047510597306506,0.07844596617491417,9.782436624276372,-0.6367478927021675,-0.5628171137716024,0.44354763295839167,16.60297268560186,-1.4711043189076773,1
86,2024-09-19 22:34:54.106831104,TASK_BEGIN,012,2.0307208990296224,0.08582096826250522,9.657845785166929,-0.5626679152598506,-0.577341915876945,0.4490861038862625,16.038172984131922,-1.4249943201965696,1
87,2024-09-19 22:34:54.167941888,TASK_BEGIN,012,2.0128332728621876,0.09219814870344467,9.500518426758456,-0.48070475034496263,-0.6014411561153391,0.4569709409983297,15.492386958805094,-1.3817916772384964,1
88,2024-09-19 22:34:54.242402048,TASK_BEGIN,012,1.9944276412541775,0.09755378727075628,9.307413289132707,-0.3933737975491303,-0.6330544303575958,0.4669657020428052,14.9852161907861,-1.3438674436935982,1
89,2024-09-19 22:34:54.306157312,TASK_BEGIN,012,1.975904334684642,0.10193449801183886,9.077581048430886,-0.3033101864027315,-0.6699911117776722,0.4788058253866284,14.532233041402076,-1.3132855928599219,1
90,2024-09-19 22:34:54.373352960,TASK_BEGIN,012,1.9575489812549633,0.1054429143687918,8.812626892770053,-0.21313861818938845,-0.7102070561918686,0.49219268856896337,14.14523019723009,-1.2915657382262093,1
91,2024-09-19 22:34:55.320856832,TASK_BEGIN,012,1.9395801875718781,0.10822810330021448,8.516725262947025,-0.12536202987388323,-0.752006906221899,0.5067708762031642,13.83293088867678,-1.2794659995157505,1
92,2024-09-19 22:34:55.388658944,TASK_BEGIN,012,1.9221715893276594,0.11048371434801948,8.196353956514978,-0.04234195703321531,-0.7941132099314611,0.522108375945334,13.601620199324868,-1.2768349111892572,1
93,2024-09-19 22:34:55.455823104,TASK_BEGIN,012,1.9054751805575172,0.11244531655191652,7.860010462604268,0.03366245714972614,-0.8355833301803628,0.5376936237645463,13.455132972657722,-1.2825899496460482,1
94,2024-09-19 22:34:55.518309120,TASK_BEGIN,012,1.8896703876010323,0.1143797095315537,7.5178665843956765,0.10052025867068928,-0.8756262133166888,0.552951960598816,13.39415020109015,-1.2948691932474696,1
95,2024-09-19 22:34:55.591993088,TASK_BEGIN,012,1.8750210458698735,0.11656862610787255,7.181162851964617,0.15637673797598906,-0.9134417078387752,0.567279175216527,13.415488819764189,-1.3113629149621318,1
96,2024-09-19 22:34:55.659745792,TASK_BEGIN,012,1.8618932552327216,0.11929295958201155,6.86136010818717,0.1998680103944166,-0.9481971003821434,0.5800884981576874,13.511949884735362,-1.3297345043374076,1
97,2024-09-19 22:34:55.717432832,TASK_BEGIN,012,1.8507089550815379,0.12282078241571895,6.5692276719323015,0.23032207691579634,-0.979142438132759,0.5908633338948716,13.672496041516117,-1.3479492101221489,1
98,2024-09-19 22:34:56.670923008,TASK_BEGIN,012,1.8418686191949025,0.12739557389151893,6.314048241215439,0.24787256299862437,-1.0057550213020174,0.5992065095863949,13.88235076969623,-1.3643830018084528,1
99,2024-09-19 22:34:56.738724864,TASK_BEGIN,012,1.8357161834558549,0.13321538244129255,6.10316264538256,0.2534080512140381,-1.0278058679913127,0.6048786499521499,14.12334055567913,-1.3777925470557777,1
100,2024-09-19 22:34:56.797641984,TASK_BEGIN,012,1.8325904332450587,0.1404001595074951,5.9420484357982915,0.24833991343839787,-1.0453435019154471,0.6078215280242009,14.375164891718256,-1.3873446100792908,1
101,2024-09-19 22:34:56.871149056,TASK_BEGIN,012,1.8329240729520153,0.14896082575723357,5.834866895775204,0.23427517923227517,-1.0586689436844543,0.6081663618996245,14.617548022286307,-1.3927545942690276,1
102,2024-09-19 22:34:56.941991936,TASK_BEGIN,012,1.837286174907028,0.1587936007654187,5.78505613352466,0.21272666012251817,-1.0683361341978366,0.6062249927275548,14.832458196860353,-1.3943907282418517,1
103,2024-09-19 22:34:57.009562880,TASK_BEGIN,012,1.8462845509519132,0.16971421153733388,5.795425975815943,0.18496069795884787,-1.0751236694085726,0.6024577413005718,15.005739902596927,-1.3932335858662137,1
104,2024-09-19 22:34:57.073726720,TASK_BEGIN,012,1.8603503258575205,0.1815208955363216,5.867592802338164,0.1520050821447404,-1.0799131071978836,0.5974157207593613,15.128113482761732,-1.390743226326923,1
105,2024-09-19 22:34:58.021588992,TASK_BEGIN,012,1.8795180614227855,0.19405591706042635,6.001178800860267,0.11475466761474158,-1.0834937978843666,0.591663647235817,15.195928810099968,-1.3887527103278727,1
106,2024-09-19 22:34:58.074956032,TASK_BEGIN,012,1.9033019471734234,0.20724373531010648,6.193322598141936,0.07408159818603671,-1.0864081414410316,0.5856992512898516,15.212044623537853,-1.389433815801296,1
107,2024-09-19 22:34:58.157699328,TASK_BEGIN,012,1.9306875313564236,0.22110690745382042,6.438688499466598,0.03088815933060138,-1.0889476787161065,0.5798949078533182,15.186467977407208,-1.39525587453076,1
108,2024-09-19 22:34:58.225445120,TASK_BEGIN,012,1.960204787556814,0.23576903099327853,6.729894712633186,-0.013917838930367885,-1.091310572989804,0.5744831597004948,15.135718478905916,-1.4088223477465949,1
109,2024-09-19 22:34:58.291572992,TASK_BEGIN,012,1.9900555848168549,0.25144359461792326,7.05823007616556,-0.05950561622577502,-1.093838290805235,0.5695867521633987,15.080524468562862,-1.4325757036888767,1
110,2024-09-19 22:34:58.353622016,TASK_BEGIN,012,2.018275703792453,0.26840338187034046,7.4144132663152735,-0.10519744224178644,-1.0972032972046009,0.5652681042712563,15.042669499103546,-1.4684645080948626,1
111,2024-09-19 22:34:58.416110080,TASK_BEGIN,012,2.042873046254405,0.2869398118368702,7.7890402799327525,-0.1504642242062636,-1.102434411705651,0.5615643739684851,15.04194593766598,-1.517636359240401,1
112,2024-09-19 22:34:59.338331136,TASK_BEGIN,012,2.0618782297820166,0.30733233474740174,8.172541027775987,-0.19483818900343877,-1.1107733990937454,0.5584948251138846,15.093533936477666,-1.5801431130660246,1
113,2024-09-19 22:34:59.400356864,TASK_BEGIN,012,2.0733188414021386,0.3298352560306462,8.554819085891335,-0.23782347271793466,-1.123457126199576,0.5560520956753064,15.20595003343168,-1.654667734993783,1
114,2024-09-19 22:34:59.482234880,TASK_BEGIN,012,2.075186834067858,0.35466868097923215,8.924903369549094,-0.2788594979033632,-1.1415045445099483,0.5541891269594449,15.379912997285663,-1.7383644953957464,1
115,2024-09-19 22:34:59.540968960,TASK_BEGIN,012,2.065454177572355,0.3819959307907523,9.270809816691619,-0.31730347775975665,-1.1655345832018942,0.552804465012056,15.608365366994006,-1.8269146897718762,1
116,2024-09-19 22:34:59.617753856,TASK_BEGIN,012,2.042158882883111,0.41188520744478196,9.579626260875262,-0.35238766791001536,-1.195641647350712,0.5517326734082874,15.877575653488309,-1.914845385018418,1
117,2024-09-19 22:34:59.685550080,TASK_BEGIN,012,2.0035673370453426,0.44426938134279087,9.837793397505763,-0.3831667954808176,-1.2313620886212977,0.5507517491862693,16.1690394949003,-1.9960978481956184,1
118,2024-09-19 22:34:59.746036992,TASK_BEGIN,012,1.9484038777317623,0.4789172732325602,10.031693141423622,-0.4085047316557418,-1.2717326749346964,0.5496119505216951,16.461695443491177,-2.0647540491933105,1
119,2024-09-19 22:35:00.683731968,TASK_BEGIN,012,1.876102662593535,0.515420384852487,10.148763744125102,-0.42713796242950663,-1.3154112612408737,0.5480771418835394,16.733906089607586,-2.1157582078533856,1
120,2024-09-19 22:35:00.761564928,TASK_BEGIN,012,1.7870063129383689,0.5531945729481996,10.179178666083233,-0.43783598230428383,-1.3608262175306205,0.5459618558697289,16.965039295340162,-2.1454781214272476,1
121,2024-09-19 22:35:00.823572992,TASK_BEGIN,012,1.6824641478262168,0.5914960396521136,10.117705200186865,-0.43964631220663514,-1.406328392701007,0.5431534561659742,17.136910299896908,-2.152021804459262,1
122,2024-09-19 22:35:00.899802880,TASK_BEGIN,012,1.564839177682651,0.6294524103785782,9.965048807522109,-0.4321406751321801,-1.4503266957096803,0.5396221752416724,17.235239486092492,-2.135296227795358,1
123,2024-09-19 22:35:00.967663104,TASK_BEGIN,012,1.4374395003098521,0.6661106825150332,9.728174501558684,-0.41555503159216073,-1.491380019722459,0.5354206033229406,17.251020041423356,-2.0968735708015767,1
124,2024-09-19 22:35:01.026224128,TASK_BEGIN,012,1.3043609980192425,0.7004984981304352,9.419682512235735,-0.39079881761668867,-1.5282097571632471,0.5306651982407098,17.181660654824007,-2.0397687724897184,1
125,2024-09-19 22:35:01.103328768,TASK_BEGIN,012,1.1702318330425125,0.7316871684842493,9.056663602222537,-0.35937807925035203,-1.5596409548516856,0.5255023491403001,17.031523889459255,-1.9681337549936184,1
126,2024-09-19 22:35:02.033487104,TASK_BEGIN,012,1.0398817507071496,0.7588468946804231,8.659326077052404,-0.32326641518252924,-1.5845510381819123,0.5200791180174992,16.811187663339087,-1.8867690426389152,1
127,2024-09-19 22:35:02.114576128,TASK_BEGIN,012,0.9179678350410511,0.7812954652939154,8.249485927418773,-0.2847515457517995,-1.60191525845189,0.5145347157179462,16.535213753526488,-1.8004489488847455,1
128,2024-09-19 22:35:02.182327040,TASK_BEGIN,012,0.8085849901811979,0.798545283985525,7.8490169045047065,-0.2463023106645215,-1.6109552704137053,0.5090087362752664,16.219112406992977,-1.7132429152620408,1
129,2024-09-19 22:35:02.235138816,TASK_BEGIN,012,0.7149257278058981,0.8103426027141541,7.4784153873875665,-0.21047641249257024,-1.6112761131849813,0.5036494689183529,15.876648413953241,-1.628060956951653,1
130,2024-09-19 22:35:02.317851136,TASK_BEGIN,012,0.6390804412786614,0.8166825351309404,7.155558294393806,-0.1798276619306843,-1.602846664254308,0.4986064233952024,15.51837253748646,-1.5465480364722195,1
131,2024-09-19 22:35:02.385259008,TASK_BEGIN,012,0.5820073537002908,0.8177930843859579,6.894656448753076,-0.15677036244298367,-1.5858176344355837,0.49400230533392014,15.151521970110313,-1.469300571705673,1
132,2024-09-19 22:35:02.453425664,TASK_BEGIN,012,0.5436158163206324,0.8141007525628396,6.705482693549528,-0.14344021458409661,-1.5603441868568546,0.48989861175232574,14.780807590800457,-1.3962548910389068,1
133,2024-09-19 22:35:03.360811008,TASK_BEGIN,012,0.5228979658708062,0.8061914197029048,6.593000400125897,-0.14161754134408827,-1.526568517762546,0.4862786945602006,14.40952043755564,-1.3270860037418464,1
134,2024-09-19 22:35:03.438872064,TASK_BEGIN,012,0.518091241671834,0.7947651807090783,6.557496955756385,-0.15271003336864086,-1.4847372642721914,0.48305590702009926,14.04054199917332,-1.2615280694087896,1
135,2024-09-19 22:35:03.500947968,TASK_BEGIN,012,0.5268883560356291,0.7805800301421416,6.595296861553903,-0.17775214590253177,-1.4353258630022367,0.4800940267565111,13.676938579892179,-1.1995649904995218,1
136,2024-09-19 22:35:03.562962176,TASK_BEGIN,012,0.5466975071981204,0.7643906041695677,6.699897367661127,-0.21738815383269253,-1.379101421439221,0.47722774726189005,13.322053986501217,-1.1414530861971586,1
137,2024-09-19 22:35:03.632528128,TASK_BEGIN,012,0.5749091829731129,0.7468950886911432,6.863109554718987,-0.27181333416708797,-1.3171129736472285,0.4742781349085223,12.979362708730376,-1.0876035231990526,1
138,2024-09-19 22:35:03.710459904,TASK_BEGIN,012,0.6091054859817098,0.7287017650635492,7.075882846291495,-0.3406633319512007,-1.2506128903118674,0.4710623156244163,12.652423769911257,-1.0384112092782976,1
139,2024-09-19 22:35:03.778624000,TASK_BEGIN,012,0.6471777328117303,0.7103246105136951,7.328763934700348,-0.4228692147888573,-1.1809682949407572,0.4674093517125291,12.345051116712037,-0.9941025487190626,1
140,2024-09-19 22:35:04.711934208,TASK_BEGIN,012,0.6873551633586565,0.6922102406752972,7.612103069205138,-0.5165219616276675,-1.109638662000267,0.46319898778079455,12.061633514320983,-0.954659968394758,1
141,2024-09-19 22:35:04.789079808,TASK_BEGIN,012,0.7281688127767934,0.6747805496677086,7.916189003040218,-0.6188172913118807,-1.0382147030005833,0.45841662106370906,11.80738234096049,-0.9198907572036831,1
142,2024-09-19 22:35:04.851158016,TASK_BEGIN,012,0.7683971337161047,0.6584616154413394,8.23145968276435,-0.7261550661334712,-0.9684528719783709,0.45319255602465647,11.58807541342569,-0.8896227694253239,1
143,2024-09-19 22:35:04.913225728,TASK_BEGIN,012,0.8070474812278189,0.6436797240970878,8.548762498289976,-0.8344002704724008,-0.9022522664317506,0.447800137992696,11.40908924564022,-0.863858926138525,1
144,2024-09-19 22:35:04.990917120,TASK_BEGIN,012,0.8433880360278104,0.6308320542112805,8.859466587524254,-0.9392087741136078,-0.8415626484576865,0.4426180631211349,11.274146978851357,-0.8427134322210575,1
145,2024-09-19 22:35:05.053486080,TASK_BEGIN,012,0.8769879913063267,0.6202544071496203,9.155218843585034,-1.036294914491072,-0.788268773685237,0.43808450884181344,11.184360459012233,-0.8261258507554374,1
146,2024-09-19 22:35:05.115478016,TASK_BEGIN,012,0.9077102964597389,0.6121993922430436,9.427306747180644,-1.1215909190848297,-0.744108731113033,0.43466391119665226,11.137736862155323,-0.8135489900051691,1
147,2024-09-19 22:35:06.071523072,TASK_BEGIN,012,0.9356328878782172,0.6068224418346005,9.665948818294412,-1.1913435263507384,-0.7106209603548819,0.43282238021406566,11.129087308833315,-0.803854855225245,1
148,2024-09-19 22:35:06.139322112,TASK_BEGIN,012,0.9609092143122374,0.604172157934188,9.860150003733883,-1.2422519773271792,-0.6890657745708355,0.4329923878126762,11.150287545654459,-0.7955198913611197,1
149,2024-09-19 22:35:06.197947904,TASK_BEGIN,012,0.9836041193888413,0.6041924093335509,9.99855689396702,-1.2717156083087597,-0.680298482904939,0.4355155258256917,11.19079432411863,-0.7869204747831144,1
150,2024-09-19 22:35:06.274894080,TASK_BEGIN,012,1.0035599100233925,0.6067425359417417,10.07114914697231,-1.278143572519446,-0.6846415158298393,0.44057808840218166,11.238359685433831,-0.7765628848571338,1
151,2024-09-19 22:35:06.339320832,TASK_BEGIN,012,1.0203432786521889,0.6116247904850028,10.0712202899885,-1.2612163882396366,-0.7018152096057455,0.44817018535460773,11.280048751806092,-0.7632416879207531,1
152,2024-09-19 22:35:06.402477056,TASK_BEGIN,012,1.0332905593799007,0.6185997205127358,9.997009178453196,-1.2220280338065816,-0.7309251314936879,0.4580834960138183,11.303523432082189,-0.7461779376594017,1
153,2024-09-19 22:35:06.477484800,TASK_BEGIN,012,1.0416221789362876,0.6273860716295189,9.852450121216426,-1.1630939808039056,-0.7704865217446971,0.4699396558674766,11.29819479594861,-0.7250869318420952,1
154,2024-09-19 22:35:07.421425920,TASK_BEGIN,012,1.0445707759779244,0.6376619656593494,9.646947467331707,-1.0882213364843898,-0.8185178779391838,0.4832397350447398,11.25600550589258,-0.700139253419616,1
155,2024-09-19 22:35:07.483315968,TASK_BEGIN,012,1.041498926192225,0.6490807637597069,9.394482901952882,-1.0022200605369413,-0.8727367244001947,0.4974323467097425,11.172162648360906,-0.671948956536141,1
156,2024-09-19 22:35:07.556972800,TASK_BEGIN,012,1.0320238427944888,0.6612955408389432,9.112270384269552,-0.9104586014557761,-0.9308258780052642,0.511990740626965,11.04621164263422,-0.6417273961597263,1
157,2024-09-19 22:35:07.624979968,TASK_BEGIN,012,1.0161357489550356,0.6739797370471629,8.818956608301331,-0.8183448337331125,-0.9907032092191097,0.5264755791739469,10.883257320205535,-0.6114998430296866,1
158,2024-09-19 22:35:07.692744960,TASK_BEGIN,012,0.9942558276910667,0.6868407986342263,8.532506949779881,-0.7308501753824969,-1.0507572221234849,0.5405646740086955,10.694506985648607,-0.5841148481570549,1
159,2024-09-19 22:35:07.760504832,TASK_BEGIN,012,0.9672222894233427,0.6996289846553373,8.268173185446493,-0.6521448998893034,-1.110044124223874,0.5540520462633668,10.496349503839706,-0.5629199046890871,1
160,2024-09-19 22:35:07.816129792,TASK_BEGIN,012,0.9362537103135827,0.7121394616311004,8.036931404309213,-0.5853446572554926,-1.1684130219193387,0.5668295891155065,10.30805178633661,-0.5512529980989841,1
161,2024-09-19 22:35:08.769892864,TASK_BEGIN,012,0.9029260909584316,0.7242023345162861,7.844565567156033,-0.5323387255697974,-1.226496373176294,0.578860551566304,10.148921434441508,-0.5519553042330484,1
162,2024-09-19 22:35:08.832686080,TASK_BEGIN,012,0.8691400819432661,0.735662452440788,7.691389600762349,-0.4936794449644059,-1.285571540608063,0.5901534763001068,10.035602743071886,-0.56694349281542,1
163,2024-09-19 22:35:08.894556928,TASK_BEGIN,012,0.8370259113695396,0.7463619432715507,7.572570833373181,-0.46855360997559653,-1.3473792743526227,0.6007482304199104,9.979683562059439,-0.5968147066230131,1
164,2024-09-19 22:35:08.975533824,TASK_BEGIN,012,0.8087734911966321,0.7561353297277567,7.4790254333917785,-0.45489381626577535,-1.4139393620807157,0.6107149059326231,9.985971279351006,-0.6405808415806118,1
165,2024-09-19 22:35:09.043318016,TASK_BEGIN,012,0.7864342326432171,0.764815456354648,7.398775698465885,-0.4496631716865352,-1.4872990979897307,0.6201478680224498,10.052128304317185,-0.6956898663526883,1
166,2024-09-19 22:35:09.111077888,TASK_BEGIN,012,0.7717420696388115,0.7722481704905964,7.3186521387039285,-0.4492772493680022,-1.5691501338171672,0.6291395206415545,10.169831304475228,-0.758363156138012,1
167,2024-09-19 22:35:09.178880768,TASK_BEGIN,012,0.7659585281931572,0.7783174431279496,7.226298421222972,-0.4500848810669044,-1.6603817411623605,0.6377429461777988,10.326823688340287,-0.8241291692485554,1
168,2024-09-19 22:35:10.097443072,TASK_BEGIN,012,0.7697323664771573,0.7829746704143908,7.112286437801088,-0.4488294178158281,-1.7607587478685995,0.6459493582712003,10.509289193485355,-0.8884295442376952,1
169,2024-09-19 22:35:10.164332032,TASK_BEGIN,012,0.7829899572082537,0.7862567379039518,6.971851820572538,-0.4430268327099731,-1.8688727827190401,0.6536975645405132,10.704353019221118,-0.9472500265751079,1
170,2024-09-19 22:35:10.233037056,TASK_BEGIN,012,0.804897712510191,0.7882816698076627,6.805753067906073,-0.4312230115132797,-1.9823625932994275,0.6609085618505197,10.902331202532787,-0.997738957250624,1
171,2024-09-19 22:35:10.300235008,TASK_BEGIN,012,0.8339331239191966,0.7892237056166833,6.620048473541332,-0.4131018851179374,-2.0982954457447534,0.6675219325235667,11.098117047293247,-1.0387168113361644,1
172,2024-09-19 22:35:10.355329024,TASK_BEGIN,012,0.8680600927358807,0.7892807965340731,6.424828689914043,-0.38938103541653774,-2.2135948346824827,0.6735151384140508,11.29131343411812,-1.070934645178558,1
173,2024-09-19 22:35:10.433012992,TASK_BEGIN,012,0.9049538196355935,0.7886500950453634,6.232100142843171,-0.3614418269460027,-2.325427501366172,0.6789021358856719,11.485130669276597,-1.0969706707602573,1
174,2024-09-19 22:35:10.494618880,TASK_BEGIN,012,0.942208141908015,0.7875196009599955,6.053251277255933,-0.33077163976983204,-2.4314800670256136,0.6837179696780818,11.684607038605733,-1.1207983876195116,1
175,2024-09-19 22:35:11.444783872,TASK_BEGIN,012,0.9774915194210563,0.7860732058433217,5.896743098200435,-0.2984255097698974,-2.530067462052934,0.6879970492778457,11.895083638544888,-1.1471901849403456,1
176,2024-09-19 22:35:11.507036928,TASK_BEGIN,012,1.0086577918660529,0.7844998012465029,5.766645384132401,-0.26470840128834566,-2.6200644389735896,0.6917505170159683,12.12149303007195,-1.181074638952102,1
177,2024-09-19 22:35:11.569513984,TASK_BEGIN,012,1.033832432957168,0.7829975849386064,5.662385130157287,-0.22917169602441317,-2.700735595265695,0.694948213413142,12.368242551599653,-1.2268766311611647,1
178,2024-09-19 22:35:11.648862976,TASK_BEGIN,012,1.051481876524356,0.781770340482288,5.579653918909589,-0.19089841103180846,-2.771561772134135,0.6975094444199095,12.639118314872512,-1.2879018833351046,1
179,2024-09-19 22:35:11.703790080,TASK_BEGIN,012,1.0604505011270873,0.7810192793559481,5.512009309492452,-0.1489606267151169,-2.832095910383185,0.6993024551917636,12.936782023908467,-1.3658558237023013,1
180,2024-09-19 22:35:11.781000960,TASK_BEGIN,012,1.0599406051872795,0.7809385246470193,5.452562770974873,-0.10287026444791965,-2.8818469817731622,0.7001528625748188,13.261771834654805,-1.4605381424364554,1
181,2024-09-19 22:35:11.848967168,TASK_BEGIN,012,1.0494354904086982,0.7817185934210985,5.39530755149971,-0.05283958413999416,-2.9202179286092678,0.6998613517130745,13.611299835176224,-1.569753178755499,1
182,2024-09-19 22:35:12.791030016,TASK_BEGIN,012,1.0286179269221498,0.7835483091188045,5.335937981300387,0.00021716791711542515,-2.9465150352434315,0.6982203194714864,13.978330455677416,-1.6894949463748807,1
183,2024-09-19 22:35:12.864313088,TASK_BEGIN,012,0.9973560854516156,0.7865977656825881,5.272255652027679,0.054844119446507675,-2.9599991142824544,0.6950146317104063,14.35132941298882,-1.8143847628570018,1
184,2024-09-19 22:35:12.932083968,TASK_BEGIN,012,0.9557777628801074,0.790978264668806,5.204303972913091,0.10922239483761238,-2.959935507116799,0.69001099173607,14.714903971031614,-1.9382424561939415,1
185,2024-09-19 22:35:12.991077888,TASK_BEGIN,012,0.9043875161187993,0.7966957055213197,5.13431163448941,0.16129475023219295,-2.945618537373309,0.6829596411420846,15.051316332606147,-2.0546700808534832,1
186,2024-09-19 22:35:13.053123072,TASK_BEGIN,012,0.8441621930879538,0.8036203698403175,5.066510889690756,0.2088402445487313,-2.916380347793093,0.6736242451203818,15.3424446826064,-2.1575740460518067,1
187,2024-09-19 22:35:13.135371776,TASK_BEGIN,012,0.7765776070074847,0.811487547425129,5.006878479128359,0.24955515455061855,-2.8716509858555557,0.6618366988622338,15.571590392152526,-2.241613799419715,1
188,2024-09-19 22:35:13.193276928,TASK_BEGIN,012,0.7035518477157877,0.8199293184464507,4.9628000320609695,0.2811910969110917,-2.811146614894959,0.6475625367029396,15.72491020018545,-2.302624432380588,1
189,2024-09-19 22:35:14.146503936,TASK_BEGIN,012,0.6273350828827033,0.8285244553552384,4.942626390918008,0.301715320637676,-2.7351519552802093,0.6309537480319467,15.792713888759176,-2.3380343472609098,1
190,2024-09-19 22:35:14.207312128,TASK_BEGIN,012,0.5503965640215841,0.8368483823058585,4.955032537957454,0.3094255084264924,-2.6447522630975975,0.6123678695200836,15.770815994389265,-2.3472090746699408,1
191,2024-09-19 22:35:14.269787136,TASK_BEGIN,012,0.47532923805455535,0.8445111018292587,5.008088227402721,0.30304652692106826,-2.5419181156712334,0.5923565149904658,15.661620351023528,-2.3316104897620686,1
192,2024-09-19 22:35:14.347897088,TASK_BEGIN,012,0.40475379110804444,0.8511780833039752,5.1081588337645165,0.28188960935294577,-2.4294616733550662,0.5716414144108275,15.47430312759561,-2.294694793227517,1
193,2024-09-19 22:35:14.418003200,TASK_BEGIN,012,0.3411996221101655,0.8565723559965239,5.259010056973368,0.2460535812156766,-2.3109073520525585,0.551079715210014,15.223876091457637,-2.241556971484898,1
194,2024-09-19 22:35:14.484860928,TASK_BEGIN,012,0.28695379175243696,0.8604634945630707,5.461453798372037,0.19653306951883787,-2.1902846099724975,0.5316042527414673,14.929631394904748,-2.178411859692697,1
195,2024-09-19 22:35:14.551549184,TASK_BEGIN,012,0.24388871400136203,0.862659728124422,5.71352405305378,0.13512513872162255,-2.0718464743433573,0.5141344717170399,14.613712558254287,-2.1120320176833296,1
196,2024-09-19 22:35:15.471885056,TASK_BEGIN,012,0.21330611033116206,0.8630182486067977,6.010839963776766,0.06416059678592725,-1.9597611340871346,0.49947752320144356,14.300214614045489,-2.0492485441828387,1
197,2024-09-19 22:35:15.528704000,TASK_BEGIN,012,0.19583806125143438,0.8614728688701331,6.346805589264604,-0.013816089937026575,-1.8578740291946667,0.4882542921298994,14.014509815984443,-1.9965480240677453,1
198,2024-09-19 22:35:15.607491840,TASK_BEGIN,012,0.19141156141380994,0.8580649205925525,6.712596692390225,-0.09631211771017135,-1.7696114439851935,0.4808768055540403,13.781876609944353,-1.959690003072674,1
199,2024-09-19 22:35:15.675308800,TASK_BEGIN,012,0.199253239797632,0.8529640749037584,7.097172467078681,-0.18106352932945183,-1.697984615523656,0.47757370101249785,13.62483458154644,-1.943273619401578,1
200,2024-09-19 22:35:15.743042048,TASK_BEGIN,012,0.21792206044658846,0.846471357364968,7.487534120415743,-0.2661202007131537,-1.645578810337717,0.4784322033338935,13.559833547250461,-1.9503197810213713,1
201,2024-09-19 22:35:15.809899776,TASK_BEGIN,012,0.24538624592585753,0.839000384170451,7.869259776326511,-0.34982390181621265,-1.614449700659357,0.483422617464416,13.594717079786081,-1.9819893552296557,1
202,2024-09-19 22:35:15.872980992,TASK_BEGIN,012,0.2791633935348641,0.8310389442447016,8.227318298972401,-0.43069073871748853,-1.6059439995804412,0.49239531164462413,13.727833394015464,-2.0374378895343637,1
203,2024-09-19 22:35:16.811824896,TASK_BEGIN,012,0.3165136108227827,0.8230991760660208,8.547216641916826,-0.5072712609906515,-1.6205446465565758,0.5050688615695086,13.948602250974812,-2.113743990355737,1
204,2024-09-19 22:35:16.888991232,TASK_BEGIN,012,0.3546451048725356,0.8156659995997362,8.816339628815133,-0.5780758217494704,-1.6578599295894232,0.5210382642570137,14.238864299802726,-2.2059798357704463,1
205,2024-09-19 22:35:16.956960000,TASK_BEGIN,012,0.39089910565830327,0.8091521109545698,9.025091621477436,-0.6415951178058605,-1.716791618780806,0.5398173885679127,14.574553843331104,-2.3075689223671674,1
206,2024-09-19 22:35:17.024713984,TASK_BEGIN,012,0.4229245790296823,0.803865830316732,9.167571160335191,-0.6963931540146927,-1.7957897339108144,0.5609016375039043,14.927693667563124,-2.410924690182764,1
207,2024-09-19 22:35:17.092493824,TASK_BEGIN,012,0.4488649297597861,0.7999967984812584,9.241831440254787,-0.7412454739557922,-1.8930487790149102,0.5838134988477953,15.269030553161166,-2.5082127744578604,1
208,2024-09-19 22:35:17.160306944,TASK_BEGIN,012,0.46752562304268735,0.7976222443210726,9.249843416498594,-0.7752916723114051,-2.006548053549886,0.6080953509511698,15.571390463237861,-2.592087704124812,1
209,2024-09-19 22:35:17.228076032,TASK_BEGIN,012,0.4784547851449253,0.7967290186045167,9.197149348096069,-0.7981596188428366,-2.1339349188046706,0.6332480060682033,15.813049242671992,-2.6562947388249873,1
210,2024-09-19 22:35:18.171208960,TASK_BEGIN,012,0.48190820868413425,0.7972399088725749,9.092171644336712,-0.8100270876724391,-2.2723395898211347,0.6586533657550981,15.979985477393267,-2.6960640867518064,1
211,2024-09-19 22:35:18.238870016,TASK_BEGIN,012,0.4787231177875044,0.7990360491080087,8.945185111704983,-0.811594609091823,-2.4182279506366102,0.683528290355038,16.06638919769879,-2.708305836725231,1
212,2024-09-19 22:35:18.292844032,TASK_BEGIN,012,0.47013589950580437,0.8019764987446968,8.76707887491549,-0.8039791414398957,-2.5673422388390246,0.7069320320699657,16.07372854097249,-2.6916705077147873,1
213,2024-09-19 22:35:18.374528768,TASK_BEGIN,012,0.45757570056367336,0.8059207288498945,8.56828549277794,-0.7886229640677808,-2.7147499710227168,0.7278195392837031,16.00920069523631,-2.6465295955194517,1
214,2024-09-19 22:35:18.431540992,TASK_BEGIN,012,0.442466792253473,0.8107542478299908,8.358261260209364,-0.767314911938656,-2.855052717064773,0.7451218057831174,15.884183080925336,-2.5748751879460996,1
215,2024-09-19 22:35:18.509208064,TASK_BEGIN,012,0.4260605820279927,0.8164090305960753,8.14553487632752,-0.7422828795928754,-2.982786345148608,0.7578426282787605,15.712795508152743,-2.4800884354693555,1
216,2024-09-19 22:35:18.577458944,TASK_BEGIN,012,0.4093047465741072,0.8228715831486909,7.938017490696396,-0.7162039405450534,-3.0929379859140593,0.7651694893772727,15.510484178839707,-2.366563690230296,1
217,2024-09-19 22:35:19.520945920,TASK_BEGIN,012,0.39276695101021375,0.8301771752535257,7.743112448464463,-0.6920079564019892,-3.1814318313415035,0.7665891892917691,15.292642414010444,-2.239256598088088,1
218,2024-09-19 22:35:19.589360128,TASK_BEGIN,012,0.3766478007685832,0.838386258644017,7.567229350522287,-0.6724655549513107,-3.2454645280620307,0.761982640942216,15.073432032951317,-2.1032441719770256,1
219,2024-09-19 22:35:19.657396992,TASK_BEGIN,012,0.36089815030989675,0.8475396800400186,7.414787417827853,-0.6596742989441016,-3.283660581623128,0.7516679008010189,14.865068282664943,-1.9633600845390775,1
220,2024-09-19 22:35:19.713807104,TASK_BEGIN,012,0.34538969229050653,0.8576057505445575,7.287308590446837,-0.6546345010105781,-3.2960837097647744,0.7363737034531436,14.677749764615495,-1.8239538156326662,1
221,2024-09-19 22:35:19.792921088,TASK_BEGIN,012,0.3300462726193251,0.868445101691953,7.183177892056252,-0.657084371161681,-3.284131840271082,0.7171489533287501,14.520012271177183,-1.688800677302751,1
222,2024-09-19 22:35:19.853053952,TASK_BEGIN,012,0.314892955395349,0.8798079635034101,7.098215585203703,-0.6656426804233687,-3.2503332277973094,0.6952372486286,14.398882381506125,-1.5611375807948225,1
223,2024-09-19 22:35:19.915304960,TASK_BEGIN,012,0.3000527733990245,0.8913559927702397,7.026905391083269,-0.6781859296012211,-3.198097082241274,0.6719563010088233,14.319389070448397,-1.443753985952201,1
224,2024-09-19 22:35:20.846919936,TASK_BEGIN,012,0.2857132515591642,0.9026932126315701,6.964098544665071,-0.6923469111427741,-3.131475306403194,0.6486089211327077,14.283617622049723,-1.3390582973793035,1
225,2024-09-19 22:35:20.903780096,TASK_BEGIN,012,0.27203949506794595,0.9134017301964082,6.90692995926962,-0.706019307157176,-3.0549409698426566,0.6264272206511653,14.289887808223286,-1.249051513124955,1
226,2024-09-19 22:35:20.981768960,TASK_BEGIN,012,0.2590343640493716,0.9230867643357373,6.85641148525089,-0.7177448084007183,-2.973174231669865,0.6065391389861435,14.332586884202108,-1.1751859404839053,1
227,2024-09-19 22:35:21.043955200,TASK_BEGIN,012,0.2464106714960249,0.931428569554598,6.818020838517051,-0.7268788148551811,-2.8908635844654746,0.5899475574775337,14.402847928373761,-1.118182171794229,1
228,2024-09-19 22:35:21.105957120,TASK_BEGIN,012,0.23355155140963535,0.9382255998951571,6.800876621840429,-0.7335062202467661,-2.8124908401973503,0.5775077767384124,14.489879350664761,-1.077954996128441,1
229,2024-09-19 22:35:21.185780992,TASK_BEGIN,012,0.21959660795051555,0.9434091166609775,6.815684531406621,-0.7381712552635274,-2.742053264205068,0.5698846961614923,14.582494501448984,-1.0537386325051141,1
230,2024-09-19 22:35:21.253524224,TASK_BEGIN,012,0.20364518648393587,0.9470206698438284,6.87209240029501,-0.7415202272543512,-2.6827801580743635,0.5674880874244251,14.670301336796939,-1.0443230466911815,1
231,2024-09-19 22:35:22.197033984,TASK_BEGIN,012,0.1850141411315308,0.9491631687460107,6.976132271522022,-0.7439413480650131,-2.6369608555052615,0.57040675494204,14.7442371249796,-1.0482312660533801,1
232,2024-09-19 22:35:22.264795904,TASK_BEGIN,012,0.16344776116691678,0.9499482576749498,7.1282793452193305,-0.7452857109701999,-2.6059138764818868,0.5783663111736861,14.796546844330267,-1.0637674321236519,1
233,2024-09-19 22:35:22.327428864,TASK_BEGIN,012,0.13920727672019,0.9494587396309346,7.322470741887657,-0.7447364950876212,-2.590040178798323,0.5907295441810937,14.82046977895647,-1.0889938602051155,1
234,2024-09-19 22:35:22.400300032,TASK_BEGIN,012,0.11305167789356975,0.9477300083112432,7.546193002609149,-0.7408343811679692,-2.5888940620605583,0.6065460338485552,14.809819661894815,-1.1217201036403976,1
235,2024-09-19 22:35:22.466110208,TASK_BEGIN,012,0.08616951024464112,0.9447416477821513,7.781573790712823,-0.7316346495732104,-2.601238193157404,0.6246364903020571,14.758600270525626,-1.1595103701281673,1
236,2024-09-19 22:35:22.528365056,TASK_BEGIN,012,0.06010021713481338,0.9404090818581743,8.007239545155302,-0.7149630121148113,-2.6251239610189887,0.6436903433507096,14.660850902911532,-1.1996711276345282,1
237,2024-09-19 22:35:22.603571712,TASK_BEGIN,012,0.03664270521508253,0.9345758677975008,8.200504937188612,-0.6887192650562861,-2.6580737325233392,0.662367399052246,14.510986051413516,-1.2392679901135286,1
238,2024-09-19 22:35:23.534665984,TASK_BEGIN,012,0.0177312517336468,0.9270169496042235,8.339521855142285,-0.651195440337147,-2.6973477548924603,0.679395709535617,14.30480757535056,-1.275287474759771,1
239,2024-09-19 22:35:23.614576128,TASK_BEGIN,012,0.005277777297638056,0.9174581785581143,8.405291401781104,-0.6013983790258893,-2.74019772812257,0.693649965188881,14.040970345415776,-1.3049466306909638,1
240,2024-09-19 22:35:23.680252928,TASK_BEGIN,012,0.0010017761152442332,0.9056101528970112,8.383558734344376,-0.5393266810423673,-2.7840760749925018,0.7042061374383444,13.722271354696531,-1.3260253550329477,1
241,2024-09-19 22:35:23.743090944,TASK_BEGIN,012,0.006254977020898122,0.8912195072326691,8.26652217274942,-0.4661318026603734,-2.8268345769307106,0.7103828127114628,13.356273019037912,-1.3371358508006173,1
242,2024-09-19 22:35:23.805576192,TASK_BEGIN,012,0.021836057433458147,0.8741408518618761,8.054165562742028,-0.3841599548715084,-2.866896896829956,0.7117716604195261,12.95524524953121,-1.337911826842709,1
243,2024-09-19 22:35:23.882988032,TASK_BEGIN,012,0.047814882724527746,0.8544201374697106,7.754908479628797,-0.29690724572187527,-2.9033536007526686,0.7082489758816555,12.535477860938766,-1.3290647050874107,1
244,2024-09-19 22:35:23.953659136,TASK_BEGIN,012,0.08340290747738349,0.8323765634647257,7.385209032775928,-0.20884870935812236,-2.935966154623058,0.699962438683746,12.115818990155683,-1.3122390664488952,1
245,2024-09-19 22:35:24.897139968,TASK_BEGIN,012,0.12690320828855245,0.8086740965282796,6.967933686553497,-0.125063116928099,-2.9650958135113714,0.6872892416900717,11.715446371152575,-1.289669584236768,1
246,2024-09-19 22:35:24.964616960,TASK_BEGIN,012,0.17577066587679108,0.7843672763308064,6.529779574062642,-0.050696123307052164,-2.991568335334661,0.6707671342607004,11.351329843451149,-1.2637102667975042,1
247,2024-09-19 22:35:25.032679936,TASK_BEGIN,012,0.22679381154702602,0.760898957312465,6.098412163491221,0.00955740024004717,-3.016467042856742,0.6510140017938212,11.036138687524186,-1.236354220278728,1
248,2024-09-19 22:35:25.100434176,TASK_BEGIN,012,0.2763761619347939,0.7400338597590825,5.6998545731722015,0.05182278668335979,-3.040839217275952,0.6286566861490739,10.777152366585515,-1.208894031413624,1
249,2024-09-19 22:35:25.167403008,TASK_BEGIN,012,0.32087825778354034,0.723723729063097,5.356249930866395,0.07330615354489152,-3.065364488518042,0.6042807954033059,10.576224026727328,-1.1818244843848953,1
250,2024-09-19 22:35:25.235981056,TASK_BEGIN,012,0.35697121149874306,0.7139167620219207,5.083994766173653,0.07253041204759189,-3.090123565123743,0.5784027585284259,10.43053711041746,-1.1549622275614961,1
251,2024-09-19 22:35:25.303738112,TASK_BEGIN,012,0.38193210095985625,0.7123485396720549,4.8925019777491325,0.04951633765774119,-3.114568021740533,0.5514572756464814,10.333840830037303,-1.127677384174544,1
252,2024-09-19 22:35:26.222295808,TASK_BEGIN,012,0.3938222124076475,0.7203618184016645,4.783989225295825,0.005796671549123146,-3.1376573542891975,0.5237927763880103,10.277787155935117,-1.0991568406740464,1
253,2024-09-19 22:35:26.275537152,TASK_BEGIN,012,0.39154968734641704,0.7387825250057511,4.754382952314827,-0.055784247405160754,-3.1580677228445717,0.49567557466600215,10.253016999713154,-1.0686632137183765,1
254,2024-09-19 22:35:26.353199872,TASK_BEGIN,012,0.37486798623559614,0.7678524087669356,4.7949728518310755,-0.1314184346376163,-3.1744068927129088,0.46730508220701794,10.249991621800897,-1.0357751930857797,1
255,2024-09-19 22:35:26.425550080,TASK_BEGIN,012,0.34434963355839293,0.8072113444590611,4.894298461342796,-0.21672369531096616,-3.185404879986315,0.4388355849614548,10.259953190390707,-1.000617862136652,1
256,2024-09-19 22:35:26.493360128,TASK_BEGIN,012,0.3013286598237074,0.8559284828489441,5.039948115364586,-0.3071128361060697,-3.1900471641917783,0.4103960863444504,10.27629261493683,-0.9640833913327829,1
257,2024-09-19 22:35:26.561131008,TASK_BEGIN,012,0.24778996623359362,0.9125793226892854,5.220138031004254,-0.3981329784846716,-3.1876032664748015,0.3821003190306549,10.296139672049303,-0.9279837874853414,1
258,2024-09-19 22:35:26.628880896,TASK_BEGIN,012,0.1862158102710279,0.9753534879170921,5.424890356683882,-0.48576247627150904,-3.177543388024354,0.35404462237642365,10.32166101434419,-0.8950347772940755,1
259,2024-09-19 22:35:27.558706176,TASK_BEGIN,012,0.1194227381506839,1.0421766362196005,5.64658055467636,-0.5666293873315155,-3.159416996103559,0.3262997292745746,10.360403547073236,-0.8685935509243901,1
260,2024-09-19 22:35:27.639486976,TASK_BEGIN,012,0.05039889238722747,1.1108441182501894,5.879773803541285,-0.6381376081469506,-3.132794684325311,0.29890397968909493,10.42416535791294,-0.8521642525645668,1
261,2024-09-19 22:35:27.706039040,TASK_BEGIN,012,-0.017876052014473898,1.1791721156178385,6.120460507038066,-0.6985209264882943,-3.097330525188444,0.27186118062658066,10.526639654909314,-0.8488359528683898,1
262,2024-09-19 22:35:27.774161152,TASK_BEGIN,012,-0.08263438348378746,1.2451614621086553,6.364961067250224,-0.7468299152400796,-3.0529405391363005,0.24514521609406392,10.680879325256567,-0.8608981454394924,1
263,2024-09-19 22:35:27.842785792,TASK_BEGIN,012,-0.14152229592850551,1.3071497724537309,6.608897697058362,-0.7828313723991217,-3.000035730919509,0.21871553534582955,10.897392709355143,-0.8897259475780172,1
264,2024-09-19 22:35:27.908292864,TASK_BEGIN,012,-0.19275585435693846,1.3639171723112316,6.846561206589849,-0.8068331462244446,-2.939724273012058,0.19254831003776593,11.182783339512913,-0.9358043086376706,1
265,2024-09-19 22:35:27.978292992,TASK_BEGIN,012,-0.23518516483642565,1.4147230928588261,7.070799993681505,-0.8195138710084038,-2.8739304153796237,0.16668469633636995,11.538588892354747,-0.9987538076571667,1
266,2024-09-19 22:35:28.910704128,TASK_BEGIN,012,-0.26825378819175705,1.4592783714937256,7.273435841390681,-0.8218472335527964,-2.805409198114425,0.14128925954027716,11.960415870015437,-1.0773582924038394,1
267,2024-09-19 22:35:28.987457024,TASK_BEGIN,012,-0.29190658834651445,1.497675958572931,7.446073789935179,-0.8151353358392598,-2.7376320003127526,0.11670206858240326,12.437775313010953,-1.1696477441069892,1
268,2024-09-19 22:35:29.050064896,TASK_BEGIN,012,-0.30652965841510244,1.530305875224027,7.5809840571481635,-0.801067261391565,-2.674531882405943,0.09346139218924893,12.954834513873042,-1.2730197484193744,1
269,2024-09-19 22:35:29.124134912,TASK_BEGIN,012,-0.3129537523982841,1.5577722485611645,7.671747940677841,-0.7816787334980284,-2.620143858873566,0.07227556318084027,13.491763901812641,-1.3842910662460872,1
270,2024-09-19 22:35:29.191912192,TASK_BEGIN,012,-0.31247790828627364,1.5808182843144902,7.713628410000224,-0.7591571466292174,-2.578214529162658,0.05394305172183713,14.02606897397573,-1.49960961005342,1
271,2024-09-19 22:35:29.259668224,TASK_BEGIN,012,-0.3068419724756207,1.600254122652442,7.70383714681084,-0.7355563116268315,-2.5518627758850516,0.03924802196530463,14.533711333710722,-1.6143426360454076,1
272,2024-09-19 22:35:29.312203008,TASK_BEGIN,012,-0.2980969763334776,1.6168809607186756,7.641838606594919,-0.7125331557263282,-2.5433317740770702,0.02886259348085391,14.990478281228768,-1.7231728342660932,1
273,2024-09-19 22:35:30.271753984,TASK_BEGIN,012,-0.28837435222860525,1.6314145564945806,7.529704267097704,-0.6911810721361993,-2.5538034493146657,0.02326794269385437,15.374237481541247,-1.8205558434707771,1
274,2024-09-19 22:35:30.338585088,TASK_BEGIN,012,-0.27961379043112977,1.6444217369548002,7.372427361361761,-0.67198610925376,-2.5832316680763032,0.02269519487523103,15.668115235873028,-1.9014878930918298,1
275,2024-09-19 22:35:30.406040064,TASK_BEGIN,012,-0.2733300848276509,1.6562834441285335,7.17806293678578,-0.6549135909401929,-2.630234097184344,0.027091791268615793,15.863587546047155,-1.9623156616595332,1
276,2024-09-19 22:35:30.468357120,TASK_BEGIN,012,-0.27046690428730913,1.6671878097185142,6.957623575490442,-0.6396279773981863,-2.692164555710008,0.03612362111197217,15.962086015934448,-2.001288922548668,1
277,2024-09-19 22:35:30.530412800,TASK_BEGIN,012,-0.27133395323660986,1.6771471970704521,6.724699544365532,-0.6257894574106913,-2.7654262176471645,0.04921584564565118,15.974468853599674,-2.018740254048943,1
278,2024-09-19 22:35:30.610884096,TASK_BEGIN,012,-0.2756009480068984,1.686032295361031,6.494661564700917,-0.6132756917144702,-2.8459310688202533,0.06562043800921884,15.918618523316708,-2.0169199496464048,1
279,2024-09-19 22:35:30.673973248,TASK_BEGIN,012,-0.2823465738999611,1.6936211716150815,6.2833018930263105,-0.6021938154258019,-2.9295543047786725,0.08449158392056066,15.81585569296355,-1.9995366011303897,1
280,2024-09-19 22:35:31.596414976,TASK_BEGIN,012,-0.2901900587761171,1.6996619058470133,6.105083259622141,-0.5927004752979157,-3.0124953887817,0.10495530058964908,15.687030507138335,-1.9710802485641992,1
281,2024-09-19 22:35:31.664289024,TASK_BEGIN,012,-0.29751691576067646,1.703941895185195,5.971529090059564,-0.5847833254475013,-3.091501881125068,0.12616651991221395,15.549003358200947,-1.9360376219371558,1
282,2024-09-19 22:35:31.718445056,TASK_BEGIN,012,-0.3027705557507004,1.7063513694440222,5.890305732096955,-0.5781638446237717,-3.163934667980509,0.14735403642483136,15.411778493398451,-1.8981279042101284,1
283,2024-09-19 22:35:31.796464128,TASK_BEGIN,012,-0.3047537325961659,1.7069270084498327,5.865161879896816,-0.5723718054510643,-3.2277278460590435,0.16785921360315434,15.27645949256006,-1.8597254148445024,1
284,2024-09-19 22:35:31.859180800,TASK_BEGIN,012,-0.302867755548382,1.7058664995371209,5.896420208360794,-0.5669132227156292,-3.2813631598851,0.18716725551577892,15.134483115068669,-1.8216169633458188,1
285,2024-09-19 22:35:31.921192960,TASK_BEGIN,012,-0.2972271965641441,1.7035155202213328,5.9815347876563285,-0.5614158608065086,-3.323946535635885,0.20492009870774458,14.968548313917347,-1.7831117119062205,1
286,2024-09-19 22:35:32.003010048,TASK_BEGIN,012,-0.28862900309960315,1.7003341800845149,6.1153906673815355,-0.5556979240369417,-3.355356882681286,0.2209048972494846,14.755307347202793,-1.7424155607670715,1
287,2024-09-19 22:35:32.946510080,TASK_BEGIN,012,-0.2783897366971506,1.6968469168951879,6.290324907831921,-0.5497736909878762,-3.376339549444622,0.23502322436578435,14.469525360437165,-1.6971774215083029,1
288,2024-09-19 22:35:33.013427968,TASK_BEGIN,012,-0.2680848542580221,1.6935807337287463,6.496142272454694,-0.5438291812428808,-3.3884404050365924,0.24725184769678948,14.088975733189288,-1.6451131311590779,1
289,2024-09-19 22:35:33.069036800,TASK_BEGIN,012,-0.2592580507138674,1.6910053799015796,6.720495907097933,-0.5381921613556174,-3.3937954427623276,0.2576084590544547,13.59914636374093,-1.584594075777957,1
290,2024-09-19 22:35:33.149816832,TASK_BEGIN,012,-0.25318993493732794,1.689491006925277,6.949749033908266,-0.5333078751112273,-3.3948796357185698,0.2661342243111565,12.996977596573013,-1.5150903149796369,1
291,2024-09-19 22:35:33.217575936,TASK_BEGIN,012,-0.2507712056281965,1.689287015858837,7.170114383064897,-0.5297203858991081,-3.3942921582957295,0.27289225874104706,12.292897674340285,-1.4373570128226258,1
292,2024-09-19 22:35:33.271532032,TASK_BEGIN,012,-0.25245436634030294,1.69051463197805,7.368784451275645,-0.5280404620062765,-3.394564213660958,0.27796299246825434,11.510687039004791,-1.3533020643422562,1
293,2024-09-19 22:35:33.353063936,TASK_BEGIN,012,-0.25824525203894727,1.6931667766731324,7.534766194661468,-0.5288587015517695,-3.397956017420918,0.28141767701349424,10.685451037878163,-1.2656190770560827,1
294,2024-09-19 22:35:34.296345088,TASK_BEGIN,012,-0.26773317384308,1.6971138576449512,7.659192814973291,-0.5325810190355392,-3.4062577878927627,0.283272563178126,9.860384833712383,-1.1773708081311767,1
295,2024-09-19 22:35:34.352044288,TASK_BEGIN,012,-0.2801642460948016,1.7021138792268902,7.7351718705337795,-0.5392292573790387,-3.4206101864194296,0.28344022764209437,9.082790583460152,-1.0916578592421362,1
296,2024-09-19 22:35:34.429557248,TASK_BEGIN,012,-0.294529840756887,1.707825065284553,7.757552549348871,-0.5483091322226865,-3.441342205075916,0.281692183108347,8.399660240466405,-1.0113993674430162,1
297,2024-09-19 22:35:34.491561984,TASK_BEGIN,012,-0.30964631604780546,1.7138233980432898,7.723025725271255,-0.5588447936212161,-3.467872553819861,0.27764424904573254,7.85329792777049,-0.9391788379743424,1
298,2024-09-19 22:35:34.554050048,TASK_BEGIN,012,-0.32424331602395984,1.7196294244737074,7.630618203091734,-0.56957171370728,-3.4987644401004956,0.2707763280789817,7.4775896430305195,-0.8770888578257415,1
299,2024-09-19 22:35:34.635512320,TASK_BEGIN,012,-0.33707476664123287,1.7247458444386308,7.482188773946298,-0.5791458449112945,-3.531959448680303,0.26048940482527094,7.295381596687119,-0.826555443151665,1
300,2024-09-19 22:35:34.700629760,TASK_BEGIN,012,-0.3470210026949161,1.7287031587423796,7.282466852442521,-0.5862404533624535,-3.565092507482695,0.24618386227997152,7.317045053960433,-0.7881834168124476,1
301,2024-09-19 22:35:35.646629888,TASK_BEGIN,012,-0.35315334292409123,1.7311066514629263,7.03850189651113,-0.5895447862810959,-3.5957701686431918,0.22733623511143622,7.540157955640446,-0.7616799783200573,1
302,2024-09-19 22:35:35.712468992,TASK_BEGIN,012,-0.3547891296769054,1.7316780681040846,6.758711559005644,-0.5877586984325153,-3.621804402478542,0.20356626593865385,7.950401322417864,-0.7459051323229822,1
303,2024-09-19 22:35:35.781831168,TASK_BEGIN,012,-0.3515742929362212,1.730287324676481,6.45186619656413,-0.5796402203308035,-3.6414476976558965,0.17469577914964085,8.52352426015834,-0.7390573289925397,1
304,2024-09-19 22:35:35.843643136,TASK_BEGIN,012,-0.34358139847156854,1.7269685840710012,6.126365422343244,-0.5641143854470967,-3.6535918994238354,0.14078928169903218,9.227655108205859,-0.7389288000083505,1
305,2024-09-19 22:35:35.904186112,TASK_BEGIN,012,-0.331398511547773,1.721919178689985,5.79006491028939,-0.5404359876098941,-3.6578340829998575,0.10215742801426433,10.025311250516287,-0.7431362794081989,1
306,2024-09-19 22:35:35.982126080,TASK_BEGIN,012,-0.3162009359486766,1.715488347873001,5.450622498666261,-0.508368688244934,-3.6543964808208287,0.059319761643676215,10.875064749602872,-0.7492549808214378,1
307,2024-09-19 22:35:36.043943936,TASK_BEGIN,012,-0.2997725772174623,1.7081603368456952,5.11594587194332,-0.46831366989734113,-3.64400356625459,0.01294747530804388,11.733113453852958,-0.7548016545871735,1
308,2024-09-19 22:35:36.969714176,TASK_BEGIN,012,-0.28441892663234924,1.700528011338475,4.794279380223848,-0.4213447046927613,-3.6278018351535235,-0.03618975128812662,12.555006583754496,-0.7570784213696953,1
309,2024-09-19 22:35:37.031502080,TASK_BEGIN,012,-0.27275105573509884,1.6932540040071742,4.493859026186099,-0.3691467196779735,-3.6072891357124472,-0.0872677741925862,13.297815996460221,-0.753038793546007,1
310,2024-09-19 22:35:37.107800064,TASK_BEGIN,012,-0.26737599170040394,1.68702089042638,4.222421672238968,-0.3138774041537837,-3.58417479897846,-0.13945085031762516,13.922941296092072,-0.7394053775245231,1
311,2024-09-19 22:35:37.170663168,TASK_BEGIN,012,-0.2705588845359147,1.6824724805182623,3.9868595261292508,-0.257995049595158,-3.5601696770416287,-0.19193507733198978,14.399234437765942,-0.7131077494479687,1
312,2024-09-19 22:35:37.243344896,TASK_BEGIN,012,-0.28393671675811566,1.680152588780554,3.793074744156376,-0.20408885583452208,-3.5367907874290605,-0.24398357984285335,14.705609596848326,-0.6718736796549233,1
313,2024-09-19 22:35:37.309923840,TASK_BEGIN,012,-0.30836214884681007,1.6804570911428447,3.6459056893186363,-0.15469513440894567,-3.5152477552948547,-0.2949466929882976,14.832372129665718,-0.6147156234660208,1
314,2024-09-19 22:35:37.371917056,TASK_BEGIN,012,-0.3439247305253955,1.6836168211934854,3.5490318461944073,-0.11207256114923589,-3.4963811840388495,-0.34427179603284636,14.78100231401791,-0.5420908129060642,1
315,2024-09-19 22:35:38.321862912,TASK_BEGIN,012,-0.3901259486190643,1.6897142215664147,3.504879802189993,-0.07797107543982783,-3.4805922278322954,-0.39150907483258707,14.562570255953199,-0.45564158195262505,1
316,2024-09-19 22:35:38.389694720,TASK_BEGIN,012,-0.4461035506278113,1.698717836762301,3.514574258448792,-0.0534750212901087,-3.4678077134592225,-0.4363072371828144,14.195297413905852,-0.35766615366939425,1
317,2024-09-19 22:35:38.456931072,TASK_BEGIN,012,-0.5107885530471722,1.710514608017288,3.577957005943763,-0.03899177824347736,-3.457603039489391,-0.4783893709451054,13.702046694189402,-0.2506528807962628,1
318,2024-09-19 22:35:38.522582016,TASK_BEGIN,012,-0.5829526628357549,1.7249264972183407,3.6936982416948347,-0.034412159698871715,-3.449497655113895,-0.5175163791470582,13.10853629987255,-0.13713133828013688,1
319,2024-09-19 22:35:38.586313984,TASK_BEGIN,012,-0.6611791697333121,1.7417028849149525,3.8594832635924083,-0.039395750153993714,-3.4432792307683604,-0.5534618197714347,12.442672662001192,-0.01984702685464426,1
320,2024-09-19 22:35:38.660847872,TASK_BEGIN,012,-0.7438100643049865,1.7604877023616268,4.0721864768561735,-0.053668844876278377,-3.4392055113180695,-0.5860154959963934,11.734665473388565,0.09793132799857644,1
321,2024-09-19 22:35:38.714284800,TASK_BEGIN,012,-0.8289036556673721,1.780770399866263,4.327972625344978,-0.07722410320404857,-3.4380430395020105,-0.6150130588901446,11.017038260841492,0.21221630291701754,1
322,2024-09-19 22:35:39.672988160,TASK_BEGIN,012,-0.9142014299663489,1.8018321140223927,4.622352351779192,-0.11037097085391323,-3.440988191700307,-0.640374253531915,10.323800110717185,0.3183783293299617,1
323,2024-09-19 22:35:39.740763904,TASK_BEGIN,012,-0.9970801437961533,1.8226985536834899,4.950185045527675,-0.1536311182304031,-3.4495258607923414,-0.6621302130392683,9.688678362449858,0.4115027660469197,1
324,2024-09-19 22:35:39.804056832,TASK_BEGIN,012,-1.0745017435930457,1.8421197696844347,5.30554534689972,-0.20749172900360902,-3.465246634934706,-0.6804283224754076,9.142735229567156,0.4869297896315141,1
325,2024-09-19 22:35:39.868871168,TASK_BEGIN,012,-1.143035293944879,1.858597935219602,5.681475625071083,-0.27207654051837743,-3.489617793955792,-0.6955168790326087,8.711693753632511,0.5408704380850274,1
326,2024-09-19 22:35:39.929243136,TASK_BEGIN,012,-1.1990080976675672,1.8704622240278914,6.069811589592676,-0.34684268750887515,-3.523713698606758,-0.7077231298491234,8.413298940140898,0.5710018840213568,1
327,2024-09-19 22:35:40.011418112,TASK_BEGIN,012,-1.2387501385443342,1.875967159822736,6.461201980042182,-0.4303802380457135,-3.5679551232574,-0.717436587358877,8.255305032360612,0.5769129108897163,1
328,2024-09-19 22:35:40.069926912,TASK_BEGIN,012,-1.2588391983289449,1.8733915592437531,6.8452788681111185,-0.5203288281615611,-3.621934765758203,-0.7251001844859134,8.234829056202512,0.5602770528014507,1
329,2024-09-19 22:35:41.020970240,TASK_BEGIN,012,-1.2562831249817885,1.861130446565454,7.210979932290897,-0.6134222036998175,-3.6843567700222613,-0.7312104943434874,8.339362563216637,0.5247275098345188,1
330,2024-09-19 22:35:41.083275776,TASK_BEGIN,012,-1.2286370025797801,1.8377841099071754,7.5470791986552905,-0.7056659213592974,-3.7530443151165023,-0.7363268343824381,8.549019024349937,0.4754906562896244,1
331,2024-09-19 22:35:41.150948864,TASK_BEGIN,012,-1.1740828039550653,1.802249815790478,7.842792943546576,-0.7925978610919466,-3.8249774412709394,-0.7410757420112928,8.839389551139023,0.41882660566453794,1
332,2024-09-19 22:35:41.225102080,TASK_BEGIN,012,-1.0915010068072215,1.7538148472549666,8.088232335819129,-0.8695754493685658,-3.8964055119271164,-0.7461294584797491,9.184572241389565,0.3613268143802567,1
333,2024-09-19 22:35:41.292879104,TASK_BEGIN,012,-0.9805659950767794,1.6922446593571445,8.274691659040723,-0.9320878701271519,-3.9631194182017264,-0.7521491523702148,9.559887692496703,0.30920760947451104,1
334,2024-09-19 22:35:41.360646912,TASK_BEGIN,012,-0.84187228411767,1.617862354547222,8.394931601972742,-0.9760966257329257,-4.020893254814608,-0.7596996257709951,9.94374525409173,0.2677811759322009,1
335,2024-09-19 22:35:41.422374144,TASK_BEGIN,012,-0.6770414726888183,1.5316160018644183,8.443533466044913,-0.9983705120546128,-4.065987996529494,-0.769149624272854,10.318515594508636,0.24118754085314098,1
336,2024-09-19 22:35:42.348750080,TASK_BEGIN,012,-0.4887475949515089,1.435124483035419,8.41722789895139,-0.9967738094854274,-4.095571324645017,-0.7805804119331495,10.670637683751508,0.23235460191386634,1
337,2024-09-19 22:35:42.416502016,TASK_BEGIN,012,-0.2806599183147451,1.3306904098541583,8.315030058981035,-0.9704709769177499,-4.107954663046954,-0.7937322690378166,10.99023393210747,0.2431045915654514,1
338,2024-09-19 22:35:42.471754240,TASK_BEGIN,012,-0.057350152641372956,1.221268542355966,8.13817704204549,-0.9200071494092927,-4.102613055048518,-0.8080068888750751,11.270460665693939,0.27430789561784163,1
339,2024-09-19 22:35:42.549455872,TASK_BEGIN,012,0.17582240835175778,1.1103707978106663,7.890110645832812,-0.8472502518636985,-4.079999675697695,-0.8225211568107106,11.506700685448942,0.3259956420946908,1
340,2024-09-19 22:35:42.619787776,TASK_BEGIN,012,0.4128887251505778,1.0018825652971892,7.57665346929514,-0.7552232883193958,-4.041195789575256,-0.8361975059746907,11.695649644656736,0.397389557568488,1
341,2024-09-19 22:35:42.680397824,TASK_BEGIN,012,0.6475532848317095,0.8997685175415935,7.206135809061581,-0.6478560892631026,-3.9874591775613286,-0.8478781689036033,11.834605397286898,0.4868610927967513,1
342,2024-09-19 22:35:42.744241920,TASK_BEGIN,012,0.8736039506631131,0.807658519189205,6.78912047565692,-0.5296657575072428,-3.9197688832251707,-0.8564482890158178,11.921397518198233,0.5918711714578384,1
343,2024-09-19 22:35:43.693409024,TASK_BEGIN,012,1.0854492517626417,0.7283388660601483,6.337701156906843,-0.40539183365845344,-3.838509857697073,-0.8609443569593208,11.954986322802583,0.7089583089734943,1
344,2024-09-19 22:35:43.764477952,TASK_BEGIN,012,1.278724883504364,0.6632353526146246,5.864674145610139,-0.2796460428162606,-3.7434152320358702,-0.8606284675527681,11.93635738658065,0.8338313299923793,1
345,2024-09-19 22:35:43.817728000,TASK_BEGIN,012,1.450833396882787,0.6120147933535045,5.382893947518837,-0.15663354023728016,-3.6337536416250584,-0.8550262205420225,11.869313238379362,0.9615953224027388,1
346,2024-09-19 22:35:43.895399168,TASK_BEGIN,012,1.601265295516041,0.5724078302702388,4.904903471575604,-0.039963822510509575,-3.508652925797673,-0.8439305155688429,11.760722794884918,1.0871076045573422,1
347,2024-09-19 22:35:43.957453056,TASK_BEGIN,012,1.7316138145560451,0.5402975160752238,4.442703316815819,0.06746595693238683,-3.3674612204968324,-0.8273673823069249,11.619854858857323,1.2054189235180814,1
348,2024-09-19 22:35:44.034629120,TASK_BEGIN,012,1.84528809681867,0.5100690120837311,4.007518738654625,0.1635297750595989,-3.2100749362183283,-0.8055311024745408,11.457071043494,1.3122036498781489,1
349,2024-09-19 22:35:44.103514880,TASK_BEGIN,012,1.9470029682298362,0.4751808189455036,3.609607800345721,0.2468637405265673,-3.037191040486168,-0.77871198147831,11.282716400244123,1.4040614712581785,1
350,2024-09-19 22:35:45.035124992,TASK_BEGIN,012,2.042154839357561,0.4288925813296292,3.258192942954849,0.3168066728795698,-2.850482269366232,-0.7472347144760563,11.10663257944725,1.4786267247686111,1
351,2024-09-19 22:35:45.112822016,TASK_BEGIN,012,2.1361795499026193,0.36506174518695983,2.9614190278574024,0.373357037060852,-2.652690495511631,-0.7114133677812077,10.937988140709484,1.5345133832990685,1
352,2024-09-19 22:35:45.174396928,TASK_BEGIN,012,2.2339537820130646,0.2788966857644659,2.726140006633917,0.4171595704630905,-2.447593075758629,-0.6715294868587837,10.785099765618128,1.57118006894197,1
353,2024-09-19 22:35:45.250701824,TASK_BEGIN,012,2.3392818511323132,0.16754837954102964,2.557449211348427,0.4494404534466112,-2.239804231069254,-0.6278393720575701,10.65527689694463,1.5888019937369458,1
354,2024-09-19 22:35:45.317183232,TASK_BEGIN,012,2.454516200717638,0.030451065156695142,2.458096025947493,0.4718443282165517,-2.0344287006915205,-0.5806038509081818,10.554847471327692,1.5881742957842175,1
355,2024-09-19 22:35:45.386270976,TASK_BEGIN,012,2.5803642894595953,-0.13063171758593087,2.4280572112159846,0.4862347008572046,-1.8366117132485567,-0.530125379737321,10.489550242729594,1.5705719624862087,1
356,2024-09-19 22:35:45.454056960,TASK_BEGIN,012,2.7158965142511198,-0.3118455537534072,2.4643607605257776,0.49454378279702904,-1.651023494355675,-0.4767853792112959,10.465309414336723,1.5374968898477874,1
357,2024-09-19 22:35:46.393219072,TASK_BEGIN,012,2.858712178142546,-0.5077016011536685,2.561020628758562,0.49870649638540265,-1.4813343839670352,-0.4210807919482048,10.488731913683688,1.4904080418994046,1
358,2024-09-19 22:35:46.464140800,TASK_BEGIN,012,3.0052132739358055,-0.7116562167197407,2.7090218287344516,0.5006571814481486,-1.329781060131458,-0.3636507711003383,10.566302823883936,1.4306600311991313,1
359,2024-09-19 22:35:46.531744768,TASK_BEGIN,012,3.1509736219545648,-0.916731294596153,2.8965569689960797,0.5023172993744106,-1.1969422234073206,-0.30528365107551897,10.702299979096788,1.3597381897664678,1
360,2024-09-19 22:35:46.599683072,TASK_BEGIN,012,3.2911984485821133,-1.116112212660614,3.1097745260959706,0.5054868086382384,-1.0817840374971084,-0.2469075475181149,10.89697519854966,1.279559915948048,1
361,2024-09-19 22:35:46.659799040,TASK_BEGIN,012,3.4212255681405765,-1.3036651447632204,3.334167311622111,0.5116112923473292,-0.9819330985629502,-0.18956839758116828,11.146537711536508,1.1924950396237657,1
362,2024-09-19 22:35:46.721982976,TASK_BEGIN,012,3.536980210536648,-1.474325378433495,3.556466075468338,0.521498485106888,-0.8940747160851872,-0.13438887847305275,11.444979680407913,1.1009955700480367,1
363,2024-09-19 22:35:46.799254784,TASK_BEGIN,012,3.6353171513063187,-1.6243364726038902,3.7664648123892914,0.5351235543935535,-0.8143715763319884,-0.08251001748487992,11.786553690938504,1.0070141027997954,1
364,2024-09-19 22:35:47.721457152,TASK_BEGIN,012,3.714237870387148,-1.751349680316837,3.958061715793403,0.5516245011373822,-0.7388279264864485,-0.035032032397802455,12.167514394701426,0.9114817567565714,1
365,2024-09-19 22:35:47.784956928,TASK_BEGIN,012,3.772983707290254,-1.854405191599622,4.1293382978782684,0.5694542119620979,-0.6635813021538317,0.007038943040730793,12.586193149080401,0.8140855117521177,1
366,2024-09-19 22:35:47.846125056,TASK_BEGIN,012,3.8119984437331764,-1.9338165623426968,4.282046960276798,0.5865680890046325,-0.5851473386672825,0.042849888994759514,13.041240552803988,0.7134861333635857,1
367,2024-09-19 22:35:47.923304192,TASK_BEGIN,012,3.8327896154217704,-1.9909833896038307,4.420782753064126,0.6005959723187777,-0.5006487288226833,0.07177483871501628,13.52874854115803,0.6079105296039105,1
368,2024-09-19 22:35:47.985789952,TASK_BEGIN,012,3.837753510292584,-2.0281634074731585,4.551827562046557,0.6090569021079805,-0.4080499115690682,0.09349738738239183,14.039637916581754,0.4958444512986268,1
369,2024-09-19 22:35:48.060267008,TASK_BEGIN,012,3.8299918312172525,-2.048230352823636,4.681738494079466,0.6096680847337919,-0.3063959208234272,0.10808602245118806,14.558785104204556,0.37651523121052766,1
370,2024-09-19 22:35:48.127990016,TASK_BEGIN,012,3.813088726138316,-2.0544308931381874,4.81604322085841,0.6007045627899168,-0.19602479761264685,0.11604652391807704,15.066597696512378,0.24999755306376176,1
371,2024-09-19 22:35:49.062423808,TASK_BEGIN,012,3.790832716028873,-2.050150584820395,4.958505774671004,0.5812925654040805,-0.07869767346300169,0.11833631956011396,15.5423964992408,0.11699412389630114,1
372,2024-09-19 22:35:49.138919168,TASK_BEGIN,012,3.766933480201632,-2.0387072838720437,5.111155483155602,0.551521383506973,0.042454215824703524,0.11632031945017032,15.968018993733999,-0.0214916447698082,1
373,2024-09-19 22:35:49.207072000,TASK_BEGIN,012,3.744787749829272,-2.0231895228363843,5.274780724766776,0.5123419932485581,0.16326115791411736,0.11165291540668597,16.33038414683912,-0.1643989538004252,1
374,2024-09-19 22:35:49.265264896,TASK_BEGIN,012,3.7272877867924286,-2.00634002520545,5.449312491638722,0.465330411213517,0.27907829630626474,0.10610106785585931,16.62292993126426,-0.3107575187824669,1
375,2024-09-19 22:35:49.342444800,TASK_BEGIN,012,3.7166446886567286,-1.9904718275410171,5.633712040377844,0.4124339997868013,0.3853872839780628,0.10135454926225665,16.84642183847853,-0.45980681523278116,1
376,2024-09-19 22:35:49.404509952,TASK_BEGIN,012,3.7142468850863284,-1.9774110648654757,5.825422554284765,0.35576556945350984,0.4782596387681563,0.09887310141264545,17.008994229031615,-0.6110113697712689,1
377,2024-09-19 22:35:49.473576960,TASK_BEGIN,012,3.720618050436863,-1.968474619579522,6.0197504383559695,0.29744996476973085,0.5546341489786036,0.09979457520577649,17.12460245067431,-0.7637947723492289,1
378,2024-09-19 22:35:50.418784000,TASK_BEGIN,012,3.7355217585708655,-1.9644913558061912,6.209556289119267,0.23951993024772172,0.6124814021050721,0.1048886562672423,17.209628838989744,-0.9169905671202375,1
379,2024-09-19 22:35:50.488774144,TASK_BEGIN,012,3.7581846356707143,-1.9658564715251263,6.385575108632599,0.18383671197442988,0.6509601109411003,0.11452152142995084,17.27867459188894,-1.068265521844413,1
380,2024-09-19 22:35:50.556516864,TASK_BEGIN,012,3.7875317882085646,-1.9725900496879523,6.537577541262181,0.13196814932256598,0.6705606087953006,0.12862033759229283,17.34105566215273,-1.2138000309551604,1
381,2024-09-19 22:35:50.624406016,TASK_BEGIN,012,3.822333045522895,-1.9843797601306585,6.656186726299801,0.08500163659553267,0.6730999631877462,0.14666211883084618,17.398874796421225,-1.348344907432006,1
382,2024-09-19 22:35:50.692009984,TASK_BEGIN,012,3.861246688277772,-2.0006158154855807,6.734779970007706,0.043362156664803427,0.6614955933862173,0.16771216721916812,17.446825044333817,-1.4656369795960147,1
383,2024-09-19 22:35:50.759712000,TASK_BEGIN,012,3.90282090828075,-2.0204386469078877,6.770950232734392,0.006713969720450136,0.6394332812080786,0.19050822935757053,17.47362227856663,-1.5590978659606303,1
384,2024-09-19 22:35:50.818568960,TASK_BEGIN,012,3.945522717241906,-2.0428086133115113,6.767192090447891,-0.026017804622601722,0.611095526925609,0.21356787432057006,17.46474768316476,-1.6226821948317705,1
385,2024-09-19 22:35:51.771428864,TASK_BEGIN,012,3.987833095258698,-2.066593738995765,6.7306237630074754,-0.0564973497795911,0.5809953142736503,0.2353021779883213,17.40583850919265,-1.651685245510592,1
386,2024-09-19 22:35:51.831290112,TASK_BEGIN,012,4.02839554955215,-2.090665345202366,6.671839498584433,-0.0867214430559093,0.5538193385108988,0.25413372905787,17.285783363946855,-1.6433158636419158,1
387,2024-09-19 22:35:51.906606848,TASK_BEGIN,012,4.06616500790935,-2.113988284949156,6.603227467194552,-0.11869153811952636,0.5341471442864798,0.2686222308382429,17.09862495826766,-1.5969221878519282,1
388,2024-09-19 22:35:51.974528000,TASK_BEGIN,012,4.100508684627071,-2.1356901306589275,6.537116542845377,-0.15404987367052203,0.5260466374011405,0.2775875519728458,16.843928591705904,-1.513912243196376,1
389,2024-09-19 22:35:52.033492224,TASK_BEGIN,012,4.131242254891733,-2.155094985216261,6.4840982329642465,-0.19374061211373458,0.5327130501164546,0.28020802840137976,16.52587029095482,-1.3975006917555344,1
390,2024-09-19 22:35:52.110262016,TASK_BEGIN,012,4.15860917989308,-2.1717187716011,6.451834749705986,-0.23778215291411628,0.5562912281410326,0.2760819424915677,16.151436185905215,-1.252347125488347,1
391,2024-09-19 22:35:52.178042112,TASK_BEGIN,012,4.183221081208331,-2.185238774866403,6.444492365922253,-0.2852120334299086,0.5978685058084452,0.2652527934931641,15.728294782950382,-1.08410208974537,1
392,2024-09-19 22:35:53.083944192,TASK_BEGIN,012,4.2059821853497406,-2.1954562255083707,6.4626581773286675,-0.33419720993538077,0.6575554679335125,0.2481972984005592,15.26339940244665,-0.8989795661242047,1
393,2024-09-19 22:35:53.164733952,TASK_BEGIN,012,4.228017644111706,-2.2022663422739046,6.5034092280756735,-0.38224360356162407,0.7345910401900493,0.2257768177047851,14.763284211759258,-0.7035274683541737,1
394,2024-09-19 22:35:53.232483840,TASK_BEGIN,012,4.250600547775412,-2.2056446739729587,6.560314304029477,-0.42644484379467723,0.8274528869662358,0.19916039250411546,14.235915465822023,-0.5045972493981161,1
395,2024-09-19 22:35:53.300260096,TASK_BEGIN,012,4.275052899174301,-2.205651440443266,6.623483395197067,-0.4637514639348764,0.9340030098744958,0.16972534077798063,13.692839500585546,-0.3093227977241973,1
396,2024-09-19 22:35:53.367965696,TASK_BEGIN,012,4.302612716535897,-2.202444035250306,6.680020113699926,-0.49125037170324004,1.0516971676824443,0.13893835728581033,13.150107022074724,-0.12492692118050278,1
397,2024-09-19 22:35:53.435726848,TASK_BEGIN,012,4.334285299821086,-2.1962820614840086,6.715183771287049,-0.5064333311269241,1.1778478466161424,0.10822761257365188,12.627158808157452,0.04169739790022602,1
398,2024-09-19 22:35:53.502386944,TASK_BEGIN,012,4.3707099822547555,-2.1875196854108228,6.714228747133001,-0.5074292321390459,1.3099137394416196,0.07886880218630814,12.144263810114797,0.1845402936507528,1
399,2024-09-19 22:35:54.446853120,TASK_BEGIN,012,4.412075956790716,-2.17659277721492,6.6644530709309375,-0.49316419649215304,1.4457489248442148,0.051916873099643185,11.72008169250614,0.2989691815632945,1
400,2024-09-19 22:35:54.514363136,TASK_BEGIN,012,4.458101281413086,-2.164005762873473,6.556888287485761,-0.463425610215931,1.5836944429965125,0.02820178806763046,11.370317508816706,0.3820228708560895,1
401,2024-09-19 22:35:54.566881792,TASK_BEGIN,012,4.508070979606794,-2.1503166882501223,6.387406990206479,-0.4188569654210791,1.7224617970004794,0.008370203374751665,11.107129546317784,0.4325044438543753,1
402,2024-09-19 22:35:54.649814016,TASK_BEGIN,012,4.560936639355561,-2.136121867195009,6.157278930192818,-0.36091959959618053,1.8608955718838625,-0.007065732880450382,10.938643290466995,0.45091080554777613,1
403,2024-09-19 22:35:54.715591680,TASK_BEGIN,012,4.61546542072487,-2.1220422088092983,5.8731161907649145,-0.2918049939334062,1.9977315777153195,-0.017699310546747532,10.86847728498016,0.4392311966697575,1
404,2024-09-19 22:35:54.785700096,TASK_BEGIN,012,4.670370091141097,-2.1087040365748497,5.54612685650553,-0.2142641706670167,2.1314005015893223,-0.023228331972368958,10.895454805082327,0.40070408630973603,1
405,2024-09-19 22:35:54.852478976,TASK_BEGIN,012,4.724343702512298,-2.0967045459516154,5.190819623334053,-0.13136109365266754,2.259909457295578,-0.023481584992129698,11.0134827271091,0.3396291921272361,1
406,2024-09-19 22:35:55.796872960,TASK_BEGIN,012,4.77602687916272,-2.0865693443360405,4.823459057630058,-0.04619267969900055,2.3808669038649812,-0.018467204873398584,11.21152716654446,0.26120174550879854,1
407,2024-09-19 22:35:55.864708864,TASK_BEGIN,012,4.824029953445738,-2.078725367502093,4.460463174199354,0.038373743562198664,2.4916902450814873,-0.008430927441182238,11.473905526702103,0.1712359408369208,1
408,2024-09-19 22:35:55.932444160,TASK_BEGIN,012,4.867068928066494,-2.073499198454146,4.116760617877282,0.11991036235686034,2.5899488692057777,0.006093519212644922,11.781278824733253,0.07574350502175245,1
409,2024-09-19 22:35:56.000160768,TASK_BEGIN,012,4.90413730256964,-2.071125287748209,3.8042351937344865,0.19656543961422396,2.673747781203908,0.02425510956269687,12.112446424801332,-0.01951315796044679,1
410,2024-09-19 22:35:56.067517952,TASK_BEGIN,012,4.934606086273623,-2.071746287106256,3.5306865800118787,0.26709535534572715,2.7420604165249864,0.04488435921857356,12.44661750646843,-0.10939676996719372,1
411,2024-09-19 22:35:56.135087872,TASK_BEGIN,012,4.958223480779649,-2.0754053300727104,3.2997585067279673,0.33076839800338426,2.7949260538553364,0.06653448054134026,12.765604618113326,-0.18971869223063773,1
412,2024-09-19 22:35:56.201538048,TASK_BEGIN,012,4.975052981388589,-2.082043002063791,3.1119198980913847,0.38717188838682115,2.8334591545399577,0.08757999019542115,13.055381844444376,-0.25751995541770695,1
413,2024-09-19 22:35:57.136603136,TASK_BEGIN,012,4.985397362104375,-2.0915116409963344,2.966111151905631,0.43599662504045567,2.859696768542603,0.10635989410837003,13.30674316247397,-0.31122769122690624,1
414,2024-09-19 22:35:57.215387904,TASK_BEGIN,012,4.9897343102773934,-2.1036069674584397,2.861347717715715,0.47685934894033627,2.876386768845918,0.12131962645026563,13.515271195647689,-0.35060016159185886,1
415,2024-09-19 22:35:57.283160832,TASK_BEGIN,012,4.988659120465383,-2.118101034113408,2.797629670091897,0.509197358652011,2.8868154288508348,0.13111092135808108,13.680914451853846,-0.3764553829374842,1
416,2024-09-19 22:35:57.350938880,TASK_BEGIN,012,4.982810636157942,-2.134759022230762,2.7759878143303807,0.5322507641783607,2.8946758421799452,0.13464885839277774,13.807175121062775,-0.3902636285743438,1
417,2024-09-19 22:35:57.418683136,TASK_BEGIN,012,4.97276795798964,-2.1533347165235757,2.797975231776165,0.5451251015843642,2.903900067122892,0.13115029660477245,13.899930419753531,-0.3937579301597643,1
418,2024-09-19 22:35:57.486455040,TASK_BEGIN,012,4.958933885795581,-2.173549345799899,2.8649739697401104,0.5469224731737803,2.9184030883055456,0.12016514320399219,13.966321152416494,-0.38873109421790214,1
419,2024-09-19 22:35:57.554254080,TASK_BEGIN,012,4.941440978361354,-2.195060974515273,2.977541674916124,0.5369300183778205,2.9417597634357757,0.10159458123874258,14.014314217534153,-0.37707508372242726,1
420,2024-09-19 22:35:58.482204160,TASK_BEGIN,012,4.920120064464864,-2.217431508906981,3.13496035365498,0.514818465342404,2.9768718421603584,0.07569366721483932,14.053141732463493,-0.360975309971303,1
421,2024-09-19 22:35:58.560425984,TASK_BEGIN,012,4.89455425289208,-2.2400996697090156,3.3350767525786256,0.4807731114290132,3.0256750295908184,0.04306308826265841,14.094160347751938,-0.3431304483352972,1
422,2024-09-19 22:35:58.632870144,TASK_BEGIN,012,4.864209132134009,-2.2623705912499807,3.5744016822268043,0.4355143880807942,3.0889217141226224,0.004630304212420905,14.151268470036591,-0.32686559426752454,1
423,2024-09-19 22:35:58.700613888,TASK_BEGIN,012,4.828617141414576,-2.283431403810795,3.84835241772698,0.38022827060983044,3.166060476193456,-0.038387921162121495,14.240182239469446,-0.3160223935582457,1
424,2024-09-19 22:35:58.767508992,TASK_BEGIN,012,4.7876056022771865,-2.3023949950685076,4.151471530665349,0.3164536903766242,3.255220756583842,-0.08455042296669049,14.376554085095023,-0.3146359773027721,1
425,2024-09-19 22:35:58.836252928,TASK_BEGIN,012,4.741537325993904,-2.3183641750909376,4.477479476906052,0.24596669598613805,3.3533104000337937,-0.1322822087623506,14.573454408412974,-0.3265107890708807,1
426,2024-09-19 22:35:58.897041920,TASK_BEGIN,012,4.691476049504338,-2.3305039368844636,4.819222162141662,0.17068575578688117,3.456222549980101,-0.17997200159672005,14.838864629218564,-0.3547690586328873,1
427,2024-09-19 22:35:59.808921088,TASK_BEGIN,012,4.6391803010773796,-2.3381145204505906,5.168784279809815,0.09260596813146744,3.5591212283326863,-0.22605365922434914,15.173962893815828,-0.4014361541060413,1
428,2024-09-19 22:35:59.885914112,TASK_BEGIN,012,4.586906971087677,-2.3407001822349742,5.517929166194307,0.013760472591038252,3.6567719007854462,-0.2690644442808132,15.572784203966034,-0.4671724987864823,1
429,2024-09-19 22:35:59.957971200,TASK_BEGIN,012,4.537098567458377,-2.338019319899214,5.858750810750031,-0.06379878587774686,3.7439067048916814,-0.30769095371985944,16.02309971921609,-0.5512140138561458,1
430,2024-09-19 22:36:00.024239872,TASK_BEGIN,012,4.4920534776750465,-2.3300982399032706,6.184345423398786,-0.1380168041468675,3.815648610750681,-0.34082068911010827,16.507981118010118,-0.6514842408554657,1
431,2024-09-19 22:36:00.090322944,TASK_BEGIN,012,4.453644727371165,-2.3172074384495014,6.489319635578426,-0.20685252023270667,3.868041317783141,-0.36761287470118637,17.00765409954629,-0.7648097787728888,1
432,2024-09-19 22:36:00.153886976,TASK_BEGIN,012,4.423112468640892,-2.2998179390562403,6.769932555802045,-0.26828415724824667,3.8986419297835164,-0.3875780728221684,17.501212397899334,-0.8871832880391424,1
433,2024-09-19 22:36:00.225681920,TASK_BEGIN,012,4.400928852567127,-2.2785542738355478,7.0238091144411445,-0.32031025593475904,3.9069569562683153,-0.40063037998449047,17.967741448401828,-1.0140222088225028,1
434,2024-09-19 22:36:01.166260992,TASK_BEGIN,012,4.386735231030945,-2.2541469952518516,7.249369218188671,-0.36098910492402725,3.894486831189205,-0.407083876857987,18.38684741683529,-1.1404023857340098,1
435,2024-09-19 22:36:01.228744960,TASK_BEGIN,012,4.379375446910644,-2.2273830974012316,7.445156436253851,-0.38854416393072344,3.8643565836777944,-0.40759330656895004,18.739043693405204,-1.2612959406948117,1
436,2024-09-19 22:36:01.306852096,TASK_BEGIN,012,4.377038518080056,-2.1990613782831128,7.609213330191623,-0.40150569278328857,3.8207092411116577,-0.40305413183918276,19.006357491086355,-1.3718171624026616,1
437,2024-09-19 22:36:01.368621056,TASK_BEGIN,012,4.3774686461841466,-2.1699639973702647,7.738653992021791,-0.39883666989695166,3.768069569376115,-0.39448508303699825,19.173057522645728,-1.4674055964816914,1
438,2024-09-19 22:36:01.442779904,TASK_BEGIN,012,4.378177006145095,-2.140845775790498,7.829615465384154,-0.3800337756931232,3.710827101289818,-0.38292675428481754,19.22613030907054,-1.5439017035327602,1
439,2024-09-19 22:36:01.507375872,TASK_BEGIN,012,4.37662528626219,-2.112427788438146,7.877779708439193,-0.3452400525905214,3.6529198083309145,-0.369380254742528,19.1554438291417,-1.5975918775550988,1
440,2024-09-19 22:36:01.569379840,TASK_BEGIN,012,4.3703853895840235,-2.085374627760496,7.879489788376755,-0.2953941291618296,3.597712616886476,-0.3547759140992607,18.954171491336826,-1.6253504729388282,1
441,2024-09-19 22:36:02.513673216,TASK_BEGIN,012,4.357289555451485,-2.0602475718170297,7.833091987318974,-0.2323800726481908,3.5479677762022535,-0.33994512841936064,18.620136106962935,-1.6249491970198076,1
442,2024-09-19 22:36:02.575248128,TASK_BEGIN,012,4.335581550512864,-2.037451896960823,7.739832051510021,-0.15908624480199485,3.5057599633887313,-0.32558528734938164,18.157814441212825,-1.5954943195122782,1
443,2024-09-19 22:36:02.645967104,TASK_BEGIN,012,4.304060794663905,-2.0172068105321785,7.60382512269572,-0.07929050783524502,3.472261258041521,-0.31222418495461923,17.579782584319638,-1.5378128567710259,1
444,2024-09-19 22:36:02.723649024,TASK_BEGIN,012,4.2622004896972765,-1.9995511791156675,7.431263808049421,0.002625703830373919,3.447484226155075,-0.3001907688463359,16.906616847146363,-1.4545692298875843,1
445,2024-09-19 22:36:02.792777216,TASK_BEGIN,012,4.210225502413434,-1.98437688671284,7.229587455442153,0.08203266070052607,3.43017883369015,-0.28960136722084223,16.16523658561342,-1.3500433153206084,1
446,2024-09-19 22:36:02.860524800,TASK_BEGIN,012,4.149131900940176,-1.9714720521110327,7.0073097024553155,0.15435033034349707,3.418034718590343,-0.28037884037020455,15.386353624155653,-1.2296822928606432,1
447,2024-09-19 22:36:02.924494848,TASK_BEGIN,012,4.080631205883743,-1.9605629609382975,6.774585061922706,0.21523821049256006,3.408194572514706,-0.2723176757146246,14.601957393401664,-1.0995860665706572,1
448,2024-09-19 22:36:03.834286848,TASK_BEGIN,012,4.007023056824126,-1.951355182467767,6.543919368575106,0.26072022498711916,3.3979333604830613,-0.2651834327425061,13.843528093736095,-0.9660259964681805,1
449,2024-09-19 22:36:03.914148864,TASK_BEGIN,012,3.931014800160334,-1.9435716958705453,6.330262640797906,0.28731498479340156,3.385287471069145,-0.25881157312956143,13.141067911685381,-0.8350452958879567,1
450,2024-09-19 22:36:03.973499136,TASK_BEGIN,012,3.85551828535505,-1.9369752715174915,6.150111628933074,0.29221736678851223,3.3694579619652996,-0.2531706477204219,12.522746424992516,-0.7121945467278101,1
451,2024-09-19 22:36:04.035985152,TASK_BEGIN,012,3.78346945274926,-1.9313674388744881,6.019785233245813,0.27354439045809237,3.350899265565043,-0.24837410547429897,12.0148969758732,-0.6024493556590695,1
452,2024-09-19 22:36:04.114090752,TASK_BEGIN,012,3.717683559882353,-1.9265699789725692,5.953327968347966,0.2306162366678838,3.3310788220665515,-0.2446461187015143,11.64180694509446,-0.510256185500226,1
453,2024-09-19 22:36:04.176129792,TASK_BEGIN,012,3.6606946035145613,-1.9223952544619565,5.960538895230517,0.16419573874926774,3.311983763389154,-0.2422586306042496,11.424552202200717,-0.4395195422552113,1
454,2024-09-19 22:36:04.238991872,TASK_BEGIN,012,3.6145451901405665,-1.918607411788042,6.045571500568348,0.07659907975279284,3.295552432049006,-0.24145615406956616,11.378614155424934,-0.39336501501129245,1
455,2024-09-19 22:36:05.196371200,TASK_BEGIN,012,3.5805907299341904,-1.9148863027072136,6.2063324334412355,-0.028364319349751296,3.2832234483124165,-0.24238131467117452,11.511028187064936,-0.3737151908460857,1
456,2024-09-19 22:36:05.264476928,TASK_BEGIN,012,3.559421375279238,-1.910819057077161,6.434565986033407,-0.1456117527057525,3.2757063901670973,-0.24501909083872153,11.818401492330532,-0.3808914684984235,1
457,2024-09-19 22:36:05.331687936,TASK_BEGIN,012,3.550927697511581,-1.9059344946282557,6.716399910843921,-0.2691346100721865,3.272969575695049,-0.24917841952808026,12.286734977829438,-0.4134793978478619,1
458,2024-09-19 22:36:05.386533888,TASK_BEGIN,012,3.5544390636834873,-1.8997666739735048,7.033279631763761,-0.3924321553060424,3.2743792654376573,-0.2545144487207707,12.893104329705038,-0.4685916267317121,1
459,2024-09-19 22:36:05.464643072,TASK_BEGIN,012,3.5688531069912606,-1.8919157111162201,7.363281308919837,-0.5089800995790692,3.278937364717195,-0.2605787374591304,13.608417494295935,-0.5424272146140886,1
460,2024-09-19 22:36:05.534066944,TASK_BEGIN,012,3.592726952021813,-1.8820804004313079,7.6827288703433325,-0.6126883742230302,3.2855979016333126,-0.26688257325166476,14.399950509797925,-0.6307925053606044,1
461,2024-09-19 22:36:05.603303936,TASK_BEGIN,012,3.624338346615289,-1.8700592383625343,7.967990230908754,-0.6983224061800125,3.2936064118388355,-0.2729654304467016,15.232799906344793,-0.7292960751621891,1
462,2024-09-19 22:36:06.545627136,TASK_BEGIN,012,3.6617328982321653,-1.8557346183514754,8.197247606756363,-0.7618644372770896,3.3027536235982167,-0.2784670128809079,16.070592385752665,-0.8332501841128007,1
463,2024-09-19 22:36:06.614242816,TASK_BEGIN,012,3.702771820990283,-1.8390543170476294,8.352015817679282,-0.8007738406985785,3.3134872946710656,-0.283199796664153,16.876456877950126,-0.9375634001228158,1
464,2024-09-19 22:36:06.681993984,TASK_BEGIN,012,3.7451924970789823,-1.8200152936969805,8.418354397275035,-0.8141042226483887,3.326897447294792,-0.2872009507011196,17.614945773611677,-1.0368756378657642,1
465,2024-09-19 22:36:06.742532096,TASK_BEGIN,012,3.7866916230100474,-1.7986525378477694,8.387914170683485,-0.8024797355467821,3.344548029658253,-0.29072379523847675,18.25500991886413,-1.1259811354403595,1
466,2024-09-19 22:36:06.817491968,TASK_BEGIN,012,3.825033222265497,-1.7750364525316258,8.258914285549407,-0.7679884348704835,3.3681095945198347,-0.29415046397440753,18.773566822178,-1.2004210196901046,1
467,2024-09-19 22:36:06.877889024,TASK_BEGIN,012,3.8581672085749434,-1.749279824072729,8.036842369560201,-0.7140449146995009,3.398881557586247,-0.29786312189013975,19.158566702290354,-1.257070281915709,1
468,2024-09-19 22:36:06.944214016,TASK_BEGIN,012,3.8843236632645293,-1.7215500703306486,7.734455511151939,-0.6452134256782928,3.4374196987802232,-0.30213979307959515,19.410339273808102,-1.294553096406354,1
469,2024-09-19 22:36:07.896500992,TASK_BEGIN,012,3.90205818258447,-1.692080044571304,7.370831908032362,-0.5669366735840232,3.4834393330080067,-0.3071141150467991,19.540823210152162,-1.3133912602980697,1
470,2024-09-19 22:36:07.964303872,TASK_BEGIN,012,3.9102691714439244,-1.661178275995357,6.969602612905319,-0.4851291799696712,3.5359920377733354,-0.3127890081339563,19.571209287303006,-1.3158955540811497,1
471,2024-09-19 22:36:08.032044800,TASK_BEGIN,012,3.908217521161608,-1.6292469710083852,6.556761072259865,-0.40566524103478074,3.5937651163218054,-0.319068520778636,19.528760671884914,-1.3058589036611719,1
472,2024-09-19 22:36:08.091899904,TASK_BEGIN,012,3.895541171350798,-1.5968081935714793,6.158462125680533,-0.3338577666188339,3.65534577899424,-0.32578494617729664,19.443504855980244,-1.2881043861231034,1
473,2024-09-19 22:36:08.167459840,TASK_BEGIN,012,3.872251782599966,-1.5645243514004117,5.799011566575178,-0.27402053821317673,3.719395586410757,-0.33272371155689046,19.34545287064485,-1.2679560331358357,1
474,2024-09-19 22:36:08.230118912,TASK_BEGIN,012,3.8387358212386045,-1.5331982085647315,5.499088901265173,-0.22916374212562216,3.784750531505455,-0.3396541546238931,19.262571500565254,-1.2507120970921626,1
475,2024-09-19 22:36:08.302928896,TASK_BEGIN,012,3.795799018513333,-1.5037515349312938,5.274318133224919,-0.2008498712104835,3.85044559770604,-0.3463595212336618,19.219041129952775,-1.2411521449770209,1
476,2024-09-19 22:36:09.246597120,TASK_BEGIN,012,3.7447727598374576,-1.477192182020557,5.134357047065862,-0.18921780073238317,3.9156511468370354,-0.35265123548940996,19.233270896597702,-1.2430774273865788,1
477,2024-09-19 22:36:09.313829888,TASK_BEGIN,012,3.6876442125673212,-1.4545737416887188,5.082541569430971,-0.19314167321203835,3.9795585779325235,-0.358367700399182,19.31576221065798,-1.2589439938563205,1
478,2024-09-19 22:36:09.382238976,TASK_BEGIN,012,3.6271079967814366,-1.4369409716458397,5.116005692271978,-0.21046666525084262,4.041286457575261,-0.363374478682962,19.467348693259314,-1.2896937386908305,1
479,2024-09-19 22:36:09.448919808,TASK_BEGIN,012,3.5664475758210634,-1.4252567226431625,5.226226043154965,-0.23828760531305,4.099831268535206,-0.3675717448795579,19.67843085090362,-1.334824271234929,1
480,2024-09-19 22:36:09.515656960,TASK_BEGIN,012,3.509256099183446,-1.420320515995939,5.3999795365919665,-0.273264636967554,4.154034424656708,-0.3708952565115136,19.929815862836207,-1.3926479652321073,1
481,2024-09-19 22:36:09.581947904,TASK_BEGIN,012,3.4590862448834367,-1.4226954701714896,5.6206841911752825,-0.3119620090760312,4.202569403725071,-0.37330508040856203,20.195336491171425,-1.4606386207591344,1
482,2024-09-19 22:36:09.645498112,TASK_BEGIN,012,3.419097108911305,-1.432651347060416,5.870055493168494,-0.3511813812594084,4.244027762711797,-0.37478080704330813,20.445500984147667,-1.535723735211158,1
483,2024-09-19 22:36:10.571966720,TASK_BEGIN,012,3.3917226725143523,-1.450124515590933,6.129869821695392,-0.3882525135845576,4.27718392625995,-0.37534632062032086,20.650912948442407,-1.614417328100791,1
484,2024-09-19 22:36:10.638969856,TASK_BEGIN,012,3.378404682371371,-1.4747018647917218,6.383411512909174,-0.421225024408447,4.301410292463305,-0.3751250521348003,20.78485200269047,-1.6928607318980537,1
485,2024-09-19 22:36:10.707555840,TASK_BEGIN,012,3.3794518676098435,-1.5056384714354702,6.616273728939165,-0.4489163275528695,4.317079490157098,-0.3744000551634371,20.82542948982066,-1.7669670055177782,1
486,2024-09-19 22:36:10.775304960,TASK_BEGIN,012,3.3940424660248465,-1.5419074893143427,6.816665400691145,-0.4708387412949218,4.325742216947609,-0.37364405207741863,20.757622948135168,-1.8327586861226854,1
487,2024-09-19 22:36:10.843090176,TASK_BEGIN,012,3.4203406685232234,-1.5822715975875257,6.975687410102058,-0.4870847985351756,4.329962676433116,-0.37349751080707533,20.574480499157538,-1.8867611321990243,1
488,2024-09-19 22:36:10.903217920,TASK_BEGIN,012,3.4557074502395846,-1.6253684374895865,7.0878087472776015,-0.49823495481965296,4.332861833870211,-0.3746943895986055,20.276601636125754,-1.926233299972645,1
489,2024-09-19 22:36:10.965238016,TASK_BEGIN,012,3.4970022686269497,-1.6698072468550704,7.151280881807074,-0.5052792290430861,4.337519788008634,-0.3779527179061124,19.870163098217432,-1.9491751805948097,1
490,2024-09-19 22:36:11.921809920,TASK_BEGIN,012,3.5409400249087053,-1.7142702603872284,7.168018168393042,-0.509480709662826,4.34637466705246,-0.3838563445341794,19.364880945422524,-1.9542558639350553,1
491,2024-09-19 22:36:11.989227008,TASK_BEGIN,012,3.5844251023949756,-1.757602481587798,7.142812382874855,-0.5121400093524461,4.360699384955882,-0.39275147739628996,18.773057280829374,-1.940827073453877,1
492,2024-09-19 22:36:12.057393920,TASK_BEGIN,012,3.624800907452443,-1.798871408899646,7.082279558572873,-0.5143258027475988,4.380228372107532,-0.4046745161273543,18.109616832581278,-1.9090326317243493,1
493,2024-09-19 22:36:12.124761088,TASK_BEGIN,012,3.660007795043441,-1.8373906107897584,6.994047661800766,-0.5166867459649009,4.403050693819912,-0.41932723938273947,17.39205391407894,-1.8598555768318636,1
494,2024-09-19 22:36:12.192096000,TASK_BEGIN,012,3.688654932492173,-1.8727127257879264,6.886351840144096,-0.5194075303410595,4.425856725394611,-0.43610835365947254,16.63913613297338,-1.794880316121951,1
495,2024-09-19 22:36:12.260645120,TASK_BEGIN,012,3.7099918274489716,-1.9046002852082544,6.767864685278659,-0.5222881391657886,4.444455429598477,-0.45418686614498394,15.868164856259195,-1.7156983009683238,1
496,2024-09-19 22:36:12.328455168,TASK_BEGIN,012,3.723779540100837,-1.9329857701124624,6.64745869904145,-0.5248666906344767,4.454335841513919,-0.47258748529521416,15.092083991065499,-1.6232351084567502,1
497,2024-09-19 22:36:13.262891008,TASK_BEGIN,012,3.730102900806401,-1.957934186901298,6.533630461966323,-0.5264993984223336,4.451092107484538,-0.4902704695348831,14.318283637964477,-1.5174679269146398,1
498,2024-09-19 22:36:13.330936064,TASK_BEGIN,012,3.729181764476588,-1.9796111489432324,6.433545063456095,-0.5263764215198374,4.430704033739927,-0.506211266497638,13.549760808859958,-1.3977467834036752,1
499,2024-09-19 22:36:13.407448064,TASK_BEGIN,012,3.7212236720431275,-1.9982462787142583,6.352028727317971,-0.5235462023805444,4.389782390107768,-0.519488901392501,12.787651171649534,-1.2635092059729434,1
500,2024-09-19 22:36:13.475233792,TASK_BEGIN,012,3.706345257339562,-2.014088888722368,6.291035658000286,-0.5170417873000077,4.325850423449341,-0.5293742074953594,12.033697730773259,-1.11502425563026,1
501,2024-09-19 22:36:13.542530048,TASK_BEGIN,012,3.6845919865338255,-2.0273748276741808,6.249844212828227,-0.5061087619249816,4.237636818872505,-0.5354022963487888,11.291868105347014,-0.9539096694338165,1
502,2024-09-19 22:36:13.610720000,TASK_BEGIN,012,3.656065170596162,-2.0383257040218794,6.225715436819555,-0.49042400062950336,4.125321300107162,-0.5374250037010905,10.568943955338641,-0.7832965238180531,1
503,2024-09-19 22:36:13.678481152,TASK_BEGIN,012,3.6210969324893445,-2.0471759557165945,6.214616137586104,-0.470198640247043,3.990670593887236,-0.5356374425748314,9.874266015035776,-0.6076441207117963,1
504,2024-09-19 22:36:14.622018048,TASK_BEGIN,012,3.5803739684144573,-2.0542027824006026,6.211920308871426,-0.44615576427802844,3.8369973066662477,-0.5305603952619992,9.21911970534913,-0.43235594160211754,1
505,2024-09-19 22:36:14.689795840,TASK_BEGIN,012,3.5349635969853455,-2.0597418580683997,6.213110013683004,-0.419429323589003,3.668901861070042,-0.5229667648897384,8.61608212695192,-0.2633679123208901,1
506,2024-09-19 22:36:14.745910784,TASK_BEGIN,012,3.4862760646129174,-2.0641902830386165,6.214270605261382,-0.39140985372190623,3.491818544607977,-0.5137636586077631,8.078107407576452,-0.10675178349119649,1
507,2024-09-19 22:36:14.824422144,TASK_BEGIN,012,3.436009642473229,-2.068000976309023,6.212117461666454,-0.3635380401424167,3.3114563230770075,-0.5038590291054853,7.617013626848753,0.03171346618804846,1
508,2024-09-19 22:36:14.886906880,TASK_BEGIN,012,3.386069364562122,-2.0716617537912794,6.203551520344699,-0.33705959682530096,3.133259450619023,-0.4940411397508558,7.241488059417464,0.14703823407208452,1
509,2024-09-19 22:36:14.960792064,TASK_BEGIN,012,3.3384153065088866,-2.0756523986735997,6.185035107228453,-0.3127926625885538,2.9619800095421605,-0.4848882407111944,6.955162736870305,0.23557006772300962,1
510,2024-09-19 22:36:15.028545024,TASK_BEGIN,012,3.294841863398372,-2.08039122624607,6.152201977819637,-0.2909906056635239,2.8014128966022698,-0.47672440450922243,6.755352238310804,0.2954893142027262,1
511,2024-09-19 22:36:15.947089920,TASK_BEGIN,012,3.256751070772107,-2.086193217233776,6.100022458548861,-0.2713604202859057,2.654348096043675,-0.46964223337817274,6.632841011861121,0.32707731854146715,1
512,2024-09-19 22:36:16.014087936,TASK_BEGIN,012,3.224975884756195,-2.093248481880446,6.023549650184526,-0.25321732677304426,2.522764306793422,-0.46359405387159075,6.5730256581552,0.33260728676813767,1
513,2024-09-19 22:36:16.076769024,TASK_BEGIN,012,3.199673230800923,-2.101614149855448,5.91889173791935,-0.23568667222567982,2.4081629969280387,-0.458512771636053,6.558595274151954,0.31582998407417623,1
514,2024-09-19 22:36:16.150409984,TASK_BEGIN,012,3.1803098529700393,-2.1112153076295934,5.783902921809046,-0.21786769256305727,2.3118672390629014,-0.4544100522734496,6.573221038432008,0.2811987877581327,1
515,2024-09-19 22:36:16.218230016,TASK_BEGIN,012,3.1657675031167245,-2.1218589768796687,5.61837440411331,-0.19894757883230488,2.2351733900893596,-0.45142350699541683,6.6048343539022625,0.2331138683947216,1
516,2024-09-19 22:36:16.274129920,TASK_BEGIN,012,3.154547931472357,-2.1332615555582493,5.42387683288128,-0.17830913091290618,2.179308598389431,-0.4498066583246583,6.647199611013915,0.1754293359217016,1
517,2024-09-19 22:36:16.351535104,TASK_BEGIN,012,3.1450099548153605,-2.1450810770099453,5.203438407945032,-0.15564024417031952,2.1451772476268474,-0.4498700720916578,6.699662052636509,0.11126725484058742,1
518,2024-09-19 22:36:17.292448000,TASK_BEGIN,012,3.135577727998477,-2.156946322955317,4.96119559803383,-0.13100345308232286,2.1329657457312323,-0.451901085913033,6.765853606101231,0.04302454317249123,1
519,2024-09-19 22:36:17.364980992,TASK_BEGIN,012,3.124899925505968,-2.1684822094027774,4.702225971947994,-0.1048360957193952,2.1417619951793307,-0.45609126107985437,6.852060832076319,-0.02753137330353248,1
520,2024-09-19 22:36:17.422034944,TASK_BEGIN,012,3.111967551233775,-2.1793324022682485,4.432619035304634,-0.0778777162840542,2.1693385289140372,-0.4624808343016071,6.965531877539262,-0.09912047480474465,1
521,2024-09-19 22:36:17.494632960,TASK_BEGIN,012,3.0961938280792936,-2.1891773133113097,4.15955224852841,-0.05103791783152878,2.2121635558343367,-0.47091867622651784,7.112932337127677,-0.17080545812501696,1
522,2024-09-19 22:36:17.568289024,TASK_BEGIN,012,3.0774326016544262,-2.1977469280560475,3.8912140290629478,-0.025254392737027585,2.2656083621858216,-0.4810445251877678,7.299316021715911,-0.24189604668590065,1
523,2024-09-19 22:36:17.633897984,TASK_BEGIN,012,3.0559068805489167,-2.2048303548897406,3.636671186839605,-0.0014084564595569402,2.3242801692734907,-0.4923065902461622,7.52790326957042,-0.3119225612004174,1
524,2024-09-19 22:36:17.703774976,TASK_BEGIN,012,3.0320664381621083,-2.210283109794436,3.4057198252466443,0.01967162451230936,2.382427881410618,-0.5040146280950778,7.800540706611219,-0.3806548608030618,1
525,2024-09-19 22:36:18.647514112,TASK_BEGIN,012,3.0064509661485928,-2.2140351065801225,3.208528184790729,0.03714549991760519,2.4343922611913618,-0.5154091824442667,8.118239277023468,-0.44808513182893256,1
526,2024-09-19 22:36:18.713109248,TASK_BEGIN,012,2.9796305696194234,-2.2161053645620994,3.0548602504172737,0.0501069577529287,2.475097050734489,-0.5257317525830455,8.481175500021477,-0.514286710120501,1
527,2024-09-19 22:36:18.783074048,TASK_BEGIN,012,2.9522217919707447,-2.2166218233635226,2.9528731330196543,0.05762513466310574,2.5005831960333023,-0.5343031151058357,8.88805072803451,-0.5791787169973693,1
528,2024-09-19 22:36:18.850816000,TASK_BEGIN,012,2.924919637982583,-2.215832345463865,2.9077698473285922,0.05890321103024452,2.508518549702958,-0.540615358810613,9.335092216262591,-0.6423322057377169,1
529,2024-09-19 22:36:18.915549184,TASK_BEGIN,012,2.8984965478465683,-2.2140912300959026,2.9208070952765386,0.05348668177429613,2.4985195494581385,-0.5444108042353993,9.815011627377721,-0.7029025679444576,1
530,2024-09-19 22:36:18.986018816,TASK_BEGIN,012,2.8737550756288273,-2.2118149202327464,2.989081441842081,0.04141555187617412,2.4721226750689667,-0.5457070185670273,10.316308522363768,-0.7596692232929372,1
531,2024-09-19 22:36:19.041808128,TASK_BEGIN,012,2.8514553760339143,-2.2094169062515845,3.1061177255747072,0.023254360253474035,2.432382424461395,-0.544758770793124,10.823403854593199,-0.8111476808153574,1
532,2024-09-19 22:36:19.988593920,TASK_BEGIN,012,2.8322625517382227,-2.207244901578963,3.262877615424317,1.4473413126834265e-05,2.383247109518846,-0.541986590807124,11.317891337218768,-0.8557815751670654,1
533,2024-09-19 22:36:20.051867904,TASK_BEGIN,012,2.816729047795285,-2.2055366153640072,3.4487297955011487,-0.026963722912731216,2.3289208851111187,-0.5379034247817506,11.780754311108248,-0.8922196115200605,1
534,2024-09-19 22:36:20.130023936,TASK_BEGIN,012,2.8052732197449646,-2.2043936012717475,3.652190634414629,-0.05611961926008916,2.2733422837288524,-0.533044683906226,12.194916448884108,-0.9195944140721845,1
535,2024-09-19 22:36:20.191924992,TASK_BEGIN,012,2.7981272252394715,-2.2037710152044463,3.861615246579761,-0.08579035748861724,2.219808989589189,-0.5278910458227059,12.547272077459844,-0.9376559728813212,1
536,2024-09-19 22:36:20.268687104,TASK_BEGIN,012,2.795289630136097,-2.2034911861570894,4.066114010796261,-0.11438615061264651,2.170731622343177,-0.5227856566508121,12.82968051666781,-0.9467090908822132,1
537,2024-09-19 22:36:20.336424192,TASK_BEGIN,012,2.796540345414732,-2.2032891185731174,4.256579574235104,-0.14059676689953243,2.1275047059724708,-0.5178702528702853,13.03896985496819,-0.9474721105817373,1
538,2024-09-19 22:36:20.404225024,TASK_BEGIN,012,2.8015336264585575,-2.2028821823138522,4.426339313140792,-0.16351941422674157,2.090508395523742,-0.5130704583150978,13.176232535196045,-0.9409926791849416,1
539,2024-09-19 22:36:21.318384640,TASK_BEGIN,012,2.8099191466147526,-2.2020368636147207,4.571200923871816,-0.1826534697858941,2.059254845300115,-0.5081437927331767,13.245773480784504,-0.9286191003745458,1
540,2024-09-19 22:36:21.389747968,TASK_BEGIN,012,2.8214054600305314,-2.200601972957957,4.689168318348102,-0.19783011578529916,2.032654735092272,-0.502778814222555,13.25418063848193,-0.9119384293079482,1
541,2024-09-19 22:36:21.457541120,TASK_BEGIN,012,2.835716658357309,-2.198498535397177,4.780179365184499,-0.2091576621457351,2.0093503332086806,-0.49671694355717816,13.209836538341285,-0.892659194166925,1
542,2024-09-19 22:36:21.525144064,TASK_BEGIN,012,2.852473121598663,-2.195684335475789,4.84593493624256,-0.21698440597180232,1.9880534758586705,-0.4898660149938125,13.122801843445725,-0.8725170626827755,1
543,2024-09-19 22:36:21.592097024,TASK_BEGIN,012,2.8710608875126313,-2.1921192312979207,4.889748687469456,-0.22184236774500263,1.9677964232182197,-0.4823770138804648,13.004757744992864,-0.8532681521099814,1
544,2024-09-19 22:36:21.660784896,TASK_BEGIN,012,2.890524560457698,-2.187745301220812,4.916404938374848,-0.22435777328375137,1.94801179725839,-0.4746628381606681,12.868712251625231,-0.8367233500335474,1
545,2024-09-19 22:36:21.728504832,TASK_BEGIN,012,2.909506488620255,-2.1824854199608947,4.931961552625697,-0.2251470355987189,1.9284805259367976,-0.46736112132704977,12.728240311182754,-0.8246922460735763,1
546,2024-09-19 22:36:22.662275072,TASK_BEGIN,012,2.926280926068636,-2.17626313713393,4.94330470801982,-0.22473300561672344,1.9092852491962755,-0.46126713047770357,12.596165758670086,-0.8187583957583202,1
547,2024-09-19 22:36:22.725712128,TASK_BEGIN,012,2.938916372603592,-2.169044601523043,4.957361986386267,-0.22351097531614103,1.8908417913624893,-0.45726384472486964,12.48310711000848,-0.8199748281288709,1
548,2024-09-19 22:36:22.806020096,TASK_BEGIN,012,2.9455273211787096,-2.160895075710975,4.9801519685462825,-0.22178253402902676,1.8739563894894962,-0.45626015590669644,12.396647360402218,-0.8286304477385439,1
549,2024-09-19 22:36:22.864087808,TASK_BEGIN,012,2.9445431740315477,-2.152036746500228,5.0159705655129105,-0.21985129319235117,1.859791605214313,-0.45912887681735864,12.341318946358408,-0.8441197509168885,1
550,2024-09-19 22:36:22.927053056,TASK_BEGIN,012,2.934952956325272,-2.1428947859152525,5.066928563943943,-0.2181240319675966,1.8496284760670525,-0.46662212723664437,12.318868027665134,-0.8648874589310644,1
551,2024-09-19 22:36:23.010280960,TASK_BEGIN,012,2.9164968478795466,-2.1341204346947102,5.132861491158195,-0.2171354784381759,1.8444191993109817,-0.4792506858112093,12.328263920355816,-0.8884776708970334,1
552,2024-09-19 22:36:23.078013952,TASK_BEGIN,012,2.8897524212452,-2.126582892194379,5.21142467511396,-0.21746384153925905,1.8443034180776896,-0.4971518687443564,12.365435788635299,-0.9117256518298636,1
553,2024-09-19 22:36:24.008439040,TASK_BEGIN,012,2.856072154661298,-2.121325802991973,5.298203551001926,-0.21959122157399735,1.848338006511139,-0.5200015961154404,12.423348719083688,-0.9311100829543009,1
554,2024-09-19 22:36:24.089629952,TASK_BEGIN,012,2.817379694126751,-2.11948370722053,5.386954407012815,-0.22381236801234097,1.8545710003315836,-0.5470112262509592,12.493142778154102,-0.9432739855294161,1
555,2024-09-19 22:36:24.148219904,TASK_BEGIN,012,2.775884347093012,-2.122157343682971,5.470226041394719,-0.2302578967469008,1.8603875005290411,-0.5770011334269947,12.56623569240751,-0.9456422269923279,1
556,2024-09-19 22:36:24.210782976,TASK_BEGIN,012,2.7338054822124502,-2.1302673583381115,5.540387890453857,-0.23900634492740253,1.862944590601251,-0.6085124303383647,12.63649376816277,-0.9369793109706239,1
557,2024-09-19 22:36:24.292904960,TASK_BEGIN,012,2.693181046719706,-2.1444236396718344,5.590817559166222,-0.2502040415435598,1.8595637558099147,-0.6399314612619565,12.701635661334155,-0.9177229129866284,1
558,2024-09-19 22:36:24.360687872,TASK_BEGIN,012,2.65576131863299,-2.1648358172198283,5.6169340984048635,-0.2641271310054163,1.8480629111182885,-0.6696255024700233,12.76347145756801,-0.8899576105032634,1
559,2024-09-19 22:36:24.428429056,TASK_BEGIN,012,2.6229397847826017,-2.1912668243588462,5.616884192959754,-0.2811770932700949,1.827036408713699,-0.6960854313970392,12.827034641511556,-0.8570153057974571,1
560,2024-09-19 22:36:25.371653120,TASK_BEGIN,012,2.5956969518983524,-2.223023896183188,5.591876032709292,-0.3018541651287065,1.796040652340089,-0.7180567215998492,12.899111684546767,-0.8228844272014392,1
561,2024-09-19 22:36:25.439469056,TASK_BEGIN,012,2.5745648192836383,-2.258983785336465,5.546203459624017,-0.32674352944880136,1.7556344568407292,-0.7346377592523046,12.986773619108154,-0.7916429421045126,1
562,2024-09-19 22:36:25.507197952,TASK_BEGIN,012,2.559616052824892,-2.297647441091278,5.486864846909205,-0.3564875324222777,1.7072661100923732,-0.7453296658907104,13.09623093101765,-0.766982371002403,1
563,2024-09-19 22:36:25.569218048,TASK_BEGIN,012,2.5504818708169985,-2.337218056542621,5.422616123428641,-0.3916906657530823,1.653035875547089,-0.7500331586958405,13.231979395700412,-0.7518124748214703,1
564,2024-09-19 22:36:25.632257024,TASK_BEGIN,012,2.5464108077312604,-2.3756974738732133,5.362482903006898,-0.4327452956016341,1.5953865635276077,-0.7490066946411204,13.395918010711428,-0.7479675780873912,1
565,2024-09-19 22:36:25.705747968,TASK_BEGIN,012,2.5463627900303187,-2.4109958114427394,5.314034311558604,-0.4796245697027937,1.536775977121518,-0.7428097872664468,13.586204940678371,-0.7560295340438977,1
566,2024-09-19 22:36:25.778217984,TASK_BEGIN,012,2.54910265604612,-2.44105028807571,5.281882042719305,-0.5317109461665326,1.4793805693665072,-0.7322485154613931,13.796309017952067,-0.7752641182000988,1
567,2024-09-19 22:36:26.697050112,TASK_BEGIN,012,2.5532559722482655,-2.4639509100132586,5.266844577226487,-0.5877093283451716,1.424887678494599,-0.7183279150133031,14.015256068667034,-0.8037132488285459,1
568,2024-09-19 22:36:26.750022912,TASK_BEGIN,012,2.5573378514555913,-2.4780700441973065,5.265940049617427,-0.6456451303391858,1.3743835514284417,-0.7022040768149223,14.22952350612698,-0.8384887893036974,1
569,2024-09-19 22:36:26.832420096,TASK_BEGIN,012,2.5598248472539558,-2.482189871712763,5.273025971470038,-0.7029069088124097,1.3282768157311098,-0.6851265140054449,14.425913310763761,-0.8762046618824391,1
570,2024-09-19 22:36:26.889703168,TASK_BEGIN,012,2.5593235437841226,-2.475612152673365,5.2798940952511835,-0.7563384932360431,1.2862633577887572,-0.6683800045385193,14.594186865356578,-0.9133906500102733,1
571,2024-09-19 22:36:26.968215808,TASK_BEGIN,012,2.554784429597717,-2.4582240685813326,5.27776676676894,-0.8024616987682706,1.247435250407444,-0.6532509890012372,14.728435632290012,-0.9467481805259049,1
572,2024-09-19 22:36:27.035974144,TASK_BEGIN,012,2.5456402615310525,-2.430500104402589,5.258952173896225,-0.8378502964902201,1.2105400460488116,-0.6410205689568917,14.826776718360318,-0.973210432315772,1
573,2024-09-19 22:36:27.090500864,TASK_BEGIN,012,2.531806552422001,-2.3934416989093723,5.218145815320626,-0.8595390574676659,1.1742221073981163,-0.6329467198396498,14.889710511127562,-0.9898817547833358,1
574,2024-09-19 22:36:28.032080896,TASK_BEGIN,012,2.5135836083160363,-2.34847105686639,5.152981279648829,-0.8653443321776939,1.1371078634362872,-0.630201328368617,14.917815163711257,-0.9939577667864787,1
575,2024-09-19 22:36:28.114015232,TASK_BEGIN,012,2.491527807710423,-2.2972955754077082,5.06380899061593,-0.8540676803390416,1.0977882520430005,-0.6337715654405859,14.909477242242009,-0.982688425284262,1
576,2024-09-19 22:36:28.181588992,TASK_BEGIN,012,2.466326996750151,-2.241760038323003,4.953016673239337,-0.8256069553878639,1.054836070317136,-0.6443613750792083,14.859634413204338,-0.9534473523629151,1
577,2024-09-19 22:36:28.249573888,TASK_BEGIN,012,2.4386852653649305,-2.1837106788761678,4.824378224234967,-0.7809978363027144,1.006919207579854,-0.6623163634505984,14.760469090523861,-0.903985518172876,1
578,2024-09-19 22:36:28.317025024,TASK_BEGIN,012,2.409219748507655,-2.1248935533832225,4.682734265067437,-0.7223779879692817,0.9529666746422472,-0.6875769475227664,14.603853503897044,-0.8328707804881844,1
579,2024-09-19 22:36:28.384946944,TASK_BEGIN,012,2.3783894671823087,-2.0668946539961572,4.533816063326218,-0.6528326899645646,0.8923038896686951,-0.7196644115639469,14.384106845527308,-0.7399803302525724,1
580,2024-09-19 22:36:28.452655104,TASK_BEGIN,012,2.346478336514804,-2.0111164361324003,4.383797913367513,-0.5761051925061444,0.8247224655810318,-0.7577125783446398,14.09971660864956,-0.626866351937561,1
581,2024-09-19 22:36:29.396372992,TASK_BEGIN,012,2.3136221905219716,-1.9587838922969532,4.238485509748468,-0.4962119096627744,0.7505208819076724,-0.8005534339899693,13.753644003768969,-0.4968874899112138,1
582,2024-09-19 22:36:29.460212992,TASK_BEGIN,012,2.2798515253873552,-1.910977524892765,4.102499750219051,-0.41702581748022716,0.6705502264177248,-0.8468426795506611,13.35248371907597,-0.35508206131600384,1
583,2024-09-19 22:36:29.522269952,TASK_BEGIN,012,2.2451467060651136,-1.8686925715763323,3.9789330629256714,-0.3419037662296058,0.5862512974007481,-0.8951887838910416,12.905026548786296,-0.2077959240175696,1
584,2024-09-19 22:36:29.599433728,TASK_BEGIN,012,2.2095252672667995,-1.8329204153578644,3.869608836647882,-0.27343238346435045,0.49964239276249567,-0.9442492060760285,12.420994823399317,-0.06212179385220317,1
585,2024-09-19 22:36:29.667401216,TASK_BEGIN,012,2.173184075419352,-1.804747610302397,3.7755910560937846,-0.21330995054807164,0.4132245988103831,-0.9927820031719508,11.91052550149201,0.0747413059164067,1
586,2024-09-19 22:36:29.732395008,TASK_BEGIN,012,2.1367138055085064,-1.7854708166176683,3.6975559306219297,-0.1623359366750206,0.3298141887750939,-1.0396705564995732,11.38418762420931,0.19612705432882435,1
587,2024-09-19 22:36:29.802823936,TASK_BEGIN,012,2.101361874962271,-1.7767129719519432,3.635978793013893,-0.12049366821919848,0.2523433010542379,-1.0839474204122581,10.85282917055956,0.2965089793733569,1
588,2024-09-19 22:36:30.747102976,TASK_BEGIN,012,2.0692614267758787,-1.7804995664344623,3.5912147238132626,-0.08710630494090607,0.18364432728944483,-1.1248224353281442,10.327001231404408,0.3719989883734058,1
589,2024-09-19 22:36:30.814929920,TASK_BEGIN,012,2.0435345920871453,-1.7992433419140028,3.563432544469824,-0.06100672317142202,0.12620988849087575,-1.1616971839150751,9.816326281776693,0.42062146568695724,1
590,2024-09-19 22:36:30.882711040,TASK_BEGIN,012,2.028207740562538,-1.835600453362751,3.55232744529544,-0.04065243244714631,0.08195541657867186,-1.1941515344023612,9.329122046175419,0.4423424703159001,1
591,2024-09-19 22:36:30.948452864,TASK_BEGIN,012,2.0279066722266825,-1.8921863371106578,3.556632348139527,-0.024164043075359628,0.05205390517190054,-1.2219090941927218,8.872165675058202,0.4389372331724729,1
592,2024-09-19 22:36:31.004563968,TASK_BEGIN,012,2.047342354432226,-1.971164808930494,3.5736380874004348,-0.009351292051711936,0.03690743734378103,-1.2448011192574246,8.450417557449647,0.41374263320414534,1
593,2024-09-19 22:36:31.085972224,TASK_BEGIN,012,2.0906570470804504,-2.073756590367328,3.5990977666601447,0.0061722986346902965,0.03627916538349277,-1.2627480750695503,8.066889456641977,0.3712640974397492,1
594,2024-09-19 22:36:31.153748992,TASK_BEGIN,012,2.1607486068725112,-2.199759897968451,3.627693903676166,0.024762240865680275,0.0495496255234085,-1.2757686978115819,7.722996070173364,0.3166555976542539,1
595,2024-09-19 22:36:32.092518144,TASK_BEGIN,012,2.2586987090970014,-2.34720475337711,3.6537404210978752,0.04847886346921995,0.07599554047269459,-1.284007234451582,7.419412950087994,0.2551884388629441,1
596,2024-09-19 22:36:32.154566912,TASK_BEGIN,012,2.383409772190426,-2.5122418181985973,3.67163565771743,0.07886250546281727,0.1149679640007512,-1.28775062571725,7.157101482156901,0.1918001001532691,1
597,2024-09-19 22:36:32.232092928,TASK_BEGIN,012,2.53154488415175,-2.6893178655910828,3.676041134308643,0.11675475843253749,0.16590040809162596,-1.2874053426297225,6.938022806776041,0.13072496996239688,1
598,2024-09-19 22:36:32.300739072,TASK_BEGIN,012,2.697830394293373,-2.871628878324877,3.6621389141599923,0.16214698762795204,0.22815370613194305,-1.2834230307606656,6.765182352085258,0.0751910247685898,1
599,2024-09-19 22:36:32.358541056,TASK_BEGIN,012,2.8756572027126586,-3.0517547877942874,3.6259968182996136,0.21410719064538355,0.30074112485978255,-1.2761913717392295,6.642037614568933,0.027209539232188416,1
600,2024-09-19 22:36:32.436222208,TASK_BEGIN,012,3.057790151075486,-3.2223184122009307,3.5646361999001255,0.2708871805378102,0.38198460855667465,-1.2659218597633581,6.571618892094284,-0.012484362456915508,1
601,2024-09-19 22:36:32.498295808,TASK_BEGIN,012,3.237007617798393,-3.3765423114758195,3.4757648426529295,0.330200364772057,0.46919538797950305,-1.2525735877224875,6.555653327400074,-0.044313482688493444,1
602,2024-09-19 22:36:33.417110016,TASK_BEGIN,012,3.406604812301962,-3.508659244907581,3.3577532385650133,0.38950669458520665,0.5585588492304233,-1.2358582020511049,6.593904002101018,-0.0696367515223339,1
603,2024-09-19 22:36:33.489970944,TASK_BEGIN,012,3.560770435779535,-3.6141871504110044,3.2101669743955594,0.4461779772195325,0.6454028588982711,-1.215349662085724,6.6840048421775045,-0.09055452260466806,1
604,2024-09-19 22:36:33.557334016,TASK_BEGIN,012,3.6948649542241405,-3.690098165195352,3.0344236775260587,0.4975891756692596,0.7248485743289629,-1.1906699774850615,6.821803616586917,-0.10976160233002394,1
605,2024-09-19 22:36:33.625499904,TASK_BEGIN,012,3.805625321452826,-3.734908107889015,2.834001808154971,0.5412635411330111,0.7926169937816291,-1.1616833452329907,7.0017480890772985,-0.13031803708565265,1
606,2024-09-19 22:36:33.682586880,TASK_BEGIN,012,3.8912936205842366,-3.7486926661026927,2.6141120795360813,0.575117980070136,0.8456896848907942,-1.1286320394188414,7.216910123222654,-0.15523307394151797,1
607,2024-09-19 22:36:33.760267008,TASK_BEGIN,012,3.951632977405725,-3.733017256380445,2.381205991606905,0.5977142716568886,0.8826350116980247,-1.092178063081491,7.458697121419853,-0.18691738322325163,1
608,2024-09-19 22:36:33.822267136,TASK_BEGIN,012,3.9878005149926126,-3.690769707856475,2.14269734878956,0.6083753362444058,0.9035694587880161,-1.0533510872139744,7.716455730869083,-0.22665931295142372,1
609,2024-09-19 22:36:34.760749056,TASK_BEGIN,012,4.002092260302222,-3.625906122214193,1.9068916418913973,0.6071156220993574,0.90980596559105,-1.0134232021743412,7.977116991512872,-0.27426924588971,1
610,2024-09-19 22:36:34.840113152,TASK_BEGIN,012,3.9976179581580507,-3.543143898322221,1.682869026762807,0.5944539858721903,0.9033063743014078,-0.9737401696219694,8.225141618559924,-0.3279852736069286,1
611,2024-09-19 22:36:34.907912192,TASK_BEGIN,012,3.9779784047360023,-3.447644804972174,1.4801623072329373,0.5712264352802425,0.8861307849731757,-0.9355486804158261,8.443111980533187,-0.3846826163606668,1
612,2024-09-19 22:36:34.962532096,TASK_BEGIN,012,3.946992080718934,-3.344715888183379,1.3082078430189772,0.5384816140037944,0.8600536831336584,-0.8998577631389637,8.613114541769141,-0.4403405372045502,1
613,2024-09-19 22:36:35.039976960,TASK_BEGIN,012,3.9084710635495465,-3.239531297363176,1.1755465739615778,0.49747108802764717,0.8264000248001329,-0.8673571363910846,8.718641819956241,-0.49060484792887643,1
614,2024-09-19 22:36:35.102010880,TASK_BEGIN,012,3.866021932160181,-3.136869753535768,1.0888332902674729,0.44969544869208733,0.7860701354006011,-0.8383991749989416,8.74651510491016,-0.5312989984342408,1
615,2024-09-19 22:36:35.164566016,TASK_BEGIN,012,3.822851518532107,-3.040872896032224,1.0519844295209275,0.3969411864094176,0.739703116080169,-0.8130362874384551,8.688533898706806,-0.5589014062634526,1
616,2024-09-19 22:36:36.122405888,TASK_BEGIN,012,3.7815699789946473,-2.954842157631965,1.0658331252683209,0.3412497600792004,0.6879187172798347,-0.791091759243028,8.542694731648787,-0.5710334785850103,1
617,2024-09-19 22:36:36.181618944,TASK_BEGIN,012,3.744001211791112,-2.8810962603016614,1.1282432908533933,0.28481214689160694,0.6315566842154114,-0.7722373841247661,8.31364587472876,-0.5668235381175619,1
618,2024-09-19 22:36:36.257751040,TASK_BEGIN,012,3.7110330461502143,-2.8209051274612937,1.2343313740028876,0.2298196539657422,0.5718299724624023,-0.7560575546870897,8.012194618655485,-0.5469657840386731,1
619,2024-09-19 22:36:36.325334016,TASK_BEGIN,012,3.6825585664232863,-2.774502764540199,1.3766653681832717,0.17829250949818926,0.5103469022199607,-0.7420931431533534,7.654289395518625,-0.5135073243450965,1
620,2024-09-19 22:36:36.392918272,TASK_BEGIN,012,3.657551549764472,-2.741173357106452,1.5456873907119222,0.13190336162196953,0.4490222356976191,-0.7298729513792779,7.260191210622458,-0.4695731128604509,1
621,2024-09-19 22:36:36.460513280,TASK_BEGIN,012,3.6342727595040287,-2.719403231599073,1.7305975047607485,0.09182884540232407,0.38992618882704916,-0.7189412975283995,6.8539750570217475,-0.4191381252215989,1
622,2024-09-19 22:36:36.527545856,TASK_BEGIN,012,3.610567422115978,-2.7070884078850006,1.9205423552515861,0.058664929111993516,0.3350941843010078,-0.7088782601709489,6.4626511455258635,-0.3667474239193057,1
623,2024-09-19 22:36:37.447388928,TASK_BEGIN,012,3.584208942518587,-2.701780327802411,2.1057355564649347,0.032416769296009354,0.2863382464009144,-0.699312863886606,6.114389523563132,-0.31710645061469694,1
624,2024-09-19 22:36:37.515201792,TASK_BEGIN,012,3.553231338487128,-2.70094373933742,2.2783181998875817,0.012549370711065242,0.24517223370117608,-0.6899484397155052,5.836394636074844,-0.2746721255778666,1
625,2024-09-19 22:36:37.582819840,TASK_BEGIN,012,3.516204941457948,-2.702202011499021,2.432917960952086,-0.0019054134989859013,0.2129227136297285,-0.6806118088568548,5.653105553358337,-0.2433923593054259,1
626,2024-09-19 22:36:37.645528064,TASK_BEGIN,012,3.472467499648185,-2.7035564843521476,2.5668230293114993,-0.012182199873865644,0.19093658289540522,-0.6713066060517024,5.584463411873158,-0.2265330119859527,1
627,2024-09-19 22:36:37.707191808,TASK_BEGIN,012,3.4223114891242696,-2.703562631156543,2.6797344247208668,-0.01958872985146289,0.180719473439909,-0.6622430231125549,5.643794697645084,-0.2264513228245594,1
628,2024-09-19 22:36:37.786201856,TASK_BEGIN,012,3.3670395966331954,-2.701428165210139,2.7732382559011897,-0.025348939429751374,0.18391385357349585,-0.6538331956317254,5.835714447963076,-0.24432126833505716,1
629,2024-09-19 22:36:37.847718144,TASK_BEGIN,012,3.3088072879526793,-2.697004659962264,2.8502530940243402,-0.030522204354886544,0.2021278627216089,-0.6466512069557981,6.15493471323875,-0.27996029149508805,1
630,2024-09-19 22:36:38.796489984,TASK_BEGIN,012,3.250299696043995,-2.690680547793361,2.9146757911182832,-0.0359988041943076,0.23667810857690322,-0.6413592727325285,6.586484502534665,-0.3319059959100224,1
631,2024-09-19 22:36:38.864290048,TASK_BEGIN,012,3.194368227679544,-2.68321591588857,2.9712872248805993,-0.042546095328526115,0.28832630962143063,-0.6386110380427665,7.107298105446093,-0.3977475530308424,1
632,2024-09-19 22:36:38.932061952,TASK_BEGIN,012,3.1437060445517893,-2.675565217010831,3.0257734152966957,-0.050860017985839376,0.35706737194192223,-0.6389505590884011,7.688701718794531,-0.47452039834997106,1
633,2024-09-19 22:36:38.999811072,TASK_BEGIN,012,3.100570077231499,-2.668717197340454,3.084612052660735,-0.061576805173395484,0.4419858554236595,-0.6427252395074347,8.299015894395344,-0.5589347930507789,1
634,2024-09-19 22:36:39.067617024,TASK_BEGIN,012,3.0665563069183484,-2.663562987102384,3.154640019067003,-0.0752359281657541,0.5411988978085959,-0.6500282630994758,8.905721895027854,-0.6474112840213383,1
635,2024-09-19 22:36:39.127680256,TASK_BEGIN,012,3.042473588699468,-2.660796004710533,3.2422979363782236,-0.09221519772391316,0.6519023503142936,-0.6606737992632007,9.477311775870954,-0.7360801561203488,1
636,2024-09-19 22:36:39.190167040,TASK_BEGIN,012,3.0283472508279745,-2.6608445162214363,3.3527076714771376,-0.11265188977462841,0.7704867936995857,-0.6741921706852084,9.985123503691884,-0.820839124458071,1
637,2024-09-19 22:36:40.145670912,TASK_BEGIN,012,3.023521108188272,-2.6638359282438855,3.4887796263847495,-0.13636091747165924,0.8927005977643105,-0.6898398639874788,10.405035846262427,-0.8974194579850336,1
638,2024-09-19 22:36:40.213420032,TASK_BEGIN,012,3.026799450258269,-2.669592713031342,3.6505147108690985,-0.16277985466935857,1.0139100307457372,-0.7066393073858747,10.718700119159244,-0.9614188509940628,1
639,2024-09-19 22:36:40.281668096,TASK_BEGIN,012,3.036594378390513,-2.6776564268510894,3.8346065875946613,-0.19096582687222965,1.1294680801747201,-0.7234570532586473,10.914312357637625,-1.008370263697185,1
640,2024-09-19 22:36:40.338110208,TASK_BEGIN,012,3.0510733867777873,-2.687329944940364,4.03431588027947,-0.21963036618717782,1.2350866765559048,-0.7391044966873953,10.987214054156581,-1.0339628022932006,1
641,2024-09-19 22:36:40.416218880,TASK_BEGIN,012,3.0683148362804404,-2.697730364142715,4.23953339643398,-0.2471851458174255,1.327112774036582,-0.7524390638058049,10.940381385812248,-1.0344590698769003,1
642,2024-09-19 22:36:40.478714112,TASK_BEGIN,012,3.0864689022996585,-2.7078533808540466,4.437169972168317,-0.27180966728871336,1.4027125997762528,-0.7624588460751734,10.784525384997098,-1.0072563358336941,1
643,2024-09-19 22:36:40.541198848,TASK_BEGIN,012,3.103898203738601,-2.716650738263231,4.612148840748367,-0.29157109387898594,1.4599919924935791,-0.7683940912019313,10.537528233964474,-0.9514809899924488,1
644,2024-09-19 22:36:41.486884096,TASK_BEGIN,012,3.1192668821487968,-2.723112637921685,4.748923247816257,-0.3045889898014865,1.4980308201142076,-0.7697908961576524,10.22293293459344,-0.8684264729367317,1
645,2024-09-19 22:36:41.549427968,TASK_BEGIN,012,3.131569902737233,-2.726338581497219,4.833020633333999,-0.30920879956892755,1.51682460334926,-0.7665674881295389,9.867311054663253,-0.7616288524515336,1
646,2024-09-19 22:36:41.631510016,TASK_BEGIN,012,3.140117555891964,-2.7255838450655214,4.852228003029387,-0.304160545939767,1.5172042902600094,-0.7590217351134246,9.497141508778613,-0.6365741618160847,1
647,2024-09-19 22:36:41.691747840,TASK_BEGIN,012,3.1444928954898264,-2.720280162840843,4.797482557258069,-0.2886950470473431,1.5008154657235715,-0.7477864085137061,9.136474065727933,-0.500238308733351,1
648,2024-09-19 22:36:41.767212032,TASK_BEGIN,012,3.144501209579959,-2.7100376072524868,4.6637163254763285,-0.26269178126290826,1.470150231809202,-0.7337498602881267,8.805974280700529,-0.360598596995497,1
649,2024-09-19 22:36:41.834884864,TASK_BEGIN,012,3.140141265945995,-2.694639066714467,4.450635022035552,-0.22672214055494816,1.4285671874312582,-0.7179672209411132,8.522770697803493,-0.22606383858839926,1
650,2024-09-19 22:36:41.902406912,TASK_BEGIN,012,3.13161978320773,-2.674039810670263,4.163058145096242,-0.1820309747712623,1.3802676218454646,-0.7015811369123529,8.300195037281167,-0.10470628866925843,1
651,2024-09-19 22:36:42.845874944,TASK_BEGIN,012,3.1193960237160017,-2.6483776588194243,3.8104730230596453,-0.13040485521353481,1.3301908838329604,-0.685751360105196,8.147044823172866,-0.0033054685534430195,1
652,2024-09-19 22:36:42.910774784,TASK_BEGIN,012,3.1042107641669134,-2.6179875300876443,3.4058631777799246,-0.07395880293109419,1.2837209436318624,-0.6715695952974655,8.066702201499405,0.07355957808242679,1
653,2024-09-19 22:36:42.967644160,TASK_BEGIN,012,3.087042089082982,-2.5834085239218116,2.9642497935412746,-0.014934814199416127,1.2461444466858365,-0.6599429988640075,8.056681924537282,0.12403091658588139,1
654,2024-09-19 22:36:43.044903936,TASK_BEGIN,012,3.068961744561579,-2.5453752365605706,2.5014450762990537,0.04442114254462951,1.2219953179351983,-0.6514687716260726,8.108895750886226,0.14892710524656555,1
655,2024-09-19 22:36:43.106457088,TASK_BEGIN,012,3.0509464072310486,-2.504792635175293,2.0333299504691085,0.1019080955836135,1.214515210264233,-0.6463467121981169,8.210706543819306,0.1512088030566444,1
656,2024-09-19 22:36:43.185383936,TASK_BEGIN,012,3.0337549758653117,-2.462697646250368,1.5756601414983062,0.15537687996493962,1.2253371228815986,-0.6443594689073815,8.346876036717918,0.13517002646001613,1
657,2024-09-19 22:36:43.253254912,TASK_BEGIN,012,3.0179365135377436,-2.4202078410435397,1.1440342397516838,0.20274103906036228,1.2543645346852714,-0.644918077674545,8.502186136695757,0.10561034520112485,1
658,2024-09-19 22:36:44.171757056,TASK_BEGIN,012,3.0039206985815508,-2.378456619323425,0.7535457229713699,0.2420538996896703,1.2998221577582671,-0.6471541444304382,8.663829188893132,0.06721886196583583,1
659,2024-09-19 22:36:44.239600896,TASK_BEGIN,012,2.9920758450944325,-2.3385183168556525,0.41803400291235804,0.2716674984171978,1.3584729384023475,-0.6500358673161714,8.822646925026682,0.02424793894907589,1
660,2024-09-19 22:36:44.307323904,TASK_BEGIN,012,2.9826631287726015,-2.301328779735548,0.14931108721298988,0.29041083186884525,1.4259427202017025,-0.6524826861212843,8.973177716248445,-0.019646470458445208,1
661,2024-09-19 22:36:44.375068928,TASK_BEGIN,012,2.975727594689043,-2.267610592810535,-0.04327588610452394,0.2977072382358132,1.497078487694765,-0.6534614400968249,9.113017992361629,-0.0615381314080569,1
662,2024-09-19 22:36:44.435681792,TASK_BEGIN,012,2.971031384383203,-2.237821721303816,-0.15294689692313676,0.2935975707621092,1.5663185891576044,-0.6520618874223214,9.241812111495902,-0.09932968949918403,1
663,2024-09-19 22:36:44.510598912,TASK_BEGIN,012,2.9680927224852605,-2.2121463380345654,-0.17545727704716232,0.27868539456308306,1.6280756428180811,-0.6475532537069274,9.360188561323026,-0.13176444929045675,1
664,2024-09-19 22:36:44.574872064,TASK_BEGIN,012,2.9663119258873265,-2.1905268807828238,-0.1090269555949737,0.2540322311686083,1.6771275660761853,-0.6394238853903761,9.469215632166806,-0.15840196575416624,1
665,2024-09-19 22:36:45.516050176,TASK_BEGIN,012,2.9651228617277963,-2.17271601008265,0.045770984421755576,0.22102012993142287,1.7090291552174683,-0.6274118958902776,9.570692977470141,-0.17964641143970256,1
666,2024-09-19 22:36:45.581549824,TASK_BEGIN,012,2.964112598022311,-2.1583266839853774,0.2860335207150091,0.181202614651844,1.720538538843543,-0.6115271540538397,9.66788192775034,-0.1967955331660217,1
667,2024-09-19 22:36:45.656954112,TASK_BEGIN,012,2.9630806246082737,-2.1468729391354433,0.6062146704687618,0.1361837818714338,1.7099783753755529,-0.5920472075375784,9.765762737199644,-0.2119562175069679,1
668,2024-09-19 22:36:45.725183232,TASK_BEGIN,012,2.962031694482033,-2.13780449165662,0.9974861446520302,0.08756376082550477,1.6774366751463927,-0.5694756122875244,9.870067096899495,-0.2277071584740657,1
669,2024-09-19 22:36:45.781296896,TASK_BEGIN,012,2.961101173186216,-2.130535674295456,1.4472593067942967,0.03695258070181685,1.6247918115547078,-0.5444809087242204,9.985256500219254,-0.24655240674977866,1
670,2024-09-19 22:36:45.858305792,TASK_BEGIN,012,2.960436049904621,-2.1244654461522092,1.939408721477664,-0.013981962836724602,1.5555702471954644,-0.5178448012254488,10.112707269352233,-0.27038026873479903,1
671,2024-09-19 22:36:45.928464128,TASK_BEGIN,012,2.960107366133292,-2.118995864978534,2.4552261294987097,-0.06346752236612067,1.4745844669747379,-0.49042396607388455,10.250429004861745,-0.3001708634445794,1
672,2024-09-19 22:36:46.866104064,TASK_BEGIN,012,2.9601329108161516,-2.1135673719851784,2.974648945738984,-0.1095855556702552,1.3873483411502157,-0.46311168878762154,10.394252970368909,-0.33599844352988667,1
673,2024-09-19 22:36:46.939718912,TASK_BEGIN,012,2.96059758263043,-2.1077148818520666,3.4772714835888814,-0.15021646612191514,1.2994237078763269,-0.43679197162848993,10.539123848968055,-0.3771532919759002,1
674,2024-09-19 22:36:47.007437056,TASK_BEGIN,012,2.961764218216334,-2.1011205884397626,3.943007481504115,-0.18299239258872,1.215873280444972,-0.4122832126298406,10.6795510917401,-0.42224693686806586,1
675,2024-09-19 22:36:47.075190272,TASK_BEGIN,012,2.9640745976490663,-2.093632554242635,4.352736675352622,-0.20535915348180525,1.1408753817826915,-0.3902702259727151,10.809572427431954,-0.4693549729734605,1
676,2024-09-19 22:36:47.142924032,TASK_BEGIN,012,2.9680225099900883,-2.0852406675385633,4.689386373677167,-0.2148454119452824,1.0774863222938937,-0.37123816112715097,10.922942632062414,-0.5162667479046594,1
677,2024-09-19 22:36:47.209583872,TASK_BEGIN,012,2.9739528350527777,-2.0760284189784226,4.939433151368956,-0.20949374218288483,1.02754588409021,-0.3554318778908875,11.013666623049644,-0.5607557515620386,1
678,2024-09-19 22:36:47.271642112,TASK_BEGIN,012,2.9818726795922643,-2.0661248745204737,5.094200836828908,-0.18826671715106524,0.9917340964677723,-0.3428542748002681,11.076565549083208,-0.6007303648370492,1
679,2024-09-19 22:36:48.222628096,TASK_BEGIN,012,2.9913516361032,-2.0556675128354485,5.150323253588207,-0.15126581462498717,0.9697710355510496,-0.3333018745849737,11.10774179398256,-0.6342561437975001,1
680,2024-09-19 22:36:48.287801088,TASK_BEGIN,012,3.001535288564203,-2.0447752735791473,5.109352464205532,-0.09975077471086703,0.960711039808111,-0.3264281723392161,11.105137296356855,-0.6595918069518619,1
681,2024-09-19 22:36:48.349837056,TASK_BEGIN,012,3.0112330372676395,-2.0335336075946575,4.976988453289036,-0.03604653548982279,0.9632561218655675,-0.32181986529423534,11.06927204336853,-0.6753737292422951,1
682,2024-09-19 22:36:48.411495936,TASK_BEGIN,012,3.019017543403884,-2.021995591077121,4.762383931203659,0.036592496310739346,0.9760152849707802,-0.31906257231941365,11.003874800756966,-0.6809328153570441,1
683,2024-09-19 22:36:48.493690880,TASK_BEGIN,012,3.0233008540892565,-2.010194796934667,4.47767609669552,0.11415138457636988,0.9976507481113935,-0.31777301280508036,10.91607623081585,-0.6766146861435673,1
684,2024-09-19 22:36:48.560892160,TASK_BEGIN,012,3.0224098709946574,-1.9981614243486636,4.137619612098379,0.1920781688232431,1.0269058626431329,-0.3175965662209481,10.816039412306013,-0.6639753742603135,1
685,2024-09-19 22:36:48.629188096,TASK_BEGIN,012,3.014720214471402,-1.9859427578207813,3.7590893834177743,0.26556823510817945,1.0625931548390126,-0.31819231100817036,10.71606659020596,-0.6457799752885038,1
686,2024-09-19 22:36:49.546801920,TASK_BEGIN,012,2.998878253217649,-1.9736356415100826,3.3602662064778444,0.32989420083166365,1.1036195739558254,-0.31922450886550807,10.6294615094645,-0.6258155301020801,1
687,2024-09-19 22:36:49.614870016,TASK_BEGIN,012,2.9740714924175844,-1.9614284178689605,2.959440351932728,0.380775593798201,1.1490053265289797,-0.32036042368107814,10.569453465623837,-0.6085807021545206,1
688,2024-09-19 22:36:49.671812864,TASK_BEGIN,012,2.9402568798354833,-1.9496332253591853,2.573614194890041,0.4147777975473246,1.1977767805649753,-0.32126615843398465,10.548080649758974,-0.5988750222081786,1
689,2024-09-19 22:36:49.750402816,TASK_BEGIN,012,2.898260628819731,-1.9386875726940993,2.2173315093734924,0.42967622185386556,1.2487176308828944,-0.3216011367579941,10.574794750669449,-0.6012859828419163,1
690,2024-09-19 22:36:49.817881088,TASK_BEGIN,012,2.849727419136395,-1.9291224470205846,1.9020874330846884,0.4246872914992158,1.3001294355581445,-0.3210232773748533,10.654944749955305,-0.6196389528544797,1
691,2024-09-19 22:36:49.885929216,TASK_BEGIN,012,2.7969635391468786,-1.921512459386145,1.6363024603621392,0.400511514908996,1.3497820848011215,-0.31921382959441236,10.788562133564586,-0.6565396904438436,1
692,2024-09-19 22:36:49.953694208,TASK_BEGIN,012,2.7427207532279887,-1.9164223070757156,1.425606078208579,0.3592075560641738,1.3951113930035703,-0.3159178078332447,10.96977732190481,-0.713118664349291,1
693,2024-09-19 22:36:50.882278912,TASK_BEGIN,012,2.689938009729613,-1.9143519588993068,1.2732718517163901,0.3039366948207849,1.4335786761950122,-0.3109902739902668,11.186957454080362,-0.7889768111926956,1
694,2024-09-19 22:36:50.960386048,TASK_BEGIN,012,2.6414556888812157,-1.9156772157976676,1.1807657488830707,0.23859792399135932,1.463039905088291,-0.3044387003188295,11.423416338974116,-0.8822214625623409,1
695,2024-09-19 22:36:51.032068096,TASK_BEGIN,012,2.5997309723337776,-1.920586780361665,1.148327710738046,0.16738582606282545,1.4819950828230783,-0.29644957283361617,11.658518273392286,-0.9895097835227855,1
696,2024-09-19 22:36:51.099878144,TASK_BEGIN,012,2.5665882319726006,-1.9290273156743063,1.1754553126552962,0.09434497569585311,1.4896734734436996,-0.2873895907532814,11.869201676221248,-1.1061672748769984,1
697,2024-09-19 22:36:51.167643136,TASK_BEGIN,012,2.5430376874747864,-1.9406717229900823,1.261087858343141,0.023022553334603,1.4859752979826466,-0.2777782353587428,12.032064944481371,-1.2265206444864234,1
698,2024-09-19 22:36:51.223291904,TASK_BEGIN,012,2.529191506317468,-1.9549155316920142,1.4032619641138495,-0.04369534269696541,1.4712943951947668,-0.26823134982869296,12.125874804475847,-1.344463093558544,1
699,2024-09-19 22:36:51.303184128,TASK_BEGIN,012,2.5242858067492,-1.9708939811877064,1.598295184688827,-0.10356005561422461,1.446265971504019,-0.25938055984433916,12.133911205828538,-1.4540903043743205,1
700,2024-09-19 22:36:52.242521856,TASK_BEGIN,012,2.5267750362992887,-1.987510656191088,1.8399562704720307,-0.15484951773763012,1.41153870184483,-0.2517855300629762,12.04555844697136,-1.5502095858651086,1
701,2024-09-19 22:36:52.313502976,TASK_BEGIN,012,2.53444953548401,-2.0034758738903573,2.1190988714334336,-0.19629104878849002,1.3676618569513515,-0.24586039322584805,11.85706796351802,-1.628650179067303,1
702,2024-09-19 22:36:52.382273024,TASK_BEGIN,012,2.5445767966007034,-2.0173620907898577,2.423888166244247,-0.22705661960489168,1.3151103767166048,-0.241827430054243,11.571784531780205,-1.686431686775815,1
703,2024-09-19 22:36:52.442832896,TASK_BEGIN,012,2.554112243398653,-2.027685284286092,2.740479863523034,-0.24678902085283624,1.2544358639377904,-0.23970577037761273,11.199847138272364,-1.7218476225652426,1
704,2024-09-19 22:36:52.517799936,TASK_BEGIN,012,2.559990660414314,-2.0330124461464703,3.053999138379289,-0.25561163397495734,1.1865033416000945,-0.23933861779446078,10.757036680405717,-1.7344512993916827,1
705,2024-09-19 22:36:52.585304832,TASK_BEGIN,012,2.5594452269660266,-2.0320836138960425,3.3496946258463898,-0.25410645963036954,1.1127171714393362,-0.24044774446440317,10.2628644187745,-1.7249334724126086,1
706,2024-09-19 22:36:52.651927040,TASK_BEGIN,012,2.5502873884238237,-2.0239300954862838,3.614072323523175,-0.24326017300741457,1.0351252178229369,-0.24269090493766912,9.738710450383085,-1.6949434728949853,1
707,2024-09-19 22:36:53.595868160,TASK_BEGIN,012,2.5311083813653035,-2.0079702500574776,3.835823132220241,-0.22437709177858556,0.956346145916945,-0.2457029153974695,9.206706708647612,-1.6469113900524814,1
708,2024-09-19 22:36:53.650928896,TASK_BEGIN,012,2.5013801090176435,-1.984068774078255,4.006498097227706,-0.19896148919836565,0.8793404321421133,-0.24911950323182522,8.68912949776303,-1.583863148769239,1
709,2024-09-19 22:36:53.728587008,TASK_BEGIN,012,2.46143824982251,-1.9525553289328519,4.12094178461779,-0.16857737572073986,0.8070925950006004,-0.25259311565281967,8.207535637130668,-1.509188595663688,1
710,2024-09-19 22:36:53.796966144,TASK_BEGIN,012,2.4123582055255732,-1.9142094478198408,4.177468940667743,-0.13470959480317235,0.7422874544122431,-0.25580489515773414,7.781339936435175,-1.4263632941825228,1
711,2024-09-19 22:36:53.853347072,TASK_BEGIN,012,2.3557682942035467,-1.8702195012489433,4.1778173437912205,-0.09867918470136337,0.6870822755213006,-0.25847675441478685,7.426206891584079,-1.3386552996599854,1
712,2024-09-19 22:36:53.936253184,TASK_BEGIN,012,2.293646330194086,-1.822115645878925,4.126922580466031,-0.061649629133184225,0.64306475132342,-0.2603929648916262,7.15282069167289,-1.2488690739127986,1
713,2024-09-19 22:36:54.001946112,TASK_BEGIN,012,2.2281318537488413,-1.7716748356942467,4.032446458862639,-0.024679596675942675,0.6113869941158766,-0.26143143177096606,6.966368082740196,-1.159201576300395,1
714,2024-09-19 22:36:54.917040896,TASK_BEGIN,012,2.1613748138664093,-1.720801938065625,3.9039228275092572,0.011273565813999065,0.592949017561257,-0.26158691303226944,6.866581720928471,-1.0712006895437727,1
715,2024-09-19 22:36:54.979054848,TASK_BEGIN,012,2.095418105295238,-1.6713964824262109,3.7514813045287783,0.0454596097944363,0.5884838990552405,-0.26096687062767737,6.847880705098436,-0.9857178062202744,1
716,2024-09-19 22:36:55.057995008,TASK_BEGIN,012,2.032099722536382,-1.6252192668664402,3.5843250078600604,0.07753066532184792,0.5984696605856041,-0.25975776913557846,6.899440956438088,-0.9028495445582374,1
717,2024-09-19 22:36:55.125732864,TASK_BEGIN,012,1.9729847973538022,-1.5837761360230795,3.409355694255042,0.107728434938871,0.6228735586887999,-0.2581704476679687,7.005523414610738,-0.8220218645883685,1
718,2024-09-19 22:36:55.193507840,TASK_BEGIN,012,1.919343935273725,-1.5482313182458993,3.2303914444132475,0.1369325752348984,0.6608058551582395,-0.256371977965406,7.14647516394665,-0.7423210460312203,1
719,2024-09-19 22:36:55.257370112,TASK_BEGIN,012,1.8721492362368684,-1.519353026474909,3.048275350475584,0.16649765064155056,0.7102445314098788,-0.2544200086837208,7.300500998963302,-0.6629788053713631,1
720,2024-09-19 22:36:55.319464960,TASK_BEGIN,012,1.8320329848963686,-1.4974880799091614,2.8619115758199714,0.19792310319139955,0.7680008159387411,-0.25222637656043917,7.44598735414939,-0.5838134156466093,1
721,2024-09-19 22:36:56.271517184,TASK_BEGIN,012,1.7991974109172126,-1.4825609584974357,2.669906220425815,0.23247066564412286,0.8299682214204791,-0.24956653833408812,7.564047161912286,-0.5054974045582914,1
722,2024-09-19 22:36:56.326958080,TASK_BEGIN,012,1.7733237211172714,-1.4740955351252678,2.4721777574133568,0.2708255634929043,0.8915443309141904,-0.24612777905630642,7.640832218540911,-0.42962657756634587,1
723,2024-09-19 22:36:56.404177920,TASK_BEGIN,012,1.7535366172226599,-1.4712625707808586,2.2709327423288896,0.3128604722621943,0.9480693228060291,-0.2415716471563926,7.669035427300725,-0.3586075929745968,1
724,2024-09-19 22:36:56.466177024,TASK_BEGIN,012,1.7384412880416016,-1.472955003586174,2.070810864044747,0.357550016414295,0.99520491819075,-0.23558691996703182,7.6481171253054585,-0.2953828085816548,1
725,2024-09-19 22:36:56.528665088,TASK_BEGIN,012,1.726217060069404,-1.4778845889819783,1.8784011484942955,0.40306168076125237,1.0292583066095373,-0.22792404364186503,7.58314554764047,-0.24299955508225682,1
726,2024-09-19 22:36:56.610384896,TASK_BEGIN,012,1.7147621738903314,-1.4846869654474746,1.7014191962143608,0.44699463997976074,1.0474318605707271,-0.2184091343778641,7.482647545598737,-0.2040747744474697,1
727,2024-09-19 22:36:56.678177024,TASK_BEGIN,012,1.7019077436443386,-1.4920244697784468,1.5478225842939033,0.4866784574711081,1.047933001480599,-0.20693278829823455,7.356257937371537,-0.18032039800771485,1
728,2024-09-19 22:36:57.621627904,TASK_BEGIN,012,1.6856936755591236,-1.4986823383893964,1.4251564462194029,0.519427232103514,1.0299330070336234,-0.19341827246397686,7.212925045512448,-0.17234031760263757,1
729,2024-09-19 22:36:57.677630976,TASK_BEGIN,012,1.6646459268739844,-1.5036571718169784,1.3402143147444585,0.5427109653976611,0.9934683612996666,-0.17779722859967462,7.060077159425914,-0.17977991240322136,1
730,2024-09-19 22:36:57.757176064,TASK_BEGIN,012,1.6379941441089407,-1.506235314665753,1.2988298867873393,0.5542882789700162,0.9393980788939853,-0.16002909205759938,6.903732532329288,-0.20169505897784695,1
731,2024-09-19 22:36:57.816823040,TASK_BEGIN,012,1.6058041946269008,-1.5060518427033354,1.305624935134026,0.5523433403373469,0.8694483196130486,-0.14017442846950331,6.749119862899542,-0.2369005096937408,1
732,2024-09-19 22:36:57.879419904,TASK_BEGIN,012,1.5689988611880885,-1.5031105673830643,1.3635725298869334,0.5356438027119562,0.7862805126543435,-0.11848879394675796,6.60116605953621,-0.28414367118334877,1
733,2024-09-19 22:36:57.957617920,TASK_BEGIN,012,1.5292315599532342,-1.4977471813184906,1.4732333921524814,0.5037362683995658,0.6934822975924388,-0.09548016505224853,6.4644922689723145,-0.34211544327592774,1
734,2024-09-19 22:36:58.027175168,TASK_BEGIN,012,1.4886196389232467,-1.490539649433256,1.6318622016231839,0.4571351718537485,0.595402919679045,-0.07189243251525733,6.343056774938826,-0.40937627793003184,1
735,2024-09-19 22:36:58.971955200,TASK_BEGIN,012,1.4494018490066114,-1.4821925612778069,1.832908835292787,0.39739831497466044,0.49679758314302425,-0.04861857089235583,6.239680123540129,-0.4842427732886349,1
736,2024-09-19 22:36:59.039741952,TASK_BEGIN,012,1.4136059494242637,-1.4734231802355375,2.0661515419366743,0.32705075121443666,0.4023214778485464,-0.026578593332809913,6.155566245870216,-0.5646913661173254,1
737,2024-09-19 22:36:59.104896000,TASK_BEGIN,012,1.3827921199205162,-1.4648628589247559,2.3182070515905835,0.2494154150934467,0.31602111744976846,-0.006609308891005953,6.090079400640368,-0.6483710228356491,1
738,2024-09-19 22:36:59.172687872,TASK_BEGIN,012,1.357897711064465,-1.4569790706675487,2.5731692874818335,0.16840471165016901,0.24097459619677822,0.010603855252259436,6.040966036880088,-0.7327164165519151,1
739,2024-09-19 22:36:59.242968064,TASK_BEGIN,012,1.3391804780223113,-1.4500251497242826,2.8134994820950956,0.08827119563206695,0.17910017699248837,0.02455799663489888,6.004699904196707,-0.8150095868959639,1
740,2024-09-19 22:36:59.310758144,TASK_BEGIN,012,1.326248960061196,-1.4440249556426201,3.0214432795809345,0.01327805163275092,0.13107848188449642,0.0349461938759739,5.976675285984479,-0.892321497111809,1
741,2024-09-19 22:36:59.378493184,TASK_BEGIN,012,1.3181628663486147,-1.4387918000121018,3.1809447943401077,-0.05271980533582784,0.09638990376335219,0.04165942972963841,5.951590599291541,-0.9614730156678732,1
742,2024-09-19 22:37:00.282753024,TASK_BEGIN,012,1.3135875240736103,-1.433972569623678,3.27955670853087,-0.10669815568277578,0.0734985144131558,0.044776737317697844,5.924235575746905,-1.0191422672848176,1
743,2024-09-19 22:37:00.360860160,TASK_BEGIN,012,1.3109913098742678,-1.429105930138492,3.309709277644678,-0.14676102545250905,0.06014969693719818,0.0445517235672629,5.890128637536868,-1.0620775734966588,1
744,2024-09-19 22:37:00.432306176,TASK_BEGIN,012,1.308860834679926,-1.4236870568091082,3.269067919859611,-0.1722540022819524,0.053696720233394925,0.0414023170876582,5.845427387171143,-1.087355747847296,1
745,2024-09-19 22:37:00.499802112,TASK_BEGIN,012,1.3058995958165722,-1.4172359346765921,3.1602163108883694,-0.18372070240315616,0.051407978673915854,0.03589402128691388,5.786286500840463,-1.0927051398957257,1
746,2024-09-19 22:37:00.562289152,TASK_BEGIN,012,1.3011921350945395,-1.4093647262399147,2.9900546804168795,-0.1827561271922206,0.05078802110007554,0.02869597453871946,5.708283060382949,-1.0768798605702141,1
747,2024-09-19 22:37:00.635673088,TASK_BEGIN,012,1.2943219667984878,-1.3998328080213462,2.7690959357967366,-0.17179690088220878,0.04997507724697334,0.020499134305531713,5.6063743443035605,-1.0399741230159207,1
748,2024-09-19 22:37:00.692476928,TASK_BEGIN,012,1.2854244271474018,-1.3885775288404858,2.510682722759232,-0.15387047337166765,0.0481876200088049,0.011914006251971452,5.475482753138833,-0.9835590477723756,1
749,2024-09-19 22:37:01.643415040,TASK_BEGIN,012,1.2751595101921014,-1.3757161034053993,2.2301597908061424,-0.13231255604487818,0.046026379120722334,0.00339326901164752,5.3114159580528115,-0.91060124711271,1
750,2024-09-19 22:37:01.705405952,TASK_BEGIN,012,1.2645978283890351,-1.3615200916135266,1.9440662885232771,-0.11045985420629727,0.045396218204248946,-0.004777753409722153,5.111620921303457,-0.8251805172461185,1
751,2024-09-19 22:37:01.781808128,TASK_BEGIN,012,1.2550248227000849,-1.346367444475224,1.6693809924034586,-0.09132428082111085,0.049026593034721115,-0.012424200998484555,4.875465739124098,-0.732032630783965,1
752,2024-09-19 22:37:01.849606912,TASK_BEGIN,012,1.247686236741953,-1.3306795909060356,1.4227145455273333,-0.07725135890198308,0.059831326933232065,-0.019405759671940914,4.604126613925865,-0.6359644120328158,1
753,2024-09-19 22:37:01.917366016,TASK_BEGIN,012,1.2435192783646087,-1.3148542086405086,1.219251237456813,-0.0696052639972459,0.08036053660427481,-0.02556733926578408,4.300349096840904,-0.5412740989546866,1
754,2024-09-19 22:37:01.985171200,TASK_BEGIN,012,1.2429503198294896,-1.2992139535902978,1.0714060320974144,-0.06859184129332943,0.11241066486306932,-0.03072537492538741,3.9683928835583755,-0.4513907720710751,1
755,2024-09-19 22:37:02.052785920,TASK_BEGIN,012,1.2458510332681152,-1.2839953922310612,0.9874194129795161,-0.07330616551036125,0.15674365377053548,-0.03467657013670285,3.6144393731404296,-0.3688747472894272,1
756,2024-09-19 22:37:02.988954112,TASK_BEGIN,012,1.2516729125952046,-1.2693807645615247,0.9702663796074418,-0.08196685983052063,0.2129072169844293,-0.03722019102486513,3.2474582638304135,-0.29570288478599793,1
757,2024-09-19 22:37:03.064168960,TASK_BEGIN,012,1.259679331810988,-1.2555450343616241,1.0172826509293382,-0.09223182024537795,0.2792192285167602,-0.03819142193423941,2.880063209794309,-0.23360964523807795,1
758,2024-09-19 22:37:03.131858176,TASK_BEGIN,012,1.2691594292823116,-1.242686999463991,1.1206725767291799,-0.10152012755130574,0.3529704490697081,-0.03749943755142664,2.5286909609748194,-0.1842893945307709,1
759,2024-09-19 22:37:03.199602944,TASK_BEGIN,012,1.2795394607267387,-1.2310343922031728,1.2686359891037857,-0.10729602043003854,0.430811288210004,-0.035160482735984495,2.2128568538239373,-0.1494018612756094,1
760,2024-09-19 22:37:03.267357184,TASK_BEGIN,012,1.290366227045695,-1.2208308036124857,1.4466966952813005,-0.10729250744980105,0.5092016613806418,-0.031318186340058195,1.953939714932561,-0.13045994184984144,1
761,2024-09-19 22:37:03.335070976,TASK_BEGIN,012,1.301214772977407,-1.2123168129708188,1.6390149385892316,-0.0996914556789535,0.5847917135538394,-0.026242561120873354,1.7739613099204303,-0.1287344349063016,1
762,2024-09-19 22:37:03.402604032,TASK_BEGIN,012,1.3116242932746627,-1.2057154776909491,1.8296407670612056,-0.083283162000176,0.6546538450269168,-0.020297681735637972,1.6939821692684498,-0.14519775165753127,1
763,2024-09-19 22:37:04.346966016,TASK_BEGIN,012,1.3211304750302737,-1.2012261752424365,2.0037092144748385,-0.057592686404495844,0.7163493158733109,-0.013875928807404252,1.7313967168337419,-0.18036233257046871,1
764,2024-09-19 22:37:04.414785792,TASK_BEGIN,012,1.3293743670366047,-1.1990233803699641,2.148561204632096,-0.022935959494184085,0.7678639011183027,-0.00731378806461851,1.8963747173838927,-0.23390726887963517,1
765,2024-09-19 22:37:04.481883136,TASK_BEGIN,012,1.336213222072246,-1.1992519548179554,2.254660776794299,0.01962865714493546,0.8074928649252224,-0.0008195414275454945,2.188826086002793,-0.30423596881587306,1
766,2024-09-19 22:37:04.550298880,TASK_BEGIN,012,1.3417705161685691,-1.20201130316996,2.3161143609575303,0.06845748565618474,0.833773551947783,0.005557518502748317,2.5972689211355635,-0.38827415424709477,1
767,2024-09-19 22:37:04.618167040,TASK_BEGIN,012,1.3464182018351563,-1.2073304446597037,2.330678425358348,0.12155010377831142,0.8455157623404372,0.011907269756310929,3.0999612725261074,-0.48169066619231715,1
768,2024-09-19 22:37:04.685701888,TASK_BEGIN,012,1.3507257076864576,-1.215146451476827,2.2992414896215316,0.17680319340841724,0.8419071025153614,0.018404076274735958,3.6675579689260576,-0.5794383205959165,1
769,2024-09-19 22:37:04.748135936,TASK_BEGIN,012,1.355401622625187,-1.225297730778146,2.224941450240604,0.23225084950157135,0.8226327067552678,0.025244970886096663,4.266138881564826,-0.6763513208204556,1
770,2024-09-19 22:37:05.687091968,TASK_BEGIN,012,1.3612240115297867,-1.2375320546444881,2.1122616100671827,0.2862394617596422,0.7879246413382773,0.03260506227450511,4.8598070587946,-0.767581657352314,1
771,2024-09-19 22:37:05.764867072,TASK_BEGIN,012,1.368941133993996,-1.251518160727433,1.9663188119643764,0.33749375917562424,0.7384765297776151,0.04061940299538909,5.412614283469358,-0.8487860979097558,1
772,2024-09-19 22:37:05.832638976,TASK_BEGIN,012,1.3791421132454482,-1.2668504990419354,1.7923299416023717,0.385086280370068,0.6752655992878243,0.049383709568262074,5.889962313927166,-0.9161109374802144,1
773,2024-09-19 22:37:05.888030976,TASK_BEGIN,012,1.39213982141487,-1.2830492601634418,1.5953239464933695,0.42835975909981333,0.5993896539101866,0.05896281031487042,6.2599918827184995,-0.9661500552006874,1
774,2024-09-19 22:37:05.965238016,TASK_BEGIN,012,1.4079295847995172,-1.2995696231683829,1.3802476155486816,0.46684337854329677,0.5119745711207992,0.06940096771555705,6.495515632464874,-0.9960556788658235,1
775,2024-09-19 22:37:06.027240960,TASK_BEGIN,012,1.4262494126224858,-1.3158313180349452,1.1523507364936196,0.5001965212820814,0.41415875655881407,0.08072570877612815,6.576443033874927,-1.003812077895324,1
776,2024-09-19 22:37:06.089324032,TASK_BEGIN,012,1.44670044853797,-1.3312618676806696,0.9175259344464802,0.5282015096330446,0.30716161933105723,0.09293296659091255,6.492119097688073,-0.9885511554290979,1
777,2024-09-19 22:37:07.018330112,TASK_BEGIN,012,1.4688582939313441,-1.3453340269895626,0.6824454074258184,0.550782661551204,0.19241079123441243,0.1059540789495363,6.243031236082141,-0.9508192219107754,1
778,2024-09-19 22:37:07.080256768,TASK_BEGIN,012,1.4923374257565594,-1.3575851646309738,0.454500012310504,0.5680082544029841,0.07165311560010565,0.11962407170669324,5.841361443387207,-0.8927492544730381,1
779,2024-09-19 22:37:07.157875968,TASK_BEGIN,012,1.5168072420576468,-1.3676233820699577,0.24147402745388583,0.5800665072949595,-0.05298982975099278,0.13366811796928912,5.3098337472710275,-0.8180782537559856,1
780,2024-09-19 22:37:07.225997056,TASK_BEGIN,012,1.5419636278542406,-1.3751331950972772,0.05090629694981825,0.5872317674536376,-0.17898810896432715,0.1477050317424216,4.678815038334019,-0.7319543001539227,1
781,2024-09-19 22:37:07.293446912,TASK_BEGIN,012,1.567470095873192,-1.3798871847580545,-0.11075093188493057,0.5898318337252513,-0.3033853416946578,0.16126352321367723,3.98254289312208,-0.6405318002427183,1
782,2024-09-19 22:37:07.360793856,TASK_BEGIN,012,1.5929048842500133,-1.3817596963094905,-0.2390297385254208,0.5882344426180172,-0.4228617621000755,0.17381849872041455,3.2557867278762758,-0.5504261761210519,1
783,2024-09-19 22:37:07.418407936,TASK_BEGIN,012,1.6177407065329408,-1.3807358764972086,-0.3322582413493688,0.5828723623134788,-0.5339037137449298,0.18485361076861742,2.531566317245452,-0.46812481767425435,1
784,2024-09-19 22:37:08.372457984,TASK_BEGIN,012,1.6413459533248742,-1.3769132863116524,-0.3919897917316238,0.5742872284109685,-0.6329901343652555,0.19393375448594224,1.8393912205116394,-0.39937518078656686,1
785,2024-09-19 22:37:08.435867136,TASK_BEGIN,012,1.6629831803559327,-1.370497407613893,-0.42267668288025867,0.563134934992808,-0.7167072180939016,0.2007542039224976,1.2032306005481328,-0.348513574142924,1
786,2024-09-19 22:37:08.503459840,TASK_BEGIN,012,1.6818048212438637,-1.3617920782475064,-0.4305528489300832,0.5501167895832147,-0.7818450198904557,0.205151569876549,0.6393316067269028,-0.3178117418397684,1
787,2024-09-19 22:37:08.565478912,TASK_BEGIN,012,1.6968635664712683,-1.3511812538053571,-0.4222311087340086,0.5358673670037267,-0.8255990428120743,0.20709616101407063,0.15489022568817543,-0.3070718053753734,1
788,2024-09-19 22:37:08.637538816,TASK_BEGIN,012,1.707142648396422,-1.3390975493948516,-0.40364082361234166,0.5208775378595537,-0.8458831510963087,0.20668933043633503,-0.2516542854989126,-0.3136555053723419,1
789,2024-09-19 22:37:08.699490048,TASK_BEGIN,012,1.7115933456479442,-1.3259805728909577,-0.3795142766250357,0.505510760935049,-0.8416338958810866,0.20416682946451867,-0.5889280002155851,-0.3329340392109725,1
790,2024-09-19 22:37:08.777160960,TASK_BEGIN,012,1.7091644173951654,-1.312234274209795,-0.35321978019174366,0.49009229440437907,-0.8129933828649706,0.1998948197108595,-0.8701822012899086,-0.3590107307392228,1
791,2024-09-19 22:37:09.716919808,TASK_BEGIN,012,1.6988230063563468,-1.2981895446675302,-0.3266537481458671,0.47498134445823775,-0.7613141967923346,0.19434131858413659,-1.1104082178365138,-0.38554907433742835,1
792,2024-09-19 22:37:09.790030080,TASK_BEGIN,012,1.6795895957151628,-1.2840737841752476,-0.30003068803546,0.4605480809673618,-0.6889655812196566,0.18800998736476543,-1.3231948101720972,-0.40655740969436527,1
793,2024-09-19 22:37:09.857805824,TASK_BEGIN,012,1.650609729000051,-1.2699902292658944,-0.2716599820022997,0.4470630134929947,-0.5989911722463757,0.1813478059548515,-1.517774199966799,-0.41702792943503675,1
794,2024-09-19 22:37:09.918728960,TASK_BEGIN,012,1.6112469365878708,-1.255912255024184,-0.23800251741685335,0.43457112009721777,-0.49477739392146475,0.1746668559952606,-1.696884737032768,-0.4133682479508324,1
795,2024-09-19 22:37:09.980591104,TASK_BEGIN,012,1.5611550080802334,-1.2416972928024894,-0.19420236453529105,0.4228170987940584,-0.3799108314669238,0.16811749915403493,-1.856084006394633,-0.39357998192200044,1
796,2024-09-19 22:37:10.058697984,TASK_BEGIN,012,1.500316522097085,-1.227120117428972,-0.13498814657147817,0.4112514240802084,-0.25824027318680515,0.1617132628573039,-1.984713368329344,-0.35722391924192975,1
797,2024-09-19 22:37:10.127924736,TASK_BEGIN,012,1.429079468031082,-1.2119168537069458,-0.05567288423276204,0.39910973346675316,-0.13394435833206053,0.1553738479761081,-2.0679223435956007,-0.3053192320359217,1
798,2024-09-19 22:37:11.047314944,TASK_BEGIN,012,1.3482354951842492,-1.1958295774391134,0.046937782444043445,0.3855367071759114,-0.011385941382088479,0.14895658440506662,-2.0888795557442843,-0.24026404061264675,1
799,2024-09-19 22:37:11.114299136,TASK_BEGIN,012,1.259145533440935,-1.1786501007091346,0.1738061363143533,0.3697324086311292,0.10526481947765691,0.14227663195392987,-2.0307075151393916,-0.16570261043828044,1
800,2024-09-19 22:37:11.182441984,TASK_BEGIN,012,1.1638442310692168,-1.1602638968920538,0.3232861182934915,0.3510855880109717,0.21246966933116246,0.13513082120670522,-1.878100658454505,-0.08624656531123456,1
801,2024-09-19 22:37:11.247739136,TASK_BEGIN,012,1.0650223446950182,-1.1406867334867923,0.4914093527412035,0.3292300381586166,0.3076488085978462,0.12732826582363546,-1.6188746599122328,-0.007068485876237422,1
802,2024-09-19 22:37:11.309284864,TASK_BEGIN,012,0.9658537643391311,-1.1200826840749654,0.672786821271605,0.30401490953075466,0.38932995534901377,0.11871941084692048,-1.2457735721537084,0.06654505256545046,1
803,2024-09-19 22:37:11.386248960,TASK_BEGIN,012,0.869736051991168,-1.098759427453111,0.8616279991651072,0.27547534459804857,0.4571430568562257,0.10921907731381648,-0.7583291649322323,0.12959286056720645,1
804,2024-09-19 22:37:11.454041088,TASK_BEGIN,012,0.7800574989589361,-1.0771502207649357,1.0524311861367988,0.24386605458499008,0.5117073776678103,0.09882593119085949,-0.16404237100415178,0.1776799377436488,1
805,2024-09-19 22:37:12.396815872,TASK_BEGIN,012,0.7000591912827527,-1.0557978219847188,1.2402860832822509,0.20970693823012423,0.5544376517641905,0.08764246647371479,0.5214742233489514,0.20731276478537566,1
806,2024-09-19 22:37:12.464603136,TASK_BEGIN,012,0.6327573749140027,-1.0353403135475772,1.420965605644516,0.1737698189449335,0.5872524735298572,0.07589848914016543,1.2751387120240474,0.21620933481644927,1
807,2024-09-19 22:37:12.532388864,TASK_BEGIN,012,0.5808272279865644,-1.0164784844471029,1.5909361751419124,0.1370259941662405,0.6121673709489727,0.06397565927346473,2.067583737252895,0.20356637392014607,1
808,2024-09-19 22:37:12.600156928,TASK_BEGIN,012,0.5463987098090044,-0.9999102649853433,1.7472634363196953,0.10061539626851977,0.6308399483745425,0.05242378326028946,2.8648902453645513,0.17017901675150246,1
809,2024-09-19 22:37:12.667632128,TASK_BEGIN,012,0.5308140240088106,-0.9862456019195668,1.887398776399312,0.06583740001988563,0.6442158429072468,0.041956720980077244,3.630825595753493,0.11834648539669922,1
810,2024-09-19 22:37:12.734755072,TASK_BEGIN,012,0.534428933425247,-0.9759308252796314,2.008986484671941,0.03411453699803322,0.6523990362692456,0.03341664951748824,4.329324973090616,0.051582757144547325,1
811,2024-09-19 22:37:12.791471872,TASK_BEGIN,012,0.5564995809306207,-0.9692008529178904,2.1098581848017477,0.0069076098968979685,0.6547473740272031,0.027705640826228842,4.926941163531354,-0.025788401659365343,1
812,2024-09-19 22:37:13.743243008,TASK_BEGIN,012,0.5951619904385833,-0.9660588240960959,2.1882070100255033,-0.014392717861957192,0.6500721647265837,0.025703595806647786,5.395209184582594,-0.10909146470764998,1
813,2024-09-19 22:37:13.805729024,TASK_BEGIN,012,0.6475191847979656,-0.9662754339432943,2.2427528797011083,-0.028557036764521843,0.6368153652847051,0.028198403968932986,5.712946993940207,-0.1937795823687878,1
814,2024-09-19 22:37:13.880795904,TASK_BEGIN,012,0.7098569690213481,-0.9694062202925657,2.2727571409136758,-0.034569104328953715,0.61318887336366,0.035833588226764766,5.868229200110479,-0.27588549357892705,1
815,2024-09-19 22:37:13.949282048,TASK_BEGIN,012,0.7779697541600891,-0.9748317179691558,2.278006904027813,-0.03165932919023639,0.5773460939526979,0.04905666589259005,5.859502994973144,-0.35234769916810627,1
816,2024-09-19 22:37:14.006850048,TASK_BEGIN,012,0.8475246329360866,-0.9818196275052798,2.258981982791789,-0.019360896685078947,0.527639003555086,0.06805475130140402,5.695462262045615,-0.42112620176902504,1
817,2024-09-19 22:37:14.084752128,TASK_BEGIN,012,0.9143833271277982,-0.9895939439975853,2.217154590213903,0.002405607904990309,0.4629529436172364,0.092683479817333,5.3937308553266,-0.48110665859310237,1
818,2024-09-19 22:37:14.152492032,TASK_BEGIN,012,0.9748339126070088,-0.9973923137319931,2.155150465819349,0.03325602147501955,0.38305079108506,0.12241391032658278,4.978769634550194,-0.5318841218655693,1
819,2024-09-19 22:37:15.095960064,TASK_BEGIN,012,1.0257287932682766,-1.0045079147512241,2.076637189607256,0.07230801858322085,0.28881973260731525,0.15632804167301517,4.479481750329794,-0.5735409216269342,1
820,2024-09-19 22:37:15.163780096,TASK_BEGIN,012,1.0645631401076907,-1.010326953874436,1.9860446895512927,0.11818589228210521,0.1823432725355209,0.19317686512467055,3.92673393833135,-0.6064824026808856,1
821,2024-09-19 22:37:15.231561984,TASK_BEGIN,012,1.089535269271457,-1.0143690084380848,1.8882561291221014,0.16904165109648767,0.06678895564206502,0.23148973677606227,3.35076463412924,-0.6313289963361776,1
822,2024-09-19 22:37:15.299320064,TASK_BEGIN,012,1.099614651699277,-1.0163245057106645,1.7883097533819416,0.22259027983178273,-0.05386965975881946,0.2697132919585944,2.778640119159855,-0.6488426842411901,1
823,2024-09-19 22:37:15.355202816,TASK_BEGIN,012,1.094621238020853,-1.01607731864535,1.6910929747497423,0.2762002806014523,-0.17525869216083217,0.3063560619084822,2.2323745314832135,-0.6598819835561629,1
824,2024-09-19 22:37:15.434834944,TASK_BEGIN,012,1.0752860959054342,-1.013704825924334,1.6010175890109388,0.3270834455751845,-0.2930402301667005,0.34011160952179037,1.7282349260142307,-0.6653744122997457,1
825,2024-09-19 22:37:15.494084864,TASK_BEGIN,012,1.0432448274077177,-1.0094597105640495,1.5216255416277138,0.37258053641129735,-0.40327181022604697,0.36994085996575593,1.276919022357376,-0.6662427851145011,1
826,2024-09-19 22:37:16.446531072,TASK_BEGIN,012,1.0009459593987808,-1.003745903790613,1.454974629370374,0.41050790008548554,-0.5026556974064815,0.3951130672673871,0.8837980591119539,-0.6632049506567591,1
827,2024-09-19 22:37:16.512774912,TASK_BEGIN,012,0.9514978426822757,-0.9970950394268386,1.400846051524033,0.43950871930674035,-0.588682958718377,0.41521180595381035,0.5489967390639019,-0.6564863052459708,1
828,2024-09-19 22:37:16.574064896,TASK_BEGIN,012,0.8984710608392078,-0.9901333894789295,1.356248972522215,0.45930414984076734,-0.6596613398041834,0.43010902493760567,0.2678991054550687,-0.6456300772170401,1
829,2024-09-19 22:37:16.649420800,TASK_BEGIN,012,0.8456436656102452,-0.9835221467394673,1.315679374089019,0.47073389478049904,-0.7146359954244809,0.43991445590138717,0.032703299606694713,-0.6295666475788917,1
830,2024-09-19 22:37:16.710333952,TASK_BEGIN,012,0.7966819779490837,-0.9778710560507543,1.2721194752370135,0.4755562253729737,-0.753246567149388,0.44491108712207267,-0.16503342700075405,-0.6069541717619802,1
831,2024-09-19 22:37:16.772751872,TASK_BEGIN,012,0.7547827563004479,-0.9736487323457275,1.2184395606510674,0.4760756183908109,-0.7755823904560544,0.4454879785643146,-0.33167565708277186,-0.5766895172293209,1
832,2024-09-19 22:37:16.850151168,TASK_BEGIN,012,0.7223374605987376,-0.9711159010341995,1.1487543948414638,0.47472126767324,-0.7821103563853171,0.4420893453549082,-0.4696560885073951,-0.5384331615277119,1
833,2024-09-19 22:37:17.771152128,TASK_BEGIN,012,0.7007043612083848,-0.9702958076601318,1.0593166585035094,0.4736879525580047,-0.7736855537195073,0.4351925539540304,-0.5770911623235363,-0.4929593983012648,1
834,2024-09-19 22:37:17.833636864,TASK_BEGIN,012,0.6901456350132634,-0.9709848729918208,0.948800882912747,0.47468143592651973,-0.7515530503632206,0.4253042641391031,-0.6488411924572538,-0.4421660522780139,1
835,2024-09-19 22:37:17.895633920,TASK_BEGIN,012,0.6899042689068965,-0.9727949879486921,0.8181287642278177,0.47875386002708803,-0.7172844810899779,0.41295805948363473,-0.678546737284231,-0.3887038348323264,1
836,2024-09-19 22:37:17.975055872,TASK_BEGIN,012,0.6983554541091281,-0.9752085392764229,0.6700502366314761,0.48623054590990467,-0.6727230523801484,0.3987091964674518,-0.6609685027612535,-0.33537335684023656,1
837,2024-09-19 22:37:18.035307008,TASK_BEGIN,012,0.7132083706615158,-0.9776298010370156,0.5086245138033358,0.4967656986616136,-0.6200302512935982,0.3831274428109566,-0.5939731579847425,-0.28453752290479056,1
838,2024-09-19 22:37:18.110579968,TASK_BEGIN,012,0.7317659182135771,-0.9794284480362974,0.3386961610973928,0.5095196244598169,-0.5617949476480698,0.366784356523439,-0.47972242222705286,-0.23771010662285982,1
839,2024-09-19 22:37:18.178329088,TASK_BEGIN,012,0.7512173750697467,-0.9799779051014521,0.165449229802662,0.52335183742581,-0.501039462420211,0.3502305564944348,-0.3250127977891542,-0.1953207346920887,1
840,2024-09-19 22:37:19.122221056,TASK_BEGIN,012,0.7689094779818475,-0.9786919133409797,-0.005864456461195074,0.536911487262142,-0.4410116073284102,0.3339717588801946,-0.1410848505854491,-0.1566096272092912,1
841,2024-09-19 22:37:19.189999104,TASK_BEGIN,012,0.7825646637832336,-0.9750630470992954,-0.1699641361539203,0.5486177365546329,-0.38483532547189364,0.31846152670193806,0.056828920086245016,-0.11968183872614022,1
842,2024-09-19 22:37:19.245690112,TASK_BEGIN,012,0.7904458166443435,-0.968703754448783,-0.32145417605758164,0.5566371480283074,-0.33518376838476055,0.30411284790206583,0.250455589654927,-0.0818017234525277,1
843,2024-09-19 22:37:19.322844928,TASK_BEGIN,012,0.7914670467706821,-0.9593828393698037,-0.4548859516716354,0.5589697024292644,-0.29409266963802205,0.29131549794347344,0.42043297439217864,-0.03993978620156314,1
844,2024-09-19 22:37:19.384851200,TASK_BEGIN,012,0.7852443606914976,-0.9470462063168594,-0.5651598202880685,0.5536691785301996,-0.26297177191675164,0.280455738237932,0.5491664016629171,0.008568633040077076,1
845,2024-09-19 22:37:19.446988032,TASK_BEGIN,012,0.7720805183634956,-0.9318142559142865,-0.6481492074325234,0.5391313783447649,-0.24280966504696658,0.27194115899868865,0.6234733911087198,0.06553451513237064,1
846,2024-09-19 22:37:19.528907008,TASK_BEGIN,012,0.7528728581939447,-0.9139562597161431,-0.70121851909837,0.5143446617038631,-0.23446222751905552,0.26621727560848546,0.6356036009113211,0.13186545728026416,1
847,2024-09-19 22:37:20.471027968,TASK_BEGIN,012,0.7289450833407373,-0.8938502435814478,-0.7234141776793681,0.4790346935100129,-0.2388592044750652,0.263753862079216,0.5822259723246092,0.20797806466402208,1
848,2024-09-19 22:37:20.539001088,TASK_BEGIN,012,0.7018432465232567,-0.8719402582608554,-0.715358728387353,0.4337077325946305,-0.25703925037450953,0.26499738378327653,0.46241253553426215,0.2944008697123924,1
849,2024-09-19 22:37:20.607417088,TASK_BEGIN,012,0.6731485121791075,-0.8486990791610141,-0.6789992892818643,0.37962791263625983,-0.29002291689802595,0.270304905458832,0.27618836520132983,0.3922173381379511,1
850,2024-09-19 22:37:20.672793088,TASK_BEGIN,012,0.644324702920479,-0.8246005626909672,-0.6173193493358199,0.31874870203314615,-0.3385533982176558,0.27987371397141364,0.024537541604693687,0.5031270864508351,1
851,2024-09-19 22:37:20.738688000,TASK_BEGIN,012,0.6165925960211226,-0.8001049111393338,-0.5340345145969945,0.2535993350433573,-0.40274843255336124,0.29367469196860124,-0.28943345201248544,0.629093460317944,1
852,2024-09-19 22:37:20.810761984,TASK_BEGIN,012,0.5908379442477555,-0.7756543843613791,-0.4332489736254953,0.18711351871568926,-0.48176076052355954,0.3114000651025987,-0.6592048959902606,0.7717184648743806,1
853,2024-09-19 22:37:20.878308096,TASK_BEGIN,012,0.5675860069804155,-0.7516713537762837,-0.3191053515406925,0.12239510223500238,-0.5735717015412366,0.332441947241676,-1.074256406212611,0.93154534110513,1
854,2024-09-19 22:37:21.783678976,TASK_BEGIN,012,0.5470714245410405,-0.7285566323008389,-0.1955818995865844,0.06246421298764759,-0.6749963753383463,0.35591594247872327,-1.5203454691287424,1.107429525183914,1
855,2024-09-19 22:37:21.864007936,TASK_BEGIN,012,0.5293914861018841,-0.7066948504317495,-0.06660615996265751,0.010066708028921258,-0.7818884421096757,0.3807278995394865,-1.98049645507889,1.2961142879429488,1
856,2024-09-19 22:37:21.932771072,TASK_BEGIN,012,0.5146814192239632,-0.6864689790068009,0.06352603559997412,-0.032414501941768335,-0.8894691439606205,0.4056622586376878,-2.4366316456377586,1.4922011755451194,1
857,2024-09-19 22:37:21.999525888,TASK_BEGIN,012,0.5032239649800755,-0.6682707602299713,0.1896627710203925,-0.0629992084117495,-0.9927101995172913,0.42946697208887935,-2.871596016563536,1.6885864088962128,1
858,2024-09-19 22:37:22.068327936,TASK_BEGIN,012,0.49543053554133276,-0.6524881048158884,0.30555003148531146,-0.0801696031646236,-1.086750954114897,0.45093012668383453,-3.2708435256830386,1.8771693931392348,1
859,2024-09-19 22:37:22.136144128,TASK_BEGIN,012,0.4917106981170463,-0.6394672559009092,0.4040143122527267,-0.0829431472158479,-1.1673487791940664,0.46896420398127414,-3.62316373878641,2.049561322107394,1
860,2024-09-19 22:37:22.202163200,TASK_BEGIN,012,0.49231785776246656,-0.6294703426663211,0.4775816287860482,-0.07091875951535608,-1.2312784528493492,0.48269939483828345,-3.920657206255663,2.1976990266513137,1
861,2024-09-19 22:37:23.135966976,TASK_BEGIN,012,0.49726214568334426,-0.6226524728341947,0.5194614120609627,-0.044306493255976756,-1.2765341463608466,0.49155670758466297,-4.158563281717245,2.3144012888986114,1
862,2024-09-19 22:37:23.214870016,TASK_BEGIN,012,0.506327297029481,-0.6190656665975108,0.5247811981264509,-0.0039708351386605915,-1.3023020845274471,0.49527780744278327,-4.335112238813893,2.393854499276497,1
863,2024-09-19 22:37:23.282295040,TASK_BEGIN,012,0.5191557669613946,-0.6186763078365402,0.4918574232768426,0.04851330847844048,-1.3088113194428692,0.4939164079379134,-4.451207081002735,2.4319556531920647,1
864,2024-09-19 22:37:23.350397184,TASK_BEGIN,012,0.5353245911067513,-0.6213739007900266,0.42315960602064395,0.11081996129195995,-1.2971522093791252,0.4878014835076312,-4.509836484841573,2.426476349073623,1
865,2024-09-19 22:37:23.414722048,TASK_BEGIN,012,0.5543658301630676,-0.6269603459030967,0.32553696343065547,0.17991202215507845,-1.2690977066846172,0.4774796702120088,-4.515320317466368,2.3770669220550547,1
866,2024-09-19 22:37:23.485827840,TASK_BEGIN,012,0.5757537342503838,-0.6351309057491098,0.20946862360608418,0.2522274594363551,-1.2269723318252268,0.463651907019731,-4.472600563296737,2.28515548051552,1
867,2024-09-19 22:37:23.539458048,TASK_BEGIN,012,0.5988985245152262,-0.6454652905558885,0.0876448686818713,0.32397277862264334,-1.173581684284146,0.44711935623709625,-4.386797852992622,2.1538211881611065,1
868,2024-09-19 22:37:24.494996992,TASK_BEGIN,012,0.6231440937514061,-0.6574332618099523,-0.026527525840807795,0.39141177963888807,-1.1121443778087179,0.4287430738360281,-4.263233705565747,1.9877119011201652,1
869,2024-09-19 22:37:24.557329920,TASK_BEGIN,012,0.6477392852452974,-0.6704067628727103,-0.1202495345145193,0.45111554538173837,-1.0461785104597228,0.4094152026940633,-4.108093890634631,1.7930242397193243,1
870,2024-09-19 22:37:24.632364032,TASK_BEGIN,012,0.6717795737304432,-0.6836752284041163,-0.18255464504659819,0.5002040816284314,-0.979334129850554,0.3900285011940366,-3.9295613190618743,1.5774617815227716,1
871,2024-09-19 22:37:24.699309056,TASK_BEGIN,012,0.6941593081927863,-0.6964693953200995,-0.2053213519730508,0.5365420448734607,-0.9151544358522932,0.3714196124099407,-3.738644372250835,1.3499852247588464,1
872,2024-09-19 22:37:24.766454784,TASK_BEGIN,012,0.7135807522359143,-0.7079959947561837,-0.1837879777994908,0.5588079937662115,-0.8567878618134169,0.3542819814706131,-3.54890555977221,1.1202411819175657,1
873,2024-09-19 22:37:24.835674112,TASK_BEGIN,012,0.7286329270399784,-0.7174766207862074,-0.11656528672872003,0.5664468174973578,-0.8067566228393396,0.3390818831666773,-3.3750625892063844,0.8977927587219614,1
874,2024-09-19 22:37:24.889272832,TASK_BEGIN,012,0.7379189546337838,-0.7241826589731026,-0.005487849824946909,0.5596103680572917,-0.766869330593252,0.32601492899214574,-3.231111152593514,0.6913889710476776,1
875,2024-09-19 22:37:25.843634944,TASK_BEGIN,012,0.7401840669863539,-0.7274627820514924,0.14447889853750617,0.5391531237156608,-0.7382773235597672,0.31501652405216285,-3.1286848455936713,0.5084004268715021,1
876,2024-09-19 22:37:25.904909056,TASK_BEGIN,012,0.7343831362869669,-0.726761231925631,0.3254497237000786,0.5066330019102411,-0.7216310319430829,0.3058201702946784,-3.0760335403423436,0.3544058788556356,1
877,2024-09-19 22:37:25.982054912,TASK_BEGIN,012,0.7196649981677731,-0.7216263492939871,0.5272049091211013,0.46422621643569767,-0.717267745627837,0.2980419666635763,-3.077525508567896,0.23286458119054948,1
878,2024-09-19 22:37:26.049829120,TASK_BEGIN,012,0.6953165855807385,-0.7117117370407855,0.7381308794496698,0.4145336828101779,-0.7253416159053813,0.2912610256391271,-3.1332657094159715,0.14483907435471172,1
879,2024-09-19 22:37:26.106657024,TASK_BEGIN,012,0.6607293451792879,-0.6967729679257182,0.9462461593052713,0.36033987768095566,-0.7458499005581886,0.2850769063580408,-3.2386081118462267,0.08882690666656236,1
880,2024-09-19 22:37:26.183552000,TASK_BEGIN,012,0.6154185994209905,-0.6766626860244571,1.1400382146374022,0.30440203031572466,-0.7785878990080233,0.2791455599756266,-3.383822477476266,0.06085198547574285,1
881,2024-09-19 22:37:26.249177088,TASK_BEGIN,012,0.559088349077351,-0.6513284554387119,1.3090600663704863,0.24929855964975067,-0.8230950699962964,0.27320372485915634,-3.554313143290515,0.05492267879949836,1
882,2024-09-19 22:37:27.185152000,TASK_BEGIN,012,0.491722763532246,-0.6208179725399735,1.4444955693376793,0.19731628581036162,-0.878630158580633,0.2670863676713422,-3.731473592572905,0.06379649004482867,1
883,2024-09-19 22:37:27.262827776,TASK_BEGIN,012,0.41369118707158287,-0.5852937125360815,1.5398708325227004,0.15036346405943743,-0.944165763267402,0.260734356866517,-3.8939931931630487,0.07987293236770483,1
884,2024-09-19 22:37:27.325313024,TASK_BEGIN,012,0.3258439374115709,-0.545055156194524,1.5917630566617462,0.10992385355158148,-1.018357114362091,0.2541876240751814,-4.019402011016609,0.09602253561896375,1
885,2024-09-19 22:37:27.387382016,TASK_BEGIN,012,0.2295651952664964,-0.5005643313455101,1.600212564475445,0.07704694089638174,-1.0994809016063747,0.24756527052830415,-4.085709219005319,0.10619173233769877,1
886,2024-09-19 22:37:27.468336128,TASK_BEGIN,012,0.12675656258948412,-0.45246788036323565,1.568737503306636,0.05234029590400005,-1.1854237694004337,0.24104425794468157,-4.073110837968519,0.10571310355763419,1
887,2024-09-19 22:37:27.536137216,TASK_BEGIN,012,0.019739357803163497,-0.401604445070188,1.5040182224993943,0.03595772999254613,-1.2737853354398894,0.23484662294493652,-3.9657227897218523,0.09136415921580973,1
888,2024-09-19 22:37:27.592300032,TASK_BEGIN,012,-0.08890842601671234,-0.34898792480400576,1.4153076214963083,0.027619933391600775,-1.3620517088487039,0.2292282467763224,-3.753060335295638,0.06126946599893751,1
889,2024-09-19 22:37:28.522358016,TASK_BEGIN,012,-0.19653452786471434,-0.2957678652936256,1.313606699107447,0.026705265174583527,-1.447732237192152,0.224452354831464,-3.4309843440713066,0.014776031646295072,1
890,2024-09-19 22:37:28.590199040,TASK_BEGIN,012,-0.30057316225780695,-0.243175722525172,1.2107524995927772,0.0323994212579508,-1.5283955269415104,0.22074331732117006,-3.002193842870137,-0.04755368516359701,1
891,2024-09-19 22:37:28.658001920,TASK_BEGIN,012,-0.3986696819592605,-0.19246326675614486,1.1186654221963215,0.04383103543655491,-1.6016441138908388,0.21823807862715877,-2.476494984769558,-0.12381836590311325,1
892,2024-09-19 22:37:28.724723200,TASK_BEGIN,012,-0.4887700650100256,-0.14483443389231604,1.0488048886256067,0.06012521759787856,-1.665129261917625,0.2169598314005295,-1.8707357526023658,-0.21071508999853383,1
893,2024-09-19 22:37:28.792013824,TASK_BEGIN,012,-0.5691786614682647,-0.10137438702192884,1.0115884454988904,0.08036696594494701,-1.7166679723013596,0.21682403943848205,-1.20790884014705,-0.30375716384573964,1
894,2024-09-19 22:37:28.860743168,TASK_BEGIN,012,-0.6385799698081768,-0.06298741945105028,1.0155735170360127,0.10350868549136977,-1.7544515946278993,0.21766860957077663,-0.5150992786973937,-0.3977941478455099,1
895,2024-09-19 22:37:28.916404992,TASK_BEGIN,012,-0.6960170162702725,-0.030353386877538142,1.0664420844667424,0.12829319062284467,-1.7773083688374731,0.21929775165543627,0.17943170093826258,-0.48766417928021194,1
896,2024-09-19 22:37:29.870757120,TASK_BEGIN,012,-0.7408442874905846,-0.003899263730412845,1.1660642008852486,0.15326912464886852,-1.7849634455010044,0.22153773104297014,0.8493647479394056,-0.568817420078157,1
897,2024-09-19 22:37:29.940222976,TASK_BEGIN,012,-0.7726991990410744,0.016219970357721738,1.3120897973600332,0.17690415468006873,-1.7782066629252071,0.2242994928985215,1.4729191908105725,-0.6378421211606439,1
898,2024-09-19 22:37:29.994893056,TASK_BEGIN,012,-0.79150792746488,0.03012313447335884,1.4983298035171015,0.1977445488037464,-1.7588984937584458,0.2276256814079238,2.034193258705643,-0.6928264641326541,1
899,2024-09-19 22:37:30.073084160,TASK_BEGIN,012,-0.797489468483527,0.03817461406468196,1.7157319708606558,0.21458087485294122,-1.7298080640062343,0.23169594384946834,2.5228370691658086,-0.733461733236358,1
900,2024-09-19 22:37:30.143513856,TASK_BEGIN,012,-0.7911260084737703,0.040929231721404495,1.9535146863144237,0.2266008093549758,-1.6943144509549832,0.2367850591843987,2.932361689367655,-0.7608474414255518,1
901,2024-09-19 22:37:30.197260032,TASK_BEGIN,012,-0.7731127426134489,0.039067342266572054,2.200090716455039,0.2335141722330985,-1.656023464444469,0.2431884469753025,3.257933288932336,-0.777056799283998,1
902,2024-09-19 22:37:30.274779904,TASK_BEGIN,012,-0.7443180470602676,0.03333286452636079,2.4436945754317567,0.23561425115731024,-1.618361999939573,0.2511345175562407,3.494542028733756,-0.7845855730593967,1
903,2024-09-19 22:37:31.221551104,TASK_BEGIN,012,-0.7057754042674371,0.02447716689370351,2.672940481148844,0.2337260828687546,-1.5842060656494898,0.2607056761249665,3.6360566050746095,-0.7858252454570404,1
904,2024-09-19 22:37:31.278997760,TASK_BEGIN,012,-0.6587109336631133,0.013209534601602884,2.8775340214252223,0.22904420157031605,-1.5556115588738093,0.2717949020379301,3.675198266412153,-0.7826757566754969,1
905,2024-09-19 22:37:31.356653824,TASK_BEGIN,012,-0.6045800780919455,0.0001569407537634162,3.0490976166607746,0.22291554521443308,-1.5337173339478756,0.28411761019037113,3.6042082186575657,-0.7763375608602155,1
906,2024-09-19 22:37:31.418194944,TASK_BEGIN,012,-0.5450760168267992,-0.014160974063494638,3.181931057647464,0.21660141770058483,-1.5188265968995884,0.2972699400006618,3.415956324919454,-0.76722838906908,1
907,2024-09-19 22:37:31.479779072,TASK_BEGIN,012,-0.4821072943827075,-0.029334145532285742,3.2734850778904057,0.21104001104446043,-1.510583294730238,0.3107903330999489,3.10537135155225,-0.7549468013815208,1
908,2024-09-19 22:37:31.560257792,TASK_BEGIN,012,-0.4177692855105287,-0.04504203462682489,3.324303789820354,0.20667987731733306,-1.5081252297140795,0.32417610873462754,2.671218999708695,-0.7382850577915384,1
909,2024-09-19 22:37:31.627926016,TASK_BEGIN,012,-0.35430894250113254,-0.06102618847663545,3.3374764924665157,0.2034493470605843,-1.5101758211980365,0.33685154621359154,2.1182131908594752,-0.7153955351884461,1
910,2024-09-19 22:37:32.568561152,TASK_BEGIN,012,-0.29405006753601126,-0.07707423130807176,3.318016542364678,0.2008411634244897,-1.5151801536029588,0.34814175186970064,1.4592188962556842,-0.6842165914075773,1
911,2024-09-19 22:37:32.639424000,TASK_BEGIN,012,-0.2392592732139105,-0.09302129529882233,3.2724594851557525,0.19805390982087845,-1.5216201196761274,0.3573104715737796,0.7169079622697293,-0.6431014752391757,1
912,2024-09-19 22:37:32.695718144,TASK_BEGIN,012,-0.19196496284321046,-0.10876106407008507,3.2085869608275757,0.1941517651129088,-1.528479398954916,0.36366145048019827,-0.07603809325451275,-0.5914161804796014,1
913,2024-09-19 22:37:32.774156032,TASK_BEGIN,012,-0.1537497601613193,-0.12425986121434966,3.135130246540249,0.18819962366744575,-1.5356532439270751,0.3666502138890804,-0.8786935094473487,-0.5298880014545821,1
914,2024-09-19 22:37:32.836189952,TASK_BEGIN,012,-0.1255426872572322,-0.1395747334750131,3.061423770031154,0.17933794782320403,-1.5441097246090922,0.36595868649995406,-1.645412290311442,-0.46061240977388496,1
915,2024-09-19 22:37:32.898220032,TASK_BEGIN,012,-0.10746527722977182,-0.15487191200253395,2.9968878951680953,0.1668231007823424,-1.555736337655236,0.3615195054602614,-2.3304815194451005,-0.38670545300527676,1
916,2024-09-19 22:37:32.975360000,TASK_BEGIN,012,-0.09879626471715171,-0.17042944216425948,2.950151696528489,0.15009494469883508,-1.572902558741651,0.3534966293732023,-2.8930196631224296,-0.3116848844131234,1
917,2024-09-19 22:37:33.885605888,TASK_BEGIN,012,-0.09807667938211644,-0.18660788540155301,2.927962266744442,0.12888345069060256,-1.597853844717064,0.34223760488131993,-3.3011374192286143,-0.23878944709541727,1
918,2024-09-19 22:37:33.963610112,TASK_BEGIN,012,-0.1033113452553324,-0.20379122738518973,2.934410078430425,0.10330188999037906,-1.6321223892652028,0.32821629819015613,-3.5348028282971375,-0.1704648704362403,1
919,2024-09-19 22:37:34.032260864,TASK_BEGIN,012,-0.11219582886389258,-0.22231729925747118,2.9707746761948792,0.07388621979158347,-1.6760981366263725,0.3119741613095188,-3.58737492273272,-0.10813994959763355,1
920,2024-09-19 22:37:34.087295232,TASK_BEGIN,012,-0.12232835997674976,-0.24241723234960125,3.035733086401118,0.04159046711643318,-1.72880144337555,0.2940629517368293,-3.4657670177672166,-0.05228829022552364,1
921,2024-09-19 22:37:34.164921088,TASK_BEGIN,012,-0.13141252003787954,-0.264172656272531,3.125526002476695,0.007755273539632364,-1.7878734015588695,0.27500824110533156,-3.1890948851407663,-0.002666869685141557,1
922,2024-09-19 22:37:34.235586048,TASK_BEGIN,012,-0.1374668667065445,-0.287491914952685,3.2339807359122386,-0.025959323435433324,-1.8497981029367467,0.25531235570821764,-2.785996882909593,0.041418454193495394,1
923,2024-09-19 22:37:34.288993792,TASK_BEGIN,012,-0.1390191624100493,-0.3121083434892761,3.3526083482816875,-0.057703031166188856,-1.9103056427844898,0.23547967124919375,-2.2911997149789323,0.0809063829276065,1
924,2024-09-19 22:37:35.246747136,TASK_BEGIN,012,-0.1352317801666094,-0.3376034075436043,3.4710342849025695,-0.08563766976175641,-1.9648543392565203,0.21602654827410406,-1.7419449337273174,0.11682046078460358,1
925,2024-09-19 22:37:35.299724032,TASK_BEGIN,012,-0.1259341576760028,-0.36344527487837186,3.5777780736080302,-0.10816679876433453,-2.0091034156044576,0.19745758790037482,-1.1747233415880802,0.15011065389300673,1
926,2024-09-19 22:37:35.377387008,TASK_BEGIN,012,-0.11157452858815689,-0.3890267238541534,3.661188797603825,-0.12410362805812744,-2.039324847500455,0.18021930570542077,-0.6224310875654525,0.1814646821754187,1
927,2024-09-19 22:37:35.439412992,TASK_BEGIN,012,-0.09309298763394251,-0.41370119090959817,3.710416584592814,-0.13273462149181486,-2.052742006187361,0.16465806002736133,-0.1117600856925321,0.21105865472621632,1
928,2024-09-19 22:37:35.517033984,TASK_BEGIN,012,-0.07171462275293614,-0.43682952851300105,3.7163853540222145,-0.13381066298766475,-2.047784377469022,0.15100573826462793,0.33908327616344347,0.23825035325028207,1
929,2024-09-19 22:37:35.585644032,TASK_BEGIN,012,-0.04870061715691858,-0.45783919375368154,3.6725528581502696,-0.12748860686514682,-2.0242164737929196,0.13939921239718878,0.7216463034105128,0.2613426672701706,1
930,2024-09-19 22:37:35.647670784,TASK_BEGIN,012,-0.02512391837672351,-0.4762805142518023,3.575142861669224,-0.11420663095927633,-1.9830942439083716,0.12992217670806655,1.0368166150134461,0.2776267068333261,1
931,2024-09-19 22:37:36.596812032,TASK_BEGIN,012,-0.0017192928099269565,-0.4918662612913351,3.422882216818014,-0.09451321618017611,-1.9265315617973788,0.12264729595517186,1.2926638352977902,0.2838010508722285,1
932,2024-09-19 22:37:36.662063872,TASK_BEGIN,012,0.021173543553508353,-0.5044911939073387,3.216718478092173,-0.06893928598097461,-1.857320498156964,0.11765250729747796,1.5010354999693074,0.27664586140621994,1
933,2024-09-19 22:37:36.724122112,TASK_BEGIN,012,0.04357030940724836,-0.5142291833907191,2.959965235145743,-0.03800521727976158,-1.7785324914292249,0.11499892574036494,1.6737313920000207,0.2537165024536195,1
934,2024-09-19 22:37:36.786608896,TASK_BEGIN,012,0.06571335110735399,-0.5213026967676646,2.6588598352145647,-0.0023654175147863163,-1.6932462027290627,0.11469043625635861,1.8191902830887658,0.21388094382546732,1
935,2024-09-19 22:37:36.867885056,TASK_BEGIN,012,0.0878867035715017,-0.5260263917000705,2.323105792113885,0.03701846093863103,-1.6044612690473885,0.11664978404580582,1.9404846500710438,0.1576326286921558,1
936,2024-09-19 22:37:36.926243840,TASK_BEGIN,012,0.11023653247722823,-0.528741091947942,1.9659273708793379,0.07881136556325372,-1.5151551645193102,0.12072089245428301,2.0349450300865954,0.08715371576765933,1
937,2024-09-19 22:37:37.003418880,TASK_BEGIN,012,0.13265822231496066,-0.5297618659223902,1.6034405963477438,0.1213936299333012,-1.4283961228853101,0.12668150075899254,2.095094836613307,0.006133711718336814,1
938,2024-09-19 22:37:37.946891008,TASK_BEGIN,012,0.15478311813549941,-0.5293566401323611,1.2534731782183675,0.16303930020435586,-1.347421932513119,0.13425460421156962,2.110377642464689,-0.08060882475394263,1
939,2024-09-19 22:37:38.000835072,TASK_BEGIN,012,0.17606100705693806,-0.5277562626478322,0.934066599789109,0.20209366954153699,-1.2756187871197469,0.14312037336863528,2.069395083630005,-0.16764617400742987,1
940,2024-09-19 22:37:38.078475008,TASK_BEGIN,012,0.19589021996664083,-0.5251812369846013,0.6618264455359021,0.23712167341690096,-1.2163891700236542,0.15293313499131717,1.9623499561594258,-0.24953482892817316,1
941,2024-09-19 22:37:38.140485120,TASK_BEGIN,012,0.213728588699123,-0.5218635356375378,0.4503580301662221,0.2670275149867737,-1.1729392935887126,0.163342588847295,1.7831984982666678,-0.32136242953102584,1
942,2024-09-19 22:37:38.217686016,TASK_BEGIN,012,0.22915895770996644,-0.5180524986064908,0.3091602911545086,0.2911036598193073,-1.148010163637207,0.1740098596078809,1.5311555793734293,-0.37911992985906434,1
943,2024-09-19 22:37:38.285794048,TASK_BEGIN,012,0.24192254613308434,-0.5140097491004986,0.24322808944966062,0.30895672709059385,-1.1435585091202372,0.1846061013194895,1.2114330716487018,-0.41986623286390506,1
944,2024-09-19 22:37:38.353596928,TASK_BEGIN,012,0.2519215494170863,-0.5099996829616127,0.25327702169104654,0.32033021733075223,-1.1604116667331568,0.19479078844746356,0.8351694938435138,-0.44177853011790386,1
945,2024-09-19 22:37:39.296988928,TASK_BEGIN,012,0.2591823724080115,-0.5062735809078076,0.3362697769570723,0.3249203438921931,-1.1979735191373093,0.20418744573972497,0.41861911212622577,-0.4442049786823016,1
946,2024-09-19 22:37:39.364754944,TASK_BEGIN,012,0.26379637541948503,-0.5030451301368959,0.4859991992331218,0.3222742939998524,-1.2540866765376375,0.21238827957512663,-0.018185226263769953,-0.4277328655907823,1
947,2024-09-19 22:37:39.428978944,TASK_BEGIN,012,0.26587248233829724,-0.5004664020204224,0.6937111680087924,0.31179719937834344,-1.325101890003383,0.21899793435004186,-0.45308649301951076,-0.3941732621970696,1
948,2024-09-19 22:37:39.491494912,TASK_BEGIN,012,0.2655183472974161,-0.4986183017293145,0.9487504148137101,0.2928623721778132,-1.4061272876973627,0.22368849707951616,-0.8636896621954456,-0.34636041563846365,1
949,2024-09-19 22:37:39.553982976,TASK_BEGIN,012,0.2628353348983863,-0.4975162548243103,1.2390696557694436,0.2650061842321855,-1.4914186989373217,0.22623543171164548,-1.2294836916008962,-0.2877682942583687,1
950,2024-09-19 22:37:39.627473152,TASK_BEGIN,012,0.2579010892717638,-0.4971174805401547,1.5515308564966133,0.22814002406651898,-1.5748813989478707,0.2265330109523857,-1.5341660217533806,-0.22204427248308814,1
951,2024-09-19 22:37:39.689560064,TASK_BEGIN,012,0.2507335607595654,-0.4973212519849454,1.8721551572522912,0.18269363796217103,-1.6506205890418293,0.22460191874561572,-1.7678778225592098,-0.15258550872404422,1
952,2024-09-19 22:37:40.622120192,TASK_BEGIN,012,0.2412534005620586,-0.4979686740132498,2.1865465568520883,0.12967103790049003,-1.713465893496592,0.22059309607682295,-1.928713833177653,-0.08226678094391676,1
953,2024-09-19 22:37:40.689155072,TASK_BEGIN,012,0.22926162575275583,-0.4988524920487167,2.4806007293296948,0.07065300814830523,-1.7594212574769932,0.21478174931259172,-2.022906771226986,-0.013361073343953533,1
954,2024-09-19 22:37:40.757614080,TASK_BEGIN,012,0.21444115942906955,-0.49973975251726993,2.741408287892355,0.007763258923156331,-1.7859882347884353,0.2075469337561931,-2.063614219205114,0.05240526776605895,1
955,2024-09-19 22:37:40.825342720,TASK_BEGIN,012,0.19639058818751184,-0.5004029758156041,2.958058868636421,-0.05638969428572631,-1.7923123287272005,0.1993429850739547,-2.0687942356348183,0.113759607474977,1
956,2024-09-19 22:37:40.889550080,TASK_BEGIN,012,0.17469740688252763,-0.5006537925328994,3.122021305884474,-0.1187649498321313,-1.779165515819577,0.1906743269840217,-2.0588257351965193,0.1698247129619575,1
957,2024-09-19 22:37:40.951990016,TASK_BEGIN,012,0.14905024185319848,-0.5003758809277382,3.2270531122363577,-0.17594417737759266,-1.7488119982444095,0.1820758912915198,-2.0542362778702685,0.22012348074258176,1
958,2024-09-19 22:37:41.014947072,TASK_BEGIN,012,0.11937968558903808,-0.4995565333689263,3.2689756071761638,-0.2242650953722295,-1.7047451890214922,0.1740881929161566,-2.073523653955116,0.2646108687933298,1
959,2024-09-19 22:37:41.965499136,TASK_BEGIN,012,0.08599467891625981,-0.4983094230263791,3.245698184207881,-0.26010213908598023,-1.6512527295190533,0.16721709539666263,-2.131189513249019,0.3036840161452912,1
960,2024-09-19 22:37:42.028858880,TASK_BEGIN,012,0.04964806027865338,-0.49687108344309255,3.157508026397332,-0.2802658010981155,-1.5928465712947495,0.16188215424409386,-2.2365905866060656,0.33820332911219914,1
961,2024-09-19 22:37:42.106738944,TASK_BEGIN,012,0.011477599100348812,-0.49556123564581867,3.007349175048786,-0.2824036640632139,-1.5336951203035,0.158366475277483,-2.394153798497464,0.36957809622666404,1
962,2024-09-19 22:37:42.170316800,TASK_BEGIN,012,-0.027152365312171006,-0.49472025773716916,2.800898734701233,-0.2652914947403841,-1.4772146104548904,0.15678387213900327,-2.604730767165589,0.39985116314604036,1
963,2024-09-19 22:37:42.233363968,TASK_BEGIN,012,-0.06482010083860029,-0.49464809541270005,2.5463544285236153,-0.22895807357928297,-1.4259010758653086,0.15708001504278382,-2.8672885644458743,0.4316486980142935,1
964,2024-09-19 22:37:42.295974144,TASK_BEGIN,012,-0.10015120450070984,-0.4955606035351493,2.25380870249794,-0.1746253758163859,-1.381356401610818,0.1590704711582563,-3.1801689930358714,0.4679461608564329,1
965,2024-09-19 22:37:42.375568128,TASK_BEGIN,012,-0.13184916916413061,-0.49756798103066996,1.9342451573300932,-0.10449490401333614,-1.3443813706571766,0.16249247358420849,-3.541419819017168,0.5117082158913544,1
966,2024-09-19 22:37:43.322181888,TASK_BEGIN,012,-0.15870837338877058,-0.5006723407603834,1.5985176040712257,-0.021469535742149194,-1.3150499009340404,0.16704332701182623,-3.948183986705426,0.5655066979718087,1
967,2024-09-19 22:37:43.379360768,TASK_BEGIN,012,-0.1796727169110261,-0.5047773061485362,1.256715996659899,0.07110333039257072,-1.2927846224367798,0.17240688193798,-4.395794010243455,0.631221882739937,1
968,2024-09-19 22:37:43.457016064,TASK_BEGIN,012,-0.1939378586349806,-0.509704088436992,0.9180104771077777,0.16964222858381256,-1.276495059745478,0.17828931223081373,-4.87734646782914,0.7098739251077636,1
969,2024-09-19 22:37:43.519022080,TASK_BEGIN,012,-0.20104692441626223,-0.5152115852102416,0.5907236387284552,0.27051851162698587,-1.26480400194846,0.1844733732548209,-5.383910242353566,0.8015448385157528,1
970,2024-09-19 22:37:43.593239040,TASK_BEGIN,012,-0.20095281836797652,-0.5210189202440332,0.28232613415483604,0.37024930620828467,-1.2563638596727251,0.19088311251049478,-5.904932471107801,0.905324942465958,1
971,2024-09-19 22:37:43.661019904,TASK_BEGIN,012,-0.19404929928828965,-0.5268305707878976,-0.0007147678894770153,0.465700111594523,-1.250238312520496,0.1976443330137071,-6.428454895066758,1.0192544287747032,1
972,2024-09-19 22:37:43.717330176,TASK_BEGIN,012,-0.18116939576681515,-0.5323635116982331,-0.25308306269510444,0.5542558361580727,-1.2462474518670992,0.20512036602213385,-6.941246175109295,1.1402800086752019,1
973,2024-09-19 22:37:44.639676928,TASK_BEGIN,012,-0.16355199948779778,-0.5373686752145924,-0.47059815052368104,0.6338903231278525,-1.2451300180420495,0.21389963924244348,-7.429210136674084,1.2642883694407008,1
974,2024-09-19 22:37:44.701737984,TASK_BEGIN,012,-0.14278805415056084,-0.5416367347634821,-0.6499925698554224,0.7030971630592155,-1.2484417885169423,0.22472091346617667,-7.878115524955109,1.3862780392569565,1
975,2024-09-19 22:37:44.779522048,TASK_BEGIN,012,-0.1207436563085113,-0.5449895483507097,-0.7885853076154685,0.7607301676847591,-1.2582436632551586,0.23834540274136018,-8.274332912025526,1.5006777559885833,1
976,2024-09-19 22:37:44.842395904,TASK_BEGIN,012,-0.09942753775001116,-0.5472704723056815,-0.8841025942885796,0.805874902403486,-1.2767251474401826,0.25540970318711126,-8.605325503814617,1.6017660127861162,1
977,2024-09-19 22:37:44.904788992,TASK_BEGIN,012,-0.080779445324695,-0.5483423631570776,-0.9349448630937806,0.837865588513418,-1.3058562282078,0.27629649926661687,-8.859861205090452,1.6841237643806766,1
978,2024-09-19 22:37:44.983172864,TASK_BEGIN,012,-0.06642505559280025,-0.5480870409919351,-0.940958059969712,0.8564474924333831,-1.3470439322156786,0.3010409967308074,-9.02806928021992,1.7430439746378517,1
979,2024-09-19 22:37:45.046052096,TASK_BEGIN,012,-0.057497341730180514,-0.5463967152252216,-0.9043320764115587,0.8619566341564805,-1.400781583124262,0.32927993040196013,-9.101693618639045,1.774844547811311,1
980,2024-09-19 22:37:45.992269056,TASK_BEGIN,012,-0.05459015883365443,-0.5431608269756093,-0.8300364274404746,0.8553838706627436,-1.4663843284454599,0.3602556700148194,-9.074911891075004,1.7770971870625232,1
981,2024-09-19 22:37:46.056663040,TASK_BEGIN,012,-0.057823429443274156,-0.5382612922160822,-0.7254140217660683,0.8382869283946922,-1.5419106489971706,0.39288366709569683,-8.945462996259167,1.7487846978639414,1
982,2024-09-19 22:37:46.117902080,TASK_BEGIN,012,-0.06694487854842306,-0.5315852747737446,-0.5990055096987689,0.8125969859934945,-1.6242765468711016,0.42587137430869054,-8.71530106441168,1.690300725330386,1
983,2024-09-19 22:37:46.200673024,TASK_BEGIN,012,-0.08141347404994366,-0.523053553903755,-0.45912745518484777,0.7804049093445364,-1.709524590298501,0.4578665207847526,-8.390617096608658,1.60324595600684,1
984,2024-09-19 22:37:46.268429056,TASK_BEGIN,012,-0.10046972354561819,-0.5126511703422298,-0.31287844961332356,0.743816438767199,-1.793217751485669,0.4876120188699526,-7.981979621159008,1.4902067140828863,1
985,2024-09-19 22:37:46.335689984,TASK_BEGIN,012,-0.12321905746219154,-0.5004441349175875,-0.1658699417999612,0.7049146195966235,-1.8708887287630926,0.514074656820419,-7.504959353359425,1.3547362817828497,1
986,2024-09-19 22:37:46.403864064,TASK_BEGIN,012,-0.14872559393601803,-0.4865753809846312,-0.022427853294333302,0.6657788243465874,-1.9384253830096105,0.5365123412423656,-6.980487550204701,1.2014714332353968,1
987,2024-09-19 22:37:47.343236864,TASK_BEGIN,012,-0.17608494987978354,-0.471246159672166,0.11411943000580069,0.6284722595030096,-1.9923201642479105,0.5544724877689751,-6.434034959361938,1.036134791375731,1
988,2024-09-19 22:37:47.405262080,TASK_BEGIN,012,-0.20444233955031102,-0.45469552583792155,0.24120073729519292,0.5949569581375902,-2.0298194364949853,0.567748282524233,-5.8934739703578245,0.8652998737692862,1
989,2024-09-19 22:37:47.467747072,TASK_BEGIN,012,-0.23296086214833986,-0.43718521977620944,0.35674271203937413,0.5669555022386155,-2.049040931522738,0.5763256197771197,-5.386153396885621,0.6959646685109135,1
990,2024-09-19 22:37:47.550632960,TASK_BEGIN,012,-0.2607947936748776,-0.41898680755641693,0.45882837964924017,0.5458032152798598,-2.0490667741939643,0.5803359803196362,-4.9359517503190355,0.5350144465572145,1
991,2024-09-19 22:37:47.617673984,TASK_BEGIN,012,-0.28710269488584395,-0.400368877456001,0.5453312084463242,0.5323377957336941,-2.029983164606401,0.5800177014262196,-4.560958044162726,0.3886181804136698,1
992,2024-09-19 22:37:47.682516992,TASK_BEGIN,012,-0.3110716355967881,-0.38159129506268075,0.6136396825489989,0.5268684183760144,-1.9928708688170147,0.5756901531193369,-4.272084764803359,0.2616132323744342,1
993,2024-09-19 22:37:47.745003008,TASK_BEGIN,012,-0.3319245663902153,-0.36291116896680414,0.6604798523122727,0.5292453626341828,-1.939775587398675,0.567746230916845,-4.072650496279989,0.15701375115007418,1
994,2024-09-19 22:37:48.681577984,TASK_BEGIN,012,-0.348932883274479,-0.3445930546735367,0.6818004463238311,0.539008167995278,-1.873645613208664,0.5566552052145305,-3.9588538840013667,0.07579339533191544,1
995,2024-09-19 22:37:48.764595968,TASK_BEGIN,012,-0.3614586627760533,-0.3269123992136458,0.6729197449531716,0.5555403700262355,-1.798163456532794,0.5429546831913254,-3.920948225415375,0.016987119424757422,1
996,2024-09-19 22:37:48.821692928,TASK_BEGIN,012,-0.36900342359138416,-0.31014904807665683,0.6292887487153106,0.5781412356860013,-1.7174252683453202,0.5272215972048326,-3.944782448663634,-0.021949590149176662,1
997,2024-09-19 22:37:48.899794176,TASK_BEGIN,012,-0.3712176228527146,-0.2945757034733524,0.547840962228969,0.6059770180046202,-1.635522554836917,0.5100359307004182,-4.01323958305475,-0.044651480891439124,1
998,2024-09-19 22:37:48.961848832,TASK_BEGIN,012,-0.3678522183663639,-0.2804479872389042,0.42835578249166023,0.6379571679289182,-1.5561210004147157,0.49195189675538437,-4.107203643442324,-0.05538313477769795,1
999,2024-09-19 22:37:49.023861760,TASK_BEGIN,012,-0.3586782414600264,-0.26799741774711733,0.2742753979049349,0.6726085385259891,-1.4821173636110299,0.47347518985940934,-4.2062928222631255,-0.058676079975249616,1
1000,2024-09-19 22:37:49.101968896,TASK_BEGIN,012,-0.34342973168676355,-0.25742147546623273,0.09281060563781465,0.708006122155136,-1.4154733856754045,0.45504529413681605,-4.290178242925675,-0.05897958951975334,1
1001,2024-09-19 22:37:50.038877952,TASK_BEGIN,012,-0.3218141124670554,-0.24886722198653927,-0.10562329561044735,0.7418160052568338,-1.357302587734775,0.43703443244137863,-4.340830592232588,-0.06025063540475021,1
1002,2024-09-19 22:37:50.114753792,TASK_BEGIN,012,-0.2935951408801756,-0.2424141877831928,-0.3085518109940538,0.771481783555038,-1.3081564436082975,0.41977019925263587,-4.344865664847761,-0.06554762042432492,1
1003,2024-09-19 22:37:50.182518016,TASK_BEGIN,012,-0.2587287933910267,-0.23806314644957063,-0.5029542104133761,0.7945226128349513,-1.2683370694001521,0.403567491457829,-4.294859803425145,-0.07673244245995386,1
1004,2024-09-19 22:37:50.245716992,TASK_BEGIN,012,-0.2175274766958245,-0.2357283912836631,-0.6767741576270234,0.8088623023896064,-1.2380693263340579,0.3887441148883374,-4.1892992950318515,-0.09434575012921469,1
1005,2024-09-19 22:37:50.302743808,TASK_BEGIN,012,-0.17082682593665732,-0.2352237561412543,-0.820053665589269,0.8131023226973404,-1.217473438229086,0.3756064873296847,-4.031573302546912,-0.11771298292292937,1
1006,2024-09-19 22:37:50.380444160,TASK_BEGIN,012,-0.12011898043420219,-0.236237603658955,-0.9256017260266477,0.8066844313896463,-1.2063951242405642,0.36441184726473064,-3.828759961142579,-0.14525194680107725,1
1007,2024-09-19 22:37:50.442388992,TASK_BEGIN,012,-0.06759451698917623,-0.23831018680265953,-0.989458666992443,0.7899420770500051,-1.2042005047773146,0.3553223121813926,-3.5910699105343173,-0.1747665077157688,1
1008,2024-09-19 22:37:51.362106112,TASK_BEGIN,012,-0.016037177425969155,-0.24083833710539695,-1.0113898990902401,0.7640660449846075,-1.2096353571162006,0.34836841761353643,-3.332216762964275,-0.20351996176425263,1
1009,2024-09-19 22:37:51.423675904,TASK_BEGIN,012,0.03143255471637807,-0.24311872440675802,-0.9953061181695378,0.7309982799034004,-1.220823962017702,0.34344262225574745,-3.0698211660876447,-0.22818283011875107,1
1010,2024-09-19 22:37:51.501351168,TASK_BEGIN,012,0.07170209118329306,-0.24441558939672756,-0.9492856299694108,0.6932554669156082,-1.2354310754343487,0.3403295927665607,-2.824691341891354,-0.24494916969663605,1
1011,2024-09-19 22:37:51.562910208,TASK_BEGIN,012,0.10200609622085235,-0.2440277134978925,-0.8848876137923578,0.6536799310548445,-1.2509370826290749,0.3387514613954707,-2.618838615524065,-0.2499382598389266,1
1012,2024-09-19 22:37:51.642147072,TASK_BEGIN,012,0.12018504898910655,-0.24133777298863074,-0.8156599817344593,0.6151247120975453,-1.2649464034412523,0.3384010624688017,-2.4729072667786802,-0.2397280473652881,1
1013,2024-09-19 22:37:51.709510912,TASK_BEGIN,012,0.12483530319046206,-0.23584319109953888,-0.7551137865086872,0.5801242884560427,-1.2754748073305273,0.3389614612518757,-2.403548002730965,-0.2118458104508764,1
1014,2024-09-19 22:37:51.777629952,TASK_BEGIN,012,0.11537019748965154,-0.2271774008094469,-0.7146862525014253,0.5506480178639722,-1.2812044471649993,0.34013221107218466,-2.420978571915777,-0.16516982154219453,1
1015,2024-09-19 22:37:52.711054848,TASK_BEGIN,012,0.09202310276718244,-0.21512825502424987,-0.7021920426203573,0.5280120916680029,-1.2817176433845392,0.34168008417569634,-2.5272162491882684,-0.10021944052533506,1
1016,2024-09-19 22:37:52.789012992,TASK_BEGIN,012,0.05579622169772241,-0.19965347357355584,-0.7210918329077214,0.5129383015472985,-1.2776620346369565,0.3435042665301485,-2.7156426508357354,-0.01927249134169131,1
1017,2024-09-19 22:37:52.856764160,TASK_BEGIN,012,0.00833571583222133,-0.18089034847211305,-0.7706034827415474,0.5056720730898319,-1.2707144254592844,0.3456779929630387,-2.971957074973905,0.07370070183367033,1
1018,2024-09-19 22:37:52.911529984,TASK_BEGIN,012,-0.048275309924944484,-0.15915582695982303,-0.8463471324585576,0.5060775787717475,-1.2632800217254496,0.3484385879907564,-3.275860388895955,0.17324596091214473,1
1019,2024-09-19 22:37:52.988691200,TASK_BEGIN,012,-0.11177389827895301,-0.13493111373469643,-0.9411842077124498,0.5136937299025107,-1.2580641546786444,0.3521399600895533,-3.603000174451832,0.2728006819380316,1
1020,2024-09-19 22:37:53.050726912,TASK_BEGIN,012,-0.1799535694350615,-0.10882860849451619,-1.0461265191226654,0.5277868099953663,-1.2577157688499632,0.3572022154173286,-3.92727027827335,0.3653147448847737,1
1021,2024-09-19 22:37:53.127805952,TASK_BEGIN,012,-0.2508206996918765,-0.08154790221212681,-1.1512742991519438,0.547430283074697,-1.2646029921001325,0.36407144677148007,-4.223495130604554,0.44410721289241556,1
1022,2024-09-19 22:37:54.057584896,TASK_BEGIN,012,-0.3226682070047281,-0.053830871967001724,-1.2466581895327953,0.5715877779827714,-1.2806824762308215,0.3731810725555959,-4.470081005639052,0.5037936074275552,1
1023,2024-09-19 22:37:54.136165888,TASK_BEGIN,012,-0.39409343684895337,-0.026421707272504757,-1.3228427201461403,0.5991386797668521,-1.307444871857307,0.3849098185521558,-4.651075356031858,0.5410253054239944,1
1024,2024-09-19 22:37:54.197724160,TASK_BEGIN,012,-0.4639711532245572,-3.436028561626365e-05,-1.371273415122753,0.6288333761084923,-1.3459012660530443,0.39953654227837676,-4.757319494055085,0.5548255581259173,1
1025,2024-09-19 22:37:54.259791872,TASK_BEGIN,012,-0.5313799754435845,0.024669557662708792,-1.3845241400364694,0.659254039611894,-1.396526675543285,0.4171897928633613,-4.786667697126403,0.5464842976063822,1
1026,2024-09-19 22:37:54.337926144,TASK_BEGIN,012,-0.595492125545532,0.04709060210327973,-1.356658199412581,0.6888771107835471,-1.4591250882067706,0.4377938809600977,-4.743330118204079,0.5191442189768182,1
1027,2024-09-19 22:37:54.400289024,TASK_BEGIN,012,-0.6554669486830006,0.0666962635028722,-1.2837232817891364,0.7162439467083721,-1.5326840893660534,0.46102236189972146,-4.636523226049226,0.47724444728418325,1
1028,2024-09-19 22:37:54.477968128,TASK_BEGIN,012,-0.7104168460750774,0.08303750917464447,-1.1641327197804487,0.7401313360513323,-1.6153214562274756,0.4862750436763234,-4.479019623598495,0.4259618693258608,1
1029,2024-09-19 22:37:55.396814336,TASK_BEGIN,012,-0.7594827175588087,0.09578686598330219,-0.9987253545867978,0.7596040975233662,-1.704361990459949,0.5126890084156344,-4.286281605563285,0.37077776053149564,1
1030,2024-09-19 22:37:55.459299072,TASK_BEGIN,012,-0.801969820822991,0.10478745009089173,-0.7906388456573891,0.7739428655589672,-1.7965006300600506,0.5391823944417721,-4.076128882077628,0.3172007778175073,1
1031,2024-09-19 22:37:55.521295872,TASK_BEGIN,012,-0.8374502239031822,0.11009184662277068,-0.5452709269250814,0.7825403520086919,-1.8880040420744189,0.5645270729970105,-3.868132484191774,0.27051077518166666,1
1032,2024-09-19 22:37:55.600557056,TASK_BEGIN,012,-0.8657734236751479,0.11197608760194397,-0.27029706394658204,0.7848436740477972,-1.974956603919395,0.5874517190441085,-3.6821571796015387,0.23536257728749901,1
1033,2024-09-19 22:37:55.661428992,TASK_BEGIN,012,-0.8869898162135628,0.11092469772430177,0.024545718212051326,0.7803516473178591,-2.0535630924145876,0.6067703356665107,-3.5364024641552194,0.21527620852585058,1
1034,2024-09-19 22:37:55.723495168,TASK_BEGIN,012,-0.9012393967719003,0.10759008500136573,0.3280223552857346,0.76865828725694,-2.1204635864880466,0.6215077791095676,-3.4458705537028873,0.21225470178842068,1
1035,2024-09-19 22:37:55.800723200,TASK_BEGIN,012,-0.9086709809978296,0.10273408846209413,0.6282167176566242,0.74953454560615,-2.172990048129443,0.6309818731416579,-3.421841607457423,0.22676661408118426,1
1036,2024-09-19 22:37:56.747098880,TASK_BEGIN,012,-0.9094315895460378,0.09716161327538775,0.9135543636087184,0.7230080365672016,-2.209328707565879,0.6348239832551015,-3.472017191716358,0.25806569894005393,1
1037,2024-09-19 22:37:56.802846976,TASK_BEGIN,012,-0.9037303971594479,0.09165671847869417,1.1738891673231893,0.6893953922326731,-2.2285756010056126,0.6329530412666472,-3.6005466473181555,0.30457670390391517,1
1038,2024-09-19 22:37:56.880492800,TASK_BEGIN,012,-0.8919491005464789,0.08693005014496052,1.401251178876281,0.6492901433988356,-2.230674883296447,0.625532948017251,-3.807613728033746,0.36411889209081705,1
1039,2024-09-19 22:37:56.942560000,TASK_BEGIN,012,-0.8747335318557297,0.08358009209657574,1.5899647858276853,0.6035405919959587,-2.2162602496998707,0.6129399638613894,-4.088857720975216,0.43395577368812166,1
1040,2024-09-19 22:37:57.005044992,TASK_BEGIN,012,-0.8529944210249387,0.0820633655945888,1.7362824241800794,0.5532417903178696,-2.186458548516095,0.5957502674066038,-4.435079013170707,0.5107968069537496,1
1041,2024-09-19 22:37:57.085725952,TASK_BEGIN,012,-0.8277913326693587,0.08267031047206749,1.837916629012419,0.4997405312170517,-2.1427244828712726,0.5747392311630328,-4.832613852438146,0.5908776216877024,1
1042,2024-09-19 22:37:57.147183872,TASK_BEGIN,012,-0.8001362599455297,0.08551220590596188,1.893787290015877,0.4446211177528474,-2.0867609749331377,0.5508807261653483,-5.264478678682912,0.6701732674739134,1
1043,2024-09-19 22:37:58.084276736,TASK_BEGIN,012,-0.7707985089110897,0.09052711848364127,1.9040526951175167,0.3896316453341754,-2.0205321685420294,0.5253383066731384,-5.7119738267511675,0.7447155560690998,1
1044,2024-09-19 22:37:58.161916928,TASK_BEGIN,012,-0.7401956035656315,0.09750399033394642,1.8702024495265464,0.33655370961180536,-1.9463096296322515,0.4994334593862959,-6.156284329907231,0.8109517065469244,1
1045,2024-09-19 22:37:58.223990016,TASK_BEGIN,012,-0.7084034289303905,0.1061140142206102,1.794927619791484,0.28707269869323676,-1.8666754936896923,0.47457514896088904,-6.57970728086325,0.8660688891299901,1
1046,2024-09-19 22:37:58.286478080,TASK_BEGIN,012,-0.67526100136685,0.11594157015494104,1.68171764113125,0.24270796480463291,-1.7844518390169355,0.45215526989449106,-6.966349690162744,0.9081853330810158,1
1047,2024-09-19 22:37:58.367505152,TASK_BEGIN,012,-0.6405235532546475,0.1265185218060955,1.5344550708775213,0.204798776183891,-1.7025631002537354,0.43343289275933106,-7.302557010629432,0.9363727794614808,1
1048,2024-09-19 22:37:58.435223040,TASK_BEGIN,012,-0.6040130477019333,0.13736568102399474,1.3573938666994867,0.17448014717216814,-1.6238444595905996,0.41942586880102456,-7.577493663643824,0.9505934084335671,1
1049,2024-09-19 22:37:58.502948864,TASK_BEGIN,012,-0.565724308596797,0.14803236487327692,1.1556032543643429,0.15260913840335646,-1.5508373068938375,0.4108205235361072,-7.783858860182185,0.9516324364662536,1
1050,2024-09-19 22:37:59.447248128,TASK_BEGIN,012,-0.5258806916458091,0.15812062101046695,0.9354770377732354,0.13969055584495776,-1.4856454951353861,0.40791558095687874,-7.918412695642058,0.9410407429644434,1
1051,2024-09-19 22:37:59.505019136,TASK_BEGIN,012,-0.4849604504671947,0.1672936766512276,0.7047704545091856,0.13588359929047805,-1.4298848695558084,0.4106189601536647,-7.982125216031986,0.9210750604783645,1
1052,2024-09-19 22:37:59.582685952,TASK_BEGIN,012,-0.44370460727421657,0.1752816381655918,0.47197587875483044,0.14110034030497248,-1.3846858308320746,0.41850020283318684,-7.979717130749317,0.8945716182919496,1
1053,2024-09-19 22:37:59.641347840,TASK_BEGIN,012,-0.4031039215445012,0.18189596532391236,0.24535336992384893,0.15511145100278537,-1.3507071643338122,0.4308776671915921,-7.918356214632877,0.8646835149368137,1
1054,2024-09-19 22:37:59.703354112,TASK_BEGIN,012,-0.36437331513913107,0.18705223995016682,0.03214819601336055,0.17756599942002424,-1.3281658506661171,0.4469097966993829,-7.8058855209596985,0.8345457677913369,1
1055,2024-09-19 22:37:59.780975104,TASK_BEGIN,012,-0.32892481579372423,0.19079119239394526,-0.1617112081382036,0.20791419337384753,-1.3168870144523857,0.46566873012927823,-7.649507756895619,0.8070108009415718,1
1056,2024-09-19 22:37:59.842564096,TASK_BEGIN,012,-0.29832466554309084,0.1932876570478433,-0.3315289642627953,0.24528882132305155,-1.3163339772768807,0.48618737259322564,-7.455530084128579,0.7845017060265687,1
1057,2024-09-19 22:38:00.791939840,TASK_BEGIN,012,-0.2742025423506616,0.19484206728723394,-0.4736493220326976,0.28840777007252755,-1.3255812789853931,0.5074799346214854,-7.229913192141746,0.7689256136053263,1
1058,2024-09-19 22:38:00.853479936,TASK_BEGIN,012,-0.25810249787720374,0.1958529572017,-0.585405784636645,0.3355496148117037,-1.3432539948819218,0.5285474177130095,-6.978882258661877,0.7615896899896791,1
1059,2024-09-19 22:38:00.930716928,TASK_BEGIN,012,-0.2513057426854546,0.19677487758507153,-0.6653058881001229,0.38463481046475756,-1.367498916854731,0.5483913197600399,-6.709266068216306,0.7631445981383078,1
1060,2024-09-19 22:38:01.000513280,TASK_BEGIN,012,-0.25466582258615456,0.19807286468888063,-0.7133574703292197,0.4334132834327645,-1.3960479833643151,0.5660527065652686,-6.428885920019819,0.7736574262055093,1
1061,2024-09-19 22:38:01.068285952,TASK_BEGIN,012,-0.2684754313129192,0.20018314682986849,-0.7313795551152952,0.4797387085778046,-1.4263945212886509,0.5806674372850603,-6.147213156456194,0.792857645580403,1
1062,2024-09-19 22:38:01.132922112,TASK_BEGIN,012,-0.2923829197997333,0.20348438763173712,-0.7231578778104288,0.5218791932084881,-1.4560358210873332,0.5915110194612999,-5.875945942602626,0.8204487858835238,1
1063,2024-09-19 22:38:01.203851008,TASK_BEGIN,012,-0.3253842198492873,0.20827851953715787,-0.6942737188686907,0.5587576528553001,-1.482678432625647,0.5980144112146396,-5.629042648191727,0.8563403910519799,1
1064,2024-09-19 22:38:02.117961984,TASK_BEGIN,012,-0.365885922228044,0.21477235044095966,-0.6514626817067684,0.5900079687216392,-1.5043179619346974,0.5997503708616754,-5.422074568699571,0.9007466928960701,1
1065,2024-09-19 22:38:02.180092160,TASK_BEGIN,012,-0.41181137011153307,0.2230531508796203,-0.6015400966630142,0.6158264267687447,-1.519197817545299,0.5964067936886448,-5.271076548523647,0.9541740812278621,1
1066,2024-09-19 22:38:02.242091776,TASK_BEGIN,012,-0.4607424623236358,0.23306765279627736,-0.5501565917449063,0.6367118461994107,-1.5257435765663525,0.5877722835785447,-5.191233749809554,1.017320346765835,1
1067,2024-09-19 22:38:02.320028928,TASK_BEGIN,012,-0.5101061837495346,0.24462120723790223,-0.5007894273968965,0.6532222743392702,-1.5225798182961519,0.5737511774382481,-5.195604067453481,1.0908590838431158,1
1068,2024-09-19 22:38:02.393091840,TASK_BEGIN,012,-0.5573995091212613,0.2574020216715782,-0.4543375639932539,0.6658309144418344,-1.5086612136217372,0.5544033773297571,-5.2937481905750055,1.1750759998332851,1
1069,2024-09-19 22:38:02.459090944,TASK_BEGIN,012,-0.6004250859597805,0.27102121350845304,-0.40946624110081314,0.6748957354081387,-1.4834746702669415,0.5299872642337934,-5.490064125896833,1.2694231768525568,1
1070,2024-09-19 22:38:02.528510976,TASK_BEGIN,012,-0.6374986690174049,0.2850545398663869,-0.3635509266779152,0.6807112771781676,-1.4472457328438504,0.5009886272081288,-5.7818725381180744,1.3721342619456276,1
1071,2024-09-19 22:38:03.469610752,TASK_BEGIN,012,-0.6675885731207741,0.2990732758271037,-0.3138490662099225,0.6835995228626053,-1.401061471030145,0.4681339452103046,-6.157664439656371,1.4800080122580759,1
1072,2024-09-19 22:38:03.539685120,TASK_BEGIN,012,-0.6903657357040697,0.3126584549363321,-0.25851496094804266,0.6840004793751289,-1.3468041840271776,0.43238504394184196,-6.59631094871961,1.5884294772764873,1
1073,2024-09-19 22:38:03.607467008,TASK_BEGIN,012,-0.7061764586215574,0.3254043084619837,-0.1972449083433358,0.682532841059406,-1.2868545871615673,0.39490108808785807,-7.068119881620736,1.6916895482925403,1
1074,2024-09-19 22:38:03.669929984,TASK_BEGIN,012,-0.715961666101421,0.3369243727882988,-0.13149146229405137,0.6800087912175907,-1.2236656656509524,0.3569672762010393,-7.5379676899733346,1.783582238609891,1
1075,2024-09-19 22:38:03.742966784,TASK_BEGIN,012,-0.7211231209717107,0.3468693495816159,-0.06423231680695823,0.6773879603136889,-1.1594173765107225,0.3199194434008541,-7.969690963004917,1.858136766902459,1
1076,2024-09-19 22:38:03.810429952,TASK_BEGIN,012,-0.7233289045645112,0.3549544040525019,0.0006601566952656908,0.6756509679274931,-1.0959237782257756,0.2850942436845384,-8.33043365584828,1.9103049444568574,1
1077,2024-09-19 22:38:03.872088832,TASK_BEGIN,012,-0.7242921928143297,0.3609863574528565,0.05927094099508136,0.6755948829179345,-1.0347755090961617,0.2538013828845813,-8.593903157862604,1.9364542110842269,1
1078,2024-09-19 22:38:04.822495744,TASK_BEGIN,012,-0.7255973963428752,0.36488378350759476,0.1084054077302517,0.6776056927468783,-0.9775304493885411,0.2272904057914245,-8.741947501749033,1.9345623208394607,1
1079,2024-09-19 22:38:04.876577792,TASK_BEGIN,012,-0.7286189252816575,0.36669082206677844,0.14596915034142882,0.6814932421614235,-0.9257924312272328,0.20669473898389976,-8.764435844688547,1.9041319400192445,1
1080,2024-09-19 22:38:04.954088960,TASK_BEGIN,012,-0.7345069016038097,0.36658837761396096,0.17098521335699807,0.6864247469202575,-0.8811900464059285,0.19296405472802575,-8.658215781547828,1.8459989845301445,1
1081,2024-09-19 22:38:05.025748992,TASK_BEGIN,012,-0.7441873349490857,0.36490117857142484,0.18362132173335735,0.6909196816370307,-0.845362660060949,0.18681029246102257,-8.426365704019375,1.762221587013386,1
1082,2024-09-19 22:38:05.078576128,TASK_BEGIN,012,-0.7583521016454342,0.3620932201644702,0.18543639635031217,0.6928869744481562,-0.8199910946601786,0.1886773959102961,-8.078423630816395,1.656090537621675,1
1083,2024-09-19 22:38:05.161266176,TASK_BEGIN,012,-0.7774266280879082,0.358742260538009,0.17952866321279864,0.6897595714113427,-0.8068113935753698,0.19872152841681387,-7.631128726725603,1.5321574747402673,1
1084,2024-09-19 22:38:05.218347776,TASK_BEGIN,012,-0.8014871482889727,0.35548686046779293,0.17019537369159635,0.6787651936421523,-0.8075305961208895,0.2167869840042406,-7.108506585106851,1.3961267113242068,1
1085,2024-09-19 22:38:06.171915008,TASK_BEGIN,012,-0.8301208994266283,0.35295064128194237,0.1622236748881164,0.6572745630305529,-0.8235934781830574,0.2423790811894705,-6.540398558649796,1.2544897831227328,1
1086,2024-09-19 22:38:06.233011968,TASK_BEGIN,012,-0.8622944664658273,0.351663488528634,0.1602817171624778,0.6231347931769468,-0.8558190330080145,0.27464791161273616,-5.95948308195164,1.113908853313116,1
1087,2024-09-19 22:38:06.307482880,TASK_BEGIN,012,-0.8963324256044772,0.35200203531488233,0.16869900016574146,0.5749454950122441,-0.9040312598025718,0.3123994365062694,-5.397748137904473,0.9805283307763274,1
1088,2024-09-19 22:38:06.372271872,TASK_BEGIN,012,-0.9300517009505651,0.35415914354387207,0.19159365860385386,0.5122639506339803,-0.9668433582244507,0.35414488999478294,-4.883498333680388,0.8594268988399762,1
1089,2024-09-19 22:38:06.433903104,TASK_BEGIN,012,-0.9610074581044661,0.35814033873464646,0.23315561775941318,0.435712588512457,-1.0416543079455138,0.39818733844863163,-4.439245829029882,0.754261421804495,1
1090,2024-09-19 22:38:06.496389888,TASK_BEGIN,012,-0.9867724028785897,0.36378133942439933,0.2978360223181628,0.34698159816160323,-1.124793725870267,0.44273075699311176,-4.080212987342656,0.667048186085393,1
1091,2024-09-19 22:38:06.575190272,TASK_BEGIN,012,-1.005196714845391,0.3707794575487114,0.3901695264282567,0.24876853994662385,-1.2117364203700605,0.4859913682462962,-3.81343550419823,0.5981235700441668,1
1092,2024-09-19 22:38:07.496669952,TASK_BEGIN,012,-1.0146316985159636,0.3787333498780382,0.5141311416619224,0.1446814402605863,-1.297376491569894,0.5262981710786427,-3.637850047043916,0.5463881335395873,1
1093,2024-09-19 22:38:07.562935040,TASK_BEGIN,012,-1.0141056827430253,0.3871899013134885,0.6722123674831906,0.03906530788862966,-1.3763893732880577,0.5621810236134582,-3.5453627705969533,0.5097932197738045,1
1094,2024-09-19 22:38:07.632219904,TASK_BEGIN,012,-1.0034178135962715,0.3956958930594253,0.8644806541325384,-0.06328580003699989,-1.443676982746989,0.5924474591322537,-3.5224467198341807,0.485894583263723,1
1095,2024-09-19 22:38:07.699977984,TASK_BEGIN,012,-0.9831193477237842,0.40384651269154714,1.0878350654391553,-0.15749413362899853,-1.4948359937434172,0.6162451379236614,-3.55220700220053,0.4723610619924034,1
1096,2024-09-19 22:38:07.758518016,TASK_BEGIN,012,-0.9543999413870498,0.411322007875911,1.335725947631331,-0.2389646588407386,-1.5265776235831514,0.6331066895624652,-3.6172723224993826,0.46744048138555017,1
1097,2024-09-19 22:38:07.822702848,TASK_BEGIN,012,-0.9189250907476744,0.4179090254435218,1.598539787134363,-0.30370170887991554,-1.5370544591988842,0.6429765120552029,-3.703266440700935,0.47035840490609293,1
1098,2024-09-19 22:38:07.897800960,TASK_BEGIN,012,-0.87865880428226,0.423508563290798,1.8645114261488718,-0.3485658000604181,-1.526060981437371,0.6462150955575301,-3.8017103447081078,0.4815309286542611,1
1099,2024-09-19 22:38:08.846738944,TASK_BEGIN,012,-0.8357053271138465,0.42813583259639726,2.120866305763755,-0.37148920074161385,-1.4950716904736356,0.6435686628150669,-3.9113870613972734,0.5025122946086054,1
1100,2024-09-19 22:38:08.914555904,TASK_BEGIN,012,-0.7922123265445081,0.4319167898560678,2.3550292974071425,-0.3716529618533327,-1.4470980785202965,0.6360916044092816,-4.038297814586949,0.5357504451786819,1
1101,2024-09-19 22:38:08.981521920,TASK_BEGIN,012,-0.7503362324133453,0.4350784181294584,2.5557295305349483,-0.34956038529477756,-1.3863708728813557,0.6250211817669233,-4.19490946067554,0.5842548983390652,1
1102,2024-09-19 22:38:09.044454144,TASK_BEGIN,012,-0.7122054466238664,0.43792458289126535,2.7137828036779905,-0.30693491023760483,-1.3178727216659383,0.6116237906915267,-4.398778711604676,0.6511462714560794,1
1103,2024-09-19 22:38:09.106939904,TASK_BEGIN,012,-0.6798223388756299,0.440798540633608,2.8225752627443286,-0.24648408474350605,-1.2467759314192437,0.5970432207832639,-4.669957332728411,0.7389952673325555,1
1104,2024-09-19 22:38:09.184212992,TASK_BEGIN,012,-0.6549112533921118,0.44404403131683584,2.8785145954404743,-0.17165640748771993,-1.1778851740954503,0.5821755584479584,-5.027163091415706,0.8490184965155804,1
1105,2024-09-19 22:38:09.246215168,TASK_BEGIN,012,-0.6387529092912365,0.44797239573008746,2.8815876906178284,-0.08645601354518323,-1.1152197916759465,0.5675917188967927,-5.483923610564657,0.9804170749044393,1
1106,2024-09-19 22:38:10.196825856,TASK_BEGIN,012,-0.6320362662604783,0.45283514211287607,2.8357837257862823,0.004734388210570428,-1.061847720326243,0.553531646751184,-6.046143844923015,1.1301676877611386,1
1107,2024-09-19 22:38:10.264616960,TASK_BEGIN,012,-0.6347626463895671,0.45880493483094714,2.748953935645218,0.097402516237379,-1.0199845441231168,0.5399766175007336,-6.711639584686057,1.293367569641082,1
1108,2024-09-19 22:38:10.332343040,TASK_BEGIN,012,-0.6462438656692396,0.4659720947951198,2.6319303089383235,0.18724343442332195,-0.9912601859196685,0.5267705641955661,-7.471111680766055,1.4639690185533958,1
1109,2024-09-19 22:38:10.400080896,TASK_BEGIN,012,-0.6652044930398019,0.4743549705056037,2.4971318640132876,0.27051627233086095,-0.9770148206812863,0.5137466856953191,-8.309525229178863,1.6355887503833926,1
1110,2024-09-19 22:38:10.454287104,TASK_BEGIN,012,-0.6899521713250131,0.48391239751768456,2.357126171251034,0.34430450639478155,-0.978512704046921,0.5008284634211628,-9.207200761675095,1.8021425706372374,1
1111,2024-09-19 22:38:10.532392960,TASK_BEGIN,012,-0.7185726027605527,0.494551420858733,2.2235855759042127,0.4065872167953368,-0.9970007678726494,0.4880898824675783,-10.140747064115498,1.958267368540862,1
1112,2024-09-19 22:38:10.603246080,TASK_BEGIN,012,-0.7491199458879916,0.5061345365102992,2.1067621476021228,0.4561297771031407,-1.0335715068508147,0.4757693841615678,-11.084331750206452,2.0996001395187696,1
1113,2024-09-19 22:38:11.545372928,TASK_BEGIN,012,-0.7797688508483247,0.5184905829032496,2.015274027440337,0.49228865950218764,-1.0888423872979085,0.4642400079266343,-12.01147023335617,2.2229293813294713,1
1114,2024-09-19 22:38:11.614393088,TASK_BEGIN,012,-0.8089062754700065,0.5314277194711478,1.9559478746533128,0.514817696401551,-1.1625476743594696,0.4539466891452941,-12.897050407048901,2.3262057088508374,1
1115,2024-09-19 22:38:11.678304000,TASK_BEGIN,012,-0.8351876111315768,0.5447484167873664,1.9335924409624958,0.5237214866244642,-1.2532176180968904,0.44533092323172796,-13.719047767436017,2.4084244822489755,1
1116,2024-09-19 22:38:11.740324096,TASK_BEGIN,012,-0.8575955498644285,0.5582697466170389,1.9506900713511703,0.5191885586253733,-1.3581131481137974,0.4387659086373647,-14.459531480480058,2.4694009624770907,1
1117,2024-09-19 22:38:11.802547968,TASK_BEGIN,012,-0.8755075721905937,0.5718496755628897,2.0070710120054547,0.5016194900737033,-1.4734521450923637,0.4345173648682604,-15.105071850534042,2.5095120499187424,1
1118,2024-09-19 22:38:11.879762944,TASK_BEGIN,012,-0.8887597482357144,0.5854153016310876,2.0997395030684425,0.4717201949425623,-1.5948026516308422,0.4327328959866754,-15.646937502319405,2.529550140953825,1
1119,2024-09-19 22:38:11.953639936,TASK_BEGIN,012,-0.8976871103027952,0.5989833112249311,2.2230786363545283,0.43060172788467505,-1.7174753045162023,0.43345343427622113,-16.081161222523566,2.5307512637346097,1
1120,2024-09-19 22:38:12.866752000,TASK_BEGIN,012,-0.9031006291880538,0.6126593939573863,2.3694634754386708,0.37985758145488074,-1.8368255331337546,0.4366337110656693,-16.40814412499382,2.5148659556951753,1
1121,2024-09-19 22:38:12.939168000,TASK_BEGIN,012,-0.906178474418339,0.626613779845407,2.529980830402977,0.3216391302084004,-1.9484456840552498,0.44215383042925244,-16.63156553823728,2.4840813072901686,1
1122,2024-09-19 22:38:13.006448896,TASK_BEGIN,012,-0.9083104815686434,0.6410473844706323,2.6949290753402804,0.25872853408026203,-2.0482463678003113,0.44981162054301527,-16.756838452293835,2.4407310397134023,1
1123,2024-09-19 22:38:13.067528960,TASK_BEGIN,012,-0.9109624018670512,0.6561655714044227,2.854085570566471,0.19453154986465418,-2.132457532096148,0.45930508752646476,-16.789721831022742,2.3869051541694164,1
1124,2024-09-19 22:38:13.133156864,TASK_BEGIN,012,-0.9155923597499758,0.6721653839687929,2.996981733235643,0.13290952178088575,-2.197611913794594,0.4702205627866433,-16.73577107474193,2.3241627019917104,1
1125,2024-09-19 22:38:13.207443968,TASK_BEGIN,012,-0.9235935233033968,0.6892308996747545,3.1133974542008067,0.07786369277990607,-2.2405664680039674,0.4820317159823292,-16.60083944933769,2.2534657982011366,1
1126,2024-09-19 22:38:13.277993984,TASK_BEGIN,012,-0.9362073073914458,0.7075253879489375,3.1941193985168552,0.033156474955875134,-2.2586027941935494,0.49411178160062896,-16.391893728842902,2.1752430052112666,1
1127,2024-09-19 22:38:14.221430784,TASK_BEGIN,012,-0.9543795979467159,0.727170508373096,3.2319105175646654,0.001943546903224796,-2.2496374540015305,0.5057662428464554,-16.117007110494527,2.08941351967139,1
1128,2024-09-19 22:38:14.289208064,TASK_BEGIN,012,-0.9785845913153188,0.7482109337821103,3.2226035592369904,-0.013547261931514825,-2.212530699707424,0.5162884156440295,-15.78434501332145,1.9953751143996292,1
1129,2024-09-19 22:38:14.356936960,TASK_BEGIN,012,-1.0086744314720784,0.7705754915788015,3.1661472636257892,-0.012269327245486262,-2.14741355174171,0.5250283446177098,-15.401248719548446,1.8921334033626005,1
1130,2024-09-19 22:38:14.424698112,TASK_BEGIN,012,-1.0438205090247503,0.7940564897972544,3.0672996555519103,0.005493990619527228,-2.0559137273989725,0.5314583535122847,-14.974387783430567,1.7786714684081593,1
1131,2024-09-19 22:38:14.492477696,TASK_BEGIN,012,-1.0825882304111063,0.8183220911674091,2.9356148952323315,0.03814243328402715,-1.9411852913704342,0.5352204609145037,-14.510572518875733,1.654431466016952,1
1132,2024-09-19 22:38:14.560206080,TASK_BEGIN,012,-1.1231342737123156,0.842954719022094,2.784593972941062,0.08296000766221892,-1.8077104197865195,0.5361492250187547,-14.017203067705953,1.5197060602640482,1
1133,2024-09-19 22:38:14.627995136,TASK_BEGIN,012,-1.1634637628351492,0.8674957217390188,2.630230519450406,0.13646125644702656,-1.660896443356396,0.5342682991074743,-13.502172602299998,1.3758836457380743,1
1134,2024-09-19 22:38:15.565537792,TASK_BEGIN,012,-1.2016730602516876,0.8914840780372413,2.4892929702285467,0.19480572997348095,-1.5065352828121545,0.5297567978160455,-12.97384609128546,1.2256018084079285,1
1135,2024-09-19 22:38:15.639352064,TASK_BEGIN,012,-1.2361415854043203,0.9144917593675645,2.3776045379738524,0.25419501417004847,-1.3502402174871482,0.5228876382282661,-12.441464977529805,1.0727704971423166,1
1136,2024-09-19 22:38:15.705167872,TASK_BEGIN,012,-1.2656685358078594,0.9361603110202409,2.3086199153522036,0.31115441585360165,-1.1969913138596162,0.5139571314445959,-11.915674801126913,0.9223443510307775,1
1137,2024-09-19 22:38:15.767237888,TASK_BEGIN,012,-1.2895363468117271,0.9562294559216041,2.2925361473625734,0.362650782822855,-1.0508825413182263,0.5032340413350981,-11.408687495804996,0.7798739316350303,1
1138,2024-09-19 22:38:15.829725184,TASK_BEGIN,012,-1.3074855502673832,0.9745440876082467,2.3357638727455465,0.4061138863649163,-0.9151003659955543,0.4909487383760378,-10.933857116226806,0.6510414907425758,1
1139,2024-09-19 22:38:15.910231296,TASK_BEGIN,012,-1.319642633659675,0.9910437317983782,2.440350614435351,0.4394729115360813,-0.7920891195556701,0.4773256321586043,-10.504803899738258,0.5413088448715127,1
1140,2024-09-19 22:38:15.977984768,TASK_BEGIN,012,-1.32646337783204,1.0057509482487736,2.6033681483435775,0.46124756189569827,-0.6837882210896822,0.46264115984462306,-10.134323302063063,0.455609594583339,1
1141,2024-09-19 22:38:16.922006016,TASK_BEGIN,012,-1.3287010071597107,1.018764206383493,2.816758826419696,0.4706679819535153,-0.5918154997108036,0.44727626304385876,-9.833197124259563,0.3979969067740209,1
1142,2024-09-19 22:38:16.982390016,TASK_BEGIN,012,-1.3273704087966385,1.0302485002141253,3.0679806126697318,0.46778638782429993,-0.5175266015285745,0.43173677477869404,-9.609160236957232,0.371314010178735,1
1143,2024-09-19 22:38:17.044875008,TASK_BEGIN,012,-1.3236956489826734,1.0404203316347729,3.341308381643926,0.4535339595658316,-0.46194650829496353,0.41663116007266365,-9.466521353206666,0.3770481292090249,1
1144,2024-09-19 22:38:17.124133120,TASK_BEGIN,012,-1.3190435458788354,1.0495304988064575,3.6194536062546083,0.42967101733158247,-0.42562939947368766,0.40261267046105553,-9.40658017221586,0.41541797399056324,1
1145,2024-09-19 22:38:17.186618112,TASK_BEGIN,012,-1.314833264817946,1.0578455866458032,3.8852539190051094,0.39860214912449227,-0.4085591619835292,0.39030869537055907,-9.428289397759407,0.485563689725135,1
1146,2024-09-19 22:38:17.261072128,TASK_BEGIN,012,-1.3124025806537805,1.0656226418895254,4.123221076676849,0.36307917295593994,-0.41019148196055466,0.38026356791029786,-9.528513162671702,0.5856659423623659,1
1147,2024-09-19 22:38:17.328814848,TASK_BEGIN,012,-1.3128353816349962,1.0730739929499469,4.320701022605604,0.3258681534365905,-0.42962748561694675,0.37290726337596913,-9.7017005375179,0.7129290985183795,1
1148,2024-09-19 22:38:18.247159808,TASK_BEGIN,012,-1.3167944714093895,1.080331531828439,4.468480551123722,0.2894755106775748,-0.4657977832444662,0.3685457706254576,-9.939121786336544,0.8634819621792572,1
1149,2024-09-19 22:38:18.314937088,TASK_BEGIN,012,-1.3244144125156228,1.0874270899911376,4.56084237878377,0.2559968072503191,-0.5175383259761033,0.36736086660178563,-10.228014981080578,1.032308094810544,1
1150,2024-09-19 22:38:18.381259008,TASK_BEGIN,012,-1.3352763971607249,1.0942960045862529,4.5952773810774685,0.2270615442425471,-0.583542187194382,0.3694081756287048,-10.551313018684143,1.2133271518336495,1
1151,2024-09-19 22:38:18.444480000,TASK_BEGIN,012,-1.3484500900412282,1.10079444412723,4.572200414873346,0.2037734574676739,-0.6622564220427932,0.3746111912535145,-10.888533341012018,1.3996788742814927,1
1152,2024-09-19 22:38:18.508683776,TASK_BEGIN,012,-1.3625912625557215,1.1067180623831578,4.494771295378462,0.1866243272030394,-0.751779837241854,0.3827547273280321,-11.217611011226193,1.5841266014634017,1
1153,2024-09-19 22:38:18.585545984,TASK_BEGIN,012,-1.3761131583964439,1.1118234463339318,4.368530826019905,0.1754936475310197,-0.8497651711077394,0.3934803641676858,-11.516837077566187,1.7594574146979025,1
1154,2024-09-19 22:38:18.641509888,TASK_BEGIN,012,-1.3874430661155832,1.115863925636151,4.200659005639818,0.16980490997451353,-0.9533422275289762,0.40629435819731846,-11.766381824025494,1.9188785379639208,1
1155,2024-09-19 22:38:19.597261056,TASK_BEGIN,012,-1.3953145225472812,1.1186394259657162,3.999115103429423,0.16874870935829756,-1.0591470999932777,0.4206076876488173,-11.949473708552881,2.056476979826808,1
1156,2024-09-19 22:38:19.665069056,TASK_BEGIN,012,-1.3989914720981327,1.1200397743369737,3.772094570003665,0.1714320080222893,-1.163558307494044,0.43580967301043044,-12.053340921847179,2.167692177937515,1
1157,2024-09-19 22:38:19.719021056,TASK_BEGIN,012,-1.3983402086060512,1.1200601796976328,3.5279461904933824,0.17690604649142416,-1.2631361620017825,0.4513456232589208,-12.069931396236067,2.249680134925322,1
1158,2024-09-19 22:38:19.796201984,TASK_BEGIN,012,-1.393744914528694,1.1187864699470038,3.275244447812068,0.18414003227437867,-1.3551069437773582,0.46676576839251094,-11.99659228050165,2.301539818690585,1
1159,2024-09-19 22:38:19.857611776,TASK_BEGIN,012,-1.3859379342057112,1.1163638956208326,3.022609508553196,0.19203809482108447,-1.4376797095635194,0.48173425584313034,-11.836712917257248,2.3244102928561152,1
1160,2024-09-19 22:38:19.920953088,TASK_BEGIN,012,-1.3758409186299412,1.1129666071121422,2.7782708381090013,0.1995162902637258,-1.5100834736007842,0.49600378490594355,-11.599805351438382,2.3213550486279666,1
1161,2024-09-19 22:38:19.999375104,TASK_BEGIN,012,-1.3644822802612437,1.108778987463464,2.5497646742083284,0.2055621205689656,-1.572358959174651,0.5093674984260256,-11.300445388278183,2.296932104949257,1
1162,2024-09-19 22:38:20.944534272,TASK_BEGIN,012,-1.3530005141844428,1.1039920446076947,2.344012800452271,0.2092215546465371,-1.625031044702196,0.5216074829803311,-10.956193302721584,2.2565152536025495,1
1163,2024-09-19 22:38:21.007432960,TASK_BEGIN,012,-1.3427015238724538,1.0988144040314647,2.1675927195280478,0.2095567619194011,-1.6688214637064889,0.532470913213987,-10.58539130969338,2.20560330948436,1
1164,2024-09-19 22:38:21.082788096,TASK_BEGIN,012,-1.3351113391412874,1.0934939894209388,2.026877602970296,0.20563928660177522,-1.7045134909940527,0.5416980035213188,-10.205702207715674,2.149307712994541,1
1165,2024-09-19 22:38:21.147097856,TASK_BEGIN,012,-1.3319436423693913,1.0883367537885695,1.927905404885927,0.19659418432247402,-1.732940550174704,0.5490872103283752,-9.833598104904452,2.092051588628979,1
1166,2024-09-19 22:38:21.209142016,TASK_BEGIN,012,-1.334929590040868,1.0837044807634237,1.8759569110153493,0.1817012860953299,-1.7549874738007194,0.5545527682449168,-9.484690247072649,2.0374710862308456,1
1167,2024-09-19 22:38:21.271224064,TASK_BEGIN,012,-1.3455578303520164,1.0799869503734782,1.8749094853540578,0.16055578948483723,-1.7715760438850203,0.558146663196166,-9.174623168763382,1.9884988345803702,1
1168,2024-09-19 22:38:21.348485120,TASK_BEGIN,012,-1.364846109442631,1.0775615915267696,1.9266132337918607,0.1332266546747158,-1.7836860660014942,0.5600494805742589,-8.919814683108667,1.9475258676122946,1
1169,2024-09-19 22:38:22.297549056,TASK_BEGIN,012,-1.3932213840982905,1.0767574500382104,2.030577016822292,0.10031649228954187,-1.7923903710882996,0.56054087972404,-8.737352380804042,1.9165136336861643,1
1170,2024-09-19 22:38:22.365358080,TASK_BEGIN,012,-1.4304964831359566,1.0778303026046248,2.18401268592682,0.0628966241157095,-1.7988195097282471,0.5599590079213211,-8.64394608437795,1.8969848684335027,1
1171,2024-09-19 22:38:22.419437056,TASK_BEGIN,012,-1.4759096689014235,1.0809469035183938,2.3820340698543814,0.02238630270587744,-1.8040583673951602,0.5586684560567498,-8.654247805243983,1.8899032718586155,1
1172,2024-09-19 22:38:22.496681984,TASK_BEGIN,012,-1.528222100477561,1.0861800599527158,2.617849207343244,-0.019551810510906004,-1.8090480896232142,0.5570502390070905,-8.7790779363148,1.8955749553405998,1
1173,2024-09-19 22:38:22.559169024,TASK_BEGIN,012,-1.585876688525727,1.0935227884497631,2.8830350144744203,-0.06110435821040677,-1.8144899025054895,0.5554946752369505,-9.024068939379314,1.913720833598368,1
1174,2024-09-19 22:38:22.636416000,TASK_BEGIN,012,-1.6471969429946574,1.1029221707303585,3.1680325165535437,-0.10041448852929609,-1.8206728495116307,0.5543645802966851,-9.388793499127965,1.9436774335770142,1
1175,2024-09-19 22:38:22.701509120,TASK_BEGIN,012,-1.7105776563620558,1.1143178955551083,3.4627059794034833,-0.13566685450452493,-1.827229006716858,0.5539266740057761,-9.86619049356513,1.9845421123331932,1
1176,2024-09-19 22:38:23.621565184,TASK_BEGIN,012,-1.7746176357903014,1.1276659328803174,3.756604693154506,-0.16509920948952939,-1.8329637320681496,0.5542865635377046,-10.442301890727382,2.0351698984185687,1
1177,2024-09-19 22:38:23.689362176,TASK_BEGIN,012,-1.838170117547842,1.142939338537679,4.038870822386038,-0.18697241696434527,-1.835922096316273,0.5553693491386245,-11.09653880573502,2.0940882764867874,1
1178,2024-09-19 22:38:23.747472128,TASK_BEGIN,012,-1.9003198992484986,1.1601147556400067,4.29823342458973,-0.19958927014622022,-1.8337057896340487,0.5569616068666132,-11.802670736523979,2.159442607350037,1
1179,2024-09-19 22:38:23.824860160,TASK_BEGIN,012,-1.960310684938681,1.1791590612510485,4.523535156601125,-0.20140649091465432,-1.8239080145565765,0.558790064544618,-12.530517956823418,2.229025734745416,1
1180,2024-09-19 22:38:23.892625920,TASK_BEGIN,012,-2.0174417161077756,1.2000217092943855,4.7047232424801795,-0.1912024177802457,-1.8045238947603894,0.5605911050927268,-13.24808100733773,2.300377473638089,1
1181,2024-09-19 22:38:23.960397824,TASK_BEGIN,012,-2.070955569483953,1.222627218183032,4.833811358479394,-0.16822895382385056,-1.7742699208445267,0.5621446256581915,-13.923729836000557,2.3709021111106567,1
1182,2024-09-19 22:38:24.026490112,TASK_BEGIN,012,-2.1199474420214965,1.2468619740844593,4.9054084342378745,-0.13231088242828787,-1.7327769452068118,0.5632787570260291,-14.528162914100745,2.4379463172334934,1
1183,2024-09-19 22:38:24.966281984,TASK_BEGIN,012,-2.163323616851416,1.2725587921111552,4.916838915818263,-0.08392194099326225,-1.6806121851559839,0.5638600435226827,-15.036164130895852,2.4988451377087695,1
1184,2024-09-19 22:38:25.029177856,TASK_BEGIN,012,-2.199827150914412,1.2994867243929604,4.8680965344233735,-0.02427193641401462,-1.6191430123561097,0.5637777251496767,-15.428398882427896,2.5510167033999713,1
1185,2024-09-19 22:38:25.106599168,TASK_BEGIN,012,-2.22813184557169,1.327343825676243,4.761698217754778,0.044632298223429206,-1.5503417002769548,0.5629339989758788,-15.693151943166816,2.5921417529309325,1
1186,2024-09-19 22:38:25.169419008,TASK_BEGIN,012,-2.2469837040452125,1.3557417651424053,4.602364195441973,0.12002699096867966,-1.4766061460246074,0.5612471990900227,-15.827461709767327,2.6203769548869262,1
1187,2024-09-19 22:38:25.231881984,TASK_BEGIN,012,-2.2553589021376337,1.384178421280701,4.396572184012675,0.1985651054950004,-1.4005818595915451,0.5586552226576856,-15.837290038629284,2.6345431715662837,1
1188,2024-09-19 22:38:25.309528064,TASK_BEGIN,012,-2.2526019833277124,1.4120063410371888,4.152133880736709,0.2766016935015985,-1.3249644370386402,0.5551054471852465,-15.736798250042341,2.634238678516118,1
1189,2024-09-19 22:38:25.371102976,TASK_BEGIN,012,-2.238498409808735,1.438404192200044,3.8778557900375996,0.3505464797462056,-1.2523076783321034,0.5505394502852646,-15.54678795910592,2.619815390101056,1
1190,2024-09-19 22:38:26.320920832,TASK_BEGIN,012,-2.213253775774245,1.4623518023700217,3.5832018262734215,0.41723717119993126,-1.184858935994477,0.5448906992961785,-15.292332578237692,2.592208363922462,1
1191,2024-09-19 22:38:26.375586048,TASK_BEGIN,012,-2.177413284497357,1.4826137835348556,3.277796533626767,0.4743004301392311,-1.1244334286296012,0.5380997415741937,-15.000047634203705,2.552713058108365,1
1192,2024-09-19 22:38:26.452820992,TASK_BEGIN,012,-2.1317942225341686,1.4977479056280227,2.970697181721585,0.5204814519164819,-1.0723718031720766,0.5301377445904031,-14.695733031207052,2.5028420086507976,1
1193,2024-09-19 22:38:26.523740928,TASK_BEGIN,012,-2.077459163134048,1.5061514773614963,2.669592681836975,0.5559056581583199,-1.029626137861269,0.5210336345735296,-14.402836319634302,2.4443217463474207,1
1194,2024-09-19 22:38:26.577123072,TASK_BEGIN,012,-2.015683975685236,1.5061396851967848,2.380218151456985,0.5822043394819687,-0.9969440433208321,0.5109105700007566,-14.141778422337337,2.3791817242685713,1
1195,2024-09-19 22:38:26.651032832,TASK_BEGIN,012,-1.9478695076198353,1.4960380188832185,2.10615104354934,0.6024393969903429,-0.9750398330686924,0.5000270277018589,-13.929876252185844,2.30982515887934,1
1196,2024-09-19 22:38:26.713051136,TASK_BEGIN,012,-1.875404170005947,1.4742806378550521,1.848874832277105,0.6208130855756144,-0.9646619506362011,0.48879514258880913,-13.781238320930868,2.238971974151364,1
1197,2024-09-19 22:38:27.667118080,TASK_BEGIN,012,-1.7995334794861615,1.439522207956007,1.6078354319369816,0.6422157724164018,-0.9665969369813676,0.47775560137029266,-13.705939392302122,2.169402068789168,1
1198,2024-09-19 22:38:27.739570944,TASK_BEGIN,012,-1.7212949065718715,1.3907726672753695,1.3804192595700777,0.6716899651645493,-0.9817094182358109,0.4675181826742447,-13.708393995243194,2.1035237072304596,1
1199,2024-09-19 22:38:27.805881088,TASK_BEGIN,012,-1.6415404798322046,1.3275502929876657,1.1622011017464011,0.7138460095720989,-1.0109871322247688,0.45868700417332653,-13.78569861667431,2.0429309351173854,1
1200,2024-09-19 22:38:27.867439872,TASK_BEGIN,012,-1.5610298820636686,1.2500296375781177,0.9478606264655182,0.7722352634387882,-1.055462211410446,0.45178755255426695,-13.926989457134667,1.9881605738987427,1
1201,2024-09-19 22:38:27.929430784,TASK_BEGIN,012,-1.4805613346542743,1.1591538727326676,0.732628071681601,0.8487494331306024,-1.115987996150779,0.44721764508780126,-14.114333762253077,1.9387407039578834,1
1202,2024-09-19 22:38:28.006212864,TASK_BEGIN,012,-1.4011032603124132,1.0566941620684822,0.5136916598432467,0.9431780851714024,-1.1929672621295317,0.445232434884682,-14.324842355324472,1.8934545852283515,1
1203,2024-09-19 22:38:28.078253824,TASK_BEGIN,012,-1.32388471069869,0.9452599305203502,0.29119844859670496,1.0530091213602615,-1.2861070397517071,0.44594771585033743,-14.533284838825324,1.8506717009409102,1
1204,2024-09-19 22:38:28.993555968,TASK_BEGIN,012,-1.2504168691815725,0.8282694962624733,0.06881372716024244,1.1734754655490176,-1.394236727881947,0.44934004446202663,-14.714725720569849,1.8086567706999248,1
1205,2024-09-19 22:38:29.056441088,TASK_BEGIN,012,-1.1824564964127984,0.709873054113965,-0.14616274062778298,1.2978368714471826,-1.5152232052366514,0.45523275799788093,-14.847063706765054,1.765870133209956,1
1206,2024-09-19 22:38:29.118242048,TASK_BEGIN,012,-1.1219441053313293,0.5947990825189307,-0.3431942021187277,1.4178993754580804,-1.645997619282959,0.4632693571141851,-14.91335264415179,1.7212878682744026,1
1207,2024-09-19 22:38:29.196419840,TASK_BEGIN,012,-1.0709156957037576,0.4880918746367722,-0.5095125298480456,1.5247563829774884,-1.7826770097331968,0.47288872211934047,-14.903667241654988,1.6747108677271216,1
1208,2024-09-19 22:38:29.268289024,TASK_BEGIN,012,-1.0313405688810247,0.3947309862477931,-0.6317756296783701,1.6096943599951385,-1.9207262911579992,0.4833180585975137,-14.816306770674387,1.6270038417410515,1
1209,2024-09-19 22:38:29.321874944,TASK_BEGIN,012,-1.0048659303700977,0.3191706226652337,-0.6981866920017268,1.665162848516781,-2.0551116323016037,0.49359235040778954,-14.657974469700743,1.5801863532317826,1
1210,2024-09-19 22:38:29.398432768,TASK_BEGIN,012,-0.9925358031432798,0.26488382722630005,-0.7006397524888672,1.68566831003471,-2.180489351423501,0.5026107042216761,-14.442414669409356,1.5372624708928064,1
1211,2024-09-19 22:38:30.346026752,TASK_BEGIN,012,-0.9945910430869722,0.2340144845110689,-0.6364367515659886,1.6684301945963411,-2.2915178884279435,0.5092369705166137,-14.187496654726347,1.5017358105393979,1
1212,2024-09-19 22:38:30.407448064,TASK_BEGIN,012,-1.0104133984806718,0.22722151707955848,-0.5091692466794961,1.6136575526454622,-2.3832820365289535,0.5124300537973702,-13.911599765156192,1.4769389357635514,1
1213,2024-09-19 22:38:30.482872064,TASK_BEGIN,012,-1.0386096443666155,0.24374493501471312,-0.32843320796174813,1.5243805875561953,-2.4517262909754263,0.5113710871350635,-13.630488409346189,1.4654347717889336,1
1214,2024-09-19 22:38:30.550647040,TASK_BEGIN,012,-1.077197238012119,0.281650341561056,-0.10836141548025947,1.405891285678078,-2.4940154337927507,0.5055584256607331,-13.35548149153712,1.4686824097062865,1
1215,2024-09-19 22:38:30.615207936,TASK_BEGIN,012,-1.1238499381342117,0.33816069305767865,0.13466442793806013,1.2649473567105212,-2.5087873567291252,0.4948531603685522,-13.093116063228308,1.4869815599329257,1
1216,2024-09-19 22:38:30.677710848,TASK_BEGIN,012,-1.1761557570211887,0.4099879824189182,0.38457003065239537,1.108924616036493,-2.4962592545505022,0.47946789488048724,-12.846127295891295,1.5195968831445958,1
1217,2024-09-19 22:38:30.739791104,TASK_BEGIN,012,-1.231830341923515,0.49361582605010296,0.6277696564417747,0.9450789158482595,-2.458147186433377,0.4599087072663831,-12.615355726920296,1.5649741721597803,1
1218,2024-09-19 22:38:31.678859008,TASK_BEGIN,012,-1.2888473997588967,0.5855226104167924,0.8544313175512966,0.7800146224988749,-2.3974057647745766,0.43689710670670123,-12.401935397838532,1.6210116158481533,1
1219,2024-09-19 22:38:31.759054080,TASK_BEGIN,012,-1.3454810942541655,0.6823518637804324,1.0587595608688205,0.6193661722511118,-2.317841625129778,0.41129375409113633,-12.208988766570567,1.6853451786403284,1
1220,2024-09-19 22:38:31.825577984,TASK_BEGIN,012,-1.4002789514795004,0.7810337356749647,1.2387336169345327,0.4676411092450025,-2.223661119024737,0.3840251241064313,-12.042222462823752,1.7555505498490005,1
1221,2024-09-19 22:38:31.894163968,TASK_BEGIN,012,-1.4520094867272177,0.8788582124979296,1.3957942300622959,0.32817612100057414,-2.1190099602231762,0.3560074091415673,-11.909117505565519,1.8291614496384556,1
1222,2024-09-19 22:38:31.961731072,TASK_BEGIN,012,-1.4996444469623107,0.9735087663932593,1.5345957789032112,0.2031799478216366,-2.0075812476318973,0.3280742491179728,-11.816901861193713,1.9035357972394864,1
1223,2024-09-19 22:38:32.024795136,TASK_BEGIN,012,-1.5424042942403808,1.0630761648774225,1.6625250621771437,0.09385611432119871,-1.8923742572498743,0.3009252113779165,-11.770184045749199,1.9757624527579327,1
1224,2024-09-19 22:38:32.096506112,TASK_BEGIN,012,-1.5798337871292027,1.1460710494275248,1.7886711132120876,0.0006082602061002642,-1.775634804453975,0.27510791284250014,-11.769369457789715,2.042793140995863,1
1225,2024-09-19 22:38:33.047274240,TASK_BEGIN,012,-1.611843410240269,1.2214368613040596,1.9223581970106696,-0.0767024076062229,-1.6589253712183558,0.251029497801,-11.810465032928876,2.1017993195432654,1
1226,2024-09-19 22:38:33.103912192,TASK_BEGIN,012,-1.63867775084219,1.2885470252096218,2.0716715493587166,-0.13853291460184186,-1.543246201890348,0.22897647767101498,-11.886127674892805,2.150577342002765,1
1227,2024-09-19 22:38:33.181092096,TASK_BEGIN,012,-1.6608200403828146,1.3471720397818296,2.242307580066878,-0.18555589500013472,-1.4291915094122933,0.20912879258892084,-11.987372885698667,2.1878102394200836,1
1228,2024-09-19 22:38:33.245478912,TASK_BEGIN,012,-1.6788744301606182,1.3974202220305272,2.4369004483455643,-0.21869768690657124,-1.3171740939027496,0.1915767087598916,-12.105428438284486,2.2131418907936915,1
1229,2024-09-19 22:38:33.317550848,TASK_BEGIN,012,-1.6934789922265956,1.4396687672195199,2.654844464736557,-0.2392356037098337,-1.207703902425383,0.1763559667033118,-12.233490358446897,2.2271564851237624,1
1230,2024-09-19 22:38:33.386051072,TASK_BEGIN,012,-1.7052848267281489,1.4745000303922173,2.892492558592377,-0.24883133857835918,-1.101651040512562,0.1635042162268549,-12.36806339520988,2.231316695392884,1
1231,2024-09-19 22:38:33.453769984,TASK_BEGIN,012,-1.714983901530304,1.502648142391535,3.1436478499864777,-0.24945683405128202,-1.0004264362401902,0.15312346252541081,-12.509346013347292,2.2278047198586686,1
1232,2024-09-19 22:38:34.371389952,TASK_BEGIN,012,-1.7233322342427957,1.5249529164195528,3.400378457129029,-0.2432691176361552,-0.9060146606992463,0.1454178072026903,-12.660479371510682,2.2192476553856024,1
1233,2024-09-19 22:38:34.440048896,TASK_BEGIN,012,-1.7311398505916737,1.5423159805125433,3.6540922857015947,-0.23249757140800256,-0.820810643820367,0.14068207582958012,-12.82621219255244,2.2084200180350186,1
1234,2024-09-19 22:38:34.495486976,TASK_BEGIN,012,-1.739239266433081,1.555654456297745,3.896687476111163,-0.2193706889193909,-0.7473019454499282,0.13924714093153176,-13.01166451887996,2.1979885680513433,1
1235,2024-09-19 22:38:34.573140992,TASK_BEGIN,012,-1.7484481552295488,1.5658494764133326,4.121624363576775,-0.2060742451204126,-0.6877168021367154,0.14140848807772768,-13.22141127325572,2.1902793643270475,1
1236,2024-09-19 22:38:34.643311104,TASK_BEGIN,012,-1.7595336324157218,1.5736952956445938,4.324733087746024,-0.1946806863188443,-0.6437419583133344,0.14735894307741507,-13.458913560734805,2.1870929256500724,1
1237,2024-09-19 22:38:34.706214912,TASK_BEGIN,012,-1.7731937497732906,1.5798633483763278,4.504511281705134,-0.18699553163710203,-0.6163670290439424,0.15713737561180013,-13.72629500335635,2.1896530544335895,1
1238,2024-09-19 22:38:34.778925056,TASK_BEGIN,012,-1.7900616313264603,1.584890922041949,4.661857049527195,-0.1843596377356738,-0.6058818754059581,0.1706052581748045,-14.024089490783743,2.1986889431185466,1
1239,2024-09-19 22:38:35.721456128,TASK_BEGIN,012,-1.810703870261105,1.589189955840117,4.799462174401863,-0.18748431632741672,-0.6120072962376317,0.18745805037281082,-14.350576373064337,2.2145500469347104,1
1240,2024-09-19 22:38:35.783818240,TASK_BEGIN,012,-1.835582773640558,1.593063199587271,4.921083119629872,-0.19633411771520953,-0.634100118132215,0.20726592978534844,-14.701024169392907,2.237258771508734,1
1241,2024-09-19 22:38:35.857173760,TASK_BEGIN,012,-1.8649774115189717,1.5967161104003305,5.03067006539502,-0.21003737730131783,-0.6713665871258852,0.22952710672678847,-15.067493681239409,2.26646732635497,1
1242,2024-09-19 22:38:35.923047168,TASK_BEGIN,012,-1.8988689611765688,1.6002582394127145,5.131307435326598,-0.2268500041208676,-0.7230022391396801,0.2537089328701304,-15.439422149273705,2.3013783737544022,1
1243,2024-09-19 22:38:35.985876992,TASK_BEGIN,012,-1.9368003720355955,1.6036938563619432,5.224273717590494,-0.2442521482124296,-0.7881847467290762,0.279256378738978,-15.804775674728338,2.340738598777844,1
1244,2024-09-19 22:38:36.059796992,TASK_BEGIN,012,-1.9777380845578016,1.6069069568299326,5.308752378198389,-0.25923832246320505,-0.8659270464757531,0.30556651276146163,-16.151351579590553,2.382928889055664,1
1245,2024-09-19 22:38:36.128110848,TASK_BEGIN,012,-2.019996473473874,1.609654466624537,5.382338874203647,-0.2687509936523059,-0.9548603498614118,0.33194145300088096,-16.467841230296493,2.4261020273371177,1
1246,2024-09-19 22:38:37.062782976,TASK_BEGIN,012,-2.0613101045107136,1.6115905452852792,5.441919261576756,-0.2701101653294481,-1.0530053969985762,0.3575351833651591,-16.744699050393763,2.4683879242382765,1
1247,2024-09-19 22:38:37.124793856,TASK_BEGIN,012,-2.0990991196875,1.612337637639703,5.484454400314269,-0.2613233213953148,-1.157602799987656,0.38131746868114874,-16.9751714773352,2.5082168219640066,1
1248,2024-09-19 22:38:37.207731968,TASK_BEGIN,012,-2.1308670153278015,1.6115927077890155,5.507537034019149,-0.24126024232521703,-1.2651254324222456,0.4020858740754499,-17.156473741888963,2.5446730155664703,1
1249,2024-09-19 22:38:37.275517184,TASK_BEGIN,012,-2.1545900256958674,1.6092322252869922,5.509726360569865,-0.20971635062556632,-1.3715649611524572,0.4185389314420921,-17.290505553197683,2.5776608807837462,1
1250,2024-09-19 22:38:37.343301888,TASK_BEGIN,012,-2.168980291806378,1.605378515566219,5.490692665612762,-0.167383146003721,-1.472947543981751,0.42938510994148205,-17.38333113218915,2.607732327643241,1
1251,2024-09-19 22:38:37.402912000,TASK_BEGIN,012,-2.173594879658712,1.6004126895043087,5.4513796790597056,-0.11576561817599457,-1.565898277602165,0.4334432191607354,-17.443258410489936,2.6356535736685127,1
1252,2024-09-19 22:38:37.478249984,TASK_BEGIN,012,-2.168825122350968,1.5949466121707327,5.3943995223742505,-0.05709699527137793,-1.648041584122161,0.4297076305905147,-17.478471914823967,2.6619707908262313,1
1253,2024-09-19 22:38:38.422422016,TASK_BEGIN,012,-2.155800775435534,1.5897755715505415,5.324507366452771,0.005744417706495386,-1.7181435953792075,0.4173843772646954,-17.495555210706428,2.6868069380968267,1
1254,2024-09-19 22:38:38.490104064,TASK_BEGIN,012,-2.1362237400912747,1.5858202812022428,5.2486610025788645,0.06936644843498585,-1.77608224161712,0.3959196864809951,-17.499271429039332,2.7099314411774786,1
1255,2024-09-19 22:38:38.553949952,TASK_BEGIN,012,-2.112155358707499,1.5840544759176307,5.175249718330259,0.13011599955141923,-1.822777840998728,0.3650295594793048,-17.492954694351013,2.730977495748895,1
1256,2024-09-19 22:38:38.624871168,TASK_BEGIN,012,-2.0858116262800297,1.5854211355879122,5.11254982684496,0.18449877509467782,-1.860101702357295,0.3247204945083878,-17.478949600306734,2.7496754558757224,1
1257,2024-09-19 22:38:38.687555840,TASK_BEGIN,012,-2.059415889674309,1.590752239683518,5.067028159682076,0.22969263888220925,-1.8906793526942112,0.2752881900009263,-17.459099176071994,2.7660521471525352,1
1258,2024-09-19 22:38:38.757541888,TASK_BEGIN,012,-2.035107232149212,1.6007027809380745,5.042320597138716,0.263947221124979,-1.9175520286459427,0.21728992746931813,-17.4353725620037,2.7805629364111915,1
1259,2024-09-19 22:38:38.826150912,TASK_BEGIN,012,-2.0148628566637634,1.615693865377437,5.039276747685944,0.2866842870833889,-1.943797670461946,0.15150497068012012,-17.41039645093479,2.7941088441895405,1
1260,2024-09-19 22:38:39.742788096,TASK_BEGIN,012,-2.000394076151632,1.6358525789587766,5.056745951162274,0.298300775051988,-1.9722725323636294,0.07891354621124845,-17.38740323623436,2.807921273843216,1
1261,2024-09-19 22:38:39.805275904,TASK_BEGIN,012,-1.9930041000456324,1.660949192756164,5.092505943982016,0.29982214516510874,-2.0055274338128988,0.0007101086079087612,-17.36928366486052,2.823339218180524,1
1262,2024-09-19 22:38:39.883035904,TASK_BEGIN,012,-1.9934394982405337,1.690352716483608,5.144002732321909,0.29253479237631946,-2.0457940409570043,-0.0816720184326584,-17.35719067109737,2.8415708971394316,1
1263,2024-09-19 22:38:39.945125120,TASK_BEGIN,012,-2.0017939575821337,1.72302861025562,5.2088092248149165,0.2776636254092061,-2.094914731579994,-0.16656272376179665,-17.349850938553757,2.863588525603716,1
1264,2024-09-19 22:38:40.007610112,TASK_BEGIN,012,-2.017504931711268,1.7575836812820305,5.284686297862359,0.25617463106126687,-2.154198984537905,-0.25209919286309956,-17.344336028191005,2.890219226754165,1
1265,2024-09-19 22:38:40.085414912,TASK_BEGIN,012,-2.039444360306608,1.79234603897404,5.369166309468682,0.2287929644739818,-2.224265880307587,-0.3363005862450796,-17.33779487115362,2.9223298280628205,1
1266,2024-09-19 22:38:40.147899904,TASK_BEGIN,012,-2.0660813733406327,1.8254685688955479,5.458861013710258,0.1962263664429063,-2.304910022395001,-0.41715652730000574,-17.329102607067597,2.960975198873836,1
1267,2024-09-19 22:38:41.086214144,TASK_BEGIN,012,-2.0956902635387564,1.855051728593359,5.548958393377817,0.15944904660411943,-2.394969731684539,-0.4927230351352529,-17.319986743321493,3.0074884158071256,1
1268,2024-09-19 22:38:41.164320000,TASK_BEGIN,012,-2.126564607966387,1.8792800387721722,5.6332819725369925,0.11988276251518835,-2.4921689877855675,-0.5612290948300209,-17.31558240595258,3.0635009141877854,1
1269,2024-09-19 22:38:41.225935104,TASK_BEGIN,012,-2.1571851391616375,1.8965622745913049,5.7049121492266295,0.07940602454037352,-2.59299132875763,-0.6211892271384852,-17.324003850191094,3.130774000238964,1
1270,2024-09-19 22:38:41.287985152,TASK_BEGIN,012,-2.1863126692309827,1.90566491467118,5.7571013146998595,0.040217688847504804,-2.6927406905428453,-0.6714964506066049,-17.354669921755686,3.2107823131119564,1
1271,2024-09-19 22:38:41.366089984,TASK_BEGIN,012,-2.213011127846205,1.9058203989979428,5.784185239067222,0.0046308724297410815,-2.7859144368677726,-0.7114659872608055,-17.416041994698173,3.304221735623848,1
1272,2024-09-19 22:38:41.435834880,TASK_BEGIN,012,-2.2366038904607652,1.89678067272493,5.782175896844614,-0.02510307020055228,-2.8668663626816886,-0.7408224212381426,-17.51380013243683,3.41068605288655,1
1273,2024-09-19 22:38:41.503617792,TASK_BEGIN,012,-2.256566455732515,1.8787962967775507,5.748757671490767,-0.04685959480739233,-2.9305897290482337,-0.7596472574769184,-17.649890357223825,3.5285915161477575,1
1274,2024-09-19 22:38:42.434379264,TASK_BEGIN,012,-2.272382140340723,1.8525258543796426,5.6827361441623205,-0.058606057195896046,-2.9733854563010995,-0.7683123890876801,-17.82222942863144,3.6552839427411232,1
1275,2024-09-19 22:38:42.511662080,TASK_BEGIN,012,-2.283397124049887,1.8188936438130687,5.583326570025777,-0.05837327051198879,-2.993247513998209,-0.7674165550112623,-18.024801680397008,3.787272622029021,1
1276,2024-09-19 22:38:42.573705728,TASK_BEGIN,012,-2.288709829137925,1.7789146715736048,5.4496390645098325,-0.04433131889105724,-2.9899535886206157,-0.7577276650043101,-18.24812096835334,3.920562187593518,1
1277,2024-09-19 22:38:42.637739008,TASK_BEGIN,012,-2.287122801789783,1.7335046401903795,5.280493781889823,-0.0149669760848732,-2.9649455857898546,-0.7401329946116242,-18.480080212672338,4.051007040600788,1
1278,2024-09-19 22:38:42.717819904,TASK_BEGIN,012,-2.277155941719553,1.683294137582281,5.074550370734456,0.030729376184839476,-2.9210700622553025,-0.7156060830163175,-18.707175237457605,4.1746093207314106,1
1279,2024-09-19 22:38:42.777905152,TASK_BEGIN,012,-2.2571036129479105,1.628473574117095,4.830666597151669,0.09317118840014374,-2.8622199142151894,-0.6851914492422139,-18.916050987199707,4.287755339083755,1
1280,2024-09-19 22:38:42.853358848,TASK_BEGIN,012,-2.22513955869264,1.568698907521078,4.548403848777922,0.1722190410603841,-2.792921720307082,-0.6499933742411055,-19.095061647194168,4.387396555777239,1
1281,2024-09-19 22:38:43.781554944,TASK_BEGIN,012,-2.1794917537413396,1.5030811571014135,4.228689999754442,0.2673090341903539,-2.7179030629016463,-0.611156288793557,-19.235405999219896,4.471139552239095,1
1282,2024-09-19 22:38:43.859677952,TASK_BEGIN,012,-2.1186900450394233,1.430273193895237,3.8746827721257775,0.3775553205870415,-2.6416679791470785,-0.5698332795969459,-19.331723218610772,4.537223441259772,1
1283,2024-09-19 22:38:43.922163968,TASK_BEGIN,012,-2.0418409622501876,1.3486560936929544,3.492688033989775,0.5017406008967709,-2.568130101244416,-0.5271397110326037,-19.3821669801524,4.58437473197287,1
1284,2024-09-19 22:38:43.999902976,TASK_BEGIN,012,-1.9488577094590294,1.2566109562861345,3.092763586768006,0.638201898067014,-2.5003368104927928,-0.48409465708286237,-19.38776415892933,4.611546990942007,1
1285,2024-09-19 22:38:44.062775808,TASK_BEGIN,012,-1.8406068848122052,1.152849504165852,2.688680661125822,0.7846891699645534,-2.4402788372305295,-0.4415671221870005,-19.351059158363267,4.617665592182798,1
1286,2024-09-19 22:38:44.124347904,TASK_BEGIN,012,-1.7189804146489154,1.0367753865050189,2.297144298652799,0.9382653493407714,-2.388789190244124,-0.400248194357929,-19.27452719429676,4.601566602055223,1
1287,2024-09-19 22:38:44.200570112,TASK_BEGIN,012,-1.586904446484137,0.9088424807241237,1.9363362283726804,1.0952812809089305,-2.345545232920169,-0.360663116353354,-19.15937181234824,4.562216934226682,1
1288,2024-09-19 22:38:45.121161984,TASK_BEGIN,012,-1.448271243516846,0.7708503791912635,1.6239427814801077,1.251460868107269,-2.3091631356816147,-0.32322540944008377,-19.00517490207971,4.499154843918308,1
1289,2024-09-19 22:38:45.183902976,TASK_BEGIN,012,-1.307767211138886,0.6260937990990009,1.3750157085549144,1.40212570132013,-2.2773726072058684,-0.2883164122318985,-18.810680837041193,4.41302125748687,1
1290,2024-09-19 22:38:45.257499904,TASK_BEGIN,012,-1.1705880976187175,0.47929162751396626,1.2002303635655036,1.5425174755944655,-2.247286181138105,-0.25635324424193384,-18.575638125583232,4.306040941708689,1
1291,2024-09-19 22:38:45.325266176,TASK_BEGIN,012,-1.0420647833399042,0.33625590160578483,1.1050389603807487,1.668124578048612,-2.2157745246198073,-0.2278057361743385,-18.303013801257297,4.1822881631596776,1
1292,2024-09-19 22:38:45.393035008,TASK_BEGIN,012,-0.9272417282286316,0.203321106623974,1.089795383754561,1.7749649326857624,-2.1799133777009745,-0.20315171935251916,-18.00052011264791,4.047584208401361,1
1293,2024-09-19 22:38:45.460814080,TASK_BEGIN,012,-0.830461583479427,0.08664526184758443,1.1506005571297218,1.8598254940309613,-2.13741274855911,-0.1827997163567372,-17.680733536426086,3.9090129764749606,1
1294,2024-09-19 22:38:45.526374912,TASK_BEGIN,012,-0.7550224335354855,-0.00844547039977478,1.2805882286590078,1.9204366383232268,-2.0869056157622663,-0.16702263662290753,-17.359748979600898,3.7741841757004444,1
1295,2024-09-19 22:38:46.460656128,TASK_BEGIN,012,-0.7029537961592239,-0.07793829273551794,1.4713505983017432,1.955537595275091,-2.0279887307377007,-0.1559296117825571,-17.054769242823134,3.650387727912949,1
1296,2024-09-19 22:38:46.538358784,TASK_BEGIN,012,-0.6749025092333655,-0.11941021940182968,1.71420108734805,1.9648148741258609,-1.9610123190772675,-0.14947208679551263,-16.781437435232647,3.5437831212688744,1
1297,2024-09-19 22:38:46.607243776,TASK_BEGIN,012,-0.6700973126149026,-0.13212544212638674,2.0011243525577425,1.948751752903002,-1.886774041715798,-0.1474560198033896,-16.552038740228586,3.4588230146552963,1
1298,2024-09-19 22:38:46.665041920,TASK_BEGIN,012,-0.6863957402490963,-0.11697765246777564,2.3253314902908144,1.9084773010861662,-1.8063051785295794,-0.14954346259693482,-16.375228483339505,3.398061035921686,1
1299,2024-09-19 22:38:46.742670848,TASK_BEGIN,012,-0.7204479102961344,-0.07629588555147604,2.6812856404055045,1.845690547852243,-1.7207751306322447,-0.15526232099183107,-16.256652691004977,3.3622912759002967,1
1300,2024-09-19 22:38:46.804864000,TASK_BEGIN,012,-0.7679902348669629,-0.013551563725763209,3.0641783195140553,1.762663015562735,-1.6314249135821983,-0.16404319681707197,-16.199148508291938,3.3508309170174835,1
1301,2024-09-19 22:38:46.866388992,TASK_BEGIN,012,-0.8242317363193905,0.06697959452255114,3.4690879379006794,1.6622699663520215,-1.5395047188667927,-0.17526868230468054,-16.20210174748342,3.3618141946107998,1
1302,2024-09-19 22:38:47.816358144,TASK_BEGIN,012,-0.8842670408697344,0.16055958862203,3.8901561319404867,1.5479950355883578,-1.446226367321669,-0.1883170270220239,-16.260734039390343,3.3924617663838483,1
1303,2024-09-19 22:38:47.878395136,TASK_BEGIN,012,-0.943457189384366,0.2623146411435099,4.320033719479275,1.4238649877500418,-1.3526866017194417,-0.20260253149601679,-16.366117074327857,3.439313516658845,1
1304,2024-09-19 22:38:47.957031936,TASK_BEGIN,012,-0.9977439683903669,0.3675316259439573,4.749745362917105,1.2942945858120953,-1.2597530723171422,-0.21761074123586957,-16.50598618243105,3.4984339783636096,1
1305,2024-09-19 22:38:48.024261888,TASK_BEGIN,012,-1.0438920189138239,0.47190574072471736,5.169054520157233,1.1638577458440151,-1.1679937983417699,-0.23291702386732177,-16.665984551273564,3.5656281149150875,1
1306,2024-09-19 22:38:48.092575232,TASK_BEGIN,012,-1.0796649943067689,0.5717240858912154,5.567308533157036,1.0370293380408389,-1.0777132375380176,-0.2481895937045487,-16.83099816070266,3.6366785385902527,1
1307,2024-09-19 22:38:48.159161088,TASK_BEGIN,012,-1.10391948405165,0.6639777132747331,5.934617460651628,0.917941331520316,-0.9890859448114458,-0.2631865622039365,-16.986439561035155,3.707559815841064,1
1308,2024-09-19 22:38:48.228121088,TASK_BEGIN,012,-1.116580104451181,0.7464028014374557,6.2631198809973565,0.8101741995516878,-0.9023306624287295,-0.27775148020079643,-17.119427280219767,3.774572794472512,1
1309,2024-09-19 22:38:49.171874048,TASK_BEGIN,012,-1.1184895560339319,0.8174619130551456,6.548061068787354,0.7165816970655439,-0.8178442148887672,-0.2918062173023749,-17.219668685498085,3.8343710769778796,1
1310,2024-09-19 22:38:49.239702784,TASK_BEGIN,012,-1.1111813052183612,0.8762834274795122,6.788489160421111,0.6391448500925166,-0.7362586027796743,-0.30533252920304743,-17.27966969548629,3.8838697151731014,1
1311,2024-09-19 22:38:49.307460864,TASK_BEGIN,012,-1.0966395108190574,0.9225754367939887,6.987428440214568,0.5788787930555591,-0.6584642795908878,-0.31833469519910623,-17.2940290836055,3.920049954255695,1
1312,2024-09-19 22:38:49.372134144,TASK_BEGIN,012,-1.0770875595678806,0.956525694513505,7.151395612251903,0.5358359474756714,-0.5856474693243656,-0.33079252382614344,-17.258164800633377,3.9397650539646696,1
1313,2024-09-19 22:38:49.434166016,TASK_BEGIN,012,-1.0548146802665284,0.9786970275295521,7.289308327331425,0.5092240445909476,-0.519320362917949,-0.34262471069827627,-17.167420466979284,3.939739840219763,1
1314,2024-09-19 22:38:49.496273920,TASK_BEGIN,012,-1.0320267197963235,0.9899246043100459,7.411043630802013,0.4976214465090662,-0.46127261273676795,-0.3536769150156595,-17.01734981141265,3.9168988783053296,1
1315,2024-09-19 22:38:49.578105088,TASK_BEGIN,012,-1.0106949068442996,0.9912172619233429,7.525872815124329,0.4992438104825735,-0.4134021408807055,-0.36373972182894937,-16.80503791720325,3.8689528529133907,1
1316,2024-09-19 22:38:50.509931776,TASK_BEGIN,012,-0.9923829239752759,0.9836653429839958,7.640998685283472,0.5121825725727361,-0.37746417271974775,-0.3725928406742317,-16.53058084127979,3.794982438534603,1
1317,2024-09-19 22:38:50.589827072,TASK_BEGIN,012,-0.9780795664961237,0.9683642050871601,7.760547766499927,0.5345498773239037,-0.3548144990416317,-0.3800624298721044,-16.19802589407511,3.695781270835746,1
1318,2024-09-19 22:38:50.646353920,TASK_BEGIN,012,-0.968116868542057,0.9463667440008469,7.885237586440368,0.5645523911910153,-0.34618639943942064,-0.3860763549020317,-15.815762656820901,3.573942014387621,1
1319,2024-09-19 22:38:50.723966976,TASK_BEGIN,012,-0.9622296698488687,0.9186697289630463,8.012585425007613,0.6005730422384649,-0.3515231350344345,-0.3907063548270203,-15.396773300461401,3.4338294791191935,1
1320,2024-09-19 22:38:50.786451968,TASK_BEGIN,012,-0.9597230784493958,0.8862236519624825,8.137415418421524,0.6412853673319087,-0.3699379194588207,-0.3941829873327729,-14.959084190872229,3.2815472024249543,1
1321,2024-09-19 22:38:50.861088000,TASK_BEGIN,012,-0.9596478652237285,0.8499462575249679,8.252622427963702,0.6857338252078428,-0.39987953964934025,-0.3968658874133895,-14.526379949186916,3.124879869591026,1
1322,2024-09-19 22:38:50.928860928,TASK_BEGIN,012,-0.9609016094236669,0.8107205534644282,8.350258287003616,0.7333137789499896,-0.4394687420850857,-0.39916879551684564,-14.128145248995763,2.973070382289449,1
1323,2024-09-19 22:38:51.833857792,TASK_BEGIN,012,-0.962262137800205,0.7693713740358364,8.422771542966368,0.7836931705672884,-0.4868522895529575,-0.40146641435088437,-13.79840126331921,2.836255547056949,1
1324,2024-09-19 22:38:51.915026944,TASK_BEGIN,012,-0.962419529305886,0.7266333765622983,8.463985650737024,0.8367877396679023,-0.5404261917782665,-0.40401981332635517,-13.57275083103049,2.724556462610875,1
1325,2024-09-19 22:38:51.982784000,TASK_BEGIN,012,-0.9600501369892632,0.6831301018949903,8.469581290960294,0.8928192735626928,-0.5988730905783717,-0.40694570131685065,-13.484456769388043,2.6470620957440847,1
1326,2024-09-19 22:38:52.049884160,TASK_BEGIN,012,-0.95393672571225,0.6393729649928966,8.437244111867523,0.9523611168561464,-0.661042344403941,-0.410237714182893,-13.560555894073843,2.610975266673209,1
1327,2024-09-19 22:38:52.118330112,TASK_BEGIN,012,-0.9431179822408463,0.5957733865264535,8.366763386889094,1.0162593361061303,-0.7257571926386617,-0.4138283340219493,-13.818591897009048,2.621004980612976,1
1328,2024-09-19 22:38:52.173965824,TASK_BEGIN,012,-0.9270239335268746,0.5526556879543929,8.260284480792912,1.0853786614477146,-0.7916611656301522,-0.4176599312571931,-14.264128511371366,2.6789365536973984,1
1329,2024-09-19 22:38:52.251111168,TASK_BEGIN,012,-0.9055381059399358,0.5102664216481592,8.122835759858154,1.160181717636701,-0.8571832029709278,-0.4217265583172872,-14.889150923685458,2.783350382702798,1
1330,2024-09-19 22:38:53.190157056,TASK_BEGIN,012,-0.8789525055077234,0.46878466013418196,7.962958713008186,1.2402410841177924,-0.920637097843055,-0.42606534475059843,-15.671636194186966,2.9295842346103584,1
1331,2024-09-19 22:38:53.252645120,TASK_BEGIN,012,-0.847835742805149,0.4283344192664064,7.792800032124918,1.323897309624322,-0.9804265957531111,-0.4307091856810667,-16.57653157853904,3.1100278047271974,1
1332,2024-09-19 22:38:53.332902912,TASK_BEGIN,012,-0.8128807938087026,0.38899405352151395,7.627001386393055,1.4082731905427717,-1.0352984421014781,-0.4356335813563919,-17.558042506007,3.314698913517624,1
1333,2024-09-19 22:38:53.392352000,TASK_BEGIN,012,-0.7748050901863616,0.35080316358678315,7.480427303545702,1.4896728412408404,-1.0845708083320913,-0.4407217403489228,-18.562922568295512,3.5319865009387765,1
1334,2024-09-19 22:38:53.454342912,TASK_BEGIN,012,-0.7343368525009715,0.3137761256143751,7.365535182472514,1.5641868587968253,-1.1282638218773031,-0.4457518080552867,-19.53462659914292,3.7495314012601755,1
1335,2024-09-19 22:38:53.536165888,TASK_BEGIN,012,-0.692267225560789,0.2779261940926437,7.290219926861929,1.6282869617324058,-1.1670691483493048,-0.4504039094292462,-20.418327075710003,3.9552738249797352,1
1336,2024-09-19 22:38:53.604083968,TASK_BEGIN,012,-0.6495229642731611,0.24329146185400166,7.2564454383607755,1.6793087132390696,-1.202153369526978,-0.4542858508016039,-21.166353168108923,4.138590661834516,1
1337,2024-09-19 22:38:54.538065920,TASK_BEGIN,012,-0.6072222049985131,0.2099489957602554,7.259766124752763,1.715798976911627,-1.2348664036364398,-0.4569757989189298,-21.742967248143675,4.291300053551923,1
1338,2024-09-19 22:38:54.615096064,TASK_BEGIN,012,-0.5666827956886188,0.1780098100894276,7.290046305185093,1.737676101138184,-1.2664279185959215,-0.45808483747410084,-22.127456672970613,4.408311307555776,1
1339,2024-09-19 22:38:54.682884096,TASK_BEGIN,012,-0.5293700504981049,0.1476005983925576,7.333506759446526,1.7461432585152994,-1.2976373553589888,-0.45733675629961823,-22.31525632538689,4.48783292176621,1
1340,2024-09-19 22:38:54.750641152,TASK_BEGIN,012,-0.4968077555311762,0.11884603058574233,7.375495737551848,1.7433853175158152,-1.328680061743225,-0.4546370328355762,-22.31731851455735,4.531169911744266,1
1341,2024-09-19 22:38:54.818280960,TASK_BEGIN,012,-0.4704795982603337,0.09185973643378194,7.402950244669233,1.7321763220383801,-1.3591054247888732,-0.45009455045172947,-22.157852701132597,4.54216193068628,1
1342,2024-09-19 22:38:54.886179072,TASK_BEGIN,012,-0.45171913611543835,0.06674496903514632,7.405870056674778,1.7155225862911763,-1.387972825404551,-0.4439877652172451,-21.870523648295897,4.526314828207104,1
1343,2024-09-19 22:38:54.954021888,TASK_BEGIN,012,-0.4415937273012479,0.04360535535152446,7.377775797536122,1.6963851100062202,-1.4140695062181798,-0.4366981358403545,-21.493685588970564,4.489777683430141,1
1344,2024-09-19 22:38:55.866556928,TASK_BEGIN,012,-0.44081841601351107,0.02256135537108649,7.31552569473868,1.6774609216278273,-1.436072705852988,-0.42864205230790287,-21.065628282039015,4.438411354491232,1
1345,2024-09-19 22:38:55.928807168,TASK_BEGIN,012,-0.449722455706526,0.0037590482451142575,7.2190099332886515,1.6609906329337945,-1.452596256995264,-0.4202233621090174,-20.620581577007044,4.377099809959076,1
1346,2024-09-19 22:38:56.006800896,TASK_BEGIN,012,-0.4682473614500196,-0.01263934497381151,7.091128071989193,1.6485759599845236,-1.4621925487189076,-0.4118090207708347,-20.18598486649758,4.309317414226189,1
1347,2024-09-19 22:38:56.068847872,TASK_BEGIN,012,-0.49593936727395843,-0.02647834254180185,6.938015211473607,1.641035839315006,-1.4634268707485727,-0.40371317863521006,-19.781550561027625,4.236976408771426,1
1348,2024-09-19 22:38:56.130863104,TASK_BEGIN,012,-0.5319237672818439,-0.037632113492842956,6.7690578721463615,1.6383753465815127,-1.4550553682087357,-0.39617709943714513,-19.42007275236328,4.16058236899311,1
1349,2024-09-19 22:38:56.208501248,TASK_BEGIN,012,-0.5748871854870041,-0.046021073175149134,6.596265831437446,1.6399226881413809,-1.4362468130247654,-0.3893463894158533,-19.108963344912212,4.079626227990826,1
1350,2024-09-19 22:38:56.278545920,TASK_BEGIN,012,-0.6231087960533395,-0.051623922395672595,6.432999167773452,1.6446020715097585,-1.4067551780960672,-0.38325768271542615,-18.851453045244888,3.9930925465334797,1
1351,2024-09-19 22:38:57.222519040,TASK_BEGIN,012,-0.6745558072611154,-0.054485119133868706,6.292513721285831,1.6512156540304936,-1.3669387708708236,-0.3778538631089608,-18.647148248936873,3.8999837879553363,1
1352,2024-09-19 22:38:57.289850112,TASK_BEGIN,012,-0.727018860442053,-0.05471431494955999,6.186871305518631,1.6585938607722275,-1.3175756983891622,-0.3730395949892632,-18.49217543251602,3.799775858961061,1
1353,2024-09-19 22:38:57.358078976,TASK_BEGIN,012,-0.778246279667231,-0.05247905522475506,6.12637752525481,1.6655850717821072,-1.2595688313269333,-0.36876050715954467,-18.37942598489891,3.692767624510834,1
1354,2024-09-19 22:38:57.412403200,TASK_BEGIN,012,-0.8260570668564796,-0.04799879041132173,6.119312809979092,1.6709848308030386,-1.1937112677837802,-0.36506895212566,-18.29950845571606,3.580339139559063,1
1355,2024-09-19 22:38:57.490511872,TASK_BEGIN,012,-0.8684476576106378,-0.0415446655151631,6.171689855167058,1.6735106092917482,-1.1206029784141156,-0.3621465940543067,-18.242457992777485,3.4650941859809556,1
1356,2024-09-19 22:38:57.552997120,TASK_BEGIN,012,-0.9037021591569321,-0.033439611019163484,6.286907795654786,1.671855036029092,-1.0407018923863907,-0.3602738946467723,-18.199450211696092,3.3508021129711265,1
1357,2024-09-19 22:38:57.624550144,TASK_BEGIN,012,-0.9304770043599286,-0.024051305514789362,6.465245422459651,1.6648158734935155,-0.9544501716387578,-0.3597573202329582,-18.163791420641648,3.2420973515828395,1
1358,2024-09-19 22:38:58.568775936,TASK_BEGIN,012,-0.9478360518761634,-0.013777600440625067,6.70330229954663,1.651479188326208,-0.8624084901897252,-0.36084081600682827,-18.131103658337246,3.1439857603320873,1
1359,2024-09-19 22:38:58.638716160,TASK_BEGIN,012,-0.95525588443144,-0.003029288107205884,6.993762001002734,1.6313752294381165,-0.7653570584868058,-0.3636271704058108,-18.098926641499613,3.0612264608250825,1
1360,2024-09-19 22:38:58.700745216,TASK_BEGIN,012,-0.9526174752935235,0.007785332297378795,7.325817444894695,1.6045214327257689,-0.6643757151977159,-0.3680207195100573,-18.06593792764014,2.99764543562379,1
1361,2024-09-19 22:38:58.768069120,TASK_BEGIN,012,-0.9401643498211208,0.018272456804435008,7.686202370337178,1.5713579989071411,-0.5609296193279745,-0.37369404297696496,-18.031117588756185,2.9555079788335856,1
1362,2024-09-19 22:38:58.842768128,TASK_BEGIN,012,-0.918424010132284,0.028062477939516575,8.060428393212195,1.5326632402570979,-0.45692494940098505,-0.38008537234572237,-17.993290553127313,2.9351629211748556,1
1363,2024-09-19 22:38:58.910537216,TASK_BEGIN,012,-0.8881299667394513,0.03681862648842829,8.433771071745074,1.489527666386752,-0.35464256096089875,-0.3864364916932924,-17.951273445584874,2.9350982100306857,1
1364,2024-09-19 22:38:58.976020992,TASK_BEGIN,012,-0.8501717209880175,0.04424475456902343,8.791732709060016,1.4434001258136313,-0.25651157792908635,-0.391872158030612,-17.904551052776434,2.9523685419482266,1
1365,2024-09-19 22:38:59.914169088,TASK_BEGIN,012,-0.805571022095567,0.05009592435986053,9.12000164705597,1.3961649613007405,-0.16479764540132585,-0.3955091953321022,-17.854268442608028,2.9832560727214563,1
1366,2024-09-19 22:38:59.976727040,TASK_BEGIN,012,-0.755477766083193,0.0541972533394406,9.404197582532728,1.3501927244681622,-0.08134026291133056,-0.39657110513312227,-17.804188419938125,3.023985451521116,1
1367,2024-09-19 22:39:00.056375040,TASK_BEGIN,012,-0.701172860582397,0.05646639416086704,9.629861146272269,1.3083120917666309,-0.007458969604563193,-0.39447785035050364,-17.761025969178544,3.071254837551638,1
1368,2024-09-19 22:39:00.125016064,TASK_BEGIN,012,-0.6440550488502551,0.056924673121036384,9.783081130226753,1.2736716796697731,0.05594542136530491,-0.38889279143792077,-17.733719058957853,3.122409320447317,1
1369,2024-09-19 22:39:00.179955200,TASK_BEGIN,012,-0.5856045619756087,0.055690455936711805,9.851764719541679,1.2495014880411541,0.10819947273211458,-0.37972909055762327,-17.732017208814614,3.175347056404424,1
1370,2024-09-19 22:39:00.258016000,TASK_BEGIN,012,-0.5273474671989614,0.05296623638181953,9.827102515214657,1.23881731414571,0.1487177486334416,-0.3671273396239573,-17.765264040075657,3.228398992071385,1
1371,2024-09-19 22:39:00.320503040,TASK_BEGIN,012,-0.4708447163558708,0.04902991363161268,9.704738632669535,1.2441033424838999,0.17696733703819897,-0.3514165860155413,-17.841616359079627,3.2802615963508517,1
1372,2024-09-19 22:39:01.268412160,TASK_BEGIN,012,-0.41769620738059443,0.044222162531222645,9.485579321532246,1.2669818022889299,0.19250098203275717,-0.3330709548760778,-17.967295299803496,3.329902075260788,1
1373,2024-09-19 22:39:01.331043072,TASK_BEGIN,012,-0.36953045408238955,0.03891719599436119,9.176465138961731,1.3078944463927715,0.19503220689172715,-0.3126743999767077,-18.145797500999674,3.3764309037861246,1
1374,2024-09-19 22:39:01.394036992,TASK_BEGIN,012,-0.32796460341341377,0.03348145271015454,8.790633252118111,1.3658785440102033,0.18456489950893817,-0.2908954788114179,-18.377407834953726,3.419027431327018,1
1375,2024-09-19 22:39:01.473006080,TASK_BEGIN,012,-0.294542727486391,0.028238646656988,8.347399716171234,1.4385490043253018,0.1615775068629786,-0.26845538101574273,-18.659055053405513,3.4569422795641884,1
1376,2024-09-19 22:39:01.534374912,TASK_BEGIN,012,-0.27066476237673043,0.023452714336706797,7.8705948740640315,1.5223389489284875,0.12722628542487927,-0.2460777427876672,-18.984274476154635,3.489539847406198,1
1377,2024-09-19 22:39:01.610733824,TASK_BEGIN,012,-0.25750028405658093,0.019322865627866496,7.3860541822609775,1.6129290622733397,0.08350069296187414,-0.22443723963963177,-19.343478186153014,3.51640148611433,1
1378,2024-09-19 22:39:01.667292928,TASK_BEGIN,012,-0.25587595685103826,0.01597976352820679,6.919010715334679,1.7057203960580336,0.03322807633717563,-0.2041289596017776,-19.72519077845464,3.5375467877827917,1
1379,2024-09-19 22:39:02.621799936,TASK_BEGIN,012,-0.26614957297418373,0.013482364025090633,6.491987776505456,1.7962424652634605,-0.0201418238312443,-0.185656546110085,-20.11832871552868,3.553716369640455,1
1380,2024-09-19 22:39:02.689606912,TASK_BEGIN,012,-0.2880964493274339,0.011820230150452589,6.123242381576773,1.8804728382084313,-0.07289230288575457,-0.16942530673170772,-20.514361539904815,3.566508476468602,1
1381,2024-09-19 22:39:02.756359168,TASK_BEGIN,012,-0.32082638452811396,0.010917080630215825,5.825637463869167,1.9550803378736408,-0.12136141046824071,-0.15573029457379428,-20.90799012964292,3.5781920052616027,1
1382,2024-09-19 22:39:02.821434112,TASK_BEGIN,012,-0.3627558305249608,0.010627998620714486,5.6060269267942955,2.0175890262095537,-0.16217617689654615,-0.1447260291768327,-21.29629895000136,3.5912499242187463,1
1383,2024-09-19 22:39:02.892873984,TASK_BEGIN,012,-0.4116738515787295,0.010737752988890865,5.465327610414952,2.0664616835936465,-0.19250033437260758,-0.13636998153853705,-21.677470395042224,3.607894594641208,1
1384,2024-09-19 22:39:02.960698112,TASK_BEGIN,012,-0.4649316327975016,0.01098002649851011,5.399207168485827,2.10113257455,-0.21034289063031622,-0.13036299373287488,-22.049800450861618,3.629735476608328,1
1385,2024-09-19 22:39:03.028474112,TASK_BEGIN,012,-0.5197437676616532,0.011084414116061873,5.399080583856128,2.1220155914185757,-0.21479507701705225,-0.12613594537287925,-22.410832838284517,3.6575777069152444,1
1386,2024-09-19 22:39:03.971912960,TASK_BEGIN,012,-0.5735273198225587,0.010830703762211732,5.453137754916022,2.1304648626668365,-0.20601051344262772,-0.12291846327407824,-22.756402884516202,3.691266887572995,1
1387,2024-09-19 22:39:04.039725056,TASK_BEGIN,012,-0.6241710415044812,0.010078712393373745,5.5472675235536615,2.1286428518449565,-0.18490451484343645,-0.11987846256964126,-23.080074561744325,3.7296163432092575,1
1388,2024-09-19 22:39:04.099011072,TASK_BEGIN,012,-0.6701644379435384,0.008761084355138785,5.665872435655503,2.119289834912226,-0.1527519145158476,-0.1162799248439233,-23.373490592639385,3.770504784263248,1
1389,2024-09-19 22:39:04.160657920,TASK_BEGIN,012,-0.7105979660445045,0.00685709937537614,5.792660200999173,2.1054428675085375,-0.11088093253687818,-0.11160397448035707,-23.62746179044775,3.8111352299326082,1
1390,2024-09-19 22:39:04.242688000,TASK_BEGIN,012,-0.7451010091216504,0.004374714538161941,5.911470302645436,2.090168394004709,-0.06050833058689208,-0.10560889909299452,-23.8332116807241,3.8483748492795367,1
1391,2024-09-19 22:39:04.301675008,TASK_BEGIN,012,-0.7737711294729647,0.0013501566945534316,6.007133428153078,2.076341138598517,-0.002651311176510716,-0.09833519017611077,-23.983245408068274,3.8791010214963406,1
1392,2024-09-19 22:39:04.378379264,TASK_BEGIN,012,-0.7971073988180386,-0.00214176376225802,6.066366259665077,2.06645927862536,0.06190858327801573,-0.09006968860378885,-24.071742589854782,3.900535238613775,1
1393,2024-09-19 22:39:05.297009152,TASK_BEGIN,012,-0.8159445849078033,-0.0059738391654566335,6.078660973268772,2.06247488528248,0.13254436592400884,-0.08127530179922875,-24.094939033278813,3.9106094743061406,1
1394,2024-09-19 22:39:05.355943936,TASK_BEGIN,012,-0.8313702303717097,-0.009958233650806392,6.037094598438794,2.065635984584848,0.20853690388641205,-0.07249493277040929,-24.051745752978164,3.90832908748437,1
1395,2024-09-19 22:39:05.432084992,TASK_BEGIN,012,-0.8445928606443551,-0.013856852222693785,5.938980112137528,2.0763622728799183,0.28874713287303344,-0.06425655846325691,-23.94410597205328,3.893940310708245,1
1396,2024-09-19 22:39:05.495119104,TASK_BEGIN,012,-0.8567730218881828,-0.017410690310968733,5.786161873067429,2.0941982993024384,0.37138614099410433,-0.057011712765735564,-23.776662616768096,3.8687611809453433,1
1397,2024-09-19 22:39:05.557716992,TASK_BEGIN,012,-0.868896693413765,-0.02036826290584672,5.584802972590911,2.1178711108904853,0.45401419459971193,-0.051115532294523904,-23.55590304140449,3.834737323217053,1
1398,2024-09-19 22:39:05.633785856,TASK_BEGIN,012,-0.8817604374221625,-0.022493470630286196,5.344804270294277,2.145438894685901,0.5337762716983974,-0.04683158988704065,-23.288902611186746,3.7938588685741834,1
1399,2024-09-19 22:39:05.695414016,TASK_BEGIN,012,-0.8960497160378382,-0.02355627805085719,5.078969259436522,2.174525829391022,0.6077905579286316,-0.04434381032668962,-22.9816886632922,3.747563231468107,1
1400,2024-09-19 22:39:06.647715072,TASK_BEGIN,012,-0.9124256714368971,-0.023328714511453064,4.801782574578053,2.2026575829962094,0.6735666779350895,-0.04376669741500354,-22.637949139350727,3.696331614504024,1
1401,2024-09-19 22:39:06.714631168,TASK_BEGIN,012,-0.9315535931562552,-0.021601739792331265,4.527881225539974,2.2276413355903353,0.7293277676474077,-0.04514871759076533,-22.259258838282648,3.639736377110883,1
1402,2024-09-19 22:39:06.772912128,TASK_BEGIN,012,-0.9540690664056841,-0.018214170804645005,4.270726720987641,2.247845288092003,0.7741590550151594,-0.04846757771293792,-21.847009439424912,3.576979703429982,1
1403,2024-09-19 22:39:06.850631168,TASK_BEGIN,012,-0.9804995439638666,-0.013074660416571236,4.041875498332778,2.2622768451879893,0.8079929845178094,-0.05362312210984184,-21.404753434566082,3.507626138088075,1
1404,2024-09-19 22:39:06.918817024,TASK_BEGIN,012,-1.0111375436666996,-0.00617236002113225,3.8506491603304482,2.2705089772887233,0.8315010402324694,-0.06043770930118773,-20.93950012069045,3.432147521798915,1
1405,2024-09-19 22:39:06.986628864,TASK_BEGIN,012,-1.0458773943040744,0.0024148330570301518,3.703683877583489,2.2725938129299394,0.8459477072199733,-0.06867128348294692,-20.461609683100058,3.352106420330049,1
1406,2024-09-19 22:39:07.054377984,TASK_BEGIN,012,-1.0840780949762716,0.012512264793985328,3.604205129372963,2.269038716928651,0.853016697775436,-0.07805046689510374,-19.983783085338253,3.270020756885215,1
1407,2024-09-19 22:39:07.972132096,TASK_BEGIN,012,-1.1245211775550659,0.023851435430120464,3.551449268129454,2.260786140566379,0.8546203071673991,-0.0883034293235753,-19.519698563870982,3.1890382436726985,1
1408,2024-09-19 22:39:08.027906048,TASK_BEGIN,012,-1.1654945976435906,0.03609486779870141,3.5407377746531856,2.2490961271554246,0.8527391390729943,-0.09918864621921751,-19.082678025056612,3.1125475008162677,1
1409,2024-09-19 22:39:08.105058816,TASK_BEGIN,012,-1.204996432646042,0.04888025618734724,3.564326159885668,2.2353161917278643,0.849327013231365,-0.11050809336171835,-18.684606843567366,3.043797791236752,1
1410,2024-09-19 22:39:08.167073024,TASK_BEGIN,012,-1.2410147951030082,0.0618690703700548,3.6128022462570226,2.220622380159873,0.8462455314148941,-0.12210557733319198,-18.33520840240892,2.985557936354315,1
1411,2024-09-19 22:39:08.243225088,TASK_BEGIN,012,-1.2718090660009536,0.07478780716168405,3.6766720632725227,2.2058369516375698,0.845182300845451,-0.13386016012984775,-18.041730215508647,2.9398761097813058,1
1412,2024-09-19 22:39:08.307261952,TASK_BEGIN,012,-1.2961187658127264,0.087457445215905,3.7477057941830254,2.1913845021860285,0.8475703101155692,-0.14567611457629337,-17.808972579284344,2.9080253715521684,1
1413,2024-09-19 22:39:08.377799168,TASK_BEGIN,012,-1.3132636108796347,0.0998040318499675,3.81971373366229,2.1773814918854684,0.8545221125041659,-0.15745222382075225,-17.63952221045345,2.8906497254031662,1
1414,2024-09-19 22:39:09.322192896,TASK_BEGIN,012,-1.3231499649662934,0.11184227981756947,3.8887570258157758,2.1637990749035114,0.8667437663718285,-0.16902259437015024,-17.534071973972,2.8879974838813696,1
1415,2024-09-19 22:39:09.387016192,TASK_BEGIN,012,-1.326220323536962,0.1236369239836086,3.952972291202529,2.1506313403302473,0.8844284172089807,-0.18009491942992265,-17.491539597150588,2.9000562186526833,1
1416,2024-09-19 22:39:09.449090048,TASK_BEGIN,012,-1.3233508657944526,0.13525825993981858,4.012029929123657,2.138038725406381,0.9071888212940072,-0.19021757395932076,-17.50876318197968,2.9264976106178255,1
1417,2024-09-19 22:39:09.510646016,TASK_BEGIN,012,-1.3156769550815697,0.14674443655937977,4.066195916210208,2.1264708346360632,0.9340765092807367,-0.19878182084653093,-17.580162038402054,2.9665242593510874,1
1418,2024-09-19 22:39:09.593056768,TASK_BEGIN,012,-1.3043744882848438,0.15807614595804756,4.115240411131153,2.1167668781365725,0.9636817227094546,-0.20505187951967682,-17.698073395896905,3.0187686340306943,1
1419,2024-09-19 22:39:09.647496192,TASK_BEGIN,012,-1.290485718461867,0.16917026870888982,4.157676265873563,2.110196030147987,0.9942667730500993,-0.20821941688439063,-17.853957351140338,3.081305776849303,1
1420,2024-09-19 22:39:09.724023296,TASK_BEGIN,012,-1.2748529158320365,0.1798988836781263,4.190639369118416,2.1083885320718667,1.0238950399082316,-0.20748269358669238,-18.04001985426693,3.1517847085522335,1
1421,2024-09-19 22:39:10.661575168,TASK_BEGIN,012,-1.2581551506324329,0.19013298168274037,4.210312906051107,2.113151726656932,1.0505647458028553,-0.20214425394148347,-18.250789283404043,3.2277155862451306,1
1422,2024-09-19 22:39:10.739974144,TASK_BEGIN,012,-1.2410073411863047,0.19979767474025562,4.212688188364834,2.1262073867732183,1.0723619688088273,-0.19170643843645394,-18.484435267555355,3.3069145631486725,1
1423,2024-09-19 22:39:10.802694144,TASK_BEGIN,012,-1.2240635696614672,0.20891419235578498,4.1945917336582035,2.148888593422964,1.0875988681954492,-0.17594047865110282,-18.74349028348192,3.3879459892164934,1
1424,2024-09-19 22:39:10.875617792,TASK_BEGIN,012,-1.208078802154828,0.21761169795020616,4.154797842436264,2.181846709555079,1.094884197860181,-0.15492047704483025,-19.034418775426623,3.4703205792132015,1
1425,2024-09-19 22:39:10.941467136,TASK_BEGIN,012,-1.1939282655413304,0.22611629062615382,4.09483089461195,2.2248485997904255,1.0931113875984395,-0.12902648527786859,-19.365847043625376,3.5543478962914623,1
1426,2024-09-19 22:39:11.010232832,TASK_BEGIN,012,-1.1825927704029875,0.23473164215447112,4.01916071012376,2.276727517311985,1.0813952028761964,-0.09891925335967316,-19.746090590919238,3.640745604372558,1
1427,2024-09-19 22:39:11.078906112,TASK_BEGIN,012,-1.1750873768779067,0.24380770869829357,3.9347821889954053,2.3354964704055634,1.0590234891769765,-0.06548922250420772,-20.181089734600576,3.730199815196968,1
1428,2024-09-19 22:39:12.018596864,TASK_BEGIN,012,-1.1723224766603935,0.25368577679745474,3.850362750053132,2.3985968994182287,1.02549313582445,-0.02979048328059373,-20.67347408698545,3.823035772517772,1
1429,2024-09-19 22:39:12.085112064,TASK_BEGIN,012,-1.1749487037066448,0.264627059760284,3.775211590307112,2.4632286332405315,0.9806242832341188,0.007028623464951778,-21.222533616330203,3.9190514710524615,1
1430,2024-09-19 22:39:12.147598848,TASK_BEGIN,012,-1.1832548538714418,0.27674910349043486,3.718291310161245,2.52667338936414,0.9246599255109389,0.04379465149982219,-21.824333313171127,4.01748354674895,1
1431,2024-09-19 22:39:12.225541888,TASK_BEGIN,012,-1.1971275715269922,0.2899877684437203,3.6873205318397524,2.586534226004879,0.8582848527681787,0.07937511458542344,-22.471575674968445,4.117058326043292,1
1432,2024-09-19 22:39:12.293495808,TASK_BEGIN,012,-1.2160357140113291,0.3040886474063782,3.687870047830741,2.640881690871291,0.782599571808873,0.11273316918198824,-23.153438524896643,4.2160901181838515,1
1433,2024-09-19 22:39:12.361458944,TASK_BEGIN,012,-1.23902518568435,0.318623649267935,3.7225339241252104,2.6883346516352398,0.6990962071953231,0.14296894977393773,-23.85586382550055,4.312633787608002,1
1434,2024-09-19 22:39:12.429293056,TASK_BEGIN,012,-1.2647449896333978,0.33302375559382835,3.7905800113249994,2.728068859143477,0.6096042849795702,0.16935892379030992,-24.56259604629093,4.404715783832785,1
1435,2024-09-19 22:39:13.368333056,TASK_BEGIN,012,-1.2915239519155546,0.34661943706145015,3.888401846876922,2.7597192784991904,0.5161685713502179,0.19140136173646546,-25.2566626019886,4.490540774961044,1
1436,2024-09-19 22:39:13.440314880,TASK_BEGIN,012,-1.3174918196188987,0.35868431070668066,4.010578528881516,2.7831789640690103,0.4209115145426783,0.20885442891692915,-25.921568047145104,4.56849696103596,1
1437,2024-09-19 22:39:13.507193088,TASK_BEGIN,012,-1.3407191614329894,0.3684796195234004,4.150945809232462,2.798365616038899,0.3259855110314361,0.2217337887598684,-26.541913575446987,4.636975119013587,1
1438,2024-09-19 22:39:13.575287040,TASK_BEGIN,012,-1.3593562643454338,0.3752998746870364,4.3032067589751755,2.805058427744479,0.23364818696590878,0.23024475715002157,-27.103736979911996,4.694212540867329,1
1439,2024-09-19 22:39:13.642683136,TASK_BEGIN,012,-1.3717698610629623,0.3785257989264335,4.461075900706552,2.802864541709331,0.14634485248731924,0.2346704349991454,-27.59475440998414,4.7383021240644485,1
1440,2024-09-19 22:39:13.705661184,TASK_BEGIN,012,-1.376676856689715,0.37769129821759345,4.618208887895299,2.7912966315636654,0.06662944982679633,0.2352803430126628,-28.004288813621297,4.767328976490121,1
1441,2024-09-19 22:39:13.768147968,TASK_BEGIN,012,-1.373254293432229,0.37255907547878997,4.768072985117702,2.7698916113582466,-0.003109911032321953,0.2323077193360693,-28.322508868379895,4.779520460259072,1
1442,2024-09-19 22:39:14.720096256,TASK_BEGIN,012,-1.3611985759660343,0.3631836274707376,4.90379387900476,2.7382983475332816,-0.06098974952781837,0.22598814975381706,-28.538713834253514,4.773302212580302,1
1443,2024-09-19 22:39:14.790374912,TASK_BEGIN,012,-1.3407186250330019,0.34993809931494063,5.018059008909776,2.696297736453296,-0.10589005308104954,0.21662567464689195,-28.638977850691145,4.747202671943732,1
1444,2024-09-19 22:39:14.845462272,TASK_BEGIN,012,-1.3124486019086137,0.3334937468812876,5.103190283891419,2.6437527560005085,-0.1375897069997708,0.2046605079274709,-28.604305705130624,4.6996560355044945,1
1445,2024-09-19 22:39:14.922699008,TASK_BEGIN,012,-1.2772749540082935,0.31475603834565496,5.1514006481783365,2.580504611707975,-0.15679900501469682,0.19071374050845258,-28.410492909885615,4.628831405457615,1
1446,2024-09-19 22:39:14.984824064,TASK_BEGIN,012,-1.2361229690918412,0.29477314184960335,5.155158397760874,2.5062665457493205,-0.16508800639901014,0.1755785379040392,-28.029868402424874,4.532578676981145,1
1447,2024-09-19 22:39:15.046837248,TASK_BEGIN,012,-1.1897889877986505,0.2746337455305737,5.107565447722565,2.4206063074987867,-0.16468092803497655,0.16014245091126716,-27.434344481797872,4.408537252841756,1
1448,2024-09-19 22:39:15.129247744,TASK_BEGIN,012,-1.1388762649845767,0.25536213540489894,5.002717350021543,2.3230736356408537,-0.15812582247542215,0.14526286483165476,-26.599399041596172,4.254476921640322,1
1449,2024-09-19 22:39:16.066120192,TASK_BEGIN,012,-1.08383303073769,0.2378173192327462,4.836155147790533,2.2134274759878423,-0.14792450473343371,0.13164640554557944,-25.508707352156062,4.068877016209061,1
1450,2024-09-19 22:39:16.129112064,TASK_BEGIN,012,-1.0250535330216701,0.22261316993540947,4.60553373224608,2.0918626933286317,-0.1362301557070105,0.11977458478243616,-24.15844809126968,3.851547516569886,1
1451,2024-09-19 22:39:16.208436992,TASK_BEGIN,012,-0.9629875155981719,0.21007427402811854,4.311468845367361,1.9591663380127586,-0.12466914448998545,0.10988302300269459,-22.55993079474053,3.6040202794939744,1
1452,2024-09-19 22:39:16.267709952,TASK_BEGIN,012,-0.8982122614721211,0.20022408791374896,3.958400732162048,1.8167767853013916,-0.11428667682685272,0.10197626806753748,-20.740089523980537,3.3296358740812293,1
1453,2024-09-19 22:39:16.344037120,TASK_BEGIN,012,-0.8314498160597789,0.19279486123675063,3.5552381555550334,1.6667376117748947,-0.1055846877147359,0.09585931548748616,-18.74052056849492,3.033453273077188,1
1454,2024-09-19 22:39:16.407864064,TASK_BEGIN,012,-0.763533339462769,0.18725873435055335,3.115468109623837,1.5115618950168233,-0.09859813469752979,0.09117787719186196,-16.615643630883913,2.7220761916440774,1
1455,2024-09-19 22:39:16.470807040,TASK_BEGIN,012,-0.6953436057115749,0.18288631802702435,2.6564227476779276,1.354056873865294,-0.09297433664399773,0.08746670013067176,-14.429681997719472,2.403338730998723,1
