,time,MARKER,pid,L_O_DSI,L_D_DSI,L_O_DSphi,L_D_DSphi,R_O_DSI,R_D_DSI,R_O_DSphi,R_D_DSphi,trial_id
0,2024-09-20 20:18:51.669117920,TASK_BEGIN,013,-0.23125953227401466,-0.060408223700785926,4.699434786589815,-0.9810374741569102,-0.9954086430760557,-0.05670493611224848,2.7684410519608993,2.498241150650777,0
1,2024-09-20 20:18:51.730580078,0,013,-0.22611241575121685,-0.055068614936025335,4.603744259964832,-0.981918539250737,-0.9528313819179283,-0.05088158648024299,2.5631426344367734,2.491438098577698,0
2,2024-09-20 20:18:52.677937012,0,013,-0.23011100288997494,-0.04892772340871608,4.517367432054195,-0.9830125534783013,-0.9127128226931989,-0.046245862892877215,2.387669285765462,2.4966694532712532,0
3,2024-09-20 20:18:52.747409180,0,013,-0.24344002648074337,-0.04201033679242437,4.437570790018845,-0.9826101518920329,-0.8749418828700126,-0.04342268257864834,2.24361232956311,2.511882669629932,0
4,2024-09-20 20:18:52.812918945,0,013,-0.2657334606133686,-0.034395360807382674,4.361519672768369,-0.9791489509656963,-0.8398761282650844,-0.04286344168090735,2.129312888004113,2.535090704705534,0
5,2024-09-20 20:18:52.877938965,0,013,-0.29611130048040946,-0.02620101639650939,4.286677016498704,-0.9714034308841036,-0.8084282011198984,-0.04480625001538823,2.040244140970966,2.564657525448332,0
6,2024-09-20 20:18:52.947472168,0,013,-0.33323786431958224,-0.017572294004820157,4.211210344946474,-0.9586393472794679,-0.7820299575180433,-0.04927040071681852,1.9701059455147838,2.5992419182571864,0
7,2024-09-20 20:18:53.018931885,0,013,-0.37540074199995876,-0.00867043546688372,4.134378817356033,-0.9407082222028862,-0.7624582173328894,-0.056082353019512365,1.912319022258279,2.6374307621955677,0
8,2024-09-20 20:18:53.082416016,0,013,-0.4206016766138085,0.0003348248550552074,4.056750377451275,-0.918049462800055,-0.7515616924643446,-0.0649148744954378,1.8614118058510123,2.6772553712841383,0
9,2024-09-20 20:18:54.029438965,0,013,-0.46666369461635143,0.009270536214089766,3.980112980885785,-0.891586354194336,-0.7509658840052178,-0.07532158107225949,1.813818867451624,2.7158908048825894,0
10,2024-09-20 20:18:54.091456787,0,013,-0.5113688305495218,0.01796687109241694,3.9070950953381947,-0.8625418012880923,-0.7618276698251188,-0.08676282108824687,1.768005135243495,2.749715308532681,0
11,2024-09-20 20:18:54.166574951,0,013,-0.5526177776056737,0.026265978121797994,3.8406263651317025,-0.8322224071051875,-0.7846685063813199,-0.09863298444715128,1.7241236879588655,2.7746772498269094,0
12,2024-09-20 20:18:54.234304932,0,013,-0.5885773322686835,0.03402912696087072,3.783397640976234,-0.8018177473368252,-0.8192801237172688,-0.11030146558620123,1.6834120877487238,2.7868025369361966,0
13,2024-09-20 20:18:54.302081055,0,013,-0.6177887276980146,0.041137062956975126,3.7374364302935583,-0.7722488248962694,-0.86470266864014,-0.12116559947922788,1.6475458574723894,2.7826643133754536,0
14,2024-09-20 20:18:54.369788818,0,013,-0.6392332017402411,0.047483553051882565,3.7038330025941715,-0.7440844018048454,-0.9192950727877006,-0.13069750732584207,1.6181660907460238,2.759676458480062,0
15,2024-09-20 20:18:54.437587891,0,013,-0.6523615096694173,0.05296694506144203,3.682629542989345,-0.7175379261850914,-0.9809028727590239,-0.13846713956167053,1.5966325841520574,2.716194071477607,0
16,2024-09-20 20:18:55.345444824,0,013,-0.6570917047382145,0.05748474603712388,3.6728897316006406,-0.6925521825142023,-1.0470812292480984,-0.14413916687491266,1.5839346532666712,2.6515243457783018,0
17,2024-09-20 20:18:55.422645996,0,013,-0.6537801443055055,0.06093397371051844,3.6728885164888223,-0.668946565367445,-1.1153105913712296,-0.1474544276917877,1.5806828393967984,2.5659566976241326,0
18,2024-09-20 20:18:55.491083008,0,013,-0.6431756635411089,0.06321837097147716,3.680300814971692,-0.6465667544475818,-1.1831710519618608,-0.1482100875290887,1.5870477338779494,2.460849401687622,0
19,2024-09-20 20:18:55.546245117,0,013,-0.6263636314630487,0.06426136660490157,3.6923581977054156,-0.6253883522269899,-1.2484666055160785,-0.14624994121256715,1.6024909520113557,2.3387306310094473,0
20,2024-09-20 20:18:55.617600098,0,013,-0.6046970426148358,0.06402122173845592,3.7060462055530192,-0.6055648746888421,-1.3092915099801932,-0.14147141834973234,1.6253167169163127,2.2033048244913322,0
21,2024-09-20 20:18:55.685273926,0,013,-0.5797112812833942,0.0625050160527411,3.718345651773955,-0.5874235927679677,-1.364038981714032,-0.1338500456063437,1.6523236210767343,2.0592442311194556,0
22,2024-09-20 20:18:55.757353027,0,013,-0.5530256976813244,0.05977937932287964,3.7264086417768407,-0.5714078539887569,-1.4113701230169426,-0.12347240219528778,1.6788228151121267,1.911737816309908,0
23,2024-09-20 20:18:56.705018066,0,013,-0.5262374770658019,0.0559749926687891,3.72762894845891,-0.5579779888398106,-1.4501647527256079,-0.11055874415182712,1.6989668075488267,1.765920927156066,0
24,2024-09-20 20:18:56.757543945,0,013,-0.5008161608812632,0.05128248263001169,3.7197011969886122,-0.5475060208347649,-1.4794713325116968,-0.0954597489516673,1.706131430192243,1.6263924770257723,0
25,2024-09-20 20:18:56.840572021,0,013,-0.4780123249936135,0.0459424009780139,3.7007526219439866,-0.5401976866420855,-1.4984844246918445,-0.07862651196815722,1.6933018396005293,1.4969608503987877,0
26,2024-09-20 20:18:56.908323975,0,013,-0.45879260084793105,0.040235105693298266,3.669555879695596,-0.5360477675124014,-1.506589842559299,-0.06056190399472195,1.653649049621864,1.3805974638449097,0
27,2024-09-20 20:18:56.973527832,0,013,-0.44380767327760384,0.03447254662034431,3.6257837004723763,-0.5348168398673009,-1.503488115542599,-0.04176471896590404,1.581364990881276,1.27946468551541,0
28,2024-09-20 20:18:57.036012939,0,013,-0.4333957124537359,0.0289892794447151,3.570177498074973,-0.5360276405515713,-1.489344529817646,-0.022682838634309366,1.4725926082699528,1.1949109998959462,0
29,2024-09-20 20:18:57.098017090,0,013,-0.42761525575840964,0.02413042516756674,3.5044566145116867,-0.5389923999988977,-1.4648773245184663,-0.003687621523279683,1.3262085171406963,1.1274255829275983,0
30,2024-09-20 20:18:58.055141846,0,013,-0.42628683334419537,0.020235787064872356,3.430924469341452,-0.542872847368191,-1.431316924556003,0.014930571575445823,1.1442346544896023,1.0766197570289304,0
31,2024-09-20 20:18:58.122910889,0,013,-0.42902015269328064,0.017618653646876304,3.3518921206704904,-0.5467530582682679,-1.390231513539414,0.03295062997279976,0.9317413798109461,1.0413242463059738,0
32,2024-09-20 20:18:58.190659912,0,013,-0.4352276933088441,0.016539827849384785,3.2691018323075163,-0.5497013195187694,-1.3432835551146838,0.050196780732632965,0.6962248105160092,1.0198465851715284,0
33,2024-09-20 20:18:58.258385010,0,013,-0.4441509960160645,0.017183048573509656,3.183345380811482,-0.5508164191688838,-1.292015308560718,0.06650862825830815,0.44650038089434535,1.0103484843521537,0
34,2024-09-20 20:18:58.317764893,0,013,-0.454918869686995,0.019639332025569563,3.094415405352964,-0.5492710986872246,-1.2377269912186617,0.08171400873426592,0.19122162676411938,1.0112443584168789,0
35,2024-09-20 20:18:58.380381104,0,013,-0.4666253731987811,0.023901800431344804,3.0013712193511277,-0.5443635518749549,-1.1814432910807695,0.09561283221742661,-0.06264393511156564,1.0215045417714337,0
36,2024-09-20 20:18:58.457596924,0,013,-0.4784001470233417,0.029867160074973552,2.902966418635417,-0.5355750254781612,-1.1239360854130584,0.10797701225627028,-0.31082815392827345,1.040765008137276,0
37,2024-09-20 20:18:59.404006104,0,013,-0.48946406630342343,0.037342234598224056,2.7980976969016313,-0.5226255961532423,-1.0657840356495383,0.1185698971107784,-0.5518785839761864,1.0692151379685428,0
38,2024-09-20 20:18:59.462418945,0,013,-0.49918551857762444,0.04605896553352666,2.686241071340893,-0.5055270748113934,-1.0074461389793539,0.12718425610556638,-0.7865107769107349,1.1073266536360178,0
39,2024-09-20 20:18:59.539697998,0,013,-0.5071423178519626,0.05569986291947191,2.5678626536918334,-0.4846313423604501,-0.9493118118847799,0.13368639562900278,-1.0166544203618753,1.1555457780698373,0
40,2024-09-20 20:18:59.609077881,0,013,-0.5131761978770891,0.06592972622835727,2.444694019848801,-0.46065348931227595,-0.8917093114108048,0.1380463595304115,-1.2445405843172257,1.214061545959836,0
41,2024-09-20 20:18:59.661873047,0,013,-0.5174282575834266,0.07642650059451683,2.3197240174426423,-0.43463942283044127,-0.8348915799610206,0.14034121621734189,-1.4719455375755806,1.2826698257167835,0
42,2024-09-20 20:18:59.744573975,0,013,-0.520345343789895,0.08690520970518996,2.196855714378711,-0.40786539805857813,-0.7790271799250217,0.14073294781351503,-1.6995929267469647,1.360649557622583,0
43,2024-09-20 20:18:59.801059082,0,013,-0.5226418317951772,0.09713144470756024,2.08031701501018,-0.38168767207072274,-0.7242106036502238,0.1394336452762475,-1.9266898004714192,1.446587231793882,0
44,2024-09-20 20:19:00.742139160,0,013,-0.5252089570886651,0.10692481387414042,1.9740082760357798,-0.3573843253173495,-0.6705072050751564,0.13667643347686095,-2.150649315467734,1.5382186645550064,0
45,2024-09-20 20:19:00.820247803,0,013,-0.5289835460635116,0.11615597391077788,1.8809819673362782,-0.33603260978047755,-0.618043964662826,0.1327047493373263,-2.3671875689113264,1.6324282779013561,0
46,2024-09-20 20:19:00.890541992,0,013,-0.534801561316023,0.12474052171541292,1.8031869155574318,-0.31844155432595495,-0.5671107013816864,0.12777205090775542,-2.570909330515816,1.7254555329826788,0
47,2024-09-20 20:19:00.943927979,0,013,-0.5432651111605991,0.1326307279043657,1.7414882930489644,-0.3051258012857074,-0.5181986113429567,0.1221303851558211,-2.7561611908628207,1.8132233025775142,0
48,2024-09-20 20:19:01.022035889,0,013,-0.554650515042344,0.13980536674823313,1.6958254038603813,-0.29628411819107425,-0.4719478413597389,0.11600090298351642,-2.917682080627124,1.8916614983058193,0
49,2024-09-20 20:19:01.083635010,0,013,-0.5688780704914941,0.14625951434599138,1.6653231967572166,-0.2917593399013894,-0.42904960308341067,0.10954403457355501,-3.050684185652224,1.9569338100925313,0
50,2024-09-20 20:19:01.161520020,0,013,-0.585544055586363,0.15199708985307597,1.6483127920302574,-0.29100107161546357,-0.3901543002938055,0.10284856512564816,-3.1503280876629236,2.0055451785425213,0
51,2024-09-20 20:19:02.080010986,0,013,-0.6039914968989774,0.1570267883811167,1.6423945714720012,-0.29308110769288226,-0.35580857359955587,0.09594076308698718,-3.2108881873172503,2.0344103318860163,0
52,2024-09-20 20:19:02.147747070,0,013,-0.6233883878429265,0.16135941862802033,1.6447111613657714,-0.2967974705927716,-0.3264434447541674,0.08880250516839323,-3.2251095872282898,2.041009917328257,0
53,2024-09-20 20:19:02.215468994,0,013,-0.6427919946659534,0.16500398069620512,1.6524803681714197,-0.3008618344136878,-0.3024144038806929,0.0813846756890603,-3.184222252708568,2.0236649480780855,0
54,2024-09-20 20:19:02.275077148,0,013,-0.6611952668686775,0.1679606039905845,1.6636621073896547,-0.3041202198418454,-0.28403704221732967,0.073604412202205,-3.0787657953946668,1.9818129874127652,0
55,2024-09-20 20:19:02.336592041,0,013,-0.6775709840621099,0.17021123651458372,1.6775045181951511,-0.30573788846016475,-0.27156481402611576,0.06532924992099517,-2.8999708385749674,1.9161213843188596,0
56,2024-09-20 20:19:02.414840820,0,013,-0.6909369012529497,0.17171315146775296,1.6947239118734203,-0.3053014995363218,-0.2651374337487104,0.05637171362982513,-2.6412433792803345,1.8283681412991082,0
57,2024-09-20 20:19:02.476364014,0,013,-0.7004437393848131,0.17240045843507723,1.7172245883318658,-0.3028283613059748,-0.2647779858887911,0.046520109655298104,-2.2994129667217518,1.7211732720078192,0
58,2024-09-20 20:19:03.430074951,0,013,-0.7054590949811735,0.1721926559721277,1.747458697502152,-0.2986960449118586,-0.27047213880797055,0.03560686864732161,-1.875607998656642,1.5977249877441237,0
59,2024-09-20 20:19:03.496496826,0,013,-0.7056219651696296,0.17100407540581258,1.787637377341759,-0.29351517608159555,-0.2822793337886722,0.023586677333700932,-1.3756994116754768,1.461584248783859,0
60,2024-09-20 20:19:03.558557129,0,013,-0.7008604875587117,0.16874941719332254,1.8389931258881862,-0.2879725020365876,-0.30038135441626856,0.0105895142258075,-0.8102977759196496,1.3165764727756069,0
61,2024-09-20 20:19:03.626938965,0,013,-0.6913666114202207,0.16534474803469465,1.9012219679498104,-0.28267607965444996,-0.3250058151573631,-0.0030695720814742115,-0.19439704835623764,1.1667396288936331,0
62,2024-09-20 20:19:03.689437988,0,013,-0.6775216065132683,0.16070641553416662,1.9721830082582288,-0.2780367720340903,-0.3562449214620561,-0.016922164844566014,0.45324563182432387,1.016260894554922,0
63,2024-09-20 20:19:03.766632080,0,013,-0.6597895833888541,0.15475229198925095,2.047944416270978,-0.27421455385023763,-0.3938453073774673,-0.0304091027259432,1.1110967945440335,0.8693141151864471,0
64,2024-09-20 20:19:03.836577881,0,013,-0.6386178265493588,0.14740898093443766,2.1232500007731474,-0.2711420088489785,-0.43703823649258344,-0.042960313239191965,1.7563522435010765,0.7297442725163584,0
65,2024-09-20 20:19:04.767934082,0,013,-0.6143698890144973,0.13862383671908995,2.1923179210254693,-0.26860974192519893,-0.48445504099750447,-0.054073817996636284,2.3668381828052256,0.6006234372480451,0
66,2024-09-20 20:19:04.845587891,0,013,-0.587289779501646,0.12837648466491933,2.249712966056958,-0.2663761613212345,-0.5341605700310617,-0.06337594905967779,2.9229129469382684,0.48380099967081425,0
67,2024-09-20 20:19:04.915890869,0,013,-0.5574908572708157,0.1166864648479165,2.2910773321313727,-0.26426791422488105,-0.5838146312769459,-0.07065336972899117,3.4089387938588778,0.3796408319349376,0
68,2024-09-20 20:19:04.970082031,0,013,-0.5249699023012447,0.10361788007910228,2.3136669869588067,-0.26225196595914185,-0.6309263089394693,-0.07585644876865547,3.81398602424289,0.28708627040185125,0
69,2024-09-20 20:19:05.047298828,0,013,-0.4896422105703296,0.08928199280043465,2.316695274160073,-0.2604651799276155,-0.6731277877793176,-0.07907764221965595,4.131679855941909,0.20402977038913953,0
70,2024-09-20 20:19:05.109787109,0,013,-0.45139608084001936,0.07383812868811152,2.30145015401372,-0.2591994387179425,-0.7083940197498371,-0.0805121256172096,4.359495370163182,0.1278522721395961,0
71,2024-09-20 20:19:05.186633057,0,013,-0.41017667054014867,0.05749493518968151,2.271179860089829,-0.2588671759704508,-0.7351693525322218,-0.08041092908310621,4.49795783416522,0.05600644722534357,0
72,2024-09-20 20:19:06.104005127,0,013,-0.3660907664898177,0.040511610570220506,2.230793159656999,-0.25997530357012566,-0.7523926647083727,-0.07904002120696399,4.549989225713827,-0.013458499188235756,0
73,2024-09-20 20:19:06.171720947,0,013,-0.31948660096666176,0.023193199224065677,2.186370092726532,-0.26310394298638257,-0.7594238144765425,-0.0766611311080992,4.520413228035962,-0.0815298187694105,0
74,2024-09-20 20:19:06.239422119,0,013,-0.27096730160668103,0.005875090257264752,2.1444341433473824,-0.26886433589769565,-0.7559062169850087,-0.07353538035065003,4.415517916449749,-0.14807477187600013,0
75,2024-09-20 20:19:06.297404053,0,013,-0.22134257563728227,-0.011100741902354565,2.111036020490628,-0.2778186860602039,-0.7416469077912492,-0.06992476316327066,4.242567915347513,-0.21189203075316274,0
76,2024-09-20 20:19:06.374650879,0,013,-0.1715548872642927,-0.02740978278103825,2.090823686297286,-0.29036506336398493,-0.7165915084283032,-0.06606624372924227,4.009350409797861,-0.2709555891229886,0
77,2024-09-20 20:19:06.442635986,0,013,-0.12261267440627227,-0.042762084104389,2.086294846064362,-0.30661103147570784,-0.6809053051444554,-0.062125335318271496,3.7239879072045747,-0.32279973195762707,0
78,2024-09-20 20:19:06.498224854,0,013,-0.07554148792953914,-0.0569106873901206,2.0974002715766753,-0.3262739684495051,-0.6350961602397561,-0.058163938618190046,3.3950785355015745,-0.36493132191616284,0
79,2024-09-20 20:19:07.444281006,0,013,-0.03134191686307505,-0.0696550391513419,2.1216041416033256,-0.3486456457504886,-0.5801000744152373,-0.05415179483877398,3.031984549400778,-0.3951644256196738,0
80,2024-09-20 20:19:07.506958008,0,013,0.009063038961599467,-0.08084396204753327,2.1543937238696778,-0.37264629019270673,-0.5173108863741858,-0.05001934882851146,2.645096666921217,-0.41183958864243114,0
81,2024-09-20 20:19:07.589541992,0,013,0.04489160616097354,-0.090379325860031,2.1901477598109294,-0.3969734434109412,-0.4485878436602454,-0.04571971880254948,2.246006224069206,-0.4139287439032428,0
82,2024-09-20 20:19:07.657292969,0,013,0.07555865936016304,-0.098218304649679,2.2232042451113547,-0.42031740280317287,-0.3762570155783235,-0.04125990506857448,1.8474744935332046,-0.40103153458870927,0
83,2024-09-20 20:19:07.717025146,0,013,0.10070671452309304,-0.10437265542756378,2.2488458113018077,-0.4415783348808444,-0.3030758407024044,-0.03668422468607871,1.4630778299459477,-0.37329125132442414,0
84,2024-09-20 20:19:07.792807129,0,013,0.12021736401912482,-0.10890639756424206,2.263892968794498,-0.46001595520510635,-0.23210835282786954,-0.03203358791433666,1.1066256163478185,-0.33130792860317376,0
85,2024-09-20 20:19:07.860503905,0,013,0.13422083685123773,-0.11193415937761633,2.266794559306191,-0.47529799739540685,-0.1664785339280021,-0.027324567619886348,0.791618310484598,-0.2761489758143443,0
86,2024-09-20 20:19:08.799331787,0,013,0.14311103108501202,-0.11361986370596916,2.257365701897478,-0.4874515025082514,-0.10902407375989892,-0.02256958486544702,0.530887397481863,-0.20950624839517493,0
87,2024-09-20 20:19:08.861408936,0,013,0.14755306369551446,-0.1141731095404736,2.236406122326923,-0.4967419541472423,-0.0619278648715214,-0.017823621480463084,0.33631519236174817,-0.13393154657292206,0
88,2024-09-20 20:19:08.938654785,0,013,0.14846308433055377,-0.11384182543204663,2.20533418269463,-0.5035228396494023,-0.026424474469641912,-0.013231858855946237,0.21844998835056623,-0.05298608379599832,0
89,2024-09-20 20:19:09.000646973,0,013,0.14694874983751344,-0.11290159512614015,2.1658706078341234,-0.5081083542369921,-0.0026561877656580126,-0.009061618128476253,0.18600044438379837,0.028810307832421538,0
90,2024-09-20 20:19:09.075128174,0,013,0.14421253395978872,-0.11164135295768209,2.1197699911999646,-0.5107034811708779,0.01030387282009533,-0.005710217981297778,0.2453840740281637,0.10618758685733214,0
91,2024-09-20 20:19:09.140343994,0,013,0.14143384665262668,-0.11034526035526039,2.06858060030234,-0.5113883314255341,0.014303654572835904,-0.0036846105003624967,0.40040439160505303,0.1734145745352835,0
92,2024-09-20 20:19:09.202336182,0,013,0.13965457268605527,-0.10927327074123047,2.0134210228882856,-0.5101335206888199,0.011888677194206552,-0.0035505542740720563,0.6518864575806605,0.22470705501537058,0
93,2024-09-20 20:19:10.139431885,0,013,0.1396936879635736,-0.10864434230171885,1.9548010988546154,-0.5068300920705153,0.00601029078088193,-0.005853031793690394,0.9971212424255653,0.2548179307831036,0
94,2024-09-20 20:19:10.218531982,0,013,0.14211163888731446,-0.10862548805362683,1.8925248761057687,-0.5013261181338369,-0.0003391437595613043,-0.011023401411652853,1.429209799769381,0.25974700003081364,0
95,2024-09-20 20:19:10.289720947,0,013,0.14722357640687936,-0.10932776330434232,1.8256870778442245,-0.49346114619181075,-0.0045236405386657975,-0.019301350331877014,1.936529606714737,0.2374016110153913,0
96,2024-09-20 20:19:10.343175049,0,013,0.15512968544193395,-0.11080692586803066,1.7527734246951931,-0.48309562055633065,-0.004615323602498115,-0.030691097278159735,2.502547501336508,0.18802792781814998,0
97,2024-09-20 20:19:10.420845947,0,013,0.16573360030336678,-0.11306580771420624,1.6718903754047136,-0.47014423276986234,0.0003722302367952693,-0.04495061692386043,3.1061511728447666,0.1143019986408937,0
98,2024-09-20 20:19:10.482844971,0,013,0.17875808894165393,-0.11605855849558681,1.5811141905562027,-0.45461652531253705,0.0104092148968359,-0.06160671036498328,3.72248323794224,0.021101422486517328,0
99,2024-09-20 20:19:10.560625977,0,013,0.19378266995351023,-0.11969765948784784,1.4788772716632754,-0.4366485059385742,0.02452953705943232,-0.0799939551424845,4.324040109642289,-0.0849164901928261,0
100,2024-09-20 20:19:11.500243896,0,013,0.21030143382947755,-0.12386170179648413,1.3642583916407955,-0.4164994458650217,0.04103236902229443,-0.09931027047852835,4.881807765809198,-0.19581743549925118,0
101,2024-09-20 20:19:11.561800049,0,013,0.22777555024976348,-0.12840075212507468,1.2370521832244477,-0.39449786422915073,0.05777609173827231,-0.11867772977713155,5.366474255135268,-0.3029758930784135,0
102,2024-09-20 20:19:11.640997803,0,013,0.2456626387128832,-0.133138423305562,1.0976149825633457,-0.37095030632610493,0.07254011878837766,-0.13721043394826551,5.749980760556902,-0.3978241874552762,0
103,2024-09-20 20:19:11.698971924,0,013,0.26342659944124297,-0.13787278980336537,0.9466628676227933,-0.34605906328507335,0.08340382871243272,-0.15409726376792712,6.007522644746498,-0.47274843622923873,0
104,2024-09-20 20:19:11.776460938,0,013,0.2805398463137301,-0.14237906113979557,0.7852060524328771,-0.31988876242511527,0.08906556941908336,-0.16869139577407172,6.119716416064799,-0.5219336157689701,0
105,2024-09-20 20:19:11.837997803,0,013,0.29647974020900675,-0.1464148218660196,0.6145787617455979,-0.29237276673086693,0.08903366542993504,-0.18058506275201983,6.074475169090775,-0.5419264288182811,0
106,2024-09-20 20:19:11.911917969,0,013,0.31070790606940757,-0.14972597698800275,0.43636713479667744,-0.26332078384496893,0.08365270992490055,-0.1896507236387971,5.868265545404297,-0.5318089728965881,0
107,2024-09-20 20:19:12.830589111,0,013,0.32262800314729956,-0.1520516453058045,0.2521662085786528,-0.2324151190052421,0.07396918336854479,-0.1960374097564001,5.506547517562836,-0.4929830796014914,0
108,2024-09-20 20:19:12.888659912,0,013,0.33154502040565786,-0.15313023741458998,0.06331665003726021,-0.19922136175804006,0.06148872749608612,-0.2001188781000529,5.003300434724313,-0.42864093467413733,0
109,2024-09-20 20:19:12.966104980,0,013,0.3366626127485893,-0.15271204149657625,-0.12918055924150187,-0.16324179943538256,0.04790740127281545,-0.20240283648129906,4.379785587190691,-0.3431176241546489,0
110,2024-09-20 20:19:13.027468018,0,013,0.3371355211739042,-0.1505795426908056,-0.32450602120204747,-0.12401205682371186,0.03487741369960289,-0.20342276857708966,3.662913880537446,-0.24136335616001883,0
111,2024-09-20 20:19:13.101582031,0,013,0.33216398696301463,-0.14656788261610004,-0.5216981396995969,-0.08121436397568148,0.023815654744800206,-0.20363599224238227,2.883502614564226,-0.12860360713594604,0
112,2024-09-20 20:19:13.169331055,0,013,0.3210997193353324,-0.14057513918251424,-0.7192806647440256,-0.034773675412736904,0.015753313754672624,-0.2033464280153452,2.0744641712055096,-0.010049684372039559,0
113,2024-09-20 20:19:13.237085938,0,013,0.3035379992835135,-0.13256102558027882,-0.9149351676103314,0.015082491518799073,0.011252555712515391,-0.20266391084624358,1.2688996804225325,0.10945009645147477,0
114,2024-09-20 20:19:14.180662109,0,013,0.2793854809860613,-0.1225418137259724,-1.1052957437194537,0.06779820488453976,0.010402820022419523,-0.20150092362906177,0.49815018540265166,0.2257321206935795,0
115,2024-09-20 20:19:14.248428223,0,013,0.24889235457680325,-0.11058571620913216,-1.2859461292158134,0.12248989729822067,0.012866242049507282,-0.1995951500065955,-0.21007314281587852,0.3354571247108852,0
116,2024-09-20 20:19:14.316194092,0,013,0.21263474164009608,-0.09680551195068826,-1.4517040611937606,0.1779816906585199,0.017936457712352957,-0.1965432507893585,-0.8332231593856335,0.43603298676713864,0
117,2024-09-20 20:19:14.378681885,0,013,0.17145388984554763,-0.08134738165799288,-1.5972114591391315,0.2328898652443471,0.024601131840547096,-0.19183903925664142,-1.3547782156621895,0.5254147002635975,0
118,2024-09-20 20:19:14.440270996,0,013,0.12637948657319287,-0.06438004078961387,-1.7176658695337512,0.2857435841194109,0.03162153237769781,-0.18491733912074393,-1.764384585802182,0.6019290903484033,0
119,2024-09-20 20:19:14.519402100,0,013,0.07856017509963678,-0.046087068263830834,-1.8093979718808584,0.33509661705588084,0.03764824501010628,-0.17520544591664683,-2.0575991528359077,0.6642579270188366,0
120,2024-09-20 20:19:14.587153809,0,013,0.029206110467749583,-0.02666198274969657,-1.8701133278763613,0.37959529117266516,0.04137047418909866,-0.16218024342936058,-2.2354906110301913,0.7116102467746727,0
121,2024-09-20 20:19:15.524275146,0,013,-0.020465991304020877,-0.006304726224243986,-1.8988294869562716,0.4180056608277917,0.041662519729657746,-0.14542807246056347,-2.3041404745488663,0.743981032086572,0
122,2024-09-20 20:19:15.590296875,0,013,-0.06929159508965324,0.014780928798363048,-1.8956119594947476,0.44921856826537865,0.03768080288362018,-0.12470360598701118,-2.274099350583547,0.7623657700400257,0
123,2024-09-20 20:19:15.663879883,0,013,-0.11621016013931475,0.03638767461847581,-1.861187545668211,0.4722429407765702,0.02889113744301615,-0.09997734244034026,-2.1598599623322077,0.7688737406756669,0
124,2024-09-20 20:19:15.725992920,0,013,-0.1602962529127749,0.05830034421071107,-1.79653037896725,0.4861979409651085,0.015037107050914234,-0.07145712004794573,-1.9792586313057725,0.7667135850236241,0
125,2024-09-20 20:19:15.801803223,0,013,-0.20077301525005886,0.08028675118135505,-1.7025545974838279,0.49032652111102165,-0.003931078360430707,-0.039578040557958744,-1.7526363194505887,0.7599877483737822,0
126,2024-09-20 20:19:15.864983887,0,013,-0.2370227378022668,0.1020870977545732,-1.5800027602803932,0.48404631512130813,-0.02793331883850967,-0.00497253879244132,-1.501625168286799,0.7532444953815357,0
127,2024-09-20 20:19:15.926488037,0,013,-0.2686050261567221,0.12340736232242984,-1.42950551215608,0.46702587978261745,-0.05679009883030328,0.03156045613707189,-1.2475465308448188,0.7508460263300003,0
128,2024-09-20 20:19:16.851115967,0,013,-0.29527813371260025,0.14392047067305633,-1.2517587571984912,0.4392632451707881,-0.09019262491582503,0.06908028939781592,-1.0096009873888274,0.7563126254238001,0
129,2024-09-20 20:19:16.914889160,0,013,-0.31700194283542665,0.16327448515841464,-1.0478431135199913,0.401163137865459,-0.127662894459983,0.10653079552085763,-0.8030961947885408,0.7717804873700653,0
130,2024-09-20 20:19:16.976259033,0,013,-0.3339018334091064,0.18110378305082084,-0.8197329255961321,0.35362357286491625,-0.1685563668083419,0.14277591503537287,-0.6379334743041323,0.7976327251258221,0
131,2024-09-20 20:19:17.053451904,0,013,-0.34619944987718715,0.19704051353118032,-0.5709205027470766,0.2981188546858067,-0.21211197199625997,0.17664583258189043,-0.5176802862012624,0.8323430222838516,0
132,2024-09-20 20:19:17.117792969,0,013,-0.3541418691195986,0.21072720463839573,-0.30691068385427567,0.23672523750084176,-0.25752321697123115,0.20699343071208468,-0.4395516242657759,0.8725583874257237,0
133,2024-09-20 20:19:17.193953125,0,013,-0.35795667698723066,0.22183230305918905,-0.03531610645588404,0.17203656113749186,-0.30399956884062307,0.23276290060822272,-0.3953105003116641,0.9133994879364208,0
134,2024-09-20 20:19:17.262325928,0,013,-0.35783900480018005,0.2300676713230413,0.23453092575891077,0.10697029502146055,-0.3507935057945795,0.2530678240012347,-0.3728124505090726,0.9489401075503481,0
135,2024-09-20 20:19:18.202773926,0,013,-0.3539649995361473,0.23520520830773056,0.4923415886601104,0.04450960024882297,-0.3971913646979237,0.26726739159916024,-0.3578878055009423,0.9728303299643694,0
136,2024-09-20 20:19:18.272644043,0,013,-0.3465240256176241,0.23709176231727255,0.7278339670821048,-0.012563135661084045,-0.4424931695792435,0.27502679553150217,-0.33628721041834214,0.9789772602072613,0
137,2024-09-20 20:19:18.340370850,0,013,-0.33576001066929617,0.23566377114410333,0.9316908030491492,-0.06188371276281314,-0.4860090529771349,0.27635299738244606,-0.29537887209713315,0.962135739810652,0
138,2024-09-20 20:19:18.408116211,0,013,-0.3220148508920348,0.23096208931186946,1.096327559909279,-0.10163275953917489,-0.5270866456684303,0.2716067661283464,-0.22538933477837567,0.9183280380467849,0
139,2024-09-20 20:19:18.465701172,0,013,-0.3057659032563062,0.22314432116471203,1.216406189336233,-0.13058181334904542,-0.5651709958949346,0.2614967697921766,-0.12027071704619492,0.8451818824403221,0
140,2024-09-20 20:19:18.528187012,0,013,-0.2876368106244255,0.2124890805488195,1.2890902209934265,-0.14810229272529618,-0.599865800433825,0.24704999116380125,0.02170279992928924,0.7422882259113257,0
141,2024-09-20 20:19:18.611361084,0,013,-0.2683617287195828,0.19938734498473668,1.314003696908504,-0.15415573818985767,-0.6309252206526745,0.22953670598590598,0.1978501746856532,0.6114647195661531,0
142,2024-09-20 20:19:19.539614990,0,013,-0.2487138130452517,0.18432193664140376,1.2928905526012133,-0.14924978367456057,-0.6581275981085275,0.21033643731405063,0.40177666688015834,0.45670789884399926,0
143,2024-09-20 20:19:19.622792969,0,013,-0.2294326059228226,0.16784133378700636,1.2290825887542318,-0.13435035309555654,-0.6810684895600924,0.19076519627648925,0.6246262631259281,0.2838060031483877,0
144,2024-09-20 20:19:19.675988037,0,013,-0.21117165709224414,0.1505325366907135,1.1269441592080645,-0.11076438393806232,-0.6989675761609254,0.17191023915114287,0.8563581463188042,0.09978568930384697,0
145,2024-09-20 20:19:19.753204102,0,013,-0.19446205943667633,0.13299268592263483,0.9914052278816635,-0.08000784362472257,-0.7105667408310758,0.15451290108799687,1.0866652673336032,-0.0876382195383028,0
146,2024-09-20 20:19:19.815231934,0,013,-0.17968159731762717,0.11579794887035465,0.827600783511602,-0.04366581874169771,-0.7141553833893722,0.1389160606089504,1.3054958842498188,-0.27055041289939674,0
147,2024-09-20 20:19:19.892359131,0,013,-0.16703145638821115,0.0994724867685051,0.640639332468097,-0.003269804845333315,-0.7077244290201612,0.12507132411230598,1.5034090459814085,-0.4412746173773635,0
148,2024-09-20 20:19:19.954387939,0,013,-0.1565300913110772,0.08446297496305036,0.43557416654539544,0.03976580362452591,-0.6892090562700227,0.11258920830450045,1.671962979396917,-0.5927767476906293,0
149,2024-09-20 20:19:20.900490967,0,013,-0.14802620421684268,0.071120397894621,0.21757277012594134,0.08413399311608621,-0.6567527631575458,0.10081623167020094,1.8041005858418653,-0.7190109117692278,0
150,2024-09-20 20:19:20.972835938,0,013,-0.14122546764503757,0.059687306931263874,-0.00788395595588885,0.12858612757574134,-0.6089453491877551,0.0889304430217102,1.894448024676959,-0.8152006419287701,0
151,2024-09-20 20:19:21.025060059,0,013,-0.13572624994237084,0.05029025661892237,-0.23496456742843588,0.1718925005051913,-0.5450313249014646,0.07605043384345553,1.9395243744373447,-0.8780885060946729,0
152,2024-09-20 20:19:21.108312988,0,013,-0.13105712454946924,0.04293870357043971,-0.45766009544587305,0.2128376342890893,-0.46509917174275506,0.06135269613039973,1.9378352661991083,-0.9061710399165784,0
153,2024-09-20 20:19:21.166682861,0,013,-0.12670566138570072,0.037530476368906225,-0.6700972197171926,0.2502484601071622,-0.37023781228692765,0.04419138167499846,1.8898659919527963,-0.8998744717212385,0
154,2024-09-20 20:19:21.241698975,0,013,-0.12213323937363986,0.03386259144743969,-0.8669042880413653,0.2830449999811605,-0.26262902737434735,0.024210942198153364,1.7981429947846397,-0.8616158303612795,0
155,2024-09-20 20:19:21.302820068,0,013,-0.11678127967345661,0.03164653307378635,-1.043550606024433,0.3103042480455161,-0.1455498250490766,0.0014359654854026141,1.66742503681927,-0.7957287425612432,0
156,2024-09-20 20:19:22.255114990,0,013,-0.11008705987097507,0.030529711653987796,-1.1965926358141257,0.3313250272195669,-0.023261517317037517,-0.023683289785715878,1.5047692730337512,-0.7082384211736344,0
157,2024-09-20 20:19:22.322983887,0,013,-0.10153532320434865,0.03012708366176567,-1.323807943288121,0.345678399438028,0.09922750918265137,-0.05028600713375588,1.3192081668835123,-0.6064664443894259,0
158,2024-09-20 20:19:22.388881836,0,013,-0.09075488431483361,0.030063530229335392,-1.4242422621345516,0.35323170674054677,0.21650032326419155,-0.07717271921913638,1.1210196240201715,-0.49846577307445605,0
159,2024-09-20 20:19:22.450464111,0,013,-0.07762993576951985,0.030019565508667384,-1.4981633072316163,0.35413744206112313,0.32311880517102115,-0.10291506766261983,0.9206716599795332,-0.3923173228971863,0
160,2024-09-20 20:19:22.526177002,0,013,-0.062374676602209876,0.029768478442701665,-1.5468622448329636,0.3487825053379994,0.41402148608299,-0.12598635358487942,0.7276377011178132,-0.29539068751829184,0
161,2024-09-20 20:19:22.593983887,0,013,-0.04553484785834601,0.029195390565758938,-1.5723160594318457,0.33771556110469997,0.48491040672703994,-0.14489960439619484,0.5495375469477478,-0.213744859493398,0
162,2024-09-20 20:19:22.656740967,0,013,-0.027908575016683854,0.02829457369111806,-1.5768533935242757,0.32159243754424965,0.5325897372858663,-0.1583369032501185,0.39192612354459544,-0.15179118092838273,0
163,2024-09-20 20:19:23.573093018,0,013,-0.01041204195213273,0.027149135786194514,-1.5629326907373762,0.3011612101738847,0.5552037610279015,-0.1652540903195839,0.25841645338893954,-0.11217468182803797,0
164,2024-09-20 20:19:23.640832031,0,013,0.006056747201560066,0.025903952289870632,-1.53298095317936,0.2772660721337103,0.5523405521964785,-0.16495252223587722,0.15054249906139425,-0.09573378828254817,0
165,2024-09-20 20:19:23.703319092,0,013,0.02071296623811119,0.024741583892829253,-1.4891951352035497,0.2508368672632983,0.5249930789505048,-0.15711429274890765,0.06729923919380021,-0.10149529359368319,0
166,2024-09-20 20:19:23.780108887,0,013,0.032939923192803006,0.023862374585826844,-1.4333250143888911,0.2228569218722269,0.475392075584906,-0.14179892649232087,0.004907391248958094,-0.12681820372553887,0
167,2024-09-20 20:19:23.842595947,0,013,0.04233191541130676,0.023463988622775125,-1.3665576965514308,0.19432534355930342,0.40676633311441107,-0.11940886662744984,-0.042743899321877644,-0.16776561576294177,0
168,2024-09-20 20:19:23.905347168,0,013,0.048738644654540524,0.023717562850405778,-1.2895762006225127,0.1662229471767087,0.3231017578011523,-0.09064062315271476,-0.08308204896352478,-0.21961309156368433,0
169,2024-09-20 20:19:23.983454102,0,013,0.05230065036748431,0.024742619283739234,-1.2027393928390837,0.13947221198014456,0.22892159314430052,-0.05643375441852465,-0.1236561745400135,-0.2773623620771805,0
170,2024-09-20 20:19:24.929784180,0,013,0.05345677343292578,0.026586150566348173,-1.1062933111163422,0.11488604801385488,0.12906746381017967,-0.017921469436544834,-0.17101270683283012,-0.3362086591055596,0
171,2024-09-20 20:19:24.997566895,0,013,0.05290431265417761,0.029212444434113794,-1.0005829734886875,0.0931186150537595,0.0284744664948528,0.02361297684457561,-0.22975882319323576,-0.39193894337590596,0
172,2024-09-20 20:19:25.054387939,0,013,0.051501116737250115,0.03250800566669965,-0.8862490126427577,0.07463078788459816,-0.06804932002068964,0.06677090351723008,-0.30198044991633555,-0.44123164621312977,0
173,2024-09-20 20:19:25.133072998,0,013,0.05012549242534654,0.03630033282311964,-0.7643611925181973,0.059670096785837075,-0.1560413546739054,0.11006965089548255,-0.3871731156958675,-0.4818358764902662,0
174,2024-09-20 20:19:25.193665039,0,013,0.049530844663823806,0.04038508832888237,-0.6364834622360568,0.04826655088024839,-0.23161644439891113,0.1519839537841771,-0.4827148980871614,-0.5125941949187944,0
175,2024-09-20 20:19:25.255290039,0,013,0.050222040783778336,0.04455591535463248,-0.504735071593492,0.04025473024134398,-0.29171301823407236,0.19100829949320003,-0.5847911404308873,-0.5332657183478738,0
176,2024-09-20 20:19:25.332941895,0,013,0.05235921504282158,0.048631972259426545,-0.3718715502645583,0.03532864862107106,-0.3343173919641727,0.22574023165474186,-0.6895489942351799,-0.5441846014372272,0
177,2024-09-20 20:19:26.280378174,0,013,0.05569596286931034,0.05247833350991258,-0.24132932471281554,0.03312288759886106,-0.3586001501412956,0.2549706926651625,-0.7940992468464789,-0.5459101401280275,0
178,2024-09-20 20:19:26.345979004,0,013,0.05958030170368871,0.05601435057286102,-0.11717928003294203,0.03330289337539609,-0.36492047331413036,0.2777635957326882,-0.8969956221943038,-0.5390383617844039,0
179,2024-09-20 20:19:26.407979004,0,013,0.0630445741408704,0.059207044120425316,-0.0039681729554118346,0.035640463046342906,-0.3547178146150366,0.2935139123113841,-0.9980958925418433,-0.5242163549981274,0
180,2024-09-20 20:19:26.472225830,0,013,0.06496306066051716,0.062053273923156314,0.09352427412207838,0.040054662008043536,-0.3303468091625781,0.30197947468661485,-1.0979981519182618,-0.5022597923161917,0
181,2024-09-20 20:19:26.548711914,0,013,0.06421828781068384,0.06456112514853404,0.17051889672890666,0.04661490811963957,-0.2948983969358762,0.30328899951856675,-1.197384346097156,-0.4742249006758726,0
182,2024-09-20 20:19:26.619204102,0,013,0.059835315240624146,0.06673875431530538,0.2224215778425113,0.05551261771601884,-0.2520203494850598,0.29793840094438123,-1.2965922626143584,-0.4413304029460146,0
183,2024-09-20 20:19:26.686979004,0,013,0.05107649112878629,0.06859045545999927,0.24506711251306354,0.06700523921125419,-0.20570749723296552,0.2867788423914198,-1.3955029395200185,-0.4047306095805251,0
184,2024-09-20 20:19:27.605112061,0,013,0.037498308623438545,0.0701155065798024,0.2351476483414415,0.08133244499112786,-0.1600067741968388,0.27097789803236805,-1.4935659093678446,-0.36525155913298624,0
185,2024-09-20 20:19:27.669692871,0,013,0.01897832241119605,0.07130739979401388,0.1908148505883845,0.09860517116001444,-0.11864212410316495,0.2519360229373591,-1.5898483602322027,-0.32323630769278133,0
186,2024-09-20 20:19:27.741519043,0,013,-0.004270532855580444,0.07215410698849525,0.11230544402778272,0.1186828960725254,-0.08466422000487207,0.23116910928107443,-1.6831705860828532,-0.27857294571293406,0
187,2024-09-20 20:19:27.793729980,0,013,-0.0316909962797654,0.07264136066822353,0.0023797143334230017,0.14107653274720236,-0.060235635872630214,0.21018705027181533,-1.7722624579841446,-0.23087331696706742,0
188,2024-09-20 20:19:27.871347900,0,013,-0.062392075198346296,0.07275994230592107,-0.133594322887489,0.16491676225074853,-0.04656043454785574,0.1903862380909644,-1.8556898306116887,-0.17972860178565686,0
189,2024-09-20 20:19:27.933783936,0,013,-0.09519836325741367,0.07251534632629474,-0.2879675660487246,0.18900529066128519,-0.043896951616649624,0.17295630732974687,-1.9314700056933445,-0.12498932638147806,0
190,2024-09-20 20:19:28.010566895,0,013,-0.12873998996080174,0.07193628558491715,-0.45151236140987244,0.21193978097317323,-0.05162696955804055,0.15880652215035346,-1.9965630340850684,-0.0670400812028647,0
191,2024-09-20 20:19:28.954253906,0,013,-0.16156063028745413,0.0710775177222646,-0.6144019763236127,0.23228354862341014,-0.0683969427451779,0.14852785067198804,-2.046367592276758,-0.007056705340573755,0
192,2024-09-20 20:19:29.015142822,0,013,-0.192214742047579,0.07001316548354586,-0.7672584136556564,0.24874039358671604,-0.09232220840097635,0.14239740713295068,-2.0742123996726933,0.052754369485376276,0
193,2024-09-20 20:19:29.089218994,0,013,-0.2193474739283751,0.06882209998787765,-0.9019818841558103,0.2602998953948068,-0.12121427522645696,0.14041454111899987,-2.0710468784541822,0.10898478663591961,0
194,2024-09-20 20:19:29.152975098,0,013,-0.24177122893901543,0.06757300566596777,-1.012213783722051,0.2663361225455519,-0.15280151124448405,0.14235137321225055,-2.025801012908653,0.15705209448723437,0
195,2024-09-20 20:19:29.226537109,0,013,-0.258544851048202,0.06631587792879133,-1.0935488273582463,0.2666577018146613,-0.18492580654344393,0.14780292908437614,-1.9266597967448973,0.19152730422035508,0
196,2024-09-20 20:19:29.291660156,0,013,-0.2690434365538145,0.06508086278013027,-1.1437139753819292,0.26151813815105734,-0.2156902433704779,0.15622787587720566,-1.763003765775434,0.2067184256358017,0
197,2024-09-20 20:19:29.353657959,0,013,-0.27300017194045506,0.06388105817278426,-1.1628192112992808,0.25160585479175546,-0.2435324030698932,0.16697829548705928,-1.5275089079820388,0.19736983879869,0
198,2024-09-20 20:19:30.305552002,0,013,-0.27050766922637476,0.06271534594420056,-1.1536046213367117,0.2380242864315737,-0.26722140488027474,0.1793217644081694,-1.2178668160676989,0.159343957379396,0
199,2024-09-20 20:19:30.364100830,0,013,-0.2619871713130457,0.061570077958573624,-1.1214678578332806,0.2222363739227967,-0.2858083400043996,0.19245904626971375,-0.8377233297569648,0.09018762772018205,0
200,2024-09-20 20:19:30.425755127,0,013,-0.24815164875402282,0.06042171377681938,-1.074054702806636,0.20593432016437477,-0.2985713761543039,0.20554064596409982,-0.3967896968808274,-0.010485307481636117,0
201,2024-09-20 20:19:30.502973145,0,013,-0.22997255153973262,0.05924200061816893,-1.0203879584336673,0.1908421896579985,-0.3049783402920904,0.21769028082207853,0.08962471155066061,-0.14082162954492816,0
202,2024-09-20 20:19:30.565353027,0,013,-0.20862815536564458,0.058003537003758016,-0.9697315815339752,0.178509399156359,-0.30466381047158386,0.22804316954035336,0.6014011500298595,-0.29672537513682,0
203,2024-09-20 20:19:30.636604980,0,013,-0.18541297703138118,0.05668248340862611,-0.930429525895165,0.17014231517213446,-0.2974166233471,0.23579362111552146,1.1145843682631205,-0.471949335881601,0
204,2024-09-20 20:19:30.698237061,0,013,-0.1616227988333187,0.055259124439211306,-0.9088778084178981,0.16648025288220072,-0.2831920374403443,0.24023812474900835,1.6024676144469205,-0.6582796513733884,0
205,2024-09-20 20:19:31.648402832,0,013,-0.13845225503675568,0.05372008082423152,-0.908721887884644,0.16770278267576613,-0.26215426037096207,0.24080834942057475,2.03677185879665,-0.845910447479986,0
206,2024-09-20 20:19:31.719165039,0,013,-0.11693277868491195,0.052063491648193176,-0.9303387600843908,0.17336083668699667,-0.23471545060242868,0.23709489877279563,2.3890777084646846,-1.0240931312091024,0
207,2024-09-20 20:19:31.788218018,0,013,-0.09791847384226128,0.050304609703016576,-0.9706924716646796,0.182351395650104,-0.20153358115492773,0.22886270891033786,2.6328018040868604,-1.18205094321076,0
208,2024-09-20 20:19:31.859406006,0,013,-0.08210505448406025,0.04847872308186105,-1.0236936326900663,0.1929804171548587,-0.16347530380133174,0.21606348718686183,2.7457259176928432,-1.3100671276038425,0
209,2024-09-20 20:19:31.912379883,0,013,-0.0700472388366263,0.04663975317011008,-1.0810758024768545,0.20313482044611544,-0.12156966746126056,0.19885043897173676,2.7125353459000365,-1.4005622985439812,0
210,2024-09-20 20:19:31.994971924,0,013,-0.06214560537209846,0.04485454523736227,-1.133579428193964,0.21053081762007758,-0.07695810368460244,0.17758903279563032,2.5266242412995337,-1.4488851224242765,0
211,2024-09-20 20:19:32.052240967,0,013,-0.05860242565466255,0.04319500107207531,-1.172182347843087,0.21298936205382485,-0.03083225344776546,0.15284958171991747,2.1907972233218156,-1.453601212734636,0
212,2024-09-20 20:19:33.002538818,0,013,-0.05936862092693271,0.041731365699440165,-1.1892629900542595,0.20871254170162368,0.015641399232216868,0.12537411942569898,1.7170360572235672,-1.4163128530977906,0
213,2024-09-20 20:19:33.064584961,0,013,-0.06410947412743594,0.040527966511491445,-1.179673596383927,0.1965448795106768,0.061397480911893725,0.096026610797335,1.1256773423836781,-1.3412291942767427,0
214,2024-09-20 20:19:33.141333984,0,013,-0.07220782669111298,0.03963922101233124,-1.1416071589679888,0.1761824154209092,0.10553133885009261,0.06574537057526922,0.4440433000553999,-1.2346366732296188,0
215,2024-09-20 20:19:33.209064941,0,013,-0.08280918280737429,0.03910398956192465,-1.077010715322249,0.14826964660114364,0.1473407645310488,0.03550790156903139,-0.29567289858988455,-1.104276524283985,0
216,2024-09-20 20:19:33.276837158,0,013,-0.09490377793626499,0.03894031135193678,-0.9913390392598611,0.11433872765563488,0.18636545184868367,0.006300681404138425,-1.0591453312459458,-0.9586506791213625,0
217,2024-09-20 20:19:33.342969971,0,013,-0.10743293513632972,0.03914400930836232,-0.8926741159194052,0.07660402761339001,0.22242575994230843,-0.020920920342502446,-1.8126944091026709,-0.8063465399765666,0
218,2024-09-20 20:19:33.404995850,0,013,-0.11940194207117116,0.039692890724910154,-0.790453745365177,0.03767751936807392,0.2556249909473756,-0.0452842197214056,-2.5255737930286326,-0.655448066371938,0
219,2024-09-20 20:19:34.330193115,0,013,-0.12998535223800722,0.04055693165690229,-0.6941091111719763,0.00027024527784938804,0.2862677135545166,-0.06604297446189786,-3.171607589295908,-0.5130568794531748,0
220,2024-09-20 20:19:34.398009033,0,013,-0.13861039489597543,0.04171237252483867,-0.6118858440133162,-0.033078169002259364,0.3146837990773738,-0.08259283846238649,-3.730194450428528,-0.3849471042100519,0
221,2024-09-20 20:19:34.465771973,0,013,-0.14499676847887652,0.04315395010840074,-0.5500864018734795,-0.060208192037040566,0.34099952484889856,-0.09446124376290835,-4.186707569608587,-0.27536563198476016,0
222,2024-09-20 20:19:34.533472900,0,013,-0.14914144694148393,0.04490032363236525,-0.5128432328172758,-0.07946418105260876,0.3649241886670328,-0.10129555283983936,-4.532399892162624,-0.18696914744699505,0
223,2024-09-20 20:19:34.601252197,0,013,-0.1512689466706374,0.046993651844226665,-0.5023180529620122,-0.08973750100801639,0.38562112919571345,-0.10286836421192264,-4.7638853676442094,-0.12091843933481068,0
224,2024-09-20 20:19:34.663472900,0,013,-0.15178322069781103,0.049497688230644155,-0.51908408681555,-0.09045703173055555,0.401708421682071,-0.09909457641289239,-4.882129375539425,-0.07715464197553616,0
225,2024-09-20 20:19:34.725470947,0,013,-0.15123494409482743,0.052495840192627284,-0.5624752865731741,-0.0815558226970501,0.411390185761743,-0.09004240419795975,-4.891090716546764,-0.05476816600166696,0
226,2024-09-20 20:19:35.679101074,0,013,-0.15028983082832267,0.05608670911903608,-0.6308096651904054,-0.0634218661211632,0.4126898961339987,-0.07593169303346976,-4.796514897771306,-0.052271914530534265,0
227,2024-09-20 20:19:35.741099121,0,013,-0.14968509032387675,0.0603748655892225,-0.7214978193427536,-0.036826714738465764,0.4037540618986926,-0.05712395498818956,-4.605227942778557,-0.06767861994654424,0
228,2024-09-20 20:19:35.803528076,0,013,-0.15017598109565214,0.06545692705232439,-0.831103674693722,-0.0028359512136987694,0.3831763645784934,-0.03410556757912283,-4.324854812795045,-0.09844423383855719,0
229,2024-09-20 20:19:35.880279053,0,013,-0.15247508761172565,0.07140410874810778,-0.9554420504404671,0.03727810723144238,0.35025957728748125,-0.007463021596913496,-3.963852789975198,-0.14136321149341094,0
230,2024-09-20 20:19:35.942295898,0,013,-0.15718094215060072,0.0782430490676027,-1.089727681674995,0.08209673242493304,0.3051446274668196,0.022144719739509457,-3.5319108592060795,-0.19245601358551187,0
231,2024-09-20 20:19:36.006728027,0,013,-0.1646980379194069,0.08593865578985474,-1.2286983589964982,0.1300801918549018,0.2488066885782775,0.05400661144262149,-3.0405913848383137,-0.2469539007690479,0
232,2024-09-20 20:19:36.082300781,0,013,-0.17516277258651614,0.09438461621661765,-1.3666781918085933,0.17958524038992313,0.18297955413216918,0.08736468301654716,-2.5037957157201447,-0.2995506146242575,0
233,2024-09-20 20:19:37.028833008,0,013,-0.18839316808216722,0.10340563568577067,-1.497638254323782,0.2289113527001036,0.11005846019005062,0.12140327499526689,-1.9377180850101785,-0.3449443132332687,0
234,2024-09-20 20:19:37.097243164,0,013,-0.20387784015472207,0.11277178481867968,-1.6152891778450276,0.2763739428878271,0.03297583894610242,0.15523348948890653,-1.3602915320464846,-0.3784637255778249,0
235,2024-09-20 20:19:37.152579102,0,013,-0.22081894868074728,0.12222319715376041,-1.7132158318333939,0.3203744950579112,-0.04498422443878409,0.18789375497196278,-0.7902805657273861,-0.3965284569414287,0
236,2024-09-20 20:19:37.229847900,0,013,-0.2382286215287814,0.13150073139735882,-1.7851445970930737,0.3594598220024227,-0.1204460798945443,0.21837946298712868,-0.24611880718455165,-0.3968319227364195,0
237,2024-09-20 20:19:37.291519043,0,013,-0.2550497109957317,0.14037407042894504,-1.8254510598953606,0.39238390621362995,-0.19024463160219982,0.2456909853243618,0.2554107856863923,-0.3783167468025254,0
238,2024-09-20 20:19:37.354007080,0,013,-0.27026418938574354,0.14865870000605877,-1.8298537937800237,0.4181685938377462,-0.25170668424455683,0.26888012108384635,0.7004715917566431,-0.3411398549617382,0
239,2024-09-20 20:19:37.435964111,0,013,-0.282974649907217,0.15621974498424063,-1.7960777514085962,0.4361440257680234,-0.3028592908075133,0.2870930668806362,1.07918903746355,-0.28674792920590725,0
240,2024-09-20 20:19:38.368871826,0,013,-0.2924644482115555,0.1629673726157467,-1.724288006838339,0.4459614236735453,-0.3425360471788171,0.2996207011803011,1.3861244138033137,-0.21792846287528872,0
241,2024-09-20 20:19:38.447835938,0,013,-0.29824252216164887,0.16884918342778943,-1.6172153106092002,0.44758710448886696,-0.3703513863365536,0.3059507775300574,1.6201035946592552,-0.13862246870620054,0
242,2024-09-20 20:19:38.506470947,0,013,-0.30007399256419204,0.1738417014079793,-1.4799794694497888,0.4412913206443248,-0.38652583732247325,0.3057994020365992,1.7835423268704358,-0.053503733367136125,0
243,2024-09-20 20:19:38.568483154,0,013,-0.2979964550918673,0.17794090617270536,-1.3196625751478774,0.427637966442975,-0.391613884264046,0.29911012013728,1.8815322043179445,0.0324768628183878,0
244,2024-09-20 20:19:38.644231934,0,013,-0.29232045991918715,0.1811520301795713,-1.144733617329473,0.4074701768945905,-0.3862498455481439,0.28603489415134753,1.9209181445763082,0.11443183257819246,0
245,2024-09-20 20:19:38.706270996,0,013,-0.28361365582816045,0.18348053587980792,-0.9644467940523714,0.3818861814385654,-0.3710140028133706,0.2669246076980829,1.9094617976629953,0.18779642959957354,0
246,2024-09-20 20:19:38.786554199,0,013,-0.2726706644763111,0.1849274137106827,-0.7882933828668314,0.3522068252383896,-0.34645271961943475,0.2423463381824951,1.8550625751445025,0.2486323950641674,0
247,2024-09-20 20:19:39.691052979,0,013,-0.2604647288883758,0.18548974666544216,-0.6255059217126,0.3199351089190691,-0.3132116559282244,0.21311761557463202,1.7650699880702496,0.293992034463895,0
248,2024-09-20 20:19:39.768667969,0,013,-0.24806955840576264,0.18516296745144256,-0.4845119133070624,0.2866894503112407,-0.2721979338075361,0.18032710571268173,1.6458555615156398,0.3222179952083405,0
249,2024-09-20 20:19:39.839365967,0,013,-0.23654671487953297,0.18394020412697948,-0.37219063836366434,0.2540780153209483,-0.22470621168998817,0.14531642885959617,1.502775360017148,0.33305968056276447,0
250,2024-09-20 20:19:39.891958008,0,013,-0.22680772060307222,0.18180727375801256,-0.2929581439338645,0.22351546203154235,-0.1724819166970181,0.10961719413434234,1.3405266289035827,0.32756588857608954,0
251,2024-09-20 20:19:39.968733887,0,013,-0.2194699391662539,0.17873430566151585,-0.24800409577383695,0.19604800637362657,-0.11769891942894171,0.07484845175507868,1.1638142734723866,0.3077672241607043,0
252,2024-09-20 20:19:40.030761963,0,013,-0.21473637825146544,0.17466601248629185,-0.23507362539557453,0.17226437844791115,-0.06284046260555728,0.04258790145439463,0.9780956607676996,0.27622099258027977,0
253,2024-09-20 20:19:40.108434082,0,013,-0.2123339092917167,0.1695141450725199,-0.24891885029576638,0.15230872455801883,-0.01051076127277634,0.014241231812255445,0.7900446178207116,0.23555742621961182,0
254,2024-09-20 20:19:41.040795166,0,013,-0.21152874852054324,0.16315587455175268,-0.28221767602922637,0.13595127044112817,0.036776043623849376,-0.00906695838161889,0.6074821981938205,0.18816079229970123,0
255,2024-09-20 20:19:41.118902832,0,013,-0.21121801567821827,0.15544014134130993,-0.3266335649994383,0.1226708581342749,0.0767830214197159,-0.026567692991734396,0.43875017491442336,0.13602666931141727,0
256,2024-09-20 20:19:41.180489990,0,013,-0.21008714300752931,0.14620304078429108,-0.37378005359496,0.11173766320892793,0.1076761565133862,-0.03787955538806985,0.291715451085255,0.08074736667660282,0
257,2024-09-20 20:19:41.257270020,0,013,-0.2068101142982024,0.13529207684139005,-0.4160091001930865,0.1023044705608103,0.12809063328668607,-0.042996220665119385,0.17283442202313568,0.02355178851669957,0
258,2024-09-20 20:19:41.318864990,0,013,-0.20025018044289092,0.12259532567597295,-0.4470147554194812,0.09350829508292537,0.1371800019740232,-0.04223935795276386,0.0867046761325125,-0.03464972973274911,0
259,2024-09-20 20:19:41.392826172,0,013,-0.18961855722831605,0.10806975034249244,-0.4622102425016833,0.08456741984626699,0.13467704309202405,-0.03619281994404325,0.03608244546232742,-0.09321358417550082,0
260,2024-09-20 20:19:41.457762939,0,013,-0.1745708817342625,0.09176607704403321,-0.45880643231906265,0.0748454011014438,0.12095315412880563,-0.025636058888554823,0.022003247684748605,-0.15167659490914687,0
261,2024-09-20 20:19:42.404052979,0,013,-0.15523996584248007,0.07384894867351537,-0.43559317771476563,0.0638601208397132,0.09705699052349942,-0.011494415228810369,0.04385375341503444,-0.20965794588272485,0
262,2024-09-20 20:19:42.461958008,0,013,-0.13220763638427566,0.054607031956638095,-0.39256257908395453,0.05125281063792277,0.06473430886224868,0.005187125882914841,0.0995518883499284,-0.2668123343494256,0
263,2024-09-20 20:19:42.524445068,0,013,-0.10641723334584913,0.03444566156745496,-0.3305776936777827,0.03676498597768481,0.026417031377231556,0.023259678885331585,0.18591856056605405,-0.3228351819951553,0
264,2024-09-20 20:19:42.607286865,0,013,-0.07903320591074883,0.013859391439723614,-0.251203232532391,0.020255879479470964,-0.014866644997905435,0.04150172571023831,0.2990816873134162,-0.37746102221008593,0
265,2024-09-20 20:19:42.672236084,0,013,-0.0512710257075648,-0.006610796348793341,-0.15665305392318282,0.0017450456539608653,-0.055686684076231265,0.05868311685117972,0.43473364676290316,-0.4304443759698733,0
266,2024-09-20 20:19:42.734724121,0,013,-0.024239357403497995,-0.02642566206728521,-0.049734142224576214,-0.01855870924472376,-0.09246591749970895,0.07365105142205934,0.5882123709362252,-0.481577575301651,0
267,2024-09-20 20:19:42.795860107,0,013,0.0011616158740763627,-0.045089200707822144,0.06626458425647457,-0.04025889870729076,-0.12173377118202305,0.08541225630864852,0.7544302527062569,-0.5307836832274856,0
268,2024-09-20 20:19:43.752587158,0,013,0.02426814164359087,-0.06217506305288203,0.1876905065762432,-0.06278776364352869,-0.1403640328148154,0.093200202539522,0.9276742189934036,-0.5782517614963529,0
269,2024-09-20 20:19:43.815451904,0,013,0.04463337236484269,-0.07733969805476691,0.31058427270475275,-0.08541374006821159,-0.1457986688266875,0.0965276441223908,1.1013941491147459,-0.6245228863564527,0
270,2024-09-20 20:19:43.877483887,0,013,0.0620076720582959,-0.09033129746261823,0.4306638027740789,-0.1072313262774191,-0.13622523668402292,0.09521276789026857,1.2681873771815073,-0.6704424362281988,0
271,2024-09-20 20:19:43.957768066,0,013,0.07634288498560604,-0.10099959461504894,0.5432981995141419,-0.1271499449742499,-0.11066795432831052,0.08936344233750596,1.420086803800798,-0.7169712111426739,0
272,2024-09-20 20:19:44.025495117,0,013,0.08781146799791958,-0.10930331249648262,0.6435355458537113,-0.14391008010256978,-0.06899379063286487,0.07932503661875148,1.5490199542561065,-0.7649317236598517,0
273,2024-09-20 20:19:44.078785889,0,013,0.09682405548965617,-0.11531125662649964,0.7261783991507985,-0.15613741711136478,-0.011864603638783125,0.06561325838169141,1.6472428880597518,-0.8147938226051701,0
274,2024-09-20 20:19:44.161015137,0,013,0.10403709208681972,-0.11919767391773578,0.7859299170225491,-0.16243517788406914,0.059336261192899115,0.04884621326850425,1.7077305410447339,-0.866554707811534,0
275,2024-09-20 20:19:45.074805908,0,013,0.11034078555124861,-0.12123301464801983,0.8177405101842053,-0.16152602360346532,0.14258300268856305,0.0296784533370824,1.7245876730972964,-0.9196837995789982,0
276,2024-09-20 20:19:45.147733887,0,013,0.11681251611902466,-0.12176843293336458,0.8173998556778752,-0.1524353837269642,0.23528188009925236,0.008743015352745749,1.6934319829919628,-0.9730803386552836,0
277,2024-09-20 20:19:45.215482910,0,013,0.12462979807732572,-0.12121308685808284,0.782184156520858,-0.13465860961286333,0.3343461842217416,-0.013384863148464439,1.6116262586973007,-1.0250406459292785,0
278,2024-09-20 20:19:45.275640869,0,013,0.13495084315782502,-0.12000613115714286,0.7113137788389684,-0.10824691397726538,0.4362852365167333,-0.036195587874635414,1.4783629847921385,-1.0732659405865272,0
279,2024-09-20 20:19:45.337177979,0,013,0.14877456736956016,-0.11858558485376884,0.6061253218239527,-0.07379645774174948,0.5373218916665894,-0.05923301060285106,1.2948621058634706,-1.1149597275923169,0
280,2024-09-20 20:19:45.414665039,0,013,0.16679658883815013,-0.11735625189097182,0.4699770128685726,-0.032371575445479375,0.6335514571119076,-0.08207585547926592,1.0649384131046216,-1.1470652513434763,0
281,2024-09-20 20:19:45.475792969,0,013,0.18929304543285774,-0.11666131901109338,0.30792308961900183,0.014602938453090448,0.7211442522311928,-0.10432238028020395,0.7957288121298454,-1.1666106797418332,0
282,2024-09-20 20:19:46.429392090,0,013,0.2160687105498918,-0.11676299729601969,0.12621370672841056,0.06545933714970384,0.7965781895627551,-0.12558350153692793,0.4980031767623808,-1.17105567954507,0
283,2024-09-20 20:19:46.490952881,0,013,0.2464822295247867,-0.11783369072281454,-0.06825718817499447,0.11839138679160789,0.8568764473727993,-0.14548611280360274,0.18572612760215526,-1.1585816533752082,0
284,2024-09-20 20:19:46.552979004,0,013,0.27953349806915356,-0.11995591582576356,-0.26840511301841996,0.17152731910917735,0.8998173484760209,-0.1636852123097226,-0.12499286361959148,-1.1283147981203359,0
285,2024-09-20 20:19:46.633143799,0,013,0.31399646829511035,-0.1231304531840899,-0.4672554581400613,0.22298691747763053,0.9240789520345483,-0.17988105603974444,-0.41730045676199595,-1.0804361310395885,0
286,2024-09-20 20:19:46.700951904,0,013,0.3485834571466159,-0.12729250532446235,-0.6581815374370977,0.27096237844555937,0.9292819404219173,-0.19383438446847837,-0.6752095448012434,-1.0161407448033462,0
287,2024-09-20 20:19:46.761874023,0,013,0.3821027150946632,-0.13233129800823604,-0.8351845381275755,0.31383542391761554,0.9159196496945169,-0.20537206823591844,-0.885238489497887,-0.9374981630762693,0
288,2024-09-20 20:19:46.823448975,0,013,0.4135568198132152,-0.1381064307671355,-0.9932032381178243,0.35029741464487824,0.8852233209834335,-0.21438263458313997,-1.0377797748742923,-0.8473051589381607,0
289,2024-09-20 20:19:47.780258789,0,013,0.4421660805976922,-0.14445828830458127,-1.1283943094040392,0.3794338613061519,0.8390376677674655,-0.22080782547835348,-1.1279618533441447,-0.748950548388754,0
290,2024-09-20 20:19:47.843852051,0,013,0.46734477586255374,-0.15121364906287477,-1.2383795608545143,0.40076488646140207,0.7797249654869199,-0.22463287153419287,-1.1559084869804088,-0.6462396239675241,0
291,2024-09-20 20:19:47.915733887,0,013,0.4886629087860189,-0.15818808756724714,-1.3224244259366922,0.41424625304062174,0.7100612038547452,-0.22587461261359598,-1.1264168792586453,-0.5431417190178401,0
292,2024-09-20 20:19:47.982686035,0,013,0.505814432135626,-0.16518789006908302,-1.3814176289806672,0.4202255695221346,0.6331141273093837,-0.22457321695188553,-1.048229157577591,-0.4434706102128887,0
293,2024-09-20 20:19:48.051228027,0,013,0.5186056223535196,-0.17201602482110884,-1.4175816740554805,0.41935492851037104,0.552127586677235,-0.2208005289958126,-0.933127479983097,-0.35054840972016893,0
294,2024-09-20 20:19:48.112287109,0,013,0.5269652586973013,-0.17848429687360093,-1.434027399389917,0.4124895387207272,0.47040998293477443,-0.21469141205010842,-0.7949874608395692,-0.2669591351561214,0
295,2024-09-20 20:19:48.184878174,0,013,0.5309665348291565,-0.1844279570394483,-1.4343612392435512,0.4006153658555764,0.3911991726165197,-0.2064863931357548,-0.648847718639146,-0.19448895537678393,0
296,2024-09-20 20:19:49.121354004,0,013,0.5308494863967307,-0.18971658123204704,-1.4224612797932792,0.3848225902506948,0.3175164870942762,-0.19656578862215204,-0.509974617317756,-0.1342267744454642,0
297,2024-09-20 20:19:49.198477051,0,013,0.5270327200524623,-0.19425794283737594,-1.4023522050363355,0.3662983556248011,0.2520685916199111,-0.18546504915376905,-0.3927671676543277,-0.08670176849156772,0
298,2024-09-20 20:19:49.266221924,0,013,0.520101397016641,-0.19799494821338226,-1.3780341600577592,0.3463000947158849,0.19722016841905998,-0.17386765419666578,-0.3094260927929692,-0.051956425466257734,0
299,2024-09-20 20:19:49.321698975,0,013,0.5107627071855219,-0.20089643379634373,-1.3532059249406065,0.32609555553964975,0.1549817094525335,-0.16256711727690334,-0.2686743369411897,-0.02951690987737092,0
300,2024-09-20 20:19:49.398948975,0,013,0.4997702569933191,-0.20294354768327302,-1.3309429684868666,0.3068838413708402,0.12694831452143368,-0.15239494697549416,-0.2750104905229564,-0.018280412990121706,0
301,2024-09-20 20:19:49.460041992,0,013,0.48783428124209216,-0.20411682237621195,-1.3134616133621104,0.2897262589624203,0.11419982674020579,-0.1441320076988768,-0.3288110186390214,-0.01637634560349069,0
302,2024-09-20 20:19:49.522563965,0,013,0.47554753298393393,-0.20439047791483625,-1.3020562089726093,0.27550553280900786,0.1172231589199454,-0.13842664306347932,-0.42733670444591837,-0.02105342292118807,0
303,2024-09-20 20:19:50.450575195,0,013,0.4633491971652952,-0.2037362108435251,-1.297147576616973,0.26489706246263917,0.1358839639589903,-0.13572550240263062,-0.5663784732946863,-0.02867618109330483,0
304,2024-09-20 20:19:50.523530029,0,013,0.4515255178326926,-0.2021335970098294,-1.2983074499549998,0.2583220694235641,0.16942676537893084,-0.13621684539318388,-0.7419123989807794,-0.03496565493309045,0
305,2024-09-20 20:19:50.590711182,0,013,0.4402326633343199,-0.19958402413594023,-1.3042141606735154,0.25588598811882435,0.21647711714181903,-0.13979677604437687,-0.9510661036343375,-0.035510685676098996,0
306,2024-09-20 20:19:50.650395020,0,013,0.42953388689418137,-0.19612758414838377,-1.312599372909437,0.2573354064701498,0.27502636316362966,-0.14606354830937432,-1.1920387553517122,-0.026387970819516736,0
307,2024-09-20 20:19:50.726725098,0,013,0.41944966158292557,-0.1918617645355914,-1.3202157027260097,0.26204766202298774,0.34240420979104236,-0.1543334600049377,-1.4630668600515717,-0.0047205644483221095,0
308,2024-09-20 20:19:50.789645996,0,013,0.41001339875835885,-0.18695702171838968,-1.3228033384751368,0.2690388538471805,0.41529701906024136,-0.1636811587874974,-1.760870510228362,0.03087990308041383,0
309,2024-09-20 20:19:50.855253906,0,013,0.40132053168936455,-0.18166291082647795,-1.3151445217757536,0.27699385841240526,0.48987589765133205,-0.1730129927521373,-2.0792094503747993,0.08000552105852272,0
310,2024-09-20 20:19:51.805403076,0,013,0.39356489075573237,-0.17630125680208988,-1.291410335839752,0.2843508142501509,0.5620385726169158,-0.18116629926940808,-2.4081397416451162,0.1403441380475614,0
311,2024-09-20 20:19:51.873069092,0,013,0.3870618608406274,-0.17124697213028986,-1.2458666628438602,0.28945077619799126,0.6277188234307103,-0.18701734478361443,-2.7342674316044717,0.2078756914965983,0
312,2024-09-20 20:19:51.929629150,0,013,0.38225446501580085,-0.16690088309274492,-1.173758828472368,0.29072014018692816,0.6832044403681041,-0.1895863882500714,-3.0419197137361214,0.27741808355503195,0
313,2024-09-20 20:19:52.006784912,0,013,0.37969588851120495,-0.16366109511311094,-1.0721204525444779,0.28684401501490636,0.7254181049537995,-0.18813493281476643,-3.3148681660756694,0.34340656111915063,0
314,2024-09-20 20:19:52.071558838,0,013,0.3800099535640949,-0.16189788539583846,-0.9403577683622493,0.27690638988202226,0.7521468118770123,-0.18225159908516952,-3.5381602735407185,0.4007081614831783,0
315,2024-09-20 20:19:52.136465088,0,013,0.38384070205906173,-0.16193328723351716,-0.7806033098686527,0.2604952455213364,0.7622180311143274,-0.17191916380408812,-3.6997602254105257,0.4453484785438115,0
316,2024-09-20 20:19:52.212341064,0,013,0.3917993454595766,-0.16402411159337704,-0.5978781612271427,0.23778067128448538,0.7556090131415212,-0.1575513492335287,-3.7918326984778083,0.47507238143376634,0
317,2024-09-20 20:19:53.139669922,0,013,0.40440753711883176,-0.16834680859623707,-0.4000130627632528,0.20955736505598782,0.7334719696182114,-0.13999078433140455,-3.8114767325641554,0.48960826549864067,0
318,2024-09-20 20:19:53.222756104,0,013,0.4220363408375031,-0.1749837734589686,-0.19721183788528954,0.17722045791094684,0.6980647264429858,-0.12046353407526253,-3.760699798735783,0.4905337759112995,0
319,2024-09-20 20:19:53.278704834,0,013,0.4448466559582759,-0.18391254377713806,-0.0012180743216449296,0.1426482861898004,0.6525910122229137,-0.10048767940548842,-3.645588424786215,0.4807899385565774,0
320,2024-09-20 20:19:53.358202881,0,013,0.47273632155569617,-0.19499950647663788,0.17582467202423868,0.10799660807790194,0.600972404875908,-0.08174077978428233,-3.4749765390096745,0.46401379923891495,0
321,2024-09-20 20:19:53.426002930,0,013,0.5052994099563459,-0.20799924240809337,0.32266560850535864,0.07543433955642548,0.5475700786411059,-0.06590130829131306,-3.259179423914634,0.44387876685091865,0
322,2024-09-20 20:19:53.493716064,0,013,0.5418108533554798,-0.22256175558402327,0.43025728533301794,0.04684699280233847,0.49685620163995675,-0.05448237682997908,-3.009197471730731,0.4235755570561454,0
323,2024-09-20 20:19:53.561201172,0,013,0.581247163748688,-0.23824949146092309,0.49297607587016584,0.02352871400637992,0.4530374107778722,-0.04867301997578519,-2.736324951762304,0.40548853513424293,0
324,2024-09-20 20:19:54.498756836,0,013,0.6223393259541081,-0.25456276612023687,0.509571079024917,0.005922122431691481,0.4196670402649009,-0.0492044596028168,-2.4518571674269247,0.3910655605332894,0
325,2024-09-20 20:19:54.561253174,0,013,0.6636499496323744,-0.27097057855495704,0.48353332130363985,-0.006488350956584448,0.3993206642812779,-0.056266474289933935,-2.166725346515245,0.3808441197482586,0
326,2024-09-20 20:19:54.631680908,0,013,0.7036718945773643,-0.2869443472586242,0.422626978789219,-0.015055335095180552,0.39340616277556667,-0.06949459236534394,-1.8910743984632836,0.3745560722753485,0
327,2024-09-20 20:19:54.693766113,0,013,0.7409379169581436,-0.3019909372151028,0.33763506680280203,-0.02165653850633845,0.40213641284132184,-0.08802865872500008,-1.6337974079565687,0.3711987912909192,0
328,2024-09-20 20:19:54.771398926,0,013,0.774119144451585,-0.3156797564208187,0.2407199652677331,-0.028322198092282057,0.42465069207915634,-0.11062638033342163,-1.401951997292338,0.36898299571873977,0
329,2024-09-20 20:19:54.843756836,0,013,0.8020962964065201,-0.32766085566303466,0.14389996425474663,-0.0369286310986932,0.4592379426941562,-0.13580896447167612,-1.2000576765925488,0.36518367156226283,0
330,2024-09-20 20:19:54.911483154,0,013,0.8240035823823065,-0.3376752322726183,0.0579470096662573,-0.049008242932109834,0.50358712978796,-0.1620121398861469,-1.0295203367435655,0.3560730908136399,0
331,2024-09-20 20:19:55.830066895,0,013,0.8392551987598238,-0.34556034081839104,-0.008269607113398377,-0.06565887617837339,0.5549947740121919,-0.18771595311221984,-0.888507621949999,0.33712867628164134,0
332,2024-09-20 20:19:55.887187012,0,013,0.8475662800216465,-0.351252338220404,-0.04812025810113455,-0.08751232778205859,0.6105110178502644,-0.21153743884951118,-0.772353860720415,0.3035158542218594,0
333,2024-09-20 20:19:55.965563965,0,013,0.8489719363274103,-0.35478403755489035,-0.05737222141453967,-0.11472677029304404,0.6670622329128013,-0.23228937643168276,-0.6742970707774636,0.25066301798583085,0
334,2024-09-20 20:19:56.025410889,0,013,0.8438338557126149,-0.3562763725569951,-0.03425749457032109,-0.14698896291675248,0.7215978137487108,-0.24902135105027534,-0.586263157718956,0.17477046620046433,0
335,2024-09-20 20:19:56.087468018,0,013,0.8328207320646314,-0.35592225341144035,0.020553342623371273,-0.1835392498579715,0.7712659050347748,-0.2610515880110172,-0.4995040551765009,0.07323884994377734,0
336,2024-09-20 20:19:56.164699951,0,013,0.8168594994292467,-0.35396315868835265,0.10416307211617006,-0.22324256095844283,0.81357802367562,-0.26798260794965983,-0.40512782641589246,-0.054929310782402395,0
337,2024-09-20 20:19:56.226343018,0,013,0.7970593409353659,-0.350659104981614,0.21189683348691984,-0.26471154521137974,0.8465332576285568,-0.26969771707155143,-0.2947259315980745,-0.2087779131286963,0
338,2024-09-20 20:19:57.179560791,0,013,0.7746084979033049,-0.34625384136421533,0.33789351982769955,-0.3064583343976013,0.8687122164290771,-0.2663495822997542,-0.1611935746922834,-0.38522263486847635,0
339,2024-09-20 20:19:57.247349121,0,013,0.750660489718563,-0.3409418154269872,0.47566874389403985,-0.3470347025413834,0.879340589291966,-0.2583496293332359,0.00038419020330612906,-0.579145132936849,0
340,2024-09-20 20:19:57.303155029,0,013,0.7262484877097893,-0.3348473611755642,0.6185516238498487,-0.38513319584834016,0.8782894367906694,-0.2463548387469716,0.19197907132642558,-0.7837109460106372,0
341,2024-09-20 20:19:57.382777832,0,013,0.7022528944534785,-0.328022153839547,0.7600305723743306,-0.4196522416639049,0.8660031457750949,-0.2312421903225853,0.41218194023325294,-0.9908315052907478,0
342,2024-09-20 20:19:57.442310059,0,013,0.6794137629276387,-0.3204574901753232,0.8941053148894309,-0.44974563079873253,0.8433854006095789,-0.21405645581894875,0.6562858274305914,-1.1917819498460729,0
343,2024-09-20 20:19:57.503431885,0,013,0.6583651866157043,-0.3121034105384167,1.0156927306734793,-0.47487010596081447,0.811666839234811,-0.19592147257846093,0.9169935298894193,-1.3779974732707874,0
344,2024-09-20 20:19:57.583698975,0,013,0.6396632203814695,-0.30288803760873073,1.121034755354772,-0.49482463282228456,0.7722618005902322,-0.17792593854270738,1.1855368644552227,-1.5419229985325467,0
345,2024-09-20 20:19:58.527562012,0,013,0.6237786046718345,-0.2927336059233603,1.2079877781308206,-0.5097590083861187,0.7266271523353048,-0.1610113836792871,1.4527148777399717,-1.677671597963828,0
346,2024-09-20 20:19:58.597368896,0,013,0.6110536902805775,-0.2815702414310527,1.2760824662558816,-0.5201340133584652,0.6761487730336392,-0.14588724224658942,1.7094148038058024,-1.7813122072309735,0
347,2024-09-20 20:19:58.659347900,0,013,0.6016550987397886,-0.26935144149730145,1.3263190960528395,-0.5266323373134904,0.6220827102220459,-0.1329852885056351,1.9465952294286444,-1.8507913777342078,0
348,2024-09-20 20:19:58.721395020,0,013,0.5955452510723043,-0.2560715519619381,1.3607422334250956,-0.5300329017178641,0.5655493861567338,-0.1224533053685211,2.155166304292981,-1.885638727215871,0
349,2024-09-20 20:19:58.799089844,0,013,0.5924683972353506,-0.24178036131811864,1.3818861315941393,-0.5310713557750948,0.507549599465425,-0.11418101513334078,2.3262270546807877,-1.886603429893877,0
350,2024-09-20 20:19:58.861454102,0,013,0.5919452145432287,-0.2265905401260572,1.392213159452787,-0.5303135518379035,0.4489972713516015,-0.10785164292758129,2.451611934814059,-1.855262248056658,0
351,2024-09-20 20:19:58.936027100,0,013,0.5932866440137806,-0.21067776791346093,1.39366092762593,-0.5280612083174903,0.390801038001073,-0.10301377250981104,2.5242564809880172,-1.7935997372792583,0
352,2024-09-20 20:19:59.876337158,0,013,0.5956414797683866,-0.19427600287433613,1.387346052134684,-0.5243006782473645,0.3339885829018601,-0.0991645747108191,2.5380825741204265,-1.7036312910840836,0
353,2024-09-20 20:19:59.948062012,0,013,0.5980781455858905,-0.1776697890261673,1.3734058245319936,-0.5187052179443459,0.27980504599500955,-0.09583167647457888,2.4875823280192275,-1.5871659019127375,0
354,2024-09-20 20:20:00.000274902,0,013,0.599681623508791,-0.16118266415611254,1.3509500756412824,-0.5106938810064282,0.22972398085314497,-0.09264244594232837,2.367476219995249,-1.445734875265761,0
355,2024-09-20 20:20:00.077472900,0,013,0.5996363057602917,-0.1451598178309194,1.3181383601971024,-0.49953313492876905,0.18534869787460503,-0.08936877680262395,2.1727497868551042,-1.2806580834886387,0
356,2024-09-20 20:20:00.140233887,0,013,0.5972743687445771,-0.12994599163947018,1.2724620067167187,-0.48446625785413094,0.1482057591337476,-0.0859312380253593,1.8991816925365843,-1.0932107731515623,0
357,2024-09-20 20:20:00.217924072,0,013,0.5920906296381097,-0.11586240132141117,1.2112779578235657,-0.46486292579383276,0.11948080391323102,-0.0823575808131357,1.544291834940223,-0.8848463052403419,0
358,2024-09-20 20:20:00.280889893,0,013,0.583738052124669,-0.10318650230615672,1.1324487550677136,-0.4403602263391571,0.09979855521022377,-0.07871670064370362,1.1086331301035923,-0.6574379483947649,0
359,2024-09-20 20:20:01.205343994,0,013,0.5720105833112994,-0.09213640300892709,1.0348342705858649,-0.41094486792204127,0.08912069429855095,-0.07505907788018361,0.5973463254838096,-0.41352700670704906,0
360,2024-09-20 20:20:01.273113037,0,013,0.5568105842749967,-0.08286008324721512,0.9185512688871678,-0.37695985091068507,0.08675585160518348,-0.07138115858433268,0.021645580107610505,-0.15656528059172808,0
361,2024-09-20 20:20:01.339083008,0,013,0.5381082683044474,-0.07543020456939692,0.7851047222397038,-0.3390705520997024,0.09144432835317237,-0.06761932359229594,-0.6003654069791708,0.10889370242446232,0
362,2024-09-20 20:20:01.400588867,0,013,0.5159142893240469,-0.06984591550539251,0.6374415035547766,-0.2982259468279604,0.10149996283419825,-0.063674226650952,-1.2440035320481326,0.37713050832931844,0
363,2024-09-20 20:20:01.476274902,0,013,0.4902848008575506,-0.06604160385265137,0.4798532777157274,-0.25561826922296027,0.11500269492417102,-0.059454956426209314,-1.8793737739277958,0.6413685849905133,0
364,2024-09-20 20:20:01.544023926,0,013,0.4613613087931175,-0.06390069869885412,0.31766001466144683,-0.21262666838543057,0.13002871863710183,-0.054924362424545216,-2.4734087451250524,0.8940283929732479,0
365,2024-09-20 20:20:01.611740967,0,013,0.42942356579016744,-0.06327163445962698,0.156692821126364,-0.17073096096601065,0.14490033827705212,-0.05013512224872638,-2.992393031532149,1.1270763013064087,0
366,2024-09-20 20:20:02.550084961,0,013,0.39492924163336973,-0.06398346032712075,0.0026969570382831577,-0.1313992643957071,0.15841918997282747,-0.045252802194752265,-3.4049791556019224,1.3324685662458584,0
367,2024-09-20 20:20:02.622268799,0,013,0.3585335851833011,-0.06585985066098565,-0.1391739900328107,-0.0959755706953997,0.1700153473984966,-0.0405558197885257,-3.6854492663192175,1.5027113595922972,0
368,2024-09-20 20:20:02.686325928,0,013,0.3210893506613348,-0.06873012024080605,-0.26469144477154855,-0.06558336013954269,0.17976392983867892,-0.0364052955014004,-3.81660438258092,1.6314741974244344,0
369,2024-09-20 20:20:02.748398926,0,013,0.2836176598397533,-0.07243412134254137,-0.370754232969133,-0.04103841688656963,0.18829377368394637,-0.0331971782052789,-3.791608383465398,1.7141116322768948,0
370,2024-09-20 20:20:02.826044922,0,013,0.24724178762803734,-0.07681800802917302,-0.4554819791297463,-0.022777842758325728,0.19664565741117243,-0.03131841972103497,-3.6143650276437906,1.7479933670694843,0
371,2024-09-20 20:20:02.894062012,0,013,0.2130886443646705,-0.0817220633140656,-0.5181574371508999,-0.010832242710640753,0.20610369913290982,-0.031116481567890788,-3.2984444467865175,1.7326471846515035,0
372,2024-09-20 20:20:02.949270020,0,013,0.1821718634605877,-0.08696644708656935,-0.5590395753947734,-0.004846797910562096,0.21799178347616,-0.03287318583999108,-2.8651450637840172,1.669772161028365,0
373,2024-09-20 20:20:03.890639893,0,013,0.15527181578595953,-0.09233983881240294,-0.5791523587732236,-0.004133135234215375,0.23343768578016408,-0.03676709079526339,-2.3415630953184654,1.563178236285052,0
374,2024-09-20 20:20:03.968269043,0,013,0.13282664343297798,-0.09759094870668526,-0.5801010494520467,-0.007747632055359019,0.253144699744305,-0.04281979015034518,-1.7590740384687913,1.4186496376580524,0
375,2024-09-20 20:20:04.030301025,0,013,0.11485118715333185,-0.1024216540456247,-0.5638921712861579,-0.01460273123487404,0.2772278087907575,-0.05084375373999865,-1.151858595635032,1.2436668148695573,0
376,2024-09-20 20:20:04.107929932,0,013,0.10090194875492961,-0.10648479356547537,-0.5327754873237346,-0.023589964466060875,0.3051339825511043,-0.06041955539102026,-0.5549383008723167,1.0469638674670532,0
377,2024-09-20 20:20:04.176487061,0,013,0.09009574424053494,-0.10939207801516858,-0.4892079614241441,-0.0336630131193249,0.3356168189461278,-0.0709139222242781,-0.0016686186485094438,0.8379828142048249,0
378,2024-09-20 20:20:04.244194092,0,013,0.08117897072655557,-0.11073438556720679,-0.43601999759083443,-0.04384564504686657,0.3667406883673934,-0.08152667455362954,0.4788807633159197,0.6262859318865646,0
379,2024-09-20 20:20:04.308770020,0,013,0.07264507127458167,-0.11011240046815252,-0.37671569072571714,-0.053184505441291156,0.39593374214497645,-0.09135257642893652,0.8641365794045128,0.42094896240247387,0
380,2024-09-20 20:20:05.246937988,0,013,0.06289153646251297,-0.10717275361379072,-0.3156915783416722,-0.060704234046578716,0.4201342743150367,-0.09945827475785178,1.1394950314511345,0.22996872097043572,0
381,2024-09-20 20:20:05.309565918,0,013,0.050387618311676416,-0.10164252882912053,-0.25815960033693947,-0.06541293412480408,0.43604576481683804,-0.10497569681641522,1.2989288896423348,0.05976943415424057,0
382,2024-09-20 20:20:05.387675049,0,013,0.03381578407597341,-0.09335471566381906,-0.20968887428694355,-0.06637303159194444,0.440448799681306,-0.10719438774769836,1.3447092488746706,-0.08508333386245244,0
383,2024-09-20 20:20:05.449681885,0,013,0.012162406453894948,-0.08226034048600435,-0.1754397397618469,-0.06281861360211626,0.43049452270054667,-0.10562474553607372,1.2862618179951022,-0.20189047164789806,0
384,2024-09-20 20:20:05.512166992,0,013,-0.015247630265948744,-0.0684281126575633,-0.15927694547338428,-0.05427950487648139,0.40395827748595553,-0.10002155540138288,1.1382151643605873,-0.28954695874316155,0
385,2024-09-20 20:20:05.592987061,0,013,-0.04875384621818808,-0.05203731274978696,-0.1629754335740286,-0.04067838040229086,0.35947357978774336,-0.09038178090887763,0.9179431757903824,-0.3480775368052677,0
386,2024-09-20 20:20:05.653897949,0,013,-0.0883639883400654,-0.03337084495258137,-0.18572823184802945,-0.022380764354524324,0.2967343832180585,-0.07693319057366801,0.643263762132456,-0.378158479560556,0
387,2024-09-20 20:20:06.569472168,0,013,-0.13373495914955594,-0.012810515447159084,-0.22413942681565893,-0.00018293834002638409,0.21661833885806375,-0.0601153989079325,0.3309283016707375,-0.38080342153723556,0
388,2024-09-20 20:20:06.648402832,0,013,-0.18414165294240567,0.009169422452370735,-0.2727180629325581,0.024756257108203884,0.12120739929586095,-0.040550234431718755,-0.003988486495585975,-0.3573013726147942,0
389,2024-09-20 20:20:06.716128174,0,013,-0.2384616696171899,0.03201456396798056,-0.32465165663613704,0.05100446923452635,0.013712712837052403,-0.01900888790422659,-0.3481452202082948,-0.30939945656141593,0
390,2024-09-20 20:20:06.783926025,0,013,-0.29519358386221045,0.05510894093197104,-0.37259855288767474,0.0769401693548852,-0.10169946576008558,0.003615575768208709,-0.689725591284359,-0.23963040980438907,0
391,2024-09-20 20:20:06.851604980,0,013,-0.352513689182964,0.0777992192639898,-0.4094089213665896,0.10084604558648672,-0.22018697282655839,0.0263359590997228,-1.0180383620473632,-0.15159384599753115,0
392,2024-09-20 20:20:06.913832031,0,013,-0.4083714984562012,0.09942383550060933,-0.4288135971368837,0.12103703148620312,-0.3365865787681543,0.04811366848856996,-1.3231183114142158,-0.050003012226513224,0
393,2024-09-20 20:20:06.975393066,0,013,-0.4606158961773522,0.11934372668982803,-0.426104479789973,0.13602417996542704,-0.44579817411506806,0.06792648735482769,-1.595674611779476,0.05955745293061884,0
394,2024-09-20 20:20:07.922760010,0,013,-0.5071365810280735,0.13696969952893553,-0.3987458022486285,0.14468846176305336,-0.5431767716118432,0.0848584443568031,-1.827499817113909,0.1710892383844177,0
395,2024-09-20 20:20:07.983925049,0,013,-0.5460133296835481,0.151785457258027,-0.34679192718373053,0.1464267984977375,-0.6249106292545831,0.09819382497420179,-2.0121160441794976,0.27874426655872897,0
396,2024-09-20 20:20:08.062033936,0,013,-0.5756713038856793,0.16336981815109738,-0.27301582870542873,0.14123958100510287,-0.6883239449430246,0.10749095966036398,-2.1453721772087624,0.3773677686417932,0
397,2024-09-20 20:20:08.133519043,0,013,-0.5950239404496216,0.171419993405933,-0.18272216374182795,0.12974345069207044,-0.7320393973580664,0.11261867930247753,-2.225817946256295,0.4628967702196262,0
398,2024-09-20 20:20:08.201243896,0,013,-0.6035677676920775,0.1757732565444586,-0.08322864392340987,0.1131002588929956,-0.7559819114558878,0.113749197591733,-2.2547554919916455,0.5325786282176288,0
399,2024-09-20 20:20:08.268987793,0,013,-0.6014034338491052,0.17642295084107426,0.0169688686174029,0.09286762068755106,-0.7612379361108639,0.11130989864445817,-2.235928630205838,0.5850473807968457,0
400,2024-09-20 20:20:08.336731934,0,013,-0.589187474266317,0.17352566359062982,0.10919762457388478,0.07080736605181638,-0.7498033229191177,0.10590849525807801,-2.1749661537005096,0.6202600847542374,0
401,2024-09-20 20:20:09.268125977,0,013,-0.5680455636954216,0.1673974334720507,0.18555449709370778,0.04870045789793476,-0.7242856923891444,0.09825582167449198,-2.0788543451067047,0.6392819009464413,0
402,2024-09-20 20:20:09.345792969,0,013,-0.5394802931025013,0.15849880000152713,0.23967264704883945,0.02819130799919733,-0.6876333434471223,0.08910394570098557,-1.9556384140948322,0.6439969491098636,0
403,2024-09-20 20:20:09.415829834,0,013,-0.5052841215809308,0.14741029338018521,0.26728400438466526,0.010656385343875314,-0.6429118496670081,0.07919884439818987,-1.8142737069314998,0.6368607723949932,0
404,2024-09-20 20:20:09.483516846,0,013,-0.4674477791425139,0.134800143722529,0.2665743456265206,-0.0029080711952682685,-0.5931087754637308,0.06923952179238474,-1.664438242025394,0.6207384636608301,0
405,2024-09-20 20:20:09.551243896,0,013,-0.4280610302863569,0.12138681972639595,0.2383314477623331,-0.01196677661687682,-0.5409726678486482,0.059847188246457274,-1.5162957750956947,0.598805007570898,0
406,2024-09-20 20:20:09.618989014,0,013,-0.3892210622059657,0.10790142721474073,0.18584507283024249,-0.016464334976827037,-0.48891822545811386,0.05155566194007526,-1.380212208967093,0.5744441320141714,0
407,2024-09-20 20:20:09.686728027,0,013,-0.35296111225032173,0.0950554561354332,0.11445977703390547,-0.016753332259905006,-0.43899111147309006,0.04481981206237003,-1.2661603157386874,0.5510515105455416,0
408,2024-09-20 20:20:10.629920898,0,013,-0.3211907539472221,0.08351542266132375,0.030762763345165263,-0.013440311282906818,-0.39284956834484747,0.04002304506186204,-1.1826492621325781,0.5317100617002446,0
409,2024-09-20 20:20:10.696760986,0,013,-0.29562923692069876,0.07388116008502284,-0.05841796596334101,-0.007205703794613207,-0.35174619961682363,0.037469207444345516,-1.1355412591848704,0.5188492257716606,0
410,2024-09-20 20:20:10.758727051,0,013,-0.27772582588625355,0.06666506690192905,-0.14693328571868902,0.001340200359166324,-0.3165247637928955,0.03736027422075639,-1.1272199542944092,0.5140486978862661,0
411,2024-09-20 20:20:10.820751953,0,013,-0.2685786659188879,0.06227388202507543,-0.2299646304686229,0.011738167692854608,-0.287640357640716,0.03977469680707755,-1.156201630812692,0.5180295852197421,0
412,2024-09-20 20:20:10.897916992,0,013,-0.2688682544312202,0.06099489543295483,-0.30436412894788306,0.023703125610299983,-0.2652004796631189,0.04466225681016205,-1.2171482295713791,0.5307445631263166,0
413,2024-09-20 20:20:10.968587891,0,013,-0.2788154320093378,0.0629862615704275,-0.3686844798649021,0.03710468405721604,-0.24901815713020725,0.05185461089670167,-1.3013258287482432,0.551470433946211,0
414,2024-09-20 20:20:11.036300781,0,013,-0.2981653345667402,0.06827231564023455,-0.4228997585104568,0.051921801982463725,-0.23865508270054026,0.06107530946699634,-1.3975293687432915,0.5789031996688467,0
415,2024-09-20 20:20:11.969979004,0,013,-0.32619203369137467,0.07674634968243772,-0.46791216237755473,0.06819046127782682,-0.2334412675620151,0.07193961741789971,-1.4934887217988413,0.611340259621661,0
416,2024-09-20 20:20:12.047786865,0,013,-0.36172038990570904,0.08818119815912333,-0.5050442403603018,0.08596060328581615,-0.23249106058517277,0.08395178263269,-1.5776422177877574,0.646969862025847,0
417,2024-09-20 20:20:12.115513184,0,013,-0.4031697566955234,0.10224545861079148,-0.5356629944428706,0.1052689250530644,-0.2347414035940404,0.09651407001344044,-1.6408038392226496,0.6841328285452183,0
418,2024-09-20 20:20:12.183172852,0,013,-0.44862405728668486,0.11852208846251987,-0.5609292261537012,0.12612125308086108,-0.23900753347344542,0.10895477279633234,-1.6772265446064123,0.7214233164944067,0
419,2024-09-20 20:20:12.247770020,0,013,-0.4959262093196691,0.1365265531714043,-0.5816045185289492,0.14847055989796715,-0.24403437663161542,0.1205720007437712,-1.6849612034368813,0.7576555988637028,0
420,2024-09-20 20:20:12.318675049,0,013,-0.5427974504410291,0.15572530609657637,-0.5979342770322926,0.1721858454694374,-0.24854134278352363,0.13068652506193726,-1.665566497056266,0.7917832533840877,0
421,2024-09-20 20:20:12.371937988,0,013,-0.5869838742370601,0.17555875868470902,-0.609705645417066,0.19702641663347212,-0.2512810056461429,0.1387001156710117,-1.6231376720337878,0.8227740359054635,0
422,2024-09-20 20:20:13.299541016,0,013,-0.6264143525553448,0.19547022340598416,-0.6165028018193055,0.22263748953126072,-0.25112167402440444,0.14415435254488232,-1.562793066460743,0.8494179123912939,0
423,2024-09-20 20:20:13.362026855,0,013,-0.6593366724250879,0.2149362227210679,-0.6180235129741128,0.24856111433871225,-0.24713398568325168,0.14677569808434393,-1.4891023288299814,0.8701418624689546,0
424,2024-09-20 20:20:13.438916992,0,013,-0.6844075983375585,0.2334909524835687,-0.614250319364829,0.2742374963712589,-0.23865892977575992,0.14649369878084023,-1.4050069129835892,0.8829645089841357,0
425,2024-09-20 20:20:13.500509032,0,013,-0.7007300669422311,0.2507396645154716,-0.6053456321645856,0.2989748203392023,-0.2253635673813411,0.14343797717734472,-1.311440260129746,0.8856394838071237,0
426,2024-09-20 20:20:13.562541016,0,013,-0.7078414133754698,0.26636006341477686,-0.5913201855417374,0.3218928565886779,-0.20730314208522896,0.13793003581029514,-1.207505919911404,0.8759383666148453,0
427,2024-09-20 20:20:13.642570068,0,013,-0.7056707553757815,0.2800963025148114,-0.5716801595343938,0.34187989873159447,-0.18498185581902415,0.13047247876484727,-1.091102906343362,0.8520269577157146,0
428,2024-09-20 20:20:13.710291016,0,013,-0.6944937793602178,0.29175374119782915,-0.5452637556953216,0.35761107010994464,-0.1593784829115064,0.12172517356320135,-0.9599418253821418,0.8128816700198828,0
429,2024-09-20 20:20:14.645645020,0,013,-0.6749002036810949,0.30119975746416294,-0.510364802455468,0.367649051870908,-0.13191439010646344,0.11246349402819622,-0.8126147242145597,0.7586197099107668,0
430,2024-09-20 20:20:14.721975098,0,013,-0.6477639622251474,0.3083679961455702,-0.4651033955357262,0.37060879154437354,-0.10436550247881561,0.10352219013417374,-0.6492765753564592,0.690618168748533,0
431,2024-09-20 20:20:14.784442871,0,013,-0.6141987523542949,0.3132589875436118,-0.4078838689742915,0.3653429897710705,-0.07871950201765224,0.09572795015522204,-0.47186711282955646,0.6114083585129014,0
432,2024-09-20 20:20:14.846476074,0,013,-0.5754969829918252,0.31593381941467974,-0.3377530428768377,0.3511058186187648,-0.05697857390382935,0.08982717071698468,-0.28406770298157946,0.5244132094654077,0
433,2024-09-20 20:20:14.925165039,0,013,-0.5330597777697607,0.31650336414525276,-0.25460536525885413,0.3276683475041883,-0.04092542138312616,0.08642084263055705,-0.09105850937267379,0.4335897574123447,0
434,2024-09-20 20:20:14.992914795,0,013,-0.48831898260048096,0.31511611017074537,-0.15935311920562426,0.29537799483563876,-0.03187683181871742,0.08590976074705833,0.10098867707404881,0.34301531018525977,0
435,2024-09-20 20:20:15.048188965,0,013,-0.4426531836096631,0.31194508843122326,-0.05415818532347088,0.2551653668388523,-0.030463080025813192,0.08844706633103265,0.28560147341276165,0.25647326373352075,0
436,2024-09-20 20:20:16.001230957,0,013,-0.3973124806721367,0.3071744049224737,0.05738845468198237,0.208493037305197,-0.0365154488618651,0.09390974725472342,0.45656021393994134,0.17713202482953783,0
437,2024-09-20 20:20:16.065224121,0,013,-0.3533673300797167,0.3009878056481404,0.170383935544401,0.15722981560139723,-0.049135969996259604,0.10190927654504399,0.6080857792915272,0.10737393378897753,0
438,2024-09-20 20:20:16.125788086,0,013,-0.31168123789303437,0.2935615259815849,0.2791420735325804,0.10345652448899735,-0.06692269290029919,0.1118428901708369,0.7348777656341827,0.04871830324462682,0
439,2024-09-20 20:20:16.207283936,0,013,-0.27289629124482256,0.2850616415331823,0.37796852946553994,0.04925127804003873,-0.08823794297480195,0.12296399303148058,0.8323610118016865,0.001763210624953064,0
440,2024-09-20 20:20:16.265029053,0,013,-0.2374285333573561,0.2756455775831653,0.46187455115309717,-0.0034872744377521248,-0.11141915190186157,0.1344480379229644,0.8971370934191083,-0.033827861831689496,0
441,2024-09-20 20:20:16.328674072,0,013,-0.20548703106982022,0.26546901891232144,0.5270576423079464,-0.053151963235294426,-0.13489485460926137,0.14544514880508422,0.9274057205433757,-0.05924293714107174,0
442,2024-09-20 20:20:16.410440918,0,013,-0.1771288720722758,0.2546992655389649,0.5711972743458933,-0.09848405295146662,-0.1572100789406568,0.155122366542818,0.9232908214313691,-0.07637378406163067,0
443,2024-09-20 20:20:17.328958008,0,013,-0.15233531824568997,0.24353089580566667,0.5936530454345829,-0.13859246205569423,-0.17698451184855069,0.162698964796476,0.8871178013572738,-0.08766812838577967,0
444,2024-09-20 20:20:17.391443115,0,013,-0.1310785871003168,0.23219483334499574,0.5955403615447267,-0.1729378705423478,-0.1928515530845796,0.16747984627291895,0.8235212836502046,-0.0960080601282769,0
445,2024-09-20 20:20:17.465253174,0,013,-0.11336789304331663,0.22095537832097575,0.5796031004821012,-0.20128160580859053,-0.20344228149720284,0.16889748765218157,0.7391800266143248,-0.10461041606448505,0
446,2024-09-20 20:20:17.530343018,0,013,-0.09928572671803702,0.21009804363156545,0.549883275428497,-0.2236178010294669,-0.20745851545553665,0.16656773229980432,0.6421636455185462,-0.11689259095488394,0
447,2024-09-20 20:20:17.600784180,0,013,-0.08901949457008035,0.1999145267840948,0.5113068195445194,-0.24011898062639891,-0.20382676252097195,0.1603453832894184,0.5411131196885351,-0.1361878191599995,0
448,2024-09-20 20:20:17.660708984,0,013,-0.08287381638226639,0.19068789823630683,0.4693101245708519,-0.25111080655421614,-0.19187603136433268,0.15035344329407443,0.4445873788936765,-0.16527652282181893,0
449,2024-09-20 20:20:17.736262939,0,013,-0.08124578384992535,0.18267700891517824,0.42949151776421735,-0.25706213171298503,-0.17148513012043118,0.13697483226265647,0.36075179931015194,-0.20587635730526443,0
450,2024-09-20 20:20:18.673188965,0,013,-0.08456378039232168,0.17609934262559787,0.3971744975765319,-0.2585601674451316,-0.1431793960316699,0.12082066464908314,0.2971991412533696,-0.25826397218198927,0
451,2024-09-20 20:20:18.735249023,0,013,-0.093208631303771,0.17111503995853172,0.37687927695521106,-0.2562602090352134,-0.1081576156555004,0.10269127235145213,0.26053063207063454,-0.32109425952208376,0
452,2024-09-20 20:20:18.815339111,0,013,-0.10743749152577552,0.16781619376532061,0.37187184775972265,-0.25083291970015653,-0.06821903256997792,0.08352869697611512,0.2555971489971065,-0.3914183724041808,0
453,2024-09-20 20:20:18.875236084,0,013,-0.12731873466757,0.1662226370496528,0.38395393852635373,-0.24293466604846714,-0.025598696370711327,0.06435480265599099,0.28465177593819324,-0.4648884734125597,0
454,2024-09-20 20:20:18.937724121,0,013,-0.152679223365656,0.16628288792054693,0.41349396671744154,-0.23320193627981178,0.0172333893763832,0.04620259225048292,0.34682148065793006,-0.5361426451973222,0
455,2024-09-20 20:20:19.018531982,0,013,-0.1830722801759338,0.1678791775216472,0.45957592350052906,-0.2222513235169976,0.057770453359887564,0.030053034487095513,0.4382684532462541,-0.5994045789094504,0
456,2024-09-20 20:20:19.086312988,0,013,-0.217772738376662,0.17083491596404413,0.5201377887988388,-0.21065822901334783,0.09366972397889656,0.016777197843140277,0.5531385006660274,-0.6492912109590753,0
457,2024-09-20 20:20:20.029342041,0,013,-0.2557887263857072,0.17492223017725356,0.5920159583593018,-0.19889471529415964,0.1229517240982479,0.0070768759115293215,0.6849625595890263,-0.681647437968257,0
458,2024-09-20 20:20:20.097655029,0,013,-0.2958825418887869,0.17987121597559474,0.670862662992813,-0.18723400942693608,0.1441452886583972,0.0014293052557632698,0.8279283764391496,-0.6941374634255739,0
459,2024-09-20 20:20:20.153404053,0,013,-0.3366180312446115,0.18538651890927457,0.7510058356673658,-0.1756588468017519,0.15631628799323716,5.534104860932632e-05,0.9775481039778299,-0.6864292156312585,0
460,2024-09-20 20:20:20.233156982,0,013,-0.3764532023855221,0.1911719428912645,0.8254535176248111,-0.16382364280776443,0.15897867602701624,0.002925910050776511,1.1305580855433393,-0.6599861792682494,0
461,2024-09-20 20:20:20.292774902,0,013,-0.4138649251551309,0.1969555053590342,0.8862493501986181,-0.1511061876281038,0.15197020397873615,0.009800519285460843,1.2842239985243313,-0.6176338700313933,0
462,2024-09-20 20:20:20.355680908,0,013,-0.44747238142164125,0.20250738390518466,0.9252237225612869,-0.13674853259334394,0.13541144849316447,0.020268906819490277,1.435448906779917,-0.563109417101787,0
463,2024-09-20 20:20:20.433645020,0,013,-0.47613669395475783,0.20764926951797277,0.9349959085649622,-0.12004843555686018,0.10981144746380575,0.03376384812297052,1.5800734311587497,-0.500673052480078,0
464,2024-09-20 20:20:21.373495117,0,013,-0.49903207198014493,0.21225687754037104,0.909959958947293,-0.10053923008253637,0.07625431130182704,0.04954369551490759,1.712594549644995,-0.4347227143988319,0
465,2024-09-20 20:20:21.435981934,0,013,-0.5156905390686977,0.21625745097678514,0.8469853711903107,-0.07810437183533918,0.036517314255856,0.06668124604360116,1.826356142954376,-0.36937151758738634,0
466,2024-09-20 20:20:21.515497803,0,013,-0.5260169359510369,0.21962403929217245,0.7457130730377649,-0.053011141654796305,-0.006970278916721396,0.08409646795982786,1.9140912998747883,-0.308015808284614,0
467,2024-09-20 20:20:21.574654053,0,013,-0.530266059706789,0.2223680349646926,0.6084848618101589,-0.02587622050637639,-0.051315619700120364,0.10063839419841965,1.9685867108508381,-0.2529151608899483,0
468,2024-09-20 20:20:21.650974121,0,013,-0.52898672072061,0.22453141891691333,0.4399800980125428,0.0024229708852540753,-0.09346667237353387,0.1151966338255279,1.9833390439516618,-0.20481232409389072,0
469,2024-09-20 20:20:21.718714111,0,013,-0.5229550472962652,0.22618066532324482,0.2466665427247991,0.030872122818677808,-0.13060157194286975,0.12681647018434114,1.95331592566809,-0.16271900488891264,0
470,2024-09-20 20:20:21.781854004,0,013,-0.5131122850780458,0.22740311908878472,0.03623693856942811,0.0584473774348403,-0.16051649968995643,0.13479124366576997,1.8759543495681688,-0.12404423804792765,0
471,2024-09-20 20:20:22.716629883,0,013,-0.5004998978666297,0.2283039369055034,-0.18286452611953233,0.08422183233503552,-0.18189600360521374,0.13871504711411292,1.7521559886304003,-0.08510512652196645,0
472,2024-09-20 20:20:22.793381836,0,013,-0.48617812900249163,0.22900036602950966,-0.4018686331422402,0.10744621711534427,-0.19440581934119364,0.13849539906599795,1.5867883052221423,-0.041882696519083946,0
473,2024-09-20 20:20:22.854904785,0,013,-0.47112814477928683,0.22961161754412185,-0.6121455594995934,0.12760597212084454,-0.19862240848725918,0.134331254254625,1.3885403284921287,0.009143806006435625,0
474,2024-09-20 20:20:22.932537109,0,013,-0.4561579492563068,0.23024571438481423,-0.8057241897672218,0.14445267196477343,-0.19584864537665142,0.12666021113993403,1.1693952812898474,0.07023820879892262,0
475,2024-09-20 20:20:23.001542969,0,013,-0.4418431483384839,0.23098681597409704,-0.9757989471021928,0.15800534409479436,-0.18787312336698891,0.11608644911717993,0.9438834605745068,0.14190843617949253,0
476,2024-09-20 20:20:23.057059082,0,013,-0.4285217268808062,0.23188565299883618,-1.1171650964835476,0.16852706756921684,-0.1767250697787976,0.1033091874243956,0.7280475304734569,0.22278532471683124,0
477,2024-09-20 20:20:23.137037109,0,013,-0.4163323726153549,0.232953784260783,-1.2265951274893283,0.17649494575268712,-0.16446147124852187,0.08906594744958561,0.5381199194490157,0.3098349428252239,0
478,2024-09-20 20:20:24.041284180,0,013,-0.4052655931138631,0.23416150510670586,-1.3031379932921159,0.18257600200144655,-0.15300554552730322,0.07409267373529711,0.38906402697253395,0.39875955657912154,0
479,2024-09-20 20:20:24.119580078,0,013,-0.3952010426399512,0.23543779739869905,-1.348226002062556,0.18759918074641946,-0.14404147908912648,0.05909672448714209,0.2931655125372317,0.4844505033483485,0
480,2024-09-20 20:20:24.191184082,0,013,-0.3859239604848396,0.23667037179555742,-1.3654619472932468,0.19249587932858764,-0.13895441805203523,0.04473958947170308,0.2588546501518322,0.5614460058179862,0
481,2024-09-20 20:20:24.258810059,0,013,-0.3771312963386703,0.23770702192491042,-1.360000376606396,0.1981840265890687,-0.13878275723218342,0.03162639090063184,0.28997113528421986,0.6244244759008226,0
482,2024-09-20 20:20:24.320826904,0,013,-0.3684370099459336,0.2383602197702482,-1.3375259771567616,0.20539802444710287,-0.14414766078439842,0.020294917737285867,0.385673099383843,0.6687139126384654,0
483,2024-09-20 20:20:24.394375977,0,013,-0.3593747341121349,0.23841325615359696,-1.303064896168052,0.21450959870587188,-0.1551624988849852,0.01119400125303458,0.5409692282123837,0.6907220783693475,0
484,2024-09-20 20:20:24.462109131,0,013,-0.34940308203158293,0.23762619297293253,-1.2600763940400426,0.2254103287142015,-0.17136435799879063,0.004649383244497917,0.7475524343541201,0.6882383395053953,0
485,2024-09-20 20:20:25.396620117,0,013,-0.3379319251991773,0.23574308819302559,-1.210140632920891,0.23750317916520888,-0.19170826424811768,0.0008315495269282992,0.9946326292358061,0.6606201706218189,0
486,2024-09-20 20:20:25.458614990,0,013,-0.324374909928721,0.23250146894393894,-1.1531858800879755,0.24979635647487763,-0.21463837180024525,-0.00025570835192133094,1.269725921160505,0.6088468068318031,0
487,2024-09-20 20:20:25.541304199,0,013,-0.3082094273093989,0.22764261683637776,-1.0880373440564102,0.2610634860391523,-0.23823458005588016,0.0012385173145956134,1.5594169460984497,0.5354020651145163,0
488,2024-09-20 20:20:25.608966064,0,013,-0.28901692718080835,0.22092085673820522,-1.0131749309380262,0.2700389613814545,-0.26041727824589916,0.005039655752023796,1.8499973902994502,0.443990991435606,0
489,2024-09-20 20:20:25.667027832,0,013,-0.2664859224472807,0.21211107997386605,-0.9275817042256543,0.27561466559461345,-0.2791647851578019,0.010772090039900515,2.127945994550404,0.3391218952723923,0
490,2024-09-20 20:20:25.729059082,0,013,-0.2403851972038856,0.2010161410206825,-0.8314160524873604,0.2769890006352506,-0.29270546145082116,0.017974935618188744,2.3804169402995314,0.2256010592373122,0
491,2024-09-20 20:20:25.806674072,0,013,-0.2105368841789538,0.18747800642579765,-0.7262775711462791,0.27372846481445207,-0.2996932956678795,0.02612275508433381,2.595944768399253,0.10803937424854346,0
492,2024-09-20 20:20:26.749396973,0,013,-0.17681343940111238,0.17139443794535633,-0.6150607410360311,0.2657402056281156,-0.2993737037567753,0.03466723514734718,2.7654070705253226,-0.009507093815003587,0
493,2024-09-20 20:20:26.811024902,0,013,-0.13916038236783912,0.15273754516016666,-0.5015237715799715,0.25318998139877064,-0.29168891099582656,0.04309454926583448,2.8830648102554215,-0.12369986818480731,0
494,2024-09-20 20:20:26.887752930,0,013,-0.09763318452009788,0.1315682303840719,-0.38968774221337454,0.23641186233573142,-0.27726037986711427,0.05097528338119631,2.947343337522829,-0.23189917195011728,0
495,2024-09-20 20:20:26.949825928,0,013,-0.05243675302178184,0.10804434818305934,-0.2831475653242485,0.215840421263944,-0.25724029778796786,0.05798862095736386,2.961031611027319,-0.33202262214702,0
496,2024-09-20 20:20:27.011383057,0,013,-0.003957467069849852,0.08242442517770183,-0.18440138850133098,0.1919680900329151,-0.23307956097784913,0.0639203580078972,2.9307742551310585,-0.4223502725085115,0
497,2024-09-20 20:20:27.094459961,0,013,0.04722936081843927,0.055066321654885175,-0.09439402529895359,0.16531527126182335,-0.20628659490274162,0.06864633580892603,2.865952403286535,-0.5013283335514541,0
498,2024-09-20 20:20:27.162185791,0,013,0.10039256480078093,0.02641636781874648,-0.012483083895752443,0.13640606619179063,-0.17824247964988615,0.07210892173243258,2.7771870786711026,-0.5674303456566652,0
499,2024-09-20 20:20:28.101211914,0,013,0.15471127687786002,-0.0030125864327730195,0.06315229359023558,0.10575326329919886,-0.15008913342622254,0.07428363821355823,2.6747615825452686,-0.6191621663803569,0
500,2024-09-20 20:20:28.164112061,0,013,0.2093484366520891,-0.032670620571987864,0.13485747879562637,0.07385991515993047,-0.1226681324949073,0.07513502010086173,2.5672676011075746,-0.6552440374258997,0
501,2024-09-20 20:20:28.226142822,0,013,0.26351208262271575,-0.06200302410154435,0.204831974448243,0.041241026418074256,-0.09650230454503121,0.07457520766650413,2.4608082319181923,-0.6748892047227348,0
502,2024-09-20 20:20:28.303353027,0,013,0.3164974331702398,-0.09048148235178037,0.2746073338359135,0.008458542716646741,-0.07183715895287293,0.07244851133044963,2.3590671562693624,-0.6780840990819884,0
503,2024-09-20 20:20:28.376390869,0,013,0.36771276896454014,-0.11763204982662565,0.3447923624719613,-0.02385399792659746,-0.04873369402303536,0.06855786265791683,2.264160774931751,-0.6658430944632278,0
504,2024-09-20 20:20:28.442520996,0,013,0.41669961938668165,-0.14306047470154853,0.415097958441506,-0.05500544755826218,-0.027153644401665854,0.06272474968080875,2.1775756970727795,-0.640391558400031,0
505,2024-09-20 20:20:28.504081055,0,013,0.4631500955494686,-0.1664741294370899,0.48452778419984815,-0.08430280095263333,-0.006984536655644492,0.05485217033142967,2.1004608088100776,-0.6051569805917949,0
506,2024-09-20 20:20:29.414895996,0,013,0.5069077028071858,-0.18769555455249218,0.5516266674252985,-0.11112372285909972,0.011981176415155543,0.04496052799209255,2.0332883049302284,-0.5644877023417949,0
507,2024-09-20 20:20:29.493012939,0,013,0.5479404913983447,-0.20666286232659323,0.61475115672182,-0.1349813511392858,0.03005942070629486,0.03318417943780746,1.9754959757040522,-0.5231531293867417,0
508,2024-09-20 20:20:29.554579102,0,013,0.5862973946212819,-0.2234176315461945,0.6723274596180232,-0.15557013726448854,0.04765111049205263,0.01973775431088276,1.9255851563416706,-0.48577990988877495,0
509,2024-09-20 20:20:29.632327881,0,013,0.622070629529209,-0.2380850944110415,0.7230190033198365,-0.17278485541874194,0.06519158449656726,0.004876442626729761,1.8817161739207335,-0.456386397469136,0
510,2024-09-20 20:20:29.701023193,0,013,0.6553758759057873,-0.2508510133440737,0.7657635644448606,-0.1867126385752794,0.08310045527354476,-0.011129462528768614,1.842507408585743,-0.43808012553457437,0
511,2024-09-20 20:20:29.768757080,0,013,0.6863472905530948,-0.26193818119650786,0.7997687749359949,-0.19761610299809795,0.10176298039871108,-0.028008372397198687,1.8075575520053078,-0.43286285395606827,0
512,2024-09-20 20:20:29.836467041,0,013,0.7151398841117621,-0.27158604496962174,0.8245659029983373,-0.20591925389193746,0.12155512464030054,-0.04550689466104196,1.7773456906848988,-0.44147195363166336,0
513,2024-09-20 20:20:30.772686035,0,013,0.7419234148064697,-0.280035981850328,0.8400723172311398,-0.21217784559697442,0.14286969023647286,-0.06341591260303238,1.7525827105045495,-0.46325697158800044,0
514,2024-09-20 20:20:30.847895020,0,013,0.7668459464804287,-0.2875204555465532,0.846596018122201,-0.21701897660525105,0.1660707384553301,-0.0815823437940238,1.733397671855761,-0.49614316329193997,0
515,2024-09-20 20:20:30.911894043,0,013,0.7899652323779323,-0.2942514988675492,0.8448523504404054,-0.22107289872453495,0.19136094824951289,-0.09989462023214025,1.7187252239662691,-0.5367291130321458,0
516,2024-09-20 20:20:30.973422119,0,013,0.8111706099797763,-0.3004052710988405,0.8360430748434364,-0.22493105558772553,0.2186236835187436,-0.11825143233491853,1.7060517302188214,-0.5805337334222659,0
517,2024-09-20 20:20:31.035909912,0,013,0.8301175697762663,-0.30610306824858036,0.8218978575102232,-0.2291327054705622,0.24731310469690343,-0.13652793908940847,1.6914720594637012,-0.6223915462074028,0
518,2024-09-20 20:20:31.118326904,0,013,0.8461912384364646,-0.3113935405433488,0.8045701074962395,-0.23415519546866553,0.27643559504115234,-0.1545506509905798,1.669910241534648,-0.6569728961264276,0
519,2024-09-20 20:20:31.175695801,0,013,0.8585192763792102,-0.316243423479852,0.7863995095131432,-0.2403906350866231,0.30463311716779495,-0.1720899139231357,1.6353975965165717,-0.6793522469380746,0
520,2024-09-20 20:20:32.129894043,0,013,0.8660481043638043,-0.3205414959552267,0.7696409059890378,-0.24811530083557767,0.33035072552399963,-0.18887186960097266,1.581394011075427,-0.6855131120335564,0
521,2024-09-20 20:20:32.197952881,0,013,0.8676749503052775,-0.32411452461153983,0.756271151600032,-0.25746557482554994,0.352063701204476,-0.20460749584909338,1.501182207232329,-0.6726905715190483,0
522,2024-09-20 20:20:32.265644043,0,013,0.8624135405594697,-0.32675086749528376,0.7479270771222225,-0.2684235196462911,0.36854200783603697,-0.21903770052716,1.3883376175327857,-0.6394937460090191,0
523,2024-09-20 20:20:32.333358887,0,013,0.8495642861732212,-0.3282278101389198,0.7459393544846542,-0.28080873831267006,0.379101757840449,-0.2319863067004201,1.237222873920379,-0.585836882424284,0
524,2024-09-20 20:20:32.392759033,0,013,0.8288520750267865,-0.3283381850756082,0.7513850309211484,-0.29427650713614684,0.383763575579543,-0.2433990529059354,1.0434801384152306,-0.5127941918512308,0
525,2024-09-20 20:20:32.468892090,0,013,0.8004972151133313,-0.32691132746589596,0.7650872414324883,-0.30831974879467533,0.38326873250525595,-0.2533481449485968,0.8045454994469264,-0.4224631908497785,0
526,2024-09-20 20:20:32.536546875,0,013,0.7652009426474082,-0.32382569475502687,0.7875153344076097,-0.32226839061910123,0.37897529771885824,-0.26200213077584206,0.5201750060292205,-0.31782432463950794,0
527,2024-09-20 20:20:33.471254150,0,013,0.724046767206786,-0.3190134614892522,0.8186085208806226,-0.3352934411213678,0.3726893437271298,-0.26957822411603755,0.19296687158842185,-0.20257318983037312,0
528,2024-09-20 20:20:33.533737793,0,013,0.6783429494785794,-0.31245873126608004,0.857639260252406,-0.3464421541875234,0.36645748938023404,-0.2762942552875999,-0.17107544133321903,-0.08095077197470656,0
529,2024-09-20 20:20:33.615782959,0,013,0.629450526907144,-0.3041902577116576,0.9032557674417327,-0.3547274764883542,0.3623208533297745,-0.2823295635433727,-0.5619597692584386,0.042376942342763395,0
530,2024-09-20 20:20:33.675890869,0,013,0.578638139718997,-0.2942691907566223,0.9537656911638421,-0.35927276887295384,0.3620590056726256,-0.2878000914875544,-0.96531713989283,0.1623473413395479,0
531,2024-09-20 20:20:33.751215820,0,013,0.5269851523636311,-0.2827754639450209,1.0075970370988707,-0.3594876765240743,0.36698908621649656,-0.2927496617375846,-1.3625610656274287,0.27348118266641547,0
532,2024-09-20 20:20:33.815123047,0,013,0.47533571656082735,-0.2697987569220401,1.0637643233940037,-0.35522865962921,0.37786968792567566,-0.29715576052713305,-1.7319099145876369,0.36997944816163336,0
533,2024-09-20 20:20:33.876713135,0,013,0.4242982379465136,-0.25543712040486155,1.1221491826068486,-0.3468906755544441,0.39490925881389216,-0.3009486206668169,-2.0503233456255563,0.44608038261529687,0
534,2024-09-20 20:20:34.826135010,0,013,0.374285132150475,-0.23980256180408888,1.1835119933610596,-0.3354011203680656,0.41783346804354476,-0.3040377790593685,-2.2959753982518647,0.49663366602624986,0
535,2024-09-20 20:20:34.888052979,0,013,0.3255806305473078,-0.2230300972602651,1.249289412593379,-0.32212396346030103,0.44594571005979206,-0.3063268361741465,-2.450591446099578,0.5176931614784,0
536,2024-09-20 20:20:34.965888916,0,013,0.2784101131684663,-0.20528388939395464,1.3212654432972954,-0.30869346312197343,0.47813984138867427,-0.3076970864234211,-2.501067260225181,0.5069297507508581,0
537,2024-09-20 20:20:35.027839844,0,013,0.23298818525652806,-0.18675569989823798,1.401154352925876,-0.2967945877450064,0.5128850471419483,-0.3079636421021247,-2.4401697477490605,0.46378323545235123,0
538,2024-09-20 20:20:35.089839844,0,013,0.1895448050562928,-0.16765744628290727,1.4901214777028757,-0.2879243383042459,0.5482477872865831,-0.30683022590699166,-2.2665267663583677,0.3894262056614777,0
539,2024-09-20 20:20:35.168956055,0,013,0.1483447222091314,-0.14821403273729516,1.5883185419527281,-0.2831863407494791,0.5820061299689058,-0.3038745855263657,-1.9843275660929338,0.28670006658872954,0
540,2024-09-20 20:20:35.236674072,0,013,0.10971435302454713,-0.12866196945523273,1.6945426709267488,-0.28315604311724873,0.6118588496783617,-0.29858929576549065,-1.6030043839230133,0.16011549312256151,0
541,2024-09-20 20:20:36.177073975,0,013,0.07406813007107978,-0.10925391171598635,1.8060933681254565,-0.2878197600352787,0.6356695736201191,-0.29047748744818475,-1.1368192916578312,0.015845825160774468,0
542,2024-09-20 20:20:36.247271973,0,013,0.04189801222282469,-0.09026082966570204,1.9188621975394469,-0.2965755998508247,0.6516507774139491,-0.2791638541962583,-0.6041561179431234,-0.13845755123121758,0
543,2024-09-20 20:20:36.315886963,0,013,0.013700239021117996,-0.07196127668164963,2.027685778571281,-0.3082928852446518,0.658426063308533,-0.264468696714503,-0.026390751851154585,-0.2941630219475481,0
544,2024-09-20 20:20:36.383584961,0,013,-0.010134377370341518,-0.05461749094083259,2.126938426492692,-0.3214292223057509,0.6550028370515683,-0.2464270028289238,0.5737299803887416,-0.44247475160526906,0
545,2024-09-20 20:20:36.440162842,0,013,-0.029412663248201177,-0.03844995704209326,2.211187514948662,-0.3341834898830809,0.6407488232671343,-0.2252769743547196,1.174001262570806,-0.5754099800551024,0
546,2024-09-20 20:20:36.517510009,0,013,-0.04418697080559335,-0.023621475832069597,2.275628823037163,-0.3446439101033325,0.615431572023295,-0.20145003151185578,1.7542877794636358,-0.6866606390735939,0
547,2024-09-20 20:20:36.581990967,0,013,-0.05476062939089906,-0.010233596933176417,2.3161404464548876,-0.3509061497992109,0.579298246451824,-0.1755652231256668,2.2970005671704343,-0.7720805299920542,0
548,2024-09-20 20:20:37.531039062,0,013,-0.06164958380929204,0.001665104482501293,2.329087281021786,-0.3511785856844756,0.5331333322416739,-0.1484032653016461,2.78660411501456,-0.8297266809302803,0
549,2024-09-20 20:20:37.598775879,0,013,-0.06549876298966374,0.012060428399057192,2.3111962588155097,-0.3439151676170492,0.4782564220271325,-0.1208459412907769,3.2089512346866527,-0.8595976298999596,0
550,2024-09-20 20:20:37.655885986,0,013,-0.06697385396096164,0.020949785626089908,2.2596818952837046,-0.3279827258906722,0.416453946865921,-0.0937960972370874,3.5512362320246003,-0.8632670664451432,0
551,2024-09-20 20:20:37.733993896,0,013,-0.06666366918821763,0.028323777238044558,2.1724954698305816,-0.30280871807804527,0.34984045219774595,-0.06809803539958113,3.802738599760875,-0.8435206600096594,0
552,2024-09-20 20:20:37.795656982,0,013,-0.06501927651293782,0.03415720447035153,2.0485069307242316,-0.2684490305786447,0.2806456290972666,-0.04446225504062662,3.955914308454734,-0.8040080236869893,0
553,2024-09-20 20:20:37.869672119,0,013,-0.06233972932961102,0.03841133862885749,1.887621260082096,-0.225568543763995,0.21095795314771662,-0.023398861737575466,4.007285754657221,-0.7488873800712396,0
554,2024-09-20 20:20:37.934438965,0,013,-0.0588015161417709,0.04104735910713156,1.6909280198973817,-0.17536354933580467,0.1425060897520673,-0.005180323439211245,3.957914639834059,-0.6824713267859976,0
555,2024-09-20 20:20:38.850250977,0,013,-0.05451829001182531,0.04204745796537478,1.4608884048381585,-0.11945321942828156,0.07656012189615509,0.010148869742194033,3.81356110741212,-0.6089431024332893,0
556,2024-09-20 20:20:38.912739014,0,013,-0.04961176350206685,0.04143776643872797,1.2014625887057062,-0.05975556792605558,0.013962433556643273,0.022725620174581497,3.584682341858057,-0.5322069217172141,0
557,2024-09-20 20:20:38.991662109,0,013,-0.044274724676496985,0.039307737139640433,0.9180926230910873,0.0016488758422379091,-0.044779938446467715,0.03281371942162677,3.286269578979838,-0.45584354094985,0
558,2024-09-20 20:20:39.051969971,0,013,-0.0388076623065575,0.035821591497561284,0.617558624416302,0.06266059195682087,-0.09941655614364135,0.040763929489150134,2.937325255794786,-0.3830792378326869,0
559,2024-09-20 20:20:39.127022949,0,013,-0.03361495967793668,0.031218921117671057,0.3077991034223876,0.12128729327101462,-0.14990355509984274,0.04699232910182541,2.559717681380083,-0.31669943357367053,0
560,2024-09-20 20:20:39.194749023,0,013,-0.029162102097894965,0.025804501015304113,-0.002254708049924732,0.17572677640563675,-0.196347019887628,0.05196759949847216,2.176354892227276,-0.25888845422056345,0
561,2024-09-20 20:20:39.262495117,0,013,-0.025914660767291528,0.019930473241233353,-0.30287852266682125,0.224406134807165,-0.23891407413755822,0.056195143353689136,1.808992243968069,-0.21102373274349345,0
562,2024-09-20 20:20:40.180615967,0,013,-0.02428877581792024,0.013976291875282227,-0.5838743136478413,0.26599511425253736,-0.2777199581882301,0.06018889740364056,1.4762009274966927,-0.17349339696916952,0
563,2024-09-20 20:20:40.246313965,0,013,-0.024631694552737723,0.008331562220236337,-0.8350397199572537,0.29940851498223164,-0.31271702577993205,0.06443240392087318,1.1919022517668099,-0.14561026693427342,0
564,2024-09-20 20:20:40.301181885,0,013,-0.0272214303937135,0.0033814832572207167,-1.046750901298906,0.32380751870114566,-0.34362374546695273,0.06934369645217278,0.964598627014237,-0.12566821537660067,0
565,2024-09-20 20:20:40.379288818,0,013,-0.03225408947643022,-0.0005116567105289463,-1.2106122002496276,0.338608708219038,-0.3699283695748138,0.07525315557593877,0.7972405238041235,-0.11116141012201064,0
566,2024-09-20 20:20:40.441302979,0,013,-0.03980158722124891,-0.0030355330695471913,-1.3201512630571068,0.34350711300502806,-0.3909650463427865,0.08238652213242875,0.687573930236567,-0.09914854899340823,0
567,2024-09-20 20:20:40.518935059,0,013,-0.049752245331417456,-0.003959389870713582,-1.3715632315597386,0.33852084003804006,-0.4060288967188301,0.09084710897878533,0.6287848661931761,-0.08668173051229569,0
568,2024-09-20 20:20:40.584664062,0,013,-0.06176107668870868,-0.0031612680805851623,-1.3644732221759905,0.3240633996955966,-0.4144899362089463,0.10060187056008932,0.6103389075028002,-0.0711860003516779,0
569,2024-09-20 20:20:41.530691895,0,013,-0.07523839849720536,-0.0006432051776268156,-1.3025209588554094,0.30102290240623925,-0.4158668957349782,0.11146953359808083,0.6190084006597473,-0.05071293848895444,0
570,2024-09-20 20:20:41.598458984,0,013,-0.08940164254982495,0.0034705325598666874,-1.1934228180252477,0.2707912877005488,-0.4098551942908902,0.1231038624764942,0.6400523727141093,-0.02404966629512437,0
571,2024-09-20 20:20:41.653941895,0,013,-0.10339151856469779,0.008952870823115295,-1.0483191712442028,0.23519710983048814,-0.39635299314197614,0.13497937734319757,0.6585052275527093,0.009310987258021847,0
572,2024-09-20 20:20:41.733939941,0,013,-0.11641486155650109,0.015504598927673368,-0.8805825553854785,0.1963512868277949,-0.3755127445864549,0.14639773811351625,0.6605851862982547,0.04931412513391392,0
573,2024-09-20 20:20:41.793158936,0,013,-0.1278617461206682,0.022786372093903835,-0.7044359905434207,0.15645239013609502,-0.34777874184446755,0.15652292131446705,0.6350343593912485,0.09556527635174612,0
574,2024-09-20 20:20:41.869366943,0,013,-0.13736882457921093,0.03044621414643842,-0.5336135150172778,0.11759423739679678,-0.31386113066019616,0.164437054063969,0.5738897239892174,0.14761279876716116,0
575,2024-09-20 20:20:41.935858887,0,013,-0.1448283756988629,0.03814112538536249,-0.38015844655521686,0.08160271836869286,-0.2746605066288945,0.1692049933784957,0.4723928874957736,0.20522552300651803,0
576,2024-09-20 20:20:42.865850098,0,013,-0.1503482839008299,0.04555116043007361,-0.2534472852030056,0.04991408431145664,-0.23121504265504028,0.16994633982871635,0.32832049114557327,0.26852505641719127,0
577,2024-09-20 20:20:42.948556885,0,013,-0.154173518235595,0.0523855219379641,-0.15955918268530528,0.023499349719315707,-0.18473870027668476,0.16592767418756982,0.14123570741557034,0.3378960624945442,0
578,2024-09-20 20:20:43.005178955,0,013,-0.1565950281569085,0.05838565583255404,-0.10108912346905911,0.002845429606952906,-0.13675059328138037,0.15668249352970184,-0.08799238169475634,0.4137401060821539,0
579,2024-09-20 20:20:43.083673096,0,013,-0.15787085128339193,0.06333202442764412,-0.07741711755160387,-0.012001478804750722,-0.08920290246713944,0.14213191080709267,-0.35728334827155744,0.49619065583107835,0
580,2024-09-20 20:20:43.145200928,0,013,-0.15816350903497675,0.06705532219069131,-0.08531774700388368,-0.021356406500809395,-0.044488836125838545,0.12265466206051447,-0.6631787885090554,0.5848977251700692,0
581,2024-09-20 20:20:43.219482910,0,013,-0.1574876541612528,0.06944687886350531,-0.1196975740020986,-0.025823830474211624,-0.005291871287505308,0.09907780837948324,-1.0006236374580122,0.6789582533826088,0
582,2024-09-20 20:20:43.283487061,0,013,-0.15567349826776827,0.0704638994270296,-0.17428827824713752,-0.02624934828564858,0.02566733664224803,0.07260123185020367,-1.3628051017671259,0.7769779271722732,0
583,2024-09-20 20:20:44.216062988,0,013,-0.15237077733708512,0.07013117008641928,-0.2422663763478579,-0.023673629291310432,0.04590579739734974,0.04468422486447974,-1.741120542547511,0.8771649742915546,0
584,2024-09-20 20:20:44.294657959,0,013,-0.14711743793038315,0.06854359378778922,-0.316847678344626,-0.019261833595360878,0.05342576015940822,0.016912427859656683,-2.1254194922784566,0.97738200566199,0
585,2024-09-20 20:20:44.357145020,0,013,-0.1394602085636953,0.06586947479600153,-0.3918478256673242,-0.014198604907405269,0.046927703282389106,-0.009146327306062501,-2.504658485836989,1.0751905326405564,0
586,2024-09-20 20:20:44.434032959,0,013,-0.12908039811456884,0.06235028399538973,-0.46211687065126117,-0.009563424446108321,0.025993029402173982,-0.032086096198790395,-2.867838247028155,1.167959356571196,0
587,2024-09-20 20:20:44.496123047,0,013,-0.11589045312623379,0.05829423079545667,-0.5238005605285481,-0.006215127481443009,-0.008790518340840764,-0.05078639272856247,-3.204784520521717,1.253025302632998,0
588,2024-09-20 20:20:44.558751221,0,013,-0.10009341166596357,0.05406285840604427,-0.5745113596709428,-0.004699928319490318,-0.0558125063891185,-0.06449146350961167,-3.506456771851647,1.3278360880755333,0
589,2024-09-20 20:20:44.636717041,0,013,-0.08219841646649628,0.05004897120641519,-0.6134882813915292,-0.0051859727589421475,-0.1125618013283158,-0.07283004399146618,-3.7649295863284475,1.3900473713625354,0
590,2024-09-20 20:20:45.570792969,0,013,-0.06298096899382882,0.04664511866888168,-0.6416941963616503,-0.007442123512151723,-0.17586601104803773,-0.07577671794461835,-3.973454379415457,1.4376117781973752,0
591,2024-09-20 20:20:45.636199951,0,013,-0.043390482739543865,0.04420618651040071,-0.6617398799122743,-0.010883666322495945,-0.24219091427085446,-0.07357221418361022,-4.1268655132247964,1.4689177600296999,0
592,2024-09-20 20:20:45.715447998,0,013,-0.02442709274256236,0.04301351537539968,-0.6775596431751895,-0.014685772574361608,-0.3079470122720181,-0.06662808647894733,-4.222231193640229,1.482987401365638,0
593,2024-09-20 20:20:45.783164062,0,013,-0.007018095008227545,0.043247983423538174,-0.6938396620587001,-0.017938383633420547,-0.3697737077084561,-0.05543993153556995,-4.25936154915526,1.4796495064006858,0
594,2024-09-20 20:20:45.850938965,0,013,0.008080561076220207,0.04497560131318821,-0.7153011405563623,-0.01980119254144442,-0.42477365422258184,-0.040527697870989886,-4.2408169470714325,1.4595591007963342,0
595,2024-09-20 20:20:45.918625977,0,013,0.020341751315969735,0.04814541166047734,-0.7460041254472476,-0.019624506513910983,-0.47067433944726333,-0.022409958542887777,-4.171412106989329,1.4240005943454819,0
596,2024-09-20 20:20:45.976272217,0,013,0.029473252806348355,0.052598645612556116,-0.7888261080649954,-0.01702052520289666,-0.5059260216300325,-0.001601637464331586,-4.057556834641444,1.374544899691953,0
597,2024-09-20 20:20:46.930008789,0,013,0.03537527577545103,0.058086819609330126,-0.8451975552382824,-0.011879667004273588,-0.5297564732604112,0.021382723193533622,-3.9067454985543533,1.3127121032896247,0
598,2024-09-20 20:20:46.994288818,0,013,0.038073485731670124,0.06429450310291968,-0.9150699401999224,-0.004338447130349564,-0.5421684818580527,0.04602824637898881,-3.7271714410740584,1.2397490997028666,0
599,2024-09-20 20:20:47.056775879,0,013,0.03765397772801407,0.07086421525631027,-0.997027718138906,0.0052767808284810164,-0.543847407536717,0.07181932751586742,-3.527259576843095,1.1565415351135744,0
600,2024-09-20 20:20:47.119208008,0,013,0.034214748013168414,0.07742330103025348,-1.0885086593106406,0.016514771045320016,-0.5359903769648493,0.09823900014448815,-3.3151077975787735,1.0636582507695755,0
601,2024-09-20 20:20:47.200970947,0,013,0.027847686455285812,0.08361075264978055,-1.1861963822299275,0.0288895984048996,-0.5201249857541531,0.12477159585763906,-3.0980748170950867,0.9615539628219216,0
602,2024-09-20 20:20:47.257922852,0,013,0.0186613946554403,0.08909976945332108,-1.286613711766368,0.04201239739169295,-0.49798710055004597,0.1509117628714744,-2.882676557224092,0.8509205179609027,0
603,2024-09-20 20:20:47.334625000,0,013,0.006830744060237932,0.09361439049345154,-1.3867681998269543,0.05573664446196365,-0.47147692176750017,0.1761811290668774,-2.6746984123371162,0.7330745439974129,0
604,2024-09-20 20:20:48.280105225,0,013,-0.007360009183018684,0.09694295849968326,-1.4846256959016828,0.07025914063490558,-0.4426431074527285,0.2001476812608599,-2.4793323035441204,0.61022525438393,0
605,2024-09-20 20:20:48.339014893,0,013,-0.023504145671847075,0.09895119950767095,-1.5793170913074428,0.08614069702490992,-0.413612492687081,0.2224354859162563,-2.301151380917259,0.4855210652163358,0
606,2024-09-20 20:20:48.401005127,0,013,-0.04108881678074063,0.09959283886612333,-1.6710916806510003,0.10424685186094439,-0.3864381095305818,0.24271546378186926,-2.1437241127158204,0.36284545063854323,0
607,2024-09-20 20:20:48.478205811,0,013,-0.05952515316833139,0.09891256303655097,-1.7609758459514249,0.12561472484671782,-0.36292627405278416,0.2606803966562339,-2.008892746547306,0.2464015019908957,0
608,2024-09-20 20:20:48.540691895,0,013,-0.07817781933223666,0.09703892706949702,-1.8501074802080917,0.15125144559148646,-0.34452782732302656,0.27602190526596304,-1.8961776747119574,0.1402047616846945,0
609,2024-09-20 20:20:48.618871094,0,013,-0.096388970286029,0.09416925127259415,-1.9389445546809263,0.18190032435920994,-0.3323252712760478,0.28843171672298756,-1.8028412535491787,0.047634606592617916,0
610,2024-09-20 20:20:48.679982910,0,013,-0.11349943606275563,0.09054951227078124,-2.026689337359641,0.2178380923407897,-0.3270667712375075,0.2976302556505342,-1.7246224588241827,-0.02886796770463773,0
611,2024-09-20 20:20:49.603959961,0,013,-0.12887559422040035,0.08645134002275594,-2.1111184244634535,0.2587485638799113,-0.3291671773538084,0.30340130421140926,-1.6566105258547654,-0.0879577246077103,0
612,2024-09-20 20:20:49.666007080,0,013,-0.14195163073083497,0.08214887662230229,-2.1887869838923457,0.30368564159135186,-0.33865934940821174,0.3056136705662569,-1.5938041533618525,-0.12941318907773677,0
613,2024-09-20 20:20:49.738112061,0,013,-0.15228289313183474,0.07789858954164806,-2.2554593070526625,0.35112414314356594,-0.35516090127618805,0.3042297648699146,-1.531404703229248,-0.15401313938551134,0
614,2024-09-20 20:20:49.807197998,0,013,-0.15958509529381482,0.0739227428649162,-2.306584980246119,0.3990841717429399,-0.37791631530781433,0.2993101017952787,-1.4650921971985351,-0.1632681539396428,0
615,2024-09-20 20:20:49.862155029,0,013,-0.1637419933958662,0.07039557392045571,-2.3376904704012142,0.4452971294819721,-0.40590051650378317,0.29102029904362703,-1.391355213876886,-0.1591010586096758,0
616,2024-09-20 20:20:49.942668945,0,013,-0.16479994150637245,0.06743393918203522,-2.344647574591748,0.48738149807992,-0.4379274914690311,0.2796414139559348,-1.3078159438378658,-0.14360433395039937,0
617,2024-09-20 20:20:50.000932861,0,013,-0.1629758152129662,0.06509658887959364,-2.3238577944404972,0.5230186523997431,-0.4727295763392261,0.26557890843680115,-1.2134155220378235,-0.11896391863227204,0
618,2024-09-20 20:20:50.924257079,0,013,-0.1586691370134213,0.06339181256342799,-2.27244784107955,0.5501303566369499,-0.5090007470361296,0.24936394244600718,-1.108225041086851,-0.08757397250420884,0
619,2024-09-20 20:20:50.997479980,0,013,-0.1524461844267755,0.0622869229310019,-2.1885292602844113,0.5670372945786036,-0.5453977596504601,0.23164337488651734,-0.9928211177395049,-0.05227804660466029,0
620,2024-09-20 20:20:51.063173096,0,013,-0.14498600255912378,0.06171465955455355,-2.0714662691722117,0.5725639534332801,-0.5805082503923068,0.21315588031233257,-0.8676257724782492,-0.016575178551153032,0
621,2024-09-20 20:20:51.132931885,0,013,-0.13700962637402161,0.061578697639679575,-1.9221014853430534,0.5660881173038483,-0.6128232494857955,0.1946880066274426,-0.7327470623128305,0.01537584295896572,0
622,2024-09-20 20:20:51.200672119,0,013,-0.12921803554300937,0.06176303763402081,-1.7429477757437708,0.5475617267013582,-0.6407334004495087,0.1770033727455329,-0.5883709823879048,0.038991725268825654,0
623,2024-09-20 20:20:51.263993896,0,013,-0.12224764211691136,0.062145752989947435,-1.5382994371982397,0.5175118790408106,-0.6625336788727632,0.1607511333410282,-0.43529563353877515,0.049662165556786875,0
624,2024-09-20 20:20:51.326019043,0,013,-0.11663494795921284,0.06261209855564338,-1.314155291004641,0.47701145360131403,-0.6764471925837754,0.1463798994206633,-0.27531398584275835,0.04324493909147927,0
625,2024-09-20 20:20:52.265083984,0,013,-0.11277799943315717,0.06306076768043657,-1.0778932793138962,0.42761517934359833,-0.6807202113053801,0.13408718567871095,-0.11142330780915195,0.01660783034259714,0
626,2024-09-20 20:20:52.342345947,0,013,-0.11089704238388028,0.06340119986284724,-0.8377140599460169,0.37126396293785763,-0.6738150956105144,0.12381645120008555,0.05221314405456666,-0.03190421235377113,0
627,2024-09-20 20:20:52.415857178,0,013,-0.11101427495407604,0.06354633303641032,-0.6019404133553129,0.3101628052491981,-0.654670180899118,0.11529572269766021,0.2107375256272678,-0.10222722378459902,0
628,2024-09-20 20:20:52.483509032,0,013,-0.11296501167886774,0.06340784590285244,-0.37830992079888326,0.24664190305988487,-0.6229705126865992,0.10810689490867383,0.35948438620226847,-0.19262317147846092,0
629,2024-09-20 20:20:52.551248047,0,013,-0.11642511124310961,0.06289555311576345,-0.17338767311986505,0.18301250996121096,-0.5793646695979944,0.10177433732982126,0.49492609891347944,-0.29994713873757967,0
630,2024-09-20 20:20:52.618966064,0,013,-0.12092945164554586,0.06191518629628516,0.0078094275206037215,0.12143449153078216,-0.5255558729816309,0.09585599267486639,0.615261252873657,-0.420018660794099,0
631,2024-09-20 20:20:52.676816895,0,013,-0.1258757625427979,0.060359459624668564,0.16191225576955895,0.06381882430466342,-0.4642216964093468,0.0900128716171107,0.720515666238933,-0.548023031463165,0
632,2024-09-20 20:20:53.628503174,0,013,-0.13052649600057195,0.0580949907275635,0.2870413248307444,0.011775815578864075,-0.3987648710295021,0.08403682506888509,0.8122627276495327,-0.6788984038976854,0
633,2024-09-20 20:20:53.698174072,0,013,-0.134019212609993,0.054952306025262104,0.3825434642215875,-0.03341057205088758,-0.33292954170966027,0.07783726035766311,0.8930621031017884,-0.8076358580888343,0
634,2024-09-20 20:20:53.765925781,0,013,-0.13539319806682396,0.05072481850507838,0.44881682860740085,-0.07082011856880417,-0.2703503773766952,0.07140900346081906,0.965768896577007,-0.9294668549752289,0
635,2024-09-20 20:20:53.829864990,0,013,-0.13364409605291472,0.045179882095420607,0.4872859308287737,-0.09996403690294692,-0.21414047318224957,0.06480571766955967,1.033032774073942,-1.0400303224569027,0
636,2024-09-20 20:20:53.892043213,0,013,-0.12780930712857078,0.03808204223784437,0.5004224822605514,-0.12085587415753203,-0.1666102228951305,0.05812610453965616,1.097242622443462,-1.1356108291969904,0
637,2024-09-20 20:20:53.954071045,0,013,-0.11707011824254444,0.029224570308741815,0.4916926429782021,-0.1340312130006736,-0.1291365305827954,0.051501386344902964,1.160893523770344,-1.2134182937271483,0
638,2024-09-20 20:20:54.031729980,0,013,-0.10085399050421698,0.018462674360103664,0.4654190824897772,-0.1404803835479823,-0.10215218185184745,0.04507113161838121,1.227110948164183,-1.2717974515034547,0
639,2024-09-20 20:20:54.979919922,0,013,-0.07892316172019112,0.00574151510257086,0.4265925605942071,-0.14149985110201097,-0.0852334710797095,0.03894947102306994,1.2999226371466794,-1.3102630592587443,0
640,2024-09-20 20:20:55.040541992,0,013,-0.05142850108967172,-0.00888732604531314,0.3805974507696551,-0.1384980666528076,-0.0772594124398475,0.03319265904713104,1.3840003653385256,-1.3293346026774815,0
641,2024-09-20 20:20:55.100489014,0,013,-0.01891004775151499,-0.025264413147920394,0.3327753903488771,-0.13280271516515693,-0.07658168726860365,0.027771513396176138,1.4840293530400344,-1.330254545745608,0
642,2024-09-20 20:20:55.179086914,0,013,0.017748134709650854,-0.04313309563454404,0.28784450199312467,-0.12551261948513556,-0.08116582967128208,0.022547725361518233,1.6040856131827976,-1.314726942748504,0
643,2024-09-20 20:20:55.240616943,0,013,0.05738413321491543,-0.062155045038097496,0.2493256088748602,-0.11742150255999974,-0.08873494184567068,0.017265286677662618,1.7472055859073568,-1.284755647868992,0
644,2024-09-20 20:20:55.318289062,0,013,0.09863456519360489,-0.08192605589228814,0.21915974905601604,-0.10901699494913446,-0.09696256575867747,0.011577232238864948,1.9151315345853248,-1.2425537018514834,0
645,2024-09-20 20:20:55.381068115,0,013,0.1400253310842436,-0.10199225677848224,0.19762374705450683,-0.10053675695049644,-0.1037058043500576,0.005110056345921557,2.108151521701465,-1.1904426887406303,0
646,2024-09-20 20:20:56.323484863,0,013,0.18007601624756522,-0.12186827904517322,0.18354803454045177,-0.09205331547284044,-0.1072216805367608,-0.002459961176102735,2.324897990262324,-1.1306991357867928,0
647,2024-09-20 20:20:56.385970215,0,013,0.217405964723873,-0.14105718963737213,0.17474963152167555,-0.08355665651883754,-0.10632145039980023,-0.01134578690397198,2.562023589364873,-1.0653794623788078,0
648,2024-09-20 20:20:56.463343994,0,013,0.25082303088354213,-0.1590697968169606,0.16853066460905106,-0.07500815091063123,-0.10046548861700831,-0.02160820310479444,2.8137806517542407,-0.9961726628821767,0
649,2024-09-20 20:20:56.533852051,0,013,0.27937954379415125,-0.17544058880467286,0.1620963399050536,-0.0663573064543536,-0.08981915798742132,-0.03312759185032442,3.071522129637339,-0.9242689012502777,0
650,2024-09-20 20:20:56.601532959,0,013,0.30239918854338793,-0.1897401739793285,0.15279197102022687,-0.05753127830349664,-0.07526215492753606,-0.045593148283473606,3.32323835935514,-0.850210553070359,0
651,2024-09-20 20:20:56.669277832,0,013,0.319494171540989,-0.20158710529520904,0.1381403314385156,-0.04841374236324758,-0.05831911212007573,-0.058521816845092424,3.55347745702316,-0.7737683265432054,0
652,2024-09-20 20:20:56.737016112,0,013,0.3305825270518665,-0.21066148457799344,0.11578288543513214,-0.03883076028911551,-0.04098664879460737,-0.07131536519420512,3.7439893249475684,-0.6939338980683882,0
653,2024-09-20 20:20:57.680726074,0,013,0.33589470979515157,-0.2167193054998228,0.08345612183549662,-0.02855204921767384,-0.02545670975444076,-0.08335317915360468,3.875219876928586,-0.6090712518645612,0
654,2024-09-20 20:20:57.734302979,0,013,0.33595225356336766,-0.21960407958865638,0.039026525415754715,-0.01729977398958644,-0.013758752329382118,-0.09410360252277732,3.928558645809106,-0.5172046261938429,0
655,2024-09-20 20:20:57.811983154,0,013,0.33150888743465234,-0.21925266524138273,-0.019434969175183673,-0.004761414904991164,-0.007367743944385921,-0.1032230538891166,3.8888799138760115,-0.4164032590746377,0
656,2024-09-20 20:20:57.873163818,0,013,0.3234510779691542,-0.21569382569146006,-0.09349036530485584,0.00937737157579038,-0.006865799260122796,-0.11061069675377758,3.746633004547702,-0.30521446317784445,0
657,2024-09-20 20:20:57.951756836,0,013,0.31266067846591267,-0.20903921841197762,-0.18404931703205343,0.025370305136049286,-0.011774582473477964,-0.11640389434478234,3.4989930899374455,-0.18306846760624415,0
658,2024-09-20 20:20:58.011545898,0,013,0.2998596319634243,-0.19946772384036504,-0.2910446473419949,0.043336589062082806,-0.020627168660760194,-0.1209245846980631,3.15012639343883,-0.05057787347494759,0
659,2024-09-20 20:20:58.087256836,0,013,0.2854764426752298,-0.1872062161884811,-0.4131934697392334,0.06320109455401832,-0.03123362890308988,-0.12460061426831091,2.710834237500327,0.09031511911793365,0
660,2024-09-20 20:20:59.030706787,0,013,0.2695717553285238,-0.17251186727847045,-0.5478845452363736,0.08466046550861159,-0.041022354826161005,-0.12788582874328222,2.197717189554976,0.23638486035705017,0
661,2024-09-20 20:20:59.098464844,0,013,0.2518401681236807,-0.15566100160387034,-0.6911576899582633,0.10717891133811035,-0.047360215341177146,-0.13119484690379557,1.6319599020307811,0.3833759493169975,0
662,2024-09-20 20:20:59.161858154,0,013,0.23168778148912628,-0.13694700478182112,-0.8377791162552453,0.13001422115700123,-0.04781643193252098,-0.13485569615527052,1.037946002259447,0.5263768868712649,0
663,2024-09-20 20:20:59.233897949,0,013,0.20836671328743972,-0.116684774910286,-0.9814928151622331,0.15226792418948373,-0.04038063294964011,-0.13907247431913536,0.44184885689922043,0.660184004943373,0
664,2024-09-20 20:20:59.301097900,0,013,0.18112715394404078,-0.09521421907823695,-1.1154781585117985,0.17294860037130086,-0.023655399399555768,-0.14389162434742292,-0.12992228191305966,0.7796303455866762,0
665,2024-09-20 20:20:59.363583008,0,013,0.1493466389853832,-0.07289619104442634,-1.232886877217283,0.191034655860362,0.002976520841239722,-0.14917729699235113,-0.6525433249138086,0.8799119708338751,0
666,2024-09-20 20:20:59.425663086,0,013,0.11261699011524902,-0.05010066613048329,-1.3272897289366317,0.2055277172623163,0.0392429594113154,-0.15461026707072872,-1.104632962937058,0.9568487095716358,0
667,2024-09-20 20:21:00.341377930,0,013,0.07078454898757687,-0.027190984869296584,-1.3930050950599187,0.215508828651667,0.08397692576522894,-0.15971844001408037,-1.4697617846779436,1.0069849261941055,0
668,2024-09-20 20:21:00.419918945,0,013,0.0239465073948329,-0.00450747167945166,-1.4254099188969795,0.22022220754092925,0.13521848809558004,-0.1639252654741754,-1.7374566896310923,1.0275739213872008,0
669,2024-09-20 20:21:00.481918945,0,013,-0.027578811833253145,0.01764696581122564,-1.4213049841420253,0.2191869145909882,0.19036776334069355,-0.16659083813150005,-1.9037455178064537,1.0165953178322717,0
670,2024-09-20 20:21:00.544406982,0,013,-0.08328140191934362,0.039016536182167647,-1.3793149411915193,0.21230279563398463,0.24633986116856052,-0.16704035066089837,-1.971256899386743,0.9729069077019606,0
671,2024-09-20 20:21:00.626713135,0,013,-0.14247854013847483,0.059396019333905266,-1.3002693858915095,0.19991677036567299,0.2997230586782775,-0.1645996157603795,-1.9487911151277106,0.8965225912327986,0
672,2024-09-20 20:21:00.685151123,0,013,-0.20433236808410038,0.07862899033511252,-1.1874982740982023,0.18283869320753837,0.34695048197420514,-0.15864896815797566,-1.8502996810759476,0.7889240952584134,0
673,2024-09-20 20:21:00.747209961,0,013,-0.26787045042579954,0.09660296178932345,-1.0469113098102039,0.16230422324914595,0.38447552583169325,-0.14867992214637704,-1.693362498096823,0.653272626774011,0
674,2024-09-20 20:21:01.668100098,0,013,-0.3319990616382812,0.11324190160401564,-0.8867104891119046,0.13987841527804168,0.4089452044275588,-0.1343374656330785,-1.49729788177499,0.49438245904644307,0
675,2024-09-20 20:21:01.747456055,0,013,-0.39550460564288675,0.1284957073680544,-0.7167235092671496,0.1173069925415089,0.41738024368484167,-0.11545261492212425,-1.281002532350685,0.31837010209797184,0
676,2024-09-20 20:21:01.807379883,0,013,-0.45705568640787103,0.14232794835108106,-0.5475151916048624,0.09634272601420212,0.40737323759984,-0.09207671472334837,-1.0608687504449148,0.1320375702677099,0
677,2024-09-20 20:21:01.884656982,0,013,-0.5152198786772272,0.1547041239887603,-0.3894449596311708,0.07857818068413493,0.3773120788547737,-0.06451435445454472,-0.8494274442477823,-0.057795376023221864,0
678,2024-09-20 20:21:01.945735840,0,013,-0.568503409197057,0.16558278755134742,-0.2517458066529917,0.06530937650126074,0.3266146379897376,-0.03334093069919439,-0.6550464740269599,-0.2448063943000648,0
679,2024-09-20 20:21:02.008203125,0,013,-0.6154229668403333,0.17491271182638718,-0.14168574623277277,0.05744715719736032,0.25592519277790376,0.0006037734478741077,-0.4823581549297425,-0.4234865624110183,0
680,2024-09-20 20:21:02.085879883,0,013,-0.6546101003302613,0.1826373774795991,-0.0639637986648483,0.05548691913522794,0.16721881454668688,0.036244102685447685,-0.3329386575660356,-0.5892959610295807,0
681,2024-09-20 20:21:03.029964111,0,013,-0.6849284414959063,0.1887031214274303,-0.02051962653596833,0.05953924652396914,0.06379722924839454,0.07231650113960798,-0.20609581112174877,-0.7386605013822857,0
682,2024-09-20 20:21:03.097719971,0,013,-0.7055788096619069,0.19306554421517808,-0.010765521540101908,0.06940029664560113,-0.049805889941594135,0.10743985402837081,-0.09986483185556304,-0.8687934776342997,0
683,2024-09-20 20:21:03.165440918,0,013,-0.7161746698480455,0.19569193665112325,-0.03203267943566014,0.08461938071432067,-0.1679931698215055,0.14020890408247388,-0.0122090795079474,-0.9774030222744204,0
684,2024-09-20 20:21:03.229049072,0,013,-0.7167718105140559,0.1965610360434181,-0.08001397994723863,0.10453435858589136,-0.28436475499727987,0.16930415563370907,0.05791376406410758,-1.0624615563523483,0
685,2024-09-20 20:21:03.290755127,0,013,-0.7078453325421137,0.1956630550968587,-0.14912672709370486,0.1282710651130159,-0.39212013084125874,0.19360576856527398,0.11007217491323078,-1.1222060572887445,0
686,2024-09-20 20:21:03.368610107,0,013,-0.6902299094678104,0.19300253389412736,-0.23280043022158853,0.1547159511577133,-0.4846077704291576,0.2122909370615591,0.14250402911746643,-1.1553394242159196,0
687,2024-09-20 20:21:03.431570068,0,013,-0.6650480828145586,0.18860352440161893,-0.32374554038206543,0.18249381634592252,-0.5559423322114408,0.22489185502352674,0.15252361857154914,-1.1612462630117717,0
688,2024-09-20 20:21:04.380011963,0,013,-0.6336388076147795,0.18251350266989155,-0.41431927198168106,0.20999921113956624,-0.6015596555543543,0.23130295551822344,0.1369764719846748,-1.1401241098319757,0
689,2024-09-20 20:21:04.442914062,0,013,-0.5974872124501852,0.1748039700103069,-0.49702649000694493,0.23549161527596132,-0.6185962467828905,0.23174013797306603,0.09277500854275181,-1.0930661206484242,0
690,2024-09-20 20:21:04.505024902,0,013,-0.5581558006000488,0.16557044828811177,-0.5650230032179663,0.25720924286372504,-0.6060358265946844,0.22666387417317502,0.017536720974927877,-1.022106545963995,0
691,2024-09-20 20:21:04.582701904,0,013,-0.5172162346078686,0.1549355862612141,-0.6124751896834437,0.27346325849053227,-0.5646383281683834,0.2166889017317642,-0.08971504948836181,-0.9301876694464325,0
692,2024-09-20 20:21:04.649003906,0,013,-0.47617586066110634,0.1430548504198109,-0.6347723556862989,0.2827216201601647,-0.4967157555163306,0.20250922178567357,-0.22790645513835728,-0.8210404223085034,0
693,2024-09-20 20:21:04.711965088,0,013,-0.43639311671787445,0.13011991562224073,-0.6286697070021305,0.28370645306648123,-0.40581898275871015,0.18485502657108485,-0.3935409485654521,-0.699000434593485,0
694,2024-09-20 20:21:04.786395020,0,013,-0.3989829795620957,0.1163542559350763,-0.5923949869394264,0.27550779154643246,-0.2963847142372856,0.16447612883678,-0.580770741781678,-0.5687770352591903,0
695,2024-09-20 20:21:05.728498047,0,013,-0.3647253257180971,0.1019996768159404,-0.5256909651125885,0.2576946869000617,-0.17337802478822548,0.14213215271564741,-0.781919711635804,-0.43520587663943816,0
696,2024-09-20 20:21:05.790153076,0,013,-0.3340024955017931,0.0872995074846539,-0.42977585874744717,0.23039189946648483,-0.0419439749061368,0.11857059245002674,-0.9882572125237131,-0.30302568475128533,0
697,2024-09-20 20:21:05.865571045,0,013,-0.30678931398789,0.07248653867003221,-0.3072648089383516,0.1942963680363097,0.09291808388473943,0.09448893962208439,-1.1907291112365546,-0.17669920633168784,0
698,2024-09-20 20:21:05.933304932,0,013,-0.28269521600585623,0.05777895900731704,-0.16211522955092456,0.15063606456555187,0.22661860467931783,0.07049459437435875,-1.3805298677270035,-0.06027057818408815,0
699,2024-09-20 20:21:05.990480957,0,013,-0.2610448372521495,0.04338272493893009,0.0004322249247130557,0.1010911432673999,0.35513899392861215,0.047079820023418054,-1.549554844470689,0.04276523462475857,0
700,2024-09-20 20:21:06.068846924,0,013,-0.24099044207090473,0.029497968923928843,0.1740702509808406,0.04768310570497371,0.47508307103191966,0.02461656474741324,-1.6906700688410476,0.12958950820766488,0
701,2024-09-20 20:21:06.136520020,0,013,-0.2216494387600438,0.01632687813992786,0.3519127504800325,-0.007371954225870875,0.5836598322917858,0.003361372283409878,-1.7976544954765414,0.19815670234511107,0
702,2024-09-20 20:21:07.080134033,0,013,-0.20224242918037197,0.00407871037355098,0.5271324581409734,-0.06182754125062383,0.6786634719044824,-0.016542010834551906,-1.8648524432145248,0.24724458682444828,0
703,2024-09-20 20:21:07.143264893,0,013,-0.1821955524128313,-0.0070333865197726025,0.693476799995443,-0.11355186779031959,0.7584883092181552,-0.0350631829960547,-1.8868943914108394,0.27648629749530357,0
704,2024-09-20 20:21:07.215617920,0,013,-0.1611896403792362,-0.016804964169895416,0.8455171190851223,-0.16063536910475096,0.8221588733887445,-0.05227423762240913,-1.858925015206754,0.286411323687661,0
705,2024-09-20 20:21:07.283343994,0,013,-0.1391737712477017,-0.025055949861625994,0.9786973338170444,-0.2014637978006036,0.8693252816525979,-0.06831201762966281,-1.777424593079958,0.278476735783415,0
706,2024-09-20 20:21:07.344116943,0,013,-0.11637075231977895,-0.03164075687327743,1.0893123788698842,-0.23475849850469027,0.9001927858931881,-0.08331843748032709,-1.6412968062539688,0.25506280674049536,0
707,2024-09-20 20:21:07.406172119,0,013,-0.09327776742686199,-0.036449538353577685,1.174497081408955,-0.25958661112587156,0.9153963221595598,-0.09738174197846185,-1.4527698984767563,0.21942617370911932,0
708,2024-09-20 20:21:07.483340088,0,013,-0.07064171880633079,-0.03940325578181455,1.2322627842911285,-0.27535811967587887,0.9158513418670056,-0.11049668603689015,-1.21767144262868,0.17555516791835082,0
709,2024-09-20 20:21:08.430259033,0,013,-0.04939470018291912,-0.040447142815549814,1.2615710490889294,-0.2818221376533936,0.902600425415237,-0.12254861001195291,-0.9448001794202232,0.12782146670507172,0
710,2024-09-20 20:21:08.489000000,0,013,-0.03056343669207119,-0.03954626800659716,1.262356310508722,-0.2790528842310591,0.8766621294517662,-0.13331771240925486,-0.644638559256427,0.08044303854791855,0
711,2024-09-20 20:21:08.551068115,0,013,-0.01518615527445796,-0.036684393678770896,1.2354146073176748,-0.2674153381639701,0.8388943333193649,-0.14249204732013065,-0.32807650343053596,0.036972387716629786,0
712,2024-09-20 20:21:08.632837891,0,013,-0.004256651634915849,-0.03186518703813187,1.1821833820463707,-0.24751729188915808,0.7899049324067021,-0.14967765148175388,-0.005549350835177132,2.4882919299354187e-05,0
713,2024-09-20 20:21:08.695338867,0,013,0.0013174361646191785,-0.025115523941733494,1.10448895640269,-0.22015811962610082,0.7300534097902223,-0.15440597196393283,0.31348923796902584,-0.02872109715530277,0
714,2024-09-20 20:21:08.757400879,0,013,0.0007647677168669194,-0.016491572768645865,1.004326894762524,-0.18628344081992626,0.659556398413292,-0.15615003458623194,0.6207941280068104,-0.04834369849315128,0
715,2024-09-20 20:21:08.836697998,0,013,-0.00649067914269191,-0.006086286112366087,0.8837717772003097,-0.14695709095540518,0.5786601494827271,-0.15436099404573628,0.9090987850299738,-0.058413523427396426,0
716,2024-09-20 20:21:09.774933105,0,013,-0.02077743971108004,0.00596505589853162,0.745105871837112,-0.10335208811912423,0.4878257358210205,-0.1485275253020244,1.1715271736959203,-0.05873092014833725,0
717,2024-09-20 20:21:09.836934082,0,013,-0.04213572589319437,0.019481925860257873,0.5911251601010001,-0.05675043299858995,0.38788755289143384,-0.13825110003093277,1.401086694147909,-0.04913886345026995,0
718,2024-09-20 20:21:09.915146973,0,013,-0.07027870472836381,0.03423492628713199,0.42544718298499334,-0.008539257690520467,0.28015589248718364,-0.1233245114318597,1.5905928258406445,-0.02944120886068546,0
719,2024-09-20 20:21:09.983650879,0,013,-0.10455707676390975,0.04994063469072062,0.2526413982267196,0.03981502292487214,0.16643938568916924,-0.1037958179366623,1.7330331848430762,0.0005938479387332082,0
720,2024-09-20 20:21:10.051364014,0,013,-0.14394749544135432,0.06626062300476403,0.07812598247928107,0.08683017059640255,0.048986897905019415,-0.07999994920109335,1.8222032508865518,0.04115661326743875,0
721,2024-09-20 20:21:10.119123047,0,013,-0.18708357203879486,0.08281013614001538,-0.09208597652548738,0.13109755702367198,-0.06962215686211178,-0.052549330988933725,1.853506578038281,0.09220997286509881,0
722,2024-09-20 20:21:10.178098877,0,013,-0.23232769316995835,0.09917469532803691,-0.2516879478306035,0.17136843030339033,-0.18661494490489453,-0.022283124326409352,1.824811485992715,0.153204250311497,0
723,2024-09-20 20:21:11.105403809,0,013,-0.27786807305819344,0.11492924037904616,-0.39440744500538244,0.20662287620117542,-0.2991903848312565,0.009818757747850985,1.7370935020600036,0.2228244847142697,0
724,2024-09-20 20:21:11.161385010,0,013,-0.3218284491673062,0.12965725488845262,-0.5143714993089584,0.23612288507335935,-0.40470383359447004,0.042737108285229405,1.5945828189039204,0.2988999714978676,0
725,2024-09-20 20:21:11.240175049,0,013,-0.36238369247594276,0.14296919058680604,-0.606477147725818,0.25944746206870484,-0.5008251798829785,0.07549956631958506,1.4043354075795988,0.37848225769536953,0
726,2024-09-20 20:21:11.300198975,0,013,-0.39787028786073997,0.1545176712664091,-0.6667038927510227,0.27650036749190404,-0.5856159720514332,0.10722792375534287,1.175339375012829,0.45804086484217743,0
727,2024-09-20 20:21:11.362687012,0,013,-0.4268762553493653,0.16400706205993804,-0.692334048574833,0.28748211906060805,-0.6575160655383634,0.13714454317621114,0.9174843878219285,0.5337432669052131,0
728,2024-09-20 20:21:11.439841064,0,013,-0.448304547964424,0.17119903497330188,-0.6820970641877068,0.2928313118641502,-0.7152907045694213,0.16455540472368863,0.6408376457419156,0.6017904962048233,0
729,2024-09-20 20:21:11.501895996,0,013,-0.461414925789297,0.17591752316876497,-0.6362510006084173,0.2931502933267246,-0.7580056826432682,0.1888327252595054,0.3554085050457353,0.6587770824813273,0
730,2024-09-20 20:21:12.448977051,0,013,-0.4658445874663764,0.1780524399118,-0.5565484211204859,0.2891142256987583,-0.7850597074811059,0.20940940045463494,0.07118428344825561,0.7020407298647761,0
731,2024-09-20 20:21:12.510979980,0,013,-0.4616018610199654,0.17755832114739967,-0.4460123141651107,0.2813519093929568,-0.796261219669961,0.2257852917030345,-0.20190416748939244,0.7299385555446175,0
732,2024-09-20 20:21:12.591114990,0,013,-0.4490382768996888,0.1744471649802382,-0.3085360701573797,0.27031987457399737,-0.7919217351254108,0.23754684068407653,-0.4543037975214436,0.7419599715223816,0
733,2024-09-20 20:21:12.644053955,0,013,-0.4288114965644024,0.16877898889913087,-0.148436747366599,0.2562233115660521,-0.7729271262351568,0.24440443709047105,-0.6774915142971579,0.7386341599304945,0
734,2024-09-20 20:21:12.721679932,0,013,-0.40183888351582675,0.16065440852952878,0.02987569040078242,0.23901725423833334,-0.7407450772993501,0.2462391780490477,-0.864769906949627,0.7212734539635889,0
735,2024-09-20 20:21:12.794334961,0,013,-0.36923741981512714,0.15021322283385125,0.22200904951936154,0.21847985819800386,-0.6973490527748808,0.24313705099154514,-1.011793354298334,0.691608293621085,0
736,2024-09-20 20:21:12.862068115,0,013,-0.33225779977823133,0.13764029669182498,0.4234724451375927,0.19432589072151918,-0.6450634903111722,0.23539481673535098,-1.1165290281996403,0.6513805055500986,0
737,2024-09-20 20:21:13.780622070,0,013,-0.29221991396564206,0.12317316301225417,0.6294366094917941,0.1663199120977413,-0.5863564307063844,0.2235017873563601,-1.1788004832371493,0.6020279066470267,0
738,2024-09-20 20:21:13.846723145,0,013,-0.2504455288795203,0.10710192183694173,0.83456604061215,0.13435622796360822,-0.5236436653459776,0.20811709403423795,-1.1998466024236514,0.5445760098550992,0
739,2024-09-20 20:21:13.916061035,0,013,-0.20818140986589118,0.08975633483495207,1.0330912746144834,0.09849635857523342,-0.4591793864760527,0.1900582850082659,-1.1822254168885478,0.4797259994079241,0
740,2024-09-20 20:21:13.983755127,0,013,-0.1665116508450818,0.0714820934562967,1.2191340158954598,0.05897137281656114,-0.3950445324109738,0.17029372264019949,-1.1299949658152892,0.4080494222831871,0
741,2024-09-20 20:21:14.051516113,0,013,-0.1262712044112483,0.05261268495151857,1.3871527241121258,0.016163325145018555,-0.3331659315993704,0.14991337299080965,-1.0487488975810375,0.33022259558907285,0
742,2024-09-20 20:21:14.119271973,0,013,-0.08798498781517734,0.03344426468159887,1.5323354873212396,-0.029408267370288423,-0.2752899045469719,0.13006180368095036,-0.945237757952535,0.24728347662407615,0
743,2024-09-20 20:21:14.186644043,0,013,-0.051847946729395425,0.014218226988605821,1.6508220221222247,-0.07707313714119099,-0.22288516246753473,0.11183975674691096,-0.8267839079126122,0.16090007872496923,0
744,2024-09-20 20:21:15.125544922,0,013,-0.017745628769789478,-0.0048866505296454,1.7397438266507212,-0.1259816806283547,-0.17701168571426626,0.09619352629615466,-0.7008603184256779,0.0735988155636447,0
745,2024-09-20 20:21:15.188031981,0,013,0.014682930086007866,-0.02375000839668675,1.7971513476001337,-0.17509179617011103,-0.13822773455738663,0.0838143751395318,-0.5749555760209645,-0.011142007762558852,0
746,2024-09-20 20:21:15.266072021,0,013,0.0459419447707896,-0.042293424795320916,1.821911836100009,-0.22318283322522295,-0.10659973944083083,0.07507380862603442,-0.45652094680425226,-0.08903134378236943,0
747,2024-09-20 20:21:15.327966064,0,013,0.07656288148317983,-0.06045949917514026,1.8136390944731444,-0.2688869244114971,-0.08184042759991446,0.07001761430571253,-0.352698349987509,-0.1553534854575365,0
748,2024-09-20 20:21:15.388833008,0,013,0.10700883717589467,-0.0781960674490251,1.7726722697823145,-0.3107307800464813,-0.06354231235536646,0.06841714096110539,-0.269803339005277,-0.20549768344727892,0
749,2024-09-20 20:21:15.465614014,0,013,0.13760003705418328,-0.09544543827069102,1.7000897605692413,-0.3471969948308624,-0.05142096135646092,0.06984779978832865,-0.21290063204244855,-0.23548559284154882,0
750,2024-09-20 20:21:15.527617920,0,013,0.16844014951046563,-0.11213216989630165,1.59774879111103,-0.3768199257520941,-0.04547863560367897,0.07376329286923201,-0.185795560154995,-0.24241174765538967,0
751,2024-09-20 20:21:16.475614014,0,013,0.1993455792725342,-0.12814864477791618,1.4683242848135656,-0.39831246135571585,-0.04604175863623312,0.07955297727103965,-0.19134991344599106,-0.2247724250241773,0
752,2024-09-20 20:21:16.538101807,0,013,0.22981175301143367,-0.143345098862039,1.3152996638002725,-0.41069573979102,-0.05367241288366097,0.08658560777137829,-0.23168198795973508,-0.18268662137987424,0
753,2024-09-20 20:21:16.616172119,0,013,0.25904760544900834,-0.15753059040679446,1.1429169845051315,-0.4134066885424995,-0.06899077802956793,0.0942484672618355,-0.3079047467931827,-0.11800487878868439,0
754,2024-09-20 20:21:16.671124023,0,013,0.286071896077295,-0.17048585715943876,0.9561299174852218,-0.4063755868546593,-0.09247690907082767,0.10198615143891665,-0.41945101611411806,-0.03426685195871772,0
755,2024-09-20 20:21:16.748358887,0,013,0.3098272807470074,-0.18198247115757835,0.7605334275187199,-0.3900653159142754,-0.12432356196922288,0.10933432025556568,-0.563371139091941,0.06353805088078895,0
756,2024-09-20 20:21:16.810363037,0,013,0.3292691113990119,-0.19179987342672805,0.5621942975352909,-0.36545490811694736,-0.16435701234785458,0.11594036956622791,-0.7340817197183859,0.16941786140062995,0
757,2024-09-20 20:21:16.872623047,0,013,0.34342889930849024,-0.19973659643974448,0.36734836054535247,-0.3339567783548325,-0.2119703929885929,0.12156260988349045,-0.923826429231036,0.27700789671290715,0
758,2024-09-20 20:21:17.827250977,0,013,0.35148407478683524,-0.2056189119206253,0.18199757664531097,-0.29727808762088587,-0.26602345993683446,0.12604366077998275,-1.1236912373574255,0.3803072232861086,0
759,2024-09-20 20:21:17.898622070,0,013,0.35284443663917436,-0.20931020302234216,0.011483403943759005,-0.257257041546946,-0.3247602859865634,0.12927299498447686,-1.324767510381239,0.47436985623911504,0
760,2024-09-20 20:21:17.966104980,0,013,0.3472306943440376,-0.21071979307844166,-0.1398783759749177,-0.21571287447657506,-0.3858474595800745,0.13117078679906746,-1.5191573873441993,0.5557802112618264,0
761,2024-09-20 20:21:18.027735840,0,013,0.3347253104951791,-0.20981001769319743,-0.2690228506380192,-0.17434078555840168,-0.44655718690987306,0.13170859281108463,-1.7006824981243007,0.6228127271952614,0
762,2024-09-20 20:21:18.101833008,0,013,0.315800655095452,-0.20660455383042906,-0.37416155259412576,-0.13466445854516204,-0.5040088528704078,0.13094431368179923,-1.8651467817096223,0.6752478969626391,0
763,2024-09-20 20:21:18.166485107,0,013,0.2913272480214666,-0.20120031154955845,-0.4545875420861009,-0.09804020269584264,-0.5553705479600689,0.12903519193635132,-2.0100110226408474,0.7138706451855628,0
764,2024-09-20 20:21:18.237273926,0,013,0.2625414468478866,-0.19377804154341507,-0.5103002451819737,-0.06569515039061292,-0.5980080467743764,0.1262161413589876,-2.1335910345283993,0.7397864365814268,0
765,2024-09-20 20:21:19.167572998,0,013,0.23095102835792153,-0.1846033345110927,-0.5415851018906639,-0.03876886387192029,-0.629635041987852,0.12275669593173476,-2.2341758598382038,0.7538037438485315,0
766,2024-09-20 20:21:19.248672119,0,013,0.1981882067836153,-0.17401549090703036,-0.5487266067545933,-0.018318981354971897,-0.6484871990484553,0.1189116649536638,-2.309430090717159,0.7560936961315045,0
767,2024-09-20 20:21:19.316416016,0,013,0.16584221897817067,-0.16240827963717894,-0.5319400805058278,-0.00527032025948326,-0.6534781234629188,0.11487439071678866,-2.3561903295701243,0.7461803333334548,0
768,2024-09-20 20:21:19.368899170,0,013,0.13529820747243326,-0.15020632940464737,-0.49148848636014525,-0.0003224397789717139,-0.6442843646803575,0.11074369789736353,-2.3706039429623353,0.723205177573034,0
769,2024-09-20 20:21:19.446602051,0,013,0.10760508176749678,-0.13783901379992403,-0.42791748074587704,-0.0038464307999640773,-0.6213379036665858,0.10651280862336626,-2.3485233926464355,0.6863539473611979,0
770,2024-09-20 20:21:19.508204102,0,013,0.0834015417653297,-0.12571516287744702,-0.3423412079955628,-0.015794407407156468,-0.5857364144292779,0.10207567539488055,-2.2860403777503744,0.6352788781571385,0
771,2024-09-20 20:21:19.587135010,0,013,0.06291952658968487,-0.11420252477814853,-0.23669082036455813,-0.035641678592705665,-0.5390990858159952,0.09723984891601423,-2.1800446936596662,0.5703919036441496,0
772,2024-09-20 20:21:20.524760010,0,013,0.04606024260522036,-0.1036140078945154,-0.11383910900028295,-0.06238342822344787,-0.4833921573080639,0.09173925953672718,-2.028759311967243,0.49303371808359403,0
773,2024-09-20 20:21:20.589610107,0,013,0.03252489641478076,-0.0942024677946506,0.022409639441362584,-0.09458997632063856,-0.4207372269405564,0.08524686819444792,-1.8322413645924216,0.40554682813401993,0
774,2024-09-20 20:21:20.665478027,0,013,0.02197424491492931,-0.08616534173903918,0.16739790774179333,-0.13049820278164073,-0.3532242662740426,0.07739386949095028,-1.5928538198731998,0.311227077352329,0
775,2024-09-20 20:21:20.732975098,0,013,0.01417942492273163,-0.07965541633465804,0.31574381251730677,-0.1681183488005719,-0.282763463177639,0.06780249772987551,-1.3157420423995834,0.21418317253970662,0
776,2024-09-20 20:21:20.794603027,0,013,0.009128863423887495,-0.07478960202307826,0.4615945429454338,-0.20535383290999157,-0.21098623620825196,0.056128346904183994,-1.0091944764077818,0.1191731115449086,0
777,2024-09-20 20:21:20.857090088,0,013,0.00707261316974548,-0.0716505669098827,0.5990259153172789,-0.24013152382305736,-0.13917510826418408,0.042101481548908734,-0.6844887951679934,0.03135234923096854,0
778,2024-09-20 20:21:20.934322998,0,013,0.008496055960747774,-0.07028179656150584,0.72247646258291,-0.27052944578186955,-0.06822033241940714,0.025562634480576243,-0.3549553413611022,-0.04420950407730406,0
779,2024-09-20 20:21:21.848827881,0,013,0.014025108098754742,-0.07067870133553913,0.8271061565446581,-0.29489440103837844,0.0013676323275362459,0.00649230775237032,-0.03452366865423042,-0.10323378322802515,0
780,2024-09-20 20:21:21.912581055,0,013,0.02429004933142893,-0.07277932601212296,0.9090995957990969,-0.31195241982793315,0.06937836459407817,-0.014978878052087027,0.26373729106403265,-0.14296574131361056,0
781,2024-09-20 20:21:21.989007080,0,013,0.03979097693510795,-0.07645907226893948,0.9659777077485122,-0.3209055989861874,0.13577589446165664,-0.03858582385544631,0.5288162885110281,-0.16268294616903967,0
782,2024-09-20 20:21:22.050157959,0,013,0.060788896032879985,-0.08153155960252427,0.9968917353909656,-0.3214935249898742,0.20055279811385687,-0.0639542980948491,0.7526771276761788,-0.16376836581374649,0
783,2024-09-20 20:21:22.111805908,0,013,0.0872233985168141,-0.08775486566123801,1.0028079792074778,-0.3140005577462154,0.2635923953090451,-0.09060983740135284,0.9308412346981457,-0.1492758533421242,0
784,2024-09-20 20:21:22.189071777,0,013,0.11866154671849541,-0.09484183696151252,0.9865137876362172,-0.2992046630840823,0.32457544010132056,-0.11796453209798298,1.0624442749447633,-0.12310985495961345,0
785,2024-09-20 20:21:22.251104980,0,013,0.15428644556878368,-0.10247249602819937,0.952392187326409,-0.27827344598779297,0.38294658023898265,-0.14530016016135291,1.149672315248637,-0.08909832764600241,0
786,2024-09-20 20:21:23.199449951,0,013,0.1929219432960263,-0.11030635167015007,0.9059170649840655,-0.2526184317893377,0.43791846177226684,-0.1717691236064141,1.196770672323479,-0.0502883826451943,0
787,2024-09-20 20:21:23.261058105,0,013,0.23308814259733024,-0.11799516404652755,0.8529432209780146,-0.22373253209412267,0.4884835637623485,-0.19642324265190206,1.2089474722748035,-0.008655718211880707,0
788,2024-09-20 20:21:23.337763184,0,013,0.2730879761347642,-0.1251978840642438,0.7990509522869497,-0.19305528790115,0.5334365683658109,-0.21827080640892157,1.1913785066932518,0.034843279400251566,0
789,2024-09-20 20:21:23.399789062,0,013,0.31111574481867493,-0.13159603007620402,0.7491831661558842,-0.16190331526135313,0.5714428307773317,-0.23635763539831217,1.1484279367809471,0.08006321832743406,0
790,2024-09-20 20:21:23.474826172,0,013,0.3453705538714755,-0.13690617722681003,0.707576532191526,-0.1314622611600985,0.6011700801634072,-0.24986169478343007,1.0832246115884305,0.12739344063436556,0
791,2024-09-20 20:21:23.542455811,0,013,0.37416568519136895,-0.14088961224105886,0.6778068851251687,-0.1028020187713333,0.6214463422024815,-0.2581820657258932,0.9976158677683019,0.17744130526472268,0
792,2024-09-20 20:21:23.602811035,0,013,0.3960347319350269,-0.14336154573535384,0.662758785268631,-0.07688098070989524,0.6313851869858393,-0.26099869326727243,0.8922718910606375,0.23077511124110736,0
793,2024-09-20 20:21:24.524960938,0,013,0.4098363319447615,-0.1442005893931606,0.6644342608824673,-0.054535790755422586,0.6304510316472273,-0.25828572638162534,0.7667837548433484,0.28782661726757375,0
794,2024-09-20 20:21:24.588928955,0,013,0.4148515096982149,-0.1433578167175567,0.6836603718618277,-0.03647037872700734,0.6184861042306633,-0.25028089057357134,0.6199505140506304,0.3489053591229491,0
795,2024-09-20 20:21:24.665651123,0,013,0.4108568624639792,-0.14086513182159027,0.7198222696172056,-0.02324152395238717,0.5957333139165165,-0.23743351263970702,0.45045840609265164,0.41420051855713325,0
796,2024-09-20 20:21:24.727531982,0,013,0.3981524273959193,-0.13684049056381073,0.770692647254268,-0.01521914759873176,0.5628434177752598,-0.22035167385089985,0.25774057915077236,0.48373680208462655,0
797,2024-09-20 20:21:24.789132080,0,013,0.3775323858700457,-0.13148433140997628,0.8323750737132566,-0.012518669808107643,0.5208267772308298,-0.19975123322504076,0.04256379484828226,0.5573259205168032,0
798,2024-09-20 20:21:24.868824951,0,013,0.3502072136349433,-0.12506442437348506,0.8994057058107182,-0.01493960634278842,0.47096887397495085,-0.17640781938801323,-0.1928939355120479,0.6345318390391184,0
799,2024-09-20 20:21:24.936566162,0,013,0.31769773715015126,-0.1178928314510792,0.9650586441824097,-0.021943174679491112,0.4147862838152989,-0.1511234644814901,-0.4453026747859017,0.7146375189476701,0
800,2024-09-20 20:21:25.880330078,0,013,0.2817160659511964,-0.11030080042681119,1.0218273819992187,-0.03266749831395282,0.3540575309932499,-0.12471196483720931,-0.7104065622246819,0.7965951891684153,0
801,2024-09-20 20:21:25.948100098,0,013,0.24404338978907336,-0.10261530867032859,1.0620319056957033,-0.04596978904906276,0.29088162547116175,-0.09798834862968123,-0.9830222102663776,0.878963590496282,0
802,2024-09-20 20:21:26.015882080,0,013,0.2064173009119606,-0.09513917716350984,1.078559480835982,-0.060507871126505255,0.22769382724949533,-0.07174969089679184,-1.2568910286337223,0.9598660716931456,0
803,2024-09-20 20:21:26.074101807,0,013,0.1704403501865425,-0.08813615886568223,1.065737772467779,-0.07487722241811884,0.16719996142801016,-0.04675442233570639,-1.5245239636126369,1.0369731087976177,0
804,2024-09-20 20:21:26.150822021,0,013,0.1375184991947533,-0.08182220007856737,1.0201971333610087,-0.08778600342529552,0.11222493857689059,-0.02371349070615683,-1.7771446629718801,1.1074806174791139,0
805,2024-09-20 20:21:26.213309082,0,013,0.10883713356432548,-0.07636313941331874,0.9414601632223633,-0.09821989534500682,0.06550094633157993,-0.0032929351999534213,-2.004901585773925,1.1681247845802087,0
806,2024-09-20 20:21:26.286688965,0,013,0.08537016776181576,-0.0718768555095375,0.8320591159592101,-0.10554985554897528,0.029452275377234233,0.013883294248954367,-2.1975323962175657,1.2153443449537982,0
807,2024-09-20 20:21:27.230379883,0,013,0.06789501533980291,-0.06843654981280795,0.6971537801255212,-0.1095551871580834,0.006030985120110734,0.027239895996950203,-2.345519039492555,1.245643281404079,0
808,2024-09-20 20:21:27.285191895,0,013,0.05698059346185853,-0.06607343244153115,0.5437481869164383,-0.11036088995158745,-0.0033821538021398864,0.03626935394951686,-2.441505377741043,1.2560769984080138,0
809,2024-09-20 20:21:27.362884033,0,013,0.052938608659264724,-0.06477908211295537,0.3797096779423118,-0.10832576001700568,0.0019665812441351993,0.04056299061843387,-2.481433143964585,1.2446886746156935,0
810,2024-09-20 20:21:27.424884033,0,013,0.05575683684047381,-0.06450798893656279,0.21288739490879735,-0.10393872148985825,0.022144678109719394,0.03985520181538161,-2.464881984637831,1.2107247797605305,0
811,2024-09-20 20:21:27.501347900,0,013,0.06504589334836895,-0.06518071591156516,0.05052670038050324,-0.09774893909228563,0.05643620301773075,0.034079115816876664,-2.394654340401821,1.1545911523213426,0
812,2024-09-20 20:21:27.563415039,0,013,0.08003022791207677,-0.06668883295609981,-0.10107686297168589,-0.09030618172215683,0.10324628772778185,0.023417681491221844,-2.27604734654155,1.0776591315965922,0
813,2024-09-20 20:21:27.631454102,0,013,0.0995992536792439,-0.06890238561536921,-0.23681823366775376,-0.08209269687370832,0.16010341659447871,0.00832655513267743,-2.1160841014744425,0.9820348055049177,0
814,2024-09-20 20:21:28.566322998,0,013,0.12240328736596862,-0.07167743597470373,-0.3529235317785519,-0.07347263245710146,0.22381066359424412,-0.010482984005189157,-1.9227410450095332,0.8703262875220626,0
815,2024-09-20 20:21:28.647005127,0,013,0.1469600151558393,-0.0748592163701383,-0.44694069578474116,-0.06469448454521,0.2907057221497219,-0.03209355976483961,-1.7042233612563011,0.7454359867183884,0
816,2024-09-20 20:21:28.709075928,0,013,0.1717540594788781,-0.0782806742930634,-0.5175973277355209,-0.05594595424841558,0.3569574482732691,-0.05544739908013253,-1.468384040526927,0.6104359370930438,0
817,2024-09-20 20:21:28.771131104,0,013,0.1953349856667253,-0.08176219649582277,-0.5645727468288093,-0.04743333860791912,0.41885483241103505,-0.07941793736302832,-1.222356915924831,0.4685583233221643,0
818,2024-09-20 20:21:28.851470947,0,013,0.21641801555983559,-0.0851181274369384,-0.5882286104777946,-0.0394582779555878,0.4730603611763309,-0.10288386672540341,-0.9724556940612498,0.3232750187413934,0
819,2024-09-20 20:21:28.910867920,0,013,0.23398320036322662,-0.08817019322124468,-0.5893988785128758,-0.0324636673255351,0.5167998174219451,-0.12479839397950858,-0.7242974328894626,0.17840019763996856,0
820,2024-09-20 20:21:28.986978027,0,013,0.24736633135421968,-0.0907633552220841,-0.5693655695877898,-0.02701340192527431,0.5479936864118805,-0.14424564181807203,-0.48287057964375035,0.03810578445531873,0
821,2024-09-20 20:21:29.930568848,0,013,0.2563260271238479,-0.09277855188616937,-0.5300008488245763,-0.0236962636779122,0.5653777242591398,-0.16048916197130925,-0.2522271606707796,-0.09328741572440546,0
822,2024-09-20 20:21:29.998378906,0,013,0.2610625561822279,-0.09413907124038091,-0.47387144304472456,-0.023000451414977457,0.5686439680604441,-0.1730243922574476,-0.03490368392753667,-0.211774991125021,0
823,2024-09-20 20:21:30.066126221,0,013,0.26217691402221044,-0.09481177368972614,-0.4041464555915889,-0.025222494416025594,0.5585702828628109,-0.18163236533609362,0.16840155816967545,-0.3142039292051108,0
824,2024-09-20 20:21:30.133876953,0,013,0.2605837336749758,-0.09480661452415684,-0.3243772337041544,-0.030429372424064557,0.5370702811544957,-0.1864124032454724,0.35845405839612765,-0.39858886458663173,0
825,2024-09-20 20:21:30.201594971,0,013,0.2574023367579382,-0.0941754707127744,-0.23832616841423399,-0.038454748490454285,0.5071060887324175,-0.1877672967992494,0.5364381641233199,-0.46408147057483273,0
826,2024-09-20 20:21:30.254124023,0,013,0.2538435471126455,-0.09300868510216795,-0.14991287058121683,-0.0489182877701067,0.4724386779288297,-0.18633260743063174,0.7027420600401283,-0.5107286528661658,0
827,2024-09-20 20:21:30.331816895,0,013,0.2510973686047018,-0.09142831719288136,-0.06321152480418017,-0.06126184616052727,0.437246409692414,-0.18287147297884174,0.8561883658425324,-0.5392479726030349,0
828,2024-09-20 20:21:31.275693848,0,013,0.2502167717861018,-0.08957762712806314,0.017590110872083075,-0.07477882645700766,0.4056979275551552,-0.17816716439715388,0.993922581893001,-0.5509179558064938,0
829,2024-09-20 20:21:31.337258056,0,013,0.25199438602768576,-0.0876049467952159,0.08832298811848312,-0.0886218883098989,0.38155797733609015,-0.17292994347340884,1.1116631896200133,-0.5475188059004162,0
830,2024-09-20 20:21:31.416048096,0,013,0.25684746226929595,-0.08564099734326576,0.14505445332064107,-0.10180588261093915,0.36785111315798974,-0.16772351232710167,1.2040171543157006,-0.5312315002525031,0
831,2024-09-20 20:21:31.483814941,0,013,0.2647455911905631,-0.08377402988888061,0.18430045499435857,-0.11322445787878921,0.3665823784689937,-0.16291706633075625,1.2649838296799205,-0.5044883530287386,0
832,2024-09-20 20:21:31.551531982,0,013,0.2752079335513101,-0.08203101930852061,0.20310335792167128,-0.12167936370863575,0.3785281023253814,-0.15866339586889883,1.2888532207562977,-0.46982473625698895,0
833,2024-09-20 20:21:31.619285156,0,013,0.28737069177962477,-0.08037086659045271,0.19894406441103357,-0.12592609731724524,0.40313072760425217,-0.15490030685863576,1.2713342075519,-0.4297611737343971,0
834,2024-09-20 20:21:31.674493896,0,013,0.3001097381923672,-0.07869032858873026,0.1696343510262542,-0.12475693345598109,0.43852939489299886,-0.15137920291717583,1.2106504627946006,-0.386741242781445,0
835,2024-09-20 20:21:32.605125977,0,013,0.31219113145076804,-0.07683819119243732,0.11338310317628188,-0.11712676919955833,0.4817289964123868,-0.14772288446517734,1.1085611926709842,-0.3431576073665131,0
836,2024-09-20 20:21:32.658468018,0,013,0.32240968628196126,-0.07463027729019928,0.029093161745103183,-0.10229179748465933,0.5288857599328282,-0.14350289579015496,0.9711457408414267,-0.3014155264396726,0
837,2024-09-20 20:21:32.735683838,0,013,0.32968967997588117,-0.07186149764788446,-0.08318634052020354,-0.07992986139777962,0.5756735962040155,-0.1383196362547859,0.8088662501796606,-0.26389425446723846,0
838,2024-09-20 20:21:32.797326172,0,013,0.33315371834188284,-0.06831797386104667,-0.22178875365592773,-0.050230146437608016,0.6176751199865158,-0.13186712100952436,0.6355680410307166,-0.23273727773018965,0
839,2024-09-20 20:21:32.875209961,0,013,0.33217837896411345,-0.06379412216398272,-0.3831136992326091,-0.013936910926796142,0.6507411981029345,-0.12396623687940786,0.466638368977902,-0.20956279875693165,0
840,2024-09-20 20:21:32.943813965,0,013,0.32644316597325046,-0.05811519536357555,-0.5615826597160423,0.027667105631381434,0.6713016732741942,-0.1145640983328533,0.316906174288385,-0.19523350039677362,0
841,2024-09-20 20:21:32.997939941,0,013,0.3159573434014808,-0.05115884409061122,-0.7498774204481572,0.07283299289460736,0.6766364469405592,-0.10372211700536721,0.19879835556468803,-0.18974490719796275,0
842,2024-09-20 20:21:33.947645020,0,013,0.3010392598721212,-0.042866524412926994,-0.9394587575420736,0.11946928695289499,0.6650897185948874,-0.0916203889792835,0.12103936703017378,-0.19222570647173157,0
843,2024-09-20 20:21:34.009282227,0,013,0.28224201223669715,-0.0332413319520304,-1.121349199559763,0.1653215064284698,0.6361689666161263,-0.07857270898837396,0.08803021768235919,-0.20102631397284024,0
844,2024-09-20 20:21:34.086937988,0,013,0.26024734914243763,-0.022336687923735214,-1.2870383725551675,0.2081889378594037,0.5904778959984398,-0.06501708236369748,0.09989646177132226,-0.21384714657923837,0
845,2024-09-20 20:21:34.156706055,0,013,0.23576176437033908,-0.010243445515015687,-1.4292664105927955,0.24612632129960194,0.5294997571445798,-0.05146418595726308,0.15296623046926108,-0.22785150681517796,0
846,2024-09-20 20:21:34.224416992,0,013,0.20944775410463676,0.0029175776475740063,-1.5424974962184523,0.27758224748308385,0.45531730470663095,-0.038426342621223776,0.24035578298331667,-0.23976758664154413,0
847,2024-09-20 20:21:34.292146973,0,013,0.18190387954581527,0.016994366543995627,-1.6230447887741324,0.3014586101380091,0.3703600695057736,-0.026362606301411528,0.35254707981340627,-0.24604558702573145,0
848,2024-09-20 20:21:34.348642090,0,013,0.1536713511370533,0.03179724850762149,-1.6689191161388421,0.3170980085276675,0.27720682337266195,-0.01565200874608133,0.47806468456808193,-0.2431200416236601,0
849,2024-09-20 20:21:35.269568115,0,013,0.12523319712724768,0.04709474387913573,-1.679541222164469,0.3242216569964185,0.17841383836077557,-0.006575834036657524,0.6043578849767955,-0.22776544107776858,0
850,2024-09-20 20:21:35.347086914,0,013,0.09699828352881171,0.06261636663350775,-1.6554972171721185,0.3228582835947908,0.0763511216906561,0.0007127407579453135,0.7188196579387107,-0.1974822943294839,0
851,2024-09-20 20:21:35.416337891,0,013,0.06928537375456387,0.07806165475989268,-1.5984448764837473,0.3132969306924213,-0.02692065282534583,0.006222975203778541,0.8097461566206672,-0.15084014466573936,0
852,2024-09-20 20:21:35.484064209,0,013,0.04231872902414968,0.09311328913345593,-1.511115365088905,0.2960606040682529,-0.12969194503241624,0.010136824604020215,0.8672085438860252,-0.08775992475500757,0
853,2024-09-20 20:21:35.547964111,0,013,0.01623236072830935,0.10745370982356366,-1.3972552263090856,0.2718738430299346,-0.23056274780356725,0.012784530551345454,0.8840743869457133,-0.00976982516325546,0
854,2024-09-20 20:21:35.619562012,0,013,-0.008925581551638046,0.12078434438303425,-1.2613783748091374,0.2416057917777519,-0.32834302577602326,0.014596932644507623,0.8572614294007161,0.07978914148664346,0
855,2024-09-20 20:21:35.687274902,0,013,-0.0331885441407939,0.13284505835765875,-1.1083185038370602,0.20619784887678566,-0.42192979787429025,0.016049146523149264,0.7888177352250694,0.1757309767392337,0
856,2024-09-20 20:21:36.630872070,0,013,-0.05665726872858225,0.14343187674855123,-0.942722797254887,0.16661082248783926,-0.5101974809379802,0.017607301246915646,0.6862513202835719,0.2712822932639436,0
857,2024-09-20 20:21:36.687118896,0,013,-0.0794661974676103,0.15241105793829882,-0.7687015914890348,0.12382861953036273,-0.5919220037002559,0.019683404986834498,0.5619234958127931,0.3586227993841203,0
858,2024-09-20 20:21:36.765225830,0,013,-0.10173266799308259,0.15972562898110365,-0.5897951548589992,0.07892280092701502,-0.6657360948503643,0.022591729858250628,0.4317796717874152,0.42957693643722583,0
859,2024-09-20 20:21:36.827298096,0,013,-0.1235029800749958,0.16539146646147207,-0.40926702314314645,0.033139632328680904,-0.7301110522398722,0.026501667614109055,0.3137459646034599,0.47631273780806777,0
860,2024-09-20 20:21:36.888339111,0,013,-0.14471040598983878,0.16948483167148665,-0.23054607282104048,-0.012045318782274056,-0.7833774873032245,0.03140032892973549,0.2259597648591083,0.49198980143207127,0
861,2024-09-20 20:21:36.966447998,0,013,-0.1651475364575719,0.17212547720419558,-0.057552705491568504,-0.054946008323478096,-0.8238015396920881,0.037086383693823936,0.18499662761632923,0.47134991979040003,0
862,2024-09-20 20:21:37.037391846,0,013,-0.1844489295468063,0.17345794467920564,0.10522810948680764,-0.09376377115710316,-0.8497164195453466,0.04320340143125642,0.20435314970080606,0.4112078884445995,0
863,2024-09-20 20:21:37.980031006,0,013,-0.20209413975013965,0.17363419355154674,0.2528446329106389,-0.12672552425811,-0.8597017036832338,0.04930645164208846,0.2934715919330613,0.3107533043117676,0
864,2024-09-20 20:21:38.047806885,0,013,-0.21744923839504296,0.17280276586293086,0.37999672115543764,-0.15220610410729885,-0.852797939590475,0.054949183256396084,0.45750477805204853,0.1715861993898996,0
865,2024-09-20 20:21:38.115520020,0,013,-0.22984081367508313,0.17110603636198057,0.4811706894526751,-0.16880970269970014,-0.8287108102485721,0.05976770704051246,0.6977431632889605,-0.0025109754033308426,0
866,2024-09-20 20:21:38.181583984,0,013,-0.23862872712748598,0.16867909090747904,0.5509535368848003,-0.17543291009591577,-0.7879356869858101,0.06352878830337245,1.0123203186467074,-0.20596737753382188,0
867,2024-09-20 20:21:38.243201904,0,013,-0.24325409772925993,0.16564327375113025,0.584618984161884,-0.17134453764980853,-0.7317742548981789,0.06612652269100665,1.3968306361803664,-0.4318712117298757,0
868,2024-09-20 20:21:38.307205811,0,013,-0.24327177321676827,0.16209655417275495,0.578808469354981,-0.15628499862699716,-0.6622802574235311,0.06754719687303957,1.844685194141227,-0.6724376608407009,0
869,2024-09-20 20:21:38.386538086,0,013,-0.23838551648079795,0.1581082091082223,0.5320346206019175,-0.1305542750254918,-0.5821806040874286,0.06783960217130026,2.3471003968616047,-0.9195126274326494,0
870,2024-09-20 20:21:39.329711914,0,013,-0.22848417482700895,0.15371977862300293,0.4449630097034726,-0.09506282626859792,-0.49476597104083697,0.06710914049222325,2.8927102768436614,-1.165044182313191,0
871,2024-09-20 20:21:39.397931152,0,013,-0.21366119252120816,0.14894714155969208,0.3206265278013276,-0.05134430782114895,-0.40371084210470115,0.06552259810400451,3.4669644971020683,-1.4013586138072591,0
872,2024-09-20 20:21:39.452871094,0,013,-0.19420525546215803,0.14377916789539025,0.16462245493922364,-0.0015320899637707391,-0.3128183394893144,0.06330169559575995,4.051570221221282,-1.621175401717923,0
873,2024-09-20 20:21:39.530092041,0,013,-0.17056392744362095,0.13817357082563198,-0.014834228035004966,0.05170993491243659,-0.2257363819070299,0.06069968208772008,4.624323907999062,-1.8175171772157201,0
874,2024-09-20 20:21:39.594145996,0,013,-0.14328959706565217,0.13205355012388764,-0.20714422802463095,0.10531281613391351,-0.14569679263194885,0.05797062940325859,5.1596949133398855,-1.9837376156933118,0
875,2024-09-20 20:21:39.668325928,0,013,-0.11297836107376293,0.12530947372339155,-0.39993053420768243,0.15598900894006826,-0.0753072751016393,0.05534246020261383,5.630271921018856,-2.113749810551063,0
876,2024-09-20 20:21:39.730809814,0,013,-0.08021202442921756,0.1178089697555019,-0.5800303082431435,0.20047617329937978,-0.01640914912134924,0.05299851516435345,6.008885292525582,-2.202410289371278,0
877,2024-09-20 20:21:40.668058105,0,013,-0.04551454316514479,0.1094151702280191,-0.7347853917699523,0.23581876833389584,0.029997868715983467,0.05106376962716957,6.271110490323488,-2.2460040215797874,0
878,2024-09-20 20:21:40.746670898,0,013,-0.009338728508993619,0.10000956913784724,-0.8534787565269734,0.2596498810680055,0.0637616722257516,0.04958696834439674,6.39775303533812,-2.2427592376706613,0
879,2024-09-20 20:21:40.808689209,0,013,0.027906604871159996,0.08951543212844254,-0.9286787511117176,0.27042176311689103,0.08550656799729105,0.048516117371344814,6.376863037445414,-2.1932528934302176,0
880,2024-09-20 20:21:40.870299072,0,013,0.06580190376851412,0.07791742038861095,-0.9571455265015458,0.26753491318350436,0.09649854720114574,0.047673695281148946,6.205070606423607,-2.1005649640687953,0
881,2024-09-20 20:21:40.948048096,0,013,0.10386347767446236,0.06527352613649484,-0.9400263867628444,0.25134205723678626,0.09849290032292553,0.0467410357910013,5.888228084489545,-1.9701202810501413,0
882,2024-09-20 20:21:41.010604980,0,013,0.14150966620433342,0.05171831946461643,-0.8823277857843741,0.223034563944286,0.09360342491392842,0.04526246233811176,5.441188671716391,-1.8092287016751176,0
883,2024-09-20 20:21:41.086585938,0,013,0.1780461348412558,0.03745833967723184,-0.7918582177225372,0.18443604123932814,0.08419949306879859,0.042676794360653865,4.886496157378687,-1.6263896968160263,0
884,2024-09-20 20:21:42.030187012,0,013,0.212666012333338,0.022759766066436617,-0.6779227010871298,0.13774454958306206,0.07280936125069028,0.03837467378737494,4.252099262419837,-1.4304945642584315,0
885,2024-09-20 20:21:42.087270020,0,013,0.24446201947975793,0.00793026738946368,-0.5500788505152705,0.0852814507760246,0.06198821284553213,0.03177394326595904,3.5685386843521956,-1.2300892985689398,0
886,2024-09-20 20:21:42.164424805,0,013,0.2724466187967026,-0.006699218288101191,-0.4171838991884338,0.029299758558675636,0.054125772672427755,0.022401924810505302,2.866107747522055,-1.0328109960407532,0
887,2024-09-20 20:21:42.226048828,0,013,0.2955840477121262,-0.02078777978069422,-0.2867856556463025,-0.028122461530129105,0.05122686887121219,0.009965962097458755,2.1724012655208194,-0.8450242908000742,0
888,2024-09-20 20:21:42.287552979,0,013,0.3128439451821784,-0.03399310769022036,-0.16479474902424457,-0.08511173031722465,0.05473509563097957,-0.005608916148590494,1.5105169178423576,-0.6716248511060458,0
889,2024-09-20 20:21:42.368864990,0,013,0.3232738990763705,-0.045979786288815286,-0.05538182182128183,-0.1399874123338026,0.06544987834167224,-0.024183373274284492,0.8979843473689394,-0.5159709318693995,0
890,2024-09-20 20:21:42.436606934,0,013,0.3260777190756207,-0.05643222014708837,0.03894096608940279,-0.19125122070909809,0.08354598644231412,-0.04543634907037517,0.3464343541953152,-0.3799406275494921,0
891,2024-09-20 20:21:43.339639893,0,013,0.32069378208608834,-0.06507346655394201,0.11714688741953216,-0.23760074546287152,0.10867909625584188,-0.06890496668352421,-0.13796637182944627,-0.2641332322322208,0
892,2024-09-20 20:21:43.416353027,0,013,0.3068740224438758,-0.07168658788736117,0.17954855303277995,-0.27796005153796477,0.14014585655906728,-0.09402016050606848,-0.5535031551118891,-0.16817104812364805,0
893,2024-09-20 20:21:43.477889160,0,013,0.2847529180828945,-0.07613343262956608,0.22771638894623902,-0.31150845822161266,0.17704243386252025,-0.120145205353325,-0.9017998569402221,-0.09096697487046194,0
894,2024-09-20 20:21:43.557954102,0,013,0.254881747107277,-0.07836653841718673,0.26437640427601294,-0.337697993475962,0.21835155099977593,-0.1466220461665283,-1.1869102525173822,-0.030862807476317873,0
895,2024-09-20 20:21:43.625677979,0,013,0.21820896371453125,-0.07843193088465941,0.2931624828658579,-0.3562580469535584,0.2629255029127435,-0.172809545534388,-1.4144918964803166,0.01430073022764715,0
896,2024-09-20 20:21:43.680519043,0,013,0.17601395839935,-0.07646445078155177,0.31820427816431957,-0.3671842747387959,0.30940829184528185,-0.1980958696542719,-1.5909301815741292,0.04706395228156198,0
897,2024-09-20 20:21:43.758626953,0,013,0.1298247841862614,-0.07267968180083699,0.34365918284310243,-0.3707130030850136,0.3561722685738371,-0.2218865624467629,-1.7225446163165303,0.07014130044003625,0
898,2024-09-20 20:21:44.696320068,0,013,0.08134398178000102,-0.06736397914380994,0.3732845418574025,-0.3672923692844999,0.40129945261577343,-0.24358001283603217,-1.8150299791961135,0.08615642473420373,0
899,2024-09-20 20:21:44.758356934,0,013,0.032377770383786135,-0.060860706385801835,0.4100412771220646,-0.35755458975840393,0.4425987409983003,-0.26254319576824126,-1.8731967786015058,0.09737330269627557,0
900,2024-09-20 20:21:44.841571045,0,013,-0.015250488590450225,-0.053551054072769826,0.4556801903756641,-0.3422735151380064,0.4776668980050866,-0.2781052590857548,-1.9010477593090167,0.10549360258679133,0
901,2024-09-20 20:21:44.897607178,0,013,-0.059809514840314805,-0.045828741933867385,0.5103391282933288,-0.3222922489582508,0.5040121924957188,-0.2895810745259338,-1.9020414618463786,0.11154799885198005,0
902,2024-09-20 20:21:44.974782959,0,013,-0.09978157347018908,-0.03806873218167097,0.5722640365503818,-0.29842896155837506,0.5192479502305233,-0.2963198139314319,-1.8791906694188953,0.1158521408652083,0
903,2024-09-20 20:21:45.036354980,0,013,-0.1339764093042104,-0.030594044842082644,0.6377387535153164,-0.27138513274774784,0.5213626290290337,-0.29776863392802794,-1.8348097521693894,0.11801948462616713,0
904,2024-09-20 20:21:45.112499023,0,013,-0.1616172129780619,-0.02364817307490478,0.7012194754208926,-0.2416804844338312,0.5090437440996636,-0.2935464477447354,-1.770121345575782,0.11707630475648009,0
905,2024-09-20 20:21:46.055391113,0,013,-0.1823828277218491,-0.01737899428914154,0.7556660562133172,-0.20963317070156293,0.48196007190975143,-0.2835176155970858,-1.6851306455214827,0.11171828567062993,0
906,2024-09-20 20:21:46.123171143,0,013,-0.19639449992875374,-0.01183731875374465,0.7931403430218371,-0.1753969980004077,0.44089281601926683,-0.2678503461638299,-1.579031543228816,0.10066768907097501,0
907,2024-09-20 20:21:46.189418945,0,013,-0.20414556760013355,-0.0069911683843264585,0.8057043750938941,-0.13905151153000586,0.387697716200525,-0.24705314892502653,-1.4510519525064156,0.0829936397784169,0
908,2024-09-20 20:21:46.251905029,0,013,-0.20639349376720723,-0.0027524692102543443,0.786440338310995,-0.10071373679335804,0.3251621258376358,-0.2219880049752564,-1.301327196301926,0.05824922871299989,0
909,2024-09-20 20:21:46.314041016,0,013,-0.20404661804317684,0.000991765854744508,0.7303221227303986,-0.060631642508016725,0.2568065086696935,-0.19385197508548474,-1.1313617708813146,0.0263915261949998,0
910,2024-09-20 20:21:46.391166992,0,013,-0.19806822902461668,0.004351159580973524,0.6348409467900238,-0.019242752833046092,0.18663966602444673,-0.1641186808872248,-0.9439382896334326,-0.01241007931145105,0
911,2024-09-20 20:21:46.453206055,0,013,-0.18940238924265165,0.007409782126303504,0.5004357062258371,0.022798695149269358,0.11889007701526355,-0.1344446455927997,-0.7427028041861289,-0.05792624081632727,0
912,2024-09-20 20:21:47.380477051,0,013,-0.17891692140566753,0.01021130994314095,0.33074228980279846,0.06461909139270071,0.05775607223977637,-0.10655521548883652,-0.5317608138853513,-0.10990504754577904,0
913,2024-09-20 20:21:47.441940186,0,013,-0.1673582510873633,0.012753134098950975,0.13260271279048283,0.10513725055089897,0.00718690518458546,-0.08212313990811299,-0.3154072543393789,-0.1680149298999065,0
914,2024-09-20 20:21:47.504039062,0,013,-0.15531561043416944,0.014989033770161505,-0.0842532698345244,0.14309101345339886,-0.029333704898120008,-0.06265004754431483,-0.09786412602637369,-0.23173006074373878,0
915,2024-09-20 20:21:47.583268799,0,013,-0.1431967201027029,0.01683664469180456,-0.3078855481441601,0.17709724769888607,-0.04902146393629907,-0.04935965958365657,0.11713408893552674,-0.3001703517748623,0
916,2024-09-20 20:21:47.645572021,0,013,-0.13121821528878133,0.018186074230012957,-0.5250618779826526,0.20575060814248392,-0.05001970068808489,-0.043107436918947986,0.32684083797397,-0.3719231168187182,0
917,2024-09-20 20:21:47.719197021,0,013,-0.1194112476874933,0.018909414429527493,-0.7222349279142048,0.22773853430403845,-0.031574810881366225,-0.04430864114937437,0.5297627821153373,-0.4449130748944297,0
918,2024-09-20 20:21:47.784791992,0,013,-0.10764516527630841,0.018873056361261794,-0.8864941110048866,0.24195291976351302,0.005871599450365615,-0.052890912732752836,0.7254798521110917,-0.5164014592760385,0
919,2024-09-20 20:21:48.730580078,0,013,-0.09567968709371771,0.017953760140658033,-1.0064528171942637,0.24759045040898706,0.0606834594703272,-0.06828514759861641,0.9142107265806486,-0.5831625721358425,0
920,2024-09-20 20:21:48.798355957,0,013,-0.08324743051894318,0.016055979897532647,-1.0729417435692319,0.24421903082238122,0.13013699765892434,-0.08946952005014226,1.096388771971979,-0.6417905218313052,0
921,2024-09-20 20:21:48.866074951,0,013,-0.07013796543125551,0.013123938015481253,-1.0793714569728767,0.2317790107015341,0.2106347998014622,-0.11506711136753908,1.272177121170192,-0.6889942365388844,0
922,2024-09-20 20:21:48.933791992,0,013,-0.05624105193647527,0.009143787468398449,-1.0217999012653274,0.21051651212185443,0.29798125738815806,-0.14347664418591574,1.440756285602004,-0.7217779075499693,0
923,2024-09-20 20:21:48.986214111,0,013,-0.04153957818069666,0.004140397029694123,-0.8988810317021707,0.18087978719397219,0.38765889928204306,-0.17300989322290328,1.5995302949383212,-0.7375431660854661,0
924,2024-09-20 20:21:49.063416016,0,013,-0.026080678276815015,-0.001822936946883259,-0.7118146269678006,0.14341916803692106,0.4750874440404633,-0.20201937207757256,1.7435983998311921,-0.7342055263735867,0
925,2024-09-20 20:21:49.124944824,0,013,-0.009949281026474226,-0.00864160519576737,-0.46430381977885893,0.09873150583602022,0.5558721147195329,-0.22900749047566177,1.865728145395947,-0.7103527162413743,0
926,2024-09-20 20:21:50.069104004,0,013,0.006752436697951964,-0.016169524303727128,-0.1625058419436857,0.04747681524959769,0.6260362601097965,-0.2527095913387706,1.956886436770816,-0.6654105690181477,0
927,2024-09-20 20:21:50.146318848,0,013,0.023917844941467616,-0.024224365176061344,0.1850339623867997,-0.009545982374411422,0.6822413558807054,-0.2721486582009187,2.0072679577370796,-0.599779012546091,0
928,2024-09-20 20:21:50.210293945,0,013,0.04143793121250534,-0.032597556991292145,0.5675031455547781,-0.0713077954583107,0.7220092501034715,-0.2866683236086956,2.007646344692575,-0.5149034398362656,0
929,2024-09-20 20:21:50.270416016,0,013,0.05919690523149378,-0.04106818534706101,0.9720587566209051,-0.13647771820445564,0.7439279078746568,-0.29594853360537626,1.9507601555589613,-0.41324949974225195,0
930,2024-09-20 20:21:50.347600098,0,013,0.07706453292281915,-0.04941848885265014,1.3842566283840505,-0.20339236729413915,0.7477831298048774,-0.29999645215235365,1.8324456658990214,-0.2981928345744782,0
931,2024-09-20 20:21:50.419361084,0,013,0.0948834689808632,-0.057448535612498845,1.7887450508854117,-0.2700836247420647,0.7345759139304041,-0.29910798993492754,1.652342740780023,-0.17386271715635263,0
932,2024-09-20 20:21:50.487113037,0,013,0.11245645048543544,-0.06498959252104883,2.1701997966097943,-0.33436557830696434,0.7064339942716015,-0.29381104637935546,1.4140898800389798,-0.04492850217078487,0
933,2024-09-20 20:21:51.422415039,0,013,0.12954592922475644,-0.0719144445185316,2.5143428243265573,-0.39396461394977106,0.6664399890154075,-0.28479974577084266,1.1249714657292103,0.08372446739867359,0
934,2024-09-20 20:21:51.498476074,0,013,0.14589487443785693,-0.07814053352974841,2.808847779879659,-0.44667894735478625,0.6183722089598875,-0.27285535224327656,0.7950378022154709,0.20743535216544398,0
935,2024-09-20 20:21:51.561312012,0,013,0.16126494806411734,-0.08362443390512474,3.044009798575064,-0.4905493543461722,0.5663505153746592,-0.25875793095695215,0.435820777139703,0.3222417583912258,0
936,2024-09-20 20:21:51.633915039,0,013,0.17547016588050057,-0.08834990829785196,3.213167043275671,-0.5240069638524879,0.5144202304215034,-0.24321326017871248,0.058931065575802126,0.4252676147332419,0
937,2024-09-20 20:21:51.691412109,0,013,0.18837452507766386,-0.0923109859039307,3.3129325851789186,-0.5459730617858655,0.4661353152645133,-0.22681573489008564,-0.3251391343917483,0.5149553305118737,0
938,2024-09-20 20:21:51.768611816,0,013,0.19983973964752008,-0.09549071823022724,3.3432825026630684,-0.555914496177883,0.4241942347036987,-0.21004619052490667,-0.7078755936690139,0.591123480067445,0
939,2024-09-20 20:21:51.830604004,0,013,0.2096427593652979,-0.09783989431535457,3.307475332133411,-0.553865269692431,0.390182774586515,-0.1932933778525242,-1.083293042228207,0.6548240791746803,0
940,2024-09-20 20:21:52.770960938,0,013,0.2174050393861675,-0.09926367523297049,3.211737451435417,-0.5404101933522328,0.36449142162750353,-0.17688856705463424,-1.4482470621422852,0.7080135915046749,0
941,2024-09-20 20:21:52.842477051,0,013,0.22257103289567023,-0.09962189408307788,3.0647194980408488,-0.5166258644349857,0.3464414677751948,-0.16114229782757988,-1.8025910554205997,0.7531520053623925,0
942,2024-09-20 20:21:52.916326904,0,013,0.2244410894298544,-0.09874113615254078,2.8768688990783904,-0.48399487909831357,0.33456564411976725,-0.14637535590163187,-2.149095457260955,0.7928389244786199,0
943,2024-09-20 20:21:52.972626953,0,013,0.2222356373320279,-0.0964316165325938,2.6598956671097085,-0.4443194699426031,0.32692941164260914,-0.13294185261023836,-2.4928078186582865,0.8294841710595159,0
944,2024-09-20 20:21:53.051786865,0,013,0.21517806494465033,-0.09250537852840424,2.4263698065348898,-0.39964200874728273,0.3214129241778087,-0.12124101586854183,-2.839673455817301,0.8649653283008604,0
945,2024-09-20 20:21:53.119544922,0,013,0.20260575824848984,-0.08679751349304654,2.189337991455699,-0.352152704817271,0.315947165017225,-0.11170957178988275,-3.1946391639828207,0.9002857925877594,0
946,2024-09-20 20:21:53.175399902,0,013,0.18410656400465364,-0.07918940681634856,1.9618224140433134,-0.30406121125859376,0.30871207769359005,-0.10478636530288925,-3.559707300956199,0.9353238009910051,0
947,2024-09-20 20:21:54.102791992,0,013,0.15964854220059024,-0.06962816944512279,1.7561438606980668,-0.25743434669288773,0.2982670798636552,-0.1008475467338005,-3.932463632154787,0.9687843703989053,0
948,2024-09-20 20:21:54.173072021,0,013,0.12966428971886967,-0.058138880956858346,1.5831046611200712,-0.2140317238041467,0.2835877660776691,-0.10012602076227925,-4.305461914081488,0.9983945304292655,0
949,2024-09-20 20:21:54.225508057,0,013,0.09506363810881541,-0.04483048206128998,1.4511250250839889,-0.17518064650044898,0.2640434224348879,-0.10264235185520376,-4.666520749785591,1.0212559468562958,0
950,2024-09-20 20:21:54.303390869,0,013,0.05716540022230043,-0.029895186412711303,1.365475357103178,-0.14171897441078507,0.23938498352499643,-0.10817157114262102,-4.999718829407508,1.0342132799820956,0
951,2024-09-20 20:21:54.365878174,0,013,0.017566707251435686,-0.013601248885068204,1.3277909392571838,-0.11401098079814119,0.2097766335811788,-0.11625743547164114,-5.286794146907118,1.0341569751826987,0
952,2024-09-20 20:21:54.444036865,0,013,-0.022006081650506083,0.003716732753454918,1.3360039562840615,-0.09201733254133619,0.17584793807805532,-0.12627271997347717,-5.508747054830688,1.018270524198421,0
953,2024-09-20 20:21:54.504639893,0,013,-0.059828131329656614,0.02166486907242957,1.384675236975443,-0.07538442698098924,0.1387317846519829,-0.13750980967161414,-5.647583095813343,0.9842729176702931,0
954,2024-09-20 20:21:55.451468018,0,013,-0.09428061264788865,0.039794887374461504,1.4656150202166718,-0.06352622243160118,0.10007666936321974,-0.14927454749621116,-5.688102501778172,0.9306746479098806,0
955,2024-09-20 20:21:55.521503905,0,013,-0.12393652000641046,0.05761265210359736,1.5687142944091084,-0.05570298028987433,0.06202474359112207,-0.16096003475621948,-5.619545318898639,0.8570035094770507,0
956,2024-09-20 20:21:55.574895996,0,013,-0.1476336987928211,0.07459551756917457,1.6829331427201626,-0.05111504074611074,0.02712985854037542,-0.17209380564176555,-5.436917697596717,0.7639471560390448,0
957,2024-09-20 20:21:55.654954834,0,013,-0.16453597421993094,0.09021821321289243,1.797328811960909,-0.0490046924846049,-0.0018024710620545073,-0.1823609709667306,-5.141918264215937,0.6534220935329382,0
958,2024-09-20 20:21:55.724782959,0,013,-0.17418022965076785,0.10398121909715434,1.901929539365582,-0.048732456010432475,-0.021950036928297553,-0.19160077027339625,-4.743441260224577,0.5286159118938851,0
959,2024-09-20 20:21:55.778125977,0,013,-0.17650568871669436,0.11543541347435403,1.988280363217674,-0.049799855600628384,-0.030777063335980244,-0.19977384641026233,-4.257523822921347,0.3939691797498804,0
960,2024-09-20 20:21:55.855377930,0,013,-0.17185741980852653,0.12420197806006181,2.0496269085369163,-0.05181917369019041,-0.026375844419673347,-0.20691121761836262,-3.7064892734444235,0.2549769742702865,0
961,2024-09-20 20:21:56.799177979,0,013,-0.1609524416573538,0.1299898291088401,2.0808465780013408,-0.05445350152121291,-0.007767934481135426,-0.21306524120933842,-3.11721985798179,0.11775884118150462,0
962,2024-09-20 20:21:56.864774902,0,013,-0.14480570017677602,0.13261017216458634,2.078294195800508,-0.057359462870421346,0.024911186291012723,-0.21827355427635195,-2.518750488673099,-0.01152906929540505,0
963,2024-09-20 20:21:56.939347900,0,013,-0.12463099182373463,0.13198472337485084,2.0397430570363753,-0.06016740363089377,0.07036565552000514,-0.22253241646802974,-1.9394913512602163,-0.1273372453589736,0
964,2024-09-20 20:21:57.000025879,0,013,-0.1017402808646206,0.12814697236607764,1.964544051734158,-0.06251840316907004,0.1262295099892023,-0.2257750876263596,-1.4045525768899663,-0.22532134768191753,0
965,2024-09-20 20:21:57.074844971,0,013,-0.07745831870165767,0.1212409497518674,1.8539445633973233,-0.0641417377283346,0.1892902359550179,-0.22785785504971176,-0.9336595343101862,-0.3027793834606859,0
966,2024-09-20 20:21:57.142581055,0,013,-0.053059816206276395,0.1115215545943112,1.7113559216317868,-0.06493254181371172,0.25581696655353314,-0.2285585691800507,-0.539785848978277,-0.3588516940929361,0
967,2024-09-20 20:21:57.200886963,0,013,-0.029728881151920426,0.09935420476697317,1.542374001539559,-0.06499348610203702,0.32193745256838396,-0.22759147625908546,-0.22841326897317454,-0.3944931533892955,0
968,2024-09-20 20:21:58.153906982,0,013,-0.00852975526733685,0.08520589330422823,1.35449274526912,-0.06462412851225646,0.3839832701882541,-0.22463647097859926,0.0025014967656875023,-0.41226751629008984,0
969,2024-09-20 20:21:58.221661133,0,013,0.009626647697981735,0.06962146977196501,1.156623394729309,-0.06427075447315032,0.4387140141852277,-0.2193743908401864,0.16165519439673223,-0.4159978809956808,0
970,2024-09-20 20:21:58.289335938,0,013,0.024023024159770194,0.05318785541665219,0.9586167836316538,-0.06447152767100987,0.4833999350360415,-0.2115272499958059,0.26251258753925577,-0.4102826552343658,0
971,2024-09-20 20:21:58.341780029,0,013,0.034171950530919426,0.03649530037846405,0.7708405733903964,-0.06581737278345819,0.515846641561578,-0.20091122422549634,0.3205353661097358,-0.3998923052415576,0
972,2024-09-20 20:21:58.419888916,0,013,0.03983754519925937,0.020102960506033708,0.6036321991904819,-0.06890963802144429,0.5344526623440041,-0.18749692875145732,0.3500605990006245,-0.38910886277498463,0
973,2024-09-20 20:21:58.481926025,0,013,0.04103565212672087,0.004511738396093723,0.46646099241536254,-0.07428469231701974,0.538300326366089,-0.17145322752715894,0.3616692035829389,-0.38113880405404604,0
974,2024-09-20 20:21:58.559187012,0,013,0.03800731243137334,-0.009854536269987915,0.3669053580637017,-0.0823111102096846,0.5272186364176701,-0.15315598621243134,0.36079056270669885,-0.3777510485372213,0
975,2024-09-20 20:21:59.500937012,0,013,0.031163387129858288,-0.02265918356621022,0.3097531606229757,-0.09309874533021821,0.5017793354650945,-0.13316273440642204,0.34782938698378896,-0.37921167287654295,0
976,2024-09-20 20:21:59.561398926,0,013,0.021008225875390297,-0.033654823924442,0.29648209480229815,-0.10645181316622007,0.46322816674838746,-0.11216255603467726,0.3194755675953961,-0.3844791766499487,0
977,2024-09-20 20:21:59.636577881,0,013,0.00806969673946399,-0.04268045749457117,0.32521475454046206,-0.1218720496810819,0.4133526027062767,-0.0909048988861272,0.2704195574496783,-0.39156416327889826,0
978,2024-09-20 20:21:59.698687988,0,013,-0.0071285557615014365,-0.04965747747905217,0.3911045398731985,-0.1386005011642266,0.3542857654721683,-0.07011312398378361,0.19482992895596277,-0.3979370848422108,0
979,2024-09-20 20:21:59.761174805,0,013,-0.02404262663717943,-0.05458635669542312,0.4870121706310943,-0.15568098836051125,0.2882762349441783,-0.05040272699987304,0.08753760787244344,-0.4009179598300558,0
980,2024-09-20 20:21:59.842778076,0,013,-0.04206396658117538,-0.05754156525287016,0.6043305179026583,-0.17204226372386835,0.21746262470794486,-0.03222492900862984,-0.054769465415698465,-0.3980743988420861,0
981,2024-09-20 20:21:59.900402100,0,013,-0.06049885665181682,-0.05866209771528998,0.733859638979503,-0.1866104826172706,0.14367527801694785,-0.015841562933392284,-0.23227956942391573,-0.38765291402191104,0
982,2024-09-20 20:22:00.830362061,0,013,-0.07858345922813588,-0.05814005159388483,0.866599435612755,-0.19844000756799177,0.06829755493124993,-0.0013299524738230577,-0.4410678678660158,-0.3689643001061059,0
983,2024-09-20 20:22:00.893793213,0,013,-0.09551471829511703,-0.05621232061079694,0.9943234272304371,-0.2068201665760578,-0.007763546852096293,0.011383961638465083,-0.6728518308031172,-0.3425498102840001,0
984,2024-09-20 20:22:00.956278076,0,013,-0.11048276629583098,-0.05315604084292754,1.1099616946706505,-0.21133466584563754,-0.08397806170644502,0.022473812158362416,-0.9158016625702919,-0.30998395941741974,0
985,2024-09-20 20:22:01.018353027,0,013,-0.12271145887183742,-0.049282810130036964,1.207939625310228,-0.21188205827937515,-0.16000793550148393,0.0321602663297039,-1.156298190553652,-0.2733851305528068,0
986,2024-09-20 20:22:01.095626221,0,013,-0.13151599632766442,-0.044926321257044585,1.2844884293607903,-0.20865871811186182,-0.2355073145375584,0.040671061600688174,-1.3809901983993833,-0.23491362527751047,0
987,2024-09-20 20:22:01.157177002,0,013,-0.13637349825745124,-0.04042213754874656,1.3377920838051482,-0.20209892221704817,-0.3099596673172944,0.04821466622120177,-1.578408720929383,-0.19646154950307146,0
988,2024-09-20 20:22:01.234410156,0,013,-0.13699185975767075,-0.03608299432299909,1.367903843296433,-0.19279174688288772,-0.3825872283136657,0.05496223056027623,-1.7398377189826335,-0.15951674816468542,0
989,2024-09-20 20:22:02.180407959,0,013,-0.1333577418228156,-0.03217624780196792,1.3764963561103267,-0.18141031953101217,-0.4523639694961786,0.0610343967979375,-1.8595127725737197,-0.12512757901746951,0
990,2024-09-20 20:22:02.248169922,0,013,-0.12574764562555896,-0.02891016344032877,1.3665097235775767,-0.1686699977582869,-0.5181266070740982,0.06649347410088524,-1.934322271006847,-0.09395756953147982,0
991,2024-09-20 20:22:02.307537109,0,013,-0.1147008720675939,-0.02643066175638551,1.341724656789056,-0.15530466332872025,-0.5787272991484804,0.0713424560311758,-1.9633069644804717,-0.06639262316239963,0
992,2024-09-20 20:22:02.369552979,0,013,-0.10097249656230697,-0.024823292451836964,1.3063346786034093,-0.14204441073659296,-0.6331659099605808,0.0755327676974222,-1.9473633636351466,-0.04259125533163075,0
993,2024-09-20 20:22:02.447218994,0,013,-0.08548786587933603,-0.024114029410820158,1.264638413333299,-0.1295933571168522,-0.6806691282050266,0.078982797788324,-1.889304800668807,-0.022412516107791956,0
994,2024-09-20 20:22:02.509666016,0,013,-0.0692971456317171,-0.024268523252234935,1.2208935249933475,-0.11861558796387542,-0.7207034213102251,0.08160292291475119,-1.7939581628273533,-0.005290971790369021,0
995,2024-09-20 20:22:02.571302002,0,013,-0.053506412545846704,-0.0251951995420142,1.179215995490869,-0.10972746082249399,-0.7529268594249566,0.08331528815033559,-1.6679571499067982,0.009818313900147514,0
996,2024-09-20 20:22:03.522985840,0,013,-0.039175443017575765,-0.02675569225971432,1.143345235095537,-0.1034796416004954,-0.7771169495829781,0.08405965675711785,-1.5193065845516092,0.024365934195769816,0
997,2024-09-20 20:22:03.588812012,0,013,-0.027206303395231834,-0.028779708512230686,1.1162134510155413,-0.10030952923034511,-0.7931166213299156,0.08378445080379271,-1.3569094594633477,0.04001598406896141,0
998,2024-09-20 20:22:03.663961914,0,013,-0.0182596377884726,-0.03107938602789435,1.09946051768114,-0.10047002693824775,-0.8007976444382285,0.08242349362946567,-1.1900978463328842,0.058381388779224996,0
999,2024-09-20 20:22:03.725997070,0,013,-0.012720351072758387,-0.03346110267775477,1.093137012257577,-0.10397555565737514,-0.800018624306467,0.07986064970199078,-1.028199627627781,0.0807541042897254,0
1000,2024-09-20 20:22:03.788018066,0,013,-0.01070820342998279,-0.035734752838437044,1.0957472907197747,-0.11060029687743857,-0.7905960408862273,0.07589725999466597,-0.8801511759833263,0.10789432420432202,0
1001,2024-09-20 20:22:03.869176025,0,013,-0.012105868738059205,-0.03772096076372322,1.1046111693258363,-0.1199230522701349,-0.7723318507290156,0.07024537566135154,-0.7541232747778285,0.13993013938714136,0
1002,2024-09-20 20:22:03.936904053,0,013,-0.016580920447705542,-0.03925700010995752,1.1164155326041103,-0.13139215282463915,-0.745086612800473,0.06255204460032314,-0.6572420345554442,0.17639651722472874,0
1003,2024-09-20 20:22:04.851311035,0,013,-0.02361385242989115,-0.04020132390399086,1.1277897616995531,-0.1443895889593206,-0.7088359596544411,0.05243759891002468,-0.5954931194593712,0.21638108734929606,0
1004,2024-09-20 20:22:04.913414062,0,013,-0.032565029807525334,-0.04043575339328566,1.1357623422158154,-0.15828250604891286,-0.6636905583177066,0.03953619145589573,-0.5736952598754587,0.25869758601503545,0
1005,2024-09-20 20:22:04.977177002,0,013,-0.042787226458898604,-0.039865735050636175,1.1380618603109645,-0.17246371812667577,-0.6099260585113184,0.02354407498896166,-0.5953627315127664,0.30202122355097116,0
1006,2024-09-20 20:22:05.054266846,0,013,-0.05375241991227841,-0.038420955353601474,1.1333090188040842,-0.18639695014492724,-0.5480518992159568,0.004281246763282447,-0.6624528693960491,0.34495322892908764,0
1007,2024-09-20 20:22:05.116753174,0,013,-0.06515398160506423,-0.036057761836025416,1.1211114237546451,-0.1996725254195905,-0.4788884697837075,-0.01824160371964613,-0.7751661722397475,0.38602889893970804,0
1008,2024-09-20 20:22:05.178767822,0,013,-0.07696004827502193,-0.03276200192244811,1.1019944027028874,-0.21204889401678065,-0.4036124981825881,-0.04377044276353591,-0.9319551020055991,0.4237373794235095,0
1009,2024-09-20 20:22:05.256016112,0,013,-0.08940694262824221,-0.028550206897705554,1.0771078185716612,-0.22344665382626228,-0.32374993261613316,-0.07178794632376906,-1.12977871606724,0.45661393546797197,0
1010,2024-09-20 20:22:06.205572998,0,013,-0.10293569187422782,-0.02346895546718227,1.0477793712707029,-0.23389176215197235,-0.24110297609232786,-0.10153078530737518,-1.3645207205545797,0.48339758080029627,0
1011,2024-09-20 20:22:06.261852051,0,013,-0.11809119299574954,-0.01759319053801614,1.0151226995047948,-0.24343830978418937,-0.1576224371101208,-0.13203604593131785,-1.6313910287192002,0.5031943868369885,0
1012,2024-09-20 20:22:06.339520996,0,013,-0.13540694631296923,-0.01102320026929741,0.9798881826970467,-0.25210258455560053,-0.07528138070517962,-0.16220592179214155,-1.9251517343088875,0.5155898492858305,0
1013,2024-09-20 20:22:06.401180908,0,013,-0.15529284941887248,-0.0038784950464742407,0.9425541496331424,-0.25981349271963133,0.003988751060594186,-0.19088309869771672,-2.240153037508181,0.5207029371026525,0
1014,2024-09-20 20:22:06.463212891,0,013,-0.17794478600659083,0.0037129959926834022,0.9034755616745478,-0.266363460022688,0.07829330953185172,-0.21693357068180255,-2.570255168078033,0.5192116032017858,0
1015,2024-09-20 20:22:06.544235840,0,013,-0.20329258565867395,0.011629174735266746,0.862894612702963,-0.2713519285618051,0.14575507675810465,-0.2393330326843945,-2.9087279046411583,0.512351993541263,0
1016,2024-09-20 20:22:06.611291992,0,013,-0.2309859904579192,0.01976716096274237,0.8207257028812199,-0.27413677982664814,0.2045489022789725,-0.25724709789631467,-3.248246828471419,0.5018514892127977,0
1017,2024-09-20 20:22:07.553275146,0,013,-0.2604052461740494,0.028050836202806403,0.7761626872586158,-0.2738230624388926,0.25302201767359833,-0.27009190169391195,-3.581052092700265,0.4897735073648129,0
1018,2024-09-20 20:22:07.623404053,0,013,-0.2906905579543255,0.03642995361541306,0.7272928444609581,-0.2693140593853187,0.289865712503791,-0.2775603526513508,-3.8991748941996174,0.4783035168106628,0
1019,2024-09-20 20:22:07.691113037,0,013,-0.32079311386613224,0.044872024154592044,0.6709347044597436,-0.25942679258449575,0.31425075910465694,-0.27960069822942407,-4.194558172131612,0.4695239055412651,0
1020,2024-09-20 20:22:07.758861084,0,013,-0.3495431800689259,0.05335044873288696,0.602776156880192,-0.24304397664561386,0.3258478300507175,-0.27635149031769374,-4.458986374945677,0.4652100927423959,0
1021,2024-09-20 20:22:07.826558105,0,013,-0.3757294485264256,0.06183327026742473,0.5177498932885239,-0.21925934287720808,0.3247265090555662,-0.26806550460027817,-4.683932990811877,0.4666783929664328,0
1022,2024-09-20 20:22:07.893233154,0,013,-0.398193032305355,0.07027667262904913,0.4106099464116608,-0.18748743810115473,0.311202797497643,-0.25505999747957686,-4.860606824187252,0.4747279802995768,0
1023,2024-09-20 20:22:07.954466064,0,013,-0.41593225981676596,0.07862365826958619,0.27672845830932413,-0.147540779246846,0.2857343906534132,-0.23770235701978065,-4.980421007952882,0.4896863866868797,0
1024,2024-09-20 20:22:08.896825928,0,013,-0.4281974730624627,0.08680404838332213,0.1130484126902296,-0.09969425124395459,0.24892828928708302,-0.21641392439510224,-5.035808645930526,0.5114893587799303,0
1025,2024-09-20 20:22:08.959319092,0,013,-0.4345588980375835,0.09473300882822547,-0.08099061841051515,-0.04474562185115557,0.20164305156915313,-0.1916756998751609,-5.021054341864816,0.5397097897257039,0
1026,2024-09-20 20:22:09.037379883,0,013,-0.4349498604440092,0.10231046628405814,-0.30276493115654884,0.015942772440054587,0.14511203417509,-0.1640336471510597,-4.9328305488184725,0.573536194139843,0
1027,2024-09-20 20:22:09.098892822,0,013,-0.42969472094465233,0.1094264418979344,-0.5462065729633611,0.08045743837405851,0.08102834666528709,-0.13410526021405433,-4.770335647120076,0.611757139254066,0
1028,2024-09-20 20:22:09.176568115,0,013,-0.4195195443404354,0.11597407629992411,-0.8020862189114824,0.14643751543026787,0.011561206763313051,-0.10258158104864393,-4.535119126339916,0.6527558362016228,0
1029,2024-09-20 20:22:09.238195801,0,013,-0.40552623376826,0.12186521803121418,-1.0587865715666556,0.2112668819936537,-0.060717223285127415,-0.07021508063872851,-4.230804217744932,0.6944828527586773,0
1030,2024-09-20 20:22:09.299766113,0,013,-0.38910396082018345,0.12703958591460837,-1.303349200905337,0.27230593447114715,-0.13298799884268075,-0.03778984167390091,-3.8629684231266435,0.7344451768752014,0
1031,2024-09-20 20:22:10.251687012,0,013,-0.37176928058803516,0.13146284770716263,-1.5225514639371296,0.32710091154548826,-0.20237688729258757,-0.006078183819902909,-3.4392941353170716,0.7698092957452083,0
1032,2024-09-20 20:22:10.323542969,0,013,-0.3549604180957696,0.13511680678274082,-1.703860366435746,0.3735367532296342,-0.26613273495052614,0.024207265578603407,-2.969824269773928,0.7976743511850836,0
1033,2024-09-20 20:22:10.391258056,0,013,-0.33983897727530266,0.1379888110330418,-1.836202933433466,0.4099398490938687,-0.3217861172079635,0.052454795249493584,-2.467062582493849,0.8154939623852038,0
1034,2024-09-20 20:22:10.453387939,0,013,-0.3271622513132602,0.14006807542704497,-1.9105711803506429,0.43515518412172394,-0.3673052305056174,0.07818005835792483,-1.9458229432136283,0.8215445355721519,0
1035,2024-09-20 20:22:10.514965088,0,013,-0.31726597632654835,0.1413538331071641,-1.9205482224912793,0.44861074188038175,-0.40123887817713166,0.10103727033522135,-1.42286083781918,0.8152683818106905,0
1036,2024-09-20 20:22:10.593995117,0,013,-0.31014040413529365,0.14187172515493282,-1.8627929927933184,0.4503537313197457,-0.42280962228108415,0.12082275579360091,-0.9162428213122432,0.7973633217588472,0
1037,2024-09-20 20:22:10.659668945,0,013,-0.30554290735107426,0.14168796065050918,-1.7373748121986359,0.4410237033564111,-0.4319425558911776,0.1374824706602806,-0.44435356031497786,0.7696489895363695,0
1038,2024-09-20 20:22:11.606395020,0,013,-0.3030975470849186,0.14091302599762176,-1.5478135014604184,0.42174673822863706,-0.4292456633810763,0.15112749803094966,-0.024606749284976834,0.7348321366492889,0
1039,2024-09-20 20:22:11.674115967,0,013,-0.30235576103902834,0.1396932100232221,-1.3007969472819694,0.3939812560814864,-0.41594536925121206,0.16204545975032195,0.3278663356859297,0.6962392311068009,0
1040,2024-09-20 20:22:11.735433105,0,013,-0.3028171862315519,0.1381928006770378,-1.0056723777618006,0.35937017181423997,-0.39376177313150335,0.17068723535408994,0.601304312651471,0.6575247462062328,0
1041,2024-09-20 20:22:11.797445068,0,013,-0.30393408498333674,0.1365714871351794,-0.6738620087397377,0.3196363215343762,-0.36473832239140064,0.17761923885327388,0.7880924306875953,0.6223854162270143,0
1042,2024-09-20 20:22:11.874628906,0,013,-0.3051248684137325,0.13496097714976815,-0.31832731946979287,0.2765244781515237,-0.33108196809180573,0.18345365282225362,0.8851800144172848,0.5943300169480679,0
1043,2024-09-20 20:22:11.936650879,0,013,-0.30580320730115707,0.13344480071738613,0.04688071914822097,0.23177740060965454,-0.2950392352751646,0.1887747179571935,0.8941253778324714,0.5765040694930669,0
1044,2024-09-20 20:22:11.998761963,0,013,-0.3054153950716699,0.13204618294191042,0.4070349334842363,0.187133236845402,-0.2587607704209309,0.1940657942224587,0.8208821226975025,0.5715050152699915,0
1045,2024-09-20 20:22:12.917200928,0,013,-0.3034769278870161,0.13072738488671426,0.7472177444172113,0.1443173650546883,-0.22410783392370198,0.19964148263770462,0.6754254637692743,0.5811245061595396,0
1046,2024-09-20 20:22:12.994887207,0,013,-0.2996026742521417,0.12939962744191488,1.0529956371247828,0.10498833741910679,-0.192435725068289,0.2056016585302163,0.4711943944719818,0.6060271574896825,0
1047,2024-09-20 20:22:13.056886963,0,013,-0.2935268140883623,0.1279392109355328,1.3112997117536171,0.07062697358956804,-0.16443964912806863,0.2118194327603851,0.22433712231920988,0.645461884500636,0
1048,2024-09-20 20:22:13.118921143,0,013,-0.28510522750461226,0.12620511338048762,1.5113801242952816,0.042404986561050226,-0.14012772807611346,0.2179616373610959,-0.04721071642627711,0.6971282136969765,0
1049,2024-09-20 20:22:13.201503905,0,013,-0.27429599359415946,0.12405560875268717,1.6456185773488334,0.02108125664901084,-0.1189469844554715,0.22354244525215788,-0.3248040173785317,0.7572608231981721,0
1050,2024-09-20 20:22:13.269237061,0,013,-0.2611315765828103,0.12136414597011685,1.709995762459186,0.006950806804489178,-0.10004044000910296,0.22801002469625561,-0.5902082422769902,0.8209075173013667,0
1051,2024-09-20 20:22:13.336263916,0,013,-0.24570568487351221,0.11803501638093776,1.7041450948155976,-0.00015777401258746241,-0.082553147684701,0.23084764365007765,-0.8265313335678719,0.8823314076891315,0
1052,2024-09-20 20:22:14.279416992,0,013,-0.22818102697931722,0.1140163597940357,1.6311214173996968,-0.0008554586322828744,-0.06589010216619903,0.23165896291222463,-1.0188799253750145,0.935471100493857,0
1053,2024-09-20 20:22:14.337464111,0,013,-0.2088033734016759,0.10930558829451187,1.4970378507249529,0.0038581857139408987,-0.04987392125213361,0.23021617670013234,-1.1548539679979053,0.9744113114651813,0
1054,2024-09-20 20:22:14.399531982,0,013,-0.18790268948709923,0.10394396240967801,1.3105647343226192,0.012689238358596104,-0.034785045498436355,0.2264658877627588,-1.224981025029439,0.9938471004396263,0
1055,2024-09-20 20:22:14.476258056,0,013,-0.16587101350718203,0.0980017743003088,1.0822402933166,0.024197549487726563,-0.021264008916345778,0.22050053682850645,-1.2231003890923433,0.9895307684608321,0
1056,2024-09-20 20:22:14.550358154,0,013,-0.1431250638684774,0.09156021584902545,0.8236767257916644,0.0369693861077458,-0.010078889940718695,0.2125107951643585,-1.1467194339031224,0.9586483336006975,0
1057,2024-09-20 20:22:14.618108887,0,013,-0.12007797420422506,0.08469794777493857,0.5468245682883279,0.04976785209637716,-0.0018427553318546913,0.20273740113094207,-0.997434436035182,0.9000774238608555,0
1058,2024-09-20 20:22:14.685890869,0,013,-0.09714276472866053,0.07748855713184054,0.2633901055576461,0.06163399347678444,0.0031936214825261456,0.19143776795147036,-0.7814556982098751,0.8145475249560475,0
1059,2024-09-20 20:22:15.604873047,0,013,-0.074769733303316,0.07000962476445809,-0.01559624800220779,0.07193141651547265,0.00522187969169215,0.17887175147728665,-0.5100414580576162,0.7047206471475858,0
1060,2024-09-20 20:22:15.672867920,0,013,-0.053496004837639256,0.06235729148866206,-0.2801041402728053,0.08033807808857894,0.004869110480769371,0.16529868495178737,-0.19947033545877244,0.575123715745443,0
1061,2024-09-20 20:22:15.731895996,0,013,-0.03397773108412446,0.054657451039958144,-0.52137398176076,0.08680375177394847,0.003151069951836518,0.15097349015194023,0.12969425593429787,0.43184335414753877,0
1062,2024-09-20 20:22:15.794503905,0,013,-0.016988089606498433,0.04706798489685198,-0.7321755477374113,0.09149714244554766,0.0013835760777887137,0.13613669632230563,0.4539919598744361,0.2819930580666851,0
1063,2024-09-20 20:22:15.876061035,0,013,-0.0033794448597886774,0.03977110169772972,-0.9070469814000911,0.09475477551769047,0.0010310754176812325,0.121002568565453,0.7488520740233271,0.13306728672332177,0
1064,2024-09-20 20:22:15.933322021,0,013,0.005986301261512118,0.03295752998637092,-1.042450116030188,0.09702974301769801,0.003518136022366225,0.1057496293410179,0.990512519285989,-0.007682681721049992,0
1065,2024-09-20 20:22:16.011016112,0,013,0.01033455822018449,0.026805734452055346,-1.1367574317415434,0.09882912134265685,0.01007328632973928,0.09051412505527709,1.1578746415969314,-0.13374493264733972,0
1066,2024-09-20 20:22:16.942559082,0,013,0.009094303790719354,0.02145950470641445,-1.190062691286787,0.10063744351226589,0.021641926673374876,0.07538897494695831,1.2341625953319537,-0.23967133771296906,0
1067,2024-09-20 20:22:17.020247070,0,013,0.002014606888972575,0.017006649959615875,-1.2039398156841874,0.10285455437633101,0.038850036320821485,0.060431034510216405,1.208268419782256,-0.32128663965002635,0
1068,2024-09-20 20:22:17.090639893,0,013,-0.010754149457927992,0.013462897890810933,-1.1812690582991416,0.10578229439138119,0.06199240180697435,0.04567325556373555,1.0756335220382975,-0.3758535914227737,0
1069,2024-09-20 20:22:17.144319092,0,013,-0.028652040580617367,0.010767092232924705,-1.126090217610665,0.10965001005424165,0.09102631745687347,0.031136265376884104,0.8385158733077368,-0.4021417247743314,0
1070,2024-09-20 20:22:17.223172852,0,013,-0.05078233463973119,0.0087905954575577,-1.043357895520768,0.1146335909350623,0.12555333306027852,0.016838359336229864,0.5055821752986626,-0.4003057042138891,0
1071,2024-09-20 20:22:17.285212891,0,013,-0.07602970814890793,0.007356754022100231,-0.9385689030536052,0.12084347775828785,0.16479879179079368,0.002804516251729105,0.09095004496566639,-0.3716440176947567,0
1072,2024-09-20 20:22:17.347700195,0,013,-0.103174335181434,0.006263269046311143,-0.8173502584943496,0.12829158250343048,0.2076246725276835,-0.010924502388697185,-0.38701303932373554,-0.31843320192732155,0
1073,2024-09-20 20:22:18.300008057,0,013,-0.1309787362213618,0.005303146195327873,-0.6850624113357701,0.1368474413044311,0.2525788851670815,-0.02427548269112266,-0.906819395924741,-0.24392048024099294,0
1074,2024-09-20 20:22:18.373043945,0,013,-0.1582542630626617,0.004283231035102417,-0.5463877476785665,0.1461870959111814,0.29793908626607596,-0.037110933309522795,-1.4448397669090465,-0.15236132693386378,0
1075,2024-09-20 20:22:18.439276855,0,013,-0.18391685635037044,0.0030394311464250747,-0.4049510296420537,0.15576018148732781,0.34173620905990193,-0.04919576873747966,-1.9763180118216734,-0.04892842129913696,0
1076,2024-09-20 20:22:18.500879883,0,013,-0.20703286370741356,0.001447295441286506,-0.26314380614666766,0.1648170908429326,0.38180039911212305,-0.06019262755019084,-2.476600766010049,0.060578461510661374,0
1077,2024-09-20 20:22:18.563852051,0,013,-0.2268564370769544,-0.0005712426526378582,-0.12225603390642904,0.17250785957342665,0.4158630223609245,-0.06969445672337951,-2.922530053743512,0.170156277405379,0
1078,2024-09-20 20:22:18.635217041,0,013,-0.2428601096444943,-0.0030438132102391857,0.01716537792572992,0.1780189268461345,0.44169995762229114,-0.0772736997696457,-3.293797469200248,0.27402339989917834,0
1079,2024-09-20 20:22:18.711632080,0,013,-0.25475147668301795,-0.005949403495021141,0.15489842602209997,0.18069748409186873,0.45729142844330023,-0.082530163150136,-3.574053810546694,0.36690246288576434,0
1080,2024-09-20 20:22:19.649730957,0,013,-0.2624670674270207,-0.00922989827236208,0.29070987649299307,0.1801198937180934,0.46098522739821013,-0.08513275787637303,-3.751564485585171,0.44407678249302707,0
1081,2024-09-20 20:22:19.711751953,0,013,-0.2661472688061581,-0.01280781660141069,0.42416173733711415,0.1760856850438991,0.45164468542604397,-0.08485171549864835,-3.8192432391881517,0.5012854050430327,0
1082,2024-09-20 20:22:19.789375977,0,013,-0.2661052359370778,-0.01660139703883827,0.5545109396474095,0.1685688567697586,0.4287569758076793,-0.08157955256148111,-3.774188134908104,0.5346491859321005,0
1083,2024-09-20 20:22:19.850878906,0,013,-0.262794297921314,-0.020532534842794256,0.6806095364595138,0.15768704174113854,0.3924855369128162,-0.07534141172876777,-3.6172231163830735,0.5407859743755264,0
1084,2024-09-20 20:22:19.926289062,0,013,-0.2567678353719465,-0.024529572948351005,0.8007913856872806,0.14371079774579615,0.3436716411993303,-0.06629687948503381,-3.3529378708861723,0.5171358154515547,0
1085,2024-09-20 20:22:19.989635986,0,013,-0.24862824303201503,-0.028529231610944353,0.9127789298826472,0.1270880847899215,0.28381579784967964,-0.05474063942132154,-2.9902485727807244,0.4624293320767514,0
1086,2024-09-20 20:22:20.051711182,0,013,-0.2389713595397797,-0.03248167834106673,1.0135626744295547,0.10846994632526791,0.21506024677876837,-0.041101339742163116,-2.542977313116155,0.37719444061726676,0
1087,2024-09-20 20:22:21.001868896,0,013,-0.22833947784421404,-0.03635961977660718,1.099199824984738,0.0887413684688188,0.14014869416044481,-0.025920171833923217,-2.029816892504014,0.2641629849544094,0
1088,2024-09-20 20:22:21.064979980,0,013,-0.2171900135174541,-0.04016788497418642,1.164669379942978,0.06903122662254163,0.06232607674855306,-0.00980142411592873,-1.4734574259228772,0.1284524966093149,0
1089,2024-09-20 20:22:21.127466064,0,013,-0.20586974334223948,-0.04395035813169488,1.2040526531266693,0.050654578866643776,-0.01482398623790149,0.00664120321660634,-0.8991612647672653,-0.022560723765912775,0
1090,2024-09-20 20:22:21.204620117,0,013,-0.19458058571497056,-0.047795062809982705,1.211171881414365,0.03497959812011085,-0.0875778492324731,0.022813903649726346,-0.3331643523083745,-0.17972546829458017,0
1091,2024-09-20 20:22:21.266625977,0,013,-0.18334146694580372,-0.051838684702062744,1.1805516213601477,0.023264731950364704,-0.1522822138660221,0.038143921968545554,0.19893021046787504,-0.33291833065556936,0
1092,2024-09-20 20:22:21.329571045,0,013,-0.1719657613858366,-0.0562689788121947,1.1083843128200912,0.01652326288396091,-0.20556385409116326,0.05207100788234846,0.6737582777205154,-0.4720300314698872,0
1093,2024-09-20 20:22:21.411906982,0,013,-0.16006787771496137,-0.06132238853179737,0.9932173024475259,0.015438820011690025,-0.24453063724109284,0.06404875676969399,1.0718169936423683,-0.5879910032615162,0
1094,2024-09-20 20:22:22.343916992,0,013,-0.14710176681554527,-0.06727473477624384,0.8363138017174965,0.020314965689575505,-0.26695061064195513,0.0735603625892462,1.379030726006429,-0.6737194404557705,0
1095,2024-09-20 20:22:22.421081055,0,013,-0.13243026359133522,-0.07442255734405101,0.6418011263467691,0.031038354438795317,-0.2713934229771616,0.08014305880406941,1.588056314470862,-0.724873147162591,0
1096,2024-09-20 20:22:22.490989990,0,013,-0.11541392199318014,-0.08305476617803567,0.4166199191203357,0.04706520350476789,-0.2573201376947772,0.08341807455601387,1.6991084557315486,-0.7403019635477289,0
1097,2024-09-20 20:22:22.545152100,0,013,-0.09549262488446321,-0.09342010385906939,0.17015323352884124,0.06745612451876129,-0.22510072588302865,0.08312130662869335,1.7201631945123725,-0.7221499532971428,0
1098,2024-09-20 20:22:22.626447021,0,013,-0.07223929943017861,-0.10569797444119543,-0.08647376183166831,0.09095600794719406,-0.17594634048899363,0.07912450020998721,1.6664470960660538,-0.6756148655551354,0
1099,2024-09-20 20:22:22.678908203,0,013,-0.04539041487627316,-0.11997570533206424,-0.34120387442362365,0.11607989194143908,-0.11178546441077901,0.07144513907001994,1.5591643378685283,-0.6084128046588455,0
1100,2024-09-20 20:22:22.756370117,0,013,-0.01486878707915029,-0.13623220223110508,-0.581760889815432,0.14117880100590674,-0.035133346818866214,0.06025334782745267,1.4235045815179257,-0.5299903028442036,0
1101,2024-09-20 20:22:23.679622803,0,013,0.019197395710354122,-0.1543292396157349,-0.7963037651780409,0.1645086183522258,0.05102196221135739,0.04588060649583881,1.2861335562328164,-0.4505201522471129,0
1102,2024-09-20 20:22:23.741138916,0,013,0.05646806366741314,-0.17401209906452592,-0.9741537535992023,0.18433850288022044,0.14330857359852434,0.02883130784007135,1.1725574431395667,-0.3797947452290407,0
1103,2024-09-20 20:22:23.802746094,0,013,0.09641004139910421,-0.194920539843366,-1.1065646591163112,0.1990964102288054,0.2380294886688262,0.009795812291004853,1.1048132565544648,-0.3262196923690757,0
1104,2024-09-20 20:22:23.883873047,0,013,0.13834925910732115,-0.21661143985011935,-1.1873776815428791,0.2075171346182227,0.33122131416936984,-0.010346817325623986,1.0997705054060167,-0.2960801153665401,0
1105,2024-09-20 20:22:23.951607910,0,013,0.18154214384968162,-0.2385910411849269,-1.213453373575678,0.20876419695782886,0.41877909783007233,-0.030556740815889955,1.1680919823515448,-0.29314515553787257,0
1106,2024-09-20 20:22:24.010494873,0,013,0.22522852708371963,-0.2603482066739887,-1.1848908427338916,0.20251622162440625,0.49669785094465657,-0.04970874064341289,1.313816006903082,-0.31860867533732296,0
1107,2024-09-20 20:22:24.087085938,0,013,0.26864736476606066,-0.28138189051412915,-1.1051081807201704,0.18901990205442074,0.5614204592305339,-0.06671604102576632,1.5345194402277011,-0.3713218775763163,0
1108,2024-09-20 20:22:25.024666992,0,013,0.3110404383729646,-0.30122460575831483,-0.9808301351230089,0.16910940826215856,0.6102174374204898,-0.0806770844658149,1.8219476653099298,-0.44821180281892026,0
1109,2024-09-20 20:22:25.088686035,0,013,0.3516736357535247,-0.31946512030604574,-0.8219331370725725,0.14417896288177656,0.6415049857235767,-0.0909994883802759,2.162911851427114,-0.5447477920174678,0
1110,2024-09-20 20:22:25.165176025,0,013,0.3898761891620756,-0.3357687287731793,-0.6410015496255741,0.11608885977112635,0.6550426714381521,-0.09746443853530606,2.5402292128781023,-0.6553482064552218,0
1111,2024-09-20 20:22:25.233376953,0,013,0.4250830529755229,-0.34989148436349865,-0.45247302369495074,0.08700051249093878,0.6519838171317771,-0.10022622253921148,2.933621759379065,-0.7736866294173377,0
1112,2024-09-20 20:22:25.301126953,0,013,0.4568636053744737,-0.3616844096228372,-0.27145060398649884,0.0591670846354299,0.6347523649011738,-0.09976220269936846,3.3207708089043266,-0.8929399476259889,0
1113,2024-09-20 20:22:25.368179199,0,013,0.4849220752891321,-0.37108407337073757,-0.112442564822308,0.03472683814349449,0.6067509120738694,-0.09679073792768088,3.678737617955693,-1.0060795253392543,0
1114,2024-09-20 20:22:25.429073975,0,013,0.5090720934468344,-0.37809154998904776,0.011749016031057234,0.015534862680024002,0.5719741151247043,-0.09217738692886689,3.9855947093009583,-1.1062818686237392,0
1115,2024-09-20 20:22:26.355733887,0,013,0.5292076022179455,-0.3827481243268751,0.09092389125065918,0.003036780867842082,0.5346122294603451,-0.08685015141034647,4.221874950914152,-1.18741952574698,0
1116,2024-09-20 20:22:26.414343018,0,013,0.5452967106279784,-0.3851155448310034,0.1181515991476757,-0.0018324435765074121,0.4986751794875248,-0.08172979933552586,4.37165105915927,-1.2444993886886773,0
1117,2024-09-20 20:22:26.491239990,0,013,0.5574155288842737,-0.3852640442071209,0.0901642939612262,0.001265344496542619,0.46765205761527434,-0.0776652567296568,4.423402846520856,-1.2739590383661366,0
1118,2024-09-20 20:22:26.556242920,0,013,0.5658178642760667,-0.3832678793275611,0.007451342289920094,0.0120100680182278,0.4442462340554164,-0.07536508651025092,4.370807197088261,-1.2738240560084158,0
1119,2024-09-20 20:22:26.626743164,0,013,0.5710107273826885,-0.3792060729716536,-0.12586240820663933,0.029408528333242097,0.43021393408626174,-0.07533073236921524,4.213255017969622,-1.2437505028085765,0
1120,2024-09-20 20:22:26.692177002,0,013,0.5737954895971991,-0.37316520474889303,-0.3022640824601937,0.05185187258208621,0.4263027149179973,-0.07781024457895433,3.9558476696145872,-1.1849706628795214,0
1121,2024-09-20 20:22:26.753733887,0,013,0.5752470360123885,-0.3652411098309307,-0.511286434706978,0.0772675936939746,0.432288041355689,-0.08278999689393919,3.608894959752324,-1.1001623262577953,0
1122,2024-09-20 20:22:27.706264893,0,013,0.576623927770144,-0.35553672447522755,-0.7402704051136787,0.10336053634538865,0.44710341173002055,-0.09002352440941434,3.187054632792085,-0.9932589255104284,0
1123,2024-09-20 20:22:27.769572998,0,013,0.5792230090582265,-0.3441558065464888,-0.9754575458404958,0.12788943139328815,0.46902393535210596,-0.09907407131125741,2.708232523696097,-0.8692128200518241,0
1124,2024-09-20 20:22:27.831614014,0,013,0.5842116094183948,-0.33119719501547734,-1.203234403487734,0.1489049733304263,0.49585109612686956,-0.10934364416737728,2.192406557936256,-0.7337003974666552,0
1125,2024-09-20 20:22:27.909492920,0,013,0.5924799445168342,-0.3167564744469761,-1.4113299637327745,0.16491451441273783,0.5250869027773106,-0.12008392855168953,1.6604642822410227,-0.5927414830759424,0
1126,2024-09-20 20:22:27.970036865,0,013,0.604544311393564,-0.30093653190942266,-1.5898149983964855,0.17499076398790644,0.5541291880224898,-0.13041274820936474,1.1329598694430059,-0.4522405517643559,0
1127,2024-09-20 20:22:28.044993896,0,013,0.6205050707201566,-0.2838601114181245,-1.731766301653886,0.17884270984234885,0.5805122530475324,-0.13936477284905835,0.6287232856929659,-0.31750425390953513,0
1128,2024-09-20 20:22:28.112731934,0,013,0.6400450808039579,-0.2656753606491701,-1.8335172254858874,0.1768320032186425,0.602147827331323,-0.14597727567754468,0.16344649852137397,-0.1928082104608792,0
1129,2024-09-20 20:22:29.049239014,0,013,0.6624546937743582,-0.24655055008590146,-1.8945414764021153,0.16991068495271364,0.6174566628593663,-0.1493779052899582,-0.25151147511320543,-0.0811092492147117,0
1130,2024-09-20 20:22:29.111318115,0,013,0.6866771094619933,-0.22666038248962472,-1.9171024353827695,0.15948865318454156,0.6253265690391484,-0.14884320678261023,-0.609792916743023,0.01598884074316922,0
1131,2024-09-20 20:22:29.188989014,0,013,0.7113714467736101,-0.20616953612304262,-1.9057840378636364,0.14726596891237353,0.6249557130610914,-0.1438299534929367,-0.909934438830707,0.098007198141225,0
1132,2024-09-20 20:22:29.259087891,0,013,0.7349900343035589,-0.18521833987979797,-1.8669530856365795,0.1350569944989525,0.615685268786917,-0.13399858242709706,-1.1545465827898915,0.16524524161712187,0
1133,2024-09-20 20:22:29.312983154,0,013,0.7558700067842259,-0.16391293565016585,-1.8081695172854872,0.12461556229051295,0.5968715861534843,-0.11923225615392927,-1.3490862637406713,0.2184762447891749,0
1134,2024-09-20 20:22:29.390605957,0,013,0.7723435894376691,-0.14232144182160616,-1.7375716288445395,0.11747133099499626,0.5678108335510431,-0.09963791504311537,-1.5004360326922213,0.25873722057103693,0
1135,2024-09-20 20:22:29.452636963,0,013,0.782853864732824,-0.12047596941423923,-1.663276514652099,0.11479653200519539,0.5277425869921789,-0.07552316715921034,-1.6153938273957622,0.2871931880174896,0
1136,2024-09-20 20:22:30.392569092,0,013,0.7860426064008779,-0.09837624487911902,-1.5928384809084817,0.1173219906736061,0.47595913579328664,-0.04736226076822335,-1.6993124372012405,0.305065376300246,0
1137,2024-09-20 20:22:30.471136963,0,013,0.7807998466814855,-0.07599092273950528,-1.532808333317522,0.12531226362182823,0.4120050961541919,-0.015766235343306966,-1.7551830220881663,0.3136157005443698,0
1138,2024-09-20 20:22:30.533137939,0,013,0.7663011181945772,-0.0532580013913396,-1.4884314284834719,0.13859700250418472,0.3358998247498257,0.018546047205582884,-1.7831837625466664,0.3141267193067754,0
1139,2024-09-20 20:22:30.607022949,0,013,0.7420490577951676,-0.030087624310313164,-1.4635088696888405,0.15664751138592087,0.24830175230922874,0.05478792690481693,-1.7805480908639033,0.3078064752788244,0
1140,2024-09-20 20:22:30.671858154,0,013,0.7079056472767946,-0.006369352988850578,-1.4604404858958242,0.17869024007801282,0.15058196917029706,0.0921517142638698,-1.741861419359791,0.2956548382903473,0
1141,2024-09-20 20:22:30.742518799,0,013,0.6640989058815913,0.01801290818012351,-1.480450442548662,0.20384665856739992,0.044827892917042325,0.1298460595477684,-1.6600366605286623,0.27841212090180695,0
1142,2024-09-20 20:22:30.798839111,0,013,0.6112047395583732,0.043156040571838465,-1.523906945793723,0.23126337252059317,-0.06621099330873467,0.16712220370643827,-1.5279270614004734,0.2566606263225274,0
1143,2024-09-20 20:22:31.750750000,0,013,0.5501156467307136,0.06910693678522611,-1.590552229349387,0.2601753385905738,-0.17925822958581986,0.20330093818758307,-1.34027949509093,0.2310681515550492,0
1144,2024-09-20 20:22:31.812388916,0,013,0.48200830193081023,0.09583437481727189,-1.6795285446069124,0.28987727102669536,-0.29074739952825307,0.23780348835755283,-1.0956124864310015,0.20269055360478083,0
1145,2024-09-20 20:22:31.889583008,0,013,0.4083118756711017,0.1232101364785603,-1.7892741760026085,0.3196438204716397,-0.3971377607737406,0.270175789840961,-0.7973818512278945,0.17315501881982387,0
1146,2024-09-20 20:22:31.951163086,0,013,0.33066397041134904,0.15100268556433907,-1.9174087169900427,0.3486604028917598,-0.49522670981568917,0.30009272808207244,-0.4538417169627412,0.14455738389160497,0
1147,2024-09-20 20:22:32.013229980,0,013,0.2508390237359513,0.17888531735274535,-2.0606051411786352,0.3759888975427463,-0.5823667207471193,0.3273387280088574,-0.07662189897781099,0.11909098976090784,0
1148,2024-09-20 20:22:32.090426025,0,013,0.1706539854880025,0.2064575255253905,-2.2144259575764074,0.4005620415455291,-0.6565620373636998,0.351777600860489,0.321320333324859,0.09857843924161479,0
1149,2024-09-20 20:22:32.152910889,0,013,0.09187296370582719,0.23327362224004164,-2.373254156522799,0.4212125494008565,-0.7164964741139848,0.37333003843688783,0.7276465531093553,0.08404615894955993,0
1150,2024-09-20 20:22:33.098460938,0,013,0.01611988480106461,0.2588726152133101,-2.5305057840823424,0.4367548079635842,-0.7615474677913892,0.39196162616120606,1.1320754225762044,0.07538089607740123,0
1151,2024-09-20 20:22:33.171733887,0,013,-0.05520458397252287,0.2828071928344551,-2.67909805939746,0.4461057645144884,-0.791793363895624,0.4076689049507344,1.52713169822062,0.07110417374827648,0
1152,2024-09-20 20:22:33.237729004,0,013,-0.12098939578528757,0.30467107386725073,-2.8119200455342517,0.4483918436613693,-0.8079916522614533,0.42045982368072715,1.9081329031921557,0.06835335917851408,0
1153,2024-09-20 20:22:33.299789795,0,013,-0.18044518109089244,0.32412404269043504,-2.9221396730562583,0.44300354842225975,-0.811502886132075,0.4303401758058195,2.2725943080230233,0.06313392715612906,0
1154,2024-09-20 20:22:33.362274902,0,013,-0.2331077814288219,0.340914711368587,-3.003449756959709,0.4296135854519174,-0.8041390742173707,0.43731401610694653,2.619481168242537,0.05082735760297874,0
1155,2024-09-20 20:22:33.440382080,0,013,-0.2788248621988113,0.3548988012454946,-3.05042565947392,0.40819617905006894,-0.7879507304638458,0.44139823237194786,2.9486108789141663,0.026885407138313885,0
1156,2024-09-20 20:22:33.502865967,0,013,-0.31772563932439046,0.36604791101314316,-3.0589911434862884,0.37905788809999613,-0.765026773399001,0.4426513862931645,3.2601724741079483,-0.012398899416483944,0
1157,2024-09-20 20:22:34.427572998,0,013,-0.3501806042865994,0.3744467800654885,-3.0268235965733843,0.34285890426694504,-0.7373919141862135,0.4412090804330947,3.5542396885943335,-0.0691982140327799,0
1158,2024-09-20 20:22:34.489226074,0,013,-0.376765009285581,0.38028228441654366,-2.953532234668123,0.30059986527086846,-0.7070187022879177,0.4373077962828593,3.8303007060949943,-0.14369596146033115,0
1159,2024-09-20 20:22:34.551308105,0,013,-0.3982226059481797,0.3838271461221657,-2.840572503526699,0.2535664023132001,-0.6759038451410616,0.43128992604699556,4.086938332514021,-0.2339595201971827,0
1160,2024-09-20 20:22:34.621603027,0,013,-0.41541022028418706,0.3854174095745686,-2.691003644979546,0.20324708404081726,-0.6461520045644998,0.4236020020025018,4.321803087868159,-0.3361102999172814,0
1161,2024-09-20 20:22:34.699374023,0,013,-0.4292168476573309,0.3854230676345081,-2.5092557324119613,0.15125650702360185,-0.6200188625689396,0.41479220152233787,4.531943844743296,-0.44467911449122655,0
1162,2024-09-20 20:22:34.768385010,0,013,-0.44048064943613047,0.38421704287459657,-2.300994152603078,0.09928452877035805,-0.5998576699430895,0.4054898322580773,4.714346241562657,-0.5530645982685037,0
1163,2024-09-20 20:22:34.836135010,0,013,-0.449936518843444,0.38215017743767804,-2.0730017594428642,0.0490559464469877,-0.5879384943666454,0.39634853960919175,4.866258448785204,-0.6540744446451586,0
1164,2024-09-20 20:22:35.765635010,0,013,-0.45820205792023755,0.379534071323731,-1.832926641044216,0.002264869193055287,-0.5861758562205668,0.3879652348998369,4.9849028537999365,-0.7405173665929018,0
1165,2024-09-20 20:22:35.843272949,0,013,-0.4657796618193696,0.376627339677762,-1.5888623347287152,-0.03952514302522173,-0.5958539037445647,0.3808143572344496,5.066724880983353,-0.8057930116449478,0
1166,2024-09-20 20:22:35.914484863,0,013,-0.4730501444419611,0.373621765709777,-1.3488552856186977,-0.07498776724034617,-0.6174444138620726,0.3752308104592124,5.106946552897974,-0.8444602653890433,0
1167,2024-09-20 20:22:35.982804932,0,013,-0.4802568220768731,0.3706296422546053,-1.1204382497636023,-0.10311828743241155,-0.6505755486374498,0.3714407580807146,5.100086434451325,-0.8527588757786096,0
1168,2024-09-20 20:22:36.050730957,0,013,-0.48749569269621706,0.36767526960163377,-0.9102732430348686,-0.12328119789485459,-0.69414891719891,0.36960907181561453,5.041327201540709,-0.8290085981231935,0
1169,2024-09-20 20:22:36.106350830,0,013,-0.4947183116524909,0.36469213076222373,-0.7239578496999398,-0.1352165078878226,-0.7465385846730979,0.3698692337664203,4.9279913191265186,-0.7738031431604541,0
1170,2024-09-20 20:22:36.186134033,0,013,-0.5017361637417329,0.36152673872194263,-0.5659387057265429,-0.13901642068483053,-0.8057788906483793,0.372323875922989,4.760509229649412,-0.6899562616647212,0
1171,2024-09-20 20:22:37.105132080,0,013,-0.5082157436722642,0.35794985231181625,-0.4394218028025101,-0.13509635038213852,-0.8697031438844688,0.3770288295464452,4.542864202786783,-0.5822272767580478,0
1172,2024-09-20 20:22:37.164503174,0,013,-0.5136748344117489,0.3536741490323381,-0.34624171789815367,-0.12417582094031762,-0.9360624126635348,0.3839763098184402,4.282748801540254,-0.4569074306304935,0
1173,2024-09-20 20:22:37.225646973,0,013,-0.5175024588182686,0.3483762236841773,-0.2867146359342103,-0.10726766733593196,-1.002628327190556,0.3930768917392464,3.9913763319863156,-0.32133452398014717,0
1174,2024-09-20 20:22:37.304136963,0,013,-0.5190098316833087,0.34172084652729445,-0.25952135894278233,-0.08565940538818169,-1.06723711442876,0.40413427984441064,3.6827615601781765,-0.18338343475730143,0
1175,2024-09-20 20:22:37.376236816,0,013,-0.517501873181794,0.33338666922234395,-0.2617101220593754,-0.060864540826873835,-1.1277690331613814,0.4168190860446325,3.3725772664176175,-0.050974475904716904,0
1176,2024-09-20 20:22:37.428659912,0,013,-0.5123548338298135,0.3230940292916012,-0.28891114089222625,-0.034533985543668225,-1.1821162170749266,0.43065418663962596,3.076887586416665,0.06839533747900155,0
1177,2024-09-20 20:22:37.506287109,0,013,-0.5030839821398789,0.31063447974415836,-0.33574503550389695,-0.008339965822537846,-1.2281932800409194,0.4450181059440007,2.8109240994524214,0.16810034738811813,0
1178,2024-09-20 20:22:38.442460938,0,013,-0.4893855176637104,0.2958978316568454,-0.396295758397569,0.016144382471172853,-1.2640095895342502,0.45916773326669,2.5879198606117515,0.24277743504094532,0
1179,2024-09-20 20:22:38.520124023,0,013,-0.4711456478410892,0.278890000931231,-0.46454438097834483,0.03755257987305941,-1.2877823287365249,0.47227748222886523,2.418019979018977,0.2886405473222171,0
1180,2024-09-20 20:22:38.590854004,0,013,-0.44842014269592617,0.25973723857492975,-0.5347635945002526,0.05481479702055627,-1.2980500517337692,0.4834879749080865,2.3072982546416103,0.3037488189864202,0
1181,2024-09-20 20:22:38.650283203,0,013,-0.421393860232325,0.23867727820210927,-0.60191097409603,0.06723062974816242,-1.2937759133698419,0.4919627885676187,2.2569462528965563,0.28822575487841956,0
1182,2024-09-20 20:22:38.712306885,0,013,-0.390335411092079,0.2160414302536522,-0.6620112757267697,0.07451812445677085,-1.2744635213411832,0.49695858986533287,2.2628757468279552,0.24433390718076647,0
1183,2024-09-20 20:22:38.789968018,0,013,-0.35555969571743096,0.1922312624211643,-0.7124514398086753,0.07682446676422636,-1.2402707950220244,0.49790349211698637,2.3160670106631667,0.17628826108540233,0
1184,2024-09-20 20:22:38.852454102,0,013,-0.31739428275265996,0.1676895781040558,-0.7521078402997748,0.07469026195952252,-1.1920541592333862,0.49446128733673406,2.4037336952266797,0.08979505151977862,0
1185,2024-09-20 20:22:39.803236084,0,013,-0.27614060708614785,0.142864574589063,-0.7813017782266106,0.06897827605438885,-1.1313167991597943,0.4865638136695744,2.5109455443781776,-0.008566834911481344,0
1186,2024-09-20 20:22:39.865349121,0,013,-0.23204277988948502,0.1181732178334901,-0.8016516598994381,0.06078741616011949,-1.060120105652035,0.4744162636057485,2.6222491783487634,-0.11197749349167957,0
1187,2024-09-20 20:22:39.926892090,0,013,-0.18529110431296658,0.09397597709581881,-0.8159009743213375,0.05136507033741825,-0.9810170625088278,0.4584877579768386,2.723109546924485,-0.2139288608194223,0
1188,2024-09-20 20:22:40.004146973,0,013,-0.13607101026441723,0.07057008121836256,-0.8277448108245978,0.04201813869026009,-0.8969851346181771,0.4394838189129129,2.8011598641466415,-0.3086390458422879,0
1189,2024-09-20 20:22:40.076447998,0,013,-0.08464410009148589,0.048198334784561564,-0.8415917816946543,0.03402139909603173,-0.8112868398848913,0.4182856705025789,2.8471727119645784,-0.39129505655934976,0
1190,2024-09-20 20:22:40.142910889,0,013,-0.031434897085748766,0.02706514295710391,-0.8622034827042416,0.02853431378768856,-0.7272278544136241,0.3958542202641322,2.855636674850523,-0.4581392890502465,0
1191,2024-09-20 20:22:40.211967041,0,013,0.02290604134294801,0.007351405816856163,-0.8942424451079083,0.02653894454421176,-0.6478568931864611,0.37312224735258614,2.824828968167719,-0.5064455034980221,0
1192,2024-09-20 20:22:41.141793945,0,013,0.07747897869336104,-0.010776073316715568,-0.941780008603719,0.028792798862454196,-0.5756730568953375,0.35090790177226233,2.7563449124341113,-0.5344554158435326,0
1193,2024-09-20 20:22:41.219064941,0,013,0.13114844054410377,-0.02715997182859549,-1.0078125997371856,0.03578812617122047,-0.5123821747405095,0.3298656224613348,2.654303014150766,-0.5413622755666129,0
1194,2024-09-20 20:22:41.291091064,0,013,0.18258845483636266,-0.04165186430393203,-1.0939131102667528,0.04773222364046749,-0.4587269650792415,0.31046591118659944,2.5245480941180007,-0.5273660754508023,0
1195,2024-09-20 20:22:41.358718994,0,013,0.23036181649534868,-0.0541175359634092,-1.2001497152471836,0.06456635492481022,-0.414414869433555,0.29298599178917933,2.373972319516244,-0.49373886373583387,0
1196,2024-09-20 20:22:41.426557129,0,013,0.2730246433008447,-0.06444782657193601,-1.3252451132477616,0.08601228842049026,-0.3781748749477908,0.27750445279903896,2.2099620888307507,-0.44283769642033505,0
1197,2024-09-20 20:22:41.494281982,0,013,0.3092312961040275,-0.07257021007924055,-1.4668170865661443,0.11161762549006468,-0.3479749614843511,0.26391042921032776,2.0400195555757,-0.378059155244376,0
1198,2024-09-20 20:22:41.562011963,0,013,0.3378201623489007,-0.07845660453989857,-1.6215559133897133,0.14078160441120607,-0.321394058902936,0.25194151972046414,1.8715417279750004,-0.3037421005349094,0
1199,2024-09-20 20:22:42.504895996,0,013,0.357877086716252,-0.08212560527188982,-1.7852957590929184,0.1727600933202163,-0.29607393594054104,0.24124981233240325,1.711578169139931,-0.2249691791459679,0
1200,2024-09-20 20:22:42.562855957,0,013,0.3687740841127046,-0.08363722558605313,-1.9530695630963932,0.2066617629022963,-0.2701255837922826,0.23147626049651823,1.5663747517748883,-0.1472015829736473,0
1201,2024-09-20 20:22:42.641127197,0,013,0.3701782408121748,-0.08307888791415745,-2.1192910224588495,0.24145575237752348,-0.2423704536227104,0.22230617327986874,1.440806227739127,-0.07578898437514292,0
1202,2024-09-20 20:22:42.708844971,0,013,0.3620404591864362,-0.08054768191415652,-2.278087808422728,0.27600398883428545,-0.21236212593997408,0.21349010140745,1.338071787326726,-0.015501005205470805,0
1203,2024-09-20 20:22:42.776595215,0,013,0.34458627282367205,-0.07613929905394425,-2.4236730096468158,0.30911321100246064,-0.1802302848155376,0.20483767888883284,1.2598228473900996,0.029802881919832533,0
1204,2024-09-20 20:22:42.830019043,0,013,0.31832096773794255,-0.06995039276053751,-2.5506657656685654,0.3395922760931186,-0.14646490539253695,0.19620623141918245,1.2064885382894532,0.05736207622727347,0
1205,2024-09-20 20:22:42.912009033,0,013,0.2840405743588553,-0.06209204508974299,-2.6543351656363083,0.36630002651281807,-0.11175202131437643,0.18749992765024542,1.1775313295840324,0.06565306093749164,0
1206,2024-09-20 20:22:43.850070068,0,013,0.24282891337878632,-0.0527062743664743,-2.7307299208271925,0.388171628774362,-0.07689282841834166,0.1786822929607,1.1716354544893774,0.05455583809877399,0
1207,2024-09-20 20:22:43.922596924,0,013,0.19602768816901828,-0.041978342491543835,-2.77670369539176,0.40422851084731387,-0.042783629826692274,0.1697998159731253,1.1869493075119488,0.02550523464686092,0
1208,2024-09-20 20:22:43.991216064,0,013,0.1451776190674192,-0.03014149358422052,-2.7899455895258596,0.41359950476757984,-0.010431652881683443,0.16100893456236123,1.2214021815913962,-0.018518154916794614,0
1209,2024-09-20 20:22:44.058968994,0,013,0.09193107150064138,-0.017473250884623554,-2.769100920419649,0.4155768975292035,0.019034971962724544,0.15258699570267448,1.2730603671387921,-0.0732698853607393,0
1210,2024-09-20 20:22:44.126719971,0,013,0.03794559126914106,-0.004284398015483445,-2.7139691776789143,0.4097054234999456,0.044419109324416686,0.14491078079653846,1.3405210046121439,-0.13378245106084197,0
1211,2024-09-20 20:22:44.194470947,0,013,-0.015214948120015325,0.009095329688438939,-2.625715989587557,0.3958794543998533,0.06457003388295315,0.1384104678231995,1.4233379371604786,-0.19505177637703977,0
1212,2024-09-20 20:22:44.247004150,0,013,-0.06614394345293469,0.022330386162498682,-2.507029459623926,0.3744149665071265,0.07849211314537224,0.1335239094521263,1.5223994732739543,-0.252731031348726,0
1213,2024-09-20 20:22:45.176497070,0,013,-0.11361137632992764,0.03509006014916788,-2.3622030540064447,0.34607629060716355,0.08538363391519753,0.13066888685071712,1.6400528983014824,-0.3036969925323729,0
1214,2024-09-20 20:22:45.238059082,0,013,-0.15654784247391848,0.04705737850505283,-2.197159818641826,0.3120588362995848,0.08461316695579009,0.1302310800853418,1.7797507650475113,-0.34636148051824633,0
1215,2024-09-20 20:22:45.316304932,0,013,-0.19401175717509528,0.057936043688748703,-2.0193391592644465,0.2739315371708492,0.0756914956715297,0.13255075600639607,1.9452709958697794,-0.38066480069505765,0
1216,2024-09-20 20:22:45.378127929,0,013,-0.225163835474001,0.06745496804548058,-1.8373056110415507,0.23353589609062125,0.05829311935059611,0.1378938603632081,2.139872172915702,-0.40782169375323885,0
1217,2024-09-20 20:22:45.440613037,0,013,-0.24927068672830918,0.07537242592309712,-1.6600680762525155,0.19284662136569,0.0323411606481817,0.14640956066802172,2.365605786950994,-0.42995166681009933,0
1218,2024-09-20 20:22:45.519555176,0,013,-0.26574034191499485,0.08148308668176704,-1.49628775088561,0.1538200960282007,-0.0018822977347031477,0.1580904951956713,2.622698547609386,-0.449651698150401,0
1219,2024-09-20 20:22:45.583771973,0,013,-0.274170829548876,0.08562814876540384,-1.3536116047431703,0.11826987639804118,-0.04366570223459214,0.1727516530640668,2.9090958485032385,-0.469537764641086,0
1220,2024-09-20 20:22:46.525995117,0,013,-0.2743932173382856,0.08770475909766633,-1.2382559045576935,0.08779339899422335,-0.09186580936387663,0.1900286114397978,3.2205596630104645,-0.4918490239949811,0
1221,2024-09-20 20:22:46.598717041,0,013,-0.26650344011451943,0.08767140461430091,-1.1548029936388169,0.06373696901908964,-0.14493662860061166,0.2093847915145781,3.551369809400542,-0.5181925201066234,0
1222,2024-09-20 20:22:46.666400879,0,013,-0.2508761484292844,0.08555022373191414,-1.1061263530822136,0.04716447597541547,-0.20094522761058314,0.23012612131585408,3.8950550775413975,-0.549386215210015,0
1223,2024-09-20 20:22:46.719497070,0,013,-0.22814621864226092,0.08142804776272909,-1.0934105898991457,0.03881053685088265,-0.257591203151936,0.2514330070428881,4.244585119811528,-0.5853088075352753,0
1224,2024-09-20 20:22:46.796739990,0,013,-0.19915682955446873,0.07545468335131353,-1.1162349223180112,0.03902454055775563,-0.31229034641468356,0.2724133769537565,4.5920966691020135,-0.6247385764324209,0
1225,2024-09-20 20:22:46.869561035,0,013,-0.16489840265939507,0.06783682764223219,-1.172654603217189,0.04772489877385549,-0.36234190314770504,0.29216530002109287,4.928688819905555,-0.6652593442617356,0
1226,2024-09-20 20:22:46.935967041,0,013,-0.12646195868700935,0.05882887089757296,-1.259289092151089,0.06438737403936672,-0.4051201783347345,0.3098286043779147,5.244590486653673,-0.7033344169126097,0
1227,2024-09-20 20:22:47.854986816,0,013,-0.0850067349697051,0.048722471991621975,-1.3715259240292366,0.08808008686282241,-0.43821884660550803,0.3246090012533211,5.529508554637607,-0.7345732323986793,0
1228,2024-09-20 20:22:47.911715088,0,013,-0.041732798229463824,0.03783635076505407,-1.5038709344101204,0.11752831799904499,-0.4595515280259393,0.3357805548940786,5.772877900069951,-0.7541077586857795,0
1229,2024-09-20 20:22:47.990473145,0,013,0.0021484635791713435,0.026505926512469694,-1.6503087639596645,0.15117819915855926,-0.46748736275479913,0.3426964467270915,5.964095931838721,-0.7569946945618596,0
1230,2024-09-20 20:22:48.058187988,0,013,0.0454591681476102,0.01506830966931001,-1.804536666421315,0.1872494693791371,-0.46107540734265484,0.34483193410419705,6.093115710507279,-0.7386688955504067,0
1231,2024-09-20 20:22:48.113435059,0,013,0.08712302532548752,0.0038388174657594336,-1.9600890195127272,0.22379753137764674,-0.44029978011309945,0.3418507874405123,6.1515645651645965,-0.695498679535278,0
1232,2024-09-20 20:22:48.190617920,0,013,0.1262395160500559,-0.006916961253952491,-2.110427170956741,0.2588072205754502,-0.40623518089569294,0.3336636059854985,6.134096656544983,-0.6253654180363065,0
1233,2024-09-20 20:22:48.252337891,0,013,0.16213872018145997,-0.017006389592873244,-2.248968451100862,0.290311002189831,-0.36101611988239724,0.320453460000102,6.039538909822439,-0.5280810624164628,0
1234,2024-09-20 20:22:49.199714111,0,013,0.19441136610891924,-0.02632230462084358,-2.3690194652896217,0.3164997587212509,-0.3076316079891941,0.30266685964706064,5.871567064212957,-0.40549567657183594,0
1235,2024-09-20 20:22:49.270272949,0,013,0.2229159940180669,-0.03484361437891495,-2.463755195694292,0.3358053423049145,-0.2496152996511381,0.28097891078089504,5.638780951337421,-0.2612889824762596,0
1236,2024-09-20 20:22:49.338877930,0,013,0.24774983738175888,-0.04262410226400522,-2.5264715169858327,0.34696206426364484,-0.19070113427549903,0.25623840006930054,5.354068183012383,-0.1005705376575491,0
1237,2024-09-20 20:22:49.400468018,0,013,0.2691752222202024,-0.04977143041845925,-2.551167465390618,0.34906231907769525,-0.13449222601488908,0.2293982351425875,5.033234979131049,0.07057653873941855,0
1238,2024-09-20 20:22:49.476031006,0,013,0.2875243120864961,-0.05642208452428196,-2.5332972891923875,0.3416099231676828,-0.08416775936661937,0.20144064218116545,4.693053363050186,0.24557548237221152,0
1239,2024-09-20 20:22:49.543780029,0,013,0.3031167867121166,-0.06271828365594678,-2.4704696076085075,0.32456642669637664,-0.042237842105044984,0.17330645348004242,4.349067706445542,0.4178846828989255,0
1240,2024-09-20 20:22:49.611496094,0,013,0.3162084262425584,-0.06878900578210284,-2.3629004387780754,0.29837503807819377,-0.01036027709006582,0.1458337190860302,4.013715004706326,0.5815238747537733,0
1241,2024-09-20 20:22:50.552864990,0,013,0.3269733833135849,-0.07473500431367776,-2.213498729223709,0.263931663484853,0.010754662845063725,0.11970924016022678,3.695309363564039,0.7314527111060917,0
1242,2024-09-20 20:22:50.622837891,0,013,0.33551590652758256,-0.08061890351744959,-2.0276030928667486,0.2224891896761477,0.021324929298669793,0.0954393225177847,3.398038785872196,0.8636994466729592,0
1243,2024-09-20 20:22:50.686070801,0,013,0.34190202890423904,-0.08646303988835864,-1.8124916720561481,0.1755283929310925,0.022356747365039915,0.07334477430978963,3.122708779426309,0.9752824776775805,0
1244,2024-09-20 20:22:50.751697021,0,013,0.3462012261735405,-0.09225653077376654,-1.5767838004644168,0.12464913741199439,0.0154276722065234,0.053575139888547854,2.8679279251228595,1.0640391569619725,0
1245,2024-09-20 20:22:50.826019043,0,013,0.34852816075543497,-0.09796855040377937,-1.3298380075675251,0.07150909870241945,0.002479077581037794,0.03612898584487377,2.6314997779822957,1.1284333525277448,0
1246,2024-09-20 20:22:50.887033936,0,013,0.34907406966808335,-0.10356162478431379,-1.0812189664225078,0.017795360523219925,-0.014326950932682879,0.02087338745676899,2.411688085988974,1.167389989231704,0
1247,2024-09-20 20:22:50.948654785,0,013,0.34812003027289945,-0.10900103879003954,-0.8401990027533383,-0.034810820042468264,-0.032704706500652964,0.007568650536566424,2.208006216775674,1.1802182377614907,0
1248,2024-09-20 20:22:51.905134033,0,013,0.3460256477085091,-0.11425995876733279,-0.6152134994922722,-0.08470355684255151,-0.050335623128479966,-0.004096566424986881,2.021404389270491,1.1666376002929668,0
1249,2024-09-20 20:22:51.962895020,0,013,0.34319257327176783,-0.11932050672939103,-0.4133126883416405,-0.13044531208909582,-0.0649677042430035,-0.01446534284195339,1.853964784343116,1.1268496360799116,0
1250,2024-09-20 20:22:52.040709961,0,013,0.3400152437456467,-0.12417117536711163,-0.23979708940017724,-0.17084653489745535,-0.07453012643166153,-0.02387411518652742,1.7083274035899672,1.0615884402613915,0
1251,2024-09-20 20:22:52.101296875,0,013,0.3368319641201086,-0.12880117603484276,-0.09818777517075722,-0.20499992560018643,-0.07726739754794255,-0.03261759534699515,1.5870911754131865,0.9721223136393647,0
1252,2024-09-20 20:22:52.176106934,0,013,0.33388247106913654,-0.13319220877175025,0.009519630510924778,-0.23226311912201522,-0.07186975869465652,-0.040920422000211086,1.4923463629744467,0.8602336876680476,0
1253,2024-09-20 20:22:52.241395996,0,013,0.3312826162914108,-0.1373105817690564,0.08252813089448774,-0.2522165612250524,-0.057559316927427585,-0.048918299688015233,1.425318093717387,0.7282456149821057,0
1254,2024-09-20 20:22:52.308177002,0,013,0.32902867048108425,-0.1411055674240673,0.1210123985552313,-0.26464023712283946,-0.03411571969285321,-0.05664842716569246,1.3860409777609302,0.5791262823327004,0
1255,2024-09-20 20:22:53.253177002,0,013,0.32703281693009645,-0.14451783005689958,0.12598666633103986,-0.26952921973781,-0.0018528362538833623,-0.06405173634650939,1.3731338876681574,0.41658672335355984,0
1256,2024-09-20 20:22:53.315662109,0,013,0.3251822901932468,-0.14749587952294574,0.09916638347841586,-0.26712285838886696,0.03843780644661964,-0.07098947744250432,1.3838216386672495,0.24503621654441687,0
1257,2024-09-20 20:22:53.390768066,0,013,0.3234096892494628,-0.15001502251783594,0.04284646384798145,-0.2579133463482959,0.08556385205946251,-0.0772692364709542,1.4141964970185639,0.06936687665249479,0
1258,2024-09-20 20:22:53.455806885,0,013,0.3217560011714939,-0.15209388242008262,-0.04003640144696097,-0.24263566826110883,0.13801629343312477,-0.08267022765744761,1.459592113966818,-0.10532636321060863,0
1259,2024-09-20 20:22:53.517836182,0,013,0.320403914137689,-0.1538037933076993,-0.1456320093500308,-0.22225662796159654,0.19405423436750774,-0.08696244607818661,1.5150306309341488,-0.27398145237956606,0
1260,2024-09-20 20:22:53.593985107,0,013,0.31966516246285076,-0.1552661967538293,-0.2689545421214359,-0.19794925221616497,0.25180372611773455,-0.08992605188079049,1.5757805627020374,-0.43174443434791715,0
1261,2024-09-20 20:22:53.661768066,0,013,0.31992838116716577,-0.15663767309348794,-0.40396281347946383,-0.17102677985384446,0.3093941880898204,-0.09138125812737806,1.6378544789600369,-0.5740989497971852,0
1262,2024-09-20 20:22:54.604579834,0,013,0.3215927327173621,-0.1580884736766252,-0.5439105938566791,-0.14285011549707846,0.36512384081857163,-0.09122710957677554,1.6980367048198324,-0.6969248491592196,0
1263,2024-09-20 20:22:54.671072998,0,013,0.32500017743272075,-0.1597805637989526,-0.6817714162288692,-0.11475247312852385,0.4176044727532581,-0.0894745164333787,1.7533209250131856,-0.7965013346492452,0
1264,2024-09-20 20:22:54.740795898,0,013,0.33036043735233034,-0.1618469593095383,-0.8106476359880668,-0.08799953993165402,0.465835314232601,-0.08625723178606047,1.800233466236025,-0.8695648419570962,0
1265,2024-09-20 20:22:54.794076904,0,013,0.33767434438289146,-0.1643731068036855,-0.9242274582640537,-0.0637589629927226,0.5091820570420507,-0.08181101890644361,1.8345989506404545,-0.9134811342597156,0
1266,2024-09-20 20:22:54.876239014,0,013,0.3466814377151689,-0.16738327103388964,-1.017323339114068,-0.043048540322660596,0.5472741574546507,-0.07642633269932501,1.8518235139485901,-0.9264414466157047,0
1267,2024-09-20 20:22:54.943934082,0,013,0.35685432299883524,-0.17083529545573073,-1.086373217052605,-0.02666814648208304,0.5798768903222126,-0.07039592579585473,1.8474341523604376,-0.9075900570759012,0
1268,2024-09-20 20:22:55.009860107,0,013,0.36745114724211825,-0.17462623688300974,-1.129758078412587,-0.015140160132234981,0.6068020089819807,-0.0639761453017249,1.8176430648481585,-0.8571210600131005,0
1269,2024-09-20 20:22:55.941837891,0,013,0.3776304374467915,-0.17861008409543278,-1.1479095394929355,-0.008666651267213317,0.6278870090636951,-0.05736762399253756,1.759759068584006,-0.7764195321479811,0
1270,2024-09-20 20:22:56.019571045,0,013,0.38660826783593766,-0.18262323085405174,-1.143265845355514,-0.007095156253393226,0.6430409046353835,-0.05071702731155907,1.672293540540801,-0.6682330694957096,0
1271,2024-09-20 20:22:56.091507812,0,013,0.3938055745781198,-0.1865076265140542,-1.1201035453977457,-0.009893896780659415,0.652330469015563,-0.0441363655888236,1.5548022521623395,-0.5367900844749615,0
1272,2024-09-20 20:22:56.158642090,0,013,0.39893579091645714,-0.190124647117138,-1.0841881230536552,-0.016160658016483125,0.6560623953266795,-0.03772591810021055,1.4077368492068,-0.38778604465517824,0
1273,2024-09-20 20:22:56.220705078,0,013,0.4020210451861567,-0.19336108597282525,-1.0421694220055773,-0.024696487573126973,0.6548143096385143,-0.03158552720578225,1.2325344282751174,-0.22818543501160166,0
1274,2024-09-20 20:22:56.282343994,0,013,0.40335831002596806,-0.196131585276416,-1.0007576611470226,-0.03414864431591172,0.6493800274014309,-0.02580778240276609,1.0319054766356073,-0.06583900640106409,0
1275,2024-09-20 20:22:56.362392822,0,013,0.403458049240097,-0.1983778591990583,-0.9658562018291829,-0.0431887543890226,0.6406350526732908,-0.020461715634439787,0.8101430734152686,0.09099514212168852,0
1276,2024-09-20 20:22:57.280523926,0,013,0.4029581684064941,-0.20006140180823373,-0.9418608744752874,-0.05067368043843627,0.6293853124294657,-0.015589147128474467,0.5733466530297,0.2341100662710927,0
1277,2024-09-20 20:22:57.345058838,0,013,0.4025107237245124,-0.20114866710745605,-0.9312526673684677,-0.05574717337966395,0.6162707089084771,-0.011227013415984349,0.3294710223791323,0.3557536750577231,0
1278,2024-09-20 20:22:57.402436035,0,013,0.4026598761219001,-0.20159364267327642,-0.934511434130926,-0.05787141441586358,0.6017498242606901,-0.0074440076298279015,0.08799021658190774,0.44903472098852665,0
1279,2024-09-20 20:22:57.479672852,0,013,0.4037452495259831,-0.20132567707758617,-0.9503148505385421,-0.05681121207837576,0.5861506442756654,-0.004370523377936712,-0.14098317460885448,0.508401262055866,0
1280,2024-09-20 20:22:57.542745117,0,013,0.40584788445879766,-0.20024740121866733,-0.9759392513350844,-0.05260581488853031,0.5697372359351359,-0.0022066689590807126,-0.34798180185611294,0.5302103741543547,0
1281,2024-09-20 20:22:57.619257812,0,013,0.4087668291370189,-0.19824169875934397,-1.0077652720004784,-0.04554093184550881,0.5527123880811868,-0.00119537476070152,-0.5255636351307167,0.5133127726140219,0
1282,2024-09-20 20:22:57.680951172,0,013,0.4120123677835184,-0.19518329300212856,-1.0418172541599966,-0.036101165302322394,0.5351125712042316,-0.0015587436317542542,-0.6694974918685869,0.45944782778892423,0
1283,2024-09-20 20:22:58.601605957,0,013,0.41482540317643835,-0.19095169950963034,-1.0742959796004559,-0.024881891342425192,0.5166571301198258,-0.0034242410396714868,-0.779435474176238,0.37321757518423343,0
1284,2024-09-20 20:22:58.666112793,0,013,0.41624126179760396,-0.1854451096025049,-1.1020851478653046,-0.01246871381299997,0.49667751005160415,-0.006779739217767977,-0.8588267759648719,0.261586706154734,0
1285,2024-09-20 20:22:58.741077881,0,013,0.4151920299472954,-0.17859487582883457,-1.1231926857686056,0.0006808864712338977,0.47419337585377497,-0.011470353349464715,-0.9141547028067694,0.13306605111835015,0
1286,2024-09-20 20:22:58.805545166,0,013,0.41061748581792,-0.1703778508715936,-1.1370328752870356,0.014308829804502902,0.4480845512920322,-0.01721826890602215,-0.9539189468787721,-0.0032050164084291956,0
1287,2024-09-20 20:22:58.868031981,0,013,0.4015676555670183,-0.16082413090344497,-1.144442730966932,0.02834503285378419,0.4172564894309428,-0.023645555704697552,-0.9877500049792018,-0.13831463805444344,0
1288,2024-09-20 20:22:58.944238037,0,013,0.38730407649704723,-0.15002061944469608,-1.1473738509221671,0.04281233781014807,0.38074286507557625,-0.030296935577218926,-1.02566749205085,-0.2642770891329301,0
1289,2024-09-20 20:22:59.006850098,0,013,0.36739271499624854,-0.13810964566487421,-1.1482742892635418,0.05768927438350582,0.33776528356519325,-0.036668876332021365,-1.0773085137378815,-0.37452321675819267,0
1290,2024-09-20 20:22:59.952945068,0,013,0.3417591405275316,-0.1252797176689648,-1.149281428031868,0.07278975055564393,0.28781470788150815,-0.04225032673144261,-1.151057492217847,-0.46417345164482365,0
1291,2024-09-20 20:23:00.016058838,0,013,0.3107000039334214,-0.11175033893762593,-1.1514524832037143,0.08770181029610723,0.23080076933708463,-0.046573469406549564,-1.2530375847268806,-0.5301244904245,0
1292,2024-09-20 20:23:00.077662842,0,013,0.2748739278311645,-0.09775716701878819,-1.154252493842531,0.10179336381916716,0.16723919028432987,-0.049264911656818566,-1.386007677668863,-0.5709725205769758,0
1293,2024-09-20 20:23:00.154483887,0,013,0.2352765111759503,-0.08353837824795164,-1.155385389592079,0.1142622862990342,0.09837959843799529,-0.05008419951375183,-1.5485561126705505,-0.5867799915951346,0
1294,2024-09-20 20:23:00.226699951,0,013,0.19317505904308455,-0.06931674446031101,-1.1509370990029082,0.12419780182082399,0.026191755669889474,-0.0489383096920838,-1.7351196461450213,-0.578746284675342,0
1295,2024-09-20 20:23:00.278879883,0,013,0.14998703524421061,-0.05527475324345292,-1.1357853986728934,0.13064054039592124,-0.04678095387982797,-0.04587150114708744,-1.9369466603516932,-0.5488748498987515,0
1296,2024-09-20 20:23:00.357083008,0,013,0.10712249634298633,-0.0415285717292123,-1.104235642780367,0.13266021563367972,-0.11762729022306313,-0.04104519074704273,-2.143601198855965,-0.49967805901515633,0
1297,2024-09-20 20:23:01.305758057,0,013,0.06583837911725554,-0.028112058272561684,-1.050792716628711,0.12946501469472033,-0.1832877810690631,-0.03472179710824034,-2.3444168681051867,-0.4339624366158445,0
1298,2024-09-20 20:23:01.373468994,0,013,0.027146250240905098,-0.014979171982020003,-0.9709140546335554,0.12051438991197982,-0.24080234721442523,-0.027248854148741466,-2.5294276327337366,-0.35477533962339786,0
1299,2024-09-20 20:23:01.441218994,0,013,-0.008215461892535388,-0.002024533906558068,-0.8616050259502607,0.10559221253778177,-0.2876072630961176,-0.019030254351580036,-2.689621472800611,-0.26547672194753985,0
1300,2024-09-20 20:23:01.500947021,0,013,-0.03975860339242175,0.010884496707665994,-0.7218531523271982,0.08483892876882441,-0.3218589913103285,-0.010481127605305882,-2.8168052085985678,-0.16973598622977648,0
1301,2024-09-20 20:23:01.563430908,0,013,-0.06719105201935553,0.023871167654956962,-0.5529736016908812,0.058776905963985646,-0.34270600346822777,-0.0019804034823680114,-2.903626743506632,-0.07131818118683131,0
1302,2024-09-20 20:23:01.631187012,0,013,-0.09034560814859194,0.037013115019074345,-0.35882807594257804,0.02834264123592327,-0.3504024221257869,0.00615552823545581,-2.9440633627590547,0.026264971515467198,0
1303,2024-09-20 20:23:01.708933105,0,013,-0.10910986074319383,0.05031223424031432,-0.14578232853523998,-0.005098747480971034,-0.3461982802121426,0.01366373151458633,-2.9341982122825865,0.12008894501026153,0
1304,2024-09-20 20:23:02.656406006,0,013,-0.12338550141658541,0.06367746191790417,0.07769153177859088,-0.03979319141165003,-0.3320302029070533,0.020296437291918466,-2.872941989800997,0.20806470638022065,0
1305,2024-09-20 20:23:02.724166016,0,013,-0.13309842703545363,0.07692452246112293,0.30180804560014246,-0.07371892588973267,-0.3101101105309166,0.025773567325610525,-2.7625243576803804,0.2890672585071416,0
1306,2024-09-20 20:23:02.791946777,0,013,-0.13825241175160083,0.08979191778310137,0.5166045222942005,-0.10478941076536112,-0.2825351096946907,0.02974632141728186,-2.608670231196304,0.36288161262612306,0
1307,2024-09-20 20:23:02.859695801,0,013,-0.1389958096824559,0.10196941241176231,0.7131715621224054,-0.1310937662232709,-0.2510220493650326,0.03178579317996,-2.4202898332049787,0.42994123400544737,0
1308,2024-09-20 20:23:02.923222900,0,013,-0.13567088090068377,0.1131340242807681,0.8846262643615231,-0.15110695592344506,-0.21681926268157245,0.031402217268753,-2.2084895309412147,0.49092814723084116,0
1309,2024-09-20 20:23:02.985318848,0,013,-0.12883708365869853,0.1229891465872633,1.0266058047509476,-0.16382482752658736,-0.180783111998448,0.02809294120166628,-1.9850072193564094,0.5463747180963883,0
1310,2024-09-20 20:23:03.048172119,0,013,-0.11927847924731892,0.13130333213923742,1.1372838742753835,-0.16881981369695162,-0.14355473597656052,0.021416423932067927,-1.7606051948303183,0.5964138947882126,0
1311,2024-09-20 20:23:03.996694092,0,013,-0.10799693367294336,0.1379431282110926,1.2170659240365411,-0.16622984148464268,-0.10575890169145008,0.011087246437178575,-1.5439845937271623,0.6407167301320648,0
1312,2024-09-20 20:23:04.058600098,0,013,-0.09617420440455181,0.1428918290763738,1.2681466278013835,-0.15668693254144037,-0.06816417099521212,-0.002928025521286967,-1.3413807838311225,0.6785062271757094,0
1313,2024-09-20 20:23:04.136256104,0,013,-0.08508479275291896,0.14624797584825275,1.2940533764401159,-0.14119739462675568,-0.03176541530252043,-0.02034462861269898,-1.1566259732213964,0.7085259623001525,0
1314,2024-09-20 20:23:04.209103027,0,013,-0.07596056562613361,0.14820324349043484,1.2992235225128914,-0.12100531296776523,0.0022305684498302564,-0.04054212719882379,-0.991381610343086,0.728969876713554,0
1315,2024-09-20 20:23:04.275500977,0,013,-0.06983915167950949,0.14900610227992617,1.2886124428283303,-0.09747294063630278,0.03250636030068695,-0.06259624359733375,-0.8454007077694834,0.737480412790041,0
1316,2024-09-20 20:23:04.337129883,0,013,-0.06744430450036851,0.14892194934927722,1.2673258224648665,-0.07198819461467092,0.057769001660776344,-0.08534714610983736,-0.7169162021559536,0.7313157535335232,0
1317,2024-09-20 20:23:04.406753906,0,013,-0.0691256430669172,0.14819933323984338,1.2402930119070494,-0.045888544559890124,0.0768538417531337,-0.10748611815087922,-0.6033481277836509,0.7077073404099894,0
1318,2024-09-20 20:23:05.339512206,0,013,-0.07485067311021514,0.14704664688460292,1.2120068379319626,-0.020394970764004077,0.08879066551436404,-0.12765241489248677,-0.5023530263261604,0.6643491384427369,0
1319,2024-09-20 20:23:05.421500000,0,013,-0.0842285013626862,0.14561854185239087,1.1863519403838405,0.003432880698090069,0.09287827761320626,-0.14454430814360733,-0.41293245828574116,0.5999407639639375,0
1320,2024-09-20 20:23:05.478781982,0,013,-0.09655724916974003,0.14401027837963395,1.1665377304002866,0.024707465238556745,0.08878889758796904,-0.1570444914998388,-0.3362392550645513,0.5147226363172508,0
1321,2024-09-20 20:23:05.556462891,0,013,-0.11090516539354578,0.14226020789770105,1.1551287023086667,0.04269354733037624,0.0766918782190193,-0.16434905997842875,-0.2759372451369193,0.4109178424130214,0
1322,2024-09-20 20:23:05.624691895,0,013,-0.1262312487806671,0.14035944830650518,1.1541371027193519,0.0567775777245123,0.05738707312455575,-0.1660829090187242,-0.23807148670731726,0.29293542480414875,0
1323,2024-09-20 20:23:05.689315186,0,013,-0.14152417451399552,0.1382633241766237,1.1651318370647599,0.06645051367520256,0.0324065856370017,-0.16237788735894182,-0.230352465825151,0.1671836578816325,0
1324,2024-09-20 20:23:05.760108887,0,013,-0.15592158162774797,0.13589924466569472,1.189294250311161,0.07132117107370015,0.0040052324055573334,-0.15388655396054304,-0.2609422244480766,0.041452481495862656,0
1325,2024-09-20 20:23:06.703854004,0,013,-0.168786940219584,0.1331723200355556,1.2273393911676924,0.07116140604333443,-0.024997712405234473,-0.14172081193947653,-0.3371728378901387,-0.07599385396025825,0
1326,2024-09-20 20:23:06.771691162,0,013,-0.17974680246895386,0.1299737099215046,1.279338382044032,0.0659590650139757,-0.051478617517224615,-0.12733834943598532,-0.4646616365673325,-0.17735964434185242,0
1327,2024-09-20 20:23:06.826934082,0,013,-0.1886960854461197,0.12619120895864996,1.3446461345937686,0.05593815671676308,-0.07229890312734681,-0.1124165105347609,-0.6468974087025123,-0.2561025740331339,0
1328,2024-09-20 20:23:06.904068848,0,013,-0.1957724534060359,0.12171609275916408,1.4220866205290355,0.04152904676105402,-0.08458823786603774,-0.09873382530924919,-0.8849918741631133,-0.30750810356633906,0
1329,2024-09-20 20:23:06.974782959,0,013,-0.20130747578044045,0.11644523585109497,1.5103197664047194,0.02330937197931911,-0.08600679377071845,-0.08805420383771258,-1.1773944313323235,-0.3290423022196944,0
1330,2024-09-20 20:23:07.042496826,0,013,-0.20577277766732383,0.1102856011034243,1.6082254308614787,0.0019400701979326556,-0.07495556801117104,-0.08200972077873757,-1.5197522729556698,-0.32044424314021075,0
1331,2024-09-20 20:23:07.104975098,0,013,-0.20973735583328834,0.1031671647194665,1.7152137251017363,-0.02189283719234393,-0.05071835283259157,-0.08198900480515632,-1.9052094755161872,-0.28355826630232667,0
1332,2024-09-20 20:23:08.019993164,TASK_END,013,-0.21383988738705653,0.09506270776154307,1.831426325169682,-0.047526682825597744,-0.013556091295287856,-0.08903728867500524,-2.3251842564095044,-0.22197946539949515,0
