,time,MARKER,pid,L_O_DSI,L_D_DSI,L_O_DSphi,L_D_DSphi,R_O_DSI,R_D_DSI,R_O_DSphi,R_D_DSphi,trial_id
0,2024-09-24 12:14:54.553877248,TASK_BEGIN,016,0.3009171208030778,-0.11030864343409945,0.5387458957110927,0.155960033887702,-0.6123586650949462,-0.05364721713915311,5.838900474168693,-0.5971968765945052,0
1,2024-09-24 12:14:54.621636096,TASK_BEGIN,016,0.2826834969861165,-0.07807127320592874,0.7390256078833698,-0.084928771033068,-0.4831818275567304,-0.0649080113859064,5.546133016332701,-0.8230581132575934,0
2,2024-09-24 12:14:54.689438976,TASK_BEGIN,016,0.2673607897684375,-0.047077095632576615,0.9320961512560862,-0.3173836787983224,-0.36060100757156494,-0.07578299018538207,5.262358311613975,-1.0424938118508842,0
3,2024-09-24 12:14:54.743823104,TASK_BEGIN,016,0.2568205096674101,-0.018308134809409557,1.1139727365366248,-0.5350031307447731,-0.2498622629874191,-0.08573680130572751,4.9972015663313805,-1.2498819142386564,0
4,2024-09-24 12:14:54.821931776,TASK_BEGIN,016,0.2523813085835834,0.007448295877938248,1.2819640882333503,-0.7325864668885282,-0.15519416198625757,-0.09433087844836187,4.757489292609475,-1.4404989963555472,0
5,2024-09-24 12:14:55.767481088,TASK_BEGIN,016,0.25471624343192784,0.029637294912533276,1.4347420941651219,-0.9064170306160408,-0.07943523157792304,-0.10127319008364907,4.546971600452502,-1.610732827552717,0
6,2024-09-24 12:14:55.826009088,TASK_BEGIN,016,0.2638376829142058,0.04794504437094082,1.5722238022954427,-1.0543797464548583,-0.023893928190370395,-0.10643232825874212,4.366750410757987,-1.7581712961706584,0
7,2024-09-24 12:14:55.903685120,TASK_BEGIN,016,0.27914103590141554,0.06229294361948019,1.695433123158085,-1.1759510859159008,0.011521581079592969,-0.10980389960622416,4.216007655248389,-1.8816055472851274,0
8,2024-09-24 12:14:55.965681920,TASK_BEGIN,016,0.29952824952741985,0.0728169330368747,1.8063819988829923,-1.272090143710444,0.02799943141374243,-0.11144506993156159,4.092861166371402,-1.9809928737721532,0
9,2024-09-24 12:14:56.028167936,TASK_BEGIN,016,0.32361463881525304,0.07982467640704287,1.9079039554621944,-1.345048433503802,0.027487921228365072,-0.11141483487603569,3.995360106132754,-2.0574172260243566,0
10,2024-09-24 12:14:56.106369024,TASK_BEGIN,016,0.3499653798312093,0.08373636336038161,2.0033872853954806,-1.3980979862633478,0.012414976549734613,-0.10974912935244853,3.9223954415928812,-2.113020969610989,0
11,2024-09-24 12:14:56.175170048,TASK_BEGIN,016,0.3772971221023938,0.08502614675620379,2.0964323581985806,-1.4351806374473752,-0.014495276542417817,-0.10647552137135703,3.8741014892037158,-2.15083204846555,0
12,2024-09-24 12:14:57.104072960,TASK_BEGIN,016,0.4046166282470975,0.08417451344853158,2.190499746184147,-1.4605181452424834,-0.050289947152568376,-0.10165780297688315,3.8516196136111525,-2.1744656065638477,0
13,2024-09-24 12:14:57.183320064,TASK_BEGIN,016,0.43128622026508406,0.08163124126536757,2.288627316971153,-1.4782462690020637,-0.09176841653655861,-0.09545492221188823,3.8563682946695854,-2.1877574825711856,0
14,2024-09-24 12:14:57.244272896,TASK_BEGIN,016,0.4570011987488716,0.0777893085103844,2.393276756101109,-1.4921200808734472,-0.13545708505459864,-0.08817078492687638,3.888908214730936,-2.1943883105120263,0
15,2024-09-24 12:14:57.321778944,TASK_BEGIN,016,0.4816898840313642,0.07297367699518167,2.5062816053540606,-1.5053140491730121,-0.1776573547315397,-0.08027081429837414,3.947657485997296,-2.19753549666952,0
16,2024-09-24 12:14:57.384663040,TASK_BEGIN,016,0.5053943515766003,0.06744341240197613,2.6288111979914297,-1.520327067078507,-0.21460299600432653,-0.07235655525527745,4.0280676577938195,-2.1996023322317333,0
17,2024-09-24 12:14:57.451777024,TASK_BEGIN,016,0.5281892002073358,0.061398430844961584,2.7613298231726673,-1.538979584029477,-0.24271129069937628,-0.0651099106097023,4.122653276995654,-2.20206811278646,0
18,2024-09-24 12:14:57.525193728,TASK_BEGIN,016,0.5501446842779237,0.05498496804302216,2.903584181770813,-1.562453264142243,-0.2588673980252208,-0.059227628670967564,4.221621030269537,-2.2054578072977304,0
19,2024-09-24 12:14:58.429580032,TASK_BEGIN,016,0.5713125978149249,0.0483020488959325,3.054622920959575,-1.591320566704713,-0.26066217960342236,-0.05535910422050588,4.313730731033599,-2.209422550176748,0
20,2024-09-24 12:14:58.506753792,TASK_BEGIN,016,0.5917271383638237,0.04141190986645941,3.21283938477804,-1.6255647277473686,-0.246532403667923,-0.05404887048303365,4.3873916967717985,-2.2129529412344326,0
21,2024-09-24 12:14:58.568886016,TASK_BEGIN,016,0.6114221445766894,0.0343504637818234,3.3760601249570668,-1.6646288221027714,-0.21581888317784131,-0.05568338094033658,4.431950235022644,-2.2146963550753997,0
22,2024-09-24 12:14:58.631233792,TASK_BEGIN,016,0.6304513209656388,0.027133252881299617,3.541711980747162,-1.7075067098439658,-0.168802088218455,-0.06044352587222845,4.438781523002656,-2.213262979972712,0
23,2024-09-24 12:14:58.712465152,TASK_BEGIN,016,0.6488869281812176,0.019761686406159707,3.70701666213906,-1.7528482366330476,-0.1067384874421494,-0.06826535632158968,4.401947211171717,-2.2074469592768677,0
24,2024-09-24 12:14:58.770914048,TASK_BEGIN,016,0.6667945562409593,0.012236229356226805,3.869030469956286,-1.799042172176453,-0.03184739183557653,-0.0788210031771596,4.318554739395881,-2.196387322195808,0
25,2024-09-24 12:14:58.848131840,TASK_BEGIN,016,0.6842111319687487,0.004570669337877415,4.024400566694605,-1.8442676083508804,0.052801959475174576,-0.09153675456343145,4.1888919297827725,-2.1796908238649118,0
26,2024-09-24 12:14:59.779596800,TASK_BEGIN,016,0.7011332312523629,-0.003201426029599978,4.169017730116505,-1.886552621643695,0.14347411032804586,-0.10564577698779569,4.016164441369977,-2.1574934326890323,0
27,2024-09-24 12:14:59.856756736,TASK_BEGIN,016,0.7174859472811527,-0.011021882209961942,4.297972228070944,-1.923893571871765,0.23596831713492686,-0.12025195634504764,3.805734228722744,-2.1304445403750027,0
28,2024-09-24 12:14:59.929188096,TASK_BEGIN,016,0.7330737701112174,-0.018795797492766605,4.406047979506151,-1.9544396153692523,0.3258561306672832,-0.13438730014573874,3.5640894677364074,-2.0996261295579663,0
29,2024-09-24 12:14:59.996440064,TASK_BEGIN,016,0.747569856908199,-0.026381398869516987,4.488611682346533,-1.9766955737389107,0.40879115755860757,-0.1470617422499099,3.298045838400715,-2.0664394985317833,0
30,2024-09-24 12:15:00.058927872,TASK_BEGIN,016,0.7605694903432144,-0.03359640101579032,4.542588643110569,-1.9896966680494474,0.4808259338174532,-0.15730822379440312,3.0145723753997244,-2.0325030896608745,0
31,2024-09-24 12:15:00.120488704,TASK_BEGIN,016,0.7716621525184817,-0.04023784814003796,4.5672846803239775,-1.9931231753530672,0.5386329091251569,-0.16422618489244442,2.72113961615829,-1.9995708955114098,0
32,2024-09-24 12:15:00.198612992,TASK_BEGIN,016,0.7804835407873633,-0.046102702160681235,4.564845972378639,-1.987318819048975,0.5796300972031552,-0.16703172469409358,2.426058648360165,-1.9694214112630812,0
33,2024-09-24 12:15:01.106705920,TASK_BEGIN,016,0.7867629802490096,-0.05100631869792923,4.5401617804477965,-1.9731964300219909,0.6020867032774542,-0.16512027418162395,2.1383267055204627,-1.9436757907551037,0
34,2024-09-24 12:15:01.186461952,TASK_BEGIN,016,0.790382960160397,-0.054804093449031005,4.5001860927361825,-1.9520693410126688,0.6052354230935691,-0.15813366586753813,1.866944612413946,-1.923583129639885,0
35,2024-09-24 12:15:01.245780992,TASK_BEGIN,016,0.7914307381609449,-0.057414865883660154,4.452883907497816,-1.9254735383858765,0.5893572804684291,-0.14601241142410595,1.620119288130197,-1.9098523295169112,0
36,2024-09-24 12:15:01.308209920,TASK_BEGIN,016,0.7902115105941796,-0.058833832774017304,4.406097521277572,-1.8950216791235133,0.5558026886074925,-0.1290136877693002,1.4048382128929686,-1.902581884518156,0
37,2024-09-24 12:15:01.386658048,TASK_BEGIN,016,0.7872149072318956,-0.05912456512749438,4.36653769695207,-1.8622901295102847,0.5069120984697614,-0.10768354968855819,1.2269771342550122,-1.901306406407119,0
38,2024-09-24 12:15:01.457618944,TASK_BEGIN,016,0.7830513114116878,-0.058394936356686876,4.338923717933899,-1.8287045443089822,0.4457925072405982,-0.08278651394796063,1.0917042654795948,-1.9051523884345474,0
39,2024-09-24 12:15:01.525436928,TASK_BEGIN,016,0.778376597045164,-0.05677090287757713,4.325265062633353,-1.7953945799193671,0.37596221896656984,-0.05521175371382257,1.0037794245235725,-1.9130535516583564,0
40,2024-09-24 12:15:02.468722176,TASK_BEGIN,016,0.7738188120948635,-0.05437604072978886,4.324470186378364,-1.7630574654512494,0.30097872904641804,-0.02588353282138335,0.9674400736036513,-1.9239517431489654,0
41,2024-09-24 12:15:02.536562944,TASK_BEGIN,016,0.76993269324089,-0.05131896271087361,4.332569072810567,-1.7319259341247777,0.2242013206865996,0.004298659781766594,0.9858426802714929,-1.9369339532730119,0
42,2024-09-24 12:15:02.596304896,TASK_BEGIN,016,0.7672041633632632,-0.047692883253954196,4.343645396131594,-1.7018955446714905,0.14875376964966863,0.03447744397855631,1.0603691203745522,-1.9513100022993,0
43,2024-09-24 12:15:02.658790144,TASK_BEGIN,016,0.766087734245049,-0.04359066549951103,4.3512466672941335,-1.6727670388805609,0.07759676294522981,0.06382487459978205,1.190167926106185,-1.9666570322923174,0
44,2024-09-24 12:15:02.736719104,TASK_BEGIN,016,0.7670399457934685,-0.03913002788451248,4.349811673735204,-1.6444979347837756,0.013531677873332417,0.09153494103800888,1.3720172080869912,-1.9828249425499893,0
45,2024-09-24 12:15:02.807749120,TASK_BEGIN,016,0.7705366727593368,-0.03447583081196385,4.335702950948048,-1.6173773534324223,-0.04095014667289823,0.11684713854063157,1.6004777457970505,-1.9998963273274462,0
46,2024-09-24 12:15:02.875552000,TASK_BEGIN,016,0.7770827697871685,-0.029848007413808053,4.307715487199145,-1.5921001344836658,-0.08387648488120342,0.13909169116378495,1.868408252719841,-2.0181384312422943,0
47,2024-09-24 12:15:03.813654016,TASK_BEGIN,016,0.7872062289840216,-0.025512649464147958,4.267176868846964,-1.5697519446241057,-0.11391212569007411,0.1577278052471001,2.167751215281356,-2.0379600602899632,0
48,2024-09-24 12:15:03.876142080,TASK_BEGIN,016,0.801413664420685,-0.02176094599492719,4.217819154214719,-1.5517184729865507,-0.1303493726262663,0.17236077687281953,2.4901231005446416,-2.0598048545986885,0
49,2024-09-24 12:15:03.954278144,TASK_BEGIN,016,0.8201146318075538,-0.01888263683844036,4.165551661106797,-1.539544539331939,-0.13304106261394347,0.18274528896557413,2.8266973709707766,-2.083921772275177,0
50,2024-09-24 12:15:04.021710080,TASK_BEGIN,016,0.8435530553354392,-0.01713944894883097,4.118142060608335,-1.5347829366816472,-0.12233749976680623,0.18878493604278934,3.1673779196664142,-2.1100776042534424,0
51,2024-09-24 12:15:04.081064960,TASK_BEGIN,016,0.8717527348438175,-0.01674100596077359,4.084680867158973,-1.5388488169845742,-0.09903799496295201,0.19052927233370207,3.4998882057474,-2.137368122410919,0
52,2024-09-24 12:15:04.157047040,TASK_BEGIN,016,0.9044495971378772,-0.0178229809167879,4.074692453593032,-1.5528713832336947,-0.06435875297148848,0.1881684541232488,3.80955657277515,-2.164254912940628,0
53,2024-09-24 12:15:04.225558016,TASK_BEGIN,016,0.9410184254374802,-0.020427288079407854,4.096920103264935,-1.577549585050573,-0.019931078069889602,0.18203059189215848,4.080229967809697,-2.1888516066457506,0
54,2024-09-24 12:15:05.158116096,TASK_BEGIN,016,0.9804541444115625,-0.02448926998999947,4.158039776332993,-1.6130338636280461,0.03217414871670764,0.1725842152618445,4.2960779542578305,-2.2093471516921475,0
55,2024-09-24 12:15:05.236736000,TASK_BEGIN,016,1.021462060270506,-0.029844430367984183,4.261658991414882,-1.658848592898135,0.08944182772217861,0.16043665133584079,4.443444921434436,-2.2243651661345956,0
56,2024-09-24 12:15:05.296861696,TASK_BEGIN,016,1.0626484024588134,-0.0362627865381534,4.40781730659776,-1.7138582991797406,0.14898746949035785,0.14631309140399532,4.512101767679949,-2.233136191109462,0
57,2024-09-24 12:15:05.372366080,TASK_BEGIN,016,1.1027372846854437,-0.04349846225928134,4.592920914196766,-1.7762693586750828,0.20774367749483816,0.13100854944436874,4.49596263380815,-2.2355118201257502,0
58,2024-09-24 12:15:05.435670016,TASK_BEGIN,016,1.1407416506082924,-0.051331191465551464,4.809930251853184,-1.843661303430421,0.26275800848524694,0.11531580969971424,4.393531989532397,-2.231899111727525,0
59,2024-09-24 12:15:05.497675776,TASK_BEGIN,016,1.1760768443263419,-0.059591128331706246,5.048792181124479,-1.9130708048117968,0.3115623114623008,0.09993930067786368,4.208046330060587,-2.2231522347147035,0
60,2024-09-24 12:15:05.575709952,TASK_BEGIN,016,1.208631223615241,-0.0681747722916317,5.297222745251285,-1.9811577259119877,0.35252824456015813,0.08541119822122356,3.9470823463202134,-2.210406514492738,0
61,2024-09-24 12:15:06.506017024,TASK_BEGIN,016,1.238772333537918,-0.07705465617973595,5.54177619894237,-2.0444345066875065,0.38512976365772555,0.07202934950342825,3.6215854129374434,-2.1948453646515254,0
62,2024-09-24 12:15:06.577562880,TASK_BEGIN,016,1.2672547004311225,-0.08627433477603652,5.768980273429809,-2.0995083602289117,0.4100766625384154,0.05983192356377268,3.244701934538832,-2.1774705800731953,0
63,2024-09-24 12:15:06.654611968,TASK_BEGIN,016,1.295042020604196,-0.09592528174175824,5.966404550329464,-2.1433142716044107,0.4292866874058489,0.048615668201647415,2.8308514669687184,-2.158981159405454,0
64,2024-09-24 12:15:06.716697088,TASK_BEGIN,016,1.323096935110219,-0.10611424750526807,6.123643741557121,-2.1733430647033645,0.4456582050166494,0.03799692118398064,2.39499971881438,-2.139784922951242,0
65,2024-09-24 12:15:06.778216960,TASK_BEGIN,016,1.3521904721304134,-0.11693066435946563,6.233164263777554,-2.1878547108205044,0.46266366569680895,0.027504820058315477,1.9518148012779677,-2.1200542379951077,0
66,2024-09-24 12:15:06.855865088,TASK_BEGIN,016,1.3827699944071346,-0.1284185918772639,6.290884131696224,-2.1860449465152714,0.48386216351235073,0.01668486210590345,1.5146013124438322,-2.099703228827412,0
67,2024-09-24 12:15:06.925810944,TASK_BEGIN,016,1.4149080032601211,-0.140558686598251,6.296351602177894,-2.1681289014061695,0.512440621776457,0.005185366768505282,1.0942556992918877,-2.0782767441222862,0
68,2024-09-24 12:15:07.860740864,TASK_BEGIN,016,1.4483247234897705,-0.15326839842891898,6.252465618143494,-2.135321896481133,0.550843325460523,-0.00719240132873135,0.6986835767556594,-2.0549025844176168,0
69,2024-09-24 12:15:07.923217920,TASK_BEGIN,016,1.4824483956952343,-0.16642090062079357,6.164785158778731,-2.0897196166247496,0.6005083499404387,-0.02048111027466493,0.3330109182193751,-2.0284516907021835,0
70,2024-09-24 12:15:08.003675136,TASK_BEGIN,016,1.5164780413807306,-0.17986994079917698,6.0405512031284125,-2.03408708703901,0.6617154415948897,-0.03455636572885935,0.000537430311699178,-1.9978708512963825,0
71,2024-09-24 12:15:08.064263168,TASK_BEGIN,016,1.5494532284146947,-0.19346715954971744,5.88760095977994,-1.9715759784216773,0.7335347121788856,-0.049149970866525595,-0.2959761412969932,-1.9625307924448667,0
72,2024-09-24 12:15:08.139265024,TASK_BEGIN,016,1.5803548029982242,-0.2070702534711446,5.713393456518654,-1.9054194985636135,0.8138589643832186,-0.06385896826710569,-0.5531533775326465,-1.9224877833825582,0
73,2024-09-24 12:15:08.203945984,TASK_BEGIN,016,1.6082133121983482,-0.2205446350788817,5.524339211112384,-1.8386663817288944,0.8995127092884273,-0.07815447487721869,-0.7662160206634565,-1.8786602568255577,0
74,2024-09-24 12:15:08.266431232,TASK_BEGIN,016,1.6321732213397455,-0.23375643748183017,5.325526535544073,-1.7739864842665738,0.9864367443433287,-0.0913998017115055,-0.9285894215228829,-1.832923521514776,0
75,2024-09-24 12:15:09.191520000,TASK_BEGIN,016,1.651520028027681,-0.2465592073167321,5.120846714104602,-1.7135495473426676,1.0699617981437999,-0.10288718093822591,-1.0320299242526814,-1.7880499522325266,0
76,2024-09-24 12:15:09.258043904,TASK_BEGIN,016,1.6657193892695075,-0.2587871020519637,4.913475692084489,-1.6589812412926181,1.1452000741807722,-0.11190041373158208,-1.0675737301581356,-1.7474194511625314,0
77,2024-09-24 12:15:09.320072960,TASK_BEGIN,016,1.6744594340231933,-0.2702620798217378,4.706599164242807,-1.6114106498349998,1.207540859673266,-0.11780030598696573,-1.0273399677832196,-1.7145439446866253,0
78,2024-09-24 12:15:09.382561024,TASK_BEGIN,016,1.6776343520053607,-0.2808052698843743,4.504175823024961,-1.5715971959467423,1.2531570244695853,-0.12011270160952908,-0.9066842893554249,-1.6925473007316334,0
79,2024-09-24 12:15:09.462743040,TASK_BEGIN,016,1.6752583497669338,-0.2902395289170819,4.311487242115118,-1.5400747134388355,1.2794095053739662,-0.11859629738843278,-0.7059118496626292,-1.6837351456418381,0
80,2024-09-24 12:15:09.530561024,TASK_BEGIN,016,1.6673799051220257,-0.2983851492755152,4.135250344248984,-1.5172403598351314,1.2850802315799208,-0.11328229442889676,-0.4308858091716416,-1.6893482248600278,0
81,2024-09-24 12:15:09.589988096,TASK_BEGIN,016,1.6540631623361666,-0.30506053981147274,3.983232109948351,-1.5033750929647285,1.2703911961208234,-0.104484572880423,-0.0924272679736034,-1.7095269059789178,0
82,2024-09-24 12:15:10.542000128,TASK_BEGIN,016,1.6354300399457955,-0.3100916717282433,3.8635139158462666,-1.4986389570729692,1.2367929471324821,-0.09277191622037205,0.2949481512713099,-1.7434249369872168,0
83,2024-09-24 12:15:10.605204224,TASK_BEGIN,016,1.6117112708824846,-0.3133214476239723,3.783596536402656,-1.5030676287994047,1.1865984852147229,-0.07889625583188548,0.714449606531724,-1.7894119600704768,0
84,2024-09-24 12:15:10.667229952,TASK_BEGIN,016,1.58327613642664,-0.3146115550594022,3.7494872877197762,-1.516555663101652,1.1226325401082267,-0.06369180695381252,1.1486459460053347,-1.8453715845531315,0
85,2024-09-24 12:15:10.743887872,TASK_BEGIN,016,1.5506455702378314,-0.31384406515114716,3.764887578216654,-1.5388098861486053,1.0480293593434393,-0.04797904196562187,1.5814015572490643,-1.909056064922008,0
86,2024-09-24 12:15:10.805548032,TASK_BEGIN,016,1.5144904246257365,-0.3109349912638281,3.8305501644169255,-1.56927214727839,0.9661634607185065,-0.032499946895984115,1.999643900114197,-1.978343386264086,0
87,2024-09-24 12:15:10.881010944,TASK_BEGIN,016,1.4756075154948982,-0.30585838216060385,3.943861295825208,-1.6070258028096607,0.8806009583352455,-0.01788410500996032,2.3943447163932388,-2.0512786954591116,0
88,2024-09-24 12:15:10.944803840,TASK_BEGIN,016,1.4348956609232153,-0.2986716612705325,4.098775906421708,-1.65072402852583,0.7949986477877878,-0.004632895489895841,2.7605751163764127,-2.1259557243694926,0
89,2024-09-24 12:15:11.863286016,TASK_BEGIN,016,1.3933705142467754,-0.28954092274638166,4.286254756640217,-1.69859309333198,0.7129512208596199,0.006883098421469717,3.0968166671725785,-2.200370024964838,0
90,2024-09-24 12:15:11.925766912,TASK_BEGIN,016,1.3522052681191874,-0.27876603820082363,4.4952160971928965,-1.748541403379096,0.637790987447886,0.016416688259702338,3.403543980882803,-2.2722908104953086,0
91,2024-09-24 12:15:12.002980096,TASK_BEGIN,016,1.3127319612141852,-0.2667932694120687,4.713767617538084,-1.798344441917314,0.5723367250176226,0.02383653141652898,3.6811303209641717,-2.3391391713289686,0
92,2024-09-24 12:15:12.065465856,TASK_BEGIN,016,1.2763658108938731,-0.25419946418961387,4.930332078271999,-1.8458293017397582,0.5186443654085309,0.029124538441281867,3.9276993875712383,-2.39792198450779,0
93,2024-09-24 12:15:12.127563008,TASK_BEGIN,016,1.244488322989835,-0.24164722641995612,5.13443653964952,-1.8890067709066185,0.4778647872100969,0.03237064053648712,4.137891331669316,-2.445322347016248,0
94,2024-09-24 12:15:12.207489024,TASK_BEGIN,016,1.218348548004064,-0.22982752701622583,5.317254755859652,-1.9261587272077514,0.4502658199861257,0.033755201946826664,4.303148548205802,-2.478003577723164,0
95,2024-09-24 12:15:12.266827776,TASK_BEGIN,016,1.198987292611926,-0.2194048995817346,5.472089732162612,-1.9559125691336992,0.435380852270556,0.03351851852573271,4.413451658338314,-2.4930878493997572,0
96,2024-09-24 12:15:13.213556992,TASK_BEGIN,016,1.1871460487258234,-0.2109669079880626,5.5948272535997665,-1.9773226500656669,0.43221920292073596,0.031924660443843365,4.459812500442872,-2.488657275011471,0
97,2024-09-24 12:15:13.276043008,TASK_BEGIN,016,1.1831658797059998,-0.2049771178206247,5.684266027263273,-1.9899605620777134,0.43950107780457087,0.029226203376666558,4.436559244423378,-2.4640800125733104,0
98,2024-09-24 12:15:13.353783040,TASK_BEGIN,016,1.1869359298802766,-0.2017403746865593,5.74218439549021,-1.9939919264560375,0.455887450453609,0.02563071472915911,4.34277271698384,-2.420075836983712,0
99,2024-09-24 12:15:13.414885120,TASK_BEGIN,016,1.1979194213506519,-0.20138864343482893,5.772980165607914,-1.9901954628595686,0.4801571175566091,0.021270112748088835,4.182710307320982,-2.3585936718532223,0
100,2024-09-24 12:15:13.476954880,TASK_BEGIN,016,1.2152220167569676,-0.20388125955619243,5.782876961589831,-1.9798966876711779,0.5112801176841029,0.016183062318759725,3.9651900324502365,-2.282604322292067,0
101,2024-09-24 12:15:13.557355008,TASK_BEGIN,016,1.2376709136866588,-0.20900756293469,5.778993982600578,-1.9648442927553016,0.5483689952956042,0.010324266816554373,3.702094327974765,-2.195849004253911,0
102,2024-09-24 12:15:13.618300928,TASK_BEGIN,016,1.2639081544397643,-0.21639104979864798,5.76862398037076,-1.9470807064812068,0.5905305694523553,0.0036047684226354387,3.406759272995863,-2.1025783693268836,0
103,2024-09-24 12:15:14.568417024,TASK_BEGIN,016,1.2924943399169115,-0.22550449517278956,5.758703887842598,-1.9288066749725896,0.6366635547560091,-0.0040448303898330705,3.09318247793482,-2.0073433021473663,0
104,2024-09-24 12:15:14.633678848,TASK_BEGIN,016,1.3220008654642668,-0.2357024159322121,5.755162652455804,-1.9121922730210652,0.6852740036374385,-0.012604601294674823,2.7759944082572687,-1.914826392298472,0
105,2024-09-24 12:15:14.694472192,TASK_BEGIN,016,1.351088200610957,-0.24626904383841186,5.76204472524231,-1.899129269774736,0.7344008953250075,-0.021911288009118377,2.4702485789248487,-1.8296239699531613,0
106,2024-09-24 12:15:14.771586816,TASK_BEGIN,016,1.378586107733373,-0.25647677596571894,5.780731525358341,-1.8909943329577634,0.7816977960152973,-0.031640539069652154,2.19057460797857,-1.7559596657704204,0
107,2024-09-24 12:15:14.833103104,TASK_BEGIN,016,1.4035714975798106,-0.26564924146421043,5.809634773239838,-1.8884969564544742,0.824633906134392,-0.04133363749205222,1.9501167982160037,-1.6974032803245187,0
108,2024-09-24 12:15:14.895133184,TASK_BEGIN,016,1.4254207839648896,-0.2732192031954043,5.844422759164552,-1.891632692226569,0.8607473365825349,-0.05046026500724477,1.7597271361781694,-1.6566390079223716,0
109,2024-09-24 12:15:14.972758016,TASK_BEGIN,016,1.443830820235874,-0.2787683165303009,5.878612552301481,-1.8997242582790113,0.8879034831140239,-0.0584956890952814,1.6275157840040295,-1.6352928778085947,0
110,2024-09-24 12:15:15.919123712,TASK_BEGIN,016,1.458823574423888,-0.2820417828989836,5.904397616409772,-1.9115316328254488,0.9045236908280561,-0.06498900584467564,1.5586887022176632,-1.6338680340068226,0
111,2024-09-24 12:15:15.980781056,TASK_BEGIN,016,1.4707358859244664,-0.28294302216906175,5.913607283575124,-1.9254142028710721,0.9097393937279816,-0.06960894303347716,1.555525213735899,-1.651819141261157,0
112,2024-09-24 12:15:16.042319104,TASK_BEGIN,016,1.4801641608318745,-0.2815160049366593,5.898589664921104,-1.9395142107285224,0.9034359470368607,-0.07216653961460623,1.61725191031337,-1.687678109115242,0
113,2024-09-24 12:15:16.119458048,TASK_BEGIN,016,1.4878440704384428,-0.27791593084604976,5.852855566611394,-1.951933780365256,0.8861997950364285,-0.07261998633715687,1.739579555774451,-1.7390993826074796,0
114,2024-09-24 12:15:16.190269952,TASK_BEGIN,016,1.4945030878674133,-0.27237110517338775,5.771560642178617,-1.960911823246035,0.8592225573660889,-0.07106519934272376,1.913980894188297,-1.802829938950022,0
115,2024-09-24 12:15:16.243961088,TASK_BEGIN,016,1.5007464679143547,-0.2651488665933159,5.652003267981754,-1.9650182642804848,0.8242038322505187,-0.06771651500243686,2.1272586693025257,-1.874744799507783,0
116,2024-09-24 12:15:16.325861888,TASK_BEGIN,016,1.506989036380258,-0.25653490045091476,5.494132331654163,-1.9633363810243907,0.7832619444152129,-0.06288645517523624,2.3620586420011254,-1.950048333566251,0
117,2024-09-24 12:15:17.268573952,TASK_BEGIN,016,1.5134071711922623,-0.24681992311757434,5.300812592337529,-1.9555604918924063,0.7388534032825179,-0.05696908243335693,2.5985146090076165,-2.0236244779270773,0
118,2024-09-24 12:15:17.325993984,TASK_BEGIN,016,1.5199164844513031,-0.23628605327943206,5.077621948285015,-1.9419753337197412,0.6937049842388421,-0.05042040035595562,2.816598058786614,-2.090478519012152,0
119,2024-09-24 12:15:17.403625984,TASK_BEGIN,016,1.526214491999217,-0.22519902401629308,4.832274528611354,-1.9233695438854765,0.650731744058263,-0.04372767348300976,2.9984840693948223,-2.146227056871407,0
120,2024-09-24 12:15:17.466191872,TASK_BEGIN,016,1.5318902681119522,-0.21381392482470854,4.573972527751046,-1.9009543856869444,0.612870841013512,-0.0373656275456588,3.1303585109678846,-2.1875662462504866,0
121,2024-09-24 12:15:17.539809024,TASK_BEGIN,016,1.5365458523886852,-0.20238639039646367,4.312866233727768,-1.8762939048861855,0.5828005041391882,-0.03174283913144657,3.2033535728110123,-2.2126023889699575,0
122,2024-09-24 12:15:17.598408960,TASK_BEGIN,016,1.5398782448911417,-0.1911753457278893,4.059584167225451,-1.8512035590431062,0.5626330652610825,-0.027150579043326108,3.2136685705926378,-2.220964586021921,0
123,2024-09-24 12:15:17.660897024,TASK_BEGIN,016,1.541709571673938,-0.18043468899231419,3.824722147806185,-1.8275955615572164,0.553714805895649,-0.023733732785048818,3.1622855556645266,-2.2137154543833746,0
124,2024-09-24 12:15:18.613600000,TASK_BEGIN,016,1.541966019124736,-0.1703986500496447,3.6182312117496678,-1.807291263364316,0.5565675430646494,-0.02149397831198425,3.054641893927973,-2.193115644668262,0
125,2024-09-24 12:15:18.676087040,TASK_BEGIN,016,1.5406081384122816,-0.1612627150986319,3.4487023223590785,-1.7918324799408096,0.5709035306843622,-0.020314646331023586,2.9001688310263076,-2.162283537265636,0
126,2024-09-24 12:15:18.739348992,TASK_BEGIN,016,1.537536903629725,-0.15316093970835878,3.322602262174871,-1.7823191876540943,0.5956598999888513,-0.01998893970141543,2.71135003051692,-2.124804726771022,0
127,2024-09-24 12:15:18.816736768,TASK_BEGIN,016,1.5325215295688326,-0.1461458101723117,3.243601021809141,-1.7792994558189013,0.6290787149401902,-0.020245360852554198,2.5022327761425474,-2.0843542041643257,0
128,2024-09-24 12:15:18.878347776,TASK_BEGIN,016,1.5251843481864757,-0.14018147066306688,3.212131615772168,-1.7827196597435053,0.6688706225152117,-0.020773348167025644,2.2866943244007385,-2.0443432855344357,0
129,2024-09-24 12:15:18.956059136,TASK_BEGIN,016,1.5150360218938845,-0.13515506094678964,3.2252377499711615,-1.7919224662043207,0.7124210071396554,-0.021245496358055834,2.0768283468814226,-2.007578735877485,0
130,2024-09-24 12:15:19.018544896,TASK_BEGIN,016,1.5015242177329273,-0.1308974559557051,3.2767814821939103,-1.8056950743122697,0.7569498739865038,-0.021329220836657378,1.8817262204129117,-1.9759772338428971,0
131,2024-09-24 12:15:19.943630848,TASK_BEGIN,016,1.4840780076578712,-0.12720269208604226,3.3581335169856854,-1.8223896456752542,0.7996069111105724,-0.02069155665843784,1.7068243518476198,-1.9504163819582951,0
132,2024-09-24 12:15:20.005676032,TASK_BEGIN,016,1.4621655076232767,-0.12384817794895872,3.4593495253350324,-1.840115828352439,0.837571919349591,-0.019008317379112526,1.5538859594586591,-1.9307672155115918,0
133,2024-09-24 12:15:20.079472896,TASK_BEGIN,016,1.4353782899810021,-0.1206238367221104,3.5705835805619017,-1.8569594935909626,0.8682007154843395,-0.015979624962497076,1.4217016099661104,-1.9160911697814549,0
134,2024-09-24 12:15:20.145782016,TASK_BEGIN,016,1.4035271352413308,-0.11736571816782336,3.6832794307915706,-1.8711552088873085,0.8891695478801172,-0.011342364824489375,1.3075568615694335,-1.9049351276694348,0
135,2024-09-24 12:15:20.208124928,TASK_BEGIN,016,1.3667289004125351,-0.11397684960632057,3.7907444197079094,-1.8811693695811413,0.8985772988000776,-0.004874848937096079,1.2090594862951602,-1.8956286443766304,0
136,2024-09-24 12:15:20.270611200,TASK_BEGIN,016,1.3254778410164532,-0.11042684678480309,3.8880787055360355,-1.8857141973040843,0.8950360774431104,0.0035971930809793775,1.1254529885713167,-1.8865028011437295,0
137,2024-09-24 12:15:20.348314880,TASK_BEGIN,016,1.2806866017290799,-0.10674049572508627,3.9717312325297454,-1.8837336750422002,0.8777833831517152,0.014180939990306249,1.0579171935471388,-1.8760311613450484,0
138,2024-09-24 12:15:21.292971008,TASK_BEGIN,016,1.2336634768768324,-0.10298621767134185,4.038968332416274,-1.8743840958631741,0.8467824336639976,0.026882126909570724,1.009131383976154,-1.8629527828439327,0
139,2024-09-24 12:15:21.360713984,TASK_BEGIN,016,1.1860113770152558,-0.0992611803527402,4.0874426369115655,-1.8570318581793308,0.8027446114966557,0.04157093523476184,0.9824248025595517,-1.8463834189175345,0
140,2024-09-24 12:15:21.428622080,TASK_BEGIN,016,1.1394833129827768,-0.0956675445696848,4.114947593802649,-1.8312905353845956,0.7470429523909146,0.0579710656716614,0.9805215584357642,-1.8258560121047913,0
141,2024-09-24 12:15:21.484840960,TASK_BEGIN,016,1.095844792168227,-0.09228725025234757,4.119352657167125,-1.797088313604509,0.6815385565310623,0.07568346897840891,1.0041089850568858,-1.8012775481775305,0
142,2024-09-24 12:15:21.563591168,TASK_BEGIN,016,1.0567546372236583,-0.08916800906656294,4.098699461062652,-1.7547343685005719,0.6083740583671382,0.09423190058493995,1.0507437518412244,-1.7728598468694046,0
143,2024-09-24 12:15:21.626563072,TASK_BEGIN,016,1.0236464796973794,-0.08632243361210816,4.051439507017507,-1.7049599299938982,0.5298033013110753,0.1131067146163374,1.1143274811430477,-1.7410562040703008,0
144,2024-09-24 12:15:21.688589056,TASK_BEGIN,016,0.9976143432148113,-0.08373370519098539,3.9767422910378643,-1.648920919629139,0.44811324665811436,0.13179483717428092,1.1851300169110615,-1.7064815367249437,0
145,2024-09-24 12:15:22.610722816,TASK_BEGIN,016,0.9793204318015437,-0.0813646796424537,3.8748150508330164,-1.5881618042320544,0.3656305079047819,0.14979773003341687,1.2505836374373556,-1.669827409248995,0
146,2024-09-24 12:15:22.672787968,TASK_BEGIN,016,0.9689184903712265,-0.0791699827513795,3.747221394788816,-1.5245527405315464,0.2847411928730579,0.16664219044592105,1.2971574844373945,-1.6318489253547206,0
147,2024-09-24 12:15:22.754558976,TASK_BEGIN,016,0.9659852061541774,-0.07710575844154843,3.597098041099326,-1.4601996600881935,0.20786007743532517,0.18188878831371963,1.3129845647338447,-1.5934678372622946,0
148,2024-09-24 12:15:22.813127936,TASK_BEGIN,016,0.9694965620199568,-0.07513003923455995,3.4291265870555714,-1.3973169552606803,0.1373361720932008,0.19514475672355544,1.2901396445634141,-1.55592012164296,0
149,2024-09-24 12:15:22.874716928,TASK_BEGIN,016,0.9779016012269932,-0.0731954684846162,3.2493219670826243,-1.338081855346763,0.07531278413708478,0.20608479625038312,1.225577435559918,-1.5208162074677691,0
150,2024-09-24 12:15:22.957906944,TASK_BEGIN,016,0.9892912985452667,-0.07124511387929333,3.0648185661207235,-1.2845064001483568,0.02356751719628127,0.21447243360954812,1.120744157180939,-1.4900471983011327,0
151,2024-09-24 12:15:23.014772992,TASK_BEGIN,016,1.0015930227588195,-0.06921689007862415,2.8836226076474385,-1.2383308610681758,-0.016642285740671378,0.22016978707268978,0.9806568530677225,-1.465574924620234,0
152,2024-09-24 12:15:23.964217088,TASK_BEGIN,016,1.0127247166078464,-0.06704925737657756,2.714167659603924,-1.2009290532388477,-0.04469897047170327,0.22313343509864092,0.8130963745434266,-1.4491794435618226,0
153,2024-09-24 12:15:24.026962944,TASK_BEGIN,016,1.02071296858578,-0.06468092728718577,2.5647350443667505,-1.1732482717609667,-0.060658927709946554,0.22340402884596733,0.628025480157296,-1.4422187687185384,0
154,2024-09-24 12:15:24.104677120,TASK_BEGIN,016,1.0238161346923176,-0.062049386731951164,2.4429804409609606,-1.155817183870787,-0.06515695527519144,0.22109334548441567,0.43717654308680176,-1.4454493672422475,0
155,2024-09-24 12:15:24.172496128,TASK_BEGIN,016,1.0206471755651902,-0.05909618798352676,2.3556135949360706,-1.14881417544357,-0.0592123783583099,0.2163644799018635,0.2537927665041184,-1.458947056347011,0
156,2024-09-24 12:15:24.228794112,TASK_BEGIN,016,1.0102402824007857,-0.05577634291956271,2.3079802693164746,-1.152136493733309,-0.044041584548308824,0.20940314909338803,0.09233563799133263,-1.4821286297099812,0
157,2024-09-24 12:15:24.306472960,TASK_BEGIN,016,0.9920355564207547,-0.0520620485261993,2.303338030619817,-1.165404491842197,-0.020945846887224284,0.20038854407238296,-0.032111803912838056,-1.513855354066449,0
158,2024-09-24 12:15:24.368504064,TASK_BEGIN,016,0.9658306847191568,-0.04793797887660981,2.3420074144525183,-1.187899556970945,0.008752901100630045,0.18947823812582926,-0.10477582954204497,-1.5526126357147476,0
159,2024-09-24 12:15:25.318021120,TASK_BEGIN,016,0.9317673451329501,-0.04339642304711185,2.4208378635933103,-1.2184983456857228,0.0437830597714547,0.17681522409689862,-0.11235281208983024,-1.5967418143581857,0
160,2024-09-24 12:15:25.382536960,TASK_BEGIN,016,0.8903573492234785,-0.038440534144775426,2.533255249352938,-1.2556475627926647,0.0829956113410919,0.1625524711789272,-0.04437810606903989,-1.6446471937472915,0
161,2024-09-24 12:15:25.453688064,TASK_BEGIN,016,0.8424931833942474,-0.03309296841645696,2.6698428251781787,-1.297375650070782,0.12537689280237507,0.14688540995729377,0.1052893140096551,-1.6948848926314586,0
162,2024-09-24 12:15:25.506927104,TASK_BEGIN,016,0.7894053964180588,-0.027400082102048036,2.8192779421353964,-1.3413474297609915,0.16996408952300768,0.1300855023203748,0.3371348861628048,-1.7460971208836287,0
163,2024-09-24 12:15:25.578243840,TASK_BEGIN,016,0.7325849367508226,-0.021427798301015,2.969423040616964,-1.3849909485569447,0.21570455835578092,0.11252555197999389,0.6451016956143718,-1.7968484495548922,0
164,2024-09-24 12:15:25.654339072,TASK_BEGIN,016,0.6736998294658544,-0.015254387395254034,3.108332896749602,-1.4256934506924528,0.26134372713813486,0.09468251596374146,1.0164326230470775,-1.845484899206882,0
165,2024-09-24 12:15:25.718991872,TASK_BEGIN,016,0.6145042975839563,-0.008963163371255451,3.2249937761918335,-1.4610130940620232,0.3053951155344062,0.07711204971107173,1.4325574980240787,-1.8901423116459257,0
166,2024-09-24 12:15:26.656665088,TASK_BEGIN,016,0.5567263216640961,-0.0026292044569247346,3.309805629312126,-1.4888507336952106,0.3461936135668527,0.060407097528931246,1.8710920691837167,-1.9289656503800399,0
167,2024-09-24 12:15:26.731694080,TASK_BEGIN,016,0.5019476956753088,0.0037029045863300743,3.354994641238219,-1.5075723920251605,0.3819998826604007,0.04515895569525634,2.3084254031663525,-1.9604665111646704,0
168,2024-09-24 12:15:26.793732864,TASK_BEGIN,016,0.45151146201836584,0.01003926321845984,3.3551047250439376,-1.516102478758314,0.4111085111137787,0.03192735647983711,2.7220167240572666,-1.9838302399126737,0
169,2024-09-24 12:15:26.871328000,TASK_BEGIN,016,0.406462852157135,0.0164406079511382,3.307503013041965,-1.5139763642014532,0.43191431923352097,0.021217700061992643,3.0917819373518682,-1.999008500117305,0
170,2024-09-24 12:15:26.933336832,TASK_BEGIN,016,0.3674970875463488,0.023008869046541574,3.2126891213463695,-1.501307845359196,0.44291441064095693,0.013469796460850591,3.4005354209119196,-2.0065825794818006,0
171,2024-09-24 12:15:26.995648000,TASK_BEGIN,016,0.33491383532859337,0.0298662268954674,3.0742603588530075,-1.4786650062560969,0.44267876859255606,0.009061864638507673,3.633911933194691,-2.0075053431606635,0
172,2024-09-24 12:15:27.073295872,TASK_BEGIN,016,0.30861834655327414,0.03713598069947957,2.8985944296171464,-1.4469299412653085,0.42988299564059934,0.00831666922408228,3.7802878695056763,-2.0028292220856,0
173,2024-09-24 12:15:28.018213120,TASK_BEGIN,016,0.28818639508814287,0.04492722776758059,2.694451743957018,-1.4072519683470313,0.4034869662708503,0.011487535282174463,3.8310000047591677,-1.9934637376143343,0
174,2024-09-24 12:15:28.078349056,TASK_BEGIN,016,0.27295510466081163,0.053320440595668143,2.472591005265039,-1.3611321919762547,0.3630356158083409,0.018717623514541978,3.780836639986615,-1.9799723476708972,0
175,2024-09-24 12:15:28.140832000,TASK_BEGIN,016,0.2620950724928063,0.06235471206130144,2.245294866939518,-1.310559642292304,0.3089481871809926,0.029991492088632367,3.628569378996641,-1.9624317091422605,0
176,2024-09-24 12:15:28.218036992,TASK_BEGIN,016,0.2546639106515368,0.07202210285989516,2.025661502644529,-1.2580745654592917,0.24266887508564372,0.04510509209369946,3.3773448591271187,-1.940404737785169,0
177,2024-09-24 12:15:28.280824064,TASK_BEGIN,016,0.2496716764187597,0.08227019412546392,1.826599705727929,-1.2066779752164527,0.16664916930183693,0.06366378656398092,3.034902346409228,-1.91306962060359,0
178,2024-09-24 12:15:28.357187072,TASK_BEGIN,016,0.24616800988782456,0.09300668595451947,1.6596218293630975,-1.1595750659524693,0.08419366675244604,0.08510224636295331,2.613579779172671,-1.8794810881777178,0
179,2024-09-24 12:15:28.420923904,TASK_BEGIN,016,0.24332123277316034,0.10410160165881834,1.5337280624402176,-1.1198054461740439,-0.0008008829161429002,0.10872021070917186,2.1300081830735054,-1.8388834194726118,0
180,2024-09-24 12:15:29.365935104,TASK_BEGIN,016,0.24045378771540832,0.11539209411370359,1.4546859085382,-1.0898482642469887,-0.08417444207289045,0.1337327647450562,1.6044395750908325,-1.7910011421309966,0
181,2024-09-24 12:15:29.428088832,TASK_BEGIN,016,0.23703776526616913,0.1266956235569834,1.4247996158169218,-1.0712785967973866,-0.1618294680118934,0.15932951478785717,1.0597676280825477,-1.7362664508375043,0
182,2024-09-24 12:15:29.489679104,TASK_BEGIN,016,0.2326897626673666,0.13782445257348827,1.4431130330746096,-1.0645389871663622,-0.22999095172219416,0.18472730478014918,0.5203283793095627,-1.675951579250621,0
183,2024-09-24 12:15:29.557462784,TASK_BEGIN,016,0.227185500832342,0.14859061418306668,1.5059326824532633,-1.0688854607312654,-0.28539916982421265,0.20920252902604042,0.010476857721899688,-1.6121693747782027,0
184,2024-09-24 12:15:29.635610112,TASK_BEGIN,016,0.22047169368898337,0.15880516466184033,1.6074863538107897,-1.08252414025991,-0.32547741029888083,0.2321062707021121,-0.44705339377200926,-1.5477260934583146,0
185,2024-09-24 12:15:29.707333888,TASK_BEGIN,016,0.21265504379436648,0.16828256637078923,1.740536398789501,-1.1028880546497895,-0.3484867469893322,0.25287651023640173,-0.8328474112586528,-1.4858591095412528,0
186,2024-09-24 12:15:29.775139072,TASK_BEGIN,016,0.20398984067184003,0.17684767932596118,1.896873972363652,-1.126969953407776,-0.3536292473303027,0.2710513321813643,-1.1323427429569208,-1.4299306114666062,0
187,2024-09-24 12:15:30.691004160,TASK_BEGIN,016,0.1948955583077246,0.1843323624301064,2.06772401232721,-1.1516434144335639,-0.34108823371363745,0.2862760751901875,-1.336950451732104,-1.383157913245739,0
188,2024-09-24 12:15:30.747392768,TASK_BEGIN,016,0.18599383645684375,0.19055913300807126,2.2441501396537586,-1.1739491532503288,-0.31206242059188316,0.2983066327225391,-1.4444549023518398,-1.3484306679739824,0
189,2024-09-24 12:15:30.825021952,TASK_BEGIN,016,0.17812006358547958,0.19532772674201226,2.4175314237582066,-1.1913527238956014,-0.26882624537025734,0.3070221060197874,-1.458640914500106,-1.3281867398024216,0
190,2024-09-24 12:15:30.887016192,TASK_BEGIN,016,0.17228685222231488,0.19842189491005455,2.5800726123894675,-1.201967744334642,-0.21473493572643373,0.3124476758517194,-1.388472986504002,-1.3242834316822447,0
191,2024-09-24 12:15:30.964041984,TASK_BEGIN,016,0.1696195064669422,0.19963472048355763,2.7252117152824376,-1.2047094282250934,-0.15405212290241654,0.31476865627749917,-1.2470690314176969,-1.3378748774558082,0
192,2024-09-24 12:15:31.026610176,TASK_BEGIN,016,0.17127919812816297,0.19879778072686036,2.847816549392683,-1.1993429377352112,-0.09159267585990907,0.31432045779349654,-1.0505281139854823,-1.3693460177342518,0
193,2024-09-24 12:15:31.088206080,TASK_BEGIN,016,0.17835761132688416,0.19580778727480766,2.944192205898648,-1.1864289890962334,-0.03230386574439372,0.3115606707434994,-0.8167940901540043,-1.4182797063458532,0
194,2024-09-24 12:15:32.032954880,TASK_BEGIN,016,0.19174791313941994,0.19065020498489071,3.0120250780197115,-1.1672009401929577,0.019107559068495594,0.3070353011566715,-0.5647130981640904,-1.4833979679652305,0
195,2024-09-24 12:15:32.110611712,TASK_BEGIN,016,0.21204138186299373,0.18341039722765437,3.050365112572693,-1.1434038887487292,0.05848913620917257,0.3013373186500381,-0.31323614091959107,-1.562479999672296,0
196,2024-09-24 12:15:32.172329728,TASK_BEGIN,016,0.2394725450448422,0.17426315577375193,3.0596470635970197,-1.1171115020560682,0.08250611626230728,0.295053113596057,-0.080703780525163,-1.6523130645077133,0
197,2024-09-24 12:15:32.234355968,TASK_BEGIN,016,0.2738814394199984,0.16344796815638474,3.0416835034489775,-1.09053315929388,0.08883441395758214,0.28870777338401793,0.11584213301022128,-1.7487402803721388,0
198,2024-09-24 12:15:32.312444928,TASK_BEGIN,016,0.3146748918124033,0.15124681547887986,2.9995612881536617,-1.065831777229463,0.07627251090230387,0.28272526084092503,0.2614827618430565,-1.8468565835118882,0
199,2024-09-24 12:15:32.382424064,TASK_BEGIN,016,0.3608111884474102,0.1379737492664928,2.9374582866210606,-1.0449848516497753,0.04477988946979511,0.2774076861516839,0.3445302994129718,-1.9413619959541621,0
200,2024-09-24 12:15:32.437440000,TASK_BEGIN,016,0.4108309953231722,0.12397174800413878,2.860504364390117,-1.029714254434273,-0.004572676428753844,0.27292974080337745,0.3578068376475013,-2.0269993191445552,0
201,2024-09-24 12:15:33.386390016,TASK_BEGIN,016,0.46293359963884545,0.10960575843580166,2.7747498532301047,-1.0214684269782517,-0.06975747403922758,0.26934631584559554,0.2996517301021035,-2.0989404174405712,0
202,2024-09-24 12:15:33.448875008,TASK_BEGIN,016,0.5150925563077708,0.09524709696915779,2.6870924362835487,-1.0213996147310527,-0.14800264574252253,0.26661202798818523,0.17418879400581816,-2.153034925165923,0
203,2024-09-24 12:15:33.529143040,TASK_BEGIN,016,0.5652099621564621,0.08125264142553872,2.6049379599033307,-1.0302911242530775,-0.23597253904134693,0.26460613467056454,-0.009261911433621737,-2.1859644152473665,0
204,2024-09-24 12:15:33.585575168,TASK_BEGIN,016,0.6113003550982021,0.06794072308817697,2.5355408883429886,-1.0484496435435684,-0.3298724960864639,0.2631521154926654,-0.23738311643001445,-2.1953973790503407,0
205,2024-09-24 12:15:33.663238144,TASK_BEGIN,016,0.6516722718415273,0.05556440580468901,2.4851630116565993,-1.0756177786972636,-0.42552682084487764,0.26202863419039985,-0.4943044467367264,-2.180161191739077,0
206,2024-09-24 12:15:33.725285888,TASK_BEGIN,016,0.6850637610854574,0.044291174299630406,2.4582691628431057,-1.1109463959820998,-0.5185195065983965,0.26098451835902536,-0.7630057509206681,-2.1403599226728156,0
207,2024-09-24 12:15:33.787775232,TASK_BEGIN,016,0.710708602796364,0.03420090035325386,2.457038160529113,-1.1530396493352386,-0.6044448854834628,0.25977209481458274,-1.0265153724914668,-2.077384868005192,0
208,2024-09-24 12:15:34.718511104,TASK_BEGIN,016,0.7283417198083109,0.02530126909434354,2.48140970430755,-1.2000725457957488,-0.6792392093250996,0.258192942928319,-1.2687738611350032,-1.9938393958912164,0
209,2024-09-24 12:15:34.786386944,TASK_BEGIN,016,0.738157590327144,0.01754922610221126,2.529574628822219,-1.2499539999943845,-0.7395211761475474,0.2561339854524068,-1.475149685703221,-1.8934213117275287,0
210,2024-09-24 12:15:34.853947904,TASK_BEGIN,016,0.7407219932348232,0.010872110746813296,2.598586612956551,-1.3004895095643811,-0.7828721781902597,0.25357854061482105,-1.6328456071098836,-1.7807610229074957,0
211,2024-09-24 12:15:34.915602176,TASK_BEGIN,016,0.7368524213371381,0.005188874122714756,2.6849088478375895,-1.3495218449783226,-0.8079983334650148,0.25059054331895336,-1.7314764963204485,-1.6611648272629032,0
212,2024-09-24 12:15:34.977683200,TASK_BEGIN,016,0.7275191538585688,0.00042718957109296466,2.784851054938492,-1.3950491533736926,-0.8147350762478466,0.2472757654556237,-1.7638893760933851,-1.540214420924381,0
213,2024-09-24 12:15:35.054910976,TASK_BEGIN,016,0.7138032131263427,-0.0034713940010551066,2.894762522500403,-1.435305298647009,-0.8039189603343754,0.24373081523867587,-1.7270968058479257,-1.4232476810841759,0
214,2024-09-24 12:15:35.117847040,TASK_BEGIN,016,0.6968736947065922,-0.006555509723581485,3.010864226030127,-1.4687860840404032,-0.7772155704741878,0.2400009086657693,-1.6230512604986624,-1.3148351920553174,0
215,2024-09-24 12:15:36.068716032,TASK_BEGIN,016,0.6779218685049819,-0.008862944869991767,3.1288712463464825,-1.4942374042586235,-0.7369685598412167,0.23606536440252762,-1.4590176891809659,-1.218365752789264,0
216,2024-09-24 12:15:36.131201024,TASK_BEGIN,016,0.6580636102921769,-0.010409229416324496,3.243757520599722,-1.5106462941786583,-0.6860567850510289,0.2318526595718251,-1.247525769834061,-1.1357787950174885,0
217,2024-09-24 12:15:36.204324864,TASK_BEGIN,016,0.6382859334553358,-0.011180131483843305,3.3499384156095577,-1.5172717095716246,-0.6277255742820145,0.22727120427183795,-1.0058963010669655,-1.067453519366456,0
218,2024-09-24 12:15:36.270384896,TASK_BEGIN,016,0.6194684976304003,-0.01114131852864321,3.441870537070166,-1.5137233140234212,-0.5653979021937492,0.2222406408187719,-0.7551125583083609,-1.012298050675524,0
219,2024-09-24 12:15:36.332382720,TASK_BEGIN,016,0.6024340397302771,-0.010257455328031767,3.514801121441154,-1.5000542343141934,-0.5024746538905718,0.2167156064238778,-0.5178231242183944,-0.96809006086303,0
220,2024-09-24 12:15:36.394414848,TASK_BEGIN,016,0.5879820280376608,-0.008505120608454278,3.56533492113712,-1.4768119425781108,-0.44210082683882623,0.21069773522555654,-0.315593418470579,-0.9320520362467298,0
221,2024-09-24 12:15:36.472051968,TASK_BEGIN,016,0.5769025422121358,-0.0058787538819761904,3.5916453127650616,-1.4450190993278356,-0.38690137279933445,0.20423197491653305,-0.16593310052919985,-0.9015255482217104,0
222,2024-09-24 12:15:37.418128896,TASK_BEGIN,016,0.5699761497306677,-0.002401290706441814,3.593423003502721,-1.4061052939350962,-0.3387585793357447,0.19738600766827036,-0.07993663500462712,-0.8745335792082447,0
223,2024-09-24 12:15:37.486577152,TASK_BEGIN,016,0.5679477715650726,0.0018566028078286735,3.57182648949431,-1.3618242522370203,-0.29870602561634396,0.19021892293112433,-0.06126685900036917,-0.8500630774728685,0
224,2024-09-24 12:15:37.550658816,TASK_BEGIN,016,0.5714638940784512,0.006760598397954833,3.5295397107371187,-1.3141591384095381,-0.26693732642537255,0.182752816143775,-0.10658841785180061,-0.8280371965160408,0
225,2024-09-24 12:15:37.613158912,TASK_BEGIN,016,0.5809984586680497,0.012111170408559494,3.4706711317232344,-1.2651874882956415,-0.24286551547351032,0.17496091166152336,-0.20695128598223883,-0.8090885779400548,0
226,2024-09-24 12:15:37.675644160,TASK_BEGIN,016,0.5968154609189358,0.017650607184525553,3.4001631795938234,-1.2168941349761009,-0.2252005473383412,0.1667772012381248,-0.34951780146930167,-0.7942936232181276,0
227,2024-09-24 12:15:37.753323008,TASK_BEGIN,016,0.6189696816493855,0.023070229367399234,3.3227923031977453,-1.1709795536204817,-0.21208656459025496,0.1581227892172838,-0.5192821518796357,-0.7849575172956358,0
228,2024-09-24 12:15:37.815336960,TASK_BEGIN,016,0.6472866568663999,0.028027279422858264,3.242199784996178,-1.12873886767978,-0.20133466477899517,0.14893832897827874,-0.7006947771943192,-0.7824433720278761,0
229,2024-09-24 12:15:38.754057984,TASK_BEGIN,016,0.6812914860239339,0.032183378641900136,3.160285076410227,-1.0910326291264527,-0.19069983893544262,0.13920858932627558,-0.8791294021003412,-0.7880127665093692,0
230,2024-09-24 12:15:38.832568064,TASK_BEGIN,016,0.720135486971153,0.035253049021967624,3.0770209231152847,-1.0583097831665902,-0.17811654662503476,0.1289655691443505,-1.0420074517548052,-0.8026713567090967,0
231,2024-09-24 12:15:38.894132992,TASK_BEGIN,016,0.7625826895720673,0.03703720651227237,2.9907040567636534,-1.0306579185536269,-0.16187107054342564,0.11826663066963511,-1.1795458525776872,-0.8270191435419617,0
232,2024-09-24 12:15:38.967543040,TASK_BEGIN,016,0.8070693191896346,0.03743036507129204,2.8986771666402933,-1.007891813503303,-0.14073353189531007,0.10715981998463546,-1.2853847065393922,-0.8610908752835553,0
233,2024-09-24 12:15:39.034601728,TASK_BEGIN,016,0.8518198304231801,0.036409165226707764,2.7983991713811993,-0.9896844442057454,-0.11404442064942485,0.09565594932297909,-1.3571943197660532,-0.9041982575849156,0
234,2024-09-24 12:15:39.107762176,TASK_BEGIN,016,0.8950033729814116,0.03401460543006131,2.6885545715353247,-0.9757200031586007,-0.08174038340952859,0.08372166625845714,-1.3969202240192684,-0.95484464329261,0
235,2024-09-24 12:15:39.173847040,TASK_BEGIN,016,0.9349118535101151,0.030335254836919196,2.5699071632883053,-0.9658306712524168,-0.044340005684971706,0.07129751678167101,-1.4102081486456775,-1.0107961797329386,0
236,2024-09-24 12:15:40.106105088,TASK_BEGIN,016,0.9701270732467249,0.025494895756063483,2.445791695072691,-0.960076579251117,-0.002905456479650055,0.05833479832126734,-1.4048526015565563,-1.0693444121721376,0
237,2024-09-24 12:15:40.186976000,TASK_BEGIN,016,0.999638510045186,0.019646668309481162,2.322282012895694,-0.9587486006292555,0.04105990347212355,0.04483592626495328,-1.3885438117187208,-1.1277407945282498,0
238,2024-09-24 12:15:40.245335296,TASK_BEGIN,016,1.02289287368849,0.012970659886465712,2.2080043473781035,-0.9622894294807033,0.08581803430015626,0.030880671318153054,-1.3665030323500802,-1.1837259387243635,0
239,2024-09-24 12:15:40.322544128,TASK_BEGIN,016,1.0397830152121736,0.005666540833746945,2.1134481341158122,-0.9711398800180177,0.12967104063002832,0.01662611187523495,-1.3397365347095873,-1.2359948411764805,0
240,2024-09-24 12:15:40.390386944,TASK_BEGIN,016,1.050589151576795,-0.0020620330600075116,2.049756038859981,-0.9855583295115837,0.17123772503779078,0.0022763531691329473,-1.3045651950450994,-1.2844192134862265,0
241,2024-09-24 12:15:40.448477952,TASK_BEGIN,016,1.0558904518758445,-0.010024327566147517,2.027213509221066,-1.0054854508112394,0.2097073340767766,-0.011968856783672547,-1.2536154754305568,-1.3299557282913759,0
242,2024-09-24 12:15:40.526002944,TASK_BEGIN,016,1.056490123016132,-0.018055234643555906,2.053700890346088,-1.0304798965251307,0.2450470114716304,-0.02596358392732786,-1.1777238223015327,-1.3743102239476135,0
243,2024-09-24 12:15:41.437361152,TASK_BEGIN,016,1.0533924094349438,-0.0260288153102484,2.1333531114091944,-1.0597127212598048,0.27809099598436426,-0.039642626178179194,-1.067898918785614,-1.4194964790991937,0
244,2024-09-24 12:15:41.498909952,TASK_BEGIN,016,1.0478113266290634,-0.03387787192871003,2.2657821499382798,-1.092035942145101,0.31044394011183646,-0.05302137653490442,-0.9168875116645587,-1.4674081417298468,0
245,2024-09-24 12:15:41.578627072,TASK_BEGIN,016,1.0411561614689664,-0.041611728637229006,2.4461387845442633,-1.1261375328914867,0.34421121249339676,-0.06617626028052732,-0.7203584897361471,-1.5194488595077524,0
246,2024-09-24 12:15:41.640165120,TASK_BEGIN,016,1.0349699025635564,-0.04931794692807086,2.6658570666743215,-1.1607253573037317,0.38165332298509774,-0.07921977259046538,-0.4777335587875851,-1.5762305254023488,0
247,2024-09-24 12:15:41.701704192,TASK_BEGIN,016,1.030828487044488,-0.0571432705680333,2.9136451452499195,-1.1946595249253653,0.4248660501862,-0.09228459537251954,-0.1925009981840417,-1.6374021979975788,0
248,2024-09-24 12:15:41.782542848,TASK_BEGIN,016,1.0302018349408264,-0.06525893270817815,3.1764581726495256,-1.2270115801495545,0.475516004517642,-0.10551848365899508,0.12812461930597854,-1.7017015186710232,0
249,2024-09-24 12:15:41.850377984,TASK_BEGIN,016,1.03428008344624,-0.07381545431570344,3.440464089057561,-1.2570826655895306,0.5346067367802835,-0.11907290377171045,0.4740492144309009,-1.7672294651298068,0
250,2024-09-24 12:15:42.788724736,TASK_BEGIN,016,1.0438094596196692,-0.08289509760618603,3.6921016073429014,-1.2844195412281725,0.6022657048667234,-0.13306728827600448,0.8332932662741699,-1.8318375442648844,0
251,2024-09-24 12:15:42.850785024,TASK_BEGIN,016,1.0590046929518082,-0.09247928231897301,3.9192192329583584,-1.3088353982933922,0.6775916865675164,-0.14753609146528385,1.1928719584367597,-1.893501665732951,0
252,2024-09-24 12:15:42.927476736,TASK_BEGIN,016,1.079560445458185,-0.10244470196988267,4.112068558257546,-1.33039294757918,0.7586232444247862,-0.1623890516621965,1.539541386829862,-1.9505991742333362,0
253,2024-09-24 12:15:42.995316992,TASK_BEGIN,016,1.104730352321839,-0.11258366559029087,4.263853155857867,-1.3493064082434136,0.8424615646324596,-0.17740765836847391,1.86056349072068,-2.0020481575692353,0
254,2024-09-24 12:15:43.052306944,TASK_BEGIN,016,1.1334459567132327,-0.12263454108515323,4.3707644713574245,-1.365790687031003,0.9255429204848605,-0.19227846892514378,2.144669583035505,-2.0473276114377232,0
255,2024-09-24 12:15:43.129939968,TASK_BEGIN,016,1.1644654736300384,-0.1323138872361536,4.43174807952127,-1.379946944577576,1.00402646703557,-0.20665185976964748,2.383140094458619,-2.0864297708349664,0
256,2024-09-24 12:15:43.191971072,TASK_BEGIN,016,1.196513169737927,-0.14134471927163503,4.448263069603315,-1.3917511749402542,1.074225541698563,-0.22020762545843475,2.570496388555581,-2.1197411688153105,0
257,2024-09-24 12:15:44.141974016,TASK_BEGIN,016,1.228347338741203,-0.14947107352453318,4.424019230827664,-1.4011299027704285,1.132988522158598,-0.23270125274370754,2.7043710815943593,-2.1478165338482333,0
258,2024-09-24 12:15:44.199619072,TASK_BEGIN,016,1.2587529687136736,-0.15645572280000342,4.364519469240344,-1.4080438095508774,1.177968956037013,-0.24397353372373495,2.7848214005069005,-2.1711041631742027,0
259,2024-09-24 12:15:44.277243904,TASK_BEGIN,016,1.2865272615978696,-0.1620749854375779,4.276404885382472,-1.4125172390179779,1.2077797765786775,-0.25393213051971775,2.8137470119105976,-2.1897653887295463,0
260,2024-09-24 12:15:44.339314944,TASK_BEGIN,016,1.3105012037672512,-0.16612591394419918,4.1667886338910645,-1.414620009997768,1.222031696873781,-0.26252639680844136,2.7946653056755033,-2.2036648379628168,0
261,2024-09-24 12:15:44.413208064,TASK_BEGIN,016,1.3295755567868104,-0.16844465036067133,4.042697425568302,-1.4144404000670627,1.2212310060025375,-0.2697247199124531,2.732565273608717,-2.2124769225809278,0
262,2024-09-24 12:15:44.481012992,TASK_BEGIN,016,1.3427627835005704,-0.16892718172023446,3.9106346455864562,-1.4120698041341617,1.2065344505659577,-0.27549077074898926,2.633524382843109,-2.2158001920702013,0
263,2024-09-24 12:15:44.548834048,TASK_BEGIN,016,1.3492679269179655,-0.1675501517884492,3.776374443859874,-1.4076058305171812,1.1794176118963502,-0.2797563447830738,2.5041184229299454,-2.2132210367615843,0
264,2024-09-24 12:15:45.492065024,TASK_BEGIN,016,1.3486087663552924,-0.16439148619326716,3.645119217640864,-1.4011809712116645,1.141345816599105,-0.2823979744398139,2.351010756915102,-2.204344426475904,0
265,2024-09-24 12:15:45.559897856,TASK_BEGIN,016,1.3407148012774632,-0.15964408243315456,3.521874277557549,-1.3930084577546125,1.0935336212586908,-0.2832301476745055,2.1811253692500596,-2.188838779894288,0
266,2024-09-24 12:15:45.621831680,TASK_BEGIN,016,1.3259511265661823,-0.15361140661729478,3.4116716526800097,-1.3834176578403667,1.0368479143963691,-0.2820194262447215,2.0023204170959956,-2.1665100326785454,0
267,2024-09-24 12:15:45.684374016,TASK_BEGIN,016,1.305065892237145,-0.14667883500405346,3.319410598778241,-1.372852700638513,0.9718540854686979,-0.2785105015606589,1.823854253680266,-2.137355428603472,0
268,2024-09-24 12:15:45.761620992,TASK_BEGIN,016,1.2790798157273369,-0.13926546888672217,3.2493251505157335,-1.361815703320947,0.8989538560104021,-0.27245437864337696,1.6559203059682124,-2.1015303804669507,0
269,2024-09-24 12:15:45.824108032,TASK_BEGIN,016,1.2491233465308946,-0.13176640963137512,3.2042402958847487,-1.3507566306075163,0.8185468193617074,-0.26363435400989366,1.5082736100430643,-2.0592395981912133,0
270,2024-09-24 12:15:45.898889216,TASK_BEGIN,016,1.2162399903655807,-0.12449294147611366,3.184925170533432,-1.3399604562553145,0.7311652644592705,-0.25188625639518636,1.3886688438684198,-2.010652322367072,0
271,2024-09-24 12:15:46.835431936,TASK_BEGIN,016,1.1812147567847342,-0.11762035067168386,3.189881157870642,-1.329501108236017,0.6375556654168646,-0.2371103398500997,1.3017701942247113,-1.9559339331342251,0
272,2024-09-24 12:15:46.902242048,TASK_BEGIN,016,1.1444927894875592,-0.11116126178643214,3.215658028517496,-1.3192818646346778,0.5386851787177731,-0.21927575593128343,1.2486200836116814,-1.8953818188418778,0
273,2024-09-24 12:15:46.974737920,TASK_BEGIN,016,1.1062007131252591,-0.10497778355069107,3.257487073060864,-1.3091227380233068,0.4356695582587226,-0.19842199674398017,1.2263786335020819,-1.8295445508066064,0
274,2024-09-24 12:15:47.045562112,TASK_BEGIN,016,1.0662355962321546,-0.09882518371076847,3.309935620877014,-1.2988389038508412,0.3296847759302634,-0.17466552177761627,1.2282336874753725,-1.7592078149362718,0
275,2024-09-24 12:15:47.098337792,TASK_BEGIN,016,1.0243960847252396,-0.09240691737179373,3.3674005711402817,-1.2882769542342363,0.2219650614645615,-0.14821874964874415,1.2437682011082662,-1.6852589266695697,0
276,2024-09-24 12:15:47.181129984,TASK_BEGIN,016,0.9805413049691917,-0.08542637611905021,3.4244070388108936,-1.2773171468003046,0.1139166893759181,-0.11941713029687599,1.2599903144048226,-1.6085380370354907,0
277,2024-09-24 12:15:47.248931840,TASK_BEGIN,016,0.9347240601363382,-0.07762833726147987,3.4757927224294116,-1.265872369940525,0.007257035391786923,-0.08873660196970848,1.262744333388562,-1.5297435660661212,0
278,2024-09-24 12:15:48.162511872,TASK_BEGIN,016,0.8872303805930795,-0.06882498977750585,3.5169204196981507,-1.253898515047868,-0.0959270698460664,-0.0567859972024381,1.2380418807794176,-1.4493900240638393,0
279,2024-09-24 12:15:48.225377280,TASK_BEGIN,016,0.8385316944861035,-0.058906396250206244,3.5440118292315317,-1.2414095607310511,-0.19321060017249164,-0.024279985508875886,1.1731589273592196,-1.3678210994712607,0
280,2024-09-24 12:15:48.288022016,TASK_BEGIN,016,0.7892289521993324,-0.04784194041472505,3.5545239218028115,-1.228488153857968,-0.28189905892758876,0.007987418970457447,1.0576951666022856,-1.285306139022135,0
281,2024-09-24 12:15:48.365267200,TASK_BEGIN,016,0.740035915494105,-0.035679036507067184,3.547361013121872,-1.2152819988183399,-0.3591319801762737,0.039161060805319996,0.8848190614805679,-1.2022265703681416,0
282,2024-09-24 12:15:48.427912960,TASK_BEGIN,016,0.6917680003663044,-0.02253970482666971,3.522824289676974,-1.2019753936222104,-0.4220817337719192,0.06834846593697015,0.6525276619855521,-1.119290268186711,0
283,2024-09-24 12:15:48.505579008,TASK_BEGIN,016,0.6452916017413177,-0.008610887426366507,3.4824178560159558,-1.1887375144386074,-0.46827173214988654,0.09466687295626357,0.3643417135317968,-1.0376622586259454,0
284,2024-09-24 12:15:48.574803200,TASK_BEGIN,016,0.6014458598377876,0.005874634509931274,3.428668817640613,-1.1756689237710418,-0.49592757220008477,0.11731451867350809,0.0290114657605087,-0.9589406708775461,0
285,2024-09-24 12:15:49.519041024,TASK_BEGIN,016,0.5609886247455843,0.020661794076393198,3.3649923574171803,-1.1627802632161404,-0.5042312009502211,0.13564961957610386,-0.34064981673165967,-0.8849899959099407,0
286,2024-09-24 12:15:49.572030976,TASK_BEGIN,016,0.5246006487350346,0.03549037097856468,3.2955348321814855,-1.1500248699358626,-0.4934282964800466,0.14925805849479923,-0.7293289631875822,-0.8176895074865511,0
287,2024-09-24 12:15:49.650158080,TASK_BEGIN,016,0.4929351453201879,0.050100650564777874,3.2249315241976984,-1.1373689226727408,-0.4648213337247463,0.15799784739502656,-1.1206855741555937,-0.7586648506438692,0
288,2024-09-24 12:15:49.712645888,TASK_BEGIN,016,0.4666703653138437,0.06423286414643385,3.157991189339344,-1.1248569370657429,-0.4206707627168309,0.16201137158602724,-1.4985330105588313,-0.7090553600578942,0
289,2024-09-24 12:15:49.775131136,TASK_BEGIN,016,0.4465266302366987,0.07762760936457729,3.0993474284084677,-1.1126397384198743,-0.3639975251114248,0.1616989715752965,-1.8478387468172186,-0.6693539866079561,0
290,2024-09-24 12:15:49.858211840,TASK_BEGIN,016,0.43322961740393945,0.0900295788868996,3.053019756847419,-1.1009479159083921,-0.29831140499369546,0.1576597681764202,-2.1555988829674018,-0.6393721115656948,0
291,2024-09-24 12:15:49.915376896,TASK_BEGIN,016,0.4274259658778287,0.10119495059919466,3.0218139136847926,-1.0900081850941439,-0.2273301724609271,0.15062052025391665,-2.411373178064328,-0.6183741420113958,0
292,2024-09-24 12:15:50.866585856,TASK_BEGIN,016,0.4295801914762767,0.11090414525416484,3.0067294039563914,-1.0799350499950398,-0.15473218976905964,0.14137296054993032,-2.6072555399204385,-0.6053538600158955,0
293,2024-09-24 12:15:50.929071104,TASK_BEGIN,016,0.4398939811146304,0.11897693914343699,3.0066991036706043,-1.0706509601678686,-0.08393406963797473,0.1307227646689845,-2.7373923499602917,-0.5993439337102245,0
294,2024-09-24 12:15:50.991673856,TASK_BEGIN,016,0.45828627111624787,0.1252775303872557,3.0187799957543033,-1.0618612966021777,-0.01788068622515769,0.11944101430340515,-2.797576122117086,-0.599626269153184,0
295,2024-09-24 12:15:51.071959040,TASK_BEGIN,016,0.4844486858995807,0.12970176686475313,3.038666857019027,-1.0530933189704492,0.04112138655669276,0.10821812065525863,-2.7854736544092886,-0.6057634861760898,0
296,2024-09-24 12:15:51.139741952,TASK_BEGIN,016,0.5179443847740467,0.13215929426566653,3.0613856916775073,-1.0438159315653395,0.09147590390171412,0.09763394258358404,-2.7014765538590817,-0.6174807271957677,0
297,2024-09-24 12:15:51.193478912,TASK_BEGIN,016,0.5582892324854196,0.1325698710314136,3.0820698947761196,-1.0336242541855278,0.13226785977864722,0.08815090399343287,-2.5495710035745445,-0.6345047707474554,0
298,2024-09-24 12:15:51.271171072,TASK_BEGIN,016,0.6049773117164474,0.13087326702737953,3.0967082001553234,-1.022420261544371,0.16317292124722454,0.08011848330242861,-2.3376882904615734,-0.6564412675512027,0
299,2024-09-24 12:15:52.187313920,TASK_BEGIN,016,0.6574514901535103,0.12703817680137408,3.1027592623580653,-1.0105263565325313,0.18433236214755985,0.07377714456036547,-2.0773832099212943,-0.6827184565591566,0
300,2024-09-24 12:15:52.249929984,TASK_BEGIN,016,0.7150377806280065,0.12106701517710558,3.099581359250662,-0.9987191670372311,0.19620530581615486,0.06926563976336896,-1.782829276229757,-0.7126370257308015,0
301,2024-09-24 12:15:52.327738112,TASK_BEGIN,016,0.7768765642253022,0.11300428656278327,3.0886256410136297,-0.988193486252387,0.19943543275710987,0.06663857412226261,-1.469302458377882,-0.7455533644681374,0
302,2024-09-24 12:15:52.389246720,TASK_BEGIN,016,0.8418892147640149,0.10294784790197656,3.073244935384771,-0.9804457368600198,0.1947698147815084,0.06588776226080736,-1.1516601601706224,-0.7811214312668918,0
303,2024-09-24 12:15:52.464845056,TASK_BEGIN,016,0.9087927667494582,0.09105440508181911,3.057993228351983,-0.9770615727561985,0.1830303541286642,0.06695434688285731,-0.8432078756081348,-0.8194509225426158,0
304,2024-09-24 12:15:52.532645888,TASK_BEGIN,016,0.976148308180323,0.07753789823666173,3.0475609752089396,-0.9794370170643206,0.16513274160430397,0.06972588484154109,-0.5548999834165449,-0.861085006385213,0
305,2024-09-24 12:15:52.584945152,TASK_BEGIN,016,1.0424295149875433,0.06266629719310272,3.045701705678607,-0.9885088883668345,0.1421635312980485,0.07402112498653039,-0.2947545867833024,-0.9067956325956679,0
306,2024-09-24 12:15:53.543683072,TASK_BEGIN,016,1.10610168564293,0.04675603394137787,3.054408782192272,-1.0045654946985145,0.11550028719642247,0.07957086350141047,-0.0675607461404307,-0.9572879163909054,0
307,2024-09-24 12:15:53.599545856,TASK_BEGIN,016,1.1656989909413897,0.030157354102377725,3.073426952909245,-1.0271696145283826,0.08691241009054755,0.08600926044101183,0.12502225690779092,-1.0129416996600893,0
308,2024-09-24 12:15:53.679375104,TASK_BEGIN,016,1.2198969746412744,0.013229847354940816,3.10017850642767,-1.0552024566436138,0.05857986846510804,0.0928870195301242,0.28397369357275154,-1.0736499661912968,0
309,2024-09-24 12:15:53.747126272,TASK_BEGIN,016,1.267582511862799,-0.0036843524887041354,3.1301937644621214,-1.0870259190812916,0.03301273348315609,0.09970072948174173,0.4121445956169906,-1.1387394894756355,0
310,2024-09-24 12:15:53.800265216,TASK_BEGIN,016,1.3079052558465452,-0.02028099672650434,3.157969987536697,-1.1207299202026286,0.012882028031260984,0.10592388732763205,0.5134484845868671,-1.2069773413638658,0
311,2024-09-24 12:15:53.877462016,TASK_BEGIN,016,1.3402882495261532,-0.03630233566838354,3.1779748667334498,-1.1544047945053877,0.0007693232882342064,0.11104027119618601,0.5922224094031643,-1.276688572576482,0
312,2024-09-24 12:15:53.943069952,TASK_BEGIN,016,1.3644053370282758,-0.051534354694771474,3.1854638230301173,-1.1863762193818677,-0.001151599961253928,0.11459370074392922,0.6528287203598132,-1.3459573342646183,0
313,2024-09-24 12:15:54.885536768,TASK_BEGIN,016,1.380156452766108,-0.06580054432004132,3.17693583101189,-1.2153459156709274,0.008537323990294575,0.11625347777125972,0.6994197704260611,-1.4128243946083543,0
314,2024-09-24 12:15:54.961675776,TASK_BEGIN,016,1.3876535130773826,-0.07896099668168789,3.1502771310647657,-1.2404128427850376,0.03020022056765896,0.11587030245943082,0.7356346585636643,-1.4753871253923458,0
315,2024-09-24 12:15:55.029460992,TASK_BEGIN,016,1.3872058320363971,-0.0909163780453424,3.1047317701927146,-1.2610121311667521,0.06301844780197359,0.11349548157560468,0.7640611029777261,-1.5317681103483576,0
316,2024-09-24 12:15:55.085958912,TASK_BEGIN,016,1.3793070351131798,-0.10160944505468616,3.040810787249224,-1.2768424300502628,0.10511350681859406,0.1093578556153938,0.7856989397664332,-1.5800319308351032,0
317,2024-09-24 12:15:55.164068096,TASK_BEGIN,016,1.364644350631093,-0.11102158333687073,2.96023096731065,-1.2878227818545214,0.15385975496944693,0.10381572301538594,0.7998795254962984,-1.6181849620205888,0
318,2024-09-24 12:15:55.232795904,TASK_BEGIN,016,1.3441258062837893,-0.11916797061835767,2.8658985914681976,-1.2940699322060203,0.20621876819288726,0.0973064123577041,0.8047889388684909,-1.644312583924081,0
319,2024-09-24 12:15:55.289088000,TASK_BEGIN,016,1.318878449914004,-0.12609174142107193,2.761846877860238,-1.2958703585949907,0.2589947832815151,0.09030318848241325,0.7983061455085406,-1.6567918759675664,0
320,2024-09-24 12:15:56.240777984,TASK_BEGIN,016,1.2901760862598854,-0.13185265774021476,2.653051807750366,-1.2936421439290882,0.30904800426101864,0.08327404672837194,0.7787309002708886,-1.6544942759840613,0
321,2024-09-24 12:15:56.303680000,TASK_BEGIN,016,1.2593052374005134,-0.13650988527891514,2.545116160348669,-1.287898565169897,0.3535244246734973,0.07663769060502713,0.7452679235516847,-1.6369669799268356,0
322,2024-09-24 12:15:56.366168064,TASK_BEGIN,016,1.2274119726069934,-0.1401062073387097,2.4438053935692694,-1.2792143100214801,0.390075199274578,0.07072656107381385,0.6985219461980131,-1.6046366833115466,0
323,2024-09-24 12:15:56.444273920,TASK_BEGIN,016,1.195362942070848,-0.142660004757286,2.354453461122172,-1.2681825554345252,0.416986224086609,0.06577222899026101,0.6410312110981733,-1.5589859706223097,0
324,2024-09-24 12:15:56.506299136,TASK_BEGIN,016,1.1636350103610087,-0.14416230797255825,2.2813526427086903,-1.2553584335212364,0.4331689352906498,0.06191881938996251,0.5772112122906601,-1.5025113089361717,0
325,2024-09-24 12:15:56.582501888,TASK_BEGIN,016,1.132253857703501,-0.1445738893700078,2.2272298522442386,-1.2411986141880682,0.4380327669008517,0.059259613312757864,0.5121714395690677,-1.4383459694287677,0
326,2024-09-24 12:15:56.650774016,TASK_BEGIN,016,1.1008112596368098,-0.1438258241538186,2.192844806580618,-1.2260184838097994,0.4313244785541516,0.057880344197280914,0.4498153912614123,-1.3696942189808197,0
327,2024-09-24 12:15:57.581576192,TASK_BEGIN,016,1.068562288174685,-0.14182956193341753,2.176812057668424,-1.2099892203037947,0.4130165129644056,0.05788538681173548,0.39124532040941895,-1.2993533170082234,0
328,2024-09-24 12:15:57.658735104,TASK_BEGIN,016,1.0345673519757177,-0.13849310183227406,2.1758522350493625,-1.1931737707365353,0.3832607566052275,0.05939688871897297,0.334205685991597,-1.229479479647283,0
329,2024-09-24 12:15:57.720633088,TASK_BEGIN,016,0.9978583163254819,-0.13373602722840605,2.185585680720118,-1.1755791210073054,0.3424046577966786,0.06253661714585636,0.27357261510771314,-1.161567511672479,0
330,2024-09-24 12:15:57.782697984,TASK_BEGIN,016,0.9576312863340517,-0.1275040422218747,2.201673832216701,-1.1572068265310544,0.291084200925507,0.06740071770010901,0.20237206834548202,-1.0965277092292665,0
331,2024-09-24 12:15:57.860566016,TASK_BEGIN,016,0.9134265078009313,-0.11978551643739983,2.2208316686803347,-1.1380899951080816,0.2303672015164718,0.07402929632251695,0.11288790446188905,-1.0347747650375931,0
332,2024-09-24 12:15:57.933039872,TASK_BEGIN,016,0.8652074579020219,-0.11062206320156232,2.241288669112868,-1.1183051772862287,0.16186136622147537,0.08237754187695999,-0.0022560452348675177,-0.9763139828481142,0
333,2024-09-24 12:15:58.000258048,TASK_BEGIN,016,0.8133053771055162,-0.10010106024218013,2.2626331176905756,-1.0979606561477837,0.08770569259046478,0.09230795510679597,-0.14925217215881195,-0.9208249616272377,0
334,2024-09-24 12:15:58.929189888,TASK_BEGIN,016,0.7583053467483766,-0.08833223338397575,2.2852857717107344,-1.077179582745282,0.01043125336425384,0.10361789322156788,-0.3329075638795563,-0.8677117392368162,0
335,2024-09-24 12:15:59.007293952,TASK_BEGIN,016,0.7009711558299173,-0.07542604163044274,2.3099320125350684,-1.0560962658759547,-0.06724474038106908,0.11608654180549198,-0.5570933043984548,-0.8161103296421726,0
336,2024-09-24 12:15:59.069852160,TASK_BEGIN,016,0.6422184210692057,-0.061486558918823174,2.337106296609891,-1.0348642129328212,-0.1426248193859856,0.12950651379314174,-0.8251958096301587,-0.7649278785071523,0
337,2024-09-24 12:15:59.147960832,TASK_BEGIN,016,0.5830741217501939,-0.04661354940089079,2.3669020394740796,-1.0136597521493602,-0.21323968977226654,0.14368695244682095,-1.1398279832397205,-0.7130116209126074,0
338,2024-09-24 12:15:59.215791104,TASK_BEGIN,016,0.5245899123254133,-0.030903904609411795,2.398730699567305,-0.9926766725646996,-0.27707323644616605,0.15844570419929394,-1.5016732061632263,-0.6594451634325599,0
339,2024-09-24 12:15:59.272048896,TASK_BEGIN,016,0.46774338112777825,-0.014454084302585858,2.431149201025928,-0.9721209522567756,-0.33273620474987325,0.1736026725110751,-1.9079568283121418,-0.6038548263037373,0
340,2024-09-24 12:15:59.350327808,TASK_BEGIN,016,0.4133700297313981,0.0026299284408216926,2.4617809619984397,-0.9522058029739255,-0.37949588141840196,0.18896462537518435,-2.3510771294388837,-0.5466149084717757,0
341,2024-09-24 12:16:00.262168064,TASK_BEGIN,016,0.36212993774157115,0.02021828068153797,2.4873393180452528,-0.9331378039574658,-0.4171736244628782,0.2042976921613103,-2.8177036094020966,-0.4889304164201272,0
342,2024-09-24 12:16:00.335911168,TASK_BEGIN,016,0.3145014207166596,0.03814812734952946,2.5038364191782803,-0.9150902534986879,-0.44600511146619476,0.21930467374868245,-3.288709811473484,-0.432807010175515,0
343,2024-09-24 12:16:00.403706112,TASK_BEGIN,016,0.27081369954471346,0.056221699751541794,2.5070460640846126,-0.8981632462251541,-0.466518219408902,0.23362462330067701,-3.7403974689495025,-0.3808746204027725,0
344,2024-09-24 12:16:00.462174720,TASK_BEGIN,016,0.2313167503662415,0.07420606865653719,2.49310744900579,-0.8823344445773648,-0.47942168200260243,0.24685465757785865,-4.146993242839818,-0.3360458489106244,0
345,2024-09-24 12:16:00.539292928,TASK_BEGIN,016,0.19623756453261706,0.09183490300071322,2.4590244879780876,-0.8674193925120333,-0.48549772062057583,0.2585808760847285,-4.4836263829121235,-0.30109276974861143,0
346,2024-09-24 12:16:00.607075840,TASK_BEGIN,016,0.16576653258278962,0.10882020617820871,2.402876630133218,-0.8530587829966617,-0.4855164168059581,0.26840726314546154,-4.72880202182867,-0.27828430989036906,0
347,2024-09-24 12:16:00.671917056,TASK_BEGIN,016,0.13998027273036381,0.12487610378560403,2.323747376331042,-0.8387314693532184,-0.4801844842290105,0.2759797251803961,-4.865926140363847,-0.26917650478401567,0
348,2024-09-24 12:16:01.596692992,TASK_BEGIN,016,0.1187655022184151,0.1397431051785216,2.2215468820761024,-0.8237920140813514,-0.47010909898298825,0.28100260165950175,-4.884127228879272,-0.2745434489977486,0
349,2024-09-24 12:16:01.671653120,TASK_BEGIN,016,0.10179588956984502,0.15319976597726304,2.096935760958929,-0.8075437174920973,-0.45576689581207686,0.28324477549071053,-4.778896203074094,-0.2943684161884954,0
350,2024-09-24 12:16:01.733206016,TASK_BEGIN,016,0.08855823461569559,0.16506362804151528,1.9514504909138122,-0.7893514684976922,-0.4375196229074137,0.2825439777689058,-4.552719884780436,-0.3278619224231402,0
351,2024-09-24 12:16:01.795408896,TASK_BEGIN,016,0.07840411323854792,0.17519409470076627,1.78776399316092,-0.7687742856526414,-0.41569968880906183,0.27882444432996,-4.215361111627428,-0.37356090704150924,0
352,2024-09-24 12:16:01.875922176,TASK_BEGIN,016,0.07062679686449909,0.18350215296304842,1.6099002438161174,-0.7456810399453113,-0.3907168437521481,0.27212811782209867,-3.783401294340628,-0.4295224651770031,0
353,2024-09-24 12:16:01.935133952,TASK_BEGIN,016,0.0645684973969193,0.18995767570827315,1.4232346644470442,-0.7203222369447606,-0.3631474475691712,0.2626403881270812,-3.2790340297240106,-0.493502919199444,0
354,2024-09-24 12:16:02.011497984,TASK_BEGIN,016,0.059731467298213055,0.1945833497360729,1.2342149504769266,-0.693351014888272,-0.3338236863273399,0.25069259373806296,-2.728399282291553,-0.5630088673922479,0
355,2024-09-24 12:16:02.937293056,TASK_BEGIN,016,0.05584961242220896,0.19743702907845886,1.0498562831691336,-0.6657916619728166,-0.30391163981386643,0.23673954899716707,-2.1598607882551923,-0.6352329818635051,0
356,2024-09-24 12:16:03.004590080,TASK_BEGIN,016,0.052904355238667655,0.1985946977026951,0.8770973174438368,-0.6389462924146171,-0.27489864768752054,0.2213191326813956,-1.6025792781299255,-0.7069843820723817,0
357,2024-09-24 12:16:03.077652224,TASK_BEGIN,016,0.051096398818691414,0.19814213889702162,0.7220803428548251,-0.6142456202210723,-0.24843581224476385,0.20500317008073046,-1.0854322876141547,-0.7747240693207385,0
358,2024-09-24 12:16:03.147032832,TASK_BEGIN,016,0.05077761284436773,0.1961744149174659,0.589539425648983,-0.593097502902874,-0.22609564943924643,0.18835516003096112,-0.6359810135719034,-0.8347585213281565,0
359,2024-09-24 12:16:03.200820736,TASK_BEGIN,016,0.052341808712623505,0.19280066194196302,0.4825789472854316,-0.5767964699015451,-0.20916607124214603,0.17190925282156527,-0.27923965083343943,-0.8835459503309052,0
360,2024-09-24 12:16:03.278469888,TASK_BEGIN,016,0.05609771883201806,0.18815434281998822,0.4028638403385359,-0.5664839063509349,-0.19853287778815543,0.15616928587819623,-0.03638008135756715,-0.9179810252933119,0
361,2024-09-24 12:16:03.350419968,TASK_BEGIN,016,0.062165464394426585,0.18240668640994465,0.3509058566446686,-0.5630837334552494,-0.19460635206461196,0.14161345494187777,0.07640361384344112,-0.9355592051070183,0
362,2024-09-24 12:16:04.280633088,TASK_BEGIN,016,0.07042593006616883,0.17577396994689695,0.3262016382096718,-0.5671779312081596,-0.19725272434470134,0.12868896827089743,0.04893150423426003,-0.9344601586704255,0
363,2024-09-24 12:16:04.358879232,TASK_BEGIN,016,0.0805310378175211,0.16850972713495174,0.3272736679246784,-0.5788682678741804,-0.2057704610013674,0.11779072620705316,-0.12183792515107775,-0.913661710928858,0
364,2024-09-24 12:16:04.421046784,TASK_BEGIN,016,0.09196893384388773,0.16088461662265646,0.3517149055208926,-0.5976801323114539,-0.21898162531968013,0.10923457806413582,-0.43063258164678553,-0.8731413657311761,0
365,2024-09-24 12:16:04.483042048,TASK_BEGIN,016,0.10416627319121838,0.15316430114739624,0.39620224614231864,-0.6225185472333961,-0.23543955529547936,0.10323887310072037,-0.8629470383204444,-0.8141256426074959,0
366,2024-09-24 12:16:04.559636224,TASK_BEGIN,016,0.11659220192818151,0.1455911431538181,0.4564668904726789,-0.6516772637462206,-0.2536679948245198,0.09991190769404565,-1.3948190526260678,-0.7392768144503744,0
367,2024-09-24 12:16:04.622136320,TASK_BEGIN,016,0.1288227200882189,0.13837129969896486,0.5273444317856929,-0.6829280705544795,-0.2723580972790157,0.09923902314709372,-1.9937768279777954,-0.6526895269146298,0
368,2024-09-24 12:16:04.700092928,TASK_BEGIN,016,0.14055056331935978,0.13167157538725513,0.6030343908049542,-0.7137125123151217,-0.29052234999617293,0.10108044579760456,-2.6212571636200765,-0.5596228491525517,0
369,2024-09-24 12:16:05.643354112,TASK_BEGIN,016,0.1515673917617683,0.12562774931365506,0.6775986567707026,-0.7414140215009055,-0.3075965673357445,0.10519232691287016,-3.2362532932831534,-0.4659989462674206,0
370,2024-09-24 12:16:05.711156992,TASK_BEGIN,016,0.16176189770803065,0.12035312565804046,0.7456413830293509,-0.7636581458677147,-0.32342933458632184,0.11126064832404095,-3.7993491467529483,-0.37779662394375174,0
371,2024-09-24 12:16:05.777277952,TASK_BEGIN,016,0.17115027840596017,0.11593233908076812,0.8030747960745427,-0.7786017804215636,-0.33816569065201385,0.11893060194212118,-4.276206889184396,-0.30049016937036,0
372,2024-09-24 12:16:05.846723072,TASK_BEGIN,016,0.17991837468146218,0.11240217300969875,0.8478947694894226,-0.7851918353402901,-0.3521377619511686,0.1278307931236768,-4.640021642879792,-0.23862199951047575,0
373,2024-09-24 12:16:05.900701952,TASK_BEGIN,016,0.18845295431841974,0.10973512829834428,0.8808878524333075,-0.7833585656598264,-0.3658138029883611,0.13759582820725982,-4.872883557630965,-0.19553032077864663,0
374,2024-09-24 12:16:05.977910272,TASK_BEGIN,016,0.19735237642277173,0.10783374187321176,0.9060392427964644,-0.7740795459783828,-0.37971954643827877,0.1478775990063834,-4.966103995833065,-0.17323426523468327,0
375,2024-09-24 12:16:06.050131968,TASK_BEGIN,016,0.2074006774727305,0.1065317616928687,0.9302290602475013,-0.7592524282932114,-0.3942557175175758,0.15833593585766476,-4.919691441509114,-0.1724543175390795,0
376,2024-09-24 12:16:06.991048960,TASK_BEGIN,016,0.21949344975414223,0.10560026615449816,0.9619831461408997,-0.7413740637356101,-0.40946401619381667,0.16861872327189154,-4.741393121781372,-0.19270461517966145,0
377,2024-09-24 12:16:07.048965888,TASK_BEGIN,016,0.23453546274947606,0.10476148252575097,1.0096326685720896,-0.7231176183907432,-0.42486312410497284,0.17835360857377242,-4.445686999644394,-0.23239505957632065,0
378,2024-09-24 12:16:07.126168064,TASK_BEGIN,016,0.25334425252849974,0.10370858249030682,1.0796204690968563,-0.7069397408609518,-0.43943021718643216,0.18716093697604402,-4.0528517283910945,-0.2889095540476052,0
379,2024-09-24 12:16:07.197414912,TASK_BEGIN,016,0.2765748211727887,0.10212511939781978,1.1754506414707153,-0.6947947422735585,-0.4517322814143905,0.19467716106012373,-3.5879835000152998,-0.35866387789954324,0
380,2024-09-24 12:16:07.256521984,TASK_BEGIN,016,0.30466901258100554,0.09970122282864533,1.2972728025875928,-0.6879613932648481,-0.46017756684198274,0.2005764879213754,-3.079600130696471,-0.43721384296534904,0
381,2024-09-24 12:16:07.328028160,TASK_BEGIN,016,0.33784138611030295,0.0961480805377847,1.441819904729015,-0.6869664542827164,-0.46331054979634223,0.20458906457550607,-2.557600263090975,-0.519508899258007,0
382,2024-09-24 12:16:07.390511872,TASK_BEGIN,016,0.3761098163908832,0.09121050276383326,1.6025253960928676,-0.6915933756489153,-0.4600226749790195,0.20651324230513227,-2.050857121863075,-0.600303129446806,0
383,2024-09-24 12:16:08.336461824,TASK_BEGIN,016,0.419350104355845,0.08467587534245131,1.7699365753199707,-0.7009649037388892,-0.4495902629428711,0.2062142904217331,-1.5848883062949488,-0.6746521548905774,0
384,2024-09-24 12:16:08.399179008,TASK_BEGIN,016,0.4673254407593194,0.07638419352393137,1.9325764205137492,-0.7136834591912069,-0.431549943805595,0.20360859197567194,-1.179771725939766,-0.7384229972984582,0
385,2024-09-24 12:16:08.478343936,TASK_BEGIN,016,0.5196621530515289,0.06624728318994907,2.0780953142756178,-0.7280024909979873,-0.4054820131161783,0.19864079305824556,-0.8485650783103601,-0.7887265349723253,0
386,2024-09-24 12:16:08.546917888,TASK_BEGIN,016,0.5758092744318302,0.054273384597423945,2.1943759847344086,-0.7419934579142656,-0.37080492802782916,0.19125980566533957,-0.5968955514710084,-0.8241279502104999,0
387,2024-09-24 12:16:08.602395136,TASK_BEGIN,016,0.6350343668868128,0.040581823150566194,2.270447786757927,-0.7536867772503939,-0.32670075851623837,0.18139642280705948,-0.42421232113870566,-0.8445518700511341,0
388,2024-09-24 12:16:08.679090944,TASK_BEGIN,016,0.6964441941407352,0.025400921690649468,2.297296991730236,-0.7611986368189406,-0.27223103166047186,0.1689485264387806,-0.326249017553224,-0.8509848932869194,0
389,2024-09-24 12:16:08.750349056,TASK_BEGIN,016,0.7589945698378299,0.00905629107635875,2.2686709772028557,-0.7628779154954455,-0.2065900556739199,0.1537840351243962,-0.29744768491017487,-0.8451676253920335,0
390,2024-09-24 12:16:09.693594880,TASK_BEGIN,016,0.8215053548749687,-0.008044706865861858,2.181827186516145,-0.7574900918108726,-0.12938689430146452,0.1357682896496313,-0.33240471038787833,-0.8293382807185409,0
391,2024-09-24 12:16:09.747837952,TASK_BEGIN,016,0.8827115582747548,-0.025433389649556,2.038010499963529,-0.7444031989046817,-0.04087576539807099,0.1148117896714742,-0.4264732851202532,-0.8059303228245661,0
392,2024-09-24 12:16:09.829281024,TASK_BEGIN,016,0.9413337421911618,-0.042603811076672625,1.8424279324126134,-0.7237089587065137,0.05789709102102283,0.09092568861887917,-0.5761037649161086,-0.7771915914152085,0
393,2024-09-24 12:16:09.897038848,TASK_BEGIN,016,0.9961359591756994,-0.05903690917656107,1.6036766371275477,-0.6962401029773224,0.1650447621404184,0.0642715405567966,-0.7789398099765108,-0.7448877258392713,0
394,2024-09-24 12:16:09.950138112,TASK_BEGIN,016,1.0459725848245838,-0.0742261261117781,1.3328020398589795,-0.6634920935133605,0.2779046322919223,0.035194838558274696,-1.0332458908558455,-0.7102607049893641,0
395,2024-09-24 12:16:10.027280896,TASK_BEGIN,016,1.0898319207835905,-0.08770618503338735,1.0422617840322697,-0.6274731159075834,0.39320934337333013,0.004237239817229686,-1.3366471826645143,-0.6742085793401168,0
396,2024-09-24 12:16:10.100441856,TASK_BEGIN,016,1.1268625344799534,-0.09907920899203941,0.7449859078909513,-0.590501225586955,0.5073088485334045,-0.02786938404892468,-1.6847735926242378,-0.6375113354042427,0
397,2024-09-24 12:16:11.018708992,TASK_BEGIN,016,1.156376224023374,-0.10803111105736543,0.45354885621250357,-0.5549721719341615,0.6163767812534869,-0.06022013425554246,-2.070413699328831,-0.6009773048900756,0
398,2024-09-24 12:16:11.082181888,TASK_BEGIN,016,1.1778468753458706,-0.11434090244614892,0.17944602206902444,-0.5231416437817813,0.7165854327047478,-0.09176769019782932,-2.4834406706371666,-0.5654784629383194,0
399,2024-09-24 12:16:11.144669952,TASK_BEGIN,016,1.190921364719886,-0.11789231887403981,-0.06740003857956996,-0.49697895836120515,0.8042868234205547,-0.12138135522923875,-2.911609267018725,-0.5318716111016691,0
400,2024-09-24 12:16:11.211724032,TASK_BEGIN,016,1.1954406274375906,-0.11868996412577293,-0.27878153791364063,-0.4781163106748928,0.876235055289794,-0.14794469809960242,-3.3421066782136055,-0.5008252351498472,0
401,2024-09-24 12:16:11.285463040,TASK_BEGIN,016,1.191466262391931,-0.11687021609822099,-0.44809134340213075,-0.4678498245639762,0.9298447456815897,-0.17047747888405324,-3.763298918023762,-0.47261888108929584,0
402,2024-09-24 12:16:11.348303872,TASK_BEGIN,016,1.1793122236594833,-0.11269791096942408,-0.5702031288140225,-0.4671240798572916,0.9634416688212795,-0.18824873791013974,-4.166001020390207,-0.44700110906735596,0
403,2024-09-24 12:16:11.410790144,TASK_BEGIN,016,1.1595714586372996,-0.10655213699806677,-0.6414982647332372,-0.4764762263446429,0.9764394119308415,-0.20085150174159863,-4.5440063812960565,-0.4231650534264092,0
404,2024-09-24 12:16:12.368278016,TASK_BEGIN,016,1.1331133562185922,-0.09890846911345685,-0.6599624671660631,-0.4959699585454102,0.9693901980710559,-0.20822554078452962,-4.893963408916537,-0.39985449104407145,0
405,2024-09-24 12:16:12.433646080,TASK_BEGIN,016,1.101042864270759,-0.09031616999542355,-0.6251303156872864,-0.5251749399998658,0.9439152963060218,-0.21063027269751874,-5.214737775666749,-0.3755740273063281,0
406,2024-09-24 12:16:12.495675136,TASK_BEGIN,016,1.0646480240097809,-0.08136603958386214,-0.5377379193896885,-0.5632386659794141,0.9025589176979193,-0.20858247218364673,-5.506525269338183,-0.34884168477871413,0
407,2024-09-24 12:16:12.571104000,TASK_BEGIN,016,1.0253572484683344,-0.07265243302912672,-0.39921542761195533,-0.6090433724904774,0.8485895033542379,-0.20277972541410746,-5.770145747895746,-0.31839964776814966,0
408,2024-09-24 12:16:12.630512896,TASK_BEGIN,016,0.9846737449294789,-0.06473387646557204,-0.2113728502449068,-0.6613716080200068,0.7857512458696425,-0.19402524963498655,-6.00669705102058,-0.28333563464997963,0
409,2024-09-24 12:16:12.692998656,TASK_BEGIN,016,0.9440481170007395,-0.058089607447957624,0.023429023087898578,-0.7189962251781485,0.7179846943626308,-0.18315751425094892,-6.217320774636773,-0.24314679912704298,0
410,2024-09-24 12:16:12.770684160,TASK_BEGIN,016,0.9047289619723735,-0.05307397682204315,0.3016541421515461,-0.7806707649245486,0.6491478656211409,-0.17098441550816018,-6.402807124885512,-0.19781587307621704,0
411,2024-09-24 12:16:13.693406976,TASK_BEGIN,016,0.8676764435663373,-0.04988483013856963,0.6178386333969403,-0.8450570698868662,0.5827611348879448,-0.15822811211164284,-6.5630641294646175,-0.14793396227323588,0
412,2024-09-24 12:16:13.755408896,TASK_BEGIN,016,0.833558909044189,-0.048559534998721725,0.9640837191882827,-0.9106572108005259,0.5218025097494946,-0.14548686458738214,-6.69678102750836,-0.09482444178169931,0
413,2024-09-24 12:16:13.817488896,TASK_BEGIN,016,0.802785030207866,-0.048992464467385685,1.3300208643766451,-0.9758160874482914,0.46859445888315027,-0.133211781101286,-6.801724355314804,-0.040560279992978364,0
414,2024-09-24 12:16:13.895145984,TASK_BEGIN,016,0.7755526614239519,-0.05096024085570572,1.7032439632691425,-1.0388129255550236,0.4248043666212339,-0.12169317055385508,-6.875791540740104,0.012212481028481699,0
415,2024-09-24 12:16:13.958006016,TASK_BEGIN,016,0.7519393567080996,-0.054152129090489935,2.0700069558080285,-1.0979868424303298,0.3915139566274548,-0.11105589079704312,-6.918391844984218,0.06063512882106337,0
416,2024-09-24 12:16:14.020059136,TASK_BEGIN,016,0.7320198367652276,-0.05820737727028902,2.415970873832636,-1.1518166320537857,0.36926311463963635,-0.10126554766993978,-6.9313798746401405,0.1020474257869367,0
417,2024-09-24 12:16:14.100642816,TASK_BEGIN,016,0.7159480311529228,-0.06275277106828582,2.726946843021768,-1.1989287562470063,0.3580237794651216,-0.09214625518898137,-6.918836363705275,0.13425840678868034,0
418,2024-09-24 12:16:15.043407872,TASK_BEGIN,016,0.7039795474042749,-0.06743083493637617,2.9897559219178502,-1.2380829662423467,0.35717915489487323,-0.08341436185752846,-6.885592730358432,0.1555904873896608,0
419,2024-09-24 12:16:15.104547072,TASK_BEGIN,016,0.6964608729686893,-0.07191620711984223,3.1933232065514114,-1.2682043536956746,0.3656213526847756,-0.0747369432638951,-6.835314044294239,0.1647985745262608,0
420,2024-09-24 12:16:15.166141184,TASK_BEGIN,016,0.6937926445614613,-0.0759217343327524,3.329911824174404,-1.2884835603581952,0.3819788344261434,-0.06581374856800694,-6.769333018622953,0.16102813063205834,0
421,2024-09-24 12:16:15.243802112,TASK_BEGIN,016,0.6963445615919034,-0.07919383140769479,3.396200588782683,-1.2985064576180552,0.40487569127021333,-0.05645992144811043,-6.686778475016819,0.14386124182037752,0
422,2024-09-24 12:16:15.311375104,TASK_BEGIN,016,0.7043254825492059,-0.08149980640632866,3.3938621086980256,-1.2983460823076023,0.43311764867833236,-0.046656375064131776,-6.585559386575725,0.11337432911486912,0
423,2024-09-24 12:16:15.382958080,TASK_BEGIN,016,0.7176586477323679,-0.0826193226733304,3.3293578538037356,-1.2885579006842993,0.46574960796153136,-0.03654729819626889,-6.46336157167523,0.07013828961687404,0
424,2024-09-24 12:16:15.447405056,TASK_BEGIN,016,0.7359121847405159,-0.08235014204795507,3.2129042226768054,-1.270057992573197,0.5019721798389807,-0.026388371467765508,-6.318106106768672,0.015164879841327037,0
425,2024-09-24 12:16:16.394597120,TASK_BEGIN,016,0.7582943670429853,-0.08052132323711794,3.0569688933298202,-1.2439298499269829,0.5409618134396899,-0.0164679183756577,-6.14790459874509,-0.05018594460594231,0
426,2024-09-24 12:16:16.447364096,TASK_BEGIN,016,0.7837055685432692,-0.07700160448490738,2.8748407598767898,-1.2112581489784466,0.5817238130660213,-0.007035770315849922,-5.950947646457947,-0.12434975525508413,0
427,2024-09-24 12:16:16.530272000,TASK_BEGIN,016,0.8108509037822147,-0.07170614793377239,2.6795458208982317,-1.1730597271417387,0.6231174531094611,0.0017234839010158444,-5.725644913789068,-0.20574994087902296,0
428,2024-09-24 12:16:16.595918848,TASK_BEGIN,016,0.8384001203403677,-0.06461151376521158,2.4829972460226024,-1.130298007366042,0.6640478213872292,0.009664839694810006,-5.470918114360487,-0.2929978369830287,0
429,2024-09-24 12:16:16.665882112,TASK_BEGIN,016,0.8651413001054045,-0.055773596142189207,2.2952203054885474,-1.0839323141968933,0.703655280599349,0.016642003629774225,-5.186498770074274,-0.3850245208078811,0
430,2024-09-24 12:16:16.720200960,TASK_BEGIN,016,0.8900840456440766,-0.04533477432555811,2.1237468584011907,-1.0349759242983012,0.741352306833542,0.022497133007994254,-4.873424780463134,-0.48104841228417056,0
431,2024-09-24 12:16:16.797744896,TASK_BEGIN,016,0.9125152205410817,-0.033518697104759014,1.9734053810823238,-0.9845428413650826,0.776730993665181,0.02708578868891314,-4.534884627856181,-0.5803486117232639,0
432,2024-09-24 12:16:17.737090048,TASK_BEGIN,016,0.9320220780101893,-0.020620633410771725,1.846557914803672,-0.9338590290593389,0.8094712450069036,0.0303037571796231,-4.177047301272275,-0.6819512408258656,0
433,2024-09-24 12:16:17.802646016,TASK_BEGIN,016,0.9484851620446474,-0.00699618153413108,1.7435923960906052,-0.884230302178,0.8393238198108998,0.03208892852890426,-3.8093549048341617,-0.7843888148951782,0
434,2024-09-24 12:16:17.876239104,TASK_BEGIN,016,0.9620553666779704,0.006952930392573257,1.6634045861378755,-0.8369661006499689,0.8661558989357319,0.03239937254046003,-3.4441503061147922,-0.8856001905792992,0
435,2024-09-24 12:16:17.938724096,TASK_BEGIN,016,0.9731324123850438,0.02079357057972895,1.6037342296936785,-0.7932599012756484,0.8900215140622637,0.031184096450399146,-3.0958460755232373,-0.9829381316439543,0
436,2024-09-24 12:16:18.001167872,TASK_BEGIN,016,0.9823265494533802,0.03407499997210907,1.561427638541417,-0.7540576796069163,0.9111891071010756,0.028368353797376702,-2.7797877037292835,-1.0732605069376613,0
437,2024-09-24 12:16:18.080858880,TASK_BEGIN,016,0.9903701352630832,0.04634703252843891,1.5327756704771625,-0.7199653516179702,0.9300393940994813,0.023874731315525925,-2.5108416868757923,-1.1531277912709597,0
438,2024-09-24 12:16:18.141369088,TASK_BEGIN,016,0.9979915101294583,0.05718408027680046,1.5139681978518775,-0.6912145259052841,0.9468380718600059,0.017681953905637218,-2.3018300917300833,-1.2190998670653137,0
439,2024-09-24 12:16:19.089893120,TASK_BEGIN,016,1.0058130092382649,0.06620344559559146,1.501546678901538,-0.6676738841742426,0.9615087333190181,0.009894226053441802,-2.1620676934028342,-1.2680565680663565,0
440,2024-09-24 12:16:19.152378112,TASK_BEGIN,016,1.014312902996986,0.0730696665663133,1.492684987375993,-0.6488972542249419,0.9735314711802076,0.0007840182529762333,-2.0962154242686335,-1.2974689656818612,0
441,2024-09-24 12:16:19.214421248,TASK_BEGIN,016,1.0238235900715418,0.0774978348063892,1.485253944975724,-0.6342016096279558,0.9820043887554469,-0.009211879926682308,-2.1036258039897464,-1.3056115078624668,0
442,2024-09-24 12:16:19.295395072,TASK_BEGIN,016,1.0345220631628904,0.07927306731277754,1.477764672238755,-0.622755844053046,0.9858305345097635,-0.01953929168771154,-2.178519167438019,-1.2917117672933283,0
443,2024-09-24 12:16:19.354136064,TASK_BEGIN,016,1.0464051085945925,0.07828341414991191,1.4692801962340885,-0.6136671697785803,0.9839561405973525,-0.029597886498922317,-2.311274033697,-1.2559874069917643,0
444,2024-09-24 12:16:19.431001088,TASK_BEGIN,016,1.0592493333511108,0.07455192266129487,1.45936935099178,-0.6060751168046004,0.9755846556338146,-0.03881165936951267,-2.4905048220795534,-1.1995521119961787,0
445,2024-09-24 12:16:19.494268672,TASK_BEGIN,016,1.0725530552966558,0.06825959380873604,1.4481829414188034,-0.5992652977694634,0.9603266289313201,-0.046679367028983,-2.705091399317108,-1.1242611001729983,0
446,2024-09-24 12:16:20.430658816,TASK_BEGIN,016,1.08550248597434,0.059753126491129537,1.4365803247424305,-0.5927875084273185,0.9382887078972134,-0.052806415781555066,-2.9455962184485123,-1.03255805386949,0
447,2024-09-24 12:16:20.507910912,TASK_BEGIN,016,1.097023288866919,0.04952902125996563,1.4260885440119755,-0.5865388975459082,0.9101112257090864,-0.05693391624096871,-3.205158753055844,-0.9273018521367234,0
448,2024-09-24 12:16:20.577613056,TASK_BEGIN,016,1.1059010207793085,0.03819536486364164,1.4186458174209542,-0.5807805660116045,0.8769456829105033,-0.058970184127590725,-3.4801441053875997,-0.8115456379079473,0
449,2024-09-24 12:16:20.640485120,TASK_BEGIN,016,1.1108894447867652,0.026427038878585867,1.4163451705645562,-0.5760836252286848,0.8403676286899446,-0.059011878250857235,-3.770369435763667,-0.6883267518640563,0
450,2024-09-24 12:16:20.702970880,TASK_BEGIN,016,1.1107768323190812,0.014927135026574672,1.4212910231205909,-0.5732211754571706,0.8022481505604199,-0.05734008288559508,-4.078410516422223,-0.5605659064963517,0
451,2024-09-24 12:16:20.780667904,TASK_BEGIN,016,1.104458744943673,0.004390495519748857,1.4353422435673557,-0.5730277879203003,0.7646246058389822,-0.054389441442998974,-4.408000462688435,-0.4310778572848288,0
452,2024-09-24 12:16:20.842673152,TASK_BEGIN,016,1.0910501663657703,-0.004539205969271799,1.459545940144846,-0.5762509035127208,0.7295818454225035,-0.05069615689829439,-4.762288012427514,-0.3025789300551833,0
453,2024-09-24 12:16:21.753266176,TASK_BEGIN,016,1.0700001822484406,-0.01131355383636447,1.4935420175655665,-0.5834289585351079,0.6991020342526734,-0.04682650277855014,-5.1426468947938275,-0.17761515879602266,0
454,2024-09-24 12:16:21.831374080,TASK_BEGIN,016,1.0411638071735763,-0.015511716777279689,1.5354415410324342,-0.5948263881729229,0.6748576250270848,-0.043289894836393214,-5.548022874073436,-0.05847643486888228,0
455,2024-09-24 12:16:21.893012992,TASK_BEGIN,016,1.0048346353551587,-0.016858836549391732,1.5822477509658386,-0.6104147642452209,0.6579999892565895,-0.04045641109133524,-5.974479417777918,0.05279245031477161,0
456,2024-09-24 12:16:21.970266112,TASK_BEGIN,016,0.961754534389313,-0.015237093886608231,1.6303848855921061,-0.6298592819231597,0.6490185387920411,-0.03850367080564222,-6.41484983170054,0.15427164769329044,0
457,2024-09-24 12:16:22.032281088,TASK_BEGIN,016,0.9130903111619351,-0.01068931106040297,1.6760034258789978,-0.6525003808391181,0.6476970098795053,-0.03740021387150281,-6.858745745350547,0.24405236579539039,0
458,2024-09-24 12:16:22.094337792,TASK_BEGIN,016,0.8603732736216337,-0.0034081419268194887,1.7151463062397883,-0.6773657048523903,0.6531598893958492,-0.03691719778038749,-7.29325683632625,0.3202738185695127,0
459,2024-09-24 12:16:22.174614016,TASK_BEGIN,016,0.8054248228225156,0.0062890039129145274,1.7439451233931886,-0.703245821335211,0.6640027566576734,-0.03666691139652788,-7.704325382456856,0.38133723333603264,0
460,2024-09-24 12:16:23.110002944,TASK_BEGIN,016,0.7502838090944904,0.017987386667174178,1.7588485838784798,-0.7288312715157209,0.6784801537618358,-0.03617280916003842,-8.0782183326942,0.42616234789913654,0
461,2024-09-24 12:16:23.172160000,TASK_BEGIN,016,0.6971206439272374,0.03119436598467847,1.7568689493977465,-0.7528768457939592,0.694680567339649,-0.03495632463452378,-8.402402324802834,0.4543290311218633,0
462,2024-09-24 12:16:23.249367040,TASK_BEGIN,016,0.6481138173309872,0.045355824350103414,1.7358884120619846,-0.7743462915306903,0.7106254719311518,-0.03260422533032942,-8.665664915549865,0.46607317029431,0
463,2024-09-24 12:16:23.321263872,TASK_BEGIN,016,0.605286875503318,0.059881568078075195,1.694948941103847,-0.7924941915839739,0.7243068857448272,-0.028795380798552057,-8.857939774213127,0.4622063760711753,0
464,2024-09-24 12:16:23.388420096,TASK_BEGIN,016,0.570327506069985,0.0741809093095078,1.6343161433317297,-0.8068568385938759,0.7337348414569368,-0.023303760256562136,-8.970389641962505,0.44401604897153424,0
465,2024-09-24 12:16:23.456849152,TASK_BEGIN,016,0.5444085505471238,0.0877013797464804,1.5552160187366555,-0.8171543460351672,0.7370356241934165,-0.016006402217362055,-8.995937624049379,0.4131671900671973,0
466,2024-09-24 12:16:23.517898240,TASK_BEGIN,016,0.5280263023342371,0.09996859908990426,1.4593506961547722,-0.8231437708910628,0.7325828351486942,-0.006902319701660919,-8.930105037484369,0.3716369712837424,0
467,2024-09-24 12:16:24.434566912,TASK_BEGIN,016,0.5208897765886383,0.11062685159385555,1.3483842526311223,-0.8244837797942342,0.7191336638118118,0.00387202469343817,-8.771948387056065,0.32172175293487865,0
468,2024-09-24 12:16:24.497357056,TASK_BEGIN,016,0.5219032303748502,0.1194706934965894,1.2235873145765714,-0.8206643636639215,0.6959520001921778,0.016043159757337486,-8.524913957411439,0.26611117574880394,0
469,2024-09-24 12:16:24.573921024,TASK_BEGIN,016,0.5292496843392209,0.1264560665235406,1.0857554345374418,-0.8110239233178863,0.6628828014135828,0.029221393565339832,-8.197404105140663,0.20794294968620922,0
470,2024-09-24 12:16:24.635954176,TASK_BEGIN,016,0.5405461305911299,0.13169138001080616,0.9353414140961861,-0.7948330627787994,0.6203461469180299,0.04294241250063533,-7.802854353565172,0.15072362874248613,0
471,2024-09-24 12:16:24.714062080,TASK_BEGIN,016,0.5530552635168055,0.13541450784369194,0.7726336306085182,-0.7713975402949185,0.5692741323827982,0.05672159965280139,-7.359218841137671,0.09808965729193164,0
472,2024-09-24 12:16:24.776068096,TASK_BEGIN,016,0.563961418766728,0.13795577518194466,0.5979274916590918,-0.7401489315682046,0.5110302840737088,0.07010519058807185,-6.887880622136909,0.053501591848099855,0
473,2024-09-24 12:16:24.837262080,TASK_BEGIN,016,0.5706777642875722,0.13969147326582274,0.41180499249492847,-0.7007347194139605,0.44729249885185735,0.08271111754756902,-6.412158813959658,0.01998162377218827,0
474,2024-09-24 12:16:25.781845248,TASK_BEGIN,016,0.5711018333320227,0.1410044370677318,0.21558123335261503,-0.6531282510984626,0.37987112247117044,0.094264400339518,-5.955801275265411,-4.8486980862397634e-05,0
475,2024-09-24 12:16:25.861387008,TASK_BEGIN,016,0.5637708882447943,0.14226046746695328,0.011732223503668315,-0.5977342546688085,0.31052093252109797,0.10462508671416926,-5.541766144571462,-0.00483106564562248,0
476,2024-09-24 12:16:25.919454976,TASK_BEGIN,016,0.5479340295270109,0.14378903827055015,-0.19602194224282848,-0.5354347379216223,0.2408461737374758,0.113794352488983,-5.191069648115272,0.0066850675709853235,0
477,2024-09-24 12:16:25.981940992,TASK_BEGIN,016,0.5235585601069849,0.14585590056023826,-0.4031250268635274,-0.4675512641507741,0.17231987426044165,0.12188830637062985,-4.9212311851489865,0.03473711537723933,0
478,2024-09-24 12:16:26.064782080,TASK_BEGIN,016,0.49126044168576716,0.14863365092394693,-0.6048109281499671,-0.3957548997418802,0.10635969021827102,0.12908330465324708,-4.744331247309888,0.07860271519353894,0
479,2024-09-24 12:16:26.132571136,TASK_BEGIN,016,0.45216514241161215,0.15218744578075316,-0.7964686763619291,-0.32197592212271015,0.044405149249577155,0.1355486591606142,-4.665358569993782,0.13653963856377052,0
480,2024-09-24 12:16:26.198635008,TASK_BEGIN,016,0.4077437741147744,0.15648316656305694,-0.9735951954370153,-0.24833956766214405,-0.01203533444524495,0.1413877257637538,-4.68171399046428,0.20590760884177725,0
481,2024-09-24 12:16:27.143646976,TASK_BEGIN,016,0.3596710082925702,0.16140616501673788,-1.1316226952488144,-0.17712199210269564,-0.06140236386520271,0.1466027142575096,-4.784246273478817,0.2834676017875193,0
482,2024-09-24 12:16:27.205795840,TASK_BEGIN,016,0.30970699251123873,0.16677609940982818,-1.2659065565925853,-0.11071280018753407,-0.10219823057999776,0.1510896699255973,-4.959310486709743,0.3657576524799758,0
483,2024-09-24 12:16:27.267667968,TASK_BEGIN,016,0.25957140004364515,0.1723615555653919,-1.3719262723548205,-0.05156450489257645,-0.13318747864571825,0.15466539313301508,-5.190866568971628,0.4494132344047804,0
484,2024-09-24 12:16:27.344832000,TASK_BEGIN,016,0.21080657513833412,0.17790716525901773,-1.4456821290449906,-0.0020968505923756623,-0.1536286905242846,0.15711757155107925,-5.461962125934948,0.531345845606453,0
485,2024-09-24 12:16:27.406383104,TASK_BEGIN,016,0.1646712192832258,0.1831712018101654,-1.4842340062952193,0.03545471031622391,-0.16345198778915782,0.15825425946510746,-5.755510291746012,0.6087672546163816,0
486,2024-09-24 12:16:27.468868864,TASK_BEGIN,016,0.12208977110574817,0.18795838472887594,-1.4861719351538183,0.059203806706432646,-0.1633125430274015,0.1579299538914206,-6.054565762869186,0.6791098979732217,0
487,2024-09-24 12:16:27.550535936,TASK_BEGIN,016,0.0836425082100279,0.19213960515603087,-1.4517847255419025,0.06773506171430937,-0.15449654750474268,0.1560447062025176,-6.34247800976715,0.7399482304970895,0
488,2024-09-24 12:16:28.493693184,TASK_BEGIN,016,0.04958574881354004,0.19566172156817802,-1.3829114200529555,0.06017552486913221,-0.138702321751733,0.1525286916210956,-6.603429908811046,0.7890450423349193,0
489,2024-09-24 12:16:28.555386880,TASK_BEGIN,016,0.019904691303987712,0.19854945850578304,-1.2826254496755767,0.03624892851926055,-0.11775926482831563,0.14732693539139716,-6.823540377674902,0.824558987948709,0
490,2024-09-24 12:16:28.618067200,TASK_BEGIN,016,-0.005624110091660138,0.2008969063960957,-1.154881180200568,-0.003659637758286575,-0.09337195359934589,0.14039407906176646,-6.9920485195576125,0.8452960350192285,0
491,2024-09-24 12:16:28.695639040,TASK_BEGIN,016,-0.02740332926757527,0.20285095811711568,-1.0041991853869563,-0.05842349193004536,-0.06695268917880312,0.13170201858043912,-7.101963547572679,0.850846352351178,0
492,2024-09-24 12:16:28.764867072,TASK_BEGIN,016,-0.046029331165311584,0.20459574915126744,-0.8354243510695938,-0.12610078367454589,-0.03953783057124963,0.12125518200307561,-7.150048478055358,0.8415577032435114,0
493,2024-09-24 12:16:28.819755008,TASK_BEGIN,016,-0.06231221098208545,0.2063430814961227,-0.6535093043159489,-0.20392344781416064,-0.011742462960291451,0.10910420793437772,-7.136421881672045,0.8184060851965718,0
494,2024-09-24 12:16:28.897404928,TASK_BEGIN,016,-0.07725488076920767,0.20832275841154024,-0.46322138403230295,-0.28840876055711623,0.016258785155464785,0.09535189407169148,-7.064214074553136,0.7828528756536478,0
495,2024-09-24 12:16:29.828947968,TASK_BEGIN,016,-0.09198627114262384,0.2107648284131992,-0.26877335634149147,-0.3756024734795302,0.04467789476054973,0.08015482178220795,-6.939570338715419,0.7367500302059062,0
496,2024-09-24 12:16:29.911628032,TASK_BEGIN,016,-0.10768257666129452,0.21387724237579953,-0.07356377326062662,-0.46140214159618836,0.0739431000111193,0.06373260039624962,-6.771815813441701,0.6823005317189276,0
497,2024-09-24 12:16:29.979435008,TASK_BEGIN,016,-0.1254946192907774,0.21782968613333487,0.11976088166520371,-0.5418929906672049,0.1044612677290255,0.04638700317001839,-6.573270690354872,0.6220366032424426,0
498,2024-09-24 12:16:30.045686016,TASK_BEGIN,016,-0.14645604166798193,0.22274478003280815,0.30887421907028806,-0.6136310693411613,0.1364433982439867,0.028511394473099923,-6.358358048960239,0.5587605736624891,0
499,2024-09-24 12:16:30.107702784,TASK_BEGIN,016,-0.17134907498990615,0.2286873519450846,0.4911169727965582,-0.6738114499656788,0.16985628780091594,0.010574057548486138,-6.142102391401539,0.4954007285376265,0
500,2024-09-24 12:16:30.169754880,TASK_BEGIN,016,-0.20055515499519141,0.23564899177743215,0.6629176093447802,-0.720309502997073,0.20441731979895209,-0.006910956800373995,-5.938588819822428,0.4347857880469264,0
501,2024-09-24 12:16:30.247435008,TASK_BEGIN,016,-0.23394548218241298,0.24353688894316844,0.8196134954476177,-0.7516640689590738,0.23954190532380723,-0.023403273445196708,-5.75996160631601,0.379413724560493,0
502,2024-09-24 12:16:31.193809152,TASK_BEGIN,016,-0.27084535597023274,0.2521739894102504,0.9558457793109639,-0.7670898222174101,0.2742712941694095,-0.03834898517208798,-5.615961745324963,0.3312985450685517,0
503,2024-09-24 12:16:31.256252928,TASK_BEGIN,016,-0.31007593474417294,0.26130736002703553,1.066380909430821,-0.7665413264199727,0.30724853904239996,-0.051204898102378715,-5.51355376099254,0.29191039424906917,0
504,2024-09-24 12:16:31.321897984,TASK_BEGIN,016,-0.3500558878718345,0.2706189063713594,1.146909756806196,-0.7507743441057266,0.33675629188767264,-0.06147760850794937,-5.456433850452329,0.26216982459623867,0
505,2024-09-24 12:16:31.395436032,TASK_BEGIN,016,-0.38892965420998177,0.2797390318258793,1.1944022888113657,-0.7213282596943744,0.3608070624635622,-0.0687643214096617,-5.444746876814363,0.24245121166786643,0
506,2024-09-24 12:16:31.464972032,TASK_BEGIN,016,-0.4246959340624204,0.2882690646806449,1.207025959870106,-0.6804024957935471,0.3772935498193462,-0.07278596738635283,-5.475389660951803,0.23255532278161575,0
507,2024-09-24 12:16:31.519212800,TASK_BEGIN,016,-0.45534131798544963,0.2958136995173927,1.1840229096335932,-0.6306688705825589,0.38420416112150524,-0.07341641086289777,-5.5427496455312575,0.23164152774569852,0
508,2024-09-24 12:16:31.585409024,TASK_BEGIN,016,-0.4790057236993331,0.3020174744788921,1.125845980867236,-0.5750771760639107,0.3798784812511093,-0.07071100315401481,-5.639362881561821,0.23816872040331818,0
509,2024-09-24 12:16:32.518970880,TASK_BEGIN,016,-0.4941906232442044,0.30660128082603183,1.034472120792435,-0.5166777017304368,0.3632536709489946,-0.06492251751197445,-5.756246097458506,0.24990796934193577,0
510,2024-09-24 12:16:32.586818816,TASK_BEGIN,016,-0.4999781680448722,0.3093978565802666,0.913597310911192,-0.4584591800609543,0.334066964423253,-0.05649056228785343,-5.883125023205274,0.26405317707534526,0
511,2024-09-24 12:16:32.644951296,TASK_BEGIN,016,-0.4962011228720265,0.31037798486056384,0.7685064864615019,-0.4031936344150703,0.2930027940417311,-0.046011328297032965,-6.0088564812104925,0.27743411626651965,0
512,2024-09-24 12:16:32.721667072,TASK_BEGIN,016,-0.4835196341773961,0.3096552753866298,0.6056709126107459,-0.3532848950265259,0.24176025667101148,-0.034207837112614534,-6.122167310129483,0.2868363010599418,0
513,2024-09-24 12:16:32.790158080,TASK_BEGIN,016,-0.46339122595649346,0.3074682792765715,0.4322860918690463,-0.310637767314534,0.1830043858818978,-0.021906950626598608,-6.212789406989769,0.2894140878832911,0
514,2024-09-24 12:16:32.845534208,TASK_BEGIN,016,-0.4379222753836377,0.30414811893519855,0.25584373538776267,-0.27656966353699153,0.1201914555309164,-0.010008741802515531,-6.272864223016486,0.28312407950005664,0
515,2024-09-24 12:16:32.922697984,TASK_BEGIN,016,-0.40960169721153156,0.30007722061802933,0.08364761378871434,-0.25176301049499045,0.05728473140861871,0.0005660801139635882,-6.297987947275567,0.2670312721370244,0
516,2024-09-24 12:16:33.857233152,TASK_BEGIN,016,-0.3809845887196554,0.2956435945425631,-0.07774963710293967,-0.23624459997452657,-0.001613149645608064,0.008945384530261839,-6.287255572723753,0.24133939004744884,0
517,2024-09-24 12:16:33.934493952,TASK_BEGIN,016,-0.35443390655875917,0.29120042704161625,-0.22299400242953935,-0.2293985298597599,-0.05266843226607141,0.014373314399327928,-6.242411292473382,0.20713385000416912,0
518,2024-09-24 12:16:33.996029952,TASK_BEGIN,016,-0.33196207437282826,0.28703921399338256,-0.34803956195557506,-0.23004459298741395,-0.09271002927492843,0.016266728173456497,-6.166879576115417,0.16601497063462436,0
519,2024-09-24 12:16:34.058981888,TASK_BEGIN,016,-0.31512759038125243,0.2833750736084427,-0.44996387141709027,-0.2366007409861259,-0.1195512812767998,0.014262164381023606,-6.065411816583138,0.11985451613521973,0
520,2024-09-24 12:16:34.136249088,TASK_BEGIN,016,-0.3049482465291107,0.2803395971013643,-0.5268183606360978,-0.2472924361234453,-0.1321845284299058,0.008252145557881905,-5.94445519679958,0.07075432509637689,0
521,2024-09-24 12:16:34.208026880,TASK_BEGIN,016,-0.3018499816266791,0.27798149204943307,-0.5777739234145622,-0.26033478475791977,-0.13082989109841306,-0.001595471523627556,-5.8126396118970165,0.02107118194569527,0
522,2024-09-24 12:16:34.275802880,TASK_BEGIN,016,-0.30567680622605115,0.27627741846307224,-0.6034463579633392,-0.27404348934204886,-0.11686487246171053,-0.01483967086333618,-5.680614888963673,-0.026679322588076003,0
523,2024-09-24 12:16:35.188176896,TASK_BEGIN,016,-0.31575639612171996,0.2751522153422351,-0.6060736867177338,-0.28689143226889857,-0.09263994678179002,-0.030797334818669395,-5.56004506435659,-0.07007999344161005,0
524,2024-09-24 12:16:35.250253056,TASK_BEGIN,016,-0.331016765480856,0.2745042410878644,-0.5893723515544754,-0.29755352050485684,-0.06115901728316141,-0.04861046843704556,-5.462244233574032,-0.10711346487016513,0
525,2024-09-24 12:16:35.327435008,TASK_BEGIN,016,-0.3501574183203916,0.2742306985680112,-0.5581418578656631,-0.3049623935769759,-0.02566953893189812,-0.06733932161326456,-5.396991535596648,-0.13637920067505294,0
526,2024-09-24 12:16:35.390353920,TASK_BEGIN,016,-0.3718408515395512,0.2742495028065874,-0.517791990419888,-0.3083682898139234,0.0107355428928206,-0.08605706611072544,-5.3717535357223465,-0.1571600045809539,0
527,2024-09-24 12:16:35.452428288,TASK_BEGIN,016,-0.3948338469554776,0.2745150041502543,-0.47394021483805776,-0.30737940513136097,0.045454236429051276,-0.10393153253018013,-5.391420756916203,-0.16931746755124188,0
528,2024-09-24 12:16:35.530329088,TASK_BEGIN,016,-0.4180577474409133,0.27502299284579185,-0.4320916499049034,-0.30195947407572593,0.07665687827068238,-0.12029327211022774,-5.458477184248664,-0.1730697163517433,0
529,2024-09-24 12:16:35.597837824,TASK_BEGIN,016,-0.4405714712499052,0.275802403991786,-0.39732213185901083,-0.29237445050410416,0.10347563690522472,-0.13468324582097987,-5.573135794622066,-0.16878889622477894,0
530,2024-09-24 12:16:36.543143936,TASK_BEGIN,016,-0.4615383895681319,0.2768994451214789,-0.37399804722375757,-0.27908792935152804,0.12599518189765363,-0.14685998882815468,-5.732909955669066,-0.1569557159216503,0
531,2024-09-24 12:16:36.595629824,TASK_BEGIN,016,-0.4802019195914285,0.2783621289420797,-0.3656607865941953,-0.26261645959822144,0.14498474254169086,-0.15675732751847118,-5.931636262316106,-0.1383066699333261,0
532,2024-09-24 12:16:36.678777856,TASK_BEGIN,016,-0.4958614266591069,0.2802239020349829,-0.37504799507501296,-0.24339662078072444,0.16148373565024032,-0.16441981187831226,-6.158689446486793,-0.11406664577029631,0
533,2024-09-24 12:16:36.746530048,TASK_BEGIN,016,-0.507846697667474,0.2824825368224607,-0.40409892692618704,-0.22172643208413764,0.17645716958176305,-0.16995806827566032,-6.39914611070775,-0.08611372556206129,0
534,2024-09-24 12:16:36.812505088,TASK_BEGIN,016,-0.5155124210569078,0.28508416623426863,-0.45396320090313685,-0.1977744192453458,0.19064377470519744,-0.17353625539950268,-6.634907857441477,-0.05701426722930255,0
535,2024-09-24 12:16:36.874555136,TASK_BEGIN,016,-0.5182538389844749,0.28792652464909724,-0.5251686159103779,-0.1715957699908544,0.2045618396734029,-0.1753708199340503,-6.846380150666955,-0.02992561442665009,0
536,2024-09-24 12:16:36.936439040,TASK_BEGIN,016,-0.5155025887115504,0.2908744261151445,-0.6178928409308633,-0.14314164113047312,0.21857578308048256,-0.17572271060006045,-7.01450314009584,-0.00833858135303657,0
537,2024-09-24 12:16:37.886577920,TASK_BEGIN,016,-0.5066752620722953,0.2937660371170671,-0.732072988472941,-0.11230505596474594,0.232943577838703,-0.17488098409234012,-7.122953920438629,0.004342597641350354,0
538,2024-09-24 12:16:37.948641024,TASK_BEGIN,016,-0.4911029170361351,0.2964051524823833,-0.8672124560545076,-0.07902344705136062,0.24780539132268378,-0.17313818177893459,-7.160034119627324,0.005296950863594619,0
539,2024-09-24 12:16:38.025308160,TASK_BEGIN,016,-0.46799096460176753,0.2985550586932169,-1.021962812955001,-0.04341493612999467,0.26313747282974614,-0.17076339914195238,-7.119682844293098,-0.007275131529396864,0
540,2024-09-24 12:16:38.088252928,TASK_BEGIN,016,-0.43644258892067045,0.2999457420541579,-1.1936372578353083,-0.0059161942675006575,0.27873955178178544,-0.1679916450024466,-7.001516601478943,-0.03388346752858777,0
541,2024-09-24 12:16:38.150881024,TASK_BEGIN,016,-0.39556280970914603,0.3002917613913475,-1.377833870074265,0.032617705028428874,0.2942802097310108,-0.1650396315036919,-6.810406884786063,-0.07368943891878271,0
542,2024-09-24 12:16:38.232243968,TASK_BEGIN,016,-0.34463564968315175,0.29931400634504074,-1.568351735701059,0.07089194959124362,0.3093508132014985,-0.16213120144774978,-6.556158599433521,-0.12462831033812302,0
543,2024-09-24 12:16:38.290113024,TASK_BEGIN,016,-0.28332612115052896,0.29676220549115934,-1.757522828076673,0.10724568772034469,0.3234948163520208,-0.15951015883570951,-6.253306952569027,-0.18365708469643477,0
544,2024-09-24 12:16:39.237488128,TASK_BEGIN,016,-0.21184111498626224,0.29243587702583934,-1.9369064239081168,0.13980747575486585,0.33623868513082156,-0.1574381526831304,-5.9205769317223895,-0.24707712991862887,0
545,2024-09-24 12:16:39.311099136,TASK_BEGIN,016,-0.13101695597668211,0.2862011421533409,-2.0980670974194653,0.16668670828767787,0.34712010022538786,-0.15618292303232614,-5.5796199964615605,-0.31087549180121393,0
546,2024-09-24 12:16:39.377250048,TASK_BEGIN,016,-0.042344554473206474,0.2780043666251293,-2.2331593628591877,0.18613768444894588,0.3556463607940844,-0.15599261832208094,-5.253083947484477,-0.3710176458199024,0
547,2024-09-24 12:16:39.438769920,TASK_BEGIN,016,0.05206890827909806,0.2678838435261366,-2.3353087005676456,0.19666727071058496,0.3611783602522206,-0.15705648056449786,-4.962403085307757,-0.42366164666723266,0
548,2024-09-24 12:16:39.500798208,TASK_BEGIN,016,0.14963805631630342,0.2559732952217099,-2.3989431663511684,0.19710844061643745,0.3628551862815693,-0.15947104012196567,-4.725754234150009,-0.46533530080699687,0
549,2024-09-24 12:16:39.577292032,TASK_BEGIN,016,0.2475409701824206,0.24248846768151894,-2.420139714479363,0.18668794374151515,0.35964039004444553,-0.1632305772215559,-4.556589588515435,-0.4931311983290578,0
550,2024-09-24 12:16:39.642917120,TASK_BEGIN,016,0.34299707093679466,0.22769791740144757,-2.3969430254654505,0.16509686121593578,0.3504293329168835,-0.16823960209959998,-4.463054903896602,-0.5049142447194641,0
551,2024-09-24 12:16:40.591655936,TASK_BEGIN,016,0.43350921473085213,0.2118892519086179,-2.3296202660012244,0.13256774443387595,0.3341449170664208,-0.17433576059630881,-4.448306626503476,-0.49948292938856004,0
552,2024-09-24 12:16:40.653701120,TASK_BEGIN,016,0.5170490027832738,0.1953413863162607,-2.2208097793789356,0.08995052466258352,0.3098421622253171,-0.18131711548469828,-4.5113323317539615,-0.4766314380419083,0
553,2024-09-24 12:16:40.715307008,TASK_BEGIN,016,0.5921862216508786,0.17830567845355014,-2.0754603522180695,0.03874813200542964,0.27684162524289063,-0.188968461811917,-4.647661938170508,-0.43711767508423677,0
554,2024-09-24 12:16:40.792931072,TASK_BEGIN,016,0.6581466932086109,0.16099454892283382,-1.9004618555282498,-0.0189385682568922,0.23485481856435061,-0.19708085819951943,-4.84962300354714,-0.3825906675295889,0
555,2024-09-24 12:16:40.855911168,TASK_BEGIN,016,0.7147809460078094,0.14357690296356715,-1.7039935348702608,-0.08056727531320909,0.1840807638549213,-0.20546389987815833,-5.106393330708297,-0.31550365336258906,0
556,2024-09-24 12:16:40.932367104,TASK_BEGIN,016,0.7624629346989424,0.12617801084348113,-1.4947541973437608,-0.14336606726547174,0.12528595666063877,-0.21395408123462753,-5.404385825016131,-0.23898291402543329,0
557,2024-09-24 12:16:41.000240896,TASK_BEGIN,016,0.8019723246945221,0.10888000676511958,-1.2812616476744125,-0.20454404527557796,0.05986198513251832,-0.22242491798141847,-5.728195901927129,-0.15661948012627688,0
558,2024-09-24 12:16:41.930216960,TASK_BEGIN,016,0.8343959461043214,0.0917256130819876,-1.071313918189049,-0.26147835044406964,-0.010167572813799892,-0.23080330429033757,-6.061958215225159,-0.07218068077950889,0
559,2024-09-24 12:16:42.008753920,TASK_BEGIN,016,0.8610358376392949,0.07473232030893989,-0.8715965519771225,-0.3118753620288329,-0.08221004417246032,-0.23908553837599994,-6.390895076907881,0.010734885580835164,0
560,2024-09-24 12:16:42.079106816,TASK_BEGIN,016,0.8832936631929339,0.05791600175642783,-0.6873956207023156,-0.3539004423778279,-0.15322336464323064,-0.24733985900598518,-6.702927515593805,0.08904554291319387,0
561,2024-09-24 12:16:42.146467072,TASK_BEGIN,016,0.9025223459386218,0.04131449711024809,-0.5224259085825809,-0.3862714099886531,-0.2198537233208489,-0.2556924411636769,-6.9901326854634,0.16045593383473314,0
562,2024-09-24 12:16:42.208509952,TASK_BEGIN,016,0.9198608002961833,0.025005914749687913,-0.37879636856169163,-0.40831541278467776,-0.27856635290981374,-0.2643043615071729,-7.249581465221543,0.22355958489690114,0
563,2024-09-24 12:16:42.271047168,TASK_BEGIN,016,0.936086299150122,0.009122204678627155,-0.25705228570570093,-0.4199878699988632,-0.32577076973443014,-0.27334745867722954,-7.483137482542359,0.2777406015610419,0
564,2024-09-24 12:16:42.349154048,TASK_BEGIN,016,0.9515310543635662,-0.0061455047920469024,-0.15621098205336564,-0.42184562752416405,-0.35794049544530704,-0.28298594978337177,-7.696311488442706,0.3229462003653532,0
565,2024-09-24 12:16:43.292645888,TASK_BEGIN,016,0.966090154007262,-0.020556975510168166,-0.07385058380075679,-0.4149653466005475,-0.371743243230973,-0.29336595880440064,-7.896699092820974,0.35945497424990625,0
566,2024-09-24 12:16:43.355133184,TASK_BEGIN,016,0.9793065831436886,-0.03384862076617259,-0.0063879646359103,-0.4008218168662383,-0.3642369867121597,-0.3046026830215404,-8.092414516473514,0.38770518299356516,0
567,2024-09-24 12:16:43.417150976,TASK_BEGIN,016,0.9905059558809299,-0.04576805568589224,0.0504160767639146,-0.3811603622438945,-0.3331644973618528,-0.3167516636721632,-8.290536010515856,0.40816419073004706,0
568,2024-09-24 12:16:43.494765056,TASK_BEGIN,016,0.9989611693968039,-0.05611168606096908,0.10076771540711144,-0.35787214795376987,-0.2772977477691501,-0.3297660527206925,-8.495509514689727,0.421214775082639,0
569,2024-09-24 12:16:43.558969088,TASK_BEGIN,016,1.0040573007494111,-0.06476027620638629,0.14808062095750213,-0.33285447982592536,-0.19673756239680043,-0.3434569979647017,-8.707823511936462,0.4270724486002339,0
570,2024-09-24 12:16:43.621007872,TASK_BEGIN,016,1.0054232010045208,-0.07170424477166135,0.1943506178328429,-0.30785442658458917,-0.09307841003352661,-0.35747492904094863,-8.923511201605086,0.42575706373780775,0
571,2024-09-24 12:16:43.698632960,TASK_BEGIN,016,1.003020527851304,-0.07705340154278532,0.2398159812356277,-0.2843192266134461,0.03062509136424483,-0.3713233894056111,-9.134719043780931,0.4171176142595928,0
572,2024-09-24 12:16:44.605061888,TASK_BEGIN,016,0.9971900087694611,-0.08103346494627192,0.28296571376649227,-0.26329054326462425,0.17008522452209301,-0.38440762405848433,-9.331060704837789,0.40089461090692263,0
573,2024-09-24 12:16:44.686436096,TASK_BEGIN,016,0.9886288899702677,-0.0839703380451275,0.3209836096639436,-0.2453856876690518,0.3201083472173311,-0.3961031982034079,-9.501358275096067,0.3768305025642877,0
574,2024-09-24 12:16:44.744755200,TASK_BEGIN,016,0.9782733793462294,-0.08625649955504927,0.35057785297842864,-0.23087621814792947,0.47492474038875016,-0.40581953824188954,-9.635541262343564,0.3448535470602236,0
575,2024-09-24 12:16:44.806747904,TASK_BEGIN,016,0.967114438802334,-0.08829937408809772,0.3688370454970113,-0.21981237698335737,0.6285199655935807,-0.4130470244427698,-9.726474946032456,0.3053070657923771,0
576,2024-09-24 12:16:44.885299200,TASK_BEGIN,016,0.9560118225146819,-0.09046583859023176,0.37375307715186334,-0.21212262717116281,0.7750174866160531,-0.4173969617577728,-9.771367226207072,0.2591439677848267,0
577,2024-09-24 12:16:44.947982080,TASK_BEGIN,016,0.9455430647417227,-0.09303877758450382,0.3643326528872826,-0.20765048407689685,0.9090986196601988,-0.4186422162119638,-9.772414018449414,0.20802901513300256,0
578,2024-09-24 12:16:45.010044160,TASK_BEGIN,016,0.9358934078667802,-0.09618834459330637,0.3403537614690415,-0.20612813522127213,1.0263817182554857,-0.4167499183085959,-9.73654863305776,0.15433788994888942,0
579,2024-09-24 12:16:45.927928064,TASK_BEGIN,016,0.9268086509919029,-0.09995354385945265,0.3018651193479731,-0.20712014134136625,1.1236922259606517,-0.4118923978197014,-9.674412669790202,0.1010493876253432,0
580,2024-09-24 12:16:46.007465984,TASK_BEGIN,016,0.917642357548628,-0.10423688319543088,0.24866056145173546,-0.20999276273545683,1.1991932848677331,-0.40443112383169555,-9.598711377222543,0.051503976624546075,0
581,2024-09-24 12:16:46.067856896,TASK_BEGIN,016,0.9074823697676095,-0.10881760779147505,0.1800123557755233,-0.2139449900131172,1.2523747886730463,-0.3948763566543232,-9.522044083255258,0.00901219125496504,0
582,2024-09-24 12:16:46.145478912,TASK_BEGIN,016,0.8952929469876758,-0.11337808752711255,0.09480117479012937,-0.21809299100097057,1.2839112922248597,-0.3838265105997946,-9.454465799769059,-0.023627915720333504,0
583,2024-09-24 12:16:46.211097856,TASK_BEGIN,016,0.880021291687943,-0.11753055250055476,-0.008051830242856215,-0.2215669219381897,1.2954109410548023,-0.37189382491285333,-9.401322651456558,-0.04459306169466051,0
584,2024-09-24 12:16:46.270004992,TASK_BEGIN,016,0.8606625367560465,-0.1208400298922141,-0.12910841924576794,-0.22357136961543933,1.289102724765344,-0.35962905125792594,-9.361934357947487,-0.05338591387043301,0
585,2024-09-24 12:16:46.347164928,TASK_BEGIN,016,0.8363024352881604,-0.12285054869859631,-0.26810901046423674,-0.22338793792870418,1.2675156988931153,-0.3474580037397446,-9.329484304203952,-0.05098606366494088,0
586,2024-09-24 12:16:47.279322112,TASK_BEGIN,016,0.806159959185528,-0.12311905449396705,-0.42389099335871655,-0.2203395790270495,1.2331864428435069,-0.33563846567493477,-9.292176446036311,-0.03970705776416674,0
587,2024-09-24 12:16:47.357430784,TASK_BEGIN,016,0.7696545968393985,-0.12125237787467409,-0.5944972856703378,-0.2137498738245344,1.1884359441370236,-0.3242450821034159,-9.235378708050796,-0.022768921192064792,0
588,2024-09-24 12:16:47.419450880,TASK_BEGIN,016,0.7265190217187971,-0.11694289553501254,-0.7774294172201424,-0.2029175523367757,1.1352619550262026,-0.3131869523992674,-9.144168825044456,-0.0037549923732141787,0
589,2024-09-24 12:16:47.497142016,TASK_BEGIN,016,0.6769416406343027,-0.11000379369735182,-0.9699613410605022,-0.18711183932377054,1.0753420965699394,-0.30225237290653373,-9.005615098131818,0.013836703646922603,0
590,2024-09-24 12:16:47.554429952,TASK_BEGIN,016,0.6216759038078098,-0.10040096777076717,-1.1694059808383124,-0.16559248580096259,1.0100881123606302,-0.29116620042776875,-8.810427901268238,0.02686396468246995,0
591,2024-09-24 12:16:47.632698880,TASK_BEGIN,016,0.562052330153611,-0.0882695636494149,-1.373236328286829,-0.137669423528434,0.9407127286348179,-0.2796457328744969,-8.55404137000886,0.03271150335388126,0
592,2024-09-24 12:16:47.695478016,TASK_BEGIN,016,0.4998812806192399,-0.07390563661394399,-1.5790294335614348,-0.10281271363258132,0.8683192743929856,-0.2674482356347901,-8.237257176584285,0.02947361292580069,0
593,2024-09-24 12:16:48.633430784,TASK_BEGIN,016,0.43728211986776006,-0.05773786518264006,-1.784339046716217,-0.06079104319846342,0.7940123543758097,-0.25441095024011384,-7.866353185289514,0.01614168086077299,0
594,2024-09-24 12:16:48.711096832,TASK_BEGIN,016,0.3764794722372412,-0.040291394479285675,-1.9866647731070028,-0.01179767281951678,0.7189847611808612,-0.24048506460494418,-7.452516950920337,-0.007305288161709459,0
595,2024-09-24 12:16:48.773582080,TASK_BEGIN,016,0.31959515188159127,-0.02214810121881867,-2.1835659038135455,0.04346221911410825,0.6445353665370336,-0.225756500696209,-7.010740937586188,-0.039951700245349664,0
596,2024-09-24 12:16:48.847229952,TASK_BEGIN,016,0.26846617330948436,-0.003902366518741878,-2.372786526182922,0.10373346179528642,0.5720127794171315,-0.21044288771922062,-6.55846097148225,-0.08009792914266081,0
597,2024-09-24 12:16:48.915000064,TASK_BEGIN,016,0.2245174657961347,0.013881699853589296,-2.5522070495897933,0.16723225498695024,0.5027135458830189,-0.19486794993522366,-6.114073138986483,-0.1254780611376043,0
598,2024-09-24 12:16:48.982824960,TASK_BEGIN,016,0.18869217809953703,0.030702672207475693,-2.719589325219331,0.23173458692255436,0.4377722685206513,-0.17942551048806413,-5.6953738186386955,-0.17351541727250683,0
599,2024-09-24 12:16:49.036981248,TASK_BEGIN,016,0.16142100151509986,0.04614403965018264,-2.8722600032248917,0.29472247723237566,0.3780873730085342,-0.1645416836602085,-5.317969747471293,-0.221577937880822,0
600,2024-09-24 12:16:49.982479872,TASK_BEGIN,016,0.1426258246529766,0.0598918273517589,-3.006871776927022,0.35355450196661703,0.3243319087861537,-0.1506381250395821,-4.993747305425769,-0.26721351146610717,0
601,2024-09-24 12:16:50.062228992,TASK_BEGIN,016,0.13177395632105185,0.07174627957029348,-3.1193203205401323,0.405630839474645,0.27706000346412735,-0.13810087578861285,-4.729696487286498,-0.3083337687730253,0
602,2024-09-24 12:16:50.121341184,TASK_BEGIN,016,0.1279823561831583,0.08162084434829107,-3.2049146759478373,0.44855531119356357,0.23684506569023844,-0.1272591473354635,-4.5274756283724455,-0.3432755863078691,0
603,2024-09-24 12:16:50.197822976,TASK_BEGIN,016,0.13014337545723675,0.0895274100699466,-3.2588397217789624,0.48029906186249455,0.20435772771151656,-0.11837331088379528,-4.383792378588489,-0.37072905264918865,0
604,2024-09-24 12:16:50.265630976,TASK_BEGIN,016,0.13705892246229895,0.0955530386697351,-3.276786985118066,0.4993421965978102,0.1803460119655637,-0.11162841800730981,-4.291314638666437,-0.38964132766304915,0
605,2024-09-24 12:16:50.325998080,TASK_BEGIN,016,0.1475978780566901,0.09983155707374597,-3.2555628958118508,0.5047672846230035,0.16554450989544633,-0.10712937978061897,-4.239858203967079,-0.3991911051595167,0
606,2024-09-24 12:16:50.401228032,TASK_BEGIN,016,0.16086043726615393,0.10251277797329401,-3.193510392092354,0.49629654245376126,0.16055268897673627,-0.10489684178934502,-4.217901172849256,-0.39878422864548024,0
607,2024-09-24 12:16:51.344023808,TASK_BEGIN,016,0.17626929101612177,0.10374006673201,-3.0906412260622718,0.4742741923373928,0.16572744051351945,-0.10487066424201315,-4.214534580402468,-0.387972140443277,0
608,2024-09-24 12:16:51.411827200,TASK_BEGIN,016,0.19352018168768256,0.10365013511654604,-2.948545294755195,0.4396116213136957,0.18114208172454083,-0.10692910491145341,-4.221543627765705,-0.3663237310575959,0
609,2024-09-24 12:16:51.477098752,TASK_BEGIN,016,0.21242996774837922,0.10239492035293248,-2.770283203753989,0.3937237889631021,0.20661652256742336,-0.1109184713525486,-4.234819752689533,-0.33340900537616636,0
610,2024-09-24 12:16:51.547407104,TASK_BEGIN,016,0.2327837460587225,0.10016926543170683,-2.560364971975499,0.33846074753889377,0.24175085505671146,-0.11667673853617586,-4.254456252835425,-0.2889898647766874,0
611,2024-09-24 12:16:51.614749952,TASK_BEGIN,016,0.25422869136278553,0.09723022179396658,-2.3247405714555733,0.2760141989949621,0.2858823977529367,-0.12403786963276475,-4.283744080432067,-0.2333122354675772,0
612,2024-09-24 12:16:51.682945024,TASK_BEGIN,016,0.2762070878951166,0.09390464047907035,-2.0707272675623436,0.20879810839117274,0.3379549111419556,-0.1328141624361042,-4.32785336451667,-0.1672943267940465,0
613,2024-09-24 12:16:51.738785024,TASK_BEGIN,016,0.2979422583951553,0.09058297453531765,-1.8068826631260266,0.13933044954054966,0.3963903757779432,-0.14276650718610362,-4.3927042600255675,-0.09251419406402679,0
614,2024-09-24 12:16:52.683865856,TASK_BEGIN,016,0.31849347195272387,0.08769587586832275,-1.5428097234432614,0.07013443220734104,0.45908129257638275,-0.15358137660541984,-4.484070722169073,-0.011079351897080817,0
615,2024-09-24 12:16:52.759696128,TASK_BEGIN,016,0.33684308792590084,0.08567828467317212,-1.2888018572664572,0.003651558254116551,0.523525584279653,-0.164869162201815,-4.6068358346972795,0.07446380077002705,0
616,2024-09-24 12:16:52.817469952,TASK_BEGIN,016,0.3519692508614016,0.08493394356521371,-1.0552980487789982,-0.057838390988954776,0.5870336870077562,-0.17618631345379127,-4.764380815663951,0.16112434296857694,0
617,2024-09-24 12:16:52.894682880,TASK_BEGIN,016,0.3628994323695902,0.08581023441779971,-0.8522862620177106,-0.11227093018639413,0.646956689670785,-0.18707697191005077,-4.9581539363349085,0.24548737187799635,0
618,2024-09-24 12:16:52.963091968,TASK_BEGIN,016,0.36874971819644586,0.08858519874266924,-0.6888185590675865,-0.15780628349428077,0.7009318123071541,-0.19712704905911219,-5.187455616357267,0.3239269905028661,0
619,2024-09-24 12:16:53.018354944,TASK_BEGIN,016,0.3687429468898384,0.093464077471739,-0.5726663609757183,-0.1928100863744375,0.7471226141527193,-0.20601651379569555,-5.449509531833687,0.39304263998801925,0
620,2024-09-24 12:16:53.096009984,TASK_BEGIN,016,0.3622183696978502,0.10058002823920414,-0.5100523479265027,-0.2158430007178325,0.7844045746474823,-0.21355356470693845,-5.740010162997704,0.4502047370149669,0
621,2024-09-24 12:16:54.041965056,TASK_BEGIN,016,0.3486575548704854,0.10999316802027521,-0.5054012146914098,-0.22568849663232265,0.8124858992491245,-0.21968966013405872,-6.054241053644732,0.49404935700795505,0
622,2024-09-24 12:16:54.102289920,TASK_BEGIN,016,0.3277197031340785,0.12168833253269638,-0.5611005945059722,-0.22142542547177413,0.8319794519053243,-0.22452505481766694,-6.388463305395788,0.524777571446836,0
623,2024-09-24 12:16:54.177625856,TASK_BEGIN,016,0.2992638858014331,0.13557771555470696,-0.677323668000241,-0.20252731468455146,0.8443731360682768,-0.22829962980302806,-6.74097242636134,0.5441603111499904,0
624,2024-09-24 12:16:54.245403136,TASK_BEGIN,016,0.2633711608528843,0.15150824509103067,-0.8519653272822706,-0.16895638293857915,0.85180388120431,-0.2313530454872546,-7.112291862443804,0.555240163125017,0
625,2024-09-24 12:16:54.303222784,TASK_BEGIN,016,0.22039607298040573,0.16926424832910084,-1.080669069346886,-0.12123327224043758,0.8566417364536904,-0.2340582475137144,-7.504315996798671,0.5618328910735814,0
626,2024-09-24 12:16:54.379785984,TASK_BEGIN,016,0.17103226095950425,0.18856124580978573,-1.3568845582124798,-0.06048001814375937,0.861019924959016,-0.2367550712520552,-7.918642897325633,0.5679801177556073,0
627,2024-09-24 12:16:54.442273024,TASK_BEGIN,016,0.11633991611316899,0.2090408054704262,-1.671950962260559,0.011576915882408546,0.8664680478006632,-0.2397061938050981,-8.354677311237499,0.5774494451862481,0
628,2024-09-24 12:16:55.368311808,TASK_BEGIN,016,0.05771222240665285,0.23027873154697176,-2.0152763568381165,0.09267224544032941,0.8737562892169305,-0.24308090598928875,-8.808199715746428,0.5933045015914997,0
629,2024-09-24 12:16:55.431737088,TASK_BEGIN,016,-0.0031971024012883453,0.2518072001100225,-2.3747213285559283,0.1801522403122207,0.882999169620341,-0.24696489609982245,-9.27093379419405,0.6175751458646492,0
630,2024-09-24 12:16:55.494312960,TASK_BEGIN,016,-0.06457236109613794,0.273143214221788,-2.7372619905685722,0.27118705779039726,0.8939725838305908,-0.251388438051743,-9.73117649859819,0.651090524689869,0
631,2024-09-24 12:16:55.562403072,TASK_BEGIN,016,-0.12457550805246675,0.29381827180457554,-3.089869061849842,0.36298485013269294,0.9064848605678065,-0.2563548918362308,-10.175028450363387,0.6934961514512352,0
632,2024-09-24 12:16:55.624465920,TASK_BEGIN,016,-0.18151497921933632,0.31340561939734696,-3.4203896612186986,0.452946029021866,0.9206279336041316,-0.26185358963663025,-10.587665068112484,0.7434049641705447,0
633,2024-09-24 12:16:55.707280896,TASK_BEGIN,016,-0.23398775407406464,0.3315384134497421,-3.7182157501617255,0.5387309352346393,0.9368401895173158,-0.26785768575357466,-10.954366852098081,0.7986112046628078,0
634,2024-09-24 12:16:55.764347136,TASK_BEGIN,016,-0.2809571122085027,0.3479162963783845,-3.9746481527520783,0.6182473472040503,0.9557996720066876,-0.27431498215614103,-11.261255718037113,0.8563162558732372,0
635,2024-09-24 12:16:56.693283840,TASK_BEGIN,016,-0.32177489895774686,0.3623065040458313,-4.182993892774543,0.6895805569590253,0.9781849027736726,-0.2811332481570906,-11.495873441876753,0.9133467703858585,0
636,2024-09-24 12:16:56.751628032,TASK_BEGIN,016,-0.35615631400376724,0.37454364144547997,-4.3385324910597864,0.7509068420319149,1.0043847148246487,-0.28816134324146614,-11.647875137081213,0.9663779582684531,0
637,2024-09-24 12:16:56.813747712,TASK_BEGIN,016,-0.38410036584827595,0.3845243689534854,-4.438516834344122,0.8004446598159201,1.0342925630758613,-0.29517841731581523,-11.709867634387823,1.0121785774669099,0
638,2024-09-24 12:16:56.891030016,TASK_BEGIN,016,-0.4057781707215101,0.39219482499897795,-4.482266459573273,0.8364830085852112,1.067269490081251,-0.3019054194454743,-11.677994257993632,1.047846135761763,0
639,2024-09-24 12:16:56.953515264,TASK_BEGIN,016,-0.42143930209203356,0.39753722812832065,-4.47124677821953,0.857494115300212,1.1022470232994366,-0.308038823931891,-11.551958161055023,1.0709785238331662,0
640,2024-09-24 12:16:57.032286976,TASK_BEGIN,016,-0.4313572365329626,0.4005624274119255,-4.408986171215772,0.8623101473446226,1.1379027493623355,-0.31329363494531115,-11.334829961221573,1.0798019002136139,0
641,2024-09-24 12:16:57.096477952,TASK_BEGIN,016,-0.43579516417953096,0.4013053408378459,-4.300797244175953,0.8503240794515162,1.1728552653457205,-0.3174400096651798,-11.033266301902232,1.073321552965465,0
642,2024-09-24 12:16:58.031416064,TASK_BEGIN,016,-0.434983491686091,0.3998169283382407,-4.153387826004438,0.8216651200357629,1.2058082354057258,-0.32031869164637683,-10.658161101335057,1.0514720986045032,0
643,2024-09-24 12:16:58.109084928,TASK_BEGIN,016,-0.4291239726682501,0.3961550030461115,-3.974448453054067,0.7773015977149902,1.2355905454431135,-0.32182969999356154,-10.225082657277586,1.015161141698188,0
644,2024-09-24 12:16:58.171105024,TASK_BEGIN,016,-0.4184229910455602,0.3903810428971532,-3.7722608822519663,0.7190378124285269,1.2611444785165808,-0.3219097057860402,-9.753941662065998,0.9661707082290204,0
645,2024-09-24 12:16:58.246933760,TASK_BEGIN,016,-0.40314084127820615,0.38256522466263493,-3.5553683886961616,0.6494017896553106,1.2815632367590222,-0.32052365623321494,-9.267888724937075,0.9069917301760364,0
646,2024-09-24 12:16:58.310305280,TASK_BEGIN,016,-0.3836589334034741,0.37279854872433577,-3.3323251037038903,0.5714629064510023,1.2961905609681001,-0.31768036602558014,-8.791846991770468,0.8406650880331463,0
647,2024-09-24 12:16:58.371961088,TASK_BEGIN,016,-0.3605716442079199,0.36121210684946436,-3.1114902001028493,0.4886324952323396,1.3047218924658357,-0.3134599097809896,-8.351081622529353,0.7706228865159822,0
648,2024-09-24 12:16:58.450372096,TASK_BEGIN,016,-0.33477089581000413,0.34799992580732453,-2.9008264117136515,0.4044669301277422,1.3072714158783694,-0.30803365916010866,-7.969829766568847,0.7004837575272114,0
649,2024-09-24 12:16:59.388514048,TASK_BEGIN,016,-0.30746709023585894,0.33343483542686486,-2.7076958792418684,0.32246342547750423,1.3043870706165117,-0.30166500257460654,-7.669829392983215,0.6338018910508831,0
650,2024-09-24 12:16:59.461371904,TASK_BEGIN,016,-0.280129959915539,0.3178694231020329,-2.5386144341985974,0.24584963130498386,1.2969792747076438,-0.29469154647551715,-7.468972047512019,0.5738435496483026,0
651,2024-09-24 12:16:59.528649216,TASK_BEGIN,016,-0.2543774379291274,0.3017250803759383,-2.3988438995104127,0.17738381830314032,1.2861581858069713,-0.2874979656149831,-7.380567315162928,0.5234593077312383,0
652,2024-09-24 12:16:59.591130880,TASK_BEGIN,016,-0.23183310602083654,0.2854759253535282,-2.2917852426166494,0.11918732221212965,1.2730542976211057,-0.2804887045723223,-7.413318708272721,0.48503476671384765,0
653,2024-09-24 12:16:59.653528832,TASK_BEGIN,016,-0.21395407017656456,0.26962664828395644,-2.2183863640628902,0.07263953094071512,1.2587314873712567,-0.2740670018905151,-7.571618670093926,0.46045308815816977,0
654,2024-09-24 12:16:59.731169024,TASK_BEGIN,016,-0.20184451038555173,0.25467684566887305,-2.176893041746074,0.03836525047411848,1.2442035940146656,-0.2686194662093713,-7.855643995360295,0.4510270239625905,0
655,2024-09-24 12:16:59.800347904,TASK_BEGIN,016,-0.19610092697117903,0.2410721945068432,-2.1631274299795216,0.016320532902173123,1.2304285388029914,-0.26449204557652684,-8.260903051733651,0.4573959160445566,0
656,2024-09-24 12:17:00.735341056,TASK_BEGIN,016,-0.19674202664797188,0.22915796323226076,-2.171253284287458,0.005946891038876357,1.218177430921019,-0.2619427311110036,-8.777241429458385,0.4794040723227964,0
657,2024-09-24 12:17:00.797350912,TASK_BEGIN,016,-0.20323188852913152,0.219150590313902,-2.1948143076641875,0.006339719296891389,1.2078407081286024,-0.2610810580306971,-9.387787653265084,0.5160104186127783,0
658,2024-09-24 12:17:00.874097920,TASK_BEGIN,016,-0.21455311426225512,0.21112663807060658,-2.2277161905390614,0.016383654769483662,1.199306834445589,-0.2618276477239162,-10.068709589931075,0.5653253908114826,0
659,2024-09-24 12:17:00.935756032,TASK_BEGIN,016,-0.22930091142315992,0.20502116322746522,-2.2648633968029355,0.034841914325226486,1.1919501504437264,-0.2639155895407241,-10.790453791796178,0.6248320966132725,0
660,2024-09-24 12:17:01.014767872,TASK_BEGIN,016,-0.24582341563726165,0.20063865593817792,-2.3024244030933354,0.06042415289453345,1.184675121171053,-0.2669238901342387,-11.520272824402872,0.6917087700520671,0
661,2024-09-24 12:17:01.082558208,TASK_BEGIN,016,-0.26242897229907564,0.19768486679475797,-2.3379258225988395,0.09186054443599692,1.1760072830115866,-0.27032400098376363,-12.225203920812659,0.7631074080474132,0
662,2024-09-24 12:17:01.138079744,TASK_BEGIN,016,-0.2776151588024227,0.195814294811211,-2.370324030320076,0.1279707177860112,1.1642667053480138,-0.27353598444756694,-12.87482756294455,0.8363445876037293,0
663,2024-09-24 12:17:02.093012992,TASK_BEGIN,016,-0.29024986160883126,0.19467852391175217,-2.400015219340334,0.16768919771693794,1.147806122721495,-0.27599696616137054,-13.443597756768558,0.9090758272213604,0
664,2024-09-24 12:17:02.161757952,TASK_BEGIN,016,-0.299676357363412,0.19396892944970248,-2.4286665951503315,0.21003346641698264,1.1252535202042593,-0.2772336310254569,-13.912748619277437,0.9795157298488436,0
665,2024-09-24 12:17:02.223164928,TASK_BEGIN,016,-0.3057386548692674,0.1934525466259466,-2.4588223814409096,0.2540396870680234,1.0957397480404452,-0.2769243440181862,-14.271655309737355,1.0466486039079304,0
666,2024-09-24 12:17:02.284808960,TASK_BEGIN,016,-0.3087163773770638,0.19299100515257156,-2.493341402462773,0.2987009619854547,1.0591123918759742,-0.2749400231675624,-14.518249782138872,1.1102813964267138,0
667,2024-09-24 12:17:02.362024192,TASK_BEGIN,016,-0.30918721295849577,0.19253286207516715,-2.5347748567093147,0.3429308550117518,1.016080409451178,-0.2713553534106018,-14.658180996559993,1.1708614873892578,0
668,2024-09-24 12:17:02.424057088,TASK_BEGIN,016,-0.3078803040336264,0.19208801675521797,-2.584820177113327,0.38555867029995566,0.9682018743591255,-0.26642324368528775,-14.703033449120515,1.2291585710670798,0
669,2024-09-24 12:17:02.486053888,TASK_BEGIN,016,-0.3055662903068902,0.1917016329533155,-2.643984093283942,0.42535067870771387,0.9176896096975864,-0.26051279982879794,-14.668349738755312,1.2859674273457145,0
670,2024-09-24 12:17:03.443527168,TASK_BEGIN,016,-0.3029757878604663,0.19143380386003928,-2.711520213352846,0.4610577610031931,0.8670909079980554,-0.25402461884316824,-14.571911323857748,1.3418838948708633,0
671,2024-09-24 12:17:03.511507200,TASK_BEGIN,016,-0.30073350808047933,0.19134249740344164,-2.785674388518161,0.49151177427606535,0.818923236020684,-0.24730859637651167,-14.432244030829144,1.397136817534658,0
672,2024-09-24 12:17:03.571955712,TASK_BEGIN,016,-0.2993256504326953,0.19147078773886983,-2.8642870176351214,0.515791700899333,0.7753432015230033,-0.24060967434091607,-14.267244526677276,1.4514990828099714,0
673,2024-09-24 12:17:03.647211264,TASK_BEGIN,016,-0.29911458131615914,0.1918436496302753,-2.945673101452099,0.5334367132049248,0.7379188301383427,-0.23405359896520955,-14.092944792214459,1.5043063524164093,0
674,2024-09-24 12:17:03.711834112,TASK_BEGIN,016,-0.3003831609771259,0.19247718971401884,-3.0294895412833034,0.5446393735591973,0.7075407513442895,-0.22766511279144247,-13.922369245791039,1.5545293632198727,0
675,2024-09-24 12:17:03.773658880,TASK_BEGIN,016,-0.3033850865636214,0.19339602720940766,-3.1172588957834697,0.5503481895108666,0.6844409329339721,-0.22139902522305077,-13.764471384137464,1.6008241277853974,0
676,2024-09-24 12:17:03.835283968,TASK_BEGIN,016,-0.3083962203148157,0.1946500614831343,-3.2123313478055735,0.5522315694669514,0.6682440517245083,-0.21516694012678259,-13.623478826386673,1.6415830918532346,0
677,2024-09-24 12:17:04.782111744,TASK_BEGIN,016,-0.31575240952851696,0.19632303019800124,-3.319222732041371,0.5524888035816985,0.6580119947803309,-0.2088511242055924,-13.499095087515617,1.6750596160263989,0
678,2024-09-24 12:17:04.859337984,TASK_BEGIN,016,-0.32582242822462515,0.19852536238727772,-3.4424631828395396,0.553534102755191,0.6523088198846035,-0.20230687665467242,-13.387563750510116,1.6995518866424588,0
679,2024-09-24 12:17:04.921359104,TASK_BEGIN,016,-0.33888074068799645,0.2013655840354178,-3.5852650982051544,0.5576139545558723,0.649319633216585,-0.19536988357457552,-13.283131384578065,1.7135755497953915,0
680,2024-09-24 12:17:04.997209088,TASK_BEGIN,016,-0.3549350979730697,0.20490902115585674,-3.748370130894446,0.5664380687321827,0.6470220540936038,-0.18789046372909968,-13.17943896529152,1.7160144907125163,0
681,2024-09-24 12:17:05.060620032,TASK_BEGIN,016,-0.3736168305316579,0.20914749473237537,-3.92934818235507,0.5809058492975266,0.6433968780064669,-0.1797904270688529,-13.070525224492584,1.706256299367971,0
682,2024-09-24 12:17:05.132771072,TASK_BEGIN,016,-0.39417937709545003,0.21399456684495174,-4.1224643219033235,0.6009843500665059,0.636667601358011,-0.17110954056609978,-12.951137578321783,1.6842383327362822,0
683,2024-09-24 12:17:05.200592128,TASK_BEGIN,016,-0.41556309820929754,0.219296788073774,-4.319107640300683,0.6257447847625995,0.6255492752799741,-0.16202119333241802,-12.816332635445658,1.6503407915422952,0
684,2024-09-24 12:17:06.109075968,TASK_BEGIN,016,-0.4364804810511647,0.2248451568121887,-4.508738030003883,0.6535229530939745,0.6094530927437615,-0.15282504492630836,-12.660920208364255,1.6051938716330902,0
685,2024-09-24 12:17:06.186258176,TASK_BEGIN,016,-0.45551915760967104,0.2303857807870529,-4.680236047635854,0.6821589200725083,0.5885679295914433,-0.14392294005892825,-12.479338808587311,1.5495107900586473,0
686,2024-09-24 12:17:06.247831040,TASK_BEGIN,016,-0.4712643654648043,0.2356361053725656,-4.823354360852954,0.7092753010922572,0.5637839027250272,-0.13577143692244217,-12.266095555670454,1.4840085101237164,0
687,2024-09-24 12:17:06.309831936,TASK_BEGIN,016,-0.48241431130081525,0.24030302066045087,-4.92989108494378,0.7325459193279457,0.5364943153048599,-0.1288131780977241,-12.016775683921434,1.409487715057225,0
688,2024-09-24 12:17:06.390206976,TASK_BEGIN,016,-0.48785972568193336,0.2440933923779433,-4.994428968910793,0.7499126716601049,0.5083301945564234,-0.12340714522933242,-11.729657815754642,1.3271372778524508,0
689,2024-09-24 12:17:06.449476096,TASK_BEGIN,016,-0.48672728163099543,0.24671740329142378,-5.014738132973046,0.759750366713961,0.4808752765530604,-0.11978051803639621,-11.407626805667668,1.2389700505946022,0
690,2024-09-24 12:17:06.525793024,TASK_BEGIN,016,-0.47840447690087534,0.24789318897671248,-4.991882740349016,0.7609984834416071,0.45542230086295815,-0.11801382480101552,-11.059696099553143,1.148137315192365,0
691,2024-09-24 12:17:07.439587072,TASK_BEGIN,016,-0.4625638568840563,0.24735734510458346,-4.929900294210315,0.7532400591848336,0.4328279287228447,-0.1180568005939141,-10.701532713549891,1.0589238881755634,0
692,2024-09-24 12:17:07.501587968,TASK_BEGIN,016,-0.4392060441946701,0.24488241033379532,-4.8350261050324805,0.7366895933644539,0.41348948222830667,-0.11976202540567722,-10.354767969604046,0.9764198876097206,0
693,2024-09-24 12:17:07.580205824,TASK_BEGIN,016,-0.40872902918812287,0.24030418515002144,-4.714702451560074,0.7120973590645612,0.397431397569976,-0.12292316019446985,-10.045134869961378,0.9059750191099915,0
694,2024-09-24 12:17:07.647926016,TASK_BEGIN,016,-0.3719922010098963,0.23355701463302894,-4.576700302658578,0.6806196187894943,0.38445175345688504,-0.12730996028747935,-9.799594305618134,0.8525437048031589,0
695,2024-09-24 12:17:07.706449920,TASK_BEGIN,016,-0.33031793958548133,0.2247030676940594,-4.4285450163696884,0.6436920539023507,0.37424623954403413,-0.13269237961135422,-9.64295044071951,0.820042151739827,0
696,2024-09-24 12:17:07.768485120,TASK_BEGIN,016,-0.28540129054636826,0.21394015151523554,-4.277216644723727,0.60290272595985,0.3664476588487262,-0.13884575230220178,-9.59478831342269,0.8108510983943484,0
697,2024-09-24 12:17:07.846137856,TASK_BEGIN,016,-0.23915260882095754,0.20158828456489192,-4.129007336044779,0.5598554379469026,0.36060466336272723,-0.14554093658816816,-9.667322003819526,0.8255433185134928,0
698,2024-09-24 12:17:08.794002944,TASK_BEGIN,016,-0.1935215484660127,0.1880667667155495,-3.9895419880951994,0.5160597135115318,0.35619768537786195,-0.15253871476037922,-9.86418566741908,0.8628261360697848,0
699,2024-09-24 12:17:08.857799936,TASK_BEGIN,016,-0.15033293306187787,0.17386625258081187,-3.8640011166018406,0.47289880797939704,0.3527680645993887,-0.15960525043032942,-10.18003936177515,0.9196421729857461,0
700,2024-09-24 12:17:08.929608192,TASK_BEGIN,016,-0.11114147350952461,0.15951181461812286,-3.7573720688015046,0.43166837125507146,0.3501363071852651,-0.16654633400915914,-10.60108295070352,0.9914026143407786,0
701,2024-09-24 12:17:08.997080064,TASK_BEGIN,016,-0.07710765235506528,0.14551948827739292,-3.6744213360113824,0.393618354180577,0.3486048699642932,-0.17324196320211585,-11.106621310943273,1.0723770897966765,0
702,2024-09-24 12:17:09.059070976,TASK_BEGIN,016,-0.04890519296104839,0.13235742696611488,-3.6192456344026054,0.359936713833762,0.3490431141101592,-0.1796602475439026,-11.671496933750728,1.1562440495656094,0
703,2024-09-24 12:17:09.121558016,TASK_BEGIN,016,-0.026678186670626637,0.12041803510471603,-3.594547664661947,0.33166477491677354,0.35281986038592145,-0.18584120278223687,-12.268842736851793,1.2367387021038017,0
704,2024-09-24 12:17:09.198827776,TASK_BEGIN,016,-0.010070567753182935,0.1099992475350224,-3.6009280999550985,0.309570044324619,0.3616133219561571,-0.19185889093644748,-12.872506405586023,1.3082811616197163,0
705,2024-09-24 12:17:10.163145984,TASK_BEGIN,016,0.0016633987987573543,0.10129439151972548,-3.6363911094168255,0.2940066552769111,0.3771582430770532,-0.19778177854091958,-13.458623004763504,1.3664307331042198,0
706,2024-09-24 12:17:10.235974144,TASK_BEGIN,016,0.00950717838907442,0.09439165998277159,-3.696114173894907,0.2848046324524224,0.4010047388486184,-0.20365079704125155,-14.006165759597923,1.4080427306300458,0
707,2024-09-24 12:17:10.303750912,TASK_BEGIN,016,0.014555208430643759,0.08928009673816538,-3.7725646387601515,0.2812491299696894,0.4343394938165004,-0.2094827876950039,-14.496850940405556,1.4311508322007598,0
708,2024-09-24 12:17:10.371497984,TASK_BEGIN,016,0.01792657605201937,0.08586125123632729,-3.856124912322086,0.28219562946678106,0.47786332800251347,-0.21528864988254715,-14.915089983430672,1.4347508741890345,0
709,2024-09-24 12:17:10.426922240,TASK_BEGIN,016,0.02067549930029998,0.08397330852711558,-3.9362340889236727,0.28630731895126366,0.5317098799687456,-0.22108483475713328,-15.248426711595323,1.4186655017493222,0
710,2024-09-24 12:17:10.504577792,TASK_BEGIN,016,0.023681324145925744,0.08342936346225374,-4.002760926558321,0.2923320582719561,0.5954190458511454,-0.226885133764859,-15.488293233366653,1.3835353006205626,0
711,2024-09-24 12:17:10.574953984,TASK_BEGIN,016,0.027561076112143427,0.0840559333371816,-4.04723029248111,0.2993111653099085,0.6679789578193972,-0.232680993848174,-15.630549195477949,1.3308564794567461,0
712,2024-09-24 12:17:11.488635136,TASK_BEGIN,016,0.03263593244340336,0.08571724795627086,-4.0636689224508435,0.3066606306924615,0.7479375529979334,-0.2384329808516568,-15.675550537327595,1.2629783507273058,0
713,2024-09-24 12:17:11.561044992,TASK_BEGIN,016,0.03892586880056499,0.08832789833055654,-4.048981711683993,0.31414599183894554,0.833573012876913,-0.24408741161747982,-15.627973989853077,1.1830372749260045,0
714,2024-09-24 12:17:11.627950848,TASK_BEGIN,016,0.04614827025465229,0.09186182825957723,-4.002854408115603,0.32181243990583364,0.9230855630147439,-0.2496102477275539,-15.496539228136534,1.0948128717502825,0
715,2024-09-24 12:17:11.690435840,TASK_BEGIN,016,0.053739249902847314,0.09635228765515555,-3.9273021040769973,0.3299126857138339,1.0147499311585573,-0.2550197207144018,-15.293472438397842,1.0024904029198707,0
716,2024-09-24 12:17:11.752922112,TASK_BEGIN,016,0.06091621117307495,0.10187323052326756,-3.826097364111539,0.3388396834044913,1.1069710087634466,-0.260402636864322,-15.033709088092982,0.9103914245543853,0
717,2024-09-24 12:17:11.832260096,TASK_BEGIN,016,0.06677384488458554,0.10850687056287284,-3.7042742994960336,0.34906183738392127,1.1982449100584462,-0.265907286192104,-14.734048604161869,0.8227636713903685,0
718,2024-09-24 12:17:11.892129792,TASK_BEGIN,016,0.07040064615257746,0.11631178269136477,-3.567754728337523,0.36107190290721947,1.2871195992870226,-0.2717199445307033,-14.412372699629422,0.743619378693893,0
719,2024-09-24 12:17:12.843292928,TASK_BEGIN,016,0.07100033039294043,0.12529990983297298,-3.423047603413785,0.37536449864899774,1.3722413960329563,-0.2780418755436596,-14.087001943925255,0.6765567628133087,0
720,2024-09-24 12:17:12.911198976,TASK_BEGIN,016,0.06799277548104433,0.13542295895737158,-3.276971396093431,0.3924325652791459,1.4524446318081408,-0.2850713536157671,-13.776340769333476,0.6245780737603505,0
721,2024-09-24 12:17:12.978939904,TASK_BEGIN,016,0.06108007857987508,0.1465679381786269,-3.1363489257571353,0.412744893201024,1.5267732079056204,-0.2929766766441394,-13.498734963088094,0.5899820594621381,0
722,2024-09-24 12:17:13.043124992,TASK_BEGIN,016,0.05028657277993074,0.15856030602690194,-3.007580923242487,0.43667028220419923,1.5944090100072295,-0.3018529940840746,-13.272071304761278,0.57435902545946,0
723,2024-09-24 12:17:13.105166080,TASK_BEGIN,016,0.035976968123282646,0.17116876030157718,-2.8960419352258984,0.4643507355934379,1.6545834721874118,-0.31168053693858533,-13.11270112134722,0.5786219754331628,0
724,2024-09-24 12:17:13.167201792,TASK_BEGIN,016,0.018828912742802604,0.184108885049394,-2.8054518128067407,0.49556843119488064,1.706537608160798,-0.3223094834315123,-13.03381726470939,0.6029840132379428,0
725,2024-09-24 12:17:13.244824832,TASK_BEGIN,016,-0.00026257760602972185,0.19705338391331606,-2.7375165175124665,0.5296608466619815,1.7495328440487365,-0.33347819398012846,-13.043851767300353,0.6468751579132911,0
726,2024-09-24 12:17:14.193379840,TASK_BEGIN,016,-0.02032586716216352,0.20965603939953653,-2.6919586786933363,0.5655049736705063,1.782893836754263,-0.34485187187175326,-13.145401049903098,0.7088833833962542,0
727,2024-09-24 12:17:14.248367104,TASK_BEGIN,016,-0.040443399080969,0.22158219565572898,-2.666772857520874,0.6015514568454411,1.8060731413953643,-0.35606639748506275,-13.334794553926306,0.786791958273301,0
728,2024-09-24 12:17:14.326033152,TASK_BEGIN,016,-0.059841355010399146,0.2325332058110449,-2.658497558009803,0.6358848191737517,1.8187285544731295,-0.36676856910527456,-13.602168692590334,0.8777109203919512,0
729,2024-09-24 12:17:14.387655936,TASK_BEGIN,016,-0.07794578355369446,0.2422629703151947,-2.6625202390017684,0.666323099107455,1.8208037057957327,-0.3766481437854802,-13.932011525383658,0.9782659395533745,0
730,2024-09-24 12:17:14.449665024,TASK_BEGIN,016,-0.0944142075522604,0.250590437153615,-2.6735867931308017,0.690593015807078,1.8125957134268302,-0.38545939081478076,-14.304258467685859,1.084803235201374,0
731,2024-09-24 12:17:14.532397824,TASK_BEGIN,016,-0.10914369087915414,0.2574063481994093,-2.6865290481240134,0.7065706758832436,1.794768341427732,-0.39302975900138004,-14.69587493909033,1.1935682890342278,0
732,2024-09-24 12:17:14.600195840,TASK_BEGIN,016,-0.12227417914512707,0.2626735926475853,-2.697009508552931,0.7125245877042522,1.7682717921920637,-0.39925302445549765,-15.082666510440689,1.3008370976426238,0
733,2024-09-24 12:17:15.543097856,TASK_BEGIN,016,-0.13420372032067607,0.26642791091078616,-2.702104406695202,0.7073125722593318,1.7341908192173716,-0.40407061380097353,-15.441041690064067,1.4030145675617969,0
734,2024-09-24 12:17:15.609637888,TASK_BEGIN,016,-0.14558219409606982,0.2687791033033577,-2.700633405698697,0.6905169500930309,1.6935975030239108,-0.4074521024184228,-15.749610665873249,1.4967433378642359,0
735,2024-09-24 12:17:15.679075840,TASK_BEGIN,016,-0.15723066523747328,0.26989922003875666,-2.6931749928086948,0.6625057642083448,1.6474748535481791,-0.4093867009947938,-15.99061436938277,1.5790481125334106,0
736,2024-09-24 12:17:15.734150912,TASK_BEGIN,016,-0.16999102951215728,0.2699913356495448,-2.6817980010564106,0.6244175330882864,1.596728638113991,-0.40989450856751275,-16.15107940036002,1.6474710137069313,0
737,2024-09-24 12:17:15.811818240,TASK_BEGIN,016,-0.18457188351800316,0.26925460117209904,-2.669599423999955,0.578085793723671,1.5422635934524003,-0.40905514337849674,-16.223522951279953,1.700130546668871,0
738,2024-09-24 12:17:15.877479936,TASK_BEGIN,016,-0.2014538001184163,0.26786493626256763,-2.660115784445377,0.5259211026600472,1.485072880506218,-0.4070331855527075,-16.206219540624197,1.735710731871071,0
739,2024-09-24 12:17:15.935944192,TASK_BEGIN,016,-0.22087637509955774,0.26597326421926454,-2.656716227138185,0.4707603412491545,1.4262964571516072,-0.40407928992065634,-16.10320307174785,1.7534724725338073,0
740,2024-09-24 12:17:16.856784128,TASK_BEGIN,016,-0.24290325649896133,0.2637142683036716,-2.662102271132694,0.41567839822770364,1.3672556518426084,-0.40050785884032397,-15.924031677837592,1.7533693621552935,0
741,2024-09-24 12:17:16.932779008,TASK_BEGIN,016,-0.2675425679208606,0.2612245821590635,-2.677964732935833,0.36375323613836996,1.3094840994743469,-0.39666423028109354,-15.683185762105522,1.7362408378777785,0
742,2024-09-24 12:17:16.994813952,TASK_BEGIN,016,-0.2948555613636726,0.2586647389477696,-2.7048650202632634,0.3178180577403812,1.2547269306652455,-0.39288769565525633,-15.399056598948977,1.7039742018534223,0
743,2024-09-24 12:17:17.057477120,TASK_BEGIN,016,-0.32496667542303387,0.2562253503657287,-2.742466775295722,0.28028360575693667,1.2048834955704306,-0.389477705122247,-15.092582990171982,1.6595496781299555,0
744,2024-09-24 12:17:17.134692864,TASK_BEGIN,016,-0.3579641557624162,0.2541079308975774,-2.790118023413877,0.25308934131880817,1.1619105278847892,-0.3866754099490939,-14.78560159187276,1.606929798855405,0
745,2024-09-24 12:17:17.208073984,TASK_BEGIN,016,-0.39377313385104074,0.25249774227740407,-2.8475046755064004,0.23774509903678656,1.1276709381456724,-0.3846581128865258,-14.499017141534868,1.5507757826171238,0
746,2024-09-24 12:17:17.274474240,TASK_BEGIN,016,-0.43207068955726124,0.2515473929887997,-2.9149460454877314,0.23534984829951208,1.1036866668683836,-0.3835314844293669,-14.250980621982674,1.4960164799822095,0
747,2024-09-24 12:17:18.218660096,TASK_BEGIN,016,-0.4722434045063832,0.25136730908363514,-2.993112015908664,0.2465087296925275,1.090837524752423,-0.3833176616598442,-14.055378834532892,1.447362654404106,0
748,2024-09-24 12:17:18.286475776,TASK_BEGIN,016,-0.5133764745210044,0.25201111930013514,-3.0823634265244757,0.27118144775335085,1.0891353571150857,-0.38395209035459094,-13.920992741145087,1.4088835658087362,0
749,2024-09-24 12:17:18.353102080,TASK_BEGIN,016,-0.5542933894875155,0.25345761941471034,-3.182145626972639,0.30856656220175954,1.0976904139454955,-0.38529974113349835,-13.85148597122692,1.3837147407876216,0
750,2024-09-24 12:17:18.415154176,TASK_BEGIN,016,-0.5936546556705308,0.2556022245638872,-3.290738780672633,0.35709592978845694,1.1148991896045086,-0.3871925447028267,-13.84607694305732,1.3738891264567892,0
751,2024-09-24 12:17:18.489783040,TASK_BEGIN,016,-0.6300824463739991,0.25826575516925143,-3.4054107800521534,0.4145379384997092,1.138760715314608,-0.3894778580309724,-13.900651890111988,1.3802451157824411,0
752,2024-09-24 12:17:18.557629952,TASK_BEGIN,016,-0.6622723834247918,0.261215045476426,-3.52286766643602,0.4781737187850543,1.1671597618630467,-0.3920580584282113,-14.009083054515958,1.4023947393943792,0
753,2024-09-24 12:17:18.622531072,TASK_BEGIN,016,-0.6890778227684612,0.2641846627709118,-3.639863669096419,0.5450246983397813,1.1980287542099644,-0.39490636169698673,-14.164399244692847,1.438791889702924,0
754,2024-09-24 12:17:19.559136000,TASK_BEGIN,016,-0.7095630260389196,0.26689662250676033,-3.753814035185643,0.6121156507050777,1.229439449539238,-0.3980599369128644,-14.359542043211823,1.4869611642905998,0
755,2024-09-24 12:17:19.621164032,TASK_BEGIN,016,-0.7230346595539063,0.2690826124621132,-3.86320104837941,0.6767303797420646,1.2597281053553069,-0.401604801023517,-14.587832767590779,1.5438993146003546,0
756,2024-09-24 12:17:19.698340864,TASK_BEGIN,016,-0.7290829367830998,0.2705105906782058,-3.9676177092621603,0.736610535302962,1.2876819339605772,-0.40566543150449014,-14.843358839338437,1.6065563364654152,0
757,2024-09-24 12:17:19.771981056,TASK_BEGIN,016,-0.727643591924362,0.2710097160552215,-4.0675492687311445,0.7900943727807686,1.3127048043345935,-0.4103941753745769,-15.12124144021909,1.67224094318246,0
758,2024-09-24 12:17:19.839812096,TASK_BEGIN,016,-0.7190317841968362,0.27048434638057606,-4.164156216876812,0.8362210160340287,1.3348531556511045,-0.4159434616615095,-15.417735223565202,1.738842195607565,0
759,2024-09-24 12:17:19.899774208,TASK_BEGIN,016,-0.7038882146034636,0.26891247590521505,-4.25913900033366,0.8747860649574196,1.3546862073029375,-0.422415289115133,-15.730180863902373,1.8048444580028036,0
760,2024-09-24 12:17:19.961854976,TASK_BEGIN,016,-0.683050108517581,0.26633166523980445,-4.354503575384962,0.9062911333869942,1.3729444610351507,-0.4298037671283639,-16.056670378982613,1.8691759250817286,0
761,2024-09-24 12:17:20.918748928,TASK_BEGIN,016,-0.6574247834475174,0.26282051634255765,-4.4520855408119475,0.9317620540386617,1.3901556241867952,-0.43795448917021257,-16.39526326531889,1.9309797149974275,0
762,2024-09-24 12:17:20.981120000,TASK_BEGIN,016,-0.6279198638921039,0.2584835195362126,-4.552970420356498,0.9524931076904146,1.4063275440545495,-0.4465522814488409,-16.742918783400512,1.9894119490756432,0
763,2024-09-24 12:17:21.054382080,TASK_BEGIN,016,-0.5954149603122989,0.2534408289528413,-4.65708897567631,0.9698015983405346,1.420841473662577,-0.4551318331147007,-17.09453690063039,2.0435243935864276,0
764,2024-09-24 12:17:21.120803840,TASK_BEGIN,016,-0.5607311467682388,0.2478173767052418,-4.763110372470561,0.9848211670533559,1.4325486541762535,-0.4631050435678361,-17.442323889494027,2.092210027267422,0
765,2024-09-24 12:17:21.189970944,TASK_BEGIN,016,-0.5245780825485895,0.2417271977679687,-4.868557263536541,0.9983235434538386,1.4400023478029687,-0.4698095210181488,-17.77544050279301,2.1341550313287136,0
766,2024-09-24 12:17:21.257723136,TASK_BEGIN,016,-0.4874934735277061,0.23525847092545313,-4.970030624420422,1.0105845801962365,1.4417456188187832,-0.4745814377957564,-18.079929275702234,2.167788120118825,0
767,2024-09-24 12:17:21.321777152,TASK_BEGIN,016,-0.44980945186745985,0.2284691739409956,-5.0634612889716974,1.0213323164434978,1.4365826714712011,-0.476841026555528,-18.33918669042568,2.1912940926981888,0
768,2024-09-24 12:17:22.238064896,TASK_BEGIN,016,-0.4116741183381441,0.22139408002610098,-5.1443434412227,1.0297995074109436,1.4237655177083623,-0.4761705702784413,-18.53539685333795,2.202775928092077,0
769,2024-09-24 12:17:22.309087232,TASK_BEGIN,016,-0.3731242080361977,0.21405287534802883,-5.20798738114268,1.034880635974619,1.403052241543837,-0.4723707945747245,-18.652011672337693,2.2005686283783397,0
770,2024-09-24 12:17:22.370641152,TASK_BEGIN,016,-0.33417144176807123,0.20645232801324065,-5.249853269205137,1.0353612002493662,1.374653662018605,-0.46549147982606554,-18.676627799150896,2.1835915882819474,0
771,2024-09-24 12:17:22.432574976,TASK_BEGIN,016,-0.2948613597082055,0.198585940743407,-5.265972114294722,1.030151317731795,1.339135508585792,-0.45583966799168746,-18.603272820897317,2.1516064161323287,0
772,2024-09-24 12:17:22.514383104,TASK_BEGIN,016,-0.25529432805562163,0.19043536886798557,-5.253435969618765,1.0184655531968743,1.2973285060447761,-0.44397087417135767,-18.433573603562525,2.1053364802233197,0
773,2024-09-24 12:17:22.572101120,TASK_BEGIN,016,-0.21563216230289176,0.18197296552315276,-5.210884948388032,0.9999357358016833,1.2502493261417884,-0.43066263217343353,-18.17678046379498,2.04647774569297,0
774,2024-09-24 12:17:22.649944064,TASK_BEGIN,016,-0.17610810716000153,0.1731658266144439,-5.138828348773985,0.9746636988535238,1.1990363964483681,-0.4168672752505354,-17.84864262805263,1.9776315145106624,0
775,2024-09-24 12:17:23.593970944,TASK_BEGIN,016,-0.13702427641511541,0.16398241611613867,-5.039716579854506,0.9432205814263104,1.1449362994693553,-0.40364678686622757,-17.469204848231712,1.9021572142831114,0
776,2024-09-24 12:17:23.648596992,TASK_BEGIN,016,-0.09872026227791766,0.1543986174674384,-4.917823579511076,0.9066050736601726,1.0893416201382884,-0.39209248120535467,-17.06008244772313,1.8239258763608952,0
777,2024-09-24 12:17:23.729615104,TASK_BEGIN,016,-0.06153479160754561,0.1444013399342863,-4.778910205923868,0.8661627155775313,1.0338123373838397,-0.3832279329750865,-16.642153178319592,1.7469952852244073,0
778,2024-09-24 12:17:23.788446976,TASK_BEGIN,016,-0.025793349547299477,0.1339941048035769,-4.629538513567767,0.8234524714102274,0.9800258157833366,-0.37790302390267866,-16.234349185900506,1.6752968978455671,0
779,2024-09-24 12:17:23.850932992,TASK_BEGIN,016,0.008177569261229698,0.12320775202649961,-4.476140934657137,0.7800707170926403,0.9296740686756525,-0.3767053889218842,-15.853566565658038,1.6124217309838855,0
780,2024-09-24 12:17:23.928594944,TASK_BEGIN,016,0.04002529915474835,0.11211383552276367,-4.324199892570776,0.7374712128497314,0.88435257931401,-0.3799167964466111,-15.515162693964017,1.5614953117769104,0
781,2024-09-24 12:17:23.990174976,TASK_BEGIN,016,0.06933916677062431,0.1008381834001519,-4.17774296323834,0.6968059503854517,0.8454592476655897,-0.3875190683743025,-15.233323847519966,1.525054954523264,0
782,2024-09-24 12:17:24.931372800,TASK_BEGIN,016,0.09563061209201476,0.08956995783479758,-4.039094308215924,0.6588030288355087,0.8141118817429527,-0.3992323330277177,-15.020806456296029,1.5048776454093566,0
783,2024-09-24 12:17:25.009421056,TASK_BEGIN,016,0.11836447056221139,0.07855519908254675,-3.9088383360282073,0.6237200508315722,0.7911054595361804,-0.4145695573569768,-14.888013073131741,1.5017877974972202,0
784,2024-09-24 12:17:25.070940928,TASK_BEGIN,016,0.1370357579627239,0.06807097647436001,-3.786060509140038,0.5914139736818759,0.7769289283537623,-0.4329025264048816,-14.841674729350704,1.515501299419161,0
785,2024-09-24 12:17:25.147800064,TASK_BEGIN,016,0.15122759433932642,0.058395534559884416,-3.6688818268552064,0.561524207416319,0.7718282676483875,-0.4535331434381089,-14.88343098069789,1.54454079971718,0
786,2024-09-24 12:17:25.210691840,TASK_BEGIN,016,0.16060995730436892,0.049793174443319696,-3.555185280091962,0.5337045186515561,0.7758686756648421,-0.47575582478120115,-15.008555967625506,1.5862343909196077,0
787,2024-09-24 12:17:25.272716032,TASK_BEGIN,016,0.16489930134196873,0.04251372264104166,-3.44336570340778,0.5078164127540974,0.7889554372928413,-0.4988982673693967,-15.205275099425304,1.6368218358438218,0
788,2024-09-24 12:17:25.351217152,TASK_BEGIN,016,0.16381357119107345,0.036791591817529175,-3.3329477589488845,0.4840407173705304,0.8107970158543774,-0.522335853146613,-15.455361327880986,1.6917337337228517,0
789,2024-09-24 12:17:26.294181120,TASK_BEGIN,016,0.15704862995606972,0.03283513219413664,-3.2250041793666173,0.4629232198816329,0.8408159772380142,-0.5454829087797654,-15.73633102951129,1.7460871165791747,0
790,2024-09-24 12:17:26.350927872,TASK_BEGIN,016,0.14430398261903638,0.03080920684800272,-3.122387157437597,0.4453755763689944,0.8780709833439214,-0.5677745717274174,-16.02469529256011,1.7953215118418195,0
791,2024-09-24 12:17:26.428576000,TASK_BEGIN,016,0.12537125741107707,0.030815328136555853,-3.0297616778008,0.4326132938696496,0.921284575134703,-0.5886596098008059,-16.299304389651144,1.8358092486688893,0
792,2024-09-24 12:17:26.497597952,TASK_BEGIN,016,0.10025095241337868,0.032871557979867835,-2.953336969851125,0.42599883671259475,0.9689800007042634,-0.6076163028376245,-16.54406570261217,1.8653074028792598,0
793,2024-09-24 12:17:26.565399808,TASK_BEGIN,016,0.06922841016403734,0.03690093115662694,-2.9002117954587328,0.42681347430293365,1.0196286762707802,-0.6241870066496659,-16.749655641235684,1.883207762247948,0
794,2024-09-24 12:17:26.632381952,TASK_BEGIN,016,0.032871323918308985,0.04273985472074994,-2.8774008328598235,0.4360440825915106,1.0717418564944279,-0.6380189634772395,-16.91403689775482,1.8905815155693226,0
795,2024-09-24 12:17:26.695011072,TASK_BEGIN,016,-0.0080358102869535,0.05016573484588658,-2.8906897333451322,0.45424679937240525,1.1239170805628498,-0.648903010430468,-17.041822758010046,1.890018332114746,0
796,2024-09-24 12:17:27.631981056,TASK_BEGIN,016,-0.05259892394542333,0.05893221139971036,-2.943495102902266,0.4814774752118061,1.1748483473153324,-0.6568045296209335,-17.142860926568247,1.8852997709735806,0
797,2024-09-24 12:17:27.694932736,TASK_BEGIN,016,-0.09994133740294475,0.06880106200534787,-3.0359969801703692,0.5172581055756521,1.2232834551673175,-0.6618746622031931,-17.230500290007246,1.8809960845348601,0
798,2024-09-24 12:17:27.771587840,TASK_BEGIN,016,-0.14929618353243881,0.07956185781028542,-3.164776780466724,0.5605669133444391,1.2679431416389517,-0.6644291192867872,-17.319723500111046,1.8820434830701276,0
799,2024-09-24 12:17:27.845366016,TASK_BEGIN,016,-0.20001869008873793,0.09103239567587759,-3.3230112860371226,0.6098542773999989,1.3074623182531577,-0.6648983863518195,-17.42516576848315,1.8932714456171724,0
800,2024-09-24 12:17:27.912046848,TASK_BEGIN,016,-0.25153974257069805,0.10304229850723252,-3.5011910129839015,0.6631063978498418,1.340405577336337,-0.6637700497976528,-17.55924397388256,1.918827935610327,0
801,2024-09-24 12:17:27.974533888,TASK_BEGIN,016,-0.3033180119276865,0.11541396901758057,-3.6883005304351872,0.7179847041314948,1.3653583629201191,-0.661541298082838,-17.73078752759244,1.9615407036818822,0
802,2024-09-24 12:17:28.036551936,TASK_BEGIN,016,-0.35482423237918803,0.1279560755424937,-3.8732948030609595,0.7720399989137456,1.3810634795713266,-0.6586862416931776,-17.944371494484415,2.022359799317839,0
803,2024-09-24 12:17:28.954927104,TASK_BEGIN,016,-0.40556106988175483,0.14047164850966085,-4.046590274912601,0.8229671692745978,1.3865800399345818,-0.6556363196305157,-18.200179812816636,2.1000484240628277,0
804,2024-09-24 12:17:29.036079872,TASK_BEGIN,016,-0.45510752851838976,0.15276997244908208,-4.201202497561613,0.8688473502062783,1.3814459899789573,-0.6527701424485886,-18.49410175874211,2.191238188432834,0
805,2024-09-24 12:17:29.094951936,TASK_BEGIN,016,-0.5031670636914493,0.16467486224591538,-4.333230748562702,0.9083173062117903,1.3658172957517667,-0.650407363337308,-18.817961772445003,2.2908672177130573,0
806,2024-09-24 12:17:29.157440000,TASK_BEGIN,016,-0.5495976897235108,0.17603383497186298,-4.441658761073728,0.9406188965670828,1.3405623931579294,-0.6488055804280385,-19.15993114027652,2.392885479406565,0
807,2024-09-24 12:17:29.238873088,TASK_BEGIN,016,-0.5944143117237098,0.18673228379170428,-4.527697676403602,0.9655226487623695,1.3072953173079862,-0.6481665245608759,-19.50515087157612,2.4910250649719443,0
808,2024-09-24 12:17:29.297907200,TASK_BEGIN,016,-0.6377659931440822,0.19670605706443495,-4.594025170717434,0.9831819888758654,1.2683259358529329,-0.6486563603383361,-19.836553677974035,2.579451686449704,0
809,2024-09-24 12:17:29.359484928,TASK_BEGIN,016,-0.6798976630101996,0.20594505554753034,-4.644219355469137,0.9940085388551285,1.2265056585465923,-0.6504305128160367,-20.135854617379536,2.6532040050842305,0
810,2024-09-24 12:17:30.318310912,TASK_BEGIN,016,-0.7211084257880122,0.21449098363880095,-4.68243919336848,0.9986175597888428,1.1849625583929997,-0.6536383522567443,-20.38474713059973,2.7084470196391695,0
811,2024-09-24 12:17:30.385289728,TASK_BEGIN,016,-0.7617104307820024,0.222434987962244,-4.713215829448441,0.9978178638069857,1.1467660312062977,-0.6583904193636094,-20.56641096981812,2.742638213987207,0
812,2024-09-24 12:17:30.453933824,TASK_BEGIN,016,-0.8019859657111931,0.22991210398387263,-4.741234915566086,0.992590726503069,1.1146103871412008,-0.6646997932449902,-20.66733620403749,2.754680678759353,0
813,2024-09-24 12:17:30.521694720,TASK_BEGIN,016,-0.8421623328014779,0.23708891529301548,-4.771058214170631,0.9840331503165077,1.0906015262582753,-0.6724290938493344,-20.679314728841934,2.7450808347522577,0
814,2024-09-24 12:17:30.589513216,TASK_BEGIN,016,-0.8824398597078142,0.24415215578819707,-4.806782003958317,0.9732809820774156,1.0761720297118704,-0.6812671864362243,-20.601311104440697,2.716072212894103,0
815,2024-09-24 12:17:30.642891776,TASK_BEGIN,016,-0.9230647728983071,0.2513059267935944,-4.851693871347335,0.9614350991863515,1.0720768151027225,-0.6907370665910921,-20.44069805814334,2.671596154892001,0
816,2024-09-24 12:17:30.722520064,TASK_BEGIN,016,-0.9643812817331234,0.2587690929562046,-4.908010724472537,0.9495029272022849,1.0783773052569439,-0.7002226480679126,-20.213297141235998,2.6170292606376715,0
817,2024-09-24 12:17:31.660104960,TASK_BEGIN,016,-1.0068130608679733,0.2667599030022603,-4.976730485032615,0.9383635337516806,1.0943542054252229,-0.7090066247502819,-19.942028514332847,2.5586627414239214,0
818,2024-09-24 12:17:31.722173952,TASK_BEGIN,016,-1.0507896904713971,0.2754709106674773,-5.05762176258704,0.928770603548656,1.118383943748542,-0.7163191573487673,-19.654359261017763,2.5030306577175403,0
819,2024-09-24 12:17:31.799464192,TASK_BEGIN,016,-1.0966510217644883,0.285045852634939,-5.149434937923911,0.9214063047847684,1.147890913323655,-0.721396801841975,-19.378893304850454,2.4561627526570535,0
820,2024-09-24 12:17:31.862412032,TASK_BEGIN,016,-1.1445346634936333,0.29555938845210267,-5.250375769014115,0.9169678588115141,1.1794879442544455,-0.7235516177856115,-19.14166208981678,2.422831087951235,0
821,2024-09-24 12:17:31.939045888,TASK_BEGIN,016,-1.1942634329599515,0.30699512071100027,-5.35869485415424,0.9162293629281366,1.2093404994947887,-0.7222505962804845,-18.962966848512284,2.405942975079166,0
822,2024-09-24 12:17:32.001070080,TASK_BEGIN,016,-1.24528527699786,0.31922808621901927,-5.473109577490553,0.9200253739758254,1.2336796781339665,-0.7171927687961959,-18.855582444751295,2.4062648898685257,0
823,2024-09-24 12:17:32.063555840,TASK_BEGIN,016,-1.2966938382435371,0.33202346539333505,-5.592847182210518,0.9291526901051876,1.249311319014735,-0.7083571474154148,-18.824692311657866,2.422552984018096,0
824,2024-09-24 12:17:32.988550144,TASK_BEGIN,016,-1.3472996121128205,0.3450520111148189,-5.717347895027697,0.9442378974494388,1.2539701333041147,-0.6960019492428094,-18.869375706630624,2.45202077873783,0
825,2024-09-24 12:17:33.050590208,TASK_BEGIN,016,-1.395720162327821,0.3579120591681315,-5.845893163854418,0.9656283777376357,1.2464438282781016,-0.680618690041255,-18.984957802918874,2.49098699076948,0
826,2024-09-24 12:17:33.128101120,TASK_BEGIN,016,-1.44050065381137,0.37015360492780425,-5.97740698500763,0.9933292750465134,1.226493959286286,-0.6628608638507347,-19.16518396986363,2.535512602965778,0
827,2024-09-24 12:17:33.191212800,TASK_BEGIN,016,-1.4802769268437055,0.3813107658163339,-6.11046658961063,1.0269706664158982,1.1946753637327114,-0.6434682089322075,-19.403358038919638,2.581874417873863,0
828,2024-09-24 12:17:33.252793088,TASK_BEGIN,016,-1.5139407036877233,0.39094451453899026,-6.243387669510934,1.0657893194207881,1.1521727871159497,-0.6232037967632701,-19.69235536375344,2.6268376053666835,0
829,2024-09-24 12:17:33.330432000,TASK_BEGIN,016,-1.5407371131519803,0.3986820455261194,-6.374237692509632,1.108643179256701,1.100717976904577,-0.6028186441735823,-20.02411812144138,2.6677838139202485,0
830,2024-09-24 12:17:33.392918272,TASK_BEGIN,016,-1.5602649189576197,0.4042371676350085,-6.500743692613834,1.1540943484575223,1.0425547316784556,-0.5830459255521822,-20.389259511072368,2.702746084085098,0
831,2024-09-24 12:17:34.330860032,TASK_BEGIN,016,-1.5724082103441992,0.40741205875201275,-6.620190365758653,1.2005581291022929,0.9803719550104993,-0.5646038408239038,-20.777005634647907,2.7303628726184352,0
832,2024-09-24 12:17:34.408503808,TASK_BEGIN,016,-1.5772387541000459,0.4080916025059852,-6.7294419697211545,1.2464610665838807,0.917176889736085,-0.5481835350384654,-21.175453010743887,2.7497706474995605,0
833,2024-09-24 12:17:34.470989056,TASK_BEGIN,016,-1.5749130362012207,0.40623730173941364,-6.8251244634959845,1.2903468177557482,0.856160505103148,-0.5344252913451188,-21.57204795957983,2.760469856200416,0
834,2024-09-24 12:17:34.546959104,TASK_BEGIN,016,-1.5655986287326094,0.40188397568784884,-6.9038537436696865,1.3309099727198093,0.8005915433357265,-0.5238988851634898,-21.954076910343527,2.762182398018857,0
835,2024-09-24 12:17:34.614731008,TASK_BEGIN,016,-1.5494678615708561,0.3951443758454746,-6.962372578707409,1.3669775998909965,0.7536761463226535,-0.5170804169430248,-22.30891985713123,2.7547124497789515,0
836,2024-09-24 12:17:34.671687936,TASK_BEGIN,016,-1.5267466570415842,0.38622044847431675,-6.997597866518818,1.3974777810499324,0.7183135955681723,-0.5143055203035457,-22.624073001667497,2.737846625498866,0
837,2024-09-24 12:17:34.749794048,TASK_BEGIN,016,-1.497764299023336,0.3754078896035139,-7.00669959045476,1.421434917271573,0.6968095544556865,-0.5157078415105492,-22.887271811816056,2.7113450163593855,0
838,2024-09-24 12:17:35.687066112,TASK_BEGIN,016,-1.4629832062865578,0.3630835467640425,-6.987312441946673,1.4380111677842364,0.6906609692940324,-0.5211747994249406,-23.08706920690337,2.675053959174006,0
839,2024-09-24 12:17:35.760822016,TASK_BEGIN,016,-1.4230312994801684,0.3496803677808557,-6.937836940642583,1.4465786973845987,0.7004233668417901,-0.5303354328060732,-23.21391495121357,2.62912361659619,0
840,2024-09-24 12:17:35.828605952,TASK_BEGIN,016,-1.3787318163285658,0.3356587602420224,-6.85762801076783,1.4467815835076359,0.7256187683531208,-0.5425765052002737,-23.26141763293944,2.5742653466089234,0
841,2024-09-24 12:17:35.890530048,TASK_BEGIN,016,-1.3310866254966816,0.32147615004969515,-6.746931411983722,1.438555144877782,0.7647154051032304,-0.5570892625015755,-23.227397049881862,2.5119626619715567,0
842,2024-09-24 12:17:35.956581120,TASK_BEGIN,016,-1.2812048368734457,0.30755561384677116,-6.60672670265677,1.422113102252706,0.8152387557264524,-0.5729477908975261,-23.114574964129833,2.444572242581497,0
843,2024-09-24 12:17:36.029231872,TASK_BEGIN,016,-1.23022250865667,0.29425897125018347,-6.438777634713703,1.3979463094757834,0.87399204894259,-0.5891975656998224,-22.930822865720184,2.3752900847782734,0
844,2024-09-24 12:17:36.090754048,TASK_BEGIN,016,-1.1792444319572917,0.2818688615427298,-6.245977336672617,1.3668618902860645,0.9372932771399416,-0.6049243677633697,-22.68864711298161,2.307962525367001,0
845,2024-09-24 12:17:37.043166976,TASK_BEGIN,016,-1.1292954953768513,0.2705793950129001,-6.0327867990513475,1.330048453004865,1.0011592722323346,-0.6192939480885249,-22.40367294590298,2.246726644903855,0
846,2024-09-24 12:17:37.097531904,TASK_BEGIN,016,-1.0812744001809567,0.2604932206273205,-5.805484439146873,1.2891298070783808,1.061450247683948,-0.631574355486935,-22.092533415069642,2.195540249110739,0
847,2024-09-24 12:17:37.175185152,TASK_BEGIN,016,-1.0359317034326454,0.25162521389050546,-5.572055710073688,1.2461697722609153,1.1140556718632422,-0.6411564592954563,-21.77102777201911,2.157749894131188,0
848,2024-09-24 12:17:37.237669888,TASK_BEGIN,016,-0.9938796676539847,0.24391409503088088,-5.341707533985881,1.203585393845041,1.1552099960235067,-0.6475832242833052,-21.45305515746654,2.1358235368187204,0
849,2024-09-24 12:17:37.299695104,TASK_BEGIN,016,-0.9556035725444447,0.23724113189046553,-5.124117978450412,1.1639326207782419,1.1819495843284262,-0.6505927036550563,-21.150149314466404,2.131255132929755,0
850,2024-09-24 12:17:37.377851136,TASK_BEGIN,016,-0.9214537326517503,0.2314531928317696,-4.928585721772654,1.1295891817311734,1.192571095178431,-0.6501656127476668,-20.8712616729658,2.1445473565387134,0
851,2024-09-24 12:17:37.439849984,TASK_BEGIN,016,-0.8916413299097856,0.22638768568786388,-4.763209575113181,1.1024395065583028,1.1868586257956328,-0.646549348493681,-20.622656141765578,2.175173183344911,0
852,2024-09-24 12:17:38.393825024,TASK_BEGIN,016,-0.8662617743973438,0.22189790600095308,-4.634202994416813,1.0836759721249773,1.1659682037749315,-0.6402339928424864,-20.407908585443792,2.2215172468097033,0
853,2024-09-24 12:17:38.448355072,TASK_BEGIN,016,-0.8453247231407132,0.2178755120424045,-4.545448924481241,1.073753583500764,1.1320960586353175,-0.6318880699590249,-20.228058095770827,2.280903252218444,0
854,2024-09-24 12:17:38.529501952,TASK_BEGIN,016,-0.8287596098968628,0.21426343398600817,-4.498335000815787,1.0724579407439645,1.0881259218749662,-0.6222836272819485,-20.081936301558553,2.349781617013197,0
855,2024-09-24 12:17:38.590558208,TASK_BEGIN,016,-0.8164067895375916,0.2110552407259432,-4.491854398858876,1.0790335206741075,1.037316799528989,-0.6122280288784473,-19.96651384797292,2.424020045642324,0
856,2024-09-24 12:17:38.652574976,TASK_BEGIN,016,-0.8080190370330158,0.20828420572106685,-4.522936730193664,1.0923345166730563,0.9830052538820898,-0.6025004366772735,-19.877055642605253,2.4991820933935234,0
857,2024-09-24 12:17:38.730779904,TASK_BEGIN,016,-0.8032592715776604,0.20600685539703525,-4.586874418352443,1.1109587493911148,0.9283463186249999,-0.5937915515390301,-19.80713143269063,2.57074261821502,0
858,2024-09-24 12:17:38.792840192,TASK_BEGIN,016,-0.8016707523488287,0.2042830649781158,-4.677705863706053,1.1333353850734242,0.8761510763703286,-0.5866573777137278,-19.748724438148155,2.634277898646964,0
859,2024-09-24 12:17:39.718722048,TASK_BEGIN,016,-0.8026515568071991,0.20315597573830319,-4.7886130346989075,1.157781274787438,0.8288133701117362,-0.5814988121301026,-19.692683793628763,2.685699566653451,0
860,2024-09-24 12:17:39.780723200,TASK_BEGIN,016,-0.8054909994956949,0.2026381858947602,-4.912442871980029,1.1825709456856184,0.7882455378205548,-0.5785626136198743,-19.62970886137231,2.72155624653014,0
861,2024-09-24 12:17:39.842983936,TASK_BEGIN,016,-0.8094675929792918,0.2027095533731377,-5.042270099867876,1.2060450644027025,0.7557647955449287,-0.5779456445425003,-19.551821673238443,2.739345181915418,0
862,2024-09-24 12:17:39.920162816,TASK_BEGIN,016,-0.8139534026493557,0.2033257758141468,-5.171850323540266,1.2267426385568716,0.7319688244806407,-0.5795946959188301,-19.45397015345062,2.7377515098779344,0
863,2024-09-24 12:17:39.990022912,TASK_BEGIN,016,-0.8184844545737977,0.2044300252088732,-5.295953100969834,1.2435239420712367,0.716694226604274,-0.5833146413338313,-19.335286461352563,2.7167781085057716,0
864,2024-09-24 12:17:40.057848832,TASK_BEGIN,016,-0.8227938515327408,0.20596017612075668,-5.410613180066569,1.2556525999272252,0.7090946224188989,-0.5887942808092925,-19.19954800603396,2.677746758600012,0
865,2024-09-24 12:17:40.121359104,TASK_BEGIN,016,-0.8268125186784535,0.20785189177048188,-5.513258652974159,1.2628182746722914,0.7077931814146273,-0.5956379210323924,-19.05458480027018,2.6231347033672074,0
866,2024-09-24 12:17:41.067787776,TASK_BEGIN,016,-0.8306345617063575,0.21004117169768433,-5.60270960137001,1.265108046871098,0.7110733324604241,-0.6033910096193356,-18.910757216067616,2.5562298668461967,0
867,2024-09-24 12:17:41.131007744,TASK_BEGIN,016,-0.8344536267227034,0.2124664555660179,-5.679145680966431,1.262952388829068,0.7171187294646171,-0.6115688353224644,-18.77888484275149,2.480652096895371,0
868,2024-09-24 12:17:41.191474176,TASK_BEGIN,016,-0.8385019770287218,0.21507132542571028,-5.744091047288377,1.2570627221503101,0.7242817246516206,-0.619697087750466,-18.668168192327002,2.399878038282535,0
869,2024-09-24 12:17:41.269583104,TASK_BEGIN,016,-0.8430159509572978,0.21781199294565015,-5.80029161913352,1.2483544933897321,0.7312959944772065,-0.6273508702591161,-18.584793937480978,2.3169406322705317,0
870,2024-09-24 12:17:41.340500992,TASK_BEGIN,016,-0.8482019662032244,0.22066756775734792,-5.851268786272638,1.237828342937635,0.737373962922557,-0.6341742476927806,-18.531644928548058,2.234372726961499,0
871,2024-09-24 12:17:41.393281024,TASK_BEGIN,016,-0.8541735800011633,0.22364444190787325,-5.90045519692334,1.226390329932382,0.742213511088213,-0.639881004620445,-18.508886320033515,2.154335243717993,0
872,2024-09-24 12:17:41.476152064,TASK_BEGIN,016,-0.8608978408606898,0.22677261998294168,-5.950096608923371,1.2146440990929388,0.7459619293100841,-0.6442466447677542,-18.514889462728373,2.0788294264607177,0
873,2024-09-24 12:17:42.419048192,TASK_BEGIN,016,-0.8682137515943839,0.23010219814411773,-6.000313348484516,1.2027342815207354,0.749137223527826,-0.6470937048596792,-18.547199454154793,2.0099026804756526,0
874,2024-09-24 12:17:42.476548864,TASK_BEGIN,016,-0.8759148495235466,0.23370643182876244,-6.0486849014636705,1.1903103113349,0.7524903121552204,-0.6482722745427555,-18.60351361955112,1.9497812847107696,0
875,2024-09-24 12:17:42.554220032,TASK_BEGIN,016,-0.8838233673329878,0.23768474392430367,-6.09052182763878,1.176632228822476,0.7568371127950906,-0.6476501321386623,-18.68252479186117,1.900889097899231,0
876,2024-09-24 12:17:42.619273984,TASK_BEGIN,016,-0.8918082338394263,0.2421528186004519,-6.11976873956465,1.1607952369683276,0.7629035134372957,-0.6451257013848376,-18.784238058510617,1.8657119098372992,0
877,2024-09-24 12:17:42.681344000,TASK_BEGIN,016,-0.8997649600874544,0.24721887774186185,-6.13028972323243,1.1420111277659002,0.7711929132717963,-0.640657443020031,-18.909514875867288,1.8464899554566512,0
878,2024-09-24 12:17:42.744379136,TASK_BEGIN,016,-0.9075889483725955,0.25295745281701654,-6.117187807683057,1.119859474381342,0.7818979720849948,-0.6342935180605398,-19.05913249919197,1.8448195002169183,0
879,2024-09-24 12:17:42.822371072,TASK_BEGIN,016,-0.9151373600581243,0.25938658904407763,-6.07786285511264,1.0944352538532125,0.7949035858105644,-0.6261923930025911,-19.232918099193814,1.8613202922112209,0
880,2024-09-24 12:17:43.765050112,TASK_BEGIN,016,-0.9221735384496055,0.2664462227097565,-6.0126270588101605,1.066368771408454,0.8098589511531512,-0.6166268428298021,-19.429250025937623,1.8954739733385728,0
881,2024-09-24 12:17:43.836940032,TASK_BEGIN,016,-0.9283304618506537,0.27398213206463057,-5.924789187983719,1.0367475045573435,0.8262229136135322,-0.6059616115185074,-19.64491936161619,1.945640078705589,0
882,2024-09-24 12:17:43.889157888,TASK_BEGIN,016,-0.9331358918635375,0.28175014207526644,-5.820227876068375,1.006990229252121,0.8432533591968437,-0.5946058019598127,-19.875292701036667,2.0092197619358427,0
883,2024-09-24 12:17:43.966845952,TASK_BEGIN,016,-0.9360989311426434,0.28944998799614474,-5.706599889671119,0.9786986413788392,0.8600074342395476,-0.5829561111934239,-20.11467731750628,2.082939719050969,0
884,2024-09-24 12:17:44.028870144,TASK_BEGIN,016,-0.9368286425742858,0.29678012113147084,-5.5923975002762045,0.9534897786434539,0.8753830774865875,-0.5713496314029094,-20.356831302834937,2.163227794502167,0
885,2024-09-24 12:17:44.105562112,TASK_BEGIN,016,-0.9351592744786811,0.3034935932516564,-5.486075165421617,0.9328373556791253,0.8881472910572091,-0.5600343433538247,-20.595758807183117,2.2466381027684115,0
886,2024-09-24 12:17:44.167608832,TASK_BEGIN,016,-0.9312595204706673,0.3094402523074079,-5.395428807005796,0.9179762955646805,0.8969157326775785,-0.5491528931916385,-20.8267815479559,2.3302385960604366,0
887,2024-09-24 12:17:45.087156992,TASK_BEGIN,016,-0.9256921574504319,0.31458983939992513,-5.327275226807304,0.9098921617255572,0.9001513517896702,-0.5387372328309027,-21.04739264182692,2.411841073128475,0
888,2024-09-24 12:17:45.154864896,TASK_BEGIN,016,-0.9193937618661722,0.31903339825126875,-5.287261668475498,0.9093523501161214,0.8962878343382846,-0.5287224416118441,-21.257449388320502,2.490021505159062,0
889,2024-09-24 12:17:45.228866304,TASK_BEGIN,016,-0.9135821418681935,0.32296402734799495,-5.27954071708763,0.9169083460487935,0.8839915884386176,-0.5189856271622874,-21.458897006754505,2.5640065604759887,0
890,2024-09-24 12:17:45.290521088,TASK_BEGIN,016,-0.9096331759778371,0.32664662342696965,-5.306239357880024,0.9328322022047014,0.8624783811063562,-0.5094041791096086,-21.655414878819812,2.633537059698806,0
891,2024-09-24 12:17:45.364449024,TASK_BEGIN,016,-0.9089498152086701,0.330385805255618,-5.366955660509771,0.9570141879083633,0.8317973732742464,-0.49992001373294814,-21.851901612205804,2.698739539576721,0
892,2024-09-24 12:17:45.428695040,TASK_BEGIN,016,-0.9128099107790494,0.33448918035573766,-5.458589275436471,0.9888937615315219,0.7930140365019503,-0.49059076637174953,-22.053480481829556,2.7599825362204204,0
893,2024-09-24 12:17:45.490280960,TASK_BEGIN,016,-0.9221954212792196,0.33922086887097397,-5.5756207175617885,1.0274878011786783,0.7482192307301095,-0.4816085400472428,-22.264163921122506,2.8177245447477586,0
894,2024-09-24 12:17:46.439433216,TASK_BEGIN,016,-0.9376514530296847,0.34475475247206033,-5.7107274209092695,1.071516199050723,0.7003306270591614,-0.47327915930724124,-22.485840645513743,2.8724031108812866,0
895,2024-09-24 12:17:46.501918976,TASK_BEGIN,016,-0.9592282603224862,0.3511473573226909,-5.855539006241968,1.1195580350725955,0.6527468521666882,-0.46597292886167146,-22.718152685707523,2.9244005024223467,0
896,2024-09-24 12:17:46.578280960,TASK_BEGIN,016,-0.9865167413217538,0.3583408904915677,-6.001447221895104,1.1701763423519969,0.6089731737053814,-0.4600671360736614,-22.959181200868333,2.9740502580170265,0
897,2024-09-24 12:17:46.631380992,TASK_BEGIN,016,-1.01874754370824,0.36618821462785756,-6.140490183209612,1.2220093201636058,0.5723028405488841,-0.4558969425409805,-23.20637177018825,3.0216157633389873,0
898,2024-09-24 12:17:46.713896960,TASK_BEGIN,016,-1.0549140236974848,0.3744846861841504,-6.266167480576769,1.2738385260121472,0.545567840441053,-0.45372302502129264,-23.457286023052347,3.0672526991949716,0
899,2024-09-24 12:17:46.770556928,TASK_BEGIN,016,-1.093883337462728,0.38299950411116007,-6.373870219454953,1.3246049267017528,0.5309400742471502,-0.45371578207523966,-23.710138515965706,3.111045192419793,0
900,2024-09-24 12:17:46.849466112,TASK_BEGIN,016,-1.1344618373114095,0.39150330323493493,-6.460813905003496,1.3733520407788198,0.5297765207638199,-0.455949621650588,-23.964036380405613,3.153141959154956,0
901,2024-09-24 12:17:47.779110144,TASK_BEGIN,016,-1.1754079834192364,0.3997843394791966,-6.525704363232479,1.4191377624378827,0.5425278690037908,-0.4604029675084405,-24.218639089009677,3.1938996856965565,0
902,2024-09-24 12:17:47.855154176,TASK_BEGIN,016,-1.2154468802695835,0.4076508916059092,-6.56842972966724,1.4609817938443384,0.5687223146607049,-0.46696335724392785,-24.473209503682526,3.23392582249835,0
903,2024-09-24 12:17:47.917210112,TASK_BEGIN,016,-1.2533526322930753,0.4149320885277279,-6.589929972898227,1.497881365767459,0.6070089231032614,-0.4754341551932716,-24.725557404714483,3.2739980251122116,0
904,2024-09-24 12:17:47.994843136,TASK_BEGIN,016,-1.2880759581895114,0.4214875382871133,-6.592284407311097,1.5288878034638151,0.6552672363471032,-0.4855408955183967,-24.971563157479313,3.3149148048271937,0
905,2024-09-24 12:17:48.062460928,TASK_BEGIN,016,-1.3188209546924023,0.42721917822846206,-6.578944995790184,1.5532172484774898,0.7108163440027606,-0.49694202286470823,-25.205666709083754,3.357343724796232,0
906,2024-09-24 12:17:48.119974144,TASK_BEGIN,016,-1.3450308044968087,0.4320760802907975,-6.5549092500016535,1.5703613879500586,0.7706954153817138,-0.5092444084829193,-25.422199312367084,3.4017079487205875,0
907,2024-09-24 12:17:48.197616128,TASK_BEGIN,016,-1.3663359295333468,0.43605484449949033,-6.526637651644019,1.580170988053555,0.8319126960498848,-0.5220137640618605,-25.61700336765092,3.448127789836332,0
908,2024-09-24 12:17:49.134405888,TASK_BEGIN,016,-1.3825183332437487,0.43919984309983057,-6.50166559197864,1.5829064678613058,0.8915955018470471,-0.5347762240147385,-25.7885788339135,3.496398175375998,0
909,2024-09-24 12:17:49.209018112,TASK_BEGIN,016,-1.3934955574254961,0.44159922826307374,-6.48796635970345,1.579266593281411,0.9470766888909709,-0.5470251640054854,-25.938161976099558,3.5459587978860565,0
910,2024-09-24 12:17:49.270583040,TASK_BEGIN,016,-1.3993184326396044,0.4433741251199151,-6.493195271872394,1.5704029621199866,0.9959842677443423,-0.5582468462643333,-26.06872056240105,3.5958623103866763,0
911,2024-09-24 12:17:49.332673024,TASK_BEGIN,016,-1.4001872833386328,0.44466889645533986,-6.5240073267709935,1.5579039727919914,1.0363547286433024,-0.5679584679846438,-26.183430737919874,3.6447972388091285,0
912,2024-09-24 12:17:49.410368000,TASK_BEGIN,016,-1.39647444642255,0.4456502206879391,-6.58558574048103,1.5437130762474032,1.0667826254066888,-0.575746955821227,-26.284367392716035,3.6911787592499503,0
913,2024-09-24 12:17:49.482461952,TASK_BEGIN,016,-1.3887336326199282,0.4465105057189586,-6.681351303385837,1.529960781230366,1.0866305638099805,-0.5813106518285609,-26.371968306606217,3.733278586966192,0
914,2024-09-24 12:17:49.550260992,TASK_BEGIN,016,-1.3777115438369851,0.4474671091152395,-6.812719974219732,1.5187288975672253,1.0962417196389047,-0.5845036712134216,-26.445406694393224,3.769399040764798,0
915,2024-09-24 12:17:50.468491008,TASK_BEGIN,016,-1.3643846059482738,0.4487570501251829,-6.978869823369704,1.5118028610899623,1.096992914850043,-0.5853595184962785,-26.50338547332145,3.798082055659332,0
916,2024-09-24 12:17:50.536345856,TASK_BEGIN,016,-1.3499811401947817,0.45062950816980313,-7.176625577486333,1.5104777622463004,1.091067844487416,-0.5840656688003808,-26.54463260565866,3.8182742105317726,0
917,2024-09-24 12:17:50.595772928,TASK_BEGIN,016,-1.3359212102854214,0.4533328212818135,-7.400534413738206,1.5154518604781524,1.0809980714781402,-0.580893385323158,-26.567920646043476,3.8293955120799574,0
918,2024-09-24 12:17:50.658258176,TASK_BEGIN,016,-1.3236823638622375,0.45709377493005543,-7.643076254171003,1.5268019378389712,1.0691507557897422,-0.5761229146384582,-26.572066373989045,3.8313493042054176,0
919,2024-09-24 12:17:50.735019008,TASK_BEGIN,016,-1.3146590979100454,0.4620932429502042,-7.894945356642078,1.5440232649336996,1.0573413312963946,-0.5700008335810729,-26.556354249217684,3.8245331808536083,0
920,2024-09-24 12:17:50.797504000,TASK_BEGIN,016,-1.3100371226028544,0.4684416861306138,-8.145432300106409,1.5661203302842432,1.0466541936678408,-0.5627330470017884,-26.521448395615398,3.809879633267797,0
921,2024-09-24 12:17:50.863906048,TASK_BEGIN,016,-1.3106587617068821,0.4761542390601769,-8.383002455713097,1.5917443643964928,1.0374561841673275,-0.5544975108823923,-26.470574594542146,3.7889056442188,0
922,2024-09-24 12:17:51.809094912,TASK_BEGIN,016,-1.3168916124211443,0.4851260070703501,-8.59613480945435,1.6193822182708246,1.0295356055616067,-0.5454660586514215,-26.410533031780005,3.7637012115893174,0
923,2024-09-24 12:17:51.886395136,TASK_BEGIN,016,-1.3285514601511899,0.49511331886314314,-8.774327757413863,1.6475698995001036,1.0222934705864388,-0.5358295784618674,-26.351950305092828,3.736792708470365,0
924,2024-09-24 12:17:51.947865088,TASK_BEGIN,016,-1.344916296101577,0.505733126100665,-8.909029731896128,1.6750571833977088,1.0149253583102058,-0.5258129152974326,-26.30837579623263,3.710879630119687,0
925,2024-09-24 12:17:52.021961984,TASK_BEGIN,016,-1.3648293178963904,0.5164912347507025,-8.994284046427516,1.700870516808991,1.0065392821946204,-0.515662017542367,-26.29440650898022,3.688520155198574,0
926,2024-09-24 12:17:52.089765120,TASK_BEGIN,016,-1.386862238504655,0.5268350950712083,-9.027026731387656,1.7242949809672696,0.9961849367422423,-0.5056039143717949,-26.32349902296046,3.67187547591306,0
927,2024-09-24 12:17:52.157579776,TASK_BEGIN,016,-1.4095101870676474,0.5362145085193357,-9.007069873815567,1.7448349651380746,0.9828292110097889,-0.49580327319382267,-26.40605199416815,3.6625565717203714,0
928,2024-09-24 12:17:52.225367808,TASK_BEGIN,016,-1.4313937465272182,0.5441379308968997,-8.936849065434785,1.7622020733349113,0.965343240172897,-0.48633626743731695,-26.54788757447804,3.66151284879383,0
929,2024-09-24 12:17:53.158484736,TASK_BEGIN,016,-1.451430896133924,0.5502203130219437,-8.821072991230844,1.7763491424832174,0.9425488196306467,-0.477183900369949,-26.74906020595976,3.668906513506362,0
930,2024-09-24 12:17:53.235702016,TASK_BEGIN,016,-1.468942215038195,0.5542176395564458,-8.666375046605046,1.7875305181333376,0.9133429206631516,-0.4682433837166518,-27.00326644552941,3.684026034180304,0
931,2024-09-24 12:17:53.299186944,TASK_BEGIN,016,-1.4836924840806147,0.5560436870704158,-8.480915245930168,1.796337368085554,0.8768843936683872,-0.45935958602539856,-27.29834499125977,3.7053329133274957,0
932,2024-09-24 12:17:53.360055040,TASK_BEGIN,016,-1.4959017533031742,0.5557721685824506,-8.273826241778105,1.803661336000772,0.8327882660414889,-0.45036899357921145,-27.617864118021483,3.7306472729655242,0
933,2024-09-24 12:17:53.436769024,TASK_BEGIN,016,-1.506231461639209,0.5536284527392447,-8.05449186848909,1.810575005201532,0.7812677534430178,-0.441139579956708,-27.9432369674864,3.7574020955362535,0
934,2024-09-24 12:17:53.498769152,TASK_BEGIN,016,-1.5157175610351794,0.5499672145385297,-7.831766402446908,1.8181513795325832,0.7232006287849847,-0.4315985575279193,-28.255840168131762,3.7829109770262965,0
935,2024-09-24 12:17:53.575458048,TASK_BEGIN,016,-1.5256449710467122,0.5452329466057472,-7.613336990514123,1.8272651704986913,0.6601261590948707,-0.421753144826725,-28.538857404332582,3.8046236921585,0
936,2024-09-24 12:17:54.518732288,TASK_BEGIN,016,-1.537398229938824,0.539912390484246,-7.405419407528397,1.8384301702678505,0.5941783532974968,-0.4117089747500524,-28.77862325881029,3.8203423929639757,0
937,2024-09-24 12:17:54.576952832,TASK_BEGIN,016,-1.5523216101146875,0.5344958666981131,-7.212822073492421,1.8517202639258865,0.5279635756741212,-0.40168104853481273,-28.965351881002373,3.8283736698539883,0
938,2024-09-24 12:17:54.638977024,TASK_BEGIN,016,-1.5715911821098567,0.5294570803520464,-7.039274441096432,1.8667927944224312,0.4643871668912648,-0.39198625948490157,-29.093412416790077,3.827617264268329,0
939,2024-09-24 12:17:54.716607232,TASK_BEGIN,016,-1.596094391907522,0.5252444372062538,-6.887859607611005,1.8829966135919365,0.40639495523496383,-0.3830070422275135,-29.161362777898383,3.8176112398789694,0
940,2024-09-24 12:17:54.789901056,TASK_BEGIN,016,-1.626340922738744,0.5222706842115238,-6.761359087563241,1.8995264696872132,0.3565914698046683,-0.37512153532429776,-29.171769495790873,3.798556120321016,0
941,2024-09-24 12:17:54.856336128,TASK_BEGIN,016,-1.662431680646265,0.5208978256994818,-6.662390910162043,1.9155956064294406,0.3167904433879074,-0.3686098809600634,-29.13090948578439,3.7713485141277148,0
942,2024-09-24 12:17:54.918330880,TASK_BEGIN,016,-1.7040634247287485,0.521421147964697,-6.59338249859083,1.9306065366878806,0.2876585831592491,-0.36356670471150904,-29.048574508798144,3.737630690930991,0
943,2024-09-24 12:17:55.832766208,TASK_BEGIN,016,-1.75052189361681,0.5240502863503925,-6.556446036025764,1.94427704375757,0.26860497016263973,-0.359858152465335,-28.937856471300584,3.699777738835907,0
944,2024-09-24 12:17:55.910447872,TASK_BEGIN,016,-1.800662482666999,0.528884580409648,-6.553152695510779,1.9566751200344819,0.2579435132542202,-0.3571418470483765,-28.814422067544584,3.6607161968995947,0
945,2024-09-24 12:17:55.978206976,TASK_BEGIN,016,-1.85292849578854,0.535892752697613,-6.584256085864094,1.9681618407522843,0.2532444145295014,-0.35493647279995494,-28.69508573691094,3.6235945398378564,0
946,2024-09-24 12:17:56.045990912,TASK_BEGIN,016,-1.9054444493578853,0.5449130183151062,-6.64950679398585,1.9792813526602555,0.2517833272725114,-0.35271414066979756,-28.596143280668507,3.591463141219419,0
947,2024-09-24 12:17:56.110299136,TASK_BEGIN,016,-1.9561621981299981,0.5556745590319853,-6.747593482108306,1.9906367383710117,0.2510163041844644,-0.34999299749965246,-28.532132828460913,3.5670893815196663,0
948,2024-09-24 12:17:56.181617920,TASK_BEGIN,016,-2.00300571230141,0.5678228082062142,-6.87606330338049,2.0027707822202907,0.24897688715158758,-0.34641416195614894,-28.515234515857355,3.5528893985246874,0
949,2024-09-24 12:17:56.249393920,TASK_BEGIN,016,-2.043997434249371,0.5809359745376645,-7.031168174493674,2.0160672467353336,0.24449234102869052,-0.3417940747682731,-28.554872316961916,3.5508622912339516,0
950,2024-09-24 12:17:57.180140800,TASK_BEGIN,016,-2.07739622167709,0.5945428114197727,-7.207836899727542,2.0306972611042395,0.23721305352980357,-0.3361500208902461,-28.656954077139595,3.5624461050927794,0
951,2024-09-24 12:17:57.242167040,TASK_BEGIN,016,-2.1018505175363065,0.6081567242075931,-7.3998888498174065,2.046609507141118,0.2275284418753955,-0.32969784643796896,-28.822826659788234,3.5883364043147865,0
952,2024-09-24 12:17:57.304651008,TASK_BEGIN,016,-2.1165067304495495,0.6213191049240885,-7.600293759392175,2.063517966775317,0.2164157021108518,-0.3228207726013566,-29.048558210682465,3.6283444985290707,0
953,2024-09-24 12:17:57.381875968,TASK_BEGIN,016,-2.121027676731927,0.6336300863527854,-7.801311518885733,2.0808586107280456,0.20522519372826345,-0.3160117921401682,-29.3247813720616,3.6812861738698412,0
954,2024-09-24 12:17:57.452266752,TASK_BEGIN,016,-2.115552946766387,0.6447586175818248,-7.9946462755154295,2.097759539325342,0.19542266428307625,-0.3097951113377268,-29.63685709964983,3.7448976283256172,0
955,2024-09-24 12:17:57.506320128,TASK_BEGIN,016,-2.1006410818522228,0.654440198682576,-8.171789154249783,2.1130902115345376,0.18833760135109862,-0.30463554966266926,-29.965387592884436,3.8158831336465466,0
956,2024-09-24 12:17:57.574141184,TASK_BEGIN,016,-2.077178405623378,0.6624678150908393,-8.324465561518283,2.1255813810292894,0.18497487537211776,-0.3008561324423673,-30.287334792415397,3.8901600362604603,0
957,2024-09-24 12:17:58.543389952,TASK_BEGIN,016,-2.0462384078269555,0.6686727822011641,-8.44499144584954,2.133941385092625,0.1859258000461833,-0.29859098606913786,-30.57760957547334,3.96321055921243,0
958,2024-09-24 12:17:58.604035840,TASK_BEGIN,016,-2.0089250827214267,0.6728944541449732,-8.526533901681038,2.1369306003862305,0.19136070414360462,-0.29778290378689914,-30.81064467920554,4.030411034397691,0
959,2024-09-24 12:17:58.678969088,TASK_BEGIN,016,-1.966245830941727,0.6749482564370886,-8.563406227636342,2.133415805852681,0.2010524612690782,-0.2982074814026197,-30.961540645417546,4.087267117302592,0
960,2024-09-24 12:17:58.746764800,TASK_BEGIN,016,-1.9190247696637102,0.6746048895794892,-8.55137784075353,2.1224107975732336,0.2143992923264887,-0.29949981917994434,-31.006656069663823,4.129522630431569,0
961,2024-09-24 12:17:58.805608960,TASK_BEGIN,016,-1.8678398682748774,0.6715837474549099,-8.487814927550987,2.1030782944402397,0.2304339597914608,-0.30117347181543375,-30.92383205775273,4.153167575507912,0
962,2024-09-24 12:17:58.882391808,TASK_BEGIN,016,-1.8129770768553384,0.6655553592210219,-8.371585410478735,2.074695365230153,0.24781775862137154,-0.3026339866481906,-30.692597009935124,4.154439548896786,0
963,2024-09-24 12:17:58.950198016,TASK_BEGIN,016,-1.7544157758239773,0.6561512629018528,-8.202909983157376,2.036622558822926,0.2648592938759307,-0.3031973064514206,-30.29455664212395,4.129891411019043,0
964,2024-09-24 12:17:59.894071040,TASK_BEGIN,016,-1.6918557815544832,0.642983838085179,-7.983318580482871,1.9883022547311762,0.2796271082372876,-0.3021285646008634,-29.713968747516965,4.0765084850891995,0
965,2024-09-24 12:17:59.956101888,TASK_BEGIN,016,-1.6247803977550745,0.625676144493987,-7.7155904209076,1.9292701329243733,0.29017046150925024,-0.2987093782504571,-28.93847274993346,3.991826901519917,0
966,2024-09-24 12:18:00.018415104,TASK_BEGIN,016,-1.552554929297097,0.6039013927173922,-7.403479795018815,1.8591642629610563,0.29476815317902816,-0.29231970890684444,-27.959990549005244,3.8740562389239073,0
967,2024-09-24 12:18:00.096046848,TASK_BEGIN,016,-1.4745679501418931,0.5774353031885343,-7.051274723885441,1.7777602366790883,0.2921101499284731,-0.2825071476465491,-26.77581813229834,3.722257469139225,0
968,2024-09-24 12:18:00.158137088,TASK_BEGIN,016,-1.3904000342251621,0.5462210518883623,-6.663432959874321,1.6850719961296172,0.28139549255574337,-0.2690292181626738,-25.389915430161476,3.536611271942481,0
969,2024-09-24 12:18:00.220136960,TASK_BEGIN,016,-1.2999756333012824,0.5104329256677551,-6.244519244798326,1.5815142250957697,0.2623880491257047,-0.2518750052163843,-23.814302528494597,3.318738851508116,0
970,2024-09-24 12:18:00.300975104,TASK_BEGIN,016,-1.2036666026712421,0.47051844738957965,-5.79951308710012,1.4680796250241883,0.2354541816513184,-0.2312777844457279,-22.0702442397878,3.0719660395060533,0
971,2024-09-24 12:18:01.219136000,TASK_BEGIN,016,-1.102356745745157,0.4272112342917138,-5.334289257180937,1.3464603913038895,0.20158651424390564,-0.20772288838810352,-20.18876359408693,2.801422528060701,0
972,2024-09-24 12:18:01.278752256,TASK_BEGIN,016,-0.9974767365252624,0.381517580686797,-4.855872588407155,1.2190365407706425,0.162413966367002,-0.18194406995918116,-18.21008633502324,2.513917582927649,0
973,2024-09-24 12:18:01.339620096,TASK_BEGIN,016,-0.8909661811301721,0.33466902811738775,-4.372230995486989,1.0887073961433358,0.1201464838867051,-0.1548892863793849,-16.18171707992818,2.217559026683091,0
