,time,MARKER,pid,L_O_DSI,L_D_DSI,L_O_DSphi,L_D_DSphi,R_O_DSI,R_D_DSI,R_O_DSphi,R_D_DSphi,trial_id
0,2024-09-25 15:07:46.757924072,TASK_BEGIN,017,0.28710512526721665,0.4504229392928109,5.414337220247307,-0.6877101954606283,-0.8913079852046224,0.40874531000221714,2.0854872409041842,-0.5629807187999035,0
1,2024-09-25 15:07:46.834988037,0,017,0.3956120683231374,0.4371219156996835,5.5307499726225124,-0.7476179462787889,-0.7945993989853675,0.39285058185666105,1.928236491487587,-0.5381147515546312,0
2,2024-09-25 15:07:46.902986084,0,017,0.4988333357724643,0.42306423287407163,5.664549905470571,-0.809558643417496,-0.6973334624095631,0.37773456973226105,1.7821537113243406,-0.5147664195214142,0
3,2024-09-25 15:07:46.970827881,0,017,0.5946642039707296,0.4082907433807575,5.807987232208027,-0.8710559257974374,-0.5999111117089895,0.3633264278621604,1.647299073694589,-0.4927520540630069,0
4,2024-09-25 15:07:47.038573975,0,017,0.6817397487157447,0.39289814143336144,5.954463668510128,-0.9299048413257913,-0.5028620713713733,0.34958328370642205,1.5222739244965084,-0.4719803581905651,0
5,2024-09-25 15:07:47.098040039,0,017,0.7593774072679407,0.3770316980647478,6.098981336341483,-0.9842777874646095,-0.4069271330343354,0.3365012206362141,1.4050120705936544,-0.45256799991400665,0
6,2024-09-25 15:07:47.160047119,0,017,0.8274174431536777,0.36088182546217557,6.238015626367112,-1.0327308226424528,-0.31312923039900065,0.324121352561313,1.2934903338374903,-0.43489082486457625,0
7,2024-09-25 15:07:48.113688965,0,017,0.8860262954286962,0.34468424437940504,6.368978945078597,-1.07414574164526,-0.22280261751497427,0.3125331780686379,1.186201833132549,-0.41956859759312004,0
8,2024-09-25 15:07:48.185197998,0,017,0.9355283125918515,0.3287158350905704,6.489577271524947,-1.1076698103836775,-0.13755045721573766,0.30187076029148485,1.0823655675384802,-0.407386604199678,0
9,2024-09-25 15:07:48.252496094,0,017,0.9762777868564042,0.31328152333033477,6.597288878029445,-1.1326772189483347,-0.059124171720623654,0.2922977435718651,0.9819619428854852,-0.3991806279381063,0
10,2024-09-25 15:07:48.314310059,0,017,1.0085527974585968,0.2986971958925822,6.689082011984848,-1.1487423577312845,0.01074508743068213,0.2839863325377429,0.8856683174210133,-0.3957199029926103,0
11,2024-09-25 15:07:48.376380859,0,017,1.0324790996963715,0.2852748153948024,6.761383055809284,-1.155620310743,0.07051883005244033,0.27709739100502867,0.7947028048923942,-0.3976032902701999,0
12,2024-09-25 15:07:48.456420898,0,017,1.0480151615305806,0.2733069817760107,6.81024709618201,-1.153246103148813,0.1190054446045311,0.271760427353559,0.7106281970618228,-0.4051683850303939,0
13,2024-09-25 15:07:48.515604980,0,017,1.0550005241243372,0.2630455689079839,6.831691328714471,-1.141763550731677,0.15548402136023026,0.2680511137852531,0.6352155194309196,-0.41841697392251864,0
14,2024-09-25 15:07:49.457832031,0,017,1.0532314615267677,0.25467805022836343,6.8221299786248615,-1.1215730901032348,0.17976353652198038,0.2659747941915309,0.5703918624628517,-0.4369689939784117,0
15,2024-09-25 15:07:49.534610107,0,017,1.042534855768012,0.2483095504264613,6.778760836189302,-1.0933604551774503,0.1921497628126305,0.26546714125873866,0.5182229996858607,-0.46006019042339363,0
16,2024-09-25 15:07:49.600255127,0,017,1.0228433537732482,0.24395118179831848,6.699751173866422,-1.0580702215324513,0.1933503594573355,0.26640846107867316,0.48088136813703286,-0.4865940602073181,0
17,2024-09-25 15:07:49.671477051,0,017,0.9942807091509528,0.2415097547593285,6.584232097386286,-1.0168319184714592,0.18438160589732397,0.2686369435809275,0.46052832573928865,-0.5152433924577794,0
18,2024-09-25 15:07:49.735447998,0,017,0.9572445909179321,0.24077996761013956,6.432243169307854,-0.9708776892378363,0.16650465747912985,0.27195498309045063,0.4590359293269242,-0.5445763732617699,0
19,2024-09-25 15:07:49.807133057,0,017,0.9124648201265778,0.24144826695344326,6.244710422763302,-0.9214679406516809,0.141177169378134,0.2761357138943911,0.4775892951238876,-0.5731733456692342,0
20,2024-09-25 15:07:49.859548096,0,017,0.8610268842168814,0.2431145017851336,6.0234275038326,-0.869810375891663,0.1100110803295166,0.2809346141128218,0.5163402134873974,-0.5997186952131404,0
21,2024-09-25 15:07:50.817543945,0,017,0.8043569550455729,0.24532530861781407,5.77104098116244,-0.816973782686197,0.07474189304778459,0.28610177447803564,0.5742354680956033,-0.6230818112594925,0
22,2024-09-25 15:07:50.873637939,0,017,0.7441607133101119,0.24760768814634898,5.4911548879604135,-0.7638379854839725,0.03719610279516893,0.291391668563822,0.6489353375945188,-0.6423948678529695,0
23,2024-09-25 15:07:50.948344971,0,017,0.6823168200629257,0.2494977965766805,5.188638711013231,-0.7111243751992767,-0.0007707499489827646,0.29657524200232893,0.7366920119638888,-0.6571053577200716,0
24,2024-09-25 15:07:51.021014893,0,017,0.6207502353666682,0.2505652362744159,4.870019042392768,-0.6595045690651059,-0.03736513429236968,0.30145839006521674,0.8323207541992163,-0.6669901444043411,0
25,2024-09-25 15:07:51.088335938,0,017,0.5613154876075573,0.2504309613665749,4.5436920097524345,-0.6097311358315566,-0.07095081212007515,0.3059019906468497,0.9295551004172685,-0.6721476056585166,0
26,2024-09-25 15:07:51.156606934,0,017,0.5056859426457091,0.24877788602721712,4.219763623223057,-0.5627199686674638,-0.10014081808808731,0.3098347526254131,1.0218440774118036,-0.6729762502234629,0
27,2024-09-25 15:07:51.211922119,0,017,0.4552264607706905,0.24535932005044125,3.9095055613937246,-0.5195475499840878,-0.12389687989553147,0.3132546643138481,1.1033555845243468,-0.670127700378875,0
28,2024-09-25 15:07:52.167625977,0,017,0.4108734358652647,0.24000918477124858,3.624539669202921,-0.48137644277246283,-0.1416254630054209,0.31622051891024605,1.1699056204704876,-0.664436209613363,0
29,2024-09-25 15:07:52.225064941,0,017,0.3730929914978036,0.2326492119207668,3.3758860915382933,-0.44935022430935895,-0.15322649576951108,0.3188361252699455,1.2196031221703225,-0.6568445936011229,0
30,2024-09-25 15:07:52.303283936,0,017,0.3419484873141021,0.22328598879954265,3.1729972066196646,-0.4244916534436169,-0.1590572597800507,0.3212272519602696,1.2530293336048328,-0.6483302550653496,0
31,2024-09-25 15:07:52.364263916,0,017,0.3172289183076212,0.21199833068248408,3.0229101545097237,-0.40761256597840456,-0.15982346053217336,0.32351198881544013,1.2728544486182318,-0.6398133579197064,0
32,2024-09-25 15:07:52.426294922,0,017,0.29857347059883926,0.1989225925424736,2.9296425226329514,-0.3992320685644792,-0.15644740486746483,0.32577159917877657,1.2830089556571338,-0.6320357950307931,0
33,2024-09-25 15:07:52.504854004,0,017,0.2855699381425141,0.18424289155608867,2.893919953145681,-0.3995109969121203,-0.14994482218397331,0.3280310512824079,1.2877414565327907,-0.6254329712697357,0
34,2024-09-25 15:07:52.566906006,0,017,0.2778291579398995,0.16818724712084815,2.913287030307568,-0.40821951791061545,-0.1413053924340925,0.330251177043365,1.2909172577246837,-0.6200567814795473,0
35,2024-09-25 15:07:53.505639160,0,017,0.2750257224874983,0.15102588245830237,2.982532428286753,-0.4247375300210387,-0.13138274156752877,0.33233023508250137,1.2957250042697932,-0.6156067398224121,0
36,2024-09-25 15:07:53.580221924,0,017,0.2768879804864342,0.13306854593821826,3.094187863471423,-0.4480657884570461,-0.12083785197803622,0.3341184507661912,1.3047325729006656,-0.611572459116524,0
37,2024-09-25 15:07:53.653354004,0,017,0.28314015676265997,0.11466163277239613,3.2388780783780025,-0.4768373880794147,-0.11017046153840505,0.3354513545301514,1.3200996786822305,-0.6074260359430488,0
38,2024-09-25 15:07:53.721097900,0,017,0.2934278040656472,0.09618613529186369,3.4055494846985663,-0.5093529516222337,-0.09980732985516692,0.3361957757802082,1.3437342382104924,-0.6027829002002811,0
39,2024-09-25 15:07:53.780034912,0,017,0.30726619373738384,0.07805164327788722,3.581826339446146,-0.5436734822841287,-0.09017065072740697,0.33628831649902696,1.3772660857753822,-0.5974860780557925,0
40,2024-09-25 15:07:53.856722168,0,017,0.3240307585614931,0.060678623260821164,3.7546834642068094,-0.5777747891900691,-0.0816784377465841,0.3357483111838914,1.4218391647882873,-0.5916140088984765,0
41,2024-09-25 15:07:53.920249023,0,017,0.3429815291623103,0.044468623285694876,3.911328570746124,-0.6097198371555268,-0.07468988576240117,0.33466431378868455,1.4778071646931217,-0.5854281049878208,0
42,2024-09-25 15:07:54.837944092,0,017,0.3633097331883148,0.02977173013062261,4.040010169859563,-0.6377872968839483,-0.06943547798203689,0.33316771658154537,1.5444529986805866,-0.5792847385324338,0
43,2024-09-25 15:07:54.899798096,0,017,0.3842041157896703,0.016860580605845995,4.130597449896474,-0.6605301370442682,-0.06596285830487386,0.3314082851686387,1.6198459099559126,-0.5735467055124667,0
44,2024-09-25 15:07:54.978061035,0,017,0.4049242814580321,0.005913168463039588,4.174993455879317,-0.6767895726781518,-0.06412183589357506,0.3295379804316205,1.700898701831841,-0.568515410211765,0
45,2024-09-25 15:07:55.046173096,0,017,0.424850677793885,-0.0029960941237096674,4.167535584933748,-0.6857087067435281,-0.06360719749469014,0.32770121342236375,1.7836112577572023,-0.5643782021788448,0
46,2024-09-25 15:07:55.113977051,0,017,0.44349120999722785,-0.009893756558014099,4.105476319755568,-0.6867737440227696,-0.06405072276372935,0.32602668791393713,1.8633865536179812,-0.5611592732257565,0
47,2024-09-25 15:07:55.181817139,0,017,0.4604584714457136,-0.0148896168161807,3.9894266129300986,-0.6798766625705326,-0.0651114892860876,0.3246159475749367,1.9352783980520945,-0.5586792253265085,0
48,2024-09-25 15:07:55.249624023,0,017,0.47545221181521163,-0.01814961557563682,3.8234634822913303,-0.6653606409146405,-0.06650579115588698,0.32352473180895935,1.9942241724754521,-0.5565519256657904,0
49,2024-09-25 15:07:56.160680908,0,017,0.4882633345368622,-0.019872024303433572,3.614694732088315,-0.6440037882489106,-0.06796815567015067,0.3227386422019848,2.035516566423858,-0.5542484682511186,0
50,2024-09-25 15:07:56.222213135,0,017,0.49878401666442745,-0.020273932512006442,3.37237083982871,-0.6169289672805324,-0.06919082436074245,0.3221535056695374,2.0555789550520775,-0.5512159573521043,0
51,2024-09-25 15:07:56.299355957,0,017,0.5070093966786362,-0.019585782033026147,3.1068540054010727,-0.5854738430669212,-0.06978706813220208,0.32157282804522097,2.052718255160838,-0.5469988955912162,0
52,2024-09-25 15:07:56.371251952,0,017,0.5130358127030331,-0.0180499945396985,2.828752212139033,-0.5510738483261637,-0.06928172586922099,0.32072496738039397,2.027469581421002,-0.5413230602111299,0
53,2024-09-25 15:07:56.425998047,0,017,0.5170536103549236,-0.015921190671826495,2.548370907953555,-0.5151869512407078,-0.06711570462282158,0.31929155993116254,1.9824022008702498,-0.5341290705571554,0
54,2024-09-25 15:07:56.506875000,0,017,0.5193096456897108,-0.013462073441825104,2.2754385059870588,-0.4792508660596324,-0.06266894936977015,0.3169385937915643,1.92147860375221,-0.5255485849619489,0
55,2024-09-25 15:07:56.562220947,0,017,0.5200251271328787,-0.01092654388028409,2.01889986772685,-0.44464336547145156,-0.05531188526220354,0.3133490902827665,1.8491949335510358,-0.5158315161598953,0
56,2024-09-25 15:07:57.516877930,0,017,0.5193009388525459,-0.008531112954691613,1.7865729411291327,-0.41262438105233107,-0.044474328799177384,0.3082577288448293,1.7697912229892032,-0.5052578835742392,0
57,2024-09-25 15:07:57.584711914,0,017,0.5170648353836855,-0.006429075386755202,1.5846858319962278,-0.3842625308311043,-0.029707894893424007,0.3014812388454549,1.6866885103770424,-0.4940560431933586,0
58,2024-09-25 15:07:57.652494873,0,017,0.5130800724211254,-0.004699643692335812,1.417522072043176,-0.36036743582851505,-0.010730728776520827,0.2929374033675437,1.6021264024930917,-0.48232277494961623,0
59,2024-09-25 15:07:57.707070068,0,017,0.506994483982393,-0.0033497571417524055,1.2873441035278497,-0.3414528989477114,0.01253750097522141,0.2826536877812908,1.5169884935192866,-0.4699556272345569,0
60,2024-09-25 15:07:57.787643066,0,017,0.49841381821171776,-0.0023216319946929007,1.194549862276956,-0.3277433844154539,0.039939048713068435,0.2707706287599247,1.4308583401996584,-0.45662899160928033,0
61,2024-09-25 15:07:57.847671143,0,017,0.4870006318462848,-0.0015070749697619482,1.1379348727323184,-0.31921196935041285,0.07104478805720021,0.25753916149474126,1.3422543479541675,-0.4418299580131043,0
62,2024-09-25 15:07:57.923693848,0,017,0.4725831001180028,-0.0007721683406342167,1.1150207841700561,-0.3156282134426958,0.10514629084594747,0.24330623758571263,1.248945024409146,-0.42495079121075313,0
63,2024-09-25 15:07:58.864429932,0,017,0.45523549725663104,1.2649238029045522e-05,1.122440719370108,-0.31660739873547483,0.1412892633868467,0.22848853541833822,1.1483287224029493,-0.405421952704338,0
64,2024-09-25 15:07:58.928237793,0,017,0.43530986323795656,0.000947613504002431,1.1562539636674725,-0.32165375872239704,0.17834062220792052,0.21354204538315394,1.0378851890650782,-0.38284853983810097,0
65,2024-09-25 15:07:59.000154053,0,017,0.41343140823129065,0.0020878760115059214,1.2120369189909315,-0.3301783954273701,0.21507100371911375,0.1989334649952319,0.9156535891810089,-0.3571123192203681,0
66,2024-09-25 15:07:59.067945068,0,017,0.39046689305827015,0.0034331605996616044,1.2848043860372258,-0.3414870756196481,0.2502373842110965,0.18511177587041908,0.7806569955222339,-0.3284308932304143,0
67,2024-09-25 15:07:59.129447998,0,017,0.36744986862212725,0.004920962391026938,1.3690243959502695,-0.3547659673605113,0.28264810854029176,0.17247857597700278,0.6331694883599297,-0.2973829630261204,0
68,2024-09-25 15:07:59.191574219,0,017,0.3454555554343002,0.006427816123527609,1.458935313796082,-0.36909894289064127,0.31120354271399403,0.16136104360540118,0.4747365234357133,-0.2648930359516758,0
69,2024-09-25 15:07:59.269252930,0,017,0.32545773219628893,0.007782737715518917,1.549091638456966,-0.3835219631794458,0.33493695140940993,0.15199004677441202,0.3079361877624006,-0.23214926870932145,0
70,2024-09-25 15:08:00.212222168,0,017,0.30821165691674157,0.008789616879994473,1.6348688685494683,-0.3970966107472096,0.35308058710599294,0.14448183310086918,0.13593239168390728,-0.20043994846108157,0
71,2024-09-25 15:08:00.284943115,0,017,0.2941756929205937,0.009251816898424995,1.7127467921504975,-0.40898599085877674,0.3651376453607399,0.1388252282254858,-0.03807187836955101,-0.1709423156911645,0
72,2024-09-25 15:08:00.352168945,0,017,0.2834619282418397,0.00899659185916118,1.7803763172747722,-0.4185194875328953,0.3709208331352129,0.13488226043204096,-0.2112836216352622,-0.14454238762239377,0
73,2024-09-25 15:08:00.413256836,0,017,0.2758283575621407,0.0078977306714304,1.8365171880215847,-0.4252356644225202,0.37055538869473287,0.13240634315877003,-0.38145678325091686,-0.12175411652653705,0
74,2024-09-25 15:08:00.488308105,0,017,0.27074184835180193,0.00588793921134576,1.8809318721613035,-0.4289070054668007,0.36447516974162764,0.13107118454085412,-0.5466169824063984,-0.10274893878602132,0
75,2024-09-25 15:08:00.552750977,0,017,0.26749475146384627,0.002953708720920247,1.9142309824726518,-0.4295475807493508,0.35341708044762693,0.13050068756016403,-0.7044769617084529,-0.08745684247174682,0
76,2024-09-25 15:08:00.614312988,0,017,0.26530611073352955,-0.0008810782026464428,1.937579887859114,-0.42738746400962524,0.3383924130500036,0.13029739369554888,-0.8518335454312251,-0.07568894714198772,0
77,2024-09-25 15:08:01.567153809,0,017,0.2633683357435067,-0.005570537298904586,1.95229611039802,-0.422812936596726,0.32063244277492164,0.13007053279071953,-0.9842241662069886,-0.06725127997497117,0
78,2024-09-25 15:08:01.623243896,0,017,0.26087003560629224,-0.011057741312022714,1.9595306510633783,-0.41629653547243345,0.3015218153401955,0.12946102274620963,-1.0959748774520974,-0.062027912519496964,0
79,2024-09-25 15:08:01.700499023,0,017,0.25704005429817534,-0.017285619913649894,1.960140279900393,-0.40832879360908825,0.28250634633278476,0.12816095895466126,-1.1806910040537046,-0.059999521941927474,0
80,2024-09-25 15:08:01.770528076,0,017,0.25122092301682397,-0.02420932420253193,1.9546920301506754,-0.3993489755570064,0.26494766048298246,0.1259312690628111,-1.232104066438737,-0.06118546339492326,0
81,2024-09-25 15:08:01.824244873,0,017,0.2429536812816895,-0.0318052587631088,1.9435592790302532,-0.389690252690786,0.24994217999886645,0.12262168925944728,-1.2449798950881503,-0.06555139807127415,0
82,2024-09-25 15:08:01.902107910,0,017,0.2320560613787092,-0.040071873080083725,1.9271229747832908,-0.3795618770197836,0.2381735267036828,0.11818836551776377,-1.2158039772873404,-0.07293774645462485,0
83,2024-09-25 15:08:01.964665039,0,017,0.2186738193300186,-0.04902270837372195,1.9059881837349135,-0.3690565402570204,0.22985435945365157,0.11269905397396954,-1.143162522736864,-0.08303391453968229,0
84,2024-09-25 15:08:02.917239990,0,017,0.2032685611015428,-0.058673054527796795,1.8810174193646612,-0.358146066851214,0.22475158837080972,0.10632350545184473,-1.0278400800172518,-0.09540294234931027,0
85,2024-09-25 15:08:02.973180908,0,017,0.1865122008924099,-0.06901759012313588,1.853079313449987,-0.3466524353021824,0.22225281238991776,0.0993168446810226,-0.8726387997205404,-0.10955014633832198,0
86,2024-09-25 15:08:03.050334961,0,017,0.16911358599150617,-0.08000074522637544,1.8226264683941864,-0.3342172401363221,0.22145069926082683,0.09200160957859727,-0.6819489751363607,-0.12501026495208933,0
87,2024-09-25 15:08:03.111463135,0,017,0.15165120519989275,-0.09149291224510862,1.7893084217663249,-0.32030187809450306,0.2212476783060016,0.084744361764214,-0.4611778308847227,-0.1414255990467857,0
88,2024-09-25 15:08:03.188435059,0,017,0.13446373333251618,-0.10328450400761258,1.751742961680933,-0.30423437117326474,0.22047348700847524,0.07792278163322833,-0.2161891143367791,-0.15859966185849048,0
89,2024-09-25 15:08:03.250876953,0,017,0.11759606568114771,-0.11509503094014062,1.7074787907702824,-0.28529273914670883,0.21799106740174243,0.07188931603948984,0.04708998385994898,-0.17650265534542386,0
90,2024-09-25 15:08:03.319865967,0,017,0.10079198313491791,-0.12658850322500617,1.6531825250322907,-0.26280064202616893,0.21278025026344657,0.06694115995038827,0.32275144678250633,-0.19520056942276823,0
91,2024-09-25 15:08:04.253916992,0,017,0.08355058297551195,-0.13739608644761653,1.5850985182298694,-0.2362229688697314,0.20400877346438884,0.06330011577203606,0.6046065008614285,-0.21471711648374658,0
92,2024-09-25 15:08:04.332065185,0,017,0.0652496819817841,-0.14715229080190156,1.499798291640886,-0.20527486276801385,0.19109061459603968,0.061101767268155346,0.8856108684741784,-0.23488796236937576,0
93,2024-09-25 15:08:04.394968018,0,017,0.04529114809507836,-0.1555403995634094,1.3951407949325745,-0.17006133146047622,0.1737147466628639,0.06039438281048972,1.157341599486908,-0.25527880756104354,0
94,2024-09-25 15:08:04.470804932,0,017,0.023210390467390672,-0.16232971765168125,1.2712032260899337,-0.1312255410522575,0.15183609199355094,0.06114763093160894,1.4099067947896022,-0.2752002087722128,0
95,2024-09-25 15:08:04.538522949,0,017,-0.0012691888961546395,-0.16739030229947074,1.1308308355131016,-0.09003599933334468,0.12564208743083372,0.06326770639581179,1.6324694507045445,-0.2938000231733031,0
96,2024-09-25 15:08:04.606362061,0,017,-0.028218160905887104,-0.1706888568221474,0.979565655553969,-0.04834285317965359,0.09551292500996396,0.06661228432833757,1.814275205550384,-0.3101959584778418,0
97,2024-09-25 15:08:04.674127197,0,017,-0.05750364898974481,-0.1722798345327518,0.8250195671949244,-0.00839724211883206,0.061975648105723445,0.07100159403740927,1.9458931733216063,-0.32361536500204396,0
98,2024-09-25 15:08:05.590878906,0,017,-0.08882277103643764,-0.17229606603876169,0.6759869053010458,0.027395735603609347,0.025641926144040265,0.07622906197162606,2.0203637154539864,-0.33350626484063783,0
99,2024-09-25 15:08:05.660273193,0,017,-0.12177519570611892,-0.17093262572963813,0.5415585799009666,0.05670627168934355,-0.012860587077235662,0.08207503146553004,2.0339992483996023,-0.3395825023848307,0
100,2024-09-25 15:08:05.728085938,0,017,-0.1559449838072641,-0.16842454385923972,0.4303277128206409,0.07745943128543327,-0.05293688982227662,0.08831986195754349,1.9866254809217292,-0.34178240454638664,0
101,2024-09-25 15:08:05.791718994,0,017,-0.19094841031272586,-0.16502742600314366,0.349686759953267,0.0879778538769147,-0.09404977297299273,0.09475167388552648,1.881201470763939,-0.3401608980115073,0
102,2024-09-25 15:08:05.854204102,0,017,-0.2264392115298676,-0.16100225833572077,0.30522623323001424,0.08710649764282426,-0.13574410064436324,0.1011707039603047,1.72304682652537,-0.33478302031370694,0
103,2024-09-25 15:08:05.931466064,0,017,-0.2620860297643121,-0.15659726881452243,0.3002578064106406,0.07432739357417022,-0.17767388842741777,0.10739336489563757,1.5190569651740242,-0.325681145187557,0
104,2024-09-25 15:08:05.998085938,0,017,-0.29752951381297854,-0.15202598514424656,0.3355027642679356,0.04984874456358331,-0.21960270155458858,0.11325245866125466,1.2771550521355575,-0.31287172283986264,0
105,2024-09-25 15:08:06.933872070,0,017,-0.3323365457019754,-0.14744760420175987,0.4089965298116404,0.014638705818116365,-0.2613609791920907,0.11859053681473797,1.005986678407335,-0.2963821398509268,0
106,2024-09-25 15:08:06.996362061,0,017,-0.36598585024493346,-0.14295319186704106,0.5161779292036878,-0.029603564599210826,-0.3027845240294894,0.12325399793051088,0.7146948742407351,-0.27625176681844665,0
107,2024-09-25 15:08:07.075990967,0,017,-0.3978943615291348,-0.13855968866181398,0.6500574579666011,-0.080529186049637,-0.3436585331030536,0.12709747774011748,0.41260691436783536,-0.2525063504269703,0
108,2024-09-25 15:08:07.134875000,0,017,-0.4274521573175548,-0.13421769921823384,0.8014698983956519,-0.1352811014269807,-0.38365669624304677,0.12999561470566548,0.10880060973564104,-0.22513292306480048,0
109,2024-09-25 15:08:07.212045898,0,017,-0.4540340308739468,-0.12983793314877765,0.9595956556067168,-0.1907152978912667,-0.4222662381263037,0.13185062132557154,-0.18834874330521645,-0.1940890791750034,0
110,2024-09-25 15:08:07.274079102,0,017,-0.47699595524897276,-0.12532960585986538,1.1128928253665133,-0.24369381025919143,-0.4587307134802276,0.1325896306890129,-0.4714960355109141,-0.15936108162757107,0
111,2024-09-25 15:08:07.336564941,0,017,-0.49568408309561884,-0.12063451610192955,1.2503082934432754,-0.29139977780414644,-0.49204708621659365,0.13215555536519494,-0.7344367809769796,-0.12105383543852068,0
112,2024-09-25 15:08:08.267860107,0,017,-0.5094575759758923,-0.11574599680570968,1.3624268632219785,-0.3316012648569123,-0.5210079133235745,0.13049715667364756,-0.9720456273559841,-0.07946901340408849,0
113,2024-09-25 15:08:08.335333984,0,017,-0.5177122100455875,-0.11071470435382459,1.4422714565891317,-0.3628042364874228,-0.5442589095987368,0.12755911683435608,-1.1801923071517457,-0.035128144478164765,0
114,2024-09-25 15:08:08.396492920,0,017,-0.5199176882936857,-0.10564650696257565,1.4856946389156933,-0.3842858686245759,-0.5603733245878925,0.12327248614022013,-1.355749502361145,0.011264450497685709,0
115,2024-09-25 15:08:08.458019043,0,017,-0.5156874726816106,-0.1006917794533821,1.4914847260011053,-0.39604626980217605,-0.567966681006414,0.11755253452701461,-1.496699273976461,0.05888155588683694,0
116,2024-09-25 15:08:08.539045898,0,017,-0.5048626408668332,-0.09602464847965035,1.4613288495726717,-0.3987200368015029,-0.5658578863629101,0.1103116479172834,-1.602261967223339,0.10680942021323818,0
117,2024-09-25 15:08:08.606863037,0,017,-0.48757394834185863,-0.09181861226624369,1.3996944806350244,-0.3934727189146117,-0.5532531026526754,0.10148328969331939,-1.672926820672741,0.15403749927491694,0
118,2024-09-25 15:08:08.673051025,0,017,-0.46427471685769184,-0.08822799381621248,1.3136145595951143,-0.38190311774593666,-0.5299066308476764,0.09104353587120528,-1.7102989073318235,0.19941528220357072,0
119,2024-09-25 15:08:09.617657959,0,017,-0.4357552117985795,-0.08537680801702555,1.2122957928314815,-0.36596135378175065,-0.49621162637825744,0.07902252375061,-1.7168253736808572,0.24162028409657166,0
120,2024-09-25 15:08:09.685043213,0,017,-0.4031249076350451,-0.0833514031495689,1.106418627777328,-0.34786057974979184,-0.45319429236898373,0.06550853786905851,-1.695555185862071,0.2791798989629273,0
121,2024-09-25 15:08:09.746555176,0,017,-0.3677340626243324,-0.0821981216864366,1.0070702402108123,-0.329940660887161,-0.40240511520008704,0.05064518568039711,-1.6499752632837268,0.31055579191852223,0
122,2024-09-25 15:08:09.808578857,0,017,-0.3310461794762029,-0.08192843710536345,0.9244921901662837,-0.31447123093711277,-0.3457264927813027,0.03461664387277236,-1.5838613128989583,0.334271856000064,0
123,2024-09-25 15:08:09.888891846,0,017,-0.2945151669247316,-0.08252578039805539,0.8670120329728128,-0.3034384119771557,-0.2851544791770245,0.017624525137600218,-1.501188165693914,0.34907194446189055,0
124,2024-09-25 15:08:09.948023926,0,017,-0.2594962092401909,-0.08394624764882593,0.8404318272647842,-0.2983816101580598,-0.22261237319019775,-0.00013095520035551095,-1.4062316474850463,0.3541091148082184,0
125,2024-09-25 15:08:10.011256104,0,017,-0.2271694439727076,-0.08611536392346879,0.8478903902845463,-0.300314574146598,-0.15981265190532984,-0.01846010438622874,-1.3038136570761112,0.34915731511525844,0
126,2024-09-25 15:08:10.967700928,0,017,-0.19845968738383554,-0.08892975796443825,0.8900605264304386,-0.3097179081519267,-0.09817492052352948,-0.037186445585123726,-1.1994080179506637,0.3347959448244476,0
127,2024-09-25 15:08:11.024609131,0,017,-0.17397449883196386,-0.09226652038069545,0.9654952880241726,-0.32656496456959344,-0.03882405679721946,-0.056143108276942674,-1.098852447990495,0.31248635943979836,0
128,2024-09-25 15:08:11.103354004,0,017,-0.15398741064637866,-0.09599352814015218,1.0709421275880024,-0.3503534737148947,0.01733624037932694,-0.07516075787427214,-1.007636148177494,0.2844782271153654,0
129,2024-09-25 15:08:11.171140869,0,017,-0.13845759423903298,-0.0999742881730385,1.2015490832208355,-0.3801426502221816,0.06953025462258974,-0.09405162690029521,-0.9299153954238364,0.2535452381631704,0
130,2024-09-25 15:08:11.238928955,0,017,-0.12705441141178964,-0.10407017142760276,1.3509804469658837,-0.41459655185642996,0.11705411777324212,-0.11259970770932799,-0.8675217901252325,0.22261099734443607,0
131,2024-09-25 15:08:11.306699951,0,017,-0.11917397199125418,-0.10814730782170752,1.5114225030583366,-0.4520174378001928,0.15926807371861998,-0.13056181754671065,-0.8193049687597378,0.19435894003626866,0
132,2024-09-25 15:08:11.374519043,0,017,-0.11396019247593148,-0.11208916261720679,1.6734826275087455,-0.4903633371587669,0.19561590242410642,-0.14767419592014186,-0.7811107712695021,0.17092057540814662,0
133,2024-09-25 15:08:12.312794922,0,017,-0.11033687396138464,-0.1158104468923733,1.8261755833608093,-0.5272760189007297,0.22565930708390686,-0.16365988613462049,-0.7464920949859291,0.15370439604932612,0
134,2024-09-25 15:08:12.385795166,0,017,-0.10704451347602746,-0.11926982667863553,1.957307801545321,-0.5601614997688098,0.24913051368022102,-0.17824203214545353,-0.7079561068242148,0.14336990421377765,0
135,2024-09-25 15:08:12.451980225,0,017,-0.1026902292347691,-0.12247836560790194,2.054403141376301,-0.5863491382689816,0.2659903701142683,-0.1911680540964414,-0.6583616030419516,0.1398983735686872,0
136,2024-09-25 15:08:12.513582031,0,017,-0.09583294120555484,-0.12549564338971256,2.105975733589308,-0.6033152187483964,0.27645989225108486,-0.20223744871263805,-0.5921415914641244,0.1426985095383974,0
137,2024-09-25 15:08:12.575198975,0,017,-0.08510245294796272,-0.12840918605923113,2.102759415149404,-0.6089239863169622,0.2810145488922098,-0.21132206257652933,-0.5061759989863642,0.15070641003942323,0
138,2024-09-25 15:08:12.652885010,0,017,-0.06932239733933031,-0.1313071278271517,2.0385995834667066,-0.6016413686387467,0.2803654393793415,-0.21837750148165963,-0.40019523871916457,0.162468756642538,0
139,2024-09-25 15:08:12.724854004,0,017,-0.04761980777021822,-0.13426037368398414,1.9109393653386986,-0.5806970433801084,0.27544110033776,-0.22345095526815675,-0.27667639442483627,0.1762270464475753,0
140,2024-09-25 15:08:13.667920166,0,017,-0.019533900194254057,-0.13731906344649383,1.7209641726338378,-0.5461735646992305,0.2673440021008057,-0.22668582517326902,-0.14037862057781286,0.19004013710189158,0
141,2024-09-25 15:08:13.735793213,0,017,0.014875423563649333,-0.1405148405279615,1.4734688457525422,-0.4989982552509174,0.2572550852648388,-0.22831668784565312,0.002237472833768837,0.20196638114992896,0
142,2024-09-25 15:08:13.803543945,0,017,0.054965569748881817,-0.14386220204215464,1.1765102753387786,-0.44084201090497915,0.24630473495579397,-0.22864949926340575,0.14356430246217183,0.21027875925408943,0
143,2024-09-25 15:08:13.856981934,0,017,0.09954970070465521,-0.14736184286672172,0.840964503396021,-0.3739691484594153,0.2354610809417426,-0.2280313414482754,0.2753629586668453,0.2136612765091771,0
144,2024-09-25 15:08:13.934696045,0,017,0.14702777151327787,-0.15100881041043834,0.48006692671301016,-0.30107424023285523,0.22547264959123856,-0.22682079762380594,0.38924436626491016,0.21135782600598368,0
145,2024-09-25 15:08:14.006922852,0,017,0.19554228215555547,-0.15479907148115507,0.10883518897409163,-0.22509725763380004,0.216864655948125,-0.22536544953311144,0.4771366703252854,0.2032642903198521,0
146,2024-09-25 15:08:14.073414062,0,017,0.2431141895021531,-0.15872800346742283,-0.25677180433449215,-0.1490037049711702,0.2099655980255999,-0.2239847252932276,0.5318195264797543,0.18994243684897233,0
147,2024-09-25 15:08:15.006884033,0,017,0.28777585141836187,-0.1627864431945332,-0.6009139278706274,-0.0755602624775505,0.20494533719399965,-0.22295651198093913,0.5475631057413067,0.17253967390900726,0
148,2024-09-25 15:08:15.083034912,0,017,0.32770823721494,-0.16696330714023888,-0.9089746661207488,-0.007155005428088701,0.20185567060969287,-0.22251036536332286,0.5207767261945563,0.15263296700629803,0
149,2024-09-25 15:08:15.144539062,0,017,0.36133928487327693,-0.17125148762487577,-1.1686084428613654,0.05432258887650776,0.20066214878163094,-0.22282757527639424,0.450530205283304,0.13202536985149463,0
150,2024-09-25 15:08:15.206087158,0,017,0.3873787543767953,-0.17564601329819596,-1.3706450391869132,0.10755290960245886,0.20125992114620658,-0.2240415843695105,0.338873430254498,0.11251066538060234,0
151,2024-09-25 15:08:15.283853027,0,017,0.4048230907978203,-0.18013186604189163,-1.5096604772919406,0.15180532619988374,0.20348718357112086,-0.22623319333523054,0.1909235809864439,0.09562771768129445,0
152,2024-09-25 15:08:15.346340820,0,017,0.41296634744042243,-0.18466993484431266,-1.5840743759850298,0.1868939644093296,0.2071507455537522,-0.2294229321930221,0.014704129686240002,0.08244390028209146,0
153,2024-09-25 15:08:15.423791016,0,017,0.4114121036783243,-0.18918768667128769,-1.595855492272839,0.21308312023218914,0.21204409018604856,-0.23356489871888486,-0.1792492852180447,0.0734060823989226,0
154,2024-09-25 15:08:16.341226074,0,017,0.40006505915356455,-0.19357097443320478,-1.5500519333047762,0.23097665615406526,0.21792357274302124,-0.23854054501621888,-0.3785168170469761,0.06828623529491352,0
155,2024-09-25 15:08:16.409041016,0,017,0.3791071631640699,-0.19765389896858496,-1.4543546704383317,0.24142480459413365,0.22444835139765543,-0.2441502317843776,-0.5697152938578004,0.06624161413952956,0
156,2024-09-25 15:08:16.476855957,0,017,0.34898505472289243,-0.2012153094887001,-1.3187622127793182,0.24545822831822725,0.23112716745836986,-0.2501078690259152,-0.7397066052755593,0.06598663690573689,0
157,2024-09-25 15:08:16.544656006,0,017,0.3104099161728645,-0.20399211594777406,-1.1551661037822005,0.24422344599282386,0.237295359050319,-0.2560477300285885,-0.8769197332790536,0.06603159255819911,0
158,2024-09-25 15:08:16.599291992,0,017,0.26434137187135975,-0.20570740558571243,-0.9766005765929775,0.23888623088408104,0.24211730454819472,-0.2615474856519274,-0.9725295434048119,0.06491855265588362,0
159,2024-09-25 15:08:16.680214844,0,017,0.21195803721472006,-0.20610427123535005,-0.7961327034089385,0.23050253094133286,0.24462787110746953,-0.2661650197246582,-1.021268929820906,0.06140008395228715,0
160,2024-09-25 15:08:16.738933105,0,017,0.15465896174976493,-0.20497975714789143,-0.6256338075147851,0.21989207876952047,0.24384859386796243,-0.2694849417014193,-1.021763402158647,0.05454911589752436,0
161,2024-09-25 15:08:17.687943848,0,017,0.09410328064664802,-0.2022155078254509,-0.47473329243918466,0.20755981709028,0.2389815155390624,-0.2711713319076714,-0.9764056912274265,0.043814888672360504,0
162,2024-09-25 15:08:17.749986816,0,017,0.03222091241502469,-0.19779860596006318,-0.3501585515967513,0.19369099565878764,0.22961174570829035,-0.27101821870292714,-0.8907984201737359,0.02902310132366777,0
163,2024-09-25 15:08:17.813157959,0,017,-0.02887001229054063,-0.19182573347013096,-0.2555385020732104,0.17821625549958986,0.21582172708017994,-0.26898200168620523,-0.7727556611691359,0.0103041644338648,0
164,2024-09-25 15:08:17.894988037,0,017,-0.08702320871014924,-0.18449010998746668,-0.19164749716132354,0.1609311146941009,0.19818854239609654,-0.2651864582614661,-0.6309785740546547,-0.012035424503866845,0
165,2024-09-25 15:08:17.962786865,0,017,-0.14023698870105308,-0.17605766307747772,-0.1569586367901932,0.14164888413552157,0.1777159530612986,-0.25990774415243323,-0.47373845718592905,-0.03764524840730565,0
166,2024-09-25 15:08:18.029123047,0,017,-0.18680089251766396,-0.1668402163832066,-0.14827354258612227,0.12034267330522241,0.15574256393518235,-0.25355030176360577,-0.30796722120098174,-0.06621154832968675,0
167,2024-09-25 15:08:18.098346924,0,017,-0.22541272553987443,-0.15717010928732128,-0.16121413505810658,0.09722047852398118,0.13381987875832338,-0.24661354407592398,-0.13897709866348487,-0.0974601764638827,0
168,2024-09-25 15:08:19.013006836,0,017,-0.2552548093115927,-0.14737878814527336,-0.19053563549429922,0.07271853274417739,0.11355986199777006,-0.2396464662626286,0.02930358019123777,-0.13109692466805395,0
169,2024-09-25 15:08:19.074595947,0,017,-0.2760021317419819,-0.13778404628156235,-0.23043212583681025,0.04746282210311072,0.09648269431538373,-0.23319794522905632,0.1939468120064705,-0.16672866484304535,0
170,2024-09-25 15:08:19.152785889,0,017,-0.28776320177682707,-0.12868899135999565,-0.2750751030506525,0.022261748778439325,0.08389123272157344,-0.2277750504641948,0.35285199677760026,-0.20381254865231588,0
171,2024-09-25 15:08:19.213408936,0,017,-0.29099922536645406,-0.12038596531980546,-0.3194133779187609,-0.0018690266375404297,0.07677384040184913,-0.22381178230009569,0.5049295908283803,-0.24167397212938288,0
172,2024-09-25 15:08:19.288376953,0,017,-0.2864576969052601,-0.11315392242118293,-0.35993887623406046,-0.023713414238486746,0.07573350901117176,-0.22164196097236855,0.6504895531645163,-0.27960336124394763,0
173,2024-09-25 15:08:19.353149902,0,017,-0.27511317907816235,-0.10724725489122519,-0.3950692443546981,-0.04194629745913818,0.08095380856445948,-0.2214753109555751,0.791453462017114,-0.3169833874687035,0
174,2024-09-25 15:08:19.415635010,0,017,-0.2581083209292071,-0.10288256960010986,-0.42505669782422706,-0.05529529883736295,0.09221232544647008,-0.2233854686213217,0.9310786643563053,-0.35337896700547755,0
175,2024-09-25 15:08:20.360059082,0,017,-0.23671274130253736,-0.10022578841543409,-0.45156849116901787,-0.06271671006758527,0.10893523219396799,-0.22731647702580438,1.0731864914286704,-0.38855886821887686,0
176,2024-09-25 15:08:20.435111084,0,017,-0.21230243805736793,-0.09937668993125087,-0.4770953168724155,-0.0635457858047976,0.13026880582899136,-0.23310167410393134,1.2210988140932912,-0.42244161295662896,0
177,2024-09-25 15:08:20.500128906,0,017,-0.18633039724556016,-0.10035231125297138,-0.5042988266849736,-0.05760629659696874,0.15514297608136682,-0.2404830745169284,1.376528409286392,-0.4549676652735318,0
178,2024-09-25 15:08:20.570785156,0,017,-0.16026553484087952,-0.10307650759789438,-0.535481399650159,-0.045254344540126126,0.18231835157219067,-0.24912786595004302,1.538682091277205,-0.48593892354189094,0
179,2024-09-25 15:08:20.638465820,0,017,-0.13551581913015828,-0.10737839060637584,-0.5723660121042518,-0.027330938902089798,0.2104222449050053,-0.2586468403154682,1.7038345770352272,-0.5149004678024638,0
180,2024-09-25 15:08:20.706284912,0,017,-0.11336626935509432,-0.11299375702754379,-0.6161845867322324,-0.005037018792980202,0.23798538577021938,-0.2686161565379188,1.8655096586632764,-0.5411137312642831,0
181,2024-09-25 15:08:20.762836914,0,017,-0.09493100926506055,-0.11956796203673821,-0.6679407024728603,0.02023244536757918,0.26349948272489015,-0.2786004445431207,2.0151609281303284,-0.5636075890161917,0
182,2024-09-25 15:08:21.712662842,0,017,-0.08110061329864608,-0.12667005149775162,-0.728728850405586,0.04706712433642014,0.2855130015209497,-0.28817957331797955,2.1430628748777076,-0.5812608834617506,0
183,2024-09-25 15:08:21.785188965,0,017,-0.07249925199948574,-0.13382406597849134,-0.7999528036001797,0.07419430663240711,0.3027463545822829,-0.29697915279543935,2.239187385788479,-0.5928931005672978,0
184,2024-09-25 15:08:21.852091064,0,017,-0.06948382261427641,-0.14054726850077212,-0.883224482230093,0.10055498466979225,0.31417423800538147,-0.30469317324237266,2.2940598506079053,-0.597375343766393,0
185,2024-09-25 15:08:21.914216064,0,017,-0.07217736247775981,-0.14638122240999576,-0.9798670024556896,0.12528914090538884,0.3190529139798214,-0.3110873156154428,2.2996846937799456,-0.5937704166595658,0
186,2024-09-25 15:08:21.988562988,0,017,-0.08049546570393369,-0.15091502449489355,-1.0902417182881188,0.14767625682648472,0.31692934711789955,-0.3159880523703245,2.250493197779492,-0.5814747010598144,0
187,2024-09-25 15:08:22.053833008,0,017,-0.09414784337818327,-0.15380900846164675,-1.213272268007631,0.167096919850512,0.3076661312882027,-0.3192719710052813,2.14408974098346,-0.5603099751671329,0
188,2024-09-25 15:08:22.114974121,0,017,-0.11264015411380215,-0.15481874794151096,-1.3463977900663913,0.18305122243196165,0.291467666431387,-0.3208609519685714,1.9815866507845008,-0.5305322428695963,0
189,2024-09-25 15:08:23.067462891,0,017,-0.13530414644791663,-0.15380880089609106,-1.4858900722098978,0.1952196416288531,0.26888447661450515,-0.3207193033301379,1.7674744140152827,-0.49276515898879497,0
190,2024-09-25 15:08:23.122499023,0,017,-0.16134744682105198,-0.15075083223399321,-1.6272503640361824,0.2035142505307816,0.24079601474335288,-0.31885127732750984,1.5090772512948256,-0.44788006396010616,0
191,2024-09-25 15:08:23.203123047,0,017,-0.1898947030698928,-0.1457129041931751,-1.7654289311982514,0.2080713869957974,0.20837337848507442,-0.31530216231035646,1.2157005823667961,-0.39684137591425545,0
192,2024-09-25 15:08:23.270912109,0,017,-0.22001430959022722,-0.13884817643820596,-1.894853903052551,0.20918118562666288,0.17301325007067248,-0.31016229917809834,0.8976581558396292,-0.34055195598340327,0
193,2024-09-25 15:08:23.335781006,0,017,-0.25074893336932846,-0.1303827158860232,-2.0094643968583252,0.20719079716020058,0.13624240147142086,-0.3035664645459054,0.5653828781930048,-0.27975026233951505,0
194,2024-09-25 15:08:23.401403809,0,017,-0.28115863177468325,-0.12059865320977252,-2.1029273702888434,0.20242787346588098,0.09960762505969793,-0.29568347646782617,0.2287670870949451,-0.21499608170458884,0
195,2024-09-25 15:08:23.463406982,0,017,-0.31036730369002047,-0.1098149810165848,-2.169049773672717,0.195175728604744,0.06456109799165974,-0.2866995099532855,-0.10317084507318175,-0.1467442434971724,0
196,2024-09-25 15:08:24.410435059,0,017,-0.33761171577936155,-0.09837012659611741,-2.2022695886622667,0.18569641234696074,0.03232848972224542,-0.27679952818969394,-0.4222905605642838,-0.07547111199491048,0
197,2024-09-25 15:08:24.485468994,0,017,-0.3623011738852644,-0.08660325498635302,-2.19810636189611,0.17426184886700052,0.003755625108412786,-0.26614626917638107,-0.7211552018217028,-0.001803047808364551,0
198,2024-09-25 15:08:24.549992188,0,017,-0.38407040085714506,-0.07483051103045232,-2.153510519834336,0.1611546609416217,-0.02081923264139577,-0.2548586606517073,-0.9929121559814749,0.07339080415962897,0
199,2024-09-25 15:08:24.621061035,0,017,-0.4027898708485217,-0.06332228759270636,-2.0670918404542906,0.14663670536264625,-0.04160256716938114,-0.24299847331841334,-1.2313830786497206,0.14894709709967272,0
200,2024-09-25 15:08:24.688337891,0,017,-0.4185309067756648,-0.052290911332135474,-1.9392214549855096,0.13091095845674666,-0.05927892361370374,-0.23057241039324203,-1.4312887961910246,0.22338251461940345,0
201,2024-09-25 15:08:24.749995850,0,017,-0.4315201431973677,-0.04188817917746778,-1.7720390463663689,0.11410613796003392,-0.0748768180535134,-0.2175477043556185,-1.5883627574032626,0.29488576599526556,0
202,2024-09-25 15:08:24.812984863,0,017,-0.4420998662929719,-0.03220418070276787,-1.5694350581828531,0.09630240093935351,-0.08960396562228407,-0.2038729592176509,-1.6992587115763103,0.3613464516792017,0
203,2024-09-25 15:08:25.763153076,0,017,-0.45067223802799433,-0.023264205427268828,-1.337014304780967,0.077589286951067,-0.10467022335397157,-0.1894977388458906,-1.761474485857996,0.4204533708373228,0
204,2024-09-25 15:08:25.826039062,0,017,-0.45761263778421946,-0.015030558841225403,-1.0819494200822573,0.05812279590862857,-0.12110903554407158,-0.17439178091860025,-1.7735384565068535,0.46986945068869923,0
205,2024-09-25 15:08:25.888525879,0,017,-0.4631775152314291,-0.007415041558331544,-0.8126588503448344,0.03815424148122568,-0.1396143453974271,-0.15856784930397558,-1.7354392162846133,0.5074512029947473,0
206,2024-09-25 15:08:25.965748047,0,017,-0.46744688282505176,-0.00029576390777471867,-0.5383461679661087,0.01802571686231384,-0.16041839878676492,-0.1421064575903826,-1.649098112707919,0.5314710114851438,0
207,2024-09-25 15:08:26.038930908,0,017,-0.4703129881463799,0.006472076250208413,-0.26846854387948554,-0.0018585653348218666,-0.18322810452471244,-0.12517555883776277,-1.5186764541908646,0.5408111554040113,0
208,2024-09-25 15:08:26.104141113,0,017,-0.4714936675931049,0.013050190296073256,-0.01216099985378289,-0.02106866413171427,-0.20722564184534725,-0.10803969434818234,-1.3505708055258718,0.5351019202285159,0
209,2024-09-25 15:08:26.174560059,0,017,-0.4705553823132186,0.01960701081971793,0.22236586762099797,-0.03917503724222646,-0.23114179291987472,-0.0910550035167888,-1.1530655397952843,0.5147809316317739,0
210,2024-09-25 15:08:27.092065185,0,017,-0.46695413090725985,0.026302605444596224,0.4283675962709352,-0.05575460665992055,-0.2533986114874684,-0.07464841900102574,-0.9357101602271326,0.48106484201703725,0
211,2024-09-25 15:08:27.159902100,0,017,-0.4600902430216493,0.033275409780382806,0.600885066286942,-0.07037647169885865,-0.2722807235240715,-0.05928518562052015,-0.7085263564226352,0.4358403546041141,0
212,2024-09-25 15:08:27.222697998,0,017,-0.44934850386176656,0.04063173271048135,0.7367319362795213,-0.08257321135082961,-0.28609187483470905,-0.04543265342979709,-0.4812156484529099,0.38150444283079465,0
213,2024-09-25 15:08:27.285010986,0,017,-0.43411194816173715,0.04843403663467461,0.8342321913312689,-0.09181649353369148,-0.29330092336041774,-0.033525123840707424,-0.26261514390682694,0.3208072497934902,0
214,2024-09-25 15:08:27.362641113,0,017,-0.4137707584044164,0.056690806855907314,0.8929128133724571,-0.09752286515170866,-0.2927008111333163,-0.023931060583276417,-0.06054421594493974,0.2567306937006948,0
215,2024-09-25 15:08:27.424168213,0,017,-0.3877407063692367,0.06535538149197243,0.9132918288755439,-0.09909984463298618,-0.28355873215814753,-0.016925776873105324,0.1181338780765065,0.19236701503780534,0
216,2024-09-25 15:08:27.498931885,0,017,-0.3554798601427889,0.07433256793999393,0.8968112631720496,-0.09602614811312421,-0.26569334458907995,-0.01267555694750417,0.2675711116038304,0.1307429022223812,0
217,2024-09-25 15:08:28.438940918,0,017,-0.3165061365894698,0.08348458485291833,0.8459231081872982,-0.08795594141166437,-0.239441130093301,-0.011236865966026823,0.38317256950564715,0.0746137669462249,0
218,2024-09-25 15:08:28.510669922,0,017,-0.27044911593410664,0.09263466695588235,0.7642188432891481,-0.07481999255613321,-0.20554555431404498,-0.01256672891016623,0.46178786223504975,0.026303545320411705,0
219,2024-09-25 15:08:28.578485107,0,017,-0.21714952061734744,0.10157554512183345,0.6563976962704945,-0.056880822310643876,-0.16503576284634144,-0.01653500944729955,0.5017950217362832,-0.012394894433835506,0
220,2024-09-25 15:08:28.646240967,0,017,-0.15676945543329074,0.11008641474603516,0.528041019239414,-0.03473409257614424,-0.11912293281585978,-0.022933494126003522,0.5032484647192357,-0.04029745733967917,0
221,2024-09-25 15:08:28.701126953,0,017,-0.08986979801564364,0.11795350257778832,0.3854026360133358,-0.009296359617511131,-0.06910210537225593,-0.03148472926102717,0.4681428117181397,-0.056887628940815844,0
222,2024-09-25 15:08:28.778396973,0,017,-0.017442019721393844,0.12498932663064409,0.23530110340813631,0.018209415117584535,-0.01626151298322874,-0.04185331465918306,0.4006204817101541,-0.062319622839789396,0
223,2024-09-25 15:08:28.842536865,0,017,0.05910625667467113,0.13104995957657417,0.08487239498327999,0.046324404677901374,0.03817647504517405,-0.053656622094296925,0.30689387529724754,-0.057342424346877724,0
224,2024-09-25 15:08:29.762056152,0,017,0.1380204644183399,0.13604777294466375,-0.059027237439700724,0.07351737422224985,0.0930740475739433,-0.06647331533884035,0.19475335176367128,-0.043148104980124447,0
225,2024-09-25 15:08:29.835647949,0,017,0.21732464080448538,0.13995299537925474,-0.19060124086624816,0.09839362834361892,0.14736576246954974,-0.0798540825728878,0.07274548818344409,-0.021169387634650424,0
226,2024-09-25 15:08:29.903487061,0,017,0.29498305577950407,0.1427807984430788,-0.3057222185887017,0.11987097739912363,0.20001985432591177,-0.09333742088566942,-0.0506783368118833,0.007117656896095087,0
227,2024-09-25 15:08:29.963799072,0,017,0.36906653554382524,0.14456961534096952,-0.4022148078192406,0.13729219632954007,0.24998410881955713,-0.10646686201317589,-0.16768007108939811,0.040307684216758954,0
228,2024-09-25 15:08:30.039037109,0,017,0.43789833485875623,0.1453597510649381,-0.47987903252900316,0.1504803080088342,0.2961552168905292,-0.11880668756768005,-0.27107126568951767,0.0770538120596891,0
229,2024-09-25 15:08:30.103538086,0,017,0.5001568061468341,0.14517712612083689,-0.540317058435279,0.15973513467430808,0.3374087886911938,-0.1299591366873651,-0.3541195679320031,0.11597145395348202,0
230,2024-09-25 15:08:30.174658936,0,017,0.5549029817403581,0.14402565314648497,-0.586601081639831,0.16577590789036162,0.372678077469113,-0.13958486979575727,-0.41055084225391253,0.15555360766497453,0
231,2024-09-25 15:08:31.117630859,0,017,0.6015172807948188,0.14189400734648763,-0.6228924244601307,0.1696558065819936,0.40103150578722513,-0.14742020819112553,-0.4349318277508759,0.1941688696405794,0
232,2024-09-25 15:08:31.179058105,0,017,0.63958479906817,0.1387768458467402,-0.654076925424646,0.17265763995601893,0.42171951719446565,-0.15328347107597265,-0.4233014862553877,0.23015401775715263,0
233,2024-09-25 15:08:31.240199951,0,017,0.6687953667380906,0.13469968798903875,-0.6853229105224391,0.17615349661151244,0.43420008067426724,-0.15707102744343365,-0.3738212779856047,0.2619664925433893,0
234,2024-09-25 15:08:31.316895996,0,017,0.6888817522684256,0.12973571150251537,-0.7214743920470088,0.18142893872638038,0.43815269920588545,-0.1587482806642388,-0.2872602754982278,0.2883438992439195,0
235,2024-09-25 15:08:31.389141113,0,017,0.699581921342047,0.12401143088466215,-0.7663938016695693,0.18950953096200562,0.4334742740197305,-0.15833730175720112,-0.1671882118634133,0.30842373019463565,0
236,2024-09-25 15:08:31.456968994,0,017,0.7006352007905531,0.1177040523755485,-0.82250307900837,0.20103468329383614,0.4202582888350721,-0.15590043113549595,-0.019819153011399554,0.32179532482487605,0
237,2024-09-25 15:08:31.524770020,0,017,0.6918421561855372,0.11103145338984145,-0.8906697968364964,0.21619705544524334,0.3987744466160571,-0.15152271936918452,0.14648791733251768,0.32848018486414143,0
238,2024-09-25 15:08:32.453696045,0,017,0.6731806756859892,0.1042319903582564,-0.9703653571640564,0.23473761868936302,0.3694574640476026,-0.14529860807026476,0.3220430191356286,0.32885895659730807,0
239,2024-09-25 15:08:32.534832031,0,017,0.6449279737749547,0.09753368475079935,-1.0599212611017295,0.25598024180679946,0.3328878717408854,-0.13732188847748847,0.4968755307145151,0.3235717623673521,0
240,2024-09-25 15:08:32.592912109,0,017,0.6077415842262675,0.09112125026016558,-1.156803113560069,0.2789000007683769,0.28974346099542747,-0.12767035054816606,0.661829286503615,0.31341495955091614,0
241,2024-09-25 15:08:32.670438965,0,017,0.5626832445302294,0.08511421421529636,-1.2579626574255687,0.30223208351030034,0.24074118998333222,-0.11638411285409779,0.8094234574620435,0.2992583840713235,0
242,2024-09-25 15:08:32.738200928,0,017,0.5111902954350501,0.07956205784744508,-1.3603207538424176,0.32462162753651125,0.18662298262629673,-0.10345350248000482,0.9342402202553035,0.2820059906947335,0
243,2024-09-25 15:08:32.796854980,0,017,0.45499590422152975,0.07445264567764397,-1.4612906533396048,0.34478177589444803,0.1281990022490861,-0.08883192776358077,1.0327996041360747,0.2625977943400143,0
244,2024-09-25 15:08:32.871393799,0,017,0.395997727918114,0.06972962570659307,-1.5591585230684855,0.36160860848206466,0.06639688618587919,-0.07246834936532559,1.1031212825969667,0.24202027160979495,0
245,2024-09-25 15:08:33.817052002,0,017,0.33610757405892855,0.06531531630236641,-1.6531730853545414,0.3742300499855088,0.002271003348018027,-0.05434109028957129,1.1442330113790657,0.22129536371448963,0
246,2024-09-25 15:08:33.876012939,0,017,0.2771424838572221,0.06113076851821909,-1.743302611364931,0.38200824137391753,-0.06301496048130717,-0.03448353840238565,1.155755023630777,0.2014510507410295,0
247,2024-09-25 15:08:33.938056885,0,017,0.22077865819020911,0.05710481478654682,-1.8297456767332467,0.38452720143881824,-0.1282015582099779,-0.013003728483137444,1.1376002217552017,0.18349064682972807,0
248,2024-09-25 15:08:34.015364990,0,017,0.16853115062130153,0.05317360622014345,-1.9123774259051316,0.38158568335079157,-0.19194552231575182,0.009900902179046824,1.0898544054101418,0.16835399555375474,0
249,2024-09-25 15:08:34.077853027,0,017,0.12172950417576202,0.049278043178621146,-1.9903205105329438,0.3732012259570529,-0.25283574417284477,0.03393555045499847,1.0128751900434392,0.15685142548284262,0
250,2024-09-25 15:08:34.156018066,0,017,0.08150195488227237,0.04536129045941577,-2.0617423308221894,0.3596142067531625,-0.3093943145983946,0.05870723223417003,0.9075700250999738,0.14957647530917875,0
251,2024-09-25 15:08:34.223830078,0,017,0.048777792695307805,0.041363080014561945,-2.1238785022539393,0.3412702970308329,-0.36006846965617206,0.08373198780464033,0.7757978990356467,0.14682310946164623,0
252,2024-09-25 15:08:35.167145020,0,017,0.024278566793402657,0.037212468591724016,-2.1732681190249097,0.3187820902498333,-0.4032706517170617,0.10845472484218387,0.6207904819027021,0.14853625075752297,0
253,2024-09-25 15:08:35.235012939,0,017,0.00846310887833996,0.03282951766738642,-2.2062110344546646,0.29290291017951137,-0.43750230791542233,0.1322842503578247,0.4473789164711603,0.15432709098107203,0
254,2024-09-25 15:08:35.293387939,0,017,0.0014352369909122443,0.028143504042652392,-2.21942262894049,0.2645400788167279,-0.4615148104977269,0.15463648398116564,0.26184819884001903,0.163561532730635,0
255,2024-09-25 15:08:35.355873047,0,017,0.0028614264647983762,0.0231204898802326,-2.2107917095653415,0.23479820376000282,-0.47443017162087564,0.17497216776906116,0.07143003734598774,0.1754839374679337,0
256,2024-09-25 15:08:35.433548096,0,017,0.0119360656078026,0.017784727581833783,-2.1800679718104377,0.20500995771555058,-0.4757934249510527,0.19282025255084145,-0.11642057398311814,0.18932916213216847,0
257,2024-09-25 15:08:35.506131836,0,017,0.02740289330731868,0.012226039724362056,-2.129248115625544,0.17670467817151692,-0.465576650207839,0.20779031063725137,-0.2947998388536851,0.20441538756155603,0
258,2024-09-25 15:08:35.573918213,0,017,0.0476381360560565,0.006595795198337131,-2.0625201311389105,0.15150157362959146,-0.4441520535649448,0.21958399176192514,-0.4580421227309989,0.22023543495262646,0
259,2024-09-25 15:08:36.517215088,0,017,0.07080634845126264,0.0010945800805700395,-1.985838944012228,0.1309664161650746,-0.41223215177047756,0.22800916492990517,-0.6022095751450942,0.23653673885004378,0
260,2024-09-25 15:08:36.584280029,0,017,0.09506676314167814,-0.0040480622869577204,-1.9063170384481916,0.11647964737744151,-0.37078339534421756,0.23298972883683075,-0.7253038979002961,0.2533405979526016,0
261,2024-09-25 15:08:36.652826904,0,017,0.11875990738182561,-0.008597410530546284,-1.831578459653915,0.10913976534400521,-0.32094764592782604,0.2345646069096368,-0.827186343572428,0.27086007182316035,0
262,2024-09-25 15:08:36.720604004,0,017,0.140517138030424,-0.012332349697687803,-1.7691855527789206,0.10971331229712954,-0.2640052520767874,0.23287881197198448,-0.9092779667436718,0.2893331622231837,0
263,2024-09-25 15:08:36.788416016,0,017,0.15929996659750797,-0.015056063333022998,-1.7261762516137442,0.11862838257553716,-0.20136994391169202,0.22817165576862505,-0.9741406013814512,0.3088346076741213,0
264,2024-09-25 15:08:36.856197021,0,017,0.17440077674531826,-0.016603539432937766,-1.7086201617006087,0.13598354122978903,-0.1345738697894063,0.22076122224160422,-1.0250154636793138,0.32912504564090844,0
265,2024-09-25 15:08:36.924006104,0,017,0.1854130226690092,-0.016850709044454886,-1.7211109387162495,0.16154565917337876,-0.06522342824078171,0.2110234921112776,-1.065374585079564,0.3495656739296083,0
266,2024-09-25 15:08:37.826668945,0,017,0.19217829608045017,-0.01572482731730347,-1.7662609703035925,0.194730516936408,0.005055417009067031,0.19937090321764814,-1.0985086371064658,0.36910611315182146,0
267,2024-09-25 15:08:37.909533936,0,017,0.1947369852874502,-0.013213510400804174,-1.844315118646754,0.2345685571237893,0.07466370563488446,0.1862362954411689,-1.1271412662628142,0.38634363166245844,0
268,2024-09-25 15:08:37.973103027,0,017,0.1932987766937882,-0.009371436986546178,-1.9529544722220837,0.2796742793224617,0.1420706357399722,0.17206083868907818,-1.1530862426496955,0.3996498368266031,0
269,2024-09-25 15:08:38.045139893,0,017,0.18822443161858685,-0.00432380498722922,-2.0873157372360645,0.32825430793665183,0.2058516071641577,0.15728109209868957,-1.177019876456329,0.4073610115435461,0
270,2024-09-25 15:08:38.112955078,0,017,0.18000444870587018,0.0017378434175421022,-2.240207533711768,0.3781747576122979,0.2647115212305501,0.14231654891921908,-1.198454312421742,0.40801319908320155,0
271,2024-09-25 15:08:38.166752197,0,017,0.1692304269701582,0.008570886725744296,-2.4025324286956047,0.42708659818748923,0.3174896722987603,0.12756252475813185,-1.215969620346662,0.40057846693150345,0
272,2024-09-25 15:08:38.244432861,0,017,0.15656979537945018,0.015901869252109326,-2.5639320354418333,0.47258920048098235,0.3631698965326669,0.11338490808496446,-1.2276802653768824,0.38464766643317433,0
273,2024-09-25 15:08:39.192375977,0,017,0.14275398486914573,0.023441366086394865,-2.713523458706187,0.5123882241693493,0.40091905033632036,0.10010736945845934,-1.2317599812444082,0.3605135040851134,0
274,2024-09-25 15:08:39.245376221,0,017,0.12857133775702337,0.03089277811022615,-2.8405389216576054,0.5444145448657565,0.43013817417252165,0.0879921613075529,-1.2267602913980473,0.3291344975129153,0
275,2024-09-25 15:08:39.328068115,0,017,0.11485470622383405,0.03796199391313863,-2.934846340994428,0.5669157792369587,0.4504980282062741,0.07722631307451985,-1.211608011377261,0.2920043251620767,0
276,2024-09-25 15:08:39.383759033,0,017,0.10246671433105205,0.044369750574286125,-2.987417778694625,0.5785454202365593,0.4619625083312599,0.06791822122516754,-1.1854570972028537,0.2509847150792762,0
277,2024-09-25 15:08:39.462763184,0,017,0.09227530345157853,0.04986327343830567,-2.99074450698166,0.5784548086427442,0.4648132779078286,0.06009955081336126,-1.1476501148072948,0.20814911383317797,0
278,2024-09-25 15:08:39.531501953,0,017,0.08510011345007072,0.054226823843159785,-2.9391906646203503,0.5663830329841892,0.45966404816405576,0.05372946567545124,-1.0978420010644185,0.16564609313366518,0
279,2024-09-25 15:08:39.585814941,0,017,0.08163404268516901,0.057293150878331194,-2.829344323940517,0.5427342581961597,0.4474489811825017,0.048702658315501635,-1.036179041264347,0.12557068114503334,0
280,2024-09-25 15:08:40.518041992,0,017,0.08237154227187211,0.058953482343251463,-2.6603982698033257,0.5086191110422111,0.4293857063403774,0.0448601104894833,-0.9634539293731317,0.08983481003860863,0
281,2024-09-25 15:08:40.585884033,0,017,0.08755822647362604,0.05916128741427727,-2.434465933069982,0.46582785819620137,0.40690858762272625,0.04199977342917801,-0.8811994059453598,0.060036542885711815,0
282,2024-09-25 15:08:40.642002197,0,017,0.09714135606891373,0.05793147222551514,-2.1566589607001476,0.4167024883699119,0.38156181218491547,0.039888279840341566,-0.7916914340987231,0.03734433987357365,0
283,2024-09-25 15:08:40.721465088,0,017,0.11071130967648019,0.05534164242004602,-1.8348096119907928,0.3638964764647856,0.35486699139900024,0.0382770918878998,-0.6978690766460036,0.02243176534476261,0
284,2024-09-25 15:08:40.781656006,0,017,0.12746948384913095,0.05153557725489816,-1.478858918719748,0.31006145221376624,0.328203868874435,0.036923239158457265,-0.6031763885706966,0.015482894549618433,0
285,2024-09-25 15:08:40.857065918,0,017,0.14626386705830793,0.0467209733407256,-1.1000394808901937,0.25753853899430024,0.3027299059000517,0.035610577843139674,-0.511322612395879,0.016247836599439777,0
286,2024-09-25 15:08:40.920541992,0,017,0.16568992391604043,0.04115626161466944,-0.7100181549504287,0.20812917410809698,0.27933631900226685,0.03416628295911607,-0.4260468144196892,0.024117003864195966,0
287,2024-09-25 15:08:41.857756104,0,017,0.184229234480157,0.03512933577546012,-0.3201460499267806,0.16298987203364557,0.258633317722403,0.03246902035153446,-0.3510123825141378,0.03819894944183813,0
288,2024-09-25 15:08:41.934968018,0,017,0.20041458460138875,0.02893304762740316,0.059097618351810786,0.12265350472244617,0.2409747140956421,0.030447574867134015,-0.28980674790021277,0.05739578389506117,0
289,2024-09-25 15:08:41.997499023,0,017,0.21301178811593025,0.02283965608286592,0.4184740945175938,0.08714124016387532,0.22652949808529207,0.028070680952881854,-0.24587518958028085,0.08047798932467015,0
290,2024-09-25 15:08:42.060208984,0,017,0.2211723658707277,0.017077819204438932,0.750245015383681,0.05611054806278849,0.21537237616924668,0.025332093562856428,-0.22226102298290093,0.10616096541083157,0
291,2024-09-25 15:08:42.137511962,0,017,0.2244986330344226,0.01181974240882338,1.048397586196958,0.02898810380132719,0.20754499003816146,0.02223794518591492,-0.22118286496293227,0.13316621639850254,0
292,2024-09-25 15:08:42.199109131,0,017,0.22301303542663697,0.007182104309460741,1.308875441099551,0.005054978095214752,0.2030676086486484,0.018800509312647096,-0.24359488056415698,0.16024253551789763,0
293,2024-09-25 15:08:42.274364014,0,017,0.21707481689590785,0.0032346004900216554,1.529807481332575,-0.016517952785465313,0.20192049479455035,0.015034455742463253,-0.28886639464242075,0.1861490218230613,0
294,2024-09-25 15:08:43.216351074,0,017,0.20727142578105598,9.309829447889579e-06,1.711581067793889,-0.036644679138894194,0.20401589471175358,0.01094954885537784,-0.35461769037846796,0.20963181380335086,0
295,2024-09-25 15:08:43.285437988,0,017,0.19427699543146584,-0.002488313340717695,1.8565017691438663,-0.05624467781450102,0.20915977998390092,0.006542385350775373,-0.4366984857917945,0.22943147504936257,0
296,2024-09-25 15:08:43.343562988,0,017,0.17869778268842412,-0.004265859906133066,1.9679389692354428,-0.07607811256803247,0.21700310424895272,0.0017962763336922918,-0.5293633846043315,0.24434542424961414,0
297,2024-09-25 15:08:43.417691895,0,017,0.16097081247531378,-0.005334088082255853,2.049154800524779,-0.0965337955778283,0.22700416609335836,-0.0033084295267004783,-0.6257477401465207,0.25334879802735116,0
298,2024-09-25 15:08:43.480483154,0,017,0.14135301536510564,-0.0057077974437872835,2.102188809624371,-0.11745025138589466,0.23843039848801761,-0.008781393325692957,-0.7186778681718148,0.2557527212103265,0
299,2024-09-25 15:08:43.541524902,0,017,0.11996815533763837,-0.005416337650047529,2.127144865223846,-0.13804223950061364,0.2504059767530324,-0.014613516292767628,-0.8017179425622941,0.25136429026698687,0
300,2024-09-25 15:08:43.618252930,0,017,0.09686291853885602,-0.0045151514380428375,2.1220656359835393,-0.1569667901205254,0.2619834017243383,-0.020771041147875684,-0.8701935583139223,0.24060264042777457,0
301,2024-09-25 15:08:44.567753174,0,017,0.07205881201004034,-0.003090238976449607,2.083373139358028,-0.17251198188078654,0.2722184848310961,-0.02718945997542358,-0.9218395475831489,0.22451743654470516,0
302,2024-09-25 15:08:44.619999023,0,017,0.045610677227809315,-0.0012550489709630237,2.0066850748352536,-0.18284806213810761,0.280253574225744,-0.03377003160132352,-0.9568502443676906,0.20467834006882168,0
303,2024-09-25 15:08:44.698120117,0,017,0.017671797399339037,0.0008546304934073059,1.8877552701131821,-0.18627249362387727,0.28540795551978737,-0.040383506898140756,-0.9773846553663962,0.1829597411580172,0
304,2024-09-25 15:08:44.771190918,0,017,-0.011457251848418238,0.003084759014071829,1.723348649536332,-0.18141317834942544,0.2872303166708575,-0.04687791805659949,-0.9867791713865054,0.1612888141452844,0
305,2024-09-25 15:08:44.836885986,0,017,-0.04131432751585631,0.005268900558815646,1.5119659741831202,-0.16738678742867477,0.2854632207392615,-0.05308067032197478,-0.9887293104394512,0.1414227589093477,0
306,2024-09-25 15:08:44.906820068,0,017,-0.07128315334589869,0.00723891414684084,1.2543811148212085,-0.14390597856320725,0.2799366994615085,-0.05879144633563216,-0.9865757458757759,0.12478545548639462,0
307,2024-09-25 15:08:44.960556885,0,017,-0.10060335089596928,0.008839406906944817,0.9539386810121726,-0.11131257360626842,0.2704668022794904,-0.06377552260132702,-0.982762686009733,0.11236323954027526,0
308,2024-09-25 15:08:45.906097900,0,017,-0.12839922321658517,0.009943982008062081,0.6165322578251851,-0.07051918076254639,0.2568174988790561,-0.06776983785806515,-0.978599189262048,0.10466210292732171,0
309,2024-09-25 15:08:45.985616943,0,017,-0.15376468931977344,0.010475294271117855,0.2502186426768045,-0.02287258062376038,0.23873462527387468,-0.0705039419927029,-0.9744547809404348,0.10175061276665412,0
310,2024-09-25 15:08:46.053402832,0,017,-0.17590276247616413,0.010429379169489534,-0.13541666847147119,0.030011056925447765,0.21603882285453307,-0.07172970812028333,-0.9703044844158778,0.10340207367195245,0
311,2024-09-25 15:08:46.115470947,0,017,-0.19426227999255927,0.009893635620987285,-0.5298813392483883,0.08638257715890628,0.18875322239186773,-0.07125412303108919,-0.9662723730420737,0.10928674808386458,0
312,2024-09-25 15:08:46.183531982,0,017,-0.2086210656753001,0.00904420612524458,-0.9222248924780166,0.14445233782083247,0.15721607774257143,-0.06897011282978496,-0.962834329697009,0.11912114634895601,0
313,2024-09-25 15:08:46.244904053,0,017,-0.21911430090954195,0.008121725931059656,-1.301409889133278,0.20246965216946736,0.12212309857954076,-0.06487754623801283,-0.9606619673659804,0.13271825739640153,0
314,2024-09-25 15:08:46.323563965,0,017,-0.22621736274988874,0.007397021948921795,-1.6567623183785274,0.2588169497231574,0.084485169979813,-0.059086675506671356,-0.9603379614452972,0.14994685942743088,0
315,2024-09-25 15:08:47.267199951,0,017,-0.23067214982466527,0.007135882848912029,-1.978487391543679,0.31210345055633054,0.04553717768669348,-0.05180338493791866,-0.9620752504986193,0.1706306613226951,0
316,2024-09-25 15:08:47.335739990,0,017,-0.23336339313777252,0.007564832930076593,-2.2581205433348455,0.3612167554525541,0.006641218884296754,-0.04330523880451094,-0.9653805174207184,0.19441706710049814,0
317,2024-09-25 15:08:47.403502930,0,017,-0.23519463855389744,0.008842103175651402,-2.4888067863065273,0.4053065102763984,-0.030809412538161628,-0.03391861506264674,-0.9686891635350205,0.22066069271068361,0
318,2024-09-25 15:08:47.467327881,0,017,-0.2370134286024793,0.011043941341678118,-2.6653885351937197,0.44371526119155574,-0.06550590190996426,-0.023997377948289093,-0.9692388790843225,0.248384234016679,0
319,2024-09-25 15:08:47.539093018,0,017,-0.2395851223319367,0.014171467081438616,-2.7844251266585722,0.4759093944580937,-0.09635551583223383,-0.013897802645263215,-0.963397155760165,0.27635087027597177,0
320,2024-09-25 15:08:47.591373047,0,017,-0.24357401085935218,0.01816957591461479,-2.8443453132161514,0.5014659531475324,-0.12258973092085791,-0.003951553822343997,-0.9473027967957829,0.3032109469087411,0
321,2024-09-25 15:08:47.668031006,0,017,-0.24949963168136924,0.02294359442332479,-2.8457926236721884,0.5201297315461215,-0.14382113234338412,0.005556682225546524,-0.9174791181146359,0.3276442227655591,0
322,2024-09-25 15:08:48.592122070,0,017,-0.2576741199584778,0.02836749090792723,-2.7919744082096076,0.5319043409047451,-0.16005753789782357,0.014406233698924634,-0.871199121268084,0.348443073598297,0
323,2024-09-25 15:08:48.659969971,0,017,-0.26814106113694597,0.03428673816509473,-2.6887111431627804,0.5371178047581125,-0.17167942782306284,0.02245360308044941,-0.80658193050484,0.36453069198711485,0
324,2024-09-25 15:08:48.726406006,0,017,-0.2806244966810202,0.04051910848999003,-2.5439877869537253,0.536413151703448,-0.17935875855848965,0.029635315806501035,-0.7225241802404255,0.3749410464959407,0
325,2024-09-25 15:08:48.795617188,0,017,-0.2945057185121692,0.04685392582934064,-2.3670667559292506,0.5306545701328519,-0.18391393280189783,0.035951483177517875,-0.6186065537255891,0.37879240680085324,0
326,2024-09-25 15:08:48.863428955,0,017,-0.3088674098156375,0.053052555760330404,-2.167470247786248,0.5207895984690406,-0.18615464876995053,0.041433470438186494,-0.49503525777706997,0.37527459797505147,0
327,2024-09-25 15:08:48.927252930,0,017,-0.32261853059733253,0.05885598174647378,-1.9541488719616096,0.5077214907597627,-0.18678334614147785,0.04611161272104407,-0.35259111243318525,0.3636671227910928,0
328,2024-09-25 15:08:48.989553955,0,017,-0.3346498020008983,0.064000915130105,-1.734916705706843,0.4922163657636124,-0.18635865453112735,0.049994325045293254,-0.19258905090752756,0.34340579319679937,0
329,2024-09-25 15:08:49.931662109,0,017,-0.34395201141804915,0.06823682593306248,-1.5160517425562718,0.4748401608383189,-0.18527748917017672,0.05305711030561587,-0.016887909589672494,0.31419394069834006,0
330,2024-09-25 15:08:49.994146973,0,017,-0.3496842337693817,0.07133600858403069,-1.301996274844838,0.4559147410668867,-0.18375230089898198,0.0552372969561834,0.17205863072485406,0.276126194019285,0
331,2024-09-25 15:08:50.075527832,0,017,-0.35123135156574076,0.07310002804572485,-1.0951899657589932,0.4354933569161945,-0.18179420996913614,0.056435049919664346,0.37116775978298,0.2297875156742937,0
332,2024-09-25 15:08:50.133979980,0,017,-0.34826910556885915,0.07337180445731556,-0.8961200703361446,0.4133733205018567,-0.17921264934300482,0.056522236971621044,0.5767935550291751,0.17629218734661808,0
333,2024-09-25 15:08:50.212872070,0,017,-0.340799622284356,0.07205244295860641,-0.7037060844580096,0.3891723817692832,-0.1756326334845421,0.055358595012746675,0.7849848908128985,0.11722355615900358,0
334,2024-09-25 15:08:50.273482178,0,017,-0.32911996796815435,0.06910996165605708,-0.5160799775583101,0.3624791173693228,-0.17053902531234957,0.0528132843909545,0.9919063519206754,0.054461682273048005,0
335,2024-09-25 15:08:50.348517822,0,017,-0.31373633909451065,0.0645711528625291,-0.3316264079409725,0.3330550141330311,-0.16336144061091262,0.04878951078854468,1.194193136093507,-0.010044106258124037,0
336,2024-09-25 15:08:51.285770996,0,017,-0.29525896206186114,0.058502212080549544,-0.14997820648492327,0.3010329545668053,-0.15358095688094686,0.04324834926271858,1.3890069697328233,-0.07445731398475491,0
337,2024-09-25 15:08:51.348256104,0,017,-0.27429867123571017,0.05098996518681749,0.027328119369000762,0.26703716170346786,-0.14079983024425538,0.03622422661841347,1.5737922091998033,-0.1371357345355424,0
338,2024-09-25 15:08:51.426363037,0,017,-0.2513865880158864,0.042130442791771534,0.1966887094483371,0.2321710931881622,-0.12474182156603429,0.027824386146859312,1.745904006434531,-0.19663595450892865,0
339,2024-09-25 15:08:51.489073975,0,017,-0.2269482947574816,0.03202676599169279,0.35273631069511807,0.19788164485525542,-0.10522998326641218,0.018213694944013238,1.9022384120256082,-0.2516854784803784,0
340,2024-09-25 15:08:51.562899902,0,017,-0.20133957988790976,0.02079757249729832,0.48898750755349335,0.16575237918868008,-0.08221035862988006,0.00759641847024964,2.0389031448344546,-0.30114080759096973,0
341,2024-09-25 15:08:51.630742920,0,017,-0.17490636601704462,0.008594298404371505,0.5987322972037052,0.13727527316183213,-0.055824007753009205,-0.0037945947129385425,2.151001293872861,-0.3439438731732566,0
342,2024-09-25 15:08:51.694506835,0,017,-0.14802628058389986,-0.004379948593867224,0.6760762198963586,0.11363633025132701,-0.026476054097982843,-0.015701232814563672,2.2326997544646536,-0.37910517630459467,0
343,2024-09-25 15:08:52.641742920,0,017,-0.12113023248060001,-0.01785924555367843,0.7169304798803325,0.09555094910177407,0.005130273915332964,-0.027842570832516962,2.2777129392060327,-0.4057326231067578,0
344,2024-09-25 15:08:52.709521973,0,017,-0.09473012467557966,-0.03151601643217176,0.7196488990097581,0.08318638193247535,0.03798916973408474,-0.03992091626063429,2.280084616271775,-0.4230858394433766,0
345,2024-09-25 15:08:52.763625977,0,017,-0.06945775744773253,-0.04497218905053746,0.6851427343282364,0.07618689887725864,0.07081247456119605,-0.05163076247650253,2.234972014150776,-0.4306201084758916,0
346,2024-09-25 15:08:52.841810059,0,017,-0.04607758474581558,-0.057818754605827,0.6165872713227335,0.0737712804314599,0.1020932864714951,-0.06266947664606905,2.1393049836116593,-0.428024357649978,0
347,2024-09-25 15:08:52.912988037,0,017,-0.025424502779929137,-0.06964883703635001,0.5189466457322753,0.07485229525056519,0.1302294731660496,-0.0727516544609099,1.9924269565138089,-0.415293602393056,0
348,2024-09-25 15:08:52.979656982,0,017,-0.008267594252526036,-0.08010586629116648,0.3984123203574351,0.07816172431385586,0.15367922813527268,-0.08162705359694707,1.7966751980982483,-0.392831775947652,0
349,2024-09-25 15:08:53.048605957,0,017,0.004832216292030486,-0.0889327961085147,0.26176686240959035,0.08238865848308906,0.1710900671896261,-0.08909530967712398,1.5575989996747215,-0.36151364277603576,0
350,2024-09-25 15:08:53.982711182,0,017,0.013604879282371302,-0.09600192227679577,0.11578388963695076,0.08631009134925399,0.1813744228044606,-0.09501061737597956,1.2836466057113352,-0.3226542530467813,0
351,2024-09-25 15:08:54.044295166,0,017,0.01809183065159445,-0.10131748965232183,-0.033160934889818264,0.0888734747928694,0.1837502631643841,-0.09927750877154945,0.9854325582292701,-0.2779015026626393,0
352,2024-09-25 15:08:54.122404053,0,017,0.018632808170604774,-0.10499716407323291,-0.17919159569466905,0.08922331349691016,0.17776563528691244,-0.10184375265477356,0.6747534638978118,-0.2290896524534061,0
353,2024-09-25 15:08:54.185170898,0,017,0.015827751772370117,-0.10723996320055967,-0.31680222527316954,0.08669372263871591,0.16330723140992465,-0.10269386754703841,0.36353053452253337,-0.17808682728017503,0
354,2024-09-25 15:08:54.262363037,0,017,0.010474311897247835,-0.10828661727415562,-0.44064421143003624,0.0807834429710954,0.14059480186460255,-0.10184307993475823,0.06290404698262132,-0.12666600371277079,0
355,2024-09-25 15:08:54.330866211,0,017,0.0034965277795550643,-0.10838186129491481,-0.5454184049613925,0.07112304031406733,0.1101735157289761,-0.09933191030504852,-0.21741135067833842,-0.07640953987968858,0
356,2024-09-25 15:08:54.398739990,0,017,-0.004121001718686666,-0.10774935010066294,-0.6259778108077007,0.057445634031822186,0.07290826742440676,-0.09522305119861768,-0.4695918886201503,-0.028632455187789826,0
357,2024-09-25 15:08:55.317729004,0,017,-0.011398179947816734,-0.10658204586943182,-0.6775824531711668,0.039565930191145335,0.029964172461248273,-0.08960007339893325,-0.6880977427928131,0.01569143827968944,0
358,2024-09-25 15:08:55.371537842,0,017,-0.017431263582879445,-0.1050397993711179,-0.6961986302992924,0.01737452110493858,-0.017242069424288794,-0.08256472474833779,-0.8699746590779646,0.055987126174444436,0
359,2024-09-25 15:08:55.448718018,0,017,-0.0214610524201961,-0.10324339955961015,-0.6788575561276804,-0.00912370124499581,-0.06710980834794386,-0.07423268415301847,-1.0149351600129783,0.09208133906609452,0
360,2024-09-25 15:08:55.510737793,0,017,-0.022913948973777777,-0.10126435098023027,-0.6241766751641683,-0.03969963231088422,-0.11791766539678183,-0.06473329175732385,-1.1251364953822907,0.12414073415358926,0
361,2024-09-25 15:08:55.588845947,0,017,-0.021402204625124176,-0.09911885142946991,-0.5330108955162685,-0.07374447415498828,-0.1678761239850242,-0.05421638534004589,-1.2047216631834223,0.15258444485471323,0
362,2024-09-25 15:08:55.650918945,0,017,-0.01669389917530824,-0.09677043069160494,-0.4089397537010055,-0.11015707379442949,-0.21517882329515153,-0.04286063308268973,-1.259223244713616,0.17800051311499782,0
363,2024-09-25 15:08:55.724610107,0,017,-0.008673748190729509,-0.09413758436294456,-0.2582086019950593,-0.1473693585386237,-0.25805515973221255,-0.030876283233918857,-1.2948329877696363,0.20104802765143998,0
364,2024-09-25 15:08:56.667396973,0,017,0.002698471820255672,-0.09110502871251508,-0.0890040822761723,-0.18353620059523387,-0.2948174618088412,-0.018503004786324714,-1.3175247673963102,0.22232246604271144,0
365,2024-09-25 15:08:56.735232178,0,017,0.01743599967159874,-0.08754365087390804,0.0896569594770361,-0.21682118661863478,-0.3238995827667613,-0.00600824343636839,-1.3321301034355946,0.24219822714387063,0
366,2024-09-25 15:08:56.800951904,0,017,0.035570085920813205,-0.08333971201730735,0.26900570548980457,-0.24566865543616756,-0.3438979005454902,0.0063139629322150025,-1.3415833352427438,0.2606908785363338,0
367,2024-09-25 15:08:56.870801025,0,017,0.0571703415267003,-0.0784230703621896,0.4413341302937647,-0.268986969805533,-0.3536296098432283,0.018150942789973593,-1.3465871250529537,0.27738913267659276,0
368,2024-09-25 15:08:56.925081055,0,017,0.08233280960405949,-0.0727840917554245,0.6005204207077341,-0.2862215302189226,-0.35219333314667034,0.029187560434304663,-1.345817483050005,0.29148612295578036,0
369,2024-09-25 15:08:57.006445801,0,017,0.111142981487999,-0.0664785586565681,0.7422510274102295,-0.2973206069298368,-0.33899191988495525,0.0391190208852315,-1.3365459731022777,0.3018978021864604,0
370,2024-09-25 15:08:57.065489014,0,017,0.14361372257205743,-0.059623352026171535,0.8638655580609064,-0.30261650264293494,-0.31371266968541434,0.04765182535422489,-1.3154347566624753,0.30743288243151656,0
371,2024-09-25 15:08:58.010312988,0,017,0.1795975382081433,-0.05238189671342842,0.9638738549810513,-0.3026814564149774,-0.27630955787254485,0.05450209098626979,-1.2793282797573278,0.3069851355866426,0
372,2024-09-25 15:08:58.071864990,0,017,0.21870286038302245,-0.044941246204185506,1.0414051448044477,-0.298225777053891,-0.2270199702721676,0.05940584724988509,-1.2259380454521878,0.29972128440045126,0
373,2024-09-25 15:08:58.149577881,0,017,0.26026144643004523,-0.037491673461665806,1.0958640562864004,-0.2900567417399867,-0.1664049811178062,0.06214223110100433,-1.1542905304500335,0.2852208014192515,0
374,2024-09-25 15:08:58.220917969,0,017,0.30335619915575046,-0.03021809472162099,1.1268646270589262,-0.27906339794956164,-0.09538972763142829,0.06255731902867603,-1.064850474753917,0.26352763916881167,0
375,2024-09-25 15:08:58.288734863,0,017,0.346875640008754,-0.023299375711867618,1.1343100531689125,-0.2661788544587698,-0.01529039289607829,0.06057748629263004,-0.9594246111930215,0.23512517056018917,0
376,2024-09-25 15:08:58.355565918,0,017,0.3895774213782605,-0.016905793914860287,1.1184445228664337,-0.2522946094507477,0.07218732151787956,0.05621016810320154,-0.8410302877783329,0.20088529094609042,0
377,2024-09-25 15:08:58.412982910,0,017,0.4301788451725006,-0.011193173656621837,1.0797955820383391,-0.23814647808213987,0.1649997204343831,0.04953453919435112,-0.7137752859448857,0.16202177845545082,0
378,2024-09-25 15:08:59.342541992,0,017,0.4674753193828993,-0.006298279226145711,1.0190426044313687,-0.22422170366223632,0.2608683577748688,0.040686432012212996,-0.5827151034041436,0.12004543570348034,0
379,2024-09-25 15:08:59.401561035,0,017,0.5004482954310833,-0.0023355889937824665,0.9369351032131847,-0.2107250081912522,0.35740154418347764,0.02984625227292076,-0.4537010405004643,0.07671517260780213,0
380,2024-09-25 15:08:59.471165039,0,017,0.5283345178337031,0.0006082050645822443,0.8343899261993621,-0.19761432889597694,0.4522022181639348,0.01723744795676738,-0.33322097947414847,0.03398025612611414,0
381,2024-09-25 15:08:59.541356934,0,017,0.5506660628816448,0.0024820430527142494,0.7127953596104767,-0.1846971008641803,0.5429663542466994,0.003132316479915137,-0.22817500095773224,-0.006096477488118603,0
382,2024-09-25 15:08:59.603395020,0,017,0.5672895220613177,0.0032773979361198765,0.5744131694413681,-0.1717578661279646,0.6275808155643756,-0.01214404978998421,-0.14553074828878673,-0.04144078680807324,0
383,2024-09-25 15:08:59.681606934,0,017,0.5783458254996376,0.003032777328734287,0.42267052192740373,-0.15867595438877474,0.7041955821447161,-0.0282148368046664,-0.09185032404049583,-0.07009224807181795,0
384,2024-09-25 15:08:59.740349121,0,017,0.5841983276560905,0.0018359734203257968,0.2621810466718386,-0.14550181421943909,0.771243516201968,-0.044655289040434795,-0.07270060554243797,-0.09035175126188268,0
385,2024-09-25 15:09:00.692616943,0,017,0.5853328801313223,-0.00017834296430546836,0.09852789471445544,-0.13247635174512407,0.827427817952153,-0.06100062090382744,-0.09195188114898437,-0.10095438154932242,0
386,2024-09-25 15:09:00.760464111,0,017,0.5822619268844735,-0.0028392949047434716,-0.06207184496321599,-0.11998834230059681,0.8717166898800656,-0.07676251628424065,-0.15102524676070783,-0.1012515359462431,0
387,2024-09-25 15:09:00.828284912,0,017,0.5754383356626009,-0.005957095925330932,-0.21318580893628467,-0.1084870564425039,0.9033472713791018,-0.0914528324880114,-0.24826583740446154,-0.09134837291185516,0
388,2024-09-25 15:09:00.896069092,0,017,0.5651801435839362,-0.009339308818252672,-0.3486871783838691,-0.09838340241879065,0.9218226822031943,-0.10460859891555126,-0.3786469840705315,-0.07213526848990395,0
389,2024-09-25 15:09:00.952537109,0,017,0.5516343411474947,-0.012801243485196243,-0.46339147724694657,-0.0899529615722966,0.9269167322438422,-0.11581690531263959,-0.533903467672233,-0.04519552917681693,0
390,2024-09-25 15:09:01.028791016,0,017,0.5348074450356698,-0.01617480848346518,-0.5537529966703623,-0.08324042732069052,0.9187064332452266,-0.1247411951397575,-0.7030496374070009,-0.012625723025711794,0
391,2024-09-25 15:09:01.099456055,0,017,0.514641496666221,-0.01932099769253414,-0.6183762488627272,-0.07799572182747473,0.8976095754339142,-0.1311446650227257,-0.8731567766695131,0.02317403682999034,0
392,2024-09-25 15:09:02.042729980,0,017,0.4910793563811222,-0.022141235892043372,-0.6580363422279796,-0.07369167211580058,0.8643842490012577,-0.13490195086167325,-1.0302984746538093,0.05970528785536722,0
393,2024-09-25 15:09:02.109639893,0,017,0.4640950410265677,-0.02457932859111991,-0.6751963082919186,-0.06962802155200455,0.8200808549069846,-0.13599577230661636,-1.160625489311741,0.09457156748597285,0
394,2024-09-25 15:09:02.170710938,0,017,0.4337102207938424,-0.02661525019287467,-0.673349434251541,-0.06506127343437654,0.7659727472019526,-0.13450387057248242,-1.2514333710340688,0.12566507747011288,0
395,2024-09-25 15:09:02.232778076,0,017,0.4000070503955735,-0.028257768536870047,-0.6565038674277514,-0.059291824388252944,0.7034902313655161,-0.13058308210443445,-1.291982904227414,0.1512926321672249,0
396,2024-09-25 15:09:02.310058105,0,017,0.36312361170511664,-0.02953734752495342,-0.6288714024115007,-0.05169516858522927,0.6341681865891944,-0.12445325744957601,-1.274006913282934,0.17020367251339963,0
397,2024-09-25 15:09:02.372062012,0,017,0.32324306635908445,-0.030496259994244785,-0.594629625120991,-0.04173778334860427,0.5596118718570688,-0.1163812345298956,-1.192106190095064,0.18154454914447193,0
398,2024-09-25 15:09:02.434042969,0,017,0.28061026527661964,-0.031174990964588256,-0.5576309098381608,-0.02901463048567246,0.481480447007124,-0.10666588264581983,-1.0442189155781862,0.18479693685311596,0
399,2024-09-25 15:09:03.392796875,0,017,0.23557191713245285,-0.031596611328149046,-0.5211152142402118,-0.013295567004483217,0.4014817106819556,-0.09562637351561498,-0.8321202304217017,0.1797409488762689,0
400,2024-09-25 15:09:03.451596924,0,017,0.18859144684725204,-0.03175115509399225,-0.487624581875206,0.005464622656114781,0.321361800831129,-0.08359327402369746,-0.5617834339525349,0.1664570011760083,0
401,2024-09-25 15:09:03.513625977,0,017,0.14021058085595958,-0.03158203716974115,-0.45916315667960356,0.02717010747855479,0.2428586426969177,-0.0708959991943226,-0.24344009086380397,0.1453585701430953,0
402,2024-09-25 15:09:03.591281982,0,017,0.09099509148622453,-0.03097864082240609,-0.4373537400904713,0.05163927228039368,0.1675943444721111,-0.057839385064594184,0.10877046036548943,0.11723053182770678,0
403,2024-09-25 15:09:03.654718994,0,017,0.04152646870214533,-0.029781835651252534,-0.42332229944694266,0.07860779847210676,0.09692363485776938,-0.04467246427009537,0.47754908175389954,0.08324864327763622,0
404,2024-09-25 15:09:03.730817139,0,017,-0.007553708950959496,-0.027804413956424415,-0.417323369416506,0.10765908268167074,0.03178750255954302,-0.03156265889573374,0.8434710927167862,0.04496500116422758,0
405,2024-09-25 15:09:03.799572998,0,017,-0.055507563236239954,-0.024856410873345013,-0.4183174465854261,0.13811296829993544,-0.027396289617713128,-0.01858400010392137,1.1862370072935267,0.004251279527778448,0
406,2024-09-25 15:09:04.738818848,0,017,-0.10152430740366677,-0.020761080651067392,-0.423638537980912,0.16891361106993574,-0.08079679248249365,-0.005716537643684525,1.486099529235137,-0.03679291089677592,0
407,2024-09-25 15:09:04.810725830,0,017,-0.14478469899736873,-0.01535812207622836,-0.42879104342405444,0.19855197168463287,-0.12915712880172717,0.007145216131315235,1.7253349102735738,-0.07594918609407329,0
408,2024-09-25 15:09:04.878349121,0,017,-0.1845161911088259,-0.008503058141394576,-0.42751066521642245,0.22507570320205364,-0.17365917481185048,0.020168239266995184,1.889560447046805,-0.11100124489669033,0
409,2024-09-25 15:09:04.940385986,0,017,-0.22002466340409632,-7.15173156950729e-05,-0.4123080686404575,0.24624363874550959,-0.21567657233408288,0.03353913613314396,1.9687010480484546,-0.1398660392829813,0
410,2024-09-25 15:09:05.014059082,0,017,-0.25072398676366164,0.010032588496283943,-0.37552476977716176,0.2598251812281213,-0.25651061128937425,0.047418893436045204,1.9574296755503804,-0.16071826947763246,0
411,2024-09-25 15:09:05.078864990,0,017,-0.27617158751883225,0.021871925697712725,-0.3106738219826227,0.2639713329155004,-0.2972095156614598,0.06191377614784174,1.8550632165953271,-0.1720919484842394,0
412,2024-09-25 15:09:05.141789062,0,017,-0.29608750522906974,0.03547455076085025,-0.2137877122556912,0.257562830612071,-0.33849794262893335,0.0770676747715432,1.6651321391427616,-0.1729645601673652,0
413,2024-09-25 15:09:06.056960205,0,017,-0.31033862660996586,0.050828267509571604,-0.08448995764945982,0.24045607053233753,-0.380783626876337,0.09286638622147363,1.3948708073130796,-0.162832683804547,0
414,2024-09-25 15:09:06.134739014,0,017,-0.31890885340673286,0.0678649273679064,0.07355508695408623,0.21357032815275281,-0.42420950968251236,0.10924410126206696,1.054707140544235,-0.14177170046360024,0
415,2024-09-25 15:09:06.197127197,0,017,-0.32189072937027585,0.08644055634279837,0.25299531515674717,0.17880626554295959,-0.4687350890747234,0.1260897757621271,0.6577235879091539,-0.11046608013617841,0
416,2024-09-25 15:09:06.258714844,0,017,-0.31950224205356176,0.10632010928346908,0.4437478530332529,0.1388381974306809,-0.5142126221305043,0.14325212932729875,0.2190721273531504,-0.07020417652623527,0
417,2024-09-25 15:09:06.335910156,0,017,-0.3121128901069728,0.12716996315620335,0.6342130994226646,0.096832537542848,-0.5604175880216409,0.16053948966599357,-0.24464701764122607,-0.02283508215190817,0
418,2024-09-25 15:09:06.406949951,0,017,-0.300283180624835,0.14856025689179658,0.8125570849795667,0.05612249237054344,-0.6070415143386564,0.1777154063380721,-0.7160277355394676,0.029323028108319805,0
419,2024-09-25 15:09:06.460040039,0,017,-0.28482681179901465,0.1699813267896052,0.9679781584854715,0.019859708783139047,-0.6536870623088171,0.19449805653031313,-1.1775067364959158,0.08363759427966322,0
420,2024-09-25 15:09:07.417375000,0,017,-0.26687156850858357,0.190873929037052,1.0918211646201328,-0.009324034282984502,-0.6998709683437416,0.210570282141834,-1.6120429458520922,0.13737853301890512,0
421,2024-09-25 15:09:07.485465088,0,017,-0.24787515022310316,0.21066518957316405,1.1783670392172458,-0.02959636834676427,-0.745013058019266,0.2256000613263103,-2.003914586740591,0.18797285523074794,0
422,2024-09-25 15:09:07.553250000,0,017,-0.2295734449550967,0.22880098009600386,1.225191884936254,-0.04009446715329157,-0.7884213750158542,0.23926648944477943,-2.3396550086493,0.23325715638596636,0
423,2024-09-25 15:09:07.620292969,0,017,-0.2138697311508907,0.24477209009717346,1.2330791022167815,-0.04094888721743961,-0.8293208133285397,0.25128636550792166,-2.6089677056720313,0.2716873978906565,0
424,2024-09-25 15:09:07.680355957,0,017,-0.20268740278679506,0.2581384526402669,1.2055194923834864,-0.03315469461841395,-0.866949132414366,0.2614374109104494,-2.805413129809552,0.30247726899627314,0
425,2024-09-25 15:09:07.741493896,0,017,-0.1978096508978088,0.26855358067460794,1.1479086083443102,-0.01833648866581271,-0.9006830371084945,0.26957256027564347,-2.926755872593388,0.3256419674473706,0
426,2024-09-25 15:09:07.819125977,0,017,-0.20073132586233997,0.2757835742838032,1.0666342019343598,0.0015081218330726418,-0.9301360712030164,0.275619430104351,-2.97489683534309,0.3419215020215437,0
427,2024-09-25 15:09:08.764906982,0,017,-0.21254900597534782,0.27971416830147916,0.9682490265204174,0.02422331922630032,-0.955202644751652,0.2795650765678816,-2.9553401035001463,0.35257977504342897,0
428,2024-09-25 15:09:08.827056885,0,017,-0.2338926024583663,0.28034508371009054,0.8588761297411884,0.047653722283031434,-0.9760552157414168,0.28143413655684324,-2.8762966690746565,0.3591221107543706,0
429,2024-09-25 15:09:08.902123047,0,017,-0.2648740695917825,0.27777387430667905,0.7439133277262789,0.06976241737892963,-0.9931092501659589,0.28126965870855747,-2.7476852917619032,0.36300124581583376,0
430,2024-09-25 15:09:08.969912109,0,017,-0.30504940721868756,0.27217275240944855,0.6279531687534115,0.08873465755381965,-1.0069712927312315,0.2791218564993011,-2.5802721191141664,0.3653739803730299,0
431,2024-09-25 15:09:09.027870117,0,017,-0.3534280582262597,0.26376476029385243,0.5147315514891442,0.10308576250641707,-1.0183870823028218,0.2750476255130157,-2.3850022788459464,0.36693836387942297,0
432,2024-09-25 15:09:09.105500977,0,017,-0.40853634725471977,0.25280311916023085,0.40701392117015867,0.11176557870266465,-1.028194068186745,0.2691203291956695,-2.1724295047305113,0.3678510655686951,0
433,2024-09-25 15:09:09.173286865,0,017,-0.4684864839583449,0.23955018119062851,0.3064908773492738,0.11423523078309188,-1.0372627683152131,0.26144224014167244,-1.9522212147151494,0.3677291624738647,0
434,2024-09-25 15:09:10.086718994,0,017,-0.5310275110449493,0.22425441296127202,0.2137544650243786,0.11050250225617378,-1.0464175913258238,0.252150670654692,-1.732846738573193,0.36575775092871754,0
435,2024-09-25 15:09:10.160010010,0,017,-0.5936294306429855,0.2071359366014725,0.1283696714579318,0.10111171405477545,-1.0563519446933576,0.24141680535351925,-1.5215079582619842,0.3609003243248587,0
436,2024-09-25 15:09:10.225524902,0,017,-0.653653304560505,0.18839381170805297,0.049144970942709136,0.08706953637459668,-1.0675499178707617,0.22944041132315057,-1.324216981702507,0.35215146785176676,0
437,2024-09-25 15:09:10.295577148,0,017,-0.70858321532312,0.1682332056528951,-0.02524775460543512,0.06968767970360486,-1.0802112125114685,0.21644038912062025,-1.1458397420792412,0.33874655693693345,0
438,2024-09-25 15:09:10.363392090,0,017,-0.7562398060547632,0.14689523282769976,-0.09540235836334844,0.05036985564215708,-1.0941910940232358,0.20264322304332075,-0.989951081944596,0.3202779111175789,0
439,2024-09-25 15:09:10.431187988,0,017,-0.7949108997277008,0.12467475447672663,-0.16047909256840698,0.03041607972162354,-1.1089824650214184,0.18827732805626973,-0.8584863502586976,0.29671936524549214,0
440,2024-09-25 15:09:10.487467041,0,017,-0.8233983535654613,0.10192578538014314,-0.21808701533285782,0.010907055515356184,-1.1237457405522306,0.1735768331063964,-0.7513752328785682,0.268390860492959,0
441,2024-09-25 15:09:11.440717041,0,017,-0.8410292667022762,0.07905969057959751,-0.264806403821304,-0.0073153219401979695,-1.1373756846067973,0.15878726656501455,-0.6664313342078675,0.23590050873855767,0
442,2024-09-25 15:09:11.503588867,0,017,-0.8476658455666222,0.056534967470456214,-0.2970807998521775,-0.023596323941893975,-1.1486038388961544,0.14416413924344357,-0.5996124576499269,0.2000877389952981,0
443,2024-09-25 15:09:11.564717041,0,017,-0.8437036209610184,0.034836065331150405,-0.31212138107427917,-0.037396139810970494,-1.1561311461986403,0.12996448727328855,-0.5455167381384018,0.1619674372718862,0
444,2024-09-25 15:09:11.641933838,0,017,-0.8300327164300039,0.014445337825491227,-0.3085281850749862,-0.04825223435735404,-1.158763898473603,0.11643684533200822,-0.4979288635409545,0.12267093000184544,0
445,2024-09-25 15:09:11.713586182,0,017,-0.8079528782651527,-0.004187364345166037,-0.28644994122452744,-0.05580463573497121,-1.1555199923653214,0.10380968966705445,-0.45035854961451754,0.08339374242520305,0
446,2024-09-25 15:09:11.781097900,0,017,-0.7790540906780281,-0.020677261614995925,-0.2473221846106532,-0.05986369081356615,-1.1456919584052292,0.09227323258093009,-0.3965933324589096,0.045359640991651094,0
447,2024-09-25 15:09:11.843144043,0,017,-0.7450860613801855,-0.03473549148255258,-0.193439555757758,-0.060463057182519146,-1.1288803351925223,0.08195651195079369,-0.33128548782193656,0.009798242036136369,0
448,2024-09-25 15:09:12.786340088,0,017,-0.7078328223318796,-0.04618769258777272,-0.12759199827792586,-0.05785359006485873,-1.1050132804459323,0.07291177422457962,-0.25054672389885874,-0.02207377455114201,0
449,2024-09-25 15:09:12.860218018,0,017,-0.6689937553807425,-0.054973994238476424,-0.0528081391197761,-0.05244726570252593,-1.074343243470677,0.06511489879711574,-0.15242483472148202,-0.049088869485868,0
450,2024-09-25 15:09:12.928002197,0,017,-0.6300701464521435,-0.06113662750122056,0.02779993234828021,-0.04475015983124257,-1.0374015476672254,0.05847747862445129,-0.03706855712011735,-0.07021400468171438,0
451,2024-09-25 15:09:12.995808105,0,017,-0.5922729718723397,-0.06480547906825039,0.111069521834187,-0.03530763105977637,-0.9949160546274238,0.05285979282594609,0.09353685109757937,-0.08469949510387609,0
452,2024-09-25 15:09:13.049405029,0,017,-0.5564819762222235,-0.066183022875999,0.19378204296019277,-0.02466979741695086,-0.9477229875252572,0.04808052873101771,0.2361763956528121,-0.09225842343814063,0
453,2024-09-25 15:09:13.130709961,0,017,-0.5232617590622336,-0.06552541830049917,0.27279020549195065,-0.013386398833007384,-0.8966996191198416,0.04392743968592912,0.3871056291492156,-0.09321026528532321,0
454,2024-09-25 15:09:13.188218018,0,017,-0.4928975178293905,-0.06312351600549962,0.34533940809541,-0.0020311777499737657,-0.8427180867268048,0.04017108780109072,0.5425973537182056,-0.08853421254255937,0
455,2024-09-25 15:09:14.142486084,0,017,-0.4654193760917434,-0.05928997102566221,0.40947714264149043,0.008762427549302376,-0.7866059572998785,0.03657751917029874,0.6991963430148247,-0.07981469193636802,0
456,2024-09-25 15:09:14.210336914,0,017,-0.4406286858280393,-0.05435080771039721,0.46439245783104394,0.018277551590420604,-0.7291071131349871,0.03291691835783345,0.8537092433438033,-0.06910024571932553,0
457,2024-09-25 15:09:14.278177002,0,017,-0.4181452181712106,-0.048636181940491574,0.5106065091839478,0.02570946150022574,-0.6708424397723862,0.028970023220380545,1.0031136695408693,-0.05872505928517113,0
458,2024-09-25 15:09:14.345892822,0,017,-0.39746018278553596,-0.04247141388734142,0.5500116189778375,0.030170689160501012,-0.6122664866581685,0.024533526018075832,1.1445575867861366,-0.05113361994083473,0
459,2024-09-25 15:09:14.413803223,0,017,-0.3779740801066473,-0.03617405821130366,0.5857141650042536,0.030702632983457694,-0.5536274160131366,0.019423401756840555,1.2754477153711279,-0.048710280735259466,0
460,2024-09-25 15:09:14.468958008,0,017,-0.3590278897873014,-0.03005813650059395,0.6216233506886446,0.026308891464174037,-0.4949603516273454,0.013477812505838084,1.3935237269628244,-0.053601619092306235,0
461,2024-09-25 15:09:14.546614990,0,017,-0.3399452081418244,-0.024438923110204465,0.6618919044521742,0.016025929921477063,-0.4361361009394656,0.006564305204583708,1.496894574857276,-0.06754594416882101,0
462,2024-09-25 15:09:15.481298096,0,017,-0.3200796160447482,-0.019630177173981793,0.7104204059911059,-0.000967917569703867,-0.3769405254976379,-0.0014084412205153205,1.5841312318298728,-0.09174620479672743,0
463,2024-09-25 15:09:15.558711914,0,017,-0.29885143354041754,-0.01593138891945044,0.7704746280664692,-0.025216456244402222,-0.3171395684361168,-0.010481265759290594,1.6544774081011866,-0.12680507105408598,0
464,2024-09-25 15:09:15.621545898,0,017,-0.27578118189149675,-0.013607377703809178,0.8442678729014026,-0.056842045564356465,-0.25652547134304204,-0.020643628807529926,1.7080692115855969,-0.17270063795542964,0
465,2024-09-25 15:09:15.695937012,0,017,-0.2505426131832894,-0.012862158341071373,0.9324153195758027,-0.09541960282296043,-0.19497223596797933,-0.031839153394426056,1.7459660779977957,-0.2287641360566483,0
466,2024-09-25 15:09:15.763711914,0,017,-0.22303058544086407,-0.013810472567040861,1.033428746516475,-0.13990398027707335,-0.13249821787111726,-0.043971699815818055,1.7699098643910653,-0.29364773758664353,0
467,2024-09-25 15:09:15.821428955,0,017,-0.1934022577141876,-0.016456624623344865,1.1435832966137423,-0.18865608641065723,-0.06929160860374678,-0.05691152595849746,1.7819095151921038,-0.3653153724119862,0
468,2024-09-25 15:09:15.884302002,0,017,-0.162053642074256,-0.020691619855528053,1.2573130040132483,-0.2395884377631656,-0.005664674192023768,-0.070507238824031,1.7838319628955126,-0.44110759792647014,0
469,2024-09-25 15:09:16.829421143,0,017,-0.1295310904281057,-0.026310395180205472,1.3679335774236951,-0.29038855950522896,0.05804696102515276,-0.08460534733755552,1.7771307819627158,-0.5179013581539469,0
470,2024-09-25 15:09:16.907604980,0,017,-0.09640952157701872,-0.03304007312164237,1.4683638680638853,-0.33873882802367933,0.12158653224097599,-0.09906824859454127,1.7627327821241905,-0.5923443826634699,0
471,2024-09-25 15:09:16.969609131,0,017,-0.06317307928031607,-0.040569997940423964,1.5517419700447541,-0.3824825345252443,0.18483292172087112,-0.11377828331302142,1.741057898903158,-0.6611352369309539,0
472,2024-09-25 15:09:17.046605225,0,017,-0.030120685967611967,-0.048582531586554456,1.612045409273972,-0.41974540308970465,0.2478001970558586,-0.1286260866576655,1.71216601025125,-0.7213158546407916,0
473,2024-09-25 15:09:17.114417969,0,017,0.0026859907186763624,-0.05678488278303815,1.644719968333472,-0.4490344579043267,0.31059190412498267,-0.14349203885119147,1.675973786023937,-0.7705171552797925,0
474,2024-09-25 15:09:17.171459961,0,017,0.035415900097239196,-0.06493410343262526,1.6471202959815072,-0.46931184859364594,0.37332609974330777,-0.1582287061310659,1.6324150205289352,-0.8070998208726294,0
475,2024-09-25 15:09:17.249732910,0,017,0.06840866899556915,-0.07284679404766503,1.6185963222043565,-0.4800329906419297,0.43605868471950177,-0.17264872643289833,1.5814849006122875,-0.83018727160788,0
476,2024-09-25 15:09:18.167709229,0,017,0.10209360962832038,-0.08039734882603355,1.5602144807710476,-0.48113797611268866,0.49874113280126764,-0.18652410544577883,1.523245803365237,-0.8396395352659725,0
477,2024-09-25 15:09:18.235528076,0,017,0.13691213953382067,-0.08751530018413156,1.474195737177268,-0.4729821972364258,0.5612186925977614,-0.19960030385235955,1.4579039103741296,-0.8360212528440095,0
478,2024-09-25 15:09:18.303365967,0,017,0.17323160064138401,-0.0941828486427612,1.363271515339341,-0.4562206525214042,0.6232353432859928,-0.21161866681501554,1.3859732860809282,-0.8205828368335962,0
479,2024-09-25 15:09:18.368190918,0,017,0.21122644041077593,-0.10042304083795259,1.2302576902491236,-0.4317001893661277,0.6844185747112732,-0.22233528321928672,1.3084624262892013,-0.7952291807424994,0
480,2024-09-25 15:09:18.426111816,0,017,0.2507435500940675,-0.10627427843390042,1.078010345692505,-0.4004023554965508,0.7442592647842148,-0.2315301955069072,1.2270333716900517,-0.7624301065617832,0
481,2024-09-25 15:09:18.503303955,0,017,0.2912142720130623,-0.11176158180292882,0.9096417181359502,-0.3634274395229928,0.8021174902407551,-0.2390112361817874,1.1441113015837612,-0.7250418146978891,0
482,2024-09-25 15:09:18.569086914,0,017,0.3316564960612133,-0.1168788808752736,0.7287298878304108,-0.3219810963766784,0.8572510828343276,-0.24462022511416023,1.062913699059057,-0.6860452767697202,0
483,2024-09-25 15:09:19.517205078,0,017,0.37074156898901334,-0.12158457667022712,0.5393593514305717,-0.27734672377698366,0.9088336004035765,-0.24824237686307743,0.9873916791853844,-0.6482529548331327,0
484,2024-09-25 15:09:19.573198975,0,017,0.406870459212332,-0.12580144365390547,0.34603148545692325,-0.23086335454512788,0.9559481546256868,-0.24981128596649466,0.9220996944623627,-0.614056421699586,0
485,2024-09-25 15:09:19.650707031,0,017,0.43825080101998737,-0.12941634282693235,0.15352602956240183,-0.18392211887822496,0.9975817577127106,-0.2493043860546576,0.8719517959022504,-0.5852519567467044,0
486,2024-09-25 15:09:19.720707031,0,017,0.46302201320931546,-0.13228767235303568,-0.03332854518754579,-0.13795327560165632,1.0326554342977576,-0.24673650198416658,0.8417649800182646,-0.5629286831719533,0
487,2024-09-25 15:09:19.773696777,0,017,0.47945288399186164,-0.13426790278281775,-0.20999885182288297,-0.09437090163128722,1.060100858109378,-0.24216215097475172,0.8355540688583735,-0.5473997895182361,0
488,2024-09-25 15:09:19.851669922,0,017,0.4861624830127695,-0.13523257437936512,-0.372512738235466,-0.05448789239425181,1.0789542197895803,-0.2356823965042731,0.8557079369544613,-0.5381926643488275,0
489,2024-09-25 15:09:19.913238037,0,017,0.48229335657707,-0.13509914938297804,-0.5174108278108352,-0.019444943011128386,1.088420285777387,-0.22744197618709094,0.9023321512956807,-0.5341335278268452,0
490,2024-09-25 15:09:20.838176025,0,017,0.4676110791260012,-0.13383080803659894,-0.6414080517305866,0.00982347166373078,1.0878856670380221,-0.21761315762072814,0.9730277377125778,-0.5335350880185595,0
491,2024-09-25 15:09:20.910166992,0,017,0.44253867707125516,-0.1314339475197999,-0.7410450577072765,0.03260309506016936,1.076898662985899,-0.20637696213816728,1.0631478260271996,-0.5344423059405762,0
492,2024-09-25 15:09:20.977956055,0,017,0.40812646532419417,-0.12795690890218364,-0.8125957163227282,0.048427389159773813,1.055140899483543,-0.19390954894446136,1.1663879741815801,-0.534876630463767,0
493,2024-09-25 15:09:21.038039062,0,017,0.3659542008398032,-0.12348814014135039,-0.8522846626412467,0.05713055803366529,1.0224075416102691,-0.18036942192959002,1.2755730945883152,-0.5330535547617521,0
494,2024-09-25 15:09:21.099602051,0,017,0.31798848205815106,-0.11814999687343498,-0.8567033597677708,0.058901746332572995,0.9786232152482005,-0.16588059788832818,1.3835059846787956,-0.5275632284990113,0
495,2024-09-25 15:09:21.181437012,0,017,0.26643604030650414,-0.11209100487398839,-0.8232998024159595,0.0543043974379916,0.9239241668352056,-0.1505186237351569,1.483673132826019,-0.5174846156101499,0
496,2024-09-25 15:09:21.249244873,0,017,0.2136108916289042,-0.10548226809384374,-0.7508606887284455,0.04424275908014316,0.8587940570127556,-0.13431145226452365,1.5706377731133065,-0.5024044213943686,0
497,2024-09-25 15:09:22.189326904,0,017,0.16179930450470306,-0.09851672539609654,-0.6399460780849733,0.02987901733310233,0.7841862070736576,-0.11725661493345602,1.6401224334022948,-0.48234778715526483,0
498,2024-09-25 15:09:22.251958008,0,017,0.11311038021230985,-0.09140334382141926,-0.4932398674536388,0.012514422873719308,0.7015635165377284,-0.09934283942101878,1.6889353979131594,-0.4576686236597173,0
499,2024-09-25 15:09:22.314445068,0,017,0.06933304272804305,-0.0843514920062252,-0.31572446129303555,-0.006544857669821295,0.612843727358598,-0.08056551176604534,1.7148972542527283,-0.42896136746359587,0
500,2024-09-25 15:09:22.395837891,0,017,0.03182814522510421,-0.0775484660390166,-0.11460940455816193,-0.02610089567332732,0.5202924835993468,-0.06093843090127542,1.7168325465656242,-0.39702489467377233,0
501,2024-09-25 15:09:22.454199951,0,017,0.0014558519246781353,-0.07113646282341168,0.10093477175319247,-0.04511874297239111,0.4263982223744552,-0.04050854382934514,1.6946410437402426,-0.362857049313222,0
502,2024-09-25 15:09:22.531136963,0,017,-0.021482053492081803,-0.06519229167758359,0.32017992099040804,-0.06272305717114304,0.3337121151798656,-0.0193692277059051,1.6494442414527275,-0.32763911167959014,0
503,2024-09-25 15:09:22.593204102,0,017,-0.037286721643099534,-0.05970934883881288,0.5314533197256605,-0.07817664882892313,0.24463221573229366,0.002339732996632962,1.583739269434513,-0.2926932540077397,0
504,2024-09-25 15:09:23.542827881,0,017,-0.04685608521382834,-0.05458493202057652,0.723051144211956,-0.09087490997160452,0.1611763840289299,0.024446317969389536,1.501419423979365,-0.2594126184869762,0
505,2024-09-25 15:09:23.598701904,0,017,-0.051578058204642625,-0.04962428201484511,0.8843697112332619,-0.10035644624859447,0.0848376888084336,0.04675881934589431,1.4075288100161478,-0.22915330041054827,0
506,2024-09-25 15:09:23.678139893,0,017,-0.053117185689853824,-0.04457161752764933,1.00698944213179,-0.10631009671240067,0.016577348510930835,0.06906181788164319,1.307701924734552,-0.20308060444079887,0
507,2024-09-25 15:09:23.738037109,0,017,-0.05315643346727207,-0.039162899566689315,1.085422025580351,-0.1085658865026288,-0.04308029425787195,0.09110006860901947,1.2073259419215714,-0.18199153322244677,0
508,2024-09-25 15:09:23.800077881,0,017,-0.05317927878920568,-0.03317913721770765,1.1173890274944227,-0.10708541424178024,-0.09393287513129966,0.11256923470724407,1.1105818935927132,-0.1661567174956362,0
509,2024-09-25 15:09:23.877229004,0,017,-0.054336866120811136,-0.02647991413615082,1.103711409611556,-0.10197803249132543,-0.1360111223663457,0.1331246266588631,1.0197113474818487,-0.15523060057417118,0
510,2024-09-25 15:09:23.938760986,0,017,-0.05739439446453046,-0.019013415559821688,1.0479691524504693,-0.09353552541518638,-0.16951428108501654,0.15240233745025822,0.934880897286577,-0.1482726687039866,0
511,2024-09-25 15:09:24.891576172,0,017,-0.06273967034999896,-0.010812253639867415,0.9560240630035887,-0.08224344067701628,-0.1947776913941854,0.1700442544365601,0.8546486590163482,-0.14387860346350118,0
512,2024-09-25 15:09:24.959424072,0,017,-0.07043789904059376,-0.0019838242601426955,0.8354153593673843,-0.06873998622436442,-0.21229336142900038,0.1857252520250496,0.7766392360687011,-0.1403612985153989,0
513,2024-09-25 15:09:25.027316162,0,017,-0.08029678018435428,0.0073004255661882535,0.6946226114261586,-0.053734362438097864,-0.22275672885439965,0.1991802417045071,0.6981017783750915,-0.13592467703046082,0
514,2024-09-25 15:09:25.095107178,0,017,-0.09190873160539931,0.016814050635542848,0.5422579212544953,-0.03792254552102852,-0.227065775588991,0.21022331958117105,0.616348124737644,-0.1288285843862873,0
515,2024-09-25 15:09:25.147944092,0,017,-0.10468547731508043,0.026282564155000687,0.38634248053196046,-0.02193106702614617,-0.2262317343080402,0.21875208671025445,0.5291565842966958,-0.11755837722750845,0
516,2024-09-25 15:09:25.225228027,0,017,-0.11792297904149053,0.03539142361717483,0.2338393261106792,-0.006293734140104857,-0.22124040499088718,0.22473815205003733,0.4351372183647871,-0.10098526748467458,0
517,2024-09-25 15:09:25.286315918,0,017,-0.1308955951350371,0.0437998200502757,0.09049629691206151,0.00855182713208992,-0.21293854648057592,0.22821307084790876,0.33404775362750694,-0.07849975319756755,0
518,2024-09-25 15:09:26.241697998,0,017,-0.14293814499361795,0.05116233610284212,-0.03914544204011794,0.02227138109447541,-0.20198160135252888,0.22925821787209671,0.22701646158381047,-0.05009976585448215,0
519,2024-09-25 15:09:26.309478027,0,017,-0.15348303193137705,0.05715437377736923,-0.15181670973806066,0.034666767552373384,-0.18882991212181877,0.22799776971952654,0.11650685691847718,-0.016393434649805534,0
520,2024-09-25 15:09:26.377085938,0,017,-0.1620594827097277,0.061494159492835064,-0.24575116023250074,0.04572589608796702,-0.1737810516337882,0.22458921472169566,0.005884964114362863,0.0215073516500128,0
521,2024-09-25 15:09:26.438697998,0,017,-0.1682871119624192,0.06395824287876792,-0.32092541156701243,0.05565016640658053,-0.15704223692296673,0.21921096847575355,-0.10135164959739587,0.062171074436039045,0
522,2024-09-25 15:09:26.512924805,0,017,-0.1718862423479958,0.06439371290963604,-0.3790698691371914,0.06482499873816161,-0.13882259138974554,0.21205252503560462,-0.20243028206692543,0.10404707264807109,0
523,2024-09-25 15:09:26.580761963,0,017,-0.17270786272587613,0.06273104387877458,-0.42335209942958063,0.07373799660729488,-0.11939316312365095,0.20331055954705465,-0.29589733968848747,0.1456286574408632,0
524,2024-09-25 15:09:26.641141846,0,017,-0.17077924033193717,0.058995935846424236,-0.45782854045405263,0.08288499209947876,-0.09908671932366889,0.19318754719367726,-0.38172683591585954,0.18554795968326085,0
525,2024-09-25 15:09:27.591756104,0,017,-0.16635922017110333,0.05331539695679894,-0.4868670271934694,0.09270623049675099,-0.07827091640361514,0.1818898852398931,-0.46102781314896685,0.2226052209799629,0
526,2024-09-25 15:09:27.645967041,0,017,-0.1599873622742951,0.04591706474380074,-0.5147379562863205,0.1035698528249187,-0.05734953046638226,0.1696308156632818,-0.5355905175828812,0.25576947884219275,0
527,2024-09-25 15:09:27.722696045,0,017,-0.15249424735923434,0.03712278082139497,-0.5454404806965869,0.11579163801662881,-0.03679498388481705,0.15664178727779557,-0.6073629716896213,0.28418402189597675,0
528,2024-09-25 15:09:27.795258056,0,017,-0.14494245531647137,0.02733312524620934,-0.5826670006692171,0.12966340988203554,-0.017160648117936866,0.14318189244551965,-0.6778097707549108,0.30716742209043946,0
529,2024-09-25 15:09:27.863073975,0,017,-0.13851045626945035,0.01699896012866748,-0.6297763630095923,0.145464473334476,0.0009566808341012793,0.12953202323099958,-0.7472397928168615,0.3241880759000447,0
530,2024-09-25 15:09:27.930895020,0,017,-0.1343786756883298,0.006585515085490228,-0.6897164794908897,0.16344081837679897,0.016973378438560362,0.11597603170937709,-0.8143699424586017,0.3348240672812487,0
531,2024-09-25 15:09:27.998756104,0,017,-0.13367001149687585,-0.0034567767072932482,-0.7648988233590822,0.1837474506851266,0.03035164167647122,0.1027844301498234,-0.8763269800605079,0.3387387166617634,0
532,2024-09-25 15:09:28.904159180,0,017,-0.13743934261240337,-0.012707087314262911,-0.8570395383382662,0.20636646968289477,0.040597664383888024,0.0902116513026488,-0.9290845801101315,0.3356888740065296,0
533,2024-09-25 15:09:28.982121826,0,017,-0.14666026572465019,-0.02078352900449627,-0.9669694456200466,0.23102908065304578,0.04723831523979279,0.07850347719321736,-0.9681643493917099,0.3255633655193949,0
534,2024-09-25 15:09:29.044557129,0,017,-0.16216371520142286,-0.027361614611367054,-1.094421266683865,0.2571665825573916,0.04979039577513407,0.06790355801036396,-0.9893622729542455,0.3084320629223286,0
535,2024-09-25 15:09:29.120821045,0,017,-0.1845203401295092,-0.0322052053695393,-1.2378072315236541,0.28389743436003934,0.047737846778059555,0.05865242353461201,-0.9893348852409859,0.28458439150866904,0
536,2024-09-25 15:09:29.184181885,0,017,-0.21389223867350007,-0.03519888020834721,-1.3940155871814732,0.31004590605075943,0.04054387588703938,0.050979045837883076,-0.9659770993424136,0.25454482074525897,0
537,2024-09-25 15:09:29.256444092,0,017,-0.24990321821349706,-0.03636691479560075,-1.558311543899238,0.33419229965147207,0.027723074118730807,0.04508570606682166,-0.9185625155064817,0.21905282043587523,0
538,2024-09-25 15:09:29.323000977,0,017,-0.29158298695540263,-0.035872500081476855,-1.724435972492989,0.35476204937770833,0.008962522220054297,0.04112691043972313,-0.8476798298761306,0.1790048321939857,0
539,2024-09-25 15:09:30.251462891,0,017,-0.3374179513705329,-0.033999808594741554,-1.8849028951246527,0.3701554945459972,-0.015761412710484948,0.03918732105868321,-0.7550685678168544,0.1353880133361008,0
540,2024-09-25 15:09:30.334692871,0,017,-0.38549267813180466,-0.031122953679465052,-2.031435372913952,0.37890444907821047,-0.04611886137355418,0.03926593094363597,-0.6434770431504926,0.08925214971749187,0
541,2024-09-25 15:09:30.391283936,0,017,-0.4336604910171411,-0.027666627913264415,-2.1555258625743265,0.3798343346868996,-0.08141306200374245,0.041269543965408655,-0.5166382740082888,0.0417412029344967,0
542,2024-09-25 15:09:30.470275879,0,017,-0.47969162517854375,-0.024065494752290723,-2.2491151351881373,0.37221493040413295,-0.1205958834497776,0.045015114951933,-0.3793452125059824,-0.005840585864142383,0
543,2024-09-25 15:09:30.530471191,0,017,-0.5214086770517505,-0.020726466150297655,-2.3052731881803905,0.35588025388685596,-0.16232675803829577,0.050242266049121555,-0.23748085221420925,-0.05198631788428143,0
544,2024-09-25 15:09:30.605915039,0,017,-0.5568440171960912,-0.01799350716579526,-2.3187172282942967,0.3312912485780885,-0.2051015896733912,0.056636729758350934,-0.0978691340734479,-0.09502058563801707,0
545,2024-09-25 15:09:30.670222900,0,017,-0.5844109162560558,-0.016116099089772472,-2.2860968656375333,0.2995217247096796,-0.24742162196069165,0.06385863955538572,0.03210015040231678,-0.133219003607033,0
546,2024-09-25 15:09:31.587758057,0,017,-0.6030382456074936,-0.015227201545065567,-2.2060304096342347,0.26215646847488505,-0.2879219449371254,0.07156461403457816,0.1450446717954365,-0.1649737301711516,0
547,2024-09-25 15:09:31.650597168,0,017,-0.6122270792639778,-0.015338397698717712,-2.078863139884086,0.22109727566480947,-0.325406133644848,0.0794159281478366,0.23422942071877625,-0.18895182966980523,0
548,2024-09-25 15:09:31.727634033,0,017,-0.6120304799682317,-0.016355016973976105,-1.9062403755122985,0.17831007874139793,-0.35881115935216135,0.08707503503758296,0.2940711093139959,-0.20421506159613168,0
549,2024-09-25 15:09:31.795914795,0,017,-0.6029872311431617,-0.01810450503191314,-1.6907577548291897,0.1355927560073778,-0.38717287699228603,0.0942020903966652,0.32040220254065405,-0.2102945805607211,0
550,2024-09-25 15:09:31.863750977,0,017,-0.5860255953301559,-0.020367271205868245,-1.4358715546877963,0.09443083712735996,-0.4096310469828903,0.10046205267159493,0.3105604581122967,-0.20721761356060944,0
551,2024-09-25 15:09:31.928937012,0,017,-0.5623298816537298,-0.02290502485691978,-1.1460047390459247,0.05594906530001742,-0.42545049533169754,0.10554103992915453,0.26340676704803057,-0.19547307704466518,0
552,2024-09-25 15:09:31.990935059,0,017,-0.5331838367746932,-0.02548698896727423,-0.8266685742150862,0.020925190324457325,-0.4340203411506107,0.1091620052060945,0.1793018300472932,-0.17591049327490987,0
553,2024-09-25 15:09:32.931689941,0,017,-0.4998445171441705,-0.027911570968608905,-0.48447349579774135,-0.010176013691229167,-0.4348335774640952,0.11109357672382894,0.06005353341128388,-0.14960185971709933,0
554,2024-09-25 15:09:33.008444092,0,017,-0.46348011041264486,-0.030019223840629,-0.1270078686790105,-0.03717961205944108,-0.4274812633979261,0.11115343383783795,-0.09112393570975054,-0.11771924880432869,0
555,2024-09-25 15:09:33.078283936,0,017,-0.4251337911469142,-0.03169853556822462,0.23736065038555174,-0.06019590433120909,-0.41168011045559416,0.10920828967760196,-0.26962203928956985,-0.08146089115931565,0
556,2024-09-25 15:09:33.146065918,0,017,-0.3856608888985001,-0.03289127211416036,0.5997079766077714,-0.07961516010741893,-0.3873225732842783,0.10516974080815163,-0.46947559708070924,-0.04202290107985202,0
557,2024-09-25 15:09:33.207688965,0,017,-0.34565716824364234,-0.03359524187032808,0.9508087641070765,-0.09606968391641402,-0.3545326952944971,0.09898732510176014,-0.6835166059855969,-0.0005952022830800922,0
558,2024-09-25 15:09:33.281688965,0,017,-0.3054407957446062,-0.03385669071213689,1.2814827217625138,-0.11034843408173489,-0.31371355672516954,0.09064491955859516,-0.9036902992615694,0.041642603476384925,0
559,2024-09-25 15:09:33.349528076,0,017,-0.26510355453176193,-0.03374797252767678,1.583075184864028,-0.12328345688905594,-0.265564786710761,0.08016545457034693,-1.121499102969066,0.08354224487569287,0
560,2024-09-25 15:09:34.283591064,0,017,-0.22458920921190703,-0.033337770126077575,1.8480210290696548,-0.1356440488956743,-0.2110525477995317,0.06762223210618928,-1.3284843727415354,0.12402379640870437,0
561,2024-09-25 15:09:34.345092041,0,017,-0.18376738642483434,-0.032666747323610225,2.070358555614336,-0.14806519237223784,-0.15134327310931206,0.053151071818070925,-1.516679461114352,0.1621194036251795,0
562,2024-09-25 15:09:34.428306152,0,017,-0.14250983721262853,-0.03173506024542256,2.2460994366180085,-0.16101713383452587,-0.08773632281786249,0.036959213323721464,-1.6790859186196183,0.19703256522469248,0
563,2024-09-25 15:09:34.496120850,0,017,-0.10077168651390933,-0.030499229344778295,2.3734414067952536,-0.17480462539859418,-0.021618201288351825,0.01933062895529344,-1.8102774443131506,0.22823111427001372,0
564,2024-09-25 15:09:34.560308105,0,017,-0.058642616662645995,-0.028876076911448268,2.4527738409917026,-0.18957052850111927,0.04557433881578661,0.0006276637014629787,-1.9070815813428716,0.2555575609724162,0
565,2024-09-25 15:09:34.621869141,0,017,-0.016331366611182615,-0.026756243549013375,2.4863597892030005,-0.20527774521233377,0.11241289659135885,-0.018715802788636906,-1.9691021789498335,0.2793035704890991,0
566,2024-09-25 15:09:34.699554932,0,017,0.025895881629219093,-0.02402655758293486,2.4776774954015477,-0.22166932400413317,0.1775698943337017,-0.038216356044189444,-1.9988282886591842,0.30020272209208476,0
567,2024-09-25 15:09:35.642746094,0,017,0.06775915737366187,-0.02059170791022461,2.430594099362943,-0.23823995093532457,0.23992266213193134,-0.057376883637643705,-2.001182754010431,0.3193250573404368,0
568,2024-09-25 15:09:35.703413086,0,017,0.10896199004034197,-0.016387162181709877,2.348618434005882,-0.2542513438363717,0.2986328947069948,-0.07572603936232362,-1.9825579403210452,0.3378804848390723,0
569,2024-09-25 15:09:35.765465088,0,017,0.14917626758021077,-0.011387462462702117,2.2344222747975957,-0.26879309670345186,0.35317649454642924,-0.09285256019435191,-1.9496137354735592,0.3569666147809438,0
570,2024-09-25 15:09:35.846213135,0,017,0.18804854360902687,-0.005616824081290981,2.089704858319547,-0.2808688771331621,0.4033101083430762,-0.1084308493904908,-1.9081674066263878,0.3773268483860574,0
571,2024-09-25 15:09:35.904719971,0,017,0.22522132276616216,0.0008424073394920426,1.9153769833465517,-0.28948911845979247,0.4489776828589468,-0.12223420045677275,-1.862396469662639,0.399188262764918,0
572,2024-09-25 15:09:35.966311035,0,017,0.26036184235687976,0.007852901485971599,1.7120245138529995,-0.2937621611378913,0.49020036496269653,-0.13413274345492515,-1.8144884244711925,0.42221781626232174,0
573,2024-09-25 15:09:36.043462891,0,017,0.293215100594542,0.015237055382126078,1.4806051857151967,-0.2929869454781637,0.527009736915996,-0.1440795165638304,-1.764706492754993,0.4455821058858727,0
574,2024-09-25 15:09:36.992816895,0,017,0.3236775200654142,0.02279498719356034,1.2232418195876964,-0.2867544347805018,0.5594309664499261,-0.15209199713567503,-1.7116080750546336,0.4680530346542139,0
575,2024-09-25 15:09:37.053306152,0,017,0.35183909720685236,0.030320890265615994,0.9438665234291491,-0.27504740112343146,0.5874608497847866,-0.15823312493197816,-1.6522335517556597,0.4881179780498696,0
576,2024-09-25 15:09:37.128462158,0,017,0.37794637941844883,0.03762017374993694,0.6484741759426056,-0.25830062841753987,0.6110059510421155,-0.16259212330046316,-1.5824291767089271,0.5041091972964181,0
577,2024-09-25 15:09:37.196239990,0,017,0.4023083846513277,0.044528862836791916,0.3449150521206132,-0.23739215305346348,0.629820686871845,-0.16526702418860417,-1.4975332755185373,0.5143781717412704,0
578,2024-09-25 15:09:37.264033936,0,017,0.4252174621289652,0.05092780925663856,0.04237989023045228,-0.2135815897806334,0.6435118547356693,-0.16635425909371662,-1.3933319041286159,0.517489718075099,0
579,2024-09-25 15:09:37.331870117,0,017,0.44692090118110445,0.05674247401775526,-0.2492228621318088,-0.18842660713529977,0.6516250132393681,-0.16594993195303845,-1.266903444153614,0.5123699178298821,0
580,2024-09-25 15:09:37.392297119,0,017,0.46761264564237154,0.061930451790712625,-0.5199423329439636,-0.16367407771940296,0.6537687177042134,-0.16416177997472894,-1.1170051589285923,0.49836023207876873,0
581,2024-09-25 15:09:38.327511962,0,017,0.48741043122344385,0.06646859017217581,-0.7605515738290527,-0.14110432699414105,0.6497306716770989,-0.16112512917468746,-0.9439183784952029,0.47518480456176587,0
582,2024-09-25 15:09:38.410747070,0,017,0.506323315023742,0.07034742320921883,-0.9633619660540124,-0.12233631314453941,0.6395766361564138,-0.15701574175884297,-0.7489596953627602,0.4428837040610563,0
583,2024-09-25 15:09:38.478591064,0,017,0.5242243537109231,0.07356970054040599,-1.1228972113168778,-0.10863856339924512,0.6237296971475712,-0.1520560956934365,-0.534024017526129,0.4017734740407068,0
584,2024-09-25 15:09:38.546365967,0,017,0.5408283777752494,0.07614604048427286,-1.23621117042989,-0.10080062138700759,0.6029931226285603,-0.14651219379523103,-0.30144555119991107,0.3524604305884626,0
585,2024-09-25 15:09:38.614181152,0,017,0.5556747138609355,0.07808844277447831,-1.3028134196884722,-0.09909170562790309,0.5784768945145028,-0.14067678680556306,-0.05421892914353576,0.29588703981578296,0
586,2024-09-25 15:09:38.681513184,0,017,0.5681224665247254,0.07940983558949279,-1.324366061025195,-0.1032903042942354,0.551449336420341,-0.13484031119833118,0.20359236203109848,0.2333756945061173,0
587,2024-09-25 15:09:38.749819092,0,017,0.5773681562411317,0.08013198535819238,-1.3043059924727187,-0.11275731925474104,0.5231865896782587,-0.12925961061295518,0.46651428881092805,0.16663549489990914,0
588,2024-09-25 15:09:39.656724854,0,017,0.5824926809149811,0.08029295333071633,-1.2474804870375105,-0.12653155784755363,0.4948679169440355,-0.12413564660946283,0.7275568174406922,0.09771146879300217,0
589,2024-09-25 15:09:39.735332031,0,017,0.5825290894743332,0.07994649688494042,-1.1599121968437724,-0.14341534332268788,0.467503327399176,-0.11960311548035538,0.9783473822682098,0.02888969685987709,0
590,2024-09-25 15:09:39.802912109,0,017,0.5765288944816448,0.07915672041286756,-1.0487177629617999,-0.16202656121808273,0.44185945304357016,-0.1157256239364939,1.2094529997100385,-0.03741373067300716,0
591,2024-09-25 15:09:39.871411133,0,017,0.5636234386654692,0.07799409095363068,-0.9219659944578507,-0.1808385586241822,0.4183845553513436,-0.1124910671479343,1.4109131323084803,-0.0987737601625921,0
592,2024-09-25 15:09:39.936425049,0,017,0.543102857145019,0.07653076197831704,-0.7882194110699594,-0.19825581902035977,0.39717083292742406,-0.10981319160062859,1.5730011813734481,-0.15288723088939785,0
593,2024-09-25 15:09:40.007056885,0,017,0.51451455154841,0.07482972855977373,-0.655770429822867,-0.21274835836132802,0.37797974065548917,-0.10755004981767485,1.6870918250923108,-0.19769574774771712,0
594,2024-09-25 15:09:40.074902100,0,017,0.4777395323723578,0.0729309795984891,-0.5318516043490632,-0.22301744546421023,0.36030660056795166,-0.1055378213104805,1.7464247395979675,-0.23148743243198505,0
595,2024-09-25 15:09:41.017511962,0,017,0.43300789302656895,0.07084563619375736,-0.4220855204093193,-0.2281405714853071,0.343437699211027,-0.10362308225462286,1.7466581989744212,-0.2529835839347512,0
596,2024-09-25 15:09:41.085359131,0,017,0.38086381343227554,0.06856340248701946,-0.33024748240696106,-0.22766538019360996,0.3264839242962994,-0.10167721455843842,1.686261244563622,-0.2614192081319583,0
597,2024-09-25 15:09:41.153186035,0,017,0.32212126187351464,0.06606529047962276,-0.2583083428385522,-0.2216487012490887,0.30841788337544035,-0.09959321928737185,1.5668225163616782,-0.25662602013900426,0
598,2024-09-25 15:09:41.220992188,0,017,0.25782772268006493,0.06333031411388629,-0.20674130783416353,-0.21063243369383444,0.2881420644305996,-0.097277699773747,1.3932633916894925,-0.2391224263004756,0
599,2024-09-25 15:09:41.288809082,0,017,0.18921512321954118,0.06033708289150984,-0.17503672406720028,-0.19554497334094645,0.2645752165488241,-0.09464562756019404,1.1738179229448744,-0.21018049182900694,0
600,2024-09-25 15:09:41.349971924,0,017,0.11762353998399742,0.05707186453880561,-0.16222413037237735,-0.17754441037826932,0.23672294297226196,-0.09161479238308749,0.9195939512679931,-0.17180224492268462,0
601,2024-09-25 15:09:41.424436035,0,017,0.04442561165202017,0.05354773941073807,-0.16719576420792956,-0.1578424103340424,0.20372785784711236,-0.0880969519232455,0.643655272650549,-0.12655792164246563,0
602,2024-09-25 15:09:42.340085938,0,017,-0.029002281046238736,0.049822505148811404,-0.18886523845405656,-0.1375392268197391,0.16492491131121506,-0.08399030173037551,0.35978903584545474,-0.0773084769297705,0
603,2024-09-25 15:09:42.409979980,0,017,-0.10125586302525315,0.04599851293130454,-0.22635970956674925,-0.11748849473029883,0.11990831953243881,-0.0791797423789761,0.0812421485681611,-0.026881410003213486,0
604,2024-09-25 15:09:42.463308105,0,017,-0.1708742177184869,0.04220341065887481,-0.2793122917037206,-0.09821007163325464,0.06858139166353078,-0.07354553298743885,-0.18033894880601836,0.02223205853635174,0
605,2024-09-25 15:09:42.545677002,0,017,-0.23634898727995798,0.03856713665181887,-0.3480636948799227,-0.0798699005746672,0.01117446213871166,-0.06697713945371575,-0.4155926037715025,0.06809547767264314,0
606,2024-09-25 15:09:42.613428955,0,017,-0.296160455247783,0.03520778899374935,-0.4334545827270521,-0.062344097568909324,-0.05174302956981309,-0.05939089933313418,-0.6176170377088952,0.10940522963302324,0
607,2024-09-25 15:09:42.680136963,0,017,-0.3488143808911831,0.03222460415119764,-0.5360804989425564,-0.045362708892825,-0.11924072815583076,-0.05075036049748096,-0.7816922922314133,0.1454247903992762,0
608,2024-09-25 15:09:42.742141846,0,017,-0.3928899799233137,0.029691081226907227,-0.6552941508304471,-0.028683961255677067,-0.19002871916995473,-0.04108370113280994,-0.9048659186083066,0.17584498703708437,0
609,2024-09-25 15:09:43.677204102,0,017,-0.4271251200065295,0.027649098325056597,-0.7884112428188718,-0.012234595555265999,-0.26251671565425055,-0.030490257761585156,-0.9857406440946598,0.20065832351222587,0
610,2024-09-25 15:09:43.754358887,0,017,-0.4505341096460208,0.026110613269075617,-0.9303446679036537,0.0038099055521650087,-0.3349142746221032,-0.01913357189688379,-1.0245662427091782,0.22009101139298345,0
611,2024-09-25 15:09:43.827857910,0,017,-0.4625239166418919,0.025067963370625834,-1.0736641080981377,0.018995279607545122,-0.40532640189512675,-0.007226130956573573,-1.023522011126632,0.2345911837822522,0
612,2024-09-25 15:09:43.895391846,0,017,-0.46297590581362835,0.024504729574950847,-1.2090574114186605,0.03260336278754287,-0.471832829878822,0.004988749469344201,-0.9870107482955303,0.2448568346732151,0
613,2024-09-25 15:09:43.954743896,0,017,-0.45228395428191176,0.024400220989214967,-1.3261619034792274,0.04372275569208026,-0.5325897661759603,0.017259105122414305,-0.9217781849455541,0.25187129303979716,0
614,2024-09-25 15:09:44.016817139,0,017,-0.43135860283258054,0.024731544918059373,-1.4146793535452231,0.051382258971486745,-0.5859833975182096,0.029353390013208816,-0.8367044014650249,0.2568910882439792,0
615,2024-09-25 15:09:44.094924072,0,017,-0.4015870544873119,0.025479707484896637,-1.4656201250573644,0.05473127327916757,-0.630788194599532,0.04108961925499899,-0.7422144559455627,0.26134590499804844,0
616,2024-09-25 15:09:45.031204834,0,017,-0.3647118817490506,0.02663421199740319,-1.4724340585210762,0.05322671317062526,-0.6662388250159977,0.05234889964247181,-0.6493458435567632,0.266667794260142,0
617,2024-09-25 15:09:45.110075928,0,017,-0.32263103910361246,0.02818541960457676,-1.4318187420472563,0.04678060957749457,-0.6919923245036297,0.06306566535399391,-0.5685962834232323,0.27410746757879245,0
618,2024-09-25 15:09:45.177895996,0,017,-0.27719578136071177,0.030106774737782917,-1.3441733757724146,0.035840403455686336,-0.7080528962265438,0.07320520613414629,-0.5088214242358956,0.2845872336221925,0
619,2024-09-25 15:09:45.231156982,0,017,-0.23008263977436694,0.03234085030242034,-1.213733899089419,0.02139492084824647,-0.7147173136482914,0.08274385883505835,-0.47648542498823987,0.2986077602139839,0
620,2024-09-25 15:09:45.313456055,0,017,-0.1827412210922896,0.03479818724385462,-1.0483235164304832,0.0049104699986416405,-0.712511861210053,0.09165419905406601,-0.47531876259583894,0.3161952137851358,0
621,2024-09-25 15:09:45.381291016,0,017,-0.13637409832209943,0.03736476997024406,-0.8586208026739517,-0.011793010245429253,-0.7020803479402582,0.09988791138218955,-0.5061807094888211,0.3368654051330306,0
622,2024-09-25 15:09:45.446858887,0,017,-0.09192575189780818,0.03990823242788503,-0.656961470388119,-0.02671702065166532,-0.6840637674780455,0.10735649603741262,-0.5670022420957909,0.35960308253178813,0
623,2024-09-25 15:09:46.380486084,0,017,-0.05008740744180419,0.04227863671915037,-0.45582457586608305,-0.03790453549119926,-0.6590587209209302,0.11392160372964326,-0.6529134830000675,0.3828812854539961,0
624,2024-09-25 15:09:46.457731934,0,017,-0.011319670756373756,0.04430810968735456,-0.2662847863107796,-0.04368446939647837,-0.6276789429453905,0.11940355721077026,-0.7566628936217276,0.40474459993516376,0
625,2024-09-25 15:09:46.519350098,0,017,0.024128649610530798,0.04581399979778262,-0.09679870356761493,-0.04289558622085581,-0.5906504361079784,0.12360340122470109,-0.869261985286479,0.4229562341635147,0
626,2024-09-25 15:09:46.595730957,0,017,0.0562277027231828,0.04660454264965351,0.04742319674538096,-0.03504134774039297,-0.5488573170478969,0.12632854438519975,-0.9807145992581904,0.4351908964838092,0
627,2024-09-25 15:09:46.658078857,0,017,0.08518605830159377,0.04648631152639843,0.16447369898957373,-0.02035249555294043,-0.503319999125614,0.12741683158956793,-1.0807665071806514,0.43925131341491525,0
628,2024-09-25 15:09:46.731304932,0,017,0.11144163803813172,0.045278397282361244,0.25539437533656967,0.0002380222806726162,-0.4551395374554415,0.1267588125020992,-1.15970547693579,0.4332790838889989,0
629,2024-09-25 15:09:46.796482178,0,017,0.13560911599329256,0.04283530516755407,0.32352766793415233,0.025195747218746622,-0.40543097531261163,0.12431678769887243,-1.2092124451405988,0.41591959961403757,0
630,2024-09-25 15:09:47.742404053,0,017,0.15840682469011463,0.03907104496453932,0.3736763822402848,0.05254819378879144,-0.3552448715407798,0.12013542816843462,-1.223115397080535,0.3864069341619426,0
631,2024-09-25 15:09:47.796345947,0,017,0.18057556599808258,0.033977801922235075,0.4112659216794191,0.08008561196445987,-0.30549579577288216,0.11434200034045192,-1.1978500841054276,0.34456957388295856,0
632,2024-09-25 15:09:47.873545898,0,017,0.20277802104202844,0.027641315828502797,0.44170614517274914,0.10557066770013274,-0.2569281866062079,0.10714103219705122,-1.1325550018865485,0.29079351217907,0
633,2024-09-25 15:09:47.935131104,0,017,0.22549492458692852,0.020253787367227098,0.46996522618708464,0.1269467865195455,-0.21010583712044054,0.09880531230493923,-1.028833648480423,0.22597430423406573,0
634,2024-09-25 15:09:48.012260010,0,017,0.24897376865265175,0.012115482178691503,0.5002356702637402,0.1425385816479326,-0.16538546218060693,0.08965837409146936,-0.8902852206228792,0.1514643485026954,0
635,2024-09-25 15:09:48.073822998,0,017,0.2732570595062864,0.003615952225223165,0.5356171208248897,0.1512197571672914,-0.12287770201810193,0.08004705847543636,-0.7219665141465489,0.0690172037585272,0
636,2024-09-25 15:09:48.149147949,0,017,0.2982492906652527,-0.004802846905280863,0.577811976122408,0.15252004406580427,-0.08243877404590588,0.07031051014545377,-0.5298953150349263,-0.01926651492265328,0
637,2024-09-25 15:09:49.084802002,0,017,0.3237710066258098,-0.012690535327318666,0.6268587558522336,0.1466574875242338,-0.0437165681276089,0.06075445797821491,-0.32061325856279443,-0.11099235484537297,0
638,2024-09-25 15:09:49.159531006,0,017,0.34959235947845824,-0.019629295173834386,0.680955866827214,0.13449210298156775,-0.006231813705231831,0.05163723652577757,-0.10082161312197843,-0.20352788307191688,0
639,2024-09-25 15:09:49.228101074,0,017,0.3754561843117643,-0.02526707713659625,0.7364712057469359,0.1173990057843173,0.030540476960200888,0.04316710722286987,0.12289299407084696,-0.29406785001611757,0
640,2024-09-25 15:09:49.295835938,0,017,0.4010782922127497,-0.02934060412978723,0.788273779588157,0.097066640841493,0.06710435316917487,0.035504766732198344,0.34426345754043924,-0.37972091595117613,0
641,2024-09-25 15:09:49.363667969,0,017,0.4261068667165307,-0.03168390184327668,0.8304452868690453,0.07524921966932502,0.1038861821554882,0.028768334510047754,0.5575034102794666,-0.45762639895141854,0
642,2024-09-25 15:09:49.431444824,0,017,0.45005715413497893,-0.03222015184701311,0.8571947899381918,0.05353448105528558,0.14118886197722744,0.02304241675759985,0.7574170601608539,-0.5250958104418766,0
643,2024-09-25 15:09:49.499252930,0,017,0.4722709567256193,-0.0309446149977118,0.8636649669518518,0.03319310713197604,0.1791653699452793,0.01838809996977025,0.939461107552031,-0.579768671837933,0
644,2024-09-25 15:09:50.434229004,0,017,0.49193831241325153,-0.02791151804142961,0.8464798235199508,0.015131498907812424,0.21780674266909997,0.014846072793435403,1.0998095825134158,-0.619774844888438,0
645,2024-09-25 15:09:50.510891846,0,017,0.5081759737881054,-0.0232287163933365,0.8041223760312246,-9.042911037175595e-05,0.2569305999265002,0.012431146665283829,1.2354607487235874,-0.6438858018924908,0
646,2024-09-25 15:09:50.572911133,0,017,0.5201323949209672,-0.01705314408187856,0.7372399846252347,-0.012229090654952635,0.29616853727879305,0.011126251062580509,1.344344957308928,-0.6516271550528556,0
647,2024-09-25 15:09:50.646525879,0,017,0.5270972345493491,-0.00958205675801271,0.6488032829804746,-0.021325377522585107,0.3349633499898484,0.0108846805773279,1.4252944190492305,-0.6433306769503746,0
648,2024-09-25 15:09:50.714329102,0,017,0.5286060343099848,-0.001043702179442892,0.5439593082551667,-0.027642825677461756,0.372579373475186,0.011641120861430437,1.4777562925162715,-0.6201115666880374,0
649,2024-09-25 15:09:50.774947998,0,017,0.5245186360541796,0.008309144475845883,0.4295285763376433,-0.03156708821543527,0.4081097312451751,0.013326950179097833,1.5014014360721433,-0.58377525131766,0
650,2024-09-25 15:09:50.835922852,0,017,0.5150349879519632,0.018207542996600063,0.3132793138842335,-0.033507143821093086,0.44047213128500295,0.015886979120930157,1.4960172175341795,-0.5366867115196284,0
651,2024-09-25 15:09:51.764079102,0,017,0.5006419744422314,0.02838138177708391,0.20318306996342775,-0.03384165642734738,0.46842893881237563,0.01929282761143868,1.4618638830198314,-0.48162299988936474,0
652,2024-09-25 15:09:51.825705078,0,017,0.4820331850851666,0.038575428658306515,0.10678673677030837,-0.03291348855668657,0.4906750492561242,0.023543543193530986,1.4002282338621235,-0.42158980701165444,0
653,2024-09-25 15:09:51.903312012,0,017,0.4600352837737728,0.048557779584389886,0.03074438722947975,-0.03105392847744579,0.5059660534936361,0.02865100906687696,1.3137438585458658,-0.35959022954687203,0
654,2024-09-25 15:09:51.971075928,0,017,0.43553139303792193,0.05812066208897356,-0.019549500900294003,-0.02861189819538369,0.5132024916256567,0.03462199766546242,1.2062346934733428,-0.2983747741354437,0
655,2024-09-25 15:09:52.038857910,0,017,0.40937383215516604,0.06707946641064366,-0.04036738568794214,-0.025945406057872468,0.5114368075857272,0.04145010657119013,1.082110194392892,-0.24021369770328752,0
656,2024-09-25 15:09:52.106664062,0,017,0.38231064307905543,0.075273396201597,-0.03015573034950673,-0.02333756110883097,0.49986615544211066,0.04911578749206041,0.9455562238210423,-0.18672796420789586,0
657,2024-09-25 15:09:52.168534912,0,017,0.3549431513304309,0.08256746690550543,0.009979460743987298,-0.020851732528007053,0.47789112209544465,0.05757986255832186,0.7998661858603849,-0.13881782041253155,0
658,2024-09-25 15:09:53.092160889,0,017,0.3276921690935867,0.0888560462624052,0.07600196769991953,-0.018199108456000423,0.4452394058078395,0.06676289047681506,0.6471289812925197,-0.0967027567918414,0
659,2024-09-25 15:09:53.159972900,0,017,0.30075011824958114,0.09406924780997665,0.16108528515257206,-0.014706374492833865,0.402076303203814,0.07652217338950328,0.48823119708789753,-0.06003453755372116,0
660,2024-09-25 15:09:53.227752930,0,017,0.274053925526512,0.09817845479065883,0.2563539370563981,-0.00943152720689706,0.3490421298531452,0.08664361765102285,0.3230259309798327,-0.0280326827879384,0
661,2024-09-25 15:09:53.287843994,0,017,0.24734219585615053,0.10119182287521178,0.3522367793656914,-0.0014093844106991818,0.28723344683560803,0.09684994093216553,0.150608469542698,0.00037733703111273576,0
662,2024-09-25 15:09:53.363315186,0,017,0.22029777788811078,0.10313702981470232,0.4401058287026021,0.010047221535173768,0.21816981323608373,0.106813613071306,-0.030266062516929655,0.026426130154620957,0
663,2024-09-25 15:09:53.427033936,0,017,0.19270130175095984,0.10404097039076186,0.5137272787353172,0.025085207600978893,0.14374730052766543,0.11616928520343565,-0.22057727447017547,0.05136529049566759,0
664,2024-09-25 15:09:53.498917969,0,017,0.1645243399868407,0.10391936536738791,0.5702015444877818,0.04316513877666389,0.06616159046335902,0.12453254057428731,-0.4202873860483917,0.0763280576232137,0
665,2024-09-25 15:09:54.429430908,0,017,0.13594971143281315,0.10278084493961759,0.6102524726034673,0.06306555704198676,-0.01218540779584717,0.13152950246004844,-0.6276185002463249,0.1021744696475404,0
666,2024-09-25 15:09:54.510135986,0,017,0.10735248751434173,0.10063736078489403,0.6377884868429791,0.0830300611952257,-0.08876365501219,0.13682816473286788,-0.8385659434242949,0.12933331503159876,0
667,2024-09-25 15:09:54.568818115,0,017,0.0792704345201314,0.09750846148673441,0.6587507327873618,0.10102317043500242,-0.16097658701197,0.14015772549158337,-1.0467791680740521,0.15768764391966336,0
668,2024-09-25 15:09:54.645720947,0,017,0.05235324654343652,0.09341794893667767,0.6795381266811816,0.11503560598368018,-0.22623959083431663,0.14131457618371523,-1.2439021603788807,0.18655523703268434,0
669,2024-09-25 15:09:54.707195068,0,017,0.02727340063681564,0.08839310177495657,0.7055384404442379,0.12336199228253325,-0.2820946895383093,0.1401662542828132,-1.420405712425783,0.21477873712600495,0
670,2024-09-25 15:09:54.781279053,0,017,0.00462466600603034,0.08247274805811361,0.7401607465786416,0.12479719449098703,-0.32633605232275475,0.1366610829991332,-1.56676012773322,0.24089517577361805,0
671,2024-09-25 15:09:54.847997070,0,017,-0.015145416875448079,0.07571873107169763,0.7844130993717213,0.11874342886200424,-0.35710954643011217,0.1308390713105214,-1.6746387041824224,0.26333486131400247,0
672,2024-09-25 15:09:55.787600098,0,017,-0.03175284287186915,0.06822231655615688,0.836915541518979,0.10523580440951631,-0.37298989229129653,0.12283711031037492,-1.7378810829777658,0.2806094228997179,0
673,2024-09-25 15:09:55.851093994,0,017,-0.04505265181089703,0.0601035712016536,0.8942894079909424,0.08488139449859719,-0.37307041794808876,0.11288823556516417,-1.7531011897898454,0.29146650050854667,0
674,2024-09-25 15:09:55.927983154,0,017,-0.05497858731904733,0.05150594020802011,0.9518756518270766,0.0587137189431257,-0.3570685155765529,0.10131584492297703,-1.7199459084614064,0.29499812600466363,0
675,2024-09-25 15:09:55.989269043,0,017,-0.061454486910746155,0.04258628581496306,1.0046960927190431,0.02799362320628542,-0.3253990246047191,0.08851821974755995,-1.6410599865258362,0.2907017742645643,0
676,2024-09-25 15:09:56.063569092,0,017,-0.064306696484637,0.033501000584117854,1.0485536214924258,-0.006001946080557871,-0.27917456128700285,0.0749396263641375,-1.521774323091625,0.27850710678330187,0
677,2024-09-25 15:09:56.131357910,0,017,-0.06322449344846265,0.024394021279761896,1.0810720159978473,-0.04216725811820015,-0.22014046468488294,0.061034036808561155,-1.3694677720576585,0.25878318300629427,0
678,2024-09-25 15:09:56.189865967,0,017,-0.05779083702633684,0.015393452224502262,1.1023089212797939,-0.07968529119272504,-0.1505693361186378,0.04723332917692708,-1.1926228514901696,0.2323313885995652,0
679,2024-09-25 15:09:57.142435059,0,017,-0.04754928321903701,0.006615883405457054,1.114589935534038,-0.11802390037359367,-0.0731160133386389,0.033925353854169574,-0.9997578026966777,0.20035073331346964,0
680,2024-09-25 15:09:57.210258056,0,017,-0.03204958345460313,-0.0018306175109718905,1.1215322733662816,-0.1567967583693738,0.009374042861513708,0.02143711715748678,-0.7984597567266196,0.16435040574318,0
681,2024-09-25 15:09:57.278067139,0,017,-0.010856341900502345,-0.009852380647956275,1.1266319191002812,-0.19554397973426602,0.09407328517041026,0.0100190650810953,-0.5946964266636533,0.12601332585968733,0
682,2024-09-25 15:09:57.345863037,0,017,0.016441765564300756,-0.017382312320247666,1.1319500332543266,-0.2335314153587724,0.17833773749145462,-0.00016436182493736592,-0.3925535135559093,0.08706210527649216,0
683,2024-09-25 15:09:57.413656982,0,017,0.050186058529173225,-0.024388560456236438,1.1372698113692286,-0.2696461545617258,0.2598028619193363,-0.009032369570028054,-0.1944350956440114,0.04917189562008399,0
684,2024-09-25 15:09:57.472961914,0,017,0.09056420959927526,-0.030871946091934988,1.1398178372644143,-0.30240218170706235,0.33644394149909124,-0.016578703094473183,-0.0015429038550273805,0.013907986147283273,0
685,2024-09-25 15:09:57.549275879,0,017,0.13750432739568813,-0.036852674462641295,1.134471166412398,-0.33002233571194517,0.4066446757055797,-0.022865499383153444,0.1856823692985371,-0.017370226816038368,0
686,2024-09-25 15:09:58.492497070,0,017,0.19056704097588312,-0.042353652037983615,1.1143442406919342,-0.35055732269179585,0.4692686932357477,-0.02802125954391881,0.3673402590103715,-0.04364451677180784,0
687,2024-09-25 15:09:58.560181885,0,017,0.24886515535894443,-0.04738599392602847,1.071692746460868,-0.3620299446644758,0.5236931972531118,-0.032233771197693176,0.543951834006292,-0.06433820365363783,0
688,2024-09-25 15:09:58.628125977,0,017,0.3110410876650352,-0.051936799880648296,0.9990870493897217,-0.36262626800010006,0.5697903719361391,-0.035730468776722674,0.7161846600205936,-0.07930583894944675,0
689,2024-09-25 15:09:58.691312988,0,017,0.3753211258960952,-0.05596073996993981,0.8907322500302409,-0.35095133995339645,0.607881765437929,-0.03875127063983142,0.884336341747907,-0.0887200119290831,0
690,2024-09-25 15:09:58.753799805,0,017,0.43963936461873565,-0.05938022843085375,0.743640972000694,-0.3263054219485746,0.638674647883254,-0.041525723169201306,1.0477435213124577,-0.09293080427975345,0
691,2024-09-25 15:09:58.830978027,0,017,0.5017881730612448,-0.06209397882942091,0.5582432517259683,-0.28887330991343463,0.6631585243784021,-0.044259017412231254,1.2043655221577854,-0.0923626600479511,0
692,2024-09-25 15:09:58.899285889,0,017,0.559550827688847,-0.06398782920559296,0.33817046032769127,-0.2397349592316996,0.6824655685395473,-0.047122326730693706,1.3507331146717534,-0.08747274984824945,0
693,2024-09-25 15:09:59.831833984,0,017,0.610813719110072,-0.06494458563629407,0.08936490257356554,-0.18070331223291222,0.6977358112734265,-0.05024297038283743,1.4823512144610445,-0.0787753476584934,0
694,2024-09-25 15:09:59.909389893,0,017,0.6536746920279732,-0.06485548564262293,-0.1809705873362376,-0.11408737836292104,0.7100145582899684,-0.053695616672307954,1.5945157783861004,-0.06692519401556063,0
695,2024-09-25 15:09:59.977209961,0,017,0.6865387333580516,-0.06363515192820617,-0.4650820518364465,-0.04248189067317746,0.7201815314507607,-0.05749910666483816,1.6833431117262654,-0.05282910933256239,0
696,2024-09-25 15:10:00.037812012,0,017,0.7081827031311696,-0.061235867925674696,-0.7549127900140922,0.03138539155732082,0.7289068893092537,-0.06162069287453734,1.7466508717419655,-0.0377246268530982,0
697,2024-09-25 15:10:00.112807129,0,017,0.7178023594750254,-0.057655277584501244,-1.0421087720953297,0.10477072498770125,0.7366294101730969,-0.06598389681937139,1.7843394370807832,-0.02316204039961925,0
698,2024-09-25 15:10:00.173064941,0,017,0.7150724748515738,-0.05293803876275098,-1.3179957304770986,0.17500991673452596,0.7435481170829225,-0.07047571742035635,1.798211571057447,-0.010883969319279506,0
699,2024-09-25 15:10:00.248364014,0,017,0.700215240657723,-0.0471772556768472,-1.5736280301659007,0.23958993134948767,0.7496253421950395,-0.07495487259884598,1.7914747196943348,-0.0026601196812679707,0
700,2024-09-25 15:10:01.191699951,0,017,0.6740318403198323,-0.04051783213594818,-1.800040022446266,0.29621655901990435,0.7546069900275941,-0.07926530629613926,1.7681782213828385,-0.0001257124027046428,0
701,2024-09-25 15:10:01.259464111,0,017,0.6378690823768334,-0.03315769564588964,-1.9888130971293079,0.34292002298559576,0.7580543453119217,-0.08325211690167415,1.7326937513974858,-0.0046282788377153845,0
702,2024-09-25 15:10:01.314779053,0,017,0.5935403066695539,-0.025341991878848186,-2.1328417030616262,0.3782076204617987,0.7593715968040602,-0.08677063101307317,1.6893115324280126,-0.01708473051950979,0
703,2024-09-25 15:10:01.392932861,0,017,0.5432297737918115,-0.017348549272591544,-2.227000771197356,0.4012151125168666,0.7578321297686502,-0.08968514897756374,1.6420006398717428,-0.03786646121392337,0
704,2024-09-25 15:10:01.462852051,0,017,0.4893820747783359,-0.009467300896336428,-2.268538014186268,0.41179774344651343,0.7526274556145525,-0.09186499908346703,1.5942702284279118,-0.06672476017331859,0
705,2024-09-25 15:10:01.516047119,0,017,0.43456086919492176,-0.001978917488294824,-2.257263983487646,0.41053959267291606,0.7429492299394813,-0.09318752111452364,1.5490350733845002,-0.10276413674087465,0
706,2024-09-25 15:10:01.593329834,0,017,0.38127594530714704,0.004864465512418759,-2.1956372334048635,0.3986870743949458,0.7280845616091144,-0.0935490800119526,1.5084907190749415,-0.144473793299159,0
707,2024-09-25 15:10:02.517243896,0,017,0.331810336398532,0.010855590540278365,-2.0886632410783723,0.3780132108895508,0.7074979014052254,-0.0928773554243342,1.4740662226715235,-0.18981632494826436,0
708,2024-09-25 15:10:02.584227051,0,017,0.28809326166400784,0.01584095581193845,-1.9435074078871097,0.350628434631575,0.6808919223512292,-0.0911396931052171,1.4464792522017638,-0.23636733572084123,0
709,2024-09-25 15:10:02.645860107,0,017,0.2516306238796705,0.019717179562906258,-1.7688878480677117,0.3187665733067976,0.648249750371138,-0.08834862199530923,1.4258878784709044,-0.2815144589823826,0
710,2024-09-25 15:10:02.707468018,0,017,0.2234577632519177,0.022419826867275065,-1.5743668000328814,0.28457064462941,0.6098558726659404,-0.08456747830996221,1.4121343745747132,-0.3227183647690421,0
711,2024-09-25 15:10:02.784833984,0,017,0.204084238046155,0.0239179471832711,-1.3696225514617408,0.24991001846272923,0.5662970411187416,-0.07991551290409372,1.4050110505419626,-0.3577939879664558,0
712,2024-09-25 15:10:02.856251952,0,017,0.19344947800922171,0.024220399517857767,-1.1637777094261954,0.21627210061029978,0.5184478170358683,-0.0745677015475336,1.4044076781151307,-0.3851369488231317,0
713,2024-09-25 15:10:02.924052979,0,017,0.1909271401051608,0.023385628306514635,-0.9647879517490593,0.18473606926458952,0.4674338696766738,-0.06874537769666854,1.4102524199708446,-0.403838326936887,0
714,2024-09-25 15:10:03.836541016,0,017,0.19537963457719243,0.02152351198928631,-0.7788763914800784,0.15599121566602303,0.41455637460875144,-0.06269909145853277,1.4222639060382074,-0.41367402552474025,0
715,2024-09-25 15:10:03.910135986,0,017,0.2052323954824752,0.01878788473824898,-0.6101828264424732,0.13037716455152068,0.3611678934193223,-0.056686008978424546,1.4395965482982318,-0.4149846208056764,0
716,2024-09-25 15:10:03.971491211,0,017,0.2185550373847582,0.015366626961160075,-0.46086564020023596,0.10795695913473712,0.3085175470739762,-0.0509414700449844,1.4605150681980608,-0.4084863167854703,0
717,2024-09-25 15:10:04.032648926,0,017,0.2331715237377891,0.011473635972173046,-0.33161762045916543,0.08862761281917272,0.25761533649044,-0.04564819021596136,1.4822377124047081,-0.39507803995240776,0
718,2024-09-25 15:10:04.110049072,0,017,0.24682107016703364,0.007338963690290729,-0.222301310888285,0.07224898707664813,0.20916143149501482,-0.04091335305041884,1.5009917388922815,-0.3757026042324904,0
719,2024-09-25 15:10:04.181330811,0,017,0.2573497410479542,0.003192752583951833,-0.13249800286430416,0.05876392386010994,0.16353476470236925,-0.03676024319930702,1.5122641127415133,-0.35128210567090346,0
720,2024-09-25 15:10:04.249123047,0,017,0.2628832391761687,-0.0007529826963102784,-0.06192455229235301,0.04828110691834204,0.12079673308442998,-0.03313037802177443,1.5112641604018948,-0.32271963487941174,0
721,2024-09-25 15:10:05.184866943,0,017,0.26195198402613895,-0.004316957907097925,-0.010629805474653123,0.04109014734626197,0.08069485432392395,-0.02989007955558214,1.4935805129466408,-0.2909515106801281,0
722,2024-09-25 15:10:05.260210938,0,017,0.25356821366007504,-0.0073540718643954365,0.021132887053594302,0.03759590374000676,0.042694902362721054,-0.026842247450850964,1.4559005573337613,-0.25702863818647365,0
723,2024-09-25 15:10:05.328013916,0,017,0.23725678099768896,-0.009758633337792599,0.03330357429292646,0.038197820754075226,0.006051938294002196,-0.023746208803327826,1.396628942483869,-0.22219389647102733,0
724,2024-09-25 15:10:05.386270996,0,017,0.21304453064105763,-0.011470051263878091,0.0264984231649235,0.0431674966612632,-0.030105759368642175,-0.02034425054389172,1.3162794103630542,-0.1879078379248575,0
725,2024-09-25 15:10:05.463646973,0,017,0.18142682348378605,-0.012479478905150596,0.0023593603806856445,0.0525731379613731,-0.06668421625353262,-0.01639126454847899,1.2175370892992452,-0.1557759288350806,0
726,2024-09-25 15:10:05.531406006,0,017,0.14333576682932891,-0.012831787148951765,-0.03639428104413452,0.06626992299460846,-0.10448733749014251,-0.011685878421810604,1.1049381849607767,-0.1273666725307517,0
727,2024-09-25 15:10:05.587646973,0,017,0.10012770990133439,-0.012622407108330196,-0.08619837798824331,0.08393346705288988,-0.14402369390477676,-0.006103328380621321,0.9842284087819401,-0.10396709464785421,0
728,2024-09-25 15:10:06.542467041,0,017,0.05357350420206425,-0.011992503289093959,-0.14296640355705187,0.10507999906531032,-0.18531195508832926,0.0003725172954810443,0.8615869886452281,-0.0863605234475988,0
729,2024-09-25 15:10:06.597964111,0,017,0.005794572038580868,-0.011119513316211228,-0.2023094239799578,0.1290268371319278,-0.22777064946939615,0.007628022250088875,0.742948467077564,-0.07470453902412741,0
730,2024-09-25 15:10:06.678064209,0,017,-0.04088892305773034,-0.010197516519508875,-0.2596276700851736,0.15481216475019038,-0.2702366178360823,0.015423166196988494,0.6335637259933853,-0.06853949093620175,0
731,2024-09-25 15:10:06.745842041,0,017,-0.08415771450307821,-0.009411555270690174,-0.31020155613279377,0.18115352567377646,-0.311091197735609,0.023424699295142577,0.5377790468688056,-0.06690372086306316,0
732,2024-09-25 15:10:06.813268066,0,017,-0.12187759456386667,-0.008917209791217488,-0.3494085242225146,0.20650515229207075,-0.3484399408165717,0.031257776215490564,0.4589170546563349,-0.06850414909590936,0
733,2024-09-25 15:10:06.875686035,0,017,-0.15225011736736088,-0.008830904501304934,-0.3730807359834429,0.22920093763871818,-0.38030256366434156,0.03855535145498595,0.3991649701498289,-0.07189217671759791,0
734,2024-09-25 15:10:06.937719971,0,017,-0.17393905556045502,-0.009226512880796973,-0.3779407933894552,0.24763137986086686,-0.4047983163140505,0.04499224129567752,0.35948099018663465,-0.07561445122263771,0
735,2024-09-25 15:10:07.884401123,0,017,-0.18615688616793308,-0.010132675489316512,-0.3620319676891218,0.26042005101705473,-0.4203218100181571,0.050305071468672934,0.339627627426213,-0.07833606226579758,0
736,2024-09-25 15:10:07.960365967,0,017,-0.18867937799643278,-0.01153249066161039,-0.3250570502620354,0.26658881555626524,-0.4256975230077234,0.05430459447566693,0.33837399674209934,-0.0789416258969342,0
737,2024-09-25 15:10:08.028139160,0,017,-0.18178410447035803,-0.013371537656646854,-0.2685514226730204,0.26569535552720686,-0.42030811513618876,0.056884346746105596,0.3537383208788477,-0.07660371059047898,0
738,2024-09-25 15:10:08.085849121,0,017,-0.16614481796483607,-0.015574692882666405,-0.19583374917523533,0.2579058125343127,-0.4042013317681739,0.05802731929107808,0.38314669043293437,-0.07080990756864168,0
739,2024-09-25 15:10:08.163545898,0,017,-0.14271899669525204,-0.018064339774999473,-0.11170129003729924,0.24396813124934405,-0.37815941382824814,0.05780856502789397,0.4235657496346968,-0.061363685439126785,0
740,2024-09-25 15:10:08.231511229,0,017,-0.11264685408944107,-0.02077396861633495,-0.02186749121147569,0.22508282764189574,-0.34368480349660885,0.056386046090140696,0.47173934843716114,-0.04837937095740394,0
741,2024-09-25 15:10:08.286989014,0,017,-0.07717723377989258,-0.023657686747308997,0.06781049967251479,0.20269726784855127,-0.30287061552961597,0.053973937837811924,0.5245259570936108,-0.03227345316119136,0
742,2024-09-25 15:10:09.240642090,0,017,-0.03764729197327837,-0.026695404520373375,0.15218017112907836,0.178265860523501,-0.25818520668120953,0.050805372250267926,0.57918619030911,-0.013737012504603604,0
743,2024-09-25 15:10:09.302954102,0,017,0.004489418367253226,-0.02988974134885037,0.22750721879480787,0.15303039781020505,-0.21223833628643946,0.04710154128767731,0.6334784901966422,0.006329750088290221,0
744,2024-09-25 15:10:09.369612061,0,017,0.0476557421734693,-0.0332560066265419,0.2918490513602917,0.12787665670752676,-0.16756752322782623,0.0430577614381187,0.6855521275874182,0.02691902771828693,0
745,2024-09-25 15:10:09.444363037,0,017,0.09022699484172732,-0.03681412132867433,0.34500097054620577,0.10329781097196289,-0.12644397002088362,0.038842250541116626,0.7337750334745441,0.04701344071630869,0
746,2024-09-25 15:10:09.504293945,0,017,0.1306608641286849,-0.04058619882088437,0.38810963900195083,0.07944771647409914,-0.09070756486252099,0.034598126421761,0.7766970084538232,0.06563265754796067,0
747,2024-09-25 15:10:09.566337158,0,017,0.1676001461245029,-0.044592851941012056,0.4231714762847028,0.056236530696540284,-0.06165553338739859,0.030444785986634092,0.8132148401442586,0.08182455575035545,0
748,2024-09-25 15:10:09.643558105,0,017,0.1999217817923102,-0.0488441867677569,0.4526286384957313,0.03342762717252568,-0.03998395387224004,0.026478087113714827,0.8428002839953169,0.09464100790792622,0
749,2024-09-25 15:10:10.592707031,0,017,0.22676986091954832,-0.05333334057934034,0.4791430396590989,0.010716172717091339,-0.02576599948277855,0.022767023625724157,0.8656361055056183,0.1031347853355498,0
750,2024-09-25 15:10:10.653426025,0,017,0.24759490718006277,-0.05804064144266889,0.505436594700317,-0.01221160155032882,-0.018478471406735426,0.019346343995365785,0.882602990310074,0.10639245105381596,0
751,2024-09-25 15:10:10.728344971,0,017,0.26217653717586786,-0.06294485960845919,0.5340184441553103,-0.03562466948496327,-0.017102822609774627,0.016210219767746073,0.8950937584026489,0.10360875776733164,0
752,2024-09-25 15:10:10.795062012,0,017,0.27061360017634245,-0.0680324410152856,0.5667583045929092,-0.05968600619271483,-0.020288502524497213,0.013312680883112724,0.904679862430426,0.09419742137355933,0
753,2024-09-25 15:10:10.863927979,0,017,0.27330592431981426,-0.07330224676489236,0.6044613063227865,-0.08439685311445803,-0.026519199508591558,0.010572611859092787,0.9127432951291258,0.07791626580995392,0
754,2024-09-25 15:10:10.916483887,0,017,0.2709474365973317,-0.07877068343242624,0.6467076994399925,-0.10958891324777942,-0.03423488070745309,0.007875540482135648,0.9201891433611312,0.05497193247097514,0
755,2024-09-25 15:10:10.999548828,0,017,0.2644997076337702,-0.0844783970705337,0.6921463184955269,-0.13499377799710296,-0.04192868207661715,0.005072432826021664,0.9272541110995152,0.026075602805349624,0
756,2024-09-25 15:10:11.927284912,0,017,0.25510080898195553,-0.09048988680906903,0.739137280357554,-0.1603563516102591,-0.048264309535146946,0.0019864313028188736,0.9333515014041507,-0.00755452371320419,0
757,2024-09-25 15:10:12.001233887,0,017,0.24391925704968226,-0.0968784660707959,0.7863577153819536,-0.18551728590412442,-0.05220465045998734,-0.0015660883571451028,0.9369585215913898,-0.044240266631132424,0
758,2024-09-25 15:10:12.066503905,0,017,0.23201469083952675,-0.10370331789231911,0.8330162404170168,-0.21041788139325146,-0.053095875216853404,-0.005747617658441517,0.935673629799037,-0.08194714216805193,0
759,2024-09-25 15:10:12.136799072,0,017,0.220249883085563,-0.11099311953024596,0.8785987623021766,-0.2350340628254566,-0.05068734559961514,-0.01067660993971052,0.9265561001889885,-0.11844156505575876,0
760,2024-09-25 15:10:12.191049072,0,017,0.20924161163430965,-0.11874014800647119,0.9223075931023736,-0.25927321984883517,-0.045124819383632594,-0.01641371638785508,0.9067222543685075,-0.1514729723253875,0
761,2024-09-25 15:10:12.272474121,0,017,0.1993191716718386,-0.12689617551681448,0.9624532626883426,-0.28287397934548664,-0.036947334649172894,-0.022953744683182408,0.874055584932142,-0.1789515623204514,0
762,2024-09-25 15:10:12.330822021,0,017,0.19050376302897903,-0.1353656941013393,0.9960485715874526,-0.305347348230937,-0.02706753123383276,-0.030221306655340237,0.8278317988706819,-0.19911105342020874,0
763,2024-09-25 15:10:13.256197021,0,017,0.18255711514814732,-0.14400467159896832,1.018781096168035,-0.3259867337371519,-0.016701025606649367,-0.038074417303048905,0.7690791824393827,-0.21064952236684836,0
764,2024-09-25 15:10:13.331715088,0,017,0.17510273945389448,-0.15263281220743466,1.0254275160644475,-0.343949113118629,-0.007249646769581799,-0.04631979025861977,0.7005687652429139,-0.21282834288042118,0
765,2024-09-25 15:10:13.393266113,0,017,0.16775718974806345,-0.1610555849464482,1.0106073636813344,-0.3583742944160944,-0.00017635863631587173,-0.054734149525326736,0.6264280621582634,-0.20551530429665343,0
766,2024-09-25 15:10:13.471395996,0,017,0.1602179700966905,-0.169087542169943,0.9696524993836209,-0.3684948459216578,0.0031017938601107593,-0.06308077766035182,0.5515138172543109,-0.189185826348017,0
767,2024-09-25 15:10:13.532938965,0,017,0.152304861016295,-0.17657283974198218,0.8994090129774185,-0.3737154150105617,0.001301976335072869,-0.07111801710036465,0.4807107804235867,-0.1648887587010095,0
768,2024-09-25 15:10:13.607106934,0,017,0.14396233931628905,-0.1834018010346227,0.7988640351381877,-0.37366923670193053,-0.006652466235798777,-0.07860622796151692,0.4181747699630415,-0.1341426001716034,0
769,2024-09-25 15:10:13.672086914,0,017,0.13522075950329254,-0.18952183795176336,0.6695086399913975,-0.3682604732802575,-0.021585233261032843,-0.08531903992619316,0.3665389747784174,-0.0987441112380839,0
770,2024-09-25 15:10:14.592635010,0,017,0.12613089719099174,-0.19494053237927733,0.5153935494899619,-0.3576926396195603,-0.04405364120006493,-0.09105635427658688,0.3263410688438262,-0.06054667680141829,0
771,2024-09-25 15:10:14.661291992,0,017,0.11671407530039847,-0.199720976992065,0.34285447211962833,-0.3424728944252767,-0.07435314259643794,-0.09565358872803431,0.29598003262029504,-0.021292346281806974,0
772,2024-09-25 15:10:14.716262207,0,017,0.10696470804574704,-0.2039747467926677,0.15984581110986854,-0.32336909293464977,-0.11250385310856063,-0.09898787030408406,0.2722189480746867,0.01747204900362151,0
773,2024-09-25 15:10:14.796895020,0,017,0.09689335241162746,-0.2078580644215426,-0.025086670806662943,-0.3013141138230409,-0.15820944921025656,-0.1009851529340029,0.2509629899496244,0.05442290354102986,0
774,2024-09-25 15:10:14.864675049,0,017,0.08654960926645792,-0.2115668013156995,-0.20392018728498487,-0.27729963544575437,-0.21083002419904712,-0.1016259853103252,0.22802100321713506,0.08847129656193488,0
775,2024-09-25 15:10:14.917416992,0,017,0.07597440124174461,-0.21531793845794867,-0.36998695879564963,-0.2523140002570866,-0.2694084498255071,-0.10094380831019252,0.199709165539272,0.11877464082352647,0
776,2024-09-25 15:10:14.994580078,0,017,0.06509733725934416,-0.21931284948033322,-0.5183654608592406,-0.2273287962030454,-0.3327351217240052,-0.0990165730884903,0.16326759005728964,0.14474796786232524,0
777,2024-09-25 15:10:15.930726074,0,017,0.053646259526857636,-0.22369519831644072,-0.6459479185155235,-0.20328635253923472,-0.39941379153900325,-0.09595886614774714,0.11707109297939622,0.1660756260144859,0
778,2024-09-25 15:10:16.007167969,0,017,0.0411218383641146,-0.22852254094548113,-0.7513778395685897,-0.18104085575663859,-0.4679253169697334,-0.09191643820322298,0.06064829473478601,0.18271600794695667,0
779,2024-09-25 15:10:16.078633057,0,017,0.026845111026420985,-0.23375846233672812,-0.8349649412941484,-0.16124679660046484,-0.536708153653704,-0.08705642623681659,-0.005345848582959057,0.19486160839786085,0
780,2024-09-25 15:10:16.135723145,0,017,0.010067663975651136,-0.23927868909838068,-0.898567831588815,-0.14423277416948363,-0.6042437388249342,-0.08154916249147151,-0.07900113928100079,0.20281179702343674,0
781,2024-09-25 15:10:16.213502930,0,017,-0.009875276149906931,-0.24488431446528353,-0.9453293757734866,-0.12992199826764608,-0.6691033839174869,-0.07554865941344764,-0.15684986857651825,0.2067777598932768,0
782,2024-09-25 15:10:16.270435059,0,017,-0.03341848375424347,-0.2503201939534122,-0.9791400015570473,-0.11784823964918503,-0.7299459184355209,-0.06918180018498594,-0.2336509654720885,0.2067151190342081,0
783,2024-09-25 15:10:16.347166992,0,017,-0.06067906458236897,-0.2552971709857004,-1.003887996612402,-0.107267600789698,-0.7855199124636953,-0.0625457557106849,-0.30256816445508583,0.20227752284709472,0
784,2024-09-25 15:10:17.317697021,0,017,-0.09143035051455248,-0.25951550074277585,-1.0227784112285456,-0.09731269656211927,-0.8347241917055982,-0.05570417188653495,-0.35580250688064863,0.19290373826964236,0
785,2024-09-25 15:10:17.385508057,0,017,-0.12510325507272038,-0.2626877894414373,-1.0379694184830262,-0.08712488415758106,-0.8767039499113289,-0.04867831689917268,-0.3854635747338614,0.1779754365554232,0
786,2024-09-25 15:10:17.444497070,0,017,-0.16079248544023583,-0.26456296093902665,-1.0505312359112433,-0.07593928057979801,-0.9109039635696984,-0.04144367107098259,-0.38443219094157016,0.1569746551482501,0
787,2024-09-25 15:10:17.505630859,0,017,-0.1972745451040968,-0.26495415642203257,-1.0606130652561894,-0.06313316736230318,-0.9370317936083771,-0.03394747098286291,-0.3471205489431214,0.1296134911943369,0
788,2024-09-25 15:10:17.582815918,0,017,-0.2330600312147429,-0.26376781028275975,-1.0677478180601632,-0.04824969750942524,-0.9549569806708189,-0.02614943781683891,-0.27008500330175766,0.09593906069024004,0
789,2024-09-25 15:10:17.656622803,0,017,-0.2664903143275102,-0.2610226515829148,-1.071205470275605,-0.031003668681996107,-0.9646035174141356,-0.018069398489415536,-0.15240440868288677,0.056415349440149816,0
790,2024-09-25 15:10:17.723998047,0,017,-0.2958572704318992,-0.2568491999901388,-1.0702583908863579,-0.01128225104544165,-0.9658666631211563,-0.009822020501001321,0.004164321718540099,0.01198101171282981,0
791,2024-09-25 15:10:18.634686035,0,017,-0.3195110873437772,-0.25147349632039684,-1.0642922157696308,0.010843655723140937,-0.9585544510809119,-0.001631159482336237,0.19516724837082955,-0.035932667647331815,0
792,2024-09-25 15:10:18.695841064,0,017,-0.33594664078541137,-0.24519577286567878,-1.0527849225810966,0.03508968435877636,-0.9423569330385828,0.006173550730500967,0.4136580110537342,-0.08546790791676376,0
793,2024-09-25 15:10:18.773629883,0,017,-0.3438860180059372,-0.23836758311063044,-1.0352051327113565,0.060918408793303,-0.916858654471626,0.013175643090384631,0.6508379009357359,-0.13452028429544477,0
794,2024-09-25 15:10:18.836116943,0,017,-0.3423599447625879,-0.23136450173603326,-1.0109147376723948,0.0875148163547992,-0.8815958706085852,0.018904957973285598,0.8971429189141005,-0.18100356938671547,0
795,2024-09-25 15:10:18.913385010,0,017,-0.33076315295023695,-0.22455605308451562,-0.9791585038655595,0.11379875493579437,-0.8361322493251446,0.022878566347903646,1.1434518077959093,-0.22312862951553206,0
796,2024-09-25 15:10:18.981190918,0,017,-0.30886586661920035,-0.21828089973870263,-0.939133719981956,0.13847745987959123,-0.7801262831713345,0.024640046856301848,1.381921495378556,-0.25961790729533285,0
797,2024-09-25 15:10:19.043688965,0,017,-0.2767927576251063,-0.2128322635047429,-0.890091465839817,0.16013461705542908,-0.7133955802086059,0.023794165668637894,1.6061532752221528,-0.28980324766181936,0
798,2024-09-25 15:10:19.989566162,0,017,-0.2349934544578435,-0.2084489047581379,-0.8314905275352322,0.17735043396664232,-0.6360010189823146,0.020042058108690867,1.8108798294381598,-0.31361462401904366,0
799,2024-09-25 15:10:20.051904053,0,017,-0.18421104127645893,-0.20530542909408517,-0.7632388834639527,0.18883211013177487,-0.5483462764491291,0.013218106351114247,1.991669729140611,-0.33151139719756,0
800,2024-09-25 15:10:20.115910156,0,017,-0.12543095955745953,-0.20350548242620678,-0.685951831172046,0.1935325906034364,-0.4512596831689408,0.0033188954595765405,2.144966052062309,-0.34439674190294284,0
801,2024-09-25 15:10:20.195754150,0,017,-0.059804540685606075,-0.2030855028030932,-0.6010907737845245,0.1907516304642162,-0.3460454230634784,-0.009485017565364311,2.2684183975258216,-0.35353121512747593,0
802,2024-09-25 15:10:20.252181152,0,017,0.011421737585362149,-0.204026964925553,-0.5108949181629325,0.18020685317821683,-0.23451787693614135,-0.02485324138344368,2.361278455334243,-0.36045051073680195,0
803,2024-09-25 15:10:20.329071045,0,017,0.0869385500316878,-0.20626594947228355,-0.41812431525271393,0.16204955156818382,-0.11900390633772276,-0.04229182755060269,2.4246123398292454,-0.36686901527814614,0
804,2024-09-25 15:10:20.399166992,0,017,0.16537241232710073,-0.2096934886314377,-0.32577671785226137,0.13683365448258727,-0.002256203787288153,-0.0611854895980646,2.461215620842815,-0.3745406425688367,0
805,2024-09-25 15:10:21.342407959,0,017,0.24527402256130015,-0.2141529008024712,-0.23697907494074585,0.10548346390595324,0.11274895869280135,-0.08085094427222646,2.475299128286322,-0.3850923514042399,0
806,2024-09-25 15:10:21.400626953,0,017,0.3251018965709892,-0.21944426769276681,-0.15503526430351874,0.06926640711491161,0.22307630801234088,-0.10060629136208572,2.472034286649229,-0.3998871259398593,0
807,2024-09-25 15:10:21.477751953,0,017,0.4031981195957392,-0.22533601663306835,-0.08338883193876488,0.029721085276750714,0.3260713332950371,-0.11984090615457003,2.4569709571510367,-0.41994857016143566,0
808,2024-09-25 15:10:21.545850098,0,017,0.4777736425964981,-0.23157525437075305,-0.02532241919348737,-0.011485466268273743,0.41952495620723146,-0.1380684724657531,2.4353954841300163,-0.4459315335855099,0
809,2024-09-25 15:10:21.600779053,0,017,0.546934481325426,-0.23789401218531192,0.01658994009359132,-0.052743441010407136,0.5017613907307745,-0.15495209000310253,2.4118287163556817,-0.47811561604939035,0
810,2024-09-25 15:10:21.681476074,0,017,0.6087633357844205,-0.24401777934515081,0.041145744608672256,-0.09268574390491588,0.5716637152840004,-0.17030119635799024,2.3898409834597025,-0.5164144869564009,0
811,2024-09-25 15:10:21.740138916,0,017,0.6614381124023531,-0.24968120673154623,0.049111995726284725,-0.13033106353357404,0.6286428094960567,-0.1840471229732177,2.3721506012545004,-0.5603916961180201,0
812,2024-09-25 15:10:22.692968994,0,017,0.7033446913017065,-0.2546455916071027,0.04356691625690649,-0.1651472807543187,0.6725524079410677,-0.1962027899327476,2.3607944511549,-0.6092630418167828,0
813,2024-09-25 15:10:22.760379150,0,017,0.7331552015057943,-0.2587092406293914,0.02984918618887689,-0.19702710943248952,0.7035740351141929,-0.206812307686856,2.357218384553252,-0.6618808188385717,0
814,2024-09-25 15:10:22.828624023,0,017,0.7498832694440051,-0.2617111773984036,0.01511126494607419,-0.22620516539722085,0.7221110998677115,-0.21590332651136518,2.362319372702799,-0.7167223272230491,0
815,2024-09-25 15:10:22.896429932,0,017,0.7529335361039841,-0.26353593986866036,0.007593594207462487,-0.2531521273279164,0.7287099135368386,-0.22345650744159393,2.376469876482466,-0.7718974169358264,0
816,2024-09-25 15:10:22.963827881,0,017,0.742132881746924,-0.26412091657774545,0.015756349534406404,-0.2784588414714549,0.7239972718344335,-0.22939656604110792,2.3994092027361864,-0.8251675140668856,0
817,2024-09-25 15:10:23.031997803,0,017,0.7177295688480768,-0.26345953637637254,0.04740425083793124,-0.3027154034454401,0.7086276624511925,-0.23359824010949223,2.4299499691880966,-0.8739908913673984,0
818,2024-09-25 15:10:23.099811035,0,017,0.6803799499362085,-0.26159747830239166,0.10896475555192056,-0.32640726852271507,0.6832572023971811,-0.23589905287770624,2.4656905801759668,-0.9156429779755658,0
819,2024-09-25 15:10:24.017147949,0,017,0.6311512875039892,-0.2586284230341437,0.20501041444518187,-0.34985183570256445,0.6485679496265341,-0.23611874505765132,2.5029580738774824,-0.9474285629328015,0
820,2024-09-25 15:10:24.085407959,0,017,0.5715321838481625,-0.2546952775829266,0.337941224779149,-0.37317123308103695,0.6053284823634817,-0.2340890933064634,2.536972855138814,-0.9669314814095294,0
821,2024-09-25 15:10:24.142584961,0,017,0.5034064429045937,-0.24999126011839892,0.5076442793660629,-0.39627105906609866,0.554434903611457,-0.229688961370506,2.56207899085663,-0.9722273446757889,0
822,2024-09-25 15:10:24.219621826,0,017,0.4289603035473066,-0.2447479360149028,0.711057064482823,-0.4187991911802353,0.49689920816832206,-0.2228711128041141,2.5719916237278695,-0.9620247320005332,0
823,2024-09-25 15:10:24.281405029,0,017,0.35054289123972415,-0.23920559752355885,0.9417876872454142,-0.4400929729190556,0.43381334465047305,-0.2136731206438069,2.560125528838692,-0.9357318063914655,0
824,2024-09-25 15:10:24.343460938,0,017,0.27052645564644384,-0.23357744483943824,1.1900728743481994,-0.45915504977141786,0.3663320395658617,-0.20221719942755526,2.5200054547643957,-0.8934462697393002,0
825,2024-09-25 15:10:24.424902100,0,017,0.19118611715070474,-0.228023722668581,1.4432934873690415,-0.47469795468327175,0.2956739544315581,-0.18870755359589428,2.4457045134821267,-0.8358798024679185,0
826,2024-09-25 15:10:25.367620850,0,017,0.11457924353166471,-0.22263979559893607,1.6870771139761425,-0.48526991913641454,0.2231070037886667,-0.17342606496810933,2.3323241664577443,-0.764261334198494,0
827,2024-09-25 15:10:25.423926025,0,017,0.04241169885507454,-0.2174497629114826,1.906791618857676,-0.48944008312172643,0.14990550974483413,-0.15671950736940143,2.176552593945316,-0.6802673653939629,0
828,2024-09-25 15:10:25.503238037,0,017,-0.02407569754780498,-0.21239996386851706,2.08911315944529,-0.4859987761193952,0.07730681545479727,-0.13897485784795946,1.9772476500093596,-0.585989151667014,0
829,2024-09-25 15:10:25.563628906,0,017,-0.08414999631940728,-0.20735801914598595,2.2233992100809266,-0.47413338904670893,0.006493087769701939,-0.12058976097328106,1.7359288151303376,-0.4839126955321734,0
830,2024-09-25 15:10:25.638819824,0,017,-0.13754865287285184,-0.20212576135246044,2.302695813353996,-0.4535613535682166,-0.06141204555364356,-0.10194841247482542,1.4570874469707429,-0.37688550086268224,0
831,2024-09-25 15:10:25.706620117,0,017,-0.1843937645992124,-0.19646590801103722,2.3242671168336275,-0.4246038169485127,-0.12535787459739878,-0.08340467831614261,1.1482270211157557,-0.2680552665875732,0
832,2024-09-25 15:10:25.769560059,0,017,-0.22508140043854052,-0.19013550422037362,2.2895833223019784,-0.3881718160134108,-0.18439459075013248,-0.06526783253648297,0.8195351623926639,-0.16077124489384023,0
833,2024-09-25 15:10:26.717020020,0,017,-0.26014838777676447,-0.18292100812312453,2.203779561804598,-0.345655679583677,-0.23769087082981316,-0.04779154727086851,0.48320603661045275,-0.0584416730573079,0
834,2024-09-25 15:10:26.785517090,0,017,-0.2901305097902284,-0.17467402057856735,2.0746989191822958,-0.29875043263478096,-0.284523233652662,-0.03117334365944603,0.1525925276744784,0.03564724188744359,0
835,2024-09-25 15:10:26.841574951,0,017,-0.3154423952677249,-0.16534536078752685,1.9116949330227866,-0.24925751812858657,-0.3242520251527799,-0.015567322288993185,-0.15862853183801473,0.11852082411309017,0
836,2024-09-25 15:10:26.918745117,0,017,-0.33629439482003964,-0.15501007761816596,1.7243796139469822,-0.19888092499742832,-0.35631463440964095,-0.0011028663496847658,-0.43722489850436064,0.1876710562115283,0
837,2024-09-25 15:10:26.988840088,0,017,-0.3526357647185196,-0.14387506919615542,1.5215693874413303,-0.14904858783473904,-0.3802384341162421,0.012099945267119609,-0.6711774788817017,0.2411554931293004,0
838,2024-09-25 15:10:27.042370117,0,017,-0.3641135150336231,-0.13226662117031351,1.3107147026707453,-0.10082311658982222,-0.3956433318296124,0.02391966234118243,-0.8505379178514629,0.27764809258387485,0
839,2024-09-25 15:10:27.120020996,0,017,-0.370060634062374,-0.12060152517280903,1.0978427675617808,-0.054930397549261226,-0.4022209733557319,0.034224056733172456,-0.9683791431237152,0.2964604168403807,0
840,2024-09-25 15:10:28.067707031,0,017,-0.3695417308090871,-0.10934788904014062,0.8877008544103907,-0.011848271719679351,-0.3997207921398299,0.04286339588708017,-1.021695519687139,0.29755291575007853,0
841,2024-09-25 15:10:28.135616943,0,017,-0.3614670181819866,-0.0989807566174363,0.6838485129116444,0.028116891929795638,-0.3879763332925953,0.049673852276051984,-1.011957251635633,0.2815470191951947,0
842,2024-09-25 15:10:28.203350098,0,017,-0.34475331720161756,-0.08993638843785805,0.48878912638288224,0.06477054308955461,-0.366966602400915,0.05449524435243141,-0.9450167535907884,0.24971971394142553,0
843,2024-09-25 15:10:28.271121094,0,017,-0.31849716677240075,-0.08257055270550956,0.30429999928489215,0.09796048058443045,-0.33688077937577265,0.05719600097350153,-0.8303255660493359,0.20394503022020968,0
844,2024-09-25 15:10:28.331569824,0,017,-0.2821402707818015,-0.07712780258563126,0.1318745902681663,0.1275066726878896,-0.2981645988448202,0.05769133268705618,-0.6796875035226373,0.14656368582946833,0
845,2024-09-25 15:10:28.393007080,0,017,-0.2356233635748785,-0.07372514825646052,-0.026952038445346712,0.15316410791258872,-0.2515491194208719,0.055947732396740675,-0.5057577809631688,0.08018674473099476,0
846,2024-09-25 15:10:28.474616943,0,017,-0.17951717155200475,-0.0723466564708914,-0.17051696377543285,0.1746321145370668,-0.19807089481622606,0.05198064330020319,-0.3204565356523965,0.0074648044826819155,0
847,2024-09-25 15:10:29.388746094,0,017,-0.11509952503569702,-0.07284375417615607,-0.2971269233525934,0.1915897667293167,-0.13907932858048286,0.04585564309295405,-0.13362668109493814,-0.06910857915302579,0
848,2024-09-25 15:10:29.451514893,0,017,-0.044338797706172633,-0.07494299024685326,-0.4052208920951134,0.20372761925854008,-0.07620943776347584,0.037693442076386606,0.04772113382345684,-0.14728803917729724,0
849,2024-09-25 15:10:29.527756836,0,017,0.030234622873455266,-0.07826801610902409,-0.4935892670583172,0.21077721445876016,-0.011309602932511695,0.02767101790068929,0.2195375215217777,-0.22505582270583827,0
850,2024-09-25 15:10:29.595750000,0,017,0.10574073246426606,-0.08237505331194046,-0.5617302611631259,0.21257160190088376,0.053653770806206175,0.01601650808847708,0.3804289903994148,-0.30054930097365906,0
851,2024-09-25 15:10:29.663497070,0,017,0.1791908417580636,-0.08679151678574629,-0.610272501767189,0.2091492310028282,0.1166919111187775,0.0030024664257593567,0.5310983261952972,-0.37200581808252914,0
852,2024-09-25 15:10:29.730773926,0,017,0.24771389028260696,-0.0910501360044128,-0.6411892191060631,0.20085883714506259,0.1758972435564564,-0.0110614434826549,0.6736607154152817,-0.43776299132077134,0
853,2024-09-25 15:10:29.790006104,0,017,0.3087480365818622,-0.09472029249584507,-0.6576099775096564,0.18840265109280416,0.22956194704222854,-0.025839404736868302,0.8109246483706316,-0.49630412948174596,0
854,2024-09-25 15:10:30.742384033,0,017,0.360191012249585,-0.09743953512747118,-0.6633388129207366,0.17279495166435363,0.2762826079587583,-0.04098198383222241,0.9456856961919522,-0.5463103071313448,0
855,2024-09-25 15:10:30.807614014,0,017,0.40050905014349053,-0.0989399047288084,-0.6623657809349331,0.15526098849089665,0.3150143580771814,-0.056133330953320265,1.0801361882080787,-0.5867070261062435,0
856,2024-09-25 15:10:30.869613770,0,017,0.4288069347616668,-0.09906082105385587,-0.6585517154580384,0.13710470551243537,0.3450734941250784,-0.0709317842632784,1.2155358490250783,-0.6167226948470709,0
857,2024-09-25 15:10:30.931206055,0,017,0.4448548008128886,-0.09774909820417166,-0.6554457908776266,0.11955906709725472,0.3661190712149459,-0.08501305520625499,1.3521447248068632,-0.6359536989618759,0
858,2024-09-25 15:10:31.013673096,0,017,0.449046502681005,-0.09505126299862911,-0.6560992787940487,0.10364261049670455,0.37813862491431965,-0.09802548665695812,1.4892673249984008,-0.6444020406893124,0
859,2024-09-25 15:10:31.069757080,0,017,0.4422682039240816,-0.09109656126795289,-0.6627898688289411,0.09005264720765194,0.38143508522887287,-0.10965320659941025,1.6252992488957978,-0.6424632802298285,0
860,2024-09-25 15:10:31.149239990,0,017,0.42571211633059003,-0.0860661603145176,-0.6766733397033666,0.07910439255592788,0.3766072989554893,-0.1196345736088541,1.7577597219676784,-0.6308715041904289,0
861,2024-09-25 15:10:32.087299072,0,017,0.4007128275116497,-0.08015339315827842,-0.6974897298100884,0.07071268815583018,0.3645426672681879,-0.1277736269049134,1.883321062413416,-0.6106264023519579,0
862,2024-09-25 15:10:32.149464111,0,017,0.36864993823134357,-0.07353072066715476,-0.7234922252099795,0.0644213521326177,0.3464326781744937,-0.13395202959907412,1.9978673137839553,-0.5829219769727516,0
863,2024-09-25 15:10:32.228096924,0,017,0.3308926616224268,-0.0663362291032378,-0.7516598423103712,0.05948400033211783,0.323760835087098,-0.1381392462446221,2.096579916827447,-0.549068473473705,0
864,2024-09-25 15:10:32.288024902,0,017,0.2887336140256848,-0.05867552700825649,-0.7781088419152292,0.054987673548830523,0.2981909462088105,-0.14038670507811576,2.1739870873131246,-0.5103902934516247,0
865,2024-09-25 15:10:32.363701172,0,017,0.24329599966374296,-0.050625741239698825,-0.7985887350696872,0.050002775397803845,0.2713616263764173,-0.14080155734168032,2.2239776878632718,-0.4681084719018816,0
866,2024-09-25 15:10:32.431478027,0,017,0.19545416135963542,-0.04223892305526521,-0.8089971941579552,0.04373656611724425,0.24467960742985914,-0.13951579719256296,2.2398849522214594,-0.4232325998948992,0
867,2024-09-25 15:10:32.499239014,0,017,0.14580430557168683,-0.033551149932657204,-0.8058549892812877,0.03565508085153551,0.21919615261436784,-0.13666990270956797,2.214738552410006,-0.37648087339832964,0
868,2024-09-25 15:10:33.427758057,0,017,0.09466992820248263,-0.02459495551078357,-0.7866392561213229,0.02552993531637872,0.19557886704379138,-0.13241468569457635,2.1417452931079155,-0.32824561913385636,0
869,2024-09-25 15:10:33.505398926,0,017,0.04211750583973347,-0.015404816094929049,-0.7498809212422886,0.013391929178941473,0.17414054562027015,-0.12691802651249093,2.015053145501795,-0.278624169218702,0
870,2024-09-25 15:10:33.567516113,0,017,-0.01199767120953945,-0.006014705832919455,-0.6950560593635204,-0.0005699169015883505,0.15488481902316964,-0.12036080770322796,1.8307554300309141,-0.22751943924471324,0
871,2024-09-25 15:10:33.644232910,0,017,-0.0679338232997399,0.0035425704997894165,-0.6224463052711422,-0.016094525176251796,0.13755536860595136,-0.11292102123098478,1.5878748837378418,-0.17478059926395836,0
872,2024-09-25 15:10:33.705815186,0,017,-0.12595376933888833,0.013230809458645316,-0.5331583404303203,-0.032875049275560474,0.12168941885638732,-0.10475661965581612,1.2889732772753797,-0.12033397279889978,0
873,2024-09-25 15:10:33.781670166,0,017,-0.18627032504248248,0.023009238739639774,-0.42933126241501385,-0.05052917446772858,0.1066602180736296,-0.09599073594077832,0.9402251599463012,-0.06427316498760435,0
874,2024-09-25 15:10:33.844867920,0,017,-0.2490494358752614,0.03284090930429084,-0.3143477373088567,-0.06855364768605703,0.09169398839542672,-0.08669495749076092,0.551074054453621,-0.006914055083554388,0
875,2024-09-25 15:10:34.786294922,0,017,-0.31440816037946956,0.04270259276753653,-0.19283653909041856,-0.08630053912839326,0.07588318091323971,-0.07687459724038609,0.13366591959630036,0.051165190075949135,0
876,2024-09-25 15:10:34.848782959,0,017,-0.38236038766089914,0.05258272804196431,-0.0704451603207263,-0.10297941410029335,0.058230545191248456,-0.06646846582406869,-0.29789912270683966,0.10910368585248878,0
877,2024-09-25 15:10:34.926888916,0,017,-0.45273111994372756,0.06246600550943591,0.04649506760108001,-0.11767541641284,0.03772483877376166,-0.055367342764463756,-0.7285842000869348,0.16579464982379788,0
878,2024-09-25 15:10:34.989446045,0,017,-0.5250852507368734,0.07231727094315778,0.15136036803945996,-0.12939081273053327,0.013420952110246465,-0.04344125950059772,-1.1436600952502738,0.21999775018831433,0
879,2024-09-25 15:10:35.062864990,0,017,-0.5986838436328934,0.08207627081716995,0.2377598818509576,-0.1371231861750146,-0.015491373544889683,-0.03056391999046326,-1.5299179465652613,0.27048387775866256,0
880,2024-09-25 15:10:35.130676025,0,017,-0.6724596121794538,0.0916621515635388,0.3002246734963477,-0.13997029253574242,-0.04962503345442875,-0.016631377757236214,-1.8766037153958053,0.3161503694183187,0
881,2024-09-25 15:10:35.198474854,0,017,-0.7450149987020745,0.1009787016989057,0.33488417673301274,-0.13723011394387608,-0.08934760530369446,-0.0015758975400044998,-2.1759775834416777,0.3560858289152454,0
882,2024-09-25 15:10:36.108635010,0,017,-0.8146515406089593,0.10991472614157566,0.33985448546879393,-0.12846667143424745,-0.13477566917461956,0.01462768062411207,-2.423481359265098,0.3896026303000979,0
883,2024-09-25 15:10:36.170077148,0,017,-0.8794270201837845,0.1183414233525143,0.31521922684132714,-0.1135303650529313,-0.18580398325224626,0.031964017309529635,-2.6175970155114876,0.41626526025046007,0
884,2024-09-25 15:10:36.246802979,0,017,-0.9372298986706497,0.12611136092902547,0.262732819401455,-0.09254338823922803,-0.24211210651109827,0.05038034375553547,-2.7595925082328363,0.435935252121207,0
885,2024-09-25 15:10:36.308355957,0,017,-0.9858745216238605,0.133061691435017,0.18545777505571354,-0.06587212410879471,-0.3031063672389839,0.06978000185918326,-2.853258780759875,0.4488289617002651,0
886,2024-09-25 15:10:36.385605957,0,017,-1.0232397493055334,0.13902351155430304,0.08741943691604466,-0.03409663685644325,-0.3678211385316868,0.0900041809247498,-2.9045437824648137,0.45556283466758857,0
887,2024-09-25 15:10:36.456227051,0,017,-1.0474551682263098,0.14383935374697104,-0.02674084974322723,0.0020279234580745284,-0.43484834525002647,0.11081299488811715,-2.9210056252329695,0.4571696163368676,0
888,2024-09-25 15:10:36.509232910,0,017,-1.0570829568530222,0.14738508903091102,-0.15206687550043477,0.04161317877760313,-0.5023493307808082,0.13188108488456543,-2.911183245052786,0.4550841575317329,0
889,2024-09-25 15:10:37.467353027,0,017,-1.0512244135382052,0.149584742953317,-0.28343635719517124,0.08366219423380923,-0.5681507531431059,0.1528125796250955,-2.8840004118257383,0.4510854708408025,0
890,2024-09-25 15:10:37.535173828,0,017,-1.0295395719306297,0.15041025528714805,-0.4155485492788047,0.12707076029042663,-0.6298910973067521,0.17316926215434147,-2.848171766466951,0.44716599461071327,0
891,2024-09-25 15:10:37.597312012,0,017,-0.9922321693850207,0.14987188064797463,-0.5428786847051686,0.17062489821755508,-0.6851846146033548,0.19250348996012498,-2.811570616092065,0.4453269870772121,0
892,2024-09-25 15:10:37.659360107,0,017,-0.9400414320095037,0.148011949628882,-0.6597248326695381,0.21301034452794157,-0.7317781329982871,0.21038899763348365,-2.7806457278311743,0.4473500431868991,0
893,2024-09-25 15:10:37.738604980,0,017,-0.874232687131284,0.14490805458516395,-0.7604031395017331,0.25283566953881736,-0.7676834091880569,0.2264441246571392,-2.759908506343918,0.45458797182909244,0
894,2024-09-25 15:10:37.806350830,0,017,-0.7965624491913615,0.14068048257051163,-0.8396828909984272,0.28868579928275184,-0.7912860354968461,0.24034371610526556,-2.7513570641218412,0.46776677680167134,0
895,2024-09-25 15:10:37.860320068,0,017,-0.7092098861384348,0.13549436078340324,-0.8935169562085576,0.3192280153632079,-0.8014538998152241,0.2518213755425695,-2.75387397443206,0.4868030563082251,0
896,2024-09-25 15:10:38.817412109,0,017,-0.6146788580918222,0.12955286687486836,-0.9198328945168571,0.3433463044789483,-0.7976590713760942,0.26067120910456,-2.762953287509359,0.5107091643567355,0
897,2024-09-25 15:10:38.879540039,0,017,-0.5156731100300972,0.12308572002798876,-0.9189647749737727,0.3602447575947087,-0.7800757618811399,0.2667551624578908,-2.7710771040647266,0.5376592712810099,0
898,2024-09-25 15:10:38.941669922,0,017,-0.4149471830656703,0.11633694546728991,-0.8935524692880825,0.36949528917240987,-0.749584929838555,0.27000904054319846,-2.768725052189684,0.5652117489794634,0
899,2024-09-25 15:10:39.020829834,0,017,-0.3151508439171068,0.10955120172457714,-0.8480993866769727,0.37105265136815885,-0.7076610113089189,0.2704378348821649,-2.7457749927328363,0.5906286595741412,0
900,2024-09-25 15:10:39.088603027,0,017,-0.2187002350460216,0.10295892823852593,-0.7884399977900536,0.36525351522041477,-0.6561863264042666,0.26810346987638606,-2.6930275661239653,0.6112309181810547,0
901,2024-09-25 15:10:39.143071045,0,017,-0.127698869273519,0.09676518290348242,-0.7211906530418054,0.3527855722669528,-0.597249608001776,0.26311535798387065,-2.6035683328047097,0.6247281435760493,0
902,2024-09-25 15:10:39.219732910,0,017,-0.04390914693143145,0.0911464332487749,-0.6531257823774911,0.3346133355288116,-0.5329518884342649,0.25562734963569234,-2.4736827705408846,0.6294608179104035,0
903,2024-09-25 15:10:40.142437012,0,017,0.031234796994173995,0.08625406507550305,-0.590461985543541,0.3118792063935598,-0.4652299506357572,0.24583700010242374,-2.303200822659237,0.624518754752779,0
904,2024-09-25 15:10:40.210257079,0,017,0.09658783034657036,0.08222022116784199,-0.538188031824704,0.285818293403547,-0.3957216771226285,0.23398431055604618,-2.0953445752689914,0.6097368662721193,0
905,2024-09-25 15:10:40.275850098,0,017,0.15125230588438887,0.07916299497917333,-0.49962154953219606,0.25769973407410895,-0.32570136046545545,0.220352093735063,-1.8562312233469633,0.5855956654818767,0
906,2024-09-25 15:10:40.345799072,0,017,0.19456078849081318,0.07718862074150376,-0.47620329876166323,0.22876792629873863,-0.25608513061908456,0.20526967941296942,-1.5942040642443505,0.5530780642716155,0
907,2024-09-25 15:10:40.399501953,0,017,0.22609964331743262,0.07638567547980185,-0.4674529984159922,0.20016820352477455,-0.18747698520869147,0.18911592439123498,-1.3191164129677626,0.5135345012253737,0
908,2024-09-25 15:10:40.481412109,0,017,0.2457686227942262,0.07680801017180933,-0.4711525799237058,0.17288410542161883,-0.12024195745662325,0.17231735110749744,-1.0415774156548796,0.46857245986268686,0
909,2024-09-25 15:10:40.539224121,0,017,0.2538504313728028,0.07845309684164495,-0.483864662100722,0.14771455649402704,-0.05462715693698637,0.15534388462261073,-0.7721932228524343,0.4199632419656376,0
910,2024-09-25 15:10:41.492600098,0,017,0.25106291044171114,0.08124836199884827,-0.5016755313117304,0.12527774582233878,0.00907004450636052,0.13870399975848433,-0.5209625788203438,0.3695690447847365,0
911,2024-09-25 15:10:41.557907227,0,017,0.23857994749680625,0.08505020341805365,-0.5208660855463938,0.10600107154089715,0.0703435572534158,0.12293295108624212,-0.29687717071871045,0.31929167076451515,0
912,2024-09-25 15:10:41.619029053,0,017,0.21801176582217746,0.08965064576968401,-0.5382870432290028,0.09007498041685877,0.12838935698088932,0.1085684400964047,-0.10753648805891006,0.2710194587949211,0
913,2024-09-25 15:10:41.681022949,0,017,0.19133185127361105,0.09478840378517484,-0.5514058083291469,0.07739025005956256,0.18209902804058659,0.09611810562274499,0.04136060920954089,0.22654334315604666,0
914,2024-09-25 15:10:41.758280029,0,017,0.16074892371086213,0.1001670284686735,-0.5581027382682964,0.06749345781023688,0.23012607748236386,0.08602750388510931,0.14653183114365573,0.18743511457710593,0
915,2024-09-25 15:10:41.831659180,0,017,0.12854492180933166,0.10547924698870768,-0.5563618060577586,0.059581587271156505,0.2710100916298777,0.07865267049633097,0.2074526304431978,0.15490608034428047,0
916,2024-09-25 15:10:41.897970947,0,017,0.09690311139411725,0.11042892373139582,-0.5440942014690536,0.05255666073257245,0.3033197948724959,0.0742378796143765,0.22642440519369117,0.12968969822956453,0
917,2024-09-25 15:10:42.834597900,0,017,0.06772921933342305,0.11474625082993097,-0.5193140687811301,0.04516715962142116,0.32575965605396023,0.07290219069871293,0.20830170270541976,0.11200447570354319,0
918,2024-09-25 15:10:42.896596924,0,017,0.04246226930736387,0.11820344155500241,-0.48063867522115106,0.03622459893255642,0.337214952395045,0.0746418354647882,0.15988334522754621,0.10161215345342375,0
919,2024-09-25 15:10:42.977657959,0,017,0.021905541337717,0.12063618698127782,-0.4278351794421576,0.024826140801742308,0.33677037555689904,0.07934921608348314,0.08915383474240825,0.09791160639868386,0
920,2024-09-25 15:10:43.035842773,0,017,0.006143242812327784,0.12196113315242786,-0.3621638814607036,0.010518019868365877,0.3237668508430079,0.0868366078645425,0.004602832766942443,0.09999335414901545,0
921,2024-09-25 15:10:43.112993896,0,017,-0.005412075848719893,0.12217646773281916,-0.286435902290317,-0.006615987311217947,0.2979185201041238,0.09685103674683573,-0.08533793987041795,0.10664378265539458,0
922,2024-09-25 15:10:43.174558105,0,017,-0.013864707368430783,0.12134844625753953,-0.20475965070812105,-0.02594299475762058,0.25943978542804585,0.10907939792125647,-0.17280271765009783,0.11634307698704147,0
923,2024-09-25 15:10:43.248152100,0,017,-0.020640840182569634,0.11959950492143319,-0.12198859053874507,-0.04635701978898668,0.2091138579646269,0.12315253779520918,-0.2508909459288467,0.1272968478502754,0
924,2024-09-25 15:10:44.192066895,0,017,-0.027303388326799374,0.1171077030550828,-0.0430290295554688,-0.06642719525281011,0.14827910484462706,0.13865367382185678,-0.31387426501175775,0.13752296347534212,0
925,2024-09-25 15:10:44.259882812,0,017,-0.03539298932596816,0.11411229933870752,0.027741939203047794,-0.0845721028230878,0.07874930032724058,0.1551294658721606,-0.3572885147930499,0.14500682919566504,0
926,2024-09-25 15:10:44.323058105,0,017,-0.0463021030546895,0.11091402314809193,0.08681397676122643,-0.09922621250613005,0.0026823726708244877,0.17210309082246217,-0.37807423673765633,0.14791868301851333,0
927,2024-09-25 15:10:44.395499023,0,017,-0.06118283662106522,0.10786432013757481,0.13168191600857326,-0.10898905031383352,-0.077586341098202,0.18909320823206122,-0.3748530111923259,0.14485974144963681,0
928,2024-09-25 15:10:44.462553955,0,017,-0.08087191151928151,0.10534420030447522,0.16087221583216305,-0.11274755398389427,-0.1597002564613215,0.20563882895223717,-0.34831693899690014,0.13508923466228762,0
929,2024-09-25 15:10:44.524218994,0,017,-0.1058211423174371,0.10373479555871493,0.17389259193746412,-0.10975769208317386,-0.241375232133008,0.2213216509731276,-0.3015722180669647,0.1186794054242194,0
930,2024-09-25 15:10:44.598885010,0,017,-0.13605570582437887,0.10338373371864859,0.1711410324499276,-0.0996894176190096,-0.32043006109852873,0.23577764664444797,-0.24015217771203945,0.09655524289429067,0
931,2024-09-25 15:10:45.542810059,0,017,-0.1711923397972439,0.104574373333296,0.15383264891003035,-0.08265830256105937,-0.3948039591032864,0.2486989091453861,-0.1715359321613056,0.07041210057094699,0
932,2024-09-25 15:10:45.610657959,0,017,-0.21051180981065937,0.10750514978150404,0.12393623777630813,-0.05925129234616269,-0.46259839214645604,0.2598337864845171,-0.10436316697245743,0.04254615111328331,0
933,2024-09-25 15:10:45.678489990,0,017,-0.253038143566016,0.11228301436013904,0.08403638310047933,-0.030517148620457752,-0.5221301122975046,0.26899097464606675,-0.04768385150600685,0.015642457851031043,0
934,2024-09-25 15:10:45.746247070,0,017,-0.29757912611274934,0.11892762538809021,0.03709734458713646,0.002111150506069109,-0.5719675404501393,0.2760452784619123,-0.010353878498577716,-0.007456466698221693,0
935,2024-09-25 15:10:45.804714844,0,017,-0.34273569793280906,0.12737856110842521,-0.01377230418307975,0.03695039144640614,-0.6109529177695475,0.2809394738548166,-0.0004629497491525195,-0.023996620272159416,0
936,2024-09-25 15:10:45.867198975,0,017,-0.3869358625887115,0.13750372883925324,-0.06546411717350864,0.07220887811022239,-0.6382339468544661,0.28368160210261245,-0.024723244716485675,-0.031561578816208365,0
937,2024-09-25 15:10:45.949687988,0,017,-0.42852434927558825,0.1491121328897551,-0.11498358923524327,0.10610828542741704,-0.6533115265458996,0.2843405822113249,-0.08789264546169225,-0.02829655610682315,0
938,2024-09-25 15:10:46.863957764,0,017,-0.4658746381608664,0.16196775869045218,-0.1596753243239324,0.13700403002458095,-0.6560755424043528,0.2830382011314173,-0.19234549854544641,-0.013071456306518143,0
939,2024-09-25 15:10:46.926444092,0,017,-0.49747548958444304,0.1757958701768316,-0.19758246295880388,0.16352295994346897,-0.6467926029606305,0.27993140603874533,-0.33783696524750345,0.01444427082512256,0
940,2024-09-25 15:10:47.003374023,0,017,-0.5219912724094677,0.19028170450225754,-0.22777962484236108,0.18469191651549374,-0.6260499441018481,0.2751863020595679,-0.5214499371150457,0.053799380972404075,0
941,2024-09-25 15:10:47.065592041,0,017,-0.5383280159634073,0.20507364825637212,-0.25045946925569246,0.2000045118647345,-0.5947021592449755,0.268956476122493,-0.7377119021421958,0.10384924885619555,0
942,2024-09-25 15:10:47.138915039,0,017,-0.5457107318807255,0.21979958266669403,-0.2666599769077639,0.20939612075198816,-0.5538491914840227,0.2613752752427196,-0.9788563591024079,0.1628682517587747,0
943,2024-09-25 15:10:47.206720215,0,017,-0.5437470848566159,0.23409104953186444,-0.2777068132661967,0.21313837332356617,-0.5048215439884879,0.2525561282407271,-1.2351684742010562,0.22863415526121683,0
944,2024-09-25 15:10:47.274592041,0,017,-0.5324698506877298,0.2476061866500898,-0.28456640402523015,0.21169011985909952,-0.44914344277113105,0.2425905250024317,-1.4953870830522498,0.29847851843918544,0
945,2024-09-25 15:10:48.217906006,0,017,-0.5123705013953975,0.2600501994248703,-0.28730830838386395,0.2055497448559393,-0.3884782192482104,0.23154565987582823,-1.74723048222371,0.36936358988558443,0
946,2024-09-25 15:10:48.270860107,0,017,-0.4844120505129316,0.27119365199805145,-0.2848318338831668,0.19515493235432085,-0.3245515671435478,0.21946744349385688,-1.9781635284165953,0.43805188294729946,0
947,2024-09-25 15:10:48.353591064,0,017,-0.4499833388785465,0.2808809688718984,-0.2749436894519998,0.18085857061852914,-0.25901793914706245,0.20638203615628095,-2.1764740629271118,0.5013737864837057,0
948,2024-09-25 15:10:48.421333008,0,017,-0.4107827300403576,0.2890218323340962,-0.25476359096143153,0.16296561767924858,-0.19327625234265267,0.19228823741359075,-2.332561401517291,0.5565377183345299,0
949,2024-09-25 15:10:48.489110840,0,017,-0.36866858795874213,0.2955719841305613,-0.2213358772354329,0.14178770667236867,-0.12831862543549452,0.17715146742197496,-2.440139472802802,0.6014036853056507,0
950,2024-09-25 15:10:48.548214111,0,017,-0.32552224268367747,0.30051745109517836,-0.17228619705807138,0.11769215142313356,-0.06469253677490991,0.1609178460097941,-2.497036072565691,0.6346539426520105,0
951,2024-09-25 15:10:48.624589844,0,017,-0.28313686236939717,0.30386699320896865,-0.10637306192781842,0.09115273379853078,-0.0025782881661769,0.14355010077496635,-2.5054304824237192,0.6558329187680078,0
952,2024-09-25 15:10:49.568006104,0,017,-0.24312416684194443,0.3056483253381085,-0.02384556877880588,0.06281063018337152,0.058070765751184174,0.1250681641201715,-2.4714922229525436,0.6652716891008801,0
953,2024-09-25 15:10:49.635834961,0,017,-0.20683762239111428,0.305907145304756,0.07338220292847902,0.0335330282114959,0.11737468284089271,0.10557746859740602,-2.4044488347884343,0.6639400703911237,0
954,2024-09-25 15:10:49.702385986,0,017,-0.175320744231729,0.3047131806691681,0.18169481510132204,0.0044356491429192214,0.17539021472404495,0.08527964567554962,-2.3152293041291294,0.6532688113929211,0
955,2024-09-25 15:10:49.771457031,0,017,-0.1492831350079717,0.3021714665640317,0.2959157253830908,-0.023166506936177996,0.23201704628258796,0.06446608357384628,-2.2149584535693787,0.6349628097113086,0
956,2024-09-25 15:10:49.825495850,0,017,-0.12909885887321668,0.29842843762211335,0.4097202569044157,-0.047881746226713685,0.2869666938834262,0.043495589473488784,-2.1136362446391974,0.6108195729012393,0
957,2024-09-25 15:10:49.907022949,0,017,-0.11482916315982991,0.29366719447492867,0.5162964469083073,-0.06839467659799921,0.3397862708724742,0.022762445946119005,-2.0192507131246833,0.5825800171177511,0
958,2024-09-25 15:10:49.965298096,0,017,-0.10627275846148716,0.2880978998556001,0.6090518182592001,-0.08360012202865884,0.3899127622804782,0.002664191867743433,-1.93733323719154,0.5518309067307297,0
959,2024-09-25 15:10:50.888270996,0,017,-0.10302571992475654,0.28194820948006727,0.6821858057442979,-0.09269871831797051,0.4367440289410772,-0.016427972362027202,-1.8708041201544416,0.5199530809725881,0
960,2024-09-25 15:10:50.960962891,0,017,-0.10452461503037706,0.2754486537947972,0.7311354112588595,-0.09525912926510471,0.47971404324551525,-0.03419900323773416,-1.8200468537709735,0.48810818237246784,0
961,2024-09-25 15:10:51.028803223,0,017,-0.11007074318696199,0.26880904828513535,0.7529549208322021,-0.09124839235675994,0.5183477579223142,-0.05041846538987939,-1.7832559178383047,0.45726398323396206,0
962,2024-09-25 15:10:51.089443848,0,017,-0.11885745980883955,0.2621942357866256,0.7465505554745945,-0.08102014857666999,0.5522797266109152,-0.0649591255929021,-1.757011136476688,0.4282381384906198,0
963,2024-09-25 15:10:51.151081055,0,017,-0.13001829425832137,0.25571173012436915,0.7126519773809841,-0.06525748844903094,0.5812482148624386,-0.07780000460637071,-1.7369222116663712,0.40171988228766753,0
964,2024-09-25 15:10:51.228831055,0,017,-0.14269014289032533,0.2494138062072705,0.6535919980638397,-0.044891287922952425,0.6050839042874108,-0.08901840969603725,-1.7182708734107828,0.37825600295907136,0
965,2024-09-25 15:10:51.290420898,0,017,-0.1560765719173527,0.24330729064508375,0.5731146522061289,-0.021028656269375914,0.6236865883546614,-0.09877800802834234,-1.696710180869355,0.358237840037246,0
966,2024-09-25 15:10:52.242125977,0,017,-0.16951384448019274,0.23736780226156284,0.47632713234915197,0.005088331099972644,0.6369722681592707,-0.10731179418145799,-1.6689627609388533,0.3419251531565525,0
967,2024-09-25 15:10:52.309969971,0,017,-0.18254508434165015,0.231561456298252,0.369692912514507,0.03210185294769542,0.6448067976290612,-0.11489457658002428,-1.6332225737233117,0.3294848265325325,0
968,2024-09-25 15:10:52.367113037,0,017,-0.19497765851040127,0.22587253665714827,0.2608428567637856,0.05856388849614134,0.6469718324027856,-0.12180615511226728,-1.589082731160662,0.320994538267896,0
969,2024-09-25 15:10:52.445584961,0,017,-0.2068872938879292,0.2203268737227821,0.15803921798870854,0.08299999634038993,0.6431931205596663,-0.1282944941846907,-1.537203244459209,0.3163964629401277,0
970,2024-09-25 15:10:52.513329102,0,017,-0.21856034475059133,0.21500054758093726,0.06935011173420119,0.10402270906256654,0.6332215197072106,-0.1345487008830415,-1.4790236062996225,0.31542406078622187,0
971,2024-09-25 15:10:52.567082031,0,017,-0.2303926370092312,0.21001142150526314,0.001798991016197194,0.12046754530390368,0.6169281988135183,-0.14068436359441844,-1.4165793934051873,0.317537576000473,0
972,2024-09-25 15:10:52.644250000,0,017,-0.24276686250021864,0.2054980524036363,-0.03928069723830066,0.1315069865028652,0.5943760900639825,-0.14673708716099595,-1.352336089036419,0.3219028856538788,0
973,2024-09-25 15:10:53.584976807,0,017,-0.2559241321664218,0.20159249409730917,-0.050654437343494306,0.1367199665288661,0.5658543362235934,-0.15266146786288565,-1.2890020792755978,0.32743488727313286,0
974,2024-09-25 15:10:53.647464111,0,017,-0.2698570192631856,0.19839485786638117,-0.031396937972877834,0.136116284092609,0.5318842608800499,-0.15833814287397294,-1.2293317475300605,0.33290587018969264,0
975,2024-09-25 15:10:53.727293945,0,017,-0.28427345705334867,0.1959601456574774,0.01713777339162243,0.13011103392913886,0.4932095496879416,-0.16359151052330212,-1.1759162015805107,0.337088952265669,0
976,2024-09-25 15:10:53.794205811,0,017,-0.298651303465543,0.19430341317693853,0.09158451840940093,0.11945454760649325,0.4507795534030637,-0.16821516120117738,-1.1309155086796516,0.33887217469586206,0
977,2024-09-25 15:10:53.847956787,0,017,-0.31232745617514984,0.19341612100495523,0.18689974703923082,0.10516191292244287,0.4057346397839491,-0.1719987035944796,-1.0956989643129809,0.33729230276905525,0
978,2024-09-25 15:10:53.925340820,0,017,-0.3245471258033469,0.1932782592879219,0.2965856055433337,0.08848637010187217,0.35939862304359016,-0.1747519800529094,-1.070519401712549,0.33151498920657396,0
979,2024-09-25 15:10:53.998583008,0,017,-0.33446836050292206,0.1938571711393871,0.4128426458099925,0.07091896772919326,0.31326187338727685,-0.17632602266098027,-1.0544720139511863,0.3208377828316492,0
980,2024-09-25 15:10:54.939867920,0,017,-0.3411761863749141,0.1950980439688611,0.5268278646144319,0.054155818880253066,0.26892268227182947,-0.17662927586068275,-1.0458476933006788,0.30474783379145676,0
981,2024-09-25 15:10:55.002742920,0,017,-0.34374077668083125,0.19691864267067355,0.6291246108231527,0.040007287393192204,0.22797954171008028,-0.17563484809815685,-1.0427508678236566,0.28300479747104895,0
982,2024-09-25 15:10:55.064775879,0,017,-0.34129913598830336,0.19921498237775725,0.7104109303807231,0.030266726766077938,0.19191203492183928,-0.17337749398712393,-1.0437538296405076,0.2557207231388788,0
983,2024-09-25 15:10:55.145185059,0,017,-0.3331226415333444,0.2018724390434339,0.7623113520875425,0.026550342919190062,0.16199519236671528,-0.16994658274324656,-1.048367365271981,0.22342461410788197,0
984,2024-09-25 15:10:55.203825928,0,017,-0.31866552849793117,0.20477375163429412,0.7784273683847269,0.030106988564848093,0.1392513002834307,-0.16548060072484058,-1.0571862251004844,0.1870877239839322,0
985,2024-09-25 15:10:55.280582031,0,017,-0.2976183829080385,0.2078042741455321,0.7554002748620957,0.04162388006861139,0.124411455020545,-0.16015939167067647,-1.0717519231538233,0.14809375523213875,0
986,2024-09-25 15:10:55.342610107,0,017,-0.26996706709171236,0.21085893507670933,0.6937036184286131,0.061079623159314894,0.11787596448023002,-0.15418931813474046,-1.0942973726542344,0.10816811166234505,0
987,2024-09-25 15:10:56.290203125,0,017,-0.2360183873287998,0.21384730618147857,0.5979021077234938,0.08767891637759993,0.11968696923276903,-0.14778572716652755,-1.1274527133035777,0.06927861768461681,0
988,2024-09-25 15:10:56.352722900,0,017,-0.1963734858145535,0.216690211753853,0.4763029970895379,0.1198801230329052,0.1295171922879271,-0.1411603179732623,-1.173893668493054,0.03350744955610529,0
989,2024-09-25 15:10:56.428137939,0,017,-0.15188982064165193,0.21931306597728864,0.34008323686168856,0.1555249898551475,0.14666487006625942,-0.13451399185025062,-1.2359707616522202,0.0029108903025376726,0
990,2024-09-25 15:10:56.491449951,0,017,-0.10368150890497066,0.22164960717633886,0.2020312094044701,0.1920660691473275,0.17005615563503312,-0.1280287976773822,-1.3154245629085668,-0.02060344326177381,0
991,2024-09-25 15:10:56.555021973,0,017,-0.05314795742245453,0.22365945136528367,0.07507423559743523,0.22684975184923215,0.19827207041729872,-0.12185435960400433,-1.4132390361386098,-0.03537089788739593,0
992,2024-09-25 15:10:56.631580078,0,017,-0.0019743738187128212,0.22534678821677395,-0.029200317071384645,0.25739424213826195,0.22961549525824573,-0.11609410276745298,-1.5295945731527674,-0.04005098980351083,0
993,2024-09-25 15:10:56.693262939,0,017,0.04792568435755493,0.22676717158498652,-0.10180426325353897,0.2816160933235109,0.26221636620169164,-0.11080152605114169,-1.6638492972567698,-0.03371785414396433,0
994,2024-09-25 15:10:57.617445068,0,017,0.09450026471945312,0.22802337092614927,-0.13714290278234803,0.2979725187042136,0.29415643642441974,-0.10598774577784488,-1.814476236159301,-0.015966758569170642,0
995,2024-09-25 15:10:57.685303955,0,017,0.13565116876581956,0.22925861639486703,-0.13320940099862047,0.30550446868606845,0.3235989142241523,-0.1016323423758709,-1.9788825840301707,0.012971022750796486,0
996,2024-09-25 15:10:57.752902100,0,017,0.16934015074340572,0.2306480243633414,-0.09132338811370867,0.3038064008008339,0.3489209370990225,-0.09769348682594516,-2.153107435627828,0.052119066987867495,0
997,2024-09-25 15:10:57.820866211,0,017,0.1937334251902761,0.23238145052171583,-0.015683687236146153,0.29297324324765217,0.36883986226034543,-0.09412046878652734,-2.331558881190234,0.09968542861081645,0
998,2024-09-25 15:10:57.877001953,0,017,0.2073688174374303,0.2346362216302111,0.08714791195239781,0.2735541211585343,0.3825113214971197,-0.09087048053712131,-2.5070125241380588,0.15307663066945712,0
999,2024-09-25 15:10:57.954706055,0,017,0.20930251980928227,0.2375484926563504,0.20887498197305002,0.24650707520879206,0.3895841844815275,-0.08792627037570705,-2.670935597918569,0.20902047889592545,0
1000,2024-09-25 15:10:58.024260986,0,017,0.1992172900584736,0.2411917905879326,0.34026685615302643,0.2131291506720115,0.3902161188055489,-0.08531067848722293,-2.8140554820695955,0.2637974765878863,0
1001,2024-09-25 15:10:58.961358154,0,017,0.17750430471224732,0.24556097993699913,0.47213176313424543,0.1749409799174494,0.3850594437626515,-0.08309828912739321,-2.9271175827421088,0.3135706446208356,0
1002,2024-09-25 15:10:59.023479980,0,017,0.14531114274348852,0.25055740157528,0.5963432639461492,0.13353897573248893,0.37521562905070527,-0.08142551086278232,-3.0018096866572357,0.35478426951527103,0
1003,2024-09-25 15:10:59.103197998,0,017,0.10450855230344887,0.2559819401123108,0.7066479802349296,0.09046613804405637,0.36215478351190494,-0.08049539564255394,-3.0317399532478744,0.3845672170280658,0
1004,2024-09-25 15:10:59.170963135,0,017,0.057546912861596695,0.26154773254209074,0.7989875863085659,0.047147062971464516,0.3476158967951921,-0.08057111780430845,-3.013239046577546,0.4010480417714014,0
1005,2024-09-25 15:10:59.238046875,0,017,0.0072354319538892355,0.2669125426177365,0.8713193953065591,0.004878187547320807,0.3335068978847247,-0.08195706437671153,-2.9457812405854042,0.4035043058540389,0
1006,2024-09-25 15:10:59.299133057,0,017,-0.0435076854039072,0.2717187982583137,0.9231886357798136,-0.035184110906186734,0.3217958309664395,-0.08497108032294752,-2.8320197403436307,0.3923386472936283,0
1007,2024-09-25 15:10:59.374355957,0,017,-0.0919170101814451,0.2756304195721572,0.9553137823346686,-0.072072777665617,0.3143689199915968,-0.08990936475930487,-2.677624411955499,0.3689395547294539,0
1008,2024-09-25 15:11:00.313381836,0,017,-0.13563770581373183,0.2783634635812055,0.9692248611163318,-0.10505850957995734,0.3128549201434932,-0.09700340832445628,-2.4910690580419,0.33548212510400405,0
1009,2024-09-25 15:11:00.385967041,0,017,-0.17292918610898628,0.2797100198292947,0.9668780569564959,-0.1336420687118262,0.31845108550511936,-0.10637425722620959,-2.283275826336264,0.294682260644453,0
1010,2024-09-25 15:11:00.453505127,0,017,-0.2027580064660036,0.27954946111649037,0.9503256381134627,-0.15750509797827858,0.3317910609549252,-0.11799724296962333,-2.066952438102598,0.24951881060517103,0
1011,2024-09-25 15:11:00.515047119,0,017,-0.22477590579823178,0.2778412034264139,0.9216612409714218,-0.17648054615403322,0.3528658606974449,-0.13168890389262655,-1.8557028475921094,0.20298283042349732,0
1012,2024-09-25 15:11:00.580937012,0,017,-0.23923786757846957,0.27460613136239564,0.8833104594723514,-0.1905608343032233,0.38099189900634095,-0.14711811173193814,-1.6631166892443663,0.15790665005274218,0
1013,2024-09-25 15:11:00.657252930,0,017,-0.24690799425178903,0.2699127925361426,0.8384713166127011,-0.19991014106396324,0.4148358757580231,-0.16383464524210983,-1.5018263476614593,0.11684941159937887,0
1014,2024-09-25 15:11:00.717117188,0,017,-0.2489455935077441,0.2638744360640462,0.7914430102978463,-0.2048602375909966,0.4525197489429845,-0.18130710466212782,-1.3824251603016906,0.08197847594906808,0
1015,2024-09-25 15:11:01.661820801,0,017,-0.2467495935524961,0.2566486331965722,0.7476873701199966,-0.20590031512850293,0.49180193655323906,-0.19896507490334772,-1.3123596504628983,0.05493113127134174,0
1016,2024-09-25 15:11:01.735572998,0,017,-0.24179322678874937,0.24843365769578388,0.7135365212750329,-0.20365965157904667,0.5302732176501217,-0.21623778513073302,-1.2950522723735374,0.03669053810353046,0
1017,2024-09-25 15:11:01.791976074,0,017,-0.23551638561798494,0.2394675881008104,0.6955034709434416,-0.1988540948451936,0.565487477874995,-0.23257634047541978,-1.3294692504001848,0.02751895252715711,0
1018,2024-09-25 15:11:01.869220947,0,017,-0.2292914387491452,0.23003471148337212,0.6992947728919001,-0.19217740483130333,0.5950121238217441,-0.24745376438549835,-1.4103090803601601,0.026980134173068507,0
1019,2024-09-25 15:11:01.930911133,0,017,-0.22440954179515873,0.22047033354939832,0.7288017451818058,-0.18416050732150874,0.6164598900351926,-0.2603534831318919,-1.5288683044323208,0.03405928871413228,0
1020,2024-09-25 15:11:01.993396973,0,017,-0.22204076079138813,0.21114962592687564,0.7853443019644709,-0.1750410695695575,0.627561455455967,-0.2707635785211951,-1.6743683229930169,0.047354606869679974,0
1021,2024-09-25 15:11:02.070254150,0,017,-0.2231686987930752,0.2024559906743261,0.867250798280034,-0.16467080702151257,0.626278398494772,-0.27818522717517113,-1.8353592819466942,0.06529193851911022,0
1022,2024-09-25 15:11:02.981853027,0,017,-0.22851780420339854,0.19473996680411235,0.9697731728477423,-0.1524861664177044,0.6109263373793232,-0.2821515552968972,-2.000934276892666,0.08632322186522227,0
1023,2024-09-25 15:11:03.060105957,0,017,-0.23848502099977612,0.18828651048086942,1.0854373185162407,-0.13758338801253722,0.5803001873530315,-0.2822511683715258,-2.1616893193537927,0.1090950663913179,0
1024,2024-09-25 15:11:03.121777100,0,017,-0.2530842613422038,0.1832991926503296,1.2048949161507208,-0.11891316710110589,0.5338101078010573,-0.2781572196540371,-2.3104147559401604,0.1325821636014029,0
1025,2024-09-25 15:11:03.195727051,0,017,-0.2719164027796959,0.17989631822111635,1.3180684756523438,-0.09553787779265979,0.4716081922611198,-0.2696628442898299,-2.4424679576252672,0.15617418865120017,0
1026,2024-09-25 15:11:03.263572021,0,017,-0.29418601466827743,0.17811310948675874,1.4151997728433572,-0.06685344876009984,0.39464531148737264,-0.25671216110956346,-2.555803299610201,0.17970550562604493,0
1027,2024-09-25 15:11:03.331399902,0,017,-0.3187750065321408,0.17791029806610437,1.4875710900004133,-0.03271661099960526,0.3046119354440246,-0.23941019842240135,-2.650690219443883,0.20341237863573347,0
1028,2024-09-25 15:11:03.398001953,0,017,-0.3443451344145182,0.1791871582137794,1.5279859014815393,0.006513364617819335,0.20379558886476287,-0.21800931451552494,-2.7291623247688337,0.22779758307220144,0
1029,2024-09-25 15:11:04.337048096,0,017,-0.369430251561194,0.18179146580221575,1.5312355316005277,0.04998091571042293,0.09493973304403483,-0.19288854975771977,-2.7942383160372803,0.253411296964662,0
1030,2024-09-25 15:11:04.409878906,0,017,-0.39252357492142426,0.18552453334625274,1.4946469188813285,0.09636694622227548,-0.01885517123439743,-0.16454130939792036,-2.8489965378486075,0.28060730814052615,0
1031,2024-09-25 15:11:04.476941162,0,017,-0.41219801948589535,0.19015023550186294,1.4185639361071418,0.14395232634434077,-0.13421478994109992,-0.13357083175349352,-2.895668590004216,0.3093523241659728,0
1032,2024-09-25 15:11:04.545569824,0,017,-0.42726188933592363,0.19541565457215027,1.306513573659371,0.19072256220562536,-0.24758827343723383,-0.10068385774089426,-2.9349452727993186,0.33913123535928136,0
1033,2024-09-25 15:11:04.613285889,0,017,-0.4368974502308012,0.20107852721487848,1.164984853999314,0.23450090876873447,-0.3553642778883195,-0.066675099263215,-2.965597913840723,0.3689373136397473,0
1034,2024-09-25 15:11:04.676749023,0,017,-0.44073515578134675,0.2069298887249275,1.0029682870328285,0.2730804382627798,-0.4540041796484613,-0.03240140133405,-2.9844106065441136,0.39731858663681224,0
1035,2024-09-25 15:11:04.738290039,0,017,-0.4388675640787421,0.21280639228122727,0.8313434913125491,0.30435545199612046,-0.5401927377236694,0.0012509315022592713,-2.9864058641834257,0.4224778314988655,0
1036,2024-09-25 15:11:05.692135986,0,017,-0.4318258725932222,0.2185951263377126,0.6620117529127967,0.3264875356009612,-0.6110009977791396,0.0334034217208018,-2.965426656318046,0.44245026604355325,0
1037,2024-09-25 15:11:05.744568115,0,017,-0.42051379080344,0.22423298272679779,0.5067215629227066,0.33811575870326604,-0.6640428199748566,0.06322675397646446,-2.915157415632525,0.45536706573350005,0
1038,2024-09-25 15:11:05.827824219,0,017,-0.40608309647065516,0.2296968031908644,0.37579521609600547,0.33856011576599526,-0.6975979652924549,0.0899806891374716,-2.830403003548584,0.45975188652892623,0
1039,2024-09-25 15:11:05.895641113,0,017,-0.38977565709640427,0.23498284029534078,0.277103712144137,0.3279455107372714,-0.7106931801822176,0.11304361014375339,-2.7081035491664953,0.45475606704656885,0
1040,2024-09-25 15:11:05.960124023,0,017,-0.372790525187993,0.2400844302989521,0.21550328375010971,0.307207131464082,-0.7031570040437221,0.1319300576574373,-2.5477085563350337,0.4402803105713942,0
1041,2024-09-25 15:11:06.022188965,0,017,-0.3562044588692235,0.2449792037099697,0.1927093842299115,0.27798352370333373,-0.6756514301832759,0.14630355210522714,-2.351087007339595,0.41700633581253854,0
1042,2024-09-25 15:11:06.085030029,0,017,-0.34091933580289585,0.24962608113065635,0.2075153442671323,0.24242178280653376,-0.6296548037226419,0.15598888430942032,-2.1223875357523805,0.38637839804593155,0
1043,2024-09-25 15:11:07.042566162,0,017,-0.3276046278837764,0.2539624322259685,0.2563237391351784,0.20292703664077621,-0.567380987472868,0.16097853767812081,-1.8679770143735095,0.35053726389003603,0
1044,2024-09-25 15:11:07.101764893,0,017,-0.3166440572909007,0.25789588610592146,0.3339119479214593,0.1619066424208022,-0.49166423682580146,0.161428035764251,-1.5962565075212731,0.3121779104274499,0
1045,2024-09-25 15:11:07.178187012,0,017,-0.30811837664098407,0.2612971802953886,0.4342660033014487,0.12155614763513418,-0.4058488722945549,0.157643269401567,-1.3171527690413198,0.2743087498806522,0
1046,2024-09-25 15:11:07.238343994,0,017,-0.3018320437683042,0.26400380442292715,0.5513186143241083,0.08370650217554135,-0.3136742824141773,0.15006389399718725,-1.0413371856501774,0.23993322704797934,0
1047,2024-09-25 15:11:07.299906006,0,017,-0.29736119821331974,0.2658343972664776,0.6794271478685757,0.049743388711923374,-0.21911638589645152,0.13924107087704485,-0.7794164244596418,0.21171614590151527,0
1048,2024-09-25 15:11:07.377746094,0,017,-0.29410835323439427,0.26660474846411664,0.8134861439309042,0.020609812749273676,-0.12618419158912444,0.12580808163279758,-0.5412986012785685,0.19170577263030536,0
1049,2024-09-25 15:11:07.438947021,0,017,-0.29137332214230716,0.2661399261970969,0.9487923585019373,-0.00312191403818221,-0.03870612565905591,0.11044766623958946,-0.33578412884167064,0.18116470495620438,0
1050,2024-09-25 15:11:08.363181152,0,017,-0.28843980119936585,0.2642856135992297,1.0809241242690297,-0.0211516351814368,0.03987495888159834,0.09385983429887203,-0.17030212640231912,0.1805260574496411,0
1051,2024-09-25 15:11:08.436085938,0,017,-0.28464583739634847,0.2609206850826196,1.205752715516654,-0.033365078055818606,0.10669813370386172,0.07672914808646615,-0.05066043375616972,0.189455774149257,0
1052,2024-09-25 15:11:08.503875977,0,017,-0.27941375305552624,0.25596562517812715,1.3194953610819962,-0.0397716776242192,0.15964936227747886,0.05969083782617179,0.019243401371025006,0.20698933567786906,0
1053,2024-09-25 15:11:08.563507080,0,017,-0.272261712446659,0.24938275599690232,1.4187227841999674,-0.04046745910479895,0.19744480711915532,0.04330180495561887,0.0376614775861414,0.23170619006095347,0
1054,2024-09-25 15:11:08.625564209,0,017,-0.26283542513085334,0.24117393929413095,1.5003798063822065,-0.035634742244082994,0.21961236694047548,0.028024521448495713,0.0050883666894467345,0.26189818833814954,0
1055,2024-09-25 15:11:08.703672852,0,017,-0.25095778212625003,0.2313827314166414,1.5619038158857446,-0.025586013510941825,0.22641898242512185,0.014223201798119553,-0.0757724420944796,0.295699167432704,0
1056,2024-09-25 15:11:08.766158203,0,017,-0.23666263622214395,0.22009772702839003,1.6013514252434846,-0.010823947337143867,0.21879993003282172,0.0021633134379146295,-0.20011329889968682,0.3311694709446467,0
1057,2024-09-25 15:11:09.717155029,0,017,-0.22020524587055884,0.20744926654939674,1.6173221760087217,0.007938490311401007,0.19827468100956952,-0.007990975899983217,-0.361251752219265,0.36635671478904946,0
1058,2024-09-25 15:11:09.784995117,0,017,-0.20207409359285933,0.19360073365069164,1.6086357282517796,0.029830994582224296,0.166792110452727,-0.016177405276630096,-0.5510879053960275,0.39937083695831826,0
1059,2024-09-25 15:11:09.852812012,0,017,-0.18300815747710714,0.17874379243534405,1.573991154243849,0.05392414473100416,0.12650637832968295,-0.022427903250785673,-0.7607477177112614,0.4284955302891903,0
1060,2024-09-25 15:11:09.920347900,0,017,-0.16398022959292874,0.16310054290273898,1.5118885625166874,0.07930905142240312,0.07955977214647617,-0.026852248717719702,-0.98124014669011,0.4523218699277652,0
1061,2024-09-25 15:11:09.988380859,0,017,-0.14611035420159807,0.14692383578632442,1.4209044268287923,0.10512317557060592,0.02794112774568204,-0.029618748604629836,-1.2040175036572422,0.46987425425787566,0
1062,2024-09-25 15:11:10.055742920,0,017,-0.13053802709334306,0.1304894318283445,1.300154793377695,0.13055238325071322,-0.026579042388513417,-0.030936476557293553,-1.421421824531866,0.4807003243769931,0
1063,2024-09-25 15:11:10.114864990,0,017,-0.11832701302598683,0.1140871020130164,1.1496395173338907,0.15487048683268703,-0.08247366294975364,-0.031038951182795007,-1.627016342947301,0.48489680480988484,0
1064,2024-09-25 15:11:11.055224854,0,017,-0.11043004207955223,0.09801938143741616,0.9703134407494295,0.17752745894134986,-0.13845645623020197,-0.03016933622718813,-1.8158039603238354,0.4830593988745512,0
1065,2024-09-25 15:11:11.134851074,0,017,-0.1076679601113385,0.08260380330211751,0.7640668144488778,0.19821777477497146,-0.19343703405427956,-0.02857038446286708,-1.9842868374526297,0.47617134006679807,0
1066,2024-09-25 15:11:11.194464111,0,017,-0.11068132570374263,0.06816620715472517,0.5338968217766443,0.21685757584757423,-0.24645228799243205,-0.026480090143822625,-2.130263547842481,0.46545052567271683,0
1067,2024-09-25 15:11:11.256463135,0,017,-0.11986905356561313,0.05501908587883257,0.2842985246480924,0.23347663537724037,-0.29663428005666737,-0.024128210297448136,-2.2523940045274085,0.4521765143052622,0
1068,2024-09-25 15:11:11.334552002,0,017,-0.13535176038422486,0.04343179145499142,0.02164761494635484,0.2480869242250348,-0.3432398518734755,-0.021728368318835872,-2.3497548545119926,0.437531361263874,0
1069,2024-09-25 15:11:11.396560791,0,017,-0.1569641198419173,0.03360312248877578,-0.24569472048537835,0.2605854878015806,-0.38569525717219394,-0.01946650271847242,-2.421549283418532,0.4224804042076147,0
1070,2024-09-25 15:11:11.458642090,0,017,-0.1842500744129113,0.025638967001318576,-0.5077317836349472,0.27072719067204565,-0.423604228966544,-0.01749088895773258,-2.466963499893733,0.40769600220813257,0
1071,2024-09-25 15:11:12.417343994,0,017,-0.21646400741200322,0.019535499211734777,-0.7536165280865846,0.27816889182056764,-0.45672776314918767,-0.015905746399085065,-2.4851447572043828,0.39352854784941854,0
1072,2024-09-25 15:11:12.485212158,0,017,-0.2526212138782907,0.015176889937841257,-0.9726182780215624,0.28253847595373544,-0.48497743862944664,-0.014764219042265837,-2.4753287926811827,0.3800414060916358,0
1073,2024-09-25 15:11:12.553025879,0,017,-0.291607978002888,0.012356863820752503,-1.1549788807781538,0.2834727693784659,-0.5084307731304675,-0.014057961530927806,-2.437092424724431,0.3671045361733408,0
1074,2024-09-25 15:11:12.620808105,0,017,-0.33229373351710045,0.010817967078575652,-1.2925673323111513,0.2806178386663305,-0.5273325257175864,-0.013710213729093975,-2.370589548840984,0.3545002937590576,0
1075,2024-09-25 15:11:12.674181885,0,017,-0.3735870558423185,0.010288951199676715,-1.3794226115661186,0.27363433161452066,-0.5420554330243778,-0.013583064604078106,-2.2766529827261333,0.3420013856432073,0
1076,2024-09-25 15:11:12.751007080,0,017,-0.4144422945667806,0.010506697854667735,-1.4122366515370444,0.26224552343445223,-0.5530404252815169,-0.01349959505173073,-2.1568336602043194,0.3294356166894724,0
1077,2024-09-25 15:11:12.824217041,0,017,-0.45386616397542934,0.01122714975390672,-1.3906548504908414,0.24631465442059908,-0.5607497050246969,-0.013270847089699556,-2.013508854683653,0.31676655565863043,0
1078,2024-09-25 15:11:13.742451904,0,017,-0.49095213658415005,0.012237169526173115,-1.3172435965680023,0.2259073118637339,-0.5656290726919868,-0.012720516196305483,-1.8500014918705787,0.3041598381598517,0
1079,2024-09-25 15:11:13.810298096,0,017,-0.5249328068452116,0.013370213627062083,-1.1972151491317469,0.20132856387587875,-0.5680495412786613,-0.011709150293179961,-1.6705119645034292,0.29196457781796026,0
1080,2024-09-25 15:11:13.870954102,0,017,-0.5552331148554975,0.014519387771969922,-1.038141951217838,0.17315837821626426,-0.5682257904580059,-0.010158496645513994,-1.479805006253961,0.2805990146628504,0
1081,2024-09-25 15:11:13.933167969,0,017,-0.5815073592348938,0.015642234032722,-0.8496560731750556,0.14228061751730614,-0.566150803159486,-0.008067807422053973,-1.282807652148341,0.27041780841912133,0
1082,2024-09-25 15:11:14.013737061,0,017,-0.6036302738135518,0.01675466073858748,-0.642919757103873,0.10987064070929822,-0.5615883488395643,-0.005512285737558358,-1.0842586466224031,0.26163412363806604,0
1083,2024-09-25 15:11:14.072535156,0,017,-0.6216255480530686,0.017911574515763185,-0.42979229846443057,0.07732500725698187,-0.5541319468293245,-0.0026234576846669556,-0.8884195804366924,0.2542949542465523,0
1084,2024-09-25 15:11:14.135021973,0,017,-0.6355675431705045,0.019177244288942307,-0.22182455846338858,0.046147182315323,-0.5433081643404983,0.0004391829522899876,-0.698885924405162,0.24827952643783047,0
1085,2024-09-25 15:11:15.090502930,0,017,-0.645522807987894,0.02059917144983281,-0.02929979009933063,0.017820094312237213,-0.5286927118165685,0.003516382522719876,-0.5186091968030296,0.2433233462526733,0
1086,2024-09-25 15:11:15.159743164,0,017,-0.6515583519017262,0.022199248340373297,0.13944579647438907,-0.006307313834425124,-0.5100053766525833,0.006473506571571063,-0.35012596134741436,0.23908287432864692,0
1087,2024-09-25 15:11:15.215954102,0,017,-0.6537719950784742,0.02398001493079171,0.27835834637962636,-0.025128134412164854,-0.48715148293577143,0.009218261543126452,-0.19582015499843122,0.23522496057823555,0
1088,2024-09-25 15:11:15.291860107,0,017,-0.6522792139454068,0.025929668492035658,0.3838549742329343,-0.03791564950476714,-0.4602101558228107,0.01170902883002363,-0.05805268166380135,0.2315035608924581,0
1089,2024-09-25 15:11:15.354242188,0,017,-0.6471487089221823,0.028015191596384402,0.4550162129151434,-0.0444863976223516,-0.42941535460517294,0.013956043248350125,0.060902742339014465,0.22779425692932698,0
1090,2024-09-25 15:11:15.430874023,0,017,-0.6383425512410753,0.030170712279724347,0.4936063067285574,-0.04530618170215224,-0.3951705525178531,0.01602190352229299,0.15911013261937199,0.22407345722287586,0
1091,2024-09-25 15:11:15.498750000,0,017,-0.6257018751747537,0.0322923945681609,0.5036676344217518,-0.04144922106740881,-0.3580790864357022,0.018023284794968893,0.23530383394177687,0.22035481120635958,0
1092,2024-09-25 15:11:16.433031006,0,017,-0.6089614794233592,0.034237872048060135,0.4907500927821355,-0.03441172137076946,-0.31893606111245515,0.02012601167770304,0.28909222762020864,0.21662701044469115,0
1093,2024-09-25 15:11:16.509903809,0,017,-0.587769509649423,0.03582172858243224,0.4610792090556194,-0.025867154052585776,-0.27866541852236665,0.02252539327496276,0.3208831881361368,0.21283438824935857,0
1094,2024-09-25 15:11:16.577747070,0,017,-0.5617210855366013,0.03680908568948675,0.4208539438113552,-0.01744485562996519,-0.23824123242606451,0.02541610303130969,0.33159473090760144,0.2088970334768208,0
1095,2024-09-25 15:11:16.645553955,0,017,-0.5304137712948988,0.036918712953272495,0.3756729253944732,-0.010563284671810213,-0.1986229898508516,0.028964520445535585,0.32236175870505696,0.2047361172002418,0
1096,2024-09-25 15:11:16.712031981,0,017,-0.4935012506894936,0.03584097178895961,0.3300742813631531,-0.006322532776143902,-0.16069100131820202,0.033290604974826866,0.2944351512698409,0.20028233350611693,0
1097,2024-09-25 15:11:16.774517090,0,017,-0.45071852722284345,0.033263363368789246,0.2872212876604896,-0.005449129203631828,-0.12517031076127713,0.03845538490948106,0.2493549397340981,0.19546565964872598,0
1098,2024-09-25 15:11:16.836707031,0,017,-0.40188839409185706,0.02889454027683949,0.24877036624023607,-0.00827816360873299,-0.092567771643049,0.04444837760444197,0.1893286233607613,0.19018987911108493,0
1099,2024-09-25 15:11:17.792072998,0,017,-0.34694504617965966,0.02248749410515534,0.2149640465663738,-0.014765112398425284,-0.06315404381409183,0.05117813147932513,0.11759322145985435,0.1843037752305862,0
1100,2024-09-25 15:11:17.859810059,0,017,-0.28598780099537235,0.013866603203695453,0.18496954370790786,-0.024529745436821807,-0.036982601472235165,0.058473324243824905,0.038485586435107355,0.17759414480875757,0
1101,2024-09-25 15:11:17.927687988,0,017,-0.21933931204731227,0.0029535077050199298,0.15740087507498607,-0.03693269099650571,-0.013898635799825707,0.06609232933141168,-0.04286901791527299,0.16981212386121106,0
1102,2024-09-25 15:11:17.995552002,0,017,-0.14758563123984209,-0.01021934874933562,0.13088168617343957,-0.051176817770867584,0.006483745357660987,0.07373208483928598,-0.12103052708205811,0.1607058881265028,0
1103,2024-09-25 15:11:18.061475098,0,017,-0.07159859857032223,-0.025510312777671306,0.10451203211612917,-0.06641744228185606,0.024794900115365386,0.08103507530466615,-0.19059641797812785,0.1500291480266984,0
1104,2024-09-25 15:11:18.131093994,0,017,0.007470769882745309,-0.04267988831438354,0.07819172576568124,-0.08186666414892005,0.04187041998545317,0.08760157565170774,-0.2463910002419871,0.1375413996231226,0
1105,2024-09-25 15:11:18.184178223,0,017,0.0882568968194489,-0.061409545320526025,0.05279718835867824,-0.09688404117449312,0.058667005850355995,0.09301120931726747,-0.28362682964047237,0.12303815763134594,0
1106,2024-09-25 15:11:19.114958008,0,017,0.16929626869917536,-0.08132924299348959,0.03015183872176006,-0.11104076033490748,0.07615262329344205,0.09685216977623172,-0.2980805880013117,0.10640793350792974,0
1107,2024-09-25 15:11:19.177010986,0,017,0.24913460619955685,-0.10204887404474668,0.012716926975479902,-0.12413980389557219,0.09516698198410926,0.0987553373887674,-0.2861996379267081,0.08767407196266686,0
1108,2024-09-25 15:11:19.238998047,0,017,0.3263732526169094,-0.12318313468217482,0.0030617172062405293,-0.13619288959256728,0.11626401504021211,0.09843045683428787,-0.24513475675762342,0.06699983731682396,0
1109,2024-09-25 15:11:19.315675049,0,017,0.39968468784820604,-0.14436860888821307,0.0033006061449991617,-0.14737165861563192,0.13959511122160362,0.09569785865277582,-0.1728144115311934,0.04467134652458342,0
1110,2024-09-25 15:11:19.377204834,0,017,0.46787126077263735,-0.1652849318361385,0.014669834682741733,-0.15794536737241993,0.16489811625589526,0.09050438591498218,-0.06811376721837034,0.021074893733892437,0
1111,2024-09-25 15:11:19.456750000,0,017,0.5299785721194761,-0.18568511621091507,0.037337498901764944,-0.16821852487606398,0.19159739769726614,0.08291677496397923,0.06892000080305101,-0.0033257087008977124,0
1112,2024-09-25 15:11:19.517147949,0,017,0.5853956021873133,-0.20542127838667418,0.07045879915362674,-0.1784876689574813,0.21895253038546503,0.07310012961639001,0.23679359504616382,-0.028008839316601725,0
1113,2024-09-25 15:11:20.467842041,0,017,0.6338862865730591,-0.22445018779390896,0.1123707702738457,-0.18901299492081722,0.24618507792279323,0.06129587381540067,0.43224959608132846,-0.052415710480174335,0
1114,2024-09-25 15:11:20.535687988,0,017,0.6755580199193982,-0.24281937088593006,0.16076026294828585,-0.199978936277407,0.2725505722712571,0.04780611114541369,0.6500011669274871,-0.07597468918661812,0
1115,2024-09-25 15:11:20.603500977,0,017,0.7107860979312157,-0.26064381245915313,0.21275749780762168,-0.21144767234383896,0.2973460048550182,0.03298482400261824,0.8826814742313512,-0.09811836380306581,0
1116,2024-09-25 15:11:20.671281006,0,017,0.7400932066921586,-0.27807672833450303,0.26504606959619015,-0.22334321002626,0.31985039626079387,0.017238272215373426,1.1211369569263037,-0.1182903968610846,0
1117,2024-09-25 15:11:20.739089111,0,017,0.7639962253275049,-0.2952714004081519,0.3140159925581385,-0.23547678748629386,0.33922717937862146,0.001036006915440269,1.3550594795234174,-0.1359614894959548,0
1118,2024-09-25 15:11:20.801040771,0,017,0.782870494096046,-0.31233659678036574,0.35588158315564483,-0.2475846834022068,0.3544602164499233,-0.015076818777089595,1.5738536053755465,-0.1506775753442502,0
1119,2024-09-25 15:11:20.874728027,0,017,0.7968822314684181,-0.32929782511880346,0.386763431875642,-0.25935854574418166,0.3643892320570389,-0.030484282676625184,1.7677054921363395,-0.16215694358167443,0
1120,2024-09-25 15:11:21.817886230,0,017,0.8059952296282867,-0.3460778855041499,0.40281649518080703,-0.2704675173486166,0.3678427205658831,-0.04453318164298778,1.9288617756444209,-0.17043156823760147,0
1121,2024-09-25 15:11:21.870299072,0,017,0.8100254250068206,-0.36250152602845703,0.4004125558474482,-0.28056197649761344,0.36381157984709594,-0.05658813612575174,2.0529361373267583,-0.17598200963390825,0
1122,2024-09-25 15:11:21.947916016,0,017,0.8087268492671962,-0.3783185881839779,0.37633803821303935,-0.28925083494701737,0.35162044324198727,-0.06609062250577812,2.139853411092811,-0.17979327869512754,0
1123,2024-09-25 15:11:22.011178955,0,017,0.8019105225169724,-0.3932362949935539,0.32803899975026857,-0.29608120815205774,0.33109089443806755,-0.07261077119507653,2.1941296796465477,-0.18329994650099923,0
1124,2024-09-25 15:11:22.088896973,0,017,0.789581753776254,-0.4069545894830339,0.2539364569478833,-0.30056347832397023,0.30268420637682225,-0.07589118711767551,2.2245028820481307,-0.1882557670973144,0
1125,2024-09-25 15:11:22.156906006,0,017,0.7720497991608557,-0.41920150196655187,0.15368332141600216,-0.3022384931598751,0.2675660702832021,-0.07587910202670795,2.243093106913596,-0.19658910529226462,0
1126,2024-09-25 15:11:22.222769043,0,017,0.7499749980309627,-0.4297655321846008,0.02819905673407702,-0.3007444963860456,0.22752713562105856,-0.07273319989578608,2.2641762253187245,-0.2102728003148891,0
1127,2024-09-25 15:11:23.167959961,TASK_END,017,0.7243668789773737,-0.4385218848974319,-0.12046475239566787,-0.2958702113545411,0.18476605530720017,-0.06679458237759538,2.3026345612150663,-0.23120038221941666,0
