,time,MARKER,pid,L_O_DSI,L_D_DSI,L_O_DSphi,L_D_DSphi,R_O_DSI,R_D_DSI,R_O_DSphi,R_D_DSphi,trial_id
0,2024-09-25 22:37:52.505947021,TASK_BEGIN,018,0.877407611269605,-0.34491579483647233,0.5157997695768163,-1.2298563860182201,0.9985376128545127,0.025660236352651057,-7.486942061633274,1.5277715590601766,3
1,2024-09-25 22:37:52.567041992,0,018,0.8822073743175658,-0.36159087669590156,0.5760521974917561,-1.2395378676213222,1.0527373707530125,0.005901521696659372,-7.391966990058481,1.5087435383723082,3
2,2024-09-25 22:37:52.629652100,0,018,0.8863383436197335,-0.3759014857232892,0.644999567316996,-1.254318446137936,1.1015448477996377,-0.01655046223182457,-7.313609963913516,1.4961853910285567,3
3,2024-09-25 22:37:52.706511962,0,018,0.889802714020312,-0.3879715116311933,0.7182736987359318,-1.2730783743138385,1.143121919352067,-0.04120247762179737,-7.2409536276259985,1.48813094813458,3
4,2024-09-25 22:37:52.777270996,0,018,0.8925642824277429,-0.39797947675919076,0.7918046246144397,-1.2945966834960032,1.1759752769930558,-0.06742684508992798,-7.166309413201711,1.4831541962918968,3
5,2024-09-25 22:37:53.695295898,0,018,0.894616567798384,-0.40615800629005333,0.8619760270123521,-1.3176346001791412,1.1990223164715983,-0.09449551702494771,-7.085338081305089,1.4803324333081056,3
6,2024-09-25 22:37:53.763170898,0,018,0.8960570334097334,-0.4127901493618605,0.9256054535090047,-1.3409807997433076,1.2116173586726595,-0.12162094905856301,-6.996576249363809,1.4791141014302038,3
7,2024-09-25 22:37:53.830693848,0,018,0.8971406365655337,-0.41819744854337215,0.979928709624261,-1.3634890645085451,1.2135190151202149,-0.14799465757513422,-6.901002383573515,1.4791996286955742,3
8,2024-09-25 22:37:53.890235840,0,018,0.8982871216904394,-0.42271854553592264,1.0226444454215324,-1.3841252978322984,1.2048244593737696,-0.1728234713671403,-6.802002830751037,1.480494871983283,3
9,2024-09-25 22:37:53.952316895,0,018,0.9000330184244774,-0.4266803433202865,1.0520025309929013,-1.402009016358942,1.1859198181765382,-0.19536856018370974,-6.705449937273513,1.4831011296064731,3
10,2024-09-25 22:37:54.029941162,0,018,0.9029487119650625,-0.4303668743291563,1.0669082803027263,-1.416436332256293,1.1574687404663133,-0.21499010551788367,-6.619375534220711,1.4872807657833391,3
11,2024-09-25 22:37:54.092427979,0,018,0.9075546299905265,-0.4339941111244967,1.0669737808256157,-1.4268920166699703,1.1204141939677024,-0.23119296302490364,-6.553074145657499,1.4933838104866228,3
12,2024-09-25 22:37:55.004687012,0,018,0.9142547923470395,-0.43769727112921564,1.0524576670529373,-1.4330565228783663,1.0759600186330105,-0.24366383622057894,-6.515836541915842,1.5017518050979988,3
13,2024-09-25 22:37:55.081413086,0,018,0.9232862070312966,-0.44153147708440355,1.0241533565074235,-1.4348094958141324,1.0255240709904472,-0.2522926064672236,-6.515580852076755,1.5126151426482028,3
14,2024-09-25 22:37:55.143424072,0,018,0.9346831746124907,-0.44548306623873357,0.9833490682559699,-1.4322401252517583,0.9706626535037225,-0.25717426919236863,-6.557622890647918,1.5260025000669635,3
15,2024-09-25 22:37:55.222824951,0,018,0.9482670659716462,-0.44948754506611704,0.9318779277671014,-1.4256642683450573,0.9129607564780906,-0.2585906708992712,-6.643823574520868,1.5416841507519687,3
16,2024-09-25 22:37:55.290635010,0,018,0.9636737650955072,-0.4534500324091315,0.872160339130681,-1.4156221669485909,0.8539021300730864,-0.25697565881551976,-6.772248361536537,1.5591597406128082,3
17,2024-09-25 22:37:55.344261963,0,018,0.9804174192623392,-0.45726714431818954,0.8071483248347139,-1.4028320506693488,0.794754522982541,-0.25287067960517934,-6.9373019010195165,1.5776816756840844,3
18,2024-09-25 22:37:55.421910889,0,018,0.9979674855513712,-0.46085113900496716,0.7401239245218917,-1.3880990014853674,0.7364904872723751,-0.24687639924492188,-7.130207950976341,1.5962983633811827,3
19,2024-09-25 22:37:56.366316162,0,018,1.015804565737417,-0.46415277713000186,0.674338542340114,-1.3721956467543304,0.6797400225037378,-0.23960349276216442,-7.3396896946161245,1.6139130609696488,3
20,2024-09-25 22:37:56.428337891,0,018,1.03343775352017,-0.46717590043368834,0.6125561905838612,-1.3557427461560596,0.6247783160712863,-0.23162713162113355,-7.552712702985511,1.629362863324011,3
21,2024-09-25 22:37:56.505161133,0,018,1.0503967338405817,-0.4699799368656425,0.5566406308813383,-1.3391203540628365,0.5715761527685815,-0.22345250977482442,-7.7552078805382525,1.6415115598650438,3
22,2024-09-25 22:37:56.572969971,0,018,1.0662207713971579,-0.4726704383772495,0.5073526089663309,-1.3224260848001823,0.5199362285031796,-0.21549691444719882,-7.932817321939785,1.6493403586309456,3
23,2024-09-25 22:37:56.629308838,0,018,1.0804550117317995,-0.475379206371946,0.46445392476955,-1.3054824030648646,0.4696883502311043,-0.20808636080946935,-8.07178732188136,1.6520334612705487,3
24,2024-09-25 22:37:56.706530029,0,018,1.092656392803667,-0.4782384584972974,0.42703632194254215,-1.2878854157898982,0.420867997891171,-0.20145848796287416,-8.160018589317286,1.649060242388766,3
25,2024-09-25 22:37:56.776506104,0,018,1.1024061527956286,-0.481356815062098,0.3938730570839677,-1.2690727268402024,0.3738104529592862,-0.19576396335602034,-8.188088810777742,1.640230507801799,3
26,2024-09-25 22:37:57.714621094,0,018,1.1093176571032828,-0.4848034400569199,0.3636661246952385,-1.2483811862556393,0.3291370518479805,-0.19106406134936002,-8.150028869209958,1.6256916496889573,3
27,2024-09-25 22:37:57.787321045,0,018,1.1130325323106205,-0.4886012062589846,0.33520053711258846,-1.225085238814727,0.2876481552247909,-0.1873280804355705,-8.043729264457914,1.6058723197722633,3
28,2024-09-25 22:37:57.855093018,0,018,1.1132121437692883,-0.4927254782104706,0.3074670738111944,-1.1984380361367142,0.25016650645769,-0.18443743920958613,-7.870913319196136,1.5814023725177113,3
29,2024-09-25 22:37:57.915180908,0,018,1.1095290946067267,-0.497103556582304,0.2797904634372047,-1.1677475235747308,0.2173876466523068,-0.1822003214040151,-7.636677777941386,1.5530229338658073,3
30,2024-09-25 22:37:57.977666016,0,018,1.1016549235515563,-0.5016112366225716,0.2519502168902684,-1.1324942091519794,0.1897806048858767,-0.18037556690073261,-7.348776702098303,1.5214900520083323,3
31,2024-09-25 22:37:58.056564941,0,018,1.0892521096947165,-0.5060683318147928,0.22425201878372603,-1.0924621321684032,0.16756377773899891,-0.17870519638639934,-7.016946364307528,1.487490908731498,3
32,2024-09-25 22:37:58.117665039,0,018,1.0719906803530146,-0.5102393475506369,0.19752326879467164,-1.0478416374848125,0.15076303703086535,-0.1769570301666821,-6.6524043065283065,1.4515911958685466,3
33,2024-09-25 22:37:59.069595947,0,018,1.0496018995723762,-0.5138437070817393,0.1730169372778999,-0.9992690344016334,0.13932623279797102,-0.17497247753885004,-6.267403203132707,1.414210850201605,3
34,2024-09-25 22:37:59.130343994,0,018,1.0219663483909855,-0.5165754775841902,0.15221103651233633,-0.9477890808579942,0.13324320480242186,-0.17270577502447818,-5.874695200432446,1.3756194466929506,3
35,2024-09-25 22:37:59.191884033,0,018,0.9892117672426581,-0.5181279369304507,0.1365253464699162,-0.8947578604946136,0.1326319576545012,-0.17024290761254404,-5.4868552164564885,1.335944275282439,3
36,2024-09-25 22:37:59.273124023,0,018,0.9517774923672587,-0.5182142691812022,0.12698681218190788,-0.8417119267880252,0.13777772104510203,-0.16779868544550985,-5.115458647012491,1.2951778785442891,3
37,2024-09-25 22:37:59.330233154,0,018,0.910417643616793,-0.5165779452577528,0.12385565132541997,-0.7902113960628179,0.14912323115340026,-0.1656966733864193,-4.770190546456857,1.2531865596264673,3
38,2024-09-25 22:37:59.407881104,0,018,0.8661525340117454,-0.5129955042378997,0.1262618306419411,-0.7416631232213912,0.16721235803510162,-0.16433629445302536,-4.458073242328232,1.2097511238259018,3
39,2024-09-25 22:37:59.476502930,0,018,0.8201948172262857,-0.5072802855455444,0.1319533250539014,-0.697145746666217,0.19259760877457033,-0.16415026591419285,-4.183032070871481,1.1646644878884278,3
40,2024-09-25 22:38:00.419708008,0,018,0.7738630639227745,-0.4992917438226758,0.13724444482502696,-0.6572655204501293,0.22573269926782955,-0.1655566872137933,-3.945934161673143,1.1178603401516383,3
41,2024-09-25 22:38:00.474964111,0,018,0.7284775426305566,-0.4889473862259963,0.13721119416192235,-0.6220720878770521,0.266872388946278,-0.1689118299270349,-3.7450191049533728,1.0694946550227473,3
42,2024-09-25 22:38:00.555411133,0,018,0.6852394359818986,-0.4762316336951762,0.12613072995387883,-0.5910542229813844,0.315987585496636,-0.17446971838520534,-3.5764264101967553,1.0199053828746998,3
43,2024-09-25 22:38:00.623217041,0,018,0.6451177254855028,-0.46119914536256956,0.09810781921286808,-0.5632162430478828,0.3726947401401465,-0.18235389790360815,-3.434589976758674,0.9694640210401294,3
44,2024-09-25 22:38:00.690431885,0,018,0.6087742880761278,-0.44397525981485936,0.0478017547926312,-0.5372193328157616,0.4362100268434401,-0.19254623884473285,-3.3126073738487762,0.9184321815029276,3
45,2024-09-25 22:38:00.758898926,0,018,0.576540715393714,-0.4247583398646396,-0.028850702001500913,-0.511557808545926,0.5053449502912167,-0.20489494948948056,-3.2028757287444334,0.866934126978448,3
46,2024-09-25 22:38:00.826726074,0,018,0.5484433569866296,-0.40382531775691294,-0.13401548745685296,-0.48473705654636046,0.5785417829983797,-0.21913902063291904,-3.098063975316732,0.8150569490876212,3
47,2024-09-25 22:38:01.759998047,0,018,0.5242639519874092,-0.3815355470262955,-0.2675132435318092,-0.45543884307911653,0.6539324963212727,-0.23494308483491258,-2.992159842700673,0.7629997502753413,3
48,2024-09-25 22:38:01.837692871,0,018,0.5036137494918339,-0.35832613868011054,-0.4266191087219985,-0.4226680000396298,0.7294141509044627,-0.25193685752551137,-2.881270677971993,0.7111845905210067,3
49,2024-09-25 22:38:01.905560059,0,018,0.4859988638729085,-0.3346968916882727,-0.6061750688457535,-0.385860461770249,0.8027456319724542,-0.26975414674639303,-2.7640660993659867,0.6602978440998925,3
50,2024-09-25 22:38:01.961544922,0,018,0.4708719523480718,-0.3111882147366432,-0.798961970283205,-0.3449441615409228,0.8716724905461736,-0.2880667885223281,-2.641921697743934,0.611278581593513,3
51,2024-09-25 22:38:02.041183838,0,018,0.4576780591413326,-0.28835515309800613,-0.9961999028342943,-0.30037350494940196,0.934091339975948,-0.3066114945753286,-2.5187568723502727,0.5652658421758217,3
52,2024-09-25 22:38:02.109026855,0,018,0.4458958578807962,-0.26673830871439747,-1.1881284646534163,-0.25314463108142776,0.9882581532210537,-0.325210094189679,-2.4004377862641757,0.5234908932893623,3
53,2024-09-25 22:38:02.162875977,0,018,0.4350693397766077,-0.24683341053421784,-1.364702608038118,-0.20476248248377477,1.032998038215652,-0.34377934553897466,-2.293707415048251,0.4871084325238903,3
54,2024-09-25 22:38:03.117621826,0,018,0.42482991655213187,-0.22906441103934505,-1.5164013541503796,-0.1571294635073775,1.067827507301254,-0.3623210211269114,-2.204874193119595,0.45700569286732834,3
55,2024-09-25 22:38:03.179218994,0,018,0.4149074450613009,-0.21376538786620722,-1.6350517126108817,-0.11235643362653405,1.0929261909322316,-0.3808886127846677,-2.138677895976882,0.43365745423147706,3
56,2024-09-25 22:38:03.255558105,0,018,0.4051197335550175,-0.201172388741304,-1.7145009975406658,-0.07253424410549002,1.1089795344205104,-0.3995394590875357,-2.097666658596177,0.4170672036988817,3
57,2024-09-25 22:38:03.318748047,0,018,0.3953334084458334,-0.1914212943538192,-1.7510045460734116,-0.039523841365483176,1.1169722936431878,-0.4182865391491123,-2.0821512772336646,0.406783880920954,3
58,2024-09-25 22:38:03.391125000,0,018,0.38540769059806457,-0.18454704277347472,-1.7433165463624956,-0.01480808683846636,1.1180082610586672,-0.43706171785952774,-2.0905740655327096,0.401964690373307,3
59,2024-09-25 22:38:03.458931885,0,018,0.3751531867544566,-0.18048508221915638,-1.6925377021452985,0.000580555326076417,1.113199542291352,-0.4556994300008268,-2.1200195191043782,0.401464599757972,3
60,2024-09-25 22:38:03.519023926,0,018,0.36433791604862825,-0.17908115338246888,-1.6017596543589718,0.006062848613448903,1.103634291244594,-0.4739453592320831,-2.166630386694583,0.4039429784440963,3
61,2024-09-25 22:38:04.440697998,0,018,0.352738404950628,-0.1801111168614958,-1.4755487749907288,0.001468958008252117,1.0903930071699135,-0.4914846459996214,-2.225879732840315,0.4079815155081314,3
62,2024-09-25 22:38:04.512842041,0,018,0.3401974212597922,-0.18330340000972992,-1.319348648249891,-0.013023036900371612,1.0745605583919133,-0.507976651183913,-2.292810248076678,0.41221010081174203,3
63,2024-09-25 22:38:04.580372070,0,018,0.32665043582843817,-0.18835587845612647,-1.1389249053876098,-0.03694831267687376,1.0571991750318717,-0.5230869242183847,-2.3623466187517477,0.4154378163085221,3
64,2024-09-25 22:38:04.642455078,0,018,0.31210637977571465,-0.19494571333535668,-0.9400156607280327,-0.06960523754257801,1.0392863483613943,-0.5365152603473328,-2.429718115498171,0.41678435157709054,3
65,2024-09-25 22:38:04.704014160,0,018,0.2965949524756108,-0.20273504628510708,-0.7282897698365137,-0.11008238909656698,1.0216369589369108,-0.5480203699193396,-2.490989568435883,0.41579946661180905,3
66,2024-09-25 22:38:04.784163086,0,018,0.2801194573095395,-0.21137649342895365,-0.5095102252287848,-0.1572623332364651,1.0048204782662362,-0.5574383233833585,-2.5436124988851114,0.4125390501096263,3
67,2024-09-25 22:38:04.843250977,0,018,0.2626537343010061,-0.22052238212742128,-0.2896796300058207,-0.20981541814018978,0.989090932434703,-0.564692812093842,-2.586788791834566,0.40756326552947925,3
68,2024-09-25 22:38:05.790359131,0,018,0.2441814373379616,-0.22983847414969,-0.07506672334172051,-0.2661976424058436,0.9743634318190249,-0.5697978434382516,-2.621508189651987,0.40186345725837935,3
69,2024-09-25 22:38:05.862879883,0,018,0.22474369836546898,-0.23901911221053818,0.12786133911242992,-0.3246665741837614,0.9602562583798275,-0.5728509364917148,-2.6503701747679194,0.39676504949618424,3
70,2024-09-25 22:38:05.929111084,0,018,0.2044722098770178,-0.24780169155472787,0.31263306807874486,-0.3833296871646511,0.9461834409222833,-0.5740139520426865,-2.677339168761596,0.39383252513184464,3
71,2024-09-25 22:38:05.998493896,0,018,0.18360258940081847,-0.25597946740923744,0.47316795219591595,-0.44022827161101685,0.9314629359527717,-0.573483381195697,-2.7073316625784654,0.3947460432197728,3
72,2024-09-25 22:38:06.053021973,0,018,0.16246189461356858,-0.26340891363805885,0.6043233604137409,-0.49343990038439933,0.915404508863713,-0.5714540798929056,-2.7455003278814263,0.40111852462103414,3
73,2024-09-25 22:38:06.131606201,0,018,0.1414362993992537,-0.27000856897354164,0.7024174689592807,-0.5411701832063729,0.8973570252831766,-0.5680803247546443,-2.796429750054426,0.4142924905002937,3
74,2024-09-25 22:38:06.192663818,0,018,0.12094841175736197,-0.2757517965049015,0.7655671996537148,-0.5818128244435697,0.8767188982947473,-0.5634412897985598,-2.863607206406185,0.4351857368540245,3
75,2024-09-25 22:38:07.119745117,0,018,0.1014606827292655,-0.28065632386694433,0.793741092967921,-0.6139746002152257,0.8529315314234455,-0.5575191098611266,-2.9492015669314227,0.4641944095509952,3
76,2024-09-25 22:38:07.181249023,0,018,0.083481270182774,-0.28476904370795425,0.7884723831323114,-0.6364741189217855,0.8254758201740415,-0.5501923789591737,-3.053909484612638,0.5011211365401638,3
77,2024-09-25 22:38:07.255750977,0,018,0.06753750010477186,-0.28814481055023355,0.7522889709289993,-0.6483358187356822,0.7938757876074864,-0.5412432481534581,-3.1767603266867583,0.5451362621798055,3
78,2024-09-25 22:38:07.319529053,0,018,0.05411050772626105,-0.2908221918440462,0.6880697138831865,-0.6488104107990408,0.7576931038499058,-0.5303757639047113,-3.314983208975219,0.5948141343397234,3
79,2024-09-25 22:38:07.391375977,0,018,0.04356003224243596,-0.29280039215243814,0.5985802236584512,-0.6374431627072707,0.7164958173129833,-0.5172421804938053,-3.464058436977085,0.6482512303333747,3
80,2024-09-25 22:38:07.459184814,0,018,0.03607769749457223,-0.294020784444878,0.48634171411828553,-0.6141832414176855,0.6698141645497513,-0.5014723713588232,-3.618024554262278,0.7032258328125365,3
81,2024-09-25 22:38:07.519886963,0,018,0.031680402154027586,-0.29435740445074626,0.3538359771871455,-0.5794997568705433,0.617124019350575,-0.4827019482419037,-3.7700639934762297,0.7573612114331266,3
82,2024-09-25 22:38:08.470156982,0,018,0.03022410764774557,-0.29362042252155224,0.20391486275823886,-0.5344609341929639,0.5578839102192833,-0.46059610688050096,-3.9132649561079487,0.8082854418777323,3
83,2024-09-25 22:38:08.525447998,0,018,0.031419900769321156,-0.29157200558979834,0.040196855783200085,-0.48074200831951674,0.4916181652829135,-0.4348687684490781,-4.041360832067287,0.853795530035937,3
84,2024-09-25 22:38:08.602195068,0,018,0.034853698475419324,-0.28794993195780993,-0.13274330206911072,-0.4205476097809816,0.41803329996826133,-0.4053000338104452,-4.149328765753844,0.8920219972432797,3
85,2024-09-25 22:38:08.673636963,0,018,0.0400110561918383,-0.2824940781770375,-0.30943694426279006,-0.3564677311165315,0.33715459573216094,-0.37175388539776877,-4.233826590580819,0.9215711000266197,3
86,2024-09-25 22:38:08.741490967,0,018,0.0462971530366175,-0.274971127805916,-0.483738216774219,-0.29131002765572656,0.2494458996550907,-0.33419373348360226,-4.293413763457359,0.9416182169063749,3
87,2024-09-25 22:38:08.809260010,0,018,0.053048184265772715,-0.265194166101672,-0.649115268047439,-0.227928087066117,0.15586905957180425,-0.29269393580598396,-4.328480340771779,0.9519383665174271,3
88,2024-09-25 22:38:08.877048096,0,018,0.05954308018731835,-0.2530381565873583,-0.7990384302856242,-0.16902768060328713,0.057871436004197696,-0.24744846931275005,-4.340868272546202,0.9528639346064759,3
89,2024-09-25 22:38:09.811355957,0,018,0.06501875013144602,-0.23845346946502455,-0.927471035374214,-0.11694545231233923,-0.04268696454414913,-0.19877565745364403,-4.3332233402832925,0.9451622305970868,3
90,2024-09-25 22:38:09.873842041,0,018,0.06868392837816231,-0.2214756409123325,-1.029355552133354,-0.073439297545419,-0.14366036049353778,-0.14711333753056044,-4.308179879734671,0.9298576257782035,3
91,2024-09-25 22:38:09.955935059,0,018,0.06973864948771415,-0.20222879689756568,-1.1009804875323197,-0.03954369447216518,-0.2427882022666153,-0.09300055242291878,-4.267559279987549,0.9080586066199521,3
92,2024-09-25 22:38:10.012115967,0,018,0.06741467930751298,-0.1809235468111688,-1.1402273570916972,-0.015515427635078086,-0.3378762888504805,-0.03705039617336836,-4.211796321624894,0.8808462095765156,3
93,2024-09-25 22:38:10.089116943,0,018,0.06103021786093077,-0.15784950129126127,-1.1467579704476798,-0.0008607330223485083,-0.4269446743673418,0.020075566465562574,-4.139785862237979,0.8492482811462925,3
94,2024-09-25 22:38:10.150615967,0,018,0.05002812356909641,-0.1333592513225338,-1.122137657498353,0.005573981820444299,-0.5083220767185105,0.0776852026358483,-4.049189149111824,0.8142796707120276,3
95,2024-09-25 22:38:10.227207031,0,018,0.03397880717709758,-0.10784302572047025,-1.0697989177934784,0.005455325652161445,-0.5806908743370562,0.1350668469877917,-3.9369745151634232,0.7769918445354077,3
96,2024-09-25 22:38:11.170326904,0,018,0.012558222449476523,-0.08169915855262555,-0.9947520109649434,0.0007726509756777782,-0.6430940536232312,0.19149583607728174,-3.799908167511033,0.7384863899671178,3
97,2024-09-25 22:38:11.238190918,0,018,-0.014476752920934106,-0.055306379630592734,-0.9030728615630483,-0.00635908090131996,-0.6949256635243679,0.24624064925866032,-3.6349618023252317,0.6998906708779241,3
98,2024-09-25 22:38:11.304764893,0,018,-0.04729163318099201,-0.029001156652146715,-0.8013365790890234,-0.013861994492266423,-0.7359337162061507,0.29857588648496747,-3.4398138192978895,0.6623223075795024,3
99,2024-09-25 22:38:11.366791992,0,018,-0.08593322607710505,-0.0030632574318477704,-0.6961542411761834,-0.019813022082204458,-0.7662375270912762,0.3478039023955855,-3.213517503918822,0.6268633380626275,3
100,2024-09-25 22:38:11.441639893,0,018,-0.13024537281042606,0.022287027435081125,-0.5938153598711815,-0.02253777354656913,-0.7863221472907482,0.39327562433450125,-2.9571405713428414,0.5945275386375908,3
101,2024-09-25 22:38:11.506052979,0,018,-0.17978166079903038,0.04688067612955771,-0.4999217214040017,-0.020701487168277948,-0.7969813271109022,0.43440098814339667,-2.674107812677408,0.5661889562039639,3
102,2024-09-25 22:38:11.568998047,0,018,-0.23375802077014687,0.0705855570706487,-0.41893848589228555,-0.013401044492488814,-0.7992312153969451,0.4706522779468589,-2.3701945803695064,0.5424902212892677,3
103,2024-09-25 22:38:12.512388916,0,018,-0.2910503026488057,0.09328952575952407,-0.35372785182689087,-0.0002509951724802909,-0.7942385690035031,0.5015714733462955,-2.053298793074144,0.5237912996506987,3
104,2024-09-25 22:38:12.573981934,0,018,-0.350222845891756,0.11488277394461845,-0.30522718539703175,0.018558458072368667,-0.7832834823467232,0.5267875613587861,-1.7330601561628791,0.5101837111532187,3
105,2024-09-25 22:38:12.653264160,0,018,-0.4095898113545328,0.13524341850836394,-0.27239729792676604,0.04226803191539041,-0.7677496979975098,0.5460407808373687,-1.4202720711387806,0.5015382545063903,3
106,2024-09-25 22:38:12.713134033,0,018,-0.46731214276823907,0.15423067372203803,-0.25243745148539687,0.06963651711031674,-0.74911141545746,0.5592031587756924,-1.1259952842627454,0.49753717949014903,3
107,2024-09-25 22:38:12.789485840,0,018,-0.521510103564349,0.17168471099642274,-0.24117031883147222,0.09908368108812432,-0.7288678991756247,0.5662806746594818,-0.8603736238450383,0.49766144158889974,3
108,2024-09-25 22:38:12.857328857,0,018,-0.5703651126931331,0.18742919698552857,-0.23353721502366756,0.12886029292221535,-0.708410383726354,0.5673909366452442,-0.6313931045457245,0.5011504388847585,3
109,2024-09-25 22:38:12.925137939,0,018,-0.6121991917769756,0.20127518239771292,-0.22421844602372584,0.1572365354738893,-0.6888780032741946,0.5627288786489223,-0.4439881447190067,0.506991916841,3
110,2024-09-25 22:38:13.858728027,0,018,-0.6455318777986933,0.21302741327951985,-0.2083305215942937,0.18268811123201076,-0.671075866909168,0.5525401355566287,-0.29972615493126076,0.5139777099313978,3
111,2024-09-25 22:38:13.935483887,0,018,-0.6691259789721863,0.2224941454801092,-0.1820459453893884,0.20404099375769624,-0.6554584321332179,0.5371087449432774,-0.19698025119438223,0.5207928051879727,3
112,2024-09-25 22:38:13.997970947,0,018,-0.6820455383417694,0.22950183998669846,-0.14303371916103935,0.22055494858242192,-0.642124421099866,0.5167521550417504,-0.13138073331453703,0.5260797722304138,3
113,2024-09-25 22:38:14.072958984,0,018,-0.6837395050303211,0.23391541532339874,-0.09071814705388095,0.2319479522288332,-0.6307977390946754,0.4918177474828,-0.09645030469308022,0.5284702512161832,3
114,2024-09-25 22:38:14.136739990,0,018,-0.6741333914389986,0.23566133296103017,-0.026333116419440344,0.23835964399749257,-0.6208251134819521,0.4626822422541482,-0.08441518488986288,0.5266241538976032,3
115,2024-09-25 22:38:14.199225830,0,018,-0.6536862096028818,0.23474747859092573,0.047279659738764294,0.24025218117780486,-0.611228728635024,0.4297560534157504,-0.08709547373823175,0.5193056608661254,3
116,2024-09-25 22:38:14.261483887,0,018,-0.623371655750708,0.23127303409158978,0.1261185253044181,0.2382654471287826,-0.6008074597357362,0.3934898527113006,-0.0966898904782232,0.5054844588965921,3
117,2024-09-25 22:38:15.194020996,0,018,-0.5845746510304742,0.22542416434659632,0.2056589725747742,0.23305795109595817,-0.5882407740480747,0.3543781159085871,-0.10630992591197566,0.48442064948089164,3
118,2024-09-25 22:38:15.255152832,0,018,-0.5389344867290928,0.21745758419636638,0.2816010492674718,0.22516999854394137,-0.5721748436505796,0.31295835570150177,-0.1101943613321299,0.4556924997931933,3
119,2024-09-25 22:38:15.329689941,0,018,-0.48817752797091757,0.20767896649850975,0.3505522931615961,0.21495200367289985,-0.5513263702238639,0.26980920636448746,-0.10362470961113332,0.41916916377454844,3
120,2024-09-25 22:38:15.397483154,0,018,-0.433967876946688,0.19642230839129962,0.4104100881256437,0.20258833336780113,-0.5246300581292239,0.2255478527012993,-0.08267547403912244,0.37497414646211485,3
121,2024-09-25 22:38:15.465291016,0,018,-0.3777944274553879,0.1840340174951682,0.4603295665203105,0.18820128734989103,-0.49139832686131285,0.18082310073320798,-0.04401875095560425,0.3234873023513164,3
122,2024-09-25 22:38:15.533114014,0,018,-0.3209065521864159,0.17086425958362866,0.5003571722746039,0.1719816215487502,-0.4514535101556375,0.13630418867733515,0.014972621961155291,0.2654097906928092,3
123,2024-09-25 22:38:15.600913086,0,018,-0.26429752541280516,0.15726478805015567,0.5309187105001483,0.1542935530586628,-0.40521501343899496,0.0926697446722734,0.09570211064149196,0.20187992711517275,3
124,2024-09-25 22:38:16.544635986,0,018,-0.2087297373831977,0.14358918051248726,0.5523587557885032,0.13571912980488082,-0.353712054884529,0.050595990126688646,0.19758638855276509,0.13458162210254487,3
125,2024-09-25 22:38:16.607724854,0,018,-0.15479614545041726,0.13019207911226097,0.5646734000943722,0.1170220765077645,-0.2984916907090092,0.010738223059952179,0.31748550186370317,0.06576687727645304,3
126,2024-09-25 22:38:16.669264160,0,018,-0.10299834630128224,0.11742464421381911,0.5675157393866207,0.09903687192142283,-0.24143994242971872,-0.026295890653546195,0.449703573071844,-0.0018546652812536262,3
127,2024-09-25 22:38:16.746480957,0,018,-0.05380924104595609,0.10562206976019614,0.5604715321339769,0.08252224856617248,-0.184569664508644,-0.05997632095035232,0.5866110092813299,-0.06534283297081496,3
128,2024-09-25 22:38:16.815613037,0,018,-0.007698006185976472,0.09508124575836745,0.5434458653063479,0.06803721808838506,-0.12982352080533097,-0.0898756231956559,0.7196320399941497,-0.12180220424238121,3
129,2024-09-25 22:38:16.883799072,0,018,0.034889944754495646,0.08603198670592348,0.5169283982953407,0.05587999891647965,-0.07892763236633826,-0.1156803073349642,0.8402422964506139,-0.16862508304511659,3
130,2024-09-25 22:38:16.951613037,0,018,0.07359621619680029,0.0786072286648342,0.48206801732482424,0.0460841039134928,-0.0333155386291547,-0.13718764388354987,0.9407187341522283,-0.20365423545478828,3
131,2024-09-25 22:38:17.869335938,0,018,0.10823865145940222,0.07281710727058342,0.44062502703756046,0.038442895250666506,0.00588135969825407,-0.15429624096706163,1.0145992462780122,-0.22527807416438697,3
132,2024-09-25 22:38:17.932010986,0,018,0.13889025526662716,0.06853229323262706,0.394791085289693,0.03255524537224643,0.03779906142508868,-0.16699888833048837,1.0569496320745102,-0.23250385364632728,3
133,2024-09-25 22:38:17.994496094,0,018,0.16590904766844808,0.06548033568475278,0.3468584681620738,0.027897008901662634,0.06179447345549012,-0.1753807521754713,1.0644750334812698,-0.22502434212586953,3
134,2024-09-25 22:38:18.073137939,0,018,0.1898989711255395,0.06325517485636976,0.29887417649862574,0.023900293957469808,0.07741449427919074,-0.17962285631431454,1.0354653926954267,-0.20325823308004698,3
135,2024-09-25 22:38:18.140924072,0,018,0.21160824725394267,0.06133980227217858,0.25243883341619155,0.02001445958972872,0.0843926452278229,-0.18000995899956224,0.9696768475923045,-0.16834998983911928,3
136,2024-09-25 22:38:18.195887939,0,018,0.2317967992373975,0.05914179655855062,0.20867541191587716,0.015741963508263863,0.08268353926747433,-0.17694112148784832,0.8682971070568113,-0.12212456625018182,3
137,2024-09-25 22:38:18.273718994,0,018,0.2511189124213578,0.056036289633159944,0.16831377386067475,0.01065299209150059,0.07253904449559706,-0.1709395939537014,0.7339956981335449,-0.0669904597668312,3
138,2024-09-25 22:38:19.219793945,0,018,0.27005150991570676,0.05140916510593622,0.13183091841681394,0.004389952174951471,0.05460153811896937,-0.1626573412280883,0.5709389740402874,-0.005798718929779472,3
139,2024-09-25 22:38:19.287661133,0,018,0.28886424818432743,0.04469933907004762,0.09957974192997018,-0.0033162430793832265,0.029977361529268318,-0.1528697371661287,0.38472095370619996,0.05831190840883643,3
140,2024-09-25 22:38:19.341873047,0,018,0.30761458020836185,0.03544255530451184,0.07185560207923423,-0.012606083995987777,0.00026163255502203574,-0.14245565116424988,0.18228248211209702,0.12205830062772147,3
141,2024-09-25 22:38:19.419117920,0,018,0.3261588685396753,0.02331588666385448,0.04890908431185579,-0.02344302040988098,-0.032519124242584616,-0.13235690740931688,-0.028151833663687807,0.18214776638967486,3
142,2024-09-25 22:38:19.481123047,0,018,0.34417181369828087,0.00817895761371827,0.030960033851277956,-0.03558854733584934,-0.06606729162331072,-0.12351449495663591,-0.23726325441706167,0.23542247428778615,3
143,2024-09-25 22:38:19.558843994,0,018,0.36116783865657387,-0.009893644301001363,0.018233791989990027,-0.04862160053157676,-0.09803602281324587,-0.11679014192730831,-0.4351187270101575,0.2790193380889954,3
144,2024-09-25 22:38:19.620266846,0,018,0.3765336397585985,-0.0305972188259051,0.010960999493762048,-0.06198575036256714,-0.12622645493873563,-0.11289189310024093,-0.6118909565631395,0.3105349684090235,3
145,2024-09-25 22:38:20.569888184,0,018,0.38958192143912784,-0.05340623471422387,0.009269803497547191,-0.07501507660903821,-0.14871434906190198,-0.11231864232867146,-0.7586333025114023,0.32818629017642587,3
146,2024-09-25 22:38:20.625885010,0,018,0.39960533389721964,-0.07760453003613729,0.012971131370780327,-0.08690463655611537,-0.163936187083621,-0.11532393131083576,-0.867991007416609,0.33095665106975,3
147,2024-09-25 22:38:20.705541992,0,018,0.40589648257448546,-0.10232455841416079,0.02133761070874217,-0.09665155877532783,-0.17078408221262628,-0.1218908307786085,-0.9347737296086829,0.31869648350679447,3
148,2024-09-25 22:38:20.765099121,0,018,0.4077380713814284,-0.12658932601506287,0.03304539503635721,-0.10303884527153802,-0.16871363741988388,-0.13171612182388837,-0.956264165368337,0.2921378559083734,3
149,2024-09-25 22:38:20.827583984,0,018,0.4044008193112309,-0.14935889619153292,0.04638882041081868,-0.10471412341507487,-0.15782468446555462,-0.14421215002673407,-0.9321687179065432,0.2528141980433704,3
150,2024-09-25 22:38:20.905227783,0,018,0.39516770728651085,-0.16958114676539,0.05969988711878984,-0.10034932873916753,-0.13887509625144512,-0.15853507268516304,-0.8643051539012547,0.20292192524097047,3
151,2024-09-25 22:38:20.966881104,0,018,0.3793720741797855,-0.18624129074328225,0.07179207186044032,-0.08882577974833711,-0.11321954139879704,-0.17363992059565006,-0.7562686702424797,0.1451695856897923,3
152,2024-09-25 22:38:21.908658936,0,018,0.35643732287372526,-0.19840637949442058,0.0822730902539183,-0.06939678516012748,-0.08269390530744693,-0.18835414436645956,-0.6132086854306201,0.08263284006134912,3
153,2024-09-25 22:38:21.986605957,0,018,0.3259208885068234,-0.20526548196721625,0.09161823403688253,-0.041794017556069776,-0.04946872962551338,-0.20145739350572445,-0.44164065330853425,0.01861266717769308,3
154,2024-09-25 22:38:22.049093994,0,018,0.2875692980424187,-0.20616691919121263,0.10095135461499997,-0.006257756970759259,-0.015879518289276452,-0.21175792800851104,-0.249198931548181,-0.04350520796133417,3
155,2024-09-25 22:38:22.123472900,0,018,0.24138196065022477,-0.20065204435777165,0.11161822956218177,0.036488704025217755,0.01575944096597915,-0.2181614890855065,-0.04434562027483995,-0.1003875802316438,3
156,2024-09-25 22:38:22.187942871,0,018,0.18766789663326428,-0.1884837652907974,0.12475061054548905,0.08527349836034312,0.043336670587207415,-0.21973207826111527,0.1639282207096523,-0.14889007016581773,3
157,2024-09-25 22:38:22.259093018,0,018,0.1270769034547729,-0.1696670252970155,0.14094558984057529,0.13850691777438462,0.06510043722619303,-0.2157452975603473,0.3664267019850056,-0.18620804690061812,3
158,2024-09-25 22:38:22.311521973,0,018,0.060596344616211904,-0.14445753443234083,0.1600163592130804,0.1942468939708258,0.0797754548774612,-0.20573133972058283,0.5541412209480542,-0.2100601491274149,3
159,2024-09-25 22:38:23.270062012,0,018,-0.010491779178575421,-0.11335475865793465,0.18075501189238274,0.2503352539150786,0.08660831799716304,-0.18949867665764927,0.7187256099885266,-0.21889007997255613,3
160,2024-09-25 22:38:23.334319092,0,018,-0.08469890093775276,-0.07707616672341433,0.20079858380874455,0.30458826237407455,0.08532059377754696,-0.16713264512005754,0.8530157168611658,-0.21203029188606037,3
161,2024-09-25 22:38:23.399188965,0,018,-0.16044724486372558,-0.03651468432535847,0.2167590170675611,0.3549833440029591,0.07600364775568597,-0.13897467400353947,0.9515106185787873,-0.1897705492956194,3
162,2024-09-25 22:38:23.473470947,0,018,-0.23617679940716063,0.0073117548181062635,0.22466879710584936,0.3997918749912192,0.05901801824915214,-0.10559206994900243,1.010705703665812,-0.15331876820434903,3
163,2024-09-25 22:38:23.541239014,0,018,-0.3104185275128607,0.053309529713391715,0.22064232553190746,0.43764906802983145,0.034927480000199074,-0.06774219864116747,1.029192874974757,-0.10468892838762883,3
164,2024-09-25 22:38:23.596517090,0,018,-0.381845677227464,0.10035510660559688,0.20154362551051233,0.4675892078151662,0.0044549788634020825,-0.026329947341782865,1.0075515508535349,-0.046561608212756775,3
165,2024-09-25 22:38:23.676884033,0,018,-0.44931864487015166,0.1473379732268324,0.16542331482757242,0.4890796791101569,-0.03155857891985482,0.017641750524709513,0.9481338860339125,0.01786840649067214,3
166,2024-09-25 22:38:24.608718018,0,018,-0.5119199446770366,0.19319930681804817,0.11160872914372018,0.5020574083142048,-0.07218619878718899,0.06312476412949933,0.8548348050566889,0.08506884968589384,3
167,2024-09-25 22:38:24.686376953,0,018,-0.5689728194892564,0.23696482379220327,0.04053361963367721,0.5069373771010064,-0.11641412269691476,0.10907454722232438,0.7329170751255417,0.1513653881632251,3
168,2024-09-25 22:38:24.748451904,0,018,-0.6200465023417839,0.2777729791486537,-0.04650080064210101,0.5045578428070692,-0.1631071898588759,0.15448836743165026,0.5888997009835467,0.21313503485683638,3
169,2024-09-25 22:38:24.810474121,0,018,-0.6649496060299053,0.31489957415167946,-0.14748541593179063,0.4960536004193671,-0.21097314660272176,0.1984333244771945,0.43035726292151827,0.2670059058900811,3
170,2024-09-25 22:38:24.888149902,0,018,-0.7037077809551894,0.34777650240936236,-0.25973642423330034,0.4826863080781588,-0.25855814845700603,0.24006759874161493,0.2653963521391166,0.3100960189541008,3
171,2024-09-25 22:38:24.950637939,0,018,-0.7365309984040364,0.3760019817912926,-0.3798580538327994,0.4656870270015738,-0.3042793836639424,0.27865432416090957,0.10179573883385629,0.3402821072253852,3
172,2024-09-25 22:38:25.013123047,0,018,-0.7637871591413202,0.3993435012824718,-0.5037587753327866,0.4461630385435205,-0.34648956132269776,0.3135659836838238,-0.05382217851902102,0.35641172600075416,3
173,2024-09-25 22:38:25.941135986,0,018,-0.7859865490934701,0.41773525491855557,-0.6268034231921442,0.4250806095156037,-0.3835704532908535,0.344281917303819,-0.19635300985839196,0.3583611412247478,3
174,2024-09-25 22:38:26.012468018,0,018,-0.8037573285900876,0.4312671188901407,-0.7440774433157896,0.40328627224793223,-0.4140522355758098,0.370386005916567,-0.3220227023202694,0.34692490995706654,3
175,2024-09-25 22:38:26.080256104,0,018,-0.81779441770018,0.44016184564762195,-0.8507094869844902,0.3815197170157136,-0.43675035779924026,0.3915708253797527,-0.42790686121854266,0.32360188879558227,3
176,2024-09-25 22:38:26.137904785,0,018,-0.8287893121183765,0.4447438242420568,-0.9422257002861036,0.3603987131281782,-0.4508920740314196,0.4076477296368053,-0.5114595321617874,0.2903476668742013,3
177,2024-09-25 22:38:26.215531982,0,018,-0.8373550248064097,0.4454068760217162,-1.0148787790533063,0.3403820426853695,-0.45618201726995655,0.4185543361062153,-0.5702168715251225,0.24932963087519752,3
178,2024-09-25 22:38:26.279128174,0,018,-0.8439489519008984,0.44258545317207265,-1.0658747606897383,0.321735944074832,-0.4527702568069192,0.4243501743506439,-0.6016976595325862,0.20270286314924438,3
179,2024-09-25 22:38:26.351531006,0,018,-0.8488040188247431,0.4367291743177655,-1.0935215327761503,0.30454106079697607,-0.44113706673884334,0.4251997339729821,-0.6034810784539477,0.1524337295706848,3
180,2024-09-25 22:38:27.292802002,0,018,-0.8519007801540828,0.42828066503319956,-1.0974022963836658,0.28875499418156864,-0.4219486063210801,0.4213517349946864,-0.5734762573215961,0.10019773949366449,3
181,2024-09-25 22:38:27.349294922,0,018,-0.8530069067988634,0.41765907110895595,-1.0785919158980697,0.2743076582434219,-0.3959348414660575,0.41312360300925466,-0.5103748302784842,0.04735291603186155,3
182,2024-09-25 22:38:27.426119141,0,018,-0.8517708645196602,0.4052503690997708,-1.0398228833610033,0.2611922885017415,-0.36381414360860337,0.4008914924191592,-0.41417328421464394,-0.005030698899157569,3
183,2024-09-25 22:38:27.488605957,0,018,-0.8478288283331988,0.3914016043441221,-0.9854944443865091,0.24951856329408292,-0.3262758716419066,0.3850814633424815,-0.2865769449961025,-0.056111526148572406,3
184,2024-09-25 22:38:27.566525879,0,018,-0.8408894480528895,0.3764167768610196,-0.921452930318753,0.23950755494220466,-0.28402868309664187,0.3661612725715526,-0.13111435988045933,-0.1052160804271086,3
185,2024-09-25 22:38:27.627466797,0,018,-0.8307797109811296,0.36055781564692285,-0.8545230580990753,0.23143501926925977,-0.23789840263510265,0.3446354663917327,0.047102411666423226,-0.15179908003509635,3
186,2024-09-25 22:38:27.689716064,0,018,-0.8174549379018657,0.3440562605995449,-0.7918280854968951,0.22554893972680448,-0.1889254153009904,0.3210443581224843,0.2418641671373211,-0.1954287793297448,3
187,2024-09-25 22:38:28.620285156,0,018,-0.8009930125904529,0.32713567741592986,-0.7399879013800365,0.22198981693863276,-0.13840260641846286,0.2959645568542177,0.44634448598769305,-0.2357831162546688,3
188,2024-09-25 22:38:28.685275146,0,018,-0.7815910177166359,0.31003800322389363,-0.7043417670545928,0.22074012614167784,-0.08782376344005256,0.2700075373429055,0.6533242758898777,-0.272624097500948,3
189,2024-09-25 22:38:28.755872070,0,018,-0.7595626744656071,0.29304551103939874,-0.6883462015687722,0.22161653300197004,-0.03876855771484446,0.24381343453950188,0.8551512449841255,-0.30573649221966737,3
190,2024-09-25 22:38:28.808864990,0,018,-0.7353238411774928,0.27649217443967994,-0.693214818467655,0.22429174172229288,0.007209562501757479,0.2180397655515961,1.0437513458031933,-0.3348780471112732,3
191,2024-09-25 22:38:28.886972900,0,018,-0.7093589229982624,0.26076020706886305,-0.7177984874564343,0.22831671559831385,0.04864953977800405,0.1933458282562179,1.211013656370087,-0.35980402292443125,3
192,2024-09-25 22:38:28.948592041,0,018,-0.6821659468913845,0.24626029592370466,-0.7586909469673331,0.23312826246452217,0.08422012946352148,0.17037122495801996,1.3495027790886487,-0.3803574116843237,3
193,2024-09-25 22:38:29.025772949,0,018,-0.6541810082937545,0.23339934916509394,-0.8105427627413763,0.2380547097918589,0.11276881732524215,0.14970591676797512,1.4532181255815,-0.39656005482957235,3
194,2024-09-25 22:38:29.962193848,0,018,-0.6256984474239684,0.22254406067880864,-0.8665800121602558,0.24234104272363666,0.13339319286945975,0.13185363294268784,1.5182293068080155,-0.4086682683366889,3
195,2024-09-25 22:38:30.037195801,0,018,-0.5968186908408758,0.2139870585137723,-0.9193173914029544,0.24520234031108978,0.14550988867982323,0.11719752260075593,1.5431345502675975,-0.4171945972538457,3
196,2024-09-25 22:38:30.104993164,0,018,-0.5674482049036527,0.20791887823988286,-0.9613693077924825,0.2458972983833995,0.14888920253016277,0.10597953849630692,1.529244166655229,-0.42288712367298764,3
197,2024-09-25 22:38:30.163122803,0,018,-0.5373537808724032,0.2044105007294565,-0.9861849396627748,0.24379946269257835,0.1436504782934719,0.09829849650135176,1.4803745673145299,-0.42664853498106076,3
198,2024-09-25 22:38:30.225311035,0,018,-0.5062506673270358,0.2034113833484312,-0.9885770556086302,0.2384442378594473,0.1302461478803831,0.0941210902824696,1.4022764349247918,-0.42940623357105523,3
199,2024-09-25 22:38:30.303420166,0,018,-0.4738905332104443,0.20476038094973575,-0.965031889436741,0.2295524126018404,0.10945559719377292,0.0932965955551356,1.301912465387757,-0.4319784479751405,3
200,2024-09-25 22:38:30.365020020,0,018,-0.4401275230982859,0.20820204772305823,-0.913863636167349,0.21705237876247563,0.08237415726929938,0.09557116297113748,1.1868580988607333,-0.43498498518244394,3
201,2024-09-25 22:38:31.317589111,0,018,-0.4049680147707809,0.21340601418736796,-0.8352326912646482,0.20110938700983758,0.05037458849115459,0.10060265654744935,1.06495328761979,-0.4388243927048369,3
202,2024-09-25 22:38:31.387355957,0,018,-0.3686166954475224,0.21999195733571636,-0.7309405776415636,0.18213338611100408,0.015041030553089288,0.10797725908703659,0.944121944269265,-0.4436966795537947,3
203,2024-09-25 22:38:31.440770996,0,018,-0.3315113330900732,0.22755785262392664,-0.603950056371608,0.16072774972332518,-0.021911411762880917,0.11722680600122404,0.8321759511569395,-0.449623448755591,3
204,2024-09-25 22:38:31.522968018,0,018,-0.29432232226769944,0.2357021420502695,-0.4577695894279955,0.13757431558571348,-0.05871917322310735,0.12784458695068937,0.7365014399004243,-0.45643894764431164,3
205,2024-09-25 22:38:31.579052979,0,018,-0.2579038384893968,0.24403249076548414,-0.29595098073721704,0.11329563456070482,-0.09364489478691035,0.13929840803109508,0.6636910007925088,-0.4637816443065202,3
206,2024-09-25 22:38:31.656742188,0,018,-0.2232023811088875,0.2521630101033612,-0.12186473047219845,0.08835135534206866,-0.1250421457655688,0.15104094537640997,0.619212472225622,-0.47113670263158675,3
207,2024-09-25 22:38:31.719238037,0,018,-0.1911343135444156,0.25970725177631193,0.061261455583496945,0.06299298713090141,-0.1514156957718617,0.162517676533791,0.6070919879555005,-0.47793211449381495,3
208,2024-09-25 22:38:32.665327148,0,018,-0.16244961645845143,0.26627204350288003,0.25018154798908365,0.0372649675289251,-0.1714760592256947,0.17317298446948723,0.6296011355680399,-0.4836442564328137,3
209,2024-09-25 22:38:32.727849121,0,018,-0.13761226478676974,0.27145463427310157,0.4414721489035075,0.011048295499124632,-0.18418111832446124,0.18245628872692998,0.6870654246691351,-0.4878790367893813,3
210,2024-09-25 22:38:32.805760986,0,018,-0.11672995796177076,0.2748479706123968,0.6313993377611115,-0.01583959443149355,-0.1887674838912759,0.18983215927282107,0.7778838302703525,-0.49042049284448425,3
211,2024-09-25 22:38:32.873562012,0,018,-0.09954554516718633,0.2760588920369873,0.8157783143144979,-0.04350077821292261,-0.18477727971706814,0.19479764802435656,0.8987027856439678,-0.4912476138323678,3
212,2024-09-25 22:38:32.927458984,0,018,-0.08547424341482587,0.2747354192326143,0.9898152708337414,-0.07182088817225733,-0.17207208764691606,0.19690474271054464,1.0446544364525332,-0.49052621355552284,3
213,2024-09-25 22:38:33.008173096,0,018,-0.07366304121072699,0.2705925172296733,1.147989919363086,-0.10039016808526297,-0.15081534729882096,0.19578235172780645,1.2095989280705306,-0.4885781774235027,3
214,2024-09-25 22:38:33.067707031,0,018,-0.06306255619920566,0.2634297271452872,1.2841234508164368,-0.12849359894318144,-0.12141285737474797,0.19115411821572817,1.3862792149924188,-0.48581931928616257,3
215,2024-09-25 22:38:34.011808105,0,018,-0.05250639165801765,0.25314029587835013,1.3917823958428135,-0.15515729003683207,-0.08443471864404331,0.18285133089849337,1.5663673249124395,-0.4826694017576352,3
216,2024-09-25 22:38:34.084458008,0,018,-0.04078630855108579,0.23971294592856202,1.4650083562908995,-0.17923515112618546,-0.04057448539023069,0.17082246469363688,1.7406097488964178,-0.4794602753892635,3
217,2024-09-25 22:38:34.155216064,0,018,-0.026719743427670622,0.22322852920167238,1.4991655735454574,-0.1995275297943121,0.009320624516812414,0.15514185776549977,1.8992995091205374,-0.4763617020565874,3
218,2024-09-25 22:38:34.222889893,0,018,-0.009220929930727926,0.20385514903024549,1.4916317323067751,-0.21492404974066287,0.0641780766347402,0.13601717885259704,2.033001739676018,-0.47332746401382475,3
219,2024-09-25 22:38:34.284457031,0,018,0.012621079453096432,0.1818436338486821,1.4421311050408077,-0.2245500298572194,0.12265182227394739,0.11379053152891382,2.1332933072001623,-0.4700751919081729,3
220,2024-09-25 22:38:34.346945068,0,018,0.039474625931712866,0.15752222433571,1.3526869250288018,-0.22789532220116449,0.18314638792974733,0.08892590543681408,2.19339115735476,-0.4661223899665593,3
221,2024-09-25 22:38:34.426325195,0,018,0.07172620993567304,0.13128794171508576,1.2273461938626171,-0.2249117858212145,0.243916920092021,0.06197987613312353,2.2085965205883284,-0.46086736511441206,3
222,2024-09-25 22:38:35.369684082,0,018,0.10946939122576696,0.10359345532887439,1.0718703092234563,-0.2160613354991877,0.3032023872209557,0.03356218535179604,2.176467349173045,-0.4536659980707457,3
223,2024-09-25 22:38:35.437522949,0,018,0.15250766935532495,0.07493180891625563,0.8935206050213417,-0.20230828898225556,0.3593392921441455,0.004297470010582857,2.0967539140540055,-0.4438744137809274,3
224,2024-09-25 22:38:35.505314209,0,018,0.20036529005796636,0.04582154804218391,0.7009544671687791,-0.185071438461836,0.41084392094771155,-0.025208005903895186,1.971246861826782,-0.4308815710808204,3
225,2024-09-25 22:38:35.573101074,0,018,0.25231601461421094,0.016789619178575813,0.5041032161063421,-0.16613989352392414,0.45649386658189056,-0.05439878922550249,1.8036780755267459,-0.4141743061302981,3
226,2024-09-25 22:38:35.639267822,0,018,0.30743057151859937,-0.011651041894491431,0.3138636864009626,-0.14753899833668413,0.49542611085322896,-0.0828021817969951,1.5997629027742055,-0.3934455887362727,3
227,2024-09-25 22:38:35.702214111,0,018,0.36461933084137965,-0.039024483566122405,0.14155346122139176,-0.1313516060315296,0.5272225913783483,-0.11005167023382106,1.367317987086044,-0.36871061298684027,3
228,2024-09-25 22:38:35.776563965,0,018,0.42265626537044704,-0.06490697614380327,-0.0018230274952003192,-0.11952681942318218,0.5519447449130822,-0.13589454280355484,1.1162049606489723,-0.3403773940641354,3
229,2024-09-25 22:38:36.694137939,0,018,0.4802014481945282,-0.0889321661890164,-0.10646308155904802,-0.1137021164186802,0.5701025070795879,-0.16018397212508528,0.8579144917569836,-0.3092511361400164,3
230,2024-09-25 22:38:36.758277832,0,018,0.5358401643818468,-0.11079025507649405,-0.16475169200813922,-0.11504574723815318,0.5825583860654119,-0.182860374243871,0.6048331652252893,-0.27649051382856427,3
231,2024-09-25 22:38:36.829808838,0,018,0.5881383308863619,-0.1302265967469893,-0.17216573558968398,-0.12412919272191406,0.5903838626173433,-0.20392697401671916,0.36934422706679076,-0.24352922818851722,3
232,2024-09-25 22:38:36.897608154,0,018,0.6357144375050428,-0.14704250532958263,-0.12786118435379085,-0.14084934756543147,0.5947082568216655,-0.2234230493941509,0.16293318692945155,-0.21196097804773883,3
233,2024-09-25 22:38:36.965454102,0,018,0.6773326090072368,-0.16109794708530784,-0.0348009143380448,-0.16441669894842384,0.5965958648082764,-0.24139613289091919,-0.004571642690812125,-0.18338951642711174,3
234,2024-09-25 22:38:37.021082031,0,018,0.7120013512828629,-0.17231428788975683,0.10059169649754524,-0.19341853090493835,0.5969642939354147,-0.2578743796583939,-0.12566355532592882,-0.15924774227014063,3
235,2024-09-25 22:38:37.099190918,0,018,0.7390383712525219,-0.18067359346335643,0.2691644693573351,-0.22595229241666365,0.5965547635911199,-0.272844820960728,-0.19581049668843592,-0.14060746859234816,3
236,2024-09-25 22:38:38.043248779,0,018,0.7580713878056099,-0.18621062042142555,0.45997690726549834,-0.2598024051062238,0.5959652809224395,-0.28624551586737335,-0.21394094095965835,-0.12803947086278036,3
237,2024-09-25 22:38:38.112708008,0,018,0.768981933748203,-0.1889989673356288,0.6612608340507482,-0.2926284923505946,0.5957211501394596,-0.29797180428084846,-0.18245496274444228,-0.12158036128798529,3
238,2024-09-25 22:38:38.180541992,0,018,0.771825600214286,-0.18913875701810706,0.8612763422895637,-0.3221431507583216,0.5963180119364003,-0.3078859798034702,-0.10664644257763851,-0.12080777039380416,3
239,2024-09-25 22:38:38.248328857,0,018,0.7667635557080217,-0.186751869308262,1.0490003497645317,-0.3462617327866029,0.5981935029050893,-0.3158194843110405,0.006252182343212901,-0.12497858387405456,3
240,2024-09-25 22:38:38.305027100,0,018,0.7540308912260164,-0.18198543361077382,1.2146462358595058,-0.3632192258113272,0.6016473684571819,-0.32156756513807194,0.1480238776093897,-0.13317475909426438,3
241,2024-09-25 22:38:38.381793945,0,018,0.7339517614388382,-0.1750208653380982,1.350059375893699,-0.3716731468251888,0.6067570734923112,-0.32488516915606475,0.310165635549492,-0.1444231062561745,3
242,2024-09-25 22:38:38.451653076,0,018,0.7069825060059126,-0.16608305492539735,1.4490062250856648,-0.3708028975493292,0.613310635771873,-0.3254911232240635,0.48436389618884385,-0.15779270525135505,3
243,2024-09-25 22:38:39.362950928,0,018,0.6737441626645756,-0.15544250034253948,1.5073469370400436,-0.3603748503486951,0.6207625371356914,-0.32308111921185584,0.6629079104728547,-0.17248199923169794,3
244,2024-09-25 22:38:39.424087158,0,018,0.6350248161821147,-0.1434070884309909,1.5231237611451136,-0.34073310506335097,0.6282320497826513,-0.31734790761503856,0.8391120103507755,-0.18788313935313858,3
245,2024-09-25 22:38:39.505670166,0,018,0.5917633048610296,-0.13030848624784638,1.496619858187993,-0.31271708153564787,0.634563491839138,-0.30800946169733895,1.0077150977297686,-0.20361115935021804,3
246,2024-09-25 22:38:39.563317139,0,018,0.5450241024972039,-0.11649100548174872,1.4303844812565603,-0.27754116621164826,0.6384420972104623,-0.29484542760609483,1.1651944311058178,-0.21951955153204353,3
247,2024-09-25 22:38:39.641287109,0,018,0.4959524227915637,-0.10230383173568995,1.3291299281973181,-0.23666253796544676,0.6385382567572603,-0.2777365165378268,1.309924326670863,-0.23572942537266364,3
248,2024-09-25 22:38:39.702209961,0,018,0.4457002430721146,-0.08808916217980957,1.1993645336188898,-0.19164533081678092,0.6336491860635971,-0.2566976443160662,1.4420996994762914,-0.252646810193738,3
249,2024-09-25 22:38:39.763833984,0,018,0.3953428676043417,-0.0741614706633584,1.0487161876113145,-0.14403411278569803,0.6227989869099996,-0.23189615311336775,1.5633688134276853,-0.27089972011006774,3
250,2024-09-25 22:38:40.719988037,0,018,0.34582422443354893,-0.0607846544336406,0.8850869083288971,-0.09525532302784975,0.605254652612624,-0.20364841080728827,1.676266267385181,-0.2911766282580665,3
251,2024-09-25 22:38:40.787837891,0,018,0.29794394763282533,-0.04815685150669312,0.7158835472305071,-0.04655243088352659,0.5804637573289873,-0.17239589329658894,1.7836962174521953,-0.31404328525114433,3
252,2024-09-25 22:38:40.840688965,0,018,0.25236162725756894,-0.03640321398483778,0.5475083722032054,0.001050050263618024,0.5479863605868392,-0.13867306690947787,1.888625093171493,-0.3398265914319531,3
253,2024-09-25 22:38:40.923508789,0,018,0.20959839255698975,-0.025572073872452077,0.385172952148098,0.04674951973956139,0.5074870068585999,-0.10307970843618769,1.9938835640875523,-0.36857545514646245,3
254,2024-09-25 22:38:40.980314941,0,018,0.1700421103020986,-0.015635128725753126,0.23301904296303533,0.08992350158344631,0.4587927536220387,-0.06626127537298093,2.1018819283762498,-0.40004659649428953,3
255,2024-09-25 22:38:41.058039062,0,018,0.13395807750614733,-0.0064936238043089185,0.09445854492581458,0.13005446072622395,0.40199438557421435,-0.028895259372996328,2.2141451374108803,-0.43366808104559057,3
256,2024-09-25 22:38:41.126970947,0,018,0.10148746512422113,0.0020129540409707055,-0.027445505155957794,0.16666487162647542,0.33756082781880953,0.0083212084426926,2.3307094122859326,-0.4684787067078032,3
257,2024-09-25 22:38:42.070032959,0,018,0.07262045635144196,0.010100830755422176,-0.12975184485467223,0.1992974530548101,0.26641683780408115,0.044688516936612944,2.449546180459169,-0.5030885499008547,3
258,2024-09-25 22:38:42.130059082,0,018,0.047156910426639345,0.01803870830495838,-0.20965432309480242,0.22753359727285888,0.18993967524749822,0.07952702268734942,2.5662633111310678,-0.5357104240783124,3
259,2024-09-25 22:38:42.192153809,0,018,0.024686142796264014,0.026142323938576805,-0.2647045667424821,0.2510263719095904,0.10988121590187909,0.11219765432437191,2.674288047103592,-0.5642648854374344,3
260,2024-09-25 22:38:42.268855957,0,018,0.004614083677827359,0.0347612880837883,-0.2931731554582998,0.26954109635498846,0.028260700247351573,0.14211466498794437,2.765520058308002,-0.5865159344178398,3
261,2024-09-25 22:38:42.341176025,0,018,-0.013750097977235635,0.044254761413277846,-0.2944381262040275,0.2829947277986499,-0.05274013116276171,0.168752550948026,2.8311967213021423,-0.6001976039157172,3
262,2024-09-25 22:38:42.408082031,0,018,-0.031061303147659546,0.05495522517656087,-0.2692355541153687,0.29146400470861095,-0.13088016357242407,0.19165350206899523,2.862682932760082,-0.603135370662234,3
263,2024-09-25 22:38:42.470778076,0,018,-0.047810375814050544,0.06712654237684729,-0.21966502567483948,0.295147361051888,-0.20397103323150362,0.21043837128993212,2.852131579547923,-0.5934033464070089,3
264,2024-09-25 22:38:43.420198975,0,018,-0.0642633626582569,0.08092980100783657,-0.14898605554821348,0.29430491175993395,-0.270005645075484,0.22481944408906815,2.793193935330699,-0.569545256458718,3
265,2024-09-25 22:38:43.477464111,0,018,-0.08048643898476228,0.09640639001620359,-0.06130103181575554,0.2892014349044574,-0.32731020165767305,0.23461417605810808,2.681886885930804,-0.5308280562766674,3
266,2024-09-25 22:38:43.555889893,0,018,-0.09642378534689411,0.11347632075647479,0.038809309049037975,0.28005539895299936,-0.3747115171660536,0.23976097728651427,2.5174211435044236,-0.4774435337507282,3
267,2024-09-25 22:38:43.616677002,0,018,-0.11199123234776155,0.13194596100169748,0.14663861743309417,0.26700975451073705,-0.4116784107011524,0.24033394553815562,2.302698963606294,-0.41058594966470485,3
268,2024-09-25 22:38:43.691504882,0,018,-0.12715646876136336,0.15152183167241495,0.25760979309969423,0.2501644447127026,-0.4383819764732435,0.23654840396729637,2.0443792703475556,-0.3324002824021971,3
269,2024-09-25 22:38:43.759272949,0,018,-0.14197247188108783,0.17182667614808397,0.36737005216955965,0.22968408607090773,-0.4556444845117999,0.22875147809056606,1.7524973875886007,-0.2458300633577954,3
270,2024-09-25 22:38:43.817446045,0,018,-0.15655229067155668,0.1924145222465308,0.47176780197932505,0.2059368948370064,-0.4647899623066836,0.2173994510740282,1.439610387299204,-0.15438298578117135,3
271,2024-09-25 22:38:44.770251952,0,018,-0.17101038845676572,0.2127866693043035,0.5668075261900136,0.1796098802627559,-0.4674419193681214,0.20302941347954467,1.1195742885323274,-0.06184108460248345,3
272,2024-09-25 22:38:44.833250977,0,018,-0.1853961876545975,0.23241203427604895,0.6486140496462448,0.15177842503784925,-0.4653256245213658,0.18623408293131458,0.8061946133771174,0.02803596647543476,3
273,2024-09-25 22:38:44.895292969,0,018,-0.19962095749156816,0.2507496464455067,0.7134052887735433,0.12391686599675814,-0.4601244981493631,0.16764570659257136,0.5119831574666336,0.11177789746960722,3
274,2024-09-25 22:38:44.972126953,0,018,-0.21337929554284127,0.2672691902828019,0.7575217697359601,0.09782726881405172,-0.4534106756613598,0.1479294780429412,0.24724586924038794,0.1864276981714152,3
275,2024-09-25 22:38:45.041511962,0,018,-0.22609662051071677,0.28147328066078636,0.7775438638223785,0.07549093819060719,-0.44663321713851445,0.12778139353772633,0.01970061006882273,0.2497019606463429,3
276,2024-09-25 22:38:45.109301025,0,018,-0.23695090522844617,0.2929295654080855,0.7704386950803732,0.05888818596521809,-0.44113222829959614,0.10792255001295413,-0.1653394487076666,0.3000543248887252,3
277,2024-09-25 22:38:45.177152100,0,018,-0.2449853592310862,0.3013112658218529,0.733656639819125,0.04983036067142805,-0.43815481497541686,0.08908450937835007,-0.30442340780338367,0.3366368477466639,3
278,2024-09-25 22:38:46.120322021,0,018,-0.2492731765350695,0.30643319381545386,0.6651688738741133,0.049814516881295796,-0.43885467302839,0.0719854931438787,-0.3954355043423836,0.35920726980802303,3
279,2024-09-25 22:38:46.176038086,0,018,-0.24906838105828288,0.30827057839079064,0.5635174724649981,0.05989192224376992,-0.4442585458950168,0.05729873175593883,-0.43737987322836763,0.3680421607893824,3
280,2024-09-25 22:38:46.253182861,0,018,-0.2438964807697473,0.306956760565042,0.4279847814173108,0.08055093447669306,-0.4551950913067858,0.045614457939302945,-0.43045153590690494,0.36387096847714545,3
281,2024-09-25 22:38:46.315220215,0,018,-0.2335830964360834,0.30276441367888624,0.25893540376941315,0.11163588952180897,-0.47220256733170585,0.03740119735266013,-0.37610956212014185,0.34780120255714186,3
282,2024-09-25 22:38:46.376728027,0,018,-0.21824618450076125,0.2960791792019954,0.05822463762625111,0.1523345071667715,-0.4954502559820336,0.03297749564489674,-0.27696019247447456,0.3212143901298456,3
283,2024-09-25 22:38:46.459453125,0,018,-0.19826630266933115,0.2873719277605681,-0.17053500068008687,0.20124846044361705,-0.5247101321824161,0.03250334506255691,-0.136578939704409,0.2856616938257966,3
284,2024-09-25 22:38:46.516431885,0,018,-0.17423409267623424,0.277169700060796,-0.4219592537500039,0.25652415193156997,-0.5593902125256893,0.035990037297205256,0.04047362985965342,0.242804485207195,3
285,2024-09-25 22:38:47.436342041,0,018,-0.14688702816058005,0.26602322304460024,-0.6890843635125948,0.3160017543139241,-0.5986123825101197,0.043318961185789734,0.24846424229569802,0.19438972986903227,3
286,2024-09-25 22:38:47.512262207,0,018,-0.11705859509582389,0.2544720375200083,-0.9636667113237293,0.37735516320195595,-0.6413127563960185,0.054261831326522736,0.4804572580993421,0.14219593773180747,3
287,2024-09-25 22:38:47.575568848,0,018,-0.08564147087994671,0.24301189318615288,-1.2364919670833956,0.4382140363923181,-0.6863500817318452,0.06850143044168829,0.7286401606231363,0.08792553115369407,3
288,2024-09-25 22:38:47.637598877,0,018,-0.053541550914665406,0.23206845248923577,-1.4976236772416012,0.49626059056082883,-0.732602886367464,0.08565438741663119,0.9848309094507008,0.033098960833414834,3
289,2024-09-25 22:38:47.715306152,0,018,-0.02161602986555994,0.22197828760465763,-1.7366256990531896,0.5492954643726843,-0.7790306516970731,0.10529538794684515,1.2409182686795674,-0.02099811247571705,3
290,2024-09-25 22:38:47.776866943,0,018,0.009367997551256122,0.21297961322987002,-1.9429106452388007,0.5952840261696564,-0.8246886576124184,0.1269799692051516,1.4892042942554535,-0.07333300165592585,3
291,2024-09-25 22:38:47.843989990,0,018,0.038709779123919485,0.20521890806992482,-2.1063568221617954,0.632417739631267,-0.8686995158462215,0.15026123999091656,1.7227669031578923,-0.12315810715960324,3
292,2024-09-25 22:38:48.790347168,0,018,0.0656904232065285,0.1987752960333071,-2.2181731324108904,0.6592260178057776,-0.9101891328221537,0.17469653193341103,1.9358842470044646,-0.17007001621347898,3
293,2024-09-25 22:38:48.862322998,0,018,0.08948617142066437,0.19369339711166356,-2.2717932140333854,0.6747310718853319,-0.9482165651403169,0.199846159380005,2.1243864258623852,-0.2140580666058028,3
294,2024-09-25 22:38:48.929079102,0,018,0.10913719914580236,0.19000942649514846,-2.2635301388332887,0.6785888905256416,-0.981745721121378,0.22527143747398623,2.2857515171501555,-0.2554909782253415,3
295,2024-09-25 22:38:48.997906982,0,018,0.12357742653650601,0.1877607442690138,-2.1928779939972403,0.6711561952643216,-1.0096871893572583,0.25053719823648524,2.418900819534107,-0.2950203031794292,3
296,2024-09-25 22:38:49.065725098,0,018,0.13169343131271605,0.18697979159163744,-2.0625233547679906,0.6534564333896076,-1.0309991318286982,0.2752189384905937,2.5237907191155555,-0.3334120246967752,3
297,2024-09-25 22:38:49.130121094,0,018,0.13239998898836808,0.1876794956671331,-1.8781657171283601,0.6270594321985099,-1.0448084558920983,0.2989095781868081,2.6009066382393913,-0.37132223825302574,3
298,2024-09-25 22:38:49.192174072,0,018,0.12474730052278163,0.18983575528289012,-1.6481992920497943,0.5939255729202958,-1.0505123149402418,0.3212194616540023,2.6507303271758076,-0.40903741299980684,3
299,2024-09-25 22:38:50.144568848,0,018,0.10805646861539427,0.19336880126321024,-1.3832914765394602,0.5562656793883637,-1.047843323786694,0.3417690700388569,2.6733114644189184,-0.44623707543666535,3
300,2024-09-25 22:38:50.200488037,0,018,0.08204572069997539,0.1981250995986777,-1.095905438705953,0.5164259704640184,-1.0369022550241043,0.3601804206433024,2.668139145999041,-0.48187210530503444,3
301,2024-09-25 22:38:50.280233887,0,018,0.046915914839888676,0.20386358260695342,-0.799771965606594,0.4767733880770265,-1.0181560902341782,0.3760729082116257,2.634403186830333,-0.5142258022455364,3
302,2024-09-25 22:38:50.339302979,0,018,0.0034005192894072515,0.21024929015231497,-0.5092218146932586,0.43956243113390436,-0.9923819404496359,0.3890656229671838,2.571522456301619,-0.541150705023828,3
303,2024-09-25 22:38:50.401436035,0,018,-0.047200700016124655,0.21685481256914266,-0.23829150910816557,0.40678852100846263,-0.9605437813928114,0.39878598239865193,2.4796820286021126,-0.5604148120081133,3
304,2024-09-25 22:38:50.478629150,0,018,-0.10300899313560383,0.2231687872288348,0.0003134141871357034,0.3800503496836437,-0.9236255924599488,0.40488318091491293,2.360133956690326,-0.5700672763749829,3
305,2024-09-25 22:38:50.551436035,0,018,-0.1616104079886293,0.22861287212585668,0.1961413006757361,0.3604492983534871,-0.8824774515329389,0.40704495428518944,2.215167238538331,-0.5687329527349924,3
306,2024-09-25 22:38:51.494593018,0,018,-0.22019267718846744,0.23257269256057367,0.3416000430723691,0.3485424995136082,-0.837727893965214,0.4050184771090991,2.047831266840296,-0.5557665623250931,3
307,2024-09-25 22:38:51.552770996,0,018,-0.27576738265753614,0.2344460383666887,0.432266121839691,0.34434104859688236,-0.7897778452356904,0.3986360897908692,1.8615690815263497,-0.5312445282694807,3
308,2024-09-25 22:38:51.630239014,0,018,-0.32541748742030363,0.23370012448019592,0.46703527516636545,0.347331649291701,-0.7388545674732524,0.387841960977953,1.6599071786727755,-0.49583852788612337,3
309,2024-09-25 22:38:51.698052002,0,018,-0.366513907068344,0.2299227121579008,0.44817293219472826,0.3565109803293842,-0.6851016040747216,0.37271313018484553,1.4462967047902158,-0.4506577689633637,3
310,2024-09-25 22:38:51.752590820,0,018,-0.39689107239016336,0.22285885186335863,0.38118878685656243,0.37044209257555716,-0.6286935078608181,0.3534710183143982,1.224085154747366,-0.3971215737547469,3
311,2024-09-25 22:38:51.832216064,0,018,-0.41498614345026774,0.21243381337297082,0.27440654759477523,0.38735321927202976,-0.5699540425063887,0.33048336943239404,0.9965588277852219,-0.3368745522478101,3
312,2024-09-25 22:38:51.901561035,0,018,-0.41992005325089155,0.19876109538284822,0.1381587833545979,0.405288483497185,-0.5094318520244079,0.30425639305191365,0.7670861821524142,-0.2717446420408948,3
313,2024-09-25 22:38:52.838433105,0,018,-0.4114954506303364,0.1821305959638862,-0.016332303164689147,0.4222940603294773,-0.4478893236760452,0.27541340085790117,0.5393384601483181,-0.20372639147284458,3
314,2024-09-25 22:38:52.912619141,0,018,-0.3901294238535085,0.16297838610119414,-0.17816588082442494,0.4366060435701884,-0.38621046929280994,0.24465879792933048,0.3173965925843085,-0.13493814680483623,3
315,2024-09-25 22:38:52.978121094,0,018,-0.35676948380941503,0.14184978801002737,-0.3377288837660453,0.44680330558640363,-0.32528476869782635,0.2127342078796092,0.10564435744547758,-0.06753050981642716,3
316,2024-09-25 22:38:53.040210938,0,018,-0.3128165954517753,0.11936692744176056,-0.4871646987100748,0.4518957932537735,-0.2659076834014727,0.18037306063371242,-0.09145964928023405,-0.003580794653681877,3
317,2024-09-25 22:38:53.102247070,0,018,-0.26003947635264424,0.09620072583359167,-0.6203566892503907,0.4513378858424427,-0.2086953496411111,0.1482551404911077,-0.2697219659166855,0.05500496418797599,3
318,2024-09-25 22:38:53.179489014,0,018,-0.20046407542739225,0.07303979330512413,-0.7326441220767408,0.4449825627712329,-0.154016369717062,0.11696641563467021,-0.4257387222583057,0.1065980759623148,3
319,2024-09-25 22:38:53.241496094,0,018,-0.1362457902770869,0.050552698435569206,-0.8205082845469004,0.433011501747015,-0.1019608399279572,0.08697253654860937,-0.5574165805820354,0.14994999937008974,3
320,2024-09-25 22:38:54.159677002,0,018,-0.06953446466450107,0.02934595918522901,-0.8813853507789937,0.41587477103966075,-0.0523493278762565,0.05860659242207248,-0.6640681709492261,0.18423825182098322,3
321,2024-09-25 22:38:54.237350830,0,018,-0.0023292442408987795,0.009919032141405984,-0.9136530343303149,0.3942518271574895,-0.004770072329293854,0.03206467124091945,-0.7459086929986083,0.20902824353780122,3
322,2024-09-25 22:38:54.305490967,0,018,0.06366631072619724,-0.007380965509662855,-0.9167329803412991,0.3690243849638585,0.04135662896982235,0.007406110316493454,-0.8032785106250275,0.22418594125009883,3
323,2024-09-25 22:38:54.361922119,0,018,0.12714833203205664,-0.022392898929894694,-0.8911741274961512,0.341241947984493,0.08668212914843433,-0.015438725467363239,-0.8360950753112019,0.2297924832694748,3
324,2024-09-25 22:38:54.439112793,0,018,0.1872472476126774,-0.035150476833720815,-0.8385705341102332,0.3120536156789108,0.13181189125542733,-0.0366512030969641,-0.8437947658301933,0.22608989823897047,3
325,2024-09-25 22:38:54.501144043,0,018,0.2435130976543883,-0.045866339356507725,-0.7612872427869815,0.2825872459810824,0.17719816098414093,-0.056501232875982466,-0.8257019779055975,0.21347189562408558,3
326,2024-09-25 22:38:54.568782959,0,018,0.29588705192095377,-0.05490171696947614,-0.6621474010938179,0.25379497530346645,0.2230798519739881,-0.07532363439642821,-0.7815536402124409,0.19250645555634688,3
327,2024-09-25 22:38:55.519931885,0,018,0.3446652724332527,-0.06272851574565465,-0.5442589909181063,0.22632185569087707,0.2694894703334575,-0.0934959629447278,-0.7118528757872008,0.16393753569931588,3
328,2024-09-25 22:38:55.587775879,0,018,0.3904413352504935,-0.06988360477480467,-0.4109845045831296,0.2004496889074007,0.3163174063290455,-0.11141544737941285,-0.6178954415727688,0.12862869221743117,3
329,2024-09-25 22:38:55.641083008,0,018,0.43402059173566776,-0.07691623931082127,-0.26589420163164396,0.17612540833172846,0.3633996418798976,-0.12947289354508779,-0.5016024294212662,0.08747874822739582,3
330,2024-09-25 22:38:55.717775879,0,018,0.4763089966898808,-0.08433591556600245,-0.11259891631786752,0.15304739349527405,0.4105920205480697,-0.14802659739432886,-0.36545958739793594,0.04137405863224713,3
331,2024-09-25 22:38:55.791172119,0,018,0.5181814993877758,-0.09256861304934974,0.04543326395786518,0.1307836415109106,0.4578155686170348,-0.1673832856655151,-0.21276537392954362,-0.008781771471736768,3
332,2024-09-25 22:38:55.857386230,0,018,0.5603429701600382,-0.10192338788263557,0.2048930235673229,0.10890394075045143,0.5050752940052236,-0.1877885917600871,-0.048068572060836014,-0.06197127403095918,3
333,2024-09-25 22:38:55.919449951,0,018,0.6032048067643252,-0.11256825785469947,0.3624810349324245,0.08708948128753063,0.5524499396281836,-0.20942137937146904,0.12257613893814272,-0.1169611334071996,3
334,2024-09-25 22:38:56.855331055,0,018,0.6467974049692935,-0.12451688117940457,0.5148256776777775,0.06517071432859428,0.6000459461915859,-0.23238488476078123,0.29180552380197855,-0.1722640437202351,3
335,2024-09-25 22:38:56.932500977,0,018,0.6907288996762219,-0.13762931586051078,0.6586645867868532,0.04308132364444101,0.6479203949803245,-0.25669184966501946,0.4515375962787745,-0.22618227510574684,3
336,2024-09-25 22:38:56.995191162,0,018,0.734199415006626,-0.1516286727616476,0.7912140519071785,0.020771440127454275,0.6959836208715025,-0.28224351299040645,0.593690663598537,-0.2768932894888544,3
337,2024-09-25 22:38:57.058113037,0,018,0.7760770542638765,-0.16613269701435399,0.9104603732080704,-0.001859695395890695,0.7438856467403577,-0.3088043747332545,0.7108495099263515,-0.3225351041634302,3
338,2024-09-25 22:38:57.141148926,0,018,0.8150251898483178,-0.18069678879225143,1.015201245504422,-0.024974347019186355,0.7908981998949216,-0.3359797303593094,0.7968612541521174,-0.36129462257162176,3
339,2024-09-25 22:38:57.208934082,0,018,0.8496547513098814,-0.19486357218924147,1.104907855074297,-0.048749750181084836,0.8358301567558816,-0.3632066811761202,0.84734123912122,-0.391531611399071,3
340,2024-09-25 22:38:57.273216064,0,018,0.8786728140909217,-0.2082126971576292,1.1795867596942524,-0.0733059067508644,0.8770230180361323,-0.389765171161434,0.8600358103699056,-0.41195265405198767,3
341,2024-09-25 22:38:58.190893799,0,018,0.9010041612976175,-0.22040317046644342,1.2396918790005813,-0.0986429633888977,0.9124503956228202,-0.4148081071783113,0.835096389711314,-0.4218079346832304,3
342,2024-09-25 22:38:58.263078857,0,018,0.9158687107598187,-0.23120247520572332,1.2859924221207535,-0.12460086866523461,0.9399114734480665,-0.43740687641002485,0.7753120106363901,-0.4210482401940405,3
343,2024-09-25 22:38:58.329426025,0,018,0.9228038521870795,-0.2404999121679335,1.319346320641418,-0.15084085883365173,0.9572767637127377,-0.45660868994905046,0.6861426839351836,-0.41037651971818223,3
344,2024-09-25 22:38:58.391495850,0,018,0.9216330665050338,-0.24830130142985668,1.3404119353693358,-0.17685015847616845,0.9627266471034989,-0.4714992291519295,0.5753655283682906,-0.39117299255490734,3
345,2024-09-25 22:38:58.453980957,0,018,0.9124048325555533,-0.2547037776664042,1.3493274738726186,-0.2019677939533896,0.9549342958360542,-0.4812608595431996,0.4523533812469086,-0.3653308101517029,3
346,2024-09-25 22:38:58.531426025,0,018,0.8953410915520758,-0.2598578861424386,1.3454525398414785,-0.22542720263430055,0.9331783732241439,-0.485220180109046,0.3271099282351517,-0.33505288588570475,3
347,2024-09-25 22:38:58.592835938,0,018,0.8708205263108776,-0.2639310730360367,1.327351323930488,-0.24641400307393396,0.897392340220495,-0.48288433766404615,0.20914417124240275,-0.3026321392093545,3
348,2024-09-25 22:38:59.544581787,0,018,0.8393859507919528,-0.2670824803675998,1.2930588821756217,-0.2641279513722907,0.8481481707239507,-0.4739646644048942,0.10634094900481682,-0.270227164716562,3
349,2024-09-25 22:38:59.612955078,0,018,0.8017373660805103,-0.269447068960412,1.2404649847063909,-0.27782839374456697,0.7865674549760779,-0.4583836363213185,0.02415217302657793,-0.239666491719742,3
350,2024-09-25 22:38:59.668476074,0,018,0.7586778813457499,-0.27111939768398935,1.1676786262081134,-0.2868603729175035,0.714179144180321,-0.43626472327190785,-0.03459756874512805,-0.21231982910662828,3
351,2024-09-25 22:38:59.748554932,0,018,0.711018785877696,-0.2721315745391409,1.073365493895899,-0.2906837689171196,0.6327693109525095,-0.40791135664037226,-0.06930842197304726,-0.18904845677427834,3
352,2024-09-25 22:38:59.807744873,0,018,0.659487349507765,-0.2724309794540518,0.9570264374050884,-0.2889140760397231,0.5442602569662429,-0.3737838792469546,-0.08095781774583957,-0.1702203126843669,3
353,2024-09-25 22:38:59.869760986,0,018,0.6046732944392289,-0.27186790031688646,0.8191260814892198,-0.28134856606012787,0.45062950827152926,-0.33447960655554604,-0.0715891446362383,-0.15576986835736786,3
354,2024-09-25 22:38:59.947413818,0,018,0.5470112053741218,-0.27019665159995293,0.6610842849527016,-0.26795739191459456,0.3538654217166626,-0.2907147981749799,-0.044002563773475056,-0.14529313835626678,3
355,2024-09-25 22:39:00.890129883,0,018,0.4867838201495011,-0.2670865687744221,0.48527583406105723,-0.24885713952583574,0.25595260411228804,-0.24330376091894476,-0.0014403497580309297,-0.13817600512096045,3
356,2024-09-25 22:39:00.952172119,0,018,0.4241463742194582,-0.2621393083540882,0.2951380974977586,-0.22429669029518712,0.15887090131763443,-0.19313184829621674,0.052849914399310007,-0.13374498997350703,3
357,2024-09-25 22:39:01.030883057,0,018,0.359165762484867,-0.25491099488940827,0.09532831482228284,-0.19466814425354428,0.06458043493914928,-0.14112261824649625,0.11604612764041476,-0.13140989453593935,3
358,2024-09-25 22:39:01.098623047,0,018,0.2918448650864015,-0.24493610767288218,-0.10821467868487945,-0.1605390833689788,-0.02503632619804793,-0.0881994690671765,0.1859953451651638,-0.13075995257314268,3
359,2024-09-25 22:39:01.152511962,0,018,0.22211325090473485,-0.23174898782883496,-0.3084112091184869,-0.12269134749590495,-0.10828228142536088,-0.035242601926767696,0.2611944655036125,-0.13158708636224725,3
360,2024-09-25 22:39:01.229695068,0,018,0.14980880395869967,-0.2149048722526563,-0.49742487971991994,-0.08213776414880773,-0.18376776227784508,0.016951138138614895,0.34053918050732046,-0.13383224863007592,3
361,2024-09-25 22:39:01.292180908,0,018,0.07469277416910865,-0.19400906942856982,-0.667318857251149,-0.04007986336051439,-0.25049264845778874,0.06769474817193259,0.4229618062520021,-0.13747571843361672,3
362,2024-09-25 22:39:02.237583008,0,018,-0.0034868379419623887,-0.1687589498322615,-0.8109453297692675,0.002207778044869997,-0.3078663876098947,0.11642131016453088,0.5071078072523304,-0.14240578401884443,3
363,2024-09-25 22:39:02.313333008,0,018,-0.08490296647055556,-0.13899173920310556,-0.9228392016180654,0.04352707006728049,-0.35569096474429474,0.16268398987740806,0.5911591067612777,-0.14830006195485496,3
364,2024-09-25 22:39:02.375270996,0,018,-0.1695591691770897,-0.1047245972650144,-0.9998207081760306,0.08287273524905034,-0.3941451854879686,0.20615156445079877,0.672849198359727,-0.15455505484557233,3
365,2024-09-25 22:39:02.437759033,0,018,-0.25722333834689176,-0.06617747194912368,-1.0412281904711884,0.11948763699772781,-0.4237837462722083,0.24660183094654414,0.7496005963136814,-0.1602925474881069,3
366,2024-09-25 22:39:02.514420898,0,018,-0.3473933325225038,-0.023776627414267972,-1.0489189078875316,0.15288089494907858,-0.445531107392028,0.28391323175562133,0.8186078073127515,-0.16444212905713426,3
367,2024-09-25 22:39:02.584512939,0,018,-0.4392988331697824,0.021859807073264684,-1.0271258048680525,0.18282834717130442,-0.46063725686168083,0.318053090635752,0.8767816426220488,-0.1658723409862361,3
368,2024-09-25 22:39:02.637547119,0,018,-0.5319411280402188,0.06995050910149206,-0.9821223003159751,0.20934801853355767,-0.4705773353396806,0.349059752481304,0.9207354176367086,-0.16354007160763456,3
369,2024-09-25 22:39:03.595418945,0,018,-0.6241583339412329,0.11958690717267083,-0.9216681641757658,0.23265045153441777,-0.4769053804593548,0.3770185934130334,0.9471037450919684,-0.1566354835440085,3
370,2024-09-25 22:39:03.663191162,0,018,-0.7147003523864888,0.16977172119210118,-0.8542882498208579,0.2530753297433571,-0.4811001842708487,0.4020378810065425,0.9532794068844046,-0.14470772790664035,3
371,2024-09-25 22:39:03.727418945,0,018,-0.8023111618494175,0.21946172897752064,-0.7884412923783468,0.271012259558025,-0.4844528503869738,0.42423345644807153,0.9383554075270892,-0.12776526560602416,3
372,2024-09-25 22:39:03.798794922,0,018,-0.8858110017553393,0.2676162465028873,-0.731652231173941,0.28680247243228435,-0.4880218053347995,0.4437261140495273,0.9038916307561322,-0.10634239520051346,3
373,2024-09-25 22:39:03.866579102,0,018,-0.9641532536730113,0.31324668765368535,-0.6897437323729758,0.30064418636192264,-0.4926432026181448,0.46064762633936834,0.8541467479325844,-0.08151022905254013,3
374,2024-09-25 22:39:03.926845947,0,018,-1.0364449596940652,0.35546197897658294,-0.6663257361284693,0.31254449388490313,-0.4989697836909429,0.4751477023608455,0.7956257341258753,-0.05480418297624084,3
375,2024-09-25 22:39:03.988409912,0,018,-1.1019500644488949,0.39350977134475823,-0.6626542244769021,0.32235007543843186,-0.5075079475446751,0.48739390040288966,0.7360828098351591,-0.028058417847963847,3
376,2024-09-25 22:39:04.919477051,0,018,-1.1600900887002397,0.4268130097896872,-0.6778651704652326,0.32984839263619514,-0.5186269266660647,0.4975602279861476,0.6833322211056366,-0.003184364342575671,3
377,2024-09-25 22:39:04.978663086,0,018,-1.2104352515531493,0.45499536427690523,-0.709472424313145,0.3348941959967504,-0.5325436382221209,0.5058094583816313,0.6442441108903874,0.01803328575429356,3
378,2024-09-25 22:39:05.040707031,0,018,-1.2526859819242187,0.4778883701855763,-0.7539796773258803,0.33751612023252764,-0.5493089591579458,0.5122796710398982,0.6240966754783323,0.0340725691955121,3
379,2024-09-25 22:39:05.122947998,0,018,-1.2866650077139898,0.4955199572743435,-0.8074980433130957,0.33797880124131585,-0.5688067828444183,0.5170796110833307,0.6261949850115525,0.043754347935197474,3
380,2024-09-25 22:39:05.190760010,0,018,-1.312333813013122,0.5080900749796535,-0.866285336225981,0.33679167622391587,-0.5907602620953548,0.5202893915444226,0.6516298933146596,0.046311708294239945,3
381,2024-09-25 22:39:05.258610107,0,018,-1.3298178064699717,0.5159389759240036,-0.9271111989528714,0.33466675888212677,-0.6147403042806707,0.5219629633397481,0.69919438511156,0.04146593285026695,3
382,2024-09-25 22:39:05.318364990,0,018,-1.3394057030742528,0.519509166676617,-0.9873766852710627,0.33243585422407845,-0.6401730142581964,0.5221324295601877,0.7655249170072411,0.029483650497050054,3
383,2024-09-25 22:39:06.253601074,0,018,-1.3415080916976865,0.5193005078896382,-1.045013221622694,0.3309445606316015,-0.6663494560471788,0.5208149964212946,0.8454611941407569,0.011186338189543876,3
384,2024-09-25 22:39:06.331545166,0,018,-1.3366071423741266,0.5158241904635207,-1.098297691640902,0.33095172101665293,-0.6924616715596611,0.5180230640044108,0.9325493596730925,-0.012091417530711227,3
385,2024-09-25 22:39:06.393138916,0,018,-1.3252457626851426,0.5095668461672255,-1.1457380851547292,0.33306252937800374,-0.7176888376581025,0.5137777343867687,1.0195560020028278,-0.03857993909209528,3
386,2024-09-25 22:39:06.471245117,0,018,-1.3080617799318148,0.5009711412971253,-1.1860721723472216,0.33769185160318965,-0.7413142089854706,0.5081228693021711,1.0988975878234377,-0.06618387394466656,3
387,2024-09-25 22:39:06.533250977,0,018,-1.2858265051610915,0.4904292093714479,-1.2182964066652062,0.34502377927832334,-0.7628206639144699,0.5011341077102026,1.1631132350505562,-0.09265162672775722,3
388,2024-09-25 22:39:06.594834961,0,018,-1.2594546804775637,0.478281413121125,-1.241636147637631,0.35495366676656237,-0.781938269632866,0.4929210691635059,1.2056112992327004,-0.11582740872161808,3
389,2024-09-25 22:39:06.675854980,0,018,-1.229992162824318,0.464817469169596,-1.255462838959668,0.36704541194731205,-0.7986622651201227,0.48362838688026777,1.2216208483977105,-0.1339342631093787,3
390,2024-09-25 22:39:07.613754150,0,018,-1.198602057641941,0.4502825278005222,-1.2592291899860537,0.3805389657014879,-0.813264165592563,0.4734426102516836,1.2089092506619212,-0.1457793592052464,3
391,2024-09-25 22:39:07.676635986,0,018,-1.1665474262865785,0.43489044344771927,-1.2524556206643978,0.39439971160504567,-0.8262828976184305,0.46260347093960597,1.1678313900001907,-0.15079971627366603,3
392,2024-09-25 22:39:07.754590088,0,018,-1.1351471815761838,0.4188422195598779,-1.2347127085544531,0.4073751127490507,-0.8384581664320512,0.45140852609199195,1.1006458998827118,-0.1489476492894378,3
393,2024-09-25 22:39:07.815062988,0,018,-1.1056953106366612,0.4023451170434348,-1.2055331364661102,0.4180419378453274,-0.8505915768182547,0.4402013696018125,1.0104873318362462,-0.1404951937944704,3
394,2024-09-25 22:39:07.890191162,0,018,-1.0793664841215034,0.38562861281545907,-1.1643047984733337,0.42486293230323763,-0.8633683169528067,0.42934358485250884,0.9005616094890272,-0.1258615486856776,3
395,2024-09-25 22:39:07.954749023,0,018,-1.0571397058608725,0.36895470364693106,-1.1102852967296135,0.4262877122454603,-0.8771938737085834,0.41917834360129747,0.7738578210537992,-0.10551978641686674,3
396,2024-09-25 22:39:08.025724854,0,018,-1.0397510972124107,0.352620380223323,-1.0427838945853105,0.420907900482405,-0.8920848959888998,0.40999417042584596,0.6332406103917502,-0.07996810932029874,3
397,2024-09-25 22:39:08.939035889,0,018,-1.027669394209503,0.33695107994709117,-0.9614068278594752,0.4076295713011856,-0.9076251619759789,0.401994442199241,0.48162450483221075,-0.04971905069474035,3
398,2024-09-25 22:39:09.012453125,0,018,-1.0210849087230158,0.3222850248813947,-0.8662507087172812,0.38580815460643847,-0.9229826348917242,0.3952763949304531,0.3220741416801787,-0.015287344230222669,3
399,2024-09-25 22:39:09.078532959,0,018,-1.0199077444256208,0.308948240490936,-0.7580264541683548,0.35532269208991146,-0.9369858555447897,0.3898230597376335,0.1578500018846455,0.02280009159297909,3
400,2024-09-25 22:39:09.148041992,0,018,-1.0237783884146876,0.297222136511547,-0.6381515492924321,0.3166060207590556,-0.9482542558909475,0.38550931875176814,-0.0075743984531545005,0.06395574902389127,3
401,2024-09-25 22:39:09.202656982,0,018,-1.0320908557954818,0.287310115764728,-0.5088145754474183,0.27065090038293216,-0.9553613301421134,0.3821201892110158,-0.17061144139291295,0.10748265396568507,3
402,2024-09-25 22:39:09.279512939,0,018,-1.0440111307416162,0.27930983784563845,-0.3729745059458356,0.218985558400765,-0.9570034049186231,0.3793785802715412,-0.32791794563462956,0.15258816543539305,3
403,2024-09-25 22:39:09.341034912,0,018,-1.0584664449240668,0.2731924199977635,-0.23428580443867236,0.1635963134168901,-0.9521489167577809,0.3769778086152517,-0.4770313153768353,0.19847729514262358,3
404,2024-09-25 22:39:10.294770020,0,018,-1.074110756952879,0.2687881554486344,-0.09700406008084046,0.10679762981016472,-0.9401440392084865,0.3746112072491167,-0.6170579046206696,0.24447681683953362,3
405,2024-09-25 22:39:10.362632080,0,018,-1.0893121457090948,0.2657830062620839,0.03407867710992459,0.05108315492037914,-0.9207600869048681,0.37199331684998566,-0.7490472288202137,0.2901147800026838,3
406,2024-09-25 22:39:10.430474121,0,018,-1.1022021975968783,0.26373198366241307,0.15372279028982777,-0.0010174088595626704,-0.8941867774254345,0.3688719068742355,-0.8758063292327157,0.33509794103093377,3
407,2024-09-25 22:39:10.496937988,0,018,-1.1107824726406108,0.26208983807498937,0.25649247225530986,-0.04709169168734325,-0.8609898164325747,0.3650319049602422,-1.0011919838643017,0.3791843356008565,3
408,2024-09-25 22:39:10.558962158,0,018,-1.1130566219018776,0.2602518344499753,0.3372378156382071,-0.08503187499141146,-0.8220497800248916,0.360292948274009,-1.1290849245449548,0.4220043159371425,3
409,2024-09-25 22:39:10.620533936,0,018,-1.1071640433635692,0.25759411195877024,0.3917169878687899,-0.11323988177631199,-0.7784817330964665,0.3545016855702109,-1.2622420289307885,0.46289291174277153,3
410,2024-09-25 22:39:10.697837158,0,018,-1.0915030047896208,0.25350651891716636,0.41721557523392727,-0.13080856371787158,-0.7315255800948648,0.34751778801272554,-1.4012812072101526,0.5007813246817803,3
411,2024-09-25 22:39:11.644839111,0,018,-1.064835629776477,0.24741872031304474,0.4130709923327367,-0.1376458157851345,-0.6824176080395269,0.3391962768858418,-1.5441722318042785,0.5341894320198521,3
412,2024-09-25 22:39:11.712702881,0,018,-1.0263718280476828,0.23882572418599984,0.38102970495066874,-0.13451943300288186,-0.6322782595999245,0.3293765272715183,-1.686421221616848,0.5613229325391792,3
413,2024-09-25 22:39:11.780481934,0,018,-0.9758317283079604,0.22731577961072674,0.325350629591094,-0.12300904877586706,-0.582036684046538,0.3178843016644585,-1.8216941197282246,0.5802131716384205,3
414,2024-09-25 22:39:11.838669922,0,018,-0.9134831111554564,0.21259663222974196,0.25256691943359694,-0.10536257197289213,-0.5323757123606777,0.30453949519086154,-1.9424828086387456,0.5888403405456868,3
415,2024-09-25 22:39:11.900719971,0,018,-0.8401499169523472,0.19451596634694956,0.17087635159064365,-0.08426441742130697,-0.48367386524502903,0.289159658776494,-2.040651291456135,0.5852427029596244,3
416,2024-09-25 22:39:11.980443848,0,018,-0.7571917067036061,0.17307765545059836,0.08926228082031092,-0.06254709591738446,-0.4359465490010579,0.2715599219697414,-2.107847276328554,0.5676307203023786,3
417,2024-09-25 22:39:12.040816162,0,018,-0.6664539927316555,0.1484558584828408,0.016530558967980148,-0.04290185860498645,-0.38881239090726655,0.2515582349514468,-2.1357676838214648,0.534505001405116,3
418,2024-09-25 22:39:12.985266113,0,018,-0.5701846443655135,0.12100154540878001,-0.03957730150146963,-0.027628996766745472,-0.3415118830514421,0.22899377986626943,-2.116355385937368,0.4847860786926906,3
419,2024-09-25 22:39:13.062755127,0,018,-0.47091259019232135,0.09123182600971569,-0.07306812455791402,-0.018435690581762417,-0.29298708450434446,0.20375881993554498,-2.0420952323814365,0.41797299281087597,3
420,2024-09-25 22:39:13.123662109,0,018,-0.3712962214427217,0.0597991954192627,-0.0800699718103222,-0.016292306154374367,-0.24201462053667244,0.17583619472676643,-1.906532036047912,0.3343230416786438,3
421,2024-09-25 22:39:13.198406982,0,018,-0.27395452429681444,0.02744711293038464,-0.05884818611950711,-0.02138715484217281,-0.18737706300868376,0.1453319886627367,-1.70501811911747,0.235017434359829,3
422,2024-09-25 22:39:13.266145996,0,018,-0.18128846708574406,-0.005040719936137642,-0.009539089240572117,-0.033213173423064554,-0.12805253408952688,0.112497079703061,-1.4355792398817806,0.12226467573567153,3
423,2024-09-25 22:39:13.333976074,0,018,-0.09530781541952486,-0.03689316429765187,0.06617967887270326,-0.05075846558971281,-0.06340162755397118,0.07773696169130764,-1.0996779465068092,-0.0007106259721067814,3
424,2024-09-25 22:39:13.401794922,0,018,-0.017499897379107916,-0.06740148458783701,0.1652497981204331,-0.07271864885530861,0.006675593831195871,0.041609078721545546,-0.7026289770054495,-0.129829441099501,3
425,2024-09-25 22:39:14.345000977,0,018,0.05122901079147766,-0.09596007674408018,0.28325729863854243,-0.09766791168530843,0.0816518953032604,0.004804342156098094,-0.2535672704338398,-0.26046297773982646,3
426,2024-09-25 22:39:14.405959961,0,018,0.11054515924746111,-0.12209521002355658,0.4146325024494636,-0.12418717591753203,0.16037592134797582,-0.031886819810814274,0.23493424025246687,-0.38782652154990227,3
427,2024-09-25 22:39:14.467976074,0,018,0.1606327731292615,-0.1454817385117016,0.5531998714219727,-0.1509698955957747,0.24114362822629867,-0.06761745296430535,0.747462322309113,-0.5073815532362558,3
428,2024-09-25 22:39:14.546083008,0,018,0.20209950570261243,-0.16594629555824877,0.6928957647536695,-0.1769057254413508,0.3218011812268787,-0.10152937367040733,1.266527775688453,-0.615162053897509,3
429,2024-09-25 22:39:14.616211914,0,018,0.23584744628519613,-0.18345459582785367,0.8284032450019817,-0.20113394748338453,0.3998716576819156,-0.13279830414014737,1.7735023324032633,-0.7079726835327997,3
430,2024-09-25 22:39:14.670165039,0,018,0.26293550525196796,-0.19808472233132216,0.9556158304821164,-0.22306721597687476,0.4727294707025007,-0.16068020232102598,2.2497037189043514,-0.7834639886263426,3
431,2024-09-25 22:39:14.751835205,0,018,0.28445908513388213,-0.2099941583814557,1.0719014755666938,-0.24239145556211253,0.5378433084496451,-0.18455983511283044,2.677489254140858,-0.8401235249970093,3
432,2024-09-25 22:39:15.670124023,0,018,0.3014518063827643,-0.21938906382378928,1.1761299440516897,-0.2590496338953013,0.5930689128343746,-0.20399683560260762,3.0411700407542672,-0.8772177862894406,3
433,2024-09-25 22:39:15.732700195,0,018,0.31480994507496096,-0.22649879995698896,1.2684824743870615,-0.2732096293034378,0.6369252125353498,-0.21875799813150024,3.3277055205412513,-0.8947122678844887,3
434,2024-09-25 22:39:15.805749023,0,018,0.32525487271264475,-0.2315544275192598,1.3501147793644457,-0.28520306139685536,0.6687731044532517,-0.2288255349458874,3.5272506007025966,-0.8931884661958673,3
435,2024-09-25 22:39:15.871496826,0,018,0.33334766589267284,-0.23477270175991305,1.4227463859525022,-0.29543339336921615,0.6888543802843677,-0.23437970537283798,3.6335492795240314,-0.8737612119786263,3
436,2024-09-25 22:39:15.933027100,0,018,0.3395417310454936,-0.2363498577841345,1.4882542874539264,-0.30428823772214525,0.6982048173477049,-0.23576230922476837,3.644099193654875,-0.8379946745633664,3
437,2024-09-25 22:39:15.994839844,0,018,0.344231653511259,-0.2364639258877276,1.5483768094080366,-0.3121069782392772,0.698482543956893,-0.2334301466254916,3.5600399297788803,-0.7878134207194811,3
438,2024-09-25 22:39:16.071528809,0,018,0.3477645861701839,-0.23527754000817977,1.6046167581295434,-0.31922466064714045,0.6917511327679765,-0.22790704617967675,3.3857989199920633,-0.7254013187139687,3
439,2024-09-25 22:39:17.006954102,0,018,0.3504239904411371,-0.23293669465142952,1.658308319971072,-0.32605957357917426,0.6802562104906997,-0.21974182760568392,3.1286433971049563,-0.653092466133798,3
440,2024-09-25 22:39:17.085061035,0,018,0.3524285419850576,-0.2295711458994181,1.7106782531215312,-0.3331792482461379,0.6662256177796597,-0.20947574021047227,2.798326271667708,-0.5732766349098692,3
441,2024-09-25 22:39:17.147084961,0,018,0.35396766867149554,-0.22530343588048807,1.7627690456415275,-0.3412946133475567,0.6516916481831077,-0.19761743090246062,2.406908228149781,-0.48834591479770806,3
442,2024-09-25 22:39:17.223491943,0,018,0.3552402496022163,-0.22026166087822793,1.8152476342386654,-0.3511754915109823,0.6383282197836435,-0.18462383818908437,1.9686380852166276,-0.40068429959283036,3
443,2024-09-25 22:39:17.291114014,0,018,0.35644925154513796,-0.21458384678956285,1.868178980031223,-0.36351870313002976,0.6273373223165043,-0.17089140659252533,1.499618756157,-0.31265728096518686,3
444,2024-09-25 22:39:17.358746094,0,018,0.35775459129252546,-0.2084110542129534,1.9208151898752668,-0.37882285679276784,0.6194330842066923,-0.15676314388892393,1.017062727946851,-0.22654776514422495,3
445,2024-09-25 22:39:17.425354980,0,018,0.35922716038844793,-0.20187820513718993,1.9714522784648678,-0.39731458383189205,0.6149194597060181,-0.14255003918280143,0.5382067075530647,-0.1444331510908659,3
446,2024-09-25 22:39:18.360645020,0,018,0.36083136882647854,-0.1951111525889225,2.01737045996663,-0.4189222174586555,0.6138006931063932,-0.12855691865596408,0.07915451362176405,-0.06805451670686227,3
447,2024-09-25 22:39:18.422611084,0,018,0.3624312921518541,-0.18822973801120257,2.0548264851010978,-0.44325987072209777,0.6158620979332915,-0.11510066430254409,-0.3460770480141523,0.0012591545555185805,3
448,2024-09-25 22:39:18.500718018,0,018,0.3638051687324731,-0.1813501849880791,2.0791484814515617,-0.4696097711570574,0.6207032420022051,-0.1025151112462268,-0.7261432988759702,0.0625769773944813,3
449,2024-09-25 22:39:18.572173096,0,018,0.36466309472871905,-0.17458250586138083,2.085098963281674,-0.49693031796744475,0.6277399879994695,-0.09114341279379268,-1.0525559453827233,0.1152772198275501,3
450,2024-09-25 22:39:18.624982178,0,018,0.36467916450468807,-0.1680274711177528,2.067594040111274,-0.5239206973208373,0.6361941488535308,-0.08132004657975242,-1.319586898229892,0.15894948215258728,3
451,2024-09-25 22:39:18.707743896,0,018,0.3635476451140372,-0.1617811003677442,2.0226018481303627,-0.5491446797558732,0.6451006466073673,-0.07334839002667377,-1.5241161819631652,0.19335788734402823,3
452,2024-09-25 22:39:18.763361816,0,018,0.36104639304466574,-0.15594694195596442,1.94785802919433,-0.5711834767074635,0.6533757951736998,-0.067483602313647,-1.6656019762916814,0.2184767707481392,3
453,2024-09-25 22:39:19.693895020,0,018,0.35707244290737256,-0.15064798065965362,1.8431264066408837,-0.5887712095063281,0.6599565010794135,-0.06392451633391448,-1.7461777973357022,0.2345564563275399,3
454,2024-09-25 22:39:19.758558105,0,018,0.3516309773810886,-0.14603016990669576,1.7099885997981368,-0.6008756255306679,0.663967415503491,-0.06280996769350267,-1.7707228724018265,0.24217522851567605,3
455,2024-09-25 22:39:19.829523926,0,018,0.3447954345184882,-0.1422562644901127,1.5513454661623056,-0.6067134449935002,0.6648598375236606,-0.06421587182925108,-1.746725732704823,0.24225794744708962,3
456,2024-09-25 22:39:19.882646973,0,018,0.3366796319272459,-0.13949602069054734,1.3708714809882423,-0.6057183480106679,0.6624933987294427,-0.06815559972678041,-1.683814093298287,0.23604989323169828,3
457,2024-09-25 22:39:19.960263916,0,018,0.32745034128430844,-0.13792016637993845,1.1726029371907056,-0.5974943433577,0.6571655895348351,-0.07458757042169963,-1.5929055309056785,0.22502956662592627,3
458,2024-09-25 22:39:20.022283936,0,018,0.31736826705456067,-0.13769706049098107,0.9607178150193668,-0.5817796022092068,0.6495943087034953,-0.08342673946894408,-1.4851430446596263,0.21077092155036337,3
459,2024-09-25 22:39:20.100393066,0,018,0.3068169692792561,-0.1389825311668694,0.739473586074933,-0.5584282256308397,0.6408318755069787,-0.09455008529245043,-1.3709827967532233,0.19481278349760958,3
460,2024-09-25 22:39:21.041926025,0,018,0.29629585611157355,-0.14189802431106457,0.5132485153286822,-0.5274129063423654,0.6321000211643021,-0.10779102154052482,-1.259673003629829,0.17858595311481426,3
461,2024-09-25 22:39:21.103049072,0,018,0.2863915138914427,-0.14650414510133,0.2866102138047185,-0.48885778685149256,0.6245942655088635,-0.12292928760407418,-1.159053256389367,0.16339676194688985,3
462,2024-09-25 22:39:21.165093018,0,018,0.2777515574000786,-0.1527810715490055,0.06429988401344079,-0.44309906145989514,0.619335839422346,-0.13968772844399607,-1.0755582589384334,0.15044832568130762,3
463,2024-09-25 22:39:21.248238037,0,018,0.27106148589858503,-0.1606225243822659,-0.14892666507975377,-0.39074112747585643,0.6171084851828195,-0.15774084982791,-1.0144001357224286,0.14087950459752163,3
464,2024-09-25 22:39:21.303893066,0,018,0.2670074517314555,-0.16984332822149995,-0.3485299198174904,-0.33267051548932863,0.6184604989389774,-0.17673161900874929,-0.979751355766479,0.13577235035988802,3
465,2024-09-25 22:39:21.380521973,0,018,0.26621942560513967,-0.18019658502847039,-0.5303733602777121,-0.2700220373148376,0.6237335688504866,-0.1962920161979174,-0.9746339568145539,0.13607968896950773,3
466,2024-09-25 22:39:21.442681885,0,018,0.26920747277174323,-0.19139609415841324,-0.6908341441838161,-0.2041256127401925,0.6330881268612903,-0.21606558696228462,-1.0004676881255603,0.14247963534750288,3
467,2024-09-25 22:39:22.389718018,0,018,0.2763035888191659,-0.20314049844476806,-0.8268865264543961,-0.13646681680883818,0.6465098498484017,-0.23572988613269055,-1.0564903598226218,0.15520063198774886,3
468,2024-09-25 22:39:22.462394043,0,018,0.2876132052280216,-0.2151352522277217,-0.9362161380566452,-0.06866803070478732,0.663799872765925,-0.2550143706984964,-1.139257267309638,0.1738617915254589,3
469,2024-09-25 22:39:22.530164062,0,018,0.30298470148549805,-0.22710978256091635,-1.0173767334353,-0.0024674950961708257,0.6845642224673796,-0.2737093792952781,-1.2423460744137216,0.1973737788822872,3
470,2024-09-25 22:39:22.597937988,0,018,0.3220180666748038,-0.23883257314115974,-1.0699210220246047,0.06032964208836313,0.7082254242005825,-0.2916662124952249,-1.3563764612621025,0.22393954082156436,3
471,2024-09-25 22:39:22.665733154,0,018,0.34412795748421293,-0.2501297024920147,-1.0944301949984008,0.11793933419400661,0.7340713132280317,-0.3087926062909253,-1.4694444343400277,0.25117199497568893,3
472,2024-09-25 22:39:22.733552002,0,018,0.3686403522211955,-0.26090585217468354,-1.0924344414145382,0.16871572219354988,0.7613197811215241,-0.32504625148764704,-1.5680074913720958,0.2763138270354261,3
473,2024-09-25 22:39:22.801394043,0,018,0.3948780122987365,-0.27115858532609804,-1.0662004643723293,0.2112559057893196,0.7891562464136662,-0.3404255205210791,-1.6381306460562293,0.29651365941620345,3
474,2024-09-25 22:39:23.744548096,0,018,0.42221562519357986,-0.2809782612400614,-1.0183393764346607,0.2444457500937652,0.8167355727963956,-0.3549579389079359,-1.6668935355000718,0.3091096277946251,3
475,2024-09-25 22:39:23.812393066,0,018,0.45011892489549454,-0.2905338681522705,-0.9513448347723024,0.26745175052756975,0.843183399212291,-0.3686892755156267,-1.6437496884945018,0.3118944353316314,3
476,2024-09-25 22:39:23.866208008,0,018,0.47817361945873976,-0.3000480101783056,-0.8673286434023931,0.2797147929890765,0.8676187236785028,-0.3816723716284773,-1.5616805355242624,0.3033424996707776,3
477,2024-09-25 22:39:23.943012939,0,018,0.5060859608371927,-0.3097608873519274,-0.7680913518607806,0.2809859345204902,0.8891795124616652,-0.39395021090357324,-1.4180294541171437,0.282767537431262,3
478,2024-09-25 22:39:24.004051025,0,018,0.53364031742338,-0.3198838299915038,-0.6553625218875792,0.271387569737545,0.9070377397289202,-0.40553382800639054,-1.214967770612264,0.25038589635693226,3
479,2024-09-25 22:39:24.083577881,0,018,0.5606249226794239,-0.33055275850685295,-0.5309397200713355,0.25145517202322404,0.9204247283880581,-0.41638562582087457,-0.9596127180597077,0.20728393905652948,3
480,2024-09-25 22:39:24.143794922,0,018,0.5867590707696125,-0.3417977871997939,-0.39662888319491,0.22213148966802565,0.9286824167560668,-0.42641476449906673,-0.6637836548153362,0.1553037388397291,3
481,2024-09-25 22:39:25.094391113,0,018,0.6116594513257945,-0.3535365627984821,-0.2540803002472818,0.18470933227550046,0.9313228593793105,-0.43548043698758276,-0.3433262588108664,0.0968697665149966,3
482,2024-09-25 22:39:25.154391113,0,018,0.634867756241247,-0.3655875152426992,-0.10468151577578778,0.14073874214882476,0.9280711512855674,-0.4433998360410267,-0.016977482437568626,0.03477686345443036,3
483,2024-09-25 22:39:25.230268066,0,018,0.6559307752511322,-0.37769673248852226,0.05033520109277798,0.09193814889389688,0.9188783033808687,-0.44996402449269607,0.2951780297534632,-0.028045340954144352,3
484,2024-09-25 22:39:25.298043945,0,018,0.6744916832223938,-0.38957195863458893,0.20951476248789147,0.040145830996402954,0.90389918808597,-0.45496230825707745,0.5735169122755701,-0.08876679429326488,3
485,2024-09-25 22:39:25.365811035,0,018,0.690345176399114,-0.4009146674550146,0.3706785527326024,-0.012699458714701782,0.883445816057973,-0.45820930970897095,0.8006707370090209,-0.1448556252977557,3
486,2024-09-25 22:39:25.432001953,0,018,0.7034418753171563,-0.4114434536053011,0.5305706535016974,-0.06459553150458701,0.8579408607986402,-0.4595679140743568,0.9629789282721887,-0.19421543176193143,3
487,2024-09-25 22:39:25.501462891,0,018,0.7138616426651271,-0.4209090226219242,0.6848157773819212,-0.11356224063718552,0.827886057222924,-0.4589638545450666,1.0514307375283702,-0.23526182554589403,3
488,2024-09-25 22:39:26.434178955,0,018,0.7217726662466603,-0.4291036623392026,0.8281362526656357,-0.1577729188140978,0.7938301138926636,-0.45638989844074634,1.0621306957285759,-0.26696745656284343,3
489,2024-09-25 22:39:26.512577148,0,018,0.727373517874551,-0.43586497359025106,0.9546950592859104,-0.19571287470136609,0.7563098823577699,-0.4518991966899302,0.9963750145804098,-0.2889008960054463,3
490,2024-09-25 22:39:26.574171143,0,018,0.730819781110347,-0.44107227063190213,1.0585369415598944,-0.22633828968905337,0.7157721707015621,-0.44559083542795724,0.8603895169201083,-0.3012483970120111,3
491,2024-09-25 22:39:26.648157959,0,018,0.7321592454286162,-0.44463769254087065,1.1341497354112229,-0.2491985903800252,0.6725330829132532,-0.4375956523424854,0.6648379235234959,-0.3047984406453462,3
492,2024-09-25 22:39:26.713674072,0,018,0.731300136400717,-0.446497456813799,1.1770454732037134,-0.2644814744883083,0.6268276725092687,-0.42806967866106366,0.42424148847734167,-0.30088846422327786,3
493,2024-09-25 22:39:26.775204834,0,018,0.7280114739560748,-0.4466069491209116,1.1841706942929444,-0.2729566213120236,0.5789240725248,-0.4171932632344378,0.15625887830603935,-0.29130547798179757,3
494,2024-09-25 22:39:26.841831055,0,018,0.7219455312176457,-0.44493961362061046,1.154057776186581,-0.27583039992909325,0.5292118452592138,-0.40516720851830224,-0.11939142605300548,-0.27812572758630677,3
495,2024-09-25 22:39:27.764666016,0,018,0.7126898509718934,-0.44148840756907276,1.086817785666461,-0.2745546830347695,0.4782075164884198,-0.39220264408803496,-0.38246127500338195,-0.26351136883801607,3
496,2024-09-25 22:39:27.826685791,0,018,0.6998570553186219,-0.43626871096033265,0.9841562583779115,-0.270632491555899,0.42650145548704016,-0.37851073138927877,-0.614020722687867,-0.24950017068067035,3
497,2024-09-25 22:39:27.905451172,0,018,0.6831900419450907,-0.4293211281942888,0.8494747403566981,-0.26543983877004756,0.3747005717112069,-0.3642983814489837,-0.7983284388763591,-0.23780483800618815,3
498,2024-09-25 22:39:27.972513916,0,018,0.6626367710888179,-0.42071203144384056,0.6879086412317925,-0.2600698287682014,0.32338885217520563,-0.3497681104755159,-0.9243416617826237,-0.22962622193787696,3
499,2024-09-25 22:39:28.040981934,0,018,0.6383622931132128,-0.4105296621762605,0.5060928066283076,-0.255215660181755,0.2730923695820555,-0.33511544925383835,-0.9865423398187345,-0.22550049021206234,3
500,2024-09-25 22:39:28.108812012,0,018,0.6107053121153724,-0.39887546661257967,0.3116304767875007,-0.25112064406445905,0.22423650940884302,-0.3205212492620287,-0.9849700494396894,-0.22522621370167276,3
501,2024-09-25 22:39:28.165848877,0,018,0.580118075282933,-0.3858545684319126,0.11243963541637951,-0.24760621996599572,0.1771057535621611,-0.3061431766130763,-0.9245656123811722,-0.22791367217840544,3
502,2024-09-25 22:39:29.116377197,0,018,0.5471247252830479,-0.3715717367326455,-0.08384094621019476,-0.2441583081546452,0.13182471058471226,-0.2921119183478209,-0.814082074424923,-0.23214723576380297,3
503,2024-09-25 22:39:29.187227051,0,018,0.5122973284797447,-0.3561342478392231,-0.2702943482751064,-0.24004583991999426,0.08836416315650478,-0.2785319216485976,-0.6649383141106787,-0.2361937145046799,3
504,2024-09-25 22:39:29.240751953,0,018,0.4762190024721113,-0.33965496781209936,-0.44102355110761116,-0.23444792235204912,0.04656292565307825,-0.26548190651954656,-0.49035292104164374,-0.23817409146214144,3
505,2024-09-25 22:39:29.322762939,0,018,0.439420358100534,-0.32224969503746004,-0.5914070461349692,-0.22655575745378126,0.006159053664201033,-0.2530119964484812,-0.3048309758899471,-0.23614851485321225,3
506,2024-09-25 22:39:29.379512939,0,018,0.40231410434178433,-0.3040315782313011,-0.7183604417276607,-0.21563084899705542,-0.03317252110984774,-0.2411390371922285,-0.12379075727292368,-0.22813067645017396,3
507,2024-09-25 22:39:29.458385010,0,018,0.3651548739691849,-0.2851096202851548,-0.8204798653944775,-0.2010434273459249,-0.07178183100027716,-0.22984520602563463,0.036964169861256765,-0.21211027564432505,3
508,2024-09-25 22:39:29.526048828,0,018,0.32802260824134677,-0.2655938426835483,-0.8979669874311211,-0.18231824499117377,-0.11001189352584592,-0.21908282346747843,0.16209951419587776,-0.1861561885388347,3
509,2024-09-25 22:39:30.435919922,0,018,0.2908136349857988,-0.24560343473610893,-0.9524189239839911,-0.15918512477648056,-0.14816891703016155,-0.20878175874346314,0.2378969400404028,-0.14859715398743012,3
510,2024-09-25 22:39:30.512805908,0,018,0.2532391255176671,-0.22527293485203048,-0.9865459895419465,-0.13162935228387468,-0.18647738424035612,-0.19885520883817973,0.25345404717408676,-0.0982158425100847,3
511,2024-09-25 22:39:30.575576172,0,018,0.21485909718424256,-0.2047562700328349,-1.0037286119065159,-0.0999413290696787,-0.22501674995196427,-0.1892051438903664,0.20161208850182027,-0.034398535371528545,3
512,2024-09-25 22:39:30.648447998,0,018,0.17518172397517445,-0.18423316933630746,-1.007395773715275,-0.06474344794572703,-0.26366853593063166,-0.1797297038877574,0.07941883817953967,0.042775492236502496,3
513,2024-09-25 22:39:30.716259033,0,018,0.1338103579443148,-0.16391980586772395,-1.000410999733724,-0.02697339129575381,-0.30210379471736126,-0.17033081511913234,-0.11182486317022197,0.13248984707530048,3
514,2024-09-25 22:39:30.784113037,0,018,0.0905728806224649,-0.14407739502423944,-0.9846710960292104,0.012163127226625834,-0.33981388375305244,-0.1609184065237206,-0.36675124970105943,0.23317023038957563,3
515,2024-09-25 22:39:30.837882080,0,018,0.04558033328713024,-0.12500883813464092,-0.9609876267009911,0.051256473141586684,-0.3761719125324929,-0.15141013827325853,-0.6762102740479464,0.34247895455612487,3
516,2024-09-25 22:39:31.795018799,0,018,-0.0007808003470024147,-0.10704045441909654,-0.9292291180231267,0.08878992134580949,-0.4105092171645755,-0.14173021721921178,-1.0276600331830417,0.4573380992647482,3
517,2024-09-25 22:39:31.854375000,0,018,-0.04788345799612478,-0.0904964788759205,-0.8886710543265476,0.12327810587699424,-0.44218844674665575,-0.13181220670406882,-1.4057496382378942,0.5740030703665271,3
518,2024-09-25 22:39:31.930418945,0,018,-0.09490393836663816,-0.0756756353621177,-0.8384532587724283,0.15341332799520183,-0.47066169946546327,-0.12160604554280766,-1.7931404127131756,0.6882017276385461,3
519,2024-09-25 22:39:31.992002930,0,018,-0.14088873302738394,-0.062831541179269,-0.7779935936431832,0.17816808895154224,-0.4955172560489667,-0.1110853492376725,-2.1715347327380834,0.7953498809322899,3
520,2024-09-25 22:39:32.054489990,0,018,-0.1848475091260126,-0.05215337109592085,-0.7072441673673204,0.19683205667347792,-0.5165238093755805,-0.10025265604434946,-2.5228444942861183,0.8908516409073617,3
521,2024-09-25 22:39:32.134110107,0,018,-0.2258458805674262,-0.04374543716862263,-0.6268046559056015,0.20900230503209238,-0.5336759988989915,-0.08914258200897146,-2.8303749803283376,0.9704655011704098,3
522,2024-09-25 22:39:32.201899902,0,018,-0.26307264666923286,-0.03760954219398537,-0.538015251646597,0.21456253780682225,-0.5472361930511153,-0.0778228229852851,-3.0798407331891764,1.030674199339681,3
523,2024-09-25 22:39:33.145622070,0,018,-0.29588055787446543,-0.0336363598851385,-0.4431383678556943,0.2136815019963711,-0.5577518999964618,-0.06639413054380484,-3.260124577431595,1.0689933464005965,3
524,2024-09-25 22:39:33.210467041,0,018,-0.32380650558936014,-0.03161020981964759,-0.3455901692417006,0.2068359332001068,-0.5660211417971781,-0.05499144584499806,-3.363862881674325,1.0841878441428765,3
525,2024-09-25 22:39:33.272531982,0,018,-0.3465638799872916,-0.03122732757219843,-0.2500236226358512,0.19482780375305175,-0.5730008094648006,-0.04378531196326329,-3.3879131980216757,1.076378775509407,3
526,2024-09-25 22:39:33.334060791,0,018,-0.3639988090742953,-0.03212464473733775,-0.16205668927929576,0.17875068231101823,-0.5796802170788701,-0.03298026686921816,-3.3335399865884248,1.0470120082298358,3
527,2024-09-25 22:39:33.410234863,0,018,-0.3760163409167067,-0.03391694847326059,-0.08760992818826487,0.1598840223102859,-0.586938110701765,-0.022811126426303514,-3.206059387487713,0.9986699113219489,3
528,2024-09-25 22:39:33.472240967,0,018,-0.38249550209233957,-0.03624051439883671,-0.03204190934156103,0.13954040889630773,-0.5953920122904245,-0.013542366719149348,-3.013915618994271,0.9347580783647156,3
529,2024-09-25 22:39:33.551683838,0,018,-0.3832231986959101,-0.03879583323615175,0.0006483631511021594,0.11891686447403516,-0.6052664453050618,-0.005471767097170302,-2.767518169351845,0.8591534485434195,3
530,2024-09-25 22:39:34.487827881,0,018,-0.37787353301772975,-0.04137875685794319,0.008382043261819079,0.09898738169330606,-0.6163158885474038,0.0010672408041161418,-2.4782469440653823,0.7759005199266256,3
531,2024-09-25 22:39:34.549906006,0,018,-0.36603301223513746,-0.04389521353169388,-0.008732104135405639,0.08045049930026472,-0.6278074201036854,0.005709942266011881,-2.1577308077181327,0.6889778335580838,3
532,2024-09-25 22:39:34.627624023,0,018,-0.3472577459371072,-0.04636106847457516,-0.04840356166329683,0.06372914184199319,-0.6385457948773418,0.008073071907789631,-1.8172291261797302,0.6021006556740447,3
533,2024-09-25 22:39:34.689848877,0,018,-0.32115943806828806,-0.04888880409091822,-0.10635208470753663,0.04899879923787687,-0.646953170346309,0.007778079953035829,-1.467069732512777,0.5185425878469583,3
534,2024-09-25 22:39:34.751858887,0,018,-0.2875188116424372,-0.05166151527284622,-0.17660738294331088,0.036209487043919825,-0.6512363397006645,0.0044881322742897755,-1.1163581295709268,0.44100404511773794,3
535,2024-09-25 22:39:34.829062988,0,018,-0.246404073979281,-0.054897792801478766,-0.25192313380470066,0.02508877851433993,-0.6496275014989139,-0.0020438192024840466,-0.7730790135925826,0.371548545507422,3
536,2024-09-25 22:39:34.891551025,0,018,-0.19824864388516808,-0.05881709343027308,-0.3243736756050626,0.015154142978641278,-0.6406310413852115,-0.011926296538074291,-0.4443548279202408,0.3115804777130038,3
537,2024-09-25 22:39:35.845256104,0,018,-0.14384919119227593,-0.06361556764144038,-0.38614906531511184,0.005772459160556496,-0.6232154099910673,-0.025091689210036773,-0.1364962822843305,0.26182637700499833,3
538,2024-09-25 22:39:35.904156982,0,018,-0.08429411898958601,-0.06945205929098373,-0.43039956358275916,-0.003741287431937923,-0.5969223958782068,-0.04127853962391033,0.14532416242443974,0.222314371824667,3
539,2024-09-25 22:39:35.966156006,0,018,-0.020874314922197202,-0.07643556028565594,-0.45189555735574766,-0.014031714044539437,-0.5618822049593114,-0.060039500295619004,0.39765120719654146,0.19237146078430298,3
540,2024-09-25 22:39:36.042963135,0,018,0.04498474053997736,-0.08461142190797882,-0.4473897325541022,-0.025640860871948258,-0.5187341028087659,-0.08077692905983495,0.6191953395298208,0.17066881682354393,3
541,2024-09-25 22:39:36.105451904,0,018,0.1117643965061854,-0.09395339881512837,-0.4157030470401061,-0.038969851863564026,-0.468475927173065,-0.10280180320120855,0.8107839957176739,0.1553413807552784,3
542,2024-09-25 22:39:36.184052979,0,018,0.17787583367741372,-0.10436644611488252,-0.3575695396888006,-0.054260029169079925,-0.41229198425524394,-0.12540429787604923,0.9748642900201171,0.14416780692025605,3
543,2024-09-25 22:39:36.252201172,0,018,0.24168128757961393,-0.11569717257179887,-0.2753207910168332,-0.07158705071019239,-0.3514134060786261,-0.1479202730156817,1.1149722723836337,0.1347589003476637,3
544,2024-09-25 22:39:37.187030029,0,018,0.3015464224049381,-0.12774883518691316,-0.17258634215249127,-0.09084570984422136,-0.28703262736318785,-0.16978207930723885,1.2354860139329016,0.12471718560184485,3
545,2024-09-25 22:39:37.249066162,0,018,0.3559477549203852,-0.14030185918598523,-0.05412863586929404,-0.11171267535011101,-0.2202499804037169,-0.19055270182612982,1.3415962232990026,0.11177084754908018,3
546,2024-09-25 22:39:37.327308105,0,018,0.40361266542959956,-0.15313785020734003,0.07427136390804008,-0.1336115244843701,-0.15202284380787126,-0.2099486270242207,1.4391757707885884,0.09389946155695247,3
547,2024-09-25 22:39:37.388912109,0,018,0.4436375304467372,-0.16605972745566935,0.2060809959124492,-0.15572801617644905,-0.08311968142633663,-0.2278528330074015,1.534364747204007,0.06944445312082767,3
548,2024-09-25 22:39:37.466500977,0,018,0.47555507409083075,-0.17890415572843443,0.3345545809938506,-0.17710379224634976,-0.014104596513029732,-0.2443136744277611,1.6330292076491915,0.037173797420293475,3
549,2024-09-25 22:39:37.534375000,0,018,0.49936530963403686,-0.19155057251958346,0.453446524447212,-0.19678565543672968,0.0546381902416427,-0.25952794114209593,1.7403466430976082,-0.0037084826092727086,3
550,2024-09-25 22:39:37.602125977,0,018,0.5155415981750195,-0.2039315911470006,0.5576238448378193,-0.2139679672423792,0.12285519016061895,-0.273810772938655,1.8605394954511838,-0.053578695530802446,3
551,2024-09-25 22:39:38.520440186,0,018,0.5249933154097336,-0.21604288623808127,0.6433271853850095,-0.22807021536307415,0.19036137959196475,-0.2875533456243366,1.9965776870550203,-0.11240118535775838,3
552,2024-09-25 22:39:38.580733887,0,018,0.5289688336232674,-0.22794646099666485,0.7080564041725427,-0.23873974293423866,0.25696879613666096,-0.3011696829588365,2.1497400771821855,-0.1797079392549515,3
553,2024-09-25 22:39:38.642312988,0,018,0.5289120571329174,-0.23976243685670182,0.7502865415283204,-0.2458216801086576,0.32242916483204614,-0.31504208930705024,2.319130759134232,-0.2545477894267109,3
554,2024-09-25 22:39:38.723840088,0,018,0.5263104582998832,-0.2516497469918635,0.7692605839404575,-0.24933928137764227,0.3864298874814558,-0.3294787677894795,2.5013475061010455,-0.3354361115602016,3
555,2024-09-25 22:39:38.780955078,0,018,0.5225826839124756,-0.26378326404692204,0.7649729483576082,-0.24948386458363406,0.44865620850824367,-0.3446902091440344,2.690441101243652,-0.4203583845533892,3
556,2024-09-25 22:39:38.858589844,0,018,0.519029614881812,-0.2763351262098783,0.7383064069160732,-0.24659584322661435,0.5088744314209315,-0.3607798780344881,2.878212910956534,-0.5068596996221992,3
557,2024-09-25 22:39:38.927291992,0,018,0.5168215777999356,-0.28945852380195164,0.6912279028719431,-0.24114520503709963,0.5669579625550762,-0.3777388754338806,3.0548584125305447,-0.5922153335845617,3
558,2024-09-25 22:39:39.859581055,0,018,0.5169752536469695,-0.3032672433951918,0.6269656073312496,-0.23372773194030452,0.6228186091997618,-0.39543997861978863,3.209877623129963,-0.673651995540176,3
559,2024-09-25 22:39:39.931723145,0,018,0.5203029551063105,-0.3178114136960166,0.5501005341882311,-0.22506283828833784,0.6762933245099924,-0.4136386551748007,3.33300444083744,-0.7485686351317478,3
560,2024-09-25 22:39:39.994820068,0,018,0.5273443813239002,-0.33305700189489923,0.4664959807306789,-0.21596414798455993,0.7270759069732575,-0.4319911789042496,3.414894409940053,-0.81470010486869,3
561,2024-09-25 22:39:40.070995117,0,018,0.538293863208863,-0.3488745311326793,0.3830055773800878,-0.20727540125397337,0.7747291005985174,-0.45008870722601274,3.447552891222027,-0.870195567267941,3
562,2024-09-25 22:39:40.133479980,0,018,0.5529401430638294,-0.36503684130071007,0.3069491945245375,-0.19978459212182773,0.8187391951285494,-0.4674953808034184,3.4247081932473367,-0.9136307598344174,3
563,2024-09-25 22:39:40.195187988,0,018,0.5706469378215173,-0.38122403433999846,0.24536871670282442,-0.1941260218165997,0.8585613972748776,-0.4837780386779039,3.342304585493183,-0.9440003148428593,3
564,2024-09-25 22:39:40.275898926,0,018,0.5903917695140611,-0.397035360098974,0.204104641549336,-0.19067907236500956,0.8936317958011863,-0.49852087958535574,3.1990409447792487,-0.9607199098150762,3
565,2024-09-25 22:39:41.194689941,0,018,0.6108446800577139,-0.4120064374192248,0.18685860457115439,-0.18949542313090825,0.9233416224315396,-0.5113244518345266,2.9966868755255276,-0.9636355162477639,3
566,2024-09-25 22:39:41.253769043,0,018,0.6304535512073225,-0.42562614630710827,0.19453005778719787,-0.1902964035957153,0.9469814190112187,-0.5217939708655734,2.7400691656014127,-0.953037233351698,3
567,2024-09-25 22:39:41.315370117,0,018,0.6475313790166434,-0.43735004124853305,0.22504301637279178,-0.19254352779626407,0.9636865216514149,-0.5295272862196523,2.4369322757096614,-0.9296924027106744,3
568,2024-09-25 22:39:41.398147217,0,018,0.6603674569771002,-0.44661641325747514,0.27365840907329725,-0.19553978458870017,0.9724284965762209,-0.5341130626331398,2.097832053272451,-0.8948913134749986,3
569,2024-09-25 22:39:41.465949951,0,018,0.6673694084751591,-0.4528731409178866,0.33363095643126206,-0.19852390986371615,0.9720720128771642,-0.535142208649849,1.7358788942648598,-0.8504530598958331,3
570,2024-09-25 22:39:41.531550781,0,018,0.6672118603723848,-0.45561341130915595,0.3970679900706355,-0.200755635865146,0.9614825626132619,-0.5322284325636428,1.3660387695178489,-0.7986412082540096,3
571,2024-09-25 22:39:41.594038086,0,018,0.658958932192098,-0.4544104498529613,0.45585750290722266,-0.2016007026288713,0.9396573021862761,-0.5250331793909588,1.0039777161463925,-0.7419973540256082,3
572,2024-09-25 22:39:42.539355957,0,018,0.6421367141103297,-0.44894444293627167,0.5025315958841498,-0.20060672196605217,0.9058494186968968,-0.5132918057137565,0.6647260455779591,-0.6831413706326104,3
573,2024-09-25 22:39:42.602323975,0,018,0.6167390133989737,-0.4390199062914624,0.5309607209571671,-0.19755160139791322,0.8596665505907888,-0.4968389083988352,0.3614736611269422,-0.6245769589884153,3
574,2024-09-25 22:39:42.680367920,0,018,0.5831625023988879,-0.4245721692772463,0.5368175393455148,-0.1924553497597317,0.8011502823605078,-0.47563295642893544,0.1046913645515787,-0.5685227338090243,3
575,2024-09-25 22:39:42.740552979,0,018,0.5420940271674988,-0.40566178877444,0.51780898252409,-0.1855608754641682,0.730853752372448,-0.4497806695749354,-0.09836290560054392,-0.5167801204553815,3
576,2024-09-25 22:39:42.803039062,0,018,0.4943962298200683,-0.382458800329546,0.47372208384710485,-0.17729579278821472,0.6499046634591836,-0.4195554195314823,-0.24384757402669785,-0.47063004082875143,3
577,2024-09-25 22:39:42.882671143,0,018,0.4410381715436437,-0.3552234134839738,0.4063025163831848,-0.16821681691594656,0.5600165873884778,-0.38539911674972704,-0.33141013253976576,-0.4307390878332348,3
578,2024-09-25 22:39:42.941632080,0,018,0.38308764001385515,-0.32429216288866664,0.3189577569474759,-0.15893120311502645,0.46343826266180327,-0.3479042909340135,-0.3641257131136469,-0.3970863914972991,3
579,2024-09-25 22:39:43.894048828,0,018,0.3217382982661996,-0.29007399513991494,0.21630497984366961,-0.15000061234459863,0.3628659569049686,-0.3077840175658148,-0.34809937896217336,-0.3689608975385192,3
580,2024-09-25 22:39:43.956463135,0,018,0.2583316033699264,-0.2530525645498179,0.10360584916376207,-0.14184625653141758,0.26133078750519584,-0.2658376593322605,-0.29164370363577735,-0.3450604093181791,3
581,2024-09-25 22:39:44.030438965,0,018,0.19436456854828432,-0.2137887423330428,-0.013802619334948233,-0.13468805609331572,0.162047112526209,-0.22291413994621107,-0.20426361016957764,-0.3236728040181822,3
582,2024-09-25 22:39:44.098220215,0,018,0.13150007166626557,-0.17292107055678863,-0.13087315802510252,-0.12855016312339201,0.06822441400458223,-0.17987321082969968,-0.09576216087414881,-0.3029077818191361,3
583,2024-09-25 22:39:44.166027100,0,018,0.0715748755110401,-0.13116304173898655,-0.24290626391179057,-0.12332092377919607,-0.01712781283666542,-0.1375486394362335,0.024410584448552857,-0.2809545694922303,3
584,2024-09-25 22:39:44.233824951,0,018,0.01656612597253696,-0.08929326449525829,-0.3454628803581516,-0.11881283026793872,-0.09137640940611569,-0.09671891140080492,0.14759164991895754,-0.25631982874665027,3
585,2024-09-25 22:39:44.301675049,0,018,-0.03151659978475871,-0.04813286043849264,-0.4343514962981083,-0.1147894850344942,-0.1524013028506229,-0.0580900569611823,0.26617510646663645,-0.22798567142719145,3
586,2024-09-25 22:39:45.245017090,0,018,-0.07080475701943316,-0.008507926042529926,-0.5057222366867111,-0.11097280073023466,-0.19866283475448138,-0.022292955314081823,0.3737622376078543,-0.19545671730693875,3
587,2024-09-25 22:39:45.312364014,0,018,-0.09976492866761588,0.02879605268461216,-0.5561645077224401,-0.10705786661304426,-0.22919287193641286,0.01010725944638043,0.4651889314607918,-0.15870825942942335,3
588,2024-09-25 22:39:45.380624023,0,018,-0.11736085972148999,0.06307485486627006,-0.5827387325009377,-0.10275407469949543,-0.24355127408311641,0.03859699095637099,0.5363915243796207,-0.11807237391336212,3
589,2024-09-25 22:39:45.436354004,0,018,-0.12314419293485931,0.09373288799928209,-0.5829883240063544,-0.09785084367037687,-0.24179419013725972,0.06270369929142194,0.5841790722534618,-0.07410654132437239,3
590,2024-09-25 22:39:45.513521973,0,018,-0.11725677531835393,0.12029759205403821,-0.5550708380358952,-0.0922790539461624,-0.22446348129897187,0.08199640744862625,0.6061290807816805,-0.02748505249264711,3
591,2024-09-25 22:39:45.575583984,0,018,-0.10035488339398377,0.14242442334727606,-0.49809970590392794,-0.0861336497341032,-0.19257780544295874,0.09609989181901978,0.6007268293286366,0.021062321534475476,3
592,2024-09-25 22:39:45.636617920,0,018,-0.0734907287773487,0.15989426411428254,-0.4125846054469723,-0.07964732972606954,-0.14759607384737183,0.10471657898568247,0.5676174218661445,0.07075339553401967,3
593,2024-09-25 22:39:46.585362793,0,018,-0.03799389544992949,0.17260444698209526,-0.3007297802554856,-0.07312971288986328,-0.0913411438951539,0.10764724072901681,0.5077779425649188,0.12069908238286783,3
594,2024-09-25 22:39:46.662735840,0,018,0.00461616939031357,0.18055822988798853,-0.16647055639866173,-0.0668933116956726,-0.025911797677760386,0.10480934937426295,0.423496798646763,0.16982700731218445,3
595,2024-09-25 22:39:46.730532959,0,018,0.05267750387716481,0.18386095151893586,-0.015300598966481423,-0.061189158424786796,0.04638060071035234,0.09625767171374591,0.31807568431834016,0.21685980476648184,3
596,2024-09-25 22:39:46.786083008,0,018,0.1044103158147264,0.18272597897765175,0.14605260799405143,-0.05617647211762228,0.12305650057027803,0.08220587671871257,0.19522875653683716,0.26041029116656045,3
597,2024-09-25 22:39:46.864191895,0,018,0.1579491612573243,0.17748330498667422,0.31007649909757623,-0.05193619494526221,0.20153028485233557,0.06303941220794941,0.05835597541865385,0.29917252525901644,3
598,2024-09-25 22:39:46.933901123,0,018,0.21139756548416577,0.16858187679257075,0.4689323181095704,-0.048503071648389365,0.27920587442136313,0.039311440552773545,-0.08991556878117672,0.33210793022522445,3
599,2024-09-25 22:39:46.990858154,0,018,0.26289921293297097,0.15658439490281553,0.6147735329551762,-0.04587073755601078,0.35358510479155714,0.011724180903069936,-0.24760273584769493,0.358532873372634,3
600,2024-09-25 22:39:47.940764893,0,018,0.3107185700886199,0.1421564552280035,0.7399382606679896,-0.04395217735878924,0.4223591146702633,-0.01889516531245029,-0.41275557998155193,0.3781005764011715,3
601,2024-09-25 22:39:48.002800049,0,018,0.3533317425210729,0.12604597823078215,0.8371851473377384,-0.04252347943729343,0.48346803276637823,-0.05161777629343086,-0.582846305509694,0.3907472832168535,3
602,2024-09-25 22:39:48.080509032,0,018,0.3895225966235211,0.10904653742671387,0.9000539863366511,-0.04118738451330188,0.5351290831096776,-0.08543487254326444,-0.7545713241694694,0.3966727314013426,3
603,2024-09-25 22:39:48.142550049,0,018,0.4184597332899162,0.09194776007190136,0.9232509058523543,-0.0393691362053549,0.5758392809887185,-0.11927800975770164,-0.9240622204128311,0.3963593576455677,3
604,2024-09-25 22:39:48.204185059,0,018,0.439722922741003,0.07548585015592023,0.9029247600521922,-0.03634142162934946,0.6043682040833632,-0.152040258346339,-1.0872148519078704,0.39058176830284,3
605,2024-09-25 22:39:48.281373047,0,018,0.45327270121612256,0.06030355566669123,0.8367962619086489,-0.031275817803415255,0.6197649970696484,-0.18260379977081673,-1.2399489431046289,0.3803742741291989,3
606,2024-09-25 22:39:48.343989014,0,018,0.4593877853173256,0.04691888726854236,0.7242125565485709,-0.023321386205646926,0.6213895731784098,-0.20987774239871518,-1.3784360400382123,0.36697035708062414,3
607,2024-09-25 22:39:49.265230957,0,018,0.4585903994733843,0.03570208887603252,0.5662440482787677,-0.011708855647685265,0.608955939789662,-0.23284403474730536,-1.499385362795562,0.3517433619954285,3
608,2024-09-25 22:39:49.326831055,0,018,0.45155749667750794,0.02686776460429338,0.3658563388105636,0.004129675978662194,0.582578880472512,-0.2506068002112628,-1.6003804396531498,0.33615513700437577,3
609,2024-09-25 22:39:49.405764160,0,018,0.43902225616600193,0.020487414186862805,0.1280870426249154,0.02443785958509148,0.5428299623137502,-0.2624424583672975,-1.6801554315569445,0.32168273675794584,3
610,2024-09-25 22:39:49.467001953,0,018,0.4216906485831802,0.016516130605377228,-0.13984693179100097,0.04902030883746045,0.4908025214197266,-0.2678485962784689,-1.7386948779884508,0.3096875749233091,3
611,2024-09-25 22:39:49.541403076,0,018,0.400191670523156,0.014821077856418967,-0.4286010460348392,0.07716583828999084,0.4281611333160129,-0.2665853472036499,-1.7771306848731931,0.3012387972568293,3
612,2024-09-25 22:39:49.609191895,0,018,0.37505864064643935,0.01520572688601493,-0.7270652101424985,0.10765924945227331,0.3571367409260331,-0.2586986261073345,-1.797483493068806,0.29695039082174746,3
613,2024-09-25 22:39:49.673028076,0,018,0.3467341082834057,0.017432806629927577,-1.02310268380892,0.13891017578916187,0.28044150857828964,-0.24451658170333188,-1.8022867180588467,0.29688230504294066,3
614,2024-09-25 22:39:50.606115967,0,018,0.3155996584050941,0.021248750485952702,-1.3045146938948606,0.16917553107587108,0.2011059142421347,-0.22461842246521094,-1.794074634416639,0.30050708134508824,3
615,2024-09-25 22:39:50.684426025,0,018,0.2820340009422837,0.026405032497606517,-1.5600180010279683,0.19682355367262278,0.12225737733366437,-0.1997815282598188,-1.7747417876736167,0.3067181130481157,3
616,2024-09-25 22:39:50.755739990,0,018,0.24648634538968367,0.03266980259440542,-1.7801334608364494,0.22058447062177258,0.04686122774450818,-0.17091519080074438,-1.7449666671932047,0.3138833967512678,3
617,2024-09-25 22:39:50.823513916,0,018,0.20953302258508394,0.03983082534855029,-1.957906574309549,0.23972581888380243,-0.02254900574199169,-0.1389894779407534,-1.7040004628356702,0.31997841217673056,3
618,2024-09-25 22:39:50.891416992,0,018,0.1718976081356809,0.047696841930880016,-2.089326924483977,0.254105189067691,-0.08411206403300281,-0.10496680011413205,-1.6499022856428216,0.322801312066214,3
619,2024-09-25 22:39:50.959204102,0,018,0.134441009378237,0.05610248601602978,-2.1734042546359427,0.26411594233703645,-0.136804867629905,-0.06974305885317889,-1.5800152124948625,0.32021865145730777,3
620,2024-09-25 22:39:51.025930908,0,018,0.09812036591710284,0.06491745919459092,-2.212014819007247,0.27058506399501964,-0.1804962372246461,-0.03410615879543717,-1.4915253568573728,0.31039066448963826,3
621,2024-09-25 22:39:51.933967041,0,018,0.06389908116988696,0.07405729371394866,-2.2095944694595056,0.274646981659991,-0.2158740987725009,0.001282428551581449,-1.3821698985942017,0.2919726611771128,3
622,2024-09-25 22:39:52.011118896,0,018,0.03261385586596648,0.0834908609001166,-2.172596859149207,0.27756913888415136,-0.24426572013969042,0.03588610270293061,-1.2511245524479537,0.26430587503061875,3
623,2024-09-25 22:39:52.080678955,0,018,0.004842635557180028,0.09324014680610947,-2.1086325660338527,0.2805220539451902,-0.2673934643822139,0.06928179238370921,-1.099852327267309,0.2275793476770926,3
624,2024-09-25 22:39:52.134659912,0,018,-0.019178061851639023,0.10336962808567125,-2.025393547634002,0.2843381001407228,-0.2871075082137966,0.10114612316082962,-0.9326371725614732,0.1829238200084283,3
625,2024-09-25 22:39:52.211396973,0,018,-0.03956963923805162,0.11396624460122806,-1.9296358780690024,0.28933121145878976,-0.30512443125113764,0.131239504999472,-0.7566752380574537,0.1324088771365683,3
626,2024-09-25 22:39:52.283971924,0,018,-0.05678087307195991,0.1251173354729506,-1.8264664824854517,0.29523815839087836,-0.32279373513123255,0.15938710709615028,-0.5816306303472705,0.07891675309903703,3
627,2024-09-25 22:39:52.350846924,0,018,-0.07153433656816648,0.13689639444313897,-1.7190313297778825,0.30129794994972947,-0.3409230055701092,0.18545958275363406,-0.41855263762384826,0.025873557960933585,3
628,2024-09-25 22:39:53.295354004,0,018,-0.08475321642108953,0.14936043795369977,-1.6086183908758174,0.3064385848523476,-0.3597126057458386,0.20936151846376252,-0.27827806579609343,-0.0231342149100067,3
629,2024-09-25 22:39:53.350169922,0,018,-0.09746493609643582,0.16255407973508892,-1.4951601278661344,0.3095191857508769,-0.37883906851486826,0.23103510596319152,-0.16973814405568793,-0.06478307109991133,3
630,2024-09-25 22:39:53.426978027,0,018,-0.11069172170533455,0.17651160157148138,-1.378026597307696,0.30957513969392464,-0.39765665434798503,0.25047641506221724,-0.09865404871637803,-0.09639161769587429,3
631,2024-09-25 22:39:53.488483887,0,018,-0.12534753125148668,0.19125228218464277,-1.2568398893425416,0.30601379938756185,-0.41542622772850624,0.2677517402622081,-0.06695712036511711,-0.11617975721841378,3
632,2024-09-25 22:39:53.566312012,0,018,-0.14215478087864766,0.206771878328283,-1.1319711773282344,0.29870959992389573,-0.4314951855179121,0.283002478123429,-0.07302392768075583,-0.12335783133793739,3
633,2024-09-25 22:39:53.628163086,0,018,-0.16158457831955425,0.22303493178300993,-1.0045628222417227,0.2879724643986792,-0.4454083299333511,0.29643530785725813,-0.11253257470778427,-0.11805210025348507,3
634,2024-09-25 22:39:53.701951904,0,018,-0.18382552462144833,0.23996799409573297,-0.8762086094360689,0.27441122318448263,-0.45697012283607324,0.30830198630150873,-0.17955530700515496,-0.10112604787903345,3
635,2024-09-25 22:39:54.640034912,0,018,-0.20878873403894238,0.25745214576287284,-0.7485260722717756,0.25874846720136613,-0.46628824590124385,0.3188762767825963,-0.2675066553290063,-0.07397177742936775,3
636,2024-09-25 22:39:54.702885010,0,018,-0.2361388256382433,0.27531489548850147,-0.6227780965933942,0.24164494583063126,-0.4738062792736391,0.32843371184360537,-0.3696953875871061,-0.03833800469395508,3
637,2024-09-25 22:39:54.780962891,0,018,-0.2653246871370881,0.293321633439927,-0.49965035930353213,0.22357659461400803,-0.48029455573203356,0.33723478386704064,-0.479411368086762,0.0037609985185777205,3
638,2024-09-25 22:39:54.848742920,0,018,-0.29560501423435576,0.3111686962267513,-0.3792862337111974,0.20479324580819067,-0.4867599513719092,0.3455083533966074,-0.5897164232325658,0.05006032130860067,3
639,2024-09-25 22:39:54.904212891,0,018,-0.32609001956293365,0.32848444624091777,-0.261612118113436,0.185365616586105,-0.4942801757902884,0.3534335543908318,-0.693274426278309,0.09804141690039098,3
640,2024-09-25 22:39:54.981847168,0,018,-0.3558065798577479,0.3448429090813395,-0.1468312521587433,0.165289169553732,-0.5038150879187179,0.3611226743122882,-0.7824768043628193,0.14498211122552157,3
641,2024-09-25 22:39:55.043414062,0,018,-0.38376582926672476,0.3597860231466292,-0.03583593217852972,0.1445887541531743,-0.5160410660036319,0.36860746566664904,-0.8498640638463101,0.1880908113138769,3
642,2024-09-25 22:39:55.995351074,0,018,-0.4090105694691324,0.37284565086606586,0.06968100477288001,0.12337697322940766,-0.531221883300954,0.3758281727379065,-0.888657400965301,0.22470127752046185,3
643,2024-09-25 22:39:56.058790039,0,018,-0.4306372500292333,0.38356012648122806,0.16744498214268,0.10184920078963026,-0.549126084881661,0.3826254108728667,-0.8932425905158848,0.25248337629588363,3
644,2024-09-25 22:39:56.130966797,0,018,-0.4478051318851787,0.3914877143963629,0.2549858279799003,0.08023637071532627,-0.5690078371670501,0.38873820675430576,-0.859628905712504,0.2696475635443176,3
645,2024-09-25 22:39:56.197961182,0,018,-0.4597512934376228,0.39622249259246206,0.32998927831332336,0.05876156438056814,-0.5896476918678254,0.393810759360076,-0.7859925576704897,0.27514100708134415,3
646,2024-09-25 22:39:56.266556885,0,018,-0.46581818948067083,0.39741345964837854,0.39052890726501194,0.037628676869779956,-0.6094284669943408,0.3974075757288281,-0.6731759187263358,0.26879577276468397,3
647,2024-09-25 22:39:56.322493164,0,018,-0.46549138656325406,0.39478340750277563,0.4352365588074485,0.017029489947169997,-0.626432324839214,0.39903670900374194,-0.5246883550282804,0.2513327307480024,3
648,2024-09-25 22:39:56.400104980,0,018,-0.45845213685840003,0.3881478942840886,0.46350191579288014,-0.0028567386863918675,-0.6385698148441209,0.3981839404801092,-0.34592858101365886,0.22416516408279813,3
649,2024-09-25 22:39:57.338791016,0,018,-0.4446494630253953,0.3774383221648401,0.47568799550974955,-0.021873210122137658,-0.6437563643769522,0.3943612499874616,-0.14295777529097445,0.18907850967055914,3
650,2024-09-25 22:39:57.400416992,0,018,-0.4243807793037652,0.36272729539027415,0.4732260269681186,-0.0398869766017096,-0.6401310226472501,0.38716682473240127,0.07857145068822968,0.14793035697158627,3
651,2024-09-25 22:39:57.480199951,0,018,-0.3983632352756104,0.3442480514165664,0.45845132910583336,-0.056762734864401324,-0.6262946078215562,0.3763473197605644,0.3139827537665407,0.10244954508326147,3
652,2024-09-25 22:39:57.541068115,0,018,-0.3677859912521863,0.3224040638941903,0.4341632660761789,-0.07229864352223794,-0.6015471464888822,0.36185369744926743,0.5595608494843411,0.05413118261846284,3
653,2024-09-25 22:39:57.608190918,0,018,-0.33433110024938795,0.2977712968304692,0.40302695152208357,-0.08613477919191774,-0.5660980581297951,0.34388483884664267,0.8119880598492458,0.00421837438735807,3
654,2024-09-25 22:39:57.680730225,0,018,-0.3001329303928499,0.27109144289258086,0.36700546794213496,-0.09767364115384533,-0.5211897754502808,0.3229100683265914,1.067455033768036,-0.04622748444006277,3
655,2024-09-25 22:39:57.751408203,0,018,-0.26764899304707035,0.24324723494910058,0.3269976651101631,-0.10606110828108109,-0.469066635466108,0.2996577880041157,1.320836138807544,-0.09619534587415772,3
656,2024-09-25 22:39:58.694608887,0,018,-0.2394530137548384,0.21521466707333914,0.282767615275035,-0.11025351807788199,-0.41277727653227547,0.27506453716959406,1.5652331673956874,-0.14458574799654786,3
657,2024-09-25 22:39:58.762446045,0,018,-0.21799427459906465,0.18799838898110696,0.23312940760683157,-0.10915999300372553,-0.3558736793510698,0.25019596572627717,1.791939647902732,-0.19010642011234302,3
658,2024-09-25 22:39:58.826823975,0,018,-0.20536856313418383,0.1625633700823238,0.17626779897577313,-0.10182174496189149,-0.3020870823600786,0.2261611469495837,1.9907033693971485,-0.23121930458528736,3
659,2024-09-25 22:39:58.888931885,0,018,-0.2031331755129921,0.1397741611138562,0.11009461201598197,-0.08758206277482654,-0.255022126045179,0.20403507311723432,2.150162569369127,-0.26614138641006535,3
660,2024-09-25 22:39:58.950979980,0,018,-0.21218558375551505,0.12034634263216065,0.03261239028283158,-0.06620428514278255,-0.21788995582442094,0.1847945863032583,2.258421598844989,-0.29290056832062367,3
661,2024-09-25 22:39:59.027245117,0,018,-0.23271472148245012,0.10481069721912623,-0.05772661807710449,-0.03790924842170244,-0.1933137382416449,0.16927111519327068,2.3037917238022887,-0.30945024919965397,3
662,2024-09-25 22:39:59.101478027,0,018,-0.26422680582902547,0.09349283683103728,-0.16171966397438203,-0.003338138477830688,-0.1832210972889087,0.15812140474510605,2.2757275588671444,-0.3138324878918308,3
663,2024-09-25 22:40:00.040211914,0,018,-0.3056308220751044,0.08651163105175741,-0.2792515319138396,0.036518846006729534,-0.18879041130782823,0.15181141685652844,2.1659351328668457,-0.3043588295026606,3
664,2024-09-25 22:40:00.113023926,0,018,-0.35534511974021765,0.08379404216217004,-0.40930955541003927,0.0803877940540841,-0.21041228901280787,0.1506065398093232,1.9695173350055868,-0.27978299487724634,3
665,2024-09-25 22:40:00.180829102,0,018,-0.4113950818535371,0.0850997317203571,-0.5501037122550758,0.1267580968185449,-0.2476631708730878,0.154564563699515,1.6859589663546288,-0.23946119006753136,3
666,2024-09-25 22:40:00.243815918,0,018,-0.47151288608035,0.09005025483008094,-0.6991479666535284,0.17392325224733335,-0.29931340668706474,0.16353191743408252,1.3197552555195007,-0.18349130393675492,3
667,2024-09-25 22:40:00.316454102,0,018,-0.5332651101137936,0.09815999006307481,-0.8532390173112444,0.22003838770985085,-0.363390785938848,0.1771465495374319,0.8804822627750519,-0.11279683581021968,3
668,2024-09-25 22:40:00.381733887,0,018,-0.5942058316046438,0.1088680986534205,-1.008413797100242,0.2632124036033402,-0.4373030238057227,0.1948516895994475,0.3821810371752287,-0.02911846468567807,3
669,2024-09-25 22:40:00.443267090,0,018,-0.6520276671615712,0.12157246897343997,-1.1599961182082046,0.3016308787638739,-0.5180047196526489,0.21592281931073112,-0.15781786948829746,0.06508870891770402,3
670,2024-09-25 22:40:01.359343994,0,018,-0.7046849267588835,0.13566360044668116,-1.3027736919676773,0.333686878514547,-0.6021869688033273,0.2395072486404084,-0.7202507730496805,0.16680679421843403,3
671,2024-09-25 22:40:01.431871826,0,018,-0.7504803393939531,0.15055245599265707,-1.4313009178868812,0.3580936340979161,-0.6864753810800094,0.2646737081793257,-1.2851286793678613,0.27260310378219,3
672,2024-09-25 22:40:01.493475830,0,018,-0.7881214717599945,0.16568941007524163,-1.5402817433568639,0.37395825845393216,-0.7676354264671951,0.2904671635251449,-1.8327436035096354,0.3787676856097084,3
673,2024-09-25 22:40:01.570647949,0,018,-0.8167480973350157,0.1805775815266524,-1.6249157201073827,0.3808050862815799,-0.8427747185892059,0.31596127523882883,-2.3445715181858593,0.48146797955243514,3
674,2024-09-25 22:40:01.632210938,0,018,-0.8359162331130284,0.19478372324939924,-1.681104350435812,0.3785548401355349,-0.9095031511106133,0.3403015953563118,-2.8041516256920294,0.5769362770145969,3
675,2024-09-25 22:40:01.694253906,0,018,-0.8455316497615395,0.20794498706043146,-1.705549094512246,0.3674866331700497,-0.9660117301629876,0.36273779607657436,-3.1979877517121262,0.6616828045960075,3
676,2024-09-25 22:40:01.771941895,0,018,-0.8457618368347276,0.21977004568768166,-1.695846801580056,0.34820937589178474,-1.0110727657180478,0.38264759611978916,-3.5164277140049496,0.7327157595584619,3
677,2024-09-25 22:40:02.683373047,0,018,-0.8369761175846508,0.2300388266171703,-1.650639338935191,0.32164030373230273,-1.0439995930242414,0.3995544574941239,-3.754341491216598,0.7877425361021306,3
678,2024-09-25 22:40:02.761480957,0,018,-0.8197300148710566,0.23860502616994295,-1.5698315783045524,0.2889691853276488,-1.064598064298066,0.41313754403239156,-3.911388455120002,0.8253176722334733,3
679,2024-09-25 22:40:02.830498047,0,018,-0.7947595768092377,0.24539696806786618,-1.4548661918006802,0.251602333572135,-1.0731193032071624,0.4232314929393188,-3.9917301389665774,0.84489661626974,3
680,2024-09-25 22:40:02.886208008,0,018,-0.7629530154057425,0.25040854697663323,-1.308957684976345,0.21109858293091274,-1.0702149963966645,0.42981714360836754,-4.003131906258413,0.8467670563795635,3
681,2024-09-25 22:40:02.963861084,0,018,-0.7253135618636597,0.2536803189279759,-1.1371148630900012,0.16909771871389928,-1.056894398997539,0.43300810494495656,-3.9555038101274365,0.8318633291105458,3
682,2024-09-25 22:40:03.026307129,0,018,-0.6829480463185291,0.25528079292896755,-0.9458498690180839,0.1272243887481249,-1.0344734608504267,0.4330376404197554,-3.85906503062089,0.8015098570352334,3
683,2024-09-25 22:40:03.101699219,0,018,-0.6370818752586103,0.2552970312603566,-0.7426378842243566,0.08696511253704069,-1.0045017373076632,0.4302452170891182,-3.7225032551587187,0.7571755779881111,3
684,2024-09-25 22:40:04.031168945,0,018,-0.5890606028807486,0.2538335613006332,-0.5352972684369705,0.049550173670788705,-0.9686641381433181,0.4250571274565906,-3.551623161052564,0.7003151782151699,3
685,2024-09-25 22:40:04.107811035,0,018,-0.5403040637196025,0.2510115662267314,-0.3314527069597821,0.01588481295804189,-0.9286710243572381,0.4179571436235301,-3.3488246786451588,0.6323079357644924,3
686,2024-09-25 22:40:04.180545166,0,018,-0.49222031217684237,0.24696311188544945,-0.13816860211249,-0.013445933841858245,-0.8861555628875218,0.4094499497901881,-3.1134640778837146,0.5544635871993513,3
687,2024-09-25 22:40:04.247071045,0,018,-0.4461142629349182,0.24182290462937636,0.03826041577129245,-0.03811047600623807,-0.8425969148271513,0.40002641849867127,-2.8429986093022683,0.4680975919036735,3
688,2024-09-25 22:40:04.316145020,0,018,-0.4031216218837295,0.23572443818469074,0.19244931207185084,-0.057945336428094796,-0.7992775122627349,0.3901392030367171,-2.5347090171851754,0.37469750565140664,3
689,2024-09-25 22:40:04.383906006,0,018,-0.36417982986632264,0.22880439531608257,0.32007935398955517,-0.0728945154555232,-0.7572582715125031,0.3801877484675397,-2.1876258659802885,0.2761487301345871,3
690,2024-09-25 22:40:04.451726807,0,018,-0.3300285018149143,0.22121136125781646,0.41808598753721554,-0.08298234914945787,-0.7173526657456598,0.37050496779980335,-1.8041966064673471,0.1749299663420407,3
691,2024-09-25 22:40:05.383312988,0,018,-0.3012179659314323,0.21311065111791136,0.4848290534201079,-0.08830676615453618,-0.6801057771064932,0.36134240339246093,-1.3913164702950203,0.07418923937287218,3
692,2024-09-25 22:40:05.459673828,0,018,-0.278100818084852,0.20468131895513847,0.5202251587795536,-0.08905314882193323,-0.6457935900355135,0.3528587793924548,-0.9605559500193473,-0.022341184106536377,3
693,2024-09-25 22:40:05.530679932,0,018,-0.26079090942525274,0.19610765619570683,0.525902773603367,-0.0855407943644768,-0.6144423937467498,0.3451181423068604,-0.527615153132302,-0.1105796370415775,3
694,2024-09-25 22:40:05.598468018,0,018,-0.24910116958326978,0.18756834837402458,0.505444716775778,-0.07830174122630544,-0.5858570028162449,0.3380978544674679,-0.11109847188853607,-0.1864403702179314,3
695,2024-09-25 22:40:05.666337891,0,018,-0.2425026528207131,0.17922501849043834,0.4646466425490362,-0.0681660584512241,-0.5596513618192683,0.3317006518546998,0.2692829384189587,-0.24623900966830803,3
696,2024-09-25 22:40:05.734111084,0,018,-0.24014427277358583,0.17121228838431296,0.4115596627694064,-0.05630451624912346,-0.5352846647190708,0.32576516829007257,0.5948466108963376,-0.28709338287643815,3
697,2024-09-25 22:40:05.798090820,0,018,-0.24092875178264997,0.16363112197114402,0.35608779728754364,-0.04418240316982249,-0.5121061562686868,0.32007468485738455,0.8500031537559903,-0.3072455214396951,3
698,2024-09-25 22:40:06.745022949,0,018,-0.24360567287917545,0.1565449653274327,0.3090697769000014,-0.033414134264295486,-0.48940581001456585,0.3143695029812336,1.0238334123794846,-0.3062468948339593,3
699,2024-09-25 22:40:06.812839111,0,018,-0.2468557919215325,0.14997724610617286,0.2809581468524049,-0.025554954450184617,-0.4664676690410029,0.30836921024919445,1.1109705974597155,-0.2849898532916161,3
700,2024-09-25 22:40:06.878959961,0,018,-0.24937506475784063,0.1439100643045672,0.28037653261089673,-0.02189691818511496,-0.44262487624759816,0.3018046566397193,1.1117919158220393,-0.24560217225785277,3
701,2024-09-25 22:40:06.941030029,0,018,-0.24997574181084423,0.13828554289845113,0.31292420864499315,-0.02332848823915111,-0.41731458072649646,0.2944519297159314,1.0319997215182268,-0.19123327795642758,3
702,2024-09-25 22:40:07.002124023,0,018,-0.24770060152901047,0.13301233462139636,0.3805057233591224,-0.030274957507793243,-0.390127930788071,0.2861595223495594,0.8817430600992422,-0.12577170022722298,3
703,2024-09-25 22:40:07.079389893,0,018,-0.24192423755067116,0.12797946974930688,0.48124986577877216,-0.04269809387715016,-0.3608411095618167,0.27686288722659436,0.6745550222212354,-0.053543965381768414,3
704,2024-09-25 22:40:07.151729980,0,018,-0.23240973135452667,0.12307545199158576,0.6098910195638481,-0.060120571949531534,-0.32940904395514103,0.2665847278924615,0.42639115842378306,0.02096077402186142,3
705,2024-09-25 22:40:08.095086182,0,018,-0.21929688756632867,0.11820398281825781,0.7584284966912178,-0.08165785253916617,-0.29593131523386806,0.25542660760334945,0.15486675340863812,0.09331668239353651,3
706,2024-09-25 22:40:08.162913086,0,018,-0.20302249341225903,0.11328881597241662,0.9169892628846937,-0.10607990239700062,-0.26063875232336065,0.24356258704701902,-0.1214732670707729,0.15935062952002202,3
707,2024-09-25 22:40:08.217856934,0,018,-0.1842088393912507,0.10827110359010544,1.0749149479733764,-0.1319405370625701,-0.2239437306885818,0.2312404729743671,-0.384119906378332,0.2153351735343659,3
708,2024-09-25 22:40:08.294988037,0,018,-0.16356943950080696,0.10310899677400848,1.2219730576585972,-0.15776740344327791,-0.18654559426956516,0.21878589375110982,-0.6158603485852543,0.2581948378266655,3
709,2024-09-25 22:40:08.356614990,0,018,-0.14185457421607575,0.09778308418490456,1.349411581998761,-0.18225082052949074,-0.14952784295432006,0.20659912761991742,-0.8020963836952292,0.2856806836059803,3
710,2024-09-25 22:40:08.433853027,0,018,-0.11982865273624228,0.09230380071695582,1.4506336591098188,-0.20437485625780272,-0.11436320227474255,0.19513586304826122,-0.9319012799623939,0.29646508887202905,3
711,2024-09-25 22:40:08.495407227,0,018,-0.09826537950326726,0.08671745821908104,1.5215276310727448,-0.22348255341560672,-0.08278082767153683,0.18486846283161815,-0.9985849844524365,0.29014631942005886,3
712,2024-09-25 22:40:09.438127929,0,018,-0.07795004377262386,0.08110915386036971,1.5606218900880604,-0.23929023477113495,-0.05652819997675794,0.17623215558158267,-0.9997049893664977,0.2671826852909711,3
713,2024-09-25 22:40:09.513037842,0,018,-0.05967413688121466,0.07559846717896171,1.5691029394033313,-0.25185127994739986,-0.0371124473433566,0.16956797715392366,-0.9366849719019155,0.22879435777862162,3
714,2024-09-25 22:40:09.577318848,0,018,-0.04420506261556113,0.07032456040746282,1.5505938545951095,-0.26146826138149337,-0.02559684148691219,0.16507838372326902,-0.8143171903911549,0.176875320072094,3
715,2024-09-25 22:40:09.648627930,0,018,-0.0322208891171951,0.06542421171919104,1.5106385266618714,-0.2685747309763789,-0.02248862980064702,0.16280912375985782,-0.640301972137868,0.11392963117558855,3
716,2024-09-25 22:40:09.716422119,0,018,-0.024212824671325572,0.061011509999154286,1.4559316795517363,-0.2736113889394773,-0.027716355119878817,0.16266041964721908,-0.4247660087680851,0.04300129309253991,3
717,2024-09-25 22:40:09.778858887,0,018,-0.02037374123381458,0.057164936457565,1.3933952663378497,-0.27691087118794117,-0.04066842352988294,0.1644182531552814,-0.17966733570897844,-0.03243895178133817,3
718,2024-09-25 22:40:09.852039062,0,018,-0.020508188591102844,0.0539208849045852,1.3292972441033932,-0.2786175653498672,-0.06026926858277433,0.16779270143317535,0.08184964133969895,-0.10864797539490952,3
719,2024-09-25 22:40:10.784252930,0,018,-0.024004666152726395,0.05127130301168739,1.2686253839261092,-0.2786768633381791,-0.08510142137939397,0.1724546125800377,0.3460689482443976,-0.1817901210159972,3
720,2024-09-25 22:40:10.859420166,0,018,-0.029889224952900844,0.049166640660355504,1.2147623512340633,-0.27689561612563207,-0.11358502321483976,0.17806575461127666,0.5993940710035518,-0.24815330786965945,3
721,2024-09-25 22:40:10.920964111,0,018,-0.036944302748011915,0.047525754958963135,1.169337245532572,-0.2730345607445531,-0.1441773768124207,0.18429787714039758,0.829215947908613,-0.30440637060550474,3
722,2024-09-25 22:40:10.983450928,0,018,-0.04385417804705332,0.04625020852565332,1.1321428386724213,-0.26688594028459167,-0.17551839245186393,0.1908379705934719,1.024784701090897,-0.3478554470316518,3
723,2024-09-25 22:40:11.066394043,0,018,-0.049336830679396336,0.04523657115571287,1.1011542974061215,-0.2583094217354755,-0.20647896156899828,0.1973832914277999,1.177785402674587,-0.3766376520586949,3
724,2024-09-25 22:40:11.134190918,0,018,-0.052243329649095185,0.04438122677221263,1.0727734441969143,-0.2472252316148343,-0.23613436044392785,0.20363520808183924,1.2825043490370618,-0.3898122086151135,3
725,2024-09-25 22:40:11.201999023,0,018,-0.05163526134833083,0.04357831241634429,1.0423622558150858,-0.23358615497651997,-0.2637155549604642,0.20929913358476224,1.335717670268632,-0.3873407288377138,3
726,2024-09-25 22:40:12.111953125,0,018,-0.04684969858742154,0.0427165507483301,1.0050065022477748,-0.2173591006865796,-0.28856935328961575,0.2140900399468313,1.3365296563422109,-0.3699778446960574,3
727,2024-09-25 22:40:12.188329102,0,018,-0.03752815328983634,0.04167704318925821,0.9563543088802929,-0.19853345242853082,-0.3101283746567276,0.2177382617489182,1.2863554062207512,-0.3391142599020721,3
728,2024-09-25 22:40:12.250245117,0,018,-0.023579724625297775,0.04032717871541371,0.8933381462465109,-0.17715015975698886,-0.32789211532486745,0.21999358010497447,1.1891246929921653,-0.2966232967402366,3
729,2024-09-25 22:40:12.323875977,0,018,-0.00509710546741528,0.03850933563633603,0.8146326739831782,-0.15332979649594905,-0.341422331901601,0.22062878625415036,1.0515396557264187,-0.24474735946888895,3
730,2024-09-25 22:40:12.389102051,0,018,0.01771849816534451,0.036033124682744964,0.7207855986207282,-0.12727600707568731,-0.35033321517215377,0.21944091109206146,0.8830075856631422,-0.1860149486952487,3
731,2024-09-25 22:40:12.450696045,0,018,0.044593900026056954,0.032680521857431886,0.6140498764645367,-0.09925270798118781,-0.35424987705988836,0.21624775344525657,0.6950048457297174,-0.12315220758282476,3
732,2024-09-25 22:40:12.512239014,0,018,0.07519527149367734,0.028223315417819125,0.4980413039828999,-0.06957118431628492,-0.3527392053660215,0.21088244399657038,0.49999695754597573,-0.05897454403888902,3
733,2024-09-25 22:40:13.437053955,0,018,0.10913696056109347,0.0224431715110994,0.3773815839708063,-0.03863041578466728,-0.34524637958848586,0.20318999617720496,0.3102088796891924,0.0037382424934085225,3
734,2024-09-25 22:40:13.498593018,0,018,0.14599445675935624,0.015145238747147129,0.25740405015527895,-0.007006455756264744,-0.3310745133985499,0.19302645638766824,0.13645128452848412,0.06238315463629033,3
735,2024-09-25 22:40:13.577102783,0,018,0.1853049491841011,0.006166715093518351,0.14387068079837464,0.024465766371405635,-0.3094272048084313,0.1802609277727911,-0.01285784233533448,0.11468295449124694,3
736,2024-09-25 22:40:13.648770996,0,018,0.22653698160303712,-0.004611084700805819,0.04262224983210783,0.05466802756546283,-0.2795000199853818,0.16478245898247892,-0.1323239641223828,0.15882071378882257,3
737,2024-09-25 22:40:13.716573975,0,018,0.26904557095041187,-0.017245090543863396,-0.04082957444840439,0.08223031393215322,-0.2405796095416923,0.14651193103677987,-0.21974931062270905,0.19353247840969284,3
738,2024-09-25 22:40:13.777104980,0,018,0.3120518765487305,-0.031714755714219535,-0.10172724711771425,0.10559749641062251,-0.19211356291567877,0.125415188231602,-0.2758460445544692,0.2181319063090734,3
739,2024-09-25 22:40:13.838144043,0,018,0.35466242287439126,-0.047916127249593966,-0.1365414746048237,0.12313791190011732,-0.13375364191174488,0.10151497313691596,-0.30360708586171165,0.23246522588265903,3
740,2024-09-25 22:40:14.809984863,0,018,0.3959163687920061,-0.06566823444925894,-0.14349753552646152,0.1333040726660746,-0.06541607082691984,0.07490513445356331,-0.30754227862169436,0.23682675005785306,3
741,2024-09-25 22:40:14.887385986,0,018,0.43485541955894463,-0.08472974926009035,-0.12296454449995478,0.13481252596822899,0.01261297900080457,0.045769505509168376,-0.29299040064349174,0.23186546844405245,3
742,2024-09-25 22:40:14.955152100,0,018,0.4706227290734098,-0.10482079253750574,-0.07745394196547971,0.12678794305970315,0.09956527958848727,0.014397242032060336,-0.26563177545477723,0.21849802951640365,3
743,2024-09-25 22:40:15.010016112,0,018,0.5025876023873767,-0.12564410331028883,-0.011187866110320516,0.1088497625848354,0.19414469133561363,-0.018819151738319197,-0.23118615826165287,0.19784222963431325,3
744,2024-09-25 22:40:15.087667969,0,018,0.5304703432860209,-0.1469022516011551,0.07056449291410735,0.08115700905765398,0.2945881535692745,-0.05340903041143517,-0.19519210315589441,0.17118974852120925,3
745,2024-09-25 22:40:15.149240967,0,018,0.5544261852259258,-0.16830908725855862,0.16216763408748686,0.044424163820937945,0.39882308119777604,-0.08886580184216836,-0.1627997267415528,0.14002151147518951,3
746,2024-09-25 22:40:15.226415039,0,018,0.5750555971455715,-0.18959269043807994,0.2582244495034603,-9.855545480355596e-05,0.5046754978653145,-0.12469313762287461,-0.13855814091763707,0.10602964960487281,3
747,2024-09-25 22:40:16.168584961,0,018,0.5933383696043507,-0.21048970774616524,0.35404019071270215,-0.05068353148501367,0.610068463732225,-0.16044319863307202,-0.12619636757689742,0.07109885322942647,3
748,2024-09-25 22:40:16.230118896,0,018,0.610509313969898,-0.23073695979778647,0.44582396385184786,-0.10521225497458224,0.7131643991671018,-0.19574107722693387,-0.1284286972673381,0.03724138070935767,3
749,2024-09-25 22:40:16.292170898,0,018,0.6278883190762989,-0.25006536720269745,0.5306013678888234,-0.16128704945010988,0.8124393548316439,-0.2302944373036681,-0.14682161785863296,0.006507010527662666,3
750,2024-09-25 22:40:16.370004883,0,018,0.6466796934792827,-0.26819412605655346,0.6060203714035151,-0.216372649189949,0.9067054729583988,-0.26388859973561424,-0.18174803090298536,-0.019130661654511317,3
751,2024-09-25 22:40:16.432007080,0,018,0.6677843782128426,-0.2848237810615569,0.6702699826442123,-0.26795994934586526,0.9951059792831509,-0.29637033464663476,-0.23245619573919143,-0.037920782648054374,3
752,2024-09-25 22:40:16.509160156,0,018,0.6916818182526084,-0.2996356054911914,0.7221785099441909,-0.3137346157574366,1.0770961012621176,-0.3276275491064167,-0.29723989958572083,-0.048496986966160095,3
753,2024-09-25 22:40:16.573295166,0,018,0.7184036128656068,-0.3123048237107475,0.7613919393848325,-0.35173067132431524,1.152408796605039,-0.3575712415883891,-0.3736237378027686,-0.05001304968513656,3
754,2024-09-25 22:40:17.494033203,0,018,0.7475754141707681,-0.32252360717401374,0.788487517887502,-0.3804500941559418,1.221008179512607,-0.38612256453101057,-0.45848789960855735,-0.04221964335186808,3
755,2024-09-25 22:40:17.562524170,0,018,0.7784948868070424,-0.3300233547059964,0.8049912975399782,-0.3989473470300981,1.2830430201083152,-0.4132050631522239,-0.5481452857416089,-0.0254760531601965,3
756,2024-09-25 22:40:17.617634033,0,018,0.8102336717032067,-0.33459298854993186,0.8133345626195219,-0.40688605537649497,1.3387957998898736,-0.43873919593447513,-0.6383909745678114,-0.0007153110851111299,3
757,2024-09-25 22:40:17.698155029,0,018,0.841758553540186,-0.3360981983332167,0.8166782852339023,-0.4045491796560042,1.38860485695361,-0.4626359840261683,-0.7245072321077126,0.030616919995105716,3
758,2024-09-25 22:40:17.765958984,0,018,0.8720534389127923,-0.334504006857082,0.8185296052865051,-0.3927754099066073,1.4327594507439279,-0.4847904386807023,-0.8012743362458544,0.06664869085282699,3
759,2024-09-25 22:40:17.832915039,0,018,0.9002186257941076,-0.3298955908689735,0.8222592894990983,-0.37283526404306244,1.471392823747077,-0.5050754187986355,-0.8630525296606003,0.10519102321711643,3
760,2024-09-25 22:40:17.901608887,0,018,0.9255307114254975,-0.32248948575453196,0.8307023183288476,-0.3462950164672644,1.504387670948743,-0.5233321210177022,-0.9038829443503051,0.14384366694308207,3
761,2024-09-25 22:40:18.837093994,0,018,0.9474477105353416,-0.3126281511204859,0.8459141582564043,-0.31490302662747277,1.5313070543782525,-0.5393563114816133,-0.9175712041086096,0.18007887928673055,3
762,2024-09-25 22:40:18.912637939,0,018,0.9655554201056273,-0.30075355179049973,0.8690790906960879,-0.2804990899126759,1.5513969434425243,-0.5528903839405942,-0.8978764065195303,0.21132459388034622,3
763,2024-09-25 22:40:18.975944092,0,018,0.9794845105034863,-0.2873628260671611,0.9005653987671044,-0.24493200859607459,1.5637107580477863,-0.563634770562361,-0.8389433263338993,0.23508087244903636,3
764,2024-09-25 22:40:19.037532959,0,018,0.9888439369405198,-0.27295691079226025,0.9400827950099545,-0.20998277649279587,1.5673360856203389,-0.5712807234650435,-0.7359787764562791,0.2490788481377496,3
765,2024-09-25 22:40:19.115688965,0,018,0.9931931746130216,-0.25799330881428845,0.986845080148813,-0.1773068475823456,1.5616176929897212,-0.5755514605961932,-0.5860601782625631,0.25146482959936245,3
766,2024-09-25 22:40:19.183878906,0,018,0.9920511122961383,-0.2428501043458557,1.039665852137915,-0.14839763943898182,1.5462670677578854,-0.5762344085661698,-0.3888963290262612,0.24097697162362916,3
767,2024-09-25 22:40:19.239311035,0,018,0.9849341736896882,-0.22780568488384115,1.0969704860807188,-0.12454848623487814,1.521335777108795,-0.5731950952120245,-0.14734265330053753,0.21708096974009458,3
768,2024-09-25 22:40:20.194839111,0,018,0.9714093787839596,-0.2130355274504915,1.1567267008908788,-0.10678864880905524,1.4871103531398377,-0.5663730765414812,0.13243908093375273,0.18004909179257855,3
769,2024-09-25 22:40:20.261562012,0,018,0.9511386160473447,-0.19862168697990507,1.2163337420079752,-0.09578756829460167,1.4439925785220875,-0.5557649604418978,0.44113694167247247,0.13098614003948839,3
770,2024-09-25 22:40:20.322050049,0,018,0.9238984479402085,-0.1845664305800349,1.2725954089646363,-0.09174933708434663,1.3923961194313241,-0.5414011150854433,0.7666395136254617,0.07180775949732114,3
771,2024-09-25 22:40:20.398224121,0,018,0.8895845300761978,-0.1708051502891348,1.3219162535506117,-0.0943506017625184,1.3326704204046662,-0.5233236796649695,1.0945362987134741,0.0051655912541324145,3
772,2024-09-25 22:40:20.466121826,0,018,0.8482272311560666,-0.157223010006809,1.360704255491234,-0.10276561312814739,1.2650637497430293,-0.5015736542183082,1.4088592187068516,-0.06569540306449548,3
773,2024-09-25 22:40:20.533930176,0,018,0.8000289272139091,-0.14368169689897675,1.3857639856928987,-0.1157626189758573,1.18974180711058,-0.4761930732700939,1.6931628311227724,-0.1371575810192098,3
774,2024-09-25 22:40:20.601747070,0,018,0.7453930916670021,-0.13005158649551196,1.3944596053910296,-0.13182035068143888,1.1068656022400416,-0.44724294574964224,1.9318928944558953,-0.2055161834425821,3
775,2024-09-25 22:40:21.544938965,0,018,0.6849046708071754,-0.11623477312362451,1.3846397997713713,-0.1492398767041901,1.0167013902004813,-0.4148305696444196,2.1118188921429653,-0.2672894117549504,3
776,2024-09-25 22:40:21.612787109,0,018,0.6192624817292623,-0.10217038259580521,1.3545116264820822,-0.1662622842108396,0.91971307381353,-0.3791365429794044,2.223257397126352,-0.31950561365157654,3
777,2024-09-25 22:40:21.675639893,0,018,0.5492024397275285,-0.08782789380302503,1.3026561019223228,-0.18119742598176092,0.8166039681622589,-0.3404339965414415,2.2608979014264223,-0.3599297570478682,3
778,2024-09-25 22:40:21.748406982,0,018,0.47543945807694066,-0.0731988205579826,1.228264523710826,-0.19254794851555632,0.7083185536436394,-0.2990964679827889,2.224153556611361,-0.38720436053772606,3
779,2024-09-25 22:40:21.814465088,0,018,0.39862885442270446,-0.05828956292547958,1.131564011236439,-0.19911788930653787,0.5960294052603081,-0.2555926275889921,2.1170881027614716,-0.400903816190955,3
780,2024-09-25 22:40:21.876949951,0,018,0.3193466013372689,-0.043111902843711324,1.0143095490745209,-0.2001053186113613,0.48110492739661836,-0.21046626162911986,1.9480336075189217,-0.40151234175175726,3
781,2024-09-25 22:40:21.939435059,0,018,0.2380976753685135,-0.027671534180233038,0.8801404953377475,-0.19516292763343035,0.3650384815913935,-0.16430257406982404,1.7289053376366454,-0.3903173511035769,3
782,2024-09-25 22:40:22.869993896,0,018,0.15535474289156928,-0.011961913108537284,0.7345945275286216,-0.1844010106072046,0.2493516808377108,-0.11768869297929362,1.4741737036257407,-0.36921905025759566,3
783,2024-09-25 22:40:22.926819092,0,018,0.07160908614896609,0.004031747028299675,0.5846852282328413,-0.16832693738369495,0.1355163664931468,-0.07118136460646757,1.1995978132675633,-0.3404994190494042,3
784,2024-09-25 22:40:23.005656982,0,018,-0.012587633902349094,0.020321968255553872,0.43811751555381084,-0.14773391898795363,0.024923117378337308,-0.02529014363835976,0.9208898909891057,-0.30659306090104044,3
785,2024-09-25 22:40:23.066472168,0,018,-0.09658924937715513,0.03690771498604449,0.3023536542668089,-0.12356043033252784,-0.08111599921258465,0.01952657635597107,0.6524503116052333,-0.2698773504568268,3
786,2024-09-25 22:40:23.141314941,0,018,-0.17961611574045314,0.05376433133051492,0.18378722308112888,-0.09675323989690436,-0.181356337762008,0.06285978939316463,0.40639510507906196,-0.23251504386156746,3
787,2024-09-25 22:40:23.207958984,0,018,-0.2607219365868176,0.07083516256930504,0.08718791211269826,-0.06816703844047124,-0.27461313852728897,0.10434477269046717,0.1920914334950037,-0.19638675498749314,3
788,2024-09-25 22:40:23.267328857,0,018,-0.3388010146217621,0.08802705505431274,0.015421365237604795,-0.03851228347525686,-0.3597610832266475,0.14365201979423048,0.016125436657405276,-0.16309558012105685,3
789,2024-09-25 22:40:24.212862061,0,018,-0.4126616526822183,0.10521361442808874,-0.030637997615919708,-0.00833969991215322,-0.4357551754770739,0.18047759984551975,-0.11759740144299323,-0.13398663964899907,3
790,2024-09-25 22:40:24.287930908,0,018,-0.48115060032171736,0.12224723046814474,-0.05206867036667526,0.021960394092758025,-0.5016903588357446,0.21453954949585416,-0.20775686106112407,-0.11014935863876389,3
791,2024-09-25 22:40:24.355778076,0,018,-0.5432712499554047,0.13897257553291964,-0.05175252433485882,0.05216156913473783,-0.55688909255043,0.24558320950497695,-0.2553933171690854,-0.09240208496361434,3
792,2024-09-25 22:40:24.423568848,0,018,-0.5982394099735067,0.15523022235754122,-0.03407782382890713,0.08220057130725007,-0.6009786359210089,0.27339356925707514,-0.263410115856274,-0.0812639035842743,3
793,2024-09-25 22:40:24.477153076,0,018,-0.6454732822037643,0.1708477446526735,-0.004446011088639885,0.11213648742082614,-0.6339339829487809,0.2978114066941838,-0.23583767723053872,-0.07692933542570171,3
794,2024-09-25 22:40:24.554904053,0,018,-0.6845634581861874,0.18562825098209954,0.03136655963269355,0.14205244961772334,-0.6560926310848836,0.31874815024847836,-0.17705128358758923,-0.07926998804939948,3
795,2024-09-25 22:40:24.617405029,0,018,-0.7152635675240968,0.1993484037961789,0.0677847179324732,0.1719461942816038,-0.6681480155329396,0.3361923762731573,-0.09119222959922661,-0.08786333803615054,3
796,2024-09-25 22:40:25.570092041,0,018,-0.7375038667108624,0.21176977202425526,0.0997499140886166,0.20167912335045063,-0.6711127063608097,0.35020499232274027,0.01806924987446637,-0.10203103396878507,3
797,2024-09-25 22:40:25.637929932,0,018,-0.7514079546129951,0.22265869635512436,0.1227897231849761,0.23100178572101968,-0.6662457451257432,0.3609069159984192,0.14749883003338082,-0.12088920117674554,3
798,2024-09-25 22:40:25.705781006,0,018,-0.7573022973665458,0.23180766087815016,0.13304276639113263,0.25961620538603075,-0.6549534442389594,0.3684636895007651,0.29414988092971295,-0.1434218603596645,3
799,2024-09-25 22:40:25.773588867,0,018,-0.7557265058264474,0.23905509319725143,0.1274177563208993,0.2872334287755479,-0.6386792913508909,0.373068224380223,0.4552044849395751,-0.16856042023358037,3
800,2024-09-25 22:40:25.834371094,0,018,-0.7474401479134419,0.24430205476407982,0.10389792758027855,0.31361402415246914,-0.6188032506046379,0.3749237648770623,0.6278345620670486,-0.19523871258372133,3
801,2024-09-25 22:40:25.909178955,0,018,-0.7333898524377037,0.2475193667243671,0.06186923348476456,0.3385922667306303,-0.5965743927441234,0.37423284363815956,0.8090848906743832,-0.2224188350181363,3
802,2024-09-25 22:40:25.974245117,0,018,-0.7146178527364975,0.24873897111230756,0.0023022885936757813,0.3620880710481232,-0.5730860285731638,0.37119671031741863,0.9957743738593061,-0.2491101818460922,3
803,2024-09-25 22:40:26.920207031,0,018,-0.6921589837287905,0.24803611658097016,-0.07236644004303663,0.3841168700454884,-0.5492802022629218,0.3660239545523727,1.184398751436911,-0.2744022649892481,3
804,2024-09-25 22:40:26.987437012,0,018,-0.6669900205769549,0.245518266241154,-0.1586681681117629,0.40479530963487514,-0.5259650127979143,0.35894382047385853,1.3710249552584,-0.2975113488643419,3
805,2024-09-25 22:40:27.049922119,0,018,-0.6400326347256702,0.24132728465947492,-0.2526614761446805,0.42432392257233553,-0.5038349538898224,0.35021969317374135,1.5512386736407466,-0.31782964265575625,3
806,2024-09-25 22:40:27.112407959,0,018,-0.6121585811747517,0.23564546345308202,-0.3503818980600335,0.4429347236167738,-0.48348505280363246,0.3401574091036243,1.7202409540423964,-0.33496886518206836,3
807,2024-09-25 22:40:27.191436035,0,018,-0.5841653907655132,0.22869278914636915,-0.44807670664951194,0.4608012299811419,-0.46541402495918016,0.32910219309341127,1.8731035367299287,-0.3487854020570855,3
808,2024-09-25 22:40:27.250310059,0,018,-0.5567384605529987,0.22071253101534924,-0.5422675502872661,0.47791925789326023,-0.4500224631885422,0.3174222983115932,2.0051103460084443,-0.3593683733574761,3
809,2024-09-25 22:40:27.326691895,0,018,-0.5304279987582478,0.21195191268943603,-0.6297593758629978,0.4939994428762616,-0.43761877093028956,0.30548612387965407,2.1120921717231838,-0.36698481514375814,3
810,2024-09-25 22:40:28.245528076,0,018,-0.5056457099321423,0.20264611231436067,-0.7076883062759692,0.5084246857508301,-0.4284434313245953,0.29364251842506994,2.1906315617634577,-0.37198760878741316,3
811,2024-09-25 22:40:28.313371826,0,018,-0.48266848453154293,0.19300880343515672,-0.7735962856379061,0.5202848734255461,-0.42270283856097524,0.2822061730445564,2.238071495724058,-0.3746964463711022,3
812,2024-09-25 22:40:28.377929932,0,018,-0.46164655653903236,0.1832280515370769,-0.8255041615900012,0.5284663787658397,-0.4205802356406902,0.2714426318792749,2.252442835039795,-0.37528267095181583,3
813,2024-09-25 22:40:28.439931885,0,018,-0.4426236222983876,0.17346573405352034,-0.8620580498017926,0.5317834197737389,-0.42219890939957205,0.26155074333238776,2.2324649977882762,-0.3736977349202418,3
814,2024-09-25 22:40:28.501988770,0,018,-0.42556392780236874,0.16385911914402038,-0.882810584809515,0.5291468471736399,-0.42754654805135966,0.25264780350987565,2.1776007461141424,-0.3696512855542392,3
815,2024-09-25 22:40:28.584528076,0,018,-0.410368396689435,0.1545232738779329,-0.8885485115894222,0.5197519475803585,-0.43639486162242797,0.2447646315873961,2.0880770066526417,-0.36261890764354526,3
816,2024-09-25 22:40:28.641372070,0,018,-0.3968653457899104,0.14555219906471384,-0.8815209956647712,0.5032571658731856,-0.448251537364358,0.23785402633805716,1.9649207576451786,-0.3518854211128811,3
817,2024-09-25 22:40:29.592039062,0,018,-0.3847778119909036,0.13701595255808788,-0.865462395491981,0.47992151909653913,-0.46236330404219783,0.23181021897245424,1.8100858026473772,-0.3366507084248808,3
818,2024-09-25 22:40:29.658894043,0,018,-0.3736898298261434,0.1289544481150767,-0.8453248252708956,0.45066147450690236,-0.4777589260658675,0.22649268788975127,1.6265731727956467,-0.3161907182061201,3
819,2024-09-25 22:40:29.715838867,0,018,-0.3630350190891418,0.12137396536234785,-0.8266961619154161,0.4169935724366494,-0.4932995964708711,0.22174653770014677,1.4184187220099578,-0.29002723347739084,3
820,2024-09-25 22:40:29.798846924,0,018,-0.35211294519913894,0.11425165461260078,-0.8150027934341134,0.38085897594742585,-0.5077133093667336,0.2174146241948919,1.1905876022361677,-0.25806288866310695,3
821,2024-09-25 22:40:29.853802979,0,018,-0.34013490149162,0.10754762624002664,-0.8146926337219219,0.34437305670326573,-0.5196244281554722,0.21334338710378561,0.9488421712142623,-0.22065516072450742,3
822,2024-09-25 22:40:29.931025879,0,018,-0.32631337104562075,0.10122200457522866,-0.8286306356065618,0.30957593402643885,-0.5276039351055241,0.2093875097025118,0.6995386582905062,-0.17861405791968668,3
823,2024-09-25 22:40:30.002305908,0,018,-0.310003392579975,0.09525560383168366,-0.8578822502536685,0.2782448666127184,-0.5302457391129605,0.20541505630327192,0.44930591508607365,-0.13312671186148048,3
824,2024-09-25 22:40:30.945431885,0,018,-0.29086632962538533,0.0896711925742443,-0.9018723996377159,0.2517839617703431,-0.5262640626243142,0.20131352385622617,0.20462837860883046,-0.08563144624187537,3
825,2024-09-25 22:40:31.005487061,0,018,-0.2689928177924963,0.08454807012743148,-0.958726772915069,0.23117581258474335,-0.5146152782236888,0.1970002620645124,-0.028602105127676657,-0.03767304884522736,3
826,2024-09-25 22:40:31.067548096,0,018,-0.24493286165670014,0.08002204809756673,-1.0256075943432683,0.21697488420440394,-0.494638305178872,0.1924380891485252,-0.24541258150859893,0.00921849146873886,3
827,2024-09-25 22:40:31.148914062,0,018,-0.21962965907229234,0.07626852444606205,-1.0990022444016956,0.20933286660836253,-0.4661810009352003,0.18764783439472776,-0.4417535902604933,0.053586413544473244,3
828,2024-09-25 22:40:31.206304932,0,018,-0.19429897925250397,0.07347603442050386,-1.1750154396394101,0.20805263319565548,-0.42966845761728917,0.1827066916090729,-0.6141823539999735,0.0940484605788972,3
829,2024-09-25 22:40:31.282957031,0,018,-0.17030965734230905,0.07182519009998878,-1.2496830777945938,0.21265506784607197,-0.3860783207957106,0.17772906082914489,-0.7595144149152806,0.12929644254486053,3
830,2024-09-25 22:40:31.352381836,0,018,-0.1490971113057344,0.07148401274133434,-1.3192730239636792,0.22243685882356004,-0.336811615392099,0.17283585912929952,-0.874735683221314,0.15813887034004617,3
831,2024-09-25 22:40:32.288124023,0,018,-0.13210233783698275,0.07261576231876007,-1.3805473163711184,0.23651972681832714,-0.2834947959358554,0.16812400580183573,-0.9572075178519066,0.17957712892443303,3
832,2024-09-25 22:40:32.362687988,0,018,-0.12071456965843123,0.07538544394531876,-1.4309866087489522,0.25390606199387006,-0.2277915525548952,0.16364812236943913,-1.0050112734819716,0.19287843758954878,3
833,2024-09-25 22:40:32.430483154,0,018,-0.11621038965479553,0.07995601123098198,-1.4689421783977406,0.2735341889182059,-0.17128115881020983,0.15941777619220907,-1.017253658781285,0.1976222927825083,3
834,2024-09-25 22:40:32.487922852,0,018,-0.11968863523110644,0.0864743676722548,-1.4936187289357952,0.2943055857251633,-0.11539591789854566,0.1554032170200771,-0.9941597245956152,0.19370848551996347,3
835,2024-09-25 22:40:32.566004150,0,018,-0.1319934548239362,0.0950493512135375,-1.5048257811281311,0.31507008025637884,-0.06138410621543963,0.1515418657428724,-0.9368142600484358,0.1813133966981345,3
836,2024-09-25 22:40:32.626683105,0,018,-0.1536269030682023,0.1057234036715381,-1.5025813172328304,0.3345885043343586,-0.010277457186670107,0.1477421009898008,-0.8466130953447206,0.16080159653004814,3
837,2024-09-25 22:40:32.689214844,0,018,-0.184674350660213,0.11844379758919811,-1.486763792494069,0.3515172972057645,0.03715196195527039,0.14388237820298255,-0.7247771440722603,0.1326375962125315,3
838,2024-09-25 22:40:33.619600098,0,018,-0.2247639933449708,0.13304283726549032,-1.4569451548454797,0.36445225826989774,0.08044863529937916,0.13980708846616366,-0.5722963474980477,0.09734858233672741,3
839,2024-09-25 22:40:33.687431885,0,018,-0.2730541111342956,0.1492313319088601,-1.4123670463372946,0.37202922703147345,0.11951340559369891,0.13532679626154925,-0.39035086953122783,0.05556108955068782,3
840,2024-09-25 22:40:33.750683105,0,018,-0.32823127299601695,0.16660119056511766,-1.3519744427338805,0.3730487655804712,0.15458089441700068,0.13023024498495384,-0.18101200914504012,0.0081042955060717,3
841,2024-09-25 22:40:33.823044922,0,018,-0.38852715835521,0.1846327281715502,-1.2745389320081575,0.36660054238742584,0.18612092029064248,0.12430720831485458,0.05199702671331126,-0.04386052221970831,3
842,2024-09-25 22:40:33.890830078,0,018,-0.45178627828975176,0.20271031854006558,-1.1789739143567535,0.3521821735595907,0.21469674113801301,0.11737429021399608,0.30273494236239257,-0.09874998909765094,3
843,2024-09-25 22:40:33.958620117,0,018,-0.5156060274288351,0.22015460991513688,-1.0648408949650225,0.329795569243293,0.24083594944397696,0.10929538014893805,0.5629308989527659,-0.15455052223481183,3
844,2024-09-25 22:40:34.026441162,0,018,-0.577529506887061,0.23627227577494286,-0.9328862886411063,0.29997932664120225,0.26495762350134694,0.09999173255095647,0.8223579017454281,-0.2088774475187879,3
845,2024-09-25 22:40:34.966358887,0,018,-0.6352398905094759,0.2504120703389271,-0.7853704015698961,0.26374398498696244,0.2873600017817606,0.08944073673372456,1.069512484103762,-0.2590758025680087,3
846,2024-09-25 22:40:35.028358887,0,018,-0.686715879331572,0.26201249535968313,-0.6260163597975728,0.2224206740051155,0.3082336709502666,0.07766752358616663,1.2925079745842303,-0.30238380025966405,3
847,2024-09-25 22:40:35.090361084,0,018,-0.7303443164858014,0.2706338480970887,-0.4596051340188918,0.1774745974178781,0.32766137016248653,0.0647368791364454,1.4801474038540585,-0.3361852802846773,3
848,2024-09-25 22:40:35.173145996,0,018,-0.7650060979939501,0.2759773597753793,-0.2914022422957099,0.1303372348760104,0.3455990605028692,0.05074946688987435,1.6229930497324287,-0.3583103472765456,3
849,2024-09-25 22:40:35.230025146,0,018,-0.790141720552272,0.277898444020759,-0.1266092663703514,0.08228372411702492,0.36185998313996076,0.03583952513077081,1.7142195674076228,-0.36729515618934,3
850,2024-09-25 22:40:35.307298828,0,018,-0.8057800012310203,0.2764155420361324,0.030004274099573573,0.034364943155299706,0.37611894358957126,0.020169420082335583,1.7501426500000599,-0.3625273632426984,3
851,2024-09-25 22:40:35.376594971,0,018,-0.8125074832925708,0.2717079994775433,0.17420452516631213,-0.012595813797809169,0.3879442273602463,0.003919656305795252,1.7303309660974238,-0.3442489689350355,3
852,2024-09-25 22:40:36.319854004,0,018,-0.8113786008442837,0.2640989681659169,0.30221895327592874,-0.057939919845926995,0.3968651463063278,-0.012723207531024665,1.6572636506714162,-0.3134375623927747,3
853,2024-09-25 22:40:36.383298096,0,018,-0.8037865596266971,0.25402859060412336,0.41068638104593336,-0.10106508843562702,0.4024741139030177,-0.029575423031358333,1.535649524065338,-0.2716180712971706,3
854,2024-09-25 22:40:36.455551025,0,018,-0.791309760565159,0.24202388571764064,0.496763811933423,-0.1413136209539089,0.40453676942348393,-0.046456648520801454,1.3715735276588872,-0.22065608233113296,3
855,2024-09-25 22:40:36.521671143,0,018,-0.7755450176764203,0.2286650669548796,0.5583832774512304,-0.1779048854650872,0.4030662782521849,-0.06318103698447139,1.171605057270731,-0.1625706773834371,3
856,2024-09-25 22:40:36.591141846,0,018,-0.7579550289635963,0.21454630519469217,0.5945676649331333,-0.209944742749528,0.39832249835172806,-0.07954056406081529,0.94204697511144,-0.09939527476273896,3
857,2024-09-25 22:40:36.644813965,0,018,-0.739764950695657,0.2002360663110319,0.6057160647753843,-0.2365178809954262,0.390717259035885,-0.09528378556671305,0.6885231038795674,-0.033098763083061505,3
858,2024-09-25 22:40:36.726802979,0,018,-0.7219205418379461,0.18624849019857348,0.593808304817108,-0.25683948446385363,0.3806498167737303,-0.11009774160741845,0.41594892118812665,0.034445031070081275,3
859,2024-09-25 22:40:37.661677979,0,018,-0.7050936317674065,0.1730336679542709,0.5624492767936754,-0.27041569651310254,0.3683454482419814,-0.12360432518926,0.12873196084654762,0.10146343400326589,3
860,2024-09-25 22:40:37.723712891,0,018,-0.6897117520806414,0.16098228359854594,0.5166453121311326,-0.27715648116563874,0.35376530885543317,-0.13537598762949518,-0.16897169047601512,0.16628787804682846,3
861,2024-09-25 22:40:37.800918945,0,018,-0.6759889372065082,0.1504298011728655,0.46233441007608833,-0.2774096440613692,0.336600430234641,-0.14496568636300167,-0.47297904018470005,0.22737170079052815,3
862,2024-09-25 22:40:37.873356201,0,018,-0.663944654931797,0.1416489167894836,0.40585749831709095,-0.2719215620811119,0.3163315058202079,-0.15194396420966505,-0.7787332150811462,0.28332787727154934,3
863,2024-09-25 22:40:37.939759033,0,018,-0.6534180941875499,0.1348328386723637,0.35354231515652107,-0.2617555883501833,0.29233918527628633,-0.15593712187029746,-1.080925561640788,0.33297399050306425,3
864,2024-09-25 22:40:38.002491943,0,018,-0.6440925560296211,0.13008006599060581,0.31143288990781265,-0.2481999930682912,0.2640495989134695,-0.15665990139906677,-1.373254277518667,0.3753788195608207,3
865,2024-09-25 22:40:38.076770020,0,018,-0.6355347200086264,0.12738765200315644,0.28509725985184464,-0.23267406865898652,0.2310951725121937,-0.15393944676895444,-1.6485082491002228,0.4099209982078724,3
866,2024-09-25 22:40:38.994956055,0,018,-0.6272429365846184,0.12665155378322637,0.27940998432143255,-0.21662093023892584,0.1934568793810373,-0.14773062081290841,-1.899057748738897,0.4363575082630618,3
867,2024-09-25 22:40:39.051812988,0,018,-0.6186900026549744,0.12766784240544157,0.2982296256833424,-0.20138597483852716,0.15153732406881648,-0.13812045063945258,-2.1176501712855575,0.4548726208771778,3
868,2024-09-25 22:40:39.130652832,0,018,-0.6093398637268461,0.13013171331942858,0.34397491046895695,-0.1881003999697936,0.10614248211984331,-0.12532075246584168,-2.2982550857158555,0.46607450830743813,3
869,2024-09-25 22:40:39.191030029,0,018,-0.5986287740724899,0.13363966913743275,0.41717899343666875,-0.17758350066482032,0.058410702105125306,-0.10965461287819894,-2.4367139259758974,0.47093422957970643,3
870,2024-09-25 22:40:39.266354004,0,018,-0.5859312671217259,0.13770455550845997,0.5161265876246075,-0.17026032686887901,0.009741097568061583,-0.09154259380893164,-2.531044445594793,0.470682391401126,3
871,2024-09-25 22:40:39.329837158,0,018,-0.5705474600572054,0.14178624049224275,0.636684783143041,-0.16609599625984003,-0.038267045300622575,-0.07148867529777582,-2.581282865150791,0.46666581992542805,3
872,2024-09-25 22:40:39.391045898,0,018,-0.5517267690765632,0.14532864682452212,0.772436440281797,-0.16457167008412432,-0.08388224287813921,-0.05006349757259985,-2.58886530356668,0.4601635707679927,3
873,2024-09-25 22:40:40.336546875,0,018,-0.5287159204719672,0.14779237176534266,0.9151726398543066,-0.1647398352161895,-0.12533287026388254,-0.027883523357056777,-2.555783262299081,0.45219114770193003,3
874,2024-09-25 22:40:40.412352051,0,018,-0.5008220798635095,0.14868330251839296,1.0556777067151253,-0.1653699983478297,-0.1609303141997625,-0.005585154849722171,-2.4837928079428426,0.4433329894962794,3
875,2024-09-25 22:40:40.480148193,0,018,-0.4674912073792992,0.1475828412371866,1.1846320733031963,-0.1651449671523969,-0.189220346439198,0.01620669076731234,-2.3738330015200595,0.4336345708728554,3
876,2024-09-25 22:40:40.536847900,0,018,-0.4283895345434501,0.14417654832811777,1.2934585043600062,-0.16284276505340092,-0.20914893621680497,0.03691363631835974,-2.2258266531784305,0.4225995179992324,3
877,2024-09-25 22:40:40.614048096,0,018,-0.3834693630400093,0.13827246869369306,1.374996130667322,-0.15745783194249735,-0.22021924365597992,0.056037793403626135,-2.039077047371825,0.4093308818479422,3
878,2024-09-25 22:40:40.675611084,0,018,-0.3330149965529605,0.12980777949899514,1.4239407352696944,-0.14825697851482417,-0.22260025035986505,0.07318840576157762,-1.813212214741657,0.39277606151521244,3
879,2024-09-25 22:40:40.751485107,0,018,-0.2776658090878717,0.11884831414582722,1.437080450083253,-0.13480459216119708,-0.21713895551871248,0.08809497956036841,-1.5492858098065965,0.37196770731715156,3
880,2024-09-25 22:40:41.694508057,0,018,-0.21839785764084602,0.10558151184918081,1.4134187490948387,-0.11699431674276067,-0.20525673513740095,0.10060277589258317,-1.2506610790526318,0.3461982495392676,3
881,2024-09-25 22:40:41.749943115,0,018,-0.1564560546229392,0.09030035579489995,1.3541853040526035,-0.09508522561612952,-0.18875601660123775,0.11065086053160327,-0.9235387132165299,0.3151497620381003,3
882,2024-09-25 22:40:41.827560791,0,018,-0.09326175943191538,0.07338095732528009,1.2626354003588576,-0.06971759094692762,-0.16959062140291725,0.11823861348673181,-0.5770761793599142,0.27900653227363015,3
883,2024-09-25 22:40:41.890033936,0,018,-0.030327945609262632,0.05526163752873817,1.1436276152836395,-0.04190924505759939,-0.14966127438361962,0.12339242809365743,-0.2230306712431761,0.2385276269070811,3
884,2024-09-25 22:40:41.965914062,0,018,0.030804940667049526,0.03642883399438746,1.0031088488265447,-0.013048191856290883,-0.1306834667339243,0.12614567634852028,0.12512588373616038,0.19502267122815545,3
885,2024-09-25 22:40:42.028938965,0,018,0.08861266381130585,0.017407897265562546,0.8476191347944604,0.015139892406822205,-0.11413297552853736,0.12653686998730412,0.4535793815465769,0.15018643206444818,3
886,2024-09-25 22:40:42.091423096,0,018,0.14161765349815753,-0.001248132936853964,0.6838217912879172,0.04070173813655997,-0.10123197968389329,0.12461809946432927,0.7497257163592753,0.10582338345332318,3
887,2024-09-25 22:40:43.044577881,0,018,0.18842240369091837,-0.01897784099541364,0.5180188234723346,0.061667551115758695,-0.09292660337700454,0.12046074217787463,1.0033763944695349,0.06357471058201968,3
888,2024-09-25 22:40:43.112422119,0,018,0.22776231910188724,-0.03523910847689377,0.3556295164777917,0.07632956812536171,-0.08982582481548275,0.11415228152741232,1.2073313348095498,0.024740961279096484,3
889,2024-09-25 22:40:43.180289062,0,018,0.2585812693932715,-0.04953959821727099,0.20066465931615268,0.08352252764382025,-0.09210753194974773,0.10578833363246334,1.3574871139799811,-0.009794413048432975,3
890,2024-09-25 22:40:43.248095947,0,018,0.2801171869268378,-0.061463585970901555,0.055339861405381566,0.08283555872225953,-0.09943533851787376,0.09546889407155769,1.4527454827270894,-0.039572278579189865,3
891,2024-09-25 22:40:43.315944824,0,018,0.29197593460962434,-0.07069161419527709,-0.07999610889850373,0.07470204150305468,-0.1109477986017893,0.08330645731151831,1.4947823169105288,-0.06451016525555493,3
892,2024-09-25 22:40:43.376733154,0,018,0.29417417661999573,-0.07701224649306505,-0.2066236773947072,0.06035864050102901,-0.12535291308414062,0.06944701097801723,1.4876494287802233,-0.08480666745356719,3
893,2024-09-25 22:40:43.440736084,0,018,0.2871476709947723,-0.08032667543019789,-0.32705563977546376,0.041701633238026316,-0.1410942693586565,0.05409458601175031,1.4372624554694657,-0.10081894098249111,3
894,2024-09-25 22:40:44.385513184,0,018,0.2717322408180668,-0.08064698662627667,-0.4445160660737474,0.021069673107537414,-0.1565157188108311,0.037525114089888,1.3508607814460578,-0.11294929717998266,3
895,2024-09-25 22:40:44.463125000,0,018,0.24911682973730356,-0.07808807841134464,-0.5622492901705045,0.0009854281335190055,-0.16998292799718098,0.02008265516519273,1.2364562913353996,-0.12156587841959396,3
896,2024-09-25 22:40:44.524367188,0,018,0.22076578910512173,-0.07285394642711435,-0.6827752116658086,-0.01609413736177929,-0.17997858638907738,0.0021620196398817594,1.1022587967452473,-0.12695447591771467,3
897,2024-09-25 22:40:44.586898193,0,018,0.188324841157954,-0.0652216958348902,-0.8073094721041738,-0.027987650076959723,-0.18520331705180365,-0.015815112682429393,0.9561475011954415,-0.12930226777379497,3
898,2024-09-25 22:40:44.666627930,0,018,0.15353444529421292,-0.055527980997259675,-0.9354227808898061,-0.03297273781767335,-0.18468227728376185,-0.03342728949436848,0.8053117286180527,-0.12873416219022266,3
899,2024-09-25 22:40:44.726470947,0,018,0.11815812742998694,-0.04415932050772957,-1.0648511815650887,-0.029958513413793728,-0.17785005181099212,-0.05028281999672174,0.6560565282006926,-0.12539687949998515,3
900,2024-09-25 22:40:44.788505127,0,018,0.08391089786473267,-0.031541940201707586,-1.191387758159797,-0.018626418855210092,-0.1645953277516645,-0.06604779510272075,0.5136045201253405,-0.11954147683708782,3
901,2024-09-25 22:40:45.720351074,0,018,0.05237402122868092,-0.01812579522951271,-1.30893390819335,0.0005012227330837874,-0.14527393547089185,-0.08046451860295081,0.38182707935610644,-0.11156531257641542,3
902,2024-09-25 22:40:45.786277100,0,018,0.024912971253361137,-0.0043644293356226984,-1.4099014674715908,0.02609931120051371,-0.12070507924719735,-0.09335603878964463,0.263109023486652,-0.10202332593750804,3
903,2024-09-25 22:40:45.848653076,0,018,0.002636937786185551,0.009300475560616793,-1.4860920923038978,0.05619621301663582,-0.09213910000284456,-0.10462219630302184,0.15857256330923056,-0.09163688561401807,3
904,2024-09-25 22:40:45.923842041,0,018,-0.013592677351134834,0.022444437342981738,-1.5299326075914557,0.08841964272901524,-0.0611651188843602,-0.11423635593521735,0.06859511778480185,-0.08130440472722761,3
905,2024-09-25 22:40:45.986912109,0,018,-0.02315145899399905,0.034661707788073585,-1.5357110248765775,0.12026946366348398,-0.02954789348675169,-0.12224657604090358,-0.0066833288866378696,-0.07208747093938453,3
906,2024-09-25 22:40:46.059485840,0,018,-0.025681381923767548,0.04557361270887766,-1.5004493675056811,0.14935513726023084,0.0009764884924003933,-0.12877762839798695,-0.06709934440475816,-0.06513741177411807,3
907,2024-09-25 22:40:46.127344971,0,018,-0.021135486918787066,0.05484429279027963,-1.4242373163966193,0.1735651919754265,0.028895635230985026,-0.1340270556367756,-0.11244532458866448,-0.06154889920311757,3
908,2024-09-25 22:40:47.070240967,0,018,-0.009775788904994314,0.06219313679064318,-1.3100483737100572,0.1911732262520654,0.0530690274991504,-0.13825173865451232,-0.14254424077722172,-0.062173413527026176,3
909,2024-09-25 22:40:47.132913086,0,018,0.007896259444457014,0.06739484498726286,-1.1632041177109065,0.20091049376962664,0.07281892801275794,-0.14174728418558669,-0.15730606560718632,-0.06746596808283471,3
910,2024-09-25 22:40:47.194030029,0,018,0.031240093325774862,0.07026994459531538,-0.9907394321405932,0.20203022703406362,0.08795993572062775,-0.1448229582643161,-0.15675121553599633,-0.07742365720139588,3
911,2024-09-25 22:40:47.273787109,0,018,0.05956010999897121,0.07067747554461588,-0.8008395473143958,0.1943585440080278,0.09875457711219207,-0.14777122618172436,-0.1411082923097976,-0.09160031090068904,3
912,2024-09-25 22:40:47.341576172,0,018,0.09215246382373404,0.06851896046370279,-0.6023207475459059,0.17830780168306182,0.10579719953278116,-0.1508325517947649,-0.11113757666060693,-0.10913214458584077,3
913,2024-09-25 22:40:47.394527832,0,018,0.1283192239451986,0.06375137669673256,-0.40409025801211623,0.15484115861522582,0.10986595637919004,-0.15416430330883918,-0.06866598599490756,-0.12874796979202913,3
914,2024-09-25 22:40:47.477178955,0,018,0.16735733971928562,0.056399363422788715,-0.21464067161509845,0.12539741852461703,0.11179872882062349,-0.15782647610765885,-0.017113420557227515,-0.14879984821769934,3
915,2024-09-25 22:40:48.414946045,0,018,0.20851738060827105,0.04656188789497327,-0.04162455492831234,0.09178480032745469,0.11241671965757408,-0.1617880359943995,0.038231636539859705,-0.16735491849208498,3
916,2024-09-25 22:40:48.488342041,0,018,0.2509359610576198,0.034416741555901464,0.10856718811080485,0.056042514040201136,0.11247555548743175,-0.16594484824000588,0.09039037679641856,-0.1823624956207602,3
917,2024-09-25 22:40:48.556107910,0,018,0.29357970002611383,0.020225080832523334,0.2312696005658885,0.020275408205236253,0.11262377987616722,-0.17013841010742983,0.1314814974173616,-0.19189022751369103,3
918,2024-09-25 22:40:48.615272949,0,018,0.33524838333493506,0.004331374356762293,0.3239526069431149,-0.013520647795649283,0.11337680638282313,-0.174172677000006,0.15402496252819314,-0.19438671454084058,3
919,2024-09-25 22:40:48.691709961,0,018,0.3746479801097464,-0.012846925657603172,0.3864490062915858,-0.04362911448051333,0.11511070816108088,-0.17783106173357435,0.15231901614903162,-0.18889193202842,3
920,2024-09-25 22:40:48.754030029,0,018,0.410500111594275,-0.030838696136900733,0.42094612843970675,-0.0687709498667573,0.11805605901010018,-0.18089400898528152,0.12336666144079754,-0.17513486411691284,3
921,2024-09-25 22:40:48.815200195,0,018,0.4416460510807316,-0.04914060368995442,0.4317380812174929,-0.08823006712231138,0.12228591373671359,-0.18315666421900173,0.06706813136825905,-0.15350755090569282,3
922,2024-09-25 22:40:49.745120117,0,018,0.4671250161664045,-0.06723727191357906,0.4247861696949387,-0.10191464021115966,0.12773016096392353,-0.18444799445702728,-0.014318220681823245,-0.12492700662349272,3
923,2024-09-25 22:40:49.805731934,0,018,0.4862239802379118,-0.0846234469791602,0.40718538336776794,-0.11033770995173228,0.13424680533483235,-0.1846517342038054,-0.1172489339388848,-0.09060672923652487,3
924,2024-09-25 22:40:49.867762939,0,018,0.4984934179421593,-0.10083089519369651,0.38663231659539277,-0.11452838485951584,0.14172836183668477,-0.18372401480864217,-0.23814271353164376,-0.05179627400197605,3
925,2024-09-25 22:40:49.944969971,0,018,0.503721659582548,-0.1154552740840821,0.37091019877183545,-0.11589705004434223,0.15018076210529904,-0.18170062660990235,-0.3743601418650294,-0.00957598748880376,3
926,2024-09-25 22:40:50.015897949,0,018,0.5018813177318234,-0.12817464357804378,0.36730969983882295,-0.11607219454889191,0.1597379207512193,-0.17869382230298175,-0.5245927359401495,0.03523286391301267,3
927,2024-09-25 22:40:50.083709961,0,018,0.49308541500364916,-0.13875732937786894,0.3819344052213871,-0.11672437699929925,0.1706282776770134,-0.1748845238392517,-0.6886193810366995,0.0820394120732462,3
928,2024-09-25 22:40:50.145258789,0,018,0.47758597315384066,-0.1470660921531446,0.4190030378232106,-0.1194000433620011,0.18311905681549484,-0.17051249370970042,-0.8666053619076153,0.13036727160642494,3
929,2024-09-25 22:40:51.094584961,0,018,0.4558119705153498,-0.15306673854282382,0.48036302391518965,-0.1253891571352083,0.19744318100330302,-0.1658619545181961,-1.0581626568882458,0.17969268083607245,3
930,2024-09-25 22:40:51.162437988,0,018,0.4284102295294091,-0.15683955543651237,0.5653737059741798,-0.13563768146715116,0.21371799736093508,-0.16124116837916902,-1.2614158829005744,0.22929079091576043,3
931,2024-09-25 22:40:51.229545898,0,018,0.39626029913705824,-0.1585832264792547,0.6711866341976682,-0.1506986871684979,0.23188874272692547,-0.1569588338277241,-1.472363169704646,0.27814771357644336,3
932,2024-09-25 22:40:51.282936035,0,018,0.360471453439075,-0.15860501980566832,0.7933391602581915,-0.17071497248257197,0.2517294860926064,-0.1533022758270925,-1.6847533230395921,0.3249688309701691,3
933,2024-09-25 22:40:51.365865967,0,018,0.3223815515409813,-0.1573016705633998,0.9265024698975695,-0.1954382897239023,0.27290487378294925,-0.15052166946102616,-1.8905597214173093,0.3682778381012328,3
934,2024-09-25 22:40:51.422141113,0,018,0.2835482978008864,-0.1551371787078557,1.065182320309317,-0.22428350118663093,0.29506386623043723,-0.14882253104736673,-2.080986086784308,0.40657623900340617,3
935,2024-09-25 22:40:51.501504882,0,018,0.24570242367236242,-0.15261620272876697,1.2042084905828527,-0.256393635993591,0.31792030705927743,-0.14836511431229799,-2.247759157784274,0.4385187195882436,3
936,2024-09-25 22:40:52.443185059,0,018,0.21065181785949133,-0.1502492994213693,1.3389655420812188,-0.290689777380186,0.3412852396861361,-0.1492665359835216,-2.384322817987925,0.4630613353156569,3
937,2024-09-25 22:40:52.511936035,0,018,0.18015495928020187,-0.14851375784331353,1.4654028682231863,-0.32589908133512635,0.3650471079811632,-0.15160303445987244,-2.486559532026627,0.479552247951503,3
938,2024-09-25 22:40:52.566323975,0,018,0.15578993595249677,-0.14781969010188464,1.5798723988401737,-0.3605725473934736,0.3891198044349251,-0.15541231063754038,-2.552868207152617,0.4877517599384724,3
939,2024-09-25 22:40:52.643579102,0,018,0.13884028988791247,-0.14848729167532648,1.678875900761932,-0.3931165924820855,0.4133818468088644,-0.1606960180111833,-2.5837757078870607,0.4877992646999374,3
940,2024-09-25 22:40:52.705087891,0,018,0.13021482563304695,-0.1507344315006332,1.7589239960692011,-0.4218713793433281,0.4376296193781319,-0.1674227572967089,-2.581461628024367,0.4801654307938667,3
941,2024-09-25 22:40:52.767575928,0,018,0.1304150133340378,-0.15467431601825965,1.8167501396200596,-0.44525750808255504,0.461570597449263,-0.17553239879652707,-2.5494034874405793,0.46559985788040026,3
942,2024-09-25 22:40:52.845433838,0,018,0.1395477880748104,-0.16032715001795247,1.849894151832066,-0.46196899295217597,0.4848689908869705,-0.18494103185350413,-2.4920764215934543,0.44505158102650705,3
943,2024-09-25 22:40:53.788852051,0,018,0.15735342662441298,-0.16764472376167522,1.8573702356495443,-0.47115420318584833,0.5072141194212322,-0.195543137301151,-2.4145743270262416,0.4195595860895989,3
944,2024-09-25 22:40:53.862032959,0,018,0.18321655654974292,-0.17653634735330995,1.8400965623005119,-0.47253374167683604,0.5283514062447268,-0.2072063067936359,-2.3220857432642705,0.39014420627902086,3
945,2024-09-25 22:40:53.929855957,0,018,0.21616914569373344,-0.186885075428311,1.8009257710692828,-0.46642517177897996,0.5480504075459682,-0.21975775885558926,-2.219249153365337,0.357726957650326,3
946,2024-09-25 22:40:53.988854004,0,018,0.25492465835977696,-0.19855503185506956,1.7442570700081994,-0.45366126046903565,0.5660507658178254,-0.23296973417109618,-2.1094751769970985,0.3230783194947754,3
947,2024-09-25 22:40:54.049922119,0,018,0.2979632106529049,-0.21139747722506178,1.675325393153497,-0.43542424685833914,0.5820422804946825,-0.24655336540595385,-1.994317840899156,0.2867743644284526,3
948,2024-09-25 22:40:54.133333984,0,018,0.34364821864309103,-0.22525729433879801,1.5993777122292638,-0.41305855267628805,0.5956911606104078,-0.26016435624656814,-1.8729970992621792,0.24915324887288617,3
949,2024-09-25 22:40:54.201092041,0,018,0.39033809061850366,-0.23997365387491287,1.5209840710707045,-0.38792554692030684,0.6066839060704702,-0.27341700570299665,-1.7422488563993561,0.2102902468482399,3
950,2024-09-25 22:40:55.140273193,0,018,0.43647032782279344,-0.2553713728853768,1.4436590170808479,-0.3613255856220883,0.6147632570154752,-0.28590236522884643,-1.5966722967500957,0.17002503322729548,3
951,2024-09-25 22:40:55.212764893,0,018,0.4806183692969827,-0.27124890159578513,1.3698428470075135,-0.3344746326230148,0.6197558213286559,-0.29720974799696115,-1.4295545691368294,0.1280524591395828,3
952,2024-09-25 22:40:55.279673096,0,018,0.5215306811325237,-0.2873727130598921,1.3011649512622248,-0.3085124799439604,0.6215976976166983,-0.3069534370410725,-1.2338679870923088,0.08403843623839574,3
953,2024-09-25 22:40:55.348335938,0,018,0.5581600604751285,-0.3034829629377369,1.2388116157071405,-0.2845236156760761,0.6203508567870155,-0.31480417387629744,-1.0030993375628,0.03771109188458849,3
954,2024-09-25 22:40:55.416146973,0,018,0.5896899003570555,-0.3193067623095224,1.1838051955924236,-0.26355381891128743,0.6161974332031565,-0.3205189113445755,-0.7319468353873234,-0.011063265776798796,3
955,2024-09-25 22:40:55.480401123,0,018,0.6155609181053326,-0.33457046201282614,1.1371016859095566,-0.24661031262891597,0.6094117878915777,-0.32396009041012935,-0.417204863817978,-0.062166604127646824,3
956,2024-09-25 22:40:55.551781982,0,018,0.6354940953815829,-0.34900552188759953,1.0995251977414895,-0.2346377398869735,0.6003238661070754,-0.3251011093159131,-0.05887845809540467,-0.11507983027991399,3
957,2024-09-25 22:40:56.469896973,0,018,0.649496125073603,-0.36234920546505744,1.071569420023231,-0.22845589163792426,0.589280967806015,-0.3240200954419649,0.33886344744758984,-0.16877495732820888,3
958,2024-09-25 22:40:56.537763184,0,018,0.6578277969792016,-0.37434301510649076,1.0530615331238797,-0.22864155021546576,0.5765982739581985,-0.32088399858982636,0.7673010048235338,-0.2217133873409761,3
959,2024-09-25 22:40:56.595403809,0,018,0.6609227306105738,-0.3847284821662511,1.042726091594356,-0.23535998717002385,0.5624935981015672,-0.3159250519483729,1.2134788535553398,-0.2719519105554262,3
960,2024-09-25 22:40:56.657891113,0,018,0.6592675329718454,-0.39323987856943715,1.0377992269316594,-0.24819136923612842,0.5470287528841166,-0.30941482049013025,1.6611410031936054,-0.3173269558050735,3
961,2024-09-25 22:40:56.741076904,0,018,0.653275794976568,-0.39959881369014577,1.0338849511895412,-0.26601751299260107,0.530095117408767,-0.30164185835201524,2.092056240128218,-0.35568131355292987,3
962,2024-09-25 22:40:56.808889893,0,018,0.6431834344911804,-0.4035164908165773,1.025140297878819,-0.2870182428001843,0.5114587352077847,-0.2928940639318368,2.487435329820687,-0.3850885976128923,3
963,2024-09-25 22:40:56.873399902,0,018,0.6289788490554165,-0.4047027198175835,1.00472192039341,-0.3087848343400254,0.49083263323779736,-0.28344069122851,2.8292288252104094,-0.4040352212743429,3
964,2024-09-25 22:40:57.820030029,0,018,0.610385111291993,-0.40287885864720396,0.9653581901537436,-0.3285198037904863,0.46792581944450606,-0.2735101879759216,3.101273296422086,-0.4115483952616683,3
965,2024-09-25 22:40:57.884329102,0,018,0.5869081001818561,-0.397796470133173,0.8999593555270222,-0.3432838367123159,0.44245486030095854,-0.2632687987012946,3.290339747024538,-0.4072814726518461,3
966,2024-09-25 22:40:57.955717041,0,018,0.5579335960812586,-0.38926252192843164,0.8022547027312109,-0.35026187530859754,0.41414634765846575,-0.25281008853709375,3.3870742504874176,-0.3915615910822015,3
967,2024-09-25 22:40:58.012293945,0,018,0.5228387040247927,-0.3771652531585917,0.6674474361103634,-0.34702558693302776,0.3827586193966539,-0.2421598752924596,3.386705917048908,-0.36538832684117567,3
968,2024-09-25 22:40:58.091335938,0,018,0.48110415296697034,-0.36149329826147064,0.4928394798274409,-0.33176813747496414,0.3481176199243868,-0.23128973968874353,3.2893557871951873,-0.33036915561420116,3
969,2024-09-25 22:40:58.146469971,0,018,0.43243715693203005,-0.3423470516327605,0.2783750799542585,-0.3034887823776803,0.3101407581986684,-0.22012779295397827,3.09988456136075,-0.2885906581935071,3
970,2024-09-25 22:40:58.224579102,0,018,0.37690255553993934,-0.3199468108751716,0.027028650265855724,-0.26210723305737954,0.26884236419405255,-0.20856389446905077,2.827382673419269,-0.24244307607397766,3
971,2024-09-25 22:40:59.168822998,0,018,0.31502584721560406,-0.2946383885591596,-0.25509501153161646,-0.2084939135181221,0.22434220773221014,-0.19645741873153252,2.4844984609367162,-0.19442928092677747,3
972,2024-09-25 22:40:59.230405029,0,018,0.24782290323766726,-0.2668896549495134,-0.5590406545838302,-0.14441910454984305,0.17689118688119818,-0.18365477977860506,2.086816862437982,-0.1470013679996449,3
973,2024-09-25 22:40:59.306358154,0,018,0.17674702922488136,-0.23727374386319622,-0.873614951734224,-0.07243797518119878,0.12690547055037826,-0.1700142541144233,1.6524161793338177,-0.10246463214023231,3
974,2024-09-25 22:40:59.374281006,0,018,0.10358197561344032,-0.206443762876021,-1.1862058436271217,0.00427876493177146,0.07500202754340672,-0.15543070468590578,1.2015082980676763,-0.0629422513940349,3
975,2024-09-25 22:40:59.430260986,0,018,0.0303078514793009,-0.17510621344900443,-1.4837147660624428,0.08217505111387086,0.022037284028241046,-0.1398549880397617,0.7559040988446557,-0.03034574143865345,3
976,2024-09-25 22:40:59.507399902,0,018,-0.04105273739634177,-0.14399361593269314,-1.753547050229839,0.1576033441745339,-0.03086761955011905,-0.12330466715733947,0.33809018403358515,-0.0063101427619698305,3
977,2024-09-25 22:40:59.569458008,0,018,-0.1085965082332425,-0.11383210398984953,-1.9845974325748497,0.22715480091719795,-0.08234859969747525,-0.10586344117064031,-0.03018142408671698,0.007904704104213725,3
978,2024-09-25 22:41:00.506495117,0,018,-0.1706754552398791,-0.0853046128489314,-2.168113287206749,0.2879635506687573,-0.13087761732302333,-0.08767041692742666,-0.3297281005981086,0.011534780776080545,3
979,2024-09-25 22:41:00.583676025,0,018,-0.22597276650710066,-0.05901820321145373,-2.2982576153396113,0.3379159074860717,-0.17487509575435456,-0.06890533799514373,-0.5458314244940767,0.004439749490968412,3
980,2024-09-25 22:41:00.650666992,0,018,-0.27351127435142414,-0.03548420563029813,-2.37224942551037,0.3757329090774786,-0.2128287712850992,-0.04977781659560773,-0.6696359030618497,-0.01279574051899447,3
981,2024-09-25 22:41:00.708091064,0,018,-0.31261080985935574,-0.015111821061003257,-2.390152793429604,0.40095400161860373,-0.243407624390046,-0.03052476204572698,-0.698732755170085,-0.03882379992119182,3
982,2024-09-25 22:41:00.785257079,0,018,-0.34281946983281014,0.0017921380592427392,-2.3545444913791833,0.4138794946414369,-0.26556819079216226,-0.011412652280118122,-0.6370388078060999,-0.07157698147063182,3
983,2024-09-25 22:41:00.859266113,0,018,-0.3638439256184017,0.015025083943472376,-2.2702658772849773,0.41550416543532936,-0.27864953156081296,0.007262213229184878,-0.49423060094396676,-0.10840100341072154,3
984,2024-09-25 22:41:00.924520996,0,018,-0.37549702348889546,0.02449306852948119,-2.144265627178328,0.407426465457465,-0.28244833668019137,0.025179701184441957,-0.28485319224339517,-0.14627004810921693,3
985,2024-09-25 22:41:01.845263916,0,018,-0.37767697066356176,0.030214265372286445,-1.985337667848762,0.391699565697087,-0.27725797690457,0.042009411226153655,-0.027093185292609408,-0.18205873405763115,3
986,2024-09-25 22:41:01.913040039,0,018,-0.37039140535944226,0.032319866858517676,-1.803550847444156,0.3706157007595592,-0.2638539757038215,0.0574306807996337,0.2587843339710341,-0.2128388941085351,3
987,2024-09-25 22:41:01.980864990,0,018,-0.35381603174315246,0.031051255234441084,-1.6093423734976473,0.3464495977961822,-0.24342303511778757,0.07115351529909396,0.5522043065785284,-0.23616770939564155,3
988,2024-09-25 22:41:02.034264160,0,018,-0.32834119328422395,0.02674848512786062,-1.4124407578589886,0.3211984258762945,-0.21744382362879583,0.08293303750656011,0.8339780866365525,-0.2503239942261528,3
989,2024-09-25 22:41:02.116090088,0,018,-0.29456422457663123,0.019824839637034977,-1.2208859360511217,0.296358866481571,-0.1875225999569487,0.09257341578934997,1.08771414847166,-0.25445955455475383,3
990,2024-09-25 22:41:02.184327881,0,018,-0.2532381289644443,0.010729531768991251,-1.0404107293333662,0.27279444224670424,-0.15520304913059407,0.09992320439767541,1.3009552364597126,-0.2486646282160391,3
991,2024-09-25 22:41:02.251050049,0,018,-0.20522508630758785,-9.125629792465383e-05,-0.8743397178316245,0.2507360720673808,-0.12181197300728355,0.10486946740719237,1.4660550519183053,-0.23395155676823107,3
992,2024-09-25 22:41:03.189165039,0,018,-0.1514833794707645,-0.012224082988909748,-0.723982118973919,0.22990842292027133,-0.08839821144600016,0.10733775882735593,1.5805932107753204,-0.21214144987687558,3
993,2024-09-25 22:41:03.250885986,0,018,-0.09307354042630565,-0.025304712304911013,-0.5893553418685217,0.2097304356059184,-0.05575657337417008,0.10729821211061613,1.6471191758056654,-0.18565151308653455,3
994,2024-09-25 22:41:03.328082031,0,018,-0.031157509212217733,-0.039025418767060054,-0.4700102418614196,0.18952951475798865,-0.024481571031236597,0.10477192574702063,1.6722531409503798,-0.1572218357358575,3
995,2024-09-25 22:41:03.389657959,0,018,0.03301366434233131,-0.05313899503255128,-0.365692043649851,0.16871929752707945,0.004993357750228904,0.09983092214955151,1.6653339981525708,-0.12963295502827352,3
996,2024-09-25 22:41:03.466079102,0,018,0.09810939929507866,-0.06745961431199592,-0.2766243029571123,0.1469118976318638,0.032378351141237,0.09258959897283608,1.636827137398684,-0.10543913030465973,3
997,2024-09-25 22:41:03.533896973,0,018,0.162723170359731,-0.08185636240160497,-0.20339837677638467,0.12396230687092429,0.057511708524809996,0.08319383658554898,1.5967508284142675,-0.08672285329635013,3
998,2024-09-25 22:41:03.590262939,0,018,0.22539246983809055,-0.0962394361128094,-0.1466505734747262,0.09996550924913146,0.08032829361118898,0.07181699923704644,1.5533945617647704,-0.07489079833081357,3
999,2024-09-25 22:41:04.544835205,0,018,0.2846599012599728,-0.11054505353959307,-0.10675480846737996,0.07523924855464144,0.10081078427054721,0.05866520037802779,1.5124287448908593,-0.07054489616268485,3
1000,2024-09-25 22:41:04.598707031,0,018,0.3391679884616005,-0.12472274289179082,-0.08366851540261473,0.05031395601094425,0.11893211197452236,0.04398643329343159,1.4763378064699801,-0.07344100784067469,3
1001,2024-09-25 22:41:04.675447021,0,018,0.3877481016422618,-0.1387211322732042,-0.07695245707211659,0.02591791263686968,0.13460165153978249,0.02807752366525237,1.4442032205206439,-0.08252538774065767,3
1002,2024-09-25 22:41:04.737458984,0,018,0.4294687722467457,-0.1524684094025589,-0.08588375634220805,0.0029264392168309437,0.1476333084819417,0.011285911683392933,1.4120046335235787,-0.0960529778659646,3
1003,2024-09-25 22:41:04.815126953,0,018,0.46364081253550693,-0.16585232268219557,-0.10951068720593587,-0.01773940082763648,0.15774951388603795,-0.005995368265682129,1.3735005234129736,-0.11180517965598065,3
1004,2024-09-25 22:41:04.876729004,0,018,0.48980155075810233,-0.1787090217743641,-0.14652155910789053,-0.03524977798073332,0.16462536754968704,-0.023342469851359172,1.321511977480144,-0.1273891705893604,3
1005,2024-09-25 22:41:04.938779053,0,018,0.5077044885814275,-0.19082504140790416,-0.19496072552856936,-0.049003466470236096,0.16797525814823805,-0.04032896262257688,1.2493276450855524,-0.14055381290423274,3
1006,2024-09-25 22:41:05.880091064,0,018,0.5173248390065865,-0.20195027001825389,-0.2519976793553721,-0.05872199343669079,0.16767542600629048,-0.056566216081127746,1.1520206330678957,-0.14946512083297753,3
1007,2024-09-25 22:41:05.963386963,0,018,0.5188663163995669,-0.21181725525746728,-0.3139442918716271,-0.06447432070929403,0.16388710124076095,-0.07174630534097623,1.027519089837096,-0.15291829863549178,3
1008,2024-09-25 22:41:06.018377930,0,018,0.5127477494358571,-0.22016195873515856,-0.37656773097559926,-0.0666394910262218,0.15712631390471,-0.0856749972138663,0.8771795554280585,-0.15046277764894037,3
1009,2024-09-25 22:41:06.096064941,0,018,0.4995714117167991,-0.22674188949480864,-0.43561633669328653,-0.06583198029568937,0.1482463503188495,-0.09828673299160799,0.7056388735793869,-0.14240905757254957,3
1010,2024-09-25 22:41:06.166788086,0,018,0.48009987933102105,-0.2313507035140942,-0.48735031233489545,-0.06282025595861934,0.13833760596917552,-0.10963951490022178,0.5200538377322751,-0.1297182041377351,3
1011,2024-09-25 22:41:06.234633057,0,018,0.45525685346761935,-0.233831417297141,-0.528834435022421,-0.05846678237926822,0.12858133322848667,-0.11989359001476532,0.3291461049636342,-0.11382395610624572,3
1012,2024-09-25 22:41:06.296490967,0,018,0.4261278004973228,-0.23408911776019403,-0.5579213970832253,-0.053692814208466104,0.12011101954595112,-0.12928286863305707,0.1424111930221153,-0.09645249650061494,3
1013,2024-09-25 22:41:07.220128906,0,018,0.39392555327532786,-0.23210190029793074,-0.5730263340581352,-0.04945347408045143,0.11391816006693402,-0.1380863763406641,-0.03047506931743292,-0.07946385585467902,3
1014,2024-09-25 22:41:07.287938232,0,018,0.3599228211787454,-0.22792996526275322,-0.5728292212000209,-0.04671289647788842,0.11079158238509422,-0.14659988777432317,-0.18025823368078547,-0.06468500610488238,3
1015,2024-09-25 22:41:07.345562012,0,018,0.3253855140700383,-0.22172371045513678,-0.5560753806076226,-0.04640101608006745,0.11126457919928216,-0.15510635273943066,-0.2988272481523313,-0.0537139102816197,3
1016,2024-09-25 22:41:07.422775146,0,018,0.29153230161210975,-0.21373041484905378,-0.521633806349322,-0.04932557872386568,0.11558318394284517,-0.16385012686223765,-0.3799050384400141,-0.04773496483329243,3
1017,2024-09-25 22:41:07.491324951,0,018,0.25951194851906845,-0.2042970173713739,-0.46880849754834086,-0.05604390323131061,0.12372888983889711,-0.17302330503258834,-0.4194855742219422,-0.0474082912500849,3
1018,2024-09-25 22:41:07.546464844,0,018,0.23036640026959537,-0.19386318704217126,-0.3977452168051002,-0.06674211965999051,0.13549179198429348,-0.18276614540602248,-0.4159581614193128,-0.052855570271372485,3
1019,2024-09-25 22:41:07.626840088,0,018,0.20496953781020427,-0.182938630272596,-0.30978800334593115,-0.08117432297215851,0.15055366502942913,-0.19317483278520256,-0.37002064411447133,-0.0637229385837884,3
1020,2024-09-25 22:41:08.562525146,0,018,0.18397608214693079,-0.17206552729345073,-0.2077158017411339,-0.09867761158382037,0.16855234900212734,-0.2043089824295718,-0.2844885244346724,-0.079288490275134,3
1021,2024-09-25 22:41:08.624109131,0,018,0.16781326005130898,-0.16177498022824932,-0.09581492156299032,-0.11824035107422864,0.18912937362432133,-0.21619760736339583,-0.16399779461290567,-0.09858312078270186,3
1022,2024-09-25 22:41:08.705318848,0,018,0.1566994241829863,-0.15254713445276866,0.020267628229159833,-0.1385979913458858,0.21196279221308778,-0.22884469589565432,-0.014567095161856744,-0.12050126205433165,3
1023,2024-09-25 22:41:08.762812012,0,018,0.1506509022704113,-0.14477868791144433,0.13393925743003107,-0.15835652047568752,0.23676882073410868,-0.2422309283356517,0.15692217991954305,-0.14390238625544416,3
1024,2024-09-25 22:41:08.838982178,0,018,0.14946837569933824,-0.13875642852344414,0.23831920395114103,-0.1761499778640772,0.26326946244250465,-0.2563070229636772,0.3432284519984491,-0.1677235112728782,3
1025,2024-09-25 22:41:08.908727783,0,018,0.15272920375302693,-0.13463716257537034,0.32697424168930606,-0.19080958558996797,0.2911472551500009,-0.270979304461527,0.53717075928333,-0.19109604920208897,3
1026,2024-09-25 22:41:08.976540039,0,018,0.15980960705592448,-0.13243940674226173,0.3945253408550701,-0.20150258052690206,0.3199857938575609,-0.28609019103761274,0.731915072711221,-0.21342432124010316,3
1027,2024-09-25 22:41:09.903608154,0,018,0.16993454611751305,-0.1320516242736175,0.43704915411712325,-0.20781445554508313,0.34917355675984635,-0.3013964341831728,0.9211036555601104,-0.234403835200437,3
1028,2024-09-25 22:41:09.980426025,0,018,0.18223901000098472,-0.13325454095743228,0.45231068987702494,-0.20976859235459944,0.37779410781061856,-0.3165517409837457,1.098882372773445,-0.25399817923665136,3
1029,2024-09-25 22:41:10.053138916,0,018,0.1958320383732395,-0.13575029332020755,0.43983826186247094,-0.20778281862090675,0.404574459768818,-0.33110288878745275,1.2599268280014417,-0.27239507489087583,3
1030,2024-09-25 22:41:10.119254150,0,018,0.20986427119958945,-0.13919390164926965,0.40083177639215256,-0.20257311876080583,0.4279401410606068,-0.3445055424551271,1.3994960782226582,-0.28994196031725594,3
1031,2024-09-25 22:41:10.181305908,0,018,0.22359023162407143,-0.14322590745050395,0.3379419841589156,-0.19503461235044484,0.446169024366009,-0.3561605243899238,1.5133965586046545,-0.30705122468303125,3
1032,2024-09-25 22:41:10.256597900,0,018,0.23640272998007977,-0.1475029502147907,0.2549929913761196,-0.18613332559684995,0.45760960252827915,-0.3654656470955034,1.597740594094825,-0.324073037039777,3
1033,2024-09-25 22:41:10.320243896,0,018,0.2478292237992727,-0.1517203081867801,0.156725426669399,-0.17682239113530612,0.4609305868312994,-0.37187433285290994,1.6485971314390615,-0.34115390948846513,3
1034,2024-09-25 22:41:11.264060059,0,018,0.2575082123725326,-0.15562324399369473,0.04861960112797591,-0.16797941313475756,0.4553674526980862,-0.3749516406002189,1.6618157822178392,-0.35811895957692275,3
1035,2024-09-25 22:41:11.337685059,0,018,0.2651712683204291,-0.15901028042449752,-0.0631905834562644,-0.16036472945187846,0.4409211884629291,-0.37441948539728476,1.6332625309082338,-0.3744212315322861,3
1036,2024-09-25 22:41:11.403251952,0,018,0.2706352088028458,-0.1617337381795342,-0.17198236837086373,-0.15460003371451023,0.4184520605574005,-0.3701833011317312,1.5594671855007232,-0.3891743338827687,3
1037,2024-09-25 22:41:11.473342041,0,018,0.2737878663625305,-0.1636986390477409,-0.27062021613140425,-0.15115072216907835,0.389613983926874,-0.3623331615610305,1.4384365690306191,-0.4012388377130465,3
1038,2024-09-25 22:41:11.526875000,0,018,0.27455836360076347,-0.16485719400189536,-0.3519058837611842,-0.15029765124561856,0.35661643013086,-0.3511165183626934,1.2703575247114633,-0.4093242012959094,3
1039,2024-09-25 22:41:11.604016112,0,018,0.272891212804454,-0.1651994495654069,-0.408999198580222,-0.15211299802522557,0.3218652848562177,-0.3368875909213357,1.0580927486648646,-0.41210530483214314,3
1040,2024-09-25 22:41:11.665649902,0,018,0.2687553747634221,-0.16474738222842747,-0.435769285328928,-0.15646826180096024,0.2875766193510719,-0.3200477021828985,0.8074917732151576,-0.40837172193942617,3
1041,2024-09-25 22:41:12.589931885,0,018,0.2621924436946215,-0.16355868442652613,-0.4270730225235031,-0.163080888644088,0.2554601677938657,-0.30099545955986107,0.5274856065511176,-0.3972020312707038,3
1042,2024-09-25 22:41:12.651987061,0,018,0.25337000844077745,-0.16173660105236046,-0.3790569350917747,-0.17157836030016255,0.2265397198250143,-0.28009900266461574,0.229889722117618,-0.3781291328012908,3
1043,2024-09-25 22:41:12.730077148,0,018,0.242601067498729,-0.15943508965733624,-0.28952581846086617,-0.1815543737966129,0.2011279940002936,-0.25768905301475353,-0.07107790923566304,-0.35126139311344134,3
1044,2024-09-25 22:41:12.790798096,0,018,0.23032135004531742,-0.15685173430262425,-0.15832171202524467,-0.19260419984995766,0.1789259187178904,-0.23406338283465883,-0.3594688007234303,-0.31733832751517504,3
1045,2024-09-25 22:41:12.852428955,0,018,0.21704429165295078,-0.15420903235800612,0.012377328210785528,-0.20433764733082793,0.15918830502852677,-0.20949344154837393,-0.6184190401000051,-0.2777192889218064,3
1046,2024-09-25 22:41:12.929280029,0,018,0.20330537928590806,-0.15172846078058003,0.21788220678992049,-0.2163755917528602,0.14088771240000275,-0.18422531910393516,-0.831217916435768,-0.2343094094227102,3
1047,2024-09-25 22:41:13.000771973,0,018,0.18958685503394498,-0.14960067146021996,0.45094840412125115,-0.22833792674517625,0.12282441508554545,-0.15846994251756055,-0.9827920126571427,-0.18940943277271266,3
1048,2024-09-25 22:41:13.934308105,0,018,0.17622635534963652,-0.14795552083160415,0.7019276685211057,-0.23982738584482438,0.10368969360467067,-0.13238784317335472,-1.0615238889268697,-0.14547631936445582,3
1049,2024-09-25 22:41:14.011062988,0,018,0.16334264878860447,-0.14683683848637805,0.9591924403305374,-0.25041195567763663,0.08214295533983312,-0.10608299978624108,-1.0609538874355997,-0.10482768338346946,3
1050,2024-09-25 22:41:14.072623047,0,018,0.1508065274674207,-0.1461853385042523,1.2097889340445838,-0.25961285510293297,0.05693336418142492,-0.07961237599339901,-0.9808354947372946,-0.06936222744809047,3
1051,2024-09-25 22:41:14.147873047,0,018,0.13825059234631795,-0.1458308150771644,1.440242321587349,-0.26691046312357003,0.02701581173845955,-0.05300183167010647,-0.8273388238939674,-0.04034961091008089,3
1052,2024-09-25 22:41:14.211524902,0,018,0.12509516591333908,-0.1454931689246795,1.6375058262174778,-0.27176968379096916,-0.008412587385192252,-0.026255691032698307,-0.6125562680776772,-0.01830598660324538,3
1053,2024-09-25 22:41:14.273108887,0,018,0.11058069613731308,-0.14479037073692533,1.7899627993779237,-0.2736634231033776,-0.049963876262084234,0.0006432979038782349,-0.35354639790941916,-0.002961618195589446,3
1054,2024-09-25 22:41:14.351375000,0,018,0.09381449977928231,-0.14325245196657346,1.8882637882023565,-0.2720814611839407,-0.09812921384194573,0.027737016935940467,-0.07103896172651944,0.006678434540179551,3
1055,2024-09-25 22:41:15.294567139,0,018,0.07384276033144216,-0.1403438293259338,1.9258784504669697,-0.26654840975268435,-0.1532939411763594,0.05508859184109273,0.21217049959979614,0.012196244659805027,3
1056,2024-09-25 22:41:15.349718994,0,018,0.049743340394402674,-0.13549538569144384,1.8994006836867452,-0.2566683113650394,-0.21569044498220655,0.08276994677706787,0.47306513881650125,0.015572263183708804,3
1057,2024-09-25 22:41:15.426373047,0,018,0.02071464870622134,-0.12814223419688822,1.8086210562226808,-0.2421663944311466,-0.28533349945401354,0.11084756889745934,0.6902649594177365,0.01898228219678539,3
1058,2024-09-25 22:41:15.498101074,0,018,-0.013859859094267546,-0.11776206147687919,1.6563204649653767,-0.22289255636727753,-0.36196402282500034,0.13937146166457065,0.8456343013047954,0.02461402315121821,3
1059,2024-09-25 22:41:15.565944824,0,018,-0.05436417805923604,-0.10391391966204422,1.4478162620375172,-0.1987926815071826,-0.4449822703685088,0.1683598813011497,0.9255664649536413,0.034496640925775826,3
1060,2024-09-25 22:41:15.627471924,0,018,-0.10089991678872284,-0.08627881165712922,1.1904053710492326,-0.16988043748360726,-0.5333545778755908,0.19777241733342898,0.9219988320723073,0.05030570626106023,3
1061,2024-09-25 22:41:15.689537109,0,018,-0.15323144200017877,-0.06469842143549571,0.8928681038870167,-0.1362355094784143,-0.6255277072978433,0.22748087108953194,0.8330551322652002,0.07314692445037917,3
1062,2024-09-25 22:41:16.639305176,0,018,-0.21074043341860763,-0.039205067420176716,0.5651031368301872,-0.09802752923852112,-0.7194126943339587,0.25725747601195875,0.6630736044416377,0.103383737596558,3
1063,2024-09-25 22:41:16.701791992,0,018,-0.27240311370883,-0.010039213502082485,0.21781401246113563,-0.05553664495750415,-0.8124637028438583,0.28678797897334696,0.4219148948765885,0.14057711159483047,3
1064,2024-09-25 22:41:16.779058105,0,018,-0.3367973197212928,0.02234542090376179,-0.13786825292084093,-0.009150621343451432,-0.901825536577347,0.3156981917929096,0.12363027941210673,0.18356768594137354,3
1065,2024-09-25 22:41:16.841129883,0,018,-0.402149213107809,0.057290132643508566,-0.4907863443148371,0.04063872558007707,-0.9845227810474086,0.34357995671603087,-0.21533688274149979,0.23069669575174226,3
1066,2024-09-25 22:41:16.902691895,0,018,-0.4664316346742012,0.09395668393078584,-0.8300555509958982,0.09321107425069948,-1.0576882697110024,0.3700145241514598,-0.5780906877099485,0.28012135900464086,3
1067,2024-09-25 22:41:16.984245117,0,018,-0.5275178611373433,0.13137476202047998,-1.1452910995902648,0.1477834054139921,-1.118815751985062,0.39459713295899596,-0.9489070793434935,0.33012890321829874,3
1068,2024-09-25 22:41:17.042881104,0,018,-0.5833715734236983,0.16851146132359146,-1.426924637087215,0.20340952973985718,-1.1659834212505529,0.41696020977778625,-1.3142212213362858,0.3793397422722204,3
1069,2024-09-25 22:41:17.965184082,0,018,-0.6322244626881858,0.2043507812729594,-1.666680481617164,0.25903038459911193,-1.197988606938236,0.4367887207332119,-1.6629439823775305,0.42674526617740066,3
1070,2024-09-25 22:41:18.027211914,0,018,-0.6726943383436176,0.2379640189025682,-1.8581280031926513,0.31355352961625194,-1.2143751801696028,0.4538270613518818,-1.986273991085545,0.4716102394115702,3
1071,2024-09-25 22:41:18.104403076,0,018,-0.7038375373157876,0.26855991136725077,-1.9971359971348503,0.3659178162693834,-1.215384943743776,0.4678832589764879,-2.2772736499879116,0.5133218945823006,3
1072,2024-09-25 22:41:18.166495117,0,018,-0.7251597088894446,0.29551624082228484,-2.0820760987940403,0.41511565226904507,-1.2018782976058386,0.47883540487415105,-2.5304936607438644,0.5512628003570375,3
1073,2024-09-25 22:41:18.228551025,0,018,-0.736599200799954,0.31839818871142234,-2.1137692365526255,0.46019418818235547,-1.1752486546196295,0.48664029716532775,-2.741785022243176,0.5847405370917539,3
1074,2024-09-25 22:41:18.305739014,0,018,-0.7384752822213903,0.33696369772516727,-2.095282967939084,0.5002748362738121,-1.1373297577589445,0.4913401628912098,-2.908241643614678,0.6129684181958602,3
1075,2024-09-25 22:41:18.376961914,0,018,-0.7313973733503186,0.3511527583837769,-2.031655821016764,0.534600192888748,-1.0902828118956875,0.49306140398675924,-3.0281896201065366,0.6350865336466274,3
1076,2024-09-25 22:41:19.315460938,0,018,-0.7161585681898877,0.36106184755216536,-1.9295662902194544,0.5625931586222511,-1.0364571715393591,0.49200154484312403,-3.1012132828627545,0.6502193325344344,3
1077,2024-09-25 22:41:19.377865967,0,018,-0.6936437110600122,0.36691145123166957,-1.796960541228,0.5839140773842757,-0.9782329367113802,0.488405323311317,-3.1281970602739158,0.657560454000465,3
1078,2024-09-25 22:41:19.455044922,0,018,-0.6647583378206315,0.3690152397936453,-1.642643100890772,0.5985006604540316,-0.9178550324402047,0.48253279790999226,-3.1112993564101403,0.6564642361635722,3
1079,2024-09-25 22:41:19.516596191,0,018,-0.6303739368450466,0.3677541449293319,-1.4758037719431345,0.6065660705771962,-0.857271251613514,0.4746237412919929,-3.0537539907232887,0.6465118614783106,3
1080,2024-09-25 22:41:19.591576172,0,018,-0.591302600054783,0.36355465065029396,-1.3054557854446993,0.6085343673407407,-0.7980105744660971,0.4648680993137484,-2.9594756896373258,0.6275229115914641,3
1081,2024-09-25 22:41:19.655875000,0,018,-0.548318969450217,0.35687114232617084,-1.1398254663279563,0.6049225701708039,-0.7411481004558645,0.4533950443772511,-2.8326402896040914,0.5995194081232602,3
1082,2024-09-25 22:41:19.727240967,0,018,-0.5022157399862164,0.34817204817697417,-0.9858200867983049,0.5962147333061294,-0.6873661387754475,0.44028453056294475,-2.677493563867167,0.5626870507244603,3
1083,2024-09-25 22:41:20.670331055,0,018,-0.4538463224155767,0.3379266482661825,-0.8487164793658494,0.5827810644465803,-0.6370738950271516,0.42559304194708975,-2.498455591314529,0.5173776981643575,3
1084,2024-09-25 22:41:20.738239990,0,018,-0.4041179951078461,0.3265892180890294,-0.7321343775858135,0.5648666158774477,-0.5905402132081474,0.40938368332682057,-2.300397853429755,0.4641762622904857,3
1085,2024-09-25 22:41:20.804372070,0,018,-0.3539433401969973,0.31458107165404725,-0.6382481502937418,0.5426375908361597,-0.5480107985791602,0.3917570245085981,-2.0889827089246893,0.4040297684241784,3
1086,2024-09-25 22:41:20.873697021,0,018,-0.3041892173401051,0.30227403213953585,-0.5681133675453084,0.5162600637708241,-0.5097894141124826,0.37287992113526636,-1.870997314593783,0.33840225898569626,3
1087,2024-09-25 22:41:20.927930176,0,018,-0.2556500527032723,0.2899783660552749,-0.5219713003157322,0.48598955598509613,-0.47626401600153473,0.35300416419157027,-1.654601064442146,0.26940086154347026,3
1088,2024-09-25 22:41:21.009305908,0,018,-0.20903636847512366,0.2779355000971858,-0.4994395046916978,0.45224643022428473,-0.44787097762780176,0.33246564780267107,-1.4493962678590597,0.1998243044626643,3
1089,2024-09-25 22:41:21.077086914,0,018,-0.1649531189626543,0.26631277418926624,-0.4995576700487092,0.41564879104226093,-0.42502074707783766,0.3116626080180284,-1.2661677916990899,0.133089855097956,3
1090,2024-09-25 22:41:22.014333984,0,018,-0.12385921904150149,0.255197220367413,-0.5207091514976864,0.37698990390423875,-0.4080292723117256,0.29102062640980725,-1.116070402586213,0.07300083818852007,3
1091,2024-09-25 22:41:22.075925049,0,018,-0.08602730945299693,0.24458934521919404,-0.560508963810465,0.3371745027695752,-0.39707665977797507,0.2709534609948381,-1.009199479021136,0.023353605839797488,3
1092,2024-09-25 22:41:22.156110107,0,018,-0.051531777822355615,0.2344020497594629,-0.6157997088901097,0.2971479054776632,-0.39217446951974505,0.25182510235379524,-0.9528845627292575,-0.012544268622602082,3
1093,2024-09-25 22:41:22.215238037,0,018,-0.02027334056605118,0.2244695420389507,-0.6828264070974919,0.2578472512191182,-0.3931156048803223,0.23391685327690184,-0.9503318777684213,-0.032316717753411515,3
1094,2024-09-25 22:41:22.291500000,0,018,0.00797866057779753,0.2145666117496987,-0.7575248833497251,0.22017288393846393,-0.3994109403587088,0.21740433139535464,-1.0000664482390083,-0.03481836685113967,3
1095,2024-09-25 22:41:22.353986084,0,018,0.0335483704934385,0.20443375889764825,-0.8358031355993648,0.18494833814858436,-0.4102489455402773,0.20234917264009716,-1.0961978762092823,-0.02025214512454649,3
1096,2024-09-25 22:41:22.420217041,0,018,0.056822104294109714,0.19380328985022727,-0.9137210377457028,0.152847756548595,-0.42450642425943497,0.18870644508434528,-1.229264453954713,0.009889282523738954,3
1097,2024-09-25 22:41:23.345519043,0,018,0.07821213405399603,0.18242539464242705,-0.9875350743527276,0.12431216862341854,-0.4408023166775441,0.17634524388922787,-1.387330680017777,0.05301522365732418,3
1098,2024-09-25 22:41:23.402851074,0,018,0.09811085524078388,0.17009402828234532,-1.0537050396473127,0.09950446296030914,-0.45757062877537863,0.16507842990992194,-1.5570517339150187,0.10568883137050217,3
1099,2024-09-25 22:41:23.480070068,0,018,0.11684400729748586,0.15666848014396975,-1.1090344979704887,0.07833427027774884,-0.4731336498531057,0.15469303144842,-1.724593529247533,0.16389601718164343,3
1100,2024-09-25 22:41:23.542886963,0,018,0.13463545498079976,0.14208571302505443,-1.1509503267538173,0.06053000728628441,-0.48576748054493957,0.14497103805181535,-1.8764932038608166,0.22334387458316812,3
1101,2024-09-25 22:41:23.604440918,0,018,0.15158980978585795,0.12636339582667802,-1.1777446923319381,0.04570833457039883,-0.49377140455142676,0.13570021731789322,-2.0005637574320274,0.27979548765306217,3
1102,2024-09-25 22:41:23.684675049,0,018,0.16769150370638636,0.10959766888838755,-1.1887163585973919,0.03342669145235108,-0.4955593376157212,0.12668436981425202,-2.08678391074544,0.32939661799257813,3
1103,2024-09-25 22:41:23.743745117,0,018,0.18281461922336895,0.09195898988050058,-1.1843394039367288,0.02324476525743094,-0.489770215225167,0.11775824881624027,-2.1279896825731557,0.3689336138286868,3
1104,2024-09-25 22:41:24.690100830,0,018,0.19673698901286432,0.07368672200856179,-1.1665132916888394,0.014812241914754396,-0.47537159334720464,0.10880142515324734,-2.120185976173761,0.39598247934880365,3
1105,2024-09-25 22:41:24.761854980,0,018,0.2091541476542019,0.05508268706297289,-1.138745873133639,0.007970461238186562,-0.45173269403589783,0.09974151060866349,-2.062349823011072,0.40892996394137926,3
1106,2024-09-25 22:41:24.828888916,0,018,0.219695680802393,0.03650436266818585,-1.1061057908829117,0.0028397427402093232,-0.4186629223070383,0.09054393919621212,-1.955771847657307,0.40688872410833554,3
1107,2024-09-25 22:41:24.897511962,0,018,0.22795811523284798,0.018355912968241427,-1.07490987941268,-0.00013983263023294396,-0.3764237416814188,0.08119417402096646,-1.803242371056228,0.38957954377896925,3
1108,2024-09-25 22:41:24.952979004,0,018,0.2335685832303756,0.0010727926429156007,-1.052171309364381,-0.0002394338303261637,-0.32571632756297303,0.07167942661884509,-1.6084345818626584,0.357249568274936,3
1109,2024-09-25 22:41:25.030414062,0,018,0.2362688750905929,-0.014901192218917647,-1.0448488446959703,0.003452834923966947,-0.26764119516542223,0.06197313155758407,-1.375617731508538,0.3106405482463294,3
1110,2024-09-25 22:41:25.100914062,0,018,0.23598631706714937,-0.02914011663586837,-1.0589927381371649,0.011870122452139076,-0.20363197325343393,0.05202364175459586,-1.1096210005044829,0.2509770862440666,3
1111,2024-09-25 22:41:26.036856934,0,018,0.23287070782435024,-0.04126093825142254,-1.0989182861877447,0.02577369063695824,-0.13537888994464034,0.04175092255634517,-0.8159185603354813,0.179938653831877,3
1112,2024-09-25 22:41:26.098898926,0,018,0.2273093407343264,-0.05094698295871499,-1.1665282076659387,0.04555803314024708,-0.06476217114507707,0.031056880777164498,-0.5007628702304693,0.09960369219612102,3
1113,2024-09-25 22:41:26.179671143,0,018,0.21993941374465528,-0.05797209456043801,-1.260905443052984,0.07109694384022854,0.006200136530645642,0.019850089124910344,-0.17134279902974225,0.012380565955799156,3
1114,2024-09-25 22:41:26.237267090,0,018,0.21164980437800696,-0.06222509080314604,-1.3783007746966962,0.10168020501850343,0.07540829957542979,0.008076420271103776,0.1641184361443433,-0.07907603015636314,3
1115,2024-09-25 22:41:26.315233887,0,018,0.2035443112381194,-0.06372950789148019,-1.5125604469379224,0.1360693787332908,0.14076298259370254,-0.004257331578278804,0.4965121500429517,-0.1719997500125286,3
1116,2024-09-25 22:41:26.376802979,0,018,0.19685754617882387,-0.06265160599393209,-1.6558730121888372,0.17265225279019225,0.20027304293310752,-0.01707482644187331,0.8163275608805103,-0.26370177244616094,3
1117,2024-09-25 22:41:26.438821045,0,018,0.1928451371580005,-0.059292265522887924,-1.7996241310127945,0.2096438393762337,0.2521668631457497,-0.030235472007818877,1.1143128243663643,-0.351741495026504,3
1118,2024-09-25 22:41:27.389187012,0,018,0.19267563895505194,-0.05406473271169987,-1.9352108342518601,0.2452924628786608,0.2949915412074622,-0.0435495931416332,1.3821000064486006,-0.434006306126168,3
1119,2024-09-25 22:41:27.455936035,0,018,0.19734112749616287,-0.047465299543468224,-2.054734691104056,0.27805979424176197,0.3277020064710969,-0.05680163149310525,1.6126997144778654,-0.5087026285073051,3
1120,2024-09-25 22:41:27.514355957,0,018,0.20759671498912474,-0.0400431150805431,-2.151503468365982,0.30673938312592236,0.34973846571838496,-0.06977721856676009,1.8008141162115285,-0.5743061027501093,3
1121,2024-09-25 22:41:27.597605957,0,018,0.22393255726012554,-0.03237154328920583,-2.2203200142264166,0.33049777362129307,0.36108352301759916,-0.08228703284188114,1.942917478215154,-0.629509322670126,3
1122,2024-09-25 22:41:27.654067139,0,018,0.24656966131357977,-0.025022327920258797,-2.25762168742327,0.3488576841168735,0.3622973585351424,-0.09418360754756104,2.037150909391086,-0.673187396428968,3
1123,2024-09-25 22:41:27.733290039,0,018,0.27546017396440675,-0.018542650062627702,-2.261566657636405,0.3616546561127191,0.354518664481223,-0.10536899859779086,2.0831578897225365,-0.7043932921670938,3
1124,2024-09-25 22:41:27.801063964,0,018,0.3102720007499059,-0.013430800990390724,-2.23210544071712,0.36898769305734536,0.33939776624767864,-0.11578950211279943,2.081920851314868,-0.7223822528966202,3
1125,2024-09-25 22:41:28.719785889,0,018,0.3503549656752303,-0.010106200764005402,-2.1709583595780786,0.37117000520796667,0.3189449567586177,-0.12541647596375433,2.0355951960511844,-0.72665582727006,3
1126,2024-09-25 22:41:28.775473145,0,018,0.39471515884428743,-0.008878385170877249,-2.0813573531693077,0.36867370410170547,0.29531900620618995,-0.13421839676693723,1.9473808537100694,-0.7170241258958235,3
1127,2024-09-25 22:41:28.852606934,0,018,0.44202897820192294,-0.009925193451491633,-1.967489691676605,0.3620547804650534,0.27061003302881403,-0.14213447856462372,1.8214698182653837,-0.6936849244385838,3
1128,2024-09-25 22:41:28.923289062,0,018,0.49069594349779755,-0.01328361082533706,-1.833750624198775,0.351855394880752,0.24667975965157865,-0.14906296527022747,1.663015663537861,-0.6572954274142434,3
1129,2024-09-25 22:41:28.975657959,0,018,0.538906393972945,-0.018848592232823095,-1.684034853892656,0.3385071067152355,0.22509207639081905,-0.1548709185996631,1.4780283194591308,-0.609001750906326,3
1130,2024-09-25 22:41:29.053101074,0,018,0.5847162160523508,-0.026377547041591898,-1.5212762361316376,0.3222653033217746,0.20710352782587882,-0.1594187005422918,1.2731306191274079,-0.5504151941798319,3
1131,2024-09-25 22:41:29.115564941,0,018,0.6261417124040562,-0.03550422260766216,-1.3473270204406513,0.30318485997906125,0.19365217077114633,-0.1625854869786984,1.0551578574359863,-0.4835490135337592,3
1132,2024-09-25 22:41:30.067671143,0,018,0.6612832747471403,-0.04576394231387277,-1.1631451817203677,0.2811363086771751,0.18531318263488425,-0.16428621483993328,0.8306451686394227,-0.41072433159901234,3
1133,2024-09-25 22:41:30.129262939,0,018,0.6884718426193538,-0.05662605139843091,-0.96917508855037,0.2558650716910341,0.1822367876789177,-0.16447780146986354,0.6053120094016567,-0.3344400741814017,3
1134,2024-09-25 22:41:30.191292969,0,018,0.7064215154347371,-0.06752895446036229,-0.7658114966823986,0.22709179042328514,0.18411286222403223,-0.16315942342363893,0.3836701158513955,-0.2572093052334604,3
1135,2024-09-25 22:41:30.267982910,0,018,0.7143540810271023,-0.07791556384589453,-0.5539026864274916,0.19464232702039605,0.1902095589074676,-0.16037493444668752,0.16889088529407417,-0.1813889056848974,3
1136,2024-09-25 22:41:30.341228027,0,018,0.7120482326080056,-0.08726427832395717,-0.3352682698620572,0.15859045430673102,0.19950030273043623,-0.15621984835512912,-0.03696911399183346,-0.10903571532176183,3
1137,2024-09-25 22:41:30.407605957,0,018,0.6997944011800897,-0.09510817524502818,-0.11316186150675854,0.1193871443588422,0.2108433444207957,-0.15084696825644478,-0.23244811584844496,-0.041798072999571785,3
1138,2024-09-25 22:41:30.468129883,0,018,0.6782890932858235,-0.10104203504249899,0.1074643818270101,0.07793537126740457,0.2231556029626133,-0.14446495884545404,-0.4160531346851177,0.019156087464755105,3
1139,2024-09-25 22:41:31.419937988,0,018,0.6485198037611207,-0.10472597418581309,0.32008749653891233,0.035568409576030705,0.23553179343793523,-0.13732886749582057,-0.5857022515493561,0.07315368693321407,3
1140,2024-09-25 22:41:31.481425049,0,018,0.6116634490760001,-0.10589278617373221,0.5172437357139341,-0.006079147979636659,0.24728514354658107,-0.12972337515309476,-0.7384287865917218,0.11996596678285948,3
1141,2024-09-25 22:41:31.543301025,0,018,0.5689952420909482,-0.10435638317657916,0.6915253043133673,-0.045268098284318145,0.25792602185270885,-0.12194131887707971,-0.8705698592385099,0.15973115974953694,3
1142,2024-09-25 22:41:31.621187988,0,018,0.5218109384559796,-0.10001530777850515,0.8365977871333323,-0.08034599976926644,0.26712758403104336,-0.11426249610040694,-0.9784560105639274,0.1928938112611012,3
1143,2024-09-25 22:41:31.683672852,0,018,0.47137675219888436,-0.09285161985067683,0.9479235402187848,-0.10987384040359034,0.27472313559693834,-0.10693730948645608,-1.0592728009722912,0.2201599982250589,3
1144,2024-09-25 22:41:31.745729004,0,018,0.41890328331800863,-0.08292994117067165,1.023086253558285,-0.13268268619580864,0.2807400062125367,-0.10017680876517297,-1.1116703245257655,0.2424310668300695,3
1145,2024-09-25 22:41:31.822879883,0,018,0.3655183778722492,-0.07039837849484519,1.061790767267553,-0.14790178348781446,0.28543275501438614,-0.09414747343168774,-1.1359293077678634,0.260684508696763,3
1146,2024-09-25 22:41:32.755690186,0,018,0.31222612349073614,-0.05548925209523763,1.0656837499100469,-0.15499962603988884,0.2892699146610419,-0.08896649793019797,-1.1337335806996491,0.2758127519726896,3
1147,2024-09-25 22:41:32.833798828,0,018,0.2598626894302842,-0.03851679313724454,1.038108277669983,-0.15384136805990148,0.2928572530306797,-0.08469324478971703,-1.1076743543501504,0.28847069294757927,3
1148,2024-09-25 22:41:32.895350098,0,018,0.20906406983243597,-0.019869631036872597,0.9837898088660605,-0.14473023466630383,0.29682109303605375,-0.08131724594226815,-1.0606503562912284,0.29897805143720024,3
1149,2024-09-25 22:41:32.958091064,0,018,0.16025266906792876,2.8986053269462816e-06,0.9084120135357115,-0.128403915639137,0.30169219210063747,-0.07874841702433877,-0.9953761144406776,0.3072832385835031,3
1150,2024-09-25 22:41:33.034863037,0,018,0.11364399527510592,0.020609872086889264,0.8181608904912562,-0.10599367508698403,0.3078089866709334,-0.07681472650845651,-0.9141498844904176,0.31297669449778864,3
1151,2024-09-25 22:41:33.109322021,0,018,0.06927761419492412,0.04143989461533026,0.7193665305193102,-0.07896836085813272,0.315230610134447,-0.07526842431857858,-0.8188740387867399,0.3153612654625436,3
1152,2024-09-25 22:41:33.174041992,0,018,0.02708098824557627,0.06197909440094536,0.618216843946848,-0.049053255938975,0.32365578612027146,-0.07379915982603491,-0.7112545418715965,0.31360238591281403,3
1153,2024-09-25 22:41:34.120691895,0,018,-0.013037146927502581,0.08172333295126705,0.5204055847273549,-0.018092331855716494,0.33237382761471373,-0.07205272494353213,-0.5931887324109667,0.30695791906557784,3
1154,2024-09-25 22:41:34.188539062,0,018,-0.0510940759724729,0.10018718599568835,0.43068169795366523,0.012145742417597073,0.3402782198854695,-0.06965435607717571,-0.4673940695305983,0.29504848921577337,3
1155,2024-09-25 22:41:34.253901123,0,018,-0.08697983682573882,0.11691524615390088,0.35238502661923604,0.04017535405012401,0.34593034214312013,-0.06623028619516308,-0.33818893543064493,0.2781044787477609,3
1156,2024-09-25 22:41:34.324129149,0,018,-0.12045750780673758,0.13149946914639735,0.28703423610140644,0.06496865102246525,0.3476271621407498,-0.06141870403217097,-0.21209646406329322,0.25711162518375086,3
1157,2024-09-25 22:41:34.376535889,0,018,-0.15120180706889452,0.14360128539804565,0.2340160750634413,0.08607087349550585,0.34345827348259456,-0.05487142542736673,-0.09787308317602159,0.23378898451467425,3
1158,2024-09-25 22:41:34.454174072,0,018,-0.1788524226312562,0.1529724232558742,0.19049377494990655,0.10364098085023483,0.33138364958924466,-0.04625619053554638,-0.0058467570432006195,0.2104049352043847,3
1159,2024-09-25 22:41:34.527510986,0,018,-0.2030699441801935,0.15946814271438065,0.15169746938736223,0.11839900108402329,0.3093559418824364,-0.03526350791516816,0.053172480039469186,0.18951439992453314,3
1160,2024-09-25 22:41:35.440350098,0,018,-0.2235918821394571,0.16305155271652816,0.11166578246808066,0.13147070414478587,0.2754843724855187,-0.02161656144589085,0.06908097729302443,0.1736917369377338,3
1161,2024-09-25 22:41:35.507975098,0,018,-0.2402730211329268,0.1637902256991425,0.0642846438674423,0.14415792274938302,0.22823695611796116,-0.005088598145925537,0.0335917915077987,0.16527623292385069,3
1162,2024-09-25 22:41:35.579624023,0,018,-0.253085368364123,0.1618436379866742,0.0043015775255763125,0.15769827280198198,0.1666708254886183,0.01446588789258829,-0.05888416090789563,0.16613941040383515,3
1163,2024-09-25 22:41:35.648626953,0,018,-0.26208388404032823,0.15744152193404523,-0.07197436982061817,0.17307701581052884,0.09064295688481187,0.03707080346719835,-0.21077170319933147,0.17751144647343545,3
1164,2024-09-25 22:41:35.703267090,0,018,-0.2673738725430846,0.15086028221758668,-0.16642575863504533,0.19093087427162064,0.0009427869127900177,0.06259121389178607,-0.4213177888842839,0.19989698112122667,3
1165,2024-09-25 22:41:35.784280029,0,018,-0.2690922348907007,0.1424052106500395,-0.2792914689708964,0.2115543255633153,-0.10066204367242959,0.0907050029201364,-0.686839497322119,0.23306976723833284,3
1166,2024-09-25 22:41:35.842672119,0,018,-0.2673765878827787,0.13239810433850005,-0.40953856517834153,0.23497611211618513,-0.21144136452489173,0.12088320405346503,-1.0009763592363832,0.2761060481676448,3
1167,2024-09-25 22:41:36.789038818,0,018,-0.26230918798510794,0.12116434407490942,-0.5552125398004703,0.2610441763888315,-0.3277868976321952,0.1523849700224882,-1.35479912756805,0.32741629003762696,3
1168,2024-09-25 22:41:36.851525879,0,018,-0.2538681080012793,0.10901662013369527,-0.7136766118285925,0.289478965826593,-0.4454019586481722,0.18427944398596924,-1.736806270084206,0.38476149320663544,3
1169,2024-09-25 22:41:36.928663086,0,018,-0.24192907420923737,0.09623954087123375,-0.8817980521218505,0.31990460556791583,-0.5596052259181041,0.21550116345958434,-2.1330182790978403,0.4452831119754334,3
1170,2024-09-25 22:41:36.990218018,0,018,-0.2263314083570362,0.08308369453639189,-1.0561473550565332,0.3518821741246211,-0.6657113877763918,0.24493336885594408,-2.527413785131752,0.5055961728113216,3
1171,2024-09-25 22:41:37.052218018,0,018,-0.20698926864303083,0.06977490580608782,-1.2331717459959475,0.3849384620527896,-0.7594245241848181,0.27150357091606764,-2.9027586410851782,0.5619667200303421,3
1172,2024-09-25 22:41:37.130121094,0,018,-0.18400386093090354,0.056533747476829155,-1.4092605996937986,0.4185688517114815,-0.8371806269411126,0.2942723176331067,-3.2416801769799375,0.6105621650505878,3
1173,2024-09-25 22:41:37.201510986,0,018,-0.15772289003960865,0.043591394939354454,-1.5807020397453349,0.4522202473682886,-0.8964078370037507,0.3125012155250919,-3.5278290185912815,0.6477663559729719,3
1174,2024-09-25 22:41:38.144847900,0,018,-0.12872645447392825,0.03119299880029445,-1.7436182785017906,0.4852772685178924,-0.9357078191164118,0.32569575126020667,-3.74701013150359,0.6705441523710894,3
1175,2024-09-25 22:41:38.201363037,0,018,-0.09776683213896192,0.01959296370257353,-1.8939718148189792,0.51705939622034,-0.9549573270573699,0.3336245401437153,-3.8881584380827396,0.6767994556687731,3
1176,2024-09-25 22:41:38.280468018,0,018,-0.0656946168141144,0.009049431215473806,-2.027675714630765,0.5468219515335931,-0.955301392642588,0.3363175811256616,-3.9440880051866185,0.665652149229755,3
1177,2024-09-25 22:41:38.341057129,0,018,-0.033379257787996726,-0.00018280972277217547,-2.140782702324372,0.5737566225461047,-0.9390115674366334,0.3340460001676999,-3.9120013108287646,0.6375782147018259,3
1178,2024-09-25 22:41:38.402572021,0,018,-0.0016341466677392768,-0.007864418612002065,-2.22969683247668,0.5969963089407774,-0.9092269159078442,0.32728778268650527,-3.7937137931024703,0.5943813513370066,3
1179,2024-09-25 22:41:38.483824951,0,018,0.02882937737825546,-0.013786436687416932,-2.2913302093467327,0.6156319718862613,-0.8696367863601814,0.3166861369841591,-3.5955621332381384,0.539000768621858,3
1180,2024-09-25 22:41:38.541763916,0,018,0.05741450099611696,-0.017783635573860094,-2.3231580450371454,0.6287462748803855,-0.8241586577981083,0.30300468436609707,-3.3280457912356156,0.47520674958251635,3
1181,2024-09-25 22:41:39.470431885,0,018,0.08364173983226476,-0.019744605817870093,-2.3232346276144944,0.6354671177623171,-0.7766327761206593,0.287079140798065,-3.0052065801749364,0.4072462372150928,3
1182,2024-09-25 22:41:39.538194824,0,018,0.1071581447855682,-0.0196191840535254,-2.2902877698403574,0.6350372832864637,-0.7305392619347253,0.2697646970520374,-2.643638028994487,0.3394719156712744,3
1183,2024-09-25 22:41:39.594525879,0,018,0.12774326164961586,-0.01742552024017879,-2.2239284601121527,0.6268825475255355,-0.6887415756899055,0.2518806126294903,-2.261148069325253,0.2759787724585669,3
1184,2024-09-25 22:41:39.671215088,0,018,0.14529442143267854,-0.013257695370273997,-2.1249194213295453,0.6106628399940233,-0.6532723476896478,0.23415686269156616,-1.8754078548848885,0.2202938476789159,3
1185,2024-09-25 22:41:39.741617920,0,018,0.15978591431841932,-0.00728835766630185,-1.9954139513460152,0.5863109957915912,-0.6252033786371428,0.21719198175536125,-1.5029230299626088,0.17515962927270146,3
1186,2024-09-25 22:41:39.794341064,0,018,0.1712150665137948,0.00024120696361029035,-1.8390539428127188,0.5540714103031734,-0.6046367610766649,0.20143036723726931,-1.1582662914133866,0.14239873928208566,3
1187,2024-09-25 22:41:39.877214844,0,018,0.17956074497507174,0.009042912386711335,-1.6608426854139533,0.5145432646524669,-0.590810979124158,0.18716022883809696,-0.8532462431827443,0.12281127355169104,3
1188,2024-09-25 22:41:40.819617920,0,018,0.184769015417473,0.018807435547398138,-1.4668321654071508,0.46872590472419967,-0.5822924520382717,0.1745286505598736,-0.5959480231446885,0.11609510994090676,3
1189,2024-09-25 22:41:40.888367920,0,018,0.18674927246102893,0.02922858162261488,-1.2637585150330592,0.4180495186752208,-0.5772243657771978,0.16356882676056306,-0.3900361916017676,0.12084930296702769,3
1190,2024-09-25 22:41:40.943224854,0,018,0.18535811766199117,0.040027531788646147,-1.0586936013965644,0.36434831561752373,-0.5735961464402792,0.15423256635303137,-0.2347951250437534,0.13472771567288147,3
1191,2024-09-25 22:41:41.022842773,0,018,0.1803875937132785,0.05097524240925665,-0.858674584973942,0.30973669940011805,-0.5694926881420892,0.1464207891101092,-0.12604191970031867,0.15474419272786866,3
1192,2024-09-25 22:41:41.091810059,0,018,0.1715986127010172,0.06190528756929682,-0.6703213269586458,0.2564100402054419,-0.5632949719668381,0.14000612758574102,-0.057638063323686525,0.17766786163787956,3
1193,2024-09-25 22:41:41.159609131,0,018,0.15880295699896363,0.07271265969363618,-0.4995532830642911,0.20644712260916376,-0.5538197098171859,0.13484410354265963,-0.02313170402551491,0.20043454317903434,3
1194,2024-09-25 22:41:41.227438965,0,018,0.14194538783911667,0.083343830335521,-0.35147593669242605,0.16167530292222257,-0.5404034207647657,0.13077595428535344,-0.017107856623174315,0.22050543655988125,3
1195,2024-09-25 22:41:42.169614990,0,018,0.12113823642290784,0.09378719302219149,-0.2304032747159552,0.12361094322605125,-0.5229430492803453,0.12763296887424874,-0.03594907935390276,0.23610490625978958,3
1196,2024-09-25 22:41:42.237498047,0,018,0.09665093926098882,0.10406661310241676,-0.13992219553793842,0.09345730600569077,-0.5018852908522663,0.12524863721228133,-0.07785284929069292,0.2463024240889237,3
1197,2024-09-25 22:41:42.290430176,0,018,0.06889201089993884,0.11423322656701297,-0.08286267471584181,0.0721214158238859,-0.47813618530390994,0.12347282907913562,-0.14219110133413682,0.25096431534977676,3
1198,2024-09-25 22:41:42.373116943,0,018,0.03839838946801229,0.12435320089736285,-0.06109703424328652,0.06020594091119583,-0.45287988398506773,0.12217649524346776,-0.22854198492619615,0.2506261506559096,3
1199,2024-09-25 22:41:42.429210938,0,018,0.0058102930407800575,0.13449770512552314,-0.07527777657746472,0.0579636000216311,-0.4273455235460532,0.12124269115416914,-0.3357769229958025,0.24632059017521318,3
1200,2024-09-25 22:41:42.506895996,0,018,-0.02817717273840366,0.14473986842396347,-0.12471043801588041,0.06524071332035855,-0.40259440161269594,0.12054984916428396,-0.46143669796478975,0.23938035686942766,3
1201,2024-09-25 22:41:42.576592041,0,018,-0.06286003036452155,0.15515272657419085,-0.2074338194014994,0.08144272330054801,-0.37938196671068797,0.11995664104196756,-0.6014188659522294,0.23123093173273637,3
1202,2024-09-25 22:41:43.519742920,0,018,-0.09755829141063527,0.16580094343057475,-0.3204536133402665,0.10554515214418578,-0.35811018258394733,0.11929697293149583,-0.7498709518018898,0.22318793965223555,3
1203,2024-09-25 22:41:43.585210205,0,018,-0.13166208946253455,0.1767303610177975,-0.46008630872427986,0.13616775582714766,-0.3388615483335535,0.11839037569915119,-0.8992172307287842,0.21628190053492574,3
1204,2024-09-25 22:41:43.655431152,0,018,-0.1646988917851172,0.18796437102286473,-0.6223848316584377,0.1717075382248965,-0.3214829360053273,0.11706495014098552,-1.0403591226762225,0.2111342606939082,3
1205,2024-09-25 22:41:43.708833008,0,018,-0.19637696689602346,0.19950703141660525,-0.8035401103302776,0.21049681803364895,-0.3056731974209209,0.11518377681549519,-1.1631314600120415,0.20790000068635034,3
1206,2024-09-25 22:41:43.785080811,0,018,-0.226560396566976,0.21134441466396828,-1.0000954902489063,0.25095058858212854,-0.2910550179653133,0.11266903161036647,-1.2570570889193786,0.2062870051471738,3
1207,2024-09-25 22:41:43.858831787,0,018,-0.2551923188706921,0.22344086981113676,-1.2089162085501568,0.2916856415038888,-0.2772453708624509,0.10952403086945513,-1.3123685421978917,0.2056521824679952,3
1208,2024-09-25 22:41:43.926676025,0,018,-0.2822272396751166,0.23573716172064343,-1.427041115872174,0.33160151382254566,-0.26393286963800117,0.10585291393957197,-1.3211533980716037,0.2051515981922449,3
1209,2024-09-25 22:41:44.869738037,0,018,-0.3076047966236717,0.24815524964589797,-1.6515607498181426,0.3699088079145478,-0.2509431258357097,0.1018729859167202,-1.278379429600176,0.20390709448707112,3
1210,2024-09-25 22:41:44.930208008,0,018,-0.33123937850298785,0.2606021183076438,-1.8795330561032981,0.4060989598587179,-0.23826655990690762,0.0979131514426004,-1.1825539304266468,0.20115625936497838,3
1211,2024-09-25 22:41:44.992260010,0,018,-0.352990787806684,0.27296232412019444,-2.1078779579482867,0.4398676042122656,-0.22605348095675148,0.09439761208480056,-1.0358779799492912,0.19636393359359924,3
1212,2024-09-25 22:41:45.069864990,0,018,-0.37261798191460593,0.2850808733406174,-2.3331925272829532,0.4710031853086351,-0.21461423027775683,0.0918211080365122,-0.8439178616662049,0.18928219104206825,3
1213,2024-09-25 22:41:45.131037109,0,018,-0.3897381854783951,0.29674777496213434,-2.5514872497480714,0.4992603499246444,-0.20443807798591615,0.09071899208884608,-0.6149483405544898,0.1799571782466903,3
1214,2024-09-25 22:41:45.208717041,0,018,-0.4038056732493035,0.30769177476704973,-2.7579798788869287,0.5242731525664072,-0.19618448360911303,0.0916265211481171,-0.35917169060993015,0.16869812897791225,3
1215,2024-09-25 22:41:45.276525879,0,018,-0.4141241640012648,0.31758290257760036,-2.9471165092042084,0.545557118381761,-0.19059444829888492,0.09502285428837355,-0.08798404472817575,0.15603146834273504,3
1216,2024-09-25 22:41:46.194333008,0,018,-0.4199107084263002,0.32604239774956684,-3.112852360139205,0.5625847612877772,-0.18833208881201338,0.10126749215577054,0.18664974822979993,0.14265083583297605,3
1217,2024-09-25 22:41:46.255958008,0,018,-0.4204086951781306,0.33266105754362196,-3.2491138611616903,0.5748783835062254,-0.18982159650586078,0.1105457738338493,0.4527634425002616,0.12935320084078122,3
1218,2024-09-25 22:41:46.317525879,0,018,-0.41502013735897814,0.337027284254699,-3.3503460511051304,0.5820791775137054,-0.19514505333497406,0.122836765861123,0.6989592298699139,0.11693689076849761,3
1219,2024-09-25 22:41:46.398346924,0,018,-0.4034254057135639,0.3387633959267777,-3.4120419156286483,0.5839850070996939,-0.20402693485232704,0.13790682657760306,0.9150097924940299,0.10604386940591475,3
1220,2024-09-25 22:41:46.456347900,0,018,-0.3856755569957127,0.33756450071691646,-3.4311691273074936,0.5805692209356345,-0.2158817043877172,0.1553243692494515,1.0924998783373818,0.09697084006636211,3
1221,2024-09-25 22:41:46.518834229,0,018,-0.36225680719804665,0.33323320806533396,-3.406473074508226,0.5719911759817006,-0.22987202653393102,0.17448908372365377,1.2254345448411343,0.08952596949299968,3
1222,2024-09-25 22:41:46.596031981,0,018,-0.3341221483510725,0.3257068214779201,-3.338657821339286,0.5585965791477949,-0.2449393920487709,0.1946700963239011,1.3106981451491242,0.08300290888591316,3
1223,2024-09-25 22:41:47.539604980,0,018,-0.3026602933236156,0.31507506063250135,-3.2304161637495015,0.5408998182561513,-0.2598141585713142,0.21504939918743168,1.348324367288615,0.07627198481622839,3
1224,2024-09-25 22:41:47.612823975,0,018,-0.2695712776960654,0.3015853104743261,-3.0862942576786665,0.5195499193358148,-0.27304805538122884,0.23476858685440868,1.3415830053896873,0.06792781080765468,3
1225,2024-09-25 22:41:47.680634033,0,018,-0.2366742114980536,0.28563424336771026,-2.91243404959552,0.49529492853936136,-0.28310970812721775,0.25297775262025946,1.296869774754152,0.05643504413017128,3
1226,2024-09-25 22:41:47.742398926,0,018,-0.20572741521731636,0.267748909060714,-2.716250929706428,0.46895701291005204,-0.28854026279747214,0.2688833590653121,1.2233745409510235,0.040255804278413916,3
1227,2024-09-25 22:41:47.816330811,0,018,-0.17832073673484483,0.2485628115707488,-2.506078246341951,0.44142017818618046,-0.2881109922575559,0.2817882831649343,1.132430947862415,0.01798368598795211,3
1228,2024-09-25 22:41:47.881204102,0,018,-0.15582691889412958,0.2287903774001429,-2.290767896188418,0.4136245165164832,-0.28090977491739144,0.2911166670445836,1.0363891597012278,-0.011478808861847037,3
1229,2024-09-25 22:41:47.951997070,0,018,-0.13935664496738445,0.20919784021889287,-2.0791909163895843,0.3865475395656094,-0.26632702759825033,0.29642035401611017,0.9470615523042262,-0.048699174024830046,3
1230,2024-09-25 22:41:48.895019043,0,018,-0.1296893568958491,0.19056675311543977,-1.879627560196389,0.3611509084607078,-0.2439774221726803,0.29737074834150484,0.8741815059945468,-0.09351352814691531,3
1231,2024-09-25 22:41:48.962856934,0,018,-0.1272069954041031,0.17365154169287605,-1.699160295133533,0.3382940837293902,-0.21363414214171014,0.2937468767657985,0.824400773067381,-0.1449340928771532,3
1232,2024-09-25 22:41:49.027882080,0,018,-0.13187227087472078,0.15913765597671806,-1.5432262555593281,0.3186375256528705,-0.17523718738578287,0.28543087884268414,0.8009866038571314,-0.20121041958282843,3
1233,2024-09-25 22:41:49.098475098,0,018,-0.14325650658249645,0.1476053339344125,-1.4154203736562718,0.3025621132133797,-0.128974732036425,0.2724130970450442,0.8040538448149185,-0.2600248848677227,3
1234,2024-09-25 22:41:49.166167969,0,018,-0.16058703645500164,0.13949850135496591,-1.317526223730486,0.29012730991669305,-0.07538575071579508,0.25480005795628186,0.8311648986284342,-0.31876955773152277,3
1235,2024-09-25 22:41:49.228212158,0,018,-0.18278727036690962,0.13509549545464553,-1.249640289686772,0.28107869094232213,-0.0154394166645979,0.23281984655673862,0.878165171122141,-0.37484565832924005,3
1236,2024-09-25 22:41:49.301947021,0,018,-0.2085059753646643,0.13448234850886978,-1.2102802749165575,0.2749034384481581,0.04941777766582631,0.2068249966040501,0.9400537740570601,-0.42593852862007636,3
1237,2024-09-25 22:41:50.216824951,0,018,-0.23614626404675665,0.13753622582028208,-1.196515890240932,0.27092482612996743,0.11725129740100769,0.17729251117527162,1.0116917635103662,-0.47024121750348086,3
1238,2024-09-25 22:41:50.278884033,0,018,-0.2639077367957142,0.14392625452793106,-1.2042133043230885,0.26841342609482777,0.18568916237664118,0.14481622372222547,1.0882734727958039,-0.5066100034559587,3
1239,2024-09-25 22:41:50.340916016,0,018,-0.2898601912086926,0.15313180443416302,-1.228387039984302,0.2666809366468491,0.25205589813867346,0.11008699285521117,1.1656394698865524,-0.5346389753048529,3
1240,2024-09-25 22:41:50.418085205,0,018,-0.3120676101493349,0.1644747674854139,-1.263554838632936,0.2651298816012833,0.3135854067931092,0.07386060890656446,1.240562972838792,-0.5546529649143961,3
1241,2024-09-25 22:41:50.491427979,0,018,-0.3287569183801982,0.17716377577585368,-1.3040055713773864,0.2632545665243457,0.3676871583575044,0.0369175865127712,1.3110440513734811,-0.5676329906248869,3
1242,2024-09-25 22:41:50.557701904,0,018,-0.3384868692931063,0.1903468514470623,-1.3439930460357155,0.2606071568217281,0.4122177083221897,2.3461762663304663e-05,1.3765301262369094,-0.5750876826193047,3
1243,2024-09-25 22:41:50.619293945,0,018,-0.34026224523398857,0.20316456393843718,-1.3779359284488746,0.2567524726952561,0.4456924491160915,-0.03610181132062298,1.437917466188633,-0.578862768617782,3
1244,2024-09-25 22:41:51.555339111,0,018,-0.3335771621635234,0.21479637718742167,-1.4006565533780069,0.2512363979091213,0.46739112707646724,-0.07080553677382452,1.497161379570725,-0.5808731396273765,3
1245,2024-09-25 22:41:51.632065918,0,018,-0.3184150604377181,0.2245000765196973,-1.4076203767722215,0.2435851231847009,0.4773561701732874,-0.10352271199534104,1.5564417520016383,-0.5827848833529022,3
1246,2024-09-25 22:41:51.694554199,0,018,-0.2952339445435698,0.2316492224743643,-1.3951730498860475,0.23334698470971554,0.4763216345323811,-0.13380004496219713,1.617063308518974,-0.5857235301209718,3
1247,2024-09-25 22:41:51.771847900,0,018,-0.26494191353902724,0.2357708859336634,-1.3608340538185997,0.2201800989540912,0.46561649897584256,-0.1613202239282395,1.678392236443682,-0.5900778926454446,3
1248,2024-09-25 22:41:51.835989014,0,018,-0.22885922697154296,0.23657980269153725,-1.3036649305092989,0.2039644368489873,0.44705182139293587,-0.18591668752963045,1.7371424988665913,-0.5954381906153147,3
1249,2024-09-25 22:41:51.895919922,0,018,-0.18866173404276967,0.23400121506116037,-1.224624490975076,0.18489791563291533,0.4227709221085944,-0.20756857350077604,1.7873082814072077,-0.6006930893137902,3
1250,2024-09-25 22:41:51.974028076,0,018,-0.1462902663248829,0.22817493174955056,-1.1266992088976417,0.16353484703387575,0.39505805321949194,-0.22637291262701495,1.8208634959391485,-0.6042766351585755,3
1251,2024-09-25 22:41:52.914994873,0,018,-0.10381380933840728,0.2194373143514879,-1.014565613066547,0.14073308387693137,0.36612698847352887,-0.2425009178502077,1.8290118585445139,-0.6044875691948364,3
1252,2024-09-25 22:41:52.977041016,0,018,-0.06326967117306381,0.208284312152459,-0.8937922304154546,0.11750945787865731,0.33791287799783665,-0.25615045253124713,1.8035618078394469,-0.5997690017556877,3
1253,2024-09-25 22:41:53.055146973,0,018,-0.02653477938997477,0.1953233116816632,-0.7699351089050764,0.0948572143199194,0.31190147664331264,-0.2675068751147734,1.738068879625371,-0.5888808294483817,3
1254,2024-09-25 22:41:53.116388916,0,018,0.004742707557583178,0.18121982008054466,-0.6479048385937553,0.07360140040509394,0.2890465050411534,-0.27672041055976043,1.6285621308517872,-0.5709636825062261,3
1255,2024-09-25 22:41:53.178422852,0,018,0.029182294066011406,0.16663917380384832,-0.5317022077304602,0.05433418028959183,0.269801110578879,-0.2839019450848801,1.4737927622559244,-0.5455220465020055,3
1256,2024-09-25 22:41:53.255587158,0,018,0.04573029025079965,0.1521829132827526,-0.42437411092449423,0.037414320555596924,0.25423610641019784,-0.2891342894909872,1.2750588884751781,-0.5123599295345971,3
1257,2024-09-25 22:41:53.317197021,0,018,0.05374501078951562,0.13832683786565544,-0.32800020795295076,0.02298008062242661,0.24218313242126302,-0.2924916332363436,1.035826979697774,-0.47151191520590685,3
1258,2024-09-25 22:41:54.270412842,0,018,0.053067383136160114,0.12537476076221715,-0.24364808463439577,0.010941361347834636,0.23333664730528095,-0.29405511138645357,0.7614437748292069,-0.4232183217799768,3
1259,2024-09-25 22:41:54.338311035,0,018,0.044041387777137654,0.11344094396079524,-0.17136633099689488,0.0009642947512030047,0.22727900368979193,-0.2939144306867483,0.4590654451923,-0.3679733737785868,3
1260,2024-09-25 22:41:54.406196045,0,018,0.027482860976085422,0.10246452536278376,-0.11026348306352443,-0.007519783057885408,0.22345332532756573,-0.2921575528559841,0.1377049198147596,-0.30663140314573556,3
1261,2024-09-25 22:41:54.461888916,0,018,0.004604480143899923,0.09224735909730064,-0.05864344824740764,-0.015268263529643944,0.221144591050531,-0.2888593233319267,-0.1917552691635546,-0.24052278419790907,3
1262,2024-09-25 22:41:54.539081055,0,018,-0.02310749771715422,0.08250295279148978,-0.014214270724075967,-0.023139507445858937,0.21949841014200763,-0.2840741838015098,-0.5167001663749369,-0.17152860385077603,3
1263,2024-09-25 22:41:54.601569824,0,018,-0.05405860010436186,0.0729095290909386,0.02555349912187153,-0.031953625221710226,0.21755889702699494,-0.2778274487799698,-0.823167261756491,-0.1020775639030027,3
1264,2024-09-25 22:41:54.663085938,0,018,-0.08671569698173091,0.06316260039687671,0.06296652016553698,-0.04232033856834127,0.21431012672909103,-0.27010071214409354,-1.0965514598901338,-0.035044533131566066,3
1265,2024-09-25 22:41:55.613348877,0,018,-0.11973479704517433,0.05301844969233555,0.09975986198386903,-0.05449865530518515,0.2087374375988898,-0.26081838231633936,-1.3226693265120204,0.02645646129253088,3
1266,2024-09-25 22:41:55.675836182,0,018,-0.15202928805082377,0.04232132060857961,0.1370095517548325,-0.06835125112500345,0.19991945907514352,-0.24984794376021918,-1.4891369861166022,0.07937067215603222,3
1267,2024-09-25 22:41:55.756097168,0,018,-0.18279384245510352,0.03101650222511003,0.17525059572006413,-0.0834068936549885,0.1871285131489907,-0.2370194767698179,-1.5868529196964345,0.12104737892021711,3
1268,2024-09-25 22:41:55.823885986,0,018,-0.21150806496869268,0.019156490517078427,0.21468913911674892,-0.09900496117819724,0.1699090964265299,-0.2221596037170782,-1.6112706018546972,0.14957137414522512,3
1269,2024-09-25 22:41:55.880103027,0,018,-0.23792902829489937,0.0069030713930417,0.255486183669079,-0.1144836457357471,0.1481168838660253,-0.20513028251686716,-1.5631644506786033,0.16402829143055878,3
1270,2024-09-25 22:41:55.955615967,0,018,-0.2620675786352152,-0.005477392638639296,0.29808587418156973,-0.12936358008124424,0.1219087112659536,-0.1858630096953036,-1.4487010053643639,0.1646575452305841,3
1271,2024-09-25 22:41:56.018101074,0,018,-0.2841474284982402,-0.01762800633367832,0.3434418257770498,-0.14347005618895245,0.09168838699185632,-0.16438129374991042,-1.2788325536250822,0.15285946452676194,3
1272,2024-09-25 22:41:56.930715088,0,018,-0.3045586558098202,-0.029122189821268313,0.3929670577701439,-0.15695122030819744,0.05803038168637299,-0.14080779546703948,-1.0681990797829863,0.1310484866516692,3
1273,2024-09-25 22:41:57.007906006,0,018,-0.32381799714019294,-0.03948616096044055,0.44817961968480025,-0.17019237382031613,0.02159943592114224,-0.11535612250435015,-0.8337179588348419,0.10237000369698591,3
1274,2024-09-25 22:41:57.081191895,0,018,-0.3425355460316107,-0.04822299379301593,0.5101858151882401,-0.18366966751734576,-0.016931427432595892,-0.0883108821926394,-0.5930121792754263,0.0703292041476857,3
1275,2024-09-25 22:41:57.149000977,0,018,-0.3613811302994989,-0.054843056907925236,0.5791782507130705,-0.19779156214529425,-0.05696200380928348,-0.060003079109131094,-0.3628978766269325,0.038409055339214924,3
1276,2024-09-25 22:41:57.216801025,0,018,-0.38105165328268503,-0.05889988661631389,0.6540637197006065,-0.2127522378614665,-0.09802389706779553,-0.030788750741789116,-0.15820150478696107,0.00974995687558734,3
1277,2024-09-25 22:41:57.284642090,0,018,-0.40224245855821517,-0.06002194147174327,0.7322997390559294,-0.22841373203133836,-0.1397870939828025,-0.001035283282739229,0.008900766633650015,-0.013073505961941043,3
1278,2024-09-25 22:41:57.345930176,0,018,-0.4256126842626758,-0.05793336537756097,0.8099976196213887,-0.2442463660744835,-0.1820120032601869,0.028886001604761815,0.12904869967029173,-0.028183404870510388,3
1279,2024-09-25 22:41:58.285362061,0,018,-0.45173081968337003,-0.05246768226349854,0.8822841752806406,-0.25935709508239485,-0.22448397364106443,0.05860639220338524,0.19565649503407878,-0.034468742453908754,3
1280,2024-09-25 22:41:58.363469971,0,018,-0.4810057421065951,-0.0435825294287634,0.9438698114944503,-0.27261558842979344,-0.2669683299610907,0.08776972500063462,0.20497837724954832,-0.03162176317388658,3
1281,2024-09-25 22:41:58.424610107,0,018,-0.5136246438045764,-0.03137592672526371,0.9897683886744109,-0.28285597814986424,-0.3091940494430908,0.11604580255283149,0.15628389123945396,-0.02012461308020266,3
1282,2024-09-25 22:41:58.499190186,0,018,-0.5495067397740545,-0.016095545994089,1.016039422753538,-0.28909390296684895,-0.3508556834123518,0.14314493030648107,0.05187685212737831,-0.001149763467942546,3
1283,2024-09-25 22:41:58.563766113,0,018,-0.5882634603023092,0.001866746291263809,1.0203389188324756,-0.29068421449462134,-0.39162093317601243,0.16882997383180554,-0.10320686014024566,0.02362287957764717,3
1284,2024-09-25 22:41:58.634829102,0,018,-0.6291720798844621,0.021994956350094207,1.002165834710471,-0.28738447225340924,-0.43112621819010105,0.19292042436800655,-0.30175642380729617,0.05222463395081693,3
1285,2024-09-25 22:41:58.687377930,0,018,-0.6712001399791772,0.04367845814214473,0.9628773627104117,-0.2793486953049752,-0.4689498637068784,0.21528640125973733,-0.5350440539238619,0.08260229405759002,3
1286,2024-09-25 22:41:59.644681885,0,018,-0.713105635903592,0.06624599521066653,0.9055743779964228,-0.26709194420228993,-0.5045868818065521,0.23584098136816015,-0.7934224795466083,0.11277719361951677,3
1287,2024-09-25 22:41:59.712565918,0,018,-0.7535866411020037,0.08900048690140712,0.8348518447520024,-0.2514376479839945,-0.537466309650052,0.2545423708990848,-1.066731299226522,0.14094827199069793,3
1288,2024-09-25 22:41:59.766189209,0,018,-0.7914202733561371,0.11124958324240485,0.756365183755664,-0.23343820725588826,-0.5670194552311735,0.2714061634763696,-1.344448178300104,0.16553983111407175,3
1289,2024-09-25 22:41:59.848248047,0,018,-0.8255418362795249,0.13232545443624377,0.6762582198914323,-0.21427145925438756,-0.5927661969298752,0.28651674582218234,-1.61560172132262,0.18520126115427712,3
1290,2024-09-25 22:41:59.905807129,0,018,-0.8550566301616905,0.15159155430637314,0.6005739405123337,-0.19512751418632185,-0.6143767931982813,0.30002721240314745,-1.8686282830441114,0.19879048873109242,3
1291,2024-09-25 22:41:59.983861816,0,018,-0.8792182459402335,0.16844288587651993,0.534680987641396,-0.17708737502837527,-0.6316868613493544,0.3121448651754473,-2.0915122849123815,0.20539786549384406,3
1292,2024-09-25 22:42:00.046349121,0,018,-0.897413091035432,0.18231046175366947,0.48266463297652096,-0.1609956412215593,-0.6446770834762118,0.32310696310810016,-2.2724531208093808,0.20444475389098712,3
1293,2024-09-25 22:42:00.980441895,0,018,-0.9091588124368245,0.19267584874453947,0.44672969435409726,-0.14735901913257504,-0.6534466682281773,0.33315299725652364,-2.400983125316198,0.19582812066350397,3
1294,2024-09-25 22:42:01.057148926,0,018,-0.9140982895762021,0.19909359181236647,0.4267928390597726,-0.13630561418599912,-0.6581957830956601,0.34249659264544574,-2.4691943447610902,0.18003601317133555,3
1295,2024-09-25 22:42:01.118747070,0,018,-0.911986819429873,0.2012158247442383,0.4204334628602039,-0.12760648677820957,-0.659208787010685,0.3512996978896766,-2.472673928966051,0.1581668397579147,3
1296,2024-09-25 22:42:01.197932861,0,018,-0.9027006625783616,0.19881622758401304,0.4232767666780335,-0.12074545664606554,-0.6568133348786667,0.3596516043583777,-2.410866432752075,0.13182875625976878,3
1297,2024-09-25 22:42:01.258010986,0,018,-0.8862834184890513,0.19181292926611743,0.42978008703361215,-0.11503710527557051,-0.6512919317606144,0.36754999298414903,-2.2868103933136106,0.1029347511232055,3
1298,2024-09-25 22:42:01.320069092,0,018,-0.8629988265538732,0.1802868626921612,0.43429019134780816,-0.10979397335215565,-0.64275848685729,0.37488008451692373,-2.106464074636253,0.07344528193486195,3
1299,2024-09-25 22:42:01.396787842,0,018,-0.8333426627565232,0.16448870653448744,0.43213427109749275,-0.10451718867172727,-0.6310587107192838,0.38139778960360954,-1.8779859845374192,0.045147117261715025,3
1300,2024-09-25 22:42:02.315177002,0,018,-0.7980022085618094,0.14482911615266952,0.4204627657239497,-0.09905949065945233,-0.6157583615034202,0.3867304308796675,-1.6112416694299379,0.01954458218996095,3
1301,2024-09-25 22:42:02.377777100,0,018,-0.7577878681060276,0.12185164306437217,0.3986530797655446,-0.09370784214685351,-0.5962322738720304,0.3904015103944466,-1.3175249329444578,-0.0021461432992840417,3
1302,2024-09-25 22:42:02.455620117,0,018,-0.713567794250871,0.09619424381058474,0.3682479167413252,-0.08915289955398285,-0.5717978558723521,0.3918709895473398,-1.0092092624209832,-0.018987078575039056,3
1303,2024-09-25 22:42:02.516115967,0,018,-0.6662255101373972,0.06855118668908322,0.33251762510363225,-0.08634874782005209,-0.5418164260957401,0.3905767498914636,-0.6990037978361806,-0.030363921732098537,3
1304,2024-09-25 22:42:02.591293945,0,018,-0.616641069820197,0.03964453978532388,0.29580095243559146,-0.08630532357006275,-0.5057433637370121,0.38597229083361906,-0.39876716223655634,-0.036072943453033995,3
1305,2024-09-25 22:42:02.654993896,0,018,-0.5656800541052287,0.010203573483291367,0.26280399442309865,-0.08987828009471435,-0.4631727767405933,0.3775663868103435,-0.11824193133142819,-0.03637519804130798,3
1306,2024-09-25 22:42:02.726927002,0,018,-0.5141780929902665,-0.01905507637467494,0.23795934321186019,-0.09761184208957012,-0.41391293899194265,0.3649679968805489,0.13575069994506123,-0.03195948693534348,3
1307,2024-09-25 22:42:03.662293945,0,018,-0.4629158514864496,-0.04744947307425824,0.22484077690227136,-0.10965154319131304,-0.35807820633192494,0.34793064893601383,0.35935490428058975,-0.023818101415299265,3
1308,2024-09-25 22:42:03.724315918,0,018,-0.4125718539082518,-0.07435645860074794,0.2256833344253805,-0.12571222907966562,-0.29616014764044146,0.3263873308648571,0.5511197135844762,-0.01309165977502482,3
1309,2024-09-25 22:42:03.804979004,0,018,-0.36364588091106487,-0.09923808659126987,0.2411791810949011,-0.14509138560896578,-0.22904420970611786,0.3004685387772067,0.7112554668000586,-0.0009488971125407566,3
1310,2024-09-25 22:42:03.863553955,0,018,-0.3163819701122219,-0.12166797108845166,0.27063200271226534,-0.16672995846165117,-0.15795638721716343,0.270499504153179,0.8410054926734487,0.011470818278208561,3
1311,2024-09-25 22:42:03.940635986,0,018,-0.270739311940914,-0.1413507238387704,0.31236550088636966,-0.18931591931109137,-0.0843590871665066,0.23697911368872626,0.942157497510273,0.0230837220927632,3
1312,2024-09-25 22:42:04.008472900,0,018,-0.22642931035411507,-0.1581291990779162,0.3642603173124932,-0.21142234766866733,-0.009835712496030078,0.2005472498743041,1.0166159053270014,0.032908578746414466,3
1313,2024-09-25 22:42:04.076323975,0,018,-0.1830034907401451,-0.17197940623065638,0.42432219521565606,-0.23167518367530188,0.06401075660048378,0.16194496877926992,1.0660735495719709,0.04014000208006337,3
1314,2024-09-25 22:42:05.019318115,0,018,-0.13997549419449043,-0.1829945828978842,0.49112588701959314,-0.24892829813841366,0.1356348997783931,0.12197117501518022,1.0919319379220593,0.04420082262641457,3
1315,2024-09-25 22:42:05.087181885,0,018,-0.09696079494147453,-0.19135952867792314,0.5640009075973298,-0.2623999116991051,0.20358821912981576,0.0814442050894467,1.0955103404983586,0.04473564072472439,3
1316,2024-09-25 22:42:05.154947998,0,018,-0.053796089441548484,-0.19731940347957605,0.6429638594491781,-0.2717329774210139,0.2665163423529696,0.04117691005109619,1.0783735410188686,0.04156152495763498,3
1317,2024-09-25 22:42:05.216430908,0,018,-0.010591038755882276,-0.20115083936129718,0.7284753231302195,-0.2769761601142997,0.3231371884682059,0.0019648697604268853,1.0425531194956308,0.03462657381793445,3
1318,2024-09-25 22:42:05.277998047,0,018,0.03229785867747861,-0.20314002979872528,0.8210985341932799,-0.27851047067373286,0.37223045171785907,-0.035420796277851545,0.9905711770019449,0.024014750601197028,3
1319,2024-09-25 22:42:05.355672119,0,018,0.07433589187761248,-0.20356600447574466,0.9211396821549405,-0.2769508385784346,0.4126495587144055,-0.07024407785336761,0.9253384750109115,0.009992570608108695,3
1320,2024-09-25 22:42:05.417672119,0,018,0.11488404097830521,-0.20268716348109858,1.0283007325277789,-0.2730326378758858,0.4433555876330359,-0.10182029993214094,0.850027720695804,-0.006941752058809284,3
1321,2024-09-25 22:42:06.358352051,0,018,0.15326255790140833,-0.20073305628797783,1.141330182221387,-0.26748389211647566,0.46347818621801856,-0.12953677845264716,0.7679399622267392,-0.02604656793705223,3
1322,2024-09-25 22:42:06.435604980,0,018,0.18879733271336174,-0.19790337609656242,1.2577395025942926,-0.2609066515767583,0.47241376491876674,-0.15287920198778515,0.6823716195081109,-0.046378979966307306,3
1323,2024-09-25 22:42:06.505712891,0,018,0.22084920514500392,-0.19437353902951576,1.373753827961998,-0.25370798596268446,0.4699518848301697,-0.17146368623522457,0.596555387918285,-0.06688490777361679,3
1324,2024-09-25 22:42:06.573520020,0,018,0.24883970754715642,-0.19030515814207744,1.4846343761345333,-0.2461018332080937,0.4563759143328538,-0.18506445649568498,0.5136990368959363,-0.08651192890415207,3
1325,2024-09-25 22:42:06.635468994,0,018,0.27228653959138677,-0.18585916233421154,1.5853633005857017,-0.2381750041265454,0.432474569111301,-0.19362450547843038,0.4369984834943239,-0.10430330194661346,3
1326,2024-09-25 22:42:06.697484863,0,018,0.2908445216038743,-0.1812084402545326,1.6715029946811661,-0.22999481831178203,0.39945839534685407,-0.19724839560110297,0.36948478224119685,-0.11944182104249938,3
1327,2024-09-25 22:42:06.774701904,0,018,0.30433559931054915,-0.17654643895522243,1.7399635193168697,-0.22172009924607508,0.35882742663110423,-0.19618501807627445,0.3137172613247664,-0.1312527562045048,3
1328,2024-09-25 22:42:07.687443115,0,018,0.31275818882203216,-0.17208766340584114,1.7895043698236595,-0.2136657927275676,0.3122334817195119,-0.19080613050664091,0.27144925593763164,-0.1391935015982522,3
1329,2024-09-25 22:42:07.749063964,0,018,0.3162796829921101,-0.16805725841833558,1.82091232010404,-0.20628765993882825,0.2613655412100225,-0.18158444196244752,0.24334780238200265,-0.14283105745766825,3
1330,2024-09-25 22:42:07.830832031,0,018,0.315221890113068,-0.1646720472277677,1.8368287179242948,-0.20010020880410398,0.2078856741293627,-0.1690753512630041,0.22875680853538455,-0.14179500866115274,3
1331,2024-09-25 22:42:07.898645020,0,018,0.3100444981693191,-0.16211967353734402,1.8412701925521484,-0.19558431574567217,0.15342088615698,-0.15390302941811665,0.22549846809362722,-0.1357231376947232,3
1332,2024-09-25 22:42:07.966401123,0,018,0.3013232160705793,-0.1605404539813696,1.8389943994989453,-0.19313518253761333,0.09957471336670046,-0.1367463327168657,0.22979611651066567,-0.12423927220741411,3
1333,2024-09-25 22:42:08.034243164,0,018,0.28972081186206583,-0.1600129224272538,1.8348608246288836,-0.19305537080376128,0.047919804702494684,-0.1183205624869094,0.23647138214597732,-0.1069888780796457,3
1334,2024-09-25 22:42:08.089454102,0,018,0.275958907062608,-0.16054464969733875,1.8332917161934115,-0.19557371907516738,-3.224233431912502e-05,-0.09935578696440535,0.23951581309045353,-0.08373014006949306,3
1335,2024-09-25 22:42:09.040252930,0,018,0.26079520513301246,-0.16207115320547766,1.8379244553328902,-0.20088024320146597,-0.04287037372624538,-0.08057430113128537,0.23292123543429322,-0.05445212425788419,3
1336,2024-09-25 22:42:09.101798096,0,018,0.24499500991660766,-0.164463007082772,1.8514741068824483,-0.20916654285514516,-0.07932527794018404,-0.06266859384340429,0.21147283513246382,-0.019477312479080508,3
1337,2024-09-25 22:42:09.178627930,0,018,0.22928750087561411,-0.16753797989787048,1.8757312805194006,-0.22065052907562985,-0.10830468339138563,-0.04628044675875472,0.17129682114337186,0.02048342303671843,3
1338,2024-09-25 22:42:09.241113037,0,018,0.21432294669742571,-0.17107578335277998,1.9115907237434757,-0.23556668898631486,-0.128908912117838,-0.031982184881323754,0.1101862135289244,0.0643287089026855,3
1339,2024-09-25 22:42:09.307931885,0,018,0.20065672865446887,-0.17483563730568522,1.958985639624741,-0.2541085554911875,-0.14043051509456353,-0.020259216313779672,0.027838676222197822,0.11060146343744026,3
1340,2024-09-25 22:42:09.381025146,0,018,0.18875511583453364,-0.17857653022633613,2.016634459858922,-0.2763196285335468,-0.14238029428124904,-0.01148875063208249,-0.07393762091484557,0.15754318275779827,3
1341,2024-09-25 22:42:09.452302979,0,018,0.1789849130512135,-0.18207658118553258,2.0817000525999005,-0.30196066091486234,-0.13457510718782384,-0.005912595553465632,-0.19115143571760151,0.20316677649917092,3
1342,2024-09-25 22:42:10.395301025,0,018,0.1715600026421303,-0.18514514058524448,2.1496478699430908,-0.33041156274542266,-0.11725713228348647,-0.003613545243454928,-0.31784633819984426,0.24536287138700424,3
1343,2024-09-25 22:42:10.453658203,0,018,0.16646005937544622,-0.18762318678556952,2.214506630214489,-0.36065606508807513,-0.09117161790493772,-0.0045089422650660994,-0.446639142108862,0.2820527754564055,3
1344,2024-09-25 22:42:10.531002930,0,018,0.1633703466653273,-0.18937598316295653,2.269485378932187,-0.39135914217804746,-0.057550595832465086,-0.0083656399936953,-0.5694585638837004,0.31138269228860277,3
1345,2024-09-25 22:42:10.598864014,0,018,0.16169049047158593,-0.19029084843134286,2.3077831286466743,-0.42102055213774614,-0.01799408388195453,-0.014831596475721114,-0.6783811150174498,0.3319369625904226,3
1346,2024-09-25 22:42:10.652609131,0,018,0.16061588754276473,-0.1902891269234202,2.3234701995898384,-0.44817694124677177,0.02571331786939376,-0.023475882003087787,-0.7665484667839695,0.34293723513939184,3
1347,2024-09-25 22:42:10.730833984,0,018,0.1592425057074261,-0.18934492413705967,2.3123547007390757,-0.4716129071276912,0.07176494936652619,-0.03382397096238026,-0.8290876182636144,0.3443780382013692,3
1348,2024-09-25 22:42:10.792864990,0,018,0.15664485743170053,-0.18749415907657424,2.2727060083491315,-0.49052983158640767,0.11839513031825549,-0.045375073608404655,-0.8637710220941848,0.3370465157255494,3
1349,2024-09-25 22:42:11.730379883,0,018,0.15192907116024143,-0.18482777595437863,2.20564895959,-0.5046250866743095,0.16386109060863194,-0.05760310320121616,-0.8710695462822668,0.3224067923570137,3
1350,2024-09-25 22:42:11.807174072,0,018,0.14429943242451515,-0.1814774885935817,2.115081948540813,-0.5140636850602907,0.2064392467798949,-0.06995793703197183,-0.8534433725779715,0.30237339127589496,3
1351,2024-09-25 22:42:11.881056152,0,018,0.13315129469615974,-0.17760271994398918,2.0071358936310606,-0.5193670047189918,0.2444814034429939,-0.08187869630709779,-0.8141434181993057,0.27902834035228447,3
1352,2024-09-25 22:42:11.947048096,0,018,0.11815632034198154,-0.17337757270814566,1.8893306369832894,-0.5212664882333028,0.27649034761236785,-0.09281563596124101,-0.7561093913813363,0.25435188877676307,3
1353,2024-09-25 22:42:12.008616943,0,018,0.0993028606812969,-0.16897318411771395,1.769601643456651,-0.520562517484374,0.3011788248409949,-0.10225427909204157,-0.6814067404354182,0.23002399372029514,3
1354,2024-09-25 22:42:12.070645996,0,018,0.07688908882056157,-0.16453737726984738,1.6553459082600792,-0.5180116505119234,0.31752914304254987,-0.10974301844825654,-0.5911719153245596,0.20731170802785237,3
1355,2024-09-25 22:42:12.148268066,0,018,0.05148859694997737,-0.160179945241789,1.5526370186599583,-0.5142565682665001,0.32487315486562635,-0.11492665449788105,-0.4857249073275931,0.18702430459821315,3
1356,2024-09-25 22:42:13.070450928,0,018,0.023900414932526922,-0.15596964295309443,1.4657429780087927,-0.5098030203938452,0.32296928986918216,-0.11758110590211222,-0.3646285127527747,0.16951362830758224,3
1357,2024-09-25 22:42:13.129678955,0,018,-0.004920797807293804,-0.15194033655003242,1.3970192250144504,-0.5050307487458371,0.3120373700532564,-0.11763983991064528,-0.22679061790788355,0.15470591558961774,3
1358,2024-09-25 22:42:13.191698975,0,018,-0.03395686710666769,-0.14809907221632712,1.347155172159058,-0.5002207983477789,0.2927450891920983,-0.11520442347587029,-0.07080006557545121,0.14216180361436107,3
1359,2024-09-25 22:42:13.274008057,0,018,-0.062220273957888504,-0.14443278594019063,1.3156553113183482,-0.49559800595078723,0.26616837330936455,-0.11053526011005421,0.10454747427712152,0.13116120359070868,3
1360,2024-09-25 22:42:13.329595947,0,018,-0.08881366492273692,-0.14091632045190594,1.3013983280215717,-0.4913955945886247,0.23373755423782086,-0.1040231343292424,0.29982932497837833,0.12078858348960646,3
1361,2024-09-25 22:42:13.409677979,0,018,-0.11293676112987808,-0.13752463302045012,1.3031307237402503,-0.4879261665078387,0.1971670093982491,-0.09614943616376544,0.5149136467987052,0.10998302444148737,3
1362,2024-09-25 22:42:13.477533203,0,018,-0.13386692448468726,-0.13424643754309284,1.3197489084584741,-0.48561619443794196,0.15836789406586074,-0.08744708421596346,0.7491124260917836,0.09755509535369818,3
1363,2024-09-25 22:42:14.405939209,0,018,-0.15095760986632004,-0.13109228665204684,1.3502886614241887,-0.4849709120028153,0.11934736719234235,-0.0784699104391309,1.0012517090233581,0.08222256708883553,3
1364,2024-09-25 22:42:14.487750977,0,018,-0.16366434948683217,-0.12809368558625395,1.393767576707999,-0.4864835895510073,0.0821047573690063,-0.06977083842505745,1.2694765243503763,0.06270915722984782,3
1365,2024-09-25 22:42:14.544300049,0,018,-0.171567237258046,-0.12529764997787343,1.4491791581251585,-0.4905447864016471,0.04853577078225248,-0.0618838974203088,1.5508284022336203,0.037902112685324146,3
1366,2024-09-25 22:42:14.623440918,0,018,-0.17436303382606583,-0.12276478714645729,1.5157282531913383,-0.49739461792797973,0.02034321889210506,-0.055304271794926856,1.8406889262752102,0.007039902848787008,3
1367,2024-09-25 22:42:14.691281006,0,018,-0.17183431544115516,-0.12057488151420083,1.5930736126150353,-0.5071031199559739,-0.001041728473110008,-0.050467507822913184,2.132229714330813,-0.030104246924634488,3
1368,2024-09-25 22:42:14.745322021,0,018,-0.1638252187769481,-0.11883480198142347,1.681378810366176,-0.5195441489368089,-0.014505820218892065,-0.047737113318051465,2.4161197989341616,-0.07309136812518924,3
1369,2024-09-25 22:42:14.822520020,0,018,-0.15024605753282017,-0.11767848186248733,1.7812539186681517,-0.5343745397826936,-0.019253052058800128,-0.04740682960149191,2.6807208673925906,-0.12078663230017751,3
1370,2024-09-25 22:42:15.769987061,0,018,-0.13110356017272515,-0.11725436240573978,1.8937354401398416,-0.5510581684171835,-0.01476210741422898,-0.049712692057478094,2.9128348597064284,-0.1714418206374692,3
1371,2024-09-25 22:42:15.825736084,0,018,-0.10653525451290782,-0.11770526635413625,2.020289960373485,-0.5689458508454521,-0.0007161110693269995,-0.05484391593964854,3.098941931369403,-0.22285576865466014,3
1372,2024-09-25 22:42:15.905668945,0,018,-0.07682902683318486,-0.11914946380234959,2.162706641809898,-0.587381775124681,0.023076092409851777,-0.06294667380570532,3.226830777701155,-0.2725725087493229,3
1373,2024-09-25 22:42:15.965446045,0,018,-0.04242060902982122,-0.12166911661685076,2.322745721990697,-0.6057832028157865,0.056748583141502974,-0.07412511258539535,3.287465426035677,-0.3181123657707802,3
1374,2024-09-25 22:42:16.026962158,0,018,-0.0038682641548929407,-0.1253073668272353,2.501530677453998,-0.6236498814832051,0.1004230668732756,-0.08844657198279723,3.2767871197105287,-0.3572437353620194,3
1375,2024-09-25 22:42:16.104024902,0,018,0.0381951986208852,-0.13007171409747473,2.698855182532424,-0.640508498026021,0.1542145976956778,-0.10594947162044266,3.1969980143704673,-0.38826316520973897,3
1376,2024-09-25 22:42:16.165075928,0,018,0.08313277162519055,-0.1359410814873537,2.912687642303668,-0.6558453623095694,0.21818744693742284,-0.12664649026317606,3.05686027539206,-0.4102070268445372,3
1377,2024-09-25 22:42:17.109726074,0,018,0.1303903973600854,-0.14287605885649135,3.13910283522383,-0.6690825537857902,0.2922702045436299,-0.1505204856615553,2.8707930297457143,-0.4229242999459507,3
1378,2024-09-25 22:42:17.187534180,0,018,0.17957853233999324,-0.15083236840362593,3.372635300379587,-0.6796096617527662,0.3761574392864514,-0.17751526262079634,2.6570161547580895,-0.4269950355644637,3
1379,2024-09-25 22:42:17.255385010,0,018,0.2305103110188611,-0.15977427599034272,3.6068056260141774,-0.68684508226533,0.46922381746580843,-0.20752060145957424,2.4353406972186225,-0.42353583905704434,3
1380,2024-09-25 22:42:17.323226074,0,018,0.283173310838551,-0.16968236175334112,3.834577763007486,-0.6903011550868579,0.5704663867305209,-0.24035036296510234,2.225147868507412,-0.41396597730260437,3
1381,2024-09-25 22:42:17.386746826,0,018,0.337653664538881,-0.1805543327151927,4.048723141846775,-0.6896413076348856,0.6784910931565644,-0.2757201339575301,2.043790825361874,-0.3998131824413489,3
1382,2024-09-25 22:42:17.458897949,0,018,0.39405522056541925,-0.19240290452914133,4.242223365836358,-0.6847257433496646,0.7915574592833176,-0.3132355599312477,1.9054406113977194,-0.3826019662341814,3
1383,2024-09-25 22:42:17.526508057,0,018,0.4524384348645007,-0.20525362127993704,4.408788514582413,-0.6756508073773105,0.9076715171509522,-0.352394814563536,1.8203388752204712,-0.36380939535730694,3
1384,2024-09-25 22:42:18.469727051,0,018,0.5127723196410081,-0.2191404825057917,4.543380449425276,-0.6627839264837273,1.0246998261929317,-0.3925995678557459,1.7944057166372285,-0.34485203188192326,3
1385,2024-09-25 22:42:18.528211182,0,018,0.574882612097982,-0.2340946840354037,4.642527449443119,-0.6467773310951297,1.1404967036877072,-0.43317120679555415,1.8291600084181523,-0.32708431269482724,3
1386,2024-09-25 22:42:18.605441895,0,018,0.6383960580660472,-0.25012575735661996,4.7043342955124094,-0.6285375799345609,1.253061434087073,-0.47337592058658085,1.9219232769352013,-0.3117955121273491,3
1387,2024-09-25 22:42:18.666493896,0,018,0.7027020514167017,-0.2672020777844878,4.72831644390297,-0.6091472282518767,1.3607260499027451,-0.512461434826049,2.0662677394185893,-0.3001846653645379,3
1388,2024-09-25 22:42:18.728164795,0,018,0.7669494213770929,-0.2852386796206094,4.715279834959428,-0.5897595113997155,1.4623277274824291,-0.5497016526513236,2.2526870431151766,-0.2933013316620933,3
1389,2024-09-25 22:42:18.805799072,0,018,0.8300777752390016,-0.30409418808429733,4.667334796886868,-0.5714968419015712,1.5573004817725649,-0.5844417133629931,2.4695146002204114,-0.2919736739734571,3
1390,2024-09-25 22:42:18.876796875,0,018,0.8908782383176636,-0.3235752097510923,4.587944095591983,-0.555380347184814,1.6456546788222857,-0.6161370364716329,2.704077445232807,-0.29677420449944686,3
1391,2024-09-25 22:42:19.794828857,0,018,0.9480791091832758,-0.34344603868433965,4.481878397789885,-0.5423105738389362,1.7278585754436668,-0.644382748970589,2.9439353109218747,-0.30805237589954426,3
1392,2024-09-25 22:42:19.862680908,0,018,1.00044186089612,-0.36343983834632926,4.355047971916068,-0.5331037040292739,1.8046577791161016,-0.6689328814777054,3.177951592277806,-0.32599955382724033,3
1393,2024-09-25 22:42:19.930537842,0,018,1.0468462036148443,-0.38326723586973,4.214233964588409,-0.5285569576686691,1.8768744522858642,-0.6897103413712694,3.3969801174511396,-0.3506772134793146,3
1394,2024-09-25 22:42:19.993918945,0,018,1.0863539242920233,-0.4026212734648084,4.066756257949958,-0.5294963833343791,1.945220482792956,-0.7068064996250161,3.594101485974559,-0.38196938988345147,3
1395,2024-09-25 22:42:20.055531982,0,018,1.118258714025515,-0.4211816712260523,3.9201226689451936,-0.5367722154201644,2.0101372640214,-0.7204658085323958,3.764500304715109,-0.4194769466042147,3
1396,2024-09-25 22:42:20.134699219,0,018,1.1421335275325117,-0.4386248537017646,3.781653162454322,-0.551198139990467,2.071662220041135,-0.7310515785793587,3.9051251133737925,-0.46240658698799175,3
1397,2024-09-25 22:42:20.201895020,0,018,1.157872549480158,-0.454644692154722,3.6580410094428726,-0.5734623348785226,2.129331306159096,-0.738995205977157,4.0142133421833295,-0.5095044520644249,3
1398,2024-09-25 22:42:21.139730957,0,018,1.1657051257809052,-0.468978862139713,3.5549197291666363,-0.6040498157111203,2.182148097366844,-0.7447401367617581,4.090754712032568,-0.5590559594574755,3
1399,2024-09-25 22:42:21.201783936,0,018,1.1661572934378095,-0.4814270033093919,3.4765922390273927,-0.6431892046667924,2.228663737865768,-0.7486970964087317,4.134079699792029,-0.6089544457519247,3
1400,2024-09-25 22:42:21.278986816,0,018,1.1599618321977756,-0.49185226219425554,3.4259664170479898,-0.6907999838096378,2.2671868780613402,-0.7512219801741087,4.1438012060138,-0.6568416412262322,3
1401,2024-09-25 22:42:21.340778076,0,018,1.1479489754892536,-0.500171444570881,3.4045990408367666,-0.7464216933113123,2.2960796063032363,-0.7526148624390226,4.120148451129664,-0.7003141645294035,3
1402,2024-09-25 22:42:21.410532959,0,018,1.1309545456100178,-0.5063436416453203,3.412788189654366,-0.8091491640416449,2.31405057198615,-0.7531285704344368,4.064484663195055,-0.7371628459820416,3
1403,2024-09-25 22:42:21.479219971,0,018,1.1097563436879423,-0.5103592302391672,3.449749552905358,-0.8776161648255495,2.3203754198759396,-0.7529765018909074,3.9797003689762898,-0.7655864643284407,3
1404,2024-09-25 22:42:21.552017822,0,018,1.085025766092262,-0.5122243785384993,3.5138804836064583,-0.9500411109790375,2.3150277106333155,-0.7523381619381885,3.8702009494001843,-0.7843135567166729,3
1405,2024-09-25 22:42:22.483993896,0,018,1.0572866933990668,-0.511940785854199,3.603028713122413,-1.0243109087940483,2.2987247510714304,-0.7513649039846445,3.7413886996191024,-0.7926001955202451,3
1406,2024-09-25 22:42:22.560649902,0,018,1.026894047289566,-0.5094890376699368,3.7146788971338034,-1.0980693667244956,2.2728757344479327,-0.7501839216984578,3.598850363153995,-0.7901441751155004,3
1407,2024-09-25 22:42:22.622454102,0,018,0.9940471891418834,-0.5048238278440369,3.8460426154200644,-1.168799260448106,2.2394113837582856,-0.7488933100387651,3.447599617842711,-0.7769959103603156,3
1408,2024-09-25 22:42:22.684055176,0,018,0.9588348557353807,-0.497880784964664,3.9940943254250167,-1.2339120814948112,2.20049447837058,-0.7475406805122099,3.291604968104843,-0.7535177510075619,3
1409,2024-09-25 22:42:22.760718018,0,018,0.9212965216488307,-0.4885895055167512,4.155551232819328,-1.2908497188055204,2.1581499503195234,-0.7460845562667234,3.133689397001998,-0.7203911963027309,3
1410,2024-09-25 22:42:22.834157959,0,018,0.8814895381986053,-0.4768899021255812,4.326703709092202,-1.3371742288349888,2.113897566129268,-0.7443506359496443,2.9757790289946167,-0.6786383251748432,3
1411,2024-09-25 22:42:22.901956055,0,018,0.8395485046690393,-0.4627498975316006,4.50307226675499,-1.3706310054618052,2.0684848971540064,-0.7420031554220251,2.8193474031026677,-0.629619103964671,3
1412,2024-09-25 22:42:23.819997070,0,018,0.7957109372480362,-0.44617801493597553,4.6790930258893395,-1.389217829553692,2.0217760658796537,-0.7385440461254079,2.665829193209709,-0.5749827489414061,3
1413,2024-09-25 22:42:23.884644043,0,018,0.7502980255012396,-0.42722551732056824,4.84811519565845,-1.3913097789000262,1.9727884392796518,-0.7333374652037564,2.516840622861793,-0.5165713498530885,3
1414,2024-09-25 22:42:23.946248047,0,018,0.7036765008162994,-0.4059821411940024,5.0028185359243205,-1.3758431847319814,1.9198463665782344,-0.7256521071900469,2.374204017778108,-0.4562923308632413,3
1415,2024-09-25 22:42:24.023446045,0,018,0.6562311124677016,-0.3825728328651827,5.135931930438292,-1.3425026567677307,1.8608312502022446,-0.7147177809556288,2.2399381611428364,-0.39600263909923544,3
1416,2024-09-25 22:42:24.091375977,0,018,0.6083511504523664,-0.35715674358526917,5.241014243546549,-1.2918431372999664,1.793497568793676,-0.6997914143154763,2.1164132724775957,-0.3374591043295241,3
1417,2024-09-25 22:42:24.159220947,0,018,0.5604327985788224,-0.3299272868791948,5.313067067387707,-1.2253095185046916,1.7158014631897798,-0.6802218950512469,2.006672048431132,-0.28234597134019257,3
1418,2024-09-25 22:42:24.226921143,0,018,0.5129082277045353,-0.3011157505512215,5.3488826915367085,-1.1451570149123935,1.6261935746271399,-0.6555047754118907,1.9146207445477024,-0.23231984283650745,3
1419,2024-09-25 22:42:25.159634033,0,018,0.46629041562020623,-0.27099983918287024,5.347192617434621,-1.0543037574103964,1.5238450348386032,-0.6253235995955476,1.8447220293500661,-0.1889833989248364,3
1420,2024-09-25 22:42:25.237081055,0,018,0.4211945767950908,-0.23991138252091837,5.308730268010222,-0.9561496944562857,1.4087797721120061,-0.5895763734524601,1.801096438147582,-0.15373855764054054,3
1421,2024-09-25 22:42:25.306222900,0,018,0.3783074017560277,-0.20823562835323398,5.236241919184253,-0.8543806617824796,1.2818985686479751,-0.5483866748124261,1.7863392393913975,-0.12755887640466324,3
1422,2024-09-25 22:42:25.359694092,0,018,0.3383127266203528,-0.17640236394844128,5.134346735010233,-0.7527621600660183,1.1449051056626083,-0.502101666626513,1.8005332204046038,-0.11079076432844424,3
1423,2024-09-25 22:42:25.437382080,0,018,0.30180141706432057,-0.14487469669868724,5.009084288687851,-0.6549187901707172,1.0001564447436049,-0.4512805373375057,1.8407410200943792,-0.10306565420216605,3
1424,2024-09-25 22:42:25.509740234,0,018,0.2691844477111155,-0.11413600480309676,4.867126978505248,-0.5640971651013696,0.8504618892463847,-0.3966754322803759,1.900970142155169,-0.10332071461635665,3
1425,2024-09-25 22:42:25.577594971,0,018,0.24062460025323712,-0.08467093545943288,4.714881988483364,-0.4829355296771276,0.6988651212383161,-0.3392050475576393,1.9725675350769054,-0.1098970926129385,3
1426,2024-09-25 22:42:26.504996094,0,018,0.21601117027801367,-0.05694278471669868,4.557807443886482,-0.41329942626375654,0.548455443546448,-0.2799213577687281,2.045089371427871,-0.12071090626170226,3
1427,2024-09-25 22:42:26.582222900,0,018,0.19499032051506127,-0.03137629001171992,4.400152229496964,-0.3562452161200819,0.4022383281686878,-0.21997214909292462,2.107572566456621,-0.13348435553512603,3
1428,2024-09-25 22:42:26.655344971,0,018,0.17702852466771118,-0.008350039087122833,4.2451116285397665,-0.3121236625307748,0.26305638579998813,-0.1605624843422479,2.1499559657173535,-0.14598968885720984,3
1429,2024-09-25 22:42:26.723221924,0,018,0.16146999173647633,0.011807421589009204,4.095177055388966,-0.2807682240990014,0.13352331911077922,-0.10291540755873772,2.1644590598596394,-0.15626544567936654,3
1430,2024-09-25 22:42:26.784590088,0,018,0.14757100913605176,0.028826710365586723,3.9523684742613283,-0.2616764332247239,0.01594290600103532,-0.0482302405093211,2.1467859530390405,-0.16279137334387744,3
1431,2024-09-25 22:42:26.843958984,0,018,0.13452697821188503,0.04251387669502387,3.8181776720319567,-0.25411623227780045,-0.08777780863761755,0.0023609625051006413,2.096854148980397,-0.1646047089471849,3
1432,2024-09-25 22:42:26.922208008,0,018,0.12151459493275608,0.05276663756536611,3.693348022359653,-0.2571559194749212,-0.17619332901289328,0.04783584477155502,2.018705853165241,-0.1613305871261033,3
1433,2024-09-25 22:42:27.869684814,0,018,0.10774738869919447,0.059582438918706286,3.5777933744130603,-0.26966218799394065,-0.24836073959801935,0.08732279860632881,1.9195905740550199,-0.15312563916044325,3
1434,2024-09-25 22:42:27.937484863,0,018,0.09252402440019879,0.06305726477175765,3.4708021796453177,-0.290298683650383,-0.3038820626732075,0.12014393037286326,1.8085924536200106,-0.14057561327791104,3
1435,2024-09-25 22:42:28.001338867,0,018,0.07526249386228864,0.06337943406744255,3.37139639198108,-0.31753581565979166,-0.3429524330519596,0.14585909827438404,1.695274363758335,-0.12459323961868092,3
1436,2024-09-25 22:42:28.063368164,0,018,0.05553346022814249,0.06082123708430091,3.2786708178219053,-0.3496864825679359,-0.3663818137698504,0.16430132459587976,1.588656515392727,-0.10633517723712167,3
1437,2024-09-25 22:42:28.140903076,0,018,0.03310001490535841,0.055727379164828644,3.1920474998482122,-0.384973132167322,-0.37555684891380653,0.17559155779962257,1.4966326148089295,-0.08714087191501828,3
1438,2024-09-25 22:42:28.201718018,0,018,0.007949274334483971,0.04849869953431095,3.1114075531133314,-0.42160563072209,-0.37233838840121786,0.18012802169703712,1.4257914861416316,-0.06849474466246895,3
1439,2024-09-25 22:42:28.276468994,0,018,-0.019703524708483414,0.039572314633618565,3.0370572426267257,-0.45785059608216866,-0.3589197469830428,0.17855515626999438,1.381597337376121,-0.05200544518993401,3
1440,2024-09-25 22:42:29.220875977,0,018,-0.049435571018335636,0.029400126090852987,2.96952521325415,-0.49209113379741304,-0.337686295617397,0.17172207682540758,1.3688418349269582,-0.039383837540221726,3
1441,2024-09-25 22:42:29.288532959,0,018,-0.08064104352041054,0.018427731233564948,2.909240174671603,-0.5228774297473682,-0.31110968859267,0.16063876953530215,1.3920813028778067,-0.03239058497396,3
1442,2024-09-25 22:42:29.350591064,0,018,-0.11254979444939701,0.007077964005696902,2.8561977300416896,-0.5489668274060103,-0.28167654223336425,0.14643208611876313,1.4556177944475175,-0.0327177884432648,3
1443,2024-09-25 22:42:29.424360107,0,018,-0.14425006390298958,-0.004258228020861475,2.809748973841524,-0.5693580605898882,-0.2518161903976202,0.13029741292630145,1.5627588813769093,-0.04178410230355392,3
1444,2024-09-25 22:42:29.489387939,0,018,-0.17473161567789303,-0.015227070085007462,2.7685526422930566,-0.5833124538750368,-0.22379222393830953,0.11344188085642702,1.7145258682173992,-0.06047004902353323,3
1445,2024-09-25 22:42:29.560052002,0,018,-0.20295828235986746,-0.025518224083219732,2.730613682746765,-0.5903401242323406,-0.1995554725710345,0.09702295248613163,1.9083499706473153,-0.0888741162860078,3
1446,2024-09-25 22:42:29.613016112,0,018,-0.2279633066825659,-0.03487105503270599,2.6933623597599556,-0.5901589473790477,-0.18059384923125057,0.08209488625268793,2.1373589808927753,-0.12618078940879585,3
1447,2024-09-25 22:42:30.545468018,0,018,-0.24894424382652194,-0.04307649800258875,2.6538363076736924,-0.5826723285397916,-0.1678410583089605,0.06957549584487549,2.390601670815497,-0.1706823548948055,3
1448,2024-09-25 22:42:30.607739014,0,018,-0.26533406700576945,-0.04997344386692666,2.608976101904524,-0.5679897670421613,-0.1616956174724874,0.060235542417102626,2.6541700484444823,-0.21993752213093956,3
1449,2024-09-25 22:42:30.668829834,0,018,-0.276849381351734,-0.0554418457570004,2.5559055782751825,-0.5464639087150889,-0.16214339346459447,0.05470208576044276,2.912867976740269,-0.2710303523008476,3
1450,2024-09-25 22:42:30.748535889,0,018,-0.2835309313250524,-0.0593933621758308,2.492119173255397,-0.5187112679338373,-0.1689270080300031,0.05346465187696994,3.151941112607919,-0.32088817823934274,3
1451,2024-09-25 22:42:30.816808838,0,018,-0.2857716737352577,-0.06175846158653872,2.415650991830657,-0.48560643841859596,-0.18170603762114282,0.05687765875049416,3.3584599770091645,-0.3665943842347392,3
1452,2024-09-25 22:42:30.884272217,0,018,-0.28431028384465973,-0.062471201979357176,2.325255903089939,-0.44824042853141277,-0.200169243405765,0.06515705291319096,3.522189781702258,-0.4056225444273962,3
1453,2024-09-25 22:42:30.946326904,0,018,-0.28018285501872603,-0.061457441752224506,2.220489246563356,-0.40783235514541716,-0.22407790237976705,0.07837265673952995,3.6360474844163595,-0.43596300625759715,3
1454,2024-09-25 22:42:31.895498047,0,018,-0.27465198629162674,-0.05863142329744612,2.1015982677868292,-0.3656097107184225,-0.25325621071232873,0.09644155428516073,3.6963641071640088,-0.45617995649757476,3
1455,2024-09-25 22:42:31.953149902,0,018,-0.2691383439612179,-0.05389797311404866,1.969284371718192,-0.322692349361944,-0.28757135780932436,0.11912901330939671,3.7030435439728264,-0.4654527759051954,3
1456,2024-09-25 22:42:32.029962158,0,018,-0.265157750250346,-0.04715439472693608,1.8244933177885465,-0.28000961613871667,-0.32692343309802047,0.14606014509855744,3.659491446170211,-0.46361145351109806,3
1457,2024-09-25 22:42:32.098871826,0,018,-0.26424648453652383,-0.03829296027459868,1.6683817058461623,-0.23826870252589244,-0.3712234143909677,0.17673947328113482,3.5721345075760467,-0.45113215734093903,3
1458,2024-09-25 22:42:32.152654053,0,018,-0.2678636017599592,-0.02721037952060469,1.5024843953993723,-0.19797594242887687,-0.4203313527560435,0.2105712306003446,3.4494755731547575,-0.4290538442547216,3
1459,2024-09-25 22:42:32.229441895,0,018,-0.2772764164412932,-0.013827338540123097,1.3289678339278914,-0.15949286877167823,-0.47395842726959403,0.24687528190591046,3.300832341000568,-0.3988102189786554,3
1460,2024-09-25 22:42:32.302272949,0,018,-0.29344554273397944,0.0018849997853054971,1.1508232628486355,-0.123106595466615,-0.531561291974882,0.2848995065620507,3.1351212156243027,-0.36202350313403575,3
1461,2024-09-25 22:42:33.245492920,0,018,-0.31692543450144467,0.019878274530427845,0.9718864971832918,-0.08909670718157271,-0.5922566277024844,0.32383296259886823,2.9600634128728562,-0.3203297511906496,3
1462,2024-09-25 22:42:33.313464111,0,018,-0.34778948376478613,0.040006603719996925,0.79660035968598,-0.05776748594534831,-0.6547802056665454,0.36282462098344603,2.781897228129002,-0.2752741809748497,3
1463,2024-09-25 22:42:33.381301025,0,018,-0.38559039433608483,0.06201584413012982,0.6295408476520578,-0.029423138537045174,-0.7175120474735909,0.40101065090971144,2.6053808395643183,-0.22826715108300294,3
1464,2024-09-25 22:42:33.449145020,0,018,-0.4293767271232486,0.0855432803156945,0.4748796286607226,-0.004309113639201986,-0.7785685286660479,0.43754911686756637,2.4338643161064457,-0.1805720230673807,3
1465,2024-09-25 22:42:33.516922119,0,018,-0.47778130953370734,0.11012984745316796,0.335957675629121,0.017440385723387065,-0.835939461427771,0.47165872551460525,2.2693832836683647,-0.13330406176083795,3
1466,2024-09-25 22:42:33.584738037,0,018,-0.52916438778072,0.13524615889494837,0.2150264784491481,0.03583495671384365,-0.8876537797656654,0.5026595019121762,2.1127797155054395,-0.08742538063110943,3
1467,2024-09-25 22:42:33.652540039,0,018,-0.581756952242298,0.1603272978336789,0.11317211643508614,0.05104020758169549,-0.931960983591089,0.5300108898700717,1.96376971134506,-0.04371472949168563,3
1468,2024-09-25 22:42:34.589458984,0,018,-0.6337510884710372,0.18480670538032729,0.030444694253498376,0.06336526257058836,-0.9674828293135722,0.5533360324894692,1.8209190048012127,-0.0026999317233025464,3
1469,2024-09-25 22:42:34.651946045,0,018,-0.6833389485742059,0.20814435740161352,-0.033870238366939094,0.0732339238636283,-0.9932786509554457,0.5724228757816062,1.6816312358414642,0.03542813968577934,3
1470,2024-09-25 22:42:34.729585938,0,018,-0.7287579991856419,0.2298543458850706,-0.08101495027968005,0.08116510563406683,-1.0088266945729487,0.5872066940704066,1.542222308665512,0.0708854534725765,3
1471,2024-09-25 22:42:34.798721191,0,018,-0.7683923284855049,0.24953909071650782,-0.11266758861353994,0.08777274480808028,-1.0139833399293796,0.5977489031826855,1.398043741871868,0.10432318522533628,3
1472,2024-09-25 22:42:34.854640869,0,018,-0.8009203502340458,0.2669280663259255,-0.1309011496092013,0.09375736664705725,-1.00897122001706,0.6042232762589143,1.2436584130432171,0.13680262701550697,3
1473,2024-09-25 22:42:34.931737061,0,018,-0.8254553610718078,0.2819079003467653,-0.1380768569443054,0.099857150892042,-0.9944018224153371,0.6069100508545197,1.0731540883245623,0.16971510091118103,3
1474,2024-09-25 22:42:35.002209961,0,018,-0.8416275480475935,0.29452932454920516,-0.13671861753292802,0.10676597057104782,-0.9713126687451726,0.6061916508882438,0.8807001825931229,0.20464120196141858,3
1475,2024-09-25 22:42:35.915360840,0,018,-0.8495874275628775,0.3049875094017415,-0.12943670757143144,0.11505101685214736,-0.9411868816737545,0.6025436123003257,0.6614267482546317,0.24313772528085506,3
1476,2024-09-25 22:42:35.977395996,0,018,-0.8499433975993842,0.3135854138749622,-0.11884703671481443,0.12508397603251042,-0.9059135763533029,0.5965167885294231,0.41255745755985307,0.28647044463477755,3
1477,2024-09-25 22:42:36.038958984,0,018,-0.8436585991514141,0.32069215411496466,-0.1074085954838913,0.13697923797400757,-0.8676672558545627,0.5887096435425335,0.1344931615929756,0.33535565911372167,3
1478,2024-09-25 22:42:36.121970947,0,018,-0.8319264345681219,0.32670146675349304,-0.09718883119385571,0.1505467188652254,-0.8287341727353263,0.5797333396578607,-0.16858505946285277,0.3897835030298751,3
1479,2024-09-25 22:42:36.178239990,0,018,-0.8160423423024024,0.33199119055789666,-0.08965331231763278,0.16528766933743155,-0.7913440770645744,0.5701752834982021,-0.48889585914654843,0.4489664944995886,3
1480,2024-09-25 22:42:36.257617920,0,018,-0.7972983873220103,0.33688854525187706,-0.08558891158720472,0.18044964878761893,-0.7575461800738286,0.5605660908505371,-0.8159761106476923,0.5114114425690129,3
1481,2024-09-25 22:42:36.325470947,0,018,-0.7769231872406254,0.3416496302518198,-0.08518175759387024,0.19512715761178404,-0.7291280050344957,0.5513537042302051,-1.138009815242396,0.5750866602209622,3
1482,2024-09-25 22:42:37.269299072,0,018,-0.7560609096859348,0.3464570310741453,-0.08818193022728775,0.20838664570625737,-0.7075595256213452,0.5428888840169188,-1.44321746093831,0.6376547349382566,3
1483,2024-09-25 22:42:37.337139893,0,018,-0.7357590243923133,0.3514301440385668,-0.09409291136186605,0.21940596637201815,-0.6939554424172784,0.5354235097475548,-1.7210602111289774,0.6967259624404184,3
1484,2024-09-25 22:42:37.405010010,0,018,-0.7169414625429392,0.35663694704247845,-0.10235133728985943,0.2276154644844027,-0.68905968321282,0.5291165276158278,-1.9631198825568434,0.7500724864794597,3
1485,2024-09-25 22:42:37.472215820,0,018,-0.7003656995223939,0.36209867275823054,-0.11245015244426217,0.23281222795637288,-0.6932571031231373,0.5240408871123923,-2.163646797262043,0.7957794112582579,3
1486,2024-09-25 22:42:37.540641113,0,018,-0.6865730433295967,0.3677875496115218,-0.12398386805137304,0.23522098730943386,-0.7066033958484631,0.520189086116644,-2.3198453064109983,0.8323569664956464,3
1487,2024-09-25 22:42:37.608483154,0,018,-0.6758394175876777,0.3736222421026286,-0.13665941426806416,0.235490067985071,-0.7288352070959767,0.5174757917552156,-2.431902266758022,0.8588247894757826,3
1488,2024-09-25 22:42:37.675290039,0,018,-0.6681334416338295,0.3794627992757284,-0.15031157369288597,0.23461621300092536,-0.7593181915646338,0.5157352061561291,-2.502684402598794,0.8747433260025147,3
1489,2024-09-25 22:42:38.619321045,0,018,-0.6630970591485208,0.3851056911612784,-0.16491115697449543,0.2337993478289257,-0.7969425896324083,0.514715677417203,-2.537087830241138,0.8801775471552237,3
1490,2024-09-25 22:42:38.686523926,0,018,-0.6600665844399595,0.3902831769295019,-0.1805620777495721,0.2342506343751061,-0.8400328271251446,0.514078849631659,-2.5411451119720017,0.8756131238356406,3
1491,2024-09-25 22:42:38.754137939,0,018,-0.6581332881136541,0.3946722549229835,-0.1975305460528487,0.23699641312664974,-0.8863366092810144,0.5134078989133288,-2.521084016975493,0.861859138013496,3
1492,2024-09-25 22:42:38.814285156,0,018,-0.6562192887205862,0.3979134451696586,-0.21633397164395535,0.24271901338368962,-0.9331144615114445,0.5122232756767947,-2.4825788656070524,0.8399588129066815,3
1493,2024-09-25 22:42:38.875824951,0,018,-0.6531436925797492,0.39963406345431346,-0.23782666504938405,0.2516604067328689,-0.9773105063297349,0.5100019258093218,-2.430380858951394,0.8111092797027394,3
1494,2024-09-25 22:42:38.958525879,0,018,-0.6476732872673189,0.399469732445663,-0.263189522111427,0.26360278247262797,-1.0157713828490331,0.5061987348270476,-2.368393982550865,0.7765997266853653,3
1495,2024-09-25 22:42:39.015002930,0,018,-0.63857173191864,0.3970826407649097,-0.2938145930249691,0.27792449201749947,-1.045486886487934,0.5002734051128641,-2.300179364995503,0.7378064991885062,3
1496,2024-09-25 22:42:39.969975830,0,018,-0.6246656322368409,0.3921811415320193,-0.3311269057983925,0.29369858199337984,-1.0638260913632067,0.4917252406734593,-2.2297176650042667,0.6962610533076692,3
1497,2024-09-25 22:42:40.037843018,0,018,-0.6049268993014684,0.3845444021160899,-0.3763614144153922,0.30978730605430826,-1.0687325573027093,0.48013089091631933,-2.1620129799302803,0.6537269941474,3
1498,2024-09-25 22:42:40.099426025,0,018,-0.5785487271782086,0.3740477161830911,-0.4303140225108075,0.3249181536581585,-1.058855528743049,0.46517537513108276,-2.1031218447331606,0.6121884511651605,3
1499,2024-09-25 22:42:40.160538818,0,018,-0.5449977618689446,0.360679500360388,-0.49312787414994264,0.3377633481291653,-1.0336223934125042,0.4466701143157416,-2.059593580126746,0.5737148415081349,3
1500,2024-09-25 22:42:40.238171143,0,018,-0.5040424230442933,0.34454498573559006,-0.5642099504881833,0.3470423803994604,-0.9932608732244702,0.424557333230868,-2.0376481301353837,0.5402448002210025,3
1501,2024-09-25 22:42:40.299817139,0,018,-0.45576006308331507,0.32585831925889225,-0.6423394633802202,0.3516434880148978,-0.9387711270368615,0.3989043512401454,-2.042328881874288,0.513349214207458,3
1502,2024-09-25 22:42:40.376591064,0,018,-0.4005208697054739,0.30492797615456146,-0.7259268712436839,0.3507464493723976,-0.8718512090521067,0.36989402434881213,-2.0767228802401947,0.4940245846111248,3
1503,2024-09-25 22:42:41.295695068,0,018,-0.33894466456603983,0.28213790851203463,-0.8133358406082897,0.34393122330771253,-0.794782065008376,0.33781568823085745,-2.141419959591558,0.48256738780823705,3
1504,2024-09-25 22:42:41.353028076,0,018,-0.2718331230413709,0.2579222959870038,-0.9032263361725668,0.3312604804306843,-0.7102825013444876,0.30305477435125805,-2.234348923740516,0.4785546510832524,3
1505,2024-09-25 22:42:41.427105957,0,018,-0.20009388656143948,0.23273220807468128,-0.9948690380044303,0.31331662223366263,-0.6213506545424677,0.26607641964724804,-2.3509259708203625,0.4809170676683277,3
1506,2024-09-25 22:42:41.489134033,0,018,-0.12467597309076206,0.20699852523138834,-1.0882961591347413,0.29117068547904457,-0.5310998082810192,0.227402726564781,-2.4844487564523896,0.48808864886686637,3
1507,2024-09-25 22:42:41.566807129,0,018,-0.04652396487477984,0.18109978194587328,-1.1841825459415516,0.2662850036773547,-0.4425849190364058,0.18758805420737532,-2.6267914526628258,0.4982221283631876,3
1508,2024-09-25 22:42:41.634912109,0,018,0.03345002716133052,0.1553411546139656,-1.2835572600905982,0.24038561920970433,-0.3586179945918865,0.14719396007773955,-2.7693427720507056,0.5094293835656019,3
1509,2024-09-25 22:42:41.702729004,0,018,0.11437853549060147,0.12994502372986963,-1.3875872530129374,0.21534145889693682,-0.2815803154223406,0.10676067454503188,-2.903872154320552,0.5199737829990995,3
1510,2024-09-25 22:42:42.645193115,0,018,0.19543467478549334,0.10505107010581682,-1.4975314072243167,0.19305159886743367,-0.21325645110409983,0.06677668247494796,-3.022998258797637,0.5283527139223574,3
1511,2024-09-25 22:42:42.704337891,0,018,0.27580761255564684,0.08072518148264969,-1.6147220315614748,0.17531172943500378,-0.15472618808915845,0.027657372066322034,-3.1202533427530414,0.5332725628679342,3
1512,2024-09-25 22:42:42.766132080,0,018,0.354659296171256,0.056976742254379535,-1.7404259658708587,0.1636433366190531,-0.10633313338269776,-0.010258250542809055,-3.19001062717869,0.5335858684491865,3
1513,2024-09-25 22:42:42.843457031,0,018,0.4310829245309489,0.03378180550067845,-1.8756052317651137,0.15911392778779224,-0.06771579765249966,-0.0466971239487933,-3.2275388669241227,0.5282705510893156,3
1514,2024-09-25 22:42:42.904541992,0,018,0.5040923987096664,0.011107376330110458,-2.02068921004413,0.16221162473082146,-0.03787895054982781,-0.0814388609651105,-3.229377672955112,0.5164977006144873,3
1515,2024-09-25 22:42:42.981750977,0,018,0.5726510986018927,-0.011067582218974723,-2.1754985295185296,0.1728335999530915,-0.015309394782598294,-0.11430304229952261,-3.194076435178483,0.49777652866174593,3
1516,2024-09-25 22:42:43.044265137,0,018,0.6357165278166422,-0.032734188656182425,-2.3394412099761377,0.19040217214893823,0.001845691403906453,-0.14513384960904369,-3.122976959015704,0.47208961222874635,3
1517,2024-09-25 22:42:43.987375000,0,018,0.6922755002535406,-0.05383551867770274,-2.5119294023962766,0.21406214268038817,0.01555425219380431,-0.17378303598983544,-3.020535069680157,0.4399174138298,3
1518,2024-09-25 22:42:44.048439941,0,018,0.7413725936128521,-0.07424977337665972,-2.692768093324724,0.2428830228495344,0.027682516710543018,-0.20009660814764835,-2.893956701424694,0.4021322078959144,3
1519,2024-09-25 22:42:44.128554199,0,018,0.782144531001628,-0.09378085167140209,-2.882297706019088,0.2760084970218923,0.03982007945087176,-0.22390586495583428,-2.7523190730609577,0.35982361842173716,3
1520,2024-09-25 22:42:44.189016112,0,018,0.8138502460622846,-0.11215826095756755,-3.0813041714242937,0.31274691108554287,0.053135742851458806,-0.24501824802710725,-2.605532969497825,0.31413333448028097,3
1521,2024-09-25 22:42:44.265276855,0,018,0.8358798332316408,-0.12904278864350258,-3.290887368039253,0.3526402361674101,0.06825342806782866,-0.2632085186174343,-2.463456976014113,0.2661404261820639,3
1522,2024-09-25 22:42:44.327328857,0,018,0.8477595773033041,-0.144037208241191,-3.5124331807725233,0.3955366929169865,0.08517788209761872,-0.27821969623125065,-2.3352395889487907,0.21678583834876955,3
1523,2024-09-25 22:42:44.389000000,0,018,0.8491868573249483,-0.15670574315602404,-3.74763693976182,0.4416344639754635,0.10330873364121985,-0.289781475874316,-2.228762941385862,0.16681021274531257,3
1524,2024-09-25 22:42:45.338624023,TASK_END,018,0.8400867030826379,-0.16660227302403716,-3.9984051189570207,0.49143752875154045,0.12153691579319273,-0.29764207106485446,-2.150131663569942,0.11672191450657778,3
