,time,MARKER,pid,L_O_DSI,L_D_DSI,L_O_DSphi,L_D_DSphi,R_O_DSI,R_D_DSI,R_O_DSphi,R_D_DSphi,trial_id
0,2024-09-26 22:23:25.727703125,TASK_BEGIN,020,-0.37036030038826795,0.09124933392537937,1.4419332886735527,0.3011538597626559,1.0253000907118985,-0.25982309385204944,7.02214080127081,-0.8845950434953029,1
1,2024-09-26 22:23:25.783711914,0,020,-0.3289578445520577,0.08437393945222862,1.3969525227247548,0.28594951422543796,1.0287336472361848,-0.2592277534394347,6.772640995828686,-0.8521114996535859,1
2,2024-09-26 22:23:26.727045166,0,020,-0.28920199406181074,0.07718303966399097,1.3292688727868094,0.2697812807557302,1.0300003384360996,-0.2578233174107619,6.531474813468958,-0.8301344613655239,1
3,2024-09-26 22:23:26.804667969,0,020,-0.251988842153211,0.06980671751083704,1.240936987422984,0.25300247963486927,1.028418032365303,-0.25559462083722084,6.30835316570764,-0.8192073629474145,1
4,2024-09-26 22:23:26.867216064,0,020,-0.21787147904303522,0.062325426653520845,1.1350257931601884,0.23599581475697437,1.0234882340633162,-0.25257868686221224,6.112032081150918,-0.8193495642656391,1
5,2024-09-26 22:23:26.941909180,0,020,-0.18714408968801635,0.0547783420457241,1.0154116417128456,0.21917962592558035,1.0148785267107965,-0.24885273753057618,5.949425374688344,-0.830005967880749,1
6,2024-09-26 22:23:27.006475830,0,020,-0.15994431124818942,0.04717877526359084,0.8864849844143086,0.20299900440685023,1.0024285323014457,-0.24452476802939413,5.825028886292818,-0.8500464002973723,1
7,2024-09-26 22:23:27.070614990,0,020,-0.13633245211572215,0.03953021241902203,0.7529058335614537,0.18789483203482302,0.9861927813193212,-0.23973338927188392,5.740744453180991,-0.8778315850139725,1
8,2024-09-26 22:23:27.145320801,0,020,-0.11632925509959965,0.031839985834412374,0.6194390515899638,0.17426613416965162,0.9664988725149616,-0.2346536184542656,5.696097144822305,-0.9113536524631644,1
9,2024-09-26 22:23:28.063600098,0,020,-0.09992461452632828,0.0241293099406172,0.49073529754116846,0.1624552965130629,0.9439743287152426,-0.2294983945487,5.68873593287068,-0.9484400536907883,1
10,2024-09-26 22:23:28.131416992,0,020,-0.08707689908898684,0.016437858560735024,0.37093391692764144,0.1527639565485521,0.9195060504148794,-0.2245084809283658,5.714912698490656,-0.9869609336574976,1
11,2024-09-26 22:23:28.196762207,0,020,-0.07771155940342543,0.00882264768307241,0.26318384008273915,0.14546376848093284,0.8941354426053231,-0.21993201689614478,5.769647307419945,-1.0249644158122366,1
12,2024-09-26 22:23:28.258760986,0,020,-0.07172319391278345,0.0013549124517679638,0.16931454552390884,0.14075813531050663,0.8689252945179133,-0.21599990559398302,5.846604405992666,-1.0607144022557922,1
13,2024-09-26 22:23:28.320321045,0,020,-0.0689840593075025,-0.005881130981818259,0.08979927644987956,0.13869089226668183,0.8448407630996769,-0.21290263178224886,5.937926806004442,-1.0926542517913682,1
14,2024-09-26 22:23:28.397970947,0,020,-0.06935336558156302,-0.01278858678848801,0.024017291548831077,0.13904024720795657,0.822670588558692,-0.21077302968556902,6.034227633355276,-1.1193401528266589,1
15,2024-09-26 22:23:28.459539795,0,020,-0.07267690731959002,-0.019260987007694744,-0.029229475779199918,0.14124755250713122,0.8029857031189658,-0.20967809436174117,6.124888096357986,-1.1394090813872313,1
16,2024-09-26 22:23:29.413733887,0,020,-0.07877407116649927,-0.025189633529913137,-0.0710170210288213,0.14440923317779555,0.7861119864217061,-0.20961838953186185,6.198773406525049,-1.1516352031687092,1
17,2024-09-26 22:23:29.481604980,0,020,-0.08741589894346503,-0.030474199385884224,-0.10154142591265461,0.14732589065070134,0.7721040512221884,-0.2105308419284105,6.24533987290547,-1.155064688883174,1
18,2024-09-26 22:23:29.540162109,0,020,-0.09829500140401601,-0.03503549142637786,-0.11948414354948801,0.14858600468065217,0.7607334687251337,-0.21229470513887358,6.2559469661284695,-1.1491745889505172,1
19,2024-09-26 22:23:29.601695068,0,020,-0.11099083997676253,-0.038828417286349885,-0.12170002837189936,0.14667221793705798,0.7515105112393112,-0.2147438691426222,6.225067610389376,-1.1340068347184582,1
20,2024-09-26 22:23:29.679404053,0,020,-0.12494586324160818,-0.04185155765643806,-0.103361874225549,0.1400910910788517,0.7437395105221899,-0.21768502489633634,6.151005901961925,-1.1102368633232211,1
21,2024-09-26 22:23:29.743332031,0,020,-0.1394623255153268,-0.04415132453665013,-0.05858692122116077,0.1275249611818693,0.7365967799540498,-0.22091710556829317,6.035876241172834,-1.0791472286305255,1
22,2024-09-26 22:23:29.819914062,0,020,-0.15370819571051278,-0.04582271329217966,0.01852355103649557,0.10799493694012224,0.7292232689145185,-0.22424729064265841,5.884976104452211,-1.042508436739094,1
23,2024-09-26 22:23:30.763191895,0,020,-0.16672039667452238,-0.04700912797871012,0.13261960275979917,0.0810094604687288,0.7208201605940366,-0.2274991033957001,5.705891685468925,-1.0023953154861784,1
24,2024-09-26 22:23:30.830649902,0,020,-0.17741380404997137,-0.04789995064386187,0.2858918741751557,0.04666336321246339,0.7107282075778871,-0.23050965595835676,5.507553616841523,-0.9609747983009372,1
25,2024-09-26 22:23:30.898814941,0,020,-0.18461888459385933,-0.04872180721308666,0.47715387551705984,0.005670076642140153,0.6984761595195285,-0.2331186117753317,5.299313574397378,-0.9203036705029704,1
26,2024-09-26 22:23:30.954898193,0,020,-0.18717208723925774,-0.04972080790795759,0.7013937132500495,-0.040668273527209836,0.6837966824879499,-0.2351573338067899,5.090124260087211,-0.8821708437868176,1
27,2024-09-26 22:23:31.033004150,0,020,-0.18405907691737458,-0.051137910642074354,0.9499448432716251,-0.09055020206979673,0.6666207627097092,-0.2364476788335328,4.887926065356289,-0.8480016425784475,1
28,2024-09-26 22:23:31.102169922,0,020,-0.17456893141563967,-0.05318475049376655,1.2112762794964202,-0.14181523103702776,0.6470637633449374,-0.23681448849675701,4.699243562352039,-0.8188203550518286,1
29,2024-09-26 22:23:31.158909180,0,020,-0.15840569291163137,-0.05602653805647853,1.4721602322655152,-0.19210230685460222,0.6254053162832097,-0.23610725134707408,4.528925235929253,-0.7952623453470477,1
30,2024-09-26 22:23:32.100872070,0,020,-0.13573320859009153,-0.05977234293965166,1.7188895257924786,-0.23899378766322815,0.6020591056533332,-0.23422128372388626,4.380058382667082,-0.777634267552538,1
31,2024-09-26 22:23:32.181135986,0,020,-0.1071575583550929,-0.06447055251040655,1.9383545623419423,-0.28014522462735963,0.5775367271056293,-0.2311110505110326,4.254133767812938,-0.7660059605061406,1
32,2024-09-26 22:23:32.248964111,0,020,-0.07365965368812215,-0.07011002601533166,2.1189694512852726,-0.31342187287199197,0.5524139907664014,-0.2267943287803075,4.151400611074939,-0.7602939453808998,1
33,2024-09-26 22:23:32.301716064,0,020,-0.03649358700354455,-0.07662763668253902,2.251482517821021,-0.33704821797945045,0.5273004338404848,-0.22134962493360572,4.071292937692553,-0.7603135904018894,1
34,2024-09-26 22:23:32.384594971,0,020,0.0029315828787858105,-0.08391996253910608,2.3296341304592647,-0.34975200785505933,0.5028124780769009,-0.21490972730781072,4.012834946238092,-0.7658075153198063,1
35,2024-09-26 22:23:32.445458008,0,020,0.04317183292709184,-0.09185561425754907,2.350579248151846,-0.35087754029365625,0.4795631353276373,-0.20765411720806484,3.9748651036309766,-0.7764479136243624,1
36,2024-09-26 22:23:32.518559814,0,020,0.08285579300317572,-0.1002849664643246,2.3150383587139434,-0.3404512455633787,0.45818155920388015,-0.19980221853628158,3.955952986838084,-0.7918016692113502,1
37,2024-09-26 22:23:33.463938965,0,020,0.1207641660934762,-0.10904524426446009,2.22719464677703,-0.31919038956725093,0.43934756787455115,-0.19160707258569348,3.954158120005603,-0.8112825946454053,1
38,2024-09-26 22:23:33.531780029,0,020,0.1558758406142279,-0.11796223767950098,2.0943350389569395,-0.28844759969154266,0.42379615472470444,-0.18334676192124144,3.9669319005299655,-0.8341303551623942,1
39,2024-09-26 22:23:33.591558105,0,020,0.1873924513443699,-0.12685311587318768,1.9262225399045747,-0.2500933053711671,0.41225827035661305,-0.17531154926273132,3.9912490036694024,-0.8594099497438639,1
40,2024-09-26 22:23:33.667351074,0,020,0.21475371532905166,-0.13553384214980765,1.734244679182851,-0.20635509984591316,0.40534986816256163,-0.16778764729997428,4.023770911081489,-0.885994208418167,1
41,2024-09-26 22:23:33.735152100,0,020,0.2376445444635873,-0.14383029061231187,1.5303977051103892,-0.15963087049847477,0.40345295103658657,-0.16104108633763925,4.060859318936228,-0.9125253460237372,1
42,2024-09-26 22:23:33.791990967,0,020,0.25598913718017713,-0.1515888310741463,1.3261896982689616,-0.11228602395585165,0.4066303301839968,-0.1553047298954828,4.098479244753107,-0.9373883915057566,1
43,2024-09-26 22:23:33.870573975,0,020,0.26992859139139597,-0.1586829071427356,1.1316825647159348,-0.06646670687498651,0.4145901371590059,-0.1507662287239302,4.132093178723921,-0.9587109121882923,1
44,2024-09-26 22:23:34.778878906,0,020,0.2797880166423164,-0.16501621158928287,0.9549029264437733,-0.023969684055958337,0.42668897207236656,-0.1475511876835534,4.156546316784615,-0.9743770898369102,1
45,2024-09-26 22:23:34.856837891,0,020,0.28604780452286693,-0.17052550964385582,0.8016251064945106,0.013826203167905012,0.44196322135367516,-0.14570420344840423,4.165973608772216,-0.9820711765484731,1
46,2024-09-26 22:23:34.924621094,0,020,0.28932231036100814,-0.175183956232036,0.6754141238729283,0.04598422678315354,0.4591954798009457,-0.14518147137740958,4.153884717644662,-0.9793976468308707,1
47,2024-09-26 22:23:34.992384033,0,020,0.2903341446331409,-0.179003277220486,0.5779108813920624,0.07199020124898924,0.4770148042326952,-0.14586290844722355,4.113547755671839,-0.9640924827793684,1
48,2024-09-26 22:23:35.060162109,0,020,0.2898796863123216,-0.18203397286665063,0.5093249151321142,0.09168623963709234,0.49400512916850026,-0.14757558912461427,4.0386217844768915,-0.9342822173880106,1
49,2024-09-26 22:23:35.117734863,0,020,0.28878894669277155,-0.18436337465879085,0.4689383946790304,0.10517906695174524,0.5088024184955801,-0.15011688032520853,3.9238527801356087,-0.8887341167488423,1
50,2024-09-26 22:23:35.195736816,0,020,0.2878715592027411,-0.18610964122515747,0.4553934795416793,0.11276061279589814,0.5201875329427779,-0.15327428039392804,3.765609044906105,-0.8270572942110264,1
51,2024-09-26 22:23:36.137842773,0,020,0.2878415370194769,-0.1874090411154299,0.46670090140156917,0.11486504385979984,0.5271775630186513,-0.1568416165946421,3.562143040820907,-0.7498251942358664,1
52,2024-09-26 22:23:36.199529785,0,020,0.2892381379722317,-0.18839699270425384,0.5000934654454418,0.11205352884716828,0.5290883285604043,-0.1606271155402593,3.313694954620795,-0.6586068461327493,1
53,2024-09-26 22:23:36.261062012,0,020,0.29237039980304,-0.18918783362791158,0.5518726438575118,0.10500631028849036,0.5255425307382323,-0.16445082578358342,3.0226474721442345,-0.5559205199494847,1
54,2024-09-26 22:23:36.338270996,0,020,0.2972933478679824,-0.18985969449269466,0.617299073265575,0.0945195285937561,0.5164463090885602,-0.16813877089156457,2.6937693871169834,-0.445123608819633,1
55,2024-09-26 22:23:36.410257079,0,020,0.30380652585300716,-0.19044822928637856,0.6905801783361605,0.08150454146114598,0.5019863678424924,-0.17152621689355163,2.334366168520909,-0.330225337967893,1
56,2024-09-26 22:23:36.476982178,0,020,0.31147021809784087,-0.19094881792546659,0.76510604419142,0.0669611852212042,0.48266435204786107,-0.17447390954380132,1.9541343181644562,-0.21561249088240378,1
57,2024-09-26 22:23:36.545804932,0,020,0.3196414055763879,-0.19132299833825098,0.8340414826833487,0.05189511219326162,0.4593324477427032,-0.17688768118658985,1.5646841352036525,-0.10573155648286063,1
58,2024-09-26 22:23:37.489164062,0,020,0.3275265442352966,-0.19150355736149952,0.8911697647592891,0.037193406987381245,0.4331835882132116,-0.17872779305653325,1.17887661245672,-0.004803494385574068,1
59,2024-09-26 22:23:37.546845947,0,020,0.33425217489653913,-0.1913973993338577,0.9317139162025132,0.02351727561973939,0.40567835063332575,-0.18000283808487474,0.8101729175307372,0.08338519618800981,1
60,2024-09-26 22:23:37.624465088,0,020,0.33896624296766553,-0.19089197584116727,0.9528705373993529,0.011266144278661076,0.37842334330616645,-0.18075376379855573,0.47208122261377605,0.15562489524311854,1
61,2024-09-26 22:23:37.686460938,0,020,0.3409640373716791,-0.18986938446836266,0.9539330968786772,0.0006192393253837378,0.35302960205124884,-0.18103666330411222,0.17761849302108307,0.2093919240485962,1
62,2024-09-26 22:23:37.748947021,0,020,0.33979259348926816,-0.18822397027404683,0.9360365209116093,-0.008383558466107227,0.33097816813732805,-0.1809104016208264,-0.061289350753213824,0.24293963934906893,1
63,2024-09-26 22:23:37.826197021,0,020,0.3352903224437334,-0.18587699896701151,0.9016430192635939,-0.015767175828782714,0.3135084838981234,-0.1804312578503162,-0.23440472591972714,0.25535523415429456,1
64,2024-09-26 22:23:37.887748047,0,020,0.32756608029677975,-0.18278616843914444,0.8539436897151178,-0.021578639109708014,0.3015244398123079,-0.17965128647013737,-0.333731959789083,0.2465684214834662,1
65,2024-09-26 22:23:38.830646973,0,020,0.31694940505412533,-0.1789494132114706,0.7963981195921915,-0.025878643870595987,0.29551293527650235,-0.17861543217213469,-0.354118981001864,0.21732892555470393,1
66,2024-09-26 22:23:38.892522217,0,020,0.3039348185812168,-0.1744023644253739,0.7325471960659872,-0.028754500447663558,0.29550474130087656,-0.1773590905614533,-0.29391935144811665,0.1691750888267147,1
67,2024-09-26 22:23:38.974932861,0,020,0.28913141070033893,-0.16921133273333133,0.6660075925848378,-0.03033877793287346,0.30112272334658824,-0.17591236547505115,-0.15551353239794408,0.10439412631093133,1
68,2024-09-26 22:23:39.031149902,0,020,0.2732270974303058,-0.16346699826757535,0.6004529748538108,-0.030825352319009243,0.3117205174482677,-0.1743120573268962,0.05454040474769908,0.02596103689095317,1
69,2024-09-26 22:23:39.107845947,0,020,0.256973684290407,-0.15728377484695188,0.5394806060502593,-0.030475288640584006,0.3265616200246308,-0.17261685542996813,0.3258178528030361,-0.06255840219340666,1
70,2024-09-26 22:23:39.171056885,0,020,0.24118414617895226,-0.15080314619833388,0.48636366007006726,-0.029599928902474145,0.3449743358866883,-0.17092138613898236,0.6447738600088339,-0.15715163091477086,1
71,2024-09-26 22:23:39.233545166,0,020,0.2267181497586327,-0.14419240490192,0.44375022538486786,-0.028519680067000605,0.36643869970637355,-0.16936545866503247,0.9958077058122062,-0.2535546391848315,1
72,2024-09-26 22:23:40.164303955,0,020,0.2144391091675164,-0.1376335484972254,0.41339071723673054,-0.027515283348060086,0.39059683089795416,-0.16813526624986233,1.3624396905643883,-0.34749390002322617,1
73,2024-09-26 22:23:40.220749023,0,020,0.2051524323155433,-0.13130672873814586,0.39589656647675575,-0.02678418739442279,0.4172077195354765,-0.1674554695405492,1.728362472344722,-0.4349433010155773,1
74,2024-09-26 22:23:40.299935059,0,020,0.1995515034759867,-0.12537629718851484,0.3905041499765332,-0.02640141238598378,0.4460730769357938,-0.16757144677341443,2.07821494449811,-0.512339494138371,1
75,2024-09-26 22:23:40.367705078,0,020,0.19818872428100678,-0.11998289760478603,0.394966952620344,-0.026292353139276147,0.4769524773674917,-0.1687199583185508,2.398115287924558,-0.5767284252002024,1
76,2024-09-26 22:23:40.421334961,0,020,0.20146539167976185,-0.11523927164915361,0.4057676773830909,-0.02623432207509344,0.5094857817285432,-0.1710905392227025,2.676107898003496,-0.6258705756480143,1
77,2024-09-26 22:23:40.503281006,0,020,0.20962232752264212,-0.11122647555272437,0.41864928031314463,-0.025885538340101974,0.5431441591167926,-0.17478757077313453,2.9026003890384557,-0.6583398130901925,1
78,2024-09-26 22:23:40.560246826,0,020,0.22271795302288808,-0.10798961495871506,0.4292677804344933,-0.024822906881059217,0.5772272011481927,-0.1798059090499261,3.0707526147816133,-0.6736183352431551,1
79,2024-09-26 22:23:41.501395996,0,020,0.2405858716877482,-0.10553237233383611,0.4337787100644999,-0.0225815832960977,0.6109147207248065,-0.18602860415583086,3.176764695645014,-0.6721635723907459,1
80,2024-09-26 22:23:41.581162109,0,020,0.262772599061154,-0.10380848527908638,0.42926765759054386,-0.018703575212893134,0.6433626688125538,-0.19324601472239658,3.219992613761885,-0.6554070461110036,1
81,2024-09-26 22:23:41.640779053,0,020,0.28848145715641016,-0.10271179218349909,0.41399894996599845,-0.012797463014293157,0.673810395879079,-0.20118617079541595,3.2027709146173873,-0.6256388921135134,1
82,2024-09-26 22:23:41.716718018,0,020,0.3165701020290993,-0.10207240484403698,0.38749295238069015,-0.004602630102419346,0.7016632800041774,-0.20954326258159378,3.1298690713892348,-0.5857613934584314,1
83,2024-09-26 22:23:41.780159912,0,020,0.34562639269697515,-0.10166603139109763,0.35047638490345695,0.005950091866023089,0.7265265303423588,-0.21799648877344768,3.0076720759758,-0.5389596344801654,1
84,2024-09-26 22:23:41.841766113,0,020,0.37409013316562356,-0.10123504731157763,0.3047469728767655,0.018692713385502265,0.7481823994487992,-0.2262201820839785,2.843332431123698,-0.4883787942535137,1
85,2024-09-26 22:23:41.920106934,0,020,0.40036379882514933,-0.10051357683442222,0.2529357580338663,0.033205785725249126,0.7665291208736708,-0.23389205335917004,2.644149264768961,-0.4368753429382452,1
86,2024-09-26 22:23:42.863581055,0,020,0.4228960679564836,-0.09925168851861103,0.19814715895961163,0.04884477881178323,0.7815222079288974,-0.24070597634816818,2.4172586461201773,-0.386858165829721,1
87,2024-09-26 22:23:42.931389160,0,020,0.44027216885597414,-0.09723945706115525,0.14353508684731398,0.06480206573692011,0.7931496991446708,-0.24638972886808386,2.1695546531162293,-0.34021508200243705,1
88,2024-09-26 22:23:42.999187988,0,020,0.4513387112175897,-0.09433094836446146,0.09185687316601555,0.08020029041359741,0.8014352407793468,-0.25072212146959255,1.9077994124920725,-0.2983326739539263,1
89,2024-09-26 22:23:43.066955078,0,020,0.45534075264849416,-0.09046304560264841,0.04494928196504308,0.09421948366899444,0.8064342612735538,-0.25354321507583966,1.6389658282093889,-0.26220719823435273,1
90,2024-09-26 22:23:43.126144043,0,020,0.4520208999804868,-0.08566292892142242,0.0031364666140968334,0.10624608797015817,0.8082001616950535,-0.25475544116343013,1.3707177147308311,-0.23259390215737624,1
91,2024-09-26 22:23:43.188628906,0,020,0.44164707711244056,-0.08004255202012135,-0.035211462871947735,0.11600783954874887,0.8067368781755037,-0.25431909321211643,1.1116947681907454,-0.21010917223630585,1
92,2024-09-26 22:23:43.266399902,0,020,0.42496148829361563,-0.07378237369591273,-0.07368082221600634,0.12365124770873404,0.8019722592329243,-0.2522485499212654,0.8712811594557102,-0.1952312669643769,1
93,2024-09-26 22:23:44.205730957,0,020,0.4030607389534471,-0.0671070798267904,-0.11726092759161168,0.12973429178680163,0.7937604972012106,-0.24861131693776176,0.6588287940312939,-0.1882082542220578,1
94,2024-09-26 22:23:44.268215820,0,020,0.37723543971882173,-0.060256136116337455,-0.17136161673442993,0.13513637120874586,0.7818922912563375,-0.24352475877158333,0.482598200558331,-0.18891841785056349,1
95,2024-09-26 22:23:44.349178955,0,020,0.34880582362030554,-0.05345337064239922,-0.24065329181950804,0.1409078582136061,0.7660946168421879,-0.23714480956453923,0.34876020519752976,-0.19674555230568122,1
96,2024-09-26 22:23:44.407889893,0,020,0.3189810960087744,-0.046881068457611,-0.32797587972165376,0.1480838279931906,0.7460182655636677,-0.22964641322575077,0.2606958564708187,-0.2105481010379684,1
97,2024-09-26 22:23:44.484553955,0,020,0.28876011052180756,-0.04066352025673986,-0.4335340415329815,0.15749303354777927,0.7212235957737373,-0.22120078344076094,0.21868870736363977,-0.22876653622021112,1
98,2024-09-26 22:23:44.546510009,0,020,0.2588824258906102,-0.034862195467073503,-0.554556748423159,0.16960241275642404,0.6911899328621266,-0.21195801000899966,0.21998941989464718,-0.2496192877226877,1
99,2024-09-26 22:23:44.620370117,0,020,0.22982661391363263,-0.029481094714883013,-0.685475082814786,0.1844215565821333,0.6553755245460673,-0.2020416838956518,0.2591147960076235,-0.2712845493594375,1
100,2024-09-26 22:23:45.563648926,0,020,0.2018444793466566,-0.024478101128334696,-0.8185170548886468,0.20146813500195607,0.6133249214050185,-0.19155377103860005,0.3281923512958453,-0.2920093369103644,1
101,2024-09-26 22:23:45.620560791,0,020,0.17501968033312104,-0.019778439315580362,-0.9445705865545103,0.21979730686313206,0.5647903971373719,-0.1805826717428804,0.417289843913026,-0.31016376116378364,1
102,2024-09-26 22:23:45.697322998,0,020,0.14933828785457837,-0.015289206857851786,-1.0541877490469815,0.23810116811461418,0.509838589600403,-0.16921147664685512,0.5148716156006379,-0.32429038521397796,1
103,2024-09-26 22:23:45.758395020,0,020,0.1247522353386336,-0.010914158574081947,-1.138583224981362,0.25485821823243715,0.44892905670946576,-0.15752760331361682,0.6085650986961726,-0.3331737533036382,1
104,2024-09-26 22:23:45.820937988,0,020,0.10121659968874978,-0.006565472125185043,-1.1904572500943227,0.26848668613781085,0.3829490402853171,-0.14563275777217788,0.6862311354222265,-0.3359129208951172,1
105,2024-09-26 22:23:45.902633789,0,020,0.07870015861615569,-0.0021707657759988948,-1.2045284573281085,0.27746681781106775,0.313190723700048,-0.13365006953334166,0.7371122377576654,-0.33196468661135103,1
106,2024-09-26 22:23:45.959081055,0,020,0.057188290304094516,0.002321829914557147,-1.1777893574628002,0.280432304705976,0.2412763696706906,-0.12172641438992761,0.752812598834951,-0.3211410401006566,1
107,2024-09-26 22:23:46.888792969,0,020,0.03669499482220802,0.006937450202912978,-1.1096143595091057,0.2762520434212173,0.1690473519465662,-0.11002842626344335,0.7279937993769535,-0.3035673986362898,1
108,2024-09-26 22:23:46.951237061,0,020,0.017287501346759517,0.01166769818163068,-1.0018395335545924,0.2641174563041895,0.09843036600080973,-0.09873100665701338,0.6607732970425813,-0.27962812765355055,1
109,2024-09-26 22:23:47.024514893,0,020,-0.0008800467316756826,0.016465942111495314,-0.8587690547123672,0.2436280971923061,0.03129534360031301,-0.0879998852725246,0.5528555052146928,-0.24993128468888995,1
110,2024-09-26 22:23:47.084937988,0,020,-0.017532878487574274,0.0212462773506686,-0.6868995205602716,0.2148454808053444,-0.03067778259341381,-0.07797258330468373,0.4094158205849166,-0.21530075635782658,1
111,2024-09-26 22:23:47.146162109,0,020,-0.03226036636259442,0.025886454046119826,-0.4942036616008689,0.17828364813084052,-0.08611084602588459,-0.06874178383915354,0.2386702586706949,-0.17676487101407248,1
112,2024-09-26 22:23:47.223820068,0,020,-0.04454368113148485,0.030236545488134887,-0.28908974126098974,0.13483480554522576,-0.13400862072602052,-0.0603438169817005,0.05102814156317255,-0.13549621515754137,1
113,2024-09-26 22:23:47.295614014,0,020,-0.053840592528656445,0.034136358942079774,-0.07938394558389057,0.08566574106438192,-0.17379948187896874,-0.0527554195430003,-0.14207354309365133,-0.09269579985126818,1
114,2024-09-26 22:23:48.224811035,0,020,-0.05971392728203646,0.037440502790857644,0.12834282312792322,0.03212873480972522,-0.20532861436109937,-0.04590143237473302,-0.32930568388928494,-0.04947298535783762,1
115,2024-09-26 22:23:48.306648926,0,020,-0.0619625983385395,0.04004340224498883,0.32895817196341115,-0.024291062909090663,-0.22880400139226525,-0.03967283980831767,-0.5002814023652531,-0.006781927328823915,1
116,2024-09-26 22:23:48.374514159,0,020,-0.060707075915820065,0.041894324080686114,0.5184740704220744,-0.0819904034731783,-0.24470967149326853,-0.0339507549825209,-0.6461330739231124,0.03457102003618665,1
117,2024-09-26 22:23:48.440731934,0,020,-0.05640252061900983,0.04299691212220047,0.6934397676278592,-0.13923889014248197,-0.25371937168467823,-0.02862928325876337,-0.759997644028634,0.07388033997247234,1
118,2024-09-26 22:23:48.510086914,0,020,-0.04978754500154556,0.04339605415656309,0.8503103239070738,-0.19417953042097955,-0.25663702368201097,-0.023630980823045395,-0.8374026507968698,0.11049530201115361,1
119,2024-09-26 22:23:48.577907959,0,020,-0.04179281189629619,0.0431602859461895,0.9850547353150744,-0.24487488039006927,-0.2543532622080036,-0.018914422246513858,-0.8763826888802783,0.14379374358896518,1
120,2024-09-26 22:23:48.645718018,0,020,-0.0334252307604869,0.04236590613879039,1.0931155759438356,-0.28940852099748077,-0.2477891842512987,-0.01447870687224299,-0.8772481518823818,0.17316952461822036,1
121,2024-09-26 22:23:49.588937988,0,020,-0.025636712024229586,0.041083745150973926,1.1696949618944978,-0.326021184594778,-0.23782185625299776,-0.010367935765665555,-0.8421597282237642,0.19802730854097692,1
122,2024-09-26 22:23:49.656798096,0,020,-0.019193410597875944,0.039367224924728134,1.2102807690079653,-0.35324895599204903,-0.22521075089241765,-0.0066729477722132485,-0.7747721546015658,0.21780084554104956,1
123,2024-09-26 22:23:49.717137939,0,020,-0.01457131514768351,0.03724240344534845,1.2112982988698273,-0.3700343463334935,-0.21054558689375508,-0.0035252230801993837,-0.680110781304124,0.2320204323174186,1
124,2024-09-26 22:23:49.790165039,0,020,-0.011906803119560825,0.03470426302060559,1.1707447915616396,-0.3757909836530883,-0.19423572082176394,-0.0010793390580341085,-0.5646163123765949,0.24043272037950916,1
125,2024-09-26 22:23:49.852233887,0,020,-0.011017974696806074,0.03172321703816022,1.0886912080930935,-0.3704219920046041,-0.17655432730500753,0.0005153722796940151,-0.43612315903569426,0.24313935674057524,1
126,2024-09-26 22:23:49.914311768,0,020,-0.011483900016563013,0.02826078440869883,0.9675946352952132,-0.35431053752449065,-0.1577154321400844,0.0011457532647096706,-0.30358569876064173,0.24069334896618982,1
127,2024-09-26 22:23:49.992419922,0,020,-0.012746134815390732,0.024289386491398227,0.8123475991639888,-0.32829630591528447,-0.13793882254554618,0.0007559053615420952,-0.1765379279652393,0.23409548780490647,1
128,2024-09-26 22:23:50.899572998,0,020,-0.014202873327517417,0.019811465142247405,0.6299915882767438,-0.2936353472901267,-0.11748205833975187,-0.0006487287198021376,-0.06438054733420814,0.22468138792966053,1
129,2024-09-26 22:23:50.976800049,0,020,-0.015290162491464754,0.014874974337831177,0.4291629420825795,-0.25193979611777995,-0.09664493814556642,-0.0030125037453513116,0.02437706200102218,0.21394708502888277,1
130,2024-09-26 22:23:51.039284912,0,020,-0.015552374728008623,0.009583040085491816,0.21945344016718735,-0.20510257792476289,-0.07575485700103464,-0.006247426155536673,0.08283990542003976,0.2033654053313366,1
131,2024-09-26 22:23:51.116045898,0,020,-0.014688317612045719,0.004095091541962664,0.010803046357591382,-0.15521072769827696,-0.055146561841245924,-0.0102462235948216,0.10645059738220033,0.19420321927466971,1
132,2024-09-26 22:23:51.184019043,0,020,-0.012551532280152877,-0.0013828931978153364,-0.18709248533611167,-0.10444198612852482,-0.03514281810145471,-0.014884860489019623,0.09372346499835736,0.18733872143136943,1
133,2024-09-26 22:23:51.240572998,0,020,-0.009103992293107276,-0.006618073970180047,-0.3654091207508814,-0.05494551632102814,-0.016021994154495473,-0.020019342291098273,0.0467944524815263,0.18311860822435844,1
134,2024-09-26 22:23:51.317061035,0,020,-0.004351563463326755,-0.011374712703852445,-0.5168102070275842,-0.008728218417818094,0.002023783494406041,-0.025482615084104814,-0.028506887334938842,0.1813139721066644,1
135,2024-09-26 22:23:52.262865967,0,020,0.0017040850819584077,-0.015435275133669445,-0.6359174117682278,0.032433787239544765,0.0189006417882716,-0.031080790594203413,-0.12321800950924643,0.1811926440280608,1
136,2024-09-26 22:23:52.320185059,0,020,0.009082872026995013,-0.01861499625197244,-0.7195302640150605,0.06706237004237237,0.034575704155689606,-0.03658949755187366,-0.22633903282933424,0.18167181365351073,1
137,2024-09-26 22:23:52.398508057,0,020,0.0178207599459703,-0.020771018942279906,-0.7665850289131994,0.0940295913499271,0.04901879351822238,-0.04175783643725324,-0.32613855269546416,0.18149295153161552,1
138,2024-09-26 22:23:52.466290039,0,020,0.02795151760690353,-0.021808702179526688,-0.7779533906611583,0.11258968020030026,0.06215509358944654,-0.046324608093069104,-0.41131961043607124,0.17937755348587944,1
139,2024-09-26 22:23:52.521402100,0,020,0.03947494197066334,-0.02168536828790828,-0.756205678786957,0.12238991134619294,0.0738410542675875,-0.05004294912782458,-0.4719191760681659,0.1741582802482243,1
140,2024-09-26 22:23:52.599046875,0,020,0.05230860450770257,-0.02040984580625455,-0.7053595739119823,0.12346521394704203,0.08387708468831048,-0.052708176605092784,-0.5000306982442548,0.1648989750925098,1
141,2024-09-26 22:23:52.660649170,0,020,0.06623848532030494,-0.01803806017041471,-0.6305656079703185,0.11621883719678074,0.09206820135761544,-0.054186708058451855,-0.49043028394703986,0.15100452623135097,1
142,2024-09-26 22:23:53.610901123,0,020,0.08090020120651818,-0.014667313785194497,-0.5377244579088797,0.10139511498984226,0.09831560116645002,-0.05444232724489837,-0.44104478431047145,0.13230501536987965,1
143,2024-09-26 22:23:53.680731934,0,020,0.09580523109364157,-0.010429795083234324,-0.43307117995806177,0.08005120997189856,0.10270357586866785,-0.05355339931800105,-0.35314388582045453,0.10909833337646316,1
144,2024-09-26 22:23:53.737687988,0,020,0.11039185494821095,-0.005482200620560782,-0.322768502635487,0.05352166738390194,0.10555821496933258,-0.051716503761303365,-0.23122893310872136,0.08213821058719911,1
145,2024-09-26 22:23:53.814940918,0,020,0.12407203794310906,1.0631796558830429e-05,-0.21254583306349184,0.02336021735565815,0.10746969322268017,-0.049234867754755066,-0.08268478806694686,0.05255550625402712,1
146,2024-09-26 22:23:53.884126953,0,020,0.13626189601475555,0.005895844190448223,-0.10737350016954256,-0.008751356794203262,0.10927239777055894,-0.046492024073317914,0.08274928892155549,0.021720365398431644,1
147,2024-09-26 22:23:53.951947021,0,020,0.1464000856881268,0.01205095752436693,-0.01114647274967938,-0.041124281167789996,0.11197666289014074,-0.043913675153049544,0.2536858373609374,-0.008914337563630697,1
148,2024-09-26 22:23:54.019750977,0,020,0.1539693229447207,0.01839400537194904,0.0735803965612405,-0.07219499657542908,0.11665143806947181,-0.04192292677773952,0.4179924690985264,-0.037945959847286714,1
149,2024-09-26 22:23:54.950653076,0,020,0.1585308810866121,0.02488155720462507,0.1457289150641962,-0.10063793656681413,0.12427679011307714,-0.040896400934438706,0.5638670373283362,-0.06412046561485733,1
150,2024-09-26 22:23:55.031876953,0,020,0.15976395244956274,0.03149642417121678,0.20566532941794982,-0.1254285925690786,0.13560639480898284,-0.04112982788768194,0.680905346065646,-0.08639759423482324,1
151,2024-09-26 22:23:55.099691895,0,020,0.15750267633254023,0.03822949733889206,0.2549882540452974,-0.14584005659627455,0.15107217630671382,-0.04281769821388706,0.7608719475622567,-0.10397531230968922,1
152,2024-09-26 22:23:55.167524170,0,020,0.1517801952203216,0.045058784739497516,0.29614365059566544,-0.16138147418757884,0.1707329697370725,-0.04604558484995966,0.798049789334485,-0.11628372314259919,1
153,2024-09-26 22:23:55.228641113,0,020,0.14288388138733887,0.05192877716866934,0.3319114352769593,-0.17171799614916358,0.19425238729936986,-0.050790980459049784,0.7893559408820691,-0.12299156226151499,1
154,2024-09-26 22:23:55.291762207,0,020,0.13140034695815558,0.058735669516899285,0.3648655013456953,-0.17662456557663367,0.22089614011625314,-0.05692808117809748,0.7345208411045064,-0.12406360641536573,1
155,2024-09-26 22:23:55.370858887,0,020,0.1182167188818461,0.06532371619536317,0.3969499439636633,-0.17599733480892824,0.24955146061104183,-0.06423247009629707,0.6364573677740214,-0.1198590790420719,1
156,2024-09-26 22:23:56.309896973,0,020,0.10445751868820286,0.07149364762309071,0.42927602331028086,-0.16989801204087857,0.27877973494721936,-0.07238499444523822,0.5016601224908958,-0.11121151540890226,1
157,2024-09-26 22:23:56.371941162,0,020,0.09136347801093783,0.0770199294071267,0.4621122736911157,-0.15858234317601702,0.3069149596622869,-0.08098077912284847,0.340281476002633,-0.09942652883019852,1
158,2024-09-26 22:23:56.439917969,0,020,0.08014409025654293,0.08167300940765666,0.49492416758115204,-0.14247978650567117,0.3322133010341265,-0.08955230020101863,0.16560357746654047,-0.08618212464493258,1
159,2024-09-26 22:23:56.511978027,0,020,0.07184593070247322,0.0852431929141871,0.5263624266392076,-0.12213161678330568,0.3530326683205519,-0.09760725292608441,-0.007065784040799845,-0.07336902802469904,1
160,2024-09-26 22:23:56.585812012,0,020,0.06726777414536618,0.08756156245714473,0.5542468536367169,-0.09812540185276072,0.36799098146017595,-0.10467070833724737,-0.16178072826949969,-0.06291888456516759,1
161,2024-09-26 22:23:56.653569824,0,020,0.06692625700257866,0.08851356921504193,0.5756638376567756,-0.07105906170975565,0.37606017624196714,-0.11032103673140257,-0.2833445945870137,-0.056638446501178,1
162,2024-09-26 22:23:56.713279053,0,020,0.07105486247860843,0.08804491221974065,0.5872585096483688,-0.04154371939202429,0.37659097630820415,-0.11421654015047049,-0.3585807634145,-0.05604296824184456,1
163,2024-09-26 22:23:57.634172119,0,020,0.07962062936830715,0.08616237801003283,0.5857137664951887,-0.010237117008684703,0.36928574721245144,-0.11611306942111393,-0.3774356358149673,-0.062195137282700014,1
164,2024-09-26 22:23:57.694562012,0,020,0.09234961044339403,0.08293151483451361,0.5682987296679832,0.02211159789978373,0.3541423433023587,-0.11587284433574804,-0.33384585955926166,-0.07557409690089792,1
165,2024-09-26 22:23:57.772214844,0,020,0.10875334605777755,0.07847155543584994,0.5333288285600998,0.054625773021344304,0.3313944380141122,-0.11346496105537425,-0.22632952653527835,-0.09598472346456227,1
166,2024-09-26 22:23:57.834213135,0,020,0.1281617887730923,0.07294712043984612,0.4804380158068732,0.08628479460674011,0.3014658270363769,-0.1089579141436475,-0.05824858687186616,-0.12250829764139444,1
167,2024-09-26 22:23:57.910590820,0,020,0.14978180928623103,0.0665549146493776,0.41062416483943576,0.11593829112563636,0.2649426277944901,-0.10250552864528552,0.16234142833233273,-0.15352063123495438,1
168,2024-09-26 22:23:57.974028076,0,020,0.17277962662409885,0.059505236689470206,0.32609373003059566,0.14236016964592552,0.22256383084059359,-0.0943308124664461,0.42321645008484254,-0.18680917349361048,1
169,2024-09-26 22:23:58.037236816,0,020,0.19635224895108105,0.052003095273569236,0.23002384777357388,0.16432886272427183,0.17523259147402678,-0.08471268772811304,0.7087315108936906,-0.21978008751665004,1
170,2024-09-26 22:23:58.987781006,0,020,0.21976444570227135,0.044233894484221804,0.12633551949775942,0.18071022483920354,0.12403995835721808,-0.07397519874648117,1.0007677986758012,-0.24971583794152039,1
171,2024-09-26 22:23:59.055625977,0,020,0.24236643330958144,0.03635390396044701,0.019418091655642723,0.19053991591906477,0.0702700654875228,-0.06247287367741079,1.2799939208108595,-0.274054924285079,1
172,2024-09-26 22:23:59.123370850,0,020,0.2636091953529114,0.028485348184515754,-0.08626530447336714,0.19310478084599153,0.015354462803292581,-0.0505673337435603,1.5274757719726115,-0.2906814556577032,1
173,2024-09-26 22:23:59.191217041,0,020,0.2830489712552564,0.02071762878443535,-0.1865749653273913,0.1879978644602544,-0.0392176026359465,-0.03859878853019958,1.7265296307418343,-0.29820117512523114,1
174,2024-09-26 22:23:59.247156006,0,020,0.3003282586781441,0.013113577894570442,-0.27793327313299954,0.17512817449043178,-0.09199313908180082,-0.026862995290160084,1.8645731935656065,-0.29615225845955756,1
175,2024-09-26 22:23:59.324347900,0,020,0.31513487395845646,0.005717894544037915,-0.3574283434720386,0.15470653625256764,-0.14162831399458764,-0.015601894884597107,1.9345543994390213,-0.28508461418691083,1
176,2024-09-26 22:23:59.386374023,0,020,0.32715830735373047,-0.0014339446699977354,-0.4228804129285507,0.1272328179388337,-0.18694066002447632,-0.005007068156883794,1.9355180551952313,-0.2664581954497806,1
177,2024-09-26 22:24:00.330498047,0,020,0.33607610322680737,-0.008308934428038015,-0.4728402991417639,0.09347151641686942,-0.22694691822134494,0.004771060806738244,1.8721297276445237,-0.2423570269638223,1
178,2024-09-26 22:24:00.406368896,0,020,0.3415861686476198,-0.014874805714120715,-0.5064433162902775,0.05439114259415243,-0.2608978476163428,0.013615994188030927,1.753376249636508,-0.21508714457193362,1
179,2024-09-26 22:24:00.472364990,0,020,0.3434615707993415,-0.02110148864807394,-0.5231722244313094,0.01107352623836392,-0.2883222350864132,0.021445920538604665,1.5909466400686345,-0.18678974117816208,1
180,2024-09-26 22:24:00.531279053,0,020,0.34159201129060646,-0.026959915596839166,-0.5226698419638635,-0.03537720595106409,-0.3090754222411177,0.02822338553695214,1.3977497943866777,-0.15918984501850458,1
181,2024-09-26 22:24:00.609783936,0,020,0.3360002859886994,-0.032415031485923985,-0.5046591890399579,-0.08390114538687274,-0.32337287078344334,0.03396746300088676,1.186718091177589,-0.13351220287373383,1
182,2024-09-26 22:24:00.677587891,0,020,0.3268439470345021,-0.037416254261423455,-0.46893533329507797,-0.13351143610613514,-0.3317889827814062,0.0387597953214966,0.969824327091419,-0.11051374366650857,1
183,2024-09-26 22:24:00.731417969,0,020,0.31440935918560425,-0.041891417655074877,-0.4154384958028747,-0.18327409144178836,-0.33520426775768225,0.04274007733260163,0.7572860161642545,-0.09056577764916658,1
184,2024-09-26 22:24:01.662905029,0,020,0.2990940542871305,-0.045747585602876686,-0.3444668762239395,-0.23223693391646494,-0.3346956860329185,0.04609179120039148,0.5570620503995573,-0.07374274675351616,1
185,2024-09-26 22:24:01.724964111,0,020,0.2813795813329112,-0.048878666578541494,-0.25699734227151255,-0.2793362287854855,-0.33139771359398845,0.049022878067640316,0.37474526034126227,-0.05989724213447545,1
186,2024-09-26 22:24:01.786969971,0,020,0.2618140885717256,-0.05117877108949287,-0.15498735116055198,-0.3233247709193238,-0.32638758544576507,0.0517471680734236,0.21386165386220998,-0.04872306146222296,1
187,2024-09-26 22:24:01.867014893,0,020,0.2410159438255895,-0.05255907216636192,-0.041531599311897247,-0.36274787496463484,-0.32062631738209874,0.05446861971769147,0.07648026950152763,-0.03982437059853404,1
188,2024-09-26 22:24:01.926496094,0,020,0.21967599601580914,-0.0529628137985409,0.07923002764338045,-0.39598202441528874,-0.31493957253981053,0.05736652017762024,-0.036126503077202284,-0.03279111690881301,1
189,2024-09-26 22:24:02.002657959,0,020,0.19852371625036788,-0.05237236988210572,0.2024569061052577,-0.42134515533198613,-0.31001216570381723,0.06058256120314029,-0.12310672188939795,-0.027248667948292116,1
190,2024-09-26 22:24:02.070496094,0,020,0.17825337501248711,-0.05080705696988705,0.3230372058574564,-0.4372608258131351,-0.3063936325975263,0.06421441156134419,-0.1839999495888787,-0.022866888646525464,1
191,2024-09-26 22:24:03.003684082,0,020,0.15944775336077013,-0.048316901676342984,0.4359513107169816,-0.44243719043937557,-0.30451277295681384,0.06831592650670805,-0.21878072919544592,-0.019359959156083864,1
192,2024-09-26 22:24:03.081493896,0,020,0.14254464826541935,-0.04497932893588548,0.5366090566842628,-0.4360271390706069,-0.3046814723306168,0.07289820022083832,-0.22782620591455496,-0.016495408318781764,1
193,2024-09-26 22:24:03.143052979,0,020,0.12785663124918017,-0.04090144669234365,0.6212251764811229,-0.41774347550767776,-0.30707667888389883,0.07792830322400267,-0.21199339758961525,-0.014081722500682752,1
194,2024-09-26 22:24:03.205493896,0,020,0.11561437326290065,-0.03622479929490131,0.6871508272814432,-0.3879101742576842,-0.3117082283175249,0.08332713903299423,-0.17293897482086554,-0.011911232435457329,1
195,2024-09-26 22:24:03.281676025,0,020,0.10599808857749816,-0.031126668648954872,0.7330360088132007,-0.34745315509081626,-0.318378526625695,0.08896684462329459,-0.11355091624468595,-0.00968095319714453,1
196,2024-09-26 22:24:03.343734863,0,020,0.09914628298975812,-0.02581384346598811,0.7587739420184167,-0.29785275269573647,-0.3266400549570664,0.09466851837718362,-0.03827941501232098,-0.006930963045894504,1
197,2024-09-26 22:24:03.420391113,0,020,0.09515425470298547,-0.02050954428420176,0.7652711740556237,-0.24107532684109742,-0.33577718887292946,0.10020639493985131,0.04679593500625558,-0.0030268222163145732,1
198,2024-09-26 22:24:04.359190918,0,020,0.09407840248846577,-0.015437772382169108,0.7541718597651504,-0.1794841625366491,-0.34484769106456714,0.10532498478164659,0.13420342694418844,0.0028079928272855517,1
199,2024-09-26 22:24:04.420779053,0,020,0.09594814015239649,-0.010808870300899928,0.7276363064381974,-0.11571687805246629,-0.35279029250194943,0.10976713090770068,0.21551292415832152,0.011415654264609445,1
200,2024-09-26 22:24:04.497492920,0,020,0.1007689661597466,-0.006806340974936491,0.6881399506000941,-0.0525223574934481,-0.35856889080791926,0.11330446284045448,0.28185350836924744,0.023589790158651047,1
201,2024-09-26 22:24:04.559021973,0,020,0.10850279454198354,-0.00357354540225047,0.6382448758910809,0.007426861685524589,-0.3613131381010397,0.11576327493717384,0.32452644121605345,0.039936212497714965,1
202,2024-09-26 22:24:04.634895020,0,020,0.11903329606584981,-0.0012024503055197032,0.5804099254362666,0.06171748530415396,-0.36042063343094904,0.11704028643426571,0.3358080243362519,0.060729751741221,1
203,2024-09-26 22:24:04.698178955,0,020,0.13212733376721686,0.00027208799072289864,0.5169054496992691,0.10835253421471241,-0.3556005233942987,0.11710202284233032,0.30996907916479266,0.08578356854701864,1
204,2024-09-26 22:24:04.760785889,0,020,0.14739116991713747,0.000873033124519017,0.4497747086906949,0.1458725176135857,-0.3468636324569991,0.1159674305944006,0.24431715720023833,0.11435054368626599,1
205,2024-09-26 22:24:05.702673828,0,020,0.16423101771168575,0.0006793240776210437,0.3807654442010805,0.1734293563287185,-0.33448590976146964,0.11368468705691716,0.13989682312259583,0.14509959170270942,1
206,2024-09-26 22:24:05.780288818,0,020,0.18184615630946463,-0.00017820982963679462,0.3112577363074101,0.19079963453290782,-0.31897088601816226,0.11031659087410098,0.0015726130051359735,0.1762116832340807,1
207,2024-09-26 22:24:05.842307129,0,020,0.19926703007948968,-0.0015238083777542224,0.24223832783115407,0.19834087310949058,-0.30101015157314004,0.10593946279656524,-0.16254720509397305,0.2055947729619242,1
208,2024-09-26 22:24:05.917743896,0,020,0.21541915911804502,-0.003146211425594272,0.17431111776808927,0.19691771625798166,-0.28141788568597687,0.10064890667006718,-0.3422492278856828,0.23116697383329388,1
209,2024-09-26 22:24:05.985554932,0,020,0.22918591810570862,-0.004809134797431035,0.10772715811135826,0.187821851097451,-0.2610279574337474,0.09456251122239616,-0.5267552214170284,0.2511464972428978,1
210,2024-09-26 22:24:06.053334961,0,020,0.23945588059697262,-0.0062609813958009125,0.042457832173745796,0.17268352804662418,-0.24057211911135323,0.08781401244245039,-0.7063580222291225,0.2642947623282612,1
211,2024-09-26 22:24:06.121090820,0,020,0.24516092772638468,-0.007244389075854997,-0.02165388367593955,0.15335642404583472,-0.2205693397355073,0.08053986354124618,-0.8736904228129153,0.2700611659493789,1
212,2024-09-26 22:24:07.060780029,0,020,0.24533140724865013,-0.0075103420262159545,-0.08468165982997801,0.13176876426134077,-0.20125218347836116,0.07286290200694322,-1.0242594941728647,0.26859633875947736,1
213,2024-09-26 22:24:07.117649170,0,020,0.2391886791536052,-0.006840172529950203,-0.14644056819449733,0.10975661056811317,-0.18255134111161186,0.0648782770971006,-1.1562300611030754,0.260646218620501,1
214,2024-09-26 22:24:07.193989990,0,020,0.2262584464902498,-0.005070667778676554,-0.20642807098154672,0.08890376725736077,-0.1641500096742282,0.056647013400583444,-1.269723600485774,0.2473784601025493,1
215,2024-09-26 22:24:07.256437988,0,020,0.20646024841062635,-0.0021119386493347343,-0.2638514780604994,0.07041047931232748,-0.14560369026602493,0.04820186535737803,-1.3659485395977617,0.23019636042673686,1
216,2024-09-26 22:24:07.331242920,0,020,0.18014313744526012,0.0020482658421332894,-0.31767056558007883,0.05501613497067799,-0.12649806025262264,0.03956423558650475,-1.4463924583549819,0.21056381146840608,1
217,2024-09-26 22:24:07.398736084,0,020,0.14807239534063735,0.007351328982422152,-0.3666160250256863,0.04299177671898041,-0.10659167830813973,0.030763053452358354,-1.512176509201502,0.18982658072946915,1
218,2024-09-26 22:24:07.466266113,0,020,0.11137954297991608,0.01368007776367873,-0.4091477681268406,0.03418494371325965,-0.0858904321143294,0.02184623447490706,-1.5636095092935716,0.1690236702098738,1
219,2024-09-26 22:24:08.386833984,0,020,0.07147107051135562,0.02087487332424811,-0.44335946320653746,0.028085373894341282,-0.06463888193241367,0.012883234821418446,-1.6000356861434777,0.14874100308943722,1
220,2024-09-26 22:24:08.456487061,0,020,0.029897477157319236,0.028753046139205884,-0.466964160781378,0.02391125670642575,-0.04325398069585117,0.003963540864384172,-1.6200762435690708,0.12908661243437222,1
221,2024-09-26 22:24:08.524229004,0,020,-0.01177880232735219,0.037125925606356885,-0.4775147141115268,0.02073955895830204,-0.022243499626052744,-0.0048040440913848,-1.6222412105873703,0.10981858774920955,1
222,2024-09-26 22:24:08.586489014,0,020,-0.05206552010307446,0.045804715233190386,-0.47282313666555176,0.017674831221842133,-0.0021488134803908225,-0.013288913229365004,-1.605746568083708,0.09058335244045336,1
223,2024-09-26 22:24:08.648513184,0,020,-0.08956821901628059,0.05459479302111236,-0.45138486620175455,0.014009311724692407,0.016470771037964498,-0.0213328606811753,-1.5712424608150801,0.07116767489665042,1
224,2024-09-26 22:24:08.726177002,0,020,-0.12300887699927184,0.0632894354119682,-0.41268198725315375,0.009328689557438883,0.033026153948175575,-0.028743869976731205,-1.5211530977821546,0.051662080648839044,1
225,2024-09-26 22:24:08.787259033,0,020,-0.15127412077739708,0.07167414688501525,-0.35738920046983397,0.003551829466647356,0.046887865228906464,-0.035295410698721365,-1.4595638756935316,0.03249057388748029,1
226,2024-09-26 22:24:09.723895996,0,020,-0.17349712421741245,0.07954451703115237,-0.28754029532459785,-0.0030797457873901145,0.05740000617255051,-0.04073709403970048,-1.3917786619512336,0.014327680113149503,1
227,2024-09-26 22:24:09.801517090,0,020,-0.18915964193358129,0.08673369483752677,-0.2066454803102754,-0.010043093513094726,0.06392514220062384,-0.04481757848316932,-1.3236474321421026,-0.002045464882172706,1
228,2024-09-26 22:24:09.863575928,0,020,-0.19818881316663536,0.09314039786059716,-0.11969768656293239,-0.016601668622366554,0.06590633369405326,-0.047313235869262435,-1.2608145654628333,-0.01588119800446527,1
229,2024-09-26 22:24:09.941978027,0,020,-0.20101197824834005,0.09874579687817168,-0.033024135634003,-0.021902472507464653,0.06292145981995116,-0.04805168599248629,-1.2081197066456277,-0.026554614402389803,1
230,2024-09-26 22:24:10.009803955,0,020,-0.19854073668909397,0.10361266907088536,0.04601104858726503,-0.025083265403011173,0.05471231235203469,-0.04692234736738115,-1.169215412936618,-0.03361096607739417,1
231,2024-09-26 22:24:10.077616943,0,020,-0.19208155287238346,0.10786962400331486,0.10942409579264747,-0.025348024262197108,0.0411935369449701,-0.0438755430307581,-1.1462892711621913,-0.0368025957792354,1
232,2024-09-26 22:24:10.145344971,0,020,-0.18319421754544013,0.11168825823621417,0.1491460024522244,-0.021988163730618286,0.0224635227847869,-0.03891874527227906,-1.1398956813582415,-0.036110206004047664,1
233,2024-09-26 22:24:11.086980957,0,020,-0.17353051876829864,0.11525963739356547,0.15771428967206003,-0.014376118600122034,-0.0011702575032389111,-0.03211604133227348,-1.1490226939290948,-0.03172404543207592,1
234,2024-09-26 22:24:11.148544189,0,020,-0.1646837754133721,0.11877262835025487,0.12912963785875778,-0.001983867485409871,-0.029160510189335624,-0.023590217346227623,-1.1713588410386506,-0.023992045966611312,1
235,2024-09-26 22:24:11.224824951,0,020,-0.15806617434416256,0.12239434307756814,0.059769087803860164,0.01554028273769264,-0.06070330230481367,-0.013524747923450145,-1.203551421043523,-0.01337137866589135,1
236,2024-09-26 22:24:11.287306152,0,020,-0.15481570320714286,0.12625370530916205,-0.05084030473048756,0.03824768848346768,-0.09475836113119261,-0.0021636167162351863,-1.2413343208980474,-0.0004137215349359647,1
237,2024-09-26 22:24:11.360403076,0,020,-0.15573398845955946,0.13043075008830066,-0.19957587460613302,0.06576480944877501,-0.13012428815013435,0.010194331159699338,-1.2796271904842282,0.014220030051500044,1
238,2024-09-26 22:24:11.426821045,0,020,-0.16126220110156944,0.13495331730864316,-0.3797079197424272,0.09721666562992716,-0.1655595344389243,0.023209788534892806,-1.3128410236892558,0.029758768307697584,1
239,2024-09-26 22:24:11.496031006,0,020,-0.17149546040432154,0.1397999388094384,-0.5813322217228251,0.1312277121581928,-0.1999134029893457,0.03652434577993054,-1.3355160848635776,0.04537367009595918,1
240,2024-09-26 22:24:12.439260986,0,020,-0.18622089208445022,0.14490628166619002,-0.7921853098191529,0.16600983586261756,-0.23223191997777293,0.04978189963847348,-1.3431069677294527,0.060269108956550264,1
241,2024-09-26 22:24:12.495853027,0,020,-0.204957616568208,0.15017312779775546,-0.9987400754930736,0.19952160766789273,-0.2618193902623497,0.06264515661957261,-1.3325796890987602,0.07376009104052784,1
242,2024-09-26 22:24:12.574408936,0,020,-0.22698958772730127,0.15547550633875726,-1.1874968923752158,0.229667200452832,-0.28824860442705125,0.07480717529288769,-1.3027015102817876,0.08530982019177606,1
243,2024-09-26 22:24:12.642730957,0,020,-0.2514046909306114,0.16067362364320945,-1.3463953178904626,0.25451113835239786,-0.311324961724757,0.0859982048703507,-1.2541298531211085,0.09453728240849187,1
244,2024-09-26 22:24:12.698924072,0,020,-0.2771563777950444,0.1656244144297146,-1.4661333460900594,0.2724818420284686,-0.3310221251741341,0.09598715579898191,-1.189352865251681,0.10120912019296247,1
245,2024-09-26 22:24:12.776072998,0,020,-0.303144119854856,0.17019020184176023,-1.541045939979157,0.2825247831976395,-0.3474057123984628,0.10457952146184633,-1.1124522360742346,0.10523264801265719,1
246,2024-09-26 22:24:12.838558105,0,020,-0.32829872537952526,0.17424322111452356,-1.5693636083464282,0.28418852499804637,-0.36055630989771487,0.11161580258027619,-1.028739881658257,0.1066761584264687,1
247,2024-09-26 22:24:13.764316162,0,020,-0.3516672412469505,0.17766977706984977,-1.552998645087403,0.27765775668163517,-0.3705117163358383,0.11697377371756866,-0.9443149856465404,0.10581382583090847,1
248,2024-09-26 22:24:13.819534180,0,020,-0.37249194518074447,0.1803775103864417,-1.4970716548978902,0.26373363364543134,-0.3772508338020421,0.12057570759908989,-0.8654444485599364,0.1031378683561306,1
249,2024-09-26 22:24:13.897164062,0,020,-0.3902600602412036,0.18230196011369787,-1.4092357793070982,0.24373908702412184,-0.38071592002697946,0.12239763387783383,-0.7977467615190625,0.09928750686819039,1
250,2024-09-26 22:24:13.962529053,0,020,-0.4046944066647389,0.18340421052666664,-1.2988303851368967,0.21934991380534372,-0.38084381123375755,0.12247408233026051,-0.745411107015726,0.09491884551614452,1
251,2024-09-26 22:24:14.021404053,0,020,-0.41568135381275234,0.18365731325167026,-1.1759681518949652,0.1923868165059553,-0.37758716498872724,0.12089470960633725,-0.7106878925753531,0.0905801290210989,1
252,2024-09-26 22:24:14.103355957,0,020,-0.4231681217233566,0.1830280068946273,-1.050625715970789,0.1646063665605462,-0.37094073307759257,0.11779704508321909,-0.6937125670186484,0.08662871455766527,1
253,2024-09-26 22:24:14.171170898,0,020,-0.42706949532227745,0.1814620224766256,-0.9317648466044819,0.13752224528376927,-0.3609954780331925,0.11336236507892103,-0.692643458399204,0.08318775439797577,1
254,2024-09-26 22:24:15.104706055,0,020,-0.4272094628623692,0.1788776198031251,-0.8265796697058188,0.1122856645542196,-0.34800532355365676,0.1078148868571948,-0.70404183976958,0.08012343556273036,1
255,2024-09-26 22:24:15.181479004,0,020,-0.42331168287681176,0.1751680488717306,-0.7400314233063479,0.08964115742915477,-0.33241809000010186,0.1014157506604017,-0.7233755790182602,0.0770312327036757,1
256,2024-09-26 22:24:15.249965820,0,020,-0.4150368997417254,0.17020993198779855,-0.6747434524681797,0.06995081610182444,-0.3148441505812254,0.09444425461511266,-0.745538772630654,0.07324379945821106,1
257,2024-09-26 22:24:15.317728027,0,020,-0.4020440089066854,0.16387333925644476,-0.6311424545480653,0.053257622548616386,-0.2959779124258052,0.08716822907039695,-0.7652885188008661,0.06787951979900411,1
258,2024-09-26 22:24:15.385543945,0,020,-0.3840527981716463,0.1560326810785503,-0.6076934868451099,0.03935402446211459,-0.2764959456297464,0.07981066214700346,-0.777558863266402,0.05993451829849664,1
259,2024-09-26 22:24:15.443259033,0,020,-0.36090758532512507,0.14658113950367227,-0.6012287189943823,0.02784207253996052,-0.25695274223779235,0.07251806693821511,-0.7777444546129902,0.04840965368648031,1
260,2024-09-26 22:24:15.520478027,0,020,-0.3326474111197204,0.13545081199896603,-0.6074494364771165,0.01819446047185814,-0.23770660191087545,0.0653362149095882,-0.7620779079102015,0.03245676975456838,1
261,2024-09-26 22:24:16.463476807,0,020,-0.2995738834872752,0.12263681295989999,-0.6215747415554975,0.009829950856844735,-0.21890315476191038,0.058201742521421046,-0.7280840727114167,0.011513617043146459,1
262,2024-09-26 22:24:16.531347900,0,020,-0.2622932820350661,0.10821877713868609,-0.638993101138381,0.0022015242457026933,-0.2005091054622165,0.050955708343268846,-0.6749341330103767,-0.014608361815306373,1
263,2024-09-26 22:24:16.589164062,0,020,-0.22171014129764088,0.09237079125462112,-0.6557802229575654,-0.00512413018070214,-0.18236807697677385,0.043376908154405154,-0.6035444190881827,-0.045694480105369466,1
264,2024-09-26 22:24:16.665915039,0,020,-0.17896872735965072,0.0753542676166974,-0.6690330101803413,-0.012424743791995414,-0.16426672570129625,0.03522707736876962,-0.516455068162884,-0.08113275367432879,1
265,2024-09-26 22:24:16.727922852,0,020,-0.1353656138481081,0.05749668227810985,-0.6770288831606128,-0.019836238750194024,-0.14601080245512038,0.02629871212171661,-0.41759827515920256,-0.11993263445463612,1
266,2024-09-26 22:24:16.789051025,0,020,-0.09226465823617418,0.039165472272740275,-0.6792124961364432,-0.02741407512951876,-0.12749284316501294,0.016455014823012457,-0.31193153570412196,-0.16076375676799107,1
267,2024-09-26 22:24:16.866720947,0,020,-0.05102399774182203,0.020744928369036474,-0.6759775357977549,-0.03521007568513212,-0.10872300969735935,0.005652861940891788,-0.20485426696458942,-0.20203692596003806,1
268,2024-09-26 22:24:17.798688965,0,020,-0.012920486255349925,0.0026180344885178212,-0.6682415309588281,-0.0433284016532953,-0.0898122018812389,-0.006053869617890862,-0.10146049267728459,-0.2420381679132429,1
269,2024-09-26 22:24:17.876385986,0,020,0.020939599480311075,-0.014847541924747272,-0.656945767607865,-0.051936039174488094,-0.07091460409282163,-0.018526892592556514,-0.005763882515516565,-0.27910913464570075,1
270,2024-09-26 22:24:17.938378174,0,020,0.04971356172397564,-0.03130993109142428,-0.6427135501990529,-0.06122274938009595,-0.05214121743588185,-0.03156585954317975,0.07999471778332799,-0.31184477864801635,1
271,2024-09-26 22:24:18.016488037,0,020,0.07289687976357517,-0.04646141792781481,-0.6258063482490628,-0.07132989100140896,-0.03346171188127058,-0.04493424335671914,0.15581457087774128,-0.339255061880237,1
272,2024-09-26 22:24:18.084783936,0,020,0.09035994918447861,-0.06003608622516868,-0.6062891211941356,-0.08228633363383678,-0.014628286889752843,-0.058382950160329,0.22400379252194963,-0.360840208302763,1
273,2024-09-26 22:24:18.152571045,0,020,0.10234016661730014,-0.07181672796522057,-0.5842066630654652,-0.09398305413969346,0.00483616453337847,-0.07166709360133758,0.2887429938309562,-0.3765561802696117,1
274,2024-09-26 22:24:18.217756104,0,020,0.10939765920526066,-0.08164088877220727,-0.5597118444651437,-0.10617889513929134,0.02556443276588321,-0.0845531419587156,0.3550950991264466,-0.38666866142473727,1
275,2024-09-26 22:24:19.133347900,0,020,0.11234419782165876,-0.08940574654129353,-0.5332412158936891,-0.11850250242324536,0.04820353690386172,-0.09681553045662541,0.42754582432876426,-0.3915308234212907,1
276,2024-09-26 22:24:19.194473145,0,020,0.11214689684225654,-0.09507029452905139,-0.5057540004939233,-0.13044236099498902,0.07324675368787122,-0.1082251306276764,0.508453775217679,-0.39137878752629157,1
277,2024-09-26 22:24:19.272097168,0,020,0.10981433726261355,-0.09865428649006461,-0.47887424615913443,-0.14135743026444617,0.10087656674368592,-0.11853596766221201,0.5969091972635262,-0.3862356945180067,1
278,2024-09-26 22:24:19.333607910,0,020,0.10628448353319038,-0.10023577899782697,-0.454741265587249,-0.15053957004090882,0.13084133712099924,-0.12747753420538574,0.6882885569219783,-0.37593371060870034,1
279,2024-09-26 22:24:19.395678955,0,020,0.10232961326284924,-0.09994871999603852,-0.43551892825436345,-0.15732408161609002,0.16238345209740396,-0.13475699263223762,0.7745625549719968,-0.3602076526596119,1
280,2024-09-26 22:24:19.473327881,0,020,0.0984851379989041,-0.09797942931482187,-0.4227521099187734,-0.16121120100834938,0.19424089489263482,-0.14007240786724723,0.845288649571167,-0.33881786210973164,1
281,2024-09-26 22:24:19.534938965,0,020,0.09501148978697839,-0.0945597616915598,-0.41688235757676234,-0.16195662269861255,0.2247383170099595,-0.1431368814288682,0.8890476200479175,-0.31166540407553295,1
282,2024-09-26 22:24:20.473732910,0,020,0.09189887211274467,-0.08995677479768588,-0.4171101717908708,-0.15961175658148882,0.2519540182767226,-0.14370947174966092,0.8949433387429658,-0.27886008738876433,1
283,2024-09-26 22:24:20.555916016,0,020,0.08891591112063521,-0.08446189090829644,-0.42159039000477294,-0.15451206551335675,0.27391654816852384,-0.1416222623921962,0.8538699255718324,-0.24071894493612236,1
284,2024-09-26 22:24:20.612787109,0,020,0.08569340314597793,-0.0783831094031994,-0.4278437745256379,-0.14721693020107468,0.28878782213852394,-0.1367944803221546,0.7594746566232573,-0.19770909482469862,1
285,2024-09-26 22:24:20.690407959,0,020,0.08182955033007457,-0.0720408130253126,-0.43323090414858173,-0.13841396818509452,0.2950249471773925,-0.12923635553533241,0.6088636831082049,-0.15038022598041795,1
286,2024-09-26 22:24:20.752094971,0,020,0.07700731688207112,-0.06576494626794349,-0.43536678884427216,-0.12880727709822917,0.2915270459908713,-0.11905246107144396,0.4030574829466096,-0.09933115483442861,1
287,2024-09-26 22:24:20.827041992,0,020,0.07111450210859001,-0.05989053743494149,-0.4324849843931801,-0.11900119025523308,0.2777441271546079,-0.1064473124457879,0.14712949345283904,-0.0452235391109765,1
288,2024-09-26 22:24:20.894090820,0,020,0.06433397405701187,-0.05474736604118425,-0.4238580683506721,-0.10938413696388868,0.2537086462942786,-0.09172666889357188,-0.15005143479333646,0.011176480224083154,1
289,2024-09-26 22:24:21.832906982,0,020,0.05715465229244565,-0.050640032688198396,-0.4102672182625145,-0.1000328951171617,0.21999292948170845,-0.07528912305175423,-0.4765045225097902,0.06896385420580296,1
290,2024-09-26 22:24:21.905975098,0,020,0.05028348521480384,-0.04782029770916467,-0.39426741267287424,-0.09068372940339085,0.1776448997938715,-0.05760961238623723,-0.818192829542337,0.1270953083098826,1
291,2024-09-26 22:24:21.972603027,0,020,0.04449500884252978,-0.046460160551561776,-0.3799529451867357,-0.08080683447154223,0.1281393069465431,-0.03921860158980991,-1.1603162249641519,0.18442993053693832,1
292,2024-09-26 22:24:22.035399902,0,020,0.04048719191766927,-0.04663455900985427,-0.37218950336500406,-0.06976647393519961,0.07332419032980898,-0.02067715656601121,-1.4886659874038077,0.23980377781569023,1
293,2024-09-26 22:24:22.096962891,0,020,0.038793603484558396,-0.04831635917538206,-0.37557332586876185,-0.05700706649322735,0.01531646385311105,-0.0025460302713263333,-1.7908512313605247,0.29212875605188077,1
294,2024-09-26 22:24:22.177159180,0,020,0.039752079166498436,-0.05138025486450546,-0.3934706524360778,-0.04221107867271929,-0.04366743674871898,0.014650112642930802,-2.0571950645727903,0.3404877745764093,1
295,2024-09-26 22:24:22.235714111,0,020,0.04349719412979136,-0.055611804177632895,-0.42735282259706103,-0.0254066269667086,-0.10150302516531838,0.03045675177863937,-2.281136963842296,0.3841895862982132,1
296,2024-09-26 22:24:23.188870117,0,020,0.049949967890725096,-0.06072099550051146,-0.4764468688662519,-0.0070260458700361975,-0.15630265009776184,0.04451315236397246,-2.459117951365937,0.42276816579321064,1
297,2024-09-26 22:24:23.247333984,0,020,0.05880050469414509,-0.06636121288369821,-0.537677674575372,0.012085576684187506,-0.20648026825928897,0.05656260034830128,-2.5901458840399902,0.4559527658918551,1
298,2024-09-26 22:24:23.308906982,0,020,0.06948982353124213,-0.07215284444686765,-0.6059134997484216,0.030726223263876893,-0.25075888149300346,0.06645484142547557,-2.6753742254156476,0.483664508989206,1
299,2024-09-26 22:24:23.386093994,0,020,0.08119980295769713,-0.07770884387470883,-0.6744848418322109,0.04746390929063802,-0.28815905887357673,0.07414723980775814,-2.71785608397367,0.5060609100903936,1
300,2024-09-26 22:24:23.460007812,0,020,0.0928705753299003,-0.08265989398089628,-0.7358897741147341,0.06081156293406001,-0.317985880113492,0.07970450470559694,-2.722302177875592,0.5235750507676579,1
301,2024-09-26 22:24:23.527811035,0,020,0.10326619433187512,-0.08667734534678131,-0.7826086042144769,0.06941164025479787,-0.3398157929235504,0.08329164657365243,-2.694600841000542,0.5368815015521365,1
302,2024-09-26 22:24:23.595596191,0,020,0.11108485140190842,-0.08949052740804402,-0.8079627573415937,0.07220669309777936,-0.353479555117396,0.08515476256225492,-2.641098785504228,0.5467797083590054,1
303,2024-09-26 22:24:24.510330811,0,020,0.11508928084008073,-0.09089570295855363,-0.8069074942369661,0.06858125969050269,-0.3590313675099926,0.08558797269171409,-2.567883025411197,0.5540419775256962,1
304,2024-09-26 22:24:24.580530029,0,020,0.11423830962098405,-0.09075951091548543,-0.7766321863730993,0.05845091770713335,-0.35670174920728787,0.08489156161064967,-2.480330531781285,0.559284793445824,1
305,2024-09-26 22:24:24.632860107,0,020,0.10780724076678938,-0.08902310879666185,-0.7169172494672681,0.042275712554332864,-0.3468579674474999,0.08333347826310503,-2.3830051986556913,0.562901241727711,1
306,2024-09-26 22:24:24.709139893,0,020,0.09548208459418557,-0.08570932357136675,-0.6302395122886222,0.0209957131397486,-0.330005158458611,0.08112750728895884,-2.279791427818317,0.5650689800104712,1
307,2024-09-26 22:24:24.770275879,0,020,0.07741845750685243,-0.08092976914723925,-0.5215974553821042,-0.004091101057372063,-0.306827912340515,0.07843291719332643,-2.174151522370983,0.5658298324741315,1
308,2024-09-26 22:24:24.847711182,0,020,0.05426318680081055,-0.07488741993213553,-0.3980596184869574,-0.031476152334374646,-0.27823280505883585,0.07536882659876376,-2.069470460840786,0.5652093834695568,1
309,2024-09-26 22:24:24.909715820,0,020,0.02712774549365251,-0.06787060491298512,-0.2680804726345773,-0.05959055332861631,-0.24535573704225244,0.07203277076744388,-1.96940934155811,0.5633194385973428,1
310,2024-09-26 22:24:25.862783936,0,020,-0.0024988456548353717,-0.06023620932286866,-0.14063365027226563,-0.08695540285498557,-0.20952664441113636,0.0685165268640742,-1.8780860480227595,0.56039227628296,1
311,2024-09-26 22:24:25.930602051,0,020,-0.032882116494668906,-0.052384416179500216,-0.024299018563221773,-0.11231702625724861,-0.17219600672680385,0.06491484227285547,-1.79992706745138,0.5567313644170169,1
312,2024-09-26 22:24:25.996020020,0,020,-0.062181813021241636,-0.04473083188571121,0.07347127293143656,-0.13472508429860217,-0.13483145503262733,0.06132444301316954,-1.739211061421343,0.5525996227434106,1
313,2024-09-26 22:24:26.066155029,0,020,-0.08857963016325687,-0.037680221748262625,0.1467951631210222,-0.15352722438027455,-0.09880674537160204,0.05783514786881853,-1.699490560227919,0.5480844657042561,1
314,2024-09-26 22:24:26.119154053,0,020,-0.11040213407724929,-0.03160273537728851,0.19156344842151354,-0.16829936060396367,-0.06531064256991985,0.054518116530256344,-1.6830821022057993,0.5429809094358352,1
315,2024-09-26 22:24:26.201299072,0,020,-0.12624100114081635,-0.026813445658453835,0.20545698830132111,-0.17875453658214674,-0.0352877463801734,0.05141512789422207,-1.6907040738930872,0.5367306741998327,1
316,2024-09-26 22:24:26.269524170,0,020,-0.13505350313273026,-0.023557399513865183,0.1878095975741276,-0.1846711670012007,-0.009399856005826194,0.04853013633392106,-1.721274013456166,0.5284460139169285,1
317,2024-09-26 22:24:27.212874023,0,020,-0.1362236338413423,-0.022001985126393744,0.13939579722174472,-0.18586369642400533,0.012014962804649375,0.04582296931773224,-1.7718531396522166,0.5170170438437491,1
318,2024-09-26 22:24:27.268462891,0,020,-0.12957300334115712,-0.022237533158543214,0.06221969698094108,-0.18219263299324923,0.028989394687464788,0.0432065785332885,-1.8376766077747257,0.5012640368749319,1
319,2024-09-26 22:24:27.348463135,0,020,-0.11532225509626437,-0.024285336967712894,-0.04065842500245085,-0.17359835028570042,0.04194990155703625,0.04055151731361462,-1.9122327047552883,0.4800966296917192,1
320,2024-09-26 22:24:27.416271973,0,020,-0.09402030963850506,-0.028108295774558846,-0.16522548115012772,-0.16014722000640852,0.05168040549063297,0.03769874517382773,-1.9874863669779919,0.4526698472692156,1
321,2024-09-26 22:24:27.468956055,0,020,-0.06647005690124966,-0.0336172483968139,-0.3065493092325484,-0.14207976897884134,0.059217181652738655,0.03447735296378939,-2.0543867456663953,0.41852321644953505,1
322,2024-09-26 22:24:27.547064941,0,020,-0.03367642934597099,-0.040669221983172875,-0.4588079045221451,-0.11984808722007434,0.06569214990460034,0.030724142948686303,-2.10364951548602,0.37766182874500004,1
323,2024-09-26 22:24:27.619643066,0,020,0.003169827080360307,-0.04905891652619813,-0.6153904011087633,-0.09413320680838252,0.07216215801193834,0.02630339214119406,-2.1266229416254534,0.33055033573734466,1
324,2024-09-26 22:24:28.557993896,0,020,0.04267964254614465,-0.05850835875750362,-0.7691153834295893,-0.06583505121906262,0.079470565443954,0.02112335534238926,-2.1160458012044496,0.27804617745486804,1
325,2024-09-26 22:24:28.630769043,0,020,0.08325398116349886,-0.0686621418299708,-0.9125873804721978,-0.036026182969196456,0.08816321392680647,0.01514687347779104,-2.066634831479652,0.22132345761599076,1
326,2024-09-26 22:24:28.697166016,0,020,0.12310986605324836,-0.07909568760476687,-1.038662525783026,-0.005871115742987241,0.09843971376358998,0.008398523473011857,-1.9754655591458599,0.16179603367360898,1
327,2024-09-26 22:24:28.759650879,0,020,0.16036377942946367,-0.08933907860589653,-1.1409209156141913,0.023467727162757846,0.11011777203538105,0.000971019390862097,-1.8420587553204295,0.10100910008070749,1
328,2024-09-26 22:24:28.834145020,0,020,0.19316291869503507,-0.09891190260385056,-1.2140466995210997,0.05091257228162858,0.12262943706385374,-0.006973718276652957,-1.6681673559681893,0.0404990384720361,1
329,2024-09-26 22:24:28.899815918,0,020,0.21982866620389596,-0.10736003369398654,-1.2541161555702398,0.07553234520425404,0.13508628461527905,-0.015216058089972059,-1.457423927983234,-0.01832842254550305,1
330,2024-09-26 22:24:28.962302002,0,020,0.23896972485920118,-0.11428537236557965,-1.2588539512458297,0.09659373613190939,0.14640717685014884,-0.023500562996973475,-1.2150319199010131,-0.07425462992389703,1
331,2024-09-26 22:24:29.888510009,0,020,0.24954654624014447,-0.11936464083305091,-1.227868297525456,0.11362001328936729,0.15545105619317703,-0.03155655361586274,-0.9475592418761319,-0.12623819985264556,1
332,2024-09-26 22:24:29.945878906,0,020,0.25090316530642026,-0.12235985413211731,-1.1628073032275732,0.12646452154639473,0.16110340429085934,-0.03910887294484839,-0.6627991591389701,-0.17337469752715917,1
333,2024-09-26 22:24:30.023082031,0,020,0.24279083819837374,-0.12312488053099227,-1.0673673769004792,0.13537639319923894,0.162320415340484,-0.04588259217442499,-0.3696469974647134,-0.214864227244967,1
334,2024-09-26 22:24:30.084639893,0,020,0.22538913544304504,-0.12160961320852678,-0.9470930306185252,0.1410157484231576,0.1581792062829319,-0.051612725116922345,-0.07791257448565456,-0.2500101580505224,1
335,2024-09-26 22:24:30.147239014,0,020,0.19931442199929283,-0.11786111649470701,-0.8089161096592121,0.14438079636391715,0.1479665726483047,-0.05606463089242826,0.20206163266474853,-0.27825854203924016,1
336,2024-09-26 22:24:30.225346191,0,020,0.16560657908607318,-0.1120209487704727,-0.6604625720323878,0.14664232939956257,0.13127930553318798,-0.05905831634290312,0.46010777433197025,-0.2992732609870466,1
337,2024-09-26 22:24:30.295953125,0,020,0.1256889485693726,-0.10431721916925576,-0.5092876819547903,0.14892947407939897,0.10808177635664121,-0.06048446959177212,0.6872856297051603,-0.31301829819211646,1
338,2024-09-26 22:24:31.230251952,0,020,0.08129335797943123,-0.09504929519275569,-0.36223766260333984,0.15213587134273493,0.07870562145738833,-0.060307991218850145,0.8770826956997262,-0.31980000662422847,1
339,2024-09-26 22:24:31.306498047,0,020,0.03434297120608864,-0.0845647698744469,-0.22505343286697924,0.15680117933575236,0.043823116106039874,-0.058565002802313776,1.0263853534260154,-0.32023930849516946,1
340,2024-09-26 22:24:31.374312012,0,020,-0.013194707960096691,-0.07323183143403929,-0.10222925550884367,0.16308731167041293,0.0044247310267070735,-0.05535931833437591,1.1358904713726592,-0.3151902823909689,1
341,2024-09-26 22:24:31.442076904,0,020,-0.05944913659398984,-0.0614124036075992,0.0029589457770640578,0.17082581489687254,-0.038196610830628246,-0.05085861541322745,1.2098515853087914,-0.3056448589750021,1
342,2024-09-26 22:24:31.509834961,0,020,-0.10275182467840958,-0.04944035987679733,0.08840651445355169,0.17958744699461454,-0.08246941975676082,-0.045289132101355295,1.2552383193412753,-0.2926406183250945,1
343,2024-09-26 22:24:31.577589111,0,020,-0.14170174931873186,-0.037606732540837635,0.1532028211878894,0.18874617867026644,-0.12659354060461012,-0.03892908505160349,1.280477592648898,-0.2771613542663102,1
344,2024-09-26 22:24:31.645458008,0,020,-0.17520003701428674,-0.02615272621687062,0.19766487615439243,0.1975483926490786,-0.1686237195264734,-0.032100379182375606,1.2940480555887102,-0.2600321413270517,1
345,2024-09-26 22:24:32.588458984,0,020,-0.20245773638733278,-0.015270687239345328,0.22327900212480659,0.2052004840468959,-0.2065740900474469,-0.02515758112745034,1.3032687281387991,-0.24184789473523013,1
346,2024-09-26 22:24:32.656614990,0,020,-0.22298173885602343,-0.005111499027432692,0.23251424539954757,0.2109642459820631,-0.2385233629438006,-0.018474128978755614,1.3135110273746062,-0.2229761297125441,1
347,2024-09-26 22:24:32.711299805,0,020,-0.23654913056423607,0.0042053062785136035,0.22849249489393914,0.21424763950809056,-0.2627186680187406,-0.01242523837343066,1.3278324145052454,-0.20362475000147523,1
348,2024-09-26 22:24:32.788458984,0,020,-0.2431775395120357,0.012583377235532447,0.21450497713846114,0.21469500741883743,-0.27769708962673345,-0.00736461079517995,1.3469078616683159,-0.18392827110674292,1
349,2024-09-26 22:24:32.859947021,0,020,-0.24309838453098165,0.01994599328437543,0.1934487991035773,0.212274482829706,-0.28243391637963355,-0.003593803969751653,1.3691792040466302,-0.16401791434129068,1
350,2024-09-26 22:24:32.926626953,0,020,-0.23674353896282108,0.026236285638569196,0.16734659827708767,0.20733399114848242,-0.27648639289482035,-0.0013301911269213709,1.3912118594636584,-0.14406811226877483,1
351,2024-09-26 22:24:32.995516113,0,020,-0.2247472297131866,0.031419071393052826,0.1371150361493287,0.20058982070368137,-0.2600784182195167,-0.0006825145589707973,1.4082872248541842,-0.12433258631149673,1
352,2024-09-26 22:24:33.933886963,0,020,-0.20794642098679958,0.03548317928952781,0.10263744938351986,0.19303745904421757,-0.234094232234167,-0.0016387269628980652,1.415267232237839,-0.10519530009141773,1
353,2024-09-26 22:24:34.006256104,0,020,-0.18735826573170866,0.038443151354723495,0.06303012417274619,0.1858080964353814,-0.19998690814793185,-0.004067808864807048,1.407635333903298,-0.08723917065831412,1
354,2024-09-26 22:24:34.074076904,0,020,-0.1641302792830664,0.040338227099866376,0.016937346405676113,0.1800073273093349,-0.15962874634541224,-0.007737629461756129,1.3823782716545756,-0.07128117756502433,1
355,2024-09-26 22:24:34.136074951,0,020,-0.13947804308925074,0.04122752982211051,-0.0372033780278769,0.17656696915695522,-0.11514130599382148,-0.012347410197482958,1.3383265284671944,-0.058300629704433976,1
356,2024-09-26 22:24:34.209611816,0,020,-0.11462297112713268,0.04118197362087694,-0.1008766040937905,0.17613191512491339,-0.0687423658545097,-0.01756707115796129,1.2758540327198635,-0.049237051278087134,1
357,2024-09-26 22:24:34.277364990,0,020,-0.09072470353820074,0.04027307947313169,-0.17516415166980295,0.17899586098738107,-0.022622204281868345,-0.023074977179618653,1.196209675352995,-0.044718489795973655,1
358,2024-09-26 22:24:34.336614014,0,020,-0.06880305952997426,0.03855980382002789,-0.2604615601683522,0.1850912596519792,0.021165024215022907,-0.02858954222589193,1.100903324987159,-0.04483633250189325,1
359,2024-09-26 22:24:35.248520996,0,020,-0.04966909307309942,0.03607803469962902,-0.35630577267351327,0.19402795823521882,0.060803998677601424,-0.033892229578835975,0.991390965674953,-0.049064106340507875,1
360,2024-09-26 22:24:35.330393066,0,020,-0.03389265449157563,0.032837848241012754,-0.46126344715936035,0.20516314797482157,0.0948090529537877,-0.03884035875761762,0.8690115834571326,-0.05633791260133735,1
361,2024-09-26 22:24:35.386492920,0,020,-0.02180805861003081,0.028828386257998346,-0.572798902834893,0.21767744701953204,0.12210049394305034,-0.04336987204391027,0.7350643609905464,-0.06525039663213214,1
362,2024-09-26 22:24:35.463687988,0,020,-0.013541463687202344,0.02402697308408134,-0.6871324831864039,0.23063191873185043,0.14206425955373347,-0.047488635443715725,0.591027454923788,-0.07429687458780097,1
363,2024-09-26 22:24:35.525768066,0,020,-0.009057352799535406,0.01841301717096138,-0.7991962419674111,0.2429972539411886,0.15457923714129188,-0.0512613229983346,0.4388397365872147,-0.08211102558743795,1
364,2024-09-26 22:24:35.588252930,0,020,-0.008227848402855209,0.011989333779402448,-0.902844458136958,0.2536773042779684,0.1599930077922787,-0.054789246045152847,0.28096785466391083,-0.0876248266421158,1
365,2024-09-26 22:24:35.670289062,0,020,-0.010905091195230822,0.0048071529690967224,-0.9914200903815452,0.2615641934173777,0.15904090302140622,-0.05818868162407989,0.12009652402743355,-0.09011804797562241,1
366,2024-09-26 22:24:36.612808838,0,020,-0.016963488207368715,-0.0030147254693525306,-1.058565221917898,0.2656377708174912,0.15272291248864137,-0.06156904023668831,-0.04137287133246351,-0.08917606642505323,1
367,2024-09-26 22:24:36.675273926,0,020,-0.026297020412278587,-0.01128420896089686,-1.0989643697199596,0.2650796865136912,0.14216467753468479,-0.06501244860068463,-0.20171997721307103,-0.08460662984063846,1
368,2024-09-26 22:24:36.737411133,0,020,-0.03877837947070213,-0.019745704801106944,-1.1087833086807775,0.25935893348551853,0.1284834296919483,-0.06855735057748906,-0.36008343507062845,-0.07636574896018901,1
369,2024-09-26 22:24:36.814693848,0,020,-0.05419678995720564,-0.028102670838700414,-1.0858434477537604,0.24827468211646764,0.11267011216571006,-0.07218694282951282,-0.5164821927452611,-0.06451592460196545,1
370,2024-09-26 22:24:36.876200928,0,020,-0.0721983599136748,-0.03604649168637765,-1.0297011235022506,0.23197000767887532,0.09550244728228986,-0.07582259925074876,-0.6717746276515121,-0.04920095830232957,1
371,2024-09-26 22:24:36.938687988,0,020,-0.09225097698452465,-0.04328420035288228,-0.9417054816151452,0.21092716860648936,0.07750507555702105,-0.07932401984815389,-0.8275304872157185,-0.03061671815837684,1
372,2024-09-26 22:24:37.020317139,0,020,-0.11364219141657929,-0.04956006004530576,-0.8250353460074649,0.18594839723962608,0.058957383838977515,-0.08249737696877346,-0.9856216094860568,-0.008999694957712964,1
373,2024-09-26 22:24:37.962120117,0,020,-0.13550946391319912,-0.05466914799558684,-0.6847158508564408,0.158124557289216,0.03993751699670313,-0.08511180428795838,-1.1474061320055695,0.015330908649927817,1
374,2024-09-26 22:24:38.031548096,0,020,-0.1569012023197501,-0.058462451690253756,-0.527543637973437,0.12877629135368426,0.020393106728573206,-0.08692466480491721,-1.3127638929246075,0.04190095949426474,1
375,2024-09-26 22:24:38.086308838,0,020,-0.17686094105346908,-0.06084466497917357,-0.3617668058891772,0.09934255423652401,0.0002304555209059203,-0.08771294574416269,-1.4794963723935126,0.07005449953024756,1
376,2024-09-26 22:24:38.167100830,0,020,-0.1945190727133516,-0.061768051846543395,-0.19644244734571475,0.07122036080452315,-0.02059431204422961,-0.08730264429324666,-1.6434108772940093,0.09902334752334303,1
377,2024-09-26 22:24:38.234909180,0,020,-0.20917821103786824,-0.061225224155534795,-0.04059016118848298,0.04559514378944918,-0.04200978149614621,-0.08558690184522702,-1.7990268367968902,0.1280789955820766,1
378,2024-09-26 22:24:38.287537109,0,020,-0.2203805743288843,-0.059242331675554274,0.09762519832367315,0.023306347170312984,-0.06380837088413105,-0.08252974424759954,-1.9405925220245492,0.15669950352010045,1
379,2024-09-26 22:24:38.370447998,0,020,-0.22794275351001875,-0.0558746881253473,0.21153467170829468,0.004772789573051538,-0.08565331167786469,-0.07815997233330726,-2.063024614673213,0.18467017774707484,1
380,2024-09-26 22:24:39.314719971,0,020,-0.23195075042038274,-0.05120520661962506,0.296441026759135,-0.010021084889507655,-0.1070803567434738,-0.07256130931160178,-2.1624871284115965,0.21207123401039882,1
381,2024-09-26 22:24:39.370844971,0,020,-0.23272577667334335,-0.0453427190740766,0.34993906700068833,-0.02148069762649737,-0.1274959820883323,-0.06586090907695802,-2.2365729624982063,0.23916245660339502,1
382,2024-09-26 22:24:39.450146973,0,020,-0.23077479830969136,-0.0384188376457512,0.37199834669396525,-0.03029467324515684,-0.1462102267237382,-0.05821538063334575,-2.2842273100347796,0.2662158329787942,1
383,2024-09-26 22:24:39.518105957,0,020,-0.2267305081126743,-0.03058495056287966,0.3647776679682465,-0.03728365288902567,-0.16252363551038895,-0.04979446516497788,-2.305543040570134,0.29335851774395344,1
384,2024-09-26 22:24:39.571487061,0,020,-0.22128821182504832,-0.022008189505190328,0.3322560365041068,-0.04325548171989766,-0.17583705420977824,-0.04076540916991037,-2.301518382305808,0.32047558334088233,1
385,2024-09-26 22:24:39.649153076,0,020,-0.2151538315791944,-0.012862608273757934,0.2797561744937538,-0.04891053156100065,-0.1857329080394535,-0.03128211430899533,-2.273879942245922,0.3471949694617625,1
386,2024-09-26 22:24:39.721513916,0,020,-0.2090002045658829,-0.003317130507514185,0.21340420518953077,-0.05480521848466492,-0.19200708277547984,-0.021480006496785935,-2.225005679899395,0.3729437025896876,1
387,2024-09-26 22:24:40.631897949,0,020,-0.20340872215594027,0.006471440239841878,0.13960055268971108,-0.06135470516179792,-0.19467060914209106,-0.011473655888935983,-2.157844908969495,0.397036843994799,1
388,2024-09-26 22:24:40.706700928,0,020,-0.19879747573663792,0.016355894009840572,0.06455537718788129,-0.06883880963731774,-0.19394862609311186,-0.0013535844705500932,-2.075751187931502,0.41876182823766644,1
389,2024-09-26 22:24:40.767604980,0,020,-0.19538465800601137,0.026193542997475,-0.006113239534156571,-0.07738188344227366,-0.19028746187227236,0.0088197666128978,-1.9822962848144443,0.4374485910239615,1
390,2024-09-26 22:24:40.829149902,0,020,-0.1932286903567611,0.03584776955650955,-0.0677001968862011,-0.08691556269199555,-0.18436031821478555,0.019023608656167177,-1.8811440456711412,0.4525305404947997,1
391,2024-09-26 22:24:40.906380859,0,020,-0.1923217159600792,0.04519521846896059,-0.11663230303720794,-0.09715337446956705,-0.17705275191651265,0.029276377855933445,-1.7759547923258292,0.46359192712995295,1
392,2024-09-26 22:24:40.968688965,0,020,-0.1926796303196316,0.05413190538603338,-0.15063708013426372,-0.10758321686896506,-0.16942452490494406,0.039633721895345204,-1.6702866509954857,0.47039524328007737,1
393,2024-09-26 22:24:41.045445068,0,020,-0.19439976759251273,0.06257596559982492,-0.16891498127179289,-0.11746706753623655,-0.16266481465848945,0.050181227702559596,-1.5674852212409387,0.4728929890007963,1
394,2024-09-26 22:24:41.988285156,0,020,-0.1976829430039021,0.07046760819273253,-0.17223571375363744,-0.12585725827553645,-0.15804937055362733,0.06102984711396605,-1.4704799236187824,0.47122215691864955,1
395,2024-09-26 22:24:42.050913086,0,020,-0.20281264735250326,0.07776590827111934,-0.1627767911116184,-0.1316588388674763,-0.15688576549301508,0.07231307438111431,-1.3814064326911046,0.46566521744783146,1
396,2024-09-26 22:24:42.112935059,0,020,-0.21008914590622343,0.08444469085123253,-0.14363707470802836,-0.1337500975087645,-0.16043434944280405,0.0841812386787068,-1.3011658655494247,0.4565774246467609,1
397,2024-09-26 22:24:42.191587891,0,020,-0.21973892732716246,0.0904919344478771,-0.11820601560830739,-0.1311349396099648,-0.16981033643810908,0.09679058799035535,-1.2291765440953861,0.4443099948229327,1
398,2024-09-26 22:24:42.252924072,0,020,-0.23183259740474554,0.09591269703727191,-0.08965173647804323,-0.12308676667494452,-0.18587620971685245,0.11028593592611345,-1.163464496448278,0.4291580873080807,1
399,2024-09-26 22:24:42.327290039,0,020,-0.24624098597775618,0.10073144656732588,-0.06065002352023049,-0.1092575165546509,-0.2091346839553476,0.12477646274687457,-1.1010305812252417,0.4113434943078117,1
400,2024-09-26 22:24:42.391266113,0,020,-0.26264552200053837,0.1049920438628521,-0.033346389420520275,-0.08973331477118546,-0.2396465781686663,0.14030847538757818,-1.0383446571245418,0.3910279097050475,1
401,2024-09-26 22:24:43.335520020,0,020,-0.2805929571755944,0.10875654153195653,-0.009513310894140481,-0.06502065506637242,-0.2769957280265045,0.15684185293040478,-0.9718450606774087,0.3683414166625668,1
402,2024-09-26 22:24:43.397568115,0,020,-0.29955952655031975,0.11210186443115969,0.009175239052854708,-0.0359683988399524,-0.320299905580092,0.17423609052858066,-0.8983864706659235,0.3434124976488016,1
403,2024-09-26 22:24:43.459095947,0,020,-0.31898834760261935,0.1151108126474165,0.02089374452037402,-0.003658498774607539,-0.36826029505621255,0.19225017558529992,-0.8156353786333616,0.31640169051994765,1
404,2024-09-26 22:24:43.535849121,0,020,-0.3382867742678297,0.11785648363189025,0.0235867599314221,0.030693336538089457,-0.4192485035060353,0.2105571519486834,-0.7224168463862195,0.287546156821264,1
405,2024-09-26 22:24:43.598746094,0,020,-0.3567971440434245,0.12038444147592679,0.015144109396074515,0.0657995529711189,-0.47142335878478453,0.2287693159142658,-0.6189686142050709,0.2572114351310526,1
406,2024-09-26 22:24:43.676385010,0,020,-0.37377029419150465,0.12269872434490836,-0.006181185893778789,0.10032329721653474,-0.5228615193116143,0.24646781269305537,-0.507041692965775,0.22593768940744116,1
407,2024-09-26 22:24:43.738440918,0,020,-0.38837155414382885,0.1247554009177036,-0.04122511694978237,0.13288373135501397,-0.5716829266414818,0.2632309206015629,-0.38988325267787793,0.1944730410039049,1
408,2024-09-26 22:24:44.689127929,0,020,-0.3997299242776197,0.12646377061692396,-0.08943080012188076,0.16207692187285777,-0.6161432927655242,0.27865599487962917,-0.2722048469054052,0.16379490258700094,1
409,2024-09-26 22:24:44.756947021,0,020,-0.40701643410859956,0.12769363256377514,-0.1486127586576223,0.18653447684147187,-0.654673202856217,0.29237288667658523,-0.1600633370934055,0.13510930912844732,1
410,2024-09-26 22:24:44.815594971,0,020,-0.4095327514061744,0.12828895271460575,-0.2150305371857922,0.20501750859468712,-0.6858835610963994,0.30405254990608,-0.060378333049206076,0.10979973541405062,1
411,2024-09-26 22:24:44.892503905,0,020,-0.40679984290576954,0.12808919383567036,-0.2837531593081832,0.21653021263601122,-0.7085848643775687,0.3134176839914608,0.02002781621823537,0.08930508208584788,1
412,2024-09-26 22:24:44.956126953,0,020,-0.398633894337921,0.12695482906537053,-0.3492930185814564,0.22044087852850153,-0.7218494068009126,0.3202590014454876,0.07558029629714252,0.07494581892283705,1
413,2024-09-26 22:24:45.017639893,0,020,-0.385188432578896,0.12478888263737337,-0.4064298952599811,0.2165939108797244,-0.7251084977028209,0.32445521649427017,0.10285358636495348,0.0677528143565895,1
414,2024-09-26 22:24:45.095172852,0,020,-0.36694747212870793,0.12154917015123323,-0.4510134974425855,0.20538251140422362,-0.7182504661708509,0.32599109348210814,0.101017129685637,0.06834457508069208,1
415,2024-09-26 22:24:46.014671143,0,020,-0.3446748005371956,0.11725291918783141,-0.48049713733776866,0.18775362755404404,-0.701681749545402,0.3249671290063131,0.07189602516820215,0.076857188406993,1
416,2024-09-26 22:24:46.082504882,0,020,-0.3193442654325765,0.1119782264005164,-0.4940841274177133,0.1651334694076911,-0.6763307969024944,0.32159673314408965,0.0197633971647508,0.09291130798196544,1
417,2024-09-26 22:24:46.150324951,0,020,-0.292075433391613,0.10586296405156186,-0.49252304845055617,0.13927643282926333,-0.643589259025539,0.3161900139814388,-0.04912709035328885,0.11561617970268707,1
418,2024-09-26 22:24:46.218090088,0,020,-0.26407545499289614,0.09909731122201787,-0.47765252238935446,0.1120591672644106,-0.6051953610756695,0.3091275516887497,-0.12729427688525863,0.14362585832840974,1
419,2024-09-26 22:24:46.285562012,0,020,-0.23656582009007787,0.09190676703542032,-0.4518179200844662,0.08526644701753777,-0.5630831487583144,0.30083157273896266,-0.2069873192320185,0.17525367158407798,1
420,2024-09-26 22:24:46.347147949,0,020,-0.21067627167591352,0.08452632711939857,-0.4173154517235491,0.06042374596764864,-0.5192248933426694,0.2917388979446675,-0.28117401358034894,0.20863427949311206,1
421,2024-09-26 22:24:46.421428955,0,020,-0.187317687019683,0.07716991280588921,-0.3760087813909096,0.03871012893423952,-0.47547146025274417,0.28227270564625523,-0.34442208850832934,0.2419137099983587,1
422,2024-09-26 22:24:47.354237061,0,020,-0.16707162182159266,0.07000148620995027,-0.3291760868147869,0.020945326072717964,-0.4333900590466838,0.2728116243517265,-0.3935635191800172,0.2734316936755388,1
423,2024-09-26 22:24:47.430965820,0,020,-0.15013114073957945,0.06311515157716843,-0.2775563119854516,0.007612446133215947,-0.39413090856785515,0.2636642078749522,-0.42794776946030694,0.3018475842407194,1
424,2024-09-26 22:24:47.492052979,0,020,-0.13631276437956216,0.056531283783286757,-0.22154700590438015,-0.0011179758568454889,-0.3583710323037983,0.25505825776303487,-0.44913418797912513,0.3261900948757113,1
425,2024-09-26 22:24:47.567565918,0,020,-0.12514579532219888,0.05021290403910651,-0.16151730871810258,-0.005364023086619471,-0.32634174506797803,0.24714303810045796,-0.46016865496197557,0.3458572793327761,1
426,2024-09-26 22:24:47.631436035,0,020,-0.11601641791973023,0.04409806474033459,-0.09814393314300048,-0.005497204072291543,-0.2978952478775969,0.2399936259362784,-0.46476877897881674,0.3605942367913234,1
427,2024-09-26 22:24:47.694447021,0,020,-0.10831449757704822,0.038134846476650164,-0.032610736805506746,-0.0021005636197002206,-0.27257194844346355,0.2336121060709414,-0.46658213343733573,0.37044649190263534,1
428,2024-09-26 22:24:47.756059814,0,020,-0.10153541601249713,0.03230513786232977,0.03341091568391574,0.004072817501306773,-0.24967174675010004,0.2279308300138915,-0.46848938271833496,0.37567953838882856,1
429,2024-09-26 22:24:48.701843018,0,020,-0.0953176141538812,0.026631045298670827,0.09790476559030462,0.012146888230326485,-0.2283472773201863,0.22282386328543344,-0.4719500558110185,0.3766688431316841,1
430,2024-09-26 22:24:48.779239990,0,020,-0.08942086144900459,0.021165961831796875,0.1586157179860221,0.021180951936658827,-0.20772169071733207,0.21812541527350876,-0.4765244602396283,0.37378084657624444,1
431,2024-09-26 22:24:48.840812012,0,020,-0.0836689271539232,0.01597762985807227,0.21307201706565615,0.030240599802302367,-0.18701926099541658,0.21365057109059768,-0.4797588543053259,0.3672820951375461,1
432,2024-09-26 22:24:48.917678223,0,020,-0.0778904942209132,0.011131916126055248,0.2586048483476498,0.03848385468691972,-0.1656868933927825,0.20921636786445746,-0.4775008864060436,0.3573142807701702,1
433,2024-09-26 22:24:48.985470947,0,020,-0.07188309581266246,0.006682701806561785,0.2924668291260162,0.04525075926931093,-0.14347851359037014,0.2046623288102251,-0.46451697157114674,0.34394129570375764,1
434,2024-09-26 22:24:49.042856934,0,020,-0.06540916349265308,0.0026684203906762174,0.31211328089051266,0.05012075074362485,-0.12048946415330901,0.19986739678363608,-0.43524075345213,0.32723922434019426,1
435,2024-09-26 22:24:49.121093994,0,020,-0.05822463242750083,-0.0008867768832462465,0.31567948248469696,0.052907257248124076,-0.09714966317856374,0.19476022513730357,-0.38461112876370585,0.30739772910768925,1
436,2024-09-26 22:24:50.050404053,0,020,-0.050128433386389996,-0.0039696356852108065,0.30258683800725494,0.05359762139316114,-0.07417829878472024,0.18932196481022134,-0.30896088981541653,0.28480637603648695,1
437,2024-09-26 22:24:50.128052002,0,020,-0.04100436795594491,-0.006575339451090442,0.27405327466483237,0.052278788657993555,-0.05248927488756207,0.18358152585634585,-0.20668816328986098,0.260084681852707,1
438,2024-09-26 22:24:50.189591797,0,020,-0.03082978298403299,-0.00870946312109128,0.23330518461128816,0.049081814310420344,-0.0330550362905356,0.17760426236400836,-0.07838041575404373,0.23402155682873355,1
439,2024-09-26 22:24:50.266433105,0,020,-0.01965480832083443,-0.01039394138557434,0.18551402293390107,0.044140202650765646,-0.01676290846632307,0.1714773820909315,0.07360305345845577,0.20743888128919977,1
440,2024-09-26 22:24:50.328517822,0,020,-0.007576645717276407,-0.0116715852668817,0.13757814531095022,0.037536376139537156,-0.004293954908645569,0.16529651018860872,0.24574953181165798,0.1810345425001147,1
441,2024-09-26 22:24:50.395662109,0,020,0.005273708957206501,-0.01260471104125306,0.09773902775639395,0.029237262355009574,0.003964189102375609,0.15915639402649762,0.433886759192602,0.15526676098293835,1
442,2024-09-26 22:24:50.468218994,0,020,0.018727226191414287,-0.01326849907534078,0.07494433671363478,0.019053801631569608,0.007967465028282933,0.15314554685283113,0.6334296286206509,0.13032469077059158,1
443,2024-09-26 22:24:51.388524902,0,020,0.03255903297374894,-0.013741866906055824,0.0779746548401967,0.006650078563465105,0.00802709909016605,0.14734224941907004,0.839435746758485,0.10618252827418923,1
444,2024-09-26 22:24:51.456431885,0,020,0.0464727098656443,-0.014097864829514176,0.11448594281259541,-0.0084056676931914,0.004779904507468255,0.14180999784730908,1.0466270486039506,0.08268116737524742,1
445,2024-09-26 22:24:51.524156982,0,020,0.060101987682394366,-0.014395196382159067,0.19019080168965333,-0.026573349836272415,-0.0008864601904005655,0.13659246459463445,1.249507647458048,0.05958465295586974,1
446,2024-09-26 22:24:51.578936035,0,020,0.07302883837385638,-0.014672411377342199,0.30837681124368926,-0.04827920937292809,-0.007945183045499411,0.13170905988747403,1.4425905103402454,0.03661279157946882,1
447,2024-09-26 22:24:51.655652100,0,020,0.08481070166422523,-0.01494627329686382,0.46978880078998914,-0.0738656290618359,-0.015349213950492593,0.12715227226555398,1.620661464835707,0.01348506766204013,1
448,2024-09-26 22:24:51.718251952,0,020,0.095021096009956,-0.015216376149929215,0.6727066775323748,-0.10353611402669816,-0.022118055024663057,0.1228875051199457,1.7790010607417555,-0.010007271155911181,1
449,2024-09-26 22:24:51.794315186,0,020,0.10330952534741526,-0.015476591592438926,0.9130590058066551,-0.13727846252656697,-0.02737399435849106,0.11885599732018577,1.913525489292051,-0.03391894916354763,1
450,2024-09-26 22:24:52.737957031,0,020,0.10946988995711275,-0.015729290826007245,1.1845786047620106,-0.17477956785623755,-0.030348688354540423,0.1149818108683131,2.02085334069693,-0.05808743793877573,1
451,2024-09-26 22:24:52.805812988,0,020,0.11349830159398776,-0.015995770740772814,1.4790952268103836,-0.21537383743324875,-0.030399172618704517,0.11118271975523342,2.09830455054146,-0.08210089436535634,1
452,2024-09-26 22:24:52.873583008,0,020,0.11562837529876903,-0.0163184579941093,1.7870004050080137,-0.25805691196172675,-0.027049006568014677,0.10738141764378298,2.1438539428899577,-0.1052977836867522,1
453,2024-09-26 22:24:52.935152100,0,020,0.11633865053289047,-0.016754406002802803,2.0977973054718286,-0.30155318591359676,-0.020032431130783325,0.10351130608703721,2.156153193506777,-0.12681308801071153,1
454,2024-09-26 22:24:53.009175049,0,020,0.1163336745996763,-0.017363791371237735,2.400606668395252,-0.3444002843766824,-0.009311240129310144,0.09951455078646017,2.134708005528878,-0.1456767313387105,1
455,2024-09-26 22:24:53.073501953,0,020,0.11650573141828639,-0.018199213394449923,2.68459386474737,-0.38503066818722365,0.004935259367379951,0.09533786112298005,2.080075061548263,-0.16092222545071685,1
456,2024-09-26 22:24:53.135554932,0,020,0.1178739669703461,-0.019298692902455714,2.9393598859732784,-0.4218495651304336,0.022318808182824036,0.09093578712121582,1.9938473673277173,-0.17165554082051485,1
457,2024-09-26 22:24:54.088016112,0,020,0.12148825228222411,-0.020681057580867704,3.1553211630442197,-0.45330539762632405,0.04223756471579074,0.08628568559047202,1.8783984076801385,-0.17708578088976037,1
458,2024-09-26 22:24:54.143672852,0,020,0.12830441352408573,-0.022342365604092057,3.32408971335932,-0.47795259263110124,0.06388809113622657,0.08140688945275058,1.7365784093927934,-0.1765622972463851,1
459,2024-09-26 22:24:54.220864990,0,020,0.13906695948554068,-0.024255014423601957,3.4388451332403505,-0.49452012806045414,0.08632519802204315,0.07637245400049802,1.5715399412627575,-0.16965536031292602,1
460,2024-09-26 22:24:54.291487061,0,020,0.15423692379463907,-0.026372590620463116,3.4946246454241288,-0.5019916809147466,0.1085499370504913,0.07131056758959094,1.3867280443793673,-0.15627137978559613,1
461,2024-09-26 22:24:54.359241943,0,020,0.17397017637447054,-0.028640067095110452,3.4884721414310054,-0.499682825491886,0.1295771527043512,0.06640076384088608,1.1859970709937442,-0.1367534678780198,1
462,2024-09-26 22:24:54.420893799,0,020,0.198113747190871,-0.031002704343617907,3.419490531633126,-0.4872978200160241,0.14846838823754,0.061866412213468815,0.9737582339246877,-0.11191756523201811,1
463,2024-09-26 22:24:54.482970947,0,020,0.22618671379509195,-0.0334064763711622,3.2888757725028315,-0.46495926894129086,0.1643528086763201,0.057959901849228466,0.7549988440008845,-0.08300299734248594,1
464,2024-09-26 22:24:55.423489990,0,020,0.25735461607070237,-0.03579068974654895,3.0999706512879297,-0.43321311299675436,0.17645210042873447,0.0549406618912589,0.5351056589734703,-0.05155188743262724,1
465,2024-09-26 22:24:55.506617920,0,020,0.2904377778916105,-0.03807963233685567,2.85832359437526,-0.3930153644286774,0.184107819661716,0.053051192245443766,0.31960043237517016,-0.019255938716840545,1
466,2024-09-26 22:24:55.574426025,0,020,0.32397787993368665,-0.04017802988462847,2.571674806334831,-0.34570051284004344,0.1868092633393447,0.052495483767882364,0.1139184352835215,0.012191249160271719,1
467,2024-09-26 22:24:55.639426025,0,020,0.35635686553354945,-0.04197127830969948,2.249783857799571,-0.29291970777776233,0.1842268549993004,0.05342073557090577,-0.0767495340025787,0.04121390031564263,1
468,2024-09-26 22:24:55.701049072,0,020,0.38594902267232484,-0.04333038856098616,1.9040708988913697,-0.23653961407868357,0.17625891142120287,0.05590050176476697,-0.2476089037489232,0.0664388368212498,1
469,2024-09-26 22:24:55.763048828,0,020,0.41127757237391077,-0.04411994952745937,1.54709629234715,-0.17851556085736295,0.1630883141186899,0.0599178964816954,-0.39443968527080314,0.0867446466148975,1
470,2024-09-26 22:24:55.840186035,0,020,0.4311396521505187,-0.044206066355633844,1.1919224681938974,-0.12076946565085399,0.14522371994176278,0.0653519747031653,-0.5137574428449214,0.10127499525003543,1
471,2024-09-26 22:24:56.785922119,0,020,0.44467918530355394,-0.04346351890383048,0.8513803946461193,-0.06509208568792413,0.12349917906427473,0.07197263614577591,-0.6029177599053956,0.10942796666149965,1
472,2024-09-26 22:24:56.856645996,0,020,0.45141322541313117,-0.04178380873446372,0.5372850458184584,-0.01307249727201034,0.09903490722535406,0.0794462274356178,-0.6601976082073846,0.11085070171577267,1
473,2024-09-26 22:24:56.908958008,0,020,0.45122266119151844,-0.039084727894776156,0.2597720397297246,0.03393815158200371,0.07317948797206898,0.08735195362077845,-0.6848485499566662,0.10545867229889,1
474,2024-09-26 22:24:56.986239990,0,020,0.44431118493034244,-0.03531969954478496,0.026957577807302888,0.07481653802616763,0.04743783973201831,0.09521053572543399,-0.677010419262384,0.09346560775949742,1
475,2024-09-26 22:24:57.059997070,0,020,0.4311445680072818,-0.03048485141377633,-0.1550980439551988,0.10861876498126212,0.02337560663000264,0.1025242620779902,-0.637429352891526,0.07539322111171111,1
476,2024-09-26 22:24:57.127800049,0,020,0.4123964904062845,-0.024624282889657723,-0.2823660088916746,0.13453029393388607,0.0025077540638257668,0.10881975577146297,-0.5671305169468768,0.05204329519497802,1
477,2024-09-26 22:24:57.187209961,0,020,0.38891610424653666,-0.01783469135612811,-0.35294534921547804,0.1518559656533789,-0.013796403748678694,0.11368043082510987,-0.46730369879278877,0.024438845559743242,1
478,2024-09-26 22:24:58.112647949,0,020,0.36170372942900086,-0.010266770371782448,-0.36723521046651636,0.16006777540773154,-0.02436408923895455,0.11676262607301553,-0.33951283069598537,-0.00624802397834885,1
479,2024-09-26 22:24:58.180481934,0,020,0.3318754475912654,-0.002119304747623638,-0.32801949186241874,0.15889054032929034,-0.028236698911289625,0.11780240614924707,-0.1860832853927704,-0.03877296476040149,1
480,2024-09-26 22:24:58.248250977,0,020,0.3006181265689286,0.006373453481321014,-0.24034084831190194,0.14837725854752445,-0.024693416626863248,0.11662411777156403,-0.01045198869539828,-0.07189969756366162,1
481,2024-09-26 22:24:58.310806152,0,020,0.26914849566185967,0.014956505952681531,-0.11115489916055474,0.12893498270002487,-0.013294661269719813,0.11315236847256535,0.1825988430797254,-0.10447785419928393,1
482,2024-09-26 22:24:58.374404053,0,020,0.2386797772330678,0.0233677020841445,0.05115003644346446,0.1013069222271123,0.006079890433764894,0.10742017652680945,0.3868382481455275,-0.13550681912638454,1
483,2024-09-26 22:24:58.450568848,0,020,0.21038406582360172,0.03135023113632809,0.2372721205982811,0.06654395760675293,0.03321446753438115,0.09956828190428528,0.5947048831468629,-0.16416396259552832,1
484,2024-09-26 22:24:58.519422119,0,020,0.18533931818182975,0.03866477171834263,0.43747068962282093,0.025982822014811138,0.0675480109467289,0.08983664851401385,0.7977344640127534,-0.18977505041396048,1
485,2024-09-26 22:24:59.458513916,0,020,0.16447087975073474,0.04510052595359123,0.6419053997228789,-0.018771045601296686,0.10816251130350871,0.07855102737763002,0.9871888692684292,-0.21173841830713142,1
486,2024-09-26 22:24:59.521001221,0,020,0.14851496097791458,0.050482776744484266,0.8408283898598967,-0.06586230445521994,0.15377897703805926,0.06610655291122668,1.1546428753893248,-0.22945138920737906,1
487,2024-09-26 22:24:59.598510986,0,020,0.13801759702768257,0.05467481117511171,1.024757675575385,-0.11322140155470453,0.20278047271934793,0.05294902495052826,1.2924563486391032,-0.24228828976913355,1
488,2024-09-26 22:24:59.659360840,0,020,0.13334951309703805,0.05757528363144128,1.1847595690738881,-0.15863668430208067,0.2532842409087149,0.039553596801198555,1.3943007234980673,-0.24965510336081134,1
489,2024-09-26 22:24:59.720871826,0,020,0.1347049851540543,0.059115565105826516,1.3128593828989361,-0.19986878595186652,0.30327985757438297,0.026399784893628125,1.4558227526699163,-0.25111348980790926,1
490,2024-09-26 22:24:59.798569824,0,020,0.14206925089621453,0.05926121104555085,1.4025749323362722,-0.23479874590481079,0.35082720543023754,0.013941080172249164,1.4752590708498545,-0.24653156482660585,1
491,2024-09-26 22:24:59.869667969,0,020,0.15516386515581201,0.05801850105619836,1.4495486780104065,-0.2615927123068941,0.39427211569594456,0.002570483969747111,1.4537858159915313,-0.23620259717865968,1
492,2024-09-26 22:25:00.811014893,0,020,0.17340406031446406,0.055443622149987416,1.4521135349596872,-0.278854111404823,0.432414490085031,-0.0074103959924162075,1.3955715735828615,-0.22089600140685944,1
493,2024-09-26 22:25:00.873848877,0,020,0.19591014525981038,0.05164908039420522,1.4115397327442112,-0.28572736986973135,0.4645794974516659,-0.015809522078071663,1.3075596077848792,-0.20183689348518213,1
494,2024-09-26 22:25:00.936135986,0,020,0.22158591589352544,0.04680178460020308,1.331835797413666,-0.28193294094774446,0.490587017678648,-0.022546535929670992,1.19890098680766,-0.1806099925877292,1
495,2024-09-26 22:25:01.016060059,0,020,0.2492338198585586,0.04111200412590609,1.2191945251164715,-0.26774770882978394,0.5106480791134785,-0.027641549346756028,1.0799387663267137,-0.15897392704627933,1
496,2024-09-26 22:25:01.075531006,0,020,0.2776616759884282,0.03481786939119066,1.0812865246776338,-0.24396300835032445,0.525222093359438,-0.031195178332860715,0.9608098014994053,-0.13859646323827074,1
497,2024-09-26 22:25:01.137569824,0,020,0.3057560072791144,0.028170335602161627,0.9265462831065931,-0.2118323303681259,0.5348616548435898,-0.033363857841135096,0.8499606924663639,-0.12076981262626206,1
498,2024-09-26 22:25:01.215285156,0,020,0.33252690241109095,0.021419797844598916,0.7634833554591808,-0.17299587523970378,0.540072467071152,-0.03433432737686374,0.7529965961373449,-0.10619323388759991,1
499,2024-09-26 22:25:02.138602051,0,020,0.35714267789086623,0.014803847926294819,0.6000155885821615,-0.12937227305973506,0.5412196123376811,-0.03430126765798687,0.6721893674100846,-0.09488591270921719,1
500,2024-09-26 22:25:02.206416992,0,020,0.3789606064431034,0.008537649052303854,0.44284257268918376,-0.0830192901590233,0.5384965399518168,-0.03345052376107138,0.606670970992201,-0.08622933891338933,1
501,2024-09-26 22:25:02.266343018,0,020,0.3975409414368947,0.002809463659443258,0.29690644521009213,-0.03596956894013099,0.5319456841845939,-0.031948480653213394,0.5530370664792716,-0.0790919773240268,1
502,2024-09-26 22:25:02.328416992,0,020,0.41263348922972515,-0.002219195736852175,0.1650396983822797,0.009940145561406755,0.5215095346154508,-0.02993823973630963,0.5060534209550055,-0.07199468949251986,1
503,2024-09-26 22:25:02.409759033,0,020,0.4241434302076428,-0.006412469500363591,0.04792687009514804,0.05320872918852246,0.5071045465380716,-0.027543336347472344,0.4593800331081859,-0.0633067280622678,1
504,2024-09-26 22:25:02.477543213,0,020,0.4320901631562058,-0.009660930388604308,-0.05558126565150793,0.09273971971623644,0.48871611509139595,-0.024877417393690242,0.4064159006181915,-0.0514791555837612,1
505,2024-09-26 22:25:02.544363037,0,020,0.4365691566244875,-0.011885100895610864,-0.14792233064104784,0.12782954089141002,0.4664904639149722,-0.022054652425290526,0.3413343425372294,-0.03530802502311983,1
506,2024-09-26 22:25:03.488605957,0,020,0.437720443376056,-0.013041519021818812,-0.2322367430630629,0.15810660948843736,0.4407828813456515,-0.01919492076158055,0.2602012405619184,-0.01418317942566749,1
507,2024-09-26 22:25:03.556416016,0,020,0.43569672099442913,-0.013128252267580045,-0.31185479080621564,0.1834645374733176,0.4121445450760927,-0.01642279730173079,0.16187577174454873,0.011748082600388565,1
508,2024-09-26 22:25:03.624205078,0,020,0.43061911978435835,-0.012183575215095136,-0.38987801412791245,0.20401018465053197,0.3812680777802473,-0.013865371759269378,0.048304214689623697,0.04156195164498698,1
509,2024-09-26 22:25:03.683793945,0,020,0.4225234805883937,-0.010273851718745298,-0.46887077170802144,0.2200278517771688,0.34893181483065644,-0.01165441785488661,-0.07599368417728314,0.07369406604256708,1
510,2024-09-26 22:25:03.759803955,0,020,0.4113214950419149,-0.007474267731197926,-0.5506914894638214,0.23195362035629202,0.3159805396239666,-0.009934200466465367,-0.205038076427828,0.106184147143123,1
511,2024-09-26 22:25:03.823039062,0,020,0.3968012482350301,-0.0038519008709821437,-0.6364526054902098,0.24034278874380471,0.2833548399477787,-0.008871564681762992,-0.33261557200900826,0.13695204502643366,1
512,2024-09-26 22:25:03.885382812,0,020,0.37866958938049683,0.0005407627280129472,-0.7265290656463489,0.2458078929954085,0.2521397437793506,-0.008662018799351296,-0.45316374933393544,0.16403058150854846,1
513,2024-09-26 22:25:04.834034912,0,020,0.3566204211970309,0.005660757195070273,-0.8205148964023994,0.24892641111625427,0.2235844153799602,-0.009526015574243946,-0.5620990117919471,0.1857052874839088,1
514,2024-09-26 22:25:04.906507080,0,020,0.3304080804468683,0.011463755703571785,-0.9171013730379401,0.2501498332386471,0.19906721862736482,-0.011693808842947101,-0.6556816379578992,0.2005540401645577,1
515,2024-09-26 22:25:04.972953125,0,020,0.299906175475053,0.017895142026877597,-1.013973549304127,0.24975134199474644,0.18000865731346843,-0.015381969861534636,-0.7307548806320813,0.20744041382688122,1
516,2024-09-26 22:25:05.035291992,0,020,0.26514428707177057,0.02488683837279708,-1.1078670749243102,0.24782531108178016,0.16774150049928407,-0.020765895715308638,-0.7847052251556185,0.20554715396695966,1
517,2024-09-26 22:25:05.109864014,0,020,0.2263340926248344,0.03235795752459953,-1.194814209538324,0.24432397074656542,0.1633518775305797,-0.0279506276204168,-0.8157026583017161,0.1944787417701178,1
518,2024-09-26 22:25:05.173989990,0,020,0.18389669985048648,0.04021617675147747,-1.2704680764454777,0.23910545073088418,0.16752050975743524,-0.036942812029697014,-0.8229424590224255,0.17436117912276225,1
519,2024-09-26 22:25:05.245479004,0,020,0.13848118364619996,0.04835981475736558,-1.330429109082684,0.23198439001647914,0.18039699549057098,-0.04763059957022358,-0.8065516697697114,0.14584009669270342,1
520,2024-09-26 22:25:06.188759033,0,020,0.09095082854792619,0.05668200706532087,-1.370629668114624,0.22279996155923243,0.20152073014665808,-0.059778049614079655,-0.7670329606681188,0.10994117257791455,1
521,2024-09-26 22:25:06.241486084,0,020,0.04232440724634576,0.06507643454527272,-1.3878303220585835,0.21150617629700677,0.22978453560693726,-0.07303467380714965,-0.7044505800776978,0.06784362260422874,1
522,2024-09-26 22:25:06.324412109,0,020,-0.006316130666373817,0.0734417138745743,-1.3801616425772876,0.19825948598466536,0.26344542597335746,-0.08695703863006125,-0.617881608991568,0.020684353424642633,1
523,2024-09-26 22:25:06.392164062,0,020,-0.05391937412098165,0.08168081065290338,-1.3475532241645698,0.18347197763809128,0.30021273713803803,-0.10104078165213555,-0.5056046621502122,-0.030499671142495438,1
524,2024-09-26 22:25:06.457972900,0,020,-0.0995230057988406,0.0896930390297992,-1.2918655922241395,0.16781026925734685,0.3374445319341422,-0.11476206296978948,-0.3659735789718412,-0.08469558315952988,1
525,2024-09-26 22:25:06.527756836,0,020,-0.14226192097302823,0.09735978659515736,-1.2166381541146014,0.15213563968757832,0.3724297674371451,-0.12762387510140338,-0.19847647938513543,-0.14080907966948453,1
526,2024-09-26 22:25:06.582010986,0,020,-0.1813509541816433,0.10453084792229325,-1.1265860519660977,0.1374076373662806,0.40267188107644725,-0.1391980415848614,-0.004524093912727019,-0.19761256629275537,1
527,2024-09-26 22:25:07.539411133,0,020,-0.21608817207962566,0.11102108747496915,-1.0270927394476546,0.12458830178230691,0.42609198079509764,-0.1491528744266284,0.21219181508937862,-0.25375505595094194,1
528,2024-09-26 22:25:07.603032959,0,020,-0.24589688987602762,0.11662158794527665,-0.9237935406185065,0.11455853553607423,0.44113194746615775,-0.15726245638827002,0.4457268887939392,-0.3078042711387591,1
529,2024-09-26 22:25:07.664094971,0,020,-0.2703815654455348,0.12112065580956322,-0.8221234175998942,0.10802625428370904,0.44678755479968696,-0.16340247528933613,0.6882243773959302,-0.35829233684759204,1
530,2024-09-26 22:25:07.741316162,0,020,-0.28936212451965543,0.1243276514419912,-0.7267082121722563,0.1054155465641603,0.44260476709191915,-0.16754057312901627,0.9305223742643167,-0.40375660446503475,1
531,2024-09-26 22:25:07.803603027,0,020,-0.3028707457647852,0.12609628643273638,-0.6407004051830455,0.10676438807752099,0.42866064989562985,-0.16972719232051947,1.162959671289694,-0.4427903396815553,1
532,2024-09-26 22:25:07.878410156,0,020,-0.3111193746432788,0.12634650635514139,-0.5653032353111836,0.11167090097241777,0.40554095493684467,-0.1700908783931164,1.3762453691164962,-0.474119950767839,1
533,2024-09-26 22:25:07.946158936,0,020,-0.3144613301078403,0.12508275683874118,-0.49964550127501756,0.11929794383605215,0.37430204437141035,-0.16883633840572831,1.5622076291489422,-0.4967043741950099,1
534,2024-09-26 22:25:08.888534912,0,020,-0.3133670816021022,0.12240480880655548,-0.4410180695147141,0.1284246184664185,0.33638648565406926,-0.1662363178471982,1.7142472346940152,-0.5098289246689194,1
535,2024-09-26 22:25:08.944722900,0,020,-0.30841662963675787,0.11850824711663048,-0.3854075048872972,0.13754817363588456,0.2934828010544108,-0.16260960844003458,1.8274670390899164,-0.5131673529383318,1
536,2024-09-26 22:25:09.022295898,0,020,-0.3002991272207236,0.11367419319222297,-0.3282267603081297,0.14504119171185403,0.2473528449164402,-0.15828632865011824,1.8986559571985258,-0.5068130692043892,1
537,2024-09-26 22:25:09.083846191,0,020,-0.28980742750564575,0.10824941303691586,-0.2651002052685504,0.14933824030598455,0.1996631336968512,-0.15356916943856563,1.9263223917373433,-0.4912844832478107,1
538,2024-09-26 22:25:09.144885010,0,020,-0.2778141421976641,0.10261876833641964,-0.19256607534057624,0.1491137567823214,0.15185812047520308,-0.1487013712873891,1.9107498505272809,-0.4674705595317091,1
539,2024-09-26 22:25:09.221259033,0,020,-0.26522642366527593,0.09717382192827476,-0.10863340604154739,0.14342931602367898,0.10510029664671941,-0.14384813956677675,1.8538787988678576,-0.436475615766573,1
540,2024-09-26 22:25:09.295282959,0,020,-0.25293333975444116,0.09228296496978264,-0.013181635490161525,0.13183493611130975,0.06026968741425499,-0.1390913117592881,1.7589469974364567,-0.3994000968151979,1
541,2024-09-26 22:25:10.238563965,0,020,-0.24175741860954467,0.08826673150212445,0.09181408294022338,0.11440921395847355,0.017993577540231426,-0.1344339152570716,1.6300820231386062,-0.35717530392511837,1
542,2024-09-26 22:25:10.306406006,0,020,-0.23240727681075368,0.0853785957804953,0.20225896210775093,0.09174184529223059,-0.021316755638614137,-0.12981326826036643,1.472088219743028,-0.31054935606824763,1
543,2024-09-26 22:25:10.373474121,0,020,-0.2254270964394192,0.08379040209296618,0.3121552548740816,0.06487845296175916,-0.0574276856179077,-0.12512359973028586,1.290467463515099,-0.26021437718978746,1
544,2024-09-26 22:25:10.441940186,0,020,-0.22114954438028928,0.08358210587870715,0.41409710697755997,0.03524103294211318,-0.0902346701256492,-0.12024753338152482,1.091499372950684,-0.20697441417520726,1
545,2024-09-26 22:25:10.509721924,0,020,-0.2196663462048289,0.08473613590864573,0.5000121217322611,0.004532336116448969,-0.11968998988970016,-0.11509155183233963,0.8821547184805972,-0.15185074573084742,1
546,2024-09-26 22:25:10.573317139,0,020,-0.22082893645710575,0.08713816263936956,0.5620259684046487,-0.02536312620750947,-0.14570566321424083,-0.10961760073952861,0.6697182813017791,-0.09608004813112117,1
547,2024-09-26 22:25:10.645319824,0,020,-0.2242771925359923,0.09058594637726068,0.5933016708427896,-0.05248013080118395,-0.16806443413003802,-0.10386235373466185,0.4611593350895841,-0.04101783630287029,1
548,2024-09-26 22:25:11.561594971,0,020,-0.2294787720628764,0.09480464492326866,0.5887626631045876,-0.074896390542335,-0.1863914130694655,-0.09793800194198607,0.26242680748798697,0.012001453851254217,1
549,2024-09-26 22:25:11.631531006,0,020,-0.23576533348832385,0.09946502186481226,0.5457059020824837,-0.09090174371616838,-0.2002037203887966,-0.09201493164724747,0.07790028053902184,0.06177837737057501,1
550,2024-09-26 22:25:11.699405029,0,020,-0.24237042855878874,0.1042027414685348,0.4643308640556929,-0.09920726169385237,-0.20900442950370088,-0.08629423193485576,-0.08981954941690354,0.10729454268823471,1
551,2024-09-26 22:25:11.767095947,0,020,-0.24848850288133165,0.10863977886683825,0.3480869270189342,-0.09914675240299275,-0.21238101468329734,-0.08098038368193604,-0.23972544648502783,0.14770864950942902,1
552,2024-09-26 22:25:11.820035889,0,020,-0.2533700233571573,0.11240970889636014,0.20365504619382388,-0.09081011241636297,-0.21008606074987454,-0.076260466557599,-0.37195030159075687,0.18235341395730145,1
553,2024-09-26 22:25:11.897724121,0,020,-0.2564369353006143,0.11518499943400935,0.0404851636930943,-0.07507860121934717,-0.2020828325790344,-0.07229111477224086,-0.4872733982193538,0.21075975005960776,1
554,2024-09-26 22:25:11.959266113,0,020,-0.2573734866418877,0.11669962678411724,-0.13000820670830315,-0.05356518989724121,-0.18855045677491272,-0.06919136480621987,-0.5867081080545133,0.23268490130533553,1
555,2024-09-26 22:25:12.914272949,0,020,-0.25615714711556575,0.11676118385999817,-0.2954100823360137,-0.02846952291249108,-0.1698630639670532,-0.06703870103472868,-0.6711474212010776,0.24810849315664557,1
556,2024-09-26 22:25:12.972729980,0,020,-0.25302889771602816,0.11525265608990568,-0.4432997963161451,-0.0023596461295811457,-0.14655257437052502,-0.06586864544865613,-0.7410764544182167,0.2572011735414957,1
557,2024-09-26 22:25:13.034308105,0,020,-0.24842050364789986,0.11212721910727533,-0.5621999170541497,0.02208462144383812,-0.11925098122229813,-0.06568188144258376,-0.796459540564887,0.2603054586784973,1
558,2024-09-26 22:25:13.111969971,0,020,-0.24284950494088708,0.10739736619131507,-0.6423705726672284,0.042313496147048574,-0.08861904176544738,-0.06645947381745569,-0.8368500935210321,0.2579447937268506,1
559,2024-09-26 22:25:13.173403076,0,020,-0.23678956997336129,0.10111941927198341,-0.6763548981238187,0.05610175319565816,-0.05529115649889377,-0.06817800333127008,-0.8616145193700353,0.25082751269035103,1
560,2024-09-26 22:25:13.250158936,0,020,-0.230545303083813,0.0933785865214523,-0.6593063033365008,0.061700354341261,-0.019867696994817493,-0.07081398583339348,-0.8701201859524457,0.23980722182152606,1
561,2024-09-26 22:25:13.311659180,0,020,-0.22417805881164024,0.08428084663319496,-0.5892224892538332,0.05795888695586155,0.01703888742325178,-0.07433430776321963,-0.8618526518045989,0.22580575891502622,1
562,2024-09-26 22:25:14.233357910,0,020,-0.21750792036172314,0.07395298025061496,-0.4671750546289013,0.044418714294344436,0.054729723523968266,-0.07867819286122239,-0.8365528627947391,0.20973748225943026,1
563,2024-09-26 22:25:14.295025879,0,020,-0.21017448014382628,0.0625463421695718,-0.297492353349421,0.021366748185681367,0.09236073338504486,-0.08374095531064513,-0.7944524578543692,0.19246275430657428,1
564,2024-09-26 22:25:14.374468018,0,020,-0.2017146259010198,0.05023759858922322,-0.08774378517927461,-0.010162943965153432,0.12893838392240278,-0.08937000966849296,-0.7365712398563312,0.17477865065647508,1
565,2024-09-26 22:25:14.434000000,0,020,-0.19162223407364656,0.03722238091851017,0.1516187867469405,-0.048456557014296596,0.1633870553139851,-0.0953785030990527,-0.6649694164958173,0.15744512313274958,1
566,2024-09-26 22:25:14.495560791,0,020,-0.17938148892689398,0.023704482495093476,0.4080015874984188,-0.09126965485867553,0.19467502129167935,-0.1015740369890625,-0.582854846396011,0.14122558035096466,1
567,2024-09-26 22:25:14.577795898,0,020,-0.16449396224332047,0.009887811341087373,0.667690331677896,-0.13604562929755085,0.221953806563105,-0.10779371803878371,-0.49449852447549825,0.1268985040190536,1
568,2024-09-26 22:25:14.645583984,0,020,-0.14653090920377468,-0.004023028482345611,0.9169584152738655,-0.18016546395743893,0.2446556661916775,-0.11393421646255912,-0.4049546352350324,0.11519629972529445,1
569,2024-09-26 22:25:15.588856934,0,020,-0.1252219575038728,-0.01781341161867213,1.143092609316841,-0.22118695098773275,0.26252082006382454,-0.11996702977430905,-0.31958439179656734,0.1066585658753757,1
570,2024-09-26 22:25:15.643527100,0,020,-0.1005527172183736,-0.031247411338427546,1.3352536825569565,-0.2570403665158518,0.2755553188320971,-0.12593333914962576,-0.24342108595037046,0.10144070610783308,1
571,2024-09-26 22:25:15.720216064,0,020,-0.07282677724191282,-0.0440646511328684,1.4851336365081207,-0.2861575533353893,0.28393287533818107,-0.1319184482046079,-0.18051484721879313,0.09915844915192965,1
572,2024-09-26 22:25:15.782937988,0,020,-0.042666245215099624,-0.055991570076931334,1.5873483310300547,-0.3075218382208952,0.287877157162497,-0.13801341247203947,-0.13347032083035157,0.09884316638763939,1
573,2024-09-26 22:25:15.860115967,0,020,-0.010955903410164737,-0.06676496029761496,1.6394792271822496,-0.3206373591092499,0.2875849846996292,-0.14427773517419973,-0.10332023909189364,0.09903322571965491,1
574,2024-09-26 22:25:15.921690918,0,020,0.021243622079459904,-0.07615928436182608,1.6417462028727183,-0.3254322250375547,0.2832292350349396,-0.15071483501865965,-0.08966737071163626,0.09796192823773085,1
575,2024-09-26 22:25:15.995686035,0,020,0.052784559892697605,-0.08400891194249008,1.5964474834482094,-0.32213101088698315,0.2750197405623875,-0.1572622053316773,-0.09094378191328785,0.09378011141113002,1
576,2024-09-26 22:25:16.925615967,0,020,0.08250194640200886,-0.09021973158265134,1.5074057500433897,-0.3111485319201616,0.2632629023848085,-0.16379152708101272,-0.10476758156485155,0.08477857383347534,1
577,2024-09-26 22:25:17.006789062,0,020,0.10925907026475096,-0.09476829690855285,1.3795997548778938,-0.2930509370134049,0.24838176790951313,-0.17011571424204486,-0.12838076348682959,0.06958666378973909,1
578,2024-09-26 22:25:17.064923096,0,020,0.1319807447663001,-0.09769100549554562,1.2189985308679843,-0.26859110482867604,0.23090237166830072,-0.1760031434421715,-0.15898109019400236,0.04731173919404796,1
579,2024-09-26 22:25:17.141621094,0,020,0.1497002005322242,-0.09906987399271683,1.0325027667211688,-0.23877710960836307,0.21142756129599177,-0.181199094931537,-0.19381337847015712,0.01760544447544395,1
580,2024-09-26 22:25:17.210083008,0,020,0.16163541054330752,-0.09902057788280888,0.8278757328247718,-0.20491615465129104,0.19060453478072215,-0.18545227061702904,-0.23016077236651233,-0.019316107065788207,1
581,2024-09-26 22:25:17.264836914,0,020,0.16727680797768452,-0.09768310884824734,0.6135936036732784,-0.16860046971314496,0.1690760840143112,-0.18854035747112557,-0.265456520969027,-0.06266651629143355,1
582,2024-09-26 22:25:17.342943848,0,020,0.16645008008149034,-0.09521312603274819,0.39865238458368646,-0.1316410486909061,0.1474091452180073,-0.19028533402421485,-0.29754173882412593,-0.11109256902664691,1
583,2024-09-26 22:25:18.289074951,0,020,0.15933633466169853,-0.09177439279836344,0.19241533933014365,-0.09597915951768836,0.12601829626815345,-0.19055298545904684,-0.32491513412793266,-0.16270304318936443,1
584,2024-09-26 22:25:18.355083008,0,020,0.14645281814709293,-0.08753367031990197,0.004500140424901713,-0.06360216735777903,0.10512110761242012,-0.18924091507302374,-0.34682300666030935,-0.21514403618230676,1
585,2024-09-26 22:25:18.417571045,0,020,0.1285964523526448,-0.08265726172667054,-0.155367680536064,-0.03647189652264514,0.08474823125798135,-0.18626534482411944,-0.3631452699772061,-0.2657333150004512,1
586,2024-09-26 22:25:18.489510009,0,020,0.10675438381342957,-0.07730747260940714,-0.2776132255645632,-0.016453060951603142,0.06479380724131904,-0.18155392229340436,-0.3741214420237244,-0.3116506955978369,1
587,2024-09-26 22:25:18.560195801,0,020,0.08200569703261322,-0.07163969593863882,-0.3532880006190353,-0.005216109657444169,0.04507233040657104,-0.17504580399327915,-0.37998422815774563,-0.35017176950649104,1
588,2024-09-26 22:25:18.628017822,0,020,0.055450091145602544,-0.06580296231643736,-0.3748328268340421,-0.004102826082280579,0.025362714116283686,-0.1666982964250442,-0.3805694907434129,-0.3789258949648506,1
589,2024-09-26 22:25:18.681550049,0,020,0.028180486312209967,-0.05994513687926187,-0.3369916754111346,-0.013979866521153942,0.005444040779357946,-0.15649891275742686,-0.37501970251555306,-0.3961412231151746,1
590,2024-09-26 22:25:19.634652100,0,020,0.0012850763709319102,-0.0542199405244501,-0.23758054785791227,-0.03512464970338368,-0.014868237710476333,-0.14447946445036877,-0.36174471150405463,-0.4008229791460611,1
591,2024-09-26 22:25:19.697138184,0,020,-0.024150509970803133,-0.048790583335973206,-0.07792434718652068,-0.06717179068619687,-0.03569306974544029,-0.1307275011457266,-0.33872862269055953,-0.3928243009298595,1
592,2024-09-26 22:25:19.759172852,0,020,-0.04706763573217639,-0.04382580906397911,0.13702350088188353,-0.10912335797098917,-0.057077652264727205,-0.11539211549462358,-0.30410904554012785,-0.3728010266390364,1
593,2024-09-26 22:25:19.836850098,0,020,-0.06649976887254529,-0.0394880430809379,0.39880926740093164,-0.1594113790120001,-0.0790120185570553,-0.09868403048587196,-0.25683628240353684,-0.34207155327545846,1
594,2024-09-26 22:25:19.898885986,0,020,-0.08166388125744878,-0.0359187722554513,0.6958311340949507,-0.21599081506689233,-0.1014358958181558,-0.08087227050449956,-0.1972247650555789,-0.3024235035406883,1
595,2024-09-26 22:25:19.978129883,0,020,-0.09203931565041609,-0.033228400946099294,1.0139165430391957,-0.2764418237489553,-0.12420718909357342,-0.06228025264732769,-0.12731769420401687,-0.25590851710741064,1
596,2024-09-26 22:25:20.038256104,0,020,-0.09740977057650962,-0.031492695649007946,1.3371258650453604,-0.33808042385075526,-0.14703149952811934,-0.04328151722874981,-0.05108040450125114,-0.20464829357419545,1
597,2024-09-26 22:25:20.989149170,0,020,-0.0978754344144193,-0.030751346141157196,1.6487707724359757,-0.39809339981332587,-0.16939434972376902,-0.024291117526050326,0.025527840589690085,-0.1506552054881456,1
598,2024-09-26 22:25:21.056997070,0,020,-0.09384550395472391,-0.03100411516390574,1.9325723061312032,-0.45370069017702813,-0.19055310907077905,-0.005747968744385716,0.0946037998010402,-0.09566662224373072,1
599,2024-09-26 22:25:21.116391846,0,020,-0.08600801486527242,-0.032205127564274356,2.17379928355814,-0.5023251845640753,-0.20961004635156652,0.01191074797583499,0.14665800104585863,-0.04102270962504617,1
600,2024-09-26 22:25:21.178454102,0,020,-0.07527677529794109,-0.034259396197572775,2.360257430094338,-0.5417467320540446,-0.22563406367887662,0.028275293685450356,0.17153090092826,0.012353657039857972,1
601,2024-09-26 22:25:21.260391846,0,020,-0.0627246807181067,-0.03702512799474056,2.483130286966185,-0.5702317739294108,-0.23778177224396704,0.04298181390917315,0.15979144685952318,0.06385613178951495,1
602,2024-09-26 22:25:21.328116943,0,020,-0.0495068103351276,-0.04032328348628501,2.5376977686225475,-0.5866445874381788,-0.24539262859847974,0.05572237165395877,0.10416480355749527,0.11303348233783113,1
603,2024-09-26 22:25:21.395889160,0,020,-0.03676783968999708,-0.04395420978429117,2.5238203114245277,-0.5905440856901699,-0.24806037348330398,0.06624975597052,0.000551350613071347,0.15945223603536762,1
604,2024-09-26 22:25:22.312921143,0,020,-0.025535319446739042,-0.047719226723752665,2.445948292960491,-0.5822410909684321,-0.24569137747623745,0.0743796330976658,-0.15151045602900187,0.20262592982603342,1
605,2024-09-26 22:25:22.375807129,0,020,-0.016615726258302894,-0.05144265471972563,2.3124860462286545,-0.5627678284725727,-0.2385514735150787,0.07999105947412016,-0.34884794650925177,0.24200618365758436,1
606,2024-09-26 22:25:22.450391113,0,020,-0.010519040146075161,-0.05498823095622778,2.134631373078269,-0.5337460856766258,-0.2272862753077926,0.08302771329245487,-0.5849687838697564,0.2770137197843797,1
607,2024-09-26 22:25:22.518115967,0,020,-0.007430746407933741,-0.05826503915625723,1.925041866363361,-0.4972008084286562,-0.21289076227818524,0.08350257736816101,-0.8505637164162334,0.30709020058139164,1
608,2024-09-26 22:25:22.581918945,0,020,-0.007231633019454412,-0.061222109928843,1.696576862892778,-0.4553672123973549,-0.1966164274481098,0.0815039364095829,-1.134116611387393,0.3317574552215241,1
609,2024-09-26 22:25:22.653682861,0,020,-0.009554020823813477,-0.06383511499447089,1.4611745533196088,-0.4105016325135399,-0.17983166205186613,0.07719647359046908,-1.4225975376597961,0.3506768868570365,1
610,2024-09-26 22:25:22.721461914,0,020,-0.01386513859283227,-0.0660906109000894,1.228960227222648,-0.36470746910948737,-0.16387087741049036,0.07081579438527895,-1.7022640647051206,0.3637054210932054,1
611,2024-09-26 22:25:23.665068115,0,020,-0.0195732547641336,-0.0679724229421092,1.0077433133798774,-0.31980600297123823,-0.14990568374179933,0.06266129793772687,-1.9595661058402054,0.3709402010476736,1
612,2024-09-26 22:25:23.721115967,0,020,-0.026142696641770716,-0.06945276999600201,0.8029743599076302,-0.2772697251153183,-0.13885112554184104,0.05308907233695002,-2.1820947941913,0.3727410346074092,1
613,2024-09-26 22:25:23.798322021,0,020,-0.03318510150408921,-0.07048916752679914,0.6181384819508282,-0.23821632204602544,-0.13130698796445514,0.042499341022479764,-2.359500599839579,0.36972462098244363,1
614,2024-09-26 22:25:23.860177979,0,020,-0.040498738355290484,-0.0710261057523879,0.455439669417963,-0.2034467546099197,-0.1275350855854275,0.0313145955004592,-2.4843223112710358,0.36273552011909366,1
615,2024-09-26 22:25:23.936273193,0,020,-0.04805234853588831,-0.07099966719645243,0.31645982287667146,-0.17349202127715474,-0.1274603543690354,0.019950494814652508,-2.5527018567130506,0.3528084318878275,1
616,2024-09-26 22:25:23.999876953,0,020,-0.05592640810878953,-0.07034465105288334,0.20249347777900994,-0.14863740544862447,-0.13066869181405585,0.008783987506229338,-2.5649094986934258,0.34113052854701725,1
617,2024-09-26 22:25:24.062563965,0,020,-0.06423990328114813,-0.06900318285916698,0.11450570324264935,-0.12892859602400936,-0.13639847129349192,-0.001874681239507188,-2.5254611051121976,0.32899462651019734,1
618,2024-09-26 22:25:24.985625000,0,020,-0.07309955928807874,-0.06693215320911829,0.05288469314057683,-0.11418820497564196,-0.14355979543778616,-0.011797418867230453,-2.4426265516076615,0.31772970220491176,1
619,2024-09-26 22:25:25.047945068,0,020,-0.08258526607722266,-0.06410902487982151,0.017223921224667475,-0.10406183875097515,-0.15081454291372165,-0.0208373345055357,-2.3273886646942787,0.3086100716262829,1
620,2024-09-26 22:25:25.124988037,0,020,-0.09275524956162656,-0.06053756606897239,0.006287884957417651,-0.09808999716916968,-0.15671686947345845,-0.02891672952772378,-2.192130739815588,0.3027552664627807,1
621,2024-09-26 22:25:25.192733887,0,020,-0.10365633906665757,-0.056251802979401536,0.01814909111169704,-0.09578309339109847,-0.15987919502804804,-0.0360130798760036,-2.049314896660331,0.3010266333409019,1
622,2024-09-26 22:25:25.260543213,0,020,-0.11533827550264579,-0.05131451161081114,0.05037827808537993,-0.09667283404189375,-0.1591154318776894,-0.0421474505922764,-1.9102908089266453,0.30392044342301977,1
623,2024-09-26 22:25:25.328386963,0,020,-0.12786166837598925,-0.045812738221416995,0.1002009952304695,-0.10033204444793374,-0.15353380500656277,-0.047373671568160275,-1.7843376327099163,0.3114727331804263,1
624,2024-09-26 22:25:25.387280029,0,020,-0.14127531274521019,-0.039858479314337295,0.16461775840766918,-0.10638343991882944,-0.1425835752205104,-0.05176630652436105,-1.6780534435782026,0.3232120071041864,1
625,2024-09-26 22:25:26.336855957,0,020,-0.15555631941122797,-0.033596906856616864,0.24058528283057487,-0.11453117152992456,-0.12606915169884786,-0.05540966648459382,-1.595113851474993,0.33818128971009526,1
626,2024-09-26 22:25:26.401572998,0,020,-0.17054230127744074,-0.027214702432054916,0.32540528010368075,-0.12463133922162746,-0.10414195556842715,-0.058390731302950666,-1.5363174140005753,0.3550115227930664,1
627,2024-09-26 22:25:26.461944092,0,020,-0.1858955029431778,-0.020940263538341074,0.4172977531227972,-0.1367773114302037,-0.07728547254328921,-0.06079426692101829,-1.4998605646313066,0.3720160648885002,1
628,2024-09-26 22:25:26.539385010,0,020,-0.20111291860688668,-0.015034479047928092,0.5158582732422347,-0.15134673626055897,-0.04630306450027422,-0.06269662119590554,-1.4818181970747337,0.3872956431528483,1
629,2024-09-26 22:25:26.601382080,0,020,-0.2155651332884077,-0.009775746592561821,0.6220726073916711,-0.16896596791200358,-0.012296702512033034,-0.06415827335340096,-1.476748900414077,0.39885645931822783,1
630,2024-09-26 22:25:26.677495117,0,020,-0.22854469375619246,-0.005442017157697498,0.737824379745913,-0.19038410726193228,0.023376122742360273,-0.06521713092304904,-1.478295205174499,0.40474092728754185,1
631,2024-09-26 22:25:26.745385986,0,020,-0.23932262085630257,-0.0022900475622280076,0.8650660057113472,-0.2162835796108442,0.05916141454639566,-0.0658827456444839,-1.4797062685697053,0.40317123673743444,1
632,2024-09-26 22:25:27.688580078,0,020,-0.2472131372108998,-0.0005326612457441065,1.0048836964288814,-0.24707347136453525,0.09338309936526383,-0.06613267528790585,-1.474349351586261,0.3927111593266318,1
633,2024-09-26 22:25:27.756444092,0,020,-0.2516338022153952,-0.0003181533946242539,1.1566743831449482,-0.2827131793429015,0.12435158741414895,-0.06591550808732528,-1.4563495202292156,0.37244137413385947,1
634,2024-09-26 22:25:27.824212158,0,020,-0.2521490404268134,-0.0017174357279787949,1.317617306960876,-0.3225991290265208,0.1505046318668287,-0.06516121792187486,-1.4213898896879622,0.34213011534749926,1
635,2024-09-26 22:25:27.891989990,0,020,-0.24850243926991575,-0.0047209577542451035,1.4825529517227667,-0.36553170168738186,0.1705349770447396,-0.06379087518105771,-1.367517498187224,0.30238018140702966,1
636,2024-09-26 22:25:27.959786865,0,020,-0.2406528075616193,-0.00924260468939599,1.6442863398128962,-0.4097678013283562,0.18345830661911003,-0.06171685988226558,-1.295684441987535,0.2547153679082173,1
637,2024-09-26 22:25:28.014547119,0,020,-0.22881180065327275,-0.015127985466831083,1.7942337744072687,-0.45315049393988344,0.18861586267792113,-0.058832673874914095,-1.2097645840902702,0.20154364096715752,1
638,2024-09-26 22:25:28.090728027,0,020,-0.21345824655923226,-0.02216731705310426,1.9232725729263742,-0.49329640710192385,0.18563840831716452,-0.05500049157411525,-1.1159643991016293,0.14596765875104092,1
639,2024-09-26 22:25:29.027667969,0,020,-0.19531215673825336,-0.030111805527505246,2.0226572986562106,-0.5278178945447171,0.1744049798052779,-0.05004939183064895,-1.0217963852418288,0.09148726010735919,1
640,2024-09-26 22:25:29.105308105,0,020,-0.17527716620978587,-0.03868953565437889,2.08488316369871,-0.5545521945875509,0.15502305814982,-0.0437933163449756,-0.9348658470547123,0.04166251336106614,1
641,2024-09-26 22:25:29.174382080,0,020,-0.15436562474164175,-0.04761932686693419,2.104355081173229,-0.5717587437197679,0.12784365677681792,-0.03606712788404328,-0.8616403129081032,-0.00022969274171699689,1
642,2024-09-26 22:25:29.228683105,0,020,-0.133613926994981,-0.05662556666620624,2.0777426471641163,-0.5782471245879125,0.09350870588104618,-0.02677110990111651,-0.806355692990043,-0.03153398543562179,1
643,2024-09-26 22:25:29.305463135,0,020,-0.11400479605751773,-0.06545503563648303,2.004036600229865,-0.573429949291195,0.053012475638753845,-0.015912843983699347,-0.7703060430717622,-0.05050512557721997,1
644,2024-09-26 22:25:29.367070068,0,020,-0.0964163048107624,-0.07389175280264083,1.8844278070602487,-0.5573278370164497,0.007743211133709442,-0.0036367859485393365,-0.7517913780476096,-0.05646536334670938,1
645,2024-09-26 22:25:29.445178955,0,020,-0.08158935347000822,-0.08176723915592368,1.7220927140525923,-0.5305506708506997,-0.0405377977353784,0.009766286408427482,-0.7468000119950979,-0.04978122255898806,1
646,2024-09-26 22:25:30.388729980,0,020,-0.07008574392651844,-0.08896761836567917,1.5219155142093261,-0.4942537457831988,-0.08980512648545573,0.023872884543087728,-0.7501196542427512,-0.03169477705665333,1
647,2024-09-26 22:25:30.455998779,0,020,-0.06223229730167947,-0.09543819312004995,1.2901856309219646,-0.45005116462892153,-0.13794402864806996,0.038158041904836314,-0.756356030907998,-0.004096733446009082,1
648,2024-09-26 22:25:30.524379883,0,020,-0.058075409589323355,-0.1011841104763191,1.034278336488872,-0.39987527317058985,-0.1829251895282357,0.052033306005508886,-0.7605590164268495,0.030690559522449375,1
649,2024-09-26 22:25:30.579159912,0,020,-0.05736952517703552,-0.10626678615833467,0.7622724784412193,-0.34579633722157405,-0.22292059301776165,0.06488372246760556,-0.7585335093889285,0.07010749442955816,1
650,2024-09-26 22:25:30.655874023,0,020,-0.059606320895328406,-0.11079748610824959,0.4824945781134966,-0.28984038443430077,-0.2563614193347437,0.07610432752967641,-0.7469916367213695,0.11154512841909531,1
651,2024-09-26 22:25:30.717932861,0,020,-0.06407753343048408,-0.11492919720780365,0.20304492489022122,-0.23384253368117833,-0.2819832532508261,0.08514036529298927,-0.7235335501150026,0.15252420018435772,1
652,2024-09-26 22:25:30.780003174,0,020,-0.06996141100303552,-0.11884514176946602,-0.06862446821585211,-0.1793511947485101,-0.2988832569317119,0.09153004898976365,-0.6864219207883054,0.19084168760965603,1
653,2024-09-26 22:25:31.732223145,0,020,-0.07642457914404986,-0.12274083791699664,-0.32600610332598184,-0.12758036852574436,-0.3065693391853874,0.09494189803157776,-0.6343027894158221,0.2246701713565669,1
654,2024-09-26 22:25:31.795821045,0,020,-0.08272169071047783,-0.12680072811199225,-0.5636437656990356,-0.07940613226445167,-0.30497178479740394,0.09519838500885619,-0.5661173465391961,0.25261028129866514,1
655,2024-09-26 22:25:31.872812012,0,020,-0.08826718015985928,-0.13117509635476143,-0.7770566585381163,-0.03540685546611408,-0.2944095342987818,0.09228135869615142,-0.48129960443814657,0.27370064679417705,1
656,2024-09-26 22:25:31.942143066,0,020,-0.09266422340886939,-0.13596245610588772,-0.9625494516347523,0.004056749257307908,-0.27552254517838914,0.08631901916717051,-0.38013764362238595,0.28739812100285966,1
657,2024-09-26 22:25:32.009934814,0,020,-0.0956934360852082,-0.14119923597095368,-1.116951188811926,0.03873143579975771,-0.24919447289044194,0.07756044199103755,-0.2641079602272316,0.29355204313556243,1
658,2024-09-26 22:25:32.072650879,0,020,-0.09727630623384224,-0.14685612796546957,-1.2372925338577139,0.06834638518876758,-0.21649903256080782,0.06634828183022798,-0.13605858290828293,0.29238621622095456,1
659,2024-09-26 22:25:32.134700928,0,020,-0.09743207744391001,-0.1528403448217606,-1.320495025674091,0.09250212400604231,-0.17868575990277735,0.05309576901891179,-0.00016047933112311948,0.2844773147319061,1
660,2024-09-26 22:25:33.088852783,0,020,-0.09623918146152122,-0.15900386657956347,-1.3632242268152994,0.11061508003271779,-0.1371833758477891,0.038264731188921035,0.1384142347226462,0.27071111667028397,1
661,2024-09-26 22:25:33.156688965,0,020,-0.09380463516409973,-0.165156565653794,-1.3620120230374853,0.12194251581564221,-0.09358465800111261,0.022339383920684252,0.2739957184998151,0.25221129292532474,1
662,2024-09-26 22:25:33.220902100,0,020,-0.0902459201637942,-0.17108119502442876,-1.3136487006041355,0.12567642551990416,-0.049585775742980204,0.00579541496990577,0.40089787878385136,0.23024819900045349,1
663,2024-09-26 22:25:33.292221191,0,020,-0.08568627113300831,-0.1765481849810024,-1.2158118095002715,0.1210843992476593,-0.00686525666518794,-0.010933220765776573,0.5137489673127942,0.2061379690312245,1
664,2024-09-26 22:25:33.359700928,0,020,-0.08024904194123042,-0.18133136436119343,-1.0678568095847625,0.10767900320952745,0.03308448919208445,-0.027486124390018705,0.607695729022426,0.18114191193965853,1
665,2024-09-26 22:25:33.421247070,0,020,-0.0740376478465477,-0.18522614875676163,-0.8715202498872956,0.08537027296598523,0.06912519820627037,-0.04360017676182479,0.6785265394214031,0.1563816099373845,1
666,2024-09-26 22:25:33.485781006,0,020,-0.06711567610872281,-0.18806745510592748,-0.6311750246807659,0.054531507609742395,0.10059056631004303,-0.05911675899270679,0.7227204493463678,0.1327840357008795,1
667,2024-09-26 22:25:34.412779053,0,020,-0.05951369481515462,-0.18974184915506093,-0.3535242466745173,0.015953630607031866,0.127334255820649,-0.07396900073622749,0.737493829397194,0.11105287785354642,1
668,2024-09-26 22:25:34.474240967,0,020,-0.05126375760506746,-0.19019204595826236,-0.046988509691668214,-0.029262868459644608,0.1497063002860978,-0.08815480443933037,0.7209608012518707,0.09165555817084609,1
669,2024-09-26 22:25:34.536726074,0,020,-0.042439280852843465,-0.18941626081322763,0.27894341676960444,-0.07981707967682562,0.16845445849626864,-0.10170569195219181,0.6724086039176803,0.07483409227413802,1
670,2024-09-26 22:25:34.613441895,0,020,-0.03318052287390003,-0.18746434553919003,0.6143544666199012,-0.1342916982314719,0.18456216376587137,-0.11465866934614302,0.5925631836758138,0.0606514482671195,1
671,2024-09-26 22:25:34.675026855,0,020,-0.023693175136231634,-0.18443110703517288,0.9495424516870746,-0.19120679627740858,0.1990581710457088,-0.12703393534331947,0.48375532498380164,0.04905387183879215,1
672,2024-09-26 22:25:34.751724854,0,020,-0.014209349355243123,-0.18044875920273448,1.275564660147813,-0.24904345387584148,0.21283114937644795,-0.13881821663079744,0.35000761764744387,0.03991147673170081,1
673,2024-09-26 22:25:34.814539795,0,020,-0.004912944837893427,-0.17568067748713348,1.5845274930537852,-0.30624719440085657,0.2264783583030842,-0.14995361444654842,0.19704682615170266,0.03302855295108653,1
674,2024-09-26 22:25:35.738558105,0,020,0.004143717139570255,-0.17031515602283817,1.869579909231117,-0.3612331745994646,0.24022672589245592,-0.1603352725010387,0.032144739342594625,0.028146633979232623,1
675,2024-09-26 22:25:35.794214844,0,020,0.013092675430776737,-0.16455650693321394,2.1247614733203046,-0.4124162948804669,0.25394809769145915,-0.16982136017582264,-0.13625326085121295,0.02494740437677036,1
676,2024-09-26 22:25:35.874142822,0,020,0.022244945628697523,-0.15861304014690525,2.344915101249324,-0.4582755369297102,0.26724792483367704,-0.17825277821201174,-0.2989499659283309,0.023028782087857483,1
677,2024-09-26 22:25:35.933535889,0,020,0.03202511266614801,-0.15268313264259334,2.5257389560818444,-0.497442739360961,0.2795862797555539,-0.1854753457383887,-0.44627843653739324,0.021836796590187373,1
678,2024-09-26 22:25:35.995618164,0,020,0.04287378055665649,-0.14694218748868415,2.6639035398334,-0.5287910526201453,0.2903970275576719,-0.19135942385567803,-0.5683292812321507,0.020587599543934916,1
679,2024-09-26 22:25:36.073239014,0,020,0.0551605446486311,-0.14153460591669476,2.7571360107006897,-0.5514940991749254,0.2991731274508304,-0.19581506389120074,-0.6554335572644233,0.018242284446412523,1
680,2024-09-26 22:25:36.135724121,0,020,0.06913265849667494,-0.13657234466880655,2.8042330846307597,-0.5650425119391473,0.30549162281457376,-0.19880036733961134,-0.6990359618169598,0.01356673631981709,1
681,2024-09-26 22:25:37.086572998,0,020,0.08489521065987002,-0.13213729356703324,2.8050269193841375,-0.5692259571098293,0.3089915922554615,-0.20032268765915137,-0.6927529949765733,0.005268337596838257,1
682,2024-09-26 22:25:37.149491943,0,020,0.10240645532014717,-0.1282835795986462,2.760330285608145,-0.5640897664851616,0.3093603516719617,-0.20043754552023282,-0.6333296757123413,-0.007809696603710065,1
683,2024-09-26 22:25:37.209935059,0,020,0.12147607507795344,-0.1250376625005776,2.671863909742084,-0.5498738989160422,0.3063709435810073,-0.1992502114328754,-0.5213272156930355,-0.026467219596734214,1
684,2024-09-26 22:25:37.292542969,0,020,0.14176517068364,-0.12239600634836288,2.542205045538434,-0.5269615242735847,0.2999651059055379,-0.19691987813615644,-0.36143236446194305,-0.050957659249492235,1
685,2024-09-26 22:25:37.348817139,0,020,0.16279465710059057,-0.12032125243188241,2.374809920032025,-0.49586950327584167,0.29034307484756106,-0.19366293651393846,-0.16227326708407336,-0.08089286318429435,1
686,2024-09-26 22:25:37.426017090,0,020,0.18396176401447142,-0.11873813958562339,2.1740814095375818,-0.45727893788236085,0.2780184695234191,-0.18975096030064034,0.06432194932252723,-0.11526422883033373,1
687,2024-09-26 22:25:37.488503905,0,020,0.2045560493583003,-0.11753041427055551,1.9453971929493001,-0.4120745332591952,0.2638135353374942,-0.18550037451237522,0.3045155704762199,-0.152550295532381,1
688,2024-09-26 22:25:38.437134033,0,020,0.22377437757891408,-0.11653989939695371,1.6950398647832863,-0.36136713750635047,0.248790798391172,-0.18125400290915608,0.5437779959965118,-0.19086250420715317,1
689,2024-09-26 22:25:38.499129883,0,020,0.24074206528986503,-0.11556756879988375,1.4300000908758514,-0.30648421259829745,0.23412920908348325,-0.1773567453550633,0.7679935212217099,-0.2281002997498342,1
690,2024-09-26 22:25:38.561187988,0,020,0.2545383758686488,-0.11437444128933622,1.1576509601073255,-0.24891375953707542,0.22096613034471466,-0.174128463181453,0.9642459739161484,-0.26210894713341376,1
691,2024-09-26 22:25:38.638837891,0,020,0.2642144122860513,-0.11268100244008532,0.8853638719298449,-0.19020806610901259,0.21024452916536138,-0.1718379764415486,1.121389806144424,-0.2908317455985239,1
692,2024-09-26 22:25:38.710441162,0,020,0.26879996856574184,-0.110168342954486,0.6201796274785749,-0.13188643232203634,0.20260854488750554,-0.17068231072592127,1.2305403005649713,-0.3124432881191703,1
693,2024-09-26 22:25:38.777992920,0,020,0.2673173412737576,-0.10648749167015581,0.3685586001812691,-0.07537101353288939,0.19837140996656027,-0.17077418339686642,1.285541458185109,-0.3254644875042772,1
694,2024-09-26 22:25:38.840270996,0,020,0.25883102812787195,-0.10128174514198134,0.1361252727878897,-0.02195152325143746,0.1975464887003856,-0.17213766658649624,1.2834054302982845,-0.32887398371815674,1
695,2024-09-26 22:25:39.774864990,0,020,0.2425498880711631,-0.0942214006886692,-0.07263002190732609,0.027244983915941372,0.19990527249365528,-0.1747097674590232,1.2246882403722745,-0.3222216649149562,1
696,2024-09-26 22:25:39.852506104,0,020,0.21796993545960064,-0.08504441626473037,-0.25459705796096244,0.07128669571238191,0.20502689288134568,-0.1783468977938634,1.1136956403280338,-0.3057237941621138,1
697,2024-09-26 22:25:39.914072998,0,020,0.18501452750110411,-0.0735925149201808,-0.4081005752686981,0.10945477517038305,0.21232718831597933,-0.18283607258043036,0.9582982206286164,-0.2802982787899385,1
698,2024-09-26 22:25:39.991700928,0,020,0.14411224848369653,-0.05983256238008423,-0.5327285601548825,0.14123413991397787,0.22107948901240576,-0.1879095981284528,0.7691846197529725,-0.24750424371786087,1
699,2024-09-26 22:25:40.060493896,0,020,0.09617453799277408,-0.04385899827342562,-0.6290634716475314,0.16630081933250518,0.23044884378364758,-0.19326302336024656,0.5586611434712642,-0.20938229442374337,1
700,2024-09-26 22:25:40.123924072,0,020,0.042489758942729716,-0.02588118766732586,-0.6984790247259497,0.18453876664693403,0.2395495196615044,-0.19857789030283424,0.33931149300059427,-0.1682312719492715,1
701,2024-09-26 22:25:40.196095947,0,020,-0.015409674474689291,-0.0062040200845704125,-0.743012686586048,0.19607488570301176,0.2475152985556993,-0.20354868486973374,0.12275401545286002,-0.12637841781846862,1
702,2024-09-26 22:25:41.134375000,0,020,-0.07585991367110917,0.014791191118663944,-0.765201136713527,0.2012839776017247,0.25356371751400214,-0.20790902623259933,-0.08140666022022718,-0.0859853912477921,1
703,2024-09-26 22:25:41.195982910,0,020,-0.13714718069739562,0.03666280638412703,-0.767833814379036,0.20073992006442978,0.2570381334298425,-0.21145007450211722,-0.26631989212699103,-0.048897463911939686,1
704,2024-09-26 22:25:41.273111084,0,020,-0.19756989296282246,0.058922828653372256,-0.75370240054967,0.19514024029332927,0.257421135248665,-0.21402663380320336,-0.4281662340354762,-0.01652502522913557,1
705,2024-09-26 22:25:41.334365967,0,020,-0.2554909027145142,0.08105102424845903,-0.7254176687117967,0.18524205915394523,0.2543279854435132,-0.21555239843924548,-0.565917422167192,0.010237527591386582,1
706,2024-09-26 22:25:41.410590820,0,020,-0.3093755946453816,0.10251067237067414,-0.6852988466151926,0.1718179057559308,0.24749680740184973,-0.21599004220424806,-0.680692537680486,0.031029199412954532,1
707,2024-09-26 22:25:41.478426025,0,020,-0.3578091341737357,0.12276542763544745,-0.6353465629391094,0.1556198526420675,0.23678743519027892,-0.21534093734196905,-0.774934517636761,0.04596833312536004,1
708,2024-09-26 22:25:41.535610107,0,020,-0.399502705812527,0.14129639576785777,-0.577304520582095,0.13734520356842306,0.2221869880196723,-0.2136358393256428,-0.8516426279229258,0.05556288266526555,1
709,2024-09-26 22:25:42.489499023,0,020,-0.4333080658293472,0.15761963371363774,-0.5127319350027522,0.11760544016535263,0.20380406997854458,-0.21092478242222845,-0.9138297068584896,0.060627743638998394,1
710,2024-09-26 22:25:42.550906006,0,020,-0.45824605810249763,0.17130377085302106,-0.44299029108030646,0.09690127688082219,0.18183585818960127,-0.2072632378419834,-0.9642758694808903,0.0622207034119718,1
711,2024-09-26 22:25:42.613425049,0,020,-0.47354071023433664,0.18198573240170385,-0.3691759409344149,0.07560546273967876,0.15651724905269523,-0.20269472745424016,-1.0055369898099953,0.06159238374015818,1
712,2024-09-26 22:25:42.691056885,0,020,-0.4786542731771609,0.1893829119401332,-0.2921632015251501,0.05396120846314286,0.12807689280606427,-0.19723530516735385,-1.0400936675055634,0.060149863793228696,1
713,2024-09-26 22:25:42.760709961,0,020,-0.47332818483741124,0.1933023508000632,-0.2128673628276052,0.03211157216215776,0.09671736603506632,-0.19086618447117856,-1.0705342206682282,0.059421924240048676,1
714,2024-09-26 22:25:42.828520020,0,020,-0.4576346055833881,0.19364857742213587,-0.13263771991882142,0.010163507334477925,0.06262534176841623,-0.18353687720545458,-1.0996551662498932,0.060992830665737005,1
715,2024-09-26 22:25:42.891585205,0,020,-0.43203142792341825,0.1904311739610617,-0.05359051865888042,-0.01173485282345422,0.026013135428105134,-0.17517751709370805,-1.1303375812527863,0.06638031824255425,1
716,2024-09-26 22:25:43.838416992,0,020,-0.39739872345800853,0.18377123974039136,0.02125308853613839,-0.03333249009193961,-0.012812500849399923,-0.16571787194663198,-1.1651322640139845,0.07686440262652952,1
717,2024-09-26 22:25:43.900074951,0,020,-0.35503232374044713,0.1739035017843939,0.08807780874416211,-0.054239366428578545,-0.05337342268800984,-0.1551102473166708,-1.2056221319122733,0.09329640348603509,1
718,2024-09-26 22:25:43.961614014,0,020,-0.30659112782557063,0.16117151045341918,0.14262645842731309,-0.07391340020460462,-0.09496611617660983,-0.14335189690511704,-1.2517590794431739,0.11593492109056185,1
719,2024-09-26 22:25:44.039721924,0,020,-0.25401836467474403,0.1460167839815785,0.18074936447322662,-0.09168046720482363,-0.13664747209815215,-0.13050131809213883,-1.301441121327263,0.14435645510166228,1
720,2024-09-26 22:25:44.101362061,0,020,-0.19945649397671886,0.12896357383834856,0.1990961741199394,-0.1068024424897514,-0.1772520378752132,-0.1166854039273913,-1.3504948185169812,0.1774517463687907,1
721,2024-09-26 22:25:44.177618896,0,020,-0.14515959617853674,0.11059973315097116,0.19583552723655723,-0.11858493854531504,-0.21543507597543676,-0.10209813481238815,-1.3930667046822927,0.21349004246454498,1
722,2024-09-26 22:25:44.240145996,0,020,-0.09339600715309102,0.09155441434739843,0.17117765900624735,-0.12648910250347178,-0.24975292493025875,-0.08699115814925519,-1.4224065897372387,0.25025375440885084,1
723,2024-09-26 22:25:45.163639893,0,020,-0.04633196259453148,0.07247316630964126,0.12748070876637943,-0.130208664129357,-0.27878253268888886,-0.0716550742959553,-1.4320203751518958,0.2852612731678809,1
724,2024-09-26 22:25:45.216788086,0,020,-0.005897297212994377,0.053990092343440106,0.06890574329055935,-0.12969875768361652,-0.30125419358602473,-0.05639329923176574,-1.4170162695626747,0.3160615585440773,1
725,2024-09-26 22:25:45.294449951,0,020,0.026349016529931404,0.036697420765947,0.0007791986198139989,-0.12517070064297586,-0.31616325015655533,-0.041496034778585614,-1.3753215247626083,0.34054779606775176,1
726,2024-09-26 22:25:45.356462891,0,020,0.04933233779687557,0.021113914076119435,-0.07110982992272075,-0.11707191686337978,-0.3228411157528717,-0.027223054617580008,-1.3084639948710195,0.3572366011677074,1
727,2024-09-26 22:25:45.433602051,0,020,0.06254330773768194,0.007654541081336559,-0.1410773152014877,-0.10606652494067982,-0.32098575045822536,-0.013797718223546675,-1.2217110215414813,0.36546485011756685,1
728,2024-09-26 22:25:45.495138916,0,020,0.06607498624518923,-0.0033935715111887673,-0.20388410793666534,-0.09302323334557698,-0.31066788067582,-0.0014060812910448894,-1.123476830696399,0.3654563478367022,1
729,2024-09-26 22:25:45.556639893,0,020,0.06059987648616501,-0.011882756321024162,-0.2549170887522414,-0.07898956766699715,-0.29233243581307783,0.009807546306741487,-1.0241221482424199,0.3582420851576008,1
730,2024-09-26 22:25:46.483086182,0,020,0.047286119955173345,-0.01780166709915672,-0.2903411024128278,-0.06512244542205153,-0.2668016263734586,0.019751925744848162,-0.9345052122809897,0.3454764910064061,1
731,2024-09-26 22:25:46.557138916,0,020,0.027674327892126725,-0.02125961440036137,-0.3072496944727669,-0.05258236820058623,-0.23526986615918674,0.028403245826308446,-0.8646762489778766,0.32921302962171806,1
732,2024-09-26 22:25:46.621906982,0,020,0.003535571283359734,-0.022461860088442056,-0.3037425164457973,-0.04242958447762495,-0.19926927355831708,0.03581524820329882,-0.8229269609758891,0.3116722576982052,1
733,2024-09-26 22:25:46.683572021,0,020,-0.023274257053078853,-0.021681334715317132,-0.2788949664309613,-0.03554524093935764,-0.1605758795787618,0.042117879475624065,-0.8151927036918319,0.295007403896259,1
734,2024-09-26 22:25:46.745621826,0,020,-0.05094077947181291,-0.01923504823894717,-0.23271231749991667,-0.032568249788802656,-0.12103685453030898,0.04749951953449255,-0.8446732234157949,0.2810745226247456,1
735,2024-09-26 22:25:46.823728027,0,020,-0.07777898825028035,-0.015469712842145052,-0.16617665231840348,-0.033833665047431585,-0.08234677009798608,0.0521755332919778,-0.9115818648449174,0.27123879817355395,1
736,2024-09-26 22:25:46.896120117,0,020,-0.10228427954793673,-0.010752387041358082,-0.08131477669471152,-0.039330136257294826,-0.045851409546497544,0.05635635499318775,-1.0130779842829098,0.2662645672069656,1
737,2024-09-26 22:25:47.834561035,0,020,-0.123165141909486,-0.005458439307619979,0.01890008471565384,-0.048717675344390456,-0.012449215631852605,0.06022856211833973,-1.1434126985509736,0.2663011822097936,1
738,2024-09-26 22:25:47.906590088,0,020,-0.13938062981368146,4.705031109771627e-05,0.13084763020757872,-0.061415850582582365,0.01739909732939103,0.06394999620161891,-1.2941889257981087,0.27092158082671264,1
739,2024-09-26 22:25:47.974201904,0,020,-0.15019493548446985,0.005432998283218096,0.25060048474792856,-0.07671487896186523,0.04358460678926669,0.06765113353197064,-1.454713717702762,0.2791774833766106,1
740,2024-09-26 22:25:48.035767090,0,020,-0.15523485547356486,0.010425490415593106,0.37414282056828474,-0.09384525817949524,0.06622122017869261,0.07143857145221626,-1.6125804390351324,0.28968471923829675,1
741,2024-09-26 22:25:48.097822021,0,020,-0.15451548952748576,0.014822148656897157,0.49743951473281184,-0.11198499743200065,0.08550070168798661,0.07540182982950558,-1.7545384631606626,0.3007556903123505,1
742,2024-09-26 22:25:48.177732910,0,020,-0.14840823149779891,0.01849145045436763,0.6164538931585674,-0.13024198971126263,0.10156111967039734,0.07962234285972243,-1.867526199488259,0.31055939169139013,1
743,2024-09-26 22:25:48.245488037,0,020,-0.13755228820744222,0.021357073899603625,0.727222157867484,-0.1476632493103841,0.11439751574108692,0.08417966166607449,-1.9397356871976525,0.3172804886135782,1
744,2024-09-26 22:25:49.176491943,0,020,-0.12273120038452831,0.023372884982881627,0.8260123906051053,-0.16328953756684175,0.12383365298817928,0.08915132391564207,-1.961615791372897,0.3192654159994071,1
745,2024-09-26 22:25:49.255844971,0,020,-0.1047452761101292,0.02449736113662447,0.9095710591696142,-0.17624039484079315,0.12955572429698656,0.09460648997820355,-1.9266476737435432,0.31514707708525863,1
746,2024-09-26 22:25:49.315395996,0,020,-0.08431112275899841,0.02467721542935085,0.9754588785146329,-0.18580066035080472,0.1311882537888509,0.10059577924363602,-1.831768010104771,0.30394923307229416,1
747,2024-09-26 22:25:49.377423096,0,020,-0.06200527823697186,0.02384610245617015,1.022388061700895,-0.19147829129493585,0.12838500877871148,0.10713962479102807,-1.6775841943326142,0.28519732104519996,1
748,2024-09-26 22:25:49.454551025,0,020,-0.03825017490207774,0.02193590890792456,1.0503949284239902,-0.1930177926900536,0.1209194710167004,0.11421467941140438,-1.4686125467719353,0.2590411545576783,1
749,2024-09-26 22:25:49.527850098,0,020,-0.01333053618234168,0.01889164566809306,1.0607320848315904,-0.19037456662011096,0.1087691362748725,0.12173795081145997,-1.2134317738693767,0.22632468816883627,1
750,2024-09-26 22:25:49.593811035,0,020,0.01257763493034486,0.014681130860800634,1.0554979875773745,-0.18366673130895703,0.09218446950617898,0.12955322075858572,-0.9243378594011552,0.18852571694355708,1
751,2024-09-26 22:25:50.538918945,0,020,0.03938663290017849,0.009295383594966714,1.037122245506358,-0.17311979575212152,0.07173197973790157,0.1374260545380074,-0.6162537853135783,0.14756064182273917,1
752,2024-09-26 22:25:50.606758057,0,020,0.06709420452431508,0.00274111617429415,1.007813404503854,-0.15900939626382948,0.04830050047959536,0.14505139940810796,-0.3050639053212895,0.10550932210771344,1
753,2024-09-26 22:25:50.670504150,0,020,0.09577896218167707,-0.004968563196828905,0.9690506847157375,-0.14160693008050296,0.023051735342823836,0.1520762909079218,-0.005799783729916939,0.06432308757599825,1
754,2024-09-26 22:25:50.732016112,0,020,0.12555960398759522,-0.013817475101774095,0.9212732320368359,-0.12115052309027569,-0.0026958685588190237,0.15813632880012318,0.26889605612753054,0.025576661993456647,1
755,2024-09-26 22:25:50.809664062,0,020,0.15650451112544006,-0.0237790957382517,0.8639622760990264,-0.09786770030222343,-0.02762738601239151,0.16289774304395052,0.5097760825256465,-0.009687011275269556,1
756,2024-09-26 22:25:50.877917969,0,020,0.18851625259906502,-0.03479955920169263,0.796178109462176,-0.07204876315298502,-0.05059110876760199,0.16609518375329388,0.7114093338675974,-0.04100437359374061,1
757,2024-09-26 22:25:50.936314941,0,020,0.22123863728076829,-0.046776939402982096,0.7173860422575912,-0.044141196953712,-0.07071706812146546,0.16755914440667039,0.8720846440174855,-0.06844781785685361,1
758,2024-09-26 22:25:51.880737061,0,020,0.25402525116077196,-0.05954513205243336,0.6282693405024359,-0.014832738042214293,-0.0874661813541308,0.16722934581188334,0.9933361324866831,-0.09251948296496888,1
759,2024-09-26 22:25:51.956875000,0,020,0.2859710226179645,-0.0728673764935096,0.5312502408431881,0.014900853509056214,-0.10060578115430473,0.1651529999447431,1.079241527434154,-0.11400601690998598,1
760,2024-09-26 22:25:52.024653809,0,020,0.31597954975020237,-0.08643897537787222,0.43054443150685534,0.04380803015223547,-0.11014005449476771,0.1614720977136289,1.1355896986803755,-0.1338140905170159,1
761,2024-09-26 22:25:52.083412109,0,020,0.3428478450271794,-0.09989759214933354,0.3316964575208128,0.07045254116477306,-0.1162335544184745,0.15640564456493983,1.1690295821475827,-0.15281689997196957,1
762,2024-09-26 22:25:52.145899170,0,020,0.3653674546234807,-0.11284085295443196,0.24067456158272216,0.09337383427541728,-0.11914496015879178,0.15022892472424104,1.1863638245769612,-0.17173924017803555,1
763,2024-09-26 22:25:52.228022217,0,020,0.38243663851427456,-0.12484998599272992,0.16273565415284802,0.11127730572220704,-0.1191662018644082,0.14324936097708874,1.1940796812348748,-0.1910800633682608,1
764,2024-09-26 22:25:52.289699951,0,020,0.3931700594293337,-0.13551725616696358,0.1013844047608465,0.12320608194539824,-0.11656647450441747,0.13578185809876253,1.198068833664001,-0.21105614977146728,1
765,2024-09-26 22:25:53.239075928,0,020,0.39699014870370286,-0.14447535286655921,0.057765394815890755,0.12865220632289492,-0.11156292609088435,0.1281306724710281,1.2033986757247999,-0.23156203409747833,1
766,2024-09-26 22:25:53.306912842,0,020,0.39367868696721164,-0.15142486241303157,0.030676283947218653,0.12757874969333924,-0.1043358618102364,0.12058153855792106,1.2139992037173217,-0.2521512446505376,1
767,2024-09-26 22:25:53.366431885,0,020,0.3833712751802975,-0.15615377069947817,0.017149349334936743,0.12035437662846721,-0.09506520750544263,0.11339794281455431,1.2322688141856624,-0.2720454115766121,1
768,2024-09-26 22:25:53.428481934,0,020,0.36649962414280757,-0.1585457066019772,0.013341283188863146,0.1076410851986366,-0.08394671506828505,0.10681172574903529,1.2587828048676475,-0.29018050013739305,1
769,2024-09-26 22:25:53.510350830,0,020,0.3437074589510869,-0.1585789290484723,0.015385409541344597,0.09028919363978376,-0.07118651571074264,0.10100790943024744,1.2922741369771231,-0.3052965026802352,1
770,2024-09-26 22:25:53.566972900,0,020,0.315773058532681,-0.15632108920141047,0.019973692743168407,0.06926703829750051,-0.05700978150474486,0.0961138387151195,1.3298755581147401,-0.3160640419931079,1
771,2024-09-26 22:25:53.644604980,0,020,0.2835663384301003,-0.15192398757274775,0.024648887408986547,0.04561848841264361,-0.04169681107575757,0.09219836470419693,1.3674925178038897,-0.3212245028855178,1
772,2024-09-26 22:25:54.577496094,0,020,0.24805011076983466,-0.14561907434109536,0.027890250714990322,0.0204307270610442,-0.02561886543321297,0.0892761360037783,1.4001732683907493,-0.3197094437438181,1
773,2024-09-26 22:25:54.656915039,0,020,0.21031017168473068,-0.13771168404548165,0.02908247275044724,-0.0051992971663614536,-0.0092442837957391,0.08731130637304904,1.4224554161130514,-0.3107190168389163,1
774,2024-09-26 22:25:54.717687988,0,020,0.17158432124622652,-0.12857175413240549,0.028457247871048898,-0.03020766094573055,0.006888015076634744,0.08622141865066867,1.4288519808538618,-0.29377535107592784,1
775,2024-09-26 22:25:54.779225098,0,020,0.1332634897358466,-0.11861971766414293,0.027046520265870552,-0.05362320225631506,0.022213093506833727,0.08588431575279257,1.4146169860348858,-0.26878322251005665,1
776,2024-09-26 22:25:54.860243164,0,020,0.09684973422402478,-0.10830730265237722,0.026609470174882757,-0.07464479383370252,0.036188779097978366,0.0861482320874831,1.3765927007241003,-0.23609909719888014,1
777,2024-09-26 22:25:54.919031981,0,020,0.06386979156843414,-0.09809402012333102,0.029465085918961506,-0.09271674973592779,0.04833938303320177,0.0868435513605199,1.3136735974756155,-0.19656630460490887,1
778,2024-09-26 22:25:54.995842041,0,020,0.03575848795336729,-0.08842101555133129,0.03815744928882699,-0.10756463275773598,0.05828767027464161,0.08779442427107538,1.226589299216951,-0.15147932233808825,1
779,2024-09-26 22:25:55.902604980,0,020,0.013735328942810605,-0.07968466976801242,0.054916409158297874,-0.11916479483317269,0.06577991396325823,0.08882691990253994,1.1171630729867117,-0.1024866054331155,1
780,2024-09-26 22:25:55.979811035,0,020,-0.001304899477610033,-0.07221287200252295,0.08101046862926128,-0.12766389691680993,0.0707179887337061,0.08977023845783848,0.9874935898115003,-0.05145838455995353,1
781,2024-09-26 22:25:56.040854980,0,020,-0.008871178524831198,-0.066247240972297,0.11622378808003536,-0.13329861138765572,0.07319369626872856,0.09045241062328711,0.8394181449646096,-0.00032616591727484896,1
782,2024-09-26 22:25:56.117602051,0,020,-0.008915553366619125,-0.06193322103729687,0.15862451420413445,-0.13634635290809946,0.07349713095222739,0.09069693961881317,0.6743701032466235,0.04909369381712718,1
783,2024-09-26 22:25:56.185439941,0,020,-0.0018402288308838664,-0.059316355532651736,0.2045752047074802,-0.13708717860869887,0.07208521212419529,0.09032455379387679,0.49358931335515993,0.09525181399803148,1
784,2024-09-26 22:25:56.243244873,0,020,0.01151462883230584,-0.05834221122090091,0.24885692492203254,-0.1357428559276003,0.0695317784434144,0.08915735293759336,0.2985425334642232,0.13695657735872446,1
785,2024-09-26 22:25:56.320898926,0,020,0.029911678417172398,-0.05886155934719557,0.2849082259051091,-0.13239414928377233,0.06648814358297697,0.08702044930800217,0.091354308787795,0.17339438007804225,1
786,2024-09-26 22:25:57.264344971,0,020,0.051810968854129606,-0.060644795831658986,0.3053017782805836,-0.12691787354113143,0.06365755025608091,0.08374072528675865,-0.12487897999297007,0.20408339406904596,1
787,2024-09-26 22:25:57.332123047,0,020,0.07552388846847365,-0.06340616067398967,0.30250874909438485,-0.11899064088571136,0.06176511454234552,0.07914690710151195,-0.34594358775788653,0.22878089597226142,1
788,2024-09-26 22:25:57.399909912,0,020,0.09939829052827431,-0.06683340829166837,0.269789984134012,-0.10816773898935113,0.061512026785568476,0.07307491568155931,-0.5665951876020155,0.247388841351185,1
789,2024-09-26 22:25:57.458503905,0,020,0.12198863195650389,-0.07061699439163759,0.2019866153304034,-0.094010085300184,0.0635251998186828,0.06537902541363935,-0.7808903525497368,0.2598990277851825,1
790,2024-09-26 22:25:57.520150879,0,020,0.1421669356839567,-0.0744735923903475,0.096137873226113,-0.0762325902106054,0.06831670831770653,0.055947589366656454,-0.9826448522451176,0.26638670308782236,1
791,2024-09-26 22:25:57.597437988,0,020,0.1591529342786041,-0.07815989980189289,-0.04806451902585729,-0.05484084402385559,0.07625342637900798,0.0447222510465496,-1.1658499045608501,0.2670310058918547,1
792,2024-09-26 22:25:57.659459961,0,020,0.1724832941220637,-0.0814768956398753,-0.22805725224374476,-0.03020095974941793,0.08754337060276828,0.031716508277652294,-1.3249409633965687,0.26212304823780885,1
793,2024-09-26 22:25:58.574871094,0,020,0.18196536615160683,-0.08427026950875333,-0.4385031313736702,-0.0030082478826846735,0.10225675377502015,0.017026536742061435,-1.4549324244324389,0.25203228933492716,1
794,2024-09-26 22:25:58.652000000,0,020,0.18763987636941995,-0.08643184993405982,-0.6716817229019596,0.025820709315537833,0.12037099708483878,0.0008330197101131776,-1.5515214099845915,0.2371435692582761,1
795,2024-09-26 22:25:58.714485840,0,020,0.1897428345612911,-0.08790094582091833,-0.9180985100810044,0.055283378601132846,0.1417944316148499,-0.016600174156640505,-1.6112119119324337,0.21780230759386646,1
796,2024-09-26 22:25:58.792691895,0,020,0.1886588462879307,-0.08866272197797145,-1.1672782069526602,0.08442566484872709,0.16634425345136405,-0.03492844425624509,-1.6313582567616591,0.1942832517594067,1
797,2024-09-26 22:25:58.853221924,0,020,0.18488144372663085,-0.08874333984529145,-1.4086999905629907,0.11245681809474438,0.19369862630873763,-0.05373445392960572,-1.6100147785142676,0.16677100234006847,1
798,2024-09-26 22:25:58.916615967,0,020,0.17899325977722488,-0.0882024992482406,-1.6327187730854245,0.13881414906154374,0.223353336801431,-0.07254405404512373,-1.5456842378503188,0.13534381452132815,1
799,2024-09-26 22:25:58.991666016,0,020,0.17165282675072835,-0.08712333144729763,-1.8312533742591521,0.1631596199522743,0.25460235781366697,-0.09084832777063181,-1.437220012121515,0.09997299814693873,1
800,2024-09-26 22:25:59.934454102,0,020,0.16356800595420004,-0.08560030730845773,-1.9981336537471837,0.18532949185574538,0.28655328297830457,-0.10812933900566658,-1.2840392398142273,0.060561521708364305,1
801,2024-09-26 22:25:59.995981934,0,020,0.15545023331754929,-0.08372604618010734,-2.129163466284367,0.205274320466376,0.3181750675998067,-0.1238863504733833,-1.086572952010536,0.017023458803750353,1
802,2024-09-26 22:26:00.074531982,0,020,0.14794934258475687,-0.08157672746699694,-2.2220138707759407,0.22301022709263496,0.34836432864152606,-0.13765925182945044,-0.8467494123213453,-0.030631548565275165,1
803,2024-09-26 22:26:00.135601074,0,020,0.14157165393686358,-0.07919709712466057,-2.2760478535785613,0.23858842546787284,0.37602385935018534,-0.14904977029670863,-0.5683052267434268,-0.08224946686992975,1
804,2024-09-26 22:26:00.210739014,0,020,0.13660140446685978,-0.07658962353655165,-2.292165838110433,0.2520875165058904,0.40015065457790566,-0.15774310806197514,-0.25678721184616626,-0.13752934037897208,1
805,2024-09-26 22:26:00.278574951,0,020,0.13305762722675948,-0.073712319190843,-2.272705277450174,0.2636233453792891,0.4199163250592336,-0.16352944284380036,0.08074589514219921,-0.1960503719902446,1
806,2024-09-26 22:26:00.335587891,0,020,0.13070302270126224,-0.07048509134437285,-2.2213466609615953,0.27336087810854925,0.4347200726577205,-0.16632154841289168,0.43616123695074094,-0.2573071484074337,1
807,2024-09-26 22:26:01.286335938,0,020,0.12909184548614477,-0.06680098875486074,-2.1429492452899277,0.28151582524902957,0.4442086295769335,-0.16616394427975592,0.8006453742174946,-0.3207391820708038,1
808,2024-09-26 22:26:01.356339844,0,020,0.1276285939635571,-0.06253886809545069,-2.043251351497472,0.2883381377009203,0.44826839616203845,-0.16323000776787644,1.1650156360852972,-0.3857472732260946,1
809,2024-09-26 22:26:01.424092041,0,020,0.1256196894307187,-0.057575176933233864,-1.9284253619757297,0.29407248410828796,0.44700702739935494,-0.15780793690474645,1.5200875706730634,-0.45169159807656517,1
810,2024-09-26 22:26:01.491843994,0,020,0.12232492180018267,-0.0517950548787045,-1.8045849583481954,0.2989046603591578,0.4407502501330917,-0.15028095898914903,1.8572098196018905,-0.5178652051372297,1
811,2024-09-26 22:26:01.559617920,0,020,0.11702899348272293,-0.04510661120508999,-1.6773949006332982,0.3029159703315541,0.43006637146308785,-0.14110723066401898,2.1688848679681247,-0.58344741962277,1
812,2024-09-26 22:26:01.627429932,0,020,0.10914005703710448,-0.03746110664483861,-1.5518479862076866,0.30606123895698356,0.4158036981726723,-0.13080126112950174,2.44932322639774,-0.6474718784235194,1
813,2024-09-26 22:26:01.688339111,0,020,0.09829851996370471,-0.02887612604488566,-1.4321481609532705,0.30816861955915426,0.39910287292824015,-0.1199135599802777,2.6948593717592475,-0.7088496965242986,1
814,2024-09-26 22:26:02.626194092,0,020,0.08447219721536714,-0.019456287616845,-1.3216354781510027,0.3089546832439958,0.3813435031374272,-0.10900328408765662,2.9041631607967635,-0.7664439376148798,1
815,2024-09-26 22:26:02.693742920,0,020,0.06802076554007609,-0.009406501764621641,-1.2227920685468743,0.30806168523062644,0.3640159514611874,-0.09860341850324421,3.078099666207786,-0.8191501124647917,1
816,2024-09-26 22:26:02.761253174,0,020,0.04971845460642129,0.0009671296912650962,-1.137391552847765,0.3051272648408317,0.34855760381212075,-0.0891846195765199,3.2191144702679453,-0.8659399582090792,1
817,2024-09-26 22:26:02.819168945,0,020,0.030727885066039733,0.011271812945670924,-1.0667323897586207,0.2998692573251697,0.33621675593894085,-0.08112649584221379,3.3301982226286024,-0.9058522911861778,1
818,2024-09-26 22:26:02.896337891,0,020,0.012521336458417288,0.021057561456059293,-1.0117922875718801,0.2921427297049347,0.3279798558111244,-0.07470185536464378,3.413711022702522,-0.9379505729673385,1
819,2024-09-26 22:26:02.958497070,0,020,-0.003249148991927678,0.029858670447436626,-0.973211161166339,0.28194488696309183,0.32453882791782157,-0.070071327218208,3.4704473697289733,-0.9612921462229729,1
820,2024-09-26 22:26:03.031935059,0,020,-0.014916630312720804,0.03724088667786409,-0.9511802115659717,0.26938656126564214,0.32624682129762206,-0.06728123278238195,3.4991888572765424,-0.9749360428027564,1
821,2024-09-26 22:26:03.988686035,0,020,-0.020965677593647303,0.042845004192237836,-0.945384536916437,0.2546709080038301,0.3330464020877619,-0.06626312015391453,3.496812290825569,-0.9779886396318597,1
822,2024-09-26 22:26:04.041867920,0,020,-0.02016931313276813,0.04641951520067695,-0.9550746684346103,0.23811068461713836,0.3444055215459098,-0.06683993293736594,3.458960560956153,-0.9696953650202228,1
823,2024-09-26 22:26:04.118718994,0,020,-0.011688530247842945,0.04784114816892781,-0.979246856575588,0.2201844662688391,0.3593051942881464,-0.06874215416356917,3.3812111177118744,-0.9495939273183039,1
824,2024-09-26 22:26:04.180335938,0,020,0.004856538933101493,0.047126060929188134,-1.0168697095221817,0.20159785217776585,0.37629598783426016,-0.07163272393349007,3.260522239668958,-0.9177116816408079,1
825,2024-09-26 22:26:04.259859131,0,020,0.02933723524943162,0.044433297057547214,-1.0670840247087587,0.18330563162397243,0.39361235611695433,-0.0751376192797052,3.0966002724579926,-0.8747503413580998,1
826,2024-09-26 22:26:04.319045898,0,020,0.06108855952521822,0.04006004651440208,-1.1292763834882709,0.16646774804933742,0.4093209129662985,-0.07887757818999769,2.8928015393340285,-0.8221942937282203,1
827,2024-09-26 22:26:04.395397949,0,020,0.09890610522155217,0.034427780019228624,-1.2029428005041272,0.15234105867632974,0.42148389003145204,-0.08249519962333131,2.6563178961128995,-0.7622999873929096,1
828,2024-09-26 22:26:05.333790039,0,020,0.14107935115481912,0.02805828819665653,-1.287401564248305,0.14213867729640878,0.42832870244365234,-0.08567333031504695,2.3976223147746674,-0.6979544899315221,1
829,2024-09-26 22:26:05.402580078,0,020,0.18547303373188237,0.02154082638565357,-1.381563401457387,0.13689975163067425,0.4284051301694297,-0.08814376609527572,2.1293417572300357,-0.6324282364445137,1
830,2024-09-26 22:26:05.474406006,0,020,0.22964887563235503,0.015495751560365607,-1.48392381941028,0.13739814439123677,0.4206903899606817,-0.08968658097657929,1.8648739518614543,-0.5690808504614092,1
831,2024-09-26 22:26:05.542152100,0,020,0.27101001651578777,0.010539406244077305,-1.5927442525488071,0.14409809567676424,0.40461306559325255,-0.09012272558905758,1.6170989657778292,-0.5110761219178646,1
832,2024-09-26 22:26:05.609927979,0,020,0.3069658085989371,0.00724862654260262,-1.7062605085969458,0.15715201671893683,0.3800150144850239,-0.08930662877755781,1.3973510140531766,-0.46112109105834964,1
833,2024-09-26 22:26:05.677647949,0,020,0.3351199574958234,0.006121151283848692,-1.8228132439085138,0.1764298377778066,0.3470999480096281,-0.08712442076326156,1.214634595704064,-0.4212245610239168,1
834,2024-09-26 22:26:05.735620117,0,020,0.3534627185061614,0.007534842364815623,-1.9409071576181434,0.20157077646742377,0.3063995073965152,-0.08349726430204348,1.0751494472692107,-0.39250867748791596,1
835,2024-09-26 22:26:06.662333008,0,020,0.3605338741529913,0.011714830242911275,-2.059210033518304,0.2320503413512064,0.2587514315285252,-0.07838530814282063,0.9823004783607501,-0.3751459355617631,1
836,2024-09-26 22:26:06.730138184,0,020,0.3555396963671121,0.01871624700205921,-2.1764492860398126,0.2672479836381852,0.20526355768638707,-0.07178673904363878,0.9371769532955646,-0.36845718984910514,1
837,2024-09-26 22:26:06.790043213,0,020,0.3384263684747597,0.028424758058290908,-2.2911870013574918,0.3064924979889739,0.14724458517066755,-0.06372761478057519,0.9391962111306232,-0.3711259664591604,1
838,2024-09-26 22:26:06.851556152,0,020,0.30990726438714766,0.04057242563723769,-2.4015403349958104,0.34907522558002424,0.08610631381041894,-0.054243605299720145,0.9866059909511802,-0.381450684796386,1
839,2024-09-26 22:26:06.933522949,0,020,0.27142709029999396,0.05476386783455638,-2.5049747998033625,0.39425347003918876,0.023261405869384952,-0.04336182021893115,1.0767299908245727,-0.397571013260369,1
840,2024-09-26 22:26:06.989849121,0,020,0.2250535946894821,0.07050762274918207,-2.598300019070039,0.4412751445621254,-0.0399575460527548,-0.031092922386938317,1.2059478423893388,-0.41762279305789707,1
841,2024-09-26 22:26:07.067476074,0,020,0.17331300423273607,0.08724909185574645,-2.6779248112120007,0.4894158978908755,-0.10235100325630217,-0.017438238872567777,1.3694471381240323,-0.4398022443804781,1
842,2024-09-26 22:26:08.010024170,0,020,0.11899558971077255,0.10440304856860545,-2.740299613856685,0.537986049312079,-0.16289094624296388,-0.002408517528134606,1.560886054453922,-0.4623620523754313,1
843,2024-09-26 22:26:08.080577881,0,020,0.06494804405685611,0.12138487960985465,-2.7823949380680664,0.5862931446980181,-0.22075246643910532,0.013953550396324442,1.7721967245496797,-0.4835965486049587,1
844,2024-09-26 22:26:08.133111084,0,020,0.01386666251132379,0.13764004806328184,-2.802117689897745,0.6335987071314193,-0.2753237824618186,0.03155424068128583,1.9937319887845755,-0.5018728454977508,1
845,2024-09-26 22:26:08.210465820,0,020,-0.03188076486174868,0.15267068624616298,-2.7986715325958658,0.6791154819175884,-0.32617904736361036,0.05023652148819408,2.2148236890997315,-0.5157212908325943,1
846,2024-09-26 22:26:08.272093994,0,020,-0.07036994004953352,0.16605695254640535,-2.7728824557534204,0.7220544421501676,-0.3730258327174793,0.06977511925101518,2.4246298124075807,-0.5239488680267423,1
847,2024-09-26 22:26:08.350204102,0,020,-0.10015926109592059,0.1774699211738633,-2.727455051487017,0.7617031272311096,-0.41565257433792435,0.08987888234578481,2.613007501519723,-0.5257346415297622,1
848,2024-09-26 22:26:08.413141113,0,020,-0.12027595820699266,0.1866750287228237,-2.667080287549407,0.7975180547712447,-0.4538860393295716,0.1101998283524838,2.77123986282272,-0.520698832429243,1
849,2024-09-26 22:26:09.323087891,0,020,-0.13019149184524423,0.1935305437194992,-2.59826053844072,0.8292061698480272,-0.4875640393398427,0.13034823489044484,2.892645592403704,-0.508947207415211,1
850,2024-09-26 22:26:09.400293213,0,020,-0.12981958181959338,0.19798798093885836,-2.528709410021988,0.8567513300317809,-0.5165385393851791,0.14991466123842836,2.9730831633959776,-0.49107116509694887,1
851,2024-09-26 22:26:09.461914062,0,020,-0.11953508172992429,0.20009577305552642,-2.4663529381865676,0.880358038623896,-0.5407122647405079,0.16849864546914636,3.01121338769349,-0.4680840460135775,1
852,2024-09-26 22:26:09.541861084,0,020,-0.1001747430439155,0.19999952902939355,-2.418191521967022,0.900328201074675,-0.5600848287061609,0.18573886028460598,3.008421940251144,-0.44130550852902684,1
853,2024-09-26 22:26:09.601201172,0,020,-0.07298627760635532,0.19793230233012377,-2.389353981119815,0.9169150536475199,-0.5747854039824103,0.20133837042592448,2.9684854408162953,-0.41222498054336165,1
854,2024-09-26 22:26:09.677460938,0,020,-0.039538784974388584,0.19419602032975264,-2.382577261866988,0.9302062965745216,-0.5850940546818948,0.21508399806422812,2.897125578619011,-0.3823641321395067,1
855,2024-09-26 22:26:09.739954102,0,020,-0.0016305104649558177,0.18913977030344822,-2.3981568220847786,0.9400745803146247,-0.5914562052058385,0.22686154721382612,2.8014678072566106,-0.3531375609683473,1
856,2024-09-26 22:26:10.689112061,0,020,0.038795309388227305,0.18313811672826794,-2.4342111528299912,0.9461984815402996,-0.5944737184609903,0.23666437449261243,2.68931753835539,-0.3257101737795985,1
857,2024-09-26 22:26:10.756927979,0,020,0.079741868899686,0.17656979520114136,-2.487040322562746,0.9481289649915324,-0.5948572705679074,0.24458942305626316,2.5682675498707646,-0.30087384006817547,1
858,2024-09-26 22:26:10.824732178,0,020,0.11927245360847011,0.16979743735350974,-2.5514612121314135,0.9453693944986208,-0.5933496401715052,0.2508177087967276,2.444830883915624,-0.2789825644865917,1
859,2024-09-26 22:26:10.892484863,0,020,0.15564391604727557,0.16314954553599703,-2.6211222795303835,0.9374410897893249,-0.5906341204654071,0.2555807382169431,2.323863483580813,-0.25997407055957755,1
860,2024-09-26 22:26:10.960326904,0,020,0.1874348432985629,0.1569059152256388,-2.6888541353647635,0.9239197509006097,-0.5872249360250525,0.259116761464848,2.208456745737618,-0.24347657754571472,1
861,2024-09-26 22:26:11.022389893,0,020,0.21363759523262807,0.15128781711180925,-2.747120277873291,0.9044565990530837,-0.5833472512315725,0.26162468994369575,2.1002621240839052,-0.22896578553076136,1
862,2024-09-26 22:26:11.095861816,0,020,0.23370333652206607,0.14645306139088773,-2.7886197559277623,0.8788245746884412,-0.5788545330772922,0.26322839714624535,2.0000325461255035,-0.21592382218237768,1
863,2024-09-26 22:26:12.030122070,0,020,0.24754504961193338,0.14249421942894835,-2.807047391019303,0.8470189587832712,-0.5732354408178781,0.26396157899631534,1.9082075154615126,-0.20397405698801446,1
864,2024-09-26 22:26:12.092829102,0,020,0.2554999696022314,0.139439057520613,-2.797906613357383,0.8093926791688989,-0.5657152918709899,0.263773644633697,1.8254412354815326,-0.19298296687936836,1
865,2024-09-26 22:26:12.170142822,0,020,0.2582535771454754,0.13725437130095186,-2.759158730050484,0.7667646119513857,-0.5554126888671622,0.2625503155752345,1.7528959256182375,-0.1831034231668699,1
866,2024-09-26 22:26:12.242551025,0,020,0.2567389123006662,0.13585428719779194,-2.691521401693813,0.7204454674243681,-0.5414998934314929,0.26014183591331214,1.69213035859801,-0.1747246983581602,1
867,2024-09-26 22:26:12.310406982,0,020,0.2520270858867689,0.13511293174364547,-2.598389424464604,0.6721745504966117,-0.523327103041909,0.2563932636799282,1.644647281740653,-0.1683316384779986,1
868,2024-09-26 22:26:12.378160889,0,020,0.24521900375694666,0.13488085299695213,-2.4854641140039813,0.6240012666883004,-0.5004975602360078,0.2511739222704123,1.6113515387047013,-0.16432731681950796,1
869,2024-09-26 22:26:12.445979004,0,020,0.2373489108622709,0.13500359881615168,-2.36016768645254,0.5781428642962267,-0.4729096387015106,0.2444053858505414,1.5920995966577296,-0.16288083165438103,1
870,2024-09-26 22:26:13.374820068,0,020,0.22931059232997444,0.13534003002840736,-2.2309045336676676,0.5368295410242674,-0.4407880286102937,0.23608643815367286,1.5853799515800922,-0.16382727510592984,1
871,2024-09-26 22:26:13.457699951,0,020,0.22181142998032918,0.13577817001149026,-2.106281865534081,0.5021468215035171,-0.4047033833873108,0.22631147507153712,1.5881957368701147,-0.16663119452432035,1
872,2024-09-26 22:26:13.514128906,0,020,0.2153556920466462,0.13624665346488657,-1.9944165175172432,0.4758965501080697,-0.36555897820912453,0.21527962592756197,1.5962709863019773,-0.17043238391148638,1
873,2024-09-26 22:26:13.590486084,0,020,0.21025197601269338,0.13672092715456016,-1.9023935237313283,0.4594971468756513,-0.3245294657992343,0.20329287751215572,1.6045820889997011,-0.17417799202949985,1
874,2024-09-26 22:26:13.661077881,0,020,0.2066280640923062,0.13722547777488922,-1.83590018708048,0.4539290802944234,-0.2829660143503501,0.19074190691841453,1.6081145678950557,-0.17681570702754115,1
875,2024-09-26 22:26:13.728306152,0,020,0.20443828337055112,0.13783317310320228,-1.7990316492946175,0.4597126267046607,-0.24230346525299964,0.17808147158854612,1.6027375915419821,-0.17750207267299742,1
876,2024-09-26 22:26:13.789859131,0,020,0.20346871531140082,0.13865989797482065,-1.7942092247254218,0.4768942583221307,-0.20398477227453254,0.16579977314401254,1.586009996107008,-0.17576676259221952,1
877,2024-09-26 22:26:14.739322021,0,020,0.20336158025904527,0.13985116267701925,-1.8221459298346794,0.5050280855113742,-0.16937854674577238,0.15438424415303806,1.5576579610677,-0.17158502444130533,1
878,2024-09-26 22:26:14.804189941,0,020,0.20367336311159254,0.1415600983690548,-1.88181042213325,0.5431524055280003,-0.1396699286382225,0.14428510648291112,1.5195339656683433,-0.16534505537318495,1
879,2024-09-26 22:26:14.866724121,0,020,0.20395464072862218,0.1439221240748716,-1.9703139280471513,0.589760556366447,-0.11575315313446709,0.13588151112316976,1.4750186326035175,-0.15772533601871186,1
880,2024-09-26 22:26:14.942697998,0,020,0.20381958259596944,0.14703494279073281,-2.082709574525591,0.6427788662568443,-0.09818143235460162,0.12945714906675315,1.4280299024693,-0.14951882858237928,1
881,2024-09-26 22:26:15.005500977,0,020,0.20298418373011315,0.15094853801767952,-2.211878750482556,0.6995990458450438,-0.08720437170459727,0.1251895170899956,1.3820037657537039,-0.14145579505826938,1
882,2024-09-26 22:26:15.078322021,0,020,0.20127543749798907,0.15566303056539862,-2.3487492695706482,0.7572149866521232,-0.0828710388714583,0.1231524491511587,1.3392248106335674,-0.13406618133307946,1
883,2024-09-26 22:26:15.144239014,0,020,0.19861909932120586,0.16113043116491596,-2.482952139623852,0.8124650890933044,-0.08513624203324945,0.12332658038772061,1.3006690720993879,-0.1275989615552988,1
884,2024-09-26 22:26:16.089447021,0,020,0.1950133857006587,0.16725808114629545,-2.603820215967691,0.8623252898179666,-0.09391077772578084,0.1256107809092634,1.2662412991652756,-0.12199751612043597,1
885,2024-09-26 22:26:16.144625000,0,020,0.1905037580493155,0.17391217394726816,-2.7014834826729377,0.9041782620583995,-0.10904619081151445,0.1298327511326003,1.2351463460327727,-0.1169207121277133,1
886,2024-09-26 22:26:16.225021973,0,020,0.18517173939886783,0.18092078979441736,-2.7677803945218544,0.936005473887704,-0.13029119891960592,0.13576181268528045,1.2062462771286548,-0.11181281320005622,1
887,2024-09-26 22:26:16.288867920,0,020,0.17913126030030335,0.18807888291782293,-2.7968210517260568,0.9564858433642789,-0.15725928327482896,0.14312548157592261,1.17843561897622,-0.10603108302012418,1
888,2024-09-26 22:26:16.360575928,0,020,0.17251219676988896,0.19515894343638043,-2.785243449460365,0.9650165720565432,-0.18942460281158632,0.15162911300188858,1.1510204527618628,-0.09900100618122185,1
889,2024-09-26 22:26:16.423479980,0,020,0.16542349678320412,0.20192746195490857,-2.732321308289171,0.9616887432524034,-0.22614588377647787,0.16097720923404374,1.123979103508171,-0.09034993246529431,1
890,2024-09-26 22:26:16.485105957,0,020,0.15791462318075872,0.20816204157325457,-2.640011727124774,0.9472411402265133,-0.26670691183630296,0.1708923531255781,1.0981074791750165,-0.08000874750474807,1
891,2024-09-26 22:26:17.413885010,0,020,0.1499576479419243,0.21366365832773188,-2.512914379319207,0.9229941275856496,-0.3103540999487496,0.18112584753814528,1.075176960853911,-0.06828735752468595,1
892,2024-09-26 22:26:17.476718994,0,020,0.14145011848972142,0.21826298158819596,-2.358104431763014,0.8907611833869284,-0.3563113593492383,0.1914573038378426,1.058090116647507,-0.05590210547828572,1
893,2024-09-26 22:26:17.538319092,0,020,0.13222869864462067,0.22182224600117098,-2.184806305034755,0.8527391029069994,-0.4037677541507266,0.20168606530582736,1.0508372300593343,-0.04393160898316619,1
894,2024-09-26 22:26:17.615937988,0,020,0.12209575809229577,0.22423386502241124,-2.0038356756376436,0.8113691706367567,-0.4518564516496027,0.21162124604662816,1.0580827206812078,-0.03370446211466124,1
895,2024-09-26 22:26:17.685101074,0,020,0.11086107261318708,0.22541828404589254,-1.82680511463833,0.7691641732984656,-0.4996468699539295,0.2210763083556597,1.084377001800323,-0.02663666469186599,1
896,2024-09-26 22:26:17.752914795,0,020,0.09838106542529725,0.22532556873772336,-1.6652605724769933,0.728526325078986,-0.5461495125311508,0.22986822235127982,1.1332127310649236,-0.024050986738523662,1
897,2024-09-26 22:26:17.816596924,0,020,0.08457924987496912,0.2239412603112673,-1.529961242958581,0.6916009143026954,-0.5903235990067476,0.2378179705324077,1.2063277638444714,-0.027030040171819234,1
898,2024-09-26 22:26:18.759045898,0,020,0.0694598631461753,0.22128918097719838,-1.4303548421362735,0.6601862979919558,-0.631098753104445,0.24475312309229577,1.3035315325950954,-0.03634083811587154,1
899,2024-09-26 22:26:18.821531006,0,020,0.053130093021055085,0.2174251761841982,-1.3741159031245511,0.6356779138019542,-0.6674251037241642,0.25051507247305027,1.4229505923300385,-0.052425640636797624,1
900,2024-09-26 22:26:18.884016112,0,020,0.03581378616545738,0.21242689770270004,-1.3665976568926836,0.6190097182868584,-0.698329330572115,0.2549676843360014,1.5613985663975434,-0.07542804903851649,1
901,2024-09-26 22:26:18.960316895,0,020,0.01782717529051288,0.20638902377929996,-1.4101988989149485,0.6105861256587347,-0.7229367758240267,0.2580004355956817,1.714651239330121,-0.10521463440076903,1
902,2024-09-26 22:26:19.022802979,0,020,-0.00048005263637199,0.19942529730322175,-1.5038215711731502,0.6102372647613451,-0.7404559220229774,0.2595241605039437,1.877517778252818,-0.14135150137374558,1
903,2024-09-26 22:26:19.102564209,0,020,-0.01877982410515727,0.1916714028368191,-1.642642341528935,0.617231097802658,-0.7501590632101975,0.2594631994899936,2.0437256727138955,-0.18302873579412968,1
904,2024-09-26 22:26:19.170384033,0,020,-0.03678268728254124,0.18328372500971685,-1.818323376343564,0.6303410474784314,-0.751384631233817,0.25774644992402446,2.2057605092283428,-0.22897779203125046,1
905,2024-09-26 22:26:20.078190186,0,020,-0.054218111889318917,0.17443354937288538,-2.0196528739086657,0.6479450623131006,-0.7435607657966348,0.25429752885166695,2.354836752122304,-0.2774458511103441,1
906,2024-09-26 22:26:20.156295898,0,020,-0.07080615417983606,0.1652992521494158,-2.2334894036009376,0.6681337955968767,-0.7262449699454332,0.24902736724342453,2.48116461549653,-0.3262715988487791,1
907,2024-09-26 22:26:20.224314941,0,020,-0.0862416166913649,0.15605910361983683,-2.4458131514887156,0.688813264373945,-0.69917295385749,0.2418349284988475,2.574585151386074,-0.3730600786149835,1
908,2024-09-26 22:26:20.292058105,0,020,-0.10018933294236233,0.14688465586387162,-2.6427390348404645,0.7078037433740189,-0.6622985513709029,0.23261880479991326,2.625440519013622,-0.41539549587452745,1
909,2024-09-26 22:26:20.359842041,0,020,-0.11227939563108887,0.13793196621222314,-2.8114549961309274,0.7229571699500821,-0.6158214059414628,0.22129950991482586,2.625475494299564,-0.4510185091625713,1
910,2024-09-26 22:26:20.427649902,0,020,-0.12209534907562027,0.12932922480379902,-2.941079524441037,0.7323160638663436,-0.5602310223259803,0.2078503759046207,2.5687387953657326,-0.47795485723003206,1
911,2024-09-26 22:26:20.483407959,0,020,-0.12916345248645705,0.12116506885030405,-3.023430925836915,0.7343175259364202,-0.4963836875210994,0.19233040425470865,2.4525307500476248,-0.494637528497163,1
912,2024-09-26 22:26:21.438782959,0,020,-0.1329684174122538,0.11348473550192661,-3.053696711093978,0.7280142465850362,-0.42558616103197305,0.17490967564388357,2.278226479383598,-0.5000414228834982,1
913,2024-09-26 22:26:21.503607910,0,020,-0.13301180185259062,0.10629611255814617,-3.0309122207346735,0.7132489177188372,-0.34965041120915435,0.15588229562701875,2.0516600544500854,-0.4938006093471241,1
914,2024-09-26 22:26:21.565139893,0,020,-0.12889458889533068,0.09958138462347509,-2.9580806750181545,0.6907155137866096,-0.2708975448814315,0.13566708368921107,1.7829954554430187,-0.47629074570255603,1
915,2024-09-26 22:26:21.627141113,0,020,-0.12038571839999274,0.09330882056468545,-2.841840077503123,0.6618878097826171,-0.19209294614578945,0.11479624098923104,1.4862702347301568,-0.44869149918575196,1
916,2024-09-26 22:26:21.704372803,0,020,-0.10745335987770353,0.08744107928266287,-2.6917696758872434,0.6288486778801721,-0.11630610966056698,0.09389226541757414,1.1786805207667237,-0.4130153322749048,1
917,2024-09-26 22:26:21.777746826,0,020,-0.09026851081284891,0.08193926278496227,-2.5195367774094275,0.5940673436336894,-0.04671400271256618,0.07363616345219373,0.879469244992122,-0.37204665890180444,1
918,2024-09-26 22:26:21.843602051,0,020,-0.06920784229397704,0.0767646211597602,-2.3380004559140826,0.5601514246548086,0.013622630211132955,0.054729612851180824,0.6083449269465006,-0.3291499149750647,1
919,2024-09-26 22:26:22.786241943,0,020,-0.04486445846735474,0.07187929441358,-2.16025794265951,0.5295842661430299,0.06198878726223743,0.03785075874638708,0.38357451291649236,-0.2879534344278977,1
920,2024-09-26 22:26:22.848303955,0,020,-0.01804752688781787,0.06724605020331582,-1.9986408116254022,0.5044703296077152,0.09623404403970212,0.02360558228581088,0.22010634082261676,-0.2519690457483395,1
921,2024-09-26 22:26:22.924478027,0,020,0.010247014015711282,0.0628284671945792,-1.8637757849858843,0.48633467179085227,0.11496084339426334,0.012482514697797103,0.12818645541754023,-0.22424450964593268,1
922,2024-09-26 22:26:22.987088867,0,020,0.0388920714385588,0.05859424781763788,-1.7638337700244642,0.476018030407252,0.11765994234383252,0.004818787789019188,0.11273045678270631,-0.20711967804690773,1
923,2024-09-26 22:26:23.060039062,0,020,0.06669810737195943,0.054522464301309755,-1.7040043504972138,0.4736714784039327,0.10476786307778276,0.0007831515887597519,0.1733679219974617,-0.2020869314732799,1
924,2024-09-26 22:26:23.127847900,0,020,0.09248070869763494,0.050612760668001376,-1.686184225088345,0.47881910512854353,0.07762655131255772,0.00037427918038067983,0.3049609954528295,-0.20972110534152325,1
925,2024-09-26 22:26:23.195311035,0,020,0.115114986318777,0.04689279140124507,-1.7088915565454037,0.49044972834619177,0.03835254793164345,0.0034290501921887965,0.49841280616659367,-0.22965423552571165,1
926,2024-09-26 22:26:24.125073975,0,020,0.13357605471777947,0.043420171886930516,-1.7674495098038532,0.5071172121032156,-0.010352679753605522,0.009636720813507799,0.7415622051990425,-0.2605943275881701,1
927,2024-09-26 22:26:24.202281982,0,020,0.14697977236245935,0.040276448569273926,-1.8544774017882146,0.5270579779760705,-0.0654220731200537,0.018562510157996023,1.0200759119028142,-0.3004120425575945,1
928,2024-09-26 22:26:24.264309814,0,020,0.15463822232350416,0.03755196935990456,-1.9606626825750657,0.5483440900555655,-0.12365423548525453,0.02968417029918129,1.3184100576099371,-0.34631331254273845,1
929,2024-09-26 22:26:24.327112793,0,020,0.15612862945542574,0.0353233369637933,-2.0756791666449574,0.5690619138691098,-0.18194426959699256,0.042436664475036044,1.620860236515908,-0.39507519594225016,1
930,2024-09-26 22:26:24.403810059,0,020,0.15135909703758943,0.03362928466953434,-2.18907386497767,0.5874740851829945,-0.23749848529068895,0.05625482612551733,1.9125769944473108,-0.44330545171783137,1
931,2024-09-26 22:26:24.477777100,0,020,0.14061045224229923,0.032451859924692524,-2.291020629885624,0.6021320899072057,-0.2880038603113986,0.07060615761457688,2.180391631763488,-0.4877056961783459,1
932,2024-09-26 22:26:24.542618896,0,020,0.1245417796331895,0.031706633140886085,-2.3729477951148015,0.6119434009073432,-0.33172592051771954,0.08501189931212284,2.4133374499618365,-0.5253215611203272,1
933,2024-09-26 22:26:25.481661133,0,020,0.1041591785740088,0.031243382764603853,-2.4280898551573404,0.6162136483974912,-0.36754416044960997,0.09905932939637058,2.602821599579126,-0.55374584564164,1
934,2024-09-26 22:26:25.544532959,0,020,0.0807506628638404,0.03085862111593976,-2.4519477790028303,0.6146662588034018,-0.3949599499380891,0.11240881101954246,2.742494438976417,-0.5712415479450776,1
935,2024-09-26 22:26:25.622875977,0,020,0.055794022380501455,0.03031824644392132,-2.4425296645112056,0.6074165436677823,-0.41409215370583446,0.12479694471786083,2.8279398947141132,-0.5767724399934022,1
936,2024-09-26 22:26:25.692367920,0,020,0.030858290368486172,0.029383188212542106,-2.4002480683162997,0.5948815162084838,-0.4256414228660845,0.13603555830148548,2.8563757496598923,-0.5699497716390329,1
937,2024-09-26 22:26:25.760140869,0,020,0.007519856123696003,0.027831365605261206,-2.3274946362636384,0.5776391616801468,-0.430795114510383,0.14600457161845373,2.8265557215980066,-0.5509224262531333,1
938,2024-09-26 22:26:25.827967041,0,020,-0.01270993118698416,0.025476009250205,-2.228010266596332,0.5562725673189086,-0.4310628390039598,0.15463585811945396,2.738893682864189,-0.5202477045071148,1
939,2024-09-26 22:26:25.884174072,0,020,-0.028467186570612053,0.022184172136329436,-2.1061812478034097,0.5312372763359411,-0.4280673988153578,0.1618896266762405,2.595597671990361,-0.4787756324137872,1
940,2024-09-26 22:26:26.830542969,0,020,-0.03863860980063237,0.01789596315479441,-1.9664504721124552,0.5027936855598804,-0.4233471855854295,0.16773204565592767,2.400582685160811,-0.42756912762984367,1
941,2024-09-26 22:26:26.892555908,0,020,-0.04246676032850988,0.012639332116438572,-1.813052701969768,0.47103358457744576,-0.4182180758144818,0.1721236168757341,2.15912379449209,-0.3678631401753868,1
942,2024-09-26 22:26:26.970663086,0,020,-0.039620108674101776,0.006533160790368243,-1.6501012370503358,0.4359862555881908,-0.41369338105292885,0.17502058827325628,1.877378540397675,-0.3010425636905428,1
943,2024-09-26 22:26:27.042433105,0,020,-0.03020439192060439,-0.00022387351977495214,-1.4818287897521831,0.39775315397905275,-0.4104279610954607,0.17638514449901935,1.5619827050731563,-0.22861950715799012,1
944,2024-09-26 22:26:27.110201904,0,020,-0.014726296588052808,-0.007373148163808257,-1.3127480348110232,0.3566206836749448,-0.4086755937205435,0.17619990271797786,1.219934765785918,-0.15221618644928667,1
945,2024-09-26 22:26:27.178031006,0,020,0.00596288547366327,-0.014616977382416652,-1.1476029783377353,0.3131232251238724,-0.4082824884187334,0.17448415182957155,0.8588308032136437,-0.07357031837533429,1
946,2024-09-26 22:26:27.233061035,0,020,0.03072838702088428,-0.02163793857497968,-0.9911000537672284,0.2680573119369373,-0.4087385559888714,0.1713092635802512,0.4872077848957144,0.005441052381964339,1
947,2024-09-26 22:26:28.163431885,0,020,0.05821630714656013,-0.028116879648532284,-0.8475009022768929,0.22246643542588557,-0.4092842807201384,0.1668099560705469,0.11460012706977116,0.08279178148396443,1
948,2024-09-26 22:26:28.224149902,0,020,0.08692042195108111,-0.033748137047403974,-0.720225960299972,0.17760719487729631,-0.4090456178344116,0.16118720396793104,-0.2488891314998716,0.1563508704091493,1
949,2024-09-26 22:26:28.286210938,0,020,0.11525354472398126,-0.038251534700597056,-0.6116541309682275,0.13489248225090106,-0.4071608007870475,0.1546992625629603,-0.5933608824570482,0.22399411405596512,1
950,2024-09-26 22:26:28.363370850,0,020,0.14163262904069077,-0.04138442340945158,-0.5232466431662985,0.09581404639152444,-0.4028819363976492,0.14764191122984552,-0.9099159758551211,0.2837567689081688,1
951,2024-09-26 22:26:28.434733887,0,020,0.16457950474085986,-0.042956387603516784,-0.4559229242221769,0.06185730071847819,-0.39565114521940276,0.14032376561598825,-1.1912007760056236,0.3339839253177547,1
952,2024-09-26 22:26:28.502520996,0,020,0.18281903101551186,-0.04284434401020163,-0.41042157436523186,0.03441276823440082,-0.38515004733705144,0.13304286807411955,-1.4315964736673419,0.3734435260840436,1
953,2024-09-26 22:26:28.570303955,0,020,0.1953513950652093,-0.04100344017921442,-0.3873929138629601,0.014675389784768504,-0.37132638515969274,0.12606872669744418,-1.6271193754241315,0.4013871571760531,1
954,2024-09-26 22:26:29.514447998,0,020,0.2014914797515323,-0.03747168520881988,-0.3871694393309392,0.0035270312352648145,-0.3544101375883288,0.11963224979566778,-1.7751956471592192,0.4175704093979787,1
955,2024-09-26 22:26:29.571010986,0,020,0.20088469900206693,-0.03236975426395084,-0.40937272913468825,0.0014180933487749038,-0.33492739610963684,0.11392454400025354,-1.8745071541946012,0.4222569049987479,1
956,2024-09-26 22:26:29.650106934,0,020,0.19351373310224756,-0.025898898158208235,-0.45259763636497446,0.008282127566618084,-0.313713608321685,0.10910378277722668,-1.9250841375333108,0.416213288551126,1
957,2024-09-26 22:26:29.717870117,0,020,0.17970306856261492,-0.018338181029681017,-0.5143202826437323,0.023513251590247447,-0.2919160172665208,0.10530617339255409,-1.9286516084497332,0.4006821242525672,1
958,2024-09-26 22:26:29.772134033,0,020,0.160113365907932,-0.010038277124869764,-0.59099847751885,0.04600702439168228,-0.2709495945167242,0.10265226776905799,-1.8889863614851454,0.3773217467102605,1
959,2024-09-26 22:26:29.853435059,0,020,0.1357139091051532,-0.001407865073228802,-0.6782303199425757,0.07423203549467364,-0.2523688870198118,0.10123980252560053,-1.812001927429837,0.3481162176317631,1
960,2024-09-26 22:26:29.911395996,0,020,0.10773460771011949,0.007107166159059683,-0.770894026732144,0.10630097752762861,-0.23766922427718246,0.10112512030474029,-1.7054664227868623,0.3152602280577708,1
961,2024-09-26 22:26:30.824835938,0,020,0.07760910531425723,0.015047105726681756,-0.8633426747800783,0.14005300493112502,-0.22808350152210563,0.10230655183280421,-1.5783688769092883,0.2810101676337233,1
962,2024-09-26 22:26:30.902043945,0,020,0.04691697871041942,0.021960076217894805,-0.949728523270769,0.17317269794378598,-0.22443449640305185,0.1047190117489425,-1.4399801095515468,0.24749878494976443,1
963,2024-09-26 22:26:30.964167969,0,020,0.017323141895528027,0.027421421640680548,-1.024315962418362,0.20332195366965708,-0.2270533971083282,0.10823538376040544,-1.2988120392901557,0.2165515639464384,1
964,2024-09-26 22:26:31.043144043,0,020,-0.009499484345380095,0.031053674586419767,-1.0815745036824629,0.22823947698452965,-0.23573758096431757,0.11266501051395829,-1.161801468224462,0.1895596619173707,1
965,2024-09-26 22:26:31.110925049,0,020,-0.031982179427901346,0.032549630129042176,-1.116104661522168,0.24581290381747964,-0.24972475031083027,0.11774633275837479,-1.0339157016910787,0.16742591094650017,1
966,2024-09-26 22:26:31.178705811,0,020,-0.04880526826026,0.031697391724873895,-1.1226866842478829,0.25417337757851394,-0.26769599156678126,0.12314015885514895,-0.9181615873484021,0.1505641428239495,1
967,2024-09-26 22:26:31.242445068,0,020,-0.05903856393697618,0.02840219495148898,-1.0966839273017233,0.2518501501228666,-0.2878444755076022,0.12843360255225336,-0.8158605225041721,0.13893265003207497,1
968,2024-09-26 22:26:32.189358887,0,020,-0.06223180797052489,0.02269804952329405,-1.0347675420853653,0.2379683880572287,-0.30802975477658734,0.13316063807996792,-0.7270109561372393,0.13209030341605937,1
969,2024-09-26 22:26:32.254671143,0,020,-0.05844004568487021,0.014744627205797193,-0.9356572289896857,0.21241494351767481,-0.32600077170469866,0.13683803954872198,-0.6505628899330761,0.12925930761482646,1
970,2024-09-26 22:26:32.316212891,0,020,-0.048196211652338214,0.004809449310247358,-0.8005299626946638,0.1758933041127675,-0.3396448552252983,0.13900922851111236,-0.5845121996651211,0.12938202528444023,1
971,2024-09-26 22:26:32.378699951,0,020,-0.03243939373008653,-0.00676178636368738,-0.6329573512947068,0.12984519948143702,-0.3472104534430441,0.1392853304613504,-0.5259179331335364,0.13118930047919222,1
972,2024-09-26 22:26:32.455490234,0,020,-0.012402349904464621,-0.0195823667477301,-0.43841347408978215,0.076265829434238,-0.34746333109748057,0.1373755757737417,-0.47111500146630236,0.1333219970252502,1
973,2024-09-26 22:26:32.517991943,0,020,0.010521306838128724,-0.033262260441831185,-0.22346291271850993,0.01745827189369866,-0.3397664013450842,0.13310567010880994,-0.4163137484365998,0.1345212510181679,1
974,2024-09-26 22:26:32.596101074,0,020,0.03489987424896151,-0.047438707417659716,0.005168227508464493,-0.04421818735402099,-0.3240949729272676,0.12642569145534943,-0.35849930215642567,0.13385006882257305,1
975,2024-09-26 22:26:33.525547119,0,020,0.05936442084240859,-0.061796336521312875,0.24136893503494425,-0.10655709349323773,-0.30100303604417233,0.11740837275022643,-0.296381942048785,0.13088935313962652,1
976,2024-09-26 22:26:33.607191162,0,020,0.08269379733349752,-0.07607818938599209,0.48006787006678525,-0.1676483826895497,-0.2715514498694685,0.1062384158503191,-0.23120671508175106,0.12586974991043048,1
977,2024-09-26 22:26:33.663424072,0,020,0.1038795871869322,-0.09008820070258344,0.7172671611364241,-0.22595871229969444,-0.23719704409835476,0.09319368897766239,-0.16727235026488987,0.1197165576701527,1
978,2024-09-26 22:26:33.740611084,0,020,0.12215260143720083,-0.10368234321729924,0.9498308953975028,-0.2803654796169347,-0.1996356983853977,0.07861916359904324,-0.11193661835786209,0.11398507737265237,1
979,2024-09-26 22:26:33.802120850,0,020,0.13696503553361591,-0.11674758577746977,1.1752760393391162,-0.3301666679783791,-0.16060650733230009,0.06289504383829958,-0.0748904321188772,0.11066594329847874,1
980,2024-09-26 22:26:33.864118164,0,020,0.1479455769693763,-0.12917497471864742,1.3917061716185426,-0.3750796574008288,-0.12168543588072438,0.04640184235651811,-0.06669347798241392,0.11186666531779225,1
981,2024-09-26 22:26:33.941347900,0,020,0.15485137964760723,-0.14083780487768388,1.5978251472697687,-0.41522592069063763,-0.08410233603905323,0.02948652791870954,-0.09689514332725722,0.11943684269629605,1
982,2024-09-26 22:26:34.889585938,0,020,0.15753132587710175,-0.15158282044199656,1.7929182153781074,-0.4510921659885697,-0.048604827665497986,0.012434103576594708,-0.17229721523410502,0.13465466285031558,1
983,2024-09-26 22:26:34.947162109,0,020,0.15590392034257516,-0.1612349511843908,1.9767664171704233,-0.48345917526289833,-0.015388000875034679,-0.004551830665224382,-0.2958390206817268,0.15806425926261178,1
984,2024-09-26 22:26:35.024360107,0,020,0.149951986205917,-0.16961155682690715,2.149485501539131,-0.5132904898064146,0.01588994498376038,-0.021355917086933452,-0.46626407782060175,0.1894694612242061,1
985,2024-09-26 22:26:35.092979004,0,020,0.1397411553308398,-0.17654231737048112,2.311279812754882,-0.5415883632291302,0.04600364629561241,-0.03794216597552098,-0.678458047283441,0.22803466828641653,1
986,2024-09-26 22:26:35.147303223,0,020,0.1254620542039434,-0.1818916258969279,2.462161886222313,-0.569250859997865,0.07599808152633607,-0.05433116269939682,-0.9242651636669864,0.2724389547677314,1
987,2024-09-26 22:26:35.228574951,0,020,0.10747195143232638,-0.18557904874664574,2.6017481528606328,-0.5969718920583977,0.10701560567578725,-0.07057198923463971,-1.1935865272603943,0.32103931935162916,1
988,2024-09-26 22:26:35.285680176,0,020,0.08629769031486657,-0.18759276159008273,2.7292263819388562,-0.6252074618721498,0.14015612911452865,-0.08672004539302973,-1.4755595779821404,0.37201327164197234,1
989,2024-09-26 22:26:36.238593018,0,020,0.06258688269953466,-0.1879941953395469,2.8435218012969625,-0.654205305767143,0.17639103177234103,-0.10282817596439392,-1.7596096256165672,0.4234691762679853,1
990,2024-09-26 22:26:36.298670166,0,020,0.03703797474670971,-0.18691634148052194,2.9436241326704766,-0.6840772353340736,0.21651123124330063,-0.11894987810771318,-2.0361778945098,0.4735257201077732,1
991,2024-09-26 22:26:36.374192871,0,020,0.010351004811448001,-0.18455807204230126,3.0289847014446276,-0.714884142944435,0.26106651054820795,-0.13514643972443793,-2.2970530226212014,0.5203770571684575,1
992,2024-09-26 22:26:36.441962891,0,020,-0.016793061046197565,-0.1811737515540457,3.099864438067699,-0.7467039378440679,0.31028684156621167,-0.15149189894711018,-2.5354219610791824,0.5623696895488387,1
993,2024-09-26 22:26:36.500381104,0,020,-0.0437551384873105,-0.17705564487179307,3.1575726781299265,-0.7796686947659058,0.36402819100388123,-0.16807517347056328,-2.7458229173510804,0.5981007595480684,1
994,2024-09-26 22:26:36.577545898,0,020,-0.06999368923075945,-0.17250813487675326,3.204616162618763,-0.8139754789313584,0.4217788029518369,-0.18499789169018224,-2.9241211058189087,0.6265245120740345,1
995,2024-09-26 22:26:36.639539062,0,020,-0.09514859726666136,-0.1678170995599463,3.244751362072847,-0.849879508861854,0.48271056196295953,-0.20236409193583593,-3.067562509645712,0.6470416522822764,1
996,2024-09-26 22:26:37.588677979,0,020,-0.11911834281130142,-0.16322129793337506,3.2828839617060037,-0.887676215045412,0.5457363402418929,-0.22026155648482068,-3.174910430410848,0.6595398244215135,1
997,2024-09-26 22:26:37.648310059,TASK_END,020,-0.14209551320154412,-0.15889145640476318,3.324828787766495,-0.9276803207033327,0.6095508477413567,-0.23873873424240874,-3.2466427206420803,0.6643731899456035,1
