,time,MARKER,pid,L_O_DSI,L_D_DSI,L_O_DSphi,L_D_DSphi,R_O_DSI,R_D_DSI,R_O_DSphi,R_D_DSphi,trial_id
0,2024-09-27 16:25:10.060989014,TASK_BEGIN,021,-1.094306408618788,0.13107869085341434,-2.1461886535336236,1.0672307040090416,1.1250185693422634,-0.21823466002396794,-2.8783627556392113,-1.5385631931495551,0
1,2024-09-27 16:25:10.129204102,0,021,-1.1215128161423422,0.15548581887019208,-2.2731225441025145,1.0942327792608317,1.1501132865161976,-0.19438458487454766,-4.113972826993782,-1.365666102732717,0
2,2024-09-27 16:25:10.196106934,0,021,-1.13971391292269,0.17672863588671667,-2.4184054508651736,1.118607490616211,1.177842240341939,-0.17260993187872695,-5.383516770200587,-1.1712177122119871,0
3,2024-09-27 16:25:10.262751221,0,021,-1.1484689125532932,0.1944496009998585,-2.5783362270084536,1.1391325422101424,1.2066664253356938,-0.1524461678016238,-6.643006567570747,-0.961165176946611,0
4,2024-09-27 16:25:10.332300049,0,021,-1.1478996335998,0.20837569481522114,-2.7489602615671953,1.1551940471723854,1.2356726073583637,-0.13370146558009552,-7.844014612506385,-0.7428836916632083,0
5,2024-09-27 16:25:10.400019775,0,021,-1.1386651917005493,0.21833873963237196,-2.9261990385814562,1.1668535757754501,1.264368004518504,-0.11648932954885993,-8.935544260851099,-0.5249088614427633,0
6,2024-09-27 16:25:10.467685059,0,021,-1.1218832728211607,0.2242836823462042,-3.1056320478689163,1.1747757056833898,1.292515069520348,-0.10122140019745049,-9.867127605306967,-0.31648751828318294,0
7,2024-09-27 16:25:11.411534180,0,021,-1.0990082933030545,0.2262633324455869,-3.282213399818235,1.180038934806425,1.3200764715398556,-0.0885738318249139,-10.59268303710808,-0.12705596573255046,0
8,2024-09-27 16:25:11.479271973,0,021,-1.071693650130303,0.22442508729729016,-3.4501973317205095,1.183878186952815,1.3472202626201781,-0.07942251940140492,-11.074644312484462,0.03435477192362273,0
9,2024-09-27 16:25:11.546993896,0,021,-1.0416827998147857,0.21900090419337231,-3.603347760684735,1.1874363456317754,1.374264730370085,-0.07472617645043193,-11.287691575547848,0.15981171277422573,0
10,2024-09-27 16:25:11.614649902,0,021,-1.0107504054368608,0.21030748948166839,-3.735319894603913,1.1915762787799051,1.4015212334495966,-0.07536206954592109,-11.221222656656032,0.24316247007009184,0
11,2024-09-27 16:25:11.682425049,0,021,-0.9806591436954666,0.19874798181352757,-3.8400236735070763,1.1967486174622428,1.4291128372196524,-0.08196040800469781,-10.879820110418919,0.2805094055264806,0
12,2024-09-27 16:25:11.749308105,0,021,-0.9530822869053981,0.18479978261413246,-3.9118732323933085,1.2029043352335984,1.4568404022017338,-0.0947869393825845,-10.281543277888787,0.2703649963917114,0
13,2024-09-27 16:25:11.817843994,0,021,-0.9294866330845402,0.16898620359259814,-3.9460194553718315,1.2094659510031387,1.4840894634002582,-0.11368576208851819,-9.454888670099649,0.2135511173186498,0
14,2024-09-27 16:25:12.732559082,0,021,-0.9110072947510579,0.15184263758931635,-3.9387509487611756,1.215381659882505,1.5097619892311853,-0.13806555115006178,-8.435950658048196,0.11301530232268048,0
15,2024-09-27 16:25:12.795527100,0,021,-0.8983418437248828,0.13388637761793137,-3.888115261280291,1.2192860229557465,1.5322719269714224,-0.16692470474874954,-7.2667736593518235,-0.026322327270362652,0
16,2024-09-27 16:25:12.872992920,0,021,-0.8916825284435507,0.11559327147592681,-3.7945570181971724,1.2197600305893699,1.5496772952052813,-0.1989311725280336,-5.994558559210489,-0.1977581810306191,0
17,2024-09-27 16:25:12.940684082,0,021,-0.8907066355772207,0.09738361606579546,-3.6612581452834463,1.215620674235173,1.5599641674709945,-0.2325535987347509,-4.670518373701511,-0.39319180766580253,0
18,2024-09-27 16:25:13.008424072,0,021,-0.8946389370270729,0.07961968684074262,-3.494042844707358,1.2061451281063844,1.5613895097937551,-0.2662053088238043,-3.3473298498537485,-0.6038000035853481,0
19,2024-09-27 16:25:13.076049072,0,021,-0.9023811397173271,0.06261305601137417,-3.3009836319225303,1.1911818968574959,1.5527875272029907,-0.29837143778168934,-2.075213073039584,-0.8209093907721242,0
20,2024-09-27 16:25:13.143739990,0,021,-0.9126746715466397,0.04663355542799596,-3.0918896107920664,1.1711610345917203,1.5338361319094027,-0.32772472870914865,-0.8979682075231528,-1.0367911019949625,0
21,2024-09-27 16:25:14.082545898,0,021,-0.924242614878095,0.031910883339499506,-2.8776633545104984,1.147036756676482,1.505277108291678,-0.3532342186034753,0.1495606542136086,-1.2451056221501087,0
22,2024-09-27 16:25:14.145076904,0,021,-0.9358774053582578,0.018628694847567785,-2.669421578216482,1.120194824664908,1.468987680616533,-0.37424415683862994,1.042280920983059,-1.4409488436790114,0
23,2024-09-27 16:25:14.221858887,0,021,-0.9464918098968315,0.006920100159777507,-2.4774509770718414,1.0923502268864624,1.427792551220355,-0.3904990172466905,1.7644643686762953,-1.620623192930718,0
24,2024-09-27 16:25:14.285125000,0,021,-0.9551666263133308,-0.003128735248496937,-2.310246477358892,1.0654419046028831,1.3850171391045412,-0.40211192906132115,2.3085750042618853,-1.7812646075476262,0
25,2024-09-27 16:25:14.357803955,0,021,-0.9611896118566625,-0.01146917731735521,-2.173813993453704,1.0415108863862912,1.3439029471592066,-0.40948898525895067,2.673422518745067,-1.9204343024145758,0
26,2024-09-27 16:25:14.425514893,0,021,-0.9640495490283101,-0.018082624604743393,-2.071260765327827,1.0225419232391137,1.3070663346568652,-0.4132238754837643,2.862031914374233,-2.035794529072828,0
27,2024-09-27 16:25:14.493184082,0,021,-0.9633740830327275,-0.022982338328747298,-2.0026737115507394,1.010267374851432,1.2761471284290218,-0.4139746084216514,2.8800673721563563,-2.1249723992739167,0
28,2024-09-27 16:25:15.436162109,0,021,-0.9588494238553084,-0.026225168109897532,-1.9653485714801937,1.0059740590792332,1.2516747387031801,-0.41233832205319293,2.7354728352073687,-2.185634479281417,0
29,2024-09-27 16:25:15.504800049,0,021,-0.9501811950423054,-0.02792321584995453,-1.9544050854434851,1.0103683380400101,1.2330980134409142,-0.4087509405153806,2.439146371562076,-2.2157040185635393,0
30,2024-09-27 16:25:15.572510986,0,021,-0.9371221468648839,-0.028244862415429693,-1.9636763141973699,1.0235005083935957,1.2189382419831787,-0.4034387672745675,2.005884259578369,-2.2136559282142234,0
31,2024-09-27 16:25:15.640227051,0,021,-0.9195282184895991,-0.027406707308447832,-1.986615283497877,1.0446935425041863,1.2070314341775454,-0.3964311909708659,1.4549751273572942,-2.1788747798385293,0
32,2024-09-27 16:25:15.697657227,0,021,-0.8973813526199486,-0.025665209784268,-2.0169679944958925,1.0724526241087304,1.1947826654946587,-0.38761920688974894,0.8101412038174868,-2.1120314953949406,0
33,2024-09-27 16:25:15.774545898,0,021,-0.870763585671402,-0.023311544741720633,-2.049117403437767,1.104405391950982,1.1793675476362027,-0.37683119689748196,0.09871788984085905,-2.015365096987479,0
34,2024-09-27 16:25:15.843419922,0,021,-0.8398226004101023,-0.020666025923941567,-2.078173666809598,1.1373429452941761,1.157919547378384,-0.3639036465462518,-0.6498730990535944,-1.8927414600703882,0
35,2024-09-27 16:25:16.787770020,0,021,-0.8047737548840351,-0.01806615949301096,-2.0999755101743114,1.1674159603905894,1.1277905403114041,-0.3487380430879518,-1.4061256908941309,-1.7494179471628768,0
36,2024-09-27 16:25:16.855006104,0,021,-0.7659404487790014,-0.01584451314361032,-2.1111243764785637,1.1905144675116779,1.086879303373327,-0.331340407984509,-2.142262201635546,-1.5915997394558496,0
37,2024-09-27 16:25:16.923208008,0,021,-0.7237926288418725,-0.014298887574272364,-2.109042136368799,1.2027790253035597,1.0339242657855252,-0.31184276085711854,-2.8328906415180444,-1.4260055900712871,0
38,2024-09-27 16:25:16.990885986,0,021,-0.6789442656495415,-0.01366463448751025,-2.0920057894104183,1.2011099728450154,0.9686886671345766,-0.2905177716363801,-3.4543179276904232,-1.2595377953273625,0
39,2024-09-27 16:25:17.058617188,0,021,-0.6321080319244734,-0.01409882747752539,-2.0592081403823066,1.1835717350909927,0.8920601978276679,-0.26780389216590816,-3.983573011639583,-1.0989552195835885,0
40,2024-09-27 16:25:17.126126953,0,021,-0.584041687675146,-0.015677094034095326,-2.0109065548036478,1.1496646632343634,0.8060942506527868,-0.24433601319207765,-4.39834890134426,-0.9505009478409027,0
41,2024-09-27 16:25:17.193052979,0,021,-0.5355219573117289,-0.01839852346914625,-1.9485707536379357,1.1004366653383957,0.713940975737517,-0.22094750739323749,-4.678176287817425,-0.8195765968513489,0
42,2024-09-27 16:25:18.112814941,0,021,-0.4873458754241115,-0.022196341280468438,-1.8748711450702438,1.0383936044307156,0.6195641599665157,-0.19861835194948727,-4.8061431817173075,-0.7105547268303134,0
43,2024-09-27 16:25:18.180542969,0,021,-0.4403334635177076,-0.026951916979326977,-1.7934867688205274,0.9672250411408759,0.5272828998957269,-0.17838252200675397,-4.770038617791378,-0.6267412059252742,0
44,2024-09-27 16:25:18.248177002,0,021,-0.39532110416544175,-0.032506297154393675,-1.7088186410292983,0.8914158335028922,0.4413021314898987,-0.16122635432223534,-4.562536825954529,-0.5703893482668217,0
45,2024-09-27 16:25:18.315737061,0,021,-0.353153056570097,-0.038665515739434185,-1.6256269531879035,0.8158041378957321,0.36535699289532086,-0.14799685883598282,-4.181214159007802,-0.5426149684837362,0
46,2024-09-27 16:25:18.381509032,0,021,-0.3146680004599082,-0.045202416923472745,-1.5485610663602767,0.7451294905232367,0.3024685819865788,-0.13932568943083964,-3.629144317289281,-0.5431854007363514,0
47,2024-09-27 16:25:18.443993164,0,021,-0.28066794929504174,-0.05186045982732979,-1.4816640688643594,0.6836283455049139,0.25479724274745086,-0.13558021903001666,-2.9159800329975827,-0.5703029965393879,0
48,2024-09-27 16:25:18.506478027,0,021,-0.25186568177468943,-0.05836096555823225,-1.428052630590511,0.6347318659651767,0.2236324790100077,-0.13686041646754538,-2.059173399435441,-0.6205006598480358,0
49,2024-09-27 16:25:19.459551025,0,021,-0.22881711508968247,-0.06440889247965234,-1.38990684582952,0.600872520637658,0.20951197082055736,-0.14304124758980077,-1.0849077049822518,-0.6887133579926814,0
50,2024-09-27 16:25:19.529580078,0,021,-0.21185312612575471,-0.06969165670080632,-1.3686924961378104,0.5833743618183358,0.21236226923715196,-0.15382782763159647,-0.027989476552253645,-0.7685850575161197,0
51,2024-09-27 16:25:19.597302002,0,021,-0.20103335363577166,-0.07387247953787607,-1.3653350432432723,0.5824149488421924,0.23155718579779277,-0.16878535360716607,1.069771586796808,-0.8530459788861908,0
52,2024-09-27 16:25:19.664152100,0,021,-0.19613935971515067,-0.07658669275220649,-1.3800583733482705,0.5970458542877125,0.26589839351970684,-0.18733393720496438,2.162221773062515,-0.9350927133061673,0
53,2024-09-27 16:25:19.732728027,0,021,-0.19670102966680403,-0.07745145402517598,-1.4119004083857816,0.6252556418015,0.31358820447365604,-0.20872429339224993,3.2016550047721766,-1.008596589830749,0
54,2024-09-27 16:25:19.800474854,0,021,-0.2020331133402596,-0.0760947937540731,-1.4582409502518987,0.66409102506217,0.37221395901196724,-0.2320127252270859,4.141409174246682,-1.0689676738033826,0
55,2024-09-27 16:25:19.868168213,0,021,-0.21126995373102878,-0.07219885933262543,-1.514654694957658,0.709858508492213,0.4387077928187354,-0.25605287739359905,4.93863183444037,-1.113605023680373,0
56,2024-09-27 16:25:20.811953125,0,021,-0.22340360703805257,-0.06554450773051101,-1.5751456016513379,0.7583916733723123,0.5093015465139619,-0.27953106070540296,5.557465758518655,-1.1421358169685738,0
57,2024-09-27 16:25:20.879697021,0,021,-0.2373289796656999,-0.0560479048092593,-1.6326178313950614,0.8053429222891447,0.579591195378931,-0.3010665102743968,5.972268039709979,-1.156417732301801,0
58,2024-09-27 16:25:20.947180908,0,021,-0.2518929830694637,-0.04378627762003394,-1.6793681116458714,0.846456215206509,0.6448066390690544,-0.31936554503380604,6.170148246658308,-1.1602409529749569,0
59,2024-09-27 16:25:21.004833984,0,021,-0.2659501950017637,-0.029010118659235175,-1.7075129421245747,0.8778082144661437,0.7002618759221755,-0.3333902024884286,6.152305653939167,-1.1587314047400807,0
60,2024-09-27 16:25:21.079322998,0,021,-0.27843771224569647,-0.012135949945801326,-1.7095562026717954,0.8960554645187575,0.7418610157275521,-0.3424965872780501,5.933967700277524,-1.1575929796467248,0
61,2024-09-27 16:25:21.150538818,0,021,-0.2884773306972558,0.006285124264406977,-1.6793314355386861,0.8987101577123846,0.7664991631108676,-0.3465047724976002,5.5428422606018275,-1.162368742383812,0
62,2024-09-27 16:25:21.203383057,0,021,-0.29548933444491715,0.025618968628671857,-1.6130734483098874,0.8843762317320252,0.7722318905461972,-0.3456805760108416,5.016085590678263,-1.1777889051063768,0
63,2024-09-27 16:25:22.162041992,0,021,-0.29927872481316886,0.045203825040347576,-1.509981720776827,0.8528349457682537,0.7582137413514289,-0.34064346577172416,4.396200844021668,-1.2071861754876443,0
64,2024-09-27 16:25:22.229060791,0,021,-0.3000538414225511,0.06439045660759571,-1.371982231625876,0.804950778820258,0.7245312894214789,-0.3322438863805065,3.726737603410873,-1.2520373247763141,0
65,2024-09-27 16:25:22.296725098,0,021,-0.2983656599069704,0.08256136267975252,-1.2030599476233235,0.7424735498797642,0.6720463667772337,-0.32145272975713046,3.048644641993338,-1.3117842428401518,0
66,2024-09-27 16:25:22.365215088,0,021,-0.2949921909219411,0.09914064572253116,-1.008690325742757,0.6678204892094086,0.6022680968243196,-0.30927775604446206,2.397712535935425,-1.3840038522638873,0
67,2024-09-27 16:25:22.432715820,0,021,-0.29080055839402486,0.11360885604544362,-0.795550761218118,0.5838758327201399,0.5172293419118175,-0.29669647170387214,1.8031089382244951,-1.4648213977409836,0
68,2024-09-27 16:25:22.500488037,0,021,-0.2866023705529703,0.1255262588193444,-0.5713737960353025,0.4938230514815671,0.4193530258086863,-0.2845935000962468,1.286775720987286,-1.549408254597087,0
69,2024-09-27 16:25:22.567697021,0,021,-0.2830152036569879,0.1345585417426335,-0.34469237069315617,0.4010020341997912,0.3112929006289316,-0.273701783735925,0.8634596013660589,-1.6324587252528213,0
70,2024-09-27 16:25:23.487163086,0,021,-0.28036082973896337,0.14049769285402122,-0.12428528566482959,0.30875513542501903,0.19575560254866825,-0.2645528607404748,0.5411389076885678,-1.7085654440029043,0
71,2024-09-27 16:25:23.554879883,0,021,-0.2786327059046255,0.14327511670505208,0.08161692517726775,0.22024056771557585,0.07535534208163183,-0.2574390258904396,0.3215460776971915,-1.7724511078358907,0
72,2024-09-27 16:25:23.622602051,0,021,-0.27753592698437113,0.14296974922830596,0.26604242135044387,0.1382361895980914,-0.04746674979254021,-0.2523856266744358,0.20072440352005957,-1.8191218758989203,0
73,2024-09-27 16:25:23.690409912,0,021,-0.2765713741354223,0.13981296376559543,0.4236215947587143,0.06497359207536721,-0.17048445661986564,-0.24913416542568445,0.16985422215258789,-1.8440581722882199,0
74,2024-09-27 16:25:23.757268066,0,021,-0.2751315844954874,0.13418432838956101,0.5505951305699397,0.0020243492699883792,-0.29171764824531177,-0.24714911426828948,0.21645287828896004,-1.843486954676239,0
75,2024-09-27 16:25:23.825813965,0,021,-0.2725932703646725,0.12659113923780588,0.6447341508033324,-0.04974373673497216,-0.4094431164315211,-0.24566752552440796,0.32590437032367764,-1.8147111981717552,0
76,2024-09-27 16:25:23.893518066,0,021,-0.26840254935603675,0.11763333692775006,0.7053120836045912,-0.09010372523951254,-0.5221557203736255,-0.24379433485107138,0.48343233795955454,-1.7564907208092806,0
77,2024-09-27 16:25:24.836695068,0,021,-0.2621453518461132,0.10796148242252121,0.7330520679300259,-0.11929571961100455,-0.6284817224485559,-0.24061936453258886,0.6764586140188305,-1.669467561599765,0
78,2024-09-27 16:25:24.904058105,0,021,-0.25359372905231886,0.09823304087195102,0.7299512006964944,-0.13782061014781916,-0.7271192721414251,-0.23532137285838772,0.896592706966801,-1.556489731878064,0
79,2024-09-27 16:25:24.972184814,0,021,-0.2427215801804991,0.0890674635770812,0.6990075543062395,-0.14629506925473237,-0.8168848708459278,-0.22724008835215917,1.1402515957987436,-1.4225641010125418,0
80,2024-09-27 16:25:25.032625000,0,021,-0.22968370958461412,0.08099995158031868,0.6439477761973238,-0.14538710951889386,-0.8968250949960667,-0.21592188096177276,1.4076253067760307,-1.2743102720821438,0
81,2024-09-27 16:25:25.106969971,0,021,-0.2147613642343015,0.07443725957119426,0.5690264804192753,-0.13578783753874873,-0.9662680526070538,-0.20115137052373575,1.7006663415908183,-1.1191046376740181,0
82,2024-09-27 16:25:25.175407959,0,021,-0.19829680680076014,0.06962289990048415,0.47889420642139574,-0.11818085946521745,-1.024766988265241,-0.18296391649213484,2.0212702921189343,-0.964292823100354,0
83,2024-09-27 16:25:25.242483887,0,021,-0.18064233912581956,0.0666205877003603,0.37847148574015943,-0.09322031863852821,-1.072007702225323,-0.1616230964014944,2.370499455230199,-0.8167493334551149,0
84,2024-09-27 16:25:26.184117920,0,021,-0.16212638154385808,0.06532029337079284,0.2727856485956216,-0.06155400325541497,-1.107746076323727,-0.13757145038468224,2.7486413694674545,-0.6827440394457684,0
85,2024-09-27 16:25:26.252324219,0,021,-0.14302375427438532,0.0654625932586303,0.1667921503472963,-0.023891652469430355,-1.1317486891097572,-0.11139229810553812,3.1551238355292024,-0.5678065554236273,0
86,2024-09-27 16:25:26.319561035,0,021,-0.12353085166483298,0.06667259193495727,0.0651940180088009,0.018928528782826345,-1.1436715828360553,-0.08381033430325317,3.5877347398037136,-0.47635228351633,0
87,2024-09-27 16:25:26.387312988,0,021,-0.10376084780001416,0.06849786547932792,-0.027795353804003917,0.0659200450159372,-1.1428688617035658,-0.05572536748769042,4.041458077844925,-0.4111726667486229,0
88,2024-09-27 16:25:26.451374023,0,021,-0.08376696167325787,0.07045045509759011,-0.10876443752476816,0.11599068447946875,-1.1282074261015713,-0.028248980063971772,4.507449719146979,-0.3730751707385889,0
89,2024-09-27 16:25:26.522750000,0,021,-0.06358835149596154,0.07205325499858295,-0.17537563240371426,0.16803706023493592,-1.0980000832178451,-0.002700841597313352,4.972427460903453,-0.3608055856985173,0
90,2024-09-27 16:25:26.590478027,0,021,-0.043304406044315444,0.07288526631386294,-0.2264450542853739,0.22103832843199636,-1.0501196346418347,0.019467236303395308,5.418512687656027,-0.3711702560529859,0
91,2024-09-27 16:25:27.536842041,0,021,-0.023080948934539318,0.07261684069663289,-0.26175980988577063,0.27405933113226233,-0.9822767758474787,0.03681253222501037,5.823419178511306,-0.3992576144980041,0
92,2024-09-27 16:25:27.600833984,0,021,-0.0031997068738475287,0.07102896417638621,-0.2816570746020446,0.3261168544638191,-0.8924170819780157,0.04807087379158487,6.161004135070121,-0.43874437910554853,0
93,2024-09-27 16:25:27.672395020,0,021,0.015928606317472394,0.06801510336648824,-0.2864988976821234,0.37597636516555644,-0.7791849541812992,0.05231453472831157,6.402478583278533,-0.4822775852201866,0
94,2024-09-27 16:25:27.740094971,0,021,0.03376779821133252,0.06356715566093714,-0.27626415497113793,0.42200811204157845,-0.6423575607950957,0.049066451481587156,6.518523998654839,-0.5219042194970939,0
95,2024-09-27 16:25:27.807836914,0,021,0.0496847631445149,0.057748186660080934,-0.25040855284335123,0.46217129693893394,-0.48313525077740266,0.0383519228300905,6.482018021721932,-0.549550223836452,0
96,2024-09-27 16:25:27.875021973,0,021,0.0630145228963309,0.05065668641181435,-0.20797300602777288,0.4940972952113754,-0.30424390213864927,0.020689835772995872,6.270630624161376,-0.5575532653817434,0
97,2024-09-27 16:25:27.943305908,0,021,0.07316007641867284,0.042391574529836586,-0.1478758565400309,0.5152298418104978,-0.10986386378867215,-0.002964327874305298,5.868831276173849,-0.53923580970527,0
98,2024-09-27 16:25:28.862495850,0,021,0.0797089305711232,0.033028105561393274,-0.06937421780860478,0.5230391851189082,0.09461792840000961,-0.031320285149754774,5.269380816630631,-0.48949190654034697,0
99,2024-09-27 16:25:28.930496094,0,021,0.08254300615846523,0.02260891670220289,0.027386455375361655,0.5153350789351003,0.3030283044335152,-0.06289856704856665,4.474472622775404,-0.40533153354225976,0
100,2024-09-27 16:25:28.990978027,0,021,0.08191701582463214,0.011147373300170096,0.14092705746301992,0.49063122789854485,0.5089210915048048,-0.0961999687453989,3.4965593826758554,-0.28634341880412795,0
101,2024-09-27 16:25:29.065885010,0,021,0.0784842907919962,-0.001361770614708122,0.2682364847310338,0.44846664854969537,0.7060839129633553,-0.12986406440415876,2.3587034243426954,-0.13504958803013561,0
102,2024-09-27 16:25:29.133052979,0,021,0.0732668128332368,-0.01492592625305335,0.4048080540924283,0.3896099141745796,0.8889978446215031,-0.1627884387126665,1.093965512427813,0.04296891893871315,0
103,2024-09-27 16:25:29.200865967,0,021,0.06758089553151052,-0.029531735050795035,0.5448117422238091,0.31610395350268367,1.0532186364595633,-0.19419103629626366,-0.2564885011205102,0.23933300649470782,0
104,2024-09-27 16:25:29.269035156,0,021,0.0629330349997222,-0.045121072329959044,0.6813271278855633,0.23113886767923533,1.1955918686453058,-0.2236066763828632,-1.6460810165140698,0.4435264846931652,0
105,2024-09-27 16:25:30.211875977,0,021,0.060900310612354736,-0.06157741171399811,0.8066709752424398,0.13877776385755514,1.3142271741545546,-0.2508253527602966,-3.025365331768667,0.6438150085904989,0
106,2024-09-27 16:25:30.280298828,0,021,0.06300168053471414,-0.07872519144726846,0.9129150236453614,0.04358711819817123,1.4082733446559725,-0.27579929483452414,-4.3438437382831,0.8282388717011112,0
107,2024-09-27 16:25:30.348033936,0,021,0.07056076520740542,-0.0963307004464316,0.9925518451081611,-0.049754767151932174,1.4776205003142413,-0.29855095541512955,-5.551157612263153,0.9855162752154533,0
108,2024-09-27 16:25:30.414956055,0,021,0.08457604017456813,-0.11409582350612742,1.039130705191288,-0.13679086710797997,1.5226302993026457,-0.31909914300408887,-6.5982305220152275,1.1057665568254338,0
109,2024-09-27 16:25:30.483479004,0,021,0.10562787917875185,-0.1316507766185945,1.047798079305815,-0.21353320511008886,1.543944880963306,-0.33740421038999274,-7.439166820417005,1.1810836166186574,0
110,2024-09-27 16:25:30.551239014,0,021,0.13383407198781982,-0.14855565491796885,1.0157934405818234,-0.27666955718186903,1.5424149500807955,-0.3533368274855142,-8.034364400203813,1.2060409449253597,0
111,2024-09-27 16:25:30.618941895,0,021,0.16883746375860387,-0.16431207384166752,0.9428257219732485,-0.32375856948713383,1.519138164147522,-0.36667746586403627,-8.354342023045406,1.178127565843642,0
112,2024-09-27 16:25:31.561070068,0,021,0.20981183231887754,-0.17838127806160683,0.8311455669800997,-0.3533627481121892,1.4754872318253924,-0.3771306361622571,-8.383043662121992,1.098016458395412,0
113,2024-09-27 16:25:31.630458984,0,021,0.25549938259439364,-0.19020780041185043,0.6852582873293936,-0.36505050468645805,1.4130201527745005,-0.38433087699819085,-8.119464182040156,0.9695476081919056,0
114,2024-09-27 16:25:31.696553955,0,021,0.3042978689636911,-0.19925065997421007,0.5114019759663464,-0.3592729148990055,1.3333517716331176,-0.3878540745055999,-7.57705938595738,0.7993385956520375,0
115,2024-09-27 16:25:31.764451904,0,021,0.35438465752935117,-0.20502196213926638,0.31694657677059007,-0.33719980493385104,1.2381610889756216,-0.38726518680407157,-6.781261101009606,0.5960309209946781,0
116,2024-09-27 16:25:31.822274902,0,021,0.4038446025859501,-0.20712704458016812,0.10981880146268304,-0.3006050996838416,1.1293979976286277,-0.3821988018168404,-5.766289063848337,0.3693581238817589,0
117,2024-09-27 16:25:31.901301025,0,021,0.4507860710125842,-0.20529763925568734,-0.10194356361414089,-0.25182825377216034,1.0096085070780272,-0.37243853663593385,-4.572729928595465,0.12934294974110275,0
118,2024-09-27 16:25:31.968760010,0,021,0.4934563416696611,-0.19941475473116443,-0.3103802126289429,-0.19377851957637698,0.8822343558927157,-0.3579708629789272,-3.2466028845019577,-0.11415871720174678,0
119,2024-09-27 16:25:32.913070068,0,021,0.5303676834524321,-0.18952564210320136,-0.5075073810632925,-0.12992694956328732,0.7517606268027317,-0.33901312212427215,-1.8393383706272461,-0.35158776320562213,0
120,2024-09-27 16:25:32.980837891,0,021,0.5604133580153493,-0.17585718802612757,-0.6850986632965533,-0.06422985935592966,0.6236308944732345,-0.3160205659342077,-0.4073005789232588,-0.5736964883681042,0
121,2024-09-27 16:25:33.048580811,0,021,0.5829240068488825,-0.15881762258073343,-0.8346315716690645,-0.0009435385259403504,0.5038780502404548,-0.28966190334127895,0.9902098182150385,-0.7716812380232195,0
122,2024-09-27 16:25:33.116267822,0,021,0.5976343100576501,-0.13897726767709404,-0.9476128573799706,0.05568655189704168,0.3985025769533048,-0.26075120400844615,2.2944261636245487,-0.9375145961533066,0
123,2024-09-27 16:25:33.183986816,0,021,0.6045854873893598,-0.11703249006798766,-1.016297129363625,0.10184377181621115,0.31276419671405475,-0.23015057046720255,3.45117974242741,-1.0643699947157705,0
124,2024-09-27 16:25:33.251723145,0,021,0.6040203658124567,-0.09376644547198033,-1.0345890524583834,0.134581057278162,0.2505845879543372,-0.19868180682072933,4.414827462672145,-1.147012666801959,0
125,2024-09-27 16:25:33.318645020,0,021,0.5963017721495001,-0.07001132554318171,-0.9988294385991061,0.15215610158469992,0.2141864633048627,-0.16707978405331286,5.151657517246451,-1.1821316894007396,0
126,2024-09-27 16:25:34.250982910,0,021,0.5818382890279593,-0.04660192486387829,-0.9082604582324122,0.1541610980062073,0.20400888931443936,-0.13598972737666412,5.642122054660732,-1.168571358167443,0
127,2024-09-27 16:25:34.328299072,0,021,0.5610010631852268,-0.02431208035489326,-0.7650998838321625,0.14141332858236152,0.21882894387374688,-0.10598082996489146,5.881073095998747,-1.1073045056675574,0
128,2024-09-27 16:25:34.398778809,0,021,0.5340599848982858,-0.0037841148064296456,-0.5742512271413663,0.1156507146499885,0.25592526994281395,-0.07754171964038213,5.8757601547011555,-1.001016364008291,0
129,2024-09-27 16:25:34.451311035,0,021,0.5011811118783557,0.014526488864227997,-0.342774030083332,0.07914998342118966,0.31115560292362926,-0.05104181355250392,5.642234183166709,-0.8534081059730556,0
130,2024-09-27 16:25:34.528155029,0,021,0.4624893064288982,0.030375477094213156,-0.07932060008840988,0.034400658143865934,0.37897592376190303,-0.0266773788829602,5.201528695728352,-0.668572573010106,0
131,2024-09-27 16:25:34.601771973,0,021,0.4181670342425917,0.04372163570280386,0.20627486004411763,-0.01609320582830731,0.4525511213698421,-0.004442683927686205,4.577146552568208,-0.4507836818479146,0
132,2024-09-27 16:25:34.666996094,0,021,0.3685546359706696,0.05469525433064885,0.5032478214633583,-0.06990308642410371,0.5240964169670786,0.015850313592424684,3.7944861332540527,-0.20476108481803756,0
133,2024-09-27 16:25:35.584456055,0,021,0.3142219494609322,0.06355689498382855,0.800152945237351,-0.12472543446403828,0.5854729375199307,0.03451418774735678,2.881616046479335,0.06381324363280187,0
134,2024-09-27 16:25:35.655648926,0,021,0.25599492171434063,0.07065495154657073,1.0852056364724607,-0.17842442028985392,0.6289185889837273,0.05191915266287024,1.870435444836903,0.34780534659812284,0
135,2024-09-27 16:25:35.723251952,0,021,0.19493632347869447,0.0763826203576222,1.3466791256927815,-0.22905366340005917,0.647732466781664,0.06843961883794444,0.797486662213657,0.6383485044057133,0
136,2024-09-27 16:25:35.791074951,0,021,0.13228250532991756,0.08113703497236746,1.573355754702626,-0.27486464498603663,0.636789555797548,0.08441698485494001,-0.2961163584052977,0.9248787778037214,0
137,2024-09-27 16:25:35.858800049,0,021,0.06934472042487803,0.08528904474572509,1.7551301666370787,-0.3143553126716279,0.5928593304633024,0.10013638508969441,-1.3658750073614483,1.19552644169609,0
138,2024-09-27 16:25:35.926529785,0,021,0.007403527376703892,0.08916623857479919,1.883794159731505,-0.3463775256305927,0.514784211596796,0.11581939124577502,-2.366021515778172,1.4378115545086283,0
139,2024-09-27 16:25:35.987269043,0,021,-0.05236664858886898,0.09304042270518717,1.9538136042479208,-0.370236024738136,0.40360142201478544,0.1316211269246688,-3.2522068272751805,1.6395667414215527,0
140,2024-09-27 16:25:36.931180908,0,021,-0.10892228970275114,0.09710974925135842,1.9628361071755411,-0.3857036088294768,0.26260047923587404,0.14761262557021104,-3.984461679381095,1.7900135592301145,0
141,2024-09-27 16:25:36.993153076,0,021,-0.16133422071159767,0.10147619128083764,1.911847950408971,-0.3929638932705488,0.09722395047282831,0.16375020316126404,-4.530024325869181,1.8808215959843186,0
142,2024-09-27 16:25:37.070370117,0,021,-0.20876269248694698,0.10613140278174284,1.8050401333627926,-0.3925568117258479,-0.0852278835651804,0.17985145322538743,-4.865506501733007,1.9069099198768635,0
143,2024-09-27 16:25:37.132011963,0,021,-0.2504580268934335,0.110966303108266,1.649396539497445,-0.38536540347426435,-0.2760684975575222,0.19559288771250194,-4.978326331938578,1.8668958202323667,0
144,2024-09-27 16:25:37.194561035,0,021,-0.28579927771768254,0.11580669102735501,1.4540010717011718,-0.37261083664135647,-0.46585027988855826,0.2105287644995456,-4.867992114740971,1.7632890588693173,0
145,2024-09-27 16:25:37.274981934,0,021,-0.314357417879873,0.12046148869282032,1.2291824225245416,-0.35581721089378127,-0.645068679316349,0.22411703404276453,-4.547546971694349,1.6025107972792896,0
146,2024-09-27 16:25:37.334295898,0,021,-0.33595544063768384,0.12476652847130083,0.9856715226988384,-0.3367434638644257,-0.8048145750765205,0.23574240382942477,-4.044390015917957,1.3946712942964312,0
147,2024-09-27 16:25:38.286457031,0,021,-0.3506955686283884,0.12861186637252794,0.7338681824331756,-0.3172867687161315,-0.9372941366839812,0.2447451615889112,-3.399218535723442,1.1530238457926232,0
148,2024-09-27 16:25:38.350291016,0,021,-0.35893037059395133,0.1319460249503447,0.4832670958776921,-0.2993572429277906,-1.036230090518032,0.2504696091155507,-2.662572916942396,0.8930996827425075,0
149,2024-09-27 16:25:38.421932861,0,021,-0.36117553014863474,0.1347556184055627,0.24207389430560042,-0.2847236224461953,-1.0971965210769101,0.2523317989848473,-1.8895047804420606,0.631540699019782,0
150,2024-09-27 16:25:38.489645996,0,021,-0.35799786389184557,0.137026800235235,0.016952221941632144,-0.2748230273703808,-1.1179134648340878,0.24989168057885386,-1.1334949664335887,0.3846790739264304,0
151,2024-09-27 16:25:38.551864014,0,021,-0.3499414779209867,0.13870548793244492,-0.1871606022634961,-0.2705493340799934,-1.0984544871680495,0.24290616641495352,-0.4409102367726144,0.16708707569054718,0
152,2024-09-27 16:25:38.612389893,0,021,-0.33753655752457074,0.13967585131410204,-0.36705838027842785,-0.27208141264258395,-1.0412567152366334,0.2313433067585753,0.153023879360425,-0.009603353409613703,0
153,2024-09-27 16:25:38.690054932,0,021,-0.3213658247588779,0.13976480707542074,-0.5209372340197513,-0.27881813030677627,-0.9508740300669275,0.2153640870027458,0.6264183519767222,-0.13748590174598363,0
154,2024-09-27 16:25:39.596850098,0,021,-0.30211199120402177,0.13876507186778342,-0.6478275220553457,-0.28944339470504415,-0.833543129801917,0.19530117202638678,0.9712201539893044,-0.2127946218942286,0
155,2024-09-27 16:25:39.674403809,0,021,-0.2805290285136604,0.13646263729205474,-0.7470870890411693,-0.3020960678034029,-0.6966745466943923,0.17164999631172073,1.1922063591475183,-0.2359465057670604,0
156,2024-09-27 16:25:39.746587891,0,021,-0.2573412973528133,0.1326589464709407,-0.8181763741407495,-0.31459257450809974,-0.5483249866286637,0.1450599249326388,1.3047442258830069,-0.2112212012968087,0
157,2024-09-27 16:25:39.814071045,0,021,-0.2331209838344469,0.12718897319400743,-0.8607212587909215,-0.3246578581302912,-0.3966721440694774,0.1163114587944139,1.3317967563984574,-0.14618227503456319,0
158,2024-09-27 16:25:39.876072021,0,021,-0.20819900173890973,0.11994069546319755,-0.8747267609798669,-0.3301500059031343,-0.24951629094171932,0.08628073746556228,1.3007411433297402,-0.05094448645171174,0
159,2024-09-27 16:25:39.938658936,0,021,-0.18263779390760002,0.11087325188220747,-0.8608062970897108,-0.32928072070164754,-0.1138379451477,0.05589733764174093,1.2405332866355843,0.06266774746262856,0
160,2024-09-27 16:25:40.017379150,0,021,-0.156269174150517,0.1000254573968287,-0.8203835394534025,-0.3208254098217971,0.00454036590691361,0.02609963338572372,1.1795278381941376,0.18203089304792033,0
161,2024-09-27 16:25:40.961273926,0,021,-0.12878731787260883,0.08751322425958916,-0.7558649658174087,-0.30429750558211816,0.10115341477267781,-0.002205907127788776,1.14371299892614,0.2946949727893323,0
162,2024-09-27 16:25:41.028490967,0,021,-0.099868923946324,0.07352110929037846,-0.6707000455488191,-0.2800598833194844,0.17298735795259337,-0.028172546777684597,1.154745091870771,0.3894647074749253,0
163,2024-09-27 16:25:41.083298828,0,021,-0.06927662097451898,0.05829133043678802,-0.5691785785108987,-0.24936444731780097,0.21849570400162577,-0.05101425141021477,1.2276355242583243,0.45754892670516123,0
164,2024-09-27 16:25:41.160527100,0,021,-0.036916233708647404,0.04211139734874698,-0.4559624277478117,-0.21430654117636047,0.23750400424338486,-0.06997613481703135,1.36875130999204,0.49355899466393804,0
165,2024-09-27 16:25:41.222596924,0,021,-0.0028570963839833086,0.025302715074818946,-0.33559087577804525,-0.17765728934918568,0.23104627886068743,-0.08431108358791577,1.5749230013676967,0.4960554811973794,0
166,2024-09-27 16:25:41.299814941,0,021,0.032651209094537094,0.008212315007165256,-0.21216239890325345,-0.1425612422810291,0.20126014819459465,-0.09331405317127241,1.8340634387636994,0.4673886662221423,0
167,2024-09-27 16:25:41.367372070,0,021,0.06914629033706542,-0.008791367093792744,-0.08913789066767507,-0.11215240324227697,0.15132513916703486,-0.09641488700960867,2.127360055796404,0.41275700422110906,0
168,2024-09-27 16:25:42.311385010,0,021,0.10592474785069775,-0.0253186683684805,0.03083473177389265,-0.08918185816336131,0.08527534210215085,-0.09328068361563863,2.4325857007853178,0.3387450605927383,0
169,2024-09-27 16:25:42.379098877,0,021,0.142061640747994,-0.0409589193504681,0.14600086713949828,-0.0757461579419586,0.007625648420034046,-0.08389060928593527,2.7274821974627312,0.25185968391058716,0
170,2024-09-27 16:25:42.446813965,0,021,0.17649577326143795,-0.05528768330632195,0.2553686850217773,-0.07315144622117715,-0.07706377607519439,-0.06858213201140582,2.992310799943684,0.15748049626898625,0
171,2024-09-27 16:25:42.514458008,0,021,0.20814912549046422,-0.06788189410775007,0.3584236555918378,-0.08187515266685672,-0.16453429078330334,-0.048074550598107293,3.2114127482062518,0.05933595917669277,0
172,2024-09-27 16:25:42.580962891,0,021,0.23603340220143065,-0.07833690391828067,0.4548900794440457,-0.10157007598804188,-0.2510135173523949,-0.02346113904397136,3.3740544398371943,-0.04055749606506161,0
173,2024-09-27 16:25:42.649871094,0,021,0.2593323148778952,-0.0862831076264571,0.5446217701888875,-0.1310770710237351,-0.33325296838248786,0.0038438779754896035,3.4749267293587542,-0.14161131634251461,0
174,2024-09-27 16:25:42.717551025,0,021,0.2774744776336642,-0.09140531228093872,0.6274715822550732,-0.16843143597179422,-0.4084913772676191,0.032206302071239236,3.5148331112660025,-0.24426064962917823,0
175,2024-09-27 16:25:43.661451172,0,021,0.29018736128459377,-0.09346442641318944,0.7030407896021693,-0.21089936656594271,-0.4743837668082157,0.0599045891212059,3.5017817790817567,-0.3496826854756301,0
176,2024-09-27 16:25:43.726222900,0,021,0.29750625681177056,-0.09231818902661426,0.7704590097425389,-0.2551341071783618,-0.5288699842593519,0.08526051529635874,3.4516676613600334,-0.4596345488621371,0
177,2024-09-27 16:25:43.788370117,0,021,0.2997438129575466,-0.08794179406831719,0.828347191592493,-0.297501381572357,-0.56998688249205,0.10673851248101054,3.3872884630429723,-0.576173413081364,0
178,2024-09-27 16:25:43.863845947,0,021,0.2974472090487266,-0.0804473923907456,0.8749016198143831,-0.334506215552687,-0.595717855318108,0.12301681386246684,3.335404729261903,-0.7011190974753098,0
179,2024-09-27 16:25:43.932383057,0,021,0.29135577144149055,-0.07009448828509453,0.9079741030669661,-0.3631813857317727,-0.6039732410192082,0.13305934179232462,3.3227893988881556,-0.8353861928796901,0
180,2024-09-27 16:25:43.999729004,0,021,0.28235975070932917,-0.05728652275660168,0.9251093437646203,-0.38133493985602135,-0.5927147249048789,0.13620412271055138,3.372412614875883,-0.978417371494756,0
181,2024-09-27 16:25:44.067729004,0,021,0.27145569773528255,-0.042556624315888504,0.9235608300603436,-0.38765002098233137,-0.5601899228761342,0.13224963343424007,3.5004262859756117,-1.12786746824966,0
182,2024-09-27 16:25:45.011508057,0,021,0.25968835272657154,-0.02654327419964697,0.9003876233202014,-0.3817088740335674,-0.5052301764288709,0.12150377867769646,3.714331246147538,-1.2795815858365538,0
183,2024-09-27 16:25:45.066625977,0,021,0.24807541894882765,-0.009950714925295027,0.8527902930247606,-0.36401631959378417,-0.4275569123506656,0.1047751593784473,4.012507489789429,-1.4278387321795403,0
184,2024-09-27 16:25:45.143915039,0,021,0.237525035718193,0.006508127859727016,0.7786894928326724,-0.3360165576669918,-0.32804782596416543,0.08330882040121024,4.384851898693966,-1.5657732728049525,0
185,2024-09-27 16:25:45.205969971,0,021,0.2287598197639825,0.022178724035907465,0.6773020415895246,-0.30001815669552684,-0.2088948040751222,0.05867319183654748,4.814003172712728,-1.6858679623316841,0
186,2024-09-27 16:25:45.281647949,0,021,0.22225214087603323,0.03652777169362383,0.5494521761787787,-0.258961445823234,-0.07355403421029218,0.03260360861292551,5.276843048397733,-1.7804758567285377,0
187,2024-09-27 16:25:45.345784912,0,021,0.2181712589909586,0.04918717228884523,0.39760547109907973,-0.2160653350248926,0.07356043160450536,0.006820224706029416,5.746300238109145,-1.8424112013740772,0
188,2024-09-27 16:25:45.408272949,0,021,0.2163609481162842,0.059969923175132285,0.22582649754222894,-0.17446841247789172,0.2275517199177317,-0.017143262520375405,6.193611146242555,-1.8656481153822255,0
189,2024-09-27 16:25:46.337111084,0,021,0.21637866247815843,0.06885830924078641,0.03979953619527177,-0.1369522452012537,0.3834922618624307,-0.03806093199642478,6.59093377261334,-1.8460628008501132,0
190,2024-09-27 16:25:46.404849121,0,021,0.21760041279834655,0.07597215882977389,-0.1531640349395607,-0.10575373325886618,0.536681075891451,-0.055068344278029015,6.913685138240168,-1.7820322060707365,0
191,2024-09-27 16:25:46.472542969,0,021,0.21934899056048376,0.08152763432234225,-0.3442994619152537,-0.0824360806233458,0.6826406055732572,-0.06765354914628453,7.142026004183075,-1.6747240887200745,0
192,2024-09-27 16:25:46.533293945,0,021,0.22098730082166443,0.08579750015610271,-0.5238206703519644,-0.06780812330442434,0.8169198648833176,-0.0755990375511029,7.2617167681286805,-1.528094774162942,0
193,2024-09-27 16:25:46.608006836,0,021,0.22195594760825305,0.0890783546277859,-0.6815751670261484,-0.061916374834309666,0.9349009931394994,-0.07890070903658906,7.2648867110099795,-1.3486927096946941,0
194,2024-09-27 16:25:46.673125977,0,021,0.2217888187731569,0.09166130339798345,-0.8078587644310686,-0.06414126691772379,1.0318349936391433,-0.07769937882122786,7.150743791303152,-1.1452696300174228,0
195,2024-09-27 16:25:46.743438965,0,021,0.22015383951376388,0.0938011343836729,-0.8943042987379525,-0.07338620692703278,1.1031921409350058,-0.07224412930584627,6.925919891231629,-0.9281870210693083,0
196,2024-09-27 16:25:47.687025146,0,021,0.21692296076891582,0.09568450844105504,-0.9346793217632087,-0.08828525342974945,1.145230882655592,-0.06288565076998337,6.604263847593815,-0.708730663983347,0
197,2024-09-27 16:25:47.754760010,0,021,0.21222194917269233,0.09740206673225638,-0.9254309033183367,-0.10734378568191166,1.155605823291632,-0.05009261759407429,6.205912218055204,-0.49845414730122223,0
198,2024-09-27 16:25:47.811089111,0,021,0.20641090262388748,0.09893165709914736,-0.865962707827105,-0.12898976128002235,1.1338321461814926,-0.03447768897304088,5.755534083547679,-0.3085227029492293,0
199,2024-09-27 16:25:47.887916992,0,021,0.20000340933939165,0.10013885294266942,-0.7587419172827699,-0.1515795718897474,1.0814611742180114,-0.016809419042067564,5.28014019117985,-0.1489793922141691,0
200,2024-09-27 16:25:47.949976807,0,021,0.19357891824465423,0.10079415008699556,-0.6092985861792154,-0.17340817532565378,1.0019127871121456,0.002009564045257799,4.807102817675053,-0.02797355066864839,0
201,2024-09-27 16:25:48.025437988,0,021,0.1877302586946972,0.10060035139085814,-0.4260662694031622,-0.19275508054097854,0.9000153955396253,0.021002884183124446,4.362457307653676,0.04894137789918757,0
202,2024-09-27 16:25:48.089207031,0,021,0.1830362606870047,0.09922664854697107,-0.21989678130396917,-0.2080088031602196,0.7813675106045467,0.03920906581900972,3.969035286107191,0.07937560290945024,0
203,2024-09-27 16:25:49.029268066,0,021,0.1800174593171245,0.09635161779516263,-0.003102967276028455,-0.21790992825084513,0.651681386160527,0.055773061782084,3.644376456165307,0.0644483321720978,0
204,2024-09-27 16:25:49.091273926,0,021,0.1790556912896186,0.09171525540000754,0.21180199219596055,-0.22186688381150288,0.5162981273967923,0.07000836145886748,3.3990301652843775,0.008749660515530156,0
205,2024-09-27 16:25:49.168466064,0,021,0.180303967368564,0.08517285063751555,0.4131817231519254,-0.2201837547173785,0.37998846742111164,0.08141318968603563,3.2357811135676817,-0.08014841508786043,0
206,2024-09-27 16:25:49.230503174,0,021,0.18362648346568214,0.0767381748605451,0.5908531170849095,-0.2140373707608091,0.24697522078781722,0.08965571928723257,3.1496601122627896,-0.19247953613948005,0
207,2024-09-27 16:25:49.307749023,0,021,0.1885880733589313,0.06660210288120426,0.7362989031799861,-0.2051822717315676,0.12100735388342067,0.09455870704569683,3.1283598627334412,-0.3171596871629398,0
208,2024-09-27 16:25:49.370336914,0,021,0.19449467874143822,0.05511946687173158,0.8428360819376695,-0.19552988054599285,0.005399846337639164,0.09609396872615164,3.153099496975351,-0.4426807976452983,0
209,2024-09-27 16:25:49.433125977,0,021,0.2004786968702817,0.042772034537404593,0.9059387865709878,-0.18680377866749653,-0.09692078425765455,0.09436916041547846,3.2002354808175406,-0.5580241215731874,0
210,2024-09-27 16:25:50.350126953,0,021,0.205608875302853,0.030124517190657042,0.9236984266256563,-0.1803733390629657,-0.18333728182427322,0.08959292981378367,3.2437909850665534,-0.6535381325691223,0
211,2024-09-27 16:25:50.430468018,0,021,0.20899369918947827,0.017783490698341488,0.8972240932678148,-0.1772228724433378,-0.2514854766085893,0.08203084866182865,3.258808119126608,-0.7216723525090497,0
212,2024-09-27 16:25:50.498173096,0,021,0.20985980603084395,0.006358468025296436,0.830776328804031,-0.17796060159376764,-0.2993096397441374,0.07197483144598688,3.2247344376645564,-0.7574282608022882,0
213,2024-09-27 16:25:50.565902832,0,021,0.20761109947297346,-0.003578032502518122,0.7315464189709132,-0.18281423788283202,-0.3252642576459753,0.05973183613426358,3.127572218898746,-0.7584103410621513,0
214,2024-09-27 16:25:50.633625000,0,021,0.20188418460370036,-0.01153420587477844,0.6090908755693135,-0.1916206862547624,-0.3285643986636311,0.04561721528689645,2.960376646724135,-0.7245514559796509,0
215,2024-09-27 16:25:50.700937012,0,021,0.19260742823860613,-0.017148800837077125,0.47449672341402915,-0.203838874131626,-0.30930147013350234,0.029938201586486933,2.7228454798519106,-0.6577611467356307,0
216,2024-09-27 16:25:50.768976807,0,021,0.18005538917154984,-0.020242792607863613,0.3394060691744513,-0.21858930567091336,-0.2683426756452098,0.012972191104940195,2.4206832279510344,-0.5616469679154241,0
217,2024-09-27 16:25:51.703499023,0,021,0.16487437392471793,-0.02085822538463952,0.21500842531896058,-0.23470139493313902,-0.20710547997197792,-0.005040506625648563,2.064878046808941,-0.441278958041142,0
218,2024-09-27 16:25:51.765530029,0,021,0.14805119100592892,-0.01926749438557246,0.11106475289014743,-0.25076646311434214,-0.12735882379425373,-0.023877441607104553,1.6708766761417397,-0.3029300316683487,0
219,2024-09-27 16:25:51.848159912,0,021,0.1308214721857608,-0.015948241124567566,0.0350829898357964,-0.26521910184419917,-0.031153824421355458,-0.0432972577491243,1.2575762349415096,-0.15375576280183526,0
220,2024-09-27 16:25:51.915887207,0,021,0.1145487569136505,-0.011533987203575255,-0.008168245639156869,-0.2764676644754097,0.07912241883117786,-0.06300748762010712,0.8461462375093459,-0.0014297063926236749,0
221,2024-09-27 16:25:51.982416016,0,021,0.100614160377402,-0.00675443801344971,-0.016683084983411735,-0.2830801188472066,0.20068884894395392,-0.08265897939951745,0.459016910003797,0.14619653073836494,0
222,2024-09-27 16:25:52.049560059,0,021,0.09033576816838511,-0.0023739531455529263,0.009199115433582471,-0.2840031102740514,0.3304178564567709,-0.1018731332849776,0.1192075974571761,0.2813850599597186,0
223,2024-09-27 16:25:52.107429932,0,021,0.08491198107771405,0.0008675019297773192,0.06743969552937354,-0.2787292785827103,0.46496013761247085,-0.12027715991362613,-0.15052116827477482,0.3968417096708718,0
224,2024-09-27 16:25:53.062899170,0,021,0.08536987243590649,0.002306907379442709,0.15483377276565083,-0.2673045868952625,0.6008282950829247,-0.13750884815179873,-0.3293586035508929,0.48618936282075276,0
225,2024-09-27 16:25:53.130647949,0,021,0.09250073165963206,0.001400620564176433,0.2672598276248891,-0.25017399053465134,0.7343919152385134,-0.15318331062099777,-0.4008730518646852,0.5445631752994669,0
226,2024-09-27 16:25:53.197371094,0,021,0.10677780581420208,-0.0022435073403038693,0.39982408157286287,-0.228003077401511,0.8618750322116074,-0.16685955316634585,-0.3553254896899218,0.5691468867977575,0
227,2024-09-27 16:25:53.266058105,0,021,0.12827003716186586,-0.008841031674304856,0.5471428335050591,-0.2016161478937374,0.9794642665399618,-0.17805250635834216,-0.19105835646567548,0.5594472815670424,0
228,2024-09-27 16:25:53.333798828,0,021,0.15658350789307562,-0.018412578587375848,0.7037421234201411,-0.17206715357442048,1.083484226218022,-0.18629391290861658,0.08517901631529794,0.5172430963884359,0
229,2024-09-27 16:25:53.401510009,0,021,0.19086886409087256,-0.030779878343802657,0.8643677462354243,-0.1407414836463502,1.1704908942968435,-0.19119834253444096,0.4584068498171954,0.44630162139456947,0
230,2024-09-27 16:25:53.469075928,0,021,0.2299148109999511,-0.045585808218187834,1.0240716660761202,-0.10936805857436942,1.2372984810315393,-0.19250079385708227,0.9056187919912478,0.35200716671198123,0
231,2024-09-27 16:25:54.412002930,0,021,0.2723059955193336,-0.06233867923627492,1.1781194947827371,-0.07991106574511168,1.281164557720443,-0.19008145844353588,1.396556473922498,0.24097956852407412,0
232,2024-09-27 16:25:54.479690186,0,021,0.31658744717568055,-0.08046703951898072,1.3218486719465417,-0.05439860703051517,1.3002199503059142,-0.18400026615227777,1.8960152032359565,0.12067562797140804,0
233,2024-09-27 16:25:54.547429199,0,021,0.36138361727156365,-0.09936770200981332,1.4505264109441496,-0.034721577655297986,1.2939377113589106,-0.174531646734458,2.36747013875097,-0.0010366199400762427,0
234,2024-09-27 16:25:54.615112061,0,021,0.40546661644886933,-0.11844155932694324,1.5591831041300774,-0.022379988815561632,1.2634296107015797,-0.16218263993312232,2.7766552080111886,-0.11630454110668752,0
235,2024-09-27 16:25:54.682774902,0,021,0.4478034747843898,-0.13712279051336212,1.64249509875652,-0.018189228893580156,1.2115263612523728,-0.1476898934499637,3.094119335060466,-0.21770272089346268,0
236,2024-09-27 16:25:54.750291992,0,021,0.48759293661582703,-0.15490308005151426,1.6949106008637829,-0.02203658206759096,1.1426333106886204,-0.13199015739215061,3.296865238771958,-0.29863952219316464,0
237,2024-09-27 16:25:54.807370117,0,021,0.524265205099619,-0.1713454513082636,1.7111567542121109,-0.0327976702454787,1.062344246678932,-0.11615681229174876,3.3695610069211974,-0.35374651872284046,0
238,2024-09-27 16:25:55.762062988,0,021,0.5574326726360451,-0.18608911947322182,1.6870647536209773,-0.04846783663568886,0.9768813134592869,-0.10130457748914305,3.305509516682986,-0.37921900555159815,0
239,2024-09-27 16:25:55.829625000,0,021,0.5868312430358007,-0.19885757580133415,1.6204632034117772,-0.06646982320707635,0.8924950889788428,-0.08847563777906123,3.1072864587844715,-0.3731136696071731,0
240,2024-09-27 16:25:55.897531982,0,021,0.6123027548763265,-0.20947847914870918,1.511855428269385,-0.0840245189056443,0.8149341851095506,-0.07852983148725623,2.7868698888867627,-0.3356132612562386,0
241,2024-09-27 16:25:55.965238037,0,021,0.6338225901562418,-0.21791034207575397,1.3647091252331958,-0.09847065978244725,0.749042859678579,-0.0720684376652635,2.3649882341225714,-0.2691835718528717,0
242,2024-09-27 16:25:56.030199951,0,021,0.6515294404840811,-0.22426179138502955,1.185297645588176,-0.1074820010845715,0.6984929669978043,-0.0694097737067331,1.8695279140947298,-0.1785057847867612,0
243,2024-09-27 16:25:56.097239990,0,021,0.6657139758200942,-0.2287895288184106,0.9820554673667993,-0.1091798605936904,0.6656227551528615,-0.07060480886918181,1.3332596284960732,-0.07014161358497971,0
244,2024-09-27 16:25:56.159727051,0,021,0.6767636148031507,-0.231871221407598,0.7644931587344992,-0.10215000200162307,0.6513669017352167,-0.07546437215828278,0.7913530635850414,0.04801602040976075,0
245,2024-09-27 16:25:57.081593994,0,021,0.6850941147388221,-0.23396145540549654,0.5419507538217622,-0.08539906923023756,0.6552807276059918,-0.08358381376569024,0.2788610754259976,0.16744364622321511,0
246,2024-09-27 16:25:57.153885986,0,021,0.69109489625056,-0.23554145342546146,0.3225865503031966,-0.05831472020994724,0.6756486243971854,-0.09437225322298685,-0.17193286632619748,0.2797963644114698,0
247,2024-09-27 16:25:57.221824951,0,021,0.6950981029003785,-0.23707050386047568,0.11283603259923955,-0.020676179484492185,0.7096192512668774,-0.10709110711417799,-0.5341589700043254,0.3777059974664878,0
248,2024-09-27 16:25:57.284310059,0,021,0.6973756306752927,-0.23894627440072055,-0.08265318395114804,0.027278319193636828,0.7532909501875356,-0.12088846990169412,-0.7884325335699489,0.4553828851836017,0
249,2024-09-27 16:25:57.357826904,0,021,0.6981604698636114,-0.241477884750379,-0.2607791575981209,0.08476352949304204,0.8017918400677256,-0.13482189795206123,-0.9238975927122843,0.5089781741656624,0
250,2024-09-27 16:25:57.425474121,0,021,0.6976746190488932,-0.2448694353402445,-0.41968104755759555,0.15040421686156732,0.8495431027342699,-0.14789130047553842,-0.9383280174083998,0.5368584107026048,0
251,2024-09-27 16:25:57.484590088,0,021,0.6961454422347508,-0.24921087349517135,-0.5584891871258297,0.22227546568571172,0.8907941561796314,-0.15910784885471144,-0.8376671032467006,0.5398573574489125,0
252,2024-09-27 16:25:58.437169922,0,021,0.6938089474914596,-0.2544786929136728,-0.6771363890584303,0.29801665008033906,0.92025746423872,-0.16759529268173373,-0.6351315587515232,0.5212862865674895,0
253,2024-09-27 16:25:58.504441895,0,021,0.6909082436545597,-0.2605506904313251,-0.7762933657425612,0.37499830695340103,0.9335801857009746,-0.17269330645969394,-0.3497118746116497,0.48645785010336107,0
254,2024-09-27 16:25:58.572618896,0,021,0.6876830946270243,-0.26723049823159406,-0.8573841008014542,0.45050528106255405,0.9275414226896883,-0.17402746340046027,-0.004161767406959239,0.44179868469645484,0
255,2024-09-27 16:25:58.639815186,0,021,0.684335440309396,-0.2742699436217643,-0.9224352397517548,0.5218708344380669,0.9000589614736075,-0.1715277566518222,0.37697174149073137,0.39389223223541314,0
256,2024-09-27 16:25:58.707726074,0,021,0.6809705889480787,-0.281381198045173,-0.9736710350022291,0.5865309352570832,0.8501568045892621,-0.1654076673809471,0.7687343879500457,0.34877220249940993,0
257,2024-09-27 16:25:58.774864990,0,021,0.6775344718077939,-0.28823893097947717,-1.0130712446132462,0.6420515664584739,0.7779602352362882,-0.15612622633813653,1.1464389185673813,0.31159626806873375,0
258,2024-09-27 16:25:58.843039062,0,021,0.6737696715731257,-0.29447761345622886,-1.0421255522252655,0.6862107101941258,0.6846439559952989,-0.14433548064094176,1.4859046033197103,0.28661927815288213,0
259,2024-09-27 16:25:59.787237793,0,021,0.6692032907825287,-0.29969175694145234,-1.061844045976624,0.7171566244411035,0.5722281939381544,-0.13080432190461883,1.7637176796273355,0.27726683022780046,0
260,2024-09-27 16:25:59.854983887,0,021,0.6631680033882508,-0.3034456051958148,-1.072908017795971,0.7335831654125121,0.44326922386347045,-0.11632884826895291,1.9579552898060961,0.2861499861680701,0
261,2024-09-27 16:25:59.922686035,0,021,0.654850254470427,-0.30529370556923874,-1.0757338769134452,0.734842349012935,0.3006323948155038,-0.10166031505519527,2.049662661441155,0.3149888396204529,0
262,2024-09-27 16:25:59.990422119,0,021,0.643361166786136,-0.3048109032501448,-1.0702978138780852,0.720957776579827,0.14746271882776357,-0.08747518812596934,2.024919430606956,0.3645104017387244,0
263,2024-09-27 16:26:00.058132812,0,021,0.6278293718100755,-0.30163031484439407,-1.0558113201636898,0.6925500686613328,-0.012699705222131256,-0.07438340024153801,1.876791478681072,0.4343855945365085,0
264,2024-09-27 16:26:00.125781982,0,021,0.6075135112271571,-0.2954856067850081,-1.0305200908567742,0.6507023845559318,-0.1757609864640033,-0.06294878141760137,1.606640153789839,0.5231414527880126,0
265,2024-09-27 16:26:00.193487793,0,021,0.5819220840989398,-0.2862493969014586,-0.9918426557190483,0.5968013656161407,-0.33694066916667353,-0.05369733487084722,1.2250137979617906,0.6278974561832381,0
266,2024-09-27 16:26:01.127385986,0,021,0.5509092891960489,-0.27395801168891015,-0.9368133658984094,0.5324034250011147,-0.490755532773058,-0.0471033325019373,0.7522649901906209,0.7439931678818097,0
267,2024-09-27 16:26:01.205024902,0,021,0.5147107676139476,-0.25881576733762046,-0.8625798201279181,0.45916212784414673,-0.6312486606139477,-0.04355312632522414,0.21803484996561567,0.8649019612191537,0
268,2024-09-27 16:26:01.272739014,0,021,0.47391566458266854,-0.2411768478697778,-0.766760494832382,0.3788023272694608,-0.7525130677132872,-0.043292025515484424,-0.34125127302883174,0.9827465403449915,0
269,2024-09-27 16:26:01.340449951,0,021,0.4294088459231154,-0.22150899060517873,-0.647726907613283,0.2931066466222411,-0.8493807699467698,-0.04636704017164556,-0.8862252407332456,1.0892787402487067,0
270,2024-09-27 16:26:01.406099121,0,021,0.3823121501852411,-0.20034919912777996,-0.5049671326962878,0.20390017374768374,-0.918051064660397,-0.05258632057726882,-1.3781791245837072,1.1769229146703875,0
271,2024-09-27 16:26:01.475862061,0,021,0.3339201553057354,-0.17826176856351458,-0.3395013153053322,0.11302607734498868,-0.9564926593216203,-0.06151596321488419,-1.781591796817031,1.2396091887239504,0
272,2024-09-27 16:26:01.531926025,0,021,0.28561018339786776,-0.15580215917852241,-0.15417822689919958,0.022299935032891068,-0.9645598841498199,-0.07252248402819414,-2.0657041482782743,1.273299530003769,0
273,2024-09-27 16:26:02.462418945,0,021,0.23872148684913935,-0.13348628634647805,0.04625660038397749,-0.06656049835373595,-0.9438243948404436,-0.0848553340096414,-2.2055111933877267,1.2761619734156555,0
274,2024-09-27 16:26:02.518331055,0,021,0.19442390880467025,-0.11176874409809047,0.25535379775727146,-0.15201980853689212,-0.8971790494301259,-0.09775247868586241,-2.1827410992946508,1.2484624732012555,0
275,2024-09-27 16:26:02.596437988,0,021,0.1536092431481961,-0.0910368564463227,0.46545545750393175,-0.23280274587323646,-0.828343923093441,-0.11053573127353027,-1.987460784469461,1.1923783068413556,0
276,2024-09-27 16:26:02.665603027,0,021,0.1168290574279762,-0.07162127413748205,0.6685168263445772,-0.30793664183230934,-0.7414290477748406,-0.12265781920888578,-1.6200714327436976,1.111823224373718,0
277,2024-09-27 16:26:02.733357910,0,021,0.08427696821809723,-0.05381167501994286,0.8571408792218204,-0.3767388092820438,-0.6406519227649407,-0.13368840830039122,-1.09249173381402,1.0121401438801363,0
278,2024-09-27 16:26:02.798038086,0,021,0.05580040617117604,-0.03786201635803334,1.02553386083784,-0.43876102952623874,-0.5302294520097179,-0.1432597446615133,-0.42779547457916234,0.8995468313954653,0
279,2024-09-27 16:26:02.868708008,0,021,0.03094330056626137,-0.0239819927645593,1.1700664832193266,-0.4937303767339471,-0.41440998769518117,-0.151006615226399,0.34118184781315614,0.7804912982021569,0
280,2024-09-27 16:26:03.812433838,0,021,0.009033208942010484,-0.01232733627062574,1.2893541751209594,-0.5415216269455209,-0.2975696264691869,-0.15653032775624762,1.173537124176676,0.6611978645705984,0
281,2024-09-27 16:26:03.880264160,0,021,-0.010697190305718779,-0.0030004215401040714,1.3840415276700762,-0.582171267442563,-0.18426315120367484,-0.15940660617120297,2.0222854859190784,0.5475003151187022,0
282,2024-09-27 16:26:03.947974854,0,021,-0.0290010616951368,0.0039450990415943275,1.4564655287483872,-0.6159152775105068,-0.07912151883177311,-0.15924491112512,2.8370174127661816,0.4447969447657112,0
283,2024-09-27 16:26:04.012483887,0,021,-0.04657637531408988,0.008512286569881334,1.5101539705632188,-0.6432095494899427,0.013452916425479812,-0.15578408821875883,3.567465916380875,0.3578971278479074,0
284,2024-09-27 16:26:04.082499023,0,021,-0.06410814261841545,0.010786303280612704,1.54907571692028,-0.6646891324596047,0.08972132145563758,-0.14898639760025692,4.167679947945529,0.2907135459625256,0
285,2024-09-27 16:26:04.144891113,0,021,-0.08233826382475465,0.010961226888650491,1.576766201241496,-0.6810568484160197,0.14699070939655268,-0.13908711915354502,4.5997520962802145,0.2459926615928665,0
286,2024-09-27 16:26:04.205979980,0,021,-0.1020773452084799,0.009347643169859195,1.5956113129833618,-0.6929421299391925,0.18379922801948242,-0.1265748987993374,4.836098354526507,0.22530233599467422,0
287,2024-09-27 16:26:05.153992920,0,021,-0.12412751763779718,0.006356830961223929,1.6065170308808088,-0.7007855775511075,0.1999267821254399,-0.1121138552280992,4.86019434490102,0.2292922562143928,0
288,2024-09-27 16:26:05.216859131,0,021,-0.14915428119579788,0.0024720345818789713,1.6090131721795355,-0.7047659700338513,0.19634908333435722,-0.0964495880116213,4.666180250304377,0.2580453363776303,0
289,2024-09-27 16:26:05.298091797,0,021,-0.1775544842443484,-0.001785818803861,1.601665153922501,-0.7047503539242538,0.17518563341285157,-0.08033676622976672,4.257626976649738,0.3113276715189843,0
290,2024-09-27 16:26:05.365827881,0,021,-0.2093541392838849,-0.005896470417559448,1.5825875319158365,-0.7002768178823617,0.13957758979491783,-0.06449316198853025,3.6457238048602436,0.38868899612175883,0
291,2024-09-27 16:26:05.433559814,0,021,-0.24417467227038742,-0.009376154123422622,1.5499298224181797,-0.6906295171602409,0.09342848103799373,-0.0495661484358584,2.8472990243655105,0.4894942101705189,0
292,2024-09-27 16:26:05.501260010,0,021,-0.2812874843256451,-0.01180188783895076,1.5023363133553187,-0.6750326474997286,0.041034559416063245,-0.03610440085859227,1.8831180793986284,0.612964442592595,0
293,2024-09-27 16:26:05.555598877,0,021,-0.319719957809626,-0.012826618921617563,1.4393699634565165,-0.652888044421949,-0.013341684696414164,-0.024531941068211275,0.7767713064032377,0.7582086512829508,0
294,2024-09-27 16:26:06.505987793,0,021,-0.35835019279929264,-0.012196265112378453,1.3617543614460295,-0.6239310843151896,-0.06595165702539513,-0.015115503852318971,-0.4457122502834281,0.9241361055952861,0
295,2024-09-27 16:26:06.580020020,0,021,-0.39596621408605026,-0.009772120248056657,1.2712504982762982,-0.5882305929491074,-0.11405978901137907,-0.007920064679219385,-1.7556901609270976,1.109184156254293,0
296,2024-09-27 16:26:06.648207031,0,021,-0.43130959012663245,-0.005552027570382599,1.170149724908446,-0.5460550611793682,-0.15631904952465975,-0.0027689810003928036,-3.121828741770658,1.3109839548961624,0
297,2024-09-27 16:26:06.715922119,0,021,-0.46312853479861804,0.00031802462700093596,1.060580018880241,-0.4976987394769371,-0.19287223274289486,0.0007586277198103325,-4.510877130293045,1.5261769206648128,0
298,2024-09-27 16:26:06.783117920,0,021,-0.49025271716121316,0.007550489796568491,0.9439202973661975,-0.44337405718654627,-0.2251622742876035,0.003277009996704771,-5.889288630822621,1.7504438895824277,0
299,2024-09-27 16:26:06.851353027,0,021,-0.5116921007378572,0.015749138320484402,0.8205912236087941,-0.38324104224159694,-0.2555649789508905,0.005508212190022619,-7.2248117325787415,1.97861913317476,0
300,2024-09-27 16:26:06.906200928,0,021,-0.5267480886484783,0.02446732327306458,0.6903379527083141,-0.31756791389478856,-0.28696007354797826,0.00819226188935701,-8.48718926370629,2.2047375133507723,0
301,2024-09-27 16:26:07.837753906,0,021,-0.5351060876918794,0.03327589538520765,0.5528435156220911,-0.2469317304580234,-0.3222804417837,0.012005004755087794,-9.647866417889981,2.4219745040653913,0
302,2024-09-27 16:26:07.898385986,0,021,-0.5368757860232366,0.041819520386858905,0.408308866551457,-0.17235589234017554,-0.3640623928396467,0.01748089059508661,-10.679191073727685,2.6225686947262745,0
303,2024-09-27 16:26:07.960006836,0,021,-0.5325711254109301,0.04984963611342937,0.2577054417566882,-0.09534319189077754,-0.4140711643552159,0.024945397759834197,-11.553681835340837,2.7979041474045387,0
304,2024-09-27 16:26:08.037663818,0,021,-0.5230473559765462,0.057232237212451784,0.10267772068218427,-0.017816073782363752,-0.4730750783201907,0.03446911750710175,-12.243951255420097,2.9389154939496827,0
305,2024-09-27 16:26:08.100148926,0,021,-0.5094085267389222,0.063930119329474,-0.05470553776851369,0.05800197369754867,-0.540755078074484,0.045846773642852945,-12.72380464134138,3.0368157907296145,0
306,2024-09-27 16:26:08.162628906,0,021,-0.4928905643579175,0.06996339293168322,-0.21217111053056503,0.12973313985932383,-0.6156892820239371,0.05860114056207498,-12.970608746466176,3.0839753310753997,0
307,2024-09-27 16:26:08.244050049,0,021,-0.47474670862908575,0.0753648009025587,-0.3674375990909943,0.1950200518374519,-0.6954139657861408,0.07202137738627676,-12.968469597217215,3.0747656853876406,0
308,2024-09-27 16:26:09.177033936,0,021,-0.4561795285959586,0.08015218372409665,-0.5184634477194484,0.2517256636732032,-0.7766009182512502,0.08523922042889893,-12.711465423562693,3.006250304292413,0
309,2024-09-27 16:26:09.255572998,0,021,-0.43832754691377185,0.08432687574689594,-0.6636519436754905,0.2980915829579295,-0.8553320783167921,0.0973268580794533,-12.20617417466037,2.8786257755361055,0
310,2024-09-27 16:26:09.323350098,0,021,-0.42225927013477993,0.08788680339487631,-0.8017712613883302,0.3327696444032062,-0.9274147387494179,0.10739893442166107,-11.472829394059856,2.695330459006437,0
311,2024-09-27 16:26:09.391012939,0,021,-0.4089242814486333,0.09083745776824567,-0.9315009241125125,0.3547363016484806,-0.9887007153431092,0.1147094590800845,-10.544681721138618,2.4627965930638642,0
312,2024-09-27 16:26:09.455569092,0,021,-0.3990598574696206,0.09319344685480203,-1.0508288221900177,0.3631999820089876,-1.0353728906259156,0.11872800759133925,-9.46560377618191,2.1898910054948537,0
313,2024-09-27 16:26:09.520275879,0,021,-0.39309383322892255,0.09497408670569495,-1.1566714980637218,0.35760215114125377,-1.0641543128296815,0.11917433683365164,-8.286334589618656,1.8871147417230605,0
314,2024-09-27 16:26:09.580145996,0,021,-0.3910836908646239,0.09620036532833058,-1.2449660545226473,0.33773030779035434,-1.0724303713364358,0.11600543275638368,-7.059918416902671,1.5656506152226135,0
315,2024-09-27 16:26:10.532192871,0,021,-0.39270628466892304,0.09689637041891198,-1.3112073139387557,0.30389735745921304,-1.0583276801622918,0.1093701618516515,-5.837046733444604,1.236399913266225,0
316,2024-09-27 16:26:10.594682861,0,021,-0.39729881144567814,0.09709162335526256,-1.3512117024017125,0.25711521546685656,-1.02079869110614,0.0995574487057715,-4.66202374011435,0.9091669101633284,0
317,2024-09-27 16:26:10.671412109,0,021,-0.40394638323579274,0.09682120321565503,-1.361889739246635,0.19918718036088648,-0.9597187479970692,0.08696133912899566,-3.569829787315189,0.5921062154842808,0
318,2024-09-27 16:26:10.733899902,0,021,-0.4115905676960077,0.09612319414639307,-1.3418716452279622,0.132675624818602,-0.8759864862126422,0.0720736648880449,-2.58451978555239,0.2915184385942785,0
319,2024-09-27 16:26:10.795906982,0,021,-0.4191186160974895,0.09503095004837671,-1.29185073873647,0.06075111808214868,-0.7716325649889351,0.05549969576722341,-1.7192603690772477,0.012061183631125705,0
320,2024-09-27 16:26:10.872755127,0,021,-0.4254218907591361,0.09356145133057028,-1.2145541800184831,-0.0130486526115425,-0.6499086770032312,0.0379777764886797,-0.978365801093148,-0.24265404630675813,0
321,2024-09-27 16:26:10.933347900,0,021,-0.4294553318304767,0.09171050319088297,-1.114396452332588,-0.0851082375378983,-0.5152728849911302,0.020375881235138494,-0.3609216653111268,-0.46931500671882415,0
322,2024-09-27 16:26:11.886978027,0,021,-0.43032912391945305,0.0894629172594007,-0.9970230067267386,-0.15200439926394763,-0.3732146000216897,0.0036516662082010046,0.1355610111525419,-0.6644133793612638,0
323,2024-09-27 16:26:11.944717041,0,021,-0.427424117602958,0.08681311052575792,-0.868907273194016,-0.21070264758063864,-0.22995278422174972,-0.011210981099940297,0.5128141655395055,-0.8242413797334386,0
324,2024-09-27 16:26:12.021906982,0,021,-0.42049744437838193,0.0837869103346376,-0.7369676840478566,-0.2586774714761544,-0.09207360929685382,-0.023273499835114217,0.7707379949580967,-0.9452102822727169,0
325,2024-09-27 16:26:12.090052979,0,021,-0.4097536653652802,0.08046063018067223,-0.6080805831274356,-0.2939781322094885,0.033848512600647696,-0.03171997958414549,0.907050578467577,-1.0241975222441353,0
326,2024-09-27 16:26:12.157744873,0,021,-0.39587396151437826,0.07697869033969706,-0.4884522645326322,-0.3152655606475303,0.14159353188240745,-0.03592566538958786,0.9179853160515871,-1.0588930006913884,0
327,2024-09-27 16:26:12.225408936,0,021,-0.3799983212487699,0.07357014850937763,-0.38297590552606364,-0.3218429846703781,0.22554976694615333,-0.03548512761044621,0.8006368196972139,-1.0482380674165115,0
328,2024-09-27 16:26:12.293101074,0,021,-0.36364908931497975,0.07055732897361865,-0.2947918809845043,-0.31367236070604076,0.28090840352471397,-0.03018820571054413,0.5564999400046963,-0.9928699132548288,0
329,2024-09-27 16:26:13.210877930,0,021,-0.3485867740619427,0.06834471884927108,-0.2251734099149849,-0.29134641599411054,0.3038983862695573,-0.019970987091961354,0.19461465686688792,-0.8953504372191332,0
330,2024-09-27 16:26:13.278873047,0,021,-0.3366039281673466,0.06738158623346654,-0.17367945705192991,-0.2560155996365516,0.2921096401806491,-0.004889196149808514,-0.26725325504633335,-0.7600311452860584,0
331,2024-09-27 16:26:13.346594971,0,021,-0.3292835394177723,0.06810404941728689,-0.1384655302523619,-0.20931078429195576,0.24483402995258746,0.01486116794130637,-0.8038037560900506,-0.5925859272467365,0
332,2024-09-27 16:26:13.410296875,0,021,-0.3277711469276894,0.07087388698581965,-0.11673326879338616,-0.15328964695700303,0.16329214755254878,0.038902812910119315,-1.3849190759720964,-0.39940946554392875,0
333,2024-09-27 16:26:13.481998047,0,021,-0.3326212011104751,0.07593542047672083,-0.10537022934017354,-0.09037753245096941,0.050641935950599105,0.0666627642177022,-1.9787271203061325,-0.1871135218277107,0
334,2024-09-27 16:26:13.549707031,0,021,-0.34375669036314727,0.08340223582192455,-0.10174068544365682,-0.02326371512281985,-0.08824683448163673,0.09739837451337972,-2.554366252604502,0.03777056745324685,0
335,2024-09-27 16:26:13.616799072,0,021,-0.3605301604238687,0.09326611407885377,-0.10439898472702415,0.045228662282350306,-0.24715036405181787,0.1302415939161992,-3.084466285800236,0.2689499495804412,0
336,2024-09-27 16:26:14.560874023,0,021,-0.38183987913810685,0.1054104943978876,-0.11343949712416336,0.11226107089302402,-0.41882768384078767,0.16423533157956174,-3.5475212689555633,0.5005177382872468,0
337,2024-09-27 16:26:14.614802979,0,021,-0.4062740927025161,0.1196225147678577,-0.13033899204351068,0.17509539136149602,-0.5953011804251813,0.19835676567167412,-3.929930022782686,0.727129305514649,0
338,2024-09-27 16:26:14.691642090,0,021,-0.4322878109566989,0.13561252762667408,-0.1573576753506858,0.23123785243840508,-0.7681998958428301,0.23154682051696063,-4.227259192156133,0.9441739543762583,0
339,2024-09-27 16:26:14.754863037,0,021,-0.4584007317540673,0.1530444147825146,-0.19673067845268546,0.2786157391226372,-0.929250058657794,0.2627642562092459,-4.44457380839472,1.1479317766983241,0
340,2024-09-27 16:26:14.831659180,0,021,-0.48336909574697534,0.17156322829586798,-0.24990479234536658,0.31575849457653454,-1.0708622403821222,0.2910640556678828,-4.595752776005181,1.3356969101689014,0
341,2024-09-27 16:26:14.899118896,0,021,-0.506288966876527,0.19080370259046278,-0.3169802673292114,0.3419345827040705,-1.1867445463748223,0.31569521380193505,-4.701493115221818,1.5057851815966257,0
342,2024-09-27 16:26:14.967001953,0,021,-0.5266227071964416,0.21037876226936755,-0.39644443109405586,0.3572046756183063,-1.2724986189986665,0.3362125718609596,-4.786049132745513,1.657336252317385,0
343,2024-09-27 16:26:15.895952881,0,021,-0.5441579796102941,0.22986318132887054,-0.4852184544547637,0.36237343350158024,-1.3260828583996618,0.35257510030719413,-4.8735095526628145,1.7899023699741552,0
344,2024-09-27 16:26:15.972861084,0,021,-0.5589089370608681,0.2487878659890004,-0.5789607551651001,0.3588248990604648,-1.3479436990620903,0.36517714871730783,-4.984655738610666,1.9029647763318158,0
345,2024-09-27 16:26:16.034418213,0,021,-0.5709825394602273,0.2666502977070335,-0.6725378922639349,0.34824280979206995,-1.3407065566792948,0.37477238695336434,-5.134954409324451,1.9956191438961794,0
346,2024-09-27 16:26:16.112523926,0,021,-0.58046056064844,0.28294134654655206,-0.7605289192844427,0.3322795830329149,-1.3085652681544429,0.3823097494144029,-5.333566569162443,2.0665636332899258,0
347,2024-09-27 16:26:16.180560059,0,021,-0.5873488238460012,0.29718745093754906,-0.8376153411498194,0.31228447555473104,-1.2566480894552199,0.38875063417542055,-5.583077220534479,2.1143353526929474,0
348,2024-09-27 16:26:16.249587891,0,021,-0.5915960127961748,0.3090011555162317,-0.8988579999947802,0.2891636827113514,-1.1905131393109287,0.39492449060763063,-5.879942723068535,2.1377015134904727,0
349,2024-09-27 16:26:16.317341064,0,021,-0.593135627855108,0.31812583104806214,-0.9399942571895411,0.2633689050250182,-1.1157451211535208,0.4014364791289704,-6.2156023085416034,2.1360944592395756,0
350,2024-09-27 16:26:17.261398926,0,021,-0.5919140040801508,0.3244609048837595,-0.9577670079776442,0.2349689630413475,-1.0376290938607466,0.40862368625642875,-6.577687527291503,2.1098785585543833,0
351,2024-09-27 16:26:17.321708984,0,021,-0.5879069323419285,0.3280625138195513,-0.9501158814721556,0.20375581321852682,-0.9609605433059127,0.41656232900622686,-6.950715316437775,2.060308837646272,0
352,2024-09-27 16:26:17.385745117,0,021,-0.5811371250936231,0.32912492222865747,-0.9161139096429978,0.16935886568923936,-0.8899900744033243,0.4251240317234696,-7.316328411810397,1.9893157666235628,0
353,2024-09-27 16:26:17.461703125,0,021,-0.5716865369058056,0.3279516785094668,-0.8557226339220458,0.1313680100540496,-0.8283593740957967,0.4340587534093249,-7.653621855776452,1.8993243601542897,0
354,2024-09-27 16:26:17.532339111,0,021,-0.5596909652989673,0.32492172410359205,-0.769522724384954,0.08946378680876617,-0.7788994704767936,0.4430643647095304,-7.939886002493885,1.7931066291778293,0
355,2024-09-27 16:26:17.586205078,0,021,-0.5453172096760877,0.3204533584388091,-0.6585241850373289,0.043529556263412816,-0.7433451094613955,0.45180986659098715,-8.151738894833931,1.673578711634877,0
356,2024-09-27 16:26:17.667687988,0,021,-0.5287336472597636,0.31496873050170915,-0.5240525203762154,-0.006293344878380008,-0.7221599797880874,0.45991669265610247,-8.26651439572136,1.5436195185849897,0
357,2024-09-27 16:26:18.581579834,0,021,-0.5100825301923194,0.30885839549470984,-0.3676183097036267,-0.05963463199670797,-0.714636733527489,0.4669417182655699,-8.263941066190252,1.4060913613634656,0
358,2024-09-27 16:26:18.644512939,0,021,-0.489455867859978,0.30244456667264286,-0.19069006207691022,-0.11599679120210798,-0.7192573547548082,0.4724001795224618,-8.128455066009968,1.2641134956232427,0
359,2024-09-27 16:26:18.723337891,0,021,-0.46687505548240643,0.2959466173847162,0.005586388118893234,-0.17487975206371179,-0.7341038370559071,0.4758195869199344,-7.8523788563521295,1.1214421477523158,0
360,2024-09-27 16:26:18.784874023,0,021,-0.4422768289368355,0.28945443893044653,0.22054493625082738,-0.23587326160478145,-0.7570991883164655,0.4767903430756776,-7.439295065908091,0.9827184506404011,0
361,2024-09-27 16:26:18.858721924,0,021,-0.4155141854307728,0.28291204424258193,0.4538146848911634,-0.2986771461467378,-0.7860587847020857,0.4750049916624627,-6.905969076863199,0.853383526259017,0
362,2024-09-27 16:26:18.926436035,0,021,-0.3863840852703242,0.27611498729318307,0.70470395398959,-0.363032176035448,-0.8186900487215678,0.47030363216675447,-6.281374250928263,0.7391966321398683,0
363,2024-09-27 16:26:18.984118896,0,021,-0.3546847667175606,0.26872993816431623,0.9713306038592268,-0.4285821176714921,-0.8526233591301776,0.46271808706422607,-5.602844379606503,0.6454577897867769,0
364,2024-09-27 16:26:19.928476074,0,021,-0.3202888635334696,0.2603397878519552,1.2498624459239935,-0.49472701185330703,-0.8854307238225206,0.45246957510035934,-4.910628655922305,0.5761386781553366,0
365,2024-09-27 16:26:20.004412842,0,021,-0.2832060057942142,0.2505033142772366,1.534168496678966,-0.5605344820074474,-0.9145906245170393,0.43989247361374273,-4.242152614707783,0.5331257925247476,0
366,2024-09-27 16:26:20.068795898,0,021,-0.24361448031829988,0.23881231229883237,1.8159710638595878,-0.6247364614946715,-0.9374401730759631,0.4253135928192584,-3.6268298801963903,0.515691379104611,0
367,2024-09-27 16:26:20.139974121,0,021,-0.2018625780092199,0.22493656236859041,2.085436546779075,-0.6857961890925737,-0.9511809443351191,0.4089435377382105,-3.0821211046209864,0.5202211153095208,0
368,2024-09-27 16:26:20.208395996,0,021,-0.15844915857330155,0.2086555907536645,2.332088460228793,-0.7420251411324461,-0.9529968121163264,0.3908221922023963,-2.611445201002432,0.5402265475962152,0
369,2024-09-27 16:26:20.276083984,0,021,-0.11398940948984011,0.1898801023204799,2.5458386156975856,-0.7917214650884979,-0.9403137819792152,0.37082924977564186,-2.2042207886853356,0.566677687735106,0
370,2024-09-27 16:26:20.342334961,0,021,-0.06917429036544423,0.16866585511597004,2.7178619208318744,-0.8332808551808452,-0.9111368137507135,0.3487367009242906,-1.8379626296588152,0.5886528576632076,0
371,2024-09-27 16:26:21.287460938,0,021,-0.02473422287963089,0.145217847747905,2.8411781510300753,-0.8652589557373738,-0.8643456386079118,0.32426671588599415,-1.482109834419768,0.5942766104949319,0
372,2024-09-27 16:26:21.355217041,0,021,0.018587108170580433,0.11988068917800394,2.910993624190495,-0.8864028174306199,-0.7998874121006644,0.2971376714203138,-1.102991806204488,0.5718717177429334,0
373,2024-09-27 16:26:21.422632080,0,021,0.0600468956615801,0.09311759271721452,2.924849822772533,-0.8956533542097979,-0.7188365944374608,0.26710283071029967,-0.6690590539240404,0.5111673639986315,0
374,2024-09-27 16:26:21.490637939,0,021,0.09890550213839373,0.06548595786355091,2.8825791833410523,-0.8921260590753141,-0.6232763152051696,0.23398689634375566,-0.15547104378609441,0.4043923000302961,0
375,2024-09-27 16:26:21.558394043,0,021,0.13442457527011906,0.03761296310527454,2.7861294789699222,-0.875126766833598,-0.5160052351447934,0.1977179738839997,0.45259418033067356,0.24717309986825992,0
376,2024-09-27 16:26:21.626084961,0,021,0.16587972701213605,0.010166819330498967,2.639358452772658,-0.8442473727859325,-0.40018511439947646,0.1583527907244595,1.1582716796395343,0.039210751468259857,0
377,2024-09-27 16:26:21.688932861,0,021,0.19260735540490406,-0.016180083594097075,2.4478724095957105,-0.7995133533327171,-0.2790912955553767,0.11610212157278381,1.953058594982827,-0.21535812653250053,0
378,2024-09-27 16:26:22.637525879,0,021,0.21409389863840636,-0.04079457440467462,2.2189322185022773,-0.7415195547716522,-0.15601950946442505,0.07136195329776449,2.818099730937511,-0.5080437448002201,0
379,2024-09-27 16:26:22.704860107,0,021,0.2300977226598068,-0.0631301981218883,1.961364870963639,-0.6715079392909238,-0.03421205091975036,0.024727674715535875,3.7259871570354233,-0.8265749436942759,0
380,2024-09-27 16:26:22.771837891,0,021,0.24076738210030948,-0.08277494547310763,1.6853600834461975,-0.5913670870754981,0.08336739811295381,-0.023051054383621986,4.642855662608717,-1.1559159688254732,0
381,2024-09-27 16:26:22.840743164,0,021,0.24670366525467607,-0.09948958165589986,1.4020581821341969,-0.5035472708645528,0.1943590401463774,-0.07117702969170533,5.530940988595556,-1.4795885082397962,0
382,2024-09-27 16:26:22.908472168,0,021,0.24893621765053223,-0.11322589513902338,1.1228822868938468,-0.4108863184607158,0.29717851551168695,-0.11891272318011323,6.351552862180981,-1.7810540703959257,0
383,2024-09-27 16:26:22.976172119,0,021,0.24882957982837792,-0.12411943381277743,0.8586395431977846,-0.3163484580761561,0.3908987039841533,-0.16563023301688456,7.068106925904144,-2.044927730739418,0
384,2024-09-27 16:26:23.043853027,0,021,0.24794528182495515,-0.13245492476890067,0.618544318699295,-0.2227085502294305,0.4749951193351057,-0.21080883326671862,7.648707547650988,-2.257920848397487,0
385,2024-09-27 16:26:23.962672119,0,021,0.24787234417196882,-0.13860773384157343,0.40937130197114024,-0.13225275767824948,0.5491744157679245,-0.25401447397033067,8.06799970521212,-2.4095368664417123,0
386,2024-09-27 16:26:24.026954102,0,021,0.2500487071093737,-0.14297707939298068,0.23487164811339245,-0.046577070707444476,0.6132986357189893,-0.29486950595616224,8.308642749497885,-2.4926258385256777,0
387,2024-09-27 16:26:24.088571045,0,021,0.25561394934142495,-0.1459326561008209,0.09554161134666805,0.033464877315115674,0.6672726369033792,-0.3329988637833025,8.362811423595025,-2.5038660901555496,0
388,2024-09-27 16:26:24.165812012,0,021,0.2653101300113156,-0.14778317359719492,-0.011136681764188678,0.1076580408998074,0.7108569807021675,-0.367954640304569,8.233309977236429,-2.4441160065846006,0
389,2024-09-27 16:26:24.228784180,0,021,0.2794128991956705,-0.1487579527613975,-0.08996691124946722,0.1762143637843957,0.7435143836745378,-0.39915251396867,7.933575212529683,-2.318533568187861,0
390,2024-09-27 16:26:24.297719971,0,021,0.29768178339655765,-0.14899133898091438,-0.14705944568896415,0.23955331851849176,0.7644056278519172,-0.42586342085259576,7.486487040155682,-2.1363880758075338,0
391,2024-09-27 16:26:24.366452881,0,021,0.3193506607489956,-0.14851236093220216,-0.1889214379983964,0.298153645717424,0.7725557891276564,-0.44727668571640083,6.922330590329038,-1.9104915029200602,0
392,2024-09-27 16:26:25.305573975,0,021,0.34319524220186015,-0.14725235727714675,-0.22178648307726745,0.3524705745123555,0.7671235305371427,-0.46261014575575937,6.276130756265004,-1.656221033688214,0
393,2024-09-27 16:26:25.379925049,0,021,0.36769855687666186,-0.14507921662515305,-0.2512221824001059,0.40286832584838783,0.7476905575112697,-0.47122552725560907,5.584498515640947,-1.390216698792118,0
394,2024-09-27 16:26:25.447639893,0,021,0.39129590914797735,-0.14185272689196826,-0.28196442979187425,0.4495377355880925,0.7145350887985947,-0.47271950821459524,4.882264590978825,-1.1289461973948423,0
395,2024-09-27 16:26:25.515328857,0,021,0.4126409436009882,-0.13748534306190188,-0.31780924871935373,0.4924030337125432,0.668863946194717,-0.4669781803733903,4.199535544049443,-0.8873985469574531,0
396,2024-09-27 16:26:25.583012939,0,021,0.4308156308850654,-0.13199095727991983,-0.36138650095206987,0.5310457343628334,0.6129100196427221,-0.4541904362304534,3.559995560077168,-0.6781066363380958,0
397,2024-09-27 16:26:25.645215088,0,021,0.44541727370369194,-0.12550706207587997,-0.4138032418239895,0.5646830764436475,0.549779995971359,-0.43482400223170414,2.9807050625920044,-0.5104913935795294,0
398,2024-09-27 16:26:25.707329102,0,021,0.45649748718072586,-0.11828370535500299,-0.4743238676339241,0.5922288383731044,0.4830561568967029,-0.4095798173805529,2.4728254324541035,-0.39040096739150404,0
399,2024-09-27 16:26:26.652385986,0,021,0.4643871206267129,-0.11064411071265927,-0.5402893757581887,0.6124254908773703,0.4163039973089111,-0.37934145160488136,2.0424903065045834,-0.3198252370771947,0
400,2024-09-27 16:26:26.729058105,0,021,0.4694829422768129,-0.10292931025035995,-0.6073335189412079,0.623981673756386,0.3526710462594678,-0.3451263632302663,1.6914143825875747,-0.296914731902147,0
401,2024-09-27 16:26:26.797730957,0,021,0.4720748570737966,-0.09544302415113419,-0.6698216145637719,0.6256492591276056,0.2946838091975896,-0.3080411234290242,1.417169192941727,-0.31638005257376545,0
402,2024-09-27 16:26:26.856085938,0,021,0.4722605507469775,-0.08841460299571684,-0.7214851894192085,0.6162567533309002,0.24422581199683427,-0.269240725384737,1.2130387663095898,-0.37014961354869547,0
403,2024-09-27 16:26:26.931638916,0,021,0.4699497994610233,-0.08198910133569372,-0.7562629967272573,0.5947815830298067,0.2025903863984449,-0.22988593464417192,1.0675804578373875,-0.44811183478507705,0
404,2024-09-27 16:26:26.990795898,0,021,0.46493259137593346,-0.0762375346235293,-0.7692489682894604,0.5605196740250034,0.17052919487497012,-0.19109624036511458,0.964671405751942,-0.5388911766891009,0
405,2024-09-27 16:26:27.068445801,0,021,0.45697939891806744,-0.071174337297199,-0.7575667020617666,0.5133399387657606,0.148306130734904,-0.15390914110339118,0.8848332001303828,-0.6306605270790672,0
406,2024-09-27 16:26:28.011342041,0,021,0.44593819266794366,-0.06677492843053735,-0.7210078153571755,0.45395106869476654,0.1357690769780046,-0.11925487628376116,0.8076566533851772,-0.7119264603611672,0
407,2024-09-27 16:26:28.080076904,0,021,0.4317871168196132,-0.06298980852848758,-0.6623025123249613,0.3840882834605405,0.13239517181538255,-0.08793913297874464,0.7142754810171071,-0.772188817583738,0
408,2024-09-27 16:26:28.147821045,0,021,0.4146150999225131,-0.05975003938581499,-0.5869109804668129,0.3065381502792197,0.13730048457019017,-0.06062165851319165,0.5888481957250866,-0.8024404663436191,0
409,2024-09-27 16:26:28.210324951,0,021,0.3945416233195132,-0.056961651120184316,-0.5022633344992247,0.2249359323951459,0.14929023371903385,-0.0377916882988702,0.41892116576577104,-0.7955860561325803,0
410,2024-09-27 16:26:28.283325928,0,021,0.3716248395494829,-0.05449386619873797,-0.41651920838299883,0.14334140437418663,0.16699237968160122,-0.019748364195559774,0.19565483655315988,-0.7469278119901367,0
411,2024-09-27 16:26:28.350941895,0,021,0.3458150007031976,-0.0521703339095441,-0.3371364484997031,0.06571803229184328,0.18901034148665316,-0.006585844933558598,-0.08506255626078402,-0.6547890242325436,0
412,2024-09-27 16:26:28.417881104,0,021,0.3169841147349915,-0.04977141785728318,-0.2696063155966254,-0.004537561371274884,0.2140088023448631,0.0018203454045230471,-0.4208708978029045,-0.5210931045177627,0
413,2024-09-27 16:26:29.361962158,0,021,0.2850186302155773,-0.047050020989061615,-0.2165956022162583,-0.0649581927346501,0.24071313818021373,0.005809999230469774,-0.8020063540133817,-0.3515101307828967,0
414,2024-09-27 16:26:29.429712158,0,021,0.2499289092623956,-0.043756026730242925,-0.1776392687677867,-0.11424689780824061,0.26787350520266184,0.0058865960135409115,-1.2123124720461076,-0.15493626715193712,0
415,2024-09-27 16:26:29.497456055,0,021,0.21193712197340542,-0.03966286332516261,-0.14946963494982693,-0.15235103912099823,0.2942449950239745,0.0026162061019802214,-1.6318950303057673,0.05752005227319748,0
416,2024-09-27 16:26:29.565128174,0,021,0.17153955126561587,-0.03459503582154317,-0.12692709604794591,-0.18033052652042716,0.3185636147458131,-0.0034707151688841325,-2.040208454230056,0.2736677653872295,0
417,2024-09-27 16:26:29.628568115,0,021,0.1295485456609685,-0.028456458960875664,-0.10420971972519115,-0.20004415729497704,0.3394789993621393,-0.011918037242663737,-2.4186500657826273,0.48125137627797676,0
418,2024-09-27 16:26:29.700154053,0,021,0.0870982371319925,-0.02125412417647936,-0.07609030614531909,-0.2137355866566321,0.3554748942773455,-0.02231629247657609,-2.752312664887846,0.668836504800827,0
419,2024-09-27 16:26:29.752904053,0,021,0.045592716876420455,-0.01311081750292896,-0.03871185047694525,-0.22363604334748458,0.3648507165976278,-0.03424491404933165,-3.030661966367716,0.8265754430844706,0
420,2024-09-27 16:26:30.678275879,0,021,0.0065973338100710115,-0.00426373411050187,0.010268948288646515,-0.23170517561188284,0.36583689681547804,-0.04723295547460618,-3.2470589947455735,0.946814988415136,0
421,2024-09-27 16:26:30.740585205,0,021,-0.028305851293971597,0.004953203554627022,0.0721017674178305,-0.23956545813392804,0.3568991965368216,-0.060773429429409394,-3.3976669268391615,1.0245209425695652,0
422,2024-09-27 16:26:30.818322021,0,021,-0.05767155911552846,0.014141329569737649,0.14757773661741339,-0.24857167048452458,0.3371750350252949,-0.07438708094852362,-3.4806197240179264,1.0575286417589267,0
423,2024-09-27 16:26:30.879447998,0,021,-0.08033014444802052,0.022874349438862563,0.2374940884542258,-0.2598822386712179,0.3068314847120535,-0.08769450848561545,-3.4957897926825536,1.0465901760059786,0
424,2024-09-27 16:26:30.956670898,0,021,-0.09549424755636614,0.03073140634280357,0.34268680653939815,-0.27442153627186816,0.2671480962262768,-0.10045388495212024,-3.4448247190155272,0.995144789916103,0
425,2024-09-27 16:26:31.018718994,0,021,-0.10282116764062504,0.03732293129317567,0.4636091315890288,-0.29272323055820076,0.22030909851710317,-0.11254315215357247,-3.3311176985286255,0.9087972731936915,0
426,2024-09-27 16:26:31.093229004,0,021,-0.10243018007918767,0.042310280092345866,0.5997079851752339,-0.3147407923176428,0.16903329486815988,-0.1238930643725958,-3.1596822988623634,0.794577961348127,0
427,2024-09-27 16:26:32.031545898,0,021,-0.09488789542610006,0.045421676076104284,0.7489034558844342,-0.33972651060824266,0.11620362265799762,-0.13440781398644433,-2.936937418317512,0.6600773077664247,0
428,2024-09-27 16:26:32.093451904,0,021,-0.08117614163244778,0.04646683432123134,0.9073140357823712,-0.3662300601810647,0.06462745805791699,-0.14391959406603558,-2.6703271191230553,0.5125848977324876,0
429,2024-09-27 16:26:32.172045898,0,021,-0.06264866148246662,0.04535018107959594,1.0692921094634782,-0.39222278676357547,0.016956814296997056,-0.15219672308535895,-2.367859921166656,0.35847091750026233,0
430,2024-09-27 16:26:32.240310791,0,021,-0.04097081992909627,0.04207758754107509,1.2278362416582995,-0.41532654464649227,-0.024321260694340638,-0.1589907500084054,-2.037787317918455,0.2030197043430956,0
431,2024-09-27 16:26:32.307153076,0,021,-0.018019260230177227,0.03674668224308383,1.3752954866650406,-0.4330750748811547,-0.05691805679241793,-0.164095890198622,-1.688385068329715,0.05063081285226435,0
432,2024-09-27 16:26:32.375645996,0,021,0.0042785979409217115,0.02951552034237058,1.5040734211008613,-0.4431007038806507,-0.07879755127078528,-0.1673993186541156,-1.3275277921712598,-0.09496241423322983,0
433,2024-09-27 16:26:32.432527100,0,021,0.024143248434722642,0.020561846830790494,1.6070966022875222,-0.4432106390466663,-0.08821563898187512,-0.16890634262239032,-0.9619039561131787,-0.23071032380800238,0
434,2024-09-27 16:26:33.374384033,0,021,0.040122869655955004,0.010056704433440271,1.6780903636431226,-0.4314323818117864,-0.08380559381190723,-0.1687225600160829,-0.5961202117836629,-0.35442741032375497,0
435,2024-09-27 16:26:33.454847900,0,021,0.05121537531420299,-0.0018347783166511047,1.71180338459595,-0.4061041547590158,-0.06483776121146965,-0.16698031863561902,-0.23230543589259142,-0.4648782252785655,0
436,2024-09-27 16:26:33.514142090,0,021,0.05693198254021493,-0.014933124832389094,1.7041559568305407,-0.36598599743628696,-0.031640996897405654,-0.16373085968240184,0.12927138074843433,-0.5616136622788188,0
437,2024-09-27 16:26:33.576157959,0,021,0.057311430161127365,-0.029020623954751183,1.6522217665256642,-0.3103383028674816,0.01403571992597021,-0.15885873226497282,0.4889330160339014,-0.6446490077217177,0
438,2024-09-27 16:26:33.658001953,0,021,0.05288326914620074,-0.04382166916913804,1.55413032809694,-0.23897686770547094,0.06894985074355908,-0.15206651068257987,0.8466778879749933,-0.7142192969118522,0
439,2024-09-27 16:26:33.725662109,0,021,0.044572508961416235,-0.058985053083840465,1.4090831825997527,-0.15234246505411445,0.1286472745813611,-0.14294159853545868,1.201996058406635,-0.7707634193536315,0
440,2024-09-27 16:26:33.792702881,0,021,0.03355180208500807,-0.07406809729106997,1.2175498736329518,-0.05158500747415253,0.1880353037756302,-0.13108166978393937,1.5539506081000192,-0.8150805584012691,0
441,2024-09-27 16:26:34.712308105,0,021,0.021078206195449097,-0.08853396841377885,0.9815823246209231,0.06137115119308394,0.24211621564323438,-0.11622532074930748,1.9011319599550707,-0.8484752465572877,0
442,2024-09-27 16:26:34.780069092,0,021,0.008361850265695345,-0.10177604321892117,0.7051750718865964,0.18381319087988093,0.28670261614458464,-0.0983309162604132,2.241606379714215,-0.8727813910153777,0
443,2024-09-27 16:26:34.847756104,0,021,-0.0035203453484468853,-0.1131670051892851,0.39454800690853303,0.3122959259856585,0.3189424167276435,-0.07758049163356069,2.5732293821817476,-0.8903429263372538,0
444,2024-09-27 16:26:34.914659912,0,021,-0.013692504883790766,-0.12211251598111068,0.058137986166153566,0.44277581543470534,0.3376037161695868,-0.05432872862788889,2.8944271875737915,-0.9040652653262341,0
445,2024-09-27 16:26:34.983128906,0,021,-0.021552819647675272,-0.12809245074324097,-0.2938532072790708,0.5708267223207464,0.34319564721172496,-0.02903946315722072,3.204888506397111,-0.9174586787064496,0
446,2024-09-27 16:26:35.035852051,0,021,-0.026841139632262756,-0.1306896491175226,-0.6502830231065343,0.691936664462364,0.3379688168975837,-0.0022479748680927034,3.505370431596252,-0.9344655041605933,0
447,2024-09-27 16:26:35.118500000,0,021,-0.02967373087181732,-0.1296138053418977,-0.9999837319002596,0.8018521056709963,0.32573694185844554,0.02543615171111694,3.796473455726655,-0.9590082436067445,0
448,2024-09-27 16:26:36.062413086,0,021,-0.03053326438407857,-0.12472373156629377,-1.3324548515872359,0.896887559205234,0.3114574019999247,0.0533060843515087,4.077060530253734,-0.9944176565510918,0
449,2024-09-27 16:26:36.130142090,0,021,-0.030216348321003443,-0.11604574960674417,-1.6381968465902148,0.9741237471760925,0.30060332618383495,0.08055797587798862,4.343223514747258,-1.0429504931112434,0
450,2024-09-27 16:26:36.197708008,0,021,-0.02973891186043651,-0.10378181717906207,-1.908765704147945,1.0314830983237537,0.298463439756597,0.10634093981583465,4.588362162857065,-1.1055040891959163,0
451,2024-09-27 16:26:36.265572998,0,021,-0.03020690429430083,-0.08829845946122114,-2.1367006585851227,1.067723323199363,0.30951360621492896,0.12984827604569787,4.804359264409352,-1.1815354242601608,0
452,2024-09-27 16:26:36.332704102,0,021,-0.03267548040852893,-0.07009284043433599,-2.315477666041171,1.082401110284323,0.33690685443044144,0.1504239578874959,4.983303407590893,-1.2691684285105052,0
453,2024-09-27 16:26:36.399665039,0,021,-0.03802085960702496,-0.04974338451242287,-2.439626829385762,1.0758399326110226,0.38207996592289406,0.16765467301311432,5.119059670256545,-1.365467138202432,0
454,2024-09-27 16:26:36.468691162,0,021,-0.04684098549297125,-0.027858447844421704,-2.50503284472774,1.04909536423038,0.44453720197927954,0.18141948220575624,5.208291356628364,-1.4668023954298,0
455,2024-09-27 16:26:37.410662842,0,021,-0.05938891518467888,-0.0050368076335572595,-2.5092755109730644,1.003887531956875,0.521886904404383,0.19188549347723055,5.250829865197681,-1.569177052622865,0
456,2024-09-27 16:26:37.473187012,0,021,-0.07553311818616064,0.018150546998828277,-2.451859038753059,0.9424956173837199,0.6101070133647761,0.1994572118816934,5.249306886375023,-1.6683862323831484,0
457,2024-09-27 16:26:37.535672852,0,021,-0.09475911473755483,0.04116222978995705,-2.33430124596944,0.867641146054721,0.7039456681237561,0.20469071080749823,5.208017197461932,-1.7600099974394938,0
458,2024-09-27 16:26:37.613183105,0,021,-0.11624863534302222,0.06349035858585043,-2.160104080802124,0.7823727092559802,0.7973779694625238,0.20818922211430385,5.131183631434592,-1.8393660729385761,0
459,2024-09-27 16:26:37.675701904,0,021,-0.1390385765748511,0.08467896443697527,-1.9345717344358404,0.6899325393369484,0.8840873736988838,0.21051161838704924,5.021024852049696,-1.9015780702612914,0
460,2024-09-27 16:26:37.750438965,0,021,-0.16220885077550468,0.1043521937428535,-1.6644248394168821,0.5935876301267905,0.9580219517841692,0.21211505338984435,4.876204823376797,-1.941839461929979,0
461,2024-09-27 16:26:37.818131836,0,021,-0.1850425030853043,0.1222411828990449,-1.3572789733513562,0.49644877325403425,1.0140742282009862,0.2133264468108083,4.691186377628377,-1.955835918396112,0
462,2024-09-27 16:26:38.761907959,0,021,-0.20712965128666005,0.1382034755819723,-1.0212288523115716,0.40134620570640095,1.0487292165047155,0.21434329728453855,4.45680052410641,-1.9402282739296637,0
463,2024-09-27 16:26:38.829657959,0,021,-0.22840439604132068,0.15223047507105456,-0.6647525011656416,0.31082043615396504,1.0603707422230497,0.21528148938592773,4.1620272589524285,-1.893128267938591,0
464,2024-09-27 16:26:38.897377930,0,021,-0.24910328844671187,0.16443538074739586,-0.29686929304815973,0.22720544619742306,1.0491023255199328,0.21626324336586963,3.7963894022012634,-1.814503247766487,0
465,2024-09-27 16:26:38.961116943,0,021,-0.26964291799033324,0.17501940308358957,0.07272444654149754,0.1527136520801742,1.0162380268668154,0.2174951153189033,3.3521193957325313,-1.7064038182003132,0
466,2024-09-27 16:26:39.032778076,0,021,-0.2904531200807185,0.18422630858005856,0.4337308695196624,0.08944370251639111,0.9637377110765869,0.2192846221427988,2.8258339739908993,-1.5729444285710987,0
467,2024-09-27 16:26:39.100438232,0,021,-0.3118362539738217,0.19229835520929126,0.7755139198211962,0.03929187145485358,0.8937788507026418,0.22198914257891167,2.219878339645144,-1.4200546088041168,0
468,2024-09-27 16:26:39.167435791,0,021,-0.3338985726374688,0.1994381784873925,1.0874503883519042,0.0038038666272039064,0.8085162022640365,0.22593421615700857,1.5432977274900117,-1.2550225726687916,0
469,2024-09-27 16:26:40.103436035,0,021,-0.3565375213020487,0.205773958013544,1.359318980361266,-0.015972889697516087,0.7099777682725993,0.23134681507976937,0.8122535898946777,-1.0858117959785762,0
470,2024-09-27 16:26:40.180399902,0,021,-0.3794482934102344,0.21132848263130657,1.5816992796358933,-0.019591845440983174,0.6000273331073306,0.23832609054846152,0.04978486403766019,-0.920204573611783,0
471,2024-09-27 16:26:40.239638184,0,021,-0.4021463925482172,0.21600260731984017,1.7463445936956967,-0.007252120707506423,0.4803756212838646,0.24684245132441926,-0.7152609017969781,-0.7649653306525989,0
472,2024-09-27 16:26:40.315851074,0,021,-0.42401998515177425,0.21958569506449918,1.8465616093843713,0.020197110187253012,0.35265053316726697,0.25674670729151927,-1.4505077562350943,-0.6251809488948639,0
473,2024-09-27 16:26:40.378500000,0,021,-0.4444048886510394,0.221794816961755,1.8777162295641252,0.061261153294468754,0.21851382936726862,0.2677864459527337,-2.12373420891328,-0.5037849798478264,0
474,2024-09-27 16:26:40.451309082,0,021,-0.4626601267664971,0.22233235091385764,1.8378733136844236,0.11380524813971023,0.07981498602269609,0.2796292009375714,-2.7072267651259265,-0.40130172088109767,0
475,2024-09-27 16:26:40.518993896,0,021,-0.47822587339545364,0.2209465522794113,1.7283003596430646,0.1750985977121532,-0.06120404753540774,0.29187369307098865,-3.181145338478374,-0.3159684084925387,0
476,2024-09-27 16:26:41.437652100,0,021,-0.4906562260786174,0.2174802056356774,1.5535173071010393,0.2419412587872288,-0.20169771857526692,0.30403561558171227,-3.534467894608749,-0.24430388956106058,0
477,2024-09-27 16:26:41.499862061,0,021,-0.49963414256194644,0.21189795710393228,1.320886189649779,0.31085831458295776,-0.33814586134496544,0.31553112066168093,-3.763499860241187,-0.18194777316565075,0
478,2024-09-27 16:26:41.562196045,0,021,-0.5049786345476205,0.2042920343742031,1.0400105511938156,0.37828621818096425,-0.4665391149180892,0.32569329064007774,-3.869316124017872,-0.12446608354620121,0
479,2024-09-27 16:26:41.640367920,0,021,-0.5066353646114212,0.1948713247125738,0.722218143572039,0.44069475456353646,-0.5827522986095377,0.33382700115677305,-3.855706566943423,-0.06789200792396857,0
480,2024-09-27 16:26:41.708472900,0,021,-0.5046327462586132,0.18393653859681997,0.3802691043148133,0.49464988828014766,-0.6829018465136806,0.33928137298188604,-3.7283955831804425,-0.008949832977466259,0
481,2024-09-27 16:26:41.776035889,0,021,-0.4990134143078618,0.17184371018638991,0.02823672462072654,0.5368548733268417,-0.7635390322176702,0.3415125716035565,-3.49551114399066,0.05495392913428799,0
482,2024-09-27 16:26:41.843835205,0,021,-0.48978315781175746,0.15896474680200148,-0.31869464809417297,0.5642127039009006,-0.8216880854973792,0.34010963411431516,-3.168888635478844,0.1258572390447986,0
483,2024-09-27 16:26:42.787714844,0,021,-0.4769092221681255,0.14565591716541265,-0.644773829993499,0.5739467801577235,-0.854857876754333,0.33477789444758244,-2.765417497949492,0.20535033326378344,0
484,2024-09-27 16:26:42.855496826,0,021,-0.46035942453736584,0.13223717435029755,-0.9345703570635008,0.5637800857691067,-0.8611786653647979,0.3253191779061696,-2.307303650242814,0.2945338088623958,0
485,2024-09-27 16:26:42.917674072,0,021,-0.44015371699923084,0.11897792478039969,-1.1739289000988684,0.5321263338901909,-0.8397165535252928,0.31166030832489783,-1.8205443047894925,0.39382684700513365,0
486,2024-09-27 16:26:42.990894043,0,021,-0.4164157761560649,0.10608604906962772,-1.3506854328669515,0.47824390298095604,-0.7908821448571866,0.2939406901045212,-1.3319950418627506,0.5027202119761516,0
487,2024-09-27 16:26:43.052712891,0,021,-0.38942549211230965,0.09370135178934358,-1.4550474663237287,0.4023384534002533,-0.7168153895945024,0.27262760200742453,-0.8660917206986165,0.6195249619390828,0
488,2024-09-27 16:26:43.125783936,0,021,-0.3596599444418405,0.0818958446034927,-1.479772175949173,0.3056138413224678,-0.62164453112116,0.2486071023760998,-0.4422781879750286,0.7411872726802892,0
489,2024-09-27 16:26:43.193991943,0,021,-0.32780232190728714,0.0706813129483573,-1.4203696679274431,0.19025947956964254,-0.5114961101347127,0.22319172708502985,-0.07386309556770575,0.8633087832830082,0
490,2024-09-27 16:26:44.137803955,0,021,-0.29471730010396896,0.06002144311211347,-1.2754698841659096,0.0593663674829804,-0.39416774406407096,0.1980182046146457,0.23152078181318939,0.980422031839333,0
491,2024-09-27 16:26:44.205530029,0,021,-0.26140620856827995,0.04984288616519812,-1.0472754291083093,-0.08322870678327975,-0.2785015294985098,0.17486543180761724,0.4702149595938692,1.0864481442969616,0
492,2024-09-27 16:26:44.270529053,0,021,-0.22894019298951973,0.04004032911692004,-0.7418255933930226,-0.23318433965840982,-0.17359607872580335,0.15544697184581174,0.6403107199764811,1.1752670077862502,0
493,2024-09-27 16:26:44.329997070,0,021,-0.1983528421429651,0.030477024668243147,-0.3688149874096489,-0.3859796455555432,-0.08801170489893866,0.1412217114850244,0.7398160684741268,1.2413438996342199,0
494,2024-09-27 16:26:44.408528076,0,021,-0.1704975006706716,0.02098759289640618,0.05904231181781012,-0.5372583282588129,-0.029089866833129585,0.1332510269502453,0.7658201490503498,1.2803458670385952,0
495,2024-09-27 16:26:44.466281982,0,021,-0.14592556456040826,0.011388622265956574,0.5268867787999695,-0.6830898416306704,-0.0024489906107716874,0.13211343635609943,0.7147692203259401,1.2896566226382447,0
496,2024-09-27 16:26:44.528864014,0,021,-0.12485328471199893,0.0015016039336667776,1.0185478367523833,-0.8200724183584457,-0.011634396117801577,0.13787109690611357,0.5838887352288028,1.2686455663949878,0
497,2024-09-27 16:26:45.488456055,0,021,-0.10722375208091361,-0.00880797261661588,1.517122226268368,-0.9452643344548985,-0.05783316451916788,0.1500765692604541,0.3735080785722718,1.2186193578001066,0
498,2024-09-27 16:26:45.549165039,0,021,-0.09280000435759715,-0.01958205537238857,2.005269705599421,-1.0560123404063466,-0.13960061897618362,0.16780557533787077,0.08937380879773948,1.1425765953075417,0
499,2024-09-27 16:26:45.610717041,0,021,-0.08122461675092524,-0.03072999465440236,2.465404796359662,-1.1497943663428434,-0.25266761603326104,0.18969695381284393,-0.2560191255446012,1.0449170983178329,0
500,2024-09-27 16:26:45.690933105,0,021,-0.07203938569325936,-0.0420103666775017,2.879988473028435,-1.2241488972472176,-0.38999393622880796,0.21399902040001437,-0.6434537272375254,0.9311137906057283,0
501,2024-09-27 16:26:45.759362061,0,021,-0.06470126068711492,-0.05303601119385725,3.2320308123030896,-1.276696376893862,-0.5422348786110237,0.23866371781730047,-1.0483225477623321,0.8072966347304976,0
502,2024-09-27 16:26:45.813918945,0,021,-0.05862114557508621,-0.06330001897075274,3.5058875459038106,-1.3052567214981605,-0.698668106364025,0.26153534669391115,-1.442915846254904,0.6797659282300894,0
503,2024-09-27 16:26:45.892009033,0,021,-0.053212971248543586,-0.07222039395975752,3.6884214693757613,-1.3080807878747167,-0.8484139696921654,0.2806173449991522,-1.7989433164078161,0.5544822386718388,0
504,2024-09-27 16:26:46.811049072,0,021,-0.04791652360743631,-0.07919792375489162,3.770403677744204,-1.2841597256340709,-0.9816436056892401,0.2943362085297997,-2.089580784497992,0.4365510333395656,0
505,2024-09-27 16:26:46.878767090,0,021,-0.042176891421280956,-0.08368100017358666,3.7477419958506157,-1.2334973794053135,-1.0905491938648315,0.3017300937903627,-2.2908780111628197,0.3297510745892061,0
506,2024-09-27 16:26:46.942635010,0,021,-0.03540220699812441,-0.08523279314884909,3.622123841719526,-1.1572427764703996,-1.1700081258462405,0.3025415380771897,-2.382854182670363,0.23622607245200727,0
507,2024-09-27 16:26:47.013478027,0,021,-0.02693836372217687,-0.08359208260660982,3.400981939898956,-1.0576929459772184,-1.2178985877993673,0.29721778943562127,-2.3506424555424736,0.15642940239633182,0
508,2024-09-27 16:26:47.081464111,0,021,-0.016092872561534,-0.07871256370512653,3.0969211875241807,-0.9382543718361266,-1.2350053035817188,0.2868245253835328,-2.18579925955441,0.08930784915015454,0
509,2024-09-27 16:26:47.149458008,0,021,-0.002220047160960387,-0.07076994733097963,2.7266860131634023,-0.8033992150442203,-1.2245426181955903,0.2728961150345633,-1.8876043778441287,0.03265058116529801,0
510,2024-09-27 16:26:47.206032959,0,021,0.015155266676845284,-0.060140499565548795,2.3096710744957245,-0.65855443624486,-1.191452697383512,0.2572583258778114,-1.463834837461728,-0.016498851578286323,0
511,2024-09-27 16:26:48.160832031,0,021,0.036229852491973316,-0.04736350251592659,1.8661218630605134,-0.5098460877389563,-1.1416753789508662,0.24184549140059508,-0.9303163731767957,-0.06147477458516842,0
512,2024-09-27 16:26:48.227314941,0,021,0.06088553040279022,-0.03309868858885054,1.4154021248755007,-0.36370255891701764,-1.0814894889507274,0.22851650735551948,-0.30904559076405247,-0.10569710037714623,0
513,2024-09-27 16:26:48.296299072,0,021,0.08874441974374642,-0.01808552042909507,0.9747775416794812,-0.22641557955343822,-1.016919884410405,0.2188765948135384,0.3743568035683302,-0.15237122506258402,0
514,2024-09-27 16:26:48.363988037,0,021,0.11928426447479003,-0.003108867972512659,0.5589479465481774,-0.10376632985294804,-0.9532383938784446,0.21413028583916327,1.0926875116907186,-0.2040607285423381,0
515,2024-09-27 16:26:48.429505127,0,021,0.15195158512510148,0.011027256208628622,0.18009525505595955,-0.0007361691650182883,-0.8946520670855586,0.2149952247939019,1.8181785847094607,-0.262125917345576,0
516,2024-09-27 16:26:48.499392090,0,021,0.18622983335797494,0.023522507285243455,-0.1520996331548119,0.07875455097039076,-0.8442015693474073,0.22167521039129928,2.5229769262300707,-0.3262079971662655,0
517,2024-09-27 16:26:48.552835938,0,021,0.2216584522213587,0.03361014517941962,-0.4307485954097838,0.13210580608280792,-0.8037616839631638,0.23385699819512495,3.1799294199211188,-0.3939956452700642,0
518,2024-09-27 16:26:49.507394043,0,021,0.2578083504113887,0.040604181555454734,-0.6521095848891928,0.15823912683050625,-0.7740194641564452,0.2507043832324498,3.764036792168061,-0.4613812093005964,0
519,2024-09-27 16:26:49.569458984,0,021,0.2942065961104086,0.043965313025966554,-0.8157122146907619,0.15768270443184085,-0.7544499828134801,0.2708689718834564,4.254118342072778,-0.5229568238324566,0
520,2024-09-27 16:26:49.646300049,0,021,0.33021345614812986,0.043375182559840325,-0.924307801759014,0.13254580003172278,-0.7434548694235055,0.29257252925871263,4.633794069246081,-0.5727280104826731,0
521,2024-09-27 16:26:49.712662842,0,021,0.36490013167475766,0.0387993592095207,-0.9837559994899763,0.08638653348960032,-0.7387686970690946,0.3137972714871776,4.891287664448648,-0.6049206999160052,0
522,2024-09-27 16:26:49.774724121,0,021,0.39700956965677314,0.030514501979760328,-1.0027303209453906,0.02393379097582424,-0.7380358047001245,0.33255603538099343,5.018389065437179,-0.6147723913339225,0
523,2024-09-27 16:26:49.848740967,0,021,0.4250544623948609,0.01907818237886798,-0.9920033017874834,-0.049351575418873125,-0.7393495846119429,0.3471649726242528,5.009389613607549,-0.5992021238960629,0
524,2024-09-27 16:26:49.910296875,0,021,0.44752831889898576,0.00524125774446408,-0.9631828315816813,-0.12781796598506465,-0.7415793365562836,0.3564434549282779,4.860712244334455,-0.5572930717475983,0
525,2024-09-27 16:26:50.861354980,0,021,0.4631424033156892,-0.010164949211169087,-0.9271012764648859,-0.2061545949042333,-0.7444059812687477,0.35980093434602933,4.5715779732525,-0.490580584561617,0
526,2024-09-27 16:26:50.929072998,0,021,0.4710004989844257,-0.026323051174969744,-0.8923712254896764,-0.2797934724815066,-0.7481122322871091,0.35721372422375575,4.145493747332581,-0.4031269151710585,0
527,2024-09-27 16:26:50.996788086,0,021,0.470676729223567,-0.042487013325806636,-0.8645512249844535,-0.34511345328205584,-0.7532654061579476,0.34912533848271077,3.5918830954313745,-0.3013340137192654,0
528,2024-09-27 16:26:51.056540039,0,021,0.46221752644043423,-0.05801598346456435,-0.8460285388855849,-0.39946042794288944,-0.7604219124344519,0.3363097562839415,2.927228723227493,-0.19345312440456397,0
529,2024-09-27 16:26:51.132138916,0,021,0.44610634986657016,-0.0724011475645149,-0.8364915382886106,-0.4410538272965208,-0.7699048099131427,0.3197310063216922,2.1754042439447194,-0.08873651245794002,0
530,2024-09-27 16:26:51.195632080,0,021,0.4232203596204983,-0.08528601252594836,-0.8337429791260775,-0.4688615487766538,-0.781645031163477,0.3004240615130251,1.366960097332352,0.003745854624353334,0
531,2024-09-27 16:26:51.258538086,0,021,0.39479151943107493,-0.09647332181172769,-0.8345124163640673,-0.48250856031317046,-0.7950800483428468,0.27940854550691496,0.5371684801076787,0.07637779946548026,0
532,2024-09-27 16:26:52.187863037,0,021,0.3623583827481262,-0.10591404289708321,-0.8349920042163892,-0.4822492715517071,-0.8091384533774096,0.2576341605139998,-0.27700934282794865,0.12403642648537343,0
533,2024-09-27 16:26:52.241571045,0,021,0.3276802512066675,-0.11367708400383685,-0.8310789825047978,-0.4689875885724148,-0.8223321960802809,0.23594768623509016,-1.0402625231167006,0.1447412866366454,0
534,2024-09-27 16:26:52.318438965,0,021,0.29261040258717674,-0.11990661669564737,-0.8185087485316461,-0.44429700745548084,-0.8329408591626385,0.21506928725600402,-1.721510047259086,0.1398404706329543,0
535,2024-09-27 16:26:52.379111084,0,021,0.25895865572804866,-0.12478265397337639,-0.7930083184457978,-0.410395553558068,-0.8392600299328274,0.19557252714367326,-2.295239487407682,0.11364125187432866,0
536,2024-09-27 16:26:52.458635986,0,021,0.22837027385982828,-0.12849675738702085,-0.7504794845589731,-0.37004164618347773,-0.8398729748527104,0.17786190724490633,-2.7421578964800086,0.07251345289204252,0
537,2024-09-27 16:26:52.520073975,0,021,0.20222784903364768,-0.13124172435080075,-0.6872633990997715,-0.32632792727997484,-0.8338760672041603,0.1621399430643781,-3.0499228554054594,0.023681416468592485,0
538,2024-09-27 16:26:52.594077881,0,021,0.1815770670946382,-0.1332070573433683,-0.600573978977511,-0.28239597692080615,-0.8210038017553871,0.14837635500675772,-3.2139941261664666,-0.02600676021399606,0
539,2024-09-27 16:26:53.533767822,0,021,0.1670731034979039,-0.1345740581743706,-0.48903749625325604,-0.2411511110584248,-0.8016470918041048,0.13631043183744815,-3.2382187439397407,-0.07102277149058214,0
540,2024-09-27 16:26:53.595627930,0,021,0.15894281536440913,-0.1355094953821499,-0.3531516396392259,-0.20504849565635386,-0.7767744709833614,0.12550128639753916,-3.1348816756309246,-0.10759710138022906,0
541,2024-09-27 16:26:53.657885010,0,021,0.15697219183583078,-0.13616172803993296,-0.19556070577623183,-0.17595882497984866,-0.7477773006947354,0.11541230774283187,-2.923849777360212,-0.13376630752439664,0
542,2024-09-27 16:26:53.740458984,0,021,0.16053085769797823,-0.13666279693972241,-0.021146056202857293,-0.155085031318141,-0.7163005316519604,0.10550576585624047,-2.6304665708072426,-0.14934327108115603,0
543,2024-09-27 16:26:53.808160156,0,021,0.16862897172864377,-0.1371338827880326,0.16311846000663885,-0.142924680193617,-0.6841393160220871,0.09533033761435243,-2.282568207091208,-0.15587944584350855,0
544,2024-09-27 16:26:53.874787109,0,021,0.18000727134201122,-0.137690771497259,0.348655244780327,-0.13930964991997083,-0.6532220575073279,0.0845929648279625,-1.9074596370424337,-0.15643613178586474,0
545,2024-09-27 16:26:53.943652100,0,021,0.19327763319511226,-0.1384517473235562,0.5261331936694272,-0.1435414634186518,-0.6255802877583945,0.07319931880732498,-1.5293713702339562,-0.15511267541775323,0
546,2024-09-27 16:26:54.887479980,0,021,0.20710745230246735,-0.1395487886376874,0.6864928602390187,-0.15457599004541997,-0.6031664985655729,0.061239729410945916,-1.1676672145608689,-0.15646770754053582,0
547,2024-09-27 16:26:54.954755127,0,021,0.22039729324658314,-0.14113327398244296,0.8218229615540102,-0.17117077167568123,-0.5875195554977714,0.04892401088651981,-0.8361040040407008,-0.16494404529906279,0
548,2024-09-27 16:26:55.017974121,0,021,0.23239829352315375,-0.14336414504121062,0.9258776952678872,-0.19194296710724118,-0.5794087283852065,0.036498811670292106,-0.5431476673553606,-0.1843333806363373,0
549,2024-09-27 16:26:55.080166016,0,021,0.24274768342997316,-0.14637529100385188,0.9942760836553242,-0.21535654695908713,-0.5785365197446868,0.024168863863528567,-0.2928887049143915,-0.21730194091376423,0
550,2024-09-27 16:26:55.157770020,0,021,0.25142938524395725,-0.150232641767096,1.0245111228384354,-0.23971239703743502,-0.5833186201612505,0.01202638164458881,-0.08603802810634753,-0.264993409494698,0
551,2024-09-27 16:26:55.225604980,0,021,0.2586864936117434,-0.15489866185199253,1.015815622882388,-0.26321615770010626,-0.5908207510772894,6.140028949673997e-06,0.0791857998604531,-0.3267276880267374,0
552,2024-09-27 16:26:55.280697021,0,021,0.26492147196845783,-0.1602167918014543,0.9689062205153115,-0.2841177610348389,-0.5969441291342606,-0.01211179640229152,0.20613262087266856,-0.39984615980238053,0
553,2024-09-27 16:26:56.237504882,0,021,0.2706039845730807,-0.16591638670393186,0.8856775371622733,-0.30083498032741235,-0.5968539265172474,-0.024650385824573573,0.2986431616020217,-0.47978922324961903,0
554,2024-09-27 16:26:56.294863037,0,021,0.27617511425675584,-0.1716283994073774,0.7689177743627034,-0.31199858509601874,-0.5855954373609993,-0.037946932681601396,0.3600259529697383,-0.5604624495340965,0
555,2024-09-27 16:26:56.357745850,0,021,0.28193164854282476,-0.17690192603409655,0.6220859510889737,-0.31643848449563544,-0.558842092949807,-0.05224550345550025,0.3923509170455434,-0.6348109111273378,0
556,2024-09-27 16:26:56.440697998,0,021,0.2879112183238129,-0.18122346817505552,0.449193649621961,-0.3131672223725679,-0.5136706155377023,-0.06760044127677253,0.3959673317751808,-0.6953894241845208,0
557,2024-09-27 16:26:56.508379883,0,021,0.29382766636221697,-0.18404845678741633,0.2547997277114928,-0.3014064263234574,-0.4492060515292548,-0.08381604805694715,0.36902410468489044,-0.7347959659512309,0
558,2024-09-27 16:26:56.576111084,0,021,0.2990846437039407,-0.18484699603289556,0.04405880931509413,-0.28067394631876313,-0.3669838382438808,-0.10042316430317054,0.30718837736091525,-0.7460690269215643,0
559,2024-09-27 16:26:56.640418945,0,021,0.30285770494945863,-0.18315533133397802,-0.17724175847704063,-0.2509095495616408,-0.2709306343573653,-0.11668190261902538,0.2041581603530823,-0.7232183686817475,0
560,2024-09-27 16:26:57.561286865,0,021,0.3042199170566187,-0.1786226187083571,-0.402719745483682,-0.2125753225711438,-0.16696478937647055,-0.13160851576678606,0.053224961596150304,-0.6618698976972882,0
561,2024-09-27 16:26:57.630381104,0,021,0.3022865444762077,-0.1710443367320869,-0.6256073837631707,-0.166657455349264,-0.062307539258007145,-0.1440366814270347,-0.15072751929372089,-0.5598270426484763,0
562,2024-09-27 16:26:57.698111084,0,021,0.2963547950246788,-0.16037654317828123,-0.8391887873417169,-0.1145456728786023,0.035386416119335934,-0.15272424187536685,-0.4097776364526027,-0.4173916512756225,0
563,2024-09-27 16:26:57.765607178,0,021,0.28601271293046654,-0.1467328755028547,-1.0373993754510504,-0.057843612431893565,0.1189749482540925,-0.15649956805599408,-0.7225895149262421,-0.23741791088617725,0
564,2024-09-27 16:26:57.833046875,0,021,0.2712003725983237,-0.13037406594312467,-1.2154442691182343,0.00180608899996409,0.18271799061473756,-0.1544241420778698,-1.0848480499219448,-0.025138345738016314,0
565,2024-09-27 16:26:57.899115967,0,021,0.25223151910101155,-0.11169936004629907,-1.3702968222043126,0.06284036510580811,0.22296412888276582,-0.14594343715814162,-1.489694389826657,0.21213365504311552,0
566,2024-09-27 16:26:57.967884033,0,021,0.22979209468579165,-0.09124046758516796,-1.5009548580089238,0.12385431045199764,0.23852032988012414,-0.13099386063307983,-1.9275242108757829,0.4652869741423354,0
567,2024-09-27 16:26:58.909651123,0,021,0.20490634336819585,-0.06964871471028411,-1.6083628538844323,0.18366491892289133,0.23065137893693285,-0.11003195371249343,-2.3853630763743876,0.7236783637122237,0
568,2024-09-27 16:26:58.976862793,0,021,0.17885009984406847,-0.0476652185739218,-1.6950112159276127,0.24135013428143098,0.2027519419817577,-0.08397600707775908,-2.8465764909081672,0.9755528894620495,0
569,2024-09-27 16:26:59.040064209,0,021,0.15302384536913072,-0.02607321701531376,-1.7643356780093078,0.29623482436935844,0.15981681385198224,-0.05408689579418581,-3.291479301900326,1.2087791629393438,0
570,2024-09-27 16:26:59.101652100,0,021,0.12881989226066326,-0.005639068836872183,-1.8200883281347304,0.3478224482079995,0.10782320929810182,-0.021825719935126494,-3.6989478603873667,1.411860172349576,0
571,2024-09-27 16:26:59.180515136,0,021,0.10749313048009537,0.012950596853254464,-1.8658441822111884,0.395703916796877,0.05308288721863695,0.011289771295072927,-4.048638766187022,1.5749888032764527,0
572,2024-09-27 16:26:59.248285156,0,021,0.09002479785342282,0.029147125348856433,-1.9046766565979383,0.439470946643336,0.0016065769309579184,0.043818457592606275,-4.3230053556602375,1.6908955793097191,0
573,2024-09-27 16:26:59.315948975,0,021,0.07699352101934591,0.04258329410830695,-1.9388591276104319,0.47864554684174504,-0.041478216843563565,0.07450592579211729,-4.508350506780476,1.7553338767594173,0
574,2024-09-27 16:27:00.262185059,0,021,0.06849856369543071,0.053093204931298356,-1.969514387169688,0.5126561902538929,-0.07241221348804258,0.10236019743348881,-4.59479558644192,1.7671562795941003,0
575,2024-09-27 16:27:00.318551025,0,021,0.06416757722529455,0.06070452054917293,-1.9963945919541113,0.5409111465488082,-0.0891046077595475,0.12668609321982774,-4.575728044390843,1.7280450458413974,0
576,2024-09-27 16:27:00.397649170,0,021,0.0632378402434088,0.06560560672589072,-2.0180383639701667,0.5629627278381915,-0.09115734723348969,0.14707770691998232,-4.447315629055608,1.642010511057347,0
577,2024-09-27 16:27:00.464454834,0,021,0.06467496653458561,0.06809845579110868,-2.032294326553301,0.5786594555461422,-0.07964574575709452,0.1633859292041716,-4.208311713605754,1.5147428999235963,0
578,2024-09-27 16:27:00.533046875,0,021,0.06730490331240276,0.06855264264002471,-2.03692217919146,0.588177318997129,-0.05681884592455176,0.1756896634135763,-3.860292734571433,1.3529125573695544,0
579,2024-09-27 16:27:00.599939209,0,021,0.06995812221499736,0.06736823535937998,-2.02996966934831,0.5919129750701932,-0.025857000652698473,0.1842853334130489,-3.4084244087498794,1.1635526896774309,0
580,2024-09-27 16:27:00.656343994,0,021,0.07162351493709299,0.06494443798709809,-2.009844113691989,0.5903025289651515,0.009325246551064245,0.18968373557607404,-2.862402307932445,0.953605287180895,0
581,2024-09-27 16:27:01.612568115,0,021,0.07158071112665933,0.06165148989578692,-1.9752333568520137,0.5836671434581879,0.04434119840809438,0.19259077698919602,-2.2368163413747597,0.7296099891185293,0
582,2024-09-27 16:27:01.680624023,0,021,0.06946551253442663,0.0578113868385996,-1.9250809956173358,0.5721718388453616,0.07470530883884953,0.19386224046547254,-1.55045173821791,0.4974969221533669,0
583,2024-09-27 16:27:01.748343994,0,021,0.06525368521815639,0.05369120544140523,-1.858672292323309,0.5558909420116669,0.096228844783013,0.19444986854072466,-0.8246331409396107,0.2624793763737539,0
584,2024-09-27 16:27:01.815678955,0,021,0.05919286623508206,0.0495023324880209,-1.7757866192055953,0.5349080681548121,0.10533637297799481,0.1953594869521621,-0.08105860439255891,0.029032796298424094,0
585,2024-09-27 16:27:01.883347900,0,021,0.051725773917606875,0.04539610959313095,-1.6769370119757643,0.5094253675377941,0.09931820568845239,0.19761421874990254,0.6602185567236236,-0.19907344402386148,0
586,2024-09-27 16:27:01.951474121,0,021,0.04342805004966648,0.041455505572177184,-1.5637275179936239,0.4798913080452567,0.07659258313747454,0.2021938894829206,1.3818301744105455,-0.4186794674412038,0
587,2024-09-27 16:27:02.019156982,0,021,0.034961000209236905,0.03769022822790067,-1.4392332870520026,0.4471104075982219,0.03697778051408778,0.20993299608203056,2.0687543001637017,-0.6270002522767695,0
588,2024-09-27 16:27:02.962960938,0,021,0.027034973149494955,0.034039771427321466,-1.3082591159204777,0.4122878247143126,-0.018124885861406804,0.22139346578538463,2.70718072644358,-0.8212087500123125,0
589,2024-09-27 16:27:03.030685791,0,021,0.020384944194664138,0.03038156673980502,-1.1774001616973675,0.3770082351219637,-0.08575416618855904,0.23675015739680916,3.2835112170006755,-0.9979037186941347,0
590,2024-09-27 16:27:03.096546875,0,021,0.01575468604061877,0.02653958102508146,-1.0548417204033351,0.34315475310960325,-0.16165932282592008,0.25571609194203115,3.783767564687793,-1.1526330075316145,0
591,2024-09-27 16:27:03.154745117,0,021,0.01387430709209087,0.02229329645879613,-0.949796418016944,0.31275163377801934,-0.24076184767891282,0.27751057955557207,4.193349652677547,-1.2797095327487102,0
592,2024-09-27 16:27:03.231460938,0,021,0.015425061324581634,0.017389582957709208,-0.8715306549390827,0.2877326621372036,-0.31769858661747796,0.3008689925100235,4.49762969820275,-1.3725447659436412,0
593,2024-09-27 16:27:03.293279053,0,021,0.021009134898262387,0.01155513403360379,-0.8280697461053743,0.26966704020099747,-0.3873186628979599,0.32410331202946835,4.68396629449276,-1.4245542688344266,0
594,2024-09-27 16:27:03.356278809,0,021,0.03114069483537976,0.004504783383694729,-0.8248049703775149,0.2594886522802528,-0.4450264946962759,0.34521488331303707,4.744728704012601,-1.4304108780509417,0
595,2024-09-27 16:27:04.286371826,0,021,0.04624134779801597,-0.004048988783341367,-0.8633499641091799,0.2573068077143461,-0.4869595293117088,0.3620403855387823,4.680072676762183,-1.3872061794590669,0
596,2024-09-27 16:27:04.348020020,0,021,0.06659802741616916,-0.014369388046528193,-0.9410214343991875,0.26239076894993957,-0.5101046145860146,0.37241503991643277,4.499421207773149,-1.2951072314132357,0
597,2024-09-27 16:27:04.410092041,0,021,0.09226537998365665,-0.026644799635894376,-1.0510886671575244,0.2733398793867398,-0.5124427512894212,0.37435237067409965,4.221225329498952,-1.1573916566126234,0
598,2024-09-27 16:27:04.490127197,0,021,0.1229609619686591,-0.040933826585848036,-1.1836029136636546,0.28833975528950656,-0.49307767455300583,0.366232275214002,3.8709993238929847,-0.9800757916604064,0
599,2024-09-27 16:27:04.557854004,0,021,0.15802917321820223,-0.05713752963627156,-1.3265347335341857,0.3053946466624923,-0.4522362667891742,0.3469672253461857,3.4781414079398596,-0.7714455906975827,0
600,2024-09-27 16:27:04.625020996,0,021,0.19648326981225916,-0.07501102164493163,-1.467066254746577,0.3224949869959054,-0.39109733445360106,0.3161083823074136,3.07258586225094,-0.5416386478422652,0
601,2024-09-27 16:27:04.688777832,0,021,0.23705959296962975,-0.0941961044865006,-1.592910339249198,0.3377234039528276,-0.31150953562889344,0.27387115726302563,2.6822058742008257,-0.30221419242748326,0
602,2024-09-27 16:27:05.630095947,0,021,0.2782438348069296,-0.11424813873713212,-1.69346995835256,0.34931845135531053,-0.21571101670932183,0.22109364416311433,2.3311274350453326,-0.06557935508714625,0
603,2024-09-27 16:27:05.692153076,0,021,0.31831174185430233,-0.13464921314856187,-1.7606775350550208,0.35572899493847926,-0.1061362474638665,0.15916151629797384,2.0385101913184034,0.15577138637781646,0
604,2024-09-27 16:27:05.771779053,0,021,0.3554431981262166,-0.1548204259695697,-1.7894871856373897,0.3556853464490815,0.014666682519423402,0.08992149854637235,1.8173961664659193,0.35010744343267264,0
605,2024-09-27 16:27:05.830734863,0,021,0.38790269391784193,-0.1741464641121149,-1.7781282009304598,0.348294662828473,0.14401208773912838,0.015583633014578767,1.6737118492334462,0.5072400596245659,0
606,2024-09-27 16:27:05.892687012,0,021,0.41422135306643887,-0.19201179911815433,-1.7282381389747326,0.3331533898287797,0.27897042278771217,-0.0613930138472987,1.605825920760914,0.6191171817147415,0
607,2024-09-27 16:27:05.970791992,0,021,0.4333237618301213,-0.20783837800003901,-1.6448863545763872,0.31044480281140713,0.41625503529181573,-0.13843203175279462,1.6049317759597113,0.6802140041010117,0
608,2024-09-27 16:27:06.032833008,0,021,0.44458999874307126,-0.22111680530845595,-1.5363816570381241,0.28097153405121517,0.5521812248238247,-0.21298657858819986,1.656276492724299,0.6877168149597112,0
609,2024-09-27 16:27:06.984030029,0,021,0.4478754853369894,-0.23143087114826233,-1.4136972193680448,0.24608529132394216,0.6827232720316345,-0.28269198422845937,1.741073298072409,0.6414959479993658,0
610,2024-09-27 16:27:07.054878906,0,021,0.44350544812428017,-0.2384797831948272,-1.289412480068,0.20749904770019786,0.8036696132329711,-0.34550384606815815,1.8386230228307472,0.5439350799971504,0
611,2024-09-27 16:27:07.108140869,0,021,0.4322406278022995,-0.24209864515946097,-1.1762727562272068,0.16699846674236918,0.9108645124960739,-0.3997971545151376,1.9279684378272066,0.39975188794766175,0
612,2024-09-27 16:27:07.185767822,0,021,0.4152068474809716,-0.24226893431400504,-1.0856687199405965,0.12612478032349123,1.0005016629791388,-0.4444128274857534,1.9886942325586578,0.21588136713438394,0
613,2024-09-27 16:27:07.257935059,0,021,0.39379554403926126,-0.2391087121417688,-1.0264001890416445,0.08593507344531655,1.0694463643450023,-0.4786615268815878,2.001063714099697,0.0013474598597628682,0
614,2024-09-27 16:27:07.325604004,0,021,0.3695617801048505,-0.2328447601973734,-1.003937721636398,0.04690363844474396,1.1155736505265643,-0.5023075184324404,1.9461825103621775,-0.23304862578884994,0
615,2024-09-27 16:27:07.386957764,0,021,0.34414424930016563,-0.22378365429919217,-1.020151476082139,0.008951581477887936,1.1380770337757589,-0.5155529342579773,1.8069956534562488,-0.47537218572586953,0
616,2024-09-27 16:27:08.297967041,0,021,0.3191994926386468,-0.21229695934893966,-1.0734358006554001,-0.02843168857193791,1.1376833555355654,-0.5190401428105121,1.5703876831335712,-0.713524592156726,0
617,2024-09-27 16:27:08.377537109,0,021,0.2963229860303411,-0.1988190542430722,-1.1592773818201865,-0.06598225202818649,1.1167202660005273,-0.5138720103720184,1.2297506025821494,-0.9363231560465529,0
618,2024-09-27 16:27:08.447706055,0,021,0.27694915313468205,-0.18384492503353836,-1.271229904072778,-0.10438316118279818,1.0789929356619141,-0.5016116284190713,0.7868689199888368,-1.1343676831385314,0
619,2024-09-27 16:27:08.515436035,0,021,0.26224715060303905,-0.16792136654890993,-1.402005812206434,-0.14398348860070556,1.0294620593023234,-0.48421389300272744,0.2523222041278406,-1.3004847522798484,0
620,2024-09-27 16:27:08.576875977,0,021,0.2530361181400038,-0.15163638231172466,-1.5443371683071654,-0.18460256740297654,0.9737733311849698,-0.46388543182451153,-0.35547859712200086,-1.4297984829429569,0
621,2024-09-27 16:27:08.642045898,0,021,0.24974217305643423,-0.13561102493351665,-1.6914252492951443,-0.22545948652088393,0.9177216240846652,-0.4429175032423939,-1.011897946385011,-1.5196202459386035,0
622,2024-09-27 16:27:08.714716797,0,021,0.2524091063764204,-0.12048842054650984,-1.8369781647126042,-0.2652335086083454,0.8667440159753447,-0.4235401861621527,-1.6877286719889208,-1.569296099773939,0
623,2024-09-27 16:27:09.657620850,0,021,0.26075077341742403,-0.10691019738443566,-1.9749552414132825,-0.3022479026066454,0.8255181914488051,-0.40781193049454395,-2.350791765986136,-1.5800485758455103,0
624,2024-09-27 16:27:09.730034180,0,021,0.2742154730757361,-0.09547748629762177,-2.0992176216610274,-0.3347211137878662,0.7976864737794035,-0.3975248932567945,-2.9678113744913746,-1.5547650243905518,0
625,2024-09-27 16:27:09.797764160,0,021,0.29204071837404305,-0.08670726047251862,-2.2033022080226137,-0.3609875219651364,0.7856879879172112,-0.39410292066745783,-3.5068546624173536,-1.4976496390052279,0
626,2024-09-27 16:27:09.865468018,0,021,0.3132971161659387,-0.08099937322346142,-2.2804640190554313,-0.37963718393172724,0.7906819352649802,-0.3984917386052854,-3.939998679467536,-1.413755196182086,0
627,2024-09-27 16:27:09.933270996,0,021,0.3369297070574986,-0.07861676624192666,-2.3240235011157475,-0.3896025686637884,0.812547616085023,-0.41106724681139917,-4.245458551654978,-1.3085184722420629,0
628,2024-09-27 16:27:10.000906982,0,021,0.36180452052705975,-0.07966770068970182,-2.328021531292338,-0.39021095312967585,0.8499643023186709,-0.4316010382849007,-4.408751560039237,-1.187372731211223,0
629,2024-09-27 16:27:10.068466064,0,021,0.38676520632641137,-0.08408382241793154,-2.2881795979232495,-0.38116363212647897,0.900610241205341,-0.45931292524531775,-4.422873118953059,-1.05543978548033,0
630,2024-09-27 16:27:11.010947998,0,021,0.4106959686672779,-0.09160346159853715,-2.2029929636154506,-0.36243521030359777,0.9614992751416248,-0.49300487859712244,-4.287484112490269,-0.9173422796606019,0
631,2024-09-27 16:27:11.079646973,0,021,0.43257454186414296,-0.1017730978305857,-2.074531619904754,-0.3341858522778524,1.0293767041359558,-0.531226202756605,-4.007233786900108,-0.7772116752350464,0
632,2024-09-27 16:27:11.147395996,0,021,0.45150036215166933,-0.11396712085192495,-1.9085332489994962,-0.29679513857561296,1.1010530502709353,-0.572408252904462,-3.589733235008858,-0.6389010839866993,0
633,2024-09-27 16:27:11.214704102,0,021,0.46670890389057856,-0.12741690931770325,-1.7137152276814789,-0.25102179476310366,1.1736283908982739,-0.6149459574869414,-3.0440545019796774,-0.5062708613317045,0
634,2024-09-27 16:27:11.282831055,0,021,0.47759994120302107,-0.1412456177919325,-1.5006087620174353,-0.19817271381653512,1.2446226425505174,-0.6572483640446808,-2.3804883942503556,-0.38333888295414775,0
635,2024-09-27 16:27:11.336293945,0,021,0.48377498373067557,-0.15450980165284883,-1.2803558189939723,-0.14012913368433724,1.312022585011533,-0.697790382692495,-1.6114896665430554,-0.27419711042868383,0
636,2024-09-27 16:27:11.418329834,0,021,0.485039454047819,-0.16624583885228136,-1.0637566325671874,-0.07916455279774436,1.374272659025134,-0.7351823974905194,-0.7530874683205151,-0.18275892186416073,0
637,2024-09-27 16:27:12.361879150,0,021,0.4813461572988928,-0.17551923299862465,-0.8605674873373942,-0.017642799345059336,1.4302607872499504,-0.7682511627464519,0.17391917489240252,-0.11243446248509918,0
638,2024-09-27 16:27:12.429649170,0,021,0.4727134959878318,-0.18148017837222133,-0.6789301840110475,0.042241603744118304,1.4793233884120105,-0.7961039070275112,1.1434399832801156,-0.06577894264358142,0
639,2024-09-27 16:27:12.497376953,0,021,0.4591769665269585,-0.1834297129466083,-0.5249412812048875,0.09860054116686368,1.5212731738330079,-0.8181466616342232,2.1244676715943815,-0.044143634109138775,0
640,2024-09-27 16:27:12.565080811,0,021,0.44080890175774445,-0.18089224946165686,-0.40244801159804455,0.14990231726014117,1.5564540091460397,-0.8340546640443478,3.082137164300273,-0.04741269775971608,0
641,2024-09-27 16:27:12.632770996,0,021,0.417794013807402,-0.17367780253655152,-0.31308530125300704,0.1949833748331491,1.5857732013119883,-0.8437185979092618,3.9791051004492513,-0.07394988618960951,0
642,2024-09-27 16:27:12.700489014,0,021,0.3905093200347482,-0.16191281394794846,-0.2565533208807249,0.23303115140673353,1.610597206768104,-0.8471871223724506,4.777259866362576,-0.12079147743031764,0
643,2024-09-27 16:27:12.754949951,0,021,0.3595551106573526,-0.14602798066173284,-0.23117204403437325,0.26356151107384546,1.6324503819392964,-0.844610073245128,5.439959535310387,-0.1839586530926983,0
644,2024-09-27 16:27:13.712563965,0,021,0.3257223656261152,-0.1267089992647069,-0.23465875527227564,0.28643783085694713,1.6526003945686323,-0.8361862695271006,5.934589021750937,-0.2587210840187077,0
645,2024-09-27 16:27:13.772531006,0,021,0.2899262509889156,-0.10482846747864222,-0.2649337826157098,0.30192699027391307,1.6716917993441598,-0.8221290996947594,6.234883525537106,-0.3397633114218942,0
646,2024-09-27 16:27:13.847989014,0,021,0.25314622186400887,-0.0813756492510525,-0.32074360881070296,0.3107293440976648,1.6895346949414645,-0.8026622748746212,6.3226346009317815,-0.42131073310932116,0
647,2024-09-27 16:27:13.915391846,0,021,0.21639024568146714,-0.057391302179666884,-0.4019491992786706,0.31394627181770834,1.7050441464808663,-0.7780429248664673,6.188715154057112,-0.49727226093582716,0
648,2024-09-27 16:27:13.973871094,0,021,0.1806728373570801,-0.03390757237094905,-0.5094058441597232,0.3129976147830085,1.7162755923716677,-0.7485917626363648,5.833575986285798,-0.5614581598520622,0
649,2024-09-27 16:27:14.050434082,0,021,0.14698660750935982,-0.011890075048984459,-0.6444950661625867,0.30949256920587326,1.7205409544085062,-0.7147099060071436,5.26748098811624,-0.6079584879654678,0
650,2024-09-27 16:27:14.118677979,0,021,0.11625425679969398,0.00781952770573613,-0.8084360415423352,0.30504122972979714,1.7146370241060598,-0.6768801497310706,4.510583234976572,-0.6316802562108803,0
651,2024-09-27 16:27:15.023144043,0,021,0.08925868124543225,0.024556743373301722,-1.0014772668106844,0.30103918533073326,1.6952099468396,-0.6356646394900987,3.5925642031399314,-0.6288356484811793,0
652,2024-09-27 16:27:15.102020996,0,021,0.06655857981483078,0.03787569375713167,-1.2221467251000462,0.29850515254521953,1.65922216819582,-0.5917111242943117,2.5514038116523956,-0.5970968213031926,0
653,2024-09-27 16:27:15.172218018,0,021,0.048413548261358026,0.047573660071412296,-1.4667978260261767,0.2980062563594784,1.6044220453373583,-0.5457745759633083,1.431130294555017,-0.5353765758995258,0
654,2024-09-27 16:27:15.240130859,0,021,0.034755399751550044,0.05369731966020178,-1.7294913277755952,0.2996213302113473,1.5297086356725733,-0.4987475646978391,0.2789320527912696,-0.4435425710091646,0
655,2024-09-27 16:27:15.304641113,0,021,0.025221479195494865,0.056528807918421485,-2.0020505462179026,0.3028900852204056,1.435330357004444,-0.45167174632385293,-0.8576389272103083,-0.3223959016932981,0
656,2024-09-27 16:27:15.367481934,0,021,0.019219993618065607,0.05654939863471324,-2.2742089767762774,0.30676033641990724,1.3228807279214667,-0.40569935902482673,-1.93287068546857,-0.17392428561625897,0
657,2024-09-27 16:27:15.443300049,0,021,0.015986009951069996,0.05438336872620456,-2.5339671032687674,0.3095853350921989,1.1950720737305982,-0.3619990047381939,-2.9045801179943442,-0.0015812120441339428,0
658,2024-09-27 16:27:16.387669189,0,021,0.014628706044500794,0.05073069567990548,-2.768301238528645,0.3092227874651398,1.0553398228450657,-0.3216260108737925,-3.7357202012841837,0.18963750479491093,0
659,2024-09-27 16:27:16.455446045,0,021,0.01420172552331938,0.0462990058692396,-2.9641989326672076,0.30326220133668735,0.9073987264885344,-0.285383513410577,-4.3962602868034635,0.39336818181915584,0
660,2024-09-27 16:27:16.523158936,0,021,0.01380476846321305,0.04174155881715392,-3.1098143400606513,0.2893476467365969,0.7548792805733205,-0.25370537688897904,-4.865260144435978,0.6022076003013068,0
661,2024-09-27 16:27:16.590881104,0,021,0.012686585303215078,0.037603559718001535,-3.195492254937101,0.2655056971230497,0.6011608160114704,-0.22660723781473627,-5.132532469372289,0.8081049841820586,0
662,2024-09-27 16:27:16.646847900,0,021,0.010311995451646723,0.03428123290034934,-3.2145117867719493,0.23040158755398957,0.44946468971153036,-0.20374053818619323,-5.199102369668224,1.002792154696723,0
663,2024-09-27 16:27:16.724322998,0,021,0.006373168168888082,0.03200322056443461,-3.1635585953798757,0.18351727509257565,0.3031267869946827,-0.18452980226669424,-5.075985820029442,1.1782036123493778,0
664,2024-09-27 16:27:16.794017090,0,021,0.0007537970653675102,0.030838600225604387,-3.0430068765401193,0.12528191473052078,0.1658368874435308,-0.16832878765952752,-4.781535077321675,1.3268393550774906,0
665,2024-09-27 16:27:17.725718018,0,021,-0.006520587762148581,0.03072165209035859,-2.8570046059220373,0.057131523739104594,0.04164278357337491,-0.15453834071115752,-4.338340822916429,1.44212737655057,0
666,2024-09-27 16:27:17.802642090,0,021,-0.015315995538315853,0.03147756659603799,-2.6132566969854234,-0.018589446621541633,-0.0653447626359467,-0.1426656231961061,-3.7706299706625828,1.5188447022709484,0
667,2024-09-27 16:27:17.873260010,0,021,-0.025401289626474113,0.032842029553591084,-2.322454246827667,-0.0989171720504773,-0.15145464916998225,-0.13233756578788697,-3.102349396811586,1.553525198679525,0
668,2024-09-27 16:27:17.926198975,0,021,-0.0364463289120161,0.03447978249368754,-1.9973983422140338,-0.18065162239698732,-0.21398997750074697,-0.12329815347824165,-2.3558784063180194,1.5447698637372542,0
669,2024-09-27 16:27:18.007798096,0,021,-0.048016813546442626,0.036010124149342564,-1.6519254156192018,-0.260689527969056,-0.2516164307294957,-0.11541355367562324,-1.5517020608411616,1.4934742162439774,0
670,2024-09-27 16:27:18.075908936,0,021,-0.05957698547431831,0.03703963559996299,-1.2998349447475583,-0.3362206278018617,-0.26450074745022106,-0.10868423519645959,-0.7092380098798153,1.4029558613294366,0
671,2024-09-27 16:27:18.143964111,0,021,-0.07051382937470337,0.03719519575173256,-0.9540517839324383,-0.40478593941012697,-0.2542390301747451,-0.10323983230344166,0.15181880810815573,1.2788516733859,0
672,2024-09-27 16:27:19.086715088,0,021,-0.08019032310124889,0.03615272119919809,-0.6260870027355203,-0.4642657131305697,-0.22371412794752008,-0.0992965409152393,1.0105546721363114,1.128717067820898,0
673,2024-09-27 16:27:19.155613037,0,021,-0.08801976394391053,0.033662194784270925,-0.3256894028584717,-0.512880509620404,-0.1769475514247777,-0.09709087000520802,1.8445674827403369,0.961443870029851,0
674,2024-09-27 16:27:19.223160889,0,021,-0.09354571029097189,0.029568084955017313,-0.06061460164848418,-0.5492298861931597,-0.1188641036090749,-0.09682784741086384,2.630125460452812,0.7866321947330716,0
675,2024-09-27 16:27:19.289847900,0,021,-0.09651485230164451,0.02382055178563166,0.16346272504020848,-0.5723299558513019,-0.054890441289201834,-0.09865795142083618,3.342663773511379,0.6139366103837239,0
676,2024-09-27 16:27:19.352516846,0,021,-0.0969275097607735,0.016474661377566226,0.34287242167562404,-0.5816120219407557,0.009560489488029967,-0.1026603281793885,3.9576762706268336,0.4524076622835311,0
677,2024-09-27 16:27:19.425827881,0,021,-0.09504854999810115,0.007680923575416097,0.4757304635584547,-0.576877637656791,0.06961976047276984,-0.10881739994576187,4.451822736145254,0.3099496574508636,0
678,2024-09-27 16:27:19.494272949,0,021,-0.0913684328599005,-0.002326887087418614,0.5616206218791849,-0.5582280566056171,0.1214525193337674,-0.11699244119825322,4.803864728527921,0.19303567834964996,0
679,2024-09-27 16:27:20.411730957,0,021,-0.08651466386430025,-0.01324459484637214,0.6012552335672993,-0.5259972552423027,0.16264462098789478,-0.12692170794916963,4.9953235353226,0.10670236797557096,0
680,2024-09-27 16:27:20.468617920,0,021,-0.08113130208316115,-0.02471260714511436,0.5962062112204572,-0.4807145003188208,0.19238283808756124,-0.13822366569326777,5.011268643659552,0.054658086402291035,0
681,2024-09-27 16:27:20.547256836,0,021,-0.07575622352062443,-0.03633414855387871,0.5487185161653876,-0.42310134740019634,0.21135712200122736,-0.15042396968189564,4.841565199106501,0.039272334951183686,0
682,2024-09-27 16:27:20.614944092,0,021,-0.07071763149804948,-0.047698567019028845,0.4615823572366831,-0.3540953183555991,0.22141958246243706,-0.16299045264669293,4.482288789740383,0.06138126174966296,0
683,2024-09-27 16:27:20.670435059,0,021,-0.06606831882699922,-0.05840944158647946,0.3381236869114571,-0.2749097662280184,0.22514666987230128,-0.175378299534928,3.9368562228625055,0.1200457023603871,0
684,2024-09-27 16:27:20.748541016,0,021,-0.06158539144025248,-0.06811000698211762,0.18238051484395126,-0.187149274399898,0.22544755058439167,-0.18708826331836595,3.2167255537672976,0.21244027879855795,0
685,2024-09-27 16:27:20.818097900,0,021,-0.05684053201398686,-0.07649950869073234,-0.0005908866351306825,-0.09296372354241351,0.2252397283564003,-0.19772541956553746,2.34152499318075,0.33398980278417556,0
686,2024-09-27 16:27:21.761114990,0,021,-0.05129478574856129,-0.08334569695597117,-0.20442851478228552,0.004828446560205009,0.22715261018814584,-0.20703899906064566,1.3384170624315868,0.4787551325599109,0
687,2024-09-27 16:27:21.828842041,0,021,-0.044362300765042946,-0.08850305423499302,-0.42137661977526863,0.10273572676636408,0.23326538903223573,-0.21493154693443037,0.2408748701980726,0.6399144039200554,0
688,2024-09-27 16:27:21.894429932,0,021,-0.03543552161687522,-0.09193728771194842,-0.6425487842234152,0.19675759082526034,0.24492309982823973,-0.22143376280862737,-0.9126981377567961,0.8101562720348723,0
689,2024-09-27 16:27:21.964255127,0,021,-0.023903047224571792,-0.09374624747576672,-0.8585212538766286,0.2826906055474885,0.2626818786078188,-0.22665643276134304,-2.0803816554682677,0.9819783099910402,0
690,2024-09-27 16:27:22.031864990,0,021,-0.009182206107771136,-0.09416600408803907,-1.0600513792287511,0.3565035248922817,0.28642046146677946,-0.23074694483956362,-3.218373055227942,1.1480003358851811,0
691,2024-09-27 16:27:22.095460938,0,021,0.00923550021032797,-0.09355790608804673,-1.2387563917416033,0.414726051596651,0.3156036656538181,-0.23387539138406999,-4.282880309366554,1.3012976656835025,0
692,2024-09-27 16:27:22.158133057,0,021,0.03173851702390835,-0.0923807045893563,-1.387714761658871,0.45480647936268803,0.3496307775117564,-0.2362518640658382,-5.232098034048397,1.4356760603588832,0
693,2024-09-27 16:27:23.104025879,0,021,0.05856504505308129,-0.0911543891682106,-1.5018818921811128,0.4753487634270424,0.3881652769383764,-0.2381465132955767,-6.028274537184007,1.5459065945934798,0
694,2024-09-27 16:27:23.178906006,0,021,0.08979879199585712,-0.09042015211599946,-1.5781163765073012,0.4761302664417825,0.43131444065096824,-0.23987418210284336,-6.6400843236049045,1.6280034725823298,0
695,2024-09-27 16:27:23.246627930,0,021,0.1253829230138181,-0.09069916944509432,-1.614808160821978,0.4579009614348055,0.4795651249927959,-0.24173099687060648,-7.045118227915986,1.6795039664673663,0
696,2024-09-27 16:27:23.314320068,0,021,0.1651385033828001,-0.09245285978964692,-1.6114147273740245,0.42208539854582194,0.5335118504029085,-0.2439095927118264,-7.231731320161473,1.6995903276364224,0
697,2024-09-27 16:27:23.382033203,0,021,0.20878485665796118,-0.0960484039716995,-1.5682664044111794,0.37052776415922223,0.5935313458448991,-0.2464407017015124,-7.199653635209788,1.6889720215828237,0
698,2024-09-27 16:27:23.445312012,0,021,0.2559543790012178,-0.10173352136682628,-1.4867307180173672,0.30534145186921374,0.6595590989051061,-0.24919644113107303,-6.95931699280581,1.64957867466335,0
699,2024-09-27 16:27:23.517451904,0,021,0.3061763572699213,-0.10962028274380184,-1.3695002493265378,0.22884479661709495,0.7310270475151233,-0.2519482695707501,-6.529987411996303,1.584123499490639,0
700,2024-09-27 16:27:24.458166992,0,021,0.3588212845504424,-0.11967470242070143,-1.2207103882401191,0.1435351577236605,0.8069207997439275,-0.2544329788162915,-5.9368932769364084,1.495588757477528,0
701,2024-09-27 16:27:24.529000977,0,021,0.4130399307052451,-0.13171301582081144,-1.0457932760228008,0.05205680990490116,0.8858701353395523,-0.2563797447521996,-5.208039754223441,1.3867750043142888,0
702,2024-09-27 16:27:24.596691895,0,021,0.46774022538548593,-0.1454089320611133,-0.8511446201169068,-0.042851086748534946,0.9662038628020999,-0.2574868748655886,-4.371657014604816,1.2601179327950374,0
703,2024-09-27 16:27:24.658063964,0,021,0.5216176026336877,-0.1603128619262492,-0.6437029321994364,-0.1384006848481474,1.0459663483472026,-0.25737862838319264,-3.454750574848877,1.1178551833394574,0
704,2024-09-27 16:27:24.732050781,0,021,0.5732273678840738,-0.1758790584752025,-0.4305173422363779,-0.23177323997485139,1.1229468956302684,-0.2555838473465399,-2.4825195668198696,0.9624047758438858,0
705,2024-09-27 16:27:24.799742920,0,021,0.6210703076286656,-0.19149348323570428,-0.21835602215884864,-0.32012932681111267,1.1947477329699467,-0.2515456751820243,-1.4781895593998828,0.796712526809685,0
706,2024-09-27 16:27:24.858937012,0,021,0.6636629619118862,-0.20649612435594877,-0.013376663213530152,-0.4006653912250559,1.2588627048102765,-0.24464094264757452,-0.46311754640141634,0.6244144036776529,0
707,2024-09-27 16:27:25.811322998,0,021,0.6995902821829256,-0.2201977933873925,0.17911045793631986,-0.4707643040948139,1.3127425359486347,-0.23420059767751372,0.5426376327652356,0.4498451109873761,0
708,2024-09-27 16:27:25.879077881,0,021,0.7275628052167872,-0.2318990536601855,0.3547276926474189,-0.5282447570617351,1.3538576076611126,-0.21954663523953669,1.519168584019907,0.27803065516806835,0
709,2024-09-27 16:27:25.946815918,0,021,0.7464918721770228,-0.240921250793329,0.5099433083897832,-0.5716530925548552,1.379773775185557,-0.20005517124891115,2.445342302530224,0.11472947024726615,0
710,2024-09-27 16:27:26.008429932,0,021,0.7555705209968782,-0.24665234621945875,0.6418766480629258,-0.6004893858729918,1.3882399192325308,-0.17523722259537708,3.2978245573274165,-0.03354547224607317,0
711,2024-09-27 16:27:26.082309082,0,021,0.7543378124150175,-0.24859757956308948,0.748102576639088,-0.6152592761132393,1.3772915125565481,-0.14482408172689581,4.0509711751482325,-0.15964179490142547,0
712,2024-09-27 16:27:26.150007080,0,021,0.7427120362031565,-0.24641985319145493,0.8265540697602357,-0.6173190425719114,1.3454019505552806,-0.10884584230719291,4.6778250420219525,-0.25612292214243026,0
713,2024-09-27 16:27:26.209747070,0,021,0.7209843256307967,-0.23996226870091694,0.8755822361113017,-0.6085889402494785,1.2916953533620985,-0.06769239768931797,5.1522990411267084,-0.3158840161604264,0
714,2024-09-27 16:27:27.127667969,0,021,0.6897711261228573,-0.22925527774377974,0.8941606898458738,-0.591256326624608,1.2161489931175582,-0.02214731190457469,5.452229735594055,-0.3329003395364987,0
715,2024-09-27 16:27:27.205115967,0,021,0.6499425296479037,-0.2145136532317718,0.8821306997202002,-0.5675405660851749,1.1196678857680231,0.026618233869969844,5.562483196618205,-0.3028931328339793,0
716,2024-09-27 16:27:27.272845947,0,021,0.6025550992087005,-0.19612498891767896,0.8403477144650615,-0.5395185526279874,1.0039898565843,0.07710580321087987,5.477141988233643,-0.22375742121458456,0
717,2024-09-27 16:27:27.333527100,0,021,0.5488062006000796,-0.1746273933632876,0.7706606313157978,-0.5089958298481164,0.8715052791518015,0.12759956984270943,5.200213049735774,-0.09573437426512138,0
718,2024-09-27 16:27:27.405629883,0,021,0.49000545356478353,-0.15067222889021958,0.6757681746625512,-0.477441565883313,0.7251236077139648,0.17629235423645187,4.745090868365993,0.0785713855480637,0
719,2024-09-27 16:27:27.474629883,0,021,0.427541055644581,-0.12496876950599785,0.5590638922531743,-0.4460178229340055,0.5682343434163674,0.22140133111333488,4.133585455402723,0.2942014283015801,0
720,2024-09-27 16:27:27.542862793,0,021,0.3628149924000963,-0.09821319826615063,0.4245799287152957,-0.41569821772357335,0.4046761405387943,0.26128666397289046,3.3950749215280176,0.5438329747008156,0
721,2024-09-27 16:27:28.487523926,0,021,0.2971478409173982,-0.07101507984619614,0.2770741699328742,-0.3874195420704596,0.2385911191122107,0.29459365762564316,2.5655266541104296,0.817837401187606,0
722,2024-09-27 16:27:28.555246094,0,021,0.23169912390473643,-0.043844428614277,0.1222144927121934,-0.3621937825508671,0.07414584148541781,0.32039218865887586,1.6857954070662389,1.104565652332874,0
723,2024-09-27 16:27:28.614885010,0,021,0.16745904605928363,-0.01701948787642302,-0.03325074915356981,-0.3411480621939418,-0.08475919942572147,0.33825220556185176,0.7991714793415885,1.3909297330860102,0
724,2024-09-27 16:27:28.690403076,0,021,0.10531379069935409,0.009264632040255105,-0.1815122764584543,-0.32549811797758116,-0.23464660435778067,0.34822487002777647,-0.05128378891576348,1.6631981809004375,0
725,2024-09-27 16:27:28.758383057,0,021,0.046123802402548326,0.03488786535225431,-0.3141519037931215,-0.3164403799187375,-0.3724720635013794,0.3507575634327177,-0.8252690082298224,1.9078593376654653,0
726,2024-09-27 16:27:28.815737061,0,021,-0.009252717908584424,0.05976415809356949,-0.4231245758569405,-0.3149368682688666,-0.4956004014898964,0.34658999911018745,-1.4876237487672295,2.1124533854087617,0
727,2024-09-27 16:27:28.893843018,0,021,-0.06001809470488757,0.08382231566422187,-0.5019389320699029,-0.3214464741656119,-0.6018332661246341,0.3366590100630544,-2.010422957811524,2.266376533156038,0
728,2024-09-27 16:27:29.832642090,0,021,-0.10555158111503606,0.10700628002553281,-0.5464595896189288,-0.33573708316944195,-0.689476261322976,0.32202429029143476,-2.374604572394267,2.3616963027904525,0
729,2024-09-27 16:27:29.905243896,0,021,-0.14552292719528076,0.12927892624859472,-0.5550589636218155,-0.356863826711223,-0.7574081539218919,0.3038190137935226,-2.5711068916855697,2.393894593715923,0
730,2024-09-27 16:27:29.972927002,0,021,-0.1799405649010376,0.1506117655749722,-0.5283346678201526,-0.38327004264479037,-0.8051516245352196,0.28321570781563016,-2.601274771437685,2.3623045445327286,0
731,2024-09-27 16:27:30.032406982,0,021,-0.2091114184147093,0.17095696606974908,-0.4687665931802256,-0.41290653634382196,-0.8329731870368113,0.26139559605192647,-2.476182565307104,2.270060002878682,0
732,2024-09-27 16:27:30.094084961,0,021,-0.23353404489693472,0.1902158516673273,-0.3804812279298065,-0.443311659722432,-0.8420072142617692,0.23951623692772658,-2.215221733915461,2.1236256101562665,0
733,2024-09-27 16:27:30.172190918,0,021,-0.25376157897386004,0.20822047861712326,-0.26903795700025296,-0.4716795811565742,-0.8343050873748472,0.2186666124913694,-1.8447754677244348,1.932108105747559,0
734,2024-09-27 16:27:30.243009033,0,021,-0.2702706942554033,0.2247344855489597,-0.14112841673417503,-0.4949802595680862,-0.8126839158642644,0.19979974637620915,-1.3970372319271258,1.706417268766786,0
735,2024-09-27 16:27:31.162538086,0,021,-0.28338035960383284,0.23947347893982898,-0.004215996421110334,-0.5101651937755761,-0.7803866479324946,0.18366061435899922,-0.9082557157472065,1.4582541152830817,0
736,2024-09-27 16:27:31.227343018,0,021,-0.29325973853142934,0.2521443711301197,0.13381855501278983,-0.514453146302183,-0.7407212677042142,0.17074862676678187,-0.41625142132582166,1.199042526413079,0
737,2024-09-27 16:27:31.298029053,0,021,-0.30002529949038864,0.26249648952782356,0.2650572904366008,-0.5056560909327902,-0.6968222137924331,0.16133697787390588,0.04209636098884385,0.9390111238227278,0
738,2024-09-27 16:27:31.365760986,0,021,-0.30387506681541465,0.2703669791022791,0.3820518325574246,-0.4824760599594625,-0.6515136550915035,0.15553106640479603,0.4329268714909691,0.6865387877571184,0
739,2024-09-27 16:27:31.428431885,0,021,-0.30519164124772613,0.27570279724728397,0.4784863035090994,-0.4447208514353191,-0.6071569192492651,0.15331872606543961,0.7272097962458927,0.44782075327777554,0
740,2024-09-27 16:27:31.501243164,0,021,-0.3045785611331467,0.2785566632186186,0.5498569339270609,-0.39342258429357446,-0.5654332367082494,0.15457242199561813,0.9025130505411546,0.22692273904204238,0
741,2024-09-27 16:27:31.568913818,0,021,-0.3028342049065087,0.27907023715796225,0.5939198244093589,-0.3308233171288286,-0.5271544972584252,0.15900998568610558,0.9446607567798172,0.02619975602114245,0
742,2024-09-27 16:27:32.512734863,0,021,-0.30087456689897346,0.277457100577137,0.6107188875976413,-0.2601626938084253,-0.4922390118302915,0.16616342873135956,0.8489042873604928,-0.15307438838773407,0
743,2024-09-27 16:27:32.580465088,0,021,-0.29960188523962994,0.27398457067342497,0.602182750439363,-0.18525282717354663,-0.45987803420320356,0.17539769590931847,0.619994685906341,-0.3100445867726972,0
744,2024-09-27 16:27:32.645207031,0,021,-0.29972448780753114,0.2689471681110911,0.5714549328460854,-0.10993227110076915,-0.42878892076769737,0.185978731603044,0.2708083568594622,-0.4437432096641182,0
745,2024-09-27 16:27:32.707691895,0,021,-0.3015770629062722,0.2626333050006097,0.5222188829210822,-0.037562842008850635,-0.39745293543840576,0.19716318891567836,-0.17993524821262424,-0.5528761637851181,0
746,2024-09-27 16:27:32.783680908,0,021,-0.3050160941166323,0.25529625613823725,0.4582652277360298,0.029284417370808596,-0.3643222931154803,0.20827830152402846,-0.7095425579123371,-0.636040843085485,0
747,2024-09-27 16:27:32.851375000,0,021,-0.30943121534920137,0.24713890980687347,0.3834130083904459,0.08889527315054442,-0.3280167831840445,0.21876275791860234,-1.2918012592543904,-0.6922808716419703,0
748,2024-09-27 16:27:32.907465088,0,021,-0.31385752869000105,0.23831485421966156,0.30170261110028457,0.1402702849552719,-0.28750908653468304,0.22815591911748145,-1.8963813828467182,-0.7217323278302992,0
749,2024-09-27 16:27:33.856863037,0,021,-0.3171505186161216,0.22894408151348078,0.21769520726471342,0.1828789810690997,-0.24229559399419018,0.23605735835155134,-2.4885845767614985,-0.7261139353288756,0
750,2024-09-27 16:27:33.930700928,0,021,-0.318188867049013,0.21913786268926388,0.1367643859852367,0.21641766325257222,-0.19255872124008655,0.2421001767370521,-3.0307141723301108,-0.708822802425123,0
751,2024-09-27 16:27:33.995239014,0,021,-0.31606573519094094,0.20902252627220616,0.06523526774205457,0.2406380859752866,-0.1393031011783481,0.24596758912466934,-3.485353811444956,-0.6744738109649425,0
752,2024-09-27 16:27:34.066073975,0,021,-0.3102205384563245,0.1987527120861379,0.01013088299742941,0.2552881337421688,-0.08442480497318065,0.2474528556769559,-3.819570343785315,-0.6280462224165171,0
753,2024-09-27 16:27:34.133791992,0,021,-0.30047946294900335,0.18851113897713795,-0.021556944035543587,0.26017672974735456,-0.030673929993545793,0.24653836638999754,-4.008424624786066,-0.5741028729741309,0
754,2024-09-27 16:27:34.201314941,0,021,-0.28700938540074367,0.17849514527747928,-0.02377358357366687,0.25529037441191893,0.018534077607345042,0.24344874044185522,-4.036850310373146,-0.5164222712666255,0
755,2024-09-27 16:27:34.268531982,0,021,-0.27021698203660116,0.16889213426000704,0.007954289829603091,0.24083807336203672,0.059487573576012066,0.23863054039123327,-3.9000919836084678,-0.4580022767968032,0
756,2024-09-27 16:27:35.213399902,0,021,-0.2506266664288888,0.15985220521668161,0.07629678091714587,0.21719126156309565,0.08867163707648916,0.23265250714473226,-3.6034238017514464,-0.40115125212619207,0
757,2024-09-27 16:27:35.281143066,0,021,-0.22876237934968302,0.1514695301974721,0.18213941976781728,0.18480922922335621,0.10323471197666839,0.22607710027326455,-3.1617346962806603,-0.3474297510659773,0
758,2024-09-27 16:27:35.348898926,0,021,-0.20505866341733978,0.14377806923205702,0.32459781798153625,0.14424274617023586,0.10129485137086248,0.21936529581932723,-2.59902689176935,-0.2974793067415909,0
759,2024-09-27 16:27:35.416616943,0,021,-0.1798203885481692,0.1367580568651728,0.5009689242859883,0.0962182711397686,0.08206354781762142,0.21283731101491288,-1.9474483455390905,-0.2509724242093552,0
760,2024-09-27 16:27:35.484339844,0,021,-0.1532235734975142,0.13034599764027022,0.7067493091754619,0.04174308899537194,0.045838791179175824,0.20667761724794093,-1.245558284401872,-0.20682913057032468,0
761,2024-09-27 16:27:35.552048828,0,021,-0.12533624457752796,0.12444487038475172,0.9358460541168891,-0.017820496483740553,-0.006105097418364041,0.20097092876165581,-0.535816817312487,-0.16364789029117618,0
762,2024-09-27 16:27:35.619764160,0,021,-0.09616097822550904,0.11893823255218129,1.180917410920828,-0.08072869936697773,-0.07173542984430072,0.1957615704958197,0.13842151188562038,-0.1201785905631261,0
763,2024-09-27 16:27:36.562586182,0,021,-0.06571837501856989,0.113713772154415,1.433634279854435,-0.14488117838200718,-0.1485448927440155,0.19112259327287529,0.7358952076618475,-0.0756477418157595,0
764,2024-09-27 16:27:36.630763916,0,021,-0.03416766691350689,0.1086943969266222,1.6847272469914096,-0.20790236400777115,-0.23378497185753316,0.1872113468917324,1.220023129272081,-0.029846353779422734,0
765,2024-09-27 16:27:36.698509032,0,021,-0.001924452029158828,0.10386500401965673,1.9238986210365314,-0.2672588976901763,-0.3245336089235003,0.18428499433803808,1.5610536360958251,0.01697503075882811,0
766,2024-09-27 16:27:36.766236084,0,021,0.03027322971135402,0.09928187243281839,2.1398480443634966,-0.320364165055023,-0.4175842196750191,0.1826620632576186,1.7376977011462533,0.06431674819781123,0
767,2024-09-27 16:27:36.833925049,0,021,0.06137968308846128,0.09506073288157586,2.32066682960839,-0.36464835466437695,-0.5092919153063843,0.18264915871840118,1.7379650580554291,0.11165664587449224,0
768,2024-09-27 16:27:36.901633057,0,021,0.09013942597484398,0.09135047336358214,2.4546843736466855,-0.39762981387443797,-0.5955733558233433,0.18447586629183513,1.5592161297257667,0.15857659753884054,0
769,2024-09-27 16:27:36.969417969,0,021,0.11524423384626675,0.08830406067124957,2.5316353942600527,-0.41703707256373623,-0.6721413226671507,0.18826459140477295,1.2079503381808483,0.20472223383247018,0
770,2024-09-27 16:27:37.887955811,0,021,0.1355044086359582,0.086055087878361,2.54390373541615,-0.4209814234975131,-0.734890465065913,0.19403511604117377,0.6998149720436709,0.24965964847749633,0
771,2024-09-27 16:27:37.955683105,0,021,0.14998863258010195,0.08470231174928501,2.487546981820948,-0.4081153730880608,-0.7803086066386591,0.2017378838061705,0.05975494914912925,0.29271297268078683,0
772,2024-09-27 16:27:38.018591797,0,021,0.15810998658698266,0.08430029636024083,2.3627850195768567,-0.3777107292876082,-0.8058342851105749,0.2113016154127963,-0.6782732899424074,0.33277924146130544,0
773,2024-09-27 16:27:38.091111816,0,021,0.15965989810060827,0.08485275708157519,2.1737556217915217,-0.3296530812177719,-0.8100989916196891,0.2226604783304346,-1.4726147252520054,0.36812475459087646,0
774,2024-09-27 16:27:38.158821045,0,021,0.15479637735567736,0.08630837830650304,1.927642656172759,-0.26440002381545663,-0.7929956607493547,0.23572678946984646,-2.2764618138677633,0.396266916183712,0
775,2024-09-27 16:27:38.225795898,0,021,0.14398966195335205,0.08856380114371415,1.6335951354459832,-0.18296282205041337,-0.7555720586887271,0.2503108961734497,-3.0415228500313263,0.41405779967128875,0
776,2024-09-27 16:27:38.294233154,0,021,0.12793459892736592,0.09147574006978666,1.3018678782558288,-0.08694746466150018,-0.6998184595135213,0.26602802578218826,-3.7225294429117795,0.41796053706603203,0
777,2024-09-27 16:27:39.235975098,0,021,0.10744682646865403,0.09487648556541803,0.9432638945570314,0.021376924973985176,-0.6284095588777262,0.2822333422530582,-4.281885766474769,0.4043913965207391,0
778,2024-09-27 16:27:39.304231934,0,021,0.08336561639075837,0.098586652539187,0.5686753503603926,0.13906458846742747,-0.5444020245580202,0.2980001520065,-4.6932470248282065,0.37001966178827994,0
779,2024-09-27 16:27:39.371906006,0,021,0.05649062815040414,0.10242509585659701,0.18862850800799322,0.2625832817155296,-0.45089834842976856,0.3121441505618726,-4.94299285688545,0.31202269689236095,0
780,2024-09-27 16:27:39.439515136,0,021,0.027565771171858378,0.10621843454365502,-0.187056511962112,0.3879930483077191,-0.35075689869503096,0.3233055607908304,-5.029733303939746,0.2283784063981924,0
781,2024-09-27 16:27:39.507342041,0,021,-0.002700082655232114,0.10981042842525429,-0.5494137365508592,0.5111832009009808,-0.2464406753561501,0.3300952085349555,-4.962909735949183,0.1182407387481911,0
782,2024-09-27 16:27:39.575045166,0,021,-0.03358869696603907,0.11306896333466819,-0.8903611180912041,0.6281469401895313,-0.1400308944866861,0.33127707208743995,-4.760987407345569,-0.01773032933335639,0
783,2024-09-27 16:27:39.642775879,0,021,-0.06431170185506775,0.115886593530669,-1.2027403221422825,0.7352564367267757,-0.03336594299671358,0.3259361818618589,-4.448887589476595,-0.17728460001553525,0
784,2024-09-27 16:27:40.587230957,0,021,-0.09395188067094762,0.11817089663535717,-1.4804347693401818,0.8294850802896913,0.07177193529508206,0.3135922318105295,-4.054722323051518,-0.35677207247101117,0
785,2024-09-27 16:27:40.652755127,0,021,-0.12144088898226059,0.11982606914385376,-1.7185517257385814,0.9085535784416928,0.17351245369686072,0.29424838531240216,-3.60657247331455,-0.5514560286633902,0
786,2024-09-27 16:27:40.712704102,0,021,-0.1456006077030726,0.12073481160577493,-1.9136139264468146,0.9710157486896057,0.2698271407368439,0.2683926474387966,-3.1298038294708146,-0.7558093234723336,0
787,2024-09-27 16:27:40.790059082,0,021,-0.16524116894750943,0.12075265727956805,-2.0636687280803327,1.0162857449746103,0.3584875319526938,0.23697760904084214,-2.6449886519524926,-0.9637906071665691,0
788,2024-09-27 16:27:40.858050049,0,021,-0.17928411215980322,0.11972086789468243,-2.1682063736509583,1.044568781591517,0.43704209980915254,0.20138345065577556,-2.166593506691709,-1.1691741272948388,0
789,2024-09-27 16:27:40.925753174,0,021,-0.1868927907877076,0.11749214682039437,-2.227910154233165,1.0566704988213667,0.5028876682867768,0.16335040179463925,-1.7027572181979813,-1.3659242262067255,0
790,2024-09-27 16:27:40.993334961,0,021,-0.18760911253858079,0.11395688708341438,-2.2444479802483284,1.053728855670395,0.5534730102493409,0.12487631307165611,-1.2562978654353474,-1.5484963144897481,0
791,2024-09-27 16:27:41.912291992,0,021,-0.18148118044535333,0.10906398535163739,-2.220495867125128,1.0369675472583997,0.5865669700340008,0.08808902974501673,-0.8267156991916407,-1.712001183565183,0
792,2024-09-27 16:27:41.980024170,0,021,-0.1691434926841958,0.10284008856122756,-2.1599488697624523,1.0075592293079099,0.6005101047366055,0.05509955738209854,-0.41265359600568324,-1.85231179490453,0
793,2024-09-27 16:27:42.047337158,0,021,-0.15180159212043107,0.09540856998913043,-2.068053555772885,0.9666120115201043,0.594403725765783,0.027837408555975485,-0.014078154309646589,-1.9662177214128067,0
794,2024-09-27 16:27:42.115389160,0,021,-0.13108451306870542,0.08699708355007173,-1.951191897680225,0.9152143431904715,0.56820204753631,0.007877973548369206,0.36654380930432506,-2.0516356912154228,0
795,2024-09-27 16:27:42.183069824,0,021,-0.10878382162058267,0.07791942394737898,-1.8162536936580493,0.8544604550705925,0.5227173108453844,-0.003720274340882546,0.7243330692333716,-2.1078002779677134,0
796,2024-09-27 16:27:42.250760010,0,021,-0.08656906992924429,0.06853038370891855,-1.669747776821416,0.7854288020167078,0.45957817298091613,-0.00654207541404616,1.0529801542868087,-2.1353776328648038,0
797,2024-09-27 16:27:42.318399902,0,021,-0.06577606388255255,0.059167160608856094,-1.5169287954544446,0.7091476626983791,0.3811344548501258,-0.0008631012916871561,1.3460535845010904,-2.136508383244914,0
798,2024-09-27 16:27:43.262290039,0,021,-0.047301464437217056,0.05009442160850857,-1.3612712149689365,0.6266092325885638,0.29030036660064057,0.012410995551584631,1.5981808088243648,-2.114752644069191,0
799,2024-09-27 16:27:43.329783936,0,021,-0.03157896649876436,0.04146375007724997,-1.2044572605461958,0.5388525763484864,0.1903934071488087,0.03189421292528641,1.8058279120082286,-2.0748657020593995,0
800,2024-09-27 16:27:43.397302002,0,021,-0.018598065258898483,0.033292228166048654,-1.0466824775991488,0.44705102741441133,0.08499271260828124,0.05590840014022867,1.9678015967573952,-2.0224513641132598,0
801,2024-09-27 16:27:43.465472900,0,021,-0.007944571593167055,0.025465098146650985,-0.8869345238673876,0.35251512896148407,-0.02224702282494628,0.08267602254993862,2.085791504056751,-1.963621821880362,0
802,2024-09-27 16:27:43.532303955,0,021,0.0011314063545492525,0.017765277151686246,-0.723151507248815,0.25660190437556446,-0.12784363073738028,0.1104942394096261,2.164843393147437,-1.9046560949143263,0
803,2024-09-27 16:27:43.600858887,0,021,0.009608628576128295,0.009922114536804605,-0.5524816300014463,0.16060567212634408,-0.22870834216778144,0.13785816688671407,2.213336421222468,-1.8515730655958085,0
804,2024-09-27 16:27:43.668538086,0,021,0.018556340528829315,0.0016654039556768584,-0.3718913543695683,0.06570859464085693,-0.32228259869120646,0.16351887649787342,2.2423324448008657,-1.8096559480915526,0
805,2024-09-27 16:27:44.612387939,0,021,0.028984875697502268,-0.007225679322157145,-0.17910438331255013,-0.026980937852633703,-0.4066482211445097,0.18649605805528777,2.2645038783933495,-1.7830237779138942,0
806,2024-09-27 16:27:44.680224854,0,021,0.04170400963197744,-0.016885433073621038,0.02643179303488555,-0.116325775480209,-0.4806629091459272,0.20606903799484752,2.292889304047831,-1.774261441257237,0
807,2024-09-27 16:27:44.747839844,0,021,0.05720185592795913,-0.027340400049466924,0.24292473332344966,-0.20104610762266037,-0.5440480974769608,0.22175184752561475,2.3395661855598586,-1.784061286380834,0
808,2024-09-27 16:27:44.815571045,0,021,0.07555189000889641,-0.03850232489674117,0.4661654151328985,-0.2796426023101997,-0.5972984141697987,0.23324949485390994,2.4140116841993526,-1.8108776708014593,0
809,2024-09-27 16:27:44.870860107,0,021,0.09636416172961924,-0.05017260079088056,0.6899638729196402,-0.35037741591213584,-0.641386810648753,0.24040178811137902,2.5209798064537825,-1.850716168441259,0
810,2024-09-27 16:27:44.950975830,0,021,0.11880713234416516,-0.0620608331497334,0.9069457003353366,-0.41130845584149955,-0.6774012546095192,0.24313855503389745,2.658644142874626,-1.8972692730202312,0
811,2024-09-27 16:27:45.018681885,0,021,0.1417031744067976,-0.07381853389843558,1.1096054116429472,-0.4603754601580728,-0.7063119295213384,0.24147086416276717,2.8184401426349592,-1.9425154150182518,0
812,2024-09-27 16:27:45.962469971,0,021,0.1636680745895282,-0.08508029299827374,1.291490881356694,-0.4955595083268532,-0.728969595209465,0.23551836315881963,2.987115527587939,-1.977637201336288,0
813,2024-09-27 16:27:46.030282959,0,021,0.18326602668893036,-0.0955010895019475,1.4482993124905355,-0.5151275413205614,-0.7462438921594831,0.22555030777072743,3.1499559441921896,-1.9939881338053347,0
814,2024-09-27 16:27:46.097749023,0,021,0.19916195529345793,-0.10478196350848909,1.578659433012795,-0.5179137978114123,-0.7591161033176742,0.212017956152334,3.2938271297637116,-1.9839687335704104,0
815,2024-09-27 16:27:46.165666016,0,021,0.21025109710650322,-0.11268380077637714,1.684463402699278,-0.5035484570394196,-0.7686376218994437,0.19556339107608725,3.409372482445975,-1.9417930743774956,0
816,2024-09-27 16:27:46.233354004,0,021,0.21575277045342664,-0.11903439144484113,1.7707446196987706,-0.47258258467968056,-0.7757853822586136,0.17698679687907642,3.4923455824370513,-1.8641129172535056,0
817,2024-09-27 16:27:46.291444092,0,021,0.21526848841263113,-0.12373070734329276,1.8452013114540482,-0.42652122691013006,-0.7812595891120274,0.1571576166878832,3.544317682886334,-1.750460715307408,0
818,2024-09-27 16:27:46.368778076,0,021,0.20880386956248,-0.12673391685295277,1.917466328147299,-0.3677845367010071,-0.7852614721600792,0.13688128570769348,3.5728071328608517,-1.6034709861815446,0
819,2024-09-27 16:27:47.312592041,0,021,0.1967436191850547,-0.12805725821053437,1.9982323448718438,-0.29961570586095027,-0.7873130009382461,0.11676177159622739,3.5904804099438166,-1.4287803916417956,0
820,2024-09-27 16:27:47.380358887,0,021,0.1797677756406513,-0.12774963534866804,2.09836092693173,-0.2259703043458353,-0.786188774529983,0.09710760889762741,3.613137076065222,-1.2344642735117481,0
821,2024-09-27 16:27:47.448091064,0,021,0.15871824270105284,-0.12587648565996193,2.227944520375951,-0.15137922314250934,-0.7799965932319392,0.07791071651343666,3.656846040220634,-1.0299795400276872,0
822,2024-09-27 16:27:47.515791992,0,021,0.1344584967843177,-0.12250060410565533,2.3951480199396222,-0.08071679869413552,-0.7663935494278608,0.058893310988408325,3.7351935103034313,-0.8248769537771065,0
823,2024-09-27 16:27:47.583016112,0,021,0.1077805723222584,-0.11766982351683092,2.6048737113014577,-0.01884820819435298,-0.742902376447443,0.039596783651358804,3.8574636388099615,-0.6277141330032745,0
824,2024-09-27 16:27:47.651220947,0,021,0.07937882614124661,-0.1114174818014887,2.8576053636942005,0.029786788220289667,-0.707280210419625,0.019485801047957788,4.027962329831399,-0.44541127023949484,0
825,2024-09-27 16:27:47.718946045,0,021,0.04986327378396871,-0.10377339852634761,3.148763238426196,0.06159768810843381,-0.6578568043645571,-0.001957100889145196,4.246304411780225,-0.2830295298951786,0
826,2024-09-27 16:27:48.636537109,0,021,0.01977564255147511,-0.09477724422024272,3.468672550939251,0.07424094777623452,-0.593771398200784,-0.02515849519198641,4.508155859179055,-0.14385407906906925,0
827,2024-09-27 16:27:48.704695068,0,021,-0.010404108736311472,-0.08449006293659192,3.8030898564381244,0.06692079223222668,-0.5151168805333558,-0.05038729283553543,4.80565055815707,-0.029619189704247737,0
828,2024-09-27 16:27:48.772468018,0,021,-0.04025058254398907,-0.07300603763227698,4.134167753741178,0.04050059201301568,-0.4230144442241405,-0.0776822987251772,5.127212286258413,0.05926875968460849,0
829,2024-09-27 16:27:48.840051025,0,021,-0.0693794529839747,-0.060465224981639726,4.44178422111667,-0.002611339220009157,-0.3195826958857528,-0.10680162502556836,5.457281169914305,0.12353559549155352,0
830,2024-09-27 16:27:48.907821777,0,021,-0.09744198412412612,-0.04706234574947994,4.705232287089772,-0.05875527497661582,-0.2077981313249235,-0.1372260302983821,5.776318402614298,0.16486954982295773,0
831,2024-09-27 16:27:48.975563965,0,021,-0.12414078455774484,-0.03304470867792628,4.905160885745624,-0.12340845494126482,-0.09134412532067118,-0.16820446561481572,6.061074997033329,0.18585970187784848,0
832,2024-09-27 16:27:49.042781006,0,021,-0.14926478640842047,-0.018693967594581654,5.025493283971205,-0.1916067021037826,0.02548067573006153,-0.19880808603232014,6.285327117077911,0.19007738733549726,0
833,2024-09-27 16:27:49.987121094,0,021,-0.17274338487754928,-0.004290712622789316,5.0550679550017525,-0.2583819446266455,0.13783569499992976,-0.2279760260931681,6.421393718802646,0.1821541909656351,0
834,2024-09-27 16:27:50.054704102,0,021,-0.1947183833970336,0.009930536721875861,4.988846820512621,-0.31919564060580324,0.2404598395197679,-0.2545515923843375,6.442352036476353,0.1676424704354254,0
835,2024-09-27 16:27:50.122531006,0,021,-0.21560553133407867,0.023819430864465096,4.828521740754964,-0.3702938763935494,0.3278947017940402,-0.2773201112665115,6.324614699358431,0.1525717658913225,0
836,2024-09-27 16:27:50.190218018,0,021,-0.23610248803006964,0.03732562068944792,4.582344067942832,-0.40890211861252046,0.39488579425044784,-0.2950748557526321,6.050578693273227,0.14280098621964654,0
837,2024-09-27 16:27:50.257854980,0,021,-0.2571287100633018,0.0504927530542573,4.26418642160602,-0.4332501322314923,0.436985310875612,-0.3067251318596456,5.6109852793876795,0.1433834985339935,0
838,2024-09-27 16:27:50.325558105,0,021,-0.2797209088670972,0.0634464057725768,3.8920742284996517,-0.4424770813239278,0.45124208059231524,-0.31142732175259197,5.006451280575418,0.15817194831831233,0
839,2024-09-27 16:27:50.393218018,0,021,-0.30491519223648395,0.0763862547607019,3.4864750795070125,-0.4364816081012107,0.43679567911498457,-0.30870734073572564,4.247660429050823,0.1897926397778498,0
840,2024-09-27 16:27:51.337764893,0,021,-0.3336346309264476,0.08957300096187443,3.068557206950412,-0.41578587389112626,0.3952347479154149,-0.2985509995127838,3.3540778645327647,0.23994726114663323,0
841,2024-09-27 16:27:51.405518066,0,021,-0.36658499588948834,0.1032934326276658,2.658564611794037,-0.38144696367626996,0.330641511646974,-0.2814437281856415,2.351593632570577,0.3098472743327134,0
842,2024-09-27 16:27:51.473216064,0,021,-0.4041519118629925,0.11780320704102563,2.2744452800958617,-0.3349803060370872,0.24927113133649054,-0.25834327735926566,1.269807925663341,0.40053819454386125,0
843,2024-09-27 16:27:51.540496094,0,021,-0.4463100803551881,0.13326784358914168,1.9308636882583712,-0.27824025698368066,0.1588618536287233,-0.2305766933362769,0.13958540447626536,0.5129148086742374,0
844,2024-09-27 16:27:51.602781982,0,021,-0.4925774436117495,0.14972313789581437,1.6386180811723734,-0.21323567622535275,0.06769006314489698,-0.19967133925047878,-1.008749084158408,0.6473598019061475,0
845,2024-09-27 16:27:51.664367920,0,021,-0.5420346792137136,0.1670591817349285,1.4043294519441147,-0.14189582431406034,-0.016433649903447256,-0.16715412133773674,-2.146422957942563,0.803130327524429,0
846,2024-09-27 16:27:51.743501953,0,021,-0.5934016666160464,0.18502057312999287,1.2303085443694997,-0.06585539578174052,-0.08707794965761041,-0.1343629138743674,-3.246474749356837,0.9777281476790091,0
847,2024-09-27 16:27:52.655583008,0,021,-0.6451488796566426,0.2032170484449804,1.114692943607331,0.01363003373343312,-0.13991924375809123,-0.10230536320926945,-4.2835847909860565,1.1665027918179287,0
848,2024-09-27 16:27:52.729690918,0,021,-0.695620091616964,0.22114346505843926,1.0519920665000861,0.09558153219161569,-0.1731828462387878,-0.0715883208051179,-5.234000627513713,1.3626973410077756,0
849,2024-09-27 16:27:52.797399902,0,021,-0.7431472837058228,0.23820810096806666,1.0340269092550072,0.17906923670520677,-0.18773096051315297,-0.04242735462723029,-6.075808780878974,1.5579588334278092,0
850,2024-09-27 16:27:52.865096191,0,021,-0.786149448013374,0.2537655082127399,1.0510629016270343,0.2629700277850796,-0.1868208598596536,-0.014722330475499134,-6.789388847433198,1.7430873924668715,0
851,2024-09-27 16:27:52.932801025,0,021,-0.8232168160620817,0.2671513611916038,1.0928166806327744,0.34578978223084483,-0.17561320150367635,0.011839509831493154,-7.357807967596189,1.908732263090011,0
852,2024-09-27 16:27:53.000062012,0,021,-0.8531840505666908,0.2777215353829752,1.149083796986329,0.4256058180319324,-0.16052874760623087,0.03769302183321767,-7.76704052638546,2.0459018796074004,0
853,2024-09-27 16:27:53.068273926,0,021,-0.8751941457452982,0.28489774019764325,1.2100530431369778,0.5001620240786947,-0.14853561456194778,0.06332539265241464,-8.006062733095828,2.1463925423390533,0
854,2024-09-27 16:27:54.003819092,0,021,-0.8887518704787716,0.28821686104641214,1.2666404283280244,0.5670908235974441,-0.14639715454340888,0.08919780781514189,-8.066960378604414,2.203296022240487,0
855,2024-09-27 16:27:54.079467041,0,021,-0.8937588426786496,0.28737888927434113,1.3110196191157033,0.6241920201010898,-0.15988375227786003,0.11562865097356853,-7.945102985382031,2.211538143625807,0
856,2024-09-27 16:27:54.144267090,0,021,-0.8905210482187124,0.28229025727666,1.33715454186503,0.6697076520817493,-0.1930026971137347,0.1426550336200014,-7.6394259120581465,2.168255252149731,0
857,2024-09-27 16:27:54.214785889,0,021,-0.8797298101428057,0.2730986547758118,1.341065388671818,0.7025535938745873,-0.24738807659934756,0.16993775392590016,-7.153000987554342,2.072938253304422,0
858,2024-09-27 16:27:54.268058105,0,021,-0.8624236567624127,0.2602105591507239,1.3208413328050548,0.7224655765919367,-0.3220093216459267,0.19676512467422258,-6.4939533411533334,1.9273902735620951,0
859,2024-09-27 16:27:54.346166992,0,021,-0.8399336671656462,0.24428108419528324,1.2766202598506675,0.7300123759507244,-0.4132666218298252,0.2221518381113842,-5.676334522579903,1.7354943094073827,0
860,2024-09-27 16:27:54.417864990,0,021,-0.8138107921462913,0.22617125216680845,1.2106021861942011,0.7264598179175141,-0.5154392508819217,0.24498601753561008,-4.720448105150913,1.5028238057521301,0
861,2024-09-27 16:27:55.361767090,0,021,-0.7857389135268441,0.2068770646210619,1.1269176686895606,0.7135268707130429,-0.6213984747852535,0.264176702253908,-3.6525675596810334,1.2362931482707067,0
862,2024-09-27 16:27:55.428468018,0,021,-0.7574449045810313,0.1874441043350926,1.0312214438989005,0.6931107257490557,-0.7234490427960147,0.27877082215644444,-2.504304651029082,0.9440345110893178,0
863,2024-09-27 16:27:55.497210938,0,021,-0.7306130311373752,0.16888514759794743,0.9301036252777957,0.6670518278532781,-0.8141222989546185,0.28802728917817133,-1.3117466600412642,0.6354523268322635,0
864,2024-09-27 16:27:55.564926025,0,021,-0.7067960159148872,0.15211034944329643,0.8304779803744653,0.6369781978453846,-0.8867706712848177,0.2914493850168414,-0.11422572337824047,0.32118673448554114,0
865,2024-09-27 16:27:55.632614990,0,021,-0.6873084817079766,0.13786754298436094,0.7390527719094021,0.6042213542082445,-0.9359355260044263,0.28878258200118045,1.0474763550637711,0.012719566709192371,0
866,2024-09-27 16:27:55.700342773,0,021,-0.6731013505768468,0.12668853032312044,0.6619401370780414,0.5697655493693263,-0.9575994052412866,0.27999142274997374,2.1334078377124763,-0.2783735271666968,0
867,2024-09-27 16:27:55.767098877,0,021,-0.6646375503327295,0.11884566140290394,0.6044017084806167,0.5342111000184674,-0.9494316873529409,0.2652301123660165,3.1068395446111254,-0.5412789147858065,0
868,2024-09-27 16:27:56.711116943,0,021,-0.6618122593678463,0.11433143589545197,0.5707276376012104,0.4977593153731118,-0.91099061526425,0.24481062964651745,3.936581752970425,-0.7667616343347591,0
869,2024-09-27 16:27:56.778835938,0,021,-0.663965763881057,0.11287355151681996,0.5642733314018273,0.460222130126982,-0.8437598386543993,0.21916717753172985,4.599320263211905,-0.9479729758208209,0
870,2024-09-27 16:27:56.846504882,0,021,-0.6699908970460493,0.11398306265487998,0.5875691245771639,0.42106929433509066,-0.750971853946727,0.1888255032198871,5.08181673954074,-1.0811773419837512,0
871,2024-09-27 16:27:56.914199951,0,021,-0.6784773113363343,0.11701604019505304,0.6423062986211007,0.3795488376231046,-0.6372778941769045,0.15439493931630616,5.38228179205493,-1.1661428527117996,0
872,2024-09-27 16:27:56.981898926,0,021,-0.68784383764872,0.12123186512614983,0.7291389958650023,0.3348789804476471,-0.5083555656395661,0.11659491065025132,5.510055496943334,-1.2059708169841512,0
873,2024-09-27 16:27:57.049550049,0,021,-0.6964703938084721,0.1258505628639613,0.8474578379607914,0.2864515129819734,-0.37052960564221993,0.07630638637660006,5.483242473117806,-1.2063526305593388,0
874,2024-09-27 16:27:57.117275879,0,021,-0.7028593663990164,0.13011927609245583,0.9952869878779841,0.23400347831727747,-0.23044782713002332,0.03461987305881038,5.324908622410715,-1.1744687088994916,0
875,2024-09-27 16:27:58.059907959,0,021,-0.7058162404640429,0.1333835713804715,1.1693159226519716,0.17775446910474194,-0.09480253513211737,-0.00714649430025717,5.0590399411829505,-1.1178299798560762,0
876,2024-09-27 16:27:58.128976074,0,021,-0.7046035676692713,0.13514374270862461,1.3650037472142753,0.11850223988974144,0.029947634492697016,-0.047470184169345855,4.7072450512260895,-1.0432873118941406,0
877,2024-09-27 16:27:58.195511962,0,021,-0.6990225438614874,0.13507969064130612,1.5767169263247938,0.05765824265650993,0.13789826700269658,-0.08469399240414649,4.286714527837796,-0.9563469010478857,0
878,2024-09-27 16:27:58.258509032,0,021,-0.6893963387016121,0.13304500993667567,1.7979532971926822,-0.0027986658816062924,0.22406285466506168,-0.11714328513106743,3.809663020755691,-0.8608849377145243,0
879,2024-09-27 16:27:58.331635010,0,021,-0.6764596601551898,0.12904334598089737,2.021722031351344,-0.06046321857941104,0.2847064631417559,-0.1432749590573051,3.2841209850763704,-0.7592435416926007,0
880,2024-09-27 16:27:58.399836182,0,021,-0.6611931712247356,0.12319880660316611,2.2410001287277908,-0.11270482794624478,0.3175471917766943,-0.16182968154601632,2.7155425412236225,-0.6525702049133251,0
881,2024-09-27 16:27:58.466731934,0,021,-0.6446590607481124,0.1157249429832295,2.449098072114837,-0.1568685775051562,0.3217933136765392,-0.17196381324067753,2.108630033880658,-0.5412922284491544,0
882,2024-09-27 16:27:59.386647949,0,021,-0.6278836522113714,0.10689511764724424,2.639857173464071,-0.19045426486982503,0.29807690825606853,-0.173346463797793,1.4689593607680511,-0.42567819424152875,0
883,2024-09-27 16:27:59.454405029,0,021,-0.6118038593127963,0.09701988358711895,2.8076975449497943,-0.2112769671862883,0.24835384555218346,-0.1662140941262614,0.8040844968084703,-0.30637113066572474,0
884,2024-09-27 16:27:59.521173096,0,021,-0.5972624325631242,0.08643461518768984,2.9476189362353993,-0.21760415459909088,0.17577078969123075,-0.15138224833025202,0.12385922299426788,-0.18470884927852066,0
885,2024-09-27 16:27:59.583257079,0,021,-0.5850141072418927,0.07549068442972562,3.055359028255551,-0.2082800696628312,0.08444262598823807,-0.13021219705097406,-0.56009048530203,-0.0627275538596388,0
886,2024-09-27 16:27:59.650927979,0,021,-0.5757116222511038,0.06453845688846485,3.12785071997802,-0.18285997534999468,-0.020898762337489357,-0.10452374811691154,-1.235512891571078,0.057092266069153304,0
887,2024-09-27 16:27:59.725343018,0,021,-0.5698842613996387,0.05390243391854675,3.1638458296851657,-0.1417285314744784,-0.13532894948324503,-0.07645761723731179,-1.8907062027527715,0.17217619945307094,0
888,2024-09-27 16:27:59.793068115,0,021,-0.5679489830508124,0.04386422220383874,3.164355126799133,-0.08612288170375439,-0.254081695646684,-0.04831460970025074,-2.5149573479005545,0.28014126069035405,0
889,2024-09-27 16:28:00.735405029,0,021,-0.570254734864852,0.034663602064869535,3.1326139456125888,-0.018008514974177124,-0.3727182201815087,-0.02239976849168321,-3.0978416995452522,0.37891892518357473,0
890,2024-09-27 16:28:00.804459961,0,021,-0.5771009962298947,0.02650901576544125,3.0735525113829736,0.06015799977409453,-0.48716563671022634,-0.0008725858726323266,-3.627725966155948,0.46671135944067293,0
891,2024-09-27 16:28:00.859074219,0,021,-0.5886790307110609,0.019583096093823256,2.992977855622736,0.1456986697462275,-0.5937525483427597,0.014408462593168204,-4.090376631339929,0.541874592897831,0
892,2024-09-27 16:28:00.936168945,0,021,-0.6049596346793342,0.014038813942550698,2.896703699193248,0.2359575355958937,-0.6892844328040725,0.022032711775864095,-4.468526485643517,0.6028639825043633,0
893,2024-09-27 16:28:01.007556885,0,021,-0.6256024996607209,0.00999036530792544,2.7897965021646374,0.3284829534599396,-0.7711434324659705,0.021147772280538952,-4.742734556259453,0.6483245986352606,0
894,2024-09-27 16:28:01.075263916,0,021,-0.6499311673007511,0.007503838958092116,2.676098526340183,0.42110332622683305,-0.8374441962893394,0.011535082111433474,-4.893498780558807,0.6773538841161827,0
895,2024-09-27 16:28:01.136204102,0,021,-0.6769532776131032,0.006588220920499947,2.55820445701752,0.511863533137474,-0.8872487310589688,-0.006339253397631674,-4.904341163082185,0.6899242439890383,0
896,2024-09-27 16:28:02.082104980,0,021,-0.7053884627229925,0.007182736175674688,2.437953465229768,0.5988609992606932,-0.9207369481415694,-0.03131562990348288,-4.7650086395549165,0.68730171410587,0
897,2024-09-27 16:28:02.151040039,0,021,-0.7337048402229072,0.009142086069010775,2.317247498313384,0.6800848232432344,-0.939237569766927,-0.061593797495044636,-4.473568914399868,0.6721628403647736,0
898,2024-09-27 16:28:02.223061035,0,021,-0.7601951900320185,0.012231339815528852,2.1988096833263957,0.7533450976004487,-0.9451130762776411,-0.09484498641314297,-4.036756484538952,0.6482635145215004,0
899,2024-09-27 16:28:02.290424072,0,021,-0.7831027914387877,0.01613937136015953,2.0865241196480135,0.8163105379360538,-0.9415163801172216,-0.12837781543068258,-3.468777148467851,0.6197979423592839,0
900,2024-09-27 16:28:02.345993896,0,021,-0.8007648015523912,0.02050494465565442,1.98519329080401,0.8666374311096255,-0.9320226424621055,-0.15935895528595237,-2.7891493458158574,0.5906676814686318,0
901,2024-09-27 16:28:02.425740967,0,021,-0.8117240290054076,0.02494001632248829,1.8997634464994468,0.9021842907480587,-0.9201615370591177,-0.185075920563824,-2.0202258859379696,0.5637686516391396,0
902,2024-09-27 16:28:02.485407227,0,021,-0.814783821918913,0.02904171433049606,1.8342749767981388,0.9212875822691299,-0.9089333054363616,-0.20320104044222428,-1.1849392108528998,0.5403245348388312,0
903,2024-09-27 16:28:03.425980957,0,021,-0.8090226153269998,0.03240094829846262,1.7909276673894865,0.9230114398649885,-0.9004220760121966,-0.21200904905839957,-0.30503133772977153,0.5193447832367748,0
904,2024-09-27 16:28:03.503233887,0,021,-0.7938031011791508,0.034621242859819254,1.7695674427872397,0.9072740000994568,-0.8955702607005103,-0.21052667354558027,0.60010806770468,0.4973856826622335,0
905,2024-09-27 16:28:03.565457031,0,021,-0.7687973131455914,0.03534843105305763,1.7676517778632075,0.8748391698541246,-0.894122833121,-0.19860835042581626,1.5137884812472902,0.4688118534234065,0
906,2024-09-27 16:28:03.626607910,0,021,-0.7340258886714176,0.03429844321654896,1.780556325162089,0.8272489393780769,-0.8947477105277356,-0.1769259789448687,2.4215427489270986,0.42659397399428767,0
907,2024-09-27 16:28:03.702968994,0,021,-0.6898983424037621,0.031274859189083105,1.8020750378517236,0.7667500576129906,-0.8953183431826172,-0.14687264469517022,3.310304975355304,0.3634274912585337,0
908,2024-09-27 16:28:03.765502930,0,021,-0.6372464186688587,0.026180780774856884,1.8250493356055602,0.6961810499416204,-0.8932933673418083,-0.1104046463551714,4.16785591064132,0.27284399434056733,0
909,2024-09-27 16:28:03.843153076,0,021,-0.5773450892014316,0.01903003080788523,1.842117635044574,0.6187468223996916,-0.8861217822021207,-0.06984595579243377,4.982937348984267,0.15003931208074814,0
910,2024-09-27 16:28:04.748752197,0,021,-0.5119022180851079,0.009952941707275323,1.8466079814330043,0.5376580248309499,-0.8716389734040575,-0.027671634212566854,5.746062369718053,-0.007722073392030509,0
911,2024-09-27 16:28:04.826482178,0,021,-0.44299105952221235,-0.000811815503265005,1.8335214203105177,0.4557210785515467,-0.8484212105125721,0.013702457360114353,6.450386171596722,-0.20104661078702565,0
912,2024-09-27 16:28:04.897949951,0,021,-0.37291994574679976,-0.012943328420793742,1.8003570428362181,0.3750380194376596,-0.8160366498203905,0.05209184280188225,7.09169501658246,-0.42842892228633633,0
913,2024-09-27 16:28:04.965291016,0,021,-0.30406368494080727,-0.026077428236040937,1.7475113785315084,0.29691627782388313,-0.7751411605871807,0.08566563680700535,7.667280418870666,-0.6861375282103979,0
914,2024-09-27 16:28:05.026876953,0,021,-0.23869107950683907,-0.03984432967907348,1.6782186391251346,0.221959895832896,-0.7274105347306196,0.11302965429971455,8.174420759264441,-0.968048131616362,0
915,2024-09-27 16:28:05.093895996,0,021,-0.17880536190628699,-0.05389286167137049,1.59815931917064,0.15025607230138,-0.6753233710222429,0.13328716766018595,8.60938636086149,-1.2657117568657985,0
916,2024-09-27 16:28:05.168755127,0,021,-0.12600150921155379,-0.06790188390294728,1.5148554008276398,0.08159966258784884,-0.6218147043915172,0.14607975800942202,8.967446428118642,-1.5688241065412993,0
917,2024-09-27 16:28:06.112598877,0,021,-0.08136729560082658,-0.08158426565315605,1.43694851790506,0.01572938437782079,-0.5698231047808585,0.15158968378193496,9.243826646695931,-1.8659995239218388,0
918,2024-09-27 16:28:06.165877197,0,021,-0.045473290935229865,-0.09468393437068423,1.3734412251468853,-0.047464569952635836,-0.5217573104794619,0.15047962960020603,9.435111561294315,-2.145642239621247,0
919,2024-09-27 16:28:06.243982910,0,021,-0.018459152001787212,-0.10696608065966962,1.3329191777874345,-0.10781749003339955,-0.4789609198359313,0.14376068513670867,9.540328481220499,-2.396727518761996,0
920,2024-09-27 16:28:06.306145996,0,021,-0.00017098106022129711,-0.11820449198006508,1.3227519478922902,-0.16487802265083568,-0.4413438197578499,0.132609524170428,9.561067346792614,-2.6093723368576858,0
921,2024-09-27 16:28:06.368152100,0,021,0.00970106057711838,-0.1281702525588456,1.348385077523935,-0.21799095178852404,-0.40734578497808666,0.11818720684314836,9.500496586477583,-2.77519626513019,0
922,2024-09-27 16:28:06.451257079,0,021,0.011512449535711752,-0.13662524088003009,1.4129331905541958,-0.26643563880681664,-0.37426565050601324,0.10151705723260929,9.361919597568857,-2.887591621860468,0
923,2024-09-27 16:28:06.512201904,0,021,0.005600326927945721,-0.14332542536125453,1.5171796242417916,-0.3095736415243646,-0.33885220604501937,0.08344892616765505,9.147970539774095,-2.942046185476771,0
924,2024-09-27 16:28:07.462697021,0,021,-0.007711971714725166,-0.1480374604132284,1.6598691914615085,-0.3469617888004078,-0.29798439091486173,0.06469061423705684,8.860893615668745,-2.936520944715993,0
925,2024-09-27 16:28:07.530499023,0,021,-0.028034275391022552,-0.15056533512850923,1.8380338845944626,-0.37838417041726136,-0.2492557704661906,0.04585273298006941,8.503234867273791,-2.8716978353842535,0
926,2024-09-27 16:28:07.594194824,0,021,-0.05478514465775051,-0.15077798360923347,2.047111339961275,-0.40378155549465145,-0.19134441114009082,0.02746233652582234,8.078135574970291,-2.7509431911785764,0
927,2024-09-27 16:28:07.656256104,0,021,-0.08709522214034324,-0.14862694689482303,2.2807958496260947,-0.42313973955945844,-0.12418902740337176,0.009946758499426533,7.589127357027203,-2.5800109947289314,0
928,2024-09-27 16:28:07.718740967,0,021,-0.12380956365523758,-0.14414556230930262,2.5307833717814447,-0.43643460262002215,-0.049079049798179904,-0.00637867269425193,7.03975644557866,-2.366562387138845,0
929,2024-09-27 16:28:07.798055908,0,021,-0.1635997193022608,-0.13743160525973813,2.786681270122595,-0.4436477629316956,0.03127994769797551,-0.02128860785861001,6.433256576163304,-2.119524022923888,0
930,2024-09-27 16:28:07.860061768,0,021,-0.20511519219559846,-0.1286296649300879,3.0363054274254733,-0.444788885305551,0.11277455436415573,-0.03458878654650795,5.7722685129545095,-1.84829255896102,0
931,2024-09-27 16:28:08.809329102,0,021,-0.2470877960629428,-0.11792873129032147,3.2664419693851197,-0.43988593879437315,0.19010243407293245,-0.0460594101883572,5.058546162427206,-1.5618509332542376,0
932,2024-09-27 16:28:08.871354004,0,021,-0.28836958854866007,-0.10557029723308184,3.463935198324732,-0.4289447498888239,0.2573070482371418,-0.05544976944096014,4.292737265054653,-1.2679437952627526,0
933,2024-09-27 16:28:08.948194092,0,021,-0.3279488524041655,-0.09184900059734795,3.616775916827856,-0.4118836319645173,0.30852797483155947,-0.06252264394035925,3.4745434074229973,-0.9724690912531883,0
934,2024-09-27 16:28:09.010680908,0,021,-0.3649849776821815,-0.0770970747702091,3.7149270621041808,-0.3884745065797322,0.3386839784455591,-0.06710121487840871,2.603636704809747,-0.679219048503011,0
935,2024-09-27 16:28:09.073385986,0,021,-0.39886260847948496,-0.06165793724485373,3.7508762184191937,-0.3583429944767067,0.3438945398571071,-0.0690862400009628,1.681445651185267,-0.3901155238992125,0
936,2024-09-27 16:28:09.150914062,0,021,-0.42924164064923787,-0.04585832795385679,3.7200228065936725,-0.3210435407024482,0.3216861237348551,-0.06845214664772255,0.7133146786833755,-0.10596737410533974,0
937,2024-09-27 16:28:09.212533936,0,021,-0.4560843071844586,-0.029987411353938134,3.6209513605313086,-0.27619899392272795,0.27111702139997845,-0.06524910302549583,-0.2899151761488478,0.17250629471303341,0
938,2024-09-27 16:28:10.137813965,0,021,-0.4796552125227974,-0.014286778307496755,3.4555740811218505,-0.22370673020057827,0.1928655720030877,-0.05962512566570657,-1.3115420204481043,0.4437435057966872,0
939,2024-09-27 16:28:10.205516113,0,021,-0.5004983759660183,0.0010535533589749533,3.2290647328631206,-0.16397589755251016,0.0892442280453463,-0.05185857358483794,-2.3296778815259285,0.7046578326829599,0
940,2024-09-27 16:28:10.273191895,0,021,-0.5193932794282601,0.015901896733260614,2.949481880127933,-0.0980844168838331,-0.035900211384067925,-0.042384656195891025,-3.318499849142048,0.9502612910453389,0
941,2024-09-27 16:28:10.327014893,0,021,-0.537288645023601,0.030196780757034785,2.627093366510777,-0.02776019121204742,-0.17740524839022567,-0.031805889419789776,-4.250056072323228,1.1737545310996653,0
942,2024-09-27 16:28:10.404635010,0,021,-0.5552164151149773,0.04395713275418901,2.273595069558455,0.04479494396287141,-0.3291211768850454,-0.02087510973693604,-5.096792288238098,1.3672092846502897,0
943,2024-09-27 16:28:10.476323975,0,021,-0.5741953532661656,0.05728157111037135,1.901437475146213,0.11714087288793978,-0.4843544803474302,-0.010438920758069938,-5.83445385167802,1.522688512153372,0
944,2024-09-27 16:28:10.543065918,0,021,-0.595140385492848,0.07033464597018081,1.5233245103383461,0.18681451089709292,-0.6364200885798749,-0.0013420931453026156,-6.444528177437062,1.6334670472260622,0
945,2024-09-27 16:28:11.475189941,0,021,-0.6187914758188012,0.08332497211845796,1.1518551545638303,0.25149590857835696,-0.7792463298715365,0.00569234848938842,-6.915577728850323,1.695062183143005,0
946,2024-09-27 16:28:11.552812988,0,021,-0.6456595155149379,0.09647858140013911,0.7992472251845919,0.30912436755579564,-0.9079274193561481,0.01018439599987481,-7.24349731530354,1.7058796422299451,0
947,2024-09-27 16:28:11.622781982,0,021,-0.6759809918761144,0.11000702390477289,0.47702324497589854,0.3579715855757309,-1.0191034641778198,0.0119914332579353,-7.431084572474479,1.6673397642858927,0
948,2024-09-27 16:28:11.676492920,0,021,-0.7096865956200321,0.12407181221363411,0.19557317258156237,0.3966751022042824,-1.111099479238655,0.011351096504529812,-7.486980177998279,1.5834650768949616,0
949,2024-09-27 16:28:11.753639893,0,021,-0.7463917874869923,0.1387511768969522,-0.03635791606622477,0.4242273347512518,-1.183848631485372,0.008862967409657814,-7.423915628364212,1.460135105038728,0
950,2024-09-27 16:28:11.815656982,0,021,-0.7854099660955575,0.15401801127676737,-0.21215911200675752,0.4399343308635,-1.2386680588692767,0.005413828769850393,-7.256837135221006,1.3043946743523398,0
951,2024-09-27 16:28:11.893600830,0,021,-0.8257992249785958,0.16973918848539638,-0.32776691347466486,0.4434055577422713,-1.2779353086964258,0.002055882257789624,-7.001839714293347,1.1241142102552537,0
952,2024-09-27 16:28:12.837376221,0,021,-0.8664607285175443,0.18570083499947998,-0.38198258698806836,0.43463352010853756,-1.304709880782535,-0.00015057447104321292,-6.676132164755641,0.9279619564190579,0
953,2024-09-27 16:28:12.899180908,0,021,-0.9062738184429293,0.20164963094104182,-0.37666547687463203,0.4141371163990222,-1.322367654709785,-0.0003078745478057231,-6.29824488017305,0.7253571928179019,0
954,2024-09-27 16:28:12.966993896,0,021,-0.9442159298515994,0.21732962021334548,-0.3167700272713112,0.383076682783599,-1.3342965856248519,0.002169374923178456,-5.887603933199032,0.5260977035946527,0
955,2024-09-27 16:28:13.039644043,0,021,-0.9794258134956243,0.23249881105783976,-0.2102309316008093,0.34327743721181087,-1.343648656059381,0.007458673110154074,-5.463318979446172,0.33964825678814714,0
956,2024-09-27 16:28:13.102101074,0,021,-1.0112041067453719,0.24692413132092708,-0.06772055587549988,0.2971660655317511,-1.3531365721294828,0.015307860330293296,-5.042497949262473,0.17433661801735056,0
957,2024-09-27 16:28:13.163719971,0,021,-1.0389669100469006,0.2603653343809414,0.0977571324978588,0.24765163680720634,-1.3648881581526209,0.02509513504706854,-4.638414660116465,0.03672380347739831,0
958,2024-09-27 16:28:13.241395020,0,021,-1.0621807138800123,0.27256303406223864,0.2715561426273391,0.19795555375627677,-1.3803506462100825,0.035962489168111046,-4.259115041498212,-0.06868437328482908,0
959,2024-09-27 16:28:14.187187012,0,021,-1.0803154114881726,0.2832423800402724,0.4384636146906802,0.15137648797808084,-1.4002001304451255,0.046984613681805516,-3.9074310946174755,-0.13929491734227528,0
960,2024-09-27 16:28:14.254847168,0,021,-1.0928396707468333,0.2921334183008744,0.5840908370820735,0.1110166815595239,-1.4242352829858536,0.057317846097059116,-3.5829018789115463,-0.17392080498461068,0
961,2024-09-27 16:28:14.313215088,0,021,-1.099250939377619,0.2989970740409674,0.6963284074518916,0.07954017278113072,-1.4513058280647853,0.06629427597084198,-3.2848356797616964,-0.172187470050926,0
962,2024-09-27 16:28:14.381366943,0,021,-1.0991097853516476,0.3036403402079121,0.7665935823014264,0.05900269759318922,-1.4793632487567054,0.07346085486261952,-3.0149069609367483,-0.1341590327966588,0
963,2024-09-27 16:28:14.458064941,0,021,-1.0920580885020177,0.3059132355496175,0.7906723343330486,0.05073500016754325,-1.505667162815974,0.07857733723931407,-2.7779586736558435,-0.06031213321884734,0
964,2024-09-27 16:28:14.520229004,0,021,-1.077827176481564,0.30569843105140526,0.7690035022629647,0.05526255546423074,-1.5270913082397142,0.08158476891699433,-2.5808576248819493,0.04823729239613006,0
965,2024-09-27 16:28:14.578600830,0,021,-1.0562484138141108,0.30291127738334495,0.7063556315995541,0.07227371023970393,-1.5404588182947192,0.08255984407353524,-2.4304492043804573,0.18946769649103617,0
966,2024-09-27 16:28:15.512185059,0,021,-1.027263599813663,0.29751343355056536,0.6110383141468629,0.10064059012390442,-1.5428705847678854,0.08167499071279391,-2.331796634636067,0.36026766116696635,0
967,2024-09-27 16:28:15.579981934,0,021,-0.9909306343807853,0.2895264387868305,0.4938568949308678,0.13848259711427652,-1.531988118902699,0.07916744616948897,-2.28702480568076,0.5562740903331577,0
968,2024-09-27 16:28:15.647468994,0,021,-0.9474374703388394,0.279032334054695,0.3668998535058849,0.183283718905008,-1.506231923504644,0.07529240989804595,-2.2943609296314773,0.7716342714535048,0
969,2024-09-27 16:28:15.715409912,0,021,-0.8971363668933573,0.26616174802211745,0.24216407372078239,0.23209333384318132,-1.464886451097735,0.07023654468823552,-2.34705995535647,0.9986930579405964,0
970,2024-09-27 16:28:15.783185059,0,021,-0.8405800318061531,0.2510800577814782,0.13013628259121773,0.2818001747472911,-1.4081250363154594,0.0640095001007854,-2.432449324950161,1.2277072164573695,0
971,2024-09-27 16:28:15.850865967,0,021,-0.7785303878591937,0.23398187406629625,0.038653393752388514,0.3294006048755909,-1.3369828795116565,0.05636811898536365,-2.5316384712493836,1.4467345492715236,0
972,2024-09-27 16:28:15.918531006,0,021,-0.7119396109494734,0.2150938393330564,-0.02760946630578046,0.37217516668050554,-1.2533006566750502,0.046819072482749455,-2.6204367235243273,1.6418735958114972,0
973,2024-09-27 16:28:16.862281006,0,021,-0.6419187925361585,0.1946752860552194,-0.06693986412147877,0.4077550594633572,-1.1596246352737267,0.03470672992654617,-2.6718501937243757,1.7980349827411155,0
974,2024-09-27 16:28:16.925183105,0,021,-0.5696930811583204,0.17300937899240368,-0.07992754532408182,0.4341214237663157,-1.059041514629343,0.0193635548963097,-2.6599058650854674,1.9002730192201776,0
975,2024-09-27 16:28:16.997287109,0,021,-0.496540862239167,0.15038970904335022,-0.06870609598495639,0.4495909147502434,-0.9549637873283168,0.0002893760788551437,-2.5637063130264237,1.935434906629681,0
976,2024-09-27 16:28:17.050138916,0,021,-0.42373354043813594,0.12711037644884335,-0.03633673625088164,0.45282077139355753,-0.8508920136714977,-0.02268306375654502,-2.370475696746089,1.8937574477269496,0
977,2024-09-27 16:28:17.127805908,0,021,-0.3524951494171247,0.10346169764931264,0.01361354622443637,0.4428277081264292,-0.7501458697085607,-0.049290647523736575,-2.0770835687637925,1.770116542637023,0
978,2024-09-27 16:28:17.201085205,0,021,-0.2839876661560042,0.0797335426241678,0.07733638457768954,0.41899120309041576,-0.6555460812400815,-0.07885446302109199,-1.6903033765787234,1.5647905133091105,0
979,2024-09-27 16:28:17.266182861,0,021,-0.219307892459349,0.05622966452159773,0.15086045506193355,0.3810501637332024,-0.5690796777636796,-0.11039998513751645,-1.2262210344949547,1.2837345857755764,0
980,2024-09-27 16:28:18.200625000,0,021,-0.15945928183602054,0.033287233081994654,0.22986934010788213,0.3291441794897346,-0.4916356162030327,-0.142822078068976,-0.708924508160873,0.9383869866951654,0
981,2024-09-27 16:28:18.278337891,0,021,-0.10527207164033456,0.011285068866397959,0.3093386787766597,0.2639081278084827,-0.422889906790167,-0.1750275652783584,-0.16846063035182368,0.545011722727994,0
982,2024-09-27 16:28:18.340020996,0,021,-0.05729462307653029,-0.009373083232608131,0.3832600645907605,0.18656221806435117,-0.3613581520155486,-0.2060258215990905,0.3618484614146197,0.1236543585419367,0
983,2024-09-27 16:28:18.415520996,0,021,-0.015712058697421177,-0.028297805317599484,0.44469459395418887,0.09894768071578357,-0.3045818315962209,-0.23497444540784648,0.8485632203294355,-0.30318384982330265,0
984,2024-09-27 16:28:18.483280029,0,021,0.019670377560616507,-0.04515819001031736,0.48620653654467183,0.003502342125825613,-0.24940748064089188,-0.26119447556712866,1.2615138161902624,-0.7121181463925355,0
985,2024-09-27 16:28:18.550283936,0,021,0.049388818741330706,-0.059714796936663816,0.5005601176021954,-0.09682425170147115,-0.19233444889358017,-0.28415750547803154,1.5769429368701136,-1.0806056519748266,0
986,2024-09-27 16:28:18.618735107,0,021,0.07426224089882089,-0.07183858189714652,0.4815070935042949,-0.1987275280439539,-0.12990804080917104,-0.30344717341068006,1.7797580415027632,-1.3885478726262277,0
987,2024-09-27 16:28:19.555351074,0,021,0.09533090225620183,-0.08151837783315105,0.4244910783249693,-0.29876398960007255,-0.059112973067502156,-0.3187192445638524,1.8644117751257485,-1.619520385619931,0
988,2024-09-27 16:28:19.617361084,0,021,0.11379102486504979,-0.0888562574458232,0.3271114624859772,-0.3935758609887917,0.022282492232513072,-0.3296914710912113,1.8343326130091389,-1.7616378645540842,0
989,2024-09-27 16:28:19.698437988,0,021,0.13093793511370125,-0.09405186190378224,0.18927051928921793,-0.48007427105468325,0.1154428198667815,-0.33616382419078167,1.700145513099353,-1.8081762910440768,0
990,2024-09-27 16:28:19.757363037,0,021,0.14813350360164035,-0.09738165796437384,0.01304227448423211,-0.555560880142697,0.22022450403753038,-0.3380394034970581,1.4771309720479553,-1.7579209139751442,0
991,2024-09-27 16:28:19.833796875,0,021,0.16678817473625515,-0.0991775460486809,-0.1976182781896553,-0.6177917161803619,0.3349974382671088,-0.33532183929226617,1.1825236085249193,-1.6150943664050694,0
992,2024-09-27 16:28:19.901384033,0,021,0.1883283159920901,-0.09980388710539943,-0.4371890006915884,-0.6650121528958178,0.45659155693045583,-0.3280848592337941,0.8331888318280403,-1.3888528250134986,0
993,2024-09-27 16:28:19.969239014,0,021,0.21413315884412945,-0.09963251763973732,-0.6988607516432381,-0.696000702723191,0.5803945575535517,-0.3164135220978123,0.4440030567087991,-1.0925094444373489,0
994,2024-09-27 16:28:20.887547119,0,021,0.24545829826074836,-0.09902094446602273,-0.974850949415742,-0.7101268643840166,0.7005517476273755,-0.3003165525569668,0.027157983666638824,-0.7426130132949083,0
995,2024-09-27 16:28:20.955303955,0,021,0.28337625933607763,-0.0982985257048198,-1.256835380382188,-0.707397865545388,0.8102392372230427,-0.2796333317906503,-0.4074756580968885,-0.3579042208860106,0
996,2024-09-27 16:28:21.011604004,0,021,0.32874453955542193,-0.09775868305006748,-1.5364725097407217,-0.6884715360666376,0.9020937946498498,-0.25399285660805987,-0.8511299645727913,0.04181277955602388,0
997,2024-09-27 16:28:21.088941162,0,021,0.3821822729594072,-0.09765140337541388,-1.8058973040144817,-0.6546293457127494,0.968904982897502,-0.22287506441085528,-1.2946527899537512,0.43676947128952903,0
998,2024-09-27 16:28:21.158407959,0,021,0.44402637764347597,-0.09817088574505396,-2.0580991735473777,-0.6077197144378392,1.004526345528219,-0.18576992358473568,-1.7272841764117106,0.8081791946307342,0
999,2024-09-27 16:28:21.226033936,0,021,0.514258158710844,-0.099437983243705,-2.287238857252605,-0.5500733977490352,1.0048210368876591,-0.14238261776505348,-2.13586986178954,1.1389824389585879,0
1000,2024-09-27 16:28:21.290268799,0,021,0.5924315915002099,-0.1014870049548978,-2.4890354028310537,-0.4843707096428535,0.9684646911445638,-0.0928317048812914,-2.5044689057233054,1.4144354880997878,0
1001,2024-09-27 16:28:22.232283203,0,021,0.6776558696601768,-0.10427162649346307,-2.6612502671717433,-0.4134672211435006,0.8974905197029335,-0.037808172873924635,-2.8143839026205457,1.622619896586008,0
1002,2024-09-27 16:28:22.304667969,0,021,0.7686526533603242,-0.10769452209823051,-2.804132743844833,-0.3402267833105277,0.7974825975509876,0.02132893656103566,-3.0449453602275365,1.754916381022743,0
1003,2024-09-27 16:28:22.371980957,0,021,0.8638533722191742,-0.11164757277199709,-2.9206571081510146,-0.2673849496428542,0.6773247488954359,0.08255709074076252,-3.1754960823095946,1.8064326760579443,0
1004,2024-09-27 16:28:22.434700928,0,021,0.9614916888612198,-0.11604348762668486,-3.016424826802269,-0.19743538284488288,0.5484526137243054,0.14333208386239887,-3.188484703014224,1.7763507565089027,0
1005,2024-09-27 16:28:22.500447998,0,021,1.059687968265183,-0.12083201039056832,-3.0991399207789607,-0.13255576714379283,0.4236877009263615,0.20085580317796867,-3.072855846296364,1.6681635084075626,0
1006,2024-09-27 16:28:22.575401123,0,021,1.156554737822195,-0.12600836388792652,-3.1776879539744214,-0.0745936512252857,0.3158879445650612,0.2523923099847313,-2.8268402265544443,1.4897464907516362,0
1007,2024-09-27 16:28:22.636062988,0,021,1.2503305212449594,-0.1316210864529302,-3.261005878678792,-0.025107188173541243,0.23667055898210376,0.2955439942193834,-2.459623632343913,1.2531362634964598,0
1008,2024-09-27 16:28:23.582626953,TASK_END,021,1.3395093068326278,-0.13777780961772468,-3.356939300366321,0.014551237426370866,0.1953454340442874,0.32845279474003575,-1.9914290094947473,0.9738291018672461,0
