,time,MARKER,pid,L_O_DSI,L_D_DSI,L_O_DSphi,L_D_DSphi,R_O_DSI,R_D_DSI,R_O_DSphi,R_D_DSphi,trial_id
0,2024-09-27 22:19:48.532224768,0,022,1.1939433356467242,-0.385683968003155,0.5449308716498789,0.7009853022631385,7.097584345081539,1.7960650045796407,-25.171914828152932,14.886260680023343,1
1,2024-09-27 22:19:48.609999104,0,022,1.2903866034436622,-0.2952347872994812,0.4239441722219015,0.6512811610695162,5.617844979503234,1.6597947023658055,-22.683079759758392,15.518936286648575,1
2,2024-09-27 22:19:48.671601152,0,022,1.384801944032744,-0.20871143266990522,0.30476642254489594,0.6051486881098316,4.189763812936436,1.527683358965547,-20.390253105366117,16.245632446850045,1
3,2024-09-27 22:19:48.734727936,0,022,1.474063441755221,-0.12916713355495338,0.18643582242674614,0.5664750137242273,2.8501028399958055,1.4026163505314269,-18.4233893657161,17.089812187053862,1
4,2024-09-27 22:19:48.812601088,0,022,1.5553284367021476,-0.05915542533511718,0.0678770145941644,0.5391392456338274,1.6294691217549462,1.2872151938365672,-16.876775228246906,18.062460500144375,1
5,2024-09-27 22:19:48.879884032,0,022,1.6262096463059674,-0.0005851508551606401,-0.051883112257230767,0.5267821478271273,0.55093789429685,1.1834133121061146,-15.798315815194421,19.159082489369595,1
6,2024-09-27 22:19:49.823056896,0,022,1.684913091271359,0.04535761630187524,-0.17333660080123695,0.5323060743670092,-0.37048267551232916,1.0920734162083325,-15.183992944936197,20.357869743839842,1
7,2024-09-27 22:19:49.883412224,0,022,1.7303172467298733,0.0782318219618389,-0.29604345736279897,0.5572426171059044,-1.1276711589555464,1.0128197766818277,-14.979500319153182,21.62036130588482,1
8,2024-09-27 22:19:49.949596928,0,022,1.7619916603292975,0.0983142040557827,-0.4182452192666221,0.6012616894532685,-1.7205934714014688,0.9440794819948314,-15.08990575374935,22.895231058039556,1
9,2024-09-27 22:19:50.023117312,0,022,1.7801648993281123,0.10652901744262849,-0.5367547095315515,0.6620455766207529,-2.155042542161019,0.88325900112755,-15.396469276791802,24.124765195739933,1
10,2024-09-27 22:19:50.093416960,0,022,1.7856481873368248,0.10434444418655647,-0.647318951972431,0.7355746956083797,-2.4412188639488157,0.8270314224951812,-15.77740545955807,25.252521582463835,1
11,2024-09-27 22:19:50.151732992,0,022,1.7797213301000274,0.09364634922249768,-0.745438055024472,0.8167328448483641,-2.592475825506119,0.7717393477092059,-16.126895678244793,26.230010853713022,1
12,2024-09-27 22:19:50.228376064,0,022,1.7639954534623798,0.07659947580115152,-0.8274574408373269,0.9000925326361371,-2.6243137653925768,0.7138302979204146,-16.367170640571008,27.020773162468185,1
13,2024-09-27 22:19:51.172657920,0,022,1.7402793262072807,0.05549938598553368,-0.8917671533163696,0.9807293031768459,-2.553441341728207,0.6501800278369877,-16.452282965704878,27.601512509928952,1
14,2024-09-27 22:19:51.240366848,0,022,1.7104776363222673,0.03261410128080032,-0.9398779708018002,1.0549289024213255,-2.3967850805666506,0.578274100365878,-16.365197986006358,27.96076941655364,1
15,2024-09-27 22:19:51.308065792,0,022,1.6765287740378516,0.01002559839523676,-0.9769495999603874,1.1206889529452608,-2.1706862859001888,0.49633747173460024,-16.11115981561979,28.096184198884824,1
16,2024-09-27 22:19:51.367629056,0,022,1.6403550530408395,-0.01050293027292896,-1.0113625264956914,1.1779222997943586,-1.8906981822837088,0.40346560456302927,-15.71131765955737,28.01212820885891,1
17,2024-09-27 22:19:51.429663744,0,022,1.6037837510684,-0.027609462160479034,-1.053309419689308,1.2282930957103677,-1.5720294325698616,0.2997091534687448,-15.199169528005266,27.719087677780745,1
18,2024-09-27 22:19:51.511159040,0,022,1.568436981592131,-0.04036133632207924,-1.112865319108212,1.2747427823420372,-1.2301752808409194,0.18602367898541908,-14.618454605507152,27.234530885201032,1
19,2024-09-27 22:19:51.569847040,0,022,1.5356389782103064,-0.04824484683210578,-1.1982372794353373,1.3208925487687908,-0.8812542043767784,0.0640871940140795,-14.019952560180421,26.584275476010564,1
20,2024-09-27 22:19:52.521330176,0,022,1.506382319436047,-0.05113452524952827,-1.3147483110671847,1.3705051739027763,-0.5418499411000888,-0.06388184932103813,-13.45725608669407,25.803818485502553,1
21,2024-09-27 22:19:52.583343872,0,022,1.4813604958396107,-0.04925527963809367,-1.4646518245048836,1.4270742481074115,-0.2282931382264011,-0.19521754128902366,-12.98276322474778,24.93867466403622,1
22,2024-09-27 22:19:52.660347904,0,022,1.4610533636453022,-0.04314599548504177,-1.6474439234276113,1.4934877536075848,0.04452317865991877,-0.326877996966179,-12.643441999423459,24.042019474525585,1
23,2024-09-27 22:19:52.723396096,0,022,1.4458224506593993,-0.03362401469998473,-1.8602730646959391,1.5716696106466495,0.2643982297487091,-0.4555880800663219,-12.475678801150115,23.16902892645942,1
24,2024-09-27 22:19:52.795721984,0,022,1.4359599128481642,-0.021739037954138302,-2.0982370230961007,1.6621662027381945,0.4227833715795488,-0.578082439433261,-12.500911838429488,22.369540218774688,1
25,2024-09-27 22:19:52.847835904,0,022,1.4316754919731614,-0.008702459546137613,-2.3545579469579,1.7637712788421667,0.5154644969779671,-0.6914842448103379,-12.724456210416111,21.68153569214867,1
26,2024-09-27 22:19:52.930702848,0,022,1.4330551612053906,0.004210665249662183,-2.6208071672424986,1.8733688346131443,0.5430083411385909,-0.7937967023839029,-13.137479108136082,21.12720503650455,1
27,2024-09-27 22:19:53.867075072,0,022,1.4400408745641755,0.015767527888671903,-2.887392081712291,1.986112211085321,0.5106561067819666,-0.8842542161869796,-13.719897354938752,20.71212913264431,1
28,2024-09-27 22:19:53.928777216,0,022,1.45246340050111,0.024861834701510405,-3.1442700671251593,2.0958799447184213,0.4274263500029632,-0.9632217746876225,-14.441817757405929,20.426911422450093,1
29,2024-09-27 22:19:54.005594112,0,022,1.4701112404267602,0.030566419019986812,-3.3816205337706573,2.19586289923142,0.30470122655170434,-1.0316518836472073,-15.262621185761743,20.250329074574676,1
30,2024-09-27 22:19:54.071042048,0,022,1.4927790339993015,0.03216653682331674,-3.590329240674801,2.2792181765500343,0.15469881362911186,-1.0903794395998052,-16.129102786985186,20.153913968639444,1
31,2024-09-27 22:19:54.146112000,0,022,1.5202597764952714,0.029184300102146513,-3.762374320010407,2.339780193182386,-0.010969257473934037,-1.1394791346238218,-16.97515711413989,20.107669770082936,1
32,2024-09-27 22:19:54.213028864,0,022,1.5522883720410359,0.021392799390057535,-3.8912089478017053,2.3727614227166427,-0.18245367831079495,-1.1778244431875644,-17.72485458510502,20.08529986260354,1
33,2024-09-27 22:19:54.280824832,0,022,1.588448517783213,0.008816394470836823,-3.9721363014771653,2.3753382904856672,-0.35235612968936386,-1.202990577376949,-18.299676546114938,20.067284947243028,1
34,2024-09-27 22:19:55.199002880,0,022,1.6280510352205548,-0.008279903868293196,-4.002633941652748,2.34704182116857,-0.5160156010058463,-1.2115402726632511,-18.628666576583647,20.041673620628888,1
35,2024-09-27 22:19:55.266718976,0,022,1.6700276294227232,-0.02940692679337171,-3.9825580148321893,2.2898941736474177,-0.671486251290664,-1.1996206614508205,-18.657615797335275,20.003655359360863,1
36,2024-09-27 22:19:55.334032896,0,022,1.7129180799251955,-0.0538801129855283,-3.9141463238492737,2.208257097758844,-0.8190724804384207,-1.1638404205989288,-18.353244244682287,19.954814723747955,1
37,2024-09-27 22:19:55.402078976,0,022,1.7549905234701306,-0.08087624427991554,-3.801759402948195,2.1084080271287067,-0.9603935521462099,-1.102328396520579,-17.70182974642238,19.90218065670806,1
38,2024-09-27 22:19:55.469441792,0,022,1.7944459171207356,-0.10951832037474106,-3.6513690819986437,1.9979154742987757,-1.097359718631514,-1.015629293737137,-16.705806254154727,19.857122653451334,1
39,2024-09-27 22:19:55.537120000,0,022,1.8296174463951624,-0.13896551236794177,-3.4699333559180956,1.8849027735398338,-1.231411982505718,-0.9071008784903434,-15.382667878199744,19.83460672307196,1
40,2024-09-27 22:19:55.601047040,0,022,1.859113228947856,-0.16848449295933934,-3.2648090217177415,1.7772473470795234,-1.362887014255486,-0.7828040336544376,-13.767496310922917,19.853177609492885,1
41,2024-09-27 22:19:56.546885888,0,022,1.8818948483133657,-0.19748869040818767,-3.0432067689700757,1.6817413478238323,-1.4902605026961664,-0.6510577809416777,-11.91713809908859,19.935325259678514,1
42,2024-09-27 22:19:56.600840960,0,022,1.8972984480627482,-0.22553353143328836,-2.811627962720034,1.6032978930333555,-1.6095767366180695,-0.5217302839551965,-9.913519809587864,20.107274173496574,1
43,2024-09-27 22:19:56.682939904,0,022,1.9050142131430259,-0.2522610511212843,-2.575317657983989,1.5443582951803558,-1.714737778054407,-0.40525805139255194,-7.864312945213812,20.396942571003432,1
44,2024-09-27 22:19:56.750358272,0,022,1.9050472076628127,-0.2773075607063533,-2.3378892631653363,1.5046629644606753,-1.798829139289005,-0.3114512989421744,-5.8993786776320265,20.82939921601073,1
45,2024-09-27 22:19:56.817334016,0,022,1.8976865292904759,-0.300212874150206,-2.101308485941326,1.4814731389614568,-1.8559249203680868,-0.24824040865706612,-4.1622426804260915,21.420834862515303,1
46,2024-09-27 22:19:56.885323008,0,022,1.883512594986261,-0.320377548632443,-1.8662972077690638,1.4702109383378552,-1.8826485722550501,-0.2206287238960945,-2.79720023860445,22.17339062932709,1
47,2024-09-27 22:19:56.953679872,0,022,1.8634511553332167,-0.33709165378315015,-1.6329968749481656,1.4653691269524103,-1.879007472123492,-0.23017286970862427,-1.9332127843374503,23.072513400686287,1
48,2024-09-27 22:19:57.882479872,0,022,1.8388420775313299,-0.34962315506731784,-1.4016147529109912,1.461450249451256,-1.8483222917484088,-0.2751323660961188,-1.666361299665556,24.086619427944505,1
49,2024-09-27 22:19:57.960449024,0,022,1.8114635735452225,-0.3573331869678988,-1.1728431925719647,1.4537146535619887,-1.796432669348255,-0.35112194072630254,-2.0438856037802218,25.168029863449693,1
50,2024-09-27 22:19:58.033060096,0,022,1.7834532572283306,-0.3597808432406225,-0.9480142076056858,1.4386850886781193,-1.730648089872877,-0.45196099611649015,-3.05351351634394,26.254938022855654,1
51,2024-09-27 22:19:58.099170048,0,022,1.7571094496836022,-0.35678853507767094,-0.7291394076399225,1.4144819936235904,-1.6588753750251783,-0.5704647648454134,-4.6209869340283465,27.274918776915587,1
52,2024-09-27 22:19:58.160775936,0,022,1.7346232138270723,-0.34846000968897245,-0.5190367058146899,1.381005550658586,-1.589026400717852,-0.6990338611907716,-6.6165161420815775,28.150249428674567,1
53,2024-09-27 22:19:58.236152064,0,022,1.7178226100588494,-0.33516404871926725,-0.3215366139403745,1.3398750174063416,-1.5285158648205375,-0.8300462293158112,-8.86903798371702,28.805133711803045,1
54,2024-09-27 22:19:58.299497984,0,022,1.7079890699361056,-0.3175075341107818,-0.1415030606795354,1.2940493782356266,-1.4836627259942703,-0.9561586965989838,-11.186737368464238,29.174949588939445,1
55,2024-09-27 22:19:59.216968960,0,022,1.7057742476361089,-0.29632021883962617,0.015556633682530477,1.2471721656392798,-1.4590824947532826,-1.0705980745740844,-13.381012887592544,29.216149149234536,1
56,2024-09-27 22:19:59.290586880,0,022,1.7112178838123018,-0.2726549707823281,0.14421764786609087,1.2028139569193248,-1.4573771881596373,-1.1674513958498607,-15.288838096381998,28.913322195169638,1
57,2024-09-27 22:19:59.355591936,0,022,1.7238346242289795,-0.24777919543008797,0.2399047866546434,1.1638534414950255,-1.4791939961862248,-1.241989267141301,-16.788761106401193,28.280397137827798,1
58,2024-09-27 22:19:59.419599104,0,022,1.7427259889147142,-0.22312536548034007,0.29942377913905127,1.1321794282228896,-1.5232144315110403,-1.2911259283209322,-17.808463989908287,27.355867049751748,1
59,2024-09-27 22:19:59.493577984,0,022,1.7666936348932738,-0.2001933457253725,0.32110743147416404,1.1087313165847938,-1.585665212854508,-1.31401599703213,-18.32462458941496,26.194797398240514,1
60,2024-09-27 22:19:59.561272064,0,022,1.7943488649884682,-0.1804257468058258,0.3046017500755917,1.0937613280107334,-1.65962709492772,-1.3125400477646971,-18.35790164666984,24.861314979672372,1
61,2024-09-27 22:19:59.628993024,0,022,1.824213972506562,-0.1650815097411934,0.2505652005055469,1.087164625429113,-1.7348180566508522,-1.2913736805535168,-17.965522739090463,23.423170860339724,1
62,2024-09-27 22:20:00.572803072,0,022,1.8548073977262263,-0.15512414881880057,0.1606210277694991,1.0887281241137292,-1.7982054411756427,-1.2575346394742757,-17.23164926472158,21.947101317068103,1
63,2024-09-27 22:20:00.639502848,0,022,1.8847114420925053,-0.1511414353015402,0.03758837315394801,1.0982009287643122,-1.8353536965228796,-1.2195285382933168,-16.25503723774134,20.493987858222365,1
64,2024-09-27 22:20:00.708036864,0,022,1.9126331200323345,-0.15331276254220327,-0.11430086153951723,1.1152070067179718,-1.8322650333124921,-1.1863416854145974,-15.135078177682699,19.115056162990133,1
65,2024-09-27 22:20:00.768601856,0,022,1.937464272083336,-0.16142503862247923,-0.28945149963224054,1.1391187058816545,-1.7774092295868946,-1.1665181150242783,-13.958600035118076,17.850676034441676,1
66,2024-09-27 22:20:00.829193984,0,022,1.958323280910076,-0.17492231327442712,-0.4812024768634048,1.1690051775752346,-1.6634911006426476,-1.167433770932142,-12.789974813763346,16.731849187629717,1
67,2024-09-27 22:20:00.907759104,0,022,1.9745473049579498,-0.19297205595870134,-0.6821332604596178,1.2036626929351748,-1.4884457865815242,-1.1947942389667174,-11.666527577851744,15.783375460198974,1
68,2024-09-27 22:20:00.969584896,0,022,1.9856270109217662,-0.2145351154881374,-0.8841862328132791,1.2416327977775883,-1.2553910082754038,-1.2523856679118892,-10.599791615267899,15.026995565456078,1
69,2024-09-27 22:20:01.917207040,0,022,1.9911163661431337,-0.2384314234378225,-1.078639707693249,1.2811425403499088,-0.9717408582898478,-1.3420597318051337,-9.580852808921142,14.482253063702517,1
70,2024-09-27 22:20:01.990017792,0,022,1.9905662798529895,-0.26340052334885483,-1.2560714648057993,1.3199986743657974,-0.6480355772653688,-1.4637945070225036,-8.586687896802369,14.163886112770808,1
71,2024-09-27 22:20:02.057710080,0,022,1.9835140404143856,-0.28815989965182154,-1.4064972085153122,1.3555166209523326,-0.29694865522673564,-1.6156828557146,-7.586082190931986,14.077396749537307,1
72,2024-09-27 22:20:02.125398016,0,022,1.969533459917675,-0.31146037349029937,-1.5199458584887222,1.384589876463368,0.06748207204523804,-1.793944728776558,-6.546207921038516,14.216015212199379,1
73,2024-09-27 22:20:02.193054976,0,022,1.9483316149754055,-0.3321344927524423,-1.5875678406246128,1.4040110429179065,0.4306858691205761,-1.9931817157242313,-5.4399993884694915,14.560661846825253,1
74,2024-09-27 22:20:02.260574976,0,022,1.9198681220077554,-0.34913862355084674,-1.602989249503729,1.4110385054277852,0.7786607287928822,-2.206862882860684,-4.251836200054561,15.082075787943124,1
75,2024-09-27 22:20:02.319517952,0,022,1.884469837667302,-0.3615950107538567,-1.5634112469932506,1.4039905501972358,1.0990982551395718,-2.427790076664007,-2.979490581120709,15.74373088625031,1
76,2024-09-27 22:20:03.271686912,0,022,1.8429238403013264,-0.3688371231749153,-1.4700444491297167,1.3825651606744118,1.3820368835272498,-2.648377693351741,-1.6329339444433706,16.504821561928424,1
77,2024-09-27 22:20:03.340204800,0,022,1.7965351311984725,-0.3704501046460734,-1.3277683018072288,1.3477460725178347,1.6199677504800225,-2.860826990847185,-0.23215465314712594,17.323086169823256,1
78,2024-09-27 22:20:03.407054080,0,022,1.7471079066965574,-0.36628714832837633,-1.1442766323601903,1.3014061720671146,1.8078539662243707,-3.05736796836306,1.1940747637191158,18.157525606455206,1
79,2024-09-27 22:20:03.474713088,0,022,1.6968065606712313,-0.3564512669018082,-0.9291751462145383,1.2458393449202971,1.9433271861945323,-3.2306262269258874,2.608346555229962,18.97094447619677,1
80,2024-09-27 22:20:03.541449984,0,022,1.6479217693972894,-0.3412576696531461,-0.6933642834538201,1.183404316599644,2.0267341328599797,-3.3740257307833788,3.9655615247334053,19.73171993119024,1
81,2024-09-27 22:20:03.610587904,0,022,1.6026257485496336,-0.3211998156190436,-0.4487121899724922,1.1163642233258237,2.0607080735967687,-3.482155218903272,5.216388270846126,20.414263838747,1
82,2024-09-27 22:20:03.678168832,0,022,1.562777821553006,-0.29692447315855325,-0.2077819266216155,1.046907918454818,2.0494561903055937,-3.551121634049881,6.313176552128868,20.998124583421077,1
83,2024-09-27 22:20:04.623133184,0,022,1.5297826769835858,-0.2692064332384143,0.016641677034961784,0.9772405228912887,1.9981789130702325,-3.578910374057427,7.217238700006919,21.46581730415514,1
84,2024-09-27 22:20:04.684044032,0,022,1.5044714149495617,-0.23891381322429298,0.21230102679619156,0.9096157316657336,1.9128024347059245,-3.5657188953931653,7.905723534654336,21.800255945046455,1
85,2024-09-27 22:20:04.746059776,0,022,1.4869918473051416,-0.20696398311073533,0.36834422663988103,0.8462723619872664,1.7998499511129233,-3.51416959350453,8.37500688552996,21.984061980499014,1
86,2024-09-27 22:20:04.825292032,0,022,1.4767402803324996,-0.17428134918155969,0.4761095860882376,0.7893099087332566,1.6661309079055213,-3.429244518851899,8.638167599438347,22.002281900771074,1
87,2024-09-27 22:20:04.893705984,0,022,1.472383502446284,-0.14176814420965062,0.5296776837153984,0.7405350434057969,1.5181973481664914,-3.3178454880427153,8.71808875854633,21.847145671028976,1
88,2024-09-27 22:20:04.949029120,0,022,1.4719848325560982,-0.11028441769365979,0.5262071307584394,0.7012957453409124,1.3618788960094563,-3.188040728722718,8.640760246045428,21.5221398093874,1
89,2024-09-27 22:20:05.028736000,0,022,1.473215798182277,-0.08062568095691024,0.46616069164295626,0.6723542995223536,1.2021117443847946,-3.0481265432659073,8.431542828703536,21.043862793064736,1
90,2024-09-27 22:20:05.942610176,0,022,1.4736401688411218,-0.053501204425977056,0.35339625310005673,0.6538917409050846,1.0429334371234322,-2.9056238005450816,8.113260406647264,20.441557350647905,1
91,2024-09-27 22:20:06.015886848,0,022,1.471047513569119,-0.029526741712414435,0.19490407818834093,0.6456947198829741,0.8874977642310824,-2.7663869084188053,7.704077798330145,19.754521118814544,1
92,2024-09-27 22:20:06.083577856,0,022,1.4637595516863593,-0.009226791497037763,0.00010243075800345702,0.6474752951281004,0.7381638624686087,-2.634074425046871,7.2150232538958186,19.027592678766265,1
93,2024-09-27 22:20:06.142885888,0,022,1.450816637301698,0.006974797097914238,-0.22008378705155662,0.6591984845144581,0.5967129444974151,-2.5101424986973595,6.648314384928672,18.30571721115261,1
94,2024-09-27 22:20:06.204015104,0,022,1.4320215177771363,0.018776836523488518,-0.4541123178296422,0.6812811909396987,0.46456858877687707,-2.3942940984329346,5.997809818459541,17.629212378802688,1
95,2024-09-27 22:20:06.286577920,0,022,1.4078888197536297,0.026012361777248815,-0.6906012669102706,0.7145764639177878,0.342845490604292,-2.285119515366524,5.252626604100622,17.030429481361853,1
96,2024-09-27 22:20:06.344603904,0,022,1.3795500795520954,0.02863900425542421,-0.9189555539175334,0.7601151357482531,0.23225237608400226,-2.180650792475602,4.403427912810701,16.531490784840774,1
97,2024-09-27 22:20:07.298228992,0,022,1.3486185849311378,0.02672801092227952,-1.1298422280728317,0.8186353893852176,0.13315116190855913,-2.0788018956259577,3.449086101917114,16.14295526880693,1
98,2024-09-27 22:20:07.365958912,0,022,1.3169917049664683,0.020477400005571977,-1.3156370004002433,0.890041597191561,0.04611749276438862,-1.9779225498645259,2.4014739479686447,15.86362648703519,1
99,2024-09-27 22:20:07.425957888,0,022,1.2866064265051467,0.010247027093304337,-1.4708930110884098,0.9730089991826439,-0.02705986647034035,-1.8775350874538443,1.2869903243195824,15.682033135103493,1
100,2024-09-27 22:20:07.501486080,0,022,1.259216636896883,-0.003411443291475123,-1.5926689452827711,1.0648542456539891,-0.08257011444672312,-1.7789137430113635,0.1437770894981341,15.580448130939143,1
101,2024-09-27 22:20:07.565188096,0,022,1.2362502536200688,-0.019753634040843213,-1.680602774837802,1.1616295467198858,-0.11461168412647922,-1.685080270785899,-0.9851312961565111,15.541297419867513,1
102,2024-09-27 22:20:07.636858880,0,022,1.218753940481649,-0.03787903906007989,-1.7368457872519079,1.2583650891481153,-0.11635213466792586,-1.60009400180128,-2.0599942150806942,15.55356897477412,1
103,2024-09-27 22:20:07.703992064,0,022,1.207398490762637,-0.05679806971698803,-1.7659270561894778,1.3494391176446252,-0.0814124122887967,-1.5278899281741276,-3.050031022603232,15.616019378474135,1
104,2024-09-27 22:20:08.641041920,0,022,1.2025065674054185,-0.07550918560737697,-1.7743737306324863,1.42904520353354,-0.005314604636851019,-1.4711845984458725,-3.934955755882015,15.736234925800225,1
105,2024-09-27 22:20:08.703069952,0,022,1.204075840405129,-0.09306476224795276,-1.7699121483066227,1.4916788943659918,0.11353151161532207,-1.4309142664562389,-4.704520171596385,15.92780875652324,1
106,2024-09-27 22:20:08.783776000,0,022,1.2118008905647848,-0.10861821162147792,-1.7603749758593636,1.5325844025772548,0.2733800637619434,-1.406266326623886,-5.35878888299329,16.207960854211496,1
107,2024-09-27 22:20:08.851329024,0,022,1.2251205195747066,-0.12146000055171256,-1.7527200906702187,1.5481417795484802,0.4690843660890912,-1.395041511111047,-5.908680906723645,16.59500688814972,1
108,2024-09-27 22:20:08.904332032,0,022,1.2433041715104785,-0.13105047080981486,-1.7525200308733808,1.5361612208619235,0.6923004309982431,-1.3940867342563203,-6.374719424733022,17.104201744655686,1
109,2024-09-27 22:20:08.982868992,0,022,1.2655504696263804,-0.13704635415442049,-1.7638718812975258,1.496020553374227,0.9319714909981781,-1.3997075542576904,-6.784265057485681,17.742956038842916,1
110,2024-09-27 22:20:09.054335232,0,022,1.291044484905451,-0.13931408524573347,-1.7893300254309195,1.428602233139639,1.1751732697000015,-1.408120117386228,-7.169170124328583,18.507887772156007,1
111,2024-09-27 22:20:09.998332928,0,022,1.3189332853290179,-0.13792519265750677,-1.8296255100205119,1.3360736129086754,1.4082786664371363,-1.4159728592626317,-7.564181291879751,19.384737336662983,1
112,2024-09-27 22:20:10.060403200,0,022,1.348231027375681,-0.13313087827003223,-1.8833783268342974,1.2216294012055153,1.6181580231919266,-1.4207981930161142,-8.004716148047791,20.350221938551037,1
113,2024-09-27 22:20:10.133573120,0,022,1.377722191227987,-0.12532080132823997,-1.9471257388793426,1.0892700981330241,1.7931040289009903,-1.4212286894051809,-8.52258566805473,21.37396151252245,1
114,2024-09-27 22:20:10.199065856,0,022,1.405935409504888,-0.11497709086711418,-2.015699015440857,0.9435825732507502,1.9234638952448893,-1.4169887607987808,-9.139068712730207,22.41894945904507,1
115,2024-09-27 22:20:10.261468928,0,022,1.4312097114668378,-0.10262908051983329,-2.082780106692741,0.789489373380182,2.0023128490807105,-1.4088251871177109,-9.857099914788504,23.440947783307795,1
116,2024-09-27 22:20:10.336698880,0,022,1.4518335194172374,-0.088810889953015,-2.1415684003772135,0.6320210197882387,2.0264858869660243,-1.3984880940362974,-10.6569970868618,24.389194053462305,1
117,2024-09-27 22:20:10.401249024,0,022,1.466228312183113,-0.07403255213384759,-2.18553785153846,0.4761551787793235,1.997740540094195,-1.388669850886081,-11.499246188281045,25.21040617010686,1
118,2024-09-27 22:20:11.323483904,0,022,1.4731422673423387,-0.05878035575669692,-2.2091312886618377,0.32667698685988095,1.9233629609933391,-1.382750467143639,-12.333251215919905,25.85518474474222,1
119,2024-09-27 22:20:11.391236096,0,022,1.471807308087847,-0.04354514044382151,-2.208192717925987,0.1880235396740203,1.8157401492599823,-1.3844205027244023,-13.10754067524072,26.283792563783557,1
120,2024-09-27 22:20:11.458893056,0,022,1.4620210319487683,-0.028851394739793788,-2.1800618545937436,0.06415141329440753,1.690939099601198,-1.3974092308513515,-13.777785904377785,26.469325401602656,1
121,2024-09-27 22:20:11.511808000,0,022,1.444142278321579,-0.015259459536808101,-2.123463575846742,-0.041513542182169925,1.5666191756764782,-1.4253305280854518,-14.310962645421638,26.39809688748972,1
122,2024-09-27 22:20:11.594231040,0,022,1.4190084902348128,-0.003336806820870104,-2.038522580903066,-0.1260027042554556,1.4596464150123956,-1.4713558571380818,-14.684259783199069,26.06726565069271,1
123,2024-09-27 22:20:11.661912064,0,022,1.3877867727440214,0.0063942627671450345,-1.9271018921524496,-0.18662685736985343,1.3837437261396115,-1.5375143813026304,-14.879317652263397,25.480606886319176,1
124,2024-09-27 22:20:11.727480832,0,022,1.351777799352608,0.013528934231855316,-1.793203998887533,-0.2208293429544447,1.3475144351730697,-1.6238353284590483,-14.876536080262309,24.64534645459697,1
125,2024-09-27 22:20:12.668998144,0,022,1.3122129241268399,0.017859508377797234,-1.643021391996014,-0.22623816859839307,1.3532317903660585,-1.7277620712759953,-14.654127982770255,23.572249444855824,1
126,2024-09-27 22:20:12.730568960,0,022,1.2700993072396551,0.019432207417979568,-1.4845695882692607,-0.20095336634073815,1.396771941451835,-1.8441405064976766,-14.191782352901226,22.277758840555336,1
127,2024-09-27 22:20:12.792592128,0,022,1.2261551937526558,0.018554318225214823,-1.3270926389653452,-0.14395917941171815,1.468847894289292,-1.9658953293171946,-13.475897148564453,20.78558276638975,1
128,2024-09-27 22:20:12.869731072,0,022,1.1808470620044393,0.01574891050563265,-1.1803440420628557,-0.05552765588692177,1.5572485589625154,-2.0852874578853426,-12.504215875497055,19.126922057498973,1
129,2024-09-27 22:20:12.931783936,0,022,1.1345050433519397,0.011671237518635002,-1.0537997994897095,0.06248442966392003,1.6493482145764762,-2.1953603404154425,-11.28914432907107,17.34048140250428,1
130,2024-09-27 22:20:13.009814016,0,022,1.0874603097545614,0.00700312543591414,-0.9560082388536992,0.2065244252864028,1.7341085404303402,-2.29106699745594,-9.859576314205096,15.473383156187548,1
131,2024-09-27 22:20:13.071379968,0,022,1.0401492959409517,0.0023450796788179475,-0.8942717782780157,0.37143918179037416,1.8031435090767798,-2.3697437178028102,-8.26129854105426,13.582423377183789,1
132,2024-09-27 22:20:14.022633984,0,022,0.9931724386083803,-0.0018723601093392367,-0.8745870724826459,0.5507051036682246,1.8508548616921312,-2.4309363921878564,-6.556110896167744,11.733639676823739,1
133,2024-09-27 22:20:14.088190976,0,022,0.9473164375408016,-0.005445604952434146,-0.9016041785071652,0.7367152507581871,1.8740177497654633,-2.4758668395727974,-4.819414980985394,9.998777493003086,1
134,2024-09-27 22:20:14.149699072,0,022,0.9035243205420084,-0.008416313737127099,-0.9784473531435407,0.9211276752332451,1.8713481204945435,-2.5068200312390467,-3.1356561956100535,8.449254592329233,1
135,2024-09-27 22:20:14.225853952,0,022,0.862793218552625,-0.011040590302122602,-1.1063790729998753,1.0953125429820445,1.843367631136547,-2.5265418213854853,-1.5911206927386754,7.149217864052926,1
136,2024-09-27 22:20:14.288814848,0,022,0.8260260033959814,-0.013710226451389994,-1.284384191732241,1.2508868781127835,1.792494498055715,-2.5376732151027825,-0.2641698446245763,6.148980200898456,1
137,2024-09-27 22:20:14.361094912,0,022,0.7939068712901465,-0.0168528887044542,-1.508785824417555,1.3802651724617214,1.7230346153756,-2.542292649390102,0.7853424381707309,5.48004504616579,1
138,2024-09-27 22:20:14.428751872,0,022,0.7668597531735735,-0.020843731062361873,-1.772956407492878,1.4771281852161224,1.640773629586312,-2.541639970117435,1.5232394674757623,5.153177490884985,1
139,2024-09-27 22:20:15.371162880,0,022,0.7450927089641391,-0.02594540138253698,-2.0671779860878075,1.5367581403308397,1.5521854974695428,-2.5360834082576025,1.9403426094608325,5.160421868083108,1
140,2024-09-27 22:20:15.433650944,0,022,0.7286860077139037,-0.03228502244612103,-2.378823203168998,1.5562765636694895,1.4635984714826336,-2.5253332829038118,2.0437147772421858,5.480451098920617,1
141,2024-09-27 22:20:15.508212224,0,022,0.7176747699911044,-0.039872546442136024,-2.6930472294153156,1.5348387689985596,1.3806389279021538,-2.5087755436374577,1.8445845529171954,6.085222919409211,1
142,2024-09-27 22:20:15.575879936,0,022,0.7120975635543574,-0.04864802468508737,-2.993941893089712,1.4737762783556922,1.3079729332128907,-2.4857511765219855,1.3484008076594318,6.945569811270619,1
143,2024-09-27 22:20:15.643625984,0,022,0.7120086742762058,-0.058527720265293036,-3.265842065997,1.3766179296514955,1.2491451631835622,-2.4557036113738446,0.5498196461270158,8.03423295448499,1
144,2024-09-27 22:20:15.710344960,0,022,0.7174626971163833,-0.06942368536462772,-3.4944247155903123,1.2488934327357384,1.2063463848583826,-2.418208424635255,-0.5668803189418471,9.32643549250941,1
145,2024-09-27 22:20:15.772345088,0,022,0.7284771858497161,-0.08123363935555437,-3.667412629152928,1.0976831263933706,1.1801395593578625,-2.3729370417618774,-2.0228835135067578,10.799250154541877,1
146,2024-09-27 22:20:16.722848768,0,022,0.744986948562086,-0.09381440673000457,-3.7749560684546055,0.9310343719471273,1.1693570755054266,-2.319667310370244,-3.8370475871009195,12.430804509852557,1
147,2024-09-27 22:20:16.779869184,0,022,0.7668236408751515,-0.10695658995316513,-3.809892310949208,0.7574325107826263,1.1714115590213199,-2.2584775404826867,-6.016367360916495,14.199288788263505,1
148,2024-09-27 22:20:16.857707008,0,022,0.793748311806197,-0.1203722155578132,-3.768065347418763,0.5854125888124015,1.183127498258001,-2.1901179399070836,-8.54534426576617,16.08117604528597,1
149,2024-09-27 22:20:16.919928064,0,022,0.8255165835906493,-0.13369216783609178,-3.648873126014143,0.4233185734070298,1.2019150926907263,-2.1163391748782656,-11.376137245073954,18.04851113872967,1
150,2024-09-27 22:20:16.993657344,0,022,0.8619179954666876,-0.1464629152325296,-3.4560564984615163,0.27919628044217476,1.2268054943898843,-2.0399317875148455,-14.423533835069511,20.065972548182483,1
151,2024-09-27 22:20:17.058354944,0,022,0.9027500969674004,-0.15814227824994073,-3.198380625032545,0.1606916597351474,1.2588414703707747,-1.9644262267431563,-17.568497993305247,22.088977113410525,1
152,2024-09-27 22:20:17.120434176,0,022,0.9477408476838846,-0.16810929373601977,-2.8897419031471663,0.07475572833634024,1.3006135127874545,-1.8935441324216824,-20.66981265282439,24.06382388059762,1
153,2024-09-27 22:20:18.035676928,0,022,0.9964644996786198,-0.17570561440890625,-2.5485861842090767,0.027137432791928533,1.3551112310109295,-1.8305089413996853,-23.57926310163602,25.929885402472166,1
154,2024-09-27 22:20:18.114621952,0,022,1.0482838770409653,-0.18030613840827014,-2.1968023960780685,0.021836219772226245,1.4243837009680196,-1.777439494310629,-26.156385863377412,27.623468714280182,1
155,2024-09-27 22:20:18.174906880,0,022,1.1023268895173532,-0.18139381583674494,-1.8581407992748984,0.06064030540810185,1.5086156390645253,-1.7351470737549155,-28.2815423184827,29.08313382710477,1
156,2024-09-27 22:20:18.249998080,0,022,1.157496174566921,-0.17861786901594254,-1.556121994640477,0.14276974326645642,1.6059375407386716,-1.7034332173820712,-29.86618326821633,30.255472435489526,1
157,2024-09-27 22:20:18.313246208,0,022,1.2125053156049286,-0.17183534035337264,-1.311618615012453,0.2646425784601573,1.7128199311545866,-1.681644366734803,-30.85837273759428,31.09980762582109,1
158,2024-09-27 22:20:18.385350144,0,022,1.2659274784091867,-0.1611409256083219,-1.140598714518637,0.41984659232741817,1.8246862465565206,-1.669166467752219,-31.243704129461836,31.59154331748747,1
159,2024-09-27 22:20:18.452907008,0,022,1.316243553110065,-0.1468809210393283,-1.0526535867973235,0.5994728258204318,1.9364388425135879,-1.665704031895384,-31.04422287277795,31.724766877670064,1
160,2024-09-27 22:20:19.391480064,0,022,1.3618849635701864,-0.12964387835015145,-1.0506940095432173,0.7929404549862171,2.042759747917952,-1.6713764533724473,-30.316786051741374,31.513740781889503,1
161,2024-09-27 22:20:19.464695040,0,022,1.401281950502695,-0.11022769540228618,-1.1316887376107165,0.9892386445180648,2.1383124944917618,-1.6867911660678616,-29.149546537898757,30.99227247128197,1
162,2024-09-27 22:20:19.531577856,0,022,1.4329435223298328,-0.08959005679196312,-1.287973106486674,1.178273461657976,2.218132277150929,-1.7132116501772365,-27.655254635976124,30.21084783970035,1
163,2024-09-27 22:20:19.593476096,0,022,1.455580871373761,-0.06878353705165934,-1.5086707351158153,1.3519269970466326,2.2782533117398374,-1.7527276189087584,-25.961754601808618,29.23233180258405,1
164,2024-09-27 22:20:19.667794944,0,022,1.4682506594539095,-0.0488679212874228,-1.7809185610683098,1.5045476658281978,2.3162340526964984,-1.8081955141015655,-24.200417043202197,28.12687564953953,1
165,2024-09-27 22:20:19.735398912,0,022,1.4704840537250798,-0.03080550631566942,-2.090697770980779,1.6328208205821342,2.331242758613018,-1.8827937724843096,-22.493153234237678,26.966139928039297,1
166,2024-09-27 22:20:19.793787136,0,022,1.4623786320795757,-0.015369225581962218,-2.423269685077801,1.7352128680684393,2.323823289457471,-1.979217672526844,-20.93952005737618,25.816922406361183,1
167,2024-09-27 22:20:20.743563008,0,022,1.444632276241926,-0.0030936378289402747,-2.7634854675314444,1.8113288789524544,2.2958552219362565,-2.0987175318859235,-19.606632749781888,24.734966572338607,1
168,2024-09-27 22:20:20.806426112,0,022,1.4185091547211026,0.0057240930432964675,-3.0962516214437383,1.861469021725055,2.250988924738546,-2.240336362139259,-18.525166298933847,23.760667422320168,1
169,2024-09-27 22:20:20.868060160,0,022,1.3857559572644216,0.010989900848286495,-3.4071323543236596,1.8864496631482057,2.1951622415101504,-2.400714470056021,-17.693239697934644,22.91822885188621,1
170,2024-09-27 22:20:20.945319936,0,022,1.3484841319431118,0.012777637050524355,-3.682897437565031,1.8875848736757017,2.1365694664186567,-2.5745852067737625,-17.086756267721753,22.218152514544382,1
171,2024-09-27 22:20:21.018748928,0,022,1.3090115376451974,0.01131965957776903,-3.9119825051291777,1.8667101996042077,2.084911300775963,-2.755713840596281,-16.672370397002645,21.661482582833138,1
172,2024-09-27 22:20:21.085399808,0,022,1.269681728406198,0.0070154381257050424,-4.085001267798711,1.826180916272367,2.0502028125096765,-2.937796998748757,-16.418330604504224,21.24393788264107,1
173,2024-09-27 22:20:21.154092032,0,022,1.2327196159042764,0.000422324753398159,-4.195409754246349,1.7688248171258527,2.041475870429914,-3.1149179807692766,-16.29931720210608,20.9584768646025,1
174,2024-09-27 22:20:22.068967168,0,022,1.2001577604704088,-0.007795132551452582,-4.240256441965127,1.6978540201765508,2.065660368847382,-3.281504195023427,-16.29502878959384,20.796032417119054,1
175,2024-09-27 22:20:22.140811008,0,022,1.1738060656777651,-0.016948568070922897,-4.220758724918211,1.6167140838528495,2.1268395545200955,-3.4320495597713148,-16.385543290236168,20.745299126238173,1
176,2024-09-27 22:20:22.208556800,0,022,1.1552198327047427,-0.02641701439506408,-4.1423280751321485,1.5288356314309506,2.2258753603978243,-3.56089314948471,-16.545727007197023,20.792074384869174,1
177,2024-09-27 22:20:22.269696000,0,022,1.1456519763739208,-0.03572225917919125,-4.013817005202591,1.4373320598745356,2.360309230084851,-3.6622012947771387,-16.73898842372132,20.917768946477207,1
178,2024-09-27 22:20:22.331985152,0,022,1.1459990748246496,-0.0445669476338172,-3.846190385059167,1.3447755333699993,2.524531250982554,-3.730147798281074,-16.911858632060717,21.09721687569349,1
179,2024-09-27 22:20:22.409699072,0,022,1.1567451119971752,-0.05282312573620808,-3.651177055394948,1.253157714553158,2.710283616708881,-3.7591920321992993,-16.99329022075024,21.297196388409915,1
180,2024-09-27 22:20:22.471364096,0,022,1.1779043252475963,-0.06048259814009511,-3.4403785029872584,1.1640301050978599,2.9075791497828445,-3.744457043763347,-16.901080618051008,21.47736820086688,1
181,2024-09-27 22:20:23.411614976,0,022,1.2089808692321709,-0.06759827634098761,-3.22488597082447,1.0787358001077418,3.1059823003489475,-3.682375839051469,-16.552917928014445,21.594106567447305,1
182,2024-09-27 22:20:23.489478144,0,022,1.248969355445255,-0.07423935556565679,-3.015142982785246,0.9986341065501423,3.295866146759645,-3.5716361518884483,-15.877085673087615,21.605902302910966,1
183,2024-09-27 22:20:23.552179200,0,022,1.2964016814255166,-0.08046247977820828,-2.8208271695761704,0.9252436764722709,3.4691233716748338,-3.414135179673429,-14.82015041179897,21.47844585434481,1
184,2024-09-27 22:20:23.625968896,0,022,1.3494266466885179,-0.08628867687989797,-2.650650704957298,0.860262300027877,3.6191766164502646,-3.2155784701085577,-13.35220060481062,21.188383736073085,1
185,2024-09-27 22:20:23.693555200,0,022,1.405914715396136,-0.09168323676695393,-2.5119593634109787,0.8054722668935097,3.740631487279487,-2.9855217055416965,-11.471354974816261,20.725632258485163,1
186,2024-09-27 22:20:23.753443840,0,022,1.4635925315654739,-0.09654582076339341,-2.4100167583039944,0.7625731662701846,3.8290064791076404,-2.736824640232333,-9.208311416278463,20.094550490333656,1
187,2024-09-27 22:20:23.815931904,0,022,1.5202031331310804,-0.10071363780800399,-2.3471050190385108,0.732975792693335,3.8806614504345847,-2.484610430894829,-6.628956235975148,19.314138480079595,1
188,2024-09-27 22:20:24.772840192,0,022,1.5736731219954203,-0.10397163669459024,-2.321914448391615,0.7176151129001868,3.892811769841179,-2.2449031432126523,-3.8310393674930716,18.4167352644546,1
189,2024-09-27 22:20:24.830056960,0,022,1.6222628142564945,-0.10606186971094558,-2.329691255396694,0.7168640586289066,3.8635987374413436,-2.0330822697763953,-0.9334239154082878,17.444761436417846,1
190,2024-09-27 22:20:24.908278016,0,022,1.664676888317503,-0.10669268707326156,-2.363107318554493,0.7305234395683879,3.7922752887261084,-1.8622155989054305,1.938808420552255,16.445902167930626,1
191,2024-09-27 22:20:24.970226944,0,022,1.7001327669578814,-0.10556454601899351,-2.413341066645727,0.7577633358670681,3.6795050552029074,-1.7414737609065862,4.668636830999206,15.467332035463533,1
192,2024-09-27 22:20:25.032299008,0,022,1.7284046809631004,-0.10242669187287239,-2.470948629422199,0.7969974469323186,3.5278067086190914,-1.675136852434233,7.157750656977925,14.549895800187976,1
193,2024-09-27 22:20:25.108993792,0,022,1.7498409340962013,-0.09714530006678176,-2.5265241410539967,0.8458065221886315,3.3422147338730683,-1.6626262508356195,9.332285411095947,13.724311603234117,1
194,2024-09-27 22:20:25.170566144,0,022,1.765320129304782,-0.08974512884815777,-2.5713334319119943,0.9009904140935968,3.1310310598405997,-1.6994241139548876,11.143270933310816,13.011507441154237,1
195,2024-09-27 22:20:26.109341952,0,022,1.7761268573315827,-0.08041593614412046,-2.597958934508025,0.9587505943547732,2.9063081414539296,-1.7783656340213658,12.56217482673957,12.426945247723475,1
196,2024-09-27 22:20:26.191026944,0,022,1.783765421237806,-0.06950496118722548,-2.600845787158146,1.014991538266144,2.6836335689388795,-1.8909313779409098,13.573360109023296,11.985957892054625,1
197,2024-09-27 22:20:26.247265024,0,022,1.7897434802397316,-0.05750293414953157,-2.576658325271906,1.0656879471016845,2.480959293183662,-2.0284065384982686,14.166921286256661,11.706622200346668,1
198,2024-09-27 22:20:26.325409024,0,022,1.7953541422818866,-0.045002707397559245,-2.5243966901160477,1.107192748834686,2.31671601412653,-2.1828420188440045,14.335318588014216,11.609152637501547,1
199,2024-09-27 22:20:26.387398912,0,022,1.8014895595142109,-0.03261122330698565,-2.4452296296906497,1.1363860360371458,2.207808816602371,-2.3477159143279125,14.075089061910813,11.713093233840647,1
200,2024-09-27 22:20:26.449058048,0,022,1.808526383942505,-0.02082841270963328,-2.342058989826233,1.1506786589658036,2.167820363403304,-2.518131503411745,13.392428118058644,12.033390762161163,1
201,2024-09-27 22:20:26.525862144,0,022,1.8163165243500368,-0.009941663835734828,-2.2189371249317444,1.1479621177976824,2.2053774721239012,-2.6904747890828107,12.310167194850488,12.575667482477346,1
202,2024-09-27 22:20:27.461357056,0,022,1.8242891685917906,1.2804509261692544e-05,-2.080550487635961,1.1266256263598977,2.322749304139678,-2.8617284063652706,10.8731267639053,13.331859048648903,1
203,2024-09-27 22:20:27.538784000,0,022,1.831629483496515,0.00920796372302755,-1.9319592005632078,1.085752215853841,2.5150033759127766,-3.0288095517778073,9.14863539337655,14.278431652654028,1
204,2024-09-27 22:20:27.608856064,0,022,1.8374711940366724,0.017932349403820286,-1.7786004919505476,1.0254965399092884,2.7700395228328487,-3.18821871327388,7.220975440780868,15.378316724139895,1
205,2024-09-27 22:20:27.676549888,0,022,1.8410485800502738,0.02648606654808494,-1.626380107074511,0.9474748099302877,3.0696050582589063,-3.336071036130392,5.181941990447192,16.585618790518723,1
206,2024-09-27 22:20:27.739133952,0,022,1.8417854426127702,0.03509368880612819,-1.4816234313365304,0.8549271812353949,3.3911446687431233,-3.4683722714480796,3.1209084097267317,17.851372555715155,1
207,2024-09-27 22:20:27.811888896,0,022,1.839323192778968,0.0438432383819821,-1.3507769909728702,0.7525321449833766,3.7101473501785245,-3.5813227302352098,1.1169789938165329,19.12860147289063,1
208,2024-09-27 22:20:27.879643136,0,022,1.8335037434594754,0.052650998261958855,-1.2399849185488274,0.6459366690436001,4.0024543312741345,-3.6714884147119267,-0.7650645347697638,20.375087992936706,1
209,2024-09-27 22:20:28.790462976,0,022,1.824335125273194,0.06125401706418627,-1.1547448909367393,0.5411458641408535,4.245956427253551,-3.7358012649373715,-2.4752516070508843,21.553635586397764,1
210,2024-09-27 22:20:28.852472064,0,022,1.8119701059580104,0.06923644111428469,-1.0996589498463714,0.4438990569203824,4.421575927446752,-3.7715366720719463,-3.97764239618442,22.631179537842623,1
211,2024-09-27 22:20:28.930152192,0,022,1.7967126113208842,0.07608694497610986,-1.0781428449478467,0.3591211649627599,4.514005751038536,-3.7764978226450747,-5.249895638657177,23.57800388623648,1
212,2024-09-27 22:20:28.992639232,0,022,1.7790465577591834,0.08126934638166204,-1.0920865583599497,0.2905064255823984,4.5126628009932475,-3.749429577681532,-6.282793230389935,24.36748829312305,1
213,2024-09-27 22:20:29.069369088,0,022,1.7596719865283377,0.08428875424014916,-1.1416200122023923,0.2402760123084052,4.412853729335559,-3.6904554008270565,-7.079229265221673,24.976706105954886,1
214,2024-09-27 22:20:29.137151232,0,022,1.7395333741304035,0.08474942844241803,-1.2250304851722829,0.20910785736712825,4.216823565519303,-3.601387954678011,-7.653362020199708,25.387975631307434,1
215,2024-09-27 22:20:29.204457984,0,022,1.7198233215817906,0.08240898043921499,-1.3387185611371941,0.19616619026319215,3.9342459740167897,-3.4858764193249714,-8.030516389210392,25.590421988668403,1
216,2024-09-27 22:20:30.147067136,0,022,1.7019376891764275,0.07723415248199436,-1.477133181126137,0.19916840363442856,3.581734447104106,-3.3492917963479782,-8.247159806164921,25.580280302139677,1
217,2024-09-27 22:20:30.205672192,0,022,1.6873577673776678,0.06946327635137166,-1.6327034313423325,0.21451000901106543,3.1812668487768865,-3.1982773473837116,-8.349925256903619,25.360114413719977,1
218,2024-09-27 22:20:30.282443008,0,022,1.6774602115545192,0.05967149466101799,-1.795769847683032,0.23749544070436102,2.7579068972030045,-3.040124580505742,-8.393326204435295,24.938493202949978,1
219,2024-09-27 22:20:30.344687872,0,022,1.6733088294364413,0.04881231619224991,-1.954622047735481,0.2626947653845962,2.337400435970225,-2.8822346660872147,-8.436445406259608,24.33115392007875,1
220,2024-09-27 22:20:30.406790144,0,022,1.6755164678536445,0.03820057205824909,-2.0959405731784013,0.2844398075695211,1.9440385136228748,-2.73173650468704,-8.539363476239204,23.563254314039046,1
221,2024-09-27 22:20:30.484424192,0,022,1.6842238265005283,0.02942731949710503,-2.2058737423893664,0.2974424646984022,1.5989473071102074,-2.5951517678398246,-8.759942921311358,22.671379388524915,1
222,2024-09-27 22:20:30.553163008,0,022,1.6991594734853508,0.024228852581232356,-2.2715941441582004,0.29741850255758606,1.3188055560770238,-2.4780429659183856,-9.150424992015738,21.70376562641049,1
223,2024-09-27 22:20:31.494903040,0,022,1.71971650588223,0.024337429099893407,-2.282845926263572,0.28155188661433783,1.1148447385268967,-2.3846962713053745,-9.752544912107595,20.717935544979756,1
224,2024-09-27 22:20:31.552773888,0,022,1.7450268429483606,0.0313265057860126,-2.23304705410484,0.2487385759320302,0.992028207793422,-2.317914840126442,-10.59094636067415,19.776381472085554,1
225,2024-09-27 22:20:31.629544960,0,022,1.774057295793205,0.04645499034128496,-2.1198721867724717,0.19967890587825007,0.948596657358677,-2.278977354048913,-11.66670610114358,18.941829767431337,1
226,2024-09-27 22:20:31.700831744,0,022,1.8057381827928392,0.07052199893764544,-1.9455140143410297,0.13687369867051258,0.9763239604684228,-2.267753446398686,-12.953250333087563,18.273063155234517,1
227,2024-09-27 22:20:31.767912192,0,022,1.8391036987458274,0.10374648851329428,-1.7167267592999216,0.06445777677074341,1.0616293880509438,-2.282878673467183,-14.395259149745415,17.82112225456545,1
228,2024-09-27 22:20:31.829543936,0,022,1.8734116087766137,0.1456849439570936,-1.4444771799743288,-0.012249273383714938,1.1873365854776872,-2.3218912006572565,-15.910248585116953,17.62536993052622,1
229,2024-09-27 22:20:31.903793920,0,022,1.9082046898204326,0.19521407061131515,-1.1430067024802268,-0.08747462774153539,1.33457010604776,-2.381281310367877,-17.393871151046792,17.709535595646933,1
230,2024-09-27 22:20:32.821005056,0,022,1.9432855802918856,0.2506085494067215,-0.8284115554419111,-0.15581871624610488,1.4842870250318991,-2.4564598354724603,-18.730318707981624,18.078640264869925,1
231,2024-09-27 22:20:32.890420992,0,022,1.978612099521532,0.3097107907283591,-0.5170500107994308,-0.21296218513043363,1.618390924428543,-2.5417899946623543,-19.80656293388496,18.71802533581348,1
232,2024-09-27 22:20:32.958100224,0,022,2.0141512242726254,0.37015572194881236,-0.22405455084753423,-0.2561471298899487,1.7208274676330035,-2.6309148139686167,-20.526902081547,19.59539696631284,1
233,2024-09-27 22:20:33.021784832,0,022,2.0497389367549057,0.429604246023501,0.03774263514341456,-0.28436805974918866,1.778916881071532,-2.7174442323361667,-20.824651678322624,20.665641955787226,1
234,2024-09-27 22:20:33.083813888,0,022,2.0849861083858725,0.4859401492229081,0.25815684233933145,-0.2982385300226951,1.7846236209758157,-2.7957974244142365,-20.66859611134995,21.876476942656055,1
235,2024-09-27 22:20:33.145854976,0,022,2.1192483064673096,0.5373986683064436,0.4292386159953741,-0.2996035854177829,1.7352286234025303,-2.8619156298763517,-20.062150528645684,23.17231748576176,1
236,2024-09-27 22:20:33.228102912,0,022,2.1516504509404935,0.5826252840476701,0.5444145010380329,-0.29099013780384875,1.6331000167166239,-2.913641497017127,-19.034950101856253,24.49517660471627,1
237,2024-09-27 22:20:34.174285824,0,022,2.1811472705189856,0.620684455821666,0.5976412676903333,-0.27494863785732754,1.4846157318843554,-2.9506726445833493,-17.629986724285374,25.783992308109152,1
238,2024-09-27 22:20:34.241980928,0,022,2.206606945315449,0.6510338782828127,0.5830289951727148,-0.2534189509939836,1.2986938108382575,-2.974179322761284,-15.891704142138861,26.975098335949696,1
239,2024-09-27 22:20:34.305591040,0,022,2.226900404747129,0.6734749758892892,0.49521272218948054,-0.22733753990993846,1.0855684930287341,-2.986305242357546,-13.85917510739276,28.005139870829467,1
240,2024-09-27 22:20:34.366704128,0,022,2.2409668701155474,0.6880989642727076,0.3303803501267956,-0.1965971631262947,0.8560520886908085,-2.989648895567416,-11.565305110806502,28.815861250236043,1
241,2024-09-27 22:20:34.443911168,0,022,2.247850682378046,0.6952466057161956,0.08752444920072572,-0.1602624904228338,0.6210392311411473,-2.986686487530708,-9.041178736253121,29.360069362584863,1
242,2024-09-27 22:20:34.512850176,0,022,2.2467517715108785,0.695480453251339,-0.2305702909410326,-0.11684424168431651,0.39106472676803533,-2.9792217669850896,-6.323707675384344,29.607848999529757,1
243,2024-09-27 22:20:34.580649984,0,022,2.2371273887192418,0.6895555632980063,-0.6168796709683897,-0.0645165989693602,0.17600596927845205,-2.968079467728746,-3.463345357998135,29.550987755477212,1
244,2024-09-27 22:20:35.512131840,0,022,2.2188187318534185,0.6783805719782567,-1.0601891621213049,-0.0013287807468975238,-0.014970369082291393,-2.953114722768459,-0.5285639505100762,29.203964482129592,1
245,2024-09-27 22:20:35.590540032,0,022,2.1921372253991738,0.6629725090014547,-1.5454001079244235,0.0744735630197085,-0.17331158576837324,-2.933405305857503,2.394036999667762,28.601690934990845,1
246,2024-09-27 22:20:35.658199040,0,022,2.157872006485154,0.644413556593266,-2.054028955801658,0.16401397837182857,-0.29105328398963337,-2.9074997337883324,5.202848890451694,27.795239324436125,1
247,2024-09-27 22:20:35.713019904,0,022,2.117219431004485,0.6238156714495329,-2.565146273835817,0.26737180934633553,-0.36104215647011695,-2.873716088765133,7.7860130706436115,26.84687162679516,1
248,2024-09-27 22:20:35.790376960,0,022,2.0716455680913786,0.6022939052047666,-3.0568968770559506,0.38330825625656745,-0.37743215744629466,-2.8305232228472077,10.02758475040384,25.825378152451027,1
249,2024-09-27 22:20:35.861388800,0,022,2.022697791934338,0.5809434397076381,-3.508344515602869,0.5091505119063627,-0.3363422784011419,-2.776942552837749,11.816072602483114,24.80205855790269,1
250,2024-09-27 22:20:35.929001984,0,022,1.9718040307774702,0.5608101946201699,-3.901207507134815,0.6408440212017252,-0.23649967210161368,-2.712823130789313,13.05551808208767,23.846998464671657,1
251,2024-09-27 22:20:36.862292992,0,022,1.9201139870820068,0.5428454888374317,-4.221087372425201,0.7732145139944268,-0.07966788491651187,-2.6389343821269646,13.677473773853272,23.02483562733068,1
252,2024-09-27 22:20:36.940221184,0,022,1.8684179211003893,0.5278449183469358,-4.457933306215525,0.9004129946668158,0.12934294075579142,-2.5569845842162446,13.651468012387387,22.389471435751553,1
253,2024-09-27 22:20:37.002321920,0,022,1.8171395476390197,0.516384991134689,-4.605849889228775,1.0164409762913504,0.3831961718754585,-2.469678254385962,12.991790677490677,21.978533332618863,1
254,2024-09-27 22:20:37.064357888,0,022,1.7663790340423131,0.508777118834449,-4.662689364977717,1.115672825476484,0.6729444493538207,-2.380784536828175,11.75898614167291,21.80937815949749,1
255,2024-09-27 22:20:37.141107200,0,022,1.7159902934386992,0.5050504497426616,-4.629781870492953,1.1933127911450212,0.988985723464898,-2.295066055474039,10.055425127045632,21.877876506231807,1
256,2024-09-27 22:20:37.206896896,0,022,1.665683179467324,0.504960702212694,-4.511825612581674,1.2457255795320796,1.3217525909984533,-2.217917062140809,8.015437921936305,22.16017766692945,1
257,2024-09-27 22:20:37.280720896,0,022,1.6151298130415235,0.5080174889130165,-4.316787685616775,1.2706443915001089,1.6620524786780622,-2.154679552305769,5.79129453173531,22.6170081637692,1
258,2024-09-27 22:20:38.212870144,0,022,1.5640499002879324,0.5135275081238951,-4.055693547993262,1.2673215545515504,2.0011343695267225,-2.1097745993927286,3.537298738222562,23.199729351240546,1
259,2024-09-27 22:20:38.290603008,0,022,1.5122613845522686,0.5206524045950921,-3.742213884286367,1.2366309299316949,2.330623338533211,-2.0859366377523356,1.3950303693711597,23.857275380375764,1
260,2024-09-27 22:20:38.358278144,0,022,1.459696106944935,0.5284733630062745,-3.3919479098634797,1.1810490527517001,2.6425044659370096,-2.083866167508811,-0.5179302066655729,24.54278326900413,1
261,2024-09-27 22:20:38.425969920,0,022,1.4063990133628395,0.5360444862180329,-3.021375515304818,1.1044671355200442,2.929253714682168,-2.102386124591028,-2.115251005610787,25.218507798678793,1
262,2024-09-27 22:20:38.493662208,0,022,1.3525358705779522,0.5424196066096824,-2.646605208126992,1.011854369000616,3.183923671215688,-2.138828166105063,-3.345845981394516,25.858427981711316,1
263,2024-09-27 22:20:38.551497984,0,022,1.2984016725836147,0.5466616542652525,-2.2821472972951784,0.9088161884182409,3.3998319656751272,-2.1892979093512466,-4.1956618510679755,26.449095257568807,1
264,2024-09-27 22:20:38.628779776,0,022,1.2443962370937947,0.5478613417812939,-1.9399662567125902,0.8011220147913614,3.5698902613592853,-2.2487774336837116,-4.687814951320794,26.989385116053995,1
265,2024-09-27 22:20:39.534926080,0,022,1.190964786681609,0.5451752303414058,-1.6290218396387983,0.6943216130346678,3.6861778871701025,-2.3113006718802422,-4.880657213149828,27.489133581576006,1
266,2024-09-27 22:20:39.615150848,0,022,1.1385417611196367,0.53786903705336,-1.3553297257571373,0.5935178284111503,3.74029172143664,-2.3703899067582226,-4.862335499947729,27.966409539101296,1
267,2024-09-27 22:20:39.673709056,0,022,1.0875195471717007,0.5253578963541041,-1.122341895785989,0.5032236042385604,3.72436455971299,-2.4197496266702334,-4.740613586510536,28.443766466715434,1
268,2024-09-27 22:20:39.750534144,0,022,1.0382197521805632,0.5072550253284748,-0.9314037468629348,0.42718659330705117,3.6322063432946115,-2.454069664576406,-4.628941973356219,28.94411262186229,1
269,2024-09-27 22:20:39.814937088,0,022,0.9908486585638527,0.48343364695185675,-0.7821869953771066,0.36818493495792376,3.46005425313691,-2.4696995517807534,-4.631887638867736,29.48638465808004,1
270,2024-09-27 22:20:39.876307200,0,022,0.9454598212521523,0.454081675763272,-0.6730652601937247,0.3278999489814376,3.2067816936089457,-2.4650021546883645,-4.832414672579762,30.08113052723059,1
271,2024-09-27 22:20:39.938791936,0,022,0.901955078550151,0.4197244057507856,-0.6013703795796732,0.3069306692424664,2.873951912752781,-2.4404190737116007,-5.2818984411838015,30.72671309753057,1
272,2024-09-27 22:20:40.897595904,0,022,0.8601305296528391,0.38120782651068574,-0.5635320964353147,0.30494242872445015,2.466256550070105,-2.398430831025625,-5.9938882110897564,31.407332459240713,1
273,2024-09-27 22:20:40.960678912,0,022,0.8197545977445178,0.3396473459679178,-0.5551864082031842,0.32089920957590345,1.9923643886790476,-2.3434752967373274,-6.942807094939366,32.09384964920853,1
274,2024-09-27 22:20:41.023164160,0,022,0.7806485303846357,0.29635308878246014,-0.5713154340526178,0.35327241224586226,1.465687625374936,-2.281724217378288,-8.067477981502448,32.74742178289983,1
275,2024-09-27 22:20:41.100591872,0,022,0.7427355320719998,0.25274764217900564,-0.6064645135438897,0.4001175176994224,0.9044705023168264,-2.220631221943121,-9.278517108212212,33.32490240592361,1
276,2024-09-27 22:20:41.162280960,0,022,0.7060539763043957,0.21028287646393948,-0.6550508061569625,0.45901291618003864,0.3307000144991436,-2.16822994231383,-10.468918461931656,33.78441523826253,1
277,2024-09-27 22:20:41.235910912,0,022,0.6707560239397948,0.1703504051870494,-0.7117000601630836,0.5269675011265338,-0.23224629242959094,-2.132229466003943,-11.527259681878677,34.08961438283571,1
278,2024-09-27 22:20:41.303689984,0,022,0.6371018393039155,0.13418788363587525,-0.7716092031762067,0.6004527958521627,-0.7625479908207808,-2.1191278236486246,-12.352185150590184,34.212053575869035,1
279,2024-09-27 22:20:42.248212224,0,022,0.6054403842311895,0.10279762007813292,-0.8310372024620805,0.6756508293009301,-1.2423997333301047,-2.1336580046434777,-12.865113656683036,34.13213774761337,1
280,2024-09-27 22:20:42.310043136,0,022,0.5761687538066957,0.07689320195643107,-0.8878703695033404,0.7488377671526227,-1.6592247428819855,-2.1786844846323636,-13.017095235736464,33.83924485033847,1
281,2024-09-27 22:20:42.383623936,0,022,0.5496785203750407,0.05687542609930131,-0.9419116048925983,0.8167075752647718,-2.005577094130278,-2.255396773321012,-12.787901590293576,33.33110730193005,1
282,2024-09-27 22:20:42.450685952,0,022,0.5263190863384547,0.04282215169907387,-0.9945184834496101,0.876492538189267,-2.278180229325283,-2.363573106424942,-12.179644717871515,32.61238589690949,1
283,2024-09-27 22:20:42.510391040,0,022,0.506410525684381,0.034476684160656114,-1.0476024634173566,0.9258867200970105,-2.4767111039334875,-2.5017844374200604,-11.209088576680097,31.692476234977093,1
284,2024-09-27 22:20:42.586621184,0,022,0.4902942087582122,0.03124466922940495,-1.102455485992003,0.9629026057481229,-2.602793384929652,-2.6675338430003284,-9.901351054131885,30.58289085043051,1
285,2024-09-27 22:20:42.650052096,0,022,0.47835991394511673,0.032229987371734346,-1.1589223732792375,0.9858020382706626,-2.6593355267595893,-2.85737384783083,-8.286068306652044,29.295354330661596,1
286,2024-09-27 22:20:43.568198912,0,022,0.471007395176619,0.03632257478489577,-1.215134293394099,0.9931400119063489,-2.650119934996454,-3.0669957982700384,-6.396137242483348,27.841816475243583,1
287,2024-09-27 22:20:43.626691840,0,022,0.468562620115891,0.042314836888033426,-1.2678073790701248,0.9838679734635977,-2.5796702035578702,-3.291244472686808,-4.2679182337782,26.235992994040153,1
288,2024-09-27 22:20:43.705154048,0,022,0.4711913369452867,0.04901505055415111,-1.3130742686286707,0.957463395102661,-2.4535724218265575,-3.5240724235905536,-1.9418379998169943,24.49491191561312,1
289,2024-09-27 22:20:43.766032896,0,022,0.4788287393590035,0.055348529021160324,-1.3476655384264786,0.9141085569009365,-2.279050285808585,-3.7585703258936105,0.5363485018252538,22.63997433241624,1
290,2024-09-27 22:20:43.843286016,0,022,0.4911244822493465,0.060448106548123104,-1.3700249642022548,0.8549113948593845,-2.0650739592979264,-3.9872571610586305,3.1133483666522177,20.698340051620004,1
291,2024-09-27 22:20:43.905308160,0,022,0.5074102711566706,0.06372186775521436,-1.3809535863002582,0.7820781715474024,-1.821578288290135,-4.202672325011014,5.725842947132522,18.70500579609999,1
292,2024-09-27 22:20:43.979528704,0,022,0.5267084373767242,0.06488275712004031,-1.3836360881243237,0.6989178413198592,-1.5583364220796099,-4.398045598793458,8.298860470127883,16.704715371615826,1
293,2024-09-27 22:20:44.908350720,0,022,0.5477875817816162,0.06394534230587043,-1.3831544524028394,0.609616556633461,-1.284416988531839,-4.567713675610198,10.746214601569102,14.752622726773083,1
294,2024-09-27 22:20:44.987124992,0,022,0.5692475336813968,0.061207880317081215,-1.3857084926296235,0.518835822961811,-1.0084720477215128,-4.707150057553722,12.973998675924237,12.913162953827014,1
295,2024-09-27 22:20:45.058892032,0,022,0.589611939717313,0.05722097264013221,-1.3977111327638112,0.43126923163397113,-0.7393181967488404,-4.8127910027685274,14.887819749424075,11.25672945699687,1
296,2024-09-27 22:20:45.126594048,0,022,0.6074263783523849,0.0527242009829853,-1.424821476117794,0.3512651075970461,-0.48619211359029696,-4.882016362754822,16.403551185506636,9.853919668933669,1
297,2024-09-27 22:20:45.194330880,0,022,0.6213680932285448,0.0485460660465201,-1.4710160060520197,0.2825312708907345,-0.25844818124836305,-4.913509911441371,17.45895976976785,8.768202637737035,1
298,2024-09-27 22:20:45.262029056,0,022,0.6303548241002725,0.04549071619573755,-1.5378986578373057,0.22788782392066195,-0.06479479517107505,-4.9078612973704745,18.021660387932872,8.049224961996483,1
299,2024-09-27 22:20:45.329775104,0,022,0.6336315345980035,0.044234116041225305,-1.6244128705914187,0.18906872558915452,0.08776884834207713,-4.868056934463471,18.090532747662856,7.729019132690297,1
300,2024-09-27 22:20:46.259393024,0,022,0.6308332154812001,0.04523461519894892,-1.7270037313308517,0.16664115278109973,0.19524019183283048,-4.799603345988778,17.691770506069005,7.821738499676484,1
301,2024-09-27 22:20:46.341248000,0,022,0.6220350869820747,0.04866136513678816,-1.8401801088680314,0.16010632527450508,0.25798861148951585,-4.710219123765053,16.87295175837134,8.325701788767569,1
302,2024-09-27 22:20:46.399396864,0,022,0.6077877994942326,0.05435495830155929,-1.9573173254925575,0.16816001549275414,0.281738059602519,-4.609141838608571,15.697446177447013,9.22595928930334,1
303,2024-09-27 22:20:46.476588800,0,022,0.589115652698758,0.06183968734706344,-2.071509296164959,0.18904144881332977,0.27745894965639284,-4.506141343603738,14.239224763853597,10.496447109327049,1
304,2024-09-27 22:20:46.538606848,0,022,0.5674525232973605,0.07039636860397869,-2.1763235276443433,0.22088636073332024,0.259892746600082,-4.410407131571869,12.577029617592785,12.10197386385673,1
305,2024-09-27 22:20:46.600866816,0,022,0.5445030468406159,0.07918659130081547,-2.2662987647066126,0.26196269578904186,0.24522554204517436,-4.329606697920819,10.78776092076238,14.000201300822003,1
306,2024-09-27 22:20:46.677584896,0,022,0.5220388436852754,0.08740968236006708,-2.3370840228712195,0.310705952044855,0.2488085730679354,-4.269450359368451,8.940610032700437,16.142967237162143,1
307,2024-09-27 22:20:47.612211968,0,022,0.5016637122282854,0.09446703005464883,-2.385302242726744,0.3656015723853486,0.2835055575535892,-4.233873327293947,7.0930375424760035,18.47679690799348,1
308,2024-09-27 22:20:47.689856000,0,022,0.48459588241232143,0.10009661945389003,-2.4083047338333916,0.4250157074511208,0.3586495145515622,-4.2255416185717465,5.287646744570446,20.943462285697997,1
309,2024-09-27 22:20:47.751909888,0,022,0.4715159163976019,0.10443811720888332,-2.4039922742842457,0.4870538943161147,0.4793257456593608,-4.246197540328382,3.5493777244020186,23.480887239420667,1
310,2024-09-27 22:20:47.825613056,0,022,0.46251183312482735,0.10800868717927474,-2.370886724773072,0.5495296920617107,0.6459211529039927,-4.296611300423374,1.884766009601987,26.023692500501213,1
311,2024-09-27 22:20:47.893416960,0,022,0.4571207278679389,0.11160287702391528,-2.308455704170392,0.6100829331878561,0.8541445713312955,-4.376292155257833,0.28498893738665665,28.50319513552768,1
312,2024-09-27 22:20:47.960989952,0,022,0.4544496622351182,0.11614954906935523,-2.2174335456483103,0.6663707515511442,1.0956341057861005,-4.483229227492,-1.267789895337959,30.847846351040907,1
313,2024-09-27 22:20:48.028747008,0,022,0.4533637904659899,0.122556374997287,-2.099872433866531,0.7161915959395344,1.359003160573096,-4.613802643808623,-2.792534862235602,32.98516761565244,1
314,2024-09-27 22:20:48.957768704,0,022,0.4527181933634475,0.13156708829676908,-1.9588309790760512,0.7574652731094811,1.6311374925391977,-4.762943843417774,-4.301624353577627,34.845214496044804,1
315,2024-09-27 22:20:49.035027968,0,022,0.45158045462768903,0.14365171945844946,-1.7978061974383015,0.7881383904831233,1.8987016308261027,-4.924665350470207,-5.7951329781192955,36.36479706766774,1
316,2024-09-27 22:20:49.099783936,0,022,0.44938588010252223,0.158939070771817,-1.6202236495162274,0.8061910087441966,2.149707485905155,-5.092900318975959,-7.258907077992606,37.49191608148814,1
317,2024-09-27 22:20:49.175772928,0,022,0.44600169728657163,0.17719306905354612,-1.4292779570803507,0.8098610157803527,2.374691456970008,-5.26226061417868,-8.666876790239659,38.190178863558614,1
318,2024-09-27 22:20:49.236465920,0,022,0.4417177329197122,0.19783248000928078,-1.2281137606174466,0.7980307333291714,2.56713648823977,-5.428334899370474,-9.98623342483524,38.4422445643226,1
319,2024-09-27 22:20:49.300793088,0,022,0.4371902337212457,0.21999012687895295,-1.0202080614132558,0.770614417840142,2.7232978889830943,-5.587504989838328,-11.183392053657743,38.25058272789602,1
320,2024-09-27 22:20:49.376388864,0,022,0.43334934377572004,0.24260225654550555,-0.8099130411866076,0.7288250009824356,2.841879795462172,-5.73654313662198,-12.229247200440645,37.634917362210565,1
321,2024-09-27 22:20:50.282012928,0,022,0.43127070237610093,0.26451104431992456,-0.6030142607976006,0.6752998754288461,2.9237705988335976,-5.87228474652366,-13.102989128932409,36.62803344678446,1
322,2024-09-27 22:20:50.364134912,0,022,0.43201459860975233,0.28455911505689463,-0.4069374962793787,0.6140845989996455,2.9717342748104194,-5.9915030983353486,-13.793336405464304,35.272189446741336,1
323,2024-09-27 22:20:50.422022912,0,022,0.4364504763787673,0.30166343431521736,-0.2303607084452509,0.5504130353420211,2.9899774642300656,-6.09095016000962,-14.295822199843437,33.6168707523772,1
324,2024-09-27 22:20:50.499579904,0,022,0.44510414841670853,0.3148721815420851,-0.08238615363781022,0.4902345613717721,2.9837151909241446,-6.167549996097317,-14.607045458470335,31.717528854676328,1
325,2024-09-27 22:20:50.561293056,0,022,0.4580599881857142,0.32341783312839845,0.028424433457775417,0.43953421199619264,2.9589584403433977,-6.218811423420108,-14.719495781277152,29.634878847225284,1
326,2024-09-27 22:20:50.623779072,0,022,0.474919761985926,0.32677586705295836,0.09508445247967566,0.403551239312418,2.9226029694817734,-6.243452304736836,-14.61981628940886,27.434068491209143,1
327,2024-09-27 22:20:50.701404160,0,022,0.4948096720879188,0.3247237250932438,0.11336010443814193,0.3860176554339538,2.882535154622493,-6.242023661945065,-14.290097039210409,25.182827107192928,1
328,2024-09-27 22:20:51.633277952,0,022,0.51644866223847,0.3173753975470107,0.08291322273528903,0.3885395750250118,2.8473408695832734,-6.217221979863849,-13.710530135336024,22.948713975105225,1
329,2024-09-27 22:20:51.714201856,0,022,0.5383016792505104,0.3051582744954883,0.007906456816672704,0.4102338085475728,2.8256049831483177,-6.173728519330835,-12.863214271072579,20.79674228282764,1
330,2024-09-27 22:20:51.772578816,0,022,0.5588100352376463,0.28872263900508977,-0.10340768857598263,0.44774156636929624,2.8251665672211113,-6.117661236093644,-11.737160881775326,18.787944400102155,1
331,2024-09-27 22:20:51.835064064,0,022,0.5766331600963412,0.26882292615236364,-0.24009449159675503,0.4957021621408358,2.852564248070471,-6.055864175316227,-10.333043071070591,16.978358273338323,1
332,2024-09-27 22:20:51.913141760,0,022,0.5908104428414681,0.2462309055879776,-0.3903223061815153,0.5476176310091204,2.9126094813484733,-5.995241061886465,-8.66642709359009,15.418533195627138,1
333,2024-09-27 22:20:51.985065984,0,022,0.6008016321626549,0.22170547024780918,-0.5428671138728555,0.5969184535994494,3.0079484164619177,-5.942192674395766,-6.769929642999675,14.154043287165939,1
334,2024-09-27 22:20:52.037825280,0,022,0.6064442700813898,0.19599516995851496,-0.6881505548821726,0.638027884783856,3.138589854281119,-5.902078422420264,-4.694836333811162,13.226205712957915,1
335,2024-09-27 22:20:52.991443968,0,022,0.6078953484051868,0.1698372224713492,-0.8189001022152691,0.667206481346427,3.3015510798753924,-5.878635404147988,-2.5116610331686036,12.671366260504003,1
336,2024-09-27 22:20:53.053483776,0,022,0.6055927649922036,0.1439348897043846,-0.9304809853332028,0.6829708088357709,3.490808394009577,-5.8734038645860425,-0.3088725917907532,12.518020317089071,1
337,2024-09-27 22:20:53.131164928,0,022,0.6002231762570913,0.11891706051931689,-1.0209419954684382,0.6860244413744851,3.6976270313072863,-5.885302603556261,1.8108400605680863,12.782607820372654,1
338,2024-09-27 22:20:53.195966976,0,022,0.5926558114854259,0.09529628803621393,-1.0908108813508874,0.6788081389604984,3.9113083558069266,-5.910530491554826,3.737288298662068,13.465838467132802,1
339,2024-09-27 22:20:53.266946048,0,022,0.5838266299836102,0.07343852346991507,-1.1426318604895138,0.6648435326427157,4.120300174836437,-5.9429251827463005,5.362294281638496,14.551038879234106,1
340,2024-09-27 22:20:53.332824064,0,022,0.5746059220517892,0.05354904175539958,-1.1803032980610486,0.6480289117473906,4.313342990667706,-5.974772933461698,6.590126511976647,16.004788143252288,1
341,2024-09-27 22:20:53.395197952,0,022,0.5656883956585175,0.035681250966057954,-1.2083611900566873,0.6319841027775194,4.480263092526258,-5.997903744342378,7.345596197872599,17.779476309355505,1
342,2024-09-27 22:20:54.342225152,0,022,0.5575150738249564,0.01977782086382949,-1.231359184419272,0.6195089540797764,4.612281783383481,-6.004833575265491,7.57797995449271,19.817067224247424,1
343,2024-09-27 22:20:54.403422976,0,022,0.5502259159546258,0.005738930910971718,-1.2534687836600007,0.6122751276115875,4.7018865774902165,-5.989706583915396,7.262696705920612,22.052643740509048,1
344,2024-09-27 22:20:54.481082112,0,022,0.5436502354490583,-0.006507007295864191,-1.2783646510395934,0.6108805643886939,4.742355459468108,-5.9488072086729815,6.40439410839078,24.416465375058873,1
345,2024-09-27 22:20:54.543166976,0,022,0.5373418131490922,-0.01695871252851283,-1.3093680898074838,0.6152383617273798,4.727236935000849,-5.880566878339193,5.042503081825574,26.834681713968546,1
346,2024-09-27 22:20:54.617827840,0,022,0.530663172942619,-0.02554288717689749,-1.349680621218643,0.6250894242057666,4.650271089983405,-5.785231720950366,3.2555520739137687,29.230157885875283,1
347,2024-09-27 22:20:54.685582080,0,022,0.5229177861887242,-0.03216305167857467,-1.4023877926498662,0.6403989005555926,4.50593758683258,-5.664435222871477,1.1581037849723095,31.525046991674724,1
348,2024-09-27 22:20:54.753273856,0,022,0.5134979168226587,-0.036772464635604525,-1.4699754813776942,0.6614895286005176,4.290371295693178,-5.520832820851143,-1.1126420498153269,33.64553842294226,1
349,2024-09-27 22:20:55.672968960,0,022,0.5019847692905359,-0.039431454080136964,-1.5534439104941684,0.6888767413318652,4.002421029704884,-5.357891572768868,-3.417265343142972,35.52745955456134,1
350,2024-09-27 22:20:55.740722944,0,022,0.4881603964613376,-0.04032714372770058,-1.6514612876742296,0.7228616447341698,3.6448028815828724,-5.179890165835376,-5.63471644089271,37.12083283488964,1
351,2024-09-27 22:20:55.793090048,0,022,0.4719535271356046,-0.03976329193973704,-1.7600584600461675,0.7630237901179019,3.225027932949715,-4.992056666492537,-7.677103004964096,38.39236219501292,1
352,2024-09-27 22:20:55.874742016,0,022,0.45338511574862717,-0.03813671299988252,-1.8730339648860221,0.807840450077559,2.7554936467943705,-4.800604091745174,-9.495740573554608,39.32597929238763,1
353,2024-09-27 22:20:55.932451840,0,022,0.4325713922473161,-0.03590689472841023,-1.9828251280858809,0.8546355616626172,2.252427125051706,-4.612384580262591,-11.078928015720084,39.92217143967356,1
354,2024-09-27 22:20:56.010136064,0,022,0.409781483220471,-0.033553220292519864,-2.081507548116094,0.8998490317611765,1.7339329043261116,-4.434022189554305,-12.443879868374506,40.19618605689369,1
355,2024-09-27 22:20:56.079293952,0,022,0.38548768847424075,-0.031511787951997036,-2.1616926112274633,0.9394041900903654,1.2177427184229102,-4.270710511899545,-13.6251590231974,40.17429185812135,1
356,2024-09-27 22:20:57.023104000,0,022,0.3603622609331912,-0.030099995531860213,-2.2171364948035213,0.9689788313867574,0.7194081822787254,-4.125259726755914,-14.66181003401644,39.88832517495337,1
357,2024-09-27 22:20:57.077510912,0,022,0.3352344081599969,-0.02945707936215302,-2.243032037737369,0.9841780322263558,0.2515185896055379,-3.9979726118772976,-15.585621357186573,39.37053512711617,1
358,2024-09-27 22:20:57.155190016,0,022,0.31103551920111455,-0.029524798603222106,-2.236253887391824,0.9807376943451099,-0.17605858450877426,-3.8873452417074312,-16.412394808161462,38.65039005319846,1
359,2024-09-27 22:20:57.226243840,0,022,0.28873200313478087,-0.030067831653516983,-2.19580902739742,0.9548813899925054,-0.5554227776829096,-3.791083226549728,-17.137828122745244,37.753696148378005,1
360,2024-09-27 22:20:57.293946112,0,022,0.2692408170403045,-0.03072031960789521,-2.1233175614186046,0.9038322333707901,-0.8799562562886374,-3.7069543692618274,-17.73933028538323,36.703860457452315,1
361,2024-09-27 22:20:57.355261952,0,022,0.2533445249421836,-0.031050660861129065,-2.0231154136651086,0.8263376158777394,-1.1442321141485248,-3.6332245355048136,-18.18290426758632,35.52450702070662,1
362,2024-09-27 22:20:57.429256192,0,022,0.24161444730141435,-0.03063319624420338,-1.9018504150712923,0.7230247052315344,-1.344755910505896,-3.5686363429452337,-18.43201625334806,34.242116611039926,1
363,2024-09-27 22:20:58.366586880,0,022,0.2343220876186035,-0.029101600749743266,-1.7677393616393853,0.5964614883279316,-1.481157589581453,-3.512165123579197,-18.455356979645874,32.88775257409685,1
364,2024-09-27 22:20:58.440872704,0,022,0.2313407168220331,-0.026168271176814962,-1.6296087701147248,0.45089608559563793,-1.5571141014572734,-3.4628926605609607,-18.231151552008015,31.497258630439223,1
365,2024-09-27 22:20:58.505428992,0,022,0.2320931212148999,-0.021621403400125038,-1.495806378153297,0.291785757871569,-1.5805378079146037,-3.4201205675966015,-17.746513129099817,30.109303710671817,1
366,2024-09-27 22:20:58.576293888,0,022,0.23559856593430564,-0.01531922570291688,-1.3732371669616226,0.12531568969317247,-1.5628758508127423,-3.3835962234365957,-16.99278231146958,28.76156527891752,1
367,2024-09-27 22:20:58.629239040,0,022,0.24061021424489873,-0.007191019874247798,-1.266813103866772,-0.041977759776685664,-1.5175036532038735,-3.3537207484604257,-15.9611556701989,27.487012369904324,1
368,2024-09-27 22:20:58.711255040,0,022,0.24579080728537614,0.0027514904709918507,-1.1793822326500918,-0.20352704424776777,-1.4574535625501341,-3.3317430813369473,-14.643686770433222,26.312675284449753,1
369,2024-09-27 22:20:58.778884864,0,022,0.24987624055021387,0.01439516480668766,-1.1119706274785008,-0.3530747638907447,-1.3930524240003008,-3.3199379757666283,-13.04138566952648,25.261389033915794,1
370,2024-09-27 22:20:59.719831040,0,022,0.25179267016609264,0.0275102798636421,-1.0640967450649745,-0.4850221413086701,-1.330092949998102,-3.3216095339139464,-11.176134981611764,24.35443071915879,1
371,2024-09-27 22:20:59.791011840,0,022,0.2507134962060074,0.04174938294822595,-1.0339996434807972,-0.5947264572057753,-1.2689940883208581,-3.3406886641503415,-9.100026202347731,23.61226337209253,1
372,2024-09-27 22:20:59.853726976,0,022,0.24606961904969218,0.05666392644981307,-1.0187522391204547,-0.6787385365281019,-1.2052597693400469,-3.380809363101017,-6.896529419956471,23.052233327934932,1
373,2024-09-27 22:20:59.926249984,0,022,0.23753719667212264,0.07174090380281023,-1.0143098548044742,-0.735006843650461,-1.131245621082238,-3.4440351451330224,-4.6722863329721545,22.684457949275085,1
374,2024-09-27 22:20:59.979191040,0,022,0.22502316449555626,0.08645502967195262,-1.015635201145874,-0.7630222017812208,-1.0386340340870255,-3.5297220279763057,-2.5430689607655292,22.508283357356223,1
375,2024-09-27 22:21:00.058115840,0,022,0.20866229878053602,0.10032070011764195,-1.0170749815704831,-0.7638031284288567,-0.9205707848196242,-3.6340208060515113,-0.6184838777177806,22.51064952453214,1
376,2024-09-27 22:21:00.129395968,0,022,0.18881469809072252,0.11293245273144416,-1.0129704400500175,-0.7396461453584438,-0.7727603142975366,-3.7501435004733854,1.0125464549206018,22.665786201023,1
377,2024-09-27 22:21:01.046145024,0,022,0.16602611832716588,0.12399682317085697,-0.9983020474799406,-0.6936884111918253,-0.5937205010576325,-3.8691255939082607,2.2945631088569036,22.935473953057084,1
378,2024-09-27 22:21:01.116090112,0,022,0.1409315274665072,0.13335855686479064,-0.9692639306410527,-0.629426522783393,-0.38483607505338685,-3.980755168426875,3.213376885156987,23.270961620830157,1
379,2024-09-27 22:21:01.183731968,0,022,0.11413430569772923,0.1410135997409004,-0.9237817466860085,-0.5503347972992657,-0.150397498871678,-4.07454985977264,3.7947138567913217,23.618585504416753,1
380,2024-09-27 22:21:01.246192896,0,022,0.08611769776049502,0.14709814624446188,-0.8619330029564293,-0.45966216797564624,0.10273825009984004,-4.140851483378132,4.093160505683085,23.929024102660673,1
381,2024-09-27 22:21:01.319170816,0,022,0.05721455853331626,0.15185024656326493,-0.7862206513970456,-0.36039563804966185,0.36608511070771954,-4.172043959117546,4.175864390353614,24.16693689030819,1
382,2024-09-27 22:21:01.387006976,0,022,0.027621756723337307,0.15555184937533634,-0.7017294077769476,-0.25530406776075476,0.6307726968050541,-4.163643053779521,4.106915405550107,24.31698271037649,1
383,2024-09-27 22:21:01.453246976,0,022,-0.002562692109735481,0.1584684562143946,-0.6161067868745166,-0.1469799016256992,0.8886289394181665,-4.114870249610184,3.9362073405838367,24.38409376694579,1
384,2024-09-27 22:21:02.397496064,0,022,-0.03329923693314257,0.16080280460189025,-0.5390837801420753,-0.03787679683176469,1.1327731736842,-4.028493787504254,3.6941771501545224,24.388245848832643,1
385,2024-09-27 22:21:02.459712000,0,022,-0.06458482630672427,0.1626701901796552,-0.48127137714274004,0.06958544236511582,1.3575967818727155,-3.910068171961772,3.392162234336239,24.35621715932996,1
386,2024-09-27 22:21:02.533293056,0,022,-0.0964528954770318,0.16409790702078783,-0.452385428679132,0.17279735875485547,1.5583578738924788,-3.766950625797853,3.0262380084106253,24.31445629294565,1
387,2024-09-27 22:21:02.596414976,0,022,-0.12896571907732515,0.16504963330729192,-0.4594659430926675,0.2686807596424988,1.7309643080834256,-3.6074505591869146,2.581675895081653,24.285998288073394,1
388,2024-09-27 22:21:02.658157312,0,022,-0.16217138501683626,0.1654708748058585,-0.5056703906123136,0.35354430777091717,1.8723362369570091,-3.440246306536023,2.0371068240507917,24.29075918848517,1
389,2024-09-27 22:21:02.721081088,0,022,-0.19603857573639735,0.16534197912623663,-0.5899308951408365,0.42328182214182863,1.9810703286269544,-3.273960883604393,1.3695870209620065,24.346399196526946,1
390,2024-09-27 22:21:02.803906048,0,022,-0.23040261292391917,0.16471206773560026,-0.7074486056579052,0.47394943393772687,2.0578131780323514,-3.116692178811848,0.5615146951637913,24.467906609645063,1
391,2024-09-27 22:21:03.747916032,0,022,-0.26493170290140955,0.16368768462211022,-0.8507703643436926,0.5025247997576641,2.105088086336371,-2.9754323494159545,-0.39189057977973224,24.666171652698463,1
392,2024-09-27 22:21:03.802841088,0,022,-0.29910431095553996,0.1623796062048555,-1.0111189907678864,0.5075743235571457,2.1266700133799135,-2.8555150255667847,-1.4784390202562712,24.947039907939065,1
393,2024-09-27 22:21:03.883502080,0,022,-0.3322123809895951,0.1608445993188106,-1.179696462833881,0.48962828363930533,2.126735518126697,-2.7602614188803924,-2.6714296398700754,25.311862701122692,1
394,2024-09-27 22:21:03.951009024,0,022,-0.363423975740549,0.15905752337201776,-1.3487189653546001,0.45117114200426384,2.109117975556861,-2.6909057222556347,-3.937167252939647,25.759182103559407,1
395,2024-09-27 22:21:04.018835968,0,022,-0.3919067066028592,0.15692059877013842,-1.512017936396825,0.39627493844487444,2.076836011062601,-2.646755338687203,-5.2425306363129796,26.28641768725639,1
396,2024-09-27 22:21:04.086419200,0,022,-0.41696932651287466,0.15429610296354992,-1.6652016501858387,0.3300009041870263,2.031688220752077,-2.6254294905605784,-6.558787873360374,26.890761032273904,1
397,2024-09-27 22:21:04.154226944,0,022,-0.4381718748030852,0.151043617892255,-1.8054943534964445,0.25771578184917354,1.9737123702047814,-2.6230932520997907,-7.860871540946936,27.569366868356045,1
398,2024-09-27 22:21:05.088879872,0,022,-0.4553675640847378,0.14704298384162487,-1.9314076645452667,0.18446491280579771,1.900668147934345,-2.634777485845012,-9.123987134976021,28.31919273470318,1
399,2024-09-27 22:21:05.151233792,0,022,-0.4686501092387467,0.14219064641758286,-2.042364801531838,0.11453896209075426,1.8078661774287206,-2.6548401708917124,-10.320943157836917,29.13615218774856,1
400,2024-09-27 22:21:05.229399808,0,022,-0.4782029609362832,0.13636954210978458,-2.1383181409803362,0.05129823387609533,1.6885555352104908,-2.6774646432497082,-11.42237646972301,30.01303955788389,1
401,2024-09-27 22:21:05.290937088,0,022,-0.4840930027032612,0.12940424457646993,-2.219394296517527,-0.0028167837220755164,1.5349025810482078,-2.6970767879175486,-12.398754944943539,30.9367539491901,1
402,2024-09-27 22:21:05.368500992,0,022,-0.4860970635294966,0.121021974464366,-2.285666715993373,-0.04622522598051984,1.339408081122359,-2.708656890349697,-13.221853963574086,31.886638311562077,1
403,2024-09-27 22:21:05.431040000,0,022,-0.48364859266252325,0.11084470952322627,-2.337153357776103,-0.07815733840850893,1.0964927339770396,-2.707935323854123,-13.866164065472022,32.83581416311406,1
404,2024-09-27 22:21:05.503809792,0,022,-0.47593484497318217,0.09843341919530639,-2.374017048041498,-0.09860573143162071,0.8039345646301636,-2.6913911225842844,-14.312821646583126,33.75576530534986,1
405,2024-09-27 22:21:06.422631168,0,022,-0.4621098552177675,0.0833874280630649,-2.396808780824272,-0.10829661052532705,0.4638469679527941,-2.6560656347858287,-14.556382417714278,34.62238400016782,1
406,2024-09-27 22:21:06.490312960,0,022,-0.44154934394030976,0.06547320211253148,-2.4066261702916347,-0.10869437383246183,0.08303268798713731,-2.599520759387388,-14.611253950811985,35.42080266818056,1
407,2024-09-27 22:21:06.558027008,0,022,-0.41406244004913273,0.044736351153678855,-2.4052164159431304,-0.10195242225729904,-0.32727285074845963,-2.520323222349624,-14.51416678107732,36.14695924054347,1
408,2024-09-27 22:21:06.625696768,0,022,-0.3799979566052411,0.02155525789358515,-2.3950739716736833,-0.09068956425822365,-0.7522586272556355,-2.4189405369009243,-14.32143271924642,36.80563566497637,1
409,2024-09-27 22:21:06.678416128,0,022,-0.3402330984843353,-0.0033776030041928456,-2.379486445311648,-0.07756855787638442,-1.1750202974872646,-2.298462464640237,-14.102077661502245,37.40636123896173,1
410,2024-09-27 22:21:06.761030912,0,022,-0.2960852607634512,-0.029126559106810376,-2.362416083971421,-0.06480933838557941,-1.5784588405084932,-2.1646820412073717,-13.928652464784895,37.95890595438744,1
411,2024-09-27 22:21:06.828421120,0,022,-0.2492101002559533,-0.054601906679507865,-2.3481089423102373,-0.05385171521533103,-1.9470324904828955,-2.0255497584136517,-13.867386870023664,38.46957930675607,1
412,2024-09-27 22:21:07.772687872,0,022,-0.20151073873445663,-0.07865201043412957,-2.340502982520051,-0.04525275118457218,-2.267781188799435,-1.8903086716586768,-13.969538986121597,38.93894320052138,1
413,2024-09-27 22:21:07.828879872,0,022,-0.15502422306411628,-0.10016544202823352,-2.3427027828779745,-0.03869447127793963,-2.5304537744556836,-1.7685929109158567,-14.266063577789339,39.36095277475826,1
414,2024-09-27 22:21:07.906112000,0,022,-0.11175622284206341,-0.11818528419784047,-2.3566692969318135,-0.03299224247437952,-2.727060036308012,-1.6696503654131218,-14.766510492431088,39.72307601149141,1
415,2024-09-27 22:21:07.975806976,0,022,-0.07349321712033899,-0.13201858140602726,-2.382999799232802,-0.02618123742051218,-2.8514377662663617,-1.6017263030200637,-15.460467262847379,40.00706422200665,1
416,2024-09-27 22:21:08.029443072,0,022,-0.0416507439414174,-0.14131436647948137,-2.4206110707030897,-0.015795489628706694,-2.8993686694656753,-1.571516769489612,-16.319364147166432,40.190625978508315,1
417,2024-09-27 22:21:08.107131136,0,022,-0.01719459268117946,-0.14608383493338922,-2.4663116446704203,0.0006948621073508286,-2.869372339991666,-1.5836154603799113,-17.298847341614355,40.25005893024173,1
418,2024-09-27 22:21:08.168668928,0,022,-0.0006348587586872236,-0.14665314501461513,-2.514508141332164,0.02544544996143423,-2.763736383532613,-1.6400738394018592,-18.342792129507238,40.16301443739445,1
419,2024-09-27 22:21:09.114304000,0,022,0.007938770949549182,-0.14357674917174926,-2.5574212805375045,0.05994787159769829,-2.589089581119129,-1.7403195306591024,-19.388149926695593,39.910822610052875,1
420,2024-09-27 22:21:09.190652160,0,022,0.008826037866843061,-0.13755964018108383,-2.585993532992585,0.10492606614296272,-2.3561925476852807,-1.881492841398146,-20.368873790630495,39.480933693802726,1
421,2024-09-27 22:21:09.258254848,0,022,0.00271189231047147,-0.12941291109391448,-2.591307947753689,0.1603437629246688,-2.0791597687449093,-2.058963168327737,-21.218272474724223,38.86989557381388,1
422,2024-09-27 22:21:09.326049024,0,022,-0.009334746329858581,-0.12002944738488172,-2.566117761661006,0.2254284781226122,-1.7743744433639703,-2.2668214399640854,-21.870541829092346,38.08614618824072,1
423,2024-09-27 22:21:09.392545792,0,022,-0.02590147047318248,-0.110356125148175,-2.5060465519515107,0.2986815679662418,-1.459125435300199,-2.4983970302941296,-22.26335226390169,37.151724557778465,1
424,2024-09-27 22:21:09.455032320,0,022,-0.04532567526920555,-0.10135407804183533,-2.4101389544610137,0.3779370515628339,-1.1501661945682118,-2.7467931453035224,-22.34343126054623,36.10249992545818,1
425,2024-09-27 22:21:09.516180992,0,022,-0.0658260945217354,-0.09394846523626638,-2.2807609293235687,0.4605658741304782,-0.862703304038275,-3.0051836804395453,-22.07450602725142,34.98641447619936,1
426,2024-09-27 22:21:10.472976896,0,022,-0.08566501272194933,-0.08896430889915385,-2.1231438421991036,0.543813243989257,-0.6099937338440861,-3.266724738878973,-21.44379667988053,33.85932885546772,1
427,2024-09-27 22:21:10.540652032,0,022,-0.10333402601031398,-0.08704962665264034,-1.9448576072701393,0.6251160437790068,-0.403118921383626,-3.5243305704530004,-20.46378973378158,32.779305173195034,1
428,2024-09-27 22:21:10.607270912,0,022,-0.11772187837039952,-0.08860863224375168,-1.7552517160641685,0.7022621018578499,-0.2505470608213068,-3.7706929854042763,-19.169477472282942,31.80124080387105,1
429,2024-09-27 22:21:10.670330112,0,022,-0.12820400401964677,-0.09377656600800614,-1.564704760024413,0.7733865628447454,-0.15763213778390472,-3.998674141051617,-17.613021400329313,30.97317986090489,1
430,2024-09-27 22:21:10.730412800,0,022,-0.1346279180460424,-0.10244361538458294,-1.3835910113751462,0.8368915930744465,-0.12638183302412476,-4.201903356073151,-15.857391933537231,30.334188344321436,1
431,2024-09-27 22:21:10.811375872,0,022,-0.13722515709689007,-0.11430105623463784,-1.2211255277787036,0.8913709481867029,-0.1555057965586662,-4.37530371670448,-13.970369697759542,29.913001395441505,1
432,2024-09-27 22:21:10.879064064,0,022,-0.13651232598495106,-0.12887376302753892,-1.084346675216652,0.9355557324998099,-0.2405442719999032,-4.5153507822864185,-12.020385563724865,29.727020013843017,1
433,2024-09-27 22:21:11.797991936,0,022,-0.13322821741868518,-0.14552505275478378,-0.9773665811647723,0.9682472123000685,-0.3741142599644596,-4.6199893762689594,-10.074944016769521,29.781890851008914,1
434,2024-09-27 22:21:11.865773824,0,022,-0.12830652736581316,-0.16344978422441447,-0.9009504034517979,0.9882328680660238,-0.5464641663228906,-4.688293907052793,-8.20066317392973,30.071910167034243,1
435,2024-09-27 22:21:11.933491968,0,022,-0.12285137245007216,-0.1816855111465522,-0.8525275629787585,0.9942402970303224,-0.7462204560020151,-4.720146118535686,-6.462602187081189,30.58082669563278,1
436,2024-09-27 22:21:12.001177088,0,022,-0.11808512282545042,-0.199159897455872,-0.8266944122718352,0.9849816891849406,-0.9610094327432733,-4.716205905332113,-4.9217325214021574,31.282631321787353,1
437,2024-09-27 22:21:12.059188992,0,022,-0.11525884184436236,-0.2147668038914019,-0.8161506783886072,0.9593033301620677,-1.1778572559565277,-4.6781992253910705,-3.6319140069357663,32.142987122644925,1
438,2024-09-27 22:21:12.121209088,0,022,-0.11554593858270593,-0.22744754917809357,-0.8129659734024045,0.9164377258175229,-1.3833868965323515,-4.609340189880316,-2.6379798283948483,33.12230808059787,1
439,2024-09-27 22:21:12.198383104,0,022,-0.11995564898296715,-0.23626022003227548,-0.8100294394142612,0.8563295358954829,-1.5637449883542318,-4.514711439602724,-1.974640459842007,34.18021429199529,1
440,2024-09-27 22:21:13.142848768,0,022,-0.12927375503067454,-0.24043612619849838,-0.8023712483411767,0.7799286662809884,-1.7044212403390417,-4.401436661079639,-1.6647873157279058,35.27964674869148,1
441,2024-09-27 22:21:13.214195968,0,022,-0.14400220654442913,-0.23943126205452248,-0.7879678982613215,0.6893029230929144,-1.790504641677959,-4.278416639751685,-1.7168444268938126,36.38893020624022,1
442,2024-09-27 22:21:13.282802944,0,022,-0.16428516915393596,-0.2329786088461643,-0.7678862668195733,0.5875140591070811,-1.8077380111804227,-4.155552347956507,-2.1226160998210077,37.48133860670811,1
443,2024-09-27 22:21:13.350552064,0,022,-0.18984706094736806,-0.22113786693882082,-0.7459410295081921,0.47834154653804184,-1.7441045747458566,-4.042751174322964,-2.8572487040556322,38.53296678964208,1
444,2024-09-27 22:21:13.417139968,0,022,-0.21997800534106118,-0.20432606058471456,-0.7281107611856972,0.3659927490320642,-1.591447530756399,-3.9491093643425024,-3.8818869661394304,39.52022828852023,1
445,2024-09-27 22:21:13.481351936,0,022,-0.2535896437491927,-0.18330547659983532,-0.7218012263285193,0.2548743356497767,-1.3469683902782337,-3.8823135281893735,-5.148870204144735,40.418138506454156,1
446,2024-09-27 22:21:13.553347840,0,022,-0.28933851297752017,-0.15911743688084354,-0.7348682747958022,0.14938676450370172,-1.014696859800943,-3.8480148644794454,-6.60817042926161,41.19989740599643,1
447,2024-09-27 22:21:14.497488896,0,022,-0.32578562030860236,-0.1329742765966991,-0.774346316263455,0.053653822015168336,-0.6067505629702836,-3.849074042145309,-8.212088817249315,41.837430361997534,1
448,2024-09-27 22:21:14.565164032,0,022,-0.361556859482145,-0.10613442270597759,-0.8450844119456563,-0.028843303491919575,-0.14383089441153785,-3.8848604426801296,-9.915627953636532,42.30223158554902,1
449,2024-09-27 22:21:14.632410112,0,022,-0.39548354810640524,-0.07978167052360906,-0.948685047421502,-0.09563299171722026,0.3454614380544476,-3.9508146680591145,-11.67333587618935,42.566521115873854,1
450,2024-09-27 22:21:14.690268928,0,022,-0.4267182967948477,-0.05492282127786294,-1.083061850351448,-0.14544429856122437,0.8264358601295376,-4.038350322452326,-13.43602256378945,42.605180444641356,1
451,2024-09-27 22:21:14.767328000,0,022,-0.4548384169920557,-0.03231262048661282,-1.2426753754958417,-0.17812589537011778,1.2610318127870226,-4.1351956647707535,-15.150005726623737,42.39831539646557,1
452,2024-09-27 22:21:14.836007936,0,022,-0.4799384084921838,-0.012411025524877706,-1.4192965393460195,-0.19436832916938146,1.6112885432494735,-4.226354808299492,-16.75972956481574,41.933916813243265,1
453,2024-09-27 22:21:14.902440960,0,022,-0.5026656332089117,0.0046218579132680186,-1.6030866273807365,-0.19539146444310662,1.8430896763160431,-4.295676131573743,-18.21336842720052,41.21055977661535,1
454,2024-09-27 22:21:15.835141888,0,022,-0.5241420832284782,0.018889087124287586,-1.7837730018300342,-0.18273201639550016,1.9293274284517075,-4.327673689317878,-19.46947771527908,40.24008623232998,1
455,2024-09-27 22:21:15.912825088,0,022,-0.5457785398142053,0.030685539915915612,-1.9516588058637596,-0.15817915893878112,1.8519380293805117,-4.30917890227803,-20.501486652183726,39.049339333818274,1
456,2024-09-27 22:21:15.983708928,0,022,-0.5690506633724899,0.04041162777782811,-2.098271950846307,-0.12379829463020423,1.6029345079932422,-4.230621499046883,-21.29764356070129,37.67958426697319,1
457,2024-09-27 22:21:16.051254272,0,022,-0.5953064167869604,0.04849134411043231,-2.2167113960093445,-0.08192649125247027,1.1847305636439849,-4.086893895691165,-21.856770801054534,36.1831207253622,1
458,2024-09-27 22:21:16.113929984,0,022,-0.6256331476438703,0.05530184183069188,-2.3018887005860074,-0.03506620862365446,0.6097810643570581,-3.8777463880153604,-22.18243947237827,34.61785861794275,1
459,2024-09-27 22:21:16.175520000,0,022,-0.6607725207389102,0.06111314849444568,-2.3506967331110755,0.014314085284892506,-0.10049564581521753,-3.6077114996333717,-22.27813660994868,33.041357439461784,1
460,2024-09-27 22:21:16.254486016,0,022,-0.7010597750479783,0.06604168741685551,-2.3619893159464143,0.06402032156330101,-0.9173320712902635,-3.2856921102510515,-22.14500436123952,31.506120655846427,1
461,2024-09-27 22:21:17.167273984,0,022,-0.7463811952930278,0.07003051954762186,-2.336397780261823,0.11235707613396127,-1.8064513163851565,-2.924336298879367,-21.783232769152658,30.057373507775797,1
462,2024-09-27 22:21:17.229299200,0,022,-0.7961570394384038,0.07286778898348485,-2.2761896931589076,0.15828275065057745,-2.729934969421234,-2.539165223725685,-21.196922323012874,28.732932094649637,1
463,2024-09-27 22:21:17.306574848,0,022,-0.8493600496154288,0.0742457100391203,-2.185266429991004,0.2014465127116771,-3.648180336778892,-2.1474245100036202,-20.39985519871475,27.56360807986267,1
464,2024-09-27 22:21:17.376396032,0,022,-0.9045894472541544,0.07385224288645761,-2.069144194630689,0.24208396034278393,-4.522148913690107,-1.7668252938844213,-19.418365939980408,26.572958455822782,1
465,2024-09-27 22:21:17.439732992,0,022,-0.9602090093016452,0.07147249478704504,-1.9347073650675397,0.2807861571116214,-5.315879909040696,-1.4143860102124564,-18.289439242660062,25.776416911063187,1
466,2024-09-27 22:21:17.507194112,0,022,-1.0145114320807482,0.06706499085546964,-1.7896615913728113,0.31815638236517163,-5.998883705167047,-1.1054003680134177,-17.056345222834793,25.180829839247007,1
467,2024-09-27 22:21:17.573803008,0,022,-1.0658509802434308,0.06078847733304191,-1.6417413279873792,0.3543916459519538,-6.54803697827646,-0.8524602056641272,-15.765610464714221,24.785183733268497,1
468,2024-09-27 22:21:18.523324928,0,022,-1.1127228217972407,0.05298177908911593,-1.497806740888263,0.3889251127789379,-6.948884123272339,-0.6645470441758335,-14.465937655250832,24.58215786939457,1
469,2024-09-27 22:21:18.591075840,0,022,-1.1538047739289947,0.04411514872748115,-1.3630193218472055,0.4202972811308449,-7.196323847509958,-0.5462890551439505,-13.20698654301342,24.55970143029564,1
470,2024-09-27 22:21:18.654777088,0,022,-1.1879786297726338,0.034728675820421856,-1.2402941479565686,0.44629833396489516,-7.294531857035253,-0.4975707755686406,-12.036769151875838,24.702391724022995,1
471,2024-09-27 22:21:18.726483200,0,022,-1.2143395062654891,0.02536760652911985,-1.1302433897752753,0.4642901276051114,-7.256042978552322,-0.5137484179916099,-10.998176827798032,24.99287163369635,1
472,2024-09-27 22:21:18.779289088,0,022,-1.2322045477125734,0.016526765964007227,-1.0317312241330823,0.4715835454644277,-7.1001694651656235,-0.5865304336702519,-10.12585906956437,25.41371181209266,1
473,2024-09-27 22:21:18.855614976,0,022,-1.2411407269469557,0.00862092028809772,-0.9427682925356843,0.46575722456832996,-6.85097648626218,-0.7052355072130552,-9.444319064084292,25.949449095025127,1
474,2024-09-27 22:21:18.918096896,0,022,-1.2410276646483875,0.0019930251113330255,-0.8611549375726549,0.4448495630032633,-6.534967603527476,-0.857971916982731,-8.967303805314183,26.5878341500486,1
475,2024-09-27 22:21:19.858795008,0,022,-1.232142659167782,-0.0030452488496573345,-0.7845243863318283,0.40745417321842525,-6.178802538180445,-1.0323795676248981,-8.698166789137131,27.319568642199826,1
476,2024-09-27 22:21:19.941231872,0,022,-1.2152244433608064,-0.006164646443092724,-0.7099989868120915,0.35280200351340535,-5.807426355373065,-1.2159138294673053,-8.630782836254923,28.136641482265038,1
477,2024-09-27 22:21:20.008861952,0,022,-1.1914758782612356,-0.006990332419802586,-0.633962967174604,0.28089025401827405,-5.442610819024557,-1.3960154654240147,-8.750427285382658,29.029494274466305,1
478,2024-09-27 22:21:20.076540928,0,022,-1.1624985537689962,-0.0051136875373769715,-0.5522519131514524,0.19267534373556416,-5.1017108680647425,-1.5604941382110473,-9.03402145626603,29.98330339798827,1
479,2024-09-27 22:21:20.136948992,0,022,-1.1301818960440437,-0.00014280892435611484,-0.4606618610743063,0.09026144848659068,-4.796735840688773,-1.6981179487249847,-9.449683820328179,30.974904294321146,1
480,2024-09-27 22:21:20.204539136,0,022,-1.09657976199501,0.00822836381183815,-0.3555386533612128,-0.02307337862644784,-4.533991776505036,-1.7992333885160552,-9.95658802722422,31.9728411348717,1
481,2024-09-27 22:21:20.279739136,0,022,-1.0637993240356227,0.02015952331587088,-0.23433512732354858,-0.1431236636511163,-4.314313809147301,-1.8563518564662786,-10.506673225117012,32.94155460611331,1
482,2024-09-27 22:21:21.217768704,0,022,-1.0339056406022458,0.03563016584836502,-0.09610291365225117,-0.26521714449548167,-4.13370851231491,-1.8647531636981167,-11.049057736712863,33.847961867235455,1
483,2024-09-27 22:21:21.278877952,0,022,-1.008828349180759,0.05443147033913913,0.05818454154400486,-0.38470961876565046,-3.9842341958912733,-1.8231136070124945,-11.536587636297945,34.667507912938085,1
484,2024-09-27 22:21:21.358907904,0,022,-0.9902634267256365,0.07617144409294625,0.225623651021601,-0.4973452847246565,-3.8550212203380023,-1.7340174368355488,-11.932452367727041,35.38777791798491,1
485,2024-09-27 22:21:21.418037760,0,022,-0.9795784307048907,0.10028909154653015,0.4016849571131874,-0.599419982168049,-3.733419767147931,-1.6040980574817376,-12.214385705643208,36.00938445971006,1
486,2024-09-27 22:21:21.494310912,0,022,-0.9777282290849084,0.12608885469211856,0.5806662672270309,-0.6878195553238353,-3.606286936138826,-1.4436224937743323,-12.375231461456346,36.5447671953109,1
487,2024-09-27 22:21:21.562110720,0,022,-0.9851801599398327,0.15280464381646788,0.7562481752554661,-0.7600850631626044,-3.461346923746604,-1.2655318470794694,-12.420461240821282,37.015620532986404,1
488,2024-09-27 22:21:21.620635904,0,022,-1.0018572106461894,0.17968169545977963,0.9222535000325327,-0.8145784555711313,-3.288507649504424,-1.08411774035993,-12.364613482803467,37.44938573965486,1
489,2024-09-27 22:21:22.547662080,0,022,-1.0271335754047624,0.20605290326835426,1.0734975763727024,-0.8506344709918965,-3.081057113751557,-0.9136100198579126,-12.22838774496513,37.87483241068794,1
490,2024-09-27 22:21:22.615294976,0,022,-1.0599240859174255,0.23139694171485836,1.2063604862317445,-0.8685334444197501,-2.8366433528726196,-0.7669499972635829,-12.036278412756982,38.316572151962546,1
491,2024-09-27 22:21:22.667668224,0,022,-1.098861530943986,0.255371463392121,1.3188688810127507,-0.8693006295564555,-2.557773209522181,-0.6548898682521022,-11.814262031272408,38.789246061969756,1
492,2024-09-27 22:21:22.745347840,0,022,-1.142489047506501,0.27780796742230557,1.410406027407533,-0.8544781946711252,-2.2515228498728725,-0.585392584492112,-11.588228334308342,39.29336378123502,1
493,2024-09-27 22:21:22.807835136,0,022,-1.1893920129202937,0.2986690289655982,1.4812886768292746,-0.8259569686893492,-1.928483557281512,-0.5632539789319371,-11.383145453003838,39.81445380770399,1
494,2024-09-27 22:21:22.884659968,0,022,-1.2382518880553943,0.31799693567389936,1.532359412650628,-0.785844322759259,-1.6013131703777521,-0.5899312191090009,-11.221390295831636,40.32576215030427,1
495,2024-09-27 22:21:22.953829120,0,022,-1.2878403128997695,0.3358769891878611,1.564606261145485,-0.7363244289795945,-1.2832292824313307,-0.6636063214120794,-11.119299066545837,40.79373611043318,1
496,2024-09-27 22:21:23.885886976,0,022,-1.336971735295606,0.35240948821546864,1.5787956685992752,-0.6795072521614788,-0.9866539539295033,-0.7794825287591636,-11.08332420887327,41.18490542350294,1
497,2024-09-27 22:21:23.963844096,0,022,-1.3844504340066421,0.36768159302239795,1.575197594651514,-0.6172979124668871,-0.7223414662757512,-0.9302324659312562,-11.108972025210063,41.47243233846683,1
498,2024-09-27 22:21:24.025476096,0,022,-1.4290716826112786,0.38174662434973283,1.553527636739812,-0.5513155009238957,-0.4992998190119235,-1.1064690016193244,-11.184257751751634,41.64090510651555,1
499,2024-09-27 22:21:24.087481856,0,022,-1.4697081016952216,0.3946172620856498,1.5131639616666195,-0.48287449902289903,-0.32534322766756196,-1.297223665581185,-11.29540264372153,41.68862456408298,1
500,2024-09-27 22:21:24.164657920,0,022,-1.5054474294933333,0.4062657450240783,1.453572153615197,-0.413051714396223,-0.2077289858130208,-1.4905679067344402,-11.431042727058266,41.62710709063194,1
501,2024-09-27 22:21:24.226721024,0,022,-1.5357152110636494,0.4166221770277215,1.3747830263251084,-0.34285920558686467,-0.15337904301653943,-1.6744398849259376,-11.583384466737774,41.47765164772876,1
502,2024-09-27 22:21:24.302695936,0,022,-1.5603326481618027,0.42556957451464456,1.2778061190505543,-0.2734857459934505,-0.1683334639344185,-1.8375949099341242,-11.746792237156376,41.265390795972245,1
503,2024-09-27 22:21:25.234350848,0,022,-1.5794970457687765,0.4329394006900981,1.1648949040732184,-0.206492815747424,-0.2563512629180951,-1.9706275054092326,-11.91500035177306,41.01266796334074,1
504,2024-09-27 22:21:25.314252032,0,022,-1.5937037808635655,0.4385132926773721,1.0394929026268518,-0.143838952274115,-0.4171967921982751,-2.0669933407704186,-12.078234926212348,40.73434419148176,1
505,2024-09-27 22:21:25.373126912,0,022,-1.6036431018962118,0.44203644605950926,0.9057468589224105,-0.08770786545403596,-0.6456273144112658,-2.1237267280515404,-12.221202727209889,40.43638181385504,1
506,2024-09-27 22:21:25.449563904,0,022,-1.6100998642151878,0.4432434441951386,0.7677834774243326,-0.040253633647129,-0.9317395849612122,-2.141525698432547,-12.322502261314424,40.11675300316412,1
507,2024-09-27 22:21:25.517251072,0,022,-1.6138641005891352,0.44189160107999953,0.6291333343439814,-0.003400721163057269,-1.2623851798266512,-2.124263923121114,-12.355704101106983,39.76669148734739,1
508,2024-09-27 22:21:25.585072128,0,022,-1.6156449662688854,0.43779634070896334,0.4925298418185684,0.02127049400618153,-1.622819012471303,-2.0782518309604265,-12.291733013647509,39.37158798121708,1
509,2024-09-27 22:21:25.650756096,0,022,-1.615993280945154,0.4308658429722679,0.36005009358061757,0.032591173259867254,-1.9980811507640037,-2.011416789893973,-12.101227340123563,38.91250131239527,1
510,2024-09-27 22:21:26.593181952,0,022,-1.6152672126344703,0.42113347678567775,0.23345115012436782,0.02981460394403886,-2.3741495779799378,-1.9324266176374298,-11.755673043035578,38.369104595044014,1
511,2024-09-27 22:21:26.655206912,0,022,-1.6136746575993417,0.4087867194400524,0.11453941754441804,0.01256764867098092,-2.738917383223244,-1.8498648389054284,-11.22778248261554,37.72378438211844,1
512,2024-09-27 22:21:26.720227072,0,022,-1.6113793773016964,0.39419016872619705,0.005395799411576898,-0.01915580968394288,-3.082836472270365,-1.771613779363447,-10.492498480827765,36.96618021475654,1
513,2024-09-27 22:21:26.799535872,0,022,-1.6086147135136928,0.3778979874261305,-0.0916128624858149,-0.06488366227354532,-3.399077639872982,-1.704517673431092,-9.529458487908595,36.097398767305336,1
514,2024-09-27 22:21:26.855886080,0,022,-1.6057479516119721,0.36064905620181675,-0.17388482174052255,-0.12351203167492816,-3.6831701824626983,-1.6542970607506797,-8.327325204726694,35.1328906786368,1
515,2024-09-27 22:21:26.933472000,0,022,-1.6032667174207096,0.3433364883804798,-0.23851248779134113,-0.1932283062946735,-3.9322549855572775,-1.6255901665578902,-6.8894087239838235,34.10265520450244,1
516,2024-09-27 22:21:27.002605056,0,022,-1.6016985493140516,0.3269461118276579,-0.2821308355275669,-0.27156281217085265,-4.144336517430818,-1.6219684225411743,-5.237954398656014,33.04764058536855,1
517,2024-09-27 22:21:27.946884096,0,022,-1.6015144716195733,0.31246949347194564,-0.3008944052975381,-0.3555848703652928,-4.317949054588089,-1.645852511014188,-3.414130167999844,32.0127140739584,1
518,2024-09-27 22:21:28.002254848,0,022,-1.6030737668075308,0.30080995169122715,-0.2907261879259784,-0.442217417102387,-4.452364682462247,-1.6982828061799373,-1.4734227813748455,31.038609857073553,1
519,2024-09-27 22:21:28.079471104,0,022,-1.6066262278256005,0.29270604777731835,-0.24788483873439052,-0.5285233342901866,-4.548226898336272,-1.7784397733422146,0.5208790719452353,30.15597755649628,1
520,2024-09-27 22:21:28.141093888,0,022,-1.6123443656999825,0.288689703624483,-0.1698759757371891,-0.6117689199615667,-4.608411313575504,-1.882941637163285,2.5030955537142567,29.383403834495635,1
521,2024-09-27 22:21:28.203578880,0,022,-1.620350538216443,0.28907279144657494,-0.05659000332614841,-0.6892605279595643,-4.63873860078325,-2.0052988612145675,4.408591231422619,28.728863656028057,1
522,2024-09-27 22:21:28.280726784,0,022,-1.6307196527433405,0.29393718882621156,0.08872570115486088,-0.7581844007721193,-4.6479990894141325,-2.1360019727357398,6.1759396239920985,28.19265638149642,1
523,2024-09-27 22:21:28.343214080,0,022,-1.6434563380803255,0.3031167724392245,0.2591490459601618,-0.8156595042334174,-4.647031128918934,-2.2633333422544584,7.74769981578068,27.770994666439446,1
524,2024-09-27 22:21:29.272940032,0,022,-1.6584585980710405,0.31618813192203693,0.44465403985538887,-0.8589951069990718,-4.647185192902621,-2.3745804569271534,9.06894453033095,27.460672881568414,1
525,2024-09-27 22:21:29.331549696,0,022,-1.6754860151861817,0.33249251404227254,0.6333865488327616,-0.8859958645762016,-4.658763292641804,-2.4572969029570615,10.084159755491573,27.264016587729202,1
526,2024-09-27 22:21:29.408329216,0,022,-1.6941571805244133,0.35119914257231727,0.8132434426651693,-0.895199878989093,-4.689799830463185,-2.500448509404088,10.734992368812279,27.19168485492526,1
527,2024-09-27 22:21:29.476124928,0,022,-1.7139939224041274,0.3714061410671788,0.9734100629735913,-0.8860455217013566,-4.745220863573996,-2.4954178606928186,10.961421457391443,27.26183483327884,1
528,2024-09-27 22:21:29.533050112,0,022,-1.7344914250965147,0.3922533602305995,1.1055525117479041,-0.8589493869430548,-4.826297145192091,-2.4368533637121823,10.707252034473335,27.49649085210658,1
529,2024-09-27 22:21:29.610246912,0,022,-1.755166342629935,0.4130030297777519,1.2043725351490637,-0.8152088174207862,-4.930459138241771,-2.3232531902189026,9.928346616412767,27.916996524192534,1
530,2024-09-27 22:21:29.673156096,0,022,-1.7755576547409648,0.43306035686889593,1.2674854100294397,-0.7567219854186856,-5.05172528279695,-2.157087086789954,8.60045322923283,28.539807903867164,1
531,2024-09-27 22:21:30.619593984,0,022,-1.795188859163902,0.45194419260724245,1.2949094113249835,-0.6856735935726992,-5.1818133054332325,-1.944380111245947,6.724191714502319,29.372869507126683,1
532,2024-09-27 22:21:30.681299712,0,022,-1.8135129661350036,0.46923526626945933,1.2884683358126647,-0.604360992531675,-5.311482112267879,-1.6939813106203885,4.326746575359639,30.41262920803483,1
533,2024-09-27 22:21:30.743787008,0,022,-1.8298694200211707,0.48452484761052617,1.251196838780422,-0.5152166692284496,-5.431425464572136,-1.4168756330784296,1.4611648868315068,31.642341081677518,1
534,2024-09-27 22:21:30.826124032,0,022,-1.843483714379815,0.4973829474539039,1.186728031237722,-0.42092031735664615,-5.532523695150603,-1.1256880389858823,-1.7957118635574878,33.03210195276126,1
535,2024-09-27 22:21:30.893936128,0,022,-1.8535221105061785,0.5073613336151834,1.0986668209224597,-0.3244196036070341,-5.605892479713795,-0.8342629236568668,-5.346374331526738,34.5399486657897,1
536,2024-09-27 22:21:30.961576960,0,022,-1.8591905863294016,0.5140357864669137,0.9899900733282334,-0.22877327189430305,-5.643209570742628,-0.5571616100050928,-9.077062356695786,36.113353356418386,1
537,2024-09-27 22:21:31.029362944,0,022,-1.8598521436493696,0.5170789175609939,0.8625723796292213,-0.13689672094952973,-5.637401359294446,-0.30900279820015597,-12.863092649557,37.69170439800453,1
538,2024-09-27 22:21:31.949943040,0,022,-1.8551241331685462,0.5163426018484197,0.717017617791088,-0.05136254314376344,-5.583432158617435,-0.10362839977897834,-16.57416565286246,39.210538767640095,1
539,2024-09-27 22:21:32.013945088,0,022,-1.8449226454673548,0.5119231736579755,0.552955476492213,0.025665988986465646,-5.478815999358296,0.046857048157105806,-20.079782562162613,40.60688696985858,1
540,2024-09-27 22:21:32.090466048,0,022,-1.8294550541416599,0.5041904257424449,0.36977748737276545,0.09241802567459151,-5.323659231894852,0.13303092620268825,-23.256152545831192,41.82419923451467,1
541,2024-09-27 22:21:32.163727104,0,022,-1.8091897139002835,0.4937761317235718,0.16756682218265687,0.14749578343759645,-5.120418556601526,0.14888025617344403,-25.995416917178083,42.81614700567124,1
542,2024-09-27 22:21:32.231338752,0,022,-1.7848292012885265,0.48152825299129726,-0.052097515727191526,0.18983959340779366,-4.873659144037559,0.09216023136129874,-28.21616728344457,43.54987871303281,1
543,2024-09-27 22:21:32.299059968,0,022,-1.757297121471198,0.4684418529165613,-0.2856567761710123,0.2185924730821722,-4.589912970774957,-0.03559738845409968,-29.872193900453787,44.00945601071234,1
544,2024-09-27 22:21:32.352464896,0,022,-1.7277363755967579,0.45557887998955765,-0.5274454629915728,0.2328648240163835,-4.277657342775188,-0.2292286084864894,-30.95529660265995,44.199237941889,1
545,2024-09-27 22:21:33.296243968,0,022,-1.6975098051004187,0.4439884381821999,-0.7699336236931793,0.2315656431029793,-3.9474507413610147,-0.48004100691764195,-31.48984767091322,44.145985760670385,1
546,2024-09-27 22:21:33.361777152,0,022,-1.668180170816742,0.43463514341981735,-1.0043647621422367,0.21350076766832363,-3.6121152597899053,-0.775916855747275,-31.521312704479087,43.898188272482976,1
547,2024-09-27 22:21:33.431664128,0,022,-1.6414343458684084,0.4283351387953968,-1.2217019529821527,0.17777614260182534,-3.286519487396088,-1.101757888016347,-31.104313021435534,43.52194541105165,1
548,2024-09-27 22:21:33.485596928,0,022,-1.618942125267461,0.4256991590398535,-1.41359677623958,0.12433637454668355,-2.9863795462830764,-1.4406866132972787,-30.29525522522603,43.094433986213694,1
549,2024-09-27 22:21:33.566970112,0,022,-1.6021826935502563,0.4270895402810607,-1.5730448610941858,0.05437989725281682,-2.725978673024074,-1.7760329571528655,-29.151083529513865,42.69683724452378,1
550,2024-09-27 22:21:33.634749952,0,022,-1.5922736373741047,0.4325956588859109,-1.6946479225348183,-0.029534836225070506,-2.5155025031749654,-2.09354750283102,-27.732096846460887,42.40756299340304,1
551,2024-09-27 22:21:33.701654016,0,022,-1.589818365289859,0.44202578166600104,-1.774715498571464,-0.12373429627661782,-2.359034051255429,-2.383075011701978,-26.105104324169282,42.29537984739134,1
552,2024-09-27 22:21:34.642522112,0,022,-1.5947916195773566,0.454917743717379,-1.8114288285112812,-0.22395129769779573,-2.2539041982461328,-2.639253034963069,-24.344210452172643,42.41258840038488,1
553,2024-09-27 22:21:34.705462016,0,022,-1.6064900588275466,0.47057482600292144,-1.8050571816604706,-0.3259421158164951,-2.1914724339967937,-2.861277032237677,-22.528931203268453,42.78939855918665,1
554,2024-09-27 22:21:34.783069952,0,022,-1.6235677873479442,0.4881274969939255,-1.7580837607347966,-0.42597951887715857,-2.159012269579765,-3.051996395713909,-20.74090994293771,43.43082029881631,1
555,2024-09-27 22:21:34.850662912,0,022,-1.6441642259299563,0.5066151972328812,-1.675071998861865,-0.5211447305707114,-2.1422609211786634,-3.2165838836425444,-19.06024347090588,44.316778914210005,1
556,2024-09-27 22:21:34.918462208,0,022,-1.6661156696534705,0.5250805312468776,-1.5621436182185604,-0.6095159674083729,-2.128124665854676,-3.3610212371980457,-17.56118335854766,45.405210833506494,1
557,2024-09-27 22:21:34.983334912,0,022,-1.68722688886923,0.5426674312685924,-1.4261585729004624,-0.6903026619122056,-2.1069462615534205,-3.490684872692179,-16.306795169331277,46.63718439567975,1
558,2024-09-27 22:21:35.047316224,0,022,-1.7055634762703789,0.5587095711046132,-1.273950562325488,-0.763796543816969,-2.073838414862477,-3.609219696393278,-15.343479793116318,47.943485290947564,1
559,2024-09-27 22:21:35.992506112,0,022,-1.719703224460722,0.5727899677032918,-1.1119374236434136,-0.8310135853667269,-2.0289106370951866,-3.717779909724697,-14.69688668066616,49.252596901286516,1
560,2024-09-27 22:21:36.055237120,0,022,-1.7288822298759543,0.5847587344114519,-0.9461248242749009,-0.8931119251011737,-1.9765192649203618,-3.814738139125424,-14.369895778011958,50.49900823816683,1
561,2024-09-27 22:21:36.132022016,0,022,-1.7330124002980398,0.5947111869705263,-0.7822835979990628,-0.950845209287271,-1.923844441388955,-3.8958897420615086,-14.342615267064748,51.62965782377353,1
562,2024-09-27 22:21:36.200644096,0,022,-1.7325990501579764,0.602938187757842,-0.6260093160555393,-1.0042938800474965,-1.8792317901883064,-3.9549751455879676,-14.57420639280203,52.60708963892344,1
563,2024-09-27 22:21:36.268591872,0,022,-1.7286092401613096,0.6098605365525466,-0.48246491994694773,-1.0529326420488099,-1.8508025323807664,-3.984320933685234,-15.00652929958222,53.40950428863939,1
564,2024-09-27 22:21:36.336280064,0,022,-1.7223321079521574,0.6159594678681299,-0.355888343300738,-1.0958933380574947,-1.845679398838313,-3.97557041256898,-15.570321730429475,54.02865191634592,1
565,2024-09-27 22:21:36.395744000,0,022,-1.7152498958291895,0.6217195676862441,-0.2491938353219703,-1.1322262005435086,-1.8697257572107806,-3.9206042644679044,-16.194619750579207,54.46673308366478,1
566,2024-09-27 22:21:37.346642176,0,022,-1.7089227835250156,0.6275970414667271,-0.1639124053624648,-1.1610418977035564,-1.9272549164643238,-3.8127533376574787,-16.818172706454213,54.733481935290484,1
567,2024-09-27 22:21:37.415585024,0,022,-1.7048849179944803,0.6340067100394536,-0.10038074703705238,-1.1815520304568754,-2.0202816436775928,-3.648227117933096,-17.399258932561477,54.84382540360021,1
568,2024-09-27 22:21:37.470322944,0,022,-1.7045458206124364,0.64130560968184,-0.057919367978740345,-1.1931340862053097,-2.1475980103714485,-3.4273608989169904,-17.92006193056859,54.8154652321254,1
569,2024-09-27 22:21:37.547602176,0,022,-1.7090961097536632,0.6497647353414683,-0.03492378241057029,-1.1955135671435184,-2.3044784114811243,-3.1551530668059438,-18.38439875810161,54.665965003860975,1
570,2024-09-27 22:21:37.618615040,0,022,-1.7194177458440962,0.659540302673945,-0.028966440037796026,-1.1889991414277181,-2.483417791751992,-2.840905520848045,-18.81103794678595,54.41025428162142,1
571,2024-09-27 22:21:37.671288064,0,022,-1.7359876966560908,0.6706493084592892,-0.03694679674291598,-1.1746116101613382,-2.6753945217829833,-2.4973178730706738,-19.225726269814743,54.0597381429883,1
572,2024-09-27 22:21:37.754077952,0,022,-1.7587732423513127,0.6829428375366697,-0.055290774101903896,-1.154018769864232,-2.8708442085880597,-2.13952071574278,-19.653094619238185,53.6226279599409,1
573,2024-09-27 22:21:38.695965952,0,022,-1.7871550357231851,0.6960831737185241,-0.08022898775917742,-1.1293215500271994,-3.06008350236147,-1.784189698948599,-20.10783485167675,53.10386183768389,1
574,2024-09-27 22:21:38.758671104,0,022,-1.819931335507156,0.7095484866699857,-0.1080731198620923,-1.1027895359715627,-3.2335036278137164,-1.4485892560510762,-20.58510818060288,52.50392855464133,1
575,2024-09-27 22:21:38.821156864,0,022,-1.8554218834741654,0.7226788958594497,-0.13534375620895964,-1.0766177049080612,-3.381877684265467,-1.1494230211584633,-21.052937216207273,51.817827497740126,1
576,2024-09-27 22:21:38.898391040,0,022,-1.8916356015649358,0.7347469521454523,-0.15879552916718073,-1.052735305453832,-3.4969036619186284,-0.9014819627010469,-21.451297610447476,51.036251957545446,1
577,2024-09-27 22:21:38.969358848,0,022,-1.9264487185928716,0.7450246793626714,-0.17554990307721105,-1.0326631246790816,-3.5720465155245598,-0.7161625874884024,-21.700092175134362,50.150115780012385,1
578,2024-09-27 22:21:39.036326912,0,022,-1.9577651142063524,0.7528363664951098,-0.18342798530085488,-1.0174029969666236,-3.6035928687950314,-0.6001748939785843,-21.713505949184682,49.15712492459289,1
579,2024-09-27 22:21:39.101236992,0,022,-1.9836596785703355,0.7575994402906434,-0.1814129631030995,-1.007335496647806,-3.5914306236884217,-0.5550320507355628,-21.416521540672555,48.06719380722579,1
580,2024-09-27 22:21:40.045581056,0,022,-2.0025175159731483,0.7588568546620758,-0.1701636811827312,-1.0020818270600635,-3.539066767557339,-0.577612208966499,-20.760033270397475,46.90422552636284,1
581,2024-09-27 22:21:40.115454720,0,022,-2.0131781556351855,0.7563072255751808,-0.15246403334074446,-1.000344466012253,-3.452988332126184,-0.661352280227474,-19.731717259258126,45.70425182266923,1
582,2024-09-27 22:21:40.182993920,0,022,-2.0150713418742243,0.7498392020004124,-0.13338955368808517,-0.9998712864844669,-3.341779990624857,-0.7974296217518076,-18.36092654036039,44.511315364405924,1
583,2024-09-27 22:21:40.250767104,0,022,-2.0082979127329406,0.7395648660872457,-0.12000370305367651,-0.9977029947080737,-3.2151286375679944,-0.9757025651248521,-16.717164414486835,43.372124344215834,1
584,2024-09-27 22:21:40.318515200,0,022,-1.9936043919125699,0.7258345730553867,-0.12053249867886547,-0.9907098450527848,-3.082659485835229,-1.1854316975815584,-14.902858030542225,42.33021545723887,1
585,2024-09-27 22:21:40.385568000,0,022,-1.9722494522205543,0.7092237497161314,-0.14314985149775997,-0.9762207833888555,-2.9527736172319488,-1.4157505599980897,-13.042368384774013,41.420691869911124,1
586,2024-09-27 22:21:40.447362048,0,022,-1.9458188080365417,0.6905016275559748,-0.19472567597546403,-0.9524586697433072,-2.831855429702132,-1.6559241287939284,-11.269305278605069,40.666514726613755,1
587,2024-09-27 22:21:41.397620736,0,022,-1.9160463242862409,0.6705917501185841,-0.27988496003115015,-0.9186423520424974,-2.7240447373979193,-1.8955932131520508,-9.712993626874646,40.07661316844747,1
588,2024-09-27 22:21:41.458199040,0,022,-1.8846627955856219,0.6505223652426692,-0.40046446852473466,-0.874849285444546,-2.631444682594918,-2.1251403623729193,-8.484431222029388,39.6455272778658,1
589,2024-09-27 22:21:41.520248832,0,022,-1.853276890183905,0.6313673282094195,-0.5553091678344769,-0.8217805763804225,-2.5545434094298023,-2.3361202475846903,-7.663790752663503,39.354614965034216,1
590,2024-09-27 22:21:41.598453248,0,022,-1.8232857237720548,0.61418048508187,-0.7404195963782272,-0.7604946870119307,-2.4927439079842575,-2.521655449548353,-7.293091549678352,39.17552178182778,1
591,2024-09-27 22:21:41.660519936,0,022,-1.7957967587484687,0.5999161771571045,-0.9494635778608018,-0.6921972608387069,-2.4449128261967688,-2.676780645108207,-7.375616159925008,39.07592619812129,1
592,2024-09-27 22:21:41.736130816,0,022,-1.771547473386109,0.5893300198595489,-1.174511287243708,-0.6182302542696233,-2.4097851417770264,-2.7986958162554108,-7.87996813402898,39.02569175757064,1
593,2024-09-27 22:21:41.801446912,0,022,-1.750841945306271,0.5828786170961314,-1.4067697022590215,-0.5402879581716723,-2.38619058139934,-2.8867460644368608,-8.74609289923713,39.000973452804395,1
594,2024-09-27 22:21:42.720200960,0,022,-1.7335481160188095,0.5806590910259616,-1.6371905776475797,-0.4606620971328431,-2.373234357093317,-2.941973506128927,-9.892561148658793,38.98533041434147,1
595,2024-09-27 22:21:42.782179072,0,022,-1.7191842447501215,0.5824186474820241,-1.8569509342954391,-0.3822547905394484,-2.3704317133269313,-2.966381453399634,-11.225307830841151,38.96876385819198,1
596,2024-09-27 22:21:42.858321152,0,022,-1.7070696704452255,0.5876233248507213,-2.057870754214189,-0.3082773785526087,-2.377668400691251,-2.9622496576754402,-12.647010605154069,38.946103353835056,1
597,2024-09-27 22:21:42.922833920,0,022,-1.6964770967105953,0.5955476662356076,-2.232847311630099,-0.24177853795375914,-2.3950266166412453,-2.9317240990829014,-14.064838637835244,38.91515870369692,1
598,2024-09-27 22:21:42.984058112,0,022,-1.6867515208460753,0.6053619463660309,-2.376281608667237,-0.18522384952156615,-2.4226358173561846,-2.8767182625010865,-15.394399197930344,38.8743999021425,1
599,2024-09-27 22:21:43.061234944,0,022,-1.677411030168623,0.6162193473577869,-2.484332187603165,-0.14027689847992414,-2.4606123993142037,-2.7991007732126123,-16.56031241131714,38.82077664751451,1
600,2024-09-27 22:21:43.128988928,0,022,-1.6682399350124217,0.6273437653027912,-2.554879680193259,-0.10780816486165039,-2.5090843579427826,-2.7011166976399954,-17.496639054548723,38.74888085146669,1
601,2024-09-27 22:21:44.072909056,0,022,-1.6593459619983308,0.6381034942158295,-2.587253864894562,-0.08804730857472051,-2.568287913018749,-2.585916693176487,-18.150204731038325,38.65184371818479,1
602,2024-09-27 22:21:44.140553984,0,022,-1.651153680354555,0.6480575493359568,-2.5818369978130615,-0.08074421921780608,-2.6386629932863856,-2.458005531354633,-18.48671443262786,38.52349994056153,1
603,2024-09-27 22:21:44.208795904,0,022,-1.6443384451443013,0.6569737746021712,-2.5396532851262754,-0.08525250077580032,-2.720823691739862,-2.323423504465014,-18.49606738934107,38.361007259230846,1
604,2024-09-27 22:21:44.276576000,0,022,-1.6397151950282343,0.6648199406886726,-2.4620719358640177,-0.10053750623703431,-2.8153266242156674,-2.189537136259723,-18.192762750862954,38.16676567733983,1
605,2024-09-27 22:21:44.343681280,0,022,-1.638091386355663,0.6717250479871614,-2.3507016642721412,-0.12515344487052232,-2.9222838669222875,-2.0644392134105325,-17.610886844210455,37.94886215443148,1
606,2024-09-27 22:21:44.411942912,0,022,-1.6401074070011499,0.6779147158087959,-2.207451701956224,-0.15724141944093634,-3.040958429675797,-1.9561266011029521,-16.79711415464295,37.72039891612648,1
607,2024-09-27 22:21:44.479636992,0,022,-1.6461069194750217,0.6836407234478528,-2.0346819000033873,-0.1946182599689811,-3.169446773088985,-1.871727211270419,-15.805363072422614,37.49822183019519,1
608,2024-09-27 22:21:45.397853952,0,022,-1.656071007691687,0.6891326942890911,-1.8353133085454858,-0.23502709993958715,-3.304430368322744,-1.816969082200114,-14.69428557067909,37.30092599520008,1
609,2024-09-27 22:21:45.465701120,0,022,-1.6696225566549057,0.6945888328371234,-1.6127491478906473,-0.2765152906816519,-3.4409109241222886,-1.7958963673789348,-13.526219851711321,37.14618770439556,1
610,2024-09-27 22:21:45.533292032,0,022,-1.6860878960668582,0.7001994755143673,-1.3706316010867412,-0.31774465513405226,-3.5719353388367336,-1.8107386222656474,-12.365173919431454,37.048199065062576,1
611,2024-09-27 22:21:45.601082880,0,022,-1.7045909381727666,0.7061780541325903,-1.1126569786537137,-0.35807220030035475,-3.6885099187436996,-1.861878020034711,-11.272970646740243,37.01621557714263,1
612,2024-09-27 22:21:45.664321024,0,022,-1.7241532479135233,0.7127739194168868,-0.8425904297961556,-0.39747440476380086,-3.7800785153307057,-1.947888805007766,-10.304419614110458,37.054403349883955,1
613,2024-09-27 22:21:45.734087936,0,022,-1.7437938532169588,0.7202578307228712,-0.5644348347353421,-0.43647607852843445,-3.8359095959279172,-2.065577671483613,-9.501751267329887,37.161797698142216,1
614,2024-09-27 22:21:45.789139968,0,022,-1.762638642141797,0.7288843667543312,-0.2826179119190749,-0.47609245966539543,-3.8472811260978896,-2.209962499347626,-8.888682342206618,37.331211547886824,1
615,2024-09-27 22:21:46.748055808,0,022,-1.780032437220196,0.7388417380099743,-0.0020112975028653154,-0.5176880669912229,-3.8097393709990706,-2.374266699690822,-8.466645973101523,37.5476254177014,1
616,2024-09-27 22:21:46.814447104,0,022,-1.795625502810846,0.7502052891277414,0.2722925903727707,-0.5627050301740489,-3.7245798822912626,-2.5501253263381356,-8.215503725971018,37.78766609830071,1
617,2024-09-27 22:21:46.880244992,0,022,-1.8094112326211982,0.7629079718389205,0.5352661272749761,-0.6122814018102078,-3.5991076984053665,-2.7281273772530747,-8.097960617617993,38.021308934457586,1
618,2024-09-27 22:21:46.939194880,0,022,-1.821708139435706,0.7767306690677199,0.782096535591146,-0.6668374665573917,-3.445673865870949,-2.898610126689484,-8.065315121636624,38.21596232620019,1
619,2024-09-27 22:21:47.016818176,0,022,-1.8330906046086348,0.7913139366162767,1.0082287293828267,-0.7257681873070752,-3.279750039590054,-3.05246901244923,-8.062922993555434,38.34203421388285,1
620,2024-09-27 22:21:47.078445824,0,022,-1.8442838153301098,0.8061938529664925,1.2094029642120878,-0.7873437912430361,-3.117559897114207,-3.1817453093246604,-8.034377382133355,38.37804944969808,1
621,2024-09-27 22:21:47.154204160,0,022,-1.8560498165942094,0.8208569112447949,1.3816988401088697,-0.8488149476632091,-2.9739454455017116,-3.279898180663857,-7.924142498184604,38.31360324444423,1
622,2024-09-27 22:21:48.098035200,0,022,-1.8690937601297384,0.8348029137291332,1.5216359929194556,-0.9067063739963016,-2.8609280816614517,-3.3418670807379454,-7.680785738144092,38.1504363331038,1
623,2024-09-27 22:21:48.152146944,0,022,-1.8840036117226036,0.8476064918535188,1.626430556054955,-0.957298565887584,-2.7870356492101354,-3.3640756871141857,-7.264042431979816,37.90324703684139,1
624,2024-09-27 22:21:48.229760000,0,022,-1.901216297645327,0.8589699115779129,1.694329882197948,-0.9972044737223482,-2.7572654132950265,-3.3444206241467587,-6.65496043095724,37.60026603161004,1
625,2024-09-27 22:21:48.291352064,0,022,-1.921003216257857,0.8687581839861972,1.7247816054443166,-1.0238561829290338,-2.7734794388131734,-3.2822341398197303,-5.863571622942129,37.2817630753935,1
626,2024-09-27 22:21:48.368966144,0,022,-1.9434817305624619,0.8770075172384502,1.718303538242783,-1.0357315563812906,-2.834990285944272,-3.1781921203046997,-4.929521727808354,36.99592811662694,1
627,2024-09-27 22:21:48.430504192,0,022,-1.9686604647871258,0.8839070397244734,1.6761739174593706,-1.032256069894834,-2.9391029392906582,-3.034103725376692,-3.9160067913713505,36.793735876335745,1
628,2024-09-27 22:21:48.504443904,0,022,-1.9965085754243614,0.8897629968687232,1.600169057079649,-1.0134826778192856,-3.0814137766762255,-2.85258281400038,-2.9003962302225057,36.724014250827885,1
629,2024-09-27 22:21:49.448097792,0,022,-2.0270182198873394,0.8949527846742102,1.4924457550554673,-0.9797536551839504,-3.2558307871313232,-2.63673803857278,-1.9647220647538215,36.82863736457992,1
630,2024-09-27 22:21:49.515881984,0,022,-2.060229747488847,0.8998736491393383,1.355500562109963,-0.9314919127169293,-3.454526040998158,-2.3900715203280307,-1.1875922599749085,37.13815204748358,1
631,2024-09-27 22:21:49.574400768,0,022,-2.0962154891016165,0.9048974650407964,1.1921210211225803,-0.8691572605492248,-3.6680287357007657,-2.11668802385595,-0.6372159816078404,37.668604289670945,1
632,2024-09-27 22:21:49.648045056,0,022,-2.13503831368492,0.9103453459192706,1.005299122287342,-0.7933296262372304,-3.8854578984125823,-1.821725073840223,-0.3639592274034216,38.41924842167562,1
633,2024-09-27 22:21:49.718944000,0,022,-2.176695315799506,0.9164828680142609,0.7981154245024752,-0.704849878345294,-4.094916328496878,-1.5117313107764938,-0.3922961562104461,39.370619610484525,1
634,2024-09-27 22:21:49.771316224,0,022,-2.22105448552732,0.9235234671537569,0.5736618330261869,-0.6049522158490741,-4.284244277396076,-1.1946840476582443,-0.7158389493764488,40.48435566963134,1
635,2024-09-27 22:21:49.854153984,0,022,-2.2678105766313505,0.9316333012595354,0.33510919316854537,-0.4953412004745044,-4.44216710350912,-0.8795124734963989,-1.2994847602781716,41.70673529836514,1
636,2024-09-27 22:21:50.785754880,0,022,-2.3164832547664425,0.9409419394659287,0.08594415369472305,-0.37820628575499365,-4.559469363926616,-0.5752720883850332,-2.0876796537753144,42.975520487576915,1
637,2024-09-27 22:21:50.862307072,0,022,-2.3664415621036494,0.9515527219964495,-0.16972446456355061,-0.25623091083979305,-4.6297700548612175,-0.2902574493542652,-3.0145135413917057,44.22780706931774,1
638,2024-09-27 22:21:50.924529920,0,022,-2.416925317517628,0.9635282219743128,-0.42693401581126916,-0.13265187716210253,-4.64980580215862,-0.03129396158548327,-4.013626513365778,45.40729016026738,1
639,2024-09-27 22:21:50.987016960,0,022,-2.4670587698636495,0.9768370676257526,-0.6798542044516666,-0.011316804085177037,-4.619372130344618,0.1966298030395954,-5.028386907707392,46.47043625481153,1
640,2024-09-27 22:21:51.065452032,0,022,-2.515855562874396,0.9912834537452888,-0.9220658983661321,0.10338862084090311,-4.541061224794508,0.3903243407044774,-6.0214851259020135,47.390934910422274,1
641,2024-09-27 22:21:51.136306176,0,022,-2.5622007491662684,1.0064580857271679,-1.1470119528940501,0.206808236845086,-4.419938559635131,0.5480584686087798,-6.980762348558677,48.16166888443604,1
642,2024-09-27 22:21:51.202580736,0,022,-2.6048121067953076,1.021734443830909,-1.3484017442111649,0.29441178425922493,-4.263376596037788,0.6691514479864862,-7.918546541453749,48.79422188063915,1
643,2024-09-27 22:21:52.138127104,0,022,-2.642216221620402,1.0363100574575967,-1.5205393933615212,0.36218508361183965,-4.0810705941976835,0.753690246166719,-8.864998458639603,49.316785924225876,1
644,2024-09-27 22:21:52.216043008,0,022,-2.672782122711035,1.0492767869280542,-1.6587361336650521,0.40692576543767367,-3.8848602048920995,0.8024028035606845,-9.85906505945678,49.771016292923576,1
645,2024-09-27 22:21:52.277719040,0,022,-2.6948253748187434,1.0596997899543779,-1.759856633672629,0.42645605397286346,-3.6879944358768912,0.8166493913979325,-10.940648462964129,50.207210433473065,1
646,2024-09-27 22:21:52.340207104,0,022,-2.706758937408597,1.066692067137292,-1.82279758644439,0.4197944173292628,-3.503946742385043,0.7985231560875347,-12.144732163251485,50.677031447954654,1
647,2024-09-27 22:21:52.419134976,0,022,-2.7072574241914693,1.069480680768085,-1.848620529170797,0.38725758299135266,-3.345131506221851,0.7510140696250045,-13.495899782857233,51.22443381181151,1
648,2024-09-27 22:21:52.486814976,0,022,-2.6954087819026933,1.0674606081963622,-1.8402426529819673,0.33039724881896587,-3.22168714258621,0.6780996675799967,-15.00232361256386,51.877030073780745,1
649,2024-09-27 22:21:52.550205184,0,022,-2.670835348324182,1.060231388497399,-1.8018646739489694,0.25171275601748144,-3.1403571414323324,0.584592003923981,-16.6507903134665,52.64071363125191,1
650,2024-09-27 22:21:53.499025920,0,022,-2.6337736836958046,1.047619545413069,-1.738427018273592,0.1542273813634387,-3.1036346154820857,0.47564467911529645,-18.40580369273846,53.49929657384645,1
651,2024-09-27 22:21:53.566746112,0,022,-2.5850972884918173,1.029694398618604,-1.6552603378589266,0.04115866747437912,-3.1093753233889463,0.35600652276300593,-20.214484444322004,54.41853376275929,1
652,2024-09-27 22:21:53.634336000,0,022,-2.5262584148087033,1.0067797015935604,-1.5579056833171183,-0.08413547012994174,-3.150962275370513,0.22930268417600114,-22.01580466462256,55.35235550435336,1
653,2024-09-27 22:21:53.702003968,0,022,-2.4591415886788996,0.9794550355141864,-1.4519901740841479,-0.21798892694046013,-3.2181228081937787,0.09767095633859148,-23.75044139554579,56.249518009434205,1
654,2024-09-27 22:21:53.764238080,0,022,-2.385857946404718,0.9485352009345199,-1.343081216275585,-0.3562402850499276,-3.2984091015070947,-0.03810157170963449,-25.368059462936916,57.05954238618453,1
655,2024-09-27 22:21:53.826246144,0,022,-2.3085488478743947,0.9150270831278239,-1.2365313615755964,-0.49416152834661625,-3.3789564521430844,-0.17805676939511336,-26.831099931345914,57.73700564625649,1
656,2024-09-27 22:21:53.905156864,0,022,-2.22927395594581,0.8800842659522706,-1.1373368348756132,-0.6265515476467803,-3.447987545730606,-0.32237940696343065,-28.115808811973594,58.244016962697096,1
657,2024-09-27 22:21:54.823570176,0,022,-2.149999315350227,0.8449709341931781,-1.0499324618854924,-0.7480457857142744,-3.495835787203821,-0.4707675545335192,-29.21140294437361,58.55161004704583,1
658,2024-09-27 22:21:54.891321856,0,022,-2.072627722142406,0.8110152131135151,-0.9778348576414931,-0.8536350064717958,-3.515530684744947,-0.622063555802077,-30.117867041709953,58.64079273821443,1
659,2024-09-27 22:21:54.959073024,0,022,-1.9990063271006593,0.7795291312766681,-0.9232082571390143,-0.9392566827341869,-3.503041916218071,-0.774217069636459,-30.842971823694803,58.50357534623784,1
660,2024-09-27 22:21:55.015992064,0,022,-1.9308917896390734,0.7517027570872792,-0.8865185721092578,-1.0023110437076912,-3.457302358093803,-0.924490644790575,-31.399382668997966,58.14368114440307,1
661,2024-09-27 22:21:55.093681152,0,022,-1.8698898828560349,0.7285081730625602,-0.8664177051508257,-1.0420363367695382,-3.3801586734278875,-1.0697853341564856,-31.802550179723568,57.57609476205604,1
662,2024-09-27 22:21:55.155715840,0,022,-1.8173871150428922,0.7106488749666449,-0.8600339431047634,-1.0596801630005548,-3.2763365613671342,-1.2069722298895342,-32.069933809230236,56.82521834071271,1
663,2024-09-27 22:21:55.229926912,0,022,-1.774472919786581,0.6985580402481298,-0.8637916908533773,-1.0583714129657076,-3.1533246027068786,-1.3331383676583421,-32.22178554936024,55.92238245235991,1
664,2024-09-27 22:21:56.139813888,0,022,-1.741852594973081,0.6924187744369569,-0.8745696664632583,-1.0426687929174272,-3.0208717764848565,-1.445772803414929,-32.28200927348595,54.90294498092447,1
665,2024-09-27 22:21:56.213446912,0,022,-1.7197815665792966,0.6921863340844528,-0.8906902784189337,-1.0178981859045362,-2.8897966266161395,-1.5430279273418086,-32.27621859660129,53.80261114647638,1
666,2024-09-27 22:21:56.281309952,0,022,-1.708064270677383,0.6976132584213887,-0.9122737554055761,-0.9894516714718501,-2.7702024872228637,-1.6241016479950765,-32.22617885966567,52.65403470845448,1
667,2024-09-27 22:21:56.350434048,0,022,-1.706129096590626,0.708276200900931,-0.940834156425681,-0.9621742059771297,-2.669748114604784,-1.6895427360634738,-32.1433197869757,51.48591034557851,1
668,2024-09-27 22:21:56.417973248,0,022,-1.7131446194391393,0.7235930950494144,-0.9783119295446857,-0.9399155713184554,-2.5927428413264573,-1.7411879224539681,-32.024368563378,50.32498516039132,1
669,2024-09-27 22:21:56.485718016,0,022,-1.7281221115625716,0.7428290937250029,-1.0259211666011199,-0.9253163874824901,-2.540318747368509,-1.7816616957493785,-31.85025410450846,49.19896428673101,1
670,2024-09-27 22:21:56.553433856,0,022,-1.7499765035893762,0.7651086285185169,-1.0832748422589211,-0.9198408989767635,-2.511325663219361,-1.8136798553561853,-31.588604882519988,48.13816095238667,1
671,2024-09-27 22:21:57.496598784,0,022,-1.7775734968643808,0.7894558483400901,-1.148137858312675,-0.9239504579858032,-2.5034009847502143,-1.8394614234410347,-31.199585472908897,47.1752592863289,1
672,2024-09-27 22:21:57.557811968,0,022,-1.8098081701841386,0.8148728152953889,-1.2168474909213005,-0.9372536149708255,-2.5137808089960685,-1.8603769099659437,-30.643362200609996,46.343741275692466,1
673,2024-09-27 22:21:57.632120064,0,022,-1.8457175917988282,0.8404426212522955,-1.285170474422502,-0.9585423182161754,-2.5395961879297904,-1.8768336376469816,-29.887149234777677,45.675730580471125,1
674,2024-09-27 22:21:57.699757056,0,022,-1.8845925155962362,0.865428476282123,-1.3492911682033462,-0.9857411971389111,-2.577622887497628,-1.8883965976261292,-28.910915420705432,45.199462840048554,1
675,2024-09-27 22:21:57.758054912,0,022,-1.926061710740277,0.8893438644221521,-1.4066684607776414,-1.0158670192385788,-2.623729105906414,-1.894127551224479,-27.71173533581834,44.93622549839994,1
676,2024-09-27 22:21:57.835118080,0,022,-1.9701373947761172,0.9119854474217911,-1.4565778333728716,-1.0450938004689703,-2.6724063124785977,-1.8931143321968493,-26.307064257896716,44.89752038517827,1
677,2024-09-27 22:21:57.902703104,0,022,-2.017200710290835,0.933428310817087,-1.5002485984277707,-1.0689630941064532,-2.7166170837757013,-1.8851650211769748,-24.736589001489516,45.08408841205318,1
678,2024-09-27 22:21:58.843180800,0,022,-2.067899469145869,0.9539804623273342,-1.5405681599494376,-1.0827532286049417,-2.747978121477105,-1.8715243252890588,-23.06119985808514,45.48699890245133,1
679,2024-09-27 22:21:58.905051904,0,022,-2.1229594335427295,0.9740959767605819,-1.581422312909081,-1.0820177122714292,-2.7572902023554113,-1.8553167114195142,-21.3581223010068,46.08899594573993,1
680,2024-09-27 22:21:58.982233856,0,022,-2.1829591796940226,0.9942583531699459,-1.6268763502153103,-1.063233950747215,-2.73546281373989,-1.8414549738014752,-19.713038283859962,46.86498266217676,1
681,2024-09-27 22:21:59.049815808,0,022,-2.2481421552312844,1.0148591148338972,-1.6803785953949126,-1.0244268318205407,-2.6747692789526343,-1.8359427349735176,-18.211112521225264,47.782524041382054,1
682,2024-09-27 22:21:59.106029056,0,022,-2.318313760832926,1.036100156685755,-1.7440587851866478,-0.9656028281293807,-2.5702052998814318,-1.844726470627431,-16.929046792199006,48.80339127766038,1
683,2024-09-27 22:21:59.183675904,0,022,-2.3928194889131533,1.0579378442448024,-1.8182311274244491,-0.8888265826598095,-2.4205644407141,-1.8724763062805316,-15.929546689156949,49.88599168923815,1
684,2024-09-27 22:21:59.245179904,0,022,-2.470576669361816,1.0800763513213814,-1.901279443722411,-0.7978796321122935,-2.228782903164392,-1.9217374200135837,-15.257914993055255,50.98790390823993,1
685,2024-09-27 22:22:00.186678016,0,022,-2.550145496353096,1.102011327085128,-1.9899927103692967,-0.6976710896743777,-2.0013538376390008,-1.9926734284979137,-14.939827034766344,52.06779984034985,1
686,2024-09-27 22:22:00.250534144,0,022,-2.629830323048528,1.1231085627445876,-2.0802024140330597,-0.5936782822467878,-1.7470339783128455,-2.0833140910826278,-14.980402044638351,53.08669566288603,1
687,2024-09-27 22:22:00.328181760,0,022,-2.707794058349918,1.1426869163339606,-2.1674729516757956,-0.49152839961399036,-1.4752912328377936,-2.190098526095069,-15.365227862419246,54.00919619553623,1
688,2024-09-27 22:22:00.399955968,0,022,-2.7821673896735426,1.1600823711840198,-2.247688756603407,-0.39661063362736115,-1.1949688893977046,-2.3085550296997206,-16.062787865029062,54.804973796375215,1
689,2024-09-27 22:22:00.467531008,0,022,-2.8511297548906605,1.1746878317727645,-2.3174871472417267,-0.3136114053771443,-0.9135942710565288,-2.4339913520838743,-17.02672475158337,55.44997402469489,1
690,2024-09-27 22:22:00.528281088,0,022,-2.9129387586577242,1.1859712181853233,-2.3744836607524906,-0.24603146955106323,-0.6374368621150539,-2.5620796705198243,-18.19749133767216,55.927208775442,1
691,2024-09-27 22:22:00.589894144,0,022,-2.9659188138489068,1.193479076941651,-2.4172423200263786,-0.1958401514560033,-0.37191094904038774,-2.689260260713064,-19.50484946072167,56.2276395830216,1
692,2024-09-27 22:22:01.546855936,0,022,-3.0084634682638396,1.196843044582625,-2.4450436957928408,-0.16339075034587117,-0.12183461200521029,-2.8128783628839775,-20.87301425808035,56.35159795852343,1
693,2024-09-27 22:22:01.614566144,0,022,-3.0391039448307344,1.1958105039337394,-2.4576259270334404,-0.14762801347679996,0.10851241308204666,-2.9309746474515874,-22.228537541054735,56.31063106392085,1
694,2024-09-27 22:22:01.681860864,0,022,-3.0566421498674154,1.1903009175066646,-2.455099746337139,-0.14650836924176583,0.31532245790806934,-3.0418216046307847,-23.50851827765566,56.12874261081713,1
695,2024-09-27 22:22:01.743869184,0,022,-3.0602888554609313,1.180456369569447,-2.438126382213172,-0.15746699640822212,0.4951427535292322,-3.143468195760127,-24.666217910121624,55.84156054354215,1
696,2024-09-27 22:22:01.806353920,0,022,-3.0497432498311863,1.1666473230058034,-2.4082711724698953,-0.1777650250803205,0.6447671443072381,-3.2334602300854347,-25.673632940833624,55.49292723325675,1
697,2024-09-27 22:22:01.884709888,0,022,-3.0252030291634893,1.1494262977282519,-2.3682997474074856,-0.20466964322616524,0.7610582614222157,-3.3086952402066356,-26.52247212814895,55.129726100253784,1
698,2024-09-27 22:22:01.945828864,0,022,-2.9873440996833533,1.1294609824608175,-2.3221727663290426,-0.23554792980164976,0.8407305464692256,-3.3654035637616855,-27.224234578252542,54.79611966820745,1
699,2024-09-27 22:22:02.888183040,0,022,-2.9372995268535753,1.1074821380614819,-2.274710014921524,-0.2679326075982397,0.8804440552070015,-3.39943187135019,-27.80904255775188,54.52826633784741,1
700,2024-09-27 22:22:02.964677120,0,022,-2.8766261184881956,1.0842498858904606,-2.231158266175046,-0.2995130993249766,0.8774384901038282,-3.4069407659727946,-28.32255886588507,54.3506147521481,1
701,2024-09-27 22:22:03.027426048,0,022,-2.807245847348314,1.0605236495565018,-2.196871575384984,-0.3280126404743995,0.8304578790141517,-3.3853425104893753,-28.819948577362283,54.274563381187214,1
702,2024-09-27 22:22:03.089425152,0,022,-2.7313786494698986,1.0370352165071726,-2.1770232769831566,-0.35103601063809803,0.7405319985031662,-3.3341301965924424,-29.356405151716107,54.29945542908043,1
703,2024-09-27 22:22:03.166670080,0,022,-2.6514762557741,1.0144723373235442,-2.176102612911293,-0.3660534529461364,0.6113715925456594,-3.25527617700169,-29.975463462704415,54.415228577665026,1
704,2024-09-27 22:22:03.235557120,0,022,-2.570138287007937,0.993470670326161,-2.1971163307556054,-0.370629955485525,0.4493547521962044,-3.15307056092895,-30.69746752171836,54.60574122935862,1
705,2024-09-27 22:22:03.290252032,0,022,-2.4899923816750933,0.9746061685006651,-2.240729800249541,-0.36285855043510123,0.2631500013958137,-3.033524654228044,-31.510901109839175,54.851412237408134,1
706,2024-09-27 22:22:04.247040000,0,022,-2.4135347027851384,0.958377349583643,-2.304749844961306,-0.3418169921377591,0.06298703970406813,-2.9035690168248856,-32.36933417279049,55.12987868148394,1
707,2024-09-27 22:22:04.314871040,0,022,-2.3429433919119136,0.9451685617329987,-2.384273695360899,-0.307835767291323,-0.14042403171923717,-2.77021056719772,-33.19575137025861,55.414839121170225,1
708,2024-09-27 22:22:04.382516992,0,022,-2.2799044381043196,0.9352015809076735,-2.472499166172407,-0.26249349455304377,-0.33726497606997935,-2.6397062246130667,-33.89380957083756,55.67494503734131,1
709,2024-09-27 22:22:04.442715904,0,022,-2.225494893211282,0.9284969907883762,-2.561747129548341,-0.2084479118102338,-0.5200591196663608,-2.516763966945295,-34.36343295623623,55.87456676662977,1
710,2024-09-27 22:22:04.517929216,0,022,-2.180140018759053,0.9248610080335112,-2.6441890652837508,-0.14925304967458997,-0.6847625252279986,-2.4038664957502425,-34.51724921363459,55.97682104371967,1
711,2024-09-27 22:22:04.581029120,0,022,-2.143642739145051,0.9239013287819492,-2.7122620578075427,-0.08919540458762819,-0.8310528027423336,-2.3009169214980227,-34.2945367756013,55.94795005896202,1
712,2024-09-27 22:22:04.646800128,0,022,-2.11528454250223,0.9250708435421107,-2.7591227177700093,-0.033101660975171386,-0.9617597355895382,-2.2053642966515783,-33.67018999116693,55.76175156069152,1
713,2024-09-27 22:22:05.573077760,0,022,-2.093984699888788,0.9277331599098023,-2.779305640789518,0.013936208513193249,-1.0818120139739689,-2.1128183171916057,-32.65795759166713,55.40337170941759,1
714,2024-09-27 22:22:05.639976192,0,022,-2.0784864054233143,0.9312368694588815,-2.76939581424597,0.04695944136480597,-1.1971092031106254,-2.0180057206095614,-31.30917400756717,54.87251714022722,1
715,2024-09-27 22:22:05.708243968,0,022,-2.0675419321477917,0.9349867796106237,-2.7284150101283027,0.06161274252085127,-1.3134746431448954,-1.9158289564162618,-29.708538600669545,54.18583780446946,1
716,2024-09-27 22:22:05.776318976,0,022,-2.060081204434235,0.9385058019353885,-2.6577729439462443,0.05452307500123177,-1.4357433834520275,-1.8022991826396575,-27.96725475316621,53.37744629641872,1
717,2024-09-27 22:22:05.843339776,0,022,-2.0553473577706676,0.9414816962650233,-2.560853118505497,0.02347879542044897,-1.5671721227363153,-1.6751330324625862,-26.213142707513878,52.496693111933745,1
718,2024-09-27 22:22:05.911654912,0,022,-2.0529843607500577,0.9437976875688137,-2.442417164935214,-0.032527790288558775,-1.7093444088446144,-1.5338437316657278,-24.578028640873548,51.60326653052824,1
719,2024-09-27 22:22:05.978563072,0,022,-2.0530697045129953,0.9455519386461646,-2.3080056579170054,-0.11327441134404717,-1.8624230235125407,-1.3794019948334486,-23.18404514350708,50.760526275985235,1
720,2024-09-27 22:22:06.889959936,0,022,-2.056072534557116,0.9470598057496451,-2.1634280063348448,-0.21728181226426416,-2.0253583471858567,-1.2138310230443112,-22.131613502302905,50.02858461719138,1
721,2024-09-27 22:22:06.952084992,0,022,-2.062709155095458,0.9488229467643576,-2.014295923260027,-0.34185292796553574,-2.1958059852610288,-1.040057903634257,-21.491670533508433,49.4587526114021,1
722,2024-09-27 22:22:07.033886976,0,022,-2.073715907705662,0.9514659131691953,-1.8655198038146767,-0.4831890855883704,-2.369807112486944,-0.8620222392268843,-21.30283343944998,49.09004960731849,1
723,2024-09-27 22:22:07.101577216,0,022,-2.0896201700488555,0.9556591872090392,-1.7208790134424743,-0.6365058434657382,-2.5413868601909373,-0.6848182497847264,-21.572298961222895,48.94726312841352,1
724,2024-09-27 22:22:07.169420032,0,022,-2.11058066296546,0.9620412178255079,-1.5829553710752242,-0.79612234629109,-2.702156987254182,-0.5146736558001037,-22.278857012716177,49.03975812122013,1
725,2024-09-27 22:22:07.236987136,0,022,-2.136311793959086,0.9711403057041651,-1.4535358817784865,-0.9556404192328538,-2.841070405613021,-0.35869352238634344,-23.37707281766094,49.36080748556192,1
726,2024-09-27 22:22:07.304713984,0,022,-2.166077670552441,0.9833025082887361,-1.3341969139535004,-1.108354516729065,-2.9447124772980504,-0.22436862407609534,-24.802104107423627,49.887872662016356,1
727,2024-09-27 22:22:08.236353024,0,022,-2.1987399857188605,0.9986408736209197,-1.2266913402974062,-1.2478738734994321,-2.998514060037365,-0.11890370288834938,-26.474661660098434,50.58450485638476,1
728,2024-09-27 22:22:08.314295040,0,022,-2.232843074305775,1.0170151153658487,-1.1330506305712769,-1.3687625338068634,-2.9887883306834047,-0.04850629837753226,-28.30634851332006,51.40419937573496,1
729,2024-09-27 22:22:08.382647040,0,022,-2.2667284906197183,1.0380384173659565,-1.0555058072124328,-1.4670175295452315,-2.9049576091704314,-0.017779871320290918,-30.206417006661624,52.295964841291664,1
730,2024-09-27 22:22:08.451478016,0,022,-2.2986782993105535,1.061104321974401,-0.9962083133096568,-1.5403748904238708,-2.7412815791339447,-0.029256621356670218,-32.090278547028824,53.21111092876604,1
731,2024-09-27 22:22:08.515173888,0,022,-2.3270673468327767,1.0854263771703718,-0.9566940325476639,-1.5884889400535651,-2.497780796098409,-0.08305783305587434,-33.88829144448761,54.1104091839798,1
732,2024-09-27 22:22:08.577900800,0,022,-2.3504909148461657,1.1100807649964175,-0.937279305584638,-1.6129188198047903,-2.180450491137073,-0.17672486996216327,-35.552152381227636,54.96980207533596,1
733,2024-09-27 22:22:08.639478016,0,022,-2.367848886172884,1.13404464241109,-0.9367046811268206,-1.6168502866853192,-1.8009832732597004,-0.305292422451983,-37.056784952771835,55.782485818404815,1
734,2024-09-27 22:22:09.598416128,0,022,-2.378383948432711,1.1562328649502644,-0.9521615011586123,-1.604635623370529,-1.376139636616132,-0.4616301097449633,-38.39740535212903,56.55658540716558,1
735,2024-09-27 22:22:09.653773056,0,022,-2.3816748561552745,1.175540483556978,-0.9796426309140347,-1.5812938168936452,-0.9268771741610728,-0.6369658327032313,-39.58275813632195,57.30947490450267,1
736,2024-09-27 22:22:09.728784128,0,022,-2.377588311354456,1.1908911884235076,-1.0145184846150659,-1.552020981017921,-0.47728451574593056,-0.8214582219630479,-40.626140383118134,58.0607329064755,1
737,2024-09-27 22:22:09.800828928,0,022,-2.366205482990463,1.2012890682804005,-1.052258368654074,-1.5217128676889813,-0.05313346686424958,-1.0048644324315674,-41.53630101284168,58.82565881405749,1
738,2024-09-27 22:22:09.868015104,0,022,-2.347757946514535,1.2058801376572885,-1.089182830028891,-1.4945634893702766,0.3201333034124951,-1.177456446294806,-42.31017110419263,59.61028432261392,1
739,2024-09-27 22:22:09.931416064,0,022,-2.3226083121706242,1.2040310800246152,-1.1230320964793812,-1.4738474257744532,0.6197796154070037,-1.3310826112067917,-42.92920210822787,60.40791305614097,1
740,2024-09-27 22:22:10.004072960,0,022,-2.2912786245166368,1.1954164105963871,-1.1531266120502024,-1.4619215924787283,0.8280580647122427,-1.4600084003360312,-43.361012404094495,61.19732484580445,1
741,2024-09-27 22:22:10.949095936,0,022,-2.254491762794272,1.180089377620598,-1.1801040106806464,-1.4603428351007677,0.9339369189788346,-1.5612340729214906,-43.56638232403788,61.943069636851206,1
742,2024-09-27 22:22:11.016761088,0,022,-2.213186402461966,1.1585118709422095,-1.2054086854273742,-1.4699514651248489,0.9338637637474803,-1.6342153623884543,-43.50948825853679,62.59839876623282,1
743,2024-09-27 22:22:11.073875968,0,022,-2.168495484813269,1.1315323112974538,-1.2306498307459508,-1.4908933269749665,0.8313605174192428,-1.6801147091781838,-43.168785429795655,63.111429901862905,1
744,2024-09-27 22:22:11.152141056,0,022,-2.1217090197566537,1.1003177006993359,-1.2569066161169167,-1.5226522822861643,0.635642622236635,-1.700852783811202,-42.545676703177264,63.43384970150451,1
745,2024-09-27 22:22:11.212354048,0,022,-2.074251660559556,1.0662613538354477,-1.284222151892507,-1.564105278237903,0.3598064721373195,-1.6983039937041606,-41.667510244362774,63.52903093464851,1
746,2024-09-27 22:22:11.286711040,0,022,-2.027687900108105,1.0308956950302872,-1.31152571427067,-1.6135601554357875,0.01924569938666775,-1.6739538023321299,-40.582998183029225,63.3759870936584,1
747,2024-09-27 22:22:11.351083008,0,022,-1.9837315126374317,0.9958253165920867,-1.3369781545114465,-1.6687829432156682,-0.36927903867901446,-1.6291515139473371,-39.35225855568646,62.96860219843234,1
748,2024-09-27 22:22:12.288945920,0,022,-1.9442178992112407,0.9626667402399115,-1.35858375440714,-1.7270570026253067,-0.7880226824837909,-1.565761800664086,-38.03666365491056,62.3129395445429,1
749,2024-09-27 22:22:12.366331904,0,022,-1.911022415402095,0.9329764428958546,-1.3748520321213853,-1.7853114651250945,-1.2185632959969985,-1.486770961872831,-36.69205364937822,61.425428937169336,1
750,2024-09-27 22:22:12.427035136,0,022,-1.8859454703964593,0.9081731518431276,-1.385225988096834,-1.840340364311132,-1.6424065940234167,-1.3965020091413263,-35.365033732166665,60.3322940733904,1
751,2024-09-27 22:22:12.488599040,0,022,-1.8705958604040298,0.8894717519699467,-1.390092602663733,-1.8890836135848754,-2.0419133274351857,-1.3004275855688852,-34.090786215477806,59.06929394974281,1
752,2024-09-27 22:22:12.566247936,0,022,-1.866279312342877,0.8778294988530779,-1.3904369344483123,-1.9288848067331354,-2.401254113047171,-1.2047760393400386,-32.891820518661206,57.681287281117015,1
753,2024-09-27 22:22:12.637217024,0,022,-1.8738691945914698,0.8738939780284252,-1.387350509333195,-1.9576582083558072,-2.7070081865493814,-1.116104710215135,-31.77774257565801,56.221276683628545,1
754,2024-09-27 22:22:12.704857088,0,022,-1.8936474563666517,0.8779516433678589,-1.3816265771937792,-1.9739646788227756,-2.9483275510114395,-1.0409220994365558,-30.74665249700305,54.74844992596603,1
755,2024-09-27 22:22:13.647793920,0,022,-1.9251527394220531,0.889884190673115,-1.3736255819029752,-1.9770224182996283,-3.116998232358142,-0.9853305400862025,-29.78932185337172,53.32559113047429,1
756,2024-09-27 22:22:13.709410816,0,022,-1.9670949311330703,0.9091389221191456,-1.3634256972894896,-1.9666769808530613,-3.2077023182906124,-0.9546013043534843,-28.895878414711955,52.016617749858575,1
757,2024-09-27 22:22:13.771034880,0,022,-2.0173693956163965,0.9347217189780774,-1.351043278120671,-1.9433809997601001,-3.218354820823656,-0.9527072940334028,-28.062034319524873,50.88355508639852,1
758,2024-09-27 22:22:13.848411136,0,022,-2.073175289650252,0.9652270144111721,-1.3364566895197976,-1.9082408195087497,-3.150222235385317,-0.9819681206081277,-27.291673142011952,49.98171357825075,1
759,2024-09-27 22:22:13.919300096,0,022,-2.1312294115735777,0.9989170430699263,-1.3194032146035017,-1.8631167660264003,-3.007804987545723,-1.0429087372635564,-26.59492175559311,49.35377239173218,1
760,2024-09-27 22:22:13.973906944,0,022,-2.188050558073514,1.033852670716493,-1.2991600888548098,-1.8106622390664362,-2.7985688163154134,-1.1343248279309144,-25.98266890594333,49.0249855257075,1
761,2024-09-27 22:22:14.054601728,0,022,-2.240272582491108,1.0680650347720835,-1.274482783631038,-1.7541709500369702,-2.532421921697049,-1.2534952490193856,-25.459528925760182,49.00105734854992,1
762,2024-09-27 22:22:14.997668096,0,022,-2.2849450153001585,1.0997435470002361,-1.2437262570784255,-1.6972204069659764,-2.2209359892217937,-1.3964163054166934,-25.018212481176917,49.26892015676343,1
763,2024-09-27 22:22:15.065314816,0,022,-2.3197869735621524,1.1274061768660137,-1.2051542880206212,-1.6432393993247463,-1.876598589482927,-1.5579311018849844,-24.63808986109099,49.79984106096966,1
764,2024-09-27 22:22:15.132464896,0,022,-2.343357777740493,1.1500186276450175,-1.1574612570478797,-1.5951606419625688,-1.5122605389208903,-1.7317620503969784,-24.288855150759154,50.553930240904734,1
765,2024-09-27 22:22:15.200668928,0,022,-2.355115300169277,1.1670432864931601,-1.1004453895833237,-1.5552473504068556,-1.1406029139341087,-1.9105690786129559,-23.937770634983135,51.48504007796002,1
766,2024-09-27 22:22:15.268408832,0,022,-2.3553567764162864,1.178416941490527,-1.0356214728105386,-1.5250690842859618,-0.7734499814225383,-2.0861793008648934,-23.557193527240678,52.54501061450355,1
767,2024-09-27 22:22:15.335639808,0,022,-2.345058436168369,1.1844678093840095,-0.9665185854341247,-1.5055438356675588,-0.4209949773260526,-2.250134857443392,-23.129003029664283,53.68649252932222,1
768,2024-09-27 22:22:15.403814912,0,022,-2.325657057158119,1.185796036959222,-0.8985355947570486,-1.4970167688740366,-0.09110121893605974,-2.394605566858619,-22.645043206861267,54.864628402817765,1
769,2024-09-27 22:22:16.317342976,0,022,-2.298839840701333,1.1831564944400286,-0.8383675708426727,-1.4994059388351129,0.21123312389915908,-2.51345936517236,-22.105855696602752,56.03884184713039,1
770,2024-09-27 22:22:16.380672000,0,022,-2.266389166240772,1.1773731584562968,-0.7930918558555562,-1.5123893297127693,0.4841773270524643,-2.6031088903586883,-21.520092288642523,57.17561488064203,1
771,2024-09-27 22:22:16.457930240,0,022,-2.2300790682826572,1.1692813703412128,-0.7690846910432259,-1.5355157128193695,0.7289586813540079,-2.6628414705546013,-20.90481256213798,58.25186452776482,1
772,2024-09-27 22:22:16.520030976,0,022,-2.1915944220352985,1.159675738150115,-0.7710149136032717,-1.5681442332285203,0.949150524648807,-2.694533042755685,-20.286432270498207,59.25766200274774,1
773,2024-09-27 22:22:16.593538048,0,022,-2.152454218586637,1.1492535419634238,-0.8011659128631148,-1.6092354713515853,1.1493968158636965,-2.701802973471248,-19.70283895071294,60.196985175318,1
774,2024-09-27 22:22:16.661227008,0,022,-2.1139396546426164,1.1385638481407898,-0.8592502053795983,-1.6571108641170944,1.3338749500587004,-2.688864469177478,-19.20554366472001,61.08537375293455,1
775,2024-09-27 22:22:16.728899840,0,022,-2.0770342792167837,1.1279791932534737,-0.9426984929012135,-1.709315215427112,1.5048737210468537,-2.659472866105969,-18.858291854344696,61.943661467053495,1
776,2024-09-27 22:22:17.657405952,0,022,-2.042381659911272,1.1176937317998166,-1.0472285259551395,-1.7626525136951203,1.661755780729919,-2.6162423526064424,-18.72996918588864,62.78874458011816,1
777,2024-09-27 22:22:17.735924992,0,022,-2.010268287890582,1.1077336399170183,-1.1674755503504783,-1.8133526826690602,1.8004618284115825,-2.5603354030359164,-18.88404570550886,63.62527230243959,1
778,2024-09-27 22:22:17.808207104,0,022,-1.980645438564787,1.0979695103678904,-1.2975415435099087,-1.8572898870424512,1.9137108764079707,-2.4914347622646877,-19.36904422632406,64.44254272224065,1
779,2024-09-27 22:22:17.875897856,0,022,-1.9532148469146366,1.0881441801981142,-1.4313784678028694,-1.8902584609161663,1.991968567649766,-2.4079324378779274,-20.212735044284972,65.21746408500054,1
780,2024-09-27 22:22:17.943537920,0,022,-1.9276049248066207,1.077938207041221,-1.5630119665840465,-1.9083707257976876,2.0250195428322955,-2.307330790432735,-21.419414982425224,65.92087950290707,1
781,2024-09-27 22:22:18.010235136,0,022,-1.9036153005472385,1.0670721144839603,-1.6867083482767187,-1.9085651864532174,2.00380104177521,-2.1869503544151545,-22.968319730810677,66.52400104760653,1
782,2024-09-27 22:22:18.078568960,0,022,-1.8814308769392538,1.0554126329789835,-1.7971693016278254,-1.889085680568126,1.922085927538881,-2.044901146092998,-24.813441787703432,67.00346908083746,1
783,2024-09-27 22:22:18.997966080,0,022,-1.8617025275934813,1.043043332084533,-1.8898329750318155,-1.8497310300527832,1.7776546218832494,-1.8809387234206398,-26.887141927361654,67.34514428242989,1
784,2024-09-27 22:22:19.060888832,0,022,-1.845474868905697,1.030281943228595,-1.9614323569644996,-1.7917326976312873,1.5727614290167824,-1.6968341202994648,-29.107812868449006,67.54660050266314,1
785,2024-09-27 22:22:19.133465088,0,022,-1.8340070274687785,1.0176491523731694,-2.010844036095122,-1.7172760799977507,1.3137867489991353,-1.4962074506553664,-31.388411493109228,67.61739550563867,1
786,2024-09-27 22:22:19.200611072,0,022,-1.8285337877365377,1.0057983795310281,-2.039941643210609,-1.6288631744859081,1.0100804114650368,-1.2839299969810851,-33.64322054452687,67.57665718260115,1
787,2024-09-27 22:22:19.268335872,0,022,-1.830015033881216,0.9954165606083619,-2.054000915404843,-1.528806685026086,0.6723936747092683,-1.0652471155199394,-35.79316236697344,67.44912653898359,1
788,2024-09-27 22:22:19.336559104,0,022,-1.838938003735123,0.987115194455494,-2.061322615641813,-1.419058239968917,0.31162745380589135,-0.844955076864019,-37.770625196247,67.26145722054562,1
789,2024-09-27 22:22:19.397684992,0,022,-1.8552221719460518,0.9813387292133764,-2.0720344337386716,-1.3013588664211386,-0.06158089618397628,-0.6270516462817599,-39.523498718483644,67.03984911325564,1
790,2024-09-27 22:22:20.347981056,0,022,-1.8782395348972896,0.9783146314267002,-2.096347834616621,-1.1775373959313173,-0.4364999555710908,-0.4150221212431699,-41.01775864839927,66.80901529325557,1
791,2024-09-27 22:22:20.415766784,0,022,-1.9069337833065885,0.9780571546785151,-2.1427196791977874,-1.049790020064177,-0.8016842584221106,-0.21253697313361447,-42.23862880553095,66.59178389416867,1
792,2024-09-27 22:22:20.483401984,0,022,-1.9399909664753627,0.9804164500594692,-2.2163835728880783,-0.9208690284300224,-1.144567701300989,-0.024160355380419093,-43.19119623329536,66.40899079703216,1
793,2024-09-27 22:22:20.551040768,0,022,-1.9759956832588792,0.98514815853796,-2.318623115275764,-0.7941323561507733,-1.451452025564181,0.14425561546226326,-43.901396427041256,66.28016784363014,1
794,2024-09-27 22:22:20.618659840,0,022,-2.013528830725299,0.9919815839280371,-2.4469292166635817,-0.6733959687035624,-1.7079692131263302,0.2856376397735406,-44.41651645591901,66.22480941000983,1
795,2024-09-27 22:22:20.686537216,0,022,-2.0512032831186335,1.0006790737942224,-2.595837657225911,-0.5626188775390403,-1.900189407764652,0.3922391070222209,-44.802248126061265,66.26208880695708,1
796,2024-09-27 22:22:20.754121216,0,022,-2.0876505917491843,1.0110825624449515,-2.757967262900952,-0.4655531455513516,-2.0164418971035465,0.4566274041400259,-45.134239123713755,66.40727875727418,1
797,2024-09-27 22:22:21.691706112,0,022,-2.1214643151592725,1.0231373624287419,-2.924825270455459,-0.3854798308175127,-2.0494763824828763,0.4729113943126951,-45.48617024909636,66.66643182647738,1
798,2024-09-27 22:22:21.764461056,0,022,-2.1511054425077,1.03689030585306,-3.0872805639637373,-0.3250946313265698,-1.9981558110985587,0.43777944257542667,-45.91920941144809,67.03306789035537,1
799,2024-09-27 22:22:21.831516160,0,022,-2.1747979074603245,1.0524744796051948,-3.2358714853907156,-0.2865634542407143,-1.8679376481151841,0.35094153877137446,-46.475956262810776,67.48894858278459,1
800,2024-09-27 22:22:21.895691776,0,022,-2.190469126960627,1.0700923557781767,-3.3611722008381295,-0.2716865048922913,-1.669983188762872,0.21492328149639733,-47.17781515280614,68.0075603683325,1
801,2024-09-27 22:22:21.956062976,0,022,-2.1957838819653777,1.089996590844298,-3.4543854109004353,-0.28203586321523944,-1.4192753423734263,0.03447509053979022,-48.0229548790904,68.557438756129,1
802,2024-09-27 22:22:22.036508928,0,022,-2.188272270359927,1.1124638021478517,-3.508135833163842,-0.31896594188350036,-1.1322966845084608,-0.18410042279973932,-48.98395718036176,69.10385992134573,1
803,2024-09-27 22:22:22.096355840,0,022,-2.1655135422185356,1.1377637638933755,-3.5172317543431717,-0.38349107033956636,-0.824777540939883,-0.43348085680707515,-50.00656596235249,69.60940646039843,1
804,2024-09-27 22:22:23.048197888,0,022,-2.1253364198082303,1.166131511063338,-3.4792188202218624,-0.47608228887608484,-0.5099086569650084,-0.7055974845712858,-51.011564453296494,70.03475287321072,1
805,2024-09-27 22:22:23.109829888,0,022,-2.066008707277309,1.197743056442026,-3.3947237383029245,-0.5964467219897133,-0.1973102433852171,-0.9916725334047116,-51.90162744366039,70.3409880054534,1
806,2024-09-27 22:22:23.183510016,0,022,-1.9864005417322403,1.232682809264374,-3.2675370731800704,-0.7433318563801181,0.10699791620036915,-1.2820742003223717,-52.573747439401465,70.49401952849163,1
807,2024-09-27 22:22:23.246400000,0,022,-1.886113412368732,1.270890889225319,-3.104252057973063,-0.9143778653958918,0.39957395125851347,-1.566035653229562,-52.934958903721565,70.47011266258073,1
808,2024-09-27 22:22:23.318869248,0,022,-1.7655647586638554,1.3120946576294943,-2.913359479016554,-1.1060855608755324,0.6778679082843357,-1.831472908131647,-52.916295816789166,70.26043292834804,1
809,2024-09-27 22:22:23.385116928,0,022,-1.6260233955275982,1.3557423651469722,-2.7039349190393196,-1.3140146826972579,0.9386286388683778,-2.065231316177939,-52.47990808386791,69.8726850304779,1
810,2024-09-27 22:22:23.454301952,0,022,-1.4696136056918057,1.4009595202005352,-2.4842444091221534,-1.533232049195848,1.1770797031146143,-2.253827637172443,-51.6178726398598,69.32965547597104,1
811,2024-09-27 22:22:24.398117120,0,022,-1.2993153790754512,1.4465470427295155,-2.2606526241814615,-1.7588382194355117,1.3870883047836728,-2.3845371623962053,-50.3452507079405,68.66599780392804,1
812,2024-09-27 22:22:24.464729088,0,022,-1.1189673243607403,1.4910385040340288,-2.0371423444258077,-1.9863279877158564,1.5621712996150678,-2.4467203789287733,-48.69138032716772,67.9244303127146,1
813,2024-09-27 22:22:24.525950976,0,022,-0.9332404281034562,1.5328264454719267,-1.815558141805862,-2.211677037872565,1.6970066995036655,-2.433271781813012,-46.69329453384124,67.15193447386355,1
814,2024-09-27 22:22:24.588439040,0,022,-0.7475154404055181,1.570342002270421,-1.5963654364578503,-2.431272222054777,1.7889600422648961,-2.3419273852947295,-44.39387408669438,66.39668894634038,1
815,2024-09-27 22:22:24.666299136,0,022,-0.5676114321898879,1.6022418602656827,-1.379469545918215,-2.641888682777272,1.8391059846254598,-2.17613212731833,-41.844504524709855,65.70625317998677,1
816,2024-09-27 22:22:24.736794880,0,022,-0.39939523180924125,1.6275583001777658,-1.1647743834082778,-2.8407811173331394,1.8525088990891105,-1.9452763139875786,-39.109965440552976,65.12654145070177,1
817,2024-09-27 22:22:24.804397312,0,022,-0.2483586284731002,1.6457923178852167,-0.9524869614467034,-3.0257979721531254,1.8378927953143642,-1.6642325590655893,-36.27336423446722,64.70061059326217,1
818,2024-09-27 22:22:25.745153792,0,022,-0.11922357258408112,1.656941256056291,-0.7432688749396763,-3.1954170223699028,1.8068884030031793,-1.3522408058926911,-33.43943974841288,64.46692632086902,1
819,2024-09-27 22:22:25.817529088,0,022,-0.01561111168689944,1.661460894158295,-0.5382912973721133,-3.348655948468491,1.7728270919656663,-1.0312723786669848,-30.734513333229554,64.45758675819071,1
820,2024-09-27 22:22:25.884536832,0,022,0.06016891176702419,1.6601847688728835,-0.33930672650619487,-3.4848402842044734,1.7491529095181362,-0.7240586260853107,-28.302080606460397,64.69689735921293,1
821,2024-09-27 22:22:25.952961024,0,022,0.10717073362214434,1.6542292065826134,-0.1488662167365105,-3.6032474739260696,1.7480064021531818,-0.45210369607771445,-26.29495308479858,65.20039519051628,1
822,2024-09-27 22:22:26.020684032,0,022,0.12574510080174786,1.6448854946631966,0.029325084826314105,-3.7027072815135535,1.7794684704201638,-0.23407253294883643,-24.865607073729937,65.97463228873548,1
823,2024-09-27 22:22:26.088395008,0,022,0.1174038579840051,1.6334920017600325,0.19006038046288476,-3.7812906532145343,1.8512113397824537,-0.08472474290032792,-24.15465845218888,67.01765048742492,1
824,2024-09-27 22:22:26.152387072,0,022,0.08462082173192496,1.6213094970470086,0.3264724651710901,-3.8362310436820044,1.9680362617677545,-0.014268806424584266,-24.27578917045527,68.31873740392344,1
825,2024-09-27 22:22:27.074311936,0,022,0.030569091756964845,1.6094375316260758,0.4301720731763242,-3.864167971226861,2.131264588825734,-0.0279508669701443,-25.297695599861722,69.85631867888796,1
826,2024-09-27 22:22:27.143004928,0,022,-0.04116643976121404,1.5987855240131454,0.4917028074351711,-3.8616851187015526,2.3383045015985484,-0.125818544530402,-27.2283263837151,71.59547434950724,1
827,2024-09-27 22:22:27.210458112,0,022,-0.12685836396884584,1.5900820269881604,0.5012952165653952,-3.8259971983023555,2.5826962574533443,-0.30276295691682886,-30.007525507871215,73.4874984422959,1
828,2024-09-27 22:22:27.278078976,0,022,-0.2228555045031171,1.5838872902279302,0.4498224064133833,-3.7555846411575997,2.854787605837672,-0.5490238696817055,-33.510452743252834,75.47175509551923,1
829,2024-09-27 22:22:27.345765120,0,022,-0.32571341888103905,1.5805779255050558,0.3297792830323855,-3.6506193634319106,3.142817799925103,-0.85120330145324,-37.56080239009724,77.47869612021778,1
830,2024-09-27 22:22:27.413199872,0,022,-0.4322252318013252,1.580308345985071,0.13618234353493308,-3.513156414188553,3.4339764474354113,-1.1936009439445239,-41.94995268172287,79.43339707457295,1
831,2024-09-27 22:22:27.481299968,0,022,-0.5393995409700576,1.5829857398523626,-0.1326017453136166,-3.3471563492644796,3.715365170330446,-1.5596427284113425,-46.4554691079765,81.25925802650397,1
832,2024-09-27 22:22:28.423451904,0,022,-0.6444508681014038,1.5882834430869115,-0.47408763722229386,-3.1583580142988703,3.975054575413619,-1.933232123890439,-50.854542548637234,82.88169565502632,1
833,2024-09-27 22:22:28.486893824,0,022,-0.7448412528566231,1.5956895638439825,-0.8810388148439141,-2.9539542434397164,4.203138683387366,-2.299838559879541,-54.93391130686646,84.23221222955867,1
834,2024-09-27 22:22:28.548453120,0,022,-0.8383807129024029,1.6045802085905592,-1.3412292933128451,-2.742058527921134,4.392453603853784,-2.6471848471555144,-58.50024263631702,85.25330113642102,1
835,2024-09-27 22:22:28.626518016,0,022,-0.9233583270958389,1.6143030401491358,-1.8379663801410036,-2.5310490380670676,4.538822245503558,-2.965551092948901,-61.39229461754242,85.90405961339361,1
836,2024-09-27 22:22:28.694219008,0,022,-0.9986485568733542,1.6242502774960932,-2.351514949036333,-2.3289247097423273,4.640976627521071,-3.2478151142442853,-63.49309204621034,86.16547528322528,1
837,2024-09-27 22:22:28.749376000,0,022,-1.0637580554447454,1.6339113293990635,-2.861138354345275,-2.142756090062178,4.7004036833067815,-3.4893679849780783,-64.7392036881015,86.04341694126752,1
838,2024-09-27 22:22:28.829498112,0,022,-1.1188166998297064,1.6429088506526057,-3.3472289525739276,-1.9782363721451444,4.72124972708682,-3.6879960665964395,-65.12381832729247,85.56726012775842,1
839,2024-09-27 22:22:29.738857984,0,022,-1.1645277710771567,1.6510178346976594,-3.7930857030943974,-1.8393299304109887,4.710203676102514,-3.843687304022322,-64.69129188806167,84.7837102609595,1
840,2024-09-27 22:22:29.801345280,0,022,-1.2020902568577423,1.6581655927346781,-4.186089228946652,-1.7280694722553893,4.67617598791543,-3.958258988682451,-63.52466881276116,83.74795861884041,1
841,2024-09-27 22:22:29.878163200,0,022,-1.2330966141690618,1.6644177995349745,-4.518127056197838,-1.6445764175685438,4.629653898475782,-4.034804750639006,-61.731199371120965,82.51554777359264,1
842,2024-09-27 22:22:29.940171008,0,022,-1.2593920881168377,1.6699564022385265,-4.785300979837049,-1.587294570027808,4.581633973643701,-4.07701545376622,-59.43032311162665,81.13740737908931,1
843,2024-09-27 22:22:30.018116864,0,022,-1.2828901102967885,1.6750544825507243,-4.987231441906237,-1.5533336005548766,4.5420906777485754,-4.088428681797429,-56.74562315743952,79.65873530314073,1
844,2024-09-27 22:22:30.081486080,0,022,-1.3053696175942955,1.680056006855376,-5.126318460186599,-1.538873930068455,4.518245531602139,-4.0717756328075545,-53.79994755216148,78.12092947352433,1
845,2024-09-27 22:22:30.153549824,0,022,-1.3282941549115108,1.6853630116718075,-5.207088087673014,-1.5396921259861434,4.513172353037174,-4.028693478421563,-50.71213493236818,76.56519034116519,1
846,2024-09-27 22:22:31.090706944,0,022,-1.3526864729845274,1.6914222376372032,-5.235563158116463,-1.5518126960351228,4.5251724870450785,-3.959955014613677,-47.594655428630496,75.03668244046686,1
847,2024-09-27 22:22:31.166094848,0,022,-1.3790773201110862,1.698700095635064,-5.218597687429702,-1.5721078018486563,4.547996900884814,-3.8661055373534197,-44.55263625711839,73.58828866954005,1
848,2024-09-27 22:22:31.233556224,0,022,-1.4075184248491714,1.7076417347314505,-5.163218315618814,-1.5985978843073476,4.571700129412651,-3.7481935154774266,-41.68405090465692,72.2824798894667,1
849,2024-09-27 22:22:31.301447936,0,022,-1.4376321994104364,1.7186244175821586,-5.076061276102469,-1.6303734546527908,4.5839070793541685,-3.608279561665608,-39.07922670211629,71.18956575769197,1
850,2024-09-27 22:22:31.368999936,0,022,-1.4686897521204472,1.7319210926518958,-4.962911552476554,-1.6672883569082007,4.571445492633044,-3.449569485186768,-36.81812313172057,70.38172078323821,1
851,2024-09-27 22:22:31.427737088,0,022,-1.4997271250593183,1.7476741160600988,-4.828265182737381,-1.7096493506725587,4.522280815525859,-3.276185489597844,-34.96572952237127,69.92425596864572,1
852,2024-09-27 22:22:31.503896064,0,022,-1.5296958426420115,1.765867067939255,-4.674900630271756,-1.7580229213570335,4.4273638506189466,-3.0926742887307013,-33.566637091859654,69.86665272020315,1
853,2024-09-27 22:22:32.444610048,0,022,-1.557621385694843,1.7862951028574379,-4.503610501104297,-1.8131296269271433,4.281761315739969,-2.903385308102636,-32.63931807626676,70.23516371848714,1
854,2024-09-27 22:22:32.514386944,0,022,-1.5827275663310367,1.8085452940484956,-4.313298341551487,-1.8757381287632326,4.084800071946531,-2.711919421472288,-32.17125181056667,71.0280465133697,1
855,2024-09-27 22:22:32.582001920,0,022,-1.6044816822671453,1.831991574807352,-4.101507459482496,-1.9465038989604986,3.8396491431500186,-2.5209093445970936,-32.11725137227563,72.21431664290913,1
856,2024-09-27 22:22:32.649773056,0,022,-1.6225451770376134,1.8558033938442733,-3.8652747038236015,-2.025734553926655,3.5529340216953336,-2.3322732966956243,-32.40249038597775,73.73569759999155,1
857,2024-09-27 22:22:32.716854016,0,022,-1.6366637865733158,1.8789650423677793,-3.6021323611188736,-2.113109565949939,3.2345093750136455,-2.147771292317831,-32.929672319420824,75.50998509380494,1
858,2024-09-27 22:22:32.770454784,0,022,-1.6465559041245672,1.900293718042399,-3.3110972239783414,-2.207433242176942,2.897078463002452,-1.9694661777899316,-33.589132649965364,77.43457760653176,1
859,2024-09-27 22:22:32.848622080,0,022,-1.6518399489320719,1.9184458201687007,-2.993540185723283,-2.306465573695104,2.555360331920259,-1.799807231739251,-34.27059553453932,79.39032756104024,1
860,2024-09-27 22:22:33.782899968,0,022,-1.6519999852631917,1.9319211648559507,-2.6538458438256516,-2.40681008958871,2.2248239004826735,-1.6413905166694003,-34.874661774229914,81.24637702109504,1
861,2024-09-27 22:22:33.864478976,0,022,-1.6463698807885676,1.9390902400877346,-2.2996819024046853,-2.5038813638441484,1.9202146434486844,-1.496633482522625,-35.32208669317048,82.86652252528545,1
862,2024-09-27 22:22:33.929230080,0,022,-1.6341373027372739,1.9382617284776966,-1.941669526122242,-2.5920469838958913,1.6539938719091156,-1.367509981529019,-35.5593426772479,84.11665518565349,1
863,2024-09-27 22:22:33.999823872,0,022,-1.614387622963842,1.9277832343870767,-1.59247134436711,-2.6649930278451683,1.434714860970069,-1.255349515615516,-35.558949472215616,84.87144641066202,1
864,2024-09-27 22:22:34.060171008,0,022,-1.5861969170015222,1.906151369717592,-1.265632980848764,-2.7162400367572976,1.265570836573419,-1.1606659576128768,-35.31405427417389,85.0188199182615,1
865,2024-09-27 22:22:34.121758976,0,022,-1.5487560624065282,1.8721098633461806,-0.9745619903346495,-2.739664533611476,1.14359918831106,-1.0829944949966188,-34.82947971855035,84.46274612301312,1
866,2024-09-27 22:22:34.199415040,0,022,-1.5014871273327768,1.8247262638522759,-0.7317052470507157,-2.7299297155520343,1.0600065090910413,-1.0207601263925226,-34.11345629668634,83.12633266349948,1
867,2024-09-27 22:22:35.139802880,0,022,-1.4441204371288063,1.763451581772492,-0.5476642010509983,-2.682852589058555,1.0017785682770075,-0.9712685007105872,-33.173356234262464,80.95708735918879,1
868,2024-09-27 22:22:35.201330688,0,022,-1.37672859159142,1.6881755977413089,-0.43006413953216915,-2.5957910858891724,0.954189546503454,-0.9309103535988424,-32.015927710385824,77.93455513191468,1
869,2024-09-27 22:22:35.278256128,0,022,-1.299734563250124,1.5992850111526071,-0.3823804809499824,-2.4680492962175333,0.903394484367228,-0.8956019823014574,-30.65007347710568,74.0777954043239,1
870,2024-09-27 22:22:35.340292864,0,022,-1.2139169556850582,1.4977206745890426,-0.4031790391855966,-2.301184636988586,0.8384953538403198,-0.8614068473295758,-29.08963201729604,69.44874588764293,1
871,2024-09-27 22:22:35.417089792,0,022,-1.120428226482328,1.3850222558256096,-0.4860378515897017,-2.099117566422698,0.7529928688176356,-0.8251953293872917,-27.35509284816836,64.14956496290455,1
872,2024-09-27 22:22:35.485160192,0,022,-1.02081647788685,1.26333676910811,-0.620031707625274,-1.868049656296461,0.645644978853092,-0.7851415240756202,-25.474674184608457,58.31558578903238,1
873,2024-09-27 22:22:35.541243904,0,022,-0.9170143740088325,1.1353601846173726,-0.7905767031541909,-1.6162032320780708,0.520541145298158,-0.7409005774699254,-23.4847474547848,52.10667709905526,1
874,2024-09-27 22:22:36.496879104,0,022,-0.8112631901454701,1.0041981763927428,-0.9805811437073572,-1.3533243377992648,0.38622029163063953,-0.6934322907269255,-21.42860132399475,45.698329904800644,1
