,time,MARKER,pid,L_O_DSI,L_D_DSI,L_O_DSphi,L_D_DSphi,R_O_DSI,R_D_DSI,R_O_DSphi,R_D_DSphi,trial_id
0,2024-09-28 16:59:53.462173184,TASK_BEGIN,023,0.24910787936192672,0.2206235662493163,3.4454494388987986,-1.75125385461281,0.10908428743160702,-0.07983190934249587,-1.8261336493798188,0.4463426621509473,3
1,2024-09-28 16:59:54.414540032,TASK_BEGIN,023,0.3695565927862694,0.24707982807137113,2.713999566048288,-1.503753070131044,0.3427157454408127,-0.08394438006389465,-1.5328137248200682,0.5372362379765572,3
2,2024-09-28 16:59:54.471164928,TASK_BEGIN,023,0.487456099888416,0.27164556397419976,2.0026701945473313,-1.2616014431225437,0.5709689789976109,-0.08887241235446112,-1.247431036776254,0.6261719877915478,3
3,2024-09-28 16:59:54.550030080,TASK_BEGIN,023,0.5999571496730862,0.29338165462145727,1.3281199481237593,-1.0286683926831046,0.7881756203056814,-0.0948708280590374,-0.9755956856787344,0.713249043120139,3
4,2024-09-28 16:59:54.617626880,TASK_BEGIN,023,0.7047509808944599,0.3114113761586511,0.704391609500033,-0.8082705711672276,0.9891151554740119,-0.10204050413350822,-0.7223359511049096,0.7985373375116533,3
5,2024-09-28 16:59:54.685499136,TASK_BEGIN,023,0.8002214744393098,0.32497041261500115,0.1424161514057738,-0.603136147166611,1.1691478513180278,-0.1102864474447858,-0.4919054934886627,0.8819237478737598,3
6,2024-09-28 16:59:54.753249024,TASK_BEGIN,023,0.8854919014241772,0.33347664691654194,-0.3500416559552145,-0.4154759847669071,1.3243157035087598,-0.11930521413810484,-0.28788063106046635,0.9630169306466106,3
7,2024-09-28 16:59:54.820930816,TASK_BEGIN,023,0.9603849211746597,0.3365968737745635,-0.7682471992821611,-0.24706365329561922,1.4514453856530611,-0.12860448928190865,-0.11348113054325175,1.0411496593463232,3
8,2024-09-28 16:59:55.762693888,TASK_BEGIN,023,1.0253294942540212,0.3342906646912797,-1.1103838967521806,-0.0992389218447617,1.5482454785284587,-0.13754485602342031,0.02820616409025302,1.115445440782137,3
9,2024-09-28 16:59:55.829971968,TASK_BEGIN,023,1.0812331419152077,0.32682475842103464,-1.3774812605313238,0.027154958706350166,1.6133612063748874,-0.14538527792381553,0.13432380381328132,1.1849051808625601,3
10,2024-09-28 16:59:55.898056192,TASK_BEGIN,023,1.1293274190485592,0.3147600740097801,-1.5732721066029152,0.13186226600327883,1.6463764257715843,-0.15132132458760855,0.20261052073432956,1.24849761568575,3
11,2024-09-28 16:59:55.953578752,TASK_BEGIN,023,1.1710081007784663,0.29891223883834234,-1.703891335564358,0.2153303607571027,1.6477835563215228,-0.15451797207645956,0.23181344311410937,1.305249765463768,3
12,2024-09-28 16:59:56.034032128,TASK_BEGIN,023,1.2076934160435668,0.2802915727868865,-1.7773477232133896,0.2788171237226217,1.618930603059801,-0.1541429271867417,0.22193846121363414,1.3543291178739687,3
13,2024-09-28 16:59:56.097572096,TASK_BEGIN,023,1.2407033421462283,0.2600376628338378,-1.802725027797889,0.3244059779872017,1.5619451538267268,-0.14940677424084417,0.1743282059528012,1.395106005109733,3
14,2024-09-28 16:59:56.169594880,TASK_BEGIN,023,1.2711509115667057,0.23935898176649056,-1.7892430679120974,0.35487558527511814,1.4796489432519102,-0.1396149731665791,0.09169605046276681,1.427197148527432,3
15,2024-09-28 16:59:57.076487936,TASK_BEGIN,023,1.2998438856539392,0.2194753611602267,-1.7454546331892065,0.3734456040033891,1.3754651216582412,-0.12422924524152051,-0.02186736907038019,1.4505149988566013,3
16,2024-09-28 16:59:57.155378176,TASK_BEGIN,023,1.3272050558126711,0.2015600790243408,-1.6787409661745585,0.3834546317835388,1.253286137527397,-0.10292683969167951,-0.16100627400537626,1.4653296321927158,3
17,2024-09-28 16:59:57.223087104,TASK_BEGIN,023,1.35322247548542,0.1866868494234182,-1.5950918145885726,0.38802412470322223,1.1172781232046012,-0.0756443356077394,-0.3193326314673652,1.4722954195584441,3
18,2024-09-28 16:59:57.278168832,TASK_BEGIN,023,1.3774488791042436,0.1757861974063963,-1.4991233696627204,0.3897542430704963,0.971658481711511,-0.042601170201014144,-0.48970491746485567,1.472395988568554,3
19,2024-09-28 16:59:57.358679808,TASK_BEGIN,023,1.3990783817988186,0.1696042179142379,-1.3942761458970934,0.3904939666405394,0.8205216488241631,-0.004308090963332572,-0.6645150263092945,1.4668172043434577,3
20,2024-09-28 16:59:57.426437888,TASK_BEGIN,023,1.4171073598446553,0.16865394122144342,-1.2830817269106052,0.391221832017419,0.6677488159798702,0.03843619754823877,-0.8360373330038859,1.4567890720661434,3
21,2024-09-28 16:59:57.491246080,TASK_BEGIN,023,1.430541974966335,0.1731622155132641,-1.167400302642185,0.3920631293835702,0.5169691461844308,0.0845663350401323,-0.996940812227781,1.4434295999647142,3
22,2024-09-28 16:59:58.434039040,TASK_BEGIN,023,1.4385972479940157,0.18303062099736123,-1.0486220325918292,0.3924642750646177,0.3715234531887106,0.13279719683075367,-1.1409014474190349,1.4276055868648228,3
23,2024-09-28 16:59:58.498491904,TASK_BEGIN,023,1.440851190505423,0.1978347864623371,-0.9279056787637611,0.39151213301804616,0.23441801268412096,0.18169611393628993,-1.2630595188165703,1.4098305648308365,3
24,2024-09-28 16:59:58.572491008,TASK_BEGIN,023,1.4373372882112563,0.21687358121032224,-0.8065096107729496,0.38830333802930284,0.10828435579631729,0.22977285872267098,-1.36018207471154,1.3902374545433773,3
25,2024-09-28 16:59:58.635147008,TASK_BEGIN,023,1.428569357473089,0.23925300438031769,-0.6861534466306806,0.3822303621691579,-0.00464701286020881,0.2755765010739202,-1.430637543216953,1.3686350242530494,3
26,2024-09-28 16:59:58.708243968,TASK_BEGIN,023,1.415507097325602,0.26397441777970765,-0.5692581052693477,0.3731120276821029,-0.10256880380816209,0.31778482655528045,-1.4743053841515996,1.3446061037797021,3
27,2024-09-28 16:59:58.775949056,TASK_BEGIN,023,1.3994828864683246,0.290005920483548,-0.4589313467404265,0.3611680574122865,-0.18412999443506303,0.3552714147220201,-1.4923976340642284,1.3176007707379815,3
28,2024-09-28 16:59:58.836424960,TASK_BEGIN,023,1.3821039940095075,0.31633440003926633,-0.35867247230926985,0.3468703835439877,-0.24848544022275684,0.3871449991008816,-1.4871682141504818,1.287012089530452,3
29,2024-09-28 16:59:59.774895104,TASK_BEGIN,023,1.3651252744785762,0.3420078297449197,-0.2719332912485533,0.3307280413908597,-0.2953495436847473,0.41276975683959466,-1.4616548187212322,1.2522590926814503,3
30,2024-09-28 16:59:59.852526848,TASK_BEGIN,023,1.3502838268632804,0.36617771731382187,-0.20179042905811131,0.3130762065062022,-0.32503284655179404,0.4317797928127137,-1.4196572784615122,1.2129179367792413,3
31,2024-09-28 16:59:59.923528704,TASK_BEGIN,023,1.339110399626674,0.3881425601359853,-0.15087626800905204,0.2939306349598552,-0.3384512398091652,0.4440932160082542,-1.3659341117512855,1.1689030818431958,3
32,2024-09-28 16:59:59.975877888,TASK_BEGIN,023,1.3327582141251064,0.40738358864024476,-0.12144130858571066,0.27294505631435095,-0.337102011114737,0.4499181817845287,-1.3062582014309558,1.1206175016363227,3
33,2024-09-28 17:00:00.053986048,TASK_BEGIN,023,1.3318925994580644,0.4235816806361366,-0.11531518797648306,0.24947671344250447,-0.3229841019053433,0.44973288881955625,-1.246926336149072,1.068966461433384,3
34,2024-09-28 17:00:00.116579072,TASK_BEGIN,023,1.3366636898114148,0.43660887081123606,-0.1336894517347314,0.2227291620263545,-0.2984362396890249,0.44422448118892127,-1.193760499140011,1.0152236841873346,3
35,2024-09-28 17:00:00.193768192,TASK_BEGIN,023,1.346752425375048,0.4464969971445529,-0.17681528652090947,0.19192249250362722,-0.2659029566016242,0.4341935937927579,-1.1511073504614888,0.9608390210728246,3
36,2024-09-28 17:00:01.112308224,TASK_BEGIN,023,1.3614588885915808,0.45339568321687035,-0.24376545792355914,0.15646097279383547,-0.22768214246568572,0.4204536767069892,-1.121298486857624,0.907269827765647,3
37,2024-09-28 17:00:01.169856000,TASK_BEGIN,023,1.3798064372982717,0.4575339732273655,-0.33236515801117583,0.11609122935101487,-0.1857117501408562,0.40375461065917717,-1.1046588904877788,0.8558747113170044,3
38,2024-09-28 17:00:01.247836160,TASK_BEGIN,023,1.4006475599278712,0.45919241267283856,-0.43928072232894905,0.0710176688203501,-0.14142509707838094,0.3847423717166621,-1.0999000571481692,0.8078863076666867,3
39,2024-09-28 17:00:01.312602112,TASK_BEGIN,023,1.4227558715287603,0.4586846355820585,-0.5602262105583465,0.021916888970359632,-0.09568720822772042,0.36394865207681165,-1.1046467444747468,0.7644226871910519,3
40,2024-09-28 17:00:01.383305216,TASK_BEGIN,023,1.4448881916234557,0.45634684290512506,-0.6903317817083521,-0.030157917090291808,-0.048823489946972116,0.3417969183528028,-1.115826987950034,0.7264543630318483,3
41,2024-09-28 17:00:01.448457984,TASK_BEGIN,023,1.4658251553904398,0.45253261235560566,-0.8246811462536402,-0.08392258954093319,-0.000731776841289726,0.3186139456382869,-1.1297915246159569,0.6947134025807348,3
42,2024-09-28 17:00:01.518803968,TASK_BEGIN,023,1.484423645051147,0.4476045656404212,-0.9588466978194173,-0.13799685513923424,0.048974988213296225,0.29463979809652197,-1.142289380051516,0.6696218744601196,3
43,2024-09-28 17:00:02.462132736,TASK_BEGIN,023,1.4996983104189385,0.44191556444209673,-1.0891821875056287,-0.19101948087782802,0.10086663749320053,0.2700323486797538,-1.1485638206726432,0.6512904077898327,3
44,2024-09-28 17:00:02.530054144,TASK_BEGIN,023,1.5109125760608793,0.4357838090066,-1.212758921932885,-0.24176361055865497,0.15565741608082811,0.24487126001472143,-1.1437082967455914,0.6395412625154698,3
45,2024-09-28 17:00:02.597837824,TASK_BEGIN,023,1.5176452749772253,0.4294726617110562,-1.3270204942581703,-0.28924851897771275,0.21417904126180917,0.21917372930893061,-1.123163509789671,0.6338907687232478,3
46,2024-09-28 17:00:02.664881152,TASK_BEGIN,023,1.5198089625922524,0.42317962727779374,-1.4293765764893869,-0.33281206061986396,0.27729868112427086,0.1929254348957476,-1.0830895579311701,0.6335021537247206,3
47,2024-09-28 17:00:02.733239040,TASK_BEGIN,023,1.517618163333541,0.41703055940291284,-1.5169903307694121,-0.3721168513105503,0.34577866088613585,0.16611486952193136,-1.0204336707622295,0.6371593120171228,3
48,2024-09-28 17:00:02.800954112,TASK_BEGIN,023,1.5115266557644782,0.41107610016455803,-1.586888713202969,-0.40710007793817,0.4201274804310324,0.13876119870783052,-0.9327760877026291,0.643276362836511,3
49,2024-09-28 17:00:02.855787008,TASK_BEGIN,023,1.5021492093816842,0.40529539882051513,-1.6363294591057311,-0.43789659343491844,0.5004723582203395,0.11093939401144998,-0.8182740889732482,0.649960655426076,3
50,2024-09-28 17:00:03.807483904,TASK_BEGIN,023,1.490164717059853,0.3996156535642064,-1.6632395914382454,-0.4647554462993054,0.58644810016339,0.0828050007298788,-0.6759655327409236,0.6551850898941408,3
51,2024-09-28 17:00:03.878875904,TASK_BEGIN,023,1.4761999448254968,0.39394970695335724,-1.6665269374858063,-0.48795537901737757,0.6771112395639765,0.05460732162294493,-0.5063636476635499,0.6570836857360227,3
52,2024-09-28 17:00:03.946642944,TASK_BEGIN,023,1.4607159245888373,0.38824351722730227,-1.6461489316533437,-0.5077218403593436,0.7709175739847094,0.026680625742965036,-0.3120352789336089,0.6542914642659331,3
53,2024-09-28 17:00:04.007648000,TASK_BEGIN,023,1.443933666807983,0.38251704055038027,-1.6030055348796877,-0.5241492521376961,0.8657922441749984,-0.0005821011961019403,-0.09789613959044806,0.6462247744104191,3
54,2024-09-28 17:00:04.070136064,TASK_BEGIN,023,1.4258291066047764,0.3768803389921583,-1.538834084186837,-0.5371433939604314,0.9592838708734022,-0.026760573234983952,0.12882461658439012,0.6332467388591586,3
55,2024-09-28 17:00:04.147580928,TASK_BEGIN,023,1.4062054055468707,0.3715158901912425,-1.4561512259296423,-0.546424159524277,1.0487614547491542,-0.05143439971275475,0.3588464775960035,0.6167019631903496,3
56,2024-09-28 17:00:04.217638912,TASK_BEGIN,023,1.3848231774682722,0.3666342757114972,-1.3581443134625526,-0.5516192011910929,1.1316139777995875,-0.07420221976187158,0.5813247233053533,0.598802600649278,3
57,2024-09-28 17:00:05.163796992,TASK_BEGIN,023,1.361544079898824,0.3624205275612368,-1.2484957725529024,-0.552420093111624,1.2054437687036732,-0.09469547514543966,0.784708945198429,0.5823522047528308,3
58,2024-09-28 17:00:05.231529984,TASK_BEGIN,023,1.3364418339781228,0.3589859562884436,-1.1311946353663405,-0.548734904898061,1.2682528541751505,-0.11259347007822589,0.9579435742057871,0.5703486577965777,3
59,2024-09-28 17:00:05.300102912,TASK_BEGIN,023,1.3098658040758535,0.35633383437625016,-1.0103288173779361,-0.5407747796687337,1.3185983617010884,-0.1276413066504242,1.09161881793993,0.5655633615711466,3
60,2024-09-28 17:00:05.367830016,TASK_BEGIN,023,1.28246637316479,0.3543455131096454,-0.8898925529796967,-0.5290330346973138,1.3556966745681192,-0.13966442413973615,1.1786361277102535,0.5701758015531936,3
61,2024-09-28 17:00:05.425261056,TASK_BEGIN,023,1.2551814955861915,0.3527924884148442,-0.7737367783491789,-0.5141679509556206,1.3794883868889578,-0.14857536128926188,1.2142705799360352,0.5855153647736316,3
62,2024-09-28 17:00:05.487799808,TASK_BEGIN,023,1.229174598708331,0.3513712179228375,-0.6656964286590373,-0.49685674563922755,1.3906789588110222,-0.15437667711578246,1.195788759078684,0.6119887171914751,3
63,2024-09-28 17:00:05.570092032,TASK_BEGIN,023,1.2057327950778767,0.3497456159731221,-0.5697460664350037,-0.4776915880529414,1.3907405562124373,-0.15716717995961818,1.1219040277150845,0.6492265513832394,3
64,2024-09-28 17:00:06.512482048,TASK_BEGIN,023,1.1861531582317875,0.3475835851221407,-0.48998472989124797,-0.45715291483375736,1.3818432818571222,-0.15715432371819343,0.9924553462023056,0.6963292931990431,3
65,2024-09-28 17:00:06.580365056,TASK_BEGIN,023,1.1716352599479714,0.3445887399990642,-0.43037752136900187,-0.4356461808128067,1.3666926863961169,-0.15466506801045946,0.8086770385709781,0.7520166238043893,3
66,2024-09-28 17:00:06.636703232,TASK_BEGIN,023,1.163179640639221,0.3405354213241308,-0.39437840694934573,-0.4135381995578104,1.3482791777919059,-0.15013987874888207,0.5740827871453899,0.8146053207441368,3
67,2024-09-28 17:00:06.715828736,TASK_BEGIN,023,1.161494522492024,0.335306198137308,-0.3846021313515915,-0.391139218965873,1.3295836035296673,-0.14410365881944381,0.2954675992547689,0.8819287481007773,3
68,2024-09-28 17:00:06.783610112,TASK_BEGIN,023,1.1669295707426237,0.3289196765791903,-0.40255616469914807,-0.3686610016968367,1.313300274042372,-0.13712298381476754,-0.016670054895769254,0.9513582930147565,3
69,2024-09-28 17:00:06.851360000,TASK_BEGIN,023,1.179458989653078,0.32153391958890154,-0.4483665261727332,-0.34621633878307195,1.3016188424293822,-0.12976245860549457,-0.34867108088564047,1.0199639156838067,3
70,2024-09-28 17:00:06.918289152,TASK_BEGIN,023,1.1987162423035702,0.31341965836573327,-0.5205619699713436,-0.32384731737059486,1.2960764531918503,-0.12254943902205037,-0.6851110898772188,1.08474048373032,3
71,2024-09-28 17:00:07.837325312,TASK_BEGIN,023,1.2240550976017794,0.30491224550452173,-0.6160715571473264,-0.3015111368191445,1.297476782745725,-0.11595338676567205,-1.010553967525802,1.1428214635510396,3
72,2024-09-28 17:00:07.899860992,TASK_BEGIN,023,1.2546077590307885,0.29635993861846577,-0.7304858522306129,-0.27900753736458916,1.305874693691561,-0.11038091642583542,-1.3110299488830235,1.1916316603838326,3
73,2024-09-28 17:00:07.972856832,TASK_BEGIN,023,1.289333276545183,0.28808394687435535,-0.8584926725544995,-0.2559152092448226,1.3206346974064642,-0.10618293090852937,-1.5748524849665826,1.2289745346470713,3
74,2024-09-28 17:00:08.040604928,TASK_BEGIN,023,1.3270635590409474,0.28035686537766247,-0.9943500313589719,-0.23162496480024236,1.3405730735085475,-0.10366802095985306,-1.7928772239393858,1.2531082882145852,3
75,2024-09-28 17:00:08.108357888,TASK_BEGIN,023,1.3665493581662127,0.273395375870949,-1.1322528089318085,-0.20550984244906342,1.364172387846901,-0.10311342202352657,-1.9585220100422114,1.2628590912551463,3
76,2024-09-28 17:00:08.168739072,TASK_BEGIN,023,1.4065021303026293,0.2673592776430284,-1.2664990431349832,-0.17719126850365,1.389821233008066,-0.1047662713680147,-2.067653540402016,1.257738144444576,3
77,2024-09-28 17:00:08.243847936,TASK_BEGIN,023,1.4456223096058702,0.26235685987052787,-1.3915142576071422,-0.1467894412990072,1.4160208181549074,-0.10883649365224649,-2.1182972125767985,1.2379888561986976,3
78,2024-09-28 17:00:09.187290112,TASK_BEGIN,023,1.4826108657670534,0.25846131529983357,-1.501932142285198,-0.11502528282472228,1.4415268304654545,-0.11548531990848265,-2.11032009764303,1.2045441750055181,3
79,2024-09-28 17:00:09.254935040,TASK_BEGIN,023,1.5161915350885733,0.25572966342832765,-1.592886719139084,-0.08311623722182371,1.4654171802552767,-0.12480629076023009,-2.045356934161724,1.158928038056272,3
80,2024-09-28 17:00:09.320998912,TASK_BEGIN,023,1.5451888143094614,0.2542027296612655,-1.6604548454155812,-0.05254884634932153,1.4870790849640978,-0.13679619556831402,-1.9270055483630395,1.1031128831103516,3
81,2024-09-28 17:00:09.390608128,TASK_BEGIN,023,1.5686771000379387,0.2538767793610041,-1.7020234460844619,-0.024869117706195765,1.5061312994192124,-0.15132533542164825,-1.7610594699941988,1.039324854444091,3
82,2024-09-28 17:00:09.458355968,TASK_BEGIN,023,1.586164753430557,0.25466061594646533,-1.7164252690307886,-0.0015552669597748681,1.522335774674146,-0.168121278962594,-1.5555933370551076,0.9698537379871194,3
83,2024-09-28 17:00:09.526103040,TASK_BEGIN,023,1.5977408600906644,0.25634064835504594,-1.703867998232875,0.016045956230167444,1.5355530689389576,-0.18677262462973943,-1.3208750711131818,0.8969721073313041,3
84,2024-09-28 17:00:09.593816064,TASK_BEGIN,023,1.6041136659862116,0.2585703920264591,-1.6657569215055363,0.026759261827319133,1.5457505441996484,-0.20675142384921458,-1.0690649334000124,0.8229798962407733,3
85,2024-09-28 17:00:10.538013952,TASK_BEGIN,023,1.6065153664419616,0.26088901454511143,-1.6044897003377532,0.029643312378701967,1.553032762883708,-0.22745045218400883,-0.8135554267999041,0.7502674815643675,3
86,2024-09-28 17:00:10.605787136,TASK_BEGIN,023,1.6065073215759575,0.2627623340913854,-1.5232685948797364,0.02410474602475544,1.5576619876683506,-0.24823011492405342,-0.5678686095484419,0.6812906108377966,3
87,2024-09-28 17:00:10.673544960,TASK_BEGIN,023,1.6057466629290014,0.2636358650875735,-1.4259344187838718,0.010029825279380646,1.5600570226883783,-0.2684677263870064,-0.3443081807833794,0.6184569687132482,3
88,2024-09-28 17:00:10.741297152,TASK_BEGIN,023,1.6057611737612896,0.26299158798366895,-1.316824748119857,-0.012123719138280118,1.560767335729589,-0.2876020736446462,-0.15278079927251573,0.5639938364584909,3
89,2024-09-28 17:00:10.802819072,TASK_BEGIN,023,1.6077531696288379,0.26040230569862227,-1.200694270020489,-0.04128718841397249,1.5604141780750056,-0.3051672766851245,-9.913166351343617e-05,0.5198369561024698,3
90,2024-09-28 17:00:10.876790016,TASK_BEGIN,023,1.6124453352190202,0.2555788122996646,-1.0826655473335962,-0.07580217984208637,1.5596003408892014,-0.32080997912887266,0.11019089177549267,0.48754148748812126,3
91,2024-09-28 17:00:10.944572928,TASK_BEGIN,023,1.6199927815194677,0.24840443164457227,-0.9680493282474598,-0.11354708161097404,1.5588203390927768,-0.3342887109084144,0.17759088610609247,0.46823110599411694,3
92,2024-09-28 17:00:11.862301952,TASK_BEGIN,023,1.629983539544201,0.23894947858989082,-0.8619425812000907,-0.15217385537141387,1.5584169400578958,-0.3454632099711523,0.20421032217516216,0.46261105786450507,3
93,2024-09-28 17:00:11.930718976,TASK_BEGIN,023,1.6415224021053352,0.22746154494260223,-0.7687381608653352,-0.18937925469984304,1.558601485346757,-0.35428184829586173,0.19421436820608734,0.4710353854919211,3
94,2024-09-28 17:00:11.997850880,TASK_BEGIN,023,1.6533717003883408,0.21433589641140355,-0.6917382774201738,-0.2231284180600881,1.5595092601230711,-0.3607669038681272,0.15316581933071488,0.4935825865758872,3
95,2024-09-28 17:00:12.066226944,TASK_BEGIN,023,1.6641212637354699,0.20007532671275455,-0.6329355558073556,-0.2517992071432386,1.5612410154947234,-0.36499410590763115,0.08727901804732648,0.5300840006139863,3
96,2024-09-28 17:00:12.133395968,TASK_BEGIN,023,1.6723615291521163,0.18524920234741168,-0.5929829673524389,-0.27423322598777244,1.5638605175783413,-0.36706771451001263,0.0027287974108328047,0.5800618053693458,3
97,2024-09-28 17:00:12.201680896,TASK_BEGIN,023,1.6768295176128512,0.17046043767593755,-0.5714290218761825,-0.2896623401677835,1.5673584181929763,-0.36709777877552235,-0.09483159370278789,0.6425892232210377,3
98,2024-09-28 17:00:12.269405952,TASK_BEGIN,023,1.6764941402546614,0.15632636817126525,-0.5672126714946201,-0.2975108776479376,1.5716237055879547,-0.3651892885603695,-0.20051000570506386,0.7161586200030278,3
99,2024-09-28 17:00:13.213284864,TASK_BEGIN,023,1.6705680702364956,0.14347238131898563,-0.5792280317888123,-0.2971620269177558,1.5764625074905076,-0.36145277507258816,-0.31016227961584136,0.7986448312043799,3
100,2024-09-28 17:00:13.280391936,TASK_BEGIN,023,1.6584846144867915,0.13252377283224334,-0.6067486612859244,-0.2878076741160127,1.581675151929159,-0.3560379567504653,-0.4200905224243591,0.887367951908125,3
101,2024-09-28 17:00:13.346605056,TASK_BEGIN,023,1.6399052551988413,0.1240722051754783,-0.6496463227471138,-0.2684332850476727,1.5871630445835347,-0.3491776956013474,-0.5265245231116465,0.9791881075821599,3
102,2024-09-28 17:00:13.416532992,TASK_BEGIN,023,1.614779495983895,0.11860869514977095,-0.7084071741782676,-0.23792908365455523,1.5930050654403083,-0.3412190116711437,-0.6251143979169731,1.0705838437444548,3
103,2024-09-28 17:00:13.484318976,TASK_BEGIN,023,1.5834097008556924,0.11644847509706413,-0.7838958210434567,-0.1953138299368094,1.5994471861425874,-0.332620059976717,-0.7107058819711519,1.1577445273289368,3
104,2024-09-28 17:00:13.547419904,TASK_BEGIN,023,1.5464557370046843,0.11768727209549971,-0.8768451715889356,-0.1400410403344379,1.6067992070004897,-0.3239091022498355,-0.7775504952523807,1.2367363897048904,3
105,2024-09-28 17:00:13.619823104,TASK_BEGIN,023,1.504855968684681,0.12220712628241844,-0.9871901595068272,-0.07232296640820343,1.6152875804930324,-0.31562290372644,-0.8198640586711737,1.3037337935287983,3
106,2024-09-28 17:00:14.563309824,TASK_BEGIN,023,1.4596971546630901,0.12971713375425664,-1.1134296406232693,0.006599503602474887,1.6249252658427873,-0.30824798255450486,-0.8324551843085752,1.3552398938971482,3
107,2024-09-28 17:00:14.620528128,TASK_BEGIN,023,1.4120914014375971,0.1398011321240588,-1.2521735500357387,0.09431261266604733,1.6354339062170236,-0.3021765899895336,-0.8111713921893546,1.3882517698385413,3
108,2024-09-28 17:00:14.698844928,TASK_BEGIN,023,1.3630968238134455,0.15195690212160096,-1.3980010377365644,0.1872759545837425,1.646228899086718,-0.29767845954526445,-0.7531235799978447,1.4003987077892683,3
109,2024-09-28 17:00:14.766590208,TASK_BEGIN,023,1.3136772749417192,0.16563075932784932,-1.543667236851765,0.281064300742737,1.656473864739611,-0.29488834652649004,-0.6568537503040232,1.3901123282169439,3
110,2024-09-28 17:00:14.834348800,TASK_BEGIN,023,1.2646840146386535,0.1802550263750082,-1.6805661443360485,0.37073677975029334,1.6652097526474683,-0.29381098844181197,-0.5226264354752667,1.3568695026237951,3
111,2024-09-28 17:00:14.902121216,TASK_BEGIN,023,1.2168576586162583,0.19528618486072202,-1.7993396486119575,0.4512555531545699,1.6715395481511623,-0.29434221583241926,-0.35282693264356346,1.3014726026856323,3
112,2024-09-28 17:00:14.969865984,TASK_BEGIN,023,1.1708499666427306,0.21023665619394719,-1.8905963558174776,0.5178962814889589,1.6748108668062724,-0.29629689609705545,-0.1522502451704337,1.2262167977384502,3
113,2024-09-28 17:00:15.913645056,TASK_BEGIN,023,1.1272540439709455,0.22469587220344966,-1.945698653108801,0.5665927101518304,1.6747211705374125,-0.29942734359916845,0.07190913384834328,1.1347807740565343,3
114,2024-09-28 17:00:15.978691840,TASK_BEGIN,023,1.086632551178525,0.23834011648029974,-1.9575089702978814,0.5941844724978536,1.6713035056244898,-0.3034206524935262,0.3103699088588317,1.0318367035986955,3
115,2024-09-28 17:00:16.049220864,TASK_BEGIN,023,1.0495310229409656,0.2509367526422598,-1.920982811499209,0.5985808897128543,1.6648260812356301,-0.30788293247684323,0.5522669269742398,0.9225551393909421,3
116,2024-09-28 17:00:16.110318848,TASK_BEGIN,023,1.016458742628464,0.26235157743482157,-1.8335687482736291,0.5788478509647982,1.6556875200610235,-0.3123342366491955,0.7857757025290497,0.8121925031606655,3
117,2024-09-28 17:00:16.184673024,TASK_BEGIN,023,0.987843370041341,0.2725587095537418,-1.695442319071898,0.5352097680648474,1.644351604131489,-0.3162281273674334,0.9988352050208917,0.7058141413241709,3
118,2024-09-28 17:00:16.252428032,TASK_BEGIN,023,0.9639921229825404,0.2816416922423664,-1.5095374461483198,0.46896705806113387,1.6312960273770363,-0.3189867645747078,1.1798712178284847,0.6081047650488315,3
119,2024-09-28 17:00:16.319605248,TASK_BEGIN,023,0.9450772651724157,0.2897776230180743,-1.281222577241217,0.38232733086137827,1.6169467472391061,-0.3200373553246962,1.318425165863323,0.523217074647935,3
120,2024-09-28 17:00:17.255259136,TASK_BEGIN,023,0.9311361998214109,0.2972054785046224,-1.017595447353958,0.2781610572149915,1.6016170388960012,-0.31884780060609635,1.405730794308284,0.4546329854089816,3
121,2024-09-28 17:00:17.330541056,TASK_BEGIN,023,0.9220813970059267,0.3041841897352894,-0.7266829596527704,0.15974038837527815,1.5854856601205052,-0.31496570025749676,1.4352518687389386,0.4050510768600705,3
122,2024-09-28 17:00:17.398235136,TASK_BEGIN,023,0.9177345331254536,0.3109468039959011,-0.41691125324852446,0.030550193821350283,1.5686185254085734,-0.3080604327232674,1.4030521166677952,0.3763578554604485,3
123,2024-09-28 17:00:17.466376960,TASK_BEGIN,023,0.9178946314866113,0.3176553828615657,-0.09694383093127949,-0.10577331707326428,1.5510108962311706,-0.29796165372011785,1.307967804272298,0.3696895415748331,3
124,2024-09-28 17:00:17.534116864,TASK_BEGIN,023,0.9224206157234882,0.32435918027965954,0.22430616715828464,-0.2454147934000889,1.53263070954224,-0.2846861879240275,1.1517333450807283,0.3854893806458704,3
125,2024-09-28 17:00:17.601872896,TASK_BEGIN,023,0.931285102105409,0.3309631091706043,0.5377183420544913,-0.3843758443217041,1.5134576799210098,-0.2684495587723089,0.9391445235236607,0.42346662041337313,3
126,2024-09-28 17:00:17.669601792,TASK_BEGIN,023,0.9445650269893572,0.33722028915112884,0.8341402720157416,-0.5185711204662545,1.4935219463049123,-0.2496635254638787,0.6782095313732702,0.48245025257932445,3
127,2024-09-28 17:00:18.571778048,TASK_BEGIN,023,0.9623663461802358,0.34275778951719854,1.1046579481814305,-0.6439937173157925,1.472963804702382,-0.22892407227628325,0.3801971257852383,0.5602143882316543,3
128,2024-09-28 17:00:18.649432832,TASK_BEGIN,023,0.9847069376586248,0.3471315094137392,1.3408977139274196,-0.7568798046577143,1.452133832610744,-0.20699333313416812,0.05936937155807859,0.6534139397135525,3
129,2024-09-28 17:00:18.711918336,TASK_BEGIN,023,1.011398294755024,0.34989716481147815,1.5352996685065798,-0.8538532914642865,1.4316969568585112,-0.18477113032745243,-0.26790675582647155,0.7577432638460689,3
130,2024-09-28 17:00:18.774403072,TASK_BEGIN,023,1.0419687606894195,0.35068011498163,1.6813136087175553,-0.9320641790170395,1.4126572474507229,-0.16324355281969952,-0.5847014634205687,0.868287845486645,3
131,2024-09-28 17:00:18.857649920,TASK_BEGIN,023,1.0756470467916042,0.3492280133129567,1.773544849044691,-0.9893187270052575,1.3962597925456188,-0.14340192371847874,-0.8753018355478296,0.9799278879175652,3
132,2024-09-28 17:00:18.913188864,TASK_BEGIN,023,1.1113976850665357,0.3454396285864549,1.8080251519877417,-1.0242112228372242,1.3838149363356413,-0.1261475567507866,-1.1267183516141925,1.0876866794146227,3
133,2024-09-28 17:00:18.993104128,TASK_BEGIN,023,1.1479967343667978,0.3393717604032348,1.782789970473289,-1.0362870439839607,1.3765268133511714,-0.11221337083835059,-1.329694741156364,1.1870074005481437,3
134,2024-09-28 17:00:19.930547200,TASK_BEGIN,023,1.1841357386449678,0.3312284566524313,1.6986664786811356,-1.0262090960021457,1.3753707212316468,-0.10212245764646517,-1.4792280447887565,1.2739663020430503,3
135,2024-09-28 17:00:20.004449024,TASK_BEGIN,023,1.2185319711416187,0.32133882709459827,1.559875079929932,-0.9958191448541289,1.3810191442647264,-0.09617882454286436,-1.5746024625767936,1.3454080064442928,3
136,2024-09-28 17:00:20.072037888,TASK_BEGIN,023,1.2500258423995079,0.3101322394949928,1.374066454233073,-0.9480069437339446,1.393800675681757,-0.09447244666520895,-1.618923787201111,1.3990037909244901,3
137,2024-09-28 17:00:20.139998976,TASK_BEGIN,023,1.2776614972571647,0.29811621634941426,1.1517623167347482,-0.886420121093309,1.413676808997079,-0.09688511405456042,-1.6182539274621444,1.4332760161375901,3
138,2024-09-28 17:00:20.207320064,TASK_BEGIN,023,1.3007542628779891,0.2858540611652961,0.905469570188606,-0.815145430422787,1.4402286463152683,-0.1030955038347846,-1.5805822259792663,1.447636343416564,3
139,2024-09-28 17:00:20.275531008,TASK_BEGIN,023,1.3189477457436325,0.27393472509216865,0.6486495148585062,-0.7384622337689792,1.47264918857657,-0.11258939236404025,-1.5148824730551178,1.4424377778071857,3
140,2024-09-28 17:00:20.332622080,TASK_BEGIN,023,1.3322532224274604,0.2629317915263523,0.3944950371469152,-0.6606535006737339,1.5097391681235544,-0.12467865024069935,-1.430409990135375,1.418986848139922,3
141,2024-09-28 17:00:21.282279168,TASK_BEGIN,023,1.3410437747054624,0.2533586116732417,0.15461178112930576,-0.585813295576419,1.5499213576634088,-0.13853019840840503,-1.3363009407489916,1.3794639643122648,3
142,2024-09-28 17:00:21.355256064,TASK_BEGIN,023,1.345975998153464,0.24563201073043714,-0.06198054807417816,-0.5176460701796021,1.5913014223328728,-0.1532084642034055,-1.2413980101921427,1.3267601111521674,3
143,2024-09-28 17:00:21.421976064,TASK_BEGIN,023,1.3478515863596394,0.2400508293217701,-0.24919323229631252,-0.45928575761051815,1.6317815488169518,-0.16773028871853266,-1.1540426898561325,1.2642815676499282,3
144,2024-09-28 17:00:21.490770944,TASK_BEGIN,023,1.3474629247774712,0.23678739652262068,-0.40362861975339953,-0.4131284083369466,1.6691977225523138,-0.18112243456320495,-1.081574562854789,1.195740699062116,3
145,2024-09-28 17:00:21.546100992,TASK_BEGIN,023,1.3454572586727689,0.2358895314508137,-0.5240811285147917,-0.3806579250300343,1.7014480202104034,-0.19247703204530858,-1.029533973013629,1.1248971401234953,3
146,2024-09-28 17:00:21.626323968,TASK_BEGIN,023,1.3422394705495815,0.23729166421399137,-0.6110881122451839,-0.36228685040981523,1.7266116296951137,-0.2010123065204353,-1.000837337548913,1.0552416358175944,3
147,2024-09-28 17:00:21.685750016,TASK_BEGIN,023,1.3379293635270433,0.24083277637997066,-0.6666400205174463,-0.3572809012354326,1.7430809367962528,-0.20614108912726253,-0.9952768447449549,0.9896928582151497,3
148,2024-09-28 17:00:22.613009920,TASK_BEGIN,023,1.3323698633995167,0.24627957721248497,-0.6939548709324662,-0.36382714142665223,1.7497012895697621,-0.20753112721841865,-1.009583538951013,0.93039570633713,3
149,2024-09-28 17:00:22.670757120,TASK_BEGIN,023,1.3251625612821756,0.25335089437525415,-0.6972086534642691,-0.3792403045789229,1.745871217236993,-0.2051339604243447,-1.038050062118057,0.8786610016391463,3
150,2024-09-28 17:00:22.748571904,TASK_BEGIN,023,1.3157172295129045,0.2617349174546319,-0.681216195845687,-0.4002563395867841,1.7315678185685957,-0.19917183139761152,-1.07346189287364,0.8350372235620445,3
151,2024-09-28 17:00:22.805841152,TASK_BEGIN,023,1.3033259879929446,0.2710948493937337,-0.6510889908604031,-0.42337051975166684,1.7073143074604997,-0.19009136642851002,-1.108055247150355,0.799483549007324,3
152,2024-09-28 17:00:22.883950848,TASK_BEGIN,023,1.2872755156389122,0.281066762350223,-0.6118875124345279,-0.4451823512222299,1.6741297493529055,-0.1785046575475118,-1.13443122637255,0.771609555940574,3
153,2024-09-28 17:00:22.951586816,TASK_BEGIN,023,1.2669886660008844,0.2912561029643649,-0.5683192441744201,-0.4626948422125506,1.6334770569232695,-0.1651364761110372,-1.1465034483478953,0.7509411257793381,3
154,2024-09-28 17:00:23.019591168,TASK_BEGIN,023,1.2421703889559716,0.301236084951943,-0.5245631014444437,-0.4735111990342942,1.5871946111076032,-0.15078196961187337,-1.1404285454044842,0.7371596111519999,3
155,2024-09-28 17:00:23.962522880,TASK_BEGIN,023,1.2129349287154942,0.31054733358306685,-0.4842492746436836,-0.4758899710215962,1.537386660806059,-0.13626579820940204,-1.1152366283728694,0.7302614991437044,3
156,2024-09-28 17:00:24.024866816,TASK_BEGIN,023,1.1798883128875544,0.3187006614442504,-0.45051432279788656,-0.46867209074703975,1.4862642640379822,-0.12239481605537268,-1.0728695169318783,0.7306083382323532,3
157,2024-09-28 17:00:24.097455104,TASK_BEGIN,023,1.1441353013372824,0.325191298914682,-0.4260279741676755,-0.4511516384149999,1.4359648997860963,-0.10990592991494212,-1.017642402660053,0.7388652890187397,3
158,2024-09-28 17:00:24.165703168,TASK_BEGIN,023,1.107203817935188,0.3295312841360537,-0.412986106335612,-0.4229695651039755,1.3883914008434233,-0.09941379624405149,-0.9554445567251099,0.7558461668125133,3
159,2024-09-28 17:00:24.233428992,TASK_BEGIN,023,1.0709115303905514,0.33129767533067134,-0.41309479980590286,-0.38407237022784557,1.345088020067952,-0.09136236712978701,-0.8929421602262243,0.7822917115601881,3
160,2024-09-28 17:00:24.301209856,TASK_BEGIN,023,1.0371954187556816,0.33018873613037075,-0.42748043411368,-0.33474370936757053,1.3071594651013567,-0.08598816692122893,-0.8368180127412481,0.8186121248604147,3
161,2024-09-28 17:00:24.359878912,TASK_BEGIN,023,1.0079075453329347,0.3260791440755393,-0.456446666963801,-0.27570475578614895,1.2752326107368703,-0.08330072231886364,-0.7930496914934013,0.8646351537148145,3
162,2024-09-28 17:00:25.312612096,TASK_BEGIN,023,0.9845930564626031,0.3190627361544636,-0.4991180802658936,-0.20825666383794558,1.2494364172277475,-0.08307493447561162,-0.7663098862283553,0.919413419217098,3
163,2024-09-28 17:00:25.380409856,TASK_BEGIN,023,0.9682933657358372,0.3094699016985097,-0.553120116953359,-0.13438616262413614,1.2293839554039814,-0.08485573983241053,-0.7595211723461739,0.9811439488055942,3
164,2024-09-28 17:00:25.440561152,TASK_BEGIN,023,0.9594169902361434,0.29785346478265173,-0.6144780480346367,-0.0567433275829226,1.2141936453675786,-0.08799323529344706,-0.773546447352249,1.0472434527015115,3
165,2024-09-28 17:00:25.503074048,TASK_BEGIN,023,0.957695646352544,0.2849462628517994,-0.6778912599963932,0.021521223989179043,1.2025999291371514,-0.09171897499242311,-0.8071252361643899,1.1146013939577446,3
166,2024-09-28 17:00:25.583581952,TASK_BEGIN,023,0.9622248873330723,0.27159568360506536,-0.7374299344057018,0.09699772123374345,1.1931521250972785,-0.0952443285738777,-0.8572203930362434,1.179963985506255,3
167,2024-09-28 17:00:25.642781952,TASK_BEGIN,023,0.9715820463965992,0.2586823383610031,-0.787540964773977,0.1663007360742681,1.184453991549041,-0.0978491514455513,-0.919668299845518,1.2403144380208824,3
168,2024-09-28 17:00:25.718643712,TASK_BEGIN,023,0.9840013530504826,0.24703737799393582,-0.8241373508835454,0.22640733664944251,1.1753852323411038,-0.09894189276168772,-0.9897612268994485,1.2931246884189243,3
169,2024-09-28 17:00:26.662002944,TASK_BEGIN,023,0.9975738958230803,0.2373713500965774,-0.8454752608402321,0.275017439073374,1.1652504748391928,-0.09809023534956969,-1.0625613299742596,1.3364817601264678,3
170,2024-09-28 17:00:26.730526976,TASK_BEGIN,023,1.0104518820238921,0.23021703204543248,-0.8525277681291556,0.31083000393672344,1.153820946804094,-0.09503068443940646,-1.1330888064746247,1.3691807380347247,3
171,2024-09-28 17:00:26.791970048,TASK_BEGIN,023,1.0210507778259335,0.22588962547873753,-0.8487493648619846,0.3336446132874806,1.1412749205030197,-0.0896647142553845,-1.1965533153981456,1.3908134925663895,3
172,2024-09-28 17:00:26.865992192,TASK_BEGIN,023,1.0282231142022076,0.2244746829670161,-0.8393529317399786,0.3442683722397376,1.1280857949226875,-0.08204664577617438,-1.2486441280987866,1.4017835098863063,3
173,2024-09-28 17:00:26.933736960,TASK_BEGIN,023,1.0313532850829665,0.22584553125491966,-0.8303130968253221,0.34426180347268803,1.114914124208558,-0.07237084393531798,-1.2858751527981287,1.4031936740504285,3
174,2024-09-28 17:00:26.994663168,TASK_BEGIN,023,1.0303457105527283,0.22969836699909255,-0.8273495223639906,0.33560278110827074,1.1025255090920325,-0.06096456914566923,-1.305985467318839,1.3966395733466421,3
175,2024-09-28 17:00:27.059006208,TASK_BEGIN,023,1.0255285137154093,0.23559659324366264,-0.8351540991476067,0.3203735917418337,1.0917204455861436,-0.04828061659295652,-1.3083168232033229,1.3839831321889238,3
176,2024-09-28 17:00:28.012614912,TASK_BEGIN,023,1.017513752692599,0.24302558614185482,-0.8569873418355106,0.300535611557785,1.0832504845170874,-0.03487416051166483,-1.2940265427811637,1.3671600012786342,3
177,2024-09-28 17:00:28.075315968,TASK_BEGIN,023,1.0070446189588391,0.2514555212843435,-0.8945646073436627,0.27778487773174537,1.0777071212372957,-0.021357078308467288,-1.265983642533287,1.3480236163039172,3
178,2024-09-28 17:00:28.148272896,TASK_BEGIN,023,0.9948555049295471,0.26039964967863666,-0.9481113073828991,0.2534701828780812,1.0754011727447361,-0.008340461054047213,-1.2282861872792572,1.328203650520131,3
179,2024-09-28 17:00:28.215176960,TASK_BEGIN,023,0.9815719336898664,0.2694536500355692,-1.0165587588084393,0.22858328592266844,1.0762683305467877,0.0036196131555927113,-1.1855587664949798,1.3089738092024905,3
180,2024-09-28 17:00:28.277268736,TASK_BEGIN,023,0.9676647732340979,0.2783099550939343,-1.0978515982103743,0.2038191412934234,1.0798201481731469,0.014065692445232215,-1.1423256068043564,1.2911394609822013,3
181,2024-09-28 17:00:28.351516160,TASK_BEGIN,023,0.953446740950768,0.2867530185850548,-1.18926603827064,0.17967657562893835,1.0851468950481453,0.022668305212123416,-1.1026266321945486,1.2749664684658242,3
182,2024-09-28 17:00:28.419271936,TASK_BEGIN,023,0.939085609169253,0.2946478603833831,-1.2876673235530283,0.15657036403385496,1.0909888452631415,0.029235421862883932,-1.0698221477195662,1.2601971049754923,3
183,2024-09-28 17:00:29.330609152,TASK_BEGIN,023,0.924628568145918,0.3019269074805571,-1.3897182200035376,0.1349254567197044,1.0958865865628413,0.033698354354879,-1.0464258902525527,1.246180310548537,3
184,2024-09-28 17:00:29.404039936,TASK_BEGIN,023,0.910042605601221,0.30857338238380866,-1.492080681511901,0.11522509844432748,1.098387078094659,0.03607763938776367,-1.0338520977942571,1.2320672636516488,3
185,2024-09-28 17:00:29.471823104,TASK_BEGIN,023,0.8952431141749384,0.31460911609849335,-1.5916246384981503,0.09801570161944079,1.0972542410683377,0.03643966883634023,-1.0321496950599964,1.2169900685407198,3
186,2024-09-28 17:00:29.531075072,TASK_BEGIN,023,0.8800794897253885,0.32009795295573984,-1.685588130555641,0.08389502187442656,1.0916299314142834,0.03485679610011606,-1.0399389407807593,1.2001920287557286,3
187,2024-09-28 17:00:29.607264768,TASK_BEGIN,023,0.8643075852762695,0.32515690973607964,-1.7716274235243825,0.07349129841621745,1.0811193200599132,0.031376193868755904,-1.0546675296990928,1.1811412440582165,3
188,2024-09-28 17:00:29.674954752,TASK_BEGIN,023,0.8476076575825637,0.32995622311555023,-1.8478180853184796,0.06742303159017643,1.0658194201409594,0.025994382405554895,-1.0731303390702027,1.1596660215478347,3
189,2024-09-28 17:00:29.742701056,TASK_BEGIN,023,0.8296564061753171,0.33470177541373547,-1.9127200245209692,0.0662496870344519,1.0463172618930041,0.018640628121534712,-1.0921096909091959,1.1360862270029524,3
190,2024-09-28 17:00:30.686364928,TASK_BEGIN,023,0.8102132349846232,0.3396054408114976,-1.965473130075063,0.07044263524711006,1.0236464782649193,0.009185129417785548,-1.108936425551535,1.111253407882452,3
191,2024-09-28 17:00:30.746078976,TASK_BEGIN,023,0.7891859764057674,0.34484945183389965,-2.0057585260645743,0.0803692230248132,0.9991778081367929,-0.002518913378821976,-1.1218037835952148,1.0864486447399129,3
192,2024-09-28 17:00:30.821843968,TASK_BEGIN,023,0.7666641846254001,0.35054985654976917,-2.0335540400821603,0.09622360355122689,0.9744568809346805,-0.01657419983437874,-1.1298165118184866,1.0631833977255398,3
193,2024-09-28 17:00:30.887468032,TASK_BEGIN,023,0.7429149975060607,0.35672641016815265,-2.048840247707372,0.11786073336982138,0.9510301851412472,-0.03298276403937133,-1.1329085050203378,1.042998735766135,3
194,2024-09-28 17:00:30.957243904,TASK_BEGIN,023,0.7183415494863262,0.36328954468151925,-2.0514819503749284,0.14460326281000813,0.9302866783411597,-0.05160351116954564,-1.1318020437923022,1.0273328440214067,3
195,2024-09-28 17:00:31.011243776,TASK_BEGIN,023,0.6934200415771891,0.3700526965415898,-2.0413071866566908,0.17514783133916725,0.9133281428267229,-0.07212379663915626,-1.127997017827021,1.0174541253586513,3
196,2024-09-28 17:00:31.088741888,TASK_BEGIN,023,0.6686359967052468,0.3767665706833296,-2.018219025259614,0.207627609122332,0.9008817228666959,-0.09404976577035885,-1.1235611594239219,1.0144063913544195,3
197,2024-09-28 17:00:32.036791040,TASK_BEGIN,023,0.6444234661623117,0.38316151103676616,-1.9822400818468586,0.23980446927636578,0.8932577811388986,-0.11672270564502685,-1.1206369941617862,1.0189482616987855,3
198,2024-09-28 17:00:32.104588800,TASK_BEGIN,023,0.6211044928495935,0.38898599511411586,-1.933527050862004,0.26933703674490694,0.8903377212240263,-0.13936100498022666,-1.1208693455412764,1.0315163049530747,3
199,2024-09-28 17:00:32.172331008,TASK_BEGIN,023,0.5988431255878585,0.3940384439808199,-1.8723924719531588,0.29406273615483225,0.8915740081415752,-0.16111702948557288,-1.1249484828403378,1.052203942059156,3
200,2024-09-28 17:00:32.240087808,TASK_BEGIN,023,0.5776397517431127,0.3981924303618841,-1.7993104823456385,0.3122463182111663,0.8959987869238818,-0.1811334749540728,-1.132351412662415,1.0807045179456265,3
201,2024-09-28 17:00:32.302476800,TASK_BEGIN,023,0.5573775075562097,0.40140738189096187,-1.714888360261397,0.3227814206618284,0.9022569876321981,-0.1985881212374168,-1.1413196261090837,1.1162000284560167,3
202,2024-09-28 17:00:32.364506112,TASK_BEGIN,023,0.5379047550506345,0.40371463982378986,-1.619835595190914,0.3253294143339488,0.9086951425536316,-0.2127271476849512,-1.1489444190397806,1.157221669908478,3
203,2024-09-28 17:00:32.443309056,TASK_BEGIN,023,0.5191195757164614,0.40518561441757134,-1.5150044549605488,0.3203667847782182,0.9135315432704347,-0.22289768017666745,-1.1511388746606233,1.2015217173902184,3
204,2024-09-28 17:00:33.386823936,TASK_BEGIN,023,0.5010291142872765,0.40590421539408905,-1.4015600660510374,0.30913639822735933,0.915102893405077,-0.2285920956435601,-1.1425480147505152,1.246022243847697,3
205,2024-09-28 17:00:33.454600960,TASK_BEGIN,023,0.48377511932862144,0.40595754644849663,-1.2812254948238584,0.29350624742789955,0.9121383513674219,-0.22950525723241458,-1.116732043881076,1.2869320752467437,3
206,2024-09-28 17:00:33.514199040,TASK_BEGIN,023,0.46762180568241263,0.40544037079956813,-1.15644911464937,0.27572284229541677,0.9039736768484291,-0.22558651152637213,-1.0668451219108133,1.3200797829281727,3
207,2024-09-28 17:00:33.590199040,TASK_BEGIN,023,0.4529016475700523,0.40446198033557923,-1.0303788415245252,0.2580745455165566,0.890633014369411,-0.21705940566431084,-0.9867114394563297,1.3414074600976698,3
208,2024-09-28 17:00:33.654337024,TASK_BEGIN,023,0.43993422895317874,0.4031494952227785,-0.9066202508203195,0.2425319840585707,0.8727845003586583,-0.20439735597942557,-0.8719902777967158,1.3474868854019764,3
209,2024-09-28 17:00:33.716389888,TASK_BEGIN,023,0.42895722082348803,0.4016496533114403,-0.7888293552690673,0.23043712200191746,0.8516394413902112,-0.18827058999673593,-0.7210761821084024,1.3359107674367836,3
210,2024-09-28 17:00:33.793356032,TASK_BEGIN,023,0.4200969195799031,0.4001349436467416,-0.6802876249451983,0.2222860125366831,0.8288488767709348,-0.16948941124846004,-0.5355131374191809,1.3054889520237294,3
211,2024-09-28 17:00:34.700325888,TASK_BEGIN,023,0.4133685950146439,0.3988139681689881,-0.5836394480047506,0.21763972751250302,0.8063891743642877,-0.14895302147102005,-0.319947418237696,1.2562919381106485,3
212,2024-09-28 17:00:34.781197056,TASK_BEGIN,023,0.40868614940122416,0.3979338309354419,-0.5008291437901139,0.2151945699975097,0.7863957097779292,-0.12759786269999004,-0.08174011169652541,1.1896235910358857,3
213,2024-09-28 17:00:34.838540032,TASK_BEGIN,023,0.4058788983323215,0.3977615185634557,-0.4331246312000843,0.21302669359208837,0.7709344273369392,-0.10634233580777044,0.16973520914550097,1.107935936850262,3
214,2024-09-28 17:00:34.915212032,TASK_BEGIN,023,0.40471669792679155,0.3985476971611595,-0.3811433000594442,0.20899137059329728,0.7617536118872312,-0.08603052516657554,0.42408973796373506,1.014633083602354,3
215,2024-09-28 17:00:34.977795840,TASK_BEGIN,023,0.4049349080419526,0.4004900306420424,-0.3448916332101187,0.20119161184514672,0.7600748868845978,-0.06737571597703634,0.6710216989616856,0.9137481246296353,3
216,2024-09-28 17:00:35.051981056,TASK_BEGIN,023,0.40625810810010904,0.4037061949456359,-0.32384324967516104,0.188367517959842,0.7664649483382476,-0.05090833658448707,0.901203227732575,0.8095592847870668,3
217,2024-09-28 17:00:35.119710976,TASK_BEGIN,023,0.4084289340885383,0.408211083437136,-0.3170400002916913,0.17007287401749632,0.7808072125653097,-0.03694519111823056,1.1067220633103316,0.7062390370244075,3
218,2024-09-28 17:00:36.062262016,TASK_BEGIN,023,0.4112344588623713,0.41389291426124813,-0.32319968678687633,0.14662048424270657,0.8023719773388897,-0.02559765841716861,1.2811270897738103,0.6075950934137354,3
219,2024-09-28 17:00:36.129419264,TASK_BEGIN,023,0.4145153255891524,0.4204971294862333,-0.3408548984166422,0.11890805148452423,0.8299690489835341,-0.01681814920571771,1.4193300985294341,0.5169167714276475,3
220,2024-09-28 17:00:36.197748736,TASK_BEGIN,023,0.41816028834122637,0.42762974358649036,-0.36853945951587813,0.08825718652469458,0.8621563868032934,-0.010463443725772022,1.5175428928328445,0.43691601614091685,3
221,2024-09-28 17:00:36.256978944,TASK_BEGIN,023,0.4220972709410759,0.4347809967729774,-0.40496267563694544,0.05630014189297123,0.8974556691556771,-0.006347765620965658,1.5732586103867265,0.36974047594570936,3
222,2024-09-28 17:00:36.326226176,TASK_BEGIN,023,0.42627400562207485,0.441365542444696,-0.44906697792158745,0.024860498508299658,0.93451481493246,-0.004270672660363861,1.5852812225896709,0.3170178683581649,3
223,2024-09-28 17:00:36.397235968,TASK_BEGIN,023,0.43061702602379553,0.4467746668099345,-0.49991960203800184,-0.00422341326607191,0.9721943948759459,-0.004024347474662157,1.5538519023584922,0.27988892093309303,3
224,2024-09-28 17:00:36.468627968,TASK_BEGIN,023,0.43498578978614927,0.4504290407451492,-0.5564768710986713,-0.029328419131270066,1.0095953505825321,-0.0053952148117529936,1.4807731576176695,0.2590338509106816,3
225,2024-09-28 17:00:37.412319744,TASK_BEGIN,023,0.4391525890173319,0.4518211329471624,-0.6172953879577466,-0.0492747041124997,1.0460447627467442,-0.008172224796010121,1.3692947189746107,0.2547306228619254,3
226,2024-09-28 17:00:37.480065280,TASK_BEGIN,023,0.4428150352779541,0.45055165954854576,-0.680305742778285,-0.06347139077794194,1.081055166656503,-0.012166325936242662,1.2237344013882472,0.2669300861705838,3
227,2024-09-28 17:00:37.547791104,TASK_BEGIN,023,0.4456257749374357,0.44637109377072404,-0.7428245764302445,-0.07190550490022138,1.1142851929258548,-0.01723521785745076,1.0490957944572072,0.2952854561435968,3
228,2024-09-28 17:00:37.615499008,TASK_BEGIN,023,0.44722639274008164,0.4392223626656119,-0.8018850150874088,-0.07496237516890253,1.1455126440673529,-0.023298378888321914,0.8508595148659441,0.33912245994976936,3
229,2024-09-28 17:00:37.681765120,TASK_BEGIN,023,0.44727637257766245,0.4292660807664293,-0.8546954720164894,-0.07318018421298801,1.1745961475000852,-0.030330326076747544,0.6348666549134863,0.3973980262403328,3
230,2024-09-28 17:00:37.742589184,TASK_BEGIN,023,0.4454692849754182,0.4168736830517744,-0.8989075310614959,-0.06710870095477434,1.201399192397833,-0.03833519411648474,0.40722352538370427,0.46868305170714175,3
231,2024-09-28 17:00:37.818721024,TASK_BEGIN,023,0.4415417162158719,0.402589673680712,-0.9326002771664342,-0.057351146425437996,1.2256925562549452,-0.04731813710711301,0.17428149982725719,0.551160721223253,3
232,2024-09-28 17:00:38.762449920,TASK_BEGIN,023,0.4352884268150297,0.38707916776898543,-0.95420268687403,-0.04468557347360977,1.2470951551489653,-0.05726740819342528,-0.05736842807979187,0.6426268726328113,3
233,2024-09-28 17:00:38.830450944,TASK_BEGIN,023,0.42658291207209764,0.3710798673908063,-0.9625694510254028,-0.03010074012781587,1.2651013011499466,-0.06815051026956502,-0.2810916408433962,0.7405064459244872,3
234,2024-09-28 17:00:38.898251008,TASK_BEGIN,023,0.41538829317690196,0.3553645367839251,-0.9571594916071798,-0.01470881457766347,1.2791820154755507,-0.07992005941849595,-0.4906428656117466,0.841901843076616,3
235,2024-09-28 17:00:38.965977088,TASK_BEGIN,023,0.40174854558344125,0.34070578427661224,-0.938131647785018,0.0003699152064399803,1.2889066927507917,-0.092522087983499,-0.6806238785516893,0.9436656609974434,3
236,2024-09-28 17:00:39.033714176,TASK_BEGIN,023,0.3857662592595123,0.32783360274831164,-0.9062716682115812,0.01405673046672393,1.2940367069201733,-0.10589798612727588,-0.8468025617601048,1.0425053581047676,3
237,2024-09-28 17:00:39.096530944,TASK_BEGIN,023,0.3675846253331545,0.317385457659286,-0.8628135554183156,0.025283010252652928,1.2945697544691932,-0.11997097060751723,-0.9864095150337454,1.1351584279116902,3
238,2024-09-28 17:00:39.166077952,TASK_BEGIN,023,0.34738343144900236,0.3098620108830823,-0.809292592278708,0.032942268665012396,1.290736219392057,-0.13461183901168408,-1.0985078777121893,1.2186178736238562,3
239,2024-09-28 17:00:40.086931968,TASK_BEGIN,023,0.32537744780455724,0.30560511239906196,-0.7475070142614195,0.03592010737489005,1.2829604377408155,-0.14959082873440308,-1.1841394129741951,1.2902859250354637,3
240,2024-09-28 17:00:40.154654976,TASK_BEGIN,023,0.3018028239465828,0.30479956128158187,-0.6795268269312619,0.033228284230139044,1.2718092376673327,-0.1645379507451559,-1.24586582261521,1.3479709500154218,3
241,2024-09-28 17:00:40.222342144,TASK_BEGIN,023,0.27690167609230437,0.30748509122669215,-0.6076596409528358,0.02417846731221495,1.257948745054045,-0.17893474512048768,-1.2868400911045834,1.3898055509513625,3
242,2024-09-28 17:00:40.290092032,TASK_BEGIN,023,0.2509339986744143,0.3135655406864225,-0.5343748078912048,0.00852697105748465,1.2421090933227068,-0.19214102927134274,-1.3099721644172875,1.4142306769662367,3
243,2024-09-28 17:00:40.356775936,TASK_BEGIN,023,0.22423374562349915,0.32280792894783994,-0.46223213087097986,-0.013432587188541121,1.2250419894945346,-0.20344449880242935,-1.3175347010810834,1.420089985104529,3
244,2024-09-28 17:00:40.424931840,TASK_BEGIN,023,0.1972915999205386,0.3348300604908565,-0.3938130070698222,-0.04084385061196612,1.2074624433361554,-0.21212290856470511,-1.3111174587440872,1.4067864999986717,3
245,2024-09-28 17:00:40.493325056,TASK_BEGIN,023,0.1708155463700705,0.3490869445729004,-0.33160930922773174,-0.07235516310680462,1.1899803922522825,-0.21751476638037862,-1.2917508975005851,1.3744580615641464,3
246,2024-09-28 17:00:41.435353088,TASK_BEGIN,023,0.14571956157535326,0.3648760846262436,-0.2778616372003295,-0.10626960008789325,1.1730479788138308,-0.21909597684297544,-1.2600932914530036,1.3241179038314088,3
247,2024-09-28 17:00:41.495449856,TASK_BEGIN,023,0.12303465035480995,0.38137403778667284,-0.23440550539654237,-0.1407163712609593,1.156954152401001,-0.21655823118798914,-1.2165453078068695,1.2576803533866845,3
248,2024-09-28 17:00:41.560662016,TASK_BEGIN,023,0.10378828925662949,0.3976968924224025,-0.20261578461892463,-0.17379072361672532,1.1418688335178129,-0.20987992177446874,-1.161202410442105,1.1778450332313535,3
249,2024-09-28 17:00:41.640254976,TASK_BEGIN,023,0.08890171963463162,0.41296751661586734,-0.18352010670899296,-0.2036511537614247,1.1279118174109184,-0.19937384966950672,-1.0937054253865528,1.0878798147545412,3
250,2024-09-28 17:00:41.707022080,TASK_BEGIN,023,0.07911621931216188,0.42637711203435935,-0.17804290041624313,-0.2285758486784958,1.11522383513047,-0.1856929905260157,-1.0131360027118108,0.9913551641083889,3
251,2024-09-28 17:00:41.775746048,TASK_BEGIN,023,0.07493429742338487,0.4372354130611213,-0.18720884839562618,-0.24698193017124334,1.1040229592886879,-0.16978511869960206,-0.9181176958669672,0.8918880844772088,3
252,2024-09-28 17:00:41.843516160,TASK_BEGIN,023,0.07657316468796056,0.44500694176796746,-0.21215549884496196,-0.2574371340087022,1.0946326494595815,-0.1528085367671734,-0.8071638200694089,0.7929282776930207,3
253,2024-09-28 17:00:42.787094272,TASK_BEGIN,023,0.08394963851506647,0.44933128154182284,-0.25393208442551324,-0.25872559555634533,1.0874729820122009,-0.13603085918484892,-0.6791079221351666,0.6975676273478817,3
254,2024-09-28 17:00:42.854832896,TASK_BEGIN,023,0.09671353816336485,0.4500264963813269,-0.313111918664536,-0.2500096576862569,1.0830164311738069,-0.1207230324531737,-0.5334879081223252,0.6083895085094404,3
255,2024-09-28 17:00:42.922587904,TASK_BEGIN,023,0.1143205843190914,0.44707884056818653,-0.389286438945704,-0.23103534420851907,1.0817324935931052,-0.10805432971459927,-0.37095949006328266,0.5274305121890601,3
256,2024-09-28 17:00:42.988889856,TASK_BEGIN,023,0.1361155419080529,0.44062542787661124,-0.48063669640949047,-0.2022562973737368,1.0840495446491418,-0.09899874900026578,-0.19375495154698547,0.45624533366082914,3
257,2024-09-28 17:00:43.057984000,TASK_BEGIN,023,0.1613968419884898,0.4309360125764423,-0.583813055641157,-0.16480528123801547,1.090327077613069,-0.09426679073011171,-0.00599596038223925,0.3959589534308266,3
258,2024-09-28 17:00:43.125202944,TASK_BEGIN,023,0.18944563807411222,0.41839780186624903,-0.6941922271311638,-0.12035397186918707,1.1008046445401005,-0.09427041831247644,0.18629291253066355,0.34723901142084934,3
259,2024-09-28 17:00:43.193419008,TASK_BEGIN,023,0.21952086087282066,0.4035046349699593,-0.8064013266412374,-0.07094036418993588,1.1155127678611607,-0.09911371571733153,0.3754843980848328,0.31023479571534957,3
260,2024-09-28 17:00:44.137715200,TASK_BEGIN,023,0.2508441192430192,0.38684619727466685,-0.9149111531949354,-0.01882294224757486,1.1341813758833608,-0.1085944312491341,0.5529355654196192,0.2845643403204871,3
261,2024-09-28 17:00:44.204710912,TASK_BEGIN,023,0.2826039897396968,0.36908878645185106,-1.0144969835125681,0.03359688178660853,1.1562141904786865,-0.12221550546451822,0.7097111749527029,0.26941242700799706,3
262,2024-09-28 17:00:44.273249024,TASK_BEGIN,023,0.3139835887071206,0.35094627745930035,-1.1005053248882686,0.08380056038708443,1.1807585234163471,-0.13922039550443693,0.8371829214386651,0.26375321386470657,3
263,2024-09-28 17:00:44.333478144,TASK_BEGIN,023,0.3441797268507591,0.33315208631295995,-1.1690579223924746,0.12923929189596722,1.206819812173729,-0.15865928397139625,0.9274321422981788,0.2666202506074134,3
264,2024-09-28 17:00:44.408648960,TASK_BEGIN,023,0.37238433901297535,0.3164412818231053,-1.21730808207397,0.16757375354585813,1.23335655677294,-0.1794775599193511,0.9736188871223439,0.2772977570589352,3
265,2024-09-28 17:00:44.476403200,TASK_BEGIN,023,0.39774907312153923,0.301536658250569,-1.243670501957602,0.19700046017670794,1.2593502522005224,-0.20061119177506434,0.9704648611682521,0.29535688293576556,3
266,2024-09-28 17:00:44.544174848,TASK_BEGIN,023,0.4193856816250534,0.28912639833773457,-1.247876733372823,0.21651140840900454,1.283873686703519,-0.2210739432328854,0.9149195847705646,0.32053485763867423,3
267,2024-09-28 17:00:45.458686976,TASK_BEGIN,023,0.4364191591676001,0.2798319402398497,-1.2308384842957107,0.22598778006775824,1.3061579624806676,-0.24002475891736672,0.8070088608055777,0.3525023274773795,3
268,2024-09-28 17:00:45.530259968,TASK_BEGIN,023,0.44806162101671,0.27417367374249924,-1.1944403044772354,0.22611579934724085,1.3256390292735274,-0.2568096009158786,0.650640543774922,0.3906079423103548,3
269,2024-09-28 17:00:45.598340096,TASK_BEGIN,023,0.4536775911445841,0.2725375564336948,-1.1413964351561334,0.21819113420633504,1.3419669936794278,-0.27097812038059077,0.45393955479089804,0.4337184433292243,3
270,2024-09-28 17:00:45.666065920,TASK_BEGIN,023,0.4528375904737056,0.2751393563320099,-1.0752096743216695,0.20392244206675889,1.3549810349002185,-0.2822793536102251,0.2288367394767366,0.4802345626526738,3
271,2024-09-28 17:00:45.722438912,TASK_BEGIN,023,0.44535387815680255,0.2819886974975555,-1.0001574347413094,0.18530428513952688,1.3646753903951332,-0.2906414007566239,-0.009968502864650966,0.5282605000251274,3
272,2024-09-28 17:00:45.801730048,TASK_BEGIN,023,0.43128131724694885,0.2928671678179709,-0.9211786186606956,0.1645372273638689,1.371190559294636,-0.29614231608039837,-0.24637212879196166,0.5758397871363368,3
273,2024-09-28 17:00:45.869271040,TASK_BEGIN,023,0.4108908898195396,0.30733453542336464,-0.8435482966203186,0.14391440113243412,1.3748483204573498,-0.29898129746395335,-0.4643651525910407,0.621203441492278,3
274,2024-09-28 17:00:46.812905984,TASK_BEGIN,023,0.3846509391552287,0.32476343272066,-0.7723067701576646,0.12562362220400056,1.376197930597802,-0.2994502878873588,-0.6495079721796767,0.6630082221924165,3
275,2024-09-28 17:00:46.880708096,TASK_BEGIN,023,0.3532329772351981,0.34439522928144384,-0.7115623230548118,0.11150689385348235,1.376000456075533,-0.297896210113778,-0.7901497644220897,0.7005051773515505,3
276,2024-09-28 17:00:46.941458944,TASK_BEGIN,023,0.3175231067399693,0.36541198830398663,-0.6639278831630093,0.10287480082657255,1.3751160284156219,-0.29467112600617995,-0.8782676996373857,0.7335584661226373,3
277,2024-09-28 17:00:47.002636032,TASK_BEGIN,023,0.2786107770180704,0.3870162139427692,-0.63032221945261,0.1004222860876656,1.3743332112123212,-0.29008219650175243,-0.909949466270962,0.7624875302006152,3
278,2024-09-28 17:00:47.081188096,TASK_BEGIN,023,0.2377388756378871,0.40850088291486064,-0.6101253205657662,0.10419150733317567,1.374210050566667,-0.2843583238390656,-0.885534562628838,0.78779328731642,3
279,2024-09-28 17:00:47.142270976,TASK_BEGIN,023,0.19621654652650106,0.4292930182136384,-0.6014754095520196,0.11352221699213448,1.374977932070948,-0.27764261816617486,-0.8094225531110232,0.8099093014041592,3
280,2024-09-28 17:00:47.219454208,TASK_BEGIN,023,0.15531034492003207,0.44896858567155923,-0.601571017465434,0.12703429610392072,1.3765185468352803,-0.2700038886485257,-0.6896065430269546,0.829117911754278,3
281,2024-09-28 17:00:48.162928896,TASK_BEGIN,023,0.11613186620135771,0.46724988747838453,-0.6069987486479672,0.14272442873152236,1.3783861945166427,-0.2614502068570656,-0.5369605039448092,0.8456436970032775,3
282,2024-09-28 17:00:48.219643136,TASK_BEGIN,023,0.07954057842116279,0.4839954782671581,-0.6140826434300944,0.15818121249464542,1.3798420704634644,-0.2519340717284374,-0.36430490077038213,0.8598089522294496,3
283,2024-09-28 17:00:48.298465024,TASK_BEGIN,023,0.04609713915235969,0.49918159298288023,-0.6192014881902193,0.1708739235656974,1.3798984245254482,-0.2413544144547923,-0.18540717814260765,0.8721424828406086,3
284,2024-09-28 17:00:48.366179840,TASK_BEGIN,023,0.016107348710109257,0.512869517295434,-0.6191114719419395,0.17847725884817445,1.3774027331033087,-0.22957132829955973,-0.01410768692317058,0.8834096814676831,3
285,2024-09-28 17:00:48.418826240,TASK_BEGIN,023,-0.010251971780246349,0.5251599614769539,-0.6113535652392128,0.1791835568195209,1.371180939082039,-0.21644363976431835,0.13644380362744085,0.894567283790619,3
286,2024-09-28 17:00:48.501725952,TASK_BEGIN,023,-0.03280049605414493,0.5361446882928476,-0.5947084372736665,0.17194489268916627,1.3602128067812436,-0.2018806244948114,0.2546324585054642,0.9066438499243643,3
287,2024-09-28 17:00:48.559459072,TASK_BEGIN,023,-0.051298130956128674,0.5458713049803031,-0.5695403573423038,0.15659792531000757,1.343789792745495,-0.1858889122111,0.33138244972272635,0.9205603734262667,3
288,2024-09-28 17:00:49.512980992,TASK_BEGIN,023,-0.06548767953725587,0.55433406110833,-0.5378507083089398,0.13382251418791433,1.3216244958515087,-0.1686016053912362,0.3611121466242361,0.936949237023097,3
289,2024-09-28 17:00:49.580624128,TASK_BEGIN,023,-0.07519495498052357,0.561490586320083,-0.5029599012556071,0.10491092720228887,1.2939082251927736,-0.15028634444698621,0.3422888594479772,0.9560513250513787,3
290,2024-09-28 17:00:49.648494848,TASK_BEGIN,023,-0.08043053727101454,0.5672943192168182,-0.46891909152487943,0.07141487089106532,1.261331566692047,-0.13133848166174197,0.2774062694961336,0.9777180413506532,3
291,2024-09-28 17:00:49.716237056,TASK_BEGIN,023,-0.08145719745228935,0.5717318452976181,-0.4398954222486568,0.03482229609808036,1.2250860301236672,-0.1122717331952359,0.17251792236866426,1.0014716131975931,3
292,2024-09-28 17:00:49.783948032,TASK_BEGIN,023,-0.07879633621530069,0.5748531855672154,-0.4197718473636315,-0.0035908141334225928,1.1868464732192492,-0.09371155867091147,0.03654419415666009,1.0265803705495828,3
293,2024-09-28 17:00:49.845609984,TASK_BEGIN,023,-0.07315209840008884,0.5767789411653242,-0.41203362807527655,-0.042706475012037184,1.1487076988905094,-0.07638259681005331,-0.11958760763475318,1.0521598402456873,3
294,2024-09-28 17:00:49.907202816,TASK_BEGIN,023,-0.06526859944447978,0.5776739387242124,-0.419772004303823,-0.08142844087321327,1.1130399041544086,-0.061077416886877844,-0.28395911316403893,1.0773051828505613,3
295,2024-09-28 17:00:50.825462272,TASK_BEGIN,023,-0.055783518225765605,0.5776953753854124,-0.4455407413929055,-0.11861355671697418,1.0822542485283335,-0.048601320087029734,-0.44470395024421866,1.1012023544602991,3
296,2024-09-28 17:00:50.903569152,TASK_BEGIN,023,-0.045137592899298515,0.576938675026216,-0.49097317359906184,-0.15311985418869528,1.0585213408746459,-0.03969978991887582,-0.5909800311606829,1.1231685142336891,3
297,2024-09-28 17:00:50.965114112,TASK_BEGIN,023,-0.03354646056873927,0.5754028132186592,-0.5563123835816347,-0.18393761188062197,1.0435154526753567,-0.03498443083683839,-0.7139212765442361,1.142640971412075,3
298,2024-09-28 17:00:51.041239040,TASK_BEGIN,023,-0.021010330681138244,0.5729839970260505,-0.6400724685764502,-0.21036435524602604,1.0382372912577942,-0.03487250921162827,-0.8075120922466078,1.1591614114531263,3
299,2024-09-28 17:00:51.108958976,TASK_BEGIN,023,-0.007348715807579313,0.5694953012850363,-0.7389724958946481,-0.2321773296719548,1.0429319522808802,-0.03954895554268425,-0.8690605572161676,1.1723635607481029,3
300,2024-09-28 17:00:51.176682752,TASK_BEGIN,023,0.007743770302523159,0.5647032820154693,-0.8481976079818727,-0.2497341132807686,1.0571097517568158,-0.04895990788779894,-0.8989804983045879,1.1819367005386598,3
301,2024-09-28 17:00:51.244397056,TASK_BEGIN,023,0.024632788735854103,0.5583692237639933,-0.9619206496118644,-0.2639569126900915,1.0796783560263634,-0.06284546864203829,-0.8999550747218007,1.1875553018048397,3
302,2024-09-28 17:00:52.172516096,TASK_BEGIN,023,0.043681695615673734,0.5502865305383965,-1.0738910076063097,-0.2762212637585453,1.10915820042787,-0.0808012061510068,-0.8758567589749737,1.188814470148435,3
303,2024-09-28 17:00:52.249233920,TASK_BEGIN,023,0.06518711137476225,0.540314560972399,-1.1779301544746799,-0.28820068406530763,1.1439024658908417,-0.1023398216844561,-0.8308295267643435,1.1852257917916216,3
304,2024-09-28 17:00:52.310980864,TASK_BEGIN,023,0.08930748283245282,0.5284099087460543,-1.268351300182494,-0.30168684384979394,1.1822527764969846,-0.12693187310788004,-0.7688100264818517,1.1763064667073544,3
305,2024-09-28 17:00:52.388178176,TASK_BEGIN,023,0.11599980595042789,0.5146490083653188,-1.3403695170778995,-0.3183742825452028,1.2226296023792043,-0.15402623061078993,-0.6935514134550202,1.161769848999377,3
306,2024-09-28 17:00:52.458427904,TASK_BEGIN,023,0.14499344502760933,0.49923466581942244,-1.3904342235222567,-0.3396224122040196,1.2635978351827872,-0.18306033726559845,-0.6088960065094896,1.1417721809572097,3
307,2024-09-28 17:00:52.526173952,TASK_BEGIN,023,0.1758151274619777,0.4824843693249034,-1.4163823179103416,-0.3662421394281277,1.3039284783311242,-0.21346458846654018,-0.5188922248605227,1.1171036783816921,3
308,2024-09-28 17:00:52.593868800,TASK_BEGIN,023,0.20784756304383364,0.4648051436180036,-1.4174489591841983,-0.39835277341847924,1.3426454204966725,-0.24465917963312978,-0.4276181356280197,1.0892153468329817,3
309,2024-09-28 17:00:53.533304064,TASK_BEGIN,023,0.24038847494427548,0.44666678451825587,-1.3942612969456751,-0.43533420095676184,1.3790429868980127,-0.276046771591623,-0.3389004814484783,1.0600514959294953,3
310,2024-09-28 17:00:53.605011968,TASK_BEGIN,023,0.2726941829729115,0.42858269888469275,-1.3488820850079648,-0.47588528444011513,1.41267365213751,-0.30701436081997796,-0.25611774575329666,1.0317442176501042,3
311,2024-09-28 17:00:53.663607040,TASK_BEGIN,023,0.3040152539534523,0.4110954774834536,-1.2848547909394175,-0.5181821149576767,1.4433089580009146,-0.336956017211356,-0.18209851801921084,1.0062791454305913,3
312,2024-09-28 17:00:53.740510976,TASK_BEGIN,023,0.3336287180653401,0.3947618205708872,-1.2071264933702415,-0.5600972812907609,1.470866134312467,-0.3653126888158088,-0.11902570223738537,0.9852456336602665,3
313,2024-09-28 17:00:53.807491840,TASK_BEGIN,023,0.36085645242285574,0.38013962776962035,-1.1217238562417668,-0.5994327378813987,1.4952940687699277,-0.3916122433110463,-0.06831928672247324,0.9697357759409196,3
314,2024-09-28 17:00:53.875974912,TASK_BEGIN,023,0.3850683102935238,0.36777872147082535,-1.0351360104410896,-0.6341556771942886,1.5164467550754404,-0.415494457770791,-0.030610279289585433,0.9603861908399124,3
315,2024-09-28 17:00:53.943733760,TASK_BEGIN,023,0.40569566311416794,0.3582059374561991,-0.9535239334520524,-0.6626370836889646,1.5340065019447258,-0.4367164816645014,-0.0058944662720479815,0.9575017314707928,3
316,2024-09-28 17:00:54.887329024,TASK_BEGIN,023,0.42228125008463047,0.35189612760865446,-0.8820206439586681,-0.6838434349519568,1.5474940749561028,-0.4551406390082013,0.006251155684638891,0.9611768959157162,3
317,2024-09-28 17:00:54.955170048,TASK_BEGIN,023,0.4345545897504904,0.3492353533965276,-0.8242915851104142,-0.6974223661028367,1.556335731480321,-0.4707073248738378,0.006594430904224759,0.9713463392188868,3
318,2024-09-28 17:00:55.012170240,TASK_BEGIN,023,0.44249433543896927,0.3504912396416885,-0.782263526798025,-0.7036967537559438,1.559938163861335,-0.48340059201471614,-0.0036334971178340063,0.987747177645041,3
319,2024-09-28 17:00:55.090648832,TASK_BEGIN,023,0.44634816409561484,0.35579693378513283,-0.7558839715293828,-0.7036192163775699,1.5577639295472918,-0.49321901584574696,-0.02257643545925834,1.009842422937671,3
320,2024-09-28 17:00:55.158416896,TASK_BEGIN,023,0.4466041980195249,0.365141818425501,-0.7429837065023753,-0.6986807486232466,1.5494099604495069,-0.5001584912027791,-0.047767009648125,1.0367866780932908,3
321,2024-09-28 17:00:55.226170112,TASK_BEGIN,023,0.44392409006670763,0.3783610216047342,-0.73944641631089,-0.690730136991121,1.534659222916847,-0.5042034194579724,-0.0764503567568914,1.0674629483714269,3
322,2024-09-28 17:00:55.293921024,TASK_BEGIN,023,0.4390613761053693,0.3951243003725748,-0.7398089952677737,-0.6817118168593551,1.5134863458464525,-0.5053223564399526,-0.10613172210299471,1.1005369789409445,3
323,2024-09-28 17:00:56.236561920,TASK_BEGIN,023,0.43279484286212744,0.41492990977791855,-0.7382360241758423,-0.6733837882036968,1.4860472312150819,-0.5034698726266039,-0.1350325314446193,1.1344732426559625,3
324,2024-09-28 17:00:56.300825088,TASK_BEGIN,023,0.4258916376015397,0.4371076865828465,-0.7296325619545722,-0.6670780189735334,1.4526920625281847,-0.49859750692610105,-0.1621355712361929,1.167533162455534,3
325,2024-09-28 17:00:56.372918016,TASK_BEGIN,023,0.419088542755537,0.4608349828439436,-0.7105826005084318,-0.6635372322961925,1.4140032881411941,-0.4906733201816568,-0.1867983483112212,1.1978252247591097,3
326,2024-09-28 17:00:56.440615936,TASK_BEGIN,023,0.4130707382606664,0.4851716194325999,-0.679904042841625,-0.6628201808605916,1.3708224101491735,-0.4797049178975516,-0.2082964702850161,1.223450476907914,3
327,2024-09-28 17:00:56.507898880,TASK_BEGIN,023,0.4084442372013463,0.5091157958811487,-0.6387920251324132,-0.6642545636164368,1.324225845399175,-0.4657595258504075,-0.22581254466410663,1.2427368354285095,3
328,2024-09-28 17:00:56.575702016,TASK_BEGIN,023,0.405713028402786,0.5316714812533924,-0.5905622716084594,-0.6664789022466059,1.2754407237291365,-0.4489805122643933,-0.23910122788580299,1.2545121045486705,3
329,2024-09-28 17:00:56.642855936,TASK_BEGIN,023,0.4052650570746462,0.5519142175903149,-0.5399203013619035,-0.6676647044802383,1.2257297427294205,-0.4296046929386775,-0.2494692545136811,1.258330501986524,3
330,2024-09-28 17:00:57.589167360,TASK_BEGIN,023,0.4073577669555433,0.5690479564041251,-0.4917627625244971,-0.6659340649074906,1.1762904558819303,-0.407981091544826,-0.26038688277264627,1.254580884743289,3
331,2024-09-28 17:00:57.656909056,TASK_BEGIN,023,0.41208939361244523,0.5824509326120006,-0.4498252488271832,-0.6598560792806657,1.128189662848037,-0.38458337296193773,-0.27735509274523984,1.2444650691611956,3
332,2024-09-28 17:00:57.724183040,TASK_BEGIN,023,0.41935261033326415,0.5917114157622436,-0.4156763593102679,-0.6488517019802096,1.0823222874037082,-0.3600044102661282,-0.3071942550793982,1.2298790654349565,3
333,2024-09-28 17:00:57.792301056,TASK_BEGIN,023,0.4287845698312253,0.5966544802486498,-0.38840434913200333,-0.6333755645954205,1.039395517060892,-0.3349295336649106,-0.35712653068147027,1.2132353709250867,3
334,2024-09-28 17:00:57.859308800,TASK_BEGIN,023,0.43972815815229555,0.5973590812030812,-0.36504008384097164,-0.6148366732742593,0.9999508468803531,-0.310095663805223,-0.43382644984316127,1.1972413003099798,3
335,2024-09-28 17:00:57.927720960,TASK_BEGIN,023,0.4512111029994504,0.5941608058908614,-0.3415148560870736,-0.5953273149440222,0.9644062488642208,-0.28624327317324566,-0.5423675281126745,1.1846215094619592,3
336,2024-09-28 17:00:57.995517952,TASK_BEGIN,023,0.4619573735343893,0.5876311314889286,-0.3138030951538923,-0.5772802849207628,0.9330817408128764,-0.26406354883429617,-0.6850487638940842,1.177778314508223,3
337,2024-09-28 17:00:58.939164928,TASK_BEGIN,023,0.4704516134825986,0.5785269741840945,-0.27888974872247396,-0.5631369955323082,0.9061912117206029,-0.2441434771145228,-0.8603811592667292,1.1784120954382666,3
338,2024-09-28 17:00:59.006668032,TASK_BEGIN,023,0.4750620444556521,0.5677161203465069,-0.23536174346323122,-0.5550458473659694,0.8838038137164459,-0.226914194658074,-1.0626524167097648,1.187160505297682,3
339,2024-09-28 17:00:59.074639872,TASK_BEGIN,023,0.474209805554902,0.5560938638371468,-0.18363637359313895,-0.5546004410261935,0.8657947946327967,-0.21261149039448557,-1.2822889395199084,1.2033623109895641,3
340,2024-09-28 17:00:59.142415104,TASK_BEGIN,023,0.4665648567157378,0.5445067919613674,-0.12589936024438342,-0.56266974741348,0.8518228392032867,-0.20125925181529686,-1.5069246931776528,1.2250486443974884,3
341,2024-09-28 17:00:59.209958912,TASK_BEGIN,023,0.45124043283703735,0.5336929987919258,-0.0657391412638722,-0.5793840730008605,0.8413591825408722,-0.1926805657236384,-1.7229176649780038,1.24917467311322,3
342,2024-09-28 17:00:59.277906944,TASK_BEGIN,023,0.4279505705093526,0.5242396972784634,-0.007498305546069396,-0.604266160574182,0.8337581035791454,-0.18653217651118648,-1.917037307217377,1.2720239642100313,3
343,2024-09-28 17:00:59.345537792,TASK_BEGIN,023,0.39709677791745673,0.5165556742697414,0.04447162803627651,-0.6364122886346006,0.828343727364875,-0.18235655455904617,-2.078078901644053,1.2897076560466,3
344,2024-09-28 17:01:00.262633984,TASK_BEGIN,023,0.35976301811292555,0.5108577338257371,0.08645800744059051,-0.6746381427037877,0.8244990978629982,-0.17964736537281736,-2.1981704407547205,1.2986791248031027,3
345,2024-09-28 17:01:00.319365888,TASK_BEGIN,023,0.3176186695253011,0.5071706069601011,0.11586991139237324,-0.7175738034185135,0.8217476492224132,-0.17791849791428535,-2.2735098738652617,1.2961659882723646,3
346,2024-09-28 17:01:00.397915904,TASK_BEGIN,023,0.2727441209925565,0.5053385651971137,0.1315066527132426,-0.7637255928405935,0.8198039289783213,-0.17675902473109908,-2.3043377884554395,1.2804343014659956,3
347,2024-09-28 17:01:00.463303936,TASK_BEGIN,023,0.22739884198942598,0.5050495023650137,0.1335265049153036,-0.8115093282559298,0.8185693412822637,-0.1758611390772162,-2.2941899715143257,1.2508516877457854,3
348,2024-09-28 17:01:00.533600000,TASK_BEGIN,023,0.18376389711895155,0.5058720067204266,0.12313595326778666,-0.859245960115307,0.8180827126239604,-0.1750252099785033,-2.2486645260971545,1.2077680301895792,3
349,2024-09-28 17:01:00.601327872,TASK_BEGIN,023,0.1437103973570576,0.5072986917230202,0.10220457690619937,-0.9051278131155523,0.8184670538718014,-0.17415668394032027,-2.17395510752399,1.152274549883033,3
350,2024-09-28 17:01:00.669033984,TASK_BEGIN,023,0.10864334368628134,0.5087868066763359,0.0730079807351228,-0.9471970085821949,0.8198985679601326,-0.17326436098312276,-2.0754419311483967,1.0859366495842964,3
351,2024-09-28 17:01:01.582799872,TASK_BEGIN,023,0.07944039750357375,0.5097926228632036,0.03808146875037691,-0.9833767195862315,0.8225879231748823,-0.17245868216784094,-1.956741989731171,1.010597796143792,3
352,2024-09-28 17:01:01.655288064,TASK_BEGIN,023,0.05646983259214224,0.5098022068107184,4.231811645568186e-05,-1.011557462906636,0.8267559856018566,-0.171941810018875,-1.8195475151837601,0.928308213994054,3
353,2024-09-28 17:01:01.722662144,TASK_BEGIN,023,0.03964891951771811,0.5083658591859992,-0.03865061932585849,-1.0297280191266707,0.8326029411382895,-0.17198383724566474,-1.6642514276457339,0.8413750325916488,3
354,2024-09-28 17:01:01.790717952,TASK_BEGIN,023,0.028505920828905677,0.505139313516934,-0.07592170880477132,-1.036154635805819,0.8402767607165053,-0.172889690817645,-1.4910330378558079,0.7524870165075273,3
355,2024-09-28 17:01:01.846969856,TASK_BEGIN,023,0.022235474628591406,0.49992165711285713,-0.11024645953545388,-1.0295911071497383,0.8498395021109955,-0.17496587028047977,-1.3009693843408492,0.6648279691951045,3
356,2024-09-28 17:01:01.926413056,TASK_BEGIN,023,0.019768912779800724,0.4926731019284245,-0.1407445613403751,-1.0094784278195,0.8612307938735155,-0.1784907024880283,-1.0968305107328093,0.5820705470646377,3
357,2024-09-28 17:01:01.994160896,TASK_BEGIN,023,0.01989157973420399,0.48350145864341704,-0.16713972395332888,-0.9761099595663095,0.8742376936383427,-0.18368664566041817,-0.883376795073517,0.5081813388623496,3
358,2024-09-28 17:01:02.935769088,TASK_BEGIN,023,0.021407136103878982,0.47262221648657077,-0.18958642229917733,-0.9307324247279989,0.8884768718939149,-0.1906927790444186,-0.6670899916682361,0.4470577894960169,3
359,2024-09-28 17:01:03.003478016,TASK_BEGIN,023,0.02329440009196214,0.46031676738139155,-0.2084886421111282,-0.8755178518018338,0.9033861415255033,-0.19953725206267964,-0.45541815884684406,0.402088563373479,3
360,2024-09-28 17:01:03.072050944,TASK_BEGIN,023,0.02478686441321043,0.44691629563997687,-0.22443201098808452,-0.8133651861097343,0.9182357472829898,-0.21011297864779466,-0.25585999958346295,0.37574754088497947,3
361,2024-09-28 17:01:03.139874048,TASK_BEGIN,023,0.025353754401959912,0.4328161247311737,-0.2382210668152448,-0.747571722897983,0.9321832368592932,-0.22216381328881318,-0.07525403682298065,0.3692967541779374,3
362,2024-09-28 17:01:03.207634944,TASK_BEGIN,023,0.02462561296309037,0.41849952676157254,-0.2509458085117421,-0.6814591263662186,0.9443672159637585,-0.23528836306118286,0.08071567107240951,0.38260265749668027,3
363,2024-09-28 17:01:03.275079168,TASK_BEGIN,023,0.022323376033148726,0.4045455366187137,-0.26406384857537035,-0.6180198224824285,0.95400079138597,-0.24896426493742305,0.20805855220938316,0.4140487415101596,3
364,2024-09-28 17:01:03.343159040,TASK_BEGIN,023,0.018218508658082253,0.39160934503731615,-0.27952738525333215,-0.5596328720016567,0.9604421981308635,-0.2625919028513028,0.3050849322870942,0.4605905348368609,3
365,2024-09-28 17:01:04.287654912,TASK_BEGIN,023,0.012127037551430747,0.3803789894244109,-0.2999130797575406,-0.5079011974854197,0.9632523318940882,-0.2755529096695121,0.37275850941606664,0.5180215233728892,3
366,2024-09-28 17:01:04.355411200,TASK_BEGIN,023,0.00393707822752576,0.37151913587970103,-0.3284120044601494,-0.4636301133838441,0.9622397969892967,-0.2872716834426191,0.41456117012150057,0.581425089617577,3
367,2024-09-28 17:01:04.423200000,TASK_BEGIN,023,-0.006340503961140523,0.36561258658941004,-0.36851925592576346,-0.4269077208340982,0.9574751983918651,-0.2972652310449066,0.4359812120998404,0.6456880671152517,3
368,2024-09-28 17:01:04.490923776,TASK_BEGIN,023,-0.018520721807248775,0.3631056235233895,-0.42339577234512493,-0.3972311081169088,0.9492721699736465,-0.3051757811761088,0.44387602695886463,0.7059524524008176,3
369,2024-09-28 17:01:04.557757952,TASK_BEGIN,023,-0.03220948516508398,0.3642601051794105,-0.49509229893708545,-0.37365359765435235,0.9381549995459115,-0.3107908199282981,0.4458678773263792,0.75796151583495,3
370,2024-09-28 17:01:04.626479104,TASK_BEGIN,023,-0.046790814781604406,0.3691191590074806,-0.5839320509035122,-0.35494354181568843,0.9248280630012607,-0.31405574940416536,0.44979481353978606,0.7983264750083507,3
371,2024-09-28 17:01:04.678778880,TASK_BEGIN,023,-0.06143916093459136,0.37749761516964364,-0.688268517147198,-0.3397292428631476,0.9101443992840433,-0.31507851157531647,0.46313221297544227,0.8247366995694343,3
372,2024-09-28 17:01:05.636748032,TASK_BEGIN,023,-0.07516246836320181,0.3890017782479047,-0.8046707982794468,-0.3266102921447121,0.8950674830265702,-0.314120651061172,0.49227515285873824,0.8360982414785288,3
373,2024-09-28 17:01:05.703770880,TASK_BEGIN,023,-0.08688021014386654,0.40307184796040785,-0.9284331776152547,-0.3142599051050919,0.8806348791903539,-0.311572218974813,0.5417039370581034,0.8325797261891711,3
374,2024-09-28 17:01:05.772216064,TASK_BEGIN,023,-0.09553046075023243,0.41903904055055,-1.0542063628912612,-0.3015633217234435,0.8679316255488647,-0.30791454477120456,0.6132598476947463,0.815552907418921,3
375,2024-09-28 17:01:05.839924992,TASK_BEGIN,023,-0.1001847512492758,0.4361945516299912,-1.1765578148559908,-0.2877845595540434,0.8580531967888925,-0.3036755688970046,0.7057890110395604,0.7874183172095771,3
376,2024-09-28 17:01:05.894769920,TASK_BEGIN,023,-0.10013712875066656,0.45386356748264906,-1.290385935427658,-0.272683961287209,0.8520290657234053,-0.2993816182549547,0.8152481467319278,0.7513311037667597,3
377,2024-09-28 17:01:05.974526976,TASK_BEGIN,023,-0.09494590994682268,0.4714696913427517,-1.3912433927912078,-0.2565178288656421,0.8507097206933244,-0.2955136990691372,0.9352080270212241,0.7108666173334882,3
378,2024-09-28 17:01:06.040155904,TASK_BEGIN,023,-0.08444411149572742,0.488579098963867,-1.475637497917094,-0.23993272887863482,0.8546517635796587,-0.2924789168079557,1.0575960188177245,0.669654602970152,3
379,2024-09-28 17:01:06.986808064,TASK_BEGIN,023,-0.06875106594901913,0.5049221942743729,-1.5412624242617927,-0.22382224537713094,0.8640295874232026,-0.29059886305462557,1.173516065817299,0.6309938213342008,3
380,2024-09-28 17:01:07.040055808,TASK_BEGIN,023,-0.048294698229004125,0.5203910318594793,-1.5870682607088915,-0.20919563868402055,0.8785720977108182,-0.2901018074380941,1.2741068423934103,0.597477967075249,3
381,2024-09-28 17:01:07.116777728,TASK_BEGIN,023,-0.023830132262106247,0.5350107844096798,-1.613185296143046,-0.19706692835314177,0.8975233387100713,-0.29110680178780457,1.3514944335002281,0.5707072643985904,3
382,2024-09-28 17:01:07.187764992,TASK_BEGIN,023,0.0035642888732220304,0.548889534861267,-1.6208241437488058,-0.18836068244473222,0.9196670950061218,-0.2936093489107653,1.3998349423154333,0.551168597240878,3
383,2024-09-28 17:01:07.257435136,TASK_BEGIN,023,0.03253033476069641,0.5621576330241463,-1.6122126065863276,-0.18384355384133347,0.9434638913491579,-0.29748894402078824,1.4162551454768462,0.5383139090553741,3
384,2024-09-28 17:01:07.324218880,TASK_BEGIN,023,0.06152172426266916,0.5749124831883526,-1.5904786690848067,-0.18410502473573584,0.9672807678986459,-0.3025423427494388,1.4013437552082593,0.5308042553123005,3
385,2024-09-28 17:01:07.393348864,TASK_BEGIN,023,0.0889361267500889,0.5871826996209122,-1.5593014413440525,-0.1895949964782612,0.9896247777643676,-0.30852690284652573,1.3589395850299673,0.5268660319292038,3
386,2024-09-28 17:01:08.337841152,TASK_BEGIN,023,0.11326397128901047,0.598914829674164,-1.5222602093120667,-0.20067599809190623,1.0093034059343688,-0.3151962105669895,1.2952707092632523,0.5247011264873305,3
387,2024-09-28 17:01:08.404951808,TASK_BEGIN,023,0.13323247499376897,0.6099765793971017,-1.482085617785669,-0.21762784239368044,1.0254906286424357,-0.32231806636956023,1.2177413109596102,0.5228715938405063,3
388,2024-09-28 17:01:08.473342720,TASK_BEGIN,023,0.1479280073500878,0.6201702017612685,-1.4401632288126511,-0.2405872000910713,1.0377058759220117,-0.32967366085824307,1.1336685556816923,0.5205820074259934,3
389,2024-09-28 17:01:08.535771904,TASK_BEGIN,023,0.15686846502215163,0.6292528951717711,-1.396449393566618,-0.2694670545410405,1.0457296635942934,-0.3370459305145432,1.0491389448135537,0.5178297030966822,3
390,2024-09-28 17:01:08.608385024,TASK_BEGIN,023,0.15999767832210676,0.6369619780783888,-1.3496943752213835,-0.3039166104442937,1.0495074583763613,-0.3442116270955603,0.9681403516202697,0.5154240832597293,3
391,2024-09-28 17:01:08.676610816,TASK_BEGIN,023,0.1576153905690254,0.6430406226800347,-1.2978610742599546,-0.34332009389759255,1.0490986026933435,-0.35095153130585577,0.8922033236753731,0.5148774690760629,3
392,2024-09-28 17:01:08.744343040,TASK_BEGIN,023,0.15029218876430206,0.6472598357565246,-1.2387159587934162,-0.3867794485072583,1.0446842368118936,-0.35708253470713175,0.8206411120754878,0.5181840720454305,3
393,2024-09-28 17:01:09.686664960,TASK_BEGIN,023,0.1387986434375975,0.649437502360155,-1.1704775242147496,-0.4330817756846006,1.0365969028527435,-0.3624980219939461,0.7512117663699136,0.5275146675906938,3
394,2024-09-28 17:01:09.754803968,TASK_BEGIN,023,0.12404193550423101,0.6494565535516716,-1.0922905652098438,-0.4807207828546398,1.025334697950693,-0.3671965317710563,0.680975346221301,0.5448470065821318,3
395,2024-09-28 17:01:09.817775872,TASK_BEGIN,023,0.10700148561281266,0.6472768508320391,-1.0043657399177561,-0.5280090648351993,1.0115577061773282,-0.3712856994875609,0.6071825709569854,0.571560572262074,3
396,2024-09-28 17:01:09.878892800,TASK_BEGIN,023,0.08866563231298248,0.6429338229187823,-0.9077774751106411,-0.5732604322517512,0.9960695533954558,-0.37495529070620515,0.5280680603836961,0.6080520401496818,3
397,2024-09-28 17:01:09.956645888,TASK_BEGIN,023,0.06996836033178117,0.6365295025079484,-0.8040221655784837,-0.6150094710138869,0.9797673596187348,-0.3784226964899342,0.4435321148390165,0.6534496324250109,3
398,2024-09-28 17:01:10.018301952,TASK_BEGIN,023,0.0517270850593282,0.6282305550922899,-0.6945434029055568,-0.6522208632095624,0.9635501322195179,-0.38186972149235415,0.355735645559915,0.7055047880769156,3
399,2024-09-28 17:01:10.093582080,TASK_BEGIN,023,0.03459328191498216,0.618279295970566,-0.580486463736032,-0.6844087369786279,0.9482075663538134,-0.38539313304863015,0.26943583898984885,0.760708760056627,3
400,2024-09-28 17:01:11.011701248,TASK_BEGIN,023,0.019023324565127227,0.6070104120569983,-0.4627886888372528,-0.7116079745867989,0.9343280110844602,-0.38897853412350225,0.1917165351055591,0.8146440223221713,3
401,2024-09-28 17:01:11.081556224,TASK_BEGIN,023,0.0052697289934908725,0.5948605252539203,-0.3424438912201958,-0.7342231779318437,0.9222513841949541,-0.39249564149408583,0.1309376354373246,0.8625441434203078,3
402,2024-09-28 17:01:11.134379008,TASK_BEGIN,023,-0.00659534751035843,0.58235930911836,-0.2207163336902349,-0.7528256677991471,0.9120713733506649,-0.39571154539203324,0.0951554736842805,0.8999610910556924,3
403,2024-09-28 17:01:11.212014848,TASK_BEGIN,023,-0.01661716422571412,0.570101260531452,-0.09921139106960125,-0.7679595726498785,0.9036789458715353,-0.3983196972115293,0.09054876849969064,0.9233685075720058,3
404,2024-09-28 17:01:11.284164096,TASK_BEGIN,023,-0.024887132876695774,0.5587105100421038,0.020197407238512613,-0.780018048053717,0.8968302889452614,-0.3999797247116126,0.12028490308469558,0.9305646225203891,3
405,2024-09-28 17:01:11.352582144,TASK_BEGIN,023,-0.03150804930335683,0.5488106142857109,0.13551324372773296,-0.7892196010255759,0.8912211138251144,-0.40036081381865485,0.1839673771473387,0.9208399006192063,3
406,2024-09-28 17:01:11.413502976,TASK_BEGIN,023,-0.036601888596734244,0.5409975322375367,0.24469710964184913,-0.7956470310323022,0.8865632213348513,-0.3991862736349965,0.2776038976282551,0.8949315203687669,3
407,2024-09-28 17:01:12.336638976,TASK_BEGIN,023,-0.04033147228141161,0.535806246745568,0.34561520519191424,-0.7992995552450955,0.8826613003934417,-0.39628090502090724,0.393981800877504,0.8548123442789949,3
408,2024-09-28 17:01:12.404891136,TASK_BEGIN,023,-0.04291379728557725,0.5336674808366643,0.43590260550059867,-0.8001405809499822,0.8794657380248088,-0.39161590227107484,0.5233562499365969,0.803400382759101,3
409,2024-09-28 17:01:12.472795904,TASK_BEGIN,023,-0.0446207469668975,0.534861424025443,0.512848256818936,-0.798144741081867,0.8770726761292559,-0.3853395236460263,0.6543512350745957,0.7442729205216787,3
410,2024-09-28 17:01:12.540492800,TASK_BEGIN,023,-0.04576797411503068,0.5394812451458555,0.5734349542614534,-0.7933700547292158,0.8756752306223287,-0.3777850243371612,0.7748914949076778,0.6814062019310038,3
411,2024-09-28 17:01:12.608237056,TASK_BEGIN,023,-0.046687563981760785,0.5474141421335043,0.614650580514801,-0.7860834502256348,0.8754912524735682,-0.3694503422438878,0.8729666130938731,0.6189209505184503,3
412,2024-09-28 17:01:12.675558144,TASK_BEGIN,023,-0.047674493214707986,0.5583361551037527,0.6340420664463077,-0.7769164681703683,0.8766776266742278,-0.36094595158105236,0.9372423839034048,0.5608296424515343,3
413,2024-09-28 17:01:12.742737152,TASK_BEGIN,023,-0.0489133371871533,0.5717155371054817,0.6302877461431873,-0.7669651620336471,0.8792416905609908,-0.352920384149767,0.9577524025742673,0.5107983348050076,3
414,2024-09-28 17:01:13.689146112,TASK_BEGIN,023,-0.05041690882771947,0.5868249021582732,0.6035215390300246,-0.7577422966691592,0.8829913213524764,-0.3459888525913189,0.9267589488627257,0.47194125058140896,3
415,2024-09-28 17:01:13.754055936,TASK_BEGIN,023,-0.05199845824372242,0.6027588309803293,0.5553286343520764,-0.7509632904717641,0.8875552134895636,-0.3406851155863127,0.839571028027336,0.44666415846545543,3
416,2024-09-28 17:01:13.810553856,TASK_BEGIN,023,-0.05327368500273416,0.6184519790221071,0.48856445487802785,-0.7482558099426999,0.8924489382387086,-0.33743268310498625,0.695116203462366,0.436548562247864,3
417,2024-09-28 17:01:13.888211968,TASK_BEGIN,023,-0.0536901985482663,0.6327030098182557,0.40718668246640666,-0.7509295345088813,0.8971444022700024,-0.33651786867863187,0.4962589922911599,0.44227026807467146,3
418,2024-09-28 17:01:13.960145920,TASK_BEGIN,023,-0.05259023949771562,0.644212977158714,0.31609609144800194,-0.7598656880264786,0.901132942092876,-0.33805736096233746,0.24986646343809213,0.4635832637094093,3
419,2024-09-28 17:01:14.027110144,TASK_BEGIN,023,-0.04930470905182772,0.6516358074446906,0.22077973571022688,-0.7754653682650066,0.9039847694266888,-0.3419704339569031,-0.03348841714398811,0.4993970138170785,3
420,2024-09-28 17:01:14.095586816,TASK_BEGIN,023,-0.043264735504881316,0.653631254554361,0.126629684108648,-0.7975837937240041,0.9053806139091493,-0.3479708016106405,-0.34028247313033017,0.5479392407662194,3
421,2024-09-28 17:01:15.039041024,TASK_BEGIN,023,-0.03410899455579321,0.6489151170114715,0.038123491329134535,-0.8254757156045732,0.9050878478681229,-0.3555852282658848,-0.6551747298623071,0.6069731385466917,3
422,2024-09-28 17:01:15.106801920,TASK_BEGIN,023,-0.021759841634566467,0.6363069012521777,-0.04178021415798245,-0.8578323057751807,0.9029005956063771,-0.36419741438421105,-0.9622372335055839,0.6740059415175345,3
423,2024-09-28 17:01:15.165308928,TASK_BEGIN,023,-0.006441234524879434,0.6147736749434044,-0.1118301931525432,-0.8929335263041059,0.8985960451226751,-0.3731109038457201,-1.2460643519201209,0.746416458443252,3
424,2024-09-28 17:01:15.226903808,TASK_BEGIN,023,0.011372053852294515,0.5834678990518161,-0.17231233256264536,-0.9288551341237098,0.8919370444365324,-0.38162200780591127,-1.4927938575942876,0.8214990196474413,3
425,2024-09-28 17:01:15.303644672,TASK_BEGIN,023,0.031046689271840094,0.541765297636,-0.22468481364432144,-0.9636471028089524,0.8827194279779983,-0.3890948601731299,-1.6910920223037995,0.8964939025497614,3
426,2024-09-28 17:01:15.375955200,TASK_BEGIN,023,0.05187232913309156,0.48931901065215727,-0.2711200737469036,-0.9954488153343155,0.8708480409258826,-0.395033104114801,-1.8329494636699983,0.9686548905197109,3
427,2024-09-28 17:01:15.442210816,TASK_BEGIN,023,0.07310061703509907,0.4261443243961998,-0.3139811564725779,-1.022570485502813,0.8564130412111611,-0.39913887750927124,-1.914100271080405,1.0353448028036047,3
428,2024-09-28 17:01:16.389142016,TASK_BEGIN,023,0.09394350180474709,0.352733532373688,-0.3552901171316235,-1.043584268509512,0.8397336413342953,-0.40134500362254005,-1.9340273496881986,1.094140159902143,3
429,2024-09-28 17:01:16.456886016,TASK_BEGIN,023,0.11353467562035505,0.27018636648833183,-0.39632340117152143,-1.0574214827237387,0.8213453939327234,-0.4018109643858663,-1.895662101237243,1.1429519860436612,3
430,2024-09-28 17:01:16.524609024,TASK_BEGIN,023,0.13085114631881908,0.18033507807061697,-0.43744733757356186,-1.0634327033930902,0.8019203089136142,-0.40088180792407435,-1.8049877882797616,1.180177084544595,3
431,2024-09-28 17:01:16.591881984,TASK_BEGIN,023,0.14461826460640098,0.08583662723929188,-0.47817699971586186,-1.0613912054746883,0.7821339170217421,-0.399014126317273,-1.670713854216401,1.2048730848539906,3
432,2024-09-28 17:01:16.659220992,TASK_BEGIN,023,0.15325300019264818,-0.009802876371327365,-0.5173509249698502,-1.0514736296355722,0.7625325030161486,-0.39668173385198635,-1.5039767282826875,1.2169071419164201,3
433,2024-09-28 17:01:16.723858176,TASK_BEGIN,023,0.15488947779308607,-0.10230218316200769,-0.5533152036344892,-1.0342677811457028,0.7434729687391666,-0.39428732392987226,-1.3178895277491605,1.2169963224759712,3
434,2024-09-28 17:01:16.787058176,TASK_BEGIN,023,0.14749398351020124,-0.18679380367635948,-0.584042998094289,-1.0108105278027673,0.7251699073205747,-0.3921082656352427,-1.1268185831539586,1.2065896631393291,3
435,2024-09-28 17:01:17.733045248,TASK_BEGIN,023,0.12905841844084068,-0.25813567898056855,-0.6071815221883115,-0.9825885859509756,0.707812916079664,-0.3902858915102532,-0.9453120935324911,1.1876150216833095,3
436,2024-09-28 17:01:17.785844992,TASK_BEGIN,023,0.0978698959821948,-0.31135516821051484,-0.6200992077481386,-0.9514180131462793,0.6916815601607348,-0.38884564632518975,-0.7866029394336346,1.1621577247257333,3
437,2024-09-28 17:01:17.862233856,TASK_BEGIN,023,0.05285229594487546,-0.34221786778286795,-0.6200312130670986,-0.9191778884304285,0.6772085094490966,-0.38772837584730313,-0.660776632574714,1.1321430344886745,3
438,2024-09-28 17:01:17.935550976,TASK_BEGIN,023,-0.006082808644371737,-0.3478302719244308,-0.6043947683599986,-0.8874579831130976,0.6649789489015487,-0.3868178647327001,-0.5730782514387224,1.0990954155904877,3
439,2024-09-28 17:01:18.003827968,TASK_BEGIN,023,-0.07782538599349717,-0.3270688190194639,-0.5712628729480247,-0.857238309713557,0.6556714555209137,-0.3859591058089375,-0.5230629727096303,1.0640371201912597,3
440,2024-09-28 17:01:18.071806976,TASK_BEGIN,023,-0.16013798277375213,-0.2806385330888715,-0.5198794979955467,-0.8287098153672763,0.649951702514581,-0.38497147899845297,-0.5049767173717438,1.0275398555064892,3
441,2024-09-28 17:01:18.127270144,TASK_BEGIN,023,-0.2499867516408313,-0.21077017958514666,-0.45109048781982647,-0.8012710390354838,0.6483454277442904,-0.38366220562610154,-0.5091135176237674,0.9898965079842253,3
442,2024-09-28 17:01:19.089412096,TASK_BEGIN,023,-0.3439367355925566,-0.12076845805709903,-0.36758692954839006,-0.7736828389437141,0.651133909882063,-0.381838444019071,-0.5236307073020425,0.9513720655692712,3
443,2024-09-28 17:01:19.147874048,TASK_BEGIN,023,-0.43842010868706066,-0.01462459535452108,-0.27382362513458425,-0.744346038115068,0.6583010903231263,-0.3793137155433121,-0.5364761773501763,0.9124710579838743,3
444,2024-09-28 17:01:19.224870912,TASK_BEGIN,023,-0.5298399863964727,0.10323050019242506,-0.17555299105400518,-0.7116177124381201,0.6695233598799928,-0.3759102640477086,-0.5371562941906814,0.8741276282235597,3
445,2024-09-28 17:01:19.292622080,TASK_BEGIN,023,-0.6145873225341553,0.22805849143741175,-0.07911491266088178,-0.6740637442604382,0.6841878269328971,-0.3714660500802283,-0.5180639446783063,0.8377718871383518,3
446,2024-09-28 17:01:19.360392960,TASK_BEGIN,023,-0.6890429045942231,0.3548712455941996,0.00931520861961607,-0.630623119740091,0.7014492540390936,-0.3658527414909391,-0.4752685522764995,0.8053002846064935,3
447,2024-09-28 17:01:19.428197888,TASK_BEGIN,023,-0.7495842141717853,0.4784341580658592,0.08440312688328792,-0.5807276755643552,0.7203301158820082,-0.3589988086755264,-0.408787415326097,0.7789630561006959,3
448,2024-09-28 17:01:19.495897856,TASK_BEGIN,023,-0.7925880833367059,0.593235613501268,0.14216530427355178,-0.524396669788572,0.7398387054603259,-0.350905771371489,-0.32228864023256615,0.7611440880444282,3
449,2024-09-28 17:01:20.424905984,TASK_BEGIN,023,-0.8144246068822956,0.693461997079991,0.18018832829562015,-0.4622571337913941,0.7590721069089814,-0.34165245096753827,-0.2222610236555173,0.754048676237975,3
450,2024-09-28 17:01:20.505673728,TASK_BEGIN,023,-0.811459942447484,0.7730212427116447,0.19747133021081809,-0.3954064262982689,0.7772818348089457,-0.3313883300025494,-0.11692984330352159,0.759377398058856,3
451,2024-09-28 17:01:20.563697920,TASK_BEGIN,023,-0.7800970001150043,0.8256346193105464,0.19392072078546801,-0.32508190058853637,0.7938868486807387,-0.3203158032479552,-0.015193641994959045,0.778064944779863,3
452,2024-09-28 17:01:20.640480000,TASK_BEGIN,023,-0.7168714993922864,0.844991785087183,0.16966480752569515,-0.252203530499359,0.8084279296870809,-0.30866079148157577,0.0744168707493672,0.810103472755886,3
453,2024-09-28 17:01:20.702074880,TASK_BEGIN,023,-0.6186021591734115,0.8249582922896584,0.12444844851026139,-0.17693413605950506,0.8204904027677161,-0.2966387600167159,0.1448442554101577,0.8544159883366168,3
454,2024-09-28 17:01:20.765494016,TASK_BEGIN,023,-0.48258064149885105,0.7598279096572238,0.057359154192948854,-0.09843735919668688,0.8296526866245342,-0.28442968180006556,0.191519040029953,0.908768795930425,3
455,2024-09-28 17:01:20.841854976,TASK_BEGIN,023,-0.30678111867275254,0.6446114216231094,-0.03297089965728099,-0.014969954516460817,0.8354925644632897,-0.27216881123476044,0.212982285913254,0.9697880146153478,3
456,2024-09-28 17:01:21.764915968,TASK_BEGIN,023,-0.09007189219534753,0.47535221825695595,-0.14770492281121894,0.07571035669116027,0.8376286027499102,-0.2599496865099902,0.21099276631510613,1.0331592529931393,3
457,2024-09-28 17:01:21.832681984,TASK_BEGIN,023,0.16758531065242865,0.2494558813310829,-0.2869016407561609,0.17579475757483762,0.8357674494972279,-0.24783769901049998,0.1901740770585021,1.0940194662937084,3
458,2024-09-28 17:01:21.900409856,TASK_BEGIN,023,0.4649664148357993,-0.033991598815901906,-0.44877004421954575,0.2869374640683228,0.8297591429730802,-0.23589867961403488,0.15724135459218372,1.1474809015028244,3
459,2024-09-28 17:01:21.968134912,TASK_BEGIN,023,0.7994667603687436,-0.3739568497817826,-0.6294490234195649,0.40997383138808896,0.8196617986222066,-0.22423889208503386,0.11985712100396714,1.1891938457791125,3
460,2024-09-28 17:01:22.031475200,TASK_BEGIN,023,1.167048203793742,-0.7672892875606944,-0.8233763146912522,0.5448596882629578,0.8057804778197072,-0.21303580207035136,0.08530253244286376,1.2158475427629585,3
461,2024-09-28 17:01:22.093615872,TASK_BEGIN,023,1.5622614309151532,-1.2086932103796169,-1.0239685415578925,0.6907229876692133,0.7886355266455236,-0.20253771419048988,0.059260957403917784,1.2255368572143643,3
462,2024-09-28 17:01:22.170270976,TASK_BEGIN,023,1.9783623549521665,-1.6908734090500332,-1.2242703322065502,0.8458978276861002,0.7688610634753292,-0.1930322518961432,0.04498884116355415,1.2179650946179497,3
463,2024-09-28 17:01:23.113609216,TASK_BEGIN,023,2.4075505712700207,-2.204850851882729,-1.4174376226693426,1.007913982751379,0.7470892482961426,-0.1848054469857186,0.04303117862543556,1.1944675663690676,3
464,2024-09-28 17:01:23.181421056,TASK_BEGIN,023,2.8413245774682063,-2.7404000573460205,-1.597153392067771,1.1735158524611278,0.7238858638537302,-0.1781132381131659,0.05151331327413106,1.1578378165196763,3
465,2024-09-28 17:01:23.249192960,TASK_BEGIN,023,3.270886928574341,-3.286536652818263,-1.7581079001549957,1.3387856118209889,0.699763022104841,-0.17317089226268179,0.06691126083609557,1.111963562470725,3
466,2024-09-28 17:01:23.309757184,TASK_BEGIN,023,3.687522713470435,-3.831993882419879,-1.896477501291586,1.4993808060225313,0.675238136311418,-0.17015110693679744,0.08504168575789431,1.0613309780934226,3
467,2024-09-28 17:01:23.372608768,TASK_BEGIN,023,4.082921197579632,-4.365643249538412,-2.0101656251367777,1.650835249377021,0.6508744904515106,-0.16917638207675267,0.10193651254592799,1.0104875762660372,3
468,2024-09-28 17:01:23.449878016,TASK_BEGIN,023,4.449443395032069,-4.8768264810212125,-2.0986545655954436,1.7888364004712103,0.6272577580148769,-0.17029409073790813,0.11437653841248142,0.9635482406785185,3
469,2024-09-28 17:01:23.520133120,TASK_BEGIN,023,4.780352370884014,-5.355607559576583,-2.162553653215771,1.9094211705661703,0.6049233936951125,-0.1734350303476356,0.12000921328265551,0.9238178155444511,3
470,2024-09-28 17:01:24.438132992,TASK_BEGIN,023,5.0700442686707206,-5.793020437905807,-2.2030929451921244,2.009130383329811,0.5842887480531975,-0.17837666073345335,0.11704791108153893,0.8935943093781523,3
471,2024-09-28 17:01:24.505847040,TASK_BEGIN,023,5.314325339000807,-6.181415244291276,-2.2217799274690093,2.0852029308968727,0.5656181879751531,-0.18473953708975854,0.10364402158038957,0.8741752545219136,3
472,2024-09-28 17:01:24.571315968,TASK_BEGIN,023,5.51074942864227,-6.514956237923419,-2.220247220424728,2.135807105999533,0.5490037800291673,-0.1920237221923962,0.07714702795145613,0.8660270379744728,3
473,2024-09-28 17:01:24.633331968,TASK_BEGIN,023,5.658962916987263,-6.7902143107174835,-2.200168762734363,2.160227158564656,0.534341263562957,-0.19966537465568526,0.03353538308061436,0.8690341518829513,3
474,2024-09-28 17:01:24.699897856,TASK_BEGIN,023,5.760937775118148,-7.0066811530478015,-2.1631736737177585,2.1589505938912588,0.5213097282288786,-0.2070914274216822,-0.03264908724186109,0.8827203158509394,3
475,2024-09-28 17:01:24.772130816,TASK_BEGIN,023,5.820970568722218,-7.167001500432192,-2.110811752700438,2.133661215367413,0.5093756478150014,-0.21376349754455354,-0.12761508932608245,0.9063469579224052,3
476,2024-09-28 17:01:24.844593920,TASK_BEGIN,023,5.845392222621164,-7.276806756072101,-2.044577146993816,2.0871357910869146,0.49783105378452597,-0.2192114960234993,-0.2570089035608474,0.9388815975293462,3
477,2024-09-28 17:01:25.787512832,TASK_BEGIN,023,5.842019713464209,-7.344163682493887,-1.9658766454393315,2.02301531051505,0.48586536270542896,-0.22306056086785536,-0.4244282447009454,0.9789194163083603,3
478,2024-09-28 17:01:25.855899904,TASK_BEGIN,023,5.819454499917274,-7.378752870084417,-1.8758959262660884,1.9454664912233606,0.47266148103385364,-0.22505229914620667,-0.6301756856973757,1.0246547395276042,3
479,2024-09-28 17:01:25.922413056,TASK_BEGIN,023,5.786373191452714,-7.390946286937564,-1.7754883858486468,1.8588253221671769,0.45748463777312887,-0.22505293267486223,-0.8704868787649385,1.0739552057502735,3
480,2024-09-28 17:01:25.991337216,TASK_BEGIN,023,5.750935495165107,-7.390947829360748,-1.6652519003166992,1.7673217932537504,0.43972156035424037,-0.22303843311424393,-1.1373622056088792,1.1245203987788257,3
481,2024-09-28 17:01:26.059129856,TASK_BEGIN,023,5.720365044051176,-7.388099691914078,-1.545835811913599,1.6749137526781392,0.418867804606782,-0.21906011295206299,-1.4190181076497053,1.1740472491361649,3
482,2024-09-28 17:01:26.125344000,TASK_BEGIN,023,5.700695465163307,-7.390390595991269,-1.4183591208988822,1.5851883972024559,0.39452125073837535,-0.21321094790861045,-1.7008903961354578,1.2203477891703647,3
483,2024-09-28 17:01:26.187830784,TASK_BEGIN,023,5.6966479351496195,-7.404164088084476,-1.2847767295360615,1.5012900074485314,0.366442650240208,-0.2056124648618102,-1.9670579348529502,1.2614359117612048,3
484,2024-09-28 17:01:27.133398016,TASK_BEGIN,023,5.7116057393030415,-7.434004370948169,-1.1481289673039623,1.4258770555422,0.3346781738358753,-0.1964251509744337,-2.2018094140770854,1.2956052955557837,3
485,2024-09-28 17:01:27.194983936,TASK_BEGIN,023,5.747656880550133,-7.482761868082818,-1.012701037330447,1.36112913534948,0.299680360406307,-0.18587132322732897,-2.391057031739967,1.321478466959804,3
486,2024-09-28 17:01:27.273915904,TASK_BEGIN,023,5.805677514575741,-7.5516774800897055,-0.8840658112395928,1.3087868150740944,0.2623687135542561,-0.17425736321353766,-2.5235497354845466,1.3380212279586805,3
487,2024-09-28 17:01:27.333753088,TASK_BEGIN,023,5.885431548098295,-7.640572618796902,-0.7688398015952329,1.270163696694864,0.22410545711842156,-0.16198473713364722,-2.591934684138542,1.3445546370936865,3
488,2024-09-28 17:01:27.409320192,TASK_BEGIN,023,5.9856768704948236,-7.748079647106276,-0.674005723573026,1.2460948575511126,0.18658675086072685,-0.14954185168463086,-2.5934366289327446,1.3407556186317457,3
489,2024-09-28 17:01:27.477127936,TASK_BEGIN,023,6.104288771034734,-7.87189048481723,-0.6059557387302399,1.2368639875506833,0.1516745720539641,-0.13747379336856944,-2.5298185956395574,1.3265956569818185,3
490,2024-09-28 17:01:27.544788992,TASK_BEGIN,023,6.2384174413824764,-8.009006243981535,-0.5696493551793015,1.242189104918506,0.12121091956206735,-0.12633368585964277,-2.406693315975862,1.3022396883071479,3
491,2024-09-28 17:01:28.487317248,TASK_BEGIN,023,6.384682661411185,-8.155976748867047,-0.5681341000989282,1.2613059633622155,0.09684068560544609,-0.11662481492119661,-2.2326411663346026,1.2679895590529338,3
492,2024-09-28 17:01:28.552673024,TASK_BEGIN,023,6.5393817659040465,-8.309118433881324,-0.6023675200446091,1.2931148896291271,0.07984428950685593,-0.10874338507573614,-2.0184504929244116,1.2242873709570257,3
493,2024-09-28 17:01:28.622889216,TASK_BEGIN,023,6.698672606917111,-8.46469752744713,-0.6712323229179817,1.336330294558636,0.07098684498956352,-0.10292838922993014,-1.7764028241920577,1.171722104822245,3
494,2024-09-28 17:01:28.690632192,TASK_BEGIN,023,6.858713104371787,-8.619072063318766,-0.771832278928332,1.3896129993713093,0.07041897844836728,-0.099224859193684,-1.5194445534310792,1.1110226164656314,3
495,2024-09-28 17:01:28.752521984,TASK_BEGIN,023,7.015767543555919,-8.768794853745321,-0.9001914365656085,1.4516886609214799,0.07766037473000131,-0.09747076608392616,-1.2603322175240483,1.043077736679775,3
496,2024-09-28 17:01:28.814126080,TASK_BEGIN,023,7.16629125028838,-8.910681542947435,-1.0521985249163182,1.5214187539812754,0.0916540530011898,-0.09731598274012605,-1.010941314312846,0.9690101127180241,3
497,2024-09-28 17:01:28.893876992,TASK_BEGIN,023,7.306990142100093,-9.041849472720875,-1.22434024392078,1.5977713697739822,0.11086141539005774,-0.09826991811562495,-0.7818098822324582,0.8903029877431045,3
498,2024-09-28 17:01:29.837404928,TASK_BEGIN,023,7.4348474749912254,-9.159739815860242,-1.413812867954815,1.67968447811824,0.13339052540750965,-0.09976391643814031,-0.5819730841800382,0.8089690214868213,3
499,2024-09-28 17:01:29.905217792,TASK_BEGIN,023,7.547127140934527,-9.262140302343937,-1.6180234044909634,1.7658740030375428,0.15716436154933788,-0.10121538583941143,-0.41915458821019397,0.7277075973822227,3
500,2024-09-28 17:01:29.972728064,TASK_BEGIN,023,7.6413892869041105,-9.347222034525991,-1.833912974051447,1.854664187664099,0.1801313422838922,-0.10208835913371475,-0.30014364638975605,0.6499555604294058,3
501,2024-09-28 17:01:30.040615936,TASK_BEGIN,023,7.715554175935681,-9.413593254440721,-2.057552320250632,1.943906095811358,0.200500906760366,-0.10194866562285756,-0.2309826371005333,0.5797687853366885,3
502,2024-09-28 17:01:30.108371968,TASK_BEGIN,023,7.768012290585829,-9.460362504031448,-2.2841148864893643,2.0310075239447793,0.2169440944053151,-0.10050644672740697,-0.21676223216429732,0.5215480303625948,3
503,2024-09-28 17:01:30.174884096,TASK_BEGIN,023,7.797742712381753,-9.487197554397206,-2.508025547399966,2.1130402678878872,0.2286851192564934,-0.09763406908963677,-0.26111588884640996,0.47966104122905057,3
504,2024-09-28 17:01:30.243779072,TASK_BEGIN,023,7.804400169262353,-9.494362750781493,-2.7231013231251238,2.186877710461915,0.23547010959897668,-0.09335526981034187,-0.36561790272016137,0.4580046967529007,3
505,2024-09-28 17:01:31.186214912,TASK_BEGIN,023,7.78835172424241,-9.482717425731082,-2.922745970543194,2.2493754810348463,0.23746329078115014,-0.08781372054537578,-0.5292913045751855,0.4595596685474701,3
506,2024-09-28 17:01:31.255309056,TASK_BEGIN,023,7.750662375146476,-9.453668371252698,-3.10038372610697,2.297645487105126,0.23511744592567396,-0.08123190323113295,-0.7483512429927252,0.48601873861760636,3
507,2024-09-28 17:01:31.322137088,TASK_BEGIN,023,7.693041229008515,-9.409086654054036,-3.2501563530172195,2.329401714395653,0.2290379625254317,-0.07386856281423447,-1.0161357897981897,0.5375508750552425,3
508,2024-09-28 17:01:31.386947072,TASK_BEGIN,023,7.61777123719708,-9.351208022814246,-3.3676706925337387,2.3432617022947846,0.21986174484869947,-0.0659836299520105,-1.3231313271532574,0.6127038780791835,3
509,2024-09-28 17:01:31.458554880,TASK_BEGIN,023,7.527640002683633,-9.282530192559653,-3.450530145913669,2.338900563110262,0.20817463954844415,-0.05781759495387349,-1.6570969093620753,0.7084196176040781,3
510,2024-09-28 17:01:31.526070016,TASK_BEGIN,023,7.425860613508273,-9.205710354991039,-3.4985463170522832,2.3170514975307857,0.1944712490827425,-0.04958489598119621,-2.0033039732666706,0.8201572312222178,3
511,2024-09-28 17:01:31.588503040,TASK_BEGIN,023,7.315951753056979,-9.123461386083859,-3.513717327728141,2.279409508001175,0.17915235721880007,-0.04147596847583944,-2.3449484166539394,0.9421484659445499,3
512,2024-09-28 17:01:32.512525824,TASK_BEGIN,023,7.20156099269744,-9.038444724730414,-3.5000375618539437,2.228473239564095,0.16256329806034653,-0.03366188028953336,-2.663934702179274,1.0677932710433387,3
513,2024-09-28 17:01:32.570988032,TASK_BEGIN,023,7.086253374766844,-8.95316305537531,-3.4630515268017015,2.167315743516385,0.14506691753610892,-0.026296296856537626,-2.9421503204966433,1.1901540872812608,3
514,2024-09-28 17:01:32.632988160,TASK_BEGIN,023,6.973319587114236,-8.869864063480705,-3.409141125282588,2.099293065407704,0.1271112190084599,-0.019511796324496802,-3.1630257371924335,1.3024822359363217,3
515,2024-09-28 17:01:32.715836928,TASK_BEGIN,023,6.865655918351522,-8.790467895653272,-3.3447994181168625,2.0277572442003375,0.10923239587918071,-0.013407129420406649,-3.3130152642053385,1.3987229795398648,3
516,2024-09-28 17:01:32.772028160,TASK_BEGIN,023,6.765725518824396,-8.716523174529513,-3.2761411734467822,1.9558354309966832,0.09196614944107898,-0.008020635404548901,-3.3827919903479606,1.4739778336422702,3
517,2024-09-28 17:01:32.850635008,TASK_BEGIN,023,6.675560740345227,-8.64918623358672,-3.2086181514494743,1.886277425799458,0.0757058763292514,-0.003294575828316401,-3.368136720079718,1.5249095543276379,3
518,2024-09-28 17:01:32.919034880,TASK_BEGIN,023,6.596757964728442,-8.589213618116348,-3.146799367218481,1.8213675109955993,0.06058780289207702,0.0009477850734952597,-3.2704451113122794,1.550019654846408,3
519,2024-09-28 17:01:33.859898112,TASK_BEGIN,023,6.530449041247478,-8.536961724710036,-3.0942086348203346,1.7629329081813567,0.046474151410263544,0.004988342841712508,-3.0966939273172787,1.5497089346741322,3
520,2024-09-28 17:01:33.930458880,TASK_BEGIN,023,6.477259516109545,-8.492394244056062,-3.0532407458281097,1.7124524765064864,0.03305726808875443,0.00915999249986888,-2.858859363290664,1.5261262568620786,3
521,2024-09-28 17:01:33.983753984,TASK_BEGIN,023,6.437266896057724,-8.455101248787447,-3.0250682264249984,1.6711805893455163,0.02004212432573748,0.013772239285048187,-2.5729209900302266,1.482879179707538,3
522,2024-09-28 17:01:34.061430016,TASK_BEGIN,023,6.409978591902538,-8.424333347761722,-3.0094649335673935,1.6401679888949368,0.00732603427876275,0.019042770472532472,-2.25754634161664,1.424647046815583,3
523,2024-09-28 17:01:34.133652224,TASK_BEGIN,023,6.3943597668421415,-8.399053698637509,-3.0046129668703707,1.620132022049596,-0.0048849291285287194,0.0250498685052936,-1.9325585498147309,1.3567352236804908,3
524,2024-09-28 17:01:34.201395968,TASK_BEGIN,023,6.388926010803212,-8.378009493439752,-3.0070030136234203,1.6112325334762754,-0.016043546868195247,0.03170961259876273,-1.6173735131463478,1.2846547271232038,3
525,2024-09-28 17:01:34.269119232,TASK_BEGIN,023,6.39187342895072,-8.359818298770314,-3.0114990490299154,1.612869256083502,-0.02531785259522793,0.03878204321975693,-1.329571149406569,1.213767300319444,3
526,2024-09-28 17:01:35.171090944,TASK_BEGIN,023,6.401191987063347,-8.34305481018743,-3.011653721750097,1.623611508334152,-0.03172384832442101,0.04591012511627605,-1.0836667455645128,1.1489350935189508,3
527,2024-09-28 17:01:35.248275200,TASK_BEGIN,023,6.414737308307658,-8.326323419129812,-3.0003066419748987,1.6412964206181804,-0.03429390331803852,0.05268392986147223,-0.8901263664718843,1.09413187501794,3
528,2024-09-28 17:01:35.310362112,TASK_BEGIN,023,6.430296979215638,-8.308317206586505,-2.970303646170088,1.6632279265997798,-0.03223698841222286,0.05871135369735507,-0.7547115177363402,1.0520865529011574,3
529,2024-09-28 17:01:35.389805056,TASK_BEGIN,023,6.445698865145281,-8.287876309680097,-2.915115733629517,1.6863794098911997,-0.025068141255344602,0.06367757010993311,-0.6782521576306704,1.0240617858676484,3
530,2024-09-28 17:01:35.451340800,TASK_BEGIN,023,6.458955215415582,-8.264052793222747,-2.829318968310725,1.7075692115320085,-0.01269571011910704,0.06738127361603319,-0.65692016061353,1.0098044481710262,3
531,2024-09-28 17:01:35.511177984,TASK_BEGIN,023,6.46840113130698,-8.236177921231857,-2.7090425167962553,1.7236425455373885,0.004554054649942642,0.06973938305147907,-0.6830017491430355,1.0076598465641353,3
532,2024-09-28 17:01:35.593035008,TASK_BEGIN,023,6.47280869758678,-8.20392608339297,-2.552434214726647,1.7316902352668624,0.025997401138054772,0.0707612439307767,-0.7460574079987672,1.0148375572793635,3
533,2024-09-28 17:01:36.536560128,TASK_BEGIN,023,6.471483019784996,-8.167371400187262,-2.3600807256487615,1.7292884522379222,0.05072563627914272,0.07050968566848059,-0.8342654514889883,1.0277895762338882,3
534,2024-09-28 17:01:36.604363008,TASK_BEGIN,023,6.46433919290967,-8.127028085201387,-2.1352944260398408,1.7147112898342012,0.07775792688778638,0.06907027053440032,-0.935723530579233,1.0426365509571551,3
535,2024-09-28 17:01:36.671681024,TASK_BEGIN,023,6.451944408839863,-8.083857896088876,-1.884170116428174,1.6870696486304986,0.10617476012687793,0.06653432932588207,-1.0395590391215404,1.0556140320150107,3
536,2024-09-28 17:01:36.739860224,TASK_BEGIN,023,6.435502959073543,-8.03922787045898,-1.6152593372137865,1.6463416273663651,0.13522267673630473,0.06298804420539648,-1.1367923078139759,1.063533445513811,3
537,2024-09-28 17:01:36.807643904,TASK_BEGIN,023,6.4167612979498765,-7.994811164560932,-1.338767447452811,1.5932841631716896,0.16437898190342065,0.0585036294058078,-1.22090473476109,1.064195478765576,3
538,2024-09-28 17:01:36.875407104,TASK_BEGIN,023,6.397821835231146,-7.9524352916665215,-1.065453303059051,1.5292688885990755,0.19335802461290583,0.053136707016023924,-1.2880644644319643,1.0566576348538477,3
539,2024-09-28 17:01:36.942347776,TASK_BEGIN,023,6.380876000683331,-7.913888668386347,-0.8056305585050183,1.4561145507852291,0.2220510507613363,0.04693324690579806,-1.3370347507176559,1.041308999874857,3
540,2024-09-28 17:01:37.886654976,TASK_BEGIN,023,6.367888844415225,-7.8807018786675975,-0.56851876430111,1.3759481268340958,0.25040857021950447,0.03994185035721139,-1.3688466961890948,1.0197583162272281,3
541,2024-09-28 17:01:37.954468096,TASK_BEGIN,023,6.3602866186929665,-7.8539284716756015,-0.361850471818572,1.2910816222278851,0.2782938217335214,0.03222213879651556,-1.3862964824585275,0.9945507013719811,3
542,2024-09-28 17:01:38.008227072,TASK_BEGIN,023,6.358704128157762,-7.833954419258812,-0.1915486480053234,1.2039032146706703,0.3053530681976334,0.023844648524548626,-1.3932996438072531,0.9687532187691826,3
543,2024-09-28 17:01:38.089950208,TASK_BEGIN,023,6.362832318070988,-7.820360477910693,-0.0614943487949589,1.116800927763934,0.33095342058839533,0.014886181119873608,-1.3941666245790172,0.9454977538471807,3
544,2024-09-28 17:01:38.148673024,TASK_BEGIN,023,6.371381281653508,-7.811851189085702,0.02645264390395624,1.0321139954148248,0.3542185981156986,0.005426612225000681,-1.3929051940829014,0.9275754848649415,3
545,2024-09-28 17:01:38.210767104,TASK_BEGIN,023,6.3821440980690305,-7.806253759170361,0.0721396554021797,0.952083717677397,0.3741479978856165,-0.004451573326396555,-1.3926149105917678,0.9171344191682079,3
546,2024-09-28 17:01:38.293188096,TASK_BEGIN,023,6.39212236933445,-7.800586776967624,0.07668803365693652,0.878796061028443,0.3897722152836946,-0.014665089360113558,-1.3949543488632317,0.915485394158668,3
547,2024-09-28 17:01:39.236731904,TASK_BEGIN,023,6.397683558904973,-7.7912005415169645,0.04217321650243231,0.8141440931559771,0.4003037584159168,-0.02513718605552302,-1.3997011955988878,0.9229957580214972,3
548,2024-09-28 17:01:39.304569088,TASK_BEGIN,023,6.394756257792347,-7.773987106849304,-0.028518771783401765,0.7598510616870441,0.40525652799211404,-0.03580841240864657,-1.404588877918054,0.9390610020724302,3
549,2024-09-28 17:01:39.372334080,TASK_BEGIN,023,6.379087634558943,-7.744652317406301,-0.13179004134755992,0.7175662045971262,0.4045124695362299,-0.046643646774863844,-1.4056140369080266,0.9621748504322195,3
550,2024-09-28 17:01:39.439612928,TASK_BEGIN,023,6.34657120931234,-7.699040740903394,-0.2634843789389127,0.6889793603151071,0.39832933711307245,-0.057631291094234635,-1.397751842402637,0.9901080942085059,3
551,2024-09-28 17:01:39.507847936,TASK_BEGIN,023,6.293624512742234,-7.633497972891496,-0.41904276740528484,0.6758637914484463,0.38730073213453137,-0.06877505046129462,-1.3757729967137766,1.020156511717127,3
552,2024-09-28 17:01:39.575217152,TASK_BEGIN,023,6.217572273138536,-7.545239614898779,-0.5935985508906974,0.6799994695659732,0.3722749997487569,-0.08007753303202032,-1.334872774648316,1.0493839867209187,3
553,2024-09-28 17:01:39.642818816,TASK_BEGIN,023,6.116977077382872,-7.4326863061201385,-0.7820300806451973,0.702995079649555,0.35424132827533755,-0.09151576841599346,-1.2710257733123007,1.0748041444683698,3
554,2024-09-28 17:01:40.586795264,TASK_BEGIN,023,5.991869587413156,-7.295727371555259,-0.979008976105251,0.7460486218938943,0.33421589127889834,-0.10301721342617337,-1.1811809046356472,1.0935161615588709,3
555,2024-09-28 17:01:40.654618880,TASK_BEGIN,023,5.843861205835109,-7.135882962362951,-1.1790607559847974,0.8096677421110345,0.31317004368550516,-0.11444989710444277,-1.0634628333082539,1.1028689685556898,3
556,2024-09-28 17:01:40.722394112,TASK_BEGIN,023,5.676138379314961,-6.956336521748478,-1.3766304420721296,0.8933552132641325,0.29201575693692755,-0.12563174789707138,-0.9174464105877179,1.1006978986377576,3
557,2024-09-28 17:01:40.790204160,TASK_BEGIN,023,5.493330859413982,-6.761814582207027,-1.5661508902055086,0.995300578653341,0.2716238773978268,-0.13634860809841892,-0.7444629040237286,1.085607532234342,3
558,2024-09-28 17:01:40.857914112,TASK_BEGIN,023,5.301245522242416,-6.5583140402953575,-1.7421617017076698,1.1121959416797116,0.25282855665825127,-0.14636298770572417,-0.5478186456224797,1.0572310641925922,3
559,2024-09-28 17:01:40.925678848,TASK_BEGIN,023,5.1064763427173,-6.352708412237221,-1.8995650423170007,1.2393140586215283,0.23638224302925132,-0.15540234716915136,-0.33274064265888686,1.0163766022282246,3
560,2024-09-28 17:01:40.993389824,TASK_BEGIN,023,4.915935183918057,-6.152280893788854,-2.034055436778787,1.3708848380455851,0.22286825733079257,-0.16313310726129393,-0.10593066433924113,0.9649917069804858,3
561,2024-09-28 17:01:41.937842944,TASK_BEGIN,023,4.736378645323838,-5.96423242826693,-2.1426060646844456,1.5006570708578768,0.2126188239462124,-0.1691437151191226,0.12518223220541067,0.9059503951100186,3
562,2024-09-28 17:01:42.001336064,TASK_BEGIN,023,4.574000142563142,-5.795212602859192,-2.223782441062963,1.6224743963615595,0.20567729054683795,-0.1729589433318086,0.353230401699994,0.8427388915846955,3
563,2024-09-28 17:01:42.072398848,TASK_BEGIN,023,4.434113725221255,-5.650919952346634,-2.2777308146240003,1.7307612723539516,0.20179813278959133,-0.1740857304972578,0.5714827861381637,0.7791305531551403,3
564,2024-09-28 17:01:42.125905920,TASK_BEGIN,023,4.32091977102976,-5.535802920285011,-2.305843383892177,1.8208990229552136,0.20046244346818545,-0.1720725320492266,0.7741722318175558,0.7188840057562063,3
565,2024-09-28 17:01:42.208892160,TASK_BEGIN,023,4.237339011223468,-5.452866651601316,-2.310219831328124,1.8894911880734035,0.20090907683533907,-0.16656720196146085,0.9567367630581747,0.6654479681047728,3
566,2024-09-28 17:01:42.276250880,TASK_BEGIN,023,4.184909966137637,-5.403571819168843,-2.293154453709918,1.934507570744389,0.20220052965554278,-0.1573710549229309,1.1159845676868865,0.6216968601392225,3
567,2024-09-28 17:01:42.344395008,TASK_BEGIN,023,4.163738838185487,-5.387802909195519,-2.256906003030349,1.955309191086033,0.20333756027597905,-0.14448928116565896,1.249968678110345,0.5897677324529857,3
568,2024-09-28 17:01:43.286948864,TASK_BEGIN,023,4.172484170185592,-5.403880397756373,-2.2038281859022013,1.952578884938175,0.20340889556353095,-0.128168818419082,1.357530715570833,0.5710030926598955,3
569,2024-09-28 17:01:43.354721280,TASK_BEGIN,023,4.208376262309139,-5.448601133759794,-2.1366628755336037,1.9281816295230656,0.20173362152077096,-0.10891021239186284,1.437787683899893,0.5659147854808848,3
570,2024-09-28 17:01:43.422509056,TASK_BEGIN,023,4.2672908592131815,-5.517310710259952,-2.0586975856004273,1.8849547892495713,0.19795786739203042,-0.08745008936176825,1.4898302917500623,0.5741065230260735,3
571,2024-09-28 17:01:43.490263040,TASK_BEGIN,023,4.34388542173041,-5.604019383241966,-1.9736345978146181,1.8264101137933832,0.19209250615676324,-0.06472035596417954,1.5126923795345113,0.5941905257614046,3
572,2024-09-28 17:01:43.558015232,TASK_BEGIN,023,4.431787380952369,-5.701565065755991,-1.8852064033763092,1.756350580835578,0.18448583668343113,-0.041785004312025184,1.5054856291260894,0.6238060103004363,3
573,2024-09-28 17:01:43.625630976,TASK_BEGIN,023,4.523825304197656,-5.801819738474316,-1.7966565506587229,1.6784687879511706,0.1757303814229388,-0.019752527616250636,1.467489028672445,0.6598452487650319,3
574,2024-09-28 17:01:43.692846848,TASK_BEGIN,023,4.612294608361058,-5.895936207621847,-1.7102505026403643,1.5960329498146126,0.16653375218153652,0.0003244203274024018,1.3980888425543616,0.6988851524619049,3
575,2024-09-28 17:01:44.613569024,TASK_BEGIN,023,4.689239869687569,-5.974635730801189,-1.626991023506344,1.5117104728746185,0.1576034062085643,0.01753741389135031,1.2968043721052434,0.7376749100667738,3
576,2024-09-28 17:01:44.681337856,TASK_BEGIN,023,4.7467399214685555,-6.02853819390133,-1.546603817882804,1.4274828262588957,0.14957101994575606,0.03117797149241988,1.163714009787478,0.7735113603652594,3
577,2024-09-28 17:01:44.749105920,TASK_BEGIN,023,4.777196038667605,-6.048532383793683,-1.4677577202661634,1.3445990179603287,0.14294358728584317,0.04075641884917621,1.0002086031795936,0.8044412703499122,3
578,2024-09-28 17:01:44.816832000,TASK_BEGIN,023,4.773632548101668,-6.026180306927842,-1.3885096732300461,1.2635891419929939,0.1380545382424493,0.045995284143335896,0.8096487832455371,0.8293073877005174,3
579,2024-09-28 17:01:44.884573952,TASK_BEGIN,023,4.730026792857193,-5.954150375098323,-1.3069178087684084,1.1843743933567914,0.1350146728064989,0.04681129134211062,0.5975641191903224,0.847673720780943,3
580,2024-09-28 17:01:44.952294144,TASK_BEGIN,023,4.64167621932629,-5.826671827818342,-1.2215943197341923,1.1064446240899797,0.1337084826393996,0.04329127209539893,0.37134180986148096,0.8596699703973713,3
581,2024-09-28 17:01:45.019902720,TASK_BEGIN,023,4.505577444448542,-5.639995113950275,-1.131974897715428,1.0290468268804747,0.1338772756880746,0.035662608203687,0.13958132654301209,0.8657900760312321,3
582,2024-09-28 17:01:45.938953984,TASK_BEGIN,023,4.320771251602267,-5.392835299587989,-1.038303270102307,0.9513672324111163,0.13525382462388694,0.024264293772495966,-0.08868525911633467,0.8666851306797791,3
583,2024-09-28 17:01:46.006697984,TASK_BEGIN,023,4.088613503403606,-5.086764557682364,-0.9414933725963482,0.8727195774859933,0.13766286593552696,0.009527386566425884,-0.3047693564942112,0.863006847053459,3
584,2024-09-28 17:01:46.073537024,TASK_BEGIN,023,3.812942922950873,-4.726505128896791,-0.8430387555846998,0.7927392788465214,0.1410478328803072,-0.008035794347598891,-0.5010088756981863,0.8553433072997901,3
585,2024-09-28 17:01:46.142104064,TASK_BEGIN,023,3.5001240850460653,-4.320066937976709,-0.7450357792100383,0.7115482507349276,0.145448698126135,-0.027845369493887346,-0.6712874215262751,0.8442350392755601,3
586,2024-09-28 17:01:46.208890880,TASK_BEGIN,023,3.158947709646635,-3.8786769388313243,-0.6502429533510272,0.6298364924327423,0.15096556030217675,-0.04928134420339401,-0.8113084474804755,0.8302187443921907,3
587,2024-09-28 17:01:46.276954880,TASK_BEGIN,023,2.8003627179417583,-3.4164484410175504,-0.5620312677465282,0.5488328879878195,0.1577302870278156,-0.07172488387827754,-0.9185649376639882,0.8138647566711017,3
588,2024-09-28 17:01:46.339034112,TASK_BEGIN,023,2.4369993425671534,-2.949732646694107,-0.4841058200920545,0.4701663395994676,0.16589409442628958,-0.09460174127522998,-0.9920345764279423,0.7958060807061077,3
589,2024-09-28 17:01:47.284723200,TASK_BEGIN,023,2.0824443419926855,-2.4961086736424822,-0.4199647264988345,0.39561423249657685,0.17561120440572278,-0.11741014813279263,-1.031764903338028,0.7767467219394929,3
590,2024-09-28 17:01:47.346657024,TASK_BEGIN,023,1.7502835766688187,-2.0730587792352955,-0.37223458860494635,0.32677646224958184,0.18699170369947685,-0.13972030691746223,-1.0386098484135076,0.7574352401764615,3
591,2024-09-28 17:01:47.422278912,TASK_BEGIN,023,1.4530308347591452,-1.696529778110198,-0.34215768381937617,0.2648078168121028,0.20002978355058265,-0.16114791597518158,-1.0142515331894917,0.7386179559090315,3
592,2024-09-28 17:01:47.490690048,TASK_BEGIN,023,1.201131688266704,-1.379658137401747,-0.329393202761403,0.2103206807664389,0.21454723587143168,-0.18132121687427943,-0.9613267788510675,0.7209753966069922,3
593,2024-09-28 17:01:47.557474048,TASK_BEGIN,023,1.002198146211177,-1.1318460018601997,-0.33204806230128503,0.16341623138656222,0.23018970717643453,-0.19986493419434118,-0.8833669271439331,0.7050181308815413,3
594,2024-09-28 17:01:47.625352960,TASK_BEGIN,023,0.8605394991651161,-0.9582274948425369,-0.34679743042354855,0.12373649046120182,0.24647536809314874,-0.21640963798129195,-0.7844831431049268,0.6909559989814926,3
595,2024-09-28 17:01:47.693988096,TASK_BEGIN,023,0.7769890451737914,-0.8594898865690758,-0.3690872516121001,0.09051491751929742,0.2628613161333314,-0.23061776541044754,-0.6689342163635923,0.678593627686285,3
596,2024-09-28 17:01:48.624907008,TASK_BEGIN,023,0.7490036278512118,-0.8320084328623344,-0.3934688030853199,0.06267878363014695,0.2787992391627382,-0.24221218201301403,-0.5407090517200533,0.6672781517648522,3
597,2024-09-28 17:01:48.706971904,TASK_BEGIN,023,0.7710064716852086,-0.868262430372398,-0.4140745702793682,0.03903885119783607,0.2937779521560379,-0.2509948772584487,-0.40326359638102915,0.6559307455050414,3
598,2024-09-28 17:01:48.769974016,TASK_BEGIN,023,0.8349295186535074,-0.9574999476182593,-0.4252348735582003,0.018539400007322036,0.30735771464468303,-0.25684901702805824,-0.25959272787672255,0.6432367299307519,3
599,2024-09-28 17:01:48.842412032,TASK_BEGIN,023,0.9308928136549993,-1.0866037830309958,-0.42221882945275024,0.0004941300776946505,0.31919498109765254,-0.259731160780029,-0.11262461336775192,0.6280046059345904,3
600,2024-09-28 17:01:48.910283264,TASK_BEGIN,023,1.0479609370577134,-1.2410873870150916,-0.4019902776188318,-0.015271412858435723,0.3290535715316324,-0.25967067367803087,0.034333448597705964,0.6095775843750764,3
601,2024-09-28 17:01:48.977382912,TASK_BEGIN,023,1.1749375055774058,-1.4061346364992522,-0.363778992729078,-0.02841711837930316,0.33679894301782964,-0.25678304651323314,0.17734260094394252,0.5881497011271448,3
602,2024-09-28 17:01:49.045785856,TASK_BEGIN,023,1.3011538163694294,-1.5675955843798959,-0.3093122829417831,-0.03822027690286907,0.34237928749342267,-0.2512844741252628,0.31187612062553294,0.5648811828930227,3
603,2024-09-28 17:01:49.982158080,TASK_BEGIN,023,1.417166044009349,-1.7128523993715072,-0.24270033729690013,-0.04379273659446653,0.3458056206244993,-0.24349167286245857,0.43317792994066084,0.5417684952947216,3
604,2024-09-28 17:01:50.044434944,TASK_BEGIN,023,1.515262307634533,-1.8314838850187625,-0.17004141835545386,-0.04431510392929061,0.34713816743275294,-0.2338026602735874,0.5368192848313517,0.521311061504582,3
605,2024-09-28 17:01:50.122948864,TASK_BEGIN,023,1.5897407000859674,-1.9156936373408988,-0.09878250132358664,-0.03922745474684528,0.3464777192649024,-0.22266515681529972,0.6192298817118432,0.5060747466876682,3
606,2024-09-28 17:01:50.182881024,TASK_BEGIN,023,1.6369926661463903,-1.9605081171951686,-0.03686918998720311,-0.02835006410302957,0.34396612910151003,-0.21054317090661975,0.6780343023340867,0.49824225820217083,3
607,2024-09-28 17:01:50.258484992,TASK_BEGIN,023,1.655443833105456,-1.963774191730471,0.008184392208246124,-0.01193992375679275,0.3398066384204706,-0.19788820963363987,0.7121703182002926,0.49921571130753767,3
608,2024-09-28 17:01:50.322524928,TASK_BEGIN,023,1.6453853105847822,-1.9259879702258131,0.030061736327879233,0.009321475694782248,0.33430062594012994,-0.18511368125666902,0.7218642089699322,0.5093384927141595,3
609,2024-09-28 17:01:50.393981952,TASK_BEGIN,023,1.6087166310635552,-1.849978749626011,0.024085231778566873,0.03441365511190627,0.32787303947285074,-0.17256886959549367,0.7085102262380834,0.527802079711859,3
610,2024-09-28 17:01:51.337655040,TASK_BEGIN,023,1.5486203848869982,-1.74047356729867,-0.01255870824315547,0.06208061341274401,0.3210532048333008,-0.16051235465615254,0.6744281562271145,0.5527533685088699,3
611,2024-09-28 17:01:51.405446144,TASK_BEGIN,023,1.4691887830395167,-1.603585957528878,-0.08059942477124997,0.09086995147526115,0.3144023288500206,-0.1490893997684929,0.622481831727352,0.5815513246335232,3
612,2024-09-28 17:01:51.457811968,TASK_BEGIN,023,1.3750239606597585,-1.4462839514059929,-0.17846601605878012,0.11910750063803933,0.3084138938161306,-0.13832276640378957,0.5556273620005001,0.611101878082735,3
613,2024-09-28 17:01:51.535903744,TASK_BEGIN,023,1.2708415317041997,-1.2758821321620961,-0.3023193162992393,0.14490968307626764,0.3034245650496975,-0.12812465880115953,0.47653760034676773,0.6382092454972185,3
614,2024-09-28 17:01:51.598642944,TASK_BEGIN,023,1.1611185833852036,-1.0995868937800817,-0.44654246835969763,0.16632385501606112,0.29955258597163803,-0.11832575389669818,0.38740591258905216,0.6599014651306538,3
615,2024-09-28 17:01:51.675923200,TASK_BEGIN,023,1.0498205484962708,-0.924113491922694,-0.6045929189740804,0.18156621271016093,0.2966584367381241,-0.10870844882582209,0.28987722939393756,0.6737332452307512,3
616,2024-09-28 17:01:51.744227840,TASK_BEGIN,023,0.9402129086178812,-0.7553814413068005,-0.7698613127204547,0.18924879340463943,0.29432764533757727,-0.09903486752283726,0.18497074802426636,0.6780801679588119,3
617,2024-09-28 17:01:52.687891200,TASK_BEGIN,023,0.8347562940064039,-0.5982858907110293,-0.9362526361661017,0.18853149552030812,0.29188745679337225,-0.0890685002683026,0.07295644463612427,0.6723735231952634,3
618,2024-09-28 17:01:52.755685120,TASK_BEGIN,023,0.735101337266378,-0.4565448190011226,-1.0984923878250121,0.17920336603282536,0.2884591330787113,-0.07859306780668908,-0.04664017944502998,0.6571732593554338,3
619,2024-09-28 17:01:52.823481856,TASK_BEGIN,023,0.6421815981407917,-0.3326242725051742,-1.2523366660801085,0.16170200566400747,0.28303680315326357,-0.06743272573871223,-0.17467362356679847,0.634025561340044,3
620,2024-09-28 17:01:52.883142144,TASK_BEGIN,023,0.5563474836428489,-0.22773518730686074,-1.3947917991645626,0.13705749234370898,0.27458764335196945,-0.0554750724295491,-0.3117156468277003,0.6051643072990467,3
621,2024-09-28 17:01:52.958967040,TASK_BEGIN,023,0.477472365413965,-0.14188657871236082,-1.5242826630422537,0.10675110875950429,0.2621675445213301,-0.042695207641821824,-0.4574468910583027,0.5731747041314055,3
622,2024-09-28 17:01:53.022875904,TASK_BEGIN,023,0.40501552327154033,-0.07398646657755217,-1.6406328501220155,0.07251731589898294,0.24503406362769023,-0.029176897082145384,-0.6103452235409651,0.5407023318602919,3
623,2024-09-28 17:01:53.094505984,TASK_BEGIN,023,0.3380722638783288,-0.021995822620251546,-1.7447589246768844,0.03615952758944933,0.22272984248149652,-0.015122732425698292,-0.767617046652445,0.5102387624175841,3
624,2024-09-28 17:01:54.036186112,TASK_BEGIN,023,0.27543859615994803,0.016861318088762813,-1.8380893719466609,-0.0005603992384607307,0.19512622497233464,-0.0008454157561133593,-0.9252092932427368,0.4839859800115198,3
625,2024-09-28 17:01:54.105602048,TASK_BEGIN,023,0.21570344588776055,0.04584820020007324,-1.921835818169733,-0.03597095858644729,0.16244342501531395,0.01325680808266345,-1.0778155591320355,0.4637646753033856,3
626,2024-09-28 17:01:54.160423168,TASK_BEGIN,023,0.157379614881969,0.06845442150685822,-1.996315864805275,-0.06854013903566529,0.12525930678501526,0.02672993417899653,-1.2188796740208394,0.45090541836507886,3
627,2024-09-28 17:01:54.241083904,TASK_BEGIN,023,0.09907042046499104,0.08814422078227134,-2.0605439825660685,-0.0969533081074689,0.08450039211979721,0.03909281981481637,-1.3406926610692236,0.44610137763659063,3
628,2024-09-28 17:01:54.308239104,TASK_BEGIN,023,0.0396401900874151,0.10812444911651357,-2.1122253413774,-0.12019519098315568,0.04141263252176505,0.04986518470697162,-1.4347535693691695,0.44927631923302525,3
629,2024-09-28 17:01:54.376631040,TASK_BEGIN,023,-0.021652076917040783,0.13114248725061906,-2.1481148408587947,-0.13761350384727336,-0.002481505656918777,0.058598031125671156,-1.4924680214062456,0.45954441193958767,3
630,2024-09-28 17:01:54.442728960,TASK_BEGIN,023,-0.08508494416810192,0.1593267662421389,-2.1645800992644033,-0.148960980596738,-0.045434370754843884,0.0649042041301938,-1.5060754071980094,0.4752972174871051,3
631,2024-09-28 17:01:55.364496128,TASK_BEGIN,023,-0.15049108307235512,0.19408036997458483,-2.1581936609801904,-0.1544039567998234,-0.08553573063132552,0.06848038800150097,-1.4696602944531925,0.494412211705935,3
632,2024-09-28 17:01:55.420448000,TASK_BEGIN,023,-0.2173516817345168,0.2360333719399866,-2.1262521629846014,-0.15447518234813526,-0.12080968425571388,0.069118630892644,-1.3801441139597412,0.5145589831679974,3
633,2024-09-28 17:01:55.499993856,TASK_BEGIN,023,-0.28491806997551583,0.2850543055397339,-2.067239932098956,-0.14995984220966838,-0.14937223115509174,0.06671656177394962,-1.2381134003941106,0.533550669345762,3
634,2024-09-28 17:01:55.559401216,TASK_BEGIN,023,-0.35229490784383827,0.3403165034599729,-1.9812604880383478,-0.14174668109300514,-0.16963442969936796,0.06129133747473548,-1.0482918434209454,0.549654333480796,3
635,2024-09-28 17:01:55.635464960,TASK_BEGIN,023,-0.4184629336286162,0.40041509665831315,-1.870310283813657,-0.13071668350604906,-0.18049631094008622,0.05299064685040911,-0.8194976810556954,0.5617867410214814,3
636,2024-09-28 17:01:55.703227136,TASK_BEGIN,023,-0.48227768098914736,0.4635315850503187,-1.738233163959713,-0.1176939726379253,-0.18148061347039432,0.0420917853822056,-0.5640420816462436,0.5695835797480707,3
637,2024-09-28 17:01:55.766200064,TASK_BEGIN,023,-0.5424943766066052,0.5276323450460277,-1.5903784811126889,-0.10339915120277966,-0.17277702835422404,0.028985226317701167,-0.2966737205634001,0.5733697767599113,3
638,2024-09-28 17:01:56.689284096,TASK_BEGIN,023,-0.5978413218863078,0.5906709696578843,-1.4331102509533493,-0.08837451634200447,-0.15518371157234162,0.014144450523368402,-0.03325815808511837,0.5740453961228962,3
639,2024-09-28 17:01:56.757339136,TASK_BEGIN,023,-0.6471364839972763,0.650763815577171,-1.2732315068823685,-0.07294188947509166,-0.1299525431457006,-0.0019132957678554435,0.21062344037387137,0.572896361890444,3
640,2024-09-28 17:01:56.819737856,TASK_BEGIN,023,-0.6894262095603817,0.7063220667806979,-1.117318776091036,-0.05724915855561633,-0.09857577895346119,-0.018670025218298608,0.42097162792031323,0.5713633563559194,3
641,2024-09-28 17:01:56.886110976,TASK_BEGIN,023,-0.7241129192220888,0.7561333894244182,-0.9710502589012551,-0.04138338928725018,-0.062581919309494,-0.03564742654389608,0.5864004931694993,0.5708020594164113,3
642,2024-09-28 17:01:56.960435968,TASK_BEGIN,023,-0.7510340941648018,0.7993910213630703,-0.8386908138429959,-0.025485844757108782,-0.023401872717634324,-0.05243717892471277,0.6988507092199253,0.5722536394530373,3
643,2024-09-28 17:01:57.022304000,TASK_BEGIN,023,-0.7704635123356535,0.8356754720694682,-0.7228387785347002,-0.009812259335512174,0.01768615139959742,-0.06871709689933825,0.7539957654208893,0.5762695676436412,3
644,2024-09-28 17:01:57.096088832,TASK_BEGIN,023,-0.7830317055835779,0.8649024944332686,-0.6244336085028838,0.005285487660892853,0.05956353050087481,-0.08425274767780679,0.7513023663808307,0.5828557095493718,3
645,2024-09-28 17:01:58.037230080,TASK_BEGIN,023,-0.7895967200967836,0.8872566258149619,-0.5429500116118409,0.019438911247176484,0.10124124462641741,-0.09888185935804317,0.6937221286012305,0.5915459664348308,3
646,2024-09-28 17:01:58.105837824,TASK_BEGIN,023,-0.7911113608932947,0.9031277015679255,-0.47670456796585675,0.03236623008553954,0.14178143636876678,-0.11247955110748428,0.5871455322321828,0.6015441941614283,3
647,2024-09-28 17:01:58.169151232,TASK_BEGIN,023,-0.788518777430531,0.9130584710378203,-0.4232852380824532,0.043960983639253555,0.18019442976424774,-0.1249144131047875,0.43981713515080684,0.6118807265752453,3
648,2024-09-28 17:01:58.241308928,TASK_BEGIN,023,-0.7826841647124559,0.9177046723442422,-0.38011152184130936,0.05432366986258553,0.21537909403069688,-0.13601627097864297,0.26176854597724997,0.6215874437413345,3
649,2024-09-28 17:01:58.309078784,TASK_BEGIN,023,-0.7743582237150362,0.9178073166670759,-0.34495378176682095,0.06370974828623431,0.24615241592386367,-0.14557172611508412,0.0641680115024633,0.6299115634144273,3
650,2024-09-28 17:01:58.370351104,TASK_BEGIN,023,-0.7641708453962337,0.9141734149427371,-0.31614751505997357,0.0724084612527828,0.27136099085009924,-0.15335010884605835,-0.14144739272130458,0.6365249244122425,3
651,2024-09-28 17:01:58.444608768,TASK_BEGIN,023,-0.7526616877767407,0.9076580248195193,-0.29243601285094656,0.08059573557329319,0.2900418415808225,-0.1591537779953814,-0.3438819927689228,0.6416147232667782,3
652,2024-09-28 17:01:59.388212992,TASK_BEGIN,023,-0.7403488986583587,0.8991419663198348,-0.2726694428898964,0.08822157249112768,0.30158105506988825,-0.16287704160344235,-0.5327414445060497,0.6457844296922686,3
653,2024-09-28 17:01:59.447112960,TASK_BEGIN,023,-0.7278060922595897,0.8895026859323898,-0.25565566809707274,0.09499328390094497,0.3058015137771991,-0.16454508857114816,-0.6986805198127068,0.6498142685182096,3
654,2024-09-28 17:01:59.509149184,TASK_BEGIN,023,-0.7156958111784117,0.879579806155443,-0.24023652215551702,0.10045897333423143,0.3029500592628185,-0.16431282603731787,-0.8335914517335853,0.6543849042312841,3
655,2024-09-28 17:01:59.586364928,TASK_BEGIN,023,-0.7047341398572612,0.8701396107032681,-0.2254701201827189,0.10414153157666298,0.29362775958341786,-0.1624346006541081,-0.9307034737429647,0.6598378851025104,3
656,2024-09-28 17:01:59.658801152,TASK_BEGIN,023,-0.6956045416591699,0.8618402941880589,-0.2108673896791271,0.10569561295705504,0.2787167238109785,-0.15922832343519874,-0.9844373880966744,0.6660044877324022,3
657,2024-09-28 17:01:59.726579712,TASK_BEGIN,023,-0.6888572862957213,0.8552002297285202,-0.1966864595929451,0.10506730361118327,0.25930401200510383,-0.15504057374383243,-0.9900819147566924,0.6721210366771994,3
658,2024-09-28 17:01:59.788645888,TASK_BEGIN,023,-0.6848307641585049,0.8505768589371208,-0.18413711126228005,0.1025949291368387,0.2365882129136901,-0.15020848023206276,-0.943642304320552,0.6768574391773818,3
659,2024-09-28 17:02:00.738300928,TASK_BEGIN,023,-0.6836181693810629,0.8481613145785503,-0.17530437186290462,0.09901418556111759,0.2117919879070345,-0.14502329744099332,-0.8421120470100065,0.6784722533391226,3
660,2024-09-28 17:02:00.796996096,TASK_BEGIN,023,-0.6850800751332419,0.847985725730725,-0.17280583513243677,0.09539699109371239,0.1861080582021865,-0.13970768789528462,-0.6840450901770785,0.6750650128453977,3
661,2024-09-28 17:02:00.858605056,TASK_BEGIN,023,-0.6888912071207878,0.8499400870065051,-0.17935414447954073,0.09304491998848781,0.16066236255374186,-0.13441190151880855,-0.4701567408655922,0.6648725085561076,3
662,2024-09-28 17:02:00.941509888,TASK_BEGIN,023,-0.6946078208173769,0.8538004514820637,-0.1973788640078478,0.09332580496088895,0.13646466705660984,-0.12922299921426073,-0.20382055531505497,0.64655252273096,3
663,2024-09-28 17:02:01.009240064,TASK_BEGIN,023,-0.7017374024728372,0.8592689556201574,-0.2287830403721002,0.09746923413995402,0.11435095574249787,-0.12417652088636293,0.10860787859758517,0.6193896622157584,3
664,2024-09-28 17:02:01.076956928,TASK_BEGIN,023,-0.7097933003976107,0.866018610257713,-0.27478881377255765,0.10636218360090756,0.09493298604655481,-0.11926260802802363,0.45776967140785113,0.5833780835362815,3
665,2024-09-28 17:02:01.144700928,TASK_BEGIN,023,-0.7183319111272919,0.8737315422255548,-0.3357292511917547,0.12036851735608563,0.0785486429663878,-0.11442603110253036,0.8316615878059694,0.5392039856828955,3
666,2024-09-28 17:02:02.082720000,TASK_BEGIN,023,-0.7269863112276891,0.8821258698239303,-0.41070284765190607,0.13918698446179992,0.06522075425056825,-0.1095684347101309,1.2162954313447878,0.48819360701755476,3
667,2024-09-28 17:02:02.145209856,TASK_BEGIN,023,-0.7355042191643333,0.8909757808083036,-0.4971625924052998,0.16176295415076597,0.05467103356016352,-0.10456388378465359,1.5965050486777117,0.4322654444438429,3
668,2024-09-28 17:02:02.223889152,TASK_BEGIN,023,-0.7437736842375138,0.90012853152112,-0.5906379149029088,0.1862654943225932,0.04642479535243297,-0.09929209163141756,1.956786934530654,0.3738762088918927,3
669,2024-09-28 17:02:02.284894976,TASK_BEGIN,023,-0.7518167070249742,0.9095150973223847,-0.6848301251489937,0.21016516671891664,0.03998805055596754,-0.09368221963705015,2.282073729542301,0.31593211648368436,3
670,2024-09-28 17:02:02.358532096,TASK_BEGIN,023,-0.7597572831882604,0.919150704683989,-0.7721889626516035,0.23045883267385733,0.03504047262395266,-0.08775123327026184,2.5583400018425273,0.2616581813719792,3
671,2024-09-28 17:02:02.427045120,TASK_BEGIN,023,-0.7677799592743881,0.9291244608703575,-0.8448200639835409,0.2440228134034583,0.03158404875082143,-0.08162336187949894,2.7730456176066176,0.2144412082441341,3
672,2024-09-28 17:02:02.494249984,TASK_BEGIN,023,-0.7760763204839948,0.9395757956242368,-0.8954493096027981,0.24800315945834683,0.03000938878304072,-0.0755304714050916,2.915513935554345,0.1776583032668013,3
673,2024-09-28 17:02:03.431264000,TASK_BEGIN,023,-0.7847770879296667,0.9506574028472144,-0.9182719054480128,0.2401617799128479,0.031078394746234573,-0.06980181401241853,2.977299613437041,0.15449286581131128,3
674,2024-09-28 17:02:03.493325824,TASK_BEGIN,023,-0.7938911769397448,0.9624934960364276,-0.9096625926535397,0.21914794880922833,0.0358488098113994,-0.06484681859181811,2.9525729439593413,0.14773862116894976,3
675,2024-09-28 17:02:03.572321792,TASK_BEGIN,023,-0.8032715239433712,0.975143480478015,-0.8687414389634928,0.1846733172726955,0.04556399302359543,-0.0611271446145801,2.838600134403272,0.15958319487268674,3
676,2024-09-28 17:02:03.640645888,TASK_BEGIN,023,-0.8126018349527502,0.9885705173458947,-0.7976973062507224,0.13755665859834448,0.06151879254027831,-0.05911730775535097,2.636367655667384,0.19135173635420266,3
677,2024-09-28 17:02:03.708147968,TASK_BEGIN,023,-0.8213939305007949,1.0026071507280163,-0.7017547340328046,0.07964921463026417,0.08491844758648252,-0.05926221000483308,2.3511986294684055,0.24321640229844363,3
678,2024-09-28 17:02:03.772486144,TASK_BEGIN,023,-0.8290041088616454,1.0169162675149641,-0.5887834261884786,0.013711516981134446,0.11675721227960692,-0.061941843753739734,1.9930368418940798,0.3139464489648612,3
679,2024-09-28 17:02:03.833854976,TASK_BEGIN,023,-0.8346829588815969,1.0309602935105269,-0.4686259866067203,-0.05672529860067626,0.1577184730402056,-0.06744574352231487,1.5761878609868454,0.4008089904825361,3
680,2024-09-28 17:02:04.786982912,TASK_BEGIN,023,-0.8376570694278553,1.043998313253114,-0.3522020085076088,-0.12755603367294027,0.2080614881000529,-0.07595131131174265,1.1186127303075162,0.49966557280885193,3
681,2024-09-28 17:02:04.855328000,TASK_BEGIN,023,-0.8372265138059345,1.0551178345158525,-0.250444790040735,-0.1943752830433574,0.26748486104537716,-0.08750153972604359,0.6409722809089369,0.605231789274898,3
682,2024-09-28 17:02:04.923079168,TASK_BEGIN,023,-0.8328580072180932,1.0632880236373663,-0.17318522478539583,-0.25279593126140215,0.33503059397910323,-0.10198710878058741,0.16540628251506545,0.7114840731145649,3
683,2024-09-28 17:02:04.976979968,TASK_BEGIN,023,-0.8242497542566716,1.0674151614941854,-0.12815909691974164,-0.29879266692906614,0.4091050648739757,-0.11914236180091202,-0.2860810742091473,0.8122250056206252,3
684,2024-09-28 17:02:05.058511872,TASK_BEGIN,023,-0.8113465672540442,1.0663894308920112,-0.1203126829068266,-0.32904753068116227,0.48761860529853246,-0.13856120328916355,-0.6935024294956598,0.9017526065853569,3
685,2024-09-28 17:02:05.125736192,TASK_BEGIN,023,-0.7943049729261428,1.0591247579674612,-0.15149284422820142,-0.3412282413112028,0.5681863682106107,-0.15973323345161938,-1.040654748902295,0.9754994458182814,3
686,2024-09-28 17:02:05.191238144,TASK_BEGIN,023,-0.7734299300640114,1.0446013584736222,-0.2204849527346553,-0.33413209499078383,0.648338510779597,-0.18209131345101875,-1.3164164590019154,1.0304904115471167,3
687,2024-09-28 17:02:06.112590080,TASK_BEGIN,023,-0.7491058527494077,1.0219163742651123,-0.3233226551851859,-0.30768048998818676,0.7257026258309555,-0.205052378850436,-1.5152852397344625,1.0654926526990316,3
688,2024-09-28 17:02:06.165979904,TASK_BEGIN,023,-0.7217350677066156,0.9903361031836407,-0.45382043189907806,-0.26279202198709123,0.7981287793088919,-0.22803843607026242,-1.6369677034932595,1.080821802235155,3
689,2024-09-28 17:02:06.243643136,TASK_BEGIN,023,-0.691693699908558,0.9493390519854972,-0.6042257175237875,-0.20118794680282048,0.8637542322656504,-0.2504838006890964,-1.6852068166120837,1.0779262008350585,3
690,2024-09-28 17:02:06.305263872,TASK_BEGIN,023,-0.6593154573121298,0.8986484722626343,-0.7658362632838515,-0.1251815383494815,0.9210299545362057,-0.27184479814130613,-1.666375904179605,1.0589513873537146,3
691,2024-09-28 17:02:06.382576896,TASK_BEGIN,023,-0.6249051614211809,0.8382640210006284,-0.929558026199121,-0.03746425840566376,0.9687274976462169,-0.2916202060964045,-1.5882384745962796,1.0263897301195735,3
692,2024-09-28 17:02:06.451342080,TASK_BEGIN,023,-0.5887706391071462,0.7685015172503405,-1.086534897156468,0.05911504926745527,1.005931997570242,-0.30937837483540326,-1.4590045038438728,0.9827860400575444,3
693,2024-09-28 17:02:06.518404096,TASK_BEGIN,023,-0.5512629310925697,0.6900393089946156,-1.2289173591436002,0.16174538790837312,1.0320234855870347,-0.32478075961277925,-1.2868226263168305,0.9304878654418088,3
694,2024-09-28 17:02:07.464231936,TASK_BEGIN,023,-0.5128220574593984,0.6039576824840968,-1.3506185755413462,0.2677706845511254,1.046655706302498,-0.33759490449894586,-1.0798276305548544,0.8715213814123739,3
695,2024-09-28 17:02:07.531966976,TASK_BEGIN,023,-0.4740195881725869,0.51175368808442,-1.4478004354815632,0.37472439398410706,1.0497445825166976,-0.34769760794806237,-0.8465440066684357,0.8076283127865713,3
696,2024-09-28 17:02:07.599696896,TASK_BEGIN,023,-0.4355832879147076,0.4153209275207939,-1.5189505316871366,0.4803293216095471,1.0414548704052515,-0.35506850577388777,-0.5961938600537554,0.7403609824868236,3
697,2024-09-28 17:02:07.658678016,TASK_BEGIN,023,-0.3983910900199148,0.31688561934687737,-1.5645911607587673,0.5824944637608619,1.0221586999649122,-0.3597709770468052,-0.3386368400505142,0.6711311028149906,3
698,2024-09-28 17:02:07.721552896,TASK_BEGIN,023,-0.36341301413379395,0.21887653466733564,-1.5867314472020377,0.6793055027194026,0.9923786194131554,-0.36192420598699904,-0.08405270476208898,0.6012395208895284,3
699,2024-09-28 17:02:07.802818048,TASK_BEGIN,023,-0.33156530770335907,0.12369999694305463,-1.5881777657959433,0.7690141937350732,0.952760941317237,-0.361675867505536,0.1573889537988691,0.5319601634522799,3
700,2024-09-28 17:02:07.869889792,TASK_BEGIN,023,-0.3034644334652713,0.033422695557435676,-1.571863360550183,0.850053994964829,0.9040888229973271,-0.3591789945180733,0.3758051065438332,0.46465204444388647,3
701,2024-09-28 17:02:08.776521984,TASK_BEGIN,023,-0.2791428540961175,-0.05057179887104351,-1.540404502713807,0.9211126624771504,0.8473032705826317,-0.3545743202274949,0.5619602650663014,0.40079001701542644,3
702,2024-09-28 17:02:08.854179072,TASK_BEGIN,023,-0.25783956129362157,-0.12784956237188397,-1.4960036943500112,0.9812700286788905,0.7835217209025637,-0.34798515636637883,0.7078418067039812,0.34185953168109606,3
703,2024-09-28 17:02:08.916219904,TASK_BEGIN,023,-0.23793554471930006,-0.199045333548059,-1.4405921589370385,1.030143215261079,0.7140728057540147,-0.3395305488254015,0.8073813724806788,0.2891776376130537,3
704,2024-09-28 17:02:08.989700096,TASK_BEGIN,023,-0.21702313166289144,-0.2658271300286533,-1.3759375515406342,1.0679234368699422,0.6405452284775114,-0.3293531470916083,0.8570720322867825,0.24374579328497292,3
705,2024-09-28 17:02:09.057454080,TASK_BEGIN,023,-0.1920711431587317,-0.3307301769317819,-1.3035282590553419,1.0952344797307407,0.5648175983748388,-0.3176515852066853,0.856223683881749,0.2061931051540431,3
706,2024-09-28 17:02:09.125204992,TASK_BEGIN,023,-0.15966257924812258,-0.39688627058595927,-1.2242890798938586,1.112867097375592,0.4890322751204133,-0.30470543657319066,0.8067670042177231,0.17679707165632766,3
707,2024-09-28 17:02:09.192603904,TASK_BEGIN,023,-0.1162805254323503,-0.46768590347330763,-1.1383320660278482,1.121518529371309,0.4154930909720524,-0.29088380548723386,0.7127206846100012,0.15552216226176482,3
708,2024-09-28 17:02:10.136514816,TASK_BEGIN,023,-0.05860714640627056,-0.5464237668946826,-1.0449229351198788,1.1216440706621722,0.3465088206026264,-0.276637431669592,0.5795817806979954,0.14201474218505564,3
709,2024-09-28 17:02:10.201039104,TASK_BEGIN,023,0.016194184741083986,-0.6359702698546933,-0.9427371829786699,1.113458086001914,0.2842414044305634,-0.26248060993575806,0.41392970062195517,0.1355346039932703,3
710,2024-09-28 17:02:10.272071936,TASK_BEGIN,023,0.11023390041354764,-0.738491982864265,-0.8303508129238777,1.097046048736923,0.23059568374268535,-0.24896537304481386,0.22333322883182802,0.13486731562965362,3
711,2024-09-28 17:02:10.339822080,TASK_BEGIN,023,0.22470357318856934,-0.8552317935595242,-0.7068099857545316,1.0725030587351319,0.18714730110431602,-0.23664804186176727,0.016323699652499107,0.13830629986536744,3
712,2024-09-28 17:02:10.401437952,TASK_BEGIN,023,0.3597443521837217,-0.9863565174794697,-0.572105247238972,1.04003624776948,0.15510529088648814,-0.2260567628104708,-0.19789462005604883,0.14377399457069376,3
713,2024-09-28 17:02:10.463443968,TASK_BEGIN,023,0.5143799610596499,-1.1308806307351058,-0.4274180446240378,1.0000208016727852,0.13530464069500828,-0.2176709163663646,-0.41006677828599997,0.14906599817677169,3
714,2024-09-28 17:02:10.539849216,TASK_BEGIN,023,0.6865115415147109,-1.2866740692024126,-0.27507935341220696,0.9530213923773595,0.1282012808602007,-0.21190900017975736,-0.6116206959463178,0.15212694133864474,3
715,2024-09-28 17:02:11.486572032,TASK_BEGIN,023,0.8729632991826746,-1.4505549819922459,-0.11826672582970132,0.8997909892438252,0.13384833457084488,-0.20911083365781347,-0.7952760081987089,0.1512713886294388,3
716,2024-09-28 17:02:11.554380800,TASK_BEGIN,023,1.0695700597773121,-1.6184596012742671,0.039459656788133415,0.8412541129881642,0.1518699324850648,-0.2095093565644207,-0.9554183075724308,0.14531112154081383,3
717,2024-09-28 17:02:11.622142208,TASK_BEGIN,023,1.271312264198046,-1.7856744484093736,0.1946097452714769,0.7784780033324341,0.1814599527069161,-0.213203894235718,-1.0881864455515322,0.13359089280788775,3
718,2024-09-28 17:02:11.683396096,TASK_BEGIN,023,1.472514535524038,-1.947106244073169,0.34401440165840225,0.7126460636411778,0.22140244370610807,-0.22014788462933896,-1.1912952107372938,0.1159562937597255,3
719,2024-09-28 17:02:11.751941888,TASK_BEGIN,023,1.6671215827950399,-2.097559833697876,0.48483248258606065,0.6450472480915926,0.27009315455661703,-0.23015061798584333,-1.2637123524270137,0.09266172892714696,3
720,2024-09-28 17:02:11.825444096,TASK_BEGIN,023,1.8490454749887706,-2.2320062666132587,0.614461218458419,0.5770712353979135,0.32556813090188963,-0.2428855162717645,-1.3053007811737547,0.06421990829410136,3
721,2024-09-28 17:02:11.893201152,TASK_BEGIN,023,2.0125387942673787,-2.3458365144491014,0.7304765045734591,0.5101914475246523,0.3855609053129021,-0.25790195967951907,-1.3164716440580115,0.031244091265009218,3
722,2024-09-28 17:02:12.836648960,TASK_BEGIN,023,2.1525187063007665,-2.4350907773776456,0.8306293164442085,0.445919559634977,0.44758571901525385,-0.27464031464985345,-1.2978498061914052,-0.005643741548636737,3
723,2024-09-28 17:02:12.904455936,TASK_BEGIN,023,2.264791632577587,-2.496641763180666,0.912942071161084,0.38570505820662876,0.5090361049141314,-0.29244922050332134,-1.2499504940543569,-0.045820149340509216,3
724,2024-09-28 17:02:12.970210048,TASK_BEGIN,023,2.346193930129987,-2.5283149469179045,0.9759166462270704,0.33077388431313376,0.5673066767129105,-0.31060827296994115,-1.172923485907605,-0.08861836548643164,3
725,2024-09-28 17:02:13.030691840,TASK_BEGIN,023,2.3946980533449906,-2.5289456328965962,1.0187618557595446,0.28195154733009475,0.6199407570485507,-0.328362822094263,-1.0664372458031637,-0.13329147498468574,3
726,2024-09-28 17:02:13.100344064,TASK_BEGIN,023,2.409499299075511,-2.498382941938432,1.0415627229340776,0.23953243987941183,0.6647825797013576,-0.3449725663766625,-0.9297376085523825,-0.1790152300555428,3
727,2024-09-28 17:02:13.175446016,TASK_BEGIN,023,2.3910509775958397,-2.4374475275233043,1.045342199531881,0.20323556163127943,0.7001101084141548,-0.3597677232219561,-0.7619917767910375,-0.22489587137607386,3
728,2024-09-28 17:02:13.243195136,TASK_BEGIN,023,2.3410135899815687,-2.347844306619594,1.031936384382713,0.1722662697486082,0.7247387555142468,-0.37220217041776094,-0.5630621747672457,-0.2699203111349606,3
729,2024-09-28 17:02:14.186729984,TASK_BEGIN,023,2.2621068187327524,-2.2320358659041686,1.0036860630179705,0.14547848227814694,0.7380884412568381,-0.38189088681018685,-0.334550630862162,-0.3128785046389526,3
730,2024-09-28 17:02:14.254322944,TASK_BEGIN,023,2.15787515672346,-2.093090246223367,0.9630759676346734,0.12159897233228191,0.7402003133975582,-0.38862225746137113,-0.08058854652921155,-0.35238382200840135,3
731,2024-09-28 17:02:14.322285824,TASK_BEGIN,023,2.0324048849121326,-1.934519235210976,0.9124328043333408,0.09945825498276498,0.7317093134918223,-0.3923482693074511,0.1920748168131865,-0.3870617795149587,3
732,2024-09-28 17:02:14.390022912,TASK_BEGIN,023,1.8900456795579408,-1.7601238407098343,0.8536831793228026,0.07817219784572672,0.7138105121743041,-0.3931681075736013,0.4746652043344152,-0.41581912252254627,3
733,2024-09-28 17:02:14.452944128,TASK_BEGIN,023,1.7351748484287834,-1.5738627570524113,0.7881342313196394,0.057228787154177486,0.688237603471613,-0.3913163944177816,0.7572950761011268,-0.43803154113081405,3
734,2024-09-28 17:02:14.525552896,TASK_BEGIN,023,1.5720164069407483,-1.379750634303308,0.7163101013171348,0.03646982141707986,0.6572093378035934,-0.38714876921616836,1.0299197128583812,-0.45357118668385843,3
735,2024-09-28 17:02:14.593316096,TASK_BEGIN,023,1.4045135191288298,-1.1817778795312066,0.6379631107071149,0.01601194510099094,0.623281411728529,-0.38111139210591194,1.2832977196761046,-0.46272018673790577,3
736,2024-09-28 17:02:15.533392896,TASK_BEGIN,023,1.236249875770082,-0.9838325020214642,0.5523487939388991,-0.003824807238102853,0.5891059855552054,-0.3736976426398136,1.5099121421747486,-0.466056496910167,3
737,2024-09-28 17:02:15.604615936,TASK_BEGIN,023,1.0704111523006918,-0.7896050816412065,0.45870801808749423,-0.022556259294586403,0.557182441889092,-0.36541114769740407,1.7046327543524311,-0.4643493278541241,3
738,2024-09-28 17:02:15.672190976,TASK_BEGIN,023,0.9097663649353676,-0.6024731911555467,0.3567612503471327,-0.03957666496857636,0.5296848320857284,-0.3567482868506357,1.864860058541043,-0.4584427353444984,3
739,2024-09-28 17:02:15.740164096,TASK_BEGIN,023,0.756647740482698,-0.4253842818850099,0.24699200753032916,-0.054228604127031,0.5083718546032532,-0.3481931857512142,1.990101970887765,-0.44910853533769385,3
740,2024-09-28 17:02:15.796687872,TASK_BEGIN,023,0.612927133340233,-0.26076678041301404,0.1306314055777721,-0.0658630825273755,0.4945275351682611,-0.34020768663907264,2.081237778147854,-0.43690977588019997,3
741,2024-09-28 17:02:15.875703040,TASK_BEGIN,023,0.4800065149527207,-0.11048815191689211,0.009462406438111703,-0.07385207247991352,0.4889028766557378,-0.33320748864456756,2.1398469909804905,-0.4221424164685644,3
742,2024-09-28 17:02:15.935930880,TASK_BEGIN,023,0.35884165490143394,0.024137870877502847,-0.11435983183821517,-0.07758180618831285,0.4916725693553223,-0.3275284677556031,2.167795921870889,-0.4048608754564487,3
743,2024-09-28 17:02:16.862189824,TASK_BEGIN,023,0.2500058288042185,0.14229997287330912,-0.2383450959609395,-0.07649041834512768,0.5024285551104752,-0.32339287759356844,2.1670401052092396,-0.38493754774407757,3
744,2024-09-28 17:02:16.929974016,TASK_BEGIN,023,0.15378672820210956,0.2436035367972283,-0.35956080766936527,-0.07017382735112941,0.5202237723081679,-0.32088880219785487,2.139630799019525,-0.36214257913080494,3
745,2024-09-28 17:02:16.997389056,TASK_BEGIN,023,0.07030169443505083,0.3279674517479227,-0.47450269153103014,-0.05851519746394077,0.5436792598852734,-0.3199757052117203,2.087988714164381,-0.33626586927946184,3
746,2024-09-28 17:02:17.059134976,TASK_BEGIN,023,-0.00038985944047454453,0.39552312187237054,-0.5790799315015672,-0.041772116977281636,0.5711520544682871,-0.32051556563594413,2.0153207591575417,-0.3072551012511402,3
747,2024-09-28 17:02:17.132950016,TASK_BEGIN,023,-0.05820619768398206,0.4465320107142473,-0.6687744143590963,-0.02059422910051343,0.6009220425485535,-0.32231066066333314,1.9259004376455169,-0.2753122328757422,3
748,2024-09-28 17:02:17.199868928,TASK_BEGIN,023,-0.10302620777656728,0.4813355382211,-0.7390182038255082,0.004029214363654132,0.631336716701457,-0.32512386162159906,1.8250685252990477,-0.24093431391161615,3
749,2024-09-28 17:02:17.266525952,TASK_BEGIN,023,-0.13474619743099997,0.5003479848914457,-0.7858180616544855,0.030901616868433828,0.6608800292958998,-0.32867118201569795,1.7189402669077167,-0.20489501388733514,3
750,2024-09-28 17:02:18.212924160,TASK_BEGIN,023,-0.15338886915394934,0.5040935138574684,-0.8065383990112113,0.05883050816253808,0.6881789988525504,-0.33259847347404864,1.6137974844807623,-0.16814424070115444,3
751,2024-09-28 17:02:18.280435968,TASK_BEGIN,023,-0.1592330764914536,0.4932775802110082,-0.8006485624634769,0.08687269971823448,0.7119947111866544,-0.336468068399413,1.515252611333078,-0.13165886629899853,3
752,2024-09-28 17:02:18.335166976,TASK_BEGIN,023,-0.15294365836600277,0.46887643542748675,-0.770217511976669,0.11452512007066522,0.7312400560299106,-0.33977611505895916,1.427447711779097,-0.09632003369865652,3
753,2024-09-28 17:02:18.415542016,TASK_BEGIN,023,-0.13568009178931778,0.4322241851492721,-0.7199730325670137,0.14177539270538406,0.7450239859858406,-0.3420025095742762,1.3525258172780106,-0.0628281132523609,3
754,2024-09-28 17:02:18.483834112,TASK_BEGIN,023,-0.1091545274928579,0.38507752090265224,-0.6568707137136272,0.16899539516405934,0.7526876308838528,-0.3426781225519349,1.2904681520252508,-0.03163120083869961,3
755,2024-09-28 17:02:18.551318784,TASK_BEGIN,023,-0.07561749989119831,0.32964760575281227,-0.5892969876697572,0.1967364423942795,0.7538103471490255,-0.34144713212842676,1.239318300278138,-0.0028980743190340883,3
756,2024-09-28 17:02:18.619793920,TASK_BEGIN,023,-0.03777465138966185,0.2685989588334532,-0.5261406882406923,0.22549849833510432,0.7481907136377611,-0.3381052576311791,1.1957620034023242,0.02342235448920585,3
757,2024-09-28 17:02:19.538342912,TASK_BEGIN,023,0.0013368703540875644,0.20501646449367744,-0.4759617894431856,0.2555370467963259,0.7358058310495991,-0.3326038792293516,1.1559184862433718,0.047478249778604646,3
758,2024-09-28 17:02:19.600476160,TASK_BEGIN,023,0.03848192255924382,0.1423339851722616,-0.4463516207661685,0.28676248556781386,0.7167431589589263,-0.32502178379297125,1.1160885739686845,0.06939605030916525,3
759,2024-09-28 17:02:19.672919040,TASK_BEGIN,023,0.07037010684036818,0.08420836279203463,-0.44342664748821725,0.31873798860593977,0.6911183228663588,-0.3155182839789488,1.0732220361575622,0.08922038284059552,3
760,2024-09-28 17:02:19.741609216,TASK_BEGIN,023,0.09383831485208255,0.03431859816720289,-0.4713992501459543,0.350730602742415,0.6590156191344438,-0.30428792824306594,1.0250056884153518,0.1069340789644208,3
761,2024-09-28 17:02:19.809346816,TASK_BEGIN,023,0.1060963659456494,-0.003917509986103532,-0.5322435297049938,0.38178369530753364,0.6204772601615921,-0.29153252051188977,0.9696604252501236,0.12254071474541518,3
762,2024-09-28 17:02:19.877059072,TASK_BEGIN,023,0.10500938715756887,-0.027678170943568982,-0.6254740521893281,0.4108211002198383,0.5755407317241247,-0.2774554035827913,0.9057375125992083,0.13614797975975862,3
763,2024-09-28 17:02:19.944656896,TASK_BEGIN,023,0.08934016405514168,-0.03504860487594527,-0.7480692406274488,0.4367953173799932,0.5243023609405433,-0.2622720817111219,0.8321848298496946,0.14798921446437505,3
764,2024-09-28 17:02:20.911005184,TASK_BEGIN,023,0.058879715037365214,-0.0252343941123602,-0.8946373419824509,0.4588549590711807,0.46696595239265265,-0.24622183734489875,0.7485797982558309,0.15838201420688863,3
765,2024-09-28 17:02:20.973260032,TASK_BEGIN,023,0.014455899586438099,0.0013460264567165046,-1.057879117538731,0.4764795484298822,0.40384418950989276,-0.22956432347883793,0.6551763446990598,0.16767320605400995,3
766,2024-09-28 17:02:21.047898880,TASK_BEGIN,023,-0.04214541001922026,0.0430736084618445,-1.2292519558062363,0.48954228005965583,0.3353345163311044,-0.21255852026923971,0.5526679538927534,0.17620942758682878,3
767,2024-09-28 17:02:21.111267072,TASK_BEGIN,023,-0.1083187865298892,0.09722789453214505,-1.3996875728264007,0.4982949437008935,0.26193098730663517,-0.19543641073237852,0.4419280577982087,0.1843336067831957,3
768,2024-09-28 17:02:21.173764864,TASK_BEGIN,023,-0.18081977038140606,0.16015935715765323,-1.5602857253414346,0.5032935827172933,0.18429866507421053,-0.17838539243959542,0.32396364011129164,0.1923812936407431,3
769,2024-09-28 17:02:21.251058176,TASK_BEGIN,023,-0.2559666757605188,0.22751751667376255,-1.7029444725847465,0.5052933969438642,0.10336650062297517,-0.16154384769079247,0.2000542215146474,0.20064198374844708,3
770,2024-09-28 17:02:21.318711808,TASK_BEGIN,023,-0.3298539377297186,0.2945194585926401,-1.8208716479452198,0.5051424597326328,0.020366184792009023,-0.145002920394317,0.07196470197313339,0.20925405989034251,3
771,2024-09-28 17:02:22.232461824,TASK_BEGIN,023,-0.3985808889339048,0.35624607017652915,-1.908947397938246,0.5036981207577006,-0.06322488133508114,-0.12880356891587896,-0.05778272324280769,0.21804443162947765,3
772,2024-09-28 17:02:22.294959872,TASK_BEGIN,023,-0.4584888154296225,0.40794887607255803,-1.9639386265986698,0.5017722964996778,-0.14581939285094575,-0.1129271415263205,-0.18564465673105648,0.22640699007709145,3
773,2024-09-28 17:02:22.373056000,TASK_BEGIN,023,-0.5063802634066421,0.44534728126383455,-1.984546750665523,0.5000834000826435,-0.22587544070606172,-0.09728926481246955,-0.30703763720086813,0.2333466417509092,3
774,2024-09-28 17:02:22.434861824,TASK_BEGIN,023,-0.5396979323528213,0.46489858888282737,-1.9712943362775945,0.49918971108068694,-0.302019930138753,-0.08174601776339352,-0.4167093323555389,0.23771619970131053,3
775,2024-09-28 17:02:22.508519680,TASK_BEGIN,023,-0.556656755635586,0.4640235961491878,-1.9263517457507866,0.4994256993851049,-0.3731273113241256,-0.06611338968757369,-0.5093484869803525,0.23852344426270372,3
776,2024-09-28 17:02:22.576255232,TASK_BEGIN,023,-0.5563262715516928,0.44126792416540656,-1.8534108712665667,0.5009038671221473,-0.43836277943545376,-0.05019587949219577,-0.5802305036386268,0.23516153132046408,3
777,2024-09-28 17:02:22.644056064,TASK_BEGIN,023,-0.5386560341804286,0.39638424605609857,-1.7575376164453795,0.5036060462320576,-0.4971938683219007,-0.033815777534901045,-0.6258762801406381,0.22753371529602065,3
778,2024-09-28 17:02:23.589196032,TASK_BEGIN,023,-0.5044406726004479,0.3303328528538621,-1.6448065233567113,0.5075056803703181,-0.5493718063878834,-0.016831996505145753,-0.6447175680035935,0.21613001961824344,3
779,2024-09-28 17:02:23.657529088,TASK_BEGIN,023,-0.4552253217772256,0.24520067852458302,-1.5217162372168753,0.5126550109925808,-0.5948941931397016,0.0008563704858972968,-0.6375894111100122,0.2020746091130813,3
780,2024-09-28 17:02:23.718173952,TASK_BEGIN,023,-0.3931498255987112,0.14403190853012984,-1.3946646921371626,0.519238108987608,-0.6339590717787166,0.01931523304649845,-0.6078159346050592,0.18709088773985444,3
781,2024-09-28 17:02:23.793065216,TASK_BEGIN,023,-0.32074079992613264,0.0305703185690887,-1.2696758639617627,0.5276067570980463,-0.6669091072718119,0.038579477607511514,-0.5608263365188461,0.1733376222072225,3
782,2024-09-28 17:02:23.860804864,TASK_BEGIN,023,-0.2406864968576256,-0.0910604331659685,-1.1522571533494392,0.5382711144273251,-0.6941687950605251,0.05865071792348137,-0.5034697700407692,0.1631439244140244,3
783,2024-09-28 17:02:23.919729920,TASK_BEGIN,023,-0.1556379710613853,-0.21669106316622774,-1.0472060283112392,0.5518197261183762,-0.7161902306297464,0.07948679101371817,-0.44329387601532466,0.15872303929006074,3
784,2024-09-28 17:02:23.980928000,TASK_BEGIN,023,-0.06805967898701244,-0.342406089094376,-0.9584069595604313,0.5688039645981016,-0.7334119486829399,0.10097969495274699,-0.38792682977640947,0.1619250603986214,3
785,2024-09-28 17:02:24.922464000,TASK_BEGIN,023,0.019874154727176612,-0.46477174771030155,-0.8887943999057497,0.589646623898039,-0.7462025814932549,0.1229202137614941,-0.3444522971569901,0.1740361684330951,3
786,2024-09-28 17:02:25.005457920,TASK_BEGIN,023,0.1063529248226187,-0.5809746870255827,-0.8405030331781709,0.6145885165191644,-0.7547659086957854,0.1449584000762124,-0.31862355726521,0.19562442711472128,3
787,2024-09-28 17:02:25.072756224,TASK_BEGIN,023,0.18998039295859662,-0.6888715354970003,-0.8149923145911669,0.6436458761251616,-0.7590450330277381,0.1665819712623593,-0.31410601899952617,0.22647125212234123,3
788,2024-09-28 17:02:25.140957952,TASK_BEGIN,023,0.26979667568149124,-0.7869633779071382,-0.8129387552960002,0.6765724468114257,-0.7586957633543275,0.1871313330819862,-0.3321843949172773,0.2656147989332974,3
789,2024-09-28 17:02:25.208684800,TASK_BEGIN,023,0.34526000235851884,-0.8743183578572578,-0.8339462825366245,0.7128499398632877,-0.7531555784756472,0.20585288031133722,-0.3720758780400636,0.31146668966620805,3
790,2024-09-28 17:02:25.263532032,TASK_BEGIN,023,0.41617928387315006,-0.9504678567378579,-0.8763443439571169,0.7517197752045705,-0.7417789600014604,0.22198037594180012,-0.4315377119403523,0.3619575759189879,3
791,2024-09-28 17:02:25.340704768,TASK_BEGIN,023,0.48260022482834597,-1.0152986189276068,-0.9373044105740157,0.792242162313519,-0.7239899865984178,0.2348281281752624,-0.5073367531345713,0.4147000350461578,3
792,2024-09-28 17:02:26.289309184,TASK_BEGIN,023,0.5446651841134874,-1.0689549972964094,-1.0132532588658167,0.8333441224706873,-0.6994074105485826,0.24387397567794572,-0.595376057375421,0.46715970559879666,3
793,2024-09-28 17:02:26.351674112,TASK_BEGIN,023,0.6024725292743929,-1.1117526002385425,-1.1003286211994143,0.8738201275330384,-0.6679222295547148,0.24881346157409856,-0.6906602916084214,0.5168354166912051,3
794,2024-09-28 17:02:26.424733952,TASK_BEGIN,023,0.6559545164369305,-1.1440970928295355,-1.1946375449888065,0.9123069774159664,-0.629741050877666,0.2495812423916779,-0.7874543175763167,0.561456373435817,3
795,2024-09-28 17:02:26.490329088,TASK_BEGIN,023,0.7047902242532177,-1.1664058845260377,-1.2923149295326524,0.9472998969231756,-0.5854149140716318,0.24634841360658571,-0.8797233757218107,0.5991596338777975,3
796,2024-09-28 17:02:26.560235008,TASK_BEGIN,023,0.7483696761588309,-1.179038464859366,-1.3895480915008958,0.977227676604337,-0.535857740810952,0.23950519211476676,-0.9616044644991333,0.6285783634121447,3
797,2024-09-28 17:02:26.628050944,TASK_BEGIN,023,0.7858168252085668,-1.1822444094370588,-1.4826501442979942,1.0005301387971615,-0.4823512822907845,0.2296316229207224,-1.0276778212091757,0.6488206993510011,3
798,2024-09-28 17:02:26.695739904,TASK_BEGIN,023,0.8160632310839392,-1.176133606824366,-1.5681264292072399,1.015699929251612,-0.4265238159102939,0.21745593033166186,-1.0730804870246844,0.6593935384013195,3
799,2024-09-28 17:02:27.609337088,TASK_BEGIN,023,0.8379442981045224,-1.1606660983403996,-1.6427605414296627,1.021340044884559,-0.37027525784430837,0.20380361663427904,-1.0936356224228436,0.6601290471569308,3
800,2024-09-28 17:02:27.671691008,TASK_BEGIN,023,0.8502810795008414,-1.1356588033507449,-1.7039030714368013,1.0163154674103902,-0.315637633140154,0.1895408408010309,-1.0860514723508603,0.6511219639042645,3
801,2024-09-28 17:02:27.733251840,TASK_BEGIN,023,0.85193431859242,-1.1008125796051766,-1.750011793070731,0.9999946213974753,-0.2646005096577623,0.17551171850241587,-1.0481514145493291,0.6326817573876325,3
802,2024-09-28 17:02:27.816114944,TASK_BEGIN,023,0.841856589731699,-1.0557653780086846,-1.7811725794181503,0.9724904970965296,-0.21894570787276935,0.1624738131840216,-0.9792001430853557,0.6053476181305832,3
803,2024-09-28 17:02:27.883865344,TASK_BEGIN,023,0.8191733227399113,-1.0001722436326081,-1.7992505997633874,0.9348105258393566,-0.18012021061229214,0.15104676988929697,-0.8804489729948116,0.5700116926436364,3
804,2024-09-28 17:02:27.951624960,TASK_BEGIN,023,0.7832884140471691,-0.9338046319302966,-1.8075393820448393,0.8888759973425174,-0.14916468936496627,0.14168674361011088,-0.7557872294411517,0.5281078926728967,3
805,2024-09-28 17:02:28.019366912,TASK_BEGIN,023,0.7339874117338739,-0.8566558307132982,-1.8100642787488725,0.837423723899689,-0.1267088951603206,0.13468502300141727,-0.6120562551672192,0.4817214546387095,3
806,2024-09-28 17:02:28.962876928,TASK_BEGIN,023,0.6715179486680835,-0.7690386605860409,-1.8108651310749106,0.7838283048530182,-0.11302776599763154,0.13018192549044852,-0.4586050046904805,0.433480338736801,3
807,2024-09-28 17:02:29.028112896,TASK_BEGIN,023,0.5966298926019404,-0.6716616180792281,-1.8134735760862815,0.7318681371579158,-0.10812941239823118,0.12818835329096318,-0.3061022891816513,0.38623353521493164,3
808,2024-09-28 17:02:29.098481920,TASK_BEGIN,023,0.510561168601226,-0.5656696984520709,-1.8205423742579638,0.6854355484145561,-0.11183963719978021,0.12860805834253466,-0.1649951010964021,0.34266822690606513,3
809,2024-09-28 17:02:29.166231040,TASK_BEGIN,023,0.4149796527650213,-0.4526418525146935,-1.833547153349682,0.6482026364311037,-0.12387183926194743,0.1312567529594108,-0.04400525479329079,0.3050279455140148,3
810,2024-09-28 17:02:29.233925120,TASK_BEGIN,023,0.3119042510191773,-0.3345460169953518,-1.8526456956206458,0.6232889818231079,-0.14390239827216336,0.13588077087685052,0.05106257142989287,0.2749808323007474,3
811,2024-09-28 17:02:29.292855040,TASK_BEGIN,023,0.20360836881810107,-0.2136582014062256,-1.8767881616743012,0.6129967031505977,-0.17166567865076643,0.14217963049722407,0.11794042472233533,0.2535716451142555,3
812,2024-09-28 17:02:29.355497984,TASK_BEGIN,023,0.09249696307407593,-0.09245488733137339,-1.9040143271013514,0.6186536010734407,-0.20704567548469144,0.1498350051330328,0.15775907908022194,0.2411778458354263,3
813,2024-09-28 17:02:30.312929024,TASK_BEGIN,023,-0.019033728009374137,0.026511995728248753,-1.9318306959419331,0.6405532732946342,-0.2501243755186192,0.15854865872522586,0.17424474186699934,0.23747187718512883,3
814,2024-09-28 17:02:30.380729856,TASK_BEGIN,023,-0.1287296508139106,0.14075188293927837,-1.9575996820469324,0.6779495933507685,-0.3011684480832441,0.16808896608695295,0.17261006434683737,0.24145964136860576,3
815,2024-09-28 17:02:30.441184000,TASK_BEGIN,023,-0.23458887869057513,0.2479775243017802,-1.9788250072215379,0.7290723900663815,-0.3605588423292702,0.1783359894392574,0.1585182598381045,0.2516323520742388,3
816,2024-09-28 17:02:30.516239104,TASK_BEGIN,023,-0.3349413823242411,0.34623856726997104,-1.993233511590874,0.7911746762016488,-0.42865845143202796,0.1893043037632311,0.13731663269526384,0.26617355490610817,3
817,2024-09-28 17:02:30.584045824,TASK_BEGIN,023,-0.4284923314633892,0.4340325902330882,-1.9987181513960457,0.8606664755049139,-0.5055968512097417,0.20112187370363568,0.11355398980245605,0.2831201345639473,3
818,2024-09-28 17:02:30.651725056,TASK_BEGIN,023,-0.5143262448981091,0.5103848429070176,-1.993284430030761,0.9333784313295412,-0.5909901473681053,0.21396247501897722,0.09069875459858463,0.30043292008311495,3
819,2024-09-28 17:02:30.719481856,TASK_BEGIN,023,-0.5918817332887985,0.5748902201787933,-1.9750647433942583,1.0049216813112136,-0.6836926020928071,0.2279585814997189,0.07090303379709091,0.31602991418748566,3
820,2024-09-28 17:02:31.659148032,TASK_BEGIN,023,-0.6609103773242315,0.62771354057336,-1.9423883844981211,1.0710481176150455,-0.7816820420604809,0.2431312591731077,0.054707979976266835,0.32786998913543397,3
821,2024-09-28 17:02:31.730855936,TASK_BEGIN,023,-0.7214165666057398,0.669551983724333,-1.8938955727899351,1.1279452739252613,-0.8820966493139057,0.25935484675288095,0.04084811659243172,0.3340953264113898,3
822,2024-09-28 17:02:31.796314880,TASK_BEGIN,023,-0.7735621350185596,0.7015697976414779,-1.8287502694502364,1.1724825592863075,-0.9813862940632172,0.27635222882259697,0.0264535537447437,0.33314297858517916,3
823,2024-09-28 17:02:31.866380800,TASK_BEGIN,023,-0.8175411712617031,0.7253123840465835,-1.746991789121023,1.202433181633589,-1.0755631011037137,0.2937120827099059,0.007731536476976856,0.3237580984576375,3
824,2024-09-28 17:02:31.933212160,TASK_BEGIN,023,-0.8534594768359696,0.7425947546137961,-1.649864851772834,1.2166268326684588,-1.1605676440907264,0.3109282292601832,-0.01906419824088926,0.3049580704050156,3
825,2024-09-28 17:02:32.001894144,TASK_BEGIN,023,-0.8812456679832246,0.7553535133835975,-1.539865418095811,1.214991171727194,-1.2327405163005294,0.3274633400764623,-0.05667001910283732,0.27606281341660627,3
826,2024-09-28 17:02:32.060429824,TASK_BEGIN,023,-0.9006056589828944,0.7654707137392245,-1.4204335183906442,1.1985223678906056,-1.2893060301390795,0.34282601054356937,-0.10615046372206725,0.23685336970440757,3
827,2024-09-28 17:02:32.989633024,TASK_BEGIN,023,-0.9110438381074408,0.7746065542149895,-1.2954159184322396,1.169231471267965,-1.3287291797794647,0.35663926352308345,-0.16672304671339808,0.18781029740200236,3
828,2024-09-28 17:02:33.057378816,TASK_BEGIN,023,-0.9119701910809959,0.7840797857884597,-1.1684534115505762,1.130041884538878,-1.3508538741091292,0.36868312400618564,-0.23604566260979765,0.13031496698844744,3
829,2024-09-28 17:02:33.125106176,TASK_BEGIN,023,-0.9028715698558125,0.7948112603364957,-1.0424732004304011,1.084588262255735,-1.356812362469079,0.37890467530895666,-0.3107823908985217,0.06671408502812529,3
830,2024-09-28 17:02:33.192836864,TASK_BEGIN,023,-0.8835009951680739,0.8073276432031655,-0.9194524473449139,1.0369012758101963,-1.3487581162161066,0.38739925364696615,-0.3872309920503554,0.00021856668298254043,3
831,2024-09-28 17:02:33.260576000,TASK_BEGIN,023,-0.8540517765996424,0.8218136245182626,-0.8005084084465205,0.9910085132007294,-1.3295075045975533,0.39437503272230917,-0.46185886202868226,-0.06533556006619817,3
832,2024-09-28 17:02:33.327478016,TASK_BEGIN,023,-0.8152901440229687,0.8381894635847683,-0.6862800226059246,0.9505328860208626,-1.3021745086728933,0.4001120608380382,-0.5316532564978491,-0.12582751459618108,3
833,2024-09-28 17:02:33.395184128,TASK_BEGIN,023,-0.7686045280294757,0.8561858861244176,-0.5775148108365893,0.9183984505637106,-1.2698524789756216,0.40491644870921417,-0.594218430029914,-0.17725644863751405,3
834,2024-09-28 17:02:34.324220928,TASK_BEGIN,023,-0.7159297685195127,0.8754012280706673,-0.47570083626522225,0.8967098776002159,-1.235360301329762,0.40906746452821485,-0.6476653134588166,-0.21615482362595806,3
835,2024-09-28 17:02:34.405183232,TASK_BEGIN,023,-0.6595507687915885,0.8953429799162825,-0.38353227342178464,0.8867779720793837,-1.2010571958477636,0.4127667106715116,-0.6904913965906156,-0.23994750594048217,3
836,2024-09-28 17:02:34.463800064,TASK_BEGIN,023,-0.60185433767654,0.9154637196367817,-0.30504911800141193,0.8892083646332073,-1.1687429739394652,0.41610893036177665,-0.7215879190636088,-0.24720110964277675,3
837,2024-09-28 17:02:34.540464128,TASK_BEGIN,023,-0.5451175963166498,0.9351979216053091,-0.24539268278412452,0.9039939137364512,-1.1396567103457345,0.41908639951943677,-0.7402684730044113,-0.23772101770232795,3
838,2024-09-28 17:02:34.609292032,TASK_BEGIN,023,-0.49137819095570534,0.9539969745050384,-0.21019100887256165,0.930606350042515,-1.1145472785735988,0.4216180760673637,-0.746170504336931,-0.21248500675742257,3
839,2024-09-28 17:02:34.664514048,TASK_BEGIN,023,-0.4423788299183488,0.9713590197748823,-0.20467322924116318,0.9680944944484247,-1.0937635520789208,0.42358411894287673,-0.7391066205346203,-0.17344137063480988,3
840,2024-09-28 17:02:34.741883136,TASK_BEGIN,023,-0.39956015529321237,0.9868582713528573,-0.23269847026163085,1.0151490222953325,-1.0773384385051972,0.42485611983479876,-0.7190482119607883,-0.12322718209461352,3
841,2024-09-28 17:02:35.688375040,TASK_BEGIN,023,-0.36407351665857035,1.0001770235616019,-0.29592742764871754,1.07008511806202,-1.0650762130644482,0.42532438913910103,-0.6862902958768562,-0.06486877929677407,3
842,2024-09-28 17:02:35.756224000,TASK_BEGIN,023,-0.336781697478694,1.011132088384145,-0.39338996027795203,1.1307836160723401,-1.0566445690950599,0.4249212261780836,-0.6416899927581364,-0.00151126452007657,3
843,2024-09-28 17:02:35.824050688,TASK_BEGIN,023,-0.3182286899007807,1.0196842200132945,-0.5216335208540852,1.194698971655455,-1.051645561267086,0.42363430709884137,-0.5868017642709376,0.06379396795209015,3
844,2024-09-28 17:02:35.891726080,TASK_BEGIN,023,-0.30858717068884267,1.025926313302369,-0.6754157599423065,1.259000074838883,-1.049640855441191,0.421506434617511,-0.5237792240199729,0.12822442935313533,3
845,2024-09-28 17:02:35.959490048,TASK_BEGIN,023,-0.3076054638876744,1.0300527374123427,-0.848674147552262,1.3208358073233353,-1.0501256867547708,0.41862038333042084,-0.45504616910212003,0.18923429889510018,3
846,2024-09-28 17:02:36.022204160,TASK_BEGIN,023,-0.31457204444060555,1.032316417320263,-1.0353983992023954,1.3776664760591333,-1.0524604659846224,0.41506816853793543,-0.38288445205647764,0.24454061961904613,3
847,2024-09-28 17:02:36.084276736,TASK_BEGIN,023,-0.3283171123479618,1.0329839390278657,-1.2301104955901634,1.4275592077540649,-1.0557974357058022,0.4109099893780588,-0.30917779085942537,0.29212436585479706,3
848,2024-09-28 17:02:37.038416896,TASK_BEGIN,023,-0.34727594333721845,1.0322994028818457,-1.4279216803577648,1.4693484533539207,-1.059062558594728,0.40613717907642993,-0.23549277295620183,0.3303078263950436,3
849,2024-09-28 17:02:37.106253056,TASK_BEGIN,023,-0.3696282151922503,1.0304648735840911,-1.6243783120382307,1.5026399286958967,-1.0610134016318267,0.40065260433010796,-0.1635023849024121,0.35790037938828856,3
850,2024-09-28 17:02:37.159101952,TASK_BEGIN,023,-0.3935022414075136,1.0276401605558876,-1.8153206833387665,1.5277081559476828,-1.0603325767645344,0.39426990366027154,-0.09557087043915845,0.3743690104019503,3
851,2024-09-28 17:02:37.241698048,TASK_BEGIN,023,-0.41720599262315616,1.0239566982824924,-1.9968627946944322,1.5453423305409997,-1.0557180842111495,0.3867251456114434,-0.035167545799922845,0.37997496574227596,3
852,2024-09-28 17:02:37.298403072,TASK_BEGIN,023,-0.4394272712161926,1.0195339471979898,-2.1655340622709445,1.5566747457759387,-1.045969777082528,0.37769917063459424,0.013193059706252822,0.3757972741114651,3
853,2024-09-28 17:02:37.375280896,TASK_BEGIN,023,-0.45934798483392353,1.0144890002425093,-2.3185405792561866,1.5630103531260178,-1.0300785297263326,0.366854711059977,0.044517400674077924,0.3635866326591771,3
854,2024-09-28 17:02:37.437376000,TASK_BEGIN,023,-0.47665118200216067,1.0089387510618568,-2.4539868974901946,1.5656563725739765,-1.0073122371130199,0.3538880869644163,0.0542005214484382,0.3454613817044002,3
855,2024-09-28 17:02:38.363749120,TASK_BEGIN,023,-0.49144455313836954,1.0030002206795126,-2.570929339783982,1.5657444944784003,-0.9772887787162071,0.33858643610617084,0.03896812455235509,0.323519916638603,3
856,2024-09-28 17:02:38.431714048,TASK_BEGIN,023,-0.504146635142507,0.9967942814098018,-2.6692520446975845,1.5640498429180318,-0.9400234043974691,0.32087677163011147,-0.0023179547899272114,0.29948326766299205,3
857,2024-09-28 17:02:38.499438080,TASK_BEGIN,023,-0.5153768915172547,0.9904536343632613,-2.749388881153608,1.5608404889868663,-0.8959384622366698,0.300854895564979,-0.06824963863779417,0.27449192385728277,3
858,2024-09-28 17:02:38.557462784,TASK_BEGIN,023,-0.5258725368106353,0.9841311443296945,-2.811965390045842,1.555840661274758,-0.8458416493063087,0.2787907430944163,-0.15504031771106216,0.24913866212995034,3
859,2024-09-28 17:02:38.635036928,TASK_BEGIN,023,-0.5364293943440459,0.9780024091185199,-2.8575507544334755,1.5483825749594988,-0.7908959946459645,0.2551151226751547,-0.2572010169066159,0.2237181052939947,3
860,2024-09-28 17:02:38.702753792,TASK_BEGIN,023,-0.5478508223717113,0.9722601877100937,-2.886672267193297,1.5377088342292466,-0.7325912949377876,0.23039320727390883,-0.3684723852283987,0.1985614339236,3
861,2024-09-28 17:02:38.756110080,TASK_BEGIN,023,-0.5609016497918986,0.9671051146518533,-2.900007888969745,1.5232823651899048,-0.6726965505129595,0.2052868312029361,-0.48276706431736105,0.1742832537423874,3
862,2024-09-28 17:02:39.712513792,TASK_BEGIN,023,-0.5762744213820495,0.9627378661585893,-2.898494951768318,1.5049676426138598,-0.6131592158603846,0.18050488270480827,-0.5949473601734013,0.15183292416255847,3
863,2024-09-28 17:02:39.780319744,TASK_BEGIN,023,-0.5945632180705368,0.9593519840660656,-2.883163484595658,1.483031426103064,-0.5559369513087713,0.15674007898664097,-0.7012998832028667,0.13234750415463373,3
864,2024-09-28 17:02:39.848100096,TASK_BEGIN,023,-0.6162269443863087,0.9571226170268189,-2.854695982190495,1.457993601290799,-0.5027948906671136,0.13459805509104322,-0.7995733752845925,0.116864977747106,3
865,2024-09-28 17:02:39.910771968,TASK_BEGIN,023,-0.6415296757040003,0.9561895815561934,-2.8128919848899683,1.4304027857797024,-0.4551352700240737,0.11453761445869445,-0.8885016883401857,0.10598386073134548,3
866,2024-09-28 17:02:39.983468032,TASK_BEGIN,023,-0.6704703772099899,0.9566402833549079,-2.75639017023327,1.4006410135391507,-0.41390705459287863,0.09684016741769906,-0.9669460168039677,0.09957710263050128,3
867,2024-09-28 17:02:40.051382016,TASK_BEGIN,023,-0.7027354194384288,0.9585009294622814,-2.6830007900618567,1.3688707267603568,-0.37959103999061705,0.08160761135109483,-1.0330557538196585,0.09666363454535848,3
868,2024-09-28 17:02:40.119164928,TASK_BEGIN,023,-0.7376936297374684,0.9617384205644228,-2.590638095838283,1.3351546596484642,-0.3522295588326851,0.06877483545936261,-1.0838991954372843,0.09549304722352597,3
869,2024-09-28 17:02:41.061739008,TASK_BEGIN,023,-0.7744208847120476,0.9662677110040945,-2.4784087503967305,1.2996443612305313,-0.33148309152440086,0.05813014200744624,-1.1157524147060396,0.0938125685521546,3
870,2024-09-28 17:02:41.131902720,TASK_BEGIN,023,-0.8117378794619042,0.9719596543905248,-2.347349041971728,1.2626985605201753,-0.3167046625205612,0.04934641376778013,-1.1248664209138148,0.0892123841487543,3
871,2024-09-28 17:02:41.199648000,TASK_BEGIN,023,-0.848268438433189,0.9786496248834357,-2.200593867683937,1.2248851926410984,-0.3070151113207414,0.04202337902310012,-1.1083429043913289,0.07944692346123752,3
872,2024-09-28 17:02:41.266516736,TASK_BEGIN,023,-0.8825342955231891,0.9861478681531037,-2.0430581957678795,1.1869183193249482,-0.3013709387110348,0.035735854263168394,-1.0647780085790208,0.06266776010070202,3
873,2024-09-28 17:02:41.335158272,TASK_BEGIN,023,-0.9130837460485769,0.9942464932218832,-1.8808240889762373,1.1495919646347141,-0.2986368577896504,0.0300818717650531,-0.9944756204104568,0.03753173281280671,3
874,2024-09-28 17:02:41.402898176,TASK_BEGIN,023,-0.9386291051207533,1.0027157858916345,-1.7204115934246926,1.113720023606374,-0.2976763548994027,0.024725344917604274,-0.8992434595595384,0.003200240411463187,3
875,2024-09-28 17:02:41.469736192,TASK_BEGIN,023,-0.9581606163825384,1.0112914714599157,-1.5680689018060705,1.0800603814262097,-0.2974584365291547,0.019428157003195858,-0.7819771524708644,-0.04069538756990069,3
876,2024-09-28 17:02:42.409388288,TASK_BEGIN,023,-0.9710139931671081,1.0196641419240957,-1.4291874961112987,1.0492295263848253,-0.2971686458260947,0.014067669946973473,-0.6462590005962001,-0.09406256912336769,3
877,2024-09-28 17:02:42.479682816,TASK_BEGIN,023,-0.9768903807122,1.0274804642330757,-1.3079227298806195,1.0216481659379149,-0.29631006785928576,0.008639240561036423,-0.4960388553914641,-0.15635044938804368,3
878,2024-09-28 17:02:42.534970880,TASK_BEGIN,023,-0.9758444854007652,1.0343573005724311,-1.2070331208756857,0.9975476620272775,-0.2947716316154513,0.00324631010029332,-0.33529222075062604,-0.22660784424318414,3
879,2024-09-28 17:02:42.614897920,TASK_BEGIN,023,-0.9682532093077818,1.0399042991762155,-1.127858118561385,0.9770299866187698,-0.2928322013815494,-0.0019181314815407873,-0.167567849716725,-0.3036011247070896,3
880,2024-09-28 17:02:42.683675136,TASK_BEGIN,023,-0.9547696707471869,1.043750553287726,-1.0703293664383504,0.9601408811428114,-0.29108702476293025,-0.006592928710013765,0.004455730080438696,-0.3859215665357315,3
881,2024-09-28 17:02:42.751431936,TASK_BEGIN,023,-0.9362705689665551,1.0455733773677345,-1.0329679743268751,0.9469003061497191,-0.29031748646743316,-0.010471254689936278,0.17912406011952933,-0.4720128003310095,3
882,2024-09-28 17:02:42.819190016,TASK_BEGIN,023,-0.9138041901247858,1.0451291294811242,-1.0128969713486078,0.9372608203908024,-0.29133958728848236,-0.0132321328626324,0.3554571014517081,-0.560113334865154,3
883,2024-09-28 17:02:43.762682880,TASK_BEGIN,023,-0.8885412344573855,1.0422864470991293,-1.0059877209534387,0.9310266513702656,-0.2948638771642075,-0.014585321976226005,0.5323570648200299,-0.6481721965290593,3
884,2024-09-28 17:02:43.830470912,TASK_BEGIN,023,-0.861729748734796,1.0370579374553697,-1.0072880656675676,0.9277922708343249,-0.30139516690046,-0.014317310763459544,0.7077314725314527,-0.7338166652121061,3
885,2024-09-28 17:02:43.898184192,TASK_BEGIN,023,-0.8346491054659326,1.029617727230107,-1.0117104533489545,0.926919362833529,-0.31119102662853415,-0.012319876996223705,0.8779514667989655,-0.8144125710878235,3
886,2024-09-28 17:02:43.965925120,TASK_BEGIN,023,-0.8085508191624723,1.0202922549182565,-1.014727306060437,0.927543000982645,-0.324279954795807,-0.008594545525634167,1.0378299887024638,-0.8871917077619942,3
887,2024-09-28 17:02:44.033346048,TASK_BEGIN,023,-0.7845854567075949,1.0095263988601635,-1.0128211171194672,0.9286183584516383,-0.3405156438609297,-0.0032436874430768264,1.1810238520910836,-0.9493949764721102,3
888,2024-09-28 17:02:44.101383168,TASK_BEGIN,023,-0.763734201603215,0.9978409381327735,-1.0036547571841612,0.9290239876631151,-0.35963262099176907,0.00353655128984223,1.3006868146201456,-0.9984114735775621,3
889,2024-09-28 17:02:44.169120000,TASK_BEGIN,023,-0.7467624066351349,0.9857967372866594,-0.986103114631544,0.9277119244570935,-0.38128728604992884,0.011461194559809198,1.390241302623763,-1.0319336600184024,3
890,2024-09-28 17:02:45.080833024,TASK_BEGIN,023,-0.7341941337924132,0.9739708308141674,-0.9602781757264882,0.9238693540004227,-0.4050926983426391,0.020172019206923894,1.4441163572911497,-1.048147527520118,3
891,2024-09-28 17:02:45.154285824,TASK_BEGIN,023,-0.7263007052553242,0.9629400205940571,-0.9275566622078351,0.9170273561720942,-0.43065653107338836,0.02926857825014584,1.458324065593949,-1.0459338061235168,3
892,2024-09-28 17:02:45.222094080,TASK_BEGIN,023,-0.7231118351101453,0.9532644949570769,-0.8905021598079975,0.9070516312477271,-0.45761718084216013,0.0383449790320738,1.430927412791874,-1.0250265512387071,3
893,2024-09-28 17:02:45.289867008,TASK_BEGIN,023,-0.7244694048807453,0.9454679407668438,-0.8525498630319899,0.8940235247341799,-0.4856605461137862,0.047020427986946264,1.362523808093814,-0.986091092282675,3
894,2024-09-28 17:02:45.343952896,TASK_BEGIN,023,-0.7301215664467855,0.9400151527825954,-0.8174712413401509,0.8781133479101415,-0.5144999946253489,0.05495633001396355,1.2566013827434652,-0.930696405350077,3
895,2024-09-28 17:02:45.425371904,TASK_BEGIN,023,-0.7398136033038611,0.9372855883341664,-0.7888382720198198,0.8595596327009158,-0.5438254711262864,0.06185791906542248,1.119383485099423,-0.8611620682954615,3
896,2024-09-28 17:02:45.493118976,TASK_BEGIN,023,-0.7533234876763849,0.9375360946104108,-0.7696675507337584,0.8387758799425242,-0.573259383321757,0.06746680663682057,0.9590456253648731,-0.780320907789955,3
897,2024-09-28 17:02:46.436101888,TASK_BEGIN,023,-0.7704260134488691,0.9408517567871709,-0.7621978820643651,0.8164926664087893,-0.6023494354871333,0.07155497398715391,0.7846943884893968,-0.6913073077090256,3
898,2024-09-28 17:02:46.503486976,TASK_BEGIN,023,-0.7908131142352061,0.9470996142951678,-0.7677082334890609,0.7938039126248878,-0.6305799649095645,0.0739213923949324,0.605565086130281,-0.5974491757155928,3
899,2024-09-28 17:02:46.571737088,TASK_BEGIN,023,-0.814016486478459,0.9559057938539229,-0.7864358069943103,0.7720507569404281,-0.6573635216581167,0.07438394387407692,0.43052772766353264,-0.5022506512149647,3
900,2024-09-28 17:02:46.639280896,TASK_BEGIN,023,-0.839358547777256,0.9666619447502993,-0.8177132168857792,0.7525921118044573,-0.6820131908491652,0.07276528767980675,0.26771865032990516,-0.409395678623958,3
901,2024-09-28 17:02:46.707226112,TASK_BEGIN,023,-0.8659247391546725,0.9785494608501433,-0.860334145018746,0.7365739815651772,-0.7037384189459479,0.0688796613895906,0.12413274065391224,-0.32268325943290466,3
902,2024-09-28 17:02:46.775023872,TASK_BEGIN,023,-0.8925470735953904,0.9905714548464838,-0.9130249954133256,0.724777171386881,-0.7217024321980081,0.06253036894333029,0.00517673202911065,-0.24583945389717993,3
903,2024-09-28 17:02:46.842775040,TASK_BEGIN,023,-0.9178073992132704,1.0015966442609614,-0.9748404683891423,0.7175593439124773,-0.735131428472965,0.053528177497180925,-0.08568504197413293,-0.18223769444657698,3
904,2024-09-28 17:02:47.786331904,TASK_BEGIN,023,-0.940076166138533,1.0104242412317612,-1.045314805011846,0.7148655080067317,-0.7434247295533315,0.041732375357479395,-0.1471071085013859,-0.13460419292778547,3
905,2024-09-28 17:02:47.854115840,TASK_BEGIN,023,-0.957593329985284,1.0158681137872292,-1.1243101579699932,0.7162719842259174,-0.7462268488058065,0.02710234568789595,-0.17987048072843626,-0.10476618610561089,3
906,2024-09-28 17:02:47.914586880,TASK_BEGIN,023,-0.9685790751845428,1.0168468109450268,-1.2117152282818735,0.7210533540183699,-0.7434605245504757,0.009747087894948263,-0.1866677711693925,-0.0934858517605549,3
907,2024-09-28 17:02:47.989583104,TASK_BEGIN,023,-0.9713498005368165,1.0124687052610615,-1.3072616876156373,0.7282727344579734,-0.7353307053126991,-0.010029917596761369,-0.17158304513285572,-0.10041034646881201,3
908,2024-09-28 17:02:48.056379136,TASK_BEGIN,023,-0.9644277177844733,1.002110338611343,-1.4105479785703026,0.7368693482402338,-0.7223000812096921,-0.03169211397328696,-0.13940389738342512,-0.12413306756158732,3
909,2024-09-28 17:02:48.125021952,TASK_BEGIN,023,-0.9466554646744613,0.9854853443597171,-1.5210889349110341,0.7457082014763132,-0.705043178824818,-0.054445890827039184,-0.09511050972200127,-0.16234249780326968,3
910,2024-09-28 17:02:48.192688896,TASK_BEGIN,023,-0.9173278515598217,0.9626959087634518,-1.6381783887358154,0.7535849414255428,-0.6843952841899025,-0.07724316863071594,-0.043763316460099705,-0.2120438798912941,3
911,2024-09-28 17:02:49.114147840,TASK_BEGIN,023,-0.8763273966266732,0.9342575668331025,-1.7605617486683527,0.7592063522879275,-0.6612919413517022,-0.09882353885535508,0.009338097145312264,-0.26983007016820654,3
912,2024-09-28 17:02:49.181893120,TASK_BEGIN,023,-0.8242264102600164,0.901089718823852,-1.8860977513969845,0.7611763278327337,-0.6366772030265786,-0.1178041691160438,0.058609355181154406,-0.3321685163524771,3
913,2024-09-28 17:02:49.249617152,TASK_BEGIN,023,-0.7623203325785715,0.8644693327496162,-2.011571026231354,0.7580211850924388,-0.6113893693725062,-0.13281098027190416,0.0985798913520532,-0.395693614571416,3
914,2024-09-28 17:02:49.316369152,TASK_BEGIN,023,-0.6925816409249794,0.8259518266088272,-2.132732731501236,0.7482913108129575,-0.586068040853294,-0.14263190899620162,0.12467059671351291,-0.45747871174751453,3
915,2024-09-28 17:02:49.385020928,TASK_BEGIN,023,-0.6175492569172012,0.7872650133453096,-2.2446272546419395,0.7307466669586479,-0.5611153337228353,-0.14636825516795657,0.13386146356569606,-0.515207830912523,3
916,2024-09-28 17:02:49.452728064,TASK_BEGIN,023,-0.5401720821876131,0.7501786631976699,-2.3421743623561246,0.7045667698915588,-0.5367198284704209,-0.1435553753005056,0.12481970477493178,-0.5671972037231238,3
917,2024-09-28 17:02:49.520422912,TASK_BEGIN,023,-0.4636000966005815,0.7163401450417244,-2.4208122395003,0.6695020664372893,-0.5129437681000885,-0.13422409114130857,0.09755402104501104,-0.6123140950558276,3
918,2024-09-28 17:02:50.453634048,TASK_BEGIN,023,-0.3909006619067085,0.6870603168010269,-2.4769913336014957,0.6259333234974408,-0.4898616040271259,-0.11888931168049577,0.052942269924190676,-0.6498663334686564,3
919,2024-09-28 17:02:50.516120832,TASK_BEGIN,023,-0.32472741643622105,0.6630781366359918,-2.5084518063829435,0.5748509636643613,-0.46771136821409426,-0.09847629470153428,-0.007670918122708388,-0.6794852911221149,3
920,2024-09-28 17:02:50.594227968,TASK_BEGIN,023,-0.2670514789805396,0.6444086878245513,-2.5143298447020936,0.517775369418341,-0.4470030231080087,-0.07421118903433922,-0.0827642752720093,-0.7009994284180082,3
921,2024-09-28 17:02:50.667020032,TASK_BEGIN,023,-0.21906188058615383,0.6303757998778121,-2.4951379335600055,0.45663894924334186,-0.42854662237741187,-0.04749975704598918,-0.1707358475642094,-0.7143303921716977,3
922,2024-09-28 17:02:50.733851904,TASK_BEGIN,023,-0.18122993371729304,0.6198184067078105,-2.4526256163365696,0.3936484196894909,-0.41340241245850806,-0.01980354458976667,-0.2697428489675143,-0.7194621592738346,3
923,2024-09-28 17:02:50.802625024,TASK_BEGIN,023,-0.1534433847808087,0.6113682454249588,-2.389553375326182,0.33115267470580484,-0.40277334121598724,0.0074840013451977876,-0.37739620549034714,-0.7164772669870573,3
924,2024-09-28 17:02:50.869841152,TASK_BEGIN,023,-0.13513899379803365,0.6037095886299982,-2.3094616609791823,0.27154549653671317,-0.39786189935108335,0.03315266262930389,-0.49050338854166176,-0.7056037317499079,3
925,2024-09-28 17:02:51.816148992,TASK_BEGIN,023,-0.1254130031664262,0.5957797889149951,-2.216479810847743,0.21719158596148616,-0.3997270890766014,0.05626768025900222,-0.6049298442392974,-0.6872446560210738,3
926,2024-09-28 17:02:51.884018176,TASK_BEGIN,023,-0.12309375087279496,0.5868865464534826,-2.115133540089684,0.17031305153840956,-0.40918434407535237,0.0762277230166624,-0.7155299087204938,-0.6620118929830849,3
927,2024-09-28 17:02:51.939712768,TASK_BEGIN,023,-0.12677122611767494,0.5767307940183758,-2.0100801177314356,0.13278880014831776,-0.4267629478885364,0.09278350096101491,-0.8161362126423635,-0.630795026973913,3
928,2024-09-28 17:02:52.019360000,TASK_BEGIN,023,-0.13481784784300863,0.5653542839786967,-1.905755022544543,0.10590108191021838,-0.4527040515397139,0.10602157417588091,-0.8996604530973872,-0.5948659399077568,3
929,2024-09-28 17:02:52.078676992,TASK_BEGIN,023,-0.14544650291632455,0.553048791712215,-1.8060117419736197,0.09014606455834034,-0.4869825844495983,0.11632729159882321,-0.9583817923636533,-0.5559617903110985,3
930,2024-09-28 17:02:52.143961856,TASK_BEGIN,023,-0.1568231554179044,0.5402557053836944,-1.7138890453118505,0.08523724291984217,-0.5293450626671313,0.12433892537501451,-0.9845480627869732,-0.5162511176238854,3
931,2024-09-28 17:02:52.222158848,TASK_BEGIN,023,-0.1672221417542353,0.5274760529452727,-1.631579297545888,0.09034412496901482,-0.5793508144854663,0.1308961860334569,-0.9713075847810364,-0.47813128056964205,3
932,2024-09-28 17:02:53.163248128,TASK_BEGIN,023,-0.17519781585838853,0.5152116847421366,-1.560524430833451,0.10446837771553263,-0.636398639973061,0.1369810950322835,-0.9136652490034491,-0.4439093995060506,3
933,2024-09-28 17:02:53.231075840,TASK_BEGIN,023,-0.179739162844384,0.5039462433660539,-1.5014715959727876,0.12676205670660842,-0.699725185104012,0.14364487531492576,-0.8090698100558249,-0.41547718542408885,3
934,2024-09-28 17:02:53.298036992,TASK_BEGIN,023,-0.1803778578067151,0.49414763201432976,-1.4543907440430484,0.15663137930914214,-0.7683825044745102,0.1519159855672288,-0.6575834963891668,-0.39406719984656674,3
935,2024-09-28 17:02:53.366031104,TASK_BEGIN,023,-0.17723315134470757,0.4862625577821919,-1.4182995480555052,0.19361887148609297,-0.8412285778663164,0.1627006696804717,-0.4619018031099016,-0.380137362320381,3
936,2024-09-28 17:02:53.429757184,TASK_BEGIN,023,-0.17098606247585998,0.48069095801812944,-1.3911346014518722,0.23717628720374806,-0.9169618372906627,0.17670254261655985,-0.22742193966456395,-0.37340788335331965,3
937,2024-09-28 17:02:53.502078976,TASK_BEGIN,023,-0.16278703410738118,0.4777523706644829,-1.3698550099283586,0.2864529606576457,-0.9942062358327931,0.19438465183326423,0.03773345890188578,-0.3730547961424222,3
938,2024-09-28 17:02:53.569425152,TASK_BEGIN,023,-0.15411813041537106,0.4776626621127779,-1.3509140877585637,0.34016842934818775,-1.0716358597456574,0.21598037940541442,0.32298933585554573,-0.3780212314802645,3
939,2024-09-28 17:02:54.513238016,TASK_BEGIN,023,-0.14662840022477353,0.4805245667906934,-1.3310446451834166,0.39660014124395643,-1.148105632309138,0.24153650047984146,0.6160166779133366,-0.3873480198338895,3
940,2024-09-28 17:02:54.580483840,TASK_BEGIN,023,-0.14194636911521957,0.4863243564617584,-1.3081165674259712,0.45372510463781124,-1.222731764035038,0.2709548504853335,0.9037402522785047,-0.4004109845532484,3
941,2024-09-28 17:02:54.648797184,TASK_BEGIN,023,-0.14148317590511061,0.4949385443167799,-1.281784051156975,0.5095154207336168,-1.2948856261494273,0.3040065945259982,1.1734154225513709,-0.417010862833161,3
942,2024-09-28 17:02:54.716515072,TASK_BEGIN,023,-0.1462601513285993,0.5061643248714273,-1.2537384395843332,0.562282557163996,-1.364120569742769,0.3403219837100362,1.4135890221640601,-0.43733034135284016,3
943,2024-09-28 17:02:54.784291072,TASK_BEGIN,023,-0.15679394724449872,0.5197718032369569,-1.227549675620216,0.6109470689796588,-1.4300804265969351,0.3793787173299508,1.6148626625122593,-0.4617997168719766,3
944,2024-09-28 17:02:54.852073984,TASK_BEGIN,023,-0.17306081903808615,0.5355579345012329,-1.2082085996056544,0.6552081359992927,-1.4924194468894898,0.4205075481332479,1.7704083486560767,-0.49091770527791234,3
945,2024-09-28 17:02:54.919838976,TASK_BEGIN,023,-0.19454528786597844,0.5533844404725559,-1.201466955078051,0.6956298677073722,-1.5507395738412284,0.46292138414878914,1.876167280823724,-0.5250727357494016,3
946,2024-09-28 17:02:55.837336832,TASK_BEGIN,023,-0.22034996713862876,0.5731925433938334,-1.212986335212477,0.7336007488306928,-1.6045533919004242,0.5057655597733319,1.9306887886159196,-0.5643959997874353,3
947,2024-09-28 17:02:55.905198848,TASK_BEGIN,023,-0.2493252903570684,0.5949940368998352,-1.247373550971598,0.7710997125101864,-1.6532884397669543,0.5481765582005531,1.9347146631701242,-0.6086730769480796,3
948,2024-09-28 17:02:55.971649024,TASK_BEGIN,023,-0.2801889341691787,0.6188437461795149,-1.3073353024840004,0.8102766831425485,-1.6963408114965817,0.5893323111507212,1.8908137015776203,-0.6573464928161176,3
949,2024-09-28 17:02:56.040661248,TASK_BEGIN,023,-0.31162391675695283,0.644800534167783,-1.3931553435876605,0.8529471376275951,-1.7331703639302047,0.6284884648321618,1.8033283444116393,-0.7096042676183285,3
950,2024-09-28 17:02:56.096318720,TASK_BEGIN,023,-0.3423524662406889,0.6728816550235964,-1.5025642115664979,0.9001549938545166,-1.7634061638869398,0.665004698620458,1.678511819301796,-0.7644728089448107,3
951,2024-09-28 17:02:56.176171264,TASK_BEGIN,023,-0.37119200763098653,0.7030190816294728,-1.631022592721093,0.9519434315083423,-1.7869139706980708,0.6983612697520384,1.5244301753390452,-0.8208156142519039,3
952,2024-09-28 17:02:56.236187136,TASK_BEGIN,023,-0.39711155886148347,0.7350347042705748,-1.772345597662586,1.0073636172546063,-1.8038041454358589,0.7281628575885298,1.3503784781375734,-0.8772436531028014,3
953,2024-09-28 17:02:57.186840064,TASK_BEGIN,023,-0.4192981946071002,0.768646492882705,-1.9194283155954417,1.0646310632739528,-1.8144031084965926,0.7541318783972553,1.1660129399222963,-0.9320723423982668,3
954,2024-09-28 17:02:57.254648832,TASK_BEGIN,023,-0.43722003111143964,0.8035006484634265,-2.0648076610181287,1.1213166308312528,-1.8192121762861475,0.7760965675488359,0.9805825842366295,-0.9834537561166309,3
955,2024-09-28 17:02:57.314368000,TASK_BEGIN,023,-0.4506637869008083,0.8392108689648667,-2.200986123181552,1.1745368027520182,-1.818851702791422,0.7939777701412213,0.8023868569398522,-1.0296577704586776,3
956,2024-09-28 17:02:57.390167040,TASK_BEGIN,023,-0.4597346473406171,0.8753823493160912,-2.320690965036961,1.2212062136009796,-1.8139935403217462,0.8077780494166241,0.6383095132395603,-1.0693354578919092,3
957,2024-09-28 17:02:57.457912832,TASK_BEGIN,023,-0.4648210800877853,0.9116105252796467,-2.417287337395358,1.2584168568336642,-1.8053081954820183,0.8175767010929369,0.4933342932559407,-1.1016158514928556,3
958,2024-09-28 17:02:57.525657856,TASK_BEGIN,023,-0.4665354653573594,0.9474665335480629,-2.485352886278041,1.2838919347562865,-1.7934496988669646,0.8235317957858403,0.37016685989010706,-1.1260293975132023,3
959,2024-09-28 17:02:57.593426944,TASK_BEGIN,023,-0.46563767599479344,0.9824892917010217,-2.5212458846930508,1.2963640285981424,-1.779075356486209,0.8258880973007222,0.26917668047470705,-1.1423700443806521,3
960,2024-09-28 17:02:58.538570752,TASK_BEGIN,023,-0.4629462993026697,1.016193542115386,-2.5235335674626556,1.2957486157535376,-1.762874479343256,0.8249897108146798,0.1887781055129476,-1.1506078753685185,3
961,2024-09-28 17:02:58.606206720,TASK_BEGIN,023,-0.4592496307155434,1.048092242692785,-2.4932232075613614,1.2830847585493723,-1.7455704372318697,0.82129357071456,0.12617248878830242,-1.1508812681795144,3
962,2024-09-28 17:02:58.673190144,TASK_BEGIN,023,-0.455231681392019,1.077726527455192,-2.4337332572522254,1.2603071650213629,-1.7278705867488207,0.8153722658462277,0.07818619919336037,-1.143528206059577,3
963,2024-09-28 17:02:58.741803008,TASK_BEGIN,023,-0.4514182608737541,1.104693891573036,-2.350563741404063,1.2299489690775012,-1.7103653608586504,0.8078925642446555,0.04190739359496234,-1.1291090420612333,3
964,2024-09-28 17:02:58.809531904,TASK_BEGIN,023,-0.4481375477533271,1.1286689370925518,-2.2507488743652857,1.1948552544444175,-1.6934041052061226,0.7995661889343626,0.014952637814295611,-1.1083990374753885,3
965,2024-09-28 17:02:58.877285888,TASK_BEGIN,023,-0.4454933324977908,1.1494187268705711,-2.142273688235065,1.1579493683608075,-1.6769835659206684,0.7910819597863259,-0.004667573892441502,-1.0823467384231635,3
966,2024-09-28 17:02:58.945068032,TASK_BEGIN,023,-0.4433660848104563,1.1668155896433883,-2.0335689183705017,1.122070416817084,-1.6606780222641682,0.7830354574061565,-0.018974963846640523,-1.052008319773126,3
967,2024-09-28 17:02:59.864072960,TASK_BEGIN,023,-0.4414660082722717,1.1808449687957348,-1.9330367938423483,1.0898813190991627,-1.6436427635628965,0.7758767599789316,-0.03043626101725284,-1.018473976777115,3
968,2024-09-28 17:02:59.931227904,TASK_BEGIN,023,-0.4394395275054088,1.1916048268251642,-1.8484988421531812,1.063822240789182,-1.6247285093736936,0.7698926382103342,-0.04199507911374571,-0.9827925371828173,3
969,2024-09-28 17:02:59.999252224,TASK_BEGIN,023,-0.43699020326183624,1.1992962174128639,-1.7865613444849764,1.046083687811414,-1.6027091758084657,0.7652208000593239,-0.05659592936997777,-0.9459206806383526,3
970,2024-09-28 17:03:00.062967040,TASK_BEGIN,023,-0.43396524071867665,1.2042072140311235,-1.7520525861414802,1.0385991734180586,-1.5765586565795882,0.761876939085026,-0.07643321292411934,-0.9087496530725958,3
971,2024-09-28 17:03:00.125808128,TASK_BEGIN,023,-0.4303919108684989,1.206695215604724,-1.747723612561368,1.04305645272423,-1.5456884960969215,0.7597782918290238,-0.10232650392589787,-0.8722025760653045,3
972,2024-09-28 17:03:00.202306048,TASK_BEGIN,023,-0.42647666798046047,1.2071729397999436,-1.774257714326501,1.0608745912577464,-1.5100949453585732,0.7587618452037574,-0.1335331890859428,-0.8373037888944128,3
973,2024-09-28 17:03:00.265504000,TASK_BEGIN,023,-0.42257274957195434,1.206095368822596,-1.8304804933731298,1.0930761536138718,-1.4704014476475558,0.7586015815096949,-0.16808937113008732,-0.8051369478347528,3
974,2024-09-28 17:03:01.212641792,TASK_BEGIN,023,-0.4191108149902379,1.2039347022252938,-1.913671667812657,1.1400764409109645,-1.4278010732957087,0.7590250404780189,-0.20350039923344423,-0.7767125212634611,3
975,2024-09-28 17:03:01.280429056,TASK_BEGIN,023,-0.41650186765387764,1.2011345926724435,-2.0199449350802445,1.201502276195123,-1.383921572079134,0.7597265617275754,-0.23739382659800148,-0.7528338023982504,3
976,2024-09-28 17:03:01.348205056,TASK_BEGIN,023,-0.415048350004633,1.198055208203986,-2.1446567584368226,1.2761073887040204,-1.3406380451370883,0.7603745540118743,-0.2678228583209755,-0.73403409884887,3
977,2024-09-28 17:03:01.416004864,TASK_BEGIN,023,-0.41490665216569794,1.1949310923934582,-2.2827729822863057,1.361755401245685,-1.2998474559295394,0.7606111661641702,-0.29326332003188044,-0.7205859885614987,3
978,2024-09-28 17:03:01.483565312,TASK_BEGIN,023,-0.4161116888191123,1.1918486169965994,-2.42911029675517,1.4554373622256507,-1.2632360963703726,0.760049329247669,-0.3126174198042963,-0.7125251492240845,3
979,2024-09-28 17:03:01.551438080,TASK_BEGIN,023,-0.418623499251748,1.188734342613904,-2.5783968436560674,1.5533556060693425,-1.2320988858319852,0.7582784478642522,-0.3254390650644769,-0.7096586856736874,3
980,2024-09-28 17:03:01.619186944,TASK_BEGIN,023,-0.4223457294874824,1.1853516496585355,-2.7251845749606867,1.6511263166979617,-1.2072550948069942,0.754884523308662,-0.3322358921213672,-0.7116145338329566,3
981,2024-09-28 17:03:02.562748928,TASK_BEGIN,023,-0.4271122172907991,1.1813116413050961,-2.8637486061749686,1.7440910664888947,-1.1890638594292384,0.7494792633614598,-0.33444941065821887,-0.7180071419008593,3
982,2024-09-28 17:03:02.630233088,TASK_BEGIN,023,-0.4326799216688641,1.176099104481858,-2.9881262228182734,1.8276532432492174,-1.1775143583129037,0.7417296514953404,-0.3338777053490213,-0.7286932554194567,3
983,2024-09-28 17:03:02.698236160,TASK_BEGIN,023,-0.4387506357774124,1.1691089189885875,-3.0923530350798893,1.8975577817337053,-1.1723477534783764,0.7313853656775481,-0.3317551830000683,-0.7439859031013033,3
984,2024-09-28 17:03:02.765209088,TASK_BEGIN,023,-0.44499871277796743,1.1596905159308815,-3.1708600338453308,1.9501098606406653,-1.1731635160104201,0.7183068935739959,-0.32796625601938506,-0.76469900881755,3
985,2024-09-28 17:03:02.833004800,TASK_BEGIN,023,-0.4510673598614728,1.147197772528932,-3.2189962112013357,1.9823832565914876,-1.1794754217752588,0.7024924421002655,-0.3207520726066097,-0.7919817617466179,3
986,2024-09-28 17:03:02.901413120,TASK_BEGIN,023,-0.45652385092849745,1.1310374484122756,-3.23363939244316,1.9924333455022412,-1.1906975080298303,0.6840922570189218,-0.30695868111400837,-0.8270102694342617,3
987,2024-09-28 17:03:02.969135104,TASK_BEGIN,023,-0.46080297441285767,1.110710330048805,-3.213764548024889,1.979462771737504,-1.206071047739104,0.6634030281296234,-0.2826121471002098,-0.8706876102738127,3
988,2024-09-28 17:03:03.909629952,TASK_BEGIN,023,-0.4631863862721988,1.085847258120818,-3.160762960837579,1.9438794036992901,-1.2245851041664322,0.6408457492281869,-0.2435663993464456,-0.9234727838271046,3
989,2024-09-28 17:03:03.982183936,TASK_BEGIN,023,-0.4628521224706117,1.056247525494805,-3.0783527114531313,1.887217506843086,-1.2449442148200565,0.6169289431644512,-0.1860835719831963,-0.9853201827247091,3
990,2024-09-28 17:03:04.049884928,TASK_BEGIN,023,-0.4589925393732373,1.0219247044953,-2.972093195972007,1.811933403353515,-1.2656050506192105,0.5921995347735377,-0.10727010348957494,-1.055630916191994,3
991,2024-09-28 17:03:04.117064960,TASK_BEGIN,023,-0.4509623674845361,0.9831579281366685,-2.8487421330119536,1.721157877896838,-1.2848828311601543,0.5671957119483839,-0.00536432320298178,-1.1331797593704804,3
992,2024-09-28 17:03:04.185318912,TASK_BEGIN,023,-0.43840454129100936,0.9405357744537585,-2.715739612538008,1.6185168276111856,-1.3011072299603064,0.5424183036478386,0.11996341207306656,-1.2160734512424347,3
993,2024-09-28 17:03:04.253061120,TASK_BEGIN,023,-0.4213145742465325,0.8949701293324741,-2.580868219698493,1.508043266088922,-1.3127830284342152,0.5183231000489865,0.26714037892053805,-1.30180826923954,3
994,2024-09-28 17:03:04.320723200,TASK_BEGIN,023,-0.40003143689206055,0.8476606169366858,-2.451910767016463,1.3941046274490465,-1.3187143501421716,0.4953227045389789,0.43219904617659377,-1.3874480838717436,3
995,2024-09-28 17:03:05.252198912,TASK_BEGIN,023,-0.3751743207619334,0.8000090927253336,-2.336132205260959,1.2812621576551424,-1.318082547541518,0.47378425671794105,0.6086379271897557,-1.4698841432376981,3
996,2024-09-28 17:03:05.330710016,TASK_BEGIN,023,-0.34756637688582975,0.7535055666609926,-2.2395727532305902,1.174021870730938,-1.3104937920561464,0.454018652973062,0.7878716393602374,-1.5460999892469105,3
997,2024-09-28 17:03:05.398468096,TASK_BEGIN,023,-0.31817702420507227,0.7096124310102383,-2.1663323321557773,1.076488626239169,-1.2960069522951847,0.436265452955386,0.9602160205255721,-1.6134041937153774,3
998,2024-09-28 17:03:05.465920000,TASK_BEGIN,023,-0.28808078263439235,0.6696583852890764,-2.1181076690078044,0.9919887672969506,-1.2751228975181226,0.42067606827856324,1.116139142922277,-1.6696514731094592,3
999,2024-09-28 17:03:05.534000128,TASK_BEGIN,023,-0.25841042783498336,0.6347371199375502,-2.0941249911436715,0.922750462055159,-1.2487086312036588,0.4072949993704705,1.2473821698641396,-1.713420249080757,3
1000,2024-09-28 17:03:05.601739008,TASK_BEGIN,023,-0.23029213625330933,0.6056070352971384,-2.091424441763176,0.8697177222686623,-1.217862365393295,0.39604318012930556,1.347626266771683,-1.7440436920063884,3
1001,2024-09-28 17:03:05.669495040,TASK_BEGIN,023,-0.2047665934916108,0.5826014167669203,-2.105373903733275,0.8325500585777867,-1.1837578702593035,0.38671231969851066,1.4127232722431347,-1.7614888830841573,3
1002,2024-09-28 17:03:06.613683712,TASK_BEGIN,023,-0.18270065800632496,0.5655681453239971,-2.130329171841022,0.809818440043638,-1.1475086438889268,0.37897501527773275,1.4407926159599662,-1.7662289357199739,3
1003,2024-09-28 17:03:06.681467904,TASK_BEGIN,023,-0.1646922803591386,0.553858310190577,-2.1603789170037557,0.7993411278762289,-1.1100782789097683,0.3724051711700211,1.4323737689196077,-1.759210805631027,3
1004,2024-09-28 17:03:06.749155072,TASK_BEGIN,023,-0.15098574388634178,0.54637545549761,-2.1900574643213306,0.7985617146518521,-1.0722501351782276,0.3665014370459952,1.3905249865532272,-1.7418609099481843,3
1005,2024-09-28 17:03:06.816904960,TASK_BEGIN,023,-0.14143152845949217,0.5416840732071659,-2.214904912208575,0.8049001052043646,-1.0346560667960312,0.3607142026570658,1.3206862215278736,-1.716028065889012,3
1006,2024-09-28 17:03:06.884619008,TASK_BEGIN,023,-0.13551990650135676,0.538162859602987,-2.2318507197908364,0.8160608017762865,-0.9978426651964831,0.3544785276819696,1.230272897964782,-1.6838494071472037,3
1007,2024-09-28 17:03:06.951676928,TASK_BEGIN,023,-0.13248544507607798,0.5341806408970639,-2.2394459456235656,0.8302900234557292,-0.962342719192557,0.34725276074391637,1.1280689253307985,-1.6475997173305295,3
1008,2024-09-28 17:03:07.010737152,TASK_BEGIN,023,-0.1314461658434118,0.5282724811139613,-2.237934445263064,0.8465464044623561,-0.92874259863692,0.3385660398865913,1.0234435444086991,-1.6095768663751702,3
1009,2024-09-28 17:03:07.938064128,TASK_BEGIN,023,-0.13154124445929835,0.5192989655449999,-2.2291549916105042,0.8645573982182786,-0.8977560910097976,0.3280748879358591,0.9254111233396565,-1.5720182192049352,3
1010,2024-09-28 17:03:08.005847808,TASK_BEGIN,023,-0.13205961903282104,0.5065756269205459,-2.216287754908164,0.8847638034383837,-0.8702946525416592,0.315614600728901,0.8417318156587221,-1.5370234403795473,3
1011,2024-09-28 17:03:08.072704000,TASK_BEGIN,023,-0.1325635322040068,0.489956334912175,-2.203423188890277,0.9081584249706334,-0.8475048210446668,0.3012271415131471,0.778379055274865,-1.506506129302473,3
1012,2024-09-28 17:03:08.141342976,TASK_BEGIN,023,-0.13299230285481406,0.4698541089700666,-2.1949597201072417,0.9360328358624785,-0.830758997386318,0.28515963076522827,0.7395138777159626,-1.4822243410434954,3
1013,2024-09-28 17:03:08.209127936,TASK_BEGIN,023,-0.13371817524045668,0.4471958633228383,-2.194968799523828,0.9696725157675259,-0.8216037287078887,0.2678386657054404,0.7277808415794834,-1.4658842044972593,3
1014,2024-09-28 17:03:08.276859136,TASK_BEGIN,023,-0.13553672186725702,0.4233220433299657,-2.206645709674575,1.0100397989259313,-0.8216688576622622,0.24982882070371668,0.7445895686188109,-1.4592314494140433,3
1015,2024-09-28 17:03:08.344593920,TASK_BEGIN,023,-0.1395878357590199,0.39984231316235963,-2.2317764689897093,1.0574761489977127,-0.8325413195271727,0.23178502061373124,0.7901227255643587,-1.464029783700789,3
1016,2024-09-28 17:03:09.287576832,TASK_BEGIN,023,-0.14720811374390141,0.37845440347042997,-2.2701740122050027,1.1114747723916654,-0.8556176143437775,0.21441100869026455,0.8630294058151202,-1.4818869211588412,3
1017,2024-09-28 17:03:09.355333120,TASK_BEGIN,023,-0.15972645591107562,0.36074169766329656,-2.319297524258107,1.170583508858215,-0.8919472326150022,0.19843301138152253,0.9600276388598106,-1.5139866766454526,3
1018,2024-09-28 17:03:09.423025920,TASK_BEGIN,023,-0.17824169986223176,0.34798117167596787,-2.374337333871186,1.2324703533485604,-0.9420723285382641,0.18458300708569925,1.0757523386811487,-1.5608382481949004,3
1019,2024-09-28 17:03:09.490802944,TASK_BEGIN,023,-0.2034459991144178,0.3410021917599968,-2.4288063383643848,1.2941338923293646,-1.0058862784492222,0.17357294575683513,1.2030170785846217,-1.6221062337760896,3
1020,2024-09-28 17:03:09.557879808,TASK_BEGIN,023,-0.2355452472877968,0.3401294668834628,-2.475455664287807,1.3521978553019167,-1.0825465137182335,0.1660464691030572,1.3334079442658409,-1.696511517693078,3
1021,2024-09-28 17:03:09.626211840,TASK_BEGIN,023,-0.27427442113878214,0.345215285656628,-2.50730994346388,1.403237267121061,-1.1704610484140725,0.16251081632886713,1.458032581407927,-1.7817974443548448,3
1022,2024-09-28 17:03:09.693466880,TASK_BEGIN,023,-0.31896272128016334,0.355729712457355,-2.5186604772335865,1.4441238859915442,-1.267366213000455,0.1632651530920403,1.568298399366549,-1.874797315341706,3
1023,2024-09-28 17:03:10.614861056,TASK_BEGIN,023,-0.368612858381181,0.3708648366873035,-2.505864921990179,1.4723808951959836,-1.3705176117328075,0.16834992596967055,1.656680286205904,-1.9716287523794545,3
1024,2024-09-28 17:03:10.682621184,TASK_BEGIN,023,-0.42198874459951674,0.3896287806710612,-2.467861341116894,1.48651568006995,-1.4769715445073806,0.17753770700701296,1.7174139130255255,-2.0679891904001146,3
1025,2024-09-28 17:03:10.749750016,TASK_BEGIN,023,-0.47770521033005453,0.4109261868052285,-2.4064248509221957,1.4862958846262777,-1.5838770836140217,0.1903672702787288,1.7468856843473277,-2.1594864637022746,3
1026,2024-09-28 17:03:10.818179072,TASK_BEGIN,023,-0.5343021365540079,0.4336257578861631,-2.3262023295516125,1.4729133608498248,-1.6887020915954576,0.20620513891857742,1.7434851787454522,-2.2419303979976144,3
1027,2024-09-28 17:03:10.885000960,TASK_BEGIN,023,-0.5903022757011821,0.456615006125501,-2.234411025542421,1.4489505969809133,-1.7893557175627481,0.22431300638469545,1.7070410153555529,-2.3115417309585777,3
1028,2024-09-28 17:03:10.953711872,TASK_BEGIN,023,-0.6442713375696756,0.47884500508408084,-2.1400478137747103,1.4181053510027233,-1.8841983081658586,0.24390661090737245,1.6383154126378157,-2.3650915560232164,3
1029,2024-09-28 17:03:11.013001984,TASK_BEGIN,023,-0.6948913388531033,0.499370656810239,-2.05269209240949,1.3847393468511753,-1.9719610844206457,0.2642075662408373,1.5389300935666972,-2.4000138144433465,3
1030,2024-09-28 17:03:11.962518016,TASK_BEGIN,023,-0.7410426600547964,0.5173950322977302,-1.9812310621604632,1.3533821021191381,-2.0516321308975565,0.2844945762011047,1.4116689114494532,-2.4144981787727664,3
1031,2024-09-28 17:03:12.031051008,TASK_BEGIN,023,-0.7818833189834433,0.5323224443960913,-1.9327820399159679,1.3282691709588716,-2.1223653022228826,0.30414787422170203,1.260851812471866,-2.407547482053519,3
1032,2024-09-28 17:03:12.097735936,TASK_BEGIN,023,-0.8169074082268086,0.5438081222321474,-1.9118848436737237,1.3129185999868016,-2.1834374220862216,0.3226731583037084,1.0925375408449927,-2.379029293602989,3
1033,2024-09-28 17:03:12.166448896,TASK_BEGIN,023,-0.845959471577225,0.5517797381263395,-1.9200162883156195,1.3097708209361805,-2.2342551576346708,0.3397007043497517,0.9144631057882151,-2.3297616312290463,3
1034,2024-09-28 17:03:12.234176000,TASK_BEGIN,023,-0.8691996048102552,0.5564186769314574,-1.9555572205696135,1.3199726821428135,-2.274409683573408,0.3549708521689518,0.7357316765267996,-2.261593900097986,3
1035,2024-09-28 17:03:12.301902080,TASK_BEGIN,023,-0.8870473918241648,0.5581147015558504,-2.014254534452585,1.3433600308399567,-2.303778029829124,0.3683253013470838,0.5662786654435078,-2.177396223844376,3
1036,2024-09-28 17:03:12.369629952,TASK_BEGIN,023,-0.9001334759559803,0.5574141034777179,-2.0900300663838474,1.3786188498726184,-2.322653268920709,0.37971527315025766,0.41615705436815587,-2.0809297950949075,3
1037,2024-09-28 17:03:13.312360192,TASK_BEGIN,023,-0.9092545152534,0.5549665232748879,-2.175901676764131,1.4235577479375616,-2.331851394331244,0.38921589742978574,0.2948003108794646,-1.9766441106892996,3
1038,2024-09-28 17:03:13.380153856,TASK_BEGIN,023,-0.9153105075427637,0.5514661380872543,-2.264823484841745,1.4754132025005229,-2.3327322530812324,0.39702192851109924,0.21042083602449005,-1.8694268460339933,3
1039,2024-09-28 17:03:13.447988992,TASK_BEGIN,023,-0.9192134085574962,0.5475880053385065,-2.3503474734768437,1.5311346503545877,-2.3271190109376336,0.40341126627107404,0.1694693796502078,-1.764281826275337,3
1040,2024-09-28 17:03:13.515676928,TASK_BEGIN,023,-0.9217696986277117,0.5439277315547134,-2.427074233971268,1.5876373324027515,-2.3171598653274357,0.4086907938813788,0.17602835651697935,-1.6659583904706716,3
1041,2024-09-28 17:03:13.583458048,TASK_BEGIN,023,-0.9235501597431888,0.5409537998334709,-2.490891382284016,1.6420200752733614,-2.305175018844114,0.4131515718781935,0.23125804056750937,-1.5786339158547997,3
1042,2024-09-28 17:03:13.642958080,TASK_BEGIN,023,-0.9247690725563111,0.5389769576006547,-2.539060721843194,1.6917379642604717,-2.293486157633931,0.4170438751008513,0.33313256507401806,-1.505713221870713,3
1043,2024-09-28 17:03:13.719031040,TASK_BEGIN,023,-0.9252066763478322,0.5381362392996448,-2.570222568947775,1.7347188947387706,-2.284213599246196,0.4205642949934311,0.4765793807700501,-1.4497196230826133,3
1044,2024-09-28 17:03:14.662758912,TASK_BEGIN,023,-0.9242193082718254,0.5384031408714253,-2.5842741975466716,1.7694043062815241,-2.2790636334891405,0.423849722348035,0.654017840617985,-1.4122433302205673,3
1045,2024-09-28 17:03:14.725788160,TASK_BEGIN,023,-0.9208650724272812,0.539608388136943,-2.582057677918192,1.7947130267873956,-2.27914691891782,0.42697928247143074,0.8561834723132046,-1.3939401069677138,3
1046,2024-09-28 17:03:14.798338816,TASK_BEGIN,023,-0.9141264531019976,0.5414891894778663,-2.564948050589004,1.809986631094175,-2.284836950204073,0.4299792905104547,1.0729535748914347,-1.394555788849714,3
1047,2024-09-28 17:03:14.866120192,TASK_BEGIN,023,-0.9031763594472971,0.5437450927693346,-2.5345360475078516,1.8149802317722372,-2.2956649859483735,0.43282437905105503,1.2938903190846354,-1.4129323767703226,3
1048,2024-09-28 17:03:14.933860096,TASK_BEGIN,023,-0.8876260708179794,0.5460900895062272,-2.49251079170724,1.8098854646735525,-2.3102998007364652,0.4354404018771212,1.5085266978595908,-1.4470008900770832,3
1049,2024-09-28 17:03:15.000898048,TASK_BEGIN,023,-0.867689806219775,0.5482933439566495,-2.440705835384193,1.7953389335950254,-2.3266918732236714,0.43772170824262735,1.7067008403364061,-1.4938420930086407,3
1050,2024-09-28 17:03:15.069114880,TASK_BEGIN,023,-0.8442071752516078,0.5502014134262442,-2.381234344052297,1.7724260712045656,-2.34239084306554,0.43956379733925866,1.8791703354095577,-1.5498876227069838,3
1051,2024-09-28 17:03:16.012247040,TASK_BEGIN,023,-0.8185070471820856,0.551735724783045,-2.316667368356357,1.742705199368706,-2.3549383954541963,0.4408971017144144,2.018447401040678,-1.6112364247086985,3
1052,2024-09-28 17:03:16.079461120,TASK_BEGIN,023,-0.7921614471516485,0.552869040702856,-2.250204539982781,1.7082056910095518,-2.362207592064328,0.4417058799560381,2.1195909742928696,-1.67398782661904,3
1053,2024-09-28 17:03:16.147485184,TASK_BEGIN,023,-0.7667167949982175,0.5535958828647568,-2.1857408008174923,1.6713263512067882,-2.362616790747556,0.4420277554154885,2.1806899611466006,-1.7345200471931026,3
1054,2024-09-28 17:03:16.208946944,TASK_BEGIN,023,-0.7434750530115574,0.5539092262180714,-2.1277071454603096,1.6346269643652718,-2.3552208047151844,0.4419416413608488,2.202923688541692,-1.7897237807967505,3
1055,2024-09-28 17:03:16.283660032,TASK_BEGIN,023,-0.7233605934029066,0.5537849644859827,-2.0806680045464745,1.6005779299575673,-2.3397162169991677,0.4415537293449776,2.1902700632666328,-1.8372240716077264,3
1056,2024-09-28 17:03:16.350863104,TASK_BEGIN,023,-0.7068825626832627,0.5531742243954548,-2.0488457701827776,1.571333879855789,-2.31639641898225,0.4409850626565397,2.1489960913026778,-1.8755648191639849,3
1057,2024-09-28 17:03:16.419204864,TASK_BEGIN,023,-0.6941750419720359,0.5520076764278118,-2.0357748032511944,1.548553366596803,-2.2860813693681563,0.44035903874512083,2.0869838421611586,-1.9042865968502518,3
1058,2024-09-28 17:03:17.362541056,TASK_BEGIN,023,-0.6850716695971374,0.550211545243652,-2.0441398053280646,1.5332786508829803,-2.2500324057037298,0.439787063420249,2.012910996999202,-1.923864462978701,3
1059,2024-09-28 17:03:17.430351104,TASK_BEGIN,023,-0.6791764949141358,0.5477278215708503,-2.0757417551114687,1.5259176124141953,-2.2098460059502165,0.43935529407961255,1.9353991971029696,-1.9355262929124588,3
1060,2024-09-28 17:03:17.498110976,TASK_BEGIN,023,-0.6759181379020108,0.5445317592585345,-2.1315142796439193,1.526359481854041,-2.167314481951579,0.43911932760243577,1.8622727769297058,-1.9409820284827275,3
1061,2024-09-28 17:03:17.565841920,TASK_BEGIN,023,-0.6745933856679451,0.5406431183274731,-2.2115014486591265,1.534187060328551,-2.1242512523477433,0.4391086386320448,1.7999851163710372,-1.9421096692555526,3
1062,2024-09-28 17:03:17.633613056,TASK_BEGIN,023,-0.6744182313845547,0.5361294823327323,-2.3147497098180176,1.5488800891022962,-2.0823029553133336,0.43933579189665123,1.7532452140939054,-1.9406980279569277,3
1063,2024-09-28 17:03:17.701398016,TASK_BEGIN,023,-0.6746009310620605,0.5311034220123177,-2.439188680013057,1.5699122322695553,-2.0427991615356422,0.43980879125730704,1.724911199411368,-1.9383339759788547,3
1064,2024-09-28 17:03:17.769169152,TASK_BEGIN,023,-0.6744285707798068,0.5257165911180653,-2.5815991664640223,1.5967227262544297,-2.006684296005899,0.4405475390128574,1.716156608211849,-1.9363945172431511,3
1065,2024-09-28 17:03:18.686454016,TASK_BEGIN,023,-0.6733449419290188,0.5201507770029757,-2.737642070979564,1.6286079325236633,-1.9745214260926507,0.4415969291262524,1.7267625123678998,-1.9360075549441054,3
1066,2024-09-28 17:03:18.754259968,TASK_BEGIN,023,-0.6710057261087593,0.514606685087724,-2.9018828746898944,1.6645974747623915,-1.9465185564365253,0.44302494938794745,1.7553087003432863,-1.9378975966605136,3
1067,2024-09-28 17:03:18.822045184,TASK_BEGIN,023,-0.6673066008052637,0.5092958183513537,-3.06786886927809,1.7033870228089478,-1.9225572305732945,0.44490423045008026,1.7991827187840408,-1.9421749838560571,3
1068,2024-09-28 17:03:18.882095104,TASK_BEGIN,023,-0.6623841529636376,0.5044399124462875,-3.228389270393119,1.7433813290200852,-1.9022472655741933,0.447287693717639,1.8545895631846312,-1.9482157017106279,3
1069,2024-09-28 17:03:18.957546752,TASK_BEGIN,023,-0.656592986500192,0.5002769876668968,-3.3759628152206775,1.7828363506202465,-1.8850261775880361,0.4501931693604584,1.9167843488691527,-1.9547224454699728,3
1070,2024-09-28 17:03:19.022120960,TASK_BEGIN,023,-0.6504620677374878,0.4970692604069207,-3.5034778441037617,1.8200315484771414,-1.8702885224556047,0.45360586239768075,1.9805079709091598,-1.9599309919811028,3
1071,2024-09-28 17:03:19.092445952,TASK_BEGIN,023,-0.6446320866133215,0.4951049278601436,-3.6048790916315374,1.8534115540629708,-1.8575080908397343,0.45749331088827416,2.0404452412732783,-1.9618769078749558,3
1072,2024-09-28 17:03:20.029783808,TASK_BEGIN,023,-0.6397812226988753,0.4946837827563584,-3.675810115334502,1.88168015938542,-1.8463042932573557,0.4618165319183663,2.0916284043560354,-1.9586749661590617,3
1073,2024-09-28 17:03:20.101980928,TASK_BEGIN,023,-0.6365535052253593,0.4960818071920523,-3.714085509734053,1.9038400803425728,-1.836413140631379,0.46652506801973964,2.1298305622110143,-1.9488007274468373,3
1074,2024-09-28 17:03:20.171667968,TASK_BEGIN,023,-0.6354988757008178,0.4995017162576159,-3.71984557110039,1.9191717155818095,-1.827572871051473,0.47153799767516397,2.151977081184948,-1.9313842344195966,3
1075,2024-09-28 17:03:20.239387904,TASK_BEGIN,023,-0.6370208328939826,0.5050239376631712,-3.6953632256167506,1.9271859171753773,-1.8193885047186915,0.476721382839364,2.156537705534201,-1.906517355168926,3
1076,2024-09-28 17:03:20.298091776,TASK_BEGIN,023,-0.6413234733521549,0.5125690974152171,-3.644621739226566,1.9275983807070376,-1.8112398579613838,0.48186965014844224,2.1437575165437557,-1.8754926452283072,3
1077,2024-09-28 17:03:20.372577792,TASK_BEGIN,023,-0.6483607468762411,0.5218764540182773,-3.572773998957071,1.9203075470015991,-1.8022480559008984,0.4866931058177743,2.1155211456890473,-1.8408209891743612,3
1078,2024-09-28 17:03:20.442548992,TASK_BEGIN,023,-0.6578071479809809,0.5325018117925493,-3.4855434561357277,1.9053354519960446,-1.7912793827128783,0.49081358919503343,2.07480778498961,-1.8059562199088086,3
1079,2024-09-28 17:03:21.357351168,TASK_BEGIN,023,-0.6690755299928405,0.5438388883453388,-3.3886859453048177,1.8827667689913483,-1.776980629183906,0.49377501670858903,2.0249640805937976,-1.7748164366254422,3
1080,2024-09-28 17:03:21.421346816,TASK_BEGIN,023,-0.6813868262107281,0.5551614985808432,-3.2876315893160903,1.8527639399832587,-1.7578609073669995,0.4950761576357312,1.9691195680694225,-1.7512595661610753,3
1081,2024-09-28 17:03:21.497358080,TASK_BEGIN,023,-0.6938557529000383,0.5656740814702034,-3.187272157105713,1.8156719917796518,-1.7324108970190095,0.4942226081885503,1.9099283664336864,-1.7386220310385117,3
1082,2024-09-28 17:03:21.565668864,TASK_BEGIN,023,-0.7055463595563471,0.5745573274603684,-3.0917852284359997,1.772144996565087,-1.699219693857293,0.49078486362903934,1.8495540252189873,-1.7393641967047473,3
1083,2024-09-28 17:03:21.633435136,TASK_BEGIN,023,-0.7154949642413322,0.5810067412823872,-3.0044964041412485,1.7232223847305959,-1.657061058209066,0.48445037096717386,1.789668983836024,-1.7548408807550993,3
1084,2024-09-28 17:03:21.694336000,TASK_BEGIN,023,-0.7227416136382804,0.5842729517575145,-2.927851812329361,1.670334046541294,-1.6049547198555891,0.47506322756217656,1.731379110670875,-1.7852074314193205,3
1085,2024-09-28 17:03:21.756904960,TASK_BEGIN,023,-0.726399813185676,0.5837115509579919,-2.8634884209013522,1.615240935109091,-1.5422225837233758,0.4626470272095436,1.6751855839100964,-1.8294609714483143,3
1086,2024-09-28 17:03:22.713578752,TASK_BEGIN,023,-0.7257476852146366,0.5788406234476566,-2.8123422227484363,1.5599245341494778,-1.4685493053211174,0.44740486946866065,1.621102251707124,-1.8856178878632044,3
1087,2024-09-28 17:03:22.782322944,TASK_BEGIN,023,-0.720303276606038,0.5693988459254744,-2.7748025538809964,1.5064578054419586,-1.384050348221681,0.42969555484435545,1.56894800218877,-1.9510345899499715,3
1088,2024-09-28 17:03:22.837600768,TASK_BEGIN,023,-0.7098695514044306,0.5553982344743396,-2.7509046100510166,1.4568907288749098,-1.2893539902378792,0.4099982370235726,1.5187490162557025,-2.0228413480561387,3
1089,2024-09-28 17:03:22.915670016,TASK_BEGIN,023,-0.694556121369327,0.5371642149976749,-2.7404424659047524,1.413147977958858,-1.1856881780067392,0.3888811816441963,1.471100095502989,-2.098385262979249,3
1090,2024-09-28 17:03:22.985513984,TASK_BEGIN,023,-0.6747827103302568,0.5153526952738443,-2.742928987114864,1.3769074964296755,-1.0749337057111736,0.36697707610157515,1.4273085604091131,-2.175539808909271,3
1091,2024-09-28 17:03:23.053054976,TASK_BEGIN,023,-0.6512681733969599,0.49093811031381607,-2.7575092262529908,1.3494383565498347,-0.9596016253254338,0.3449574611235752,1.3892275977740274,-2.252773995017191,3
1092,2024-09-28 17:03:23.119262976,TASK_BEGIN,023,-0.6250070282492669,0.46517325792784975,-2.782941059505827,1.331413030756231,-0.8427216965582889,0.3235005432232629,1.3588525762744421,-2.328983950629339,3
1093,2024-09-28 17:03:24.065221888,TASK_BEGIN,023,-0.597220760120667,0.4395221680373229,-2.817563366869921,1.3227410727186517,-0.7276622687876325,0.3032493758907419,1.3379090081603071,-2.4032245762132236,3
1094,2024-09-28 17:03:24.133035008,TASK_BEGIN,023,-0.5692700190045226,0.415564665621056,-2.859122676419979,1.3224892005399271,-0.6179190387119097,0.2847627057312005,1.3275978135498252,-2.474504458804416,3
1095,2024-09-28 17:03:24.194167040,TASK_BEGIN,023,-0.5425321191573338,0.39487008581754246,-2.9045291475792356,1.3289482292282402,-0.5168999043482511,0.26847185415592567,1.3284374896517486,-2.541688467948717,3
1096,2024-09-28 17:03:24.268503040,TASK_BEGIN,023,-0.5182550914152669,0.3788387378405297,-2.9497306810009922,1.339844166962472,-0.4277032019687583,0.2546605753614867,1.3401305995150716,-2.6034575203094,3
1097,2024-09-28 17:03:24.336251904,TASK_BEGIN,023,-0.4973980597369215,0.36852218512891705,-2.9897625760001767,1.3526101306926683,-0.3528821458368412,0.2434740145041416,1.3615479058832485,-2.6582921511032094,3
1098,2024-09-28 17:03:24.404037888,TASK_BEGIN,023,-0.48048545392671976,0.3644667537985939,-3.0189208851034794,1.3646421422922792,-0.2942291597222981,0.2349484439236794,1.390875311930814,-2.7044861508986036,3
1099,2024-09-28 17:03:24.470037760,TASK_BEGIN,023,-0.4675247473787743,0.36665025532152995,-3.031090644133525,1.3735416476993048,-0.25263680638323066,0.22904456996135897,1.4257968432349486,-2.7402145364810604,3
1100,2024-09-28 17:03:25.414697984,TASK_BEGIN,023,-0.4580233990428196,0.374544626282462,-3.0203131431141497,1.3773801123278417,-0.2280540710774928,0.22566660497553284,1.4635952489478223,-2.7636720993364468,3
1101,2024-09-28 17:03:25.482450944,TASK_BEGIN,023,-0.45109583818862364,0.387258630619885,-2.9815356588807176,1.3749620506738889,-0.21951929659502736,0.22466144424569207,1.501161696306742,-2.7732565041628723,3
1102,2024-09-28 17:03:25.549155072,TASK_BEGIN,023,-0.4456183362312928,0.40368747010975986,-2.9113218429751058,1.3660001269372954,-0.225264589973831,0.22581178344701228,1.5350301140563545,-2.7677688476391613,3
1103,2024-09-28 17:03:25.611641856,TASK_BEGIN,023,-0.4403889003704086,0.4226376243014694,-2.8082970253101505,1.3511350113602643,-0.2429021385825,0.22884208621931768,1.5616644474832784,-2.746651837850638,3
1104,2024-09-28 17:03:25.680449024,TASK_BEGIN,023,-0.434274049724629,0.44293520393121144,-2.6732425380333575,1.331794356992187,-0.2696788706596735,0.23344041864901569,1.5781031010276088,-2.7102542029602117,3
1105,2024-09-28 17:03:25.753321728,TASK_BEGIN,023,-0.42634632700595654,0.4635230574384178,-2.508913540656233,1.3099083922240409,-0.3027571763142818,0.23928567281946578,1.5827360798141454,-2.66001420076663,3
1106,2024-09-28 17:03:25.821061888,TASK_BEGIN,023,-0.41600733813247504,0.48353274013657555,-2.319708608047327,1.2874992563270926,-0.33947626983986906,0.246073006573594,1.5758409082120235,-2.598452254005296,3
1107,2024-09-28 17:03:26.763173120,TASK_BEGIN,023,-0.4030703027427388,0.502320844909491,-2.111274709110363,1.2662123022894534,-0.37755948563216885,0.2535375203424415,1.5596446337619005,-2.528959781540655,3
1108,2024-09-28 17:03:26.830444032,TASK_BEGIN,023,-0.38777597261739033,0.5194761036646213,-1.8900933879240045,1.2469381442091796,-0.4152430981550405,0.26147529642865286,1.5379127146866707,-2.455448820653222,3
1109,2024-09-28 17:03:26.898654976,TASK_BEGIN,023,-0.37072857152870714,0.534804145421409,-1.66306012602169,1.2296616391836754,-0.45131999617178303,0.2697563337173847,1.5152393612648392,-2.381943691623088,3
1110,2024-09-28 17:03:26.966354944,TASK_BEGIN,023,-0.352758652826025,0.5482904642806522,-1.4370441725885759,1.2135606404235193,-0.48512995619115457,0.2783258374923327,1.4962697334531407,-2.312181322465081,3
1111,2024-09-28 17:03:27.022129920,TASK_BEGIN,023,-0.334755280883809,0.5600507921327931,-1.2184613557115898,1.1972859613920777,-0.51654560295508,0.2871971722675855,1.4850321603720935,-2.249268243592994,3
1112,2024-09-28 17:03:27.101820928,TASK_BEGIN,023,-0.3175306378986628,0.5702867740655654,-1.0129547069634488,1.1793225929469588,-0.5459545880060529,0.2964393833911736,1.4844194368299566,-2.1954363867438165,3
1113,2024-09-28 17:03:27.169517056,TASK_BEGIN,023,-0.3017572113659095,0.579255570831757,-0.8252828307827621,1.158326325681468,-0.574190648104496,0.30615661287718676,1.4957115205540472,-2.151930994586518,3
1114,2024-09-28 17:03:28.102688000,TASK_BEGIN,023,-0.2879763839453834,0.5872478764011229,-0.6594482932895437,1.1333569107009829,-0.6023915305141748,0.31645859546169536,1.5181091569731324,-2.1190310348698773,3
1115,2024-09-28 17:03:28.179866880,TASK_BEGIN,023,-0.2766492257846623,0.5945647534667995,-0.5189681553746929,1.103983224611214,-0.6318139271602117,0.3274288932362688,1.5485401105960321,-2.096182589982745,3
1116,2024-09-28 17:03:28.250280960,TASK_BEGIN,023,-0.2682167456100555,0.6014887687112949,-0.40709432726821443,1.0702736800343036,-0.6636520970588222,0.33910055561181596,1.582049685758379,-2.0822335263370455,3
1117,2024-09-28 17:03:28.302969856,TASK_BEGIN,023,-0.26315602225059803,0.6082547476511734,-0.32686030180784226,1.0327086161146477,-0.6988909715998242,0.3514453715329228,1.6127022263013804,-2.075728024449401,3
1118,2024-09-28 17:03:28.385676032,TASK_BEGIN,023,-0.2620288470799123,0.61502959898442,-0.28100288460035666,0.9920852750038426,-0.7382006917943376,0.3643771733687238,1.634580097211523,-2.0751659651157786,3
1119,2024-09-28 17:03:28.453385984,TASK_BEGIN,023,-0.26550003690549295,0.621902523913716,-0.2718547190472016,0.9494818080719002,-0.7818634953286288,0.37776457609560227,1.6425744377868934,-2.0791566646985684,3
1120,2024-09-28 17:03:28.521101056,TASK_BEGIN,023,-0.2742927756908716,0.6288809509056059,-0.30121255751787135,0.9062807195724383,-0.8297239592573074,0.39144523514626284,1.6329350828035616,-2.0864745684319574,3
1121,2024-09-28 17:03:29.438313984,TASK_BEGIN,023,-0.2890805389063068,0.6358924201585363,-0.37017113865001955,0.8642041027558928,-0.8811723415965577,0.40523720705880567,1.6035968600657327,-2.096048312339838,3
1122,2024-09-28 17:03:29.505556224,TASK_BEGIN,023,-0.31035392441515636,0.6427955200834948,-0.47896358065069133,0.8253177463798079,-0.9351861676045236,0.41895068760737114,1.5542592818124619,-2.106906761628417,3
1123,2024-09-28 17:03:29.573007104,TASK_BEGIN,023,-0.3383106732409901,0.6493992209687944,-0.626829659152447,0.7919787403704861,-0.9904359433860501,0.432402530384565,1.486272769548679,-2.1181343152621137,3
1124,2024-09-28 17:03:29.641516032,TASK_BEGIN,023,-0.3728070984488474,0.6554877115260656,-0.8119164749446715,0.7667238239834534,-1.0454305796873493,0.44542957393801236,1.4024115909779573,-2.1288879508820004,3
1125,2024-09-28 17:03:29.709244928,TASK_BEGIN,023,-0.41337838396586146,0.660846455486284,-1.031262308643909,0.7521266945331627,-1.0986752457004036,0.45789772089824193,1.3064980348754014,-2.138445704571411,3
1126,2024-09-28 17:03:29.771724032,TASK_BEGIN,023,-0.4592886144545448,0.6652814460098637,-1.2809123172201144,0.7506639429252653,-1.1488193146723786,0.46970813655108995,1.202817974411565,-2.146202129842483,3
1127,2024-09-28 17:03:29.844692992,TASK_BEGIN,023,-0.5095639606923719,0.6686250555238206,-1.5561018070172516,0.7646004681109314,-1.1947702896843264,0.4808015086966252,1.0954100950084291,-2.1515863350357196,3
1128,2024-09-28 17:03:30.786871808,TASK_BEGIN,023,-0.5630085172385277,0.6707310728964925,-1.8513556872214887,0.7958698372434329,-1.2357615780445903,0.49115743744377593,0.9874025744940844,-2.1539681773408708,3
1129,2024-09-28 17:03:30.854196992,TASK_BEGIN,023,-0.618227526653614,0.6714668525166,-2.160468432526328,0.8459264014306194,-1.271371857965218,0.500782562329323,0.8805666147244676,-2.1526437062417343,3
1130,2024-09-28 17:03:30.922405888,TASK_BEGIN,023,-0.6736575263259795,0.6707077003659143,-2.4765267165919207,0.9155567670068953,-1.3014815957785424,0.5096825467229225,0.7752440721672257,-2.146951246910806,3
1131,2024-09-28 17:03:30.988561152,TASK_BEGIN,023,-0.7275899790484255,0.6683359487466526,-2.7921458014085583,1.004642153279613,-1.3261664520122614,0.5178247992565043,0.6707041581189381,-2.1364990515287072,3
1132,2024-09-28 17:03:31.045772032,TASK_BEGIN,023,-0.7781987497123396,0.664245006258395,-3.0999257333339183,1.1119100037149794,-1.3455853237554212,0.5251142074564338,0.5657992225529951,-2.1214149691210005,3
1133,2024-09-28 17:03:31.123877888,TASK_BEGIN,023,-0.823596752810563,0.6583438587962419,-3.392970937667914,1.2347872067858898,-1.3599315807782586,0.5314012025916489,0.45970906260699756,-2.1024967939711825,3
1134,2024-09-28 17:03:31.193276928,TASK_BEGIN,023,-0.8619371949829739,0.6505596465146243,-3.665245571551763,1.3694624578421644,-1.3694438391274457,0.5365168344490145,0.35259685071691765,-2.081198207529689,3
1135,2024-09-28 17:03:32.104680960,TASK_BEGIN,023,-0.8915633082902873,0.6408485176993248,-3.9115942331260185,1.5111428149838444,-1.3744178504977622,0.5403132990805315,0.2460443189991735,-2.059507415011731,3
1136,2024-09-28 17:03:32.180293888,TASK_BEGIN,023,-0.9111968744841294,0.6292269948037572,-4.127428173450132,1.6543792186149335,-1.3751782938476067,0.5426936520672556,0.14321586452256824,-2.0398325017057486,3
1137,2024-09-28 17:03:32.248028928,TASK_BEGIN,023,-0.9201256715176341,0.6158151958253135,-4.308268554526343,1.7933727696215416,-1.3720056522522859,0.5436227194023786,0.048776995057700605,-2.02492485779991,3
1138,2024-09-28 17:03:32.304564992,TASK_BEGIN,023,-0.9183269580750895,0.6008656366346568,-4.449428420453314,1.9222782562989105,-1.3650406462203912,0.5431171906977805,-0.031473941520118655,-2.017755725705197,3
1139,2024-09-28 17:03:32.380722176,TASK_BEGIN,023,-0.906491269340728,0.5847626952031916,-4.546056140095262,2.035547074128212,-1.3542087406900378,0.5412214854082102,-0.0913594697392504,-2.0212589087285084,3
1140,2024-09-28 17:03:32.442737152,TASK_BEGIN,023,-0.8859658068027272,0.5679999317030423,-4.593603307482992,2.128305055770835,-1.339197380465829,0.537980047913337,-0.12537072396638532,-2.037961433542985,3
1141,2024-09-28 17:03:32.517394944,TASK_BEGIN,023,-0.8586442321663635,0.5511450598648938,-4.588592699141843,2.1967157329929123,-1.3194871891894078,0.5334149076654625,-0.1296692013604775,-2.0696092929541816,3
1142,2024-09-28 17:03:33.456963072,TASK_BEGIN,023,-0.8267920923067661,0.5347916729657131,-4.529445327371142,2.2382682308718778,-1.2944217024354883,0.5275138178732779,-0.10265825104072895,-2.116895383371741,3
1143,2024-09-28 17:03:33.518549760,TASK_BEGIN,023,-0.792800047276359,0.5194985289912226,-4.417149035569829,2.251954287269458,-1.26329661956935,0.5202268804070073,-0.044846553817283245,-2.179361808610741,3
1144,2024-09-28 17:03:33.598062080,TASK_BEGIN,023,-0.7589157397262365,0.5057297974511671,-4.255644056788458,2.238335265824769,-1.2254535460400104,0.5114645721524805,0.042003348637454335,-2.2554890001435366,3
1145,2024-09-28 17:03:33.657805056,TASK_BEGIN,023,-0.7270400462464648,0.4938122817978205,-4.051845906266036,2.199509798876195,-1.1803819313598614,0.5010959152326391,0.1560132965734929,-2.342906998208854,3
1146,2024-09-28 17:03:33.733519104,TASK_BEGIN,023,-0.6986420021210824,0.48391679051351383,-3.815256329571932,2.1389718073185997,-1.1278421246774466,0.4889548982833711,0.29596021008056567,-2.4386466369631807,3
1147,2024-09-28 17:03:33.798747136,TASK_BEGIN,023,-0.6747834330670348,0.4760625848042336,-3.5572071758772474,2.0613265717832263,-1.0679966891238546,0.4748656123602772,0.46128834236064736,-2.539397795735541,3
1148,2024-09-28 17:03:33.859120128,TASK_BEGIN,023,-0.6562022529759194,0.4701403827718811,-3.289871806090614,1.9718623868588347,-1.0014983213259754,0.4586873982463682,0.6514899057850211,-2.6417783251725204,3
1149,2024-09-28 17:03:34.806951936,TASK_BEGIN,023,-0.6434070723831626,0.46594955773141183,-3.0252193239799063,1.87607512553511,-0.9294824445029672,0.4403668507522767,0.8652932537653336,-2.7426007272851165,3
1150,2024-09-28 17:03:34.880438016,TASK_BEGIN,023,-0.6367589821487766,0.463244575387066,-2.7741137326572254,1.7792993278232592,-0.8534646202766791,0.4199797957950951,1.1000175746041985,-2.8390877783664483,3
1151,2024-09-28 17:03:34.948155136,TASK_BEGIN,023,-0.6365200375530546,0.46178119241676685,-2.54573160172519,1.686520301136339,-0.7751898365293669,0.39775377403374806,1.3512517809785505,-2.928998033450159,3
1152,2024-09-28 17:03:35.015846912,TASK_BEGIN,023,-0.6428418794817701,0.46134997456288845,-2.3473737878322685,1.6023314987762525,-0.6964780941511187,0.37406788037838956,1.6129574055523817,-3.010676308637112,3
1153,2024-09-28 17:03:35.071574016,TASK_BEGIN,023,-0.6556902837127263,0.4617895796765535,-2.1846153475536116,1.5309500966860488,-0.6190878468306357,0.34943094402048475,1.8779990367493968,-3.0830548459279763,3
1154,2024-09-28 17:03:35.147585024,TASK_BEGIN,023,-0.6747468855792716,0.4629827675247822,-2.061570350032089,1.4761756309744716,-0.5446055772482351,0.32444301039885887,2.1388167055899396,-3.145581552347376,3
1155,2024-09-28 17:03:35.219021056,TASK_BEGIN,023,-0.6993465722619235,0.4648458938781518,-1.98096341728501,1.4412004822656612,-0.4743583633453686,0.29974662893437226,2.387845178181346,-3.1980509360874145,3
1156,2024-09-28 17:03:36.147175936,TASK_BEGIN,023,-0.7284793468839927,0.4673199555212548,-1.9438835768495017,1.4282943837525033,-0.4093401865578293,0.2759734088312204,2.6176279174935453,-3.2403982475303374,3
1157,2024-09-28 17:03:36.230516736,TASK_BEGIN,023,-0.7608470193922319,0.47036172706146345,-1.9494368576999708,1.4384884387169532,-0.35015516654547213,0.2536896195474202,2.820938272935619,-3.2725678927527877,3
1158,2024-09-28 17:03:36.298243072,TASK_BEGIN,023,-0.7949457740380987,0.47393052065201074,-1.9946458051441875,1.4713846039670255,-0.2969948070486912,0.23334609665816725,2.991160105280798,-3.2945036596710615,3
1159,2024-09-28 17:03:36.365950208,TASK_BEGIN,023,-0.8291450140872569,0.4779706599965942,-2.07473330110078,1.5251406166542971,-0.2496619414074393,0.2152427245015753,3.1228644701272166,-3.306210464469453,3
1160,2024-09-28 17:03:36.433700864,TASK_BEGIN,023,-0.8617521157553892,0.48239275479592836,-2.183644400067306,1.596599352616001,-0.20764607250759667,0.19951880829176707,3.2122982942309117,-3.3078061039657944,3
1161,2024-09-28 17:03:36.501410816,TASK_BEGIN,023,-0.8910776033285435,0.4870594732817781,-2.3145773878063776,1.6815073844367463,-0.17025499976304614,0.18617370027610866,3.257498478940261,-3.299511448745664,3
1162,2024-09-28 17:03:36.562253824,TASK_BEGIN,023,-0.9155208852904545,0.49178481144135033,-2.4603721082543313,1.774804109195506,-0.13679613123119458,0.17511155330319353,3.257972100133274,-3.281569627240722,3
1163,2024-09-28 17:03:37.507543040,TASK_BEGIN,023,-0.9336838051136626,0.4963514321635835,-2.6137039130457893,1.8709866646728122,-0.10676190745683933,0.16619398677036115,3.214250308857015,-3.254139900204468,3
1164,2024-09-28 17:03:37.569198080,TASK_BEGIN,023,-0.9444978947669177,0.5005383775726837,-2.7671509804774352,1.9645278665149801,-0.07993559391869468,0.15927813666733948,3.1278026715317564,-3.2172697340615097,3
1165,2024-09-28 17:03:37.648355840,TASK_BEGIN,023,-0.947333245301069,0.5041442629877299,-2.913285206798031,2.050285036016192,-0.05635759898847697,0.15422193670822815,3.0015159970440006,-3.171032845011253,3
1166,2024-09-28 17:03:37.716089856,TASK_BEGIN,023,-0.9420657675669841,0.5069979986754033,-3.044873070222781,2.1238196876657582,-0.03619096183549156,0.15085848835462282,2.8404310730909486,-3.1158104746839763,3
1167,2024-09-28 17:03:37.769341184,TASK_BEGIN,023,-0.92910150521411,0.5089621849770759,-3.155161880946449,2.18157574365983,-0.019602515115240072,0.14896620545507738,2.6521660811494976,-3.0525852358399805,3
1168,2024-09-28 17:03:37.847022080,TASK_BEGIN,023,-0.9093520055543002,0.5099385979048129,-3.2382464958321604,2.2209439827637514,-0.006740086090247115,0.14826450827573018,2.446625656838579,-2.983105771882633,3
1169,2024-09-28 17:03:37.919334912,TASK_BEGIN,023,-0.8841466713108141,0.5098788902731493,-3.289591221563434,2.2402981657769963,0.002215239234345203,0.1484401364355204,2.235033512430086,-2.9098518582444304,3
1170,2024-09-28 17:03:38.862798080,TASK_BEGIN,023,-0.8550945217244522,0.5087957895116938,-3.30670781009667,2.2390637258180233,0.006999797481746367,0.14918624323549406,2.0286368148244707,-2.835803390097527,3
1171,2024-09-28 17:03:38.923760896,TASK_BEGIN,023,-0.8239338713857494,0.5067686132849907,-3.2897721823044295,2.217808121723653,0.007278778356862557,0.1502363929218738,1.8374086802142162,-2.7640684130308957,3
1172,2024-09-28 17:03:38.998332928,TASK_BEGIN,023,-0.7923993795459291,0.5039430569213109,-3.241833177295832,2.1782668926795083,0.002708895547447133,0.15138794100691147,1.6689683533203032,-2.6974779260181556,3
1173,2024-09-28 17:03:39.065598976,TASK_BEGIN,023,-0.7621121910717414,0.5005278987379305,-3.1684027014233234,2.123201033752969,-0.007003190263013148,0.15251643440200546,1.52792428854683,-2.638274967859614,3
1174,2024-09-28 17:03:39.133843968,TASK_BEGIN,023,-0.7344838922959835,0.4967853243558393,-3.076590701274126,2.0560878240629568,-0.022071323428434684,0.1535793005615423,1.4157721344610505,-2.5879669703276305,3
1175,2024-09-28 17:03:39.201639936,TASK_BEGIN,023,-0.7106290508576201,0.4930118513213785,-2.9742192578185334,1.980772752972559,-0.04260203618356863,0.15460414476525886,1.3312674746809454,-2.5473125468632767,3
1176,2024-09-28 17:03:39.269394944,TASK_BEGIN,023,-0.691295126927333,0.4895157144314179,-2.8691501162993243,1.901169178235881,-0.06855126392745552,0.15566502681829072,1.271027425100287,-2.516368629119809,3
1177,2024-09-28 17:03:40.187954176,TASK_BEGIN,023,-0.6768191369838238,0.4865961194594036,-2.768682882305643,1.820972728331312,-0.09968729969124165,0.1568593413313207,1.2301621064378379,-2.494565283581863,3
1178,2024-09-28 17:03:40.255696896,TASK_BEGIN,023,-0.6671210676336655,0.48452233687405444,-2.678917117419837,1.7433802953353283,-0.13558234916413764,0.1582947612528818,1.2028792290258867,-2.4808296589888386,3
1179,2024-09-28 17:03:40.323446016,TASK_BEGIN,023,-0.6617570251371697,0.4835131320559767,-2.604268094053989,1.6709020700369224,-0.1756322402010846,0.1600857492335225,1.183069292737741,-2.4737726855749274,3
1180,2024-09-28 17:03:40.391182848,TASK_BEGIN,023,-0.6600428281020883,0.4837233299988553,-2.5473426511489965,1.6053367471763367,-0.21909661832756808,0.16235493502451664,1.164851829770739,-2.471898180739551,3
1181,2024-09-28 17:03:40.458953984,TASK_BEGIN,023,-0.6612172470426058,0.4852399931730533,-2.509140405674565,1.5478810566192613,-0.26514861220274,0.16523524073995585,1.1430114777523355,-2.473766022960567,3
1182,2024-09-28 17:03:40.526147072,TASK_BEGIN,023,-0.6645927932558197,0.48808276849235865,-2.489405670415769,1.4992928749989272,-0.31290949016696556,0.16886727290800252,1.1132829010511622,-2.4780911255714932,3
1183,2024-09-28 17:03:40.594104064,TASK_BEGIN,023,-0.6696574191014456,0.49220496869133457,-2.4870106261303992,1.4600344300564894,-0.3614507166573482,0.17338708320919,1.0725077142843735,-2.483819560939317,3
1184,2024-09-28 17:03:41.537451008,TASK_BEGIN,023,-0.6761167449108124,0.497498923776315,-2.5003329756328263,1.4303622908097662,-0.4097804997109019,0.17890741424177647,1.018631378375969,-2.4901925407324517,3
1185,2024-09-28 17:03:41.605259008,TASK_BEGIN,023,-0.6838816174486515,0.5038081341264423,-2.527573375164778,1.4103949250209795,-0.4568427572505959,0.1855022660814422,0.950449585867586,-2.496752846266217,3
1186,2024-09-28 17:03:41.673011968,TASK_BEGIN,023,-0.6930147394123252,0.5109424482038097,-2.56690170654468,1.4002076988062606,-0.5015246153982286,0.1931990910673998,0.8671364572800218,-2.5032659502742383,3
1187,2024-09-28 17:03:41.731100160,TASK_BEGIN,023,-0.7036590498803237,0.5186911162618937,-2.6163421587201037,1.3999266181160757,-0.5426509003864419,0.2019730302018746,0.7678011774102456,-2.509588582123103,3
1188,2024-09-28 17:03:41.808509952,TASK_BEGIN,023,-0.7159682510743407,0.5268320504571661,-2.673446230580247,1.409735652566197,-0.5789762614420868,0.2117393618084089,0.6513957061219657,-2.5155736831306554,3
1189,2024-09-28 17:03:41.875785216,TASK_BEGIN,023,-0.730050393676376,0.53513918173293,-2.734995608412886,1.4297804819959712,-0.6092180469450379,0.22235131557566967,0.5170946067014405,-2.5211101512387963,3
1190,2024-09-28 17:03:41.943031040,TASK_BEGIN,023,-0.7459316779342294,0.5433917857436174,-2.7970021460423915,1.4600288160923092,-0.6321546261632736,0.23361335006287312,0.36491795247402603,-2.5262980853148673,3
1191,2024-09-28 17:03:42.861641728,TASK_BEGIN,023,-0.7635457611247888,0.5513892141494674,-2.855005061353911,1.5001379546150917,-0.6467711888819767,0.24530857884687454,0.19620507425297604,-2.5316274516703,3
1192,2024-09-28 17:03:42.930852864,TASK_BEGIN,023,-0.7827539181120844,0.5589716123450299,-2.9043936919583797,1.549352437350181,-0.6524109664625932,0.25722640252284146,0.013738825119074368,-2.5380119952791045,3
1193,2024-09-28 17:03:42.984422144,TASK_BEGIN,023,-0.8034033416427826,0.5660437828913711,-2.940554844268105,1.6064515938278856,-0.6488872411086128,0.26917651556284933,-0.178374792908106,-2.5466316658188286,3
1194,2024-09-28 17:03:43.063069184,TASK_BEGIN,023,-0.8254138818706153,0.572595885652673,-2.958919289146976,1.6697498598938676,-0.6365294841646072,0.28098646629754936,-0.3749024876906431,-2.558649194641634,3
1195,2024-09-28 17:03:43.134105088,TASK_BEGIN,023,-0.8488465710307528,0.5787113623602413,-2.9550843192156644,1.7371247291239031,-0.6161647908868171,0.29249204912255944,-0.5697283863886655,-2.57491581770207,3
1196,2024-09-28 17:03:43.186696960,TASK_BEGIN,023,-0.8738969902018142,0.5845532728555003,-2.9250872110209705,1.8060600050435427,-0.5890453601169803,0.30353365034800117,-0.7561909586447314,-2.5957486461602555,3
1197,2024-09-28 17:03:43.269667072,TASK_BEGIN,023,-0.9007989426301365,0.5903292772809522,-2.865819736226301,1.8737395354099555,-0.5567317151933541,0.3139616221014317,-0.9275088257402638,-2.6208081924440254,3
1198,2024-09-28 17:03:44.213131776,TASK_BEGIN,023,-0.9296799341786647,0.5962494710115663,-2.7755447515432263,1.9372327249713441,-0.5209546293348908,0.32364079722487865,-1.0772554683582563,-2.6490818263910803,3
1199,2024-09-28 17:03:44.280949248,TASK_BEGIN,023,-0.9604291506972251,0.6024945758465949,-2.654412267223367,1.9937512641160027,-0.4834920710964488,0.33244709453953397,-1.1998155539630195,-2.6789715692908973,3
1200,2024-09-28 17:03:44.348389888,TASK_BEGIN,023,-0.9926118271178458,0.6091950530675383,-2.504797994047363,2.0408917017065153,-0.446081817795514,0.3402633171765293,-1.2907077560643978,-2.7084969072329272,3
1201,2024-09-28 17:03:44.416350976,TASK_BEGIN,023,-1.0254255477220608,0.6164052679907012,-2.331281571541915,2.0767734984636816,-0.4103571544801675,0.34698503516794726,-1.3466890680707744,-2.735621494608656,3
1202,2024-09-28 17:03:44.478487040,TASK_BEGIN,023,-1.0576867409408952,0.6240643511572351,-2.140193608918965,2.1000449298050055,-0.37779183789900567,0.352537363716863,-1.365672732526521,-2.7586409585743246,3
1203,2024-09-28 17:03:44.551864064,TASK_BEGIN,023,-1.0878610075301665,0.631956239876712,-1.938874289740882,2.109817221025228,-0.3496705331735656,0.3568948077099108,-1.346564714598269,-2.77650673853532,3
1204,2024-09-28 17:03:44.618297088,TASK_BEGIN,023,-1.1141678757312703,0.6396928996833745,-1.7349208165106755,2.1056214869934116,-0.32709547105858366,0.3600949947424526,-1.2891482138502284,-2.7889841518358267,3
1205,2024-09-28 17:03:45.554273024,TASK_BEGIN,023,-1.1347692187659757,0.646740172312836,-1.5356074143635727,2.0874284131177863,-0.3109997080438869,0.3622378789924436,-1.1941503339510369,-2.7966086747477603,3
1206,2024-09-28 17:03:45.630948096,TASK_BEGIN,023,-1.1480047725764415,0.6524882536437495,-1.3474991147596564,2.055694730770754,-0.30213588807463804,0.3634670310123807,-1.0635341959539484,-2.800476011562338,3
1207,2024-09-28 17:03:45.693571072,TASK_BEGIN,023,-1.1526090869167562,0.6563487134973462,-1.1762401001913525,2.0113946543691674,-0.3010473825225088,0.36394091156896796,-0.9008903440496908,-2.8019554010887013,3
1208,2024-09-28 17:03:45.764556032,TASK_BEGIN,023,-1.1478581507905987,0.6578510984142293,-1.0265177425273406,1.9560467533316377,-0.3080422910993963,0.3638078850273214,-0.7116500804180765,-2.802427435157598,3
1209,2024-09-28 17:03:45.834224128,TASK_BEGIN,023,-1.1336313333338868,0.6567168780787016,-0.9021680333298214,1.8917544129662602,-0.32317146621229736,0.3631923491023226,-0.5028545656984152,-2.803121841424796,3
1210,2024-09-28 17:03:45.897346816,TASK_BEGIN,023,-1.110402495784544,0.6528991487235268,-0.8063243391535766,1.8212281927447085,-0.34620118565167357,0.36219135470366226,-0.2825336406222808,-2.805060485642707,3
1211,2024-09-28 17:03:45.962402048,TASK_BEGIN,023,-1.0791885450681784,0.6465875660197962,-0.7415490729470712,1.7477502243028518,-0.3765853992291479,0.3608794409996035,-0.05909225989088104,-2.8090319257221172,3
1212,2024-09-28 17:03:46.904078848,TASK_BEGIN,023,-1.0414849614398511,0.6381868526052239,-0.7099822869325253,1.6750698152356276,-0.41346348322767484,0.35932061816632155,0.15903266237695407,-2.8155350272021327,3
1213,2024-09-28 17:03:46.981135872,TASK_BEGIN,023,-0.9991982783516576,0.6282795433573877,-0.7134727020933321,1.607215088263755,-0.45571189320681604,0.35758742993798176,0.3636215352079507,-2.8247152172313967,3
1214,2024-09-28 17:03:47.048945152,TASK_BEGIN,023,-0.9545603582985649,0.6175766910804934,-0.7535483119947982,1.548229499427603,-0.502044178568921,0.3557856783975493,0.5471181762508394,-2.8363530965854427,3
1215,2024-09-28 17:03:47.107251968,TASK_BEGIN,023,-0.910008138483319,0.6068531354179597,-0.831217096714816,1.5019165778615384,-0.55110743604817,0.35407823125301974,0.7033018940068385,-2.8499401453055593,3
1216,2024-09-28 17:03:47.170264832,TASK_BEGIN,023,-0.8680309570502731,0.5968683611056252,-0.9467441671789858,1.4716628341406797,-0.6015286168486458,0.3526984678745903,0.8279879166389635,-2.8648448171811376,3
1217,2024-09-28 17:03:47.248754944,TASK_BEGIN,023,-0.8309992355743647,0.5882854805466884,-1.09946830321583,1.4603026048255423,-0.6519257239018263,0.35194797345622914,0.9194481623786129,-2.880511608186523,3
1218,2024-09-28 17:03:47.310756864,TASK_BEGIN,023,-0.8009911571540359,0.5816065057773384,-1.2876276269861742,1.4699571688821347,-0.7009354594125812,0.35217947203851147,0.97823596915912,-2.896578260892508,3
1219,2024-09-28 17:03:48.262411008,TASK_BEGIN,023,-0.779636081680176,0.5771362934564064,-1.508220812960703,1.5018500470128915,-0.7472782184577511,0.35376966617038275,1.0063977172730036,-2.9128453161253662,3
1220,2024-09-28 17:03:48.330166016,TASK_BEGIN,023,-0.7679934710399958,0.574975426984295,-1.7569693650154994,1.5561497391232448,-0.7898340603309393,0.357086267900505,1.006496758928196,-2.9291486520208734,3
1221,2024-09-28 17:03:48.397746944,TASK_BEGIN,023,-0.766488712369914,0.5750358848681337,-2.0283833242587788,1.6318730638014967,-0.8276988168791851,0.362452719398944,0.9809679805873098,-2.9452303453163564,3
1222,2024-09-28 17:03:48.461562880,TASK_BEGIN,023,-0.7749294163348206,0.5770770495737432,-2.315849987671732,1.7268451521495376,-0.860223761909569,0.3701181417266407,0.932017483108321,-2.9606612164003825,3
1223,2024-09-28 17:03:48.533261056,TASK_BEGIN,023,-0.7926078592209795,0.5807617624908823,-2.6116548480148953,1.837708003116421,-0.8870620649370865,0.3802430515216562,0.8619554119453687,-2.9748253380288783,3
1224,2024-09-28 17:03:48.601032960,TASK_BEGIN,023,-0.8184588579337928,0.5857240674409971,-2.9069465946225335,1.9600081073245903,-0.9082201638289065,0.39290205228530195,0.7737336596369108,-2.986961410978828,3
1225,2024-09-28 17:03:48.668253952,TASK_BEGIN,023,-0.8512230944237066,0.5916323374006808,-3.1918202964046087,2.0884316733677677,-0.9240737889606646,0.4080898492188851,0.6714407791005756,-2.9962413610229195,3
1226,2024-09-28 17:03:49.612780032,TASK_BEGIN,023,-0.8895801381542924,0.5982334780633773,-3.455751951161365,2.2172235120274357,-0.9353101685582682,0.42571747737242893,0.5604463839426195,-3.001842050180099,3
1227,2024-09-28 17:03:49.680610816,TASK_BEGIN,023,-0.9322364624271239,0.6053700618010602,-3.688450410313847,2.340720383143879,-0.9428030517813766,0.44560039647296024,0.446965762282329,-3.0029619977836903,3
1228,2024-09-28 17:03:49.742511872,TASK_BEGIN,023,-0.9779682847396359,0.6129684685302,-3.88094252628626,2.4538659841486186,-0.9474669057134483,0.4674473757174526,0.33714491345278447,-2.9987847676216686,3
1229,2024-09-28 17:03:49.816073984,TASK_BEGIN,023,-1.025636912766734,0.6210049745815032,-4.02660949486681,2.55261480634412,-0.950145083556468,0.49085694171271255,0.23603939157202933,-2.98845067852602,3
1230,2024-09-28 17:03:49.883845888,TASK_BEGIN,023,-1.0742002424198809,0.6294647460126331,-4.121955994393605,2.634188949312044,-0.9515667073905609,0.5153260128107494,0.14686256764341774,-2.971103590464199,3
1231,2024-09-28 17:03:49.942256896,TASK_BEGIN,023,-1.1227244133280458,0.6383082896580028,-4.1670276569781555,2.6971746006032538,-0.9523617076232582,0.5402700017210635,0.07073676938007853,-2.9460383444621505,3
1232,2024-09-28 17:03:50.019325952,TASK_BEGIN,023,-1.1703845499736956,0.6474519296511865,-4.16549154353541,2.7414675564232462,-0.9530924525236636,0.5650490280080784,0.006960078018357895,-2.912908859729504,3
1233,2024-09-28 17:03:50.933244928,TASK_BEGIN,023,-1.216454443231566,0.6567633608274954,-4.124350248376429,2.7681012855699914,-0.9542786218248692,0.5889984870745552,-0.04643211540520042,-2.8719037849376723,3
1234,2024-09-28 17:03:50.995248128,TASK_BEGIN,023,-1.2602940885950995,0.6660714776415201,-4.053177800553033,2.778987406763713,-0.9564157423706383,0.611465233670009,-0.09204591736907704,-2.823832683951229,3
1235,2024-09-28 17:03:51.071491840,TASK_BEGIN,023,-1.3013367436264913,0.6751849693515959,-3.9628179134826245,2.7765657790882687,-0.9599745543742848,0.6318472511629608,-0.13249803435376756,-2.7701567282040402,3
1236,2024-09-28 17:03:51.140000000,TASK_BEGIN,023,-1.339077699267897,0.6839130238921545,-3.8636817871319447,2.7633710548213504,-0.965353852018819,0.6496316316829429,-0.16974663101033222,-2.713005804406915,3
1237,2024-09-28 17:03:51.207691008,TASK_BEGIN,023,-1.373075761605437,0.692088836472452,-3.7640372733127374,2.7416188408684006,-0.9727880933050103,0.6644257137316987,-0.204451891295868,-2.6551408740334352,3
1238,2024-09-28 17:03:51.275443968,TASK_BEGIN,023,-1.4029748934441912,0.6995997200263839,-3.668801554954161,2.7129661490172,-0.9822574788881742,0.6759767261337833,-0.23554284653363877,-2.5997795696214476,3
1239,2024-09-28 17:03:51.343226880,TASK_BEGIN,023,-1.4285415289744838,0.7064191975534934,-3.5791886454107233,2.6784974288334022,-0.993452747728745,0.6841757648993035,-0.26023597436166707,-2.5502584969666806,3
1240,2024-09-28 17:03:52.284537088,TASK_BEGIN,023,-1.4497033072559038,0.7126269001608357,-3.493234248550245,2.638857504285748,-1.005808173213587,0.6890446459186396,-0.2747001942883175,-2.5095890511435375,3
1241,2024-09-28 17:03:52.354162944,TASK_BEGIN,023,-1.466568263818189,0.7184026627483503,-3.4069366262923637,2.5944479429098846,-1.01858506210509,0.6907107254510046,-0.2752220169185362,-2.480028727367895,3
1242,2024-09-28 17:03:52.421937920,TASK_BEGIN,023,-1.4794089410014613,0.723991379954419,-3.315651537277785,2.5456739539115727,-1.0309848642904136,0.6893815471429114,-0.25932329053300984,-2.4628145824961054,3
1243,2024-09-28 17:03:52.489690112,TASK_BEGIN,023,-1.4886205406263857,0.7296476104713985,-3.215456890659541,2.4932282283971636,-1.042272346586067,0.6853307871619165,-0.22632497022566714,-2.458134974914894,3
1244,2024-09-28 17:03:52.557434112,TASK_BEGIN,023,-1.494683102255352,0.7355773613816177,-3.104292320917256,2.438309835998526,-1.0518781483222286,0.6788964686140426,-0.17727677652660775,-2.465284046826963,3
1245,2024-09-28 17:03:52.625187072,TASK_BEGIN,023,-1.4981406770228776,0.7418919562133471,-2.9826914593864213,2.3826559323323324,-1.059446150637205,0.6704800608319511,-0.11450473745137894,-2.4828886238164785,3
1246,2024-09-28 17:03:52.682481920,TASK_BEGIN,023,-1.4995713115377103,0.7485768643900568,-2.8539621285151515,2.3283755368403707,-1.0648182691242802,0.6605342598930233,-0.04110979737265366,-2.5091485987096034,3
1247,2024-09-28 17:03:53.636529152,TASK_BEGIN,023,-1.4995209944844907,0.7554735357510606,-2.7237908754468334,2.277677224419922,-1.0679832986396465,0.6495376705106098,0.039355505900670565,-2.54208196858637,3
1248,2024-09-28 17:03:53.704339968,TASK_BEGIN,023,-1.4984210576753418,0.7622801908752509,-2.59938009233213,2.232586408617325,-1.0690224875851844,0.6379634263827217,0.12305208851458349,-2.57976346641483,3
1249,2024-09-28 17:03:53.770039040,TASK_BEGIN,023,-1.4965346436413354,0.768581484007029,-2.4883220833098405,2.19470715341049,-1.0680728315293169,0.6262515889402798,0.20604460237150368,-2.6205297488660553,3
1250,2024-09-28 17:03:53.831620096,TASK_BEGIN,023,-1.4939523007949451,0.7739059130372635,-2.3974928585182,2.165055563422176,-1.065311484009385,0.6147922658273086,0.2846000636314455,-2.6631195306442623,3
1251,2024-09-28 17:03:53.907602944,TASK_BEGIN,023,-1.4906243578555696,0.7777944355866327,-2.3322496913259085,2.143987720194305,-1.060946149775508,0.603916990936378,0.35550342343490443,-2.706729143329953,3
1252,2024-09-28 17:03:53.973506816,TASK_BEGIN,023,-1.486410291503847,0.779861668641912,-2.296054493916613,2.131239973963352,-1.0552016965864979,0.5938900568819766,0.4162802577410057,-2.750995413177882,3
1253,2024-09-28 17:03:54.042823936,TASK_BEGIN,023,-1.481128434537583,0.7798412406879325,-2.290449432192255,2.126070822920322,-1.0483069774045377,0.5848964242981121,0.4652832562471223,-2.7959393564521338,3
1254,2024-09-28 17:03:54.972688896,TASK_BEGIN,023,-1.474589388630742,0.7776113068890576,-2.315274849125217,2.1274610452669056,-1.0404769336184825,0.5770298365908183,0.501629564310214,-2.841886631462756,3
1255,2024-09-28 17:03:55.053883136,TASK_BEGIN,023,-1.4666037086035055,0.7731948369287867,-2.3690547768410393,2.134315644040813,-1.0318837690076321,0.5702863767675472,0.5250606706276689,-2.8893583573436903,3
1256,2024-09-28 17:03:55.121965824,TASK_BEGIN,023,-1.456971961095078,0.766735604960872,-2.4494321775132075,2.1456190544768834,-1.02262903913462,0.5645656164722207,0.5359447974499411,-2.938941064547477,3
1257,2024-09-28 17:03:55.177242880,TASK_BEGIN,023,-1.4454659752752075,0.758457643192814,-2.55350127010293,2.1605163793720688,-1.0127291517727992,0.5596776693062294,0.5355557339151218,-2.991158403063241,3
1258,2024-09-28 17:03:55.255383040,TASK_BEGIN,023,-1.4317977614628483,0.7486157313217008,-2.677946313604876,2.178319018413436,-1.0021179507327396,0.5553562919266043,0.5263911790164089,-3.04633957553236,3
1259,2024-09-28 17:03:55.318286848,TASK_BEGIN,023,-1.4155893959080081,0.7374493617834399,-2.8190156328895806,2.198462910671396,-0.9906801515029792,0.5512857444458015,0.5121416941307745,-3.1044659961514975,3
1260,2024-09-28 17:03:55.391729920,TASK_BEGIN,023,-1.3963813009811006,0.7251588401962563,-2.972467257301273,2.2204672638848124,-0.9783306057208025,0.5471481523521244,0.49724574738179217,-3.1650290720818073,3
1261,2024-09-28 17:03:56.305263872,TASK_BEGIN,023,-1.373698007755766,0.7119133396673876,-3.133588483945963,2.243921816418664,-0.965118059361619,0.5426812017478255,0.48629617000827524,-3.226982220494914,3
1262,2024-09-28 17:03:56.367786752,TASK_BEGIN,023,-1.347162243950018,0.69788596885529,-3.297242075158803,2.2684899127059768,-0.9512979268105008,0.5377228430926146,0.48347284733050483,-3.2888279272654,3
1263,2024-09-28 17:03:56.445902080,TASK_BEGIN,023,-1.3166430015464157,0.6833051227955623,-3.4578989073429955,2.29390348692788,-0.9373327390757995,0.5322281647344175,0.4919289779603659,-3.3487776733649306,3
1264,2024-09-28 17:03:56.508378880,TASK_BEGIN,023,-1.2824055233169365,0.6685084165649106,-3.60978602479384,2.3199492065746945,-0.9238318007922547,0.5262640515482303,0.5130802155316696,-3.4048882351572907,3
1265,2024-09-28 17:03:56.570864128,TASK_BEGIN,023,-1.245207878348113,0.6539804487361714,-3.7472643067402576,2.3464597663024573,-0.9114872503763265,0.5199985736112683,0.5459698866090728,-3.455151077942061,3
1266,2024-09-28 17:03:56.648967936,TASK_BEGIN,023,-1.2063091398946901,0.6403559122373809,-3.86530589904955,2.3733067523257074,-0.90105009396339,0.5136918330601725,0.5869946981448544,-3.4975801816891914,3
1267,2024-09-28 17:03:56.712251904,TASK_BEGIN,023,-1.1673920305388414,0.6283797253558931,-3.9598343114550283,2.4003833113331634,-0.8933233708429021,0.5076753388127204,0.6301710691414193,-3.5303288238522255,3
1268,2024-09-28 17:03:57.663023872,TASK_BEGIN,023,-1.130413446760062,0.6188305378157701,-4.02785502897354,2.427591398398725,-0.8891140738349667,0.5023061765845934,0.6678902175764768,-3.55180905278008,3
1269,2024-09-28 17:03:57.728635904,TASK_BEGIN,023,-1.097405394665845,0.6124240704676717,-4.067489473708714,2.4548413078030733,-0.8891278469362599,0.4979045828842522,0.6919191478544985,-3.560759506170121,3
1270,2024-09-28 17:03:57.798597120,TASK_BEGIN,023,-1.0702706501164982,0.6097155380210906,-4.078067529438515,2.482022353518835,-0.8938560008540305,0.49470115556556243,0.6944004112682922,-3.5562526623951456,3
1271,2024-09-28 17:03:57.854761984,TASK_BEGIN,023,-1.050613874302473,0.6110189648860428,-4.0603710714692545,2.5089236756994144,-0.903512938591705,0.49281224637625076,0.6687068727907141,-3.537700644761343,3
1272,2024-09-28 17:03:57.932904960,TASK_BEGIN,023,-1.0396232732767463,0.6163585191148082,-4.016977119172624,2.5351653430283565,-0.9180270036996673,0.4922421769071413,0.610064101426809,-3.5049042422542813,3
1273,2024-09-28 17:03:58.001107968,TASK_BEGIN,023,-1.0380116678393543,0.6254621061224538,-3.9524746094304946,2.5602022886067464,-0.9370435191956843,0.4929013484237278,0.5159194178587458,-3.4581209732618543,3
1274,2024-09-28 17:03:58.060583936,TASK_BEGIN,023,-1.0460246339755237,0.6377961265344967,-3.8732955324101552,2.583384401039057,-0.9599144348214116,0.49463007616942983,0.38611843561879244,-3.3981032466647787,3
1275,2024-09-28 17:03:59.012986880,TASK_BEGIN,023,-1.0634995619983556,0.652627662897113,-3.7871190079577812,2.6040323426095795,-0.9856848924225672,0.4972200539498632,0.22289078418157804,-3.3260743813569476,3
1276,2024-09-28 17:03:59.075741952,TASK_BEGIN,023,-1.0899448895153154,0.6690981828837177,-3.7020649893576745,2.621537089796677,-1.013099837869946,0.5004304365152832,0.030580226701805463,-3.243644810749579,3
1277,2024-09-28 17:03:59.138936064,TASK_BEGIN,023,-1.1246194336611288,0.6862976724682438,-3.625897919079234,2.6354847168612743,-1.040652670362369,0.5040035091741619,-0.18481638018833635,-3.152717205924477,3
1278,2024-09-28 17:03:59.201607936,TASK_BEGIN,023,-1.1665968387270935,0.703328560167267,-3.56529927833735,2.645746022272606,-1.066690408670697,0.507687219115538,-0.4161568555942737,-3.0554245111097322,3
1279,2024-09-28 17:03:59.279759872,TASK_BEGIN,023,-1.2148028212469617,0.7193502145741321,-3.5252410869033866,2.6524941586271455,-1.0895673455639847,0.511265601418616,-0.6556957269562881,-2.9540854351784467,3
1280,2024-09-28 17:03:59.342283008,TASK_BEGIN,023,-1.2680343044464628,0.7336061536601682,-3.5085989526244443,2.656195358940242,-1.1078085133569633,0.5145893223375898,-0.8956513448816785,-2.851150110781291,3
1281,2024-09-28 17:03:59.404769024,TASK_BEGIN,023,-1.3249848038394023,0.7454460887761848,-3.5161171138747567,2.6576057315309547,-1.120227143845348,0.5175934178984385,-1.1285496881642914,-2.749158734063795,3
1282,2024-09-28 17:04:00.359529984,TASK_BEGIN,023,-1.3842872139823088,0.7543510973085404,-3.5466518821624806,2.657746934010081,-1.1259605656332192,0.5202936238928788,-1.3470836234432606,-2.650755172608845,3
1283,2024-09-28 17:04:00.422226176,TASK_BEGIN,023,-1.444565098454078,0.7599596860219638,-3.5975336818647548,2.65784278204345,-1.1244415862591601,0.5227652197350046,-1.5436301499341614,-2.5587504843591065,3
1284,2024-09-28 17:04:00.496808192,TASK_BEGIN,023,-1.50447758751942,0.7620870152967479,-3.664957217776969,2.6592180328299477,-1.1153607123401148,0.5251165820514793,-1.7098690223969437,-2.476173286282949,3
1285,2024-09-28 17:04:00.563873024,TASK_BEGIN,023,-1.5627521865264553,0.7607319286102362,-3.744406549736855,2.6631520728922142,-1.0986636971640429,0.5274673456967074,-1.8368235716383625,-2.40622837565576,3
1286,2024-09-28 17:04:00.630049024,TASK_BEGIN,023,-1.6182138194571478,0.7560709462639597,-3.8311967501116317,2.670710580172187,-1.0745833250027494,0.5299330003301875,-1.9154226277778346,-2.352107333967097,3
1287,2024-09-28 17:04:00.701319168,TASK_BEGIN,023,-1.6698200475843312,0.7484393990089269,-3.921154807963918,2.6826170793288755,-1.0436694170692753,0.5326092408652634,-1.9375330044098262,-2.3166501289718786,3
1288,2024-09-28 17:04:00.768665088,TASK_BEGIN,023,-1.716699583060318,0.7383007000869957,-4.0112638065565696,2.6992107023105816,-1.0067820875143292,0.535547889254006,-1.8971927968854259,-2.3019478851582336,3
1289,2024-09-28 17:04:01.713583104,TASK_BEGIN,023,-1.7581766389082485,0.7262067531246761,-4.10001747598551,2.7204942055812107,-0.9650321594141102,0.5387259692160049,-1.791605154067395,-2.3090336484923992,3
1290,2024-09-28 17:04:01.771866880,TASK_BEGIN,023,-1.7937611731271412,0.7127514344382169,-4.187362739864853,2.7462428991444106,-0.9196719290228793,0.5420194941464758,-1.6215370081039537,-2.3377627948501525,3
1291,2024-09-28 17:04:01.834352128,TASK_BEGIN,023,-1.8231065019819244,0.6985202019260093,-4.274277402452297,2.776134020687895,-0.8719553994169269,0.5451922340965265,-1.391053932242355,-2.3868844253643693,3
1292,2024-09-28 17:04:01.912471808,TASK_BEGIN,023,-1.8459628710605862,0.6840466308966048,-4.362181101051695,2.80986939564137,-0.8229951247170233,0.5479031609059054,-1.1068165953859475,-2.4542314550503157,3
1293,2024-09-28 17:04:01.975497984,TASK_BEGIN,023,-1.8621494669251408,0.6697875731306305,-4.452460127409239,2.8472719200249625,-0.7736500562486522,0.5497325234239591,-0.777267763681523,-2.5369474889656676,3
1294,2024-09-28 17:04:02.037982976,TASK_BEGIN,023,-1.8715376632768612,0.6561146868770841,-4.5462423085078765,2.8883229069617515,-0.7244831575531643,0.5502227267751717,-0.4119214717452595,-2.63171365712926,3
1295,2024-09-28 17:04:02.116090112,TASK_BEGIN,023,-1.8740302120097794,0.6433088864870261,-4.644280353625975,2.933097952212288,-0.6758123792530107,0.5489261191317831,-0.020810904015788355,-2.7349800564517266,3
1296,2024-09-28 17:04:03.038324224,TASK_BEGIN,023,-1.8695391640399321,0.6315505915189851,-4.746748816097765,2.9815880259014294,-0.627843980049283,0.5454527781335675,0.3859012461065011,-2.8432040683310125,3
1297,2024-09-28 17:04:03.100808192,TASK_BEGIN,023,-1.8579824794934057,0.6209113104878694,-4.852989709414172,3.0334746003601794,-0.5808349009280186,0.5395153417363385,0.7981338178565789,-2.9530775982620634,3
1298,2024-09-28 17:04:03.163675136,TASK_BEGIN,023,-1.8393179385962897,0.611355964635232,-4.961389185632617,3.087981881650124,-0.5352106328475909,0.530969712536318,1.2059457722409255,-3.0617150255478482,3
1299,2024-09-28 17:04:03.241780992,TASK_BEGIN,023,-1.813608707844188,0.6027615375982358,-5.069472441544032,3.143857332384859,-0.49160504307758895,0.5198516673636235,1.5996041620969506,-3.1667846832262088,3
1300,2024-09-28 17:04:03.308975872,TASK_BEGIN,023,-1.78108611738712,0.5949507584420363,-5.174210351375985,3.1994364606694514,-0.45085505736084774,0.506408695471152,1.9698740741278173,-3.266595514915099,3
1301,2024-09-28 17:04:03.378521856,TASK_BEGIN,023,-1.7421734244262845,0.5877286566915575,-5.272498482624633,3.252763094059719,-0.4139878436611021,0.49112055024644014,2.3085333560141605,-3.360140628686937,3
1302,2024-09-28 17:04:03.445476096,TASK_BEGIN,023,-1.6974692478073914,0.5809044891039657,-5.3616342849814185,3.301763516255563,-0.3821814169653286,0.4746976989653563,2.608874677862655,-3.447049293876288,3
1303,2024-09-28 17:04:04.385773824,TASK_BEGIN,023,-1.647734996012871,0.5742964160028448,-5.439527828809558,3.344430154302693,-0.35665539518847983,0.4580483178451244,2.86601590166842,-3.5274185759590106,3
1304,2024-09-28 17:04:04.455611136,TASK_BEGIN,023,-1.5939323143940245,0.5677353466238866,-5.504568869361414,3.3789665262474275,-0.3384928217064586,0.4422085197324048,3.0770289551984447,-3.6015852006358577,3
1305,2024-09-28 17:04:04.523216128,TASK_BEGIN,023,-1.5372922463627146,0.5610788104917324,-5.555317730947835,3.403898004371696,-0.3284462584392758,0.4282395247896685,3.240919485855427,-3.6699233708416745,3
1306,2024-09-28 17:04:04.590696960,TASK_BEGIN,023,-1.4793394915654026,0.5542268277794372,-5.590204104314347,3.41815607604719,-0.326791600871458,0.417108222495752,3.3584572579573746,-3.7327086296041716,3
1307,2024-09-28 17:04:04.655713024,TASK_BEGIN,023,-1.4218153835126845,0.5471274136721287,-5.607366901233891,3.4211194521991337,-0.333260176998348,0.40957205575813826,3.4319116313096236,-3.7900633809185016,3
1308,2024-09-28 17:04:04.717082880,TASK_BEGIN,023,-1.3665085020496666,0.5397686299057493,-5.604783237384052,3.4126140055050214,-0.3470284999068783,0.40608225328213954,3.4647409446211075,-3.841981054838758,3
1309,2024-09-28 17:04:04.779876864,TASK_BEGIN,023,-1.3150463503531635,0.5321639880901547,-5.580722714114102,3.392892769181492,-0.3667273161651824,0.40671391173124694,3.4611983488138764,-3.8883730313097784,3
1310,2024-09-28 17:04:05.734258176,TASK_BEGIN,023,-1.2687078322517449,0.5243421894059065,-5.534323540304314,3.36260872246122,-0.39047130721408757,0.41113594610515813,3.425863241332713,-3.9290654338387556,3
1311,2024-09-28 17:04:05.796745216,TASK_BEGIN,023,-1.2282993848784647,0.5163482315050566,-5.465999121575269,3.322792293082233,-0.4159521602337605,0.4186380339567399,3.363237281331465,-3.9637454305397055,3
1312,2024-09-28 17:04:05.859229952,TASK_BEGIN,023,-1.194120859155879,0.5082555711604577,-5.377529399453986,3.274848116915657,-0.4406235684175265,0.42821979551282857,3.2775084774004046,-3.991929337410665,3
1313,2024-09-28 17:04:05.940466688,TASK_BEGIN,023,-1.1660285175347813,0.500182942199648,-5.271874805457382,3.2205659843801233,-0.46195803365268107,0.43872369112415605,3.172446325771967,-4.012996103937313,3
1314,2024-09-28 17:04:06.000804864,TASK_BEGIN,023,-1.143563498847629,0.4923045227638676,-5.1528485722540776,3.1621242140178523,-0.4777239078334569,0.44897884005635114,3.051345233756093,-4.026251341231481,3
1315,2024-09-28 17:04:06.063756032,TASK_BEGIN,023,-1.126084376528349,0.48484353453782814,-5.0248052399062315,3.1020645937283255,-0.48622939447242536,0.4579278040536573,2.916979001252805,-4.030977568932635,3
1316,2024-09-28 17:04:06.142226176,TASK_BEGIN,023,-1.1128615296128586,0.4780483864388392,-4.892403257900524,3.0432061905047383,-0.48649522968367576,0.464722153651876,2.7715611736665817,-4.026478489022203,3
1317,2024-09-28 17:04:07.089376000,TASK_BEGIN,023,-1.1031295165461197,0.4721580337732859,-4.760366096804437,2.9884747603706896,-0.47834415437563244,0.46878567735786936,2.6167034733677363,-4.012142401240616,3
1318,2024-09-28 17:04:07.146213120,TASK_BEGIN,023,-1.096111624304482,0.4673661215183426,-4.63322762568104,2.940688731260168,-0.4624166668734815,0.46985029864668354,2.4534098716177284,-3.9875242471227064,3
1319,2024-09-28 17:04:07.224319744,TASK_BEGIN,023,-1.0910352660497316,0.46379247196001844,-4.515167952017179,2.9023625021463566,-0.4401206577230906,0.4679645316474681,2.2822189924845047,-3.9524364961595504,3
1320,2024-09-28 17:04:07.287034880,TASK_BEGIN,023,-1.0871532836384832,0.4614642168758233,-4.409941529472745,2.8755175166375797,-0.4135163130088577,0.4634686649096007,2.103581862548834,-3.907054350059975,3
1321,2024-09-28 17:04:07.349520128,TASK_BEGIN,023,-1.0837742251862685,0.4603058969166401,-4.32075646537315,2.8614613078107616,-0.38514577365068337,0.4569371029207967,1.9184321069059773,-3.852058026522395,3
1322,2024-09-28 17:04:07.428111104,TASK_BEGIN,023,-1.080300021450028,0.46014279754905335,-4.250050426308025,2.8605681619992978,-0.3578226524973409,0.44909686433722334,1.7287655252762903,-3.78882386190924,3
1323,2024-09-28 17:04:07.495426048,TASK_BEGIN,023,-1.0762706027250215,0.46072040860162683,-4.199274208927236,2.8721600570294066,-0.3343888888266404,0.44073360972943154,1.5379912775258178,-3.719604750924149,3
1324,2024-09-28 17:04:08.401837824,TASK_BEGIN,023,-1.0714114608983123,0.46173337399097153,-4.168837437732046,2.8945698878541495,-0.31745046337782573,0.43260166400941713,1.3509277758156768,-3.647575758528975,3
1325,2024-09-28 17:04:08.479943168,TASK_BEGIN,023,-1.0656798656390543,0.46285747679900036,-4.158285969613136,2.92540130440265,-0.30913965868793236,0.425360642394434,1.173504287556978,-3.57667223884713,3
1326,2024-09-28 17:04:08.542428928,TASK_BEGIN,023,-1.05930793869717,0.463787167279694,-4.166625625757968,2.9618974413227965,-0.3109684468864059,0.4195495925747498,1.0122686783265142,-3.511257308385169,3
1327,2024-09-28 17:04:08.605177088,TASK_BEGIN,023,-1.052832220381329,0.464281849377946,-4.192624533241278,3.001266997099784,-0.3237780801527695,0.41558184084436445,0.873697381367577,-3.455689162160391,3
1328,2024-09-28 17:04:08.683431936,TASK_BEGIN,023,-1.0470795228240302,0.46421312029905903,-4.235015109335968,3.040897403637197,-0.3477259454636724,0.4137339092344655,0.7633327935638569,-3.413843871682407,3
1329,2024-09-28 17:04:08.746097152,TASK_BEGIN,023,-1.04307130026469,0.46359500826415906,-4.292634476412409,3.078513796650247,-0.3822778537059056,0.414125650388174,0.6849729976570168,-3.3886655270781705,3
1330,2024-09-28 17:04:08.819183104,TASK_BEGIN,023,-1.0418432255687167,0.462586122429297,-4.364545265007615,3.1123374967373487,-0.4262343384892812,0.41671127307632433,0.6402079356259129,-3.381832990684219,3
1331,2024-09-28 17:04:09.749082112,TASK_BEGIN,023,-1.0442385887735723,0.46147155618306174,-4.450133860353855,3.1412098322791997,-0.47781703244560664,0.4212908678160086,0.6284320169867708,-3.393607889388105,3
1332,2024-09-28 17:04:09.829291008,TASK_BEGIN,023,-1.050758506787286,0.4606377618781247,-4.5491492713577335,3.1646395038193336,-0.5348045625425882,0.4275318136138644,0.6472707858980958,-3.4228733499901915,3
1333,2024-09-28 17:04:09.896930816,TASK_BEGIN,023,-1.0615100932037516,0.460540715743524,-4.661598052783969,3.182787449492131,-0.5947029821289143,0.43499243209850985,0.6932431587303716,-3.4673175088405643,3
1334,2024-09-28 17:04:09.958269952,TASK_BEGIN,023,-1.0762344398859547,0.46165804688641143,-4.787416654784407,3.1964076568238102,-0.6549517984199592,0.4431574499638963,0.762389277785518,-3.5236907683464755,3
1335,2024-09-28 17:04:10.031971840,TASK_BEGIN,023,-1.0943713332183875,0.4644227816744295,-4.925984798690578,3.2067330924315924,-0.7131541689750798,0.45149498445337694,0.8506443578911956,-3.588092741770463,3
1336,2024-09-28 17:04:10.100328960,TASK_BEGIN,023,-1.1151275754572714,0.4691513447670694,-5.075709607651683,3.215301651827148,-0.7672789430524432,0.4595243043734365,0.9540511118010988,-3.656304579817463,3
1337,2024-09-28 17:04:10.168056832,TASK_BEGIN,023,-1.1375354963092943,0.4759825903330015,-5.233899076808563,3.2237416991210224,-0.815771611094078,0.46686962109446,1.0690719768630215,-3.7241855075615775,3
1338,2024-09-28 17:04:11.100384000,TASK_BEGIN,023,-1.1605014387832902,0.48483562875891395,-5.396962645547906,3.233559928947546,-0.8575590810593583,0.4732823537647477,1.1928867339371216,-3.7880567194587944,3
1339,2024-09-28 17:04:11.179454976,TASK_BEGIN,023,-1.182846988100763,0.49538984233248073,-5.560810274873514,3.2459804105908834,-0.8919901494987462,0.4786303279565903,1.3232106100762262,-3.844932734451342,3
1340,2024-09-28 17:04:11.241939968,TASK_BEGIN,023,-1.2033432373407067,0.5070927289998894,-5.721247242164423,3.26183855126448,-0.9187700438409685,0.48286362758736545,1.457567006630932,-3.8925479169317776,3
1341,2024-09-28 17:04:11.304424960,TASK_BEGIN,023,-1.220744926300852,0.5191965207129169,-5.874171234392062,3.281470783996043,-0.9379186695886018,0.48597008614462,1.592599362287654,-3.929244960511081,3
1342,2024-09-28 17:04:11.382532096,TASK_BEGIN,023,-1.2338426695130802,0.5308171624657648,-6.015494118649134,3.304530859629549,-0.9497271131050465,0.48792965894040985,1.7239510438941128,-3.9537813911022566,3
1343,2024-09-28 17:04:11.445444096,TASK_BEGIN,023,-1.241538699786874,0.5410080123094252,-6.140859710091356,3.3297225954748453,-0.95466123474857,0.4886717919878175,1.8466319620199454,-3.96505790263216,3
1344,2024-09-28 17:04:11.508563968,TASK_BEGIN,023,-1.2429229129476158,0.5488389701214407,-6.245289982627932,3.3545350953216517,-0.9532132369678566,0.48804157223381617,1.9554923542322151,-3.9618258342720045,3
1345,2024-09-28 17:04:12.447715072,TASK_BEGIN,023,-1.237321872992546,0.5534699846367429,-6.322894360314209,3.375125556686365,-0.9457736697235806,0.4857859349762167,2.04560818174891,-3.94249421006841,3
1346,2024-09-28 17:04:12.525824000,TASK_BEGIN,023,-1.2243105321703192,0.5542132421245003,-6.3667702466104625,3.3864430357930284,-0.9325860832925676,0.48156669583652384,2.1125747828181107,-3.9051002375507617,3
1347,2024-09-28 17:04:12.588308992,TASK_BEGIN,023,-1.2036897733020244,0.5505817657480367,-6.369169156801261,3.382574667887992,-0.9137685449732111,0.47499247146689244,2.1527222560159482,-3.847414467856959,3
1348,2024-09-28 17:04:12.650795008,TASK_BEGIN,023,-1.1754477444010663,0.5423178406542258,-6.321949147974779,3.35725452055443,-0.8893464881108063,0.4656554130014172,2.1632662015339776,-3.7671301439694522,3
1349,2024-09-28 17:04:12.729530112,TASK_BEGIN,023,-1.1397306311840119,0.5293952327049788,-6.217354644073059,3.304498716875457,-0.859280144566147,0.45316941154051016,2.142448882817372,-3.662110764487144,3
1350,2024-09-28 17:04:12.792347904,TASK_BEGIN,023,-1.096825951334582,0.5119974951974455,-6.049133248092379,3.2193081844914624,-0.823516209496424,0.43721697751525224,2.0897224430786885,-3.5306847759397515,3
1351,2024-09-28 17:04:12.855237120,TASK_BEGIN,023,-1.0471399193247741,0.4904807114607127,-5.81378491253732,3.0983249738807666,-0.782079018385001,0.4176057482444679,2.0059433321553013,-3.371964807940688,3
1352,2024-09-28 17:04:13.778413056,TASK_BEGIN,023,-0.9911706297942875,0.4653297033622467,-5.511510175540531,2.940317921634164,-0.7351691903295828,0.39432043130278216,1.893457410924765,-3.1861438280080616,3
1353,2024-09-28 17:04:13.853921024,TASK_BEGIN,023,-0.9295093130479897,0.4371138738893939,-5.146504518252072,2.7464130655918653,-0.6832231528841884,0.367551813912629,1.755959903059523,-2.9747156840406643,3
1354,2024-09-28 17:04:13.920710912,TASK_BEGIN,023,-0.8628892828019445,0.4064452814859959,-4.726656969193688,2.5200743724168015,-0.6269243982938083,0.337698636411048,1.5981362938904116,-2.74059274188736,3
1355,2024-09-28 17:04:13.983196928,TASK_BEGIN,023,-0.7922588897901293,0.3739418737538377,-4.262990037032732,2.266929633297006,-0.5672059968234285,0.30535440142474884,1.425210989704843,-2.4881203161880068,3
1356,2024-09-28 17:04:14.045681920,TASK_BEGIN,023,-0.7188335119589165,0.3402022292087849,-3.769024924794573,1.994500870411351,-0.5052721328517423,0.27128706265215285,1.2425593794758418,-2.2229868790258402,3
1357,2024-09-28 17:04:14.123865856,TASK_BEGIN,023,-0.6440850882377253,0.3057961296721155,-3.260020649980976,1.7117796618450076,-0.4425943873743332,0.23640288583480376,1.055483442508354,-1.9519813410611893,3
