,time,MARKER,pid,L_O_DSI,L_D_DSI,L_O_DSphi,L_D_DSphi,R_O_DSI,R_D_DSI,R_O_DSphi,R_D_DSphi,trial_id
0,2024-10-02 20:40:28.622785280,TASK_BEGIN,024,0.11832256509442865,0.06207727843273432,-3.6750456807519005,0.7509936317663383,0.0928278187528774,0.12887555131806536,1.8404458351531268,-1.1321014232552373,2
1,2024-10-02 20:40:28.700387072,TASK_BEGIN,024,0.1771021414481258,0.06820569266385197,-2.8077700609220755,0.5136838786042572,0.15504988358399333,0.10240419807934067,2.9998412435303603,-1.5431834717072137,2
2,2024-10-02 20:40:28.762415872,TASK_BEGIN,024,0.2333727057445315,0.07434493435058794,-1.9684610223006098,0.28384315907679886,0.21416732782170647,0.07686507376161081,4.122434176830575,-1.9425940335004377,2
3,2024-10-02 20:40:28.839602176,TASK_BEGIN,024,0.285179664272917,0.08040850606476477,-1.1748930104902626,0.0667723654602962,0.2682081125562757,0.05305324402865615,5.1699179457686055,-2.317864799653654,2
4,2024-10-02 20:40:28.907499008,TASK_BEGIN,024,0.330877165187579,0.08636105640171113,-0.44182179963689167,-0.13300633234966258,0.31553932351576286,0.03164941774288474,6.109661506714153,-2.658471302390263,2
5,2024-10-02 20:40:28.963744000,TASK_BEGIN,024,0.36918320019692075,0.09223339894031203,0.21943611518590508,-0.3118903564907386,0.3549211741266305,0.01318778450634557,6.916530919261023,-2.956485254942914,2
6,2024-10-02 20:40:29.040926976,TASK_BEGIN,024,0.3991935513331996,0.09812459962354354,0.801201894709855,-0.46726645417625484,0.38555390316781923,-0.001960421008393034,7.573903406835399,-3.2069344067073597,2
7,2024-10-02 20:40:29.955966976,TASK_BEGIN,024,0.42037847782959376,0.10419052785441288,1.2995328936033588,-0.5975651579150462,0.40714624388846316,-0.013587908493033016,8.073988582661238,-3.407892043398204,2
8,2024-10-02 20:40:30.017497088,TASK_BEGIN,024,0.4325622481894371,0.11062319170334689,1.7141208508471963,-0.7023023164885076,0.4199797915714888,-0.021637215201656124,8.417521609079907,-3.560311650303826,2
9,2024-10-02 20:40:30.096034816,TASK_BEGIN,024,0.4358873736227666,0.1176238929159278,2.0479066849405663,-0.7820667975227353,0.4249340311717298,-0.02617836258450069,8.612841635420153,-3.66763364913834,2
10,2024-10-02 20:40:30.163786752,TASK_BEGIN,024,0.43078695751929214,0.12536821351707514,2.3064701050200274,-0.8384116909478876,0.4234545493722059,-0.02738788090460585,8.674437608351594,-3.735222190783498,2
11,2024-10-02 20:40:30.231590144,TASK_BEGIN,024,0.4179814835193579,0.1339636155406641,2.497292180687225,-0.8736404908029924,0.41744659409453266,-0.025530992870060214,8.621252353480083,-3.769722348081483,2
12,2024-10-02 20:40:30.299337984,TASK_BEGIN,024,0.39848694578550325,0.1434087966248598,2.6289989059135705,-0.8905360418939687,0.40908761332159316,-0.020941280238138384,8.475149057604488,-3.7784387920765954,2
13,2024-10-02 20:40:30.367090944,TASK_BEGIN,024,0.37361382158187834,0.15356562031277854,2.710735694752035,-0.8921169130333829,0.40059989189930656,-0.013997732974538723,8.259725938675224,-3.7688040735845765,2
14,2024-10-02 20:40:31.278268160,TASK_BEGIN,024,0.34494222003430686,0.1641497386625041,2.7517592763240066,-0.8814766923032734,0.39405209523004736,-0.005109679601940982,7.999286394235732,-3.74793391648258,2
15,2024-10-02 20:40:31.340878848,TASK_BEGIN,024,0.31425955342433465,0.17474095815093302,2.7611996953102285,-0.8616992713289061,0.3912358092035838,0.0052811626885593205,7.7176864081868874,-3.7222251907970434,2
16,2024-10-02 20:40:31.417658880,TASK_BEGIN,024,0.28346531981458734,0.184808880127921,2.7478790171040246,-0.8358057656456889,0.3936254215624452,0.01668474887262441,7.437050104741322,-3.6969949091896255,2
17,2024-10-02 20:40:31.486168064,TASK_BEGIN,024,0.2544701858270804,0.19374648240870423,2.72004862649911,-0.8066780690116195,0.4024012900109064,0.028545007216762473,7.17654114916935,-3.6762223082257846,2
18,2024-10-02 20:40:31.556715008,TASK_BEGIN,024,0.22910634938348717,0.20090677949839336,2.6849604158912688,-0.7769284942291071,0.41850099626388865,0.04023148090625519,6.951313061446845,-3.6624431960315986,2
19,2024-10-02 20:40:31.618252032,TASK_BEGIN,024,0.20904769823444458,0.2056388133227234,2.64838039779899,-0.7487481487556807,0.4426598757360588,0.051047465199229695,6.771692516767852,-3.656781491012663,2
20,2024-10-02 20:40:31.692640000,TASK_BEGIN,024,0.19574241431172174,0.20731771507792637,2.6142486145347132,-0.7237917444118016,0.47540505555165824,0.06025835532309014,6.642726681480985,-3.6590770904519805,2
21,2024-10-02 20:40:32.631408896,TASK_BEGIN,024,0.190363876322578,0.2053665662800603,2.5845239197639076,-0.7031058066587883,0.5169939963169294,0.06713570347230192,6.564310060646744,-3.6680915674541477,2
22,2024-10-02 20:40:32.693116928,TASK_BEGIN,024,0.19377598176339028,0.19927308770189753,2.5591531813434285,-0.6870767127470603,0.5673334942983442,0.07100421038830534,6.532019467379969,-3.6817813538613082,2
23,2024-10-02 20:40:32.771734784,TASK_BEGIN,024,0.20650297760504965,0.18860535785322027,2.5362640570535477,-0.675419623608899,0.6259180430196054,0.07128395015452293,6.538511818913705,-3.6976003718439765,2
24,2024-10-02 20:40:32.839493888,TASK_BEGIN,024,0.22869510725886336,0.17303016210972272,2.5127390172068678,-0.6672636430510474,0.6917832992601551,0.06753166468560402,6.575108157599236,-3.7127845995849857,2
25,2024-10-02 20:40:32.893551104,TASK_BEGIN,024,0.26009018547079477,0.15233725154689706,2.4851056805298275,-0.6613515317784906,0.7634577272205426,0.05948305496676072,6.633182993394686,-3.724602428768773,2
26,2024-10-02 20:40:32.971217920,TASK_BEGIN,024,0.2999853137355418,0.12647044611077277,2.450488210059102,-0.6563134364133735,0.8389267510533864,0.047088303389237814,6.705117653104129,-3.7305823382864407,2
27,2024-10-02 20:40:33.039995904,TASK_BEGIN,024,0.347238487261567,0.09556268382903536,2.407394451675483,-0.6509446587009491,0.9156459867418844,0.030533598649253917,6.784783974175501,-3.728736652606508,2
28,2024-10-02 20:40:33.980474880,TASK_BEGIN,024,0.4003125522188355,0.059967866004015796,2.356201344882463,-0.6444173523249713,0.9906376854988079,0.010246736196223542,6.86772093648768,-3.7177819808676094,2
29,2024-10-02 20:40:34.053046016,TASK_BEGIN,024,0.4573582789179948,0.02027952544087202,2.299212716205731,-0.6363779568325101,1.0606760946648774,-0.01311421195369791,6.951106632522732,-3.6972945370591526,2
30,2024-10-02 20:40:34.120815872,TASK_BEGIN,024,0.5163170383921989,-0.02267043850741967,2.2402159814213345,-0.6269204403944137,1.1225279474263696,-0.03869006125485554,7.0334087397789435,-3.6677062913434084,2
31,2024-10-02 20:40:34.188581120,TASK_BEGIN,024,0.5750205560735647,-0.06783203080929268,2.1836818729203094,-0.6164673540429727,1.1732116170938116,-0.06546999749062242,7.113688284948383,-3.6301332641696633,2
32,2024-10-02 20:40:34.241638912,TASK_BEGIN,024,0.6312752256431309,-0.11397159476669039,2.1339794258083153,-0.6056272234151342,1.2102545654406378,-0.09236423185531191,7.190865169895526,-3.58613488045918,2
33,2024-10-02 20:40:34.324152832,TASK_BEGIN,024,0.6829270107768688,-0.15971836097994885,2.0949381976516714,-0.5950967792340551,1.2319158395532344,-0.11829433582724708,7.263322306124042,-3.537501412575634,2
34,2024-10-02 20:40:34.380492032,TASK_BEGIN,024,0.7279090317435125,-0.20362493285345212,2.0697570046360156,-0.585615053457395,1.2373314168551515,-0.14228652624682442,7.3289646292811375,-3.486098014335107,2
35,2024-10-02 20:40:35.322918912,TASK_BEGIN,024,0.764287682952087,-0.24424210853230607,2.0609843651410826,-0.5779208988141536,1.2265606987358968,-0.16355235803635745,7.385571977955152,-3.4337550471834213,2
36,2024-10-02 20:40:35.390549760,TASK_BEGIN,024,0.7903335960660012,-0.28020197624610316,2.0703773619333976,-0.5726841652482926,1.2005312357949645,-0.18154519918268716,7.431206912537357,-3.3821958514437487,2
37,2024-10-02 20:40:35.458300160,TASK_BEGIN,024,0.8046275921812802,-0.31029875169652693,2.0986907058837434,-0.5704220685754767,1.1608942063071797,-0.1959858868622908,7.464545897032515,-3.332999019255478,2
38,2024-10-02 20:40:35.512191232,TASK_BEGIN,024,0.8061837503271049,-0.33356016876412575,2.145512538920514,-0.5714197175214154,1.1098297269200579,-0.20685746657959322,7.485136144881665,-3.2875817598462094,2
39,2024-10-02 20:40:35.589387008,TASK_BEGIN,024,0.7945692499238238,-0.34930880255662344,2.2091518998967707,-0.5756683952900008,1.0498561327684326,-0.21437566703550204,7.4936211296203705,-3.247180401802978,2
40,2024-10-02 20:40:35.650955776,TASK_BEGIN,024,0.7700142761541844,-0.3572125807103908,2.286541794684642,-0.5828349387666321,0.9836774206168393,-0.21894451883735164,7.491909166826027,-3.2128192049723734,2
41,2024-10-02 20:40:35.728238080,TASK_BEGIN,024,0.7334963823203612,-0.35731666168993503,2.3732398943642625,-0.5922750864782756,0.9140647267261768,-0.22110299105746872,7.483172540061111,-3.1852892072271874,2
42,2024-10-02 20:40:36.685488896,TASK_BEGIN,024,0.6867587096851376,-0.35004481307673846,2.46367881336343,-0.6030993442885452,0.8437465110759444,-0.22146571980129753,7.471575978609623,-3.165167330971959,2
43,2024-10-02 20:40:36.742157056,TASK_BEGIN,024,0.6322190318082062,-0.33616376462884306,2.5516803944630144,-0.6142806226580947,0.7752896268509136,-0.2206646435547482,7.461738573716199,-3.1528734257701663,2
44,2024-10-02 20:40:36.818895104,TASK_BEGIN,024,0.5727604480666403,-0.3167154497880219,2.631066394319419,-0.6247622563603432,0.7109719039425669,-0.2193003369001113,7.4580641280911815,-3.148720604720738,2
45,2024-10-02 20:40:36.881382144,TASK_BEGIN,024,0.5114473235852607,-0.2929327681529987,2.696190564080104,-0.6335236494509485,0.6526573565132777,-0.21790502278713508,7.46417130633382,-3.1529199546767726,2
46,2024-10-02 20:40:36.943891200,TASK_BEGIN,024,0.4512407116659407,-0.26615675771601477,2.7423522372468834,-0.6396071927655103,0.6016890508610563,-0.21691304495887656,7.482615569475082,-3.165546682226575,2
47,2024-10-02 20:40:37.021576960,TASK_BEGIN,024,0.3947624406983287,-0.23776236890938596,2.766135223156681,-0.6421488515864149,0.5588204389389057,-0.21663886187571055,7.514895337723173,-3.1864856142315463,2
48,2024-10-02 20:40:37.083110144,TASK_BEGIN,024,0.3441100212185461,-0.20908711807202215,2.7656788603898117,-0.6404402742072275,0.5242038772913937,-0.21726948432997736,7.56156649579091,-3.2153527355113205,2
49,2024-10-02 20:40:38.035486720,TASK_BEGIN,024,0.3007188357188855,-0.18135731074754824,2.740853171957155,-0.6340175941700924,0.49743774375744937,-0.21887473759971462,7.62231881562281,-3.251408710570841,2
50,2024-10-02 20:40:38.101545216,TASK_BEGIN,024,0.2652952111395113,-0.15561659683602075,2.693333962435085,-0.6227575982244082,0.477657461255365,-0.22142815020594858,7.69597996822041,-3.2935073082068915,2
51,2024-10-02 20:40:38.170990848,TASK_BEGIN,024,0.23784516854592025,-0.13266742346199026,2.626552079114832,-0.6069545648406311,0.4636527852704542,-0.22482624598676051,7.780469470414415,-3.3400864381161393,2
52,2024-10-02 20:40:38.225616896,TASK_BEGIN,024,0.21778884379168312,-0.11303399237244448,2.5454216952717483,-0.5873422787952334,0.45400169328444845,-0.22889893591331303,7.872763605102684,-3.3891757387034085,2
53,2024-10-02 20:40:38.303412736,TASK_BEGIN,024,0.20412086876585298,-0.09694935252805587,2.455791243599828,-0.5650334954858384,0.4472223875731277,-0.23341428960929814,7.968935807549564,-3.4384254398102674,2
54,2024-10-02 20:40:38.374206976,TASK_BEGIN,024,0.19557545180018504,-0.08436337161431572,2.363723077031174,-0.5413915541739378,0.44193920580403867,-0.23808703247506632,8.064285205260084,-3.4851911985345483,2
55,2024-10-02 20:40:38.426993920,TASK_BEGIN,024,0.19076888454140062,-0.07496640790729389,2.274814239391225,-0.5178918832795417,0.43702999185556174,-0.24259337328567737,8.153560684367472,-3.526692118330963,2
56,2024-10-02 20:40:39.386228992,TASK_BEGIN,024,0.1883058817179014,-0.06822529960434957,2.193713130602636,-0.4960106435252364,0.43170041233123285,-0.24658378435743414,8.231291354535625,-3.5602271263756378,2
57,2024-10-02 20:40:39.454037760,TASK_BEGIN,024,0.18684424475782407,-0.06342971002089957,2.1238392153715013,-0.47711600212938854,0.4254462670921153,-0.24968634966972247,8.292143569715178,-3.5834103085551763,2
58,2024-10-02 20:40:39.511388928,TASK_BEGIN,024,0.18511882472467778,-0.05974592168388445,2.0672383640077783,-0.46233330017234747,0.41792135824570265,-0.2515047990463646,8.33120385676326,-3.5943879846321916,2
59,2024-10-02 20:40:39.589188096,TASK_BEGIN,024,0.18193929905440295,-0.05627378679570816,2.024568504809158,-0.45241726041145364,0.40878516569886447,-0.2516219204821178,8.344252581981465,-3.592033137625656,2
60,2024-10-02 20:40:39.657275904,TASK_BEGIN,024,0.17618956960698448,-0.05210318132758461,1.995259969576139,-0.4476870601737457,0.397611306207971,-0.24961658731115172,8.32813989888426,-3.5761088134221932,2
61,2024-10-02 20:40:39.725040896,TASK_BEGIN,024,0.1668509736488514,-0.04636786315062911,1.9778391495199061,-0.44803235666375085,0.3838961698721266,-0.24509833945680437,8.28117929886965,-3.5473421563409895,2
62,2024-10-02 20:40:39.789711872,TASK_BEGIN,024,0.1530469542897843,-0.03829433101977419,1.9703648634443574,-0.4529715042468446,0.3671522541171746,-0.2377574593163031,8.203419922157952,-3.5073566900085122,2
63,2024-10-02 20:40:40.710639872,TASK_BEGIN,024,0.13408595512201565,-0.0272427990771484,1.9709327141898254,-0.46176043475787004,0.3470304197661891,-0.22741885871753692,8.0968054364805,-3.4584805110013024,2
64,2024-10-02 20:40:40.774684928,TASK_BEGIN,024,0.10948390475560406,-0.012739633238383598,1.978153957077369,-0.47353692375432027,0.32341198878202115,-0.21408196478773497,7.96523248647653,-3.4034887030188323,2
65,2024-10-02 20:40:40.846181888,TASK_BEGIN,024,0.07896817417182636,0.005497333115515645,1.9914614035271814,-0.4874437518415428,0.29644747240784397,-0.19793318265446877,7.814407396463785,-3.34533118921182,2
66,2024-10-02 20:40:40.913907968,TASK_BEGIN,024,0.042471324622285166,0.027541534054467163,2.011133095853631,-0.502680202236458,0.26655506017826175,-0.17933000517700526,7.6513911086046695,-3.286879112183802,2
67,2024-10-02 20:40:40.981683200,TASK_BEGIN,024,0.00011412190654108952,0.05325390920998943,2.038025337817167,-0.5184856327769789,0.23438639575907927,-0.15876590690152662,7.483849513228328,-3.23070705215067,2
68,2024-10-02 20:40:41.049483264,TASK_BEGIN,024,-0.04782311536963686,0.08229781362709426,2.0731230378520373,-0.5341019134720595,0.20074635151344894,-0.1368261096183331,7.319200432495367,-3.178918427250658,2
69,2024-10-02 20:40:41.115666944,TASK_BEGIN,024,-0.10092979622780024,0.11417108033659765,2.1171052693093997,-0.5487702682639165,0.16648017688922276,-0.11414191360491042,7.163903559828726,-3.133026315842673,2
70,2024-10-02 20:40:42.022547200,TASK_BEGIN,024,-0.15867776106392764,0.1482479585747798,2.1701074902791664,-0.5618030347873971,0.13238384950929055,-0.09134886658261475,7.023015749899212,-3.0939180456658484,2
71,2024-10-02 20:40:42.099792896,TASK_BEGIN,024,-0.22041434565025553,0.1838242748571724,2.2317343101716287,-0.5727269919439599,0.09917119582715889,-0.06904881482828096,6.899960338464349,-3.0619118473821425,2
72,2024-10-02 20:40:42.161325056,TASK_BEGIN,024,-0.2853601201558501,0.22016285029323632,2.301253896357866,-0.5814354797562358,0.06747782173198519,-0.04777523045692527,6.796331018910569,-3.0368419816394474,2
73,2024-10-02 20:40:42.238913024,TASK_BEGIN,024,-0.35264051551877845,0.2565375094006659,2.3778391385087816,-0.5882635958944639,0.037874610595144555,-0.027968249008627398,6.711577869321127,-3.018087759039792,2
74,2024-10-02 20:40:42.306688000,TASK_BEGIN,024,-0.4213432309234311,0.29227189400971487,2.460662705966025,-0.5939333506156512,0.010881045928493711,-0.009965699256867428,6.642681452594583,-3.004553486659925,2
75,2024-10-02 20:40:42.374480896,TASK_BEGIN,024,-0.4905609804681848,0.32676772310342084,2.5486768536289497,-0.5993720051388534,-0.013034651465825288,0.005994972031696035,6.584143139690319,-2.994690319726816,2
76,2024-10-02 20:40:42.442237952,TASK_BEGIN,024,-0.5593990476903463,0.35952013566726143,2.6400977910633863,-0.6054530672655217,-0.03348762238346817,0.01977495981145585,6.5285291057176265,-2.9866225072992285,2
77,2024-10-02 20:40:43.378019072,TASK_BEGIN,024,-0.6269669079758817,0.3901226057951262,2.7318404857268765,-0.6127353248859472,-0.050240835136148916,0.031335159729282365,6.467542982710324,-2.9783628672815516,2
78,2024-10-02 20:40:43.453634048,TASK_BEGIN,024,-0.6923826417246333,0.41826510074115625,2.8192557696360065,-0.6212843500739458,-0.06327313092495755,0.04073108184840374,6.393394640162888,-2.9680611681954523,2
79,2024-10-02 20:40:43.521394944,TASK_BEGIN,024,-0.7548007574103024,0.4437269192126945,2.89640755806201,-0.630633177244062,-0.07281485221516663,0.04809355371781772,6.300140257262896,-2.9542323074989887,2
80,2024-10-02 20:40:43.578885888,TASK_BEGIN,024,-0.8134574844571064,0.4663645373115035,2.9568050741014624,-0.6398689078920268,-0.0793306429080938,0.05359821920426969,6.184706289462724,-2.9359346090481657,2
81,2024-10-02 20:40:43.656102656,TASK_BEGIN,024,-0.867728773063704,0.48609720395165334,2.994254187797161,-0.6477831197130518,-0.0834508314834483,0.05743258011957106,6.047448878283219,-2.912886979637424,2
82,2024-10-02 20:40:43.724636928,TASK_BEGIN,024,-0.9171962786367304,0.5028945735368667,3.00353188440181,-0.6530319807154759,-0.08588038380752304,0.05976709736350842,5.892271754122296,-2.885524047070502,2
83,2024-10-02 20:40:43.792382208,TASK_BEGIN,024,-0.9616894274895086,0.5167659289178093,2.980771143025104,-0.6542766013346931,-0.08733883068000681,0.060736323948137216,5.726445486166103,-2.8549991170560816,2
84,2024-10-02 20:40:44.735883008,TASK_BEGIN,024,-1.0012554405206857,0.527746048497144,2.923585277672979,-0.6502953721661761,-0.08857166327676556,0.060436214148905286,5.560215142050122,-2.823134968368433,2
85,2024-10-02 20:40:44.793026816,TASK_BEGIN,024,-1.0360568017170806,0.5358785885354139,2.8310685557358415,-0.6400841225218384,-0.09041715147110294,0.05893751058186867,5.406081856745453,-2.7922942083153233,2
86,2024-10-02 20:40:44.869478144,TASK_BEGIN,024,-1.0662579704734065,0.5412070708522411,2.703873423030935,-0.6229678669910689,-0.09386811379979124,0.05630726927612826,5.277635672057003,-2.7651605880225123,2
87,2024-10-02 20:40:44.931478016,TASK_BEGIN,024,-1.0919551363901137,0.5437804460256713,2.5444552056763543,-0.5987202568711198,-0.10007666779886998,0.05262802986212016,5.188136225144055,-2.7444902118548615,2
88,2024-10-02 20:40:44.993511936,TASK_BEGIN,024,-1.1131501770594112,0.5436671681735702,2.357327906979769,-0.5676498699815288,-0.11028146154874796,0.04800585699042242,5.1492549160714525,-2.7328950232225893,2
89,2024-10-02 20:40:45.074671104,TASK_BEGIN,024,-1.129750819041315,0.540966054322742,2.1490848689776,-0.5306224138435073,-0.12566782301058588,0.042565382423142804,5.170206720034706,-2.7326427693025312,2
90,2024-10-02 20:40:45.142478080,TASK_BEGIN,024,-1.1415879825875932,0.5358082579883656,1.9281049412571194,-0.48903148855951956,-0.14720391996755877,0.03643976893413646,5.257161546472688,-2.7454206631787548,2
91,2024-10-02 20:40:46.086542080,TASK_BEGIN,024,-1.1484422354187702,0.5283526225172985,1.7040400168572676,-0.4447313692263664,-0.17549933532786702,0.029764887306193987,5.412693658601824,-2.772060135097341,2
92,2024-10-02 20:40:46.154315008,TASK_BEGIN,024,-1.150076599287401,0.5187799331586942,1.4871998049943096,-0.3999091478692257,-0.21069851087112035,0.022679525605185956,5.635231133319702,-2.812284566803855,2
93,2024-10-02 20:40:46.220697088,TASK_BEGIN,024,-1.1462862518083596,0.5072906722647141,1.2878879092865536,-0.35687856959355235,-0.25240807582298086,0.015330782140317441,5.918742662561083,-2.8645681676433785,2
94,2024-10-02 20:40:46.283184128,TASK_BEGIN,024,-1.1369704371462444,0.49410969303158325,1.115720401877254,-0.31783721186771396,-0.2996805588293157,0.00788671527610907,6.252845099853128,-2.9261662108002344,2
95,2024-10-02 20:40:46.344728064,TASK_BEGIN,024,-1.1222095358469522,0.47949990240357415,0.9789905926164236,-0.28466916504238016,-0.35107790595876803,0.0005544579099561318,6.623247048788157,-2.993298792880348,2
96,2024-10-02 20:40:46.422132992,TASK_BEGIN,024,-1.1023219348552855,0.46378091035462493,0.8841301188606436,-0.2588413925051955,-0.40479653523537973,-0.006406796207431154,7.012422639766032,-3.0614202115817983,2
97,2024-10-02 20:40:46.493155072,TASK_BEGIN,024,-1.0778885543741583,0.44734121763329365,0.8352680058837332,-0.24138082042941314,-0.4588037866450504,-0.012690568932943163,7.400638278166704,-3.12554904709387,2
98,2024-10-02 20:40:47.428782080,TASK_BEGIN,024,-1.049746497223394,0.4306342105120772,0.8339346192629397,-0.23290168396018904,-0.5109511730454994,-0.017971584219985258,7.767516789131335,-3.1806866119036594,2
99,2024-10-02 20:40:47.489955840,TASK_BEGIN,024,-1.0189584346709364,0.4141576311237691,0.8790159836568656,-0.23366340006815048,-0.5590719772803463,-0.021951663514505546,8.094056337948096,-3.222313457826378,2
100,2024-10-02 20:40:47.566722048,TASK_BEGIN,024,-0.9867629401798665,0.3984223671437614,0.9669727293756356,-0.24363655611995735,-0.6010949643363408,-0.02440526478960367,8.364696113651096,-3.2468833085681412,2
101,2024-10-02 20:40:47.639217920,TASK_BEGIN,024,-0.9545006543940308,0.3839158118686073,1.0922034969530334,-0.2625474723367106,-0.6351957550692405,-0.02520691815971341,8.568964952959835,-3.2522292220014775,2
102,2024-10-02 20:40:47.706712832,TASK_BEGIN,024,-0.9235076595690191,0.37106256463505494,1.2474515640894066,-0.28989017389592503,-0.6599761404554203,-0.024336452798285037,8.70241761990372,-3.2378223610906525,2
103,2024-10-02 20:40:47.774722048,TASK_BEGIN,024,-0.8949880876460025,0.3601848536590418,1.4242727772983956,-0.3249332199897892,-0.6746277379753013,-0.02187340908563577,8.766683392238129,-3.2048134404351956,2
104,2024-10-02 20:40:47.831237120,TASK_BEGIN,024,-0.8698962569904682,0.3514653417745147,1.613591606547142,-0.36675420132714004,-0.6790276952910433,-0.017995141998071076,8.768594602129815,-3.1558057175234597,2
105,2024-10-02 20:40:48.786089728,TASK_BEGIN,024,-0.8488499760554672,0.34491508075523525,1.8062455981141283,-0.4142868160791719,-0.6737435518609386,-0.012982199014515956,8.71870132258966,-3.0944182043071,2
106,2024-10-02 20:40:48.843769088,TASK_BEGIN,024,-0.8320843892950464,0.3403527322533716,1.993354557776274,-0.4663316900767711,-0.6599614736726146,-0.0072210878292725345,8.629704472529388,-3.0247941085794237,2
107,2024-10-02 20:40:48.906256128,TASK_BEGIN,024,-0.8194514239947367,0.33740475762387495,2.1664800601747527,-0.521515131614496,-0.6393705291786909,-0.0011887222746547299,8.515148583503068,-2.9511846176766023,2
108,2024-10-02 20:40:48.982966016,TASK_BEGIN,024,-0.8104600691176089,0.3355325861947084,2.317759818192562,-0.5782395565889838,-0.6140336978761395,0.004590776387192772,8.38838152419558,-2.8776466681523263,2
109,2024-10-02 20:40:49.044113920,TASK_BEGIN,024,-0.8043437252719337,0.33408467006984316,2.4402437299941,-0.634686078075264,-0.5862452492777743,0.009608504512391971,8.261690039267776,-2.80783147160713,2
110,2024-10-02 20:40:49.120812032,TASK_BEGIN,024,-0.8001410187760897,0.3323657611909465,2.528422950207737,-0.6888882372223414,-0.5583396944803901,0.01342906010539348,8.145608861745055,-2.7448304017219938,2
111,2024-10-02 20:40:49.181912064,TASK_BEGIN,024,-0.7967817297200688,0.3297130161099097,2.57872100140594,-0.738842860644609,-0.5324449701842827,0.015725411261217886,8.048452907131418,-2.6910681473354847,2
112,2024-10-02 20:40:50.122238976,TASK_BEGIN,024,-0.7931759810686682,0.32556829881189764,2.5897797224378474,-0.7826117306062511,-0.5102486875391099,0.016289528133576807,7.976077139572245,-2.6482458858374165,2
113,2024-10-02 20:40:50.200373760,TASK_BEGIN,024,-0.7883043345390425,0.3195387698505489,2.5625661993021756,-0.8184021746423669,-0.49287073253450825,0.015030526194145402,7.931778699724235,-2.6173091101257495,2
114,2024-10-02 20:40:50.262695168,TASK_BEGIN,024,-0.7813015691260847,0.31144076694766415,2.500361434915906,-0.8446491416597269,-0.4808703671148621,0.011969609126806634,7.916246426582122,-2.5984033295207443,2
115,2024-10-02 20:40:50.325181952,TASK_BEGIN,024,-0.7715302755002492,0.3013231406212668,2.4085712890825848,-0.860109198663463,-0.47433627286105967,0.0072340106325888935,7.927599133583649,-2.5908396770252335,2
116,2024-10-02 20:40:50.407248128,TASK_BEGIN,024,-0.7586419982351451,0.2894674796609614,2.2942369471799884,-0.863940514443997,-0.47298760860892475,0.0010498679232995817,7.961611427329413,-2.5931370044141926,2
117,2024-10-02 20:40:50.475027968,TASK_BEGIN,024,-0.7426121531396613,0.2763661285669429,2.1652248477085125,-0.8557398154623442,-0.47624897557775575,-0.006266260156090849,8.01207197250907,-2.60314425013087,2
118,2024-10-02 20:40:50.542780928,TASK_BEGIN,024,-0.7237301470883074,0.262683294483793,2.029274352755453,-0.8355441526967469,-0.48330747279660685,-0.014317812148562693,8.071157483872678,-2.618169791178629,2
119,2024-10-02 20:40:51.458141184,TASK_BEGIN,024,-0.7025470239642082,0.24920641200475085,1.8931937691431109,-0.8038340255980132,-0.49317774041288337,-0.022640240152819492,8.129876065066412,-2.6350954379120077,2
120,2024-10-02 20:40:51.527998976,TASK_BEGIN,024,-0.679812428251635,0.23679345394321658,1.762379624771752,-0.761559272446999,-0.5047856450719074,-0.030714383733235588,8.17867276919777,-2.650553246553896,2
121,2024-10-02 20:40:51.581394944,TASK_BEGIN,024,-0.6564343539469896,0.22631959314418315,1.6406465400394132,-0.7101753454147887,-0.5170609231258182,-0.03798342952412042,8.208082324170665,-2.661220621532935,2
122,2024-10-02 20:40:51.663528704,TASK_BEGIN,024,-0.6334631954644543,0.21862504026714574,1.5303394678145144,-0.6516618668038816,-0.5290225463508125,-0.043876831781255746,8.20927851470148,-2.6641866861328323,2
123,2024-10-02 20:40:51.731239936,TASK_BEGIN,024,-0.612073754826968,0.2144643906140885,1.4327175116160271,-0.5884894645574424,-0.5398391735562464,-0.047842990005804574,8.174588980215495,-2.657299790270141,2
124,2024-10-02 20:40:51.798811904,TASK_BEGIN,024,-0.5935200413434957,0.21445657257752407,1.3484534918125928,-0.523501531440926,-0.5488460774982238,-0.04939257549467282,8.098061932919334,-2.6394134571248866,2
125,2024-10-02 20:40:51.866758144,TASK_BEGIN,024,-0.5790509248552246,0.21903596924873342,1.2780143899400394,-0.4597112252830329,-0.5555179283454501,-0.04815342057316392,7.975966036203729,-2.6104757763179127,2
126,2024-10-02 20:40:52.808218112,TASK_BEGIN,024,-0.5697891963183155,0.22841120038570334,1.2218745792700794,-0.4000699220723948,-0.5594324230983243,-0.0439279747904127,7.807128921160115,-2.5714782054924648,2
127,2024-10-02 20:40:52.873712128,TASK_BEGIN,024,-0.5665998564563115,0.24254252149823935,1.1807166261384119,-0.3472819014301654,-0.5602625360377625,-0.03673471280699082,7.593203656271802,-2.5243303162431814,2
128,2024-10-02 20:40:52.936629248,TASK_BEGIN,024,-0.5699873101385715,0.26114350568342326,1.1557172629986392,-0.30369417779478597,-0.5577949584073509,-0.026818488950328463,7.338875167234186,-2.4716902296244374,2
129,2024-10-02 20:40:52.998245120,TASK_BEGIN,024,-0.5800439996900938,0.2837028955529956,1.1487683419950303,-0.2712247416786525,-0.5519501267920454,-0.014625842634300572,7.0518050162786645,-2.4167262929479403,2
130,2024-10-02 20:40:53.075941888,TASK_BEGIN,024,-0.5964450324640616,0.3095196328786392,1.162348788058111,-0.2512724426281692,-0.5427896328649731,-0.000753112403340031,6.742174140298846,-2.3628041192594957,2
131,2024-10-02 20:40:53.149178880,TASK_BEGIN,024,-0.6184735788090052,0.33774669228290183,1.1989725852387685,-0.24459984397907092,-0.5305079276831979,0.014114968096759786,6.42197771150623,-2.313166718710784,2
132,2024-10-02 20:40:53.215174912,TASK_BEGIN,024,-0.6450706777958131,0.3674410805732297,1.2604761063147036,-0.25124429214379734,-0.5154190921734185,0.029260892060236608,6.104352249298946,-2.270704570372797,2
133,2024-10-02 20:40:54.155293952,TASK_BEGIN,024,-0.6749136833648998,0.39761776821072325,1.347465193108141,-0.2705164760061691,-0.49795859260256303,0.04398189471560061,5.803029556785348,-2.237844321088068,2
134,2024-10-02 20:40:54.217385984,TASK_BEGIN,024,-0.706525436565722,0.42730475988037414,1.4590604691232096,-0.30109660692894463,-0.47870144012986265,0.05763412462038982,5.53179014244537,-2.2164975141680854,2
135,2024-10-02 20:40:54.294657024,TASK_BEGIN,024,-0.7384016618317054,0.45559543700546973,1.5929645239965908,-0.3412024077392272,-0.45837372862062264,0.06967410671899558,5.303758613268474,-2.207996252201621,2
136,2024-10-02 20:40:54.356740864,TASK_BEGIN,024,-0.7691314293738374,0.4816938896928935,1.745837696525844,-0.388792328636317,-0.4378348953924962,0.0796913223820333,5.130518411873004,-2.212995599929569,2
137,2024-10-02 20:40:54.418597888,TASK_BEGIN,024,-0.7974847243954439,0.5049477075014188,1.9138659639922069,-0.4417559871392944,-0.41802455610015204,0.08742341123346925,5.021200594269915,-2.231384460033356,2
138,2024-10-02 20:40:54.495357952,TASK_BEGIN,024,-0.8224540264460022,0.5248621826433563,2.093282655074349,-0.4980510920429005,-0.3998785991214445,0.09274886545785918,4.981771742694706,-2.2622632937382616,2
139,2024-10-02 20:40:54.556888064,TASK_BEGIN,024,-0.8432623532277552,0.5410961462671202,2.280638461192207,-0.5557931487362755,-0.38422287086384205,0.09565895310894319,5.01467960169215,-2.30401955691688,2
140,2024-10-02 20:40:55.507444992,TASK_BEGIN,024,-0.859365836806264,0.5534485944797909,2.4728147215526293,-0.6133383015526725,-0.3716603628349752,0.09621723831357275,5.118888398914019,-2.3545021844259955,2
141,2024-10-02 20:40:55.569475840,TASK_BEGIN,024,-0.8704612598491952,0.5618447723446612,2.6669137962181138,-0.6693653098535831,-0.36247804126448613,0.09451755849255074,5.2901703811851375,-2.411261862608848,2
142,2024-10-02 20:40:55.645993984,TASK_BEGIN,024,-0.8764822745767701,0.5663213493337966,2.8600950898255317,-0.7229073421384964,-0.3566023204392662,0.09064938930698181,5.521435845806816,-2.4717791949952583,2
143,2024-10-02 20:40:55.709093888,TASK_BEGIN,024,-0.8775662554156018,0.5670044837494101,3.049342275128928,-0.7732918634661876,-0.3536192272642384,0.08467563576694653,5.803029003702983,-2.5336083100459947,2
144,2024-10-02 20:40:55.781523968,TASK_BEGIN,024,-0.8739904700418377,0.5640773981613278,3.2312170996954546,-0.8200093265599137,-0.35284464159887247,0.07662346972527118,6.123113426071427,-2.5944347618278973,2
145,2024-10-02 20:40:55.849242880,TASK_BEGIN,024,-0.8660923513664984,0.5577425550355274,3.4017442870287815,-0.8625793889009923,-0.35340425603973213,0.06648646894035075,6.468250310238504,-2.6521061008559204,2
146,2024-10-02 20:40:55.909464064,TASK_BEGIN,024,-0.8541934968327107,0.5481900520262216,3.5565358155210465,-0.9004855215198861,-0.3542942454244739,0.054237125218382844,6.8241313982821925,-2.704698995652393,2
147,2024-10-02 20:40:56.828152832,TASK_BEGIN,024,-0.8385352018104884,0.5355808978329206,3.6911596458403246,-0.933213141472167,-0.3544361936418064,0.0398486734241949,7.176396855639757,-2.7506499778736666,2
148,2024-10-02 20:40:56.900266240,TASK_BEGIN,024,-0.819217845581857,0.5200435426689395,3.8016670835910427,-0.9603709029374928,-0.3527609238343297,0.023321443008126424,7.511511863799777,-2.788911550045915,2
149,2024-10-02 20:40:56.971113984,TASK_BEGIN,024,-0.7961409720617023,0.5016761675395508,3.885144437598766,-0.9818360524312074,-0.3483235734722313,0.004706010657322883,7.817667762366586,-2.8190592096140827,2
150,2024-10-02 20:40:57.023550976,TASK_BEGIN,024,-0.7689653904641222,0.48055190098902606,3.9401871326828557,-0.9978729694820099,-0.34040762169021493,-0.015881370084897543,8.085610728249709,-2.8413068900602547,2
151,2024-10-02 20:40:57.101180160,TASK_BEGIN,024,-0.7371315488107204,0.456730948763391,3.967230504549129,-1.0091980446242035,-0.3285711582257523,-0.0382506537440704,8.309219084582404,-2.8564336482242556,2
152,2024-10-02 20:40:57.174462208,TASK_BEGIN,024,-0.6999522663751259,0.4302820481897142,3.9685812914747265,-1.0169573090852724,-0.31262715264782676,-0.062136305026732015,8.485638380542502,-2.8656379807041614,2
153,2024-10-02 20:40:57.240387072,TASK_BEGIN,024,-0.6567733261649216,0.4013089035952117,3.9479618180465335,-1.0225829971055793,-0.2925928992589099,-0.08720248465928929,8.614934189311178,-2.8703408794775234,2
154,2024-10-02 20:40:58.185597952,TASK_BEGIN,024,-0.6071702291978437,0.3699745077583121,3.909661645068515,-1.0275563347761845,-0.2686521181843324,-0.11305640377209261,8.699475964367481,-2.871987611808162,2
155,2024-10-02 20:40:58.251865088,TASK_BEGIN,024,-0.5511222346494439,0.3365174137961106,3.8577122593172426,-1.033171062303062,-0.24115263120976996,-0.13926983927182152,8.743407444143807,-2.8719200060258916,2
156,2024-10-02 20:40:58.314492928,TASK_BEGIN,024,-0.489113033572422,0.3012568235161819,3.7954369047404453,-1.040378872213763,-0.2106340607426227,-0.1654043750124429,8.75238913881671,-2.8713365309700696,2
157,2024-10-02 20:40:58.376025856,TASK_BEGIN,024,-0.42215588602532655,0.26458902414821983,3.7254100797139627,-1.0497249706737357,-0.17784778322917577,-0.19103473686124264,8.733489265076006,-2.871280044145375,2
158,2024-10-02 20:40:58.456653056,TASK_BEGIN,024,-0.35176693441812285,0.2269815199307932,3.6496602269244263,-1.0613317187097135,-0.14372887226464467,-0.2157669017536482,8.695010605689307,-2.872601959780706,2
159,2024-10-02 20:40:58.515367936,TASK_BEGIN,024,-0.2798958509176238,0.18896800693853652,3.5699212852300892,-1.074889098947769,-0.10932325870478493,-0.23924687507344153,8.64610162488276,-2.8759011910156254,2
160,2024-10-02 20:40:58.579365888,TASK_BEGIN,024,-0.20881300361367677,0.15114175837887533,3.4877639514826537,-1.089637006593122,-0.07571278527309425,-0.261155773813306,8.59607558310909,-2.881454638685866,2
161,2024-10-02 20:40:59.531241984,TASK_BEGIN,024,-0.14095787333695542,0.11414260388946726,3.404533523349957,-1.104359031409894,-0.04397960672057072,-0.28119176407782165,8.553569466411645,-2.889174926235109,2
162,2024-10-02 20:40:59.603475968,TASK_BEGIN,024,-0.07875514699009264,0.0786339094905015,3.321189077755259,-1.1174353327047704,-0.015214116669334067,-0.29904685095073064,8.52583360797694,-2.8986398679436,2
163,2024-10-02 20:40:59.670443008,TASK_BEGIN,024,-0.024415497679073198,0.04527185248196205,3.2382118253033534,-1.1269932681404202,0.009478689893704841,-0.31439332794701286,8.518296265802523,-2.9091894395591718,2
164,2024-10-02 20:40:59.738992896,TASK_BEGIN,024,0.020235464488065166,0.014676886054302056,3.1556943344010357,-1.1311512376076045,0.0290337517822806,-0.3268938651182879,8.534286137726733,-2.9200236320390442,2
165,2024-10-02 20:40:59.796648960,TASK_BEGIN,024,0.0538570193206933,-0.01258476802370675,3.0736540049909804,-1.1283080488511221,0.042564197972494576,-0.3362381112047774,8.574717585249363,-2.930238105965283,2
166,2024-10-02 20:40:59.871750912,TASK_BEGIN,024,0.07561943819865315,-0.03601341168671785,2.9925062146370163,-1.1174077661019217,0.049560036485003955,-0.3421989151090608,8.63771984984757,-2.938806968895486,2
167,2024-10-02 20:40:59.933769984,TASK_BEGIN,024,0.08518323184355081,-0.05519033371458085,2.9134833832648637,-1.0981190387293844,0.050092273531586934,-0.34469672607596236,8.71844323625351,-2.9445854361649877,2
168,2024-10-02 20:41:00.873142016,TASK_BEGIN,024,0.08265923754900009,-0.06979692861178878,2.8387766704963457,-1.070899820954026,0.04494404895358707,-0.34385167508915426,8.809324413216416,-2.946393736021952,2
169,2024-10-02 20:41:00.952706048,TASK_BEGIN,024,0.06857543692525533,-0.07963627835535027,2.771354773940963,-1.0369473641634754,0.03560269678482035,-0.33999790979681416,8.900890207485261,-2.943180244845616,2
170,2024-10-02 20:41:01.011153152,TASK_BEGIN,024,0.043862680786905854,-0.0846525716701783,2.714601068640373,-0.9980572650715187,0.024114835414069793,-0.3336525651963683,8.982899238893259,-2.934203527557699,2
171,2024-10-02 20:41:01.087949824,TASK_BEGIN,024,0.009840846590393923,-0.08494101752610317,2.6719637359639568,-0.9564354481865311,0.012866246313074483,-0.32545778603875847,9.0454622757086,-2.919146039285298,2
172,2024-10-02 20:41:01.149108992,TASK_BEGIN,024,-0.031820977363521866,-0.08074338382715433,2.646714952917609,-0.9145007974461834,0.004335560007404788,-0.31611943517022556,9.079900758218239,-2.8981051320625673,2
173,2024-10-02 20:41:01.211596032,TASK_BEGIN,024,-0.07917473107188262,-0.0724308343571319,2.6417445861332096,-0.8746858344746137,0.0008245345700401194,-0.3063523343287489,9.079413294722734,-2.8714919871995233,2
174,2024-10-02 20:41:01.289701888,TASK_BEGIN,024,-0.1300840694391394,-0.06047814243036858,2.659265129883551,-0.8392322048441578,0.004164568858074844,-0.29683023923914126,9.039742843450878,-2.8399160803356414,2
175,2024-10-02 20:41:02.211107840,TASK_BEGIN,024,-0.18232966354393698,-0.04543142984239906,2.7004593000437263,-0.8100039774817229,0.015442719697573193,-0.2881391926973562,8.959821095735702,-2.8041083702510705,2
176,2024-10-02 20:41:02.267345920,TASK_BEGIN,024,-0.23372815003196434,-0.027871568969317678,2.7652488363061978,-0.7883640597756629,0.034816618042428554,-0.2807388576779149,8.842151385261364,-2.7649033770516116,2
177,2024-10-02 20:41:02.346688000,TASK_BEGIN,024,-0.2822604236620801,-0.008378399677799693,2.8523082859731694,-0.7751421318959424,0.061469419418088145,-0.2749384915591071,8.692750573961561,-2.72327373372965,2
178,2024-10-02 20:41:02.408207104,TASK_BEGIN,024,-0.3261971467720016,0.012498269770182403,2.959270093116243,-0.7706768824272278,0.09372468488642419,-0.27089222404811414,8.520666606889689,-2.68037999873784,2
179,2024-10-02 20:41:02.470138880,TASK_BEGIN,024,-0.3642037064445155,0.03425858389786079,3.082962984128386,-0.7748797297851812,0.1293000791164762,-0.26861237744487576,8.337185757600386,-2.637594684775982,2
180,2024-10-02 20:41:02.547798016,TASK_BEGIN,024,-0.39540637151596275,0.05646427348484198,3.2196003091600054,-0.787285339385849,0.16562525079785437,-0.2679898743275024,8.154788208104357,-2.5964789200042766,2
181,2024-10-02 20:41:02.617626880,TASK_BEGIN,024,-0.41940492650994715,0.07874205217462973,3.364987415703398,-0.8071082301410406,0.20014032240131593,-0.26880950224546357,7.985857068899902,-2.558703835186552,2
182,2024-10-02 20:41:03.556308224,TASK_BEGIN,024,-0.43623062857840605,0.10077971181164846,3.5148211926890034,-0.8333314567338491,0.2305496936237684,-0.2707610388852204,7.841256715578298,-2.525921585455176,2
183,2024-10-02 20:41:03.628658944,TASK_BEGIN,024,-0.4462716043017791,0.12232013428965241,3.664998401122653,-0.8648027953230096,0.25504945674824375,-0.2734580875275778,7.7290747793129055,-2.499603760037751,2
184,2024-10-02 20:41:03.696444160,TASK_BEGIN,024,-0.4501951865589907,0.14315760220532514,3.811775849735368,-0.9002884423281288,0.27252009172971503,-0.2764701090119223,7.6538232233597,-2.4808706473835596,2
185,2024-10-02 20:41:03.757595904,TASK_BEGIN,024,-0.44887441272838124,0.1631339532940022,3.9517290795643585,-0.93846818215959,0.2826369009037415,-0.27935879766774274,7.616188621101384,-2.470335748073815,2
186,2024-10-02 20:41:03.819587840,TASK_BEGIN,024,-0.44329940080333774,0.1821298112184098,4.081589073867282,-0.9779082147284527,0.28586344629327376,-0.28170522792108305,7.613263454602758,-2.4679935323259783,2
187,2024-10-02 20:41:03.898102016,TASK_BEGIN,024,-0.43445596408424275,0.20005039292683233,4.198111358282746,-1.0170742185769612,0.2833420568108314,-0.2831232813380199,7.639226620637089,-2.4731964233195263,2
188,2024-10-02 20:41:03.967361792,TASK_BEGIN,024,-0.42318604422834893,0.21680924522285197,4.298117098946962,-1.0544219538660415,0.2767238405650337,-0.28326671887794985,7.686434878797935,-2.4847604319122225,2
189,2024-10-02 20:41:04.910525184,TASK_BEGIN,024,-0.4100737434008593,0.2323148534812314,4.378695001770146,-1.0885338265191409,0.2679703598188257,-0.281838779259922,7.746686755416906,-2.5011683787960526,2
190,2024-10-02 20:41:04.978292992,TASK_BEGIN,024,-0.3953944408735709,0.24646497284384447,4.4374255204566575,-1.1182242062877688,0.25914422804059406,-0.2786051700721069,7.812338847129417,-2.520783225283159,2
191,2024-10-02 20:41:05.032750080,TASK_BEGIN,024,-0.379131813956978,0.2591497742675615,4.472557719397326,-1.1425675786125196,0.2522027864976819,-0.27340565480905604,7.877138745078026,-2.542009157441559,2
192,2024-10-02 20:41:05.110280960,TASK_BEGIN,024,-0.36104327268324504,0.2702600147630569,4.483170908539007,-1.1608693451195289,0.24880443770700045,-0.2661602590233892,7.936756302938852,-2.5633839207015394,2
193,2024-10-02 20:41:05.181523200,TASK_BEGIN,024,-0.34075420482185154,0.27969625368165263,4.469331080059338,-1.1726307479342755,0.25013934011484157,-0.25686894327796084,7.988945398087383,-2.5836086847549296,2
194,2024-10-02 20:41:05.233942016,TASK_BEGIN,024,-0.3178714945534185,0.287378871409257,4.432211991429184,-1.1775437533096829,0.2568115493834258,-0.2456067273511924,8.033344104749581,-2.6015448385374285,2
195,2024-10-02 20:41:05.312048128,TASK_BEGIN,024,-0.2921103608205398,0.2932607642753949,4.374158112847595,-1.1755140247470963,0.2688051562312305,-0.23251918780468647,8.071120334066,-2.616219921623456,2
196,2024-10-02 20:41:06.247344896,TASK_BEGIN,024,-0.2634219040493554,0.29734234647291496,4.298686392442459,-1.166692716704617,0.2855457049564728,-0.2178242988088717,8.104667955742968,-2.6268690509532364,2
197,2024-10-02 20:41:06.324967936,TASK_BEGIN,024,-0.23209309272996242,0.299683008286004,4.210461048570449,-1.1515152119974645,0.30604019185725595,-0.20182644182652779,8.137351148040512,-2.6330160828554314,2
198,2024-10-02 20:41:06.393970944,TASK_BEGIN,024,-0.19878094767972468,0.30039977113420774,4.115278991672606,-1.1307534123983478,0.32907598842586544,-0.18494522318210474,8.173152076207034,-2.6345694454235735,2
199,2024-10-02 20:41:06.449815808,TASK_BEGIN,024,-0.16446160841631688,0.2996492043346603,4.019986345605824,-1.1055581511890624,0.353462511582492,-0.16774983603728205,8.216050382148241,-2.6318626837382713,2
200,2024-10-02 20:41:06.527012096,TASK_BEGIN,024,-0.13031548938630497,0.2976000441574354,3.9321059310897373,-1.077434900559765,0.37827308795088804,-0.1509756263088701,8.26907885919472,-2.6255755860251844,2
201,2024-10-02 20:41:06.589060096,TASK_BEGIN,024,-0.0975969884881088,0.2944097614522628,3.859010881691884,-1.0481126670455014,0.403017648650528,-0.13550109010304093,8.333285457297428,-2.6165525285154456,2
202,2024-10-02 20:41:06.666269952,TASK_BEGIN,024,-0.06752912369960014,0.2902131142273124,3.8067740155588865,-1.0193383010897725,0.42769338640411075,-0.12228276418720406,8.406939684708084,-2.6055824288042975,2
203,2024-10-02 20:41:07.585679872,TASK_BEGIN,024,-0.04122592024531028,0.2851201823772853,3.7791032226160786,-0.9926872879460098,0.4527075732748049,-0.11226464527696134,8.485133325211569,-2.5931853203202366,2
204,2024-10-02 20:41:07.653956864,TASK_BEGIN,024,-0.019612549316016935,0.2792155781692238,3.776753427727716,-0.9694595431347589,0.47870454880443014,-0.1062826650383591,8.559839389769962,-2.5794457151939607,2
205,2024-10-02 20:41:07.721316096,TASK_BEGIN,024,-0.0033252254260403968,0.27255566572875173,3.7975604679921933,-0.9506603677535566,0.5063361063744538,-0.10497567919659385,8.62054431495824,-2.563942606419284,2
206,2024-10-02 20:41:07.787781120,TASK_BEGIN,024,0.0073776673395990295,0.2651704269316541,3.8370421337545464,-0.9370306298029925,0.5360119368271479,-0.10870903233905399,8.6554639107841,-2.5458126093575646,2
207,2024-10-02 20:41:07.845155072,TASK_BEGIN,024,0.012635889788510105,0.25707814629026815,3.8893804791255824,-0.9290878845733466,0.5676808221029288,-0.1175215377469879,8.653119670865658,-2.52395768894701,2
208,2024-10-02 20:41:07.922362112,TASK_BEGIN,024,0.012915902396600433,0.24831269799344358,3.948483213250431,-0.9271362501031077,0.6007045971557166,-0.1311095044274331,8.60391826851688,-2.497358774803217,2
209,2024-10-02 20:41:07.984396032,TASK_BEGIN,024,0.008878519085713622,0.23895465355741782,4.008821331573921,-0.9312126355029953,0.6338690849804376,-0.14885582133315345,8.501457760739429,-2.465391492801698,2
210,2024-10-02 20:41:08.929735936,TASK_BEGIN,024,0.0012375983277749295,0.22915446395657177,4.065887981979826,-0.9409868958635297,0.665537010489887,-0.169901809462165,8.343439180413338,-2.4280364275662096,2
211,2024-10-02 20:41:08.991262976,TASK_BEGIN,024,-0.009345946421264571,0.21913747328299427,4.116306186186378,-0.9556839045123734,0.693909640147834,-0.19324814732246015,8.132113241754878,-2.3859475445168394,2
212,2024-10-02 20:41:09.070231040,TASK_BEGIN,024,-0.022305450454267097,0.20918632281912528,4.1577294244777026,-0.9740901896540008,0.7173436154849846,-0.21786643198795172,7.874214582186776,-2.3404063106971784,2
213,2024-10-02 20:41:09.137979904,TASK_BEGIN,024,-0.037144403235820925,0.19960595717730373,4.188713168370946,-0.9946648527932036,0.7346634209628505,-0.24280623201096102,7.5803976487938085,-2.2931953899537185,2
214,2024-10-02 20:41:09.191437056,TASK_BEGIN,024,-0.0533827740219638,0.19068374702160937,4.2086734228594915,-1.0157317269777808,0.7454063779484096,-0.267283523978807,7.264233165719096,-2.246412793881359,2
215,2024-10-02 20:41:09.269100032,TASK_BEGIN,024,-0.07052202102434578,0.18265645229877547,4.21788586873535,-1.0356911532253321,0.7499402561488727,-0.2907342145577344,6.940899023164631,-2.202254266309207,2
216,2024-10-02 20:41:09.331137024,TASK_BEGIN,024,-0.08805179481783718,0.17568925755782724,4.217375332031859,-1.0531839666059992,0.7494108712121293,-0.31281988610071104,6.625762537834769,-2.1627973461147203,2
217,2024-10-02 20:41:10.269864960,TASK_BEGIN,024,-0.10548128557988089,0.16986577563908647,4.208633971562698,-1.0671840185538028,0.7455201836079861,-0.3333863728197526,6.332999862415555,-2.1298071960375315,2
218,2024-10-02 20:41:10.347068160,TASK_BEGIN,024,-0.1223628986899743,0.16518517387853224,4.193254895564107,-1.0770318504527447,0.7401975140153713,-0.352393342134798,6.074372538901106,-2.10457510166303,2
219,2024-10-02 20:41:10.420331008,TASK_BEGIN,024,-0.1382964108764359,0.16156461289049687,4.172623915081617,-1.0824198665918945,0.735251419874916,-0.36983863716640153,5.858318039787701,-2.087801894731512,2
220,2024-10-02 20:41:10.485316864,TASK_BEGIN,024,-0.15292454901312338,0.15884857734184074,4.14777712751656,-1.0833389064078487,0.7320654250712498,-0.38569220620669226,5.6894657633833186,-2.079541916173703,2
221,2024-10-02 20:41:10.555870208,TASK_BEGIN,024,-0.16592809095812713,0.15682465903666287,4.119429155354011,-1.08000678024756,0.7313925584843103,-0.3998501647385352,5.5686224659083425,-2.0792302165127294,2
222,2024-10-02 20:41:10.609112064,TASK_BEGIN,024,-0.17701138840165384,0.15523925636391822,4.088077683910555,-1.0727978356802295,0.733310931655586,-0.41212306310010954,5.493216444161894,-2.085798268452383,2
223,2024-10-02 20:41:10.691444992,TASK_BEGIN,024,-0.18586714355310846,0.15380618154075898,4.054100012049183,-1.0621912811695575,0.7373540706744893,-0.42226506889734833,5.4580607852720515,-2.097830217323734,2
224,2024-10-02 20:41:11.635433728,TASK_BEGIN,024,-0.19213004380902238,0.15220834834025293,4.017798413538377,-1.0487523457743237,0.7427455153765548,-0.4300323660737946,5.456196821944219,-2.113688967712261,2
225,2024-10-02 20:41:11.695065856,TASK_BEGIN,024,-0.1953459183140132,0.15009868087188652,3.979310701381687,-1.033126398879708,0.7486378579306119,-0.43524848605900834,5.479627837952035,-2.1315856998038187,2
226,2024-10-02 20:41:11.757065984,TASK_BEGIN,024,-0.1949770186710961,0.14710572236573202,3.9383271154655652,-1.01600138369059,0.7542869664368148,-0.4378570054884493,5.519877736080729,-2.1496169512874466,2
227,2024-10-02 20:41:11.835172864,TASK_BEGIN,024,-0.19044777430543375,0.14284528461104964,3.8937548674213796,-0.9980333296267401,0.7591255732559867,-0.4379509047688773,5.568428405170193,-2.1658054385113483,2
228,2024-10-02 20:41:11.896734976,TASK_BEGIN,024,-0.18122319697173836,0.13693652732119949,3.843622429061904,-0.9797839047985224,0.7627375235326104,-0.43577716518985987,5.617147221813419,-2.178176194981383,2
229,2024-10-02 20:41:11.974299904,TASK_BEGIN,024,-0.1669063124375207,0.1290217373515463,3.7853981824904412,-0.9617172474919363,0.7647888628413695,-0.43172005654039,5.658732382700892,-2.184881220998643,2
230,2024-10-02 20:41:12.042105088,TASK_BEGIN,024,-0.147341744029827,0.11879201246013911,3.716633476068368,-0.9442648040910837,0.7649866320414015,-0.4262660803018424,5.687063564211766,-2.1843459263011504,2
231,2024-10-02 20:41:12.973969920,TASK_BEGIN,024,-0.12271061541470825,0.10602043506056721,3.635680408267832,-0.9279312187473221,0.7630809889238842,-0.4199531437154313,5.697366563917826,-2.1753904249544425,2
232,2024-10-02 20:41:13.051593984,TASK_BEGIN,024,-0.09359266972664901,0.09059966090978218,3.542236985043031,-0.9133863270053717,0.7588749549409377,-0.41331040918254747,5.68624456937036,-2.157295593392591,2
233,2024-10-02 20:41:13.113131008,TASK_BEGIN,024,-0.060970045231650255,0.07257681791386922,3.4375563193366903,-0.9014831192093078,0.7522162857707083,-0.4068006368450201,5.651673938595545,-2.1298091412156572,2
234,2024-10-02 20:41:13.188733952,TASK_BEGIN,024,-0.02615983738678686,0.05217638598140804,3.3242854408505336,-0.8931763950952948,0.7429897224071077,-0.4007776730593697,5.59301534956998,-2.093120312916984,2
235,2024-10-02 20:41:13.252283904,TASK_BEGIN,024,0.009316688259317687,0.029802154581200342,3.2060287690536917,-0.8893680214616456,0.7311414532525539,-0.3954642640286931,5.511065147174851,-2.0478583525675473,2
236,2024-10-02 20:41:13.324228096,TASK_BEGIN,024,0.043895742126046126,0.006015721300184726,3.086816061804981,-0.8907342335060136,0.7167215952121936,-0.3909430356264237,5.408144410141426,-1.9951450205355736,2
237,2024-10-02 20:41:13.376966144,TASK_BEGIN,024,0.07611979500054344,-0.01850189471240833,2.970700615386307,-0.8975881318387536,0.6998890268347145,-0.3871497314525553,5.288154005920627,-1.9366643946445847,2
238,2024-10-02 20:41:14.310656000,TASK_BEGIN,024,0.10474074285818627,-0.04299442389195733,2.8616236033616733,-0.9098042974256887,0.6808534039892451,-0.38386890417640335,5.156449231955441,-1.8746553349545219,2
239,2024-10-02 20:41:14.372814848,TASK_BEGIN,024,0.12876017622058103,-0.06667012649013215,2.7634099874516838,-0.9268013500607138,0.6597848107934953,-0.38074176930791875,5.0194378629497844,-1.811747972910588,2
240,2024-10-02 20:41:14.434342912,TASK_BEGIN,024,0.1474083209418222,-0.08873209820543108,2.679628436906605,-0.9475717125390158,0.6367366314015257,-0.3772905901401345,4.884022895606909,-1.7506775671684323,2
241,2024-10-02 20:41:14.511506176,TASK_BEGIN,024,0.16009183454975026,-0.10840194513031208,2.6132713513958374,-0.9707613586158079,0.6116154226818954,-0.3729560158650942,4.757133037616354,-1.6939993470649597,2
242,2024-10-02 20:41:14.574347008,TASK_BEGIN,024,0.166351801758741,-0.12494241455161662,2.5664650982270714,-0.9948015735214633,0.5842200329256616,-0.36714611640948136,4.645407346141618,-1.6438815449673092,2
243,2024-10-02 20:41:14.649480192,TASK_BEGIN,024,0.16584963214556936,-0.1376789857593549,2.5403951355742156,-1.0180792965029168,0.5543526783690624,-0.35929928156870133,4.554859757418669,-1.6019546532338234,2
244,2024-10-02 20:41:14.712009984,TASK_BEGIN,024,0.15837052055869277,-0.14601751399539545,2.535450061637781,-1.0391182739334406,0.5219634051075178,-0.348954012684702,4.490402326370593,-1.569189102567844,2
245,2024-10-02 20:41:15.660600064,TASK_BEGIN,024,0.14382869850331775,-0.14945943990732263,2.551443898638579,-1.056727672570625,0.48725275993495093,-0.33580474763388235,4.455419668687557,-1.5458486702940077,2
246,2024-10-02 20:41:15.718490880,TASK_BEGIN,024,0.12226475964696702,-0.1476174855213525,2.587743597376812,-1.070077414474364,0.4506880651303365,-0.31972620221112047,4.451707648493527,-1.5315905051927499,2
247,2024-10-02 20:41:15.796160000,TASK_BEGIN,024,0.09383146943152351,-0.1402301647312825,2.6432307257245644,-1.078697071316508,0.4129725932361849,-0.3007699709578085,4.479775487202949,-1.5256973303526842,2
248,2024-10-02 20:41:15.856434176,TASK_BEGIN,024,0.05877762274992823,-0.1271727517716327,2.7161494389025114,-1.0824249028343587,0.3750306311634499,-0.27915035090792195,4.539155216699696,-1.527326637231884,2
249,2024-10-02 20:41:15.918096896,TASK_BEGIN,024,0.017451310148271976,-0.10846730236067374,2.8039343104911385,-1.0813292866507622,0.3380034897254254,-0.2552286069500062,4.628422584609688,-1.5356567815443816,2
250,2024-10-02 20:41:15.995282944,TASK_BEGIN,024,-0.02966553910505265,-0.08429519494195653,2.9031023128783557,-1.0756231245732661,0.30319726126735785,-0.22949305709506862,4.744982083928553,-1.549890702438249,2
251,2024-10-02 20:41:16.057660160,TASK_BEGIN,024,-0.0819036007737431,-0.05500989534089894,3.009234647024869,-1.0655963020168662,0.2719523689108669,-0.202533122271797,4.884878452989973,-1.5691633005232286,2
252,2024-10-02 20:41:17.004496128,TASK_BEGIN,024,-0.1383616176595274,-0.021143019564314282,3.117014115084684,-1.0515714649947772,0.24546350828377378,-0.17501117240836317,5.042851655642042,-1.5924417624786515,2
253,2024-10-02 20:41:17.078435840,TASK_BEGIN,024,-0.19789780321973816,0.016602871746671365,3.2203430082625624,-1.033872090835369,0.22459059364528133,-0.14763074074634783,5.212710761419038,-1.6184958786853003,2
254,2024-10-02 20:41:17.146223104,TASK_BEGIN,024,-0.2591737253076666,0.05737860618435869,3.312654895779071,-1.0128147742513274,0.20968386299820807,-0.12109074790300606,5.387970531228133,-1.6459674043512984,2
255,2024-10-02 20:41:17.204778752,TASK_BEGIN,024,-0.32075412269912845,0.10022954932834387,3.387469792456127,-0.9887523915982142,0.20045336200914735,-0.09602298320204525,5.562619106672987,-1.6735280682695681,2
256,2024-10-02 20:41:17.281721088,TASK_BEGIN,024,-0.381245782233427,0.1441483563132628,3.439071258190375,-0.9621506212161134,0.19592718138011986,-0.0729292325640174,5.731840683733394,-1.7000765977385528,2
257,2024-10-02 20:41:17.343249920,TASK_BEGIN,024,-0.43943470098761395,0.18813124564195643,3.463098086253161,-0.9336351853957755,0.19452670124526394,-0.05214169529801739,5.892455014327801,-1.7248748642036094,2
258,2024-10-02 20:41:17.405339904,TASK_BEGIN,024,-0.4943762911372074,0.23122906429953113,3.4569447818876107,-0.9039772300964892,0.1942507043848771,-0.033817812335455666,6.042886043151191,-1.7475405447277936,2
259,2024-10-02 20:41:18.335851776,TASK_BEGIN,024,-0.5454190152514197,0.27258653788986303,3.420025404659472,-0.874044740643034,0.1929229065717552,-0.01795955660856768,6.182715446535318,-1.7679271592534014,2
260,2024-10-02 20:41:18.400850176,TASK_BEGIN,024,-0.5921753647305887,0.3114696651575312,3.353962993271769,-0.8447568374585839,0.18843621372652836,-0.004436737597061686,6.312092630025191,-1.7859993347362493,2
261,2024-10-02 20:41:18.463334912,TASK_BEGIN,024,-0.6344682015917831,0.34728730324935714,3.262630285239085,-0.8170476220478183,0.1789466985557092,0.0069945053282193395,6.431260496821086,-1.8017604719676803,2
262,2024-10-02 20:41:18.525766144,TASK_BEGIN,024,-0.6722717846825752,0.37961096386503085,3.1518835480584024,-0.7918279314659971,0.16302204913898344,0.01666786644564227,6.540263793162692,-1.8152091820120086,2
263,2024-10-02 20:41:18.606915072,TASK_BEGIN,024,-0.7056487290385144,0.4081877798122024,3.0289504894529538,-0.7699374073598139,0.13977482146528017,0.024966567789877374,6.63873698122221,-1.8263021428376531,2
264,2024-10-02 20:41:18.664532992,TASK_BEGIN,024,-0.734675892385685,0.43293647981375183,2.9016794751813944,-0.7520956476032242,0.10897611843465689,0.03227269372336901,6.725740950948755,-1.834955972556845,2
265,2024-10-02 20:41:18.742434048,TASK_BEGIN,024,-0.759368792076122,0.45392355082927455,2.777927471759557,-0.7388759980605983,0.07110272748131896,0.038924013448062275,6.799806102771335,-1.8411273706927733,2
266,2024-10-02 20:41:19.686505216,TASK_BEGIN,024,-0.7796388772060907,0.4713294785031658,2.665155532379951,-0.730722245305167,0.02729080803363,0.04518775714745927,6.859254641965028,-1.8449367756312114,2
267,2024-10-02 20:41:19.754311936,TASK_BEGIN,024,-0.795312663366897,0.48541785537796944,2.570115560487121,-0.7280037702130148,-0.020771733330010863,0.05124516924934588,6.902619562118015,-1.8467427299408428,2
268,2024-10-02 20:41:19.822068224,TASK_BEGIN,024,-0.8062012697574592,0.4965106452806813,2.4985215175218474,-0.7310713761940212,-0.07097100845803135,0.05717890021633257,6.9289983365537395,-1.8471230982052749,2
269,2024-10-02 20:41:19.889816064,TASK_BEGIN,024,-0.8121729029588695,0.5049636239206932,2.454653527524743,-0.740260015435287,-0.12091047744466435,0.06296493182724146,6.938390162704022,-1.8468087905232682,2
270,2024-10-02 20:41:19.957562112,TASK_BEGIN,024,-0.8131871190813131,0.5111369396322085,2.4409191063352425,-0.7558151055421252,-0.16808252479634084,0.06847318372207835,6.932073665954219,-1.8466277688544,2
271,2024-10-02 20:41:20.011235072,TASK_BEGIN,024,-0.8092876231203892,0.5153620622804808,2.4575311129126165,-0.7777771966598646,-0.21004473325077197,0.07347564306019648,6.912943602411109,-1.8474685190485216,2
272,2024-10-02 20:41:20.093099008,TASK_BEGIN,024,-0.8005729431693148,0.5179075406228348,2.502489481158392,-0.8058797152992826,-0.24456959915591775,0.07766009611511189,6.8857030959428975,-1.8502542560566881,2
273,2024-10-02 20:41:21.021926144,TASK_BEGIN,024,-0.787159125123151,0.5189438839684382,2.5719092921437263,-0.8394915202246606,-0.2697603420800714,0.08065012468312752,6.8568394828825365,-1.8559278848211322,2
274,2024-10-02 20:41:21.103158016,TASK_BEGIN,024,-0.7691470093177166,0.5185133107071984,2.6605859209214753,-0.8776185434263339,-0.28413208366459697,0.08203065369904046,6.834281203034027,-1.8654259199380188,2
275,2024-10-02 20:41:21.161575936,TASK_BEGIN,024,-0.746609752240196,0.5165176452148752,2.762596246525681,-0.9189563072919338,-0.2866524299649309,0.08137410754923914,6.8266580687662755,-1.8795941975695263,2
276,2024-10-02 20:41:21.223107072,TASK_BEGIN,024,-0.7196046946335181,0.5127322517281554,2.871710261120992,-0.9619505721428719,-0.2767444297727553,0.07826093220491052,6.842247456426659,-1.8990353220843528,2
277,2024-10-02 20:41:21.306464768,TASK_BEGIN,024,-0.6882051537944899,0.5068417755673984,2.981536643345384,-1.004836081088669,-0.25427267883847415,0.07229419816652231,6.88788979297893,-1.923956448886184,2
278,2024-10-02 20:41:21.374190080,TASK_BEGIN,024,-0.6525504890941509,0.4984897589812049,3.085604268892665,-1.0456814228174331,-0.2195376087693258,0.06311530183582532,6.968201424707262,-1.9541084574785288,2
279,2024-10-02 20:41:21.438987008,TASK_BEGIN,024,-0.6129014933693334,0.4873351861047607,3.177694324160559,-1.0824921997051573,-0.1732808173988217,0.05042550999556999,7.085172279964563,-1.9888347158122257,2
280,2024-10-02 20:41:22.385560064,TASK_BEGIN,024,-0.5696714281779287,0.4731066101690305,3.252516341791701,-1.1133876171738746,-0.11668142096872147,0.0340099210756907,7.237925332844685,-2.027161629809975,2
281,2024-10-02 20:41:22.442038016,TASK_BEGIN,024,-0.5234136396069616,0.4556429778794964,3.30649428160907,-1.136810780905162,-0.05133131151193547,0.013757200815521604,7.422412365718501,-2.0678562434860597,2
282,2024-10-02 20:41:22.519673088,TASK_BEGIN,024,-0.47477173102142717,0.4349137132373119,3.3383437375995912,-1.151714646624397,0.02080322842765897,-0.010328818449189344,7.631104591530482,-2.1094381697004074,2
283,2024-10-02 20:41:22.588864000,TASK_BEGIN,024,-0.42440566808684416,0.41101656184147506,3.3492668275515243,-1.1576894739963939,0.09742995977235974,-0.0381248237203266,7.852899073685419,-2.150180538738703,2
284,2024-10-02 20:41:22.642795776,TASK_BEGIN,024,-0.3729080902070145,0.38415846158373296,3.342725371384392,-1.1550204970204048,0.1760077038575951,-0.0693876001920136,8.073389372974155,-2.1881316949064824,2
285,2024-10-02 20:41:22.724428032,TASK_BEGIN,024,-0.32074104783830004,0.3546310044674053,3.3238660998555165,-1.1446708267733747,0.2538764230667652,-0.10375686382567377,8.275599946157833,-2.221180398008186,2
286,2024-10-02 20:41:22.781559040,TASK_BEGIN,024,-0.26823161334782203,0.3227932484099802,3.298781833397916,-1.1281842151912547,0.32843398992114237,-0.14076420405601725,8.441269362091354,-2.24718377559378,2
287,2024-10-02 20:41:23.736071936,TASK_BEGIN,024,-0.21563671253333203,0.2890681241410501,3.273744645145438,-1.1075005948699859,0.3973060287647197,-0.17984772092919638,8.552632757850256,-2.264151532349792,2
288,2024-10-02 20:41:23.803906048,TASK_BEGIN,024,-0.16324243495865615,0.2539485172172195,3.2544263493476575,-1.0847002115741582,0.4584476260848181,-0.22036551847246036,8.594454394852338,-2.2704475762319816,2
289,2024-10-02 20:41:23.865859072,TASK_BEGIN,024,-0.1114438739187165,0.21800216415068904,3.245186401153993,-1.0617400884238133,0.5101747187934604,-0.2616036110380519,8.555935458890543,-2.264954849211938,2
290,2024-10-02 20:41:23.928344064,TASK_BEGIN,024,-0.06077599976493781,0.1818658841679848,3.2486663780991862,-1.0402663127385345,0.5511777671845277,-0.3027837991335048,8.432186560281455,-2.247166793550533,2
291,2024-10-02 20:41:24.005042944,TASK_BEGIN,024,-0.011909173588142164,0.14622814172389323,3.2658555810946854,-1.0215443962067696,0.5805525010125899,-0.34308119350153077,8.225120249750601,-2.217220659556415,2
292,2024-10-02 20:41:24.067049984,TASK_BEGIN,024,0.034359265737211764,0.11180568748804692,3.296471481654611,-1.0064760658503116,0.5978492001768313,-0.38165745829731373,7.943615846226212,-2.175905606317307,2
293,2024-10-02 20:41:24.142668032,TASK_BEGIN,024,0.07710854133024642,0.07931835257830851,3.339321424665173,-0.9956302053535668,0.6031452608704752,-0.41771086718028233,7.602746157737397,-2.124629389868918,2
294,2024-10-02 20:41:25.061171200,TASK_BEGIN,024,0.11531753939601078,0.04945969080912091,3.392510048293417,-0.9892507785063308,0.5971378865161548,-0.4505370485636546,7.222103726862691,-2.0653053319158907,2
295,2024-10-02 20:41:25.114290944,TASK_BEGIN,024,0.14793209770037602,0.0228600579949897,3.4536403624516123,-0.9872711626023472,0.58121844169127,-0.4795856454420288,6.823693284657214,-2.0001855757886835,2
296,2024-10-02 20:41:25.196728064,TASK_BEGIN,024,0.1739640080658279,4.6359305258873674e-05,3.5201640617367422,-0.989374820972456,0.5574710229073674,-0.504495857532503,6.429944186869526,-1.9317189022519705,2
297,2024-10-02 20:41:25.253056256,TASK_BEGIN,024,0.19258080410549105,-0.01859086741352779,3.5898447432621694,-0.9950929261646969,0.5285552752669223,-0.5251023279695713,6.0620370406034025,-1.8624598127145366,2
298,2024-10-02 20:41:25.332261888,TASK_BEGIN,024,0.20315808663176615,-0.03281578477537984,3.6611683926433787,-1.0038995114965927,0.4974780780005101,-0.5414166379431442,5.738430344808092,-1.7949822744173476,2
299,2024-10-02 20:41:25.391556864,TASK_BEGIN,024,0.20529872812190733,-0.04255135261868918,3.7335317556827663,-1.0152832587526206,0.467300107536477,-0.5535971150902208,5.4735462952522225,-1.7317591808413446,2
300,2024-10-02 20:41:25.454045184,TASK_BEGIN,024,0.1988378576516182,-0.04787270188499288,3.8071537160086173,-1.0288025995026466,0.44083330957179884,-0.5619164669612314,5.276749896988794,-1.6750196471259347,2
301,2024-10-02 20:41:26.410275840,TASK_BEGIN,024,0.18384397817509215,-0.048992298638247736,3.8828187816852724,-1.0441326707098058,0.42037832201217956,-0.5667321458290888,5.15179514651252,-1.626629428565539,2
302,2024-10-02 20:41:26.467148800,TASK_BEGIN,024,0.16062204862870677,-0.04624013652473225,3.9615496185441903,-1.0610805849757137,0.40754769281622466,-0.5684647499508145,5.096895224093062,-1.588035186868332,2
303,2024-10-02 20:41:26.544784896,TASK_BEGIN,024,0.12972853654473088,-0.04004439036966332,4.044148845795489,-1.0795218395101904,0.4032052120168474,-0.5675874270140377,5.105454440228918,-1.5602630132971833,2
304,2024-10-02 20:41:26.611975936,TASK_BEGIN,024,0.09199442814271483,-0.030913925943620964,4.13057974714816,-1.0992563649139253,0.40751077909829553,-0.5646182459953738,5.167280479744261,-1.5439199372231642,2
305,2024-10-02 20:41:26.669037056,TASK_BEGIN,024,0.04852606902936123,-0.019416388049864536,4.219360097618758,-1.1198583952401029,0.42002582268839844,-0.5601003614158656,5.270001089188048,-1.5391723337674124,2
306,2024-10-02 20:41:26.745714176,TASK_BEGIN,024,0.0006533177780757254,-0.0061455781429595145,4.3071906263796835,-1.1405958783562857,0.4398373377305907,-0.5545645769162832,5.400482560892292,-1.5457242138864362,2
307,2024-10-02 20:41:26.808201984,TASK_BEGIN,024,-0.05017937325051273,0.008321686069410517,4.388903340426352,-1.160430982841789,0.46567407354680496,-0.548483609169635,5.546103814827835,-1.5628212350081845,2
308,2024-10-02 20:41:27.758667008,TASK_BEGIN,024,-0.10255786778052448,0.023473698068648647,4.457748107522725,-1.1780828193960602,0.4959969749798391,-0.5422310122945223,5.695690291827379,-1.5892653224390394,2
309,2024-10-02 20:41:27.828147968,TASK_BEGIN,024,-0.15523704441469618,0.03890660240219394,4.506067229357014,-1.192147424766699,0.5290714387128034,-0.5360558089420204,5.839883974839053,-1.6233952493526582,2
310,2024-10-02 20:41:27.895855872,TASK_BEGIN,024,-0.20721985806502063,0.05434783101885269,4.526331124031304,-1.2012631735542398,0.5630512695393102,-0.5300801716982486,5.9708809662131115,-1.663014048729046,2
311,2024-10-02 20:41:27.963592960,TASK_BEGIN,024,-0.2577515127248684,0.06965211857176098,4.512285777410682,-1.2042748548983062,0.5960819531403079,-0.524316294469903,6.081793250680967,-1.70531755496448,2
312,2024-10-02 20:41:28.031420928,TASK_BEGIN,024,-0.30626301513002363,0.08477665195301705,4.4598513024423845,-1.2003395896126814,0.6263978604259043,-0.5186885832300567,6.166165587407652,-1.7469334930610398,2
313,2024-10-02 20:41:28.099173120,TASK_BEGIN,024,-0.35232721486497276,0.09975111464542383,4.367604107215331,-1.188965298752164,0.652390023662839,-0.5130519008426592,6.218081820813756,-1.784146059932977,2
314,2024-10-02 20:41:28.166925056,TASK_BEGIN,024,-0.39565604440885394,0.11465316828744575,4.236949430385877,-1.1700311748795307,0.6726468182769421,-0.5072100101633418,6.232831685872993,-1.8132738248550517,2
315,2024-10-02 20:41:29.085420032,TASK_BEGIN,024,-0.4361118882371563,0.12958872850610953,4.0721211142380005,-1.1438287378549041,0.6859928864438375,-0.5009436656575214,6.207751762725662,-1.8310818659086605,2
316,2024-10-02 20:41:29.141797120,TASK_BEGIN,024,-0.47369178634925124,0.14467276370606255,3.8800118031614534,-1.1110993827035789,0.6915446333851031,-0.4940469810615873,6.142900615462271,-1.835112584476994,2
317,2024-10-02 20:41:29.221019136,TASK_BEGIN,024,-0.5084801638688142,0.16001170243478977,3.6697822011333936,-1.0730249238762548,0.688764728545621,-0.48635618704115613,6.0414267748198425,-1.8238969910523315,2
318,2024-10-02 20:41:29.281285888,TASK_BEGIN,024,-0.5405996212951825,0.1756918526384288,3.4522154914840875,-1.0311604758775275,0.6774917621321371,-0.47775939913469045,5.909504419023023,-1.7970631517983828,2
319,2024-10-02 20:41:29.342874880,TASK_BEGIN,024,-0.5701803612614579,0.1917748736898758,3.2388220993257915,-0.9873220306979388,0.657948958904367,-0.4681952791371227,5.755642305043153,-1.7553385051532433,2
320,2024-10-02 20:41:29.424290048,TASK_BEGIN,024,-0.5973457807231339,0.20829863582817512,3.0408276614367478,-0.9434503399587197,0.6307298883431016,-0.4576515131773931,5.589348894739482,-1.700419502580268,2
321,2024-10-02 20:41:29.482579712,TASK_BEGIN,024,-0.622204621958797,0.2252806214259042,2.8682892288309065,-0.9014807627213038,0.5967397097968495,-0.4461592335581644,5.419509384889521,-1.6347199212245034,2
322,2024-10-02 20:41:30.430169088,TASK_BEGIN,024,-0.6448363203745202,0.24271750547422366,2.7294834629633247,-0.8632294089471246,0.5571026070441133,-0.4337774973954706,5.252984997129174,-1.5610592660102247,2
323,2024-10-02 20:41:30.492654080,TASK_BEGIN,024,-0.6652605185871426,0.2605763085082115,2.6305470220921214,-0.8302827581054301,0.5130813017709062,-0.42057467152812017,5.093759503163944,-1.4823550406731467,2
324,2024-10-02 20:41:30.570284032,TASK_BEGIN,024,-0.6834078200969903,0.27878315503078416,2.575351366354735,-0.8038996021848203,0.4660277772540218,-0.40661520018909325,4.942721573827915,-1.4013590082545861,2
325,2024-10-02 20:41:30.638797056,TASK_BEGIN,024,-0.6991228741624659,0.2972205270413605,2.565601997381388,-0.7849578890613956,0.4173403505837412,-0.3919508805999778,4.798077431396884,-1.320469812380712,2
326,2024-10-02 20:41:30.692940032,TASK_BEGIN,024,-0.7122087768007549,0.3157350737026956,2.601053494518626,-0.7739543867138851,0.3683995751646742,-0.37661491989062384,4.656351163154223,-1.2416585549254275,2
327,2024-10-02 20:41:30.770132992,TASK_BEGIN,024,-0.7224922876003136,0.33414791637223595,2.67970670574988,-0.7710306542245057,0.3204771329691403,-0.3606224915443811,4.513805178444403,-1.1665212103671911,2
328,2024-10-02 20:41:30.831259904,TASK_BEGIN,024,-0.7298803918794879,0.35225910775464603,2.797915944508403,-0.7759903526006469,0.27463047517179917,-0.34398031657026723,4.367919268423672,-1.096414059593638,2
329,2024-10-02 20:41:31.779204096,TASK_BEGIN,024,-0.7343928864873323,0.3698452696371557,2.9503746044183554,-0.7882838271308247,0.23161909659081914,-0.32670337662535903,4.2184945217456935,-1.0325898082390867,2
330,2024-10-02 20:41:31.852804864,TASK_BEGIN,024,-0.736173547193081,0.38665555169277377,3.130020491133559,-0.8069677080454105,0.1918929259646971,-0.30883664334321276,4.068064130128379,-0.9762587778793834,2
331,2024-10-02 20:41:31.920572928,TASK_BEGIN,024,-0.7354823673221891,0.402410403899215,3.328030741321783,-0.8306895822099519,0.15567459656114235,-0.2904801545788845,3.921521185657225,-0.9285343165827836,2
332,2024-10-02 20:41:31.979493888,TASK_BEGIN,024,-0.732663945461684,0.4168037919358393,3.534130028145885,-0.8577540068976313,0.12310092459481345,-0.27181388409678003,3.7851605320731876,-0.8902882009445234,2
333,2024-10-02 20:41:32.041000960,TASK_BEGIN,024,-0.7280930226278416,0.42950670929155266,3.737284488063468,-0.8862740658085886,0.09435640333193364,-0.2531176126967466,3.6655048338116627,-0.8619989983676968,2
334,2024-10-02 20:41:32.123821056,TASK_BEGIN,024,-0.7221152616160968,0.4401692436840836,3.9265947689527736,-0.9143576524691197,0.06974140178376828,-0.2347801312250667,3.568256177157117,-0.843660499326806,2
335,2024-10-02 20:41:32.191579136,TASK_BEGIN,024,-0.7150140041461068,0.4484233982416576,4.092134651231064,-0.940279024646145,0.0496565978469008,-0.2172914894281392,3.4976466904909667,-0.8347727757439903,2
336,2024-10-02 20:41:33.135088896,TASK_BEGIN,024,-0.7070224425819254,0.45389530538899664,4.225651969334469,-0.9626173280952135,0.03452804563032215,-0.20121620021234385,3.4563357045657654,-0.8344303153866393,2
337,2024-10-02 20:41:33.188672000,TASK_BEGIN,024,-0.6983627422143943,0.4562308431903985,4.3211562391515335,-0.9803506668388305,0.024715685129085674,-0.1871524613974943,3.4457376492820964,-0.8415163386464275,2
338,2024-10-02 20:41:33.270651136,TASK_BEGIN,024,-0.6892696413971496,0.4551268556108273,4.375371919437333,-0.9928898440816873,0.020444399515640428,-0.17568683965375237,3.4665011168848214,-0.8549637038919546,2
339,2024-10-02 20:41:33.338474240,TASK_BEGIN,024,-0.679978881916815,0.45035832513872937,4.3880429108098165,-1.0000610709172901,0.021785620522225137,-0.1673549358275456,3.5189173406557583,-0.8739788991364332,2
340,2024-10-02 20:41:33.405054208,TASK_BEGIN,024,-0.6706957796220023,0.44179884114710377,4.362102745469576,-1.0020749703333005,0.028690565097817367,-0.16261442957604424,3.6031436642267733,-0.8981171038186654,2
341,2024-10-02 20:41:33.467097856,TASK_BEGIN,024,-0.6615658560533104,0.4294348682632841,4.303600039617507,-0.9994988651027705,0.04104989853676519,-0.1618295484078975,3.7192124096640096,-0.9271725764026465,2
342,2024-10-02 20:41:33.528136960,TASK_BEGIN,024,-0.6526583758914956,0.4133738354297941,4.22116455362012,-0.993209005429967,0.05875567632078321,-0.1652637488219687,3.866856983281774,-0.9609508997875467,2
343,2024-10-02 20:41:34.474758912,TASK_BEGIN,024,-0.6439605658225801,0.3938462767512701,4.124921563922927,-0.9842894234217044,0.08174635957094376,-0.17307821866201217,4.045202118033029,-0.9990356936379574,2
344,2024-10-02 20:41:34.551930880,TASK_BEGIN,024,-0.6353717583209322,0.37120170093862925,4.02499055470402,-0.9738635027888726,0.11000883081494844,-0.18533231098865152,4.25238160777535,-1.0406254743035503,2
345,2024-10-02 20:41:34.614007040,TASK_BEGIN,024,-0.6266974580277491,0.3458974552231529,3.9299245336724256,-0.9628886334181032,0.14351667750384742,-0.2019817582718529,4.4851528213978655,-1.084443491391093,2
346,2024-10-02 20:41:34.689079040,TASK_BEGIN,024,-0.6176634269336442,0.3184812794479603,3.845554630374325,-0.9519931217694805,0.1821084131936308,-0.22287187796726132,4.738550948749978,-1.1287024558618846,2
347,2024-10-02 20:41:34.756847872,TASK_BEGIN,024,-0.6079666283821423,0.2895690923404737,3.7745240138592626,-0.9414294599243774,0.2253382766337964,-0.24772413869611973,5.005653035287109,-1.1711435161496973,2
348,2024-10-02 20:41:34.824605952,TASK_BEGIN,024,-0.5973567986523522,0.2598203031829812,3.716458242728294,-0.9311501613018158,0.272351092269815,-0.27611854202855124,5.277576065720859,-1.2091767902171486,2
349,2024-10-02 20:41:34.892412928,TASK_BEGIN,024,-0.5857299890525146,0.22991593022407342,3.6685492792938796,-0.9209457500766036,0.3218295274401987,-0.3074798630370327,5.5438165981173695,-1.2401157950125938,2
350,2024-10-02 20:41:35.808969984,TASK_BEGIN,024,-0.5732119680555214,0.20054421062823508,3.6263500126834622,-0.9105715883095127,0.37203887693787224,-0.3410772229573138,5.793015840313245,-1.2614774291702302,2
351,2024-10-02 20:41:35.871038720,TASK_BEGIN,024,-0.5602010841041752,0.17238983701607058,3.5846062864683224,-0.899824547768004,0.4209598670405827,-0.37604159536539705,6.014174606286555,-1.271306209064281,2
352,2024-10-02 20:41:35.933077248,TASK_BEGIN,024,-0.547345831382738,0.14611718527574608,3.5379825398611353,-0.8885765334950169,0.46646718121450603,-0.4113969449901529,6.198094454119282,-1.2684581630651102,2
353,2024-10-02 20:41:36.009815040,TASK_BEGIN,024,-0.5354619213215959,0.12234385656442578,3.4816560336007774,-0.8767993637304983,0.5065083673799463,-0.4460970826536128,6.338603653849374,-1.2527814817944245,2
354,2024-10-02 20:41:36.072303104,TASK_BEGIN,024,-0.5254118192556073,0.10160934451925431,3.4118467038332647,-0.864602901351765,0.5392676554592638,-0.4790684556981191,6.433220604131735,-1.225159422148028,2
355,2024-10-02 20:41:36.134788096,TASK_BEGIN,024,-0.5179627267939532,0.08434529684956493,3.3262646953928914,-0.8522680378814114,0.5633189133514054,-0.5092659545845866,6.483118908504546,-1.187395620914496,2
356,2024-10-02 20:41:36.211504896,TASK_BEGIN,024,-0.5136452628734968,0.07085195705414259,3.2243563703388216,-0.840240049830613,0.5777569285410574,-0.5357398354497849,6.492425383913827,-1.1419382353417842,2
357,2024-10-02 20:41:37.160829952,TASK_BEGIN,024,-0.512653321621115,0.061282512079630536,3.1072870926037965,-0.8290754498367422,0.5822750063833968,-0.5576986096593056,6.467087990908741,-1.09149569255468,2
358,2024-10-02 20:41:37.217827840,TASK_BEGIN,024,-0.5148097088041244,0.05563321856500633,2.9777237866694515,-0.8193679680814347,0.5771623993512575,-0.5745535875592425,6.413721738223332,-1.0386662078019175,2
359,2024-10-02 20:41:37.296410112,TASK_BEGIN,024,-0.5195902772045755,0.053738090327608734,2.83955155720565,-0.8116826142320663,0.5632246290078203,-0.5859414193688558,6.338838129493278,-0.9857203020671583,2
360,2024-10-02 20:41:37.364132864,TASK_BEGIN,024,-0.5262004117934574,0.05527362279086913,2.697622670791089,-0.8065064560354652,0.5416540225426683,-0.5917270524080992,6.248625478846963,-0.9345894854008909,2
361,2024-10-02 20:41:37.418135040,TASK_BEGIN,024,-0.5337072935786356,0.05978089963026332,2.557518379573519,-0.80420949666757,0.5138789663530108,-0.5919891387590455,6.149058922985509,-0.8869676180538381,2
362,2024-10-02 20:41:37.494853120,TASK_BEGIN,024,-0.5412056240225556,0.06670426738195391,2.425251432817565,-0.805016427266922,0.48140967360815634,-0.5869906646933565,6.045952087749082,-0.8443812867533828,2
363,2024-10-02 20:41:37.556416000,TASK_BEGIN,024,-0.5479589807106664,0.07543647063085568,2.306885340407906,-0.8089996249031518,0.4456888607014974,-0.5771405011691128,5.944780397650309,-0.8081856770898327,2
364,2024-10-02 20:41:38.498908928,TASK_BEGIN,024,-0.5534678238384907,0.08535911944842627,2.2080835847988967,-0.8160905877686768,0.40795517489743327,-0.5629515072008433,5.8503467020571325,-0.779538110992175,2
365,2024-10-02 20:41:38.575650816,TASK_BEGIN,024,-0.5574653797709151,0.0958741055000528,2.133619749000186,-0.826089426632649,0.3691400344036755,-0.544998646708212,5.766427211392488,-0.7593832687945886,2
366,2024-10-02 20:41:38.646468096,TASK_BEGIN,024,-0.5598780440676988,0.10642918247001013,2.0869227163344157,-0.838659577578056,0.3298259409478054,-0.5238800297907109,5.695550160790674,-0.7484259899486112,2
367,2024-10-02 20:41:38.714190848,TASK_BEGIN,024,-0.5607824101596971,0.11654384142682304,2.0697621465067866,-0.8533182662191939,0.2902745459528621,-0.5001835646454836,5.638953293859369,-0.7470542943301304,2
368,2024-10-02 20:41:38.777221888,TASK_BEGIN,024,-0.5603737702154273,0.12583847155813793,2.0821740422779844,-0.869445091085443,0.250501372115578,-0.4744604817271513,5.596609372649508,-0.7552063380588463,2
369,2024-10-02 20:41:38.838788096,TASK_BEGIN,024,-0.55895083593615,0.13406271125505065,2.122686561457813,-0.8863230363994424,0.21036766744597335,-0.4472067999980778,5.567312639109028,-0.7722287253562261,2
370,2024-10-02 20:41:38.916910848,TASK_BEGIN,024,-0.5569121631281119,0.14111335797077448,2.1888290314769967,-0.903213422142626,0.16968504855812422,-0.41885654535926425,5.549023040260043,-0.7968179705939108,2
371,2024-10-02 20:41:39.845558016,TASK_BEGIN,024,-0.5547490980843233,0.14703337368570424,2.2778209299373957,-0.9194642866185492,0.12834451804986902,-0.3897902909498623,5.539557300631918,-0.827116405243695,2
372,2024-10-02 20:41:39.928308224,TASK_BEGIN,024,-0.5530205051203487,0.15199127147329675,2.3872369233559594,-0.9346391031139452,0.08645574911241043,-0.36035437403011683,5.537410997082067,-0.8609496299358549,2
373,2024-10-02 20:41:39.996120832,TASK_BEGIN,024,-0.55231068462361,0.15624911546859357,2.5153579981424263,-0.9486109567837655,0.04445108868555719,-0.3308805327420987,5.542384729403625,-0.896123847727749,2
374,2024-10-02 20:41:40.061652224,TASK_BEGIN,024,-0.5531828889567872,0.16013019431137884,2.661030135571537,-0.9615524782044518,0.0031216433257322015,-0.3017021312329579,5.555792044217827,-0.9306784457579552,2
375,2024-10-02 20:41:40.125656064,TASK_BEGIN,024,-0.5561299576428586,0.16399109438926973,2.8231722913141826,-0.9738129907698918,-0.03641548754309646,-0.27317014080197977,5.580099018650332,-0.9629903309606118,2
376,2024-10-02 20:41:40.199465984,TASK_BEGIN,024,-0.5615125107265403,0.16819452598747547,3.0002559978949397,-0.9857497431651285,-0.07281926946000879,-0.2456677678785458,5.617921783770917,-0.9916865978787187,2
377,2024-10-02 20:41:40.267190016,TASK_BEGIN,024,-0.5694871085410459,0.17307884390137832,3.1899612596171147,-0.9975940790086035,-0.10469977267178579,-0.2196141383701028,5.670625493687117,-1.0154488826516388,2
378,2024-10-02 20:41:41.186146048,TASK_BEGIN,024,-0.579944543193576,0.1789267804566535,3.3890563620164484,-1.0094002363133938,-0.13083185111828702,-0.19544762268299445,5.737121234595131,-1.0328774242475516,2
379,2024-10-02 20:41:41.241530880,TASK_BEGIN,024,-0.5924836748441192,0.18594151662172415,3.5934712870030774,-1.021081525784726,-0.15033578532560873,-0.17358874243146544,5.813395799211278,-1.0425399355192326,2
380,2024-10-02 20:41:41.321696000,TASK_BEGIN,024,-0.6064410797267834,0.19423844043170546,3.7984584217852975,-1.0324950354651092,-0.16277289316748925,-0.15439127653914717,5.892895362795633,-1.0432028275079939,2
381,2024-10-02 20:41:41.389467136,TASK_BEGIN,024,-0.6209741198168439,0.20385452438306173,3.998763303854995,-1.0435189605086537,-0.1681511036348308,-0.13809354923468709,5.967550563780642,-1.0341347514918722,2
382,2024-10-02 20:41:41.441905152,TASK_BEGIN,024,-0.6351621715914794,0.2147682267532279,4.188872151539005,-1.0541038906447844,-0.1668615071913413,-0.12478141594083213,6.029132213639227,-1.0153521608085991,2
383,2024-10-02 20:41:41.518980096,TASK_BEGIN,024,-0.648087218451498,0.22691978132249885,4.363386444174301,-1.0643176700858195,-0.15957722491515638,-0.11437022201298505,6.070609745572571,-0.9877240736478524,2
384,2024-10-02 20:41:41.592785920,TASK_BEGIN,024,-0.658890155890262,0.24022609027872321,4.517380868527867,-1.0743749995707732,-0.14715461209137892,-0.10660639924925391,6.0872094952585725,-0.9529187181421394,2
385,2024-10-02 20:41:42.535597056,TASK_BEGIN,024,-0.6668233491693792,0.25458840104446917,4.646569704926938,-1.0846060568844524,-0.13057147199035737,-0.10108472783772815,6.077001080706491,-0.9132278102368042,2
386,2024-10-02 20:41:42.594158848,TASK_BEGIN,024,-0.6713017051274228,0.2698907210575505,4.747291787618417,-1.0953554931311216,-0.11090717815371534,-0.09727783129934539,6.04095032391346,-0.8713136802655213,2
387,2024-10-02 20:41:42.671175936,TASK_BEGIN,024,-0.6719318057725376,0.2859882808709421,4.8164650182000734,-1.1068616771921964,-0.08934190790441346,-0.09457665294760566,5.982429545951366,-0.8299112949333216,2
388,2024-10-02 20:41:42.733588992,TASK_BEGIN,024,-0.6685075594088297,0.3026913269636079,4.851680068723258,-1.1191706735448397,-0.06715650487659182,-0.09233921103859785,5.906355629022128,-0.7915310059001871,2
389,2024-10-02 20:41:42.806732032,TASK_BEGIN,024,-0.6609826986177066,0.3197534432064578,4.851517391125085,-1.1321078502535968,-0.045723987291921876,-0.08994203634218137,5.818315817322576,-0.7582165009952216,2
390,2024-10-02 20:41:42.873172992,TASK_BEGIN,024,-0.6494398384787035,0.3368709755329054,4.815971380257562,-1.1452990159049854,-0.02646936245317659,-0.08682705167018581,5.723932562060441,-0.7313873051576552,2
391,2024-10-02 20:41:42.934144000,TASK_BEGIN,024,-0.6340690672230166,0.353694686071413,4.7467331660813885,-1.1582205323018,-0.010765826169287951,-0.08253807544271587,5.628440839373374,-0.7117770855870506,2
392,2024-10-02 20:41:43.882275840,TASK_BEGIN,024,-0.6151498330978034,0.36984949505018383,4.647196177095987,-1.1702719746760235,0.00023753482245496608,-0.07674677380670585,5.536391457732237,-0.6994695305794998,2
393,2024-10-02 20:41:43.945609216,TASK_BEGIN,024,-0.5930142203211952,0.38495353520790593,4.522241130699899,-1.180870543468173,0.005817053270104235,-0.06927063778555258,5.451537414114942,-0.6940103083257975,2
394,2024-10-02 20:41:44.006066176,TASK_BEGIN,024,-0.567981202578175,0.3986282405066199,4.377893120731633,-1.1895381601310688,0.005848840686009709,-0.06008439102484981,5.376942168635927,-0.6945563102683927,2
395,2024-10-02 20:41:44.088005120,TASK_BEGIN,024,-0.540286188438481,0.41050028278712186,4.220914245261226,-1.1959483745105945,0.0009204232776886586,-0.04932696115675384,5.315156698971454,-0.7000266060301715,2
396,2024-10-02 20:41:44.155780096,TASK_BEGIN,024,-0.5100506156172704,0.4202056572185787,4.058454654152138,-1.1999530154195504,-0.00764583962910701,-0.0373030622954591,5.268298189831531,-0.7092401663304271,2
397,2024-10-02 20:41:44.222529792,TASK_BEGIN,024,-0.47731579194691426,0.4274042845774727,3.897882658568769,-1.2016347155229448,-0.017887364935450668,-0.02447248412196447,5.23802743439848,-0.7210432293631582,2
398,2024-10-02 20:41:44.291285248,TASK_BEGIN,024,-0.4421219253472591,0.43180246137265144,3.7467440011925763,-1.2013835506481185,-0.027408591005876753,-0.011424295745593418,5.22546494371019,-0.7344112045346486,2
399,2024-10-02 20:41:45.235132928,TASK_BEGIN,024,-0.40458663462302685,0.43317370867411203,3.612661486079783,-1.1999476569883158,-0.03363055489704289,0.0011573534621834199,5.230995716342766,-0.748483146885418,2
400,2024-10-02 20:41:45.294894080,TASK_BEGIN,024,-0.3649438160091663,0.4313712660467324,3.5030246481633225,-1.19841094717376,-0.033998242412954786,0.012528701018638696,5.25390898055196,-0.7625127026239417,2
401,2024-10-02 20:41:45.370993920,TASK_BEGIN,024,-0.3235340771540729,0.42633115276581773,3.4244433404027714,-1.1980776556653707,-0.02612064400158484,0.021923370126257245,5.291951969575474,-0.7757781262877469,2
402,2024-10-02 20:41:45.438740992,TASK_BEGIN,024,-0.2807661530916328,0.41806790952746237,3.382036367909845,-1.2002755915735912,-0.007880771995009271,0.028596308030727647,5.340984217591606,-0.7875107749153278,2
403,2024-10-02 20:41:45.496212992,TASK_BEGIN,024,-0.2370677735474175,0.4066663237099891,3.378706694724266,-1.2061325916162526,0.022444279881121635,0.03187775595961897,5.394912844840241,-0.7968687266349254,2
404,2024-10-02 20:41:45.574398976,TASK_BEGIN,024,-0.19283028604815472,0.3922731092332165,3.4146209407663237,-1.2164055963151992,0.06604870309540753,0.031232709151044893,5.446023089576239,-0.8029527264213852,2
405,2024-10-02 20:41:45.642144000,TASK_BEGIN,024,-0.1483562150121484,0.375091254723933,3.4870668261364792,-1.2314113863219391,0.12346954471935451,0.026313613900178008,5.485682057932559,-0.8048533824421075,2
406,2024-10-02 20:41:46.560622080,TASK_BEGIN,024,-0.10382147966887117,0.3553743252404629,3.5906996041106107,-1.2510411349149124,0.19449033626883813,0.016991791095736758,5.5052335380658075,-0.801718041942933,2
407,2024-10-02 20:41:46.622705152,TASK_BEGIN,024,-0.059245148360855225,0.3334130393172706,3.718065119352483,-1.2748064770044845,0.2781010714910141,0.003359898229923677,5.496945670585475,-0.7928419749053203,2
408,2024-10-02 20:41:46.683802112,TASK_BEGIN,024,-0.014456853626219094,0.30951107464830974,3.8603068404164516,-1.3018977474109994,0.3725384291331359,-0.014292173410596621,5.455057918506504,-0.7778069827618853,2
409,2024-10-02 20:41:46.761474048,TASK_BEGIN,024,0.03092447845468197,0.2839584704415823,4.0080119653922095,-1.3312747574520263,0.47541749198998184,-0.03552018832310457,5.376873433043474,-0.7566548041240916,2
410,2024-10-02 20:41:46.832050176,TASK_BEGIN,024,0.07747712895220878,0.25701503828324845,4.152093244992661,-1.3617858650955543,0.5839344029027728,-0.05977665380086459,5.2635056178764605,-0.730008207890546,2
411,2024-10-02 20:41:46.899739136,TASK_BEGIN,024,0.1259170640114389,0.2289089363204687,4.284547126361207,-1.3922697039278626,0.695105497618269,-0.08645925802816955,5.119898912874646,-0.699044688700481,2
412,2024-10-02 20:41:46.967618816,TASK_BEGIN,024,0.17699468689894393,0.19984660433576779,4.399009565564729,-1.4216152777334925,0.8060228543890926,-0.11495167833668236,4.954186437473551,-0.6653227071828219,2
413,2024-10-02 20:41:47.908793856,TASK_BEGIN,024,0.23136713923358382,0.17002659107470636,4.491132188641639,-1.448798106812319,0.9140998138655144,-0.14465622399385733,4.776737045730027,-0.6305552711337645,2
414,2024-10-02 20:41:47.972003840,TASK_BEGIN,024,0.28948429456025154,0.13965160031335397,4.558771405153718,-1.472902829586024,1.017253629942228,-0.17501592654453546,4.599114567511528,-0.5964264045424427,2
415,2024-10-02 20:41:48.044866816,TASK_BEGIN,024,0.35152104509211085,0.10893757365790568,4.601895957924199,-1.4931228660821372,1.1139856457506596,-0.2055247277085549,4.432966329490067,-0.5644869249850247,2
416,2024-10-02 20:41:48.103512064,TASK_BEGIN,024,0.41735553455287866,0.07812074266738916,4.622162797905594,-1.5087457785912064,1.2033706866642804,-0.23572979127551416,4.288863652057856,-0.5361142251136947,2
417,2024-10-02 20:41:48.181560064,TASK_BEGIN,024,0.48656978771993425,0.04746094279833317,4.6222915738977255,-1.5191545898440286,1.284992118630642,-0.2652310357167669,4.175259716012366,-0.5124970600772769,2
418,2024-10-02 20:41:48.243260928,TASK_BEGIN,024,0.5584603404383067,0.017236579903587648,4.605473894033366,-1.523862265957964,1.3588422926425738,-0.2936819829113457,4.097779829598906,-0.4946080549767375,2
419,2024-10-02 20:41:48.305746944,TASK_BEGIN,024,0.6320697083530871,-0.012270736025649582,4.57496194076276,-1.5225694396864653,1.4251932860927001,-0.32079581041927163,4.05892837472666,-0.48314054882505514,2
420,2024-10-02 20:41:49.257085184,TASK_BEGIN,024,0.7062531869341399,-0.04079760721539795,4.533803974652473,-1.5152187175676641,1.4844495834574287,-0.3463541810277264,4.058182893394764,-0.478420171854962,2
421,2024-10-02 20:41:49.328519936,TASK_BEGIN,024,0.7797816136616517,-0.06812012053220767,4.484628689569493,-1.502016550292079,1.5370090634647524,-0.3702092266189566,4.092449295745321,-0.48035200432071234,2
422,2024-10-02 20:41:49.396264192,TASK_BEGIN,024,0.8514645589582044,-0.0940717151885367,4.429469940826538,-1.4834116229675673,1.583160531895862,-0.39227332491701905,4.156822663048081,-0.4884694240332956,2
423,2024-10-02 20:41:49.464029952,TASK_BEGIN,024,0.9202656237559778,-0.11855541189847286,4.369697931892051,-1.4600478391325906,1.6230258554155155,-0.41250101852091,4.245509435907838,-0.5020826221031374,2
424,2024-10-02 20:41:49.531804160,TASK_BEGIN,024,0.9853832622066054,-0.14154816912588958,4.306097768225476,-1.4327237228728187,1.6565418404062693,-0.4308709623667349,4.3526834193725135,-0.5204358853901019,2
425,2024-10-02 20:41:49.599594240,TASK_BEGIN,024,1.04628775389053,-0.16309764113143532,4.23910758723184,-1.4023806889809645,1.6834890094752246,-0.44737393264957004,4.473044446326375,-0.5427595626918686,2
426,2024-10-02 20:41:49.660069888,TASK_BEGIN,024,1.1027130237384741,-0.1833120936965758,4.169170710703423,-1.3701131209197197,1.703573468675597,-0.46200966196130483,4.60207043767165,-0.5682016074813588,2
427,2024-10-02 20:41:50.610629120,TASK_BEGIN,024,1.1545973045151952,-0.202341630618678,4.097020384150315,-1.3371533422457589,1.7165434043347105,-0.4747924051175987,4.7361985364869605,-0.5957484659760757,2
428,2024-10-02 20:41:50.673115904,TASK_BEGIN,024,1.2019775969873763,-0.22035015596975094,4.023704321534698,-1.3047836326384379,1.7223115709116856,-0.48576316668608516,4.873033200954925,-0.624228610441589,2
429,2024-10-02 20:41:50.735177984,TASK_BEGIN,024,1.2448707747034102,-0.23748305363697825,3.950391507090097,-1.2741936344237312,1.7210575496135219,-0.4950027165517897,5.011371825044048,-0.6523742044744137,2
430,2024-10-02 20:41:50.813918976,TASK_BEGIN,024,1.2831843855036809,-0.2538386512128006,3.8782206942347663,-1.2463663376978984,1.713279879991503,-0.5026367774997775,5.150873662263549,-0.6788798919259498,2
431,2024-10-02 20:41:50.873840128,TASK_BEGIN,024,1.3166806148752117,-0.2694504390766533,3.808380137690842,-1.222059202174986,1.699785201322424,-0.5088298931495882,5.291485029122188,-0.7024527552924121,2
432,2024-10-02 20:41:50.949466112,TASK_BEGIN,024,1.3449938747032275,-0.2842839962254098,3.7423548641959083,-1.2018674121644457,1.681640060956996,-0.5137715838639384,5.432863664958195,-0.7218658158323116,2
433,2024-10-02 20:41:51.015992064,TASK_BEGIN,024,1.3676910937062925,-0.29824717687195157,3.68212246858192,-1.1863029737427762,1.6601212306040303,-0.5176585758146063,5.57397572347369,-0.7360052282052559,2
434,2024-10-02 20:41:51.935730944,TASK_BEGIN,024,1.3843520778363523,-0.3112057427385474,3.6301421236328624,-1.1758434873578776,1.6366752201286991,-0.5206750661476829,5.712952187702089,-0.7439190562344197,2
435,2024-10-02 20:41:51.998091008,TASK_BEGIN,024,1.3946366599002855,-0.3229955717741064,3.589124411425901,-1.1709445884191225,1.612874416268488,-0.5229744286160426,5.847201261501451,-0.7449014277921258,2
436,2024-10-02 20:41:52.057517056,TASK_BEGIN,024,1.3983145895357543,-0.3334287764078274,3.561608817067398,-1.172012906638962,1.590347617961123,-0.524665545644192,5.9736503767940645,-0.7386124001926014,2
437,2024-10-02 20:41:52.136094976,TASK_BEGIN,024,1.3952656278775017,-0.3422986875099456,3.5494031737992007,-1.1793396362218047,1.5706624566486,-0.5258021411427218,6.088977045440095,-0.7251846907776542,2
438,2024-10-02 20:41:52.198138880,TASK_BEGIN,024,1.385482262808649,-0.3493910730622869,3.5530912226337437,-1.1930303144626502,1.5551568616859743,-0.5263699912822912,6.1898315719785275,-0.7052732861338354,2
439,2024-10-02 20:41:52.274632192,TASK_BEGIN,024,1.369093683935147,-0.35450312157079966,3.5718765990645984,-1.2129760585309899,1.5447567964494464,-0.5262713511766566,6.273161028220368,-0.6800465664263058,2
440,2024-10-02 20:41:52.342449920,TASK_BEGIN,024,1.3463925240549588,-0.3574625929471765,3.603835801774405,-1.2388720525330628,1.5398429375186753,-0.5253151198972055,6.336663024578417,-0.651133946422522,2
441,2024-10-02 20:41:53.283121152,TASK_BEGIN,024,1.3178303943762966,-0.35813749920489857,3.646456143270714,-1.270260153262061,1.5402084750541842,-0.5232240141668993,6.379196860555286,-0.6205150006680669,2
442,2024-10-02 20:41:53.345652224,TASK_BEGIN,024,1.2839663102339391,-0.3564336366429124,3.6972981109620906,-1.3065726514592617,1.5451038838695412,-0.5196618065806137,6.400899321505556,-0.5903177538598854,2
443,2024-10-02 20:41:53.421186048,TASK_BEGIN,024,1.2453844258165911,-0.35228554041563837,3.754568330459317,-1.3471550890874395,1.5533319597468758,-0.5142714341484224,6.4029416054248,-0.5625443734888991,2
444,2024-10-02 20:41:53.484062976,TASK_BEGIN,024,1.202617305343532,-0.34564947644900895,3.817349018753642,-1.3912578835998533,1.5633533149340793,-0.5067096103251042,6.387130822458626,-0.5388160046348602,2
445,2024-10-02 20:41:53.556742912,TASK_BEGIN,024,1.1561006731768662,-0.336503367400598,3.8854042754091553,-1.438016415080452,1.573387110335275,-0.49667016088370547,6.3556598859781,-0.5202427816013334,2
446,2024-10-02 20:41:53.623313920,TASK_BEGIN,024,1.1061624716385183,-0.32485162065752965,3.958730343160714,-1.4864445993830062,1.581519456000591,-0.48389702613620955,6.311193016223232,-0.507466168508834,2
447,2024-10-02 20:41:53.685504768,TASK_BEGIN,024,1.0530373325756532,-0.31072933319470564,4.037078548492289,-1.5354340583471233,1.5858319317819425,-0.46819093863248956,6.257197649340279,-0.5008279939881437,2
448,2024-10-02 20:41:54.630044928,TASK_BEGIN,024,0.9968949395128576,-0.294202965678407,4.119603261122232,-1.58373576981691,1.584549044141009,-0.44941776634385283,6.198210761646118,-0.5005494012071204,2
449,2024-10-02 20:41:54.703112960,TASK_BEGIN,024,0.9378749914113854,-0.2753694585764189,4.204718654047147,-1.6299364736022297,1.576198543734892,-0.42752917195414275,6.139763411141366,-0.5068091163930363,2
450,2024-10-02 20:41:54.768773120,TASK_BEGIN,024,0.8761328947696155,-0.25435793659136957,4.290159237128911,-1.6724708703726638,1.5597634059530685,-0.4025957175761023,6.087880727524845,-0.5196875593587931,2
451,2024-10-02 20:41:54.831259904,TASK_BEGIN,024,0.8119012975805953,-0.23133621223892237,4.373131499733456,-1.709687015094198,1.5347849182451125,-0.37483821293009384,6.048252121944035,-0.5390208940672363,2
452,2024-10-02 20:41:54.893298176,TASK_BEGIN,024,0.7455574993175063,-0.206520868609343,4.450508181178112,-1.739957417715769,1.501397118918423,-0.34464393249424374,6.02534555168957,-0.5642515897989241,2
453,2024-10-02 20:41:54.970881792,TASK_BEGIN,024,0.6776770732444769,-0.18018840359397936,4.519196674510068,-1.761832432167784,1.4603121249655173,-0.31256465369389475,6.021883575775625,-0.5943780682922231,2
454,2024-10-02 20:41:55.041987840,TASK_BEGIN,024,0.6090598355242761,-0.15268580559270198,4.576733743303657,-1.7742130436022834,1.4127687066754262,-0.2792970532213653,6.03896286797993,-0.6280667945053373,2
455,2024-10-02 20:41:55.985384960,TASK_BEGIN,024,0.5407258493218169,-0.12443854723511343,4.621865457604093,-1.7764790758080495,1.3604239783331111,-0.2456456316164856,6.076618232270948,-0.6638703580898128,2
456,2024-10-02 20:41:56.045633024,TASK_BEGIN,024,0.4738875096164516,-0.09595133390193993,4.654798948396152,-1.7685212638665784,1.3051792114656802,-0.21247266730230013,6.134254956831195,-0.7003925149764919,2
457,2024-10-02 20:41:56.120937984,TASK_BEGIN,024,0.40990458992561546,-0.06779660756838043,4.6770072311732775,-1.7506902795336339,1.248972463828059,-0.18064310681122286,6.210571671378904,-0.7362979543128957,2
458,2024-10-02 20:41:56.188700928,TASK_BEGIN,024,0.35022254545618925,-0.040589924795341556,4.690699664323163,-1.7237151908749102,1.1935808495841604,-0.150969290806419,6.3031379347283325,-0.7702299515409351,2
459,2024-10-02 20:41:56.247756032,TASK_BEGIN,024,0.29628471693495245,-0.01495458775626224,4.698234816955692,-1.6886315312187394,1.1404520818087216,-0.1241573963140557,6.408043791143613,-0.8007656818978112,2
460,2024-10-02 20:41:56.324192000,TASK_BEGIN,024,0.24940908174389959,0.008521694648138218,4.701726285629216,-1.6467244934807699,1.0905739062966033,-0.10075958336595008,6.519867858501077,-0.8264585210653659,2
461,2024-10-02 20:41:56.386534912,TASK_BEGIN,024,0.21064108851613975,0.02933355147426924,4.702859213318066,-1.5994627565686395,1.0444040063710711,-0.0811384411612668,6.631990075660403,-0.8459343492033498,2
462,2024-10-02 20:41:57.311001856,TASK_BEGIN,024,0.18062025907295154,0.04710092176892265,4.70276054825721,-1.548396274742214,1.0018895620527526,-0.06544794323120567,6.737175624449307,-0.857998949397042,2
463,2024-10-02 20:41:57.378822912,TASK_BEGIN,024,0.1594999355168991,0.06160187828781888,4.701816541733282,-1.495024657104608,0.9625815586080338,-0.05363171220476805,6.8282487253001225,-0.8617295852808446,2
464,2024-10-02 20:41:57.442279936,TASK_BEGIN,024,0.14693342526510728,0.07279159509963236,4.6994767348835245,-1.440679389330847,0.9258123085474393,-0.04544010819612246,6.898614189849354,-0.8565335017758168,2
465,2024-10-02 20:41:57.503936000,TASK_BEGIN,024,0.1421156780251515,0.08080425090051528,4.694181115241384,-1.3864694292787103,0.890887099652473,-0.04046718021548053,6.942546388760047,-0.8421672708512287,2
466,2024-10-02 20:41:57.581587968,TASK_BEGIN,024,0.14386555174092278,0.08593513661268867,4.683554125167419,-1.3333184242763916,0.8572460015619069,-0.03820262304935129,6.955410471611734,-0.8187305268454868,2
467,2024-10-02 20:41:57.642753024,TASK_BEGIN,024,0.15073368158730469,0.08860452034737859,4.664885248945264,-1.2820777091883413,0.82456228451122,-0.03808892991124188,6.934031704635981,-0.7866582052243405,2
468,2024-10-02 20:41:57.717675008,TASK_BEGIN,024,0.1611201210717089,0.0893096583935498,4.635738434067482,-1.2336466987596204,0.792762061834981,-0.03957532659997693,6.877282573911428,-0.7467172824864104,2
469,2024-10-02 20:41:58.652539136,TASK_BEGIN,024,0.1733940638149286,0.08857242653761015,4.59448219132231,-1.1890280211350233,0.761980321370831,-0.04216381528602813,6.786736285826906,-0.6999851251498107,2
470,2024-10-02 20:41:58.715025920,TASK_BEGIN,024,0.1860128289617064,0.08688902741153871,4.5406137102111535,-1.149301633261351,0.7324841004956609,-0.04544305111525356,6.667033337487555,-0.6477863922312685,2
471,2024-10-02 20:41:58.792381184,TASK_BEGIN,024,0.19763368354721925,0.08468644852815484,4.474855559861496,-1.1155503864761722,0.7045878262131274,-0.049106600578715874,6.525645518883301,-0.5916036726599109,2
472,2024-10-02 20:41:58.864445184,TASK_BEGIN,024,0.20721264334945755,0.08228794219797574,4.399084402655694,-1.0887699662124388,0.6785897611570127,-0.05295898380261949,6.37203429746799,-0.5329978239680109,2
473,2024-10-02 20:41:58.931065856,TASK_BEGIN,024,0.21408004566479108,0.07988979019485788,4.316158248570342,-1.0697785801739501,0.6547618773650257,-0.056917006855156334,6.216436549980452,-0.47353817389373865,2
474,2024-10-02 20:41:58.992597248,TASK_BEGIN,024,0.21797073661325328,0.07755273410195847,4.229644100987481,-1.0591330294580434,0.6333932665992366,-0.061005890400293174,6.0685499785726025,-0.4147224185389406,2
475,2024-10-02 20:41:59.067776768,TASK_BEGIN,024,0.21899563102751946,0.07520849756121474,4.143405272792408,-1.0570579848894979,0.6148448828822549,-0.06534137957981344,5.936418185968901,-0.3579018107082444,2
476,2024-10-02 20:42:00.009190912,TASK_BEGIN,024,0.21756909779739242,0.07267815174560877,4.061062207928407,-1.0634023103083245,0.5995746453959581,-0.07009567887498308,5.825766966367088,-0.30423743387409224,2
477,2024-10-02 20:42:00.066562048,TASK_BEGIN,024,0.2143190448217406,0.06970012735449395,3.9854823892491646,-1.0776469214642657,0.5881290835025723,-0.07545862897288694,5.739851876079111,-0.25468349364994275,2
478,2024-10-02 20:42:00.144668928,TASK_BEGIN,024,0.210003178365734,0.06596672137913104,3.9185348123985375,-1.098984828249468,0.5811129800800428,-0.08160695556398447,5.679758782081759,-0.20999506244867266,2
479,2024-10-02 20:42:00.214479872,TASK_BEGIN,024,0.20544818041544988,0.0611657824721414,3.8612092102823823,-1.1264581694186913,0.5791306447944141,-0.0886836559658675,5.645043469603846,-0.1707614060753249,2
480,2024-10-02 20:42:00.267827200,TASK_BEGIN,024,0.20151177865571396,0.05502320678930447,3.8139544720619307,-1.1590893680117713,0.5826870136901432,-0.0967822051673876,5.634423400579828,-0.1374249772366563,2
481,2024-10-02 20:42:00.345061120,TASK_BEGIN,024,0.19905112166514552,0.04734123686905077,3.776986440545136,-1.1959403449305477,0.5920567409558047,-0.10593171653229336,5.6461896969648375,-0.11024172359220387,2
482,2024-10-02 20:42:00.407548160,TASK_BEGIN,024,0.1988837675547385,0.03802506456472982,3.7504143079355274,-1.236090118370357,0.6071499006350572,-0.1160837384406561,5.678303854787611,-0.08920780445265945,2
483,2024-10-02 20:42:01.360377856,TASK_BEGIN,024,0.20174117686692256,0.027091106986566513,3.7341706325758652,-1.2785698105402101,0.6274144440654041,-0.12710465789538097,5.728370478291351,-0.0740127700121887,2
484,2024-10-02 20:42:01.428129024,TASK_BEGIN,024,0.20822182540064835,0.014657697700946574,3.727810935060418,-1.3222955009393096,0.651818887793231,-0.13877865714142204,5.793565986982121,-0.06403861727362598,2
485,2024-10-02 20:42:01.482610944,TASK_BEGIN,024,0.21874812455979584,0.000927126472601947,3.730343190887613,-1.3660381864089515,0.6789419968985902,-0.15082475004624887,5.870514156035929,-0.05839615800920264,2
486,2024-10-02 20:42:01.560270080,TASK_BEGIN,024,0.23352253897553182,-0.013830814427133303,3.740269641077106,-1.4084694024678541,0.7071475767491784,-0.16292637224733186,5.955178756086811,-0.0559956921947704,2
487,2024-10-02 20:42:01.631377920,TASK_BEGIN,024,0.25247912677446543,-0.029290918951832806,3.75583757255205,-1.4482719144261387,0.7347765976184666,-0.1747656234349616,6.042832980032732,-0.05563951117305842,2
488,2024-10-02 20:42:01.699141120,TASK_BEGIN,024,0.27524576349731805,-0.04508499628685914,3.775296053966585,-1.4842473340100804,0.7603086539610141,-0.18605426277256304,6.128089652388984,-0.05612255622164408,2
489,2024-10-02 20:42:01.761259008,TASK_BEGIN,024,0.3011426551415745,-0.06081830318846285,3.796956199853616,-1.515364003005679,0.782501236153841,-0.1965578161922536,6.205011133030573,-0.056349011484637314,2
490,2024-10-02 20:42:02.676899840,TASK_BEGIN,024,0.3292225948186822,-0.07608783094338505,3.818979123919436,-1.5407410002251678,0.8005095713055093,-0.20610743539232806,6.267407882859973,-0.055464059291538005,2
491,2024-10-02 20:42:02.738544896,TASK_BEGIN,024,0.3583345800442086,-0.09049959578967182,3.839013412179688,-1.5596006805563862,0.8139382764972878,-0.2145918878449222,6.309479774417948,-0.052972217672057995,2
492,2024-10-02 20:42:02.820964096,TASK_BEGIN,024,0.3871932491062271,-0.10368575072817503,3.853998668713671,-1.5712385551408352,0.8227837308763666,-0.22193099804437127,6.32685366910842,-0.048811049649243696,2
493,2024-10-02 20:42:02.877820160,TASK_BEGIN,024,0.41445046130703234,-0.11532225305328515,3.86038358128077,-1.5750400687811312,0.8272891958798252,-0.22804426773066316,6.317760886351521,-0.04335246629883084,2
494,2024-10-02 20:42:02.954999040,TASK_BEGIN,024,0.43877398386448124,-0.1251444753343553,3.8546962322285885,-1.5705281600615617,0.8277712015924628,-0.23282995298086198,6.283830825694959,-0.03731259400978105,2
495,2024-10-02 20:42:03.024251904,TASK_BEGIN,024,0.4589401083785229,-0.13295838710497263,3.8342214820017677,-1.5574188823087696,0.8244727537160979,-0.23616094353996092,6.230102299528508,-0.031590082129441636,2
496,2024-10-02 20:42:03.078242048,TASK_BEGIN,024,0.4739365953158373,-0.13864687869389292,3.7976053621282055,-1.535691932924603,0.8174823964966158,-0.2378942715195464,6.164271603547815,-0.0270850551929056,2
497,2024-10-02 20:42:04.035364864,TASK_BEGIN,024,0.4830516299558198,-0.14216984762386153,3.7453093553320196,-1.5056802472700044,0.806731019506771,-0.23788817397260692,6.0955076422612,-0.024545222298039876,2
498,2024-10-02 20:42:04.092689920,TASK_BEGIN,024,0.4859240496633612,-0.14355817825774295,3.679870495841842,-1.4681531757948159,0.7920542394434528,-0.23602407257702746,6.033203895863898,-0.024469345952363494,2
499,2024-10-02 20:42:04.170917888,TASK_BEGIN,024,0.48255607098646625,-0.14290730186652623,3.6059536014320144,-1.4243681294596957,0.7733025203704446,-0.23223426273441788,5.985870502616506,-0.027078591857906405,2
500,2024-10-02 20:42:04.232371968,TASK_BEGIN,024,0.47330070102299093,-0.14037538162685512,3.5301761919292973,-1.3760826999953781,0.750475724098907,-0.22653302328152164,5.960180363126954,-0.032339910193727193,2
501,2024-10-02 20:42:04.294416896,TASK_BEGIN,024,0.4588231432334506,-0.13618247610484627,3.4606204749540455,-1.325509702013813,0.7238402806505585,-0.21904182064991942,5.96018829812594,-0.040016264987218164,2
502,2024-10-02 20:42:04.372560128,TASK_BEGIN,024,0.44003749281161647,-0.1306025295352361,3.4060056376219974,-1.2751895883004603,0.6939825941139859,-0.2099987725645794,5.986862698439554,-0.049721215702296984,2
503,2024-10-02 20:42:04.434182912,TASK_BEGIN,024,0.41803843138667485,-0.123945766315617,3.374684972729265,-1.227782403011517,0.6617824963296847,-0.19974979520993139,6.038039572346059,-0.06095010238617099,2
504,2024-10-02 20:42:05.384964096,TASK_BEGIN,024,0.39404658197877657,-0.11653694905369513,3.373705657909573,-1.185821167554706,0.628322032502026,-0.18872359317569015,6.1087269097847825,-0.0730620230017746,2
505,2024-10-02 20:42:05.452788992,TASK_BEGIN,024,0.36936516906765554,-0.10869622251356001,3.408105434119461,-1.1514962489556027,0.5947488970029465,-0.17739305197956667,6.191576839672953,-0.08521269775640558,2
506,2024-10-02 20:42:05.520564992,TASK_BEGIN,024,0.3453329668319402,-0.10072512387705716,3.4805444227660636,-1.126531936869715,0.5621244813484333,-0.16622928532610462,6.277420789398851,-0.09627614714628503,2
507,2024-10-02 20:42:05.580474112,TASK_BEGIN,024,0.3232630996826311,-0.0928969170981058,3.591240460936267,-1.1121563154999197,0.5313121275288404,-0.15565893714828957,6.35592408908156,-0.1048144546318748,2
508,2024-10-02 20:42:05.656145920,TASK_BEGIN,024,0.30436988743897947,-0.0854495257415852,3.738051379892567,-1.1091136244352005,0.5029486009243984,-0.14603291288714995,6.416472291189662,-0.10913874025819062,2
509,2024-10-02 20:42:05.719852032,TASK_BEGIN,024,0.28969684013411706,-0.078579678126493,3.916606464309607,-1.117682131350809,0.4774930826048791,-0.137611068524503,6.449237747088245,-0.10745951742369575,2
510,2024-10-02 20:42:05.791696896,TASK_BEGIN,024,0.28005862245138224,-0.0724375824800995,4.120536279326666,-1.1376915938156962,0.45531722575239164,-0.13056598961911167,6.446155904781022,-0.09809077712762006,2
511,2024-10-02 20:42:06.735030016,TASK_BEGIN,024,0.2759992734556123,-0.06712182642686317,4.341888866586661,-1.1685362397145398,0.4367930090910436,-0.12500169255269516,6.40159196778057,-0.07967259837985607,2
512,2024-10-02 20:42:06.792527872,TASK_BEGIN,024,0.2777675582153854,-0.06267601290452622,4.571780930596844,-1.209185019869303,0.42234023684917754,-0.12097491820373724,6.312697168183688,-0.05137475440590588,2
513,2024-10-02 20:42:06.868866816,TASK_BEGIN,024,0.28532101257884407,-0.0590924881629847,4.80125252877753,-1.2582090518150346,0.4124246503572537,-0.11851161780078383,6.179476335242948,-0.013017938980392905,2
514,2024-10-02 20:42:06.938430976,TASK_BEGIN,024,0.29836338765103537,-0.056327815634012963,5.0221562542004,-1.3138440096329562,0.4075371666171594,-0.11762164698722746,6.004522782762665,0.034939762677972226,2
515,2024-10-02 20:42:07.006163968,TASK_BEGIN,024,0.3163940476525503,-0.05432603135417346,5.227841275388076,-1.374086822222063,0.40818487893303196,-0.11831439454317404,5.7925146674713925,0.09152432374769039,2
516,2024-10-02 20:42:07.068751872,TASK_BEGIN,024,0.33874543761310505,-0.053038881042768986,5.413497881144936,-1.436809581519599,0.41488057647914445,-0.12061135005714921,5.549751331607125,0.1553811503847758,2
517,2024-10-02 20:42:07.141736960,TASK_BEGIN,024,0.3646128912675689,-0.05243689438270114,5.576200345044161,-1.499866377163579,0.4280989108701772,-0.12455158595945838,5.283959759093032,0.22484932458171425,2
518,2024-10-02 20:42:08.056006144,TASK_BEGIN,024,0.3930995920342028,-0.05251582307684698,5.714762582504578,-1.561185975428832,0.44820080007399665,-0.1301911085823345,5.0043973784436595,0.2979628953207121,2
519,2024-10-02 20:42:08.128411136,TASK_BEGIN,024,0.42329750226690377,-0.053306790076835746,5.829510765321714,-1.6188703591176548,0.47535508357988987,-0.13759783565176864,4.722093935814146,0.3724083757826235,2
520,2024-10-02 20:42:08.195235072,TASK_BEGIN,024,0.45441189224422285,-0.05489146893745698,5.922046715608779,-1.6713108827704641,0.5094804713157696,-0.14684216435733072,4.449937370381087,0.4454863249541834,2
521,2024-10-02 20:42:08.256830720,TASK_BEGIN,024,0.4859037522918069,-0.05741323641739893,5.994981754005661,-1.7172911134193387,0.550217492183784,-0.15798362376197375,4.202294364213937,0.5141315325691314,2
522,2024-10-02 20:42:08.331717120,TASK_BEGIN,024,0.5175909433310797,-0.06107299582763608,6.0515073929067364,-1.7560240998344718,0.5969325721778546,-0.1710543781553886,3.994070876561726,0.5750329682235152,2
523,2024-10-02 20:42:08.399501056,TASK_BEGIN,024,0.5496611058542588,-0.06610789262363385,6.094738946810347,-1.7871033101744749,0.6487541665674403,-0.18604121915424132,3.8393971357622494,0.6248641609678155,2
524,2024-10-02 20:42:08.458052096,TASK_BEGIN,024,0.5825962069157766,-0.07276181261806929,6.1270031061952475,-1.810394103367596,0.7046412909186407,-0.20287346283696125,3.7501949838950255,0.6605974163495497,2
525,2024-10-02 20:42:09.409725952,TASK_BEGIN,024,0.6170418805727433,-0.08125814431576342,6.1493553497696185,-1.825910200892109,0.7634810045615034,-0.22142770455929384,3.7348238084335508,0.6798439197870619,2
526,2024-10-02 20:42:09.478503936,TASK_BEGIN,024,0.6536653595629821,-0.09178141691742298,6.161512918588091,-1.8337185412662351,0.8241973550140451,-0.24155117567889167,3.7970243572722984,0.6811459804869888,2
527,2024-10-02 20:42:09.533859072,TASK_BEGIN,024,0.6930455763872797,-0.10447128094461755,6.1622284808419225,-1.8339128411867247,0.8858421098174953,-0.26309155229979075,3.935400226896621,0.6641527116973384,2
528,2024-10-02 20:42:09.610549760,TASK_BEGIN,024,0.7356247179931673,-0.11942905511353724,6.149954689739785,-1.826667123437538,0.9476545661180907,-0.28592048108882506,4.143543330521953,0.6296467269852164,2
529,2024-10-02 20:42:09.673388032,TASK_BEGIN,024,0.7817236741629127,-0.1367322827418595,6.123468708054056,-1.8123311447810215,1.0091034412311524,-0.30994839460392987,4.410724280563632,0.5794472195456651,2
530,2024-10-02 20:42:09.734565888,TASK_BEGIN,024,0.8315971855633095,-0.15644909788775144,6.0821346285613025,-1.7915045002738796,1.0699130633480487,-0.3351322023683178,4.722942983258092,0.5162496670598472,2
531,2024-10-02 20:42:09.812366848,TASK_BEGIN,024,0.8854887873415342,-0.17864488426370634,6.025773399390465,-1.7650386431518468,1.1300493181401112,-0.36147368785397727,5.064111807332126,0.4434414228265508,2
532,2024-10-02 20:42:10.760743936,TASK_BEGIN,024,0.9436506425424269,-0.20337804006176213,5.954402174689247,-1.733955424445659,1.189645167007004,-0.389005746387678,5.4173018688631736,0.36487380869674846,2
533,2024-10-02 20:42:10.820155904,TASK_BEGIN,024,1.0063190981945438,-0.23068708009929637,5.86810514833203,-1.6993247576154273,1.2488853273226292,-0.4177691692588352,5.766168057531509,0.2845417357714168,2
534,2024-10-02 20:42:10.896366080,TASK_BEGIN,024,1.0736588567065888,-0.26057515556481936,5.76710615824126,-1.662176705773643,1.3079068788735722,-0.4477880553968238,6.096541610339953,0.2061760609854564,2
535,2024-10-02 20:42:10.958948864,TASK_BEGIN,024,1.1456851723149737,-0.2929966413352543,5.651992838049333,-1.6234993479774067,1.3667604041649448,-0.4790500875716178,6.397817909610302,0.13284910321998317,2
536,2024-10-02 20:42:11.021868032,TASK_BEGIN,024,1.222163297077586,-0.32784478829021685,5.524029919076331,-1.5843133110041836,1.4254291095813636,-0.5114931101869409,6.66362845050981,0.06673090974924578,2
537,2024-10-02 20:42:11.099553280,TASK_BEGIN,024,1.3024979122397837,-0.3649371141616231,5.385485734810923,-1.5457707613446718,1.4838753831995792,-0.5449985532172841,6.891536762702617,0.009078702535367541,2
538,2024-10-02 20:42:11.160681984,TASK_BEGIN,024,1.3856474971057282,-0.40399863808737346,5.239877545674938,-1.5092269684400534,1.542085515946215,-0.5793912310171258,7.081929911416405,-0.03956851977786246,2
539,2024-10-02 20:42:12.110829056,TASK_BEGIN,024,1.4700972113115882,-0.4446467148618411,5.092059803414702,-1.4762591678102375,1.600101273493859,-0.6144440741855335,7.236633240393913,-0.07911692031544493,2
540,2024-10-02 20:42:12.178606080,TASK_BEGIN,024,1.5539062323489503,-0.48638250873959027,4.948090178563177,-1.4486243115755724,1.6580417592042331,-0.6498878301677402,7.357798426165358,-0.10969721202382615,2
541,2024-10-02 20:42:12.231268864,TASK_BEGIN,024,1.6348301270368872,-0.5285946200047961,4.8148111604484285,-1.428145239701192,1.7161091770666859,-0.6854231954372013,7.447249129086655,-0.13153252336073876,2
542,2024-10-02 20:42:12.314117888,TASK_BEGIN,024,1.710502727001647,-0.5705784721248423,4.699155758282777,-1.416525813712715,1.7745629178338482,-0.7207297555839753,7.506125730451035,-0.1448578981750125,2
543,2024-10-02 20:42:12.370035968,TASK_BEGIN,024,1.7786441051810231,-0.6115690291914199,4.607294762184914,-1.4151311504466362,1.8336516861648828,-0.755469129002337,7.534711273431906,-0.14987472475219263,2
544,2024-10-02 20:42:12.447675136,TASK_BEGIN,024,1.837254121161772,-0.6507789958625979,4.5437960540829865,-1.424787362216972,1.8934961243998316,-0.7892825248157449,7.5324925399236635,-0.14675002008556046,2
545,2024-10-02 20:42:12.509209088,TASK_BEGIN,024,1.8847627628645134,-0.6874351846051792,4.510954340804063,-1.4456322111794453,1.9539429253021718,-0.8217859505152516,7.498455059714286,-0.13564570720613664,2
546,2024-10-02 20:42:13.454416128,TASK_BEGIN,024,1.9201242453145904,-0.7208092994899098,4.508412443061828,-1.4770237334683434,2.0144643992275872,-0.8525728387788909,7.431463173084707,-0.11675102062340019,2
547,2024-10-02 20:42:13.515985152,TASK_BEGIN,024,1.9428444838382952,-0.7502409107870854,4.533157997733372,-1.5175183501041447,2.0741692031717847,-0.8812319274516255,7.330615450304042,-0.09031354878659274,2
548,2024-10-02 20:42:13.592375040,TASK_BEGIN,024,1.9529357639520983,-0.7751514141193789,4.5799518873576055,-1.5649382120091953,2.131900764052001,-0.9073725268636829,7.195649128381836,-0.05667414687947323,2
549,2024-10-02 20:42:13.664190976,TASK_BEGIN,024,1.9508109678444674,-0.7950499517109592,4.642195118334413,-1.6165402583830246,2.1863388210474586,-0.930639732744328,7.02751726519284,-0.016311124433335128,2
550,2024-10-02 20:42:13.731136000,TASK_BEGIN,024,1.9371453071516986,-0.8095329221190605,4.713108599109915,-1.669282766076447,2.236059472149901,-0.9507144055936543,6.829037486698765,0.030100462927783015,2
551,2024-10-02 20:42:13.795585024,TASK_BEGIN,024,1.9127409916074474,-0.8182795188852282,4.786929185857989,-1.720156548355908,2.279577218000252,-0.9673095913158177,6.605274058430348,0.08163523830011793,2
552,2024-10-02 20:42:13.855958016,TASK_BEGIN,024,1.8784341488428435,-0.8210494870767074,4.859799674271863,-1.76651772669397,2.3154048993502454,-0.9801745374081098,6.363393988851349,0.1371201428613305,2
553,2024-10-02 20:42:14.781361152,TASK_BEGIN,024,1.835062894142884,-0.8176896769218917,4.930217002592898,-1.8063542595516768,2.342150361570444,-0.9891074115451615,6.112045469553962,0.19521469116717047,2
554,2024-10-02 20:42:14.843416064,TASK_BEGIN,024,1.783473367347802,-0.8081487054911191,4.999065451998296,-1.8384319643994693,2.358658127863349,-0.9939734953684101,5.860538289093636,0.2545197057330841,2
555,2024-10-02 20:42:14.920909824,TASK_BEGIN,024,1.7245246485226218,-0.7924910448617072,5.069228982826806,-1.8622855457071623,2.364179520666433,-0.9947250725336166,5.618071475041603,0.3136556816204723,2
556,2024-10-02 20:42:14.987681024,TASK_BEGIN,024,1.6590748707069158,-0.7709005236476791,5.144772943499927,-1.878070978665188,2.358526748447336,-0.9914187267954626,5.393040190702973,0.37132648019560605,2
557,2024-10-02 20:42:15.044218112,TASK_BEGIN,024,1.5879536897112116,-0.743669508370501,5.229865445876958,-1.8863560923372165,2.3421763066227936,-0.9842270794330846,5.192394924971503,0.42641212114784083,2
558,2024-10-02 20:42:15.120982784,TASK_BEGIN,024,1.511938592655398,-0.7111793951042233,5.327742455480117,-1.887926463609487,2.316309175845729,-0.9734424500261305,5.021165073892142,0.47806226468172336,2
559,2024-10-02 20:42:15.187675904,TASK_BEGIN,024,1.4317584934264191,-0.673883026791883,5.439955186077244,-1.8836376473970617,2.28276340047109,-0.9594677297030808,4.88229105015791,0.5257199659692656,2
560,2024-10-02 20:42:16.121452032,TASK_BEGIN,024,1.3481378876128223,-0.632296869614756,5.565996005531171,-1.874319356858729,2.243862517188074,-0.9427905224777862,4.776798090440558,0.5690531248524854,2
561,2024-10-02 20:42:16.199117824,TASK_BEGIN,024,1.2618662908902845,-0.5870027080737874,5.703290181327346,-1.86072828937511,2.2021223790212616,-0.9239424664987519,4.704266359240025,0.6078226069630939,2
562,2024-10-02 20:42:16.271091968,TASK_BEGIN,024,1.1738495273346548,-0.5386504793637941,5.847462643014169,-1.8435271740351082,2.1598988719338763,-0.9034510167285187,4.663487789204212,0.641728364832803,2
563,2024-10-02 20:42:16.339369216,TASK_BEGIN,024,1.085102822868738,-0.48795231590023647,5.992743921896828,-1.823263693363498,2.1190601960662208,-0.8817924438786418,4.6531141821537085,0.6702720504398836,2
564,2024-10-02 20:42:16.399591168,TASK_BEGIN,024,0.9966876399546877,-0.4356647075750876,6.132428276176805,-1.80034958245813,2.0807486485485645,-0.8593535379390621,4.672103903180036,0.6926695096602998,2
565,2024-10-02 20:42:16.462078976,TASK_BEGIN,024,0.9096314823068243,-0.3825630405251888,6.259407231184097,-1.7750618913679956,2.045268677759093,-0.8364061462047896,4.719855921688202,0.7078500102224445,2
566,2024-10-02 20:42:16.539321088,TASK_BEGIN,024,0.8248622972396622,-0.32941225266729507,6.366817706103596,-1.7475848679042814,2.0121104328035604,-0.8130943206027644,4.795942251411863,0.7145848827894088,2
567,2024-10-02 20:42:17.483776000,TASK_BEGIN,024,0.7431573576798097,-0.27693305747993496,6.448737661883524,-1.7180975186097667,1.980093442748201,-0.7894321552293706,4.899440109370914,0.711745959344815,2
568,2024-10-02 20:42:17.545760000,TASK_BEGIN,024,0.6650958941998327,-0.22576484093342852,6.500781695134621,-1.686888569781977,1.9475932048556601,-0.7653106738451029,5.0281730402002225,0.6986011435446972,2
569,2024-10-02 20:42:17.607367936,TASK_BEGIN,024,0.5910188921076297,-0.176431730418323,6.520485380629113,-1.6544516413555033,1.9127973315503932,-0.7405113676773832,5.178336237470982,0.6750166630073553,2
570,2024-10-02 20:42:17.685430784,TASK_BEGIN,024,0.5210114037260626,-0.1293191461899182,6.5074472291400856,-1.6215138652388377,1.873947215703515,-0.7147264221321472,5.34468423130305,0.6415163697931904,2
571,2024-10-02 20:42:17.747449088,TASK_BEGIN,024,0.45492265487874733,-0.08466480605190549,6.463239244387424,-1.5889902797611033,1.8295506993028134,-0.6875904669302647,5.521048996303041,0.5992545440838186,2
572,2024-10-02 20:42:17.809441792,TASK_BEGIN,024,0.39242948767300967,-0.04256420965362732,6.3911411562053635,-1.5578988585590385,1.7785666068786223,-0.658725665680027,5.700881573074275,0.5499725123289572,2
573,2024-10-02 20:42:17.886658816,TASK_BEGIN,024,0.33312557768651,-0.002985338083952102,6.2958086276118115,-1.52928135552002,1.7205547121457996,-0.6277927377853372,5.877688310642262,0.4959388772062152,2
574,2024-10-02 20:42:18.809548032,TASK_BEGIN,024,0.2765996827851102,0.03421704027475568,6.18294339012183,-1.5041465526767914,1.655775383989936,-0.5945385727037132,6.045372257579724,0.43982149065415227,2
575,2024-10-02 20:42:18.877124096,TASK_BEGIN,024,0.22248738587264846,0.0692912345455224,6.058928270992692,-1.4834186865647208,1.5852284943258268,-0.5588389286237783,6.1985207240405655,0.3844726825602362,2
576,2024-10-02 20:42:18.939611904,TASK_BEGIN,024,0.170521593369165,0.10257167838579317,5.930414430594623,-1.467875731261904,1.5106314134102812,-0.5207368338715209,6.332619777936559,0.3326800671316389,2
577,2024-10-02 20:42:19.002042880,TASK_BEGIN,024,0.1205971977280026,0.13444210444287844,5.80394158361999,-1.458082706107331,1.4343291959011129,-0.48046665893433266,6.4440926749482115,0.28694927125790604,2
578,2024-10-02 20:42:19.079765248,TASK_BEGIN,024,0.07281876308485932,0.16528376065433487,5.685645076727527,-1.4543287526393167,1.359118416301893,-0.438448989585216,6.530122739376563,0.24934116896500597,2
579,2024-10-02 20:42:19.149105920,TASK_BEGIN,024,0.027501017988044135,0.19542579472513422,5.581049945576641,-1.456582525752433,1.2879828696360436,-0.3952529398107092,6.588393403388842,0.22136630206898464,2
580,2024-10-02 20:42:19.203511040,TASK_BEGIN,024,-0.014866955945609186,0.22510758755015783,5.4949576536439935,-1.4644951801491306,1.2237799115061287,-0.3515360598838631,6.6169549635108975,0.20394663647012792,2
581,2024-10-02 20:42:20.152280064,TASK_BEGIN,024,-0.0536703820178333,0.2544526619248006,5.431394739477056,-1.4774624568452177,1.1689399290263238,-0.30797923597261995,6.614363028622658,0.19743348426111498,2
582,2024-10-02 20:42:20.228192000,TASK_BEGIN,024,-0.08821855546174505,0.2834514288122027,5.393554935761761,-1.4947146291096378,1.1252262163887279,-0.2652350263502215,6.5800590606325295,0.20164756258067248,2
583,2024-10-02 20:42:20.295939072,TASK_BEGIN,024,-0.11779168202163225,0.3119520517708893,5.383706378514037,-1.515391619411852,1.093577065547487,-0.22389826095628798,6.514749475924353,0.21593711496021673,2
584,2024-10-02 20:42:20.363665920,TASK_BEGIN,024,-0.14169418795631203,0.3396621724844222,5.403072541377923,-1.5385862819959333,1.074049598651182,-0.18449414386642307,6.420455184624589,0.23929493924428508,2
585,2024-10-02 20:42:20.431426048,TASK_BEGIN,024,-0.15932811109226652,0.3661640271300008,5.451699514174563,-1.5633653634322604,1.0658790635339455,-0.1474752310249083,6.300088463563224,0.27055303111305373,2
586,2024-10-02 20:42:20.491985152,TASK_BEGIN,024,-0.17027136937600115,0.39094022771549086,5.528335109007757,-1.5887897158203321,1.067629983207058,-0.11322305935051577,6.156779789784235,0.3085921289566051,2
587,2024-10-02 20:42:20.566930944,TASK_BEGIN,024,-0.1743222439090352,0.41340519223693006,5.630346511473868,-1.6139525735421143,1.077389439112189,-0.08205482457024005,5.993375410245711,0.35246517752933854,2
588,2024-10-02 20:42:21.500550144,TASK_BEGIN,024,-0.17149236717102848,0.4329400741102078,5.753691488976673,-1.6380407999053639,1.0929674060022232,-0.05423682904836124,5.812350059011233,0.40138712367934587,2
589,2024-10-02 20:42:21.578162944,TASK_BEGIN,024,-0.16196765601608928,0.44893074906732044,5.892968808507583,-1.6604095672239882,1.112089248420109,-0.0300012626999143,5.616032668849093,0.45462957721228375,2
590,2024-10-02 20:42:21.639691264,TASK_BEGIN,024,-0.1460713225299267,0.4608081980171624,6.041579974028841,-1.680646606465433,1.132575032932688,-0.009556657455479258,5.406893012831133,0.5113992458987553,2
591,2024-10-02 20:42:21.713709312,TASK_BEGIN,024,-0.12425037045165066,0.4680908621437673,6.192006116307976,-1.6985934628431105,1.1525025450253106,0.006914943745623013,5.1877946815775315,0.5707532771772978,2
592,2024-10-02 20:42:21.778974976,TASK_BEGIN,024,-0.09708199106339158,0.4704270401029876,6.336175746944586,-1.7143007460288138,1.1703321169034717,0.019273714895488365,4.962265550840081,0.6315593281820397,2
593,2024-10-02 20:42:21.849209088,TASK_BEGIN,024,-0.06528542014029906,0.4676321009186051,6.465900001957609,-1.7279163573135312,1.1849613368373653,0.02744441087900136,4.734743466600432,0.6924873788189972,2
594,2024-10-02 20:42:21.916968960,TASK_BEGIN,024,-0.02973377113237269,0.4597139141864173,6.57338157616399,-1.7395436928317705,1.1957113218513968,0.03143408439638183,4.510648628863064,0.7520252002253293,2
595,2024-10-02 20:42:22.847075840,TASK_BEGIN,024,0.008537856729703884,0.44688133278306474,6.651818516122295,-1.7491489992492788,1.2022760456812038,0.031336657436740634,4.29619257182444,0.8085248544919507,2
596,2024-10-02 20:42:22.924692992,TASK_BEGIN,024,0.04834469103348723,0.429534089802501,6.696054692080173,-1.7565790771742185,1.2046527637091624,0.02732790868588428,4.09793637997109,0.8602945957059837,2
597,2024-10-02 20:42:22.987227904,TASK_BEGIN,024,0.08840312470531085,0.40823684393560516,6.703153010063176,-1.7616717196300062,1.20305725944794,0.019660403445079706,3.922160142781401,0.9057431377394167,2
598,2024-10-02 20:42:23.048305920,TASK_BEGIN,024,0.1274161916220578,0.38368257361876895,6.672813345659171,-1.7643903033555577,1.19783978904405,0.008659936929003102,3.7741713647192894,0.9435639183160681,2
599,2024-10-02 20:42:23.125521920,TASK_BEGIN,024,0.16416901029503353,0.3566503518257893,6.6076214301092095,-1.7649247918615245,1.1894225250632269,-0.005284750215501122,3.657782843622287,0.9729159963030644,2
600,2024-10-02 20:42:23.187538944,TASK_BEGIN,024,0.1976142336439674,0.32796066110525757,6.513058057495293,-1.7637335740167757,1.1782677319623664,-0.02174627194086553,3.575164718093201,0.9935445008726158,2
601,2024-10-02 20:42:23.265694976,TASK_BEGIN,024,0.22694216537203862,0.2984293802013224,6.397131019722938,-1.7615228992586036,1.1648844745241311,-0.04029580836768553,3.5270809202598756,1.005807546153385,2
602,2024-10-02 20:42:24.201029120,TASK_BEGIN,024,0.25163022812859287,0.26882251022731124,6.269596579820845,-1.7591790594025838,1.1498768228538352,-0.0605449454398053,3.513359940285645,1.0106067955543756,2
603,2024-10-02 20:42:24.278189056,TASK_BEGIN,024,0.2714639840446404,0.23981679945446063,6.140973987806908,-1.757688927166958,1.1340040542483953,-0.0821782582840683,3.533405233861011,1.009239317618936,2
604,2024-10-02 20:42:24.339761920,TASK_BEGIN,024,0.28652837564296413,0.21197190594323273,6.021655537316234,-1.7580760442851155,1.1182013326996099,-0.10496220052459022,3.5865605192022714,1.003214576970571,2
605,2024-10-02 20:42:24.413969920,TASK_BEGIN,024,0.29717164231676996,0.1857164916454868,5.9212190992622675,-1.761336287801297,1.1035407511173116,-0.12872873693026116,3.672214816920184,0.9940961454697291,2
606,2024-10-02 20:42:24.481733888,TASK_BEGIN,024,0.3039524571632258,0.16134507495871594,5.847799908643165,-1.7683359088515889,1.0911640667471834,-0.15334905869550036,3.7896439500380334,0.9834022830637913,2
607,2024-10-02 20:42:24.549509888,TASK_BEGIN,024,0.30759483989975156,0.13901830145646693,5.807383184777896,-1.7796625837681326,1.0822287363410121,-0.17871313873800915,3.93770271003409,0.9725434847285801,2
608,2024-10-02 20:42:24.616988928,TASK_BEGIN,024,0.3089636409948475,0.11876317013984446,5.803092152830499,-1.7954663186600557,1.077869850637578,-0.20471488874847038,4.114577497807549,0.9627393874282627,2
609,2024-10-02 20:42:25.526294016,TASK_BEGIN,024,0.30903978233907553,0.10047895819091354,5.8347055499341325,-1.8153559984662069,1.0791365506650403,-0.23123050403262171,4.3177236628866735,0.9548906827715542,2
610,2024-10-02 20:42:25.588376832,TASK_BEGIN,024,0.30886615627111913,0.08395702420469703,5.898594859895274,-1.838397613136896,1.0868623643229554,-0.2580832855654733,4.543851646785666,0.9494608159545486,2
611,2024-10-02 20:42:25.666004992,TASK_BEGIN,024,0.3094577201897249,0.06891583781906742,5.988101001126254,-1.8631979334172013,1.1014763755171457,-0.2850034413658214,4.788782159836618,0.9464464768017753,2
612,2024-10-02 20:42:25.727596032,TASK_BEGIN,024,0.31168837000093397,0.05504573142667029,6.0942618876943895,-1.8880224772413206,1.122808029681288,-0.31159724545220785,5.047260170650552,0.9454427766311064,2
613,2024-10-02 20:42:25.806775808,TASK_BEGIN,024,0.31617368421277775,0.04205677573266531,6.206777459169347,-1.9109233054618568,1.149951480948227,-0.33733382340524487,5.312955654903396,0.9457358225450987,2
614,2024-10-02 20:42:25.874562048,TASK_BEGIN,024,0.3231721350090391,0.029725209589888606,6.3150352772576275,-1.929878041503758,1.1812397189901749,-0.3615511603749057,5.578691601901419,0.9463672148541096,2
615,2024-10-02 20:42:25.928345856,TASK_BEGIN,024,0.33252306535830584,0.017934573384616268,6.408965126942201,-1.9429254985978335,1.2143438403385518,-0.38348173187568413,5.83670161210907,0.9461692339141784,2
616,2024-10-02 20:42:26.877336064,TASK_BEGIN,024,0.34362835562587085,0.006705267435593909,6.479556465430094,-1.948270078979825,1.24647633841816,-0.402300721210957,6.07862934423618,0.943813085089071,2
617,2024-10-02 20:42:26.953548800,TASK_BEGIN,024,0.35548259526243975,-0.0037973728639675093,6.519022554683967,-1.9443449535169162,1.274649435487373,-0.41719705392849044,6.295092227798781,0.9379316978293161,2
618,2024-10-02 20:42:27.021344000,TASK_BEGIN,024,0.36676200373715206,-0.01328506084248172,6.520759803910011,-1.929845863382269,1.295922023548718,-0.4274544078403233,6.474997153391779,0.9273308712996569,2
619,2024-10-02 20:42:27.089068800,TASK_BEGIN,024,0.37597288573586757,-0.021397047944560002,6.479312608326923,-1.9037511133885432,1.3075855296883565,-0.43252078024099855,6.605207503065751,0.9111997150960526,2
620,2024-10-02 20:42:27.156851200,TASK_BEGIN,024,0.3816329112407072,-0.027765171740448468,6.3904552825680625,-1.8653374401726803,1.307292035306842,-0.4320535324154969,6.6711410955427715,0.8892031696640751,2
621,2024-10-02 20:42:27.224616960,TASK_BEGIN,024,0.3824380915371017,-0.0320752382682123,6.2514085613318775,-1.814206008786133,1.2931684118158424,-0.4259404342221792,6.658320900262843,0.8614455632119367,2
622,2024-10-02 20:42:27.278874112,TASK_BEGIN,024,0.37737907382783636,-0.03411227820709913,6.061168326017536,-1.7503346850728339,1.2639472480225173,-0.41430156147077557,6.554363870686661,0.828388769594832,2
623,2024-10-02 20:42:28.233764864,TASK_BEGIN,024,0.36580577288864746,-0.0337865141389309,5.820817004254229,-1.6741412450275852,1.2190940196297018,-0.39747391556197076,6.350865875343383,0.7907659698992777,2
624,2024-10-02 20:42:28.295417856,TASK_BEGIN,024,0.3474636613436227,-0.031142780010399152,5.533608463042058,-1.5865109247658187,1.1588831599273597,-0.3759803627522558,6.04488855681119,0.7494620834173995,2
625,2024-10-02 20:42:28.371454208,TASK_BEGIN,024,0.32251957607280585,-0.026357520658182625,5.204732813302893,-1.4887625066552796,1.0844012867724178,-0.35048872543848747,5.639878708449356,0.7053614117371526,2
626,2024-10-02 20:42:28.437120000,TASK_BEGIN,024,0.29157484006599266,-0.019727208860462902,4.840871551039121,-1.3825689776289773,0.9974828468744582,-0.3217678474404651,5.14590390180935,0.6592207462354578,2
627,2024-10-02 20:42:28.496040960,TASK_BEGIN,024,0.25564715943611716,-0.011650834245114709,4.449732588183303,-1.269863338284221,0.9005829847093434,-0.29064440437268696,4.579192912894621,0.6116191857474604,2
628,2024-10-02 20:42:28.574714112,TASK_BEGIN,024,0.21610573527243912,-0.00260737655035209,4.039675392255201,-1.152752017777661,0.7966027334946817,-0.25796422822200943,3.9610636053800095,0.5629865898467831,2
629,2024-10-02 20:42:28.633827840,TASK_BEGIN,024,0.17456707970665863,0.006871539524520842,3.6194136438581603,-1.0334406239892104,0.6887049843534623,-0.22456318338547424,3.3163726608175548,0.5136689216917018,2
