,discrete_label,continuous_label,binary_label,L_O_DSphi,L_D_DSphi,R_D_DSphi,R_O_DSphi,L_O_DSI,R_D_DSI,R_O_DSI,L_D_DSI,pid,condition
0,0,0.8359758928366036,0,[-1.82449852  0.14998052 10.43718693 21.04263216 -1.24357596 -0.34225733],"[  0.18390985   0.04002325 -39.01936597   9.17604564  -1.23385989
   0.37613322]",[-0.06088217  0.12387458 12.74965866  2.77622683 -1.30123097 -0.1175494 ],[-1.04539424  0.62374697  2.53139872  4.64630963 -1.30000026 -0.13017363],[ 0.14099247  0.13111833 12.04178202  0.30219947 -1.30005098 -0.13171327],"[  0.30749298   0.07988112 -19.76852698   8.07868334  -1.30195501
   0.12449772]",[ 0.42678402  0.29035556  5.44022497 -0.32180109 -1.3028766  -0.10919428],"[-3.46327516e-02  2.60994072e-02 -6.05198162e+01 -9.59677579e-02
 -1.30274311e+00  1.11561659e-01]",003,FP
1,0,0.8359758928366036,0,[-1.74304253  0.11393582 13.58743479 25.68347677 -1.15403539 -0.48925983],"[ 1.62803137e-01  2.92049549e-02 -5.24803554e+01  1.05439665e+01
 -1.10072249e+00  5.75455981e-01]","[ 1.33722456e-02  1.12949193e-01  1.39697924e+01  1.81319250e+00
 -1.29323776e+00 -1.59229765e-01]",[-0.67313934  0.56376519  2.79769341  3.88323751 -1.2890953  -0.17413268],[ 0.21912741  0.11827556 13.33369541 -0.92177816 -1.28917748 -0.17815056],"[  0.25980217   0.07239259 -21.78867647   7.66074534  -1.29124273
   0.17167919]",[ 0.60137553  0.26639822  5.92445513 -1.56282234 -1.29478626 -0.14957184],"[-5.02904500e-02  2.38722002e-02 -6.61027458e+01 -1.32433683e+00
 -1.29534102e+00  1.55505452e-01]",003,FP
2,0,0.8359758928366036,0,[-1.68450531  0.07662514 19.69769677 35.18087482 -0.97421334 -0.69606432],"[ 1.48877850e-01  1.77180876e-02 -8.09376301e+01  1.40498203e+01
 -7.48090381e-01  8.89345073e-01]",[ 0.08008617  0.09993385 15.766255    0.73734109 -1.2811083  -0.20754512],[-0.34119071  0.49437851  3.18564232  3.08691155 -1.27489869 -0.22009089],[ 0.28852275  0.10322287 15.25145481 -2.40039166 -1.27388395 -0.23014001],"[  0.21723919   0.06347308 -24.80907903   7.38950421  -1.27602966
   0.22322127]",[ 0.75948236  0.23765762  6.63289074 -3.03756348 -1.28362315 -0.19292674],"[-6.43700872e-02  2.11269119e-02 -7.45692857e+01 -2.80003143e+00
 -1.28325058e+00  2.09955887e-01]",003,FP
3,2,1.0091544166095787,1,"[-1.64870936e+00  4.22895137e-02  3.27787282e+01  5.60425961e+01
 -5.62302774e-01 -1.00442660e+00]","[ 1.42434483e-01  8.09972805e-03 -9.35740404e+01  1.53281701e+01
 -8.03415952e-01  7.24236471e-01]",[ 0.13807654  0.08529104 18.42984107 -0.5447286  -1.26206944 -0.26674622],[-0.05426161  0.41968777  3.74497951  2.20320862 -1.25613165 -0.27031142],[ 0.34799301  0.0866927  18.11020493 -4.30222475 -1.25097632 -0.29241169],"[  0.18055678   0.05361796 -29.29602608   7.28959627  -1.25417435
   0.28247191]",[ 0.89852101  0.20556544  7.6550843  -4.87825404 -1.26813116 -0.2415726 ],"[-7.65534071e-02  1.79162394e-02 -8.76633703e+01 -4.71092968e+00
 -1.26097068e+00  2.83250575e-01]",003,FP
4,2,1.0091544166095787,1,"[-1.63334949e+00  1.74832496e-02  3.38767985e+01  5.73326517e+01
 -9.74064625e-01 -6.55645492e-01]","[ 1.43132390e-01  9.49206070e-03  1.26626313e+02 -1.61243269e+01
 -5.52941108e-01  9.14508901e-01]",[ 0.1864475   0.06951148 22.52124839 -2.19903039 -1.23012524 -0.34484729],[ 0.18546957  0.34356973  4.56166796  1.15394939 -1.23030163 -0.3274639 ],[ 0.39681749  0.06941086 22.51668464 -6.93501439 -1.21386565 -0.37215539],"[  0.15020269   0.04331897 -36.11853353   7.42510103  -1.22105281
   0.35519757]",[ 1.01679787  0.17155306  9.14898805 -7.30267154 -1.24577608 -0.29918945],"[-8.65595464e-02  1.43066105e-02 -1.09083681e+02 -7.44223397e+00
 -1.21503696e+00  3.90150674e-01]",003,FP
5,2,1.0091544166095787,1,"[-1.63444387e+00  1.96035473e-02 -6.65416712e+01 -1.06758627e+02
 -7.68078875e-01 -8.01570428e-01]","[ 1.50047668e-01  1.70163447e-02  8.92068919e+01 -1.13852861e+01
 -1.10680573e+00  6.11158395e-01]",[ 0.2245863   0.05308988 29.2438006  -4.56775707 -1.16921318 -0.45895299],[ 0.37820921  0.26960575  5.78927784 -0.18955819 -1.19364135 -0.39458325],"[  0.43473552   0.05211539  29.73720039 -10.92781717  -1.14805804
  -0.4820718 ]","[ 1.26330710e-01  3.30375496e-02 -4.70321510e+01  7.94160505e+00
 -1.16599564e+00  4.52175972e-01]","[  1.11348446   0.13697953  11.41029164 -10.70518247  -1.21125613
  -0.37219299]","[-9.41546518e-02  1.04024530e-02 -1.47641848e+02 -1.19011668e+01
 -1.10626663e+00  5.61543283e-01]",003,FP
6,2,1.0091544166095787,1,"[-1.64695634e+00  3.04858053e-02 -5.09515717e+01 -8.19150139e+01
 -1.32717584e+00 -3.82167946e-01]","[ 1.61794455e-01  2.30480468e-02  6.79887210e+01 -9.00019809e+00
 -1.29882248e+00  3.07821737e-01]","[ 2.52143849e-01  3.65428423e-02  4.15720984e+01 -8.48214893e+00
 -1.02681119e+00 -6.47948291e-01]",[ 0.52628644  0.20099297  7.71764818 -2.06169359 -1.14016145 -0.47618544],"[ 4.61933755e-01  3.55680608e-02  4.27586935e+01 -1.77516838e+01
 -1.01500766e+00 -6.48779307e-01]","[ 1.08827508e-01  2.31958479e-02 -6.60261179e+01  9.18545785e+00
 -1.06068291e+00  5.95738165e-01]","[  1.18854995   0.10308947  15.04627911 -15.88325434  -1.15202139
  -0.47302933]","[-9.91668624e-02  6.39934953e-03 -2.26289315e+02 -2.04404014e+01
 -7.94508102e-01  8.57111923e-01]",003,FP
7,2,1.0091544166095787,1,"[-1.66549003e+00  3.48314831e-02 -4.53426898e+01 -7.35177977e+01
 -1.40925888e+00 -1.25500445e-02]","[ 1.76697765e-01  2.64517556e-02  5.96959633e+01 -8.54814329e+00
 -1.34612585e+00  1.10122074e-01]","[ 2.69007581e-01  2.06958470e-02  6.68210710e+01 -1.59753746e+01
 -6.17787674e-01 -9.65229186e-01]",[ 0.63379602  0.14033378 10.94199742 -4.93499443 -1.05772161 -0.58126216],"[ 4.79014147e-01  2.06112728e-02  6.94314470e+01 -3.12586454e+01
 -6.91485381e-01 -9.23539596e-01]","[ 9.73495310e-02  1.42050347e-02 -1.03462312e+02  1.20720076e+01
 -8.15254779e-01  8.33086608e-01]","[  1.24266843   0.07102154  21.47449717 -24.68567971  -1.03301991
  -0.62828493]","[-1.01502323e-01  2.99633742e-03 -2.69733182e+02 -2.53785447e+01
 -7.71626381e-01  7.33058131e-01]",003,FP
8,2,1.0091544166095787,1,"[-1.68493692e+00  3.20295250e-02 -4.89276975e+01 -8.04400837e+01
 -1.33208889e+00  2.92630072e-01]","[ 1.92990985e-01  2.71000258e-02  5.83247229e+01 -9.25614570e+00
 -1.34537336e+00 -4.16749296e-02]","[ 2.75283194e-01  9.85737910e-03  2.30197892e+01 -4.33696111e+00
 -1.61801791e+00 -3.05135455e-01]",[ 0.70612888  0.08939729 16.84200103 -9.8926234  -0.91546775 -0.72998894],"[ 4.86932347e-01  9.01018457e-03  9.60385286e+01 -4.47642661e+01
 -5.76110121e-01 -8.73291757e-01]","[ 9.13670214e-02  6.73294140e-03 -1.72090176e+02  1.77233668e+01
 -3.30712392e-01  1.07201252e+00]","[  1.27711113   0.0419869   34.42424192 -41.96358252  -0.73881263
  -0.89112719]","[-1.01157238e-01  3.69139435e-03  3.16548071e+02  3.40211287e+01
 -4.60219864e-01  9.73865456e-01]",003,FP
9,2,0.9917153416769188,1,"[-1.70098176e+00  2.36732744e-02 -6.36826606e+01 -1.06323044e+02
 -1.07433613e+00  6.48682385e-01]","[ 2.09003019e-01  2.52650727e-02  6.24038421e+01 -1.10425914e+01
 -1.31842153e+00 -1.78649104e-01]","[ 2.71302599e-01  1.72839083e-02 -7.72653069e+01  2.29622786e+01
 -5.75476011e-01 -9.73236880e-01]","[  0.74939264   0.04909221  29.08238661 -19.79412637  -0.62208023
  -0.96463992]","[ 4.86908540e-01  9.05832656e-03 -1.27627091e+02  6.41427204e+01
 -5.68454476e-01 -8.79358410e-01]","[ 9.02141003e-02  4.41088816e-03  1.75827984e+02 -1.38621634e+01
 -9.63464444e-01  5.82843963e-01]","[ 1.29362631e+00  1.88324480e-02  5.08987401e+01 -6.38439492e+01
 -4.69160116e-01 -9.41172242e-01]","[-9.82231678e-02  7.14557685e-03  2.09411718e+02  2.25690823e+01
 -9.69457931e-01  7.20459723e-01]",003,FP
10,0,0.8168868079201113,0,"[-1.70046588e+00  2.46511198e-02  1.66371239e+01  3.02908617e+01
 -9.91927883e-01  7.00953717e-01]","[ 2.24028070e-01  2.24821059e-02  7.00609343e+01 -1.36956159e+01
 -1.24498763e+00 -2.17449484e-01]","[  0.24178073   0.06350673 -21.40516491   7.17535636  -0.09803894
  -1.26181414]",[ 0.76075699  0.02806846 -1.62818729  3.23865486 -1.71368613 -0.33619358],"[ 4.72461149e-01  3.27392362e-02 -4.17291344e+01  2.17153948e+01
 -1.36354421e-01 -1.23879913e+00]","[ 9.79071766e-02  1.85672292e-02  7.12485849e+01 -4.97574779e+00
 -3.12997209e-02  1.31162484e+00]","[  1.2789039    0.05075115 -22.27687352  30.48998053   0.14197763
  -1.41877197]","[-8.82334512e-02  1.99789358e-02  7.04364309e+01  8.21484940e+00
 -2.36719287e-01  1.15571524e+00]",003,FP
11,0,0.8168868079201113,0,"[-1.68710622e+00  4.32371573e-02  3.06684902e+01  5.37410004e+01
 -1.17292856e+00  6.79656380e-01]","[ 2.34463250e-01  1.59353597e-02  9.19954263e+01 -1.95695467e+01
 -1.11533059e+00 -5.35179856e-01]","[  0.2024001    0.08637314 -17.40451435   5.5226754   -1.60075524
  -0.42881488]","[  0.75324119   0.03937165 -33.54254659  27.26562786  -1.40149129
  -0.54710248]","[  0.4525809    0.04391124 -34.3663706   17.55356293  -1.61971731
  -0.40248166]","[ 1.09322221e-01  2.58810846e-02  5.79278707e+01 -4.33280350e+00
 -1.59357392e+00  4.41623122e-01]","[  1.24829128   0.07748842 -18.88276642  25.57119266  -1.53292762
  -0.52258177]","[-7.57871179e-02  2.62414198e-02  5.77151463e+01  6.37406460e+00
 -1.60245065e+00  3.98141399e-01]",003,FP
12,0,0.8168868079201113,0,[-1.65989098  0.06406808 23.97234406 41.79147776 -1.37925316  0.2830931 ],"[ 2.39559531e-01  9.23007504e-03  7.98829692e+01 -1.71367266e+01
 -1.02967772e+00 -2.62266769e-01]","[  0.15544395   0.09608343 -16.10792566   4.50387961  -1.63041832
   0.1411196 ]","[  0.73207704   0.05299764 -29.09834948  23.30223364  -1.55540555
  -0.05630227]","[  0.42891531   0.04803887 -32.18910611  15.80640027  -1.63189724
   0.16973269]","[ 1.23580966e-01  2.93091131e-02  5.28927605e+01 -4.53653845e+00
 -1.61510949e+00 -1.15596757e-01]","[  1.20471393   0.09389415 -16.51989763  21.90175085  -1.58895085
   0.02943616]","[-6.13790352e-02  2.87978411e-02  5.38108109e+01  5.30285565e+00
 -1.61862882e+00 -1.45762774e-01]",003,FP
13,0,0.8168868079201113,0,[-1.6185968   0.08017311 19.68460634 33.86144091 -1.16772561  0.04494908],"[ 2.38925897e-01  1.03923285e-02 -1.03617979e+02  2.67570186e+01
 -8.42281495e-01 -4.93345025e-01]","[  0.10358224   0.09083968 -16.87608259   3.74806241  -0.817148
   0.61867398]","[  0.70125843   0.05828042 -26.87015463  20.84292252  -1.03473873
   0.29992206]","[  0.40283994   0.04499566 -34.00898518  15.70017757  -0.78535021
   0.63164572]","[ 1.39928448e-01  2.85866416e-02  5.40345407e+01 -5.56096942e+00
 -8.75091887e-01 -5.20546683e-01]","[  1.15086311   0.09708382 -16.05229891  20.47399858  -0.97383959
   0.39087889]","[-4.55266132e-02  2.73906343e-02  5.61578431e+01  4.55667640e+00
 -8.36223370e-01 -5.74481153e-01]",003,FP
14,0,0.8168868079201113,0,[-1.56361816  0.08603361 18.29096978 30.60009243 -1.27261072  0.2404269 ],"[ 2.32494826e-01  1.78774758e-02 -8.64896758e+01  2.21084021e+01
 -1.15661814e+00 -4.97536365e-01]","[  0.04976544   0.06295944 -25.081514     3.24819261  -1.31874104
   0.12060713]","[  0.66368269   0.05151919 -30.66388348  22.35108857  -1.3032884
  -0.102687  ]","[ 3.75393142e-01  3.20752913e-02 -4.92937747e+01  2.05045450e+01
 -1.29948298e+00  1.45012777e-02]","[ 1.57750585e-01  2.20809395e-02  7.15984340e+01 -9.29469488e+00
 -1.30465941e+00  3.70715152e-02]","[  1.08910444   0.08136409 -19.42362307  23.15435414  -1.30515408
  -0.0763723 ]","[-2.87340617e-02  2.02117244e-02  7.82277290e+01  4.24780039e+00
 -1.30976857e+00 -8.03628399e-03]",003,FP
15,0,0.8243423463507253,0,[-1.50580789  0.0988856  15.9475351  26.01392417 -1.29223764  0.17899418],"[ 2.19780338e-01  2.35432961e-02 -6.65204458e+01  1.66198861e+01
 -1.25071031e+00 -3.33326970e-01]","[ 1.29571601e-02  5.61967152e-02 -2.80152727e+01  2.36299837e+00
 -1.29569814e+00  2.23860778e-01]","[  0.63041742   0.05451951 -28.99057707  20.27616479  -1.30744846
  -0.06698361]","[ 3.55103756e-01  3.19246438e-02 -4.95269660e+01  1.95872117e+01
 -1.29331923e+00  3.85348865e-03]","[ 1.71809188e-01  2.25324560e-02  7.01688076e+01 -1.00556459e+01
 -1.30349723e+00  2.20339269e-02]","[  1.03683288   0.08492584 -18.61406525  21.29967493  -1.30504968
  -0.05004681]","[-1.61096835e-02  1.99500993e-02  7.92473424e+01  3.27664960e+00
 -1.30572667e+00 -3.33366541e-02]",003,FP
16,0,0.8243423463507253,0,[-1.44082202  0.10917071 14.46563683 22.84240802 -1.30682286  0.12070157],"[ 2.03829423e-01  2.81625136e-02 -5.59281485e+01  1.33998022e+01
 -1.29843549e+00 -2.12018384e-01]","[-1.85758350e-02  4.63536303e-02 -3.37273480e+01  1.37348635e+00
 -1.24401413e+00  3.59175926e-01]","[  0.59563377   0.05635868 -28.05220331  18.7088397   -1.31021414
  -0.03280214]","[ 3.34706534e-01  3.21694883e-02 -4.91476505e+01  1.84500398e+01
 -1.28865518e+00 -2.33716951e-02]","[ 1.86104823e-01  2.27895063e-02  6.93793760e+01 -1.09118365e+01
 -1.30296675e+00  1.12061360e-02]","[  0.98260751   0.08730271 -18.10955235  19.79458208  -1.30436262
  -0.03111687]","[-3.70470649e-03  1.94204936e-02  8.14001762e+01  2.30156376e+00
 -1.30157840e+00 -4.92459620e-02]",003,FP
17,0,0.8243423463507253,0,[-1.3706512   0.11584149 13.64460422 20.70199319 -1.31740077  0.06054526],"[ 1.85509133e-01  3.12185595e-02 -5.05960935e+01  1.13860374e+01
 -1.32572555e+00 -1.04843412e-01]","[-4.30426990e-02  3.41322295e-02 -4.49497737e+01  6.52404210e-02
 -1.11611569e+00  5.63244622e-01]","[ 5.60128742e-01  5.68939360e-02 -2.77905894e+01  1.75663079e+01
 -1.31242244e+00  3.36345518e-03]","[ 3.13884485e-01  3.31116147e-02 -4.77376844e+01  1.69841185e+01
 -1.28448432e+00 -5.99314383e-02]","[ 2.00517894e-01  2.28898554e-02  6.90758929e+01 -1.18509526e+01
 -1.30297079e+00  1.82149668e-03]","[ 9.27112294e-01  8.87582468e-02 -1.78135474e+01  1.85151588e+01
 -1.30355098e+00 -1.72770969e-02]","[ 8.35084169e-03  1.87567046e-02  8.42760598e+01  1.29622397e+00
 -1.29818906e+00 -5.62573228e-02]",003,FP
18,0,0.8243423463507253,0,"[-1.29791617e+00  1.17875918e-01  1.34129211e+01  1.94088472e+01
 -1.32313990e+00 -5.46503435e-03]","[ 1.65986612e-01  3.22131534e-02 -4.90770894e+01  1.01461398e+01
 -1.33847623e+00  4.92989672e-03]","[-5.90867319e-02  2.06894010e-02 -6.86837520e+01 -2.05829844e+00
 -7.38958542e-01  8.94600662e-01]","[  0.5248514    0.05587104 -28.29376616  16.85002282  -1.31487714
   0.0482482 ]","[ 2.92163771e-01  3.49417046e-02 -4.52162359e+01  1.52105460e+01
 -1.28034434e+00 -9.77876680e-02]","[ 2.14944173e-01  2.28382758e-02  6.92315277e+01 -1.28809135e+01
 -1.30342397e+00 -8.18711831e-03]","[ 8.70886886e-01  8.94888180e-02 -1.76684867e+01  1.73872534e+01
 -1.30302033e+00 -6.64099666e-03]","[ 2.00037182e-02  1.80749162e-02  8.74557479e+01  2.50559866e-01
 -1.29589461e+00 -5.52926129e-02]",003,FP
19,0,0.8243423463507253,0,[-1.22577081  0.11448603 13.80249103 18.91869059 -1.32150015 -0.08089751],"[ 1.46700307e-01  3.07488608e-02 -5.13346330e+01  9.53080643e+00
 -1.33291627e+00  1.32752949e-01]","[-6.58816025e-02  9.83911826e-03 -5.19137192e+01 -1.42015901e+00
 -1.27172456e+00  4.62747925e-01]","[  0.49102343   0.05281571 -29.90242091  16.6827894   -1.31611797
   0.11520962]","[ 2.68982129e-01  3.77445094e-02 -4.18346413e+01  1.32527709e+01
 -1.27705402e+00 -1.29827354e-01]","[ 2.29274903e-01  2.26128149e-02  6.99197443e+01 -1.40308426e+01
 -1.30421989e+00 -2.06407148e-02]","[ 8.14381833e-01  8.96003539e-02 -1.76465426e+01  1.63710237e+01
 -1.30307417e+00  2.91045296e-03]","[ 3.12653041e-02  1.74652477e-02  9.05142423e+01 -8.29955311e-01
 -1.29462611e+00 -4.76040200e-02]",003,FP
20,0,0.8243423463507253,0,[-1.15767825  0.10535872 14.97016022 19.3306289  -1.30811466 -0.16991617],"[ 1.29276230e-01  2.66347028e-02 -5.88686123e+01  9.61031227e+00
 -1.29026708e+00  3.02424344e-01]","[-6.32080260e-02  1.50327687e-02  8.46617208e+01  7.35130025e+00
 -5.14964562e-01  9.83305459e-01]","[  0.46031106   0.046957   -33.51373463  17.42674256  -1.30523398
   0.23025372]","[  0.24376142   0.04149128 -38.03905742  11.27245455  -1.2762401
  -0.15083571]","[ 2.43382016e-01  2.21709033e-02  7.13078213e+01 -1.53550413e+01
 -1.30503112e+00 -3.71998072e-02]","[ 7.58019596e-01  8.90869256e-02 -1.77479828e+01  1.54533187e+01
 -1.30370394e+00  1.36742183e-02]","[ 4.21949010e-02  1.69894552e-02  9.30567617e+01 -1.92652085e+00
 -1.29420897e+00 -3.48821742e-02]",003,FP
21,0,0.8243423463507253,0,[-1.09708357  0.09083391 17.2906344  20.96927092 -1.27509909 -0.27980322],"[ 1.15392625e-01  2.00169614e-02 -7.64786462e+01  1.08250717e+01
 -1.13936754e+00  5.63023877e-01]","[-5.14989147e-02  2.73261009e-02  5.54004341e+01  4.85306223e+00
 -1.05137627e+00  6.48672861e-01]","[ 4.35013039e-01  3.73432253e-02 -4.15043582e+01  2.00549370e+01
 -1.22797929e+00  4.48842549e-01]","[  0.21598606   0.04602029 -34.28921609   9.40599262  -1.27900051
  -0.15805068]","[ 2.57108928e-01  2.14581735e-02  7.36635733e+01 -1.69395624e+01
 -1.30525586e+00 -5.92252617e-02]","[  0.70225565   0.08783441 -18.00022031  14.6407564   -1.30456603
   0.02764856]","[ 5.28808875e-02  1.66799944e-02  9.47894346e+01 -3.01254943e+00
 -1.29455967e+00 -1.96059339e-02]",003,FP
22,0,0.954760213003256,0,[-1.04704776  0.07192939 21.63074636 24.64842452 -1.2037837  -0.42685147],"[ 1.06613008e-01  1.17596299e-02 -1.13532194e+02  1.41040087e+01
 -6.32118628e-01  9.32326560e-01]","[-3.18393036e-02  3.84729676e-02  4.05508986e+01  3.29111237e+00
 -1.24330778e+00  3.84327704e-01]","[ 4.18189164e-01  2.37231505e-02 -5.89206250e+01  2.66399669e+01
 -8.14314969e-01  8.30305366e-01]","[  0.18528398   0.05102773 -30.929124     7.73067119  -1.28498681
  -0.15143732]","[ 2.70267052e-01  2.04201952e-02  7.73814172e+01 -1.89136475e+01
 -1.30410492e+00 -8.78777954e-02]","[  0.64762871   0.08565769 -18.45558061  13.95236393  -1.30510601
   0.04620846]","[ 6.34209744e-02  1.65375216e-02  9.56088271e+01 -4.06360498e+00
 -1.29570824e+00 -5.12521870e-03]",003,FP
23,0,0.954760213003256,0,[-1.00993218  0.05024438 30.19355505 32.49344279 -1.03456666 -0.64996347],"[ 1.04217204e-01  7.27821393e-03  3.97406597e+01 -2.14166042e+00
 -1.53956471e+00  3.40428011e-01]","[-5.91094136e-03  4.67586112e-02  3.36816421e+01  2.19909021e+00
 -1.31185744e+00  2.10508540e-01]",[ 0.41364672  0.0155262   9.34769057 -1.86664152 -1.63041949  0.30391571],"[  0.15150198   0.05608887 -28.14978548   6.26474825  -1.29275329
  -0.1330836 ]","[ 2.82638193e-01  1.90136061e-02  8.30528785e+01 -2.14739156e+01
 -1.30055290e+00 -1.24659669e-01]","[  0.59478593   0.082359   -19.1904394   13.41420332  -1.3046412
   0.07014073]","[ 7.39017304e-02  1.65280350e-02  9.56638320e+01 -5.06972272e+00
 -1.29774550e+00  4.85527425e-03]",003,FP
24,0,0.954760213003256,0,"[-9.87205367e-01  2.81738810e-02  4.80578009e+01  4.94429190e+01
 -5.70841185e-01 -9.86826408e-01]","[ 1.09057249e-01  1.55099006e-02  8.93075244e+01 -7.73963294e+00
 -6.30777351e-01  9.58559507e-01]","[ 2.41230237e-02  5.13557401e-02  3.07685556e+01  1.25776940e+00
 -1.33671738e+00  7.58217053e-02]","[  0.42572599   0.03718513  35.80646442 -13.24374263  -0.42554364
   1.07759633]","[  0.11476469   0.06070714 -26.02173936   4.9863769   -1.30071527
  -0.105804  ]","[ 2.93982358e-01  1.72134147e-02  9.16317391e+01 -2.49381147e+01
 -1.29289645e+00 -1.72289044e-01]","[  0.54447397   0.07778756 -20.30989441  13.05820894  -1.30237635
   0.09987437]","[ 8.43777416e-02  1.65827337e-02  9.53481178e+01 -6.04525885e+00
 -1.30070681e+00  7.05361373e-03]",003,FP
25,0,0.954760213003256,0,[-0.97940604  0.01412537  0.25583786  2.25056915 -1.72094209 -0.25217774],"[ 1.21460237e-01  2.69103406e-02  5.65881428e+01 -4.87320925e+00
 -1.05926067e+00  6.23895225e-01]",[ 0.05578742  0.05187047 30.47276867  0.30000279 -1.33854712 -0.04576163],[ 0.45888026  0.07269904 20.50333579 -7.40857607 -0.87698184  0.77657571],"[  0.07550612   0.06437182 -24.55209276   3.85383338  -1.30770445
  -0.07186427]","[ 3.04049781e-01  1.50172292e-02  1.04804055e+02 -2.98656500e+01
 -1.27758641e+00 -2.35938232e-01]","[  0.49749717   0.07188811 -21.961517    12.9257926   -1.29737209
   0.13573484]","[ 9.48522366e-02  1.66027637e-02  9.52333040e+01 -7.03309188e+00
 -1.30435943e+00 -8.86375071e-04]",003,FP
26,0,0.954760213003256,0,"[-9.86254111e-01  2.63806082e-02 -5.20068729e+01 -4.92919922e+01
 -6.47783402e-01 -9.40053783e-01]","[ 1.41195204e-01  3.79609412e-02  4.10410992e+01 -3.79480636e+00
 -1.21371493e+00  4.09778259e-01]",[ 0.08650091  0.04830458 32.64563556 -0.82387727 -1.31984031 -0.17236352],[ 0.5171075   0.1151655  13.33551562 -4.89589515 -1.07713415  0.57335984],"[  0.03446713   0.06660937 -23.73507846   2.81808008  -1.31288933
  -0.03245812]","[ 3.12595890e-01  1.24495684e-02  1.25870843e+02 -3.73467081e+01
 -1.24626586e+00 -3.25625954e-01]","[  0.45465146   0.06473088 -24.36323224  13.07677899  -1.28847135
   0.17820566]","[ 1.05262824e-01  1.64703842e-02  9.59951712e+01 -8.10472282e+00
 -1.30792902e+00 -2.02619496e-02]",003,FP
27,0,0.954760213003256,0,"[ -1.00685755   0.04541261 -33.62849926 -31.85910851  -1.08618507
  -0.59877427]",[ 0.16750655  0.04752932 33.06111677 -3.5379535  -1.27750604  0.26958953],[ 0.11379661  0.04104403 38.16303583 -2.34282405 -1.26877527 -0.32515124],[ 0.60332823  0.16161939  9.62576986 -3.80749866 -1.17827925  0.43630238],"[-7.34196304e-03  6.70292380e-02 -2.35880126e+01  1.82681768e+00
 -1.31543091e+00  1.21524079e-02]","[ 3.19397728e-01  9.56863498e-03  1.62147357e+02 -4.97894975e+01
 -1.17626264e+00 -4.62467450e-01]","[  0.41664913   0.0565159  -27.85778363  13.60692137  -1.27415064
   0.22838143]","[ 1.15476786e-01  1.60675165e-02  9.83837827e+01 -9.36104305e+00
 -1.30995216e+00 -5.13696377e-02]",003,FP
28,2,0.99020429074844,1,"[ -1.03993839   0.06332895 -24.63475065 -23.61862305  -1.2196885
  -0.39253151]",[ 0.19919981  0.05491544 28.72417466 -3.7218502  -1.30636092  0.16694599],"[ 1.35536513e-01  3.08573037e-02  4.98275165e+01 -4.75344785e+00
 -1.13945375e+00 -5.41364730e-01]",[ 0.71881768  0.20880862  7.5023875  -3.39284879 -1.23731266  0.33273861],"[ -0.04870889   0.06536787 -24.18005571   0.82221645  -1.31429934
   0.06239425]","[ 3.24269843e-01  6.48291082e-03  2.32295336e+02 -7.33263722e+01
 -9.90878980e-01 -6.94115328e-01]","[  0.3840521    0.04754736 -33.02592912  14.68367749  -1.25195233
   0.28896591]","[ 1.25298509e-01  1.52987266e-02  1.03275211e+02 -1.09402300e+01
 -1.30849847e+00 -9.38897594e-02]",003,FP
29,2,0.6354429124865353,1,"[ -1.08401556   0.07913093 -19.85649287 -19.5247473   -1.26738663
  -0.27357579]",[ 0.23476116  0.059696   26.46958497 -4.21403054 -1.3188059   0.08474087],"[ 1.50096887e-01  1.90219392e-02  7.50960432e+01 -9.27168230e+00
 -7.64310293e-01 -8.79303456e-01]",[ 0.86280324  0.25310631  6.21525735 -3.3625442  -1.27443649  0.24748919],"[ -0.08830721   0.06152213 -25.66958438  -0.26680929  -1.30820247
   0.11963005]","[ 3.27077634e-01  3.45875678e-03  3.68558277e+02 -1.18547169e+02
 -4.80157412e-01 -1.00984846e+00]","[ 3.57228138e-01  3.81838905e-02 -4.09464222e+01  1.66272142e+01
 -1.21655478e+00  3.66354801e-01]","[ 1.34487748e-01  1.41105047e-02  1.11851173e+02 -1.30426124e+01
 -1.30147623e+00 -1.47978816e-01]",003,FP
30,2,0.6354429124865353,1,"[ -1.13751427   0.0925794  -17.02469071 -17.36582869  -1.28881579
  -0.19606832]","[ 2.72493394e-01  6.16901109e-02  2.56288406e+01 -4.98368976e+00
 -1.32211132e+00  1.36575736e-02]","[ 1.56501920e-01  9.03458080e-03  6.49085101e+01 -8.15830645e+00
 -1.14385532e+00 -5.27113348e-01]",[ 1.03231346  0.29087936  5.42220047 -3.59741055 -1.29798685  0.17313193],"[ -0.12479272   0.05555849 -28.37620448  -1.54114385  -1.2949946
   0.18714851]","[ 3.27746859e-01  2.15795623e-03 -2.25403128e+02  7.58751674e+01
 -1.31986854e+00 -4.39447680e-01]","[ 3.36338364e-01  2.87831379e-02 -5.38730134e+01  2.01195612e+01
 -1.15376839e+00  4.75230477e-01]","[ 1.42784434e-01  1.24986923e-02  1.26014008e+02 -1.59928387e+01
 -1.28603114e+00 -2.16203214e-01]",003,FP
31,0,0.8168868079201113,0,[-1.27371712  0.25369018 -5.44936843 -4.94095384 -0.11319054 -1.22573288],[ 0.33093527  0.09792487 15.33135202 -3.07368519 -0.60321229  0.79663695],"[  0.12665867   0.07430684 -15.54699689   3.96916189   0.2252889
  -1.48192145]",[ 1.39848102  0.66343772  2.1453233  -1.00019393 -0.25436867  1.11389746],"[ -0.15412749   0.04402953 -35.08739559  -3.40793212  -1.26460937
   0.43938367]","[ 3.16026152e-01  2.70439087e-02 -4.38231006e+01  1.58492458e+01
  2.21403821e-01 -1.47955134e+00]",[ 0.33231378  0.02212207 -5.11999717  3.7014456  -1.59920548  0.04765989],"[ 1.48699590e-01  9.03940485e-03  1.63841669e+02 -2.23631891e+01
 -1.14905383e+00 -5.65086719e-01]",003,FP
32,0,0.8168868079201113,0,[-1.41509449  0.30645857 -4.84737969 -4.8595003  -1.75216414 -0.35879067],[ 0.38299833  0.10167814 14.91630657 -3.7129205  -1.7073691   0.18901128],"[  0.08869421   0.09833465 -14.52738314   3.28849481  -1.77583314
  -0.42454943]",[ 1.75204519  0.75332079  1.98125602 -1.47125008 -1.76377102  0.30216178],"[-1.69621797e-01  2.67006818e-02 -3.99312527e+01 -4.77321083e+00
 -9.14837264e-01  5.34335952e-01]","[ 3.01153969e-01  3.66719293e-02 -3.91687715e+01  1.37958310e+01
 -1.72813804e+00 -4.46868424e-01]","[ 3.38490055e-01  3.11549328e-02  3.75564496e+01 -1.07124847e+01
 -1.32661921e+00  4.14121606e-01]","[ 1.51287610e-01  5.39399128e-03  1.10753728e+02 -1.47556668e+01
 -1.30653389e+00 -2.25423051e-01]",003,FP
33,0,0.8168868079201113,0,[-1.56005796  0.30910202 -4.82356644 -5.52504323 -1.74810101  0.34460066],[ 0.42769326  0.08910216 16.04332919 -4.86162373 -1.6793315  -0.47534289],"[  0.04510951   0.10389703 -14.20897751   2.64096005  -1.78410764
   0.33739092]",[ 2.07938418  0.70446676  2.04637777 -2.25520556 -1.75226072 -0.42988075],"[-1.70223090e-01  2.55762570e-02  3.12028817e+01  7.31145093e+00
 -9.92927753e-01  4.59837721e-01]","[  0.28350928   0.0403902  -37.26627557  12.56533501  -1.74041638
   0.25565275]","[  0.35448162   0.04384374  34.44252742 -10.20924298  -1.49401207
   0.08567236]","[ 1.50335098e-01  7.14708959e-03 -1.62850325e+02  2.64821196e+01
 -7.86806986e-01 -6.98403081e-01]",003,FP
34,0,0.8168868079201113,0,[-1.70793095  0.26274141 -5.37745287 -7.18431821 -0.20444639  1.14064859],[ 0.46469504  0.06392998 18.42836479 -6.56356971  0.23314192 -1.48768285],"[-1.48473297e-03  8.89784877e-02 -1.54730377e+01  1.97702667e+00
 -9.98363019e-02  1.23941676e+00]",[ 2.36799659  0.53268462  2.2815152  -3.4026202   0.19929021 -1.46392362],[-0.15523535  0.04543011 32.67671951  7.07258201 -1.11044815  0.60319606],"[ 2.63498822e-01  3.72457371e-02 -3.94271581e+01  1.23890097e+01
 -4.34043906e-01  9.47578374e-01]",[ 0.3799232   0.05179271 30.25116631 -9.49311986 -1.02170395 -0.25858688],"[ 1.45694756e-01  1.21254994e-02 -1.26893585e+02  2.04877298e+01
 -1.20543204e+00 -4.94697124e-01]",003,FP
35,0,0.8168868079201113,0,"[ -1.85905735   0.1210994  -13.04774913 -22.25651386  -1.27460855
  -0.09078555]","[ 4.94313147e-01  4.40143884e-03  3.43209207e+02 -1.67652823e+02
 -7.65019996e-01 -7.54944898e-01]","[-4.86156209e-02  3.10028534e-02 -5.06756406e+01 -4.63627732e-01
 -1.25385879e+00  2.78904711e-01]","[ 2.60732629e+00  5.32022769e-02  2.13717568e+01 -5.37231432e+01
 -4.12896765e-01 -1.00135858e+00]",[-0.12435186  0.06434516 24.4083913   5.03522896 -1.25637564  0.28479121],"[ 2.41529072e-01  2.09320513e-02 -7.55335960e+01  2.02435594e+01
 -1.30312944e+00 -2.25330309e-02]","[  0.41450109   0.04820153  32.69179872 -11.55078634  -1.27365853
   0.2049898 ]","[ 1.37285143e-01  1.60136068e-02 -9.81213421e+01  1.54706025e+01
 -1.25592045e+00 -2.76063391e-01]",003,FP
36,0,0.8168868079201113,0,"[ -1.93984849   0.13109831 -12.04138004 -21.35845288  -1.26874753
  -0.14214814]","[ 4.97112818e-01  3.19500516e-03  4.90999176e+02 -2.42081984e+02
 -9.91323989e-01  2.67815491e-02]","[-6.63181517e-02  2.52870294e-02 -6.19622623e+01 -2.10922271e+00
 -1.22289107e+00  3.33301170e-01]","[ 2.61314260e+00  4.14521623e-02 -2.04378726e+01  5.54070756e+01
 -7.76527841e-01 -7.13853454e-01]",[-0.08045523  0.07607135 20.70434083  3.66577256 -1.28012236  0.21753752],"[ 2.28223434e-01  2.12135949e-02 -7.45328013e+01  1.90101318e+01
 -1.30082172e+00 -1.54553663e-02]","[  0.44700939   0.05488777  28.73112081 -10.84308085  -1.27954704
   0.18094127]","[ 1.26325223e-01  1.89257136e-02 -8.32077850e+01  1.25112420e+01
 -1.27375166e+00 -2.22693476e-01]",003,FP
37,0,0.8130841078785445,0,"[ -2.02819908   0.14572459 -10.82453792 -19.95431787  -1.2693175
  -0.17277071]","[ 4.99748937e-01  4.13036097e-03  3.69976340e+02 -1.82895283e+02
 -9.14569213e-01  6.51094875e-01]","[-8.06021322e-02  1.99065701e-02 -7.85043874e+01 -4.32762102e+00
 -1.19322452e+00  3.78380528e-01]","[  2.5826176    0.08445585 -17.3575471   46.82790656  -0.88094421
  -0.79765091]",[-0.0296799   0.08626582 18.28989941  2.5428424  -1.29581105  0.16070474],"[ 2.14734840e-01  2.14432250e-02 -7.37347029e+01  1.78334097e+01
 -1.29892985e+00 -1.51779324e-02]","[  0.48375344   0.06158269  25.62158471 -10.39452975  -1.28414159
   0.16126946]","[ 1.13584349e-01  2.16537652e-02 -7.28279725e+01  1.02721178e+01
 -1.28571423e+00 -1.79786754e-01]",003,FP
38,0,0.8752627479901933,0,"[ -2.12630016   0.16354948  -9.64406349 -18.50617377  -1.27822731
  -0.17479542]","[ 5.03159407e-01  6.31938654e-03  2.42029468e+02 -1.19779404e+02
 -1.03004807e+00  6.15962609e-01]","[-9.17209787e-02  1.51664436e-02 -1.02742724e+02 -7.42366316e+00
 -1.16699961e+00  4.21155594e-01]","[  2.51874726   0.13131663 -11.76998941  31.64562852  -1.16178029
  -0.49814316]",[ 0.02680726  0.0943443  16.74273869  1.55117311 -1.30638731  0.10911926],"[ 2.01077239e-01  2.17011115e-02 -7.28575901e+01  1.66500031e+01
 -1.29772037e+00 -1.94968494e-02]","[  0.52470363   0.06821988  23.13886953 -10.1410488   -1.28834556
   0.14356047]","[ 9.92091055e-02  2.41172479e-02 -6.54524463e+01  8.49347865e+00
 -1.29436526e+00 -1.42710767e-01]",003,FP
39,0,0.891573152012438,0,"[ -2.23519314   0.18202262  -8.67058522 -17.38043264  -1.29256922
  -0.15048892]","[ 5.07901412e-01  8.94473983e-03  1.73616342e+02 -8.61799852e+01
 -1.18714152e+00  4.51193785e-01]","[-1.00017051e-01  1.10929013e-02 -1.39664385e+02 -1.19688199e+01
 -1.13113395e+00  4.89765111e-01]",[ 2.42526123  0.1735151  -9.02636105 23.89128353 -1.24619527 -0.33356313],[ 0.08750265  0.09977518 15.84207618  0.61377636 -1.31295209  0.05991057],"[ 1.87225977e-01  2.20351876e-02 -7.17514070e+01  1.54337273e+01
 -1.29736358e+00 -2.56680999e-02]","[  0.5697578    0.07465543  21.15237772 -10.05173224  -1.29277952
   0.12563335]","[ 8.33978462e-02  2.62278881e-02 -6.02268058e+01  7.02278589e+00
 -1.30083076e+00 -1.08754497e-01]",003,FP
40,0,0.9227740105721642,0,"[ -2.3542583    0.19796126  -7.97958125 -16.78599538  -1.3074484
  -0.10660506]","[ 5.14089038e-01  1.13040387e-02  1.38917987e+02 -6.94162144e+01
 -1.29231218e+00  2.77337498e-01]","[-1.05793249e-01  7.50312350e-03 -2.02631887e+02 -1.94370857e+01
 -1.02506568e+00  6.44758993e-01]",[ 2.30619482  0.20994067 -7.496655   19.28874694 -1.2785071  -0.23592788],"[ 1.50623318e-01  1.02156445e-01  1.54771145e+01 -3.31214341e-01
 -1.31581296e+00  1.14618200e-02]","[ 1.73139725e-01  2.24538363e-02 -7.04120416e+01  1.41911215e+01
 -1.29797500e+00 -3.07019592e-02]","[  0.61868792   0.08064581  19.58838765 -10.11909881  -1.29758434
   0.10564197]","[ 6.64034273e-02  2.78957457e-02 -5.66532830e+01  5.76197216e+00
 -1.30558129e+00 -7.62932502e-02]",003,FP
41,0,0.9227740105721642,0,"[ -2.48097084   0.20816576  -7.59380793 -16.840016    -1.31894909
  -0.04896279]","[ 5.21410980e-01  1.27912203e-02  1.23449017e+02 -6.23676729e+01
 -1.34550693e+00  1.10669987e-01]","[-1.09246868e-01  4.24546275e-03 -3.25486452e+02 -3.35583754e+01
 -6.35291610e-01  9.52314494e-01]",[ 2.16573875  0.2402215  -6.56670656 16.22177083 -1.29562845 -0.16811297],[ 0.214205    0.10128288 15.60900856 -1.34352765 -1.31500593 -0.03728403],"[ 1.58784968e-01  2.29234441e-02 -6.89691803e+01  1.29512691e+01
 -1.29955018e+00 -3.18864151e-02]","[  0.67108606   0.08585082  18.40715928 -10.35278795  -1.30241979
   0.08244838]","[ 4.85321808e-02  2.90367492e-02 -5.44439542e+01  4.64228382e+00
 -1.30883588e+00 -4.42495705e-02]",003,FP
42,0,0.9227740105721642,0,"[ -2.6109916    0.20995533  -7.53018297 -17.66124448  -1.3244207
   0.01999001]","[ 5.29218634e-01  1.29919807e-02  1.21627142e+02 -6.23673501e+01
 -1.35684826e+00 -5.81858420e-02]","[-1.10490962e-01  2.08453101e-03 -8.49443631e+01 -7.38558442e+00
 -1.65692325e+00  2.76841291e-01]",[ 2.0083864   0.26351467 -5.99402949 14.03832731 -1.30757154 -0.11115697],[ 0.27622922  0.09718229 16.25938891 -2.49131826 -1.31039846 -0.08739458],"[ 1.44160650e-01  2.33707797e-02 -6.76505048e+01  1.17525407e+01
 -1.30197320e+00 -2.71658532e-02]","[  0.72631913   0.08986652  17.58981225 -10.77581716  -1.30677408
   0.05559575]","[ 3.01391733e-02  2.95789123e-02 -5.34538052e+01  3.61105350e+00
 -1.31071111e+00 -1.16604862e-02]",003,FP
43,0,0.9227740105721642,0,"[ -2.73855756   0.20152329  -7.83865344 -19.46660367  -1.32105556
   0.10185169]","[ 5.36656818e-01  1.17289894e-02  1.33975095e+02 -6.98986480e+01
 -1.32011993e+00 -2.54416370e-01]","[-1.09652750e-01  3.62279555e-03  3.70894337e+02  4.26695839e+01
 -6.36188643e-01  9.37433262e-01]",[ 1.83925587  0.27831406 -5.6795554  12.44615564 -1.31622172 -0.05522291],[ 0.33476437  0.09011501 17.51735004 -3.86418473 -1.30147309 -0.14029551],"[ 1.29320884e-01  2.36892775e-02 -6.67435457e+01  1.06313343e+01
 -1.30500602e+00 -1.50886033e-02]","[  0.78350196   0.09227284  17.13445446 -11.42487858  -1.31020529
   0.02482247]","[ 1.16195709e-02  2.94669927e-02 -5.36551492e+01  2.62344981e+00
 -1.31113064e+00  2.25420342e-02]",003,FP
44,0,0.9227740105721642,0,"[ -2.85705734   0.18211853  -8.65100299 -22.71641156  -1.3033186
   0.20344418]","[ 5.42798617e-01  9.06521645e-03  1.69406294e+02 -8.99535020e+01
 -1.17298412e+00 -5.31751057e-01]","[-1.07009155e-01  6.01487524e-03  2.55073216e+02  2.92951695e+01
 -1.18474952e+00  5.32025235e-01]","[ 1.66437728e+00  2.82804178e-01 -5.59070566e+00  1.13050435e+01
 -1.32089959e+00  4.95398242e-03]",[ 0.38810241  0.08054576 19.56719134 -5.59407405 -1.287039   -0.19795129],"[ 1.14392437e-01  2.37492821e-02 -6.65757377e+01  9.61576089e+00
 -1.30810532e+00  5.40345261e-03]","[ 8.41499037e-01  9.26818180e-02  1.70594873e+01 -1.23555421e+01
 -1.31221492e+00 -1.03490626e-02]","[-6.60413613e-03  2.86675380e-02 -5.51378474e+01  1.63586215e+00
 -1.30971159e+00  5.95217519e-02]",003,FP
45,2,0.9849049238798102,1,"[ -2.95967552   0.15211799 -10.28838291 -28.45027507  -1.25621006
   0.34106262]","[ 5.46754932e-01  5.42462240e-03  2.46537153e+02 -1.32795404e+02
 -6.60772584e-01 -9.11676817e-01]","[-1.03110249e-01  7.51620124e-03  2.09465339e+02  2.35980232e+01
 -1.38476928e+00  1.83255514e-01]",[ 1.49076113  0.27539491 -5.73853078 10.55477865 -1.31990765  0.07340314],[ 0.43487185  0.06909772 22.75212831 -7.89426023 -1.26486873 -0.26326499],"[ 9.95832382e-02  2.34136995e-02 -6.75230773e+01  8.72416669e+00
 -1.31026144e+00  3.50714904e-02]","[  0.89896203   0.09078722  17.41197607 -13.65270538  -1.31200118
  -0.05062738]","[-2.40984121e-02  2.71751900e-02 -5.81347437e+01  5.99044990e-01
 -1.30577813e+00  1.00566684e-01]",003,FP
46,2,0.9849049238798102,1,"[ -3.04003055   0.11312292 -13.5747509  -39.26765748  -1.12975501
   0.55235556]","[ 5.47751592e-01  3.55106497e-03 -9.37086417e+01  5.33290577e+01
 -1.46903456e+00 -3.82996883e-01]","[-9.88531431e-02  7.44731299e-03  2.11175498e+02  2.28753617e+01
 -1.41830373e+00 -1.80079450e-01]",[ 1.32618708  0.25515682 -6.18388798 10.20099237 -1.30995736  0.15578516],"[  0.47411482   0.05649312  27.71774105 -11.14139194  -1.23062123
  -0.34119632]","[ 8.51795962e-02  2.25590445e-02 -7.00561710e+01  7.96735636e+00
 -1.31003381e+00  7.45814011e-02]","[  0.95440031   0.08641708  18.28230569 -15.44863815  -1.30843703
  -0.09690451]","[-4.04376143e-02  2.50184859e-02 -6.30863685e+01 -5.51062237e-01
 -1.29829595e+00  1.47398909e-01]",003,FP
47,2,0.765496398912591,1,"[ -3.09276037   0.06873434 -20.56733607 -61.60984202  -0.73642283
   0.8949943 ]","[ 5.45181313e-01  7.91742651e-03 -1.74249548e+02  9.69975976e+01
 -5.86559687e-01 -9.86127393e-01]","[-9.54884730e-02  5.49893568e-03  2.63372236e+02  2.71490127e+01
 -1.06207154e+00 -6.71814359e-01]",[ 1.17877025  0.22207909 -7.0775876  10.34284968 -1.28303756  0.262886  ],"[  0.50532453   0.04348685  35.7609166  -16.07086848  -1.17454133
  -0.44122499]","[ 7.15315696e-02  2.10975869e-02 -7.48467522e+01  7.35390567e+00
 -1.30553183e+00  1.25140600e-01]","[  1.00627443   0.07957582  19.83239843 -17.95683536  -1.30007388
  -0.15067917]","[-5.52253295e-02  2.22628953e-02 -7.07817711e+01 -1.90894663e+00
 -1.28542837e+00  2.02731278e-01]",003,FP
48,0,0.8201936313985847,0,[-3.02180456  0.22226579  4.40586462 15.31366179  0.15048864  1.43132707],"[  0.51982677   0.05459629 -22.97010298  13.94047453   0.15410223
  -1.43201114]","[ -0.11681325   0.05240579 -20.2889397   -0.37001703   0.23385559
  -1.48826515]",[ 1.09881637  0.14375398 -8.22010338 11.03238413 -0.90421624  0.36651391],"[ 5.24594531e-01  2.71133896e-02  5.11927782e+01 -2.48554515e+01
 -8.60033559e-01 -7.34404833e-01]","[ 5.65983779e-02  2.29296799e-02 -6.85007700e+01  5.87703247e+00
 -1.07483923e+00 -2.26156530e-01]","[  1.06222322   0.0851434   18.45404097 -17.60231079  -1.07479406
   0.20793918]","[-7.00665325e-02  2.20401059e-02 -7.15354355e+01 -3.01223992e+00
 -1.13285153e+00 -7.02148543e-02]",003,FP
49,0,0.8201936313985847,0,[-2.90401664  0.32387603  4.32071778 14.5474363  -1.66194399  0.48504888],"[  0.48848655   0.07356743 -19.81809727  11.68087404  -1.70238782
  -0.44348237]","[ -0.14857261   0.0794636  -17.7203979   -0.63276585  -1.55619031
  -0.53635541]",[ 1.08343302  0.11734825  3.93755936 -2.26608183 -1.14524728 -0.07809362],"[ 5.33934366e-01  1.37528202e-02  4.44339040e+01 -2.17247884e+01
 -7.87127843e-01 -3.35324134e-01]","[ 4.54202899e-02  1.92857368e-02 -7.83319740e+01  5.55786097e+00
 -1.46504739e+00  1.35282302e-01]","[  1.10451091   0.07192926  21.1139051  -21.32053848  -1.47743461
  -0.1350245 ]","[-8.10774649e-02  1.78951915e-02 -8.50397654e+01 -4.89480859e+00
 -1.41638988e+00  2.21348860e-01]",003,FP
50,0,0.8201936313985847,0,[-2.74556452  0.37757858  4.01284115 13.01751428 -1.70834787 -0.18416294],"[  0.45181872   0.08097496 -18.73875206  10.4665189   -1.7172394
   0.22991514]","[ -0.19147455   0.09788462 -15.65212578  -0.99698372  -1.62340061
   0.04855909]",[ 1.13435165  0.18867197  7.5441469  -6.5577155  -1.10432408  0.45283948],"[ 5.35155146e-01  1.16197102e-02 -1.01934091e+02  5.65505532e+01
 -9.35208826e-01  5.67121898e-02]","[ 3.84017194e-02  1.34190605e-02 -8.58890254e+01  5.29828625e+00
 -1.25010084e+00  4.34611450e-01]","[  1.13225546   0.0506859   24.24922125 -25.4563131   -1.28756722
  -0.5175418 ]","[-8.83541641e-02  1.22588851e-02 -1.03504915e+02 -7.14509027e+00
 -1.21179901e+00  6.06126309e-01]",003,FP
51,0,0.8201936313985847,0,[-2.55477443  0.36334579  4.1240432  12.53600011 -0.59651275 -0.81605325],"[  0.41072897   0.07505113 -19.81687424  10.13936442  -0.52937484
   0.8666929 ]","[ -0.24539279   0.1024583  -15.09534255  -1.70428828  -0.88330108
   0.49864777]",[ 1.25002327  0.26520856  5.95302848 -5.44142411 -1.25728347  0.13229965],"[ 5.30241929e-01  1.54798275e-02 -1.01860854e+02  5.60108955e+01
 -1.26091234e+00  1.85302299e-01]","[ 3.58098906e-02  9.49458911e-03  2.08708662e+01  1.25261656e+00
 -1.62902734e+00 -1.65637360e-02]",[ 1.14511699  0.03260178  3.52241184 -2.03357364 -1.38259293 -0.27610679],"[-9.21628354e-02  7.17483115e-03 -5.01974158e+01 -2.62633616e+00
 -9.28598732e-01  6.03014441e-01]",003,FP
52,0,0.8201936313985847,0,[-2.34165041  0.22118359  7.14409439 18.72897159 -1.31720632 -0.08405292],"[ 3.66376414e-01  4.46570187e-02 -3.54042486e+01  1.49712817e+01
 -1.31542490e+00  2.09480663e-02]","[ -0.30931235   0.07984708 -19.797741    -4.12368585  -1.32253657
  -0.04539283]",[ 1.425863    0.28780493  5.4839206  -5.8193195  -1.30661386  0.14620826],"[ 5.21188334e-01  1.33365993e-02 -1.18053679e+02  6.35282004e+01
 -1.30690085e+00  2.19599608e-01]","[ 3.77463978e-02  1.25992497e-02  1.23422169e+02 -2.65874227e+00
 -1.19812652e+00  4.34150859e-01]","[ 1.14332311e+00  3.57158910e-02 -4.35507829e+01  5.17926165e+01
 -1.20741757e+00 -4.28146654e-01]","[-9.29209845e-02  5.80676782e-03  2.70724292e+02  2.71559677e+01
 -1.31984225e+00  2.46771822e-01]",003,FP
53,0,0.8201936313985847,0,[-2.20956116  0.2039376   7.73618363 19.09357084 -1.30581775 -0.16057554],"[  0.33899254   0.04314652 -36.62572812  14.41584876  -1.31707546
   0.07874673]","[ -0.35909797   0.08036722 -19.67188436  -5.06413383  -1.32269356
   0.02630164]",[ 1.61231165  0.31062319  5.08734276 -6.202382   -1.31292273  0.08126825],"[ 5.13691322e-01  1.10654616e-02 -1.41300288e+02  7.45847318e+01
 -1.23623389e+00  3.60569353e-01]","[ 4.65586811e-02  1.60239783e-02  9.79643963e+01 -2.56109308e+00
 -1.26751078e+00  2.91027363e-01]","[  1.11853725   0.04508516 -34.84390079  40.97420106  -1.27736179
  -0.27479095]","[-8.92174382e-02  6.44544698e-03  2.45160192e+02  2.38725643e+01
 -1.34776158e+00  6.68932395e-02]",003,FP
54,0,0.8132293047117625,0,[-2.09139365  0.17753625  8.8561184  20.52162978 -1.28118865 -0.25707139],"[  0.31326449   0.03979244 -39.64602059  14.41969046  -1.31081175
   0.16107931]","[ -0.40807083   0.07716381 -20.473824    -6.35477043  -1.31585633
   0.09745788]",[ 1.81028999  0.32280142  4.8976914  -6.86624171 -1.31321417  0.03191121],"[ 5.07670033e-01  8.35519907e-03 -1.85228560e+02  9.60349890e+01
 -1.13540726e+00  4.98401866e-01]","[ 5.73314022e-02  1.87756873e-02  8.39613710e+01 -2.81362313e+00
 -1.30017254e+00  1.87919672e-01]","[  1.08846672   0.05221276 -30.20991819  34.88249047  -1.30659285
  -0.168094  ]","[-8.52848999e-02  6.44271843e-03  2.45260175e+02  2.29169895e+01
 -1.33933159e+00 -7.42825214e-02]",003,FP
55,0,0.724273455973335,0,[-1.9926729   0.14310686 10.89983922 23.71981424 -1.22423655 -0.3929771 ],"[ 2.90455338e-01  3.43202909e-02 -4.57489071e+01  1.52880143e+01
 -1.28195946e+00  2.82837896e-01]","[ -0.45399365   0.07056812 -22.3494844   -8.14652395  -1.30111358
   0.17333258]","[ 2.01358227e+00  3.25892430e-01  4.85165971e+00 -7.76921595e+00
 -1.31056181e+00 -5.71923072e-03]","[ 5.03223945e-01  5.75502844e-03 -2.65839541e+02  1.35776823e+02
 -1.01310608e+00  6.19664307e-01]","[ 6.95800778e-02  2.06886940e-02  7.63521160e+01 -3.31258617e+00
 -1.31578498e+00  1.05197292e-01]","[  1.05463535   0.05681925 -27.80931829  31.32869005  -1.31805572
  -0.08600999]","[-8.15052842e-02  5.89042804e-03  2.67437897e+02  2.37976018e+01
 -1.30828631e+00 -2.05099097e-01]",003,FP
56,0,0.6723582549674109,0,[-1.91800192  0.10262478 14.87048641 30.52162148 -1.07816631 -0.60603042],"[ 2.71927100e-01  2.67028659e-02 -5.79807260e+01  1.77665307e+01
 -1.18996079e+00  4.74324760e-01]","[ -0.4948915    0.0611183  -25.72212349 -10.72966019  -1.27450772
   0.26133841]",[ 2.21703004  0.32181509  4.91270779 -8.89162074 -1.30688443 -0.0340757 ],"[ 5.00130062e-01  3.72575122e-03 -4.10300966e+02  2.07203847e+02
 -9.34672293e-01  6.45832369e-01]","[ 8.27469462e-02  2.16663484e-02  7.29667821e+01 -4.03777839e+00
 -1.32138487e+00  3.36996760e-02]","[ 1.01864262e+00  5.88601968e-02 -2.68608795e+01  2.93616366e+01
 -1.32006880e+00 -1.86558557e-02]","[-7.81868325e-02  4.92259848e-03  3.17865790e+02  2.68529193e+01
 -1.24933273e+00 -3.46300340e-01]",003,FP
57,0,0.7094239337798982,0,[-1.87065741  0.05989332 23.21362825 45.42474571 -0.65454908 -0.9441513 ],"[ 2.58995083e-01  1.73968904e-02 -8.41742804e+01  2.38007247e+01
 -8.87287182e-01  7.95401686e-01]","[ -0.52915987   0.04950212 -31.55928349 -14.69990643  -1.22531829
   0.37430607]","[  2.41659974   0.3124368    5.05939579 -10.22653456  -1.30352921
  -0.05573934]","[ 4.97912212e-01  2.64264008e-03 -5.92885287e+02  2.97204825e+02
 -1.03387859e+00  2.78449544e-01]","[ 9.62420707e-02  2.16906968e-02  7.28861931e+01 -5.01471815e+00
 -1.31994952e+00 -3.14423961e-02]","[  0.9820478    0.05849815 -27.02474637  28.53959281  -1.3165428
   0.03928082]","[-7.55465718e-02  3.69748881e-03  4.17118893e+02  3.35119024e+01
 -1.13647944e+00 -5.23659346e-01]",003,FP
58,0,0.8836850758500626,0,[-1.85218766  0.02858865 10.13984395 20.78089386 -1.54875805 -0.33332048],"[ 2.52749682e-01  8.57348164e-03 -9.70037554e+01  2.65176683e+01
 -7.90943152e-01  7.06363931e-01]","[-5.55627128e-01  3.65117032e-02 -4.21771104e+01 -2.14347467e+01
 -1.12217220e+00  5.38961793e-01]","[  2.60920494   0.29914254   5.28321501 -11.78499068  -1.30126415
  -0.0744432 ]","[ 4.95933566e-01  2.83697044e-03 -5.47876349e+02  2.73710271e+02
 -9.86874882e-01 -4.52041085e-01]","[ 1.09489732e-01  2.08229037e-02  7.58764519e+01 -6.30769240e+00
 -1.31274571e+00 -9.33043088e-02]","[  0.94626853   0.05604468 -28.19235297  28.67753647  -1.30944565
   0.09156469]","[-7.37029356e-02  2.38569064e-03  6.21702784e+02  4.78213203e+01
 -8.86193091e-01 -7.82312212e-01]",003,FP
59,0,0.9462973786336182,0,"[-1.86219515e+00  4.73585003e-02 -2.80605947e+01 -5.02543033e+01
 -6.01172545e-01 -9.51346379e-01]","[ 2.53902887e-01  1.08967587e-02  1.05124403e+02 -2.46913895e+01
 -4.35091423e-01  9.86551588e-01]","[-5.73563117e-01  2.30704583e-02 -6.36942910e+01 -3.45326961e+01
 -8.53456586e-01  8.12064135e-01]","[  2.79231201   0.2824899    5.59303122 -13.61748825  -1.30011278
  -0.09557289]","[ 4.93492168e-01  4.28688669e-03 -3.55051040e+02  1.77214907e+02
 -9.19373708e-01 -6.78582260e-01]","[ 1.21973830e-01  1.91935423e-02  8.22171627e+01 -8.02834226e+00
 -1.30002290e+00 -1.54113137e-01]","[  0.91250702   0.05189314 -30.41926618  29.75779393  -1.29936731
   0.1413735 ]","[-7.26780752e-02  1.18778007e-03  1.02777260e+03  7.66965343e+01
 -3.53991112e-01 -1.07951760e+00]",003,FP
60,2,1.0133271686173102,1,"[ -1.8984313    0.08242568 -18.50660911 -33.13352598  -1.10049299
  -0.59697423]","[ 2.62703640e-01  2.15179169e-02  6.92024578e+01 -1.61797375e+01
 -9.38228063e-01  7.46802540e-01]","[-5.82629945e-01  1.10672515e-02 -9.22917565e+01 -5.17719411e+01
 -4.84803499e-01  9.25300711e-01]","[  2.96341307   0.26206854   6.0254829  -15.85599475  -1.29895036
  -0.12628381]","[ 4.89902801e-01  6.75586489e-03 -2.26171247e+02  1.12801928e+02
 -9.98557700e-01 -6.31698359e-01]","[ 1.33276247e-01  1.69863643e-02  9.27281996e+01 -1.03584664e+01
 -1.28133906e+00 -2.15518260e-01]","[  0.8817053    0.04647294 -33.92139919  31.90867749  -1.28581132
   0.19119956]","[-7.24082250e-02  6.58174298e-04 -8.34322739e+02 -5.84118286e+01
 -1.35431237e+00 -3.60639227e-01]",003,FP
61,2,1.0133271686173102,1,"[ -1.95721021   0.11326881 -13.80200367 -25.01342252  -1.2516747
  -0.35681217]","[ 2.78936844e-01  3.25318143e-02  4.76018999e+01 -1.12779238e+01
 -1.17074468e+00  4.80348937e-01]","[-5.82788159e-01  1.07445165e-02  9.47840355e+01  5.72390135e+01
 -5.24458681e-01  8.92693608e-01]","[  3.11951264   0.23665243   6.66428059 -18.78930751  -1.29444165
  -0.17567433]","[ 4.84552153e-01  1.00738000e-02 -1.53140080e+02  7.62043552e+01
 -1.08978164e+00 -5.38025057e-01]","[ 1.43104413e-01  1.44192389e-02  1.08957755e+02 -1.35923355e+01
 -1.25581499e+00 -2.78500975e-01]","[  0.85451926   0.04023688 -39.10808876  35.41861512  -1.26769391
   0.24216285]","[-7.27589099e-02  1.18386861e-03 -1.24297155e+03 -8.84372547e+01
 -1.01741881e+00 -7.10648002e-01]",003,FP
62,2,0.9737889217605272,1,"[ -2.03403602   0.13711224 -11.48583549 -21.36260315  -1.29677785
  -0.21599624]",[ 0.30199291  0.04251646 36.85901075 -9.13116001 -1.25261078  0.3230766 ],"[-5.74188596e-01  2.20716048e-02  6.68256870e+01  4.03705474e+01
 -8.78427738e-01  7.93075780e-01]","[  3.25679444   0.20466486   7.68277753 -23.02122713  -1.27830395
  -0.25630834]","[ 4.76922923e-01  1.40913000e-02 -1.10308935e+02  5.46088598e+01
 -1.15554040e+00 -4.51511429e-01]","[ 1.51307146e-01  1.17246142e-02  1.33557707e+02 -1.82082354e+01
 -1.22257461e+00 -3.42663181e-01]","[ 8.31299031e-01  3.36680345e-02 -4.66351571e+01  4.07677609e+01
 -1.24433003e+00  2.92753779e-01]","[-7.35413971e-02  1.64809063e-03 -9.50640037e+02 -6.79113965e+01
 -1.35268899e+00 -2.84738629e-01]",003,FP
63,2,0.9737889217605272,1,"[ -2.12427016   0.1539084  -10.25913426 -19.79317278  -1.30929042
  -0.12769669]",[ 0.33097577  0.05097064 30.8941054  -8.22520044 -1.28643751  0.22121386],"[-5.57084562e-01  3.46723810e-02  4.44665687e+01  2.67716390e+01
 -1.12559597e+00  5.29700244e-01]","[  3.37058511   0.16487899   9.46144348 -29.89060054  -1.22839409
  -0.39031721]","[ 4.66596767e-01  1.86724752e-02 -8.36664373e+01  4.10384892e+01
 -1.19875275e+00 -3.81405993e-01]","[ 1.57878975e-01  9.13094590e-03  1.70847213e+02 -2.49731828e+01
 -1.18230230e+00 -4.04021192e-01]","[ 8.12071621e-01  2.72815108e-02 -5.74248804e+01  4.86331157e+01
 -1.21740311e+00  3.36503018e-01]","[-7.45285819e-02  1.77774472e-03 -8.88217301e+02 -6.41975758e+01
 -1.40940769e+00  4.50885554e-02]",003,FP
64,2,0.9766283012376092,1,"[ -2.22366137   0.1645966   -9.60214729 -19.351924    -1.31094207
  -0.07010449]",[ 0.36480976  0.05766044 27.3714478  -7.98537136 -1.30207378  0.14851397],[-0.53178866  0.04712152 33.13922942 19.62306632 -1.21299364  0.38331993],"[  3.45563545   0.11732349  12.95434617 -42.76549791  -1.06931974
  -0.62605976]","[ 4.53253074e-01  2.36867603e-02 -6.61782029e+01  3.19954739e+01
 -1.22852601e+00 -3.24744675e-01]","[ 1.62953019e-01  6.84594550e-03  2.27170628e+02 -3.50181398e+01
 -1.14170933e+00 -4.49545362e-01]","[ 7.96533162e-01  2.16042198e-02 -7.24372760e+01  5.96986925e+01
 -1.19423452e+00  3.57656148e-01]","[-7.54701955e-02  1.53142991e-03 -1.01236662e+03 -7.44035064e+01
 -1.30165732e+00  4.10282633e-01]",003,FP
65,2,0.9766283012376092,1,"[ -2.32862833   0.17040507  -9.27790002 -19.60478082  -1.30962959
  -0.03108246]",[ 0.40231528  0.06246416 25.29501731 -8.17657204 -1.30999755  0.09139972],[-0.49867924  0.05906469 26.58208155 15.25593211 -1.25345989  0.29136864],"[ 3.50664788e+00  6.57903448e-02  1.98279034e+01 -6.75294754e+01
 -5.62077950e-01 -9.65105602e-01]","[ 4.36677041e-01  2.89743965e-02 -5.42329163e+01  2.56822694e+01
 -1.25137397e+00 -2.75849067e-01]","[ 1.66782568e-01  5.04294024e-03  3.08599568e+02 -4.94690284e+01
 -1.12136529e+00 -4.45532952e-01]","[ 7.84064066e-01  1.71347217e-02 -9.15080086e+01  7.37481413e+01
 -1.18935907e+00  3.25419156e-01]","[-7.61077239e-02  9.73007185e-04 -1.34929947e+03 -1.00692112e+02
 -7.44975301e-01  8.27727002e-01]",003,FP
66,2,0.9766283012376092,1,"[-2.43628375e+00  1.72387816e-01 -9.17192823e+00 -2.03454197e+01
 -1.30832707e+00 -2.14380931e-03]",[ 0.44224771  0.06529401 24.21176874 -8.70759934 -1.31415729  0.0417007 ],[-0.45824241  0.07020506 22.42803819 12.27747837 -1.2760472   0.22556865],[ 3.51892574  0.04224899 -9.94624433 37.00009523 -1.37988185 -0.42102002],"[ 4.16784601e-01  3.43069343e-02 -4.58902479e+01  2.11263486e+01
 -1.27043353e+00 -2.29936151e-01]","[ 1.69712282e-01  3.85453693e-03  4.06765118e+02 -6.70330364e+01
 -1.15008010e+00 -3.25298355e-01]","[ 7.73778235e-01  1.42981001e-02 -1.10217398e+02  8.72838234e+01
 -1.21054439e+00  1.99997989e-01]","[-7.61899611e-02  8.14459631e-04  6.71770051e+02  5.31821341e+01
 -1.07150724e+00  6.01085953e-01]",003,FP
67,2,0.9766283012376092,1,"[ -2.54427282   0.17118167  -9.23615708 -21.49930346  -1.30771782
   0.02332286]","[ 4.83316452e-01  6.60716444e-02  2.39300942e+01 -9.56580825e+00
 -1.31559575e+00 -5.86157369e-03]",[-0.41112342  0.08021398 19.66311588 10.08396752 -1.29012113  0.17363228],"[  3.4890075    0.09169018 -15.27567481  55.29694399  -0.65705877
  -0.94464066]","[ 3.93664008e-01  3.93683360e-02 -4.00521703e+01  1.77670979e+01
 -1.28677893e+00 -1.83956363e-01]","[ 1.72141494e-01  3.36984445e-03  4.68724527e+02 -7.86869403e+01
 -1.19726059e+00 -4.78725990e-02]","[ 7.64607987e-01  1.33848832e-02 -1.18076269e+02  9.22820581e+01
 -1.22824442e+00 -1.22067643e-02]","[-7.54901786e-02  1.95750084e-03  7.07109141e+02  5.53797954e+01
 -5.58449772e-01  1.00609712e+00]",003,FP
68,2,0.9766283012376092,1,"[ -2.65053981   0.16699272  -9.46632656 -23.09087535  -1.30721984
   0.05020009]","[  0.52420771   0.06475535  24.41068968 -10.79627164  -1.31389735
  -0.05450152]",[-0.35815991  0.08875222 17.79082579  8.37196048 -1.29937558  0.12961198],[ 3.41516813  0.15829842 -9.62462101 34.86969895 -1.05210957 -0.62490482],"[  0.36762193   0.04376782 -36.07073725  15.26039419  -1.30048131
  -0.13614504]","[ 1.74484140e-01  3.60011866e-03  4.37110702e+02 -7.42688849e+01
 -1.18470482e+00  2.39518622e-01]","[ 7.55413841e-01  1.44434012e-02 -1.09082470e+02  8.44024073e+01
 -1.21549418e+00 -2.09296287e-01]","[-7.38241283e-02  3.56966102e-03  4.22499990e+02  3.31906934e+01
 -9.63776727e-01  7.03164704e-01]",003,FP
69,2,0.9541020276325514,1,"[ -2.7531221    0.15974734  -9.89233303 -25.23480064  -1.3056906
   0.08169983]","[  0.56362736   0.06139696  25.72866183 -12.50137784  -1.30808987
  -0.10595824]",[-0.30038243  0.09550921 16.54373604  6.96944771 -1.30536242  0.09043061],[ 3.29771912  0.2252438  -6.9082038  24.78131575 -1.19502459 -0.42883996],"[  0.33921505   0.04708003 -33.56340815  13.3852132   -1.31109403
  -0.08541101]","[ 1.77131042e-01  4.44918707e-03  3.51414772e+02 -6.02464648e+01
 -1.16400698e+00  3.75935025e-01]","[ 7.45100192e-01  1.72429113e-02 -9.10012868e+01  6.98050762e+01
 -1.20364053e+00 -3.10315186e-01]","[-7.10661468e-02  5.36916090e-03  2.87910561e+02  2.24606942e+01
 -1.13469849e+00  5.07508659e-01]",003,FP
70,2,0.9541020276325514,1,"[ -2.85001561   0.14927665 -10.57945077 -28.15159987  -1.30195061
   0.12039328]","[  0.60036605   0.05618738  28.08014991 -14.85836857  -1.2971338
  -0.16143353]",[-0.23898611  0.10024211 15.76926117  5.76863434 -1.30882177  0.05451602],[ 3.13909902  0.28734953 -5.46006123 19.13967284 -1.25694304 -0.30307369],"[ 3.09253255e-01  4.89007938e-02 -3.23301271e+01  1.19981970e+01
 -1.31792644e+00 -3.08178467e-02]","[ 1.80419471e-01  5.77474455e-03  2.70392759e+02 -4.67841185e+01
 -1.17759153e+00  3.93005949e-01]","[ 7.32718031e-01  2.13962702e-02 -7.32561797e+01  5.56761238e+01
 -1.21275469e+00 -3.29177412e-01]","[-6.71608190e-02  7.20982284e-03  2.16696549e+02  1.65535177e+01
 -1.21786672e+00  3.75764023e-01]",003,FP
71,2,0.9541020276325514,1,"[ -2.9391056    0.13541711 -11.64822672 -32.23536845  -1.29444006
   0.17039057]","[  0.6333737    0.04945686  31.83949447 -18.16629848  -1.27971532
  -0.2229248 ]",[-0.1752843   0.10280412 15.37941741  4.69577036 -1.31028777  0.02095586],[ 2.9437826   0.34105167 -4.61866003 15.59633104 -1.28789719 -0.21262328],"[ 2.78768433e-01  4.89075515e-02 -3.23257256e+01  1.10113919e+01
 -1.32003746e+00  2.88982107e-02]","[ 1.84612945e-01  7.43750707e-03  2.10359931e+02 -3.68351662e+01
 -1.20740250e+00  3.58997039e-01]","[ 7.17539867e-01  2.64700825e-02 -5.92824825e+01  4.45375446e+01
 -1.23374915e+00 -3.05373925e-01]","[-6.21287535e-02  8.95956509e-03  1.75342615e+02  1.28938181e+01
 -1.26344699e+00  2.77914052e-01]",003,FP
72,2,0.9541020276325514,1,"[ -3.01814313   0.1180194  -13.33299013 -38.24087254  -1.27899508
   0.24021343]","[  0.66182523   0.04163107  37.70693399 -22.95540036  -1.25294473
  -0.29478767]","[-1.10651459e-01  1.03153414e-01  1.53277414e+01  3.69603696e+00
 -1.31016472e+00 -1.10348949e-02]",[ 2.71803433  0.38360897 -4.11489241 13.18441885 -1.30442864 -0.14139961],"[  0.24894568   0.04691769 -33.67356652  10.38288902  -1.3158132
   0.09563182]","[ 1.89891884e-01  9.30437524e-03  1.68608979e+02 -3.00174767e+01
 -1.23686250e+00  3.09426478e-01]","[ 6.99099474e-01  3.20265118e-02 -4.90887695e+01  3.63179330e+01
 -1.25578357e+00 -2.64813297e-01]","[-5.60649324e-02  1.04996509e-02  1.50091970e+02  1.04148962e+01
 -1.28966537e+00  1.99947333e-01]",003,FP
73,2,0.9541020276325514,1,"[ -3.08475596   0.09696865 -16.13751274 -47.78028861  -1.24268725
   0.34716691]","[ 6.85161904e-01  3.31716678e-02  4.70699304e+01 -3.02505232e+01
 -1.20936263e+00 -3.85864331e-01]",[-0.04646171  0.10134359 15.59938893  2.72477423 -1.30865467 -0.04227422],[ 2.46952496  0.41306074 -3.82570487 11.44767366 -1.31299071 -0.08117982],"[  0.22101892   0.04293906 -36.73130688  10.11831363  -1.30237173
   0.17205538]","[ 1.96353506e-01  1.12494493e-02  1.39788625e+02 -2.54479867e+01
 -1.26034215e+00  2.58451635e-01]","[ 6.77200654e-01  3.76471660e-02 -4.18339320e+01  3.03299661e+01
 -1.27421031e+00 -2.19954779e-01]","[-4.91282132e-02  1.17363314e-02  1.34517642e+02  8.60861140e+00
 -1.30423296e+00  1.35195800e-01]",003,FP
74,2,0.9541020276325514,1,"[ -3.13648812   0.07234516 -21.29317704 -64.7857969   -1.14221588
   0.52844988]","[ 7.03098049e-01  2.45284639e-02  6.29795428e+01 -4.22807937e+01
 -1.12896803e+00 -5.14593244e-01]","[ 1.59649864e-02  9.75034690e-02  1.62090180e+01  1.74122325e+00
 -1.30581697e+00 -7.36870608e-02]",[ 2.20684727  0.42828582 -3.69146773 10.1465055  -1.31629222 -0.02741212],"[ 1.96142540e-01  3.72023549e-02 -4.22561581e+01  1.02882302e+01
 -1.27479039e+00  2.62110496e-01]","[ 2.04018418e-01  1.31601944e-02  1.19710465e+02 -2.24231396e+01
 -1.27730525e+00  2.11197490e-01]","[  0.65190548   0.04294997 -36.72124741  25.93878227  -1.28834079
  -0.17565704]","[-4.15223984e-02  1.26129650e-02  1.25289323e+02  7.20231317e+00
 -1.31095943e+00  8.07227580e-02]",003,FP
75,2,0.9541020276325514,1,"[-3.17086476e+00  4.50451597e-02 -3.19517874e+01 -9.93147969e+01
 -8.06289703e-01  8.50594471e-01]","[ 7.15589509e-01  1.61235276e-02  9.31457272e+01 -6.46541052e+01
 -9.47547385e-01 -7.23008316e-01]",[ 0.0753972   0.09180702 17.20649558  0.70267841 -1.3016316  -0.1066682 ],[ 1.93899789  0.42904114 -3.68504848  9.14530121 -1.31563265  0.02270621],"[ 1.75257560e-01  3.01614475e-02 -5.18054204e+01  1.10792916e+01
 -1.22403587e+00  3.72522657e-01]","[ 2.12841668e-01  1.49441231e-02  1.05557752e+02 -2.04670880e+01
 -1.28882487e+00  1.69267749e-01]","[  0.62350865   0.04759898 -33.16990562  22.68172313  -1.29869219
  -0.13321914]","[-3.34710793e-02  1.31185809e-02  1.20512430e+02  6.03368111e+00
 -1.31218477e+00  3.57351157e-02]",003,FP
76,0,0.8158654728285952,0,[-3.17439367  0.03824069 10.57475764 35.56844369 -1.1324049   0.66140489],"[ 7.21280297e-01  8.29580125e-03  1.07823199e+02 -7.57707493e+01
 -9.05925983e-01 -5.53642891e-01]",[ 0.13825636  0.09656793 16.31669533 -0.2558869  -1.13970489  0.15228899],[ 1.63270393  0.48559216 -3.23479746  7.28146653 -1.10224782 -0.25624413],"[ 1.58572565e-01  2.29677925e-02 -6.76275537e+01  1.27238746e+01
 -1.14063627e+00  4.63500868e-01]","[ 2.25197642e-01  2.09403136e-02  7.36174191e+01 -1.45784692e+01
 -8.97100170e-01  5.64381223e-01]","[  0.58540736   0.06378577 -24.2863262   16.217394    -0.94720298
  -0.50345486]","[-2.35659281e-02  1.60598350e-02  9.72090550e+01  4.29082160e+00
 -1.02403781e+00  3.82706961e-01]",003,FP
77,0,0.8158654728285952,0,[-3.15063314  0.07417749 18.26106791 59.53392568 -0.93796743  0.81522931],"[ 7.21013955e-01  8.80609533e-03 -1.15576145e+02  8.53320134e+01
 -8.01240803e-01 -6.48255956e-01]",[ 0.19431033  0.09127952 17.19860155 -1.34186601 -1.47575546 -0.0448162 ],[ 1.34542717  0.48215156 -3.25620021  6.38098024 -1.49665815 -0.0228851 ],"[ 1.47282471e-01  1.50123451e-02 -9.89202129e+01  1.65692133e+01
 -9.69533311e-01  7.03259286e-01]","[ 2.38562481e-01  2.41628167e-02  6.46041298e+01 -1.34121215e+01
 -1.49406750e+00  2.37170086e-01]","[  0.5454181    0.07134502 -21.92171116  13.95649802  -1.50433135
  -0.19320381]","[-1.36410878e-02  1.71471641e-02  9.14581793e+01  3.24758905e+00
 -1.49421479e+00  1.35695654e-01]",003,FP
78,0,0.8158654728285952,0,[-3.0977843   0.11899416 12.88059648 41.90130959 -1.22223665  0.46243213],"[ 7.15045661e-01  1.60006814e-02 -9.34080734e+01  6.87910375e+01
 -1.08311114e+00 -6.02171857e-01]",[ 0.2423548   0.07808133 19.68862744 -2.77163335 -1.4461275  -0.41374914],[ 1.08602203  0.43214409 -3.58150889  5.88959756 -1.47612394  0.34737614],"[ 1.40834532e-01  7.90166752e-03 -1.54703245e+02  2.37875590e+01
 -5.31485382e-01  9.76484638e-01]","[ 2.52736855e-01  2.52653344e-02  6.21002697e+01 -1.36950268e+01
 -1.49902648e+00 -1.04575851e-01]","[  0.50444191   0.07214502 -21.70735205  12.95009816  -1.50552622
   0.16024303]","[-3.79478011e-03  1.69047238e-02  9.26333110e+01  2.35152305e+00
 -1.48775423e+00 -1.82305663e-01]",003,FP
79,0,0.8158654728285952,0,[-3.0149073   0.16039166  9.80201408 31.55216378 -1.19860917  0.26456073],"[ 7.03595944e-01  2.33459626e-02 -6.70333160e+01  4.91643693e+01
 -1.18141920e+00 -3.58782675e-01]",[ 0.28122643  0.05752409 25.43897581 -5.15411227 -0.518281   -0.96401095],[ 0.86231251  0.33890535 -4.42429571  5.81512552 -0.67735742  0.81721602],[ 0.13822233  0.00346394 -0.40821662  2.05642465 -1.52185088  0.12225612],"[ 2.67503079e-01  2.42040559e-02  6.46309784e+01 -1.52889857e+01
 -1.04570736e+00 -3.44076320e-01]","[  0.46341862   0.06616227 -23.50673461  12.89345859  -0.98627958
   0.44650922]","[ 5.95407873e-03  1.54779752e-02  1.00606974e+02  1.40097815e+00
 -9.82882262e-01 -4.18956874e-01]",003,FP
80,0,0.8158654728285952,0,[-2.90219975  0.19086931  8.22523871 25.87128572 -1.25661895  0.29201045],"[ 6.86852861e-01  2.92730029e-02 -5.35050863e+01  3.87501216e+01
 -1.23201127e+00 -3.37030810e-01]","[ 3.09835929e-01  2.57365599e-02  5.72539976e+01 -1.57393455e+01
 -8.89012651e-01 -7.88549198e-01]",[ 0.6809323   0.1856841  -8.31201924  7.65992239 -1.14162474  0.51629808],"[ 1.38085285e-01  3.25616959e-03  4.79991832e+02 -6.42798089e+01
 -1.61000752e+00  2.06188594e-02]","[ 2.82630182e-01  2.03989703e-02  7.75103023e+01 -1.99067508e+01
 -1.30781473e+00  6.75026456e-04]","[  0.42327504   0.05160781 -30.61918496  14.9603368   -1.305363
   0.08565508]","[ 1.56599428e-02  1.26632372e-02  1.24856296e+02  4.47575477e-02
 -1.29040475e+00  1.83935750e-02]",003,FP
81,0,0.8158654728285952,0,[-2.77227485  0.22581869  6.97528598 21.33740991 -1.28463823  0.21422448],"[ 6.66493587e-01  3.58002889e-02 -4.39120803e+01  3.12671199e+01
 -1.26176475e+00 -2.64643009e-01]","[ 3.19698386e-01  1.25960638e-02  7.80699183e+01 -2.29588269e+01
 -5.64573727e-01 -8.60940724e-01]","[  0.58930009   0.11930765 -12.37304651   9.29143746  -0.88557494
   0.78870259]","[ 1.39244191e-01  2.55728529e-03  5.10154776e+02 -6.90360890e+01
 -1.00510852e+00 -5.97851718e-01]","[ 2.95403957e-01  2.02360207e-02  7.81306968e+01 -2.10801170e+01
 -1.30794579e+00 -2.42822585e-02]","[  0.39197691   0.04815252 -32.79617751  14.85534436  -1.29986967
   0.12220774]","[ 2.38099621e-02  1.29418956e-02  1.22150948e+02 -9.08409427e-01
 -1.28969826e+00  4.60490025e-02]",003,FP
82,0,0.8489981797188015,0,[-2.62223006  0.25489616  6.19154866 18.23566501 -1.30038198  0.15005754],"[  0.64213253   0.04194271 -37.5635701   26.12079025  -1.27963217
  -0.20895051]","[ 3.19356699e-01  1.32907563e-02 -7.88530233e+01  2.71822413e+01
 -4.90813585e-01 -9.21615618e-01]","[  0.54189804   0.05832913 -18.18332899  11.85351025  -0.46140805
   0.94673001]","[ 1.39058019e-01  2.91527864e-03 -2.26547927e+02  3.35033060e+01
 -7.72638268e-01 -7.74414047e-01]","[ 3.07956655e-01  1.97205410e-02  8.01590576e+01 -2.26855153e+01
 -1.30749461e+00 -5.22258363e-02]","[  0.36314271   0.04377979 -36.03779048  15.08686076  -1.29200134
   0.16291171]","[ 3.21992630e-02  1.34445952e-02  1.17560759e+02 -1.78536978e+00
 -1.29042065e+00  6.80064831e-02]",003,FP
83,0,0.8642112074668142,0,[-2.45602925  0.27683071  5.70710369 16.01681362 -1.30779678  0.09711817],"[  0.61406283   0.04753039 -33.19272278  22.38241713  -1.29019475
  -0.16467049]","[ 3.08817423e-01  2.68226531e-02 -5.51538841e+01  1.90324804e+01
 -9.11091202e-01 -7.71879239e-01]",[ 0.53893021  0.0523012  18.45623656 -7.94662349 -0.61250288  0.82263037],"[ 1.36291633e-01  7.33213037e-03 -1.87982710e+02  2.76204705e+01
 -5.26667740e-01 -1.02651645e+00]","[ 3.20053976e-01  1.88272704e-02  8.39308563e+01 -2.48624043e+01
 -1.30589516e+00 -8.55513421e-02]","[ 3.37317752e-01  3.86275208e-02 -4.07832719e+01  1.57569216e+01
 -1.28019364e+00  2.11628553e-01]","[ 4.09423698e-02  1.41181915e-02  1.11937263e+02 -2.58297683e+00
 -1.29307395e+00  7.92214226e-02]",003,FP
84,0,0.8642112074668142,0,[-2.27815539  0.29126914  5.42709432 14.36376417 -1.3101532   0.05408364],"[  0.58266859   0.05243848 -30.11184514  19.54522621  -1.29671731
  -0.12874627]","[  0.28862782   0.04091532 -37.8252202   12.91741085  -1.17422483
  -0.4838253 ]",[ 0.5781946   0.10433782 14.17196141 -6.1941516  -0.93256199  0.76011403],"[ 1.29999099e-01  1.34927973e-02 -1.11505699e+02  1.64956403e+01
 -9.52210350e-01 -7.16505599e-01]","[ 3.31447522e-01  1.75318785e-02  9.00673605e+01 -2.78526035e+01
 -1.30169252e+00 -1.26987972e-01]","[ 3.14961705e-01  3.28316671e-02 -4.78599773e+01  1.70740600e+01
 -1.26054826e+00  2.74475970e-01]","[ 5.01097388e-02  1.48681181e-02  1.06293338e+02 -3.32633141e+00
 -1.29761215e+00  7.75018700e-02]",003,FP
85,0,0.8642112074668142,0,[-2.09317245  0.29858475  5.29524147 13.08385355 -1.31005887  0.01897855],"[  0.54841933   0.05656342 -27.93174449  17.31830859  -1.3015736
  -0.09775343]","[  0.25989327   0.05316704 -29.49660129   9.66596828  -1.26711167
  -0.30747708]",[ 0.6548959   0.15630625  9.92893295 -4.50241753 -1.2098435   0.4474595 ],"[ 1.19621220e-01  2.03013180e-02 -7.61524392e+01  1.11094477e+01
 -1.14412551e+00 -5.03489659e-01]","[ 3.41880491e-01  1.58233027e-02  9.96596481e+01 -3.20716894e+01
 -1.29246258e+00 -1.79676785e-01]","[ 2.96444563e-01  2.65381060e-02 -5.89260631e+01  1.94683110e+01
 -1.22433883e+00  3.61710166e-01]","[ 5.97065678e-02  1.55705446e-02  1.01514081e+02 -4.06105738e+00
 -1.30326251e+00  6.31229376e-02]",003,FP
86,0,0.8642112074668142,0,"[-1.90538417e+00  2.99494558e-01  5.27927060e+00  1.20590386e+01
 -1.30894969e+00 -1.07868464e-02]","[  0.51186677   0.05977948 -26.43943131  15.5334662   -1.30570105
  -0.06827751]","[  0.22420692   0.06262265 -25.17319743   7.6440051   -1.30442928
  -0.187134  ]",[ 0.76173794  0.19657183  7.99872937 -4.09293561 -1.30107082  0.25040693],"[ 1.05041999e-01  2.69504263e-02 -5.80466014e+01  8.09733105e+00
 -1.23818940e+00 -3.52683731e-01]","[ 3.51097729e-01  1.37156067e-02  1.14689580e+02 -3.82672509e+01
 -1.27419261e+00 -2.48676446e-01]","[ 2.82043195e-01  1.99210349e-02 -7.76784539e+01  2.39086793e+01
 -1.14904204e+00  4.94175235e-01]","[ 6.96597282e-02  1.60892232e-02  9.82611592e+01 -4.84484565e+00
 -1.30881140e+00  3.76183037e-02]",003,FP
87,0,0.8642112074668142,0,[-1.71865237  0.29475815  5.36355258 11.21808234 -1.3072059  -0.0375407 ],"[  0.47364851   0.06192563 -25.52967289  14.09209149  -1.30889627
  -0.03807256]","[  0.18350594   0.06880694 -22.96050714   6.21338949  -1.31887659
  -0.09631393]",[ 0.88934491  0.2210005   7.14650714 -4.35570973 -1.33347551  0.10666077],"[ 8.65973199e-02  3.27122088e-02 -4.81076862e+01  6.16599669e+00
 -1.28814069e+00 -2.35713063e-01]","[ 3.58858419e-01  1.12517658e-02  1.39111886e+02 -4.79214715e+01
 -1.23790048e+00 -3.44858841e-01]","[ 2.71942085e-01  1.32092251e-02 -1.13590032e+02  3.28899102e+01
 -9.58468089e-01  7.19912463e-01]","[ 7.98147457e-02  1.62935440e-02  9.70393376e+01 -5.74517005e+00
 -1.31296621e+00  2.55441459e-03]",003,FP
88,0,0.8642112074668142,0,[-1.53636235  0.28507104  5.54468684 10.51864812 -1.30480424 -0.06287508],"[ 4.34493495e-01  6.28353621e-02 -2.51628700e+01  1.29331033e+01
 -1.31068599e+00 -6.23481667e-03]","[  0.13988723   0.07160733 -22.07881      5.08854361  -1.32197893
  -0.02238724]",[ 1.02699586  0.22777293  6.94064071 -5.12800927 -1.33912833 -0.01563939],"[ 6.50383210e-02  3.69672081e-02 -4.27021280e+01  4.77727471e+00
 -1.31513517e+00 -1.36805104e-01]","[ 3.64948242e-01  8.50118839e-03  1.81969701e+02 -6.44095226e+01
 -1.15657307e+00 -4.93778481e-01]","[ 2.66245244e-01  6.89992075e-03 -1.82404289e+02  5.05642744e+01
 -4.53384921e-01  1.02068899e+00]","[ 8.99424399e-02  1.60734453e-02  9.83537900e+01 -6.84617985e+00
 -1.31453289e+00 -4.14560570e-02]",003,FP
89,0,1.0064918955957334,0,[-1.36147238  0.27106133  5.82948504  9.93668288 -1.30177989 -0.0880604 ],"[  0.39521638   0.06237988 -25.34509534  12.01679671  -1.3108028
   0.02760993]","[  0.09542021   0.07120687 -22.2010188    4.11842597  -1.31834064
   0.04142526]",[ 1.16358179  0.21697507  7.2752192  -6.46531255 -1.32526791 -0.13437755],"[ 4.14553240e-02  3.92459563e-02 -4.02778451e+01  3.66973112e+00
 -1.32778231e+00 -4.60661122e-02]","[ 3.69187873e-01  5.57332276e-03  2.66921555e+02 -9.65442011e+01
 -9.28827024e-01 -7.53137054e-01]","[ 2.65001232e-01  4.45494461e-03  1.24673442e+02 -3.10386158e+01
 -1.20626831e+00  5.00621254e-01]","[ 9.97532596e-02  1.53492123e-02  1.02931334e+02 -8.26773610e+00
 -1.31206791e+00 -9.55640668e-02]",003,FP
90,0,1.0064918955957334,0,[-1.19658477  0.25327164  6.23622139  9.46216755 -1.29809112 -0.11477671],"[  0.35669286   0.06049391 -26.12816526  11.31973002  -1.30903344
   0.06412134]","[  0.05198276   0.06802206 -23.22549002   3.20732499  -1.30980858
   0.09882711]",[ 1.28864646  0.19049066  8.24986909 -8.63116456 -1.28785844 -0.26475256],"[ 1.71706726e-02  3.92672705e-02 -4.02564769e+01  2.69123078e+00
 -1.32877845e+00  4.37667918e-02]","[ 3.71437557e-01  2.80186368e-03  3.98992291e+02 -1.46200722e+02
 -4.60080730e-01 -9.57675179e-01]","[ 2.68232720e-01  9.59675966e-03  1.48251005e+02 -3.77657704e+01
 -7.13138434e-01  9.09913027e-01]","[ 1.08917448e-01  1.40774383e-02  1.12065938e+02 -1.02059360e+01
 -1.30281541e+00 -1.63484484e-01]",003,FP
91,0,1.0064918955957334,0,[-1.04400812  0.23212441  6.79996217  9.0992157  -1.29317686 -0.14540122],"[  0.31982025   0.05718108 -27.62661721  10.83555162  -1.30487246
   0.10454388]","[ 1.11310607e-02  6.26478924e-02 -2.51911906e+01  2.28040467e+00
 -1.29719705e+00  1.51374093e-01]","[  1.39336725   0.15179878  10.2472692  -12.27820935  -1.20786353
  -0.42777466]","[-6.38471485e-03  3.69635800e-02 -4.27024045e+01  1.72735732e+00
 -1.31730498e+00  1.39849988e-01]","[ 3.71600340e-01  2.47143508e-03 -3.63422416e+02  1.37047893e+02
 -6.35992944e-01 -8.16642208e-01]","[ 2.75957172e-01  1.63036378e-02  9.36681728e+01 -2.38484041e+01
 -1.05619262e+00  6.12202888e-01]","[ 1.17088846e-01  1.22553921e-02  1.28318549e+02 -1.30246708e+01
 -1.28053038e+00 -2.53137536e-01]",003,FP
92,0,1.0064918955957334,0,[-0.90580212  0.20794377  7.58306678  8.86875794 -1.28566438 -0.18283115],"[  0.28547208   0.05251424 -30.05281384  10.57923936  -1.29725038
   0.15071142]","[-2.59917565e-02  5.58004648e-02 -2.82446830e+01  1.26587108e+00
 -1.28132443e+00  1.98809140e-01]","[  1.47135458   0.10572339  14.31935415 -19.06884734  -1.02284791
  -0.66311934]","[-2.77940050e-02  3.24784535e-02 -4.84151358e+01  6.54349474e-01
 -1.28792058e+00  2.53016793e-01]","[ 3.69626705e-01  5.24539933e-03 -2.77777381e+02  1.04673938e+02
 -8.17188583e-01 -8.40148664e-01]","[ 2.88188098e-01  2.32923922e-02  6.67429048e+01 -1.72345108e+01
 -1.17530257e+00  4.44319805e-01]","[ 1.23929415e-01  9.92516347e-03  1.57294190e+02 -1.74933770e+01
 -1.22895580e+00 -3.81535567e-01]",003,FP
93,0,1.0064918955957334,0,[-0.78379504  0.18105579  8.69499921  8.81509726 -1.27319402 -0.2305608 ],"[  0.25445215   0.04663891 -33.78464715  10.59657622  -1.28425583
   0.20523665]","[ -0.05870327   0.04824503 -32.6215868    0.08500634  -1.2637019
   0.23923689]","[  1.51917598   0.05879127  22.95037122 -32.86565276  -0.54524452
  -1.00372441]","[-4.57630461e-02  2.61361970e-02 -5.96201132e+01 -7.28397993e-01
 -1.22170428e+00  4.05035890e-01]","[ 3.65521345e-01  8.45124907e-03 -1.81881580e+02  6.84815996e+01
 -1.10908643e+00 -5.55497684e-01]","[ 3.04913958e-01  3.03291044e-02  5.16276266e+01 -1.37419840e+01
 -1.22900496e+00  3.41967691e-01]","[ 1.29131988e-01  7.18221303e-03  2.12955097e+02 -2.54993151e+01
 -1.09472783e+00 -5.88118385e-01]",003,FP
94,0,1.0064918955957334,0,[-0.67956123  0.15190305 10.33479141  9.02312356 -1.25164155 -0.29383387],"[  0.22744951   0.03977571 -39.50810322  10.98609866  -1.26242969
   0.27229795]","[ -0.08677943   0.04070815 -38.6143912   -1.35093482  -1.24688642
   0.26932131]",[ 1.53654247  0.02784457  2.75290873 -2.22996118 -1.69154707 -0.2607302 ],"[-5.92042386e-02  1.84264447e-02 -8.23074686e+01 -2.87295101e+00
 -1.04832360e+00  6.44091497e-01]","[ 3.59350467e-01  1.15942399e-02 -1.34612600e+02  5.03731008e+01
 -1.21476515e+00 -3.89396818e-01]","[ 3.26063002e-01  3.72344699e-02  4.22098549e+01 -1.17630720e+01
 -1.25870415e+00  2.70564653e-01]","[ 1.32439523e-01  4.23451677e-03  3.28913069e+02 -4.15610899e+01
 -6.79490708e-01 -9.26931736e-01]",003,FP
95,0,1.0064918955957334,0,[-0.59435855  0.12110716 12.89510221  9.66431419 -1.21203956 -0.38265901],"[ 2.04995000e-01  3.22172483e-02 -4.85467980e+01  1.19518509e+01
 -1.22459187e+00  3.59416093e-01]","[-1.10396951e-01  3.37842643e-02 -4.64970183e+01 -3.13312906e+00
 -1.23439944e+00  2.85063890e-01]","[ 1.52612930e+00  4.64529270e-02 -2.97749121e+01  4.74403658e+01
 -7.58064310e-01 -8.68021411e-01]","[-6.72890232e-02  1.02422559e-02 -1.28075224e+02 -6.61805672e+00
 -5.43945464e-01  9.83445046e-01]","[ 3.51246671e-01  1.45038964e-02 -1.08292501e+02  4.00373806e+01
 -1.26227740e+00 -2.82167773e-01]","[  0.35146993   0.04380997  35.95422795 -10.63683006  -1.27704464
   0.21567545]","[ 1.33659598e-01  2.13303555e-03  9.09890548e+01 -1.01615605e+01
 -1.65934336e+00 -2.78353904e-01]",003,FP
96,2,1.0243479207513846,1,[-0.52904453  0.0894896  17.25170216 11.12691869 -1.12990106 -0.51871456],"[ 1.87421561e-01  2.43205848e-02 -6.37144300e+01  1.39414579e+01
 -1.15352145e+00  4.81347445e-01]","[-1.30021907e-01  2.78536582e-02 -5.64007736e+01 -5.33333616e+00
 -1.22964162e+00  2.84369252e-01]","[  1.49304503   0.07397702 -20.89422089  33.19601272  -1.22574089
  -0.46950621]","[-6.94717357e-02  6.09786207e-03  5.58629328e+01  5.88089490e+00
 -1.50561851e+00  3.53510051e-01]","[ 3.41408831e-01  1.70583149e-02 -9.23698333e+01  3.35358768e+01
 -1.28687410e+00 -2.04788175e-01]","[  0.38085642   0.04985311  31.64084853 -10.0506202   -1.2889173
   0.17086026]","[ 1.32673725e-01  3.96990086e-03 -3.34481732e+02  4.63769374e+01
 -5.31005887e-01 -1.00160967e+00]",003,FP
97,2,1.0243479207513846,1,[-0.48400001  0.05818245 25.65295436 14.41603018 -0.92308295 -0.75018062],"[ 1.74834453e-01  1.65032149e-02 -9.18263027e+01  1.80544014e+01
 -1.00055218e+00  6.69542782e-01]","[-1.46261000e-01  2.30301596e-02 -6.82522478e+01 -7.98264203e+00
 -1.23349670e+00  2.71878249e-01]","[  1.44402564   0.09213505 -17.09436231  26.68469748  -1.34041695
  -0.19757083]","[-6.54934360e-02  1.27611458e-02  1.09739611e+02  9.18722418e+00
 -6.76122270e-01  9.31741086e-01]","[ 3.30095958e-01  1.91615865e-02 -8.23749448e+01  2.91916363e+01
 -1.30044795e+00 -1.44190954e-01]",[ 0.41382651  0.05517689 28.61491172 -9.84160917 -1.29682922  0.13272488],"[ 1.29442197e-01  7.24616610e-03 -2.08679906e+02  2.90119855e+01
 -1.00947975e+00 -6.72784848e-01]",003,FP
98,2,1.0243479207513846,1,"[-4.59092376e-01  2.96385647e-02  4.15727356e+01  2.10857260e+01
 -4.13052237e-01 -1.03867229e+00]","[ 1.67099171e-01  9.29170322e-03 -1.50404740e+02  2.71325074e+01
 -6.12700199e-01  9.73114542e-01]","[-1.59702638e-01  1.91555665e-02 -8.20855157e+01 -1.11092734e+01
 -1.24236300e+00  2.63334627e-01]","[ 1.38649081e+00  9.88082596e-02 -1.59975370e+01  2.41804380e+01
 -1.35545928e+00 -9.70318497e-03]","[-5.53711882e-02  2.17810209e-02  7.01096267e+01  5.88205333e+00
 -1.07437778e+00  6.04675747e-01]","[ 3.17615881e-01  2.07438519e-02 -7.61664431e+01  2.61916719e+01
 -1.30789752e+00 -9.37806536e-02]",[ 0.44986981  0.0596116  26.50298409 -9.92289231 -1.30239513  0.09878928],"[ 1.24005582e-01  1.05887082e-02 -1.46625531e+02  2.01823843e+01
 -1.17876184e+00 -4.55609780e-01]",003,FP
99,2,1.0243479207513846,1,"[-4.53715099e-01  1.89982137e-02 -3.21416622e+01 -1.25831575e+01
 -1.15406859e+00 -5.11136984e-01]","[ 1.63851840e-01  4.02823018e-03 -1.34989386e+02  2.41182594e+01
 -1.13115911e+00  5.60938768e-01]","[-1.70775432e-01  1.58528048e-02 -9.90763140e+01 -1.49198003e+01
 -1.24748393e+00  2.85598928e-01]","[  1.3276167    0.09479171 -16.64700627  24.10084361  -1.3317105
   0.14526637]","[-3.93741919e-02  3.05686236e-02  5.09818089e+01  4.00736753e+00
 -1.20892492e+00  4.07946879e-01]","[ 3.04311130e-01  2.17615745e-02 -7.26417474e+01  2.41056922e+01
 -1.31159722e+00 -4.96983181e-02]","[  0.48836409   0.06298994  25.0922586  -10.25415801  -1.30661777
   0.06670483]","[ 1.16483654e-01  1.37316029e-02 -1.14133456e+02  1.52946819e+01
 -1.24687446e+00 -3.23520119e-01]",003,FP
100,0,0.8206534700082135,0,[-0.5142052   0.14186069 -8.69402815 -2.47051451  0.16468593 -1.44067934],"[ 1.70212687e-01  1.76858821e-02  6.75251957e+01 -9.49364501e+00
  1.64395371e-01  1.43894854e+00]","[-1.77971909e-01  1.07995227e-02 -1.33255371e+02 -2.17157128e+01
 -1.05280526e+00  6.05314328e-01]","[  1.27168449   0.08489804 -18.54810915  25.58734268  -1.26416278
   0.22473061]","[ 3.38003773e-03  8.12579450e-02  1.72546832e+01  1.94167852e+00
 -1.90653222e-01  1.17547014e+00]","[ 2.83236948e-01  3.56753623e-02 -4.19267063e+01  1.38751923e+01
 -5.78551510e-01 -8.28209748e-01]",[ 0.55164295  0.1081592  13.73208466 -5.57520769 -0.52514496  0.87914737],"[ 9.86350135e-02  3.31946054e-02 -4.27504398e+01  6.21669021e+00
 -2.48896771e-01 -1.12753636e+00]",003,FP
101,0,0.8206534700082135,0,[-0.60167714  0.2048853  -7.14374353 -2.29822718 -1.58961384 -0.49733649],"[ 1.80026241e-01  2.45672134e-02  5.95401127e+01 -8.71878270e+00
 -1.68894117e+00  4.43977165e-01]","[-1.80234291e-01  7.13255120e-03 -1.98330913e+01 -1.57460314e+00
 -1.61252873e+00  5.17179846e-02]","[  1.23368699   0.05908841 -24.28445118  31.95941144  -1.05764726
   0.55968913]",[ 0.05132767  0.10163355 14.79184036  1.24076934 -1.68698037  0.36934962],"[  0.26285471   0.03943792 -38.76581028  12.18977566  -1.68516929
  -0.23747062]",[ 0.61383969  0.12174307 12.53251521 -5.69295529 -1.68879213  0.25985954],"[  0.07910719   0.04080582 -36.95073952   4.92306921  -1.68944496
  -0.35269347]",003,FP
102,0,0.8206534700082135,0,[-0.71547592  0.24351554 -6.3404453  -2.53643596 -1.61304993  0.06404979],"[ 1.92345291e-01  2.71933911e-02  5.60562199e+01 -8.78214996e+00
 -1.70172130e+00 -2.22827097e-01]","[-1.77074934e-01  1.26625626e-02  1.01754155e+02  2.00181102e+01
 -7.05864783e-01  8.41464913e-01]","[  1.21593293   0.03428516 -16.6435877   22.23748642  -1.08076652
   0.11990958]",[ 0.10292254  0.1059582  14.38394982  0.5195673  -1.69331277 -0.26505245],"[ 2.43689915e-01  3.71918452e-02 -4.03431279e+01  1.18312134e+01
 -1.67714196e+00  3.85260675e-01]",[ 0.67343448  0.11668179 12.89968797 -6.68709472 -1.68376306 -0.3663312 ],"[  0.05847346   0.04201664 -36.22826455   4.11839183  -1.69295385
   0.27980189]",003,FP
103,0,0.8206534700082135,0,[-0.85510695  0.25288245 -6.13979853 -3.25018438 -0.90816877  0.42385375],"[ 2.06397429e-01  2.51859529e-02  5.94501088e+01 -1.02703496e+01
 -5.81133120e-01 -8.17546858e-01]","[-1.68067754e-01  2.14790124e-02  7.15828836e+01  1.40307744e+01
 -1.16657547e+00  5.24050598e-01]","[  1.2190702    0.03987991  29.27930016 -33.69352222  -0.87080292
   0.43126916]",[ 0.15652784  0.09351119 15.81965537 -0.47621654 -0.49938412 -0.90736505],"[ 2.26212310e-01  2.93168745e-02 -4.74943221e+01  1.27438003e+01
 -1.56887487e-01  1.20089661e+00]",[ 0.72895276  0.09373172 15.03982156 -8.9633194  -0.214657   -1.15471117],"[ 3.73194825e-02  3.66630252e-02 -4.01741937e+01  3.49928012e+00
 -4.67461236e-01  9.34787749e-01]",003,FP
104,0,0.8206534700082135,0,[-1.020032    0.21422002 -7.36294602 -5.51044054 -1.28499049 -0.1737517 ],"[ 2.21642663e-01  1.60151099e-02  9.87149172e+01 -1.98794371e+01
 -1.28416771e+00  3.80658085e-02]","[-1.52982590e-01  2.86250276e-02  5.47870079e+01  1.03814583e+01
 -1.25653762e+00  3.10285419e-01]","[  1.24242797   0.06394931  24.46800961 -28.39973951  -1.24261678
   0.34828913]",[ 0.21051915  0.05242385 30.12970144 -4.34287921 -1.30409355 -0.11187337],"[ 2.10812215e-01  1.06308188e-02 -1.46748307e+02  3.29363357e+01
 -1.20347636e+00  3.97951571e-01]","[ 7.79054976e-01  3.72030186e-02  4.21004066e+01 -3.07985313e+01
 -1.23588233e+00 -3.36006729e-01]","[ 1.62051875e-02  2.00789798e-02 -7.86711264e+01  3.27488035e+00
 -1.30049368e+00  1.08317931e-01]",003,FP
105,0,0.8206534700082135,0,[-1.162033    0.23766608 -6.6423294  -5.71860595 -1.29585336 -0.1391704 ],"[ 2.32100577e-01  1.66998963e-02  9.46258101e+01 -1.99627051e+01
 -1.27926066e+00  8.36762288e-02]","[-1.33585629e-01  3.39687334e-02  4.63777200e+01  8.19539687e+00
 -1.29394501e+00  2.07992328e-01]","[  1.28631565   0.07779101  20.22889296 -24.02074158  -1.28088227
   0.23868253]",[ 0.2420224   0.04804034 32.85045923 -5.95054695 -1.29256703 -0.15285651],"[ 2.05086177e-01  7.78992480e-03 -1.97997382e+02  4.26065259e+01
 -1.11530958e+00  5.30980060e-01]","[ 7.99558445e-01  2.86573769e-02  5.42404403e+01 -4.13684021e+01
 -1.17527253e+00 -4.45782677e-01]","[ 4.06658589e-03  1.85165689e-02 -8.52630714e+01  2.34672960e+00
 -1.29221648e+00  1.36284716e-01]",003,FP
106,0,0.8206534700082135,0,[-1.317131    0.25703972 -6.14642148 -6.09564227 -1.30619888 -0.09852381],"[ 2.43121882e-01  1.78534691e-02  8.84658644e+01 -1.95079874e+01
 -1.28146680e+00  1.17022288e-01]","[-1.11316949e-01  3.78374867e-02  4.17354082e+01  6.64585832e+00
 -1.31555517e+00  1.20277074e-01]","[  1.33836878   0.08917303  17.69005128 -21.67581227  -1.29476963
   0.16799956]",[ 0.27064876  0.04296124 36.70304612 -7.93363386 -1.27977002 -0.18462319],"[ 2.01113373e-01  5.07946293e-03 -2.95530414e+02  6.14351186e+01
 -9.31653937e-01  7.32309227e-01]","[ 8.14665874e-01  2.01198683e-02  7.59918895e+01 -5.99079991e+01
 -1.05588943e+00 -6.06720704e-01]","[-7.06721458e-03  1.67980753e-02 -9.39422504e+01  1.33608996e+00
 -1.28460100e+00  1.56327645e-01]",003,FP
107,0,0.8862382071448778,0,[-1.48191214  0.26985471 -5.85786256 -6.68083762 -1.31487581 -0.05061669],"[ 2.54893714e-01  1.92944580e-02  8.18527123e+01 -1.88637419e+01
 -1.29194216e+00  1.20551448e-01]","[-8.72639684e-02  3.97941850e-02  3.97260128e+01  5.46664952e+00
 -1.32766406e+00  3.51762015e-02]","[  1.39718545   0.09847316  16.03632247 -20.4057164   -1.29726366
   0.12479066]","[ 2.96146298e-01  3.77644147e-02  4.17312215e+01 -1.03585468e+01
 -1.26868374e+00 -2.02668605e-01]","[ 1.98776868e-01  2.70292204e-03 -5.01944139e+02  1.01774884e+02
 -4.95677929e-01  1.03968543e+00]","[ 8.24469298e-01  1.21087635e-02  1.19995547e+02 -9.69326440e+01
 -7.68522190e-01 -8.70646894e-01]","[-1.71362326e-02  1.50671691e-02 -1.04701547e+02  2.05809934e-01
 -1.27893737e+00  1.68580894e-01]",003,FP
108,0,0.949536251676508,0,"[-1.65147183e+00  2.73673323e-01 -5.77724794e+00 -7.54096225e+00
 -1.32007023e+00  5.66443157e-03]","[ 2.67450752e-01  2.06531623e-02  7.65040197e+01 -1.84610576e+01
 -1.30761336e+00  9.12149648e-02]","[-6.27697069e-02  3.94592724e-02  4.00552454e+01  4.51425601e+00
 -1.33044480e+00 -5.77226985e-02]","[  1.46172676   0.1064615   14.839012   -19.69058094  -1.29475722
   0.10362053]","[ 3.18592918e-01  3.29718688e-02  4.77982826e+01 -1.32281943e+01
 -1.26221345e+00 -2.02437262e-01]","[ 1.97873299e-01  1.13892225e-03 -2.63768117e+02  5.41926675e+01
 -1.46827270e+00  3.90678696e-01]","[ 8.29286494e-01  5.52759322e-03  1.81537942e+02 -1.48546964e+02
 -4.29949104e-01 -9.69569788e-01]","[-2.61551202e-02  1.34252599e-02 -1.17487945e+02 -1.07291131e+00
 -1.27558443e+00  1.74505360e-01]",003,FP
109,0,0.9760949180111128,0,[-1.81961417  0.26658899 -5.92823214 -8.78709518 -1.3193362   0.07161874],"[ 2.80593991e-01  2.14759796e-02  7.36132869e+01 -1.86554460e+01
 -1.32221624e+00  3.38069362e-02]","[-3.93757583e-02  3.65662322e-02  4.31283780e+01  3.69821259e+00
 -1.31809836e+00 -1.70739321e-01]","[  1.53145456   0.11410349  13.84625548 -19.20491105  -1.29106554
   0.09911292]","[ 3.38343848e-01  2.89770943e-02  5.44245852e+01 -1.64142236e+01
 -1.26202628e+00 -1.80508647e-01]","[ 1.98135864e-01  1.62615575e-03  8.40798129e+02 -1.64592263e+02
 -7.73138061e-01  8.44289898e-01]","[ 8.29596945e-01  4.89477437e-03 -2.11849229e+02  1.77749473e+02
 -5.93367136e-01 -8.34701773e-01]","[-3.41895703e-02  1.19280448e-02 -1.32230039e+02 -2.52088821e+00
 -1.27405712e+00  1.75967713e-01]",003,FP
110,0,0.9760949180111128,0,"[ -1.97929726   0.24767256  -6.37180468 -10.61169557  -1.30949672
   0.14983364]","[ 2.93866300e-01  2.13395111e-02  7.40744484e+01 -1.97679841e+01
 -1.32911893e+00 -4.74137608e-02]","[-1.87334484e-02  3.10449466e-02  5.04512767e+01  2.94512639e+00
 -1.27240299e+00 -3.24742672e-01]","[  1.60635692   0.12228066  12.91925567 -18.75293577  -1.28826722
   0.10430298]","[ 3.55944891e-01  2.60127744e-02  6.06920888e+01 -1.96030389e+01
 -1.26736777e+00 -1.37236181e-01]","[ 1.99263222e-01  2.57185902e-03  6.02344028e+02 -1.18025012e+02
 -1.25057882e+00  4.41971033e-01]","[ 8.25971445e-01  9.47547785e-03 -1.57641979e+02  1.32207773e+02
 -9.85601164e-01 -7.14240199e-01]","[-4.13336291e-02  1.05976292e-02 -1.48838520e+02 -4.15203619e+00
 -1.27361146e+00  1.74015367e-01]",003,FP
111,0,0.9760949180111128,0,"[ -2.12324823   0.21721044  -7.24176744 -13.3760699   -1.28495243
   0.24666213]","[ 3.06588837e-01  1.99449855e-02  7.91071601e+01 -2.22533722e+01
 -1.32068849e+00 -1.53997189e-01]","[-2.48317714e-03  2.31291895e-02  6.62290313e+01  2.16445842e+00
 -1.12995903e+00 -5.64681148e-01]","[  1.68684038   0.13154612  12.00774126 -18.25514282  -1.2872811
   0.11179862]","[ 3.72033991e-01  2.41495244e-02  6.54382809e+01 -2.23452648e+01
 -1.27509043e+00 -7.96896996e-02]","[ 2.00948964e-01  3.15211500e-03  5.00141000e+02 -9.85028159e+01
 -1.34685333e+00  1.68856645e-01]","[ 8.19012708e-01  1.39556584e-02 -1.11401305e+02  9.32390846e+01
 -1.20850042e+00 -4.32246883e-01]","[-4.76937601e-02  9.43998312e-03 -1.67117989e+02 -5.97048528e+00
 -1.27381819e+00  1.68177344e-01]",003,FP
112,0,0.9760949180111128,0,"[ -2.24463165   0.17667337  -8.83909177 -17.84050512  -1.23129135
   0.37728458]","[ 3.17948038e-01  1.71804513e-02  9.13084996e+01 -2.70313582e+01
 -1.28169825e+00 -2.97882748e-01]","[ 7.88814797e-03  1.36880568e-02  9.96583037e+01  1.21388055e+00
 -6.59933001e-01 -9.28425131e-01]","[  1.77350806   0.14198779  11.12391943 -17.7283608   -1.28850549
   0.11560786]","[ 3.87249855e-01  2.33142715e-02  6.78143497e+01 -2.42610971e+01
 -1.28198681e+00 -2.09614960e-02]","[ 2.02906985e-01  3.33122533e-03  4.74526300e+02 -9.42847008e+01
 -1.35120074e+00 -9.99110051e-03]","[ 8.09317527e-01  1.76802963e-02 -8.88485410e+01  7.39066815e+01
 -1.27439805e+00 -2.76458713e-01]","[-5.33808757e-02  8.45782882e-03 -1.86579961e+02 -7.95980169e+00
 -1.27476827e+00  1.56750642e-01]",003,FP
113,0,0.9760949180111128,0,"[ -2.33763449   0.12858202 -11.91385205 -25.85023141  -1.10127698
   0.57758423]","[ 3.27108634e-01  1.31542118e-02  1.17231987e+02 -3.63475951e+01
 -1.16617557e+00 -5.11911004e-01]","[ 1.11913820e-02  7.70668348e-03 -1.17544466e+01  2.13154850e+00
 -1.69680421e+00 -2.62378585e-01]","[  1.86687246   0.15319722  10.31063322 -17.24863721  -1.29203399
   0.11194567]","[ 4.02159857e-01  2.33264096e-02  6.77786835e+01 -2.52578657e+01
 -1.28708668e+00  2.60864530e-02]","[ 2.04889917e-01  3.16721567e-03  4.98153284e+02 -1.00066585e+02
 -1.32533498e+00 -1.53206965e-01]","[ 7.97461058e-01  2.05832316e-02 -7.66107634e+01  6.30941004e+01
 -1.29916403e+00 -1.79140735e-01]","[-5.85075986e-02  7.65492305e-03 -2.06240490e+02 -1.00666358e+01
 -1.27681289e+00  1.38001113e-01]",003,FP
114,2,1.0289435075055704,1,"[ -2.39786865   0.07704719 -18.36340795 -42.03304016  -0.71924777
   0.90629307]","[ 3.33323014e-01  8.26149055e-03  1.73686692e+02 -5.58937715e+01
 -8.01065760e-01 -8.55303469e-01]","[ 6.65471197e-03  1.57421593e-02 -8.66158298e+01  2.57640340e+00
 -5.89928089e-01 -9.78026533e-01]","[  1.96706928   0.16432132   9.61465596 -16.91269441  -1.29738437
   0.09916799]","[ 4.17214646e-01  2.39502085e-02  6.60015101e+01 -2.55367966e+01
 -1.29098259e+00  5.54060401e-02]","[ 2.06699675e-01  2.74066839e-03  5.72590662e+02 -1.16354304e+02
 -1.27593325e+00 -2.94074058e-01]","[ 7.83999157e-01  2.26573978e-02 -6.97151864e+01  5.66566474e+01
 -1.31042375e+00 -1.08768948e-01]","[-6.31870472e-02  7.03364894e-03 -2.24573992e+02 -1.21901675e+01
 -1.28001601e+00  1.11649086e-01]",003,FP
115,2,1.0289435075055704,1,"[ -2.42258443   0.03681145 -12.05298339 -27.19936991  -1.37838635
   0.41121909]","[ 3.36016319e-01  4.04912975e-03  1.35862418e+02 -4.36519897e+01
 -1.24116418e+00 -4.67133193e-01]","[-6.00038761e-03  2.78298950e-02 -5.45821604e+01  1.67248588e+00
 -1.04326417e+00 -6.41057343e-01]","[  2.07362911   0.17418581   9.07290618 -16.81384238  -1.30346989
   0.07735788]","[ 4.32731916e-01  2.49516337e-02  6.33444765e+01 -2.54111767e+01
 -1.29403759e+00  6.86253974e-02]","[ 2.08190864e-01  2.13622280e-03  7.25869663e+02 -1.49119433e+02
 -1.18269906e+00 -4.65369310e-01]","[ 7.69483722e-01  2.38832122e-02 -6.61876977e+01  5.29303560e+01
 -1.31632093e+00 -4.98067415e-02]","[-6.75307235e-02  6.59056667e-03 -2.39787248e+02 -1.41930064e+01
 -1.28384347e+00  7.96710682e-02]",003,FP
116,2,1.0289435075055704,1,[-2.4107557   0.05963617 21.57190019 54.00458128 -0.50430075  0.99855099],"[ 3.34838930e-01  6.35426821e-03 -1.97058247e+02  6.79827726e+01
 -4.58948071e-01 -1.01442030e+00]","[-2.65294388e-02  3.96853789e-02 -3.92201823e+01  9.59510572e-01
 -1.20511730e+00 -4.22606366e-01]","[  2.18532277   0.18145171   8.71216978 -17.03890297  -1.30920871
   0.04730065]","[ 4.48905017e-01  2.61408898e-02  6.04609441e+01 -2.51412212e+01
 -1.29621108e+00  7.11605304e-02]","[ 2.09268895e-01  1.43775658e-03  1.04233685e+03 -2.16128681e+02
 -9.64277669e-01 -7.20451479e-01]","[ 7.54483184e-01  2.42136085e-02 -6.52971824e+01  5.12656261e+01
 -1.31918806e+00  7.45166879e-03]","[-7.16446447e-02  6.31342037e-03 -2.50396872e+02 -1.59395949e+01
 -1.28755246e+00  4.59646150e-02]",003,FP
117,2,1.0289435075055704,1,[-2.36309517  0.10977854 13.76099157 34.51853267 -1.01936536  0.67103221],"[ 3.29686093e-01  1.20259156e-02 -1.24959385e+02  4.31973715e+01
 -9.83762489e-01 -7.03514813e-01]","[ -0.0541739    0.0501032  -31.34544914   0.30189489  -1.27211654
  -0.28143837]","[ 2.30006621e+00  1.84733739e-01  8.55881332e+00 -1.76858374e+01
 -1.31394734e+00  8.89479006e-03]","[ 4.65824718e-01  2.73845949e-02  5.77171049e+01 -2.48860541e+01
 -1.29785454e+00  6.78555500e-02]","[ 2.09884728e-01  7.50338973e-04  1.65795350e+03 -3.45979121e+02
 -4.34402689e-01 -1.02910744e+00]","[ 7.39597544e-01  2.35819902e-02 -6.70184460e+01  5.15666780e+01
 -1.31827972e+00  7.06039952e-02]","[-7.56238025e-02  6.17997651e-03 -2.55842133e+02 -1.73477549e+01
 -1.29091926e+00  1.54376219e-02]",003,FP
118,2,1.0289435075055704,1,[-2.28201848  0.15866624  9.80226479 24.36894943 -1.20348564  0.4306161 ],"[ 3.20692213e-01  1.77479772e-02 -8.74415977e+01  3.00418395e+01
 -1.18488033e+00 -4.57281057e-01]","[ -0.08770123   0.05828435 -27.05614634  -0.37285734  -1.30459709
  -0.17674201]","[  2.41488162   0.18265703   8.65495101 -18.90068214  -1.31680841
  -0.04007585]","[ 4.83499051e-01  2.85838119e-02  5.52996759e+01 -2.47373408e+01
 -1.29985712e+00  6.05927589e-02]","[ 2.10028308e-01  4.68585614e-04 -1.19567690e+03  2.53125996e+02
 -1.24388708e+00 -4.59650552e-01]","[ 7.25457919e-01  2.19324078e-02 -7.19594770e+01  5.42035724e+01
 -1.30999993e+00  1.46691167e-01]","[-7.95455996e-02  6.15729310e-03 -2.56789552e+02 -1.84264789e+01
 -1.29441693e+00 -6.93473139e-03]",003,FP
119,2,1.0289435075055704,1,[-2.17153912  0.20092138  7.81625867 18.9733115  -1.27319338  0.28173528],"[ 3.08210407e-01  2.28572362e-02 -6.86260218e+01  2.31512541e+01
 -1.26221323e+00 -3.05289853e-01]","[ -0.12547258   0.06360903 -24.83948104  -1.11667378  -1.32091938
  -0.08878934]","[  2.525933     0.17392503   9.08237789 -20.94147802  -1.31525264
  -0.10436766]","[ 5.01861069e-01  2.96346995e-02  5.33442027e+01 -2.47713786e+01
 -1.30286506e+00  4.84678300e-02]","[ 2.09722619e-01  9.43480484e-04 -1.52712489e+03  3.22272633e+02
 -8.25462721e-01 -8.39106387e-01]","[ 7.12703625e-01  1.92670519e-02 -8.16493973e+01  6.01918215e+01
 -1.28680548e+00  2.44009219e-01]","[-8.34634909e-02  6.20172724e-03 -2.54945230e+02 -1.92786189e+01
 -1.29851698e+00 -1.73517815e-02]",003,FP
120,2,1.0289435075055704,1,[-2.03706381  0.23387234  6.74282162 15.73555791 -1.30377305  0.17674839],"[ 2.92782064e-01  2.70076780e-02 -5.83496221e+01  1.90837228e+01
 -1.29733769e+00 -1.98564550e-01]","[-1.65536845e-01  6.56347906e-02 -2.40883212e+01 -1.98750470e+00
 -1.32687862e+00 -6.86279624e-03]","[  2.62865427   0.1574924   10.00780863 -24.30706888  -1.30313967
  -0.19220883]","[ 5.20765187e-01  3.04029825e-02  5.20021076e+01 -2.50808873e+01
 -1.30649350e+00  2.98285673e-02]","[ 2.09019111e-01  1.48464522e-03 -1.04042759e+03  2.19469249e+02
 -1.18006885e+00 -4.95043804e-01]","[ 7.01935192e-01  1.56939190e-02 -9.95112692e+01  7.18504618e+01
 -1.23245242e+00  3.76248464e-01]","[-8.74025774e-02  6.26244953e-03 -2.52474787e+02 -2.00669471e+01
 -1.30283006e+00 -1.46216645e-02]",003,FP
121,0,0.8158654728285952,0,[-1.82031077  0.37452238  4.03658301  9.34783552 -0.68867096  0.75082638],"[  0.26713848   0.04465911 -33.70703499  11.004446    -0.65311499
  -0.78628493]","[ -0.21604373   0.0816341  -19.07170299  -2.1203218   -0.97509392
  -0.4166643 ]","[  2.72077133   0.13678893  11.49910159 -29.28642594  -1.25577142
  -0.25337129]","[  0.54712673   0.04351911  35.0900955  -17.19872918  -0.7650307
   0.65249268]","[ 2.07420638e-01  3.01114858e-03 -4.89683472e+02  1.03570458e+02
 -5.19652395e-01 -9.31005104e-01]","[ 6.94434071e-01  1.06189315e-02 -1.38419099e+02  9.81229385e+01
 -1.00060195e+00  6.99350429e-01]","[-9.28458882e-02  8.95337567e-03 -1.70435780e+02 -1.38242614e+01
 -7.56062772e-01 -6.58744291e-01]",003,FP
122,0,0.8158654728285952,0,[-1.59921925  0.42042248  3.67014904  7.869373   -1.63291551  0.22282601],"[  0.24056314   0.05091611 -30.27168154   9.28225087  -1.63116226
  -0.24252881]","[ -0.2612167    0.07974448 -19.4554815   -3.08209658  -1.59009933
  -0.02838518]","[  2.78132623   0.09344489  15.20435551 -40.2882728   -1.02476964
  -0.57640487]","[  0.57291536   0.04754635  32.54283446 -16.64428968  -1.61775279
   0.19920468]","[ 2.05662060e-01  3.54640881e-03 -4.32370703e+02  9.09222494e+01
 -1.65939862e+00 -2.66543492e-01]","[ 6.90678119e-01  5.58117905e-03 -1.52297414e+02  1.07188491e+02
 -7.98417613e-01  6.32772553e-01]","[-9.81780286e-02  9.82843850e-03 -1.57391991e+02 -1.34524354e+01
 -1.61571556e+00 -2.07873744e-01]",003,FP
123,0,0.8158654728285952,0,[-1.38346859  0.40446941  3.77895641  7.22806751 -1.62439781 -0.33003953],"[  0.21412072   0.04981397 -30.7800432    8.59064499  -1.62532283
   0.30454959]","[ -0.29875811   0.06638636 -22.17364501  -4.62455638  -1.52740497
   0.51848568]","[  2.8053604    0.05692038   5.71285807 -14.0266258   -1.35567787
   0.02933659]","[  0.59761184   0.04545128  33.70261809 -18.14108347  -1.61187747
  -0.3242231 ]","[ 2.03882617e-01  3.45894082e-03 -4.40123746e+02  9.17335812e+01
 -1.64756599e+00  3.37328884e-01]","[ 6.90506579e-01  5.25338646e-03  2.03194674e+02 -1.38307259e+02
 -9.02238926e-01  5.34835225e-01]","[-1.03316395e-01  9.46853270e-03 -1.62046536e+02 -1.47420639e+01
 -1.61238753e+00  3.10672487e-01]",003,FP
124,0,0.8158654728285952,0,[-1.18213019  0.32942106  4.43651176  7.24453449 -0.4409884  -0.98394198],"[  0.18881363   0.04160361 -35.55994896   8.71420301  -0.51919498
   0.91070715]","[ -0.32689316   0.04442423 -27.60223512  -7.02298192   0.13892983
   1.42348438]","[  2.78945594   0.08502891 -14.78949301  43.25463908  -0.76510931
  -0.68408321]","[ 6.20691754e-01  3.74206234e-02  3.94242310e+01 -2.24702951e+01
 -4.96288349e-01 -9.28225031e-01]","[ 2.02212196e-01  2.78301297e-03 -5.16822272e+02  1.06507767e+02
 -3.53024489e-01  1.06432363e+00]","[ 6.93478714e-01  8.52932929e-03  1.81493654e+02 -1.23861986e+02
 -1.29524758e+00  4.15224948e-01]","[-1.08167889e-01  7.89085771e-03 -1.87991252e+02 -1.83346169e+01
 -5.34448637e-01  8.92566708e-01]",003,FP
125,0,0.8158654728285952,0,[-1.00328843  0.15968143  9.77864993 11.81080636 -1.22312762 -0.3811395 ],"[ 1.65543544e-01  2.22981260e-02 -7.04777944e+01  1.36671438e+01
 -1.26719590e+00  2.70409075e-01]",[-0.34448844  0.00796253 -3.06438279  0.94435555 -1.71681179  0.25213828],"[  2.73204786   0.14263639 -10.87015461  31.69778258  -1.17331255
  -0.46938934]","[ 6.41667586e-01  1.98482345e-02  7.92418932e+01 -4.88469543e+01
 -1.26762180e+00 -2.53287312e-01]","[ 2.00761788e-01  1.18004913e-03 -1.30190269e+03  2.63372311e+02
 -1.10965788e+00  5.58637497e-01]","[ 6.98908823e-01  1.02763089e-02  1.53676709e+02 -1.05406008e+02
 -1.35306448e+00  1.00806909e-01]","[-1.12640934e-01  4.36507303e-03 -3.60827292e+02 -3.86439232e+01
 -1.27868224e+00  2.17324463e-01]",003,FP
126,0,0.8188857816647335,0,[-0.91851499  0.11669663 13.16395735 14.09129221 -1.11047536 -0.55854252],"[ 1.53049331e-01  1.79636939e-02 -8.69500756e+01  1.53076509e+01
 -1.22286796e+00  3.77427936e-01]","[-3.40813129e-01  1.45439828e-02  9.43477400e+01  3.41549484e+01
 -6.66435732e-01  9.27601659e-01]",[ 2.63074823  0.18588125 -8.4301441  24.17758669 -1.24876367 -0.32526014],"[ 6.52978273e-01  1.63445942e-02  9.58724642e+01 -6.06026361e+01
 -1.23765681e+00 -3.28310098e-01]","[ 2.00189501e-01  7.30832584e-04 -1.99010556e+03  4.00398238e+02
 -8.03593080e-01  8.49730090e-01]","[ 7.05138807e-01  1.03547478e-02  1.52568591e+02 -1.05582034e+02
 -1.35523377e+00 -7.77529041e-02]","[-1.15169626e-01  3.70533139e-03 -4.24077210e+02 -4.68408137e+01
 -1.25618808e+00  2.75156975e-01]",003,FP
127,0,0.8188857816647335,0,[-0.86233115  0.07190954 20.13045247 19.35911615 -0.79409237 -0.85765558],"[ 1.43488646e-01  1.31730794e-02 -1.16736995e+02  1.87504335e+01
 -1.11837822e+00  5.49049593e-01]","[-3.29694843e-01  2.46145067e-02  6.22097675e+01  2.25102395e+01
 -1.11931769e+00  5.71291902e-01]",[ 2.50359719  0.22356077 -7.04176531 19.62974382 -1.28251295 -0.22883847],"[ 6.62020231e-01  1.26728840e-02  1.22789831e+02 -7.92893520e+01
 -1.18410572e+00 -4.31833411e-01]","[ 1.99911904e-01  3.41242493e-04 -2.66776257e+03  5.35317496e+02
 -5.96401881e-01  8.46187421e-01]","[ 7.11023167e-01  9.21805242e-03  1.70267639e+02 -1.19064236e+02
 -1.31119514e+00 -2.78360517e-01]","[-1.17281913e-01  3.02261385e-03 -5.18277243e+02 -5.87845463e+01
 -1.22542008e+00  3.35693646e-01]",003,FP
128,0,0.8188857816647335,0,[-0.836093    0.03366142 23.95856996 22.03159272 -0.77111486 -0.73387033],"[ 1.37150109e-01  8.15931296e-03 -1.77552370e+02  2.63513268e+01
 -8.06773124e-01  8.49263047e-01]","[-3.12204829e-01  3.33842947e-02  4.68654495e+01  1.66316196e+01
 -1.25596414e+00  3.45194557e-01]",[ 2.35465002  0.25431359 -6.20446406 16.60934141 -1.29940654 -0.15796849],"[ 6.68720294e-01  8.98259017e-03  1.70492750e+02 -1.12011962e+02
 -1.07204235e+00 -5.91422070e-01]","[ 1.99925522e-01  3.68894237e-04  3.01544400e+03 -6.00864216e+02
 -4.87719186e-01  9.33731057e-01]","[ 7.15779848e-01  6.96604648e-03  2.19202150e+02 -1.54900482e+02
 -1.14300580e+00 -5.71485764e-01]","[-1.18980147e-01  2.36638476e-03 -6.59647243e+02 -7.64849258e+01
 -1.18810761e+00  3.94683898e-01]",003,FP
129,0,0.8188857816647335,0,"[ -0.83984362   0.04121099 -28.38505508 -21.83900747  -0.46793859
  -0.96827989]","[ 1.34232182e-01  3.86648158e-03 -1.98954918e+02  2.87061527e+01
 -8.56041877e-01  6.78806511e-01]",[-0.28967541  0.04005637 39.33079822 13.39316493 -1.30278042  0.20457828],[ 2.18874143  0.277081   -5.70164606 14.47942895 -1.30932805 -0.0999847 ],"[ 6.73089689e-01  5.45338910e-03  2.66531446e+02 -1.77399568e+02
 -7.82698219e-01 -8.62191126e-01]","[ 2.00214846e-01  7.23119394e-04  2.06317593e+03 -4.11078450e+02
 -9.56641650e-01  7.32925314e-01]","[ 7.18668832e-01  4.00104294e-03  3.12907107e+02 -2.22876586e+02
 -5.93579917e-01 -9.07677146e-01]","[-1.20293903e-01  1.78042481e-03 -8.73557114e+02 -1.03083594e+02
 -1.14859215e+00  4.47134869e-01]",003,FP
130,0,0.8188857816647335,0,"[ -0.87232933   0.07924756 -18.90525901 -14.49161186  -0.98167364
  -0.71143344]","[ 1.34818747e-01  5.04328804e-03  2.34457914e+02 -2.96093222e+01
 -4.48038757e-01  9.89526126e-01]",[-0.2636138   0.0443357  35.62955171 11.39244135 -1.32151744  0.10206572],[ 2.01147746  0.29067813 -5.43841988 12.93925899 -1.31625196 -0.04548945],"[ 6.75215713e-01  2.51098375e-03  3.83054810e+02 -2.56644627e+02
 -5.01165096e-01 -9.15103733e-01]","[ 2.00756670e-01  1.08417912e-03  1.43010585e+03 -2.85103288e+02
 -1.17983581e+00  4.66806539e-01]","[ 7.19016633e-01  3.31346434e-03 -2.02297224e+02  1.47455069e+02
 -9.08378694e-01 -6.80058100e-01]","[-1.21272231e-01  1.29118759e-03 -1.20029003e+03 -1.43561850e+02
 -1.11230025e+00  4.92192172e-01]",003,FP
131,0,0.8188857816647335,0,"[ -0.93105001   0.11679121 -13.29879239 -10.38184083  -1.19828012
  -0.44506105]","[ 1.38848709e-01  9.73865287e-03  1.53674530e+02 -1.93375102e+01
 -9.70953375e-01  7.19698191e-01]","[-2.35643504e-01  4.60478077e-02  3.43339100e+01  1.00905629e+01
 -1.32858637e+00  1.32115301e-02]",[ 1.82933314  0.29357345 -5.38555644 11.85197685 -1.32056639  0.01333291],"[ 6.75240677e-01  2.46013061e-03 -4.37542320e+02  2.97446373e+02
 -5.28878574e-01 -8.92433803e-01]","[ 2.01524299e-01  1.41001962e-03  1.11177150e+03 -2.22048972e+02
 -1.25153040e+00  3.18304715e-01]","[ 7.16235457e-01  7.66743650e-03 -1.83985213e+02  1.33776733e+02
 -6.40743024e-01 -9.56282833e-01]","[-1.21969804e-01  8.99226627e-04 -1.71367628e+03 -2.07016760e+02
 -1.07352495e+00  5.51004660e-01]",003,FP
132,0,0.9027165220891088,0,"[ -1.01234005   0.148664   -10.56237158  -8.69271174  -1.27530323
  -0.28352117]","[ 1.46090769e-01  1.44180269e-02  1.07653628e+02 -1.37272013e+01
 -1.19383968e+00  4.52626112e-01]",[-0.20747029  0.04505746 35.07105879  9.27620265 -1.32674141 -0.07774556],[ 1.64975285  0.28403785 -5.56314683 11.17781734 -1.31997266  0.08360355],"[ 6.73331297e-01  4.85428629e-03 -3.06986341e+02  2.08703511e+02
 -9.47289025e-01 -7.39273675e-01]","[ 2.02492319e-01  1.69831608e-03  9.26830927e+02 -1.85676144e+02
 -1.27448169e+00  2.33757418e-01]","[ 7.09837573e-01  1.35194629e-02 -1.12192304e+02  8.16383130e+01
 -9.99393700e-01 -6.66503471e-01]","[-1.22430767e-01  5.78551611e-04 -2.60417802e+03 -3.16831513e+02
 -9.62548757e-01  7.04241428e-01]",003,FP
133,0,0.605483618509643,0,[-1.11148053  0.17266421 -9.13472302 -8.15306679 -1.30875085 -0.16968204],"[ 1.56134231e-01  1.84096406e-02  8.52792300e+01 -1.13150070e+01
 -1.27550946e+00  2.86672432e-01]",[-0.18085484  0.04128844 38.17991513  8.90502247 -1.31132004 -0.18550539],[ 1.48111928  0.26060778 -6.05132139 10.96272878 -1.30900977  0.17402187],"[ 6.69645998e-01  7.37911351e-03 -2.09810445e+02  1.42498725e+02
 -1.15653462e+00 -4.87170275e-01]","[ 2.03642342e-01  1.96315778e-03  8.03023363e+02 -1.61529558e+02
 -1.27729758e+00  1.91844511e-01]","[ 6.99446492e-01  2.00191267e-02 -7.73402757e+01  5.60953845e+01
 -1.14015383e+00 -4.92796904e-01]","[-1.22674787e-01  3.02102492e-04 -4.08510732e+03 -4.99139672e+02
 -5.30104927e-01  9.40431229e-01]",003,FP
134,2,1.0003871369963335,1,[-1.22285683  0.18728505 -8.43772071 -8.31812443 -1.32381556 -0.0768899 ],"[ 1.68401355e-01  2.13938996e-02  7.37252314e+01 -1.04154289e+01
 -1.31031261e+00  1.68593541e-01]","[-1.57567807e-01  3.47935430e-02  4.50001621e+01  9.09057687e+00
 -1.26539747e+00 -3.32041996e-01]",[ 1.3324729   0.22266499 -7.04532469 11.3877042  -1.27432113  0.30001556],"[ 6.64309844e-01  9.82471133e-03 -1.59200010e+02  1.07758134e+02
 -1.22079112e+00 -3.59882834e-01]","[ 2.04969040e-01  2.23147590e-03  7.06702586e+02 -1.42852151e+02
 -1.27163305e+00  1.81697147e-01]","[ 6.84808622e-01  2.68697319e-02 -5.81280485e+01  4.18065888e+01
 -1.20689908e+00 -3.82491885e-01]","[-1.22688581e-01  2.74243911e-04  2.78126715e+03  3.43229720e+02
 -6.73518627e-01  8.34917971e-01]",003,FP
135,2,1.0003871369963335,1,"[-1.34017737e+00  1.91544508e-01 -8.25406355e+00 -9.06190914e+00
 -1.32792741e+00  8.44374120e-03]","[ 1.82173736e-01  2.31600676e-02  6.82355073e+01 -1.04307173e+01
 -1.32554821e+00  7.22092590e-02]","[-1.39312403e-01  2.58631766e-02  5.92617804e+01  1.02559010e+01
 -1.12873128e+00 -5.62462659e-01]",[ 1.21293943  0.17106176 -9.03277166 12.95620492 -1.17421328  0.49523589],"[ 6.57409030e-01  1.22143965e-02 -1.28577971e+02  8.65283189e+01
 -1.24982959e+00 -2.86919566e-01]","[ 2.06483945e-01  2.53561553e-03  6.21765700e+02 -1.26384635e+02
 -1.26449932e+00  1.91204743e-01]","[ 6.65808716e-01  3.38200517e-02 -4.63962504e+01  3.28910279e+01
 -1.24462152e+00 -3.04134578e-01]","[-1.22424868e-01  6.86869927e-04  2.03712286e+03  2.51394497e+02
 -5.43060830e-01  1.01574172e+00]",003,FP
136,2,1.0003871369963335,1,"[ -1.45676613   0.18506454  -8.53662551 -10.43586687  -1.32239131
   0.09568316]","[ 1.96618625e-01  2.35571811e-02  6.71115281e+01 -1.11953764e+01
 -1.33050646e+00 -1.92084255e-02]","[-1.27617861e-01  1.53799936e-02  8.94331884e+01  1.34132722e+01
 -6.76565132e-01 -9.22053498e-01]","[  1.13092477   0.10938488 -13.27758495  17.01594977  -0.84940631
   0.82249644]","[ 6.49012299e-01  1.45389173e-02 -1.08268858e+02  7.22678202e+01
 -1.26995781e+00 -2.33797673e-01]","[ 2.08214211e-01  2.90130533e-03  5.43160209e+02 -1.11093674e+02
 -1.26105653e+00  2.04906447e-01]","[  0.64249034   0.0405953  -38.76184139  26.90410851  -1.26901262
  -0.24247144]","[-1.21808897e-01  1.29590029e-03  1.15598318e+03  1.42809036e+02
 -8.82947716e-01  7.60376711e-01]",003,FP
137,2,1.0003871369963335,1,"[ -1.56593742   0.16816579  -9.37177963 -12.67562045  -1.30399868
   0.19454698]","[ 2.10811539e-01  2.24666786e-02  7.02817289e+01 -1.28161994e+01
 -1.32522645e+00 -1.21836079e-01]",[-0.12371969  0.00842394 -1.17570633  1.85454198 -1.71871656 -0.25086629],"[  1.09321899   0.05353731 -13.33161908  16.5743791   -0.98009565
   0.59914469]","[ 6.39212596e-01  1.67089279e-02 -9.43649535e+01  6.23192669e+01
 -1.28732491e+00 -1.84864599e-01]","[ 2.10195675e-01  3.33602308e-03  4.72304562e+02 -9.72763762e+01
 -1.26403043e+00  2.09381050e-01]","[  0.61508154   0.04687617 -33.63146466  22.68609319  -1.28631961
  -0.18942001]","[-1.20750380e-01  2.06990325e-03  7.40313255e+02  9.13931070e+01
 -1.04304973e+00  5.99194584e-01]",003,FP
138,2,1.0003871369963335,1,"[ -1.6614364    0.14194131 -11.04130981 -16.34443403  -1.2617528
   0.31938965]","[ 2.23764666e-01  1.98124280e-02  7.93388748e+01 -1.57532368e+01
 -1.29767806e+00 -2.56827253e-01]","[-1.28445085e-01  1.69266742e-02 -7.98952904e+01 -8.26215737e+00
 -5.66603076e-01 -9.89248146e-01]","[  1.10418668   0.07540544  15.88745051 -15.54271117  -0.4339943
   1.00757581]","[ 6.28170236e-01  1.85670548e-02 -8.50320821e+01  5.54146231e+01
 -1.30193364e+00 -1.34266304e-01]","[ 2.12461515e-01  3.82316687e-03  4.12263690e+02 -8.55901680e+01
 -1.27307488e+00  1.98413362e-01]","[  0.5840244    0.05229618 -30.18570516  19.62918824  -1.29931172
  -0.14016267]","[-1.19157496e-01  2.99219587e-03  5.17954524e+02  6.37181639e+01
 -1.13444744e+00  4.86031423e-01]",003,FP
139,2,1.0003871369963335,1,"[ -1.73789869   0.1083337  -14.26792339 -22.79620542  -1.16294062
   0.49758694]","[ 2.34473075e-01  1.56284275e-02  9.91588578e+01 -2.12500823e+01
 -1.20530627e+00 -4.60812753e-01]","[-1.42119218e-01  3.02490168e-02 -5.01331593e+01 -5.12488538e+00
 -1.03191840e+00 -6.52558749e-01]",[ 1.16521098  0.14596558 10.24677501 -9.93965472 -0.96193551  0.72581096],"[ 6.16138166e-01  1.99348129e-02 -7.92707745e+01  5.08417496e+01
 -1.31214364e+00 -8.14413742e-02]","[ 2.15028675e-01  4.32311012e-03  3.64868036e+02 -7.64570905e+01
 -1.28599235e+00  1.71995170e-01]","[  0.5500014    0.05645342 -27.98836956  17.39364254  -1.30918875
  -0.09130593]","[-1.16950134e-01  4.03071662e-03  3.87121709e+02  4.72739358e+01
 -1.19285186e+00  3.98338834e-01]",003,FP
140,0,0.8135330178122733,0,[-1.70578727  0.17187815  3.71676056  8.34000286 -0.40048874  1.04589177],"[  0.22486761   0.03528653 -22.39168518   7.0351647   -0.0966645
  -1.25544492]",[-0.22219743  0.16577854 -7.70514486  0.28793664  0.12534351 -1.40980154],[ 1.59977844  0.91188912  1.38363439 -0.21350846  0.14931783  1.42724871],"[  0.59025291   0.0465571  -30.30799596  19.88938268  -0.20356407
  -1.14887691]","[ 2.20996137e-01  1.09625886e-02  1.27499322e+02 -2.61768577e+01
 -1.62567662e-01  1.18706014e+00]","[  0.48655113   0.11127916 -13.05536898   8.35210459  -0.37085247
  -1.01286016]","[-1.05571004e-01  2.32388014e-02  5.42644004e+01  7.72874721e+00
  1.54070542e-01  1.42943817e+00]",003,FP
141,0,0.8135330178122733,0,[-1.64224547  0.23146658  5.57939205 11.16273131 -1.76128189  0.37924085],"[  0.21170155   0.04553969 -28.61941364   8.05877417  -1.81282766
  -0.38124036]",[-0.30529073  0.20142256 -7.16064376 -0.18607818 -1.81082554 -0.38344186],[ 2.06294419  1.12650466  1.27879848 -0.63808991 -1.80630816  0.39241262],"[  0.56576885   0.05270203 -28.13691118  17.91898794  -1.77593346
  -0.31532212]","[ 2.26428389e-01  1.21398877e-02  1.20955803e+02 -2.53878276e+01
 -1.78146955e+00  3.14098961e-01]","[  0.43142293   0.11707474 -12.67053592   7.4663597   -1.74276642
  -0.25539807]","[-9.33815837e-02  2.91472739e-02  4.94387660e+01  6.61667026e+00
 -1.79356792e+00  4.03504881e-01]",003,FP
142,0,0.8135330178122733,0,[-1.5536946   0.25725773  5.59216796 10.68852118 -1.79344633 -0.3556779 ],"[  0.19680022   0.04703716 -28.92861082   7.69315708  -1.825277
   0.40839261]",[-0.38756664  0.19738679 -7.20540446 -0.79257441 -1.80748826  0.40949404],[ 2.53479104  1.12392633  1.27980503 -1.24403833 -1.80585543 -0.39575147],"[  0.54328336   0.04933849 -28.9688206   17.73827813  -1.76886683
   0.4290712 ]","[ 2.31111395e-01  1.09448261e-02  1.24223040e+02 -2.67093602e+01
 -1.75901562e+00 -4.31757627e-01]","[  0.38689176   0.1008495  -13.17200948   7.09614198  -1.70148683
   0.43338694]","[-8.06791100e-02  2.97605526e-02  4.90277560e+01  5.95551572e+00
 -1.79754578e+00 -3.68707882e-01]",003,FP
143,0,0.8135330178122733,0,[-1.44762669  0.22858087  5.82634312 10.43436981  0.01757353 -1.33033931],"[  0.18231964   0.0383717  -26.11353764   6.76101067   0.15832842
   1.43635574]",[-0.46512328  0.15545223 -7.66982594 -1.56741463  0.2202322   1.47862602],[ 2.99440982  0.90498415  1.38391484 -2.1440082   0.16195314 -1.43647378],"[  0.52336771   0.03753407 -31.78067906  18.63298117   0.22158021
   1.47948362]","[ 2.34852640e-01  7.96763116e-03  1.15865965e+02 -2.52114279e+01
  1.09407607e-01 -1.40052793e+00]","[  0.35494322   0.07101418 -10.65228395   5.78095595  -0.15730604
   1.21231132]","[-6.78123126e-02  2.48176958e-02  5.34813668e+01  5.62669517e+00
  3.17903380e-02 -1.33880752e+00]",003,FP
144,0,0.8135330178122733,0,[-1.33211874  0.06069712 25.56848743 36.06026121 -1.17161303 -0.46184158],"[ 1.70603983e-01  1.28877212e-02  1.04162524e+02 -1.57705415e+01
 -5.36491721e-01  1.00613252e+00]","[-5.34180207e-01  1.18737215e-02 -8.08449487e+01 -4.11857714e+01
 -5.93256255e-01  8.39757538e-01]","[  3.42089365   0.13199549  11.1161465  -36.02715495  -0.88395075
  -0.7953901 ]","[ 5.06540891e-01  2.80894774e-03 -3.98639255e+02  2.03927084e+02
 -5.06066916e-01  9.20534940e-01]","[ 2.37502142e-01  2.34204178e-03 -6.54409135e+02  1.57423571e+02
 -1.12919050e+00 -5.62805166e-01]","[ 3.37146198e-01  3.48148391e-02  4.44767658e+01 -1.29951725e+01
 -1.16431226e+00  4.83454409e-01]","[-5.51646318e-02  6.58925282e-03  2.37401056e+02  1.50961418e+01
 -1.23963206e+00 -3.52887045e-01]",003,FP
145,0,0.8135330178122733,0,"[-1.30075329e+00  4.16005430e-02  3.64360329e+01  4.93942895e+01
 -1.01313282e+00 -6.63034301e-01]","[ 1.81127464e-01  2.33549535e-02  6.47629145e+01 -9.73034246e+00
 -1.01313020e+00  6.70544436e-01]","[-5.33563247e-01  1.31292342e-02  8.14644166e+01  4.54664187e+01
 -4.55789093e-01  9.52188668e-01]","[  3.46896898   0.0647831   13.37192617 -44.38679707  -0.74465499
  -0.73455683]","[ 5.06456120e-01  2.63702742e-03  3.41826207e+02 -1.71119975e+02
 -5.94943691e-01  8.49086149e-01]","[ 2.35863443e-01  3.12552599e-03 -5.01242902e+02  1.20224877e+02
 -1.28088873e+00 -3.18344847e-01]","[  0.36193271   0.04567329  34.29409089 -10.4121533   -1.24693888
   0.33237647]","[-5.16363465e-02  4.91908975e-03  3.13410037e+02  1.81833492e+01
 -1.13843936e+00 -5.25110688e-01]",003,FP
146,0,0.8135330178122733,0,"[-1.28146800e+00  2.33997267e-02  5.91434693e+01  7.77904631e+01
 -5.95221596e-01 -9.82365123e-01]","[ 1.98502994e-01  3.38464158e-02  4.59107825e+01 -7.11342777e+00
 -1.19389919e+00  4.42515971e-01]","[-5.22827151e-01  2.69070525e-02  5.48795341e+01  3.06925105e+01
 -8.80886145e-01  7.90770589e-01]","[  3.46052044   0.08188812 -13.77286356  49.66127581  -0.40883537
  -1.00171838]","[ 5.08619788e-01  5.69353641e-03  2.54844210e+02 -1.27618808e+02
 -7.89429918e-01  8.59629526e-01]","[ 2.33821184e-01  3.61931659e-03 -4.36049058e+02  1.03957507e+02
 -1.34090734e+00 -1.36356465e-01]",[ 0.3931386   0.05500522 28.62028909 -9.25174029 -1.28582416  0.22801863],"[-4.92387427e-02  3.11883457e-03  4.69414967e+02  2.51134027e+01
 -8.52474572e-01 -8.16004132e-01]",003,FP
147,0,0.7296261596316584,0,"[-1.27351490e+00  1.02247250e-02  4.33586172e+01  5.72178449e+01
 -1.27651241e+00 -4.79523262e-01]",[ 0.22213717  0.04309366 36.42658351 -6.09169803 -1.27203754  0.29004338],[-0.50204178  0.04205567 36.67291209 20.41133423 -1.13248912  0.52480513],[ 3.39236436  0.16646052 -8.89381304 32.17105437 -0.88820307 -0.78333797],"[ 5.13100142e-01  9.25850635e-03  1.65769038e+02 -8.30561166e+01
 -1.10151617e+00  5.67710821e-01]","[ 2.31596444e-01  3.73254014e-03 -4.23424041e+02  1.00063502e+02
 -1.35947305e+00  3.55326850e-02]",[ 0.42958813  0.06227081 25.34555965 -8.88815146 -1.30634447  0.14657468],"[-4.80641093e-02  1.49772821e-03  6.15378587e+02  3.15776237e+01
 -6.23369113e-01 -8.21352203e-01]",003,FP
148,2,0.9953958085671258,1,"[-1.27512956e+00  1.32733323e-02 -1.00181599e+02 -1.25744519e+02
 -7.76230402e-01 -8.20918933e-01]",[ 0.25088891  0.05016093 31.44033158 -5.88803061 -1.31042945  0.1725654 ],[-0.471633    0.05664006 27.5959302  15.01515124 -1.2275164   0.36721736],[ 3.26362602  0.25928292 -5.94879662 21.41464746 -1.13167351 -0.52464628],"[ 5.19822599e-01  1.26874731e-02  1.23044864e+02 -6.19615010e+01
 -1.22645021e+00  3.82838683e-01]","[ 2.29456128e-01  3.40413206e-03 -4.61814590e+02  1.07966188e+02
 -1.33159526e+00  2.41159876e-01]",[ 0.46981828  0.06702863 23.57688277 -9.07685058 -1.31727291  0.07616166],"[-4.81539403e-02  1.68011919e-03 -6.53856533e+02 -2.94857684e+01
 -4.63061404e-01 -9.51177253e-01]",003,FP
149,2,0.9953958085671258,1,"[-1.28346407e+00  2.00414495e-02 -7.76202517e+01 -9.76228039e+01
 -1.37209401e+00 -3.46547244e-01]",[ 0.28314301  0.05432217 29.09199761 -6.23719586 -1.32822372  0.07084335],[-0.43240511  0.0697894  22.52722879 11.74088893 -1.2725262   0.26092414],[ 3.07604946  0.34922802 -4.47537342 15.76647002 -1.22699518 -0.36828782],"[ 5.28530251e-01  1.55981279e-02  1.00838651e+02 -5.12962773e+01
 -1.28919068e+00  2.46815710e-01]","[ 2.27697625e-01  2.62212513e-03 -5.83462699e+02  1.34853071e+02
 -1.17148592e+00  5.48821288e-01]","[ 5.12135227e-01  6.89508583e-02  2.29302567e+01 -9.74339221e+00
 -1.32169056e+00  9.74442108e-03]","[-4.94973612e-02  3.35363860e-03 -4.42879697e+02 -1.99213763e+01
 -9.25881997e-01 -7.57691979e-01]",003,FP
150,2,0.9953958085671258,1,"[-1.29467854e+00  2.13293763e-02 -7.37512071e+01 -9.34841054e+01
 -1.46110345e+00  1.36488083e-01]","[ 3.16933619e-01  5.51189204e-02  2.86817134e+01 -7.09019923e+00
 -1.33175225e+00 -2.60266656e-02]",[-0.38554594  0.0807948  19.51705255  9.5247203  -1.29644542  0.18021269],[ 2.83420757  0.43039106 -3.65283917 12.35290444 -1.27299826 -0.26097509],"[ 5.38756917e-01  1.76204260e-02  8.95990098e+01 -4.62720863e+01
 -1.32433204e+00  1.28587661e-01]","[ 2.26627178e-01  1.52351890e-03 -8.11797738e+02  1.85975430e+02
 -6.13981908e-01  8.82305314e-01]","[  0.55469272   0.06785395  23.294692   -10.92139598  -1.32012705
  -0.05778715]","[-5.20291617e-02  5.09543148e-03 -3.03787261e+02 -1.38057965e+01
 -1.16951952e+00 -4.84161214e-01]",003,FP
151,2,0.9953958085671258,1,"[-1.30425555e+00  1.61638270e-02 -8.97204094e+01 -1.15018342e+02
 -1.07143803e+00  6.71237415e-01]",[ 0.3501085   0.05240823 30.12602029 -8.54737567 -1.3217536  -0.12728243],[-0.33260097  0.08907951 17.73048091  7.89717509 -1.30928588  0.11380187],[ 2.54560974  0.49768426 -3.16864314 10.06612884 -1.29838261 -0.17761407],"[ 5.49822454e-01  1.84101372e-02  8.58704426e+01 -4.52134975e+01
 -1.34118862e+00  1.00244573e-02]","[ 2.26534405e-01  1.33949584e-03  5.32395939e+02 -1.18605997e+02
 -8.24030804e-01  7.26685763e-01]","[  0.59558799   0.06372902  24.77388214 -12.75502663  -1.31138096
  -0.13148151]","[-5.56277647e-02  6.64738484e-03 -2.35800614e+02 -1.11170610e+01
 -1.25908360e+00 -3.17860560e-01]",003,FP
152,2,0.9953958085671258,1,"[-1.30751828e+00  1.07585358e-02 -9.85233313e+00 -1.08821057e+01
 -1.72566930e+00  2.02685585e-01]","[  0.38051148   0.04636327  33.9259134  -10.90919956  -1.29292231
  -0.24533738]",[-0.27541424  0.09423291 16.77437871  6.6199028  -1.31566057  0.05553315],[ 2.22068129  0.54644931 -2.89072899  8.41938778 -1.31333465 -0.10552182],"[ 5.60862377e-01  1.77048483e-02  8.91679438e+01 -4.80109449e+01
 -1.33697324e+00 -1.25061289e-01]","[ 2.27666465e-01  3.08417170e-03  4.58785559e+02 -1.02450087e+02
 -6.58676879e-01  9.45663974e-01]","[  0.63296879   0.05675739  27.74594045 -15.56231428  -1.29170948
  -0.21842137]","[-6.01153318e-02  7.89039842e-03 -1.99698505e+02 -1.00049419e+01
 -1.29952143e+00 -2.01264536e-01]",003,FP
153,2,0.9953958085671258,1,"[-1.30026617e+00  2.41998302e-02  5.33715901e+01  7.13972730e+01
 -3.96176440e-01  1.08266023e+00]","[ 4.06159241e-01  3.74468185e-02  4.16164385e+01 -1.49029011e+01
 -1.22521959e+00 -4.02723290e-01]","[-2.16041693e-01  9.60103595e-02  1.64679625e+01  5.55776650e+00
 -1.31777207e+00  8.24864205e-04]",[ 1.8725672   0.57254042 -2.76119145  7.17051653 -1.32160147 -0.03675102],"[ 5.70900546e-01  1.53996638e-02  1.01832913e+02 -5.61364658e+01
 -1.29280830e+00 -2.99158446e-01]","[ 2.30204763e-01  5.35718138e-03  2.83754318e+02 -6.33215955e+01
 -1.02352264e+00  6.47233291e-01]","[  0.66514261   0.04730768  33.10897705 -20.02219132  -1.2510537
  -0.33131069]","[-6.52636205e-02  8.73849975e-03 -1.80753474e+02 -9.79662616e+00
 -1.31858626e+00 -1.08137782e-01]",003,FP
154,0,0.8143799602070331,0,[-1.1752143   0.27465249  4.38164994  7.14937764  0.21273783  1.47324962],"[  0.39130312   0.06692184 -10.08771865   5.94735583  -0.31064016
  -1.09919034]",[-0.1296361   0.14289674 10.6085347   3.3752491  -0.68728869  0.71610386],[ 1.44865034  0.68714418 -2.2775838   5.29942255 -1.05774145 -0.33886872],"[  0.5638379    0.02933256 -23.2139857   15.08892495  -0.28978287
  -1.10712645]","[ 2.46288964e-01  3.35123385e-02  3.75431462e+01 -7.24646260e+00
  1.55401659e-01  1.43139230e+00]",[ 0.66458583  0.04828354 -4.14875281  4.75720231 -1.21292602 -0.36687417],"[-7.51351996e-02  1.73987492e-02 -8.34694370e+01 -4.27149281e+00
 -3.68545757e-01 -1.01475010e+00]",003,FP
155,0,0.8132293047117625,0,[-1.03856144  0.3459472   4.11445175  6.27311092 -1.81085034  0.40615857],"[  0.36289217   0.09446314 -13.82906451   7.01845923  -1.69833684
  -0.41480438]",[-0.05976807  0.13772497 10.87267128  2.6498386  -1.65253053  0.13569677],[ 1.15254804  0.56604425 -2.55655458  4.94655199 -1.3399146   0.07587371],"[  0.55135259   0.04125825 -31.53878128  19.38898866  -1.70208022
  -0.40837624]",[ 0.26285521  0.04077735 35.15379002 -7.24035685 -1.81645297  0.38925996],"[  0.65102757   0.06432815 -18.43917783  14.00441309  -1.62533783
  -0.28781494]","[-8.40886579e-02  1.87543746e-02 -7.96201161e+01 -4.69514870e+00
 -1.75205156e+00 -2.60189595e-01]",003,FP
156,0,0.8132293047117625,0,[-0.8949382   0.35134749  4.09513889  5.66489624 -1.81173252 -0.38815912],"[  0.32230165   0.10991894 -13.43403466   6.32981156  -1.74430001
   0.26697263]","[-8.71633128e-03  1.09771502e-01  1.14919990e+01  2.10016807e+00
 -1.55976604e+00 -4.20735137e-01]",[ 1.0019668   0.39903689 -1.78331037  3.78681777 -1.1164515  -0.14908757],"[  0.53380207   0.04788867 -30.75278025  18.41589779  -1.74631771
   0.27532244]",[ 0.27903269  0.03983425 35.35725348 -7.86582962 -1.81450932 -0.41177291],"[  0.62653883   0.07647461 -19.01771928  13.91533961  -1.71604172
   0.29122144]","[-9.18463412e-02  1.67191344e-02 -8.35376906e+01 -5.67263123e+00
 -1.72875119e+00  4.55931068e-01]",003,FP
157,0,0.8132293047117625,0,[-0.7497694   0.28842175  4.41012523  5.30657695  0.13650709 -1.41703658],"[  0.27151767   0.10423205 -13.83628335   5.75679537  -0.32831238
   1.05175419]",[ 0.02204412  0.0746661   5.96073943  1.86860072 -0.76211898 -0.73853131],[ 1.00727047  0.4075323   2.17977393 -0.19562193 -1.09587636 -0.09494922],"[  0.51179878   0.04540598 -31.65478719  18.20088132  -0.30672464
   1.06799076]","[ 2.93889335e-01  3.11114334e-02  3.64456129e+01 -8.71097695e+00
  2.37486366e-01 -1.49067719e+00]","[  0.59382572   0.07276079 -19.4085554   13.52529944  -0.2336853
   1.1466492 ]","[-9.81859376e-02  1.20562296e-02 -8.78470692e+01 -6.62534685e+00
  2.32584392e-01  1.48741400e+00]",003,FP
158,0,0.8132293047117625,0,[-0.60890274  0.05265597 29.37188571 19.88462181 -1.1444797  -0.4999243 ],"[  0.21302033   0.04986346 -31.65750421   8.74369195  -1.30622012
   0.13985732]","[  0.03192237   0.05632045 -27.86933806   2.88965525  -1.27163976
  -0.29165625]",[ 1.17056841  0.59560014  2.64889829 -1.10071667 -1.31158695  0.15932938],"[ 4.86153908e-01  2.16489228e-02 -7.29787834e+01  3.74789207e+01
 -1.29606554e+00  9.85488231e-02]","[ 3.06493663e-01  3.28006909e-03 -2.50315537e+02  7.87201259e+01
 -7.41628478e-01 -7.51748927e-01]","[ 5.56031967e-01  2.78019636e-02 -5.55503109e+01  3.28877487e+01
 -1.17030311e+00  5.00503079e-01]","[-1.02942817e-01  1.56626151e-03  9.17786755e+02  9.64795541e+01
 -7.44992432e-01  8.88856688e-01]",003,FP
159,0,0.8132293047117625,0,"[-5.82362128e-01  3.46320384e-02  4.31882317e+01  2.71511905e+01
 -9.46371246e-01 -7.33230426e-01]","[  0.18373606   0.04428514 -35.56287464   8.53418252  -1.28890483
   0.21719843]","[-5.76708014e-03  6.57889959e-02 -2.39684005e+01  1.86177231e+00
 -1.30574031e+00 -1.78258699e-01]",[ 1.55341288  0.64179104  2.46255448 -1.82536385 -1.32485535  0.06693958],"[ 4.72925286e-01  2.02248354e-02 -7.81077338e+01  3.89391224e+01
 -1.29110180e+00  1.06411120e-01]","[ 3.03936529e-01  6.97826838e-03 -2.07635271e+02  6.51079436e+01
 -8.04439126e-01 -8.51432015e-01]","[ 5.42603534e-01  1.78181665e-02 -8.18260009e+01  4.63990773e+01
 -8.50135448e-01  8.21078496e-01]","[-1.01680364e-01  2.63184233e-03  5.80835087e+02  6.10595233e+01
 -1.05735132e+00  6.06790255e-01]",003,FP
160,0,0.8132293047117625,0,"[-5.67838095e-01  1.77715143e-02  6.77021388e+01  4.04438535e+01
 -4.43864921e-01 -1.00050450e+00]","[ 1.58541224e-01  3.70297661e-02 -4.23254621e+01  8.71033058e+00
 -1.25387686e+00  3.20878736e-01]","[ -0.04839261   0.07184733 -21.99148817   0.93577438  -1.32088493
  -0.08819659]",[ 1.95435772  0.65250309  2.4229727  -2.7353554  -1.32706298 -0.01712927],"[ 4.60563815e-01  1.88297747e-02 -8.38946795e+01  4.06388536e+01
 -1.28976022e+00  1.06408153e-01]","[ 2.98543462e-01  1.12067633e-02 -1.37271541e+02  4.29815210e+01
 -1.12899222e+00 -5.42651557e-01]","[ 5.36048089e-01  8.56945274e-03 -1.00282314e+02  5.57561426e+01
 -7.01337411e-01  7.71427435e-01]","[-9.96987363e-02  3.76192628e-03  4.13107188e+02  4.31862646e+01
 -1.16911115e+00  4.49569789e-01]",003,FP
161,0,0.943918448391708,0,"[-5.65630206e-01  1.33456814e-02 -5.50561646e+01 -2.91414297e+01
 -8.88488157e-01 -6.69591049e-01]","[ 1.38459668e-01  2.83646806e-02 -5.45992998e+01  9.55980095e+00
 -1.17212278e+00  4.79186272e-01]","[-9.36691237e-02  7.41576744e-02 -2.13199404e+01  2.97986883e-03
 -1.32594311e+00 -7.70885312e-03]",[ 2.35095349  0.62754706  2.51724992 -3.91793749 -1.32008511 -0.10144452],"[ 4.49051560e-01  1.75307255e-02 -9.01135364e+01  4.24656241e+01
 -1.29061737e+00  1.04958198e-01]","[ 2.90529808e-01  1.50672489e-02 -1.03817018e+02  3.21619384e+01
 -1.24672705e+00 -3.51217743e-01]","[ 5.36670935e-01  9.82433291e-03  1.15680371e+02 -6.00822928e+01
 -4.99652429e-01  9.32040344e-01]","[-9.69810830e-02  4.93041150e-03  3.17373275e+02  3.27792039e+01
 -1.22022739e+00  3.53873145e-01]",003,FP
162,0,0.943918448391708,0,"[-5.75993493e-01  2.89415382e-02 -4.96950665e+01 -2.66240349e+01
 -7.53872741e-01 -8.83833166e-01]","[ 1.24368400e-01  1.87113560e-02 -7.94118210e+01  1.18763211e+01
 -9.33731235e-01  7.52394799e-01]","[ -0.13915939   0.07256265 -21.77900253  -1.03075265  -1.32316497
   0.07309796]",[ 2.72127777  0.56902016  2.76967857 -5.53706473 -1.30163836 -0.19538492],"[ 4.38342112e-01  1.63186519e-02 -9.68040406e+01  4.44332876e+01
 -1.29181018e+00  1.06537733e-01]","[ 2.80302125e-01  1.81778158e-02 -8.66263158e+01  2.62815404e+01
 -1.29792164e+00 -2.18470862e-01]","[ 5.44108152e-01  1.85820049e-02  8.07726981e+01 -4.19490835e+01
 -1.02153794e+00  6.86527060e-01]","[-9.35132131e-02  6.12098313e-03  2.56551448e+02  2.59909502e+01
 -1.24759440e+00  2.89254134e-01]",003,FP
163,0,0.943918448391708,0,"[ -0.59904828   0.04811142 -31.82244652 -17.06318192  -1.07746745
  -0.59069542]","[ 1.16964588e-01  9.40415346e-03 -1.14560345e+02  1.53995036e+01
 -4.93782005e-01  9.22296936e-01]","[ -0.18238062   0.06707664 -23.51749641  -2.28913559  -1.3103306
   0.16425211]",[ 3.04521777  0.48100606  3.25946477 -7.92578003 -1.26229424 -0.31325312],"[ 4.28395113e-01  1.51527185e-02 -1.04241292e+02  4.66564601e+01
 -1.29219384e+00  1.12674960e-01]","[ 2.68433290e-01  2.02716015e-02 -7.79086961e+01  2.29132876e+01
 -1.32153426e+00 -1.13032289e-01]","[ 5.57371781e-01  2.64684615e-02  5.89275298e+01 -3.08445422e+01
 -1.25527560e+00  3.82405115e-01]","[-8.92874729e-02  7.31917075e-03  2.14998253e+02  2.11966507e+01
 -1.26390418e+00  2.42508456e-01]",003,FP
164,0,0.943918448391708,0,"[ -0.63463945   0.06745649 -23.08980222 -12.65369936  -1.19733851
  -0.41787627]","[ 1.16712566e-01  8.89199496e-03  1.06987366e+02 -1.04867701e+01
 -5.71120047e-01  8.59095594e-01]","[ -0.22091222   0.05790422 -27.12157569  -3.99148755  -1.27840139
   0.28018543]","[  3.30555693   0.36949309   4.18957097 -11.84886538  -1.17216245
  -0.48269884]","[ 4.19188017e-01  1.39984376e-02 -1.12815940e+02  4.92910902e+01
 -1.29114188e+00  1.22450573e-01]","[ 2.55622411e-01  2.11735272e-02 -7.46669647e+01  2.10865495e+01
 -1.32987959e+00 -1.93957720e-02]","[ 5.74956791e-01  3.18314484e-02  4.95177519e+01 -2.64705677e+01
 -1.32912656e+00  1.82179629e-01]","[-8.43047878e-02  8.51112027e-03  1.85134099e+02  1.76076910e+01
 -1.27470636e+00  2.06575045e-01]",003,FP
165,0,0.943918448391708,0,"[ -0.68216514   0.08571304 -18.30566083 -10.4874836   -1.2553637
  -0.30256439]","[ 1.23771031e-01  1.85038215e-02  7.91850626e+01 -7.80081684e+00
 -8.56454080e-01  8.13456877e-01]","[ -0.25250796   0.04548788 -34.13030652  -6.61817398  -1.19887988
   0.44861009]","[  3.48886789   0.24319204   6.10242879 -19.29056784  -0.92338361
  -0.76046181]","[ 4.10706206e-01  1.28515404e-02 -1.22859205e+02  5.24590381e+01
 -1.28824116e+00  1.32380347e-01]","[ 2.42643224e-01  2.08077264e-02 -7.59489527e+01  2.04284988e+01
 -1.32663023e+00  7.23990009e-02]","[ 5.94997416e-01  3.40763890e-02  4.63872629e+01 -2.56003015e+01
 -1.34858351e+00  2.57556189e-02]","[-7.85749726e-02  9.68225095e-03  1.62889684e+02  1.47990524e+01
 -1.28236164e+00  1.77368889e-01]",003,FP
166,0,0.943918448391708,0,"[ -0.74039338   0.10160978 -15.50255966  -9.47799249  -1.28954823
  -0.21210091]","[ 1.37909583e-01  2.89897711e-02  5.32173829e+01 -5.33918708e+00
 -1.14973096e+00  5.16143658e-01]","[-2.75214200e-01  3.06577371e-02 -4.86799338e+01 -1.13974090e+01
 -9.65739108e-01  7.27698651e-01]","[  3.58621565   0.12161064   9.00011108 -30.27633921  -0.45873897
  -0.95409826]","[ 4.02921297e-01  1.17501767e-02 -1.34365749e+02  5.61388218e+01
 -1.28396010e+00  1.35855391e-01]","[ 2.30285184e-01  1.92013016e-02 -8.21356161e+01  2.09146155e+01
 -1.31046538e+00  1.71839392e-01]","[ 6.15460129e-01  3.30616118e-02  4.77555478e+01 -2.73916356e+01
 -1.33760801e+00 -1.20147612e-01]","[-7.21159130e-02  1.08182775e-02  1.45879974e+02  1.25202675e+01
 -1.28771338e+00  1.52961561e-01]",003,FP
167,0,0.943918448391708,0,"[ -0.80731079   0.11374165 -13.88079435  -9.206115    -1.31153193
  -0.13120996]","[ 1.58438738e-01  3.83186207e-02  4.08749537e+01 -4.47617608e+00
 -1.25924204e+00  3.29184943e-01]","[-2.87491911e-01  1.57137871e-02 -7.10071763e+01 -1.84139888e+01
 -4.81257941e-01  9.40462241e-01]",[ 3.59365626  0.10652187 -8.65524353 33.10397012 -0.64504664 -0.80282947],"[ 3.95766522e-01  1.07777211e-02 -1.46526977e+02  5.99904721e+01
 -1.27983411e+00  1.23541661e-01]","[ 2.19292802e-01  1.64807385e-02 -9.52341906e+01  2.28841725e+01
 -1.27321241e+00  2.92131442e-01]","[ 6.34354001e-01  2.90217108e-02  5.40959223e+01 -3.23159648e+01
 -1.29241030e+00 -2.81269219e-01]","[-6.49513501e-02  1.19099192e-02  1.32570321e+02  1.06106213e+01
 -1.29107432e+00  1.32920693e-01]",003,FP
168,0,1.0114421662448836,0,"[ -0.88007832   0.12073193 -13.09259293  -9.52250716  -1.32437627
  -0.0518197 ]",[ 0.18418794  0.04550235 34.63471404 -4.3792965  -1.30791263  0.19433354],"[-2.88331585e-01  1.40134397e-02  6.39874669e+01  2.04496077e+01
 -6.44280819e-01  8.09326056e-01]",[ 3.5124677   0.21744745 -6.7576623  25.73607058 -0.88807316 -0.79222057],"[ 3.89113602e-01  1.00557670e-02 -1.57143176e+02  6.31465473e+01
 -1.27682895e+00  8.54646015e-02]","[ 2.10310133e-01  1.28655371e-02 -1.20597831e+02  2.73629458e+01
 -1.18919168e+00  4.57720864e-01]","[ 6.49930829e-01  2.25361567e-02  6.85784712e+01 -4.25712626e+01
 -1.17793524e+00 -4.92563349e-01]","[-5.71061815e-02  1.29588714e-02  1.21877388e+02  8.95995223e+00
 -1.29269010e+00  1.17558357e-01]",003,FP
169,0,1.0114421662448836,0,"[ -0.95515561   0.12152542 -13.00886248 -10.42548794  -1.32746407
   0.03049798]",[ 0.21355622  0.04983777 31.70424116 -4.77063787 -1.32889686  0.0832263 ],"[-2.77344205e-01  2.93594949e-02  4.97170358e+01  1.57887318e+01
 -8.40344539e-01  8.25706789e-01]",[ 3.34901552  0.33495851 -4.61773059 17.46485142 -1.17423286 -0.48801108],"[ 3.82756831e-01  9.72758876e-03 -1.62528309e+02  6.42088207e+01
 -1.27316950e+00  1.66342129e-02]","[ 2.03836075e-01  8.67673287e-03 -1.72576307e+02  3.71772772e+01
 -9.68735018e-01  7.19820248e-01]","[ 6.60849206e-01  1.45455765e-02  1.00487140e+02 -6.44068464e+01
 -8.60830235e-01 -8.13336505e-01]","[-4.85999321e-02  1.39803616e-02  1.12993729e+02  7.49148758e+00
 -1.29302924e+00  1.07121021e-01]",003,FP
170,0,1.0114421662448836,0,"[ -1.02861043   0.1157249  -13.64616967 -12.03659249  -1.31857114
   0.11815902]","[ 2.44638281e-01  5.09314508e-02  3.10407000e+01 -5.59374349e+00
 -1.33258605e+00 -1.76248748e-02]",[-0.25481518  0.04642054 33.20339349 10.46072866 -1.14149899  0.52552506],[ 3.11420139  0.43553598 -3.60115408 13.21471904 -1.26970428 -0.30476349],"[ 3.76411010e-01  9.93226889e-03 -1.59112663e+02  6.18917581e+01
 -1.26524580e+00 -7.37864699e-02]","[ 2.00193886e-01  4.50664325e-03 -2.68118216e+02  5.56756277e+01
 -4.38326806e-01  1.00870138e+00]","[ 6.66283578e-01  7.01717794e-03  1.28443976e+02 -8.35801121e+01
 -6.35879062e-01 -8.14267641e-01]","[-3.94414055e-02  1.49988546e-02  1.05331771e+02  6.15443308e+00
 -1.29285960e+00  1.01000290e-01]",003,FP
171,0,0.9797444500711586,0,"[ -1.09659204   0.10385068 -15.16709151 -14.63211184  -1.29456313
   0.21249709]",[ 0.2754102   0.04875665 32.38974352 -6.92046579 -1.32190734 -0.11662491],[-0.22171528  0.0619125  25.27962604  7.6048793  -1.24902423  0.34275045],[ 2.82253741  0.51164415 -3.08155809 10.69781299 -1.3066671  -0.1817932 ],"[ 3.69724972e-01  1.07714290e-02 -1.46484854e+02  5.61591086e+01
 -1.25342178e+00 -1.61412825e-01]","[ 1.99517366e-01  3.16048734e-03  2.18514767e+02 -4.15974906e+01
 -1.01133004e+00  5.85261504e-01]","[ 6.65963819e-01  7.66349177e-03 -1.44936352e+02  9.85223666e+01
 -5.09168019e-01 -9.16745222e-01]","[-2.96274604e-02  1.60374145e-02  9.85161976e+01  4.91878475e+00
 -1.29295640e+00  9.74578670e-02]",003,FP
172,0,0.9797444500711586,0,"[ -1.15589438   0.08739715 -17.94197617 -18.73902939  -1.251693
   0.31379093]",[ 0.30394331  0.04365235 36.06964808 -8.96312825 -1.29528626 -0.22160717],[-0.17966432  0.07450921 21.13506849  5.79721778 -1.29547673  0.21789707],[ 2.49096177  0.55976949 -2.8226124   9.03101958 -1.32079666 -0.08893047],"[ 3.62308718e-01  1.22801088e-02 -1.28250984e+02  4.84664495e+01
 -1.24428948e+00 -2.22940868e-01]","[ 2.01755109e-01  6.51369342e-03  2.22280013e+02 -4.28461281e+01
 -8.28191380e-01  8.36529544e-01]","[ 6.60139071e-01  1.46876538e-02 -1.01928719e+02  6.92871299e+01
 -1.00012569e+00 -7.02972136e-01]","[-1.91474457e-02  1.71050038e-02  9.23720736e+01  3.76868927e+00
 -1.29379810e+00  9.41377706e-02]",003,FP
173,0,0.9797444500711586,0,"[ -1.2044751    0.06863001 -22.69775684 -25.33888303  -1.18698435
   0.41985024]","[ 3.28604120e-01  3.62604328e-02  4.31656674e+01 -1.21844161e+01
 -1.24509169e+00 -3.43322737e-01]",[-0.13084602  0.08330173 18.95690474  4.48043556 -1.3173772   0.12030199],[ 2.13756522  0.57894602 -2.73089723  7.83747092 -1.32382934 -0.01151886],"[ 3.53771868e-01  1.44149877e-02 -1.09139567e+02  4.06105086e+01
 -1.24368076e+00 -2.50743765e-01]","[ 2.06691446e-01  1.03167981e-02  1.49519471e+02 -2.89043958e+01
 -1.15680920e+00  5.13809974e-01]","[ 6.49475083e-01  2.13271131e-02 -7.29924211e+01  4.94067587e+01
 -1.22822052e+00 -4.12402461e-01]","[-7.99345610e-03  1.81871735e-02  8.68823707e+01  2.69449042e+00
 -1.29554018e+00  8.88631247e-02]",003,FP
174,0,0.7498629626120943,0,"[ -1.24179571   0.05017506 -30.79749208 -36.24419359  -1.10329995
   0.52091288]","[ 3.48203848e-01  2.74262973e-02  5.63709906e+01 -1.76285958e+01
 -1.14917358e+00 -5.01324645e-01]",[-0.07788051  0.08766917 18.03232244  3.40436639 -1.32629217  0.03480834],[ 1.78042426  0.5700822  -2.77260517  6.9364135  -1.31999921  0.05937487],"[ 3.43768981e-01  1.70575848e-02 -9.22307887e+01  3.37060842e+01
 -1.25171314e+00 -2.49985342e-01]","[ 2.13979888e-01  1.36262106e-02  1.14987375e+02 -2.26049855e+01
 -1.26031920e+00  3.23366902e-01]","[ 6.34908439e-01  2.64889715e-02 -5.93906593e+01  3.97076308e+01
 -1.29572533e+00 -2.40562296e-01]","[ 3.82564874e-03  1.92435879e-02  8.21223232e+01  1.68582884e+00
 -1.29806810e+00  8.01474334e-02]",003,FP
175,0,0.9009398332549166,0,"[-1.26890885e+00  3.45374073e-02 -4.45197573e+01 -5.44915139e+01
 -1.02617963e+00  5.81674938e-01]","[ 3.62080029e-01  1.81083059e-02  8.26868124e+01 -2.79392434e+01
 -9.37883254e-01 -7.36087207e-01]",[-0.02366707  0.08728592 18.10985191  2.4286072  -1.32578747 -0.04793972],[ 1.43668088  0.53537027 -2.94906105  6.23685963 -1.31001918  0.13117004],"[ 3.32045461e-01  2.00219381e-02 -7.86360342e+01  2.81107382e+01
 -1.26505325e+00 -2.29356461e-01]","[ 2.23183529e-01  1.62271257e-02  9.71000333e+01 -1.96711281e+01
 -1.29830426e+00  2.02345593e-01]","[ 6.17487779e-01  2.99942214e-02 -5.26368739e+01  3.45026264e+01
 -1.31494484e+00 -1.30772732e-01]","[ 1.62705829e-02  2.02126449e-02  7.81967570e+01  7.27693185e-01
 -1.30101052e+00  6.73718210e-02]",003,FP
176,0,0.9009398332549166,0,"[-1.28829026e+00  2.37957035e-02 -6.52373725e+01 -8.20446714e+01
 -1.03382236e+00  4.82566040e-01]","[ 3.70113062e-01  9.45345642e-03  1.37255977e+02 -4.88002300e+01
 -4.33005477e-01 -1.05801098e+00]",[ 0.02879223  0.08213965 19.21847744  1.44665719 -1.31539837 -0.13616494],[ 1.12189651  0.47781933 -3.29657261  5.69841332 -1.29136121  0.21238448],"[ 3.18479795e-01  2.30629250e-02 -6.83449525e+01  2.37664865e+01
 -1.28033054e+00 -1.95824372e-01]","[ 2.33816207e-01  1.80485557e-02  8.75030164e+01 -1.84596233e+01
 -1.31283102e+00  1.16697463e-01]","[ 5.98232127e-01  3.19706869e-02 -4.94412045e+01  3.15773169e+01
 -1.31708097e+00 -5.69011741e-02]","[ 2.92622911e-02  2.10216107e-02  7.51992268e+01 -2.00501663e-01
 -1.30383551e+00  5.07429302e-02]",003,FP
177,0,0.9732141646451368,0,"[-1.30347313e+00  1.97414406e-02 -7.98689417e+01 -1.02107019e+02
 -1.11598055e+00  1.54209258e-02]","[ 3.72692162e-01  4.61453981e-03 -4.37184735e+01  1.82935324e+01
 -1.68799101e+00 -2.37371827e-01]",[ 0.07658297  0.07254118 21.68897819  0.33899368 -1.28988083 -0.24037155],[ 0.84961604  0.40102304 -3.90939429  5.32148409 -1.25561925  0.31585835],"[ 3.03117501e-01  2.58903335e-02 -6.09531499e+01  2.04759665e+01
 -1.29509202e+00 -1.53655028e-01]","[ 2.45378475e-01  1.90896010e-02  8.28073531e+01 -1.83191421e+01
 -1.31736242e+00  5.05160110e-02]","[ 5.78029618e-01  3.26962706e-02 -4.83574615e+01  2.99520450e+01
 -1.31337878e+00 -6.37319575e-03]","[ 4.26793104e-02  2.15998932e-02  7.31952888e+01 -1.12392445e+00
 -1.30602095e+00  3.10754366e-02]",003,FP
178,2,1.0120179078078462,1,"[-1.31856662e+00  2.34464830e-02 -6.62636388e+01 -8.53730224e+01
 -1.03562070e+00 -4.71073055e-01]","[ 3.70643162e-01  8.03475824e-03 -1.77952346e+02  6.79568204e+01
 -8.86754311e-01 -7.96661495e-01]",[ 0.11708024  0.05914124 26.40212715 -1.09116735 -1.23324837 -0.37802935],[ 0.63102371  0.30927145 -5.01457063  5.16431296 -1.17807282  0.46556545],"[ 2.86188796e-01  2.81963701e-02 -5.60243387e+01  1.80335381e+01
 -1.30737830e+00 -1.05370191e-01]","[ 2.57384983e-01  1.93901940e-02  8.15409930e+01 -1.89874271e+01
 -1.31698630e+00 -4.93756625e-03]","[ 5.57586089e-01  3.24914581e-02 -4.86597203e+01  2.91319831e+01
 -1.30851569e+00  2.83700574e-02]","[ 5.63625576e-02  2.18919657e-02  7.22237649e+01 -2.07071611e+00
 -1.30719868e+00  9.48008927e-03]",003,FP
179,2,1.0120179078078462,1,"[-1.33770795e+00  3.39889002e-02 -4.52236229e+01 -5.84959997e+01
 -1.02013107e+00 -5.85674182e-01]","[ 3.65122538e-01  1.20041336e-02 -1.29717533e+02  4.93627950e+01
 -1.29113938e+00 -3.82159818e-01]",[ 0.14815571  0.04298384 35.61187533 -3.27610276 -1.09638873 -0.58374576],[ 0.47457418  0.20828896 -7.20547882  5.41953418 -0.97456875  0.7113883 ],"[ 2.68104827e-01  2.96952621e-02 -5.32320781e+01  1.62717771e+01
 -1.31572505e+00 -5.25830072e-02]","[ 2.69383316e-01  1.90130190e-02  8.31384848e+01 -2.03961207e+01
 -1.31349453e+00 -5.52748422e-02]","[ 5.37417952e-01  3.16462828e-02 -4.99516345e+01  2.88449051e+01
 -1.30415974e+00  5.26070082e-02]","[ 7.01258862e-02  2.18653964e-02  7.23110530e+01 -3.07087668e+00
 -1.30727371e+00 -1.30174218e-02]",003,FP
180,2,1.0120179078078462,1,"[ -1.36445652   0.0495104  -31.19619969 -40.56585818  -1.099908
  -0.52582888]","[ 3.57479836e-01  1.40612559e-02 -1.12281101e+02  4.21382296e+01
 -1.37316536e+00 -9.91217894e-02]","[ 1.68371703e-01  2.57295656e-02  5.50951274e+01 -7.27646043e+00
 -7.13498636e-01 -9.11264485e-01]","[  0.3855679    0.10932419 -11.38156031   6.38836434  -0.44965558
   1.01743109]","[ 2.49435913e-01  3.01588605e-02 -5.24251682e+01  1.50767197e+01
 -1.31953451e+00  4.40729570e-03]","[ 2.80966671e-01  1.80350128e-02  8.75913712e+01 -2.26102560e+01
 -1.30705000e+00 -1.04410072e-01]","[ 5.17874369e-01  3.03898425e-02 -5.20082151e+01  2.89337216e+01
 -1.30053699e+00  6.98095227e-02]","[ 8.37681033e-02  2.15099498e-02  7.34993400e+01 -4.15690031e+00
 -1.30647549e+00 -3.60004276e-02]",003,FP
181,2,1.0120179078078462,1,"[ -1.40115393   0.06757835 -23.05643521 -30.30561477  -1.1945618
  -0.41511623]","[ 3.49094763e-01  1.40231551e-02 -1.12567596e+02  4.12967583e+01
 -1.35748133e+00  1.18392186e-01]","[ 1.77130599e-01  1.18762648e-02  4.77460047e+01 -6.45727839e+00
 -1.14535084e+00 -5.35623515e-01]",[ 0.36575878  0.07040835  8.1729689  -0.98933516 -1.20402406  0.48486835],"[ 2.30879332e-01  2.94300914e-02 -5.37027281e+01  1.43988500e+01
 -1.31853667e+00  6.79385963e-02]","[ 2.91783111e-01  1.65464945e-02  9.53685806e+01 -2.58269412e+01
 -1.29695871e+00 -1.55268370e-01]","[ 4.99172000e-01  2.88932261e-02 -5.46942817e+01  2.93018540e+01
 -1.29751804e+00  8.18348990e-02]","[ 9.70815895e-02  2.08272536e-02  7.58943383e+01 -5.36794300e+00
 -1.30516315e+00 -6.02262816e-02]",003,FP
182,2,0.9793371217775456,1,"[ -1.44833472   0.08490297 -18.49066263 -24.7806686   -1.27357617
  -0.28802939]","[ 3.41204250e-01  1.22055012e-02 -1.28312653e+02  4.57808228e+01
 -1.28178167e+00  3.23065084e-01]","[ 1.74743176e-01  1.65334416e-02 -7.67326246e+01  1.54085025e+01
 -5.61395558e-01 -9.44994999e-01]",[ 0.41313856  0.14399843  9.98401617 -2.12478202 -0.80542355  0.85212087],"[ 2.13220965e-01  2.74164675e-02 -5.75688909e+01  1.42748945e+01
 -1.31070281e+00  1.44238336e-01]","[ 3.01543349e-01  1.46521756e-02  1.07519816e+02 -3.04218854e+01
 -1.28191845e+00 -2.10578393e-01]","[ 4.81431285e-01  2.72808631e-02 -5.79205538e+01  2.98847666e+01
 -1.29524578e+00  8.98532993e-02]","[ 1.09855331e-01  1.98168735e-02  7.97374928e+01 -6.75958867e+00
 -1.30332889e+00 -8.78262773e-02]",003,FP
183,2,0.9793371217775456,1,"[ -1.50432967   0.09766892 -16.15456665 -22.30179389  -1.32848736
  -0.15115219]","[ 3.34750315e-01  9.19999980e-03 -1.66956192e+02  5.78886378e+01
 -1.12455685e+00  5.54252017e-01]","[ 1.62389632e-01  2.92249903e-02 -5.20787192e+01  1.04570441e+01
 -1.10700368e+00 -6.02356734e-01]",[ 0.52201991  0.22973653  6.71048694 -1.50300777 -1.15805165  0.51713154],"[ 1.97290265e-01  2.40900520e-02 -6.52989319e+01  1.48828436e+01
 -1.28853118e+00  2.44706576e-01]","[ 3.10026997e-01  1.24681759e-02  1.26030631e+02 -3.70728982e+01
 -1.25958760e+00 -2.74089981e-01]","[ 4.64712389e-01  2.56288842e-02 -6.16484184e+01  3.06487838e+01
 -1.29416244e+00  9.59558033e-02]","[ 1.21874220e-01  1.84692313e-02  8.55059122e+01 -8.42096637e+00
 -1.30006551e+00 -1.21864573e-01]",003,FP
184,2,1.004755869858041,1,"[-1.56521907e+00  1.02307083e-01 -1.54506937e+01 -2.21837204e+01
 -1.35468684e+00 -3.39079603e-04]","[ 3.30289651e-01  5.72931003e-03 -2.53562233e+02  8.57489815e+01
 -7.84929219e-01  8.63102634e-01]","[  0.14196827   0.03971506 -39.42660762   7.59732732  -1.28188104
  -0.32498901]",[ 0.68347893  0.30267094  5.17872816 -1.53955158 -1.26845257  0.31493428],"[ 1.83904894e-01  1.95193333e-02 -7.99184900e+01  1.66974014e+01
 -1.23057483e+00  3.89958522e-01]","[ 3.17085195e-01  1.01133819e-02  1.54724055e+02 -4.70607071e+01
 -1.22485763e+00 -3.52715883e-01]","[ 4.49053170e-01  2.39502057e-02 -6.59603536e+01  3.16197059e+01
 -1.29443594e+00  1.04384352e-01]","[ 1.32919231e-01  1.67725712e-02  9.40580560e+01 -1.05021245e+01
 -1.29331640e+00 -1.65648257e-01]",003,FP
185,2,1.004755869858041,1,"[ -1.6252378    0.09638117 -16.35313908 -24.57773987  -1.3411842
   0.17844777]","[ 3.27992109e-01  2.63784987e-03 -3.87160241e+02  1.28985504e+02
 -3.77037182e-01  1.01091850e+00]","[  0.11585245   0.04642648 -33.98675586   5.93744899  -1.33069546
  -0.14807377]",[ 0.8861373   0.35693938  4.41689665 -1.91397687 -1.30823215  0.18317414],"[ 1.73801639e-01  1.39388848e-02 -1.09160723e+02  2.09723126e+01
 -1.06921782e+00  6.22321610e-01]","[ 3.22637347e-01  7.69863682e-03  2.01654232e+02 -6.30611864e+01
 -1.16429016e+00 -4.61104203e-01]","[ 4.34509529e-01  2.21831786e-02 -7.11919930e+01  3.29335993e+01
 -1.29524879e+00  1.21428640e-01]","[ 1.42773162e-01  1.47309324e-02  1.06897154e+02 -1.32620447e+01
 -1.27976501e+00 -2.22682157e-01]",003,FP
186,2,1.004755869858041,1,"[ -1.67759549   0.07930943 -19.59732072 -30.87637686  -1.24798844
   0.41884054]","[ 3.27719894e-01  2.08460603e-03  4.84386731e+02 -1.56743168e+02
 -6.98948503e-01  7.42379703e-01]","[ 8.65993075e-02  4.91070982e-02 -3.21926405e+01  4.78786037e+00
 -1.33812848e+00 -1.84337331e-02]",[ 1.11718047  0.39042463  4.04703971 -2.52127371 -1.32197709  0.08632572],"[ 1.67556965e-01  7.93589228e-03 -1.69820499e+02  3.04546074e+01
 -5.89143900e-01  9.71213583e-01]","[ 3.26661506e-01  5.32136288e-03  2.86262264e+02 -9.15108621e+01
 -1.03542935e+00 -6.32771667e-01]","[ 4.21197234e-01  2.01957507e-02 -7.81371718e+01  3.49111607e+01
 -1.29445566e+00  1.55132240e-01]","[ 1.51233885e-01  1.23814630e-02  1.26759320e+02 -1.71703045e+01
 -1.25399371e+00 -2.98089523e-01]",003,FP
187,2,1.004755869858041,1,"[ -1.71552433   0.05305849 -27.51498056 -45.20261845  -0.91011406
   0.78347003]","[ 3.29148053e-01  3.86945911e-03  3.89075312e+02 -1.26063381e+02
 -1.06289911e+00  6.54661906e-01]","[  0.0566612    0.04808667 -32.85709865   3.86172255  -1.32624896
   0.08783083]",[ 1.36346574  0.40322112  3.92105738 -3.34622741 -1.32330018  0.00870793],"[ 1.65512115e-01  4.21111683e-03  2.07577360e+01 -1.43565678e+00
 -1.70706309e+00  2.53543867e-01]","[ 3.29179989e-01  3.08813833e-03  4.59027926e+02 -1.49102807e+02
 -6.84622508e-01 -9.28207589e-01]","[ 4.09333892e-01  1.78009532e-02 -8.84723148e+01  3.82147170e+01
 -1.28717808e+00  2.17778546e-01]","[ 1.58132419e-01  9.80018290e-03  1.59118805e+02 -2.31618414e+01
 -1.20472371e+00 -4.02491334e-01]",003,FP
188,2,1.004755869858041,1,"[-1.73330111e+00  2.69509102e-02 -2.57561496e+01 -4.26431627e+01
 -1.04147911e+00  5.54339609e-01]","[ 3.31879271e-01  5.44176756e-03  2.87228781e+02 -9.33252784e+01
 -1.26297453e+00  3.54898841e-01]","[ 2.81406353e-02  4.40825083e-02 -3.57677474e+01  3.00652714e+00
 -1.30174800e+00  1.81845998e-01]",[ 1.61258466  0.39720893  3.9794363  -4.41717791 -1.31733685 -0.05696718],"[ 1.67723589e-01  8.09384859e-03  1.70509614e+02 -2.65984845e+01
 -6.68451501e-01  9.30345289e-01]","[ 3.30243369e-01  1.39844598e-03  4.15725616e+02 -1.35290628e+02
 -1.13373692e+00 -5.45951008e-01]","[ 3.99274188e-01  1.47809974e-02 -1.05932766e+02  4.42962192e+01
 -1.25721982e+00  3.33871585e-01]","[ 1.63349735e-01  7.09602564e-03  2.16541736e+02 -3.33720351e+01
 -1.10027814e+00 -5.61168830e-01]",003,FP
189,2,0.9920313259514468,1,"[-1.72702769e+00  3.94178607e-02  3.04023135e+01  5.45056371e+01
 -4.25855039e-01  1.01458813e+00]","[ 3.35520263e-01  6.52035297e-03  2.41737039e+02 -7.91076750e+01
 -1.31292192e+00  1.88224015e-01]","[ 2.61569290e-03  3.80455293e-02 -4.13096292e+01  2.10805330e+00
 -1.26679167e+00  2.69032479e-01]",[ 1.85375356  0.37563827  4.20464544 -5.79437646 -1.30664012 -0.11432573],"[ 1.73953932e-01  1.36906864e-02  1.11798212e+02 -1.74477384e+01
 -1.11329490e+00  5.76309705e-01]","[ 3.29916470e-01  2.04197301e-03 -6.17161773e+02  2.05611833e+02
 -4.85436401e-01 -9.96770171e-01]","[ 3.91525886e-01  1.09490914e-02 -1.39983505e+02  5.68071660e+01
 -1.13622071e+00  5.58189661e-01]","[ 1.66826633e-01  4.41334449e-03  3.31842118e+02 -5.33601030e+01
 -8.28394650e-01 -8.29624135e-01]",003,FP
190,2,0.9920313259514468,1,[-1.69504997  0.07638827 19.5678411  35.16846851 -0.96008702  0.72824889],"[ 3.39709767e-01  7.10394986e-03  2.22453909e+02 -7.35697655e+01
 -1.33085084e+00  7.14494127e-02]","[-1.89470900e-02  3.09995121e-02 -5.04836830e+01  1.04348111e+00
 -1.22232918e+00  3.51731576e-01]",[ 2.0783989   0.34251491  4.60589971 -7.57289688 -1.29293316 -0.1658798 ],"[ 1.83706125e-01  1.86233169e-02  8.39812668e+01 -1.34278731e+01
 -1.25343474e+00  3.50800097e-01]","[ 3.28268690e-01  3.84095589e-03 -3.92106787e+02  1.30716381e+02
 -9.90556391e-01 -6.93720493e-01]","[ 3.86736918e-01  6.42945251e-03 -2.07582001e+02  8.22796232e+01
 -6.55033529e-01  9.11913513e-01]","[ 1.68564092e-01  2.08682996e-03  4.84864994e+02 -7.97308274e+01
 -4.75187085e-01 -9.33104555e-01]",003,FP
191,2,0.9920313259514468,1,[-1.63800215  0.11371169 13.63984057 24.34208822 -1.1879823   0.4611454 ],"[ 3.44108561e-01  7.18277451e-03  2.20079339e+02 -7.37311849e+01
 -1.33558578e+00 -3.60886846e-02]","[-3.61875480e-02  2.38868468e-02 -6.51816257e+01 -3.58763205e-01
 -1.16965260e+00  4.29967179e-01]",[ 2.28033809  0.30182952  5.21880542 -9.90064077 -1.27716966 -0.21505609],"[ 1.96293728e-01  2.24173062e-02  7.02676780e+01 -1.17931045e+01
 -1.30174792e+00  2.08779288e-01]","[ 3.25368663e-01  5.69305035e-03 -2.72414040e+02  9.06349920e+01
 -1.16757101e+00 -4.69157104e-01]","[ 3.85651586e-01  4.37034567e-03  8.71085444e+01 -3.15935483e+01
 -1.38784993e+00  4.31257013e-01]","[ 1.68614803e-01  1.98345650e-03 -5.17804603e+02  8.93095211e+01
 -5.43579605e-01 -8.76807073e-01]",003,FP
192,2,0.9920313259514468,1,[-1.55854813  0.14597082 10.75137596 18.7565369  -1.27215092  0.29397373],"[ 3.48373687e-01  6.72468562e-03  2.34568919e+02 -7.97176392e+01
 -1.32525494e+00 -1.60753931e-01]","[-4.92654394e-02  1.74466368e-02 -8.87496879e+01 -2.37229237e+00
 -1.11199092e+00  5.00884214e-01]","[  2.45555724   0.2568476    6.11980032 -13.02751997  -1.25841705
  -0.26808701]","[ 2.10928470e-01  2.49277824e-02  6.33621031e+01 -1.13648715e+01
 -1.31785651e+00  1.09587629e-01]","[ 3.21282014e-01  7.48256510e-03 -2.09219015e+02  6.92183065e+01
 -1.23149994e+00 -3.44358760e-01]","[ 3.89039189e-01  1.01038108e-02  1.36279930e+02 -5.10182334e+01
 -5.55693977e-01  1.00560120e+00]","[ 1.67069596e-01  3.98657422e-03 -3.71659418e+02  6.40929891e+01
 -9.17607581e-01 -7.65248019e-01]",003,FP
193,2,0.9920313259514468,1,[-1.46093124  0.1705858   9.2440044  15.50485481 -1.30686141  0.17716882],"[ 3.52136649e-01  5.69289606e-03  2.74772121e+02 -9.47573337e+01
 -1.27674727e+00 -3.39996829e-01]","[-5.87173355e-02  1.21469983e-02 -1.26856164e+02 -5.44865594e+00
 -1.05742134e+00  5.56454729e-01]","[  2.60170259   0.20972937   7.4685275  -17.43088734  -1.23147213
  -0.3360142 ]","[ 2.26803469e-01  2.61778402e-02  6.03914001e+01 -1.16969791e+01
 -1.32048071e+00  3.50879273e-02]","[ 3.16071267e-01  9.18981691e-03 -1.71044683e+02  5.60623096e+01
 -1.26004635e+00 -2.67558184e-01]","[ 3.97603392e-01  1.84649116e-02  8.17063200e+01 -3.04867100e+01
 -9.66646093e-01  7.00543022e-01]","[ 1.64043771e-01  6.11349921e-03 -2.53017323e+02  4.35059157e+01
 -1.15854172e+00 -4.93622516e-01]",003,FP
194,2,0.9782720786924816,1,[-1.35042697  0.18623738  8.48410759 13.45716769 -1.32032866  0.08719894],"[ 3.54991645e-01  4.08127626e-03  3.69001565e+02 -1.28992473e+02
 -1.06987803e+00 -6.50472251e-01]","[-6.52905044e-02  8.18050907e-03 -1.88049260e+02 -1.02778310e+01
 -1.02362426e+00  5.78404722e-01]","[  2.71748407   0.16164037   9.62165498 -24.14669417  -1.18085181
  -0.4383796 ]","[ 2.43158801e-01  2.62944127e-02  6.01275778e+01 -1.26205497e+01
 -1.31719068e+00 -2.44216395e-02]","[ 3.09797604e-01  1.08092904e-02 -1.45723636e+02  4.71448332e+01
 -1.27513068e+00 -2.15745997e-01]","[ 4.11885366e-01  2.77895549e-02  5.56259864e+01 -2.09115298e+01
 -1.13200600e+00  5.08478865e-01]","[ 1.59666380e-01  8.09335325e-03 -1.93417518e+02  3.28822749e+01
 -1.23778325e+00 -3.43559613e-01]",003,FP
195,2,0.943491082070081,1,[-1.23276269  0.19261652  8.20825816 12.11883437 -1.32259085  0.01276037],"[ 3.56490285e-01  2.20643237e-03  4.54638129e+02 -1.60074076e+02
 -7.07921044e-01 -7.34592493e-01]","[-6.97883707e-02  5.51468012e-03 -2.80349700e+02 -1.75651488e+01
 -1.03971541e+00  5.30828801e-01]","[  2.80220655   0.11334108  13.46771621 -35.73932253  -1.0586507
  -0.61329167]","[ 2.59326626e-01  2.54548401e-02  6.20856721e+01 -1.41004679e+01
 -1.31094375e+00 -7.53551744e-02]","[ 3.02524889e-01  1.23326946e-02 -1.27881734e+02  4.06874072e+01
 -1.28473064e+00 -1.77289830e-01]","[ 4.32172966e-01  3.74385634e-02  4.17147392e+01 -1.60279826e+01
 -1.21186968e+00  3.82363449e-01]","[ 1.54072785e-01  9.87985469e-03 -1.59197151e+02  2.65279483e+01
 -1.27055107e+00 -2.52165127e-01]",003,FP
196,2,0.9973305268118926,1,[-1.11356403  0.19028366  8.30727338 11.25068083 -1.31777371 -0.05189996],"[ 3.56142159e-01  2.91624711e-03 -3.53829441e+02  1.28013581e+02
 -3.35062108e-01 -1.04488935e+00]","[-7.29525448e-02  3.97302117e-03 -3.93705201e+02 -2.67217963e+01
 -1.12093490e+00  3.69419160e-01]","[  2.85557653   0.06645867  21.29101556 -58.79812436  -0.69655627
  -0.92067639]","[ 2.74756757e-01  2.38514214e-02  6.62105105e+01 -1.61917852e+01
 -1.30229526e+00 -1.21907857e-01]","[ 2.94326876e-01  1.37381735e-02 -1.14895246e+02  3.58167587e+01
 -1.29218007e+00 -1.45196507e-01]","[  0.45842459   0.04679375  33.55691411 -13.38331461  -1.2578031
   0.28814516]","[ 1.47399936e-01  1.14598680e-02 -1.37562697e+02  2.22767327e+01
 -1.28632082e+00 -1.90635297e-01]",003,FP
197,2,0.9973305268118926,1,[-0.99788328  0.18050201  8.75088539 10.73236223 -1.30793194 -0.10980638],"[ 3.53425225e-01  6.65561473e-03 -2.16630084e+02  7.85625362e+01
 -6.99662218e-01 -9.15157062e-01]","[-7.53914845e-02  3.30689844e-03 -4.77382296e+02 -3.39905600e+01
 -1.21122354e+00  1.20024745e-01]","[ 2.87779764e+00  3.07290507e-02  1.68409483e+01 -4.64648412e+01
 -1.24647888e+00 -4.82835562e-01]","[ 2.89026402e-01  2.16804751e-02  7.27656102e+01 -1.90311825e+01
 -1.29098938e+00 -1.66135920e-01]","[ 2.85297503e-01  1.49836495e-02 -1.05411539e+02  3.20736489e+01
 -1.29872695e+00 -1.14971965e-01]","[  0.49021669   0.05518958  28.54476841 -11.993122    -1.28691084
   0.20997663]","[ 1.39783806e-01  1.28305997e-02 -1.23018185e+02  1.91959502e+01
 -1.29452328e+00 -1.46227294e-01]",003,FP
198,2,0.890696856232932,1,[-0.88983861  0.16502696  9.56042459 10.50723493 -1.29426402 -0.16250934],"[ 3.47808811e-01  1.15569027e-02 -1.31346385e+02  4.76834299e+01
 -9.87352872e-01 -6.68480168e-01]","[-7.75511684e-02  3.23409482e-03 -4.88576451e+02 -3.58896747e+01
 -1.25176403e+00 -8.00140946e-02]","[ 2.86983413e+00  4.62261674e-02 -2.75991613e+01  8.12050150e+01
 -5.19404484e-01 -9.81000750e-01]","[ 3.01840384e-01  1.91416114e-02  8.23110614e+01 -2.28448024e+01
 -1.27703533e+00 -2.08570811e-01]","[ 2.75561904e-01  1.60077021e-02 -9.87168614e+01  2.92026063e+01
 -1.30448418e+00 -8.39546794e-02]","[  0.52672629   0.06196073  25.47651395 -11.41914963  -1.30547849
   0.14029204]","[ 1.31358018e-01  1.39951749e-02 -1.12861717e+02  1.68252915e+01
 -1.29900692e+00 -1.12569810e-01]",003,FP
199,2,0.890696856232932,1,[-0.79237837  0.1458706  10.8003942  10.55799877 -1.27760519 -0.21034571],"[ 3.38791032e-01  1.72990472e-02 -8.93212658e+01  3.22612438e+01
 -1.11565439e+00 -5.17239587e-01]","[-7.97113906e-02  3.47523263e-03 -4.54132708e+02 -3.41995497e+01
 -1.27628210e+00 -1.52577483e-01]","[  2.83365916   0.08423788 -17.97058252  52.92250584  -1.0443794
  -0.65206682]","[ 3.13023845e-01  1.64262263e-02  9.57704820e+01 -2.79784446e+01
 -1.26099279e+00 -2.49818984e-01]","[ 2.65284449e-01  1.67386233e-02 -9.44398294e+01  2.70534181e+01
 -1.30902154e+00 -5.09082123e-02]","[  0.56675845   0.06653054  23.75375665 -11.46264234  -1.31612572
   0.07536118]","[ 1.22253237e-01  1.49591578e-02 -1.05634211e+02  1.49141243e+01
 -1.30168559e+00 -8.58075106e-02]",003,FP
200,2,0.9566399775250808,1,[-0.70718407  0.12507784 12.57627246 10.89373956 -1.25906249 -0.25210725],"[ 3.25952366e-01  2.36667380e-02 -6.58598798e+01  2.34671836e+01
 -1.18633557e+00 -4.13010469e-01]","[-8.19867303e-02  3.77087571e-03 -4.18821021e+02 -3.23377661e+01
 -1.31543249e+00 -1.15422934e-01]","[  2.77232853   0.1198323  -13.00421463  38.05195517  -1.22399679
  -0.40357564]","[ 3.22504946e-01  1.36920071e-02  1.14673895e+02 -3.49828983e+01
 -1.24294963e+00 -2.92968054e-01]","[ 2.54670617e-01  1.71083846e-02 -9.24160000e+01  2.55356398e+01
 -1.31180346e+00 -1.54911760e-02]","[ 6.08822496e-01  6.84986290e-02  2.30816261e+01 -1.20526132e+01
 -1.32022681e+00  1.29730602e-02]","[ 1.12597680e-01  1.57260696e-02 -1.00510029e+02  1.33171961e+01
 -1.30352787e+00 -6.31943155e-02]",003,FP
201,2,0.9566399775250808,1,[-0.63469735  0.10455434 15.02437937 11.53593378 -1.24070294 -0.28415884],"[ 3.09021073e-01  3.03627222e-02 -5.16033365e+01  1.79465184e+01
 -1.23208740e+00 -3.31487061e-01]","[-8.43162564e-02  3.85047205e-03 -4.10466512e+02 -3.26089996e+01
 -1.36327309e+00  2.05899278e-02]","[  2.68979383   0.1491777  -10.5401893   30.35093612  -1.28377051
  -0.25527806]","[ 3.30289340e-01  1.10415037e-02  1.41798097e+02 -4.48343999e+01
 -1.21986856e+00 -3.45611361e-01]","[ 2.43961157e-01  1.70664998e-02 -9.26407293e+01  2.46007395e+01
 -1.31237847e+00  2.23046158e-02]","[  0.65124966   0.06769387  23.35181867 -13.20786392  -1.31850103
  -0.04884095]","[ 1.02518492e-01  1.62949860e-02 -9.70176749e+01  1.19461057e+01
 -1.30485254e+00 -4.28218383e-02]",003,FP
202,2,0.9566399775250808,1,[-0.57421646  0.08598208 18.2588297  12.48452048 -1.22622317 -0.29799189],"[ 2.87935236e-01  3.69924091e-02 -4.25021403e+01  1.42378638e+01
 -1.26412905e+00 -2.61618596e-01]","[-8.64395015e-02  3.41525907e-03 -4.57903502e+02 -3.75809505e+01
 -1.35437373e+00  3.03217717e-01]",[ 2.59047045  0.17141339 -9.20433551 25.84355912 -1.3037632  -0.15998195],"[ 3.36435673e-01  8.52737512e-03  1.82696867e+02 -5.94657436e+01
 -1.18202166e+00 -4.19726840e-01]","[ 2.33419285e-01  1.65895004e-02 -9.52780083e+01  2.42397246e+01
 -1.31037456e+00  6.25966543e-02]","[  0.69233327   0.06418244  24.60877292 -15.03747221  -1.31090943
  -0.11247453]","[ 9.21426600e-02  1.66627792e-02 -9.48858951e+01  1.07430388e+01
 -1.30558367e+00 -2.37268718e-02]",003,FP
203,2,0.9959921722490446,1,[-0.5240194   0.07082922 22.18912353 13.62753112 -1.2215888  -0.27595393],"[  0.26288173   0.04310992 -36.55767118  11.61034381  -1.28624258
  -0.19913266]","[-8.78735560e-02  2.29128471e-03 -5.91366219e+02 -4.99654525e+01
 -8.92435887e-01  7.30147663e-01]",[ 2.47868658  0.18703235 -8.44709575 22.93770286 -1.30798735 -0.09787982],"[ 3.41044306e-01  6.19034937e-03  2.49301741e+02 -8.30229391e+01
 -1.10931169e+00 -5.28884160e-01]","[ 2.23313942e-01  1.56839795e-02 -1.00719149e+02  2.44919902e+01
 -1.30540452e+00  1.05982969e-01]","[  0.7304664    0.05824022  27.07448181 -17.77699916  -1.29629419
  -0.1813072 ]","[ 8.15959846e-02  1.68301957e-02 -9.39460368e+01  9.66561937e+00
 -1.30557324e+00 -5.85208490e-03]",003,FP
204,2,0.9959921722490446,1,[-0.48151798  0.06040136 26.09937552 14.56731852 -1.23091659 -0.19221821],"[  0.23429871   0.04830203 -32.67931624   9.65672162  -1.30019742
  -0.14313902]","[-8.79155912e-02  2.21056178e-03  2.49239589e+02  2.39120458e+01
 -9.58994799e-01  6.84085271e-01]",[ 2.35819515  0.19737265 -8.00860912 20.88586318 -1.30636611 -0.05935037],"[ 3.44267344e-01  4.10758104e-03  3.69010202e+02 -1.25038162e+02
 -9.69750644e-01 -6.82437015e-01]","[ 2.13902374e-01  1.43842918e-02 -1.09708202e+02  2.54668449e+01
 -1.29676873e+00  1.53880634e-01]","[  0.76425682   0.05030539  31.25304203 -21.88535051  -1.27144666
  -0.26074139]","[ 7.09992275e-02  1.68081904e-02 -9.40685583e+01  8.67879497e+00
 -1.30481446e+00  1.02641993e-02]",003,FP
205,2,0.9959921722490446,1,[-0.44345913  0.05580716 28.32132715 14.55935098 -1.24236566 -0.03867275],"[  0.20283819   0.05226856 -30.22823949   8.13144152  -1.30778179
  -0.09376524]","[-8.56884308e-02  5.93839041e-03  2.27929113e+02  2.15308880e+01
 -4.19603169e-01  1.08879489e+00]",[ 2.2318825   0.20408044 -7.74673918 19.28981162 -1.30368032 -0.03752458],"[ 3.46336559e-01  2.41296563e-03  6.10739253e+02 -2.09521331e+02
 -7.41845574e-01 -8.66693475e-01]","[ 2.05413611e-01  1.27485101e-02 -1.23582884e+02  2.73856063e+01
 -1.28287844e+00  2.08686695e-01]","[  0.79261081   0.04092638  38.21027447 -28.28587673  -1.22831976
  -0.36045322]","[ 6.04618888e-02  1.66208204e-02 -9.51255572e+01  7.75147086e+00
 -1.30348071e+00  2.38860373e-02]",003,FP
206,2,0.9959921722490446,1,[-0.40618265  0.05768058 27.36865266 13.11667195 -1.23578063  0.13410729],"[  0.16929784   0.0548574  -28.81631381   6.87853964  -1.31099396
  -0.05071039]","[-8.02297146e-02  1.17462998e-02  1.26441164e+02  1.21443385e+01
 -8.38113636e-01  8.03618107e-01]",[ 2.10170825  0.2086267  -7.57837153 17.92752596 -1.30172827 -0.02636993],"[ 3.47593090e-01  1.27748493e-03  1.15719702e+03 -4.00233687e+02
 -5.90454305e-01 -8.99204780e-01]","[ 1.98033018e-01  1.08561153e-02 -1.44746361e+02  3.06645588e+01
 -1.26058310e+00  2.73731535e-01]","[ 8.14785811e-01  3.07203432e-02  5.03458015e+01 -3.90210447e+01
 -1.14529801e+00 -4.99664006e-01]","[ 5.00757106e-02  1.63030709e-02 -9.69748822e+01  6.85608614e+00
 -1.30189009e+00  3.44447545e-02]",003,FP
207,2,0.9959921722490446,1,[-0.36596036  0.06579875 23.91004034 10.75012705 -1.22264478  0.25161453],"[ 1.34546997e-01  5.60379437e-02 -2.82148025e+01  5.79621695e+00
 -1.31171187e+00 -1.25325804e-02]","[-7.06082161e-02  1.90698281e-02  8.02232049e+01  7.66441738e+00
 -1.04072766e+00  6.09663839e-01]",[ 1.96883257  0.21205723 -7.45592189 16.67946189 -1.30060726 -0.0212209 ],"[ 3.48498721e-01  1.02660930e-03  1.48907071e+03 -5.16939238e+02
 -7.09674537e-01  4.82302505e-01]","[ 1.91887746e-01  8.80831344e-03 -1.77643381e+02  3.60875879e+01
 -1.22435267e+00  3.53284309e-01]","[ 8.30416548e-01  2.03699263e-02  7.37412702e+01 -5.92359710e+01
 -9.55061236e-01 -7.19153200e-01]","[ 3.99107440e-02  1.58941883e-02 -9.94651411e+01  5.96972779e+00
 -1.30044135e+00  4.18917317e-02]",003,FP
208,2,0.9959921722490446,1,[-0.31942793  0.07902481 19.8721101   8.34770691 -1.2262189   0.29225997],"[ 9.94759363e-02  5.58326757e-02 -2.83176242e+01  4.81692218e+00
 -1.31129694e+00  2.36465820e-02]","[-5.60401643e-02  2.75080685e-02  5.63814240e+01  5.15962426e+00
 -1.14799922e+00  4.75354624e-01]",[ 1.83384665  0.2149961  -7.35405222 15.48620399 -1.29999108 -0.01920057],"[ 3.49615078e-01  1.96809104e-03  7.31186594e+02 -2.53633858e+02
 -5.05277639e-01  1.01530414e+00]","[ 1.87032966e-01  6.72821711e-03 -2.30937530e+02  4.51929312e+01
 -1.16478375e+00  4.52815692e-01]","[ 8.39523530e-01  1.08011317e-02  1.21904200e+02 -1.00341444e+02
 -4.70316974e-01 -1.04027769e+00]","[ 3.00158432e-02  1.54286914e-02 -1.02462451e+02  5.07549685e+00
 -1.29947848e+00  4.69551435e-02]",003,FP
209,2,0.9959921722490446,1,[-0.26405003  0.09551497 16.45125065  6.34395327 -1.2470314   0.2770017 ],"[  0.06497797   0.05425105 -29.13541933   3.89316033  -1.31002685
   0.06191029]","[-3.59797929e-02  3.65979993e-02  4.26960192e+01  3.53619393e+00
 -1.21005325e+00  3.75829997e-01]",[ 1.69701839  0.21775194 -7.26099538 14.32204269 -1.29982935 -0.01850327],"[ 3.51550551e-01  3.87792488e-03  3.80126144e+02 -1.31633556e+02
 -7.46203264e-01  8.63475757e-01]","[ 1.83440719e-01  4.75537962e-03 -3.22855338e+02  6.12248154e+01
 -1.06591855e+00  5.79535571e-01]","[ 8.42510687e-01  5.26711980e-03 -2.38675314e+01  2.21086503e+01
 -1.71122373e+00 -2.40177501e-01]","[ 2.04233530e-02  1.49287794e-02 -1.05890203e+02  4.16263299e+00
 -1.29909834e+00  5.10217798e-02]",003,FP
210,2,1.0118778806754878,1,[-0.19851362  0.1129403  13.93902621  4.76708649 -1.27388023  0.23051575],"[  0.03195041   0.05126805 -30.81156472   2.98444214  -1.30664793
   0.10671821]","[-1.01756799e-02  4.58395845e-02  3.42411828e+01  2.34842732e+00
 -1.24847673e+00  2.97862389e-01]",[ 1.55851337  0.22035918 -7.17511046 13.1825056  -1.30039215 -0.01723176],"[ 3.54889533e-01  6.63125758e-03  2.28532693e+02 -7.91038608e+01
 -9.60687917e-01  6.86779775e-01]","[ 1.80995953e-01  3.03057319e-03 -4.95885677e+02  9.17533009e+01
 -9.00899607e-01  7.43050996e-01]","[ 8.40148923e-01  9.31167974e-03 -1.51606009e+02  1.29371625e+02
 -8.13219109e-01 -8.41958374e-01]","[ 1.11557101e-02  1.44024284e-02 -1.09755902e+02  3.22440502e+00
 -1.29903975e+00  5.54822345e-02]",003,FP
211,2,1.0118778806754878,1,[-0.1229585   0.128784   12.24841496  3.50604676 -1.29766531  0.16910736],"[ 1.29014515e-03  4.68636289e-02 -3.36659229e+01  2.04343393e+00
 -1.29834444e+00  1.62138108e-01]","[ 2.12947456e-02  5.47057368e-02  2.87742430e+01  1.38725982e+00
 -1.27419683e+00  2.32917563e-01]",[ 1.41861205  0.22250864 -7.10587142 12.08047479 -1.30204005 -0.01273672],"[ 3.60126181e-01  1.00498733e-02  1.53409291e+02 -5.32467022e+01
 -1.09909246e+00  5.39698194e-01]","[ 1.79504023e-01  1.67196496e-03 -8.63271002e+02  1.56960617e+02
 -6.28837536e-01  9.53586167e-01]","[ 8.33536472e-01  1.44742360e-02 -1.07065419e+02  9.12429320e+01
 -1.24096365e+00 -4.44896084e-01]","[ 2.23090731e-03  1.38488459e-02 -1.14137456e+02  2.25463009e+00
 -1.29882630e+00  6.08929926e-02]",003,FP
212,2,1.0118778806754878,1,[-0.03898038  0.14075413 11.22333774  2.43748994 -1.31392052  0.10200393],"[-2.61390153e-02  4.11029347e-02 -3.82962732e+01  9.98973130e-01
 -1.28067257e+00  2.31917951e-01]",[ 0.05799881  0.06262829 25.18327421  0.53940009 -1.29281926  0.17465316],"[ 1.27793908e+00  2.23471608e-01 -7.07532928e+00  1.10418398e+01
 -1.30473389e+00 -1.97126961e-03]","[ 3.67619800e-01  1.38957371e-02  1.12066016e+02 -3.91976864e+01
 -1.18193322e+00  4.24731298e-01]","[ 1.78710765e-01  7.47592936e-04 -1.79552054e+03  3.22878848e+02
 -2.29173352e-01  1.20534578e+00]","[ 8.24028228e-01  1.77276600e-02 -8.89038998e+01  7.52593230e+01
 -1.34942510e+00 -1.75817352e-01]","[-6.33503154e-03  1.32675388e-02 -1.19131266e+02  1.24529967e+00
 -1.29815947e+00  6.67127186e-02]",003,FP
213,2,1.0118778806754878,1,[ 0.05061806  0.14719489 10.74031389  1.4563462  -1.32138248  0.03419355],"[-4.95773845e-02  3.42112344e-02 -4.58192021e+01 -2.71596202e-01
 -1.24666422e+00  3.20640470e-01]",[ 0.09913299  0.0690011  22.88793426 -0.26894925 -1.30650989  0.11862351],[ 1.13766016  0.2221662  -7.11671041 10.09639791 -1.30756435  0.01729421],"[ 3.77575934e-01  1.79245367e-02  8.73889599e+01 -3.09959682e+01
 -1.23112759e+00  3.35781027e-01]","[ 1.78333283e-01  2.60344046e-04 -5.20797446e+03  9.30755182e+02
 -1.01711220e-01  1.17250770e+00]","[ 8.13127928e-01  1.86213203e-02 -8.48725407e+01  7.10122332e+01
 -1.36408891e+00  2.77586731e-02]","[-1.45282472e-02  1.26640127e-02 -1.24801443e+02  1.86853789e-01
 -1.29720730e+00  7.19862035e-02]",003,FP
214,2,1.0118778806754878,1,[ 0.1422762   0.14734537 10.72952393  0.4734441  -1.32057674 -0.03178132],"[-6.84651441e-02  2.65994596e-02 -5.84763134e+01 -2.00358922e+00
 -1.18378984e+00  4.36409866e-01]",[ 0.14353057  0.07323259 21.58320715 -1.09785009 -1.31552331  0.06227178],[ 0.99958445  0.21740429 -7.27151522  9.26849351 -1.30903685  0.04563307],"[ 3.90047072e-01  2.19122913e-02  7.17407177e+01 -2.59822569e+01
 -1.26148431e+00  2.65524290e-01]","[ 1.78095932e-01  2.91601587e-04 -4.57871778e+03  8.17451009e+02
 -9.47367998e-02 -1.26826077e+00]","[ 8.02346237e-01  1.72019002e-02 -9.14879502e+01  7.54050126e+01
 -1.32667005e+00  2.21839960e-01]","[-2.23383108e-02  1.20482698e-02 -1.31172833e+02 -9.30179513e-01
 -1.29639851e+00  7.63637341e-02]",003,FP
215,0,0.8201936313985847,0,[ 0.25713091  0.18389433  8.44685723 -0.17194807 -0.93831947  0.44436581],"[-8.21155832e-02  1.83445556e-02 -8.25626281e+01 -4.77967836e+00
 -1.03569548e+00  6.51433385e-01]",[ 0.20561223  0.10305614 14.88572734 -1.06068762 -0.81561394  0.60791489],[ 0.82799791  0.27378036 -5.66170091  6.68787655 -0.91278904 -0.47364329],"[  0.4134906    0.04197796  35.06428985 -12.4987544   -0.48099866
   0.9423098 ]","[ 1.77100696e-01  2.12619001e-03 -5.79066852e+02  1.04553142e+02
  1.67586054e-01 -1.44319865e+00]","[ 7.93861107e-01  1.28853995e-02 -1.16957504e+02  9.48480140e+01
 -1.15528715e+00  5.82645030e-01]","[-3.21708858e-02  1.56355890e-02 -9.85441369e+01 -1.17025218e+00
 -8.40713233e-01 -5.45585929e-01]",003,FP
216,0,0.8201936313985847,0,[ 0.36248348  0.18532213  8.39005038 -1.04125469 -1.59015411  0.08286315],"[-9.01291599e-02  1.01089069e-02 -1.28811219e+02 -9.60964691e+00
 -5.60987575e-01  9.73476075e-01]",[ 0.26520109  0.10945748 14.14826577 -1.75213554 -1.62376855  0.15387517],[ 0.67170937  0.27696386 -5.60541726  5.76521128 -1.60259849 -0.093761  ],"[  0.43934284   0.05112033  29.9431686  -11.15531666  -1.61507861
   0.32698967]","[ 1.75667897e-01  3.27552016e-03 -4.45919928e+02  8.03338160e+01
 -1.45122709e+00 -5.67357886e-01]","[ 7.89250899e-01  7.28435709e-03 -1.35059905e+02  1.08596151e+02
 -7.79478060e-01  6.77259950e-01]","[-4.14384941e-02  1.65582715e-02 -9.37128821e+01 -1.88332071e+00
 -1.60018030e+00 -1.68043595e-01]",003,FP
217,0,0.8201936313985847,0,[ 0.4561042   0.16465868  9.2034153  -2.19771642 -1.56557288 -0.41804725],"[-9.33686904e-02  4.56684022e-03 -2.92414590e+01 -7.30236729e-01
 -1.50592618e+00  2.01677684e-01]",[ 0.3198983   0.10014856 15.12234427 -2.8376122  -1.60499523 -0.39660216],[ 0.53523813  0.24373014 -6.17102073  5.30296558 -1.57813705  0.44033539],"[  0.46694387   0.05335405  28.97352352 -11.52900933  -1.6238406
  -0.20679776]","[ 1.73725932e-01  4.12788077e-03 -3.76129833e+02  6.73435057e+01
 -1.53517044e+00 -6.63790493e-02]","[ 7.88839116e-01  6.49783112e-03  1.42007790e+02 -1.10021300e+02
 -9.87424008e-01  4.94131092e-01]","[-5.01227528e-02  1.56557559e-02 -9.79994441e+01 -2.91200191e+00
 -1.59730388e+00  3.23866043e-01]",003,FP
218,0,0.8201936313985847,0,[ 0.53699441  0.12546514 11.38652022 -4.11449773 -0.29030774 -1.09836764],"[-9.29447470e-02  5.27946721e-03  2.75024904e+02  2.75621201e+01
 -1.25193621e+00  4.28863864e-01]",[ 0.36744579  0.07642141 18.42685748 -4.77087114 -0.23877302 -1.15353615],[ 0.42310223  0.17770853 -7.67951784  5.24922116 -0.10906838  1.25281488],"[  0.49548376   0.04828171  31.50663066 -13.61102373  -0.73720317
  -0.69353209]","[ 1.71285815e-01  4.48719216e-03 -3.49806599e+02  6.19169083e+01
 -1.07430616e+00  2.54493033e-01]","[ 7.92388360e-01  1.08031782e-02  1.41284857e+02 -1.09952476e+02
 -1.26218294e+00  4.86288139e-01]","[-5.81948707e-02  1.29558665e-02 -1.14593598e+02 -4.66875964e+00
 -5.35485075e-01  8.86006349e-01]",003,FP
219,0,0.8201936313985847,0,"[  0.60521099   0.05467364  28.69381594 -15.36581279  -1.21847072
  -0.31267416]","[-9.00732212e-02  6.63504927e-03  2.38007042e+02  2.34380609e+01
 -1.37975670e+00 -8.09353883e-02]","[ 4.05857090e-01  2.76177498e-02  5.44397732e+01 -2.00947679e+01
 -9.89027068e-01 -6.99398401e-01]","[  0.33955927   0.04984631 -27.52321977  11.34576434  -0.64405432
   0.94277495]","[ 5.24029117e-01  3.20089467e-02  4.93477253e+01 -2.38596449e+01
 -1.31245445e+00 -1.08103167e-01]","[ 1.68431751e-01  3.98328370e-03 -3.96781453e+02  6.88305950e+01
 -1.32936532e+00 -6.19299007e-02]","[ 7.99150156e-01  1.34544651e-02  1.17360205e+02 -9.17884266e+01
 -1.36624206e+00  9.83924811e-02]","[-6.56124334e-02  7.29667314e-03 -2.16171098e+02 -1.21835118e+01
 -1.28764530e+00  1.72469185e-01]",003,FP
220,0,0.8201936313985847,0,"[  0.63661222   0.04400948  35.63282386 -20.68429115  -1.22002877
  -0.31937468]","[-8.63429573e-02  5.88179192e-03  2.66341806e+02  2.49967392e+01
 -1.29118045e+00 -3.15698212e-01]","[ 4.17614625e-01  1.46057824e-02  8.51229398e+01 -3.35485846e+01
 -4.66021286e-01 -1.00389275e+00]",[ 0.32647331  0.02646437 -0.29963296  2.09782216 -1.72153904  0.25176315],"[ 5.43016877e-01  2.90532292e-02  5.42687645e+01 -2.74688550e+01
 -1.29938578e+00 -1.83324474e-01]","[ 1.65970309e-01  4.00421157e-03 -3.94762549e+02  6.75188624e+01
 -1.33560279e+00  4.22272839e-02]","[ 8.07147796e-01  1.33487624e-02  1.18232178e+02 -9.34308419e+01
 -1.36503594e+00 -1.21141536e-01]","[-6.99063640e-02  6.39631910e-03 -2.46222663e+02 -1.52125311e+01
 -1.27808017e+00  2.19371951e-01]",003,FP
221,0,0.8201936313985847,0,"[ 6.61519946e-01  3.48439314e-02  4.48946998e+01 -2.76987394e+01
 -1.21482732e+00 -3.59314013e-01]","[-8.32291033e-02  4.45997446e-03  3.44528453e+02  3.06747942e+01
 -1.12386858e+00 -5.52633972e-01]","[ 4.20016080e-01  9.87176058e-03 -6.12333091e+01  2.77189744e+01
 -1.12999033e+00 -5.32863559e-01]",[ 0.34084053  0.05238623 25.8434891  -6.80850852 -0.5732252   0.98494063],"[ 5.59743404e-01  2.49096080e-02  6.30530364e+01 -3.32935212e+01
 -1.27085614e+00 -2.80369653e-01]","[ 1.63597971e-01  3.73276903e-03 -4.22496070e+02  7.11195000e+01
 -1.32383215e+00  1.67927363e-01]","[ 8.14432411e-01  1.13215120e-02  1.37583242e+02 -1.10052251e+02
 -1.27872027e+00 -3.85321275e-01]","[-7.35897378e-02  5.39360206e-03 -2.91118443e+02 -1.94233299e+01
 -1.25771330e+00  2.88994936e-01]",003,FP
222,0,0.8424388945994707,0,"[ 6.80477851e-01  2.61787043e-02  5.91845215e+01 -3.82737560e+01
 -1.16653033e+00 -4.77278220e-01]","[-8.10331634e-02  2.81088747e-03  5.21832005e+02  4.42856981e+01
 -8.09955543e-01 -8.40526778e-01]","[ 4.12969082e-01  2.08256605e-02 -6.87684242e+01  3.03992330e+01
 -7.64396912e-01 -8.78296367e-01]",[ 0.38312168  0.09349673 16.22632525 -4.21665693 -1.03297142  0.6504464 ],"[ 5.73500402e-01  1.97486401e-02  7.88363481e+01 -4.32126773e+01
 -1.20790094e+00 -4.18692214e-01]","[ 1.61506739e-01  3.15451185e-03 -4.95898427e+02  8.20909379e+01
 -1.27161927e+00  3.41642625e-01]","[ 8.19779835e-01  7.66585871e-03  1.89649051e+02 -1.53470468e+02
 -9.23783284e-01 -7.74847799e-01]","[-7.65939646e-02  4.28452599e-03 -3.64024861e+02 -2.58821073e+01
 -1.21188390e+00  3.98124454e-01]",003,FP
223,0,0.8424388945994707,0,"[ 6.93485107e-01  1.72563736e-02  8.61818961e+01 -5.77658615e+01
 -9.49786645e-01 -7.41286044e-01]","[-7.98038539e-02  1.34231022e-03  9.11457589e+02  7.47378283e+01
 -2.54609075e-01 -1.15480848e+00]","[ 3.96786961e-01  3.41088672e-02 -4.50158605e+01  1.98617065e+01
 -1.11512816e+00 -5.59322030e-01]",[ 0.45253439  0.13444372 11.56708671 -3.23450447 -1.19501033  0.43461912],"[ 5.83683871e-01  1.38401380e-02  1.09646254e+02 -6.19987500e+01
 -1.04431854e+00 -6.43886044e-01]","[ 1.59892491e-01  2.29300548e-03 -6.62058028e+02  1.07858107e+02
 -1.08965600e+00  6.19821687e-01]","[ 8.22090291e-01  4.09024341e-03  1.22417041e+02 -9.86378610e+01
 -1.38421795e+00 -3.67400109e-01]","[-7.88460277e-02  3.07720611e-03 -4.97314542e+02 -3.72112761e+01
 -1.09090379e+00  5.86908501e-01]",003,FP
224,0,0.8424388945994707,0,"[ 7.00103425e-01  8.74101478e-03  1.16992866e+02 -7.99071064e+01
 -5.81589583e-01 -8.44810087e-01]","[-7.93850173e-02  5.43348336e-04 -5.29271879e+02 -4.00162573e+01
 -1.72560487e+00 -9.07753559e-02]","[  0.37217962   0.04647389 -33.62233335  14.51354728  -1.23354076
  -0.36922288]",[ 0.54703241  0.17167546  9.1400948  -2.99992807 -1.26010545  0.30021345],"[ 5.89823652e-01  7.72355115e-03  1.72020191e+02 -9.94615773e+01
 -5.59548726e-01 -9.81171526e-01]","[ 1.58938131e-01  1.27664111e-03 -9.69581103e+02  1.56103409e+02
 -5.44226443e-01  9.39920267e-01]","[ 8.20474803e-01  7.24185013e-03 -1.71718360e+02  1.42890587e+02
 -3.93042589e-01 -1.06038957e+00]","[-8.02699997e-02  1.81835250e-03 -7.69786187e+02 -5.97907370e+01
 -6.97369225e-01  9.16025523e-01]",003,FP
225,0,0.8424388945994707,0,"[ 6.99676611e-01  9.61016235e-03 -1.05526740e+02  7.58345915e+01
 -4.53100631e-01 -9.50828907e-01]","[-7.94799574e-02  6.78948685e-04 -2.23255258e+03 -1.75443184e+02
 -1.53962422e+00 -3.04938871e-01]","[  0.34021669   0.05702567 -27.58431743  11.3846453   -1.28199204
  -0.24707344]",[ 0.66345623  0.20323918  7.75193625 -3.1430704  -1.29001077  0.20713764],"[ 5.91606168e-01  4.38659807e-03 -5.58054813e+01  3.50148669e+01
 -1.60695691e+00 -3.06192333e-01]","[ 1.58797348e-01  9.98042588e-04  6.73101022e+02 -1.04886657e+02
 -9.53159027e-01  6.42409412e-01]","[ 8.14316623e-01  1.42535111e-02 -1.04561088e+02  8.71458319e+01
 -9.14167488e-01 -7.58237469e-01]","[-8.07876011e-02  9.28433706e-04 -2.13382327e+02 -1.52386463e+01
 -1.66889335e+00  2.73608426e-01]",003,FP
226,0,0.8424388945994707,0,"[ 6.91574483e-01  2.04822031e-02 -7.13577206e+01  5.13491787e+01
 -8.15380706e-01 -8.39163975e-01]","[-7.97116701e-02  6.22754279e-04 -2.24664346e+03 -1.77083702e+02
 -1.24923904e+00  4.74447293e-01]","[  0.30226118   0.06525863 -24.17753021   9.30792878  -1.30410705
  -0.15888864]",[ 0.79780602  0.22795082  6.92546822 -3.52518024 -1.30440616  0.13725558],"[ 5.88893994e-01  9.02747806e-03 -1.54001803e+02  9.26907372e+01
 -6.55780471e-01 -9.42610041e-01]","[ 1.59582249e-01  2.20931471e-03  6.44385048e+02 -1.00832416e+02
 -7.08627909e-01  9.14011556e-01]","[ 8.03303910e-01  2.19286428e-02 -7.03963819e+01  5.85496888e+01
 -1.13471823e+00 -5.17750330e-01]","[-8.03185120e-02  1.80823683e-03  7.28642316e+02  6.05234666e+01
 -4.75148817e-01  1.03584770e+00]",003,FP
227,0,0.8424388945994707,0,"[ 6.75399942e-01  3.30797670e-02 -4.64185242e+01  3.33510685e+01
 -1.09699180e+00 -5.66689827e-01]","[-7.96630231e-02  7.12352183e-04  7.05884262e+02  5.82328743e+01
 -9.88388927e-01  6.63486062e-01]","[  0.25987731   0.07089339 -22.28767411   7.79206089  -1.31376042
  -0.08971139]",[ 0.9455426   0.24519345  6.44494588 -4.0939709  -1.31119977  0.08119113],"[ 5.81744631e-01  1.54986221e-02 -9.84572833e+01  5.92769959e+01
 -1.07417003e+00 -6.08139757e-01]","[ 1.61357437e-01  3.74131499e-03  4.08146716e+02 -6.38575081e+01
 -1.06175102e+00  6.10428600e-01]","[ 7.87431598e-01  2.94684049e-02 -5.30393217e+01  4.37648378e+01
 -1.22574726e+00 -3.68164558e-01]","[-7.87820913e-02  3.43358826e-03  4.37258563e+02  3.64481440e+01
 -9.41003686e-01  7.26930787e-01]",003,FP
228,0,0.8424388945994707,0,"[  0.65113002   0.04568131 -34.13954633  24.22928357  -1.2092383
  -0.40008434]","[-7.88925446e-02  2.02913078e-03  6.55964557e+02  5.37507130e+01
 -3.45779350e-01  1.13053197e+00]","[  0.21472177   0.07385929 -21.40507029   6.5961345   -1.31646064
  -0.03238406]",[ 1.10183464  0.25471854  6.20673375 -4.83879426 -1.31409443  0.03286342],"[ 5.70424400e-01  2.16859554e-02 -7.18979201e+01  4.30123280e+01
 -1.21838036e+00 -3.99729631e-01]","[ 1.64141931e-01  5.30920125e-03  2.93074794e+02 -4.61058625e+01
 -1.18859840e+00  4.31105938e-01]","[ 7.66974676e-01  3.63888517e-02 -4.31962100e+01  3.51303992e+01
 -1.26928629e+00 -2.65613614e-01]","[-7.61019726e-02  5.26067097e-03  2.93358079e+02  2.43251285e+01
 -1.11628221e+00  5.26375144e-01]",003,FP
229,0,1.0072274954523617,0,"[  0.61917477   0.05737164 -27.37104911  18.94746303  -1.26337314
  -0.28594624]","[-7.69342708e-02  4.23527670e-03  3.47288877e+02  2.87184165e+01
 -7.58350245e-01  8.61019178e-01]","[ 1.68433036e-01  7.42742564e-02 -2.12869199e+01  5.58542054e+00
 -1.31491953e+00  1.70202425e-02]",[ 1.26172448  0.25645238  6.16523311 -5.77882557 -1.31462985 -0.01252427],"[ 5.55409277e-01  2.70361870e-02 -5.81329684e+01  3.42875899e+01
 -1.27734112e+00 -2.65652750e-01]","[ 1.67917873e-01  6.83298202e-03  2.29409939e+02 -3.65220290e+01
 -1.24165579e+00  3.21626812e-01]","[  0.74244158   0.04234065 -37.2326945   29.64310069  -1.29179867
  -0.18942806]","[-7.22138538e-02  7.20361165e-03  2.16466078e+02  1.76318497e+01
 -1.19301511e+00  4.06281166e-01]",003,FP
230,0,1.0072274954523617,0,"[  0.58034095   0.06745687 -23.36067045  15.55715365  -1.2904187
  -0.20111211]","[-7.32938835e-02  7.27654215e-03  2.08471085e+02  1.72796554e+01
 -9.58830099e-01  6.82760469e-01]","[  0.12253793   0.07239644 -21.83303368   4.67537469  -1.31071285
   0.06132104]",[ 1.4202301   0.25039162  6.31274923 -6.9655565  -1.3128668  -0.05906298],"[ 5.37365054e-01  3.12140871e-02 -5.05338953e+01  2.91551494e+01
 -1.30449640e+00 -1.68101402e-01]","[ 1.72641836e-01  8.27619686e-03  1.90072021e+02 -3.08143828e+01
 -1.26698719e+00  2.49721992e-01]","[  0.71451971   0.04708274 -33.53586352  25.96203553  -1.30381372
  -0.12919322]","[-6.70752649e-02  9.20563985e-03  1.70271310e+02  1.34209932e+01
 -1.23463754e+00  3.24349061e-01]",003,FP
231,0,1.0072274954523617,0,"[  0.53569293   0.07558689 -20.88512107  13.18801179  -1.3012052
  -0.1385782 ]","[-6.74476196e-02  1.11854461e-02  1.37555353e+02  1.12777811e+01
 -1.06655990e+00  5.64754496e-01]","[  0.07839322   0.06854961 -23.04533201   3.80659773  -1.30472258
   0.10353224]",[ 1.57241098  0.23661236  6.67559558 -8.49677977 -1.30785694 -0.11061683],"[ 5.17102227e-01  3.40118156e-02 -4.64548007e+01  2.60218809e+01
 -1.31648447e+00 -9.04064179e-02]","[ 1.78253594e-01  9.61956506e-03  1.63839427e+02 -2.72049667e+01
 -1.28105080e+00  1.98874942e-01]","[  0.68402513   0.05045689 -31.32020327  23.42380621  -1.31033091
  -0.07849736]","[-6.06745177e-02  1.12045156e-02  1.40323376e+02  1.05140531e+01
 -1.26027656e+00  2.62403815e-01]",003,FP
232,0,1.0072274954523617,0,"[  0.48632139   0.08191265 -19.28771739  11.38002954  -1.30172138
  -0.09797748]","[-5.88464654e-02  1.59871620e-02  9.70105951e+01  7.70873063e+00
 -1.13155828e+00  4.80212327e-01]","[  0.03717101   0.06304286 -25.03562319   2.93059942  -1.29692919
   0.14786003]","[  1.71343525   0.21534926   7.32423076 -10.54959517  -1.29751227
  -0.17192158]","[ 4.95507992e-01  3.53540056e-02 -4.47192112e+01  2.41587265e+01
 -1.31947797e+00 -2.49976241e-02]","[ 1.84679071e-01  1.08436584e-02  1.45513856e+02 -2.48733637e+01
 -1.29062336e+00  1.59054706e-01]","[  0.6518678    0.05234839 -30.20104594  21.68708935  -1.31392585
  -0.03226442]","[-5.30358412e-02  1.31351685e-02  1.19932385e+02  8.36071490e+00
 -1.27681621e+00  2.12675765e-01]",003,FP
233,0,1.0072274954523617,0,"[  0.43308065   0.08708753 -18.14653944   9.85891504  -1.29705332
  -0.07975717]","[-4.69323689e-02  2.16785485e-02  7.19027233e+01  5.37456513e+00
 -1.17462693e+00  4.15544133e-01]","[-1.25002398e-04  5.61224774e-02 -2.80804465e+01  1.99648988e+00
 -1.28552128e+00  2.00239474e-01]","[  1.83871654   0.18712637   8.4055004  -13.4553326   -1.27695125
  -0.25004969]","[ 4.73467082e-01  3.53037115e-02 -4.47820362e+01  2.32028200e+01
 -1.31640086e+00  3.13806054e-02]","[ 1.91827141e-01  1.19165246e-02  1.32519873e+02 -2.34209084e+01
 -1.29831748e+00  1.23771212e-01]","[ 6.19036132e-01  5.26469607e-02 -3.00317088e+01  2.05907128e+01
 -1.31558350e+00  1.43529850e-02]","[-4.42197870e-02  1.49385200e-02  1.05590600e+02  6.66919383e+00
 -1.28750137e+00  1.71688674e-01]",003,FP
234,0,0.894720971450403,0,"[  0.3764171    0.09201014 -17.17569943   8.46522699  -1.2921578
  -0.07989102]","[-3.11785510e-02  2.81903094e-02  5.54904287e+01  3.73011116e+00
 -1.20730903e+00  3.61417029e-01]","[-3.26433860e-02  4.79919674e-02 -3.27497297e+01  9.30937932e-01
 -1.26546508e+00  2.68262486e-01]","[  1.94418681   0.1529711   10.22476485 -17.87885296  -1.23461058
  -0.35615494]","[ 4.51787062e-01  3.40473338e-02 -4.64145368e+01  2.29694872e+01
 -1.30937511e+00  8.01196625e-02]","[ 1.99582602e-01  1.27903624e-02  1.23539260e+02 -2.26562871e+01
 -1.30474926e+00  8.91493132e-02]","[  0.58659141   0.05123383 -30.84937757  20.09597982  -1.31467682
   0.066196  ]","[-3.43205336e-02  1.65662301e-02  9.52982776e+01  5.27068774e+00
 -1.29456701e+00  1.37249569e-01]",003,FP
235,0,0.894720971450403,0,"[  0.31640775   0.09734214 -16.23339561   7.13637213  -1.2913465
  -0.08683335]","[-1.11623645e-02  3.53170668e-02  4.44191371e+01  2.49582260e+00
 -1.23606936e+00  3.10123580e-01]","[-5.96966828e-02  3.88965116e-02 -4.02025242e+01 -3.99957335e-01
 -1.22641235e+00  3.61581891e-01]","[  2.02669545   0.11468451  13.469708   -25.29899597  -1.14273596
  -0.50980682]","[ 4.31140851e-01  3.18524590e-02 -4.95790179e+01  2.33755400e+01
 -1.30020241e+00  1.22318458e-01]","[ 2.07799177e-01  1.34072168e-02  1.17903641e+02 -2.25002796e+01
 -1.30973449e+00  5.31637873e-02]","[  0.55565511   0.04800977 -32.88821628  20.2745054   -1.30883328
   0.12816702]","[-2.34626774e-02  1.79770967e-02  8.78714129e+01  4.06169861e+00
 -1.29969354e+00  1.07116529e-01]",003,FP
236,2,1.0201819249765296,1,"[  0.25303317   0.10301883 -15.33918678   5.88132301  -1.29685868
  -0.0851299 ]","[ 1.33350997e-02  4.26532321e-02  3.68705447e+01  1.50832761e+00
 -1.26276284e+00  2.56583282e-01]","[-8.08080920e-02  2.92182452e-02 -5.29582455e+01 -2.27945478e+00
 -1.14675166e+00  4.95583307e-01]","[  2.08443602   0.07506477  19.88756742 -39.4543618   -0.92301995
  -0.75043827]","[ 4.12034313e-01  2.90112175e-02 -5.43889086e+01  2.44100966e+01
 -1.29005513e+00  1.59482312e-01]","[ 2.16295782e-01  1.37086008e-02  1.15335463e+02 -2.29465741e+01
 -1.31295458e+00  1.46246247e-02]","[  0.52737681   0.04295233 -36.68011405  21.3442417   -1.29349915
   0.20631208]","[-1.17993723e-02  1.91289373e-02  8.26150387e+01  2.97480560e+00
 -1.30380037e+00  7.89674666e-02]",003,FP
237,0,0.8183131117058684,0,[ 0.13068158  0.21627976 -6.63960534  2.86767409 -0.30053034 -1.07208302],[ 0.08327715  0.13314027 10.19919538  1.15064006 -0.04378715  1.28094894],"[-8.74600240e-02  1.91592350e-02 -2.35174592e+01 -5.68375453e-02
 -1.58070601e+00 -5.24572930e-02]",[ 2.06807991  0.10827833 -6.31959713 15.06943188 -0.3576722  -1.10186969],"[  0.3853674    0.04273803 -35.17195276  15.55412396  -0.59558263
  -0.77110298]","[ 2.30092730e-01  2.33712366e-02  6.34528114e+01 -1.26000306e+01
 -5.07053363e-01  8.86354545e-01]","[ 5.12006545e-01  2.84034663e-02 -4.20201045e+01  2.35145685e+01
 -9.23473354e-01  3.14843495e-01]","[ 1.46054576e-02  4.79667921e-02  2.90633145e+01  1.57551699e+00
 -1.45859405e-01  1.19558518e+00]",003,FP
238,0,0.8183131117058684,0,[ 0.02008034  0.23576485 -6.30384604  2.12658337 -1.76387126 -0.28042713],[ 0.1522415   0.1562252   9.39203745  0.57014216 -1.79326537  0.3500333 ],"[-8.74751816e-02  1.91379047e-02  5.00024766e+01  6.37397572e+00
 -1.58163186e+00 -5.41866972e-02]",[ 2.02865091  0.14485415 -9.12654524 20.51457432 -1.78383336 -0.39759475],"[  0.3616473    0.04500733 -33.78664637  14.21884959  -1.70467439
  -0.21920774]","[ 2.42039388e-01  2.41816481e-02  6.20292818e+01 -1.30135294e+01
 -1.72438062e+00  2.14748094e-01]",[ 0.50790941  0.02170008 15.05125747 -5.64467525 -1.153975   -0.29873558],[ 0.04060019  0.05614008 26.40978324  0.92775771 -1.77083957  0.3403572 ],003,FP
239,0,0.8183131117058684,0,[-0.07479054  0.21077768 -6.56341441  1.50911867 -1.7397778   0.44818758],[ 0.21739672  0.1490995   9.56017891 -0.07835157 -1.78716357 -0.42033998],"[-8.24709794e-02  2.22276252e-02  6.29143755e+01  7.18861016e+00
 -1.68639367e+00 -3.96963111e-01]",[ 1.97250074  0.15867238 -9.08958709 19.92921731 -1.80709193  0.36136563],"[  0.34050405   0.04126964 -35.70623445  14.15811743  -1.70341413
   0.42222537]","[ 2.51764788e-01  2.07266650e-02  6.58640282e+01 -1.45822431e+01
 -1.68625960e+00 -4.64237248e-01]","[ 5.14903918e-01  3.14378246e-02  4.45969170e+01 -2.09631273e+01
 -1.15023405e+00  2.69657048e-01]",[ 0.06579672  0.05462909 26.77801445  0.23809442 -1.76842748 -0.39368072],003,FP
240,0,0.8183131117058684,0,[-0.14981017  0.15155738 -6.46858851  1.03093964  0.16652568  1.44169108],[ 0.27581765  0.11437622 10.26064097 -0.83006584  0.22729985 -1.4836793 ],"[-7.40304727e-02  2.08732831e-02  6.34069086e+01  6.69404342e+00
  2.91944857e-02 -1.34229453e+00]",[ 1.90555316  0.13860904 -9.59284007 20.27966674  0.02861928  1.33490791],"[ 3.21562478e-01  3.20585256e-02 -4.18242629e+01  1.54491136e+01
  6.74936388e-03  1.31377865e+00]","[ 2.58953498e-01  1.43983922e-02  6.19081901e+01 -1.40313424e+01
  6.26534658e-02 -1.36897054e+00]","[  0.53233317   0.04203775  37.58520686 -18.0078525   -1.22989153
  -0.05951197]",[ 0.08981738  0.04382928 30.07848226 -0.70157035  0.0538164  -1.35392117],003,FP
241,0,0.8179922403880951,0,[-0.20111463  0.0404844  36.18204985  9.2767396  -0.84027164  0.82298458],"[ 3.24724876e-01  8.98579627e-03  1.62510366e+01 -3.27711583e+00
 -1.68059598e+00 -2.66745838e-01]","[-6.35306753e-02  5.34383777e-03  2.88484586e+02  2.03276206e+01
 -1.02568417e+00 -5.60065856e-01]","[ 1.83273682e+00  4.02240840e-02 -3.92391061e+01  7.39149545e+01
 -1.23540760e+00  1.43030821e-01]","[ 3.04508890e-01  9.97634178e-03 -1.58448807e+02  5.02490703e+01
 -1.32589396e+00  4.73673939e-02]","[ 2.63352951e-01  5.10359822e-03 -2.98182330e+02  8.05271964e+01
 -1.04646650e+00 -6.31941921e-01]","[ 5.59123881e-01  4.08873997e-02  3.86649110e+01 -1.96184751e+01
 -1.31872030e+00  3.70912150e-02]","[ 1.12303042e-01  1.14199565e-02  1.37749616e+02 -1.34697008e+01
 -1.26915319e+00 -2.48973530e-01]",003,FP
242,0,0.8205987626810834,0,[-0.16969761  0.06425387 23.96072772  6.06607821 -1.12531172  0.5394019 ],"[ 3.20677062e-01  1.64269381e-02 -8.16992363e+01  2.81990710e+01
 -5.87760025e-01 -9.69116612e-01]","[-6.03215239e-02  4.01265574e-03  3.91118936e+02  2.55928902e+01
 -1.06692734e+00 -2.51551320e-01]","[ 1.80686876e+00  3.86060538e-02 -4.09430091e+01  7.59786439e+01
 -1.24368256e+00 -2.45257340e-02]","[ 2.98565860e-01  9.30963076e-03 -1.69474359e+02  5.25992578e+01
 -1.32418793e+00  1.53727927e-01]","[ 2.59544306e-01  7.32274235e-03 -2.12351579e+02  5.71146432e+01
 -1.18436856e+00 -4.38879627e-01]","[ 5.84747192e-01  4.12039978e-02  3.83717350e+01 -2.04377643e+01
 -1.31541954e+00 -1.68103970e-02]","[ 1.18805705e-01  9.41350156e-03  1.66457845e+02 -1.77761416e+01
 -1.24104572e+00 -3.27866071e-01]",003,FP
243,0,0.8205987626810834,0,[-0.12339867  0.08672962 18.02315469  4.2240334  -1.2350516   0.36408732],"[ 3.07826501e-01  2.88250205e-02 -5.28057939e+01  1.82550228e+01
 -1.07549330e+00 -6.17929926e-01]","[-5.73231642e-02  4.34453208e-03  3.58150527e+02  2.25303215e+01
 -9.92825120e-01  4.34423563e-01]","[ 1.78088604e+00  4.10265360e-02 -3.84580928e+01  7.04894805e+01
 -1.24782825e+00 -1.61730007e-01]","[ 2.93314485e-01  7.95561433e-03 -1.96903438e+02  5.97546304e+01
 -1.28241169e+00  3.18910152e-01]","[ 2.54327326e-01  9.46349185e-03 -1.65601536e+02  4.41169958e+01
 -1.23987385e+00 -3.26000105e-01]","[  0.61023363   0.04021075  39.30964063 -21.98806468  -1.30925775
  -0.05940752]","[ 1.23974283e-01  7.25403067e-03  2.14146354e+02 -2.45486407e+01
 -1.18012520e+00 -4.50038543e-01]",003,FP
244,0,0.8537228843051029,0,[-0.06387629  0.10599786 14.84262231  2.94809158 -1.28503249  0.24251891],"[  0.28705495   0.04013489 -38.89306241  13.16444628  -1.23936121
  -0.3795381 ]","[-5.35711788e-02  6.56360931e-03  2.31792300e+02  1.44173868e+01
 -9.08489246e-01  6.84074409e-01]","[ 1.75290387e+00  4.62587847e-02 -3.40638056e+01  6.17105766e+01
 -1.26401557e+00 -2.06931372e-01]","[ 2.89208318e-01  5.88521339e-03 -2.59067093e+02  7.69243583e+01
 -1.11845143e+00  5.89913979e-01]","[ 2.47787517e-01  1.14727179e-02 -1.37111071e+02  3.59744119e+01
 -1.26879528e+00 -2.49888122e-01]","[ 6.34861850e-01  3.82546398e-02  4.13032162e+01 -2.42218362e+01
 -1.30216697e+00 -9.26327892e-02]","[ 1.27711550e-01  4.98994292e-03  3.03612294e+02 -3.67747968e+01
 -1.02229172e+00 -6.60074752e-01]",003,FP
245,0,0.8987809916619527,0,"[ 6.37681854e-03  1.20675859e-01  1.30775851e+01  1.91660661e+00
 -1.30877277e+00  1.49363891e-01]","[  0.25976392   0.04902506 -32.10852018  10.3406351   -1.29885229
  -0.22656105]","[-4.80378594e-02  1.04116278e-02  1.46568833e+02  9.04085299e+00
 -9.87280816e-01  6.42905573e-01]","[ 1.72181111e+00  5.24001840e-02 -3.00955666e+01  5.38188808e+01
 -1.29102207e+00 -1.78624028e-01]","[ 2.86719917e-01  3.35541471e-03 -3.79773882e+02  1.10888736e+02
 -5.79774752e-01  9.33061449e-01]","[ 2.40040568e-01  1.32865676e-02 -1.18649522e+02  3.04806988e+01
 -1.28725275e+00 -1.90584132e-01]","[ 6.58122314e-01  3.56787222e-02  4.42665720e+01 -2.71328188e+01
 -1.29530872e+00 -1.17897293e-01]","[ 1.29936351e-01  2.75689041e-03  4.83132260e+02 -6.07764429e+01
 -5.51895992e-01 -9.87951756e-01]",003,FP
246,0,0.8987809916619527,0,[ 0.08422637  0.12992188 12.16407878  0.97546377 -1.31875642  0.07294198],"[  0.22772712   0.05490612 -28.76285451   8.55008214  -1.32106262
  -0.1155911 ]","[-3.97865826e-02  1.55713012e-02  9.90333080e+01  5.94019689e+00
 -1.09074903e+00  5.40907472e-01]","[  1.68750955   0.05759163 -27.42383427  48.27798214  -1.31411278
  -0.11384116]","[ 2.86279893e-01  2.49550380e-03  2.31429517e+02 -6.42536172e+01
 -1.10037881e+00  5.69325043e-01]","[ 2.31244000e-01  1.48221406e-02 -1.06506063e+02  2.66288880e+01
 -1.30019803e+00 -1.38634337e-01]","[ 6.79709903e-01  3.27889455e-02  4.81506029e+01 -3.07284416e+01
 -1.28914569e+00 -1.35840259e-01]","[ 1.30586793e-01  1.54077402e-03 -1.45579875e+02  2.10108090e+01
 -1.62524523e+00 -3.01351225e-01]",003,FP
247,0,0.8987809916619527,0,"[ 1.66197560e-01  1.33461710e-01  1.18466517e+01  3.11153990e-02
 -1.32044916e+00  6.94149587e-03]","[ 1.92903857e-01  5.75981138e-02 -2.74478461e+01  7.29479539e+00
 -1.32606884e+00 -2.71857176e-02]","[-2.81044026e-02  2.16150180e-02  7.19832656e+01  4.02304668e+00
 -1.17317808e+00  4.36449669e-01]","[ 1.65086257e+00  6.04619576e-02 -2.61465140e+01  4.51643013e+01
 -1.32562453e+00 -3.63108526e-02]","[ 2.88228537e-01  5.60159288e-03  2.51595277e+02 -7.05169386e+01
 -6.62084065e-01  9.43023058e-01]","[ 2.21604246e-01  1.59895959e-02 -9.88187877e+01  2.38986630e+01
 -1.30883871e+00 -8.99901561e-02]","[ 6.99506715e-01  2.98524007e-02  5.28762475e+01 -3.49872902e+01
 -1.28379024e+00 -1.45277579e-01]","[ 1.29623532e-01  3.20271077e-03 -4.32629045e+02  5.80789050e+01
 -6.29851201e-01 -9.58002179e-01]",003,FP
248,0,0.8987809916619527,0,[ 0.24881702  0.13155884 12.01549663 -0.98966009 -1.31622143 -0.05208127],"[  0.15724217   0.05726069 -27.60655887   6.34091523  -1.32119773
   0.047852  ]","[-1.26031622e-02  2.79832832e-02  5.59587493e+01  2.70525719e+00
 -1.23284555e+00  3.40236248e-01]","[  1.6134365    0.0602771  -26.22506288  44.31247376  -1.32579718
   0.04511349]","[ 2.92777735e-01  9.66954576e-03  1.57458042e+02 -4.41002088e+01
 -1.04249212e+00  6.32163308e-01]","[ 2.11373482e-01  1.67150704e-02 -9.45772703e+01  2.19911270e+01
 -1.31330033e+00 -4.36264018e-02]","[ 7.17566208e-01  2.71179975e-02  5.82123524e+01 -3.97712169e+01
 -1.27959801e+00 -1.42262551e-01]","[ 1.27035193e-01  5.60757183e-03 -2.71284585e+02  3.64626895e+01
 -1.04054284e+00 -6.36315160e-01]",003,FP
249,0,0.8987809916619527,0,[ 0.32893821  0.12496009 12.6415147  -2.15827716 -1.3072232  -0.10534246],"[  0.12249782   0.0543326  -29.06938731   5.56093651  -1.30959495
   0.11398949]","[ 6.71180807e-03  3.40165079e-02  4.62374588e+01  1.68966305e+00
 -1.27522998e+00  2.51276230e-01]","[  1.57718478   0.05681647 -27.78570101  45.82318466  -1.31624923
   0.13359724]","[ 2.99979077e-01  1.38181895e-02  1.12536088e+02 -3.17584717e+01
 -1.19048416e+00  4.36741764e-01]","[ 2.00834739e-01  1.69622589e-02 -9.32135469e+01  2.07205184e+01
 -1.31384753e+00  3.28183264e-05]","[ 7.34099854e-01  2.48316916e-02  6.36001653e+01 -4.46888721e+01
 -1.27747111e+00 -1.21088653e-01]","[ 1.22846249e-01  8.05566868e-03 -1.92977345e+02  2.57065431e+01
 -1.18416873e+00 -4.41765871e-01]",003,FP
250,0,0.8987809916619527,0,[ 0.40400094  0.11479587 13.74743182 -3.55397536 -1.29473993 -0.15247131],"[  0.09009003   0.04945297 -31.89416766   4.87334663  -1.2930207
   0.17302226]","[ 2.94055351e-02  3.90092611e-02  4.04380359e+01  8.10897915e-01
 -1.30450272e+00  1.66250042e-01]","[ 1.54420789e+00  5.01149070e-02 -3.13875838e+01  5.04689546e+01
 -1.29237113e+00  2.44485698e-01]","[ 3.09694444e-01  1.76417430e-02  8.89324663e+01 -2.55418907e+01
 -1.26155533e+00  3.02119711e-01]","[ 1.90278765e-01  1.67421188e-02 -9.44271473e+01  1.99674810e+01
 -1.31123156e+00  4.03088733e-02]","[ 7.49457136e-01  2.32200615e-02  6.80588017e+01 -4.90071546e+01
 -1.27795904e+00 -7.89345561e-02]","[ 1.17126444e-01  1.03892864e-02 -1.50881172e+02  1.96721751e+01
 -1.24614018e+00 -3.20581450e-01]",003,FP
251,0,0.9788538971219676,0,[ 0.4721745   0.10237816 15.39753081 -5.27032142 -1.28079952 -0.19314095],"[  0.06101239   0.04336218 -36.31346009   4.21557086  -1.27315458
   0.22503508]",[ 0.05461472  0.0422868  37.36789162 -0.0408368  -1.3228644   0.08148157],"[ 1.51663692e+00  4.02801504e-02 -3.86490794e+01  6.06166209e+01
 -1.22684117e+00  4.12351721e-01]","[ 3.21569210e-01  2.07563640e-02  7.59336750e+01 -2.24179318e+01
 -1.30210026e+00  1.93443458e-01]","[ 1.79978340e-01  1.61083234e-02 -9.81089859e+01  1.96574924e+01
 -1.30636411e+00  7.68665503e-02]","[ 7.64088880e-01  2.24392097e-02  7.04582395e+01 -5.18363573e+01
 -1.28009129e+00 -2.20390311e-02]","[ 1.09999788e-01  1.24960914e-02 -1.25956689e+02  1.58552090e+01
 -1.27858160e+00 -2.34246865e-01]",003,FP
252,0,0.9788538971219676,0,[ 0.53233795  0.08888511 17.71245235 -7.42901061 -1.26739549 -0.23013366],"[ 3.58109115e-02  3.67881676e-02 -4.27270602e+01  3.53009497e+00
 -1.25214959e+00  2.69386395e-01]","[ 8.10924349e-02  4.32892261e-02  3.65217481e+01 -9.61637482e-01
 -1.33084146e+00 -7.56984363e-03]","[ 1.49661074e+00  2.76102719e-02 -5.40867463e+01  8.29468056e+01
 -9.96492228e-01  7.08525012e-01]","[ 3.35016554e-01  2.27750462e-02  6.93685659e+01 -2.12396179e+01
 -1.32633501e+00  9.24199460e-02]","[ 1.70165378e-01  1.51445023e-02 -1.04302147e+02  1.97486143e+01
 -1.29992016e+00  1.09523467e-01]","[ 7.78490442e-01  2.25175642e-02  7.02099445e+01 -5.26577708e+01
 -1.28258915e+00  3.42271692e-02]","[ 1.01650423e-01  1.42703164e-02 -1.10548616e+02  1.32373136e+01
 -1.29765639e+00 -1.65506656e-01]",003,FP
253,0,0.9788538971219676,0,"[  0.58387922   0.0750164   20.94853565 -10.23141464  -1.25391494
  -0.27379126]","[ 1.46297880e-02  3.03347482e-02 -5.17281189e+01  2.75677141e+00
 -1.23225930e+00  3.06235446e-01]",[ 0.10729693  0.04164345 37.92755369 -2.06950995 -1.32647614 -0.10792211],"[ 1.48628668e+00  1.43441912e-02 -6.93867810e+01  1.05128649e+02
 -6.51444403e-01  7.85876514e-01]","[ 3.49226296e-01  2.33460409e-02  6.77170019e+01 -2.16485577e+01
 -1.33693603e+00 -1.30485557e-02]","[ 1.61014602e-01  1.39514529e-02 -1.13158933e+02  2.02202405e+01
 -1.29240476e+00  1.37602365e-01]","[ 7.93131536e-01  2.33370047e-02  6.77220647e+01 -5.17125052e+01
 -1.28568738e+00  7.47675599e-02]","[ 9.23228596e-02  1.56135081e-02 -1.01172531e+02  1.13405373e+01
 -1.30925036e+00 -1.05817569e-01]",003,FP
254,0,0.9788538971219676,0,"[  0.62634598   0.0607745   25.75232436 -14.12986485  -1.23111583
  -0.34812079]","[-2.68810210e-03  2.43978265e-02 -6.42051064e+01  1.82741012e+00
 -1.21447632e+00  3.38783860e-01]","[ 1.31518972e-01  3.72169547e-02  4.22837918e+01 -3.56112083e+00
 -1.30181736e+00 -2.32093274e-01]","[ 1.48782403e+00  1.74772508e-02  5.94159766e+01 -8.64005175e+01
 -3.85309457e-01  1.00573812e+00]","[ 3.63207395e-01  2.22184857e-02  7.10425782e+01 -2.38031898e+01
 -1.32966124e+00 -1.34723217e-01]","[ 1.52634825e-01  1.26379412e-02 -1.24855928e+02  2.10573627e+01
 -1.28454389e+00  1.59422676e-01]","[ 8.08390395e-01  2.46717873e-02  6.40422186e+01 -4.97711144e+01
 -1.28993201e+00  9.37882674e-02]","[ 8.23150943e-02  1.64439508e-02 -9.61306511e+01  9.91300361e+00
 -1.31554559e+00 -5.06552781e-02]",003,FP
255,0,0.9788538971219676,0,"[  0.65904183   0.04554066  33.92062832 -20.35511279  -1.15856196
  -0.50278533]","[-1.64681541e-02  1.91324050e-02 -8.16879642e+01  6.54750018e-01
 -1.19622253e+00  3.76479156e-01]","[ 1.52036473e-01  3.01643591e-02  5.16400315e+01 -5.85116824e+00
 -1.23098309e+00 -4.05290629e-01]","[ 1.50330531e+00  3.83384448e-02  3.79327864e+01 -5.50245591e+01
 -7.64799253e-01  8.71990091e-01]","[ 3.75864454e-01  1.93112885e-02  8.12533480e+01 -2.85402453e+01
 -1.28943604e+00 -2.91207980e-01]","[ 1.45066669e-01  1.13133166e-02 -1.39428695e+02  2.22264563e+01
 -1.27751866e+00  1.72221290e-01]","[ 8.24512214e-01  2.62606866e-02  6.01663784e+01 -4.76079139e+01
 -1.29462025e+00  9.46787290e-02]","[ 7.19640985e-02  1.67096357e-02 -9.46218620e+01  8.80937700e+00
 -1.31726093e+00  2.36265185e-03]",003,FP
256,0,0.9788538971219676,0,"[ 6.80696583e-01  2.87571047e-02  5.02525975e+01 -3.22067714e+01
 -8.49162947e-01 -8.20815577e-01]","[-2.70661792e-02  1.44766340e-02 -1.07454110e+02 -9.08372189e-01
 -1.16629956e+00  4.40425294e-01]","[ 1.67279363e-01  2.10133121e-02  7.16199499e+01 -9.98053961e+00
 -1.01966968e+00 -6.81239624e-01]","[  1.53459737   0.06406227  23.84141096 -34.58696668  -1.04272298
   0.61737071]","[ 3.86101182e-01  1.47735131e-02  1.04220656e+02 -3.82397183e+01
 -1.16406139e+00 -5.22167997e-01]","[ 1.38285646e-01  1.00792309e-02 -1.56500344e+02  2.36417512e+01
 -1.27282013e+00  1.72549084e-01]","[ 8.41600700e-01  2.78725573e-02  5.66950461e+01 -4.57145905e+01
 -1.29857094e+00  8.44884355e-02]","[ 6.16244472e-02  1.63997726e-02 -9.63866475e+01  7.93977387e+00
 -1.31461513e+00  5.45054390e-02]",003,FP
257,0,0.9788538971219676,0,"[ 6.89315825e-01  1.49890849e-02  2.94573981e+01 -1.83054507e+01
 -1.47381043e+00 -3.32240968e-01]","[-3.47518357e-02  1.02249072e-02 -1.50044791e+02 -3.21433193e+00
 -1.08487406e+00  5.75750906e-01]","[ 1.75988331e-01  1.12015932e-02  1.07410740e+02 -1.69030370e+01
 -4.80345976e-01 -9.73515406e-01]","[  1.58316051   0.09223448  16.83040234 -24.64522836  -1.16029945
   0.46314126]","[ 3.92938238e-01  9.12098967e-03  1.54695381e+02 -5.87857306e+01
 -7.53260778e-01 -8.83430229e-01]","[ 1.32210813e-01  9.02007677e-03 -1.74947205e+02  2.51299123e+01
 -1.27170793e+00  1.57446227e-01]","[ 8.59635644e-01  2.93388595e-02  5.38715670e+01 -4.43099192e+01
 -1.30141201e+00  6.92125029e-02]","[ 5.16424568e-02  1.55498561e-02 -1.01585852e+02  7.24614298e+00
 -1.30765761e+00  1.06636777e-01]",003,FP
258,0,0.9157952192439536,0,"[ 6.82251714e-01  2.87628222e-02 -4.35584178e+01  3.17178052e+01
 -3.48345309e-01 -1.09678181e+00]","[-3.96322725e-02  6.17971044e-03 -2.32749515e+02 -7.22439220e+00
 -7.83699953e-01  8.63220231e-01]","[ 1.77353513e-01  8.48180225e-03 -8.52051568e+01  1.71114339e+01
 -9.25244786e-01 -6.40254444e-01]","[  1.64980896   0.12136172  12.89005696 -19.26613149  -1.22281471
   0.35711211]","[ 3.95628569e-01  4.63825400e-03  6.53726236e+01 -2.38632775e+01
 -1.56941080e+00 -3.09608093e-01]","[ 1.26719297e-01  8.19333890e-03 -1.92732579e+02  2.64229368e+01
 -1.27439855e+00  1.26736287e-01]","[ 8.78498771e-01  3.05444366e-02  5.17540390e+01 -4.34658597e+01
 -1.30377691e+00  5.15849292e-02]","[ 4.23292743e-02  1.42386500e-02 -1.10813778e+02  6.69066679e+00
 -1.29620254e+00  1.59586354e-01]",003,FP
259,0,0.9157952192439536,0,"[  0.65648998   0.05873073 -25.20085802  18.54411081  -0.8422735
  -0.80815361]","[-4.16268929e-02  3.02399548e-03 -1.75818196e+02 -5.31876520e+00
 -1.31042032e+00  4.26828529e-01]","[ 1.71116288e-01  1.77666125e-02 -8.13128244e+01  1.59139486e+01
 -8.10889484e-01 -8.48611486e-01]","[  1.73445829   0.14972209  10.49505052 -16.20322737  -1.26178398
   0.27400985]","[ 3.93753963e-01  8.17739663e-03 -1.59880803e+02  6.49536998e+01
 -5.25958882e-01 -9.95637968e-01]","[ 1.21665526e-01  7.62168340e-03 -2.07330440e+02  2.72249671e+01
 -1.27968619e+00  8.54261250e-02]","[ 8.97989549e-01  3.13868854e-02  5.03717063e+01 -4.32332658e+01
 -1.30658130e+00  3.08590355e-02]","[ 3.39364780e-02  1.25794968e-02 -1.25221268e+02  6.24956880e+00
 -1.27969044e+00  2.14066697e-01]",003,FP
260,0,0.9157952192439536,0,"[  0.60911641   0.09471221 -16.18625986  11.85931656  -1.06484693
  -0.58867651]","[-4.04968456e-02  5.24801244e-03  2.37174917e+02  1.16048360e+01
 -3.73313143e-01  1.07438832e+00]","[ 1.57613825e-01  2.82638936e-02 -5.45278554e+01  1.05943439e+01
 -1.15395325e+00 -5.21008843e-01]","[  1.83593477   0.17535624   8.98619343 -14.49806495  -1.28760215
   0.20268999]","[ 3.87290998e-01  1.47447252e-02 -1.02744357e+02  4.17919644e+01
 -1.04770508e+00 -6.48561781e-01]","[ 1.16902438e-01  7.28988888e-03 -2.16859857e+02  2.73514461e+01
 -1.28578251e+00  4.33169293e-02]","[ 9.17822524e-01  3.17326231e-02  4.98264143e+01 -4.37318053e+01
 -1.31004760e+00  3.96635826e-03]","[ 2.66370383e-02  1.07096217e-02 -1.46757785e+02  5.90919275e+00
 -1.25733603e+00  2.70111478e-01]",003,FP
261,0,0.9157952192439536,0,"[  0.53789036   0.13408891 -11.5931328    8.23583436  -1.17209387
  -0.44603756]","[-3.59252723e-02  1.05254744e-02  1.41143840e+02  7.07063090e+00
 -8.78631631e-01  7.82750623e-01]","[ 1.37751895e-01  3.72541136e-02 -4.20697836e+01  7.79519241e+00
 -1.27018985e+00 -3.16134741e-01]","[  1.95191243   0.19632037   8.04105676 -13.69543867  -1.30412949
   0.13848271]","[ 3.76636203e-01  2.07932195e-02 -7.49943181e+01  3.02455752e+01
 -1.23788021e+00 -3.91569177e-01]","[ 1.12301228e-01  7.14964874e-03 -2.21145881e+02  2.68349540e+01
 -1.29162093e+00  1.05883753e-02]","[ 9.37611031e-01  3.13992773e-02  5.03506409e+01 -4.52093163e+01
 -1.31313857e+00 -3.28867922e-02]","[ 2.05136001e-02  8.77869922e-03 -1.78547650e+02  5.66265510e+00
 -1.22887344e+00  3.26083726e-01]",003,FP
262,0,0.8868368096444286,0,[ 0.44183916  0.17412628 -8.99341014  5.97364077 -1.23500998 -0.33889779],"[-2.76369654e-02  1.65328241e-02  9.30823972e+01  4.57251500e+00
 -1.10488494e+00  5.50199405e-01]","[  0.1129039    0.04381287 -35.99059145   6.06347829  -1.3138821
  -0.17593375]","[  2.07899554   0.2109913    7.48981726 -13.57129668  -1.31357884
   0.07924564]","[ 3.62580842e-01  2.53864104e-02 -6.20199347e+01  2.44872402e+01
 -1.30955634e+00 -2.18096683e-01]","[ 1.07766686e-01  7.13152520e-03 -2.21710168e+02  2.58929700e+01
 -1.29704783e+00 -6.84905041e-03]","[ 9.56851038e-01  3.01768678e-02  5.23644295e+01 -4.81049588e+01
 -1.31347766e+00 -8.34812799e-02]","[ 1.55556928e-02  6.93516321e-03 -2.25346445e+02  5.50542008e+00
 -1.19613091e+00  3.77245460e-01]",003,FP
263,0,0.9290312491807786,0,[ 0.32179431  0.21143307 -7.43985187  4.39410197 -1.27619574 -0.2483567 ],"[-1.55369225e-02  2.26227422e-02  6.89660978e+01  3.07152091e+00
 -1.21333639e+00  3.94002986e-01]","[  0.08474841   0.04752487 -33.25373269   4.81820093  -1.32781061
  -0.06899384]","[  2.21291604   0.21823781   7.24450836 -14.03148871  -1.31786175
   0.0228689 ]","[ 3.46233405e-01  2.80166718e-02 -5.63947967e+01  2.15257625e+01
 -1.33580170e+00 -8.28720660e-02]","[ 1.03245779e-01  7.15972404e-03 -2.20836647e+02  2.48004517e+01
 -1.30194427e+00 -8.33547845e-03]","[ 9.74923560e-01  2.78810945e-02  5.65992504e+01 -5.31799427e+01
 -1.30687507e+00 -1.52221118e-01]","[ 1.16671933e-02  5.30936947e-03 -2.93678934e+02  5.42640889e+00
 -1.16534574e+00  4.13754850e-01]",003,FP
264,0,0.9290312491807786,0,[ 0.18077369  0.24219439 -6.51344383  3.1774593  -1.3039673  -0.16504446],"[ 1.62359456e-04  2.81455625e-02  5.58286044e+01  1.99093570e+00
 -1.27588498e+00  2.70684581e-01]","[ 5.50742186e-02  4.83638591e-02 -3.26895330e+01  3.80035049e+00
 -1.32656618e+00  1.89746092e-02]","[  2.34878202   0.21738148   7.27264621 -15.08186066  -1.31825131
  -0.03412341]","[ 3.28900230e-01  2.84564024e-02 -5.55499767e+01  2.02704001e+01
 -1.33774120e+00  3.65704948e-02]","[ 9.87276158e-02  7.16647042e-03 -2.20629317e+02  2.37822064e+01
 -1.30549538e+00  3.02652887e-03]","[ 9.91132221e-01  2.44223429e-02  6.44097397e+01 -6.18385684e+01
 -1.28538999e+00 -2.45848600e-01]","[ 8.68421957e-03  3.99639806e-03 -3.90117471e+02  5.38786578e+00
 -1.14889782e+00  4.18365296e-01]",003,FP
265,0,0.8886011612343993,0,[ 0.02410007  0.2626529  -6.0160714   2.14498774 -1.32136822 -0.08338938],"[ 1.88551831e-02  3.23902647e-02  4.87061338e+01  1.08163693e+00
 -1.31395024e+00  1.60434903e-01]","[ 2.55946641e-02  4.66091015e-02 -3.38961416e+01  2.86756036e+00
 -1.31644521e+00  9.61318432e-02]","[  2.48131292   0.20804742   7.59374107 -16.84244782  -1.31441686
  -0.09710372]","[ 3.11943757e-01  2.67399168e-02 -5.90033998e+01  2.04057422e+01
 -1.32047364e+00  1.55165290e-01]","[ 9.42345630e-02  7.10505179e-03 -2.22527947e+02  2.29698239e+01
 -1.30648045e+00  2.17444226e-02]","[ 1.00477909e+00  1.98701369e-02  7.85920250e+01 -7.69676230e+01
 -1.23203310e+00 -3.77053387e-01]","[ 6.40151488e-03  3.04407245e-03 -5.13904186e+02  5.28976529e+00
 -1.16136134e+00  3.67559568e-01]",003,FP
266,0,0.8886011612343993,0,"[-1.40813233e-01  2.69688732e-01 -5.86239580e+00  1.17449709e+00
 -1.32892705e+00  9.43784433e-04]","[ 3.95175507e-02  3.46785415e-02  4.55785612e+01  1.98846900e-01
 -1.33471444e+00  5.17944361e-02]","[-2.19219710e-03  4.27230384e-02 -3.69205872e+01  1.91906280e+00
 -1.29992267e+00  1.69453028e-01]","[  2.60504927   0.19010089   8.29622923 -19.61208594  -1.30310287
  -0.17364204]","[ 2.96642706e-01  2.31259773e-02 -6.78742982e+01  2.21344155e+01
 -1.27851640e+00  2.89117361e-01]","[ 8.98068718e-02  6.95952892e-03 -2.27159407e+02  2.24004758e+01
 -1.30439802e+00  4.09600273e-02]","[ 1.01526405e+00  1.44953969e-02  1.05759230e+02 -1.05373544e+02
 -1.10227763e+00 -5.73626768e-01]","[ 4.60313232e-03  2.44943995e-03 -6.42329307e+02  4.95672679e+00
 -1.20251043e+00  2.48967429e-01]",003,FP
267,0,0.9334072731617642,0,[-0.30500477  0.26135842 -6.04484185  0.15629441 -1.32524104  0.09289365],"[ 6.07499239e-02  3.44724894e-02  4.58427031e+01 -7.84940723e-01
 -1.33867429e+00 -6.60974012e-02]","[-2.70828992e-02  3.72285997e-02 -4.22558124e+01  8.55590091e-01
 -1.27575824e+00  2.47117882e-01]","[  2.71459994   0.16380684   9.59054526 -24.03449359  -1.27553837
  -0.2746653 ]","[ 2.84076668e-01  1.80449945e-02 -8.59166095e+01  2.64069042e+01
 -1.18635350e+00  4.65296325e-01]","[ 8.54847050e-02  6.74728998e-03 -2.34282803e+02  2.20275963e+01
 -1.30015611e+00  5.37764813e-02]","[ 1.02218459e+00  8.81153996e-03  1.62934062e+02 -1.64548686e+02
 -7.52511482e-01 -8.86496149e-01]","[ 3.09198970e-03  2.16130220e-03 -7.30908906e+02  4.25996281e+00
 -1.24643018e+00  9.73461115e-02]",003,FP
268,0,0.9334072731617642,0,[-0.4587668   0.23726151 -6.64099429 -1.0466677  -1.30563673  0.20033498],"[ 8.08870508e-02  3.14724924e-02  5.00395895e+01 -2.04755482e+00
 -1.31756399e+00 -2.08993335e-01]","[-4.81979395e-02  3.06377910e-02 -5.11075998e+01 -4.63281001e-01
 -1.23721389e+00  3.39835917e-01]","[  2.80501775   0.13019485  11.95784476 -31.54196678  -1.2099461
  -0.41845201]","[ 2.75046363e-01  1.20756808e-02 -1.23581914e+02  3.59907560e+01
 -9.50110709e-01  7.36771485e-01]","[ 8.12917000e-02  6.51201811e-03 -2.42745243e+02  2.17331735e+01
 -1.29552515e+00  5.48385307e-02]","[ 1.02541225e+00  4.02878318e-03  1.93291397e+02 -1.96203367e+02
 -7.64956264e-01 -7.46976858e-01]","[ 1.71341279e-03  2.08926776e-03 -7.56737564e+02  3.29660382e+00
 -1.27575442e+00 -1.53981393e-02]",003,FP
269,0,0.9334072731617642,0,[-0.59259078  0.19868176 -7.87859686 -2.66878389 -1.2566837   0.33845521],"[ 9.81646628e-02  2.57113909e-02  6.05548204e+01 -3.94434353e+00
 -1.23998131e+00 -4.06467860e-01]","[-6.49853500e-02  2.34490078e-02 -6.61859450e+01 -2.30111680e+00
 -1.16751835e+00  4.62931096e-01]","[  2.87233863   0.09150945  16.59826645 -45.67584197  -1.04424427
  -0.64110036]","[ 2.70029122e-01  6.18083482e-03 -1.90981631e+02  5.35706021e+01
 -4.23102497e-01  1.00888020e+00]","[ 7.72241008e-02  6.30910479e-03 -2.50576652e+02  2.13505567e+01
 -1.29198929e+00  4.18508064e-02]","[ 1.02512573e+00  4.60148476e-03 -2.59182660e+02  2.67694814e+02
 -5.57865740e-01 -9.05927437e-01]","[ 3.69821286e-04  2.12428871e-03 -7.44161068e+02  2.27520660e+00
 -1.29919468e+00 -5.07004621e-02]",003,FP
270,0,0.9334072731617642,0,"[ -0.69811949   0.14860727 -10.35164805  -5.2266873   -1.13568408
   0.53997416]","[ 1.10922503e-01  1.76951088e-02  8.42952354e+01 -7.35023854e+00
 -9.86984587e-01 -7.17238773e-01]","[-7.72202637e-02  1.61850923e-02 -9.40125961e+01 -5.25967747e+00
 -1.02513345e+00  6.42518896e-01]","[ 2.91421533e+00  5.19629552e-02  2.63870820e+01 -7.48976389e+01
 -5.92810577e-01 -9.80162059e-01]","[ 2.69165124e-01  4.45241797e-03  1.68473967e+02 -4.33473162e+01
 -9.34919501e-01  6.19019012e-01]","[ 7.32481626e-02  6.18940279e-03 -2.55451341e+02  2.07113413e+01
 -1.29001074e+00  1.66672634e-02]","[ 1.02179152e+00  8.25306319e-03 -1.83913192e+02  1.89920939e+02
 -1.10856956e+00 -6.10355288e-01]","[-9.73837828e-04  2.16046414e-03 -7.31806193e+02  1.28733945e+00
 -1.32175071e+00 -1.51722657e-02]",003,FP
271,0,0.9334072731617642,0,"[ -0.7689733    0.09219623 -15.61712914 -10.00915533  -0.7882224
   0.86338534]","[ 1.17814695e-01  9.13916565e-03  1.16592026e+02 -1.17362540e+01
 -5.26487244e-01 -8.94373710e-01]","[-8.50063297e-02  9.44009780e-03 -1.51801395e+02 -1.09040794e+01
 -6.92997709e-01  9.23038169e-01]","[ 2.93048784e+00  2.39723237e-02  1.03367654e+01 -2.82917654e+01
 -1.56079186e+00 -3.28562778e-01]","[ 2.72268542e-01  8.96045029e-03  1.62930239e+02 -4.23607787e+01
 -8.84969234e-01  7.98551969e-01]","[ 6.93055483e-02  6.18701387e-03 -2.55550694e+02  1.97110810e+01
 -1.28920733e+00 -1.49506861e-02]","[ 1.01610110e+00  1.11714760e-02 -1.40286080e+02  1.44544840e+02
 -1.29995187e+00 -3.05553157e-01]","[-2.29238036e-03  2.10662923e-03 -7.50057827e+02  2.80582169e-01
 -1.33568511e+00  7.83812538e-02]",003,FP
272,0,1.004261204127228,0,"[ -0.8013393    0.04353166 -16.20555575 -10.98614869  -0.94277175
   0.6342711 ]","[ 1.17992226e-01  8.77968788e-03 -1.09018628e+02  1.48633506e+01
 -5.83224300e-01 -8.47712984e-01]","[-8.87658415e-02  4.11209921e-03 -2.32103935e+02 -1.86029011e+01
 -4.00356824e-01  9.94140403e-01]","[ 2.92350436e+00  3.68187289e-02 -3.68640698e+01  1.09772269e+02
 -7.37579234e-01 -8.68706958e-01]","[ 2.78855486e-01  1.36920613e-02  1.13177235e+02 -2.95600930e+01
 -1.20624984e+00  4.60887345e-01]","[ 6.53242999e-02  6.31317433e-03 -2.50408358e+02  1.83577507e+01
 -1.28929351e+00 -4.53610703e-02]","[ 1.00888221e+00  1.28048903e-02 -1.23322053e+02  1.26417425e+02
 -1.34624420e+00 -1.08150036e-01]","[-3.50779481e-03  1.89162106e-03 -8.31423362e+02 -9.16462554e-01
 -1.32007194e+00  2.37706197e-01]",003,FP
273,0,1.004261204127228,0,[-0.79425532  0.05762098 21.04755971 18.71713638 -0.48955431  0.97058103],"[ 1.11223173e-01  1.78621345e-02 -8.23584511e+01  1.11601683e+01
 -8.97783826e-01 -7.86088170e-01]","[-8.92004491e-02  3.23313709e-03  3.35101265e+02  3.18911833e+01
 -7.37788607e-01  7.11422407e-01]","[ 2.89806902e+00  5.83577081e-02 -2.65067426e+01  7.88183695e+01
 -1.25941148e+00 -4.48219780e-01]","[ 2.88182259e-01  1.72679914e-02  9.10605015e+01 -2.42420210e+01
 -1.30716678e+00  2.46919094e-01]","[ 6.12331179e-02  6.55432044e-03 -2.41148857e+02  1.67662964e+01
 -1.29084594e+00 -6.74297622e-02]","[ 1.00099791e+00  1.31045907e-02 -1.20613349e+02  1.22733710e+02
 -1.34511865e+00  4.30277597e-02]","[-4.49906076e-03  1.47131761e-03 -1.04494432e+03 -2.70126798e+00
 -1.19538698e+00  5.13858963e-01]",003,FP
274,0,1.004261204127228,0,[-0.74958116  0.10744398 14.02661994 12.51409001 -1.0276454   0.67339666],"[ 9.79295520e-02  2.72343883e-02 -5.68602103e+01  7.56829492e+00
 -1.19131313e+00 -4.72502657e-01]","[-8.72167589e-02  5.44574934e-03  2.81327355e+02  2.65364601e+01
 -1.24771564e+00  5.00094765e-01]","[  2.86101661   0.07001395 -22.53469795  66.47214511  -1.3885955
  -0.11637566]","[ 2.99292736e-01  1.92554134e-02  8.20435424e+01 -2.25550363e+01
 -1.34266419e+00  8.76041399e-02]","[ 5.69773770e-02  6.87120076e-03 -2.30006113e+02  1.51051450e+01
 -1.29492910e+00 -7.57693506e-02]","[ 9.93241187e-01  1.22311193e-02 -1.28919946e+02  1.30048600e+02
 -1.31665731e+00  1.75492694e-01]","[-5.11277146e-03  8.76385517e-04 -1.46362094e+03 -5.48315938e+00
 -6.64043947e-01  8.68506256e-01]",003,FP
275,0,1.004261204127228,0,[-0.6717013   0.15372486 10.13600569  8.80836823 -1.2315266   0.40199358],"[ 7.91415276e-02  3.47898697e-02 -4.51488379e+01  5.57314800e+00
 -1.29173995e+00 -2.72884263e-01]","[-8.38258221e-02  6.65168499e-03  2.37185042e+02  2.18822312e+01
 -1.40664884e+00  1.00426469e-01]","[  2.82050852   0.0687438  -22.91478425  66.63134415  -1.37823404
   0.17307104]","[ 3.11076788e-01  1.94238747e-02  8.13593978e+01 -2.33090202e+01
 -1.34741717e+00 -5.92421688e-02]","[ 5.25350506e-02  7.19894806e-03 -2.19555015e+02  1.35343338e+01
 -1.30182224e+00 -6.71647763e-02]","[ 9.86231612e-01  1.05116812e-02 -1.49300936e+02  1.49245303e+02
 -1.26377219e+00  2.96463712e-01]","[-5.17468661e-03  7.54764196e-04  8.38935712e+02  6.34122940e+00
 -9.21059551e-01  6.86362037e-01]",003,FP
276,0,1.004261204127228,0,[-0.56703331  0.1895818   8.30054255  6.70668414 -1.29988026  0.23330887],"[ 5.63895513e-02  3.96576349e-02 -3.98093052e+01  4.24482886e+00
 -1.33002519e+00 -1.27137950e-01]","[-8.00336913e-02  6.44256654e-03  2.44134003e+02  2.15389454e+01
 -1.36802530e+00 -2.13904486e-01]","[ 2.78517605e+00  5.47112999e-02 -2.79866466e+01  7.99477378e+01
 -1.20172764e+00  5.29835076e-01]","[ 3.22341451e-01  1.76950859e-02  8.89367026e+01 -2.66679857e+01
 -1.31954954e+00 -2.24832049e-01]","[ 4.79299733e-02  7.45188747e-03 -2.12148943e+02  1.21682932e+01
 -1.31012479e+00 -4.07204105e-02]","[ 9.80324720e-01  8.41258217e-03 -1.85591104e+02  1.83939548e+02
 -1.19472229e+00  3.90676131e-01]","[-4.50329263e-03  1.83087133e-03  7.60730783e+02  5.42579333e+00
 -5.65450194e-01  1.00246301e+00]",003,FP
277,0,1.004261204127228,0,[-0.44342689  0.21248911  7.43248531  5.29576388 -1.32497969  0.11212893],"[ 3.15633959e-02  4.13493252e-02 -3.82328041e+01  3.20675714e+00
 -1.34118860e+00 -1.08443196e-03]","[-7.67431933e-02  5.01552660e-03  3.04052143e+02  2.53339324e+01
 -1.15894940e+00 -5.69185929e-01]","[ 2.76323717e+00  3.21310112e-02 -3.78559415e+01  1.06604944e+02
 -6.20090022e-01  8.67259275e-01]","[ 3.31896571e-01  1.41777971e-02  1.09353923e+02 -3.42941922e+01
 -1.21916553e+00 -4.51521053e-01]","[ 4.32392565e-02  7.53642491e-03 -2.09794156e+02  1.10713433e+01
 -1.31697010e+00  2.62785915e-03]","[ 9.75551848e-01  6.48748701e-03 -2.40681120e+02  2.36796911e+02
 -1.14582752e+00  3.97787746e-01]","[-2.92639332e-03  3.35291640e-03  4.49363820e+02  3.31501528e+00
 -9.46593899e-01  7.14161518e-01]",003,FP
278,0,1.004261204127228,0,[-0.30953673  0.22143181  7.1398172   4.21003565 -1.33130261  0.01191806],"[ 6.76295440e-03  3.96484484e-02 -3.98165909e+01  2.26927779e+00
 -1.33213007e+00  1.28303515e-01]","[-7.46815438e-02  2.88919367e-03  4.27942210e+02  3.39593849e+01
 -5.68212016e-01 -9.22451062e-01]","[ 2.76168398e+00  2.90452669e-02  2.57075955e+01 -6.89962548e+01
 -7.82546973e-01  7.44098005e-01]","[ 3.38655887e-01  9.28451733e-03  1.56477027e+02 -5.09918663e+01
 -8.76717468e-01 -8.05740881e-01]","[ 3.85919265e-02  7.37005224e-03 -2.14460644e+02  1.02764494e+01
 -1.31885761e+00  6.14707551e-02]","[ 9.71609055e-01  5.32055160e-03 -2.96106778e+02  2.89700027e+02
 -1.15982743e+00  1.84748075e-01]","[-3.01266842e-04  5.10975189e-03  3.01940739e+02  2.09096473e+00
 -1.11317172e+00  5.29620171e-01]",003,FP
279,0,0.9719261091936244,0,[-0.17422405  0.21646057  7.29985474  3.27181024 -1.32556378 -0.08202118],"[-1.58465542e-02  3.45908167e-02 -4.53715595e+01  1.28101713e+00
 -1.29176191e+00  2.86893806e-01]","[-7.43560066e-02  2.24850741e-03 -2.93427008e+02 -1.98180605e+01
 -9.93646278e-01 -6.11192497e-01]","[  2.78559547   0.06515262  21.86383758 -58.90380701  -0.70668941
   0.91611409]","[ 3.41748097e-01  4.65779366e-03  1.40957197e+02 -4.61718537e+01
 -1.09178099e+00 -5.31974131e-01]","[ 3.41582844e-02  6.89866622e-03 -2.28831905e+02  9.81650529e+00
 -1.31208394e+00  1.36162105e-01]","[ 9.67903273e-01  5.45099787e-03 -2.88484660e+02  2.81225247e+02
 -1.13094019e+00 -2.38764121e-01]","[ 3.46264206e-03  6.97752484e-03  2.23526728e+02  1.22600695e+00
 -1.20047605e+00  4.01812788e-01]",003,FP
280,0,0.9719261091936244,0,[-0.04598817  0.19856673  7.9403959   2.36516425 -1.30716252 -0.18097315],"[-3.41771936e-02  2.65104292e-02 -5.80832438e+01  1.48777327e-02
 -1.16707033e+00  5.20306125e-01]","[-7.60316485e-02  4.81099474e-03 -2.97308351e+02 -2.06048440e+01
 -7.61504879e-01 -8.81487441e-01]","[  2.8376179    0.10957589  13.94297564 -37.56483727  -1.07463964
   0.60270063]","[ 3.40623286e-01  6.88284016e-03 -1.76395834e+02  6.20845285e+01
 -4.44051114e-01 -1.00792127e+00]","[ 3.01332971e-02  6.10396159e-03 -2.57843915e+02  9.76968731e+00
 -1.29109294e+00  2.32512051e-01]","[ 9.63644927e-01  7.12387194e-03 -2.17575261e+02  2.11665296e+02
 -1.05615406e+00 -5.01361076e-01]","[ 8.38224446e-03  8.81519501e-03  1.78003020e+02  5.07935173e-01
 -1.25298951e+00  3.02114378e-01]",003,FP
281,0,0.9719261091936244,0,[ 0.06759506  0.16964847  9.24949696  1.37477971 -1.2685066  -0.29753192],"[-4.63680587e-02  1.63302966e-02 -8.59976467e+01 -1.98754393e+00
 -7.46736029e-01  8.85534311e-01]","[-7.97254480e-02  7.80728487e-03 -1.96857135e+02 -1.36945233e+01
 -1.13652572e+00 -5.45074667e-01]","[  2.91767129   0.15276421  10.20602523 -27.77782677  -1.21961657
   0.39984545]","[ 3.35136117e-01  1.30732673e-02 -1.14758254e+02  4.04596358e+01
 -9.93223375e-01 -7.03127118e-01]","[ 2.67192802e-02  4.99968903e-03 -3.12482304e+02  1.03493022e+01
 -1.24013090e+00  3.68963770e-01]","[ 9.57960186e-01  1.02443143e-02 -1.50636367e+02  1.46303642e+02
 -1.06316695e+00 -5.43185684e-01]","[ 1.43857949e-02  1.04669596e-02  1.50467101e+02 -1.64588858e-01
 -1.28646345e+00  2.17398049e-01]",003,FP
282,0,0.9719261091936244,0,[ 0.16041054  0.13250006 11.7189063   0.12016386 -1.18808737 -0.45143069],"[-5.09434743e-02  8.55187800e-03 -2.43838815e+01  7.57800357e-01
 -1.65613985e+00  2.69696194e-01]","[-8.52155039e-02  1.03769708e-02 -1.50952999e+02 -1.08635358e+01
 -1.27291991e+00 -3.23149589e-01]","[  3.02294385   0.18964666   8.29006221 -23.06039257  -1.28523959
   0.25727091]","[ 3.25590011e-01  1.89682132e-02 -8.20097816e+01  2.87015657e+01
 -1.22375852e+00 -4.21472560e-01]","[ 2.41120122e-02  3.62769501e-03 -4.21053725e+02  1.21524526e+01
 -1.09788163e+00  5.92521496e-01]","[ 9.49992037e-01  1.46368806e-02 -1.05801606e+02  1.02510683e+02
 -1.11204843e+00 -4.99557942e-01]","[ 2.13084180e-02  1.17802759e-02  1.33994426e+02 -8.55209245e-01
 -1.30742790e+00  1.41179305e-01]",003,FP
283,0,0.8740016703354838,0,[ 0.22825647  0.09081535 16.62790744 -1.79542746 -1.00101086 -0.68170683],"[-4.69662477e-02  1.59660224e-02  8.26522628e+01  5.88186665e+00
 -5.25151385e-01  1.00282562e+00]","[-9.20680616e-02  1.21341258e-02 -1.30001505e+02 -9.96898659e+00
 -1.32900969e+00 -1.58353213e-01]","[  3.14820875   0.21646604   7.29090287 -20.95328418  -1.31621358
   0.14519194]","[ 3.12732526e-01  2.34569527e-02 -6.70851736e+01  2.29797158e+01
 -1.31062410e+00 -2.30048367e-01]","[ 2.24917693e-02  2.10191368e-03 -6.43578295e+02  1.64752145e+01
 -6.31446373e-01  9.41567687e-01]","[ 9.38969983e-01  2.01190322e-02 -7.73520338e+01  7.46312378e+01
 -1.16096834e+00 -4.37381711e-01]","[ 2.88997533e-02  1.26267881e-02  1.25165651e+02 -1.61725643e+00
 -1.31905995e+00  6.97089125e-02]",003,FP
284,0,0.9487090937471588,0,[ 0.26914915  0.04970753 26.91651942 -5.24455838 -0.51904784 -1.01653812],"[-3.41608762e-02  2.89152550e-02  5.23410778e+01  3.78801708e+00
 -1.03107289e+00  6.59890702e-01]","[-9.96831971e-02  1.28294284e-02 -1.23216260e+02 -1.02825907e+01
 -1.34734919e+00 -1.42190837e-02]","[  3.28643365   0.23080298   6.84868579 -20.50775143  -1.32806938
   0.04934023]","[ 2.97699504e-01  2.59015183e-02 -6.10017016e+01  2.01601763e+01
 -1.34409782e+00 -7.59974402e-02]","[ 2.20175734e-02  1.22658447e-03  1.52023312e+02 -1.34718442e+00
 -1.63738969e+00  2.98604361e-01]","[ 9.24248617e-01  2.64929679e-02 -5.89861529e+01  5.65178702e+01
 -1.19971029e+00 -3.77247162e-01]","[ 3.68426383e-02  1.29188404e-02  1.22384441e+02 -2.50896569e+00
 -1.32304803e+00  1.85173718e-05]",003,FP
285,0,0.9978064398527666,0,[ 0.2834266   0.02385876 -0.15472929  2.0438544  -1.71731235 -0.24576927],"[-1.29757147e-02  4.13303936e-02  3.76682630e+01  2.48877263e+00
 -1.21709075e+00  4.15997432e-01]","[-1.07353705e-01  1.23411322e-02 -1.27899325e+02 -1.17304663e+01
 -1.33717040e+00  1.32452189e-01]","[  3.42957163   0.23172142   6.82213858 -21.39701294  -1.32717633
  -0.03842778]","[ 2.81912899e-01  2.59248957e-02 -6.09488309e+01  1.91822616e+01
 -1.34679081e+00  7.14448207e-02]","[ 2.28204172e-02  2.63066275e-03  5.20441129e+02 -9.87668367e+00
 -5.72339824e-01  9.91758148e-01]","[ 9.05334377e-01  3.35245358e-02 -4.67633879e+01  4.43365027e+01
 -1.22980504e+00 -3.22648725e-01]","[ 4.47790746e-02  1.26168781e-02  1.25260948e+02 -3.60906933e+00
 -1.31997987e+00 -7.13485340e-02]",003,FP
286,0,0.8932372073145499,0,"[  0.27362112   0.04112611 -33.8822062   11.27088724  -0.76842739
  -0.86561101]","[ 1.54382926e-02  5.15509458e-02  3.04984929e+01  1.52915534e+00
 -1.28998799e+00  2.55272266e-01]","[-1.14328915e-01  1.06775121e-02 -1.46781875e+02 -1.47814125e+01
 -1.28725455e+00  3.10104177e-01]","[  3.56937485   0.2196618    7.18830298 -23.65774788  -1.31600507
  -0.12507712]","[ 2.66944852e-01  2.34166901e-02 -6.71654975e+01  1.99294838e+01
 -1.31475596e+00  2.39434072e-01]","[ 2.49917558e-02  4.73199328e-03  3.19952012e+02 -5.99616254e+00
 -1.00453011e+00  6.71099220e-01]","[  0.88192592   0.0408959  -38.43088766  35.8931961   -1.25467814
  -0.27134513]","[ 5.23379935e-02  1.17270543e-02  1.34572169e+02 -5.04323732e+00
 -1.30884488e+00 -1.49677822e-01]",003,FP
287,0,0.9285643385665115,0,"[  0.24413249   0.06531784 -23.66594543   7.77762612  -1.22053773
  -0.4716629 ]",[ 0.04932971  0.05860469 26.93629444  0.67124037 -1.32073481  0.13460274],"[-1.19876455e-01  7.97586045e-03 -1.91661126e+02 -2.09756564e+01
 -1.12922397e+00  5.74200309e-01]","[  3.69809175   0.19608028   8.03075075 -27.69845309  -1.29308767
  -0.21989036]","[ 2.54368331e-01  1.85589157e-02 -8.33918285e+01  2.32122402e+01
 -1.20608952e+00  4.70333209e-01]","[ 2.85671100e-02  6.93298350e-03  2.23748885e+02 -4.39185902e+00
 -1.16881114e+00  4.66801646e-01]","[  0.85398318   0.04814666 -32.71097474  29.93462214  -1.27670228
  -0.21959258]","[ 5.91595566e-02  1.02919179e-02  1.52852423e+02 -7.04268159e+00
 -1.28505151e+00 -2.44464817e-01]",003,FP
288,0,0.951171968308113,0,"[  0.20078147   0.08139797 -19.34599513   5.88431728  -1.34035805
  -0.20181565]",[ 0.08650423  0.06191255 25.53371157 -0.20877397 -1.33158188  0.03221185],"[-1.23336123e-01  4.63138111e-03 -2.84323645e+02 -3.30673760e+01
 -6.11791775e-01  9.35441735e-01]","[  3.80897029   0.16303042   9.60315859 -34.57814575  -1.24878128
  -0.33849154]","[ 2.45617653e-01  1.19438934e-02 -1.20525241e+02  3.16031267e+01
 -8.39433099e-01  8.30375949e-01]","[ 3.35085838e-02  9.04070495e-03  1.73262007e+02 -3.80576447e+00
 -1.24445384e+00  3.32299237e-01]","[  0.82181719   0.05464312 -28.8717808   25.7273257   -1.29641869
  -0.16399288]","[ 6.49127018e-02  8.37989402e-03  1.86377851e+02 -1.00982899e+01
 -1.23350154e+00 -3.75000864e-01]",003,FP
289,0,0.951171968308113,0,"[ 1.50312729e-01  8.68638769e-02 -1.81954880e+01  4.73501347e+00
 -1.36532047e+00  2.15699381e-03]",[ 0.12450691  0.06122215 25.81442729 -1.21407459 -1.32957442 -0.06619773],"[-1.24163142e-01  3.05618720e-03  1.30880721e+02  1.82505616e+01
 -1.39099688e+00  4.18527652e-01]","[  3.89656135   0.12294655  12.55677833 -46.92825712  -1.15005203
  -0.51124158]","[ 2.41876848e-01  6.06279862e-03 -8.26806271e+01  2.19985295e+01
 -1.34441179e+00  4.05677245e-01]","[ 3.96925989e-02  1.08915776e-02  1.44523553e+02 -3.73651544e+00
 -1.28513792e+00  2.30867499e-01]","[  0.7861684    0.05962053 -26.49641365  22.8306431   -1.31256961
  -0.10242009]","[ 6.93056296e-02  6.08490918e-03  2.51431656e+02 -1.54256292e+01
 -1.09976767e+00 -5.84369868e-01]",003,FP
290,0,0.951171968308113,0,"[  0.09988184   0.08121448 -19.38762569   3.93647168  -1.338558
   0.20519756]",[ 0.16080628  0.05656309 27.87958117 -2.48321176 -1.31338103 -0.17405762],"[-1.21963839e-01  6.71734561e-03  2.07376944e+02  2.72924882e+01
 -6.32638920e-01  9.59424837e-01]","[  3.95688053   0.07896597  18.63423682 -71.73344886  -0.87663693
  -0.7975583 ]","[ 2.44003763e-01  1.02084516e-02  1.23001855e+02 -2.80129155e+01
 -4.31483289e-01  1.03714062e+00]","[ 4.69084938e-02  1.23388036e-02  1.27910493e+02 -4.00008854e+00
 -1.30759570e+00  1.46908802e-01]","[  0.74823228   0.06231144 -25.37111491  20.98348718  -1.32288015
  -0.0340581 ]","[ 7.20916238e-02  3.58543883e-03  3.86736014e+02 -2.58804273e+01
 -6.75842953e-01 -9.26875217e-01]",003,FP
291,0,0.951171968308113,0,"[  0.05653878   0.06517661 -23.72717182   3.34150529  -1.21914598
   0.46973278]",[ 0.19297034  0.04823993 32.50299408 -4.27211387 -1.27125445 -0.30924757],"[-1.16527287e-01  1.17010199e-02  1.30004729e+02  1.71490984e+01
 -1.04333432e+00  6.35520152e-01]","[ 3.98750687e+00  3.83613644e-02  2.61073492e+01 -1.02103234e+02
 -5.20862850e-01 -8.95938492e-01]","[ 2.52488380e-01  1.96451976e-02  7.62312516e+01 -1.72475052e+01
 -9.50747109e-01  7.28814255e-01]","[ 5.48692709e-02  1.32695392e-02  1.19098094e+02 -4.53482559e+00
 -1.31868171e+00  7.31377093e-02]","[  0.70960544   0.0621182  -25.44855148  20.05843045  -1.32502419
   0.04158334]","[ 7.30736604e-02  1.86595978e-03  5.71891585e+01 -2.17902115e+00
 -1.70766888e+00 -2.56646865e-01]",003,FP
292,0,0.951171968308113,0,"[ 2.67113217e-02  4.13554501e-02 -3.40605492e+01  2.90980229e+00
 -7.88022102e-01  8.58855731e-01]","[ 2.18835054e-01  3.68767342e-02  4.18710591e+01 -7.16285546e+00
 -1.16444499e+00 -5.04328586e-01]","[-1.07849553e-01  1.67003304e-02  9.31533674e+01  1.20465491e+01
 -1.19702898e+00  4.30394506e-01]","[ 3.98764612e+00  3.80782414e-02 -2.70988499e+01  1.10060624e+02
 -5.31025026e-01 -8.87560483e-01]","[ 2.67436554e-01  2.95940576e-02  5.23013787e+01 -1.19873005e+01
 -1.15851995e+00  4.88931440e-01]","[ 6.32314083e-02  1.36157234e-02  1.16120746e+02 -5.34247829e+00
 -1.32212930e+00  4.66238814e-03]","[  0.67214911   0.05875804 -26.87199558  20.06198798  -1.31658886
   0.12631708]","[ 7.21107584e-02  3.63738494e-03 -3.67562184e+02  2.85051878e+01
 -5.32608555e-01 -1.00521899e+00]",003,FP
293,0,0.9767693310535344,0,[ 0.01569988  0.02259791 -7.40576704  2.11626966 -1.6878418   0.25095981],"[ 2.36665115e-01  2.35819461e-02  6.18584827e+01 -1.26397449e+01
 -8.51912620e-01 -8.19387143e-01]","[-9.61431356e-02  2.12377424e-02  7.39022052e+01  9.10518973e+00
 -1.26437027e+00  2.94842768e-01]","[ 3.95811751e+00  7.60926873e-02 -1.94785237e+01  7.90982857e+01
 -9.29268713e-01 -7.58753217e-01]","[ 2.88567650e-01  3.89675972e-02  4.01802205e+01 -9.59471181e+00
 -1.24368399e+00  3.38930201e-01]","[ 7.16190590e-02  1.33519514e-02  1.18375517e+02 -6.47794315e+00
 -1.31963774e+00 -6.36737518e-02]","[  0.63779163   0.05232706 -30.08610105  21.18866354  -1.29327664
   0.22530102]","[ 6.91274635e-02  6.64166541e-03 -2.27575245e+02  1.77316994e+01
 -1.00225067e+00 -6.77739667e-01]",003,FP
294,0,0.9767693310535344,0,"[ 2.72219782e-02  4.39831391e-02  2.99847412e+01  1.18375603e+00
 -5.05487321e-01  1.01670138e+00]","[ 2.45295126e-01  1.13661779e-02  7.48161597e+01 -1.63520393e+01
 -7.26507225e-01 -7.53955836e-01]","[-8.18267083e-02  2.49679964e-02  6.31256840e+01  7.16536693e+00
 -1.29761521e+00  1.94310596e-01]","[  3.90121187   0.11516821 -13.4539453   54.48669103  -1.18299029
  -0.4710429 ]",[ 0.31522063  0.04706658 33.44258046 -8.54179123 -1.28588208  0.2315946 ],"[ 7.96474862e-02  1.24855764e-02  1.26430747e+02 -8.06989116e+00
 -1.31042041e+00 -1.38580412e-01]","[  0.60831488   0.0432744  -36.15110287  23.99125396  -1.24411761
   0.3505042 ]","[ 6.41250401e-02  9.74323781e-03 -1.59254830e+02  1.22122224e+01
 -1.17334173e+00 -4.62835452e-01]",003,FP
295,0,0.9767693310535344,0,[ 0.06307582  0.0806797  18.71231316  0.81970552 -1.00700063  0.67946821],"[ 2.44224780e-01  1.35246385e-02 -8.43662426e+01  2.26043270e+01
 -4.70768348e-01 -9.56473863e-01]","[-6.54934294e-02  2.76351860e-02  5.71525443e+01  5.74311612e+00
 -1.31427229e+00  1.12533139e-01]","[  3.82040657   0.14896661 -10.5307813   42.23186606  -1.26596085
  -0.30272903]",[ 0.346374    0.05329767 29.61345411 -8.25733046 -1.3087596   0.14498079],"[ 8.69413588e-02  1.10475977e-02  1.42478943e+02 -1.03873129e+01
 -1.28977697e+00 -2.30216795e-01]","[ 5.85176895e-01  3.23254636e-02 -4.76701362e+01  2.98954623e+01
 -1.13569551e+00  5.29440249e-01]","[ 5.71903624e-02  1.26818491e-02 -1.23544359e+02  9.06554667e+00
 -1.24529977e+00 -3.28545480e-01]",003,FP
296,0,0.9767693310535344,0,[ 0.12301227  0.11725644 13.25169995  0.36987828 -1.19623929  0.44204462],"[ 2.33637791e-01  2.61616216e-02 -5.71531318e+01  1.53531314e+01
 -9.77573368e-01 -7.17843209e-01]","[-4.78600516e-02  2.90806195e-02  5.43609931e+01  4.60171994e+00
 -1.32097473e+00  4.11874933e-02]",[ 3.71996524  0.17583272 -8.96356578 35.34415316 -1.29701653 -0.19503021],[ 0.38068982  0.05717791 27.64103232 -8.52265963 -1.32050207  0.06827017],"[ 9.31471708e-02  9.08967606e-03  1.72021978e+02 -1.40233606e+01
 -1.24315438e+00 -3.57418388e-01]","[ 5.69402722e-01  2.04665167e-02 -7.15430806e+01  4.27368249e+01
 -8.46549337e-01  8.19669957e-01]","[ 4.84985411e-02  1.52877845e-02 -1.02955591e+02  6.99319594e+00
 -1.28102614e+00 -2.33733209e-01]",003,FP
297,0,0.9767693310535344,0,[ 0.20488614  0.14936455 10.51012101 -0.15337807 -1.27113886  0.28930363],"[ 2.14328979e-01  3.85758760e-02 -4.02717038e+01  1.06313932e+01
 -1.20422470e+00 -4.40847921e-01]","[-2.97040011e-02  2.92541066e-02  5.40438091e+01  3.60531737e+00
 -1.32040592e+00 -2.41823536e-02]",[ 3.60448689  0.19540372 -8.08184593 31.13090772 -1.30853974 -0.12029589],"[ 4.16587129e-01  5.83787933e-02  2.70826890e+01 -9.28229965e+00
 -1.32411927e+00 -4.94683748e-03]","[ 9.79422780e-02  6.69238727e-03  2.29252148e+02 -2.04534776e+01
 -1.11985285e+00 -5.61324887e-01]","[ 5.61549479e-01  9.77878088e-03 -9.81644983e+01  5.71242229e+01
 -5.53168320e-01  8.72789954e-01]","[ 3.83073923e-02  1.74261035e-02 -9.05407905e+01  5.46838158e+00
 -1.30011971e+00 -1.60265883e-01]",003,FP
298,0,0.9767693310535344,0,[ 0.30509419  0.17470763  9.02467768 -0.7533767  -1.30173867  0.18275967],"[  0.1875491    0.04897267 -32.07358519   8.01537193  -1.2774854
  -0.27721568]","[-1.17952195e-02  2.82205391e-02  5.59924565e+01  2.66044331e+00
 -1.31372147e+00 -8.59748901e-02]",[ 3.47849167  0.20805864 -7.59667355 28.42496568 -1.31161461 -0.06586588],"[  0.45234172   0.05676186  27.83957144 -10.59299955  -1.32021174
  -0.07987298]","[ 1.01042825e-01  4.02692306e-03  3.49047522e+02 -3.32687478e+01
 -7.21809096e-01 -9.01951919e-01]","[ 5.61735482e-01  1.01570297e-02  1.05495159e+02 -5.72603741e+01
 -5.01045214e-01  9.15449591e-01]","[ 2.69439100e-02  1.89969722e-02 -8.31621573e+01  4.24071368e+00
 -1.31024770e+00 -9.93281000e-02]",003,FP
299,0,0.9767693310535344,0,[ 0.41922682  0.19247749  8.20680901 -1.44051445 -1.31171679  0.10629258],"[  0.15479865   0.05692285 -27.7068046    6.28897582  -1.30239856
  -0.17318008]","[ 5.17407959e-03  2.61575537e-02  6.03417816e+01  1.68778682e+00
 -1.30132017e+00 -1.45091095e-01]","[ 3.34611727e+00  2.14614594e-01 -7.36688422e+00  2.66504585e+01
 -1.31100722e+00 -2.50309092e-02]","[  0.48620309   0.05239153  30.11163681 -12.64037092  -1.30711615
  -0.16255637]","[ 1.02211626e-01  2.04662014e-03  1.22946460e+02 -1.05665576e+01
 -1.62514171e+00 -2.89296331e-01]","[ 5.69713346e-01  2.02196063e-02  7.34791052e+01 -3.98620269e+01
 -9.33170671e-01  7.52814690e-01]","[ 1.47845729e-02  1.99384925e-02 -7.92854006e+01  3.17220079e+00
 -1.31488743e+00 -4.59183661e-02]",003,FP
300,2,1.0130796122184051,1,[ 0.54278691  0.2031843   7.77991759 -2.22283744 -1.31196478  0.05266758],"[  0.11761555   0.06249533 -25.27718271   4.97298965  -1.30925264
  -0.10407699]","[ 2.06587259e-02  2.33457420e-02  6.75059316e+01  6.05413465e-01
 -1.28344033e+00 -2.00100083e-01]","[ 3.21095291e+00  2.16059719e-01 -7.31798536e+00  2.54977064e+01
 -1.30906569e+00  6.61112750e-03]","[  0.51651708   0.04553087  34.52466486 -15.83257891  -1.27912081
  -0.26209479]","[ 1.01266468e-01  3.82793579e-03 -3.42646850e+02  3.66986364e+01
 -4.88873661e-01 -1.02359391e+00]","[ 5.84961822e-01  3.06969822e-02  5.04436457e+01 -2.75076069e+01
 -1.16952454e+00  4.81270817e-01]","[ 2.23202947e-03  2.02273830e-02 -7.81665057e+01  2.17446994e+00
 -1.31560872e+00  3.12195797e-03]",003,FP
301,2,1.0130796122184051,1,[ 0.67179411  0.20822465  7.59319443 -3.10106328 -1.30866712  0.01721254],"[  0.0774031    0.06603458 -23.93736315   3.85282616  -1.30931666
  -0.05781419]","[ 3.43241069e-02  2.01560013e-02  7.80656509e+01 -6.79533743e-01
 -1.26166061e+00 -2.44688883e-01]",[ 3.07598386  0.21335622 -7.41013934 24.79346902 -1.30671256  0.03226583],"[ 5.41842623e-01  3.66323345e-02  4.25783108e+01 -2.10707436e+01
 -1.22048222e+00 -3.94985687e-01]","[ 9.80882728e-02  7.15856376e-03 -2.10314080e+02  2.26293449e+01
 -9.74086015e-01 -7.03256321e-01]","[  0.60677541   0.04022768  38.94744219 -21.63235029  -1.24809808
   0.32775221]","[-1.03099279e-02  1.98797482e-02 -7.95177241e+01  1.18017800e+00
 -1.31296721e+00  4.97474866e-02]",003,FP
302,2,1.0069681499051315,1,"[ 8.03128236e-01  2.09272054e-01  7.55539030e+00 -4.06794729e+00
 -1.30528042e+00 -4.78388880e-03]","[  0.03532935   0.06798723 -23.25493553   2.82158164  -1.30747399
  -0.02685068]","[ 4.60968156e-02  1.70316983e-02  9.23223818e+01 -2.25576781e+00
 -1.24160194e+00 -2.63294823e-01]",[ 2.94359464  0.20737653 -7.62269794 24.43813281 -1.30396464  0.05373323],"[ 5.61052045e-01  2.63403710e-02  5.80375991e+01 -3.05621136e+01
 -1.08279961e+00 -5.96019138e-01]","[ 9.26275760e-02  1.07003179e-02 -1.44712336e+02  1.54043529e+01
 -1.15334088e+00 -4.87303176e-01]","[  0.63433852   0.04850486  32.4519842  -18.58554377  -1.28002047
   0.23219104]","[-2.24617384e-02  1.89520740e-02 -8.33661184e+01  1.27452056e-01
 -1.30707524e+00  9.49513896e-02]",003,FP
303,2,0.9858760587368708,1,[ 0.93455994  0.20771912  7.61168768 -5.11357839 -1.30329323 -0.01868517],"[-7.69616272e-03  6.87633148e-02 -2.29938080e+01  1.82303591e+00
 -1.30573601e+00 -5.47916300e-03]","[ 5.61909744e-02  1.44567733e-02  1.08922201e+02 -4.12044460e+00
 -1.23335053e+00 -2.27758866e-01]",[ 2.8156015   0.19894153 -7.94451111 24.36857739 -1.30079121  0.07135032],"[ 5.73406434e-01  1.56091797e-02  9.04933552e+01 -4.98894721e+01
 -6.97806087e-01 -9.20374405e-01]","[ 8.49079189e-02  1.41956694e-02 -1.10191060e+02  1.13560936e+01
 -1.22699621e+00 -3.57048295e-01]","[  0.66677812   0.0554222   28.46414966 -16.97927228  -1.29496998
   0.16643332]","[-3.38923130e-02  1.75397621e-02 -9.00040824e+01 -1.05044653e+00
 -1.29799793e+00  1.38977521e-01]",003,FP
304,2,0.9135126961877112,1,[ 1.06452669  0.20435477  7.73666201 -6.23588321 -1.30288509 -0.02998777],"[-5.09842194e-02  6.86567369e-02 -2.30293631e+01  8.25865901e-01
 -1.30466793e+00  1.08292349e-02]","[ 6.50954825e-02  1.28995665e-02  1.22431982e+02 -5.96976891e+00
 -1.23913643e+00 -1.10432084e-01]",[ 2.69332919  0.18881215 -8.36926236 24.54117861 -1.29785866  0.08536246],"[ 5.78600928e-01  7.23886318e-03  6.94626620e+01 -3.81911607e+01
 -1.26081109e+00 -4.76400732e-01]","[ 7.50253047e-02  1.75007134e-02 -8.98065163e+01  8.73776125e+00
 -1.26326555e+00 -2.69357379e-01]","[  0.70319618   0.06094051  25.91644487 -16.22434499  -1.30266762
   0.11719309]","[-4.43402699e-02  1.57704594e-02 -9.99918002e+01 -2.43366341e+00
 -1.28593467e+00  1.81475644e-01]",003,FP
305,2,0.6353621749157854,1,[ 1.19179387  0.19933329  7.93093189 -7.45203599 -1.30341147 -0.04331931],"[ -0.09399647   0.0678292  -23.30934536  -0.19099613  -1.30414599
   0.02545097]","[ 7.35107996e-02  1.27085621e-02  1.24340441e+02 -7.14036520e+00
 -1.23941316e+00  6.54627769e-02]",[ 2.57776678  0.17751193 -8.90033915 24.94299859 -1.29624482  0.09835564],"[ 5.76774544e-01  1.07797489e-02 -1.18988274e+02  7.06294077e+01
 -5.43949027e-01 -9.66365814e-01]","[ 6.31441522e-02  2.05021289e-02 -7.68564338e+01  6.85303435e+00
 -1.28340285e+00 -2.04671425e-01]","[  0.7426871    0.06504564  24.29611843 -16.0444138   -1.30679697
   0.07750588]","[-5.36292600e-02  1.37912647e-02 -1.14192818e+02 -4.12407635e+00
 -1.27137504e+00  2.21530740e-01]",003,FP
306,2,0.6249679172079793,1,[ 1.31515462  0.19237786  8.21640331 -8.80584076 -1.30373285 -0.06151309],"[ -0.13627731   0.06634176 -23.83006217  -1.2474967   -1.30371573
   0.04050235]","[ 8.22347753e-02  1.39601322e-02  1.12860795e+02 -7.28108214e+00
 -1.22949319e+00  2.10722875e-01]",[ 2.46981325  0.16505439 -9.56902217 25.63369773 -1.29610844  0.11665292],"[ 5.68481749e-01  1.93280378e-02 -7.85508577e+01  4.66547290e+01
 -1.07196414e+00 -6.28675725e-01]","[ 4.94916213e-02  2.31029357e-02 -6.83078311e+01  5.38066531e+00
 -1.29559746e+00 -1.53206031e-01]","[  0.78434515   0.06773346  23.33979602 -16.30645582  -1.30892109
   0.04336279]","[-6.16738599e-02  1.17512685e-02 -1.33828930e+02 -6.25374666e+00
 -1.25532402e+00  2.57756249e-01]",003,FP
307,0,0.8206534700082135,0,"[  1.43327088   0.18310285   8.63016788 -10.36936835  -1.30258799
  -0.08524669]","[ -0.17741135   0.06421262 -24.61711116  -2.36735499  -1.30278493
   0.05669706]","[ 9.20127128e-02  1.63891355e-02  9.59202569e+01 -6.82588305e+00
 -1.23427469e+00  2.69125862e-01]","[  2.37056833   0.15082612 -10.46420964  26.806124    -1.29525712
   0.14916131]","[ 5.54630537e-01  2.69646267e-02 -5.79098696e+01  3.41185821e+01
 -1.24681123e+00 -3.72731550e-01]","[ 3.43519013e-02  2.52164127e-02 -6.26414383e+01  4.15185250e+00
 -1.30344802e+00 -1.09338115e-01]","[ 8.27266971e-01  6.90061236e-02  2.29125553e+01 -1.69548002e+01
 -1.30975594e+00  1.21622266e-02]","[-6.84743768e-02  9.78284131e-03 -1.60538712e+02 -8.99278823e+00
 -1.23929668e+00  2.88647103e-01]",003,FP
308,0,0.8206534700082135,0,"[  1.54468461   0.17132188   9.2194599  -12.24115785  -1.29903444
  -0.11339371]","[ -0.21701448   0.06147828 -25.70754137  -3.57890866  -1.30090863
   0.07337225]","[ 1.03380792e-01  1.94718220e-02  8.07770207e+01 -6.35079235e+00
 -1.25940295e+00  2.54048141e-01]","[  2.28156772   0.1338195  -11.77427004  28.86379444  -1.28808948
   0.20529653]","[ 5.36397661e-01  3.27341086e-02 -4.81101454e+01  2.78061695e+01
 -1.30453478e+00 -2.13850626e-01]","[ 1.80599368e-02  2.67648985e-02 -5.90512768e+01  3.06646233e+00
 -1.30849321e+00 -6.96020970e-02]","[ 8.70555165e-01  6.88736299e-02  2.29563122e+01 -1.79847362e+01
 -1.30953862e+00 -1.79901961e-02]","[-7.41021958e-02  7.98643854e-03 -1.96418689e+02 -1.25550561e+01
 -1.22491185e+00  3.12947416e-01]",003,FP
309,0,0.8206534700082135,0,"[  1.64796303   0.15722784  10.03956786 -14.54483671  -1.29279187
  -0.14382923]","[ -0.25475051   0.05823351 -27.13449578  -4.91252656  -1.29812633
   0.08899254]","[ 1.16535344e-01  2.25397445e-02  6.99270696e+01 -6.14897513e+00
 -1.29199049e+00  1.95423363e-01]","[  2.20485081   0.11313634 -13.87201895  32.58573229  -1.26362888
   0.29592082]","[ 5.15132597e-01  3.63250168e-02 -4.34873681e+01  2.44017608e+01
 -1.32464113e+00 -1.00231243e-01]","[ 9.92393732e-04  2.76856872e-02 -5.71049082e+01  2.05667055e+00
 -1.31123269e+00 -3.19978892e-02]","[  0.91332764   0.06736262  23.46741891 -19.43344224  -1.30814298
  -0.04847099]","[-7.86796422e-02  6.42402761e-03 -2.43986441e+02 -1.71967659e+01
 -1.21350447e+00  3.29387706e-01]",003,FP
310,0,0.8206534700082135,0,"[  1.74189626   0.14139009  11.15541319 -17.43157247  -1.28432377
  -0.17439813]","[ -0.29035588   0.05462988 -28.91863043  -6.39669443  -1.29503169
   0.10217208]","[ 1.31252245e-01  2.48734601e-02  6.34971694e+01 -6.33414604e+00
 -1.32071979e+00  1.11444659e-01]","[  2.14280751   0.08849447 -17.56016846  39.62806079  -1.19647182
   0.44103241]","[ 4.92262004e-01  3.76584368e-02 -4.19830567e+01  2.26666636e+01
 -1.32872827e+00 -7.43553127e-03]","[-1.64460605e-02  2.79424019e-02 -5.65848707e+01  1.06940180e+00
 -1.31176528e+00  4.41019482e-03]","[  0.95473458   0.06453228  24.48863956 -21.38015099  -1.30524308
  -0.0801844 ]","[-8.23594510e-02  5.12368430e-03 -3.05824289e+02 -2.31875206e+01
 -1.20636521e+00  3.35140308e-01]",003,FP
311,0,0.8206534700082135,0,"[  1.82565206   0.12458808  12.64841295 -21.0916011   -1.27456667
  -0.20401203]","[ -0.32365277   0.0508324  -31.07337386  -8.05698366  -1.29242398
   0.11282552]","[ 1.46869478e-01  2.57945488e-02  6.12890048e+01 -7.00148416e+00
 -1.33869278e+00  6.86034233e-03]","[  2.09783764   0.06061989 -24.84621928  54.12333399  -1.00375582
   0.68730418]","[ 4.69206007e-01  3.68007092e-02 -4.29402089e+01  2.21478040e+01
 -1.32315997e+00  7.85255357e-02]","[-3.38411821e-02  2.75350406e-02 -5.74147452e+01  5.70171537e-02
 -1.31019886e+00  4.00044415e-02]","[  0.99398188   0.06048899  26.1118066  -23.95466256  -1.30049704
  -0.11378593]","[-8.53087062e-02  4.09265903e-03 -3.83142305e+02 -3.06853744e+01
 -1.20571425e+00  3.22750672e-01]",003,FP
312,0,0.8206534700082135,0,"[  1.89881037   0.10754965  14.63645863 -25.79185946  -1.26426772
  -0.23422565]","[ -0.35453601   0.0469558  -33.63230941  -9.92386488  -1.29079003
   0.12294935]","[ 1.62337476e-01  2.47625849e-02  6.37534349e+01 -8.34957168e+00
 -1.33733708e+00 -1.24987320e-01]","[ 2.07191772e+00  3.23940102e-02 -3.87467294e+01  8.22800352e+01
 -4.77605564e-01  1.00172537e+00]","[ 4.47314249e-01  3.39142287e-02 -4.65073816e+01  2.28034145e+01
 -1.30789180e+00  1.69459125e-01]","[-5.07899965e-02  2.65016312e-02 -5.96341693e+01 -1.02881925e+00
 -1.30674430e+00  7.51992133e-02]","[  1.03035909   0.05539166  28.49263069 -27.35764091  -1.29350232
  -0.15003843]","[-8.76999723e-02  3.33263261e-03 -4.71579811e+02 -3.93575363e+01
 -1.21486725e+00  2.76796595e-01]",003,FP
313,0,0.8206534700082135,0,"[  1.9612371    0.09067262  17.3330654  -31.99425085  -1.2526164
  -0.27209363]","[ -0.38292952   0.0430112  -36.70598574 -12.05580564  -1.28993072
   0.13685361]","[ 1.76334086e-01  2.14804255e-02  7.29738579e+01 -1.08677785e+01
 -1.29375269e+00 -3.05239167e-01]","[ 2.06617746e+00  2.11594846e-02  2.62354204e+01 -5.22070341e+01
 -1.21870872e+00  4.83052091e-01]","[ 4.27824816e-01  2.92200591e-02 -5.37453893e+01  2.49936113e+01
 -1.27583545e+00  2.81071153e-01]","[-6.69200742e-02  2.49096832e-02 -6.34113366e+01 -2.24349135e+00
 -1.30154354e+00  1.10918474e-01]","[  1.0632693    0.04944617  31.88329243 -31.90052607  -1.2835548
  -0.19004858]","[-8.97092437e-02  2.85145658e-03 -5.53093686e+02 -4.76176163e+01
 -1.23281850e+00  1.76522522e-01]",003,FP
314,0,0.81736117832852,0,"[  2.01281992   0.07382923  21.21664433 -40.70528431  -1.23316105
  -0.33512222]","[-4.08723247e-01  3.88878296e-02 -4.05739918e+01 -1.45835337e+01
 -1.28854211e+00  1.60952154e-01]","[ 1.87431359e-01  1.60242923e-02  9.52219853e+01 -1.58475861e+01
 -1.12601843e+00 -5.83407633e-01]","[ 2.08055492e+00  4.36805624e-02  3.27723825e+01 -6.61847418e+01
 -7.84564848e-01  8.66174986e-01]","[ 4.11842848e-01  2.29829594e-02 -6.75899340e+01  2.98364309e+01
 -1.20079621e+00  4.42708528e-01]","[-8.19027351e-02  2.28411528e-02 -6.90985368e+01 -3.65935915e+00
 -1.29441280e+00  1.48978410e-01]","[  1.09225237   0.04288927  36.69909219 -38.08467036  -1.26950868
  -0.23563256]","[-9.15177433e-02  2.66695942e-03 -5.92690211e+02 -5.22416706e+01
 -1.24382620e+00  1.80248577e-02]",003,FP
315,0,0.81736117832852,0,"[  2.05316392   0.05639609  27.51461461 -54.4920139   -1.17891986
  -0.460087  ]","[-4.31714229e-01  3.43820122e-02 -4.58317669e+01 -1.77862259e+01
 -1.28323725e+00  2.03460011e-01]","[ 1.94290343e-01  9.21744672e-03  1.40369450e+02 -2.52724287e+01
 -5.84655171e-01 -9.43040681e-01]","[  2.11356978   0.06998708  22.0112066  -44.52222109  -1.15920375
   0.52148647]","[ 4.00329074e-01  1.55733630e-02 -9.60534515e+01  4.04529892e+01
 -9.79374300e-01  7.15632380e-01]","[-9.54572939e-02  2.03767137e-02 -7.73610400e+01 -5.38467553e+00
 -1.28446874e+00  1.92640864e-01]","[ 1.11698916e+00  3.59585736e-02  4.36667173e+01 -4.67752497e+01
 -1.24929683e+00 -2.90755259e-01]","[-9.33133670e-02  2.79863137e-03 -5.63817063e+02 -5.06116685e+01
 -1.23063422e+00 -1.54830836e-01]",003,FP
316,0,0.802989855357319,0,"[ 2.08136757e+00  3.77136171e-02  3.96121221e+01 -8.04473862e+01
 -9.75044105e-01 -7.19420055e-01]","[-4.51573075e-01  2.92640012e-02 -5.36879336e+01 -2.22440253e+01
 -1.26640828e+00  2.75501612e-01]","[ 1.95852204e-01  6.21477991e-03 -7.52960604e+01  1.67468994e+01
 -1.30904204e+00 -4.50176867e-01]","[  2.16225309   0.09158112  17.12722992 -35.03340577  -1.28550422
   0.29858304]","[ 3.94087279e-01  8.05012419e-03 -1.39791325e+02  5.70899829e+01
 -4.93999218e-01  9.32143600e-01]","[-1.07347242e-01  1.75847142e-02 -8.94633739e+01 -7.60364646e+00
 -1.26919042e+00  2.47644717e-01]","[ 1.13728176e+00  2.88514885e-02  5.41953622e+01 -5.96353971e+01
 -1.21722092e+00 -3.65066769e-01]","[-9.52884234e-02  3.25171894e-03 -4.83275205e+02 -4.40505324e+01
 -1.20776263e+00 -2.78742651e-01]",003,FP
317,0,0.8407058884239282,0,"[ 2.09595797e+00  1.93902884e-02  5.44813570e+01 -1.12190635e+02
 -5.74029255e-01 -8.52055222e-01]","[-4.67842699e-01  2.33576737e-02 -6.67651622e+01 -2.92355937e+01
 -1.21884049e+00  3.97246650e-01]","[ 1.91493088e-01  1.32830214e-02 -1.06075912e+02  2.23128039e+01
 -7.00360221e-01 -9.18758141e-01]","[  2.22227307   0.1055702   14.95039975 -31.22387081  -1.332613
   0.13712516]","[ 3.93743347e-01  7.35318900e-03  1.21091533e+02 -4.56789856e+01
 -6.22400525e-01  8.29348665e-01]","[-1.17372592e-01  1.45190553e-02 -1.07946971e+02 -1.06700159e+01
 -1.24192706e+00  3.24263406e-01]","[ 1.15301586e+00  2.16959612e-02  7.14205947e+01 -8.03490780e+01
 -1.15421874e+00 -4.81110678e-01]","[-9.76323666e-02  4.00874065e-03 -3.90942606e+02 -3.61686518e+01
 -1.19989366e+00 -3.33422724e-01]",003,FP
318,0,0.8407058884239282,0,"[ 2.09501918e+00  2.13039369e-02 -4.62519941e+01  9.88988147e+01
 -4.47504228e-01 -9.56221336e-01]","[-4.79968942e-01  1.66308483e-02 -9.15968523e+01 -4.19636443e+01
 -1.07470085e+00  6.14679190e-01]","[ 1.81114719e-01  2.22381888e-02 -6.88339917e+01  1.44668491e+01
 -1.10276754e+00 -5.80921168e-01]","[ 2.28828347e+00  1.10436339e-01  1.43147193e+01 -3.07561355e+01
 -1.34412391e+00  3.65622246e-04]","[ 3.99712423e-01  1.58083595e-02  9.18410325e+01 -3.47100016e+01
 -7.95236013e-01  8.55620928e-01]","[-1.25363170e-01  1.12288314e-02 -1.38432802e+02 -1.53543749e+01
 -1.18429307e+00  4.42418872e-01]","[ 1.16411824e+00  1.45828771e-02  1.03437964e+02 -1.18414021e+02
 -9.89845865e-01 -6.89549343e-01]","[-1.00519593e-01  5.02901737e-03 -3.11545898e+02 -2.93164667e+01
 -1.21062686e+00 -3.36356507e-01]",003,FP
319,0,0.8407058884239282,0,"[ 2.07651040e+00  4.68057202e-02 -3.09996506e+01  6.63710967e+01
 -7.63892066e-01 -8.74439096e-01]","[-4.87361047e-01  9.47268384e-03 -1.41484089e+02 -6.69538338e+01
 -6.01303246e-01  9.56697622e-01]","[ 1.65153477e-01  3.04134754e-02 -5.13794617e+01  1.04854968e+01
 -1.24413480e+00 -3.65258344e-01]","[  2.35449095   0.10589765  14.90682946 -33.09799508  -1.33019489
  -0.13098239]","[ 4.12155978e-01  2.57026177e-02  5.97234814e+01 -2.26153899e+01
 -1.10014867e+00  5.67110981e-01]","[-1.31176656e-01  7.78523474e-03 -1.95068419e+02 -2.35884230e+01
 -1.03586841e+00  6.45048521e-01]","[ 1.17052783e+00  7.83926509e-03  1.66007603e+02 -1.92316519e+02
 -5.05745699e-01 -1.00476853e+00]","[-1.04093318e-01  6.24713898e-03 -2.51137475e+02 -2.41417331e+01
 -1.23179886e+00 -3.09418389e-01]",003,FP
320,0,0.8407058884239282,0,"[  2.03871324   0.07773324 -19.6716783   42.10491096  -1.06025963
  -0.60435308]","[-4.89470432e-01  5.54275762e-03  4.20471355e+01  2.25808296e+01
 -1.60346616e+00  3.12568457e-01]","[ 1.44510665e-01  3.68930464e-02 -4.26776146e+01  8.16737045e+00
 -1.29968592e+00 -2.20546180e-01]","[  2.41536893   0.09295782  16.90006675 -38.81989612  -1.28763955
  -0.27120734]","[ 4.30936885e-01  3.54082563e-02  4.40642407e+01 -1.69889066e+01
 -1.21531987e+00  3.93001088e-01]","[-1.34703928e-01  4.37894355e-03 -3.10276211e+02 -3.97954245e+01
 -5.90093495e-01  9.74646664e-01]","[ 1.17219894e+00  4.63863018e-03 -8.12144264e+01  9.71994645e+01
 -1.46636691e+00 -3.72591243e-01]","[-1.08448048e-01  7.57154254e-03 -2.07618659e+02 -2.05158382e+01
 -1.25583096e+00 -2.66808530e-01]",003,FP
321,2,1.023230839956818,1,"[  1.98070466   0.11007995 -14.13064229  29.98862908  -1.18566982
  -0.43540272]","[-4.85869853e-01  1.17565705e-02  1.17346037e+02  5.90149016e+01
 -6.09053080e-01  9.70701227e-01]","[  0.12042724   0.0411873  -38.34577275   6.61787568  -1.3212556
  -0.11231673]","[  2.46636935   0.0737777   21.06930703 -49.96469301  -1.20004363
  -0.43733026]","[  0.45558359   0.04419354  35.55034604 -14.19615434  -1.26943147
   0.27516899]","[-1.35881517e-01  2.25424097e-03  6.78486836e+00  2.92193820e+00
 -1.72173199e+00  2.53120907e-01]","[ 1.16914302e+00  9.70936870e-03 -1.44809288e+02  1.71302769e+02
 -6.91139563e-01 -9.23212654e-01]","[-1.13614045e-01  8.88793624e-03 -1.77219269e+02 -1.81345979e+01
 -1.27818692e+00 -2.16163436e-01]",003,FP
322,2,1.023230839956818,1,"[  1.90276439   0.14119963 -11.10451095  23.129268    -1.25106338
  -0.31518509]","[-4.76323753e-01  2.07336164e-02  7.32662762e+01  3.68984677e+01
 -1.03281551e+00  6.45671671e-01]","[ 9.43341767e-02  4.31100383e-02 -3.66727265e+01  5.45949146e+00
 -1.32645842e+00 -2.41082866e-02]","[ 2.50447365e+00  5.13426063e-02  2.95323480e+01 -7.19629875e+01
 -1.01917945e+00 -6.59607107e-01]","[  0.48527513   0.05144294  30.64849354 -12.8729517   -1.29866748
   0.18418578]","[-1.34707334e-01  4.35617913e-03  3.13613916e+02  4.42460947e+01
 -6.15619046e-01  9.60492943e-01]","[ 1.16149421e+00  1.64095282e-02 -9.31812719e+01  1.10229507e+02
 -1.08741500e+00 -5.92922980e-01]","[-1.19547043e-01  1.00695064e-02 -1.56686467e+02 -1.67314038e+01
 -1.29650655e+00 -1.61448813e-01]",003,FP
323,2,1.023230839956818,1,[ 1.80665449  0.16838217 -9.35272015 18.89713384 -1.28937102 -0.21834418],"[-4.60848015e-01  2.98551473e-02  5.20622521e+01  2.59927855e+01
 -1.18664444e+00  4.42445948e-01]","[  0.06770581   0.04271678 -37.00374799   4.50536861  -1.32232426
   0.05382771]","[ 2.52847878e+00  2.91255638e-02  4.78746521e+01 -1.19050042e+02
 -6.01575191e-01 -9.81043442e-01]","[  0.5188587    0.05662186  27.89731479 -12.47476441  -1.31476343
   0.10646694]","[-1.31254313e-01  7.60972461e-03  2.00120451e+02  2.82666723e+01
 -1.06361530e+00  6.21460180e-01]","[ 1.14957182e+00  2.27388760e-02 -6.86244257e+01  8.08887060e+01
 -1.22592846e+00 -3.88066467e-01]","[-1.26126192e-01  1.09931505e-02 -1.43697139e+02 -1.61239729e+01
 -1.30964226e+00 -1.04802618e-01]",003,FP
324,2,1.023230839956818,1,[ 1.69571058  0.18901486 -8.35250663 16.16343387 -1.31205711 -0.13316653],"[-4.39752227e-01  3.83633115e-02  4.08775441e+01  1.99759911e+01
 -1.25389281e+00  3.11844838e-01]","[  0.04193554   0.04023337 -39.24372247   3.64570685  -1.31098458
   0.12902818]","[ 2.53898560e+00  1.23470482e-02  4.91823669e+01 -1.22873321e+02
 -9.66765690e-01 -6.54445574e-01]","[  0.55490695   0.05932938  26.64627042 -12.78620055  -1.32194931
   0.03514411]","[-1.25677500e-01  1.07332354e-02  1.45182817e+02  2.02462136e+01
 -1.21326177e+00  4.07647912e-01]","[ 1.13391434e+00  2.81091290e-02 -5.59440782e+01  6.54357926e+01
 -1.28367145e+00 -2.53038977e-01]","[-1.33162342e-01  1.15581097e-02 -1.36769847e+02 -1.62125931e+01
 -1.31711188e+00 -4.74475484e-02]",003,FP
325,2,1.023230839956818,1,[ 1.57468207  0.20097096 -7.86518828 14.38517095 -1.32341038 -0.05370454],[-0.41365355  0.0456984  34.46469057 16.25644158 -1.28861076  0.21608829],"[ 1.82426841e-02  3.59962332e-02 -4.37656848e+01  2.79840356e+00
 -1.29104147e+00  2.08581932e-01]","[ 2.53813023e+00  1.40086040e-02 -9.22344994e+01  2.36103171e+02
 -7.41810332e-01 -8.15136447e-01]","[  0.59181417   0.05935939  26.63302958 -13.76180425  -1.32176145
  -0.03380008]","[-1.18211652e-01  1.34704346e-02  1.16627084e+02  1.57866802e+01
 -1.27136547e+00  2.75564182e-01]","[ 1.11526775e+00  3.21517119e-02 -4.90794150e+01  5.67366889e+01
 -1.30953465e+00 -1.52994521e-01]","[-1.40416102e-01  1.17013752e-02 -1.35118819e+02 -1.69728578e+01
 -1.31890759e+00  1.00235011e-02]",003,FP
326,2,1.023230839956818,1,[ 1.44929753  0.2030309  -7.78690646 13.28554433 -1.32476806  0.02295769],[-0.38345485  0.05139356 30.71573018 13.77809562 -1.3073531   0.13858957],"[-2.39114918e-03  3.04186329e-02 -5.15858597e+01  1.87665051e+00
 -1.25731975e+00  3.00554240e-01]","[ 2.52916202e+00  2.19714744e-02 -7.05827933e+01  1.80515320e+02
 -1.32105795e+00 -3.97585506e-01]","[  0.62792406   0.05674073  27.84048577 -15.48171085  -1.31438371
  -0.10336592]","[-1.09158755e-01  1.56959250e-02  1.00450931e+02  1.29650986e+01
 -1.29719218e+00  1.84092109e-01]","[ 1.09452866e+00  3.46642556e-02 -4.55907856e+01  5.19004217e+01
 -1.31941800e+00 -7.31616151e-02]","[-1.47622606e-01  1.14055756e-02 -1.38572768e+02 -1.84564732e+01
 -1.31525091e+00  6.76878194e-02]",003,FP
327,2,1.023230839956818,1,[ 1.32561115  0.19520287 -8.09324608 12.72849725 -1.31649112  0.09778176],[-0.3502853   0.05511792 28.67330926 12.04383878 -1.316144    0.07216168],"[-1.92634167e-02  2.39744146e-02 -6.49727731e+01  7.48402399e-01
 -1.19782572e+00  4.16894477e-01]","[ 2.51599531e+00  2.49729439e-02 -6.32155387e+01  1.61049999e+02
 -1.42839565e+00  3.96399841e-03]","[  0.66167476   0.05174405  30.47766374 -18.16630084  -1.29880569
  -0.17642682]","[-9.88680097e-02  1.73426091e-02  9.10695951e+01  1.10038696e+01
 -1.30888741e+00  1.15129745e-01]","[ 1.07265966e+00  3.56147941e-02 -4.43938138e+01  4.96194533e+01
 -1.32019102e+00 -6.54773244e-03]","[-1.54519183e-01  1.06986994e-02 -1.47592257e+02 -2.08058350e+01
 -1.30612599e+00  1.26232922e-01]",003,FP
328,0,0.8201936313985847,0,[ 1.20926833  0.17878154 -8.822531   12.6688073  -1.29919018  0.17078234],"[-3.15410063e-01  5.67286037e-02  2.78707591e+01  1.07907179e+01
 -1.31802344e+00  1.36354745e-02]","[-3.19775774e-02  1.71855042e-02 -8.92376937e+01 -8.53605256e-01
 -1.08180660e+00  5.80053234e-01]","[ 2.50283412e+00  2.18970102e-02 -7.08001579e+01  1.79201051e+02
 -1.31494467e+00  4.03304304e-01]","[  0.6917389    0.04485442  35.05800528 -22.25098597  -1.27258717
  -0.25637251]","[-8.77121458e-02  1.83895421e-02  8.59533769e+01  9.53915512e+00
 -1.31338958e+00  5.99314173e-02]","[ 1.05059856e+00  3.51220640e-02 -4.50077796e+01  4.92851086e+01
 -1.31543067e+00  5.08264705e-02]","[-1.60871739e-01  9.64744974e-03 -1.63422225e+02 -2.42900176e+01
 -1.29100956e+00  1.86704387e-01]",003,FP
329,0,0.8201936313985847,0,"[  1.1048637    0.15605166 -10.08310376  13.1404553   -1.27390079
   0.24242069]",[-0.28012478  0.05627999 28.09004783  9.86871841 -1.3151939  -0.03897887],"[-4.04576653e-02  1.06212057e-02 -1.38225655e+02 -3.59228729e+00
 -8.16707762e-01  8.34229223e-01]","[ 2.49391082e+00  1.39042174e-02 -9.26575732e+01  2.33079724e+02
 -7.37375331e-01  8.14431935e-01]","[ 7.17135069e-01  3.67128977e-02  4.26308317e+01 -2.85720644e+01
 -1.23090002e+00 -3.48277679e-01]","[-7.60633553e-02  1.88550355e-02  8.38549301e+01  8.37828734e+00
 -1.31374946e+00  1.38384241e-02]","[ 1.02917704e+00  3.34173196e-02 -4.72747734e+01  5.06541115e+01
 -1.30692988e+00  1.01336301e-01]","[-1.66495211e-01  8.34586418e-03 -1.88474724e+02 -2.93801390e+01
 -1.26893781e+00  2.50617777e-01]",003,FP
330,0,0.8201936313985847,0,"[  1.01553179   0.12972569 -12.08858819  14.27634562  -1.24086769
   0.3151274 ]",[-0.24565441  0.05398191 29.27131292  9.19062702 -1.30911636 -0.08784356],"[-4.49468755e-02  5.03895531e-03 -2.30658904e+02 -8.36739705e+00
 -3.09811177e-01  1.08990131e+00]","[ 2.49332695e+00  1.27622386e-02  5.01300209e+01 -1.22990532e+02
 -8.86523976e-01  7.07626155e-01]","[ 7.37292321e-01  2.80318517e-02  5.53812267e+01 -3.88321532e+01
 -1.16316054e+00 -4.61727505e-01]","[-6.42718472e-02  1.87891988e-02  8.41459287e+01  7.40821427e+00
 -1.31148880e+00 -2.57560632e-02]","[ 1.00905839e+00  3.08059761e-02 -5.12372367e+01  5.37013634e+01
 -1.29560333e+00  1.45657669e-01]","[-1.71264309e-01  6.89932488e-03 -2.27220824e+02 -3.69148174e+01
 -1.23806517e+00  3.21354186e-01]",003,FP
331,0,0.8201936313985847,0,"[  0.94284537   0.10234425 -15.24914147  16.37758248  -1.19727378
   0.39494409]",[-0.21307554  0.0501322  31.49189641  8.71015292 -1.30026276 -0.13561859],"[-4.59870576e-02  2.96263687e-03  2.42600280e+02  1.31564730e+01
 -1.14082549e+00  4.46353686e-01]","[ 2.50495538e+00  3.14296031e-02  4.41739993e+01 -1.08653897e+02
 -5.46661814e-01  1.01376982e+00]","[ 7.52055807e-01  1.94982938e-02  7.83334586e+01 -5.69111325e+01
 -1.04116456e+00 -6.17999256e-01]","[-5.26497535e-02  1.82646767e-02  8.65418537e+01  6.55640726e+00
 -1.30757964e+00 -6.05028589e-02]","[ 9.90698400e-01  2.76376154e-02 -5.70563369e+01  5.85256217e+01
 -1.28251858e+00  1.82334794e-01]","[-1.75112673e-01  5.40479278e-03 -2.88468606e+02 -4.85145087e+01
 -1.19273500e+00  4.08048405e-01]",003,FP
332,0,0.8201936313985847,0,"[  0.88702446   0.07584791 -20.41295775  20.10679291  -1.13274264
   0.49522369]",[-0.18327727  0.04505255 34.99655233  8.41407255 -1.28818167 -0.18574937],"[-4.43802149e-02  5.18317891e-03  2.88766969e+02  1.48155401e+01
 -1.13208840e+00  6.24337873e-01]","[ 2.53235759e+00  5.83206235e-02  2.57766291e+01 -6.32756425e+01
 -9.25984249e-01  7.30479062e-01]","[ 7.61634754e-01  1.17137411e-02  1.24613939e+02 -9.29103070e+01
 -7.73442809e-01 -8.63892751e-01]","[-4.14617386e-02  1.73649971e-02  9.09908079e+01  5.77263709e+00
 -1.30271521e+00 -9.19001312e-02]","[ 9.74329490e-01  2.42767963e-02 -6.49045413e+01  6.52384086e+01
 -1.26972845e+00  2.07726537e-01]","[-1.78021363e-01  3.93370404e-03 -3.91958772e+02 -6.77770349e+01
 -1.11214042e+00  5.34338731e-01]",003,FP
333,0,0.8201936313985847,0,"[  0.84737631   0.05140872 -29.59419595  27.07742056  -1.01180618
   0.64821232]","[-1.56962002e-01  3.90398952e-02  4.03032248e+01  8.32607484e+00
 -1.27109311e+00 -2.43718895e-01]","[-4.11352020e-02  6.72036391e-03  2.34199474e+02  1.16338426e+01
 -1.41569343e+00  1.67027855e-01]","[  2.57868439   0.0903976   17.02952973 -41.91378245  -1.08881187
   0.55366951]","[ 7.66513558e-01  5.39335560e-03  2.06872197e+02 -1.56570344e+02
 -3.16894246e-01 -1.07065278e+00]","[-3.09222373e-02  1.61720906e-02  9.76525816e+01  5.01963630e+00
 -1.29720478e+00 -1.21758570e-01]","[ 9.59968991e-01  2.10637487e-02 -7.47834436e+01  7.37897869e+01
 -1.26038457e+00  2.16902366e-01]","[-1.80001689e-01  2.53195960e-03 -5.89139606e+02 -1.04046124e+02
 -9.14589820e-01  7.55339529e-01]",003,FP
334,0,0.8201936313985847,0,"[ 8.22826915e-01  2.96498176e-02 -4.81063367e+01  4.15831887e+01
 -6.94255211e-01  9.20985018e-01]","[-1.34672897e-01  3.23346042e-02  4.84835043e+01  8.52941399e+00
 -1.24351403e+00 -3.19717514e-01]","[-3.74033358e-02  6.57367690e-03  2.38721976e+02  1.09289982e+01
 -1.40152628e+00 -2.32059209e-01]","[  2.64654624   0.12634905  12.31351939 -30.58829846  -1.17107784
   0.43773975]","[ 7.67356115e-01  3.68564609e-03 -2.34333643e+02  1.81817354e+02
 -8.57190621e-01 -6.36405555e-01]","[-2.11980794e-02  1.47573840e-02  1.06941903e+02  4.26696294e+00
 -1.29081213e+00 -1.52230544e-01]","[ 9.47452925e-01  1.82676628e-02 -8.62633212e+01  8.37304359e+01
 -1.25750275e+00  2.05976602e-01]","[-1.81080003e-01  1.28163915e-03 -9.53310516e+02 -1.70625471e+02
 -4.18146870e-01  1.02918696e+00]",003,FP
335,0,0.8132293047117625,0,"[ 8.12410422e-01  1.33687832e-02 -4.85199145e+01  4.14180842e+01
 -1.03956052e+00  5.93136785e-01]","[-1.16831550e-01  2.51154181e-02  6.19351665e+01  9.23598152e+00
 -1.18867260e+00 -4.34067426e-01]","[-3.44050416e-02  4.76486867e-03  3.03726276e+02  1.24497152e+01
 -1.00991090e+00 -7.14049693e-01]","[  2.73784375   0.16481541   9.49458953 -23.99470261  -1.21940645
   0.35342663]","[ 7.64925950e-01  6.97110964e-03 -2.13738015e+02  1.65493754e+02
 -1.01676427e+00 -7.00108985e-01]","[-1.24134245e-02  1.31808948e-02  1.19623774e+02  3.48494068e+00
 -1.28266609e+00 -1.85406056e-01]","[ 9.36488044e-01  1.60530172e-02 -9.82568850e+01  9.40163981e+01
 -1.26154119e+00  1.74809924e-01]","[-1.81290286e-01  8.63389318e-04  7.61035138e+02  1.39968278e+02
 -1.05990678e+00  5.64285995e-01]",003,FP
336,0,0.811572601519063,0,"[ 8.15624051e-01  1.97811045e-02  6.23604587e+01 -4.88626900e+01
 -4.08706729e-01  1.04073198e+00]","[-1.03774262e-01  1.75457026e-02  8.67357228e+01  1.10009356e+01
 -1.04928405e+00 -6.30562024e-01]","[-3.33456673e-02  3.00862116e-03  4.99664135e+01  3.66616340e+00
 -1.72247620e+00 -2.08363159e-01]","[  2.85355416   0.20414695   7.69315666 -19.95283915  -1.25132068
   0.28624347]","[ 7.60031085e-01  9.95191140e-03 -1.56901967e+02  1.21250372e+02
 -1.27326272e+00 -3.62587109e-01]","[-4.65301506e-03  1.14983965e-02  1.36958066e+02  2.63726794e+00
 -1.27140841e+00 -2.22592162e-01]","[ 9.26705097e-01  1.44842893e-02 -1.09022603e+02  1.03031802e+02
 -1.26906919e+00  1.26611089e-01]","[-1.80675586e-01  1.79930034e-03  8.01346753e+02  1.46783794e+02
 -7.99739945e-01  8.55270705e-01]",003,FP
337,0,0.8067766507462348,0,"[  0.83258906   0.03947839  37.7293875  -29.41307525  -0.89107153
   0.77032937]","[-9.57771990e-02  9.99369565e-03  1.37156443e+02  1.51364599e+01
 -6.19429059e-01 -9.59106740e-01]","[-3.53197975e-02  6.70176045e-03 -1.92161175e+02 -4.78709378e+00
 -3.80163133e-01 -1.09148070e+00]","[  2.99350122   0.24233419   6.49688748 -17.44844062  -1.27427721
   0.22820852]","[ 7.53488116e-01  1.18089262e-02 -1.33579200e+02  1.02650340e+02
 -1.33605157e+00 -1.55843147e-01]","[ 2.03831650e-03  9.77119373e-03  1.60904373e+02  1.67202596e+00
 -1.25577628e+00 -2.63643266e-01]","[ 9.17696057e-01  1.35756266e-02 -1.16427314e+02  1.08844887e+02
 -1.27452297e+00  6.36424284e-02]","[-1.79294284e-01  2.89450524e-03  5.31758076e+02  9.73411835e+01
 -1.13597949e+00  5.36386631e-01]",003,FP
338,0,0.8008532539627679,0,"[  0.86399874   0.06236726  24.65793826 -19.3044277   -1.0846158
   0.56188994]","[-9.30634309e-02  5.14964229e-03  6.90039322e+00  2.64217427e+00
 -1.72196154e+00 -2.54881580e-01]","[-4.12109779e-02  1.32396640e-02 -1.12362791e+02 -2.63058050e+00
 -8.85707848e-01 -7.76866458e-01]","[  3.15617131   0.27707137   5.69234719 -15.96602289  -1.29125125
   0.17493028]","[ 7.46086584e-01  1.24828772e-02 -1.26642209e+02  9.64860529e+01
 -1.34381267e+00 -8.12159881e-03]","[ 7.65895032e-03  8.07118437e-03  1.94403909e+02  5.11070121e-01
 -1.23540430e+00 -3.06678996e-01]","[ 9.09027078e-01  1.33568986e-02 -1.18367222e+02  1.09599010e+02
 -1.27322186e+00 -1.39331653e-02]","[-1.77223330e-01  3.88999723e-03  4.02177678e+02  7.32752673e+01
 -1.24352163e+00  3.50097011e-01]",003,FP
339,0,0.7678091960671111,0,"[  0.9108992    0.08759655  17.7562669  -14.17416924  -1.16814339
   0.44134516]","[-9.57926090e-02  1.01047332e-02 -1.33831188e+02 -1.08200386e+01
 -5.64694903e-01 -9.89458596e-01]","[-5.15978812e-02  2.06753095e-02 -7.44738984e+01 -1.84269536e+00
 -1.11197495e+00 -5.43910918e-01]","[  3.33863514   0.30598502   5.16080099 -15.23003155  -1.30327582
   0.1243722 ]","[ 7.38534267e-01  1.21070914e-02 -1.30452202e+02  9.83434215e+01
 -1.32537205e+00  1.09695724e-01]","[ 1.22541571e-02  6.47757418e-03  2.41700628e+02 -9.61837472e-01
 -1.21147844e+00 -3.47749662e-01]","[ 9.00229883e-01  1.39102289e-02 -1.13569349e+02  1.04238522e+02
 -1.26340078e+00 -1.01290193e-01]","[-1.74551190e-01  4.74117846e-03  3.31889467e+02  5.99317015e+01
 -1.27903065e+00  2.40223650e-01]",003,FP
340,0,0.7674996066876371,0,"[  0.97439006   0.11470841  13.63736514 -11.28811305  -1.21467474
   0.35946321]","[-1.04038898e-01  1.82185319e-02 -8.31508905e+01 -6.65092705e+00
 -1.01426238e+00 -6.64278590e-01]","[-6.66782656e-02  2.81682293e-02 -5.54157380e+01 -1.69502529e+00
 -1.21778083e+00 -3.86808555e-01]","[  3.53660886   0.32695832   4.8335638  -15.09442455  -1.31092759
   0.07570313]","[ 7.31380987e-01  1.09744910e-02 -1.43595905e+02  1.07023315e+02
 -1.29064511e+00  2.00213097e-01]","[ 1.59177031e-02  5.06818095e-03  3.08358590e+02 -2.90836047e+00
 -1.18771235e+00 -3.78948334e-01]","[ 8.90783075e-01  1.53566407e-02 -1.02683929e+02  9.34691065e+01
 -1.24783710e+00 -1.84305648e-01]","[-1.71359184e-01  5.46877868e-03  2.88359381e+02  5.14130282e+01
 -1.28580458e+00  1.80252546e-01]",003,FP
341,0,0.8409869292517775,0,[ 1.05531485  0.14295104 10.98126239 -9.58868926 -1.24477039  0.29655675],"[-1.17759434e-01  2.66021422e-02 -5.83493686e+01 -4.87118860e+00
 -1.17236851e+00 -4.59890067e-01]","[-8.62248875e-02  3.49759018e-02 -4.49316051e+01 -1.87422259e+00
 -1.27395430e+00 -2.68742791e-01]","[  3.7446716    0.338417     4.67176248 -15.49421629  -1.3147725
   0.02829631]","[ 7.24936768e-01  9.52047674e-03 -1.65297339e+02  1.21830119e+02
 -1.25276025e+00  2.42614938e-01]","[ 1.87896566e-02  3.91186286e-03  3.99462838e+02 -5.50576955e+00
 -1.17268410e+00 -3.83162199e-01]","[ 8.80099904e-01  1.78136463e-02 -8.83317918e+01  7.97408015e+01
 -1.23332049e+00 -2.47321937e-01]","[-1.67696505e-01  6.14672032e-03  2.56711090e+02  4.50495527e+01
 -1.27996698e+00  1.59619861e-01]",003,FP
342,0,0.956307118206159,0,[ 1.1539731   0.17124434  9.18868401 -8.60349413 -1.26650922  0.24352277],"[-1.36753570e-01  3.46729808e-02 -4.51754249e+01 -4.17790062e+00
 -1.23999114e+00 -3.33905785e-01]","[ -0.10958714   0.0404245  -39.01622536  -2.27567644  -1.30535879
  -0.17122542]","[  3.95662681   0.33948516   4.65723147 -16.42692689  -1.3151953
  -0.01872641]","[ 7.19205698e-01  8.28720403e-03 -1.90257268e+02  1.38834111e+02
 -1.23073931e+00  1.85763815e-01]","[ 2.10499273e-02  3.06628391e-03  5.11329335e+02 -8.76344531e+00
 -1.18016262e+00 -3.26818679e-01]","[ 8.67537276e-01  2.13539159e-02 -7.35737459e+01  6.58279671e+01
 -1.22614695e+00 -2.83169453e-01]","[-1.63556929e-01  6.88722503e-03  2.29053326e+02  3.94632585e+01
 -1.26903174e+00  1.69549371e-01]",003,FP
343,0,1.0125636435105556,0,[ 1.26987046  0.1981679   7.95413263 -8.10071809 -1.28362942  0.19489505],"[ -0.16061815   0.04200538 -37.4565772   -4.01620607  -1.27639682
  -0.24338218]","[ -0.13574249   0.04396485 -35.94034468  -2.87863196  -1.32171599
  -0.08440565]","[  4.16594388   0.33001599   4.78928011 -17.95187219  -1.31224447
  -0.06653856]","[ 7.13853553e-01  7.88275470e-03 -2.00449219e+02  1.45091387e+02
 -1.21338038e+00 -2.25373059e-02]","[ 2.29081585e-02  2.57923907e-03  6.11459496e+02 -1.20074110e+01
 -1.21042040e+00 -1.70193202e-01]","[ 8.52431446e-01  2.59725073e-02 -6.04589661e+01  5.35371239e+01
 -1.22843966e+00 -2.93470258e-01]","[-1.58864313e-01  7.81690100e-03  2.01647172e+02  3.40345394e+01
 -1.25691875e+00  1.97684202e-01]",003,FP
344,2,1.028812570565193,1,[ 1.4015195   0.22197857  7.11032767 -7.96526287 -1.29748095  0.14718564],"[ -0.18870918   0.04815364 -32.75733828  -4.18161061  -1.29871195
  -0.16917486]","[-1.63389867e-01  4.52321136e-02 -3.49538538e+01 -3.71110550e+00
 -1.32700288e+00 -2.21437764e-03]","[  4.36620207   0.31054892   5.0857043  -20.20521266  -1.3055827
  -0.11667227]","[ 7.08220990e-01  8.88989812e-03 -1.76578053e+02  1.27056284e+02
 -1.15160740e+00 -2.98844111e-01]","[ 2.45909437e-02  2.48265518e-03  6.36392523e+02 -1.36494927e+01
 -1.22307228e+00  6.30331443e-02]","[ 8.34155217e-01  3.15591264e-02 -4.97770968e+01  4.35218250e+01
 -1.23844756e+00 -2.83774713e-01]","[-1.53471256e-01  9.05048193e-03  1.73975149e+02  2.87001845e+01
 -1.24670537e+00  2.29414554e-01]",003,FP
345,2,1.028812570565193,1,[ 1.54631033  0.24074477  6.56240743 -8.14751841 -1.30812091  0.09846576],"[ -0.2201233    0.05266978 -29.99312347  -4.6021854   -1.31250368
  -0.1023807 ]","[ -0.19106879   0.04408117 -35.84732625  -4.8493052   -1.32258197
   0.08050167]","[  4.55148438   0.28221441   5.58910399 -23.43871949  -1.29431348
  -0.17137298]","[ 7.01385269e-01  1.16783984e-02 -1.33080875e+02  9.53409650e+01
 -1.09339524e+00 -4.65640227e-01]","[ 2.63273689e-02  2.77181828e-03  5.67483465e+02 -1.29403465e+01
 -1.20238555e+00  2.55271970e-01]","[ 8.12187498e-01  3.78811684e-02 -4.15119590e+01  3.57154941e+01
 -1.25277238e+00 -2.60115216e-01]","[-1.47171386e-01  1.06691986e-02  1.47445167e+02  2.36997096e+01
 -1.24125097e+00  2.52848524e-01]",003,FP
346,2,1.028812570565193,1,[ 1.70048854  0.25260435  6.25803696 -8.64172012 -1.31516556  0.04775926],"[ -0.25371319   0.05517066 -28.65451003  -5.27002717  -1.31965358
  -0.03852095]","[ -0.21728349   0.04057864 -38.86799354  -6.44537347  -1.30741818
   0.17066723]","[  4.71668373   0.24657555   6.3833656  -28.10831668  -1.27642875
  -0.23448389]","[ 6.92264864e-01  1.63398252e-02 -9.47986167e+01  6.76257515e+01
 -1.09478959e+00 -5.01535352e-01]","[ 2.83342407e-02  3.40070504e-03  4.60630201e+02 -1.10516070e+01
 -1.19016459e+00  3.42452506e-01]","[  0.78618617   0.04458742 -35.31325037  29.76278908  -1.268265
  -0.22754516]","[-1.39722612e-01  1.27067869e-02  1.23751151e+02  1.92908340e+01
 -1.24200851e+00  2.62208206e-01]",003,FP
347,2,1.028812570565193,1,"[ 1.85927627e+00  2.56052745e-01  6.17485501e+00 -9.48076137e+00
 -1.31818732e+00 -5.78427898e-03]","[-2.88144654e-01  5.54090061e-02 -2.85331818e+01 -6.22168379e+00
 -1.32070090e+00  2.51423422e-02]","[-2.40611344e-01  3.49561754e-02 -4.49274360e+01 -8.81005074e+00
 -1.27508265e+00  2.80753505e-01]","[  4.8576847    0.2054145    7.63436457 -35.08533594  -1.24709054
  -0.31348226]","[ 6.79755427e-01  2.27466229e-02 -6.82622148e+01  4.84016109e+01
 -1.13433885e+00 -4.68124173e-01]","[ 3.08029361e-02  4.30524344e-03  3.63571222e+02 -9.19906112e+00
 -1.20024699e+00  3.53541016e-01]","[  0.75605307   0.05123487 -30.77068571  25.26427131  -1.28278209
  -0.18969   ]","[-1.30877376e-01  1.51427865e-02  1.03862488e+02  1.55932499e+01
 -1.24837378e+00  2.57268389e-01]",003,FP
348,2,1.028812570565193,1,"[  2.01712774   0.25014217   6.31865328 -10.74553081  -1.31666287
  -0.06379416]","[ -0.32198837   0.05331872 -29.63316274  -7.54153391  -1.31546245
   0.09113014]","[-2.59783359e-01  2.75617511e-02 -5.63972134e+01 -1.26510575e+01
 -1.20230164e+00  4.36382893e-01]","[  4.97140503   0.16052405   9.69835136 -46.21443277  -1.19283871
  -0.42426909]","[ 6.62879197e-01  3.05585285e-02 -5.10340371e+01  3.58294015e+01
 -1.18271542e+00 -4.07634285e-01]","[ 3.38899059e-02  5.41926346e-03  2.89205847e+02 -7.80115894e+00
 -1.22052472e+00  3.29154327e-01]","[  0.72197793   0.05733284 -27.52855717  21.87501066  -1.29509558
  -0.14886684]","[-1.20415439e-01  1.79029780e-02  8.79060292e+01  1.25852431e+01
 -1.25834444e+00  2.40817756e-01]",003,FP
349,2,0.9078315986452652,1,"[  2.16805047   0.23451864   6.73246969 -12.59633408  -1.30944222
  -0.12990124]","[ -0.35382624   0.04901911 -32.18376108  -9.38745906  -1.30281693
   0.16310903]","[-2.73738638e-01  1.88836976e-02 -7.96456411e+01 -1.98020893e+01
 -1.00090219e+00  6.92405381e-01]","[  5.0557236    0.11365927  13.44671577 -65.98287832  -1.06936191
  -0.60282515]","[ 6.40923985e-01  3.92354994e-02 -3.99165570e+01  2.75834788e+01
 -1.22574362e+00 -3.39653534e-01]","[ 3.77120858e-02  6.67884977e-03  2.35096635e+02 -6.86598448e+00
 -1.24105952e+00  2.92624764e-01]","[  0.68445132   0.06239691 -25.3164494   19.32787725  -1.304559
  -0.1064738 ]","[-1.08174173e-01  2.08677980e-02  7.54835909e+01  1.01653750e+01
 -1.26959962e+00  2.16524394e-01]",003,FP
350,2,0.9078315986452652,1,"[  2.30590991   0.2093204    7.52518336 -15.3523949   -1.29299966
  -0.21181258]","[ -0.38234707   0.04277786 -36.77130108 -12.05939933  -1.27933451
   0.24800012]","[-2.81666367e-01  1.00045452e-02 -1.22124647e+02 -3.23984055e+01
 -4.72900409e-01  9.87681968e-01]","[ 5.10935866e+00  6.72007808e-02  2.11207847e+01 -1.05913664e+02
 -7.11673994e-01 -9.11166483e-01]","[  0.61354684   0.04810655 -32.66700736  22.04273918  -1.25905551
  -0.27263691]","[ 4.23471588e-02  8.02509227e-03  1.95992360e+02 -6.29971959e+00
 -1.25803004e+00  2.54499652e-01]","[  0.64424203   0.06600708 -23.94590621  17.42695913  -1.31083745
  -0.06339711]","[-9.40718601e-02  2.38879070e-02  6.60019563e+01  8.20892680e+00
 -1.28031351e+00  1.87765701e-01]",003,FP
351,2,0.9078315986452652,1,"[  2.42468043   0.17506581   8.94953717 -19.69976761  -1.25604496
  -0.32548898]","[-4.06413204e-01  3.49522633e-02 -4.47355779e+01 -1.61811295e+01
 -1.23447063e+00  3.60297726e-01]","[-2.83049696e-01  7.25759397e-03  9.33237269e+01  2.84152525e+01
 -9.97406331e-01  6.03923499e-01]","[ 5.13176482e+00  3.13315656e-02  1.68201880e+01 -8.43172490e+01
 -1.24480095e+00 -4.81179701e-01]","[  0.58082152   0.05647797 -27.8942858   18.20160154  -1.28251934
  -0.21023103]","[ 4.78377512e-02  9.40754503e-03  1.67419736e+02 -6.00898366e+00
 -1.27068918e+00  2.19200736e-01]","[ 6.02338904e-01  6.78639101e-02 -2.32974890e+01  1.60329840e+01
 -1.31376455e+00 -2.03337597e-02]","[-7.81211202e-02  2.68033115e-02  5.88729966e+01  6.59922444e+00
 -1.28945767e+00  1.57115116e-01]",003,FP
352,2,0.9078315986452652,1,"[  2.51865941   0.13273921  11.63303556 -27.29965444  -1.16012984
  -0.50545626]","[-4.25094246e-01  2.59518025e-02 -5.93619144e+01 -2.32344082e+01
 -1.13267514e+00  5.32181032e-01]","[-2.77711869e-01  1.53633660e-02  9.35935664e+01  2.79920443e+01
 -7.81067892e-01  8.67828299e-01]","[ 5.12307693e+00  4.83045314e-02 -2.62621310e+01  1.36542917e+02
 -4.84199789e-01 -1.00316081e+00]","[  0.54321832   0.06374886 -24.75432631  15.44700347  -1.29746651
  -0.154099  ]","[ 5.41987251e-02  1.07885802e-02  1.46136748e+02 -5.92042545e+00
 -1.27932793e+00  1.88707157e-01]","[ 5.59861927e-01  6.78337611e-02 -2.33077372e+01  1.50491146e+01
 -1.31331221e+00  2.19650910e-02]","[-6.04311986e-02  2.94615955e-02  5.35986839e+01  5.23903271e+00
 -1.29665053e+00  1.26264529e-01]",003,FP
353,2,0.9078315986452652,1,"[  2.58269223   0.08461201  17.22118256 -42.47701441  -0.85452331
  -0.81754522]","[-4.37678046e-01  1.63250029e-02 -8.93369689e+01 -3.71008300e+01
 -8.37388482e-01  8.27474116e-01]","[-2.65847620e-01  2.49073080e-02  6.17185997e+01  1.84077429e+01
 -1.12704563e+00  5.47686634e-01]","[  5.08407656   0.09046896 -16.65244851  86.66232315  -0.99526669
  -0.6907292 ]","[  0.50152235   0.06950132 -22.72907277  13.39913789  -1.3056724
  -0.10508505]","[ 6.14267865e-02  1.21476033e-02  1.29879666e+02 -5.97809050e+00
 -1.28461239e+00  1.64014069e-01]","[  0.5179522    0.06597432 -23.95809882  14.40914996  -1.30963718
   0.06249932]","[-4.11997543e-02  3.17321522e-02  4.97902792e+01  4.05134727e+00
 -1.30187782e+00  9.62149336e-02]",003,FP
354,2,0.9078315986452652,1,"[ 2.61245622e+00  4.12574415e-02  1.85752295e+01 -4.65269740e+01
 -8.97390208e-01 -6.44946936e-01]","[-4.43671402e-01  7.80834992e-03 -1.09264243e+02 -4.64774199e+01
 -7.29269695e-01  7.52103961e-01]","[-2.48016192e-01  3.36035265e-02  4.65429896e+01  1.35434151e+01
 -1.24451221e+00  3.53796225e-01]","[  5.01613203   0.13338789 -11.63404075  60.35788444  -1.17656486
  -0.46053446]","[  0.45671495   0.07353984 -21.4931863   11.81625957  -1.30907599
  -0.06347398]","[ 6.95105993e-02  1.34818261e-02  1.17081274e+02 -6.13838954e+00
 -1.28753952e+00  1.45283442e-01]","[  0.47765607   0.06253221 -25.26464153  14.06780936  -1.303193
   0.09987521]","[-2.06970032e-02  3.35151860e-02  4.71592276e+01  2.97605468e+00
 -1.30532136e+00  6.75006362e-02]",003,FP
355,2,0.9078315986452652,1,"[  2.60480499   0.05661505 -20.78048517  56.12911155  -0.41284312
  -1.01484721]","[-4.42797675e-01  9.57567020e-03  1.19090059e+02  5.47328011e+01
 -4.34495817e-01  9.84779600e-01]",[-0.22508125  0.04077741 38.60309087 10.68883191 -1.28975162  0.2289556 ],[ 4.92107549  0.17382843 -9.0132483  46.35487529 -1.2416339  -0.32958765],"[  0.40984953   0.07587185 -20.83801471  10.54045047  -1.30952678
  -0.028882  ]","[ 7.84385688e-02  1.48004954e-02  1.06682559e+02 -6.36802722e+00
 -1.28931189e+00  1.31554457e-01]","[  0.43982211   0.05790823 -27.26569159  13.99205411  -1.29486758
   0.1322732 ]","[ 7.54278816e-04  3.47456749e-02  4.54998424e+01  1.96568043e+00
 -1.30725350e+00  4.03321617e-02]",003,FP
356,2,0.6401915992596146,1,"[  2.5581086    0.11216942 -13.27357032  35.95523431  -0.92460098
  -0.75440871]","[-4.34993336e-01  1.90861619e-02  7.79168226e+01  3.58932986e+01
 -9.21429708e-01  7.57892818e-01]",[-0.19810532  0.04615221 34.20109334  8.77541869 -1.30712704  0.14212217],[ 4.80102563  0.21102163 -7.45480262 37.79069848 -1.26934421 -0.24850061],"[ 3.61947096e-01  7.66452337e-02 -2.06291887e+01  9.46667493e+00
 -1.30844139e+00 -2.91685133e-04]","[ 8.82020544e-02  1.61135867e-02  9.80102347e+01 -6.64470405e+00
 -1.29092037e+00  1.20885926e-01]","[  0.40502865   0.05259428 -30.00310431  14.15211675  -1.28600195
   0.15756822]","[ 2.28004132e-02  3.53934840e-02  4.46721307e+01  9.81456964e-01
 -1.30792781e+00  1.47243943e-02]",003,FP
357,2,0.6194832554858916,1,[ 2.4725068   0.17118932 -9.03205669 24.33182155 -1.15328035 -0.49889408],"[-4.20404141e-01  2.92394136e-02  5.28685246e+01  2.42261467e+01
 -1.14948703e+00  5.01911980e-01]",[-0.16823149  0.04970292 31.79500298  7.34892081 -1.31275477  0.07859198],[ 4.65823393  0.24480638 -6.4389635  31.99419824 -1.28319024 -0.19408676],"[  0.31392587   0.0760764  -20.7825487    8.52417973  -1.30663948
   0.02359156]","[ 9.87933033e-02  1.74203864e-02  9.06743149e+01 -6.95801509e+00
 -1.29283052e+00  1.11136350e-01]","[  0.37355235   0.04709626 -33.49181454  14.5109459   -1.27817804
   0.1735315 ]","[ 4.50781491e-02  3.54608470e-02  4.45877595e+01 -9.93367507e-03
 -1.30754555e+00 -9.37605132e-03]",003,FP
358,2,0.6033379409812445,1,[ 2.35002555  0.22664855 -6.90606446 18.22942792 -1.24119036 -0.34399147],"[-3.99379425e-01  3.89143313e-02  4.02031904e+01  1.80563271e+01
 -1.23321634e+00  3.53141526e-01]","[-1.36593387e-01  5.15362024e-02  3.06775330e+01  6.19034813e+00
 -1.31406347e+00  2.87337362e-02]",[ 4.49507256  0.27501248 -5.7383914  27.79448571 -1.2921407  -0.15335247],"[  0.26656657   0.07439844 -21.24897164   7.66426555  -1.30447954
   0.04390558]","[ 1.10198609e-01  1.87032021e-02  8.44699924e+01 -7.30847564e+00
 -1.29509571e+00  1.00701576e-01]","[  0.34537997   0.04186268 -37.67442111  15.01199046  -1.27287431
   0.1781091 ]","[ 6.72331689e-02  3.49772194e-02  4.52008938e+01 -1.03899933e+00
 -1.30632208e+00 -3.20917012e-02]",003,FP
359,0,0.8161997716922956,0,[ 2.01740323  0.63072573 -2.20087373  6.44004977 -0.13839469 -1.21190449],[-0.33833719  0.11683334 11.74245618  5.97290965 -0.08757004  1.25042121],[-0.08605947  0.08541218 17.46088583  3.5026746  -0.55205761  0.84799667],[ 4.14954634  0.62347145 -2.28202284 11.46935952 -0.25201164 -1.11542512],"[  0.19217355   0.1243718  -11.91966796   4.29064495  -0.4994935
  -0.88550784]",[ 0.13395277  0.04260798 33.26929069 -2.45651356 -0.22942138  1.13061651],"[  0.30709104   0.0609516  -24.67036555   9.5760481   -0.59823321
  -0.76850721]",[ 0.10198681  0.0581608  25.53138199 -0.60386427 -0.51292342  0.87497728],003,FP
360,0,0.8161997716922956,0,[ 1.66522971  0.76382917 -1.95236041  5.25112857 -1.74440917 -0.35101846],[-0.27214089  0.14453167 10.29067077  4.80051232 -1.73489527  0.3720096 ],[-0.03985168  0.09102331 16.66744892  2.6642259  -1.71603328  0.21552664],[ 3.80085963  0.73169145 -2.04970892  9.7906559  -1.74007106 -0.32373554],"[  0.12209553   0.13722036 -11.06558022   3.35105788  -1.71121282
  -0.25801222]",[ 0.15833668  0.05093659 29.43648082 -2.66087471 -1.72604472  0.34343349],"[  0.27242385   0.06533238 -23.34217461   8.35896504  -1.69327663
  -0.23365882]",[ 0.13445646  0.06361071 23.86955254 -1.20941558 -1.71354967  0.24768934],003,FP
361,0,0.8161997716922956,0,[ 1.30730881  0.76187992 -1.95520602  4.55605805 -1.74403784  0.35659488],[-0.20293715  0.14757295 10.16561595  4.06298116 -1.7390293  -0.32421228],"[ 4.51332247e-04  8.12143718e-02  1.77589895e+01  1.99198480e+00
 -1.69409584e+00 -4.60764134e-01]",[ 3.45966113  0.71400462 -2.07901452  9.19268573 -1.73866757  0.37605238],"[  0.05696095   0.12940761 -11.48716318   2.65431968  -1.70781344
   0.39574092]",[ 0.18297022  0.05113116 29.36706143 -3.37329765 -1.72863407 -0.33251779],"[  0.2410432    0.0609802  -24.4374505    7.89048126  -1.6975744
   0.39507613]",[ 0.16415844  0.05917457 24.96397638 -2.09804733 -1.70761008 -0.41408652],003,FP
362,0,0.8161997716922956,0,[ 0.95778888  0.62531161 -2.20940957  4.11614792 -0.1183637   1.22786874],[-0.13313235  0.12502149 11.34660704  3.51060045 -0.24100745 -1.12882467],[ 0.0334956   0.05858891 20.18041655  1.32404489  0.21667539 -1.47623439],[ 3.13723492  0.57309701 -2.37072275  9.4375142  -0.05389614  1.27846744],"[-2.64311188e-03  1.02091324e-01 -1.33670883e+01  1.96466929e+00
 -6.41143305e-02  1.26659984e+00]",[ 0.20738409  0.04302036 33.03391168 -4.85070773 -0.24691949 -1.12064743],"[  0.2127958    0.04800321 -28.57212503   8.08002825  -0.08537147
   1.25128639]","[ 1.90630080e-01  4.55966555e-02  2.91213159e+01 -3.55139878e+00
  2.51557646e-02 -1.33677016e+00]",003,FP
363,0,0.8161997716922956,0,[ 0.63052924  0.21637982 -7.21991081  6.55236487 -1.2286223   0.37331327],[-0.06534411  0.05232285 30.04599678  3.96332884 -1.2830133  -0.25898036],"[ 5.81912810e-02  5.69050187e-03  1.32461829e+01  1.22918765e+00
 -1.70751517e+00 -2.59568173e-01]",[ 2.84504688  0.17302343 -8.9465612  27.45338601 -1.16701976  0.48489602],"[-5.61396222e-02  3.33189144e-02 -4.70945785e+01 -6.43871844e-01
 -1.25209732e+00  3.02142279e-01]","[ 2.31021757e-01  1.85840527e-02  8.48217796e+01 -1.75956766e+01
 -1.29615260e+00 -1.90758605e-01]","[ 1.87758327e-01  1.59000324e-02 -9.83756392e+01  2.04708454e+01
 -1.24834241e+00  3.50990781e-01]","[ 2.13433047e-01  1.16331907e-02  1.32451714e+02 -2.62695729e+01
 -1.12968206e+00 -5.32139293e-01]",003,FP
364,0,0.8161997716922956,0,[ 0.51559363  0.15884271 -9.67536119  6.98855458 -1.11653311  0.55348399],"[-3.64332399e-02  4.19207026e-02  3.71594051e+01  3.35383752e+00
 -1.22043519e+00 -4.08732542e-01]","[ 5.55423678e-02  1.05000888e-02 -1.29426885e+02  9.18867562e+00
 -6.18070764e-01 -9.55085736e-01]","[  2.75877262   0.11408593 -13.04327513  37.98343026  -0.93245828
   0.75107134]","[-7.46025448e-02  2.61892559e-02 -5.94744798e+01 -2.43694755e+00
 -1.20195456e+00  4.16020212e-01]","[ 2.41685910e-01  1.58322114e-02  9.91552845e+01 -2.19644352e+01
 -1.26877759e+00 -2.89844708e-01]","[ 1.79413147e-01  1.16955645e-02 -1.30998865e+02  2.55029186e+01
 -1.12128357e+00  5.67568701e-01]","[ 2.19107186e-01  7.34375639e-03  1.99365155e+02 -4.16823381e+01
 -8.50474949e-01 -8.16909609e-01]",003,FP
365,0,0.8151144100242371,0,"[  0.43928481   0.09806919 -14.74539501   8.47742798  -0.7948344
   0.85764871]","[-1.49766596e-02  2.93911545e-02  5.14917870e+01  2.77117496e+00
 -1.03964649e+00 -6.55374058e-01]","[ 4.73042661e-02  1.82872735e-02 -8.33533464e+01  5.94296888e+00
 -1.07549593e+00 -6.11919894e-01]","[  2.71228418   0.05754361 -19.74846345  55.56344491  -0.43904471
   0.98027185]","[-8.82452389e-02  1.85029606e-02 -8.23765113e+01 -5.26933492e+00
 -1.06616617e+00  6.16288433e-01]","[ 2.50352955e-01  1.24045896e-02  1.25236657e+02 -2.93533672e+01
 -1.19806675e+00 -4.43187490e-01]","[ 1.74123378e-01  6.92844355e-03 -1.98463221e+02  3.65570865e+01
 -6.76343952e-01  9.21676550e-01]","[ 2.21868210e-01  3.52420572e-03  2.60437627e+02 -5.57828301e+01
 -6.33669483e-01 -8.13820472e-01]",003,FP
366,0,0.8576828525563659,0,"[  0.40391005   0.04606497 -16.90373283   8.82758764  -0.82100601
   0.70340576]","[-2.25182877e-03  1.61372669e-02  7.97583848e+01  2.17960223e+00
 -5.17524977e-01 -9.89510354e-01]","[ 3.39944385e-02  2.55929533e-02 -6.09438543e+01  4.07175210e+00
 -1.22282652e+00 -3.94188548e-01]","[ 2.70696751e+00  4.68025002e-02  1.82660718e+01 -4.74456629e+01
 -7.39587298e-01  7.42125104e-01]","[-9.66248880e-02  1.06085544e-02 -1.28748260e+02 -1.04402862e+01
 -6.28146844e-01  9.50391411e-01]","[ 2.56604537e-01  8.43778393e-03  1.77791910e+02 -4.36222108e+01
 -9.88749881e-01 -7.04784894e-01]","[ 1.72381848e-01  3.81494801e-03  5.26223723e+00  1.09288582e+00
 -1.71702578e+00  2.51749217e-01]","[ 2.21619047e-01  4.03043744e-03 -2.73314728e+02  6.25717494e+01
 -4.47131931e-01 -9.64548445e-01]",003,FP
367,0,0.9192254566478149,0,[ 0.40986357  0.05801358 20.37468977 -6.35084306 -0.46824031  0.97308431],"[ 9.20757149e-04  1.00287886e-02 -4.39465387e+01  2.04046409e+00
 -1.38309894e+00 -4.05871381e-01]","[ 1.63092040e-02  3.18089166e-02 -4.94223756e+01  2.80603961e+00
 -1.27869441e+00 -2.60468619e-01]","[  2.74208859   0.09629194  15.18842837 -39.64801616  -0.86629273
   0.80874514]","[-9.93022375e-02  5.76007636e-03  9.99639802e+00  2.99266469e+00
 -1.71273778e+00  2.61251170e-01]","[ 2.60088372e-01  4.41477372e-03  2.68712490e+02 -6.78889941e+01
 -4.68197867e-01 -9.74879887e-01]","[ 1.74553149e-01  7.71668753e-03  1.75281408e+02 -2.85959216e+01
 -5.64089533e-01  9.91111329e-01]","[ 2.18337580e-01  8.14390955e-03 -1.81993408e+02  4.17360001e+01
 -9.02790101e-01 -7.73402243e-01]",003,FP
368,0,0.994962544250653,0,[ 0.45564773  0.11108925 13.49905933 -4.15081576 -0.98632932  0.70685302],"[-5.70711991e-03  2.07920301e-02 -6.81122287e+01  1.61127534e+00
 -7.33779575e-01 -8.97316791e-01]","[-4.90833370e-03  3.66417141e-02 -4.30514575e+01  1.78868908e+00
 -1.30401807e+00 -1.65868426e-01]","[  2.81477476   0.14988202  10.30860173 -27.01639192  -1.16654292
   0.49888253]","[-9.58680369e-02  1.19140645e-02  1.13899379e+02  1.29193099e+01
 -5.52108492e-01  1.00038838e+00]","[ 2.60551789e-01  3.48518171e-03 -2.21151086e+02  5.96213111e+01
 -8.31398101e-01 -6.98487427e-01]","[ 1.80813500e-01  1.38353774e-02  1.09549539e+02 -1.78080355e+01
 -1.02529337e+00  6.57512439e-01]","[ 2.12079181e-01  1.26020893e-02 -1.22531917e+02  2.79864687e+01
 -1.14064540e+00 -5.13220696e-01]",003,FP
369,0,0.99533356540889,0,[ 0.53810628  0.16369851  9.48785438 -3.10547402 -1.19491683  0.44641646],"[-2.17734065e-02  3.43425642e-02 -4.46800259e+01  1.02716363e+00
 -1.11976833e+00 -5.60913191e-01]","[-2.86943351e-02  3.98880341e-02 -3.96114099e+01  8.63376930e-01
 -1.31618328e+00 -9.01325809e-02]","[  2.92016566   0.19609667   7.99491903 -21.34648803  -1.26643316
   0.31240325]","[-8.59772499e-02  2.17057092e-02  6.96374363e+01  7.98723527e+00
 -9.90379255e-01  6.83105901e-01]","[ 2.57865204e-01  7.45358158e-03 -1.93771133e+02  5.19668327e+01
 -7.85432437e-01 -8.63692507e-01]","[ 1.91124958e-01  2.00014210e-02  7.77054029e+01 -1.28514419e+01
 -1.18916929e+00  4.42199044e-01]","[ 2.02972497e-01  1.69040447e-02 -9.24906464e+01  2.07730575e+01
 -1.22656396e+00 -3.63820970e-01]",003,FP
370,0,0.99533356540889,0,[ 0.65284676  0.20970305  7.48383851 -2.88579975 -1.26429767  0.29623574],"[ -0.04635569   0.04657859 -33.57157447   0.44376643  -1.24535887
  -0.35594835]","[-5.39894097e-02  4.14067840e-02 -3.81823481e+01 -6.14424372e-02
 -1.32112257e+00 -2.27062826e-02]","[  3.05173429   0.23132489   6.81461179 -18.7963845   -1.30573573
   0.18719715]","[-6.93900650e-02  3.22327735e-02  4.80531203e+01  5.33440914e+00
 -1.14975363e+00  4.86307703e-01]","[ 2.52031115e-01  1.21504945e-02 -1.26369891e+02  3.38491444e+01
 -1.10667155e+00 -5.62805957e-01]","[ 2.05249633e-01  2.57044798e-02  6.10149497e+01 -1.05232961e+01
 -1.25388156e+00  3.10132891e-01]","[ 1.91209757e-01  2.08891124e-02 -7.52387852e+01  1.63863898e+01
 -1.26446322e+00 -2.69157729e-01]",003,FP
371,0,0.99533356540889,0,[ 0.79475115  0.24762004  6.36383926 -3.05766854 -1.29117116  0.2013382 ],"[ -0.07809463   0.05650293 -27.86204082  -0.17587567  -1.29211394
  -0.22602481]","[ -0.07967503   0.04112768 -38.43723468  -1.06248766  -1.32037587
   0.04304097]","[  3.20175931   0.25372796   6.22689507 -17.93701925  -1.321368
   0.09175502]",[-0.04601469  0.04290841 36.43602841  3.67659259 -1.21887771  0.36644127],"[ 2.43178555e-01  1.66919314e-02 -9.35134113e+01  2.47404562e+01
 -1.21856434e+00 -3.86771586e-01]","[ 2.22799022e-01  3.07059953e-02  5.12825930e+01 -9.42571156e+00
 -1.28233413e+00  2.22300381e-01]","[ 1.77032921e-01  2.44695964e-02 -6.43974495e+01  1.34004686e+01
 -1.28334737e+00 -2.03622377e-01]",003,FP
372,0,0.99533356540889,0,[ 0.95844008  0.27721118  5.69504677 -3.45836108 -1.30259749  0.13588767],"[ -0.11535766   0.06372266 -24.7744842   -0.85792654  -1.31030127
  -0.13500562]","[-1.04627828e-01  3.90758822e-02 -4.04201991e+01 -2.22907766e+00
 -1.31309030e+00  1.11763640e-01]","[ 3.36190479e+00  2.62657075e-01  6.01939012e+00 -1.82366165e+01
 -1.32479397e+00  1.15363945e-02]","[-1.59409234e-02  5.33456966e-02  2.94424751e+01  2.46934024e+00
 -1.25509176e+00  2.84259610e-01]","[ 2.31546810e-01  2.08182751e-02 -7.54685294e+01  1.94744972e+01
 -1.26592517e+00 -2.75665742e-01]","[ 2.43303991e-01  3.49204877e-02  4.51817761e+01 -8.99290644e+00
 -1.29471831e+00  1.61429707e-01]","[ 1.60716508e-01  2.75997035e-02 -5.71755674e+01  1.11890575e+01
 -1.29323742e+00 -1.55612376e-01]",003,FP
373,2,1.0208435259266877,1,[ 1.13858279  0.29869644  5.29015643 -4.02328106 -1.30782449  0.086841  ],"[ -0.15640522   0.06817355 -23.18376473  -1.62606183  -1.31616031
  -0.06639046]","[-1.27782355e-01  3.53922187e-02 -4.45430360e+01 -3.69181403e+00
 -1.29712755e+00  1.87847891e-01]","[  3.52382158   0.25852165   6.11392363 -19.544376    -1.32016854
  -0.06123407]","[ 2.05435892e-02  6.31910112e-02  2.49204591e+01  1.48804433e+00
 -1.27633561e+00  2.22501429e-01]","[ 2.17462908e-01  2.43819039e-02 -6.46392649e+01  1.60566425e+01
 -1.28880368e+00 -1.98038130e-01]","[ 2.66289255e-01  3.83901113e-02  4.11382641e+01 -8.95467770e+00
 -1.29902377e+00  1.19695380e-01]","[ 1.42548584e-01  3.02693276e-02 -5.21754303e+01  9.43753370e+00
 -1.29831841e+00 -1.19407837e-01]",003,FP
374,2,1.0208435259266877,1,[ 1.33001404  0.31234775  5.06116371 -4.73141879 -1.31041245  0.04653533],"[-1.99528435e-01  7.00052447e-02 -2.25852383e+01 -2.50639725e+00
 -1.31622073e+00 -1.14545559e-02]","[-1.48184635e-01  3.03209762e-02 -5.18056173e+01 -5.67679651e+00
 -1.26814739e+00  2.79090829e-01]","[  3.67966945   0.24258829   6.50815085 -21.94784386  -1.30898472
  -0.13250883]",[ 0.06295242  0.07211696 21.87128078  0.62314993 -1.28958276  0.1730118 ],"[ 2.01315411e-01  2.72949135e-02 -5.78350482e+01  1.36430865e+01
 -1.30034623e+00 -1.39803113e-01]",[ 0.29134331  0.04126814 38.28691195 -9.15463576 -1.2989805   0.09346648],"[ 1.22812995e-01  3.24986213e-02 -4.86193974e+01  7.97109379e+00
 -1.30073680e+00 -9.18369988e-02]",003,FP
375,2,1.0208435259266877,1,[ 1.52769149  0.31826749  4.9678575  -5.58935362 -1.3117268   0.0097356 ],"[ -0.24313967   0.06947838 -22.75453131  -3.53252932  -1.31347142
   0.03563525]","[-1.65025557e-01  2.41613735e-02 -6.45193324e+01 -8.64733876e+00
 -1.21219895e+00  4.03837746e-01]","[  3.82249368   0.21664112   7.27167186 -25.79591977  -1.29024503
  -0.20971357]",[ 0.11060928  0.07983124 19.77826337 -0.18765941 -1.29819922  0.13131441],"[ 1.83525125e-01  2.95228523e-02 -5.35172422e+01  1.18217586e+01
 -1.30571319e+00 -9.43788022e-02]",[ 0.31818139  0.0438027  36.07793134 -9.47932617 -1.29642697  0.08110412],"[ 1.01776680e-01  3.43267059e-02 -4.60429779e+01  6.68610142e+00
 -1.30185172e+00 -7.06395624e-02]",003,FP
376,2,1.0208435259266877,1,[ 1.72657134  0.3163142   4.99825608 -6.6298457  -1.31200826 -0.0276777 ],"[ -0.28581217   0.06687355 -23.63112474  -4.75406313  -1.30906139
   0.07990067]","[-1.77649634e-01  1.72306055e-02 -8.85913995e+01 -1.37382297e+01
 -1.07595270e+00  6.05506300e-01]","[  3.94643237   0.18262407   8.59005293 -31.90006291  -1.25773642
  -0.30495162]",[ 0.16266386  0.08607721 18.35547847 -0.98577291 -1.30399959  0.09443244],"[ 1.64513333e-01  3.10864080e-02 -5.08481483e+01  1.03651983e+01
 -1.30731691e+00 -5.87831601e-02]",[ 0.34669946  0.04632094 34.11632081 -9.82811015 -1.29223276  0.08178254],"[ 7.96852602e-02  3.57937086e-02 -4.41634063e+01  5.51917252e+00
 -1.30257649e+00 -5.36726992e-02]",003,FP
377,2,1.0208435259266877,1,[ 1.921501    0.30618156  5.16196927 -7.91872912 -1.31056264 -0.06918491],"[ -0.32628043   0.06243384 -25.29179406  -6.25221733  -1.30264606
   0.12639763]","[-1.85540076e-01  1.00079835e-02 -1.38135653e+02 -2.36296995e+01
 -6.54592766e-01  9.39605757e-01]","[  4.04676784   0.14246282  10.91023558 -42.15119051  -1.19124966
  -0.44094124]",[ 0.21811084  0.09062628 17.44156117 -1.8041936  -1.30792631  0.06011363],"[ 1.44669652e-01  3.20606098e-02 -4.93129442e+01  9.13408647e+00
 -1.30660029e+00 -3.18289654e-02]","[  0.37701516   0.04920976  32.10794429 -10.10518191  -1.28688105
   0.09428725]","[ 5.67684963e-02  3.69209217e-02 -4.28198085e+01  4.43081614e+00
 -1.30343306e+00 -3.87209656e-02]",003,FP
378,2,1.0208435259266877,1,[ 2.10721945  0.2876345   5.49073994 -9.57019401 -1.30575668 -0.1177059 ],"[ -0.3634225    0.05635616 -27.98096671  -8.16891289  -1.29225766
   0.1806295 ]","[-1.88293422e-01  5.16135657e-03 -1.81901559e+01 -1.42508670e+00
 -1.71175126e+00  2.57562137e-01]","[  4.11988748   0.09827073  15.39618229 -61.43053865  -1.0207238
  -0.66542757]",[ 0.27580727  0.09327234 16.950716   -2.67513073 -1.31040768  0.02652151],"[ 1.24323325e-01  3.25658913e-02 -4.85512316e+01  8.03605053e+00
 -1.30465586e+00 -1.30566292e-02]","[  0.40948845   0.05288174  29.86781559 -10.23052557  -1.28094348
   0.11567698]","[ 3.32545047e-02  3.76969893e-02 -4.19414033e+01  3.39474059e+00
 -1.30457538e+00 -2.36784363e-02]",003,FP
379,2,1.0208435259266877,1,"[  2.27850243   0.2608178    6.04673656 -11.77750391  -1.29511935
  -0.17602164]","[ -0.39624593   0.0488252  -32.21682545 -10.76578594  -1.27362339
   0.24942704]","[-1.85605944e-01  1.00982380e-02  1.32693255e+02  2.66286569e+01
 -5.34219142e-01  1.00520817e+00]","[ 4.16325436e+00  5.38959982e-02  2.43844695e+01 -9.95187491e+01
 -5.28466063e-01 -9.96039150e-01]","[ 3.34489526e-01  9.38359498e-02  1.68497501e+01 -3.63606493e+00
 -1.31150897e+00 -7.96970203e-03]","[ 1.03722230e-01  3.27504789e-02 -4.82783024e+01  7.00753319e+00
 -1.30233623e+00 -2.04916990e-03]","[  0.44471354   0.05771756  27.35147559 -10.16357157  -1.27539321
   0.14072473]","[ 9.38818484e-03  3.80760462e-02 -4.15255344e+01  2.38984939e+00
 -1.30584207e+00 -6.83628610e-03]",003,FP
380,2,0.9766890911914204,1,"[  2.43042038   0.2264725    6.94586656 -14.88137566  -1.27491873
  -0.24837298]","[ -0.42389186   0.04006565 -39.07118691 -14.56195821  -1.23754367
   0.34352841]","[-1.77285424e-01  1.84771667e-02  8.17775349e+01  1.64979650e+01
 -9.95844346e-01  6.81702787e-01]","[ 4.17546127e+00  3.08145377e-02 -9.74800146e+00  4.27024025e+01
 -1.56012959e+00 -3.24655039e-01]",[ 0.39279757  0.09218089 17.14955017 -4.73630162 -1.3109352  -0.04488612],"[ 8.30228784e-02  3.27683095e-02 -4.82520569e+01  6.00602465e+00
 -1.30020985e+00  1.93893725e-03]",[ 0.48347433  0.06399081 24.65683478 -9.92094662 -1.2715629   0.16306249],"[-1.45526968e-02  3.79885337e-02 -4.16207424e+01  1.39430596e+00
 -1.30684669e+00  1.29298211e-02]",003,FP
381,2,0.9766890911914204,1,"[  2.5586418    0.18594699   8.41841926 -19.53971942  -1.23728739
  -0.34391256]","[-4.45660795e-01  3.03900523e-02 -5.09570009e+01 -2.07095376e+01
 -1.16008175e+00  4.84284100e-01]","[-1.63285734e-01  2.72596392e-02  5.68780977e+01  1.12873819e+01
 -1.16376768e+00  4.72805460e-01]","[ 4.15637327e+00  6.29571734e-02 -2.22544898e+01  9.44979665e+01
 -6.92901950e-01 -9.20924500e-01]",[ 0.44931365  0.08824224 17.90724771 -6.04597082 -1.30801519 -0.0857133 ],"[ 6.22926497e-02  3.27583617e-02 -4.82667159e+01  5.00666163e+00
 -1.29857150e+00  1.21063987e-04]",[ 0.52666093  0.07179705 21.96734661 -9.56934318 -1.27063319  0.17743317],"[-3.82496837e-02  3.73606611e-02 -4.23162787e+01  3.81415723e-01
 -1.30708826e+00  3.61633145e-02]",003,FP
382,2,0.9766890911914204,1,"[  2.65971276   0.14106767  10.97855589 -27.19980518  -1.15982658
  -0.48367839]","[-4.61051082e-01  2.02577507e-02 -7.40525951e+01 -3.21420291e+01
 -9.62118527e-01  7.18782334e-01]","[-1.43751269e-01  3.57858501e-02  4.37474469e+01  8.28875099e+00
 -1.23616894e+00  3.42763121e-01]","[  4.10730635   0.1059026  -14.45380309  61.36619727  -1.10217296
  -0.58117712]",[ 0.50261838  0.08206016 19.24045545 -7.67060662 -1.30167287 -0.13206885],"[ 4.15225956e-02  3.28300244e-02 -4.81612097e+01  3.99977843e+00
 -1.29749884e+00 -5.86040106e-03]",[ 0.57515363  0.08100987 19.46683678 -9.19642186 -1.27301979  0.18125405],"[-6.13471038e-02  3.61356840e-02 -4.37413522e+01 -6.83405271e-01
 -1.30605530e+00  6.30146016e-02]",003,FP
383,2,0.9766890911914204,1,"[  2.73126418   0.09416921  15.94312433 -41.54488441  -0.96553112
  -0.7150284 ]","[-4.69796534e-01  1.06020267e-02 -1.18800504e+02 -5.38120651e+01
 -4.47316853e-01  1.02678739e+00]",[-0.11905372  0.04358598 36.08814531  6.2964281  -1.27391393  0.25015245],"[  4.03115756   0.14509599 -10.76806638  45.40777217  -1.2407908
  -0.36815005]",[ 0.55136236  0.07380669 21.36179358 -9.77808894 -1.2902316  -0.18615161],"[ 2.06465144e-02  3.30566206e-02 -4.78304335e+01  2.98753173e+00
 -1.29690757e+00 -1.41803760e-02]",[ 0.62968962  0.09127471 17.28071051 -8.88148409 -1.27821113  0.1745698 ],"[-8.34659740e-02  3.42898731e-02 -4.60781065e+01 -1.84595404e+00
 -1.30328749e+00  9.35711964e-02]",003,FP
384,2,0.9766890911914204,1,"[ 2.77214592e+00  4.95127370e-02  2.56604218e+01 -6.91344335e+01
 -4.54453075e-01 -1.02730399e+00]","[-4.71893049e-01  6.50841859e-03  7.91133296e+01  3.93330303e+01
 -1.30141521e+00  4.37785906e-01]",[-0.08980551  0.05023538 31.39288114  4.81925375 -1.29528801  0.17729258],[ 3.93239809  0.17654514 -8.9164778  37.06314027 -1.29648475 -0.22671897],"[  0.5943455    0.06379241  24.65622137 -12.65431421  -1.27074873
  -0.25166494]","[-4.38370425e-04  3.34767904e-02 -4.72288499e+01  1.97929627e+00
 -1.29663937e+00 -2.32001005e-02]",[ 0.69073374  0.10203932 15.46399758 -8.68150493 -1.285096    0.15902244],"[-1.04224450e-01  3.18388788e-02 -4.95943028e+01 -3.16893894e+00
 -1.29831419e+00  1.28269026e-01]",003,FP
385,2,0.9766890911914204,1,"[ 2.78252884e+00  2.93799690e-02 -1.57332923e+01  4.57783396e+01
 -1.38342467e+00 -3.95688068e-01]","[-4.67608536e-01  1.32937939e-02  1.07690312e+02  5.23569090e+01
 -7.84577026e-01  8.65222960e-01]",[-0.05684234  0.0553833  28.51690895  3.62096784 -1.30723224  0.11628995],[ 3.8168686   0.19787559 -7.98052597 32.46061903 -1.32026246 -0.11910675],"[  0.63059091   0.05244777  29.86309868 -16.83139857  -1.23708586
  -0.3357633 ]","[-2.18522747e-02  3.41009127e-02 -4.63627520e+01  9.86868407e-01
 -1.29657992e+00 -3.16942830e-02]",[ 0.75837302  0.11261128 14.01956732 -8.63206163 -1.29246732  0.1367581 ],"[-1.23259884e-01  2.88345933e-02 -5.47085367e+01 -4.74336789e+00
 -1.29040924e+00  1.68330980e-01]",003,FP
386,2,0.9766890911914204,1,"[ 2.76400253e+00  5.90452399e-02 -2.42019279e+01  6.88941898e+01
 -7.90440243e-01 -8.61634696e-01]","[-4.57472584e-01  2.14646663e-02  7.17151248e+01  3.48077035e+01
 -1.14327404e+00  5.32594862e-01]","[-2.11760545e-02  5.87925020e-02  2.68842599e+01  2.56930255e+00
 -1.31311357e+00  6.31249969e-02]","[ 3.69136267e+00  2.07809973e-01 -7.60753863e+00  3.00821841e+01
 -1.32758334e+00 -2.85140905e-02]","[  0.65939908   0.04028712  38.55305884 -23.42185141  -1.17379014
  -0.45363894]","[-4.37164733e-02  3.49177101e-02 -4.52764465e+01  2.06734365e-02
 -1.29673135e+00 -3.87859473e-02]",[ 0.83224563  0.12222467 12.9237688  -8.75575014 -1.29942568  0.10962093],"[-1.40247743e-01  2.53556178e-02 -6.21204084e+01 -6.71224706e+00
 -1.27813483e+00  2.16349009e-01]",003,FP
387,0,0.8183131117058684,0,[ 2.68030011  0.17376659 -8.07821988 23.65205363 -0.24075048 -1.15950621],[-0.43188991  0.04887374 29.6073809  14.78712907 -0.38731675  1.03541748],[ 0.03005621  0.085408   17.87416482  1.46277032 -0.76554481  0.65737823],[ 3.52579105  0.27050769 -5.7273402  22.19340481 -0.91779175 -0.48753641],"[ 6.77942113e-01  2.54992525e-02  5.58920331e+01 -3.58915631e+01
 -8.83409727e-01 -7.63212665e-01]","[ -0.07606465   0.05407991 -27.88827183  -0.12131176  -0.65079151
  -0.76499316]",[ 0.94635282  0.19411457  7.76839251 -5.35164019 -0.6582303   0.76963518],"[-1.56995449e-01  2.47120833e-02 -6.38227636e+01 -8.01988342e+00
 -1.14062797e+00 -4.60575353e-02]",003,FP
388,0,0.8183131117058684,0,[ 2.57625889  0.22334287 -6.7866714  19.48422251 -1.64589206 -0.36391112],[-0.4021262   0.06091018 25.04541758 12.07141852 -1.62825305  0.34032872],[ 0.08056619  0.09341037 16.56625255  0.66532018 -1.6183171   0.19665626],[ 3.37205701  0.27478892 -5.65082066 21.05488944 -1.60227138 -0.08710985],"[ 6.86001455e-01  1.32711762e-02  3.93435617e+01 -2.49897406e+01
 -1.18360895e+00 -3.10321285e-01]","[ -0.10927736   0.06245369 -24.67748239  -0.69669007  -1.60326562
  -0.27618816]",[ 1.0630252   0.22130452  6.96513666 -5.40411579 -1.62341716  0.25139152],"[-1.70031206e-01  2.07154794e-02 -7.45971778e+01 -1.06838481e+01
 -1.44507394e+00  1.98652841e-01]",003,FP
389,0,0.8183131117058684,0,[ 2.46072632  0.23357951 -6.57587228 18.18142202 -1.65945593  0.24511487],[-0.3697449   0.06361871 24.24502023 10.9644726  -1.63629719 -0.22251259],[ 0.1290713   0.08920492 17.17021705 -0.21618217 -1.60996285 -0.32643574],[ 3.23600951  0.24204438 -6.22151798 22.13289133 -1.56882231  0.44147972],"[ 6.84139693e-01  1.67218853e-02 -7.46229535e+01  5.30525245e+01
 -7.89867048e-01 -6.87812072e-01]","[ -0.14328404   0.06371677 -24.28594742  -1.4797887   -1.60696813
   0.21816396]",[ 1.17925426  0.21859007  7.03169284 -6.29215373 -1.62403113 -0.28349492],"[-1.79201549e-01  1.48708057e-02 -9.34770477e+01 -1.47512317e+01
 -1.30178691e+00  6.49378226e-01]",003,FP
390,0,0.8183131117058684,0,[ 2.34330659  0.20223235 -7.35005357 19.22342896 -0.57382839  0.88017647],[-0.3364065   0.05663703 26.66538156 10.97040781 -0.6815417  -0.75979275],[ 0.17448108  0.07345262 20.09531414 -1.50625206 -0.49745716 -0.92466504],[ 3.12146953  0.17870484 -7.77053888 26.25550038 -0.16114754  1.20700197],"[ 6.73210615e-01  2.75122876e-02 -5.64158583e+01  3.99797547e+01
 -1.22192335e+00 -4.39251367e-01]","[ -0.17788163   0.05756881 -26.4985292   -2.71360166  -0.75286192
   0.66170228]",[ 1.2915789   0.18556308  8.03193163 -8.37387345 -0.57460929 -0.86088957],"[-1.84436709e-01  8.61121711e-03 -8.94511117e+01 -1.44980686e+01
 -2.42683100e-01  1.18472381e+00]",003,FP
391,0,0.8183131117058684,0,"[  2.23381904   0.10643105 -14.61585754  34.64918086  -1.22680732
   0.42000414]","[-3.03848242e-01  3.48715036e-02  4.51873245e+01  1.57300891e+01
 -1.30349689e+00 -1.99224802e-01]","[ 2.15922041e-01  3.94208259e-02  3.99443052e+01 -6.62485589e+00
 -1.27219059e+00 -2.25073328e-01]","[ 3.03017294e+00  6.13232245e-02 -2.49568811e+01  7.76236658e+01
 -1.04051952e+00  6.07505533e-01]","[ 6.54292786e-01  3.48592966e-02 -4.51081336e+01  3.15139264e+01
 -1.28154074e+00 -2.54906428e-01]","[-2.12700178e-01  3.99175052e-02 -3.96070548e+01 -6.42442761e+00
 -1.31162050e+00  2.84706312e-02]","[  1.39623026   0.10426449  15.0851784  -19.06238254  -1.28212789
  -0.24928614]","[-1.85755150e-01  5.87783058e-03  2.42735454e+02  4.70893607e+01
 -7.54341485e-01  8.84368348e-01]",003,FP
392,0,0.8151822278855596,0,"[  2.18102156   0.0726375  -20.51755025  46.74921943  -0.97819882
   0.72314392]","[-2.84218635e-01  2.91425277e-02  5.37008156e+01  1.72627725e+01
 -1.26046759e+00 -3.40110227e-01]","[ 2.38764605e-01  3.33372723e-02  4.71352229e+01 -9.25422287e+00
 -1.25485639e+00 -2.75230796e-01]","[ 2.99919509e+00  3.78403561e-02 -3.92946012e+01  1.19852175e+02
 -8.47072193e-01  7.96456750e-01]","[  0.63104467   0.04009081 -39.35054628  26.83195242  -1.30211923
  -0.16377007]","[-2.37252840e-01  3.85517828e-02 -4.09945722e+01 -7.72607866e+00
 -1.31264063e+00  7.31858125e-02]","[  1.45447911   0.08465043  18.44701809 -24.83080246  -1.23152185
  -0.3778087 ]","[-1.81185542e-01  9.67708288e-03  1.58603307e+02  3.07366260e+01
 -1.11211636e+00  5.62761344e-01]",003,FP
393,0,0.8151822278855596,0,"[ 2.15296678e+00  3.73330351e-02 -2.80255114e+01  6.23379951e+01
 -5.50465244e-01  8.72225177e-01]","[-2.69000881e-01  2.14887621e-02  7.11937190e+01  2.11511731e+01
 -1.12002334e+00 -5.75109242e-01]","[ 2.57727878e-01  2.71277314e-02  5.77312008e+01 -1.28789398e+01
 -1.22751544e+00 -3.39472648e-01]","[ 2.98176992e+00  1.91295287e-02 -7.01730147e+01  2.11239785e+02
 -4.22068735e-01  1.08340507e+00]","[  0.6048786    0.04382219 -36.05019449  23.8059911   -1.3085809
  -0.10085602]","[-2.60480159e-01  3.59460591e-02 -4.39193657e+01 -9.44012338e+00
 -1.30834869e+00  1.34630783e-01]","[  1.49890337   0.06143567  24.90915021 -35.33640908  -1.09849001
  -0.58391766]","[-1.74183467e-01  1.32357417e-02  1.18018405e+02  2.25568550e+01
 -1.22871452e+00  3.74695114e-01]",003,FP
394,0,0.8151822278855596,0,"[ 2.15327419e+00  3.79568559e-02  2.59128681e+01 -5.37975099e+01
 -5.27423200e-01  8.91234351e-01]","[-2.59436949e-01  1.25865486e-02  1.07410272e+02  2.98661932e+01
 -6.41508442e-01 -9.34985262e-01]","[ 2.72795790e-01  2.09867230e-02  7.41993172e+01 -1.82412613e+01
 -1.18121624e+00 -4.25182852e-01]","[ 2.97519004e+00  7.59163168e-03 -3.90594402e+01  1.18209258e+02
 -1.45177509e+00  4.08525437e-01]","[  0.5766749    0.04625369 -34.17449376  21.7075727   -1.30846027
  -0.05784697]","[-2.81545046e-01  3.19281793e-02 -4.93187379e+01 -1.18854464e+01
 -1.29267696e+00  2.20166276e-01]","[ 1.52733329e+00  3.64209867e-02  3.84209915e+01 -5.66816595e+01
 -6.90721605e-01 -9.21729078e-01]","[-1.65029273e-01  1.63471218e-02  9.61815261e+01  1.78727673e+01
 -1.27447461e+00  2.58706763e-01]",003,FP
395,0,0.8151822278855596,0,"[  2.18346234   0.07828185  18.76102069 -38.96398213  -0.87426028
   0.8014468 ]","[-2.56548144e-01  7.28433709e-03 -2.29881014e+01 -3.89755476e+00
 -1.65387337e+00 -2.82082384e-01]","[ 2.84092228e-01  1.51466574e-02  1.01735858e+02 -2.69023667e+01
 -1.09848799e+00 -5.43476628e-01]","[ 2.97681206e+00  1.06029934e-02  1.30209106e+02 -3.85608038e+02
 -7.94106828e-01  8.33442403e-01]","[ 5.47152375e-01  4.76965364e-02 -3.31473323e+01  2.01366416e+01
 -1.30562098e+00 -3.08374856e-02]","[-2.99529108e-01  2.64432495e-02 -5.91704154e+01 -1.57232617e+01
 -1.25018925e+00  3.46362560e-01]","[ 1.53824961e+00  1.79450275e-02  1.53948762e+01 -2.16811623e+01
 -1.58615297e+00 -3.11696725e-01]","[-1.54049548e-01  1.89249711e-02  8.33245721e+01  1.48361127e+01
 -1.29456056e+00  1.79830692e-01]",003,FP
396,0,0.8061466673385841,0,"[  2.24257218   0.12101554  12.76974369 -26.63707195  -1.16964909
   0.49666787]","[-2.60958601e-01  1.49560243e-02 -9.19274474e+01 -2.19892581e+01
 -6.24830924e-01 -9.59307396e-01]","[ 2.91900008e-01  9.88266921e-03  1.52589758e+02 -4.25409514e+01
 -9.41360086e-01 -7.13698390e-01]","[ 2.98431060e+00  1.68831807e-02  9.17362928e+01 -2.71769591e+02
 -1.22219646e+00  4.56383255e-01]","[ 5.16830089e-01  4.85073383e-02 -3.25951146e+01  1.88461360e+01
 -1.30242117e+00 -1.68108075e-02]","[-3.13499865e-01  1.96023492e-02 -7.83374620e+01 -2.25587838e+01
 -1.12936620e+00  5.52411501e-01]","[ 1.53090932e+00  3.17712612e-02 -4.14751145e+01  6.54946394e+01
 -5.32851717e-01 -9.94971517e-01]","[-1.41593199e-01  2.09445558e-02  7.53979576e+01  1.26758380e+01
 -1.30330344e+00  1.22861808e-01]",003,FP
397,0,0.800629693170581,0,"[  2.32701289   0.15712841   9.98353833 -21.23182239  -1.2792232
   0.29906651]","[-2.72733834e-01  2.58064265e-02 -5.90761680e+01 -1.41120698e+01
 -1.08047307e+00 -6.09527361e-01]","[ 2.96670352e-01  5.49186850e-03  2.59522543e+02 -7.49926441e+01
 -6.18826834e-01 -9.68430091e-01]","[ 2.99584230e+00  2.14421824e-02  7.33513678e+01 -2.17749131e+02
 -1.29336085e+00  2.46171171e-01]","[ 4.86025952e-01  4.90098504e-02 -3.22612749e+01  1.76798169e+01
 -1.30014465e+00 -1.21560523e-02]","[-3.22585867e-01  1.18678909e-02 -1.18616890e+02 -3.62641323e+01
 -7.31358207e-01  8.96336673e-01]","[  1.50539833   0.05771392 -26.22873032  41.48468673  -1.02573787
  -0.66140898]","[-1.28005629e-01  2.24287257e-02  7.04584948e+01  1.10190839e+01
 -1.30641801e+00  8.05933125e-02]",003,FP
398,0,0.8108994231106251,0,"[  2.43071281   0.18204599   8.66716491 -19.06738873  -1.32503615
   0.15180673]","[-2.91277867e-01  3.56868118e-02 -4.37557394e+01 -1.07450785e+01
 -1.24501697e+00 -3.73693203e-01]","[ 2.99009566e-01  2.29438411e-03  4.76012902e+02 -1.40332411e+02
 -1.61494009e-01 -1.18383010e+00]","[ 3.01013352e+00  2.46432391e-02  6.40318174e+01 -1.90744320e+02
 -1.29526640e+00  1.56975416e-01]","[ 4.54894133e-01  4.94286173e-02 -3.19879309e+01  1.65511221e+01
 -1.29927589e+00 -1.24975372e-02]","[-3.26049740e-01  6.02963906e-03 -4.46671563e+01 -1.25637147e+01
 -1.60859033e+00  2.95247564e-01]","[  1.46261006   0.0833194  -18.66345264  29.29735361  -1.19700647
  -0.43448941]","[-1.13606483e-01  2.34354061e-02  6.74544663e+01  9.66326467e+00
 -1.30673916e+00  4.91159672e-02]",003,FP
399,2,0.9831318647414472,1,"[  2.54557984   0.19279105   8.19965734 -18.8728824   -1.34085559
   0.02444202]","[ -0.31531404   0.04314942 -36.50269472  -9.50981223  -1.31224236
  -0.20784641]","[ 2.99640785e-01  1.03334254e-03 -7.66268004e+02  2.31605147e+02
 -1.32040638e+00 -1.61218347e-01]","[ 3.02648087e+00  2.72678456e-02  5.79031739e+01 -1.73242848e+02
 -1.28484662e+00  1.33636873e-01]","[ 4.23495464e-01  4.98478590e-02 -3.17188622e+01  1.54327943e+01
 -1.29996304e+00 -1.30723200e-02]","[-3.23350460e-01  1.11247020e-02  1.17696594e+02  4.00572477e+01
 -4.93519485e-01  1.01926097e+00]","[  1.40416198   0.10625312 -14.77059727  22.74031107  -1.2626976
  -0.29630273]","[-9.86756900e-02  2.40401018e-02  6.57671895e+01  8.48962280e+00
 -1.30598263e+00  2.56354914e-02]",003,FP
400,2,0.9831318647414472,1,"[  2.66221242   0.18791388   8.40539497 -20.37694685  -1.3352392
  -0.10221055]","[ -0.34295479   0.04722241 -33.46331241  -9.47640344  -1.33995449
  -0.07016137]","[ 2.99349980e-01  1.34226044e-03 -1.15449002e+03  3.47596566e+02
 -1.65232945e+00 -9.38741894e-02]","[ 3.04465647e+00  2.99960362e-02  5.26258665e+01 -1.58227685e+02
 -1.27669876e+00  1.43326468e-01]","[ 3.91888996e-01  5.01935826e-02 -3.15005937e+01  1.43447361e+01
 -1.30228564e+00 -9.08123159e-03]","[-3.14187944e-01  2.06977462e-02  7.28066813e+01  2.48749815e+01
 -9.85427869e-01  6.95106724e-01]","[  1.33226277   0.12540593 -12.56536956  18.7403741   -1.29209004
  -0.2018872 ]","[-8.34508423e-02  2.43138725e-02  6.50298770e+01  7.42679801e+00
 -1.30525529e+00  7.35550725e-03]",003,FP
401,2,0.9831318647414472,1,"[  2.7707732    0.16755436   9.38489414 -24.00341316  -1.30249104
  -0.24795242]","[ -0.37185174   0.04729338 -33.41484681 -10.42536906  -1.34294067
   0.06366907]","[ 2.98929104e-01  1.09442293e-03 -1.13759625e+03  3.42060627e+02
 -1.02315381e+00  5.21528594e-01]","[ 3.06474722e+00  3.32072161e-02  4.75205042e+01 -1.43638333e+02
 -1.27571459e+00  1.57651574e-01]","[ 3.60227197e-01  5.02377607e-02 -3.14729781e+01  1.33374227e+01
 -1.30595596e+00  3.87177422e-03]","[-2.98525592e-01  3.06748066e-02  5.05370627e+01  1.70866066e+01
 -1.16609753e+00  4.73416819e-01]","[  1.2495411    0.14015224 -11.26532779  16.07649012  -1.30571143
  -0.13160445]","[-6.81360457e-02  2.43025323e-02  6.50601042e+01  6.43293824e+00
 -1.30509616e+00 -8.84955240e-03]",003,FP
402,2,0.9831318647414472,1,"[  2.86192332   0.13349443  11.62855051 -31.28001989  -1.21135498
  -0.44476845]","[ -0.39940796   0.04315721 -36.48206723 -12.5712282   -1.31732794
   0.21529967]","[ 2.99125183e-01  1.47811158e-03  5.28375866e+02 -1.56050527e+02
 -5.35950421e-01  9.18964833e-01]","[ 3.08697330e+00  3.69091210e-02  4.27524527e+01 -1.29975680e+02
 -1.28116877e+00  1.58955851e-01]","[ 3.28833381e-01  4.96353942e-02 -3.18526014e+01  1.24741986e+01
 -1.30976491e+00  2.90623599e-02]",[-0.27659073  0.04022872 38.92473862 12.76622203 -1.23905723  0.33865015],"[  1.15885217   0.15025635 -10.51774529  14.188512    -1.31130781
  -0.07638302]","[-5.29186194e-02  2.40155208e-02  6.58344263e+01  5.48386695e+00
 -1.30542743e+00 -2.60771931e-02]",003,FP
403,2,0.9831318647414472,1,"[  2.92771273   0.08951431  16.55962203 -46.48181628  -0.94094077
  -0.75256076]","[-4.23029677e-01  3.50867124e-02 -4.43377784e+01 -1.67561961e+01
 -1.23327250e+00  4.17025726e-01]","[ 3.00600663e-01  3.76792231e-03  3.68035322e+02 -1.08631662e+02
 -5.25948827e-01  1.02760124e+00]","[ 3.11151577e+00  4.08215990e-02  3.86681593e+01 -1.18316587e+02
 -1.28954969e+00  1.44354800e-01]","[  0.29823958   0.0480062  -32.92315636  11.8189884   -1.31136161
   0.06808709]",[-0.24885788  0.04889862 32.1719047  10.00623193 -1.27429384  0.24691401],"[  1.06308846   0.15581398 -10.1466444   12.78678062  -1.31258283
  -0.03133599]","[-3.79869689e-02  2.34304142e-02  6.74702192e+01  4.56298912e+00
 -1.30562639e+00 -4.67221944e-02]",003,FP
404,2,0.9831318647414472,1,"[ 2.96234351e+00  4.50479693e-02  2.28152047e+01 -6.55864736e+01
 -5.29725422e-01 -8.88619213e-01]","[-4.40394918e-01  2.39703439e-02 -6.20987432e+01 -2.53479709e+01
 -9.72200616e-01  7.28929128e-01]","[ 3.03906521e-01  7.02592551e-03  2.13596228e+02 -6.29132867e+01
 -9.18304342e-01  7.39497240e-01]","[ 3.13837957e+00  4.45362252e-02  3.54621064e+01 -1.09293550e+02
 -1.29808829e+00  1.18387987e-01]","[  0.2691687    0.04504885 -35.0553835   11.43581204  -1.3075715
   0.12109486]",[-0.21602239  0.05633197 27.99509051  8.04756642 -1.29345447  0.17797411],"[ 9.65025871e-01  1.57146797e-01 -1.00613823e+01  1.17094942e+01
 -1.31160345e+00  6.93789028e-03]","[-2.35421779e-02  2.25119792e-02  7.02057711e+01  3.65279675e+00
 -1.30475018e+00 -7.20001920e-02]",003,FP
405,2,0.9831318647414472,1,"[ 2.96274271e+00  4.42383326e-02 -2.26082216e+01  6.89823436e+01
 -5.55043522e-01 -8.67694317e-01]","[-4.49714101e-01  1.22761638e-02 -8.58540190e+01 -3.66097629e+01
 -5.24638071e-01  8.94591515e-01]","[ 3.09461682e-01  1.08759237e-02  1.41583569e+02 -4.18146894e+01
 -1.09818330e+00  5.48575472e-01]","[ 3.16732816e+00  4.76478300e-02  3.31638991e+01 -1.03040951e+02
 -1.30532894e+00  8.57182409e-02]","[  0.24246015   0.04064444 -38.78741995  11.40440385  -1.29485387
   0.18806945]",[-0.17897144  0.0622384  25.37354635  6.54114003 -1.3046351   0.12161776],"[  0.86723153   0.15466464 -10.22149399  10.86440188  -1.30948037
   0.04152347]","[-9.79869549e-03  2.12363735e-02  7.43913335e+01  2.72893802e+00
 -1.30188384e+00 -1.02040842e-01]",003,FP
406,2,0.9376489757007443,1,"[  2.92887909   0.08842461 -16.72819537  50.99486158  -0.93056363
  -0.76114808]","[-4.49948830e-01  1.18007428e-02  8.21795717e+01  3.89766021e+01
 -5.80347987e-01  8.48660518e-01]","[ 3.17529645e-01  1.50300741e-02  1.03658335e+02 -3.09145944e+01
 -1.19087356e+00  4.16828922e-01]","[ 3.19790754e+00  4.98435644e-02  3.17152157e+01 -9.94223277e+01
 -1.30976500e+00  5.01984067e-02]","[ 2.18957871e-01  3.49025377e-02 -4.50235675e+01  1.18582645e+01
 -1.26874262e+00  2.71137348e-01]",[-0.13875549  0.06637553 23.81065701  5.30385931 -1.31122308  0.0719674 ],"[  0.77204118   0.14874305 -10.62499854  10.20293645  -1.30653979
   0.07564972]","[ 3.02501471e-03  1.96078814e-02  8.05158460e+01  1.75643838e+00
 -1.29642151e+00 -1.36634622e-01]",003,FP
407,2,0.9376489757007443,1,"[  2.8637671    0.13253528 -11.70707817  35.52634532  -1.20814812
  -0.45007454]","[-4.40951760e-01  2.37342819e-02  6.21509053e+01  2.94055511e+01
 -9.19205255e-01  7.71021938e-01]","[ 3.28192480e-01  1.91808212e-02  8.17480342e+01 -2.48290901e+01
 -1.24567400e+00  3.16146486e-01]","[ 3.22954223e+00  5.09876363e-02  3.10092516e+01 -9.81456874e+01
 -1.30993610e+00  1.68629259e-02]","[ 1.99391139e-01  2.81351491e-02 -5.55163020e+01  1.30694587e+01
 -1.22029742e+00  3.78168643e-01]",[-0.09655956  0.06854858 23.06431913  4.22708047 -1.31462727  0.02517189],"[  0.68158863   0.13965891 -11.30966591   9.70853972  -1.30231189
   0.11284452]","[ 1.47207639e-02  1.76607616e-02  8.93022265e+01  6.85403004e-01
 -1.28789622e+00 -1.76382683e-01]",003,FP
408,2,0.9376489757007443,1,[ 2.77314504  0.16685425 -9.42272649 28.13058726 -1.30119954 -0.25166612],"[-4.23499362e-01  3.56857695e-02  4.34686317e+01  2.04089378e+01
 -1.21040802e+00  4.51251275e-01]","[ 3.41330556e-01  2.29908111e-02  6.84672178e+01 -2.13699535e+01
 -1.28112646e+00  2.31426303e-01]","[ 3.26167312e+00  5.12052873e-02  3.08782063e+01 -9.87146155e+01
 -1.30574218e+00 -7.25412520e-03]","[ 1.84278703e-01  2.07862435e-02 -7.41808486e+01  1.56699506e+01
 -1.12446427e+00  5.29585375e-01]","[-5.36703455e-02  6.86197748e-02  2.30406629e+01  3.23660034e+00
 -1.31523388e+00 -2.16853278e-02]","[  0.59785177   0.12760126 -12.36627121   9.39319719  -1.29536749
   0.15707568]","[ 2.51038864e-02  1.54483986e-02  1.01931473e+02 -5.58876116e-01
 -1.27517584e+00 -2.23868099e-01]",003,FP
409,2,0.9376489757007443,1,[ 2.66486441  0.18763519 -8.41731952 24.43101522 -1.33408525 -0.10625427],[-0.39920655  0.04480205 35.10239972 16.01310773 -1.3075551   0.2438633 ],"[ 3.56613931e-01  2.61107821e-02  6.04336979e+01 -1.95514986e+01
 -1.30432586e+00  1.54741060e-01]","[ 3.29391783e+00  5.09248213e-02  3.10479913e+01 -1.00269532e+02
 -1.29861008e+00 -1.40884918e-02]","[ 1.73875309e-01  1.33812263e-02 -1.11088275e+02  2.13155082e+01
 -8.97417050e-01  7.71842731e-01]","[-1.14352664e-02  6.65243348e-02  2.37574879e+01  2.27167320e+00
 -1.31271187e+00 -7.12364862e-02]","[  0.52267683   0.11274629 -13.97148204   9.30256991  -1.28283217
   0.21320307]","[ 3.40211269e-02  1.30290919e-02  1.20543830e+02 -2.10103694e+00
 -1.25498063e+00 -2.84909101e-01]",003,FP
410,2,0.9376489757007443,1,"[ 2.54805550e+00  1.93290183e-01 -8.17880251e+00  2.28400427e+01
 -1.33926682e+00  1.70149146e-02]",[-0.3703307   0.04998066 31.60747211 13.70521724 -1.33968767  0.09006702],"[ 3.73508864e-01  2.82181660e-02  5.59994698e+01 -1.89162983e+01
 -1.31829812e+00  8.16461951e-02]","[ 3.32622515e+00  5.08339938e-02  3.11036861e+01 -1.01457863e+02
 -1.29029881e+00  2.91716423e-03]","[ 1.68161803e-01  6.69967544e-03 -1.81562348e+02  3.25318517e+01
 -3.81417518e-01  1.05600225e+00]",[ 0.02878818  0.06228795 25.35063615  1.27020124 -1.30598051 -0.12642657],"[  0.45775654   0.09536173 -16.46580784   9.53733122  -1.25902751
   0.28834059]","[ 4.13519742e-02  1.04576578e-02  1.49447566e+02 -4.17995191e+00
 -1.21858713e+00 -3.71091110e-01]",003,FP
411,2,0.9376489757007443,1,[ 2.43215405  0.18403495 -8.57730264 22.86132135 -1.32450388  0.13512835],[-0.3394919   0.05081906 31.10372202 12.55946156 -1.34093614 -0.04139479],"[ 3.91306267e-01  2.90625533e-02  5.44014867e+01 -1.92876427e+01
 -1.32432992e+00  8.82637763e-03]","[ 3.35897099e+00  5.17382454e-02  3.05550276e+01 -1.00633451e+02
 -1.28187358e+00  4.38942818e-02]","[ 1.66867032e-01  4.13489259e-03  1.50984618e+02 -2.31943551e+01
 -1.17748483e+00  4.79198308e-01]",[ 0.06569013  0.05603855 28.12954188  0.15216668 -1.29276142 -0.19145205],"[  0.4045649    0.07589479 -20.55544111  10.31600998  -1.21110432
   0.39565043]","[ 4.70052824e-02  7.78690617e-03  1.98469883e+02 -7.32913291e+00
 -1.14069188e+00 -5.06964244e-01]",003,FP
412,2,0.6439028750503876,1,[ 2.3259079   0.16174246 -9.71796818 24.60309893 -1.28709051  0.26149771],[-0.30935551  0.04749332 33.20737329 12.27288384 -1.31930758 -0.16870612],"[ 4.09176124e-01  2.85026475e-02  5.54497262e+01 -2.06887040e+01
 -1.32227538e+00 -6.70970095e-02]","[ 3.39295103e+00  5.43481813e-02  2.90701566e+01 -9.66336179e+01
 -1.27405652e+00  9.79345354e-02]","[ 1.69507614e-01  8.11789338e-03  1.79397992e+02 -2.84093256e+01
 -8.89475914e-01  7.95891056e-01]",[ 0.0980667   0.04800596 32.73018018 -1.20974064 -1.26800962 -0.27368819],"[  0.36427432   0.05502728 -27.90481184  12.16500639  -1.10201945
   0.56447011]","[ 5.09144590e-02  5.08710969e-03  2.93245488e+02 -1.29304353e+01
 -9.30999279e-01 -7.46852321e-01]",003,FP
413,0,0.8113115051222632,0,[ 2.27701525  0.10556408 -9.03271046 22.56761949 -1.04336281  0.07753871],"[-2.93894715e-01  3.18930517e-02  3.42636030e+01  1.20698918e+01
 -9.57419175e-01 -1.66297446e-01]","[ 4.26879008e-01  2.74975342e-02  5.74749710e+01 -2.25348586e+01
 -1.27780460e+00 -7.11729015e-02]","[  3.52152489   0.25329353   5.04812846 -15.77711003   0.12978862
   1.40987667]",[ 0.18820289  0.03919104 33.29439709 -4.26610164  0.06955958  1.37113993],[ 0.10217044  0.04138861  1.95795863  1.7999545  -1.49235487 -0.00206776],[ 0.40540939  0.14095911  6.05016453 -0.45279353  0.00739102  1.32947029],"[ 4.19614382e-02  2.45505011e-02 -4.08584377e+01  3.71447881e+00
  1.94346831e-01 -1.46039310e+00]",003,FP
414,0,0.8092149611563443,0,"[  2.25982498   0.08018472   5.67055403 -10.81445964  -1.22134615
  -0.60516119]","[ -0.28832234   0.0234624  -12.75750321  -1.67827313  -1.09604164
   0.59034368]","[ 4.38735221e-01  2.00281435e-02  7.10177694e+01 -2.91579968e+01
 -1.13470118e+00 -4.21306926e-01]","[  3.65950614   0.32087572   4.51128832 -14.5090873   -1.77303764
   0.41129697]",[ 0.2076706   0.04684429 31.01067831 -4.4400062  -1.80665498  0.36532706],"[  0.09041196   0.05778964 -19.70694068   3.78174313  -1.363466
  -0.33726728]",[ 0.47225271  0.19963946  6.76727035 -1.19586178 -1.71322156  0.44509415],"[ 2.94846754e-02  3.41885107e-02 -4.04787412e+01  3.19350254e+00
 -1.73247184e+00 -4.51913541e-01]",003,FP
415,0,0.8078677333274943,0,"[  2.26909615   0.0891863   14.92072428 -31.85655798  -1.32826411
  -0.50855075]","[-2.91743220e-01  2.75371618e-02 -4.93167596e+01 -1.23878302e+01
 -1.21935809e+00  3.03094777e-01]","[ 4.44269857e-01  1.25227895e-02  4.09158672e+01 -1.61776865e+01
 -1.06569228e+00  4.69802925e-02]","[  3.80676732   0.33531785   4.41722969 -14.81536562  -1.77681027
  -0.32943056]",[ 0.22679882  0.04513585 31.38642396 -5.11840379 -1.79576648 -0.42021773],"[ 6.29359685e-02  7.87025407e-02 -1.90114337e+01  3.19650299e+00
 -1.53285550e+00  2.77051325e-03]",[ 0.56218254  0.22989983  6.47034748 -1.63751638 -1.74509769 -0.2536285 ],"[ 1.38247511e-02  3.85412561e-02 -3.86565445e+01  2.53441711e+00
 -1.75403850e+00  2.64692889e-01]",003,FP
416,0,0.8071095352340892,0,"[  2.2975475    0.08927005  14.92570005 -32.29250479  -0.04145396
  -1.3036392 ]","[-3.02483565e-01  3.05226738e-02 -4.88026203e+01 -1.27619905e+01
 -6.29627242e-01  8.61678090e-01]","[ 4.43153231e-01  1.44397370e-02 -8.02244537e+01  3.75517258e+01
 -9.09508666e-01 -2.79051512e-01]","[  3.96284336   0.29241632   4.79947612 -17.01957205  -0.17428405
  -1.16919927]",[ 0.24466218  0.03498605 33.64278446 -6.23111687  0.23308638 -1.48768263],"[  0.0202761    0.08934971 -17.37737234   2.3523454   -0.92210237
   0.44063652]",[ 0.67207406  0.21815951  6.68260359 -2.49120455 -0.38875753 -0.99171847],"[-4.60015138e-03  3.59505513e-02 -4.03766046e+01  1.81426151e+00
 -3.61001073e-01  1.01550042e+00]",003,FP
417,0,0.8071095352340892,0,"[ 2.33678877e+00  2.12505968e-02  5.12828059e+01 -1.17837085e+02
 -5.04015900e-01 -9.17051636e-01]","[-3.18319168e-01  1.55944268e-02 -9.75747653e+01 -2.90599181e+01
 -1.08784938e+00  6.13508911e-01]","[ 4.35156693e-01  2.25258802e-02 -6.97992330e+01  3.23736034e+01
 -1.24563639e+00 -2.64401330e-01]","[ 4.12701239e+00  1.24892049e-01  1.26600432e+01 -5.02481549e+01
 -1.30030629e+00  5.28304692e-04]","[ 2.60553497e-01  2.10796874e-03  6.31713903e+02 -1.62595267e+02
 -4.37186998e-01 -1.06992622e+00]","[ -0.03670068   0.07336001 -21.53578614   1.20962211  -1.30234924
  -0.09955142]",[ 0.79848589  0.11543479 13.69634103 -8.93633511 -1.30909962 -0.02689001],"[-2.53070121e-02  1.84892942e-02 -8.55071656e+01 -1.63930872e-01
 -1.31242005e+00  3.39942082e-02]",003,FP
418,0,0.8071095352340892,0,"[ 2.33783069e+00  1.91473502e-02 -4.80479310e+01  1.14327928e+02
 -6.54854739e-01 -7.93848601e-01]","[-3.25180010e-01  8.87759357e-03 -1.49085212e+02 -4.64795306e+01
 -5.67654497e-01  9.74412726e-01]","[ 4.19456581e-01  2.69261322e-02 -5.84084924e+01  2.64998265e+01
 -1.24468382e+00 -2.58488307e-01]","[ 4.20617871e+00  1.25209658e-01  1.26278982e+01 -5.11151966e+01
 -1.29699430e+00  4.68070780e-03]","[ 2.61230126e-01  8.94164871e-04  1.42934885e+02 -3.53388980e+01
 -1.64470457e+00 -2.92361027e-01]","[ -0.08415717   0.07767598 -20.34736465   0.28762338  -1.30426936
  -0.07041539]","[  0.87011782   0.11246848  14.05528729 -10.22975587  -1.30492476
  -0.05297671]","[-3.66914166e-02  1.78459287e-02 -8.85597625e+01 -1.24938314e+00
 -1.30795128e+00  7.34840802e-02]",003,FP
419,0,0.80930637358172,0,"[ 2.32372898e+00  3.81551532e-02 -3.86275794e+01  9.17600259e+01
 -9.33770749e-01 -7.63719711e-01]","[-3.27250708e-01  5.01732773e-03  4.77498667e+01  1.76261777e+01
 -1.61993485e+00  2.87942630e-01]","[ 4.00679386e-01  3.21249479e-02 -4.89546708e+01  2.16151275e+01
 -1.24334562e+00 -2.59356118e-01]","[ 4.28596673e+00  1.26284753e-01  1.25200486e+01 -5.16605116e+01
 -1.29378459e+00  1.85102936e-02]","[ 2.60964060e-01  1.37180941e-03 -1.02009021e+03  2.68206882e+02
 -8.26860257e-01 -8.22755824e-01]","[ -0.1340157    0.08082122 -19.55984345  -0.62132616  -1.30482526
  -0.04726224]","[  0.93952339   0.1079294   14.64367811 -11.75807817  -1.30062241
  -0.07190153]","[-4.75536807e-02  1.67888394e-02 -9.40839216e+01 -2.47403677e+00
 -1.30158788e+00  1.10792222e-01]",003,FP
420,0,0.8602098928181416,0,"[ 2.29633278e+00  5.63492019e-02 -2.75933209e+01  6.53634474e+01
 -1.24712700e+00 -4.16155647e-01]","[-3.24412455e-01  9.82018442e-03  1.42643387e+02  4.82752913e+01
 -7.29500097e-01  8.97028671e-01]","[ 3.78272000e-01  3.83354213e-02 -4.10221148e+01  1.75175174e+01
 -1.24368119e+00 -2.60273690e-01]","[ 4.36704429e+00  1.28842703e-01  1.22702924e+01 -5.15849103e+01
 -1.29114329e+00  3.93932236e-02]","[ 2.59999536e-01  2.14290912e-03 -7.23990881e+02  1.90237293e+02
 -1.24055480e+00 -4.35420507e-01]","[ -0.18557732   0.08293016 -19.06459795  -1.53795694  -1.30463025
  -0.02880784]","[  1.00589714   0.10247216  15.42120494 -13.51214592  -1.29701495
  -0.08424193]","[-5.76597949e-02  1.54076256e-02 -1.02440325e+02 -3.90668811e+00
 -1.29371412e+00  1.47264515e-01]",003,FP
421,0,0.8602098928181416,0,"[  2.25934457   0.06798746 -23.18682484  54.38702677  -1.35100093
  -0.1689034 ]","[-3.17056514e-01  1.60159361e-02  9.60451706e+01  3.24517470e+01
 -1.16297866e+00  5.28150055e-01]","[  0.35158117   0.04568085 -34.4303057   14.10504714  -1.24694894
  -0.2568981 ]","[  4.45039549   0.13332081  11.85605621 -50.76413912  -1.28998086
   0.06160409]","[ 2.58550107e-01  2.68301409e-03 -5.86750002e+02  1.53704276e+02
 -1.30302206e+00 -2.22746346e-01]","[-2.38231403e-01  8.41526347e-02 -1.87886127e+01 -2.47603756e+00
 -1.30405589e+00 -1.41169704e-02]","[  1.06879763   0.09663853  16.35055139 -15.47543055  -1.29449557
  -0.091179  ]","[-6.68292492e-02  1.37897850e-02 -1.14341899e+02 -5.64138326e+00
 -1.28409313e+00  1.85144214e-01]",003,FP
422,0,0.8602098928181416,0,"[ 2.21799576e+00  7.05248477e-02 -2.24028503e+01  5.16894269e+01
 -1.37420180e+00  5.00316265e-02]","[-3.06026098e-01  2.08858518e-02  7.51517679e+01  2.49984022e+01
 -1.29930594e+00  2.82405230e-01]","[  0.31992101   0.05415572 -29.05350841  11.29482782  -1.25324939
  -0.24708899]","[  4.53710533   0.13970416  11.3122704  -49.32496238  -1.29088271
   0.0782261 ]","[ 2.56768633e-01  3.05184534e-03 -5.17237092e+02  1.34810261e+02
 -1.29259586e+00 -1.42926462e-01]","[-2.91461075e-01  8.46393369e-02 -1.86808710e+01 -3.44474675e+00
 -1.30333318e+00 -2.45891432e-03]","[  1.12807305   0.09081112  17.39901369 -17.62735836  -1.29303643
  -0.09421235]","[-7.49326718e-02  1.20118249e-02 -1.31078344e+02 -7.82205052e+00
 -1.27154922e+00  2.27556452e-01]",003,FP
423,0,0.8602098928181416,0,"[  2.17850949   0.06288339 -24.91390268  56.27517338  -1.3210775
   0.30110153]","[-2.92520138e-01  2.37025927e-02  6.66275107e+01  2.14898886e+01
 -1.34391232e+00  1.05809761e-01]","[  0.28265842   0.06359679 -24.75591549   8.99746785  -1.26186546
  -0.23059678]","[  4.62810405   0.14747141  10.7155795  -47.59281691  -1.29379963
   0.08454443]","[ 2.54734496e-01  3.37449285e-03 -4.67813210e+02  1.21168162e+02
 -1.27463957e+00 -1.41519878e-01]","[-3.44840927e-01  8.45314374e-02 -1.87046638e+01 -4.45013362e+00
 -1.30259513e+00  6.76369405e-03]","[  1.18377393   0.0852226   18.5398501  -19.94699127  -1.29232086
  -0.09464566]","[-8.18866080e-02  1.01392703e-02 -1.54954612e+02 -1.06887075e+01
 -1.25354530e+00  2.78451757e-01]",003,FP
424,0,0.8602098928181416,0,"[ 2.14740015e+00  4.57753413e-02 -3.27577785e+01  7.23440584e+01
 -1.06684896e+00  6.62282111e-01]","[-2.77968673e-01  2.41528569e-02  6.54356748e+01  2.01890677e+01
 -1.34936747e+00 -4.82063810e-02]","[  0.23931785   0.07366477 -21.38938441   7.11886152  -1.27202262
  -0.20795769]","[  4.72387325   0.15563315  10.15438342 -45.96802026  -1.29872712
   0.07857984]","[ 2.52469725e-01  3.73999353e-03 -4.21887285e+02  1.08513767e+02
 -1.27217539e+00 -1.61925875e-01]","[-3.98030033e-01  8.39548850e-02 -1.88328947e+01 -5.49605769e+00
 -1.30189948e+00  1.40261511e-02]","[  1.23607944   0.08000404  19.74965068 -22.41213714  -1.29195292
  -0.09307562]","[-8.76497728e-02  8.23342467e-03 -1.90180591e+02 -1.46692856e+01
 -1.22546690e+00  3.42669984e-01]",003,FP
425,0,0.8604691474155544,0,"[ 2.13069947e+00  2.46492269e-02 -3.96604067e+01  8.65044075e+01
 -6.93279727e-01  7.51694148e-01]","[-2.63889647e-01  2.22045188e-02  7.09170425e+01  2.07142733e+01
 -1.32155914e+00 -2.10520264e-01]","[  0.18970217   0.08382748 -18.81287291   5.56884285  -1.28316465
  -0.17944321]","[  4.82412819   0.16276169   9.71168399 -44.85040847  -1.30580229
   0.05884402]","[ 2.49983409e-01  4.13152199e-03 -3.82023899e+02  9.74996363e+01
 -1.29457026e+00 -1.47692192e-01]","[ -0.45076178   0.08301778 -19.04519355  -6.58484542  -1.30128185
   0.0197098 ]","[  1.2852492    0.07524135  21.00094608 -24.99144921  -1.29170852
  -0.08926822]","[-9.22226247e-02  6.35937177e-03 -2.44846463e+02 -2.05803835e+01
 -1.17919932e+00  4.26679176e-01]",003,FP
426,0,0.9727982388488512,0,"[ 2.13322271e+00  2.97583382e-02  3.49900842e+01 -7.26416421e+01
 -4.27641206e-01  9.72070458e-01]","[-2.51738730e-01  1.80976482e-02  8.59603411e+01  2.36395471e+01
 -1.23397156e+00 -4.16744074e-01]","[  0.13401903   0.09334833 -16.90927636   4.26616488  -1.29469349
  -0.14477886]","[ 4.92753192e+00  1.67003606e-01  9.46711414e+00 -4.46495071e+01
 -1.31415960e+00  2.29491329e-02]","[ 2.47328485e-01  4.41222287e-03 -3.58162572e+02  9.05838063e+01
 -1.33232949e+00 -7.10984453e-02]","[ -0.50283046   0.08180693 -19.32678432  -7.71809588  -1.3008079
   0.02422061]","[  1.33159682   0.07100919  22.25460679 -27.63416373  -1.29167542
  -0.08269288]","[-9.56487214e-02  4.58905590e-03 -3.35876838e+02 -3.01261901e+01
 -1.09893333e+00  5.41450438e-01]",003,FP
427,2,0.9651834364112464,1,"[  2.15797311   0.06218132  23.58871517 -48.90381313  -0.85027297
   0.81666749]","[-2.42761093e-01  1.23888633e-02  1.20280503e+02  3.11994263e+01
 -9.73883854e-01 -7.26558545e-01]","[  0.07299493   0.10130826 -15.59345851   3.13824345  -1.30563866
  -0.10345132]","[ 5.03151155e+00  1.66217336e-01  9.51129107e+00 -4.58561709e+01
 -1.32078754e+00 -3.20510003e-02]","[ 2.44646235e-01  4.38342935e-03 -3.60426364e+02  9.01769529e+01
 -1.35659856e+00  7.20270977e-02]","[ -0.55407433   0.08038122 -19.66926134  -8.89823284  -1.30055239
   0.02812998]","[  1.37547094   0.06736605  23.46079753 -30.26964513  -1.29214611
  -0.0735001 ]","[-9.80144069e-02  2.99683312e-03 -5.03344100e+02 -4.73349735e+01
 -9.45747137e-01  7.10548252e-01]",003,FP
428,2,0.626686593745455,1,"[  2.20575995   0.09765736  15.78456384 -32.81695881  -1.1426338
   0.52460325]","[-2.37856027e-01  6.36041663e-03  1.71535745e+02  4.28008107e+01
 -4.84465409e-01 -9.33191560e-01]","[ 7.94719735e-03  1.06695683e-01 -1.48151363e+01  2.11773881e+00
 -1.31453036e+00 -5.50960785e-02]","[  5.13225272   0.15836263   9.97364465 -49.18726492  -1.32000451
  -0.10966848]","[ 2.42177543e-01  3.87934462e-03 -4.04124935e+02  9.98699837e+01
 -1.31965696e+00  2.92043591e-01]","[ -0.60435563   0.07876366 -20.07281409 -10.13111816  -1.30053779
   0.03219868]","[  1.41722798   0.06431728  24.57559865 -32.82922593  -1.29338904
  -0.06331252]","[-9.94433288e-02  1.65425192e-03 -8.53451813e+02 -8.28700893e+01
 -6.03266626e-01  9.79297217e-01]",003,FP
429,2,0.5958749548229539,1,"[  2.27509438   0.12967556  12.07363255 -25.46865352  -1.25675285
   0.33561687]","[-2.37475746e-01  5.59232639e-03 -1.64084205e+02 -3.69660189e+01
 -6.70176555e-01 -7.81729983e-01]","[-5.92228047e-02  1.08571597e-01 -1.45626110e+01  1.13756133e+00
 -1.31952461e+00  3.68305073e-04]","[  5.22495638   0.14208566  11.08312338 -55.90883623  -1.30206404
  -0.2160165 ]","[ 2.40234111e-01  2.85781511e-03 -5.27870035e+02  1.28812388e+02
 -1.09413535e+00  6.34923594e-01]","[ -0.65353838   0.07693755 -20.54866348 -11.42934018  -1.30070845
   0.03726608]","[  1.45718744   0.06177206  25.59014577 -35.28963907  -1.29547573
  -0.05523305]","[-1.00083834e-01  6.84352235e-04 -1.20611627e+03 -1.18712741e+02
 -5.74691648e-01  8.86537306e-01]",003,FP
430,2,0.5903694780273204,1,"[  2.36238709   0.15456909  10.19423684 -22.08273348  -1.30659777
   0.1990062 ]","[-2.41581923e-01  1.11362056e-02 -1.32439107e+02 -2.99948942e+01
 -9.33712070e-01 -7.62465355e-01]","[ -0.12614083   0.10627135 -14.87289333   0.12392089  -1.31864534
   0.06299201]","[  5.30439868   0.11729393  13.32163225 -68.66324847  -1.2467549
  -0.36499025]","[ 2.39140129e-01  1.56306579e-03 -6.93797825e+02  1.67914902e+02
 -5.92288530e-01  8.42304206e-01]","[ -0.70146688   0.07485117 -21.12048753 -12.81532257  -1.30093403
   0.04409473]","[  1.49557336   0.0595237   26.55726268 -37.71833453  -1.29817258
  -0.05296334]","[-1.00090521e-01  6.70852133e-04  1.78430601e+03  1.80592119e+02
 -6.03739218e-01  8.64039493e-01]",003,FP
431,0,0.8183131117058684,0,"[  2.51751875   0.27274802   5.46193227 -11.75051689  -0.56183165
   0.86240149]","[-2.58267205e-01  3.39596135e-02 -4.09858970e+01 -8.58531307e+00
 -1.79777448e-01 -1.19632636e+00]","[ -0.20833678   0.13034162 -11.92619573  -0.48466518  -0.94091932
  -0.4276846 ]","[ 5.34644168e+00  7.27336405e-02  1.56090222e+01 -8.14527268e+01
 -8.73145705e-01 -4.28397234e-01]","[ 2.42288570e-01  8.47464211e-03  1.29804605e+02 -2.94501722e+01
  2.17840492e-01  1.47589795e+00]","[ -0.7709021    0.11418798 -13.1820568   -8.1620753   -0.6213037
  -0.77378525]","[  1.54943578   0.0879267   17.19953461 -24.6495744   -0.66137914
   0.73434752]","[-9.85693974e-02  3.38499527e-03  3.85875880e+02  4.00355530e+01
  5.21428973e-02  1.36225137e+00]",003,FP
432,0,0.8183131117058684,0,"[  2.66942194   0.30052907   5.07922    -11.55858129  -1.69839627
   0.22289151]","[ -0.27717956   0.04154748 -36.15724255  -8.0220487   -1.72900576
  -0.33312149]","[ -0.27773774   0.12327806 -12.4827806   -1.46693921  -1.60236647
  -0.01860687]",[ 5.35521796  0.05749929 -9.21252948 51.33510329 -1.18858241  0.07986783],"[ 2.47260641e-01  1.25905121e-02  1.13810504e+02 -2.61408583e+01
 -1.59685515e+00  5.12314383e-01]","[ -0.83694747   0.12518686 -12.23932407  -8.24367127  -1.67187671
  -0.23352592]","[  1.59944108   0.09423887  16.26723967 -24.01849141  -1.6753847
   0.20587444]","[-9.64712692e-02  4.71961988e-03  3.14216950e+02  3.23129080e+01
 -1.60394177e+00  4.66064195e-01]",003,FP
433,0,0.8183131117058684,0,"[  2.81000978   0.27650117   5.3553679  -13.0486362   -1.67588309
  -0.42823495]","[ -0.2967491    0.04108731 -36.39617591  -8.80053255  -1.72017509
   0.36435399]","[ -0.33192388   0.09866447 -14.30957197  -2.74968861  -1.52567938
   0.54897902]","[  5.33126769   0.0898146  -16.09600997  87.81213788  -1.17883801
  -0.38365894]","[ 2.53922753e-01  1.49928619e-02  1.02384626e+02 -2.39977861e+01
 -1.65161798e+00 -1.00437498e-01]","[ -0.89918526   0.11907058 -12.68247979  -9.40389894  -1.66839166
   0.3624313 ]","[  1.64486343   0.08690425  17.1924857  -26.27929108  -1.66738505
  -0.40775324]","[-9.38199139e-02  5.51061965e-03  2.80738216e+02  2.83388352e+01
 -1.60439481e+00 -7.30179930e-02]",003,FP
434,0,0.8183131117058684,0,"[  2.93236433   0.20723066   6.34543953 -16.60714054   0.0400937
  -1.35255194]","[-3.15456250e-01  3.28926275e-02 -4.18137447e+01 -1.11904071e+01
 -1.14605935e-01  1.23928920e+00]","[ -0.36924635   0.06335574 -15.61053128  -3.76413173   0.14888288
   1.43003317]","[ 5.27712356e+00  1.21960633e-01 -1.29556752e+01  7.03686990e+01
 -1.23633984e+00 -5.51407454e-02]","[ 2.62012661e-01  1.50068951e-02  1.02308769e+02 -2.48061928e+01
 -8.13696734e-01 -5.92954557e-01]","[ -0.9572101    0.09649777 -14.80693615 -12.17334883  -0.27839479
   1.09699617]","[  1.68484852   0.06673504  20.45426627 -32.4623403   -0.07838543
  -1.26358142]","[-9.05828671e-02  5.75885128e-03  2.70086705e+02  2.64652281e+01
 -9.14590540e-01 -3.72100710e-01]",003,FP
435,0,0.8183131117058684,0,"[ 3.03111518e+00  4.57672292e-02  3.13509016e+01 -9.30281935e+01
 -7.46125637e-01 -8.89532109e-01]","[-3.31931437e-01  1.03297935e-02 -1.46598091e+02 -4.66605150e+01
 -1.03486495e+00  6.55483595e-01]","[-3.88924732e-01  2.07172024e-02  6.62240112e+01  2.77561558e+01
 -6.51485147e-01  9.37984066e-01]","[  5.19708546   0.12701932 -12.43195732  66.60994456  -1.31529895
  -0.12225132]","[ 2.71164968e-01  1.08864106e-02  1.45230971e+02 -3.73815517e+01
 -1.32275435e+00 -1.30911085e-02]","[ -1.01065318   0.04332991 -36.3922289  -34.77992198  -1.28077553
   0.18316743]","[ 1.71848496e+00  2.02759061e-02  7.54149589e+01 -1.27599473e+02
 -1.08483553e+00 -5.93650343e-01]","[-8.66765766e-02  5.21218125e-03  3.01455023e+02  2.81290894e+01
 -1.23353226e+00  2.80322121e-01]",003,FP
436,0,0.8183131117058684,0,"[ 3.04745759e+00  2.10370974e-02  3.41718286e+01 -1.02137199e+02
 -9.03202673e-01 -6.63757626e-01]","[-3.36413969e-01  5.66862167e-03 -2.27947535e+02 -7.46847351e+01
 -5.29868242e-01  9.81391616e-01]","[-3.72905823e-01  3.53679464e-02  4.32259543e+01  1.81192101e+01
 -1.10290105e+00  5.86497270e-01]","[ 5.11616492e+00  1.33965391e-01 -1.18003289e+01  6.23724287e+01
 -1.32520370e+00 -3.99009081e-02]","[ 2.77813920e-01  1.05234085e-02  1.50145711e+02 -3.97125684e+01
 -1.32004993e+00 -8.78502959e-02]","[-1.03625442e+00  3.79433855e-02 -4.15195615e+01 -4.10248291e+01
 -1.27249197e+00  2.12335399e-01]","[ 1.72790951e+00  1.19639768e-02  1.17280396e+02 -2.00649911e+02
 -6.92134062e-01 -9.21412500e-01]","[-8.30099569e-02  6.30816224e-03  2.49072964e+02  2.26755360e+01
 -1.23523053e+00  2.80705113e-01]",003,FP
437,0,0.8183131117058684,0,"[ 3.04413876e+00  2.76687058e-02 -4.38089896e+01  1.35360643e+02
 -4.70053388e-01 -9.84293294e-01]","[-3.37440288e-01  3.68221257e-03  1.27182904e+02  4.49166358e+01
 -1.31085510e+00  4.57341174e-01]",[-0.34760272  0.04842623 32.27709097 13.21960474 -1.24795912  0.36048287],"[ 5.03332039e+00  1.33585816e-01 -1.18331368e+01  6.15599686e+01
 -1.32856447e+00  4.57354070e-02]","[ 2.84047582e-01  9.62078623e-03  1.63884100e+02 -4.45508822e+01
 -1.30790214e+00 -1.80779208e-01]","[-1.05845294e+00  3.25307398e-02 -4.83666021e+01 -4.91937720e+01
 -1.26119752e+00  2.46064253e-01]","[ 1.73156707e+00  5.82362399e-03  5.47295653e+01 -9.27679133e+01
 -1.54266290e+00 -3.32598408e-01]","[-7.85849406e-02  7.61671022e-03  2.06332699e+02  1.82146429e+01
 -1.23975866e+00  2.74992196e-01]",003,FP
438,0,0.7982146916758383,0,"[ 3.02205078e+00  5.27765013e-02 -2.84559455e+01  8.79953122e+01
 -9.83727852e-01 -7.04581410e-01]","[-3.34756860e-01  8.07398866e-03  1.74027142e+02  6.02567797e+01
 -6.58729103e-01  9.44010189e-01]",[-0.3148188   0.05854076 26.90202443 10.46926306 -1.3019593   0.21431995],"[  4.95351939   0.12515159 -12.60884069  64.45813685  -1.32016087
   0.14901382]","[ 2.89511154e-01  8.16565528e-03  1.91974695e+02 -5.35788154e+01
 -1.27086774e+00 -3.12636787e-01]","[-1.07727485e+00  2.72146884e-02 -5.77159197e+01 -6.01759087e+01
 -1.24570397e+00  2.85062154e-01]","[ 1.72929535e+00  1.01315593e-02 -1.29295477e+02  2.25590067e+02
 -5.21817501e-01 -9.98833680e-01]","[-7.32695526e-02  9.13889364e-03  1.72048911e+02  1.46059467e+01
 -1.24649003e+00  2.63640862e-01]",003,FP
439,0,0.8454789180808907,0,"[  2.982465     0.07822959 -19.83335871  61.1522982   -1.17829315
  -0.46152619]","[-3.28195866e-01  1.39976777e-02  1.08753266e+02  3.76923723e+01
 -1.03877157e+00  6.34324962e-01]",[-0.27671398  0.06505259 24.28125762  8.71896347 -1.32326079  0.10499458],"[  4.88202586   0.10827947 -14.4950992   72.76544922  -1.28500848
   0.2883469 ]","[ 2.93842215e-01  6.17568285e-03  2.49240565e+02 -7.12373996e+01
 -1.15612032e+00 -5.27148808e-01]","[-1.09282958e+00  2.21320707e-02 -7.08094158e+01 -7.53826238e+01
 -1.22464431e+00  3.29620106e-01]","[ 1.72115780e+00  1.84854626e-02 -8.18258897e+01  1.42835268e+02
 -1.02247639e+00 -6.65595342e-01]","[-6.69361422e-02  1.08595593e-02  1.44882652e+02  1.16978858e+01
 -1.25455603e+00  2.47686884e-01]",003,FP
440,0,0.8696668526435392,0,"[  2.9269228    0.10169045 -15.41216436  47.11021524  -1.24748954
  -0.32298095]","[-3.17696931e-01  2.01402862e-02  7.71516545e+01  2.65108439e+01
 -1.17805424e+00  4.48178705e-01]","[-2.35677034e-01  6.76601347e-02  2.33668052e+01  7.50701935e+00
 -1.32864697e+00  1.30774394e-02]","[ 4.82417560e+00  8.33875731e-02 -1.85103644e+01  9.12972483e+01
 -1.17599373e+00  5.01495865e-01]","[ 2.96675450e-01  3.77822822e-03  3.70882522e+02 -1.08031739e+02
 -7.45311157e-01 -8.83714388e-01]","[-1.10531772e+00  1.74312847e-02 -8.96438509e+01 -9.70849367e+01
 -1.19678926e+00  3.78881328e-01]","[ 1.70747842e+00  2.66855137e-02 -5.82765469e+01  1.01505946e+02
 -1.20054648e+00 -4.32600537e-01]","[-5.94722824e-02  1.27454627e-02  1.23536868e+02  9.34701950e+00
 -1.26329417e+00  2.28161200e-01]",003,FP
441,0,0.8856594916683902,0,"[  2.85721191   0.12240702 -12.85915366  38.74132697  -1.27912972
  -0.23284037]","[-3.03337181e-01  2.61105679e-02  6.00060883e+01  2.02020777e+01
 -1.24091457e+00  3.29506164e-01]",[-0.19416446  0.06638432 23.80618358  6.62231485 -1.32355396 -0.07218521],"[ 4.78501857e+00  5.25025817e-02 -2.72517819e+01  1.32400282e+02
 -8.05682480e-01  8.51432712e-01]","[ 2.97651176e-01  2.07924733e-03  4.50341818e+01 -1.14044772e+01
 -1.72081202e+00 -2.46677221e-01]","[-1.11503728e+00  1.32663538e-02 -1.17395357e+02 -1.28900200e+02
 -1.16242517e+00  4.28613900e-01]","[ 1.68885904e+00  3.38601502e-02 -4.63709795e+01  8.03140478e+01
 -1.27080094e+00 -2.86162488e-01]","[-5.07936962e-02  1.47425245e-02  1.06886151e+02  7.42914268e+00
 -1.27239488e+00  2.05594968e-01]",003,FP
442,0,0.8856594916683902,0,"[  2.77540217   0.13977147 -11.28677116  33.32532917  -1.29664687
  -0.16560581]","[-2.85354400e-01  3.16017235e-02  4.97875332e+01  1.62070917e+01
 -1.27462461e+00  2.43858621e-01]",[-0.15452413  0.06153961 25.63785498  5.96166721 -1.30842595 -0.15891214],"[ 4.76890406e+00  2.65893553e-02 -1.63049590e+01  7.97567851e+01
 -1.43590525e+00  3.65611792e-01]","[ 2.96428681e-01  4.33984832e-03 -3.04779448e+02  9.23453696e+01
 -4.63284563e-01 -1.04732248e+00]","[-1.12238570e+00  9.78908386e-03 -1.58685442e+02 -1.76106271e+02
 -1.12774324e+00  4.65342846e-01]","[ 1.66617073e+00  3.95028149e-02 -3.99158617e+01  6.85066405e+01
 -1.30354597e+00 -1.80201559e-01]","[-4.08587432e-02  1.67725543e-02  9.40237367e+01  5.84169172e+00
 -1.28163591e+00  1.80021013e-01]",003,FP
443,0,0.8856594916683902,0,"[  2.68387599   0.15317269 -10.31228223  29.6768867   -1.3070102
  -0.10973642]","[-2.64149700e-01  3.63380106e-02  4.34009135e+01  1.34643383e+01
 -1.29414981e+00  1.76097707e-01]",[-0.1188238   0.05369739 29.28365619  5.47959529 -1.27950105 -0.2553055 ],"[ 4.77908040e+00  4.62539421e-02  2.75088052e+01 -1.29466792e+02
 -4.46463566e-01  1.03469415e+00]","[ 2.92704664e-01  8.27569856e-03 -1.81156249e+02  5.50252790e+01
 -9.29825502e-01 -7.36473089e-01]","[-1.12785540e+00  7.14213458e-03 -2.17789476e+02 -2.43635037e+02
 -1.11332546e+00  4.52748353e-01]","[ 1.64051696e+00  4.32454531e-02 -3.65334258e+01  6.19337048e+01
 -1.31912723e+00 -9.38510100e-02]","[-2.96827164e-02  1.87330557e-02  8.42477033e+01  4.50070068e+00
 -1.29056668e+00  1.51416993e-01]",003,FP
444,0,0.8856594916683902,0,[ 2.58529425  0.16211515 -9.75009955 27.20687626 -1.3122023  -0.06057805],[-0.24026554  0.04009951 39.38369264 11.46254406 -1.30498545  0.1197454 ],[-0.0887011   0.04365118 35.79433383  5.17499688 -1.22677627 -0.37220049],"[  4.81734052   0.08795634  17.06182492 -80.19262055  -0.96534243
   0.71654612]","[ 2.86237145e-01  1.27200248e-02 -1.21266263e+02  3.67109090e+01
 -1.11565787e+00 -5.30208189e-01]","[-1.13202182e+00  5.46178668e-03 -2.87211196e+02 -3.23129340e+02
 -1.14793631e+00  3.13782050e-01]","[ 1.61317394e+00  4.48527510e-02 -3.52490796e+01  5.88628967e+01
 -1.32456902e+00 -1.65263424e-02]","[-1.73489128e-02  2.05045602e-02  7.70214707e+01  3.33623878e+00
 -1.29848211e+00  1.20152103e-01]",003,FP
445,2,0.9970657752023658,1,"[ 2.48249487e+00  1.66381824e-01 -9.50270782e+00  2.55904234e+01
 -1.31336113e+00 -1.66853847e-02]",[-0.21434597  0.04275456 36.96560511  9.92342859 -1.31001519  0.07210065],"[-6.52482263e-02  3.23733942e-02  4.76361863e+01  5.10817666e+00
 -1.12568400e+00 -5.28350415e-01]","[  4.88371528   0.13104788  11.82552375 -55.75249107  -1.17226965
   0.47405886]","[ 2.76872665e-01  1.73813229e-02 -8.97434996e+01  2.68475219e+01
 -1.20038694e+00 -4.00288155e-01]","[-1.13552363e+00  4.88547567e-03 -3.23295634e+02 -3.65109831e+02
 -1.18685037e+00 -3.46990128e-03]","[ 1.58551554e+00  4.42334502e-02 -3.57332696e+01  5.86556544e+01
 -1.32225619e+00  5.87887365e-02]","[-4.01290240e-03  2.19663222e-02  7.19355561e+01  2.28867037e+00
 -1.30467161e+00  8.70872143e-02]",003,FP
446,2,0.9970657752023658,1,"[ 2.37836767e+00  1.66066971e-01 -9.52054989e+00  2.46433681e+01
 -1.31205984e+00  2.31936410e-02]","[-1.87089587e-01  4.42680411e-02  3.57140866e+01  8.68173372e+00
 -1.31152133e+00  3.13805161e-02]","[-4.89465257e-02  2.09606751e-02  7.11392997e+01  5.48202156e+00
 -9.05176425e-01 -7.62021778e-01]","[  4.97624533   0.1701564    9.21277452 -43.84502624  -1.25946669
   0.31625279]","[ 2.64570243e-01  2.20284040e-02 -7.12120751e+01  2.08405960e+01
 -1.24591762e+00 -3.08646534e-01]","[-1.13903454e+00  5.48863697e-03 -2.85724713e+02 -3.23450316e+02
 -1.14530096e+00 -3.19732990e-01]","[ 1.55892843e+00  4.14417251e-02 -3.80906854e+01  6.13806525e+01
 -1.31168694e+00  1.38690392e-01]","[ 1.01024719e-02  2.30154201e-02  6.86827047e+01  1.30613490e+00
 -1.30871547e+00  5.33072749e-02]",003,FP
447,2,0.9970657752023658,1,[ 2.27575422  0.1614228  -9.79183935 24.28381971 -1.30963459  0.06207814],"[-1.59205924e-01  4.46734036e-02  3.53928382e+01  7.63474952e+00
 -1.31122837e+00 -4.71812925e-03]","[-3.96660706e-02  1.07131056e-02  1.19959213e+02  6.75831060e+00
 -3.98056121e-01 -1.07704177e+00]","[  5.09091921   0.20151272   7.82010025 -37.81149858  -1.30220977
   0.19795279]","[ 2.49415061e-01  2.64409702e-02 -5.95199017e+01  1.68451599e+01
 -1.27268385e+00 -2.38538425e-01]","[-1.14322697e+00  7.19789947e-03 -2.16053112e+02 -2.44997745e+02
 -1.11219056e+00 -4.55650816e-01]","[ 1.53472421e+00  3.66705995e-02 -4.29221615e+01  6.78736804e+01
 -1.28876453e+00  2.31531097e-01]","[ 2.47208863e-02  2.35811695e-02  6.70481270e+01  3.42510877e-01
 -1.31061872e+00  1.96665793e-02]",003,FP
448,2,0.9970657752023658,1,"[  2.17741239   0.15263257 -10.34967329  24.53550681  -1.30603433
   0.10512231]",[-0.13138938  0.04402165 35.91241445  6.71850985 -1.31008922 -0.03943016],"[-3.67356269e-02  5.16702312e-03 -4.71706257e+01  2.67157491e-01
 -1.67271551e+00 -2.38306466e-01]","[  5.22186861   0.22215729   7.11089621 -35.1321657   -1.32268202
   0.09890481]","[ 2.31619849e-01  3.04174007e-02 -5.18412719e+01  1.40074676e+01
 -1.28929748e+00 -1.81682931e-01]","[-1.14873072e+00  9.85836595e-03 -1.57593334e+02 -1.79032304e+02
 -1.13127786e+00 -4.62993432e-01]","[ 1.51405760e+00  3.02441059e-02 -5.17269360e+01  8.03175606e+01
 -1.24210423e+00  3.50952799e-01]","[ 3.95315827e-02  2.36291721e-02  6.69130125e+01 -6.45177285e-01
 -1.31068718e+00 -1.36189200e-02]",003,FP
449,2,0.9970657752023658,1,"[  2.08606442   0.13967743 -11.29614124  25.56447833  -1.29915046
   0.15947612]",[-0.10432149  0.04233148 37.33289879  5.89462369 -1.30826083 -0.07718395],"[-3.90710359e-02  9.02492854e-03 -1.59379342e+02 -4.22711598e+00
 -9.04233197e-01 -7.85181641e-01]","[ 5.36184004e+00  2.30239660e-01  6.86680794e+00 -3.48187258e+01
 -1.32876494e+00  9.39538423e-03]","[ 2.11516601e-01  3.37800850e-02 -4.67390628e+01  1.18860877e+01
 -1.30004195e+00 -1.33097951e-01]","[-1.15609151e+00  1.32868469e-02 -1.17289529e+02 -1.33597428e+02
 -1.17167658e+00 -4.18913121e-01]","[ 1.49785970e+00  2.26109648e-02 -6.81873196e+01  1.04135038e+02
 -1.13832551e+00  5.24862062e-01]","[ 5.42093336e-02  2.31561473e-02  6.82687256e+01 -1.70080212e+00
 -1.30919029e+00 -4.70897170e-02]",003,FP
450,2,0.9970657752023658,1,"[  2.00450453   0.12235742 -12.86207693  27.78209146  -1.2834814
   0.23592864]","[-7.86989101e-02  3.95582013e-02  3.99189019e+01  5.14157407e+00
 -1.30469758e+00 -1.24290460e-01]","[-4.53318647e-02  1.34861901e-02 -1.15471704e+02 -3.23454766e+00
 -1.27758291e+00 -3.87632035e-01]","[  5.50286739   0.22524851   7.01563249 -36.60609526  -1.32366318
  -0.07687822]","[ 1.89542357e-01  3.63756892e-02 -4.34382424e+01  1.02333868e+01
 -1.30706074e+00 -8.93798215e-02]","[-1.16573504e+00  1.72652312e-02 -9.06053065e+01 -1.03621781e+02
 -1.21110902e+00 -3.60321814e-01]","[ 1.48679470e+00  1.43797125e-02 -1.02054702e+02  1.53734389e+02
 -8.57924876e-01  8.10982096e-01]","[ 6.84326129e-02  2.21824139e-02  7.12398176e+01 -2.87512686e+00
 -1.30603957e+00 -8.17681222e-02]",003,FP
451,2,0.6158375420229734,1,"[  1.93570308   0.10042444 -15.57278114  32.14428038  -1.24344408
   0.35503372]","[-5.52710455e-02  3.55917361e-02  4.42901424e+01  4.44796247e+00
 -1.29562504e+00 -1.90294588e-01]","[-5.40682382e-02  1.60175970e-02 -9.85180124e+01 -3.32669536e+00
 -1.35491295e+00 -1.33012497e-01]","[  5.63700402   0.20793407   7.58602228 -40.7624381   -1.30770255
  -0.16677824]","[ 1.66221903e-01  3.80768741e-02 -4.15165292e+01  8.90095647e+00
 -1.31131932e+00 -4.81573087e-02]","[-1.17794222e+00  2.15491807e-02 -7.28283138e+01 -8.37875455e+01
 -1.24243291e+00 -3.01596994e-01]","[ 1.48124516e+00  6.91354508e-03 -1.41825355e+02  2.12078120e+02
 -5.36030470e-01  8.84787608e-01]","[ 8.18992999e-02  2.07482919e-02  7.61183134e+01 -4.23403658e+00
 -1.30074141e+00 -1.18714280e-01]",003,FP
452,2,0.9363249308527714,1,"[  1.88283984   0.07386497 -20.76040121  41.08851054  -1.12242606
   0.56254779]","[-3.48676863e-02  3.02933791e-02  5.18159896e+01  3.80670367e+00
 -1.27013044e+00 -2.91253573e-01]","[-6.38295622e-02  1.64307597e-02 -9.61693648e+01 -4.13844845e+00
 -1.35851598e+00  5.89387486e-02]","[  5.75695891   0.17996648   8.73084304 -48.26310463  -1.27642927
  -0.2712861 ]","[ 1.42147619e-01  3.87899328e-02 -4.07607561e+01  7.79404442e+00
 -1.31315995e+00 -7.79622583e-03]","[-1.19283835e+00  2.58908454e-02 -6.07644290e+01 -7.04821411e+01
 -1.26532572e+00 -2.47653538e-01]","[ 1.48132248e+00  7.07089266e-03  1.49036044e+02 -2.18770441e+02
 -5.05333092e-01  9.10000214e-01]","[ 9.43406644e-02  1.89152528e-02  8.34195040e+01 -5.86985143e+00
 -1.29256327e+00 -1.58778508e-01]",003,FP
453,2,0.9363249308527714,1,"[ 1.84922110e+00  4.40016728e-02 -3.14642302e+01  6.01843185e+01
 -6.95802346e-01  9.11521585e-01]","[-1.84016944e-02  2.35782846e-02  6.57739818e+01  3.21035271e+00
 -1.19378058e+00 -4.59515024e-01]","[-7.32289533e-02  1.48262202e-02 -1.05974343e+02 -5.76039023e+00
 -1.31796810e+00  2.57514851e-01]","[  5.85653049   0.1435473   10.85178255 -61.5537953   -1.21263236
  -0.4115526 ]","[ 1.17953799e-01  3.84673392e-02 -4.10991980e+01  6.84780655e+00
 -1.31255090e+00  3.28258752e-02]","[-1.21039516e+00  3.00577114e-02 -5.24334992e+01 -6.14652535e+01
 -1.28156570e+00 -1.99406364e-01]","[ 1.48689278e+00  1.41883583e-02  1.04483224e+02 -1.53355351e+02
 -9.20216827e-01  7.63447610e-01]","[ 1.05534810e-01  1.67677504e-02  9.39816978e+01 -7.91834060e+00
 -1.28062743e+00 -2.02666862e-01]",003,FP
454,2,0.9363249308527714,1,[ 1.83806414  0.02420149 -0.68220505  3.25393664 -1.72249192  0.25021478],"[-6.84116394e-03  1.55958161e-02  9.47309730e+01  2.64807012e+00
 -9.30521506e-01 -7.61251112e-01]","[-8.09755510e-02  1.14199291e-02 -1.34375381e+02 -8.88112054e+00
 -1.17015717e+00  5.36528236e-01]","[  5.93082201   0.10128114  15.00951996 -87.01879129  -1.05397188
  -0.63291448]","[ 9.42855254e-02  3.71173990e-02 -4.25784966e+01  6.01453592e+00
 -1.30930936e+00  7.46260855e-02]","[-1.23044249e+00  3.38419326e-02 -4.66288067e+01 -5.53740648e+01
 -1.29301087e+00 -1.56136084e-01]","[ 1.49760908e+00  2.16408505e-02  7.15140186e+01 -1.05100044e+02
 -1.16771350e+00  4.86285738e-01]","[ 1.15318867e-01  1.44102580e-02  1.09158882e+02 -1.05880786e+01
 -1.26386331e+00 -2.51298365e-01]",003,FP
455,2,0.9363249308527714,1,"[  1.85215888   0.04980301  26.93616468 -47.89005663  -0.5222431
   1.01511027]","[-1.15297734e-03  7.84026276e-03  1.14925105e+02  2.13250604e+00
 -7.29545045e-01 -7.36622099e-01]","[-8.58910744e-02  6.77737515e-03 -1.94439451e+02 -1.47006134e+01
 -6.46977664e-01  9.08653349e-01]","[ 5.97629560e+00  5.72500843e-02  2.35584691e+01 -1.38792375e+02
 -5.86348709e-01 -9.72719621e-01]","[ 7.17683813e-02  3.48010406e-02 -4.53808356e+01  5.25690911e+00
 -1.30325774e+00  1.19042134e-01]","[-1.25268704e+00  3.70656020e-02 -4.26105012e+01 -5.13776226e+01
 -1.30089532e+00 -1.16788868e-01]","[ 1.51294551e+00  2.83416879e-02  5.52892557e+01 -8.16496311e+01
 -1.25340229e+00  3.24067688e-01]","[ 1.23596284e-01  1.19565384e-02  1.31222555e+02 -1.42186202e+01
 -1.24069466e+00 -3.06744841e-01]",003,FP
456,2,0.9363249308527714,1,"[  1.89344763   0.09141348  16.51056246 -29.26188537  -0.98900819
   0.68887161]","[-2.22412773e-03  1.00141270e-02 -1.10218693e+02  1.75485955e+00
 -3.86162574e-01 -1.01387350e+00]","[-8.69210838e-02  4.80531031e-03  9.34131471e+01  1.01195720e+01
 -1.28996481e+00  4.78846083e-01]",[ 5.99074129  0.03079696 -3.58671554 23.48708491 -1.69789536 -0.26401876],"[ 5.09855120e-02  3.16135724e-02 -4.98973323e+01  4.54404104e+00
 -1.29373996e+00  1.69160989e-01]","[-1.27673683e+00  3.95894015e-02 -3.99171173e+01 -4.89636539e+01
 -1.30588256e+00 -8.06804678e-02]","[ 1.53223586e+00  3.39472551e-02  4.63907170e+01 -6.90815202e+01
 -1.28880397e+00  2.18328195e-01]","[ 1.30335711e-01  9.51318838e-03  1.64280866e+02 -1.94116634e+01
 -1.20753695e+00 -3.74344294e-01]",003,FP
457,2,0.9363249308527714,1,"[  1.96260792   0.13495919  11.4876184  -20.54569089  -1.16744826
   0.47223971]","[-1.07732443e-02  2.09169257e-02 -7.03432392e+01  1.24217510e+00
 -8.43428142e-01 -8.16340241e-01]","[-8.31447537e-02  1.10860703e-02  1.25078020e+02  1.23995811e+01
 -5.81783798e-01  9.90656511e-01]","[ 5.97321293e+00  6.16556217e-02 -2.23030533e+01  1.35220887e+02
 -6.23315497e-01 -9.58888329e-01]","[ 3.24628753e-02  2.76625902e-02 -5.69070125e+01  3.84736525e+00
 -1.27818795e+00  2.30842003e-01]","[-1.30213046e+00  4.13247671e-02 -3.82539757e+01 -4.78116672e+01
 -1.30843051e+00 -4.76171746e-02]","[ 1.55472312e+00  3.83045289e-02  4.12076540e+01 -6.20664925e+01
 -1.30374849e+00  1.43340131e-01]","[ 1.35561327e-01  7.16427666e-03  2.16636791e+02 -2.73675709e+01
 -1.15385526e+00 -4.66859318e-01]",003,FP
458,2,0.656867093309015,1,"[  2.05874934   0.17630136   8.88478852 -16.2915525   -1.24562998
   0.33205056]","[-2.72678150e-02  3.34189463e-02 -4.59948923e+01  7.45819787e-01
 -1.10021439e+00 -5.59217441e-01]","[-7.37833390e-02  2.00783121e-02  7.52592409e+01  7.55287809e+00
 -9.74235841e-01  6.91586326e-01]","[  5.92394348   0.10775797 -14.12745586  85.69025004  -1.05431009
  -0.6270728 ]","[ 1.66594275e-02  2.30604550e-02 -6.79989081e+01  3.13282288e+00
 -1.24948352e+00  3.14144426e-01]","[-1.32836975e+00  4.22418939e-02 -3.74293728e+01 -4.77200468e+01
 -1.30904844e+00 -1.76110841e-02]","[ 1.57962187e+00  4.14073371e-02  3.81601290e+01 -5.82785745e+01
 -1.30878651e+00  8.84183108e-02]","[ 1.39337420e-01  4.96643066e-03  3.07677289e+02 -4.08709598e+01
 -1.04608592e+00 -6.13433096e-01]",003,FP
459,2,0.9685768658525896,1,"[  2.17929656   0.21236559   7.41250084 -14.15403759  -1.28520854
   0.22977506]","[ -0.0518557    0.04612884 -33.80285888   0.24712906  -1.20386387
  -0.40355278]","[-5.82079048e-02  3.02080262e-02  5.11680735e+01  4.97838635e+00
 -1.12587239e+00  5.11175817e-01]","[  5.84422899   0.15331583 -10.15277123  61.33511997  -1.19865987
  -0.42395908]","[ 3.95805172e-03  1.79403396e-02 -8.66746983e+01  2.34306294e+00
 -1.18909311e+00  4.37520998e-01]","[-1.35495279e+00  4.23662037e-02 -3.73202622e+01 -4.85671936e+01
 -1.30829860e+00  9.46482417e-03]","[ 1.60618447e+00  4.33747046e-02  3.64457852e+01 -5.65386542e+01
 -1.30902568e+00  4.83725566e-02]","[ 1.41751276e-01  2.96786750e-03  4.88675950e+02 -6.72704395e+01
 -7.64708701e-01 -8.73531991e-01]",003,FP
460,2,0.6609845896909586,1,"[  2.32006516   0.24061187   6.55929195 -13.21798469  -1.30649918
   0.14764984]","[ -0.08431415   0.05826938 -26.93480234  -0.27098497  -1.25506503
  -0.29774513]","[-3.59513537e-02  4.10423039e-02  3.80143923e+01  3.36666886e+00
 -1.19668149e+00  3.98701548e-01]",[ 5.73628668  0.19532353 -8.03349396 48.08242439 -1.25581173 -0.30133358],"[-5.34498286e-03  1.24918185e-02 -1.21664049e+02  1.34970774e+00
 -1.03964121e+00  6.40533544e-01]","[-1.38140240e+00  4.17632959e-02 -3.78558298e+01 -5.02941343e+01
 -1.30667324e+00  3.40486202e-02]","[ 1.63375349e+00  4.44012375e-02  3.56089608e+01 -5.61762639e+01
 -1.30747859e+00  1.95789353e-02]","[ 1.42898426e-01  1.35379859e-03  6.89680789e+02 -9.65542990e+01
 -5.44199681e-01 -8.84825603e-01]",003,FP
461,2,0.9363100763668544,1,"[  2.47551459   0.25910945   6.0990478  -13.09828183  -1.31747328
   0.07634958]","[ -0.12402538   0.06915277 -22.7751481   -0.82469634  -1.28382559
  -0.21745934]","[-6.73333357e-03  5.22237627e-02  3.00221857e+01  2.20214939e+00
 -1.23678241e+00  3.19522165e-01]",[ 5.60313153  0.23226985 -6.78062517 39.99273465 -1.28317255 -0.21807233],"[-1.10501556e-02  7.07734855e-03 -1.93638128e+02 -1.39731446e-01
 -6.05161199e-01  9.69460336e-01]","[-1.40728577e+00  4.05195308e-02 -3.90113859e+01 -5.29001681e+01
 -1.30448990e+00  5.68621328e-02]","[ 1.66178475e+00  4.46889811e-02  3.53808402e+01 -5.67953406e+01
 -1.30590642e+00 -1.59282695e-03]","[ 1.42872425e-01  1.40676340e-03 -7.82057915e+02  1.13734511e+02
 -4.91997998e-01 -9.27070027e-01]",003,FP
462,2,0.9754303744356472,1,"[ 2.63916804e+00  2.66683465e-01  5.92860978e+00 -1.36465975e+01
 -1.32109561e+00  1.05731983e-02]","[ -0.16999116   0.07816712 -20.18929936  -1.43200236  -1.30070057
  -0.1515264 ]",[ 0.02949602  0.06333196 24.83092766  1.26758654 -1.26297396  0.2572989 ],[ 5.44853395  0.26292404 -6.00188091 34.70145193 -1.29883831 -0.1543409 ],"[-1.30619580e-02  3.51551973e-03 -2.60504270e+01  1.65973042e+00
 -1.70492937e+00  2.62682767e-01]","[-1.43222448e+00  3.87266941e-02 -4.08077236e+01 -5.64458207e+01
 -1.30184392e+00  7.87476656e-02]","[ 1.68983351e+00  4.43822568e-02  3.56243190e+01 -5.81991678e+01
 -1.30518760e+00 -1.92997736e-02]","[ 1.41759142e-01  2.78963638e-03 -5.33787778e+02  7.76692974e+01
 -9.36138163e-01 -7.47078500e-01]",003,FP
463,2,0.9754303744356472,1,"[  2.80416663   0.26310176   6.00805777 -14.84759509  -1.31814717
  -0.05230068]","[ -0.22088913   0.08483022 -18.62487332  -2.11403208  -1.31004281
  -0.09462462]",[ 0.07249662  0.07384769 21.3384454   0.45303485 -1.28182623  0.20365607],[ 5.27708762  0.28590878 -5.52572137 31.15971578 -1.30949531 -0.09864667],"[-1.13947374e-02  6.55932785e-03  2.06270889e+02  4.35040261e+00
 -5.92539547e-01  9.70172192e-01]","[-1.45589776e+00  3.64749229e-02 -4.33134826e+01 -6.10600025e+01
 -1.29864239e+00  1.00459281e-01]","[ 1.71750678e+00  4.35210895e-02  3.63259804e+01 -6.03901178e+01
 -1.30557960e+00 -3.83857262e-02]","[ 1.39635350e-01  4.25319307e-03 -3.63780738e+02  5.27966506e+01
 -1.15389894e+00 -4.93315806e-01]",003,FP
464,2,0.9754303744356472,1,"[  2.963884     0.24920521   6.3379274  -16.78488158  -1.30898136
  -0.11317156]","[ -0.27516032   0.08883997 -17.79444319  -2.89632468  -1.3141982
  -0.04395444]",[ 0.12167891  0.08316104 18.97618384 -0.30900139 -1.29604066  0.15391628],[ 5.09434024  0.29953816 -5.27762663 28.88602571 -1.31705894 -0.04334778],"[-6.18028726e-03  1.15822832e-02  1.31289933e+02  2.81140950e+00
 -1.05405317e+00  6.31730944e-01]","[-1.47804275e+00  3.38530183e-02 -4.66496994e+01 -6.69502501e+01
 -1.29470021e+00  1.22507180e-01]","[ 1.74439704e+00  4.20241576e-02  3.76117251e+01 -6.36097818e+01
 -1.30656626e+00 -6.42768833e-02]","[ 1.36572062e-01  5.65295392e-03 -2.76755250e+02  3.97970351e+01
 -1.22898207e+00 -3.54267161e-01]",003,FP
465,2,0.9754303744356472,1,"[  3.11249699   0.22680581   6.95425372 -19.64509376  -1.29429447
  -0.17268125]","[-3.31110048e-01  9.00826177e-02 -1.75517498e+01 -3.81156072e+00
 -1.31481002e+00  2.66743231e-03]",[ 0.17606734  0.09062014 17.43194639 -1.06919642 -1.30650604  0.10546227],"[ 4.90687023e+00  3.01992392e-01 -5.23536845e+00  2.76892736e+01
 -1.32079217e+00  1.67485974e-02]","[ 2.32140500e-03  1.64124020e-02  9.49071442e+01  1.77968208e+00
 -1.21169227e+00  4.12502466e-01]","[-1.49845557e+00  3.09531616e-02 -5.09954062e+01 -7.44143506e+01
 -1.28980439e+00  1.45033598e-01]","[ 1.77002239e+00  3.97140421e-02  3.97786526e+01 -6.84091059e+01
 -1.30623128e+00 -1.02382293e-01]","[ 1.32642471e-01  6.95483675e-03 -2.26018416e+02  3.19796412e+01
 -1.26474968e+00 -2.65887786e-01]",003,FP
466,2,0.987540796365687,1,"[  3.24539947   0.19828226   7.93869738 -23.76424426  -1.27456504
  -0.23305022]","[ -0.38700336   0.08859131 -17.84393331  -4.90566208  -1.31288202
   0.04781816]",[ 0.23430522  0.09561412 16.53196815 -1.87352638 -1.31331443  0.0569573 ],[ 4.72218366  0.29179015 -5.41524418 27.57177757 -1.31841042  0.08545271],"[ 1.37084157e-02  2.05836680e-02  7.63322427e+01  9.53605886e-01
 -1.27648303e+00  2.72024670e-01]","[-1.51699585e+00  2.78772425e-02 -5.65901251e+01 -8.38469849e+01
 -1.28377094e+00  1.67569333e-01]","[ 1.79380002e+00  3.63913000e-02  4.33590317e+01 -7.57774318e+01
 -1.30065971e+00 -1.57401305e-01]","[ 1.27933178e-01  8.11861152e-03 -1.94122191e+02  2.68346688e+01
 -1.28665097e+00 -1.98970947e-01]",003,FP
467,2,0.987540796365687,1,"[  3.35936606   0.16601463   9.45342669 -29.75752075  -1.24822944
  -0.3001253 ]","[ -0.4411403    0.08448563 -18.70090368  -6.24972233  -1.30847509
   0.09477136]","[ 2.94706790e-01  9.76647737e-02  1.61889896e+01 -2.77100515e+00
 -1.31639931e+00  7.61189481e-03]",[ 4.54836188  0.26833243 -5.8785202  28.7376372  -1.30627264  0.167036  ],"[ 2.74238929e-02  2.37823070e-02  6.63269315e+01  1.81057335e-01
 -1.30831390e+00  1.66291003e-01]","[-1.53359447e+00  2.47420899e-02 -6.37225665e+01 -9.57245754e+01
 -1.27666058e+00  1.88643540e-01]","[ 1.81506897e+00  3.19396778e-02  4.92780300e+01 -8.74430232e+01
 -1.28348446e+00 -2.33702850e-01]","[ 1.22556288e-01  9.08693447e-03 -1.73716989e+02  2.32901093e+01
 -1.30163145e+00 -1.40829038e-01]",003,FP
468,2,0.987540796365687,1,"[  3.45242481   0.13190036  11.83710406 -38.86671175  -1.2079238
  -0.38677188]","[ -0.49190387   0.07792749 -20.25339122  -7.96272154  -1.30049046
   0.14770211]",[ 0.35535     0.09649059 16.38350657 -3.82187906 -1.31571025 -0.04363803],[ 4.39347982  0.23225849 -6.7657198  31.72505339 -1.27743708  0.2693238 ],"[ 4.27538048e-02  2.57424751e-02  6.13885301e+01 -6.24593234e-01
 -1.32432685e+00  7.50572649e-02]","[-1.54826218e+00  2.16804722e-02 -7.26831053e+01 -1.10532503e+02
 -1.26913007e+00  2.05424468e-01]","[ 1.83316305e+00  2.64195603e-02  5.92678546e+01 -1.06647641e+02
 -1.24413627e+00 -3.37835212e-01]","[ 1.16658614e-01  9.79383258e-03 -1.61341640e+02  2.08218922e+01
 -1.31167687e+00 -8.58435169e-02]",003,FP
469,2,0.987540796365687,1,"[  3.52347829   0.09713181  15.88859521 -53.98312024  -1.12794392
  -0.52189455]","[ -0.53778066   0.06910101 -22.79581016 -10.25914575  -1.28614649
   0.21281135]",[ 0.4141931   0.09202098 17.16821569 -5.11095651 -1.31089613 -0.09890713],[ 4.26490443  0.1855174  -8.39803996 37.81683784 -1.21403946  0.40948573],"[ 5.88451147e-02  2.62589153e-02  6.02077982e+01 -1.54293479e+00
 -1.32967920e+00 -1.34040834e-02]","[-1.56109584e+00  1.88353822e-02 -8.36402957e+01 -1.28570518e+02
 -1.26263269e+00  2.13530651e-01]","[ 1.84751635e+00  2.01080473e-02  7.70128368e+01 -1.40282476e+02
 -1.16026579e+00 -4.84412599e-01]","[ 1.10424180e-01  1.01782783e-02 -1.55327748e+02  1.91519393e+01
 -1.31733136e+00 -3.11751024e-02]",003,FP
470,2,0.987540796365687,1,"[ 3.57178850e+00  6.24424377e-02  2.37521088e+01 -8.28375093e+01
 -9.04635792e-01 -7.70591210e-01]","[ -0.57736172   0.05820382 -26.95778875 -13.5643953   -1.25833662
   0.301569  ]",[ 0.46919443  0.08437148 18.69930389 -6.77360926 -1.30053032 -0.16210045],"[  4.16862766   0.13133927 -11.58724335  50.3029031   -1.05800238
   0.62688384]","[ 7.47431744e-02  2.52068694e-02  6.26583583e+01 -2.68328460e+00
 -1.32411744e+00 -1.09268100e-01]","[-1.57227948e+00  1.63481626e-02 -9.63877669e+01 -1.49548508e+02
 -1.25918385e+00  2.07125164e-01]","[ 1.85777034e+00  1.34815375e-02  1.11610715e+02 -2.05347076e+02
 -9.68183381e-01 -7.08239429e-01]","[ 1.04068893e-01  1.01956392e-02 -1.55066925e+02  1.81376433e+01
 -1.31856966e+00  2.52869670e-02]",003,FP
471,2,0.987540796365687,1,"[ 3.59646907e+00  3.09017406e-02  3.45222855e+01 -1.22158332e+02
 -5.05461085e-01 -9.10401630e-01]","[ -0.60933608   0.04545711 -34.19657477 -18.83720671  -1.19505442
   0.43845708]",[ 0.51842229  0.07381406 21.31766146 -9.0515509  -1.28059817 -0.23998396],"[ 4.10876051e+00  7.51027310e-02 -1.82466490e+01  7.69711108e+01
 -6.11838141e-01  9.65523943e-01]","[ 8.94375726e-02  2.25523817e-02  6.97951308e+01 -4.24230708e+00
 -1.30129507e+00 -2.26897892e-01]","[-1.58207788e+00  1.43446131e-02 -1.09943471e+02 -1.71939133e+02
 -1.26040330e+00  1.79849584e-01]","[ 1.86384924e+00  7.23898318e-03  1.84078894e+02 -3.41095307e+02
 -4.89112688e-01 -1.03490462e+00]","[ 9.78293174e-02  9.82432711e-03 -1.60838196e+02  1.77346910e+01
 -1.31483008e+00  8.60811439e-02]",003,FP
472,2,0.987540796365687,1,"[ 3.59611033e+00  3.16352121e-02 -3.09409736e+01  1.13267155e+02
 -4.74554537e-01 -9.35651031e-01]","[-6.32490434e-01  3.12156419e-02 -4.83188132e+01 -2.85611871e+01
 -1.01347364e+00  6.78098443e-01]","[  0.56015591   0.06077482  25.75392597 -12.42621383  -1.2408175
  -0.34462621]",[ 4.08723949  0.03717326 -2.87949094 13.76916907 -1.69400105  0.26443794],"[ 1.01907679e-01  1.83583006e-02  8.49152059e+01 -6.65351152e+00
 -1.23691372e+00 -3.94916384e-01]","[-1.59082238e+00  1.29234289e-02 -1.22186589e+02 -1.92377160e+02
 -1.26576237e+00  1.27696174e-01]",[ 1.86598412  0.0033678   2.6129589  -2.87573982 -1.71431237 -0.24745471],"[ 9.19479455e-02  9.06862360e-03 -1.74001814e+02  1.79991094e+01
 -1.30438239e+00  1.55036644e-01]",003,FP
473,2,0.983521825141348,1,"[ 3.56863600e+00  6.97211389e-02 -2.08221543e+01  7.63066894e+01
 -7.57268923e-01 -8.77126799e-01]","[-6.45727692e-01  1.67390641e-02 -7.44493913e+01 -4.60740336e+01
 -4.95625891e-01  9.81786948e-01]","[  0.59298631   0.04587364  33.70151896 -17.98453929  -1.15278486
  -0.49996148]","[ 4.10373180e+00  6.72268217e-02  2.01670541e+01 -8.07601811e+01
 -6.24724725e-01  9.49221993e-01]","[ 1.11166231e-01  1.28345993e-02  1.17247425e+02 -1.10339543e+01
 -1.02958320e+00 -6.75563561e-01]","[-1.59889068e+00  1.21477583e-02 -1.30122003e+02 -2.06050858e+02
 -1.27157704e+00  5.39038043e-02]","[ 1.86468545e+00  5.65374311e-03 -2.47468348e+02  4.63450627e+02
 -7.96403585e-01 -8.47617043e-01]","[ 8.66564921e-02  7.95990802e-03 -1.97693830e+02  1.91314538e+01
 -1.28292021e+00  2.38245291e-01]",003,FP
474,2,0.983521825141348,1,"[  3.51144753   0.11731127 -13.00965288  47.6827134   -1.03322409
  -0.62489386]","[-6.48112733e-01  1.20256422e-02  5.22942638e+01  3.58925783e+01
 -1.05094211e+00  5.86549173e-01]","[ 6.15921525e-01  3.00390888e-02  4.95551809e+01 -2.85221026e+01
 -9.22710229e-01 -7.55889510e-01]","[  4.15570606   0.11596826  13.16445903 -52.70762222  -1.09716361
   0.59539504]","[ 1.16302577e-01  6.82742918e-03  1.67676354e+02 -1.75011921e+01
 -5.24640796e-01 -9.12754280e-01]","[-1.60668261e+00  1.20378798e-02 -1.31331502e+02 -2.09008041e+02
 -1.27367955e+00 -2.80498146e-02]","[ 1.86067894e+00  8.86751599e-03 -1.74663830e+02  3.26993311e+02
 -1.23725527e+00 -4.50315825e-01]","[ 8.21590005e-02  6.55709031e-03 -2.38674212e+02  2.16092347e+01
 -1.24043252e+00  3.46402187e-01]",003,FP
475,2,0.983521825141348,1,[ 3.42184102  0.17033509 -9.10400605 33.15246133 -1.14795654 -0.4765648 ],"[-6.38945498e-01  2.63313493e-02  5.40732262e+01  3.65498444e+01
 -7.12977649e-01  9.10931039e-01]","[ 6.28489126e-01  1.51628272e-02  7.81310807e+01 -4.71045346e+01
 -4.04552568e-01 -1.02489888e+00]","[  4.23863992   0.15931861   9.8096095  -39.57940247  -1.24898014
   0.36174691]","[ 1.16529291e-01  6.36906513e-03 -1.36180266e+02  1.78689898e+01
 -6.24835619e-01 -8.33232965e-01]","[-1.61459325e+00  1.25648191e-02 -1.25737269e+02 -2.01014546e+02
 -1.27216148e+00 -9.94386707e-02]","[ 1.85482587e+00  1.09293570e-02 -1.44169748e+02  2.69409778e+02
 -1.34289310e+00 -1.85341939e-01]","[ 7.86168557e-02  4.94603199e-03 -3.12548378e+02  2.65715707e+01
 -1.15047687e+00  5.01536780e-01]",003,FP
476,2,0.983521825141348,1,[ 3.29761191  0.22678784 -6.89007272 24.72078587 -1.20968024 -0.37596204],[-0.6178523   0.04448387 34.34502402 23.22015209 -1.06611909  0.60608973],"[ 6.30817909e-01  1.05083413e-02 -6.96486718e+01  4.59356295e+01
 -9.80341266e-01 -5.89137751e-01]","[  4.34633797   0.19249563   8.18201018 -33.56178151  -1.30391565
   0.21156386]","[ 1.11239147e-01  1.39912203e-02 -1.03149363e+02  1.34742472e+01
 -7.57196951e-01 -8.81416502e-01]","[-1.62298464e+00  1.36482736e-02 -1.15651269e+02 -1.85700234e+02
 -1.27116786e+00 -1.46828642e-01]","[ 1.84804474e+00  1.16008760e-02 -1.36251394e+02  2.53798673e+02
 -1.35923687e+00  6.15446025e-03]","[ 7.61366650e-02  3.24274532e-03 -4.59715996e+02  3.70012428e+01
 -9.25853734e-01  7.51536213e-01]",003,FP
477,2,0.983521825141348,1,[ 3.13771869  0.28403061 -5.5261508  19.33950668 -1.24869506 -0.29788494],[-0.58488013  0.06281473 24.7836809  16.49548242 -1.19530129  0.42379217],"[ 6.23675111e-01  2.09098350e-02 -6.99116996e+01  4.56021870e+01
 -8.99980678e-01 -7.88540300e-01]","[  4.47133513   0.21329234   7.40626512 -31.11589346  -1.32526404
   0.09927334]","[ 1.00075676e-01  2.31701188e-02 -6.60690083e+01  8.61190064e+00
 -1.07798563e+00 -5.91340116e-01]","[-1.63215803e+00  1.51613993e-02 -1.04055458e+02 -1.67834951e+02
 -1.27397549e+00 -1.67339704e-01]","[ 1.84124255e+00  1.09124141e-02 -1.44418375e+02  2.67909257e+02
 -1.33378081e+00  1.85030177e-01]","[ 7.47612423e-02  1.64750448e-03 -7.36181080e+02  5.70378120e+01
 -4.02883624e-01  1.03824550e+00]",003,FP
478,2,0.5997131803954728,1,[ 2.94286313  0.33874158 -4.64716887 15.67598191 -1.27539258 -0.23155281],[-0.54057546  0.08007372 19.59200017 12.59095443 -1.25410945  0.30535775],"[ 6.08440499e-01  3.16729080e-02 -4.89859823e+01  3.18050555e+01
 -1.21931914e+00 -4.45681316e-01]","[ 4.60536152e+00  2.20652684e-01  7.16513623e+00 -3.09980427e+01
 -1.33064743e+00  3.07548421e-03]","[ 8.30073333e-02  3.23689826e-02 -4.81370496e+01  5.99572812e+00
 -1.20512862e+00 -4.11362230e-01]","[-1.64232952e+00  1.69420995e-02 -9.31217173e+01 -1.50936545e+02
 -1.28054296e+00 -1.65626129e-01]","[ 1.83525669e+00  9.01893776e-03 -1.72668366e+02  3.18890775e+02
 -1.24796553e+00  4.01224128e-01]","[ 7.44647250e-02  1.05975694e-03  6.09865210e+02 -4.34134452e+01
 -1.12831398e+00  5.07877038e-01]",003,FP
479,2,0.5907744786531494,1,[ 2.71587948  0.38721782 -4.07345275 13.06300674 -1.2941642  -0.17167081],[-0.48603165  0.09525418 16.53393961 10.036018   -1.28578871  0.21763656],"[ 5.87015227e-01  3.95425996e-02 -3.97926444e+01  2.53588882e+01
 -1.31390588e+00 -2.30261647e-01]","[  4.73983632   0.21444253   7.36767207 -32.9215597   -1.32472272
  -0.09028467]","[  0.06038498   0.04077739 -38.50706948   4.32524878  -1.26667455
  -0.28631256]","[-1.65361292e+00  1.88099484e-02 -8.39094609e+01 -1.36753769e+02
 -1.28883997e+00 -1.48711109e-01]","[ 1.83080811e+00  6.20418494e-03 -2.39764469e+02  4.40962734e+02
 -9.79399540e-01  7.25586185e-01]","[ 7.51531302e-02  2.09073363e-03  6.96396564e+02 -5.03363816e+01
 -8.89974423e-01  7.96320734e-01]",003,FP
480,0,0.8183131117058684,0,[ 2.46189012  0.42573628 -3.70980738 11.13313811 -1.30717286 -0.11505399],[-0.42289552  0.10743048 14.69183822  8.21311249 -1.30425986  0.14550441],"[  0.5616801    0.04369959 -36.15820216  22.30934256  -1.34244084
  -0.0742187 ]","[  4.86635365   0.19535041   8.06793756 -37.2614374   -1.3055741
  -0.19298648]","[ 3.29621472e-02  4.76899410e-02 -3.30556546e+01  3.08958535e+00
 -1.29968266e+00 -1.88252013e-01]","[-1.66601345e+00  2.05869185e-02 -7.67094694e+01 -1.25799007e+02
 -1.29675495e+00 -1.22914046e-01]","[ 1.82846440e+00  3.18813429e-03 -3.13418612e+02  5.75074775e+02
 -6.00378512e-01  8.29796702e-01]","[ 7.66707100e-02  3.17647934e-03  4.88429877e+02 -3.54482655e+01
 -1.22320159e+00  4.44193962e-01]",003,FP
481,0,0.8183131117058684,0,[ 2.18821869  0.45091671 -3.50539737  9.67057603 -1.31544107 -0.05931818],[-0.35332605  0.1158025  13.64593633  6.82146476 -1.31473413  0.08136507],"[  0.5349249    0.04388164 -36.01353969  21.26453898  -1.34204971
   0.06259096]","[  4.97712582   0.16480605   9.50744488 -45.31974941  -1.26210474
  -0.32246092]","[ 1.86324732e-03  5.25272150e-02 -3.00726194e+01  2.05603273e+00
 -1.31679756e+00 -1.04707370e-01]","[-1.67943364e+00  2.21174850e-02 -7.14380871e+01 -1.17975527e+02
 -1.30299703e+00 -9.28653181e-02]","[ 1.82860901e+00  3.48163504e-03  2.95578448e+02 -5.38497412e+02
 -4.78068965e-01  9.30890011e-01]","[ 7.88119017e-02  3.95517219e-03  3.97935627e+02 -2.93620635e+01
 -1.31788089e+00  2.23179563e-01]",003,FP
482,0,0.8183131117058684,0,"[ 1.90405711e+00  4.60087247e-01 -3.43649439e+00  8.54328156e+00
 -1.31914945e+00 -2.40111502e-03]",[-0.2798986   0.11978129 13.19930239  5.69446631 -1.31928384  0.02088327],"[  0.50926887   0.04017961 -39.19894636  21.96280324  -1.31619212
   0.20755841]","[  5.0653571    0.12497428  12.34567303 -60.5352425   -1.15597781
  -0.51284816]","[ -0.03150402   0.05491166 -28.79073752   1.09297601  -1.32323261
  -0.02948283]","[-1.69368999e+00  2.32829998e-02 -6.78883543e+01 -1.12981826e+02
 -1.30713498e+00 -6.15075642e-02]","[ 1.83141475e+00  7.14605601e-03  2.06066921e+02 -3.75393999e+02
 -8.82211752e-01  7.94111213e-01]","[ 8.13386656e-02  4.35119295e-03  3.63177237e+02 -2.75403518e+01
 -1.34313488e+00  6.59958579e-02]",003,FP
483,0,0.8183131117058684,0,[ 1.61989826  0.45164636 -3.49976033  7.66925567 -1.31776445  0.05767159],[-0.205454    0.11906966 13.27702564  4.72781806 -1.31856164 -0.03887132],"[ 4.87088528e-01  3.29941162e-02 -4.72438643e+01  2.50119443e+01
 -1.24229519e+00  3.93896986e-01]","[ 5.12554021e+00  7.92687804e-02  1.83442028e+01 -9.20239489e+01
 -8.39511377e-01 -8.28068436e-01]","[ -0.06557879   0.05471571 -28.89203273   0.10529551  -1.32149033
   0.04118808]","[-1.70853648e+00  2.40079030e-02 -6.58536231e+01 -1.10513318e+02
 -1.30924887e+00 -3.04583630e-02]","[ 1.83682812e+00  1.10315587e-02  1.40076340e+02 -2.55296160e+02
 -1.16498014e+00  4.98885480e-01]","[ 8.40021617e-02  4.35617684e-03  3.62775993e+02 -2.84739677e+01
 -1.33867575e+00 -6.59693463e-02]",003,FP
484,0,0.8183131117058684,0,[ 1.34677267  0.42537275 -3.7123157   6.99964535 -1.31002765  0.12313608],[-0.13290326  0.11371695 13.89229027  3.84633065 -1.3123113  -0.1003138 ],"[ 4.70465881e-01  2.30889204e-02 -6.51299955e+01  3.26414407e+01
 -1.02259621e+00  6.81545207e-01]","[ 5.15368763e+00  3.82561082e-02  2.02563213e+01 -1.02394752e+02
 -8.63829259e-01 -6.69192397e-01]","[ -0.09879218   0.05205822 -30.34089479  -0.99744317  -1.31272058
   0.11060854]","[-1.72369094e+00  2.42586933e-02 -6.51777107e+01 -1.10346229e+02
 -1.30959946e+00 -4.68002763e-04]","[ 1.84457278e+00  1.44003725e-02  1.08876929e+02 -1.98831419e+02
 -1.27029904e+00  3.10330809e-01]","[ 8.65660890e-02  4.00582283e-03  3.93404729e+02 -3.20555088e+01
 -1.31194604e+00 -1.94006572e-01]",003,FP
485,0,0.8183131117058684,0,[ 1.09535373  0.38259743 -4.11926633  6.51205375 -1.2935669   0.19713334],[-0.06500627  0.10414108 15.14803367  2.98471717 -1.29939741 -0.16582091],"[ 4.61068074e-01  1.22674402e-02 -9.54510762e+01  4.60094438e+01
 -4.92064022e-01  9.49860739e-01]","[ 5.14750447e+00  5.06680286e-02 -2.32179546e+01  1.21514525e+02
 -4.34248177e-01 -9.97993227e-01]","[ -0.12969985   0.04725524 -33.36637809  -2.32761426  -1.29662345
   0.18296313]","[-1.73885946e+00  2.40378985e-02 -6.57722307e+01 -1.12368665e+02
 -1.30849899e+00  2.82497644e-02]","[ 1.85417486e+00  1.68884666e-02  9.33722970e+01 -1.71128566e+02
 -1.31397277e+00  1.74674815e-01]","[ 8.88283159e-02  3.37068592e-03  4.64489659e+02 -3.92598342e+01
 -1.25609821e+00 -3.35957488e-01]",003,FP
486,0,0.8183131117058684,0,[ 0.87502953  0.32616981 -4.81469435  6.21299973 -1.26368505  0.28487452],"[-4.14796886e-03  9.11136252e-02  1.72720957e+01  2.07164412e+00
 -1.27757595e+00 -2.38104868e-01]","[ 4.60066023e-01  1.02536551e-02  7.86159146e+01 -3.41685112e+01
 -7.63026575e-01  7.39994163e-01]","[  5.1064935    0.09901337 -15.0792266   79.00197257  -0.95020359
  -0.7354631 ]","[ -0.15708257   0.04074859 -38.57596282  -4.05961151  -1.27032626
   0.26466451]","[-1.75375602e+00  2.33748547e-02 -6.76253171e+01 -1.16598307e+02
 -1.30626856e+00  5.59274495e-02]","[ 1.86500756e+00  1.82774683e-02  8.64686302e+01 -1.59264649e+02
 -1.33017040e+00  6.51543838e-02]","[ 9.06380957e-02  2.54725839e-03  6.05840942e+02 -5.29122693e+01
 -1.14419350e+00 -5.16479928e-01]",003,FP
487,0,0.8192986551531452,0,[ 0.69307398  0.2602039  -5.99544647  6.15528794 -1.21001409  0.39615861],[ 0.04785876  0.07569987 20.7081687   1.00893263 -1.24290203 -0.3208661 ],"[ 4.68095611e-01  2.19673570e-02  6.58310808e+01 -2.88152400e+01
 -7.89690944e-01  8.60859526e-01]","[  5.03198042   0.14867266 -10.42215314  54.44407059  -1.17512072
  -0.47404062]","[-1.80004531e-01  3.30373319e-02 -4.73144471e+01 -6.51681484e+00
 -1.22540426e+00  3.66946269e-01]","[-1.76811570e+00  2.23146731e-02 -7.08165903e+01 -1.23211925e+02
 -1.30313566e+00  8.33000891e-02]","[ 1.87634955e+00  1.84740086e-02  8.55715884e+01 -1.58562211e+02
 -1.33116027e+00 -3.34096639e-02]","[ 9.19068850e-02  1.64971335e-03  8.98949439e+02 -8.06196426e+01
 -8.90142187e-01 -7.80489493e-01]",003,FP
488,0,0.8192986551531452,0,[ 0.55406085  0.1896619  -8.11156487  6.49430055 -1.1056413   0.55173308],[ 0.08991209  0.05914784 26.33432436 -0.36777403 -1.1879499  -0.42035097],"[ 4.85258603e-01  3.56902067e-02  4.30354129e+01 -1.88833043e+01
 -1.11053943e+00  5.59461063e-01]",[ 4.92704561  0.19317327 -8.1158798  41.98730996 -1.25872865 -0.31482302],"[-1.97830008e-01  2.46318321e-02 -6.27057786e+01 -1.04050847e+01
 -1.13749089e+00  5.12633923e-01]","[-1.78170138e+00  2.09070917e-02 -7.55506674e+01 -1.32608728e+02
 -1.29910647e+00  1.11695446e-01]","[ 1.88744545e+00  1.74834347e-02  9.02920381e+01 -1.68421296e+02
 -1.32000824e+00 -1.34274745e-01]","[ 9.26114618e-02  8.21372392e-04  1.47329818e+03 -1.34444298e+02
 -3.55087585e-01 -1.07414285e+00]",003,FP
489,0,0.8192986551531452,0,"[  0.45962924   0.12003038 -12.32754721   7.66610111  -0.86508375
   0.79689047]",[ 0.121677    0.0427379  36.03141121 -2.38419419 -1.09614259 -0.5490676 ],"[  0.51115473   0.04880847  31.99493006 -14.35435997  -1.22514854
   0.37930631]",[ 4.79633541  0.22949483 -6.86522186 34.92790672 -1.29560999 -0.2051611 ],"[-2.10211735e-01  1.60633178e-02 -9.28735765e+01 -1.75231156e+01
 -9.23347190e-01  7.51118280e-01]","[-1.79430455e+00  1.91977854e-02 -8.22240230e+01 -1.45534938e+02
 -1.29381380e+00  1.43155055e-01]","[ 1.89755666e+00  1.53789418e-02  1.02234675e+02 -1.91996089e+02
 -1.29071417e+00 -2.54564401e-01]","[ 9.27894764e-02  4.70491024e-04 -1.26137246e+03  1.19042091e+02
 -1.28602023e+00 -3.94903357e-01]",003,FP
490,0,0.8192986551531452,0,"[  0.40863496   0.05880756 -20.31378714  10.30092351  -0.3546725
   1.06701923]","[ 1.43546223e-01  2.76337136e-02  5.43606139e+01 -5.80326080e+00
 -9.22517760e-01 -7.34492471e-01]","[  0.54493416   0.06038006  26.03645654 -12.18815468  -1.27506418
   0.26130612]",[ 4.64573349  0.25572399 -6.17526608 30.68864044 -1.31256707 -0.12107945],"[-2.17067820e-01  8.17229942e-03 -1.49988179e+02 -3.05576071e+01
 -4.08941580e-01  1.03902003e+00]","[-1.80574289e+00  1.72251534e-02 -9.15497824e+01 -1.63315369e+02
 -1.28620320e+00  1.80543402e-01]","[ 1.90600072e+00  1.22918624e-02  1.26557795e+02 -2.39219248e+02
 -1.21700192e+00 -4.23504733e-01]","[ 9.25289379e-02  8.56412207e-04 -1.72059131e+03  1.61204487e+02
 -1.01350540e+00 -7.12278428e-01]",003,FP
491,0,0.8192986551531452,0,[ 0.39764215  0.03687177 18.54375671 -5.37377931 -1.09627117  0.51627122],"[ 1.56512467e-01  1.48396395e-02  9.33464456e+01 -1.26098825e+01
 -5.34813889e-01 -1.02089717e+00]","[  0.58536075   0.06976478  22.60647132 -11.2329409   -1.29987469
   0.1741504 ]",[ 4.48192028  0.27086481 -5.83588384 28.15596614 -1.3189658  -0.05155379],"[-2.18557407e-01  5.22428585e-03  1.18684955e+02  2.79394759e+01
 -1.15211473e+00  5.04936853e-01]","[-1.81585828e+00  1.50239263e-02 -1.04796402e+02 -1.88295415e+02
 -1.27404768e+00  2.27669863e-01]","[ 1.91218535e+00  8.44912288e-03  1.77594193e+02 -3.37593016e+02
 -9.99579074e-01 -6.98661064e-01]","[ 9.19533995e-02  1.20498815e-03 -1.29903844e+03  1.21451001e+02
 -1.33007631e+00 -3.07719853e-01]",003,FP
492,0,0.8192986551531452,0,[ 0.42164526  0.0723439  20.23658042 -6.53265817 -0.90778809  0.78149536],"[ 1.61978050e-01  5.99620162e-03  1.02903715e+02 -1.46681430e+01
 -9.28788193e-01 -6.86913070e-01]","[  0.63088227   0.07648704  20.65327388 -11.02978434  -1.31263796
   0.10318717]","[ 4.31189671e+00  2.74791952e-01 -5.75372516e+00  2.68094686e+01
 -1.31896642e+00  9.36795814e-03]","[-2.15056610e-01  1.05668752e-02  1.36924073e+02  3.14464270e+01
 -8.37764092e-01  8.30449944e-01]","[-1.82451719e+00  1.26329899e-02 -1.24292219e+02 -2.24773290e+02
 -1.25315942e+00  2.90025924e-01]","[ 1.91564003e+00  4.43547060e-03  2.63978308e+02 -5.03687412e+02
 -4.76726661e-01 -9.62076192e-01]","[ 9.12043605e-02  1.34773597e-03 -1.17234666e+03  1.08923128e+02
 -1.38208144e+00 -3.08788882e-02]",003,FP
493,0,0.8416371547640251,0,[ 0.47487029  0.11033241 14.05559347 -4.67458375 -1.20101949  0.45672854],"[ 1.61539509e-01  6.85499805e-03 -1.89045360e+02  3.25382946e+01
 -6.95500818e-01 -8.50972567e-01]","[  0.67971246   0.08022837  19.70466489 -11.39350615  -1.31831116
   0.04068966]",[ 4.14254647  0.26809217 -5.8954852  26.42232143 -1.31465324  0.06612712],"[-2.07129695e-01  1.66216432e-02  9.29220279e+01  2.12469113e+01
 -1.17132742e+00  4.99246838e-01]","[-1.83161337e+00  1.01021905e-02 -1.54642586e+02 -2.81245429e+02
 -1.21477119e+00  3.77505646e-01]","[ 1.91604091e+00  3.62961603e-03 -2.21111724e+02  4.25659108e+02
 -7.79529259e-01 -7.27982620e-01]","[ 9.04219615e-02  1.28122285e-03 -1.22915374e+03  1.13142492e+02
 -1.34334589e+00  1.99387758e-01]",003,FP
494,0,0.8243285382247649,0,[ 0.5515014   0.14118236 11.12402617 -4.13491598 -1.27634212  0.27995124],"[ 1.56785197e-01  1.13554276e-02 -1.35734785e+02  2.32812051e+01
 -1.21187214e+00 -4.91819646e-01]","[ 7.29932019e-01  8.08484455e-02  1.95557051e+01 -1.22743353e+01
 -1.31868260e+00 -1.78444759e-02]",[ 3.98026807  0.25183749 -6.2705117  26.9583175  -1.30640291  0.12304205],"[-1.95484914e-01  2.17161232e-02  7.22208033e+01  1.61180775e+01
 -1.27051520e+00  3.05218078e-01]","[-1.83707202e+00  7.49596551e-03 -2.06102992e+02 -3.76626040e+02
 -1.13530304e+00  5.11527718e-01]","[ 1.91322104e+00  7.74378141e-03 -1.86935497e+02  3.59648926e+02
 -7.95493196e-01 -8.56664897e-01]","[ 8.97242376e-02  1.04956308e-03 -1.48037820e+03  1.34825805e+02
 -1.22350899e+00  4.33006617e-01]",003,FP
495,0,0.8400692183225746,0,[ 0.64623267  0.16478374  9.56936312 -4.18403512 -1.29756458  0.17991143],"[ 1.49130485e-01  1.45016548e-02 -1.08495043e+02  1.81799185e+01
 -1.31459343e+00 -2.31543696e-01]","[  0.77960868   0.07841227  20.15458927 -13.71269271  -1.31412509
  -0.07515058]",[ 3.83067281  0.22743819 -6.93247011 28.55602475 -1.29274162  0.18436256],"[-1.80905645e-01  2.55851233e-02  6.16178228e+01  1.31470120e+01
 -1.30212247e+00  1.86072865e-01]","[-1.84085454e+00  4.90289004e-03 -3.04965123e+02 -5.59396431e+02
 -9.34578734e-01  7.40370092e-01]","[ 1.90715714e+00  1.25937574e-02 -1.21958202e+02  2.34593456e+02
 -1.10603823e+00 -5.61262659e-01]","[ 8.91852413e-02  7.32383921e-04 -2.06279414e+03  1.85970793e+02
 -9.87669304e-01  6.88909661e-01]",003,FP
496,0,0.9377240527324464,0,[ 0.75462248  0.18240208  8.65812444 -4.5336153  -1.30257007  0.12041415],"[ 1.39695886e-01  1.62782940e-02 -9.70417185e+01  1.55563288e+01
 -1.31931940e+00 -1.02137840e-01]","[  0.82692578   0.0732038   21.56744608 -15.83467715  -1.30442767
  -0.13308547]",[ 3.69834357  0.196628   -7.99833238 31.58058115 -1.27053033  0.25425928],"[-1.64159620e-01  2.82792326e-02  5.58546480e+01  1.11690778e+01
 -1.30920237e+00  1.10318051e-01]","[-1.84296244e+00  2.51969783e-03 -4.93766938e+02 -9.07993920e+02
 -4.25396080e-01  1.03517451e+00]","[ 1.89793081e+00  1.73736124e-02 -8.98000026e+01  1.72434191e+02
 -1.20882516e+00 -3.95509890e-01]","[ 8.88139576e-02  4.33818758e-04 -3.38768249e+03  3.02873489e+02
 -6.76879583e-01  9.01312007e-01]",003,FP
497,0,0.9377240527324464,0,[ 0.87326345  0.19563879  8.07715077 -5.05348053 -1.30213214  0.08549742],"[ 1.29225014e-01  1.72264465e-02 -9.17651248e+01  1.38583495e+01
 -1.30299201e+00 -5.23284103e-02]","[  0.87030302   0.0657037   23.99056646 -18.87906236  -1.28900469
  -0.1935786 ]",[ 3.5866653   0.16145768 -9.69945194 36.7886877  -1.23455951  0.33838589],"[-1.45903303e-01  3.00452790e-02  5.26064654e+01  9.67545707e+00
 -1.30649237e+00  6.57573374e-02]","[-1.84344012e+00  1.57970921e-03  3.60089173e+02  6.65802827e+02
 -1.22103307e+00  4.76556456e-01]","[ 1.88567464e+00  2.19557445e-02 -7.14801664e+01  1.36788337e+02
 -1.24815361e+00 -3.00160993e-01]","[ 8.85373257e-02  2.97133240e-04 -5.17593289e+03  4.60263256e+02
 -7.49027858e-01  5.33063878e-03]",003,FP
498,0,0.9726887117917418,0,[ 0.9997829   0.20607059  7.67006756 -5.66840243 -1.30025802  0.06673544],"[ 1.18043837e-01  1.80129817e-02 -8.77462103e+01  1.23578993e+01
 -1.28258008e+00 -6.60888022e-02]","[  0.90848902   0.05652225  27.81822672 -23.27255367  -1.26638799
  -0.25988604]","[  3.49775206   0.12414176 -12.51815322  45.78539625  -1.17331144
   0.44867413]","[-1.26603816e-01  3.12521842e-02  5.05841420e+01  8.40414539e+00
 -1.30067234e+00  4.65650295e-02]","[-1.84237779e+00  3.23561614e-03  4.44307534e+02  8.20582333e+02
 -7.99423812e-01  8.55591539e-01]","[ 1.87052266e+00  2.63624197e-02 -5.96905594e+01  1.13652544e+02
 -1.26530132e+00 -2.42563718e-01]","[ 8.81907745e-02  5.78121697e-04 -2.42892867e+03  2.16209101e+02
 -2.91543465e-01 -1.14053695e+00]",003,FP
499,0,0.9726887117917418,0,[ 1.13270345  0.21500673  7.35193441 -6.32756148 -1.29880757  0.05801377],"[ 1.06064678e-01  1.93133695e-02 -8.17593830e+01  1.06717827e+01
 -1.26141261e+00 -1.27782095e-01]","[  0.94060828   0.04630506  33.82115753 -29.81246073  -1.23251484
  -0.33851313]","[  3.43250342   0.08679553 -17.59517207  62.39548831  -1.05089628
   0.61444066]","[-1.06497302e-01  3.23044276e-02  4.89361086e+01  7.21156352e+00
 -1.29489444e+00  4.76723216e-02]","[-1.83991447e+00  5.19123322e-03  2.96730487e+02  5.47958715e+02
 -1.14716385e+00  5.26804608e-01]","[ 1.85258109e+00  3.06588876e-02 -5.13964909e+01  9.72161673e+01
 -1.27445875e+00 -2.05512618e-01]","[ 8.75196363e-02  1.35477422e-03 -1.05164225e+03  9.40393472e+01
 -4.99627214e-01 -1.03183370e+00]",003,FP
500,0,0.9726887117917418,0,[ 1.27120798  0.22329566  7.07928219 -6.99924004 -1.29849147  0.05395771],"[ 9.28356852e-02  2.16946832e-02 -7.26377520e+01  8.74337548e+00
 -1.24096932e+00 -2.05662124e-01]","[ 9.66158131e-01  3.56503804e-02  4.36127332e+01 -4.01367968e+01
 -1.17586791e+00 -4.42854593e-01]","[ 3.39080791e+00  5.14707014e-02 -2.79259598e+01  9.66915653e+01
 -7.34365425e-01  8.95865598e-01]","[-8.55945817e-02  3.35554639e-02  4.71055720e+01  6.03198173e+00
 -1.29048259e+00  6.22880677e-02]","[-1.83623833e+00  6.89933990e-03  2.27001814e+02  4.18829432e+02
 -1.25841548e+00  3.30360773e-01]","[ 1.83192552e+00  3.48889200e-02 -4.52030029e+01  8.48085345e+01
 -1.28095160e+00 -1.78722339e-01]","[ 8.61943853e-02  2.69821403e-03 -5.47295180e+02  4.91737716e+01
 -7.51035027e-01 -8.56738436e-01]",003,FP
501,0,0.9167395067986596,0,[ 1.41484157  0.23122341  6.83677515 -7.6729537  -1.29935849  0.05014606],"[ 7.76362012e-02  2.55001610e-02 -6.16611854e+01  6.78714019e+00
 -1.22758110e+00 -2.65077820e-01]","[ 9.84966833e-01  2.50758568e-02  6.10036400e+01 -5.80865621e+01
 -1.06142844e+00 -6.01745620e-01]","[ 3.37186419e+00  2.32918182e-02 -3.38751365e+01  1.16222360e+02
 -7.70979512e-01  7.43000620e-01]","[-6.37314284e-02  3.52395009e-02  4.48445202e+01  4.85800533e+00
 -1.28803634e+00  8.17856416e-02]","[-1.83158276e+00  8.22881207e-03  1.91476699e+02  3.52705420e+02
 -1.30126629e+00  2.02042440e-01]","[ 1.80862247e+00  3.90368514e-02 -4.04246424e+01  7.51129167e+01
 -1.28666883e+00 -1.56041393e-01]","[ 8.38399658e-02  4.66269365e-03 -3.24524837e+02  2.92081512e+01
 -9.35457320e-01 -7.02925028e-01]",003,FP
502,0,0.950654527869953,0,[ 1.56317039  0.23851188  6.62819005 -8.36099043 -1.30133639  0.04327011],"[ 5.96153768e-02  3.07890984e-02 -5.10099906e+01  5.04097981e+00
 -1.22727729e+00 -2.90062953e-01]","[ 9.97129606e-01  1.50899054e-02  9.60471424e+01 -9.37714493e+01
 -7.67535765e-01 -8.72649800e-01]","[ 3.37454017e+00  2.86853424e-02  4.13237831e+01 -1.37448766e+02
 -4.59989362e-01  9.79638294e-01]","[-4.06453801e-02  3.74389576e-02  4.22002411e+01  3.71524484e+00
 -1.28772467e+00  9.80876371e-02]","[-1.82621850e+00  9.11239534e-03  1.73343697e+02  3.18563467e+02
 -1.31904306e+00  1.05869591e-01]","[ 1.78276984e+00  4.30124202e-02 -3.67071987e+01  6.74404868e+01
 -1.29233243e+00 -1.33826962e-01]","[ 8.00754339e-02  7.22759532e-03 -2.12603824e+02  1.90243435e+01
 -1.06133872e+00 -5.75527174e-01]",003,FP
503,0,0.9528428365918696,0,[ 1.7154251   0.24435275  6.47022399 -9.09918464 -1.30443781  0.03058982],"[ 3.79596389e-02  3.73351122e-02 -4.20773265e+01  3.59724012e+00
 -1.23939686e+00 -2.83124301e-01]","[ 1.00293781e+00  6.89521161e-03  1.33796581e+02 -1.32189649e+02
 -5.54777224e-01 -8.77907566e-01]","[ 3.39768595e+00  5.58172555e-02  2.68108499e+01 -8.90948482e+01
 -9.54051766e-01  7.27823428e-01]","[-1.60547572e-02  4.00990679e-02  3.93951903e+01  2.63248022e+00
 -1.28908114e+00  1.06712213e-01]","[-1.82044391e+00  9.51305826e-03  1.66189632e+02  3.04538903e+02
 -1.32534963e+00  2.40222439e-02]","[ 1.75454854e+00  4.66438940e-02 -3.38653487e+01  6.14183981e+01
 -1.29836106e+00 -1.09476930e-01]","[ 7.45576945e-02  1.02954457e-02 -1.50735705e+02  1.32385067e+01
 -1.14646489e+00 -4.70137539e-01]",003,FP
504,0,0.9528428365918696,0,"[ 1.87017400e+00  2.47452656e-01  6.38957614e+00 -9.94961914e+00
 -1.30836322e+00  9.48101195e-03]","[ 1.20623721e-02  4.46540938e-02 -3.52247649e+01  2.42489422e+00
 -1.25861278e+00 -2.53381397e-01]","[ 1.00280832e+00  7.15856862e-03 -1.54766915e+02  1.57201551e+02
 -5.03197470e-01 -9.19571551e-01]","[  3.4403559    0.08464194  18.28143658 -60.89464828  -1.14738344
   0.49489246]","[ 1.02774755e-02  4.30791591e-02  3.66694460e+01  1.62313067e+00
 -1.29128595e+00  1.07400310e-01]","[-1.81457528e+00  9.41178331e-03  1.67942006e+02  3.06743411e+02
 -1.32448413e+00 -5.58578652e-02]","[ 1.72427843e+00  4.96710276e-02 -3.18153510e+01  5.68585233e+01
 -1.30486709e+00 -8.05668979e-02]","[ 6.70227847e-02  1.37055331e-02 -1.13970976e+02  9.63865220e+00
 -1.20415595e+00 -3.82027977e-01]",003,FP
505,0,0.9528428365918696,0,"[  2.02507994   0.24615593   6.42297615 -11.00704017  -1.31198042
  -0.02240711]","[-1.83333171e-02  5.20621880e-02 -3.02617831e+01  1.44520113e+00
 -1.27915484e+00 -2.09470661e-01]","[ 9.97213500e-01  1.40307370e-02 -1.06392245e+02  1.08095783e+02
 -9.56566093e-01 -7.31428486e-01]","[  3.50192741   0.11344111  13.77727385 -46.24701295  -1.21315724
   0.37219475]",[ 0.03849873  0.04620261 34.19358454  0.6835905  -1.29397354  0.10181744],"[-1.80893918e+00  8.79943209e-03  1.79352644e+02  3.26438024e+02
 -1.31504255e+00 -1.46280461e-01]","[ 1.69246800e+00  5.17522766e-02 -3.05466648e+01  5.36992525e+01
 -1.31122090e+00 -4.49149326e-02]","[ 5.73190075e-02  1.72549856e-02 -9.09228507e+01  7.21160757e+00
 -1.24355022e+00 -3.07191386e-01]",003,FP
506,0,0.9528428365918696,0,"[  2.17678591   0.23870574   6.62122243 -12.41298372  -1.31324901
  -0.06708564]","[ -0.05304207   0.05877416 -26.84703603   0.5759776   -1.29694112
  -0.15773811]","[ 9.86613896e-01  2.11708076e-02 -7.31827167e+01  7.42030852e+01
 -1.16525357e+00 -4.78188371e-01]","[  3.58211084   0.14235806  11.02463432 -37.49146211  -1.24224431
   0.30095959]",[ 0.06863207  0.0492662  32.07266983 -0.2012137  -1.29755425  0.09071422],"[-1.80386541e+00  7.67792374e-03  2.04683437e+02  3.71221372e+02
 -1.28726860e+00 -2.64546487e-01]","[ 1.65984106e+00  5.25103320e-02 -3.01103410e+01  5.19783805e+01
 -1.31581621e+00 -1.16208629e-03]","[ 4.54286770e-02  2.07190489e-02 -7.59469851e+01  5.45017106e+00
 -1.27084373e+00 -2.42103229e-01]",003,FP
507,0,0.9528428365918696,0,"[  2.32097383   0.22361918   7.0610838  -14.38859072  -1.30912173
  -0.12699413]","[ -0.0914103    0.06402993 -24.67209524  -0.25528365  -1.30986043
  -0.10227997]","[ 9.71402799e-01  2.79602289e-02 -5.59822062e+01  5.63812718e+01
 -1.22991246e+00 -3.46774795e-01]","[  3.68085592   0.17159023   9.16657382 -31.74083755  -1.25904681
   0.25377621]",[ 0.10053967  0.0520069  30.38944452 -1.05534474 -1.30253227  0.07287984],"[-1.79967670e+00  6.07548728e-03  2.55622940e+02  4.62038648e+02
 -1.20853145e+00 -4.41906707e-01]","[ 1.62732380e+00  5.16187439e-02 -3.06237210e+01  5.18347101e+01
 -1.31645920e+00  5.09981540e-02]","[ 3.14785785e-02  2.38659228e-02 -6.60680691e+01  4.07972890e+00
 -1.29007626e+00 -1.83579863e-01]",003,FP
508,2,1.0076432324475406,1,"[  2.4526448    0.20008866   7.87385547 -17.31177068  -1.29443269
  -0.20653179]","[ -0.1323615    0.06721327 -23.51956632  -1.11308506  -1.31726391
  -0.04526622]","[ 9.51873157e-01  3.44638856e-02 -4.55980620e+01  4.54035712e+01
 -1.25538590e+00 -2.73472219e-01]","[  3.798182     0.20102737   7.83525229 -27.75971419  -1.27106601
   0.2175947 ]",[ 0.13388048  0.05406842 29.23802809 -1.91440119 -1.30852316  0.04615914],"[-1.79667161e+00  4.08599008e-03  3.63680682e+02  6.55414758e+02
 -9.56220897e-01 -7.39908455e-01]","[ 1.59598323e+00  4.89013534e-02 -3.22994051e+01  5.35493088e+01
 -1.31092023e+00  1.11351775e-01]","[ 1.57407637e-02  2.64681732e-02 -5.96555991e+01  2.93902469e+00
 -1.30363746e+00 -1.28824567e-01]",003,FP
509,2,1.0076432324475406,1,"[  2.56662185   0.16831678   9.31453373 -21.90688578  -1.25866784
  -0.31463055]","[-1.74498483e-01  6.79251295e-02 -2.32765859e+01 -2.06172893e+00
 -1.31930343e+00  1.29045593e-02]","[  0.92821544   0.04080728 -38.58367037  37.81395853  -1.268414
  -0.22801605]","[  3.93397722   0.23020141   6.84925639 -24.94481861  -1.28044143
   0.18654174]","[ 1.68069926e-01  5.50132275e-02  2.87403859e+01 -2.83039453e+00
 -1.31403465e+00  8.82451305e-03]","[-1.79510063e+00  2.07459297e-03  4.94413532e+02  8.89522046e+02
 -5.58061018e-01 -8.64929814e-01]","[ 1.56692133e+00  4.44017143e-02 -3.55138054e+01  5.76473393e+01
 -1.29696049e+00  1.80158131e-01]","[-1.37560750e-03  2.83157581e-02 -5.58123364e+01  1.92322413e+00
 -1.31269831e+00 -7.54946963e-02]",003,FP
510,2,1.0076432324475406,1,"[  2.65819346   0.12972755  11.94862654 -29.76176098  -1.17592581
  -0.47075995]","[ -0.21623554   0.06600001 -23.94521933  -3.17780754  -1.31611591
   0.07363057]","[  0.90054942   0.04705336 -33.49965676  32.1680965   -1.27725036
  -0.19557596]","[  4.08781587   0.25840481   6.10648898 -22.96220254  -1.2877607
   0.15843383]",[ 0.20225613  0.05438535 29.06817128 -3.87921585 -1.31698312 -0.04045162],"[-1.79513906e+00  2.15265078e-03 -4.67289979e+02 -8.36850495e+02
 -5.07056309e-01 -9.07050881e-01]","[ 1.54114756e+00  3.83904153e-02 -4.09553413e+01  6.51182245e+01
 -1.27162905e+00  2.59442710e-01]","[-1.93418017e-02  2.92329976e-02 -5.40838927e+01  9.53920072e-01
 -1.31762248e+00 -2.15992714e-02]",003,FP
511,2,1.0076432324475406,1,"[  2.7237676    0.08710854  17.21444417 -44.8881452   -0.96529466
  -0.71852999]","[ -0.25593597   0.06148314 -25.67427456  -4.57097041  -1.30681308
   0.14018253]","[  0.86898342   0.05315771 -29.67661066  27.78848252  -1.28478356
  -0.16824791]","[  4.25882192   0.28482703   5.54340091 -21.60835731  -1.29353121
   0.13237896]",[ 0.235328    0.05179136 30.50050695 -5.17762345 -1.31473433 -0.10418003],"[-1.79686369e+00  4.43389034e-03 -3.31726500e+02 -5.94067302e+02
 -8.76063346e-01 -7.98609951e-01]","[ 1.51946519e+00  3.13086149e-02 -4.99664388e+01  7.79222645e+01
 -1.22909972e+00  3.55253035e-01]","[-3.75368186e-02  2.90968969e-02 -5.43333536e+01 -3.95012388e-02
 -1.31822100e+00  3.48626439e-02]",003,FP
512,2,1.0076432324475406,1,"[ 2.76139935e+00  4.56496382e-02  2.75885998e+01 -7.41831414e+01
 -4.37913008e-01 -1.03469003e+00]","[ -0.29203624   0.05459457 -28.84633969  -6.42417663  -1.2883335
   0.21821255]","[  0.83368699   0.05895637 -26.77551206  24.3223961   -1.29198087
  -0.14160826]","[  4.44556572   0.30857726   5.11921403 -20.7578024   -1.29846171
   0.10728261]",[ 0.26596436  0.04696682 33.56334325 -6.92665308 -1.3024534  -0.18856716],"[-1.80023996e+00  6.88855855e-03 -2.24171679e+02 -4.01562815e+02
 -1.15558721e+00 -5.07256641e-01]","[ 1.50239964e+00  2.36775974e-02 -6.54350732e+01  1.00309631e+02
 -1.15367897e+00  4.82558833e-01]","[-5.52835405e-02  2.78513539e-02 -5.67254015e+01 -1.13598103e+00
 -1.31367716e+00  9.65187644e-02]",003,FP
513,2,1.0076432324475406,1,"[ 2.77108023e+00  2.68396949e-02 -1.79515248e+01  5.17451156e+01
 -1.37586459e+00 -3.88935187e-01]","[ -0.32314308   0.04569433 -34.30659474  -9.08593875  -1.25292198
   0.31804419]","[  0.79496247   0.06417501 -24.61241504  21.56594622  -1.29892629
  -0.11318512]","[  4.6459549    0.32858187   4.80942496 -20.34437145  -1.3031461
   0.08138697]",[ 0.29272016  0.03982472 39.37738859 -9.52655554 -1.26779212 -0.30775677],"[-1.80512341e+00  9.08872273e-03 -1.72345866e+02 -3.09105557e+02
 -1.25587061e+00 -3.28951913e-01]","[ 1.49017742e+00  1.60242573e-02 -9.44574136e+01  1.42758305e+02
 -9.94942316e-01  6.76412100e-01]","[-7.18905524e-02  2.55130339e-02 -6.18281102e+01 -2.44485700e+00
 -1.30194797e+00  1.67599995e-01]",003,FP
514,2,1.0076432324475406,1,"[ 2.75475313e+00  5.26395145e-02 -2.73294236e+01  7.72858151e+01
 -8.38247252e-01 -8.30778664e-01]","[-3.48101143e-01  3.52570570e-02 -4.40079829e+01 -1.33192291e+01
 -1.17856718e+00  4.61334857e-01]","[  0.7533039    0.06845659 -23.08436299  19.38954076  -1.30526544
  -0.08165687]","[  4.85709759   0.34347062   4.60235657 -20.354095    -1.30768493
   0.05260984]","[ 3.14137738e-01  3.05146364e-02  5.06526163e+01 -1.39118983e+01
 -1.17176849e+00 -4.94046618e-01]","[-1.81127457e+00  1.08563997e-02 -1.45106447e+02 -2.60827619e+02
 -1.29754205e+00 -2.07997445e-01]","[ 1.48274885e+00  8.92072290e-03 -1.54911073e+02  2.31694216e+02
 -5.85527184e-01  9.87078711e-01]","[-8.66950647e-02  2.21693207e-02 -7.09290529e+01 -4.14919884e+00
 -1.27798597e+00  2.55752649e-01]",003,FP
515,0,0.8158654728285952,0,"[  2.71610863   0.08201627 -18.86652854  53.24354097  -1.20184
  -0.47345899]","[-3.66040230e-01  2.38966987e-02 -6.29965119e+01 -2.10592577e+01
 -9.88842864e-01  6.96219651e-01]","[  0.70943579   0.07140275 -22.13985439  17.70680514  -1.31048483
  -0.04623185]","[ 5.07515777e+00  3.51585739e-01  4.49697770e+00 -2.08228713e+01
 -1.31159505e+00  1.90463413e-02]","[ 3.28872400e-01  1.96049848e-02  7.44372557e+01 -2.24803589e+01
 -8.65038549e-01 -8.10632384e-01]","[-1.81838357e+00  1.20909294e-02 -1.30616744e+02 -2.35511341e+02
 -1.31536942e+00 -1.16773427e-01]","[ 1.47984007e+00  3.98681831e-03 -8.68688867e+01  1.30552059e+02
 -1.45761730e+00  3.90907218e-01]","[-9.91032598e-02  1.79738876e-02 -8.68987191e+01 -6.61194633e+00
 -1.22828921e+00  3.76084509e-01]",003,FP
516,0,0.8158654728285952,0,"[  2.6602516    0.10399625 -15.11825385  42.21835896  -1.3079201
  -0.24899761]","[-3.76409326e-01  1.27409021e-02 -1.00200803e+02 -3.57165166e+01
 -4.75909307e-01  1.01445667e+00]","[ 6.64327779e-01  7.26180621e-02 -2.17729145e+01  1.64643519e+01
 -1.31403968e+00 -6.01097743e-03]","[ 5.29524872e+00  3.51141109e-01  4.50261653e+00 -2.18424744e+01
 -1.31401041e+00 -2.10491536e-02]","[ 3.35823398e-01  9.58618549e-03  8.24100000e+01 -2.56752063e+01
 -8.55718534e-01 -6.69032728e-01]","[-1.82609921e+00  1.27475716e-02 -1.24011139e+02 -2.24456642e+02
 -1.32140556e+00 -4.18693351e-02]","[ 1.48101803e+00  6.21578034e-03  2.14101564e+02 -3.15088277e+02
 -6.18290038e-01  9.38000646e-01]","[-1.08625894e-01  1.31508286e-02 -1.16751321e+02 -1.06822166e+01
 -1.11101216e+00  5.61334917e-01]",003,FP
517,0,0.8158654728285952,0,"[  2.59330189   0.11615454 -13.60057607  37.27039963  -1.34168477
  -0.08869009]","[-3.78998296e-01  7.72746229e-03  5.94912389e+01  2.45470782e+01
 -1.37173786e+00  4.07964000e-01]","[  0.61918605   0.07174606 -22.03450861  15.64346045  -1.31522817
   0.04068786]","[  5.51141064   0.34044875   4.64230823 -23.585667    -1.31372985
  -0.07001698]","[ 3.34255671e-01  1.27364830e-02 -9.15759766e+01  3.26097895e+01
 -4.24920371e-01 -1.00172273e+00]","[-1.83405744e+00  1.28273040e-02 -1.23252894e+02 -2.24052888e+02
 -1.32041257e+00  2.43327406e-02]","[ 1.48575650e+00  1.07877795e-02  1.41567749e+02 -2.08335203e+02
 -1.10341260e+00  5.90349731e-01]","[-1.14907047e-01  8.05135852e-03 -1.78710271e+02 -1.85350695e+01
 -7.74525721e-01  8.71528119e-01]",003,FP
518,0,0.8158654728285952,0,"[  2.52195468   0.11759898 -13.43961988  35.89411226  -1.34429036
   0.05140537]","[-3.73948674e-01  1.58692753e-02  8.96450672e+01  3.55226540e+01
 -7.54858400e-01  8.84027943e-01]","[  0.57542408   0.06849611 -23.06513474  15.27223398  -1.31266445
   0.09706343]","[  5.71671586   0.31814084   4.96265436 -26.37008488  -1.30850732
  -0.13198897]","[ 3.23891929e-01  2.50811928e-02 -5.94188970e+01  2.12453012e+01
 -9.38685157e-01 -7.45220147e-01]","[-1.84190489e+00  1.23655807e-02 -1.27782123e+02 -2.33362516e+02
 -1.31427125e+00  8.74124704e-02]","[ 1.49349514e+00  1.48596483e-02  1.05170522e+02 -1.55071664e+02
 -1.24112055e+00  3.64688780e-01]","[-1.17743441e-01  3.77207422e-03 -1.87351491e+02 -2.00594092e+01
 -9.42332555e-01  6.35854110e-01]",003,FP
519,0,0.8158654728285952,0,"[  2.45300386   0.10844343 -14.52860927  37.63873467  -1.31952062
   0.19776234]","[-3.61755555e-01  2.59671584e-02  5.91720953e+01  2.34058342e+01
 -1.12965901e+00  5.49103628e-01]","[  0.53461289   0.06267188 -25.16838576  15.45534354  -1.30307643
   0.16885473]","[  5.90354017   0.28341268   5.55730101 -30.80774976  -1.29307555
  -0.21447394]","[ 3.04955123e-01  3.78810354e-02 -4.08769157e+01  1.44656248e+01
 -1.17021324e+00 -4.81217025e-01]","[-1.84931419e+00  1.14179820e-02 -1.38206153e+02 -2.53586600e+02
 -1.30305087e+00  1.53504494e-01]","[ 1.50368324e+00  1.81849413e-02  8.65316297e+01 -1.28116161e+02
 -1.28341565e+00  2.38802153e-01]","[-1.17092085e-01  5.07034703e-03  2.39087184e+02  2.99952168e+01
 -4.68692363e-01  9.86145014e-01]",003,FP
520,0,0.8158654728285952,0,"[  2.39284518   0.08981776 -17.37453671  43.57457645  -1.24857902
   0.37935709]","[-3.43258060e-01  3.49388852e-02  4.47846648e+01  1.73726972e+01
 -1.25183107e+00  3.45312375e-01]","[  0.4984058    0.05421931 -28.98606987  16.44682531  -1.2783757
   0.26644146]","[  6.06402075   0.23636374   6.62608461 -38.18071458  -1.2541416
  -0.33166106]","[  0.27815      0.04944361 -31.69805774  10.81681461  -1.25568247
  -0.3207234 ]","[-1.85598936e+00  1.00429666e-02 -1.56726440e+02 -2.88882606e+02
 -1.28391419e+00  2.32487747e-01]","[ 1.51579720e+00  2.07697380e-02  7.59680989e+01 -1.13152232e+02
 -1.30050567e+00  1.58695577e-01]","[-1.13064809e-01  9.62936771e-03  1.56019403e+02  1.96403041e+01
 -9.92485581e-01  6.99373024e-01]",003,FP
521,0,0.8158654728285952,0,"[  2.34700705   0.06392564 -23.6737928   57.56255861  -1.05192178
   0.64946715]",[-0.31961301  0.04198386 37.51706444 13.99094179 -1.30023442  0.21090462],"[  0.46842947   0.04330686 -35.96928764  18.84907438  -1.21665308
   0.41030274]","[  6.19068977   0.1784873    8.64499915 -51.51850782  -1.15297364
  -0.51351442]","[  0.24458849   0.05901851 -26.68911342   8.52785     -1.29215907
  -0.21240598]","[-1.86166062e+00  8.28644866e-03 -1.88874263e+02 -3.49619778e+02
 -1.24540785e+00  3.43998500e-01]","[ 1.52932475e+00  2.26051790e-02  6.98909477e+01 -1.04885956e+02
 -1.31124254e+00  9.64828046e-02]","[-1.05909841e-01  1.41497229e-02  1.09774256e+02  1.36261741e+01
 -1.19355814e+00  4.46204592e-01]",003,FP
522,0,0.8512472531809282,0,"[ 2.31977566e+00  3.50889604e-02 -3.59938610e+01  8.54976826e+01
 -5.11289573e-01  9.80443598e-01]",[-0.29224854  0.04663145 33.87203422 11.89905253 -1.32152846  0.10754922],"[ 4.46140650e-01  3.04565011e-02 -4.98018581e+01  2.42186333e+01
 -1.04657588e+00  6.44659700e-01]","[  6.27723475   0.11364594  12.85083532 -78.66770999  -0.851573
  -0.81865705]","[  0.20567976   0.06618797 -23.853512     6.90618471  -1.30849039
  -0.1322086 ]","[-1.86607189e+00  6.18134085e-03 -2.49077582e+02 -4.62796675e+02
 -1.14244798e+00  5.31493805e-01]","[ 1.54372070e+00  2.35892337e-02  6.70187317e+01 -1.01458203e+02
 -1.32031108e+00  3.48021876e-02]","[-9.59835891e-02  1.81305982e-02  8.65522949e+01  1.03075999e+01
 -1.26344990e+00  2.98010418e-01]",003,FP
523,0,0.8512472531809282,0,"[ 2.31397504e+00  2.37550603e-02  2.33404686e+01 -5.20092616e+01
 -1.19580569e+00  5.03455691e-01]","[-2.62797156e-01  4.85805477e-02  3.25435506e+01  1.05523525e+01
 -1.32895546e+00  1.68164766e-02]","[ 4.32662669e-01  1.69829714e-02 -7.79561790e+01  3.57287285e+01
 -5.49389070e-01  9.86968072e-01]","[ 6.31929378e+00  5.46619578e-02  1.60497082e+01 -9.94228212e+01
 -6.84079108e-01 -7.81180908e-01]","[  0.16301143   0.07076058 -22.33581185   5.64099266  -1.31534366
  -0.06804459]","[-1.86896787e+00  3.80948688e-03 -3.73870505e+02 -6.96751962e+02
 -7.81083259e-01  8.65497821e-01]","[ 1.55835388e+00  2.35240734e-02  6.72009678e+01 -1.02722889e+02
 -1.32606035e+00 -3.87435245e-02]","[-8.37182287e-02  2.14132308e-02  7.35900687e+01  8.16083020e+00
 -1.29225570e+00  2.01324500e-01]",003,FP
524,0,0.8512472531809282,0,"[ 2.33091173e+00  5.05434398e-02  2.81563081e+01 -6.36298689e+01
 -7.35526960e-01  8.96841112e-01]",[-0.23300726  0.04770386 33.12811114  9.71909028 -1.32571673 -0.07212997],"[ 4.28628622e-01  9.44807565e-03  2.46461606e+01 -8.56404984e+00
 -1.62655241e+00  2.88830890e-01]","[ 6.31515563e+00  6.30228071e-02 -1.78584808e+01  1.14779085e+02
 -4.77961661e-01 -9.46089945e-01]","[ 1.18243472e-01  7.27022582e-02 -2.17472909e+01  4.57147519e+00
 -1.31711856e+00 -1.26544423e-02]","[-1.87008928e+00  1.95798213e-03 -1.73327772e+02 -3.22138409e+02
 -1.56200728e+00  3.08157491e-01]","[ 1.57247406e+00  2.21802184e-02  7.11699321e+01 -1.09912872e+02
 -1.32175405e+00 -1.34933685e-01]","[-6.95904349e-02  2.39323931e-02  6.59715695e+01  6.59099021e+00
 -1.30513095e+00  1.31827634e-01]",003,FP
525,0,0.8512472531809282,0,"[  2.3704213    0.08377407  18.29769637 -41.37324919  -1.10429614
   0.57307373]",[-0.20463122  0.044081   35.78189329  9.32209263 -1.31010932 -0.16801214],"[ 4.34064858e-01  1.86958956e-02  7.47805826e+01 -3.04596229e+01
 -7.07710343e-01  9.10388900e-01]","[  6.26621813   0.12190501 -12.25943112  78.82026952  -0.98089509
  -0.71719138]","[  0.07302474   0.0720842  -21.93138904   3.60153407  -1.31541564
   0.03895233]","[-1.86918320e+00  3.69352775e-03  3.48044142e+02  6.52558263e+02
 -4.25718283e-01  1.05624058e+00]","[ 1.58522608e+00  1.94049443e-02  8.09655653e+01 -1.26348725e+02
 -1.29223333e+00 -2.67882298e-01]","[-5.40941775e-02  2.56731331e-02  6.15557657e+01  5.32980851e+00
 -1.31069818e+00  7.79487138e-02]",003,FP
526,0,0.8512472531809282,0,"[  2.43093655   0.11476977  13.60919617 -31.08309235  -1.23331731
   0.37438298]","[-1.79292011e-01  3.80279561e-02  4.12978813e+01  9.40438020e+00
 -1.27508280e+00 -2.81003169e-01]","[ 4.48348220e-01  3.10322860e-02  4.94426394e+01 -2.01675194e+01
 -1.13146266e+00  5.56096002e-01]",[ 6.17708717  0.17848351 -8.71177848 55.81341509 -1.21957995 -0.42694389],"[  0.02893016   0.0690584  -22.87991331   2.66191945  -1.31036255
   0.09055627]","[-1.86603063e+00  7.15027515e-03  2.09150097e+02  3.92280487e+02
 -9.24490910e-01  7.45409398e-01]","[ 1.59572105e+00  1.52377122e-02  1.01684745e+02 -1.60260488e+02
 -1.19785182e+00 -4.65355879e-01]","[-3.77179860e-02  2.66557129e-02  5.93107412e+01  4.23708171e+00
 -1.31233522e+00  3.36876434e-02]",003,FP
527,0,0.8512472531809282,0,"[  2.50953172   0.14055559  11.1939257  -26.09151162  -1.28960683
   0.24013032]","[-1.58338663e-01  3.01087921e-02  5.16756663e+01  1.01822559e+01
 -1.20236280e+00 -4.27363418e-01]","[  0.47025589   0.04161757  37.62351686 -15.69268058  -1.26559879
   0.33125733]",[ 6.05526864  0.2224958  -7.06929868 44.80650264 -1.30052316 -0.24326562],"[-1.25894499e-02  6.38536651e-02 -2.47186401e+01  1.68880592e+00
 -1.30115388e+00  1.45558293e-01]","[-1.86048568e+00  1.09667080e-02  1.40749910e+02  2.63863191e+02
 -1.12890922e+00  5.20568307e-01]","[ 1.60314766e+00  1.00255348e-02  1.46697724e+02 -2.33178114e+02
 -9.02841914e-01 -7.83278926e-01]","[-2.09260194e-02  2.69292706e-02  5.87137418e+01  3.22864490e+00
 -1.31151834e+00 -4.18269737e-03]",003,FP
528,0,0.8512472531809282,0,"[  2.60193782   0.15880224   9.94131553 -23.86668485  -1.31874699
   0.13237538]","[-1.42708939e-01  2.11283529e-02  7.19662271e+01  1.22702239e+01
 -1.04055965e+00 -6.38773128e-01]","[  0.49809945   0.0493517   31.94259816 -13.91059049  -1.31193939
   0.18470628]",[ 5.91048452  0.24995382 -6.3185073  39.34543954 -1.32917183 -0.11004107],"[ -0.05024917   0.05677107 -27.75163111   0.60550355  -1.28592395
   0.20819138]","[-1.85251497e+00  1.47889594e-02  1.05632359e+02  1.97685527e+02
 -1.22020949e+00  3.76323414e-01]","[ 1.60688940e+00  4.94777280e-03  1.87290077e+02 -2.98954439e+02
 -6.35891204e-01 -8.08990469e-01]","[-4.14259635e-03  2.65674429e-02  5.95069083e+01  2.24651310e+00
 -1.30905208e+00 -3.74769649e-02]",003,FP
529,2,1.0040925529088862,1,"[  2.702578     0.1673903    9.44410854 -23.52343999  -1.33342613
   0.03078301]","[-1.32822916e-01  1.21594477e-02  1.15158196e+02  1.72956474e+01
 -6.34271345e-01 -9.60706721e-01]","[  0.52991177   0.05384706  29.34655925 -13.55108717  -1.32631988
   0.07730619]","[ 5.75371430e+00  2.59383984e-01 -6.09511825e+00  3.70695690e+01
 -1.33411985e+00 -5.90484029e-04]","[ -0.08296167   0.04816492 -32.60487635  -0.70495498  -1.26033899
   0.28564239]","[-1.84222576e+00  1.83377676e-02  8.56921087e+01  1.59864210e+02
 -1.26806263e+00  2.71744015e-01]","[ 1.60661543e+00  5.50243059e-03 -1.97960465e+02  3.20046339e+02
 -4.85003476e-01 -9.31995865e-01]","[ 1.22595061e-02  2.56616136e-02  6.15920380e+01  1.24491203e+00
 -1.30548626e+00 -6.74277295e-02]",003,FP
530,2,1.0040925529088862,1,"[  2.8047128    0.16456011   9.60191278 -24.93060763  -1.33438166
  -0.07937967]","[-1.28533564e-01  5.30342467e-03  1.09158279e+02  1.60305026e+01
 -1.05281854e+00 -6.00277957e-01]","[ 5.63648961e-01  5.51247008e-02  2.86810113e+01 -1.41660222e+01
 -1.32617652e+00 -9.15675827e-03]",[ 5.59611719  0.25133657 -6.28526051 37.17305436 -1.3242352   0.09912815],"[-1.09855257e-01  3.84167490e-02 -4.06187299e+01 -2.46218099e+00
 -1.21271517e+00  3.92227484e-01]","[-1.82987575e+00  2.13592165e-02  7.38070593e+01  1.37057748e+02
 -1.29497456e+00  1.88654936e-01]","[ 1.60232468e+00  1.08178016e-02 -1.37597392e+02  2.22475696e+02
 -9.55751469e-01 -7.37949500e-01]","[ 2.79662697e-02  2.43111099e-02  6.49901054e+01  1.82469185e-01
 -1.30116426e+00 -9.51607384e-02]",003,FP
531,2,1.0040925529088862,1,"[  2.90076682   0.14928784  10.54745727 -28.59571408  -1.31284535
  -0.21472084]","[-1.29154029e-01  6.50732470e-03 -1.98087780e+02 -2.35838350e+01
 -6.85687020e-01 -8.59363825e-01]","[  0.59737333   0.05349041  29.54056086 -15.64674314  -1.31776713
  -0.08474707]",[ 5.44800823  0.22799384 -6.91149799 39.65389789 -1.30079246  0.19959597],"[-1.30278736e-01  2.79330221e-02 -5.50048883e+01 -5.16596732e+00
 -1.10645397e+00  5.59123534e-01]","[-1.81586216e+00  2.36429309e-02  6.67971899e+01  1.23294489e+02
 -1.31002636e+00  1.18139098e-01]","[ 1.59433562e+00  1.60844981e-02 -9.65162833e+01  1.55879348e+02
 -1.20377394e+00 -4.47313814e-01]","[ 4.27244453e-02  2.26130490e-02  6.98378485e+01 -9.83783338e-01
 -1.29618957e+00 -1.21890077e-01]",003,FP
532,2,1.0040925529088862,1,"[  2.98286514   0.12177049  12.78951719 -36.14940505  -1.2386202
  -0.40424492]","[-1.33566251e-01  1.06289667e-02 -1.45093664e+02 -1.73796168e+01
 -1.24708762e+00 -4.71523003e-01]","[  0.62939298   0.04942907  31.92289194 -18.09204401  -1.30284521
  -0.15631267]",[ 5.31802667  0.19268368 -8.13769693 45.27648929 -1.25848289  0.31263265],"[-1.43797146e-01  1.72545940e-02 -8.42081145e+01 -1.01088865e+01
 -8.06984763e-01  8.47841020e-01]","[-1.80069302e+00  2.50392009e-02  6.31288377e+01  1.15675657e+02
 -1.31739968e+00  5.50490902e-02]","[ 1.58323172e+00  2.03746971e-02 -7.71163454e+01  1.24093044e+02
 -1.28699236e+00 -2.68545581e-01]","[ 5.63383574e-02  2.06547695e-02  7.64139348e+01 -2.30503556e+00
 -1.29042705e+00 -1.49021626e-01]",003,FP
533,2,1.0040925529088862,1,"[  3.04357201   0.08413869  17.77328274 -52.09426587  -0.99811058
  -0.70646078]","[-1.40397531e-01  1.30269830e-02 -1.21058926e+02 -1.49963744e+01
 -1.37326770e+00 -1.43343184e-01]","[  0.65834982   0.04352146  36.17169839 -21.81363113  -1.28055198
  -0.22959579]","[  5.21256269   0.14943185 -10.38858272  56.15113874  -1.179535
   0.4566121 ]","[-1.50183950e-01  8.10760173e-03 -1.05107194e+02 -1.37854136e+01
 -7.06694212e-01  7.71432248e-01]","[-1.78494876e+00  2.54665179e-02  6.20848794e+01  1.12818328e+02
 -1.31914977e+00 -4.18077062e-03]","[ 1.56978644e+00  2.33550024e-02 -6.75760619e+01  1.08079985e+02
 -1.31796961e+00 -1.44452068e-01]","[ 6.86625571e-02  1.85094085e-02  8.52044210e+01 -3.85035342e+00
 -1.28347468e+00 -1.78383713e-01]",003,FP
534,2,1.0040925529088862,1,"[ 3.07677049e+00  4.37996029e-02  2.50700765e+01 -7.51348716e+01
 -5.10108714e-01 -9.13352577e-01]","[-1.48236645e-01  1.33328871e-02 -1.18460835e+02 -1.55602367e+01
 -1.36320066e+00  8.69849471e-02]","[ 6.83265062e-01  3.63895089e-02  4.31025568e+01 -2.74504711e+01
 -1.24745100e+00 -3.10549029e-01]","[  5.13544488   0.10269476 -14.7517758   77.75693146  -1.0102379
   0.66655849]","[-1.49412797e-01  9.66751317e-03  1.18434382e+02  1.96956122e+01
 -4.52531018e-01  9.71609838e-01]","[-1.76924245e+00  2.49086365e-02  6.34551030e+01  1.14267462e+02
 -1.31622007e+00 -6.28647319e-02]","[ 1.55489305e+00  2.48747240e-02 -6.35480214e+01  1.00810377e+02
 -1.32849716e+00 -4.57966636e-02]","[ 7.95919187e-02  1.62335215e-02  9.70431683e+01 -5.72385196e+00
 -1.27444817e+00 -2.12723808e-01]",003,FP
535,2,1.0040925529088862,1,"[ 3.07855133e+00  4.02005053e-02 -2.27635120e+01  7.20786404e+01
 -6.33329915e-01 -8.13090675e-01]","[-1.55851165e-01  1.19091961e-02 -1.31838606e+02 -1.85472003e+01
 -1.29521717e+00  2.79167925e-01]","[ 7.03554569e-01  2.86604795e-02  5.44010354e+01 -3.62740970e+01
 -1.19613322e+00 -4.06811405e-01]","[ 5.08786873e+00  5.76168969e-02 -2.39866482e+01  1.24040917e+02
 -5.86137446e-01  9.87677718e-01]","[-1.41647369e-01  1.90375363e-02  7.83251385e+01  1.30945498e+01
 -9.42623409e-01  7.41594743e-01]","[-1.75418465e+00  2.34024874e-02  6.74740527e+01  1.20361947e+02
 -1.30841754e+00 -1.25231809e-01]","[ 1.53951420e+00  2.48705175e-02 -6.35585207e+01  9.98492449e+01
 -1.32893739e+00  4.59697927e-02]","[ 8.90508531e-02  1.38664602e-02  1.13415126e+02 -8.09971376e+00
 -1.26133578e+00 -2.56557345e-01]",003,FP
536,0,0.806371685859378,0,[ 2.94020763  0.31505637 -3.92596083 13.54313999  0.1663864  -1.44159587],"[-1.70987304e-01  2.59025036e-02 -5.39197846e+01 -7.21959858e+00
 -1.43660534e-01 -1.17281581e+00]","[ 7.15475181e-01  1.77453063e-02  7.44386029e+01 -5.12589729e+01
 -8.39464958e-01 -6.53507972e-01]","[  5.12488172   0.13740626   6.91604612 -33.44391834   0.09767485
   1.39712585]",[-0.0742711   0.14279223  8.68133911  2.6447726   0.17951851  1.44886619],"[-1.74256175e+00  1.81821082e-02  8.35332169e+01  1.47561789e+02
 -1.26756471e+00 -4.72198432e-01]","[  1.53717795   0.02145688 -11.87593307  20.25542246  -1.44782222
  -0.23826011]","[ 9.50535455e-02  9.36843022e-03  1.49280250e+02 -1.21896171e+01
 -1.01326523e+00 -5.70298736e-01]",003,FP
537,0,0.8083197886817137,0,[ 2.80314397  0.36710325 -3.85271527 12.79971561 -1.80704289 -0.38505741],"[-1.88217350e-01  3.46312555e-02 -4.29493194e+01 -6.08380707e+00
 -1.55274232e+00 -4.83977189e-01]","[ 7.21683000e-01  9.18950042e-03  5.77786065e+01 -3.96978381e+01
 -6.60764722e-01 -8.31010201e-02]","[  5.17724077   0.17269928   7.88239604 -38.80906214  -1.83142791
   0.40500164]","[ 2.08069963e-06  1.80812647e-01  7.94769942e+00  1.99998346e+00
 -1.79362126e+00  4.07563171e-01]","[-1.73664849e+00  1.10023537e-02  8.17633432e+01  1.43994186e+02
 -1.03143441e+00 -4.52391779e-01]","[ 1.54436414e+00  3.23384923e-02  3.37183621e+01 -5.00734292e+01
 -1.07825583e+00  4.31536345e-01]","[ 9.76017299e-02  5.58520086e-03  6.41556130e+01 -4.26169881e+00
 -1.20326037e+00  2.28924469e-02]",003,FP
538,0,0.8141768617977918,0,[ 2.6824935   0.3373523  -3.79903596 12.1908893  -1.77420276  0.36664419],"[-2.08698111e-01  4.14462136e-02 -3.73547147e+01 -5.79585841e+00
 -1.55968746e+00 -1.05044603e-02]","[ 7.23269745e-01  6.74147634e-03 -1.63043177e+02  1.19924197e+02
 -4.86447400e-01  8.69375003e-01]","[  5.23580334   0.1716965    7.87471712 -39.23047023  -1.82763193
  -0.4055851 ]",[ 0.07908319  0.18605701  7.85737881  1.3786134  -1.79588073 -0.3631956 ],"[-1.73661091e+00  1.09330331e-02 -8.64859472e+01 -1.48192440e+02
 -1.04382566e+00 -4.41062389e-01]","[  1.5619246    0.04850723  30.80435015 -46.11407226  -1.37807166
   0.22064037]","[ 9.68423512e-02  6.88481550e-03 -1.82896235e+02  1.97121014e+01
 -9.47017857e-01 -4.03264969e-01]",003,FP
539,0,0.8141768617977918,0,[ 2.59335401  0.25442585 -2.42675175  8.29342639 -0.44632838  1.01423133],"[ -0.23384618   0.04571929 -34.24127212  -6.00719067  -0.99474123
   0.23850538]","[ 7.21285509e-01  7.86001824e-03 -1.86556534e+02  1.36560525e+02
 -4.39058477e-01  9.62723712e-01]","[  5.29216779   0.13454306   7.24860718 -36.36084546   0.16558495
  -1.4405194 ]","[ 1.60866812e-01  1.56837156e-01  8.56762408e+00  6.21753624e-01
 -3.95577596e-03 -1.30918542e+00]","[-1.74239253e+00  1.77378131e-02 -8.64828836e+01 -1.48687130e+02
 -1.30331541e+00 -4.30700714e-01]","[  1.59028612   0.06020544  26.18189183 -39.63669927  -1.14685195
  -0.13557859]","[ 9.29647276e-02  1.02937371e-02 -1.53079562e+02  1.62309998e+01
 -1.30381761e+00 -1.98446529e-01]",003,FP
540,0,0.8141768617977918,0,"[  2.54959046   0.16811805   9.18379856 -21.41492522  -1.14244476
   0.51356013]","[ -0.26516737   0.04396311 -35.73069868  -7.47461555  -1.24773948
  -0.28329556]","[ 7.16641698e-01  4.40714444e-03 -3.58589696e+02  2.58980329e+02
 -1.22412801e+00  1.15819806e-02]","[ 5.33933055e+00  3.28602959e-02 -4.56080005e+01  2.45516190e+02
 -1.01479499e+00 -6.93052262e-01]",[ 0.24328701  0.04780195 32.99089785 -6.02625674 -1.28622707 -0.17909412],"[-1.75372581e+00  2.21911861e-02 -7.11852611e+01 -1.22839430e+02
 -1.31070506e+00 -1.04482154e-01]","[  1.62942928   0.05751385  27.46624489 -42.75430354  -1.30856697
   0.10485987]","[ 8.61990942e-02  1.14896766e-02 -1.37454683e+02  1.38484692e+01
 -1.30203193e+00 -1.18962560e-01]",003,FP
541,0,0.8141768617977918,0,"[  2.67040588   0.22446357   6.96876318 -16.60942618  -1.23610617
   0.35449646]","[ -0.29544457   0.05231941 -30.08246767  -6.88770179  -1.26752124
  -0.23754448]","[ 7.13588746e-01  4.76326422e-03 -3.30548590e+02  2.37875754e+02
 -1.19233569e+00 -2.25271880e-01]","[ 5.31583782e+00  4.70102249e-02 -3.31684219e+01  1.78317952e+02
 -1.25238277e+00 -3.86684383e-01]",[ 0.27140447  0.04178111 37.68989558 -8.22920604 -1.27406638 -0.2233049 ],"[-1.76794165e+00  2.33560321e-02 -6.76826302e+01 -1.17658941e+02
 -1.31498733e+00 -4.85798463e-02]","[  1.6663408    0.06061969  26.07637004 -41.45211944  -1.31377416
   0.05321686]","[ 7.87457573e-02  1.22822377e-02 -1.28665807e+02  1.21318864e+01
 -1.30612526e+00 -8.01912504e-02]",003,FP
542,0,0.8141768617977918,0,"[  2.82491054   0.27405656   5.74009169 -14.2152455   -1.27906803
   0.24650472]","[ -0.33082653   0.0603752  -26.10980862  -6.63781733  -1.28362233
  -0.19240141]","[ 7.10086486e-01  5.86962898e-03 -2.66429675e+02  1.91188112e+02
 -1.15822998e+00 -3.73100745e-01]","[ 5.28457114e+00  5.66617391e-02 -2.78151006e+01  1.48990878e+02
 -1.32860553e+00 -1.85425734e-01]","[ 2.95574093e-01  3.53104913e-02  4.44923390e+01 -1.11507828e+01
 -1.25557813e+00 -2.79024389e-01]","[-1.78265712e+00  2.37351616e-02 -6.66144747e+01 -1.16750768e+02
 -1.31554004e+00  8.63270256e-04]","[ 1.70459851e+00  6.17876510e-02  2.55892770e+01 -4.16194435e+01
 -1.31590067e+00  4.39341947e-03]","[ 7.08674740e-02  1.28195137e-02 -1.23315147e+02  1.07390330e+01
 -1.30805735e+00 -4.74192503e-02]",003,FP
543,0,0.8106888205157514,0,"[  3.00790904   0.31430629   5.01905862 -13.09687181  -1.30029201
   0.16583836]","[ -0.37096944   0.06762358 -23.33954933  -6.65825949  -1.2956724
  -0.14842598]","[ 7.05694536e-01  7.69741113e-03 -2.02569203e+02  1.44951980e+02
 -1.15512764e+00 -4.15677014e-01]","[ 5.24898705e+00  6.05842237e-02 -2.60905309e+01  1.38948859e+02
 -1.35277954e+00 -2.20578625e-02]","[ 3.15546724e-01  2.85454193e-02  5.48080861e+01 -1.52945120e+01
 -1.22380534e+00 -3.55351433e-01]","[-1.79738452e+00  2.33612725e-02 -6.76683985e+01 -1.19626132e+02
 -1.31319994e+00  4.75032552e-02]","[  1.74294637   0.06094255  25.93977793 -43.21164187  -1.31511483
  -0.04542607]","[ 6.27233217e-02  1.31090745e-02 -1.20609847e+02  9.56505022e+00
 -1.30845734e+00 -1.88108026e-02]",003,FP
544,0,0.8106888205157514,0,"[  3.21296746   0.34352616   4.59870349 -12.77548466  -1.31069914
   0.10123689]","[ -0.41523582   0.07360251 -21.46224477  -6.91189284  -1.30397041
  -0.10633085]","[ 6.99973455e-01  1.01863338e-02 -1.53162574e+02  1.09209736e+02
 -1.17159992e+00 -4.04988066e-01]","[ 5.21305006e+00  5.80930155e-02 -2.71573243e+01  1.43572491e+02
 -1.34392941e+00  1.47386825e-01]","[ 3.31163100e-01  2.16333733e-02  7.16981214e+01 -2.17437722e+01
 -1.16125821e+00 -4.70215490e-01]","[-1.81166642e+00  2.22920889e-02 -7.08763433e+01 -1.26404291e+02
 -1.30797642e+00  9.39167996e-02]","[  1.78010618   0.05806885  27.20599916 -46.42956711  -1.31051018
  -0.09956473]","[ 5.44658585e-02  1.31637746e-02 -1.20111755e+02  8.54198987e+00
 -1.30794351e+00  6.87299466e-03]",003,FP
545,0,0.8106888205157514,0,"[  3.43280898   0.36077592   4.3817503  -13.04171177  -1.31541969
   0.04581482]","[ -0.46271874   0.07793323 -20.28101387  -7.38440511  -1.30946354
  -0.06578723]","[ 6.92517332e-01  1.32719533e-02 -1.17779929e+02  8.35646419e+01
 -1.19458897e+00 -3.74374468e-01]","[ 5.18098935e+00  4.90272164e-02 -3.18285697e+01  1.66903481e+02
 -1.27418007e+00  3.69309439e-01]","[ 3.42342522e-01  1.47457768e-02  1.02780599e+02 -3.31861694e+01
 -1.01152732e+00 -6.63853420e-01]","[-1.82509061e+00  2.06105143e-02 -7.65878563e+01 -1.37779778e+02
 -1.29939239e+00  1.42313932e-01]","[  1.81482261   0.05323784  29.63512763 -51.78249953  -1.30022248
  -0.16167006]","[ 4.62396259e-02  1.29992772e-02 -1.21622836e+02  7.62379443e+00
 -1.30692528e+00  3.10165179e-02]",003,FP
546,0,0.8106888205157514,0,"[ 3.65963707e+00  3.65554254e-01  4.32519763e+00 -1.38286536e+01
 -1.31689512e+00 -6.11349428e-03]","[ -0.51227448   0.08029859 -19.68944198  -8.08639873  -1.31314795
  -0.02486597]","[ 6.82988098e-01  1.68477037e-02 -9.29991911e+01  6.55173406e+01
 -1.22107285e+00 -3.33854032e-01]","[ 5.15696764e+00  3.41751462e-02 -4.34818846e+01  2.26234672e+02
 -9.99677963e-01  7.14782932e-01]","[ 3.49080373e-01  8.21663257e-03  1.66232004e+02 -5.60283298e+01
 -5.81833419e-01 -9.83465150e-01]","[-1.83730287e+00  1.84203853e-02 -8.55680204e+01 -1.55214370e+02
 -1.28643972e+00  1.95447457e-01]","[ 1.84591462e+00  4.66225890e-02  3.37542916e+01 -6.03075403e+01
 -1.28062588e+00 -2.37523305e-01]","[ 3.81796687e-02  1.26310208e-02 -1.25148040e+02  6.77811070e+00
 -1.30536760e+00  5.50105541e-02]",003,FP
547,0,0.8354473530393272,0,"[  3.88532182   0.35748434   4.42152297 -15.1790397   -1.31564794
  -0.06030105]","[ -0.56254302   0.08038961 -19.66739214  -9.06375413  -1.31535516
   0.01995522]","[ 6.71161335e-01  2.07079321e-02 -7.58512214e+01  5.29084069e+01
 -1.24963471e+00 -2.84327806e-01]","[ 5.14466707e+00  1.78073786e-02 -5.10842512e+01  2.64811465e+02
 -7.41964639e-01  7.22348267e-01]","[ 3.51452287e-01  4.00628221e-03  2.33309794e+01 -6.19972606e+00
 -1.70144299e+00 -2.65030629e-01]","[-1.84801440e+00  1.58356471e-02 -9.92993492e+01 -1.81506627e+02
 -1.26682922e+00  2.58145799e-01]","[ 1.87232660e+00  3.84908119e-02  4.06792907e+01 -7.41649181e+01
 -1.24278539e+00 -3.38660040e-01]","[ 3.04106788e-02  1.20740062e-02 -1.30886277e+02  5.98034052e+00
 -1.30297665e+00  7.98820389e-02]",003,FP
548,0,0.9900292531716748,0,"[  4.10148553   0.33619675   4.69698708 -17.26462454  -1.31012208
  -0.12327681]","[ -0.61195229   0.07787298 -20.29447997 -10.41925355  -1.315074
   0.07359573]","[ 6.56980739e-01  2.45250796e-02 -6.41989232e+01  4.41774560e+01
 -1.27680281e+00 -2.26696086e-01]","[ 5.14684865e+00  2.22151352e-02  4.91024551e+01 -2.50722905e+02
 -4.23273580e-01  9.82314430e-01]","[ 3.49620918e-01  7.34406263e-03 -1.84830386e+02  6.66205692e+01
 -6.13126253e-01 -9.57656031e-01]","[-1.85700222e+00  1.29665400e-02 -1.20762427e+02 -2.22256095e+02
 -1.23436315e+00  3.40103907e-01]","[ 1.89317224e+00  2.91934741e-02  5.30052611e+01 -9.83480887e+01
 -1.15980210e+00 -4.90381115e-01]","[ 2.30470197e-02  1.13442928e-02 -1.39249847e+02  5.20929395e+00
 -1.29953351e+00  1.06485985e-01]",003,FP
549,0,0.99331971729147,0,"[  4.29961385   0.301517     5.22569013 -20.4684497   -1.29557913
  -0.20341197]","[ -0.65872567   0.07242137 -21.79490666 -12.35686457  -1.30904891
   0.14262386]","[ 6.40609062e-01  2.78868268e-02 -5.65730435e+01  3.82412043e+01
 -1.29900988e+00 -1.63483515e-01]","[ 5.16496595e+00  4.50201464e-02  3.28341080e+01 -1.67587050e+02
 -9.00736816e-01  7.79285346e-01]","[ 3.43839513e-01  1.28382335e-02 -1.18666670e+02  4.28022898e+01
 -1.06956425e+00 -6.16905606e-01]","[-1.86410347e+00  9.91182478e-03 -1.56581006e+02 -2.89883196e+02
 -1.17052123e+00  4.61716340e-01]","[ 1.90776615e+00  1.92145339e-02  7.75305070e+01 -1.45910077e+02
 -9.34195781e-01 -7.48001278e-01]","[ 1.61935114e-02  1.04584140e-02 -1.50956442e+02  4.44451487e+00
 -1.29486937e+00  1.36320635e-01]",003,FP
550,0,0.8468763863174766,0,"[  4.47132949   0.25391835   6.17451147 -25.60827521  -1.26057356
  -0.31374195]","[ -0.70092414   0.06381364 -24.65911513 -15.28416908  -1.28962272
   0.23695496]","[ 6.22459179e-01  3.03690643e-02 -5.20222466e+01  3.43817249e+01
 -1.31467240e+00 -9.67275031e-02]","[ 5.19890607e+00  6.87997180e-02  2.24831136e+01 -1.14887596e+02
 -1.17366957e+00  4.88079537e-01]","[ 3.34446041e-01  1.80729082e-02 -8.62491286e+01  3.08456796e+01
 -1.21453960e+00 -4.03737989e-01]","[-1.86920702e+00  6.77074800e-03 -2.23575458e+02 -4.15908814e+02
 -1.01200357e+00  6.67806454e-01]","[ 1.91564300e+00  9.71813003e-03  1.18415369e+02 -2.24841572e+02
 -4.38662566e-01 -9.84783515e-01]","[ 9.94712279e-03  9.42970236e-03 -1.67271927e+02  3.66387440e+00
 -1.28830429e+00  1.72482618e-01]",003,FP
551,0,0.8468763863174766,0,"[  4.60890037   0.19511485   7.93623732 -34.57732711  -1.17402496
  -0.47965499]","[ -0.73654939   0.05208156 -29.98468513 -20.08520159  -1.23742652
   0.37505381]","[ 6.03191816e-01  3.16011489e-02 -5.00288858e+01  3.21770144e+01
 -1.32370205e+00 -2.59764175e-02]","[ 5.24690217e+00  8.90146376e-02  1.76252579e+01 -9.04780038e+01
 -1.27882841e+00  2.97059289e-01]","[ 3.21842399e-01  2.27071001e-02 -6.91773279e+01  2.42641972e+01
 -1.26622793e+00 -2.79292654e-01]","[-1.87224562e+00  3.73096695e-03 -3.58939662e+02 -6.70023209e+02
 -5.49860167e-01  9.93480201e-01]","[ 1.91656817e+00  7.84954289e-03 -1.06425671e+02  2.05972053e+02
 -7.50920685e-01 -7.40182170e-01]","[ 4.40044847e-03  8.26376658e-03 -1.90571212e+02  2.83859880e+00
 -1.27769195e+00  2.20802695e-01]",003,FP
552,0,0.8468763863174766,0,"[  4.70594753   0.12887482  11.53373826 -52.2771671   -0.93065602
  -0.75411421]","[-7.63712365e-01  3.76883956e-02 -4.05158927e+01 -2.89424882e+01
 -1.09146060e+00  5.97205788e-01]","[ 5.83678996e-01  3.13009256e-02 -5.04992872e+01  3.14753732e+01
 -1.32553471e+00  5.25047494e-02]","[  5.30561966   0.10298098  15.32183357 -79.29182134  -1.32581853
   0.15075284]","[ 3.06456215e-01  2.66774052e-02 -5.90716759e+01  2.01028823e+01
 -1.28633833e+00 -2.01226871e-01]","[-1.87319077e+00  1.98458362e-03  7.20821894e+01  1.37023692e+02
 -1.68676643e+00  2.70113318e-01]","[ 1.91054293e+00  1.64847342e-02 -8.82992774e+01  1.70699560e+02
 -8.27182320e-01 -8.34809284e-01]","[-3.51925874e-04  6.95537374e-03 -2.25706622e+02  1.92056800e+00
 -1.25718303e+00  2.92610123e-01]",003,FP
553,0,0.8468763863174766,0,"[ 4.75821268e+00  6.48456194e-02  1.73363866e+01 -8.04902146e+01
 -4.38145610e-01 -9.77819319e-01]","[-7.80844079e-01  2.19624029e-02 -6.25509575e+01 -4.68425448e+01
 -6.42429493e-01  9.45827702e-01]","[ 5.64946981e-01  2.92865269e-02 -5.38869281e+01  3.24432573e+01
 -1.31689102e+00  1.46675381e-01]","[ 5.37038589e+00  1.08694896e-01  1.45436160e+01 -7.61048302e+01
 -1.34444530e+00  1.76741653e-02]","[ 2.88690898e-01  3.00467909e-02 -5.25244103e+01  1.71633192e+01
 -1.29333674e+00 -1.51641595e-01]","[-1.87204889e+00  3.98187680e-03  3.47007311e+02  6.51614650e+02
 -6.36037812e-01  9.52207009e-01]","[ 1.89779932e+00  2.63365811e-02 -5.84577494e+01  1.12941077e+02
 -1.12778824e+00 -5.38142318e-01]","[-4.20463635e-03  5.48908533e-03 -2.83801817e+02  8.06716565e-01
 -1.20812935e+00  4.12399695e-01]",003,FP
554,0,0.8726924821244587,0,"[ 4.76419911e+00  5.27531900e-02 -1.64844734e+01  8.05353134e+01
 -7.37876276e-01 -7.38211860e-01]",[-0.78690611  0.01126464 -6.72311548 -3.29046062 -1.70835118  0.25448567],"[ 5.48113752e-01  2.54852837e-02 -6.16391803e+01  3.57852824e+01
 -1.28691792e+00  2.72418669e-01]","[  5.43553789   0.10485954  15.0553069  -79.83369115  -1.33862974
  -0.12463988]","[ 2.68878186e-01  3.29642953e-02 -4.79078978e+01  1.48813887e+01
 -1.29453816e+00 -1.21980080e-01]","[-1.86885544e+00  6.95124608e-03  2.19059198e+02  4.11389974e+02
 -1.04978688e+00  6.27891893e-01]","[ 1.87877425e+00  3.56484972e-02 -4.38432325e+01  8.43715362e+01
 -1.22927796e+00 -3.67372093e-01]","[-7.03329683e-03  3.85325609e-03 -3.93976765e+02 -7.70955533e-01
 -1.05605128e+00  6.36223857e-01]",003,FP
555,0,0.9064391266854018,0,"[  4.72551545   0.10644778 -13.79946534  67.20958661  -0.90308093
  -0.78371199]","[-7.81552119e-01  2.09813777e-02  6.45313899e+01  5.24346445e+01
 -6.10255575e-01  9.59154021e-01]","[ 5.34323555e-01  1.99643331e-02 -7.76182841e+01  4.34732775e+01
 -1.19787117e+00  4.64351161e-01]","[ 5.49488425e+00  9.11105244e-02  1.72073467e+01 -9.25523785e+01
 -1.29214092e+00 -3.03468609e-01]","[ 2.47247827e-01  3.56214348e-02 -4.43471514e+01  1.29647368e+01
 -1.29369956e+00 -1.06479911e-01]","[-1.86366404e+00  9.96698372e-03  1.56017386e+02  2.92763991e+02
 -1.18262532e+00  4.39231161e-01]","[ 1.85405669e+00  4.40004907e-02 -3.57291801e+01  6.82439254e+01
 -1.26968972e+00 -2.62355303e-01]","[-8.69055561e-03  2.13519177e-03 -6.02213819e+02 -3.23357268e+00
 -5.54853819e-01  9.57642742e-01]",003,FP
556,0,0.9433890280948732,0,[ 4.64680605  0.16192669 -9.57070913 46.47322904 -1.19906235 -0.46321474],"[-7.65199175e-01  3.64468982e-02  4.18283593e+01  3.40070260e+01
 -1.08543244e+00  6.06917237e-01]","[ 5.24672501e-01  1.30635939e-02 -1.12088781e+02  6.08099011e+01
 -8.96428337e-01  7.89355397e-01]","[ 5.54227341e+00  6.83591258e-02  2.23754738e+01 -1.22010993e+02
 -1.13420975e+00 -5.69431088e-01]","[ 2.23921142e-01  3.81997387e-02 -4.13585622e+01  1.12610565e+01
 -1.29281988e+00 -9.98131370e-02]","[-1.85653034e+00  1.29346694e-02  1.21110891e+02  2.26846043e+02
 -1.23214136e+00  3.34249829e-01]","[ 1.82431407e+00  5.12713889e-02 -3.07439584e+01  5.80866358e+01
 -1.28672997e+00 -1.93684862e-01]","[-9.00875753e-03  1.51416326e-03  3.55769121e+02  5.20503775e+00
 -1.16412664e+00  5.41565805e-01]",003,FP
557,0,0.9466712992103978,0,[ 4.53525039  0.20612705 -7.62235043 36.5692678  -1.29124922 -0.26773624],[-0.73898999  0.05047287 30.94062611 24.86481301 -1.24160789  0.37353553],"[ 5.20123279e-01  6.51831635e-03 -1.18664510e+02  6.37201738e+01
 -9.11366881e-01  6.28775489e-01]","[ 5.57222446e+00  3.99908230e-02  3.32951555e+01 -1.83528080e+02
 -6.20811916e-01 -9.38978045e-01]","[  0.19892557   0.04082945 -38.69630967   9.69768546  -1.29254724
  -0.09731213]","[-1.84749440e+00  1.58718189e-02  9.90190256e+01  1.84937095e+02
 -1.25352580e+00  2.72214415e-01]","[  1.79021244   0.05752087 -27.43928345  51.1221465   -1.29362149
  -0.148043  ]","[-7.80918639e-03  3.45990577e-03  4.05123929e+02  5.16368827e+00
 -6.22547858e-01  9.66735213e-01]",003,FP
558,0,0.9466712992103978,0,[ 4.39973164  0.235634   -6.69905577 31.47404759 -1.32147991 -0.13606816],[-0.70465831  0.06154347 25.57873224 20.0242663  -1.29719863  0.22582778],"[ 5.21414449e-01  9.11005332e-03  1.28244007e+02 -6.48682785e+01
 -3.99877642e-01  1.02219954e+00]","[ 5.58053565e+00  2.44434271e-02 -1.17483600e+01  6.75621419e+01
 -1.54849146e+00 -3.32558917e-01]","[  0.17222079   0.04358045 -36.25431424   8.24374681  -1.29264328
  -0.09607615]","[-1.83656702e+00  1.88305581e-02  8.35963313e+01  1.55530265e+02
 -1.26400689e+00  2.33948105e-01]","[  1.75234831   0.06292057 -25.10102708  45.98574242  -1.29618055
  -0.11790229]","[-4.91554415e-03  6.15430576e-03  2.46223394e+02  3.21032196e+00
 -9.92826029e-01  6.73014287e-01]",003,FP
559,0,0.9698216151740746,0,[ 4.24985089  0.24979062 -6.32866089 28.89586515 -1.32771896 -0.03750727],[-0.66433067  0.06906065 22.86557186 17.19030056 -1.31757866  0.1211547 ],"[ 5.28974321e-01  1.81818104e-02  8.17304954e+01 -4.12333333e+01
 -9.13600085e-01  7.63941870e-01]","[ 5.56476333e+00  5.11759777e-02 -2.71491794e+01  1.53078758e+02
 -6.55143115e-01 -9.43692331e-01]","[  0.14372721   0.0464806  -33.99276032   6.88568461  -1.29278466
  -0.09505148]","[-1.82372464e+00  2.18674586e-02  7.20524330e+01  1.33403798e+02
 -1.27018692e+00  2.08925919e-01]","[  1.71120888   0.06767616 -23.34535896  41.94878556  -1.29718085
  -0.09795068]","[-1.68008446e-04  9.16184955e-03  1.68897731e+02  2.02837625e+00
 -1.13407118e+00  4.99440623e-01]",003,FP
560,0,0.9698216151740746,0,[ 4.09498829  0.24965039 -6.33214429 27.93005673 -1.32280279  0.04269003],[-0.62030502  0.07289594 21.68642757 15.45219998 -1.32274051  0.03997956],"[ 5.42855152e-01  2.78401232e-02  5.55166206e+01 -2.81374835e+01
 -1.15340409e+00  5.01813412e-01]","[ 5.52447311e+00  8.74524687e-02 -1.74573005e+01  9.84423872e+01
 -1.08455321e+00 -6.01436396e-01]","[  0.11335341   0.04953168 -31.89949113   5.61591623  -1.29316996
  -0.09372472]","[-1.80891405e+00  2.50227026e-02  6.30042052e+01  1.15969192e+02
 -1.27479848e+00  1.90744373e-01]","[  1.66716856   0.07196016 -21.9600084   38.61103558  -1.29787133
  -0.08409817]","[ 6.56504025e-03  1.23757935e-02  1.26126466e+02  1.17197468e+00
 -1.19924702e+00  3.92355243e-01]",003,FP
561,0,0.9698216151740746,0,[ 3.94358473  0.23727065 -6.65654611 28.2506536  -1.31168459  0.11385114],[-0.57484506  0.07325085 21.58311001 14.40694411 -1.32005235 -0.02770132],"[ 5.62707758e-01  3.67982544e-02  4.25466108e+01 -2.19413080e+01
 -1.24699154e+00  3.38731797e-01]","[  5.46120353   0.12124401 -12.87360854  72.30539634  -1.23295297
  -0.38266809]","[  0.08102324   0.05270179 -29.9818722    4.42922847  -1.29429443
  -0.09096903]","[-1.79206506e+00  2.83083994e-02  5.57163862e+01  1.01847389e+02
 -1.27888512e+00  1.75588747e-01]","[  1.62051472   0.07587608 -20.82948669  35.75448987  -1.29866775
  -0.0733585 ]","[ 1.53785246e-02  1.57210001e-02  9.97358891e+01  4.66209177e-01
 -1.23496515e+00  3.19104651e-01]",003,FP
562,0,0.9698216151740746,0,[ 3.80272633  0.21507948 -7.33073544 29.87678065 -1.29517828  0.18418478],[-0.53001647  0.07055186 22.39634487 13.87043155 -1.31240206 -0.08778935],"[  0.58780966   0.04436786  35.48418982 -18.85794969  -1.28896446
   0.2258102 ]","[  5.37814522   0.14908341 -10.55290814  58.75507251  -1.28929981
  -0.24162273]","[  0.04670108   0.05590846 -28.26441356   3.31997857  -1.29622537
  -0.08542137]","[-1.77310738e+00  3.17067605e-02  4.97636827e+01  9.02363529e+01
 -1.28273848e+00  1.61450765e-01]","[  1.57148531   0.07945804 -19.89255646  33.26086018  -1.29954283
  -0.06390634]","[ 2.63247938e-02  1.91226644e-02  8.22140271e+01 -1.64267313e-01
 -1.25719282e+00  2.64403533e-01]",003,FP
563,0,0.9698216151740746,0,[ 3.67799644  0.18547068 -8.47608065 33.17499441 -1.27013616  0.26278276],[-0.48757448  0.06536337 24.1485396  13.77421167 -1.30071622 -0.14427128],"[  0.61714345   0.05011381  31.49824471 -17.4389353   -1.30802961
   0.1408566 ]",[ 5.27960901  0.16940505 -9.31732554 51.19183583 -1.31077744 -0.14254489],"[ 1.04119287e-02  5.90235465e-02 -2.67756901e+01  2.27878658e+00
 -1.29839189e+00 -7.67147342e-02]","[-1.75198770e+00  3.51747335e-02  4.48728951e+01  8.06167603e+01
 -1.28638882e+00  1.47441642e-01]","[  1.5203032    0.08269323 -19.11593152  31.06201179  -1.30035032
  -0.05492124]","[ 3.94091853e-02  2.24993977e-02  6.99978098e+01 -7.58556657e-01
 -1.27220652e+00  2.20627998e-01]",003,FP
564,0,0.9424749801796086,0,"[  3.57348836   0.15070147 -10.37608774  39.07882873  -1.22748462
   0.36168867]",[-0.44889897  0.05831829 27.02323928 14.13070416 -1.28483142 -0.2003093 ],"[  0.64950871   0.05383538  29.35596648 -17.06695588  -1.31531456
   0.07363201]",[ 5.17040329  0.18189302 -8.68897086 46.92548355 -1.31683709 -0.06925638],"[ -0.02774746   0.06190867 -25.5310053    1.29157932  -1.30013804
  -0.06585423]","[-1.72868535e+00  3.86485736e-02  4.08527109e+01  7.26214829e+01
 -1.28988920e+00  1.33130890e-01]","[  1.46720159   0.08554577 -18.47981725  29.11361719  -1.30106914
  -0.04609847]","[ 5.45862472e-02  2.57643579e-02  6.12017554e+01 -1.34077415e+00
 -1.28279261e+00  1.83857204e-01]",003,FP
565,0,0.9424749801796086,0,"[  3.49186873   0.11300621 -13.68438961  49.78409216  -1.14438455
   0.50108991]",[-0.41496801  0.05006408 31.40898331 15.03372324 -1.263629   -0.25894778],"[ 6.83646068e-01  5.55454252e-02  2.84642164e+01 -1.74594496e+01
 -1.31610324e+00  1.86870655e-02]","[ 5.05524758e+00  1.87158033e-01 -8.44783525e+00  4.47058987e+01
 -1.31569160e+00 -1.36390108e-02]","[ -0.0676096    0.06445502 -24.52508988   0.34186849  -1.30127397
  -0.054329  ]","[-1.70322743e+00  4.20433957e-02  3.75653848e+01  6.59823938e+01
 -1.29338438e+00  1.18055270e-01]","[  1.41244074   0.0879669  -17.97226093  27.3847535   -1.30179773
  -0.03713949]","[ 7.17571868e-02  2.88301721e-02  5.47411587e+01 -1.92807155e+00
 -1.29044142e+00  1.51926530e-01]",003,FP
566,0,0.9424749801796086,0,"[  3.43443899   0.07480164 -20.06805872  70.92252329  -0.95189525
   0.72241756]",[-0.38636225  0.0412198  38.02803295 16.69259636 -1.23472035 -0.32381851],"[ 7.18349695e-01  5.54210462e-02  2.85273799e+01 -1.84926347e+01
 -1.31321202e+00 -2.73481534e-02]","[ 4.93832566e+00  1.86384904e-01 -8.48251380e+00  4.38894156e+01
 -1.31134254e+00  2.89312580e-02]","[ -0.10894878   0.06659659 -23.7385108   -0.5862818   -1.30203818
  -0.04303941]","[-1.67570451e+00  4.52485472e-02  3.49145283e+01  6.05064326e+01
 -1.29697502e+00  1.01584605e-01]","[  1.35631874   0.08989264 -17.58810914  25.85508196  -1.30258368
  -0.02760351]","[ 9.07698381e-02  3.16134270e-02  4.99533840e+01 -2.53426058e+00
 -1.29606854e+00  1.23437493e-01]",003,FP
567,0,0.9424749801796086,0,"[ 3.40122297e+00  3.94444639e-02 -3.30884703e+01  1.14541265e+02
 -4.60700573e-01  1.04095918e+00]","[-3.63297745e-01  3.23372948e-02  4.82435930e+01  1.95267886e+01
 -1.19337451e+00 -4.00628633e-01]","[  0.75254502   0.05373315  29.41471383 -20.13589627  -1.30839012
  -0.06716873]",[ 4.82304752  0.18096903 -8.73433239 44.12610021 -1.30610018  0.06177188],"[ -0.15149732   0.06829242 -23.15057014  -1.50724943  -1.30273462
  -0.03195765]","[-1.64628677e+00  4.81244724e-02  3.28369559e+01  5.60590459e+01
 -1.30059074e+00  8.30903739e-02]","[ 1.29918185e+00  9.12375089e-02 -1.73295025e+01  2.45141751e+01
 -1.30340940e+00 -1.69914044e-02]","[ 1.11421165e-01  3.40366567e-02  4.64184926e+01 -3.17200251e+00
 -1.30025592e+00  9.73427373e-02]",003,FP
568,2,0.999508285599894,1,"[ 3.39114260e+00  2.04236023e-02  1.19914696e+01 -3.86647835e+01
 -1.64264713e+00  2.76422564e-01]","[-3.45685240e-01  2.38652232e-02  6.48424102e+01  2.44150641e+01
 -1.12837214e+00 -5.00995049e-01]","[  0.78531513   0.05076103  31.12105831 -22.43983803  -1.30285763
  -0.10429554]",[ 4.71203965  0.17216736 -9.17790186 45.2466375  -1.30147683  0.08866692],"[-1.94952743e-01  6.94957586e-02 -2.27508048e+01 -2.43533181e+00
 -1.30355377e+00 -2.03764011e-02]","[-1.61523925e+00  5.05061246e-02  3.12960877e+01  5.25506694e+01
 -1.30402629e+00  6.21026307e-02]","[ 1.24144124e+00  9.18869557e-02 -1.72073772e+01  2.33619476e+01
 -1.30431163e+00 -4.66316802e-03]","[ 1.33460531e-01  3.60279305e-02  4.38676604e+01 -3.85460127e+00
 -1.30340462e+00  7.27454413e-02]",003,FP
569,2,0.999508285599894,1,"[ 3.40230322e+00  3.92938573e-02  3.59368230e+01 -1.20267969e+02
 -7.49818699e-01  8.83995257e-01]","[-3.33206295e-01  1.61299302e-02  9.43023223e+01  3.34221274e+01
 -1.00646817e+00 -6.51497786e-01]","[  0.81587631   0.04670645  33.79499153 -25.57253299  -1.29677841
  -0.14462866]",[ 4.6073208   0.16080964 -9.82184963 47.25241211 -1.29794626  0.11512374],"[-2.38967919e-01  7.01271879e-02 -2.25465963e+01 -3.38791321e+00
 -1.30460266e+00 -7.16002161e-03]","[-1.58293390e+00  5.22134225e-02  3.02785021e+01  4.99288675e+01
 -1.30702932e+00  3.82645617e-02]","[ 1.18359565e+00  9.16892871e-02 -1.72443411e+01  2.24103270e+01
 -1.30530420e+00  1.03358714e-02]","[ 1.56592012e-01  3.75186447e-02  4.21345210e+01 -4.59792944e+00
 -1.30580849e+00  4.87340391e-02]",003,FP
570,2,0.999508285599894,1,"[ 3.43233953e+00  6.46593825e-02  2.37705447e+01 -7.95885802e+01
 -1.13058951e+00  5.46610979e-01]","[-3.25391878e-01  9.37661954e-03  1.53700979e+02  5.20130504e+01
 -7.14371259e-01 -9.06695724e-01]","[  0.84352404   0.04164616  37.84475824 -29.92296325  -1.28765252
  -0.19715304]","[  4.51057113   0.14717061 -10.72441534  50.37323822  -1.29420616
   0.14827651]","[-2.83127160e-01  7.00588494e-02 -2.25685036e+01 -4.38975635e+00
 -1.30585797e+00  9.15524493e-03]","[-1.54985398e+00  5.30667135e-02  2.97947740e+01  4.81775493e+01
 -1.30928258e+00  1.12182789e-02]","[  1.12625098   0.09045714 -17.4781696   21.6848057   -1.30611937
   0.02911556]","[ 1.80475538e-01  3.84408305e-02  4.11295760e+01 -5.42288235e+00
 -1.30761629e+00  2.43034436e-02]",003,FP
571,2,0.7662067609589263,1,"[  3.47872805   0.08751595  17.87047045 -60.16650682  -1.23852478
   0.35605805]","[-3.21691738e-01  4.14444248e-03  2.30189322e+02  7.60500031e+01
 -4.61153362e-01 -9.48336607e-01]","[ 8.67582798e-01  3.55631376e-02  4.41809282e+01 -3.63306133e+01
 -1.26783753e+00 -2.74076196e-01]","[  4.42339088   0.13108348 -12.02414373  55.18748773  -1.28665529
   0.19592114]","[ -0.3269184    0.06911339 -22.8756699   -5.47847738  -1.30700921
   0.03020881]","[-1.51658670e+00  5.29066672e-02  2.98842394e+01  4.73220402e+01
 -1.31032158e+00 -1.93936541e-02]","[  1.07012675   0.08799289 -17.96486308  21.22468052  -1.30614266
   0.05249698]","[ 2.04727948e-01  3.87266315e-02  4.08279221e+01 -6.35861670e+00
 -1.30877192e+00 -1.59597531e-03]",003,FP
572,2,0.7662067609589263,1,"[  3.5389845    0.10704305  14.69650583 -50.01070632  -1.27718365
   0.24624791]","[-3.21528738e-01  3.81246700e-03 -2.85444835e+02 -8.97787175e+01
 -5.74224267e-01 -8.55842489e-01]","[ 8.87386584e-01  2.84519042e-02  5.48279717e+01 -4.66536065e+01
 -1.21887405e+00 -3.93826003e-01]","[  4.34746867   0.11223765 -14.00381718  62.8811565   -1.26858679
   0.2670909 ]","[ -0.36971279   0.06708301 -23.5634059   -6.71169242  -1.30735196
   0.05759162]",[-1.48380155  0.05161836 30.62380593 47.43965063 -1.30952905 -0.05385939],"[  1.01604362   0.08413631 -18.7825713   21.08391165  -1.30463758
   0.08083535]","[ 2.28925543e-01  3.83123527e-02  4.12663696e+01 -7.44692608e+00
 -1.30901637e+00 -2.99890651e-02]",003,FP
573,2,0.8182384853430495,1,"[  3.61072253   0.12314004  12.80845479 -44.24777626  -1.29505223
   0.1731643 ]","[-3.24336952e-01  7.22343890e-03 -2.07965643e+02 -6.54509427e+01
 -1.02188213e+00 -6.83008401e-01]","[ 9.02302126e-01  2.04526917e-02  7.47528485e+01 -6.54496541e+01
 -1.08734299e+00 -5.93289606e-01]","[  4.28461713   0.09049587 -17.25929884  75.94948746  -1.22551147
   0.37698637]","[ -0.41076184   0.0637696  -24.77702144  -8.17745493  -1.3057556
   0.09277843]",[-1.4522151   0.04915519 32.14363354 48.67946987 -1.30621151 -0.09245883],"[  0.96488913   0.07881242 -20.04071765  21.33707063  -1.30091064
   0.11436049]","[ 2.52609941e-01  3.71468538e-02  4.25509817e+01 -8.74880099e+00
 -1.30791418e+00 -6.19257861e-02]",003,FP
574,2,0.9167939938077988,1,"[  3.69161386   0.13569736  11.63863458 -40.96534468  -1.30462417
   0.1177623 ]","[-3.29585278e-01  1.04366064e-02 -1.49254626e+02 -4.71921273e+01
 -1.22381141e+00 -4.07501804e-01]","[ 9.11791560e-01  1.20649016e-02  1.16093409e+02 -1.03852990e+02
 -6.85697799e-01 -9.25483850e-01]","[ 4.23667063e+00  6.61476522e-02 -2.32136668e+01  1.00348660e+02
 -1.11346462e+00  5.59589885e-01]","[ -0.44921809   0.05903323 -26.7423268  -10.01313688  -1.30062476
   0.1375043 ]","[-1.42254606e+00  4.55537453e-02  3.46570075e+01  5.13011895e+01
 -1.29960789e+00 -1.35774254e-01]","[  0.91756385   0.07205586 -21.90104492  22.09560712  -1.2941691
   0.15376945]","[ 2.75298494e-01  3.52009651e-02  4.48816083e+01 -1.03558392e+01
 -1.30482284e+00 -9.87208279e-02]",003,FP
575,2,0.9338275659313746,1,"[  3.77932603   0.14456811  10.93225534 -39.31655719  -1.30961664
   0.0718176 ]","[-3.36791623e-01  1.30504821e-02 -1.20463948e+02 -3.85712485e+01
 -1.27893463e+00 -2.59796353e-01]","[ 9.15494897e-01  5.84371881e-03  5.43662232e+01 -4.77719999e+01
 -1.53677147e+00 -3.36316264e-01]","[ 4.20527838e+00  4.03732286e-02 -3.54862502e+01  1.51229561e+02
 -7.67769703e-01  8.75971906e-01]","[ -0.48417587   0.05282699 -29.83682729 -12.4462718   -1.28953698
   0.19491677]","[-1.39546757e+00  4.09317470e-02  3.85202980e+01  5.57538268e+01
 -1.28866061e+00 -1.85278689e-01]","[  0.87492118   0.06400272 -24.62285741  23.54305943  -1.28315026
   0.20096138]","[ 2.96498769e-01  3.24738334e-02  4.86088245e+01 -1.24124567e+01
 -1.29870989e+00 -1.42439674e-01]",003,FP
576,2,0.9449552128143668,1,"[ 3.87151048e+00  1.49690135e-01  1.05617408e+01 -3.88898904e+01
 -1.31138094e+00  3.19563501e-02]","[-3.45534084e-01  1.50947700e-02 -1.04486609e+02 -3.41036845e+01
 -1.29660555e+00 -1.73483820e-01]","[ 9.13302712e-01  9.99232778e-03 -1.31481073e+02  1.22082021e+02
 -5.42537294e-01 -9.85868758e-01]","[ 4.19165788e+00  1.91944395e-02 -3.12980482e+01  1.33190710e+02
 -1.13986881e+00  5.26153473e-01]","[ -0.5147225    0.04520562 -34.76102039 -15.89227923  -1.26752059
   0.27193845]","[-1.37156585e+00  3.54685948e-02  4.43600655e+01  6.28427508e+01
 -1.27131439e+00 -2.44321768e-01]","[  0.8377207    0.05485566 -28.66298313  26.0115742   -1.26526106
   0.26039966]","[ 3.15725479e-01  2.89949799e-02  5.43581628e+01 -1.51622570e+01
 -1.28757151e+00 -1.96729934e-01]",003,FP
577,2,0.975061736959411,1,"[ 3.96586429e+00  1.51191114e-01  1.04577698e+01 -3.94740958e+01
 -1.31069057e+00 -3.02808558e-03]","[-3.55460529e-01  1.66606429e-02 -9.47922884e+01 -3.16949170e+01
 -1.30211446e+00 -1.19230421e-01]","[ 9.05397207e-01  1.79849800e-02 -8.43097814e+01  7.83338406e+01
 -1.04623704e+00 -6.45874073e-01]","[ 4.19637852e+00  2.84917351e-02  4.36422110e+01 -1.81139237e+02
 -4.68071351e-01  1.00270575e+00]","[-5.39990469e-01  3.63181224e-02 -4.29858968e+01 -2.12119746e+01
 -1.22113924e+00  3.84045922e-01]","[-1.35131255e+00  2.93767632e-02  5.33650610e+01  7.41128766e+01
 -1.24265941e+00 -3.19974940e-01]","[  0.80660665   0.04483879 -34.91797217  30.16506866  -1.23375668
   0.34205277]","[ 3.32518941e-01  2.48251738e-02  6.33105861e+01 -1.90519690e+01
 -1.26688720e+00 -2.68277277e-01]",003,FP
578,2,0.7836533693762671,1,"[ 4.06023013e+00  1.49406341e-01  1.05817682e+01 -4.09644140e+01
 -1.30836863e+00 -3.36744997e-02]","[-3.66292648e-01  1.78524703e-02 -8.85155464e+01 -3.04225938e+01
 -1.30273826e+00 -8.46311546e-02]","[ 8.92256169e-01  2.55578616e-02 -6.09566951e+01  5.63889872e+01
 -1.21916432e+00 -4.08065459e-01]","[ 4.21922277e+00  5.36984948e-02  2.80118357e+01 -1.16188175e+02
 -9.95358234e-01  6.95062050e-01]","[-5.59204512e-01  2.64204715e-02 -5.80761026e+01 -3.04764186e+01
 -1.10651469e+00  5.66616192e-01]","[-1.33505340e+00  2.28777562e-02  6.80375947e+01  9.28338218e+01
 -1.18946554e+00 -4.27157830e-01]","[ 7.82108558e-01  3.41720747e-02 -4.53889971e+01  3.74991230e+01
 -1.16808710e+00  4.68058373e-01]","[ 3.46464932e-01  2.00609894e-02  7.79009151e+01 -2.49899353e+01
 -1.22538381e+00 -3.70006124e-01]",003,FP
579,2,0.7352325542909022,1,"[  4.15268556   0.1448103   10.91539326 -43.32819594  -1.30524137
  -0.06081229]","[-3.77824144e-01  1.87788137e-02 -8.41704071e+01 -2.98016120e+01
 -1.30140550e+00 -6.39132349e-02]","[ 8.74622231e-01  3.18893830e-02 -4.92957699e+01  4.51151762e+01
 -1.28289963e+00 -2.60066230e-01]","[ 4.25914877e+00  7.87396817e-02  1.97267921e+01 -8.20193421e+01
 -1.19322486e+00  4.46331874e-01]","[-5.71720841e-01  1.60348837e-02 -8.91638154e+01 -4.89768116e+01
 -7.57544608e-01  8.82326557e-01]","[-1.32301036e+00  1.62001893e-02  9.44058001e+01  1.26899851e+02
 -1.07028937e+00 -5.99088056e-01]","[ 7.64653731e-01  2.31197453e-02 -6.52238895e+01  5.18736904e+01
 -9.94737092e-01  6.88200675e-01]","[ 3.57215080e-01  1.48482300e-02  1.03809799e+02 -3.50824258e+01
 -1.13029764e+00 -5.29589946e-01]",003,FP
580,0,0.8168868079201113,0,"[  4.2987274    0.24389254   6.06476652 -24.070778    -0.48115614
   0.89900765]","[ -0.40490747   0.04948254 -27.92513932  -9.30709762  -0.10657204
  -1.22628547]","[  0.82905977   0.08525273 -16.33588418  15.5434244   -0.14837498
  -1.20043978]","[ 4.40794561e+00  2.94144985e-01  4.53307660e+00 -1.79815551e+01
  1.47962843e-02  1.32772356e+00]",[-0.54631154  0.07148261 14.20104762  9.75819624  0.1967493   1.46248664],"[-1.32764663e+00  2.55044139e-02 -2.62433077e+01 -3.28418392e+01
 -3.50448406e-01 -1.08920871e+00]",[ 0.78317535  0.06230938 14.29905122 -9.19866451  0.05693512  1.36636759],"[ 3.53928518e-01  2.12973716e-02 -2.77281758e+01  1.18137922e+01
 -5.07893806e-01 -9.73847027e-01]",003,FP
581,0,0.8168868079201113,0,"[  4.43189357   0.2635889    5.73243233 -23.40552997  -1.72916775
   0.24825152]","[ -0.43321859   0.0606438  -24.49463484  -8.6115312   -1.73494333
  -0.3756677 ]","[  0.78219138   0.10148276 -14.66798665  13.47317273  -1.75743137
  -0.34235586]","[  4.57040523   0.36691338   4.0130393  -16.34121581  -1.7575382
   0.38560997]",[-0.50751838  0.1035459  13.5142255   8.8587178  -1.66441321  0.48492443],"[-1.33975818e+00  3.84423229e-02 -3.46630658e+01 -4.44401261e+01
 -1.58245638e+00 -4.86705019e-01]","[  0.81619801   0.09306359  14.76363835 -10.0500523   -1.61779168
   0.49834998]","[ 3.43883923e-01  3.26109929e-02 -4.03736517e+01  1.58838497e+01
 -1.53153415e+00 -4.95724562e-01]",003,FP
582,0,0.8168868079201113,0,"[  4.55043596   0.24108518   6.02837158 -25.43171885  -1.72223639
  -0.43696135]","[ -0.46265355   0.06241886 -24.07368151  -9.13777432  -1.73850143
   0.3090211 ]","[  0.73521814   0.10024043 -14.7683384   12.85795022  -1.7520752
   0.37236034]","[  4.7423441    0.37665953   3.95659338 -16.76352731  -1.75742742
  -0.33409664]",[-0.4560904   0.12144243 12.47897916  7.69154258 -1.69820781 -0.17103394],"[ -1.35879038   0.04777639 -31.70436652 -41.07958823  -1.65599868
   0.10764559]",[ 0.86292164  0.11263561 13.47449577 -9.62743396 -1.67263834 -0.12810519],"[  0.32728694   0.04171963 -36.38738346  13.90911533  -1.61824347
   0.05496232]",003,FP
583,0,0.8168868079201113,0,"[  4.65257859   0.18089645   6.90795402 -30.13979897   0.16332668
  -1.4379583 ]","[ -0.49300168   0.054306   -26.51347205 -11.07118637  -0.31188886
   1.05737727]","[  0.68913144   0.08221453 -16.67535855  13.49151383  -0.07570233
   1.25215623]","[  4.91996067   0.32205397   4.37651682 -19.53229066  -0.19761852
  -1.15331962]",[-0.39314452  0.11966511 12.61471024  6.95940418 -0.64306057 -0.74790239],"[ -1.38403368   0.04945487 -30.9105021  -40.78117592  -0.75892454
   0.63098439]","[  0.92208128   0.11411678  13.34495575 -10.30513392  -0.72492492
  -0.67043595]","[  0.30447632   0.04480721 -34.46218792  12.4929201   -0.85419951
   0.50861535]",003,FP
584,0,0.8168868079201113,0,"[ 4.73644698e+00  2.49759859e-02  5.55995194e+01 -2.61344176e+02
 -6.96615166e-01 -9.12427695e-01]","[-5.23904378e-01  2.64289696e-02 -5.98101985e+01 -2.93348248e+01
 -1.31921886e+00  5.24003267e-02]","[ 6.44695251e-01  2.93314842e-02 -5.38599893e+01  3.67232793e+01
 -1.29387623e+00  1.03326734e-01]","[ 5.10006048e+00  1.38857240e-01  1.13845069e+01 -5.60616740e+01
 -1.29777326e+00 -5.03048407e-02]",[-0.32013678  0.07987314 19.79106482  8.33584773 -1.3111308   0.05167978],"[-1.41463888e+00  3.57819324e-02 -4.41759751e+01 -6.04930519e+01
 -1.31260619e+00 -5.63635955e-02]","[  0.99195653   0.07981997  19.80648738 -17.64717448  -1.31819854
   0.03249664]","[ 2.75906452e-01  3.56369115e-02 -4.43144262e+01  1.42266361e+01
 -1.29904856e+00 -1.22010547e-01]",003,FP
585,0,0.8145894810280543,0,"[ 4.74290922e+00  1.35632680e-02  3.54212190e+00 -1.47999626e+01
 -1.72439007e+00 -2.50416574e-01]","[-5.39839492e-01  2.48715804e-02 -6.34824666e+01 -3.22703426e+01
 -1.31490706e+00  1.27820728e-01]","[ 6.26825550e-01  2.72626435e-02 -5.79368058e+01  3.83162702e+01
 -1.29318921e+00  1.13571636e-01]","[ 5.18658418e+00  1.34463617e-01  1.17568293e+01 -5.89777851e+01
 -1.29577064e+00 -4.66246783e-02]","[-2.69549326e-01  8.16043139e-02  1.93751762e+01  7.22256569e+00
 -1.31234558e+00  1.23476603e-02]","[-1.43728236e+00  3.65991569e-02 -4.32002896e+01 -6.00910144e+01
 -1.31426347e+00 -1.12475177e-02]","[  1.04182858   0.08006131  19.74761016 -18.57362466  -1.31772957
  -0.02397471]","[ 2.52701290e-01  3.82532913e-02 -4.13065129e+01  1.24382091e+01
 -1.30304756e+00 -8.95112951e-02]",003,FP
586,0,0.8145894810280543,0,"[ 4.73498881e+00  2.80693981e-02 -4.75614280e+01  2.27202829e+02
 -4.96318807e-01 -1.02972479e+00]","[-5.54344291e-01  2.20732102e-02 -7.13046142e+01 -3.75273058e+01
 -1.29536178e+00  2.30504071e-01]","[ 6.10280429e-01  2.51533048e-02 -6.27802773e+01  4.03135746e+01
 -1.29095165e+00  1.26078113e-01]","[ 5.27058332e+00  1.30644181e-01  1.21011777e+01 -6.17802656e+01
 -1.29598546e+00 -3.88923298e-02]",[-0.21847466  0.08131619 19.44322598  6.24785225 -1.31081893 -0.02386409],"[-1.46011224e+00  3.63508094e-02 -4.34923142e+01 -6.15036603e+01
 -1.31319536e+00  3.20505580e-02]","[  1.09098478   0.07741353  20.41386518 -20.2712162   -1.3125212
  -0.07844716]","[  0.22803114   0.04024463 -39.27595503  10.95614078  -1.30519104
  -0.06176134]",003,FP
587,0,0.833298847081821,0,"[ 4.71127366e+00  5.25116421e-02 -2.86490723e+01  1.36973620e+02
 -9.57321438e-01 -7.13666017e-01]","[-5.66625496e-01  1.80224997e-02 -8.66016358e+01 -4.70706948e+01
 -1.23887761e+00  3.81043131e-01]","[ 5.95063491e-01  2.30282953e-02 -6.85573971e+01  4.27960040e+01
 -1.28736061e+00  1.37356592e-01]","[ 5.35231150e+00  1.27441300e-01  1.24057058e+01 -6.43992019e+01
 -1.29816095e+00 -3.33428218e-02]",[-0.1680942   0.07921252 19.95552362  5.35440775 -1.30714157 -0.05607761],"[-1.48247199e+00  3.50798632e-02 -4.50511848e+01 -6.47871197e+01
 -1.30954370e+00  7.52650502e-02]","[  1.1377314    0.07221442  21.86352769 -22.87482193  -1.30296374
  -0.13218943]","[ 2.02288107e-01  4.16139413e-02 -3.79909092e+01  9.68510911e+00
 -1.30609774e+00 -3.77415234e-02]",003,FP
588,0,0.8629760307226058,0,"[ 4.67082742e+00  7.92009319e-02 -1.95217312e+01  9.31826374e+01
 -1.13924614e+00 -5.04386174e-01]","[-5.75918466e-01  1.28955021e-02 -1.17865244e+02 -6.58807707e+01
 -1.07110230e+00  6.25356369e-01]","[ 5.81140111e-01  2.09770145e-02 -7.52544003e+01  4.57333505e+01
 -1.28295031e+00  1.41808949e-01]","[ 5.43197161e+00  1.24499914e-01  1.26987314e+01 -6.69791484e+01
 -1.30060211e+00 -3.42554228e-02]",[-0.11942575  0.07564162 20.8912324   4.49495101 -1.30224849 -0.08355097],"[-1.50374512e+00  3.28732759e-02 -4.80409603e+01 -7.02413594e+01
 -1.30307203e+00  1.20230430e-01]","[  1.18063062   0.06497417  24.26536598 -26.648434    -1.28891298
  -0.18684062]","[ 1.75858245e-01  4.23829239e-02 -3.73050818e+01  8.56040621e+00
 -1.30628505e+00 -1.65379250e-02]",003,FP
589,0,0.9065464433271748,0,"[  4.61352039   0.10580418 -14.77485614  70.16410002  -1.22593478
  -0.36602533]","[-5.81592621e-01  7.27443511e-03 -1.81597471e+02 -1.03615749e+02
 -5.63595840e-01  9.75421357e-01]","[ 5.68397456e-01  1.91533120e-02 -8.24395486e+01  4.88584296e+01
 -1.27884407e+00  1.30983722e-01]","[ 5.50960520e+00  1.21358793e-01  1.30268861e+01 -6.97729993e+01
 -1.30149061e+00 -4.08985175e-02]",[-0.07326615  0.07101589 22.24435911  3.62975855 -1.29718028 -0.10636154],"[-1.52337944e+00  2.98534111e-02 -5.28392499e+01 -7.84942270e+01
 -1.29297488e+00  1.69336026e-01]","[  1.21858852   0.05630148  27.94608016 -32.05477254  -1.2694169
  -0.24449382]","[ 1.49115427e-01  4.25787433e-02 -3.71343149e+01  7.53729921e+00
 -1.30616300e+00  2.98722742e-03]",003,FP
590,0,0.9065464433271748,0,"[  4.5403689    0.13001169 -12.09344287  56.90869185  -1.27635198
  -0.25834906]","[-5.83271109e-01  4.13734844e-03  6.16101720e+01  3.79354333e+01
 -1.60525164e+00  2.93165864e-01]","[ 5.56616354e-01  1.77590994e-02 -8.89664247e+01  5.15201669e+01
 -1.27651946e+00  9.59912107e-02]","[ 5.58508445e+00  1.17754918e-01  1.34247816e+01 -7.29785391e+01
 -1.30053126e+00 -4.91461311e-02]",[-0.03018226  0.06571423 24.03028051  2.72528824 -1.29267746 -0.12590474],"[-1.54090533e+00  2.61669589e-02 -6.01714379e+01 -9.07184895e+01
 -1.27743081e+00  2.26216528e-01]","[  1.25089721   0.04683383  33.4975676  -39.90201388  -1.24250223
  -0.30801079]","[ 1.22422222e-01  4.22193501e-02 -3.74489597e+01  6.58458485e+00
 -1.30592875e+00  2.22575264e-02]",003,FP
591,0,0.9065464433271748,0,"[  4.45380982   0.14925859 -10.56931815  49.073733    -1.30815657
  -0.16304081]","[-5.80947928e-01  8.04136864e-03  1.74558204e+02  1.03409227e+02
 -7.50648427e-01  8.84699893e-01]","[ 5.45469709e-01  1.69945118e-02 -9.30247390e+01  5.27421773e+01
 -1.27631931e+00  3.59852770e-02]","[ 5.65817448e+00  1.13693348e-01  1.39035894e+01 -7.66689349e+01
 -1.29915379e+00 -5.58939868e-02]","[ 9.45348284e-03  6.00085826e-02  2.63042428e+01  1.75133329e+00
 -1.28876295e+00 -1.44858087e-01]","[-1.55594626e+00  2.19733031e-02 -7.14311546e+01 -1.09143038e+02
 -1.25234736e+00  2.97212470e-01]","[ 1.27722939e+00  3.71727043e-02  4.20195684e+01 -5.16686276e+01
 -1.20425222e+00 -3.82412439e-01]","[  0.09613568   0.04130587 -38.2730397    5.67940474  -1.30546611
   0.04276235]",003,FP
592,0,0.9065464433271748,0,[ 4.35781167  0.16100334 -9.81572111 44.77506399 -1.32697691 -0.07027751],"[-5.75070677e-01  1.28312896e-02  1.20219046e+02  7.11344479e+01
 -1.20307862e+00  4.93755754e-01]","[ 5.34556514e-01  1.69745168e-02 -9.31360223e+01  5.17864674e+01
 -1.27750254e+00 -3.32757529e-02]","[ 5.72859029e+00  1.09255274e-01  1.44674987e+01 -8.08783728e+01
 -1.29899089e+00 -6.22594745e-02]",[ 0.04540266  0.05404376 29.19147637  0.67462933 -1.28460927 -0.16653115],"[-1.56822250e+00  1.74359347e-02 -8.94895617e+01 -1.38339544e+02
 -1.20743076e+00  3.94610855e-01]","[ 1.29759346e+00  2.78260491e-02  5.57241163e+01 -7.03072490e+01
 -1.14494253e+00 -4.78358892e-01]","[  0.07061327   0.03982746 -39.68576908   4.80234209  -1.30436667
   0.06572551]",003,FP
593,0,0.9065464433271748,0,"[ 4.25775680e+00  1.63126928e-01 -9.69108434e+00  4.32622803e+01
 -1.33358011e+00  2.74713972e-02]","[-5.66555639e-01  1.60847992e-02  9.78559846e+01  5.74408599e+01
 -1.34711885e+00  2.09458602e-01]","[ 5.23469936e-01  1.76493880e-02 -8.95326556e+01  4.88676536e+01
 -1.28132014e+00 -8.60890359e-02]","[ 5.79598511e+00  1.04341039e-01  1.51470745e+01 -8.57922185e+01
 -1.30028267e+00 -7.31121303e-02]",[ 0.0774975   0.04786586 32.93212931 -0.5521578  -1.2788019  -0.19431898],"[-1.57755065e+00  1.27236727e-02 -1.20994894e+02 -1.88875574e+02
 -1.11273430e+00  5.44469451e-01]","[ 1.31226316e+00  1.91754718e-02  7.96532554e+01 -1.02526032e+02
 -1.03594522e+00 -6.19824002e-01]","[ 4.62143909e-02  3.77760418e-02 -4.18269195e+01  3.93300561e+00
 -1.30209087e+00  9.19780213e-02]",003,FP
594,2,0.9930766449833512,1,"[  4.16009607   0.15430117 -10.22898289  44.55355156  -1.32466398
   0.13954546]","[-5.56718144e-01  1.70368580e-02  9.27465587e+01  5.36336921e+01
 -1.37963193e+00 -2.71896781e-02]","[ 5.11886347e-01  1.87841258e-02 -8.40997230e+01  4.50495000e+01
 -1.29014182e+00 -1.05553223e-01]","[  5.85987207   0.09858125  16.02752233 -91.91923035  -1.30146005
  -0.09381666]",[ 0.10558999  0.04146789 37.96228711 -2.00843769 -1.2693859  -0.23226152],"[-1.58384089e+00  8.04296168e-03 -1.83363081e+02 -2.88417945e+02
 -8.64080155e-01  8.01768713e-01]","[ 1.32169672e+00  1.15082470e-02  1.26994735e+02 -1.65848525e+02
 -7.81503911e-01 -8.57847369e-01]","[ 2.32953395e-02  3.51612996e-02 -4.49137866e+01  3.04628191e+00
 -1.29810043e+00  1.22227163e-01]",003,FP
595,2,0.9930766449833512,1,"[  4.07182571   0.13425339 -11.6940021   49.61593841  -1.28806024
   0.28261362]","[-5.47124244e-01  1.54178779e-02  1.01727429e+02  5.76575429e+01
 -1.32947212e+00 -2.81442571e-01]","[ 4.99652337e-01  2.00084580e-02 -7.89710330e+01  4.14580612e+01
 -1.30316020e+00 -9.04164539e-02]","[ 5.91954383e+00  9.14759026e-02  1.72618307e+01 -1.00182163e+02
 -1.29983278e+00 -1.27571311e-01]","[ 1.29522081e-01  3.48252623e-02  4.50951790e+01 -3.84082140e+00
 -1.25259595e+00 -2.86927068e-01]","[-1.58709361e+00  3.89262040e-03 -2.80281299e+02 -4.42832659e+02
 -4.20417315e-01  9.84042570e-01]","[ 1.32646228e+00  5.32091782e-03  2.08184028e+02 -2.74148261e+02
 -3.38655271e-01 -1.05188591e+00]","[ 2.19844992e-03  3.20182760e-02 -4.92830033e+01  2.10834621e+00
 -1.29173704e+00  1.57587013e-01]",003,FP
596,2,0.9930766449833512,1,"[  3.99986931   0.10396049 -14.86239932  61.44765498  -1.18102431
   0.49267897]","[-5.39393116e-01  1.14390999e-02  1.31986533e+02  7.31926270e+01
 -1.09781568e+00 -6.31036473e-01]","[ 4.86847064e-01  2.08951335e-02 -7.56545587e+01  3.88321997e+01
 -1.31664337e+00 -4.67590265e-02]","[ 5.97404788e+00  8.26110881e-02  1.90908204e+01 -1.12049475e+02
 -1.29262847e+00 -1.76169233e-01]","[ 1.49118864e-01  2.79208687e-02  5.59765798e+01 -6.34716400e+00
 -1.21889786e+00 -3.70618481e-01]","[-1.58739657e+00  3.27688465e-03  2.82983738e+02  4.51207415e+02
 -6.58908431e-01  7.90412998e-01]","[ 1.32718286e+00  3.85754281e-03 -2.30222853e+02  3.07547824e+02
 -7.88239605e-01 -6.89387450e-01]","[-1.67624371e-02  2.84070081e-02 -5.54789551e+01  1.07003751e+00
 -1.28179769e+00  2.00090577e-01]",003,FP
597,2,0.9930766449833512,1,"[ 3.95047217e+00  6.62575573e-02 -2.17922020e+01  8.80894874e+01
 -8.33491014e-01  8.33871631e-01]","[-5.34997753e-01  6.27237054e-03  1.74389893e+02  9.52982010e+01
 -5.88465551e-01 -8.47013551e-01]","[ 4.73810103e-01  2.10241724e-02 -7.51980703e+01  3.76296054e+01
 -1.32642367e+00  2.17175900e-02]","[ 6.02221476e+00  7.17582022e-02  2.19247775e+01 -1.30035719e+02
 -1.27641522e+00 -2.44681147e-01]","[ 1.64200352e-01  2.07792740e-02  7.43607543e+01 -1.02100621e+01
 -1.14095224e+00 -5.08328105e-01]","[-1.58492137e+00  6.64401113e-03  2.21702611e+02  3.53381205e+02
 -8.99456543e-01  7.82796594e-01]","[ 1.32450309e+00  7.49057516e-03 -1.98156911e+02  2.64459440e+02
 -9.71859767e-01 -7.31403363e-01]","[-3.33172580e-02  2.44097770e-02 -6.44350077e+01 -1.46797774e-01
 -1.26586239e+00  2.53193139e-01]",003,FP
598,2,0.9930766449833512,1,"[ 3.92869601e+00  3.28059765e-02 -1.81936954e+01  7.34774985e+01
 -1.18349032e+00  4.90105399e-01]","[-5.35109062e-01  6.49749827e-03 -1.43372046e+02 -7.47196813e+01
 -5.38265757e-01 -8.88104054e-01]","[ 4.61136059e-01  2.00241573e-02 -7.88577035e+01  3.83641306e+01
 -1.32656748e+00  1.19458235e-01]","[ 6.06270350e+00  5.88183339e-02  2.66014666e+01 -1.59276805e+02
 -1.24049865e+00 -3.49382530e-01]","[ 1.74606126e-01  1.35420450e-02  1.09997415e+02 -1.72062226e+01
 -9.24547638e-01 -7.53214156e-01]","[-1.57991679e+00  1.02186462e-02  1.51395786e+02  2.41192744e+02
 -1.17010777e+00  4.88048751e-01]","[ 1.31906887e+00  1.10486860e-02 -1.40798159e+02  1.87722469e+02
 -1.22567458e+00 -4.19888007e-01]","[-4.72535234e-02  2.01299429e-02 -7.78690851e+01 -1.67958864e+00
 -1.23900815e+00  3.22855717e-01]",003,FP
599,2,0.9930766449833512,1,"[ 3.93804201e+00  5.12255000e-02  2.40947504e+01 -9.28861393e+01
 -4.29965212e-01  1.02746136e+00]","[-5.40503497e-01  1.40181584e-02 -1.03576938e+02 -5.39836973e+01
 -7.93663092e-01 -8.56926286e-01]","[ 4.49638417e-01  1.76105003e-02 -8.92177495e+01  4.21157276e+01
 -1.30060155e+00  2.64410514e-01]","[ 6.09405519e+00  4.37917877e-02  3.51669290e+01 -2.12309206e+02
 -1.14119062e+00 -5.30525624e-01]","[ 1.80227793e-01  6.83345432e-03  1.71632945e+02 -2.89330268e+01
 -4.24040725e-01 -1.00418515e+00]","[-1.57269792e+00  1.33668694e-02  1.17263248e+02  1.86419666e+02
 -1.25771451e+00  3.18347244e-01]","[ 1.31150997e+00  1.37865821e-02 -1.14092209e+02  1.51633070e+02
 -1.29345585e+00 -2.44708012e-01]","[-5.84275217e-02  1.56917352e-02 -9.92552387e+01 -3.79923761e+00
 -1.19004751e+00  4.20558777e-01]",003,FP
600,2,0.9930766449833512,1,"[  3.98018526   0.09879988  15.15207192 -58.30805332  -0.95575556
   0.72711576]","[-5.51528312e-01  2.27650660e-02 -6.74298102e+01 -3.51894494e+01
 -1.10248533e+00 -5.66231241e-01]","[ 4.40285802e-01  1.36562489e-02 -1.12922879e+02  5.17183405e+01
 -1.18811569e+00  5.01519033e-01]","[ 6.11478000e+00  2.71649098e-02  5.28194287e+01 -3.20979187e+02
 -7.98167411e-01 -8.56001647e-01]","[ 1.81041367e-01  5.19594271e-03 -1.51546163e+02  2.94361247e+01
 -8.36167550e-01 -6.88102212e-01]","[-1.56363242e+00  1.59358957e-02  9.88521632e+01  1.56568447e+02
 -1.29234264e+00  2.09933895e-01]","[ 1.30242019e+00  1.56662021e-02 -1.00764696e+02  1.33237974e+02
 -1.31268938e+00 -1.36871941e-01]","[-6.67722209e-02  1.12407911e-02 -1.36574779e+02 -7.11940131e+00
 -1.08801798e+00  5.71305659e-01]",003,FP
601,0,0.8161997716922956,0,[ 4.21065469  0.47631676  2.72806116 -9.48692353  0.08202845  1.37966983],"[ -0.59769616   0.09288936 -14.22959077  -6.50497174   0.03819053
  -1.34669194]",[ 0.45374986  0.04195196 21.23508391 -7.63541631  0.06612732  1.36990712],[ 6.07816605  0.10668363 -9.34594656 58.80621506  0.17785262 -1.44957453],"[  0.15439589   0.06067619 -19.73862195   5.04756219   0.21344175
  -1.47393586]","[-1.54157072e+00  4.08031605e-02  3.42850133e+01  5.48527728e+01
 -1.67400406e-01  1.18390944e+00]","[ 1.28185606e+00  3.73632965e-02 -3.77547447e+01  5.03961483e+01
 -2.04289173e-01 -1.15074924e+00]","[-6.62028835e-02  1.23180247e-02  3.31545311e+01  4.19492556e+00
 -9.10216941e-01  6.98925613e-01]",003,FP
602,0,0.8161997716922956,0,[ 4.4583492   0.58611408  2.48715542 -9.08860738 -1.79259519  0.37959766],"[ -0.64643414   0.1131791  -12.93355401  -6.36069084  -1.7887524
  -0.3714334 ]",[ 0.4759148   0.06224115 21.95707229 -8.44969557 -1.62775239  0.49056746],[ 6.02788372  0.14385958 -9.61503816 59.95833202 -1.78209567 -0.42944443],"[  0.12082748   0.08207198 -17.54236394   4.11959965  -1.726457
  -0.44569884]","[-1.51923677e+00  4.81276264e-02  3.09392294e+01  4.90040148e+01
 -1.75995150e+00  3.36118812e-01]","[  1.26069829   0.04458119 -33.55186756  44.298782    -1.73615069
  -0.3439812 ]","[-6.13315091e-02  1.81598690e-02  7.06696414e+01  6.33427575e+00
 -1.55061241e+00  4.52064488e-01]",003,FP
603,0,0.8006542749356631,0,[ 4.70750071  0.57861014  2.4996953  -9.76731741 -1.79199261 -0.3980223 ],"[ -0.69492732   0.1111334  -13.03100265  -7.05559978  -1.7873138
   0.3996419 ]",[ 0.50635355  0.07450911 20.28576103 -8.27176701 -1.6913001  -0.15558358],[ 5.96970165  0.1523353  -9.50454955 58.73932514 -1.81032513  0.362343  ],"[  0.08112855   0.09033601 -16.67855274   3.35310674  -1.73761186
   0.25289906]","[-1.49718120e+00  4.71192199e-02  3.12969584e+01  4.88572179e+01
 -1.75466903e+00 -3.83144632e-01]","[  1.23900787   0.04502549 -33.34566292  43.31553885  -1.72892526
   0.3280496 ]","[-5.25872142e-02  2.30247983e-02  6.55714477e+01  5.44821976e+00
 -1.64359748e+00 -9.96985878e-02]",003,FP
604,0,0.8036780085280979,0,"[  4.94145942   0.45617833   2.72042645 -11.4428769    0.16453306
  -1.44007158]","[ -0.74021678   0.08740024 -14.25905093  -8.55478882   0.15949811
   1.43641503]",[ 0.54403755  0.07375793 20.42942787 -9.11437586 -0.64463266 -0.77272919],[ 5.91063713  0.12622541 -9.97894781 60.98193947  0.11395647  1.40676101],"[  0.03618079   0.08340188 -17.64056675   2.63824969  -0.44648352
   0.93565078]","[-1.47582964e+00  3.81963102e-02  3.54083491e+01  5.42566911e+01
 -2.58138787e-02 -1.29195517e+00]","[ 1.21666574e+00  3.89731931e-02 -3.70161677e+01  4.70363030e+01
 -3.12720253e-01  1.03957901e+00]","[-4.04434613e-02  2.41763780e-02  6.33025293e+01  4.56017339e+00
 -7.69050974e-01 -6.18314537e-01]",003,FP
605,0,0.8097279183412205,0,"[ 5.14377844e+00  5.87371609e-02  1.74953520e+01 -8.79922147e+01
 -5.38361277e-01 -8.81397740e-01]","[-7.79392546e-01  1.16305125e-02 -9.72472381e+01 -7.37937724e+01
 -4.73622128e-01  9.51021035e-01]","[  0.58739919   0.04625767  34.15479121 -18.06249685  -1.3223707
  -0.09206107]","[ 5.85848380e+00  2.19188651e-02 -2.25815995e+01  1.34293935e+02
 -1.37408223e+00  3.79046689e-01]","[-1.30508593e-02  4.72976474e-02 -3.34281561e+01  1.56373384e+00
 -1.30905901e+00 -2.05493044e-02]","[-1.45546632e+00  1.24300642e-02  1.27048698e+02  1.86915102e+02
 -1.27632505e+00 -1.23566800e-01]","[ 1.19342507e+00  2.08538628e-02 -7.56581079e+01  9.22922826e+01
 -1.27436041e+00 -1.64065777e-01]","[-2.53980578e-02  1.77309865e-02  8.91372771e+01  4.26391371e+00
 -1.30673025e+00  7.04963846e-02]",003,FP
606,0,0.8133842873271661,0,"[ 5.14341380e+00  5.94781518e-02 -1.68904071e+01  8.88743529e+01
 -5.21093892e-01 -8.95644893e-01]","[-7.80176666e-01  1.00455749e-02  8.67311995e+01  6.96656580e+01
 -6.85470925e-01  7.82244786e-01]","[  0.61481889   0.0422813   37.28995704 -20.92656988  -1.30270831
  -0.18281304]","[ 5.86653595e+00  3.75777884e-02  3.32855382e+01 -1.93270806e+02
 -4.27115271e-01  1.03883091e+00]","[-4.27849341e-02  4.74349516e-02 -3.33321233e+01  5.73887300e-01
 -1.31088629e+00  1.06927020e-02]","[-1.44777990e+00  1.16096380e-02  1.36120952e+02  1.99073178e+02
 -1.27743198e+00 -7.95891969e-02]","[ 1.17944321e+00  2.32636154e-02 -6.78206685e+01  8.19906270e+01
 -1.28065783e+00 -1.63825118e-01]","[-1.40532674e-02  1.84009659e-02  8.59154434e+01  3.20739270e+00
 -1.30788056e+00  3.97405366e-02]",003,FP
607,0,0.8133842873271661,0,"[  5.09609187   0.12201512 -12.06876432  63.50353166  -0.88280397
  -0.79324594]","[-7.72348992e-01  2.11062036e-02  6.90533849e+01  5.53333123e+01
 -8.32079469e-01  8.31322445e-01]","[ 6.39170046e-01  3.62991639e-02  4.32682195e+01 -2.56557498e+01
 -1.26788810e+00 -2.81551675e-01]","[ 5.89752137e+00  7.19817994e-02  2.08102463e+01 -1.20728872e+02
 -9.62255083e-01  7.22693815e-01]","[ -0.07223578   0.04651013 -33.98899604  -0.45522164  -1.31109561
   0.0471913 ]","[-1.44045490e+00  1.12304554e-02  1.40780839e+02  2.04788450e+02
 -1.27855870e+00 -1.91464225e-02]","[ 1.16394079e+00  2.58273057e-02 -6.11100324e+01  7.31284592e+01
 -1.28748719e+00 -1.49516059e-01]","[-2.38397942e-03  1.87332419e-02  8.44011804e+01  2.20121068e+00
 -1.30797473e+00  1.31899741e-02]",003,FP
608,0,0.8133842873271661,0,[ 5.00318472  0.18926948 -8.1607941  42.82996037 -1.15511374 -0.50571477],"[-7.56062057e-01  3.36048957e-02  4.58289684e+01  3.66495441e+01
 -1.13146168e+00  5.34655368e-01]","[ 6.59403564e-01  2.89972149e-02  5.37906778e+01 -3.34697647e+01
 -1.20928603e+00 -3.98352612e-01]","[  5.95148122   0.10700953  14.48963495 -84.23479028  -1.18334234
   0.46559545]","[ -0.10071021   0.04442652 -35.56621261  -1.58188088  -1.30825615
   0.0896707 ]","[-1.43320680e+00  1.13421285e-02  1.39373986e+02  2.01751746e+02
 -1.27692020e+00  4.76954854e-02]","[ 1.14685817e+00  2.83597179e-02 -5.56774538e+01  6.58541425e+01
 -1.29249993e+00 -1.29973925e-01]","[ 9.40396851e-03  1.87541242e-02  8.43077337e+01  1.20717273e+00
 -1.30720451e+00 -1.04443705e-02]",003,FP
609,0,0.8133842873271661,0,[ 4.86868225  0.25005473 -6.26309355 32.49301243 -1.25182882 -0.33286835],[-0.73188089  0.04528608 34.52704322 27.26968322 -1.23537485  0.36014577],"[ 6.74900745e-01  2.11236485e-02  7.28290813e+01 -4.71524012e+01
 -1.10281292e+00 -5.53035193e-01]","[  6.02628004   0.1375084   11.41133459 -66.76789789  -1.27333225
   0.29617635]","[ -0.12749252   0.0411791  -38.33634468  -2.88759732  -1.30096804
   0.13825206]","[-1.42572785e+00  1.19652039e-02  1.32017866e+02  1.90221549e+02
 -1.27223112e+00  1.09243644e-01]","[ 1.12822837e+00  3.07506530e-02 -5.13672384e+01  5.99539754e+01
 -1.29542880e+00 -1.11076079e-01]","[ 2.11255011e-02  1.84973282e-02  8.54722377e+01  1.94356143e-01
 -1.30558921e+00 -3.14791752e-02]",003,FP
610,0,0.9051625086481084,0,[ 4.6987597   0.30003232 -5.24898572 26.66372257 -1.29281489 -0.2168813 ],[-0.70070921  0.05541888 28.38479131 21.88948462 -1.27949494  0.24717459],"[ 6.85472724e-01  1.34085591e-02  1.10666732e+02 -7.38590263e+01
 -8.72856990e-01 -7.88002650e-01]","[  6.11780581   0.16015719   9.84789725 -58.24752305  -1.31423725
   0.16863393]","[-1.51901601e-01  3.68795983e-02 -4.27414696e+01 -4.49249766e+00
 -1.28791788e+00  1.93430879e-01]","[-1.41770203e+00  1.30989554e-02  1.20471411e+02  1.72792564e+02
 -1.26675781e+00  1.57131514e-01]","[ 1.10814214e+00  3.29574146e-02 -4.79405676e+01  5.51249629e+01
 -1.29717339e+00 -9.50095623e-02]","[ 3.26218516e-02  1.80082323e-02  8.77835315e+01 -8.63661336e-01
 -1.30324377e+00 -4.94735812e-02]",003,FP
611,0,0.9051625086481084,0,[ 4.50124253  0.33663943 -4.69009073 23.11123584 -1.31121564 -0.13000564],[-0.66371772  0.06355912 24.82023441 18.47362933 -1.30073916  0.16506543],"[ 6.91293817e-01  6.65805961e-03  1.86363865e+02 -1.26832188e+02
 -3.62811948e-01 -1.08086044e+00]","[  6.22041727   0.17274714   9.14913824 -54.91145753  -1.33035911
   0.06164661]","[-1.73351725e-01  3.17428745e-02 -4.95392668e+01 -6.58771734e+00
 -1.26717888e+00  2.57413196e-01]","[-1.40881617e+00  1.47277744e-02  1.07055788e+02  1.52821925e+02
 -1.26295948e+00  1.88497999e-01]","[ 1.08671512e+00  3.49745929e-02 -4.51841422e+01  5.11022906e+01
 -1.29841048e+00 -8.16258960e-02]","[ 4.37669804e-02  1.73448191e-02  9.11296408e+01 -1.98846921e+00
 -1.30048335e+00 -6.36028357e-02]",003,FP
612,0,0.9051625086481084,0,[ 4.28497581  0.35862109 -4.40749079 20.88599138 -1.31819819 -0.0597143 ],[-0.62227275  0.06941938 22.75745605 16.16134485 -1.31108364  0.0998967 ],"[ 6.92787597e-01  3.72467841e-03 -1.39331867e+02  9.85273893e+01
 -1.35306601e+00 -3.93060874e-01]","[ 6.32759996e+00  1.74367618e-01  9.06617775e+00 -5.53671460e+01
 -1.33001787e+00 -3.47880275e-02]","[-1.91400009e-01  2.60447991e-02 -6.01388923e+01 -9.51058451e+00
 -1.23429680e+00  3.35981654e-01]","[-1.39876774e+00  1.68257558e-02  9.36580815e+01  1.33005903e+02
 -1.26179757e+00  2.04956028e-01]","[ 1.06406503e+00  3.68099462e-02 -4.29371339e+01  4.76879027e+01
 -1.29920936e+00 -7.03748780e-02]","[ 5.44729112e-02  1.65734182e-02  9.53615061e+01 -3.19461886e+00
 -1.29777144e+00 -7.30892524e-02]",003,FP
613,0,0.8300158905619544,0,"[ 4.05913114e+00  3.65968137e-01 -4.32029976e+00  1.95366633e+01
 -1.31836913e+00  1.45541334e-04]",[-0.57785914  0.07285789 21.69762281 14.53816956 -1.31517831  0.04482192],"[ 6.90493075e-01  7.32367172e-03 -1.97585615e+02  1.38431499e+02
 -8.43098024e-01 -8.25002504e-01]","[  6.43273725   0.16551448   9.53963466 -59.36596323  -1.31653996
  -0.12631015]","[-2.05770340e-01  2.00765806e-02 -7.74473958e+01 -1.39363770e+01
 -1.17731011e+00  4.41969149e-01]","[-1.38727065e+00  1.93599611e-02  8.13835772e+01  1.14901048e+02
 -1.26297580e+00  2.10139913e-01]","[ 1.04029873e+00  3.84812728e-02 -4.10762042e+01  4.47315230e+01
 -1.29941884e+00 -6.13310763e-02]","[ 6.46917130e-02  1.57605010e-02  1.00274914e+02 -4.48695598e+00
 -1.29557148e+00 -7.75747268e-02]",003,FP
614,0,0.9715953910404196,0,[ 3.83254582  0.35975605 -4.39392401 18.8399151  -1.314139    0.05315381],"[-5.31998926e-01  7.38774809e-02  2.14017149e+01  1.33856894e+01
 -1.31520985e+00 -3.95053903e-03]","[ 6.84939009e-01  1.16381652e-02 -1.32617850e+02  9.28351386e+01
 -1.14958277e+00 -5.12506991e-01]","[  6.52986003   0.14790257  10.64776736 -67.52843054  -1.29077379
  -0.21799778]","[-2.16355853e-01  1.41228010e-02 -1.08290894e+02 -2.14293687e+01
 -1.06064471e+00  6.03282478e-01]","[-1.37406054e+00  2.22917576e-02  7.06855335e+01  9.91262027e+01
 -1.26581473e+00  2.07621610e-01]","[ 1.01550089e+00  4.00290571e-02 -3.94901933e+01  4.21023263e+01
 -1.29890940e+00 -5.52251112e-02]","[ 7.44131275e-02  1.49641423e-02  1.05611776e+02 -5.85890258e+00
 -1.29415567e+00 -7.72776136e-02]",003,FP
615,0,0.9774323358343198,0,[ 3.61321904  0.34178045 -4.62216281 18.7008867  -1.30699098  0.10247795],[-0.48617566  0.07260575 21.77241864 12.58521994 -1.31239974 -0.0491376 ],"[ 6.76549379e-01  1.56246588e-02 -1.00110211e+02  6.97295008e+01
 -1.22657917e+00 -3.57421561e-01]","[  6.61423912   0.12402449  12.64107679 -81.61110464  -1.25007477
  -0.31700324]","[-2.23209538e-01  8.49536447e-03 -1.70612543e+02 -3.60823468e+01
 -7.64795689e-01  8.74506693e-01]","[-1.35890034e+00  2.55751753e-02  6.16257640e+01  8.57432715e+01
 -1.26970855e+00  2.00005881e-01]","[  0.98971614   0.04153106 -38.06270013  39.67126873  -1.29759986
  -0.05315381]","[ 8.36585125e-02  1.42285741e-02  1.11077417e+02 -7.29257152e+00
 -1.29352134e+00 -7.28537843e-02]",003,FP
616,2,0.999458612856064,1,[ 3.40804888  0.31405566 -5.025004   19.12545925 -1.29737253  0.15240353],[-0.44177708  0.06924966 22.81588884 12.07953672 -1.30735141 -0.09361737],"[ 6.65592666e-01  1.94053915e-02 -8.09509916e+01  5.58803864e+01
 -1.25011074e+00 -2.82103108e-01]","[ 6.68273923e+00  9.66629227e-02  1.60932118e+01 -1.05546738e+02
 -1.18437729e+00 -4.35073835e-01]","[-2.26530410e-01  3.86995844e-03 -2.47180999e+02 -5.39940129e+01
 -4.88558674e-01  9.25503821e-01]","[-1.34158687e+00  2.91524840e-02  5.40821884e+01  7.45559538e+01
 -1.27422574e+00  1.88917957e-01]","[  0.96292637   0.04310787 -36.66950187  37.31003019  -1.29558135
  -0.05609611]","[ 9.24723823e-02  1.35826237e-02  1.16369666e+02 -8.76098028e+00
 -1.29353184e+00 -6.52086845e-02]",003,FP
617,2,0.6996837471754119,1,[ 3.22282294  0.27835339 -5.65983654 20.24065103 -1.28381918  0.20956916],[-0.40006938  0.06403222 24.65228774 11.86262556 -1.2998842  -0.14153848],"[ 6.52175477e-01  2.31910602e-02 -6.78528170e+01  4.62519432e+01
 -1.25911711e+00 -2.43733674e-01]","[ 6.73392942e+00  6.85488004e-02  2.23460220e+01 -1.48476535e+02
 -1.06609583e+00 -5.92903487e-01]","[-2.26647284e-01  3.63247509e-03  2.97110380e+02  6.93392609e+01
 -5.75783677e-01  8.53934052e-01]","[-1.32196008e+00  3.29487688e-02  4.78699221e+01  6.52821261e+01
 -1.27908752e+00  1.75278519e-01]","[  0.93503234   0.04491129 -35.19434885  34.90785446  -1.2932494
  -0.0640779 ]","[ 1.00912845e-01  1.30402857e-02  1.21220593e+02 -1.02327149e+01
 -1.29408928e+00 -5.55535999e-02]",003,FP
618,0,0.8168868079201113,0,[ 3.10600693  0.19010521 -7.23796593 24.48117231 -1.0130282   0.5236722 ],[-0.36346051  0.05533879 28.37793709 12.31425939 -1.30336976 -0.27000547],"[  0.6029102    0.09681316 -13.46026412  10.11533056   0.08481649
  -1.37722246]","[ 6.74815300e+00  4.55024906e-02  6.08775940e+00 -3.90811319e+01
 -1.68489452e+00 -2.64004910e-02]","[-2.15304801e-01  2.55094815e-02  4.92126904e+01  1.25957285e+01
  1.45791418e-01  1.42690722e+00]",[-1.25997296  0.11930791 11.10192569 15.98812618  0.04128054  1.34363965],"[ 8.59856979e-01  1.40788276e-01 -9.55568093e+00  1.02165189e+01
 -5.61148104e-03 -1.30567896e+00]","[ 1.17841040e-01  2.98556315e-02  4.70275591e+01 -3.54177648e+00
 -1.74284526e-01  1.16633574e+00]",003,FP
619,0,0.8168868079201113,0,[ 3.0656625   0.12610879 -0.67799677  4.07850929 -1.38470066 -0.12004867],[-0.34273     0.03602209 34.17024808 13.71116929 -0.92068978 -0.46746768],"[  0.55079295   0.12033716 -12.09633577   8.66257643  -1.78097556
  -0.39463713]","[ 6.74449252e+00  5.06515072e-02 -2.14466076e+01  1.46646484e+02
 -1.60638826e+00 -1.48978381e-01]","[-2.02892140e-01  3.11492837e-02  4.62713415e+01  1.13880915e+01
 -1.81328172e+00  3.80408331e-01]",[-1.1944255   0.14817797  9.8801423  13.80109393 -1.76802733  0.39197605],[ 0.78230963  0.17236562 -8.52121982  8.6662323  -1.76847573 -0.38240851],"[ 1.34456967e-01  3.51233140e-02  4.23285013e+01 -3.69136189e+00
 -1.75727705e+00  3.46665097e-01]",003,FP
620,0,0.8168868079201113,0,"[  3.10316187   0.18788295   7.02104616 -19.78744271  -0.93886813
   0.55962389]","[ -0.33892077   0.02934908 -14.99878502  -3.08339971  -1.21277578
  -0.06598696]","[  0.49710889   0.12231325 -12.00715166   7.96886178  -1.78628359
   0.36218115]","[ 6.72666037e+00  6.17345561e-02 -2.36012464e+01  1.60757569e+02
 -1.69969207e+00  2.78083361e-01]","[-1.90533765e-01  3.02028125e-02  4.66413728e+01  1.08867564e+01
 -1.80418077e+00 -4.17707487e-01]",[-1.12602789  0.15204392  9.75111401 12.98002636 -1.77060674 -0.34102661],[ 0.70315406  0.17485873 -8.45880383  7.94784223 -1.7723439   0.35152414],"[ 1.50806149e-01  3.48086633e-02  4.25418143e+01 -4.41556720e+00
 -1.75835793e+00 -3.64216099e-01]",003,FP
621,0,0.8168868079201113,0,"[  3.21753276   0.28405544   5.53078694 -15.79548817  -1.29755439
   0.26579498]","[ -0.35256635   0.04917633 -28.93292047  -8.20077422  -1.06403902
  -0.56412991]","[ 4.43332653e-01  1.01808461e-01 -1.32084165e+01  7.85572232e+00
 -1.17348498e-02  1.30705665e+00]","[ 6.69827727e+00  6.11266927e-02 -2.37208743e+01  1.60888993e+02
 -3.50611301e-01  1.01940163e+00]","[-1.79272203e-01  2.32345007e-02  4.81882249e+01  1.06388093e+01
  2.37486320e-01 -1.49061080e+00]",[-1.0556402   0.12979581 10.73654547 13.333929   -0.14419242 -1.19693061],[ 0.62344051  0.14714973 -9.35972673  7.8352328  -0.09623728  1.23789979],"[ 1.66890187e-01  2.89058520e-02  4.76979499e+01 -5.96031978e+00
 -9.69910700e-02 -1.23351210e+00]",003,FP
622,0,0.8130841078785445,0,"[  3.40543526   0.32732741   4.82216973 -14.42158684  -1.30453342
   0.14347108]","[ -0.38364722   0.07054186 -22.329897    -6.56680282  -1.28862664
  -0.21260864]","[ 3.91073049e-01  2.94814985e-02 -5.29851485e+01  2.27210636e+01
 -1.22791014e+00  3.74891265e-01]","[ 6.66262212e+00  3.20030390e-02 -4.94022614e+01  3.31148599e+02
 -1.30028304e+00 -3.03944180e-02]","[-1.70018801e-01  2.77016270e-03 -3.57221004e+02 -5.87342868e+01
 -5.38698866e-01 -8.81798645e-01]",[-0.98424809  0.05159276 30.63002031 32.14753898 -1.30473242 -0.08124838],"[  0.54450927   0.05268438 -29.93369864  18.2991763   -1.297373
   0.1767178 ]","[ 1.82656686e-01  1.07839402e-02  1.46563351e+02 -2.47707761e+01
 -1.30942503e+00 -6.77476014e-02]",003,FP
623,0,0.8130841078785445,0,"[  3.61759456   0.35291491   4.47762338 -14.19822599  -1.31270013
   0.082563  ]","[ -0.43030159   0.0792937  -19.90789965  -6.56640094  -1.30536982
  -0.13957555]","[ 3.75374370e-01  2.16750094e-02 -7.09509755e+01  2.86331777e+01
 -1.11575720e+00  5.50043922e-01]","[ 6.64220928e+00  3.26080793e-02 -4.84865098e+01  3.24057546e+02
 -1.30166575e+00 -2.61716173e-02]","[-1.72212481e-01  5.69043868e-03 -2.58567988e+02 -4.25286348e+01
 -8.80365710e-01 -7.95490564e-01]",[-0.95287211  0.04833485 32.67764787 33.13761929 -1.30030176 -0.11406873],"[  0.51395948   0.04556158 -34.50722166  19.7353136   -1.2748378
   0.25978107]","[ 1.89194822e-01  1.01281591e-02  1.55933469e+02 -2.75018050e+01
 -1.30797517e+00 -1.17418710e-01]",003,FP
624,0,0.8130841078785445,0,"[  3.84229535   0.36651594   4.31355349 -14.57394654  -1.31527659
   0.03029574]","[ -0.48160999   0.08524672 -18.5380506   -6.9281104   -1.31369403
  -0.07816608]","[ 3.64830369e-01  1.35180685e-02 -1.07915840e+02  4.13709757e+01
 -8.21577819e-01  8.36972224e-01]","[ 6.62133137e+00  3.33170944e-02 -4.74532549e+01  3.16203725e+02
 -1.29378797e+00 -3.22295042e-02]","[-1.76546918e-01  8.84153573e-03 -1.74677510e+02 -2.88387759e+01
 -1.15412316e+00 -5.06840786e-01]",[-0.92380718  0.04425112 35.6656361  34.94817083 -1.29356869 -0.15027301],"[ 4.88444013e-01  3.68819969e-02 -4.23512859e+01  2.26862321e+01
 -1.22707360e+00  3.75734049e-01]","[ 1.95191045e-01  9.13720030e-03  1.72522835e+02 -3.16749125e+01
 -1.29819730e+00 -1.89439874e-01]",003,FP
625,0,0.8285403470109205,0,"[  4.07216878   0.36848038   4.29081336 -15.47291621  -1.31391183
  -0.0155474 ]","[ -0.53575023   0.08819619 -17.9262457   -7.60399024  -1.31659978
  -0.02372775]","[ 3.59681599e-01  6.37421357e-03 -1.45707800e+02  5.44084147e+01
 -5.84733952e-01  8.51970875e-01]","[ 6.59965045e+00  3.46232743e-02 -4.56476064e+01  3.03258246e+02
 -1.27706810e+00 -7.09541394e-02]","[-1.82842838e-01  1.17073387e-02 -1.33748319e+02 -2.24549223e+01
 -1.24841817e+00 -3.36451165e-01]","[-8.97527875e-01  3.94812065e-02  3.99290408e+01  3.78374271e+01
 -1.28367790e+00 -1.91191399e-01]","[ 4.68851217e-01  2.70446306e-02 -5.68232199e+01  2.86416358e+01
 -1.11467285e+00  5.54669328e-01]","[ 2.00420587e-01  7.77191087e-03  2.01918611e+02 -3.84686466e+01
 -1.26921902e+00 -2.95798191e-01]",003,FP
626,0,0.8285403470109205,0,"[  4.30034822   0.36002555   4.39058303 -16.88103591  -1.30968393
  -0.05582815]","[ -0.5908408    0.08813988 -17.93755868  -8.59824145  -1.31539591
   0.02646634]","[ 3.59916752e-01  6.85210696e-03  1.60155792e+02 -5.56427526e+01
 -4.84663737e-01  9.33096680e-01]","[ 6.57647856e+00  3.73832469e-02 -4.22247098e+01  2.79689899e+02
 -1.25572827e+00 -1.44013151e-01]","[-1.90834062e-01  1.41170219e-02 -1.11522418e+02 -1.92822761e+01
 -1.28694544e+00 -2.26202745e-01]","[-8.74413156e-01  3.41939168e-02  4.60251848e+01  4.22450271e+01
 -1.26917177e+00 -2.38972247e-01]","[ 4.55818046e-01  1.67190052e-02 -8.66653984e+01  4.15036526e+01
 -7.98680421e-01  8.54634662e-01]","[ 2.04641634e-01  6.03419475e-03  2.56912403e+02 -5.05749740e+01
 -1.18866812e+00 -4.64668240e-01]",003,FP
627,0,0.8285403470109205,0,"[  4.52093736   0.34307455   4.6056505  -18.82185741  -1.3035443
  -0.09065714]","[ -0.64506697   0.085278   -18.53244465  -9.95466785  -1.31064448
   0.0739575 ]","[ 3.65316170e-01  1.35471712e-02  1.09884689e+02 -3.81426538e+01
 -9.43154284e-01  7.44305012e-01]","[ 6.55073946e+00  4.23976529e-02 -3.71507048e+01  2.45364588e+02
 -1.23855149e+00 -2.19966967e-01]","[-2.00193928e-01  1.59841670e-02 -9.87409971e+01 -1.77673481e+01
 -1.30453008e+00 -1.46892622e-01]","[-8.54731582e-01  2.85776471e-02  5.49266528e+01  4.89475448e+01
 -1.24724794e+00 -2.97280841e-01]","[ 4.49670046e-01  7.82977531e-03 -1.05666761e+02  4.95151775e+01
 -7.32437002e-01  7.57687082e-01]","[ 2.07616603e-01  3.99511191e-03  3.70746668e+02 -7.49731637e+01
 -9.32599996e-01 -7.57497108e-01]",003,FP
628,0,0.8285403470109205,0,"[  4.72933814   0.31996778   4.93583579 -21.34323643  -1.29649487
  -0.11989368]","[ -0.69679733   0.07999383 -19.74258805 -11.75658256  -1.30270015
   0.1196345 ]","[ 3.75476873e-01  2.03996905e-02  7.59677951e+01 -2.65241502e+01
 -1.17918592e+00  4.71267515e-01]","[ 6.52113846e+00  4.98753497e-02 -3.15312166e+01  2.07619430e+02
 -1.23755495e+00 -2.60488274e-01]","[-2.10558327e-01  1.72622340e-02 -9.15401021e+01 -1.72745308e+01
 -1.31291897e+00 -8.40086932e-02]","[-8.38631871e-01  2.28313737e-02  6.84541508e+01  5.94078325e+01
 -1.21205083e+00 -3.72623181e-01]","[ 4.50387394e-01  9.27527644e-03  1.25024489e+02 -5.43094539e+01
 -4.81170613e-01  9.53975859e-01]","[ 2.09134218e-01  2.00310491e-03  4.93680168e+02 -1.01245416e+02
 -5.93441461e-01 -8.36325746e-01]",003,FP
629,0,0.8285403470109205,0,"[  4.9223746    0.29308551   5.38586326 -24.51123651  -1.28955086
  -0.14375628]","[ -0.74467841   0.07280857 -21.66875055 -14.13625063  -1.29182534
   0.16423789]","[ 3.89813567e-01  2.63961778e-02  5.94183945e+01 -2.11620963e+01
 -1.26471097e+00  3.06473298e-01]","[ 6.48652028e+00  5.91581299e-02 -2.65892618e+01  1.74471786e+02
 -1.25533741e+00 -2.53343699e-01]","[-2.21541708e-01  1.79255797e-02 -8.81973666e+01 -1.75393953e+01
 -1.31651346e+00 -2.91934516e-02]","[-8.26139205e-01  1.71585920e-02  9.03605454e+01  7.66503891e+01
 -1.15005174e+00 -4.77461060e-01]","[ 4.57602232e-01  1.77375315e-02  8.45386661e+01 -3.66850823e+01
 -9.94658623e-01  7.02623234e-01]","[ 2.09029120e-01  2.21693877e-03 -4.70460818e+02  1.00340011e+02
 -4.54865506e-01 -9.50420512e-01]",003,FP
630,0,0.8285403470109205,0,"[  5.09817623   0.26443543   5.96646762 -28.4181034   -1.2835433
  -0.16371172]","[ -0.78769725   0.06431408 -24.49769549 -17.29676728  -1.27805511
   0.20873784]","[ 4.07546960e-01  3.10836031e-02  5.07115378e+01 -1.86673331e+01
 -1.30400172e+00  1.89418929e-01]","[ 6.44629487e+00  6.88374957e-02 -2.28872831e+01  1.49538175e+02
 -1.28265485e+00 -2.08688677e-01]","[-2.32747815e-01  1.79619514e-02 -8.80210575e+01 -1.84867088e+01
 -1.31671872e+00  2.30931389e-02]","[-8.17156996e-01  1.17671733e-02  1.29436522e+02  1.07769960e+02
 -1.02443533e+00 -6.38171129e-01]","[ 4.70625069e-01  2.59046414e-02  6.00288404e+01 -2.62510771e+01
 -1.21207829e+00  4.29020865e-01]","[ 2.07197132e-01  4.61601165e-03 -3.18490736e+02  6.79903671e+01
 -8.54954544e-01 -8.10793814e-01]",003,FP
631,0,0.8285403470109205,0,"[  5.25582539   0.23527868   6.70209323 -33.22503178  -1.27870453
  -0.18369437]","[ -0.82520008   0.05509472 -28.5470909  -21.55706164  -1.26105887
   0.25484706]","[ 4.27701694e-01  3.40993694e-02  4.63323145e+01 -1.78164094e+01
 -1.32318499e+00  9.24637306e-02]","[ 6.40077080e+00  7.71324206e-02 -2.04645932e+01  1.32989171e+02
 -1.30820824e+00 -1.41213765e-01]","[-2.43778834e-01  1.73731553e-02 -9.09640158e+01 -2.01751017e+01
 -1.31340395e+00  7.70950573e-02]","[-8.11473711e-01  6.89327594e-03  2.08790461e+02  1.71427971e+02
 -7.17033874e-01 -9.06223566e-01]","[ 4.88493000e-01  3.25741771e-02  4.82495896e+01 -2.15695868e+01
 -1.28570532e+00  2.63259644e-01]","[ 2.03605043e-01  7.30591799e-03 -2.10768667e+02  4.49135635e+01
 -1.12070939e+00 -5.39910939e-01]",003,FP
632,2,1.02638614304752,1,"[  5.39484771   0.20591331   7.65101968 -39.276086    -1.27374404
  -0.21117508]","[ -0.85686173   0.04565216 -34.36923934 -27.44968585  -1.23957114
   0.30627215]","[ 4.49135702e-01  3.51814561e-02  4.49389401e+01 -1.81836824e+01
 -1.32938916e+00  2.86079798e-03]","[ 6.35127103e+00  8.23514927e-02 -1.91926281e+01  1.23897583e+02
 -1.32483187e+00 -6.14891559e-02]","[-2.54246484e-01  1.61814835e-02 -9.75608295e+01 -2.28044979e+01
 -1.30525222e+00  1.36727628e-01]","[-8.08774775e-01  3.05211255e-03  3.05294895e+02  2.48914810e+02
 -4.84973464e-01 -9.31735137e-01]","[ 5.10031266e-01  3.73164325e-02  4.22908726e+01 -1.95696673e+01
 -1.31485517e+00  1.47728443e-01]","[ 1.98294412e-01  9.93188238e-03 -1.57254015e+02  3.31825924e+01
 -1.22069626e+00 -3.79050886e-01]",003,FP
633,2,1.02638614304752,1,"[  5.51470387   0.17576543   8.94696391 -47.33985645  -1.26409087
  -0.25734613]","[-8.82617625e-01  3.63515654e-02 -4.30013999e+01 -3.59537935e+01
 -1.20923890e+00  3.71018036e-01]","[ 4.70604549e-01  3.42209336e-02  4.61713175e+01 -1.97284320e+01
 -1.32421920e+00 -8.70869667e-02]","[ 6.30002157e+00  8.32469343e-02 -1.89907149e+01  1.21641914e+02
 -1.33000594e+00  2.62771626e-02]","[-2.63788131e-01  1.44394732e-02 -1.09114257e+02 -2.67830459e+01
 -1.28933331e+00  2.06361783e-01]","[-8.08659110e-01  2.81731918e-03 -3.92248546e+02 -3.15195361e+02
 -5.95985692e-01 -8.41151894e-01]","[  0.53391974   0.03991082  39.60409939 -19.14541041  -1.32582971
   0.05524078]","[ 1.91380377e-01  1.23396146e-02 -1.27341488e+02  2.63706620e+01
 -1.26672376e+00 -2.72761904e-01]",003,FP
634,2,1.02638614304752,1,"[  5.6144602    0.1438579   10.88597996 -59.11890121  -1.23847454
  -0.3373911 ]","[-9.02582667e-01  2.74131513e-02 -5.66212370e+01 -4.91053471e+01
 -1.15686099e+00  4.65174281e-01]","[ 4.90842506e-01  3.12758448e-02  5.04042029e+01 -2.27405253e+01
 -1.30626065e+00 -1.86230688e-01]","[ 6.24991406e+00  7.91173137e-02 -1.99560695e+01  1.26723720e+02
 -1.32280944e+00  1.26339166e-01]","[-2.72087543e-01  1.22378189e-02 -1.28279596e+02 -3.29032802e+01
 -1.26002083e+00  2.92108955e-01]","[-8.10659049e-01  5.16990363e-03 -2.92248415e+02 -2.34913822e+02
 -1.08154735e+00 -6.37218413e-01]","[ 5.58760548e-01  4.02725688e-02  3.92557856e+01 -1.99345843e+01
 -1.32655062e+00 -2.84334480e-02]","[ 1.83046730e-01  1.44135993e-02 -1.09355517e+02  2.20171697e+01
 -1.29098725e+00 -1.94307955e-01]",003,FP
635,2,1.02638614304752,1,"[  5.69275103   0.10952866  14.14855162 -78.54418179  -1.16870094
  -0.47532615]","[-9.16978118e-01  1.89647375e-02 -8.04663493e+01 -7.17858815e+01
 -1.04240698e+00  6.21518797e-01]","[ 5.08637992e-01  2.65350815e-02  5.90870512e+01 -2.80539191e+01
 -1.26647883e+00 -3.11357396e-01]","[ 6.20425295e+00  6.96910076e-02 -2.25570620e+01  1.41949719e+02
 -1.29552889e+00  2.55937492e-01]","[-2.78894895e-01  9.70455777e-03 -1.60640987e+02 -4.28019512e+01
 -1.20538064e+00  4.05553033e-01]","[-8.14263321e-01  7.13717030e-03 -2.19278706e+02 -1.76550608e+02
 -1.28388796e+00 -3.30908343e-01]","[ 5.83150470e-01  3.84428268e-02  4.10836665e+01 -2.19579594e+01
 -1.31821815e+00 -1.12922869e-01]","[ 1.73537304e-01  1.60609240e-02 -9.83060668e+01  1.90597699e+01
 -1.30453680e+00 -1.31158576e-01]",003,FP
636,0,0.8168868079201113,0,"[ 5.72312381e+00  6.75765080e-02  1.03843383e+01 -5.74308535e+01
 -1.32964684e+00 -4.54802283e-02]","[ -0.92053055   0.01302013 -12.85388991  -9.83239832  -1.69389051
   0.0857596 ]","[ 5.18466870e-01  1.68736210e-02  7.11900297e+01 -3.49096719e+01
 -8.78074890e-01 -4.47552814e-01]","[ 6.18179215e+00  4.53247381e-02 -2.29609467e+01  1.43939800e+02
 -9.76997328e-01  1.86579912e-01]","[-2.83040533e-01  6.08259401e-03 -2.22511055e+02 -6.09796474e+01
 -8.54181475e-01  6.93885919e-01]","[-8.21637828e-01  1.34120250e-02 -1.10696641e+02 -8.89525473e+01
 -5.47617363e-01 -8.87412122e-01]","[  0.60965583   0.04080125  38.58920281 -21.52613238  -1.11817026
   0.16075082]","[ 1.56663874e-01  2.94422502e-02 -5.00680790e+01  9.84385920e+00
 -4.74714729e-01 -9.30073844e-01]",003,FP
637,0,0.8168868079201113,0,"[  5.71796036   0.07635116 -12.84380667  75.44037746  -1.121823
  -0.2974194 ]","[-9.16845906e-01  1.87429639e-02  6.40124891e+01  6.06895886e+01
 -1.22702094e+00  5.17287331e-01]","[ 5.19963205e-01  1.42180671e-02 -3.62108065e+01  2.08282870e+01
 -1.11397631e+00 -1.00085639e-01]","[ 6.18428652e+00  4.98297166e-02  1.56093343e+01 -9.45325959e+01
 -8.46955323e-01  3.87473502e-01]","[-2.84650733e-01  3.48932076e-03 -4.30814709e+01 -1.02631723e+01
 -1.34698121e+00 -6.50231788e-02]","[-8.28992652e-01  1.47881073e-02 -1.03117131e+02 -8.34833439e+01
 -1.70452015e+00 -2.15903559e-01]","[ 6.30275896e-01  3.45387788e-02  4.42612066e+01 -2.58967717e+01
 -1.46531996e+00 -1.73369526e-01]","[ 1.39708409e-01  3.36803399e-02 -4.52148859e+01  8.31689979e+00
 -1.69271122e+00 -2.75814418e-01]",003,FP
638,0,0.8168868079201113,0,"[  5.67977876   0.11534493 -12.9851111   75.75255817  -1.38087423
  -0.23172472]","[-9.06423950e-01  2.74350029e-02  5.54605328e+01  5.22707553e+01
 -1.43881691e+00  1.92372502e-01]","[ 5.12458338e-01  2.50508071e-02 -5.68264675e+01  3.11211971e+01
 -9.99374315e-01 -6.08392987e-01]","[ 6.21543091e+00  9.09578605e-02  1.59207244e+01 -9.69541627e+01
 -1.02661090e+00  6.13404067e-01]","[-2.83928871e-01  4.69333076e-03  2.85984396e+02  8.31992267e+01
 -9.91059919e-01  4.75757296e-01]","[-8.35761372e-01  1.34319894e-02 -1.09321109e+02 -8.93663601e+01
 -1.67169401e+00  4.48424236e-01]","[ 6.44341555e-01  2.43282960e-02  5.31102176e+01 -3.22211202e+01
 -1.26575866e+00 -6.02820368e-01]","[ 1.23193145e-01  3.26147067e-02 -4.62071071e+01  7.69239884e+00
 -1.68819375e+00  3.56485993e-01]",003,FP
639,0,0.8168868079201113,0,"[  5.61266984   0.14201823 -11.10139164  64.30844608  -1.16114244
   0.14185833]","[-8.89768308e-01  3.33542475e-02  4.72320565e+01  4.40255870e+01
 -1.11626698e+00 -1.12330385e-01]","[ 4.95635468e-01  3.75463657e-02 -4.17872802e+01  2.27112582e+01
 -1.22319681e+00 -3.09953189e-01]","[  6.27773203   0.1351896   11.59955201 -70.81887916  -1.211689
   0.32083689]","[-2.81225606e-01  6.74865787e-03  2.33820815e+02  6.77564002e+01
 -1.32429322e+00  1.48795347e-01]","[-8.41488827e-01  9.80263346e-03 -1.28647124e+02 -1.06255118e+02
  1.29440175e-01  1.41657089e+00]","[ 6.51644094e-01  1.45477387e-02  2.55158192e+01 -1.46272329e+01
 -9.82798558e-01 -6.41202388e-01]","[ 1.07627193e-01  2.64246629e-02 -5.35792795e+01  7.76658748e+00
 -2.37407769e-01  1.13716317e+00]",003,FP
640,0,0.8168868079201113,0,"[ 5.52209735e+00  1.32895957e-01 -1.18938657e+01  6.76790843e+01
 -1.32802345e+00 -5.29314363e-02]","[-8.67381525e-01  3.30679116e-02  4.76650987e+01  4.33438260e+01
 -1.28252344e+00  1.96354185e-01]","[  0.46956129   0.04519981 -34.77828343  18.3305355   -1.26968276
  -0.26409231]","[  6.37210266   0.16377844   9.59167311 -59.11912574  -1.26692356
   0.27809762]","[-2.77036456e-01  7.02282857e-03  2.25057875e+02  6.43492361e+01
 -1.36440061e+00 -5.77807525e-03]","[-8.45838617e-01  1.49675081e-03 -7.02541481e+02 -5.92236715e+02
 -4.63340104e-01  9.44191650e-01]","[ 6.52424767e-01  1.30995740e-02 -1.17967526e+02  7.89649354e+01
 -1.19170546e+00 -4.86882823e-01]","[ 9.34917913e-02  1.07175676e-02 -1.46051683e+02  1.56546335e+01
 -1.24059883e+00  3.43493518e-01]",003,FP
641,0,0.8168868079201113,0,"[ 5.43941316e+00  1.34016096e-01 -1.17965369e+01  6.61662381e+01
 -1.32461228e+00  3.09425515e-02]","[-8.45310174e-01  3.72266932e-02  4.23889696e+01  3.78318273e+01
 -1.29061153e+00  1.56698191e-01]","[  0.43914146   0.05247507 -30.04499379  15.19400249  -1.29433858
  -0.18588   ]","[  6.48226654   0.19095565   8.25572264 -51.51579461  -1.2983521
   0.18756411]","[-2.72993111e-01  6.50617395e-03  2.41801278e+02  6.80100831e+01
 -1.34293644e+00 -2.21762416e-01]","[-8.45894866e-01  1.38219710e-03  7.10675609e+02  6.03156849e+02
 -5.71448945e-01  8.55435911e-01]","[ 6.43430615e-01  1.68036912e-02 -9.34988531e+01  6.21600245e+01
 -1.29725747e+00 -2.66197249e-01]","[ 8.77095980e-02  8.08299900e-03 -1.91219681e+02  1.87718013e+01
 -1.15428915e+00  5.01076375e-01]",003,FP
642,0,0.8168868079201113,0,"[  5.35789541   0.12830624 -12.31177004  67.9651762   -1.31376669
   0.10399832]",[-0.82074455  0.04091885 38.59182205 33.67402748 -1.2960792   0.12541944],"[  0.40469287   0.05804966 -27.20536349  13.00981674  -1.30888126
  -0.11902161]","[  6.60689881   0.21037657   7.50833436 -47.60680533  -1.31609543
   0.10677496]","[-2.69635141e-01  5.05728689e-03  3.02658366e+02  8.36073313e+01
 -1.18343905e+00 -5.40502297e-01]","[-8.44810357e-01  2.83086420e-03  5.20551196e+02  4.41767041e+02
 -8.84010430e-01  7.91061577e-01]","[ 6.32451441e-01  1.91156176e-02 -8.25998401e+01  5.42403879e+01
 -1.32756360e+00 -1.22366057e-01]","[ 8.37208165e-02  5.23920377e-03 -2.82131223e+02  2.56202563e+01
 -9.02594969e-01  7.77036955e-01]",003,FP
643,0,0.7883124827947041,0,"[  5.28140451   0.11722433 -13.45528096  73.06278162  -1.29691585
   0.17169479]",[-0.79400001  0.04411041 35.81681827 30.43855396 -1.2999639   0.09878809],"[  0.36739151   0.06157306 -25.6710796   11.43133681  -1.31616696
  -0.05874128]","[ 6.74067632e+00  2.20273193e-01  7.17711188e+00 -4.63785881e+01
 -1.32295555e+00  3.23445797e-02]","[-2.67595807e-01  2.94784951e-03  4.14356001e+02  1.12879928e+02
 -6.22726921e-01 -8.66185693e-01]","[-8.42636381e-01  4.42059296e-03  3.49147621e+02  2.96204488e+02
 -1.13964244e+00  5.16793814e-01]","[ 6.20393273e-01  2.00304054e-02 -7.89284438e+01  5.09666756e+01
 -1.33130583e+00 -1.55195936e-02]","[ 8.16924058e-02  2.58421649e-03 -3.92959732e+02  3.41018259e+01
 -5.40504929e-01  8.79422638e-01]",003,FP
644,0,0.8359237245738621,0,"[  5.21277946   0.10248102 -15.35804691  82.05811149  -1.273741
   0.23619559]",[-0.76540563  0.04676399 33.79550531 27.86727006 -1.30237942  0.07542362],"[ 3.28560754e-01  6.28691782e-02 -2.51489656e+01  1.02629631e+01
 -1.31752415e+00 -3.36329556e-03]","[ 6.87761491e+00  2.20085070e-01  7.18314206e+00 -4.74028849e+01
 -1.32073897e+00 -3.64378184e-02]","[-2.67479688e-01  2.71665572e-03 -2.76193119e+02 -7.18760492e+01
 -7.52771908e-01 -7.67943600e-01]","[-8.39439032e-01  5.94488483e-03  2.62967784e+02  2.22745422e+02
 -1.22474553e+00  3.65605440e-01]","[ 6.08093548e-01  1.96982023e-02 -8.02303902e+01  5.07875826e+01
 -1.32187869e+00  7.10123058e-02]","[ 8.17512314e-02  2.70412136e-03  3.78183332e+02 -2.89169531e+01
 -4.79391068e-01  9.29718190e-01]",003,FP
645,0,0.8625787589670377,0,"[ 5.15369229e+00  8.59612783e-02 -1.82632162e+01  9.61229966e+01
 -1.24466888e+00  2.94904621e-01]",[-0.73529599  0.04887115 32.34515133 25.78326003 -1.3033009   0.05553089],"[  0.28955777   0.06198596 -25.50282677   9.38454159  -1.31405126
   0.04741746]","[  7.01178603   0.21058247   7.50213722 -50.60338101  -1.31145119
  -0.09944574]","[-2.69802091e-01  6.25275848e-03 -2.26789931e+02 -5.91883977e+01
 -6.66772079e-01 -9.40747799e-01]","[-8.35289943e-01  7.37006937e-03  2.13198801e+02  1.80082814e+02
 -1.25996081e+00  2.75001425e-01]","[ 5.96245283e-01  1.83905464e-02 -8.58309136e+01  5.31762773e+01
 -1.30394047e+00  1.42388477e-01]","[ 8.39797005e-02  5.65890546e-03  2.59491625e+02 -1.97920290e+01
 -8.46405853e-01  8.16637586e-01]",003,FP
646,0,0.8843378449856282,0,"[ 5.10455723e+00  6.96739766e-02 -2.24861400e+01  1.16781789e+02
 -1.21417707e+00  3.36497378e-01]",[-0.70398707  0.0504818  31.31689967 24.04669258 -1.30285769  0.04013437],"[  0.25164952   0.05918316 -26.69668756   8.71820862  -1.30700946
   0.09361844]","[  7.13801196   0.19361347   8.15002727 -56.17499215  -1.29715309
  -0.15668669]","[-2.74936046e-01  1.08131521e-02 -1.40659119e+02 -3.66722619e+01
 -1.02829317e+00 -6.42850179e-01]","[-8.30261428e-01  8.68902633e-03  1.81281846e+02  1.52511324e+02
 -1.27705050e+00  2.15507410e-01]","[ 5.85333371e-01  1.64759125e-02 -9.56700504e+01  5.79988730e+01
 -1.28137974e+00  1.95352684e-01]","[ 8.84094471e-02  9.01779036e-03  1.70610105e+02 -1.30835450e+01
 -1.11050241e+00  5.49362031e-01]",003,FP
647,0,0.9199172041854295,0,"[ 5.06446983e+00  5.57035740e-02 -2.81386827e+01  1.44507509e+02
 -1.19507836e+00  3.31246643e-01]","[-6.71739334e-01  5.17181526e-02  3.05699473e+01  2.25350361e+01
 -1.30133640e+00  3.05006902e-02]","[  0.21591095   0.0548627  -28.77672557   8.2132102   -1.29767897
   0.13578081]","[  7.25239287   0.17163631   9.17965878 -64.5744919   -1.27942959
  -0.20822603]","[-2.83079545e-01  1.56361812e-02 -9.93039543e+01 -2.61109182e+01
 -1.17304160e+00 -4.56682877e-01]","[-8.24425751e-01  9.89967170e-03  1.59328981e+02  1.33354915e+02
 -1.28671601e+00  1.73170079e-01]","[ 5.75593726e-01  1.43808766e-02 -1.09528136e+02  6.50437078e+01
 -1.26094712e+00  2.18750739e-01]","[ 9.50146523e-02  1.23710842e-02  1.26129959e+02 -9.98419420e+00
 -1.20933937e+00  3.93821015e-01]",003,FP
648,0,0.9199172041854295,0,"[ 5.03118724e+00  4.62202628e-02 -3.40729371e+01  1.73427326e+02
 -1.20198273e+00  2.19852409e-01]","[-6.38718848e-01  5.27674943e-02  2.99624484e+01  2.11375805e+01
 -1.29917772e+00  2.75850063e-02]","[  0.18316545   0.0494747  -31.87895581   7.83912344  -1.28683231
   0.17536739]","[  7.35258217   0.14725649  10.68158193 -76.53720885  -1.25958023
  -0.25317576]","[-2.94250128e-01  2.03614091e-02 -7.69258249e+01 -2.06354338e+01
 -1.23910129e+00 -3.34596912e-01]","[-8.17859243e-01  1.09929584e-02  1.43605702e+02  1.19449251e+02
 -1.29368589e+00  1.39622945e-01]","[ 5.67009535e-01  1.25248968e-02 -1.25852317e+02  7.33594637e+01
 -1.25156488e+00  1.97069300e-01]","[ 1.03707636e-01  1.55631123e-02  1.00871201e+02 -8.46111374e+00
 -1.25511420e+00  2.93215796e-01]",003,FP
649,0,0.9199172041854295,0,"[ 5.00118510e+00  4.35307121e-02 -3.62904328e+01  1.83495171e+02
 -1.20293152e+00 -3.89477905e-02]",[-0.6049733   0.05384866 29.36036727 19.76223842 -1.29704307  0.03117174],"[  0.15396896   0.04344219 -36.26090883   7.58305442  -1.27430782
   0.21446334]","[  7.43779753   0.12288735  12.78021085 -93.05662078  -1.23972858
  -0.28856773]","[-3.08306539e-01  2.47412210e-02 -6.35801145e+01 -1.76021651e+01
 -1.27167383e+00 -2.49071069e-01]","[-8.10652243e-01  1.19401045e-02  1.32296430e+02  1.09246398e+02
 -1.30032132e+00  1.08439472e-01]","[ 5.59355013e-01  1.12322929e-02 -1.40585779e+02  8.06373599e+01
 -1.25661346e+00  1.25045915e-01]","[ 1.14338922e-01  1.84795585e-02  8.52180741e+01 -7.74374271e+00
 -1.27930974e+00  2.21204156e-01]",003,FP
650,0,0.9632899609071272,0,"[ 4.96984952e+00  4.96386362e-02 -3.15941681e+01  1.59018261e+02
 -1.14743123e+00 -3.19551228e-01]",[-0.57044153  0.05514547 28.66870978 18.35382278 -1.29588929  0.0387678 ],"[ 1.28627152e-01  3.71278534e-02 -4.23617862e+01  7.44887589e+00
 -1.25916461e+00  2.55076257e-01]","[ 7.50861647e+00  1.00513095e-01  1.56101669e+01 -1.15210756e+02
 -1.22373285e+00 -3.09220844e-01]","[-3.24989591e-01  2.86248514e-02 -5.50789244e+01 -1.59000771e+01
 -1.28814224e+00 -1.86882906e-01]","[-8.02923034e-01  1.26842746e-02  1.24596331e+02  1.02041264e+02
 -1.30716399e+00  7.45392977e-02]","[ 5.52281376e-01  1.06438283e-02 -1.48528639e+02  8.40296014e+01
 -1.26870712e+00  2.83994536e-02]","[ 1.26702555e-01  2.10302785e-02  7.50149807e+01 -7.50458968e+00
 -1.29297953e+00  1.65927293e-01]",003,FP
651,0,0.9632899609071272,0,"[ 4.93188490e+00  6.52197307e-02 -2.38426500e+01  1.19589205e+02
 -1.10856284e+00 -4.57091907e-01]",[-0.5350123   0.05670954 27.87686229 16.91446423 -1.29689267  0.04506679],"[ 1.07233696e-01  3.08297880e-02 -5.09131003e+01  7.45959989e+00
 -1.24022459e+00  2.99141439e-01]","[ 7.56661830e+00  8.14837067e-02  1.92560992e+01 -1.43703552e+02
 -1.21649430e+00 -3.09860590e-01]","[-3.43969420e-01  3.19446646e-02 -4.94167294e+01 -1.49978437e+01
 -1.29654678e+00 -1.40538957e-01]","[-7.94830342e-01  1.31455507e-02  1.20265524e+02  9.75906873e+01
 -1.31309909e+00  3.48755988e-02]","[ 5.45423292e-01  1.06767120e-02 -1.48063534e+02  8.27573000e+01
 -1.28127480e+00 -4.63998317e-02]","[ 1.40545823e-01  2.31488037e-02  6.82213491e+01 -7.58822569e+00
 -1.30093287e+00  1.21279063e-01]",003,FP
652,0,0.9632899609071272,0,"[  4.88198383   0.08936176 -17.38276749  86.86238976  -1.13098235
  -0.46486037]",[-0.49863403  0.05836315 27.08737772 15.50668833 -1.30089992  0.04306475],"[ 8.97207660e-02  2.47755785e-02 -6.31776626e+01  7.66834828e+00
 -1.21572780e+00  3.50409826e-01]","[ 7.61392195e+00  6.63414740e-02  2.36737606e+01 -1.78250165e+02
 -1.22094546e+00 -2.90750844e-01]","[-3.64886542e-01  3.46892442e-02 -4.55393283e+01 -1.46166880e+01
 -1.30093162e+00 -1.05046413e-01]","[-7.86578195e-01  1.32415378e-02  1.19403495e+02  9.59201858e+01
 -1.31617403e+00 -1.12771288e-02]","[ 5.38497517e-01  1.10789705e-02 -1.42654170e+02  7.88189165e+01
 -1.29482929e+00 -7.34262543e-02]","[ 1.55581070e-01  2.47900241e-02  6.37447488e+01 -7.91747621e+00
 -1.30558268e+00  8.35803348e-02]",003,FP
653,0,0.9632899609071272,0,"[  4.8156982    0.11972925 -13.02440219  64.72159022  -1.1844827
  -0.40822153]",[-0.46145503  0.05965657 26.50237537 14.22965442 -1.30752402  0.02651255],"[ 7.59152735e-02  1.91047291e-02 -8.15582339e+01  8.19151564e+00
 -1.18002514e+00  4.18613920e-01]","[ 7.65269591e+00  5.47742535e-02  2.87068571e+01 -2.17684848e+02
 -1.23435716e+00 -2.64182623e-01]","[-3.87378788e-01  3.68737286e-02 -4.28593262e+01 -1.46027938e+01
 -1.30334845e+00 -7.67870692e-02]","[-7.78408784e-01  1.29153111e-02  1.22380743e+02  9.72622452e+01
 -1.31462093e+00 -6.30977761e-02]","[ 5.31367859e-01  1.15428745e-02 -1.36941839e+02  7.47664918e+01
 -1.30825768e+00 -5.75013287e-02]","[ 1.71496497e-01  2.59247391e-02  6.09766569e+01 -8.45728304e+00
 -1.30824008e+00  5.02482449e-02]",003,FP
654,0,0.9301091091115344,0,"[  4.73034564   0.15263687 -10.26745467  50.5686094   -1.23971194
  -0.32595319]","[-4.23957644e-01  5.99183565e-02  2.63875609e+01  1.31872081e+01
 -1.31468670e+00 -8.49361036e-03]","[ 6.55934702e-02  1.38633831e-02 -1.11333152e+02  9.30272779e+00
 -1.11345314e+00  5.26308442e-01]","[ 7.68476412e+00  4.58224760e-02  3.43316625e+01 -2.61830728e+02
 -1.24808995e+00 -2.51477851e-01]","[-4.11091647e-01  3.85153666e-02 -4.10427631e+01 -1.48723371e+01
 -1.30487515e+00 -5.29655341e-02]","[-7.70582605e-01  1.21571535e-02  1.29903789e+02  1.02101600e+02
 -1.30728514e+00 -1.19456357e-01]","[ 5.24062835e-01  1.17988789e-02 -1.34001731e+02  7.22253273e+01
 -1.31770742e+00 -1.38097124e-02]","[ 1.87963745e-01  2.65329653e-02  5.95892182e+01 -9.20061264e+00
 -1.30962748e+00  1.91688773e-02]",003,FP
655,0,0.9633596556083004,0,[ 4.62573851  0.1834832  -8.5774303  41.67694962 -1.28387    -0.23532126],[-0.3870465   0.05838897 27.06908874 12.47699614 -1.31876356 -0.06443959],"[ 5.85231433e-02  9.05008064e-03 -1.66024187e+02  1.17162573e+01
 -9.47991802e-01  7.21222525e-01]","[ 7.71142554e+00  3.83651808e-02  4.09762215e+01 -3.13985081e+02
 -1.25131927e+00 -2.66655862e-01]","[-4.35672205e-01  3.96121185e-02 -3.99122969e+01 -1.53886784e+01
 -1.30622514e+00 -3.09965988e-02]","[-7.63350214e-01  1.10107836e-02  1.43216528e+02  1.11324368e+02
 -1.29338579e+00 -1.79887871e-01]","[ 5.16752886e-01  1.16591729e-02 -1.35583297e+02  7.20630598e+01
 -1.32047747e+00  4.67369916e-02]","[ 2.04641610e-01  2.65975401e-02  5.94456185e+01 -1.01650470e+01
 -1.31007829e+00 -1.16733860e-02]",003,FP
656,0,0.9633596556083004,0,[ 4.50453345  0.20754325 -7.6049984  36.25696969 -1.31380943 -0.14266244],[-0.3520584   0.05439007 29.0171825  12.21574292 -1.31402475 -0.14545876],"[ 5.44798766e-02  4.78293424e-03 -2.75329186e+02  1.69999000e+01
 -4.82625219e-01  1.03051686e+00]","[ 7.73352717e+00  3.16716454e-02  4.95536771e+01 -3.81224708e+02
 -1.23721477e+00 -3.02012079e-01]","[-4.60749129e-01  4.01219893e-02 -3.94078717e+01 -1.61571426e+01
 -1.30784633e+00 -7.96319840e-03]","[-7.56923304e-01  9.56454613e-03  1.64495921e+02  1.26510796e+02
 -1.27187697e+00 -2.45097128e-01]","[ 5.09706589e-01  1.10217117e-02 -1.43274773e+02  7.50280960e+01
 -1.31487911e+00  1.21332267e-01]","[ 2.21176730e-01  2.60997333e-02  6.05703869e+01 -1.13967601e+01
 -1.30955432e+00 -4.44333306e-02]",003,FP
657,2,0.9966515898696896,1,[ 4.37208009  0.22081836 -7.15832855 33.29678572 -1.32972112 -0.0487556 ],[-0.32068134  0.04748094 33.10139825 12.61500085 -1.28879014 -0.26232229],"[ 5.32306367e-02  2.44828180e-03  7.64924454e+01 -2.07174157e+00
 -1.67607567e+00  2.62007577e-01]","[ 7.75171992e+00  2.56932431e-02  6.10193555e+01 -4.71004953e+02
 -1.21288589e+00 -3.25030314e-01]","[-4.85907139e-01  3.99530768e-02 -3.95733872e+01 -1.72289913e+01
 -1.30950440e+00  1.92443566e-02]","[-7.51451359e-01  7.93552685e-03  1.97597987e+02  1.50485276e+02
 -1.24057232e+00 -3.16855271e-01]","[ 5.03239904e-01  9.85996448e-03 -1.59732759e+02  8.23838981e+01
 -1.29619739e+00  2.14474354e-01]","[ 2.37203732e-01  2.50196545e-02  6.31611474e+01 -1.29820599e+01
 -1.30750991e+00 -8.15160235e-02]",003,FP
658,2,0.9966515898696896,1,[ 4.23579969  0.22068745 -7.16246971 32.33878695 -1.33174197  0.04901265],"[-2.94798846e-01  3.75861219e-02  4.13137629e+01  1.41792496e+01
 -1.20955599e+00 -4.42656954e-01]","[ 5.44945010e-02  4.60390291e-03  3.05366901e+02 -1.46408169e+01
 -7.56718176e-01  8.79254100e-01]","[ 7.76673830e+00  2.09504334e-02  7.49940625e+01 -5.80459258e+02
 -1.20344569e+00 -2.83200715e-01]","[-5.10668254e-01  3.89794283e-02 -4.05536683e+01 -1.87094710e+01
 -1.31003106e+00  5.31345204e-02]","[-7.47006078e-01  6.25502768e-03  2.49478766e+02  1.88362154e+02
 -1.19568443e+00 -3.96710512e-01]","[ 4.97662200e-01  8.22161323e-03 -1.90450286e+02  9.67799081e+01
 -1.25147691e+00  3.35881399e-01]","[ 2.52348310e-01  2.33436326e-02  6.76453869e+01 -1.50701991e+01
 -1.30268280e+00 -1.25638783e-01]",003,FP
659,2,0.9966515898696896,1,[ 4.10426608  0.20623031 -7.65023468 33.39859866 -1.31780478  0.15682694],"[-2.76295238e-01  2.51894130e-02  5.88426331e+01  1.82579393e+01
 -9.47892500e-01 -7.47924309e-01]","[ 5.79037164e-02  7.41849210e-03  2.07785520e+02 -1.00315538e+01
 -1.17979603e+00  5.08302542e-01]","[ 7.77953377e+00  1.81002946e-02  8.71961103e+01 -6.76345085e+02
 -1.22383764e+00 -1.41181718e-01]","[-5.34488717e-01  3.70829535e-02 -4.26058260e+01 -2.07723333e+01
 -1.30771350e+00  9.52397471e-02]","[-7.43573348e-01  4.65854289e-03  3.32831782e+02  2.49484843e+02
 -1.13383254e+00 -4.82238244e-01]","[ 4.93220212e-01  6.24104571e-03 -2.47729085e+02  1.24184992e+02
 -1.15282772e+00  4.99908154e-01]","[ 2.66236110e-01  2.10774251e-02  7.48154854e+01 -1.79185838e+01
 -1.29280137e+00 -1.80156855e-01]",003,FP
660,2,0.9966515898696896,1,[ 3.98620372  0.17821723 -8.80824614 37.1114635  -1.27945416  0.2874481 ],"[-2.66858518e-01  1.27391184e-02  7.58887386e+01  2.22515563e+01
 -6.32439968e-01 -8.05638173e-01]","[ 6.29875955e-02  9.57681847e-03  1.64017023e+02 -8.33103791e+00
 -1.30305752e+00  2.68335319e-01]","[ 7.79117647e+00  1.73456137e-02  9.11304381e+01 -7.08013325e+02
 -1.25234414e+00  3.18171536e-02]","[-5.56775840e-01  3.42012670e-02 -4.61481693e+01 -2.36941857e+01
 -1.30065692e+00  1.46915857e-01]","[-7.41052213e-01  3.27768632e-03  4.70039172e+02  3.50323568e+02
 -1.06152575e+00 -5.56884728e-01]","[ 4.90042880e-01  4.14804426e-03 -3.61926837e+02  1.79359669e+02
 -9.41994314e-01  7.28069809e-01]","[ 2.78508225e-01  1.82601428e-02  8.61404344e+01 -2.19908195e+01
 -1.27375170e+00 -2.50182918e-01]",003,FP
661,2,0.9966515898696896,1,"[  3.88956782   0.13890837 -11.15610512  45.3924275   -1.18720926
   0.46847798]","[-2.67806717e-01  1.46659611e-02 -7.21994989e+01 -1.73355108e+01
 -4.38053680e-01 -9.65382749e-01]","[ 6.91881425e-02  1.08276182e-02  1.45865917e+02 -8.09219187e+00
 -1.33847970e+00  1.04227532e-01]","[ 7.80257535e+00  1.80440562e-02  8.75421106e+01 -6.81053914e+02
 -1.28580274e+00  1.09919888e-01]","[-5.76925322e-01  3.03581065e-02 -5.18914939e+01 -2.79375169e+01
 -1.28617522e+00  2.10898880e-01]","[-7.39260567e-01  2.23228975e-03  6.90781760e+02  5.12667716e+02
 -1.02111681e+00 -5.58663773e-01]","[ 4.88094109e-01  2.24813006e-03 -6.15244736e+02  3.02297331e+02
 -5.07950138e-01  1.04055372e+00]","[ 2.88841721e-01  1.49728228e-02  1.04538315e+02 -2.81950267e+01
 -1.23672995e+00 -3.45398774e-01]",003,FP
662,2,0.9966515898696896,1,"[  3.82079591   0.09210369 -16.10876563  63.54830576  -0.92999465
   0.75732918]","[-2.79950582e-01  3.04126110e-02 -4.83882082e+01 -1.15463071e+01
 -8.61458694e-01 -8.06214565e-01]","[ 7.59017146e-02  1.11158265e-02  1.42211951e+02 -8.79413088e+00
 -1.34054666e+00 -2.73180168e-02]","[ 7.81415979e+00  1.89510398e-02  8.33956987e+01 -6.49667316e+02
 -1.32914092e+00  6.52595547e-02]","[-5.94371473e-01  2.56677960e-02 -6.11576070e+01 -3.43503370e+01
 -1.25883642e+00  2.93319756e-01]","[-7.37947929e-01  1.63332334e-03  9.59721478e+02  7.10224478e+02
 -1.08744202e+00 -3.10318164e-01]","[ 4.87147291e-01  8.64632434e-04 -1.11733223e+03  5.46305367e+02
 -1.10993075e-01  1.20390547e+00]","[ 2.96971105e-01  1.13401844e-02  1.36523912e+02 -3.85436569e+01
 -1.15810348e+00 -4.86975124e-01]",003,FP
663,2,0.9966515898696896,1,"[ 3.78427510e+00  4.61640077e-02 -2.33156408e+01  9.02327990e+01
 -4.75234792e-01  9.37688332e-01]","[ -0.30349833   0.04785332 -32.20149511  -7.77310013  -1.12955423
  -0.53191799]","[ 8.25356831e-02  1.05018237e-02  1.50256481e+02 -1.04015213e+01
 -1.32210656e+00 -1.49592565e-01]","[ 7.82565912e+00  1.87389281e-02  8.43044310e+01 -6.57737739e+02
 -1.35859147e+00 -7.58823738e-02]","[-6.08634998e-01  2.03212333e-02 -7.67001420e+01 -4.46823908e+01
 -1.20529724e+00  4.07748799e-01]","[-7.36815748e-01  1.59023763e-03  9.88176280e+02  7.30103845e+02
 -1.09991476e+00  2.39124183e-01]","[ 4.86795345e-01  2.47464814e-04  2.28241042e+03 -1.10906677e+03
 -9.17974042e-01 -5.17813838e-01]","[ 3.02705492e-01  7.53904391e-03  1.98808755e+02 -5.81805021e+01
 -9.57455813e-01 -7.23203130e-01]",003,FP
664,0,0.810769453526569,0,[ 3.97716742  0.47399356  2.34637072 -7.33190918  0.24242129  1.49431913],[-0.42516823  0.24878443 -5.14882715 -0.18911771  0.12128183 -1.4061414 ],"[ 9.01377454e-02  1.16683400e-02  1.34208498e+02 -1.00972515e+01
 -1.01734578e+00  2.69301404e-01]",[ 7.77843262  0.1197417  -8.26332562 66.27572153  0.19056297 -1.45566108],[-0.60467398  0.02789011 18.49770571 13.18508134 -0.63886613  0.85658422],"[-7.25601856e-01  2.40289769e-02  4.87202751e+01  3.73515220e+01
  2.38036587e-01  1.49112772e+00]","[ 4.72375332e-01  3.21777574e-02 -3.45369906e+01  1.83144224e+01
  2.49725974e-01 -1.49979467e+00]","[ 2.92484204e-01  2.95880925e-02 -3.28343779e+01  1.16035369e+01
  1.62944588e-01 -1.43859622e+00]",003,FP
665,0,0.8068275649509852,0,[ 4.21619161  0.62963264  2.23608762 -7.42777384 -1.78094332  0.43055713],[-0.5536303   0.3064821  -4.72022323 -0.61325859 -1.8006481  -0.38965923],"[ 9.73822390e-02  1.19692236e-02  1.30972160e+02 -1.07543622e+01
 -1.47514709e+00  1.31787259e-01]",[ 7.70866445  0.18042208 -7.6496646  60.96869758 -1.57897025 -0.51935707],[-0.59354951  0.03989489 32.01999663 21.0054533  -1.63822334  0.40713991],"[-7.12137221e-01  3.27870909e-02  4.33572725e+01  3.28763275e+01
 -1.71779673e+00  4.59088240e-01]","[  0.4539486    0.0456714  -30.80901455  15.98570894  -1.66843744
  -0.48442972]","[  0.27785649   0.04112091 -33.48413872  11.30378526  -1.73997728
  -0.44653077]",003,FP
666,0,0.8014868492693511,0,[ 4.49335014  0.67530787  2.17961761 -7.79378508 -1.78813134 -0.33004691],[-0.68485136  0.30690512 -4.71771675 -1.23093471 -1.79976037  0.38863801],"[ 1.04828185e-01  1.25354017e-02  1.25337187e+02 -1.11388699e+01
 -1.42460866e+00 -2.34707011e-02]",[ 7.61413811  0.22235826 -6.84338223 54.10645746 -1.63791413  0.07650111],[-0.5760102   0.04803761 30.93010122 19.81605386 -1.70752347 -0.21640954],"[-6.96147746e-01  3.68906659e-02  4.08178710e+01  3.04152689e+01
 -1.72923694e+00 -2.27670679e-01]","[  0.43073849   0.05366136 -28.25491488  14.17047933  -1.68568103
   0.15581728]","[  0.25933241   0.04622397 -32.12979635  10.33229759  -1.76101049
   0.27706455]",003,FP
667,0,0.7902102736038362,0,[ 4.79969887  0.59415641  2.33938641 -9.2283503  -0.13245169 -1.20614245],[-0.81478647  0.25012782 -5.15733145 -2.20212387  0.10781844  1.39522084],"[ 1.13096707e-01  1.36519714e-02  1.15160414e+02 -1.10242636e+01
 -1.05999032e+00 -1.18604054e-05]",[ 7.49408641  0.23274772 -6.60959109 51.53284678 -0.82144845  0.56064045],[-0.55302159  0.04728309 31.22542685 19.26833519 -0.48206924 -0.91878309],"[-6.77451450e-01  3.52793966e-02  4.21328510e+01  3.05429610e+01
 -5.12952421e-01 -8.61787642e-01]","[  0.40208657   0.05430446 -28.00053856  13.25864045  -0.69254437
   0.66688416]","[  0.2375142    0.04281941 -33.65311622   9.99309299  -0.31710344
   1.05358726]",003,FP
668,0,0.813208383720912,0,"[  5.12599076   0.23283346   6.78761549 -32.79325428  -1.30377323
  -0.07668241]","[ -0.93960875   0.05337286 -29.29858245 -25.52920429  -1.22123811
   0.3629121 ]","[ 1.22729130e-01  1.46487452e-02  1.06845263e+02 -1.11130262e+01
 -1.25445995e+00  3.41151974e-01]","[ 7.34977089e+00  1.74588948e-01 -9.05386813e+00  6.85438564e+01
 -1.32929257e+00 -4.79455575e-02]","[-5.25706852e-01  2.62934662e-02  6.00870437e+01  3.35881706e+01
 -1.31261436e+00 -9.61527982e-02]","[-6.55963624e-01  2.19829383e-02  7.18539016e+01  4.91335457e+01
 -1.29661164e+00  1.11506744e-01]","[  0.36749337   0.03999956 -39.42254178  16.48752277  -1.27976037
  -0.18305889]","[ 2.13071525e-01  2.10277621e-02 -7.51794622e+01  1.80186026e+01
 -1.31098040e+00  4.52957053e-02]",003,FP
669,0,0.8174022386380205,0,"[  5.26818657   0.21933514   7.20265478 -35.94492921  -1.29939956
  -0.10266993]","[ -0.96876026   0.04026156 -38.49804072 -35.29537199  -1.15267956
   0.47928952]","[ 1.32462660e-01  1.72716012e-02  9.12753780e+01 -1.00905794e+01
 -1.32957874e+00  1.77748307e-01]","[ 7.24256160e+00  1.73570164e-01 -9.10555538e+00  6.79475457e+01
 -1.33742248e+00  5.89764809e-02]","[-5.09969141e-01  2.41729314e-02  6.52729464e+01  3.52871884e+01
 -1.29969079e+00 -1.58877093e-01]","[-6.41637604e-01  2.35155394e-02  6.71941962e+01  4.51143231e+01
 -1.30017252e+00  9.00248014e-02]","[  0.34076814   0.04482645 -35.2018423   13.99566647  -1.28771709
  -0.15777884]","[ 2.00171336e-01  2.01394479e-02 -7.84631881e+01  1.77060812e+01
 -1.30703198e+00  8.45986438e-02]",003,FP
670,0,0.8174022386380205,0,"[  5.40113484   0.20312625   7.7738608  -39.9876704   -1.2942563
  -0.12742135]","[-9.89679156e-01  2.74280805e-02 -5.53525414e+01 -5.27812565e+01
 -1.00980371e+00  6.58203407e-01]","[ 1.43156458e-01  1.81684245e-02  8.69887600e+01 -1.04530028e+01
 -1.36912220e+00 -6.02451993e-03]",[ 7.14108693  0.15892796 -9.91090775 72.77465379 -1.32258184  0.2030918 ],"[-4.95785689e-01  2.12828424e-02  7.39797827e+01  3.86781175e+01
 -1.28027476e+00 -2.25687563e-01]","[-6.26431518e-01  2.47937236e-02  6.37475694e+01  4.19334866e+01
 -1.30314045e+00  6.84611284e-02]","[  0.31114378   0.04932951 -32.00914022  11.95944504  -1.29557954
  -0.12962594]","[ 1.87976521e-01  1.87757715e-02 -8.41025243e+01  1.78092999e+01
 -1.30076595e+00  1.25983959e-01]",003,FP
671,0,0.9805045282589024,0,"[  5.52338796   0.18506447   8.52804524 -45.10370239  -1.28845525
  -0.15116133]","[-1.00262217e+00  1.56206623e-02 -9.01859788e+01 -8.84224621e+01
 -6.44272486e-01  9.53814591e-01]","[ 1.53479359e-01  1.66526002e-02  9.43268292e+01 -1.24772213e+01
 -1.34713161e+00 -2.48245844e-01]","[  7.05457054   0.12929413 -12.02187593  86.80917174  -1.24121093
   0.4208997 ]","[-4.83570858e-01  1.78604029e-02  8.78578234e+01  4.44854831e+01
 -1.25068320e+00 -3.02160691e-01]","[-6.10525759e-01  2.57589845e-02  6.13712703e+01  3.94687414e+01
 -1.30563510e+00  4.61864844e-02]","[  0.27894015   0.05318607 -29.70542779  10.28603638  -1.3032251
  -0.09750057]","[ 1.76767071e-01  1.70024461e-02 -9.27711808e+01  1.83988899e+01
 -1.29119998e+00  1.71720406e-01]",003,FP
672,0,0.9805045282589024,0,"[  5.63405653   0.16602021   9.50080163 -51.52805348  -1.28173713
  -0.17343521]","[-1.00814416e+00  6.84273181e-03 -8.86648725e+01 -8.73869731e+01
 -1.04224072e+00  6.04066368e-01]","[ 1.61733553e-01  1.24535687e-02  1.20924308e+02 -1.75575181e+01
 -1.11900376e+00 -6.22533332e-01]","[ 6.99274663e+00  8.62657162e-02 -1.69255780e+01  1.20356278e+02
 -9.16655972e-01  7.78285981e-01]","[-4.73586102e-01  1.41523682e-02  1.10249564e+02  5.42126613e+01
 -1.20302939e+00 -3.96267222e-01]","[-5.94137944e-01  2.63522844e-02  5.99973028e+01  3.76466741e+01
 -1.30758291e+00  2.24988367e-02]","[  0.24469191   0.0560266  -28.21250494   8.90337165  -1.30990149
  -0.06048053]","[ 1.66776510e-01  1.48983706e-02 -1.05691012e+02  1.96267782e+01
 -1.27648588e+00  2.24494065e-01]",003,FP
673,0,0.9805045282589024,0,"[  5.73284966   0.1469155   10.73054875 -59.51662274  -1.27423924
  -0.1918407 ]","[-1.00704198e+00  9.00806202e-03  1.40718355e+02  1.43709290e+02
 -5.68100576e-01  9.37405963e-01]","[ 1.66058451e-01  6.91749912e-03  1.32834836e+02 -2.00583471e+01
 -8.29543215e-01 -6.41170110e-01]","[ 6.96471356e+00  4.44530489e-02 -1.44071940e+01  1.02341979e+02
 -1.15421636e+00  4.87236876e-01]","[-4.65939147e-01  1.04057359e-02  1.48372729e+02  7.11326627e+01
 -1.11992113e+00 -5.22047259e-01]","[-5.77520663e-01  2.65182230e-02  5.96241716e+01  3.64341911e+01
 -1.30871927e+00 -3.14288131e-03]","[ 2.09156766e-01  5.74797488e-02 -2.75064970e+01  7.75316996e+00
 -1.31450830e+00 -1.81786844e-02]","[ 1.58183352e-01  1.25570048e-02 -1.25058155e+02  2.17821182e+01
 -1.25347908e+00  2.87915750e-01]",003,FP
674,0,0.9805045282589024,0,"[  5.8201155    0.12878746  12.23748907 -69.22359984  -1.26714204
  -0.20131816]","[-1.00030506e+00  1.59557224e-02  9.54139117e+01  9.74430184e+01
 -1.10251998e+00  6.03454884e-01]","[ 1.64699050e-01  9.66516272e-03 -1.11355418e+02  2.03401316e+01
 -3.51382970e-01 -1.03635742e+00]","[ 6.97767661e+00  7.01053628e-02  1.72702163e+01 -1.18505984e+02
 -4.00734072e-01  1.03948853e+00]","[-4.60592104e-01  6.85925667e-03  2.19771376e+02  1.03224961e+02
 -9.54119811e-01 -7.09027206e-01]","[-5.60955946e-01  2.62131274e-02  6.03134552e+01  3.58331913e+01
 -1.30870343e+00 -3.10427793e-02]","[  0.17329598   0.05723661 -27.62197985   6.78677817  -1.31594904
   0.02961204]","[ 1.51102860e-01  1.00862733e-02 -1.54996945e+02  2.54204816e+01
 -1.21627949e+00  3.67764896e-01]",003,FP
675,0,0.9805045282589024,0,"[  5.89688215   0.11277621  13.97825271 -80.42810889  -1.26271412
  -0.19423382]","[-9.89079701e-01  2.17915027e-02  7.18152404e+01  7.30309964e+01
 -1.27179107e+00  3.36259776e-01]","[ 1.56292753e-01  2.06159458e-02 -7.08811907e+01  1.30782164e+01
 -8.11404801e-01 -8.42588417e-01]","[  7.03580932   0.13731209  10.86077999 -74.41437705  -0.93627095
   0.745667  ]","[-4.57376576e-01  3.75312028e-03  3.70188247e+02  1.71315433e+02
 -5.64115584e-01 -1.00305184e+00]","[-5.44744579e-01  2.54152786e-02  6.21928282e+01  3.58792060e+01
 -1.30713889e+00 -6.12847037e-02]","[  0.13821925   0.055113   -28.67197613   5.96301904  -1.3130088
   0.08344707]","[ 1.45579889e-01  7.60542264e-03 -2.03913273e+02  3.16856716e+01
 -1.15221800e+00  4.74576656e-01]",003,FP
676,0,0.9805045282589024,0,"[  5.9648503    0.10000527  15.77750276 -92.11044203  -1.26319001
  -0.16251106]","[-9.74638298e-01  2.57151963e-02  6.13312553e+01  6.17757903e+01
 -1.32409624e+00  1.66559556e-01]","[ 1.40119814e-01  3.30836147e-02 -4.64348588e+01  8.50644378e+00
 -1.11058353e+00 -5.58740549e-01]","[  7.13944194   0.20691829   7.48284111 -51.42330964  -1.17284499
   0.48100931]","[-4.56016879e-01  1.55532151e-03  3.82049081e+02  1.76220829e+02
 -9.91464808e-01 -6.45969146e-01]","[-5.29188685e-01  2.41354013e-02  6.54644498e+01  3.66430461e+01
 -1.30354448e+00 -9.35983919e-02]","[  0.10509518   0.05109379 -30.89205231   5.2466059   -1.30398388
   0.14453155]","[ 1.41585504e-01  5.23924940e-03 -2.91092556e+02  4.32144863e+01
 -1.02961730e+00  6.29964212e-01]",003,FP
677,0,0.9805045282589024,0,"[ 6.02629224e+00  9.13863948e-02  1.72865016e+01 -1.02173511e+02
 -1.26815581e+00 -1.03422964e-01]","[-9.58335865e-01  2.75059660e-02  5.74688627e+01  5.70744722e+01
 -1.33858937e+00  3.71318120e-02]","[  0.11626918   0.04493159 -34.7730267    6.04303117  -1.23761435
  -0.36929128]","[  7.28472273   0.2682433    5.84627054 -40.58845987  -1.26869158
   0.30730822]","[-4.56162922e-01  1.83998436e-03 -7.04420154e+02 -3.19330355e+02
 -6.93504172e-01 -8.54939653e-01]","[-5.14568411e-01  2.24253071e-02  7.04146901e+01  3.82331752e+01
 -1.29750909e+00 -1.27090977e-01]","[  0.07504266   0.04535095 -34.73075886   4.60628849  -1.28628073
   0.2151392 ]","[ 1.39020290e-01  3.11540588e-03 -4.66922709e+02  6.69117302e+01
 -7.53320361e-01  8.78515679e-01]",003,FP
678,2,1.020516688531118,1,"[ 6.08385233e+00  8.74085305e-02  1.80870587e+01 -1.08038994e+02
 -1.27362326e+00 -2.63848359e-02]","[-9.41541103e-01  2.71556261e-02  5.81881387e+01  5.67865243e+01
 -1.33273844e+00 -7.83856278e-02]","[  0.08568764   0.05463884 -28.80829522   4.46851496  -1.29831226
  -0.22783363]","[  7.46382457   0.31443988   5.0146674  -35.42859771  -1.31240084
   0.17722007]","[-4.57432293e-01  3.03405436e-03 -5.08098746e+02 -2.30420774e+02
 -1.22192339e+00 -4.85956225e-01]","[-5.01116074e-01  2.03811828e-02  7.74179969e+01  4.07954027e+01
 -1.28901774e+00 -1.60064200e-01]","[ 4.90232422e-02  3.82311766e-02 -4.10472717e+01  4.01227035e+00
 -1.25532190e+00  2.99800650e-01]","[ 1.37725378e-01  1.41547631e-03 -7.77520682e+02  1.09084330e+02
 -3.05062102e-01  1.07659609e+00]",003,FP
679,2,1.020516688531118,1,"[ 6.14027373e+00  8.79944021e-02  1.79646242e+01 -1.08307710e+02
 -1.27646981e+00  4.84275280e-02]","[-9.25542077e-01  2.48529231e-02  6.34108332e+01  6.06893942e+01
 -1.30805803e+00 -1.94609664e-01]","[  0.05010078   0.06101451 -25.88515233   3.29686629  -1.32680267
  -0.10993136]","[  7.6656953    0.34078095   4.63750023 -33.54966376  -1.33044456
   0.06803527]","[-4.59459609e-01  3.84510226e-03 -4.09429188e+02 -1.86116175e+02
 -1.32492988e+00 -2.14188943e-01]","[-4.88991798e-01  1.81382404e-02  8.69187323e+01  4.45025471e+01
 -1.27869680e+00 -1.89902928e-01]","[ 2.77505881e-02  3.02150395e-02 -5.15904140e+01  3.43166433e+00
 -1.20102191e+00  4.07945498e-01]","[ 1.37500436e-01  9.59077043e-04  9.25306770e+02 -1.25230084e+02
 -8.50860733e-01  6.32548939e-01]",003,FP
680,2,1.020516688531118,1,"[ 6.19809764e+00  9.25084048e-02  1.70774859e+01 -1.03847925e+02
 -1.27819981e+00  1.02511921e-01]","[-9.11439594e-01  2.09819928e-02  7.46774789e+01  7.00640111e+01
 -1.25791336e+00 -3.23921362e-01]","[ 1.18175448e-02  6.32978938e-02 -2.49765802e+01  2.29516186e+00
 -1.33518616e+00 -2.41814425e-03]","[ 7.87727490e+00  3.44989315e-01  4.58235189e+00 -3.40964455e+01
 -1.33159789e+00 -3.16031136e-02]","[-4.61948023e-01  4.27656198e-03 -3.69480948e+02 -1.68680994e+02
 -1.31854533e+00 -8.52743871e-02]","[-4.78264523e-01  1.58568990e-02  9.93515044e+01  4.95162999e+01
 -1.26793586e+00 -2.12742864e-01]","[ 1.16279063e-02  2.18635880e-02 -7.03138730e+01  2.81760312e+00
 -1.09689315e+00  5.59743917e-01]","[ 1.38126396e-01  1.79196507e-03  8.35018208e+02 -1.13338056e+02
 -1.04124777e+00  6.78534932e-01]",003,FP
681,2,1.020516688531118,1,"[  6.25939331   0.09990538  15.80547132 -96.93266139  -1.28181768
   0.12907192]","[-9.00049675e-01  1.60863889e-02  9.62622497e+01  8.86408065e+01
 -1.16284234e+00 -4.83962709e-01]","[ -0.02654814   0.0612445  -25.79092576   1.3152988   -1.32699186
   0.10379283]","[  8.08502315   0.32754516   4.82025483 -36.97187188  -1.3183873
  -0.12844847]","[-4.64711808e-01  4.51947243e-03 -3.49755386e+02 -1.60535458e+02
 -1.29097552e+00 -5.80407090e-02]","[-4.68902051e-01  1.37047217e-02  1.14915502e+02  5.58841145e+01
 -1.25900859e+00 -2.22846312e-01]","[ 7.20621504e-04  1.37870186e-02 -1.07385313e+02  2.07738417e+00
 -8.61551630e-01  7.97901162e-01]","[ 1.39388792e-01  2.54738690e-03  6.13282608e+02 -8.34847216e+01
 -1.26502027e+00  3.59787746e-01]",003,FP
682,2,1.020516688531118,1,"[  6.32556482   0.10892556  14.4957763  -89.69397265  -1.28801942
   0.1314992 ]","[-8.91838531e-01  1.08031249e-02  1.39316312e+02  1.26247655e+02
 -9.65325918e-01 -7.09133594e-01]","[ -0.06239067   0.0551397  -28.55802845   0.21824546  -1.3002563
   0.2177586 ]","[  8.27651366   0.2915668    5.39909865 -42.68571371  -1.29014084
  -0.22799355]","[-4.67695088e-01  4.80500578e-03 -3.28749851e+02 -1.51754690e+02
 -1.26538453e+00 -1.07134855e-01]","[-4.60772177e-01  1.18392674e-02  1.33073930e+02  6.33167645e+01
 -1.25480867e+00 -2.12323897e-01]","[-5.23470180e-03  6.78144693e-03 -1.80788342e+02  1.05362694e+00
 -3.46749429e-01  1.08668764e+00]","[ 1.41096582e-01  3.06715085e-03  5.13859600e+02 -7.05038331e+01
 -1.30882430e+00  1.91641937e-01]",003,FP
683,2,1.020516688531118,1,"[  6.39726085   0.11827964  13.3530919  -83.42321197  -1.29528621
   0.11710713]","[-8.86909014e-01  5.83210708e-03  2.31426460e+02  2.07254214e+02
 -5.01491139e-01 -1.03378891e+00]","[ -0.09340445   0.04572691 -34.20491229  -1.19489093  -1.24510232
   0.35308911]","[  8.44179254   0.2421675    6.46637818 -52.58782308  -1.2426873
  -0.33724454]","[-4.70956627e-01  5.31501178e-03 -2.96694801e+02 -1.37730382e+02
 -1.24867544e+00 -1.83072000e-01]","[-4.53654426e-01  1.03942088e-02  1.51757353e+02  7.08453948e+01
 -1.25720689e+00 -1.72875950e-01]","[-6.78995923e-03  3.72611174e-03  1.44560098e+02  2.98155717e+00
 -1.35943764e+00  3.66528676e-01]","[ 1.43092886e-01  3.38490655e-03  4.66728378e+02 -6.47855107e+01
 -1.31473695e+00  9.79520815e-02]",003,FP
684,2,0.8924925051123122,1,"[  6.47439384   0.12681619  12.45921991 -78.66589668  -1.30165292
   0.09307318]","[-8.85045890e-01  2.55316374e-03  7.56184677e+01  6.89258141e+01
 -1.59845935e+00 -3.18514263e-01]","[-1.17804751e-01  3.40753178e-02 -4.51864791e+01 -3.32318190e+00
 -1.12935285e+00  5.37136952e-01]","[  8.57424398   0.18544137   8.36481662 -69.72197858  -1.16379832
  -0.46895577]","[-4.74623567e-01  6.11116444e-03 -2.57638166e+02 -1.20281145e+02
 -1.24735268e+00 -2.30867343e-01]","[-4.47260673e-01  9.46734166e-03  1.66864858e+02  7.66320888e+01
 -1.26416273e+00 -1.01836958e-01]","[-4.72196002e-03  6.87176957e-03  2.13195266e+02  3.00669952e+00
 -9.65517282e-01  7.44883695e-01]","[ 1.45257076e-01  3.55121172e-03  4.45169830e+02 -6.26640678e+01
 -1.31294592e+00  4.13476518e-02]",003,FP
685,2,0.9824141883433262,1,"[ 6.55624190e+00  1.33638654e-01  1.18273813e+01 -7.55431729e+01
 -1.30613158e+00  6.47201094e-02]","[-8.85809358e-01  3.94730053e-03 -3.49279032e+02 -3.07394636e+02
 -7.60863708e-01 -8.60105663e-01]","[-1.34449841e-01  2.14951357e-02 -6.81053953e+01 -7.15675957e+00
 -8.37669710e-01  8.25263742e-01]","[   8.67084113    0.12742843   11.92905533 -101.43494351   -1.01615692
   -0.65055634]","[-4.78829221e-01  7.12467559e-03 -2.20970379e+02 -1.03807074e+02
 -1.26182097e+00 -2.31501247e-01]","[-4.41262560e-01  9.10816038e-03  1.73580801e+02  7.85947088e+01
 -1.26973136e+00 -1.06251756e-02]","[ 4.32407721e-05  9.99709187e-03  1.56082538e+02  1.99325087e+00
 -1.28583385e+00  3.64573857e-01]","[ 1.47500413e-01  3.60769754e-03  4.38263598e+02 -6.26440614e+01
 -1.31038150e+00  3.31731260e-03]",003,FP
686,2,0.9824141883433262,1,"[ 6.64157659e+00  1.38113452e-01  1.14469200e+01 -7.40255960e+01
 -1.30905263e+00  3.45483807e-02]","[-8.88650477e-01  6.36813577e-03 -2.42568624e+02 -2.13558724e+02
 -1.20202813e+00 -4.83943573e-01]","[-1.42862537e-01  1.02110455e-02 -9.78604039e+01 -1.19805856e+01
 -4.83194329e-01  9.26642312e-01]","[ 8.73182247e+00  7.36332399e-02  1.93697502e+01 -1.67133220e+02
 -6.76378987e-01 -9.33729387e-01]","[-4.83653615e-01  8.20137816e-03 -1.92185591e+02 -9.09512559e+01
 -1.28345388e+00 -1.96211463e-01]","[-4.35322478e-01  9.30770096e-03  1.69788443e+02  7.59127257e+01
 -1.27049748e+00  7.63257235e-02]","[ 6.50631197e-03  1.17424436e-02  1.34420417e+02  1.12541883e+00
 -1.35433754e+00  1.23325686e-01]","[ 1.49758825e-01  3.58309689e-03  4.41251760e+02 -6.40813453e+01
 -1.30776064e+00 -2.53867548e-02]",003,FP
687,2,0.9824141883433262,1,"[ 6.72876126e+00  1.39750788e-01  1.13138600e+01 -7.41282627e+01
 -1.31127413e+00  1.80161005e-03]","[-8.93017040e-01  8.18320985e-03 -1.92059398e+02 -1.69512315e+02
 -1.29360676e+00 -2.60815659e-01]","[-1.43176207e-01  9.57335619e-03  1.08100484e+02  1.74774173e+01
 -5.71662591e-01  8.53614365e-01]","[ 8.75998955e+00  3.19242427e-02  2.63617072e+01 -2.28928280e+02
 -5.99663352e-01 -8.60688578e-01]","[-4.89081334e-01  9.15550776e-03 -1.72415882e+02 -8.23253894e+01
 -1.30415868e+00 -1.40309564e-01]","[-4.29124056e-01  9.99985187e-03  1.57877958e+02  6.97492297e+01
 -1.26961386e+00  1.37759468e-01]","[ 1.36629209e-02  1.19985818e-02  1.31693679e+02  2.00679681e-01
 -1.35597349e+00 -6.14200256e-02]","[ 1.51986113e-01  3.49771494e-03  4.51963658e+02 -6.66921996e+01
 -1.30458887e+00 -4.81597821e-02]",003,FP
688,2,0.9824141883433262,1,"[ 6.81578342e+00  1.38022398e-01  1.14541890e+01 -7.60692717e+01
 -1.31303421e+00 -3.72055825e-02]","[-8.98422278e-01  9.37858991e-03 -1.68298124e+02 -1.49202784e+02
 -1.31131269e+00 -1.42420717e-01]","[-1.36048235e-01  1.85877138e-02  8.02140465e+01  1.29129794e+01
 -9.82094348e-01  7.20123816e-01]","[ 8.75991502e+00  3.20744565e-02 -3.65787123e+01  3.22426411e+02
 -5.92764680e-01 -8.66106442e-01]","[-4.94984367e-01  9.80722349e-03 -1.61145616e+02 -7.77645606e+01
 -1.32000457e+00 -7.19359929e-02]","[-4.22398837e-01  1.10767755e-02  1.42425176e+02  6.21602285e+01
 -1.27151115e+00  1.67809084e-01]","[ 2.05615750e-02  1.08599272e-02  1.44762111e+02 -9.76536990e-01
 -1.31589809e+00 -2.47713867e-01]","[ 1.54149328e-01  3.36903162e-03  4.69155157e+02 -7.03199524e+01
 -1.30099946e+00 -6.52896053e-02]",003,FP
689,2,0.9824141883433262,1,"[  6.90021305   0.13223184  11.94930967 -80.45278254  -1.31302331
  -0.0886203 ]","[-9.04459144e-01  1.00572953e-02 -1.57151184e+02 -1.40136825e+02
 -1.31802279e+00 -6.59432406e-02]","[-1.22576438e-01  2.71508989e-02  5.73147647e+01  9.02543970e+00
 -1.23115644e+00  4.14915473e-01]","[ 8.73729817e+00  5.69947221e-02 -2.66904847e+01  2.35202723e+02
 -1.13037968e+00 -5.91359534e-01]","[-5.01131466e-01  1.00085525e-02 -1.57967185e+02 -7.71623269e+01
 -1.32803423e+00  6.86881022e-03]","[-4.14946535e-01  1.24083954e-02  1.27124128e+02  5.47497167e+01
 -1.27716663e+00  1.72131695e-01]","[ 2.63499577e-02  8.52946550e-03  1.81023377e+02 -2.76995833e+00
 -1.19250417e+00 -4.92315182e-01]","[ 1.56226651e-01  3.21439656e-03  4.91665018e+02 -7.48111794e+01
 -1.29761462e+00 -7.62528527e-02]",003,FP
690,2,0.9824141883433262,1,"[  6.97912936   0.12153548  12.98087764 -88.59522428  -1.30690372
  -0.16161493]","[-9.10763005e-01  1.02381899e-02 -1.54425019e+02 -1.38644594e+02
 -1.32643390e+00  7.83502315e-03]","[-1.04228488e-01  3.34569187e-02  4.70498480e+01  6.90393454e+00
 -1.31206195e+00  2.21959591e-01]","[ 8.69855079e+00  7.58877147e-02 -2.06804654e+01  1.81890079e+02
 -1.31773331e+00 -2.77088425e-01]","[-5.07221758e-01  9.67242581e-03 -1.63331880e+02 -8.08454833e+01
 -1.32371898e+00  9.56114087e-02]","[-4.06646570e-01  1.38581522e-02  1.13862323e+02  4.83017232e+01
 -1.28491599e+00  1.59391264e-01]","[ 3.03088232e-02  5.37368780e-03  2.64172411e+02 -6.00675492e+00
 -7.87900903e-01 -8.62054241e-01]","[ 1.58207359e-01  3.05156370e-03  5.17877030e+02 -7.99319571e+01
 -1.29458361e+00 -8.00324981e-02]",003,FP
691,2,0.9824141883433262,1,"[   7.04910822    0.10515472   14.9406887  -103.3185316    -1.28280978
   -0.27140829]","[-9.16948388e-01  9.81899071e-03 -1.60842597e+02 -1.45484360e+02
 -1.33130666e+00  1.09682396e-01]","[-8.27743199e-02  3.68589916e-02  4.28689393e+01  5.54844730e+00
 -1.34096359e+00  7.48824943e-02]","[ 8.65056228e+00  8.46250576e-02 -1.86709398e+01  1.63514127e+02
 -1.36440522e+00 -5.84930059e-02]","[-5.12937282e-01  8.80627759e-03 -1.78986384e+02 -8.98087892e+01
 -1.30203148e+00  1.91723212e-01]","[-3.97459979e-01  1.52957423e-02  1.03215156e+02  4.30238938e+01
 -1.29264257e+00  1.36987783e-01]","[ 3.18750186e-02  2.78384986e-03  1.14039701e+02 -1.63501758e+00
 -1.57047260e+00 -3.05169291e-01]","[ 1.60093207e-01  2.89998815e-03  5.44988207e+02 -8.52489098e+01
 -1.29139156e+00 -7.35803331e-02]",003,FP
