,discrete_label,continuous_label,binary_label,L_O_DSphi,L_D_DSphi,R_D_DSphi,R_O_DSphi,L_O_DSI,R_D_DSI,R_O_DSI,L_D_DSI,pid,condition
0,0,0.3281440739295733,0,[-1.25703741  0.25543613 -6.15032118 -5.73118384 -1.27301599  0.27518769],[ 0.44028405  0.13907536 11.36094433 -3.00204263 -1.29975352 -0.09347391],[ 0.34891225  1.41597582  1.10717512  1.61369304 -1.26091368 -0.31461155],"[-44.09585568   9.83353807  -0.16022129  -5.06509474  -1.29078071
   0.2062165 ]","[  0.18861977   0.13511386 -11.67927337   4.20294181  -1.2960077
   0.15506731]","[  3.28300771   0.28927134   5.45664277 -15.91420028  -1.30197755
  -0.14347346]",[-6.54806831  2.46213986 -0.64126167 -2.19902519 -1.30101575  0.13217062],[-0.5666679   0.04715607 33.4500607  20.9550758  -1.2971869  -0.16975979],007,FW
1,0,0.3281440739295733,0,[-1.39864521  0.20368609 -7.65043796 -8.70024844 -1.21179267  0.40815983],[ 0.52493872  0.12974214 12.17394224 -4.3905736  -1.29560608 -0.11458466],[ 1.11868624  1.09121577  1.42010495  0.41134814 -1.17286777 -0.47422849],"[-49.7452338    8.33364636  -0.18835929  -7.3699769   -1.25892639
   0.2940315 ]","[  0.1087414    0.11989233 -13.14281878   3.42916851  -1.28126026
   0.20504781]","[  3.45361138   0.25740545   6.12074173 -19.13866328  -1.28687179
  -0.20759971]",[-8.01255587  2.21704469 -0.71122223 -3.69870783 -1.28958531  0.18294544],[-0.53910768  0.04118702 38.20861023 22.5985554  -1.27617385 -0.23877208],007,FW
2,0,0.342297560480901,0,"[ -1.50505208   0.14500845 -10.52236195 -13.83670272  -1.06847506
   0.61112737]",[ 0.60340871  0.11932229 13.23152296 -5.98401625 -1.29153017 -0.13534136],[ 1.67165288  0.73276472  2.04827774 -1.42400938 -0.96455757 -0.71677458],"[-54.38908993   6.61375152  -0.23578264 -10.82400336  -1.20410411
   0.40264847]","[  0.03889083   0.10281608 -15.29583781   2.59486783  -1.26194234
   0.2565851 ]","[  3.60185886   0.21836822   7.19107166 -23.90122518  -1.26027978
  -0.28695678]",[-9.30819857  1.92450024 -0.81764148 -5.61076928 -1.27200164  0.24182397],"[-5.15589090e-01  3.42140805e-02  4.58210498e+01  2.56248334e+01
 -1.24344021e+00 -3.19479958e-01]",007,FW
3,0,0.342297560480901,0,"[ -1.57262437   0.08475973 -16.53982933 -24.01093865  -0.66877058
   0.93742581]",[ 0.67506188  0.10812085 14.59437529 -7.85210649 -1.28710335 -0.15827513],[ 1.99342651  0.3867537   3.32860849 -4.63533641 -0.44749239 -1.04237708],"[-57.93089121   4.81372911  -0.31976909 -16.52450841  -1.10362299
   0.54907556]","[ -0.0201289    0.08506975 -18.43994462   1.62882424  -1.23730767
   0.31066006]","[  3.72379641   0.17410555   8.96227133 -31.37367377  -1.21121071
  -0.39316119]","[-10.4093899    1.59870904  -0.9809272   -8.21085371  -1.24385367
   0.31420724]","[-4.96610157e-01  2.67112156e-02  5.82988595e+01  3.09518057e+01
 -1.18915883e+00 -4.22637251e-01]",007,FW
4,0,0.342297560480901,0,"[ -1.60006268   0.03944144 -10.45087511 -14.72205527  -1.39501926
   0.4112673 ]","[  0.73941032   0.09628047  16.37602877 -10.10860467  -1.28135929
  -0.18673533]",[ 2.08923809  0.20456208 -1.53716549  5.21150469 -1.59222793 -0.28308668],"[-60.35793194   3.07929964  -0.48400728 -27.21367823  -0.89151795
   0.76979531]","[ -0.06821294   0.06773009 -23.08441823   0.42534402  -1.20599173
   0.36883292]","[  3.81669574   0.12692594  12.11844413 -44.25241406  -1.10867396
  -0.55168807]","[-11.29985717   1.25531351  -1.24178341 -12.03197513  -1.19571874
   0.40933213]","[-4.82390210e-01  1.91358393e-02  8.02434448e+01  4.07086522e+01
 -1.08585802e+00 -5.71001912e-01]",007,FW
5,0,0.3513499247380911,0,[-1.58834856  0.06186828 21.08891482 35.49654747 -0.56247476  0.96522431],"[  0.79602112   0.08381824  18.78603993 -12.95408447  -1.27234272
  -0.22543132]",[ 1.98267737  0.37912495 -3.7736498   9.48193006 -0.85126497 -0.82135615],"[-61.73674745   1.57085325  -0.82904209 -49.18236237  -0.40370577
   1.08086365]","[ -0.10585727   0.05166542 -30.1278366   -1.18925046  -1.16542025
   0.4339571 ]","[  3.8791263    0.0796245   18.4513195  -69.5749988   -0.84464035
  -0.81726657]","[-11.97324903   0.91116177  -1.69016874 -18.23681123  -1.10456939
   0.54544901]","[-4.72896189e-01  1.19297154e-02  1.23623969e+02  6.04613036e+01
 -8.43388292e-01 -8.13234536e-01]",007,FW
6,0,0.5865550449634382,0,[-1.54049695  0.11008425 13.80963369 23.27369865 -1.07369402  0.62313014],"[  0.84446025   0.07069047  22.22152426 -16.7651939   -1.25576764
  -0.28139344]",[ 1.71274545  0.5811102  -2.67012418  6.57324304 -1.24348337 -0.43433209],"[-62.20055297   0.70909051   0.1439309   10.95258175  -1.72618501
   0.22478251]","[-1.34008640e-01  3.74719347e-02 -4.12705506e+01 -3.53061037e+00
 -1.10982888e+00  5.12091036e-01]","[ 3.91089806e+00  3.80337803e-02  2.76325663e+01 -1.06068150e+02
 -4.40864085e-01 -9.62298703e-01]","[-12.43322553   0.5843657   -2.5534095  -29.74711618  -0.90157393
   0.76198192]","[-4.67887259e-01  5.74810174e-03  2.02346585e+02  9.66753888e+01
 -3.52267975e-01 -1.05686468e+00]",007,FW
7,0,0.6714318186318033,0,[-1.46117529  0.15381046 10.14846192 16.82868175 -1.23811806  0.38010673],"[  0.88428946   0.05689001  27.48095637 -22.30112006  -1.22180562
  -0.36578541]",[ 1.32962037  0.7104143  -2.2184288   4.94966811 -1.34369468 -0.17955829],"[-61.93132504   1.16706021   1.2247027   77.84746071  -0.90666082
   0.78088207]","[-1.53894387e-01  2.54606460e-02 -6.00757328e+01 -7.24531804e+00
 -1.02408049e+00  6.16567328e-01]","[ 3.91289191e+00  3.39723795e-02 -2.89091970e+01  1.15118563e+02
 -5.93960986e-01 -8.36545129e-01]","[-12.69290646   0.29885481  -4.32641479 -52.91477821  -0.41208642
   1.07004824]","[-4.66968442e-01  3.89802102e-03 -1.99136336e+02 -9.09903845e+01
 -9.35020047e-01 -6.08157230e-01]",007,FW
8,0,0.6714318186318033,0,[-1.3562856   0.18839414  8.35401943 13.33043623 -1.29435976  0.23188296],"[  0.91512048   0.04256714  36.3360184  -31.25183472  -1.14585819
  -0.49896779]",[ 0.88957541  0.75126339 -2.10394354  3.87161645 -1.35968359  0.01094185],"[-61.13960441   1.72965111   0.90158724  57.12268732  -1.30404072
   0.36179967]","[-1.66868499e-01  1.57111232e-02 -9.50994882e+01 -1.38691088e+01
 -8.65222682e-01  7.75688466e-01]","[ 3.88682293e+00  6.85266424e-02 -2.15710796e+01  8.58429668e+01
 -9.11266799e-01 -7.71894548e-01]","[-12.7735989    0.1462644    1.61044764  22.57121225  -1.66851147
   0.25125239]","[-4.69644640e-01  7.73451631e-03 -1.89957372e+02 -8.72124616e+01
 -9.12612605e-01 -7.76508504e-01]",007,FW
9,0,0.6714318186318033,0,[-1.23260544  0.21214066  7.44283988 11.17408494 -1.317077    0.12663327],"[ 9.36710799e-01  2.81613842e-02  5.32659483e+01 -4.78947890e+01
 -9.52928997e-01 -7.23657508e-01]",[ 0.44953234  0.70485226 -2.23557469  3.00496311 -1.33174651  0.18940559],"[-60.04478845   2.00345871   0.78829306  49.33289003  -1.37384889
   0.08125925]","[-1.74300554e-01  8.20257495e-03 -1.69352090e+02 -2.75181630e+01
 -5.12633147e-01  1.03478903e+00]","[  3.83499275   0.10518275 -14.70815071  58.4056513   -1.1637474
  -0.49055201]","[-12.70288609   0.26441624   5.40004895  70.59620676  -0.84225941
   0.82536347]","[-4.75369440e-01  1.17853741e-02 -1.31537380e+02 -6.05288507e+01
 -1.19390158e+00 -4.62658377e-01]",007,FW
10,0,0.6714318186318033,0,[-1.09753499  0.22406937  7.05511831  9.74323921 -1.32629874  0.03906696],"[ 9.49071818e-01  1.47692185e-02  8.70461573e+01 -8.06130547e+01
 -4.49311178e-01 -1.03932966e+00]",[ 0.06180021  0.58283478 -2.67314101  2.16520067 -1.24542547  0.39789158],"[-58.85799531   1.97281581   0.79978218  49.07357607  -1.35560415
  -0.13762462]","[-1.77516888e-01  3.18912952e-03 -2.47381528e+02 -4.19143991e+01
 -5.50517788e-01  9.11831669e-01]","[  3.76009689   0.13852347 -11.30696636  44.51528906  -1.24592961
  -0.33301833]","[-12.51235156   0.41040004   3.77647584  49.25259336  -1.22217194
   0.4523476 ]","[-4.83585393e-01  1.51432598e-02 -1.03667247e+02 -4.81319661e+01
 -1.27273884e+00 -2.88505317e-01]",007,FW
11,0,0.6714318186318033,0,[-0.95892574  0.22349992  7.07271009  8.78220376 -1.327094   -0.04590335],"[ 9.52558791e-01  8.09293521e-03 -4.42622935e+01  4.41624368e+01
 -1.53324172e+00 -3.19769537e-01]",[-0.23041754  0.40610894 -3.69267424  1.1491431  -1.0053062   0.69751796],"[-57.76863228   1.67657556   0.93085594  55.7742747   -1.27102581
  -0.36975185]","[-1.77788204e-01  2.65020632e-03  4.67484987e+02  8.51133164e+01
 -8.40775833e-01  6.84744295e-01]",[ 3.66514068  0.16737365 -9.40375941 36.46610115 -1.28050718 -0.23415803],"[-12.23529928   0.51401166   3.06167916  39.46056085  -1.31448442
   0.2266786 ]","[-4.93753406e-01  1.77310487e-02 -8.89217028e+01 -4.19053936e+01
 -1.29914593e+00 -1.83500227e-01]",007,FW
12,0,0.6714318186318033,0,[-0.82492143  0.21004795  7.51440866  8.19879676 -1.31776777 -0.14087574],"[ 9.47919478e-01  1.56876024e-02 -9.08718415e+01  8.81391885e+01
 -8.00023484e-01 -8.54470611e-01]",[-0.39623101  0.21358669 -5.46381133 -0.16493149 -0.46573686  0.97021492],"[-56.93486989   1.18034383   1.2678401   74.18431138  -1.01567448
  -0.69556662]","[-1.76346666e-01  3.87158015e-03  4.03377999e+02  7.31343655e+01
 -1.46609691e+00  2.44250904e-01]",[ 3.55346149  0.19097281 -8.2613857  31.35651596 -1.29880243 -0.1622138 ],"[-11.90475376   0.5693519    2.77518681  35.03791567  -1.33598613
   0.07996771]","[-5.05370896e-01  1.95846647e-02 -8.06473810e+01 -3.87568392e+01
 -1.30858642e+00 -1.12987442e-01]",007,FW
13,0,0.6714318186318033,0,[-0.70373638  0.18383239  8.54975376  8.01677279 -1.2889037  -0.26187907],"[ 9.36292560e-01  2.49051088e-02 -6.19962066e+01  6.00465870e+01
 -1.18379941e+00 -4.96045659e-01]",[-0.41869035  0.16854823  4.71333834  3.97342926 -0.82845324  0.68908202],"[-56.47767518   0.61913195   1.72681602  99.52655407  -0.54729222
  -0.87735139]","[-1.74409558e-01  3.73127573e-03  4.14507699e+02  7.42941045e+01
 -1.41213205e+00 -3.54274324e-01]",[ 3.42880358  0.20847783 -7.57757356 27.98201137 -1.3098644  -0.10214394],"[-11.55187602   0.57873861   2.73148403  33.55376483  -1.33412737
  -0.03411385]","[-5.17980833e-01  2.07692885e-02 -7.61041376e+01 -3.74204846e+01
 -1.31149731e+00 -6.14034525e-02]",007,FW
14,0,0.7976946857600213,0,[-0.60330058  0.14584569 10.6524614   8.42663614 -1.21005428 -0.43807223],"[ 9.19156265e-01  3.20846024e-02 -4.89521110e+01  4.69946395e+01
 -1.29619837e+00 -2.72564593e-01]",[-0.29491333  0.34691547  4.19857549  3.23821589 -0.85615237  0.81757489],"[-56.47780765   0.6194005   -1.5467902  -85.35931952  -0.54668413
  -0.87785103]","[-1.73188812e-01  2.41576891e-03  4.21327836e+02  7.49692674e+01
 -9.06068812e-01 -5.43790392e-01]",[ 3.29537797  0.21898408 -7.21886855 25.78890043 -1.31616656 -0.04654492],"[-11.20479243   0.54718781   2.88464323  34.32182859  -1.31869012
  -0.13922762]","[-5.31174086e-01  2.13562105e-02 -7.40330029e+01 -3.73244126e+01
 -1.31162257e+00 -2.07316974e-02]",007,FW
15,0,0.7976946857600213,0,[-0.53072712  0.09870767 15.10456069 10.01639992 -0.96839701 -0.72810313],"[ 8.98226920e-01  3.65273732e-02 -4.32263095e+01  4.08270349e+01
 -1.33146903e+00 -1.20883686e-01]",[-0.03512334  0.53954693  2.86471979  2.10061852 -1.17853085  0.49141253],"[-56.97514591   1.29601379  -1.12902438 -62.32632866  -0.84764781
  -0.81984139]","[-1.73875432e-01  3.80425762e-03 -2.64659714e+02 -4.40178219e+01
 -2.77794699e-01 -1.08738309e+00]","[ 3.15783898e+00  2.21750705e-01 -7.13000779e+00  2.45154165e+01
 -1.31812201e+00  8.29322750e-03]","[-10.88773088   0.48124768   3.26754309  37.57612974  -1.28684611
  -0.25272161]","[-5.44585852e-01  2.14103640e-02 -7.38473218e+01 -3.82162067e+01
 -1.31054095e+00  1.40348987e-02]",007,FW
16,0,0.7976946857600213,0,[-0.49164013  0.0505658  21.60419022 12.62148678 -0.49541597 -0.92404004],"[ 8.75309752e-01  3.80918474e-02 -4.15038722e+01  3.83287441e+01
 -1.33568530e+00 -3.07022164e-03]",[ 0.33896737  0.69666724  2.25315851  1.23625279 -1.28660053  0.28597475],"[-57.96999157   2.0421284   -0.75489698 -41.76137177  -1.1421237
  -0.52413756]","[-1.77597895e-01  9.05772591e-03 -1.57311804e+02 -2.59382453e+01
 -6.34860002e-01 -9.59001446e-01]",[ 3.02112324  0.21646101 -7.30181181 24.05967339 -1.31541781  0.0644773 ],"[-10.62032942   0.3887505    4.01179062  44.60653798  -1.22293685
  -0.39534146]","[-5.57886069e-01  2.09794602e-02 -7.53518788e+01 -4.00377634e+01
 -1.30895327e+00  4.70645084e-02]",007,FW
17,0,0.7976946857600213,0,"[ -0.48950434   0.04624104 -20.00361464  -7.79185611  -0.62224635
  -0.82076793]","[ 8.52119256e-01  3.70280354e-02 -4.26662728e+01  3.83567527e+01
 -1.32227640e+00  9.49577621e-02]",[ 0.79618009  0.80007406  1.97278652  0.42930666 -1.32865842  0.13728771],"[-59.42625725   2.72223824  -0.57494452 -32.16680121  -1.24886165
  -0.3426985 ]","[-1.85358933e-01  1.61279081e-02 -9.37224529e+01 -1.53722939e+01
 -9.62479648e-01 -6.96033782e-01]",[ 2.89015614  0.20339368 -7.76386967 24.4387956  -1.30731697  0.12367498],"[-10.41701933   0.27902145   5.47297269  59.01206228  -1.07686505
  -0.60381551]","[-5.70765138e-01  2.00852200e-02 -7.86770163e+01 -4.29060981e+01
 -1.30678050e+00  8.28228794e-02]",007,FW
18,0,0.7976946857600213,0,"[ -0.52513997   0.09495963 -15.44717824  -6.11193075  -0.87858593
  -0.79966338]","[ 8.30103005e-01  3.39132251e-02 -4.65003507e+01  4.06000809e+01
 -1.29817959e+00  1.77852811e-01]",[ 1.2982135   0.83897432  1.88430166 -0.44622585 -1.34197324  0.00877399],"[-61.27627543   3.27772213  -0.48042639 -27.43873998  -1.29457772
  -0.2189686 ]","[-1.97958045e-01  2.43685292e-02 -6.33548664e+01 -1.05416055e+01
 -1.11649250e+00 -5.23572240e-01]",[ 2.76949654  0.18345084 -8.59370177 25.80022732 -1.29257723  0.1880295 ],"[-10.28649171   0.16432481   8.5658119   90.1121531   -0.68030515
  -0.93142548]","[-5.82919273e-01  1.87230550e-02 -8.43378507e+01 -4.71621586e+01
 -1.30269231e+00  1.26429938e-01]",007,FW
19,0,0.7976946857600213,0,"[ -0.59656677   0.14669823 -10.53958519  -4.28756628  -1.1736776
  -0.49114017]","[ 8.10308523e-01  2.95119111e-02 -5.33083529e+01  4.51962127e+01
 -1.26890963e+00  2.47150833e-01]",[ 1.80231231  0.80817545  1.95361741 -1.52102872 -1.33372658 -0.12214745],"[-63.42663727   3.66988431  -0.4302747  -25.29087702  -1.31599441
  -0.1232399 ]","[-2.15912578e-01  3.32144017e-02 -4.69605828e+01 -8.13938048e+00
 -1.19939059e+00 -4.01317849e-01]",[ 2.66301435  0.15803592 -9.94827331 28.49239462 -1.26873551  0.26154188],"[-10.23142582   0.075317     6.63227022  69.85758074  -1.24789721
  -0.4864275 ]","[-5.94040731e-01  1.68749801e-02 -9.34355515e+01 -5.35045233e+01
 -1.29348934e+00  1.83887830e-01]",007,FW
20,0,0.7976946857600213,0,[-0.69923391  0.19072895 -8.22408052 -3.750556   -1.27261544 -0.30242526],"[ 7.93324493e-01  2.45948369e-02 -6.38062739e+01  5.26190799e+01
 -1.23875005e+00  3.03358976e-01]",[ 2.26426493  0.70839535  2.21634196 -3.01838538 -1.29418235 -0.27954796],"[-6.57644681e+01  3.87228670e+00 -4.08243569e-01 -2.48479212e+01
 -1.32532973e+00 -3.97577736e-02]","[ -0.23939636   0.04205548 -37.30240342  -6.93005941  -1.24837882
  -0.30718208]","[  2.57367919   0.12881558 -12.14629431  33.26066487  -1.22958758
   0.35283914]","[-1.02487278e+01  1.08763879e-01 -1.18603568e+01 -1.19553568e+02
 -5.80302278e-01 -9.42881589e-01]","[-6.03815735e-01  1.45310942e-02 -1.08176877e+02 -6.33189005e+01
 -1.27277876e+00  2.63846090e-01]",007,FW
21,0,0.7256363486806585,0,[-0.82658284  0.22338164 -7.05943798 -3.83521033 -1.30984567 -0.17524539],"[ 7.79304130e-01  1.98003981e-02 -7.90858010e+01  6.36318914e+01
 -1.21112326e+00  3.44886355e-01]",[ 2.64163973  0.54707152  2.81957877 -5.44831129 -1.17604384 -0.5058078 ],"[-6.81639583e+01  3.86888604e+00 -4.08595079e-01 -2.58514579e+01
 -1.32606291e+00  4.17900519e-02]","[ -0.26821223   0.05027813 -31.31036136  -6.39782192  -1.27858163
  -0.23030429]","[  2.50349802   0.09746539 -15.89648531  41.7968195   -1.15662912
   0.48139946]","[-10.33040155   0.19088874  -7.98487375 -80.48695214  -1.10884263
  -0.5958055 ]","[-6.11929866e-01  1.17091791e-02 -1.33320905e+02 -7.95830432e+01
 -1.22499511e+00  3.83485956e-01]",007,FW
22,0,0.5595393574955387,0,[-0.97078762  0.24306647 -6.50117488 -4.31126009 -1.32326197 -0.07903782],"[ 7.68048240e-01  1.55850745e-02 -1.00373296e+02  7.90915335e+01
 -1.19084694e+00  3.64324751e-01]","[  2.89705999   0.34268911   4.15443279 -10.03564099  -0.78717224
  -0.86325084]","[-70.49351991   3.65523926  -0.43193172 -28.44838735  -1.3169683
   0.12989541]","[ -0.3018017    0.05732164 -27.52190959  -6.30615923  -1.297307
  -0.1647545 ]","[  2.45358708   0.06558551 -23.0004547   58.4336185   -0.98544565
   0.69184831]","[-10.46498807   0.26046459  -6.00843007 -60.87814896  -1.26745643
  -0.33754429]","[-6.18079460e-01  8.47334667e-03 -1.80633620e+02 -1.09645930e+02
 -1.09800250e+00  5.83122319e-01]",007,FW
23,0,0.4678263763051027,0,"[-1.12349231e+00  2.49460300e-01 -6.33788062e+00 -5.12056013e+00
 -1.32526092e+00  1.91209543e-03]","[ 7.59108789e-01  1.22461750e-02 -1.27910721e+02  9.90981523e+01
 -1.18654303e+00  3.43386566e-01]",[ 3.0012186   0.17329377  2.27441478 -4.82601595 -1.47522473 -0.3501646 ],"[-72.62407067   3.24168917  -0.48546939 -33.2567633   -1.2922856
   0.23407156]","[ -0.33928523   0.06272087 -25.1852127   -6.5449706   -1.30862524
  -0.10665349]","[ 2.42432063e+00  3.54310026e-02 -3.73556604e+01  9.25620980e+01
 -5.12102965e-01  1.01260501e+00]","[-10.63935776   0.31013652  -5.08287945 -52.0785729   -1.30998919
  -0.18588892]","[-6.21986456e-01  5.01314065e-03 -2.78412743e+02 -1.71168956e+02
 -6.91076552e-01  9.19605929e-01]",007,FW
24,0,0.5776779615771361,0,[-1.27643084  0.24311381 -6.50018305 -6.29703409 -1.31968695  0.07733281],"[ 7.51881353e-01  9.97155973e-03 -1.57760474e+02  1.20617159e+02
 -1.20513207e+00  2.52985545e-01]",[ 2.93526873  0.29976256 -4.2876288  14.58534275 -0.48082867 -1.01629006],"[-74.43833721   2.65617506  -0.58819563 -41.78430445  -1.23721205
   0.36977478]","[ -0.37952888   0.06613429 -23.90193909  -7.07147606  -1.31469868
  -0.05315094]","[ 2.41548772e+00  1.89041267e-02  1.10179039e+01 -2.46136115e+01
 -1.65211270e+00  2.82528700e-01]","[-10.84049433   0.34039893  -4.64164328 -48.31770768  -1.31853818
  -0.08975003]","[-6.23413315e-01  2.55499818e-03 -7.32059858e+01 -4.36375863e+01
 -1.66953155e+00  2.72673987e-01]",007,FW
25,0,0.6727692496936549,0,[-1.42189567  0.22521672 -7.00632251 -7.96225965 -1.30646394  0.15490504],"[ 7.45674616e-01  8.87888825e-03 -1.77931475e+02  1.34678984e+02
 -1.23052936e+00  7.94295345e-02]",[ 2.6922915   0.557689   -2.70203601  9.27466857 -1.00017492 -0.68807024],"[-75.84015559   1.94530074  -0.78831888 -57.78622638  -1.10743548
   0.56960679]","[-4.21232958e-01  6.73667633e-02 -2.34700425e+01 -7.88635544e+00
 -1.31642084e+00 -2.32716180e-03]","[ 2.42641060e+00  3.76767160e-02  3.70252881e+01 -8.78385517e+01
 -6.80097205e-01  9.26911103e-01]","[-1.10568713e+01  3.54360669e-01 -4.46159072e+00 -4.73312341e+01
 -1.31614265e+00 -2.61867192e-02]","[-6.22176509e-01  4.86184352e-03  2.72402499e+02  1.71482436e+02
 -5.10140429e-01  1.01475288e+00]",007,FW
26,0,0.6727692496936549,0,"[ -1.5530665    0.19743928  -7.96841108 -10.3754723   -1.28217573
   0.24339164]","[ 7.39761166e-01  9.01562229e-03 -1.75120533e+02  1.31547370e+02
 -1.22850406e+00 -1.24378164e-01]",[ 2.27768456  0.81438393 -1.90754438  6.34478439 -1.1944592  -0.44484525],"[-76.76228228   1.1801568   -1.21086917 -90.94908111  -0.74605186
   0.89056551]","[ -0.46303177   0.06638836 -23.81174216  -9.02559302  -1.31416863
   0.04693739]","[  2.4560161    0.06411934  23.84144242 -56.55496648  -1.08561882
   0.59454813]","[-1.12792018e+01  3.55974104e-01 -4.44157838e+00 -4.80974588e+01
 -1.31095300e+00  1.65229306e-02]","[-6.18159344e-01  8.99513930e-03  1.67683606e+02  1.05655188e+02
 -9.85977966e-01  6.92002595e-01]",007,FW
27,0,0.6727692496936549,0,"[ -1.66422032   0.16178343  -9.66655071 -14.08727013  -1.23637561
   0.35738236]","[ 7.33419278e-01  1.03330467e-02 -1.52135002e+02  1.13578743e+02
 -1.20722676e+00 -2.70656639e-01]",[ 1.70843141  1.03937976 -1.51018786  4.58005239 -1.26971191 -0.29173351],"[-77.17148013   0.54860453  -1.17084292 -88.35568132  -1.03477965
   0.5900806 ]","[ -0.50359307   0.06333725 -24.94488815 -10.56207286  -1.30824622
   0.09550476]","[  2.50287216   0.08939208  17.44709721 -41.66785393  -1.2153867
   0.39734614]","[-1.15006160e+01  3.49002052e-01 -4.52968448e+00 -5.00941620e+01
 -1.30585818e+00  4.54985813e-02]","[-6.11323420e-01  1.33541083e-02  1.16037772e+02  7.29366075e+01
 -1.15902538e+00  4.79347038e-01]",007,FW
28,0,0.627205114346715,0,"[ -1.75082802   0.12047153 -12.79461818 -20.40117601  -1.13540646
   0.52760433]","[ 7.25970212e-01  1.27014668e-02 -1.23386661e+02  9.15750401e+01
 -1.19890488e+00 -3.33496456e-01]",[ 1.01134494  1.21610931 -1.29647422  3.31118265 -1.30311843 -0.18292006],"[-77.07028958   0.74837169   1.65667847 129.68068917  -0.51253118
   0.9663249 ]","[ -0.54170866   0.05849334 -26.98479504 -12.61789708  -1.29876674
   0.14463064]","[  2.56519873   0.11198659  14.02763275 -33.98366565  -1.26626923
   0.27822768]","[-11.71649637   0.33661154  -4.69564596 -53.01651879  -1.3012898
   0.06465237]","[-6.01716180e-01  1.76293877e-02  8.87632213e+01  5.54102664e+01
 -1.23043906e+00  3.50697367e-01]",007,FW
29,0,0.627205114346715,0,"[ -1.80953684   0.07624266 -19.19767206 -32.73889483  -0.85093583
   0.81691188]","[ 7.16808584e-01  1.59545549e-02 -9.81866052e+01  7.23810014e+01
 -1.20829172e+00 -3.39327069e-01]",[ 0.22050793  1.33433633 -1.18398201  2.26107742 -1.31789942 -0.09710654],"[-76.49549117   1.36894761   1.10501205  86.52843935  -1.05405701
   0.64939882]","[ -0.57636336   0.05222445 -30.1802782  -15.39480646  -1.28529179
   0.19655238]","[  2.64085832   0.13113191  12.01939926 -29.74153048  -1.2910982
   0.19575213]","[-11.92423576   0.32154044  -4.91523198 -56.61038488  -1.29679173
   0.0742326 ]","[-5.89474157e-01  2.16417121e-02  7.26417234e+01  4.48204187e+01
 -1.26596069e+00  2.63383493e-01]",007,FW
30,0,0.627205114346715,0,"[-1.83807304e+00  3.66169511e-02 -2.47880703e+01 -4.35622837e+01
 -6.50218726e-01  8.02462368e-01]","[ 7.05426163e-01  1.99097324e-02 -7.87701080e+01  5.75664951e+01
 -1.22568166e+00 -3.17255434e-01]",[-0.62584975  1.38946607 -1.13784198  1.28788188 -1.32211912 -0.02416115],"[-75.51353663   1.92683578   0.80993595  63.16112779  -1.24644243
   0.37950018]","[ -0.60677079   0.04492436 -35.00744288 -19.24149369  -1.26617803
   0.25532066]","[  2.72733665   0.14614282  10.80382872 -27.46567804  -1.30536992
   0.13053349]","[-12.12309661   0.3065349   -5.1560447  -60.50722803  -1.29221591
   0.07091696]","[-5.74824145e-01  2.52390989e-02  6.24456891e+01  3.78952898e+01
 -1.28625741e+00  1.97755831e-01]",007,FW
31,0,0.627205114346715,0,"[-1.83513628e+00  4.25814407e-02  2.60256154e+01  4.97605509e+01
 -4.39642973e-01  9.72009682e-01]","[ 6.91436797e-01  2.43621090e-02 -6.44795997e+01  4.65835679e+01
 -1.24471894e+00 -2.83526698e-01]",[-1.48879753  1.38275077 -1.14327918  0.29788878 -1.31892149  0.0406441 ],"[-74.21315628   2.34197222   0.67247946  51.90682322  -1.30797479
   0.21139816]","[-6.32377294e-01  3.69657221e-02 -4.23911557e+01 -2.48072043e+01
 -1.23683971e+00  3.28275359e-01]","[  2.82172625   0.15631488  10.11046802 -26.52897303  -1.3139579
   0.07268337]","[-1.23141589e+01  2.94578137e-01 -5.36634907e+00 -6.40820754e+01
 -1.28817871e+00  5.04485675e-02]","[-5.58084011e-01  2.82753064e-02  5.58249989e+01  3.31550393e+01
 -1.29922132e+00  1.43550555e-01]",007,FW
32,0,0.627205114346715,0,[-1.80036345  0.08601311 17.23340879 33.02639929 -0.90258094  0.7734754 ],"[ 6.74610119e-01  2.90573714e-02 -5.41522796e+01  3.85316758e+01
 -1.26378902e+00 -2.43836713e-01]",[-2.33210388  1.32112815 -1.19581991 -0.78877625 -1.31006719  0.09930849],"[-72.69544484   2.59261195   0.60935972  46.29767563  -1.32602481
   0.0939544 ]","[-6.52847275e-01  2.86833320e-02 -5.42640245e+01 -3.34261205e+01
 -1.18519631e+00  4.28994860e-01]","[ 2.92072246e+00  1.60971787e-01  9.82194502e+00 -2.66871754e+01
 -1.31832893e+00  1.65672975e-02]","[-1.25001303e+01  2.88477117e-01 -5.48081114e+00 -6.65108534e+01
 -1.28581563e+00  1.37326889e-02]","[-5.39663038e-01  3.06021501e-02  5.16291274e+01  2.98623318e+01
 -1.30799946e+00  9.46925343e-02]",007,FW
33,0,0.627205114346715,0,[-1.73441498  0.1327856  11.63146819 22.17379273 -1.14507784  0.51008991],"[ 6.54915752e-01  3.36551717e-02 -4.68298562e+01  3.26696105e+01
 -1.28254248e+00 -1.98589617e-01]",[-3.12504857  1.21591192 -1.29787936 -2.05593605 -1.29716168  0.1530414 ],"[-7.10625325e+01  2.68355564e+00  5.89160270e-01  4.38672209e+01
 -1.32537522e+00  5.85713381e-03]","[-6.68043753e-01  2.03945674e-02 -7.51561131e+01 -4.82075719e+01
 -1.07717634e+00  5.84680133e-01]","[  3.02063996   0.15954227   9.90866812 -27.93051892  -1.31879323
  -0.0423898 ]","[-1.26847121e+01  2.89714117e-01 -5.45719044e+00 -6.72228896e+01
 -1.28683792e+00 -2.72407472e-02]","[-5.20059583e-01  3.20748142e-02  4.92853662e+01  2.76313270e+01
 -1.31361272e+00  4.74286128e-02]",007,FW
34,0,0.627205114346715,0,[-1.63916544  0.17681007  8.84894644 16.50488719 -1.23867071  0.35070703],"[ 6.32570971e-01  3.77173139e-02 -4.18462776e+01  2.84707404e+01
 -1.29977370e+00 -1.47038832e-01]",[-3.84408666  1.0802453  -1.45871829 -3.6074395  -1.28148843  0.20410463],"[-6.94069192e+01  2.63863819e+00  5.99020025e-01  4.35761345e+01
 -1.31612437e+00 -6.18895647e-02]","[-6.78015160e-01  1.24778392e-02 -1.16964141e+02 -7.73034610e+01
 -8.00368805e-01  8.48908729e-01]","[  3.11746274   0.15160014  10.41881612 -30.48027106  -1.31428621
  -0.11011066]","[-1.28713999e+01  2.97094184e-01 -5.32084372e+00 -6.64867075e+01
 -1.29351600e+00 -5.24552839e-02]","[-4.99851527e-01  3.25703067e-02  4.85443077e+01  2.62649463e+01
 -1.31608327e+00 -5.93484206e-04]",007,FW
35,0,0.5142375517830596,0,[-1.51788455  0.21494254  7.32073975 13.11203774 -1.28378507  0.23928109],"[  0.60807092   0.04075711 -38.76767649  25.5734966   -1.31317622
  -0.08949257]",[-4.47301459  0.92609911 -1.69805248 -5.59541353 -1.26283039  0.25768177],"[-67.80366322   2.49239867   0.63370575  44.96757114  -1.30382755
  -0.11419215]","[-6.82994747e-01  5.80532514e-03 -1.76887460e+02 -1.18813206e+02
 -4.24111678e-01  9.74242836e-01]","[  3.20694487   0.13690369  11.5117164  -34.91743981  -1.30030227
  -0.19582695]","[-1.30619284e+01  3.06188367e-01 -5.16303977e+00 -6.54392559e+01
 -1.30620196e+00 -4.59257366e-02]","[-4.79675260e-01  3.20116086e-02  4.93810065e+01  2.56868472e+01
 -1.31496381e+00 -5.10444020e-02]",007,FW
36,0,0.5142375517830596,0,[-1.37526144  0.24458874  6.45196896 10.87314414 -1.30711155  0.15148003],"[ 5.82172630e-01  4.23507198e-02 -3.73306136e+01  2.37328615e+01
 -1.32023753e+00 -2.79281467e-02]",[-5.00168971  0.76199295 -2.05697904 -8.28837088 -1.23713612  0.32427643],"[-66.30679371   2.28081443   0.6918846   47.87664957  -1.29151057
  -0.15514394]","[-6.83410229e-01  4.96072055e-03  2.02421880e+02  1.40337183e+02
 -6.39777088e-01  7.95738089e-01]","[  3.2847792    0.11552579  13.56892565 -42.5709247   -1.2638139
  -0.31532701]","[-1.32548174e+01  3.10167523e-01 -5.09749910e+00 -6.55664199e+01
 -1.32056686e+00 -2.33821403e-03]","[-4.60192345e-01  3.03878420e-02  5.19834032e+01  2.59223642e+01
 -1.30944846e+00 -1.05579173e-01]",007,FW
37,0,0.5142375517830596,0,[-1.2171803   0.26390411  5.98813317  9.28863774 -1.31756912  0.07765816],"[ 5.55815870e-01  4.22664529e-02 -3.74038961e+01  2.27896790e+01
 -1.31946951e+00  3.43157535e-02]","[ -5.42379701   0.59228877  -2.62855396 -12.25674308  -1.19017808
   0.42471067]","[-64.95006846   2.03413888   0.77506368  52.34043883  -1.28020699
  -0.18900381]","[-6.79893457e-01  9.41419199e-03  1.58904141e+02  1.10037886e+02
 -1.02539015e+00  6.90072758e-01]","[  3.34684536   0.08812597  17.53003228 -56.67030727  -1.16564527
  -0.50022469]","[-13.44451623   0.30164242  -5.23861423 -68.43063403  -1.32810362
   0.07815093]","[-4.42046782e-01  2.77645836e-02  5.68175811e+01  2.71160289e+01
 -1.29809141e+00 -1.66452866e-01]",007,FW
38,0,0.3424657107324009,0,[-1.05024241  0.27216375  5.80922569  8.10109518 -1.31944192  0.01392171],"[  0.52998888   0.04055055 -38.96329872  22.65011523  -1.31116767
   0.09311439]","[ -5.73443301   0.41845854  -3.65094537 -18.93610165  -1.07157624
   0.60336903]","[-63.75099208   1.77359725   0.88799365  58.61047639  -1.26954158
  -0.22048304]","[-6.73277834e-01  1.33366144e-02  1.17098229e+02  8.08396420e+01
 -1.27570205e+00  3.60217618e-01]","[ 3.38952829e+00  5.65241248e-02  2.58509069e+01 -8.56223804e+01
 -8.63075222e-01 -8.11301860e-01]","[-13.62148197   0.27465117  -5.73623535 -76.1360264   -1.31550199
   0.20017517]","[-4.25818617e-01  2.42832750e-02  6.48089334e+01  2.95968504e+01
 -1.27811782e+00 -2.37232598e-01]",007,FW
39,0,0.3424657107324009,0,[-0.8811238   0.26986384  5.85805761  7.16167398 -1.3155706  -0.04160203],"[ 5.05570428e-01  3.75282354e-02 -4.20608805e+01  2.32647374e+01
 -1.29743137e+00  1.43856419e-01]","[ -5.92822265   0.2445612   -5.71520356 -31.88099917  -0.68406104
   0.92413218]","[-62.7165037    1.51102334   1.04085154  67.27856971  -1.25806806
  -0.25597233]","[-6.64573515e-01  1.57099981e-02  1.00434908e+02  6.87463797e+01
 -1.34627508e+00  1.42249716e-01]","[ 3.41006189e+00  2.74489497e-02  3.07135226e+01 -1.02735013e+02
 -7.56066545e-01 -7.32182102e-01]","[-13.77321787   0.22621308  -6.89353504 -92.94616003  -1.25111652
   0.38598065]","[-4.11981164e-01  2.01509104e-02  7.77757005e+01  3.40421236e+01
 -1.24385796e+00 -3.24196756e-01]",007,FW
40,0,0.4509801845392059,0,[-0.71594593  0.25847278  6.11308554  6.37663873 -1.30812172 -0.0904208 ],"[ 4.83190141e-01  3.37235388e-02 -4.67614636e+01  2.45946782e+01
 -1.28175642e+00  1.81188417e-01]",[-5.99833897  0.12376794 -1.60308624 -7.61585469 -1.66726897  0.27576091],"[-61.84913259   1.24934262   1.25576555  79.66800982  -1.24186565
  -0.30737794]","[-6.54916431e-01  1.62637313e-02  9.71778867e+01  6.56433947e+01
 -1.35757331e+00 -3.62041425e-02]","[ 3.40682163e+00  3.39872021e-02 -3.36260584e+01  1.16557983e+02
 -4.42415116e-01 -9.79639433e-01]","[ -13.88596192    0.15778348   -9.48864522 -129.75896617   -1.01609352
    0.69385299]","[-4.00868849e-01  1.56215959e-02  9.95401461e+01  4.19025438e+01
 -1.18208468e+00 -4.39877589e-01]",007,FW
41,0,0.6537369875114428,0,[-0.55984552  0.23994717  6.57977968  5.68366016 -1.29868879 -0.13475008],"[ 4.63142140e-01  2.97397751e-02 -5.29991279e+01  2.65461295e+01
 -1.26846267e+00  1.98369712e-01]",[-5.93643113  0.23984687  5.49897746 34.64430094 -0.48000655  1.03304876],"[-61.15289848   0.98322776   1.58616434  98.99854708  -1.20666608
  -0.40041513]","[-6.45497339e-01  1.49571352e-02  1.05218165e+02  6.99180457e+01
 -1.32652428e+00 -2.21805807e-01]","[ 3.37948133e+00  6.70057584e-02 -2.22341942e+01  7.71400443e+01
 -9.41600168e-01 -7.44041403e-01]","[-1.39465239e+01  8.27933477e-02 -1.27328154e+01 -1.75578514e+02
 -5.77079952e-01  8.50275159e-01]","[-3.92660129e-01  1.09765109e-02  1.39152690e+02  5.66397132e+01
 -1.05513123e+00 -6.12066911e-01]",007,FW
42,0,0.4368520543632153,0,[-0.41683211  0.21620307  7.29427361  5.04048748 -1.2878579  -0.1785053 ],"[ 4.45366362e-01  2.61481738e-02 -6.03006967e+01  2.88559019e+01
 -1.26163818e+00  1.87278626e-01]",[-5.73328494  0.4539585   3.30925091 20.97287843 -0.9462541   0.72276728],"[-60.63825825   0.7020998    2.17689781 134.00329165  -1.09173666
  -0.59193999]","[-6.37485465e-01  1.19351807e-02  1.29641862e+02  8.46448030e+01
 -1.21339074e+00 -4.68623011e-01]","[  3.32897368   0.1011562  -15.31161735  52.97197113  -1.17184394
  -0.47844082]","[-1.39438172e+01  8.82919185e-02  1.10957713e+01  1.56717407e+02
 -4.88404084e-01  9.23386316e-01]","[-3.87376174e-01  6.53240519e-03  2.20345384e+02  8.73565518e+01
 -7.35769503e-01 -8.95153760e-01]",007,FW
43,0,0.4368520543632153,0,[-0.28990282  0.18872283  8.34248536  4.41851006 -1.27428899 -0.22819005],"[ 4.29491344e-01  2.34098107e-02 -6.74336888e+01  3.09621857e+01
 -1.26277130e+00  1.41525045e-01]",[-5.37996505  0.69304429  2.22781749 13.98558026 -1.12094338  0.52131667],"[-60.32529987   0.40576193   3.33191812 202.99895997  -0.64743164
  -0.92727044]","[-6.31960191e-01  7.61454948e-03  1.86673515e+02  1.19970230e+02
 -8.11929862e-01 -8.45539848e-01]","[  3.25725668   0.13216446 -11.85735596  40.62245192  -1.25168657
  -0.3232667 ]","[-13.86986231   0.18921103   7.70478143 108.8642575   -0.80624135
   0.84652569]","[-3.84893577e-01  2.93541923e-03  2.95215080e+02  1.15626388e+02
 -6.10411912e-01 -8.45203090e-01]",007,FW
44,0,0.7254682156591512,0,[-0.18130844  0.15842345  9.90912602  3.79660823 -1.25302225 -0.29405509],"[ 4.14920562e-01  2.18265220e-02 -7.24127599e+01  3.20455430e+01
 -1.26828107e+00  6.46604933e-02]",[-4.86917419  0.94535995  1.65010257 10.03463684 -1.19699529  0.40059623],"[-60.24434762   0.25437464  -1.06138355 -61.94235953  -1.53790546
  -0.35691345]","[-6.29855240e-01  4.09804943e-03  6.19350868e+01  4.10101390e+01
 -1.64234163e+00 -2.68029602e-01]",[ 3.16695684  0.15877077 -9.91658649 33.40540146 -1.28300593 -0.2255884 ],"[-13.72026139   0.30703197   4.99901259  70.58775945  -1.09410327
   0.57025086]","[-3.84968847e-01  3.08760345e-03 -3.71862696e+02 -1.41155553e+02
 -5.37597418e-01 -9.02955811e-01]",007,FW
45,0,0.8317207957285504,0,[-0.09283566  0.1258101  12.40263997  3.15140729 -1.21071064 -0.39325204],"[ 4.00945473e-01  2.15007427e-02 -7.35313519e+01  3.14820627e+01
 -1.27275206e+00 -2.25356085e-02]",[-4.1966724   1.20314112  1.30322662  7.46921518 -1.23802748  0.31823922],"[ -60.43324547    0.58228715   -2.34434431 -139.67633532   -0.52519945
   -1.02204931]","[-6.31911604e-01  7.98198386e-03 -1.62730143e+02 -1.00831066e+02
 -4.50175558e-01 -1.04577625e+00]",[ 3.06098277  0.18073806 -8.72971866 28.72151838 -1.29563885 -0.16072984],"[-13.49423726   0.42583611   3.66091598  51.40126886  -1.20348149
   0.40609517]","[-3.87272364e-01  5.76444669e-03 -2.61472164e+02 -9.92609432e+01
 -1.04147359e+00 -6.65047533e-01]",007,FW
46,0,0.8317207957285504,0,[-0.0259884   0.09135353 16.81661232  2.4370368  -1.107404   -0.55939435],"[ 3.86873832e-01  2.23024666e-02 -7.08485053e+01  2.94094328e+01
 -1.27683205e+00 -9.01052405e-02]",[-3.362702    1.45758395  1.07899269  5.62833087 -1.26377763  0.25532056],"[-60.93126066   1.08002162  -1.39359589 -82.91355463  -0.94929195
  -0.71617063]","[-6.38632607e-01  1.51797592e-02 -9.88185146e+01 -6.11087256e+01
 -9.50519528e-01 -7.25104428e-01]",[ 2.94218674  0.1984105  -7.96024414 25.42052477 -1.3005185  -0.11644369],"[-13.19435036   0.53892024   2.91203489  40.42240864  -1.25369565
   0.29940554]","[-3.91429022e-01  8.21971955e-03 -1.89724883e+02 -7.22638255e+01
 -1.23577733e+00 -3.91164047e-01]",007,FW
47,0,0.8317207957285504,0,"[ 1.79917610e-02  5.62255882e-02  2.57503815e+01  1.53670529e+00
 -7.98124396e-01 -8.54766324e-01]","[ 3.72158084e-01  2.38748706e-02 -6.61517338e+01  2.66189025e+01
 -1.28546162e+00 -1.18957547e-01]",[-2.37332217  1.69818407  0.92796384  4.20235714 -1.2816502   0.20263369],"[-61.77071207   1.63941538  -0.94194329 -56.18450766  -1.12505638
  -0.51878766]","[-6.50238694e-01  2.28787906e-02 -6.76173330e+01 -4.19674063e+01
 -1.15178071e+00 -4.95559145e-01]",[ 2.81313016  0.21240741 -7.43948389 22.92823651 -1.30218405 -0.08561279],"[-12.82600941   0.64161137   2.45422597  33.47792544  -1.27964368
   0.22327523]","[-3.97062134e-01  1.01624698e-02 -1.54812279e+02 -5.94700941e+01
 -1.28678683e+00 -2.42056408e-01]",007,FW
48,0,0.8317207957285504,0,"[ 3.82653546e-02  2.64637983e-02  2.95727881e+01  8.68386777e-01
 -8.24927866e-01 -6.99103773e-01]","[ 3.56499628e-01  2.57022316e-02 -6.14587919e+01  2.39100364e+01
 -1.29894973e+00 -1.08819953e-01]",[-1.24145827  1.913031    0.82488572  3.02406119 -1.29466824  0.15530161],"[-62.96832227   2.21669708  -0.70435508 -42.35205782  -1.21253593
  -0.38538855]","[-6.66629164e-01  3.02564402e-02 -5.17253911e+01 -3.24816542e+01
 -1.23998247e+00 -3.46405329e-01]",[ 2.67597797  0.22339414 -7.07548535 20.93384295 -1.30259419 -0.06367376],"[-12.39685725   0.7306129    2.15927672  28.76824521  -1.29361159
   0.16559602]","[-4.03835870e-01  1.16389390e-02 -1.35565626e+02 -5.27462625e+01
 -1.29838737e+00 -1.59036638e-01]",007,FW
49,0,0.676624395543422,0,"[ 3.46421153e-02  3.37419385e-02 -3.49208247e+01  3.20973123e+00
 -4.55088557e-01 -9.82173979e-01]","[ 3.39904940e-01  2.72258604e-02 -5.80504425e+01  2.17316322e+01
 -1.31225791e+00 -7.01958721e-02]",[ 0.01257266  2.08977031  0.75584831  1.99049697 -1.30403178  0.11071272],"[-64.51846335   2.76736273  -0.56752572 -34.61588753  -1.26250392
  -0.28351073]","[-6.87365636e-01  3.66954611e-02 -4.28849053e+01 -2.74776102e+01
 -1.28455576e+00 -2.37026425e-01]",[ 2.53251169  0.2319347  -6.81593842 19.26144375 -1.30268945 -0.04740992],"[-11.91608726   0.80397566   1.96432819  25.40710607  -1.30103713
   0.12033556]","[-4.11489226e-01  1.27837662e-02 -1.23549390e+02 -4.88392429e+01
 -1.29782342e+00 -1.15833451e-01]",007,FW
50,0,0.676624395543422,0,"[ 7.84690759e-03  6.49782654e-02 -2.30448046e+01  2.18083045e+00
 -9.77181078e-01 -7.15199885e-01]","[ 3.22678825e-01  2.79731709e-02 -5.65203505e+01  2.02379203e+01
 -1.32009501e+00 -1.48874797e-02]",[ 1.36125781  2.21702874  0.71290544  1.02955189 -1.31021617  0.06749426],"[-66.38986699   3.24681986  -0.48537097 -30.22371392  -1.2921628
  -0.19941507]","[ -0.71168968   0.04168644 -37.85819758 -24.94328839  -1.30800366
  -0.14897518]",[ 2.38423888  0.2383766  -6.63232377 17.81304423 -1.30310513 -0.03401367],"[-11.39380738   0.86087008   1.83562412  22.91474759  -1.30496561
   0.08369101]","[-4.19853860e-01  1.37561618e-02 -1.14851954e+02 -4.62210361e+01
 -1.29438856e+00 -9.82810482e-02]",007,FW
51,0,0.676624395543422,0,"[ -0.04027983   0.09578898 -16.2127719    1.34695225  -1.19995577
  -0.44552006]","[ 3.05353924e-01  2.76589025e-02 -5.71524867e+01  1.94517361e+01
 -1.31974555e+00  4.82368321e-02]",[ 2.77086903  2.28583379  0.69166603  0.08348402 -1.31348821  0.02478377],"[-68.52634997   3.6164327   -0.43662031 -27.91999642  -1.30913383
  -0.12660391]","[ -0.73857461   0.04485271 -35.23489868 -24.02360152  -1.31951096
  -0.07264185]",[ 2.23259002  0.2427134  -6.51420072 16.54353952 -1.30439225 -0.02029484],"[-10.84065563   0.9009433    1.75458374  21.02083805  -1.30740077
   0.0522147 ]","[-4.28851867e-01  1.46958898e-02 -1.07512527e+02 -4.41069479e+01
 -1.29161007e+00 -9.55900193e-02]",007,FW
52,0,0.676624395543422,0,"[ -0.10669854   0.1215751  -12.91938372   0.62152067  -1.28129881
  -0.27678431]","[ 2.88575975e-01  2.62241437e-02 -6.02272310e+01  1.93801319e+01
 -1.31092158e+00  1.13901625e-01]",[ 4.20310976  2.29054491  0.69025834 -0.90123155 -1.31403139 -0.0183355 ],"[-7.08512775e+01  3.84845516e+00 -4.10710069e-01 -2.70993331e+01
 -1.31750489e+00 -6.12262559e-02]","[-7.66800202e-01  4.59607963e-02 -3.44002632e+01 -2.43781288e+01
 -1.32325063e+00 -1.37359524e-03]","[ 2.07919584e+00  2.44432333e-01 -6.46858644e+00  1.54494580e+01
 -1.30683259e+00 -2.32222230e-03]","[-10.26784058   0.92339956   1.71222079  19.5808101   -1.30956072
   0.02197959]","[-4.38475419e-01  1.56930025e-02 -1.00676825e+02 -4.21443129e+01
 -1.29066479e+00 -9.85046542e-02]",007,FW
53,0,0.676624395543422,0,"[ -0.18722241   0.14010883 -11.26157483  -0.10841923  -1.31603531
  -0.15434754]","[ 2.72981839e-01  2.38052090e-02 -6.62417065e+01  2.00827829e+01
 -1.29456800e+00  1.80223036e-01]",[ 5.61714973  2.2290883   0.70907795 -1.98299702 -1.31182593 -0.06324004],"[-7.32747529e+01  3.92847824e+00 -4.02467838e-01 -2.74907314e+01
 -1.31948848e+00 -5.11839767e-04]","[ -0.79503923   0.04491578 -35.1861231  -25.97434806  -1.32030764
   0.07069694]",[ 1.9262082   0.24243833 -6.52144722 14.56166508 -1.30996249  0.02429115],"[-9.68762184e+00  9.26190657e-01  1.70710265e+00  1.85377649e+01
 -1.31173847e+00 -1.15251192e-02]","[-4.48753687e-01  1.67735526e-02 -9.41891511e+01 -4.02677288e+01
 -1.29187952e+00 -9.98490742e-02]",007,FW
54,0,0.676624395543422,0,"[ -0.27669748   0.14990968 -10.5439868   -0.91749461  -1.33028858
  -0.05159258]","[ 2.59106759e-01  2.06532953e-02 -7.61646825e+01  2.17347840e+01
 -1.27120983e+00  2.49181123e-01]",[ 6.97168563  2.10261055  0.75120558 -3.23716913 -1.30640655 -0.11213882],"[-7.57016868e+01  3.85525855e+00 -4.10000586e-01 -2.90377359e+01
 -1.31628667e+00  5.79775525e-02]","[ -0.82195047   0.04176271 -37.78835437 -29.06015555  -1.30898853
   0.1494268 ]",[ 1.7765854   0.23516792 -6.72109306 13.94059582 -1.31209094  0.06385002],[-9.11405634  0.90574046  1.74525086 17.90631471 -1.3130923  -0.05323322],"[-4.59713352e-01  1.78979888e-02 -8.82783868e+01 -3.85827531e+01
 -1.29533343e+00 -9.48271681e-02]",007,FW
55,0,0.676624395543422,0,"[ -0.36928854   0.15011112 -10.53019039  -1.88867861  -1.33141378
   0.04688154]","[ 2.47341387e-01  1.70393185e-02 -9.19605223e+01  2.47456432e+01
 -1.23818642e+00  3.28699453e-01]",[ 8.22673517  1.91485357  0.82378674 -4.77707535 -1.29638801 -0.16867052],"[-78.03879516   3.63813878  -0.43410024 -31.87665986  -1.30844579
   0.11740586]","[-8.46271861e-01  3.66969725e-02 -4.28737218e+01 -3.42828243e+01
 -1.28451549e+00  2.41966424e-01]",[ 1.63424501  0.22092608 -7.14807885 13.68171221 -1.30991368  0.12074105],[-8.56369247  0.85742044  1.84221983 17.77620407 -1.31126576 -0.10879824],"[-4.71339771e-01  1.89676769e-02 -8.33160174e+01 -3.72701525e+01
 -1.30069141e+00 -8.06973472e-02]",007,FW
56,0,0.6657326580272253,0,"[ -0.45884556   0.14050257 -11.229969    -3.15282141  -1.31837849
   0.15372873]","[ 2.37938817e-01  1.31801759e-02 -1.17997072e+02  3.00760836e+01
 -1.18252067e+00  4.38035811e-01]",[ 9.34506903  1.67158519  0.94140633 -6.79750717 -1.27827945 -0.23911467],"[-80.19948471   3.29275239  -0.47885241 -36.40371683  -1.29511891
   0.18316763]","[-8.66902357e-01  3.00606800e-02 -5.20111213e+01 -4.30885636e+01
 -1.23582915e+00  3.60936983e-01]",[ 1.50400673  0.19835342 -7.94405259 13.94790857 -1.29746332  0.20125747],[-8.05584869  0.77668169  2.02980256 18.3517823  -1.30112697 -0.18615157],"[-4.83546334e-01  1.98403753e-02 -7.96719594e+01 -3.65250839e+01
 -1.30682859e+00 -5.65315970e-02]",007,FW
57,0,0.6657326580272253,0,"[ -0.53931775   0.12161396 -12.90931718  -4.96222388  -1.28137653
   0.28492596]","[ 2.31052759e-01  9.22063804e-03 -1.65346409e+02  4.02037439e+01
 -1.05414236e+00  6.20635878e-01]",[10.29336739  1.38039839  1.13455805 -9.67842286 -1.24315046 -0.33514479],"[-82.10642703   2.83659632  -0.55413535 -43.49807354  -1.27185071
   0.26499311]","[-8.82961381e-01  2.23132094e-02 -6.90247717e+01 -5.89462078e+01
 -1.12954472e+00  5.35138387e-01]",[ 1.39129937  0.1668749  -9.39225601 15.06743985 -1.26165819  0.31823626],[-7.61220103  0.66057416  2.37505299 20.07938085 -1.2702596  -0.29968829],"[-4.96158348e-01  2.03578005e-02 -7.76631090e+01 -3.65331999e+01
 -1.31195912e+00 -2.30537524e-02]",007,FW
58,0,0.6657326580272253,0,"[ -0.60517658   0.09480589 -16.34161338  -7.88956164  -1.18810869
   0.47010947]","[ 2.26779653e-01  5.33052633e-03 -2.61637459e+02  6.13340522e+01
 -6.62029044e-01  9.38617301e-01]","[ 11.04328223   1.05128005   1.4733212  -14.27030186  -1.16533763
  -0.4808315 ]","[-83.69201908   2.28661229  -0.68282203 -55.14675433  -1.22443043
   0.38159697]","[-8.93820628e-01  1.40473343e-02 -1.04027467e+02 -9.09818962e+01
 -8.38977119e-01  8.25358318e-01]","[  1.3016648    0.12707998 -12.15499998  17.82173558  -1.16404433
   0.50173081]",[-7.2555703   0.50958879  3.03707637 24.03572111 -1.18102648 -0.48077486],"[-5.08914789e-01  2.03813125e-02 -7.75744080e+01 -3.74787635e+01
 -1.31432440e+00  1.79653779e-02]",007,FW
59,0,0.4580503895880483,0,"[ -0.65181136   0.06253424 -23.63890317 -13.40810562  -0.91752581
   0.76909183]","[ 2.25185672e-01  2.60409363e-03 -9.56148213e+01  2.35310878e+01
 -1.61410159e+00  3.02282318e-01]","[ 11.57258529   0.69924386   2.13965709 -22.76136421  -0.95552335
  -0.72822078]","[-84.89740866   1.6609326   -0.92278249 -76.34184244  -1.10414487
   0.57350057]","[-8.99109628e-01  6.69673159e-03 -1.36299922e+02 -1.20548572e+02
 -6.27156054e-01  8.20243547e-01]","[  1.24013231   0.08141393 -17.94274372  24.25137625  -0.86169557
   0.81226673]",[-7.00794496  0.33124671  4.42819931 33.03257706 -0.89029134 -0.79208594],"[-5.21487796e-01  1.98237249e-02 -7.97311169e+01 -3.95788044e+01
 -1.31272936e+00  6.47355227e-02]",007,FW
60,0,0.6566624876484324,0,"[-6.75851186e-01  3.10749696e-02 -3.23000795e+01 -1.98300470e+01
 -5.49593783e-01  8.72151874e-01]","[ 2.26311945e-01  4.72145811e-03  2.79808386e+02 -6.13239800e+01
 -5.22098595e-01  1.00425652e+00]","[ 11.8664554    0.36071242   3.34819984 -37.73126403  -0.43733021
  -1.00868311]","[ -85.6712034     0.99404682   -1.41843432 -119.51897483   -0.72104683
    0.90330378]","[-8.98702304e-01  7.52356103e-03  1.46993564e+02  1.34103455e+02
 -4.64312082e-01  9.51664817e-01]","[  1.21055349   0.03950673 -21.31531849  27.80333315  -0.75584261
   0.73246876]",[-6.88789142  0.1632103   5.24975599 38.15974922 -0.75640018 -0.72694754],"[-5.33515774e-01  1.86655111e-02 -8.46139538e+01 -4.31428791e+01
 -1.30643743e+00  1.16401621e-01]",007,FW
61,0,0.6566624876484324,0,[-0.67535881  0.03207586 32.06912189 23.65816396 -0.50602348  0.90808538],"[ 2.30155852e-01  8.65247298e-03  1.74660856e+02 -3.81992181e+01
 -1.00652212e+00  6.76134230e-01]",[11.91879065  0.25637274 -2.73082511 34.5481328  -0.98350842 -0.60474275],"[-85.96901888   0.49515273  -0.62917458 -52.08952163  -1.56791339
   0.3166035 ]","[-8.92697357e-01  1.49606035e-02  9.93817014e+01  9.07177821e+01
 -9.31709547e-01  7.52733882e-01]","[  1.21499626   0.04846229  23.58586465 -26.65673736  -0.45405734
   0.97071408]","[ -6.90766857   0.20312542  -5.57045661 -36.47886805  -0.4363076
  -0.98146734]","[-5.44641455e-01  1.69512686e-02 -9.30437346e+01 -4.86754750e+01
 -1.29462131e+00  1.73780665e-01]",007,FW
62,0,0.6566624876484324,0,[-0.64986824  0.06526104 22.6236525  16.70239317 -0.89692091  0.78210282],"[ 2.36628306e-01  1.26238859e-02  1.23011894e+02 -2.71080962e+01
 -1.18442804e+00  4.51916412e-01]",[11.73334682  0.53455032 -2.70419079 33.72920838 -0.81116859 -0.84760323],"[-85.75478427   0.9026927    1.44235247 125.68862501  -0.47556894
   1.0280907 ]","[-8.81403784e-01  2.26928544e-02  6.82248939e+01  6.21336797e+01
 -1.16927195e+00  4.82745636e-01]","[  1.25330174   0.09428375  15.83576381 -17.84699033  -0.96690104
   0.72671097]","[ -7.07059226   0.40102699  -3.71070408 -24.23687556  -0.94204672
  -0.74631262]","[-5.54544774e-01  1.47716392e-02 -1.06528862e+02 -5.70750236e+01
 -1.27536493e+00  2.40301775e-01]",007,FW
63,0,0.4866549605218216,0,[-0.60027734  0.1006714  15.35277223 11.21592124 -1.15821221  0.49982204],"[ 2.45491924e-01  1.61859325e-02  9.69234122e+01 -2.17939150e+01
 -1.26564857e+00  3.02353727e-01]",[11.32444418  0.85460198 -1.80237837 22.41093328 -1.14255818 -0.5291326 ],"[-85.00425069   1.69862656   0.88538999  77.26191261  -0.9683587
   0.70913116]","[-8.65329915e-01  2.96643147e-02  5.28284025e+01  4.77139971e+01
 -1.25401996e+00  3.22656052e-01]","[  1.32289916   0.13933609  11.1455163  -12.74439418  -1.2054799
   0.44361012]","[ -7.36935451   0.60045668  -2.58223516 -17.02940629  -1.19193921
  -0.46229337]","[-5.62964713e-01  1.22412619e-02 -1.28034339e+02 -7.00788150e+01
 -1.24331066e+00  3.23805791e-01]",007,FW
64,0,0.4866549605218216,0,[-0.52863376  0.13290495 11.78352866  8.22917107 -1.24854615  0.33407341],"[ 2.56290813e-01  1.89036089e-02  8.34142534e+01 -1.93783068e+01
 -1.31462400e+00  1.76238395e-01]",[10.71695734  1.13940364 -1.37399144 16.72500766 -1.25341497 -0.33771849],"[-83.71053053   2.54030679   0.60955362  53.02605669  -1.15669236
   0.48627905]","[-8.45163187e-01  3.54751527e-02  4.43962901e+01  3.95221100e+01
 -1.29043056e+00  2.15882680e-01]","[  1.41894277   0.17599841   8.92871254 -10.66933212  -1.28922448
   0.26525636]","[ -7.78588986   0.76696025  -2.04737303 -13.94062092  -1.28302238
  -0.28105645]","[-5.69709874e-01  9.48268623e-03 -1.63960192e+02 -9.14097406e+01
 -1.18323364e+00  4.40677524e-01]",007,FW
65,0,0.4866549605218216,0,[-0.43787354  0.16017466  9.82892727  6.30382713 -1.28596716  0.22674308],"[ 2.68290148e-01  2.02676136e-02  7.79844371e+01 -1.89224562e+01
 -1.34489488e+00  4.56561328e-02]",[ 9.94546362  1.36587361 -1.15323113 13.46941822 -1.29833128 -0.21051442],"[-81.89094387   3.34845906   0.4674619   40.28089645  -1.23893894
   0.34443758]",[-0.82173214  0.03989287 39.57238789 34.51790299 -1.30709614  0.13690223],"[  1.53477018   0.20106162   7.85057773 -10.04883261  -1.3207556
   0.13827579]","[ -8.29296277   0.8843201   -1.7843654  -12.79767583  -1.31856218
  -0.15112122]","[-5.74660065e-01  6.62429545e-03 -2.30011217e+02 -1.30178261e+02
 -1.04719792e+00  6.26682994e-01]",007,FW
66,0,0.4866549605218216,0,[-0.33157307  0.18152256  8.69430069  4.88279599 -1.3035861   0.14911259],"[ 2.80452616e-01  1.97734544e-02  7.98505244e+01 -2.03942885e+01
 -1.35014596e+00 -1.11977454e-01]",[ 9.05264935  1.52034037 -1.03881528 11.40403051 -1.31811857 -0.11356846],"[-79.5937122    4.06053298   0.387529    32.84487205  -1.28311889
   0.23895318]",[-0.79595281  0.04280885 36.91723449 31.38437651 -1.31391953  0.07432613],"[  1.66259983   0.21317434   7.41564804 -10.32925521  -1.32947447
   0.0374435 ]","[ -8.85714778   0.94475557  -1.67313474 -12.81920167  -1.32938426
  -0.04796644]","[-5.77762227e-01  3.83875787e-03 -3.66150841e+02 -2.09548125e+02
 -6.66766799e-01  9.38819183e-01]",007,FW
67,0,0.4866549605218216,0,[-0.21375487  0.19634094  8.04787266  3.72027195 -1.31254646  0.08674088],"[ 2.91481077e-01  1.70797822e-02  9.15952261e+01 -2.46982752e+01
 -1.29714807e+00 -3.30268792e-01]",[ 8.08710616  1.59461736 -0.99141206 10.01765459 -1.32540504 -0.03057633],"[-76.90221905   4.61437801   0.34200308  28.3007954   -1.30908168
   0.14972691]","[-7.68765362e-01  4.42323812e-02  3.57439554e+01  2.94787148e+01
 -1.31512320e+00  2.25920066e-02]","[  1.79433008   0.21245876   7.44007413 -11.34994883  -1.32553839
  -0.05007312]","[ -9.44251761   0.94751988  -1.66836315 -13.75354841  -1.32677651
   0.04135273]","[-5.79024719e-01  1.76792260e-03 -2.55114394e+02 -1.45717540e+02
 -1.34277151e+00  4.38691256e-01]",007,FW
68,0,0.4866549605218216,0,[-0.08877594  0.20415094  7.74413659  2.68749297 -1.31705547  0.0308957 ],"[ 2.99944545e-01  1.22423382e-02  1.22370613e+02 -3.47043979e+01
 -1.05053967e+00 -6.73205997e-01]",[ 7.10061721  1.58559516 -0.99694219  9.07890487 -1.32409605  0.04807322],"[-7.39346075e+01  4.95378689e+00  3.19040517e-01  2.55881354e+01
 -1.32323169e+00  6.69765056e-02]","[-7.41066150e-01  4.42830925e-02  3.57034561e+01  2.84586227e+01
 -1.31270057e+00 -2.09507726e-02]","[  1.92230493   0.20021324   7.88547136 -13.15828049  -1.31219797
  -0.13237327]","[-10.0142393    0.89732246  -1.75966112 -15.62166751  -1.31454902
   0.12586682]","[-5.78513280e-01  2.75465150e-03  4.69863055e+02  2.73822017e+02
 -5.34695704e-01  9.79640480e-01]",007,FW
69,0,0.4866549605218216,0,[ 0.03868982  0.2044603   7.73258102  1.70082781 -1.31858379 -0.02535734],"[ 3.04477397e-01  6.53421833e-03  1.52656595e+02 -4.44804828e+01
 -6.56692723e-01 -7.81840286e-01]",[ 6.14510123  1.49534265 -1.05584442  8.48827087 -1.31407326  0.12979228],"[-7.08376221e+01  5.03794723e+00  3.13819218e-01  2.42302071e+01
 -1.32733359e+00 -1.49143674e-02]",[-0.71364182  0.04318    36.60752566 28.12466141 -1.307768   -0.05692246],"[  2.03995723   0.17861154   8.81806103 -15.98846733  -1.28899941
  -0.2155999 ]","[-10.5414698    0.80258957  -1.96248854 -18.68751365  -1.29191881
   0.21380405]","[-5.76350451e-01  4.98501109e-03  3.04061490e+02  1.77245977e+02
 -1.04739027e+00  6.46405476e-01]",007,FW
70,0,0.7222654852142548,0,[ 0.16361133  0.19669341  8.03297745  0.6857139  -1.31647619 -0.08950471],"[ 3.04011899e-01  7.47603642e-03 -1.36967711e+02  4.36398138e+01
 -4.65928027e-01 -9.40331721e-01]",[ 5.26940866  1.3312853  -1.18271047  8.2321848  -1.29175709  0.22252888],"[-67.77500628   4.84998516   0.32571532  24.07535792  -1.32096291
  -0.10036071]",[-0.68711335  0.04122563 38.33130899 28.33795407 -1.30138706 -0.0843288 ],"[  2.1422919    0.15044566  10.42819975 -20.34024786  -1.25268979
  -0.30498719]","[-10.99935846   0.67413414  -2.32584915 -23.58284851  -1.25320364
   0.31478873]","[-5.72718815e-01  7.07330010e-03  2.20320026e+02  1.28181424e+02
 -1.22345477e+00  4.03424115e-01]",007,FW
71,0,0.7222654852142548,0,[ 0.2805641   0.18022555  8.75106928 -0.45523586 -1.30665043 -0.1717366 ],"[ 2.97992023e-01  1.53413270e-02 -9.58603245e+01  3.05656120e+01
 -8.84053749e-01 -7.95115144e-01]",[ 4.51613469  1.10621019 -1.41536647  8.39198561 -1.24737602  0.33816416],"[-64.9121385    4.40137022   0.35807975  25.24372226  -1.3015323
  -0.19474318]","[-6.61895766e-01  3.87798766e-02  4.07388970e+01  2.89649034e+01
 -1.29487949e+00 -1.01105122e-01]","[  2.22620031   0.11889056  13.11546902 -27.19766118  -1.19722043
  -0.40546825]","[-11.37029461   0.52433509  -2.96443044 -31.70644741  -1.18353417
   0.44338863]","[-5.67866313e-01  8.76961949e-03  1.79336740e+02  1.03839293e+02
 -1.29082960e+00  2.48668470e-01]",007,FW
72,0,0.7222654852142548,0,[ 0.38374436  0.15455874 10.15579368 -1.89722858 -1.27690906 -0.28937719],"[ 2.86527450e-01  2.34555881e-02 -6.59637958e+01  2.09004382e+01
 -1.18786773e+00 -4.80626349e-01]",[ 3.91873217  0.83792873 -1.84504086  9.23022099 -1.15394908  0.49960015],"[-62.39987961   3.73055789   0.42042396  28.2344048   -1.26202302
  -0.30732142]","[-6.38177334e-01  3.62224327e-02  4.36127878e+01  2.98326927e+01
 -1.28959228e+00 -1.04786942e-01]","[  2.29059486   0.08722212  17.70639133 -38.55816896  -1.11291542
  -0.52228433]","[-11.64457624   0.36664251  -4.15749308 -46.41224513  -1.0425743
   0.62712463]","[-5.62109425e-01  9.93095421e-03  1.58971092e+02  9.13591490e+01
 -1.32166242e+00  1.30536038e-01]",007,FW
73,0,0.4362746667089291,0,[ 0.46707182  0.11969652 12.92883781 -4.0386958  -1.18663587 -0.47895287],"[ 2.70463535e-01  2.98500609e-02 -5.26364879e+01  1.62362506e+01
 -1.30520527e+00 -2.62722268e-01]",[ 3.49939512  0.54936039 -2.71081181 11.48620161 -0.92225079  0.7554708 ],"[-60.36108469   2.89671828   0.53579378  34.34109393  -1.18234409
  -0.45752826]","[-6.15920436e-01  3.39123421e-02  4.65920787e+01  3.06970135e+01
 -1.28637632e+00 -9.33039608e-02]","[ 2.33634628e+00  5.84614854e-02  2.60155330e+01 -5.87812939e+01
 -9.84964796e-01 -6.61077012e-01]","[-11.82054914   0.21576636  -6.64168614 -76.50837735  -0.7061319
   0.91501807]","[-5.55829257e-01  1.04468236e-02  1.51327377e+02  8.61121835e+01
 -1.33408528e+00  2.49642274e-02]",007,FW
74,0,0.459696311408661,0,[ 0.52441984  0.07720428 18.83861266 -7.87934222 -0.86931765 -0.80881916],"[ 2.51353793e-01  3.33269660e-02 -4.74011551e+01  1.39144601e+01
 -1.35337158e+00 -8.23256956e-02]",[ 3.26812499  0.27776679 -4.30880604 16.08171671 -0.40079957  1.03267803],"[-58.88233461   1.97329405   0.76408506  46.99111234  -0.99393541
  -0.68947443]","[-5.94885457e-01  3.21532077e-02  4.91576376e+01  3.12431637e+01
 -1.28520618e+00 -6.62932099e-02]","[ 2.36602365e+00  3.50030463e-02  4.24211924e+01 -9.83695447e+01
 -7.95840463e-01 -8.23881177e-01]","[-1.19041858e+01  9.49669703e-02 -9.40299708e+00 -1.09935025e+02
 -5.19053032e-01  9.10273940e-01]","[-5.49457825e-01  1.02465794e-02  1.54202629e+02  8.67278413e+01
 -1.33176861e+00 -8.26349953e-02]",007,FW
75,0,0.459696311408661,0,[ 0.54998389  0.03871282 16.69474882 -7.18184289 -1.13007642 -0.50854576],"[ 2.31332346e-01  3.30663214e-02 -4.77561241e+01  1.30475362e+01
 -1.35803867e+00  1.00970781e-01]","[  3.22306473   0.18786516   3.74171999 -10.05980572  -1.02283585
   0.5691988 ]","[-58.01165153   1.06397841   1.22719309  73.1914977   -0.49393415
  -1.01703239]","[-5.74677368e-01  3.11621612e-02  5.07352707e+01  3.11564118e+01
 -1.28536465e+00 -2.71487570e-02]","[ 2.38347225e+00  1.83214784e-02  7.88997504e+01 -1.86055365e+02
 -5.63786160e-01 -9.82474243e-01]","[-1.19080861e+01  8.70963810e-02  1.30372817e+01  1.57249073e+02
 -6.43797145e-01  8.09115380e-01]","[-5.43455416e-01  9.31099630e-03  1.69167331e+02  9.39349021e+01
 -1.31018490e+00 -2.07718466e-01]",007,FW
76,0,0.459696311408661,0,"[  0.53876073   0.06099657 -19.8805335   12.71085079  -0.38752481
  -1.0496172 ]","[ 2.12898088e-01  2.87203857e-02 -5.44727953e+01  1.35971540e+01
 -1.29876498e+00  3.29299273e-01]","[  3.35184987   0.3785305    3.84777522 -10.89716486  -0.86920114
   0.80870297]","[-57.76107414   0.58891262  -0.51208758 -27.57872885  -1.5746532
  -0.31265545]","[-5.54811343e-01  3.10384415e-02  5.09394952e+01  3.02618098e+01
 -1.28622833e+00  1.58556057e-02]","[ 2.39329340e+00  9.06045825e-03  1.65359339e+02 -3.93753415e+02
 -6.01439108e-01 -7.89970885e-01]","[-11.84993617   0.15155402  10.06446278 121.26324156  -1.17937493
   0.55544057]","[-5.38282502e-01  7.67842770e-03  2.03279041e+02  1.11421551e+02
 -1.24766646e+00 -3.77237931e-01]",007,FW
77,0,0.6324106801709625,0,"[  0.48708716   0.12141623 -12.25152876   7.96756238  -0.90500728
  -0.76659371]","[ 1.98634670e-01  2.06361928e-02 -7.26668255e+01  1.64341509e+01
 -1.05137704e+00  6.71221728e-01]",[ 3.63351501  0.58627311  2.63917199 -7.58947103 -1.18565863  0.4807243 ],"[-58.11160759   1.17656506  -1.19733003 -67.5787729   -0.72500932
  -0.90085306]","[-5.34787088e-01  3.17437374e-02  4.97983003e+01  2.86314880e+01
 -1.28778930e+00  5.23650400e-02]","[ 2.40030560e+00  8.63395228e-03  1.74881255e+02 -4.17768456e+02
 -6.70006289e-01  7.25687779e-01]","[-11.7505544    0.19491062   8.07424308  96.87683258  -1.35879486
   0.20627189]","[-5.34370626e-01  5.45992373e-03  2.77063148e+02  1.50054408e+02
 -1.05608990e+00 -6.48108478e-01]",007,FW
78,0,0.6324106801709625,0,[ 0.39316179  0.187606   -8.22524258  5.2338511  -1.13255635 -0.52130065],"[ 1.90902327e-01  1.10189065e-02 -9.27342815e+01  1.97031901e+01
 -6.27838242e-01  8.05929573e-01]",[ 4.0404238   0.75528588  2.07857928 -6.3983412  -1.28252171  0.2848639 ],"[-59.01784072   1.95068486  -0.78659938 -44.42339692  -1.12107797
  -0.56033624]","[-5.14157006e-01  3.31184220e-02  4.77202911e+01  2.65357220e+01
 -1.29012531e+00  7.56167096e-02]","[ 2.40906055e+00  1.60891612e-02  9.10253806e+01 -2.17285654e+02
 -6.67350383e-01  9.12843329e-01]","[-1.16317380e+01  2.06334290e-01  7.65800495e+00  9.10759074e+01
 -1.37451251e+00 -3.89432984e-02]","[-5.32096215e-01  2.98104757e-03  4.11804975e+02  2.21119869e+02
 -5.17649228e-01 -9.55227928e-01]",007,FW
79,0,0.6324106801709625,0,[ 0.2574494   0.25226457 -6.19574705  3.59509136 -1.22730001 -0.36787164],"[ 1.91551782e-01  1.23351798e-02  8.15397623e+01 -1.36190868e+01
 -4.69871206e-01  9.36990951e-01]",[ 4.53989386  0.87238294  1.80872934 -6.21143923 -1.31858955  0.15217251],"[-60.41076978   2.64039316  -0.59236556 -33.78525931  -1.24902028
  -0.35177106]","[-4.92575556e-01  3.49373952e-02  4.52302775e+01  2.42793291e+01
 -1.29282572e+00  8.52070526e-02]","[ 2.42346245e+00  2.86261651e-02  5.25048876e+01 -1.25243624e+02
 -8.99255055e-01  7.43622979e-01]","[-11.51416173   0.18764693   8.370062    98.37424754  -1.31998073
  -0.26353612]","[-5.31759580e-01  2.31241001e-03 -2.98744502e+02 -1.56860251e+02
 -9.31993226e-01 -6.51662197e-01]",007,FW
80,0,0.6324106801709625,0,[ 0.08287946  0.31063867 -5.06128148  2.41947625 -1.27416726 -0.25963364],"[ 2.01715240e-01  2.58989392e-02  5.65328738e+01 -9.40354218e+00
 -8.42698647e-01  8.22409303e-01]",[ 5.09563347  0.93103365  1.69780788 -6.65140666 -1.33164603  0.04532652],"[-62.19932561   3.18213501  -0.49492316 -28.78388665  -1.30024544
  -0.21409702]","[-4.69823587e-01  3.69751114e-02  4.27378086e+01  2.20792305e+01
 -1.29539240e+00  8.47683775e-02]","[ 2.44651229e+00  4.48035722e-02  3.42707058e+01 -8.18437029e+01
 -1.07041444e+00  5.77369785e-01]","[-11.41554919   0.14500424  10.59618064 122.96122132  -1.16188648
  -0.53523931]","[-5.33569871e-01  5.08459854e-03 -2.80861853e+02 -1.47859423e+02
 -7.23349834e-01 -9.04496578e-01]",007,FW
81,0,0.6324106801709625,0,[-0.12519484  0.35874458 -4.39615312  1.44962432 -1.29944189 -0.17507096],[ 0.2217119   0.04095483 37.61256545 -6.33915343 -1.13373646  0.53250082],[ 5.66935662  0.92845013  1.70241286 -7.65158565 -1.3306544  -0.05410458],"[-64.27232375   3.5369866   -0.44656626 -26.70185117  -1.32292614
  -0.10715595]","[-4.45809702e-01  3.90419885e-02  4.04787176e+01  2.00458050e+01
 -1.29779960e+00  7.81104254e-02]","[  2.48017365   0.06307189  24.65172814 -59.14056645  -1.17391799
   0.44343093]","[-1.13492735e+01  8.84158415e-02  1.57529796e+01  1.80784874e+02
 -7.03952961e-01 -9.12578649e-01]","[-5.37636572e-01  8.54851872e-03 -1.78815688e+02 -9.41378537e+01
 -1.06991752e+00 -6.01898707e-01]",007,FW
82,0,0.6324106801709625,0,[-0.35925458  0.39336569 -4.01585194  0.55728682 -1.31324044 -0.10336269],[ 0.25107128  0.05496191 28.45856987 -5.14512953 -1.24182774  0.35358523],[ 6.22274467  0.86592303  1.82195149 -9.33753894 -1.31551552 -0.15846793],"[-6.65024878e+01  3.67958564e+00 -4.29664922e-01 -2.65737862e+01
 -1.33021739e+00 -1.28714756e-02]",[-0.42056039  0.04097803 38.57113714 18.22149233 -1.30043576  0.06707549],"[  2.52533505   0.08181225  19.14273296 -46.34181452  -1.23523921
   0.3376596 ]","[-1.13234676e+01  4.45228450e-02  5.08994438e+00  5.96358205e+01
 -1.61828006e+00 -2.91005395e-01]","[-5.43967610e-01  1.20472746e-02 -1.29245816e+02 -6.83055379e+01
 -1.19619822e+00 -4.21600357e-01]",007,FW
83,0,0.6324106801709625,0,[-0.61004324  0.4121394  -3.8358232  -0.34001801 -1.31989904 -0.03780516],[ 0.28864706  0.06674541 23.58079347 -4.80652661 -1.28812769  0.23274024],"[  6.71961501   0.74911365   2.09615308 -12.08534173  -1.27902375
  -0.28228181]","[-68.75332643   3.60077666  -0.43884841 -28.17228816  -1.32571463
   0.07905117]",[-0.39421452  0.04262005 37.09051952 16.62162131 -1.30364055  0.05146473],"[  2.58184564   0.09948402  15.81014533 -38.81935484  -1.27266474
   0.2515697 ]","[-1.13407000e+01  7.64552131e-02 -1.74494939e+01 -1.95889476e+02
 -6.13047956e-01 -9.47220360e-01]","[-5.52472537e-01  1.53596078e-02 -1.02134311e+02 -5.44264017e+01
 -1.25212788e+00 -3.06514296e-01]",007,FW
84,0,0.7168377610033885,0,[-0.86710697  0.41360884 -3.82241228 -1.31444034 -1.32091623  0.02665267],[ 0.33278178  0.07558745 20.88206073 -4.94916936 -1.30931886  0.1424567 ],"[  7.12806502   0.58776328   2.64063001 -16.8225824   -1.19523825
  -0.45257869]","[-70.88850299   3.30953019  -0.4764574  -31.77535208  -1.30824105
   0.17770605]","[-3.67030064e-01  4.37726408e-02  3.61188164e+01  1.52566915e+01
 -1.30728095e+00  3.00170160e-02]","[  2.64861615   0.11470581  13.74803764 -34.41327457  -1.29585379
   0.17827133]","[-1.13982726e+01  1.30936107e-01 -1.16730833e+01 -1.31052986e+02
 -1.12927625e+00 -5.75236336e-01]","[-5.62968411e-01  1.83281363e-02 -8.59107756e+01 -4.63650528e+01
 -1.28131622e+00 -2.24115324e-01]",007,FW
85,0,0.7168377610033885,0,[-1.11938627  0.39727785 -3.97683654 -2.45161621 -1.31598088  0.09468808],[ 0.38148875  0.08109339 19.48934822 -5.43496701 -1.31828041  0.06906443],"[  7.42237139   0.39617632   3.77167333 -25.99476025  -0.96562676
  -0.72565577]","[-72.78242149   2.83251872  -0.55403966 -38.32434835  -1.27024174
   0.29523252]","[-3.39399161e-01  4.42032972e-02  3.57693417e+01  1.41400845e+01
 -1.31067684e+00  1.30910828e-03]","[  2.72377838   0.12634775  12.50064601 -32.04898939  -1.3093521
   0.11359848]","[ -11.48912686    0.17496625   -8.95856315 -100.92606858   -1.29174125
   -0.30667768]","[-5.75186977e-01  2.08174879e-02 -7.57944350e+01 -4.15959719e+01
 -1.29829845e+00 -1.58899957e-01]",007,FW
86,0,0.7168377610033885,0,[-1.35582797  0.36367689 -4.33682934 -3.87999451 -1.30286816  0.17198417],"[ 4.32635032e-01  8.31512052e-02  1.90145228e+01 -6.22634867e+00
 -1.31981237e+00  5.41686123e-03]","[  7.58442612   0.20388557   5.67666428 -41.05424083  -0.45234012
  -0.97665721]","[-74.33049519   2.21280081  -0.70158259 -50.148981    -1.1889728
   0.45277146]","[-3.11861757e-01  4.36620136e-02  3.62087304e+01  1.32921183e+01
 -1.31276473e+00 -3.61294348e-02]","[  2.80488897   0.13364565  11.82754374 -31.17494697  -1.31565912
   0.05544832]","[-11.60321654   0.20183503  -7.82130899 -88.75234188  -1.33754513
  -0.12721381]","[-5.88782913e-01  2.27072010e-02 -6.95703204e+01 -3.89618159e+01
 -1.30857093e+00 -1.02771963e-01]",007,FW
87,0,0.7168377610033885,0,[-1.56601725  0.31440978 -4.99853913 -5.82779852 -1.27558917  0.26743322],[ 0.48412259  0.08193053 19.29380914 -7.34056881 -1.31567862 -0.05176419],[ 7.60460348  0.16326602 -5.01151878 40.11061311 -0.78427403 -0.71757942],"[-75.45788449   1.5099747   -0.99774494 -73.28772266  -0.99217049
   0.69289145]",[-0.2851073   0.04191372 37.70080936 12.748776   -1.31199998 -0.08448344],"[ 2.88916341e+00  1.36273345e-01  1.16024116e+01 -3.15212630e+01
 -1.31669621e+00  2.46625548e-03]","[-1.17291014e+01  2.10127180e-01 -7.52348773e+00 -8.62437501e+01
 -1.34113785e+00  9.25613994e-03]","[-6.03343538e-01  2.38951207e-02 -6.61544388e+01 -3.79138532e+01
 -1.31439053e+00 -5.10511952e-02]",007,FW
88,0,0.7168377610033885,0,[-1.74080945  0.25217532 -6.18403088 -8.76521938 -1.2181155   0.3977848 ],[ 0.53406004  0.07788208 20.28380558 -8.83277008 -1.30695846 -0.10322538],[ 7.48218039  0.3388066  -4.29953377 34.16988726 -0.84584833 -0.82359495],"[ -76.12611046    0.81379453   -1.60720755 -120.35045943   -0.48371278
    1.02687825]","[-2.59957310e-01  3.87722428e-02  4.07055050e+01  1.25816936e+01
 -1.30559946e+00 -1.47835222e-01]","[  2.97371968   0.13431534  11.76949085 -32.9991666   -1.31395109
  -0.04696347]","[-11.85547551   0.2012828   -7.84384148 -90.99247062  -1.32412151
   0.12707562]","[-6.18400867e-01  2.43036400e-02 -6.50561029e+01 -3.82307505e+01
 -1.31672052e+00 -4.20315859e-04]",007,FW
89,0,0.7168377610033885,0,"[ -1.87290616   0.1808782   -8.4479338  -13.82218725  -1.08043808
   0.59911403]","[  0.580907     0.07168934  22.01593229 -10.78920923  -1.29511697
  -0.14843559]",[ 7.22548146  0.5318228  -2.90226478 22.9702604  -1.16041386 -0.50849863],"[-76.33735342   0.41886652   0.50080211  40.22990789  -1.66882229
   0.25294618]","[-2.37327477e-01  3.41324988e-02  4.61090421e+01  1.29429426e+01
 -1.28745947e+00 -2.34246201e-01]","[  3.05579571   0.12815602  12.3283465  -35.67290837  -1.30818134
  -0.09506921]","[ -11.97237822    0.17838142   -8.81846843 -103.57803935   -1.29006616
    0.24442329]","[-6.33446824e-01  2.38839486e-02 -6.61843800e+01 -3.99242853e+01
 -1.31569143e+00  5.23086820e-02]",007,FW
90,0,0.7168377610033885,0,"[ -1.95731442   0.10664887 -13.18478892 -23.80677749  -0.68653822
   0.92646943]","[  0.62356975   0.06415662  24.57562947 -13.32461903  -1.28196043
  -0.18671371]",[ 6.85168851  0.69772912 -2.24665323 17.39336811 -1.26872544 -0.31390019],"[-76.13584103   0.75689172   1.87471808 144.73323733  -0.83477904
   0.83053365]","[-2.18171312e-01  2.80061316e-02  5.58198970e+01  1.41783001e+01
 -1.24161359e+00 -3.60590121e-01]","[  3.13291133   0.11835931  13.33590941 -39.78022163  -1.29918113
  -0.14459019]","[ -12.07196465    0.14524718  -10.7487903  -127.75901658   -1.22827338
    0.38144991]","[-6.47952409e-01  2.26195556e-02 -6.98290898e+01 -4.32459270e+01
 -1.31033257e+00  1.10881881e-01]",007,FW
91,0,0.6681082266893619,0,"[ -1.99163014   0.05018124  -8.31124869 -14.55293338  -1.3986295
   0.40649543]","[  0.66143282   0.05606852  28.09260542 -16.58137116  -1.26908372
  -0.21772206]",[ 6.38608405  0.81981815 -1.9233571  14.28272009 -1.31360775 -0.17699542],"[-75.60509275   1.15783839   1.34062387 103.35799198  -1.2632448
   0.42233414]","[-2.03407183e-01  2.05773188e-02  7.45329419e+01  1.71605358e+01
 -1.11655171e+00 -5.64776089e-01]","[  3.20297756   0.1056016   14.92439095 -45.80248927  -1.28562884
  -0.19849811]","[-1.21488858e+01  1.06041913e-01 -1.44710910e+01 -1.73807632e+02
 -1.10144415e+00  5.68680016e-01]","[-6.61392302e-01  2.05344456e-02 -7.67914001e+01 -4.87892409e+01
 -1.29788969e+00  1.80027563e-01]",007,FW
92,0,0.4525139049191969,0,[-1.97609764  0.07997769 16.24575403 34.10319628 -0.54171918  0.97770956],"[  0.69432397   0.04807984  32.73227041 -20.72679983  -1.2576219
  -0.24118775]",[ 5.86058848  0.88735746 -1.78104308 12.43796055 -1.33187691 -0.06450587],"[-74.86012289   1.38536552   1.13878374  87.24949042  -1.37123311
   0.13208848]","[-1.93832730e-01  1.23874101e-02  1.13786547e+02  2.40555571e+01
 -7.22160706e-01 -9.03388364e-01]","[  3.26437896   0.09066638  17.34251517 -54.61254158  -1.26499267
  -0.25972577]","[-1.22004113e+01  6.53824482e-02 -2.22437732e+01 -2.69383181e+02
 -7.91899937e-01  8.57411312e-01]","[-6.73275945e-01  1.77070496e-02 -8.87634448e+01 -5.77622922e+01
 -1.27258325e+00  2.66355532e-01]",007,FW
93,0,0.5580602925723125,0,[-1.91344425  0.14408411 10.52704573 22.14291511 -1.05317204  0.64122807],"[  0.72242934   0.04066885  38.67416599 -25.93935227  -1.24851021
  -0.2562862 ]",[ 5.31156086  0.89450215 -1.76719516 11.38656467 -1.33342749  0.04015743],"[-74.0347388    1.39776269   1.1293709   85.61267988  -1.37132131
  -0.10759165]","[-1.90036936e-01  6.08811196e-03  5.74613475e+01  1.29197784e+01
 -1.51012848e+00 -3.43811163e-01]","[  3.31604642   0.07445978  21.04241734 -67.77763258  -1.23344583
  -0.33120161]","[-1.22263659e+01  3.02331846e-02 -3.31984987e+01 -4.03896991e+02
 -4.21155944e-01  9.75780450e-01]","[-6.83182794e-01  1.42821033e-02 -1.09331586e+02 -7.26934585e+01
 -1.22205603e+00  3.81383732e-01]",007,FW
94,0,0.6557354947715834,0,[-1.80854711  0.20406685  7.63831533 15.81425309 -1.22363213  0.40097934],"[ 7.46190288e-01  3.41459604e-02  4.60537514e+01 -3.23648621e+01
 -1.24278947e+00 -2.61110990e-01]",[ 4.77688409  0.84112074 -1.87615805 10.96218952 -1.31906283  0.14806739],"[-73.26499154   1.20253545   1.29780671  97.08379738  -1.28366692
  -0.36441861]","[-1.92325603e-01  1.04443719e-02 -1.24712009e+02 -2.19853124e+01
 -5.17339933e-01 -9.98351539e-01]","[ 3.35751288e+00  5.79884319e-02  2.68713015e+01 -8.82207409e+01
 -1.18527769e+00 -4.16738906e-01]","[-1.22288265e+01  2.52418526e-02  4.06803925e+01  4.99473462e+02
 -6.71503219e-01  7.67253973e-01]","[-6.90795257e-01  1.04711545e-02 -1.46885810e+02 -9.94680208e+01
 -1.11340908e+00  5.50206052e-01]",007,FW
95,0,0.6557354947715834,0,[-1.66801806  0.25366169  6.19875376 12.33963322 -1.28419118  0.25487117],"[ 7.66211022e-01  2.86914829e-02  5.48304036e+01 -4.00116595e+01
 -1.24157053e+00 -2.52156265e-01]",[ 4.29259685  0.73318339 -2.14286225 11.19844374 -1.28291691  0.27121436],"[-72.67112012   0.84667199   1.76155615 130.01425841  -1.00194517
  -0.71001128]","[-2.00674699e-01  1.90611688e-02 -7.93497341e+01 -1.39234840e+01
 -1.02674327e+00 -6.63712870e-01]","[ 3.38893056e+00  4.22719753e-02  3.65331167e+01 -1.21808196e+02
 -1.11018363e+00 -5.23377228e-01]","[-1.22115174e+01  4.65623655e-02  3.23525627e+01  3.97073884e+02
 -1.07676410e+00  6.46104533e-01]","[-6.95921845e-01  6.55748287e-03 -2.23378796e+02 -1.53454184e+02
 -8.33769993e-01  8.26673559e-01]",007,FW
96,0,0.6557354947715834,0,[-1.49979275  0.29033351  5.43514385 10.15158935 -1.30977579  0.15252647],"[ 7.83191704e-01  2.44031729e-02  6.45360534e+01 -4.85441016e+01
 -1.24562517e+00 -2.23818658e-01]",[ 3.88970254  0.58207444 -2.67188517 12.39283852 -1.20540514  0.43036926],"[-72.34183352   0.44028121   2.41750595 176.88681266  -0.51429635
  -0.90472624]","[-2.14719740e-01  2.74246894e-02 -5.67343274e+01 -1.01819800e+01
 -1.20700502e+00 -4.25399161e-01]","[ 3.41103978e+00  2.82272010e-02  5.38290334e+01 -1.81612974e+02
 -9.84916780e-01 -6.65359622e-01]","[-1.21789921e+01  6.48587263e-02  2.41238681e+01  2.95804400e+02
 -1.27750475e+00  3.36250527e-01]","[-6.98505670e-01  3.10940451e-03 -3.26347523e+02 -2.25955595e+02
 -4.67684520e-01  9.39079009e-01]",007,FW
97,0,0.6557354947715834,0,[-1.31278471  0.31255174  5.05649273  8.63808636 -1.32114041  0.07018021],"[ 7.97888258e-01  2.13425862e-02  7.39152863e+01 -5.69761390e+01
 -1.25419294e+00 -1.69212546e-01]",[ 3.59186074  0.40342584 -3.74622116 15.45590471 -1.01773436  0.67074051],"[ -72.32466948    0.40561801   -2.34327366 -167.47649306   -0.6323342
   -0.80749202]","[-2.33782780e-01  3.46212414e-02 -4.53703192e+01 -8.60679934e+00
 -1.27486757e+00 -2.77474490e-01]","[ 3.42509923e+00  1.65933735e-02  8.84204794e+01 -3.00848916e+02
 -7.53535610e-01 -8.68221665e-01]","[-1.21358344e+01  7.69940137e-02  2.04828904e+01  2.50576965e+02
 -1.31394672e+00  1.71600731e-01]","[-6.98617230e-01  2.88231163e-03  3.54268418e+02  2.49498021e+02
 -5.70796706e-01  8.54029988e-01]",007,FW
98,0,0.6305552926924543,0,"[-1.11660498e+00  3.19312381e-01  4.95142371e+00  7.52878434e+00
 -1.32462694e+00 -5.19309451e-03]","[ 8.11093737e-01  1.95689754e-02  8.07465357e+01 -6.34930094e+01
 -1.26296560e+00 -8.49064230e-02]",[ 3.41436062  0.22032847 -5.93257516 22.25595098 -0.51143183  1.00507481],"[ -72.62410118    0.80293049   -1.84169187 -131.75121678   -0.94696434
   -0.75182595]","[ -0.25693199   0.04020927 -39.22226401  -8.07745421  -1.30406419
  -0.1738548 ]","[ 3.43279477e+00  7.92765925e-03  1.67698836e+02 -5.73675687e+02
 -3.14712685e-01 -1.15177618e+00]","[-1.20861119e+01  8.37969035e-02  1.88586084e+01  2.29927252e+02
 -1.31887793e+00  7.71594513e-02]","[-6.96434039e-01  5.69048483e-03  2.61155241e+02  1.83877400e+02
 -9.50927916e-01  7.42429646e-01]",007,FW
99,0,0.6305552926924543,0,[-0.92128633  0.31009735  5.09567024  6.69457135 -1.32107516 -0.08279689],"[ 8.23629990e-01  1.91444742e-02  8.25787481e+01 -6.60143335e+01
 -1.26501126e+00  2.02416690e-02]",[ 3.36436742  0.12544737  2.5497716  -6.57836851 -1.54679021  0.3288511 ],"[-73.20680313   1.19065176  -1.30538701 -93.56321015  -1.22863936
  -0.42694546]","[ -0.28306161   0.04394858 -35.94953862  -8.17593434  -1.31642358
  -0.09367688]","[ 3.43614146e+00  2.60579170e-03  3.18756013e+02 -1.09329075e+03
 -1.80231269e-01 -1.15899598e+00]","[-1.20332156e+01  8.62607598e-02  1.83289480e+01  2.22556182e+02
 -1.32069245e+00  8.87090425e-03]","[-6.92212969e-01  8.52154388e-03  1.82087721e+02  1.28043482e+02
 -1.19456996e+00  4.54817158e-01]",007,FW
100,0,0.6305552926924543,0,[-0.73693495  0.28504139  5.53311266  6.07754408 -1.30748032 -0.17154801],"[ 8.36331230e-01  2.00970049e-02  7.85795659e+01 -6.37185450e+01
 -1.25879955e+00  1.21603358e-01]","[  3.44206631   0.25563377   5.49944659 -16.92945984  -0.70432836
   0.91387723]","[-74.01190283   1.4759298   -1.06640375 -76.92657084  -1.31160553
  -0.22499418]","[-3.10977722e-01  4.57567440e-02 -3.45520375e+01 -8.74491389e+00
 -1.31990801e+00 -2.67524430e-02]","[ 3.43738634e+00  8.53782623e-04 -3.70475657e+02  1.27546796e+03
 -9.23599009e-01 -3.70969968e-01]","[-1.19800672e+01  8.46994271e-02  1.86608874e+01  2.25558685e+02
 -1.32217962e+00 -6.11962472e-02]","[-6.86262190e-01  1.09234446e-02  1.43703031e+02  1.00617957e+02
 -1.27034268e+00  2.90661853e-01]",007,FW
101,0,0.6305552926924543,0,[-0.57326228  0.24520137  6.40385778  5.67109014 -1.27495797 -0.28373598],"[ 8.49999720e-01  2.23475228e-02  7.05464290e+01 -5.79644448e+01
 -1.25324969e+00  1.91900078e-01]","[  3.64206756   0.43003973   3.55987898 -10.96531975  -1.09612092
   0.58302847]","[-74.96305739   1.63563909  -0.96596239 -70.41149442  -1.33446364
  -0.08474368]","[-3.39479442e-01  4.56851125e-02 -3.46054182e+01 -9.74782809e+00
 -1.31788183e+00  3.27994256e-02]","[ 3.43890716e+00  3.48346224e-03  2.86763328e+02 -9.84152462e+02
 -2.44970119e-02  1.27362476e+00]","[-1.19295173e+01  7.87429291e-02  2.00378290e+01  2.41041628e+02
 -1.31669584e+00 -1.54231050e-01]","[-6.78917366e-01  1.28101589e-02  1.23066214e+02  8.55517901e+01
 -1.29830500e+00  1.87121717e-01]",007,FW
102,0,0.6305552926924543,0,[-0.43900726  0.19283295  8.05690562  5.53704004 -1.19868518 -0.44233206],"[ 8.65322524e-01  2.56340859e-02  6.14473817e+01 -5.11718035e+01
 -1.25834239e+00  2.18360992e-01]",[ 3.95447102  0.59425046  2.62661356 -8.38686721 -1.22422359  0.38539342],"[-7.59792675e+01  1.66872206e+00 -9.47356712e-01 -6.99794690e+01
 -1.33397352e+00  2.72553324e-02]","[ -0.36743043   0.04389143 -35.99966009 -11.22737062  -1.31162971
   0.08914331]","[ 3.44310352e+00  9.73049421e-03  1.40632251e+02 -4.82211398e+02
 -4.10923485e-01  1.09739811e+00]","[-1.18846960e+01  6.77230423e-02  2.31637131e+01  2.77293687e+02
 -1.28522398e+00 -2.96496669e-01]","[-6.70523448e-01  1.41664748e-02  1.11489275e+02  7.67561731e+01
 -1.30970835e+00  1.14097351e-01]",007,FW
103,0,0.6305552926924543,0,[-0.34131857  0.13177914 11.41061579  5.89465505 -0.99428178 -0.69664378],"[ 8.82754104e-01  2.94678095e-02  5.34768736e+01 -4.52069297e+01
 -1.27543477e+00  2.03818914e-01]",[ 4.3653273   0.73627309  2.13524044 -7.32102337 -1.27717098  0.26027898],"[-76.9825441    1.58523853  -0.99589229 -74.66632227  -1.32020548
   0.13124492]","[ -0.39381722   0.04061189 -38.86465715 -13.30557127  -1.30109555
   0.14579216]","[ 3.45229486e+00  1.94955219e-02  7.58809988e+01 -2.59963582e+02
 -8.01149815e-01  8.29785295e-01]","[-1.18491627e+01  5.12128244e-02  2.99711790e+01  3.57133377e+02
 -1.15746129e+00 -5.41240860e-01]","[-6.61421479e-01  1.50016074e-02  1.05367642e+02  7.16924215e+01
 -1.31425552e+00  5.70050874e-02]",007,FW
104,0,0.406479995114493,0,[-0.2851956   0.06988292 17.80450871  7.07776756 -0.46293618 -1.0073434 ],"[ 9.02386099e-01  3.31427160e-02  4.76100459e+01 -4.09626436e+01
 -1.29893045e+00  1.57031746e-01]",[ 4.85659644  0.84797618  1.86022525 -7.03436336 -1.30426319  0.16695468],"[-77.90204022   1.39984697  -1.12357606 -85.52886738  -1.29104408
   0.24698022]","[-4.17794105e-01  3.61406355e-02 -4.35969792e+01 -1.62145609e+01
 -1.28504325e+00  2.06083799e-01]","[ 3.46865207e+00  3.25120011e-02  4.68608788e+01 -1.60544084e+02
 -1.00023236e+00  6.46508122e-01]","[-1.18268198e+01  3.04033816e-02  4.39216906e+01  5.21453921e+02
 -6.63802074e-01 -9.06596794e-01]","[-6.51938316e-01  1.53374367e-02  1.03087550e+02  6.92067238e+01
 -1.31486776e+00  8.50554873e-03]",007,FW
105,0,0.5696450879680363,0,"[ -0.27307556   0.04606213 -12.72033507  -1.47361262  -1.17684805
  -0.50187294]","[ 9.23838893e-01  3.58108498e-02  4.41234951e+01 -3.87630008e+01
 -1.32148296e+00  8.50566176e-02]",[ 5.40591474  0.92162961  1.71445025 -7.26817187 -1.31943211  0.08627281],"[ -78.67533171    1.12804742   -1.3811261  -106.66055406   -1.22519833
    0.40546631]","[-4.38718430e-01  3.08194225e-02 -5.09874715e+01 -2.03691435e+01
 -1.26085734e+00  2.73412869e-01]","[ 3.49417739e+00  4.85197891e-02  3.18338296e+01 -1.09233048e+02
 -1.10363243e+00  5.24115648e-01]","[-1.18216225e+01  2.05737300e-02 -1.79699163e+01 -2.10433567e+02
 -1.40722737e+00 -4.18000428e-01]","[-6.42375614e-01  1.52141958e-02  1.03913901e+02  6.87517557e+01
 -1.31216586e+00 -3.41851506e-02]",007,FW
106,0,0.4387128951310078,0,"[ -0.3046334    0.09503495 -15.11012921  -2.60304998  -0.79506085
  -0.85894754]","[ 9.46214675e-01  3.66177644e-02  4.31742677e+01 -3.88521257e+01
 -1.33579232e+00 -9.99390883e-03]","[ 5.98658885e+00  9.50073144e-01  1.66411759e+00 -7.96238782e+00
 -1.32651703e+00  7.48007985e-03]","[ -79.24799973    0.78750316   -1.91549762 -149.79935489   -1.03171611
    0.66841976]","[-4.56178451e-01  2.50300229e-02 -6.25225215e+01 -2.65214270e+01
 -1.22414529e+00  3.51497091e-01]","[ 3.53071143e+00  6.73166955e-02  2.31138791e+01 -7.96084369e+01
 -1.16251639e+00  4.39033353e-01]","[-1.18371335e+01  4.67811200e-02 -2.94759743e+01 -3.46911044e+02
 -5.75078200e-01 -9.93854611e-01]","[-6.32995393e-01  1.47023176e-02  1.07499357e+02  7.00465979e+01
 -1.30657268e+00 -7.06553986e-02]",007,FW
107,0,0.3525871122312772,0,"[ -0.37682596   0.15236927 -10.10974139  -1.80961305  -1.15114007
  -0.52511042]","[ 9.68139480e-01  3.48693438e-02  4.52681720e+01 -4.18259045e+01
 -1.33241589e+00 -1.33204472e-01]",[ 6.56823229  0.92787983  1.70306163 -9.18610437 -1.3249433  -0.07744356],"[ -79.57273318    0.42269791   -2.84400275 -224.30507188   -0.50801239
    0.94937111]","[-4.70008577e-01  1.91755408e-02 -8.10823132e+01 -3.61093827e+01
 -1.16774666e+00  4.45466834e-01]","[  3.57990798   0.08864546  17.63160549 -61.11952523  -1.20127024
   0.37475227]","[-1.18759563e+01  8.38948660e-02 -1.80396203e+01 -2.12237742e+02
 -1.00141951e+00 -6.74182541e-01]","[-6.24004108e-01  1.39055328e-02  1.13616298e+02  7.28970367e+01
 -1.29936938e+00 -9.88488318e-02]",007,FW
108,0,0.4481102957323933,0,[-0.48415837  0.20159209 -7.77264461 -1.76319092 -1.26632954 -0.32089544],"[ 9.87894155e-01  3.01890721e-02  5.19360195e+01 -4.93072901e+01
 -1.29054785e+00 -3.02771536e-01]","[  7.11825657   0.85284397   1.84892716 -11.1611379   -1.3102655
  -0.17715667]","[-79.60904491   0.34993174   2.17227534 174.93276528  -0.80024955
   0.72915441]","[-4.80283376e-01  1.36423479e-02 -1.12713490e+02 -5.21344154e+01
 -1.07757595e+00  5.65335748e-01]","[  3.6431211    0.11197454  14.00264457 -49.01332982  -1.23117689
   0.32003008]","[-1.19391110e+01  1.22557035e-01 -1.26604072e+01 -1.49154007e+02
 -1.17649396e+00 -4.62128967e-01]","[-6.15540921e-01  1.29469690e-02  1.21990819e+02  7.70903413e+01
 -1.29257805e+00 -1.16977899e-01]",007,FW
109,0,0.6183427652724609,0,[-0.61912363  0.23817796 -6.61888454 -2.09790784 -1.30986662 -0.18442873],"[ 1.00361014e+00  2.26628664e-02  6.75194477e+01 -6.57632025e+01
 -1.13781202e+00 -5.65741030e-01]","[  7.60414132   0.72734057   2.15627923 -14.39665202  -1.27075199
  -0.30531122]","[-79.3243209    0.77794954   1.8402947  147.98012718  -0.72070045
   0.90568536]","[-4.87284603e-01  8.75073517e-03 -1.71787969e+02 -8.17096325e+01
 -9.16406456e-01  7.34890239e-01]","[  3.72118932   0.13629422  11.53306014 -40.91670018  -1.25659497
   0.26803583]","[ -12.02548669    0.15808965   -9.91853664 -117.27523036   -1.26203193
   -0.31146917]","[-6.07675418e-01  1.19434115e-02  1.32221255e+02  8.23476065e+01
 -1.28789623e+00 -1.25043229e-01]",007,FW
110,0,0.6183427652724609,0,[-0.77277754  0.25990439 -6.07984099 -2.69836453 -1.32627433 -0.07959553],"[ 1.01349345e+00  1.32618264e-02  1.00027848e+02 -9.93775683e+01
 -6.23858502e-01 -9.33018918e-01]","[  7.99619073   0.55930861   2.76510123 -20.11027682  -1.17212881
  -0.48991154]","[-78.69626017   1.31384525   1.16219766  93.46060941  -1.0562462
   0.61304015]","[-4.91440766e-01  4.73001402e-03 -2.96518082e+02 -1.43721073e+02
 -5.67586638e-01  1.00108496e+00]","[  3.81414582   0.16003953   9.84232364 -35.54005755  -1.27857506
   0.21529345]","[ -12.13152143    0.18610469   -8.4699562  -100.75345516   -1.30862982
   -0.18809152]","[-6.00416674e-01  1.09818154e-02  1.43799107e+02  8.83393815e+01
 -1.28583035e+00 -1.25088324e-01]",007,FW
111,0,0.6183427652724609,0,[-0.9354042   0.26594211 -5.94492985 -3.56091233 -1.32873778  0.01105059],"[ 1.01603260e+00  8.47021732e-03 -4.05978156e+01  4.32487040e+01
 -1.47118610e+00 -3.76274176e-01]","[  8.27032025   0.36382089   4.04821095 -31.48000101  -0.89170317
  -0.78819381]","[-77.71605798   1.86762747   0.83281547  66.72313524  -1.18585468
   0.43600911]","[-4.93246747e-01  1.92127954e-03 -3.96018276e+02 -1.93334726e+02
 -6.82998349e-01  8.25292160e-01]","[  3.92092758   0.18119098   8.70795511 -32.14326136  -1.29687645
   0.16028674]","[-1.22512392e+01  2.02723808e-01 -7.79486161e+00 -9.34967142e+01
 -1.33214255e+00 -7.55209966e-02]","[-5.93731734e-01  1.01090593e-02  1.56228245e+02  9.47576670e+01
 -1.28590238e+00 -1.20411825e-01]",007,FW
112,2,0.8758563934511651,1,[-1.09720392  0.25665414 -6.15528324 -4.75360087 -1.32093923  0.09801532],"[ 1.01015131e+00  1.83758847e-02 -7.55780894e+01  7.83453059e+01
 -6.28521841e-01 -9.60896795e-01]","[  8.41034521   0.17819375   5.56096102 -44.76960189  -0.54061631
  -0.88009408]","[-76.39130052   2.40081799   0.65300492  51.88389524  -1.24757346
   0.3182016 ]","[-4.93180817e-01  2.05375577e-03  6.00249983e+02  2.98031777e+02
 -5.81480898e-01  9.00707018e-01]","[  4.03919439   0.19754862   7.99671997 -30.30030642  -1.31068027
   0.10250785]","[-1.23767229e+01  2.05260800e-01 -7.70125474e+00 -9.33162959e+01
 -1.33701079e+00  3.60410139e-02]","[-5.87568419e-01  9.33464355e-03  1.69206473e+02  1.01420380e+02
 -1.28741472e+00 -1.14925471e-01]",007,FW
113,2,0.8758563934511651,1,[-1.24893987  0.23345133 -6.75206625 -6.43292475 -1.30185973  0.19034734],"[ 9.95290229e-01  3.20940634e-02 -4.73918290e+01  4.91686244e+01
 -1.04246095e+00 -6.36295150e-01]",[ 8.40937555  0.18016328 -5.77232076 50.54161308 -0.52542197 -0.8926218 ],"[-74.74756014   2.88046167   0.54650829  42.85016149  -1.28112174
   0.23019641]","[-4.91639682e-01  3.72122672e-03  4.08448257e+02  2.02809371e+02
 -1.06964018e+00  6.24242935e-01]","[  4.1653489    0.20711763   7.63264289 -29.79262063  -1.31897684
   0.04200058]","[ -12.49900217    0.19282867   -8.18205119 -100.26747558   -1.3217626
    0.15497434]","[-5.81876412e-01  8.63898553e-03  1.82837806e+02  1.08389007e+02
 -1.28972212e+00 -1.13045512e-01]",007,FW
114,2,0.8758563934511651,1,[-1.38250035  0.19861311 -7.90003629 -8.92180298 -1.26483114  0.29979214],"[  0.97142537   0.04593504 -33.8584859   34.89099219  -1.19211884
  -0.43454964]",[ 8.27015582  0.35809335 -4.14348562 36.26727171 -0.93913704 -0.751872  ],"[-72.82783941   3.27815588   0.4813123   37.05293462  -1.29993806
   0.15931092]","[-4.88905224e-01  5.29765999e-03  2.94162230e+02  1.45817451e+02
 -1.20227077e+00  4.10274357e-01]","[ 4.29477208e+00  2.08487323e-01  7.58327879e+00 -3.05684540e+01
 -1.32103206e+00 -2.12167010e-02]","[ -12.60918984    0.16661175   -9.41918313 -116.76826817   -1.27828524
    0.29259438]","[-5.76622258e-01  7.98309189e-03  1.97836459e+02  1.16076906e+02
 -1.29184551e+00 -1.19168600e-01]",007,FW
115,2,0.8758563934511651,1,"[ -1.491334     0.15509224 -10.0156902  -12.93673935  -1.18947344
   0.44734975]","[  0.93903771   0.05877814 -26.68812131  27.06115238  -1.25577961
  -0.30625914]",[ 8.00433683  0.53768864 -2.88448669 25.08840302 -1.19502748 -0.45860936],"[-70.68925932   3.57372506   0.44206376  33.24915966  -1.30952691
   0.1000577 ]","[-4.85144980e-01  6.76939997e-03  2.31691576e+02  1.14404005e+02
 -1.23915287e+00  3.13122465e-01]","[  4.42222647   0.20107647   7.85805851 -32.75011434  -1.31633948
  -0.08803196]","[-1.26996136e+01  1.29705800e-01 -1.19475888e+01 -1.49729761e+02
 -1.18184553e+00  4.70760955e-01]","[-5.71796355e-01  7.32094967e-03  2.15652317e+02  1.25309209e+02
 -1.29211815e+00 -1.36275485e-01]",007,FW
116,2,0.8758563934511651,1,"[ -1.57072618   0.10646301 -14.18778413 -20.28512391  -1.00738577
   0.67746917]","[  0.89904915   0.06989469 -22.53490976  22.25999149  -1.2871755
  -0.21495647]",[ 7.63074021  0.68733229 -2.28453197 19.43266999 -1.27885395 -0.28253884],"[-6.83969362e+01  3.75912118e+00  4.20519040e-01  3.07622139e+01
 -1.31257230e+00  5.06482916e-02]","[-4.80437516e-01  8.21380955e-03  1.91441102e+02  9.39754874e+01
 -1.25683458e+00  2.60242385e-01]","[  4.54235815   0.18518741   8.51949279 -36.69858752  -1.30370033
  -0.16103636]","[-1.27647191e+01  8.67396068e-02 -1.72227934e+01 -2.17844120e+02
 -9.47709261e-01  7.36228062e-01]","[-5.67411605e-01  6.61505755e-03  2.38497347e+02  1.37326162e+02
 -1.28847160e+00 -1.64698467e-01]",007,FW
117,2,0.8758563934511651,1,"[ -1.61791551   0.05801726 -22.6915602  -34.71302715  -0.5126915
   1.00933675]","[  0.85274075   0.07874547 -20.04461601  19.0928608   -1.30370947
  -0.14380434]",[ 7.17278526  0.79806631 -1.97650752 16.17706403 -1.30835784 -0.16671312],"[-6.60157699e+01  3.84110563e+00  4.11627524e-01  2.91739079e+01
 -1.31085516e+00  1.16831704e-02]","[-4.74808120e-01  9.66403824e-03  1.62952353e+02  7.93711005e+01
 -1.26891060e+00  2.23329397e-01]","[  4.65021688   0.16191356   9.71627281 -43.18277582  -1.27971725
  -0.24515771]","[-1.28016284e+01  4.46720927e-02 -2.74061868e+01 -3.48843820e+02
 -4.09256249e-01  1.03927393e+00]","[-5.63494378e-01  5.85070034e-03  2.69354703e+02  1.53779861e+02
 -1.27924794e+00 -2.01956830e-01]",007,FW
118,2,0.8758563934511651,1,[-1.63205774  0.03146756  7.69197393 14.55374557 -1.62823112  0.28798645],"[  0.8016629    0.08495752 -18.59967246  16.9106673   -1.3121272
  -0.08442824]",[ 6.65539425  0.86889719 -1.81853372 14.10305887 -1.31591542 -0.08606473],"[-6.36016091e+01  3.84145379e+00  4.11590454e-01  2.81778152e+01
 -1.30617499e+00 -1.47457203e-02]","[-4.68263299e-01  1.11128301e-02  1.41854695e+02  6.84253473e+01
 -1.27813736e+00  1.92830771e-01]","[  4.74171567   0.13299435  11.76635376 -53.79270403  -1.23626062
  -0.34898026]","[-1.28103621e+01  2.74887118e-02  2.15654536e+01  2.78261270e+02
 -1.23156838e+00  4.46091178e-01]","[-5.60069364e-01  5.04379365e-03  3.11985645e+02  1.76733602e+02
 -1.26400177e+00 -2.42781660e-01]",007,FW
119,2,0.5904086336733119,1,[-1.61404222  0.06206705 22.59711427 38.47269659 -0.7142607   0.90638699],"[  0.74753776   0.08833037 -17.89837081  15.37970805  -1.31541564
  -0.03221843]",[ 6.10184009  0.90475284 -1.74742554 12.66251123 -1.31360415 -0.03089493],"[-6.11938019e+01  3.79348615e+00  4.16780410e-01  2.75043778e+01
 -1.30060590e+00 -2.64351393e-02]","[-4.60820041e-01  1.25245649e-02  1.25968108e+02  6.00486287e+01
 -1.28641988e+00  1.64499307e-01]","[  4.81398633   0.10067689  15.37827394 -72.03080046  -1.1534823
  -0.48862034]","[-1.27938093e+01  5.24077230e-02  2.78290856e+01  3.58040015e+02
 -9.33274935e-01  7.69163982e-01]","[-5.57141000e-01  4.24125450e-03  3.70494987e+02  2.08417947e+02
 -1.24460850e+00 -2.77099895e-01]",007,FW
120,2,0.5904086336733119,1,[-1.56620166  0.10346644 14.82204079 25.21430494 -1.11745262  0.56462257],"[ 6.92155742e-01  8.88373412e-02 -1.77974202e+01  1.43185865e+01
 -1.31501200e+00  1.56805517e-02]","[ 5.53113314e+00  9.14666566e-01 -1.72864011e+00  1.15613386e+01
 -1.30772507e+00  2.94474268e-03]","[-5.88112171e+01  3.73467177e+00  4.23349101e-01  2.68976759e+01
 -1.29610230e+00 -2.31739206e-02]","[-4.52530385e-01  1.38329632e-02  1.14136003e+02  5.36500092e+01
 -1.29536556e+00  1.34172863e-01]","[ 4.86562080e+00  6.76107678e-02  2.23106775e+01 -1.06555297e+02
 -9.75307455e-01 -6.97312691e-01]","[-1.27574940e+01  7.65873499e-02  2.03522313e+01  2.61643468e+02
 -1.29210890e+00  3.72876916e-01]","[-5.54675387e-01  3.51640913e-03  4.46759976e+02  2.49806763e+02
 -1.22772505e+00 -2.84280959e-01]",007,FW
121,2,0.5904086336733119,1,[-1.49199072  0.14082798 11.10144056 18.56324633 -1.24167513  0.35978821],"[  0.63727433   0.08661221 -18.24949682  13.62993589  -1.31161338
   0.06135247]",[ 4.95657679  0.90913072 -1.73912586 10.62011088 -1.3022056   0.01894473],"[-5.64531712e+01  3.69678737e+00  4.27702252e-01  2.61451485e+01
 -1.29388926e+00 -8.74004733e-03]","[-4.43502251e-01  1.49337594e-02  1.05793559e+02  4.89196817e+01
 -1.30496401e+00  9.79481301e-02]","[ 4.89678702e+00  3.69960174e-02  3.69758322e+01 -1.79062776e+02
 -5.39247629e-01 -1.01470712e+00]","[-1.27091054e+01  8.86508956e-02  1.78109491e+01  2.28361229e+02
 -1.38425531e+00  8.45216192e-02]","[-5.52587541e-01  2.96171358e-03  5.31672638e+02  2.95795676e+02
 -1.22444880e+00 -2.27330950e-01]",007,FW
122,2,0.5904086336733119,1,[-1.39569162  0.17153301  9.17522091 14.80577889 -1.28781089  0.2336349 ],"[  0.58452432   0.0819285  -19.28098757  13.27020619  -1.30533981
   0.10652031]",[ 4.38588597  0.89708595 -1.76245552  9.72992891 -1.29926003  0.02271487],"[-5.41054439e+01  3.69667632e+00  4.27715154e-01  2.51417183e+01
 -1.29436817e+00  8.98779680e-03]","[-4.33914662e-01  1.56931732e-02  1.00727480e+02  4.57071304e+01
 -1.31337608e+00  5.39127951e-02]","[ 4.90919500e+00  1.58781933e-02  2.22683921e+01 -1.07319879e+02
 -1.40208100e+00 -4.21030394e-01]","[-1.26577358e+01  8.59353924e-02  1.83295067e+01  2.34010053e+02
 -1.36818289e+00 -1.80827482e-01]","[-5.50738374e-01  2.67722529e-03  5.90151508e+02  3.27019082e+02
 -1.23171751e+00 -7.20116527e-02]",007,FW
123,2,0.4422768925182699,1,[-1.28216922  0.19447826  8.11587756 12.40592839 -1.30815467  0.14427646],"[  0.53532379   0.07518145 -20.9910804   13.23702471  -1.29577462
   0.15248843]",[ 3.82275834  0.88349622 -1.7895669   8.84108179 -1.29949548  0.02244621],"[-5.17500691e+01  3.73104184e+00  4.23764820e-01  2.39298587e+01
 -1.29745423e+00  2.07246767e-02]","[-4.24021008e-01  1.59805595e-02  9.89385277e+01  4.39520143e+01
 -1.31799023e+00  2.70184067e-03]","[ 4.90589547e+00  2.20474540e-02 -6.13903156e+01  3.03174471e+02
 -7.64873187e-01 -8.42728141e-01]","[-1.26128480e+01  6.88805597e-02  2.23311297e+01  2.83659144e+02
 -1.20998739e+00 -5.05683056e-01]","[-5.48943936e-01  2.74445533e-03  5.75076384e+02  3.17684694e+02
 -1.22027773e+00  1.39437969e-01]",007,FW
124,2,0.4379454304754507,1,[-1.15668291  0.20900116  7.56167008 10.74645454 -1.31742475  0.07251328],"[  0.49080611   0.06686957 -23.56810148  13.56736816  -1.28229852
   0.20005748]",[ 3.26929282  0.86842039 -1.82060183  7.95208047 -1.30215303  0.02673693],"[-4.93762930e+01  3.77735268e+00  4.18570854e-01  2.26674771e+01
 -1.30254165e+00  1.94977344e-02]","[-4.14133378e-01  1.57122768e-02  1.00604448e+02  4.36636600e+01
 -1.31671908e+00 -5.32945239e-02]","[ 4.89091789e+00  3.46698988e-02 -4.47093151e+01  2.20669589e+02
 -1.27423577e+00 -4.26139540e-01]","[-1.25831409e+01  4.18244963e-02  3.17487587e+01  4.01499106e+02
 -6.61838342e-01 -9.07059164e-01]","[-5.46996355e-01  3.18536244e-03  4.93046455e+02  2.71694614e+02
 -1.19772683e+00  2.92066224e-01]",007,FW
125,2,0.3591456886639332,1,"[-1.02473819e+00  2.14723265e-01  7.36329989e+00  9.54545461e+00
 -1.32029675e+00  8.63419270e-03]","[  0.4517725    0.05756084 -27.32924001  14.3465991   -1.26437116
   0.24997286]",[ 2.72846508  0.847836   -1.86464207  7.08761075 -1.305611    0.04182816],"[-4.69897464e+01  3.80019066e+00  4.16065594e-01  2.15508167e+01
 -1.30824739e+00  2.39541260e-03]","[-4.04586634e-01  1.48853353e-02  1.06112112e+02  4.49315423e+01
 -1.30867986e+00 -1.10918563e-01]","[ 4.86878812e+00  4.14945782e-02 -3.80328720e+01  1.87173995e+02
 -1.37477887e+00 -1.16370156e-01]","[-1.25755810e+01  2.76011284e-02 -1.28261712e+01 -1.59296555e+02
 -1.45288916e+00 -3.83036679e-01]","[-5.44692201e-01  3.95080662e-03  3.96443511e+02  2.17939688e+02
 -1.19887409e+00  3.43453486e-01]",007,FW
126,2,0.768555366655311,1,[-0.89192991  0.21159398  7.47052349  8.66318335 -1.3181054  -0.05322181],"[  0.41867523   0.04783383 -32.80544297  15.73482624  -1.24110883
   0.30392927]",[ 2.20600205  0.81556137 -1.93790021  6.27501184 -1.3079026   0.07106762],"[-4.46177040e+01  3.76018329e+00  4.20457014e-01  2.07598266e+01
 -1.31258745e+00 -3.05246488e-02]","[-3.95688350e-01  1.35886082e-02  1.16094489e+02  4.79372366e+01
 -1.29418457e+00 -1.66252613e-01]","[ 4.84399705e+00  4.17574532e-02 -3.78086581e+01  1.85145028e+02
 -1.36037181e+00  1.09754852e-01]","[-1.25948344e+01  5.99242610e-02 -2.31810879e+01 -2.89961963e+02
 -6.32621039e-01 -9.58349289e-01]","[-5.41860761e-01  4.94884216e-03  3.16708736e+02  1.73612037e+02
 -1.22141921e+00  3.28388896e-01]",007,FW
127,2,0.768555366655311,1,[-0.76374114  0.1999545   7.89824716  8.03221631 -1.31048637 -0.11774862],"[ 3.91636212e-01  3.82038295e-02 -4.09309620e+01  1.80300469e+01
 -1.21002462e+00  3.65997002e-01]",[ 1.71126761  0.76526739 -2.06378538  5.53168906 -1.30663511  0.11681384],"[-42.30959951   3.6224529    0.43625137  20.45762057  -1.31324183
  -0.07866582]","[-3.87665656e-01  1.19927923e-02  1.31356679e+02  5.29224730e+01
 -1.27498854e+00 -2.12999498e-01]","[ 4.82050551e+00  3.64763911e-02 -4.29398454e+01  2.08991761e+02
 -1.28598628e+00  3.19885146e-01]","[-1.26431885e+01  1.04460385e-01 -1.45660072e+01 -1.82160775e+02
 -1.04580020e+00 -6.33171793e-01]","[-5.38384218e-01  6.07386308e-03  2.58594443e+02  1.41223167e+02
 -1.24806237e+00  2.85300845e-01]",007,FW
128,2,0.6801181998635066,1,[-0.64531346  0.18055158  8.73083995  7.63412857 -1.29541037 -0.19032303],"[ 3.70506572e-01  2.90582528e-02 -5.35107231e+01  2.18260746e+01
 -1.16418010e+00  4.45527826e-01]",[ 1.25710506  0.6919496  -2.27864108  4.86449124 -1.29783087  0.18324858],"[-40.13331531   3.3624457    0.46942241  20.83947751  -1.30720874
  -0.14334859]","[-3.80623050e-01  1.03243668e-02  1.52441493e+02  6.00227461e+01
 -1.25575762e+00 -2.39909279e-01]","[ 4.80136229e+00  2.73774962e-02 -5.59786769e+01  2.70773908e+02
 -1.12049186e+00  5.67712062e-01]","[ -12.72088214    0.14944195  -10.40812511 -130.40053275   -1.19101014
   -0.43410412]","[-5.34204564e-01  7.22835262e-03  2.17748590e+02  1.18322291e+02
 -1.26921360e+00  2.36210772e-01]",007,FW
129,2,0.6154888537310919,1,[-0.54123243  0.15449079 10.16742343  7.50293934 -1.26760321 -0.27951007],"[ 3.54960694e-01  2.06244724e-02 -7.45396103e+01  2.84586318e+01
 -1.08210636e+00  5.64881541e-01]",[ 0.8588929   0.59282836 -2.64934298  4.27550186 -1.27267162  0.28006365],"[-38.16883574   2.96846384   0.53025263  22.23912556  -1.28893822
  -0.23063935]","[-3.74523672e-01  8.82729784e-03  1.78369667e+02  6.88036625e+01
 -1.24466161e+00 -2.30119172e-01]","[ 4.78848859e+00  1.65934100e-02 -8.54964317e+01  4.11398688e+02
 -7.13642851e-01  9.12501692e-01]","[ -12.82664708    0.19182695   -8.17512626 -102.85945935   -1.24943327
   -0.31285408]","[-5.29317245e-01  8.33892965e-03  1.89046832e+02  1.02065748e+02
 -1.28298785e+00  1.91275293e-01]",007,FW
130,2,0.6154888537310919,1,[-0.45535783  0.12316249 12.65897873  7.76436511 -1.21240425 -0.402122  ],"[ 3.44602169e-01  1.30026139e-02 -1.14364262e+02  4.14101727e+01
 -8.84450840e-01  7.77023630e-01]",[ 0.53312216  0.46807877 -3.32257839  3.77134017 -1.2063084   0.42987994],"[-36.50079563   2.44227698   0.64027403  25.37051145  -1.24362299
  -0.35641248]","[-3.69197228e-01  7.71935356e-03  2.04366153e+02  7.74514172e+01
 -1.24732463e+00 -1.67700978e-01]","[ 4.78264716e+00  7.53972029e-03 -8.51157739e+01  4.09078715e+02
 -9.81219573e-01  6.29048836e-01]","[-12.95822855   0.23019566  -6.83817239 -86.61060069  -1.27649891
  -0.23238876]","[-5.23756515e-01  9.36230998e-03  1.68559643e+02  9.02842113e+01
 -1.29097631e+00  1.54055971e-01]",007,FW
131,2,0.6154888537310919,1,[-0.39070483  0.0882476  17.32740833  8.76990208 -1.08198887 -0.59504389],"[ 3.39058472e-01  6.46735866e-03 -1.87897224e+02  6.57081455e+01
 -4.00240782e-01  1.03919763e+00]",[ 0.29564252  0.32227761 -4.67297822  3.38153105 -1.01059165  0.68402884],"[-35.21058743   1.80118582   0.85220605  32.00667548  -1.12178443
  -0.55801103]","[-3.64368193e-01  7.15421092e-03  2.20924665e+02  8.24979210e+01
 -1.25614075e+00 -5.49926048e-02]","[ 4.78357504e+00  9.36111714e-03  1.34078624e+02 -6.39375161e+02
 -6.09978601e-01  8.97916843e-01]","[-13.11269817   0.26368363  -5.98152632 -76.43394923  -1.29123182
  -0.17398603]","[-5.17579559e-01  1.02800439e-02  1.53614777e+02  8.15078687e+01
 -1.29556529e+00  1.24460743e-01]",007,FW
132,2,0.6154888537310919,1,[-0.34936954  0.05225634 27.01485328 11.43816691 -0.70181958 -0.91706658],"[ 3.38053790e-01  4.45600677e-03  1.54867560e+02 -5.03535655e+01
 -9.86444899e-01  6.12948049e-01]",[ 0.15973616  0.17199246 -7.16893332  3.14513789 -0.48000946  0.9880446 ],"[-34.36843616   1.09184386   1.29717393  46.58183944  -0.7384228
  -0.89397721]","[-3.59696967e-01  7.19895212e-03  2.19513465e+02  8.09583276e+01
 -1.25662160e+00  7.41468694e-02]","[ 4.79023215e+00  1.60933147e-02  9.50604257e+01 -4.53361507e+02
 -1.16634215e+00  5.51741556e-01]","[-13.28647083   0.29131948  -5.420505   -70.01938158  -1.30175782
  -0.12554037]","[-5.10853709e-01  1.10881290e-02  1.42480995e+02  7.47869449e+01
 -1.29841002e+00  1.00804225e-01]",007,FW
133,2,0.1243904026034986,1,[-0.33248622  0.02468608 17.96366483  7.97267108 -1.37122983 -0.41773543],"[ 3.41455581e-01  9.66202022e-03  1.48658744e+02 -4.87603577e+01
 -7.41083803e-01  8.91056286e-01]",[ 0.13441882  0.12192302  5.28530824  1.28955511 -1.05404953  0.57369876],"[-34.0262343    0.53275264   0.77249498  28.28509531  -1.43357745
  -0.37936575]","[-3.54829158e-01  7.83047435e-03  2.01433826e+02  7.34745950e+01
 -1.25046007e+00  1.74207496e-01]","[ 4.80110981e+00  2.10299513e-02  7.47164860e+01 -3.56722054e+02
 -1.32118946e+00  2.54916411e-01]","[-13.47506049   0.31148126  -5.0736082  -66.36717733  -1.31116831
  -0.07762943]","[-5.03646847e-01  1.17905046e-02  1.34030776e+02  6.95041779e+01
 -1.29993911e+00  8.17792954e-02]",007,FW
134,2,0.1243904026034986,1,"[ -0.34020188   0.03956769 -32.58667153  -9.08604695  -0.51430471
  -0.99254623]","[ 3.49287710e-01  1.63344932e-02  9.35164946e+01 -3.06641623e+01
 -1.04694057e+00  6.14607565e-01]",[ 0.22346674  0.25879137  5.54178655  0.76159504 -0.7669457   0.87661703],"[-34.21216721   0.88997978  -1.44871147 -47.56355917  -0.49959904
  -1.00396315]","[-3.49448213e-01  8.94199786e-03  1.76133286e+02  6.35494622e+01
 -1.25203410e+00  2.21723692e-01]","[ 4.81454100e+00  2.34653677e-02  6.73383803e+01 -3.22203393e+02
 -1.34608154e+00  7.04256608e-02]","[-1.36727353e+01  3.21760083e-01 -4.91365240e+00 -6.51830685e+01
 -1.31899826e+00 -2.32552437e-02]","[-4.96019809e-01  1.24000371e-02  1.27464403e+02  6.52248690e+01
 -1.30006092e+00  6.74622554e-02]",007,FW
135,2,0.1243904026034986,1,"[ -0.37166436   0.0724605  -20.86998242  -5.75662858  -1.02753161
  -0.66369235]","[ 3.61702519e-01  2.35841428e-02  6.58147592e+01 -2.18053642e+01
 -1.15374416e+00  4.66024978e-01]",[ 0.42548663  0.42477803  3.61330846  0.46258556 -1.10791632  0.56436171],"[-34.92830523   1.64418916  -0.91808687 -30.06721849  -1.01086239
  -0.67747827]","[-3.43328102e-01  1.03440988e-02  1.52267640e+02  5.42777597e+01
 -1.26774629e+00  2.18603025e-01]","[ 4.82895639e+00  2.36304660e-02  6.68836994e+01 -3.20978468e+02
 -1.33403675e+00 -5.90851719e-02]","[-1.38723187e+01  3.19462415e-01 -4.94842133e+00 -6.66460778e+01
 -1.32224533e+00  4.19047806e-02]","[-4.88020425e-01  1.29418603e-02  1.22139073e+02  6.16063622e+01
 -1.29909801e+00  5.85748338e-02]",007,FW
136,2,0.1243904026034986,1,"[ -0.42503984   0.10428501 -14.92084085  -4.34195186  -1.20694543
  -0.42477232]","[ 3.78908825e-01  3.13119660e-02  4.99109142e+01 -1.69116859e+01
 -1.20705351e+00  3.74701803e-01]",[ 0.73502303  0.58453264  2.67043385  0.03716963 -1.21731492  0.38679783],"[-36.15205567   2.39596431  -0.64851464 -21.44513744  -1.19100999
  -0.44391895]","[-3.36383831e-01  1.17655308e-02  1.34044831e+02  4.70905138e+01
 -1.29283989e+00  1.76296502e-01]","[ 4.84304398e+00  2.20259535e-02  7.16237972e+01 -3.44877200e+02
 -1.30912589e+00 -1.62336039e-01]","[-14.065361     0.30257306  -5.21904739 -71.40778565  -1.31649183
   0.12055843]","[-4.79679362e-01  1.34508696e-02  1.17520981e+02  5.83723892e+01
 -1.29785066e+00  5.49710254e-02]",007,FW
137,2,0.1243904026034986,1,"[ -0.49758103   0.13170234 -11.92619604  -3.93424895  -1.27360104
  -0.27864221]","[ 4.01057908e-01  3.92962420e-02  3.99308476e+01 -1.40145822e+01
 -1.24360766e+00  3.04289786e-01]",[ 1.14432363  0.73227465  2.14478223 -0.454325   -1.25776836  0.28431981],"[-37.84106092   3.07843246  -0.50955239 -17.28200302  -1.25605638
  -0.30672673]","[-3.28711522e-01  1.28777161e-02  1.22661706e+02  4.23203159e+01
 -1.31818755e+00  1.05306849e-01]","[ 4.85579373e+00  1.91614067e-02  8.20375788e+01 -3.96357561e+02
 -1.27648875e+00 -2.62581464e-01]","[-14.24275207   0.27065468  -5.81859469 -80.87280155  -1.29595014
   0.21662119]","[-4.71009132e-01  1.39606905e-02  1.13229382e+02  5.53320731e+01
 -1.29709458e+00  5.49207023e-02]",007,FW
138,2,0.1243904026034986,1,"[ -0.58574928   0.1531618  -10.29615613  -4.03096602  -1.30281376
  -0.17662998]","[  0.42809779   0.04706391  33.43784276 -12.31466671  -1.27301854
   0.23922126]",[ 1.64510906  0.86803832  1.81423908 -0.98462115 -1.27506508  0.22141531],"[-39.93966247   3.66911759  -0.42923191 -15.14337775  -1.28351012
  -0.21851173]","[-3.20602825e-01  1.33532372e-02  1.18394563e+02  3.99576314e+01
 -1.33469468e+00  1.19626972e-02]","[ 4.86644174e+00  1.53913908e-02  1.01327741e+02 -4.91105551e+02
 -1.22209666e+00 -3.95422862e-01]","[-14.39566222   0.22523876  -6.95002818 -98.05025813  -1.24965319
   0.33998408]","[-4.62009337e-01  1.44885864e-02  1.09103311e+02  5.24067484e+01
 -1.29737922e+00  5.54628227e-02]",007,FW
139,2,0.1243904026034986,1,[-0.68538077  0.16769313 -9.42112149 -4.45705546 -1.3161946  -0.09661563],"[  0.45962188   0.05390261  29.26074252 -11.44887752  -1.29720964
   0.17281646]",[ 2.22974111  0.99349245  1.58733371 -1.53934322 -1.28399851  0.17996073],"[-42.38465352   4.15925835  -0.37938641 -14.08016159  -1.29683595
  -0.15645666]","[-3.12520747e-01  1.29433258e-02  1.22031792e+02  4.01374668e+01
 -1.33370620e+00 -1.02673143e-01]","[ 4.87436594e+00  1.08981958e-02  1.39349557e+02 -6.77240735e+02
 -1.06690103e+00 -6.29431855e-01]","[ -14.51657949    0.16968961   -9.09469092 -130.02380371   -1.14643744
    0.51519057]","[-4.52680298e-01  1.50220293e-02  1.05231106e+02  4.96360484e+01
 -1.29912915e+00  5.30534064e-02]",007,FW
140,0,0.0330403314600658,0,[-0.86452344  0.3118401  -4.70834206 -2.07047209 -0.4415049  -0.95272948],[ 0.51911654  0.10544807 13.85398914 -5.19183493 -0.4150259   0.98445016],[ 3.81046318  2.97235042  0.45830919  0.25362971 -0.05321197  1.27169989],"[-48.07759085  10.43092852  -0.13418469  -4.45127653  -0.16780447
  -1.18162877]","[-3.06510199e-01  9.78383694e-03  1.51170848e+02  4.83354067e+01
 -1.20570021e+00 -5.12502201e-01]","[ 4.85917958e+00  4.35101870e-02 -2.21162362e+01  1.09466763e+02
  1.55121256e-01 -1.43272705e+00]","[-14.51395382   0.17452006   1.79743286  28.08785753  -1.09030636
   0.55740588]","[-4.33999795e-01  3.31551860e-02  4.28734997e+01  2.06070901e+01
 -2.41496117e-01  1.11780649e+00]",007,FW
141,0,0.0438605652895953,0,[-1.02828953  0.33522109 -4.48549967 -2.61239236 -1.73948266 -0.24123852],[ 0.57212211  0.11160104 13.37993394 -5.65495603 -1.73900711  0.23744482],[ 5.46787482  3.64077932  0.40607444 -0.22036419 -1.75482319  0.37464931],"[-53.77737249  12.26097792  -0.12135011  -4.52588982  -1.76234507
  -0.3362097 ]","[-3.03390215e-01  5.81651681e-03  1.34548318e+02  4.28206430e+01
 -9.73987999e-01 -4.04468325e-01]","[ 4.83392790e+00  6.67280516e-02 -2.07851815e+01  1.02474068e+02
 -1.55425458e+00 -5.32886431e-01]","[-14.4572723    0.24179251   5.16210072  76.62989574  -1.62672051
   0.37634264]","[-4.15960120e-01  3.80487779e-02  3.92254697e+01  1.83162311e+01
 -1.76033382e+00  3.16371981e-01]",007,FW
142,0,0.1070906847837345,0,[-1.16996681  0.29796957 -4.73956921 -3.54513868 -1.71357946  0.46219564],[ 0.61549048  0.09601366 14.02964921 -6.63511549 -1.68768522 -0.4522893 ],[ 7.17157341  3.69453251  0.40282189 -0.88886673 -1.75789888 -0.34235194],"[-59.33339745  11.93872103  -0.1230658   -5.30191223  -1.75958729
   0.3899843 ]","[-3.03218634e-01  5.50567715e-03 -1.88164500e+02 -5.50549827e+01
 -1.06841926e+00 -2.97097400e-01]","[ 4.79778768e+00  8.38937416e-02 -1.82319746e+01  8.94731429e+01
 -1.60569429e+00  3.08598453e-02]","[-14.35649893   0.29033998   5.10066407  75.22767824  -1.72156943
  -0.23628392]","[-3.98969439e-01  3.62874225e-02  4.01996821e+01  1.80384446e+01
 -1.75680010e+00 -4.08918898e-01]",007,FW
143,0,0.1736973796301424,0,[-1.28394629  0.21311949 -5.07642893 -4.51786211  0.23260998  1.4872454 ],[ 0.64654823  0.06679101 11.82269479 -5.64394235 -0.11286921 -1.25100774],[ 8.88679096  3.114583    0.4481356  -1.98248736 -0.15561058 -1.19217049],"[-6.46017483e+01  9.54802044e+00 -1.38932742e-01 -6.97529802e+00
  3.20319366e-02  1.33987220e+00]","[-3.05792332e-01  8.18416190e-03 -1.91508543e+02 -5.65618441e+01
 -1.41782675e+00 -2.24459914e-01]","[  4.75018307   0.0908099  -17.09954309  83.22596006  -0.9072104
   0.41835167]","[-14.22414826   0.27789768   5.22176909  76.2752177   -0.38791451
  -1.02237804]","[-3.83469477e-01  2.82591364e-02  4.53529507e+01  1.93914723e+01
  1.16144775e-01 -1.40377204e+00]",007,FW
144,0,0.2736475128545692,0,"[-1.36602174e+00  3.17860893e-02  3.95604309e+01  5.60404088e+01
 -4.94525271e-01  9.90059585e-01]","[ 6.63369983e-01  3.21671662e-02 -4.74523398e+01  3.34784578e+01
 -1.10519469e+00 -5.92443596e-01]","[ 10.57440222   1.20904736   1.30402779 -11.78931431  -1.29532449
  -0.18527739]","[-69.44828107   2.50476972  -0.62287997 -41.2579432   -1.20887156
   0.39542342]","[-3.10657120e-01  8.77738115e-03 -1.79920316e+02 -5.38935273e+01
 -1.34201658e+00  1.07365838e-01]","[ 4.69097809e+00  7.69984983e-02 -2.04826772e+01  9.80837898e+01
 -1.29197046e+00 -1.75880975e-01]","[-1.40741620e+01  1.28790966e-01  1.21244941e+01  1.72642094e+02
 -1.24226168e+00 -3.74514045e-01]","[-3.69911907e-01  5.20230722e-03  2.86898490e+02  1.08127167e+02
 -9.48535588e-01 -7.36835311e-01]",007,FW
145,0,0.3194415030989347,0,[-1.34100003  0.05869065 25.72513347 36.49740486 -1.02851536  0.66814517],"[  0.64061934   0.04380275 -35.71579205  24.88022695  -1.26572666
  -0.34286041]","[ 11.27252854   1.03788561   1.51389564 -15.06543177  -1.27148315
  -0.27268848]","[-70.78309134   1.8214864   -0.84410231 -57.74817087  -1.10742062
   0.55458547]","[-3.15683124e-01  7.76136960e-03 -2.02358325e+02 -6.18811082e+01
 -1.29755523e+00  2.72592909e-01]","[ 4.64047907e+00  8.47304848e-02 -1.86395870e+01  8.84966135e+01
 -1.30951444e+00 -1.16399376e-01]","[-1.40069852e+01  9.33407016e-02  1.63557346e+01  2.31094532e+02
 -1.08513326e+00 -6.01399744e-01]","[-3.67771300e-01  2.65563444e-03  4.38196845e+02  1.63156224e+02
 -4.42565022e-01 -9.86316171e-01]",007,FW
146,0,0.3381459497665767,0,[-1.29819059  0.0840641  18.52591786 26.05017221 -1.22255782  0.41053229],"[  0.61144764   0.05198813 -30.32684208  20.54327608  -1.31978679
  -0.17807865]","[ 11.84886428   0.82927322   1.87998828 -20.27572594  -1.21657552
  -0.40134464]","[-71.67240781   1.13466845  -1.2886148  -90.35812519  -0.82965424
   0.83019693]","[-3.19857546e-01  6.06352732e-03 -2.55080095e+02 -7.95892930e+01
 -1.18391603e+00  4.84673564e-01]","[ 4.58631611e+00  8.93389052e-02 -1.76940052e+01  8.31503009e+01
 -1.32251458e+00 -4.77303361e-02]","[-1.39638894e+01  5.47024284e-02  2.54427969e+01  3.57280401e+02
 -6.55665524e-01 -9.44264547e-01]","[-3.67497886e-01  2.10475955e-03 -3.84936996e+02 -1.39463532e+02
 -7.88910235e-01 -7.17877509e-01]",007,FW
147,0,0.3395984259143262,0,[-1.24048249  0.10461711 15.03172288 20.6465891  -1.29002008  0.25068696],"[  0.57827131   0.05614634 -28.1508182   18.27881062  -1.33479209
  -0.05386997]","[ 12.28118786   0.5914009    2.57899476 -29.67311908  -1.07314778
  -0.61062428]","[ -72.10857666    0.53718795   -1.78108812 -126.43172904   -0.55439274
    0.87240373]","[-3.22808162e-01  3.94330773e-03 -3.71909384e+02 -1.18055385e+02
 -8.75589685e-01  8.02095410e-01]","[ 4.53077131e+00  8.97383213e-02 -1.76168006e+01  8.18176948e+01
 -1.32735481e+00  3.12267927e-02]","[-1.39466513e+01  2.57541494e-02  1.29323453e+01  1.82362910e+02
 -1.48891327e+00 -3.62735453e-01]","[-3.69105375e-01  4.43299286e-03 -3.27701663e+02 -1.18956445e+02
 -8.18026679e-01 -8.41321224e-01]",007,FW
148,0,0.3420749512057514,0,[-1.17146629  0.11911424 13.25158289 17.52378266 -1.31462786  0.14016659],"[  0.54362557   0.0562797  -28.08587472  17.26819973  -1.33038531
   0.05019574]","[ 12.55236636   0.34284396   4.0314195  -48.60385454  -0.64344087
  -0.9482808 ]","[-72.09703033   0.56067698   1.91735971 140.23594146  -0.49573956
   0.92032678]","[-3.24306064e-01  1.91436106e-03 -4.95497418e+02 -1.58692817e+02
 -5.73651237e-01  8.56737917e-01]","[  4.47662147   0.08529086 -18.51386996  84.87958769  -1.31994521
   0.12181934]","[-1.39545170e+01  4.05515525e-02 -3.27111744e+01 -4.54468638e+02
 -6.30437049e-01 -9.28783059e-01]","[-3.72538446e-01  7.11172487e-03 -2.16380953e+02 -7.86102240e+01
 -1.12447243e+00 -5.42462611e-01]",007,FW
149,0,0.4708455696278196,0,[-1.09508854  0.12723869 12.42264214 15.60389304 -1.32161186  0.05683096],"[  0.50989645   0.05283594 -29.87099298  17.23111319  -1.31306149
   0.14546535]","[ 12.65224547   0.16943664   1.0156275  -10.84996843  -1.66230385
  -0.27877173]","[-71.65696798   1.11392289   1.33410619  97.59800419  -0.93689277
   0.75062347]","[-3.24284466e-01  1.95807717e-03  5.48545195e+02  1.79884686e+02
 -5.41636719e-01  8.83022341e-01]","[ 4.42682867e+00  7.60151152e-02 -2.07076763e+01  9.36693352e+01
 -1.29486399e+00  2.28166841e-01]","[-1.39844503e+01  6.87901082e-02 -2.22664763e+01 -3.09384431e+02
 -1.15252721e+00 -5.54140880e-01]","[-3.77673750e-01  9.63506309e-03 -1.62205545e+02 -5.92607764e+01
 -1.23070940e+00 -3.67678800e-01]",007,FW
150,0,0.4708455696278196,0,"[-1.01530340e+00  1.29273037e-01  1.22304207e+01  1.44175877e+01
 -1.32054349e+00 -1.11990164e-02]","[  0.47910492   0.04656549 -33.78973301  18.18882726  -1.28343822
   0.24087738]",[12.57892058  0.30488364 -4.39925902 57.33792986 -0.58635374 -0.96899228],"[-70.82212643   1.68123607   0.92165585  67.27362715  -1.18027132
   0.47186639]","[-3.22842587e-01  3.71760623e-03  4.02745644e+02  1.32023445e+02
 -1.02367913e+00  6.90421758e-01]","[ 4.38416865e+00  6.26073077e-02 -2.49691589e+01  1.11469004e+02
 -1.24030999e+00  3.61545542e-01]","[-1.40315494e+01  9.04345371e-02 -1.73570012e+01 -2.41545620e+02
 -1.30772388e+00 -2.78365125e-01]","[-3.84320629e-01  1.18399973e-02 -1.32825153e+02 -4.90474464e+01
 -1.27790749e+00 -2.53109411e-01]",007,FW
151,0,0.4708455696278196,0,[-0.93582924  0.12578689 12.564182   13.75792892 -1.31532695 -0.0726335 ],"[ 4.52761010e-01  3.83777522e-02 -4.07831478e+01  2.04650192e+01
 -1.23653046e+00  3.46173678e-01]",[12.3390731   0.53784698 -2.82840795 36.89993248 -1.06531588 -0.62479967],"[-69.64097029   2.17621881   0.72074051  52.19306826  -1.2648034
   0.30567853]","[-3.20236642e-01  5.24251464e-03  2.97910533e+02  9.74018688e+01
 -1.28257179e+00  3.56800095e-01]","[ 4.35088992e+00  4.63062385e-02 -3.32030293e+01  1.46462726e+02
 -1.12042313e+00  5.49617861e-01]","[-1.40895630e+01  1.01944760e-01 -1.54951674e+01 -2.16320137e+02
 -1.35028531e+00 -8.77553786e-02]","[-3.92222478e-01  1.36029655e-02 -1.15966039e+02 -4.34844871e+01
 -1.30264091e+00 -1.66160404e-01]",007,FW
152,0,0.4708455696278196,0,[-0.86006067  0.11735755 13.45186185 13.56941737 -1.30657479 -0.1364526 ],"[ 4.31787867e-01  2.92346398e-02 -5.30382984e+01  2.49012937e+01
 -1.15843693e+00  4.74338359e-01]",[11.94738256  0.75667776 -2.06059091 26.61866789 -1.22280895 -0.39797075],"[-68.17587081   2.56719001   0.61395974  43.85724017  -1.30037288
   0.19304797]","[-3.16863474e-01  6.09756634e-03  2.58874570e+02  8.40278955e+01
 -1.36408535e+00  1.15283189e-01]","[ 4.32848925e+00  2.88029181e-02 -5.04478930e+01  2.20363162e+02
 -8.06570281e-01  8.48781769e-01]","[-1.41514210e+01  1.02227177e-01 -1.54542698e+01 -2.16699878e+02
 -1.35139915e+00  7.90938987e-02]","[-4.01062472e-01  1.48201876e-02 -1.06608598e+02 -4.07567080e+01
 -1.31548024e+00 -9.28542380e-02]",007,FW
153,0,0.3638227046542204,0,[-0.79109325  0.10442093 15.08379026 13.93268469 -1.29069221 -0.21420632],"[ 4.16500972e-01  2.00929494e-02 -7.57462538e+01  3.35483883e+01
 -1.01649067e+00  6.45267941e-01]",[11.42528835  0.94074329 -1.67122347 21.09421007 -1.28129454 -0.25820688],"[-66.50106441   2.8345407    0.55726602  39.05878331  -1.31660531
   0.10607123]","[-3.13240024e-01  6.08436945e-03  2.59399532e+02  8.32543154e+01
 -1.37281387e+00 -1.14690515e-01]","[ 4.31764577e+00  1.34842050e-02 -6.59002452e+01  2.86533915e+02
 -6.27244796e-01  8.25530550e-01]","[-1.42096934e+01  9.11270517e-02 -1.72308673e+01 -2.42845340e+02
 -1.31205991e+00  2.70961758e-01]","[-4.10477713e-01  1.54239757e-02 -1.02501706e+02 -4.00746660e+01
 -1.32008384e+00 -2.72966111e-02]",007,FW
154,0,0.6640169926530317,0,[-0.73177341  0.08731339 17.94709623 15.1332078  -1.25565055 -0.32307354],"[ 4.06627315e-01  1.18715561e-02 -1.22561085e+02  5.18366848e+01
 -7.32760307e-01  8.90491422e-01]",[10.79945921  1.08061341 -1.46002792 17.76751192 -1.30674077 -0.15973434],"[-6.46993111e+01  2.96642700e+00  5.32943071e-01  3.64810496e+01
 -1.32282037e+00  3.11219448e-02]","[-3.09976105e-01  5.10884945e-03  3.03832778e+02  9.61809010e+01
 -1.27733211e+00 -4.14473992e-01]","[ 4.31829658e+00  1.48024756e-02  7.60611858e+01 -3.26454759e+02
 -4.94640372e-01  9.31716838e-01]","[-1.42569625e+01  6.93458194e-02 -2.20666897e+01 -3.12603968e+02
 -1.15553976e+00  5.56399789e-01]","[-4.20082405e-01  1.53987213e-02 -1.02667301e+02 -4.11287267e+01
 -1.31841437e+00  3.32979178e-02]",007,FW
155,0,0.6640169926530317,0,[-0.68470927  0.06649417 23.25082894 17.9200581  -1.16545833 -0.49475044],"[ 4.01363626e-01  5.43627240e-03 -2.26470598e+02  9.28970604e+01
 -2.11366859e-01  1.18853155e+00]",[10.10018932  1.17083663 -1.34963475 15.63156647 -1.3179036  -0.08178749],"[-6.28573942e+01  2.95902672e+00  5.34252620e-01  3.55817275e+01
 -1.32170607e+00 -3.92268557e-02]","[-3.07736264e-01  3.28614562e-03  4.18044912e+02  1.30647579e+02
 -7.96046105e-01 -8.31970689e-01]","[ 4.32979914e+00  2.86801415e-02  5.21507046e+01 -2.23802076e+02
 -9.76124773e-01  7.17458246e-01]","[-1.42861724e+01  4.03775173e-02 -3.17156154e+01 -4.51094751e+02
 -6.12625357e-01  9.11136275e-01]","[-4.29496535e-01  1.47824969e-02 -1.06884978e+02 -4.39067276e+01
 -1.31180165e+00  9.11675802e-02]",007,FW
156,2,0.6819612088197762,1,[-0.65221983  0.04300325 34.1851337  24.29622192 -0.88785256 -0.79160671],"[ 3.99483732e-01  1.91246949e-03  5.32042829e+01 -1.92542455e+01
 -1.71782712e+00  9.34185900e-02]",[ 9.35967436  1.20915231 -1.30756929 14.23842272 -1.32084963 -0.01452409],"[-61.06076494   2.8179951    0.56051303  36.22535411  -1.3134264
  -0.10941104]","[-3.07189366e-01  2.27959579e-03 -1.16890177e+02 -3.39074193e+01
 -1.51030983e+00 -3.65216011e-01]","[ 4.35112373e+00  4.25441441e-02  3.64913634e+01 -1.56778437e+02
 -1.19123951e+00  4.51461431e-01]","[-1.42910180e+01  3.09276879e-02  1.86318851e+01  2.68268607e+02
 -1.08471436e+00  5.81105650e-01]","[-4.38374154e-01  1.36551349e-02 -1.15578634e+02 -4.86666860e+01
 -1.30061384e+00  1.49038982e-01]",007,FW
157,2,0.6819612088197762,1,"[-6.36234202e-01  2.10818052e-02  4.33739486e+01  2.95959896e+01
 -6.66614227e-01 -7.86800591e-01]","[ 3.99501970e-01  1.93833315e-03  7.78545724e+02 -3.09030551e+02
 -1.70487998e+00  1.08695233e-01]",[ 8.60996983  1.19697995 -1.32066516 13.37088716 -1.31754594  0.04654847],"[-59.38764909   2.55948035   0.61604116  38.58523637  -1.29692236
  -0.18272533]","[-3.08948835e-01  5.33814868e-03 -2.53669937e+02 -7.63710314e+01
 -5.00803315e-01 -1.03575406e+00]","[ 4.38103158e+00  5.47311096e-02  2.86659093e+01 -1.23586254e+02
 -1.26026876e+00  3.02413305e-01]","[-1.42663555e+01  7.03839661e-02  1.99566894e+01  2.86709227e+02
 -6.41940989e-01  9.55471350e-01]","[-4.46425471e-01  1.21218571e-02 -1.29962704e+02 -5.60186613e+01
 -1.28387959e+00  2.10355148e-01]",007,FW
158,2,0.6819612088197762,1,"[-6.38177454e-01  2.50276523e-02 -4.39607662e+01 -2.60547698e+01
 -4.27098259e-01 -9.80485440e-01]","[ 3.99884292e-01  1.67062499e-03  5.95336532e+02 -2.36065728e+02
 -1.16327935e+00 -2.78914390e-01]",[ 7.88056035  1.1400678  -1.38566427 12.91981089 -1.3087481   0.1025989 ],"[-57.90322323   2.2092579    0.71158145  43.20285949  -1.26982576
  -0.26284813]","[-3.13511210e-01  9.95298530e-03 -1.51037025e+02 -4.53518003e+01
 -9.48949938e-01 -7.20161515e-01]","[ 4.41820041e+00  6.49493001e-02  2.42554364e+01 -1.05165379e+02
 -1.28756512e+00  2.09787266e-01]","[-1.42085185e+01  1.23089923e-01  1.23435263e+01  1.77383222e+02
 -1.02256216e+00  6.49564837e-01]","[-4.53429884e-01  1.03001178e-02 -1.52516447e+02 -6.71555150e+01
 -1.25891528e+00  2.79663855e-01]",007,FW
159,2,0.6819612088197762,1,"[ -0.6588796    0.05116502 -28.89177398 -17.03620037  -0.8820575
  -0.78873171]","[ 3.99277354e-01  2.86546103e-03 -3.41420325e+02  1.38321404e+02
 -3.34570285e-01 -1.03892552e+00]",[ 7.19576909  1.04858708 -1.50503019 12.82984971 -1.29545244  0.15218189],"[-56.65497673   1.79961985   0.86928782  51.24948106  -1.22707358
  -0.35575118]","[-3.21203526e-01  1.50710426e-02 -1.02523648e+02 -3.09309571e+01
 -1.13469518e+00 -5.10961066e-01]","[ 4.46127569e+00  7.31134806e-02  2.15885099e+01 -9.43122943e+01
 -1.30081328e+00  1.44718061e-01]","[-14.11539535   0.17919073   8.66012821 124.24113346  -1.16496037
   0.46471318]","[-4.59241405e-01  8.31148331e-03 -1.88134944e+02 -8.43993559e+01
 -1.21988057e+00  3.63881027e-01]",007,FW
160,2,0.6819612088197762,1,"[ -0.69852228   0.08002458 -19.2673913  -11.45870212  -1.12804762
  -0.52844813]","[ 3.96712680e-01  6.39931950e-03 -2.24323046e+02  9.09917969e+01
 -7.41089341e-01 -8.96065730e-01]",[ 6.57247611  0.93624573 -1.6838188  13.06685882 -1.27979328  0.1914183 ],"[-55.67033493   1.36492908   1.13619919  65.25258955  -1.1562742
  -0.47339036]","[-3.32149189e-01  2.02446755e-02 -7.71827220e+01 -2.36361785e+01
 -1.22032885e+00 -3.73438624e-01]","[ 4.50885402e+00  7.91066213e-02  1.99733262e+01 -8.80568121e+01
 -1.30902457e+00  9.20298677e-02]","[-13.98623627   0.23572663   6.6384714   94.8472294   -1.22548081
   0.35177035]","[-4.63789370e-01  6.27653695e-03 -2.47058894e+02 -1.12583289e+02
 -1.15332747e+00  4.75220505e-01]",007,FW
161,2,0.6819612088197762,1,"[ -0.75661619   0.10823968 -14.43391433  -8.92093323  -1.22157059
  -0.37481716]","[ 3.91748230e-01  1.03954889e-02 -1.47556493e+02  5.98049951e+01
 -1.12884351e+00 -5.59705781e-01]",[ 6.01868585  0.81842088 -1.92486554 13.585161   -1.26542175  0.21405725],"[-54.95698335   0.93747119   1.62364859  91.23082861  -1.02155479
  -0.64236107]","[-3.46258273e-01  2.51142173e-02 -6.25639415e+01 -1.96632824e+01
 -1.26488450e+00 -2.74469520e-01]","[ 4.55942344e+00  8.26854710e-02  1.91191289e+01 -8.51722045e+01
 -1.31500195e+00  4.21890885e-02]","[-13.82132988   0.29124341   5.39459373  76.56045955  -1.25494992
   0.2779802 ]","[-4.67074935e-01  4.31116349e-03 -3.53283135e+02 -1.63009697e+02
 -1.02381864e+00  6.38634209e-01]",007,FW
162,2,0.6819612088197762,1,"[ -0.831997     0.13431473 -11.69906611  -7.73358788  -1.26554829
  -0.27289807]","[ 3.84525519e-01  1.37402510e-02 -1.14062501e+02  4.58599423e+01
 -1.29549786e+00 -3.07513482e-01]",[ 5.53337788  0.70974194 -2.21980922 14.28304323 -1.25690612  0.21230421],"[-54.50565227   0.54658258   2.62522606 145.08965891  -0.70333018
  -0.91553344]","[-3.63241701e-01  2.93787326e-02 -5.36456886e+01 -1.74863511e+01
 -1.28990805e+00 -1.97561823e-01]","[ 4.61128860e+00  8.34731601e-02  1.89410818e+01 -8.53427945e+01
 -1.31876972e+00 -1.16549434e-02]","[-13.62175481   0.34480661   4.56666136  64.20594138  -1.27223883
   0.22542669]","[-4.69162475e-01  2.52951604e-03 -5.69984494e+02 -2.65415336e+02
 -7.19911995e-01  9.03738492e-01]",007,FW
163,2,0.6380652640604649,1,"[ -0.92284032   0.15707645 -10.03371245  -7.25951437  -1.28911704
  -0.19740646]","[ 3.75737714e-01  1.55854313e-02 -1.01327966e+02  4.00727383e+01
 -1.36469799e+00 -9.23445476e-02]",[ 5.10779436  0.62173448 -2.53657571 14.9563071  -1.25738639  0.18027399],"[-54.29458969   0.24043248   3.69332785 202.5277203   -0.55011945
  -0.88887149]","[-3.82641549e-01  3.27959478e-02 -4.81399170e+01 -1.64203324e+01
 -1.30437328e+00 -1.33775192e-01]","[ 4.66250794e+00  8.10201453e-02  1.95053226e+01 -8.89437215e+01
 -1.31864894e+00 -7.57521379e-02]","[-13.38935603   0.39523413   3.98967554  55.41918631  -1.28489966
   0.18287785]","[-4.70166602e-01  1.12112905e-03 -8.64663134e+02 -4.04535727e+02
 -4.29985986e-01  9.71149404e-01]",007,FW
164,2,0.6380652640604649,1,[-1.02670595  0.17554192 -8.99331587 -7.2334909  -1.30255428 -0.13663824],"[ 3.66519360e-01  1.53491889e-02 -1.02788613e+02  3.96740165e+01
 -1.36884432e+00  1.31450521e-01]",[ 4.72795215  0.56098711 -2.81515536 15.30991984 -1.26551591  0.12110102],"[-5.42946515e+01  2.40557840e-01 -4.74039054e+00 -2.55377852e+02
 -5.49387202e-01 -8.89456209e-01]","[-4.03868500e-01  3.51849431e-02 -4.49147079e+01 -1.61396357e+01
 -1.31231992e+00 -7.79136009e-02]","[ 4.71086588e+00  7.48955073e-02  2.10656908e+01 -9.72376440e+01
 -1.31051517e+00 -1.58667832e-01]","[-13.12697527   0.44060295   3.58258407  49.02849256  -1.29545334
   0.14348742]","[-4.70236829e-01  9.78189912e-04  1.09696883e+03  5.17835143e+02
 -6.14954423e-01  8.18627776e-01]",007,FW
165,2,0.6380652640604649,1,[-1.14060807  0.18890882 -8.36488024 -7.54104989 -1.31037965 -0.08409791],"[ 3.58278187e-01  1.28061352e-02 -1.21177012e+02  4.54150800e+01
 -1.26636543e+00  4.22558882e-01]",[ 4.37787198  0.52814088 -2.99302981 15.10310133 -1.2763491   0.05219922],"[ -54.47411651    0.45089148   -3.34233828 -180.0709247    -1.03430516
   -0.6687862 ]","[-4.26244562e-01  3.64355369e-02 -4.33919770e+01 -1.64955942e+01
 -1.31554237e+00 -2.69670167e-02]","[ 4.75389142e+00  6.47807614e-02  2.42452952e+01 -1.13259501e+02
 -1.28299124e+00 -2.76681186e-01]","[-12.83880939   0.47826472   3.30307561  44.40755823  -1.30416518
   0.10378928]","[-4.69541248e-01  1.81953316e-03  8.28115103e+02  3.90834199e+02
 -1.05812760e+00  6.56280994e-01]",007,FW
166,2,0.6380652640604649,1,[-1.26109367  0.19652193 -8.04463324 -8.14503604 -1.31479199 -0.03513003],"[ 3.52494657e-01  8.30987689e-03 -1.68920206e+02  6.15434700e+01
 -8.16612925e-01  8.36778179e-01]","[ 4.04290112e+00  5.18037982e-01 -3.05212128e+00  1.43394245e+01
 -1.28698633e+00 -1.78145272e-03]","[ -54.80281357    0.64916095   -2.39975984 -129.51359085   -1.21812809
   -0.4087106 ]","[-4.49055157e-01  3.65254608e-02 -4.32863795e+01 -1.74379719e+01
 -1.31467178e+00  2.03410080e-02]","[ 4.78892021e+00  5.05934321e-02  3.06216678e+01 -1.44644724e+02
 -1.19677796e+00 -4.66379187e-01]","[-12.53065418   0.50533776   3.12783452  41.19381269  -1.31045034
   0.06268314]","[-4.68249841e-01  2.56434707e-03  6.09171233e+02  2.87244333e+02
 -1.25714289e+00  3.64056274e-01]",007,FW
167,2,0.6380652640604649,1,[-1.38432545  0.1978417  -7.99161419 -9.06299487 -1.31645803  0.01426639],"[ 3.50518765e-01  4.87770861e-03 -8.87101670e+00  5.10945782e+00
 -1.71934494e+00  2.38027182e-01]",[ 3.71255601  0.52117218 -3.03367198 13.26267712 -1.29812322 -0.02403544],"[ -55.25538712    0.81835188   -1.91965339 -104.071191     -1.26469407
   -0.27795949]","[-4.71610602e-01  3.55375913e-02 -4.44768129e+01 -1.89757365e+01
 -1.31005788e+00  6.36396618e-02]","[ 4.81319843e+00  3.29035248e-02  4.43016546e+01 -2.11232654e+02
 -8.85278899e-01 -7.97844313e-01]","[-1.22098307e+01  5.19409943e-01  3.04395103e+00  3.91661268e+01
 -1.31366543e+00  2.04571988e-02]","[-4.66518473e-01  3.10652967e-03  5.07097682e+02  2.38570437e+02
 -1.30158671e+00  2.07022851e-01]",007,FW
168,2,0.6380652640604649,1,"[ -1.50618814   0.1924805   -8.21125294 -10.36769179  -1.31470223
   0.06763815]","[ 3.53394583e-01  1.01186896e-02  1.31401233e+02 -4.44364840e+01
 -5.05143480e-01  1.02259376e+00]","[ 3.38240082e+00  5.25982970e-01 -3.00600841e+00  1.21675253e+01
 -1.30957516e+00 -1.13081729e-02]","[-55.81338061   0.96660385  -1.62974882 -88.96179126  -1.27603049
  -0.21294484]","[-4.93308638e-01  3.36620949e-02 -4.69316698e+01 -2.11517981e+01
 -1.30258003e+00  1.01327384e-01]","[ 4.82404518e+00  1.66437019e-02  3.90810709e+01 -1.86528852e+02
 -1.13475164e+00 -5.01798336e-01]","[-1.18847793e+01  5.19102160e-01  3.04573711e+00  3.81979135e+01
 -1.31363500e+00 -2.22238350e-02]","[-4.64475336e-01  3.47740444e-03  4.54115906e+02  2.12925638e+02
 -1.30598519e+00  1.23194585e-01]",007,FW
169,2,0.6380652640604649,1,"[ -1.62244561   0.18033242  -8.75585363 -12.20589626  -1.30768744
   0.12821211]","[ 3.61738329e-01  1.86088578e-02  8.10585534e+01 -2.73219857e+01
 -9.94526619e-01  6.88177976e-01]",[ 3.05459147  0.52135986 -3.03238536 11.26269845 -1.31780526  0.03141789],"[-56.4655874    1.10516917  -1.42688212 -78.5697369   -1.27877553
  -0.18188648]","[-5.13685636e-01  3.11697579e-02 -5.06561344e+01 -2.40213286e+01
 -1.29386765e+00  1.31498068e-01]","[ 4.81909440e+00  2.64781843e-02 -4.56483421e+01  2.21983670e+02
 -3.78839118e-01 -1.05467864e+00]","[-11.5644805    0.50421415   3.13470921  38.25128352  -1.31073523
  -0.06547312]","[-4.62212369e-01  3.73860190e-03  4.22673591e+02  1.97364962e+02
 -1.30001862e+00  8.55608080e-02]",007,FW
170,2,0.4316746487587267,1,"[ -1.72896348   0.16173467  -9.74368935 -14.84648303  -1.29234167
   0.19971296]","[ 3.75682885e-01  2.72850182e-02  5.68820202e+01 -1.93696015e+01
 -1.18307093e+00  4.57366828e-01]",[ 2.7369785   0.49897139 -3.16617241 10.66574582 -1.31741182  0.09727878],"[-57.20611365   1.24139221  -1.27096232 -70.70681466  -1.28294154
  -0.16337794]","[-5.32442873e-01  2.83547016e-02 -5.56580829e+01 -2.76347496e+01
 -1.28589185e+00  1.53225399e-01]","[ 4.79660710e+00  5.28756798e-02 -2.81060447e+01  1.36813653e+02
 -9.00678302e-01 -7.70809329e-01]","[-11.25787676   0.47545792   3.32213049  39.40013564  -1.3051978
  -0.1110276 ]","[-4.59785031e-01  3.95208663e-03  3.99895817e+02  1.85866111e+02
 -1.29534020e+00  7.55122676e-02]",007,FW
171,2,0.1415176616889779,1,"[ -1.82197988   0.13755169 -11.41468998 -18.79733551  -1.26307193
   0.28848082]","[ 3.94884388e-01  3.51395825e-02  4.46349355e+01 -1.56256392e+01
 -1.26200749e+00  3.06920139e-01]",[ 2.44101774  0.45501023 -3.46531388 10.45889264 -1.30307471  0.18103399],"[-58.03004336   1.37324951  -1.14955066 -64.70847477  -1.29233639
  -0.14068111]","[-5.49436825e-01  2.54625755e-02 -6.19564714e+01 -3.20411669e+01
 -1.28023739e+00  1.68096727e-01]","[ 4.75580195e+00  8.16413045e-02 -1.89029466e+01  9.18986701e+01
 -1.13721794e+00 -5.18903046e-01]","[-10.97335653   0.43412025   3.6343219   41.88070999  -1.29597485
  -0.16205143]","[-4.57222896e-01  4.15253581e-03  3.80606102e+02  1.76021824e+02
 -1.29700539e+00  7.23538815e-02]",007,FW
172,2,0.0329995984923257,1,"[ -1.8983753    0.10912907 -14.28169953 -25.11202556  -1.20652044
   0.40804492]","[  0.41857589   0.04149881  37.97596569 -13.89582356  -1.29953437
   0.19677225]",[ 2.17899012  0.39084848 -4.01850949 10.75629246 -1.2694721   0.28080277],"[-58.92755369   1.48696631  -1.06239897 -60.60457247  -1.306184
  -0.10315289]","[-5.64633586e-01  2.26311543e-02 -6.96814320e+01 -3.73444768e+01
 -1.27719500e+00  1.81555222e-01]","[  4.69712394   0.10912364 -14.33216985  69.31997814  -1.23763215
  -0.35629228]","[-10.71828148   0.38200523   4.12226185  46.18356284  -1.28020698
  -0.22210702]","[-4.54549865e-01  4.32868566e-03  3.65173916e+02  1.67989754e+02
 -1.30559127e+00  5.66547116e-02]",007,FW
173,2,0.0329995984923257,1,"[ -1.9558868    0.07819077 -19.57844309 -36.29321835  -1.0819286
   0.58947267]","[  0.44565195   0.04587918  34.42842796 -13.34309594  -1.31773707
   0.10727408]",[ 1.96119025  0.31233278 -4.99356543 11.79333184 -1.2086075   0.39953956],"[-5.98784072e+01  1.55969824e+00 -1.01352436e+00 -5.86882245e+01
 -1.32000473e+00 -4.67718132e-02]","[-5.78040112e-01  1.98640781e-02 -7.93326913e+01 -4.38574777e+01
 -1.27497776e+00  2.03384735e-01]","[  4.62236724   0.13277191 -11.85175474  56.78316284  -1.28678017
  -0.23790764]","[-10.49855607   0.32162926   4.88065637  53.23984452  -1.25345873
  -0.29487917]","[-4.51808938e-01  4.42319665e-03  3.57447503e+02  1.63497977e+02
 -1.31799399e+00  1.57931774e-02]",007,FW
174,2,0.0329995984923257,1,"[-1.99323484e+00  4.70078901e-02 -3.05161315e+01 -5.88258165e+01
 -7.44343765e-01  8.90843583e-01]","[ 4.74770793e-01  4.79766564e-02  3.29524661e+01 -1.36448685e+01
 -1.32461017e+00  2.79917165e-02]",[ 1.79380981  0.22796912 -6.75330515 14.11414501 -1.10288853  0.54834293],"[-6.08491358e+01  1.56677375e+00 -1.00903257e+00 -5.93987602e+01
 -1.32742029e+00  2.82120846e-02]","[-5.89630889e-01  1.70449812e-02 -9.22954625e+01 -5.24202556e+01
 -1.26854037e+00  2.47910040e-01]","[  4.53459729   0.15056674 -10.48285101  49.53550781  -1.31136068
  -0.14325602]","[-10.31827818   0.25627809   6.09233147  64.86237087  -1.20870259
  -0.38652222]","[-4.49084927e-01  4.34841583e-03  3.63479952e+02  1.65233368e+02
 -1.32807377e+00 -5.83301190e-02]",007,FW
175,2,0.01706798621225,1,"[-2.01016955e+00  2.15198242e-02 -3.42536998e+01 -6.68557446e+01
 -8.59273847e-01  6.89935801e-01]","[  0.50446789   0.04767962  33.15389176 -14.72507394  -1.32289231
  -0.04736431]","[  1.67802632   0.1467474  -10.1945485   19.10672065  -0.9028379
   0.75539758]","[-61.79435537   1.49035348  -1.05952595 -63.47272325  -1.32183802
   0.12103139]","[-5.99292455e-01  1.39913391e-02 -1.11924390e+02 -6.50754424e+01
 -1.24435042e+00  3.36249799e-01]",[ 4.43788085  0.16116101 -9.80727506 45.5235182  -1.32193424 -0.06232073],"[-10.17957687   0.1895976    8.14965945  84.96008479  -1.12893795
  -0.51281694]","[-4.46518232e-01  4.00947338e-03  3.93203703e+02  1.77572622e+02
 -1.32326635e+00 -1.78435885e-01]",007,FW
176,2,0.0124092607568367,1,"[-2.00747122e+00  2.69075380e-02  4.48665384e+01  9.20682847e+01
 -5.06000703e-01  9.54369014e-01]","[  0.53328256   0.04508835  35.0223504  -16.67680871  -1.31268624
  -0.12298332]","[  1.6103356    0.07683401 -17.62966594  30.38967868  -0.46730835
   1.05780726]","[-62.66192234   1.32556544  -1.18713217 -72.3879838   -1.29573685
   0.23478174]","[-6.06808301e-01  1.05456978e-02 -1.46437246e+02 -8.68593366e+01
 -1.15972275e+00  5.04902474e-01]","[ 4.33689979e+00  1.63942908e-01 -9.64387802e+00  4.38245325e+01
 -1.32347859e+00  1.12152427e-02]","[-10.08280823   0.12494273  12.03531751 123.34979849  -0.95408351
  -0.71618624]","[-4.44304397e-01  3.33162737e-03  4.68229126e+02  2.10036259e+02
 -1.26522899e+00 -3.76203024e-01]",007,FW
177,0,0.0328872358511831,0,"[-1.98693055e+00  4.97489566e-02  3.03461409e+01  6.22956746e+01
 -1.04561862e+00  6.59396860e-01]","[  0.55989415   0.04052528  38.8838977  -19.770867    -1.29250507
  -0.20168105]","[  1.58377002   0.0311091  -11.55205665  20.29580099  -1.36646546
   0.45086348]","[-63.40012934   1.08180154  -1.44277253 -89.47196506  -1.23350542
   0.3829498 ]","[-6.11893085e-01  6.72023892e-03 -2.16791666e+02 -1.30653321e+02
 -8.57250344e-01  8.16098485e-01]",[ 4.23655079  0.15894579 -9.94157753 44.11799818 -1.31816526  0.08305094],"[-1.00271868e+01  6.61679514e-02  1.98499171e+01  2.01038827e+02
 -4.86412161e-01 -1.02475001e+00]","[-4.42678627e-01  2.30450890e-03  6.43380617e+02  2.86810848e+02
 -9.95653884e-01 -7.18631948e-01]",007,FW
178,0,0.0360150291986819,0,[-1.95130749  0.0702187  22.22283782 45.36358984 -1.24956826  0.37948548],"[ 5.83249874e-01  3.45150011e-02  4.55001468e+01 -2.45379549e+01
 -1.26004796e+00 -2.85466350e-01]","[ 1.58949788e+00  4.18411352e-02  3.26513057e+01 -4.98991810e+01
 -7.87547665e-01  8.30317412e-01]","[ -63.9645089     0.78018088   -1.95655531 -123.15009974   -1.0825681
    0.60291752]","[-6.14262412e-01  3.27861193e-03 -2.35235682e+02 -1.42496437e+02
 -8.83066390e-01  6.53562874e-01]","[  4.14160145   0.14667707 -10.75646807  46.54900379  -1.30546857
   0.16004093]","[-1.00116727e+01  3.66620873e-02 -8.09309186e+00 -7.90253870e+01
 -1.56677385e+00 -3.32591109e-01]","[-4.41889218e-01  1.21016912e-03  6.69631046e+02  2.97902739e+02
 -9.19647036e-01 -6.02878770e-01]",007,FW
179,0,0.0360150291986819,0,[-1.90425586  0.08485295 18.56785521 37.35794712 -1.31814859  0.19814846],"[ 6.02660798e-01  2.77192198e-02  5.63665500e+01 -3.19699100e+01
 -1.21221165e+00 -3.76603177e-01]","[  1.61835073   0.06603713  23.48031124 -35.99937883  -1.25311115
   0.43375229]","[ -64.32231991    0.45484039   -3.04257585 -193.7055374    -0.64942616
    0.94478686]","[-6.13708373e-01  4.38930941e-03  2.67695479e+02  1.66286957e+02
 -4.33939963e-01  9.97989197e-01]","[  4.05641092   0.12799265 -12.28750901  51.84318568  -1.28057077
   0.25159078]","[-1.00357298e+01  7.76716374e-02 -1.79564449e+01 -1.78206029e+02
 -6.33351695e-01 -9.57230650e-01]","[-4.42166901e-01  1.76922938e-03 -6.44864739e+02 -2.83137843e+02
 -3.53584848e-01 -1.04925288e+00]",007,FW
180,0,0.0365989375328047,0,[-1.85019331  0.09218042 17.14514777 33.72183763 -1.3421612   0.05579787],"[ 6.17849735e-01  2.08342011e-02  7.44247443e+01 -4.39833085e+01
 -1.14356292e+00 -4.78926666e-01]","[  1.6620193    0.08129463  19.38829702 -30.22372381  -1.33244024
   0.18137427]","[-64.45422656   0.2259183   -0.75871255 -46.90223072  -1.66578415
   0.27773524]","[-6.10149822e-01  8.59262256e-03  1.73695310e+02  1.07980162e+02
 -9.47143318e-01  7.37610174e-01]","[  3.98468104   0.10410394 -15.00762022  61.80057975  -1.23008352
   0.37203427]","[ -10.09957988    0.13705753  -11.0827616  -109.93123606   -1.01569526
   -0.65339333]","[-4.43698392e-01  3.68150762e-03 -4.00010161e+02 -1.75483865e+02
 -8.44060883e-01 -8.15067907e-01]",007,FW
181,0,0.0452462943779646,0,[-1.79407803  0.09143699 17.27960091 33.00095229 -1.34137418 -0.07959076],"[ 6.28943997e-01  1.44839411e-02  1.05809496e+02 -6.45482474e+01
 -1.04350393e+00 -5.98543293e-01]","[  1.71384549   0.08814338  17.93340357 -28.73508274  -1.32890704
   0.04739073]","[-64.35386264   0.41161782   3.25256949 211.31540988  -0.57086216
   0.97869358]","[-6.03639176e-01  1.29899066e-02  1.19196163e+02  7.39514737e+01
 -1.16297616e+00  4.84309536e-01]","[ 3.92921200e+00  7.66943212e-02 -2.00572245e+01  8.08090871e+01
 -1.11821923e+00  5.47505862e-01]","[-10.20378664   0.20047622  -7.73552102 -76.93160602  -1.15701234
  -0.47336216]","[-4.46611096e-01  5.88993061e-03 -2.60874965e+02 -1.14509654e+02
 -1.09513208e+00 -5.63387111e-01]",007,FW
182,0,0.0667216332411415,0,[-1.74105363  0.08258124 19.05348697 35.17314275 -1.31115687 -0.23192457],"[ 6.36415106e-01  9.14267704e-03  1.64515327e+02 -1.02700039e+02
 -8.93870814e-01 -7.42909062e-01]","[ 1.76917605e+00  8.95226666e-02  1.76613667e+01 -2.92460670e+01
 -1.31021569e+00 -1.53409881e-02]","[-64.02594313   0.73434874   2.0676126  134.38084679  -1.04532634
   0.64140327]","[-5.94327301e-01  1.71568936e-02  9.12426838e+01  5.62280180e+01
 -1.23476972e+00  3.43950169e-01]","[ 3.89167570e+00  4.81257492e-02 -3.04294180e+01  1.20421427e+02
 -8.31935698e-01  8.28413048e-01]","[-10.34829144   0.26418626  -5.92207479 -59.28335591  -1.22814254
  -0.3541903 ]","[-4.50971208e-01  8.18301751e-03 -1.90418141e+02 -8.38730993e+01
 -1.19381176e+00 -4.14410918e-01]",007,FW
183,0,0.0838984185355093,0,[-1.69595547  0.06652279 23.36394084 41.6242032  -1.22128763 -0.43037887],"[ 6.40976168e-01  5.09291848e-03  2.86520534e+02 -1.81652834e+02
 -6.72466590e-01 -9.16533580e-01]","[ 1.82526509e+00  8.84424793e-02  1.78763327e+01 -3.06290460e+01
 -1.29731434e+00 -2.97490175e-02]","[-63.48315712   1.05078709   1.48109375  96.02450727  -1.1999949
   0.42518469]","[-5.82405136e-01  2.10427150e-02  7.47146841e+01  4.55142158e+01
 -1.26232992e+00  2.62691318e-01]","[ 3.87245454e+00  2.27996377e-02 -4.56904679e+01  1.78934260e+02
 -4.19448275e-01  9.78688667e-01]","[-10.53126463   0.32372905  -4.8567202  -49.14740568  -1.27189795
  -0.25980721]","[-4.56791245e-01  1.04674397e-02 -1.49779927e+02 -6.64181594e+01
 -1.23968888e+00 -3.19444664e-01]",007,FW
184,0,0.3281440739295733,0,"[-1.66272061e+00  4.54170106e-02  3.28929103e+01  5.66917198e+01
 -9.71361518e-01 -7.24039216e-01]","[ 6.43455082e-01  2.40634059e-03  5.81640388e+02 -3.72259464e+02
 -3.84581238e-01 -1.10514738e+00]","[ 1.88081599e+00  8.69218301e-02  1.81895958e+01 -3.22112827e+01
 -1.29611173e+00 -2.26481789e-02]","[-62.74218664   1.34211976   1.16903905  75.34806617  -1.25237214
   0.30367936]","[-5.68048061e-01  2.47049960e-02  6.37650204e+01  3.82215962e+01
 -1.27438332e+00  2.13374919e-01]","[ 3.87061122e+00  1.90580238e-02  5.15704636e+01 -1.97609215e+02
 -6.68123749e-01  7.72910705e-01]","[-10.74823615   0.37386903  -4.2180493  -43.33658994  -1.29971709
  -0.17702462]","[-4.64038806e-01  1.26792184e-02 -1.24051748e+02 -5.55648248e+01
 -1.26503739e+00 -2.52871549e-01]",007,FW
185,0,0.3281440739295733,0,"[-1.64379789e+00  2.35247351e-02  5.05371826e+01  8.50729143e+01
 -4.15198343e-01 -1.02003731e+00]","[ 6.44667145e-01  9.59859900e-04  1.47542456e+03 -9.49157738e+02
 -2.64924829e-01 -1.11869864e+00]","[ 1.93529848e+00  8.54171049e-02  1.85099189e+01 -3.38222178e+01
 -1.30348091e+00 -2.39714594e-02]","[-61.81942028   1.60961064   0.97790274  62.45338062  -1.27023369
   0.23475533]","[-5.51383907e-01  2.82287466e-02  5.58625404e+01  3.28017057e+01
 -1.28042384e+00  1.82022394e-01]","[ 3.88404629e+00  3.62913447e-02  4.11745808e+01 -1.57923978e+02
 -1.01779867e+00  6.95735019e-01]","[-10.99189035   0.40980935  -3.85479843 -40.37152162  -1.31537421
  -0.10152397]","[-4.72639276e-01  1.47530577e-02 -1.06822762e+02 -4.84886331e+01
 -1.28182553e+00 -2.00620257e-01]",007,FW
186,0,0.3281440739295733,0,"[-1.63969321e+00  1.54018368e-02 -4.44683532e+01 -7.09144568e+01
 -1.11129679e+00 -4.93429376e-01]","[ 6.45310843e-01  6.20138408e-04  2.45057146e+03 -1.57938034e+03
 -7.00030052e-01  5.77215159e-01]","[  1.98818519   0.08300643  19.04355036 -35.86210478  -1.31310944
  -0.0536566 ]","[-60.72702422   1.8635291    0.84580089  53.36297085  -1.27562765
   0.19763211]","[-5.32492602e-01  3.16810931e-02  4.98050790e+01  2.85208361e+01
 -1.28440275e+00  1.60449074e-01]","[ 3.90984784e+00  5.20403835e-02  2.99785376e+01 -1.15211520e+02
 -1.25626727e+00  3.79074763e-01]","[-1.12526574e+01  4.28482147e-01 -3.68961996e+00 -3.95180293e+01
 -1.32084529e+00 -3.26630572e-02]","[-4.82470459e-01  1.66047131e-02 -9.50371339e+01 -4.38526096e+01
 -1.29447804e+00 -1.54554987e-01]",007,FW
187,0,0.3281440739295733,0,"[-1.64877957e+00  2.84183899e-02 -5.19260168e+01 -8.36145556e+01
 -1.02633952e+00 -7.05471379e-01]","[ 6.45904215e-01  1.04488727e-03  1.40901816e+03 -9.08090768e+02
 -7.55720150e-01  8.64134836e-01]","[  2.03832545   0.07810806  20.2170285  -39.20888378  -1.31717799
  -0.12114902]","[-59.47033815   2.11720794   0.74489188  46.29897192  -1.27721131
   0.17901694]","[-5.11435156e-01  3.50722912e-02  4.50090580e+01  2.50192146e+01
 -1.28866877e+00  1.42451430e-01]","[ 3.94476978e+00  6.31091280e-02  2.49667510e+01 -9.64880849e+01
 -1.31213120e+00  1.98473774e-01]","[-1.15199258e+01  4.29358893e-01 -3.68219944e+00 -4.04186643e+01
 -1.31817795e+00  2.85864967e-02]","[-4.93351991e-01  1.81277654e-02 -8.71351717e+01 -4.09883105e+01
 -1.30438615e+00 -1.10078925e-01]",007,FW
188,0,0.3281440739295733,0,"[-1.66744629e+00  3.91570661e-02 -4.00275435e+01 -6.47437787e+01
 -1.36514437e+00 -2.72735309e-01]","[ 6.46770544e-01  1.72564772e-03  8.82141068e+02 -5.68542858e+02
 -1.03198048e+00  6.38228967e-01]","[  2.08366176   0.06919765  22.73570093 -45.3735107   -1.30160096
  -0.23779705]","[-58.04772535   2.38146848   0.66242295  40.4521456   -1.27866351
   0.1689817 ]","[-4.88305713e-01  3.83134344e-02  4.12188121e+01  2.21273814e+01
 -1.29454847e+00  1.22493947e-01]","[ 3.98573483e+00  6.97047564e-02  2.26660126e+01 -8.83407159e+01
 -1.31859760e+00  9.29476486e-02]","[-11.78348718   0.41447225  -3.81273417 -42.92730423  -1.31003237
   0.08084948]","[-5.05034305e-01  1.92013191e-02 -8.23161388e+01 -3.95724740e+01
 -1.31190712e+00 -6.43524345e-02]",007,FW
189,0,0.342297560480901,0,"[-1.69056947e+00  4.16507868e-02 -3.78897171e+01 -6.20551988e+01
 -1.41529330e+00  7.62204770e-02]","[ 6.48071193e-01  2.49111408e-03  6.23259589e+02 -4.01916586e+02
 -1.17245622e+00  4.57444272e-01]","[ 2.12136018e+00  5.53777515e-02  2.80535165e+01 -5.75116129e+01
 -1.22507222e+00 -4.32281031e-01]","[-56.45348918   2.65997404   0.5932077   35.48864434  -1.28190819
   0.1598151 ]",[-0.46329784  0.04118801 38.35952731 19.77188613 -1.30205113  0.09619509],"[ 4.03024706e+00  7.29800701e-02  2.16628119e+01 -8.53064841e+01
 -1.31077012e+00  3.60354212e-02]","[-12.03478472   0.38766306  -4.07360385 -47.0249454   -1.29937349
   0.12332155]","[-5.17191665e-01  1.97012238e-02 -8.02523852e+01 -3.95058647e+01
 -1.31696688e+00 -1.47880750e-02]",007,FW
190,0,0.342297560480901,0,"[-1.71218783e+00  3.49664469e-02 -4.40727934e+01 -7.34609006e+01
 -1.26745031e+00  4.64803490e-01]","[ 6.49868069e-01  3.27551171e-03  4.77808363e+02 -3.08512399e+02
 -1.22156373e+00  3.50767448e-01]","[ 2.14833237e+00  3.71098430e-02  3.97281703e+01 -8.33493142e+01
 -9.36689592e-01 -7.60986398e-01]","[-54.68349379   2.94561484   0.53586735  31.3030991   -1.28801066
   0.14551871]",[-0.43677127  0.04336272 36.45163535 17.92102704 -1.30994168  0.06101313],"[ 4.07661238e+00  7.43949614e-02  2.12529435e+01 -8.46400124e+01
 -1.30185928e+00  1.43980478e-02]","[-12.2676625    0.35341735  -4.46505467 -52.77578374  -1.28867877
   0.15634742]","[-5.29422954e-01  1.95117612e-02 -8.10207469e+01 -4.08942431e+01
 -1.31872907e+00  4.18754271e-02]",007,FW
191,0,0.5822126969534434,0,"[-1.72621560e+00  2.13753309e-02 -5.81996650e+01 -9.84651695e+01
 -6.73260076e-01  8.39218037e-01]","[ 6.52187447e-01  4.09054420e-03  3.83720081e+02 -2.48257420e+02
 -1.23439346e+00  3.00353679e-01]","[ 2.16203577e+00  1.86572009e-02  4.93090711e+01 -1.04607976e+02
 -6.60027351e-01 -7.88814565e-01]","[-52.74229644   3.21847557   0.4906803   27.87960588  -1.29685033
   0.12193624]","[-4.09299982e-01  4.44445935e-02  3.55739251e+01  1.65604069e+01
 -1.31625868e+00  1.59922532e-02]","[ 4.12391587e+00  7.51952277e-02  2.10267676e+01 -8.47126206e+01
 -1.29747069e+00  1.42657847e-02]","[-12.47851618   0.31580341  -4.99350925 -60.31158591  -1.27934989
   0.18139   ]","[-5.41263257e-01  1.85416833e-02 -8.51860398e+01 -4.41080733e+01
 -1.31479328e+00  1.10010946e-01]",007,FW
192,0,0.5822126969534434,0,"[-1.72703627e+00  1.97534736e-02  3.60038204e+01  6.41799037e+01
 -8.03836168e-01  7.42154933e-01]","[ 6.55059340e-01  4.98025016e-03  3.15514493e+02 -2.04680715e+02
 -1.24036409e+00  2.78022044e-01]","[ 2.16127031e+00  2.01966799e-02 -5.37054380e+01  1.18071968e+02
 -5.42745874e-01 -8.85078251e-01]","[-50.65020889   3.44676954   0.45844419  25.22029395  -1.30693942
   0.08701967]",[-0.38168327  0.04406491 35.8762595  15.69336809 -1.31878381 -0.03936253],"[ 4.17177270e+00  7.59948028e-02  2.08053273e+01 -8.47950964e+01
 -1.29905566e+00  1.82822912e-02]","[-12.6659117    0.27781325  -5.67296436 -69.8532657   -1.27187177
   0.20098038]","[-5.52208381e-01  1.67479252e-02 -9.41011218e+01 -4.99634281e+01
 -1.29999014e+00  1.95889654e-01]",007,FW
193,0,0.6594022230167708,0,"[-1.70988432e+00  4.63543004e-02  3.03956090e+01  5.39729752e+01
 -6.29947564e-01  9.63284102e-01]","[ 6.58519416e-01  5.95689104e-03  2.64036890e+02 -1.71873418e+02
 -1.25422415e+00  2.55402908e-01]","[ 2.14656554e+00  3.78750817e-02 -3.96050757e+01  8.70148906e+01
 -1.04670957e+00 -6.73590814e-01]","[-4.84485319e+01  3.59169863e+00  4.40150838e-01  2.33246620e+01
 -1.31585848e+00  4.04274662e-02]",[-0.35491177  0.0419587  37.64635173 15.36113329 -1.3149593  -0.10659142],"[ 4.21992662e+00  7.65894066e-02  2.06441332e+01 -8.51167273e+01
 -1.30585598e+00  9.64064879e-03]","[-12.82983684   0.24107523  -6.53326138 -81.82067759  -1.26612462
   0.21988515]","[-5.61751652e-01  1.41615717e-02 -1.10726755e+02 -6.02009378e+01
 -1.26325234e+00  3.10509938e-01]",007,FW
194,0,0.6594022230167708,0,[-1.67102172  0.08212783 18.45022882 32.83073311 -0.99216683  0.67357024],"[ 6.62578397e-01  6.95039462e-03  2.26647154e+02 -1.48171508e+02
 -1.27944216e+00  2.13024971e-01]","[ 2.11979958e+00  5.36693554e-02 -2.91015121e+01  6.36893731e+01
 -1.26408507e+00 -3.62877867e-01]","[-4.62012424e+01  3.61538165e+00  4.37308551e-01  2.22041984e+01
 -1.32084039e+00 -1.75780652e-02]","[-3.30093447e-01  3.80190153e-02  4.14610994e+01  1.56860372e+01
 -1.30066550e+00 -1.90055998e-01]","[ 4.26781376e+00  7.60551466e-02  2.07879803e+01 -8.67192283e+01
 -1.31522395e+00 -2.36108615e-02]","[-12.97080793   0.20578638  -7.64532662 -97.16606306  -1.2603884
   0.24759835]","[-5.69428079e-01  1.09059210e-02 -1.42010256e+02 -7.88646275e+01
 -1.17527899e+00  4.77808847e-01]",007,FW
195,0,0.6594022230167708,0,[-1.60780378  0.122007   12.68549951 22.39579409 -1.13842442  0.49643755],"[ 6.67178359e-01  7.80039088e-03  2.02341931e+02 -1.32998158e+02
 -1.30928473e+00  1.44456524e-01]","[  2.08296878   0.06614979 -23.79564647  51.5655886   -1.27154262
  -0.23343649]","[-43.99219298   3.48921216   0.45284147  21.92148935  -1.31896425
  -0.0875988 ]","[-3.08352839e-01  3.23238497e-02  4.85401430e+01  1.69674909e+01
 -1.26660994e+00 -2.99737128e-01]","[ 4.31422595e+00  7.30613820e-02  2.16255411e+01 -9.12974704e+01
 -1.32133055e+00 -8.94790607e-02]","[ -13.08905151    0.17086574   -9.18464369 -118.21827433   -1.24802745
    0.30080993]","[-5.74857597e-01  7.21582539e-03 -2.06123732e+02 -1.16491794e+02
 -9.33724465e-01  7.51297503e-01]",007,FW
196,0,0.6594022230167708,0,[-1.51874048  0.16369694  9.54225001 16.49220139 -1.21043332  0.38032493],"[ 6.72154886e-01  8.29229521e-03  1.90614388e+02 -1.26122392e+02
 -1.33342949e+00  5.04685216e-02]","[  2.0364712    0.07937691 -19.8111167   42.34476852  -1.2128819
  -0.26282447]","[-41.91822114   3.19994533   0.49285668  22.65967526  -1.30628908
  -0.17293522]","[-2.90721384e-01  2.51460427e-02  6.17060670e+01  1.99392732e+01
 -1.18708038e+00 -4.57869907e-01]","[ 4.35717031e+00  6.62794467e-02  2.37729592e+01 -1.01582832e+02
 -1.31207152e+00 -1.98052641e-01]","[-1.31839140e+01  1.34473061e-01 -1.15897277e+01 -1.50797973e+02
 -1.20852403e+00  4.07413132e-01]","[-5.77778609e-01  3.63695448e-03 -3.08750474e+02 -1.76389419e+02
 -4.46286533e-01  9.70642282e-01]",007,FW
197,0,0.6594022230167708,0,[-1.40360789  0.20495319  7.65968241 12.75119064 -1.25287032  0.2937035 ],"[ 6.77213792e-01  8.20805690e-03  1.92507885e+02 -1.28368995e+02
 -1.34301558e+00 -7.28685444e-02]","[  1.97760391   0.10043061 -15.56343357  32.7783071   -1.1395123
  -0.38256867]","[-40.07952962   2.75242697   0.57053728  24.86686574  -1.27456422
  -0.2823976 ]","[-2.78038831e-01  1.69795802e-02  8.82935493e+01  2.65490353e+01
 -9.74238850e-01 -7.14182184e-01]","[ 4.39395750e+00  5.48117286e-02  2.84788788e+01 -1.23134983e+02
 -1.25629848e+00 -3.72978849e-01]","[-1.32536013e+01  9.50172566e-02 -1.60174852e+01 -2.10289364e+02
 -1.06976831e+00  6.20355064e-01]","[-5.78065845e-01  3.05551581e-03  2.88089108e+02  1.68534474e+02
 -6.95644866e-01  7.71299802e-01]",007,FW
198,2,0.867615956932009,1,[-1.26360078  0.24325894  6.47345744 10.1798659  -1.28044671  0.222055  ],"[ 6.81925568e-01  7.36399375e-03  2.13447149e+02 -1.43555069e+02
 -1.32013373e+00 -2.48991408e-01]","[  1.89999305   0.13618024 -11.40315736  23.66591975  -1.09651783
  -0.47490802]","[-38.56913076   2.16976893   0.71643522  29.63228381  -1.20101905
  -0.43636566]","[-2.70882132e-01  8.86281783e-03  1.37505695e+02  3.92478358e+01
 -4.45641258e-01 -1.00764998e+00]","[ 4.42150488e+00  3.87021276e-02  3.88666277e+01 -1.69848984e+02
 -1.04134736e+00 -6.70308642e-01]","[-1.32953410e+01  5.36356511e-02 -2.46530647e+01 -3.25770902e+02
 -5.86853232e-01  9.56513853e-01]","[-5.75731481e-01  6.32123012e-03  2.31457419e+02  1.35257323e+02
 -8.59696410e-01  8.12212219e-01]",007,FW
199,2,0.867615956932009,1,[-1.10146746  0.27595242  5.71787426  8.29805245 -1.29883319  0.15853003],"[ 6.85739717e-01  5.65175318e-03  2.70906963e+02 -1.83771664e+02
 -1.17548848e+00 -5.42832255e-01]",[ 1.79439771  0.19001726 -8.15992796 16.64215607 -1.10811133 -0.48877733],"[-37.46323931   1.49413681   1.0095175   39.81979556  -1.00894094
  -0.68088813]","[-2.69529925e-01  6.17715371e-03 -1.08359174e+02 -2.72060399e+01
 -1.03534439e+00 -5.77112955e-01]","[ 4.43680532e+00  2.06623397e-02  5.43882256e+01 -2.39309969e+02
 -5.34982141e-01 -8.98891255e-01]","[-1.33059978e+01  3.34339528e-02  1.03825645e+01  1.40150380e+02
 -1.47238254e+00  3.76639267e-01]","[-5.70913027e-01  9.91268614e-03  1.55692702e+02  9.08869921e+01
 -1.15108415e+00  5.12871344e-01]",007,FW
200,2,0.867615956932009,1,[-0.92154328  0.30049855  5.25735342  6.84487871 -1.31077581  0.09928594],"[ 6.88018028e-01  3.28407829e-03  3.71828394e+02 -2.53824639e+02
 -6.33281914e-01 -8.55203693e-01]",[ 1.65083245  0.26049308 -5.97147281 11.85790112 -1.15602474 -0.44381925],"[-36.81398733   0.80649976   1.59178669  60.60001505  -0.48889997
  -1.00916761]","[-2.73962508e-01  1.29017293e-02 -1.11782817e+02 -2.86243009e+01
 -7.99672055e-01 -8.55090412e-01]","[ 4.43746767e+00  1.93257443e-02 -4.58575527e+01  2.05491407e+02
 -6.32216074e-01 -8.20595911e-01]","[-1.32830187e+01  7.20524801e-02  1.93093586e+01  2.58486571e+02
 -6.39377810e-01  9.54742024e-01]","[-5.63853225e-01  1.31582271e-02  1.18989228e+02  6.90924601e+01
 -1.24859783e+00  3.37766836e-01]",007,FW
201,2,0.867615956932009,1,[-0.72961582  0.31475368  5.02255813  5.66453785 -1.31761234  0.04146313],"[ 6.88082615e-01  3.15507269e-03 -2.43164121e+02  1.69317004e+02
 -6.95854990e-01 -8.07711238e-01]",[ 1.46139753  0.34137151 -4.57963803  8.6926717  -1.21338623 -0.36849171],"[-36.64495054   0.4811262   -0.88080318 -30.27698894  -1.42479715
  -0.38002271]","[-2.83891460e-01  2.07932691e-02 -7.40058504e+01 -1.90096289e+01
 -1.13175371e+00 -5.39487775e-01]","[ 4.42220434e+00  4.07534731e-02 -3.57039805e+01  1.59890298e+02
 -8.29652611e-01 -8.34811677e-01]","[-1.32254301e+01  1.24390209e-01  1.22479321e+01  1.63984170e+02
 -1.06283725e+00  6.20464772e-01]","[-5.54875751e-01  1.58692834e-02  9.92105114e+01  5.70495070e+01
 -1.28771157e+00  2.25466303e-01]",007,FW
202,2,0.867615956932009,1,[-0.53260678  0.31719433  4.98446971  4.65476235 -1.31957025 -0.01740828],"[ 6.85273255e-01  7.44738336e-03 -1.89676260e+02  1.31980068e+02
 -6.31255479e-01 -9.62605315e-01]",[ 1.22289262  0.42273093 -3.71576292  6.54397904 -1.26360155 -0.28069052],"[-36.94943672   0.9753658   -1.45686711 -51.83041894  -0.76076882
  -0.88013842]","[-2.98807818e-01  2.80235843e-02 -5.58096684e+01 -1.46763653e+01
 -1.23994116e+00 -3.55394363e-01]","[ 4.39114930e+00  6.43122512e-02 -2.39722847e+01  1.07265881e+02
 -1.15352623e+00 -5.19088897e-01]","[-13.13457173   0.17463475   8.925103   119.22740549  -1.22059668
   0.40285497]","[-5.44358785e-01  1.79587101e-02  8.78871038e+01  4.98421170e+01
 -1.30474522e+00  1.45675465e-01]",007,FW
203,2,0.867615956932009,1,[-0.33811411  0.30711439  5.14551079  3.73976982 -1.31604199 -0.07971163],"[ 6.79006697e-01  1.31949359e-02 -1.14794547e+02  7.99462664e+01
 -9.87833262e-01 -6.77003891e-01]",[ 0.93839538  0.49317273 -3.19629808  4.99939134 -1.29962195 -0.19007716],"[-37.69129      1.58529909  -0.97033946 -34.57334589  -1.1448793
  -0.53604049]","[-3.18033625e-01  3.41580147e-02 -4.60662747e+01 -1.26506244e+01
 -1.28291569e+00 -2.39549024e-01]","[  4.34592909   0.08469434 -18.50402333  82.41717331  -1.2699018
  -0.31708329]","[-13.01430727   0.2170327    7.24432001  96.27980658  -1.28592252
   0.25611123]","[-5.32708994e-01  1.93954678e-02  8.14716913e+01  4.54007027e+01
 -1.31184751e+00  8.45202282e-02]",007,FW
204,2,0.867615956932009,1,[-0.15387841  0.2847516   5.54243571  2.8528612  -1.30561091 -0.14850542],"[ 6.68826471e-01  1.96537733e-02 -7.87190712e+01  5.46493986e+01
 -1.13505027e+00 -5.00695058e-01]",[ 0.61741613  0.54250503 -2.91184399  3.79781945 -1.32033356 -0.10146982],"[-38.80782464   2.10601538  -0.74389251 -26.86885018  -1.26750684
  -0.32289771]","[-3.40764707e-01  3.89775536e-02 -4.04818253e+01 -1.17947773e+01
 -1.30275673e+00 -1.57149491e-01]","[  4.28946295   0.09959484 -15.83276171  69.91404474  -1.31484922
  -0.17542691]","[-12.87055778   0.24832214   6.35504341  83.79295342  -1.31138296
   0.14983409]","[-5.20338836e-01  2.01870703e-02  7.83152567e+01  4.27504695e+01
 -1.31403548e+00  3.45348590e-02]",007,FW
205,0,0.0940773747542167,0,"[-6.39380269e-03  2.25995348e-01  6.80703771e+00  2.04352286e+00
 -1.28001145e+00 -4.43584121e-01]",[ 0.60251393  0.13802836 -8.98318832  7.41249614  0.18111381 -1.44948363],[ 0.13419619  0.81678334 -1.86283067  2.24998478 -0.73669395 -0.6903038 ],"[-41.80622877   5.65809943  -0.24671319  -8.31414823  -0.16206885
  -1.19209903]","[ -0.39514792   0.10001995 -13.94551656  -3.51054189  -0.15110671
  -1.19432947]",[ 4.16804865  0.2193101  -6.53406468 29.23429948 -0.29119102 -1.08277846],"[-1.24248682e+01  8.51766038e-01  1.56664859e+00  2.14654023e+01
  1.99835379e-02  1.32625943e+00]",[-0.49493905  0.04512321 31.41976998 17.55087126 -0.22555421  1.12813788],007,FW
206,0,0.1406988889099122,0,[ 0.08058511  0.13813318  8.58187594  1.30842861 -0.80093249 -0.7366295 ],[ 0.52899204  0.17684206 -8.13028712  6.30085714 -1.78016296 -0.41622221],[-0.25764523  0.77880265 -1.92146088  1.50494477 -1.62600211 -0.1057326 ],"[-44.66714961   6.37935934  -0.23136459  -8.33439687  -1.78185917
  -0.31240013]","[ -0.44707265   0.11406512 -12.94802727  -3.78870883  -1.78340553
  -0.32452867]",[ 4.05358915  0.2434431  -6.12596566 26.83214795 -1.76333117 -0.2854037 ],"[-11.95276134   1.05606759   1.38926167  18.60551313  -1.76253527
   0.39085443]",[-0.47082872  0.0512202  29.02811604 15.66727059 -1.77015476  0.31526545],007,FW
207,0,0.1406988889099122,0,[ 0.10854979  0.08880884 -4.61420303  2.50087077 -1.62824816 -0.02450912],[ 0.44954147  0.18492309 -7.97323782  5.58430105 -1.78547427  0.33902701],[-0.54706049  0.61211565 -2.0414049   0.88322804 -1.50191893  0.4292021 ],"[-47.25911505   5.86101213  -0.23846835  -9.26980331  -1.76267639
   0.4404709 ]","[ -0.4951834    0.10713476 -13.28932074  -4.58065099  -1.77418845
   0.42912064]",[ 3.94890697  0.22430598 -6.36607772 27.13904869 -1.74692369  0.44188646],"[-11.45635405   1.09010612   1.36577675  17.64682196  -1.76248052
  -0.32767133]",[-0.44831715  0.0485204  29.80788899 15.36338788 -1.76523654 -0.41792695],007,FW
208,0,0.1406988889099122,0,"[  0.08163097   0.12752531 -11.80403343   2.96357476  -1.33023646
  -0.40441229]",[ 0.36576648  0.15949974 -8.6633042   5.1687463  -0.10875662  1.22691883],[-0.73237104  0.40476553 -1.19616549  1.12396303 -0.62701945  0.77659835],"[-49.46901048   4.33122809  -0.2486194  -10.29895563   0.23894912
   1.49195822]","[ -0.53833025   0.08173856 -14.51052206  -5.81145301   0.22796921
   1.48395624]",[ 3.85539199  0.16924568 -7.13720217 29.51671212  0.21486295  1.47364817],"[-10.93604654   0.94874106   1.49539881  18.35375102  -0.22490039
  -1.1224912 ]",[-0.4276479   0.03779829 33.44681643 16.30346084  0.15048947 -1.42629551],007,FW
209,0,0.1406988889099122,0,"[ 6.14850996e-03  1.58375310e-01 -9.98255822e+00  2.06137786e+00
 -1.32206694e+00  2.45508860e-02]","[  0.27954805   0.05890963 -26.79502955   9.49049813  -1.30396475
   0.14212906]",[-0.82141555  0.24511816  6.43464765  7.28551963 -1.37063902 -0.14103254],"[-51.2055817    0.4872381    2.81792036 146.29325114  -0.60743035
   0.96820777]","[-5.75569400e-01  5.64906397e-03 -2.40333142e+02 -1.36328402e+02
 -5.63446031e-01  9.91838347e-01]","[ 3.77294047e+00  2.11926813e-02 -7.44988855e+01  2.83079860e+02
 -1.19576420e+00 -9.54717590e-02]","[-10.39055989   0.44394092   3.56001417  38.99054043  -1.29654262
   0.0747718 ]","[-4.09013559e-01  6.82402210e-03  2.29773007e+02  9.59802753e+01
 -1.24815962e+00 -3.15543636e-01]",007,FW
210,0,0.1406988889099122,0,"[ -0.09076928   0.15276777 -10.34316615   1.06115829  -1.31259554
   0.08779645]","[  0.24491399   0.0523067  -30.1120787    9.37486948  -1.28840513
   0.21477104]",[-0.69007845  0.20357546  7.61649482  7.25597894 -1.25455927 -0.43472653],"[-50.80979934   0.86426352   1.75741362  91.29383314  -1.02730927
   0.64837018]",[-0.57712834  0.00283209 -0.85560066  1.50620861 -1.72447041  0.25620626],"[ 3.75760785e+00  2.46715868e-02 -6.35184508e+01  2.40677429e+02
 -1.15809916e+00 -3.36095456e-01]","[-10.10288618   0.46622864   3.38998529  36.24863552  -1.297042
   0.07082309]","[-4.05277667e-01  5.27478807e-03  2.94402695e+02  1.21314837e+02
 -1.18839879e+00 -4.50017402e-01]",007,FW
211,0,0.1406988889099122,0,"[ -0.18275      0.14166162 -11.14277565  -0.03634228  -1.29970654
   0.1425659 ]","[  0.21508417   0.04386708 -35.74318895   9.68779414  -1.25598736
   0.31377479]",[-0.59735024  0.13171891 10.70542288  8.39488693 -0.81265905 -0.84253716],"[-50.15786342   1.25676195   1.23535676  63.96285541  -1.16820948
   0.45924942]","[-5.75662581e-01  5.46935687e-03  2.49426714e+02  1.45585626e+02
 -6.03512570e-01  9.67775654e-01]","[ 3.73918887e+00  3.18440336e-02 -4.89788214e+01  1.85141064e+02
 -1.15610170e+00 -4.11997904e-01]",[-9.80156478  0.48772571  3.24078863 33.7647997  -1.2993096   0.06439184],"[-4.02618159e-01  3.57165503e-03  4.20066873e+02  1.71126551e+02
 -9.90147171e-01 -7.03378345e-01]",007,FW
212,0,0.4371603411975301,0,"[ -0.26685812   0.12686173 -12.4263457   -1.31607127  -1.28432309
   0.19146277]","[ 1.91168244e-01  3.38628352e-02 -4.58046469e+01  1.07563939e+01
 -1.18064612e+00  4.63418273e-01]",[-0.563687    0.07417734  1.77479717  3.00043009 -1.70591767 -0.24152651],"[-49.25321026   1.64853133   0.94944651  48.76328868  -1.22673587
   0.34843999]","[-5.71291251e-01  9.62843160e-03  1.57956929e+02  9.22394117e+01
 -1.05037310e+00  6.32867960e-01]","[ 3.71582962e+00  4.15235956e-02 -3.76216439e+01  1.41795619e+02
 -1.19673601e+00 -3.82654510e-01]",[-9.48795593  0.5067323   3.11959467 31.59857673 -1.30319402  0.05155992],"[-4.01157208e-01  1.86666350e-03  6.27161951e+02  2.53590537e+02
 -4.83746602e-01 -9.55668881e-01]",007,FW
213,0,0.4371603411975301,0,"[ -0.34129226   0.11011678 -14.29464127  -2.87865049  -1.26686935
   0.23485139]","[ 1.74088786e-01  2.27835407e-02 -6.57897823e+01  1.34532634e+01
 -9.72437119e-01  7.15358060e-01]",[-0.60416274  0.14903508 -8.85328514 -3.34882505 -0.49081038 -1.02729535],"[-48.10224137   2.03061947   0.77386188  39.22449096  -1.2577842
   0.27387133]","[-5.64185022e-01  1.37009935e-02  1.13621338e+02  6.61034572e+01
 -1.20315932e+00  4.21544830e-01]","[ 3.68644000e+00  5.21583927e-02 -3.00743657e+01  1.12867344e+02
 -1.24760763e+00 -3.08985678e-01]",[-9.16475551  0.52037892  3.03819693 29.84433208 -1.30767342  0.03019626],"[-4.01008819e-01  1.56785263e-03 -5.17759879e+02 -2.05626277e+02
 -7.44164293e-01 -7.54026000e-01]",007,FW
214,0,0.4371603411975301,0,"[ -0.40537303   0.09310952 -16.88287823  -4.84386352  -1.24828722
   0.26861924]","[ 1.64508630e-01  1.18722920e-02 -1.02271463e+02  1.88245382e+01
 -4.47822021e-01  1.00373034e+00]",[-0.72786872  0.27722526 -5.43239259 -1.95406864 -0.97948577 -0.69997516],"[-46.71627412   2.39240213   0.65836858  32.75652703  -1.27737822
   0.21681535]","[-5.54590529e-01  1.73672949e-02  9.03932485e+01  5.21312395e+01
 -1.26364549e+00  2.90851553e-01]","[ 3.65092922e+00  6.19896580e-02 -2.54034700e+01  9.47462708e+01
 -1.29039390e+00 -2.19393605e-01]","[-8.83644206e+00  5.25303344e-01  3.00992065e+00  2.85969894e+01
 -1.31123222e+00  1.41914157e-04]","[-4.02257313e-01  3.39342089e-03 -4.25517379e+02 -1.69167478e+02
 -7.73348649e-01 -8.71190619e-01]",007,FW
215,0,0.4371603411975301,0,"[ -0.45951837   0.07749608 -20.27527793  -7.31686259  -1.23276219
   0.28021196]","[ 1.62760525e-01  8.39597740e-03  8.13936515e+01 -1.12476735e+01
 -1.00958529e+00  5.90819047e-01]",[-0.93803836  0.41190675 -3.76210659 -1.52900031 -1.16384249 -0.47738269],"[-45.113586     2.72029126   0.57989658  28.16121426  -1.29106649
   0.16846223]","[-5.42836393e-01  2.04610723e-02  7.70156704e+01  4.38069087e+01
 -1.29081031e+00  2.01275613e-01]","[ 3.61030299e+00  6.92647023e-02 -2.27969020e+01  8.43037236e+01
 -1.32019799e+00 -1.23052739e-01]",[-8.50936814  0.51845446  3.04931338 27.9477301  -1.31254368 -0.03787777],"[-4.04940784e-01  5.57860165e-03 -2.74831419e+02 -1.09290450e+02
 -1.09083585e+00 -5.77662035e-01]",007,FW
216,0,0.4371603411975301,0,"[ -0.5051561    0.06487265 -24.25504891 -10.25258589  -1.22891085
   0.24774878]","[ 1.68783446e-01  1.74726550e-02  8.26415532e+01 -1.19485261e+01
 -8.10428551e-01  8.48557968e-01]",[-1.23247212  0.54068271 -2.89604071 -1.56928944 -1.24040914 -0.33879553],"[-43.32169733   2.99775119   0.52678088  24.8210417   -1.30144125
   0.1238064 ]","[-5.29325656e-01  2.28781376e-02  6.90085642e+01  3.85280035e+01
 -1.30454945e+00  1.33919875e-01]","[ 3.56663636e+00  7.24148410e-02 -2.18311981e+01  7.98639448e+01
 -1.33701618e+00 -1.78448210e-02]",[-8.19155164  0.49757665  3.17578158 28.01457881 -1.31077718 -0.08420609],"[-4.09041254e-01  7.75140654e-03 -2.01129121e+02 -8.02701077e+01
 -1.20624568e+00 -4.04638251e-01]",007,FW
217,0,0.4371603411975301,0,"[ -0.54452571   0.05657161 -27.89485976 -13.18946828  -1.24052064
   0.15358399]","[ 1.82077093e-01  2.78465997e-02  5.53404334e+01 -8.07622524e+00
 -1.15121483e+00  5.22638025e-01]",[-1.60393459  0.65528562 -2.40128769 -1.85150838 -1.27962313 -0.24044499],"[-41.37969474   3.20521555   0.49304527  22.40206281  -1.30987602
   0.07879678]","[-5.14524599e-01  2.45365434e-02  6.44075359e+01  3.51392616e+01
 -1.31281304e+00  7.69603019e-02]","[ 3.52295491e+00  7.01544025e-02 -2.25111877e+01  8.13058993e+01
 -1.33784568e+00  1.08402470e-01]",[-7.89232336  0.46120061  3.42252012 29.01163547 -1.30463127 -0.142404  ],"[-4.14480254e-01  9.77670376e-03 -1.60572347e+02 -6.45540672e+01
 -1.25898095e+00 -2.92298312e-01]",007,FW
218,0,0.4371603411975301,0,"[-5.80370732e-01  5.33096992e-02 -2.96537150e+01 -1.52101483e+01
 -1.25441067e+00  1.60723156e-02]","[ 2.01696843e-01  3.67934583e-02  4.25859939e+01 -6.58946051e+00
 -1.26646630e+00  3.21055975e-01]",[-2.04043002  0.74805225 -2.10913442 -2.30354119 -1.30307015 -0.16029734],"[-3.93399138e+01  3.32047927e+00  4.76131868e-01  2.07309867e+01
 -1.31638475e+00  2.96597332e-02]","[-4.98954224e-01  2.53486905e-02  6.23712693e+01  3.31204083e+01
 -1.31781635e+00  2.21723905e-02]","[ 3.48304506e+00  6.15755825e-02 -2.54866480e+01  9.07711432e+01
 -1.30348369e+00  2.83157818e-01]",[-7.62195165  0.40839066  3.85569894 31.38795091 -1.28958751 -0.22137458],"[-4.21117750e-01  1.15457801e-02 -1.36451353e+02 -5.54620866e+01
 -1.28793640e+00 -2.08656414e-01]",007,FW
219,0,0.763215368981301,0,"[ -0.61555778   0.05490552 -28.76901067 -15.70898839  -1.25844059
  -0.10783709]",[ 0.22630597  0.04343306 36.29807935 -6.2144719  -1.3115231   0.18271806],[-2.52552068  0.81159237 -1.94688717 -2.9169038  -1.31706809 -0.0874654 ],"[-3.72682183e+01  3.32109248e+00  4.76045174e-01  1.97413555e+01
 -1.31954748e+00 -2.68507096e-02]","[-4.83185111e-01  2.52237325e-02  6.26758372e+01  3.22840313e+01
 -1.31897185e+00 -3.58378868e-02]","[ 3.45120287e+00  4.64399451e-02 -3.29036655e+01  1.15557225e+02
 -1.14723839e+00  5.66288656e-01]",[-7.39127045  0.33874554  4.6212402  36.15683611 -1.25131621 -0.33924402],"[-4.28753241e-01  1.29554070e-02 -1.21848094e+02 -5.02427650e+01
 -1.30514543e+00 -1.39091819e-01]",007,FW
220,0,0.763215368981301,0,"[ -0.65267234   0.06037999 -26.12085711 -15.04836103  -1.26047312
  -0.17800179]",[ 0.25428495  0.04731672 33.39723155 -6.49241332 -1.32718946  0.07589109],[-3.03903734  0.8399913  -1.88219391 -3.72005758 -1.32286218 -0.01723295],"[-35.2422427    3.18910946   0.49541314  19.45947004  -1.31681184
  -0.09372585]","[-4.67830445e-01  2.40943551e-02  6.55649250e+01  3.26732680e+01
 -1.31463835e+00 -1.01283649e-01]","[ 3.43191017e+00  2.67663429e-02 -4.69496607e+01  1.63127018e+02
 -6.01819952e-01  9.04156979e-01]",[-7.21121902  0.25311818  6.0800839  45.84481666 -1.14190832 -0.53446944],"[-4.37129796e-01  1.39140410e-02 -1.13578201e+02 -4.76484160e+01
 -1.31486574e+00 -7.66730912e-02]",007,FW
221,0,0.763215368981301,0,"[ -0.69365606   0.06832107 -23.07282633 -14.00460585  -1.26986167
  -0.19475856]","[ 2.83887378e-01  4.83556157e-02  3.26955761e+01 -7.28186138e+00
 -1.32705912e+00 -1.28062778e-02]",[-3.5584752   0.83053159 -1.90326194 -4.77271042 -1.32058428  0.05199596],"[-33.34703372   2.91665759   0.5407007   20.0307644   -1.30416104
  -0.17504765]","[-4.53528232e-01  2.19446534e-02  7.18548190e+01  3.45881890e+01
 -1.30170557e+00 -1.79873890e-01]","[ 3.42941214e+00  2.18448488e-02  2.98601250e+01 -1.00402675e+02
 -9.46028647e-01  6.55991267e-01]",[-7.09212994  0.15622552  9.13774848 66.80609966 -0.77799108 -0.86920038],"[-4.45943425e-01  1.43544635e-02 -1.10143313e+02 -4.71176861e+01
 -1.31893666e+00 -1.75938544e-02]",007,FW
222,0,0.763215368981301,0,"[ -0.73953535   0.07709586 -20.4591815  -13.13028791  -1.28685513
  -0.17288436]",[ 0.31341949  0.04679406 33.76530274 -8.58270406 -1.31720742 -0.09006498],[-4.06101704  0.784686   -2.01250041 -6.17279844 -1.31056386  0.121114  ],"[-31.66796072   2.51022765   0.62573     21.81559314  -1.27382658
  -0.27840567]","[-4.40906059e-01  1.88298174e-02  8.34040524e+01  3.87733520e+01
 -1.27223862e+00 -2.81659020e-01]","[ 3.44720915e+00  4.96701627e-02  2.84360926e+01 -9.60251586e+01
 -6.64184296e-01  9.42400720e-01]",[-7.04269874  0.07701912  6.09398375 44.91809162 -1.36874555 -0.40406187],"[-4.54859618e-01  1.42437536e-02 -1.10987031e+02 -4.84835185e+01
 -1.31804433e+00  4.09395446e-02]",007,FW
223,0,0.3570398107652356,0,"[ -0.79023947   0.08487053 -18.60642168 -12.70352885  -1.30731526
  -0.12325914]","[  0.34140115   0.0431145   36.59442227 -10.49337774  -1.30073808
  -0.16068322]",[-4.52570145  0.7076759  -2.22741279 -8.08060529 -1.29298691  0.1924043 ],"[-30.28179465   1.99262406   0.78129702  25.65907581  -1.20711855
  -0.41958109]","[-4.30527244e-01  1.48996316e-02  1.04440457e+02  4.69644620e+01
 -1.20496120e+00 -4.24889325e-01]","[  3.48755212   0.08550532  17.80717052 -60.10343535  -1.0443337
   0.63131308]","[ -7.06880923   0.12762993  -9.95676769 -68.38249136  -0.46733209
  -1.0182437 ]","[-4.63537100e-01  1.35900721e-02 -1.16244363e+02 -5.18835747e+01
 -1.31175596e+00  1.01187438e-01]",007,FW
224,0,0.4110175060745216,0,"[ -0.84448527   0.08964736 -17.63248854 -12.89037691  -1.32600357
  -0.05001895]","[ 3.66666370e-01  3.78998956e-02  4.15367259e+01 -1.32301205e+01
 -1.27857665e+00 -2.30145319e-01]","[ -4.9351167    0.60688208  -2.58938194 -10.77890205  -1.26608897
   0.271628  ]","[-29.24770978   1.40335255   1.083876    33.70089056  -1.04871357
  -0.63345359]","[-4.22821462e-01  1.04378135e-02  1.45484230e+02  6.35138550e+01
 -1.03915236e+00 -6.44451914e-01]","[  3.55107015   0.12190257  12.75994229 -43.31145011  -1.19486372
   0.43257803]","[ -7.1725477    0.23973814  -6.27572948 -43.01296904  -0.98936239
  -0.69771132]","[-4.71657550e-01  1.24497549e-02 -1.26718120e+02 -5.77675581e+01
 -1.29866019e+00  1.64288129e-01]",007,FW
225,0,0.4737814914104452,0,"[ -0.89974216   0.08944057 -17.67222747 -13.90044817  -1.33624833
   0.04929265]","[ 3.88390340e-01  3.17072900e-02  4.94775585e+01 -1.72166057e+01
 -1.24824691e+00 -3.06885591e-01]","[ -5.27624665   0.49006925  -3.18889659 -14.82540497  -1.22203501
   0.37092947]","[-28.59999261   0.80422269   1.72176737  51.24253419  -0.62050664
  -0.96546894]","[-4.18007099e-01  5.93844569e-03  2.32462295e+02  9.91708894e+01
 -5.99729998e-01 -9.79120767e-01]","[  3.63663304   0.15527336  10.10655123 -34.75381817  -1.26297349
   0.29784326]","[ -7.35169811   0.35272277  -4.40079001 -30.35327964  -1.18627332
  -0.45480364]","[-4.78958647e-01  1.09334997e-02 -1.43990210e+02 -6.69653565e+01
 -1.27729497e+00  2.29205528e-01]",007,FW
226,0,0.5228122227362946,0,"[ -0.95232926   0.08258578 -19.08376154 -16.17402456  -1.32536662
   0.18659878]","[ 4.06059151e-01  2.49940489e-02  6.23826173e+01 -2.33310326e+01
 -1.19990414e+00 -4.05385044e-01]","[ -5.54047873   0.3643585   -4.23796273 -21.48034235  -1.13534415
   0.5153668 ]","[-28.34376175   0.37060322   0.87017485  26.6640286   -1.4916415
  -0.3664268 ]","[-4.16019332e-01  2.62564832e-03  1.53957178e+02  6.60491623e+01
 -1.33409606e+00 -4.46946622e-01]","[  3.74148736   0.18301455   8.61093125 -30.21769039  -1.29568479
   0.19830753]","[ -7.59986663   0.4540827   -3.45446324 -24.25345995  -1.26105691
  -0.30548551]","[-4.85265186e-01  9.20326824e-03 -1.70607502e+02 -8.07898813e+01
 -1.24798017e+00  2.91648032e-01]",007,FW
227,0,0.6792606246462772,0,"[ -0.99769595   0.06815724 -22.85864285 -20.80597547  -1.25541361
   0.39341467]","[ 4.19413180e-01  1.81176234e-02  8.49075941e+01 -3.36113640e+01
 -1.10376136e+00 -5.52823283e-01]","[ -5.72305463   0.23664104  -6.29316582 -34.01613178  -0.91672566
   0.75792734]","[-28.45438472   0.5783262   -2.30643625 -63.62822451  -0.64631588
  -0.92068153]","[-4.16464619e-01  3.45945709e-03 -3.87359888e+02 -1.59321688e+02
 -8.00217276e-01 -8.09804620e-01]","[  3.86163059   0.20347465   7.76114535 -27.97067629  -1.31068472
   0.12058632]","[ -7.90720898   0.53785627  -2.92948209 -21.16402704  -1.29329177
  -0.20388808]","[-4.90510514e-01  7.45175867e-03 -2.10157482e+02 -1.01084454e+02
 -1.21510757e+00  3.42997043e-01]",007,FW
228,0,0.6792606246462772,0,"[ -1.03089447   0.04667966 -31.6849576  -30.66384762  -0.9731246
   0.73522736]","[ 4.28393667e-01  1.14148078e-02  1.29316266e+02 -5.33982692e+01
 -8.60767903e-01 -8.02495129e-01]","[ -5.82230124   0.11921056  -9.9841046  -56.13046458  -0.41135592
   1.02093612]","[-28.88060345   0.97598988  -1.57104088 -43.37260866  -1.15660312
  -0.54715359]","[-4.18622695e-01  5.16695659e-03 -3.01471970e+02 -1.24203009e+02
 -1.38322628e+00 -3.28459769e-01]","[  3.99232826   0.21596316   7.31914615 -27.22043403  -1.31605139
   0.05754713]","[ -8.26156935   0.60102925  -2.62704717 -19.7035324   -1.30734669
  -0.12920157]","[-4.94741163e-01  5.86680388e-03 -2.66563864e+02 -1.29880116e+02
 -1.18872691e+00  3.68975669e-01]",007,FW
229,0,0.6792606246462772,0,"[-1.04717898e+00  2.41464433e-02 -3.43699931e+01 -3.39915344e+01
 -8.62222071e-01  6.45092030e-01]","[ 4.33104784e-01  5.53376943e-03  2.04780281e+02 -8.66913193e+01
 -3.82607282e-01 -1.02395733e+00]",[-5.8388625   0.08598101  8.65295786 52.52343114 -0.91495836  0.64249852],"[-29.55075979   1.2825906   -1.22377803 -34.16357048  -1.30249073
  -0.28106708]","[-4.21507070e-01  5.45502060e-03 -2.88297514e+02 -1.19519441e+02
 -1.45423303e+00  1.50180955e-01]","[ 4.12865702e+00  2.20627651e-01  7.16637728e+00 -2.75875139e+01
 -1.31579103e+00  5.01473698e-03]","[ -8.64978346   0.64291595  -2.45824372 -19.26327584  -1.31234667
  -0.0716989 ]","[-4.98102483e-01  4.59556379e-03 -3.40758476e+02 -1.67732643e+02
 -1.18271759e+00  3.48550372e-01]",007,FW
230,0,0.6792606246462772,0,"[-1.04260685e+00  3.33568425e-02  3.40437640e+01  3.74942616e+01
 -3.83006300e-01  1.02482416e+00]","[ 4.33784591e-01  4.15836934e-03 -2.04358683e+02  9.06476475e+01
 -7.94911140e-01 -6.97497957e-01]",[-5.77502989  0.18069333  8.0186482  48.30793306 -0.80696921  0.84866203],"[-30.38097996   1.45758469  -1.0834983  -30.91774002  -1.3403765
  -0.10615323]","[-4.23977360e-01  4.12273519e-03 -3.52780267e+02 -1.47570846e+02
 -1.06619913e+00  6.77168353e-01]","[  4.26597394   0.21826292   7.24317664 -28.89920276  -1.31204774
  -0.03939806]","[ -9.05895017   0.66482357  -2.37811112 -19.54319009  -1.31229979
  -0.02681706]","[-5.00809348e-01  3.72503889e-03 -4.22213617e+02 -2.09448526e+02
 -1.20407005e+00  2.58847706e-01]",007,FW
231,0,0.6792606246462772,0,[-1.0145152   0.06813319 21.69263678 24.00750964 -0.87872021  0.79131018],"[ 4.30776306e-01  8.37264318e-03 -1.75618482e+02  7.76522807e+01
 -9.01493293e-01 -7.82735895e-01]",[-5.63421265  0.29252342  5.25549183 31.61055855 -1.11249911  0.55305617],"[-3.12839078e+01  1.49688579e+00 -1.05604635e+00 -3.10372565e+01
 -1.34105054e+00  2.94019431e-02]","[-4.24881648e-01  2.64838976e-03 -6.79193194e+01 -2.68576724e+01
 -1.71410925e+00  2.01055778e-01]","[  4.40025057   0.21009349   7.52220932 -31.09960582  -1.30628013
  -0.07708476]","[-9.47754594e+00  6.69728477e-01 -2.36083727e+00 -2.03749436e+01
 -1.30937099e+00  7.22492118e-03]","[-5.03109160e-01  3.28079694e-03 -4.81432526e+02 -2.40213114e+02
 -1.23554066e+00  1.01603890e-01]",007,FW
232,0,0.6792606246462772,0,[-0.96178352  0.10643936 14.48521943 15.93164534 -1.1311487   0.52762244],"[ 4.24498976e-01  1.28711607e-02 -1.20259616e+02  5.30500838e+01
 -1.17529590e+00 -4.81873051e-01]",[-5.42057177  0.40139931  3.88856453 23.0782431  -1.21306271  0.3888065 ],"[-32.17680789   1.41269745  -1.11693413 -33.93937507  -1.32092438
   0.15178671]","[-4.23202542e-01  5.79419397e-03  2.21376521e+02  9.56871064e+01
 -3.87472023e-01  1.08438669e+00]","[  4.5282626    0.19754619   7.9961864  -34.20883179  -1.29959173
  -0.10915026]","[ -9.89632045   0.66190378  -2.38858884 -21.63824054  -1.30503313
   0.03059984]","[-5.05243339e-01  3.22817168e-03 -4.89556238e+02 -2.45345028e+02
 -1.25139032e+00 -6.34843066e-02]",007,FW
233,0,0.595029027507995,0,[-0.88485377  0.14343683 10.89688431 11.6421492  -1.22866032  0.367037  ],"[ 4.15421696e-01  1.67857336e-02 -9.34046870e+01  4.08023335e+01
 -1.25884797e+00 -3.13769132e-01]",[-5.13891973  0.50370189  3.11730112 18.01956021 -1.25591258  0.28928967],"[-32.98824768   1.22768006  -1.27923663 -40.19977489  -1.27910622
   0.27963656]","[-4.18185285e-01  1.13357891e-02  1.31457438e+02  5.69735660e+01
 -9.06873673e-01  7.62777771e-01]","[  4.6476684    0.18205755   8.67182234 -38.3037547   -1.29254383
  -0.1364882 ]","[-10.30894318   0.64647291  -2.4454395  -23.20989689  -1.30039257
   0.0425729 ]","[-5.07411193e-01  3.47008473e-03 -4.54714842e+02 -2.28727401e+02
 -1.26150191e+00 -1.60642059e-01]",007,FW
234,0,0.595029027507995,0,[-0.78555475  0.17670667  8.89746036  8.98944223 -1.27277599  0.25981435],"[ 4.04048062e-01  1.99619803e-02 -7.89221267e+01  3.38883323e+01
 -1.29293004e+00 -2.07380379e-01]",[-4.79505893  0.59691418  2.63841078 14.65133515 -1.27953675  0.2193361 ],"[-33.66279466   0.97091596  -1.60141581 -51.90813143  -1.19907176
   0.43512862]","[-4.09431750e-01  1.74183874e-02  8.86042600e+01  3.82773972e+01
 -1.13801688e+00  5.18335713e-01]","[  4.75701392   0.16497373   9.56475572 -43.49967608  -1.28528306
  -0.15905795]","[-10.71232682   0.62885702  -2.51394783 -24.93023071  -1.29633971
   0.04232331]","[-5.09738902e-01  3.85658242e-03 -4.09037704e+02 -2.06502430e+02
 -1.28566711e+00 -1.69317798e-01]",007,FW
235,0,0.595029027507995,0,[-0.66682781  0.20463497  7.70563643  7.13833266 -1.29501772  0.18119899],"[ 3.90912953e-01  2.23064831e-02 -7.07851508e+01  2.96708324e+01
 -1.31011978e+00 -1.27513079e-01]",[-4.39657208  0.67739017  2.32917308 12.24037733 -1.29606362  0.16144854],"[-34.16351823   0.67516875  -2.24523699 -74.70519488  -1.02423496
   0.65773304]","[-3.96947891e-01  2.32155595e-02  6.73836013e+01  2.87477785e+01
 -1.24270567e+00  3.51600091e-01]","[  4.85568938   0.147546    10.69000338 -49.90733584  -1.27821478
  -0.17511059]","[-11.10652778   0.61408275  -2.57460287 -26.59489833  -1.29356454
   0.03037503]","[-5.12256757e-01  4.20747383e-03 -3.75398581e+02 -1.90300460e+02
 -1.31895504e+00 -1.09249728e-01]",007,FW
236,0,0.595029027507995,0,[-0.53244524  0.22609751  6.9849999   5.71912998 -1.30693487  0.11856289],"[ 3.76581075e-01  2.37373701e-02 -6.65877477e+01  2.70756857e+01
 -1.31803514e+00 -5.98564497e-02]",[-3.95380571  0.73975897  2.13537436 10.44285532 -1.30913286  0.10570746],"[ -34.47249257    0.37882064   -3.60989733 -122.44215882   -0.57455551
    0.99059634]","[-3.81137566e-01  2.80667787e-02  5.60904464e+01  2.33781762e+01
 -1.29449648e+00  2.25563279e-01]","[  4.94386261   0.13095323  12.04256708 -57.53679715  -1.27247355
  -0.18114685]","[-1.14941871e+01  6.05967209e-01 -2.60924749e+00 -2.79911789e+01
 -1.29240157e+00  1.00902573e-02]","[-5.14889359e-01  4.34288519e-03 -3.64012821e+02 -1.85426328e+02
 -1.34397890e+00 -5.36830825e-04]",007,FW
237,0,0.595029027507995,0,[-0.38677825  0.2402969   6.57756118  4.54405761 -1.31328496  0.06457924],"[ 3.61630384e-01  2.42265273e-02 -6.52628212e+01  2.56010191e+01
 -1.31846926e+00 -2.53564408e-04]",[-3.48069946  0.77732417  2.03365054  9.07852634 -1.31875132  0.04630384],"[-34.58948644   0.17525437  -1.17212024 -38.54303721  -1.61057129
   0.30874063]","[-3.62742898e-01  3.14725211e-02  5.01723729e+01  2.01996720e+01
 -1.31891646e+00  1.22532915e-01]","[  5.02239857   0.11627195  13.56645657 -66.1361521   -1.26962114
  -0.17283274]","[-1.18795451e+01  6.06321526e-01 -2.60771484e+00 -2.89784660e+01
 -1.29292526e+00 -1.22013052e-02]","[-5.17463671e-01  4.11988309e-03 -3.82890734e+02 -1.96132045e+02
 -1.34107934e+00  1.52709723e-01]",007,FW
238,0,0.595029027507995,0,[-0.23463119  0.24666046  6.40992984  3.50396947 -1.31612394  0.0142373 ],"[ 3.46612775e-01  2.38471896e-02 -6.62879597e+01  2.49762537e+01
 -1.31293608e+00  5.05824500e-02]",[-2.9951704   0.78326921  2.0184699   8.04566131 -1.32340172 -0.02066527],"[-34.52884057   0.28693837   4.73173547 165.38133964  -0.67835196
   0.91041072]","[-3.42738064e-01  3.31517620e-02  4.76862426e+01  1.83438905e+01
 -1.32655716e+00  3.41038944e-02]","[  5.09273486   0.10436358  15.12425461 -75.02381868  -1.27079825
  -0.14735193]","[-1.22671175e+01  6.14430567e-01 -2.57316500e+00 -2.95653175e+01
 -1.29526974e+00 -2.90191453e-02]","[-5.19736014e-01  3.46604996e-03 -4.50126990e+02 -2.31947207e+02
 -1.27253642e+00  3.72091970e-01]",007,FW
239,0,0.595029027507995,0,[-0.08111066  0.24480246  6.45797331  2.5238105  -1.31598344 -0.03655282],"[ 3.32000216e-01  2.27833237e-02 -6.93529774e+01  2.50252035e+01
 -1.30396344e+00  9.01714928e-02]",[-2.51878376  0.75220224  2.10015663  7.28984041 -1.32036771 -0.09952141],"[-34.31485284   0.4816174    3.18675333 111.35297153  -1.14707974
   0.54660207]","[-3.22190938e-01  3.30740730e-02  4.77960761e+01  1.73994626e+01
 -1.32268421e+00 -4.37419960e-02]","[  5.15667886   0.09571072  16.50478152 -83.10985792  -1.27576106
  -0.10724639]","[-12.66024103   0.62705408  -2.52129824 -29.92024345  -1.29944183
  -0.03437294]","[-5.21432556e-01  2.41094495e-03 -6.15915697e+02 -3.19158496e+02
 -9.95467035e-01  7.18073318e-01]",007,FW
240,0,0.6537012240091586,0,[ 0.06853348  0.23458432  6.73540554  1.53839924 -1.3120236  -0.09135878],"[ 3.18134314e-01  2.12946728e-02 -7.41705644e+01  2.55962016e+01
 -1.29451455e+00  1.15899459e-01]",[-2.07551299  0.6816123   2.31194721  6.79847648 -1.30393583 -0.19738179],"[-33.97676729   0.64314765   2.43661578  84.78832731  -1.26916924
   0.31783212]","[-3.02117691e-01  3.14445556e-02  5.02296682e+01  1.71752714e+01
 -1.31058356e+00 -1.12623467e-01]","[ 5.21614792e+00  9.02923096e-02  1.75057419e+01 -8.93125391e+01
 -1.28262947e+00 -6.20953928e-02]","[-1.30598156e+01  6.39049863e-01 -2.47406792e+00 -3.03108707e+01
 -1.30469980e+00 -2.55290057e-02]","[-5.22292988e-01  1.25525920e-03 -7.09525336e+02 -3.68580108e+02
 -7.72779523e-01  7.01185246e-01]",007,FW
241,0,0.5142181877049914,0,[ 0.20913526  0.21626836  7.29671796  0.47399896 -1.30219483 -0.15336992],"[ 3.05198099e-01  1.96586023e-02 -8.03287216e+01  2.65161731e+01
 -1.28711206e+00  1.25794014e-01]",[-1.68964765  0.57306515  2.73335635  6.61840914 -1.26027075 -0.32768982],"[-33.54493868   0.76175542   2.06940644  71.4181123   -1.30299473
   0.18805796]","[-2.83363628e-01  2.86376879e-02  5.50761799e+01  1.76065862e+01
 -1.29318112e+00 -1.73139372e-01]","[ 5.27291786e+00  8.76097554e-02  1.80465673e+01 -9.31580674e+01
 -1.28910657e+00 -2.34869813e-02]","[-1.34635342e+01  6.44484167e-01 -2.45331887e+00 -3.10303425e+01
 -1.30951526e+00 -2.93085594e-03]","[-5.22106423e-01  1.63249726e-03  6.75997070e+02  3.54942412e+02
 -3.95072487e-01  1.00708951e+00]",007,FW
242,0,0.6184066930658728,0,[ 0.3358859   0.19065417  8.25788586 -0.7737074  -1.28332903 -0.22654713],"[ 2.93223603e-01  1.81096490e-02 -8.72094127e+01  2.75718582e+01
 -1.28359036e+00  1.20100647e-01]",[-1.38320233  0.43314959  3.56008219  6.92431397 -1.15037492 -0.5188939 ],"[-33.04944054   0.83772388   1.88581711  64.32520035  -1.31811236
   0.09841785]","[-2.66537686e-01  2.50922677e-02  6.27490242e+01  1.87249797e+01
 -1.27329344e+00 -2.26858507e-01]","[ 5.32843093e+00  8.68880215e-02  1.81973669e+01 -9.49634127e+01
 -1.29401368e+00  2.25880313e-03]","[-1.38657166e+01  6.37848944e-01 -2.47862598e+00 -3.23679255e+01
 -1.31226795e+00  3.14884989e-02]","[-5.20732301e-01  3.37277905e-03  4.36993102e+02  2.29556423e+02
 -8.63351542e-01  8.03342456e-01]",007,FW
243,0,0.6184066930658728,0,[ 0.44459314  0.15905491  9.85589    -2.38186107 -1.2492775  -0.31893738],"[ 2.82138176e-01  1.67842237e-02 -9.41219445e+01  2.85553937e+01
 -1.28501589e+00  1.04752831e-01]",[-1.1733234   0.27493846  5.30553759  8.22511139 -0.84032548 -0.82655172],"[-3.25213701e+01  8.67528283e-01  1.82240747e+00  6.12671877e+01
 -1.33035216e+00  1.21324795e-02]","[-2.52007354e-01  2.11999856e-02  7.41099701e+01  2.06762575e+01
 -1.25204492e+00 -2.78716129e-01]","[ 5.38368524e+00  8.73187079e-02  1.81073443e+01 -9.54842420e+01
 -1.29763010e+00  1.50093159e-02]","[-14.25770806   0.61496514  -2.56982941 -34.63987744  -1.31161513
   0.07642584]","[-5.18105065e-01  5.32126250e-03  2.89415243e+02  1.51947503e+02
 -1.11990153e+00  5.39394029e-01]",007,FW
244,0,0.6184066930658728,0,[ 0.53187723  0.12311545 12.61736867 -4.71089108 -1.18228044 -0.44955225],"[ 2.71838000e-01  1.56780129e-02 -1.00780804e+02  2.93960522e+01
 -1.29111553e+00  9.34761445e-02]",[-1.07018216  0.13114197  6.85995559  9.3414021  -0.62886329 -0.82073858],"[-31.99575244   0.84092414   1.87839989  62.10081772  -1.33539858
  -0.09844453]","[-2.39940057e-01  1.72320058e-02  9.08908688e+01  2.38083602e+01
 -1.22609345e+00 -3.38655926e-01]","[ 5.43920606e+00  8.81836916e-02  1.79296646e+01 -9.55231406e+01
 -1.30091099e+00  1.65921120e-02]","[-14.6287259    0.57341196  -2.75338268 -38.27848058  -1.3058611
   0.13264349]","[-5.14225929e-01  7.24965254e-03  2.15376670e+02  1.12752268e+02
 -1.21582724e+00  3.83808508e-01]",007,FW
245,0,0.6184066930658728,0,[ 0.59528074  0.08472167 17.87732209 -8.64202544 -1.01944192 -0.66252469],"[ 2.62266880e-01  1.46400522e-02 -1.07907689e+02  3.03006130e+01
 -1.29927806e+00  1.03421062e-01]",[-1.07570784  0.14231496 -7.82518527 -6.41761312 -0.5115243  -0.91547044],"[-31.51402524   0.74490748   2.10903223  68.46409483  -1.31002869
  -0.26236356]","[-2.30365256e-01  1.33348531e-02  1.16796914e+02  2.89059510e+01
 -1.18398467e+00 -4.22419722e-01]","[ 5.49507177e+00  8.88404999e-02  1.77973805e+01 -9.57978833e+01
 -1.30441615e+00  7.89249593e-03]","[-14.96698513   0.51264804  -3.07360258 -44.00256413  -1.29161041
   0.20367494]","[-5.09147187e-01  9.06966054e-03  1.73157634e+02  9.01627221e+01
 -1.25766133e+00  2.85433499e-01]",007,FW
246,0,0.7592028031993643,0,"[  0.63330046   0.04687895  28.58761606 -16.10455036  -0.55259098
  -0.99241065]","[ 2.53476214e-01  1.34269903e-02 -1.17544666e+02  3.17947769e+01
 -1.30312592e+00  1.47677139e-01]",[-1.18331753  0.27144833 -5.52016718 -4.5321106  -1.00897457 -0.69652557],"[-31.12423928   0.57228627   2.68267671  85.49627185  -1.17455434
  -0.5319304 ]","[-2.23228377e-01  9.58833768e-03  1.60457405e+02  3.78186462e+01
 -1.09702076e+00 -5.54551595e-01]","[ 5.55095078e+00  8.86684812e-02  1.78317502e+01 -9.69831675e+01
 -1.30784715e+00 -1.11899245e-02]","[-15.26090913   0.43405636  -3.61561039 -53.17750166  -1.26149346
   0.29712395]","[-5.02955330e-01  1.07368801e-02  1.46688038e+02  7.57775306e+01
 -1.27829052e+00  2.18463735e-01]",007,FW
247,0,0.7122469598566079,0,[ 0.64538533  0.02464496 -4.89056784  5.15630073 -1.69833874 -0.26133206],"[ 2.45647743e-01  1.18012598e-02 -1.33351791e+02  3.47575665e+01
 -1.29089388e+00  2.34673668e-01]",[-1.37865459  0.39053695 -3.98993335 -3.50073991 -1.24251344 -0.39740696],"[-30.87816326   0.34045515   3.87073216 121.52109965  -0.65311038
  -0.9042781 ]","[-2.18417334e-01  6.08628517e-03  2.44228252e+02  5.53436838e+01
 -8.84016986e-01 -7.78815964e-01]","[ 5.60611615e+00  8.70434087e-02  1.81622013e+01 -9.98194101e+01
 -1.31045367e+00 -4.15469696e-02]","[-15.50025773   0.34094808  -4.56325023 -68.73155466  -1.19746244
   0.42930556]","[-4.95758189e-01  1.22265281e-02  1.29018668e+02  6.59620613e+01
 -1.28982658e+00  1.69486180e-01]",007,FW
248,0,0.7122469598566079,0,"[  0.63195194   0.04813501 -28.74565964  20.16587543  -0.66275799
  -0.93528508]","[ 2.39073221e-01  9.62294499e-03 -1.62229899e+02  4.07848246e+01
 -1.23920128e+00  3.78323220e-01]",[-1.64118899  0.47645108 -3.30565184 -3.4251994  -1.31599357 -0.20785229],"[-30.82589399   0.24059714  -1.83774136 -54.65002024  -1.30392566
  -0.46776277]","[-2.15763840e-01  3.04909309e-03  4.10750324e+02  9.06250672e+01
 -3.76572689e-01 -1.07655194e+00]","[ 5.65943235e+00  8.33298267e-02  1.89625792e+01 -1.05317434e+02
 -1.31117041e+00 -8.61389620e-02]","[-15.6770453    0.23856405  -6.37202077 -97.89445826  -1.04325578
   0.63813823]","[-4.87678262e-01  1.35184810e-02  1.16799395e+02  5.89605258e+01
 -1.29718062e+00  1.30693999e-01]",007,FW
249,0,0.7122469598566079,0,"[  0.59443088   0.08202322 -18.6362509   13.07796294  -1.09526425
  -0.59064576]","[ 2.34097575e-01  6.90830985e-03 -2.20285404e+02  5.35682788e+01
 -1.07758850e+00  6.17625674e-01]",[-1.94634155  0.52189774 -3.02794778 -3.89342059 -1.33794939 -0.06832498],"[-31.00974121   0.54525703  -2.54793709 -77.01086989  -0.60578058
  -0.97626557]","[-2.15037162e-01  1.63659783e-03 -2.74493314e+02 -5.70262631e+01
 -1.46144208e+00 -3.32212950e-01]","[ 5.70933640e+00  7.68797028e-02  2.05262068e+01 -1.15191020e+02
 -1.30690610e+00 -1.52192300e-01]","[-1.57861518e+01  1.35530408e-01 -1.01267641e+01 -1.57862635e+02
 -6.06756256e-01  9.69537577e-01]","[-4.78851304e-01  1.45895149e-02  1.08291518e+02  5.38555346e+01
 -1.30229320e+00  9.74191194e-02]",007,FW
250,0,0.7122469598566079,0,"[  0.53530509   0.11304357 -13.81595818   9.39575276  -1.23698764
  -0.37404599]","[ 2.31039030e-01  3.92655275e-03 -3.39324575e+02  8.03972206e+01
 -5.80615043e-01  9.69171247e-01]",[-2.26776781  0.52530749 -3.00889553 -4.82347644 -1.33612151  0.05088462],"[-31.45929924   0.96636231  -1.56928793 -47.36869858  -1.01363394
  -0.66101841]","[-2.15946305e-01  3.07187484e-03 -4.71776774e+02 -9.98784512e+01
 -8.94126851e-01 -7.92898382e-01]","[ 5.75384133e+00  6.70706788e-02  2.34426858e+01 -1.32885494e+02
 -1.28769406e+00 -2.54657457e-01]","[-15.82555699   0.06627074  -1.97361746 -29.23359566  -1.68402242
   0.27197443]","[-4.69427414e-01  1.54129740e-02  1.02547182e+02  5.01384584e+01
 -1.30584734e+00  6.70163103e-02]",007,FW
251,0,0.7122469598566079,0,"[  0.45807431   0.13826065 -11.38205521   7.21382704  -1.29190643
  -0.23488794]","[ 2.30106141e-01  2.19798366e-03  9.15923695e+01 -1.90759667e+01
 -1.64533501e+00  2.77950207e-01]",[-2.5795472   0.48914693 -3.22433555 -6.31732574 -1.31661857  0.16865409],"[-32.18873836   1.40965599  -1.1008159  -33.43387499  -1.16990519
  -0.46337708]","[-2.18156593e-01  4.67191838e-03 -3.32378960e+02 -7.05106614e+01
 -1.22978922e+00 -4.33811519e-01]","[ 5.79057426e+00  5.34418588e-02  2.90962404e+01 -1.66483941e+02
 -1.22031600e+00 -4.26009699e-01]","[-1.57961876e+01  1.20148432e-01  1.12446667e+01  1.79622866e+02
 -6.02546658e-01  9.61938480e-01]","[-4.59571887e-01  1.59627453e-02  9.90395860e+01  4.75158094e+01
 -1.30810462e+00  3.80325443e-02]",007,FW
252,0,0.7122469598566079,0,"[  0.36708931   0.15612891 -10.11175702   5.71191794  -1.31526859
  -0.13249271]","[ 2.31337623e-01  4.30240280e-03  3.23953054e+02 -7.29425296e+01
 -7.09811914e-01  9.08325486e-01]",[-2.85804652  0.41875851 -3.74510612 -8.70368752 -1.27234582  0.30538299],"[-33.19629796   1.84079578  -0.85078408 -26.24288166  -1.23907044
  -0.33650944]","[-2.21318052e-01  5.82099616e-03 -2.70383584e+02 -5.78407682e+01
 -1.30854251e+00 -2.26468684e-01]","[ 5.81686215e+00  3.61053711e-02  4.10956833e+01 -2.37047925e+02
 -9.67254058e-01 -7.34592663e-01]","[-15.70148664   0.21108553   7.21228527 115.24360077  -1.06516393
   0.62175633]","[-4.49464798e-01  1.62166244e-02  9.74996706e+01  4.58226698e+01
 -1.30929263e+00  9.40373663e-03]",007,FW
253,0,0.7122469598566079,0,[ 0.26723386  0.16591255 -9.52749335  4.54606879 -1.32290349 -0.04992922],"[ 2.34588345e-01  7.10123785e-03  2.16266419e+02 -4.87335812e+01
 -1.14728351e+00  5.43908908e-01]","[ -3.08326359   0.32150361  -4.80729689 -12.82216347  -1.16922372
   0.4956295 ]","[-34.46520174   2.2352919   -0.70379339 -22.25638102  -1.27434131
  -0.24659819]","[-2.25097076e-01  6.49554577e-03 -2.43195151e+02 -5.27425174e+01
 -1.32534012e+00 -9.96786734e-02]","[ 5.82989304e+00  1.85241637e-02  4.87238069e+01 -2.82054583e+02
 -7.58192445e-01 -7.11072337e-01]","[-15.5469129    0.2978442    5.23252931  83.34967733  -1.21361961
   0.40611868]","[-4.39299799e-01  1.61561835e-02  9.78618154e+01  4.49906759e+01
 -1.30960767e+00 -2.02031497e-02]",007,FW
254,0,0.6837843004504707,0,[ 0.16347039  0.16777403 -9.42358232  3.54047665 -1.32050848  0.01901687],"[ 2.39572035e-01  9.45845035e-03  1.65679172e+02 -3.76920964e+01
 -1.27124823e+00  3.17447530e-01]","[ -3.23965796   0.20739882  -7.0665267  -20.8931295   -0.87334696
   0.80315305]","[-35.96483211   2.5724767   -0.6130628  -20.0487008   -1.2948808
  -0.17622111]","[-2.29202108e-01  6.75876519e-03 -2.33923960e+02 -5.16158648e+01
 -1.32306425e+00 -1.42810303e-02]","[ 5.82696467e+00  2.44654657e-02 -4.49260569e+01  2.63782546e+02
 -3.67488758e-01 -1.02771162e+00]","[-15.33953531   0.37394664   4.20098327  66.4411312   -1.26938853
   0.27697635]","[-4.29282112e-01  1.57654728e-02  1.00267929e+02  4.50432283e+01
 -1.30887294e+00 -5.25354446e-02]",007,FW
255,0,0.6837843004504707,0,[ 0.06031534  0.16283141 -9.70563172  2.58539846 -1.31148201  0.07517714],"[ 2.45954697e-01  1.12608482e-02  1.39957071e+02 -3.24230991e+01
 -1.29426738e+00  1.96480134e-01]","[ -3.31665586   0.10087121  -8.91534501 -27.56913124  -0.66747801
   0.78929229]","[-37.65125001   2.83208911  -0.55768306 -18.99746424  -1.30858308
  -0.11445456]","[-2.33400523e-01  6.70626219e-03 -2.35729017e+02 -5.30192759e+01
 -1.31354604e+00  4.39782425e-02]","[ 5.80578766e+00  5.16884862e-02 -2.83859814e+01  1.66802980e+02
 -8.24207072e-01 -8.30488143e-01]","[-15.08771937   0.43660626   3.6107244   56.47759648  -1.29495286
   0.18856782]","[-4.19623981e-01  1.50343595e-02  1.05099493e+02  4.61022677e+01
 -1.30621187e+00 -8.92248641e-02]",007,FW
256,0,0.6837843004504707,0,"[ -0.03864304   0.15299378 -10.32325437   1.60107806  -1.29938174
   0.11672491]","[ 2.53478029e-01  1.27282799e-02  1.23987126e+02 -2.94280124e+01
 -1.28291428e+00  1.54072754e-01]",[-3.30899712  0.1163766   9.53957678 33.56643207 -0.4636127   0.95364532],"[-39.4669975    2.99220729  -0.52827721 -18.84951521  -1.31813855
  -0.05341905]","[-2.37528873e-01  6.45186027e-03 -2.44945961e+02 -5.61817380e+01
 -1.30195271e+00  7.82885607e-02]","[ 5.76477974e+00  8.33157164e-02 -1.84253318e+01  1.08217979e+02
 -1.09077180e+00 -5.70691703e-01]","[-14.80076925   0.48410655   3.26208527  50.28137143  -1.30727868
   0.12140211]","[-4.10536170e-01  1.39680907e-02  1.13037255e+02  4.84058818e+01
 -1.30027981e+00 -1.31201177e-01]",007,FW
257,0,0.6837843004504707,0,"[ -0.13106318   0.14056078 -11.23086332   0.52804733  -1.28806515
   0.14121032]","[ 2.62078604e-01  1.42934283e-02  1.10355080e+02 -2.69217052e+01
 -1.26043602e+00  1.74051316e-01]",[-3.21690696  0.22948437  6.48647196 22.8663768  -0.9472663   0.74258906],"[-4.13411603e+01  3.03040486e+00 -5.21726673e-01 -1.95687860e+01
 -1.32306956e+00  1.27487113e-02]","[-2.41497538e-01  6.11631206e-03 -2.58356465e+02 -6.03924502e+01
 -1.29191227e+00  8.70238075e-02]","[  5.70328606   0.11571883 -13.46730582  78.80789748  -1.20006462
  -0.4109742 ]","[-14.48838254   0.5158811    3.06371507  46.38827588  -1.31167452
   0.06816742]","[-4.02216472e-01  1.25965423e-02  1.25193161e+02  5.23547514e+01
 -1.28984149e+00 -1.79048472e-01]",007,FW
258,0,0.6837843004504707,0,"[ -0.21592425   0.12771603 -12.3587573   -0.6685554   -1.28065416
   0.14740183]","[ 2.71959844e-01  1.64628622e-02  9.56442319e+01 -2.40113904e+01
 -1.23626891e+00  2.29437931e-01]",[-3.04584805  0.34376698  4.51098589 15.7397776  -1.18955255  0.46197227],"[-43.19139658   2.92889067  -0.53946194 -21.30011444  -1.32059187
   0.08848229]","[-2.45290683e-01  5.81693784e-03 -2.71716608e+02 -6.46495522e+01
 -1.28499377e+00  6.72766232e-02]","[  5.6216835    0.14681592 -10.68721433  62.08013645  -1.25275994
  -0.30298499]","[-1.41598932e+01  5.32993325e-01  2.96631553e+00  4.40027112e+01
 -1.31078434e+00  2.72646224e-02]","[-3.94837727e-01  1.09743153e-02  1.43427005e+02  5.86303927e+01
 -1.27359205e+00 -2.34601518e-01]",007,FW
259,0,0.6837843004504707,0,"[ -0.29335022   0.11610866 -13.59757172  -1.98885071  -1.27840102
   0.13680064]","[ 2.83587076e-01  1.96555285e-02  7.99318268e+01 -2.06676330e+01
 -1.21891194e+00  2.83593161e-01]",[-2.80553877  0.44192695  3.5512477  11.96316312 -1.27052978  0.29434206],"[-44.92941801   2.68196569  -0.58795799 -24.41661016  -1.30583648
   0.17772795]","[-2.48964529e-01  5.66425195e-03 -2.79126685e+02 -6.74926438e+01
 -1.27875670e+00  1.67110032e-02]",[ 5.52136569  0.17495268 -9.00033484 51.69414001 -1.2808945  -0.22343984],"[-1.38234436e+01  5.38195237e-01  2.93783997e+00  4.26110650e+01
 -1.30717963e+00 -1.15065385e-03]","[-3.88538428e-01  9.16962557e-03  1.71120889e+02  6.84870413e+01
 -1.24832995e+00 -3.03374593e-01]",007,FW
260,0,0.6837843004504707,0,"[ -0.36426483   0.10666839 -14.80765335  -3.39390726  -1.28036435
   0.11402806]","[ 2.97611977e-01  2.40830360e-02  6.51469300e+01 -1.73885066e+01
 -1.21522147e+00  3.11482221e-01]",[-2.50814627  0.51946954  3.03464487  9.61133322 -1.29739539  0.18905059],"[-46.46999177   2.30225922  -0.682008   -29.69290623  -1.27099139
   0.28580282]","[-2.52645037e-01  5.76606972e-03 -2.74111405e+02 -6.72528859e+01
 -1.26788549e+00 -6.26987108e-02]",[ 5.4046457   0.19878933 -7.9370292  44.89683072 -1.29718601 -0.16034882],"[-1.34853548e+01  5.35210784e-01  2.95415605e+00  4.18378426e+01
 -1.30339940e+00 -1.79928087e-02]","[-3.83418613e-01  7.25025036e-03  2.15164329e+02  8.44980085e+01
 -1.20427563e+00 -3.98095447e-01]",007,FW
261,0,0.647379999528623,0,"[ -0.43000443   0.09967156 -15.85427313  -4.81740772  -1.2843353
   0.08533939]","[ 3.14758692e-01  2.97219526e-02  5.27872543e+01 -1.46152471e+01
 -1.22411935e+00  3.10161755e-01]",[-2.16594833  0.57778333  2.73305593  7.91965793 -1.30241057  0.12489623],"[-47.74171072   1.82233489  -0.85417662 -38.77985305  -1.20102815
   0.4232831 ]","[-2.56522263e-01  6.22727220e-03 -2.53406996e+02 -6.30045361e+01
 -1.25022469e+00 -1.56186990e-01]",[ 5.27462731  0.2172041  -7.27268861 40.36072197 -1.3072816  -0.10627707],"[-1.31499711e+01  5.27492389e-01  2.99729284e+00  4.14143142e+01
 -1.30117965e+00 -2.66436295e-02]","[-3.79540839e-01  5.27914027e-03  2.91573327e+02  1.12663985e+02
 -1.11099355e+00 -5.46122802e-01]",007,FW
262,0,0.5817415166225783,0,"[ -0.49199432   0.09495969 -16.64636917  -6.1899191   -1.28837534
   0.0562496 ]","[ 3.35701761e-01  3.63572187e-02  4.31968946e+01 -1.25012736e+01
 -1.23957906e+00  2.88677148e-01]",[-1.7890491   0.62248208  2.53832247  6.54118352 -1.29910751  0.092153  ],"[-48.69673983   1.29079637  -1.18254556 -55.58611356  -1.05731345
   0.61452609]","[-2.60837947e-01  7.13100249e-03 -2.20751954e+02 -5.55804865e+01
 -1.23266351e+00 -2.36252771e-01]",[ 5.13507263  0.22923071 -6.89566732 37.40975251 -1.31340115 -0.05631776],"[-1.28200637e+01  5.17119643e-01  3.05733159e+00  4.11951858e+01
 -1.30095550e+00 -3.24206709e-02]","[-3.76932732e-01  3.33178518e-03  4.42424022e+02  1.68764095e+02
 -8.62084232e-01 -8.03482536e-01]",007,FW
263,0,0.455732051244542,0,"[ -0.551535     0.09216816 -17.15360174  -7.46081177  -1.29168753
   0.03040672]","[  0.36095509   0.0436401   36.03913701 -11.0085101   -1.25670634
   0.2562306 ]",[-1.38378407  0.66118953  2.39004974  5.30731275 -1.29411325  0.0829074 ],"[-49.3169211    0.76690117  -1.8723335  -90.33772325  -0.71883098
   0.90694013]","[-2.65863627e-01  8.50775259e-03 -1.84681164e+02 -4.71000042e+01
 -1.22577669e+00 -2.81401064e-01]","[ 4.99025879e+00  2.34106872e-01 -6.75373565e+00  3.57028887e+01
 -1.31604911e+00 -7.44054215e-03]","[-1.24976292e+01  5.04394472e-01  3.13431085e+00  4.11714548e+01
 -1.30206860e+00 -4.06520080e-02]","[-3.75587875e-01  1.61011603e-03  6.74250904e+02  2.55240464e+02
 -4.22842009e-01 -9.81200805e-01]",007,FW
264,0,0.5608339297849299,0,"[-6.09681186e-01  9.08482872e-02 -1.74039741e+01 -8.61087556e+00
 -1.29463930e+00  1.04986921e-02]","[  0.39078376   0.05112431  30.80831249 -10.03938827  -1.27321476
   0.21804535]",[-0.95225205  0.70102701  2.25407349  4.1464461  -1.2902762   0.0880778 ],"[ -49.61468326    0.33998887   -2.66189893 -130.06927228   -0.50737143
    0.91726298]","[-2.71867838e-01  1.03149409e-02 -1.52260904e+02 -3.93948428e+01
 -1.23277825e+00 -2.89202304e-01]",[ 4.84479693  0.23141321 -6.83139124 35.09670329 -1.31507261  0.04215062],"[-12.18477058   0.48818301   3.23802869  41.45463672  -1.30342115
  -0.05510086]","[-3.75465009e-01  1.36043527e-03 -6.86372978e+02 -2.55709037e+02
 -6.56209369e-01 -7.91239403e-01]",007,FW
265,0,0.6235608954976148,0,"[-6.67143475e-01  9.04321307e-02 -1.74842549e+01 -9.66450659e+00
 -1.29860153e+00  3.65665452e-04]",[ 0.4251382   0.05827623 27.06355763 -9.50575228 -1.28828325  0.17597901],[-0.49300833  0.74674344  2.11575602  3.04308534 -1.28845769  0.09833593],"[-49.62884726   0.31136063   3.61602919 181.45936038  -0.63283439
   0.81515421]","[-2.79074724e-01  1.24361003e-02 -1.26398395e+02 -3.32745972e+01
 -1.24916961e+00 -2.69195783e-01]",[ 4.70338585  0.22121556 -7.14223742 35.59269839 -1.31004572  0.09374833],"[-11.88435296   0.46666137   3.38652661  42.24667757  -1.30384662
  -0.07780566]","[-3.76488214e-01  2.74524166e-03 -5.37215180e+02 -2.00255183e+02
 -9.08462820e-01 -7.76245060e-01]",007,FW
266,2,0.8098959071228992,1,"[-7.24141999e-01  9.00790310e-02 -1.75526897e+01 -1.07106398e+01
 -1.30516830e+00  6.58765310e-03]",[ 0.46359971  0.06447596 24.48900755 -9.35309692 -1.30160123  0.12988632],[-0.00247048  0.80011802  1.97434827  2.00487759 -1.28849067  0.10668667],"[-49.4171587    0.55061838   2.76296317 138.53778943  -1.14928665
   0.58035489]","[-2.87620605e-01  1.46919605e-02 -1.07150575e+02 -2.88187132e+01
 -1.26912484e+00 -2.31781620e-01]",[ 4.57049277  0.20414847 -7.73097393 37.3343605  -1.30013412  0.14852408],"[-11.60022126   0.43810754   3.60548886  43.82446847  -1.30194408
  -0.10961501]","[-3.78550980e-01  4.20668018e-03 -3.67950395e+02 -1.37287983e+02
 -1.17356941e+00 -4.82758426e-01]",007,FW
267,2,0.8098959071228992,1,"[ -0.78021169   0.08855189 -17.85309797 -11.92919579  -1.31382856
   0.03769475]",[ 0.50533357  0.06903209 22.89239052 -9.56829349 -1.31277589  0.07837707],[ 0.52368288  0.86067996  1.83530293  1.03888327 -1.28941266  0.11041089],"[-49.04817612   0.72515892   2.16679032 108.27711346  -1.33332383
   0.2498167 ]","[-2.97514218e-01  1.68520753e-02 -9.35673511e+01 -2.58376172e+01
 -1.28909116e+00 -1.83212337e-01]",[ 4.449986    0.18143721 -8.68380158 40.64279541 -1.28396271  0.20731816],"[-11.33693554   0.40158367   3.92999875  46.55414247  -1.29591928
  -0.15039367]","[-3.81525318e-01  5.49843329e-03 -2.85080424e+02 -1.06765399e+02
 -1.25513744e+00 -3.18533620e-01]",007,FW
268,2,0.6006764387502693,1,"[ -0.83404467   0.08431774 -18.7349195  -13.62575975  -1.31898869
   0.10195071]","[ 5.49066508e-01  7.12320122e-02  2.21955006e+01 -1.01868060e+01
 -1.32068714e+00  1.92538931e-02]",[ 1.08969831  0.92726793  1.70349322  0.14370631 -1.28993177  0.1108758 ],"[-4.85945485e+01  7.94872738e-01  1.98824506e+00  9.86178708e+01
 -1.36598539e+00  2.76599324e-02]","[-3.08601969e-01  1.86404855e-02 -8.47124066e+01 -2.41424155e+01
 -1.30762204e+00 -1.24870089e-01]","[  4.34476637   0.15487068 -10.14843496  46.09257891  -1.25992728
   0.26991099]","[-11.09912263   0.35746685   4.40891781  50.93511939  -1.28388524
  -0.19878872]","[-3.85275007e-01  6.58660349e-03 -2.39085434e+02 -9.01136423e+01
 -1.28418478e+00 -2.20618848e-01]",007,FW
269,2,0.6006764387502693,1,"[ -0.88348197   0.07594389 -20.74092203 -16.32423059  -1.30743332
   0.20804683]","[  0.59311622   0.07044292  22.43982375 -11.30942346  -1.32295378
  -0.0502014 ]",[ 1.69968975  0.99960322  1.58020934 -0.68586562 -1.28928473  0.11134471],"[-48.12854566   0.75822326   2.07886645 102.0528189   -1.34599617
  -0.17424541]","[-3.20539635e-01  1.97413352e-02 -8.00690706e+01 -2.36653107e+01
 -1.32337856e+00 -5.40231544e-02]","[  4.25645281   0.12669893 -12.36555567  54.63340414  -1.22726955
   0.33377733]","[-10.89059794   0.30773857   5.11139686  57.66616806  -1.26459623
  -0.25165183]","[-3.89671228e-01  7.48581269e-03 -2.10779298e+02 -8.01346279e+01
 -1.29424613e+00 -1.59546974e-01]",007,FW
270,2,0.6006764387502693,1,"[ -0.92572253   0.06264097 -24.92431686 -21.0730016   -1.25063445
   0.37306753]","[  0.6354909    0.06625038  23.82914503 -13.14320484  -1.31556927
  -0.13368663]",[ 2.35810018  1.07899733  1.46386149 -1.45193205 -1.28773097  0.11420468],"[-47.71967509   0.62171505   2.49602595 121.10954756  -1.24610331
  -0.43206442]","[-3.32777948e-01  1.98217316e-02 -7.97516157e+01 -2.45395791e+01
 -1.33268127e+00  3.54774222e-02]","[  4.18518327   0.0994123  -15.70550969  67.7304364   -1.18842024
   0.39180615]","[-10.71342228   0.25592967   6.13209365  67.69570879  -1.23874865
  -0.30244083]","[-3.94608357e-01  8.23955513e-03 -1.91660805e+02 -7.36309553e+01
 -1.29567774e+00 -1.23405003e-01]",007,FW
271,2,0.6006764387502693,1,"[ -0.95773498   0.04475125 -33.85122394 -30.42050128  -1.06248831
   0.6409122 ]","[  0.67405542   0.05858573  26.85768017 -16.10356494  -1.29149178
  -0.23804468]",[ 3.07017707  1.16772733  1.35250494 -2.15242965 -1.28631174  0.11919517],"[-47.43337729   0.40416505   3.52017584 168.97382869  -0.84386371
  -0.8234422 ]","[-3.44573716e-01  1.85858442e-02 -8.48858911e+01 -2.72494470e+01
 -1.32636137e+00  1.54442815e-01]","[ 4.12958867e+00  7.54150422e-02 -2.06565439e+01  8.73030296e+01
 -1.15317714e+00  4.27619680e-01]","[-10.56708866   0.20671508   7.57888548  82.08675476  -1.21165937
  -0.33724255]","[-4.00016955e-01  8.91390307e-03 -1.77217087e+02 -6.88898396e+01
 -1.29292179e+00 -1.07020884e-01]",007,FW
272,2,0.6006764387502693,1,"[-9.76776001e-01  2.47062019e-02 -5.11684133e+01 -4.79800781e+01
 -5.19781669e-01  9.74965148e-01]","[  0.70674472   0.0477959   32.66717844 -21.08735595  -1.2342292
  -0.37844133]",[ 3.84193057  1.26738876  1.24604456 -2.78721668 -1.28617759  0.12356208],"[-47.32949081   0.22864219   0.77346033  38.60748358  -1.69865977
  -0.23980022]","[-3.55036666e-01  1.58584034e-02 -9.87440700e+01 -3.30577654e+01
 -1.28026749e+00  3.24772266e-01]","[ 4.08697355e+00  5.66876502e-02 -2.75264852e+01  1.14500017e+02
 -1.14252229e+00  4.07623474e-01]","[-10.44807384   0.16524797   9.48678685 101.11864953  -1.1966068
  -0.32828735]","[-4.05870380e-01  9.58614445e-03 -1.64793736e+02 -6.48848965e+01
 -1.28909087e+00 -1.05736273e-01]",007,FW
273,2,0.6006764387502693,1,"[-9.80875771e-01  1.67120684e-02  3.27529852e+01  3.41266096e+01
 -1.20979541e+00  4.93687128e-01]","[ 7.31796063e-01  3.46665626e-02  4.41159963e+01 -3.02839124e+01
 -1.09278917e+00 -5.89711542e-01]",[ 4.67930061  1.37716358  1.1467132  -3.36581578 -1.28796279  0.12381685],"[ -47.45971723    0.47237627   -2.75874689 -128.92934747   -0.43501552
   -1.05893758]","[-3.63217100e-01  1.16957708e-02 -1.30290255e+02 -4.53236487e+01
 -1.11169706e+00  5.95627959e-01]","[ 4.05370251e+00  4.45465496e-02 -3.52677443e+01  1.44964944e+02
 -1.17499197e+00  2.82774058e-01]","[-10.34996785   0.1363496   11.54496781 121.49004567  -1.20783111
  -0.23501524]","[-4.12181686e-01  1.03227641e-02 -1.53017013e+02 -6.10708104e+01
 -1.28672376e+00 -1.12284008e-01]",007,FW
274,2,0.6006764387502693,1,"[-9.69168673e-01  3.51998746e-02  4.04648905e+01  4.12173042e+01
 -7.50028580e-01  8.87976541e-01]","[ 7.47962317e-01  2.05728213e-02  6.83734761e+01 -4.91407836e+01
 -6.91164907e-01 -9.24112256e-01]",[ 5.586637    1.49290419  1.05793528 -3.9103004  -1.29156869  0.11757616],"[-47.8641265    0.90785029  -1.6485347  -76.90567362  -0.92804574
  -0.74194488]","[-3.68230339e-01  6.67449977e-03 -1.93555398e+02 -6.92729698e+01
 -5.73879377e-01  9.50085171e-01]","[ 4.02574431e+00  3.94412019e-02 -4.00594313e+01  1.63269027e+02
 -1.21989027e+00  5.40532270e-02]","[-1.02642717e+01  1.23449940e-01  1.28007122e+01  1.33389988e+02
 -1.23078787e+00 -4.93064879e-02]","[-4.18988944e-01  1.11531168e-02 -1.41610612e+02 -5.73332807e+01
 -1.28743389e+00 -1.17722286e-01]",007,FW
275,2,0.3502572470936046,1,[-0.94201892  0.05765673 26.63428828 27.09000357 -1.1258661   0.55408558],"[ 7.54666893e-01  9.62604324e-03  4.62453361e+01 -3.28998241e+01
 -1.34567970e+00 -4.32590351e-01]",[ 6.56488678  1.60732144  0.9828556  -4.45233574 -1.29637615  0.10417267],"[-48.56729932   1.38886482  -1.11162204 -51.98848016  -1.13121638
  -0.51819034]","[-3.69401008e-01  4.42527515e-03  1.04191687e+02  4.04885144e+01
 -1.32845971e+00  4.36106375e-01]","[ 3.99927210e+00  4.06121917e-02 -3.88561265e+01  1.57396223e+02
 -1.23356288e+00 -1.51936468e-01]","[-1.01817851e+01  1.26945032e-01  1.24347332e+01  1.28607781e+02
 -1.23682284e+00  1.37929122e-01]","[-4.26330462e-01  1.20524058e-02 -1.31050736e+02 -5.38709207e+01
 -1.29153642e+00 -1.14869973e-01]",007,FW
276,2,0.3334368853018161,1,[-0.90097602  0.07764067 20.15216491 20.15661739 -1.25403308  0.34546783],"[ 7.52077925e-01  1.45927757e-02 -8.89688148e+01  6.89114816e+01
 -5.78137100e-01 -9.50455042e-01]",[ 7.60999235  1.71097127  0.92358995 -5.02851243 -1.30157188  0.08414047],"[-49.57503477   1.86892274  -0.83605099 -39.447257    -1.2226929
  -0.3729759 ]","[-3.66400044e-01  9.27142679e-03  1.52392395e+02  5.78365802e+01
 -7.29447315e-01  9.01036954e-01]","[ 3.97119744e+00  4.61430195e-02 -3.41131282e+01  1.37469967e+02
 -1.24449505e+00 -2.37412047e-01]","[-10.09433661   0.14315155  10.99991358 113.03683034  -1.24557407
   0.2277199 ]","[-4.34215280e-01  1.29426263e-02 -1.22066203e+02 -5.10030104e+01
 -1.29810960e+00 -1.00476845e-01]",007,FW
277,2,0.3464815023704005,1,[-0.84863335  0.09301569 16.93761299 16.37382328 -1.30564437  0.20352149],"[ 7.41097473e-01  2.55165715e-02 -5.97408971e+01  4.62738279e+01
 -1.11205217e+00 -5.94193084e-01]",[ 8.71190787  1.79355617  0.88131869 -5.67796722 -1.30635751  0.05844469],"[-50.87255067   2.31080688  -0.68016175 -32.60156296  -1.27065988
  -0.26706674]","[-3.59344685e-01  1.51502762e-02  1.01398974e+02  3.84371824e+01
 -1.14593342e+00  5.43480059e-01]","[ 3.93954506e+00  5.37019815e-02 -2.93196461e+01  1.17506067e+02
 -1.27041828e+00 -2.27284206e-01]",[-9.99646191  0.16550843  9.51580564 97.12438866 -1.27399692  0.21976035],"[-4.42596802e-01  1.37090685e-02 -1.15282752e+02 -4.90237775e+01
 -1.30552549e+00 -7.45943848e-02]",007,FW
278,2,0.4541851719243735,1,[-0.7884364   0.10245208 15.42081339 14.15833059 -1.3278556   0.09087031],"[ 7.23266614e-01  3.45341754e-02 -4.53474280e+01  3.47982807e+01
 -1.28221116e+00 -3.23123461e-01]",[ 9.85441719  1.84522667  0.85681821 -6.44344407 -1.3100275   0.02798212],"[-52.42476108   2.68146961  -0.58801842 -28.82672507  -1.29749506
  -0.18241698]","[-3.48836025e-01  1.99366680e-02  7.86592273e+01  2.94391722e+01
 -1.29277961e+00  2.99250916e-01]","[ 3.90362245e+00  6.10970617e-02 -2.58170929e+01  1.02780184e+02
 -1.29927559e+00 -1.69876508e-01]",[-9.88659817  0.18649601  8.4612596  85.6530737  -1.30887973  0.15318097],"[-4.51356895e-01  1.42242799e-02 -1.11142625e+02 -4.81649902e+01
 -1.31199133e+00 -3.87392590e-02]",007,FW
279,2,0.722531616447346,1,"[-7.24443956e-01  1.05117642e-01  1.50398905e+01  1.28955578e+01
 -1.33393462e+00 -1.20593595e-02]","[  0.70059346   0.04027818 -39.17708362  29.44720871  -1.33296414
  -0.14494828]","[ 1.10157569e+01  1.85778345e+00  8.51075207e-01 -7.37523755e+00
 -1.31194984e+00 -6.61101535e-03]","[-54.178844     2.95445874  -0.53461692 -26.96492688  -1.31195473
  -0.11044848]","[-3.35919279e-01  2.27880329e-02  6.92872199e+01  2.52749129e+01
 -1.34637561e+00  1.14403271e-01]","[ 3.86397896e+00  6.64932064e-02 -2.37608493e+01  9.38114218e+01
 -1.32082764e+00 -9.20917485e-02]","[-9.76751235e+00  1.99042447e-01  7.94081803e+00  7.95620382e+01
 -1.33485244e+00  5.42898941e-02]","[-4.60304679e-01  1.43728943e-02 -1.10005708e+02 -4.86361420e+01
 -1.31579144e+00  5.43777029e-03]",007,FW
280,2,0.722531616447346,1,[-0.66102869  0.10070993 15.67992571 12.36488071 -1.32530001 -0.11812816],"[ 6.75324800e-01  4.24002987e-02 -3.72847555e+01  2.71793201e+01
 -1.34167139e+00 -8.45209301e-03]",[12.1699423   1.82569953  0.8658911  -8.53784473 -1.31153052 -0.04501557],"[-5.60688278e+01  3.11271185e+00 -5.07854344e-01 -2.64747978e+01
 -1.31815850e+00 -4.66915396e-02]","[-3.21968110e-01  2.32499621e-02  6.79713391e+01  2.38846036e+01
 -1.35396307e+00 -5.19148408e-02]","[ 3.82218964e+00  6.85406331e-02 -2.30666375e+01  9.01650630e+01
 -1.33112222e+00 -3.56750530e-03]","[-9.64593154e+00  1.97590991e-01  7.99726854e+00  7.91411048e+01
 -1.34242686e+00 -6.98306325e-02]","[-4.69190254e-01  1.40737947e-02 -1.12313944e+02 -5.06966078e+01
 -1.31532571e+00  5.66703229e-02]",007,FW
281,2,0.722531616447346,1,[-0.60251589  0.08957434 17.56413769 12.58267204 -1.29599724 -0.23926324],"[  0.64969214   0.041076   -38.44959314  26.98039841  -1.32776352
   0.11005262]","[ 13.28856661   1.74675156   0.90461413 -10.02102517  -1.30821395
  -0.08740507]","[-5.80212594e+01  3.14958686e+00 -5.01993619e-01 -2.71263020e+01
 -1.31855604e+00  1.18705115e-02]","[-3.08511790e-01  2.12306043e-02  7.41118999e+01  2.48643949e+01
 -1.32027609e+00 -2.28810003e-01]","[ 3.78052608e+00  6.64614201e-02 -2.37698404e+01  9.18625018e+01
 -1.32759032e+00  9.54609981e-02]",[-9.53154676  0.17881368  8.79880201 85.86619278 -1.31804625 -0.23077259],"[-4.77730444e-01  1.32967427e-02 -1.18781803e+02 -5.47456834e+01
 -1.30908491e+00  1.14230331e-01]",007,FW
282,2,0.569762556641817,1,[-0.55279558  0.0727762  21.43006445 13.84644494 -1.22861047 -0.39333442],"[ 6.25665978e-01  3.68919177e-02 -4.26775083e+01  2.87018650e+01
 -1.29536254e+00  2.22704556e-01]","[ 14.34273834   1.62203344   0.97333091 -11.96023052  -1.30133514
  -0.13492566]","[-59.9607642    3.06747372  -0.51524235 -28.89432515  -1.3146378
   0.06842782]","[-2.97037776e-01  1.70033700e-02  9.11820017e+01  2.90844990e+01
 -1.21373375e+00 -4.54100839e-01]","[ 3.74156785e+00  6.01051235e-02 -2.62050817e+01  1.00048091e+02
 -1.30466020e+00  2.10440634e-01]","[ -9.43564969   0.14207847  10.89223684 104.77533119  -1.21281409
  -0.46763196]","[-4.85641239e-01  1.20694433e-02 -1.30659346e+02 -6.14535667e+01
 -1.29555146e+00  1.78219709e-01]",007,FW
283,2,0.569762556641817,1,[-0.51497575  0.05206126 29.26283633 17.06965111 -1.06800252 -0.61816803],"[ 6.04749193e-01  3.07391811e-02 -5.09449263e+01  3.28089031e+01
 -1.24277378e+00  3.36732102e-01]","[ 15.30486998   1.45538488   1.08316944 -14.57776752  -1.28949508
  -0.19044911]","[-61.81472485   2.87497419  -0.5492257  -31.95023542  -1.30652329
   0.1271732 ]","[-2.88806440e-01  1.12256117e-02  1.30578538e+02  3.97119228e+01
 -8.95480476e-01 -7.90633773e-01]","[ 3.70778613e+00  4.99843125e-02 -3.12908607e+01  1.18019819e+02
 -1.24863618e+00  3.52247592e-01]","[-9.36963870e+00  9.08548049e-02  1.56879010e+01  1.48989964e+02
 -8.19989031e-01 -8.41388150e-01]","[-4.92670056e-01  1.04718496e-02 -1.50206687e+02 -7.20023369e+01
 -1.27270089e+00  2.50382746e-01]",007,FW
284,2,0.569762556641817,1,"[-4.91138841e-01  3.00281103e-02  4.58855844e+01  2.45361927e+01
 -6.24874394e-01 -9.59833328e-01]","[ 5.87833389e-01  2.36788689e-02 -6.56000727e+01  4.05619130e+01
 -1.16535138e+00  4.55720969e-01]","[ 16.15017735   1.25264119   1.25520543 -18.27179028  -1.26916285
  -0.25959767]","[-63.5168516    2.58454906  -0.60986702 -36.73683317  -1.29224218
   0.19357615]","[-2.84705874e-01  5.53339432e-03  1.57510580e+02  4.68441874e+01
 -7.10975429e-01 -7.59354861e-01]","[ 3.68112369e+00  3.72782637e-02 -4.12943558e+01  1.54009631e+02
 -1.12641760e+00  5.40090532e-01]","[-9.34353473e+00  4.79568035e-02  6.71310922e+00  6.47241691e+01
 -1.57388863e+00 -2.96358900e-01]","[-4.98621716e-01  8.61970632e-03 -1.81710715e+02 -8.86049086e+01
 -1.23627192e+00  3.35619612e-01]",007,FW
285,2,0.569762556641817,1,[-0.48223482  0.01456745 12.5218785   8.03848587 -1.64765108 -0.28717828],"[ 5.75135882e-01  1.67906499e-02 -9.15281396e+01  5.46411173e+01
 -1.06118057e+00  5.74980301e-01]","[ 16.85787681   1.02122264   1.53205858 -23.82725482  -1.23159332
  -0.35279173]","[-65.00969176   2.21169413  -0.71037973 -44.18156723  -1.26671489
   0.27526703]","[-2.85160602e-01  6.44978240e-03 -1.74323208e+02 -4.77101108e+01
 -4.85490604e-01 -9.40185392e-01]","[ 3.66260795e+00  2.37755809e-02 -6.21350558e+01  2.29576349e+02
 -8.55275355e-01  8.06069030e-01]","[-9.36458976e+00  8.79438552e-02 -1.46894429e+01 -1.35560606e+02
 -4.74111414e-01 -1.02552059e+00]","[-5.03375178e-01  6.64511396e-03 -2.33945904e+02 -1.15762561e+02
 -1.17534964e+00  4.44445589e-01]",007,FW
286,2,0.569762556641817,1,"[-4.88121467e-01  2.54274689e-02 -5.29500714e+01 -2.38460665e+01
 -6.16354129e-01 -9.50038430e-01]","[ 5.66230402e-01  1.10233465e-02 -1.38237413e+02  8.02742258e+01
 -9.53920245e-01  6.61876300e-01]","[ 17.4121147    0.77029659   2.00929754 -32.98611926  -1.15342435
  -0.49100235]","[-66.24609973   1.774817    -0.87955686 -56.26721154  -1.21799594
   0.38594727]","[-2.90098679e-01  1.23498204e-02 -1.21183793e+02 -3.31552583e+01
 -1.00090660e+00 -7.03817390e-01]","[ 3.65205763e+00  1.17634420e-02 -1.07617806e+02  3.95026427e+02
 -3.07319563e-01  1.13572542e+00]","[ -9.43613005   0.1633691   -9.22049709 -85.00580971  -0.99988093
  -0.6896071 ]","[-5.06890576e-01  4.68243339e-03 -3.26945354e+02 -1.63725519e+02
 -1.06080801e+00  5.98088759e-01]",007,FW
287,2,0.569762556641817,1,"[ -0.50773843   0.04406416 -34.63277799 -15.58439226  -1.0956787
  -0.5975808 ]","[ 5.60173325e-01  7.09505139e-03 -2.16975516e+02  1.23543896e+02
 -9.48456036e-01  5.81922276e-01]","[ 17.80262494   0.5118341    2.93134245 -50.18559015  -0.95843741
  -0.72027187]","[-67.18950361   1.29474741  -1.18683667 -77.74296676  -1.10974955
   0.55699778]","[-2.98976311e-01  1.77855941e-02 -8.75949366e+01 -2.41888110e+01
 -1.24564541e+00 -3.98130470e-01]","[ 3.64795950e+00  4.35234388e-03 -1.68935974e+01  6.36271592e+01
 -1.58711845e+00  2.16352265e-01]","[ -9.55685293   0.23742246  -6.54638776 -60.56286505  -1.20548338
  -0.43628254]","[-5.09207035e-01  2.86462717e-03 -5.12682152e+02 -2.59061359e+02
 -8.06749587e-01  8.38987397e-01]",007,FW
288,2,0.569762556641817,1,"[ -0.53937765   0.06082558 -25.68505665 -11.85394547  -1.24174073
  -0.36839924]","[ 5.55708546e-01  5.52989903e-03 -2.84816345e+02  1.60274877e+02
 -1.08538954e+00  5.18590662e-02]","[ 18.02502495   0.26809547   4.73814718 -83.40522118  -0.44975056
  -1.03042766]","[ -67.81276884    0.7980413    -1.81459819 -121.05292771   -0.79992804
    0.85326171]","[-3.10854490e-01  2.15934864e-02 -7.29622152e+01 -2.06806322e+01
 -1.32525242e+00 -1.95947723e-01]","[ 3.64757387e+00  3.79821295e-03  3.83739936e+02 -1.39771976e+03
 -1.71085110e+00  6.30101239e-02]","[ -9.72075977   0.2991837   -5.25203801 -49.05379983  -1.28724956
  -0.26730437]","[-5.10432067e-01  1.35647162e-03 -8.74332550e+02 -4.44287371e+02
 -3.02678166e-01  1.10327900e+00]",007,FW
289,2,0.6027471832527478,1,"[ -0.58100281   0.07443448 -21.14238832 -10.28378708  -1.28666163
  -0.23577109]","[ 5.51515486e-01  6.41428536e-03 -2.42306645e+02  1.35635867e+02
 -1.05004839e+00 -4.65704066e-01]",[18.08062363  0.16003627 -2.94764593 55.29527663 -1.36448285 -0.41003234],"[ -68.0957918     0.37793141   -1.98047547 -132.86204546   -0.90316987
    0.651124  ]","[-3.24518983e-01  2.33309364e-02 -6.77468340e+01 -1.99851337e+01
 -1.34708527e+00 -3.99238817e-02]","[ 3.64727248e+00  4.15298282e-03  4.96461314e+01 -1.79072969e+02
 -1.74266467e+00  2.12437496e-02]","[ -9.91778157   0.34208703  -4.61390873 -43.75973898  -1.32114216
  -0.14046688]","[-5.10723454e-01  7.75287214e-04  8.60398424e+02  4.41425655e+02
 -1.18856346e+00  4.40662130e-01]",007,FW
290,2,0.6027471832527478,1,"[ -0.6305631    0.08494362 -18.57648341  -9.71364496  -1.29931459
  -0.15621039]","[ 5.46450844e-01  8.98196268e-03 -1.71948267e+02  9.59612754e+01
 -1.08553957e+00 -5.30688331e-01]",[17.97569284  0.32885872 -4.33464917 79.91832204 -0.75671783 -0.88234117],"[-68.02251845   0.52521225   2.26498886 156.07024647  -0.40094774
   1.0283091 ]","[-3.38630551e-01  2.28988786e-02 -6.89777786e+01 -2.13579832e+01
 -1.33799142e+00  1.00092979e-01]","[ 3.64304404e+00  1.21544370e-02 -9.86457358e+01  3.61370760e+02
 -1.72368333e-01 -1.20495156e+00]","[-1.01349810e+01  3.62551585e-01 -4.36028271e+00 -4.21913825e+01
 -1.33172418e+00 -3.52482074e-02]","[-5.10264637e-01  1.44462411e-03  1.02370094e+03  5.24358388e+02
 -9.91709940e-01  7.21398194e-01]",007,FW
291,2,0.6027471832527478,1,"[ -0.68623591   0.09291855 -17.00006701  -9.66605651  -1.30171944
  -0.10859927]","[ 5.39730769e-01  1.23431417e-02 -1.26056643e+02  7.00366491e+01
 -1.18232108e+00 -4.33874263e-01]",[17.72029127  0.54178703 -2.8334534  52.20961958 -1.11212478 -0.56150063],"[-67.57848469   1.05550372   1.40804381  97.15346686  -0.89384605
   0.77349649]","[-3.51884335e-01  2.04826961e-02 -7.67859329e+01 -2.50197669e+01
 -1.30049929e+00  2.44788475e-01]","[ 3.63104372e+00  2.72913772e-02 -5.29672159e+01  1.94326277e+02
 -6.97071678e-01 -9.16068075e-01]","[-10.35800838   0.35967078  -4.39435362 -43.51675159  -1.32829252
   0.06089282]","[-5.09236279e-01  2.11591166e-03  7.36755944e+02  3.77182855e+02
 -1.24604665e+00  3.90595946e-01]",007,FW
292,2,0.6027471832527478,1,"[ -0.74654349   0.09901369 -15.96081577  -9.91544314  -1.30231748
  -0.07912194]","[ 5.31015403e-01  1.57565086e-02 -9.95205725e+01  5.48469569e+01
 -1.25841166e+00 -3.11747991e-01]",[17.32684511  0.74310041 -2.10147325 38.41190155 -1.22214714 -0.38027733],"[-66.7499043    1.65480818   0.93078648  64.12990879  -1.10674789
   0.543377  ]","[-3.63152717e-01  1.64942215e-02 -9.43573335e+01 -3.22661220e+01
 -1.21760709e+00  4.19069229e-01]","[ 3.60804448e+00  4.70956325e-02 -3.22262168e+01  1.18273624e+02
 -9.93667861e-01 -6.66830470e-01]","[-10.5723765    0.33447656  -4.71667746 -47.86648995  -1.3131373
   0.16032811]","[-5.07789026e-01  2.61999126e-03  6.00679519e+02  3.07018468e+02
 -1.28447307e+00  2.35381012e-01]",007,FW
293,2,0.6027471832527478,1,"[ -0.81032577   0.10365876 -15.2492429  -10.35685457  -1.30373552
  -0.05735317]","[ 5.20389579e-01  1.86286981e-02 -8.45894421e+01  4.60194641e+01
 -1.30170242e+00 -1.99113583e-01]",[16.8087668   0.92556719 -1.69758911 30.53437943 -1.26329591 -0.27493739],"[-65.52488242   2.28303832   0.68273267  46.73597791  -1.19172873
   0.41133363]","[-3.71591662e-01  1.15114833e-02 -1.31328301e+02 -4.68005015e+01
 -1.02210696e+00  6.67967302e-01]","[ 3.57169542e+00  6.98319004e-02 -2.21566298e+01  8.11367331e+01
 -1.13498147e+00 -5.00173194e-01]","[-10.76424047   0.28892987  -5.43457497 -56.4990718   -1.27957464
   0.2825563 ]","[-5.06022974e-01  3.02488287e-03  5.21355479e+02  2.65817850e+02
 -1.27975609e+00  1.79742309e-01]",007,FW
294,2,0.7231144206303364,1,"[ -0.87659757   0.10693135 -14.78486935 -10.96038062  -1.30608167
  -0.03620887]","[ 5.08263861e-01  2.05766945e-02 -7.67692106e+01  4.10190154e+01
 -1.32078607e+00 -1.02475046e-01]",[16.17942157  1.08843117 -1.44754069 25.42037109 -1.28129376 -0.20808884],"[-63.89685874   2.92212473   0.53640189  36.27439595  -1.23573271
   0.32433639]","[-3.76701834e-01  6.32768174e-03 -2.08662959e+02 -7.66037194e+01
 -5.14591037e-01  1.01110494e+00]","[  3.52057529   0.09401891 -16.60817741  60.47033893  -1.20638458
  -0.38591138]","[-10.92063063   0.22522291  -6.87936862 -73.12704361  -1.1929546
   0.4672883 ]","[-5.03977091e-01  3.42850780e-03  4.59982663e+02  2.33820725e+02
 -1.26625718e+00  1.80649907e-01]",007,FW
295,2,0.7231144206303364,1,"[-9.44350261e-01  1.08589456e-01 -1.45604522e+01 -1.17501669e+01
 -1.30889801e+00 -1.12618589e-02]","[ 4.95236458e-01  2.14442521e-02 -7.37259133e+01  3.85117602e+01
 -1.32463668e+00 -2.06180801e-02]",[15.45169326  1.23241762 -1.28022549 21.78165159 -1.29062761 -0.16208935],"[-61.86996368   3.54918513   0.44307184  29.41283891  -1.26400078
   0.2577449 ]","[-3.78346426e-01  3.27791198e-03  5.13413701e+01  2.14248239e+01
 -1.68573275e+00  2.52366836e-01]","[  3.45409376   0.11849401 -13.24188777  47.73872187  -1.24498804
  -0.30447943]","[ -11.02931991    0.14685093   -9.96113534 -107.86454836   -0.89544243
    0.7896966 ]","[-5.01628872e-01  3.92500606e-03  4.01432739e+02  2.03370252e+02
 -1.25155225e+00  2.10101624e-01]",007,FW
296,2,0.5888541042783076,1,"[ -1.01236109   0.10815344 -14.61869227 -12.79939518  -1.31171943
   0.02112156]","[ 4.81958106e-01  2.12647139e-02 -7.43375742e+01  3.78275965e+01
 -1.31920341e+00  4.91126797e-02]",[14.63828194  1.35754855 -1.16319046 19.02710989 -1.29701161 -0.12666823],"[-59.46552273   4.13112871   0.38149491  24.68579426  -1.28515591
   0.19924123]","[-3.76735563e-01  6.02291466e-03  2.33662345e+02  9.00289149e+01
 -7.82926634e-01  8.62099782e-01]","[  3.37232761   0.14238159 -11.05111242  39.26797148  -1.267456
  -0.24384561]","[-1.10786511e+01  7.41104725e-02 -9.45063629e+00 -1.02700302e+02
 -1.05940912e+00  5.39930556e-01]","[-4.98902489e-01  4.59074799e-03  3.42778770e+02  1.73013181e+02
 -1.23935391e+00  2.45429726e-01]",007,FW
297,2,0.5888541042783076,1,"[ -1.07905482   0.10498065 -15.05567294 -14.2458964   -1.3133317
   0.06531317]","[ 4.69029901e-01  2.01983002e-02 -7.82027392e+01  3.86794230e+01
 -1.30833401e+00  1.09373895e-01]",[13.75272657  1.46153589 -1.08104441 16.86730812 -1.30272244 -0.09477795],"[-56.72858572   4.62410091   0.34136472  21.36513752  -1.30193832
   0.14208563]","[-3.72388207e-01  9.50562547e-03  1.62646690e+02  6.25677092e+01
 -1.21816375e+00  4.71976865e-01]",[ 3.27588691  0.16496203 -9.55496788 33.30099421 -1.28183232 -0.19607815],"[-11.05767314   0.11606305  10.26323485 115.48749628  -0.35488873
   1.06527679]","[-4.95683712e-01  5.47444002e-03  2.87149118e+02  1.44335141e+02
 -1.23383090e+00  2.70169530e-01]",007,FW
298,2,0.5888541042783076,1,"[ -1.14244479   0.09837168 -16.05116984 -16.33757541  -1.31041811
   0.12703086]","[ 4.56944771e-01  1.84634440e-02 -8.54490386e+01  4.10454914e+01
 -1.29449134e+00  1.63469654e-01]",[12.8109328   1.53905021 -1.02702401 15.15713559 -1.30824419 -0.06145831],"[-53.73308815   4.97706145   0.31749931  19.06021844  -1.31467192
   0.08231048]","[-3.66076394e-01  1.18392093e-02  1.32998801e+02  5.06877216e+01
 -1.34121968e+00  2.03343313e-01]",[ 3.16586708  0.18551144 -8.50644098 28.93026147 -1.29221321 -0.15546766],"[-10.95678078   0.23774534   6.22066033  70.15841154  -0.85944802
   0.80055343]","[-4.91840260e-01  6.58761901e-03  2.38554426e+02  1.19330671e+02
 -1.23740430e+00  2.76267374e-01]",007,FW
299,2,0.5888541042783076,1,"[ -1.20017138   0.0877564  -17.94704457 -19.53952919  -1.29573096
   0.21442493]","[ 4.46070069e-01  1.62728424e-02 -9.67911924e+01  4.51756539e+01
 -1.27841313e+00  2.16865182e-01]",[11.83270411  1.58224882 -0.99923853 13.82369391 -1.31295848 -0.02345713],"[-5.05839474e+01  5.13884729e+00  3.07662334e-01  1.75627753e+01
 -1.32254829e+00  1.69702526e-02]","[-3.58752293e-01  1.26184761e-02  1.25250611e+02  4.69339440e+01
 -1.36809060e+00 -6.10987858e-03]",[ 3.04387258  0.20318981 -7.77279673 25.65940287 -1.30040163 -0.11787288],"[-10.76879189   0.37760664   4.07131998  45.84319759  -1.09701063
   0.55948722]","[-4.87245617e-01  7.89871178e-03  1.99060846e+02  9.89915248e+01
 -1.24870558e+00  2.63502992e-01]",007,FW
300,2,0.5888541042783076,1,"[ -1.24965003   0.07293963 -21.45650513 -24.81312226  -1.25283924
   0.34230867]","[ 4.36664727e-01  1.37839239e-02 -1.13969942e+02  5.17666534e+01
 -1.25770840e+00  2.79702025e-01]",[10.84265108  1.58244624 -0.99911523 12.8330578  -1.31556534  0.02122675],"[-47.41454909   5.06694113   0.31194716  16.79083395  -1.32374838
  -0.05726347]","[-3.51459375e-01  1.17410146e-02  1.34040811e+02  4.91098996e+01
 -1.33734712e+00 -2.16965893e-01]",[ 2.91206363  0.21703364 -7.28131975 23.20366642 -1.30679829 -0.08066995],"[-10.49021916   0.52202423   2.98598829  33.32367156  -1.20015544
   0.40855228]","[-4.81802892e-01  9.33603637e-03  1.68595253e+02  8.32296807e+01
 -1.26376390e+00  2.36423873e-01]",007,FW
301,2,0.5888541042783076,1,"[ -1.28832692   0.05435252 -28.28722844 -34.44319784  -1.13417013
   0.54369718]","[ 4.28922586e-01  1.10713343e-02 -1.41136006e+02  6.25364206e+01
 -1.22177394e+00  3.72651786e-01]",[ 9.87005265  1.53229736 -1.03138268 12.17980134 -1.31437463  0.07416413],"[-44.37924048   4.735676     0.33326379  16.78999369  -1.31463775
  -0.14573565]","[-3.45230942e-01  9.33390569e-03  1.65346615e+02  5.90827675e+01
 -1.20538848e+00 -4.89263947e-01]",[ 2.77318694  0.22605038 -6.99351944 21.3943368  -1.3112822  -0.04240851],"[-10.12245062   0.66096385   2.37407702  26.0314774   -1.25447569
   0.30119618]","[-4.75464560e-01  1.08009346e-02  1.45911209e+02  7.13756089e+01
 -1.27866496e+00  2.00891228e-01]",007,FW
302,2,0.5888541042783076,1,"[-1.31400825e+00  3.34576126e-02 -4.27401986e+01 -5.41609736e+01
 -7.69800501e-01  8.75379294e-01]","[ 4.23031077e-01  8.12868537e-03 -1.89248941e+02  8.20581831e+01
 -1.12745906e+00  5.42625287e-01]",[ 8.9475783   1.4277406  -1.10568137 11.89317065 -1.30713229  0.13769152],"[-41.64186437   4.1421815    0.37951383  17.80366327  -1.28682088
  -0.25887673]","[-3.40983094e-01  5.84132616e-03  2.39346324e+02  8.36130500e+01
 -7.54033251e-01 -8.79266619e-01]","[ 2.63055626e+00  2.29360131e-01 -6.89358050e+00  2.01339513e+01
 -1.31364561e+00 -2.08746911e-03]",[-9.67258702  0.78436597  2.0080376  21.42291847 -1.28668999  0.21565329],"[-4.68244496e-01  1.21859833e-02  1.29475363e+02  6.26261262e+01
 -1.29114303e+00  1.61738146e-01]",007,FW
303,2,0.8054840836824455,1,"[-1.32519621e+00  1.59835821e-02 -3.61434860e+01 -4.58972107e+01
 -1.16976275e+00  5.11016047e-01]","[ 4.19231452e-01  4.96183730e-03 -2.86333704e+02  1.22040094e+02
 -7.74781876e-01  8.67565476e-01]",[ 8.10903324  1.26925668 -1.24083718 12.06198992 -1.2898397   0.21642924],"[-39.36199725   3.31007462   0.47018337  20.50735641  -1.21628249
  -0.41938766]","[-3.39415799e-01  3.14839437e-03  4.47596053e+01  1.71921172e+01
 -1.69108570e+00 -2.51993695e-01]",[ 2.48794622  0.22633496 -6.98474011 19.37765775 -1.3134383   0.04131191],[-9.15376116  0.8823646   1.78894681 18.3755918  -1.30674999  0.14103419],"[-4.60221162e-01  1.33900025e-02  1.17940921e+02  5.62789079e+01
 -1.30064901e+00  1.21752824e-01]",007,FW
304,2,0.8054840836824455,1,"[-1.32135114e+00  2.35162038e-02  5.32664041e+01  7.23836237e+01
 -4.99727778e-01  9.83856150e-01]","[ 4.17861661e-01  2.64362568e-03 -8.78279500e+01  3.86999331e+01
 -1.67194962e+00  2.60245622e-01]",[ 7.38649517  1.0624093  -1.47535299 12.89768777 -1.25361704  0.31973468],"[-37.6807232    2.2953594    0.65672263  26.74578367  -1.01774119
  -0.67802444]","[-3.40938130e-01  5.94821195e-03 -2.23887133e+02 -7.43316603e+01
 -5.57138369e-01 -9.86654629e-01]",[ 2.34939181  0.21672048 -7.29093133 19.12925438 -1.30980077  0.08884601],[-8.58486855  0.9460381   1.67056722 16.3416     -1.31863558  0.07092509],"[-4.51534456e-01  1.43238472e-02  1.10324385e+02  5.18152613e+01
 -1.30765990e+00  8.15142801e-02]",007,FW
305,2,0.8054840836824455,1,"[-1.30301118e+00  4.32161754e-02  3.49625812e+01  4.75566342e+01
 -1.03997453e+00  6.60159609e-01]","[ 4.19361340e-01  5.48941096e-03  2.35710101e+02 -9.68477039e+01
 -3.91984015e-01  1.08419489e+00]",[ 6.80735896  0.81791684 -1.89591548 14.90617726 -1.17515667  0.46756678],"[-36.70796338   1.23222361   1.0092357   39.04698713  -0.48348726
  -0.99105123]","[-3.45630342e-01  1.05611504e-02 -1.43777337e+02 -4.76938101e+01
 -1.06104702e+00 -6.34110237e-01]",[ 2.21892299  0.20073281 -7.8638019  19.44917087 -1.30153645  0.14167955],"[-7.98971225e+00  9.68315026e-01  1.63279623e+00  1.50455720e+01
 -1.32363916e+00  7.17258270e-04]","[-4.42379900e-01  1.49084330e-02  1.06041318e+02  4.89105476e+01
 -1.31272153e+00  3.98140502e-02]",007,FW
306,2,0.8054840836824455,1,[-1.27173448  0.06141547 25.38243255 34.27971456 -1.23388345  0.39629613],"[ 4.24226750e-01  1.09004555e-02  1.36481823e+02 -5.58992402e+01
 -8.72448921e-01  7.83010368e-01]",[ 6.3917386   0.55209054 -2.72379545 19.40978852 -0.97909108  0.70423811],"[-36.51310749   0.84853482  -0.71693595 -24.17755938  -1.1183539
  -0.5391116 ]","[-3.53251601e-01  1.48012646e-02 -1.05404998e+02 -3.52344842e+01
 -1.23892895e+00 -3.85834053e-01]",[ 2.10027193  0.17909962 -8.79875104 20.47976983 -1.2869803   0.20160219],[-7.39559517  0.94487075  1.67254664 14.36947783 -1.32133149 -0.07394613],"[-4.33001105e-01  1.50735951e-02  1.04892128e+02  4.74184072e+01
 -1.31558155e+00 -5.35713141e-03]",007,FW
307,2,0.8054840836824455,1,[-1.22987574  0.07566001 20.7989698  27.58014842 -1.29728998  0.23381542],"[ 4.32918252e-01  1.72589297e-02  8.90221752e+01 -3.65393245e+01
 -1.08460820e+00  5.68057402e-01]",[ 6.15047012  0.29346438 -4.37789431 28.92610815 -0.46577231  1.02697272],"[-37.11985106   1.78990137  -0.7999937  -27.69564718  -0.7665043
  -0.87719811]","[-3.63295759e-01  1.80949542e-02 -8.69980284e+01 -2.96060148e+01
 -1.30259237e+00 -2.23868056e-01]","[  1.99659119   0.15300469 -10.27070916  22.5064074   -1.26321916
   0.27208189]",[-6.83145026  0.87481523  1.80351503 14.32062325 -1.30926608 -0.15868569],"[-4.23679197e-01  1.47646304e-02  1.07059698e+02  4.73589669e+01
 -1.31506471e+00 -5.58581462e-02]",007,FW
308,2,0.8054840836824455,1,[-1.18024923  0.08525497 18.52101281 23.85941113 -1.31728648  0.12424352],"[ 4.45740908e-01  2.40315469e-02  6.47972672e+01 -2.68827927e+01
 -1.19068627e+00  4.22639178e-01]","[  6.08388116   0.16580706   2.29896963 -11.98665804  -1.49836276
   0.33748829]","[-38.50538636   2.92285697  -0.52554671 -18.23637922  -1.12134575
  -0.554304  ]","[-3.75084424e-01  2.02043659e-02 -7.81744464e+01 -2.73220172e+01
 -1.32329176e+00 -1.08093858e-01]","[  1.91023862   0.12393071 -12.61953561  26.10632425  -1.2239507
   0.36044118]",[-6.3256909   0.76103026  2.06541114 15.06515245 -1.28087393 -0.26283383],"[-4.14719125e-01  1.39534802e-02  1.13192255e+02  4.89429931e+01
 -1.30961799e+00 -1.13610700e-01]",007,FW
309,2,0.8054840836824455,1,[-1.12575895  0.09031493 17.50321904 21.70440555 -1.32015654  0.04584421],"[ 4.62736324e-01  3.06519299e-02  5.11655181e+01 -2.16761438e+01
 -1.25151008e+00  3.11221831e-01]","[  6.18152505   0.32490794   4.38580817 -25.11098307  -0.79492741
   0.85810711]","[-40.60363881   3.96111637  -0.39469642 -14.026111    -1.24074869
  -0.35977148]","[-3.87875766e-01  2.11123344e-02 -7.48848727e+01 -2.70460274e+01
 -1.32479174e+00 -2.08477842e-02]","[  1.84268469   0.09344922 -16.57877494  32.54945477  -1.1524391
   0.48331368]",[-5.90401994  0.61020093  2.5540206  17.07898855 -1.21794963 -0.40483979],"[-4.06433654e-01  1.26457957e-02  1.24686747e+02  5.26768903e+01
 -1.29705415e+00 -1.82315112e-01]",007,FW
310,2,0.6737330384452622,1,"[-1.06909305e+00  9.14310316e-02  1.72926080e+01  2.04874070e+01
 -1.31638700e+00 -1.25312969e-02]","[ 4.83626498e-01  3.65418340e-02  4.30947061e+01 -1.88417418e+01
 -1.28678987e+00  2.20097930e-01]","[  6.42302327   0.51712578   2.98442553 -17.1690346   -1.17986788
   0.50070174]","[-43.31188753   4.822462    -0.32635465 -12.13503594  -1.28863857
  -0.23372198]","[-4.00967311e-01  2.09678747e-02 -7.53922024e+01 -2.82298086e+01
 -1.31740878e+00  4.62459032e-02]","[  1.79456113   0.0630769  -23.97371183  45.02229139  -0.9931844
   0.68030761]",[-5.58742507  0.43302516  3.51482339 21.6388123  -1.06098903 -0.6251112 ],"[-3.99124669e-01  1.08808198e-02  1.44425153e+02  5.96436414e+01
 -1.27194934e+00 -2.69948611e-01]",007,FW
311,2,0.6737330384452622,1,[-1.01256452  0.08933764 17.69313694 19.91544266 -1.31106017 -0.0593759 ],"[  0.50783088   0.04123406  38.27875197 -17.43913243  -1.3053642
   0.14429285]","[  6.78002303   0.66908743   2.34667765 -13.91052853  -1.29176863
   0.27938948]","[-46.49990073   5.4628466   -0.28894068 -11.43571272  -1.30958934
  -0.14195242]","[-4.13776264e-01  2.00217266e-02 -7.89095711e+01 -3.06509075e+01
 -1.30625346e+00  9.72992026e-02]","[ 1.76582151e+00  3.46858758e-02 -3.91448919e+01  7.11228920e+01
 -5.56693250e-01  9.97270288e-01]",[-5.39052893  0.24764682  5.52169728 31.76486893 -0.60939185 -0.96607941],"[-3.93061551e-01  8.73110241e-03  1.78691686e+02  7.22368311e+01
 -1.21902789e+00 -3.92257360e-01]",007,FW
312,2,0.3864853973382636,1,[-0.95812934  0.08459247 18.67440101 19.89249147 -1.30616906 -0.10450531],"[  0.53454867   0.04446563  35.5383432  -16.9969742   -1.31296941
   0.08180373]","[  7.21913851   0.76743658   2.05689364 -12.84900006  -1.3251976
   0.13445258]","[-50.02063683   5.86106981  -0.26965367 -11.48824809  -1.31774732
  -0.06917035]","[-4.25888072e-01  1.85672446e-02 -8.50356489e+01 -3.42156686e+01
 -1.29416977e+00  1.33245619e-01]",[ 1.75594913  0.01695589 -2.51613161  6.41819912 -1.7182843   0.2592097 ],[-5.32040902  0.12354683  0.66601542  5.54347445 -1.70312721 -0.25880916],"[-3.88457656e-01  6.31210690e-03  2.42705012e+02  9.62806201e+01
 -1.09335621e+00 -5.80880892e-01]",007,FW
313,2,0.3864853973382636,1,[-0.9075443   0.07736825 20.39257132 20.50716196 -1.3000347  -0.16105337],"[ 5.62874330e-01  4.61936723e-02  3.42251548e+01 -1.72644611e+01
 -1.31412538e+00  3.09878534e-02]","[  7.70555015   0.81102119   1.94927208 -13.0202138   -1.32990459
   0.02869805]","[-5.37214358e+01  6.01598696e+00 -2.62813434e-01 -1.21187150e+01
 -1.31866729e+00 -7.92805845e-03]","[-4.37073599e-01  1.69004881e-02 -9.33837836e+01 -3.88155864e+01
 -1.28342594e+00  1.51876992e-01]","[ 1.76414249e+00  3.17789259e-02  4.29359223e+01 -7.37450848e+01
 -6.15382050e-01  9.58918057e-01]","[ -5.37601068   0.22431601  -6.06262451 -30.59273411  -0.63737264
  -0.9425856 ]","[-3.85446342e-01  3.81548917e-03  3.75858504e+02  1.46873286e+02
 -7.47069284e-01 -8.89805944e-01]",007,FW
314,2,0.3785389304416274,1,[-0.86257132  0.067457   23.31822321 22.11363053 -1.28417588 -0.2469076 ],"[ 5.91905919e-01  4.65353613e-02  3.39763870e+01 -1.81108246e+01
 -1.31223908e+00 -1.06367521e-02]","[  8.20670315   0.8059048    1.96139281 -14.09656855  -1.321489
  -0.05321639]","[-5.74545354e+01  5.94375885e+00 -2.65964659e-01 -1.32808759e+01
 -1.31501316e+00  4.60062160e-02]","[-4.47281533e-01  1.52944129e-02 -1.03198835e+02 -4.41589330e+01
 -1.27638584e+00  1.48807209e-01]","[  1.78944153   0.05580266  27.27875358 -46.81373458  -1.05452824
   0.62711661]","[ -5.54829798   0.38394854  -3.98090107 -20.08722539  -1.10880976
  -0.5847771 ]","[-3.84059573e-01  1.74371853e-03  4.33844861e+02  1.68622272e+02
 -8.07990365e-01 -7.21181098e-01]",007,FW
315,2,0.4198240085611321,1,[-0.82512255  0.05451546 28.61190359 25.60832677 -1.23289979 -0.39012896],"[  0.62081859   0.04567646  34.60970084 -19.48634554  -1.3092099
  -0.0464403 ]","[  8.69544879   0.7629853    2.06993209 -15.99898845  -1.30675617
  -0.11747278]","[-61.08584039   5.67328734  -0.27848694 -15.01160853  -1.30812322
   0.09569705]","[-4.56610802e-01  1.39728859e-02 -1.13025446e+02 -4.96086395e+01
 -1.27476178e+00  1.21218550e-01]","[  1.83079563   0.07955387  19.56360358 -33.81695987  -1.19501225
   0.42656474]","[ -5.82119193   0.52326156  -2.98907581 -15.39998397  -1.25724826
  -0.34899978]","[-3.84215412e-01  2.05463842e-03 -5.85090852e+02 -2.22800923e+02
 -5.48889529e-01 -9.17837627e-01]",007,FW
316,2,0.596699606325995,1,"[-7.97276731e-01  3.85253541e-02  3.92931277e+01  3.33274964e+01
 -1.05582241e+00 -6.45933747e-01]","[  0.64889886   0.04380346  36.07743826 -21.41060846  -1.30537318
  -0.0797323 ]","[  9.15210131   0.69555354   2.26814383 -18.75828208  -1.289917
  -0.16582039]","[-64.50116911   5.24078762  -0.30118786 -17.42696894  -1.29837734
   0.14390488]","[-4.65264161e-01  1.30763236e-02 -1.20860682e+02 -5.42321438e+01
 -1.27824393e+00  7.44747112e-02]","[  1.88707995   0.10185136  15.39923799 -27.05959322  -1.24842173
   0.31073587]","[ -6.1731487    0.62713011  -2.51255235 -13.51035925  -1.3078923
  -0.19884222]","[-3.85720522e-01  3.69755030e-03 -4.10287568e+02 -1.56256335e+02
 -1.09914111e+00 -6.16992532e-01]",007,FW
317,2,0.5565872339320477,1,"[-7.81151312e-01  2.10777465e-02  5.86890678e+01  4.78450423e+01
 -5.24729209e-01 -9.54405677e-01]","[  0.67555011   0.04108305  38.44668083 -23.97265928  -1.3002377
  -0.11281195]","[  9.56519013   0.61698369   2.55469579 -22.43615093  -1.27443184
  -0.19723577]","[-67.60978319   4.68528924  -0.33643979 -20.74662132  -1.28526436
   0.19338463]","[-4.73484702e-01  1.26245150e-02 -1.25234841e+02 -5.72967812e+01
 -1.28530853e+00  2.57807951e-02]","[  1.95706194   0.12229107  12.87050849 -23.18838234  -1.27378315
   0.23553307]","[ -6.57908411   0.69005399  -2.28961282 -13.0635553   -1.32533806
  -0.08943469]","[-3.88288838e-01  5.04048748e-03 -3.10703862e+02 -1.18642842e+02
 -1.29025303e+00 -3.19341049e-01]",007,FW
318,2,0.5565872339320477,1,"[-7.78663743e-01  1.61497417e-02 -4.14123603e+01 -3.02463035e+01
 -9.65335622e-01 -6.34730905e-01]","[ 7.00280812e-01  3.76672964e-02  4.19026584e+01 -2.73436277e+01
 -1.29344469e+00 -1.47363357e-01]","[  9.93102604   0.53899683   2.92333574 -27.03172338  -1.26345133
  -0.20852604]","[-70.34558354   4.04586293  -0.38885426 -25.35417982  -1.267363
   0.24713417]","[-4.81481187e-01  1.24963104e-02 -1.26528121e+02 -5.89209097e+01
 -1.29567631e+00 -2.60778009e-03]","[  2.03932646   0.14049757  11.22413413 -20.88967372  -1.28897057
   0.17997423]","[-7.01231895e+00  7.10758373e-01 -2.22442191e+00 -1.35983559e+01
 -1.32836780e+00  1.31576691e-03]","[-3.91572271e-01  5.84043376e-03 -2.70278137e+02 -1.03833424e+02
 -1.34028825e+00 -1.27840226e-01]",007,FW
319,2,0.5565872339320477,1,"[-7.91254203e-01  3.55695915e-02 -4.00630043e+01 -2.97000205e+01
 -7.15698590e-01 -9.09630769e-01]","[ 7.22683774e-01  3.36884312e-02  4.68019345e+01 -3.18229987e+01
 -1.28471476e+00 -1.86362388e-01]","[ 10.25237296   0.47062447   3.34950377 -32.34036189  -1.25948401
  -0.1955177 ]","[-72.66640805   3.35973212  -0.46691644 -31.92914079  -1.24201561
   0.30926588]","[-4.89353129e-01  1.24441777e-02 -1.27057176e+02 -6.01758268e+01
 -1.30929573e+00  5.35449239e-03]","[  2.13217285   0.15590347  10.12718679 -19.59291267  -1.29997266
   0.13271892]","[ -7.4462724    0.69054816  -2.28810173 -15.03782873  -1.32223562
   0.08708093]","[-3.95196669e-01  6.05721269e-03 -2.60976234e+02 -1.01136939e+02
 -1.34571823e+00  1.98714106e-02]",007,FW
320,2,0.5565872339320477,1,"[ -0.81966058   0.05986188 -25.53203246 -18.92760058  -1.07217188
  -0.60169417]","[ 7.42412969e-01  2.92385746e-02  5.38306465e+01 -3.79645701e+01
 -1.27214020e+00 -2.36110698e-01]","[ 10.53651764   0.41764094   3.77847682 -37.81198763  -1.263198
  -0.15709561]","[-74.55163189   2.66009669  -0.58696536 -41.75922579  -1.2035075
   0.38747   ]","[-4.97029761e-01  1.21406280e-02 -1.30192457e+02 -6.27095259e+01
 -1.32247118e+00  5.77165353e-02]","[  2.23350096   0.16771047   9.42177652 -19.04354687  -1.30831266
   0.08763068]","[ -7.85578264   0.6324984   -2.49296989 -17.58422955  -1.30569904
   0.1794098 ]","[-3.98796044e-01  5.72142215e-03 -2.75724478e+02 -1.07957831e+02
 -1.32597749e+00  1.57785716e-01]",007,FW
321,2,0.5565872339320477,1,"[ -0.86381629   0.08409823 -18.52259775 -14.00012174  -1.20287953
  -0.41498164]","[ 7.59165516e-01  2.43665377e-02  6.43807979e+01 -4.68756817e+01
 -1.24913474e+00 -3.07290264e-01]","[ 10.79303052   0.38217316   4.13376224 -42.61582198  -1.27229785
  -0.10170072]","[-75.99828134   1.97378967  -0.78397607 -57.58083393  -1.13601451
   0.49883857]","[-5.04235769e-01  1.12407955e-02 -1.40317209e+02 -6.87529558e+01
 -1.32362497e+00  1.63822242e-01]","[  2.3407279    0.17502166   9.03250405 -19.1426342   -1.31387327
   0.04178741]","[ -8.21816003   0.54129757  -2.89968442 -21.83007055  -1.27059009
   0.29221887]","[-4.02040010e-01  4.90824116e-03 -3.19351990e+02 -1.26392277e+02
 -1.27475424e+00  3.12903570e-01]",007,FW
322,2,0.5565872339320477,1,"[ -0.92288357   0.10656959 -14.72824393 -11.59245439  -1.25866961
  -0.29558238]","[ 7.72676394e-01  1.91178964e-02  8.14743424e+01 -6.09533011e+01
 -1.19891412e+00 -4.16881843e-01]","[ 11.03151664   0.36251892   4.36064748 -46.10455527  -1.28332657
  -0.04856647]","[-77.01608446   1.32110365  -1.14466029 -86.15725332  -0.98624293
   0.68331188]","[-5.10490754e-01  9.45369795e-03 -1.65303377e+02 -8.23858455e+01
 -1.27747668e+00  3.51383684e-01]","[ 2.45079850e+00  1.77073543e-01  8.92904975e+00 -1.98833017e+01
 -1.31606267e+00 -5.95206324e-03]","[ -8.51419249   0.42358354  -3.66608075 -29.21371717  -1.19262532
   0.44890944]","[-4.04652606e-01  3.72696703e-03 -4.13329828e+02 -1.65254992e+02
 -1.15196391e+00  5.24705454e-01]",007,FW
323,2,0.5565872339320477,1,"[ -0.99537975   0.12626147 -12.47596653 -10.41832448  -1.28498872
  -0.21272382]","[ 7.82732836e-01  1.36081362e-02  1.12394409e+02 -8.59747947e+01
 -1.07579294e+00 -5.96581197e-01]","[ 1.12596019e+01  3.53586007e-01  4.47159974e+00 -4.83484329e+01
 -1.29478951e+00 -1.78505918e-02]","[ -77.62218535    0.7270518    -1.8805619  -143.97332408   -0.56890548
    0.99240663]","[-5.15140727e-01  6.65535639e-03 -2.24103001e+02 -1.13444583e+02
 -1.03280164e+00  6.88666583e-01]","[  2.56032737   0.17346349   9.11258548 -21.33120207  -1.31421588
  -0.05589502]","[ -8.72920663   0.28882611  -5.20893799 -43.46989608  -0.99147178
   0.69682924]","[-4.06423258e-01  2.32969561e-03 -6.17510502e+02 -2.48970630e+02
 -7.97149282e-01  8.57618516e-01]",007,FW
324,2,0.752258222495039,1,"[ -1.07934172   0.14257132 -11.06935366  -9.94761526  -1.29847402
  -0.15117014]","[ 7.89210535e-01  8.12654294e-03  1.75908693e+02 -1.36828994e+02
 -7.29680671e-01 -9.00648379e-01]","[ 1.14813621e+01  3.48102186e-01  4.54199808e+00 -5.01483248e+01
 -1.30632468e+00 -2.03807463e-02]","[-77.83648809   0.34748008  -0.35174826 -25.37884951  -1.69001411
   0.27479297]","[-5.17412509e-01  3.56099404e-03 -2.34103696e+02 -1.19128181e+02
 -9.21628932e-01  5.90447025e-01]","[  2.66585452   0.16429764   9.61428667 -23.63028957  -1.30773458
  -0.10804515]","[ -8.85408867   0.15386498  -8.25034491 -71.04928539  -0.46531345
   1.01931236]","[-4.07211756e-01  1.12072683e-03 -5.62358162e+02 -2.26998855e+02
 -1.09734447e+00  5.45043932e-01]",007,FW
325,2,0.752258222495039,1,"[ -1.17248632   0.15513693 -10.18317298  -9.93963099  -1.30602455
  -0.101883  ]","[ 7.92119033e-01  3.70030772e-03  1.91196343e+02 -1.49450262e+02
 -8.99551872e-01 -6.69575967e-01]","[ 11.69639194   0.33811531   4.67488322 -52.67926645  -1.31574829
  -0.05864094]","[-77.678401     0.63793436   2.12006642 166.68336957  -0.5881275
   0.97210537]","[-5.16479511e-01  5.44714039e-03  2.06826549e+02  1.08821675e+02
 -3.06630850e-01  1.08131228e+00]","[  2.76415825   0.15022795  10.5021503  -27.02960544  -1.2960889
  -0.16241036]",[-8.88607521  0.0919474   5.03789696 46.76713131 -1.38527056  0.39092747],"[-4.06949418e-01  1.63906601e-03  7.51945332e+02  3.08003716e+02
 -4.60538669e-01  1.00304015e+00]",007,FW
326,2,0.752258222495039,1,"[ -1.27232907   0.16369676  -9.65608302 -10.28571514  -1.31035214
  -0.05914819]","[ 7.91629168e-01  4.67476558e-03 -2.61382045e+02  2.08917651e+02
 -5.21906996e-01 -9.48676461e-01]","[ 11.89963792   0.31631368   4.99071224 -57.38766856  -1.31698973
  -0.13473874]","[-77.16527067   1.13807989   1.33437641 104.96751665  -1.0339938
   0.6458114 ]","[-5.11530779e-01  1.18213529e-02  1.23498041e+02  6.51730489e+01
 -7.72945129e-01  8.64039150e-01]","[  2.85255937   0.13237703  11.89726078 -31.93764277  -1.27870828
  -0.21920068]",[-8.82911941  0.1827739   7.83202018 71.14984137 -0.80948942  0.84963062],"[-4.05638496e-01  3.09820858e-03  4.85115925e+02  1.98781694e+02
 -9.94622350e-01  6.97671020e-01]",007,FW
327,2,0.752258222495039,1,"[ -1.37624167   0.16802674  -9.40962657 -10.94992021  -1.31251409
  -0.01927824]","[ 7.88061136e-01  8.59099326e-03 -1.76034567e+02  1.40726001e+02
 -1.05108746e+00 -6.51108317e-01]","[ 12.08198931   0.27714041   5.67135461 -66.52124579  -1.29523765
  -0.25923047]","[-76.31243566   1.64675997   0.94358771  74.00747627  -1.17813423
   0.44800219]","[-5.01842010e-01  1.97121055e-02  7.74613644e+01  4.08733668e+01
 -1.03730312e+00  6.20950497e-01]","[  2.92915172   0.11216794  14.00626369 -39.02647143  -1.25483678
  -0.27912511]",[-8.69365419  0.2885802   5.35211684 48.52945299 -1.18691241  0.49269102],"[-4.03350187e-01  4.52360766e-03  3.43566529e+02  1.40577624e+02
 -1.20469144e+00  4.37072002e-01]",007,FW
328,2,0.6858740618551189,1,"[ -1.48147676   0.16794675  -9.41406493 -11.94671845  -1.3128458
   0.02044405]","[ 7.81833801e-01  1.22142862e-02 -1.27656371e+02  1.01806066e+02
 -1.22797087e+00 -3.95740413e-01]","[ 12.23150926   0.21795095   7.10706939 -84.93018513  -1.20492758
  -0.46428474]","[-75.134599     2.14164243   0.73141034  56.95422242  -1.23488597
   0.33468245]","[-4.86852166e-01  2.84690269e-02  5.45011770e+01  2.85340160e+01
 -1.15583588e+00  4.69050879e-01]","[  2.99290754   0.0910924   17.1883989  -49.4432886   -1.22307912
  -0.34426886]",[-8.49566706  0.37043976  4.24086498 38.02897687 -1.3003175   0.26681478],"[-4.00218533e-01  5.71683069e-03  2.74808007e+02  1.11983258e+02
 -1.28255444e+00  2.72219890e-01]",007,FW
329,2,0.6858740618551189,1,"[ -1.58522185   0.16338122  -9.67443401 -13.33612414  -1.3109057
   0.06207168]","[ 7.73394266e-01  1.52169886e-02 -1.03321485e+02  8.19082438e+01
 -1.27620903e+00 -2.58822219e-01]","[  12.33515845    0.14130066   10.25590494 -124.50821241   -0.86712934
   -0.81166456]","[-73.64821252   2.61332001   0.60168324  46.31289518  -1.26398228
   0.25981429]","[-4.66246808e-01  3.75739624e-02  4.16231652e+01  2.14066679e+01
 -1.22130394e+00  3.61187993e-01]","[  3.04364062   0.07047167  22.10760709 -65.28761104  -1.17958118
  -0.42018101]",[-8.25517747  0.41928639  3.76651412 33.09324253 -1.33581189  0.10981808],"[-3.96426755e-01  6.58703833e-03  2.39534440e+02  9.69578608e+01
 -1.31277887e+00  1.55841961e-01]",007,FW
330,2,0.6858740618551189,1,"[ -1.68472221   0.15447475 -10.22601715 -15.22799818  -1.3055849
   0.10650596]","[ 7.63153913e-01  1.76607041e-02 -8.92838823e+01  7.01373441e+01
 -1.29024609e+00 -1.82677962e-01]","[ 1.23808646e+01  7.14596228e-02  8.26683410e+00 -1.00350553e+02
 -1.21181749e+00 -4.66923119e-01]","[-71.87483852   3.04935794   0.51678098  39.14354949  -1.28256146
   0.20252304]",[-0.44004023  0.04641288 33.85418581 16.89720367 -1.26271389  0.27468838],"[ 3.08185255e+00  5.12818414e-02  3.01236730e+01 -9.08367186e+01
 -1.11242685e+00 -5.20146719e-01]","[-7.99432004e+00  4.32437207e-01  3.65571908e+00  3.12249883e+01
 -1.34000798e+00 -1.80085840e-02]","[-3.92186117e-01  7.10164866e-03  2.22545972e+02  8.92794405e+01
 -1.32108940e+00  6.86881773e-02]",007,FW
331,2,0.6101482775923208,1,"[ -1.77746322   0.14172213 -11.13524006 -17.79247963  -1.29589903
   0.153198  ]","[ 7.51454714e-01  1.96717200e-02 -8.02536567e+01  6.23069886e+01
 -1.29578997e+00 -1.37214978e-01]","[ 1.23597129e+01  1.13049480e-01 -1.08904979e+01  1.36603427e+02
 -4.30718552e-01 -1.02630410e+00]","[-69.84546798   3.43064636   0.46001576  34.13001581  -1.2965765
   0.15206242]",[-0.40863998  0.05428963 29.02857845 13.86223766 -1.29030221  0.19915127],"[ 3.10851610e+00  3.41169351e-02  4.44445704e+01 -1.36156663e+02
 -9.83728821e-01 -6.74337793e-01]",[-7.73524844  0.41132244  3.83744564 31.68359539 -1.32414925 -0.13771524],"[-3.87711321e-01  7.27918182e-03  2.17206804e+02  8.62135370e+01
 -1.31904877e+00  2.09280681e-03]",007,FW
332,2,0.6101482775923208,1,"[ -1.86136642   0.12600491 -12.50702659 -21.28015928  -1.28177914
   0.20092258]","[ 7.38576967e-01  2.13279887e-02 -7.40692915e+01  5.67058727e+01
 -1.30070048e+00 -1.04203689e-01]",[12.26787812  0.21607126 -6.93534943 87.08202155 -0.97490937 -0.71536968],"[-67.60520365   3.7306849    0.42345406  30.62769787  -1.30804019
   0.1019317 ]",[-0.37287397  0.06050544 26.09542356 11.73030419 -1.30822403  0.1295036 ],"[ 3.12486276e+00  1.93754090e-02  7.35524269e+01 -2.27841240e+02
 -6.65710434e-01 -9.39570038e-01]",[-7.49811163  0.36068599  4.35697625 34.66909432 -1.28600073 -0.26561134],"[-3.83197729e-01  7.17299727e-03  2.20381182e+02  8.64495684e+01
 -1.31284533e+00 -4.96951269e-02]",007,FW
333,2,0.6101482775923208,1,"[ -1.93493797   0.10844899 -14.50567426 -26.06757994  -1.26385564
   0.24961634]","[ 7.24783077e-01  2.26056376e-02 -6.99148545e+01  5.26731034e+01
 -1.30690948e+00 -7.16604281e-02]",[12.10782637  0.31786083 -4.88515412 61.14859786 -1.20198268 -0.44604988],"[-6.52169822e+01  3.91758470e+00  4.03513459e-01  2.83159301e+01
 -1.31686006e+00  4.77817490e-02]",[-0.33396324  0.06446118 24.51965421 10.18866322 -1.31839494  0.06290962],"[ 3.13222936e+00  8.36271649e-03  9.83558808e+01 -3.06073178e+02
 -6.44613359e-01 -8.31904683e-01]",[-7.29938262  0.28780311  5.40745677 41.47109596 -1.20884421 -0.42262614],"[-3.78805174e-01  6.85064175e-03  2.30644690e+02  8.93694020e+01
 -1.30512844e+00 -9.11116265e-02]",007,FW
334,2,0.6101482775923208,1,"[ -1.99731408   0.09014892 -17.40793707 -32.76911787  -1.24178978
   0.30267085]","[ 7.10381214e-01  2.33695958e-02 -6.76512618e+01  5.00581855e+01
 -1.31414505e+00 -3.13541568e-02]",[11.88837866  0.40209026 -3.90743984 48.45312444 -1.28817388 -0.26914799],"[-6.27626430e+01  3.95947750e+00  3.99308059e-01  2.70616292e+01
 -1.32144667e+00 -1.33166080e-02]","[-2.93434835e-01  6.57505211e-02  2.40465444e+01  9.05609377e+00
 -1.32166070e+00 -2.59063883e-03]","[ 3.13198011e+00  8.86507473e-03 -1.33377819e+02  4.19736676e+02
 -5.58311881e-01 -8.98747755e-01]",[-7.15071991  0.20177029  7.52229861 55.78985042 -1.03609404 -0.6477234 ],"[-3.74650829e-01  6.37976096e-03  2.47526012e+02  9.47358257e+01
 -1.29665960e+00 -1.24623142e-01]",007,FW
335,2,0.6101482775923208,1,"[ -2.04818054   0.07191392 -21.73839179 -42.52415094  -1.21111328
   0.36945706]","[ 6.95786544e-01  2.33974218e-02 -6.75718837e+01  4.90156074e+01
 -1.32048616e+00  2.33177125e-02]",[11.6234624   0.46042989 -3.42796228 41.84479063 -1.320192   -0.14130501],"[-60.33993294   3.83270907   0.41228144  26.87703435  -1.31914663
  -0.08345619]",[-0.25298673  0.06422154 24.60956131  8.22589236 -1.31819508 -0.06875915],"[ 3.12547657e+00  1.61299151e-02 -9.39469113e+01  2.95628870e+02
 -1.08207078e+00 -6.28837019e-01]",[-7.05839456  0.11401757 12.01294222 86.79208601 -0.5857046  -0.98393101],"[-3.70810340e-01  5.82221379e-03  2.71074351e+02  1.02517172e+02
 -1.28817082e+00 -1.50830156e-01]",007,FW
336,2,0.6101482775923208,1,"[-2.08758729e+00  5.41658991e-02 -2.86408289e+01 -5.77902303e+01
 -1.15634119e+00  4.70114248e-01]","[ 6.81552859e-01  2.24382322e-02 -7.04049994e+01  4.99847287e+01
 -1.32094918e+00  9.85085948e-02]",[11.32975861  0.49022648 -3.22457291 38.53363271 -1.32613967 -0.04479686],"[-58.05499637   3.53019674   0.44685777  27.94232626  -1.30636607
  -0.16491355]",[-0.21433044  0.05999247 26.313602    7.63980586 -1.30755911 -0.137821  ],"[ 3.11404949e+00  2.24136471e-02 -6.97493258e+01  2.19202853e+02
 -1.26036329e+00 -3.53565736e-01]",[-7.02325396  0.05305469  3.9958551  30.06390518 -1.60515003 -0.30952828],"[-3.67324336e-01  5.22989566e-03  3.01624509e+02  1.12794023e+02
 -1.28098831e+00 -1.70428979e-01]",007,FW
337,2,0.6101482775923208,1,"[-2.11571891e+00  3.70376850e-02 -4.10161212e+01 -8.47785833e+01
 -1.02394603e+00  6.49000808e-01]","[ 6.68351445e-01  2.03100815e-02 -7.75794014e+01  5.38503050e+01
 -1.30560980e+00  2.00459426e-01]","[ 1.10238719e+01  4.94117702e-01 -3.19962900e+00  3.72723001e+01
 -1.31910811e+00  2.67466879e-02]","[-56.01130473   3.06653815   0.51262614  30.7128587   -1.27762096
  -0.26189332]",[-0.17903995  0.05341864 29.48684503  7.27932317 -1.28816802 -0.21348197],"[ 3.09893699e+00  2.70111139e-02 -5.83305471e+01  1.82762690e+02
 -1.30221294e+00 -2.02523976e-01]","[-7.04117463e+00  8.60286105e-02 -1.57694794e+01 -1.09035658e+02
 -6.89418952e-01 -9.02740587e-01]","[-3.64207763e-01  4.63848383e-03  3.39924039e+02  1.25802974e+02
 -1.27595448e+00 -1.86647348e-01]",007,FW
338,2,0.6706535797285131,1,"[-2.13270875e+00  2.08756271e-02 -6.59022904e+01 -1.38550391e+02
 -6.15387591e-01  9.63268198e-01]","[ 6.56890478e-01  1.70135379e-02 -9.20115932e+01  6.24415394e+01
 -1.25693234e+00  3.37470004e-01]",[10.71985973  0.47848986 -3.30285991 37.40619493 -1.30757047  0.07593768],"[-54.29734538   2.47770119   0.63010037  36.21277742  -1.22183686
  -0.38371671]",[-0.14843012  0.04502278 34.84947245  7.17271147 -1.25551504 -0.30266565],"[ 3.08118464e+00  3.01670501e-02 -5.23491880e+01  1.63297514e+02
 -1.30596174e+00 -1.20881597e-01]","[ -7.10391618   0.14199775 -10.83227766 -74.95159256  -1.18149184
  -0.51932981]","[-3.61460348e-01  4.06293917e-03  3.87838476e+02  1.42188231e+02
 -1.27200039e+00 -2.05771596e-01]",007,FW
339,2,0.6706535797285131,1,"[-2.13856822e+00  1.04956099e-02 -8.46696962e+00 -1.61071922e+01
 -1.71191200e+00  2.60791138e-01]","[ 6.47787724e-01  1.28125481e-02 -1.20315971e+02  7.99392090e+01
 -1.14024465e+00  5.25470027e-01]",[10.42776184  0.45107823 -3.50211584 38.51922993 -1.29713404  0.10544709],"[-52.97601059   1.81592282   0.84697894  46.86956503  -1.1098848
  -0.55179697]","[-1.23479808e-01  3.54146484e-02  4.39753757e+01  7.43007097e+00
 -1.19714039e+00 -4.19213823e-01]","[ 3.06153329e+00  3.24382505e-02 -4.87134295e+01  1.51137786e+02
 -1.29797959e+00 -8.71155053e-02]","[ -7.20024754   0.18309027  -8.58397074 -59.80671422  -1.31638366
  -0.25293862]","[-3.59076141e-01  3.50089647e-03  4.49622779e+02  1.63448812e+02
 -1.26575166e+00 -2.34956769e-01]",007,FW
340,2,0.6706535797285131,1,"[-2.13323920e+00  2.02634063e-02  6.63826295e+01  1.43610028e+02
 -5.52121793e-01  9.95104042e-01]","[ 6.41425165e-01  8.24308474e-03 -1.79406142e+02  1.17075614e+02
 -8.69831655e-01  7.96551408e-01]",[10.15325808  0.4188259  -3.77092366 40.28716113 -1.29010627  0.11886454],"[-52.07785025   1.14445838   1.28752967  69.05177711  -0.84839084
  -0.81222241]","[-1.04805980e-01  2.52317385e-02  6.06597253e+01  8.35750194e+00
 -1.07496525e+00 -5.93413709e-01]","[ 3.04033511e+00  3.45186879e-02 -4.57759574e+01  1.41174250e+02
 -1.28740696e+00 -8.98474046e-02]","[ -7.31720196   0.20384359  -7.7512746  -54.71764167  -1.34851387
  -0.0722036 ]","[-3.57049116e-01  2.94444042e-03  5.33582786e+02  1.92515262e+02
 -1.25218501e+00 -2.79018893e-01]",007,FW
341,2,0.6706535797285131,1,"[-2.11672584e+00  3.66432912e-02  4.13191067e+01  8.94612207e+01
 -1.01452874e+00  6.66186687e-01]","[ 6.37825254e-01  4.08478645e-03 -3.03877141e+02  1.95820515e+02
 -3.15910785e-01  1.11834865e+00]",[ 9.89811326  0.38698445 -4.08124926 42.39666744 -1.28592311  0.11843931],"[-51.59857033   0.55220655   2.09257298 109.97377412  -0.34222275
  -1.06276605]","[-9.26856244e-02  1.51789625e-02  9.48775460e+01  1.07937846e+01
 -7.53198393e-01 -8.84191508e-01]","[ 3.01753444e+00  3.70814702e-02 -4.25936548e+01  1.30527820e+02
 -1.27754670e+00 -1.16485747e-01]","[ -7.44132521   0.20380853  -7.75255567 -55.68928794  -1.34306358
   0.07669702]","[-3.55372695e-01  2.39365727e-03  6.54341275e+02  2.34535022e+02
 -1.22607568e+00 -3.38340581e-01]",007,FW
342,2,0.6706535797285131,1,"[-2.08925465e+00  5.33539949e-02  2.91054817e+01  6.28087631e+01
 -1.18026209e+00  4.53254779e-01]","[ 6.36586238e-01  1.74659157e-03  1.41604205e+02 -8.81432883e+01
 -1.72265105e+00  1.17916326e-01]",[ 9.66087932  0.35956994 -4.39366996 44.44671526 -1.28305358  0.10203948],"[ -51.49972429    0.35418991   -2.15058467 -108.75451744   -1.02504174
   -0.53073045]","[-8.71139199e-02  6.94274688e-03  1.14300339e+02  1.19571505e+01
 -7.68706906e-01 -7.42100181e-01]","[ 2.99273292e+00  4.06241448e-02 -3.88515650e+01  1.18272357e+02
 -1.27054382e+00 -1.50321601e-01]","[ -7.55979397   0.18474745  -8.51897976 -62.40173185  -1.30983927
   0.2268562 ]","[-3.54034129e-01  1.86402709e-03  8.36583820e+02  2.98179224e+02
 -1.18449281e+00 -4.08041548e-01]",007,FW
343,2,0.6706535797285131,1,[-2.05140979  0.0690404  22.70368294 48.5745575  -1.24914549  0.32054737],"[ 6.36893347e-01  2.19301774e-03  6.85203238e+02 -4.34401383e+02
 -1.51487865e+00  3.39385396e-01]",[ 9.43742296  0.34038143 -4.64361566 45.82376507 -1.28028306  0.06366426],"[ -51.71121069    0.64704089   -2.30020369 -116.94631757   -1.06401039
   -0.67413241]","[-8.78835424e-02  8.49292639e-03 -1.39135993e+02 -1.02277640e+01
 -4.67087163e-01 -9.72760326e-01]","[ 2.96533152e+00  4.53429222e-02 -3.47861874e+01  1.05152578e+02
 -1.26895395e+00 -1.74921738e-01]","[ -7.66131697   0.14986877 -10.38648221 -77.57413244  -1.22803688
   0.41340452]","[-3.53007122e-01  1.38469648e-03  1.12062072e+03  3.97587095e+02
 -1.13107246e+00 -4.75540757e-01]",007,FW
344,2,0.3538138084405323,1,[-2.0041841   0.08287668 18.99577954 40.07103941 -1.28211355  0.22825255],"[ 6.37597940e-01  2.02777011e-03  6.81059874e+02 -4.32242372e+02
 -1.26735828e+00 -4.27667621e-01]","[ 9.22114369e+00  3.33579565e-01 -4.73967803e+00  4.57052522e+01
 -1.27588910e+00 -6.33645309e-05]","[-52.13465608   0.87586918  -1.79169758 -91.40953727  -1.36971477
  -0.252375  ]","[-9.46677387e-02  1.64253639e-02 -9.11950069e+01 -6.63322508e+00
 -9.66751364e-01 -7.19235330e-01]","[ 2.93471623e+00  5.10786214e-02 -3.08743222e+01  9.26073746e+01
 -1.27383641e+00 -1.80926202e-01]","[-7.73681015e+00  1.03771516e-01 -1.44726251e+01 -1.09971953e+02
 -1.00440594e+00  6.94492675e-01]","[-3.52245940e-01  9.91031943e-04  1.56222096e+03  5.52285989e+02
 -1.08553223e+00 -5.08520200e-01]",007,FW
345,2,0.1727296384802958,1,[-1.94891962  0.09432532 16.72738626 34.60033128 -1.29819787  0.15968339],"[ 6.37346161e-01  2.49444099e-03 -2.23477289e+02  1.44432392e+02
 -8.78759771e-01 -7.21751281e-01]",[ 9.0031229   0.34328421 -4.60331821 43.44423964 -1.26793749 -0.08057986],"[-52.64772738   0.91755751  -1.71912941 -88.50825664  -1.41664677
   0.09721085]","[-1.07088359e-01  2.46376884e-02 -6.28960155e+01 -4.73543106e+00
 -1.16499057e+00 -4.76920508e-01]","[ 2.90044216e+00  5.73635731e-02 -2.75011132e+01  8.17653881e+01
 -1.28326006e+00 -1.67969496e-01]","[-7.77989465e+00  5.48287956e-02 -2.18768871e+01 -1.68199877e+02
 -4.62275298e-01  9.86464387e-01]","[-3.51683186e-01  7.18297399e-04  2.17097957e+03  7.65497013e+02
 -1.09551417e+00 -4.19113526e-01]",007,FW
346,2,0.1727296384802958,1,[-1.88716809  0.10316054 15.31238104 30.89703684 -1.30514862  0.10756514],"[ 6.34739424e-01  6.84656457e-03 -1.96014111e+02  1.26417884e+02
 -3.99940333e-01 -1.09962811e+00]",[ 8.77263844  0.37230687 -4.23863483 39.18401078 -1.25853486 -0.1560933 ],"[ -53.11054514    0.74848789   -2.04030413 -106.36166471   -1.23690566
    0.51777761]","[-1.24753191e-01  3.24460631e-02 -4.82501639e+01 -4.01936189e+00
 -1.23409099e+00 -3.43370904e-01]","[ 2.86237961e+00  6.35442273e-02 -2.48426089e+01  7.31089770e+01
 -1.29398414e+00 -1.40865609e-01]","[-7.78724501e+00  4.01960635e-02  1.78366533e+01  1.40898389e+02
 -9.60651253e-01  6.12647547e-01]","[-3.51232828e-01  6.00972385e-04  2.62557905e+03  9.24189556e+02
 -1.15461652e+00 -7.45136763e-02]",007,FW
347,2,0.1727296384802958,1,[-1.82052142  0.10946645 14.43847963 28.28556142 -1.3070371   0.0683653 ],"[ 6.28507516e-01  1.35023426e-02 -1.10001485e+02  7.11367603e+01
 -8.52676825e-01 -7.96860944e-01]",[ 8.51833714  0.42066825 -3.74616948 33.91113464 -1.25464065 -0.2048472 ],"[ -53.37579066    0.44089088   -2.33251381 -122.49976865   -0.77388394
    0.67457129]","[ -0.14725532   0.03969921 -39.60753942  -3.8324207   -1.26610067
  -0.25939313]","[  2.82080148   0.06891632 -22.92228551  66.65921679  -1.30368439
  -0.10478802]","[-7.75875655e+00  8.23350355e-02  1.76190555e+01  1.38701962e+02
 -8.47327111e-01  8.24783716e-01]","[-3.50799731e-01  6.59527799e-04  2.37595468e+03  8.35484264e+02
 -1.12159025e+00  3.31847123e-01]",007,FW
348,2,0.1727296384802958,1,[-1.75045452  0.11357217 13.92004481 26.36640529 -1.30638808  0.03984998],"[ 6.17673883e-01  2.15255978e-02 -7.12749813e+01  4.60246944e+01
 -1.07660380e+00 -5.79853342e-01]",[ 8.23004527  0.48464998 -3.25004675 28.7480319  -1.26111898 -0.21831002],"[-53.30319695   0.58772441   1.69901088  92.56271182  -0.3705352
   1.01520846]","[ -0.17413825   0.04624421 -34.08168095  -3.93492437  -1.28503783
  -0.19785919]","[  2.77640143   0.07282759 -21.70338822  62.25731813  -1.31118901
  -0.06293827]",[-7.69746419  0.12816692 12.06220347 94.84837923 -1.18636296  0.48662062],"[-3.50295615e-01  8.64854296e-04  1.79675720e+03  6.31396166e+02
 -1.11925223e+00  4.63326891e-01]",007,FW
349,2,0.1727296384802958,1,"[-1.67823249e+00  1.15908517e-01  1.36408157e+01  2.48924600e+01
 -1.30516034e+00  1.95000874e-02]","[ 6.01698918e-01  3.00527535e-02 -5.18078240e+01  3.31727117e+01
 -1.19434097e+00 -4.22991540e-01]",[ 7.90087792  0.55680488 -2.83046848 24.36318594 -1.27623342 -0.20051657],"[-52.7770719    1.31131252   1.10073596  60.09362094  -0.73989944
   0.89265098]","[ -0.20484119   0.05184555 -30.44395551  -4.23617622  -1.29824398
  -0.14593611]","[ 2.73024219e+00  7.47511621e-02 -2.11510834e+01  5.97475804e+01
 -1.31556518e+00 -1.68579265e-02]",[-7.60914675  0.1645623   9.5440258  74.62189297 -1.29419908  0.2735405 ],"[-3.49659316e-01  1.14445392e-03  1.36312484e+03  4.78629297e+02
 -1.20501890e+00  3.98177566e-01]",007,FW
350,2,0.0673468079744719,1,"[-1.60492519e+00  1.16806421e-01  1.35363632e+01  2.37248503e+01
 -1.30496273e+00  3.20299206e-03]","[ 5.80590270e-01  3.81232773e-02 -4.11619476e+01  2.58982262e+01
 -1.26234563e+00 -2.98635937e-01]",[ 7.52906693  0.62705391 -2.51622856 20.94485323 -1.29414476 -0.1606276 ],"[-51.72340086   2.18054743   0.70099456  38.25782284  -1.07005995
   0.6024967 ]","[ -0.23864358   0.05618938 -28.11746588  -4.71005273  -1.308006
  -0.09703136]","[ 2.68364125e+00  7.43638210e-02 -2.12599337e+01  5.90540351e+01
 -1.31564505e+00  3.20725870e-02]",[-7.50159439  0.18765781  8.41326049 65.11286775 -1.32980631  0.12522562],"[-3.48877636e-01  1.40062839e-03  1.12267934e+03  3.93677712e+02
 -1.30837814e+00  2.46736076e-01]",007,FW
351,0,0.0863535182321068,0,[-1.51784765  0.13949903 11.20677005 19.01016954 -1.03838489  0.35656645],"[  0.54849537   0.05637258 -27.27914098  16.9624824   -0.89622516
  -0.59531405]",[ 7.02585726  0.84859085 -1.82500413 14.82221848 -0.95079132 -0.508966  ],"[-49.52771996   4.18340384   0.35630318  19.64688393  -0.64301037
   0.85629412]","[ -0.28195601   0.07157744 -21.75739129  -4.13462734  -1.00616535
  -0.4279322 ]","[  2.63070883   0.08366299 -18.77964359  51.40377425  -1.10358594
  -0.24852276]",[-7.36235753  0.23224891  6.73930469 51.61717068 -1.07827535  0.34589889],"[-3.47913315e-01  1.66536762e-03  9.45857606e+02  3.31076456e+02
 -1.24423177e+00  2.16023890e-01]",007,FW
352,0,0.0863535182321068,0,[-1.43285239  0.14594368 10.74694458 17.39878527 -1.50425144  0.10727632],"[  0.51375344   0.06403922 -24.37816416  14.52436568  -1.53676279
  -0.19277911]",[ 6.50031081  0.94216381 -1.66009187 12.79111311 -1.51820958 -0.17573957],"[-46.80346832   5.34278614   0.28945802  15.54763926  -1.49839612
   0.34024421]","[ -0.32567672   0.07676954 -20.4085134   -4.64657769  -1.51550397
  -0.13046027]","[ 2.58080374e+00  8.34536667e-02 -1.88236467e+01  5.05801379e+01
 -1.48784622e+00 -3.27850829e-02]",[-7.22456779  0.23858089  6.57638459 49.51153627 -1.51211044  0.05119931],"[-3.47132629e-01  1.41808045e-03  1.06165507e+03  3.70535114e+02
 -1.40775185e+00 -2.72425647e-01]",007,FW
353,0,0.0863535182321068,0,[-1.35170112  0.13886452 11.22640086 17.17473867 -1.50088593 -0.25198814],"[  0.47871543   0.06279564 -24.78247527  13.8637534   -1.53695992
   0.24591039]",[ 5.97236254  0.93026098 -1.67845524 12.0243432  -1.51772061  0.21193308],"[-43.68753254   5.83717933   0.26853272  13.73153213  -1.52546061
  -0.07577032]","[ -0.36819895   0.07369008 -21.14657235  -5.78614577  -1.50936218
   0.25089999]","[  2.53465739   0.07659861 -20.31746961  53.49782453  -1.46979678
   0.29481437]",[-7.09552632  0.21789731  7.11363026 52.47495075 -1.48112999 -0.33023877],"[-3.46795049e-01  9.85822647e-04  6.13148820e+02  2.14636975e+02
 -1.45730808e+00  2.75144663e-03]",007,FW
354,0,0.0863535182321068,0,[-1.27645039  0.11789759 13.00102328 18.59516117 -0.85581193 -0.62911997],"[  0.44610685   0.05231128 -28.94965892  14.9146412   -0.78656227
   0.73684282]",[ 5.4649539   0.81073334 -1.89787619 12.37180589 -0.89640774  0.58856781],"[-40.35953683   5.59216033   0.27912569  13.26538358  -1.04582794
  -0.39523144]","[ -0.4078572    0.06241571 -24.50998805  -7.99657517  -0.84216126
   0.64900768]","[  2.49243086   0.06435055 -23.85130132  61.44771949  -0.83893582
   0.61000291]",[-6.98005675  0.1754874   8.62156232 62.17899433 -0.72954527 -0.74895834],"[-3.47203064e-01  1.75144113e-03 -6.42949656e+02 -2.21234091e+02
 -4.71947414e-01 -9.35068531e-01]",007,FW
355,0,0.0863535182321068,0,[-1.20934101  0.07809071 20.10205662 26.31024154 -1.26487144 -0.29169368],"[ 4.18765403e-01  2.96681753e-02 -5.14357814e+01  2.35395257e+01
 -1.11406120e+00  5.89107875e-01]",[ 5.00152911  0.55216591 -2.84445569 16.22662791 -1.27344495  0.27985333],"[-37.02011612   4.40136631   0.35861555  15.27598926  -1.31634665
  -0.1410668 ]","[ -0.44306845   0.04048814 -38.70135413 -15.14734894  -1.25089624
   0.32530221]","[ 2.45374961e+00  4.57877328e-02 -3.45052574e+01  8.66672620e+01
 -1.27486740e+00  9.77497856e-02]","[ -6.88034048   0.10799841  14.53876083 102.03162472  -1.22769264
  -0.29492785]","[-3.48660734e-01  3.58901215e-03 -4.14441546e+02 -1.42499493e+02
 -8.68660470e-01 -7.85778701e-01]",007,FW
356,0,0.0863535182321068,0,[-1.16624132  0.06155155 25.28438382 31.48769325 -1.20068566 -0.42526633],"[ 4.05805692e-01  1.71129403e-02 -7.72172243e+01  3.33351892e+01
 -5.95350579e-01  9.51958591e-01]",[ 4.69650672  0.43820727 -3.55282136 18.68584939 -1.20581514  0.4198024 ],"[-34.46182406   3.87789716   0.4056415   15.97914603  -1.28582182
  -0.24582343]","[-4.65159203e-01  3.11182814e-02 -4.98340666e+01 -2.11807747e+01
 -1.17077705e+00  4.68956814e-01]","[ 2.42515842e+00  4.35415635e-02 -3.63062850e+01  9.00484927e+01
 -1.28287662e+00  4.71078605e-02]","[-6.81750564e+00  8.87723263e-02  1.76982276e+01  1.22657766e+02
 -1.22463821e+00 -2.82978394e-01]","[-3.51515185e-01  5.66754860e-03 -2.71118220e+02 -9.33021712e+01
 -1.09058817e+00 -5.65328062e-01]",007,FW
357,0,0.0863535182321068,0,[-1.13420167  0.04330716 35.15699909 41.87512711 -1.04963504 -0.62907472],"[ 4.02255090e-01  1.04310768e-02  3.03675147e+01 -1.02154873e+01
 -1.52364938e+00  3.41464932e-01]",[ 4.46795755  0.30982491 -4.9185363  23.97581142 -1.05390769  0.62354485],"[-32.28367916   3.17088568   0.49292056  17.91328936  -1.23039262
  -0.36681566]","[-4.81143059e-01  2.11615830e-02 -7.13993935e+01 -3.23533226e+01
 -9.93072070e-01  6.83656959e-01]","[ 2.39771323e+00  4.25653275e-02 -3.71455036e+01  9.10642653e+01
 -1.29334283e+00  1.32595190e-02]","[-6.76549225e+00  7.37273973e-02  2.13347151e+01  1.46339850e+02
 -1.23687933e+00 -2.55757032e-01]","[-3.55692574e-01  7.83446387e-03 -1.98937198e+02 -6.87604841e+01
 -1.20391286e+00 -4.08871197e-01]",007,FW
358,0,0.3709433687806602,0,"[-1.11388373e+00  2.51214160e-02  5.59567887e+01  6.43293567e+01
 -6.53754362e-01 -9.48966491e-01]","[ 4.08889501e-01  2.15555342e-02  6.48274279e+01 -2.45072547e+01
 -6.87814971e-01  9.24404467e-01]",[ 4.32155791  0.18116802 -7.81167956 35.7586256  -0.67257077  0.93762059],"[-30.57445077   2.36506798   0.65273647  21.95705906  -1.13064617
  -0.51913913]","[-4.90844660e-01  1.16631182e-02 -1.16923038e+02 -5.53910487e+01
 -5.46678982e-01  1.00812031e+00]","[ 2.37091838e+00  4.21127608e-02 -3.75449426e+01  9.10159943e+01
 -1.30469970e+00  1.04748188e-02]","[-6.72251562e+00  6.16089319e-02  2.55262020e+01  1.73600292e+02
 -1.25579787e+00 -2.57671078e-01]","[-3.61168909e-01  9.85538713e-03 -1.59320240e+02 -5.55415172e+01
 -1.26713016e+00 -2.86851789e-01]",007,FW
359,0,0.3853544734783385,0,"[-1.10493881e+00  1.10186221e-02  5.62051378e+01  6.41032381e+01
 -9.82212244e-01 -6.35660388e-01]","[ 4.25538377e-01  3.60737705e-02  4.24559019e+01 -1.60666155e+01
 -1.11693028e+00  5.72033154e-01]",[ 4.25562222  0.07951893 -8.76938276 39.31918013 -0.85265432  0.70879398],"[-29.37084864   1.55196025   0.9665503   30.38840266  -0.93170476
  -0.73455027]","[-4.94566974e-01  5.20738866e-03 -4.70302212e+01 -2.12595942e+01
 -1.55804317e+00  3.37774146e-01]","[ 2.34470104e+00  4.13446690e-02 -3.82377146e+01  9.16560094e+01
 -1.31258814e+00  3.82761083e-02]","[-6.68803188e+00  4.96552245e-02  3.14741930e+01  2.12500406e+02
 -1.25025214e+00 -3.60187807e-01]","[-3.67780349e-01  1.15019510e-02 -1.37073020e+02 -4.84127632e+01
 -1.30365207e+00 -1.83723841e-01]",007,FW
360,0,0.4167578596614975,0,"[-1.10587668e+00  1.28424497e-02 -9.92961809e+01 -1.07809331e+02
 -7.10732375e-01 -8.31652539e-01]","[  0.45106418   0.0486865   32.14230389 -12.49824191  -1.2650521
   0.33942824]","[  4.2615342    0.09121038  13.62665374 -56.07045097  -0.62564928
   0.87642736]","[-28.65861723   0.82398308   1.64044847  49.01298476  -0.48107956
  -1.04820636]","[-4.93034798e-01  8.03452363e-03  1.69495132e+02  8.55669979e+01
 -7.24289274e-01  8.79031397e-01]","[ 2.31936753e+00  3.96551328e-02 -3.98477975e+01  9.44216876e+01
 -1.31152304e+00  8.51461179e-02]","[-6.66338311e+00  3.48307028e-02  4.30257257e+01  2.88696894e+02
 -1.06400097e+00 -6.60374126e-01]","[-3.75228310e-01  1.25728008e-02 -1.25666442e+02 -4.51536068e+01
 -1.32421138e+00 -8.90222772e-02]",007,FW
361,0,0.4371603411975301,0,"[-1.11410150e+00  2.03148192e-02 -7.61796033e+01 -8.28718105e+01
 -1.31772539e+00 -4.13458506e-01]","[  0.48345635   0.05762525  27.36132255 -11.22800509  -1.32170022
   0.17617347]","[  4.32537908   0.15614034   9.8090184  -40.42772302  -1.17876004
   0.54017791]","[-28.38055764   0.34230818   0.88425464  27.09563967  -1.44977228
  -0.39953244]","[-4.87285409e-01  1.30414455e-02  1.18289777e+02  5.96408822e+01
 -1.20800765e+00  4.89822044e-01]","[ 2.29542185e+00  3.68991776e-02 -4.27868787e+01  1.00213937e+02
 -1.29999037e+00  1.34501281e-01]","[-6.65201761e+00  1.91392264e-02  4.07899643e+01  2.73335561e+02
 -1.06753798e+00 -4.80647530e-01]","[-3.83099499e-01  1.29082007e-02 -1.22478983e+02 -4.49216372e+01
 -1.33275250e+00  6.40829934e-03]",007,FW
362,0,0.4371603411975301,0,"[-1.12614006e+00  2.30766788e-02 -6.83827819e+01 -7.50085901e+01
 -1.44212140e+00  1.52122237e-02]","[  0.52001425   0.06186813  25.5487468  -11.28571236  -1.34139539
   0.04164541]","[  4.43038217   0.20264607   7.75822841 -32.37191682  -1.32541712
   0.24251482]","[-28.44943188   0.46951847  -2.93088709 -81.38207261  -0.82813283
  -0.80812946]","[-4.78526123e-01  1.65358039e-02  9.51542588e+01  4.75337986e+01
 -1.32442364e+00  2.26655767e-01]","[ 2.27331259e+00  3.34354229e-02 -4.71827998e+01  1.09261253e+02
 -1.28272302e+00  1.67699440e-01]","[-6.65920606e+00  3.36503745e-02 -3.38595433e+01 -2.23477676e+02
 -2.42998118e-01 -1.13317983e+00]","[-3.90898496e-01  1.24055295e-02 -1.27304965e+02 -4.77633192e+01
 -1.32759422e+00  1.12257224e-01]",007,FW
363,0,0.4371603411975301,0,"[-1.13805917e+00  1.99199940e-02 -7.74242704e+01 -8.61134012e+01
 -1.29384624e+00  4.46333314e-01]","[  0.55758363   0.06090162  25.94032814 -12.46390223  -1.33854688
  -0.08894072]","[  4.55946822   0.22465642   7.03429553 -30.07264696  -1.34540033
   0.0615909 ]","[-28.76275846   0.71826538  -2.16627416 -60.30802038  -1.3029094
  -0.38198399]","[-4.67977865e-01  1.82272481e-02  8.67027421e+01  4.25749641e+01
 -1.34188690e+00  6.14169587e-02]","[ 2.25318992e+00  2.99908995e-02 -5.26079235e+01  1.20535643e+02
 -1.26824454e+00  1.64343249e-01]","[-6.69129011e+00  7.54149206e-02 -1.92226669e+01 -1.26624441e+02
 -7.16237532e-01 -9.02242077e-01]","[-3.98091107e-01  1.10399971e-02 -1.42484924e+02 -5.47219811e+01
 -1.29971222e+00  2.41617953e-01]",007,FW
364,0,0.4371603411975301,0,"[-1.14602251e+00  1.23327409e-02 -1.00973088e+02 -1.13717431e+02
 -6.75050286e-01  8.42108705e-01]","[  0.59281466   0.05466445  28.77421597 -15.05777709  -1.30833864
  -0.24005557]","[  4.69725215   0.22511947   7.02030069 -30.97612254  -1.33276373
  -0.06489458]","[-29.21659457   0.83989449  -1.88027277 -52.9351671   -1.37551193
  -0.08251808]","[-4.56723303e-01  1.83648924e-02  8.60713974e+01  4.13108129e+01
 -1.32775867e+00 -4.99474706e-02]","[ 2.23475744e+00  2.74313026e-02 -5.75851806e+01  1.30688911e+02
 -1.26215631e+00  1.06524471e-01]","[ -6.75468273   0.1295342  -11.7295465  -77.22936521  -0.99637556
  -0.66093523]","[-4.04155041e-01  8.88496864e-03 -1.75136835e+02 -6.87824346e+01
 -1.22247616e+00  4.18738133e-01]",007,FW
365,2,0.7522308642986673,1,"[-1.14688732e+00  1.06406488e-02  6.28605277e+01  7.40939420e+01
 -9.29477383e-01  6.53091874e-01]","[  0.62242033   0.04356154  35.60509367 -20.16133432  -1.21381774
  -0.45066539]","[  4.83111857   0.20884075   7.5524162  -34.48661813  -1.30872231
  -0.1694776 ]","[-29.71660921   0.83165118  -1.89781034 -54.3964881   -1.35021068
   0.12885135]","[-4.45579302e-01  1.74423718e-02  9.05452093e+01  4.23450712e+01
 -1.30322932e+00 -1.18336887e-01]","[ 2.21727444e+00  2.65093208e-02 -5.96364802e+01  1.34230443e+02
 -1.25999980e+00 -2.04588249e-03]","[ -6.85489624   0.19199115  -8.05751562 -53.23343353  -1.1305899
  -0.50306868]","[-4.08631119e-01  6.13229920e-03 -2.44864652e+02 -9.80593168e+01
 -1.00205851e+00  6.96012011e-01]",007,FW
366,2,0.7522308642986673,1,"[-1.13872249e+00  2.31094070e-02  6.15821970e+01  7.21250325e+01
 -7.43519890e-01  8.94362180e-01]","[ 6.43424547e-01  2.87138174e-02  5.09640927e+01 -3.07915482e+01
 -8.99861713e-01 -7.88105353e-01]","[  4.95145034   0.18042911   8.70655972 -41.11009806  -1.27344104
  -0.27625498]","[-30.18585194   0.72173123  -2.17062322 -63.52211112  -1.278274
   0.31987694]","[-4.35013163e-01  1.60763570e-02  9.82028500e+01  4.47195324e+01
 -1.28101969e+00 -1.38163902e-01]","[ 2.19970330e+00  2.76146498e-02 -5.71903004e+01  1.27801692e+02
 -1.25558327e+00 -1.18024101e-01]","[ -6.99577137   0.25909373  -6.02471919 -40.14755796  -1.2034816
  -0.39085845]","[-4.11166027e-01  3.23251506e-03 -3.68619576e+02 -1.49563846e+02
 -4.67073379e-01  9.78588024e-01]",007,FW
367,2,0.7522308642986673,1,"[-1.12115750e+00  3.73774294e-02  4.11248255e+01  4.81074066e+01
 -1.15386409e+00  5.36958862e-01]","[ 6.53396719e-01  1.43575086e-02  5.34375232e+01 -3.29159023e+01
 -9.15095484e-01 -6.27683107e-01]","[  5.05126594   0.14356056  10.84947157 -52.8035662   -1.209743
  -0.41378503]","[-30.56908298   0.54608259  -2.81726682 -84.12126331  -1.1356959
   0.53998685]","[-4.25117632e-01  1.48911597e-02  1.06093824e+02  4.71023551e+01
 -1.26871976e+00 -9.88926277e-02]","[ 2.18094372e+00  3.06116108e-02 -5.15036366e+01  1.14326533e+02
 -1.25588472e+00 -1.90374304e-01]","[ -7.17897713   0.32696748  -4.79851363 -32.44841962  -1.24635116
  -0.30559441]","[-4.11538863e-01  2.48665454e-03  3.02233594e+02  1.26380870e+02
 -8.76927431e-01  6.68553426e-01]",007,FW
368,2,0.7522308642986673,1,[-1.09551287  0.04863572 32.27093091 37.3532201  -1.30938216  0.279645  ],"[ 6.50662935e-01  1.98352778e-02 -5.90716926e+01  4.04357609e+01
 -4.16290577e-01 -1.01082991e+00]","[  5.12560498   0.101186    15.02633343 -75.01904945  -1.05428057
  -0.6319784 ]","[ -30.83401542    0.34299051   -4.24466801 -128.88015885   -0.80781467
    0.84802519]","[-4.15648471e-01  1.44099221e-02  1.09712689e+02  4.76019115e+01
 -1.26293167e+00 -3.94712815e-03]","[ 2.16008047e+00  3.48973982e-02 -4.51550248e+01  9.95384870e+01
 -1.26757164e+00 -2.05813121e-01]","[ -7.40380791   0.39181853  -4.01677853 -27.73945665  -1.27314234
  -0.23718962]","[-4.09668956e-01  5.25424486e-03  2.75196530e+02  1.14739475e+02
 -8.01694034e-01  8.53430329e-01]",007,FW
369,2,0.7522308642986673,1,[-1.06468648  0.05425925 29.11622012 32.99964597 -1.36710398  0.06636752],"[  0.63446468   0.03906351 -38.13941046  26.1981088   -0.93750715
  -0.7465725 ]","[ 5.17102602e+00  5.72144037e-02  2.35760441e+01 -1.19912337e+02
 -5.89460976e-01 -9.70443162e-01]","[-3.09703990e+01  1.60006948e-01 -6.32452040e+00 -1.93872920e+02
 -4.06910914e-01  9.86647499e-01]","[-4.06112562e-01  1.49659267e-02  1.05535739e+02  4.48593893e+01
 -1.25414237e+00  1.12010370e-01]","[ 2.13657656e+00  3.96327389e-02 -3.97890942e+01  8.70124460e+01
 -1.28535309e+00 -1.80884117e-01]","[ -7.66723861   0.45010165  -3.50359653 -24.86291059  -1.29058891
  -0.17945093]","[-4.05608214e-01  8.46554913e-03  1.81709410e+02  7.57028293e+01
 -1.12691891e+00  5.43752757e-01]",007,FW
370,2,0.7522308642986673,1,[-1.03280524  0.0526277  29.96202532 32.94493666 -1.36212396 -0.15457883],"[  0.60502993   0.05891864 -26.28500948  17.9032175   -1.17399086
  -0.47872629]",[ 5.18541396  0.03087344 -3.62813329 20.813373   -1.69610261 -0.26332878],"[-3.09877918e+01  1.24905928e-01  8.04895918e+00  2.51419471e+02
 -7.61282994e-01  6.88708695e-01]","[-3.95882944e-01  1.66598938e-02  9.45996002e+01  3.94503682e+01
 -1.24416660e+00  2.02391216e-01]","[ 2.11034949e+00  4.40103714e-02 -3.58712221e+01  7.77008151e+01
 -1.30029277e+00 -1.37049147e-01]","[ -7.96410648   0.49858563  -3.16696325 -23.2220325   -1.30214919
  -0.12831349]","[-3.99523802e-01  1.14369464e-02  1.36709497e+02  5.66186980e+01
 -1.23803422e+00  3.59791604e-01]",007,FW
371,2,0.7522308642986673,1,[-1.00470787  0.04326899 35.79434214 37.96285715 -1.2496528  -0.4447718 ],"[  0.56353759   0.07654466 -20.48416393  13.54359628  -1.26290695
  -0.31175204]","[ 5.16800488e+00  6.14575878e-02 -2.23883159e+01  1.17702926e+02
 -6.33459210e-01 -9.52744488e-01]","[-3.09122107e+01  2.14162816e-01  7.10304162e+00  2.21570719e+02
 -1.22195045e+00  5.39625978e-01]","[-3.84315966e-01  1.93893872e-02  8.11538133e+01  3.31887062e+01
 -1.24229459e+00  2.46594234e-01]","[ 2.08169756e+00  4.74970165e-02 -3.32660885e+01  7.12499353e+01
 -1.30709584e+00 -9.17124080e-02]","[ -8.28727953   0.5343366   -2.95746124 -22.50930798  -1.30992212
  -0.08052505]","[-3.91676304e-01  1.39613475e-02  1.12699014e+02  4.61415332e+01
 -1.28376505e+00  2.40799603e-01]",007,FW
372,2,0.3550217922927047,1,"[-9.85352618e-01  2.75937924e-02  5.03266898e+01  5.15895355e+01
 -7.81082158e-01 -8.54460179e-01]","[  0.5119793    0.09052154 -17.41039316  10.91376094  -1.30102627
  -0.19531544]","[  5.11943805   0.10638713 -14.33075579  75.36541652  -1.07237201
  -0.61268965]","[-3.07816606e+01  2.62254046e-01  6.01268856e+00  1.87080538e+02
 -1.43762477e+00  8.62321369e-02]","[-3.70851904e-01  2.29171269e-02  6.86450910e+01  2.74571627e+01
 -1.25053321e+00  2.51423414e-01]","[ 2.05110385e+00  4.99928148e-02 -3.16185807e+01  6.68529926e+01
 -1.30549370e+00 -5.80905387e-02]","[ -8.62776958   0.55461251  -2.85058027 -22.59414974  -1.31512488
  -0.03264507]","[-3.82396288e-01  1.59240570e-02  9.90929896e+01  3.98927914e+01
 -1.30445476e+00  1.54881444e-01]",007,FW
373,2,0.3550217922927047,1,[-0.9792174   0.01668312 -3.77496492 -1.69651132 -1.69583957 -0.25775719],"[  0.45294147   0.10002187 -15.79253276   9.15309301  -1.31721143
  -0.10568373]","[  5.04176779   0.14916504 -10.45262163  54.69969103  -1.21870333
  -0.39963758]","[-30.64100501   0.24254752   6.42831418 198.97000697  -1.36287283
  -0.33215059]","[-3.55089991e-01  2.69253436e-02  5.84702918e+01  2.27622154e+01
 -1.26460888e+00  2.31239071e-01]","[ 2.01899986e+00  5.18376731e-02 -3.04969040e+01  6.35732449e+01
 -1.29901619e+00 -4.46087874e-02]","[-8.97485275e+00  5.56796971e-01 -2.83953837e+00 -2.34844387e+01
 -1.31776182e+00  1.92104453e-02]","[-3.72058792e-01  1.72671682e-02  9.15086406e+01  3.60465943e+01
 -1.31327455e+00  8.78952558e-02]",007,FW
374,2,0.3550217922927047,1,"[-9.89735591e-01  3.55009304e-02 -3.78723983e+01 -3.54836605e+01
 -5.29181563e-01 -1.01277439e+00]","[  0.38934154   0.10471234 -15.09793609   7.87825373  -1.32187328
  -0.03143608]",[ 4.9384481   0.18605612 -8.4473136  43.71661982 -1.27638297 -0.26615383],"[-3.05369031e+01  1.62955559e-01  8.40376214e+00  2.58624871e+02
 -8.33692963e-01 -8.02762909e-01]","[-3.36838736e-01  3.10471109e-02  5.07670643e+01  1.91003138e+01
 -1.28011410e+00  1.97063394e-01]","[ 1.98558424e+00  5.36345087e-02 -2.94735249e+01  6.05221665e+01
 -1.29229031e+00 -5.19255863e-02]","[ -9.31628109   0.53857231  -2.93417669 -25.33561482  -1.31635211
   0.07931934]","[-3.61053611e-01  1.79869947e-02  8.78946170e+01  3.37346689e+01
 -1.31531022e+00  3.33891739e-02]",007,FW
375,2,0.1539054775016559,1,"[ -1.0188238    0.06438365 -23.47761115 -21.919549    -1.01033481
  -0.67420252]","[  0.32415666   0.10470324 -15.0992281    6.89451534  -1.31933015
   0.03351762]",[ 4.81428992  0.21477183 -7.34434267 37.3577949  -1.30513056 -0.16820289],"[-30.51331002   0.11940352  -2.627053   -78.16008276  -1.44467487
  -0.39865787]","[-3.16146235e-01  3.48875348e-02  4.52323569e+01  1.63000393e+01
 -1.29451143e+00  1.55013372e-01]","[ 1.95076072e+00  5.59544895e-02 -2.82460815e+01  5.71013463e+01
 -1.28841955e+00 -7.14475134e-02]","[ -9.63861831   0.49832335  -3.16660622 -28.52170871  -1.30770939
   0.15331655]","[-3.49752027e-01  1.81353348e-02  8.71834074e+01  3.24925735e+01
 -1.31286494e+00 -1.09685550e-02]",007,FW
376,2,0.1539054775016559,1,"[ -1.06656636   0.09313941 -16.68706248 -15.79785948  -1.2003019
  -0.43845292]","[  0.26018009   0.10047424 -15.72529327   6.09140827  -1.31158169
   0.09285745]",[ 4.67539476  0.23320143 -6.77588264 33.67992621 -1.32170362 -0.08295417],"[ -30.6078156     0.28214078   -4.81362738 -145.33461922   -0.50754036
   -1.03255494]","[-2.93311499e-01  3.80468505e-02  4.15177546e+01  1.41776348e+01
 -1.30644582e+00  1.07801419e-01]","[  1.91420958   0.05907135 -26.74944146  53.20403716  -1.288431
  -0.08989241]","[ -9.92769961   0.43554341  -3.61072214 -33.84616479  -1.28480172
   0.25152681]","[-3.38474947e-01  1.78161329e-02  8.87324461e+01  3.20337100e+01
 -1.30766942e+00 -4.51054236e-02]",007,FW
377,2,0.1539054775016559,1,"[ -1.13109652   0.11769532 -13.34621684 -13.09585945  -1.28330707
  -0.27492975]","[  0.19983423   0.09276467 -17.01329475   5.39983872  -1.29957298
   0.14948521]","[ 4.52902943e+00  2.39342622e-01 -6.60568044e+00  3.19173211e+01
 -1.32902438e+00  1.97912962e-03]","[-30.8488583    0.52462167  -2.86660336 -86.43144083  -0.95076957
  -0.71812613]",[-0.26887478  0.04015233 39.36733938 12.58488489 -1.31494065  0.05636023],"[  1.87555864   0.06285655 -25.13588768  49.14383122  -1.29203392
  -0.09709447]","[-10.16921884   0.3511361   -4.44035675 -43.15495956  -1.2267935
   0.39676379]","[-3.27469222e-01  1.71700225e-02  9.20526497e+01  3.21444096e+01
 -1.30171198e+00 -6.82831423e-02]",007,FW
378,2,0.1539054775016559,1,"[ -1.20868598   0.13498724 -11.69116854 -12.13095145  -1.32240118
  -0.14495473]","[  0.14505694   0.08243768 -19.11265495   4.77242326  -1.28329494
   0.20677921]",[ 4.38329201  0.23190218 -6.81267507 31.86194421 -1.32460765  0.0930108 ],"[-31.2534588    0.79218729  -1.95101044 -58.97582427  -1.13860602
  -0.50754215]","[-2.43587062e-01  4.08964561e-02  3.86607514e+01  1.14172589e+01
 -1.31919223e+00  5.70455781e-04]","[  1.83458215   0.06685312 -23.63571365  45.36165843  -1.29797716
  -0.08969306]","[-10.34940786   0.2481353   -6.11002362 -61.23512654  -1.05527892
   0.64148746]","[-3.16897869e-01  1.63444656e-02  9.66879704e+01  3.26402118e+01
 -1.29693410e+00 -8.09631892e-02]",007,FW
379,0,0.019726572374361,0,[-1.32807437  0.20387284 -7.47736621 -7.93049842 -0.76139904 -0.67467704],"[  0.08953171   0.08244218 -19.11155294   3.71109003  -1.11641154
  -0.09613627]",[ 4.21354044  0.26508786 -5.90503275 26.88109431 -1.02537376 -0.30150781],"[-32.61375943   2.67516501  -0.50641951 -14.51624419  -0.04484779
  -1.28611763]",[-0.20736062  0.05974136 25.45135609  7.27760885 -0.71514407  0.68873003],"[  1.75586584   0.13904323 -10.34752903  20.16887273  -0.31191999
  -1.06291755]","[-10.20567415   0.54693323   1.50501807  17.35972401  -0.05601938
   1.29058877]","[-3.00832342e-01  2.65565411e-02  5.59580650e+01  1.88339958e+01
 -5.14458282e-01  8.66667566e-01]",007,FW
380,0,0.0314635889278219,0,[-1.42980912  0.19886293 -7.60811207 -8.878148   -1.64939144 -0.09340223],"[  0.04880057   0.06689222 -22.65916052   3.10577984  -1.41988286
   0.2025226 ]",[ 4.07154707  0.24318246 -6.35382023 27.86987814 -1.55697448  0.04228022],"[-34.07408347   3.27716127  -0.45169177 -13.39098316  -1.76165989
  -0.3638318 ]",[-0.17547297  0.06058247 25.18191361  6.41874508 -1.68004964  0.14307903],[ 1.6778869   0.16090115 -9.35089528 17.68974471 -1.7341719  -0.30946857],[-9.90681445  0.85230461  1.60384141 17.88895929 -1.53056238  0.53425117],"[-2.85825377e-01  2.91733178e-02  5.20786764e+01  1.68854073e+01
 -1.70852043e+00  2.55880733e-01]",007,FW
381,0,0.0328872358511831,0,"[ -1.50624267   0.15762158  -8.23920871 -10.41024771  -1.5271597
   0.47956557]","[ 2.32424286e-02  4.54253883e-02 -2.62766573e+01  2.61073333e+00
 -1.21016691e+00  5.15043069e-01]",[ 3.95434054  0.1981192  -7.41162019 31.30807017 -1.49614582  0.5378917 ],"[-35.54895003   3.2483771   -0.45369752 -14.1284705   -1.76364103
   0.37753615]",[-0.14874279  0.05186279 27.54276021  6.09678713 -1.63937436 -0.4947491 ],[ 1.60247443  0.15585873 -9.5297851  17.27123698 -1.73172287  0.37991576],[-9.45571933  1.07692813  1.41872424 15.41505818 -1.61582074 -0.03778155],"[-2.71922106e-01  2.75204886e-02  5.40725897e+01  1.67035325e+01
 -1.70671806e+00 -3.92990049e-01]",007,FW
382,0,0.2987414112064901,0,[-1.55171405  0.10419355 -4.68719403 -5.27318482 -0.73493267  0.81813138],[ 0.01283305  0.02989226  2.2096555   1.97164338 -1.5692307   0.08367287],[ 3.85406884  0.14432704 -9.55627696 38.8305493  -0.10033503  1.18491759],"[-36.93854129   2.58481533  -0.50808505 -16.76792052   0.03992564
   1.35316364]",[-0.12759413  0.03606956 31.70637301  6.04554694  0.24063885 -1.49313251],"[  1.53164117   0.1247187  -10.91773394  18.72205083  -0.06005319
   1.27259509]",[-8.86267595  1.14338362  1.35375714 13.99791087 -0.89007693 -0.48656686],"[-2.59164172e-01  2.18032893e-02  6.29000605e+01  1.83014421e+01
 -8.20968188e-02 -1.25166803e+00]",007,FW
383,0,0.3272873206148015,0,[-1.56296552  0.08269787 18.66375318 31.17080274 -1.17064644  0.50420231],"[ 1.71548947e-02  3.70759202e-02  4.19248070e+01  1.28078435e+00
 -1.19420153e+00  4.39408587e-01]","[  3.75828466   0.08641509 -17.31564046  67.07710589  -0.81486288
  -0.7925454 ]","[-38.1340964    0.54376187  -2.44894859 -91.38844167  -0.63211317
   0.92888893]","[-1.12018611e-01  1.96627868e-03 -1.00917436e+02 -9.30463104e+00
 -1.72841665e+00 -1.68671155e-01]","[ 1.46745465e+00  3.87968594e-02 -4.01140092e+01  6.08654894e+01
 -1.20035754e+00  4.25236793e-01]",[-8.14521113  0.90210209  1.75212217 16.27140502 -1.31796973  0.0614247 ],"[-2.47599131e-01  7.47827308e-03  2.10406076e+02  5.40963616e+01
 -1.26559467e+00 -2.44209956e-01]",007,FW
384,0,0.3281440739295733,0,[-1.50526735  0.10790187 14.53854782 23.88440138 -1.27740803  0.29911515],[ 0.04310606  0.04724963 33.2179718   0.56810408 -1.26768279  0.29370429],"[  3.68377719   0.14457659 -10.4994344   40.67757695  -0.95453746
  -0.68163129]","[-38.23629777   0.3508416    0.9769351   39.35438147  -1.46245091
   0.38578074]","[-1.12579920e-01  2.85934758e-03 -5.17262747e+02 -5.62333988e+01
 -1.19605396e+00 -5.82854960e-01]","[ 1.44742094e+00  2.71083302e-02 -5.60016939e+01  8.30580247e+01
 -1.04373320e+00  6.42587376e-01]","[-7.57755016e+00  9.20363515e-01  1.71788876e+00  1.50173882e+01
 -1.32019035e+00 -1.12407626e-03]","[-2.43290897e-01  6.23957744e-03  2.51585363e+02  6.32084287e+01
 -1.24529770e+00 -2.96410625e-01]",007,FW
385,0,0.3281440739295733,0,[-1.4334812   0.12593329 12.52505337 19.95442855 -1.31291989  0.16670143],[ 0.074787    0.05528225 28.5192254  -0.13286728 -1.30478548  0.18340556],[ 3.56794466  0.22102498 -6.96204463 26.84018994 -1.07403439 -0.56175513],"[-37.9848439    0.77635065   1.78186368  69.68381369  -0.6006071
   0.97796468]","[-1.14190999e-01  3.53369383e-03 -4.45826672e+02 -4.89093930e+01
 -1.48938880e+00 -1.36146635e-02]","[ 1.43540507e+00  1.51266304e-02 -8.78267079e+01  1.28066902e+02
 -5.66025548e-01  9.75471725e-01]",[-7.01009553  0.90109044  1.75406587 14.29616934 -1.31730228 -0.0629521 ],"[-2.39751863e-01  5.01703496e-03  3.11892419e+02  7.67767886e+01
 -1.21413807e+00 -3.55442350e-01]",007,FW
386,0,0.3281440739295733,0,[-1.35237134  0.13639235 11.58695218 17.66986205 -1.32288374  0.07169237],[ 0.11058714  0.06044427 26.13970913 -0.89071561 -1.32340615  0.08865652],[ 3.40073501  0.31103753 -4.99585208 18.98956906 -1.16106092 -0.45331353],"[-37.34874226   1.37467188   1.10365298  43.22005085  -1.02154775
   0.65585149]","[-1.15947915e-01  3.05192023e-03 -5.00750135e+02 -5.60609341e+01
 -1.26376138e+00  5.03652461e-01]","[ 1.43212999e+00  8.94846061e-03  3.26161606e+01 -4.47105818e+01
 -1.54721761e+00  3.44482613e-01]",[-6.46609038  0.8456884   1.86704727 14.07249639 -1.30884597 -0.12862448],"[-2.36938437e-01  3.88499334e-03  4.01477652e+02  9.71254874e+01
 -1.17494182e+00 -4.07814178e-01]",007,FW
387,0,0.3281440739295733,0,"[-1.26659210e+00  1.39750445e-01  1.13135548e+01  1.63296592e+01
 -1.32148209e+00 -1.65695916e-03]","[ 1.48546164e-01  6.22247528e-02  2.54082216e+01 -1.77429384e+00
 -1.32916488e+00 -5.25984343e-05]",[ 3.17584671  0.40765157 -3.83739828 14.18698868 -1.22202356 -0.35769714],"[-36.32049668   1.98760956   0.78158594  30.38758948  -1.18496207
   0.44821196]","[-1.17103734e-01  1.82296866e-03 -6.23620987e+02 -7.10283464e+01
 -6.26938218e-01  8.30982458e-01]","[ 1.43827768e+00  1.94797449e-02  7.10512998e+01 -1.00191499e+02
 -5.96950396e-01  9.79152943e-01]",[-5.96740173  0.75733856  2.08049429 14.41514525 -1.29222353 -0.20419509],"[-2.34754233e-01  2.93842942e-03  5.30559522e+02  1.26551093e+02
 -1.14583663e+00 -4.19314996e-01]",007,FW
388,0,0.3281440739295733,0,[-1.1803077   0.13703291 11.5346136  15.61439329 -1.31444228 -0.06096257],[ 0.1865068   0.06044447 26.13965399 -2.87522322 -1.32332221 -0.08860631],[ 2.89181028  0.50237905 -3.12795426 11.04545028 -1.26416193 -0.27249981],"[-34.92088866   2.551118     0.61482645  23.47028605  -1.26069074
   0.30689758]","[-1.17165563e-01  1.70011975e-03  4.93909967e+02  5.98692396e+01
 -7.37563702e-01  7.41575848e-01]","[ 1.45452554e+00  3.50221417e-02  4.32341817e+01 -6.08852214e+01
 -9.90736190e-01  6.76711397e-01]",[-5.53345957  0.6408342   2.44869496 15.54975457 -1.26057589 -0.29925578],"[-2.33047688e-01  2.27607694e-03  6.88946539e+02  1.62557398e+02
 -1.15880661e+00 -3.23361544e-01]",007,FW
389,0,0.5865550449634382,0,[-1.09697044  0.12954146 12.19329639 15.37568569 -1.30478148 -0.11098309],[ 0.22232447  0.05530811 28.5069817  -4.3377997  -1.30452575 -0.1823248 ],[ 2.55260898  0.58618263 -2.68885788  8.86360276 -1.29276099 -0.19476725],"[-33.20129585   3.01089083   0.52341296  19.37798843  -1.30062536
   0.19681899]","[-1.15956153e-01  3.37471626e-03  4.33851477e+02  5.23077483e+01
 -9.35060021e-01  7.69497588e-01]","[  1.48152189   0.05220103  29.64488113 -41.91954039  -1.13507231
   0.49870197]",[-5.18030852  0.50261299  3.0948982  18.03252752 -1.19569555 -0.43179135],"[-2.31623285e-01  1.97845664e-03  7.98261227e+02  1.86895887e+02
 -1.19966660e+00 -7.10147211e-02]",007,FW
390,0,0.5865550449634382,0,[-1.01923764  0.11859372 13.30602068 15.56199712 -1.29377123 -0.15597634],[ 0.25408323  0.04737533 33.13914625 -6.42010127 -1.26804699 -0.28869152],[ 2.16769757  0.65050851 -2.42757478  7.26224795 -1.3112089  -0.12163862],"[-31.24232749   3.32050378   0.47573349  16.86302157  -1.32147269
   0.10161058]","[-1.13623196e-01  4.88482549e-03  3.19098911e+02  3.82570383e+01
 -1.30343604e+00  3.67742018e-01]","[  1.51978515   0.07033138  22.19964689 -31.73869372  -1.20372038
   0.38786088]",[-4.91975626  0.35115309  4.32803991 23.29290143 -1.04082963 -0.64014711],"[-2.30266930e-01  2.06793978e-03  7.61884418e+02  1.77436786e+02
 -1.19875476e+00  2.04377526e-01]",007,FW
391,0,0.5865550449634382,0,[-0.94899631  0.1053407  14.9609242  16.19786181 -1.28104258 -0.20017517],"[ 2.80270208e-01  3.74612790e-02  4.15572119e+01 -9.64724841e+00
 -1.20052378e+00 -4.22136872e-01]",[ 1.75146263  0.68814719 -2.29709357  6.02327355 -1.32160073 -0.05007879],"[-2.91485660e+01  3.44629537e+00  4.58753096e-01  1.53719949e+01
 -1.32933696e+00  1.21852554e-02]","[-1.10590910e-01  5.57233083e-03  2.83394691e+02  3.33408767e+01
 -1.40224592e+00  5.11072935e-02]","[  1.56954021   0.08869052  17.68996345 -25.76510895  -1.24523191
   0.30614886]",[-4.75870647  0.19952828  6.89390463 34.8060686  -0.60744085 -0.97053401],"[-2.28780838e-01  2.47275583e-03  6.33991293e+02  1.47045059e+02
 -1.19704247e+00  3.27791494e-01]",007,FW
392,0,0.5865550449634382,0,[-0.88746464  0.09070711 17.34417917 17.39234579 -1.26502388 -0.24773616],"[ 2.99879921e-01  2.65147915e-02  5.75547002e+01 -1.52594989e+01
 -1.05943316e+00 -6.14540749e-01]",[ 1.32229537  0.69375996 -2.27885031  5.0133132  -1.32490233  0.02397381],"[-27.04047657   3.37087542   0.46877889  14.67600468  -1.3260464
  -0.07888766]","[-1.07466399e-01  5.20852936e-03  3.01230627e+02  3.43721708e+01
 -1.35889170e+00 -2.61401105e-01]","[  1.63053502   0.10628863  14.80684062 -22.14307212  -1.27344815
   0.23787709]",[-4.69883771  0.09540353  1.97562086 11.28312177 -1.64098761 -0.29253502],"[-2.27019111e-01  3.05852070e-03  5.12703859e+02  1.18393574e+02
 -1.23223279e+00  3.18029911e-01]",007,FW
393,0,0.5865550449634382,0,[-0.83532794  0.0754169  20.80703839 19.38070042 -1.24296587 -0.30360558],"[ 3.12441014e-01  1.56072362e-02  9.10330961e+01 -2.64424728e+01
 -6.96333262e-01 -9.21839220e-01]",[ 0.90142787  0.66407617 -2.37854847  4.14408989 -1.32010704  0.10683022],"[-25.04505943   3.09351964   0.50966008  14.76446701  -1.30943828
  -0.18133571]","[-1.04925502e-01  3.84695114e-03  3.88252439e+02  4.27375820e+01
 -1.07142606e+00 -6.65872318e-01]","[  1.70189085   0.12196047  12.93111632 -20.00734848  -1.29302409
   0.17670741]","[ -4.73675574   0.16544267  -8.14449645 -36.57849033  -0.61824327
  -0.94883975]","[-2.24914838e-01  3.67100985e-03  4.28566253e+02  9.83909094e+01
 -1.28020979e+00  2.44107436e-01]",007,FW
394,0,0.5865550449634382,0,[-0.79286727  0.06003121 26.02970597 22.63810198 -1.20911384 -0.37597915],"[ 3.17977720e-01  7.01026158e-03  9.39083215e+01 -2.78607539e+01
 -9.71703749e-01 -6.34813218e-01]",[ 0.51163504  0.59796801 -2.63423705  3.34776798 -1.30182772  0.20913788],"[-23.286372     2.62880691   0.59637846  15.88749073  -1.26841366
  -0.31191207]","[-1.03605368e-01  2.08978802e-03  4.10951595e+02  4.45767914e+01
 -8.64539260e-01 -6.30257770e-01]","[  1.782029     0.13453708  11.73846992 -18.91829382  -1.30619078
   0.11972884]","[ -4.86466333   0.28704966  -5.31601972 -23.86064621  -1.09222297
  -0.59941748]","[-2.22492487e-01  4.15792887e-03  3.79581368e+02  8.64540024e+01
 -1.31902125e+00  1.43407783e-01]",007,FW
395,0,0.5732520186849971,0,[-0.76006044  0.04498097 34.45733675 28.18965869 -1.14835927 -0.48100071],"[ 3.16931925e-01  9.07859596e-03 -1.37040060e+02  4.54323702e+01
 -5.40246223e-01 -9.46003097e-01]",[ 0.17585993  0.49673264 -3.14856815  2.55370697 -1.2528528   0.35110565],"[-21.87639341   2.00697477   0.7694009   18.83171667  -1.16423394
  -0.5039144 ]","[-1.04025787e-01  2.93741075e-03 -3.79335379e+02 -3.74606615e+01
 -3.65180207e-01 -1.03312463e+00]","[  1.86869858   0.14300424  11.05250686 -18.65380387  -1.31426352
   0.06499055]","[ -5.0715178    0.39750621  -3.92881686 -17.92506463  -1.23627291
  -0.37474846]","[-2.19863000e-01  4.39168867e-03  3.59952166e+02  8.11401629e+01
 -1.33960958e+00  2.93874216e-02]",007,FW
396,0,0.5131210466916875,0,"[-7.36648817e-01  3.06383968e-02  4.95934248e+01  3.85329377e+01
 -1.01490867e+00 -6.52500840e-01]","[ 3.10073062e-01  1.63863939e-02 -9.25868016e+01  3.07086730e+01
 -1.07716928e+00 -6.28145886e-01]",[-0.08426197  0.36508255 -4.19252515  1.64672955 -1.11349896  0.57608764],"[-20.90633141   1.28322591   1.13667163  25.76363385  -0.85325512
  -0.81853924]","[-1.06548440e-01  6.13375829e-03 -2.39744383e+02 -2.35443899e+01
 -8.42894348e-01 -8.17612702e-01]","[ 1.95910457e+00  1.46621062e-01  1.07834404e+01 -1.91258873e+01
 -1.31778976e+00  1.08493740e-02]","[ -5.34452972   0.488761    -3.21873653 -15.20263302  -1.2830472
  -0.2442664 ]","[-2.17202724e-01  4.29185970e-03  3.68046770e+02  8.19407610e+01
 -1.33738581e+00 -9.71353292e-02]",007,FW
397,0,0.5131210466916875,0,"[-7.22169143e-01  1.75296992e-02  8.05433940e+01  6.01659538e+01
 -6.56805989e-01 -9.46076235e-01]","[ 2.98410585e-01  2.27767822e-02 -6.86039179e+01  2.24721353e+01
 -1.25599423e+00 -3.61306476e-01]",[-0.25004491  0.21560707 -6.38933385  0.40237958 -0.66692251  0.93006226],"[-20.43845796   0.61941196   1.36054084  29.80735683  -0.7413187
  -0.74398087]","[-1.11368374e-01  9.77720369e-03 -1.57264974e+02 -1.55143445e+01
 -1.10643151e+00 -5.54774195e-01]","[  2.05010937   0.14500747  10.90180885 -20.34990047  -1.31673546
  -0.04408606]","[ -5.67072815   0.56038665  -2.81530625 -13.96483643  -1.29864867
  -0.16310504]","[-2.14721538e-01  3.83794590e-03  4.09767205e+02  8.99858445e+01
 -1.30414795e+00 -2.45043112e-01]",007,FW
398,0,0.5131210466916875,0,"[-7.15955765e-01  7.71931793e-03  8.08421673e+01  5.98794157e+01
 -1.01537316e+00 -6.16267983e-01]","[ 2.83107648e-01  2.74142893e-02 -5.74758505e+01  1.82718529e+01
 -1.31048134e+00 -1.98639143e-01]",[-0.30753872  0.11396493 -0.43851003  1.86514118 -1.71686223  0.24992058],"[-20.49902129   0.74139118  -1.54346224 -29.63946542  -0.47464785
  -0.95470541]","[-1.18525402e-01  1.34250756e-02 -1.16219437e+02 -1.17749555e+01
 -1.21155070e+00 -3.94016790e-01]","[  2.13847898   0.13820886  11.4303868  -22.44364188  -1.31065096
  -0.10104732]","[ -6.03831128   0.61492732  -2.56863953 -13.51024502  -1.30257595
  -0.11172977]","[-2.12628373e-01  3.06901349e-03  5.06129192e+02  1.09617426e+02
 -1.21317253e+00 -4.38766349e-01]",007,FW
399,0,0.7743687079981417,0,"[-7.17128307e-01  1.00264993e-02 -1.25750532e+02 -8.81792663e+01
 -5.68071868e-01 -9.33718078e-01]","[ 2.65388564e-01  3.01405626e-02 -5.24223929e+01  1.59123036e+01
 -1.32603500e+00 -8.56530308e-02]",[-0.24928534  0.21952043  6.15165462  3.53351733 -0.58505784  0.97557245],"[-21.07347637   1.42121372  -1.05355305 -20.2020253   -0.9945118
  -0.70619855]","[-1.27925006e-01  1.68410898e-02 -9.32444956e+01 -9.92830268e+00
 -1.26071582e+00 -2.86400699e-01]","[  2.22116296   0.12673671  12.44907799 -25.65143094  -1.29856146
  -0.16102808]","[ -6.43759409   0.65639545  -2.40756564 -13.49893037  -1.30220526
  -0.08030099]","[-2.11101833e-01  2.07772764e-03  7.17192856e+02  1.53400727e+02
 -9.60703870e-01 -7.33671647e-01]",007,FW
400,2,0.874550244094013,1,"[-7.24587021e-01  1.77503929e-02 -8.57696904e+01 -6.01476044e+01
 -1.10689139e+00 -6.01090281e-01]","[ 2.46438059e-01  3.10519844e-02 -5.09163244e+01  1.45477202e+01
 -1.32482823e+00 -2.00684507e-04]",[-0.0757544   0.38617451  3.93808351  2.29832717 -1.06419658  0.62687291],"[-22.10558832   2.06197274  -0.75480751 -14.68546404  -1.23011345
  -0.41389527]","[-1.39360231e-01  1.98532553e-02 -7.93579345e+01 -9.05934008e+00
 -1.28628325e+00 -2.07703396e-01]","[  2.29559651   0.11157893  14.11212793 -30.39575163  -1.27902725
  -0.2241277 ]","[ -6.86143437   0.68910053  -2.29378014 -13.7386219   -1.30075778
  -0.06245079]","[-2.10271544e-01  1.06081906e-03  1.04332943e+03  2.21382490e+02
 -4.72270206e-01 -9.45838489e-01]",007,FW
401,2,0.874550244094013,1,"[-7.37026967e-01  2.41673134e-02 -6.47798442e+01 -4.57444921e+01
 -1.27688695e+00 -3.29268283e-01]","[ 2.27295085e-01  3.04460610e-02 -5.19131459e+01  1.37996029e+01
 -1.31480926e+00  6.50875474e-02]",[ 0.2038977   0.54080287  2.88430677  1.41189649 -1.2333952   0.38989058],"[-23.50154013   2.54279734  -0.61899007 -12.54721991  -1.30984424
  -0.22527346]","[-1.52526939e-01  2.23229457e-02 -7.07076012e+01 -8.78481399e+00
 -1.30121405e+00 -1.44878994e-01]","[  2.35998817   0.09416028  16.677643   -37.35904026  -1.25108979
  -0.28829292]","[ -7.30505499   0.71660003  -2.20595478 -14.11462101  -1.29982728
  -0.05282101]","[-2.10212999e-01  9.42157708e-04 -9.64053292e+02 -2.00656534e+02
 -6.39990424e-01 -8.10473272e-01]",007,FW
402,2,0.874550244094013,1,"[-7.52963476e-01  2.83397000e-02 -5.56675589e+01 -3.99156386e+01
 -1.32887900e+00 -1.55180068e-01]","[ 2.08747714e-01  2.87928386e-02 -5.48611593e+01  1.34521416e+01
 -1.30047674e+00  1.09288417e-01]",[ 0.57209061  0.66334435  2.37247046  0.64273192 -1.29963216  0.23154038],"[-25.13912324   2.81491292  -0.56127826 -12.11004332  -1.33665529
  -0.08428332]","[-1.67028869e-01  2.41155089e-02 -6.55217401e+01 -8.94402213e+00
 -1.31143649e+00 -8.86205576e-02]","[  2.41353899   0.0762165   20.54100061 -47.57650581  -1.21638644
  -0.34745561]","[ -7.76526639   0.74078886  -2.13403897 -14.57138105  -1.30036868
  -0.04598362]","[-2.10954774e-01  1.97495399e-03 -7.40055467e+02 -1.54118234e+02
 -8.39246524e-01 -8.24652499e-01]",007,FW
403,2,0.6954123868122989,1,"[-7.70770245e-01  2.99626080e-02 -5.27598819e+01 -3.86657471e+01
 -1.34466516e+00 -1.56279992e-02]","[ 1.91249082e-01  2.66853176e-02 -5.91773282e+01  1.33176097e+01
 -1.28638330e+00  1.25335556e-01]",[ 1.00433128  0.74245756  2.12719224 -0.13640572 -1.32591969  0.11088645],"[-26.88093678   2.86167308  -0.55238985 -12.84875659  -1.33748278
   0.03620881]","[-1.82374724e-01  2.50768755e-02 -6.30445517e+01 -9.49773270e+00
 -1.31880318e+00 -3.12704652e-02]","[ 2.45653962e+00  5.95621504e-02  2.62223989e+01 -6.24163618e+01
 -1.18235784e+00 -3.88483052e-01]","[ -8.23924431   0.76123906  -2.07683708 -15.11156807  -1.30278942
  -0.036434  ]","[-2.12493450e-01  3.15854934e-03 -4.87244893e+02 -1.01536348e+02
 -1.11531582e+00 -5.45375449e-01]",007,FW
404,2,0.6954123868122989,1,"[-7.88750814e-01  2.89178333e-02 -5.45954439e+01 -4.10622008e+01
 -1.33638711e+00  1.23288994e-01]","[ 1.74887051e-01  2.47487205e-02 -6.38314252e+01  1.31632897e+01
 -1.27753046e+00  1.04988938e-01]",[ 1.4719529   0.77319047  2.04476044 -1.00979106 -1.33106521  0.01038658],"[-28.58969648   2.69458664  -0.58560567 -14.74228849  -1.31908353
   0.15067526]","[-1.97975272e-01  2.50382212e-02 -6.31403245e+01 -1.05002229e+01
 -1.32216473e+00  3.33728008e-02]","[ 2.49030475e+00  4.57954067e-02  3.41164412e+01 -8.29603357e+01
 -1.16493436e+00 -3.86777745e-01]","[ -8.72315608   0.77506141  -2.03994647 -15.79477141  -1.30664258
  -0.01956089]","[-2.14810301e-01  4.33755754e-03 -3.59739792e+02 -7.52758130e+01
 -1.20501469e+00 -3.94779656e-01]",007,FW
405,2,0.6954123868122989,1,"[-8.05255958e-01  2.53190720e-02 -6.19947647e+01 -4.79216537e+01
 -1.29194753e+00  2.84744963e-01]","[ 1.59431674e-01  2.34977642e-02 -6.72724875e+01  1.27253653e+01
 -1.27618612e+00  5.11470072e-02]",[ 1.94571168  0.75736468  2.08653996 -2.05980517 -1.32217609 -0.07699558],"[-30.14320312   2.34974085  -0.66870279 -18.15684408  -1.27997106
   0.27012923]","[-2.13152992e-01  2.38564088e-02 -6.62062930e+01 -1.21120694e+01
 -1.31801139e+00  1.10622221e-01]","[ 2.51693250e+00  3.60349400e-02  4.35513021e+01 -1.07615688e+02
 -1.18142880e+00 -3.07798864e-01]","[-9.21096841e+00  7.77506555e-01 -2.03357268e+00 -1.67311737e+01
 -1.31059824e+00  7.44151654e-03]","[-2.17884022e-01  5.49826902e-03 -2.85317197e+02 -6.01660585e+01
 -1.24149885e+00 -3.08933879e-01]",007,FW
406,2,0.6954123868122989,1,"[-8.18847469e-01  1.96375703e-02 -7.86904528e+01 -6.24354781e+01
 -1.17427599e+00  4.95244101e-01]","[ 1.44460752e-01  2.31655076e-02 -6.82511589e+01  1.18596137e+01
 -1.28102905e+00 -1.18256195e-02]",[ 2.39957725  0.70317191  2.24419918 -3.38512929 -1.30335646 -0.1529432 ],"[-31.44645938   1.88087039  -0.82853226 -24.05440596  -1.20991266
   0.40841601]","[-2.27175051e-01  2.14712454e-02 -7.33702408e+01 -1.46678882e+01
 -1.30005725e+00  2.07023144e-01]","[ 2.53892008e+00  3.07260775e-02  5.13641072e+01 -1.28409363e+02
 -1.22210682e+00 -1.42361591e-01]","[ -9.69371895   0.76315875  -2.0714453  -18.08000857  -1.31282701
   0.04584448]","[-2.21694902e-01  6.64207078e-03 -2.36808856e+02 -5.04993161e+01
 -1.26142930e+00 -2.53253450e-01]",007,FW
407,2,0.6954123868122989,1,"[-8.28500655e-01  1.27855799e-02 -1.15240489e+02 -9.34768209e+01
 -8.77106094e-01  7.97692335e-01]","[ 1.29538290e-01  2.35967887e-02 -6.69927028e+01  1.06781202e+01
 -1.29142308e+00 -5.05798996e-02]",[ 2.81398175  0.62353135  2.52619447 -5.10866512 -1.27867089 -0.21528998],"[-32.43923629   1.3505138   -1.13381397 -34.78005934  -1.07691216
   0.59061226]","[-2.39311368e-01  1.79512491e-02 -8.72240544e+01 -1.88737077e+01
 -1.25510094e+00  3.34952244e-01]","[ 2.55870510e+00  2.94560037e-02  5.36627089e+01 -1.35307047e+02
 -1.25211272e+00  3.50502568e-02]","[-10.15943029   0.72725036  -2.17241363 -20.07048481  -1.31119663
   0.09680885]","[-2.26218398e-01  7.75367731e-03 -2.03197437e+02 -4.39669988e+01
 -1.27667881e+00 -2.09313768e-01]",007,FW
408,2,0.6954123868122989,1,"[-8.33800199e-01  6.24768631e-03 -1.81845688e+02 -1.49622971e+02
 -3.37141333e-01  1.06164619e+00]","[ 1.14396324e-01  2.43061933e-02 -6.50386227e+01  9.44017936e+00
 -1.30611963e+00 -4.77131273e-02]",[ 3.17793937  0.5336303   2.94719646 -7.36601166 -1.25367078 -0.25729079],"[-33.09863918   0.82360396  -1.76805282 -56.52014234  -0.7788139
   0.86389721]","[-2.48910266e-01  1.35172757e-02 -1.14054500e+02 -2.63893358e+01
 -1.14588082e+00  5.22174164e-01]","[ 2.57822232e+00  3.09386203e-02  5.10392758e+01 -1.29590600e+02
 -1.27394493e+00  1.27704081e-01]","[-10.59369099   0.66666662  -2.36641945 -23.06911641  -1.30261051
   0.16327656]","[-2.31409445e-01  8.78479069e-03 -1.79580359e+02 -3.95565912e+01
 -1.29103824e+00 -1.66515900e-01]",007,FW
409,2,0.6954123868122989,1,"[-8.35052247e-01  3.76042164e-03  2.01031882e+02  1.69872125e+02
 -1.14221467e+00  4.15639575e-01]","[ 9.90617360e-02  2.46720655e-02 -6.40838423e+01  8.34825667e+00
 -1.31956453e+00 -5.88129778e-03]","[  3.48974476   0.44847388   3.50589952 -10.23469445  -1.23630731
  -0.26532809]","[-33.4373233    0.37911797  -2.85319543 -93.40321812  -0.32267523
   1.05955021]","[-2.55478966e-01  8.57759063e-03 -1.70328910e+02 -4.15154540e+01
 -8.43106967e-01  8.23841900e-01]","[ 2.59856660e+00  3.34038265e-02  4.72775544e+01 -1.20853874e+02
 -1.30390224e+00  1.20459143e-01]","[-10.98076224   0.58053145  -2.708981   -27.7466763   -1.28077126
   0.25234392]","[-2.37182121e-01  9.65042387e-03 -1.63650544e+02 -3.68149831e+01
 -1.30482692e+00 -1.18847289e-01]",007,FW
410,2,0.7951372650874424,1,"[-8.33268098e-01  6.06794672e-03  2.49823443e+02  2.10169905e+02
 -1.30317074e+00  4.95173140e-01]","[ 8.38919122e-02  2.41425526e-02 -6.54640705e+01  7.49190606e+00
 -1.32460400e+00  6.56682506e-02]","[  3.75635391   0.38119372   4.13225252 -13.5222029   -1.23423622
  -0.21817045]","[-33.4988557    0.25490941   3.5369821  120.48485292  -0.89416849
   0.58609241]","[-2.58755263e-01  4.08958054e-03 -2.30554397e+02 -5.76571636e+01
 -5.59545025e-01  8.69036567e-01]","[ 2.61983393e+00  3.50792440e-02  4.50614721e+01 -1.16053574e+02
 -1.33331282e+00  4.35041310e-02]","[-11.30499532   0.47056953  -3.31804861 -35.51052396  -1.22957481
   0.37980686]","[-2.43391005e-01  1.02379670e-02 -1.54383920e+02 -3.55756574e+01
 -1.31667524e+00 -6.28727407e-02]",007,FW
411,2,0.7951372650874424,1,"[-8.30043659e-01  6.82070646e-03  2.30061952e+02  1.92961464e+02
 -1.51749666e+00 -1.24006773e-01]","[ 6.95247652e-02  2.23607272e-02 -7.05454745e+01  6.90465755e+00
 -1.31484808e+00  1.63433972e-01]","[  3.9918312    0.34225867   4.61531274 -16.42354937  -1.24331527
  -0.09928224]","[-33.35187789   0.43942052   3.44734065 116.97528435  -1.20205817
   0.56134577]","[-2.58759269e-01  4.08147689e-03  2.64687983e+02  7.04904690e+01
 -5.62365690e-01  8.66722142e-01]","[ 2.64116911e+00  3.45305547e-02  4.57542053e+01 -1.18844593e+02
 -1.34412544e+00 -8.09895012e-02]","[-11.55236594   0.3416213   -4.48178129 -49.77517759  -1.0987101
   0.58144641]","[-2.49819443e-01  1.04246798e-02 -1.51664420e+02 -3.58887209e+01
 -1.32444126e+00  4.41154547e-03]",007,FW
412,2,0.7951372650874424,1,"[-8.27402621e-01  4.98951426e-03  2.65455376e+02  2.21638474e+02
 -9.45503615e-01 -6.63355963e-01]","[ 5.67832122e-02  1.91825738e-02 -8.17775246e+01  6.64359054e+00
 -1.27845866e+00  2.99091755e-01]","[  4.21523334   0.33879565   4.66415834 -17.66051575  -1.24231068
   0.06781928]","[-3.30839086e+01  5.44005987e-01  2.89772037e+00  9.78679160e+01
 -1.43911727e+00  9.74641365e-02]","[-2.55815765e-01  7.62440818e-03  1.97038326e+02  5.24055102e+01
 -1.05365123e+00  6.66885388e-01]","[ 2.66099276e+00  3.09010250e-02  5.08606571e+01 -1.33339840e+02
 -1.31422773e+00 -2.53780821e-01]","[-11.7119417    0.20389589  -6.91873848 -79.03186174  -0.70877434
   0.9127255 ]","[-2.56177700e-01  1.00974354e-02 -1.56474506e+02 -3.80852791e+01
 -1.32479169e+00  8.82182797e-02]",007,FW
413,2,0.7951372650874424,1,"[-8.27661186e-01  5.49045328e-03 -1.17540566e+02 -9.52837645e+01
 -7.76097581e-01 -7.86539230e-01]","[ 4.65816808e-02  1.46363784e-02 -1.05293057e+02  6.90472756e+00
 -1.16706007e+00  5.15000366e-01]","[  4.44813902   0.373224     4.22114635 -16.7762458   -1.22640224
   0.21284466]","[-32.79460382   0.50252825   3.09873385 103.62174909  -1.36875441
  -0.33890145]","[-2.50537481e-01  1.05807901e-02  1.47852470e+02  3.90425855e+01
 -1.29836691e+00  3.30280312e-01]","[ 2.67733811e+00  2.40523457e-02  6.40480710e+01 -1.69478341e+02
 -1.18489895e+00 -5.09526385e-01]","[-11.77707439   0.0972366   -4.34415082 -49.16138739  -1.40084147
   0.40141745]","[-2.62112991e-01  9.17220738e-03 -1.71782142e+02 -4.30263312e+01
 -1.30983575e+00  1.99479075e-01]",007,FW
414,2,0.7951372650874424,1,"[-8.33325169e-01  1.47666588e-02 -9.23226436e+01 -7.49347826e+01
 -4.35442487e-01 -1.08020560e+00]","[ 3.98622975e-02  9.02425452e-03 -1.55646462e+02  8.20442556e+00
 -7.60780822e-01  8.73947552e-01]","[  4.7119382    0.44238097   3.55081606 -14.73122586  -1.21900715
   0.2874553 ]","[-32.58784931   0.33209404   3.97632717 131.57995051  -0.79653136
  -0.79316625]","[-2.43764249e-01  1.21550535e-02  1.29917652e+02  3.36692787e+01
 -1.36233882e+00  9.67576613e-02]","[ 2.68821214e+00  1.48064621e-02  9.36568805e+01 -2.49769563e+02
 -7.28516950e-01 -8.91190210e-01]","[-11.74611039   0.15671213   8.25850621  99.00532554  -0.52737796
   0.98577326]","[-2.67231931e-01  7.61570008e-03 -2.05169302e+02 -5.28277886e+01
 -1.25593840e+00  3.61851118e-01]",007,FW
415,2,0.7951372650874424,1,"[-8.46994681e-01  2.92349014e-02 -5.07999347e+01 -4.10272745e+01
 -8.28286083e-01 -8.08178530e-01]","[ 3.75619410e-02  5.02456602e-03 -1.82952293e+01  2.68720432e+00
 -1.72274310e+00  2.44487617e-01]","[  5.02500093   0.53817142   2.91722672 -12.65906701  -1.23135162
   0.29681483]","[-32.56232323   0.28323874  -1.87373529 -59.01317427  -1.09330154
  -0.58602462]","[-2.36463419e-01  1.21541990e-02  1.29926290e+02  3.27228147e+01
 -1.35730251e+00 -1.00704118e-01]",[ 2.69190088  0.00829703  2.14159733 -3.76496774 -1.71979722 -0.24674653],"[-11.62246651   0.28456895   5.32204632  63.85530512  -1.0410592
   0.65225661]","[-2.71133012e-01  5.47963032e-03 -2.76902208e+02 -7.30773295e+01
 -1.07682202e+00  6.28139356e-01]",007,FW
416,2,0.7951372650874424,1,"[ -0.8712406    0.04798613 -31.82313467 -25.72560699  -1.01925732
  -0.62751193]","[ 4.05936343e-02  1.06375176e-02  1.24046454e+02 -3.03549639e+00
 -4.48942913e-01  1.05591257e+00]","[  5.39993632   0.64859521   2.42389002 -11.08885176  -1.25590701
   0.26507003]","[-32.8010187    0.67289573  -2.05556578 -65.42465173  -0.57193245
  -0.9980207 ]","[-2.29606578e-01  1.06685372e-02  1.46908790e+02  3.57312245e+01
 -1.29544023e+00 -3.06865503e-01]","[ 2.68716905e+00  1.68708592e-02 -7.95922706e+01  2.15877886e+02
 -5.37993398e-01 -1.00492775e+00]","[-11.41404091   0.40640238   3.83213985  45.74020102  -1.21484275
   0.41305749]","[-2.73444696e-01  3.04303983e-03 -4.12822756e+02 -1.10884193e+02
 -5.37628875e-01  9.55695309e-01]",007,FW
417,0,0.06376516355825,0,[-1.01836169  0.30604574 -4.09736064 -2.17259512  0.16118347 -1.4356036 ],[0.09650877 0.12258039 9.8089453  1.05335076 0.21438006 1.47435475],[ 6.35961382  1.80141246  0.76768778 -2.88219784 -0.11873384  1.22482102],"[-35.17896383   5.12921634  -0.24202412  -6.51415762   0.17199228
  -1.44450035]","[-2.28379822e-01  8.73505065e-03  1.87394828e+01  6.27971975e+00
 -1.58571178e+00  3.20763382e-02]",[ 2.62403792  0.1372681  -9.00266794 25.62334206  0.17912296 -1.44948915],"[-1.06831291e+01  1.43280302e+00  9.37346588e-01  1.20137946e+01
 -8.22360979e-03  1.31016015e+00]","[-2.64368776e-01  2.31075195e-02  4.69760977e+01  1.44190134e+01
  2.35512367e-01  1.48934118e+00]",007,FW
418,0,0.0863535182321068,0,[-1.18788302  0.40024112 -3.62064046 -2.30089732 -1.74698009 -0.42651296],[ 0.16582937  0.16706015  8.61056551  0.57211534 -1.70991773  0.45545959],[ 7.29972126  2.08934131  0.7071668  -3.16212053 -1.78341644  0.3315384 ],"[-37.89362384   6.59199744  -0.21920291  -6.30639269  -1.77737865
  -0.41093736]","[-2.29913448e-01  1.08121424e-02 -1.01000412e+02 -2.12213530e+01
 -1.52162714e+00 -1.84346185e-01]",[ 2.55012434  0.17880372 -8.08366758 22.61435744 -1.76320201 -0.41995009],[-9.89289004  1.77382432  0.83147566 10.22569723 -1.75892213  0.37917598],"[-2.51983108e-01  3.22563482e-02  4.37597981e+01  1.30267299e+01
 -1.71464955e+00  4.61851519e-01]",007,FW
419,0,0.1406988889099122,0,[-1.37548499  0.42592588 -3.5088844  -2.82641782 -1.76107098  0.29966832],[ 0.24777137  0.18585714  8.1287847  -0.01408009 -1.72807274 -0.23127659],[ 8.17177468  1.96537912  0.72457836 -3.9210911  -1.7728225  -0.42865917],"[-40.82792927   6.82412469  -0.21593912  -6.81634723  -1.78442511
   0.34997663]","[-2.33844481e-01  1.32810164e-02 -1.09833430e+02 -2.36839414e+01
 -1.66915277e+00  2.50725157e-01]",[ 2.46869297  0.18782308 -7.90149094 21.50635516 -1.77463306  0.32677204],[-9.06515019  1.80808377  0.82293899  9.46006551 -1.75841502 -0.34206458],"[-2.36687552e-01  3.62455198e-02  4.14570511e+01  1.18123679e+01
 -1.74137047e+00 -2.43756614e-01]",007,FW
420,0,0.1406988889099122,0,[-1.5748568   0.37370459 -3.80819167 -3.99735655 -0.25785707  1.11491614],[ 0.34085635  0.17364257  8.53034976 -0.90762389 -0.49850083 -0.89425161],[ 8.92463828  1.47592423  0.771318   -4.8837342   0.2302904  -1.48535342],"[-43.84492623   5.73627412  -0.23678957  -8.38202111  -0.05028512
   1.27969459]","[-2.39531261e-01  1.29514941e-02 -1.10962528e+02 -2.45789943e+01
 -3.52170056e-01  1.06713970e+00]",[ 2.38376481  0.16076699 -8.63647968 22.58733639 -0.1410831   1.2109597 ],[-8.21995837  1.53151728  0.91404217  9.51338857 -0.16596638 -1.18048834],"[-2.19061480e-01  3.36432419e-02  4.35603665e+01  1.15423984e+01
 -4.30068819e-01 -9.64340743e-01]",007,FW
421,0,0.2044385616644556,0,"[ -1.77797977   0.15938479  -9.86461797 -15.53909123  -1.29026676
   0.25459684]",[ 0.44290619  0.10061939 15.71264462 -4.95922758 -1.31911023 -0.02625988],[ 9.50915685  0.19003138 -4.21690016 42.09916503 -0.79067082 -0.7185831 ],"[-46.80269995   1.76922429  -0.88117998 -39.24160213  -1.20246142
   0.40615453]","[-2.46148440e-01  5.32446980e-03 -2.85025293e+02 -6.81585313e+01
 -1.07309422e+00  6.30230880e-01]","[ 2.29991191e+00  5.66311023e-02 -2.75099519e+01  6.52704661e+01
 -1.23121543e+00  4.03635123e-01]",[-7.37522923  0.62413824  2.53155004 20.67076186 -1.29958306 -0.09308612],"[-1.99832631e-01  1.77981785e-02  8.87381760e+01  1.97327832e+01
 -1.31451670e+00 -1.13861850e-01]",007,FW
422,0,0.2978012555267917,0,"[ -1.86567795   0.12762001 -12.19501283 -20.75196657  -1.21761949
   0.41902656]",[ 0.50440018  0.09680568 16.32178711 -6.23271237 -1.31541368 -0.08951888],[ 9.36410684  0.40063963 -3.62027908 35.90068008 -0.8159068  -0.84377478],"[-47.75165242   1.28755178  -1.19583643 -55.10316563  -1.10031286
   0.54859512]","[-2.48461142e-01  2.98336628e-03 -4.35429532e+02 -1.06187319e+02
 -5.34155644e-01  9.85242410e-01]","[ 2.27131053e+00  3.94581155e-02 -3.81385097e+01  8.86243986e+01
 -1.02227152e+00  6.79829691e-01]",[-6.99575927  0.58162285  2.71550671 20.99703125 -1.29719233 -0.11679528],"[-1.89334130e-01  1.60434803e-02  9.82229934e+01  2.05969650e+01
 -1.29788185e+00 -1.99280743e-01]",007,FW
423,0,0.3507096544737786,0,"[ -1.93049899   0.08853899 -17.02438054 -30.86554941  -1.01638778
   0.67902607]",[ 0.56219537  0.08903086 17.71997875 -7.96209004 -1.30409889 -0.16265912],[ 9.05567926  0.64080162 -2.4025859  23.7570473  -1.1341922  -0.53556557],"[-48.40919016   0.83211529  -1.80290904 -85.27736678  -0.9134176
   0.74280253]","[-2.49098018e-01  1.77240591e-03  2.05574731e+02  5.32082582e+01
 -1.49524261e+00  3.45311077e-01]","[ 2.25510121e+00  2.10161316e-02 -5.65514253e+01  1.29529188e+02
 -4.89153215e-01  9.59672858e-01]",[-6.64573373  0.5320552   2.96648521 21.71447081 -1.29347465 -0.14801201],"[-1.80192618e-01  1.35434963e-02  1.15775513e+02  2.28618927e+01
 -1.26193681e+00 -3.11483825e-01]",007,FW
424,0,0.3572343567006453,0,"[-1.96820395e+00  4.75710263e-02 -2.62979006e+01 -4.97596320e+01
 -4.80343383e-01  9.97726495e-01]","[  0.61389332   0.0775801   20.27119625 -10.44435188  -1.27982447
  -0.25271569]",[ 8.59668697  0.86109447 -1.81660458 17.61678093 -1.24240782 -0.35224377],"[ -48.80191255    0.44596607   -3.1174585  -150.13793708   -0.52743776
    1.0266374 ]","[-2.48011719e-01  3.56055209e-03  3.97164353e+02  1.00501414e+02
 -7.49650726e-01  8.86358325e-01]","[ 2.25296302e+00  1.67389740e-02  4.56273143e+01 -1.00796652e+02
 -8.43824912e-01  6.89379040e-01]",[-6.33012164  0.47450886  3.32208444 23.02919858 -1.28635915 -0.19237439],"[-1.72858195e-01  1.04142049e-02  1.48681943e+02  2.77008922e+01
 -1.17528851e+00 -4.79481396e-01]",007,FW
425,0,0.3592961971857309,0,"[-1.97636966e+00  3.15639483e-02  1.81185744e+01  3.78090006e+01
 -1.19034083e+00  4.97951807e-01]","[  0.65735975   0.06305056  24.77789076 -14.2879881   -1.22962691
  -0.37290483]",[ 8.00739631  1.04631838 -1.50417919 14.04455891 -1.28601662 -0.23414951],"[-4.89764367e+01  1.75148701e-01 -4.50211119e+00 -2.18497364e+02
 -5.45209757e-01  9.15689811e-01]","[-2.45304647e-01  5.81842026e-03  2.64263774e+02  6.68251320e+01
 -1.14273747e+00  5.39320934e-01]","[ 2.26562653e+00  3.53823762e-02  4.08585673e+01 -9.05702541e+01
 -8.04960365e-01  8.52067035e-01]",[-6.05463023  0.40769041  3.8565963  25.35026457 -1.27064216 -0.25953315],"[-1.67704834e-01  6.85417711e-03  2.16279496e+02  3.82711170e+01
 -9.23358975e-01 -7.61964952e-01]",007,FW
426,2,0.4371603411975301,1,[-1.95457749  0.06560671 21.82709959 44.66275752 -0.77851311  0.8696012 ],"[  0.69089552   0.04635825  33.16404392 -20.9128893   -1.11646532
  -0.55146103]",[ 7.31313778  1.18896177 -1.32734903 11.70708632 -1.3051014  -0.14983542],"[-4.89898523e+01  1.48405723e-01  8.37166143e+00  4.12126457e+02
 -8.00821606e-01  7.16444578e-01]","[-2.41187025e-01  7.77462202e-03  2.01428319e+02  5.05818971e+01
 -1.25924596e+00  3.31221889e-01]","[ 2.29275907e+00  5.66396515e-02  2.71813636e+01 -6.03203177e+01
 -1.14028243e+00  5.33273441e-01]",[-5.82583578  0.33037506  4.73033585 29.55815981 -1.23155865 -0.36792187],"[-1.65003972e-01  3.42147985e-03  3.10148625e+02  5.31757549e+01
 -4.91360403e-01 -9.22424770e-01]",007,FW
427,2,0.4371603411975301,1,[-1.90436574  0.10617062 14.49005803 29.59437005 -1.13871467  0.53818838],"[ 7.13377766e-01  2.88375741e-02  5.04709662e+01 -3.40048651e+01
 -8.12419258e-01 -8.44235912e-01]",[ 6.54187218  1.28611994 -1.22862643 10.03751709 -1.31276077 -0.08518435],"[-4.88992220e+01  2.32893665e-01  6.67610560e+00  3.28456370e+02
 -1.33050839e+00  3.70020150e-01]","[-2.35928883e-01  9.29956422e-03  1.69413173e+02  4.19694606e+01
 -1.29697223e+00  2.05838314e-01]","[  2.33301448   0.07561547  20.70251291 -46.29926243  -1.25426028
   0.33832826]",[-5.65107394  0.24225323  6.3376323  37.81442873 -1.11971485 -0.55752059],"[-1.64896414e-01  3.20308135e-03 -3.01655293e+02 -4.77418760e+01
 -5.82882095e-01 -8.47259016e-01]",007,FW
428,2,0.39251044119567,1,[-1.82898948  0.1419472  11.02873897 22.17144756 -1.25583083  0.33720893],"[ 7.24361913e-01  1.35239107e-02  6.80308927e+01 -4.72789876e+01
 -5.79027124e-01 -8.57549512e-01]",[ 5.7219207   1.33869801 -1.18097094  8.75742209 -1.31427164 -0.03353245],"[-4.87520070e+01  2.74024989e-01  5.76542377e+00  2.83075980e+02
 -1.35651110e+00  7.18489340e-02]","[-2.29819110e-01  1.03812403e-02  1.52113735e+02  3.69586432e+01
 -1.30995244e+00  1.22787963e-01]","[  2.38426593   0.0907793   17.3508711  -39.3690908   -1.29634613
   0.2121265 ]",[-5.53809005  0.14655946  9.64997179 55.44241276 -0.74182721 -0.89037064],"[-1.67366962e-01  6.50538716e-03 -2.26450714e+02 -3.59003680e+01
 -9.00468002e-01 -7.82864851e-01]",007,FW
429,2,0.2994654904841258,1,[-1.73306348  0.16992423  9.27113943 18.06747317 -1.30038107  0.20624337],"[ 7.24142025e-01  1.39692696e-02 -7.89156569e+01  5.91461436e+01
 -5.33165989e-01 -8.94795367e-01]",[ 4.8799797   1.35077679 -1.17051798  7.71210397 -1.3123111   0.0084883 ],"[-4.85791504e+01  2.84120011e-01  5.56490095e+00  2.72338161e+02
 -1.29467677e+00 -1.12758719e-02]","[-2.23138946e-01  1.10451062e-02  1.43104809e+02  3.39322563e+01
 -1.31438045e+00  6.18105494e-02]","[  2.44397261   0.10167168  15.53052111 -35.95616824  -1.30993692
   0.12617285]",[-5.49445207  0.07381678  4.33100682 25.7965094  -1.5650828  -0.31417343],"[-1.72227642e-01  9.93036552e-03 -1.55903350e+02 -2.48508664e+01
 -1.18505568e+00 -4.76880842e-01]",007,FW
430,2,0.0799560135692787,1,[-1.62214077  0.18868312  8.37104942 15.57902055 -1.31826037  0.10951493],"[ 7.13766345e-01  2.64285995e-02 -5.67739284e+01  4.25233193e+01
 -1.02599560e+00 -6.84491286e-01]",[ 4.03959417  1.3286243  -1.18987067  6.8065946  -1.30857697  0.04293573],"[-4.83920607e+01  2.94919733e-01  5.35694583e+00  2.61233648e+02
 -1.23887151e+00  8.48102472e-02]","[-2.16147266e-01  1.13270467e-02  1.39585221e+02  3.21709640e+01
 -1.31472997e+00  1.25073635e-02]","[  2.50959413   0.10862817  14.54972386 -34.51390156  -1.311067
   0.06846697]","[ -5.52679505   0.13543719  -9.58052841 -50.94961695  -0.4649353
  -1.03366844]","[-1.79115291e-01  1.27524089e-02 -1.23111144e+02 -2.00510884e+01
 -1.28480629e+00 -2.83727189e-01]",007,FW
431,2,0.0102130074179819,1,[-1.50225005  0.19771783  7.99592893 14.01188463 -1.32338622  0.03051961],"[ 6.94995819e-01  3.75254573e-02 -4.15856756e+01  3.09018707e+01
 -1.26184765e+00 -3.74246801e-01]",[ 3.22026312  1.27941261 -1.23531729  5.97804673 -1.30419842  0.07157641],"[-48.18385993   0.33598204   4.67869263 227.43747018  -1.18337449
   0.26974067]","[-2.09067116e-01  1.12792063e-02  1.40171490e+02  3.13052492e+01
 -1.31100387e+00 -2.76351914e-02]","[ 2.57897603e+00  1.12574044e-01  1.40439649e+01 -3.42190487e+01
 -1.30692098e+00  3.37497801e-02]","[ -5.64005596   0.25659037  -5.8538636  -31.01611829  -0.95812596
  -0.71754539]","[-1.87507853e-01  1.46627115e-02 -1.07634603e+02 -1.81823332e+01
 -1.32509190e+00 -1.42596635e-01]",007,FW
432,2,0.0102130074179819,1,[-1.37943079  0.19729414  8.0128045  13.05310922 -1.32052841 -0.03884881],"[  0.67019028   0.04483309 -35.16933473  25.57014643  -1.33387622
  -0.1704617 ]",[ 2.43719742  1.21002998 -1.30572017  5.18229781 -1.29972719  0.09620759],"[-47.93401283   0.42450262   3.67846611 178.32364185  -1.14611329
   0.39704143]","[-2.02063544e-01  1.09981297e-02  1.43731969e+02  3.10429909e+01
 -1.30269022e+00 -5.28474194e-02]","[ 2.65065130e+00  1.14809795e-01  1.37713652e+01 -3.45030872e+01
 -1.30074543e+00  2.01117822e-02]","[ -5.83684771   0.38698548  -3.99731167 -21.33169946  -1.14515627
  -0.49832659]","[-1.96760925e-01  1.54763879e-02 -1.02146839e+02 -1.80985065e+01
 -1.33819067e+00 -2.24416146e-02]",007,FW
433,2,0.2038772825575626,1,[-1.25933138  0.18833988  8.38754861 12.56270313 -1.31177248 -0.1033522 ],"[ 6.42115761e-01  4.75916454e-02 -3.32152266e+01  2.33280205e+01
 -1.35009076e+00 -1.09953662e-02]",[ 1.70156585  1.12641154 -1.40211624  4.3857931  -1.29517691  0.11839414],"[-47.61444018   0.56374241   2.76320247 133.56833878  -1.14862421
   0.4291385 ]","[-1.95213462e-01  1.06483388e-02  1.48455837e+02  3.09805779e+01
 -1.29159979e+00 -5.09893799e-02]","[ 2.72402178e+00  1.16829858e-01  1.35328757e+01 -3.48638483e+01
 -1.29395088e+00  2.69491948e-02]","[ -6.11703603   0.5167202   -3.02565226 -16.50802386  -1.22280381
  -0.36534274]","[-2.06162202e-01  1.51234478e-02 -1.04458812e+02 -1.95354587e+01
 -1.33201467e+00  9.34997488e-02]",007,FW
434,2,0.2038772825575626,1,[-1.14691965  0.17222677  9.1591929  12.50485833 -1.29794438 -0.16776271],"[  0.61367919   0.04573327 -34.5114714   23.17897197  -1.33411574
   0.13639567]",[ 1.02093823  1.03357877 -1.52740651  3.55938769 -1.29025283  0.13887801],"[-47.19508337   0.74954913   2.08090932 100.20868889  -1.17262986
   0.40821202]","[-1.88480865e-01  1.04503105e-02  1.51294217e+02  3.05160648e+01
 -1.28117312e+00 -1.24184103e-02]","[  2.79940909   0.12015607  13.15612093 -34.82936457  -1.287148
   0.05197652]","[ -6.47754225   0.63991091  -2.45543958 -13.90521364  -1.26155627
  -0.27501215]","[-2.14997319e-01  1.36572140e-02 -1.15288380e+02 -2.27866926e+01
 -1.30447276e+00  2.18961705e-01]",007,FW
435,2,0.2038772825575626,1,[-1.04630924  0.15048397 10.45730954 12.94157955 -1.27736141 -0.23910053],"[  0.58761206   0.03979196 -39.43113054  25.17020797  -1.28359959
   0.29411592]",[ 0.39964939  0.93614686 -1.68565286  2.67367014 -1.28476819  0.15705196],"[-46.64758197   0.97606639   1.6018309   76.72153821  -1.1984366
   0.37063371]","[-1.81714268e-01  1.06197294e-02  1.48844299e+02  2.90471328e+01
 -1.27309384e+00  5.50389995e-02]","[  2.87797562   0.12612059  12.52888636 -34.0578295   -1.28087285
   0.08825666]","[ -6.91236906   0.75166751  -2.09608352 -12.4889029   -1.28335921
  -0.20753978]","[-2.22617342e-01  1.12484211e-02 -1.38840155e+02 -2.89082262e+01
 -1.24110410e+00  3.73308844e-01]",007,FW
436,2,0.2038772825575626,1,[-0.96066975  0.12462051 12.57343738 14.07892089 -1.24309858 -0.32779491],"[ 5.66144932e-01  3.08370920e-02 -5.01658614e+01  3.04011482e+01
 -1.17226910e+00  4.88215063e-01]",[-0.16098694  0.83875009 -1.88071302  1.69722977 -1.27914081  0.17100048],"[-45.94681827   1.23827626   1.26545105  60.14344932  -1.21962996
   0.33249863]","[-1.74676568e-01  1.12799271e-02  1.40003955e+02  2.64554104e+01
 -1.26861166e+00  1.22563684e-01]","[  2.9615094    0.13558753  11.64705951 -32.49287616  -1.27641398
   0.12447581]","[ -7.41279164   0.8477167   -1.86159418 -11.79960975  -1.29655492
  -0.15320076]","[-2.28497549e-01  8.16866640e-03 -1.87063123e+02 -4.07434650e+01
 -1.09037296e+00  5.94826668e-01]",007,FW
437,0,0.070542324336297,0,[-0.89315911  0.0949088  16.31508038 16.57196263 -1.17278377 -0.47928968],"[ 5.54201203e-01  1.81274423e-02 -6.58901626e+01  3.85164074e+01
 -7.50037297e-01  6.55879327e-01]",[-0.8477144   1.06684239 -1.44053629  0.77883664 -0.79743156 -0.55860671],"[-44.05319402   3.59592707   0.38279131  18.86317979  -0.10235223
   1.23989843]","[-1.60811746e-01  2.47433772e-02  5.76639686e+01  1.12730435e+01
 -2.68616985e-01  1.10316217e+00]","[  3.13126837   0.30428409   4.67312071 -12.63279505  -0.24899991
   1.11799682]",[-8.35030336  1.65585681 -0.88145668 -5.36043068 -0.40752143 -0.98919791],"[-2.29340089e-01  6.68142569e-03  1.39873042e+01  5.20784959e+00
 -1.49775347e+00  2.95733054e-01]",007,FW
438,0,0.070542324336297,0,[-0.85059161  0.05863287 23.71771853 22.17409239 -0.81598591 -0.80636065],[ 0.54848487  0.00948387 -8.63299224  6.73506561 -1.14293626 -0.38817728],[-1.4566902   1.0906247  -1.41381369 -0.05948854 -1.64146445 -0.15243304],"[-41.85484534   4.68843891   0.31882752  15.34447651  -1.64978811
   0.41745444]","[-1.46284902e-01  2.99917139e-02  5.02403916e+01  9.34941077e+00
 -1.69713348e+00  3.48387738e-01]","[  3.3152123    0.37834204   3.98270572 -11.20351499  -1.66612962
   0.37459604]",[-9.31474117  1.9397487  -0.78297293 -5.29319021 -1.69080424 -0.30382675],"[-2.27067437e-01  9.89626063e-03  1.26098663e+02  3.06329003e+01
 -1.37291835e+00  4.96901932e-01]",007,FW
439,0,0.070542324336297,0,[-0.83000796  0.02851042 21.86598377 20.14894058 -0.79385661 -0.49974273],"[ 5.46526848e-01  7.51255604e-03  1.37838909e+02 -7.33326644e+01
 -9.34761399e-01 -7.02827139e-01]",[-1.99206425  0.98522632 -1.52198131 -1.03188456 -1.64004707  0.41305496],"[-39.36497115   5.1387819    0.29904927  13.77206584  -1.66474051
  -0.17921984]","[-1.31495876e-01  3.03587123e-02  4.98455197e+01  8.55448025e+00
 -1.71070528e+00 -3.08233533e-01]","[  3.51258214   0.39983324   3.83108247 -11.45699187  -1.67663967
  -0.22822527]","[-10.28084949   1.92357271  -0.78745593  -6.09571594  -1.69023118
   0.32452492]","[-2.21979640e-01  1.34325931e-02  1.13376796e+02  2.71673404e+01
 -1.55829396e+00  4.46073165e-02]",007,FW
440,0,0.070542324336297,0,"[-8.26840404e-01  2.28622687e-02 -5.36239753e+01 -4.23384694e+01
 -1.06073411e+00 -4.84532955e-02]",[ 0.54502173  0.00894434 -0.60100534  2.32756097 -1.77402554 -0.32092411],[-2.4565824   0.75603041 -1.8331053  -2.50317422 -0.13478326  1.21717467],"[-36.61428748   4.86331344   0.31271109  13.44969368  -0.71527543
  -0.68571463]","[-1.17084309e-01  2.54163808e-02  5.63108514e+01  8.59311711e+00
 -3.12207462e-01 -1.08881606e+00]","[  3.72107074   0.36363813   4.13052305 -13.36996847  -0.61207745
  -0.79591198]","[-11.22278623   1.60900676  -0.89761071  -8.07369317  -0.3443708
   1.04601172]","[-2.14549612e-01  1.48333270e-02  1.05084481e+02  2.45458346e+01
 -9.91049678e-01 -3.98587647e-01]",007,FW
441,0,0.070542324336297,0,"[-8.35121312e-01  2.78972660e-02 -5.58425546e+01 -4.46353075e+01
 -1.35705551e+00  3.42446946e-01]","[ 5.40225398e-01  1.77551683e-02 -7.79439341e+01  4.41072929e+01
 -5.36146531e-01 -1.02113615e+00]","[ -2.85119298   0.26456182  -5.889458   -14.79198132  -1.20560473
   0.41122639]","[-3.36508127e+01  3.35556504e+00  4.71179659e-01  1.78555785e+01
 -1.31488039e+00  1.61712380e-02]","[-1.03873235e-01  1.04179757e-02  1.47743104e+02  1.73465542e+01
 -1.16514848e+00 -5.23672942e-01]","[  3.93691863   0.22773859   6.94154783 -25.32830898  -1.31532399
  -0.04345339]","[-12.11535976   0.76020466  -2.07179555 -23.10054848  -1.28274802
   0.2172973 ]","[-2.05376001e-01  1.20208139e-02  1.31521932e+02  2.90114485e+01
 -1.32969165e+00 -1.05905626e-02]",007,FW
442,0,0.070542324336297,0,"[-8.46868464e-01  1.85028070e-02 -7.27501591e+01 -5.96098155e+01
 -8.12895939e-01  8.00071394e-01]","[ 5.24937809e-01  3.26505564e-02 -4.60835731e+01  2.61910099e+01
 -9.47943688e-01 -7.18152797e-01]","[ -2.98980002   0.18832656  -8.11105735 -22.25043944  -1.07399387
   0.60346884]","[-3.15567574e+01  3.34032041e+00  4.73305842e-01  1.69359976e+01
 -1.31441636e+00 -2.98964376e-02]","[-9.90696844e-02  6.41634427e-03  2.19172304e+02  2.37133310e+01
 -7.42957564e-01 -8.89487074e-01]","[  4.07604931   0.21756597   7.26192956 -27.59998301  -1.3094514
  -0.09490348]","[-12.55273702   0.64160968  -2.44681339 -28.71420505  -1.25550056
   0.29281187]","[-1.98071501e-01  1.15916764e-02  1.36278299e+02  2.89928472e+01
 -1.32173279e+00 -1.00831093e-01]",007,FW
443,0,0.070542324336297,0,"[-8.48860490e-01  1.47448576e-02  2.96880505e+01  2.72010131e+01
 -1.25075938e+00  5.03737614e-01]","[  0.49967719   0.04936462 -31.29473718  17.63726618  -1.13428972
  -0.51259954]","[ -3.07792915   0.11085767 -12.70822835 -37.11502653  -0.68909194
   0.92522244]","[-29.50466419   3.2227763    0.49036352  16.468011    -1.31116389
  -0.07771075]","[-9.71900780e-02  3.26526473e-03  8.51445452e+01  1.02752050e+01
 -1.58844893e+00 -3.01624058e-01]","[  4.20686911   0.20085779   7.85801889 -31.05765696  -1.29898185
  -0.1468015 ]","[-12.91194267   0.51125545  -3.0532979  -37.4240074   -1.2090939
   0.38890933]","[-1.91237661e-01  1.05071682e-02  1.49979220e+02  3.06816753e+01
 -1.30142902e+00 -1.98035969e-01]",007,FW
444,0,0.3882510590447627,0,"[-8.36526241e-01  3.54383941e-02  3.86593306e+01  3.43395445e+01
 -5.27718701e-01  1.02290586e+00]","[  0.46394439   0.06613796 -23.63161579  12.96375559  -1.22667035
  -0.36827169]","[ -3.11420556   0.0517037   -8.84188956 -25.53546159  -1.33592407
   0.43797149]","[-27.55830839   3.00650588   0.52516102  16.47254928  -1.30434972
  -0.13081503]","[-9.85026306e-02  5.72920044e-03 -2.29542375e+02 -2.06105278e+01
 -5.50043495e-01 -9.82458973e-01]","[  4.32575697   0.17904736   8.8020336  -36.0754582   -1.28415956
  -0.19985862]","[-13.18767133   0.37673233  -4.09689323 -52.02848132  -1.12328992
   0.52316083]","[-1.85258157e-01  8.87065860e-03  1.76722825e+02  3.47393449e+01
 -1.26009366e+00 -3.15688417e-01]",007,FW
445,0,0.4118057794377833,0,[-0.80619967  0.06550574 22.97647764 20.52362861 -0.95142002  0.71529831],"[  0.41821042   0.08137802 -19.32064623  10.08009549  -1.27590338
  -0.25860083]",[-3.09966253  0.07973351 16.20581123 52.23254585 -0.54543932  0.97090421],"[-25.77822177   2.69829169   0.58415335  17.0584345   -1.2914185
  -0.19403292]","[-1.02961299e-01  1.01660194e-02 -1.49428235e+02 -1.33853252e+01
 -1.07395068e+00 -6.26372988e-01]","[  4.43002391   0.15383872  10.22270996 -43.28684957  -1.26417572
  -0.25627109]","[-13.37877794   0.24571828  -6.09662463 -79.56538713  -0.93163357
   0.73747818]","[-1.80445299e-01  6.82001459e-03  2.27107447e+02  4.29804712e+01
 -1.17184989e+00 -4.78512572e-01]",007,FW
446,0,0.4118057794377833,0,[-0.75531476  0.09940247 15.53697219 13.73530448 -1.1256957   0.51762906],"[  0.36382849   0.09376705 -16.82150806   8.12014382  -1.30235337
  -0.17005716]",[-3.03786658  0.14303579 10.61266824 34.23987016 -1.06562339  0.6323457 ],"[-24.21916109   2.3089743    0.68048305  18.48072858  -1.2669608
  -0.27427648]","[-1.10187024e-01  1.40548528e-02 -1.11172295e+02 -1.02497443e+01
 -1.26202168e+00 -3.59846022e-01]","[  4.51803972   0.12695016  12.3504553  -53.79984762  -1.23661515
  -0.3193538 ]","[-1.34876532e+01  1.27891295e-01 -1.01450881e+01 -1.34833430e+02
 -4.46150202e-01  1.04693980e+00]","[-1.77028171e-01  4.53003635e-03  3.29427438e+02  6.03179369e+01
 -9.44480402e-01 -7.39490653e-01]",007,FW
447,0,0.4745159580338832,0,[-0.68246956  0.13477503 11.58178306  9.90421443 -1.20640328  0.39027714],"[  0.30285017   0.1023692  -15.43338412   6.67400306  -1.31548833
  -0.09506363]",[-2.93458801  0.20087924  7.76744828 24.79426057 -1.23536382  0.38557716],"[-22.92727984   1.8550663    0.8416585   21.29693988  -1.21891615
  -0.38351352]","[-1.19483161e-01  1.66839775e-02 -9.45109845e+01 -9.29247118e+00
 -1.33308545e+00 -1.69566063e-01]","[  4.58922913   0.09999368  15.60968025 -69.63639928  -1.19691796
  -0.39338144]","[-13.5191743    0.06783755   4.45804572  62.26909709  -1.58857811
   0.30419186]","[-1.75148551e-01  2.31157772e-03  5.09560745e+02  9.12488258e+01
 -4.29720836e-01 -1.00196837e+00]",007,FW
448,0,0.5558889918844844,0,[-0.58739983  0.16977852  9.24349834  7.42962936 -1.24943554  0.30051992],"[  0.2377923    0.10666162 -14.82232778   5.52463535  -1.32027635
  -0.02852683]",[-2.79710201  0.24732855  6.36161    19.79407211 -1.2895181   0.23950147],"[-21.93687362   1.36006932   1.13144047  26.82026651  -1.11498541
  -0.54644493]","[-1.29879980e-01  1.76187548e-02 -8.97160188e+01 -9.65231470e+00
 -1.35659509e+00 -2.11120370e-03]","[ 4.64399687e+00  7.44343579e-02  2.08241275e+01 -9.47071831e+01
 -1.13715164e+00 -4.84013333e-01]","[-1.34795505e+01  1.34224355e-01  1.05341747e+01  1.43995939e+02
 -7.36645072e-01  8.93218031e-01]","[-1.74865003e-01  1.74198347e-03 -4.44436597e+02 -7.57164069e+01
 -8.60799447e-01 -6.72838398e-01]",007,FW
449,0,0.5558889918844844,0,[-0.47091891  0.20275131  7.76412456  5.65627311 -1.27515547  0.23163409],"[  0.17140071   0.10649336 -14.84538647   4.54450974  -1.31928678
   0.03386272]",[-2.63324069  0.28148964  5.60691072 16.76434544 -1.30645878  0.14652184],"[-21.26730125   0.85685656   1.71596579  38.49396143  -0.84872043
  -0.8144114 ]","[-1.40205679e-01  1.66026346e-02 -9.49251666e+01 -1.13090474e+01
 -1.34097958e+00  1.80734125e-01]","[ 4.68361380e+00  5.15511127e-02  2.97232786e+01 -1.37212358e+02
 -1.04296239e+00 -5.99709913e-01]","[-13.37531683   0.22328234   6.87019762  93.89106993  -1.10751077
   0.56736133]","[-1.76162386e-01  3.64037595e-03 -3.98911359e+02 -6.82731769e+01
 -8.24155803e-01 -8.37715023e-01]",007,FW
450,0,0.5558889918844844,0,[-0.33485253  0.23211447  6.79491375  4.27529409 -1.29173828  0.17459186],"[  0.10643515   0.10201625 -15.486641     3.648323    -1.31316825
   0.09628742]",[-2.45043485  0.3045773   5.18803845 14.71295024 -1.30936387  0.08612451],"[-20.9208624    0.41068771   2.63037259  57.02966293  -0.40404425
  -0.99546036]","[-1.49181742e-01  1.35944851e-02 -1.14203219e+02 -1.50370352e+01
 -1.24527649e+00  4.28938718e-01]","[ 4.71006443e+00  3.23650785e-02  4.63539692e+01 -2.16330182e+02
 -8.85594058e-01 -7.54925777e-01]","[-13.21262078   0.30783454   5.07083414  68.99900851  -1.21665018
   0.38680804]","[-1.78963133e-01  5.81273001e-03 -2.64964718e+02 -4.54189160e+01
 -1.13432776e+00 -5.33057360e-01]",007,FW
451,0,0.7279797379139741,0,[-0.18196866  0.25638236  6.15927595  3.1207952  -1.30263075  0.1244376 ],"[  0.0454801    0.09363633 -16.84871112   2.76628111  -1.30073948
   0.16288373]",[-2.25503245  0.31887305  4.9575764  13.17949564 -1.30767832  0.04771647],"[-20.88214857   0.33213383  -2.80997181 -56.67824887  -0.70089101
  -0.75278595]","[-1.55536716e-01  8.92463960e-03 -1.61106469e+02 -2.30579711e+01
 -8.67758926e-01  8.11356093e-01]","[ 4.72585046e+00  1.75555098e-02  8.15693945e+01 -3.83484760e+02
 -6.02367618e-01 -9.74360176e-01]","[-12.99684739   0.38596947   4.06881711  54.88179504  -1.25613307
   0.28626329]","[-1.83138502e-01  7.82165540e-03 -1.99949798e+02 -3.46185066e+01
 -1.23747333e+00 -3.56572398e-01]",007,FW
452,0,0.7279797379139741,0,[-0.01589517  0.27423919  5.7625942   2.09159741 -1.30955385  0.0782497 ],"[-9.21793603e-03  8.19966001e-02 -1.91922769e+01  1.82308682e+00
 -1.27903719e+00  2.38083316e-01]",[-2.0520695   0.32671254  4.83932153 11.93062413 -1.30602942  0.02286518],"[-21.11910543   0.64703577  -2.2945033  -46.45785713  -0.9728673
  -0.7312873 ]","[-1.58127824e-01  4.75753086e-03 -8.08483823e+01 -1.07843787e+01
 -1.51961755e+00  3.13388194e-01]","[ 4.73375141e+00  7.42177266e-03  1.65595798e+02 -7.81889343e+02
 -1.24994885e-01 -1.24786265e+00]","[-12.73254457   0.45828418   3.43597143  45.74865941  -1.27375956
   0.22454923]","[-1.88520361e-01  9.55914657e-03 -1.64572804e+02 -2.90253244e+01
 -1.27906162e+00 -2.45565082e-01]",007,FW
453,0,0.7279797379139741,0,[ 0.15897996  0.28459569  5.5551275   1.11684608 -1.31360008  0.03366254],"[ -0.05588223   0.0679544  -23.05785372   0.71147571  -1.24242773
   0.3282523 ]","[-1.84548081e+00  3.29614081e-01  4.79691988e+00  1.08526236e+01
 -1.30607451e+00  3.32271455e-03]","[-21.58578971   0.94900186  -1.63996581 -33.39995707  -1.23643327
  -0.41154204]","[-1.56056269e-01  8.73534699e-03  1.45789251e+02  2.47513265e+01
 -4.32390280e-01  1.04626868e+00]","[ 4.73654829e+00  2.19842068e-03  2.86173816e+01 -1.33547610e+02
 -1.55425801e+00 -1.97638951e-01]","[-12.42357999   0.52548325   3.00080908  39.28079168  -1.28352363
   0.18269931]","[-1.94915108e-01  1.09790830e-02 -1.43673531e+02 -2.60041417e+01
 -1.29712005e+00 -1.69092141e-01]",007,FW
454,0,0.7279797379139741,0,[ 0.33762207  0.2865729   5.51722537  0.13726297 -1.31532435 -0.01206428],"[ -0.09329705   0.05251385 -29.59665778  -0.76128086  -1.17800355
   0.44589727]",[-1.6385409   0.32799411  4.82049516  9.89857849 -1.30701582 -0.01722666],"[-22.22665178   1.16879876  -1.34700617 -27.93943713  -1.3107162
  -0.21884745]","[-1.48761109e-01  1.67156743e-02  8.96352998e+01  1.53342466e+01
 -9.53081714e-01  7.26733362e-01]","[ 4.73673173e+00  1.92695601e-03 -7.84855162e+02  3.71964834e+03
 -1.73409903e+00 -1.26753547e-02]","[-12.07349329   0.5876652    2.6856184   34.42479574  -1.29033959
   0.1507504 ]","[-2.02120111e-01  1.20747640e-02 -1.30805077e+02 -2.44383366e+01
 -1.30417299e+00 -1.14321940e-01]",007,FW
455,0,0.7279797379139741,0,[ 0.51446021  0.27944342  5.65622559 -0.90990302 -1.3144644  -0.06255901],"[-1.20845326e-01  3.67306131e-02 -4.15475747e+01 -3.02083021e+00
 -1.04800459e+00  6.19295088e-01]",[-1.43420514  0.32170111  4.91426427  9.0480631  -1.30658764 -0.0403467 ],"[-22.98223002   1.29562405  -1.21941539 -26.02488495  -1.32941971
  -0.0897054 ]","[-1.36079830e-01  2.50867861e-02  6.17188570e+01  1.03986915e+01
 -1.16420154e+00  4.84249896e-01]","[ 4.73624312e+00  1.61324277e-03 -6.83091682e+02  3.23728828e+03
 -9.25680472e-01  5.74707478e-01]","[-11.68601105   0.64400698   2.45216916  30.65607588  -1.29605714
   0.12293009]","[-2.09940496e-01  1.28726707e-02 -1.22772230e+02 -2.37748629e+01
 -1.30590251e+00 -7.51589216e-02]",007,FW
456,0,0.7279797379139741,0,[ 0.68348423  0.26260759  6.01326225 -2.10996991 -1.30942228 -0.12295732],"[-1.38483361e-01  2.17190691e-02 -6.60997902e+01 -7.15372114e+00
 -7.22994582e-01  9.03647064e-01]",[-1.23510087  0.31102638  5.08204263  8.27683529 -1.30307732 -0.06191489],"[-2.37960351e+01  1.33659092e+00 -1.18289586e+00 -2.61482315e+01
 -1.32541335e+00  2.14249388e-03]","[-1.18269898e-01  3.28299801e-02  4.77197925e+01  7.64381497e+00
 -1.25225478e+00  3.27857793e-01]","[ 4.73631499e+00  1.75154622e-03  4.75823372e+02 -2.25164937e+03
 -7.79824782e-01  6.98595772e-01]","[-11.26563295   0.6927216    2.28081007  27.69476909  -1.30125285
   0.09576202]","[-2.18202787e-01  1.34204893e-02 -1.17793410e+02 -2.37028504e+01
 -1.30549751e+00 -4.75675357e-02]",007,FW
457,0,0.7279797379139741,0,[ 0.83834151  0.23564886  6.6868068  -3.6058277  -1.29590351 -0.20152017],"[-1.46653599e-01  9.70973426e-03 -8.57248484e+01 -1.05718576e+01
 -6.64713238e-01  8.12081436e-01]",[-1.04315028  0.29748827  5.31263851  7.54188037 -1.29708097 -0.07411772],"[-24.62187482   1.31256159  -1.20423244 -27.6504603   -1.31072336
   0.06158638]","[-9.59917002e-02  3.92565617e-02  4.01213667e+01  5.85131820e+00
 -1.29478966e+00  2.13792601e-01]","[ 4.73746607e+00  3.30349360e-03  4.46026017e+02 -2.11103312e+03
 -1.03103057e+00  7.05144714e-01]","[-10.81813995   0.73127781   2.16135732  25.38186596  -1.30581806
   0.06727703]","[-2.26762479e-01  1.37708388e-02 -1.14810420e+02 -2.40346954e+01
 -1.30463187e+00 -2.80409280e-02]",007,FW
458,0,0.828840118779563,0,[ 0.97245531  0.19846395  7.89934839 -5.68176331 -1.26220781 -0.31405842],"[-1.46147280e-01  1.07317545e-02  1.08958577e+02  1.79239996e+01
 -5.18107296e-01  9.26309361e-01]",[-0.85902079  0.28386356  5.56793525  6.78297213 -1.29107805 -0.06937004],"[-25.43025378   1.25520581  -1.25898268 -30.01624908  -1.29373632
   0.08255407]",[-0.07025759  0.04383293 36.02625182  4.53111773 -1.31626934  0.12085793],"[ 4.73966853e+00  4.61992406e-03  3.38997942e+02 -1.60473788e+03
 -1.34099333e+00  2.94095786e-01]","[-10.35087144   0.75687832   2.08878139  23.6207076   -1.30924648
   0.03668883]","[-2.35504502e-01  1.39680881e-02 -1.13194685e+02 -2.46578579e+01
 -1.30392309e+00 -1.35719275e-02]",007,FW
459,0,0.828840118779563,0,[ 1.07918784  0.15153568 10.19876873 -9.0063872  -1.16956277 -0.49560726],"[-1.37939476e-01  2.02252120e-02  7.44435557e+01  1.22687051e+01
 -1.01812425e+00  6.79840497e-01]",[-0.68172996  0.27343073  5.78161494  5.9415001  -1.28726733 -0.04492914],"[-26.21217238   1.20149348  -1.31561254 -32.48506277  -1.2808109
   0.05689541]",[-0.04235262  0.04618373 34.22970515  3.44971766 -1.32543358  0.03785052],"[ 4.74264834e+00  5.32944179e-03  2.96447451e+02 -1.40394601e+03
 -1.32604765e+00  8.90629137e-02]","[-9.87266637e+00  7.67114050e-01  2.06112782e+00  2.23488273e+01
 -1.31093436e+00  4.14507816e-03]","[-2.44338116e-01  1.40431293e-02 -1.12591481e+02 -2.55103903e+01
 -1.30343434e+00 -1.95808790e-03]",007,FW
460,0,0.828840118779563,0,"[  1.15208351   0.09698801  15.011692   -15.2947228   -0.86061643
  -0.81388693]","[-1.23030703e-01  2.94328337e-02  5.28530573e+01  8.50254879e+00
 -1.20224241e+00  4.28708886e-01]",[-0.50871482  0.26882264  5.88160199  4.99205807 -1.28623729 -0.00658414],"[-2.69789531e+01  1.18562439e+00 -1.33349370e+00 -3.39762641e+01
 -1.27268841e+00 -1.13475468e-02]","[-1.37310343e-02  4.61188431e-02  3.42768982e+01  2.47065727e+00
 -1.32510598e+00 -4.21869676e-02]","[ 4.74622851e+00  5.87816998e-03  2.68541173e+02 -1.27255777e+03
 -1.22886905e+00  1.34733739e-01]",[-9.39344942  0.76059738  2.0786425  21.52562317 -1.31047263 -0.02963821],"[-2.53190046e-01  1.40156486e-02 -1.12811715e+02 -2.65628034e+01
 -1.30300665e+00  8.06741967e-03]",007,FW
461,0,0.828840118779563,0,"[  1.18522438   0.0478798   14.77764964 -15.51483068  -1.0143415
  -0.57477107]","[-1.02331921e-01  3.75913804e-02  4.17483993e+01  6.27219390e+00
 -1.25567877e+00  2.98541241e-01]",[-0.33640037  0.27112217  5.83126749  3.96164052 -1.28741061  0.03286683],"[-27.75795131   1.2305134   -1.28395194 -33.63987545  -1.26609451
  -0.09574702]","[ 1.41063750e-02  4.36599920e-02  3.61663601e+01  1.48982376e+00
 -1.31512374e+00 -1.24543858e-01]","[ 4.75060681e+00  7.19812528e-03  2.17126366e+02 -1.02948199e+03
 -1.09766027e+00  3.82432558e-01]",[-8.9235305   0.73736123  2.14359723 21.12845523 -1.30775662 -0.06377785],"[-2.62000229e-01  1.39012636e-02 -1.13738064e+02 -2.77993989e+01
 -1.30233213e+00  1.67073904e-02]",007,FW
462,0,0.828840118779563,0,"[  1.17369405   0.07091382 -16.85878795  21.78705918  -0.39358507
  -1.03747853]",[-0.07661589  0.04480744 35.14255396  4.6924782  -1.27675158  0.22403206],[-0.1609215   0.27983452  5.6484801   2.9089619  -1.28920622  0.06277926],"[-28.58571336   1.34331258  -1.17456016 -31.57564002  -1.26105191
  -0.16322444]","[ 3.97434336e-02  3.90495300e-02  4.03334269e+01  3.97011125e-01
 -1.29294491e+00 -2.14701113e-01]","[ 4.75649456e+00  1.02826080e-02  1.49707528e+02 -7.10083045e+02
 -9.91979173e-01  5.79207331e-01]",[-8.4727663   0.69890099  2.26057147 21.15329379 -1.30293206 -0.09751761],"[-2.70722747e-01  1.37211503e-02 -1.15228874e+02 -2.91950773e+01
 -1.30104872e+00  2.28857053e-02]",007,FW
463,0,0.828840118779563,0,"[  1.11410393   0.1413382  -10.52237379  13.72301804  -0.90817455
  -0.76525777]",[-0.04653834  0.05118461 30.81543815  3.4340994  -1.28910803  0.1733967 ],[ 0.02145049  0.2938977   5.37694868  1.88466179 -1.28894313  0.08307609],"[-29.50103982   1.51848764  -1.03795694 -28.62080904  -1.25956055
  -0.20016099]","[ 6.19698885e-02  3.27248931e-02  4.78945789e+01 -9.68021716e-01
 -1.25215350e+00 -3.21032774e-01]","[ 4.76511498e+00  1.58248888e-02  9.67206099e+01 -4.58884827e+02
 -9.80836617e-01  6.26188456e-01]",[-8.04980113  0.64784608  2.43724695 21.61935322 -1.29634638 -0.13052185],"[-2.79331393e-01  1.35104895e-02 -1.17024907e+02 -3.06887304e+01
 -1.29906465e+00  2.44515521e-02]",007,FW
464,0,0.828840118779563,0,[ 1.00509689  0.21795947 -7.08275248  9.11885247 -1.13698808 -0.51662424],"[-1.27146705e-02  5.66607777e-02  2.78660950e+01  2.35430822e+00
 -1.29850685e+00  1.31517107e-01]",[ 0.21435715  0.31304459  5.04668421  0.91820713 -1.2848934   0.10189888],"[-30.5398205    1.74528177  -0.90269312 -25.568086    -1.26122789
  -0.21264611]","[ 7.98718787e-02  2.52567281e-02  6.14468906e+01 -2.90787860e+00
 -1.17543889e+00 -4.60518999e-01]","[ 4.77811700e+00  2.42884837e-02  6.31892405e+01 -2.99925584e+02
 -1.02283800e+00  5.95688068e-01]",[-7.66158863  0.58735945  2.68614491 22.58013732 -1.28839246 -0.1633663 ],"[-2.87826720e-01  1.33203439e-02 -1.18697466e+02 -3.21643022e+01
 -1.29678313e+00  1.92912901e-02]",007,FW
465,0,0.6805592163990783,0,[ 0.84771743  0.29227131 -5.34913565  6.53455555 -1.22936507 -0.36363607],"[ 2.41815079e-02  6.10198717e-02  2.58939602e+01  1.37384500e+00
 -1.30594342e+00  9.17052100e-02]",[ 0.42172544  0.33844325  4.6659596   0.03224612 -1.27830213  0.12561739],"[-31.73209483   2.01294166  -0.78270337 -22.83681758  -1.26510111
  -0.21076633]","[ 9.28769851e-02  1.72826259e-02  8.75678808e+01 -6.13304076e+00
 -1.00625948e+00 -6.71716274e-01]","[ 4.79745779e+00  3.60254000e-02  4.28237534e+01 -2.03445149e+02
 -1.07467260e+00  5.42211772e-01]",[-7.31326661  0.52047282  3.02825623 24.14644518 -1.27900233 -0.19808175],"[-2.96240791e-01  1.32097267e-02 -1.19694320e+02 -3.34583402e+01
 -1.29483118e+00  6.90480714e-03]",007,FW
466,0,0.4429688714068668,0,[ 0.64556483  0.35927527 -4.37651507  4.82532419 -1.27397923 -0.25777644],[ 0.06334159  0.06397386 24.70977338  0.4348436  -1.31129513  0.05124578],[ 0.64814571  0.37208306  4.24165409 -0.74920991 -1.27235713  0.15201947],"[-33.10052925   2.31077366  -0.68205998 -20.57654639  -1.27126537
  -0.19989572]","[ 1.00752299e-01  9.57202400e-03  1.41983915e+02 -1.23052058e+01
 -5.58692409e-01 -9.97294780e-01]","[ 4.82526463e+00  5.12380756e-02  3.02620381e+01 -1.44022342e+02
 -1.12308311e+00  4.84722626e-01]",[-7.0083147   0.44962574  3.5003512  26.53156274 -1.26692118 -0.23837519],"[-3.04636621e-01  1.32307496e-02 -1.19503351e+02 -3.44050971e+01
 -1.29359263e+00 -1.07699604e-02]",007,FW
467,0,0.4429688714068668,0,[ 0.40471371  0.41492918 -3.80076511  3.53822175 -1.29790339 -0.17640497],"[ 1.03794647e-01  6.52489923e-02  2.42317996e+01 -5.15131078e-01
 -1.31421015e+00  8.93143007e-03]",[ 0.89891923  0.41537699  3.79750095 -1.41364663 -1.26984574  0.17291185],"[-34.65889528   2.62473132  -0.60081547 -18.82360034  -1.27985269
  -0.18107896]","[ 1.03565887e-01  4.56961791e-03  2.09541184e+01 -1.70131861e-01
 -1.69416488e+00 -2.67985457e-01]","[ 4.86365488e+00  6.98274966e-02  2.23056153e+01 -1.06486815e+02
 -1.16710486e+00  4.26461809e-01]",[-6.74883802  0.37662024  4.16945826 30.13899839 -1.24895443 -0.2895152 ],"[-3.13101181e-01  1.34151010e-02 -1.17853798e+02 -3.49001634e+01
 -1.29307061e+00 -3.00939737e-02]",007,FW
468,0,0.423238009116285,0,[ 0.13342979  0.45596526 -3.46424657  2.4622337  -1.31116864 -0.10819957],[ 0.14443119  0.06465169 24.45321193 -1.53180644 -1.31418954 -0.03600337],[ 1.17956988  0.46801408  3.36954231 -1.97461061 -1.27179961  0.18162453],"[-36.40948814   2.93418346  -0.53783696 -17.58236843  -1.29014977
  -0.15407673]","[ 1.01626889e-01  8.08904855e-03 -1.68886066e+02  1.91633655e+01
 -6.56581588e-01 -9.30865918e-01]","[  4.91449024   0.09120395  17.14521437 -82.25998865  -1.20693804
   0.36683254]",[-6.53578956  0.30298082  5.16307602 35.74477834 -1.21880049 -0.35850857],"[-3.21733969e-01  1.37695992e-02 -1.14807468e+02 -3.49374622e+01
 -1.29302163e+00 -4.75528279e-02]",007,FW
469,0,0.423238009116285,0,[-0.15828622  0.47996463 -3.2935892   1.47867022 -1.31775581 -0.04671653],[ 0.18406787  0.06211836 25.43851389 -2.68241304 -1.31047455 -0.0841131 ],[ 1.49490323  0.52768284  2.98891208 -2.46813431 -1.27749314  0.17670312],"[-38.3395332    3.21134773  -0.49179256 -16.85509715  -1.30083381
  -0.11896605]","[ 9.54172061e-02  1.37962030e-02 -1.10897760e+02  1.25815544e+01
 -1.10940149e+00 -5.79711865e-01]","[  4.97906788   0.11418094  13.74174189 -66.42106567  -1.24174596
   0.30568304]",[-6.36900366  0.23045523  6.74033387 44.9292111  -1.16400615 -0.45581408],"[-3.30635534e-01  1.42823313e-02 -1.10672891e+02 -3.45923905e+01
 -1.29310131e+00 -6.12994683e-02]",007,FW
470,0,0.423238009116285,0,[-0.45928942  0.48552218 -3.25643066  0.50435586 -1.31907259  0.01201261],[ 0.22154229  0.05775435 27.33557458 -4.05598579 -1.30204907 -0.13553419],[ 1.84796109  0.59050913  2.67206172 -2.93786608 -1.28526621  0.16041395],"[-40.41763499   3.42339069  -0.4616393  -16.65836871  -1.31054375
  -0.07592031]","[ 8.55220079e-02  1.89052002e-02 -8.26783630e+01  9.07081962e+00
 -1.24173300e+00 -3.62488965e-01]","[  5.05779371   0.13702965  11.48256937 -56.07646707  -1.27057056
   0.24359142]",[-6.24704697  0.16135601  9.48613292 61.26031791 -1.05583585 -0.60088765],"[-3.39899555e-01  1.49338833e-02 -1.05833224e+02 -3.39726657e+01
 -1.29307465e+00 -7.13164639e-02]",007,FW
471,0,0.423238009116285,0,[-0.7579814   0.47244033 -3.34528075 -0.53566058 -1.31536832  0.0707225 ],[ 0.25582612  0.05185747 30.40047463 -5.77723538 -1.28791151 -0.18956798],[ 2.23924727  0.65178912  2.42222106 -3.42395189 -1.29333672  0.13619904],"[-4.25917397e+01  3.53615279e+00 -4.47100380e-01 -1.70427830e+01
 -1.31788422e+00 -2.45071060e-02]","[ 7.25613409e-02  2.31136811e-02 -6.80811078e+01  6.94005647e+00
 -1.28342112e+00 -2.38322974e-01]","[  5.14991109   0.15767198  10.00098744 -49.5041961   -1.29310222
   0.18098035]",[-6.16701332  0.0986892  14.90521889 93.92068345 -0.81201586 -0.83391722],"[-3.49608358e-01  1.57045543e-02 -1.00631436e+02 -3.31815910e+01
 -1.29311589e+00 -7.82074657e-02]",007,FW
472,0,0.6946162274112997,0,[-1.04306645  0.44183244 -3.57340863 -1.72730267 -1.30617463  0.13188266],[ 0.28614137  0.04491429 35.03255084 -8.024262   -1.26763769 -0.2440349 ],[ 2.66642425  0.70677725  2.23502322 -3.95952012 -1.30026692  0.10736878],"[-4.47899499e+01  3.51904938e+00 -4.49240598e-01 -1.81214639e+01
 -1.32087698e+00  3.65692492e-02]","[ 5.71267944e-02  2.64566643e-02 -5.96324674e+01  5.40661171e+00
 -1.29664101e+00 -1.63162083e-01]","[  5.25335581   0.17394199   9.0794958  -45.69782202  -1.30950426
   0.1175217 ]","[-6.12445483e+00  4.70409097e-02  2.56422671e+01  1.59044906e+02
 -3.07119539e-01 -1.10775185e+00]","[-3.59828587e-01  1.65710291e-02 -9.53652521e+01 -3.23151439e+01
 -1.29384134e+00 -8.17436460e-02]",007,FW
473,0,0.6946162274112997,0,[-1.3043054   0.39603366 -3.97941145 -3.19036784 -1.29009612  0.19864224],"[ 3.12059487e-01  3.75567617e-02  4.18041304e+01 -1.10453755e+01
 -1.24244242e+00 -2.94163621e-01]",[ 3.12449039  0.75142506  2.10317496 -4.57134995 -1.30519997  0.07672451],"[-46.92483292   3.35089045  -0.47136457 -20.11870353  -1.31644318
   0.10957645]","[ 3.97353258e-02  2.90804116e-02 -5.43111431e+01  4.15807097e+00
 -1.30028083e+00 -1.16661372e-01]","[  5.36478262   0.18386412   8.59723312 -44.12228685  -1.31979839
   0.05212031]","[-6.11362234e+00  2.55884913e-02 -2.31751644e+01 -1.39684203e+02
 -1.30365668e+00 -3.82797332e-01]","[-3.70603956e-01  1.74948286e-02 -9.03308629e+01 -3.14769751e+01
 -1.29580889e+00 -8.05579308e-02]",007,FW
474,0,0.6946162274112997,0,[-1.53316628  0.33832774 -4.64382961 -5.11976295 -1.26383878  0.27606409],"[ 3.33558574e-01  3.04774685e-02  5.14211601e+01 -1.51519688e+01
 -1.21689690e+00 -3.30860088e-01]",[ 3.60633504  0.78293305  2.01914194 -5.28170233 -1.30793076  0.04640205],"[-48.90089425   3.02543073  -0.52086606 -23.47081622  -1.29968265
   0.1987163 ]","[ 2.08152094e-02  3.11409208e-02 -5.07431756e+01  3.05622982e+00
 -1.30189308e+00 -8.62102073e-02]","[ 5.47977153e+00  1.85923502e-01  8.50362656e+00 -4.45979308e+01
 -1.32344806e+00 -1.69179118e-02]","[-6.12804825e+00  4.71341454e-02 -3.12750167e+01 -1.89654811e+02
 -9.85900768e-01 -7.27316198e-01]","[-3.81944971e-01  1.84131660e-02 -8.58332359e+01 -3.07835728e+01
 -1.29892789e+00 -7.32428064e-02]",007,FW
475,0,0.6946162274112997,0,[-1.72329219  0.27259345 -5.73226937 -7.87837505 -1.21945935  0.37335337],"[ 3.51019643e-01  2.43203492e-02  6.44189604e+01 -2.06123204e+01
 -1.20024929e+00 -3.38787920e-01]",[ 4.1034993   0.79994313  1.97650045 -6.11056821 -1.30879988  0.01767409],"[-50.62419919   2.55473991  -0.61371697 -29.06893001  -1.26096721
   0.31301783]","[ 7.28604301e-04  3.27217718e-02 -4.83056942e+01  2.03519574e+00
 -1.30441795e+00 -6.18021278e-02]","[  5.5931914    0.17930679   8.81144424 -47.28409415  -1.31909405
  -0.09199525]","[-6.16134492e+00  6.89824424e-02 -2.26070912e+01 -1.37290087e+02
 -1.25630236e+00 -3.82603182e-01]","[-3.93818383e-01  1.92419654e-02 -8.21478910e+01 -3.03513496e+01
 -1.30244994e+00 -5.95829732e-02]",007,FW
476,0,0.6946162274112997,0,"[ -1.87074561   0.20298526  -7.61341932 -12.2427708   -1.13598979
   0.50909776]","[ 3.65157315e-01  1.95763884e-02  8.02056513e+01 -2.72876803e+01
 -1.20346769e+00 -2.97405618e-01]",[ 4.6069241   0.80229439  1.97074542 -7.07907458 -1.30844039 -0.00926019],"[-52.01269794   1.9694152   -0.7868724  -38.92735623  -1.17504716
   0.4731578 ]","[-2.01801048e-02  3.37933939e-02 -4.67832200e+01  1.05590972e+00
 -1.30803598e+00 -3.59464215e-02]","[  5.6996877    0.16408123   9.61084232 -52.77879974  -1.30390707
  -0.17674546]","[-6.20805280e+00  8.45464903e-02 -1.86283011e+01 -1.13645477e+02
 -1.29660362e+00 -2.14081318e-01]","[-4.06140221e-01  1.98906607e-02 -7.94806860e+01 -3.02803033e+01
 -1.30551411e+00 -4.06664991e-02]",007,FW
477,0,0.6946162274112997,0,"[ -1.97399996   0.1338004  -11.21993392 -20.14814914  -0.94768373
   0.72421385]","[ 3.76892570e-01  1.65021907e-02  9.55191434e+01 -3.40004555e+01
 -1.22732969e+00 -1.95401637e-01]",[ 5.1074852   0.79045297  2.00008171 -8.21538772 -1.30744184 -0.0353776 ],"[-53.00551371   1.31812601  -1.13593852 -58.21100461  -0.95830934
   0.7255074 ]","[-4.15303576e-02  3.42306796e-02 -4.61900905e+01  8.17090234e-02
 -1.31144573e+00 -4.42221299e-03]","[  5.79424678   0.14127286  11.11946309 -62.42891324  -1.27201059
  -0.27712007]","[-6.26440292e+00  9.60357039e-02 -1.64337979e+01 -1.00947932e+02
 -1.28863407e+00 -1.51189995e-01]","[-4.18775345e-01  2.02788171e-02 -7.79675332e+01 -3.06508806e+01
 -1.30763695e+00 -1.79773093e-02]",007,FW
478,0,0.6946162274112997,0,"[ -2.03366429   0.07055981 -18.59137905 -35.8086237   -0.46616741
   1.0400256 ]","[ 3.87183962e-01  1.50519025e-02  1.04999456e+02 -3.86541053e+01
 -1.25553833e+00 -6.21884924e-02]",[ 5.59622364  0.76489571  2.06646363 -9.56439259 -1.30600354 -0.06268696],"[-53.56969369   0.6851671   -1.81037257 -94.98110393  -0.42800126
   1.03243736]","[-6.28669547e-02  3.38718458e-02 -4.66747962e+01 -9.34302296e-01
 -1.31301222e+00  3.43522052e-02]","[  5.87275601   0.11280884  13.81936947 -79.15778508  -1.21047659
  -0.40403938]","[ -6.32884501   0.10711598 -14.73192713 -91.23608351  -1.26841067
  -0.15778459]","[-4.31543584e-01  2.03448573e-02 -7.77159987e+01 -3.15378406e+01
 -1.30873286e+00  7.59058330e-03]",007,FW
479,0,0.63701489089617,0,[-2.05197521  0.03614435  5.90533906 14.11760936 -1.66337842  0.27183397],"[ 3.96844279e-01  1.48356687e-02  1.06562779e+02 -4.02888290e+01
 -1.27909684e+00  3.49321006e-02]","[  6.06434285   0.7257767    2.1769862  -11.20199067  -1.3036523
  -0.09377525]","[-53.70376677   0.42227044   1.32279528  73.03908916  -1.26056898
   0.44388587]","[-8.36509537e-02  3.25812701e-02 -4.85021124e+01 -2.05724796e+00
 -1.31126731e+00  8.10839599e-02]","[ 5.93245906e+00  8.13234978e-02  1.88513532e+01 -1.09834881e+02
 -1.08600303e+00 -5.80383887e-01]","[ -6.40218584   0.1216865  -12.95007631 -80.9087952   -1.24576737
  -0.20587794]","[-4.44230077e-01  2.00460473e-02 -7.88664424e+01 -3.30348458e+01
 -1.30874622e+00  3.60893182e-02]",007,FW
480,0,0.5928576616528753,0,[-2.0321448   0.07003321 20.07075412 42.78667867 -0.72088495  0.90147593],"[ 4.06375314e-01  1.51774089e-02  1.04153820e+02 -4.03255415e+01
 -1.30609809e+00  5.18985186e-02]","[  6.50315518   0.67305353   2.34590389 -13.25577701  -1.29914474
  -0.13127598]","[-53.43819287   0.83188697   1.73844429  94.89932147  -0.86228795
   0.81548499]","[-1.03279745e-01  3.02877837e-02 -5.21218687e+01 -3.38313331e+00
 -1.30458120e+00  1.37492978e-01]","[ 5.97222735e+00  4.99609076e-02  2.92080655e+01 -1.72437207e+02
 -7.94936453e-01 -8.52778873e-01]","[ -6.48726579   0.14290063 -11.00585963 -69.3979366   -1.22906273
  -0.25942669]","[-4.56597996e-01  1.93573511e-02 -8.16502848e+01 -3.52813565e+01
 -1.30723941e+00  6.80989880e-02]",007,FW
481,0,0.7041998028882787,0,[-1.97769337  0.11738785 13.05792716 27.82457595 -1.10240807  0.57344387],"[ 4.15850241e-01  1.52671164e-02  1.03551755e+02 -4.10620224e+01
 -1.33496105e+00 -1.39105181e-02]","[  6.90413126   0.60692586   2.5984214  -15.93984243  -1.29056227
  -0.17790975]","[-52.83298705   1.27780757   1.21282183  66.07700029  -1.2181142
   0.45514151]","[-1.21122646e-01  2.69914150e-02 -5.83676933e+01 -5.06964943e+00
 -1.28997536e+00  2.08345168e-01]","[ 5.99261335e+00  2.32034812e-02  4.62302562e+01 -2.75040051e+02
 -3.51756463e-01 -1.03552647e+00]","[ -6.5882127    0.17218362  -9.12215863 -58.09872137  -1.22643325
  -0.28842503]","[-4.68404407e-01  1.82772347e-02 -8.64325515e+01 -3.84853880e+01
 -1.30329033e+00  1.03813783e-01]",007,FW
482,0,0.7041998028882787,0,[-1.8919225   0.16257041  9.59832824 20.1592932  -1.21247177  0.39245368],"[ 4.24869303e-01  1.43304508e-02  1.10046901e+02 -4.47555503e+01
 -1.34328822e+00 -1.60471203e-01]","[  7.25907883   0.52820529   2.97947764 -19.62826308  -1.27498104
  -0.23786451]","[-51.97271849   1.59590015   0.98613186  53.25195358  -1.32135917
   0.22377932]","[-1.36555286e-01  2.27491911e-02 -6.89559659e+01 -7.41630162e+00
 -1.25964392e+00  3.05009033e-01]","[ 5.99569386e+00  1.69627084e-02 -5.48967367e+01  3.31144027e+02
 -7.92949959e-01 -6.71304705e-01]","[ -6.70937437   0.20871757  -7.52640877 -48.49749412  -1.23869229
  -0.28410793]","[-4.79421062e-01  1.68405457e-02 -9.37347904e+01 -4.29384328e+01
 -1.29591152e+00  1.42146336e-01]",007,FW
483,0,0.7041998028882787,0,[-1.77767053  0.20463439  7.67212838 15.63851657 -1.25319977  0.29234718],"[ 4.32606122e-01  1.18089793e-02  1.31514367e+02 -5.48939202e+01
 -1.26445381e+00 -4.16720420e-01]","[  7.5603638    0.43831975   3.57633187 -25.03836997  -1.246039
  -0.32027661]","[-50.95902839   1.74825758   0.90396727  48.06529387  -1.34932574
   0.05428595]","[-1.48985249e-01  1.76639938e-02 -8.78792960e+01 -1.10927188e+01
 -1.18839387e+00  4.53663575e-01]","[ 5.98474547e+00  3.10290929e-02 -4.84265675e+01  2.91820681e+02
 -1.08986117e+00 -6.44094273e-01]","[ -6.85408161   0.24956242  -6.30284219 -41.2001947   -1.25989617
  -0.25284246]","[-4.89459111e-01  1.51286185e-02 -1.04238024e+02 -4.90202504e+01
 -1.28489071e+00  1.80396315e-01]",007,FW
484,0,0.7041998028882787,0,[-1.63741294  0.24359899  6.46326949 12.58304112 -1.27412685  0.22777682],"[ 4.37939380e-01  7.67393271e-03  1.83175665e+02 -7.82198374e+01
 -8.34992600e-01 -8.22860929e-01]","[  7.80104822   0.33905717   4.58245379 -33.74794299  -1.18447179
  -0.44678019]","[-49.90101098   1.72675947   0.91477561  47.64822765  -1.34197668
  -0.09498632]","[-1.57874415e-01  1.19275525e-02 -1.25620968e+02 -1.78323368e+01
 -9.79651439e-01  7.12066479e-01]","[ 5.96381497e+00  4.22368359e-02 -3.71318239e+01  2.23447327e+02
 -1.32711565e+00 -2.83018955e-01]","[ -7.02347534   0.29017088  -5.4305127  -36.14107204  -1.28334284
  -0.20372543]","[-4.98391888e-01  1.32636872e-02 -1.18764550e+02 -5.71912886e+01
 -1.27150914e+00  2.14875601e-01]",007,FW
485,0,0.7041998028882787,0,[-1.47365241  0.27888329  5.65498118 10.33347667 -1.28865236  0.17763475],[ 0.43964123  0.00469157 -2.16846482  2.95334654 -1.71159222 -0.24544299],"[  7.97489923   0.23281204   6.49531197 -49.79945844  -1.01824543
  -0.66805981]","[-48.90450729   1.54454307   1.01797582  51.78360599  -1.30250667
  -0.25023532]","[-1.62770067e-01  6.19906697e-03 -1.89092404e+02 -2.87785832e+01
 -4.69809233e-01  9.67680835e-01]","[ 5.93724977e+00  4.71378576e-02 -3.35222604e+01  2.01030033e+02
 -1.36667707e+00 -4.68039071e-02]","[ -7.21567614   0.32511129  -4.85509735 -33.03281008  -1.30422375
  -0.14309956]","[-5.06167558e-01  1.13831097e-02 -1.38245886e+02 -6.79755825e+01
 -1.25832637e+00  2.42528708e-01]",007,FW
486,0,0.6385559632565766,0,[-1.28943904  0.30903091  5.10919887  8.58800047 -1.30038289  0.1315989 ],"[ 4.36583866e-01  1.02405874e-02 -1.29669842e+02  5.86117608e+01
 -4.73856354e-01 -1.04365605e+00]","[  8.07637034   0.12677241  10.21503613 -80.50041486  -0.52139149
  -0.98950238]","[-48.06206266   1.23253931   1.26007256  62.56168616  -1.2085554
  -0.44193118]","[-1.63353483e-01  5.02606699e-03  1.59055473e+02  2.79822654e+01
 -7.86305711e-01  7.23233229e-01]","[ 5.90924218e+00  4.58518463e-02 -3.44135807e+01  2.05358183e+02
 -1.34366718e+00  1.41586173e-01]","[ -7.4255002    0.34895446  -4.52880769 -31.62866243  -1.31926796
  -0.07440967]","[-5.12806116e-01  9.60345156e-03 -1.63729989e+02 -8.19617395e+01
 -1.24771064e+00  2.62957532e-01]",007,FW
487,0,0.6533306016654479,0,[-1.08881595  0.33195383  4.76025154  7.18303782 -1.30952444  0.08502189],"[ 4.27924060e-01  1.92236207e-02 -7.81507103e+01  3.54425692e+01
 -9.56410685e-01 -7.18336047e-01]",[ 8.10072072  0.07979897 -5.50833248 46.62146307 -1.36373788 -0.42786931],"[-47.4451159    0.83657577   1.78643443  86.75758852  -0.96721166
  -0.72497654]","[-1.59505247e-01  1.06205092e-02  1.36452611e+02  2.37649073e+01
 -8.12278078e-01  8.46764186e-01]","[ 5.88343340e+00  3.94641606e-02 -3.96764859e+01  2.35433963e+02
 -1.27457741e+00  3.28400807e-01]","[-7.64477086e+00  3.57244795e-01 -4.42565884e+00 -3.18331477e+01
 -1.32614699e+00  8.99703779e-04]","[-5.18381093e-01  7.99261902e-03 -1.96582979e+02 -9.99048997e+01
 -1.24006004e+00  2.79743779e-01]",007,FW
488,0,0.6533306016654479,0,[-0.8770219   0.34548699  4.57595289  6.01321088 -1.31523554  0.03647239],"[ 4.13230049e-01  2.88768978e-02 -5.35815184e+01  2.41414934e+01
 -1.15259846e+00 -4.93931839e-01]",[ 8.04437468  0.17241288 -8.15280893 67.58424969 -0.66959935 -0.937033  ],"[-47.09915888   0.43184106   2.72562367 130.37458237  -0.43382134
  -0.99927539]","[-1.51375438e-01  1.69181852e-02  9.10384890e+01  1.57809912e+01
 -1.14453867e+00  5.28988293e-01]","[ 5.86262224e+00  2.95691667e-02 -5.19039443e+01  3.06293218e+02
 -1.12431095e+00  5.58370070e-01]","[ -7.86314961   0.34734547  -4.549149   -33.77063915  -1.32295589
   0.08328695]","[-5.22991420e-01  6.56241716e-03 -2.39183082e+02 -1.23090700e+02
 -1.23304512e+00  3.00675692e-01]",007,FW
489,0,0.6533306016654479,0,[-0.66037468  0.34800774  4.54321517  5.00022426 -1.31677696 -0.01400754],"[ 3.92532204e-01  3.81841016e-02 -4.09855399e+01  1.80881443e+01
 -1.23894680e+00 -3.46959985e-01]",[ 7.9054943   0.29671886 -5.13733971 42.61320978 -1.05239486 -0.6224565 ],"[ -47.041758      0.3170042    -2.39603646 -110.71376745   -0.9153629
   -0.63064759]","[-1.39436703e-01  2.24115310e-02  6.98934276e+01  1.17457091e+01
 -1.26588797e+00  3.25671268e-01]","[ 5.84861729e+00  1.80866266e-02 -7.90067371e+01  4.64080169e+02
 -7.44881475e-01  8.92103684e-01]","[ -8.06933986   0.31891198  -4.94481316 -37.90137792  -1.30694313
   0.17589473]","[-5.26731557e-01  5.27953673e-03 -2.96682398e+02 -1.54271981e+02
 -1.22108578e+00  3.38587005e-01]",007,FW
490,0,0.6533306016654479,0,[-0.44586221  0.33887175  4.66411311  4.07955179 -1.31381867 -0.0662311 ],"[  0.36630149   0.04641362 -33.90020555  14.41769595  -1.28102872
  -0.24149146]",[ 7.68458322  0.42296203 -3.67775367 30.26200416 -1.18900908 -0.43389854],"[ -47.26253244    0.63589805   -2.29738057 -106.58002388   -0.89392282
   -0.79324723]","[-1.24496081e-01  2.64201496e-02  5.96779978e+01  9.42967686e+00
 -1.31748972e+00  1.77689546e-01]","[ 5.84224949e+00  8.34817775e-03 -8.08048474e+01  4.74082078e+02
 -9.60055419e-01  6.34705146e-01]","[ -8.25245173   0.27389334  -5.73252367 -45.30737486  -1.27163855
   0.28627683]","[-5.29667525e-01  4.08404758e-03 -3.81500285e+02 -2.00068312e+02
 -1.19023768e+00  4.16205631e-01]",007,FW
491,0,0.6533306016654479,0,[-0.24055013  0.31854111  4.95769457  3.19257406 -1.30613265 -0.12066822],"[  0.33537588   0.05304017 -29.74621001  11.97616135  -1.30209676
  -0.16047381]",[ 7.38487766  0.54316321 -2.88678629 23.31856358 -1.24813646 -0.31544271],"[-47.72402024   0.96042111  -1.61561522 -75.10365326  -1.22744208
  -0.44176815]","[-1.07653053e-01  2.84827797e-02  5.54914183e+01  7.97382060e+00
 -1.33755681e+00  5.28558070e-02]","[ 5.84352239e+00  1.08702242e-02  1.13467911e+02 -6.61052279e+02
 -5.24376699e-01  9.52659107e-01]","[ -8.40327379   0.21617279  -7.19579258 -58.46821524  -1.19953026
   0.43057988]","[-5.31823201e-01  2.91028256e-03 -5.26462982e+02 -2.77985228e+02
 -1.09191360e+00  5.80106118e-01]",007,FW
492,0,0.6533306016654479,0,[-0.05094942  0.28845876  5.46694138  2.27853751 -1.2930269  -0.17871854],"[  0.30085862   0.05773855 -27.36363283  10.23258482  -1.31225918
  -0.0946739 ]",[ 7.01237795  0.65212176 -2.4137829  18.92635796 -1.27771732 -0.23270391],"[-48.36323184   1.18183443  -1.33259589 -62.44864421  -1.33695125
  -0.20076533]","[-9.02092729e-02  2.83526739e-02  5.57382010e+01  7.02810258e+00
 -1.33679625e+00 -6.66072930e-02]","[ 5.85184063e+00  1.99080053e-02  7.60173907e+01 -4.42841655e+02
 -1.05327766e+00  6.47989830e-01]","[ -8.51524276   0.1511328  -10.05138452 -83.58997931  -1.03656744
   0.64414441]","[-5.33177766e-01  1.73058186e-03 -8.14088901e+02 -4.32054102e+02
 -7.25540451e-01  8.98802574e-01]",007,FW
493,0,0.659496461460714,0,[ 0.11753864  0.25081547  6.27346936  1.26262493 -1.27279349 -0.24266301],"[  0.26400679   0.06035985 -26.19140858   8.91470968  -1.31616375
  -0.0383128 ]",[ 6.57547929  0.7461062  -2.11413243 15.90143401 -1.29341924 -0.17064232],"[-4.90944626e+01  1.25682835e+00 -1.25747717e+00 -5.97351659e+01
 -1.37010825e+00  4.68943770e-03]","[-7.35470481e-02  2.60166006e-02  6.05663661e+01  6.45447744e+00
 -1.31428060e+00 -1.96249975e-01]","[ 5.86624439e+00  2.82114991e-02  5.52814189e+01 -3.22294314e+02
 -1.23144062e+00  3.92229091e-01]","[-8.58501081e+00  8.59754502e-02 -1.60807811e+01 -1.36053680e+02
 -6.08011059e-01  9.73112157e-01]","[-5.33673772e-01  8.87679167e-04 -2.70838327e+02 -1.42539311e+02
 -1.64525858e+00  2.78381109e-01]",007,FW
494,0,0.659496461460714,0,[ 0.26103417  0.20830969  7.52780842  0.03498476 -1.24219599 -0.31570726],"[ 2.26120692e-01  6.09101611e-02 -2.59576730e+01  7.86956699e+00
 -1.31564635e+00  1.20142182e-02]",[ 6.08421227  0.82300026 -1.91883485 13.6745985  -1.30135681 -0.1224719 ],"[-49.81388377   1.16055011  -1.35467296 -65.48152123  -1.34249826
   0.23504058]","[-5.89959043e-02  2.16923209e-02  7.20553676e+01  6.25097157e+00
 -1.25407573e+00 -3.58491500e-01]","[ 5.88559376e+00  3.48753779e-02  4.51054084e+01 -2.63472110e+02
 -1.28742837e+00  2.44820615e-01]","[-8.61258890e+00  3.92348688e-02 -8.28876511e+00 -6.93877264e+01
 -1.48404263e+00  3.72298078e-01]","[-5.33234364e-01  1.71671178e-03  7.61239248e+02  4.07918926e+02
 -4.60584617e-01  1.04177658e+00]",007,FW
495,0,0.659496461460714,0,[ 0.37741654  0.16390309  9.51612453 -1.59154278 -1.19544642 -0.40275891],"[  0.18844128   0.05954632 -26.54552953   7.00227355  -1.31143093
   0.0576071 ]",[ 5.54924456  0.88251576 -1.79056522 11.9362843  -1.30450566 -0.08521618],"[-50.40627632   0.89012031  -1.7120825  -84.29970351  -1.16077217
   0.56883961]","[-4.77055327e-02  1.58260815e-02  9.64576689e+01  6.60156448e+00
 -1.09565809e+00 -5.96697506e-01]","[ 5.90867035e+00  3.97055693e-02  3.97496884e+01 -2.32867805e+02
 -1.31017789e+00  1.45683231e-01]","[-8.60106507e+00  6.08895310e-02  2.19319301e+01  1.90637958e+02
 -6.48480034e-01  9.19441746e-01]","[-5.31785883e-01  3.25776510e-03  4.60720758e+02  2.47004795e+02
 -9.49546428e-01  7.23936223e-01]",007,FW
496,0,0.659496461460714,0,[ 0.46637161  0.12053191 12.82379553 -3.98065422 -1.12082523 -0.51302033],"[  0.15206242   0.05656878 -27.92860606   6.24689154  -1.3043539
   0.09838497]",[ 4.98099729  0.92592813 -1.70717341 10.50342614 -1.30517776 -0.05695632],"[ -50.75421197    0.50783251   -2.28202388 -113.82232372   -0.61684432
    0.84096597]","[-4.05420805e-02  9.21394862e-03  1.48448579e+02  8.01841424e+00
 -6.30505810e-01 -9.51977913e-01]","[ 5.93419029e+00  4.25512759e-02  3.71437358e+01 -2.18417996e+02
 -1.32215367e+00  6.43967773e-02]","[-8.55592017e+00  1.03168616e-01  1.48570802e+01  1.29115993e+02
 -1.14701533e+00  5.53165836e-01]","[-5.29279451e-01  4.93157720e-03  3.13484862e+02  1.67921096e+02
 -1.14098918e+00  5.04519494e-01]",007,FW
497,0,0.659496461460714,0,[ 0.52923549  0.08078471 18.79505359 -7.94700938 -0.98872746 -0.66689403],"[  0.11786569   0.05238115 -30.14137625   5.55263415  -1.29567887
   0.13410453]",[ 4.3892512   0.95499934 -1.6554788   9.26631229 -1.30553155 -0.0346682 ],"[-50.74946341   0.5173882    1.65498932  85.98982008  -0.58931137
   0.86290529]","[-3.80196703e-02  4.73704545e-03  9.90864773e+00  2.37672352e+00
 -1.71354915e+00 -2.51443498e-01]","[ 5.96075154e+00  4.31598666e-02  3.66307425e+01 -2.16346754e+02
 -1.32874396e+00 -1.82634111e-02]",[-8.48403037  0.13742776 11.40839823 98.78919708 -1.28058941  0.30691263],"[-5.25705681e-01  6.60228987e-03  2.36752471e+02  1.26462119e+02
 -1.22239760e+00  3.68070328e-01]",007,FW
498,0,0.659496461460714,0,"[  0.56864022   0.04670476  30.95757494 -15.60372229  -0.7073477
  -0.90891844]","[  0.0864854    0.04741557 -33.27301154   4.87762974  -1.2865596
   0.16532945]",[ 3.78342576  0.97036492 -1.62939607  8.16469908 -1.30693084 -0.01352606],"[-50.30553848   1.16434177   1.23070658  63.91135726  -0.71822456
   0.90800694]","[-4.02715553e-02  8.79555312e-03 -1.54758131e+02 -4.23235065e+00
 -6.32824608e-01 -9.46676037e-01]","[ 5.98675966e+00  4.11648182e-02  3.83587844e+01 -2.27644823e+02
 -1.32685979e+00 -1.20136365e-01]",[-8.39253243  0.16121421  9.78383095 84.11111854 -1.31050572  0.16792573],"[-5.21100450e-01  8.18310892e-03  1.92012082e+02  1.02057582e+02
 -1.26226396e+00  2.74929737e-01]",007,FW
499,0,0.3938792061744923,0,"[ 5.88006459e-01  2.06078584e-02  5.22162405e+01 -2.87034867e+01
 -2.96398349e-01 -1.07915254e+00]","[  0.05831086   0.0420548  -37.48365804   4.18570425  -1.27748407
   0.19369213]",[ 3.17345789  0.97030452 -1.62949688  7.17113973 -1.30933939  0.01199648],"[-49.36952027   1.9551707    0.78119687  40.56731457  -1.06609692
   0.60781017]","[-4.70621609e-02  1.51003194e-02 -1.01155636e+02 -2.76060281e+00
 -1.10198551e+00 -5.90830836e-01]","[ 6.01037825e+00  3.61721573e-02  4.34312772e+01 -2.59038404e+02
 -1.30008630e+00 -2.66509079e-01]",[-8.28778588  0.17609307  8.97290071 76.36547977 -1.31143722  0.08956409],"[-5.15543569e-01  9.60753604e-03  1.63999646e+02  8.65489626e+01
 -1.28410393e+00  2.06085750e-01]",007,FW
500,0,0.8343039200901131,0,"[ 5.90964678e-01  1.45707141e-02 -6.46279626e+01  4.01928431e+01
 -7.60068052e-01 -6.98097596e-01]","[ 3.35267779e-02  3.65806058e-02 -4.30519095e+01  3.44339181e+00
 -1.26823424e+00  2.21988199e-01]",[ 2.5709401   0.95076513 -1.66270203  6.27470733 -1.31134311  0.04655781],"[-47.93098517   2.74351356   0.56780024  29.21522512  -1.20917366
   0.41269947]","[-5.78394820e-02  2.06832856e-02 -7.55822234e+01 -2.37163665e+00
 -1.25157564e+00 -3.57340070e-01]","[ 6.02953730e+00  2.79627656e-02  5.51032069e+01 -3.30246841e+02
 -1.18495877e+00 -5.07699854e-01]","[-8.17465787e+00  1.84931809e-01  8.54807162e+00  7.18775609e+01
 -1.30547090e+00  5.03118389e-02]","[-5.09153186e-01  1.08215232e-02  1.45837983e+02  7.62538736e+01
 -1.29736317e+00  1.50978821e-01]",007,FW
501,0,0.8343039200901131,0,"[ 5.80809687e-01  2.79755625e-02 -5.34120343e+01  3.30222269e+01
 -9.94161173e-01 -7.07180510e-01]","[ 1.21777385e-02  3.11586863e-02 -5.04785481e+01  2.61471456e+00
 -1.25764118e+00  2.54715853e-01]",[ 1.98995029  0.90672608 -1.7425092   5.46750669 -1.31044511  0.09345087],"[-46.02567675   3.44121413   0.4565245   23.01184898  -1.27620645
   0.27451519]","[-7.18200811e-02  2.49579464e-02 -6.31105460e+01 -2.53260453e+00
 -1.30273812e+00 -2.10148737e-01]","[ 6.04202017e+00  1.71121088e-02  8.02377896e+01 -4.82798343e+02
 -7.24814239e-01 -8.84969683e-01]","[-8.05627451e+00  1.90646186e-01  8.29271378e+00  6.88083787e+01
 -1.30035277e+00  3.61465930e-02]","[-5.02077610e-01  1.17804836e-02  1.34097671e+02  6.93274384e+01
 -1.30543456e+00  1.03871066e-01]",007,FW
502,0,0.8343039200901131,0,"[  0.56010085   0.04151865 -37.43231452  22.96587127  -1.19087218
  -0.44151969]","[-5.77108179e-03  2.58595579e-02 -6.06996736e+01  1.64969722e+00
 -1.24238793e+00  2.98373282e-01]",[ 1.44702117  0.83422856 -1.89151038  4.73705556 -1.30305174  0.15545655],"[-43.73232266   3.98018557   0.39630472  19.33132579  -1.30862195
   0.16706662]","[-8.80917505e-02  2.77388747e-02 -5.69431177e+01 -3.01621892e+00
 -1.31960052e+00 -1.06960617e-01]","[ 6.04564050e+00  1.05224614e-02 -1.49411719e+01  9.23289538e+01
 -1.64219488e+00 -2.93690028e-01]","[-7.93426211e+00  1.95317780e-01  8.09445317e+00  6.62235131e+01
 -1.29846978e+00  3.43689888e-02]","[-4.94484883e-01  1.24553970e-02  1.26902127e+02  6.47511834e+01
 -1.30927944e+00  6.27590417e-02]",007,FW
503,0,0.5674469187895422,0,"[  0.53048886   0.05391461 -29.07010556  17.42136727  -1.23419003
  -0.32589809]","[-2.03971286e-02  2.07082500e-02 -7.55314498e+01  4.59375302e-01
 -1.21557251e+00  3.60997456e-01]",[ 0.96007684  0.73216056 -2.14940456  4.06359353 -1.28364326  0.23682735],"[-41.16288509   4.31610858   0.36612843  17.07090268  -1.32222257
   0.07795608]","[-1.05717986e-01  2.90516059e-02 -5.44189556e+01 -3.75306238e+00
 -1.32168026e+00 -2.93741255e-02]","[ 6.03850227e+00  2.31121183e-02 -5.86233930e+01  3.55997492e+02
 -5.32658646e-01 -1.01431752e+00]","[-7.80939258e+00  1.99679926e-01  7.91769547e+00  6.38323923e+01
 -1.30048639e+00  3.26140284e-02]","[-4.86550310e-01  1.28428769e-02  1.23105251e+02  6.18968983e+01
 -1.30970593e+00  2.78578662e-02]",007,FW
504,0,0.5674469187895422,0,"[  0.49278102   0.06605373 -23.79296883  13.72472356  -1.2495525
  -0.27292161]","[-3.18067922e-02  1.57395099e-02 -9.87116166e+01 -1.13969988e+00
 -1.16454212e+00  4.53567055e-01]",[ 0.54667522  0.60312053 -2.59463309  3.41842162 -1.24141591  0.34727141],"[-3.84487311e+01  4.43088887e+00  3.56825955e-01  1.57195052e+01
 -1.32438606e+00  1.75915800e-04]","[-1.23829403e-01  2.90692975e-02 -5.43863299e+01 -4.73462674e+00
 -1.31672387e+00  3.11462447e-02]","[ 6.01930856e+00  4.21047558e-02 -3.58649151e+01  2.17881990e+02
 -9.92959385e-01 -6.85609930e-01]","[-7.68247224e+00  2.02915836e-01  7.79182550e+00  6.18604831e+01
 -1.30660573e+00  1.93364546e-02]","[-4.78443134e-01  1.29677387e-02  1.21927943e+02  6.03355871e+01
 -1.30811974e+00 -4.15750754e-04]",007,FW
505,0,0.5674469187895422,0,"[  0.44720304   0.07848783 -20.052003    10.96731666  -1.26182856
  -0.2393938 ]","[-4.01359286e-02  1.10298902e-02 -1.38796821e+02 -3.57073930e+00
 -1.05946891e+00  5.98376156e-01]",[ 0.22216522  0.45326705 -3.40664053  2.75683705 -1.14660363  0.51121478],"[-35.7261623    4.32984113   0.36500326  15.0401658   -1.31882821
  -0.07159029]","[-1.41688552e-01  2.80514461e-02 -5.63361678e+01 -5.98219006e+00
 -1.30870088e+00  7.93327184e-02]","[ 5.98766275e+00  6.17170556e-02 -2.51386963e+01  1.52522035e+02
 -1.17941138e+00 -4.61854632e-01]","[-7.55525566e+00  2.02748350e-01  7.79820796e+00  6.09174548e+01
 -1.31545190e+00 -1.54636359e-02]","[-4.70314646e-01  1.28734194e-02  1.22816480e+02  5.97623893e+01
 -1.30593374e+00 -2.27221899e-02]",007,FW
506,0,0.5674469187895422,0,"[  0.39378449   0.0910922  -17.2978323    8.81161805  -1.27560798
  -0.20647046]","[-4.55604867e-02  6.71310342e-03 -2.18036899e+02 -7.93386725e+00
 -8.01363309e-01  8.45349979e-01]","[-1.72484581e-03  2.92364557e-01 -5.05360545e+00  1.99128331e+00
 -8.90698684e-01  7.84671649e-01]","[-33.12413923   4.03515537   0.39117071  14.9571932   -1.30674232
  -0.14280282]","[-1.58719784e-01  2.62781156e-02 -6.01001939e+01 -7.53908978e+00
 -1.29990837e+00  1.19023628e-01]","[ 5.94429323e+00  7.94500778e-02 -1.97413360e+01  1.19348290e+02
 -1.26605261e+00 -3.05817514e-01]",[-7.43112609  0.19594452  8.06457797 61.92889572 -1.32173903 -0.0799263 ],"[-4.62290086e-01  1.26077972e-02  1.25392904e+02  5.99678963e+01
 -1.30378295e+00 -4.05003928e-02]",007,FW
507,0,0.6876070381869153,0,"[  0.33275297   0.10314486 -15.29420765   7.08919295  -1.28991513
  -0.16797502]","[-4.83090244e-02  3.13497148e-03 -3.47549522e+02 -1.47897784e+01
 -3.67258183e-01  1.02598382e+00]",[-0.11764849  0.14335794 -7.39271711  1.13025803 -0.47063318  0.93903608],"[-30.75565      3.57877844   0.44002404  15.53322526  -1.28651049
  -0.22033698]","[-1.74503158e-01  2.39895767e-02 -6.57814693e+01 -9.47907412e+00
 -1.29135218e+00  1.54934795e-01]","[ 5.89113738e+00  9.31855998e-02 -1.69191212e+01  1.01672868e+02
 -1.31033428e+00 -1.81590344e-01]",[-7.31532487  0.17928094  8.7934595  66.32701296 -1.31394221 -0.18254249],"[-4.54465205e-01  1.22154578e-02  1.29406513e+02  6.08107574e+01
 -1.30154814e+00 -5.46840738e-02]",007,FW
508,0,0.6876070381869153,0,"[  0.26480022   0.11362554 -13.89768708   5.68011058  -1.30187461
  -0.12451292]","[-4.86588795e-02  2.42366962e-03  3.80478285e+02  2.05136470e+01
 -7.22736694e-01  7.36792023e-01]",[-0.12285022  0.13277266  7.31907101  2.89914948 -0.5754458   0.85308355],"[-28.71275305   2.99730089   0.52313968  17.02078037  -1.25189909
  -0.31435842]","[-1.88738964e-01  2.13445267e-02 -7.38508562e+01 -1.19385341e+01
 -1.28242910e+00  1.93985981e-01]","[ 5.83125625e+00  1.01196856e-01 -1.56160559e+01  9.30612234e+01
 -1.33125761e+00 -7.15238653e-02]",[-7.21465512  0.15070335 10.38237273 76.90523858 -1.26730487 -0.34043364],"[-4.46906354e-01  1.17389049e-02  1.34646886e+02  6.21745489e+01
 -1.29907688e+00 -6.49550402e-02]",007,FW
509,0,0.6876070381869153,0,"[  0.19114064   0.12161218 -12.99451872   4.48378059  -1.30899605
  -0.08017005]","[-4.69026102e-02  4.79298436e-03  3.09186561e+02  1.65016568e+01
 -9.41483777e-01  7.50345772e-01]",[-0.01911501  0.27181243  5.41626251  2.10353192 -0.8854446   0.79177742],"[-27.06448527   2.32958504   0.66719114  20.05718476  -1.18563483
  -0.44307009]","[-2.01197472e-01  1.84087931e-02 -8.54625764e+01 -1.51948543e+01
 -1.26967143e+00  2.46450775e-01]","[ 5.76859899e+00  1.02322954e-01 -1.54489044e+01  9.11185341e+01
 -1.33563738e+00  3.63284258e-02]","[ -7.13673601   0.11039065  13.80743061 100.53998726  -1.10451314
  -0.59825238]","[-4.39652493e-01  1.12210082e-02  1.40853210e+02  6.39264650e+01
 -1.29675532e+00 -7.04577574e-02]",007,FW
510,0,0.6876070381869153,0,"[  0.11337927   0.12661598 -12.4859126    3.41564366  -1.31088577
  -0.03988154]","[-4.32867843e-02  7.32521899e-03  2.11449975e+02  1.11529895e+01
 -1.16255406e+00  4.80920374e-01]",[ 0.18726564  0.42089196  3.67119628  1.31251107 -1.1590714   0.5014455 ],"[-25.85674649   1.61727627   0.93933949  26.28826314  -1.0331916
  -0.64520394]","[-2.11672281e-01  1.51784568e-02 -1.03230732e+02 -1.98510844e+01
 -1.24339850e+00  3.27871614e-01]","[  5.70765799   0.09606177 -16.42402203  95.74270063  -1.32271392
   0.15489157]","[-7.08897488e+00  6.30382909e-02  2.07070861e+01  1.48792013e+02
 -5.81774100e-01 -9.51527554e-01]","[-4.32719164e-01  1.07003620e-02  1.47705077e+02  6.59148173e+01
 -1.29537985e+00 -7.14721993e-02]",007,FW
511,0,0.6876070381869153,0,"[ 3.32705262e-02  1.28698341e-01 -1.22854769e+01  2.40874428e+00
 -1.30926112e+00 -7.08254384e-03]","[-3.79344718e-02  9.84246680e-03  1.58796009e+02  8.02384271e+00
 -1.19942044e+00  3.75049720e-01]",[ 0.48544168  0.55389655  2.82840954  0.62697214 -1.25615155  0.32659172],"[-25.11349539   0.91630108   1.50330435  39.75322689  -0.60819479
  -0.97028814]","[-2.19951817e-01  1.16318817e-02 -1.33337893e+02 -2.73279118e+01
 -1.17648408e+00  4.65390229e-01]","[ 5.65306040e+00  8.26064826e-02 -1.89838685e+01  1.09316955e+02
 -1.27965562e+00  3.03952318e-01]","[-7.07748292e+00  4.10549115e-02 -1.02494179e+01 -7.05400803e+01
 -1.37731505e+00 -4.19655469e-01]","[-4.26105581e-01  1.02003920e-02  1.54946537e+02  6.80235841e+01
 -1.29546768e+00 -7.04839875e-02]",007,FW
512,0,0.6876070381869153,0,"[ -0.04752261   0.12831346 -12.32210752   1.41442131  -1.30660148
   0.01782523]","[-3.07712432e-02  1.26901345e-02  1.23336379e+02  5.79521371e+00
 -1.19319112e+00  3.55692353e-01]",[ 0.86009109  0.66062148  2.38473427 -0.0510887  -1.29825956  0.2065973 ],"[-24.8389001    0.43859717   0.43485067  12.8012123   -1.64417297
  -0.29269251]","[-2.25815932e-01  7.80932723e-03 -1.91918763e+02 -4.13383144e+01
 -9.74642545e-01  7.14116444e-01]","[ 5.60914481e+00  6.29237143e-02 -2.44809509e+01  1.39317199e+02
 -1.15887926e+00  5.21739869e-01]","[-7.10616766e+00  8.82940190e-02 -1.58782000e+01 -1.10833151e+02
 -6.72117918e-01 -9.35580630e-01]","[-4.19804404e-01  9.72171453e-03  1.62574224e+02  7.02493754e+01
 -1.29664191e+00 -7.12891649e-02]",007,FW
513,0,0.6876070381869153,0,"[ -0.12755463   0.12596876 -12.55034875   0.39914486  -1.30486642
   0.03795223]","[-2.14873591e-02  1.62943710e-02  9.59987187e+01  4.06275894e+00
 -1.18451910e+00  3.66150907e-01]",[ 1.29202015  0.7343735   2.15063203 -0.77865992 -1.3171272   0.11341854],"[-25.02033739   0.77488041  -1.73356835 -41.37446497  -0.59157427
  -0.96550973]","[-2.29055444e-01  4.05929379e-03 -2.93409917e+02 -6.52071390e+01
 -4.61609445e-01  9.81843991e-01]","[ 5.57956374e+00  3.91774209e-02 -3.64517589e+01  2.05384912e+02
 -7.81190580e-01  8.68040793e-01]","[ -7.17615174   0.15031627 -10.15783343 -70.89415403  -1.07818394
  -0.60376342]","[-4.13811681e-01  9.24550508e-03  1.70936699e+02  7.27356026e+01
 -1.29780662e+00 -7.67623365e-02]",007,FW
514,0,0.6903366775829975,0,"[ -0.20554567   0.12188468 -12.96867415  -0.66565479  -1.30483393
   0.05949394]","[-9.56854280e-03  2.09570878e-02  7.46239193e+01  2.71404217e+00
 -1.18894419e+00  3.68706130e-01]",[ 1.75946294  0.77172035  2.04853697 -1.60432489 -1.32293249  0.03539202],"[-25.63190582   1.36946678  -1.11083555 -26.47283218  -1.05970707
  -0.62725753]","[-2.29503525e-01  3.16067757e-03  2.40741454e+02  5.72510123e+01
 -8.47152470e-01  6.90116888e-01]","[ 5.56693618e+00  1.91504934e-02 -2.64370563e+01  1.49173405e+02
 -1.29903130e+00  4.40741269e-01]","[ -7.2855616    0.20933231  -7.45124946 -52.28653692  -1.22431252
  -0.39340198]","[-4.08134559e-01  8.74490781e-03  1.80695233e+02  7.57479690e+01
 -1.29809081e+00 -8.78318144e-02]",007,FW
515,0,0.428867346690747,0,"[ -0.28019085   0.11582198 -13.64229455  -1.82244604  -1.30553425
   0.09044316]","[ 5.59581449e-03  2.67123946e-02  5.86092588e+01  1.67203346e+00
 -1.20831743e+00  3.48781236e-01]",[ 2.2399347   0.77300974  2.04517743 -2.58106389 -1.32014545 -0.03251127],"[-26.63774905   1.94083974  -0.8026636  -19.38115157  -1.2089835
  -0.41203155]","[-2.27064176e-01  6.78172436e-03  2.12742043e+02  5.03060967e+01
 -7.77728619e-01  8.68617239e-01]","[ 5.57257333e+00  3.01004086e-02  4.20936191e+01 -2.32569779e+02
 -4.93998972e-01  9.96426930e-01]","[ -7.42967733   0.25923523  -6.0657981  -43.06692264  -1.28473721
  -0.25366913]","[-4.02796164e-01  8.19367554e-03  1.92799645e+02  7.96589575e+01
 -1.29746049e+00 -1.05049211e-01]",007,FW
516,0,0.4774599352343985,0,"[ -0.34995347   0.10716857 -14.73018996  -3.15488113  -1.30343601
   0.13885241]","[ 2.45502836e-02  3.32786734e-02  4.71452199e+01  8.42571482e-01
 -1.23627568e+00  3.08118199e-01]",[ 2.71233856  0.74229617  2.12852407 -3.7732779  -1.31137193 -0.09257571],"[-27.99471696   2.44996987  -0.64095364 -15.9433156   -1.2639507
  -0.28580582]","[-2.21726300e-01  1.11218185e-02  1.37943087e+02  3.25856103e+01
 -1.09719200e+00  5.71350114e-01]","[ 5.59631201e+00  5.53640948e-02  2.72791950e+01 -1.50662886e+02
 -1.03177891e+00  6.65805900e-01]","[ -7.60141079   0.2962842   -5.32625634 -38.48706241  -1.31123533
  -0.15019967]","[-3.97838287e-01  7.56564675e-03  2.08698903e+02  8.50284141e+01
 -1.29594313e+00 -1.31109421e-01]",007,FW
517,0,0.4806654877912325,0,"[ -0.41297123   0.09526205 -16.53515803  -4.82854449  -1.29148864
   0.21219881]",[ 0.0476015   0.04010339 39.21883796  0.13312433 -1.26512055  0.25389337],[ 3.15899237  0.68661656  2.29881942 -5.26195303 -1.29827148 -0.14533421],"[-29.65431564   2.88329966  -0.54652638 -14.20686581  -1.28860077
  -0.20219127]","[-2.13560435e-01  1.54165516e-02  1.01155394e+02  2.36027900e+01
 -1.20672530e+00  4.01273221e-01]","[ 5.63648331e+00  7.88803253e-02  1.97535992e+01 -1.09340832e+02
 -1.23151980e+00  4.02026298e-01]","[ -7.79203353   0.31843933  -4.96318585 -36.67331051  -1.32144519
  -0.06691594]","[-3.93322236e-01  6.83080241e-03  2.30914436e+02  9.28237822e+01
 -1.29172304e+00 -1.71727986e-01]",007,FW
518,0,0.4806654877912325,0,"[ -0.46714701   0.0798039  -19.63962551  -7.17459231  -1.25677115
   0.31988452]",[ 0.07468262  0.04647071 33.92067544 -0.53328477 -1.28973486  0.19252934],[ 3.5672045   0.61494233  2.56376009 -7.14545652 -1.28244848 -0.18911805],"[-31.56394669   3.23284053  -0.48829089 -13.41238766  -1.30112564
  -0.1406083 ]","[-2.02704682e-01  1.94857036e-02  8.05466217e+01  1.83271774e+01
 -1.25238474e+00  2.97982637e-01]","[  5.69001228   0.09696323  16.23191239 -90.35978087  -1.30568075
   0.22769155]","[-7.99201286e+00  3.25143937e-01 -4.86265992e+00 -3.68624406e+01
 -1.32258164e+00  5.21432639e-03]","[-3.89326896e-01  5.95909136e-03  2.64121945e+02  1.04829777e+02
 -1.27920417e+00 -2.34654989e-01]",007,FW
519,0,0.6664143207534126,0,"[ -0.51041912   0.06118402 -25.30924785 -10.91832393  -1.17030941
   0.48093643]",[ 0.10528476  0.05163322 30.58060367 -1.21967142 -1.30792776  0.12787114],[ 3.93011389  0.53704782  2.93275166 -9.52604802 -1.26662607 -0.2194932 ],"[-33.66761571   3.49273119  -0.45238303 -13.23065802  -1.30791659
  -0.09103337]","[-1.89348996e-01  2.32429253e-02  6.77358281e+01  1.48257110e+01
 -1.27514826e+00  2.28629315e-01]","[  5.75261967   0.10758856  14.68367555 -82.46960087  -1.33553051
   0.09107651]","[ -8.19179819   0.31700612  -4.98538026 -38.83922902  -1.31750048
   0.07258935]","[-3.85942301e-01  4.93477524e-03  3.17456795e+02  1.24520006e+02
 -1.24681116e+00 -3.29956584e-01]",007,FW
520,0,0.7675956575554561,0,"[ -0.54114043   0.04065782 -36.73335116 -17.87790161  -0.94391676
   0.73862935]",[ 0.13846649  0.05493375 28.77260647 -1.98404186 -1.31915974  0.06132491],"[  4.24675608   0.4623607    3.40540602 -12.46192873  -1.25493875
  -0.2293108 ]","[-35.9067799    3.65892397  -0.43204498 -13.51334384  -1.31134001
  -0.0481428 ]","[-1.73722382e-01  2.66272719e-02  5.92282376e+01  1.22892705e+01
 -1.28818895e+00  1.77565960e-01]","[ 5.81910489e+00  1.09476443e-01  1.44387512e+01 -8.20206079e+01
 -1.34214166e+00 -3.62439542e-02]","[ -8.3824617    0.29547844  -5.34223949 -42.78111796  -1.30643111
   0.14076172]","[-3.83258612e-01  3.77169509e-03  4.10811019e+02  1.59446861e+02
 -1.16872571e+00 -4.76598688e-01]",007,FW
521,0,0.55900951112648,0,"[-5.58458115e-01  2.09024170e-02 -5.86148900e+01 -3.07339610e+01
 -4.08597430e-01  1.04026872e+00]","[ 1.72934328e-01  5.58988551e-02  2.82842352e+01 -2.89131521e+00
 -1.32323882e+00 -7.45161548e-03]","[  4.52153549   0.39899079   3.94912753 -15.85612027  -1.25126521
  -0.20933687]","[-3.82220527e+01  3.73050682e+00 -4.23831739e-01 -1.41997190e+01
 -1.31205016e+00 -9.44359649e-03]","[-1.56084647e-01  2.95846342e-02  5.33631202e+01  1.03291638e+01
 -1.29615562e+00  1.37138140e-01]","[  5.88369864   0.10203552  15.45128131 -88.91068277  -1.32549573
  -0.17703551]","[ -8.5561634    0.26260904  -5.99758426 -49.31631096  -1.28733169
   0.21576578]","[-3.81353251e-01  2.52149256e-03  5.94444017e+02  2.28693158e+02
 -9.63013849e-01 -7.20339300e-01]",007,FW
522,0,0.7033486496786656,0,"[-5.62577884e-01  1.28010320e-02  4.59450716e+01  2.78476811e+01
 -1.24054086e+00  4.41082919e-01]",[ 0.20717295  0.05429659 29.10357922 -4.02947432 -1.31958031 -0.08014175],"[  4.76335876   0.35331375   4.46706245 -19.27822106  -1.25558607
  -0.1502588 ]","[-4.05558769e+01  3.71179060e+00 -4.25950739e-01 -1.52748057e+01
 -1.31027637e+00  2.55403135e-02]","[-1.36726046e-01  3.20623952e-02  4.92718168e+01  8.73674069e+00
 -1.30131614e+00  1.03239120e-01]","[ 5.94045714e+00  8.54442881e-02  1.82811611e+01 -1.06598454e+02
 -1.26283488e+00 -3.62978391e-01]","[ -8.7064285    0.22082115  -7.103789   -59.84863098  -1.25466655
   0.30668514]","[-3.80280275e-01  1.31254801e-03  9.40038686e+02  3.59478170e+02
 -4.43082074e-01 -1.01648098e+00]",007,FW
523,0,0.7033486496786656,0,"[-5.54819021e-01  2.45318808e-02  5.94058296e+01  3.49594842e+01
 -9.20983146e-01  7.76324772e-01]",[ 0.23959446  0.0501503  31.45943583 -5.53750641 -1.30664521 -0.16034942],"[  4.98461752   0.33014742   4.78769655 -21.86483613  -1.26070223
  -0.05013594]","[-42.85554555   3.61326763  -0.43747765 -16.74834337  -1.30667171
   0.05640882]","[-1.15977741e-01  3.39960596e-02  4.64895723e+01  7.39175557e+00
 -1.30545702e+00  7.23402840e-02]","[ 5.98365915e+00  6.09311198e-02  2.47638920e+01 -1.46178689e+02
 -1.05482713e+00 -6.55697050e-01]","[ -8.82825424   0.17270148  -9.00819132 -77.52660318  -1.19276157
   0.43151651]","[-3.80064687e-01  8.85690894e-04 -7.09715518e+02 -2.67737806e+02
 -1.09725412e+00 -5.48837433e-01]",007,FW
524,0,0.7033486496786656,0,"[-5.37419364e-01  3.65772185e-02  4.25320617e+01  2.48575535e+01
 -1.25522076e+00  4.07069472e-01]",[ 0.26867649  0.04370406 35.97841394 -7.66655401 -1.2801007  -0.25581412],"[  5.20005051   0.33280909   4.74839763 -22.69190754  -1.25704508
   0.07185046]","[-45.07538841   3.44939521  -0.45812234 -18.65004264  -1.3024429
   0.08359314]","[-9.42317747e-02  3.52831742e-02  4.48065349e+01  6.22219930e+00
 -1.30964343e+00  4.02377166e-02]","[ 6.00817869e+00  3.29075875e-02  3.53806607e+01 -2.10573332e+02
 -5.27286043e-01 -9.18139261e-01]","[  -8.91810546    0.12095745  -12.58446184 -110.22955788   -1.04849579
    0.63020072]","[-3.80701516e-01  1.86877698e-03 -7.68198463e+02 -2.90454319e+02
 -7.70614275e-01 -8.73895652e-01]",007,FW
525,0,0.7033486496786656,0,[-0.51312058  0.04455285 35.37512043 20.15170226 -1.32799919  0.18514601],"[ 2.93069416e-01  3.53578252e-02  4.41494379e+01 -1.09388500e+01
 -1.22620976e+00 -3.83544902e-01]","[  5.42538038   0.36227399   4.35367704 -21.62035398  -1.24716627
   0.17625964]","[-47.17680839   3.23310603  -0.48856816 -21.04908643  -1.29868874
   0.11009376]","[-7.19662297e-02  3.57642132e-02  4.42093419e+01  5.18157965e+00
 -1.31361928e+00  2.50249250e-03]","[ 6.00981415e+00  2.96138003e-02 -2.81018409e+01  1.70886841e+02
 -6.83834665e-01 -7.95623961e-01]","[-8.97384298e+00  6.93285032e-02 -1.99710805e+01 -1.77217340e+02
 -6.32674995e-01  9.56000753e-01]","[-3.82157183e-01  3.05822205e-03 -5.02073990e+02 -1.89871182e+02
 -1.11180020e+00 -5.60683698e-01]",007,FW
526,0,0.7033486496786656,0,[-0.48462623  0.04846333 32.61416355 17.80567903 -1.32831904  0.05617567],"[ 3.11665259e-01  2.56255967e-02  5.97507047e+01 -1.66222188e+01
 -1.09686809e+00 -5.81942445e-01]","[  5.67560773   0.4159018    3.78538939 -19.48438527  -1.24479751
   0.23302443]","[-49.12555273   2.96972464  -0.53154326 -24.11235657  -1.29522586
   0.14244643]","[-4.97679379e-02  3.52356057e-02  4.48648655e+01  4.23283184e+00
 -1.31576512e+00 -4.47511155e-02]","[ 5.98554680e+00  6.50108197e-02 -2.21596534e+01  1.34637642e+02
 -7.53786897e-01 -8.84107883e-01]","[-8.99457993e+00  3.35158033e-02 -6.39522568e+00 -5.55223686e+01
 -1.63174543e+00  2.96866188e-01]","[-3.84370882e-01  4.17820190e-03 -3.73843544e+02 -1.41694573e+02
 -1.22864361e+00 -3.75295468e-01]",007,FW
527,0,0.7033486496786656,0,"[-4.54073397e-01  4.95736843e-02  3.18944219e+01  1.64824085e+01
 -1.30881494e+00 -3.78388884e-03]","[ 3.23632236e-01  1.52814785e-02  9.23108660e+01 -2.78747720e+01
 -7.10761067e-01 -9.10934662e-01]","[  5.96298556   0.48697122   3.23190355 -17.27179417  -1.25613231
   0.24013957]","[-50.88696619   2.65411267  -0.59395108 -28.22436863  -1.28911415
   0.19077983]","[-2.83392385e-02  3.34996185e-02  4.71542770e+01  3.33631630e+00
 -1.31320594e+00 -1.05055825e-01]","[  5.93370212   0.10787957 -14.18925296  86.19480043  -1.07776289
  -0.5916627 ]","[-8.98044698e+00  5.98720639e-02  2.22879347e+01  2.02155616e+02
 -5.61613136e-01  9.82270965e-01]","[-3.87256593e-01  5.15438822e-03 -3.05063951e+02 -1.16138026e+02
 -1.27707370e+00 -2.56384102e-01]",007,FW
528,2,0.8584856243824692,1,"[-4.22677406e-01  4.96859446e-02  3.18223436e+01  1.54505856e+01
 -1.29007022e+00 -2.75030817e-03]","[ 3.28430805e-01  7.36817344e-03  5.30673694e+01 -1.54289588e+01
 -1.45461913e+00 -3.73729252e-01]","[  6.29497219   0.56543927   2.78614333 -15.5386948   -1.27582007
   0.21179714]","[-52.42122935   2.27340026  -0.69124996 -34.23617292  -1.27187824
   0.26959332]","[-8.47506729e-03  3.04305207e-02  5.18121872e+01  2.43911177e+00
 -1.30125571e+00 -1.83056264e-01]","[  5.85400019   0.15115889 -10.30527774  62.32709784  -1.19965065
  -0.41590134]","[-8.93225980e+00  1.08013377e-01  1.40360953e+01  1.27374049e+02
 -1.02653918e+00  6.55380258e-01]","[-3.90707994e-01  5.94766917e-03 -2.65181074e+02 -1.01608365e+02
 -1.29810435e+00 -1.73003179e-01]",007,FW
529,2,0.8584856243824692,1,[-0.39065915  0.05049738 31.3056977  14.22985733 -1.27855083  0.04314316],"[ 3.25833159e-01  1.23448792e-02 -1.05006838e+02  3.62147098e+01
 -5.09797160e-01 -1.00015316e+00]","[  6.67269595   0.63962301   2.46658985 -14.45880412  -1.29586291
   0.1631259 ]","[-53.68098898   1.81490157  -0.85875861 -44.09901174  -1.22011064
   0.40322844]","[ 8.99237062e-03  2.60299101e-02  6.03150596e+01  1.45762463e+00
 -1.27082246e+00 -2.87636851e-01]",[ 5.74749911  0.19203201 -8.17111757 48.963491   -1.25439506 -0.30187267],[-8.8511049   0.15727144  9.8756227  89.41017243 -1.17363235  0.45373062],"[-3.94606362e-01  6.54432129e-03 -2.41352517e+02 -9.32392387e+01
 -1.30640063e+00 -1.12271614e-01]",007,FW
530,2,0.8584856243824692,1,[-0.3574588   0.05305323 29.77812974 12.64445447 -1.27380773  0.10137608],"[ 3.15957212e-01  2.26195675e-02 -6.68250548e+01  2.31138580e+01
 -1.02283824e+00 -6.67649058e-01]","[  7.09042065   0.69828202   2.2622396  -14.04023037  -1.31117552
   0.10453633]","[-54.61300286   1.27823164  -1.18619586 -62.78171794  -1.05372185
   0.64198617]","[ 2.32708032e-02  2.04578042e-02  7.59721892e+01  2.32066133e-01
 -1.19864849e+00 -4.38849191e-01]",[ 5.61644839  0.22855251 -6.89030357 40.69903438 -1.28214739 -0.22054576],[-8.73792383  0.20606328  7.59695895 68.38164869 -1.22510038  0.34634121],"[-3.98828739e-01  6.94899167e-03 -2.27451236e+02 -8.87140896e+01
 -1.30954725e+00 -6.62311283e-02]",007,FW
531,2,0.8584856243824692,1,[-0.32214094  0.05749641 27.45711078 10.84505939 -1.27598705  0.13998582],"[ 2.99306034e-01  3.25552462e-02 -4.77919065e+01  1.63044060e+01
 -1.20920019e+00 -4.24963944e-01]","[  7.5361869    0.73246397   2.1582689  -14.2651178   -1.31984271
   0.04158972]","[-55.16387555   0.70689131  -1.81842221 -98.31121664  -0.53718466
   0.97285843]","[ 3.36898848e-02  1.40580900e-02  1.07249271e+02 -1.61321557e+00
 -1.00675107e+00 -6.83110651e-01]",[ 5.4640749   0.25931068 -6.08494045 35.24857033 -1.29719373 -0.15817981],[-8.59325571  0.25490475  6.16217985 54.95318717 -1.24828229  0.28394883],"[-4.03253552e-01  7.17118555e-03 -2.20468685e+02 -8.69047804e+01
 -1.31126638e+00 -2.76972034e-02]",007,FW
532,2,0.8584856243824692,1,[-0.28384314  0.06320299 24.97389716  9.08866937 -1.28476963  0.14673612],"[  0.27679154   0.04091549 -38.40492236  12.63015759  -1.28286258
  -0.26825928]","[  7.99343451   0.73663684   2.14623974 -15.1558268   -1.32153606
  -0.0237409 ]","[-55.28854322   0.46557002   1.04320066  59.6770446   -1.29149625
   0.46000962]","[ 3.97711530e-02  7.56340579e-03  1.68690868e+02 -4.70903034e+00
 -4.85294156e-01 -1.00731221e+00]",[ 5.29432652  0.28335141 -5.57481899 31.51491202 -1.30544657 -0.10753729],[-8.41729491  0.30420436  5.17310161 45.54352189 -1.26306626  0.24158946],"[-4.07762554e-01  7.21450911e-03 -2.19156575e+02 -8.73638446e+01
 -1.31218944e+00  9.28603750e-03]",007,FW
533,2,0.8584856243824692,1,[-0.24212176  0.06914708 22.83662797  7.52924463 -1.29649165  0.12679447],"[  0.24971811   0.04696237 -33.60136598  10.39086953  -1.31590846
  -0.15084473]","[  8.44316736   0.70900797   2.22843368 -16.81503848  -1.31609175
  -0.09195792]","[-54.95936841   0.99771603   1.41535587  79.78706476  -0.70113047
   0.918265  ]","[ 4.12739232e-02  4.65318075e-03 -1.00645251e+02  6.15402438e+00
 -1.35636706e+00 -4.15538890e-01]",[ 5.11159488  0.30015118 -5.26595653 28.9174364  -1.30949121 -0.06470853],[-8.2102994   0.3533816   4.45900233 38.60974413 -1.27573272  0.20587183],"[-4.12239541e-01  7.07580823e-03 -2.23411322e+02 -9.00989809e+01
 -1.31144269e+00  4.84303136e-02]",007,FW
534,2,0.8584856243824692,1,[-0.19710831  0.07427967 21.27174734  6.19283815 -1.30647916  0.09109481],"[  0.21970668   0.05021291 -31.47900252   8.91614716  -1.32860224
  -0.05222038]","[  8.866205     0.65125552   2.42226873 -19.47633112  -1.302466
  -0.16547291]","[-54.17368142   1.67724938   0.91202395  51.40769518  -1.09078288
   0.58952849]","[ 3.82123123e-02  9.57913156e-03 -1.48525391e+02  7.67549861e+00
 -7.54792031e-01 -8.84121601e-01]",[ 4.92042689  0.30964844 -5.10586501 27.12303548 -1.31055027 -0.02783857],[-7.97321727  0.40060683  3.93759728 33.3953186  -1.28747822  0.17036449],"[-4.16567044e-01  6.74975711e-03 -2.34084604e+02 -9.55119316e+01
 -1.30832738e+00  9.25119521e-02]",007,FW
535,2,0.573304252792051,1,[-0.14947686  0.07780444 20.31762782  5.03701526 -1.31207888  0.04932158],"[  0.1885593    0.05048092 -31.31563604   7.90485451  -1.32774502
   0.03735582]","[  9.24521501   0.5679722    2.76946963 -23.60434217  -1.27761259
  -0.24867021]","[-52.95832151   2.31620853   0.67391383  37.68934548  -1.2301965
   0.38307317]","[ 3.08449923e-02  1.56853587e-02 -9.79496082e+01  5.02125491e+00
 -1.12808918e+00 -5.50316074e-01]","[ 4.72521944e+00  3.12298515e-01 -5.06286472e+00  2.59231468e+01
 -1.30935347e+00  3.54203348e-03]",[-7.70827199  0.44315369  3.56277991 29.46287657 -1.29750495  0.13327233],"[-4.20621873e-01  6.22910022e-03 -2.53376664e+02 -1.04575767e+02
 -1.30215826e+00  1.47012732e-01]",007,FW
536,2,0.573304252792051,1,"[-1.00281421e-01  7.93118065e-02  1.99353278e+01  3.99914299e+00
 -1.31312123e+00  7.92105092e-03]","[  0.15808715   0.04790159 -32.96425537   7.21122515  -1.31572753
   0.12387028]","[  9.56636054   0.46600473   3.35816288 -30.12539683  -1.23448055
  -0.34894223]","[-51.37063436   2.84781314   0.55239697  30.37698267  -1.28953258
   0.24354136]","[ 1.96424764e-02  2.11598436e-02 -7.39301512e+01  3.45217125e+00
 -1.24762168e+00 -3.49870102e-01]",[ 4.52988922  0.30911121 -5.11475072 25.16925416 -1.30646786  0.02882395],[-7.41922273  0.47821329  3.30386803 26.51213282 -1.30456201  0.09572848],"[-4.24270077e-01  5.49914173e-03 -2.86307789e+02 -1.19471828e+02
 -1.28869790e+00  2.24434230e-01]",007,FW
537,2,0.573304252792051,1,[-0.05073683  0.07877668 20.06951277  3.0182634  -1.31072303 -0.02958463],"[  0.12993385   0.04289708 -36.71876705   6.77101059  -1.29221482
   0.21283714]","[  9.82046328   0.353745     4.38070586 -41.02056102  -1.15653531
  -0.47996285]","[-49.4959379    3.22589551   0.4893549   26.22107964  -1.31730974
   0.13535342]","[ 5.23791177e-03  2.55922900e-02 -6.15215623e+01  2.32224452e+00
 -1.29246658e+00 -2.23025180e-01]",[ 4.33753545  0.30163826 -5.24092906 24.73271562 -1.30248747  0.04642129],[-7.11112902  0.5038566   3.1371178  24.30844942 -1.30787472  0.06052339],"[-4.27362921e-01  4.53725595e-03 -3.44758148e+02 -1.45336849e+02
 -1.25015851e+00  3.49687884e-01]",007,FW
538,2,0.573304252792051,1,"[-2.02915883e-03  7.64353075e-02  2.06793586e+01  2.04196170e+00
 -1.30662096e+00 -6.23261337e-02]","[ 1.05428120e-01  3.60911594e-02 -4.34523288e+01  6.58109732e+00
 -1.25331928e+00  3.11554155e-01]","[ 10.0036235    0.24043368   6.30339359 -61.05677621  -0.99882051
  -0.67018248]","[-4.74418407e+01  3.41859693e+00  4.62409894e-01  2.39375765e+01
 -1.32864619e+00  4.11987893e-02]","[-1.16306732e-02  2.88158659e-02 -5.47876738e+01  1.36278247e+00
 -1.31047102e+00 -1.33382039e-01]",[ 4.15014595  0.29188317 -5.41576751 24.47622561 -1.29818794  0.05408186],[-6.78964308  0.51978212  3.0416713  22.65186252 -1.30760549  0.03113245],"[-4.29737055e-01  3.33176819e-03 -4.59399467e+02 -1.95420974e+02
 -1.11931485e+00  5.73002377e-01]",007,FW
539,2,0.573304252792051,1,[ 0.04474983  0.0725476  21.77883031  1.02540103 -1.30316468 -0.09401779],"[ 8.55018167e-02  2.81921170e-02 -5.51820206e+01  6.71816301e+00
 -1.18776047e+00  4.33431632e-01]","[  10.11727484    0.13604208   10.34651677 -102.67855374   -0.62459816
   -0.96690657]","[-45.33020037   3.40950084   0.46361539  23.01577835  -1.3282226
  -0.04925278]","[-3.01768001e-02  3.07856190e-02 -5.13405808e+01  4.50705557e-01
 -1.31685374e+00 -6.43060789e-02]",[ 3.96840617  0.28210946 -5.60359519 24.2373417  -1.29442009  0.04976792],"[-6.46001668e+00  5.27586149e-01  2.99689530e+00  2.13599937e+01
 -1.30475546e+00  1.09239223e-02]","[-4.31222004e-01  1.95392689e-03 -6.93436591e+02 -2.97025116e+02
 -6.51496762e-01  9.28593626e-01]",007,FW
540,2,0.573304252792051,1,[ 0.08849179  0.06708249 23.53360866 -0.08253108 -1.30161655 -0.13706819],"[ 7.06930433e-02  1.98748585e-02 -7.68592078e+01  7.43341130e+00
 -1.05861349e+00  6.10019414e-01]","[ 1.01676613e+01  5.77679200e-02  1.22703932e+01 -1.22761201e+02
 -8.01994412e-01 -7.45676878e-01]","[-43.28769595   3.19887193   0.49338009  23.35728738  -1.31577813
  -0.14467043]","[-4.96115616e-02  3.15327776e-02 -5.01411553e+01 -4.87581018e-01
 -1.31765819e+00 -6.59259346e-03]",[ 3.79166425  0.27453906 -5.75872436 23.83514927 -1.29175906  0.03310771],"[-6.12610320e+00  5.30474672e-01  2.98060970e+00  2.02595226e+01
 -1.30070614e+00  2.39616262e-03]","[-4.31655987e-01  1.15508807e-03  1.60376078e+02  7.12272943e+01
 -1.63521779e+00  2.96500085e-01]",007,FW
541,2,0.573304252792051,1,[ 0.12781447  0.05946042 26.48491358 -1.38515507 -1.29605815 -0.21677027],"[ 6.12205734e-02  1.17644826e-02 -1.21494974e+02  9.43799198e+00
 -7.21964737e-01  9.04460911e-01]","[ 1.01647362e+01  6.35646522e-02 -1.96207049e+01  2.01439289e+02
 -6.45434408e-01 -8.61331532e-01]","[-41.4359423    2.80366662   0.56078967  25.23684843  -1.28576154
  -0.25601136]","[-6.91733351e-02  3.11244141e-02 -5.07904125e+01 -1.51334222e+00
 -1.31536442e+00  4.65092099e-02]","[ 3.61810046e+00  2.70965251e-01 -5.83514032e+00  2.31121239e+01
 -1.29037549e+00  6.95084051e-03]","[-5.78966803e+00  5.32493511e-01  2.96929946e+00  1.91912581e+01
 -1.29679759e+00  6.13083346e-03]","[-4.30907799e-01  2.46095779e-03  5.56388016e+02  2.41751936e+02
 -5.82352109e-01  9.85481753e-01]",007,FW
542,2,0.5930493373084276,1,[ 0.16075849  0.04859352 32.1078358  -3.16160726 -1.25321468 -0.37892921],"[ 5.70944776e-02  5.38072747e-03 -1.22685959e+02  9.00469072e+00
 -1.01433712e+00  6.03876580e-01]","[ 1.01205834e+01  1.08087125e-01 -1.41935861e+01  1.45647372e+02
 -1.18828947e+00 -5.27482633e-01]","[-39.88215326   2.25625911   0.69082668  29.55165554  -1.22054958
  -0.40247175]","[-8.81402621e-02  2.96307586e-02 -5.33153414e+01 -2.69922817e+00
 -1.31025144e+00  1.01383514e-01]",[ 3.445121    0.27235054 -5.80526141 21.99982797 -1.29036563 -0.02216309],[-5.45024743  0.53746097  2.94177016 18.03337522 -1.29407085  0.0195875 ],"[-4.28899676e-01  4.38514429e-03  3.45803915e+02  1.50315187e+02
 -1.02279975e+00  6.57038841e-01]",007,FW
543,2,0.5930493373084276,1,"[ 1.84571110e-01  3.35730920e-02  4.42733697e+01 -6.17158499e+00
 -1.01190850e+00 -7.04493308e-01]","[ 5.82297657e-02  7.64054584e-03  1.61149009e+02 -7.38366905e+00
 -4.44898273e-01  1.01269277e+00]","[ 10.04761338   0.14013954 -11.2193874  114.72806695  -1.31699721
  -0.24453549]","[-38.71146534   1.60357138   0.94920275  38.74502947  -1.06160412
  -0.62459467]","[-1.05830291e-01  2.71105844e-02 -5.81892182e+01 -4.15818186e+00
 -1.30035703e+00  1.65334412e-01]",[ 3.26993207  0.27853033 -5.67575675 20.55933898 -1.29204591 -0.04591367],[-5.10561569  0.54787843  2.88561091 16.73282035 -1.2931538   0.03694404],"[-4.25626141e-01  6.33855390e-03  2.45143541e+02  1.06339499e+02
 -1.18758816e+00  4.45049116e-01]",007,FW
544,2,0.5262074076455245,1,"[ 1.95694778e-01  1.79320638e-02  4.25802249e+01 -6.33272767e+00
 -1.03683615e+00 -5.21380206e-01]","[ 6.45357781e-02  1.48178401e-02  1.01053904e+02 -4.52159233e+00
 -9.45310357e-01  7.31188688e-01]","[ 9.95685926e+00  1.57565350e-01 -1.00262425e+01  1.01829886e+02
 -1.32676782e+00 -9.51114496e-02]","[-37.9818443    0.91775844   1.49100831  58.6312455   -0.610233
  -0.96585999]","[-1.21596909e-01  2.36171491e-02 -6.66013526e+01 -6.09851860e+00
 -1.28003269e+00  2.48663060e-01]",[ 3.09019319  0.28815332 -5.4856956  18.95185921 -1.29566293 -0.05768023],[-4.75273834  0.56416133  2.80205542 15.31743626 -1.29429939  0.05102926],"[-4.21166782e-01  8.12298266e-03  1.93120129e+02  8.33357833e+01
 -1.26125015e+00  3.04449182e-01]",007,FW
545,2,0.5262074076455245,1,"[ 1.90025795e-01  2.93361697e-02 -3.93347637e+01  9.47461976e+00
 -2.97250838e-01 -1.09634486e+00]","[ 7.59562058e-02  2.25874965e-02  6.84291767e+01 -3.19762063e+00
 -1.13556005e+00  5.07927115e-01]","[ 9.85667645e+00  1.64732138e-01 -9.59763887e+00  9.66008210e+01
 -1.31218479e+00 -2.43017136e-02]","[-37.72212514   0.45811368   0.18275537   8.89392112  -1.70422728
  -0.25989468]","[-1.34828828e-01  1.92204155e-02 -8.12916986e+01 -8.96046446e+00
 -1.23392007e+00  3.69851354e-01]",[ 2.90462676  0.29890722 -5.28846516 17.36101742 -1.30085757 -0.05470137],[-4.3889674   0.58448144  2.70451937 13.87004733 -1.29735427  0.05626797],"[-4.15693078e-01  9.57603641e-03  1.64577271e+02  7.04136323e+01
 -1.30057764e+00  1.95796046e-01]",007,FW
546,2,0.6436819079956445,1,"[  0.16343646   0.06289152 -23.27153596   5.80341738  -0.78876648
  -0.8529778 ]","[ 9.24471169e-02  3.04650993e-02  5.12687475e+01 -2.73964789e+00
 -1.21004628e+00  3.81445687e-01]","[ 9.75207714e+00  1.67228318e-01 -9.45489293e+00  9.42048453e+01
 -1.29677427e+00 -9.28328383e-03]","[-37.93316981   0.84164783  -1.6131121  -59.19045522  -0.61905344
  -0.95388299]","[-1.44959154e-01  1.40480676e-02 -1.09137114e+02 -1.38204237e+01
 -1.11123354e+00  5.68799173e-01]",[ 2.7134645   0.30795207 -5.13376057 15.93027708 -1.30655762 -0.03756031],[-4.0131563   0.60528409  2.61169362 12.4811347  -1.30157702  0.0504289 ],"[-4.09468334e-01  1.05470996e-02  1.49777303e+02  6.33290627e+01
 -1.32263609e+00  9.97168851e-02]",007,FW
547,2,0.6436819079956445,1,"[  0.11246355   0.10348108 -14.78174713   3.6624077   -1.05716195
  -0.60405781]","[ 1.13904479e-01  3.82137537e-02  4.10769337e+01 -2.67884671e+00
 -1.25032037e+00  2.96273321e-01]","[ 9.64474033e+00  1.70177776e-01 -9.29006601e+00  9.16002744e+01
 -1.28546600e+00 -3.49076286e-02]","[-38.59128248   1.46317934  -1.0421062  -38.21621473  -1.08019845
  -0.60841113]","[-1.51482848e-01  8.42187470e-03 -1.67052564e+02 -2.33055981e+01
 -7.18053656e-01  9.04877436e-01]","[ 2.51863557e+00  3.12427828e-01 -5.06072745e+00  1.47461282e+01
 -1.31127969e+00 -8.40398742e-03]",[-3.62638137  0.62226953  2.54067222 11.2134464  -1.3057161   0.03442774],"[-4.02838851e-01  1.09084970e-02  1.44932060e+02  6.03842643e+01
 -1.33217037e+00  5.00126007e-03]",007,FW
548,2,0.7035126049821852,1,"[  0.03499404   0.14677193 -10.5937247    2.37071723  -1.18114946
  -0.44098815]",[ 0.14006745  0.04547407 34.62276735 -2.84952265 -1.2779208   0.22716957],"[ 9.53353354e+00  1.77451078e-01 -8.90513527e+00  8.68974057e+01
 -1.27637158e+00 -8.39300081e-02]","[-39.65257284   2.04036733  -0.76475466 -28.32448987  -1.22782579
  -0.38779539]","[-1.53974445e-01  4.22374219e-03 -6.70009845e+01 -8.31643938e+00
 -1.59443933e+00  3.04626237e-01]",[ 2.32365613  0.30993183 -5.10109755 13.85319661 -1.31346531  0.03047667],[-3.23210399  0.63147351  2.50384733 10.09269496 -1.30854356  0.01098546],"[-3.96215939e-01  1.05734162e-02  1.49402806e+02  6.11957730e+01
 -1.32865663e+00 -9.79138284e-02]",007,FW
549,2,0.3727260128349933,1,[-0.06921594  0.18901087 -8.29278466  1.42600714 -1.24778235 -0.32142732],[ 0.17042392  0.05173369 30.49588414 -3.19722801 -1.29838877  0.16311772],[ 9.41533961  0.19141784 -8.24783163 79.65613582 -1.26836305 -0.13693565],"[-41.05733747   2.52328157  -0.62324494 -23.58877772  -1.28281969
  -0.25214775]","[-1.52098146e-01  7.77767092e-03  1.68133146e+02  2.75727397e+01
 -4.83542890e-01  1.02503708e+00]",[ 2.13325154  0.29889657 -5.28723352 13.27899906 -1.31167682  0.07737804],[-2.83582029  0.63007014  2.50938671  9.11616976 -1.30941939 -0.01693295],"[-3.90050507e-01  9.50924744e-03  1.65546212e+02  6.65713837e+01
 -1.30544032e+00 -2.23030886e-01]",007,FW
550,2,0.4019320900342861,1,[-0.19829326  0.22650981 -6.95071486  0.62172012 -1.28576587 -0.2259092 ],[ 0.20414595  0.05640835 28.00649224 -3.71741208 -1.3125728   0.09983556],[ 9.28602756  0.21290622 -7.40807928 70.79162838 -1.26412156 -0.17690459],"[-42.7340542    2.88941737  -0.54608774 -21.33654288  -1.30698075
  -0.15627155]","[-1.45608213e-01  1.46385636e-02  1.02756803e+02  1.69622345e+01
 -9.64135418e-01  7.10439157e-01]",[ 1.9527891   0.27881964 -5.66270303 13.05806478 -1.30453698  0.13154048],[-2.44440007  0.61664859  2.5635995   8.26646279 -1.30837797 -0.04735632],"[-3.84802938e-01  7.74474906e-03  2.01210136e+02  7.94262514e+01
 -1.23696861e+00 -3.98788132e-01]",007,FW
551,2,0.7606052209887882,1,[-0.348312    0.25607498 -6.16355311 -0.14683954 -1.30699179 -0.14533769],[ 0.24008323  0.05897379 26.80700444 -4.43591215 -1.32028003  0.03587396],[ 9.14141314  0.24120626 -6.53543472 61.74310884 -1.26643049 -0.19451869],"[-44.60285421   3.12526983  -0.50563384 -20.55271256  -1.31767508
  -0.08001436]","[-1.34342905e-01  2.20873724e-02  7.00241085e+01  1.14072422e+01
 -1.13857327e+00  5.01860241e-01]",[ 1.78761083  0.25032816 -6.29681169 13.25624877 -1.29033152  0.19329256],[-2.06535891  0.59098301  2.6740389   7.52285006 -1.30567871 -0.07991626],"[-3.80911362e-01  5.39180987e-03  2.78535440e+02  1.08097314e+02
 -1.01865329e+00 -6.86232655e-01]",007,FW
552,2,0.7606052209887882,1,[-0.51364371  0.27538318 -5.73876442 -0.94768022 -1.31758227 -0.0744208 ],[ 0.27682752  0.05908665 26.75662935 -5.40697136 -1.32127229 -0.02956367],[ 8.9780786   0.27425885 -5.74849336 53.6104252  -1.27433584 -0.19001658],"[-4.65785827e+01  3.22391033e+00 -4.90415193e-01 -2.08428446e+01
 -1.32094523e+00 -1.32456090e-02]","[-1.18219049e-01  2.97214303e-02  5.25561640e+01  8.21313975e+00
 -1.20973865e+00  3.80397371e-01]",[ 1.64235931  0.21509106 -7.30869597 14.00350485 -1.26642732  0.26404477],[-1.70626275  0.55355542  2.8532112   6.86832799 -1.3012302  -0.11585836],"[-3.78760658e-01  2.84713996e-03  3.97645300e+02  1.52612396e+02
 -5.16281439e-01 -9.16155944e-01]",007,FW
553,2,0.7606052209887882,1,[-0.68750891  0.28314168 -5.58401451 -1.83905973 -1.32083135 -0.00923792],[ 0.31283799  0.05665699 27.88427781 -6.72326145 -1.31510385 -0.09764695],[ 8.79398501  0.30915822 -5.10249183 46.87123661 -1.28436754 -0.16973329],"[-48.57360762   3.18405092  -0.49645642 -22.11467921  -1.31911644
   0.05098827]","[-9.72370796e-02  3.73456529e-02  4.20243603e+01  6.08632607e+00
 -1.24629457e+00  3.00321699e-01]",[ 1.52039695  0.17560157 -8.91430268 15.55327861 -1.22858397  0.34642887],[-1.37438075  0.50510881  3.1239229   6.29345951 -1.29422138 -0.15801164],"[-3.78652993e-01  2.62947077e-03 -3.34488792e+02 -1.24655182e+02
 -6.30803059e-01 -8.24613279e-01]",007,FW
554,2,0.7606052209887882,1,[-0.86262421  0.27909117 -5.66379528 -2.88572694 -1.3181187   0.05339638],[ 0.34660135  0.05186857 30.40989757 -8.54011169 -1.30056669 -0.17018699],[ 8.58885314  0.3427729  -4.60541816 41.55526024 -1.29381996 -0.14066623],"[-50.50030344   3.00840435  -0.5249323  -24.50924067  -1.3121114
   0.11983624]",[-0.07150458  0.04475028 35.16599894  4.51452983 -1.26899516  0.24040175],"[  1.42340272   0.13485226 -11.52956028  18.41120746  -1.16954532
   0.44502246]",[-1.07657957  0.44637978  3.52915169  5.79941262 -1.28251062 -0.21141589],"[-3.80780473e-01  5.65290048e-03 -2.56541760e+02 -9.56860927e+01
 -7.94842844e-01 -8.56809754e-01]",007,FW
555,2,0.7606052209887882,1,[-1.03183835  0.26392948 -5.98397269 -4.17449251 -1.30960193  0.11618297],"[  0.37679326   0.04515389  34.83507509 -11.12562135  -1.27525905
  -0.24983625]",[ 8.36433223  0.37211202 -4.24514613 37.5078126  -1.30201983 -0.10686632],"[-52.27316152   2.70236966  -0.58306319 -28.47855615  -1.29633418
   0.20291433]",[-0.04127887  0.05165323 30.5208376   3.25986556 -1.28533812  0.18987736],"[  1.35119067   0.09593961 -16.02314465  23.65032357  -1.07546123
   0.56795647]",[-0.81932801  0.37806332  4.15393749  5.40343732 -1.26058503 -0.28507645],"[-3.85201967e-01  9.15467791e-03 -1.67783127e+02 -6.26303907e+01
 -1.11071013e+00 -5.59300564e-01]",007,FW
556,2,0.6106957370608573,1,[-1.18865412  0.23913614 -6.59369431 -5.83762193 -1.29470785  0.18232078],"[ 4.02403786e-01  3.71233017e-02  4.21761836e+01 -1.49718560e+01
 -1.23475357e+00 -3.41508309e-01]",[ 8.1240537   0.39425629 -4.00885653 34.56816575 -1.3094057  -0.06853986],"[-53.81089353   2.27476274  -0.68913945 -35.08320944  -1.26052164
   0.31567453]","[-7.02097021e-03  5.76816152e-02  2.73659634e+01  2.19213561e+00
 -1.29822529e+00  1.42593687e-01]","[  1.30176529   0.06166032 -24.41648175  33.78452854  -0.91744915
   0.72973125]",[-0.60867226  0.30101932  5.18192882  5.15409635 -1.21344481 -0.39628422],"[-3.91827131e-01  1.24866790e-02 -1.25089799e+02 -4.70135769e+01
 -1.23004524e+00 -3.75207438e-01]",007,FW
557,2,0.6106957370608573,1,[-1.32755491  0.20663758 -7.60950328 -8.10203344 -1.27129927  0.25794546],"[ 4.22798712e-01  2.84515223e-02  5.45821887e+01 -2.10772791e+01
 -1.16818947e+00 -4.57002783e-01]","[ 7.87369225e+00  4.06058658e-01 -3.89361066e+00  3.26570921e+01
 -1.31601426e+00 -2.29261019e-02]","[-55.0391665    1.74146727  -0.88834581 -46.89381304  -1.17048099
   0.48813912]",[ 0.0305509   0.06237977 25.32812149  1.22620314 -1.30860388  0.09456441],"[ 1.27160706e+00  3.41738874e-02 -4.20937313e+01  5.55266858e+01
 -6.33217964e-01  9.54366701e-01]",[-0.45013706  0.21678971  7.06400351  5.17976979 -1.09326083 -0.58254824],"[-4.00409535e-01  1.53369702e-02 -1.02557653e+02 -3.90650622e+01
 -1.28487801e+00 -2.47580674e-01]",007,FW
558,2,0.6106957370608573,1,"[ -1.44409551   0.16836168  -9.29022832 -11.41597699  -1.23132701
   0.35684625]","[ 4.37708462e-01  1.97579279e-02  7.71786649e+01 -3.17817547e+01
 -1.03942210e+00 -6.26424878e-01]",[ 7.62105876  0.4040329  -3.91285638 31.8201084  -1.32035694  0.03448272],"[-55.89436869   1.1346458   -1.30004024 -70.66492828  -0.90163777
   0.78042409]",[ 0.07042154  0.06524248 24.23055498  0.2936471  -1.31637879  0.04271263],"[ 1.25614264e+00  1.48071587e-02 -8.43269820e+01  1.07926718e+02
 -1.49105807e-01  1.23765645e+00]",[-0.3485596   0.12939414 10.93404711  5.81116712 -0.72057514 -0.9048004 ],"[-4.10549204e-01  1.74524078e-02 -9.04317870e+01 -3.51266982e+01
 -1.31350900e+00 -1.45547995e-01]",007,FW
559,2,0.6106957370608573,1,"[ -1.53476897   0.12592207 -12.26434836 -16.82294135  -1.14499851
   0.51056491]","[ 4.47158510e-01  1.15911145e-02  1.23424897e+02 -5.31904931e+01
 -7.11864398e-01 -9.10690322e-01]",[ 7.376105    0.38470757 -4.1056201  32.28348497 -1.31856905  0.10980002],"[-56.32818692   0.55908575  -1.76000292 -97.13777329  -0.56779473
   0.8581655 ]","[ 1.11268248e-01  6.57737999e-02  2.40376315e+01 -6.74625143e-01
 -1.32055423e+00 -1.59329399e-02]","[ 1.25031830e+00  4.28911231e-03 -6.77354129e+01  8.66908264e+01
 -1.19248331e+00  4.57196239e-01]",[-0.30786223  0.06257049  6.50499105  4.00264104 -1.44308766 -0.37788491],"[-4.21705207e-01  1.86171761e-02 -8.49028654e+01 -3.38039804e+01
 -1.32819411e+00 -5.25467290e-02]",007,FW
560,2,0.6106957370608573,1,"[ -1.59673297   0.08096998 -18.21538769 -27.08511008  -0.89130987
   0.78575297]","[ 4.51369942e-01  5.20296041e-03  1.42052889e+02 -6.21184042e+01
 -8.48811688e-01 -7.00602629e-01]",[ 7.15063212  0.34543279 -4.5593615  34.60231681 -1.30221137  0.21280132],"[-56.3121333    0.59171942   1.76944079 101.6409854   -0.48976727
   0.92237652]",[ 0.15149456  0.06356844 24.85702622 -1.76570414 -1.31893211 -0.08494551],"[ 1.24919332e+00  2.70225980e-03  5.04612442e+02 -6.28358493e+02
 -1.57702571e+00 -3.91774251e-02]","[ -0.33079544   0.10673153 -12.07375395  -1.9939428   -0.47666987
  -1.01995599]","[-4.33219792e-01  1.86634259e-02 -8.46975387e+01 -3.46926501e+01
 -1.33163130e+00  4.28535390e-02]",007,FW
561,2,0.6106957370608573,1,"[ -1.62754731   0.039712   -24.49569298 -37.86789934  -0.59563533
   0.83623833]","[ 4.50663810e-01  6.61823071e-03 -1.82664307e+02  8.43201923e+01
 -4.75090019e-01 -9.78338060e-01]",[ 6.95750121  0.28547118 -5.47405611 40.085752   -1.24985287  0.36272893],"[-55.84083065   1.19852948   1.23359469  70.88495236  -0.90428609
   0.7763089 ]",[ 0.18931503  0.05840343 27.00625302 -3.11268961 -1.30724904 -0.16970346],"[ 1.24849581e+00  3.76744362e-03 -8.84368346e+01  1.12413018e+02
 -1.25179639e+00 -4.51590830e-01]",[-0.41872756  0.2008974  -7.48910241 -1.13589356 -0.97535876 -0.70439785],"[-4.44355009e-01  1.74945210e-02 -9.01930342e+01 -3.80777266e+01
 -1.32055346e+00  1.51965451e-01]",007,FW
562,2,0.6106957370608573,1,[-1.6250746   0.04475145 23.68727547 40.49358959 -0.43413167  0.96855238],"[ 4.45393379e-01  1.26230168e-02 -1.19002905e+02  5.50031060e+01
 -9.84662342e-01 -7.03398363e-01]",[ 6.80926355  0.20733656 -7.35603483 52.08917982 -1.0931768   0.60149976],"[-54.93303683   1.83961536   0.84061531  48.17755178  -1.16390436
   0.49373862]",[ 0.22288703  0.05032011 31.21040281 -4.95639395 -1.27633369 -0.28015799],"[ 1.24511038e+00  9.52322513e-03 -1.38417903e+02  1.74345568e+02
 -4.54990336e-01 -1.05777190e+00]",[-0.57157215  0.3001035  -5.16143281 -0.95013126 -1.15700222 -0.48333683],"[-4.54341091e-01  1.51115428e-02 -1.03845087e+02 -4.51810899e+01
 -1.28241580e+00  2.92044496e-01]",007,FW
563,2,0.5828741693082915,1,[-1.58761231  0.09356334 15.71237624 26.94516188 -0.84625576  0.81564293],"[ 4.35908200e-01  1.87332883e-02 -8.28120033e+01  3.80984313e+01
 -1.17494319e+00 -4.63878306e-01]","[  6.71632089   0.11980205 -11.29926168  77.88946724  -0.61198005
   0.95851696]","[-53.62997925   2.41447303   0.64894909  36.80312634  -1.2552494
   0.32469491]",[ 0.25047509  0.03968143 39.16816013 -7.81064844 -1.20181161 -0.4375697 ],"[ 1.23747921e+00  1.71273737e-02 -8.80578175e+01  1.10969718e+02
 -1.04921180e+00 -6.63837305e-01]",[-0.78790406  0.39750494 -3.93579332 -1.10102754 -1.2272579  -0.35462396],"[-4.62433719e-01  1.16394381e-02 -1.32681588e+02 -5.93564404e+01
 -1.17466683e+00  4.98738482e-01]",007,FW
564,2,0.5828741693082915,1,[-1.514223    0.14904917 10.3197957  17.62647199 -1.10822828  0.5518348 ],"[ 4.22538386e-01  2.44775164e-02 -6.39979580e+01  2.90415939e+01
 -1.23930329e+00 -3.32607782e-01]",[ 6.68489759  0.06315912  0.68382923 -2.57132834 -1.71366441  0.24506207],"[-51.99120818   2.88635631   0.54571148  30.37219893  -1.29274223
   0.21280993]","[ 2.70623334e-01  2.72346396e-02  5.52842609e+01 -1.29612110e+01
 -1.00175303e+00 -6.89472590e-01]","[ 1.22588612e+00  2.30445345e-02 -6.79472835e+01  8.52956316e+01
 -1.34671078e+00 -2.97586247e-01]",[-1.06523845  0.49064587 -3.20285969 -1.41180928 -1.25914041 -0.27291062],"[-4.67974290e-01  7.39842088e-03 -1.95280496e+02 -8.93862516e+01
 -8.30685426e-01  8.35628773e-01]",007,FW
565,2,0.4943075406965627,1,[-1.4051677   0.20436798  7.63528222 12.72885192 -1.21200249  0.39274474],"[ 4.05589097e-01  2.98114400e-02 -5.27573767e+01  2.33978168e+01
 -1.26590555e+00 -2.54146254e-01]","[  6.71523226   0.1164886   11.83834321 -77.49722427  -0.70494844
   0.90612172]","[-50.08860655   3.23752753   0.48766545  26.4264829   -1.30848929
   0.13179415]","[ 2.82302469e-01  1.45485031e-02  8.65206076e+01 -2.24249811e+01
 -4.71905080e-01 -1.00826981e+00]","[ 1.21257241e+00  2.41899340e-02 -6.51372863e+01  8.09836766e+01
 -1.45188786e+00  9.49876128e-02]",[-1.40038971  0.57852052 -2.72255108 -1.81263251 -1.27521469 -0.21770755],"[-4.70444714e-01  3.63389702e-03 -1.72906618e+02 -7.93430044e+01
 -1.12399331e+00  5.22883918e-01]",007,FW
566,2,0.4943075406965627,1,[-1.26232376  0.25582671  6.1391152   9.74955097 -1.26354614  0.28323397],"[ 3.85347763e-01  3.47474692e-02 -4.53527233e+01  1.94765705e+01
 -1.27981631e+00 -2.02237950e-01]","[  6.80048188   0.18951841   8.12181994 -53.23228938  -1.19137766
   0.51156852]","[-47.99957027   3.4638785    0.45627224  23.90087123  -1.31388301
   0.06977873]","[ 2.84999414e-01  9.28151474e-03 -5.75358288e+01  1.83976775e+01
 -1.25956774e+00 -4.61319838e-01]","[ 1.20162996e+00  1.86383559e-02 -7.84452211e+01  9.62621280e+01
 -1.13862396e+00  6.18628009e-01]",[-1.78977759  0.66080236 -2.38661981 -2.27151864 -1.28440745 -0.17822897],"[-4.69508512e-01  5.48453056e-03  2.23707571e+02  1.07032609e+02
 -4.36824453e-01  1.01865365e+00]",007,FW
567,2,0.4943075406965627,1,[-1.08946479  0.2999656   5.25396364  7.7240084  -1.29291983  0.19751156],"[ 3.62112571e-01  3.92491191e-02 -4.01990842e+01  1.65565937e+01
 -1.29005531e+00 -1.62047790e-01]","[  6.92679812   0.24011748   6.55198427 -43.38427233  -1.34262469
   0.22173397]","[-4.58007060e+01  3.57175479e+00  4.42655350e-01  2.22739275e+01
 -1.31411222e+00  2.04935442e-02]","[ 2.78733741e-01  1.91741096e-02 -7.45829999e+01  2.27887986e+01
 -7.74104320e-01 -8.71999738e-01]",[ 1.19863982  0.01361038 -0.7422593   2.88970156 -1.70436506  0.21970187],[-2.22950442  0.73709216 -2.14134607 -2.77414054 -1.2908221  -0.14749863],"[-4.65032949e-01  1.05497386e-02  1.41985101e+02  6.80277503e+01
 -9.63615374e-01  7.21632575e-01]",007,FW
568,2,0.4943075406965627,1,[-0.89231203  0.33355226  4.73417739  6.22436346 -1.31016586  0.12377336],"[  0.3362454    0.04316379 -36.58527786  14.30163125  -1.29964113
  -0.1240846 ]","[ 7.07480067e+00  2.57144976e-01  6.14559595e+00 -4.14788663e+01
 -1.37557173e+00 -8.45685734e-03]","[-4.35632880e+01  3.57361195e+00  4.42427596e-01  2.12736008e+01
 -1.31199160e+00 -2.04771385e-02]","[ 2.64008786e-01  3.11757913e-02 -4.93237226e+01  1.50218961e+01
 -1.13191145e+00 -5.43686331e-01]","[ 1.21007011e+00  3.47661434e-02  3.69255935e+01 -4.26825569e+01
 -3.10986494e-01  1.13817736e+00]",[-2.71508609  0.80620537 -1.95891925 -3.31863443 -1.2963647  -0.12045675],"[-4.57090972e-01  1.57504053e-02  9.84121151e+01  4.69832893e+01
 -1.17476340e+00  4.71299835e-01]",007,FW
569,2,0.6310058724516925,1,[-0.67833587  0.35393156  4.46603463  5.02947148 -1.31915958  0.05600226],"[  0.30824407   0.04619957 -34.20478007  12.54342067  -1.30891087
  -0.0823392 ]","[  7.22227421   0.23786823   6.6102438  -45.7409933   -1.33511977
  -0.23648699]","[-41.35105692   3.48319597   0.45380853  20.76546229  -1.30889339
  -0.05725129]","[  0.24172299   0.04198621 -37.26026147  11.00666164  -1.24543846
  -0.34998523]","[  1.24249959   0.0721428   20.41286036 -23.36297067  -0.79804234
   0.83975802]",[-3.24088598  0.86574695 -1.82503878 -3.91474259 -1.3016908  -0.09344335],"[-4.45944800e-01  2.04851009e-02  7.65173962e+01  3.61225349e+01
 -1.25440337e+00  3.19114432e-01]",007,FW
570,2,0.6621716459011271,1,[-0.45635469  0.35933904  4.39991378  4.00792128 -1.32166908 -0.00981635],"[ 2.78820956e-01  4.79447917e-02 -3.29745767e+01  1.11940030e+01
 -1.31714117e+00 -3.24662251e-02]","[  7.34749765   0.18653164   8.24918835 -58.61089205  -1.18130933
  -0.51830864]","[-39.22009823   3.31204758   0.47704502  20.70975237  -1.30492383
  -0.09396226]","[  0.21307271   0.05087006 -30.94577882   8.59370094  -1.28937244
  -0.22787707]","[  1.30177331   0.11895412  12.8408923  -14.71593086  -1.03605021
   0.61978305]",[-3.79943263  0.91211123 -1.73290861 -4.58406953 -1.30670278 -0.06400494],"[-4.32014895e-01  2.44696773e-02  6.43645565e+01  2.98064471e+01
 -1.28960354e+00  2.15849211e-01]",007,FW
571,2,0.6621716459011271,1,[-0.23602032  0.34899677  4.52806461  3.06871524 -1.31826291 -0.07804104],"[ 2.48967397e-01  4.79138690e-02 -3.29955275e+01  1.02148106e+01
 -1.32264856e+00  3.04018792e-02]","[  7.43237524   0.11476345  12.12110023 -88.08856522  -0.71354045
  -0.90547567]","[-37.219901     3.06866429   0.51449229  21.1493522   -1.29908394
  -0.13454144]","[  0.17947155   0.05745915 -27.47247805   6.93052829  -1.30950582
  -0.13922975]","[  1.39220852   0.1715186    9.04585741 -10.59371978  -1.15726647
   0.46902692]",[-4.3808378   0.94088654 -1.68033154 -5.36125991 -1.31089752 -0.03057818],"[-4.15839602e-01  2.75329513e-02  5.73347485e+01  2.58420590e+01
 -1.30621565e+00  1.38742772e-01]",007,FW
572,2,0.6621716459011271,1,[-0.02729318  0.32297912  4.88548622  2.13334046 -1.30754577 -0.15532154],"[  0.21998159   0.04561377 -34.62353575   9.61654062  -1.32122843
   0.11382896]","[  7.46462927   0.05938862   2.8771217  -19.47664685  -1.66517931
  -0.26859866]","[-35.39454045   2.75996478   0.57131784  22.22153237  -1.28945918
  -0.18284815]","[  0.14249333   0.06149757 -25.7003696    5.66213114  -1.31913126
  -0.06582179]",[ 1.51595881  0.2257527   6.92974861 -8.50521344 -1.22675721  0.35564902],[-4.97252883  0.94755458 -1.66861677 -6.29724502 -1.31349536  0.00791623],"[-3.98030859e-01  2.95860171e-02  5.34149430e+01  2.32607956e+01
 -1.31354410e+00  7.68802129e-02]",007,FW
573,2,0.6621716459011271,1,[ 0.16002486  0.28202718  5.57583262  1.10772819 -1.28339572 -0.25312176],"[  0.19344128   0.04064471 -38.71889743   9.48983307  -1.30185672
   0.23138088]","[  7.43869263   0.1071933  -12.47725372  94.81445526  -0.58921639
  -0.96576189]","[-33.78330962   2.39330838   0.65741307  24.20958917  -1.27286792
  -0.24393695]","[ 1.03826992e-01  6.28058618e-02 -2.51739273e+01  4.61373315e+00
 -1.32214171e+00  2.07888063e-03]",[ 1.67262613  0.27724002  5.67018207 -7.4840947  -1.26909931  0.26387006],[-5.55946829  0.92836165 -1.70273639 -7.46630897 -1.31339386  0.05236171],"[-3.79229129e-01  3.06136979e-02  5.16443998e+01  2.15850608e+01
 -1.31538962e+00  2.46931674e-02]",007,FW
574,2,0.6621716459011271,1,[ 0.31672007  0.22758203  6.85343353 -0.17061996 -1.22637358 -0.39308759],"[ 1.71105787e-01  3.28547268e-02 -4.73823498e+01  1.01073943e+01
 -1.23204574e+00  4.10825851e-01]",[ 7.35541268  0.18763557 -8.11654599 61.70054528 -1.08375975 -0.61179508],"[-32.42078721   1.97744637   0.79242203  27.69094587  -1.24251014
  -0.32728279]","[  0.06522741   0.06130571 -25.77931443   3.68151783  -1.31912475
   0.07079206]",[ 1.85918902  0.32173759  4.9002863  -7.11055846 -1.29491404  0.18588603],[-6.12491607  0.88121361 -1.79266269 -8.97990852 -1.30913329  0.10367095],"[-3.60059205e-01  3.06710974e-02  5.15488137e+01  2.05606249e+01
 -1.31349021e+00 -2.05399690e-02]",007,FW
575,2,0.6621716459011271,1,[ 0.43464203  0.1623161   9.37755746 -2.07588065 -1.07010325 -0.6203402 ],"[ 1.54739598e-01  2.25962230e-02 -6.61342675e+01  1.22335900e+01
 -9.94064264e-01  7.09802869e-01]",[ 7.22104249  0.25959559 -6.01743586 45.45216    -1.2482604  -0.36789387],"[-31.33689633   1.52223553   1.0200702   33.96583398  -1.17882759
  -0.45426219]","[  0.02845585   0.05704563 -27.66669214   2.78727913  -1.30880178
   0.14654956]",[ 2.0702728   0.35575046  4.43934881 -7.19066308 -1.30957095  0.11765346],"[ -6.65163547   0.80636832  -1.95649187 -11.01387074  -1.29882561
   0.16326519]","[-3.41089998e-01  2.98770349e-02  5.29056076e+01  2.00455736e+01
 -1.30895856e+00 -5.99506818e-02]",007,FW
576,2,0.6621716459011271,1,[ 0.5072756   0.09244776 14.57114524 -5.39158644 -0.59419851 -0.96677142],"[ 1.45873410e-01  1.17298037e-02 -9.25400068e+01  1.54991264e+01
 -5.20462135e-01  9.02295967e-01]",[ 7.04607428  0.31358961 -5.02300785 37.3924864  -1.30921106 -0.20733161],"[-30.55754429   1.03972001   1.45291207  46.39742487  -1.00973485
  -0.67544945]","[-4.78577488e-03  5.02011087e-02 -3.13441066e+01  1.84999416e+00
 -1.28652782e+00  2.38953006e-01]",[ 2.29872445  0.37698503  4.19293763 -7.63840824 -1.31627145  0.05689547],"[ -7.12333471   0.70668115  -2.22725713 -13.86549801  -1.27958309
   0.2341076 ]","[-3.22802512e-01  2.83983970e-02  5.56370818e+01  1.99597898e+01
 -1.30281705e+00 -9.40020933e-02]",007,FW
577,2,0.670104761848252,1,[ 0.53037543  0.0501639  -2.38059946  3.26261146 -1.69279159 -0.26216927],"[ 1.45549095e-01  1.10735671e-02  8.43094117e+01 -1.02711586e+01
 -6.02387554e-01  8.35309873e-01]",[ 6.84423011  0.3444337  -4.58746123 33.39764032 -1.33452442 -0.08006431],"[-30.10578406   0.56246356   2.2895063   70.9273824   -0.51194209
  -0.99214411]","[-3.29214019e-02  4.10644887e-02 -3.80558766e+01  7.47147193e-01
 -1.23762168e+00  3.66406886e-01]","[ 2.53638785e+00  3.84556202e-01  4.11148585e+00 -8.42832273e+00
 -1.31717594e+00  2.11357713e-03]","[ -7.52607052   0.5872898   -2.66878548 -18.08546777  -1.24556076
   0.32274316]","[-3.05568424e-01  2.64268826e-02  5.97578243e+01  2.02601042e+01
 -1.29591597e+00 -1.22985213e-01]",007,FW
578,2,0.670104761848252,1,"[  0.50255532   0.0988325  -13.95576318   9.01354298  -0.65285112
  -0.94102018]","[ 1.54108421e-01  2.27187680e-02  6.45675543e+01 -7.95040383e+00
 -8.81660023e-01  7.98209919e-01]",[ 6.63159127  0.34865333 -4.53366432 32.06540872 -1.34005392  0.04095561],"[-30.00274918   0.36249024  -1.31864893 -37.56309296  -1.30112435
  -0.4619095 ]","[-5.45658143e-02  3.00779343e-02 -5.09766094e+01 -7.81580202e-01
 -1.11199776e+00  5.68204206e-01]",[ 2.77493141  0.37891789  4.1719115  -9.57676825 -1.31382266 -0.04791641],"[ -7.84931496   0.45487033  -3.41711301 -24.82199623  -1.18186203
   0.44392346]","[-2.89639578e-01  2.41569468e-02  6.53396140e+01  2.09249382e+01
 -1.28878727e+00 -1.46826363e-01]",007,FW
579,2,0.670104761848252,1,[ 0.42568197  0.16856234 -9.06588901  5.85918551 -1.09828018 -0.59070134],"[ 1.71076761e-01  3.48826891e-02  4.43557284e+01 -5.58823433e+00
 -1.18579555e+00  4.81111384e-01]",[ 6.42568567  0.32453808 -4.85817342 33.21709534 -1.32368861  0.17617   ],"[-30.26763296   0.79515625  -1.76937659 -51.55484125  -0.66073168
  -0.94269188]","[-6.85885747e-02  1.80835930e-02 -7.80395034e+01 -3.35261831e+00
 -7.22567029e-01  9.03358929e-01]","[  3.00658945   0.36159058   4.36951339 -11.13733283  -1.30724097
  -0.09435566]","[ -8.086475     0.31695301  -4.8039674  -36.84716226  -1.04164075
   0.63210808]","[-2.75148152e-01  2.17720020e-02  7.24653961e+01  2.19387198e+01
 -1.28192213e+00 -1.64565903e-01]",007,FW
580,2,0.670104761848252,1,[ 0.30494415  0.23122141 -6.75844373  4.06094785 -1.24715324 -0.36366008],[ 0.19516574  0.04472555 35.11155738 -4.85257295 -1.29163904  0.27676795],[ 6.24439059  0.27277046 -5.73100589 37.78663923 -1.26465536  0.35293998],"[-30.91649083   1.38169674  -1.10137638 -32.05069262  -1.0320617
  -0.638656  ]","[-7.41769147e-02  8.84350566e-03 -4.16682633e+01 -1.09082321e+00
 -1.48856471e+00  3.54710678e-01]","[  3.22474098   0.33482392   4.71495611 -13.20451215  -1.2979377
  -0.13817721]","[ -8.23486554   0.18298415  -7.6733402  -61.18892478  -0.65894796
   0.94369531]","[-2.62116708e-01  1.94363222e-02  8.11526384e+01  2.32714624e+01
 -1.27622163e+00 -1.74391416e-01]",007,FW
581,2,0.670104761848252,1,[ 0.14856924  0.27957402 -5.63320351  2.83692077 -1.30414819 -0.21315422],[ 0.22438013  0.05100602 30.95247424 -4.9451201  -1.33238167  0.12562069],[ 6.10462538  0.19735943 -7.69119317 48.95185301 -1.08039295  0.62521588],"[-31.96005938   2.00163382  -0.77562332 -22.78896728  -1.16665871
  -0.46002534]","[-7.08925430e-02  1.51177455e-02  8.58828256e+01  8.08845190e+00
 -5.06131787e-01  1.00405153e+00]","[  3.42431225   0.30131223   5.23378444 -15.92211218  -1.28605568
  -0.17967069]","[ -8.29531705   0.08375784  -5.41812326 -42.94505024  -1.33365204
   0.44491061]","[-2.50476492e-01  1.72846268e-02  9.12548512e+01  2.48571951e+01
 -1.27291232e+00 -1.74722646e-01]",007,FW
582,2,0.670104761848252,1,[-0.03273918  0.30960128 -5.10248545  1.8329488  -1.32737807 -0.09709339],"[ 2.56189068e-01  5.29902060e-02  2.98330077e+01 -5.64289044e+00
 -1.34409988e+00 -7.60558549e-03]","[  6.02094345   0.11001475 -11.49805032  71.22911082  -0.53812825
   0.96076005]","[-33.40111238   2.62555102  -0.59610425 -17.91054493  -1.22717057
  -0.34917949]","[-5.87100532e-02  2.78264825e-02  5.42775781e+01  5.18663950e+00
 -1.01273760e+00  6.74935920e-01]","[  3.60201507   0.26399286   5.96638269 -19.4910004   -1.27191021
  -0.21777679]",[-8.27165155  0.12942371 10.00994464 84.79877406 -0.54032484  0.97594147],"[-2.40092755e-01  1.54066333e-02  1.02403289e+02  2.65862879e+01
 -1.27282251e+00 -1.65910111e-01]",007,FW
583,2,0.670104761848252,1,[-0.22655197  0.31903032 -4.95557209  0.87730536 -1.33346798  0.00577952],[ 0.28772871  0.05032472 31.35314322 -7.02119937 -1.33249881 -0.14844732],"[  6.00424923   0.07739387   7.33521158 -42.04243849  -1.15542982
   0.52856826]","[-35.23210009   3.23169739  -0.48629235 -15.13310074  -1.25976389
  -0.27178002]","[-3.80240546e-02  4.04537282e-02  3.84159171e+01  3.46072893e+00
 -1.19336145e+00  4.41651547e-01]","[  3.75643434   0.22586862   6.9651809  -24.16424468  -1.25672779
  -0.24953831]",[-8.17022152  0.23378345  6.48655221 54.99656841 -1.05002059  0.64345345],"[-2.30795945e-01  1.38336947e-02  1.14088731e+02  2.83312165e+01
 -1.27573402e+00 -1.51396804e-01]",007,FW
584,0,0.1070906847837345,0,[-0.40796649  0.29026879 -5.41303583 -0.20833722 -1.36444447  0.22845287],[ 0.27867643  0.06663641 -5.84955462  3.63013301 -0.84283356 -0.63878535],[ 6.56734399  1.28425625  0.91136452 -3.98524433  0.23310386  1.48779543],"[-41.86248419  13.01084023  -0.10075982  -2.21805618   0.06884138
  -1.36547241]",[0.04667529 0.16907098 7.76459953 1.63758508 0.06195809 1.36217594],"[  3.9752535    0.34865581   4.24917235 -14.89153724  -0.47827874
   0.87077404]",[-7.57707221  1.22508999  1.04847486  9.94436974  0.11341118  1.40107752],"[-2.15460256e-01  2.57316755e-02  5.61551644e+01  1.40992061e+01
 -3.23029722e-01  1.03214382e+00]",007,FW
585,0,0.1070906847837345,0,[-0.52408669  0.19725541 -6.70333767 -1.51313006 -0.97003756  0.59466931],"[  0.25292485   0.09588098 -12.86338423   5.25346948  -1.57260685
  -0.37647627]",[ 7.21278382  1.65413688  0.85706527 -4.18182651 -1.80026393  0.41686629],"[-48.63373149  15.76477351  -0.09217664  -2.48289379  -1.79914624
  -0.37987685]",[ 0.13209433  0.20168219  7.19653079  1.0493791  -1.80654034  0.37004368],"[  4.17001126   0.37627814   4.01130441 -14.72718454  -1.72796876
   0.2680935 ]",[-6.96335494  1.48205735  0.9744387   8.78536251 -1.81042508  0.38028204],"[-2.01404661e-01  2.86786877e-02  5.21424745e+01  1.25017374e+01
 -1.75583601e+00  3.01092216e-01]",007,FW
586,0,0.1070906847837345,0,[-0.57197305  0.12186893 -0.64836126  1.62915483 -1.37288342 -0.08114508],"[  0.21094429   0.11834126 -12.53593042   4.64438291  -1.6714993
   0.18768204]",[ 7.91446511  1.71512474  0.8469721  -4.70333112 -1.80576766 -0.36814208],"[-55.34918058  15.57638626  -0.09260789  -3.12577081  -1.79921065
   0.3969437 ]",[ 0.21456793  0.19483851  7.27759201  0.43846218 -1.80144685 -0.41601901],"[  4.34530203   0.35302232   4.16902195 -16.11565955  -1.73713935
  -0.40255251]",[-6.36205445  1.44345241  0.98218501  8.24871452 -1.80676836 -0.41258663],"[-1.88422609e-01  2.72020542e-02  5.36621682e+01  1.21111657e+01
 -1.75546814e+00 -4.08199167e-01]",007,FW
587,0,0.1070906847837345,0,[-0.55361714  0.151164    9.11328586  7.04527125 -1.15175098  0.31335538],"[  0.15425447   0.11948669 -12.46502709   3.92278614  -0.55422975
   0.86246025]",[ 8.64282128  1.44055432  0.91398342 -5.89939534  0.05376453 -1.35609632],"[-61.80136804  12.49642819  -0.10097665  -4.24049509   0.14993707
   1.42746601]",[ 0.29061598  0.15153251  7.73669572 -0.2484074   0.23217949 -1.48713625],"[ 4.50539768e+00  2.80225017e-01  4.78301083e+00 -1.95493659e+01
  6.60959976e-03 -1.31525184e+00]",[-5.80660227  1.12635864  1.03486457  8.00904694  0.23174098 -1.4867897 ],"[-1.76336030e-01  2.15672818e-02  6.09253082e+01  1.27433270e+01
  6.65065202e-02 -1.36030439e+00]",007,FW
588,0,0.1736973796301424,0,[-0.47553064  0.19780688  7.98587566  5.79752854 -1.32962291 -0.09889665],"[  0.08529379   0.06907176 -22.85509545   3.94939769  -1.30751093
   0.1372209 ]","[  9.36685637   0.35353915   4.3998166  -39.21245009  -1.19808762
  -0.43118971]","[-67.78105162   2.02304499  -0.74600845 -48.5652371   -1.01228762
   0.67740789]","[ 3.57122464e-01  9.31032962e-03  6.54335943e+01 -2.13678064e+01
 -1.09449165e+00 -5.58457947e-01]","[  4.65403141   0.08640959  18.2879186  -83.11254759  -1.30143597
  -0.08343612]",[-5.32963707  0.08880541 -1.11217882 -3.92750946 -1.69227893 -0.2679207 ],"[-1.64992114e-01  5.94041736e-03  2.66165135e+02  4.59151484e+01
 -1.29340033e+00  2.57849732e-03]",007,FW
589,0,0.3194415030989347,0,[-0.35957404  0.1787839   8.80929425  5.16759356 -1.30029996 -0.2133969 ],"[  0.04455001   0.06168068 -25.54340509   3.137959    -1.28670353
   0.20728512]","[  9.54988232   0.24691674   6.15133667 -56.74454125  -1.03737095
  -0.64426243]","[-68.65858585   1.09371097  -1.17273493 -78.51832171  -0.4956534
   1.00315823]","[ 3.55197195e-01  1.30977166e-02 -9.54158847e+01  3.58914546e+01
 -5.10839286e-01 -9.73045179e-01]","[ 4.70700819e+00  8.14941078e-02  1.93877044e+01 -8.92580837e+01
 -1.29301020e+00 -9.58720153e-02]","[ -5.38398352   0.18526048  -7.34175539 -37.52789006  -0.56628789
  -0.992766  ]","[-1.61211953e-01  5.97377520e-03  2.64673951e+02  4.46686046e+01
 -1.29716857e+00  1.67490883e-02]",007,FW
590,0,0.3340926359046962,0,[-0.25829878  0.14947593 10.47663668  4.70610249 -1.24764073 -0.33532545],"[ 8.81913727e-03  5.26272150e-02 -2.98590815e+01  2.26333134e+00
 -1.25786574e+00  2.74153897e-01]","[  9.66326637   0.14004792   9.82334621 -92.92561104  -0.60043975
  -0.9758124 ]","[-68.87850744   0.66919226   0.6669054   47.93544849  -1.38332569
   0.4044102 ]","[ 3.45069050e-01  2.39627540e-02 -6.31246813e+01  2.37823738e+01
 -1.04950295e+00 -6.51896563e-01]","[ 4.75723540e+00  7.68140623e-02  2.05721607e+01 -9.58666109e+01
 -1.28594414e+00 -8.48966550e-02]","[ -5.53536881   0.3324288   -4.55722508 -23.22592156  -1.01739054
  -0.66297941]","[-1.57412625e-01  6.03734700e-03  2.61886279e+02  4.32242068e+01
 -1.30159178e+00  1.78201386e-02]",007,FW
591,2,0.4497906017237172,1,[-0.17664591  0.11453974 13.53716785  4.3912853  -1.16030297 -0.47391196],"[-2.12633268e-02  4.30761746e-02 -3.63803110e+01  1.22643356e+00
 -1.22381533e+00  3.30212743e-01]","[  9.70648893   0.06546013   3.58225596 -32.77112781  -1.59204685
  -0.31727164]","[-68.43855068   1.38228158   1.0264205   72.24673147  -0.74073458
   0.89282918]","[ 3.27819922e-01  3.38233462e-02 -4.61216012e+01  1.71195797e+01
 -1.24168381e+00 -3.85760451e-01]","[ 4.80525086e+00  7.36032376e-02  2.14778203e+01 -1.01206315e+02
 -1.28117074e+00 -4.60009118e-02]","[ -5.78396381   0.48225709  -3.22102406 -16.63028659  -1.18490145
  -0.44892344]","[-1.53592560e-01  6.07818537e-03  2.60131877e+02  4.19543207e+01
 -1.30617652e+00  5.40474617e-03]",007,FW
592,2,0.4497906017237172,1,[-0.11656919  0.07899015 19.28689804  4.24825811 -1.01632476 -0.64091354],"[-4.57945216e-02  3.42275755e-02 -4.57212644e+01 -9.37834312e-02
 -1.19476559e+00  3.57800060e-01]","[ 9.68345457e+00  1.08193771e-01 -1.24494933e+01  1.22554103e+02
 -6.43958769e-01 -9.29730799e-01]","[-67.36957677   2.28044787   0.67300454  47.34003116  -1.11858252
   0.56023192]","[  0.30495857   0.04123094 -38.1905756   13.64654328  -1.3076788
  -0.21611547]","[ 4.85227667e+00  7.29710714e-02  2.16665463e+01 -1.03132077e+02
 -1.27671632e+00  1.70269696e-02]","[ -6.1242753    0.62049084  -2.52743917 -13.47873331  -1.25679167
  -0.31047563]","[-1.49781764e-01  6.04419863e-03  2.61585860e+02  4.11807916e+01
 -1.30975711e+00 -1.94291786e-02]",007,FW
593,2,0.4497906017237172,1,[-0.07706439  0.047429   31.0468342   4.39260532 -0.7733332  -0.85280074],"[-6.55494578e-02  2.71492600e-02 -5.77518165e+01 -1.78560026e+00
 -1.18824424e+00  3.26026136e-01]",[ 9.60173699  0.18452694 -8.29507932 81.64716994 -1.12561879 -0.56995597],"[-65.73198711   3.09971189   0.50433225  35.15076098  -1.24014941
   0.36119455]","[  0.27832329   0.04558506 -34.65817719  11.64617797  -1.33169144
  -0.08907069]","[ 4.90008052e+00  7.57011031e-02  2.08727890e+01 -1.00278347e+02
 -1.27077864e+00  8.90676844e-02]","[ -6.54517928   0.73720252  -2.13687579 -11.98623517  -1.29205611
  -0.20982411]","[-1.46037483e-01  5.89420388e-03  2.68185918e+02  4.11651965e+01
 -1.31041019e+00 -5.41997003e-02]",007,FW
594,2,0.4497906017237172,1,"[-5.46137706e-02  2.32989725e-02  5.86372926e+01  5.20240364e+00
 -3.68792507e-01 -1.12306954e+00]","[-8.18237279e-02  2.26105621e-02 -6.96919417e+01 -3.70245447e+00
 -1.21186546e+00  2.03223988e-01]",[ 9.47131716  0.24954667 -6.2731449  61.41494493 -1.26238527 -0.3353722 ],"[-63.60919838   3.7816213    0.41613375  28.46993424  -1.28607433
   0.2368888 ]","[ 2.49949164e-01  4.66291704e-02 -3.39037615e+01  1.04742169e+01
 -1.33517975e+00  2.10762736e-02]","[ 4.95072739e+00  8.20757162e-02  1.92303832e+01 -9.32043848e+01
 -1.26565404e+00  1.49182769e-01]","[ -7.03058609   0.8248918   -1.91406634 -11.45700816  -1.31008296
  -0.12952112]","[-1.42432521e-01  5.61049194e-03  2.81612983e+02  4.21108471e+01
 -1.30609831e+00 -9.40852801e-02]",007,FW
595,2,0.4497906017237172,1,"[-4.39941512e-02  8.23376821e-03  1.39601925e+02  8.14166822e+00
  1.19867124e-01 -1.40053027e+00]","[-9.61846285e-02  2.09244107e-02 -7.55391003e+01 -5.26570030e+00
 -1.23829701e+00  1.30906383e-02]",[ 9.3030908   0.29838383 -5.28102206 51.12982772 -1.30100693 -0.19952722],"[-61.09963532   4.30249385   0.36679652  24.41113371  -1.30522449
   0.15046837]","[  0.22190947   0.04441048 -35.5497338    9.88882272  -1.3226987
   0.12891851]","[  5.00625642   0.09175499  17.18667277 -84.04089088  -1.26607431
   0.18262933]","[ -7.56054813   0.87839616  -1.79942591 -11.60464618  -1.31864498
  -0.06018912]","[-1.39037167e-01  5.21014050e-03  3.03053847e+02  4.41357485e+01
 -1.29629028e+00 -1.30765404e-01]",007,FW
596,2,0.4497906017237172,1,"[-3.93057246e-02  2.71724522e-03  4.09252325e+02  1.80859592e+01
 -7.37807603e-01  6.70446132e-01]","[-1.10177050e-01  2.18039400e-02 -7.23925169e+01 -5.97599396e+00
 -1.24728659e+00 -1.43684930e-01]",[ 9.10751     0.33187774 -4.75883915 45.34117519 -1.31018082 -0.11578747],"[-58.30892292   4.65489913   0.33946224  21.79367776  -1.31295309
   0.08506433]","[ 1.96147838e-01  3.92730104e-02 -4.00489024e+01  9.85550560e+00
 -1.29086266e+00  2.47008029e-01]","[  5.06832437   0.10376859  15.19481665 -75.01225949  -1.27382136
   0.18663784]","[-8.11253401e+00  8.94725813e-01 -1.76710514e+00 -1.23357006e+01
 -1.32105684e+00  4.52894223e-03]","[-1.35898437e-01  4.74840825e-03  3.32370157e+02  4.71685850e+01
 -1.28364492e+00 -1.51913078e-01]",007,FW
597,2,0.4497906017237172,1,"[-3.50127761e-02  8.25944778e-03  1.48158473e+02  7.18743945e+00
 -1.04965546e-01  1.26165276e+00]","[-1.25051092e-01  2.44370096e-02 -6.44863473e+01 -6.06408817e+00
 -1.25973155e+00 -2.05324378e-01]",[ 8.89361396  0.35279506 -4.4802368  41.8454966  -1.30987728 -0.06325153],"[-5.53431746e+01  4.84209744e+00  3.26505709e-01  2.00698625e+01
 -1.31499285e+00  3.21173304e-02]","[ 1.74319944e-01  3.18244603e-02 -4.90123738e+01  1.05438343e+01
 -1.22512904e+00  3.93150663e-01]","[  5.1378821    0.11665259  13.52387853 -67.48409348  -1.28622688
   0.16682674]","[ -8.66270968   0.87285131  -1.81066409 -13.68525733  -1.31810702
   0.07003667]","[-1.33022547e-01  4.30929411e-03  3.66320366e+02  5.07288681e+01
 -1.27362527e+00 -1.42890973e-01]",007,FW
598,2,0.0584789848286741,1,"[-2.68055279e-02  1.82866114e-02  7.87182696e+01  4.11008477e+00
 -7.08374743e-01  9.15124302e-01]","[-1.41568295e-01  2.77938132e-02 -5.67208097e+01 -6.02986832e+00
 -1.28326399e+00 -1.90510155e-01]","[ 8.66847524e+00  3.64535522e-01 -4.33704614e+00  3.95955771e+01
 -1.30692016e+00 -3.11962368e-02]","[-5.23032017e+01  4.87569582e+00  3.24280301e-01  1.89608980e+01
 -1.31353586e+00 -1.28142859e-02]","[ 1.57665398e-01  2.28844324e-02 -6.67482991e+01  1.25238971e+01
 -1.07804137e+00  6.02080961e-01]","[  5.21495712   0.12870912  12.26733091 -61.97360469  -1.29900826
   0.13136332]","[ -9.18719049   0.81362931  -1.94001353 -15.82327386  -1.30844296
   0.14192168]","[-1.30366623e-01  3.98439624e-03  3.96543589e+02  5.36960487e+01
 -1.27006927e+00 -9.37416538e-02]",007,FW
599,2,0.0584789848286741,1,"[-1.21557910e-02  3.03288498e-02  5.03399034e+01  2.61192135e+00
 -1.08190796e+00  6.03610098e-01]","[-1.59916536e-01  3.08814093e-02 -5.11224000e+01 -6.17531710e+00
 -1.30736665e+00 -1.34844756e-01]","[ 8.43692792e+00  3.70562739e-01 -4.26678279e+00  3.79985389e+01
 -1.30297822e+00 -1.45455517e-02]","[-49.27913789   4.77535824   0.33102961  18.31285379  -1.30940936
  -0.05139137]","[ 1.46927592e-01  1.35167587e-02 -1.04419224e+02  1.73420651e+01
 -6.87096761e-01  9.27563797e-01]","[  5.29857937   0.13830168  11.42530488 -58.53788473  -1.30918342
   0.08707643]","[ -9.66323124   0.71985463  -2.1869076  -19.13259388  -1.28795163
   0.22762933]","[-1.27842511e-01  3.84748964e-03  4.10918195e+02  5.45328140e+01
 -1.27014972e+00 -1.12573962e-02]",007,FW
600,0,0.070542324336297,0,[ 0.02700187  0.07613947 18.73024992  1.4942483  -0.30330787  1.10270023],"[ -0.19039418   0.05267584 -28.33745201  -3.39528597  -0.57212896
  -0.84690516]",[ 7.92145565  0.93018428 -1.49319654 13.82829018 -0.1270819  -1.20785316],"[-44.31235216   8.36840661   0.17568148   9.7848596   -0.43845377
   0.93811025]",[ 0.15799864  0.03739614 25.62075481 -2.04804437  0.12172925  1.41255487],"[  5.45003453   0.26415164   5.52829621 -28.12940522  -0.40448106
   0.98435165]","[ -9.94957258   0.48054633  -2.73517944 -25.21386641  -0.94763454
   0.49068849]","[-1.20995506e-01  1.28487346e-02  1.03322641e+02  1.45015752e+01
  3.70926006e-02  1.33799891e+00]",007,FW
601,0,0.070542324336297,0,[ 0.05959769  0.07778426 18.5883629   0.89217656 -1.65259563  0.27793584],"[ -0.21575191   0.05240888 -28.42548592  -4.1328529   -1.67885349
  -0.17870854]",[ 7.38806105  1.1337481  -1.31152589 11.68963337 -1.73396205 -0.37249171],"[-39.67651393   9.23042598   0.16360461   8.4912606   -1.73022563
   0.26910889]",[ 0.17573371  0.051712   26.84767829 -2.71804217 -1.75390695  0.441628  ],"[  5.5881195    0.28534423   5.25550042 -27.36836436  -1.74652241
   0.25248508]","[-10.03602594   0.33821649   0.37023961   5.71573436  -1.31205461
  -0.1621721 ]","[-1.13406088e-01  1.66826921e-02  8.80908130e+01  1.19900345e+01
 -1.70207841e+00  4.29304754e-01]",007,FW
602,0,0.070542324336297,0,"[ 7.94420055e-02  6.35046585e-02  1.52826297e+01  7.85917248e-01
 -1.50422554e+00 -6.39560925e-03]","[ -0.23369078   0.04205939 -28.73115191  -4.7142054   -1.56539731
   0.34910796]",[ 6.83887128  1.16209508 -1.29219679 10.83716754 -1.73994481  0.31268715],"[-35.41342979   8.65281165   0.16999497   8.02010495  -1.72748571
  -0.41109936]",[ 0.19849273  0.05702465 25.98104362 -3.15704817 -1.77650667 -0.30428686],"[  5.70711686   0.25401752   5.53142828 -29.5685076   -1.72123975
  -0.45885032]",[-9.91588768  0.52629196  2.59597791 27.74142535 -0.9865335   0.52839671],"[-1.04922580e-01  1.82311880e-02  8.33488257e+01  1.07451739e+01
 -1.70916187e+00 -2.21857170e-01]",007,FW
603,0,0.070542324336297,0,[ 0.08010942  0.0625046  -8.38892901  2.67203224 -1.52433208  0.02227314],[-0.24194809  0.03126959 -2.98204684  1.27849946 -1.45491113  0.27585895],[ 6.27854653  1.00452341 -1.42748044 10.96250237 -0.29119722  1.07857029],"[-31.56063264   6.73684002   0.19612489   8.18982552   0.04475283
  -1.34881947]",[ 0.22451468  0.05078169 27.74702107 -4.22961347 -0.20512086 -1.1564507 ],"[  5.80186846   0.18161355   5.77477535 -31.50448697   0.21574627
  -1.47551647]",[-9.59052869  0.77957124  2.01951764 21.36824191 -1.27384018  0.22931016],"[-9.54346119e-02  1.71849850e-02  8.71943620e+01  1.03213601e+01
 -5.75557022e-01 -8.02563175e-01]",007,FW
604,0,0.070542324336297,0,"[  0.0557484    0.09866798 -15.65452439   2.87271469  -1.13314532
  -0.51418901]","[-2.38517829e-01  3.73032088e-02  4.12437122e+01  1.18373607e+01
 -1.10592769e+00  5.51339069e-01]",[ 5.714798    0.46864479 -3.37049126 21.26167673 -1.31763622  0.10676461],"[-28.15723343   1.70687569   0.91354583  27.72292305  -1.22524269
  -0.39621333]","[ 2.52045917e-01  2.06063663e-02  7.63770429e+01 -1.72505218e+01
 -1.27839703e+00 -2.35974616e-01]","[ 5.86815146e+00  3.59968995e-02 -3.74765606e+01  2.21918134e+02
 -5.93303972e-01 -9.68318750e-01]",[-9.06925752  0.88788439  1.77659879 18.11243196 -1.29927203  0.16840703],"[-8.48734542e-02  1.12317852e-02  1.40634498e+02  1.39361356e+01
 -1.29622965e+00  1.10973155e-01]",007,FW
605,0,0.070542324336297,0,"[ -0.01572831   0.13236115 -11.80712471   1.81429391  -1.22542241
  -0.36982015]",[-0.21118169  0.0511621  30.49286771  8.43953519 -1.21030436  0.39576903],[ 5.43864511  0.42333074 -3.72231327 22.24434087 -1.30122434  0.19958221],"[-27.28151668   1.20569712   1.25754794  36.30781516  -1.05893923
  -0.63926723]","[ 2.63777403e-01  1.70929603e-02  9.16804212e+01 -2.21832234e+01
 -1.24506828e+00 -3.25449578e-01]","[ 5.83977996e+00  6.32780892e-02 -2.40480531e+01  1.42435339e+02
 -1.06620236e+00 -6.23290065e-01]",[-8.48960248  0.97173636  1.62566207 15.8012247  -1.3108456   0.10339464],"[-7.75443901e-02  1.20272673e-02  1.31372496e+02  1.21872001e+01
 -1.29823170e+00  9.26174587e-02]",007,FW
606,0,0.1147875946480858,0,[-0.10731445  0.16301705 -9.64416446  0.96504181 -1.27534866 -0.26022223],[-0.1754257   0.06409043 24.50417186  6.29866158 -1.26458349  0.28376955],[ 5.19847759  0.35614538 -4.39961369 24.87129319 -1.26004723  0.3229419 ],"[-26.76773987   0.6656737    1.90606636  53.02108854  -0.536452
  -0.96336336]","[ 2.73143112e-01  1.31697870e-02  1.17893688e+02 -3.02018489e+01
 -1.17829099e+00 -4.55405912e-01]","[ 5.79371957e+00  8.89110507e-02 -1.75376791e+01  1.03608395e+02
 -1.22386957e+00 -3.96990540e-01]",[-7.86795092  1.0209879   1.54833071 14.18219007 -1.31653924  0.04558618],"[-6.97408761e-02  1.27298091e-02  1.24149207e+02  1.06582744e+01
 -1.30007736e+00  7.65790153e-02]",007,FW
607,0,0.4118057794377833,0,[-0.2162138   0.18786238 -8.39605581  0.18465685 -1.30340608 -0.16980635],[-0.13220986  0.07503206 21.00689489  4.7773187  -1.29595638  0.19348174],[ 5.00706011  0.27082971 -5.70319434 30.55623691 -1.15930366  0.50407986],"[-26.66670085   0.4681385   -1.20328588 -30.08766449  -1.15383428
  -0.53321841]","[ 2.79912201e-01  9.02017403e-03  1.67721080e+02 -4.49471767e+01
 -1.01175876e+00 -6.70101561e-01]","[  5.73244514   0.11039547 -14.2428149   83.64615506  -1.28293353
  -0.25580511]","[-7.22690917e+00  1.03329495e+00  1.53013685e+00  1.30581601e+01
 -1.31790184e+00 -9.44261054e-03]","[-6.15272869e-02  1.33299358e-02  1.18580099e+02  9.29591178e+00
 -1.30195930e+00  6.10545997e-02]",007,FW
608,0,0.4745159580338832,0,[-0.33805037  0.20458069 -7.7232039  -0.61083191 -1.31891656 -0.08937138],[-0.08312282  0.08299102 19.03093425  3.58190501 -1.31489474  0.11316587],[ 4.874508    0.17450671 -8.42337113 43.05978999 -0.87608272  0.79920692],"[-27.01431751   1.01993143  -1.38884125 -35.51859856  -0.70266055
  -0.9178268 ]","[ 2.83957739e-01  4.96423599e-03  2.69286561e+02 -7.44660028e+01
 -5.39971855e-01 -1.00016190e+00]","[  5.65912513   0.12653931 -12.46949438  72.56642898  -1.30824019
  -0.15580391]",[-6.58999947  1.00797739  1.56803636 12.33335877 -1.31523    -0.06525502],"[-5.29764237e-02  1.38090527e-02  1.14481565e+02  8.06482387e+00
 -1.30381272e+00  4.47562279e-02]",007,FW
609,0,0.5558889918844844,0,[-0.46715739  0.21143928 -7.47745664 -1.49314916 -1.32574923 -0.01174841],[-0.0303334   0.087096   18.15107411  2.55058385 -1.32513942  0.03497682],"[  4.80714428   0.08472431 -11.6689098   58.09413298  -0.52964666
   0.88919971]","[-27.82312746   1.71810693  -0.88977247 -22.75625278  -1.08140536
  -0.59671196]","[ 2.85267838e-01  2.55774164e-03 -4.16206626e+01  1.38730364e+01
 -1.70637490e+00 -2.53473832e-01]","[  5.57743322   0.13664155 -11.56541353  66.50532169  -1.31950265
  -0.07586048]",[-5.98067645  0.94601607  1.66915493 11.98267558 -1.30781891 -0.12576526],"[-4.41758387e-02  1.41390389e-02  1.11821227e+02  6.93979648e+00
 -1.30575325e+00  2.64921095e-02]",007,FW
610,0,0.5558889918844844,0,[-0.59700478  0.20739405 -7.62031723 -2.54936578 -1.3240264   0.06930515],[ 0.02352757  0.08669779 18.2327245   1.57102831 -1.32667536 -0.0472255 ],"[  4.80665158   0.08372431  12.4373043  -57.78178841  -0.54614083
   0.87559025]","[-29.07678102   2.39021255  -0.65249554 -16.97246983  -1.22002766
  -0.39616617]","[ 2.83961008e-01  4.83645061e-03 -2.87239047e+02  8.35646894e+01
 -7.01229056e-01 -9.11179754e-01]","[ 5.49139750e+00  1.40254886e-01 -1.12727621e+01  6.39032176e+01
 -1.32360015e+00 -3.33753263e-03]",[-5.42137225  0.8499388   1.85431496 12.05293168 -1.2932497  -0.19658532],"[-3.52353473e-02  1.42808825e-02  1.10716380e+02  5.90113011e+00
 -1.30788335e+00  4.53774880e-03]",007,FW
611,0,0.5558889918844844,0,[-0.72069229  0.19223188 -8.20698092 -3.91470784 -1.31101746  0.16039782],[ 0.07554655  0.08149046 19.36968973  0.53668672 -1.31677805 -0.13972152],"[  4.86946989   0.16290564   9.14223139 -42.51782047  -0.97928169
   0.72415524]","[-30.72832253   2.97040151  -0.52921088 -14.26176266  -1.28031858
  -0.26138001]","[ 2.80294473e-01  8.03430522e-03 -1.91040073e+02  5.55474765e+01
 -1.13907885e+00 -5.50679210e-01]","[  5.40529418   0.13705925 -11.53061095  64.32634429  -1.32185882
   0.07187899]",[-4.93254609  0.72377082  2.16946048 12.7009638  -1.265082   -0.28698506],"[-2.62933793e-02  1.41842665e-02  1.11465465e+02  4.93080376e+00
 -1.30976470e+00 -2.32469344e-02]",007,FW
612,0,0.5558889918844844,0,[-0.8314549   0.16666807 -9.42667952 -5.83785885 -1.27956329  0.27198226],[ 0.12275369  0.07160724 21.96000225 -0.69567138 -1.28848871 -0.25223722],"[  4.98655052   0.23666808   6.57874681 -30.80525331  -1.24580297
   0.40410527]","[-32.70243591   3.412074    -0.4623987  -13.12156377  -1.30934773
  -0.15875809]","[ 2.74660331e-01  1.07052959e-02 -1.46362298e+02  4.21999172e+01
 -1.27471696e+00 -3.18530189e-01]","[  5.32356693   0.12684364 -12.43756442  68.21220665  -1.31118813
   0.16070071]",[-4.53173349  0.57320992  2.71741782 14.31461334 -1.20626815 -0.41432171],"[-1.75201101e-02  1.37934131e-02  1.14596390e+02  4.00774137e+00
 -1.31020769e+00 -5.88008133e-02]",007,FW
613,0,0.5558889918844844,0,"[ -0.92313895   0.13230403 -11.75866396  -8.85488071  -1.20832615
   0.42621006]",[ 0.16237142  0.05764705 27.03108319 -2.38907547 -1.22209094 -0.40478641],"[  5.1435889    0.2864805    5.50082257 -26.29396991  -1.33530882
   0.18569031]","[-34.90090115   3.68236164  -0.42917113 -12.97845904  -1.32257183
  -0.07229031]","[ 2.67570015e-01  1.25359664e-02 -1.25828319e+02  3.56678853e+01
 -1.32281012e+00 -1.62229884e-01]","[  5.25073715   0.10960148 -14.32868426  77.23615478  -1.28089421
   0.27948438]",[-4.2326694   0.40620208  3.75388778 17.88896596 -1.06406087 -0.6158767 ],"[-9.11541219e-03  1.30603049e-02  1.20956486e+02  3.10256823e+00
 -1.30745215e+00 -1.03691512e-01]",007,FW
614,2,0.7279797379139741,1,"[ -0.99058767   0.09161732 -16.47543911 -14.32036683  -1.01889306
   0.67360712]",[ 0.1920439   0.04067932 37.29500817 -5.16227879 -1.04895419 -0.64273821],"[ 5.32175770e+00  3.04103887e-01  5.19756981e+00 -2.56602072e+01
 -1.36150156e+00  1.56106531e-03]","[-3.72098298e+01  3.76230769e+00 -4.20231097e-01 -1.36367276e+01
 -1.32585462e+00  7.28737196e-03]","[ 2.59629731e-01  1.33706591e-02 -1.18225157e+02  3.26947656e+01
 -1.33948146e+00 -3.50005931e-02]","[ 5.19126501e+00  8.57402777e-02 -1.80830887e+01  9.58741056e+01
 -1.19620682e+00  4.60706273e-01]",[-4.04455907  0.2358062   5.9098921  25.90290767 -0.65493383 -0.94418842],"[-1.30037874e-03  1.19592352e-02  1.31931085e+02  2.17156038e+00
 -1.29922175e+00 -1.59958416e-01]",007,FW
615,2,0.7279797379139741,1,"[ -1.02988167   0.04948342 -25.58235518 -24.34679879  -0.49555337
   0.99340491]","[ 2.10007028e-01  2.26925616e-02  5.82353330e+01 -1.02298292e+01
 -5.49972469e-01 -9.84789055e-01]","[  5.49895223   0.28535596   5.52000745 -28.35425725  -1.34118312
  -0.19457245]","[-39.5075831    3.64661388  -0.43329231 -15.1183318   -1.32086194
   0.0873685 ]","[ 2.51509702e-01  1.31252737e-02 -1.20363137e+02  3.22724967e+01
 -1.33689103e+00  9.01741221e-02]","[ 5.14933083e+00  5.66223907e-02 -2.60471592e+01  1.36125440e+02
 -9.20762277e-01  7.69191283e-01]",[-3.97154107  0.1122586   2.71000263 12.76288672 -1.5412206  -0.33860414],"[ 5.69704773e-03  1.04955609e-02  1.49974846e+02  1.14558615e+00
 -1.28179026e+00 -2.31934120e-01]",007,FW
616,2,0.7279797379139741,1,[-1.0384359   0.03276422 16.52099386 19.15599312 -1.21875661  0.4935175 ],"[ 2.15182875e-01  1.29653815e-02 -2.09295931e+01  6.50369002e+00
 -1.58636959e+00 -3.12839373e-01]","[  5.65151377   0.23035111   6.71890828 -35.97200268  -1.22871316
  -0.45960433]","[-41.67286554   3.34275291  -0.471757   -17.65946588  -1.30563919
   0.1761053 ]","[ 2.43906871e-01  1.17855697e-02 -1.33481332e+02  3.45570141e+01
 -1.30817841e+00  2.37101069e-01]","[ 5.12853560e+00  2.82829082e-02 -3.20727249e+01  1.66486112e+02
 -7.01020643e-01  7.59079541e-01]","[ -4.0124188    0.18936586  -6.98070662 -26.00951847  -0.56602798
  -0.97283453]","[ 1.16605150e-02  8.70795006e-03  1.79913128e+02 -9.78797340e-02
 -1.24662446e+00 -3.29095491e-01]",007,FW
617,2,0.7279797379139741,1,[-1.01500652  0.07005001 20.28632488 22.590752   -0.72257392  0.9047055 ],"[ 2.07208360e-01  2.64970129e-02 -5.26987491e+01  1.29196214e+01
 -6.78637659e-01 -9.29034443e-01]","[  5.75620484   0.14650787   9.57904663 -53.13895458  -0.79182479
  -0.85337324]","[-43.59247493   2.87018514  -0.54706043 -21.84771806  -1.27257024
   0.28524027]","[ 2.37499532e-01  9.43247690e-03 -1.64595754e+02  4.10914146e+01
 -1.21802252e+00  4.40898372e-01]","[ 5.13154871e+00  3.43885294e-02  3.19993869e+01 -1.62206412e+02
 -4.24181198e-01  9.83185468e-01]","[ -4.16074093   0.33680338  -4.51212477 -16.7737822   -1.06354508
  -0.62947175]","[ 1.64055409e-02  6.66935912e-03  2.32445793e+02 -1.81339896e+00
 -1.17045498e+00 -4.71621485e-01]",007,FW
618,2,0.7279797379139741,1,[-0.9596713   0.11730158 13.04801375 14.52180428 -1.08682512  0.58830175],"[  0.18641981   0.04496664 -33.99871754   8.33803454  -1.09008355
  -0.59240222]",[ 5.79212917  0.08406341  0.73838797 -2.27683851 -1.72160579 -0.24046541],"[-45.16817791   2.26026791  -0.68777747 -29.06565511  -1.19964244
   0.43648071]","[ 2.32898341e-01  6.29732878e-03 -2.34146190e+02  5.65322591e+01
 -9.28243291e-01  7.65518153e-01]","[ 5.15974130e+00  6.97789862e-02  2.11995421e+01 -1.07384153e+02
 -8.96454097e-01  7.80345341e-01]","[ -4.40521618   0.47369085  -3.29234869 -12.50350773  -1.22805204
  -0.39367987]","[ 1.97988761e-02  4.49472257e-03  3.34710069e+02 -4.62688319e+00
 -9.78972975e-01 -7.03122409e-01]",007,FW
619,2,0.7279797379139741,1,[-0.8738121   0.16317011  9.55715681 10.35115922 -1.21354293  0.39938059],"[  0.15380797   0.06226079 -25.06880486   5.85578194  -1.22797017
  -0.3846598 ]",[ 5.74241831  0.17518661 -7.57218609 45.48266005 -0.48689754 -1.03341141],"[-46.3223928    1.55829455  -0.96880579 -42.87740246  -1.01246805
   0.67650523]","[ 2.30604139e-01  3.16007967e-03 -2.82295122e+02  6.70984236e+01
 -7.22095333e-01  7.45080626e-01]","[  5.21284916   0.10736307  14.39285484 -73.02778133  -1.15817441
   0.50157555]","[ -4.73037122   0.58575348  -2.68520367 -10.70201014  -1.28787463
  -0.24745431]","[ 2.17740308e-02  2.39582843e-03  5.40222784e+02 -9.76282752e+00
 -4.72136813e-01 -1.02735952e+00]",007,FW
620,2,0.6070932829215513,1,[-0.76007914  0.20441939  7.68449158  7.84082174 -1.26772983  0.27844772],"[  0.11094199   0.07688521 -20.45440112   4.26925187  -1.28287136
  -0.25189827]",[ 5.59563907  0.32689804 -4.60284823 27.75587741 -0.96865199 -0.70793417],"[-47.00219445   0.84476137  -1.52936226 -69.88338228  -0.49906927
   1.00581196]","[ 2.30980809e-01  3.92307166e-03  2.82958917e+02 -6.33580795e+01
 -4.14479312e-01  9.92852695e-01]","[  5.28872586   0.14091045  11.11962611 -56.80865419  -1.26109717
   0.32298192]","[ -5.1173986    0.66668628  -2.36745428 -10.11520723  -1.31280122
  -0.14332243]","[ 2.23405265e-02  1.31718975e-03 -2.50156703e+02  7.58863245e+00
 -1.55789630e+00 -3.11310888e-01]",007,FW
621,0,0.0074104176637206,0,[-0.43047169  0.62809959  2.17023516  2.9342248  -0.05844242  1.26994269],"[-2.43495047e-03  2.12838832e-01 -6.50372485e+00  1.98416375e+00
 -1.20668699e-01 -1.22151649e+00]",[ 4.68921901  1.88821192 -0.6730461   5.15606054  0.13482742 -1.41698113],"[-44.73001237   5.86768783   0.18379286  10.22105682   0.23395384
   1.48829205]",[ 0.25204788  0.04697777 25.54150291 -4.43768156  0.21450456  1.47457099],"[  5.45737957   0.31066547   4.64238779 -23.33527231  -0.3431576
   1.05354409]",[-5.8772455   1.34903239 -1.07551995 -4.32109478 -0.36551144 -1.02066422],"[ 1.63416963e-02  1.40533474e-02 -8.48149695e+01  3.38602048e+00
  2.13939472e-01 -1.47432147e+00]",007,FW
622,0,0.078555897591891,0,[-0.10315608  0.73740595  1.99383247  2.20567595 -1.78989655  0.34750518],[-0.11389389  0.24679338 -5.98669857  1.31815163 -1.78286184 -0.3327444 ],[ 3.71967633  2.33758344 -0.61836764  4.30012747 -1.80106885 -0.39101294],"[-41.70871393   8.01782892   0.17529337   9.3112612   -1.75038492
   0.44557084]",[ 0.27572354  0.05978704 23.8493786  -4.57583498 -1.80324619  0.40989682],"[  5.60381275   0.32441886   4.54048687 -23.44403824  -1.72373897
   0.25537697]",[-6.56860694  1.45509568 -1.02603149 -4.7395976  -1.75190603 -0.25890246],"[ 9.21620309e-03  1.81175026e-02 -7.89817623e+01  2.72791196e+00
 -1.79368524e+00 -4.12387696e-01]",007,FW
623,0,0.1288109815337065,0,[ 0.20861036  0.70591273  2.02941341  1.57664335 -1.7838694  -0.41778599],[-0.21934394  0.23450226 -6.12064146  0.65747439 -1.77433068  0.42180805],[ 2.72882733  2.33636985 -0.61848584  3.68774106 -1.80081285  0.39197356],"[-38.04908304   8.8337018    0.16848061   8.41053275  -1.76570969
  -0.28748872]",[ 0.30048298  0.06070071 23.74017436 -5.13351835 -1.81090967 -0.38548725],"[  5.71570426   0.27208521   4.57079412 -24.12530744  -1.64168108
  -0.36402864]",[-7.16461431  1.29188139 -1.07629794 -5.7112596  -1.72410106  0.45698751],"[ 1.39157829e-03  1.87237262e-02 -7.80210117e+01  2.10857235e+00
 -1.79703608e+00  3.64928590e-01]",007,FW
624,0,0.2618954603320341,0,[ 0.49207005  0.54512622  2.20912716  0.91295469  0.21019239 -1.47155003],[-0.31519647  0.18052995 -6.74217475 -0.12510966  0.20204384  1.46542468],[ 1.75833789  1.88643699 -0.6736286   3.18446669  0.1357014   1.41740998],"[-33.87609122   8.02502931   0.17878207   8.05643768  -0.2926878
  -1.07535645]",[ 0.32455795  0.04911171 25.30813396 -6.21395611  0.16008794 -1.43707742],[ 5.78257343  0.19612062  1.88315613 -8.88948859 -0.94564368 -0.62971071],[-7.64614625  0.92552304 -1.11228393 -6.50468559  0.2148787   1.47480685],"[-6.70562206e-03  1.56563928e-02 -8.50211479e+01  1.42988032e+00
  2.15486446e-02  1.33196742e+00]",007,FW
625,0,0.3129712906124996,0,"[  0.73553852   0.04807239  22.04573855 -14.21548996  -0.48054208
  -0.93100955]","[-3.98482048e-01  1.87041276e-02 -7.48230235e+01 -2.78156316e+01
 -6.42886912e-01  9.53203353e-01]",[ 0.84547668  0.3340572  -4.56257891  5.85755405 -1.0181965   0.63806698],"[-29.31933836   3.83341763   0.41235931  14.09010209  -1.30524234
  -0.05517954]","[ 3.46048808e-01  6.51408675e-03  1.39359536e+02 -4.62252013e+01
 -7.31362566e-01 -7.32422035e-01]",[ 5.79668441  0.17011655 -9.1577944  55.084844   -1.21939232 -0.4082632 ],[-8.00285544  0.14640859 10.16386753 83.33996259 -1.01887223  0.70148886],"[-1.46771002e-02  4.21553555e-03 -3.70286947e+02 -3.43473863e+00
 -1.21670818e+00  3.87144114e-01]",007,FW
626,0,0.3312956746713903,0,"[  0.73705943   0.04497903 -21.59132488  17.91408962  -0.57175731
  -0.85617873]","[-4.04595362e-01  8.55673966e-03 -4.85057674e+01 -1.76252085e+01
 -1.39189438e+00  4.18260494e-01]",[ 0.67666832  0.20270024 -7.30931166  6.94597961 -0.79403972  0.83079547],"[-26.95501997   3.67421769   0.43014444  13.59455192  -1.29985814
  -0.07407773]","[ 3.45251687e-01  8.12707636e-03 -1.34745502e+02  4.85211120e+01
 -4.15404824e-01 -9.89268521e-01]",[ 5.67964809  0.21169711 -7.42705632 44.1830662  -1.2878631  -0.25514561],[-7.90145488  0.20712016  7.54570724 61.62206525 -1.29465111  0.3434203 ],"[-1.69345771e-02  3.09373825e-03 -4.97762401e+02 -6.42939578e+00
 -1.11322432e+00  5.42679278e-01]",007,FW
627,0,0.3312956746713903,0,"[  0.70177977   0.09234157 -15.93267415  13.18122844  -0.88042002
  -0.79530891]","[-4.01918569e-01  1.37055823e-02  9.50764106e+01  4.02129749e+01
 -5.28799137e-01  9.88011856e-01]","[  0.57462201   0.10674763 -13.58798958   9.80795794  -0.54740811
   0.9821518 ]","[-24.69257375   3.48987456   0.45282299  13.18136516  -1.29490201
  -0.08193874]","[ 3.38551933e-01  1.65810996e-02 -8.90717438e+01  3.21554111e+01
 -8.87578509e-01 -7.87559893e-01]",[ 5.54016825  0.24101941 -6.54901977 38.28267143 -1.31841119 -0.13931553],[-7.76849796  0.23981663  6.58395168 53.14741517 -1.36036276  0.10498143],"[-1.84892417e-02  1.98306769e-03 -7.50332806e+02 -1.18730846e+01
 -8.87220335e-01  7.75731515e-01]",007,FW
628,0,0.3312956746713903,0,"[  0.63142921   0.14353414 -10.76000594   8.79418206  -1.15346257
  -0.50706506]","[-3.90884575e-01  2.51838958e-02  6.00527634e+01  2.54736989e+01
 -1.01194531e+00  6.70552437e-01]","[  0.51046644   0.06276316 -24.55525318  14.53463272  -0.76702336
   0.19845692]","[-22.53965132   3.30885258   0.4776184   12.76535224  -1.29183107
  -0.07835997]","[ 3.25891683e-01  2.56447782e-02 -6.02198198e+01  2.16251384e+01
 -1.15286028e+00 -5.07922229e-01]",[ 5.38685044  0.2556175  -6.18421372 35.3134344  -1.33042832 -0.03974236],[-7.62381103  0.24142689  6.54236207 51.87773206 -1.35692656 -0.08878   ],"[-1.93728032e-02  1.00538657e-03 -1.28346598e+03 -2.28643339e+01
 -3.81687053e-01  1.09158502e+00]",007,FW
629,0,0.5051016590928704,0,[ 0.52926607  0.18995763 -8.24324424  6.36286945 -1.24944092 -0.3358967 ],"[-3.71887091e-01  3.69904108e-02  4.19553872e+01  1.76026669e+01
 -1.16764235e+00  4.62906624e-01]","[  0.44883152   0.09521856 -15.25636924   8.84753939  -0.50073298
  -0.99161859]","[-20.49053846   3.15101596   0.50160797  12.27821732  -1.2917512
  -0.06701547]","[ 3.07664465e-01  3.38967487e-02 -4.61987662e+01  1.62137187e+01
 -1.25244348e+00 -3.33882913e-01]",[ 5.22938914  0.25424118 -6.21687827 34.5104757  -1.32958083  0.05603141],[-7.48670121  0.2140625   7.33000416 56.87755098 -1.30210459 -0.28697112],"[-1.96688627e-02  4.51600884e-04  3.20348169e+02  8.30088417e+00
 -1.72421260e+00  2.14432730e-01]",007,FW
630,0,0.5051016590928704,0,[ 0.3999751   0.22842452 -6.8934988   4.75722789 -1.29134526 -0.22077121],[-0.34523135  0.04865535 32.16562489 13.10458221 -1.22460063  0.35046137],[ 0.35284696  0.18870177 -7.76738127  4.74069688 -0.70706975 -0.89342729],"[-18.53316329   3.02112986   0.52322939  11.69709576  -1.29467951
  -0.05608884]","[  0.28466212   0.0406409  -38.7537483   13.03172417  -1.29497789
  -0.2143562 ]",[ 5.07782916  0.2369363  -6.65865964 35.8115361  -1.31508696  0.15841171],[-7.3739559   0.16363883  9.38917895 71.23539156 -1.15177296 -0.54008923],"[-1.94970699e-02  7.40143455e-04  1.94620944e+03  3.99453815e+01
 -9.40575790e-01  7.58170731e-01]",007,FW
631,0,0.5051016590928704,0,[ 0.24954694  0.25666924 -6.15109301  3.53498643 -1.31209536 -0.13181306],[-0.31116382  0.06012145 26.13093012 10.13099994 -1.2535652   0.2796656 ],[ 0.18963111  0.32598083 -4.63969872  2.87983122 -0.95602564 -0.69707602],"[-16.65765552   2.90690652   0.54379395  11.05833224  -1.29943715
  -0.05496681]","[  0.25797776   0.04546313 -34.73274978  10.96027699  -1.31372841
  -0.12385795]",[ 4.9417825   0.20508641 -7.65727334 39.84057941 -1.27922698  0.28056972],"[-7.29814774e+00  1.00106800e-01  1.40602072e+01  1.04613469e+02
 -7.22792903e-01 -9.04448356e-01]","[-1.89912823e-02  1.09324942e-03  1.42749315e+03  2.91099254e+01
 -1.29155651e+00  3.59519244e-01]",007,FW
632,0,0.5051016590928704,0,[ 0.0851136   0.27291866 -5.7917424   2.49295604 -1.32214475 -0.05434263],[-0.26997612  0.07118117 22.12089501  7.97211341 -1.27351861  0.22558925],[-0.06488795  0.49091842 -3.14405808  1.79598851 -1.12060635 -0.52422045],"[-14.86405418   2.78373727   0.5677654   10.43929571  -1.30387358
  -0.07000667]","[  0.22888701   0.04816468 -32.81974035   9.51201234  -1.32063705
  -0.04952596]",[ 4.82966519  0.16139836 -9.62268031 48.4743241  -1.19760733  0.44599524],"[-7.26643073e+00  4.82384296e-02  8.42497412e+00  6.32194908e+01
 -1.40576085e+00 -3.95975429e-01]","[-1.82788762e-02  1.29345764e-03  1.22023980e+03  2.43046122e+01
 -1.33831372e+00  1.33903276e-01]",007,FW
633,0,0.5051016590928704,0,[-0.08530905  0.27593635 -5.72957609  1.51121531 -1.32461891  0.02044769],[-0.22215637  0.08135514 19.38577212  6.30667271 -1.28978716  0.17634373],[-0.42286081  0.66336152 -2.35369813  1.00471332 -1.21758091 -0.3838747 ],"[-13.16666135   2.62394867   0.60205173   9.92701119  -1.30513025
  -0.10327514]","[ 1.98727372e-01  4.87305401e-02 -3.24447397e+01  8.44765787e+00
 -1.32022435e+00  1.56270463e-02]","[  4.7480178    0.10999987 -13.65625812  66.84015659  -0.98654474
   0.70328774]","[-7.27996151e+00  7.39617173e-02 -1.76502119e+01 -1.26492863e+02
 -6.06698098e-01 -9.34648571e-01]","[-1.74673027e-02  1.35835034e-03  1.16389406e+03  2.23300899e+01
 -1.33393704e+00  3.25424412e-03]",007,FW
634,0,0.5541461258646119,0,[-0.25321902  0.26522187 -5.95640151  0.49172588 -1.31902716  0.09906542],[-0.16854432  0.08991956 17.56078485  4.9597705  -1.30327652  0.12646238],[-0.88357328  0.82318636 -1.90897388  0.31328169 -1.27266818 -0.27010094],"[-11.59370918   2.40600009   0.65586841   9.60394759  -1.29992596
  -0.15455775]","[  0.16878597   0.04731412 -33.40158198   7.63771856  -1.3141469
   0.075193  ]","[ 4.70097792e+00  5.81357609e-02 -2.14662286e+01  1.02912267e+02
 -4.52039173e-01  1.01805323e+00]","[ -7.33402834   0.12601752 -12.14219255 -87.05118427  -1.15911236
  -0.55570152]","[-1.66406551e-02  1.31956841e-03  1.19723724e+03  2.19228120e+01
 -1.32323052e+00 -9.49968388e-02]",007,FW
635,0,0.6713242232103347,0,[-0.41019384  0.24130386 -6.53298521 -0.67979026 -1.30199919  0.18741356],[-0.11043529  0.09603986 16.45565117  3.81728468 -1.31329789  0.07382162],[-1.43439841  0.95326676 -1.65436299 -0.37301564 -1.30327921 -0.1750901 ],"[-10.18287871   2.12010839   0.74265457   9.56236141  -1.28419956
  -0.2246519 ]","[  0.14019865   0.04422616 -35.70107028   7.00524201  -1.30315911
   0.13047326]","[ 4.68997098e+00  3.65971449e-02  1.50347958e+01 -6.85127558e+01
 -1.25546589e+00  4.53493797e-01]","[ -7.41890937   0.16390735  -9.58594954 -69.11729084  -1.33107361
  -0.25182125]","[-1.58649061e-02  1.19568340e-03  1.31770099e+03  2.29052025e+01
 -1.30589021e+00 -2.01854317e-01]",007,FW
636,0,0.5991085650685755,0,[-0.54862396  0.20603284 -7.61870884 -2.1798062  -1.26641746  0.2922207 ],[-0.04958182  0.09897149 15.97477469  2.79205836 -1.31858804  0.01819044],[-2.05296026  1.04065928 -1.51823256 -1.11687112 -1.3194156  -0.0914548 ],[-8.97455479  1.7694303   0.88592235  9.95075868 -1.25064322 -0.31907045],"[  0.11386515   0.03990734 -39.51440055   6.4993133   -1.28812944
   0.18114432]","[ 4.71366333e+00  7.34602562e-02  1.95975617e+01 -9.03763078e+01
 -8.27888926e-01  8.37867989e-01]","[-7.52139654e+00  1.79579815e-01 -8.80016453e+00 -6.41895271e+01
 -1.36912368e+00 -2.84574106e-02]","[-1.51975656e-02  9.91113539e-04  1.57658304e+03  2.59602241e+01
 -1.25702084e+00 -3.60740244e-01]",007,FW
637,0,0.5991085650685755,0,[-0.6625498   0.16271315 -9.56745398 -4.33891476 -1.19818353  0.42321416],"[ 1.19261073e-02  9.82697672e-02  1.60872238e+01  1.80814204e+00
 -1.31800908e+00 -3.94779486e-02]",[-2.7098492   1.07672106 -1.46836996 -1.97906115 -1.32583808 -0.01251503],[-8.00494977  1.36815565  1.13495689 11.08527292 -1.18044862 -0.45376961],"[ 9.03910840e-02  3.48736659e-02 -4.51519959e+01  6.08133786e+00
 -1.27053697e+00  2.25737473e-01]","[  4.76819088   0.11530552  13.40221436 -61.90431629  -1.18658137
   0.48917171]","[ -7.62680802   0.17167335  -9.18244815 -68.03276912  -1.34379529
   0.17305389]","[-1.46976853e-02  7.04889588e-04  2.13966532e+03  3.34481274e+01
 -1.06458605e+00 -6.49848689e-01]",007,FW
638,0,0.5991085650685755,0,"[ -0.74844201   0.1159153  -13.20292881  -7.88162652  -1.06654304
   0.59774904]",[ 0.0718763   0.09393315 16.81904443  0.79110934 -1.31116017 -0.09771942],[-3.37147691  1.05705397 -1.49513547 -3.0408147  -1.32361229  0.06787138],[-7.30058319  0.93943209  1.61149225 13.76483325 -1.01309193 -0.66736254],"[ 7.00661931e-02  2.96441832e-02 -5.30425165e+01  5.71648721e+00
 -1.25255137e+00  2.61819903e-01]","[  4.84764195   0.14829075  10.59134209 -49.34303419  -1.29359814
   0.27358031]","[ -7.72118193   0.14310803 -10.88790629 -82.06750528  -1.25001075
   0.39531171]","[-1.44338408e-02  3.80340391e-04  2.73523325e+03  4.14799212e+01
 -6.72186952e-01 -7.64284415e-01]",007,FW
639,0,0.5991085650685755,0,"[ -0.80570968   0.07095865 -20.66456019 -14.6496362   -0.79304535
   0.84907477]",[ 0.12818617  0.0864143  18.26079184 -0.34078094 -1.29851787 -0.1554967 ],[-4.00293751  0.98172955 -1.60720211 -4.43352962 -1.31077604  0.15611336],[-6.87452696  0.52082594  2.59836888 19.86255688 -0.55580023 -0.99715197],"[ 5.28806972e-02  2.46742533e-02 -6.36614922e+01  5.36646409e+00
 -1.23698383e+00  2.85559682e-01]","[  4.94472804   0.16936418   9.32150423 -44.09230332  -1.32734528
   0.12853294]","[-7.79326079e+00  1.00280893e-01 -1.49833139e+01 -1.14768873e+02
 -1.00761406e+00  6.92673466e-01]","[-1.44882988e-02  4.91617695e-04 -2.04886238e+03 -2.76845305e+01
 -3.35418404e-01 -1.04437774e+00]",007,FW
640,0,0.5991085650685755,0,"[-8.36765738e-01  3.35834861e-02 -3.64781180e+01 -2.85236393e+01
 -2.66484172e-01  1.14621889e+00]",[ 0.1791197   0.0764856  20.59535855 -1.68903445 -1.28083998 -0.21337345],[-4.57090498  0.85565097 -1.83718944 -6.39761835 -1.28128385  0.2608089 ],[-6.72395465  0.2516215   0.22606547  3.52005395 -1.70574777 -0.25668686],"[ 3.85742216e-02  2.03130602e-02 -7.73139991e+01  4.98232733e+00
 -1.22741062e+00  2.90911478e-01]","[ 5.05153726e+00  1.77822558e-01  8.89056205e+00 -4.29110055e+01
 -1.33358932e+00  1.67026957e-02]","[-7.83590250e+00  5.34450625e-02 -2.31948032e+01 -1.79752216e+02
 -4.41109852e-01  1.02373295e+00]","[-1.49554399e-02  1.14725157e-03 -1.25002396e+03 -1.66946582e+01
 -6.65259848e-01 -9.37986912e-01]",007,FW
641,0,0.5991085650685755,0,"[-8.46598754e-01  1.46018161e-02  2.51702490e+01  2.33091014e+01
 -1.65723545e+00  1.56374730e-01]",[ 0.22341316  0.06502173 24.16646933 -3.39910722 -1.25776781 -0.27482225],[-5.0465324   0.68865824 -2.26457246 -9.42823828 -1.21969697  0.39692261],"[ -6.8284504    0.43873512  -3.13668082 -19.41866942  -0.71024015
  -0.89930818]","[ 2.67092822e-02  1.67842085e-02 -9.36589430e+01  4.50156314e+00
 -1.22773865e+00  2.70556924e-01]","[  5.16025295   0.17430119   9.06571048 -44.7813592   -1.32559152
  -0.08053576]","[-7.84669187e+00  3.24146826e-02  1.65837927e+01  1.32127912e+02
 -1.31517919e+00  4.03206327e-01]","[-1.59334438e-02  2.02062906e-03 -7.49399700e+02 -9.94051802e+00
 -9.71012872e-01 -6.85505730e-01]",007,FW
642,0,0.5991085650685755,0,"[-8.41941548e-01  2.15561842e-02  6.96475644e+01  6.06391781e+01
 -1.28366959e+00  5.13849263e-01]",[ 0.26029282  0.05280544 29.64288189 -5.71582945 -1.22541045 -0.34773892],"[ -5.40809154   0.4952785   -3.0874742  -14.69734309  -1.08111636
   0.59554599]","[ -7.14915687   0.71531389  -2.15254975 -13.38891585  -1.18875556
  -0.51068049]","[ 1.67605911e-02  1.41725974e-02 -1.11127871e+02  3.86256880e+00
 -1.23951122e+00  2.22413028e-01]","[  5.26374422   0.16032208   9.83632893 -49.7759195   -1.30618733
  -0.17571131]","[-7.82773191e+00  6.14582603e-02  2.36486751e+01  1.87115489e+02
 -9.21188340e-01  7.77009076e-01]","[-1.75104710e-02  3.03904426e-03 -5.08183645e+02 -6.89853498e+00
 -1.11763511e+00 -5.20621921e-01]",007,FW
643,0,0.5622024440613755,0,"[-8.30232170e-01  2.52217804e-02  6.23841501e+01  5.37933283e+01
 -1.49646412e+00 -8.24693626e-02]",[ 0.28940942  0.04043617 38.43916168 -9.12465542 -1.1714356  -0.44725942],"[ -5.64293372   0.29553778  -4.82070374 -25.2029117   -0.71589769
   0.90993809]","[ -7.62943629   0.91101315  -1.72631094 -11.17077931  -1.33187829
  -0.23376566]","[ 8.20931868e-03  1.24086070e-02 -1.27163324e+02  3.04392425e+00
 -1.25891585e+00  1.60165087e-01]","[  5.35598834   0.13794874  11.38488909 -58.97733319  -1.27135334
  -0.28139928]","[-7.78478327e+00  9.09198957e-02  1.71280194e+01  1.35337919e+02
 -1.27646257e+00  3.88509156e-01]","[-1.97489368e-02  4.13608972e-03 -3.77132841e+02 -5.44797265e+00
 -1.19985652e+00 -4.00531431e-01]",007,FW
644,0,0.5622024440613755,0,"[-8.18589182e-01  2.00480854e-02  7.37122508e+01  6.23400511e+01
 -1.11986531e+00 -6.44985566e-01]","[ 3.10734458e-01  2.83577164e-02  5.39306875e+01 -1.47581229e+01
 -1.05925853e+00 -6.03819181e-01]","[ -5.74839191   0.13374735  -5.12932876 -27.48539193  -0.92183682
   0.66033339]","[ -8.19782011   0.9885376   -1.5987277  -11.10608209  -1.36874615
  -0.02015373]","[ 6.28799634e-04  1.12698888e-02 -1.40156534e+02  2.08813038e+00
 -1.27950762e+00  1.12553779e-01]","[  5.43233705   0.10956152  14.21553426 -75.2235735   -1.20596029
  -0.41569597]","[-7.72601610e+00  1.07740719e-01  1.46466014e+01  1.15159878e+02
 -1.35953509e+00  1.29985600e-01]","[-2.26726391e-02  5.23463326e-03 -2.99698923e+02 -4.79496552e+00
 -1.24864986e+00 -3.06639693e-01]",007,FW
645,0,0.5622024440613755,0,"[-8.12970402e-01  1.17850838e-02  4.47831585e+01  3.84073824e+01
 -1.38736464e+00 -3.33238088e-01]","[ 3.24462153e-01  1.70167395e-02  8.50439049e+01 -2.55935285e+01
 -7.62907317e-01 -8.76108107e-01]",[-5.7314443   0.16732399  7.37522353 44.2706829  -0.55253234  0.93101378],"[ -8.7737243    0.93557031  -1.68378685 -12.77308158  -1.34563878
   0.19045926]","[-6.25341471e-03  1.04346648e-02 -1.51395749e+02  1.05325960e+00
 -1.29629757e+00  1.04143423e-01]","[ 5.48966900e+00  7.77991418e-02  1.96176210e+01 -1.05694246e+02
 -1.06377563e+00 -6.12129030e-01]","[-7.66067035e+00  1.10036234e-01  1.43577942e+01  1.11990328e+02
 -1.36013237e+00 -7.06434135e-02]","[-2.62602202e-02  6.25870730e-03 -2.51523991e+02 -4.60507537e+00
 -1.27798692e+00 -2.30603864e-01]",007,FW
646,0,0.5622024440613755,0,"[-8.17598137e-01  2.07867903e-02 -5.89204527e+01 -4.61732524e+01
 -4.00938950e-01 -1.04731223e+00]","[ 3.30941769e-01  7.76599824e-03  1.14993701e+02 -3.60562189e+01
 -6.01326224e-01 -8.46531711e-01]",[-5.60727545  0.29955515  5.07151054 30.43735651 -1.09718671  0.61343239],"[ -9.27557736   0.75931309  -2.03999561 -16.92213712  -1.22919611
   0.45397995]","[-1.25316569e-02  9.58012298e-03 -1.64767802e+02 -6.48135640e-02
 -1.30352482e+00  1.41885516e-01]","[ 5.52647976e+00  4.58521266e-02  3.09562637e+01 -1.69079165e+02
 -6.93784361e-01 -9.23909341e-01]","[-7.59792654e+00  9.86324126e-02  1.59205570e+01  1.22963223e+02
 -1.31023001e+00 -2.71031603e-01]","[-3.04449031e-02  7.14108791e-03 -2.20909084e+02 -4.72555567e+00
 -1.29627037e+00 -1.66515155e-01]",007,FW
647,0,0.5622024440613755,0,"[ -0.83466299   0.04009894 -37.25976754 -29.09934895  -0.96071563
  -0.72963281]","[ 3.30642164e-01  8.37397042e-03 -1.34628877e+02  4.65139834e+01
 -4.95477241e-01 -9.31133399e-01]",[-5.39716758  0.4102429   3.81492562 22.58979289 -1.27611665  0.3338685 ],"[ -9.62977869   0.49131619  -2.91246659 -26.04640874  -0.83007343
   0.83682042]","[-1.81439424e-02  8.47603058e-03 -1.85767479e+02 -1.37055445e+00
 -1.29217973e+00  2.21653618e-01]","[ 5.54294685e+00  2.04625776e-02  3.33394498e+01 -1.82798798e+02
 -9.06287229e-01 -6.72645020e-01]","[-7.54619332e+00  7.57098978e-02  2.02819752e+01  1.55051706e+02
 -1.16191308e+00 -5.37636577e-01]","[-3.51174954e-02  7.82169231e-03 -2.01949128e+02 -5.09194758e+00
 -1.30857973e+00 -1.08569083e-01]",007,FW
648,0,0.5622024440613755,0,"[ -0.86428834   0.05915887 -26.24183542 -20.68051233  -1.20750795
  -0.44601994]","[ 3.24140778e-01  1.62071667e-02 -9.23162825e+01  3.19234717e+01
 -9.77868670e-01 -7.15961254e-01]",[-5.12620081  0.48271321  3.26789992 18.75191119 -1.32696684  0.15895757],"[ -9.77845335   0.2529076   -1.6625679  -14.25734269  -1.44737877
   0.35744076]","[-2.29334894e-02  7.03652152e-03 -2.22467344e+02 -3.10195247e+00
 -1.24887072e+00  3.40430245e-01]","[ 5.54096216e+00  2.43772409e-02 -5.09243709e+01  2.84170012e+02
 -6.12494134e-01 -8.88535262e-01]","[-7.51282856e+00  4.52677714e-02  2.98002595e+01  2.25884241e+02
 -6.69051465e-01 -9.11663380e-01]","[-4.01297885e-02  8.24255301e-03 -1.91779566e+02 -5.69607343e+00
 -1.31707425e+00 -5.11131451e-02]",007,FW
649,0,0.5622024440613755,0,"[ -0.90473232   0.07427548 -21.16736195 -17.15079658  -1.30253757
  -0.25133117]","[ 3.12130418e-01  2.39546681e-02 -6.48323335e+01  2.22361433e+01
 -1.19722068e+00 -4.46249726e-01]",[-4.82105306  0.51381354  3.07662538 16.8325742  -1.33878769  0.02875865],[-9.68477335  0.43304029  2.94973737 30.56753791 -0.47606604  1.01585268],"[-2.67317534e-02  5.32552555e-03 -2.90205820e+02 -5.75771042e+00
 -1.14900008e+00  5.04199236e-01]","[ 5.52407704e+00  4.13914701e-02 -3.70042088e+01  2.06414100e+02
 -1.19829589e+00 -5.30831641e-01]","[-7.50416169e+00  2.90693614e-02 -9.94326787e+00 -7.26158898e+01
 -1.51706668e+00 -3.64230146e-01]","[-4.52976129e-02  8.34712270e-03 -1.89413552e+02 -6.57998174e+00
 -1.32157853e+00  1.09434191e-02]",007,FW
650,0,0.6147523732137936,0,"[ -0.95278671   0.08329851 -18.96202466 -16.06676504  -1.33801753
  -0.10021256]","[ 2.95430255e-01  3.05481587e-02 -5.13955133e+01  1.71837896e+01
 -1.27279198e+00 -2.86581323e-01]",[-4.50803332  0.50469877  3.13053902 16.1125742  -1.33126985 -0.0858951 ],[-9.33551976  0.80560828  1.87026915 19.45993463 -1.00475998  0.68623499],"[-2.94400906e-02  3.52759421e-03 -4.25269277e+02 -1.05199660e+01
 -9.36742891e-01  7.32541506e-01]","[ 5.49729090e+00  5.20265623e-02 -3.02733598e+01  1.68421466e+02
 -1.37758040e+00 -1.77273222e-01]","[-7.52561658e+00  6.60849201e-02 -2.07193544e+01 -1.53925917e+02
 -5.42050298e-01 -1.01211946e+00]","[-5.04046644e-02  8.08621331e-03 -1.95414118e+02 -7.84978303e+00
 -1.32021623e+00  8.28174113e-02]",007,FW
651,0,0.6147523732137936,0,"[ -1.00429879   0.08515931 -18.56195918 -16.64175314  -1.34286136
   0.03329106]","[ 2.74978098e-01  3.56362685e-02 -4.42495987e+01  1.41676705e+01
 -1.30394422e+00 -1.78067946e-01]",[-4.21141966  0.45947679  3.42893958 16.44070356 -1.30600265 -0.20253829],[-8.74096599  1.16944295  1.32943101 13.62051121 -1.20634023  0.43330676],"[-3.10907687e-02  1.90041869e-03 -7.24515343e+02 -2.05257390e+01
 -4.96257324e-01  1.04695673e+00]","[ 5.46663825e+00  5.30622386e-02 -2.97336713e+01  1.64543225e+02
 -1.39064314e+00  1.14842529e-01]","[ -7.58172019   0.12155011 -12.40222864 -92.03022731  -0.96152765
  -0.70547242]","[-5.52087104e-02  7.42649773e-03 -2.12361961e+02 -9.72422999e+00
 -1.30871413e+00  1.72410958e-01]",007,FW
652,0,0.6147523732137936,0,"[ -1.05471908   0.07972859 -19.77982385 -18.86215763  -1.32376816
   0.169298  ]","[ 2.51787105e-01  3.90651182e-02 -4.04413629e+01  1.21826137e+01
 -1.31535413e+00 -9.72576603e-02]",[-3.95210696  0.38473228  4.06871109 18.07998143 -1.25376482 -0.33918035],[-7.93255561  1.47383249  1.06609834 10.45688437 -1.28457551  0.2690114 ],"[-3.18783787e-02  7.24133128e-04 -1.25252634e+03 -3.79285090e+01
 -1.91366505e-01  1.14388656e+00]","[ 5.43858077e+00  4.42469817e-02 -3.49533880e+01  1.92096824e+02
 -1.25895425e+00  4.49773922e-01]","[ -7.67586429   0.18343683  -8.42457778 -62.66591572  -1.12993765
  -0.51143015]","[-5.94505873e-02  6.35666013e-03 -2.46843978e+02 -1.26750194e+01
 -1.27533170e+00  2.95948744e-01]",007,FW
653,0,0.3821174338659803,0,"[ -1.09958571   0.06762282 -23.14848323 -23.45374136  -1.26893027
   0.33395617]","[ 2.26868198e-01  4.08834584e-02 -3.86691517e+01  1.07728007e+01
 -1.31596317e+00 -3.64345267e-02]",[-3.74656     0.28897967  5.33263407 21.9790335  -1.14041341 -0.52729892],[-6.95908104  1.69003128  0.93378806  8.4983068  -1.31796027  0.14708612],"[-3.21640809e-02  2.31177559e-04  3.13172989e+03  1.02729214e+02
 -8.34417298e-01 -4.09722083e-01]","[ 5.41927531e+00  2.79108117e-02 -4.86536127e+01  2.65667322e+02
 -7.34645580e-01  8.71725090e-01]","[ -7.80985381   0.24746617  -6.31025077 -47.28213603  -1.21142954
  -0.38382941]","[-6.28647519e-02  4.89365991e-03 -3.15844906e+02 -1.78555117e+01
 -1.17853376e+00  4.91128952e-01]",007,FW
654,0,0.347001121266241,0,"[ -1.1349086    0.05009069 -30.54570663 -32.66658509  -1.11847799
   0.57561482]","[ 2.01137985e-01  4.13386028e-02 -3.82478846e+01  9.69310246e+00
 -1.31146082e+00  7.06933299e-03]",[-3.60615683  0.18274986  7.99064592 30.81552237 -0.83834043 -0.82672027],[-5.88184205  1.80091661  0.8777357   7.16270275 -1.3299806   0.04558051],"[-3.24593781e-02  6.65378143e-04 -1.11077631e+03 -3.40551081e+01
 -2.99975667e-01 -1.08466141e+00]","[ 5.41384163e+00  1.79396245e-02  1.29494370e+01 -6.81062008e+01
 -1.57944677e+00  3.17968094e-01]","[ -7.9834138    0.30952825  -5.07289372 -38.49900976  -1.25765093
  -0.28876235]","[-6.51902256e-02  3.11866631e-03 -4.63289447e+02 -2.82019436e+01
 -8.42541010e-01  8.27071247e-01]",007,FW
655,0,0.5617740228879902,0,"[-1.15748011e+00  2.95068637e-02 -4.63415560e+01 -5.16394294e+01
 -6.51081716e-01  9.36989343e-01]","[ 1.75346655e-01  4.07875731e-02 -3.87609558e+01  8.79660393e+00
 -1.30627026e+00  3.62425787e-02]",[-3.53702217  0.08700796 10.57794724 39.41443391 -0.60197401 -0.83888728],[-4.76912296  1.79999067  0.87817654  6.18813193 -1.32876105 -0.04795716],"[-3.33918281e-02  2.21325659e-03 -5.88150119e+02 -1.76394077e+01
 -2.23443456e-01 -1.20355618e+00]","[ 5.42576327e+00  3.84803312e-02  3.56394751e+01 -1.91371355e+02
 -6.00092771e-01  9.75398260e-01]","[ -8.19383439   0.36535444  -4.31174386 -33.32971513  -1.2860403
  -0.21116314]","[-6.61824168e-02  1.57350057e-03 -3.44266845e+02 -2.07844118e+01
 -1.29669056e+00  4.26361368e-01]",007,FW
656,0,0.5934721804906309,0,[-1.16514981  0.01580264  0.5287204   2.61603847 -1.71717237  0.24759068],"[ 1.50060646e-01  3.95530730e-02 -3.99646782e+01  7.99712542e+00
 -1.30309682e+00  5.68803210e-02]","[ -3.54033397   0.09372355 -11.74423355 -39.57850895  -0.49744448
  -0.9236479 ]",[-3.69049022  1.69026538  0.93375565  5.4460161  -1.31577992 -0.14380794],"[-3.56505332e-02  4.89591358e-03 -2.96321852e+02 -8.56403201e+00
 -6.76086642e-01 -9.23222162e-01]","[ 5.45650920e+00  6.72886075e-02  2.25993268e+01 -1.21313435e+02
 -1.05792287e+00  6.30345865e-01]","[ -8.4358046    0.41074412  -3.84290891 -30.41802869  -1.30426237
  -0.14293621]","[-6.56270822e-02  2.66398913e-03  4.66140563e+02  3.25914450e+01
 -3.96047630e-01  1.05656656e+00]",007,FW
657,0,0.4593085318393382,0,"[-1.15705405e+00  3.02540635e-02  4.50548338e+01  5.41308780e+01
 -6.30366952e-01  9.50328202e-01]","[ 1.25712121e-01  3.77985814e-02 -4.18102576e+01  7.25605616e+00
 -1.30247785e+00  7.76490303e-02]","[ -3.61298505   0.18288312  -8.1591409  -27.47885404  -0.96734903
  -0.72694228]",[-2.71142232  1.48275771  1.06045517  4.87534182 -1.28607284 -0.25422522],"[-3.99116628e-02  8.64002555e-03 -1.74810541e+02 -4.97697938e+00
 -9.41406263e-01 -7.08103384e-01]","[  5.50539277   0.09445387  16.50674766 -88.87612919  -1.22988429
   0.39623082]","[ -8.70135811   0.4416259   -3.57837074 -29.13668523  -1.31643792
  -0.07766419]","[-6.33567094e-02  5.25987608e-03  2.83308527e+02  1.99494960e+01
 -9.08758989e-01  7.61111147e-01]",007,FW
658,0,0.6625050393699219,0,[-1.1337411   0.05176075 29.51253303 35.45957157 -1.10775427  0.58807448],"[ 1.02693970e-01  3.54833102e-02 -4.45172859e+01  6.57165683e+00
 -1.30273528e+00  1.08455099e-01]","[ -3.74845183   0.2715353   -5.71781762 -19.43296394  -1.1978407
  -0.44850951]",[-1.88862218  1.19547509  1.30421283  4.46316528 -1.22223625 -0.3986215 ],"[-4.67518028e-02  1.32135460e-02 -1.16585589e+02 -3.45058648e+00
 -1.09614083e+00 -5.46484457e-01]","[  5.56964214   0.11597492  13.56920225 -73.57560069  -1.30276743
   0.23169719]","[-8.97987855e+00  4.53973346e-01 -3.48269032e+00 -2.92741361e+01
 -1.32408421e+00 -8.46104188e-03]","[-5.92681462e-02  8.13583461e-03  1.89592545e+02  1.32367986e+01
 -1.12461882e+00  5.27021147e-01]",007,FW
659,0,0.6625050393699219,0,[-1.09711705  0.07035864 22.23599582 26.39549008 -1.26526161  0.34265295],"[ 8.14576790e-02  3.24107905e-02 -4.86821565e+01  5.96553547e+00
 -1.29968182e+00  1.59081250e-01]","[ -3.93772495   0.34670272  -4.52856019 -15.83222444  -1.27260689
  -0.28630427]",[-1.266255    0.85356607  1.78580125  4.26127977 -1.06880543 -0.61542136],"[-5.65651091e-02  1.82452395e-02 -8.53759849e+01 -2.82930190e+00
 -1.18996362e+00 -4.19183160e-01]","[  5.64465444   0.12899801  12.24564247 -67.12242015  -1.33534557
   0.09611576]","[ -9.25824222   0.44393765  -3.55980156 -30.95750515  -1.32535422
   0.07270379]","[-5.33389909e-02  1.10228931e-02  1.41673421e+02  9.55671730e+00
 -1.21611967e+00  3.81846291e-01]",007,FW
660,0,0.6625050393699219,0,[-1.05017521  0.083629   18.85119803 21.79706088 -1.31718234  0.1813763 ],"[ 6.25718945e-02  2.83410736e-02 -5.55178934e+01  5.47385977e+00
 -1.28484463e+00  2.40368635e-01]","[ -4.17016578   0.40494842  -3.89381884 -14.23787008  -1.30158861
  -0.18054978]",[-0.87328777  0.49451354  2.80204724  4.44699358 -0.63904057 -0.95299973],"[-6.95061364e-02  2.32958890e-02 -6.73064077e+01 -2.67820835e+00
 -1.24662073e+00 -3.16230600e-01]","[ 5.72441281e+00  1.31563870e-01  1.20147914e+01 -6.67776255e+01
 -1.34348272e+00 -3.35953526e-02]","[ -9.52124619   0.40850443  -3.86002672 -34.75226464  -1.31346638
   0.17629336]","[-4.56388779e-02  1.37400848e-02  1.14323114e+02  7.21757865e+00
 -1.26269183e+00  2.80329147e-01]",007,FW
661,0,0.6625050393699219,0,[-0.99655414  0.0907859  17.40839985 19.34841287 -1.33029348  0.06449693],"[ 4.67182338e-02  2.31206021e-02 -6.75692058e+01  5.15671396e+00
 -1.23853755e+00  3.70054697e-01]","[ -4.43416399   0.44485374  -3.55111804 -13.74623973  -1.31431217
  -0.10197831]",[-0.72210751  0.23605239  1.08984393  2.78698449 -1.58204516 -0.3190033 ],"[-8.54769733e-02  2.79552902e-02 -5.63062084e+01 -2.81288427e+00
 -1.27926452e+00 -2.32736386e-01]","[  5.80203963   0.12277629  12.84121006 -72.50520963  -1.32608124
  -0.17652517]","[ -9.75243007   0.34658178  -4.52068888 -42.08770214  -1.27099625
   0.32036543]","[-3.63315648e-02  1.61281913e-02  9.77051093e+01  5.54977951e+00
 -1.28879842e+00  2.02036488e-01]",007,FW
662,0,0.6625050393699219,0,[-0.9400443   0.09202    17.18033069 18.150272   -1.32698705 -0.02765002],"[ 3.46275436e-02  1.68024223e-02 -9.09911371e+01  5.15079957e+00
 -1.10039522e+00  5.87421546e-01]","[ -4.71754709   0.46560908  -3.39537586 -14.01784554  -1.3198628
  -0.03536919]",[-0.80859053  0.39751548 -3.35850529 -0.71565556 -0.60504794 -0.95187902],"[-1.04160533e-01  3.19194212e-02 -4.94234711e+01 -3.14797509e+00
 -1.29672868e+00 -1.65580964e-01]","[  5.87044097   0.10298892  15.17091077 -87.05993616  -1.26251465
  -0.36007056]","[ -9.9352905    0.26025357  -5.90234493 -56.64151148  -1.1423732
   0.5449133 ]","[-2.56657923e-02  1.80557388e-02  8.74324231e+01  4.24402241e+00
 -1.30350201e+00  1.37706992e-01]",007,FW
663,0,0.6625050393699219,0,[-0.88417829  0.08808474 17.93215217 17.85521967 -1.31563588 -0.10790299],"[ 2.69823126e-02  9.85659595e-03 -1.39766392e+02  5.77122048e+00
 -6.58202920e-01  9.36090818e-01]","[ -5.00783587   0.46667404  -3.38774917 -14.9652918   -1.32044059
   0.02826292]",[-1.11358627  0.690721   -2.20876203 -0.45964707 -1.09929195 -0.59708271],"[-1.25081287e-01  3.50121651e-02 -4.51134264e+01 -3.64284542e+00
 -1.30553979e+00 -1.11444108e-01]","[ 5.92297747e+00  7.40276392e-02  2.04599653e+01 -1.19183914e+02
 -1.06742379e+00 -6.38899837e-01]","[-10.0547453    0.15765043  -8.86397939 -87.12505512  -0.71841277
   0.90232201]","[-1.39562508e-02  1.94324008e-02  8.13189419e+01  3.13490755e+00
 -1.31095540e+00  8.29242143e-02]",007,FW
664,0,0.6591313341722139,0,[-0.83198899  0.07992529 19.72440749 18.41048984 -1.29758423 -0.18770094],"[ 2.43184003e-02  5.15081237e-03 -1.21898887e+01  2.29643859e+00
 -1.71549100e+00  2.52570931e-01]","[ -5.29248573   0.44795833  -3.52690011 -16.66606854  -1.31546729
   0.09502968]",[-1.60553308  0.94754023 -1.6499903  -0.649114   -1.25454417 -0.35513679],"[-1.47666268e-01  3.71501671e-02 -4.25451058e+01 -4.28247697e+00
 -1.31016804e+00 -6.60202661e-02]","[ 5.95408425e+00  4.07903970e-02  3.05204176e+01 -1.79721138e+02
 -5.19824512e-01 -9.63748823e-01]","[-10.09859882   0.0822324   -2.07485297 -18.95310778  -1.67871401
   0.26395088]","[-1.55882770e-03  2.02156562e-02  7.82043143e+01  2.12190705e+00
 -1.31368059e+00  3.51486375e-02]",007,FW
665,0,0.6591313341722139,0,[-0.78593152  0.06846039 22.94346653 20.03199353 -1.26799202 -0.28006491],"[ 2.69489956e-02  9.93673935e-03  1.35724033e+02 -1.65762637e+00
 -5.72862968e-01  9.82647678e-01]","[ -5.55915273   0.41006992  -3.8462572  -19.38193122  -1.3028188
   0.17137083]",[-2.24391354  1.13967329 -1.38237788 -1.10193645 -1.30664312 -0.20324024],"[-1.71286960e-01  3.82840184e-02 -4.12976057e+01 -5.07374136e+00
 -1.31288704e+00 -2.44132302e-02]","[ 5.95976397e+00  2.96076839e-02 -2.11282235e+01  1.27919225e+02
 -1.06504863e+00 -5.73066025e-01]","[-10.05876135   0.1561603    8.49529893  87.45218458  -0.52675898
   1.00472051]","[ 1.11545739e-02  2.04052355e-02  7.74853028e+01  1.13568446e+00
 -1.31343876e+00 -7.84747969e-03]",007,FW
666,0,0.6591313341722139,0,[-0.74788551  0.05456167 28.57302624 23.36935223 -1.21136444 -0.40334286],"[ 3.49168391e-02  1.77028701e-02  8.57431099e+01 -9.93878372e-01
 -1.04068151e+00  6.44905003e-01]","[ -5.79592549   0.35425931  -4.43582801 -23.70972864  -1.27654064
   0.26907118]",[-2.98339673  1.25868559 -1.25513964 -1.7445795  -1.32338547 -0.09528798],"[-1.95278292e-01  3.83585562e-02 -4.12181804e+01 -6.04901588e+00
 -1.31404303e+00  1.78613116e-02]","[ 5.93789513e+00  6.35025426e-02 -2.24863419e+01  1.35521540e+02
 -7.46117220e-01 -8.90544757e-01]",[-9.93205564  0.28435396  5.31814745 54.82013637 -1.01535367  0.66994368],"[ 2.38172689e-02  2.00289363e-02  7.89265584e+01  1.20184934e-01
 -1.31119465e+00 -4.85648646e-02]",007,FW
667,0,0.6591313341722139,0,[-0.71914013  0.03919192 39.06027858 30.08981379 -1.08371755 -0.5888722 ],"[ 4.79718941e-02  2.52835654e-02  6.15582805e+01 -9.53067315e-01
 -1.20544033e+00  4.22852425e-01]","[ -5.99143644   0.2821262   -5.51916177 -31.06770691  -1.21521013
   0.41476283]",[-3.77856255  1.30645333 -1.21017533 -2.57272318 -1.32354233 -0.01334935],"[-2.18945413e-01  3.73148193e-02 -4.23578812e+01 -7.27406380e+00
 -1.31270834e+00  6.42113741e-02]","[  5.88833202   0.10468635 -14.65020386  88.2652645   -1.10857258
  -0.56849821]",[-9.7205433   0.41236294  3.7686879  38.63369393 -1.1931673   0.44177972],"[ 3.60831201e-02  1.91294063e-02  8.26000515e+01 -9.80467580e-01
 -1.30699911e+00 -8.96492989e-02]",007,FW
668,0,0.4681923066734659,0,"[-7.00322537e-01  2.36653413e-02  6.08246994e+01  4.45969078e+01
 -7.49170625e-01 -8.87906547e-01]","[ 6.55737489e-02  3.19094843e-02  4.92197928e+01 -1.22752633e+00
 -1.27300878e+00  2.80361202e-01]","[ -6.13480397   0.19597384  -7.69803817 -45.22595515  -1.02907562
   0.66927552]",[-4.58890315  1.29411689 -1.2215379  -3.60551912 -1.31469143  0.04750947],"[-2.41575959e-01  3.51251057e-02 -4.49631466e+01 -8.86201527e+00
 -1.30720820e+00  1.17102468e-01]","[  5.81280835   0.14306639 -10.91983829  65.47492723  -1.23483083
  -0.37120703]",[-9.43139459  0.52686025  2.97857095 30.09207795 -1.26489061  0.29715665],"[ 4.76369383e-02  1.77593639e-02  8.89014150e+01 -2.23499122e+00
 -1.30010560e+00 -1.33562905e-01]",007,FW
669,0,0.4681923066734659,0,"[-6.91304485e-01  1.07045382e-02  8.17410106e+01  5.85079272e+01
 -5.80400749e-01 -8.64551725e-01]","[ 8.69231816e-02  3.71063287e-02  4.24991394e+01 -1.69416042e+00
 -1.30436993e+00  1.76042200e-01]","[ -6.21551617   0.10504495 -11.42674614 -69.02312543  -0.51330416
   0.94367623]",[-5.38334696  1.24044804 -1.27388741 -4.85777792 -1.30229261  0.08606871],"[-2.62469745e-01  3.18333329e-02 -4.95378573e+01 -1.10021888e+01
 -1.29523261e+00  1.78897642e-01]",[ 5.71467444  0.17531548 -8.97401584 53.28357894 -1.28608698 -0.24224656],[-9.07635975  0.61987762  2.54267038 25.07819109 -1.29811993  0.19376387],"[ 5.82025776e-02  1.59842568e-02  9.86490007e+01 -3.74162612e+00
 -1.28918215e+00 -1.82629749e-01]",007,FW
670,0,0.4233787188319257,0,"[-6.91157177e-01  1.04081412e-02 -1.09609278e+02 -7.37572391e+01
 -6.21793819e-01 -8.31194147e-01]",[ 0.1110282   0.04057906 38.93465418 -2.32284458 -1.31735895  0.09335681],[-6.2235589   0.08890247  8.67284535 55.97596388 -0.76870981  0.75052386],[-6.14319652  1.16812629 -1.35250741 -6.30871883 -1.29144567  0.09934927],"[-2.80983510e-01  2.75752697e-02 -5.70333626e+01 -1.40254344e+01
 -1.27323033e+00  2.53432316e-01]",[ 5.59850694  0.19958421 -7.90738018 46.26952286 -1.30850006 -0.14847299],[-8.67088543  0.68599836  2.30239214 21.96377843 -1.31397213  0.11209109],"[ 6.75502931e-02  1.38847216e-02  1.13339043e+02 -5.65608559e+00
 -1.27220836e+00 -2.39868229e-01]",007,FW
671,2,0.8804963518832093,1,"[-6.98214246e-01  1.82447042e-02 -8.34645106e+01 -5.62761103e+01
 -1.16533876e+00 -5.68934816e-01]","[ 1.36802140e-01  4.22501640e-02  3.74198765e+01 -3.11911918e+00
 -1.31939120e+00  2.61336886e-02]",[-6.15008377  0.19925016  7.17687164 46.1383618  -0.71017719  0.91252074],[-6.86261474  1.09861995 -1.43833542 -7.87074187 -1.28559398  0.08711168],"[-2.96578797e-01  2.25707503e-02 -6.93351164e+01 -1.85633254e+01
 -1.23381307e+00  3.48854770e-01]",[ 5.46965052  0.21496102 -7.3518465  42.21203103 -1.31748087 -0.07438147],[-8.23295554  0.72205766  2.18936121 20.02491349 -1.32031052  0.04213853],"[ 7.55031362e-02  1.15535905e-02  1.35759320e+02 -8.25025447e+00
 -1.24524325e+00 -3.10758046e-01]",007,FW
672,2,0.8804963518832093,1,"[-7.10262646e-01  2.36915466e-02 -6.63865053e+01 -4.51518549e+01
 -1.35181880e+00 -2.22501013e-01]","[ 1.63175171e-01  4.22582175e-02  3.74128407e+01 -4.10484668e+00
 -1.31534121e+00 -2.84760767e-02]",[-5.98866192  0.33780241  4.51675355 29.04930998 -1.05117208  0.61896042],[-7.54670849  1.04770708 -1.50876163 -9.38618418 -1.28470938  0.05507702],"[-3.08861703e-01  1.70994961e-02 -9.05860623e+01 -2.59785655e+01
 -1.15710308e+00  4.83334093e-01]","[ 5.33376949e+00  2.21275215e-01 -7.14526319e+00  4.01111868e+01
 -1.31921369e+00 -1.16497561e-02]",[-7.78182913  0.72700243  2.17470583 18.92318919 -1.32029705 -0.0221626 ],"[ 8.19424948e-02  9.09077172e-03  1.71511047e+02 -1.20540430e+01
 -1.19855620e+00 -4.05983166e-01]",007,FW
673,2,0.8804963518832093,1,"[-7.24826942e-01  2.53967710e-02 -6.22263296e+01 -4.31033202e+01
 -1.37227950e+00  1.69116288e-02]",[ 0.1891879   0.04088113 38.65904619 -5.31382361 -1.30888309 -0.07357132],[-5.73686111  0.48059752  3.23614091 20.56529091 -1.18840268  0.43593121],"[ -8.20825044   1.02385489  -1.54425248 -10.67561106  -1.28572546
   0.01306803]","[-3.17608391e-01  1.14891728e-02 -1.31195889e+02 -3.96689153e+01
 -9.79164371e-01  6.97458849e-01]",[ 5.19647846  0.21889873 -7.22174492 39.52764198 -1.31645593  0.04530399],[-7.33687709  0.70162019  2.25212377 18.52355531 -1.31503804 -0.08565802],"[ 8.68142434e-02  6.60439059e-03  2.33135298e+02 -1.82394645e+01
 -1.10618646e+00 -5.46142269e-01]",007,FW
674,2,0.8804963518832093,1,"[-7.39470986e-01  2.35167517e-02 -6.68958933e+01 -4.74675722e+01
 -1.32866738e+00  2.29053722e-01]","[ 2.14040305e-01  3.84201052e-02  4.11103397e+01 -6.79926965e+00
 -1.30195828e+00 -1.13984034e-01]",[-5.39767938  0.61519197  2.54948356 15.76129483 -1.25574393  0.30902971],"[ -8.86434638   1.02999365  -1.5349568  -11.60638879  -1.2854486
  -0.03075669]","[-3.22775583e-01  6.20660963e-03 -2.14748868e+02 -6.73156911e+01
 -5.07855026e-01  1.02116511e+00]",[ 5.06308734  0.20852607 -7.57588907 40.35738808 -1.31013938  0.10155031],[-6.91665108  0.64807998  2.4348927  18.84130324 -1.3039806  -0.15399988],"[ 9.01368537e-02  4.22423440e-03  3.52515393e+02 -2.97746284e+01
 -8.92911609e-01 -7.70930892e-01]",007,FW
675,2,0.3894389159047584,1,"[-7.52037533e-01  1.86912912e-02 -8.26992112e+01 -6.01929108e+01
 -1.20142575e+00  4.81166904e-01]","[ 2.37088600e-01  3.51061545e-02  4.49491689e+01 -8.65693552e+00
 -1.29427984e+00 -1.56305039e-01]",[-4.98035663  0.73025737  2.1571689  12.74347041 -1.2924602   0.21010266],"[ -9.53373089   1.06640993  -1.48205757 -12.129538    -1.2833853
  -0.07164744]","[-3.24498311e-01  3.04994707e-03  2.23740197e+01  9.26033160e+00
 -1.71995794e+00  2.46201798e-01]",[ 4.93846266  0.19097339 -8.26111306 42.79719841 -1.29939877  0.16314174],[-6.53823242  0.56938808  2.76397305 20.0714982  -1.283551   -0.23591205],"[ 9.20107024e-02  2.14502931e-03  5.99133148e+02 -5.31266618e+01
 -3.89992950e-01 -1.08321240e+00]",007,FW
676,2,0.5010541650196847,1,"[-7.60786515e-01  1.19131800e-02 -1.20043488e+02 -8.93274665e+01
 -8.10435608e-01  8.49061504e-01]","[ 2.57804368e-01  3.10687377e-02  5.07099792e+01 -1.10732542e+01
 -1.28314600e+00 -2.08656687e-01]",[-4.50027334  0.81602113  1.93497635 10.70792247 -1.31243115  0.12650609],"[-10.23455446   1.13158779  -1.39606567 -12.2881101   -1.28209293
  -0.10438555]","[-3.23075936e-01  5.53849038e-03  2.51709480e+02  8.33212759e+01
 -7.33690187e-01  8.89893714e-01]",[ 4.82698275  0.16705405 -9.41984647 47.46943648 -1.28039782  0.23886247],[-6.21684386  0.4690248   3.33637448 22.74171918 -1.24242376 -0.34722676],"[ 9.26245626e-02  9.92156492e-04 -1.92229927e+02  1.98052129e+01
 -1.70720648e+00 -2.11450466e-01]",007,FW
677,2,0.658344615307809,1,"[-7.64455378e-01  6.03238878e-03 -7.29500023e+01 -5.37670216e+01
 -1.41878807e+00  3.74499410e-01]","[ 2.75725954e-01  2.63650267e-02  5.95751962e+01 -1.44264278e+01
 -1.26216100e+00 -2.81704648e-01]",[-3.97792942  0.86536146  1.82665788  9.26631611 -1.32170778  0.05141735],"[-10.98219764   1.2203817   -1.29408084 -12.21185159  -1.28466418
  -0.12201503]","[-3.18945413e-01  9.05958547e-03  1.69882326e+02  5.61831886e+01
 -1.16301955e+00  5.24711495e-01]","[  4.73254154   0.13757607 -11.37718709  55.84301052  -1.24218232
   0.3438416 ]",[-5.96562909  0.35113841  4.39189589 28.20042193 -1.14382428 -0.52084216],"[ 9.22532363e-02  1.60202763e-03 -9.03796441e+02  8.53781466e+01
 -1.00774620e+00 -7.16649264e-01]",007,FW
678,2,0.4108657546838495,1,"[-7.62298049e-01  1.01926491e-02  1.25034102e+02  9.73132520e+01
 -4.74236123e-01  1.01580765e+00]","[ 2.90431554e-01  2.10438264e-02  7.41441223e+01 -1.95337927e+01
 -1.21577308e+00 -3.92480116e-01]",[-3.43722477  0.87447011  1.8079662   8.21438621 -1.32301534 -0.01986921],"[-11.78688871   1.32216676  -1.19449033 -12.07932456  -1.29162378
  -0.1202116 ]","[-3.12643058e-01  1.19031807e-02  1.31787680e+02  4.32025033e+01
 -1.28219034e+00  2.97901533e-01]","[  4.65853604   0.103509   -14.9194301   71.50270286  -1.15090643
   0.50860462]",[-5.79542566  0.22239026  6.56309264 40.03591552 -0.84796283 -0.82067924],"[ 9.12420256e-02  2.21301233e-03 -7.08971046e+02  6.66879543e+01
 -1.39938070e+00 -2.36540138e-01]",007,FW
679,2,0.6011127569193364,1,"[-7.54127326e-01  1.88950826e-02  7.97708385e+01  6.21573691e+01
 -1.01348881e+00  6.81089917e-01]","[ 3.01546583e-01  1.52225518e-02  1.00710641e+02 -2.83689498e+01
 -1.09856496e+00 -5.74729336e-01]",[-2.90334144  0.84308185  1.87406159  7.4410407  -1.31698584 -0.0912737 ],"[-12.65146384   1.42180088  -1.11115845 -12.05778089  -1.3004208
  -0.10060679]","[-3.04760323e-01  1.38434426e-02  1.13968765e+02  3.67331575e+01
 -1.31757729e+00  1.56617082e-01]","[ 4.60777615e+00  6.65355520e-02 -2.21185418e+01  1.03917290e+02
 -8.81947676e-01  7.94087047e-01]",[-5.71436597  0.10711224  7.87017318 46.97304983 -0.75358933 -0.73493145],"[ 8.99783548e-02  2.27643783e-03 -6.91756181e+02  6.42430831e+01
 -1.41422251e+00  1.55440299e-01]",007,FW
680,2,0.8354753656546405,1,"[-7.40327816e-01  2.71633489e-02  5.72998518e+01  4.44206742e+01
 -1.22342715e+00  4.16182632e-01]","[ 3.08777607e-01  9.20816743e-03  1.55409076e+02 -4.59868426e+01
 -7.51244600e-01 -8.86753949e-01]",[-2.40048617  0.77447953  2.03681642  6.88934964 -1.30250615 -0.1664081 ],"[-13.57004435   1.50330586  -1.05135972 -12.26699807  -1.30781023
  -0.06899402]","[-2.95900373e-01  1.48627351e-02  1.06347815e+02  3.34683582e+01
 -1.32669205e+00  5.55658350e-02]","[ 4.58229565e+00  3.24328987e-02 -3.01261824e+01  1.40047075e+02
 -5.63901718e-01  8.62021256e-01]","[ -5.72727428   0.13318128  -8.58916734 -47.19251719  -0.43531149
  -0.9855376 ]","[ 8.88552149e-02  1.78813501e-03 -8.44813384e+02  7.70660748e+01
 -1.16242826e+00  5.91942822e-01]",007,FW
681,2,0.8354753656546405,1,"[-7.21790363e-01  3.37121844e-02  4.66616385e+01  3.56799210e+01
 -1.29987144e+00  2.41098341e-01]","[ 3.11954865e-01  4.30073297e-03  1.48386612e+02 -4.42899256e+01
 -1.05577146e+00 -5.76329433e-01]",[-1.94971625  0.67530495  2.3292762   6.54142767 -1.27674125 -0.24903231],"[-14.52824923   1.55371867  -1.01755304 -12.78326421  -1.31216034
  -0.0312863 ]","[-2.86639874e-01  1.50181657e-02  1.05269725e+02  3.21745008e+01
 -1.32473480e+00 -2.66585369e-02]","[ 4.58309606e+00  3.40596555e-02  3.09295543e+01 -1.39753119e+02
 -4.96471297e-01  9.17450103e-01]","[ -5.83497304   0.26344983  -5.65116377 -30.97438827  -0.93525941
  -0.74880302]","[ 8.82330467e-02  1.01295436e-03 -9.31940753e+02  8.42279720e+01
 -7.99618261e-01  6.62230691e-01]",007,FW
682,2,0.8354753656546405,1,"[-6.99749563e-01  3.80032115e-02  4.15528527e+01  3.10765905e+01
 -1.32228515e+00  1.18604605e-01]","[ 3.11066916e-01  6.05639370e-03 -2.04321598e+02  6.55576895e+01
 -4.83372660e-01 -9.87373652e-01]",[-1.56706747  0.55502122  2.82053644  6.4199709  -1.23441937 -0.34405694],"[-1.55049465e+01  1.56496335e+00 -1.01031306e+00 -1.36648500e+01
 -1.31347936e+00  9.10563309e-03]","[-2.77497344e-01  1.44110237e-02  1.09621436e+02  3.24196573e+01
 -1.31518424e+00 -1.00695195e-01]","[ 4.60988453e+00  6.82216502e-02  2.17217602e+01 -9.81348063e+01
 -9.24444036e-01  7.62064399e-01]","[ -6.0336572    0.39823038  -3.88841803 -21.4613814   -1.17191094
  -0.48046481]","[ 8.84060808e-02  1.36247755e-03  7.77281945e+02 -6.67164505e+01
 -3.75250691e-01  1.01523619e+00]",007,FW
683,2,0.8354753656546405,1,"[-6.75544974e-01  4.00883315e-02  3.94356901e+01  2.86405822e+01
 -1.32046470e+00  3.55757175e-02]","[ 3.06278943e-01  1.13311057e-02 -1.32966089e+02  4.27247131e+01
 -1.01156784e+00 -6.82363581e-01]",[-1.26213304  0.42499394  3.65362791  6.61136451 -1.16512389 -0.45914278],"[-16.47502739   1.53375803  -1.03065574 -14.9800815   -1.31195226
   0.05127551]","[-2.68907682e-01  1.31827081e-02  1.19648529e+02  3.41744087e+01
 -1.29821313e+00 -1.71298005e-01]","[  4.660872     0.10318007  15.01542726 -67.98498456  -1.18546906
   0.47112557]","[ -6.31448294   0.51816452  -3.02553609 -17.10469601  -1.26114635
  -0.31458732]","[ 8.95776959e-02  2.89860605e-03  5.04206429e+02 -4.31656501e+01
 -8.17554028e-01  8.38817406e-01]",007,FW
684,2,0.8354753656546405,1,"[-6.50362655e-01  4.04914567e-02  3.90477516e+01  2.73951994e+01
 -1.31045828e+00 -1.33272674e-02]","[ 2.97933734e-01  1.64334668e-02 -9.46454459e+01  3.01980711e+01
 -1.20746888e+00 -4.28756868e-01]",[-1.03713019  0.29743175  5.14474521  7.33577059 -1.04728272 -0.60601981],"[-17.4124849    1.46096795  -1.08144417 -16.83063028  -1.30710896
   0.0951642 ]","[-2.61201800e-01  1.15129438e-02  1.36685420e+02  3.77024777e+01
 -1.27380292e+00 -2.40007868e-01]","[  4.73268912   0.13255107  11.84189473 -54.04400642  -1.27907893
   0.28894408]","[ -6.66352438   0.61324872  -2.56983155 -15.12413519  -1.30195747
  -0.19632017]","[ 9.18483127e-02  4.64721157e-03  3.30692405e+02 -2.83735394e+01
 -1.11182307e+00  5.55916907e-01]",007,FW
685,2,0.6331483021175088,1,"[-6.25042013e-01  3.99515517e-02  3.95729442e+01  2.67347527e+01
 -1.30103096e+00 -3.30753155e-02]","[ 2.86538892e-01  2.07346065e-02 -7.57683807e+01  2.37105878e+01
 -1.27872971e+00 -2.73398501e-01]",[-0.88647306  0.18439738  8.06945815  9.15335726 -0.84076541 -0.79860687],"[-18.29319977   1.35133452  -1.16818204 -19.36978734  -1.29835585
   0.14013721]","[-2.54591186e-01  9.60634491e-03  1.63323583e+02  4.35807446e+01
 -1.24237549e+00 -3.06701940e-01]","[  4.8204502    0.15338426  10.28608605 -47.5835656   -1.31899735
   0.15614812]","[ -7.06223257   0.67595072  -2.3370464  -14.50476518  -1.32165604
  -0.09961753]","[ 9.52181115e-02  6.33956391e-03  2.46346096e+02 -2.14566100e+01
 -1.22679351e+00  3.77995091e-01]",007,FW
686,2,0.6331483021175088,1,"[-6.00016560e-01  3.91445967e-02  4.03890911e+01  2.62341235e+01
 -1.29571480e+00 -3.12852017e-02]","[ 2.72746832e-01  2.39447468e-02 -6.58833189e+01  1.99694665e+01
 -1.31008752e+00 -1.62506548e-01]",[-0.7969301   0.09660306 14.64018701 13.66720563 -0.50462417 -1.03708937],"[-19.09723385   1.21328134  -1.29958074 -22.81839733  -1.2857255
   0.18474519]","[-2.49159627e-01  7.66968015e-03  2.03859895e+02  5.27936556e+01
 -1.20506339e+00 -3.68819496e-01]","[ 4.91795472e+00  1.63620131e-01  9.66090170e+00 -4.55118771e+01
 -1.33539605e+00  4.20453978e-02]","[-7.48843772e+00  7.01059029e-01 -2.25516942e+00 -1.48876957e+01
 -1.32860777e+00 -1.14874530e-02]","[ 9.96044886e-02  7.83943765e-03  2.00544900e+02 -1.79751722e+01
 -1.27490779e+00  2.60320446e-01]",007,FW
687,2,0.6331483021175088,1,"[-5.75384013e-01  3.85089638e-02  4.10578045e+01  2.56240044e+01
 -1.29454520e+00 -1.82635126e-02]","[ 2.57330769e-01  2.58631094e-02 -6.11051860e+01  1.77242445e+01
 -1.32414205e+00 -7.12610515e-02]",[-0.74843803  0.04181708 33.41481042 27.00891489 -0.23198945 -1.15377078],"[-19.81071331   1.05813197  -1.48805014 -27.47933475  -1.26992509
   0.22684205]","[-2.44864533e-01  5.89290050e-03  2.64542991e+02  6.67771957e+01
 -1.16669906e+00 -4.16077162e-01]","[  5.01798515   0.16188483   9.76139379 -46.98252907  -1.33563919
  -0.0726464 ]","[ -7.91781917   0.68627665  -2.30266291 -16.23206853  -1.32485345
   0.07621163]","[ 1.04870378e-01  9.08317013e-03  1.73607271e+02 -1.62062602e+01
 -1.29447296e+00  1.80054615e-01]",007,FW
688,2,0.6331483021175088,1,"[-5.51024935e-01  3.82370117e-02  4.13508954e+01  2.47853745e+01
 -1.29503032e+00 -2.50119268e-03]","[ 2.41148345e-01  2.63701574e-02 -5.99546901e+01  1.64579743e+01
 -1.32721814e+00  1.24819602e-02]","[-7.15584692e-01  3.62686116e-02  3.94078905e+01  3.01996832e+01
 -2.97059176e-01  1.00579143e+00]","[-20.427221     0.89873278  -1.74950327 -33.73748998  -1.25236807
   0.2627666 ]","[-2.41545084e-01  4.44539555e-03  3.50807326e+02  8.67357849e+01
 -1.14372211e+00 -4.15676720e-01]","[  5.11266112   0.14751904  10.67647329 -52.58518996  -1.31475004
  -0.20823634]","[ -8.32568089   0.63261241  -2.49309305 -18.75669712  -1.3089208
   0.17125308]","[ 1.10855610e-01  1.00644701e-02  1.56899931e+02 -1.53932377e+01
 -1.30159392e+00  1.25066356e-01]",007,FW
689,2,0.6331483021175088,1,"[-5.26669832e-01  3.84379975e-02  4.11337224e+01  2.36638907e+01
 -1.29282425e+00  1.65727046e-02]","[ 2.25079020e-01  2.54664445e-02 -6.20378289e+01  1.59634137e+01
 -1.31980115e+00  9.44798026e-02]",[-0.6697493   0.08813131 15.73513706 12.5385971  -0.3693165   1.11971561],"[-20.94836163   0.74797076  -2.10009635 -41.9935778   -1.23613972
   0.28555155]","[-2.38930331e-01  3.49361110e-03  4.49605034e+02  1.09424280e+02
 -1.16188332e+00 -2.84771145e-01]","[  5.19383364   0.12071458  12.90504803 -65.02667265  -1.24333367
  -0.39944013]","[ -8.68881382   0.54427162  -2.88483532 -23.06579699  -1.27393484
   0.28520357]","[ 1.17402747e-01  1.08113837e-02  1.46157234e+02 -1.51592608e+01
 -1.30384123e+00  8.71161478e-02]",007,FW
690,2,0.6331483021175088,1,"[-5.01863062e-01  3.93914380e-02  4.01305016e+01  2.21400164e+01
 -1.28384173e+00  5.03101083e-02]","[ 2.09934745e-01  2.33168041e-02 -6.76357478e+01  1.61990935e+01
 -1.30070627e+00  1.75762600e-01]",[-0.58182595  0.18228744  8.03555144  6.67529236 -0.72372697  0.88608462],"[-21.38325711   0.61739892  -2.54459668 -52.41176502  -1.22692928
   0.28383858]","[-2.36643464e-01  3.23678751e-03  4.87711089e+02  1.17413642e+02
 -1.17015222e+00  5.98329241e-02]","[ 5.25352181e+00  8.31378077e-02  1.79234052e+01 -9.21609999e+01
 -9.92921211e-01 -7.14527577e-01]","[ -8.98720737   0.4282275   -3.6289843  -30.61443441  -1.19797366
   0.44029092]","[ 1.24372583e-01  1.13627906e-02  1.39109710e+02 -1.53014340e+01
 -1.30441222e+00  6.01006225e-02]",007,FW
691,2,0.6331483021175088,1,[-0.47585412  0.04171248 37.86861041 20.0199343  -1.26713961  0.1094789 ],"[ 1.96365700e-01  2.02571322e-02 -7.76384081e+01  1.72455203e+01
 -1.27046501e+00  2.53843191e-01]",[-0.4252552   0.31395056  4.82583975  4.05221344 -0.96462778  0.68623979],"[-21.7471008    0.51594687  -3.05011894 -64.33124402  -1.23055101
   0.24434073]","[-2.34204327e-01  3.88829947e-03  4.00904934e+02  9.58936705e+01
 -1.07400445e+00  4.24186026e-01]","[ 5.28439847e+00  4.30855098e-02  2.26346584e+01 -1.17610554e+02
 -6.59065216e-01 -7.81658415e-01]","[ -9.20541357   0.29419498  -5.12538757 -45.18131227  -1.00506009
   0.68377276]","[ 1.31649066e-01  1.17538684e-02  1.34503225e+02 -1.57072240e+01
 -1.30436452e+00  3.99228020e-02]",007,FW
692,2,0.4708863300482803,1,[-0.44751031  0.04624125 34.1004489  17.26030254 -1.24708783  0.18500393],"[ 1.84793874e-01  1.67295232e-02 -9.36891659e+01  1.93131840e+01
 -1.23288797e+00  3.25657475e-01]",[-0.17889721  0.47348142  3.2589753   2.58302159 -1.10990313  0.52978555],"[-22.05925439   0.44907555  -3.51357657 -75.50687947  -1.2453088
   0.16000649]","[-2.31035299e-01  5.58147221e-03  2.75770170e+02  6.57126437e+01
 -1.01027710e+00  5.76879984e-01]","[ 5.28032423e+00  5.13634536e-02 -2.04424906e+01  1.09942979e+02
 -4.16612448e-01 -9.81662427e-01]","[ -9.33346831   0.15855552  -8.10753721 -73.67144167  -0.48670627
   1.01177131]","[ 1.39135894e-01  1.20102426e-02  1.31642971e+02 -1.63162625e+01
 -1.30423588e+00  2.38566416e-02]",007,FW
693,2,0.7264971914522484,1,[-0.41535459  0.05362466 29.34364413 14.18801727 -1.23420891  0.24676668],"[ 1.75399537e-01  1.31568783e-02 -1.18649128e+02  2.28110022e+01
 -1.19218935e+00  3.93081643e-01]",[ 0.17068481  0.64729931  2.40872592  1.58886707 -1.19756259  0.40638083],"[-2.23414724e+01  4.19034816e-01 -3.77228319e+00 -8.22783606e+01
 -1.25768473e+00  4.00466930e-02]","[-2.26477891e-01  8.38772581e-03  1.83242515e+02  4.35003782e+01
 -1.02925785e+00  5.83639683e-01]","[  5.23690666   0.10838725 -13.5206825   72.80655227  -0.83155033
  -0.82774345]",[-9.36737082  0.09340741  4.38599717 43.08526195 -1.44676907  0.36827884],"[ 1.46748347e-01  1.21448245e-02  1.30189185e+02 -1.71050477e+01
 -1.30455784e+00  9.37074368e-03]",007,FW
694,2,0.7264971914522484,1,[-0.37778388  0.06385045 24.6187228  11.30055654 -1.23761011  0.2706505 ],"[ 1.68165108e-01  9.82108137e-03 -1.58013754e+02  2.85724000e+01
 -1.14415007e+00  4.70791036e-01]",[ 0.62774004  0.81991626  1.91340473  0.79887923 -1.25165045  0.30572965],"[-22.61657009   0.4262068   -3.70704979 -81.84075141  -1.25455209
  -0.08913902]","[-2.19828609e-01  1.23343012e-02  1.25161538e+02  2.95140868e+01
 -1.08242827e+00  5.34655791e-01]",[ 5.15202277  0.17315335 -8.88015174 47.75074395 -1.11149133 -0.55275967],[-9.3091437   0.18815627  7.55171957 72.30004266 -0.76458753  0.8775874 ],"[ 1.54404231e-01  1.21551182e-02  1.30079344e+02 -1.80848010e+01
 -1.30543215e+00 -6.24177134e-03]",007,FW
695,2,0.7264971914522484,1,[-0.33343093  0.07608251 20.67246616  8.89283957 -1.25532775  0.25560558],"[ 1.62957767e-01  6.82001427e-03 -2.24578908e+02  3.85968773e+01
 -1.05721930e+00  5.96314106e-01]",[ 1.18665939  0.97553018  1.61429023  0.08438734 -1.28581376  0.21987366],"[-22.90736211   0.47007786  -3.35336593 -74.81676763  -1.24059728
  -0.1954916 ]","[-2.10399682e-01  1.73487719e-02  8.94891723e+01  2.08284934e+01
 -1.13995247e+00  4.67979512e-01]",[ 5.02621305  0.23621537 -6.61036766 35.22511619 -1.22358308 -0.38104849],[-9.16645709  0.30515665  5.0429842  48.2262983  -1.14906698  0.53181763],"[ 1.62016581e-01  1.20248099e-02  1.31482589e+02 -1.93023596e+01
 -1.30626265e+00 -2.50596762e-02]",007,FW
696,2,0.7264971914522484,1,[-0.28154484  0.08887054 17.72493055  6.99036267 -1.27788687  0.21436284],"[ 1.59616624e-01  4.13877455e-03 -3.53109834e+02  5.83621996e+01
 -8.08916788e-01  8.41634090e-01]",[ 1.83205923  1.09914348  1.43606607 -0.63095809 -1.30764733  0.14238079],"[-23.23529447   0.54808955  -2.8698519  -64.68185396  -1.23366703
  -0.25623951]","[-1.97603856e-01  2.32067202e-02  6.72500198e+01  1.52888632e+01
 -1.19187205e+00  3.96441584e-01]",[ 4.86285687  0.29208013 -5.38240065 28.17384401 -1.27723445 -0.26064121],[-8.95179681  0.40455323  3.87330612 36.67304939 -1.2684678   0.31963969],"[ 1.69489626e-01  1.17326709e-02  1.34738434e+02 -2.08367667e+01
 -1.30613666e+00 -4.77330021e-02]",007,FW
697,2,0.7264971914522484,1,[-0.22224874  0.1005586  15.69027287  5.48714342 -1.29724827  0.16046623],"[ 1.58011623e-01  1.93728850e-03 -5.01317695e+02  8.12140225e+01
 -5.39299272e-01  8.83483983e-01]",[ 2.53954662  1.17737902  1.34235879 -1.40898272 -1.32088352  0.06764684],"[-23.61809472   0.65263795  -2.40899381 -54.89584391  -1.24506432
  -0.26575862]","[-1.81055499e-01  2.95066545e-02  5.31234872e+01  1.16182995e+01
 -1.23579367e+00  3.23728667e-01]",[ 4.66806958  0.33626698 -4.69108018 23.89828868 -1.30523674 -0.16608726],[-8.68123377  0.47753361  3.30156339 30.66164358 -1.3104155   0.18169742],"[ 1.76719712e-01  1.12655082e-02  1.40290454e+02 -2.27920886e+01
 -1.30433294e+00 -7.35390143e-02]",007,FW
698,2,0.7264971914522484,1,[-0.15659945  0.10967409 14.40391093  4.2556446  -1.31028941  0.10278701],"[ 1.58059345e-01  2.03463800e-03  5.24120683e+02 -8.08421717e+01
 -4.73467815e-01  9.37267556e-01]",[ 3.27708919  1.19933079  1.31825873 -2.32005144 -1.32651025 -0.00968492],"[-24.06613732   0.76845343  -2.04861305 -47.30220302  -1.27225376
  -0.23106774]","[-1.60675215e-01  3.56767336e-02  4.40896716e+01  9.08411747e+00
 -1.27161300e+00  2.50189783e-01]",[ 4.45031075  0.36531946 -4.32530224 21.24893907 -1.3192615  -0.08507718],[-8.37295144  0.52098448  3.03307239 27.39576782 -1.32432515  0.08014255],"[ 1.83602913e-01  1.06294990e-02  1.48628218e+02 -2.52885738e+01
 -1.30043558e+00 -1.00698612e-01]",007,FW
699,2,0.8268464762476857,1,[-0.08646316  0.11514832 13.72864275  3.18702189 -1.31728365  0.04498705],"[ 1.59702470e-01  4.13828631e-03  3.57436266e+02 -5.50834544e+01
 -8.94631928e-01  7.80846626e-01]",[ 4.00692798  1.1575963   1.36473716 -3.4684035  -1.32309049 -0.0958568 ],"[-24.57809541   0.87247117  -1.80824499 -42.44321796  -1.3053242
  -0.16207316]",[-0.13678291  0.04101163 38.4555622   7.2600637  -1.29985399  0.17441417],"[ 4.21974541e+00  3.77053325e-01 -4.19315710e+00  1.96940554e+01
 -1.32397252e+00 -1.06225218e-02]","[-8.04572396e+00  5.34918018e-01  2.95568479e+00  2.57806239e+01
 -1.32528017e+00 -2.55775379e-03]","[ 1.90049663e-01  9.85830269e-03  1.60182443e+02 -2.84426193e+01
 -1.29426258e+00 -1.25852927e-01]",007,FW
700,2,0.8268464762476857,1,"[-1.42771745e-02  1.16354189e-01  1.35883821e+01  2.19400370e+00
 -1.31919049e+00 -1.30648295e-02]","[ 1.62869917e-01  6.40109611e-03  2.41272001e+02 -3.72959508e+01
 -1.14773237e+00  5.09527466e-01]",[ 4.68799011  1.04931406  1.50159757 -5.03947455 -1.30532791 -0.2004864 ],"[-25.13732831   0.93691648  -1.68680972 -40.40188984  -1.33348362
  -0.06482721]",[-0.11016029  0.04473783 35.31467349  5.89027453 -1.32061247  0.09348103],[ 3.98744265  0.37071241 -4.26356836 19.00073429 -1.32103248  0.06229042],[-7.71751198  0.52161209  3.0296895  25.38166504 -1.31845245 -0.07593353],"[ 1.96004018e-01  9.01826782e-03  1.75041381e+02 -3.23088139e+01
 -1.28636227e+00 -1.42707791e-01]",007,FW
701,2,0.8268464762476857,1,[ 0.05722526  0.11305929 13.97841685  1.2000814  -1.31600909 -0.07340232],"[ 1.67431119e-01  8.47432221e-03  1.84735018e+02 -2.89303909e+01
 -1.24964187e+00  3.39267016e-01]",[ 5.27870698  0.87701022  1.78432503 -7.418929   -1.25734785 -0.34220072],"[-25.71059321   0.9348072   -1.69049001 -41.463501    -1.3456581
   0.06241923]","[-8.20586447e-02  4.61126737e-02  3.42854075e+01  4.81341407e+00
 -1.33230578e+00  2.96694172e-03]",[ 3.76451947  0.34695878 -4.54971549 19.12749252 -1.31013263  0.1385935 ],[-7.40430697  0.48497005  3.25445697 26.0969984  -1.30512334 -0.14624399],"[ 2.01461240e-01  8.20610945e-03  1.92370567e+02 -3.67552129e+01
 -1.27902943e+00 -1.41955753e-01]",007,FW
702,2,0.8268464762476857,1,[ 0.1252807   0.1053994  14.97732397  0.12363035 -1.30642909 -0.13854429],"[ 1.73150326e-01  1.01217030e-02  1.55636842e+02 -2.49485699e+01
 -1.30573914e+00  2.06143645e-01]","[  5.74001182   0.64973448   2.36005718 -11.54675608  -1.12432145
  -0.56225256]","[-26.249947     0.84621637  -1.85871049 -46.79105196  -1.3224664
   0.23521318]",[-0.05413261  0.04455657 35.44956886  3.91897777 -1.3302983  -0.10373324],[ 3.56132728  0.3077156  -5.1165119  20.2215734  -1.2884017   0.22485564],[-7.11928341  0.43000276  3.66251677 28.0744949  -1.28438502 -0.21852959],"[ 2.06474957e-01  7.53041374e-03  2.09742185e+02 -4.13065085e+01
 -1.27579715e+00 -1.15994378e-01]",007,FW
703,2,0.8268464762476857,1,[ 0.18734125  0.09388966 16.77810952 -1.14323203 -1.28799439 -0.21112776],"[ 1.79646524e-01  1.10703173e-02  1.42732254e+02 -2.36413534e+01
 -1.34054330e+00  7.59169394e-02]","[  6.03820679   0.38913965   3.58166103 -19.62680997  -0.69977111
  -0.91374048]","[-26.69765897   0.66441774  -2.3202673  -59.94570506  -1.19928438
   0.49821191]","[-2.82978272e-02  3.97948923e-02  3.95319302e+01  3.11866773e+00
 -1.30368169e+00 -2.38454112e-01]",[ 3.38674821  0.2559397  -6.12003389 22.72701383 -1.24756782  0.33188126],[-6.87222774  0.36242871  4.33053917 31.76045141 -1.25319578 -0.29780966],"[ 2.11147163e-01  7.07416014e-03  2.23420335e+02 -4.51745701e+01
 -1.27852549e+00 -6.88623525e-02]",007,FW
704,2,0.8268464762476857,1,[ 0.24129057  0.07940227 19.7686629  -2.76999194 -1.25683826 -0.29504455],"[ 1.86373162e-01  1.10373658e-02  1.43141278e+02 -2.46776926e+01
 -1.35263716e+00 -7.55272400e-02]",[ 6.14745434  0.20066317  0.83442713 -3.12960271 -1.67782602 -0.26646549],"[-26.99312784   0.40883297  -3.35096855 -88.45312243  -0.72205565
   0.88637759]","[-6.52921457e-03  3.19740826e-02  4.86254785e+01  2.31748618e+00
 -1.22180215e+00 -4.26971713e-01]",[ 3.2476482   0.19541722 -7.92661797 27.74286657 -1.16457642  0.4805834 ],[-6.66921413  0.28831195  5.41420297 38.10847893 -1.20538771 -0.39027014],"[ 2.15600052e-01  6.85146944e-03  2.30762010e+02 -4.77523012e+01
 -1.28646267e+00 -2.12638544e-02]",007,FW
705,2,0.8268464762476857,1,[ 0.28559402  0.06304079 24.74331494 -5.06654274 -1.20498556 -0.39914877],"[ 1.92637721e-01  9.81500266e-03  1.59897078e+02 -2.88022087e+01
 -1.31644116e+00 -2.77544329e-01]",[ 6.05177743  0.37800778 -3.5181431  23.29101901 -0.53713356 -0.99882452],"[-27.08047536   0.24998926   0.62320513  18.87669116  -1.6463587
   0.28891034]","[ 9.36980892e-03  2.17793549e-02  6.84699401e+01  1.35844974e+00
 -9.73231586e-01 -7.25333737e-01]","[  3.14851969   0.130764   -11.48183605  38.15078684  -0.96471678
   0.71557736]",[-6.51257852  0.21362292  7.23964614 49.14876394 -1.12849841 -0.50596744],"[ 2.19935368e-01  6.78635953e-03  2.32987563e+02 -4.92422053e+01
 -1.29847306e+00  1.24813506e-03]",007,FW
706,2,0.6939616008720246,1,[ 0.31934406  0.04593573 33.51414989 -8.70254472 -1.10819684 -0.54626743],"[ 1.97670279e-01  7.39141095e-03  2.06110313e+02 -3.87418832e+01
 -1.13543543e+00 -5.84421393e-01]",[ 5.74653009  0.68458235 -2.21125698 14.70705476 -1.02345803 -0.66264892],"[-26.9156818    0.53984414   2.51710684  69.74964683  -0.55357026
   1.00159841]","[ 1.79867092e-02  1.11832859e-02  9.76383550e+01  2.43807303e-01
 -4.94643448e-01 -9.24647980e-01]","[  3.09131831   0.06893768 -18.60244555  59.50608052  -0.45322933
   1.03489564]",[-6.40123992  0.14371643 10.564213   69.624062   -0.99156309 -0.66605355],"[ 2.24192996e-01  6.73141549e-03  2.34881597e+02 -5.06588089e+01
 -1.31226831e+00 -1.55166847e-02]",007,FW
707,2,0.6939616008720246,1,"[ 3.42197938e-01  2.91299363e-02  5.08133404e+01 -1.53882203e+01
 -8.74937413e-01 -7.90508602e-01]","[ 2.00725777e-01  4.21347989e-03  2.94335881e+02 -5.70807982e+01
 -5.67837296e-01 -9.23987368e-01]",[ 5.23930849  0.98736966 -1.5748817  10.25129107 -1.19906469 -0.43408066],"[-26.47250522   0.97239713   1.55629042  43.19890637  -1.01139786
   0.66968909]","[ 1.84659921e-02  1.02128068e-02 -9.06102697e+01  3.67320853e+00
 -6.23446810e-01 -8.19767558e-01]","[  3.07547137   0.03851902   9.92561254 -28.52593719  -1.50200084
   0.33479206]","[-6.33131333e+00  8.30181588e-02  1.73812127e+01  1.12045904e+02
 -6.99902853e-01 -9.14757057e-01]","[ 2.28322867e-01  6.51379003e-03  2.42613575e+02 -5.33942271e+01
 -1.32186392e+00 -7.39450486e-02]",007,FW
708,2,0.6939616008720246,1,"[ 3.54246993e-01  1.42576425e-02  8.03861089e+01 -2.64765374e+01
 -3.96981548e-01 -1.01602289e+00]","[ 2.01186725e-01  3.30502182e-03 -1.99890547e+02  4.22153245e+01
 -9.78066384e-01 -6.25216028e-01]",[ 4.55022351  1.25340154 -1.25262455  7.69972167 -1.27102628 -0.28709712],"[-25.74667651   1.41122466   1.10070517  30.33949994  -1.18907923
   0.4476546 ]","[ 1.05934745e-02  2.09768217e-02 -6.99352784e+01  2.74085759e+00
 -8.78094314e-01 -7.99766137e-01]","[  3.09803118   0.07525422  18.95711978 -56.72974824  -0.79943426
   0.85511217]","[-6.29689507e+00  3.64410575e-02  2.93395440e+01  1.86748030e+02
 -2.85656362e-01 -1.08641041e+00]","[ 2.32180103e-01  5.98346699e-03  2.63529554e+02 -5.91863191e+01
 -1.31616196e+00 -1.75696643e-01]",007,FW
709,2,0.6939616008720246,1,"[ 3.55874700e-01  1.09635847e-02 -7.63701401e+01  2.91782007e+01
 -7.76471018e-01 -7.18587218e-01]","[ 1.98634536e-01  7.24204342e-03 -1.96739229e+02  4.10792053e+01
 -7.22255159e-01 -9.05512924e-01]",[ 3.71134559  1.46125242 -1.07912023  6.00498809 -1.3054677  -0.17815207],"[-24.75794717   1.80435473   0.86967286  23.5313148   -1.26798841
   0.29731616]","[-5.20904298e-03  3.24429266e-02 -4.76500577e+01  1.75178880e+00
 -1.17112899e+00 -4.93234881e-01]","[  3.15395173   0.11960202  12.90653011 -38.70657292  -1.18038908
   0.49912426]","[-6.29090921e+00  2.42785661e-02 -3.85542558e+01 -2.40541323e+02
 -8.43543772e-01 -6.22115193e-01]","[ 2.35544376e-01  5.05021523e-03  3.09922672e+02 -7.10005423e+01
 -1.27124180e+00 -3.34593809e-01]",007,FW
710,2,0.5360593046733216,1,"[ 3.47647490e-01  2.26824295e-02 -6.44176642e+01  2.43946393e+01
 -8.52308339e-01 -8.17108697e-01]","[ 1.92872975e-01  1.21563564e-02 -1.25806690e+02  2.62647106e+01
 -1.07738015e+00 -5.96252771e-01]",[ 2.76505933  1.59481573 -0.99073596  4.73944373 -1.32185089 -0.08735595],"[-23.5495808    2.11193439   0.74655173  19.58098033  -1.30701253
   0.18160095]","[-2.79689832e-02  4.22878288e-02 -3.70842509e+01  9.62791209e-01
 -1.26925907e+00 -3.07135153e-01]","[  3.23647241   0.15455442  10.15964167 -30.88140001  -1.29268228
   0.27817018]","[-6.30591452e+00  4.32471500e-02 -3.49706813e+01 -2.18522127e+02
 -1.13728983e+00 -6.01823971e-01]","[ 2.38157132e-01  3.71231735e-03  4.10773234e+02 -9.58285755e+01
 -1.10944788e+00 -5.94039602e-01]",007,FW
711,2,0.3912631634797234,1,"[ 3.30252462e-01  3.58274482e-02 -4.30425595e+01  1.62149112e+01
 -1.14016652e+00 -5.22494374e-01]","[ 1.83904653e-01  1.70592445e-02 -9.13252241e+01  1.87951337e+01
 -1.20134873e+00 -4.13885692e-01]",[ 1.76118734  1.64413609 -0.96162165  3.69359588 -1.32664385 -0.00484019],"[-22.1850968    2.30363904   0.68591952  17.21719086  -1.3252245
   0.08302873]","[ -0.05630743   0.04975469 -31.68711599   0.21577984  -1.30595589
  -0.18348336]","[  3.33760023   0.17671577   8.93356983 -27.81668474  -1.32920353
   0.12852139]","[-6.33479794e+00  5.76721756e-02 -2.72413495e+01 -1.70568445e+02
 -1.33365367e+00 -2.51494879e-01]","[ 2.39767897e-01  2.12860684e-03  6.15669558e+02 -1.45617795e+02
 -5.86540103e-01 -9.51725116e-01]",007,FW
712,2,0.3912631634797234,1,"[  0.30446428   0.04811797 -32.50222709  11.89576724  -1.23269323
  -0.35793561]","[ 1.71877499e-01  2.16777835e-02 -7.23835995e+01  1.44411120e+01
 -1.25242515e+00 -3.02345368e-01]",[ 0.7530788   1.60674512 -0.98354603  2.74068767 -1.32189038  0.07534514],"[-2.07427054e+01  2.36094083e+00  6.69650557e-01  1.58903642e+01
 -1.32984485e+00 -8.26921928e-03]","[ -0.08861396   0.0545632  -28.95585882  -0.56589345  -1.31866834
  -0.09320215]","[ 3.44868020e+00  1.85039875e-01  8.54376043e+00 -2.74646975e+01
 -1.33679730e+00  9.61069753e-03]","[-6.37134805e+00  6.40437744e-02 -2.46771617e+01 -1.55226786e+02
 -1.34871995e+00 -5.10998377e-02]","[ 2.40180584e-01  1.34467950e-03 -2.81664005e+02  6.96502250e+01
 -1.44419947e+00 -3.80901776e-01]",007,FW
713,2,0.6280009147056432,1,"[  0.2711064    0.05919673 -26.56037356   9.20068729  -1.26809787
  -0.26026703]","[ 1.57028618e-01  2.58873442e-02 -6.08175475e+01  1.15500955e+01
 -1.27664862e+00 -2.27914342e-01]",[-0.20678036  1.48793457 -1.06037813  1.78073463 -1.30740353  0.15851497],"[-19.30854688   2.2778109    0.69350928  15.39065648  -1.3231767
  -0.10068506]","[-1.23218261e-01  5.67427931e-02 -2.78628001e+01 -1.43320576e+00
 -1.32045526e+00 -2.25351548e-02]","[  3.56102431   0.17985496   8.78315927 -29.27704372  -1.3274285
  -0.09860685]","[-6.41074309e+00  6.41702341e-02 -2.46299700e+01 -1.55896410e+02
 -1.32304337e+00  6.40925078e-02]","[ 2.39291270e-01  2.81539847e-03 -4.98229245e+02  1.21221909e+02
 -6.95871661e-01 -9.20499632e-01]",007,FW
714,2,0.6280009147056432,1,"[  0.23099186   0.06906558 -22.81978232   7.27118391  -1.28297223
  -0.19856544]","[ 1.39646175e-01  2.96225958e-02 -5.32437862e+01  9.43529107e+00
 -1.28942102e+00 -1.74550873e-01]",[-1.07092233  1.29957596 -1.21015267  0.70402048 -1.28006392  0.25208818],"[-17.96995361   2.05918623   0.7650616   15.74812155  -1.30263753
  -0.20539284]","[ -0.15853025   0.05652774 -27.96726253  -2.43365713  -1.31678101
   0.03630498]","[  3.66653962   0.16260985   9.6865055  -33.51595617  -1.30171848
  -0.21035274]","[-6.44994712e+00  6.10008164e-02 -2.58961309e+01 -1.65028675e+02
 -1.29151915e+00  1.07391832e-01]","[ 2.37111793e-01  4.70125778e-03 -3.25819538e+02  7.92556549e+01
 -1.11527858e+00 -5.72091500e-01]",007,FW
715,2,0.6280009147056432,1,"[  0.18487531   0.07785598 -20.26776746   5.74700979  -1.2901158
  -0.15759088]","[ 1.20049112e-01  3.28450640e-02 -4.80695084e+01  7.77070177e+00
 -1.29683247e+00 -1.33739129e-01]",[-1.80024897  1.05812464 -1.47687759 -0.65874736 -1.22964977  0.36920045],"[-16.80937165   1.71899428   0.91044691  17.30404051  -1.25477796
  -0.34150493]","[ -0.19313558   0.05426266 -29.11943222  -3.62399829  -1.30987634
   0.08867977]","[  3.75827638   0.1356142   11.54087021 -41.37377996  -1.25036509
  -0.34254912]","[-6.48792259e+00  5.78645449e-02 -2.73134357e+01 -1.75207456e+02
 -1.26802199e+00  6.67084350e-02]","[ 2.33777708e-01  6.35401487e-03 -2.46234267e+02  5.95640826e+01
 -1.26184427e+00 -3.43285582e-01]",007,FW
716,2,0.6280009147056432,1,"[  0.13346435   0.08565412 -18.43557629   4.46049225  -1.29540573
  -0.127033  ]","[ 9.85734643e-02  3.55313426e-02 -4.44631929e+01  6.38289096e+00
 -1.30122845e+00 -1.00826495e-01]",[-2.36634489  0.78306221 -1.9671711  -2.65500529 -1.12507553  0.5359593 ],"[-15.89877649   1.28080248   1.19999881  21.07851283  -1.13227892
  -0.5464724 ]","[ -0.2258474    0.05033242 -31.36432945  -5.08355216  -1.30017628
   0.13878306]","[  3.83082385   0.10177842  15.14562502 -56.0202216   -1.1401316
  -0.52541899]","[-6.52553057e+00  5.78797548e-02 -2.73060690e+01 -1.76186588e+02
 -1.24958210e+00 -5.48112561e-02]","[ 2.29541336e-01  7.54160576e-03 -2.09034961e+02  4.99821641e+01
 -1.32001986e+00 -1.81367761e-01]",007,FW
717,2,0.6280009147056432,1,"[  0.07750734   0.09232999 -17.11143716   3.326262    -1.3014122
  -0.09842203]","[ 7.55599221e-02  3.76749323e-02 -4.19494816e+01  5.16969956e+00
 -1.30351784e+00 -7.36334854e-02]",[-2.75279964  0.49747065 -2.96222714 -6.15441782 -0.8621449   0.80437445],"[-15.29410933   0.78679036   1.81561074  29.76814921  -0.76408632
  -0.87917951]","[ -0.25572269   0.04512201 -34.93770485  -6.93436393  -1.2870305
   0.19034765]","[ 3.88051794e+00  6.46368046e-02  2.26671401e+01 -8.59602440e+01
 -8.50102692e-01 -8.17226478e-01]","[-6.56506186e+00  6.31604439e-02 -2.49575154e+01 -1.61847632e+02
 -1.22957315e+00 -1.94494940e-01]","[ 2.24751351e-01  8.11851376e-03 -1.94690315e+02  4.57569114e+01
 -1.34199436e+00 -4.56528563e-02]",007,FW
718,2,0.6280009147056432,1,"[  0.01793644   0.09744272 -16.22057823   2.29093936  -1.3083245
  -0.06533613]","[ 5.13443061e-02  3.92905995e-02 -4.02336128e+01  4.06576693e+00
 -1.30445482e+00 -5.11099807e-02]","[ -2.9556928    0.24063491  -4.5921902  -11.57310349  -0.39080147
   1.01075383]","[-15.02967428   0.3740063    1.55797132  25.41580148  -1.15249781
  -0.52152237]","[-2.82054955e-01  3.89966400e-02 -4.03417599e+01 -9.37859325e+00
 -1.26871872e+00  2.47687677e-01]","[ 3.90546979e+00  3.09315297e-02  3.15167554e+01 -1.21087736e+02
 -5.30063697e-01 -8.89986089e-01]","[-6.60947533e+00  7.40545172e-02 -2.12233054e+01 -1.38274913e+02
 -1.22346244e+00 -2.75200500e-01]","[ 2.19821489e-01  8.00411982e-03 -1.97375305e+02  4.53873334e+01
 -1.33998648e+00  8.78338925e-02]",007,FW
719,2,0.6280009147056432,1,"[ -0.04398301   0.10028803 -15.76493236   1.30661077  -1.31468775
  -0.02393397]","[ 2.62537180e-02  4.04047315e-02 -3.91292147e+01  3.02728737e+00
 -1.30494447e+00 -3.19452699e-02]",[-2.98336415  0.18464861  4.81939024 16.37799609 -0.77012245  0.703998  ],"[-15.11306526   0.537186    -2.33421502 -33.27714398  -0.52164418
  -0.96811081]","[-3.04356068e-01  3.22907074e-02 -4.85582690e+01 -1.27790038e+01
 -1.24121918e+00  3.17330680e-01]","[ 3.90545073e+00  3.09702766e-02 -3.41485779e+01  1.35365588e+02
 -5.28340558e-01 -8.91402551e-01]","[-6.66152541e+00  8.91495135e-02 -1.76222790e+01 -1.15391259e+02
 -1.24067822e+00 -2.82225487e-01]","[ 2.15191766e-01  7.18874207e-03 -2.18800306e+02  4.90840241e+01
 -1.30812622e+00  2.40544277e-01]",007,FW
720,2,0.6141326628447,1,"[ -0.10656357   0.10008341 -15.79675781   0.31664106  -1.3181072
   0.02748598]","[ 6.10416047e-04  4.10298884e-02 -3.85355535e+01  2.02352272e+00
 -1.30565464e+00 -1.39936768e-02]",[-2.8554742   0.35721335  4.15270439 13.85794024 -0.98139486  0.72735312],"[-15.52163489   0.96821872  -1.56559961 -22.30066559  -1.07737785
  -0.63152774]","[-3.22335324e-01  2.53043972e-02 -6.15967484e+01 -1.78548079e+01
 -1.19467619e+00  4.10766974e-01]","[ 3.88167736e+00  6.09423665e-02 -2.44193978e+01  9.67882235e+01
 -9.55960802e-01 -7.37708802e-01]","[ -6.72300745   0.10599386 -14.84573488 -97.80798614  -1.26853244
  -0.24249408]","[ 2.11286314e-01  5.74308199e-03 -2.70251810e+02  5.91005089e+01
 -1.21386459e+00  4.45218479e-01]",007,FW
721,2,0.6718162181133758,1,"[ -0.16772311   0.09621512 -16.4219102   -0.75433383  -1.31572921
   0.08965728]","[-2.52583242e-02  4.11454735e-02 -3.84277920e+01  1.02937837e+00
 -1.30652695e+00  5.05061242e-03]",[-2.60126914  0.51908117  3.00204132  9.80911744 -1.2560225   0.39125919],"[-16.20172675   1.3328923   -1.17336889 -17.01060212  -1.27836214
  -0.34203468]","[-3.35878759e-01  1.83151534e-02 -8.40256952e+01 -2.62224462e+01
 -1.10247908e+00  5.50753309e-01]","[  3.83654287   0.09090087 -17.07458409  67.50737382  -1.19793188
  -0.45125188]","[ -6.79433681   0.12196493 -12.92788345 -85.83639435  -1.29247769
  -0.18364512]","[ 2.08473872e-01  3.83503305e-03 -3.85155512e+02  8.22948608e+01
 -9.28881363e-01  7.63611968e-01]",007,FW
722,2,0.6718162181133758,1,"[ -0.22514152   0.08845284 -17.83519911  -2.0154439   -1.30422084
   0.16375715]","[-5.10119644e-02  4.07078439e-02 -3.88387891e+01  1.87570728e-02
 -1.30680026e+00  2.63786227e-02]",[-2.25705391  0.62616882  2.51738075  7.68186406 -1.33118355  0.17978563],"[-17.07155684   1.55739767  -1.01324166 -15.29761267  -1.34509734
  -0.13854578]","[-3.45031826e-01  1.16201664e-02 -1.27661638e+02 -4.20473280e+01
 -8.79061706e-01  7.84962715e-01]","[  3.77333754   0.11595553 -13.54232305  53.09975599  -1.27671568
  -0.28234843]","[ -6.87457069   0.13501782 -11.69577059 -78.40340166  -1.30640758
  -0.12340868]","[ 2.07038607e-01  1.91904176e-03 -4.95284709e+02  1.04543056e+02
 -6.28173090e-01  8.11559848e-01]",007,FW
723,2,0.6718162181133758,1,"[ -0.27651815   0.07707097 -20.40527669  -3.64242935  -1.27870829
   0.25285425]","[-7.62985414e-02  3.96873352e-02 -3.98318822e+01 -1.03911452e+00
 -1.30568150e+00  4.94606925e-02]",[-1.86307205  0.6697026   2.36036664  6.39753311 -1.34750088  0.02315377],"[-18.02771624   1.6075249   -0.9831395  -15.72375993  -1.35883449
   0.03900051]","[-3.49988067e-01  5.75258616e-03 -2.10149815e+02 -7.15499275e+01
 -3.71729538e-01  1.05987311e+00]","[  3.69598823   0.13470256 -11.70924108  45.27721726  -1.30740818
  -0.16951529]","[-6.96179946e+00  1.44120716e-01 -1.09662065e+01 -7.43445303e+01
 -1.31109513e+00 -7.13246209e-02]","[ 2.07167254e-01  2.18030603e-03  4.91955580e+02 -9.99170864e+01
 -4.51005498e-01  9.56581670e-01]",007,FW
724,2,0.6718162181133758,1,"[ -0.31987739   0.06286139 -24.87043506  -5.9554899   -1.22995514
   0.36359926]","[-1.00769166e-01  3.81032326e-02 -4.14784170e+01 -2.17974549e+00
 -1.30305292e+00  7.27587954e-02]",[-1.46009729  0.65023837  2.42839768  5.54569686 -1.33511524 -0.11664274],"[-18.95445273   1.47117493  -1.0691788  -18.26569904  -1.326825
   0.23256027]","[-3.51081784e-01  3.57947468e-03  1.80808072e+02  6.54784206e+01
 -1.14299385e+00  4.96026925e-01]","[  3.6088263    0.14650103 -10.78594218  40.92459178  -1.31987119
  -0.0833391 ]","[-7.05368074e+00  1.49226856e-01 -1.05946144e+01 -7.27310275e+01
 -1.31051827e+00 -3.07587421e-02]","[ 2.08953294e-01  4.46858945e-03  3.30420115e+02 -6.70423714e+01
 -8.80570305e-01  7.91008995e-01]",007,FW
725,2,0.6718162181133758,1,"[ -0.35385156   0.04704497 -32.84514422  -9.62230549  -1.13748367
   0.50976075]","[-1.24099356e-01  3.60272899e-02 -4.38552447e+01 -3.44240764e+00
 -1.29951893e+00  9.52192500e-02]",[-1.08608709  0.57457114  2.73482447  4.97025755 -1.29405075 -0.26483333],"[-19.73452901   1.15964377  -1.33015803 -24.25004224  -1.19797278
   0.49581521]","[-3.48777663e-01  7.02711360e-03  2.07611181e+02  7.44101428e+01
 -8.97027869e-01  7.90517736e-01]","[ 3.51637649e+00  1.51118967e-01 -1.04623029e+01  3.87893960e+01
 -1.32308931e+00 -9.60810925e-03]","[-7.14786258e+00  1.50827642e-01 -1.04830111e+01 -7.29311228e+01
 -1.30891545e+00  4.14107482e-04]","[ 2.12413312e-01  7.00041115e-03  2.20261242e+02 -4.47864199e+01
 -1.12816426e+00  5.28073495e-01]",007,FW
726,2,0.6718162181133758,1,"[-3.77861786e-01  3.11028162e-02 -4.83259434e+01 -1.62605273e+01
 -9.46494265e-01  7.21804720e-01]","[-1.46005686e-01  3.35526539e-02 -4.70718463e+01 -4.87275721e+00
 -1.29576990e+00  1.17488240e-01]",[-0.77331927  0.45448564  3.41456358  4.6405478  -1.19990124 -0.45201966],"[-20.26026297   0.72104155  -1.93164715 -37.13567921  -0.74587424
   0.88189753]","[-3.43649912e-01  1.06956138e-02  1.45035574e+02  5.18414623e+01
 -1.21425767e+00  4.49086623e-01]","[  3.42315592   0.1486771  -10.63115918  38.39211543  -1.31970229
   0.05968399]","[-7.24215802e+00  1.49367315e-01 -1.05848037e+01 -7.46568213e+01
 -1.30857701e+00  2.85555820e-02]","[ 2.17507565e-01  9.48989072e-03  1.64597674e+02 -3.38012392e+01
 -1.21699136e+00  3.78606650e-01]",007,FW
727,2,0.7997252448050182,1,"[-3.92149954e-01  1.66802175e-02 -8.13482660e+01 -2.99007187e+01
 -5.01507914e-01  1.03600743e+00]","[-1.66246463e-01  3.07501868e-02 -5.13349544e+01 -6.53425459e+00
 -1.29187548e+00  1.42357190e-01]",[-0.54641579  0.30607922  4.87357771  4.66299979 -0.95580349 -0.73449512],"[-20.44323832   0.40118523  -0.14533566  -0.97113163  -1.71850927
   0.24440416]","[-3.36347399e-01  1.34720357e-02  1.16728867e+02  4.12614509e+01
 -1.30033415e+00  2.47329217e-01]","[  3.33348694   0.13963131 -11.30734734  39.6928947   -1.30987104
   0.13064782]","[-7.33451737e+00  1.44912287e-01 -1.09076448e+01 -7.80023101e+01
 -1.30864866e+00  6.07072205e-02]","[ 2.24157566e-01  1.18525337e-02  1.32505126e+02 -2.77020266e+01
 -1.25650981e+00  2.85222701e-01]",007,FW
728,2,0.7997252448050182,1,"[-3.97674639e-01  7.09763127e-03 -3.99417278e+01 -1.38838122e+01
 -1.49460764e+00  3.76915718e-01]","[-1.84601376e-01  2.76357251e-02 -5.70716720e+01 -8.53550916e+00
 -1.28686923e+00  1.75017539e-01]",[-0.42145605  0.15648936  7.33830531  5.09277317 -0.44248673 -0.98147784],"[-20.22138416   0.8058099    1.65907471  35.54878697  -0.53079755
   1.00732494]","[-3.27547085e-01  1.52162207e-02  1.03780885e+02  3.59931263e+01
 -1.32382015e+00  1.17741334e-01]","[  3.25134291   0.12470414 -12.63193659  43.07075748  -1.2914759
   0.21088594]","[ -7.42296179   0.13729701 -11.50668501 -83.41368316  -1.30589319
   0.10013705]","[ 2.32257326e-01  1.40396564e-02  1.12171809e+02 -2.40527244e+01
 -1.27710890e+00  2.20640257e-01]",007,FW
729,2,0.7997252448050182,1,"[-3.95919059e-01  1.03508321e-02  1.32111881e+02  5.43056115e+01
 -7.59899151e-01  8.54438802e-01]","[-2.00837251e-01  2.41615055e-02 -6.51713858e+01 -1.10888420e+01
 -1.27772660e+00  2.23965730e-01]",[-0.40608359  0.12549025 -6.64243645 -0.69738444 -0.76838585 -0.72558194],"[-19.56279245   1.4665048    1.03089114  22.16710945  -1.0089881
   0.67396483]","[-3.17904228e-01  1.59739387e-02  9.89712584e+01  3.34633815e+01
 -1.32596792e+00  2.49023908e-02]","[  3.18024041   0.10477442 -14.96490097  49.59198283  -1.25670323
   0.31369141]","[ -7.50561599   0.12657723 -12.47019562 -91.59649956  -1.29751452
   0.14455382]","[ 2.41679169e-01  1.60140604e-02  9.84962363e+01 -2.18044886e+01
 -1.28893260e+00  1.72376627e-01]",007,FW
730,2,0.7997252448050182,1,"[-3.88657258e-01  1.65079589e-02  9.37238105e+01  3.84264392e+01
 -1.23505296e+00  4.58228322e-01]","[-2.14680717e-01  2.02417673e-02 -7.75129473e+01 -1.46405351e+01
 -1.25580103e+00  3.02716625e-01]",[-0.50026978  0.25966567 -5.62015123 -0.81159184 -0.8528482  -0.81809629],"[-18.46647194   2.13665803   0.7268587   15.42251571  -1.18558126
   0.45052173]","[-3.08010694e-01  1.58730512e-02  9.95888880e+01  3.26744425e+01
 -1.31970700e+00 -4.79205307e-02]","[  3.12317508   0.08082323 -19.18604239  61.92136953  -1.17956987
   0.46596244]","[  -7.58085788    0.11335443  -13.90842104 -103.43776317   -1.28390822
    0.18854932]","[ 2.52276672e-01  1.77453639e-02  8.89716670e+01 -2.04454760e+01
 -1.29613445e+00  1.34173862e-01]",007,FW
731,2,0.7997252448050182,1,"[-3.77713011e-01  2.05127401e-02  7.67976562e+01  3.10074740e+01
 -1.33569663e+00  1.94183636e-01]","[-2.25821381e-01  1.58201306e-02 -9.83031843e+01 -2.01989608e+01
 -1.19709531e+00  4.33509492e-01]",[-0.69731123  0.40714638 -3.79139138 -0.6437798  -1.15789427 -0.50878083],"[-16.9607469    2.74834035   0.57068118  11.67917911  -1.25878769
   0.30810792]","[-2.98368340e-01  1.50727964e-02  1.04792128e+02  3.32666532e+01
 -1.30939283e+00 -1.10883042e-01]","[ 3.08258455e+00  5.41295085e-02 -2.76300109e+01  8.71718447e+01
 -9.63935667e-01  7.24441115e-01]","[-7.64748273e+00  9.86477176e-02 -1.59601202e+01 -1.20054744e+02
 -1.26844807e+00  2.29072176e-01]","[ 2.63886007e-01  1.92074081e-02  8.22494903e+01 -1.97044896e+01
 -1.30084454e+00  1.02300788e-01]",007,FW
732,2,0.7997252448050182,1,"[-3.64728396e-01  2.22211224e-02  7.11363480e+01  2.79454461e+01
 -1.33994379e+00  3.58481132e-02]","[-2.33956745e-01  1.09744364e-02 -1.38021851e+02 -3.02911430e+01
 -1.02947262e+00  6.57695730e-01]",[-0.98472679  0.53598398 -2.92356035 -0.87890821 -1.2620165  -0.32157319],"[-15.10015648   3.25751886   0.48366394   9.30340112  -1.29425579
   0.20532179]","[-2.89376859e-01  1.37340346e-02  1.14848140e+02  3.52343941e+01
 -1.29523382e+00 -1.71139825e-01]","[ 3.06031682e+00  2.78867737e-02 -4.19553923e+01  1.30396793e+02
 -4.55511961e-01  9.78210060e-01]","[-7.70473152e+00  8.33722971e-02 -1.88507031e+01 -1.43239606e+02
 -1.25340921e+00  2.72052393e-01]","[ 2.76326169e-01  2.03741697e-02  7.75704736e+01 -1.94347518e+01
 -1.30421913e+00  7.40436250e-02]",007,FW
733,2,0.7997252448050182,1,"[-3.50946904e-01  2.22710500e-02  7.09802426e+01  2.69102964e+01
 -1.31358860e+00 -4.83347649e-02]","[-2.38872465e-01  6.09550934e-03 -2.19404352e+02 -5.04096582e+01
 -5.45715286e-01  9.97545037e-01]",[-1.34496909  0.63503482 -2.48188148 -1.33805387 -1.30563884 -0.19286013],"[-12.96162005   3.6301771    0.43499808   7.63827983  -1.31269902
   0.1223673 ]","[-2.81330131e-01  1.20137761e-02  1.31024355e+02  3.88610990e+01
 -1.27523569e+00 -2.33004959e-01]","[ 3.05759495e+00  2.24059583e-02  3.58701312e+01 -1.07676332e+02
 -7.82943312e-01  7.25506953e-01]","[-7.75211203e+00  6.78301910e-02 -2.30889653e+01 -1.76988246e+02
 -1.23254818e+00  3.37981161e-01]","[ 2.89399130e-01  2.12174762e-02  7.45066959e+01 -1.95621730e+01
 -1.30665452e+00  4.74345284e-02]",007,FW
734,2,0.5775218410173137,1,"[-3.37036341e-01  2.17123407e-02  7.28065760e+01  2.65384619e+01
 -1.28245265e+00 -4.91047452e-02]","[-2.40535883e-01  3.06873698e-03  1.97144965e+01  6.74204384e+00
 -1.71593560e+00  2.41091974e-01]",[-1.75615913  0.69692985 -2.26701468 -1.98123852 -1.32500052 -0.08985282],"[-10.64016824   3.84050499   0.41160197   6.37951419  -1.32168363
   0.04844849]","[-2.74413991e-01  1.00759152e-02  1.55787222e+02  4.47501934e+01
 -1.24715234e+00 -2.97066298e-01]","[ 3.07499803e+00  4.77992796e-02  3.02993074e+01 -9.11703105e+01
 -7.95354505e-01  8.56412135e-01]","[-7.78911063e+00  5.16685543e-02 -3.00157570e+01 -2.31796052e+02
 -1.17549481e+00  4.66081740e-01]","[ 3.02891582e-01  2.17107784e-02  7.28242347e+01 -2.00578476e+01
 -1.30804518e+00  2.14497543e-02]",007,FW
735,2,0.5775218410173137,1,"[-3.23005228e-01  2.17721234e-02  7.26027225e+01  2.54510589e+01
 -1.25744570e+00  4.00439311e-02]","[-2.39170097e-01  5.44619722e-03  2.56118317e+02  6.32558429e+01
 -7.68811216e-01  8.67324593e-01]",[-2.19316053  0.71698812 -2.20506815 -2.83606843 -1.33047488  0.00347026],[-8.24389319  3.87149673  0.40836579  5.36652392 -1.32360753 -0.02357465],"[-2.68703047e-01  8.09806790e-03  1.93189131e+02  5.39105082e+01
 -1.21112511e+00 -3.59084596e-01]","[  3.11248807   0.07778935  19.74145372 -59.44503925  -1.10362204
   0.56317378]","[-7.81500219e+00  3.45031381e-02 -4.33161942e+01 -3.36516153e+02
 -9.69581290e-01  7.22362418e-01]","[ 3.16580285e-01  2.18393351e-02  7.23981608e+01 -2.09198304e+01
 -1.30815093e+00 -3.92887061e-03]",007,FW
736,2,0.5775218410173137,1,"[-3.08257076e-01  2.34796968e-02  6.71784271e+01  2.27082255e+01
 -1.23466348e+00  1.71792439e-01]","[-2.35278093e-01  8.61336871e-03  1.79502646e+02  4.42330402e+01
 -1.22806315e+00  4.66917053e-01]",[-2.62913831  0.69367442 -2.27739497 -3.98758636 -1.32410838  0.0971406 ],[-5.88756699  3.71704626  0.42500706  4.50225754 -1.31792669 -0.09931974],"[-2.64161411e-01  6.25975711e-03  2.49161821e+02  6.78189381e+01
 -1.17301148e+00 -4.08582506e-01]","[  3.16948269   0.10734664  14.53270368 -44.06115278  -1.20932861
   0.39625713]","[-7.82891209e+00  1.77546422e-02 -6.37808716e+01 -4.97334837e+02
 -4.82558495e-01  9.44136997e-01]","[ 3.30243133e-01  2.16126078e-02  7.31532755e+01 -2.21583669e+01
 -1.30683333e+00 -2.78545229e-02]",007,FW
737,2,0.5775218410173137,1,"[-2.91788070e-01  2.72797729e-02  5.76352626e+01  1.88172820e+01
 -1.22107393e+00  2.66712440e-01]","[-2.29602793e-01  1.06633042e-02  1.47738120e+02  3.59210850e+01
 -1.34884182e+00  1.87533605e-01]",[-3.037482    0.62900832 -2.50502084 -5.60895571 -1.30315697  0.2006282 ],[-3.68482605  3.3847903   0.46579039  3.71635657 -1.30171227 -0.18429707],"[-2.60654254e-01  4.71476973e-03  3.30469482e+02  8.81382762e+01
 -1.14685334e+00 -4.26682826e-01]","[  3.24494055   0.13524547  11.60719871 -35.66466972  -1.25438614
   0.2939392 ]","[-7.83013333e+00  1.52908090e-02  5.65801666e+01  4.45030248e+02
 -7.01052513e-01  7.69771293e-01]","[ 3.43676210e-01  2.10732624e-02  7.50160726e+01 -2.37812395e+01
 -1.30417904e+00 -4.87638213e-02]",007,FW
738,2,0.5775218410173137,1,"[-2.72486521e-01  3.29457718e-02  4.76597273e+01  1.49866333e+01
 -1.22812890e+00  2.94580702e-01]","[-2.23029358e-01  1.12793982e-02  1.40122080e+02  3.32513375e+01
 -1.36428752e+00 -1.96877662e-02]",[-3.39380184  0.52850318 -2.96391876 -8.05895296 -1.25746458  0.32815088],[-1.73959738  2.89777794  0.54185384  2.94260751 -1.26861349 -0.28629842],"[-2.57973485e-01  3.56292816e-03  4.38592304e+02  1.15145185e+02
 -1.15167628e+00 -3.85442500e-01]","[  3.33742177   0.16077117   9.79453201 -30.68848436  -1.27789089
   0.22333163]","[-7.81857375e+00  3.14882005e-02  4.63965874e+01  3.64755140e+02
 -8.68189809e-01  8.09284853e-01]","[ 3.56713997e-01  2.02993060e-02  7.78653202e+01 -2.57756497e+01
 -1.30059080e+00 -6.45214210e-02]",007,FW
739,2,0.5775218410173137,1,[-0.24944073  0.03980138 39.48574506 11.84935317 -1.2498056   0.2733    ],"[-2.16453751e-01  1.05161002e-02  1.49762534e+02  3.44166622e+01
 -1.32673510e+00 -2.05025732e-01]","[ -3.67765794   0.40069427  -3.85335443 -12.17131949  -1.15438617
   0.50866077]",[-0.13815675  2.29305945  0.67894139  2.09380034 -1.202989   -0.42083381],"[-2.55875577e-01  2.83482049e-03  5.54674387e+02  1.43927629e+02
 -1.19249750e+00 -2.63703943e-01]","[  3.44509943   0.18323966   8.60875728 -27.65802483  -1.29226279
   0.16872478]","[-7.79515100e+00  4.84716752e-02  3.19179685e+01  2.50805384e+02
 -1.19153867e+00  4.79406644e-01]","[ 3.69248240e-01  1.93984791e-02  8.14741421e+01 -2.80841836e+01
 -1.29676148e+00 -7.26976338e-02]",007,FW
740,2,0.5775218410173137,1,[-0.22214727  0.0470009  33.49792996  9.44147383 -1.27323148  0.22818398],"[-2.10651221e-01  8.66230991e-03  1.79893746e+02  3.98948374e+01
 -1.23398054e+00 -4.00680125e-01]","[ -3.87375383   0.25741311  -5.70843466 -20.11307062  -0.87243547
   0.80142651]",[ 1.05650169  1.61802586  0.94155201  1.00524871 -1.05502041 -0.62392564],"[-2.54124063e-01  2.48922364e-03  6.34615474e+02  1.63271063e+02
 -1.24054020e+00 -9.46890265e-02]","[  3.56571897   0.20187047   7.82289626 -25.8942496   -1.30193698
   0.12206305]","[-7.76197255e+00  6.17027850e-02  2.54671521e+01  1.99675335e+02
 -1.30432630e+00  2.60705294e-01]","[ 3.81241024e-01  1.84954087e-02  8.54538750e+01 -3.05785228e+01
 -1.29348663e+00 -7.11274214e-02]",007,FW
741,2,0.6411979272757875,1,[-0.19056936  0.05376817 29.3313381   7.58965427 -1.2905109   0.17703433],"[-2.06174069e-01  6.16147319e-03  2.46506750e+02  5.28232999e+01
 -1.04177729e+00 -6.43131579e-01]","[ -3.97252711   0.12477694  -7.81285137 -29.03676387  -0.5532803
   0.8710012 ]",[ 1.8067779   0.93484779  1.49061303 -0.69320668 -0.64702193 -0.94935011],"[-2.52526824e-01  2.42071809e-03  6.53073966e+02  1.66918695e+02
 -1.27263050e+00  3.25287952e-02]","[  3.69653055   0.2157926    7.32334018 -25.07095068  -1.3087042
   0.07876554]","[-7.72222589e+00  6.92187762e-02  2.28203737e+01  1.78224081e+02
 -1.34465325e+00  9.33533456e-02]","[ 3.92728131e-01  1.77130688e-02  8.92392594e+01 -3.30467676e+01
 -1.29139432e+00 -5.89015022e-02]",007,FW
742,2,0.6411979272757875,1,[-0.15506825  0.0595681  26.50674262  6.1103541  -1.30010214  0.13002771],"[-2.03295827e-01  3.53784374e-03  3.94497909e+02  8.21997787e+01
 -6.10183042e-01 -9.76400064e-01]",[-3.97030523  0.1292935   8.17097511 34.44126524 -0.50435292  0.91119677],[ 2.09913869  0.44077442  0.72237555  0.48363353 -1.52376382 -0.34941639],"[-2.50960487e-01  2.48910047e-03  6.34981971e+02  1.61355385e+02
 -1.29886564e+00  6.90876190e-02]","[  3.83423794   0.22410215   7.05458974 -25.0489756   -1.31326411
   0.03565198]","[-7.67980313e+00  7.01041776e-02  2.25434133e+01  1.75128976e+02
 -1.34678508e+00 -5.55137022e-02]","[ 4.03810094e-01  1.71509397e-02  9.21788166e+01 -3.52227366e+01
 -1.29074616e+00 -3.76507565e-02]",007,FW
743,2,0.6411979272757875,1,[-0.11625439  0.06418204 24.6182331   4.86197775 -1.30373628  0.09199837],"[-2.02010197e-01  1.50151084e-03  4.19912186e+02  8.68265435e+01
 -9.12527799e-01 -6.84862872e-01]",[-3.86928178  0.25757821  5.76107393 24.29121836 -0.93391093  0.75472003],[ 1.9408429   0.74032983 -1.78293008  5.46038719 -0.55775214 -0.9773699 ],"[-2.49376847e-01  2.56211332e-03  6.17045612e+02  1.55876889e+02
 -1.32105096e+00  3.19601857e-02]","[ 3.97500311e+00  2.25945970e-01  6.99765768e+00 -2.58157110e+01
 -1.31551747e+00 -9.93725466e-03]","[-7.63873636e+00  6.45385721e-02  2.44087480e+01  1.88451991e+02
 -1.31585931e+00 -2.02896051e-01]","[ 4.14631155e-01  1.68639968e-02  9.37565857e+01 -3.68744014e+01
 -1.29147213e+00 -1.21605397e-02]",007,FW
744,2,0.6411979272757875,1,[-0.07479901  0.06769662 23.34823788  3.74642515 -1.3033818   0.06508485],"[-2.02085261e-01  1.64776884e-03 -7.81319321e+02 -1.55893119e+02
 -7.49410532e-01 -8.02947773e-01]",[-3.6774312   0.38763938  3.99917589 16.70669421 -1.19063581  0.46421338],[ 1.35666484  1.32593082 -1.14490551  3.55325304 -1.05125304 -0.6392502 ],"[-2.47788569e-01  2.55083161e-03  6.19724986e+02  1.55560768e+02
 -1.32636796e+00 -4.10349478e-02]","[  4.11453086   0.22065059   7.16349568 -27.47442405  -1.31457948
  -0.06040584]","[-7.60253237e+00  5.38590152e-02  2.90283855e+01  2.22689240e+02
 -1.24539948e+00 -3.58613827e-01]","[ 4.25350254e-01  1.68501256e-02  9.38341820e+01 -3.79123932e+01
 -1.29332782e+00  1.10120387e-02]",007,FW
745,2,0.6411979272757875,1,[-0.03124199  0.0704642  22.43420126  2.70088913 -1.30010897  0.0512118 ],"[-2.03159705e-01  2.62815093e-03 -5.89558574e+02 -1.17774546e+02
 -1.28743260e+00 -4.20114239e-01]",[-3.40828027  0.49588399  3.16630322 12.79164879 -1.28166065  0.28300772],[ 0.38683946  1.88118613 -0.82821476  2.32038615 -1.21688514 -0.40816555],"[-2.46237256e-01  2.43409849e-03  6.48935763e+02  1.61792162e+02
 -1.30829655e+00 -1.09001940e-01]","[  4.24825047   0.20790434   7.59624585 -30.27075505  -1.30875787
  -0.1180958 ]","[-7.57350916e+00  4.04197289e-02  3.81803534e+01  2.91159256e+02
 -1.12414877e+00 -5.24477704e-01]","[ 4.36111041e-01  1.70536750e-02  9.27101515e+01 -3.84319207e+01
 -1.29591586e+00  2.65688898e-02]",007,FW
746,2,0.6411979272757875,1,"[ 1.41780266e-02  7.30798574e-02  2.16309364e+01  1.69331601e+00
 -1.29442159e+00  5.30025546e-02]","[-2.04854482e-01  3.18347093e-03 -4.95764572e+02 -9.95595945e+01
 -1.35174496e+00 -1.28040061e-01]",[-3.08037225  0.57211201  2.75802224 10.49573516 -1.3191285   0.15216412],[-0.91361717  2.35007822 -0.6688099   1.38896379 -1.28050498 -0.26400315],"[-2.44754004e-01  2.26620138e-03  6.96854115e+02  1.72557835e+02
 -1.27815478e+00 -1.23758078e-01]","[  4.37160311   0.18795285   8.38832017 -34.6704066   -1.29532531
  -0.18573827]","[-7.55226641e+00  2.71972974e-02  5.58791338e+01  4.24014105e+02
 -9.61122164e-01 -6.74351711e-01]","[ 4.47017715e-01  1.73848234e-02  9.09417117e+01 -3.86525562e+01
 -1.29871776e+00  3.25817204e-02]",007,FW
747,2,0.6411979272757875,1,[ 0.06164862  0.07633914 20.70350586  0.72365745 -1.28706206  0.07174115],"[-2.06869268e-01  3.37617194e-03 -4.68306851e+02 -9.48782956e+01
 -1.31256783e+00 -1.26266282e-02]",[-2.7162892   0.61004266  2.59118123  9.03839759 -1.33281801  0.04317187],[-2.47485423  2.70154253 -0.58401793  0.55464075 -1.31011536 -0.15830593],"[-2.43325053e-01  2.16117054e-03  7.31396143e+02  1.79967005e+02
 -1.25205554e+00 -3.69203807e-02]","[  4.48041461   0.16172895   9.71816948 -41.54142847  -1.2697332
  -0.26745822]","[-7.53742767e+00  1.73225757e-02  8.83792174e+01  6.68151959e+02
 -8.88933529e-01 -6.36188756e-01]","[ 4.58120648e-01  1.77441721e-02  8.91010919e+01 -3.88190499e+01
 -1.30133072e+00  2.99918914e-02]",007,FW
748,2,0.522511338939647,1,[ 0.11182409  0.08108801 19.48255119 -0.17861864 -1.27974218  0.10306643],"[-2.09037424e-01  3.45453309e-03 -4.57645563e+02 -9.36650496e+01
 -1.27492734e+00 -2.91211626e-02]",[-2.34124268  0.6066945   2.60510476  8.09918244 -1.33160636 -0.05999487],[-4.21239934  2.9105453  -0.54299805 -0.28732463 -1.32455378 -0.06844513],"[-2.41872902e-01  2.25403704e-03  7.00157783e+02  1.71349195e+02
 -1.22047623e+00  1.42741803e-01]","[  4.57128637   0.13084014  11.94372823 -52.59820209  -1.22316354
  -0.37115206]","[-7.52572386e+00  1.45033283e-02  1.07855064e+02  8.13687428e+02
 -9.57526422e-01  1.89838619e-01]","[ 4.69412464e-01  1.80403730e-02  8.76413550e+01 -3.91399444e+01
 -1.30360145e+00  2.06924561e-02]",007,FW
749,2,0.522511338939647,1,[ 0.16573487  0.08793093 17.95557296 -0.97586456 -1.27535226  0.1351982 ],"[-2.11324095e-01  3.63655707e-03 -4.34319835e+02 -8.97822460e+01
 -1.25870265e+00 -1.13748226e-01]",[-1.98150678  0.56202389  2.80595322  7.56001535 -1.31548063 -0.17223419],[-6.02841049  2.95684149 -0.53468171 -1.22328081 -1.32936971  0.0190424 ],"[-2.40257545e-01  2.64713156e-03  5.92756432e+02  1.44414205e+02
 -1.17937518e+00  3.11271298e-01]","[  4.64191212   0.09739905  15.85725782 -71.60799721  -1.13389122
  -0.51440049]","[-7.51238469e+00  2.20769513e-02  6.78542133e+01  5.11746953e+02
 -7.34194772e-01  8.11572966e-01]","[ 4.80832378e-01  1.81966581e-02  8.68912228e+01 -3.97801133e+01
 -1.30545666e+00  6.16901745e-03]",007,FW
750,2,0.522511338939647,1,[ 0.22454224  0.09689052 16.288101   -1.65736673 -1.27694921  0.15408205],"[-2.13770191e-01  3.98734124e-03 -3.95646395e+02 -8.25774054e+01
 -1.26936722e+00 -1.68577123e-01]",[-1.66307732  0.47824185  3.2768542   7.44966191 -1.27201984 -0.31680812],[-7.8142368   2.82599919 -0.55881258 -2.36669381 -1.32382675  0.11622731],"[-2.38292904e-01  3.38205907e-03  4.61721246e+02  1.12024896e+02
 -1.15765279e+00  3.95235237e-01]","[ 4.69124455e+00  6.38171902e-02  2.34636953e+01 -1.08073933e+02
 -9.33342178e-01 -7.37938629e-01]","[-7.49173857e+00  3.94778426e-02  3.78641569e+01  2.85668365e+02
 -8.15693293e-01  7.95866672e-01]","[ 4.92274650e-01  1.81504657e-02  8.71113556e+01 -4.08827120e+01
 -1.30672879e+00 -1.27861542e-02]",007,FW
751,2,0.522511338939647,1,[ 0.28916224  0.1071986  14.72274221 -2.2572611  -1.28553772  0.1510145 ],"[-2.16405662e-01  4.38588855e-03 -3.59921501e+02 -7.58890505e+01
 -1.30759600e+00 -1.38980127e-01]",[-1.41070243  0.3597132   4.27140564  8.02568231 -1.14621323 -0.5416488 ],[-9.45443883  2.51176171 -0.62633472 -3.92164331 -1.29925406  0.23941068],"[-2.35764990e-01  4.46766083e-03  3.49039772e+02  8.42913585e+01
 -1.15886089e+00  4.13867341e-01]","[ 4.71947779e+00  3.32032281e-02  3.89660543e+01 -1.81899428e+02
 -4.37583530e-01 -1.05191237e+00]","[-7.45789643e+00  6.58341245e-02  2.30772408e+01  1.74107672e+02
 -9.64808157e-01  6.73761046e-01]","[ 5.03597527e-01  1.78520152e-02  8.85595385e+01 -4.25983646e+01
 -1.30715691e+00 -3.59203935e-02]",007,FW
752,2,0.522511338939647,1,[ 0.359849    0.11735422 13.4561169  -2.84217023 -1.29873587  0.12506931],"[-2.19168831e-01  4.59395576e-03 -3.44076990e+02 -7.34109517e+01
 -1.35073249e+00 -2.62055497e-02]",[-1.24710312  0.21725983  6.3873397   9.96567128 -0.71262176 -0.90158053],"[-10.83252538   2.02068355  -0.76997899  -6.34081692  -1.22549119
   0.4186515 ]","[-2.32439966e-01  5.92198299e-03  2.63444816e+02  6.32351042e+01
 -1.16757038e+00  4.06177465e-01]","[ 4.72785862e+00  1.72667382e-02 -1.68614429e+01  8.17185183e+01
 -1.60968412e+00 -2.86270589e-01]","[-7.40539845e+00  1.00079601e-01  1.53889128e+01  1.15961031e+02
 -1.08115080e+00  5.53262416e-01]","[ 5.14631574e-01  1.72643287e-02  9.15538296e+01 -4.51164915e+01
 -1.30639318e+00 -6.34535070e-02]",007,FW
753,2,0.522511338939647,1,[ 0.43587333  0.12544406 12.59744336 -3.49088953 -1.31198564  0.08026335],"[-2.21865697e-01  4.36625029e-03 -3.61058916e+02 -7.81065879e+01
 -1.35760747e+00  1.63682205e-01]",[-1.1920659   0.12004612  0.24966353  2.29761538 -1.72221765 -0.24811901],"[-11.83828858   1.38275245  -1.0798044  -10.78303607  -0.98648025
   0.71532522]","[-2.28061402e-01  7.79103421e-03  2.00423929e+02  4.77089623e+01
 -1.17673046e+00  3.92568987e-01]","[ 4.71837987e+00  3.30688017e-02 -4.29651639e+01  2.04725964e+02
 -7.81756041e-01 -8.64625541e-01]",[-7.32974179  0.14044352 11.06729133 83.12038775 -1.16073281  0.45055615],"[ 5.25188104e-01  1.63642174e-02  9.65488319e+01 -4.87062980e+01
 -1.30390111e+00 -9.61422798e-02]",007,FW
754,2,0.522511338939647,1,[ 0.51540139  0.12959195 12.19995319 -4.28787286 -1.32099782  0.02157206],"[-2.24184523e-01  3.55800804e-03 -4.34636924e+02 -9.54388713e+01
 -1.24552114e+00  4.56788445e-01]",[-1.26117098  0.24577568 -5.44964589 -4.87293523 -0.5219832  -1.01449841],"[-12.37586898   0.71445587  -1.49087231 -16.45084032  -0.54212878
   0.88079619]","[-2.22346355e-01  1.01356162e-02  1.54218280e+02  3.62898724e+01
 -1.18799656e+00  3.76318881e-01]","[ 4.69342344e+00  5.35050612e-02 -2.87939452e+01  1.37142177e+02
 -1.15228739e+00 -5.23305648e-01]",[-7.22775721  0.18461271  8.47036963 63.22177519 -1.21405581  0.36488197],"[ 5.35068474e-01  1.51437583e-02  1.04252541e+02 -5.37822482e+01
 -1.29875644e+00 -1.35402012e-01]",007,FW
755,0,0.0795502613745023,0,[ 0.61847652  0.16785692  9.23122338 -3.7092949  -0.92031171  0.48615652],"[-2.18848720e-01  1.49279041e-02  6.36920097e+01  1.59389148e+01
  1.45540738e-01  1.42518943e+00]",[-2.53572974  2.7898219  -0.43154339  0.9057226   0.21366836 -1.47378157],[-7.97998104 10.4819703   0.10628787  2.84817516  0.24588979  1.49691801],[-0.18590028  0.07570705 16.23716592  5.01849365  0.19383815  1.45856597],[ 4.51797448  0.36566111 -3.40531505 17.3851265   0.17489862 -1.44485853],[-6.72347975  1.0251729   1.23404678 10.29708855  0.14851933  1.42518549],"[ 5.45423149e-01  1.57646806e-02  9.99307695e+01 -5.25045549e+01
 -1.12833971e+00  1.44192143e-01]",007,FW
756,0,0.0795502613745023,0,"[ 6.98606056e-01  1.51025509e-01  9.93512891e+00 -4.94074123e+00
 -1.54873878e+00  9.32258698e-04]","[-2.12437151e-01  1.93632884e-02  6.94896222e+01  1.67621773e+01
 -1.81748964e+00  4.05473288e-01]",[-3.96231939  3.56479598 -0.40013116  0.41455254 -1.79780979 -0.41338391],[-2.59824638 14.00775029  0.10039955  2.26086276 -1.77142344  0.43575815],[-0.14539755  0.09763832 14.68498046  4.13516024 -1.77646967  0.4217347 ],[ 4.31316946  0.48259254 -2.994772   14.91695913 -1.73730902 -0.43581738],[-6.16688369  1.31067697  1.10371358  8.80647325 -1.77019032  0.41433218],"[ 5.52940633e-01  1.27864508e-02  1.17311859e+02 -6.28664938e+01
 -1.39980147e+00 -2.01835379e-01]",007,FW
757,0,0.2242432457165781,0,[ 0.75430441  0.11239357 10.70704211 -6.07636911 -1.36602279 -0.4304422 ],"[-2.05732709e-01  1.97406491e-02  6.96822792e+01  1.63359241e+01
 -1.82921022e+00 -4.03590959e-01]",[-5.4947008   3.68283147 -0.39547373 -0.17300984 -1.8020161   0.36622987],[ 3.62546276 15.13071325  0.09753221  1.64640061 -1.78326356 -0.31841342],[-0.10155932  0.1026195  14.37433995  3.45984813 -1.78574788 -0.33392799],[ 4.07869975  0.52666179 -2.85650093 13.65080964 -1.73988497  0.25955303],[-5.56224437  1.37761823  1.07746905  7.99314614 -1.77280907 -0.32280894],"[ 5.57768146e-01  8.65909889e-03  1.33530477e+02 -7.24790465e+01
 -1.12835095e+00 -4.93721952e-01]",007,FW
758,0,0.3280189132890582,0,[ 0.78579119  0.07284086  3.56437809 -0.80085689 -1.01087043 -0.39588266],"[-1.99795556e-01  1.58403065e-02  6.16441781e+01  1.43162329e+01
  9.94024201e-02 -1.39694925e+00]",[-7.08030113  3.09622267 -0.42871516 -1.03543242  0.03198763  1.33867177],[10.50509885 13.41185121  0.10431099  0.90420271 -0.16500435 -1.18329441],[-0.05543674  0.0886592  15.57477575  2.86341479 -0.10989993 -1.22970606],[ 3.81436033  0.48859756 -3.01271345 13.49157468 -0.44244495  0.92622372],[-4.91638499  1.20698504  1.1692887   7.74867342 -0.20149866 -1.14677865],"[ 5.60194745e-01  5.28200116e-03  1.11544342e+01 -4.24865540e+00
 -1.20533022e+00 -4.51361256e-02]",007,FW
759,0,0.3280189132890582,0,"[  0.7950869    0.05722042 -27.59932459  23.94386147  -1.36049755
   0.09519407]","[-1.95874480e-01  7.35396334e-03 -1.78105616e+02 -3.28863449e+01
 -4.30202811e-01 -1.06623905e+00]","[ -8.66267194   0.82822897  -1.89147611 -14.385237    -1.24670872
   0.33001923]",[17.82083315  5.33002732  0.29606549 -3.27613368 -1.30287786 -0.15349516],"[-8.38794803e-03  3.14102212e-02  5.00450589e+01  2.41977535e+00
 -1.28628670e+00 -2.60149977e-01]",[ 3.52046583  0.28675059 -5.50876208 21.39340864 -1.30374049 -0.10759901],[-4.23880886  0.52719505  2.99894899 14.71197154 -1.31725075 -0.02244699],"[ 5.60631994e-01  4.61394991e-03 -3.40492224e+02  1.92890834e+02
 -1.32948917e+00  2.54852231e-01]",007,FW
760,0,0.3280189132890582,0,"[  0.76305821   0.05001347 -31.30329835  25.88623876  -1.29943835
   0.32008143]","[-2.02200067e-01  1.41254359e-02 -1.05894054e+02 -1.94117850e+01
 -9.25141810e-01 -7.44918536e-01]","[ -9.1129034    0.63276145  -2.44847908 -20.31275329  -1.16846411
   0.4774413 ]",[20.93745525  4.6887708   0.33570264 -5.02875899 -1.28410932 -0.23193577],"[ 8.88954955e-03  2.50720229e-02  6.20648915e+01  1.44827107e+00
 -1.21537331e+00 -4.21286545e-01]",[ 3.33569112  0.303383   -5.20987347 19.37852868 -1.31175244 -0.06388874],[-3.91580294  0.50888981  3.10521332 14.15940344 -1.31613206 -0.08192903],"[ 5.58234435e-01  3.55201206e-03 -4.31181545e+02  2.42700386e+02
 -1.15800209e+00  5.52395495e-01]",007,FW
761,0,0.3280189132890582,0,"[ 7.37910957e-01  3.63934267e-02 -4.14508872e+01  3.25870638e+01
 -1.07556525e+00  6.45101678e-01]","[-2.13132786e-01  2.16130335e-02 -7.14310444e+01 -1.32242975e+01
 -1.13298018e+00 -5.17792064e-01]","[ -9.43177626   0.42202225  -3.54734751 -31.45778809  -0.95922839
   0.72503194]",[23.59224661  3.87930439  0.40361762 -7.52224634 -1.24532047 -0.33814398],"[ 2.16031957e-02  1.73473750e-02  8.68225843e+01  1.24354721e-01
 -1.01373868e+00 -6.82288620e-01]","[ 3.14355986e+00  3.11287334e-01 -5.07913395e+00  1.79665616e+01
 -1.31664862e+00 -1.52070805e-02]",[-3.61111558  0.47059133  3.35323305 14.10891212 -1.30603912 -0.15356581],"[ 5.56685610e-01  2.10041996e-03 -6.32703112e+02  3.54216718e+02
 -6.24037255e-01  9.35996779e-01]",007,FW
762,0,0.6035741151510765,0,"[ 7.23719184e-01  1.97611775e-02 -5.63255035e+01  4.27638474e+01
 -5.66063616e-01  8.69818906e-01]","[-2.28786258e-01  2.90429868e-02 -5.38107378e+01 -1.03111573e+01
 -1.22542854e+00 -3.69613379e-01]","[ -9.61008761   0.21855117  -5.57553504 -51.58138021  -0.43685604
   1.01436649]","[ 25.68806143   2.93803374   0.52631159 -11.51992433  -1.15685804
  -0.49690856]","[ 2.89007188e-02  9.26565032e-03  1.32683673e+02 -1.83465351e+00
 -4.80037652e-01 -9.86024101e-01]",[ 2.95002815  0.30874333 -5.12042987 17.10541227 -1.31747646  0.03870669],[-3.33654787  0.41339116  3.80658016 14.70083692 -1.28276771 -0.2385684 ],"[ 5.56252852e-01  1.29071426e-03  2.28775489e+02 -1.25257018e+02
 -1.54245024e+00  3.33800690e-01]",007,FW
763,0,0.6035741151510765,0,"[ 7.23700771e-01  1.97239468e-02  4.60696728e+01 -3.13406577e+01
 -5.68761048e-01  8.67630691e-01]","[-2.48905387e-01  3.58084533e-02 -4.39018177e+01 -8.92739895e+00
 -1.27318802e+00 -2.62153536e-01]",[-9.64502567  0.14922613  4.42615223 44.69035192 -1.06257047  0.55779718],"[ 27.15240221   1.92326354   0.77285171 -18.98478053  -0.91976461
  -0.75999581]","[ 3.01981694e-02  6.69340517e-03 -9.88472466e+01  4.98500590e+00
 -1.01662499e+00 -5.97116097e-01]",[ 2.76185104  0.2948887  -5.35733717 16.79616726 -1.31292833  0.09904682],[-3.10241965  0.34126015  4.58762    16.23272242 -1.23959186 -0.34156639],"[ 5.57082914e-01  2.69396086e-03  5.16607182e+02 -2.85793034e+02
 -6.62811013e-01  9.38986989e-01]",007,FW
764,0,0.6035741151510765,0,"[  0.73994904   0.04257808  34.0551729  -23.19909248  -0.79143273
   0.85928921]","[ -0.2728779    0.04136244 -38.12863869  -8.40446299  -1.30111141
  -0.17474058]",[-9.54099824  0.30650828  4.71628831 46.99809852 -0.82574128  0.83866466],"[ 27.94366856   0.96476292   1.19205764 -31.31046349  -0.4173718
  -1.00192588]","[ 2.51987942e-02  1.43657570e-02 -9.97595350e+01  4.51382000e+00
 -7.53499170e-01 -8.85011854e-01]",[ 2.5860064   0.26987048 -5.84504554 17.11532515 -1.3008649   0.16823953],[-2.91617146  0.26022641  5.9573492  19.3726517  -1.16113765 -0.47503604],"[ 5.59203841e-01  4.59747596e-03  3.32181139e+02 -1.83756969e+02
 -1.08444890e+00  5.99859642e-01]",007,FW
765,0,0.6035741151510765,0,"[  0.7732156    0.06887231  22.3013554  -15.24375592  -1.11362026
   0.55842463]","[ -0.2997584    0.04519147 -34.95968465  -8.47945918  -1.31822151
  -0.09514493]",[-9.31001589  0.48419939  3.18714106 31.67233391 -1.16559877  0.5074578 ],[28.05568243  0.73901216 -1.11208067 33.200182   -0.81284406 -0.69223593],"[ 1.38898462e-02  2.37552345e-02 -6.45268547e+01  2.89626809e+00
 -1.09512436e+00 -5.76989198e-01]",[ 2.42906679  0.23488567 -6.69615176 18.26539984 -1.27722196  0.25083856],[-2.78159582  0.17719343  8.55082972 25.78495219 -1.0010654  -0.67006259],"[ 5.62541213e-01  6.38765539e-03  2.44288025e+02 -1.35422082e+02
 -1.22711754e+00  3.87720196e-01]",007,FW
766,0,0.6035741151510765,0,"[  0.82275931   0.09344859  16.72392439 -11.75976447  -1.24007075
   0.36510048]","[-3.28301327e-01  4.68324884e-02 -3.37587438e+01 -9.08304037e+00
 -1.32702626e+00 -1.51855336e-02]",[-8.97138592  0.63314954  2.47696433 24.2218029  -1.27517344  0.30447705],[27.51894452  1.50113026 -0.97530651 28.83940573 -0.88294687 -0.79785625],"[-3.46449403e-03  3.28576264e-02 -4.74795223e+01  1.83550748e+00
 -1.21580515e+00 -3.94118174e-01]",[ 2.29658669  0.19210374 -8.14254395 20.70005804 -1.23315641  0.35556806],[-2.69883779  0.09952891 13.99447428 39.76881608 -0.60444904 -0.97737047],"[ 5.66940768e-01  7.90023593e-03  1.99052123e+02 -1.10850764e+02
 -1.28255689e+00  2.53068629e-01]",007,FW
767,0,0.6035741151510765,0,"[  0.88628422   0.11337511  13.88543851 -10.30644504  -1.29905594
   0.22448338]","[ -0.35700978   0.0459244  -34.41142526 -10.28521551  -1.32672384
   0.07238135]",[-8.55063094  0.73934922  2.13335717 20.2415498  -1.31635414  0.16618222],[26.39800518  2.31351939 -0.66887387 19.65693597 -1.18257693 -0.48119965],"[-2.63180282e-02  4.10071196e-02 -3.83150520e+01  9.91623381e-01
 -1.27050394e+00 -2.73740729e-01]","[  2.19256605   0.14451805 -10.7009839   25.46261395  -1.14648563
   0.50006874]",[-2.66500228  0.04366574 10.70992185 30.54196615 -1.27360896 -0.48605733],"[ 5.72189225e-01  9.04721254e-03  1.74404891e+02 -9.77925992e+01
 -1.30759493e+00  1.56054319e-01]",007,FW
768,0,0.6035741151510765,0,"[  0.96000002   0.12625364  12.51033125 -10.00991831  -1.32834979
   0.1058732 ]","[ -0.38420928   0.0422665  -37.30584272 -12.33325098  -1.31271407
   0.17753071]",[-8.07769659  0.79595104  1.98574745 18.04026544 -1.330687    0.05716623],[24.7854807   2.98968489 -0.52492965 15.01063364 -1.27667807 -0.29266754],"[ -0.05382525   0.04764638 -33.09382619   0.21871651  -1.30055652
  -0.18074847]","[  2.1190347    0.09584196 -15.66988809  35.20503661  -0.95196855
   0.72136692]","[ -2.67499094   0.0629109  -20.781845   -53.59124719  -0.6013134
  -0.93625755]","[ 5.78028830e-01  9.76692389e-03  1.61802435e+02 -9.15264722e+01
 -1.32020243e+00  7.57968310e-02]",007,FW
769,0,0.6417058631878474,0,"[ 1.03884625e+00  1.30242561e-01  1.21382511e+01 -1.06097767e+01
 -1.33888591e+00 -8.42456299e-03]","[-4.08150819e-01  3.58689181e-02 -4.36861864e+01 -1.58305528e+01
 -1.27014223e+00  3.18903357e-01]",[-7.58460729  0.80100492  1.97352398 16.96840438 -1.32983151 -0.03941259],[22.7937232   3.48364437 -0.45276315 12.32015797 -1.3105316  -0.16858931],"[ -0.08483219   0.05223768 -30.24212264  -0.56550538  -1.31779508
  -0.09910572]","[ 2.07579492e+00  5.09681698e-02 -2.60839100e+01  5.61448478e+01
 -4.73243125e-01  1.04478315e+00]","[ -2.7222125    0.10937357 -13.960858   -36.0044222   -1.11628609
  -0.58510908]","[ 5.84167147e-01  1.00083425e-02  1.57972973e+02 -9.02826207e+01
 -1.32559933e+00 -6.46597610e-04]",007,FW
770,0,0.5482847806450909,0,"[  1.11690242   0.12430231  12.69925163 -12.18382484  -1.32990679
  -0.13239304]","[-4.27139653e-01  2.70205443e-02 -5.69136265e+01 -2.23100666e+01
 -1.14710629e+00  5.36615214e-01]",[-7.10279677  0.75732397  2.08458399 16.80637646 -1.31640182 -0.1330576 ],[20.54510115  3.78136616 -0.4179101  10.58600523 -1.32153483 -0.07721735],"[-1.17904842e-01  5.43335596e-02 -2.90978372e+01 -1.43077589e+00
 -1.32539942e+00 -2.11070510e-02]",[ 2.0603527   0.02305941 -1.62578858  5.34969787 -1.70024946  0.25091803],"[ -2.79896088   0.14791616 -10.58597471 -27.62972912  -1.2752021
  -0.32754194]","[ 5.90288361e-01  9.73569221e-03  1.62305834e+02 -9.38072448e+01
 -1.32283149e+00 -8.18558085e-02]",007,FW
771,0,0.4342429316504611,0,"[  1.18795683   0.10847612  14.47201395 -15.19212777  -1.2895887
  -0.28315116]","[-4.39676717e-01  1.65437710e-02 -8.53158308e+01 -3.55113844e+01
 -7.45728622e-01  8.88227731e-01]",[-6.6603741   0.67230367  2.34124776 17.59358595 -1.28882899 -0.23084852],"[ 1.81616413e+01  3.88924257e+00 -4.06524310e-01  9.38314869e+00
 -1.32145155e+00 -4.90396501e-03]","[ -0.15141477   0.05368646 -29.44165277  -2.45790116  -1.32366545
   0.05731398]","[ 2.06805054e+00  3.65600435e-02  3.84670117e+01 -7.75517243e+01
 -8.64664061e-01  8.02966767e-01]","[ -2.89642365   0.17308822  -9.11449617 -24.39944224  -1.3310304
  -0.15416106]","[ 5.96072451e-01  8.94989197e-03  1.76211968e+02 -1.03035100e+02
 -1.30738463e+00 -1.73400546e-01]",007,FW
772,0,0.4961100858754591,0,"[  1.24616221   0.08409877  18.37604282 -20.89953018  -1.17882413
  -0.49249759]","[-4.44595491e-01  8.35094858e-03 -3.75407193e+01 -1.46904346e+01
 -1.56054936e+00  3.15492432e-01]",[-6.27961951  0.55720414  2.80984226 19.64474027 -1.24140813 -0.34031544],[15.75473168  3.83093016 -0.41262209  8.50075038 -1.31490644  0.05389634],"[ -0.18367682   0.05032922 -31.36392265  -3.7608256   -1.31174888
   0.13925422]","[ 2.09239171e+00  5.44487468e-02  2.86232248e+01 -5.78909984e+01
 -1.32535451e+00  3.57016741e-01]","[-3.00446919e+00  1.81888927e-01 -8.69081024e+00 -2.41112716e+01
 -1.35159455e+00 -2.17952969e-03]","[ 6.01224444e-01  7.71241307e-03  2.03653597e+02 -1.20441520e+02
 -1.27235881e+00 -2.79635816e-01]",007,FW
773,0,0.5192638590239234,0,"[  1.28668449   0.05408437  26.93603131 -32.65817375  -0.85343672
  -0.81948723]","[-4.41177788e-01  1.48267658e-02  8.79776047e+01  4.08137650e+01
 -5.08069992e-01  1.00649839e+00]",[-5.97507236  0.425837    3.64167672 23.75928189 -1.16095329 -0.47236419],[13.41595322  3.64426692 -0.43351287  7.81598835 -1.30458474  0.10028605],"[ -0.21311129   0.04458504 -35.30713989  -5.52435014  -1.28739247
   0.22909454]","[ 2.12552499e+00  6.12447405e-02  2.57865649e+01 -5.28099881e+01
 -1.41166175e+00  8.67867924e-03]","[ -3.11150284   0.17182977  -9.17518568 -26.54861632  -1.3415145
   0.17028708]","[ 6.05510773e-01  6.15432340e-03  2.53283519e+02 -1.51365899e+02
 -1.20704149e+00 -4.06342890e-01]",007,FW
774,0,0.5192638590239234,0,"[ 1.30623278e+00  2.61529112e-02  3.13868527e+01 -3.89985359e+01
 -7.73286072e-01 -7.24803339e-01]","[-4.29229038e-01  2.71918304e-02  5.55611554e+01  2.58484613e+01
 -1.01633526e+00  6.72398700e-01]",[-5.7525675   0.29286793  5.19544757 31.88716286 -1.01590215 -0.64663671],[11.21051011  3.37629743 -0.46764227  7.24250844 -1.29316896  0.13275116],"[-2.38395513e-01  3.70078437e-02 -4.23184583e+01 -8.08853059e+00
 -1.24429783e+00  3.35160798e-01]","[ 2.15884270e+00  5.50636405e-02  2.83424826e+01 -5.91869615e+01
 -1.33585873e+00 -3.38243999e-01]","[ -3.20466592   0.1415722  -10.97698145 -33.17755839  -1.25563478
   0.41608775]","[ 6.08795783e-01  4.46365397e-03  3.44352760e+02 -2.07640508e+02
 -1.09130879e+00 -5.63171619e-01]",007,FW
775,0,0.5192638590239234,0,"[ 1.30335450e+00  3.19402666e-02 -3.62055048e+01  4.91886077e+01
 -4.72918011e-01 -9.60057411e-01]","[-4.09092085e-01  3.93737684e-02  3.94868754e+01  1.81537682e+01
 -1.19979918e+00  4.35268284e-01]",[-5.60941569  0.17219301  8.41816165 49.22096809 -0.721146   -0.90008167],[ 9.17450114  3.07608224 -0.5131028   6.7074622  -1.28363279  0.14889788],"[-2.58577187e-01  2.82918576e-02 -5.47929022e+01 -1.21681945e+01
 -1.16449409e+00  4.74228034e-01]","[ 2.18363481e+00  3.74636583e-02  3.78274917e+01 -8.06014276e+01
 -8.94137682e-01 -7.86512137e-01]","[ -3.2704986    0.09332593 -15.37754446 -48.29223757  -0.87646674
   0.80442889]","[ 6.11069667e-01  2.85701628e-03  5.23697849e+02 -3.18015870e+02
 -8.87202636e-01 -7.63014649e-01]",007,FW
776,2,0.3770624257426646,1,"[  1.27842932   0.06127285 -24.44727518  33.25411335  -0.98991479
  -0.70747528]",[-0.3815913   0.05006277 31.36014932 13.96676004 -1.26922757  0.28830463],"[-5.53567683e+00  7.71795601e-02  1.49315115e+01  8.46560224e+01
 -2.23338195e-01 -1.15190670e+00]",[ 7.31639727  2.7867722  -0.56639695  6.14398511 -1.27829167  0.14731108],"[-2.73136227e-01  1.92040538e-02 -7.87272828e+01 -1.95032730e+01
 -9.93190188e-01  6.81405771e-01]",[ 2.19173453  0.02344624  0.7027695   0.45971583 -1.71697655 -0.2372902 ],"[ -3.29602039   0.05149696  -5.75256197 -16.96056154  -1.62034182
   0.26525992]","[ 6.12460807e-01  1.54329392e-03  9.22424753e+02 -5.62949008e+02
 -5.51481955e-01 -1.00784900e+00]",007,FW
777,2,0.3770624257426646,1,"[  1.23338116   0.0897666  -17.3182855   23.36004707  -1.20985383
  -0.43231953]",[-0.3479165   0.0586536  26.87737101 11.35108088 -1.29815912  0.18798204],"[-5.51622586e+00  3.83825706e-02 -1.78575361e+01 -9.65062023e+01
 -1.30185900e+00 -3.00194908e-01]",[ 5.62202001  2.53978714 -0.62172914  5.49537368 -1.27761136  0.12884946],"[-2.81996292e-01  1.06337508e-02 -1.29145060e+02 -3.44184281e+01
 -5.62903333e-01  1.00034913e+00]","[ 2.17608796e+00  5.20476277e-02 -2.53285018e+01  5.71170479e+01
 -4.42943308e-01 -1.06073016e+00]",[-3.27005647  0.1008461  12.73581246 43.64682596 -0.42403816  1.057906  ],"[ 6.13230073e-01  6.84648755e-04  2.03435233e+03 -1.24552603e+03
 -2.38592935e-01 -1.16392825e+00]",007,FW
778,2,0.3770624257426646,1,"[  1.17118662   0.11346911 -13.84660301  18.21695616  -1.27882068
  -0.27167687]",[-0.30946403  0.06491298 24.33065538  9.52946276 -1.30931355  0.11530311],"[-5.53312434e+00  6.09852188e-02 -2.49416992e+01 -1.36005523e+02
 -1.29702467e+00 -4.87333588e-01]",[ 4.06149584  2.35323558 -0.67139741  4.72687778 -1.28008627  0.09675785],"[-2.85495299e-01  4.67603263e-03 -7.17758183e+01 -1.84916587e+01
 -1.44728045e+00  3.95946053e-01]","[  2.13118327   0.09981291 -14.99416057  33.95530411  -0.92238387
  -0.74473911]",[-3.18453289  0.19420372  7.70409845 26.53395493 -0.93532215  0.73911605],"[ 6.13748659e-01  5.52964482e-04  2.60476078e+03 -1.59666843e+03
 -3.35445984e-01  9.26626679e-01]",007,FW
779,2,0.3770624257426646,1,"[  1.0952839    0.13167601 -11.97791772  15.11922038  -1.30064641
  -0.17247692]",[-0.26765763  0.06892557 22.93222332  8.13798458 -1.31146953  0.06215365],"[-5.56778106e+00  7.11769653e-02 -2.21461647e+01 -1.21304996e+02
 -1.46945592e+00  4.41454154e-02]",[ 2.59648435  2.2340205  -0.70756833  3.83719009 -1.28351838  0.05613464],"[-2.84324432e-01  6.86996614e-03  1.95944018e+02  5.77116716e+01
 -7.06989725e-01  8.81946162e-01]","[  2.05327966   0.15369994 -10.03486205  22.60437811  -1.11843147
  -0.52991121]",[-3.03540963  0.29514903  5.23674551 17.89566773 -1.14509915  0.50481348],"[ 6.14462412e-01  1.35578966e-03  1.01728305e+03 -6.23082198e+02
 -3.31695417e-01  1.14213549e+00]",007,FW
780,2,0.3770624257426646,1,"[  1.00901467   0.14489206 -10.90157376  12.99984784  -1.30546804
  -0.1103184 ]",[-0.2237828   0.07103898 22.256033    6.98051735 -1.30909883  0.02514494],"[-5.60256015e+00  5.89530269e-02 -2.57023239e+01 -1.41998815e+02
 -1.22107154e+00  5.49378072e-01]",[ 1.186514    2.18082404 -0.72499728  2.86021942 -1.28661448  0.01375864],"[-2.79442772e-01  1.12090108e-02  1.37554204e+02  4.04385281e+01
 -1.21113875e+00  4.91413612e-01]",[ 1.94039381  0.20969781 -7.44075013 16.43798547 -1.20383533 -0.39585221],[-2.82299724  0.39308589  3.97918884 13.2332391  -1.2334994   0.35588073],"[ 6.15846077e-01  2.87214438e-03  5.07518159e+02 -3.10553067e+02
 -6.88909058e-01  9.10759608e-01]",007,FW
781,2,0.3770624257426646,1,"[  0.91524598   0.15418144 -10.25069345  11.38190599  -1.30497041
  -0.0721774 ]","[-1.78872685e-01  7.17608816e-02  2.20333728e+01  5.94116854e+00
 -1.30535782e+00  2.08436162e-03]","[-5.62176098e+00  3.46214780e-02 -2.50598866e+01 -1.38880693e+02
 -9.51460888e-01  5.44696958e-01]",[-0.20586023  2.18555169 -0.72341601  1.85107741 -1.28962479 -0.02233962],"[-2.71974740e-01  1.41425550e-02  1.11302368e+02  3.22714328e+01
 -1.33526907e+00  2.13101095e-01]",[ 1.79204979  0.26536777 -5.91214752 12.59486271 -1.24539482 -0.30649476],[-2.5516115   0.48127175  3.26786109 10.33831192 -1.27511707  0.25270761],"[ 6.18352365e-01  5.04616251e-03  2.99284027e+02 -1.83062986e+02
 -9.38192696e-01  7.09797408e-01]",007,FW
782,2,0.3770624257426646,1,[ 0.81626921  0.1605718  -9.84511277 10.0362624  -1.30465799 -0.04753959],"[-1.33671825e-01  7.16043625e-02  2.20813907e+01  4.95165980e+00
 -1.30258100e+00 -1.05222581e-02]","[-5.61206318e+00  5.41787332e-02  2.02710830e+01  1.15762599e+02
 -3.01027538e-01  1.07932763e+00]",[-1.61071255  2.2332433  -0.70788717  0.85979725 -1.29366305 -0.0448498 ],"[-2.63099705e-01  1.53125175e-02  1.03224038e+02  2.91582140e+01
 -1.35516195e+00  2.43627169e-02]",[ 1.6088635   0.3192816  -4.92804207  9.92854703 -1.266774   -0.24457785],[-2.22873545  0.55529429  2.84004122  8.32970053 -1.29543173  0.17672769],"[ 6.22362251e-01  7.74349502e-03  1.98835362e+02 -1.21747624e+02
 -1.08981445e+00  5.52380386e-01]",007,FW
783,2,0.1113994443147609,1,[ 0.71397169  0.16454284 -9.60871822  8.86035275 -1.30661947 -0.02607943],"[-8.86836570e-02  7.09216484e-02  2.22935575e+01  3.97707421e+00
 -1.30193639e+00 -1.83409292e-02]",[-5.56253409  0.11919596 12.19745985 69.84878622 -0.75447516  0.87835663],[-3.04694938  2.30238583 -0.68660413 -0.09204804 -1.29929196 -0.04973035],"[-2.53945873e-01  1.48120275e-02  1.06564003e+02  2.90614889e+01
 -1.33615767e+00 -1.32852030e-01]",[ 1.39206645  0.3708751  -4.24934405  7.91536927 -1.27807103 -0.20099215],[-1.86395852  0.61278212  2.57728231  6.80394731 -1.30523815  0.11824898],"[ 6.28143139e-01  1.07583558e-02  1.44692845e+02 -8.88878180e+01
 -1.18173221e+00  4.28893826e-01]",007,FW
784,2,0.1113994443147609,1,"[ 6.10192377e-01  1.65778486e-01 -9.53756684e+00  7.81975058e+00
 -1.31047689e+00  1.23763551e-03]",[-0.04428807  0.06979242 22.65340952  3.00327578 -1.30338418 -0.02820257],[-5.46424622  0.20092088  7.58954323 43.47113286 -1.02624022  0.63179669],[-4.51951738  2.36735456 -0.6678163  -1.01820739 -1.30560175 -0.03716888],"[-2.45501645e-01  1.29125733e-02  1.21519695e+02  3.18332851e+01
 -1.28427864e+00 -2.92933885e-01]",[ 1.14305992  0.42025172 -3.75359607  6.29058524 -1.28409902 -0.17024539],[-1.46793478  0.65294449  2.42051918  5.5531643  -1.30963035  0.0713234 ],"[ 6.35820898e-01  1.38482022e-02  1.13146538e+02 -6.99409334e+01
 -1.23852598e+00  3.29339897e-01]",007,FW
785,2,0.1113994443147609,1,[ 0.50713508  0.16325583 -9.68350032  6.91084273 -1.31426982  0.04121514],"[-8.98681624e-04  6.80058873e-02  2.32458596e+01  2.02089063e+00
 -1.30605669e+00 -4.66125730e-02]",[-5.30956732  0.29442829  5.26150583 29.93631941 -1.13443979  0.48981419],[-6.01851196  2.4029197  -0.65799491 -1.96015026 -1.31065522 -0.01047674],"[-2.38553487e-01  9.98968918e-03  1.54762780e+02  3.89192008e+01
 -1.17204495e+00 -4.92558543e-01]",[ 0.86305924  0.46796749 -3.37274896  4.91088214 -1.28724533 -0.14878022],[-1.05149899  0.67610266  2.33838441  4.45880884 -1.31089577  0.03221668],"[ 6.45369493e-01  1.67667817e-02  9.38274347e+01 -5.85533640e+01
 -1.27380760e+00  2.46731277e-01]",007,FW
786,2,0.1113994443147609,1,"[  0.40770963   0.1555597  -10.15545554   6.140477    -1.31473776
   0.09993322]",[ 0.04088176  0.06512274 24.26662418  1.00793779 -1.30835353 -0.07946353],[-5.09127626  0.39937214  3.90526559 21.88278601 -1.18293623  0.40643351],[-7.52075269  2.38921151 -0.66173684 -2.97675911 -1.31266615  0.02590858],"[-2.33650477e-01  6.49885302e-03  2.26698678e+02  5.49682542e+01
 -8.85939152e-01 -7.91560245e-01]",[ 0.55286738  0.51483203 -3.0667648   3.69551421 -1.28883292 -0.13410805],"[-6.24953998e-01  6.83472861e-01  2.31336920e+00  3.44574933e+00
 -1.30994363e+00 -9.12056374e-04]","[ 6.56617972e-01  1.92933313e-02  8.17419248e+01 -5.16732169e+01
 -1.29532600e+00  1.76451447e-01]",007,FW
787,2,0.1113994443147609,1,"[  0.31569788   0.14125827 -11.15986183   5.52314476  -1.30543205
   0.18659599]",[ 0.0801504   0.06058288 26.05999579 -0.08871915 -1.30703514 -0.13324582],[-4.80176057  0.51724252  3.02561648 16.52828592 -1.20851781  0.35467217],[-8.99381851  2.31547459 -0.68259172 -4.13910601 -1.3105765   0.06785611],"[-2.31088715e-01  3.17321000e-03  3.27389621e+02  7.76560467e+01
 -4.65872150e-01 -9.41277296e-01]",[ 0.21281179  0.56167449 -2.81159268  2.59834006 -1.28983324 -0.12404888],[-0.19747166  0.67718353  2.3347126   2.46103958 -1.30728356 -0.02828667],"[ 6.69270753e-01  2.12522331e-02  7.43165957e+01 -4.77379240e+01
 -1.30790010e+00  1.15075369e-01]",007,FW
788,2,0.1113994443147609,1,"[  0.23568669   0.1192957  -13.13445682   5.0956166   -1.26890418
   0.32009264]",[ 0.11566986  0.05384386 29.24730862 -1.38303217 -1.29460183 -0.21756401],[-4.43258646  0.64983649  2.41318829 12.69666574 -1.22555657  0.31851409],"[-10.40212783   2.18205308  -0.72387314  -5.52982098  -1.30385237
   0.11142362]","[-2.30906498e-01  2.80404436e-03 -3.50808434e+02 -7.90039468e+01
 -6.39817220e-01 -7.97352537e-01]",[-0.15712774  0.60900866 -2.59345728  1.59249591 -1.29106882 -0.11621506],[ 0.22342887  0.66027007  2.39421705  1.46506278 -1.30358844 -0.04913496],"[ 6.82934773e-01  2.25179928e-02  7.01947654e+01 -4.59384462e+01
 -1.31469857e+00  5.93826726e-02]",007,FW
789,2,0.1075045426415335,1,"[  0.17275354   0.08953    -17.15875248   4.96423523  -1.14562356
   0.54284079]",[ 0.14592525  0.0445519  35.10712511 -3.12301617 -1.25167658 -0.35067117],[-3.97466143  0.79789504  1.96831782  9.82339693 -1.23947905  0.28877543],"[-11.71425475   2.00105589  -0.78869316  -7.23895263  -1.29259927
   0.1510702 ]","[-2.32882166e-01  5.32663113e-03 -2.80161562e+02 -6.32446312e+01
 -1.02579472e+00 -6.94882595e-01]",[-0.55698858  0.65663387 -2.40570524  0.66004966 -1.29310046 -0.10805021],[ 0.63230391  0.6364471   2.48354824  0.42964273 -1.29970448 -0.06242661],"[ 6.97145804e-01  2.30055840e-02  6.87264205e+01 -4.59123357e+01
 -1.31766554e+00  5.62853853e-03]",007,FW
790,0,0.0418395712171625,0,"[  0.14126392   0.05120825 -19.79240447   4.79595268  -0.86609517
   0.52023159]","[ 1.68219712e-01  3.15738281e-02  4.76734210e+01 -6.01960916e+00
 -1.07511973e+00 -6.41964061e-01]",[-3.24204951  1.28891326  1.17524012  5.81018666 -0.73706594  0.73877007],"[-13.08089131   2.06887785  -0.76142504  -7.9601182   -1.12390374
  -0.14032228]","[-2.37477667e-01  9.15126706e-03 -1.66858578e+02 -3.76251858e+01
 -9.12053930e-01 -6.55421703e-01]",[-1.08811445  0.88320588 -1.75078179  0.09494904 -0.92143545 -0.52515712],[ 1.0955352   0.72579123  2.15912154 -0.36539365 -1.05744145  0.30067355],"[ 7.13693854e-01  2.64831655e-02  5.92763926e+01 -4.03051971e+01
 -1.09943125e+00  2.75378479e-01]",007,FW
791,0,0.0418395712171625,0,[ 0.14249563  0.05355752 16.73770261 -0.38504941 -0.79220323  0.59576197],"[ 1.79765781e-01  1.71394433e-02  5.81302091e+01 -8.44982244e+00
 -7.43193560e-01 -7.08293320e-01]",[-2.38207872  1.61517898  0.9595655   4.28576056 -1.45759494  0.34571985],"[-14.32538428   2.0045961   -0.78486112  -9.24343718  -1.45213906
  -0.01508931]","[-2.42536615e-01  9.93356113e-03 -1.56566352e+02 -3.59730731e+01
 -1.61586103e+00 -7.12540562e-02]",[-1.64997739  1.00416101 -1.55587853 -0.56716439 -1.49321306 -0.22340336],[ 1.54142096  0.75127609  2.08990985 -1.22143085 -1.48350055  0.10486267],"[ 7.29251970e-01  2.63189947e-02  5.96160180e+01 -4.14750986e+01
 -1.50598681e+00  1.77293452e-02]",007,FW
792,0,0.0460416378757092,0,[ 0.17854553  0.10027098 14.68789358 -0.6224577  -1.0227327   0.65859329],"[ 1.79445437e-01  1.77710362e-02 -5.49018411e+01  1.18518849e+01
 -6.84256253e-01 -7.58524263e-01]",[-1.39276763  1.82187745  0.86235848  3.20106497 -1.47523865  0.01370155],"[-15.4797808    1.87759369  -0.83405378 -10.91096974  -1.44447031
   0.21785553]","[-2.46844537e-01  8.19063069e-03 -1.75637237e+02 -4.13550924e+01
 -1.45066958e+00  5.49531764e-01]",[-2.23733001  1.0410234  -1.50686249 -1.37134866 -1.49939357  0.11430591],[ 1.97238034  0.72943531  2.14641804 -2.23355273 -1.48081731 -0.19382765],"[ 7.43113030e-01  2.32107836e-02  6.63438128e+01 -4.73009517e+01
 -1.47688588e+00 -3.85807788e-01]",007,FW
793,0,0.0598518235314245,0,[ 0.24911619  0.14782292 10.58326253 -0.63646207 -1.2154302   0.35846801],"[ 1.66802661e-01  3.40574494e-02 -4.37286062e+01  9.29404788e+00
 -1.00262597e+00 -7.01665047e-01]",[-0.27831306  1.89320364  0.83177287  2.23149325 -1.12858466 -0.17254988],"[-16.59415075   1.72062952  -0.90757141 -13.06037687  -0.9888518
   0.34694371]","[-2.49060326e-01  5.30664915e-03 -1.06500749e+02 -2.45251111e+01
 -1.03184195e+00  7.08943600e-01]",[-2.84251887  0.98882615 -1.58062076 -2.49294434 -1.03780752  0.36219863],[ 2.39224953  0.66238189  2.34967675 -3.6210131  -0.97768976 -0.42751573],"[ 7.54560398e-01  1.73275866e-02  8.43479259e+01 -6.16456046e+01
 -5.27353188e-01 -9.64771532e-01]",007,FW
794,0,0.0657906634679787,0,[ 0.35136403  0.18036061  8.71440904 -1.06192985 -1.2839921   0.26324022],"[  0.14214184   0.05002438 -31.14606628   6.42715923  -1.21752488
  -0.40772319]",[ 0.94968727  1.77843293  0.88834503  1.15635004 -1.30418037  0.09938225],"[-17.72854364   1.53077337  -1.03054477 -16.27005801  -1.25686321
  -0.16964306]","[-2.47829537e-01  7.78324563e-03  1.67890920e+02  4.36083290e+01
 -4.02067803e-01  1.08422775e+00]",[-3.45559481  0.81989098 -1.92837676 -4.66368873 -1.31077271  0.02225283],"[ 2.80539174e+00  5.36485120e-01  2.94720935e+00 -6.26807675e+00
 -1.29558808e+00  4.18093702e-03]","[ 7.62888437e-01  7.51045977e-03  1.89435124e+02 -1.42517866e+02
 -7.77532365e-01 -8.68344407e-01]",007,FW
795,0,0.070542324336297,0,[ 0.47077615  0.20677497  7.63163003 -1.59278937 -1.31378646  0.15077193],"[  0.10756713   0.06247752 -25.15770651   4.70614217  -1.28070292
  -0.26348393]",[ 2.09464675  1.87470121  0.84315057  0.23389739 -1.31022842  0.06009347],"[-18.77114474   1.73179112  -0.91005939 -15.08285648  -1.26371504
  -0.20165713]","[-2.40965755e-01  1.52758754e-02  9.75200194e+01  2.54989851e+01
 -8.86497814e-01  7.73336897e-01]",[-3.96302103  0.79823357 -1.98024192 -5.84774038 -1.30929468  0.05771561],[ 3.14624815  0.53918941  2.9323976  -7.22605054 -1.29857375  0.01288166],"[ 7.65125276e-01  3.82926586e-03  9.23739990e+01 -6.86776815e+01
 -1.53724373e+00 -3.21368089e-01]",007,FW
796,0,0.3305906887937531,0,[ 0.60339175  0.22174096  7.12799287 -2.30097211 -1.32466658  0.05993957],"[  0.06599536   0.07192127 -21.93589551   3.44766736  -1.30743651
  -0.16106906]",[ 3.28399188  1.92372077  0.82188029 -0.69904818 -1.3137947   0.01843843],"[-19.94130377   1.96847863  -0.80094427 -13.97187293  -1.28083553
  -0.18784706]","[-2.28880217e-01  2.39754962e-02  6.41653813e+01  1.66861864e+01
 -1.09736950e+00  5.55118413e-01]",[-4.45108484  0.7585201  -2.08294513 -7.2713655  -1.30508609  0.09554646],[ 3.48833784  0.54305581  2.91152892 -8.15639652 -1.30235173  0.01100287],"[ 7.63455176e-01  7.02865196e-03 -1.83103542e+02  1.41791347e+02
 -4.44006637e-01 -1.04365752e+00]",007,FW
797,0,0.3305906887937531,0,[ 0.74191576  0.22486898  7.03078569 -3.2162507  -1.3245808  -0.01914067],"[ 1.94632693e-02  7.79647277e-02 -2.02682460e+01  2.39448633e+00
 -1.31809865e+00 -8.14206513e-02]",[ 4.4861285   1.91854273  0.82407454 -1.69690429 -1.31449066 -0.02587238],"[-21.24562073   2.19190268  -0.72014956 -13.30002432  -1.30191694
  -0.14229618]","[-2.11150243e-01  3.31425857e-02  4.70215872e+01  1.19286196e+01
 -1.19623689e+00  4.12189529e-01]",[-4.90923467  0.70254145 -2.24726238 -9.03233841 -1.2978494   0.135019  ],"[ 3.83104136e+00  5.44120972e-01  2.90584756e+00 -9.13242217e+00
 -1.30626931e+00 -2.41947298e-03]","[ 7.57538177e-01  1.34538382e-02 -1.11413556e+02  8.64000218e+01
 -9.44882358e-01 -7.29567949e-01]",007,FW
798,0,0.3305906887937531,0,[ 0.87914621  0.2168465   7.28605431 -4.40550705 -1.31660743 -0.09268412],"[-2.98511855e-02  8.05172616e-02 -1.96361982e+01  1.41383621e+00
 -1.32043699e+00 -1.45010738e-02]",[ 5.66629984  1.85594434  0.8515404  -2.82508321 -1.3117933  -0.07355807],"[-22.66026332   2.35059237  -0.6723082  -13.23468086  -1.32041659
  -0.07522962]",[-0.18771945  0.04212855 37.23409176  8.98956333 -1.2498096   0.30847407],"[ -5.32852131   0.63366958  -2.48900053 -11.26269236  -1.28742837
   0.17522929]","[  4.17136242   0.53836687   2.93672161 -10.25013015  -1.3091772
  -0.02693236]","[ 7.47200915e-01  2.03948739e-02 -7.58033894e+01  5.86403619e+01
 -1.14315907e+00 -5.03628700e-01]",007,FW
799,0,0.3305906887937531,0,[ 1.00857067  0.1992221   7.91844503 -5.98631139 -1.30123408 -0.16548405],"[ -0.0797888    0.07972236 -19.82906963   0.41786242  -1.31740028
   0.04576285]",[ 6.78899741  1.73682434  0.90916733 -4.17233462 -1.30485646 -0.12594833],"[-2.41308382e+01  2.39747574e+00 -6.59438622e-01 -1.39128067e+01
 -1.33135282e+00  9.82181093e-03]",[-0.15891495  0.05030575 31.29767172  6.9736678  -1.28167966  0.22611829],"[ -5.7024641    0.55649708  -2.83063242 -14.14157978  -1.27396296
   0.21477893]","[  4.50405775   0.52234881   3.026009   -11.62931927  -1.30984403
  -0.0616392 ]","[ 7.32479114e-01  2.72077261e-02 -5.74731382e+01  4.40978733e+01
 -1.22880057e+00 -3.61139537e-01]",007,FW
800,0,0.3474576741709217,0,[ 1.12483316  0.17416349  9.03440472 -8.16219797 -1.27697439 -0.24203232],"[ -0.12834655   0.075914   -20.80944173  -0.67081998  -1.3097363
   0.10320605]",[ 7.82047589  1.56614935  1.00671364 -5.87297978 -1.29214123 -0.18535862],"[-25.57653288   2.29622787  -0.6877021  -15.58903546  -1.32889455
   0.11674518]",[-0.12543617  0.05708838 27.64052791  5.46712198 -1.30132165  0.15585   ],"[ -6.02762913   0.47630325  -3.30266564 -17.90724363  -1.25822528
   0.25141549]","[  4.82202265   0.49359159   3.2003089  -13.43196202  -1.3071094
  -0.10673318]","[ 7.13647820e-01  3.34251409e-02 -4.70395602e+01  3.55696796e+01
 -1.27299103e+00 -2.58951883e-01]",007,FW
801,0,0.368042254438687,0,"[  1.2240421    0.14421092  10.86605479 -11.30050854  -1.24002207
  -0.32769208]","[ -0.17379187   0.06959309 -22.67186028  -1.94018491  -1.2972255
   0.16016906]",[ 8.73112019  1.35251532  1.16270677 -8.15173251 -1.27057532 -0.25583855],"[-26.89782445   2.0265234   -0.77550388 -18.85936712  -1.29950956
   0.26008744]",[-0.08831604  0.06197468 25.4940769   4.25153593 -1.31291142  0.09248185],"[ -6.30382612   0.39839553  -3.94340985 -22.85856999  -1.241993
   0.2817369 ]","[  5.11682954   0.45066341   3.50054078 -15.91167048  -1.29902212
  -0.16514651]","[ 6.91230256e-01  3.86272977e-02 -4.08256312e+01  3.02199115e+01
 -1.29784728e+00 -1.77736973e-01]",007,FW
802,0,0.3882510590447627,0,"[  1.30391453   0.11202705  13.89273589 -16.11494012  -1.18202638
  -0.43079882]","[ -0.21475458   0.06140111 -25.65074545  -3.50861509  -1.27929338
   0.21809392]","[  9.49745063   1.1074431    1.41352507 -11.42488454  -1.23350317
  -0.34479637]","[-27.98662951   1.58920964  -0.97352226 -25.24560681  -1.19789213
   0.47619935]",[-0.04885497  0.06459422 24.47509509  3.19573    -1.31842506  0.03277863],"[ -6.53389234   0.32741911  -4.79402889 -29.32366864  -1.22822757
   0.30104978]","[  5.37934263   0.39310353   4.00210561 -19.5286973   -1.28049777
  -0.24427334]","[  0.66598089   0.04245854 -37.20276632  26.77633155  -1.31185256
  -0.10805777]",007,FW
803,0,0.5563815143987081,0,"[  1.36375934   0.08014936  19.17382424 -24.14848194  -1.0827575
  -0.56729014]","[ -0.25029004   0.05206661 -30.17518003  -5.55254688  -1.25518188
   0.27823251]","[ 10.10356923   0.84455332   1.83699423 -16.56019842  -1.16467427
  -0.46706388]","[-28.7377012    1.01986794  -1.41311486 -38.60967256  -0.84157732
   0.82873261]","[-8.52986476e-03  6.47456090e-02  2.44186881e+01  2.20828811e+00
 -1.31873376e+00 -2.56917211e-02]","[ -6.72309835   0.26677523  -5.88332772 -37.55419091  -1.22072179
   0.30368805]","[  5.60036882   0.32149511   4.86351452 -25.23747507  -1.23767059
  -0.35939576]","[  0.63884473   0.04465314 -35.40240964  24.6166429   -1.31875407
  -0.04437773]",007,FW
804,0,0.5739050382394605,0,"[  1.4042961    0.05079437  29.36324833 -39.23469515  -0.88389611
  -0.77171333]","[ -0.27989767   0.04231784 -37.00252301  -8.35692011  -1.22359297
   0.34285133]","[ 10.54188126   0.57895692   2.62233515 -25.64434578  -1.01631492
  -0.65536215]","[-29.06007979   0.51584317  -1.01210636 -27.41189162  -1.31318719
   0.42019382]",[ 0.03111377  0.06241324 25.31757574  1.21227475 -1.31393789 -0.08526741],"[ -6.87828564   0.21828755  -7.19699063 -47.50295729  -1.22269919
   0.28449089]","[  5.7713638    0.23792816   6.4651455  -35.31270665  -1.12810273
  -0.5433362 ]","[ 6.10899172e-01  4.50519119e-02 -3.50937990e+01  2.34387727e+01
 -1.32011859e+00  1.73461678e-02]",007,FW
805,2,0.7078774180334777,1,"[ 1.42732683e+00  2.60027872e-02  5.09132918e+01 -7.06699072e+01
 -4.25709017e-01 -1.07416705e+00]","[-3.03482462e-01  3.27794438e-02 -4.75371642e+01 -1.24266956e+01
 -1.18089770e+00  4.17755452e-01]","[ 10.81301792   0.32902613   4.25371069 -43.9954499   -0.62992452
  -0.96205547]","[-28.88742413   0.85293475   1.46650653  44.36359622  -0.43568245
   1.0318859 ]",[ 0.06857186  0.05775855 27.32449417  0.12630852 -1.30332345 -0.14890181],"[ -7.00691141   0.18218589  -8.63866055 -58.53032911  -1.23440249
   0.24193785]","[  5.88526162   0.14753276   9.78729591 -55.60079697  -0.79844513
  -0.85594359]","[  0.58328601   0.04360976 -36.23584744  23.13586281  -1.31608826
   0.08080882]",007,FW
806,2,0.7078774180334777,1,[ 1.43532484  0.01139696  2.1203032  -1.04332386 -1.7124134  -0.25650185],"[-3.21264265e-01  2.38903203e-02 -6.46760576e+01 -1.87781061e+01
 -1.11494614e+00  5.17595934e-01]","[ 10.92504019   0.14599811   3.39842455 -35.12792475  -1.23796238
  -0.5004722 ]","[-28.18632742   1.63073436   0.91925753  27.91049366  -0.96554525
   0.7191234 ]",[ 0.10247816  0.05108771 30.82372134 -1.15875823 -1.28471298 -0.22131244],"[ -7.11618667   0.15738064 -10.02037767 -69.30687796  -1.25172047
   0.18154473]","[  5.93741774   0.06985501  10.48179115 -60.23477272  -0.90723684
  -0.65159025]","[  0.55714065   0.04039606 -39.06682714  23.76571729  -1.30540735
   0.15029596]",007,FW
807,2,0.7078774180334777,1,"[ 1.43102316e+00  1.90221284e-02 -7.37478661e+01  1.07534904e+02
 -7.83604253e-01 -8.55688723e-01]","[-3.33658621e-01  1.58867101e-02 -9.53721985e+01 -2.98217563e+01
 -9.83465642e-01  6.77375425e-01]",[10.89214919  0.20966623 -6.1828196  69.34419354 -0.58064339 -0.94536953],"[-26.96201414   2.42446898   0.63951331  19.24256693  -1.18035434
   0.4669382 ]",[ 0.13167711  0.04280615 36.63741558 -2.82430918 -1.25227334 -0.31113069],"[ -7.21244245   0.1419305  -11.12822661 -78.261694    -1.26854065
   0.11561711]","[  5.92647441   0.0916912  -13.08693168  79.5593657   -0.47575175
  -0.97556511]","[ 5.33525017e-01  3.55873624e-02 -4.42294700e+01  2.55975287e+01
 -1.28455272e+00  2.32179197e-01]",007,FW
808,2,0.7078774180334777,1,"[ 1.41706830e+00  3.05787897e-02 -5.05029754e+01  7.35661654e+01
 -1.18429240e+00 -4.93851357e-01]","[-3.41158824e-01  8.91712383e-03 -1.57784327e+02 -5.18295153e+01
 -6.34258429e-01  9.59071758e-01]",[10.73318464  0.36949558 -4.12337971 46.2569958  -1.09670351 -0.60341176],"[-25.26072056   3.12625314   0.50175978  14.67481351  -1.26758292
   0.30346873]","[ 1.55273830e-01  3.33839551e-02  4.65879819e+01 -5.23389439e+00
 -1.18974961e+00 -4.35333982e-01]","[-7.30077997e+00  1.33563958e-01 -1.18347367e+01 -8.44028089e+01
 -1.28108386e+00  5.75120282e-02]",[ 5.85486679  0.17282133 -8.70082516 52.9421723  -1.01159077 -0.68752511],"[ 5.13368735e-01  2.94538079e-02 -5.31613086e+01  2.92913537e+01
 -1.24442343e+00  3.37986006e-01]",007,FW
809,2,0.7078774180334777,1,"[ 1.39578638e+00  3.97962058e-02 -3.94405511e+01  5.70505842e+01
 -1.27569023e+00 -2.90532997e-01]","[-3.44246319e-01  3.92872478e-03 -1.40516667e+02 -4.63723455e+01
 -1.16225735e+00  5.39274700e-01]",[10.47014775  0.50862344 -3.07379466 34.18308427 -1.25421825 -0.3554099 ],"[-23.16783014   3.66699517   0.42995317  11.96108208  -1.3082823
   0.1818423 ]","[ 1.72672753e-01  2.33685890e-02  6.51677069e+01 -9.25268734e+00
 -1.04690099e+00 -6.29172220e-01]","[-7.38497827e+00  1.30094615e-01 -1.21534173e+01 -8.77527229e+01
 -1.28931353e+00  1.54185038e-02]",[ 5.72875177  0.24974747 -6.23252304 37.7045774  -1.2216937  -0.41597486],"[ 4.97420114e-01  2.23497234e-02 -6.92304070e+01  3.64365969e+01
 -1.15869930e+00  4.91498242e-01]",007,FW
810,2,0.0454956913235166,1,"[ 1.36907540e+00  4.66608014e-02 -3.37920231e+01  4.82638275e+01
 -1.29828210e+00 -1.81960029e-01]","[-3.43347294e-01  5.69066419e-03  2.24105198e+02  7.89459133e+01
 -5.15004073e-01  9.82404187e-01]",[10.12686633  0.61285483 -2.57046213 28.0307264  -1.30370601 -0.20642144],"[-20.80110377   3.99749923   0.39528633  10.22239207  -1.32609454
   0.08061423]","[ 1.83620379e-01  1.35316138e-02  1.03815984e+02 -1.70627303e+01
 -6.58533318e-01 -9.44918114e-01]","[-7.46756730e+00  1.29619236e-01 -1.21982381e+01 -8.90911637e+01
 -1.29510284e+00 -8.57156994e-03]",[ 5.55728014  0.31160821 -5.04640735 30.04429937 -1.28991135 -0.25165001],"[ 4.86207019e-01  1.47425902e-02 -1.01218802e+02  5.12132921e+01
 -9.37183284e-01  7.43482986e-01]",007,FW
811,2,0.0454956913235166,1,"[  1.3383817    0.05170146 -30.54564773  42.88173607  -1.30252603
  -0.12058063]","[-3.38835107e-01  1.04853388e-02  1.44181961e+02  5.08539102e+01
 -1.02253546e+00  6.66788081e-01]",[ 9.72778063  0.67955474 -2.32450492 24.61227389 -1.3200982  -0.10368799],"[-1.82992307e+01  4.09249713e+00  3.86318444e-01  9.06933032e+00
 -1.32904706e+00 -1.01982397e-02]","[ 1.88256866e-01  6.06577037e-03  8.78132853e+01 -1.45314539e+01
 -1.17272623e+00 -5.29131499e-01]","[-7.54995822e+00  1.30505603e-01 -1.21152587e+01 -8.94696973e+01
 -1.30026245e+00 -1.53351786e-02]",[ 5.35131698  0.35558387 -4.43872083 25.75300216 -1.31177824 -0.14386216],"[ 4.80008240e-01  7.52020576e-03 -1.59667742e+02  7.86418320e+01
 -4.16984995e-01  1.02173653e+00]",007,FW
812,2,0.020968208547593,1,"[  1.30469168   0.0555573  -28.44142091  39.10728514  -1.29953097
  -0.0891749 ]","[-3.31058856e-01  1.51907387e-02  1.02357994e+02  3.58865205e+01
 -1.19543673e+00  4.35815100e-01]",[ 9.2967464   0.70970451 -2.22766525 22.71003884 -1.32279138 -0.02480885],"[-15.80700212   3.95461015   0.39949359   8.31479602  -1.32024079
  -0.09592526]","[ 1.87163226e-01  8.18090267e-03 -1.57570930e+02  3.14914836e+01
 -6.29304609e-01 -9.05529685e-01]","[-7.63255897e+00  1.31278799e-01 -1.20440614e+01 -8.99270092e+01
 -1.30557617e+00 -5.94217782e-03]",[ 5.12191121  0.38238005 -4.13318106 23.1697864  -1.31541965 -0.07063481],"[ 4.78838048e-01  5.18718142e-03  1.35194409e+02 -6.27362268e+01
 -1.01016828e+00  5.80649745e-01]",007,FW
813,2,0.01486713470373,1,"[  1.26849746   0.05899516 -26.78634917  35.97841596  -1.29210795
  -0.08346834]","[-3.20372264e-01  1.94292776e-02  8.07570081e+01  2.78723056e+01
 -1.25815872e+00  3.01578050e-01]",[ 8.85579019  0.70684711 -2.23652612 21.80620609 -1.31816736  0.0399432 ],"[-13.45936641   3.61339189   0.43638229   7.87342909  -1.30062478
  -0.18037417]","[ 1.81378062e-01  1.37450973e-02 -1.11630184e+02  2.22472663e+01
 -1.19519490e+00 -5.24842628e-01]","[-7.71485345e+00  1.30530726e-01 -1.21126665e+01 -9.14474468e+01
 -1.31055443e+00  1.92873871e-02]",[ 4.8789051   0.39499883 -4.00268233 21.52870722 -1.31187814 -0.02224152],"[ 4.82447940e-01  1.05513330e-02  1.37707389e+02 -6.44366460e+01
 -8.53118206e-01  8.19861705e-01]",007,FW
814,0,0.0863535182321068,0,"[  1.19412318   0.1328594  -10.67876001  14.75175482  -0.23336736
  -1.12673483]",[-0.29515651  0.04675191 30.35170471 10.95850335 -0.24664733  1.12777295],[ 8.24940361  0.98488503 -1.55184255 14.8017755  -0.75861459 -0.63410921],"[-10.99524588   3.70400188   0.42509937   6.67407208  -1.10546824
   0.12628254]","[ 1.69416818e-01  2.26890482e-02 -6.74285607e+01  1.34235322e+01
 -8.72606019e-01 -6.46538536e-01]","[ -7.82445998   0.17795422  -8.62440238 -65.48129129  -0.80681916
  -0.59542793]",[ 4.48505763  0.66685403 -2.22847346 11.9948319  -0.52372788 -0.87271157],"[  0.50097244   0.03835037  35.37209621 -15.72044541  -0.06652618
   1.27719222]",007,FW
815,0,0.0863535182321068,0,[ 1.11055754  0.17039678 -8.8378733  11.81496684 -1.61701629 -0.41092502],[-0.26726282  0.05802355 25.99270096  8.94688264 -1.67514875  0.36361046],[ 7.69135845  1.02745058 -1.49862604 13.52647003 -1.6532171  -0.16233738],[-9.05521116  3.1643561   0.48705401  6.41037692 -1.47949723 -0.15213957],"[ 1.59067887e-01  2.14352532e-02 -6.97300431e+01  1.30918106e+01
 -1.56094071e+00 -1.37137188e-02]","[ -7.9193679    0.17628187  -8.6883824  -66.80649663  -1.65444685
  -0.09855066]",[ 4.09111607  0.76301396 -2.00192728 10.19011686 -1.66786201 -0.28186335],"[  0.52311755   0.04920375  30.3504873  -13.87687258  -1.70134576
   0.38550636]",007,FW
816,0,0.0863535182321068,0,[ 1.01596062  0.18959168 -8.15499329 10.285152   -1.62367411  0.12309352],[-0.23723635  0.06079114 25.16156664  7.96923812 -1.67871886 -0.24561692],[ 7.18867636  0.93357679 -1.60507106 13.53833639 -1.63920897  0.41573987],[-7.64431025  2.33307686  0.59843811  6.57464659 -1.36780572 -0.6230589 ],"[ 1.52478319e-01  1.58400198e-02 -6.46200063e+01  1.18531499e+01
 -1.30355039e+00  2.23386295e-01]","[ -7.99444354   0.14512319  -9.65291929 -75.16971823  -1.58738671
   0.51694391]",[ 3.69881252  0.75870476 -2.01021358  9.43540316 -1.66602375  0.29810594],"[  0.54758439   0.05151302  29.4814834  -14.14359996  -1.70749413
  -0.27800276]",007,FW
817,0,0.0863535182321068,0,[ 0.90876136  0.18814279 -8.20896575  9.45999092 -0.85168988  0.50047809],[-0.20560451  0.05477516 27.32927401  7.61902196 -0.58065113 -0.81987288],[ 6.74267145  0.72124968 -1.93198877 15.02676552 -0.15001     1.19846424],[-6.73120755  1.39655337  0.68951317  6.64125625  0.14575815 -1.42733142],"[ 1.51291099e-01  1.39359653e-02  3.94605556e+01 -3.97003082e+00
 -1.51025647e+00 -2.07579979e-02]","[-8.04445702e+00  9.53835754e-02 -9.20009815e+00 -7.20097942e+01
 -3.19598500e-02  1.31492727e+00]",[ 3.30821381  0.65613696 -2.25632318  9.4643995  -0.49320824  0.89709435],"[  0.57309012   0.04494096  32.58181443 -16.67231586  -0.43284106
  -0.97168805]",007,FW
818,0,0.0863535182321068,0,"[  0.78803666   0.15119072 -10.44008446  10.22716926  -1.29714874
  -0.14459586]","[-1.72863156e-01  3.41351815e-02  4.63196974e+01  1.00069691e+01
 -1.30635961e+00 -3.94216346e-03]",[ 6.34984947  0.28112017 -5.61164383 37.63309359 -1.26001476  0.1694527 ],"[ -6.25714345   0.3785355   -3.91611524 -22.50369482  -1.0215289
  -0.70173467]","[ 1.56464908e-01  2.14114100e-02  7.24175936e+01 -9.33081209e+00
 -1.20252503e+00  4.57924099e-01]","[-8.06456985e+00  5.26831426e-02  2.64720056e+01  2.15485338e+02
 -6.34730625e-01  9.58245468e-01]","[ 2.91871158e+00  3.85469378e-01 -4.10180307e+00  1.39719801e+01
 -1.30093942e+00 -1.23438901e-02]","[ 5.98448368e-01  2.32234302e-02  6.78923035e+01 -3.86300382e+01
 -1.29064277e+00 -1.85125192e-01]",007,FW
819,0,0.1406988889099122,0,[ 0.68948558  0.16369387 -9.65158168  8.65462644 -1.30871709 -0.09680842],"[-1.51466706e-01  3.38324985e-02  4.67322033e+01  9.07837291e+00
 -1.30554763e+00 -2.29869764e-02]",[ 6.17764433  0.25536388 -6.18548372 40.21171841 -1.26886317  0.11145094],"[ -6.51806703   0.53801302  -2.90624451 -16.94309652  -1.29429734
  -0.33765808]","[ 1.71118492e-01  2.70365797e-02  5.81397007e+01 -7.94877789e+00
 -1.30181000e+00  2.55505822e-01]","[-8.02185172e+00  9.18133895e-02  1.65668528e+01  1.34896837e+02
 -1.04061430e+00  6.37071170e-01]","[ 2.67496201e+00  3.87068866e-01 -4.08489134e+00  1.29269291e+01
 -1.30501666e+00 -2.82057898e-03]","[ 6.12006747e-01  2.01303129e-02  7.81556757e+01 -4.58318009e+01
 -1.26964342e+00 -2.46003775e-01]",007,FW
820,0,0.1406988889099122,0,[ 0.58481631  0.17141386 -9.22239025  7.39340424 -1.31652901 -0.04402837],"[-1.30386576e-01  3.31138928e-02  4.77418609e+01  8.22489777e+00
 -1.30448973e+00 -4.12868462e-02]",[ 6.01804769  0.24169111 -6.54063005 41.36182354 -1.27811933  0.04699017],"[ -6.86744231   0.62793357  -2.51401779 -15.26487216  -1.34296579
  -0.12382178]","[ 1.88620771e-01  3.03851349e-02  5.19809605e+01 -7.80468886e+00
 -1.33802035e+00  1.02252060e-01]",[-7.95361312  0.1312998  11.84514685 96.2117154  -1.1937379   0.43423511],[ 2.43232915  0.38439975 -4.11309894 12.00441044 -1.309532    0.02006707],"[ 6.23541253e-01  1.67133831e-02  9.38427918e+01 -5.65148520e+01
 -1.24124226e+00 -3.12546668e-01]",007,FW
821,0,0.4371603411975301,0,[ 0.47737152  0.17309613 -9.13401576  6.36031902 -1.3195267   0.01322917],"[-1.09867934e-01  3.20279837e-02  4.93537065e+01  7.42238975e+00
 -1.30258939e+00 -5.87165166e-02]","[ 5.86456036e+00  2.37870184e-01 -6.64694844e+00  4.09814303e+01
 -1.28667869e+00 -5.25276887e-03]","[-7.25900043e+00  6.53734104e-01 -2.41829940e+00 -1.55544364e+01
 -1.33680482e+00  1.30217414e-02]","[ 2.07416770e-01  3.10964285e-02  5.08331854e+01 -8.54365510e+00
 -1.34319025e+00 -3.21097827e-02]",[-7.86144251  0.16734516  9.37716455 75.71804003 -1.26306088  0.29843779],[ 2.19472901  0.37393329 -4.2271217  11.27738663 -1.31275386  0.05894271],"[ 6.32913030e-01  1.32075084e-02  1.18192224e+02 -7.28053988e+01
 -1.20029025e+00 -3.91247107e-01]",007,FW
822,0,0.4371603411975301,0,[ 0.37112424  0.16800419 -9.40649543  5.49097846 -1.31699754  0.07603069],"[-9.01093896e-02  3.06507836e-02  5.15633227e+01  6.64633953e+00
 -1.29961983e+00 -7.34678186e-02]","[ 5.71257626e+00  2.40052741e-01 -6.58617998e+00  3.96240554e+01
 -1.29693737e+00 -2.91956918e-02]","[ -7.65733673   0.63267163  -2.49702932 -17.1205943   -1.31239204
   0.09991876]","[ 2.25841898e-01  2.91481888e-02  5.41067327e+01 -1.02195672e+01
 -1.32366583e+00 -1.67438138e-01]",[-7.74866227  0.19690983  8.00406716 64.02081325 -1.29900884  0.19473347],[ 1.96825598  0.35213711 -4.48484147 10.82731605 -1.31162459  0.11775183],"[ 6.40119780e-01  9.81113092e-03  1.57837495e+02 -9.90349028e+01
 -1.13513637e+00 -4.92941506e-01]",007,FW
823,0,0.4371603411975301,0,"[  0.27041707   0.1558819  -10.12416621   4.73774734  -1.30777231
   0.14899784]","[-7.12588274e-02  2.90812376e-02  5.43390130e+01  5.87213435e+00
 -1.29677548e+00 -8.41869158e-02]","[ 5.56032747e+00  2.42916856e-01 -6.50877252e+00  3.81909066e+01
 -1.31065600e+00 -1.56631210e-02]","[ -8.04083653   0.58824685  -2.6840645  -19.58212384  -1.28553041
   0.13361773]","[ 2.42308906e-01  2.48262099e-02  6.30931176e+01 -1.32880243e+01
 -1.26967519e+00 -3.24906771e-01]",[-7.62021512  0.21744826  7.26408253 57.35387148 -1.31796834  0.10672346],[ 1.76108287  0.31598745 -4.98589742 10.78057852 -1.2996013   0.20490597],"[ 6.45271969e-01  6.68688193e-03  2.27913925e+02 -1.45066467e+02
 -1.01699160e+00 -6.38401782e-01]",007,FW
824,0,0.4371603411975301,0,"[  0.17975864   0.13677667 -11.50166844   4.06752433  -1.28662638
   0.24378167]","[-5.34362798e-02  2.73810588e-02  5.77045553e+01  5.08351677e+00
 -1.29626247e+00 -9.44861739e-02]",[ 5.40964515  0.24007931 -6.5846373  37.62055123 -1.32457367  0.04016336],"[ -8.40334176   0.5468641   -2.88900797 -22.27732133  -1.26705212
   0.09689593]","[ 2.55468038e-01  1.86820996e-02  8.23150183e+01 -1.90288562e+01
 -1.13881789e+00 -5.40691892e-01]","[-7.48236056e+00  2.27102327e-01  6.96143292e+00  5.40879511e+01
 -1.32587071e+00  2.55454306e-02]",[ 1.58305279  0.26353928 -5.93879864 11.40143176 -1.25859649  0.33963376],"[ 6.48567386e-01  3.97061385e-03  3.67807960e+02 -2.36548247e+02
 -7.61536229e-01 -8.69881384e-01]",007,FW
825,0,0.4371603411975301,0,"[  0.10368478   0.11091216 -14.06863924   3.4587038   -1.23329629
   0.38580238]","[-3.67946904e-02  2.54765096e-02  6.19945966e+01  4.28107199e+00
 -1.29899871e+00 -1.16329580e-01]",[ 5.2663286   0.22497155 -7.01439761 38.94012275 -1.32728393  0.14571553],"[-8.75377242e+00  5.33686484e-01 -2.96210742e+00 -2.39296142e+01
 -1.25457247e+00 -1.47782070e-02]","[ 2.64317964e-01  1.15472049e-02  1.24076316e+02 -3.07955992e+01
 -7.71721151e-01 -8.74438356e-01]",[-7.34219078  0.22493651  7.02711257 53.59440112 -1.32438291 -0.05456383],[ 1.44496727  0.19482717 -7.86203723 13.36038647 -1.12502633  0.56703175],"[ 6.50265732e-01  1.82799299e-03  6.40730315e+02 -4.14644967e+02
 -2.75876101e-01 -1.11802133e+00]",007,FW
826,0,0.4371603411975301,0,"[  0.04664279   0.07894851 -19.23207394   2.89703761  -1.06824745
   0.62997213]","[-2.16083058e-02  2.30987611e-02  6.82875467e+01  3.47557819e+00
 -1.30066027e+00 -1.69173287e-01]",[ 5.13989962  0.19226529 -8.14387472 43.85869857 -1.28777452  0.32284265],"[ -9.11328037   0.56727186  -2.78155531 -23.34909337  -1.23664639
  -0.1571087 ]","[ 2.68255040e-01  5.47233688e-03  1.13989706e+02 -2.85783130e+01
 -1.08610481e+00 -5.57478972e-01]",[-7.20700277  0.21112688  7.47679    55.88524621 -1.31270406 -0.1382187 ],"[  1.35762111   0.11502978 -11.85663895  18.09682334  -0.66296017
   0.92543232]","[ 6.50664295e-01  1.02982235e-03 -6.79397534e+02  4.44059717e+02
 -1.16190743e+00 -4.42690245e-01]",007,FW
827,0,0.4371603411975301,0,"[ 1.28197330e-02  4.39385846e-02 -2.91470821e+01  2.37365781e+00
 -5.48856864e-01  9.60669951e-01]","[-8.35756471e-03  1.98349446e-02  7.91700166e+01  2.66166854e+00
 -1.28405285e+00 -2.79522808e-01]","[  5.04258934   0.14003579 -10.80405511  56.48041315  -1.09250794
   0.62786414]","[ -9.51006039   0.65422956  -2.40399328 -20.86212128  -1.2220818
  -0.25931425]","[ 2.67062475e-01  7.82557266e-03 -1.58500528e+02  4.43295434e+01
 -4.83045747e-01 -9.89169580e-01]",[-7.08358232  0.18705604  8.41514404 61.60936556 -1.28772201 -0.23002046],[ 1.33068143  0.06601415  1.79346877 -0.38653559 -1.68129993  0.27261867],"[ 6.50076804e-01  1.86466436e-03 -7.98712104e+02  5.21224212e+02
 -1.05630927e+00 -6.75662765e-01]",007,FW
828,2,0.7522308642986673,1,"[ 5.85492724e-03  3.03866436e-02  1.73701886e+01  1.89829881e+00
 -1.20670622e+00  5.08813314e-01]","[ 2.22445135e-03  1.52977334e-02  1.00912519e+02  1.77552501e+00
 -1.18914277e+00 -4.94212602e-01]","[  4.98762132   0.0768982  -14.7598599   75.61659189  -0.57488824
   0.86851616]","[ -9.97269343   0.78775099  -1.99344377 -17.88000359  -1.2276493
  -0.29274795]","[ 2.60851160e-01  1.46664483e-02 -1.02705229e+02  2.87907781e+01
 -1.00688754e+00 -6.85202132e-01]",[-6.9774667   0.1552795  10.08592506 72.37420617 -1.24303405 -0.33534574],"[  1.37154794   0.13824902   9.85421534 -11.51552875  -0.57174479
   0.98996498]","[ 6.48818568e-01  2.58479736e-03 -6.06239450e+02  3.95339412e+02
 -1.32379139e+00 -2.96630293e-01]",007,FW
829,2,0.7522308642986673,1,[ 0.02845577  0.06672612 21.13740303  1.39851897 -0.67887363  0.93229525],"[ 9.16568356e-03  9.49759357e-03  1.46955802e+02  6.53049625e-01
 -7.69011131e-01 -8.64133754e-01]","[  4.98711652   0.07587981  11.60692921 -55.88510845  -0.59427529
   0.85293797]","[-10.5235652    0.95060925  -1.65327696 -15.39836784  -1.25032397
  -0.27277811]","[ 2.49969211e-01  2.14175411e-02 -7.25631472e+01  2.01385526e+01
 -1.19509880e+00 -4.40573674e-01]",[-6.89226561  0.11934561 13.0079371  91.65415758 -1.16695332 -0.46062546],[ 1.48434534  0.24743348  6.12521494 -7.09193426 -1.02044117  0.6600558 ],"[ 6.47199581e-01  2.88950770e-03 -5.46821746e+02  3.55902805e+02
 -1.37461845e+00 -4.34980371e-02]",007,FW
830,2,0.7522308642986673,1,[ 0.08200872  0.11403388 13.37707278  0.90296333 -1.0606588   0.61574836],"[ 1.13288639e-02  5.65311161e-03 -6.48189833e+00  2.07343254e+00
 -1.70822215e+00 -2.57532197e-01]","[  5.05006387   0.16579401   8.71058688 -41.98902009  -0.76873041
   0.87476712]","[-11.17395767   1.11991959  -1.40605103 -13.7111547   -1.27689769
  -0.22380692]","[ 2.34901721e-01  2.74561342e-02 -5.71462143e+01  1.54237441e+01
 -1.25798410e+00 -3.01982695e-01]","[-6.82912724e+00  8.34640659e-02  1.83238524e+01  1.27135920e+02
 -1.04081719e+00 -6.11631658e-01]",[ 1.66917725  0.35831012  4.33607726 -5.23768152 -1.18645067  0.4465977 ],"[ 6.45523375e-01  2.75267188e-03 -5.72144749e+02  3.71332809e+02
 -1.35508910e+00  1.91373685e-01]",007,FW
831,2,0.7522308642986673,1,[ 0.16629193  0.1612406   9.65600381  0.39428448 -1.20080091  0.42095243],"[ 7.52622001e-03  1.25522057e-02 -1.06132419e+02  2.79877594e+00
 -4.62037841e-01 -1.05270946e+00]","[  5.18071845   0.27146658   5.64848919 -27.26323215  -1.09890932
   0.57385276]","[-11.92172364   1.27231166  -1.23998634 -12.78277441  -1.29823446
  -0.16350111]","[ 2.16182027e-01  3.26826798e-02 -4.81899433e+01  1.24177996e+01
 -1.28193345e+00 -2.17626674e-01]","[-6.78642661e+00  5.20110804e-02  2.87427507e+01  1.97060568e+02
 -8.48880618e-01 -7.82530697e-01]",[ 1.9217207   0.46018415  3.40832578 -4.54985021 -1.25837636  0.30790867],"[ 6.44085873e-01  2.19006424e-03 -7.02199292e+02  4.54276644e+02
 -1.21138397e+00  5.04987791e-01]",007,FW
832,2,0.7522308642986673,1,[ 0.27935659  0.20444239  7.6777678  -0.14483506 -1.26233846  0.29376937],"[-3.35028785e-03  2.39866906e-02 -6.24454361e+01  1.79078981e+00
 -9.19173001e-01 -7.44032841e-01]","[  5.3775993    0.37261151   4.18976101 -20.53085586  -1.22860177
   0.38192582]","[-12.75145533   1.38805358  -1.13812269 -12.51272068  -1.31208197
  -0.10088452]","[ 1.94326581e-01  3.71515028e-02 -4.24667172e+01  1.02524120e+01
 -1.29172839e+00 -1.63506897e-01]","[-6.75973467e+00  2.89327567e-02  5.10817775e+01  3.47299262e+02
 -6.64684519e-01 -8.87821514e-01]",[ 2.23319067  0.54521006  2.8898076  -4.45349137 -1.29483348  0.20505154],"[ 6.43168883e-01  1.31605878e-03 -9.79861397e+02  6.32216360e+02
 -6.58118451e-01  8.81403670e-01]",007,FW
833,2,0.7522308642986673,1,[ 0.41758756  0.24082548  6.54351501 -0.73249046 -1.29341763  0.20029794],"[-2.22015028e-02  3.70948272e-02 -4.15436241e+01  1.07766911e+00
 -1.10704661e+00 -5.39981092e-01]","[  5.63309371   0.4577949    3.43614884 -17.35614842  -1.28977493
   0.24449014]","[-13.6363345    1.4524846   -1.08840819 -12.8418981   -1.31993541
  -0.03756587]","[  0.16979633   0.0409722  -38.54009806   8.54396738  -1.29612224
  -0.12724244]","[-6.74209654e+00  1.84912349e-02  8.40054270e+01  5.68372699e+02
 -8.51012380e-01 -1.64589519e-01]",[ 2.5906762   0.60686754  2.60219965 -4.74145671 -1.31428817  0.1197997 ],"[ 6.43026445e-01  1.03945399e-03  5.46063286e+02 -3.49133133e+02
 -1.08147814e+00  5.85363154e-01]",007,FW
834,2,0.7522308642986673,1,[ 0.57591422  0.26818344  5.88802472 -1.39099717 -1.30997002  0.12455281],"[ -0.04960218   0.05097109 -30.58611175   0.48286228  -1.19638916
  -0.40784166]","[  5.93363534   0.51741584   3.05120214 -16.10472083  -1.32162489
   0.13041214]","[-14.54071259   1.4550508   -1.08652083 -13.79878715  -1.32291556
   0.03025908]","[  0.14298662   0.04424788 -35.70416167   7.10521736  -1.29863244
  -0.10132239]","[-6.72460237e+00  2.70334928e-02  5.45125407e+01  3.68575161e+02
 -5.76963661e-01  9.20241140e-01]",[ 2.97782781  0.64016326  2.4694013  -5.35345186 -1.32340263  0.0425051 ],"[ 6.43865585e-01  2.38714996e-03  5.86408874e+02 -3.75568493e+02
 -6.27428088e-01  9.64531818e-01]",007,FW
835,2,0.7041172654047092,1,[ 0.74813436  0.28492929  5.54749365 -2.15027061 -1.31798197  0.05826946],"[ -0.08569039   0.06476121 -24.2193426   -0.07536485  -1.24705401
  -0.31071247]","[  6.26047451   0.54366316   2.9078462  -16.20449698  -1.33564854
   0.02282867]","[-15.42280946   1.38821248  -1.13776858 -15.54758804  -1.318968
   0.10964071]","[  0.11424538   0.04703225 -33.60065912   5.83872002  -1.30084128
  -0.08051036]","[-6.69718750e+00  5.31012953e-02  2.76396809e+01  1.87108125e+02
 -6.89077868e-01  8.98187652e-01]",[ 3.37585092  0.64203236  2.46234783 -6.3125192  -1.3244345  -0.03324944],"[ 6.45825176e-01  4.18319473e-03  3.63026097e+02 -2.32451393e+02
 -1.02431285e+00  6.50988864e-01]",007,FW
836,2,0.7041172654047092,1,"[ 9.27322837e-01  2.90204796e-01  5.44816330e+00 -3.05220625e+00
 -1.31979890e+00 -3.20839023e-03]","[ -0.13007541   0.07752766 -20.30425864  -0.64108473  -1.27900101
  -0.23151842]","[  6.59106787   0.53151878   2.97234077 -17.59089975  -1.33297423
  -0.09002108]","[-16.23746459   1.24821045  -1.2619095  -18.49021085  -1.3010658
   0.21035411]","[  0.08390993   0.04930722 -32.05747204   4.68994036  -1.30332484
  -0.06089279]","[-6.64956665e+00  9.46017213e-02  1.58999901e+01  1.07728044e+02
 -8.92552346e-01  7.43406729e-01]",[ 3.76472664  0.61161598  2.58228415 -7.72159392 -1.31709799 -0.11346338],"[ 6.48957970e-01  6.04088449e-03  2.57149750e+02 -1.64879380e+02
 -1.18303405e+00  4.49329986e-01]",007,FW
837,2,0.7041172654047092,1,[ 1.10630194  0.28397995  5.56581399 -4.1574708  -1.31627881 -0.06287916],"[ -0.18178911   0.0883025  -17.86705316  -1.24803577  -1.29983831
  -0.16187696]","[  6.90100653   0.47982237   3.28098229 -20.64208023  -1.30740327
  -0.22140899]","[-16.93922994   1.03745505  -1.50780908 -23.54112468  -1.25221231
   0.34895977]","[  0.05234488   0.05098784 -31.00601687   3.62300617  -1.30582284
  -0.03997565]",[-6.57219405  0.14994425 10.21894088 69.16086245 -1.04232111  0.60000645],[ 4.1245192   0.55028107  2.86295616 -9.80831764 -1.2980254  -0.20625702],"[ 6.53220146e-01  7.76782182e-03  2.01883674e+02 -1.29874483e+02
 -1.25793615e+00  3.10779257e-01]",007,FW
838,2,0.7041172654047092,1,[ 1.27814151  0.26706673  5.91288899 -5.55750887 -1.30744505 -0.12323037],"[ -0.23930163   0.09619611 -16.42334628  -1.93013358  -1.31268178
  -0.09746062]","[  7.16621508   0.39176128   3.97894778 -26.51399558  -1.23656302
  -0.39589205]","[-17.48578032   0.76687707  -2.00007268 -32.97283147  -1.12096314
   0.56250562]","[ 1.99634164e-02  5.19622752e-02 -3.04277146e+01  2.60744114e+00
 -1.30749273e+00 -1.71756598e-02]",[-6.45714604  0.21613053  7.17272773 48.31535046 -1.14055078  0.48176846],"[  4.43659813   0.46141686   3.39535373 -13.06381998  -1.25667434
  -0.32615535]","[ 6.58470812e-01  9.20085375e-03  1.71247143e+02 -1.10761245e+02
 -1.29756484e+00  2.03196233e-01]",007,FW
839,2,0.7041172654047092,1,[ 1.43664624  0.24103163  6.54097294 -7.39706421 -1.29241256 -0.18691952],"[ -0.30060309   0.10051544 -15.72812266  -2.7279222   -1.31905203
  -0.03573762]","[  7.36501017   0.27511337   5.48339886 -38.38528838  -1.03321291
  -0.66793646]","[-17.84089631   0.46126029  -3.04458566 -52.31813707  -0.71456202
   0.90691213]","[-1.27807745e-02  5.21584921e-02 -3.03138835e+01  1.61256509e+00
 -1.30746651e+00  6.05156685e-03]",[-6.29884207  0.28901665  5.40334766 36.03483357 -1.20442242  0.38506592],"[  4.68466635   0.35030405   4.40947553 -18.65692164  -1.15872103
  -0.50393201]","[ 6.64482956e-01  1.02066128e-02  1.54743212e+02 -1.00824227e+02
 -1.31786030e+00  1.12012071e-01]",007,FW
840,2,0.4064535997281161,1,[ 1.57678221  0.20804199  7.55860178 -9.91826885 -1.26897434 -0.25719449],"[ -0.36334209   0.10085138 -15.67651945  -3.69593931  -1.31977118
   0.02544257]","[  7.47962304   0.14815239   8.22767612 -59.53991594  -0.49574554
  -0.96820409]","[-17.97611653   0.23238508  -1.12463428 -18.21655687  -1.61316325
   0.29710698]","[-4.54328703e-02  5.16060112e-02 -3.06367952e+01  6.08082457e-01
 -1.30551728e+00  2.68306718e-02]",[-6.09453835  0.36379145  4.31305807 28.28609785 -1.2464394   0.30452498],"[  4.85556475   0.22515475   6.5173479  -29.64540472  -0.87384825
  -0.80161605]","[ 6.70966335e-01  1.07004202e-02  1.47744174e+02 -9.71313669e+01
 -1.32495028e+00  3.07511399e-02]",007,FW
841,2,0.5023847651018768,1,"[  1.69498754   0.17066562   9.17623608 -13.55360582  -1.23286314
  -0.33866848]","[ -0.42500693   0.09711636 -16.26984631  -4.9147975   -1.31483895
   0.08859212]",[ 7.49697765  0.11359959 -6.1978283  48.46498026 -0.92364047 -0.65292245],"[-17.87082709   0.43118219   3.04277907  56.37697867  -0.48907029
   1.02315954]","[ -0.07759462   0.05045704 -31.33187599  -0.43118502  -1.30233008
   0.0420931 ]",[-5.84453625  0.43550042  3.61403514 23.12235939 -1.27410996  0.23600869],"[  4.93983276   0.10944962   8.40443869 -39.51652159  -0.64161116
  -0.8063943 ]","[ 6.77600250e-01  1.06617029e-02  1.48270770e+02 -9.84683108e+01
 -1.32200761e+00 -4.34584960e-02]",007,FW
842,2,0.4070111300219038,1,"[  1.78931193   0.13160734  11.81783197 -19.14578768  -1.17532283
  -0.43979976]","[ -0.48312751   0.08954334 -17.62154852  -6.51345491  -1.30304223
   0.15687201]",[ 7.40879574  0.24777014 -5.7810321  44.83048601 -0.73877315 -0.89431183],"[-17.51147887   0.80887071   1.86066214  34.58294568  -0.96769481
   0.70721213]","[ -0.10898019   0.04895564 -32.29101249  -1.51908056  -1.29904402
   0.04978788]",[-5.55206214  0.49961948  3.1565757  19.52550443 -1.29182512  0.1769    ],[ 4.9319987   0.1253501  -8.75747627 45.19186157 -0.45187355 -0.96011597],"[ 6.84071213e-01  1.01360073e-02  1.55826733e+02 -1.04596582e+02
 -1.31122946e+00 -1.12080570e-01]",007,FW
843,2,0.4070111300219038,1,"[  1.85935337   0.09339372  16.4303621  -28.54984919  -1.07339504
  -0.57979383]","[ -0.53547169   0.07866463 -20.00774156  -8.71357921  -1.28143753
   0.23456597]",[ 7.21132232  0.41402708 -3.69556644 28.64992075 -1.0758075  -0.5946013 ],"[-16.89120323   1.21525333   1.27328969  23.50739497  -1.14481833
   0.49605054]","[ -0.13945192   0.04737561 -33.36806782  -2.65324125  -1.29650966
   0.0494053 ]",[-5.22281901  0.55260805  2.85751748 16.92429661 -1.30234232  0.1257661 ],[ 4.83059708  0.25237944 -5.87484685 30.37901806 -0.91008202 -0.7689481 ],"[ 6.90108893e-01  9.22277570e-03  1.71002081e+02 -1.16010057e+02
 -1.29415591e+00 -1.75895876e-01]",007,FW
844,2,0.4070111300219038,1,"[  1.90599354   0.05815543  25.44655256 -46.50096486  -0.85006944
  -0.80416215]","[ -0.58021241   0.06526704 -24.00595667 -11.92855398  -1.24384905
   0.32870733]",[ 6.90494765  0.58171086 -2.67734413 20.48692107 -1.19672434 -0.4188262 ],"[-16.01076135   1.62161749   0.96405424  17.43524231  -1.22189716
   0.36637968]","[ -0.16902544   0.04596075 -34.39714346  -3.81399227  -1.29500222
   0.04179815]",[-4.8642678   0.59231667  2.66793285 14.97753987 -1.30764233  0.08190733],[ 4.63791529  0.38818333 -3.98136972 20.46525549 -1.15121451 -0.50290327],"[ 6.95513850e-01  8.05509177e-03  1.95409012e+02 -1.33909674e+02
 -1.27196847e+00 -2.34585334e-01]",007,FW
845,2,0.4070111300219038,1,"[ 1.93096791e+00  2.83699569e-02  4.28210574e+01 -8.06860876e+01
 -3.56357363e-01 -1.07322175e+00]","[ -0.61604515   0.05031159 -30.8703699  -17.01754172  -1.17534385
   0.453512  ]",[ 6.49377354  0.74171158 -2.11488117 15.73355941 -1.24971988 -0.30831006],"[-14.88060809   2.00643388   0.78315149  13.65377046  -1.26394057
   0.27349171]","[-1.97843078e-01  4.48858896e-02 -3.52233356e+01 -4.96869315e+00
 -1.29450276e+00  2.89796937e-02]",[-4.48474126  0.61815257  2.55740262 13.46928905 -1.30927368  0.04502336],[ 4.35946451  0.51600073 -3.03264378 15.22070292 -1.23682338 -0.34883772],"[ 7.00172761e-01  6.77836736e-03  2.31717245e+02 -1.60242103e+02
 -1.24648892e+00 -2.85647646e-01]",007,FW
846,2,0.4070111300219038,1,"[ 1.93635594e+00  1.76239875e-02 -3.67050680e+01  7.30740765e+01
 -1.12001757e+00 -5.22394030e-01]","[-6.42241021e-01  3.48432791e-02 -4.36548995e+01 -2.60369672e+01
 -1.03079332e+00  6.41306212e-01]",[ 5.98501175  0.8884486  -1.77180441 12.6042702  -1.27608293 -0.23187509],"[-13.52299903   2.34692381   0.67150913  11.08081735  -1.28932288
   0.19881121]","[-2.26121713e-01  4.42304892e-02 -3.57470608e+01 -6.08318662e+00
 -1.29512464e+00  1.43748295e-02]",[-4.09252836  0.63097937  2.50578683 12.2550037  -1.30848662  0.01503642],[ 4.00323427  0.63044783 -2.49487281 11.98756033 -1.27325465 -0.25096778],"[ 7.04059610e-01  5.53036244e-03  2.83488630e+02 -1.97592895e+02
 -1.22170175e+00 -3.23453454e-01]",007,FW
847,2,0.4070111300219038,1,"[ 1.92411942e+00  3.63060155e-02 -3.98819140e+01  7.87375652e+01
 -8.11248232e-01 -8.45213510e-01]","[-6.58632170e-01  2.00481503e-02 -7.02267189e+01 -4.42535763e+01
 -6.55176720e-01  9.46912282e-01]",[ 5.38816625  1.01849656 -1.54849836 10.34356659 -1.2896112  -0.17618086],"[-11.97308109   2.62099469   0.60235466   9.21204122  -1.30478866
   0.13440094]","[-2.54081734e-01  4.39509872e-02 -3.59749968e+01 -7.14058957e+00
 -1.29723940e+00  2.99764918e-03]","[-3.69508910e+00  6.32784103e-01  2.49867979e+00  1.12328445e+01
 -1.30636223e+00 -8.10327952e-03]",[ 3.57890653  0.72891939 -2.16319064  9.7418571  -1.29065575 -0.18311974],"[ 7.07223007e-01  4.42137116e-03  3.54302242e+02 -2.48570697e+02
 -1.20446989e+00 -3.40176423e-01]",007,FW
848,2,0.4070111300219038,1,"[  1.89581142   0.05890402 -26.10383481  51.48794821  -1.10908866
  -0.55321799]","[-6.65541232e-01  8.94479950e-03 -6.16083146e+01 -3.90028736e+01
 -1.15534494e+00  5.40587177e-01]",[ 4.71410705  1.13046144 -1.39661049  8.58377137 -1.29647809 -0.13468859],"[-10.27826849   2.81018283   0.56236633   7.78015212  -1.31366344
   0.07602936]","[-2.81866702e-01  4.38604929e-02 -3.60492657e+01 -8.16108763e+00
 -1.30100726e+00  4.63346779e-04]",[-3.29853388  0.62617349  2.5249535  10.32864466 -1.30386328 -0.02475743],[ 3.09723529  0.81008437 -1.94902306  8.03658301 -1.29982856 -0.13246195],"[ 7.09761465e-01  3.51536453e-03  4.45850543e+02 -3.14447535e+02
 -1.20169488e+00 -3.31642737e-01]",007,FW
849,0,0.0838984185355093,0,[ 1.70588662  0.39553527 -3.15316192  7.37893673  0.17178358 -1.4427961 ],[-0.6276521   0.09218257 12.49207141  9.84067482  0.23422772  1.48844058],"[ 2.77381439e+00  3.67479947e+00 -3.65472655e-01  3.01375331e+00
 -1.10517511e-03 -1.31034193e+00]",[-6.8618729   6.0669345   0.23560913  3.61671993 -0.27199633  1.09280185],"[ -0.33410789   0.09123347 -15.69066751  -3.24237574  -0.27697362
  -1.0845978 ]",[-2.50668197  1.39558917  1.01262392  4.53832611 -0.20693423  1.14053124],[ 1.8927832   2.23041074 -0.61746891  3.16873478 -0.0947061  -1.23783667],"[ 7.11824536e-01  2.86491125e-03  5.48742984e+02 -3.88608720e+02
 -1.20830622e+00 -2.69217903e-01]",007,FW
850,0,0.0838984185355093,0,[ 1.49939927  0.49896487 -2.88125394  6.32015005 -1.79402151 -0.4066965 ],[-0.58366014  0.11700846 12.0648136   9.04175073 -1.81749338  0.40831897],[ 0.82184615  4.40683272 -0.3321699   2.27299255 -1.7891898  -0.36968778],[-3.66843363  6.76535272  0.22013254  2.80754161 -1.76689737  0.296263  ],"[ -0.38190343   0.10093715 -14.73352417  -3.62678339  -1.76847806
  -0.29575465]",[-1.77528458  1.56643007  0.94477312  3.67724115 -1.77859679  0.31665613],[ 0.74654273  2.55873915 -0.57393602  2.42846776 -1.79209368 -0.33794215],"[ 7.13043287e-01  1.88919474e-03  7.28732693e+02 -5.17617955e+02
 -9.94889732e-01 -5.01005273e-01]",007,FW
851,0,0.0838984185355093,0,[ 1.28234851  0.51135071 -2.85360961  5.65932203 -1.79829596  0.3668865 ],[-0.53682263  0.11840886 12.03213847  8.45912418 -1.81897552 -0.39722848],[-1.10691295  4.35174871 -0.33402802  1.63026006 -1.78894428  0.39057615],[-0.74428743  6.28685745  0.22789772  2.16962141 -1.75595043 -0.43437034],"[ -0.4248661    0.09311907 -15.27513016  -4.48988496  -1.75856564
   0.43816559]",[-1.11975633  1.4550103   0.97371894  3.09032795 -1.77414646 -0.43169436],[-0.30399805  2.40212771 -0.58712993  1.82151365 -1.78502335  0.42797526],"[ 7.13526588e-01  1.16829995e-03  2.34886264e+02 -1.65597594e+02
 -1.15465462e+00  1.96011693e-01]",007,FW
852,0,0.0838984185355093,0,[ 1.06119382  0.42771488 -3.10808759  5.29828333  0.02702657  1.33521287],[-0.49024134  0.09578605 12.71778092  8.23478194  0.19835269 -1.46309952],[-2.97780341  3.52426612 -0.36906654  0.9009924   0.08891274  1.38067137],[ 1.88732639  4.79402148  0.2551767   1.51839827  0.20084249 -1.46332453],"[ -0.46276812   0.07026088 -16.85110391  -5.79815371   0.23071301
   1.48578616]",[-0.55632068  1.09528923  1.03971853  2.57841692  0.24067914 -1.49309505],[-1.22313044  1.81988969 -0.61914815  1.24270106  0.24315243  1.49487921],"[ 7.13376073e-01  1.41229528e-03 -8.87936175e+02  6.35432421e+02
 -1.00591361e+00 -2.25415901e-01]",007,FW
853,0,0.0838984185355093,0,"[  0.84262857   0.11530689 -13.57639049  13.43985452  -1.24107324
   0.34225524]","[-4.46658320e-01  9.86030900e-03  1.29000075e+02  5.96189569e+01
 -4.43830769e-01 -1.03792565e+00]",[-4.75699658  0.81615187 -1.92266224 -7.14609769 -1.25109985  0.30193872],[ 4.22809983  0.66444926  2.37770901 -8.05319105 -1.23191883 -0.0787312 ],"[-4.95599437e-01  5.44831962e-03 -2.84930987e+02 -1.39211637e+02
 -1.04710395e+00  4.82924236e-01]",[-0.10154083  0.09058679 -7.63043826  1.22519898 -0.93199069 -0.65164417],[-1.97866873  0.14569125  5.99027158 13.85276308 -0.69258891  0.77562958],"[ 7.12691344e-01  1.94300823e-03 -8.13543566e+02  5.81805458e+02
 -1.34753296e+00  2.62039443e-02]",007,FW
854,0,0.0838984185355093,0,"[  0.77981321   0.08778747 -17.64965044  15.7634306   -1.15812834
   0.48077681]","[-4.44301549e-01  5.35406902e-03 -6.98781264e+01 -2.90469598e+01
 -1.53983731e+00 -2.92793719e-01]","[ -5.2116291    0.64460698  -2.41891056 -10.60646465  -1.20309063
   0.40403598]",[ 4.66977743  0.67360422  2.34407951 -8.94632959 -1.23082042  0.11944643],"[-4.98965679e-01  4.35391350e-03 -3.62119038e+02 -1.78684972e+02
 -1.14044002e+00  1.20064580e-01]",[-0.17229008  0.19884182 -7.18410774  0.7622495  -0.72635639 -0.90274348],[-1.86699981  0.30248282  4.82846141 11.01473655 -0.85351546  0.81760691],"[ 7.11545991e-01  1.81816499e-03 -8.67093603e+02  6.18976977e+02
 -1.32795208e+00  1.77265425e-01]",007,FW
855,0,0.0838984185355093,0,"[  0.73434076   0.05969601 -25.38551092  20.64161551  -0.99468575
   0.67262138]","[-4.46989307e-01  9.62792285e-03 -1.50109707e+02 -6.50974337e+01
 -9.38329830e-01 -7.66389347e-01]","[ -5.55438525   0.46580123  -3.29753007 -16.31575238  -1.09922219
   0.56379322]",[ 5.13910067  0.76334346  2.06109846 -8.59219248 -1.22249753  0.25032976],"[-5.02061040e-01  4.63434889e-03 -3.38577554e+02 -1.67986599e+02
 -1.13528323e+00 -3.03999237e-01]",[-0.33065197  0.33297139 -4.59334297  0.48120208 -1.07726385 -0.59613692],[-1.63770247  0.47315778  3.26272819  7.34337802 -1.16084806  0.50707891],"[ 7.10534251e-01  1.52384122e-03 -1.02505108e+03  7.30333904e+02
 -1.26013111e+00  3.64220746e-01]",007,FW
856,0,0.3425697343394056,0,"[ 7.05697146e-01  3.40671283e-02 -4.18043658e+01  3.15012216e+01
 -6.44753820e-01  9.54140920e-01]","[-4.53403605e-01  1.38441151e-02 -1.12850768e+02 -4.91669449e+01
 -1.34087288e+00 -3.24976674e-01]","[ -5.78100355   0.28779854  -5.06472858 -27.27921391  -0.81388562
   0.84168931]",[ 5.67601475  0.91116518  1.72423609 -7.78678945 -1.23627671  0.28227273],"[-5.05574102e-01  5.98364124e-03 -2.60048494e+02 -1.29473784e+02
 -1.12897253e+00 -4.45919308e-01]",[-0.57549017  0.46567306 -3.34650966  0.07411658 -1.2077234  -0.40886118],[-1.30503044  0.62052186  2.52615198  5.29670522 -1.26824549  0.31427196],"[ 7.09756414e-01  1.09366304e-03 -1.38488964e+03  9.84934304e+02
 -1.06349052e+00  6.41013598e-01]",007,FW
857,0,0.4330105755513812,0,"[ 6.91658290e-01  1.43951815e-02 -7.02773249e+01  5.06078944e+01
 -2.52579940e-01  1.10533363e+00]","[-4.61709604e-01  1.52008822e-02 -1.03871008e+02 -4.59582419e+01
 -1.41839103e+00  2.72519201e-02]","[ -5.89021862   0.13521765  -6.78250886 -37.95046     -0.60473063
   0.83805338]",[ 6.30536673  1.08380752  1.45161804 -7.1529841  -1.26779043  0.24678152],"[-5.10010552e-01  7.94146958e-03 -1.96352924e+02 -9.81420633e+01
 -1.18673542e+00 -4.08299550e-01]",[-0.90083936  0.58625326 -2.67863156 -0.41301674 -1.26609439 -0.28483067],[-0.89033124  0.73015724  2.159381    3.92256435 -1.31150716  0.17986213],"[ 7.09294346e-01  6.02520972e-04 -2.07973725e+03  1.47714587e+03
 -5.18620038e-01  9.68920506e-01]",007,FW
858,0,0.564345749114515,0,"[ 6.88483657e-01  8.04263089e-03  1.21923198e+02 -8.19421290e+01
 -1.08917322e+00  3.52630825e-01]","[-4.69735327e-01  1.31854381e-02 -1.17550962e+02 -5.32178394e+01
 -1.30764052e+00  4.08930948e-01]",[-5.88366075  0.14853965  7.44241132 45.78862336 -0.47406104  0.94352712],[ 7.03180079  1.24392929  1.26775181 -6.9145782  -1.30019015  0.17704346],"[-5.15618762e-01  1.00353147e-02 -1.56286470e+02 -7.85842360e+01
 -1.25647005e+00 -3.09406308e-01]",[-1.29616042  0.68694776 -2.29452246 -0.9740692  -1.29525943 -0.19314136],[-0.42027665  0.79407712  1.99008606  2.83638671 -1.32749268  0.07410508],"[ 7.09206400e-01  4.29687581e-04  1.40416562e+03 -9.93843246e+02
 -1.09935283e+00  5.57693041e-01]",007,FW
859,0,0.564345749114515,0,"[ 6.91331979e-01  1.06971086e-02  1.45232357e+02 -9.84037729e+01
 -1.64214295e+00  8.53032102e-02]","[-4.75194696e-01  8.38044031e-03 -1.55861632e+02 -7.20646207e+01
 -7.37797848e-01  8.29746060e-01]",[-5.76597982  0.29389989  5.06455322 31.20211168 -0.9408345   0.74583932],[ 7.83810727  1.35636431  1.16483055 -7.13006683 -1.32345692  0.09113017],"[-5.22345472e-01  1.17763055e-02 -1.33845239e+02 -6.79134548e+01
 -1.31254985e+00 -1.88716126e-01]",[-1.74713544  0.76219815 -2.07193458 -1.61995033 -1.30982503 -0.11994034],[ 0.07575321  0.80983593  1.95223675  1.8521118  -1.32817042 -0.0164788 ],"[ 7.09524476e-01  9.27234349e-04  1.53592207e+03 -1.08777430e+03
 -7.29546011e-01  9.00978562e-01]",007,FW
860,0,0.564345749114515,0,"[ 6.94867268e-01  8.68055780e-03  1.47203573e+02 -1.00286944e+02
 -1.03110921e+00 -5.51180846e-01]","[-4.75926056e-01  6.97046509e-03  7.92578282e+01  3.97208655e+01
 -1.07525542e+00  5.93841024e-01]",[-5.5449612   0.44361077  3.49226492 21.36447349 -1.17499678  0.47548461],"[ 8.68721015e+00  1.39322785e+00  1.13475430e+00 -7.85784909e+00
 -1.33416732e+00 -5.54824856e-03]","[-5.29826993e-01  1.26898986e-02 -1.24543418e+02 -6.39864645e+01
 -1.34791328e+00 -5.08710251e-02]",[-2.23687632  0.80887597 -1.95413586 -2.37116022 -1.31591783 -0.05840824],[ 0.56867733  0.78032792  2.02450968  0.84870723 -1.31814783 -0.09888525],"[ 7.10252444e-01  1.54023824e-03  9.94560058e+02 -7.04388712e+02
 -1.09893011e+00  5.78960452e-01]",007,FW
861,0,0.564345749114515,0,"[ 6.93980255e-01  1.03870676e-02 -6.71959692e+01  4.86326758e+01
 -7.18551586e-01 -7.98202402e-01]","[-4.70118732e-01  1.63814787e-02  8.48596782e+01  4.18941243e+01
 -5.91687811e-01  9.86247158e-01]",[-5.23134085  0.57774692  2.71326004 16.19398807 -1.25562923  0.31761979],[ 9.52711928  1.33697621  1.18110279 -9.25250718 -1.32922196 -0.11707236],"[-5.37416806e-01  1.23750694e-02 -1.27566366e+02 -6.65563092e+01
 -1.35349970e+00  1.17872462e-01]",[-2.74734937  0.82634339 -1.91336657 -3.25668643 -1.31656912 -0.00477922],[ 1.03250764  0.71282979  2.21225096 -0.28416603 -1.29922984 -0.17795258],"[ 7.11366699e-01  2.11609294e-03  7.37907085e+02 -5.22922527e+02
 -1.23202357e+00  3.78245880e-01]",007,FW
862,0,0.564345749114515,0,"[ 6.84516454e-01  2.51452587e-02 -5.52837697e+01  3.98426500e+01
 -5.88149837e-01 -9.90401355e-01]","[-4.56501503e-01  2.91828794e-02  5.18876272e+01  2.56867798e+01
 -1.00296969e+00  6.71614921e-01]",[-4.83825599  0.69031526  2.28153499 13.0386503  -1.28793493  0.21625735],"[ 10.29808117   1.18226101   1.32960939 -11.69242542  -1.29786512
  -0.25623826]","[-5.44245227e-01  1.05762622e-02 -1.47623628e+02 -7.83434546e+01
 -1.29137364e+00  3.55716437e-01]",[-3.26080533  0.81621949 -1.93681892 -4.31558944 -1.31343192  0.04326421],[ 1.44641485  0.6173041   2.54710794 -1.68417475 -1.27106796 -0.25895823],"[ 7.12819860e-01  2.60195995e-03  6.04558827e+02 -4.28941539e+02
 -1.28564854e+00  2.45754414e-01]",007,FW
863,0,0.7094663107578757,0,"[  0.66388867   0.04423222 -34.27192399  24.75274196  -1.02821917
  -0.65651759]",[-0.43447277  0.04268728 36.34010703 17.7887868  -1.1716036   0.46581474],[-4.38044487  0.77904244  2.02603953 10.87495447 -1.30188966  0.14551179],"[ 10.94107431   0.93798831   1.65454928 -16.10254665  -1.20674236
  -0.44885566]","[-5.49303128e-01  7.31918871e-03 -2.00685522e+02 -1.08237185e+02
 -9.78492713e-01  7.35703090e-01]",[-3.76103879  0.78193417 -2.02081486 -5.60036306 -1.30743305  0.08723062],[ 1.79579398  0.50446825  3.10217766 -3.57087197 -1.22959007 -0.34999472],"[ 7.14547363e-01  2.97161925e-03  5.31034592e+02 -3.77449368e+02
 -1.30614769e+00  1.52786968e-01]",007,FW
864,0,0.7094663107578757,0,"[  0.63146084   0.06293914 -24.73032081  17.61622919  -1.21980421
  -0.41740842]",[-0.40416039  0.05548319 28.24198025 13.41428966 -1.25023897  0.32540877],[-3.87338296  0.84353724  1.87309231  9.25520383 -1.30834127  0.0921439 ],"[ 11.40648222   0.63051058   2.35844446 -24.90155476  -0.9463001
  -0.74549155]","[-5.51541208e-01  3.96120108e-03 -1.45837362e+02 -7.84353150e+01
 -1.30367353e+00  3.91879778e-01]",[-4.23435685  0.72818507 -2.16844512 -7.18197043 -1.2991159   0.12807516],[ 2.07232187  0.38425215  4.03853899 -6.36915267 -1.16197627 -0.4657611 ],"[ 7.16475678e-01  3.21992982e-03  4.90739072e+02 -3.49602610e+02
 -1.31231883e+00  8.59785003e-02]",007,FW
865,0,0.7094663107578757,0,"[  0.58863648   0.07783943 -20.21072391  13.89676939  -1.30671341
  -0.23726336]",[-0.366405    0.06641668 23.71023688 10.68754941 -1.29091712  0.21915064],[-3.33257609  0.88415133  1.78794945  7.95847758 -1.31134862  0.04828468],"[ 11.66152514   0.31966213   3.50882402 -38.91823958  -0.43416399
  -0.98093966]","[-5.49977985e-01  7.04436336e-03  1.72598204e+02  9.69252127e+01
 -3.43274653e-01  1.08491954e+00]",[-4.67019168  0.6603617  -2.38898955 -9.1570391  -1.28887727  0.16638536],"[  2.27323854   0.26509767   5.74498911 -11.05973066  -1.02931416
  -0.6364929 ]","[ 7.18530517e-01  3.35547600e-03  4.71154215e+02 -3.36538682e+02
 -1.31332276e+00  3.58297761e-02]",007,FW
866,0,0.7094663107578757,0,"[  0.53866195   0.08625475 -18.31647339  11.86638729  -1.34496174
  -0.08214642]",[-0.32266844  0.07456864 21.17244155  8.83167861 -1.31222438  0.13167261],[-2.77311265  0.9014913   1.75387947  6.86370534 -1.31207888  0.00945217],[11.69487095  0.2524872  -3.41570321 41.9462083  -0.78261091 -0.70164752],"[-5.43809758e-01  1.43489859e-02  1.03122358e+02  5.80789443e+01
 -8.61937011e-01  7.98741729e-01]","[ -5.06132998   0.58394677  -2.6986919  -11.65897023  -1.27708855
   0.20269996]","[  2.40023516   0.15467809   9.24746037 -20.19607953  -0.70051354
  -0.91812626]","[ 7.20643353e-01  3.39165374e-03  4.66178099e+02 -3.33948148e+02
 -1.31230615e+00 -4.97592955e-03]",007,FW
867,0,0.7094663107578757,0,"[  0.48622296   0.08634227 -18.29867965  10.89723827  -1.35126665
   0.07462065]",[-0.27488154  0.07931145 19.92990724  7.47836365 -1.32166393  0.05488999],[-2.20935614  0.89662712  1.76331159  5.89578327 -1.31073493 -0.0263618 ],[11.51709091  0.49714327 -2.96806259 36.18344665 -0.94589112 -0.75393106],"[-5.32512866e-01  2.26780863e-02  6.78249678e+01  3.81176680e+01
 -1.10529246e+00  5.53223029e-01]","[ -5.40375616   0.50390384  -3.12341025 -14.87814736  -1.26400703
   0.23811678]","[  2.45830842   0.06831153  11.8790719  -27.20242249  -0.68585856
  -0.80200393]","[ 7.22755680e-01  3.34341688e-03  4.72847248e+02 -3.39753034e+02
 -1.30907666e+00 -3.95691571e-02]",007,FW
868,0,0.7094663107578757,0,"[  0.43692982   0.07718958 -20.34735211  10.89036495  -1.31496753
   0.26537159]","[-2.25251935e-01  8.03597505e-02  1.96744590e+01  6.43170996e+00
 -1.32254360e+00 -1.58692141e-02]",[-1.65458353  0.87151664  1.81370215  5.00092172 -1.3075093  -0.05970706],[11.1567661   0.73959922 -2.1017127  25.44831698 -1.22773782 -0.4261697 ],"[-5.15925753e-01  3.10704169e-02  5.02182588e+01  2.79088930e+01
 -1.21394244e+00  3.93004614e-01]","[ -5.6961355    0.42411051  -3.70524352 -19.10556913  -1.24931474
   0.27535485]","[  2.45478017   0.07541392 -15.68892071  40.51285149  -0.53811604
  -0.91602124]","[ 7.24821963e-01  3.23051560e-03  4.89266077e+02 -3.52630799e+02
 -1.30328199e+00 -6.60053255e-02]",007,FW
869,0,0.3975098163584706,0,"[  0.39674868   0.05906594 -25.94178547  12.29236908  -1.16186533
   0.54765492]",[-0.17604986  0.0777907  20.3131225   5.57612243 -1.31626166 -0.08367967],[-1.12049436  0.82916394  1.90563792  4.13525655 -1.30277097 -0.09057896],[10.65355905  0.9216352  -1.70721589 20.18792525 -1.30152064 -0.2354677 ],"[-4.94297384e-01  3.87630132e-02  4.05292769e+01  2.20335155e+01
 -1.27010848e+00  2.75721736e-01]","[ -5.93901761   0.34695837  -4.51897831 -24.83829178  -1.23091709
   0.32049626]","[  2.39853411   0.13873654 -10.89856983  28.14059151  -1.06115289
  -0.64637129]","[ 7.26812187e-01  3.08049198e-03  5.13016129e+02 -3.70866375e+02
 -1.29647755e+00 -7.95723372e-02]",007,FW
870,0,0.6732960005714796,0,"[ 3.71390544e-01  3.47994393e-02 -3.76490324e+01  1.59824946e+01
 -6.28399096e-01  9.19262510e-01]",[-0.12939224  0.07202218 21.91196569  4.83523841 -1.30306941 -0.15082497],[-0.61668355  0.77340343  2.04206407  3.25930733 -1.29691437 -0.11884089],[10.05042593  1.03815522 -1.52114231 17.2881281  -1.31859204 -0.1186528 ],[-0.46828905  0.0450796  34.97711475 18.37939982 -1.30069414  0.18162391],"[ -6.13390545   0.2732626   -5.71467163 -33.0532555   -1.20186624
   0.38602582]",[ 2.29946821  0.19488376 -8.01260495 20.42473037 -1.2508257  -0.37110871],"[ 7.28712810e-01  2.92441071e-03  5.40408116e+02 -3.91802316e+02
 -1.29181750e+00 -7.80310241e-02]",007,FW
871,0,0.6732960005714796,0,[ 0.36566934  0.0238713  18.32241461 -4.6999453  -1.33232618  0.4451523 ],[-0.08705037  0.06375165 24.7034223   4.15044212 -1.28241362 -0.21910397],[-0.15025016  0.7084868   2.22798353  2.33475488 -1.29031466 -0.14423514],[ 9.38706653  1.0976477  -1.4402102  15.51934891 -1.31799314 -0.04344304],[-0.43892025  0.04949484 31.91707876 16.00905216 -1.31628751  0.1013096 ],"[ -6.28236463   0.20258229  -7.63787984 -45.98394613  -1.14048475
   0.49770602]",[ 2.16812848  0.23596959 -6.67555956 16.4734708  -1.30785477 -0.20663327],"[ 7.30523342e-01  2.78446330e-03  5.67637699e+02 -4.12672589e+02
 -1.29210514e+00 -6.75285778e-02]",007,FW
872,0,0.6732960005714796,0,[ 0.38288153  0.05216042 26.80250995 -8.26218612 -0.65712535  0.94516233],[-0.05030682  0.05386298 29.15146323  3.46651746 -1.2531517  -0.29005557],[ 0.27436602  0.63869928  2.47007956  1.32229409 -1.28337129 -0.1662195 ],"[ 8.69579430e+00  1.11384614e+00 -1.41951017e+00  1.43437685e+01
 -1.31199725e+00  4.66863936e-03]","[-4.07461503e-01  5.17008936e-02  3.05788414e+01  1.44597007e+01
 -1.32169915e+00  2.99751556e-02]","[ -6.38531861   0.13411696 -11.20238833 -69.53081866  -0.96748132
   0.71148852]",[ 2.01542278  0.26037994 -6.06771885 14.22901879 -1.32711945 -0.09045696],"[ 7.32247191e-01  2.66033110e-03  5.94146932e+02 -4.33062422e+02
 -1.29796539e+00 -6.37358349e-02]",007,FW
873,0,0.6732960005714796,0,[ 0.42430173  0.0891327  17.11619897 -5.26243276 -1.07564261  0.6088076 ],"[-1.98814329e-02  4.33061666e-02  3.61077024e+01  2.71787286e+00
 -1.21353224e+00 -3.65491269e-01]",[ 0.65536596  0.5681261   2.77557658  0.18098158 -1.27652686 -0.18359896],[ 7.99967808  1.10189421 -1.43480496 13.47797775 -1.30498707  0.03218322],[-0.37529546  0.05163847 30.61521312 13.4897506  -1.31957598 -0.03503784],"[-6.44262141e+00  7.02360838e-02 -1.77566583e+01 -1.12399427e+02
 -4.71908893e-01  9.99535073e-01]","[ 1.85230112e+00  2.67845906e-01 -5.90266636e+00  1.29335155e+01
 -1.33039467e+00  6.04659417e-03]","[ 7.33879337e-01  2.52494394e-03  6.25838167e+02 -4.57289699e+02
 -1.30636007e+00 -8.46150655e-02]",007,FW
874,0,0.5750036143333184,0,[ 0.48890326  0.12390705 12.5917488  -4.156147   -1.23211914  0.3877671 ],"[ 4.06439022e-03  3.29646082e-02  4.71604266e+01  1.80832162e+00
 -1.16032761e+00 -4.48716997e-01]",[ 0.99346503  0.50055852  3.1492777  -1.12869725 -1.27046401 -0.19395823],[ 7.312055    1.07677194 -1.46821125 12.73564143 -1.29832523  0.04090554],[-0.34377721  0.04947713 31.93214861 12.97754493 -1.3117553  -0.0958178 ],"[-6.45295541e+00  4.97498922e-02  1.26603318e+01  8.36965568e+01
 -1.04442512e+00  5.94827166e-01]",[ 1.68937462  0.25899321 -6.09970241 12.30468244 -1.3224483   0.09737426],"[ 7.35395474e-01  2.33404772e-03  6.76245434e+02 -4.95307832e+02
 -1.30956565e+00 -1.43122648e-01]",007,FW
875,0,0.6748420195015943,0,[ 0.57339494  0.15199257 10.3531544  -3.9364464  -1.29770655  0.23445211],"[ 2.18511047e-02  2.35392121e-02  6.54700106e+01  5.69407942e-01
 -1.08578978e+00 -5.46984065e-01]",[ 1.29168544  0.43946163  3.58722155 -2.63356186 -1.26636558 -0.19335668],[ 6.63670746  1.05301838 -1.50141878 11.9644772  -1.2922653   0.02973916],[-0.31411799  0.04555106 34.6426032  12.88186487 -1.29923739 -0.15502186],[-6.41406394  0.11082669 12.8168013  84.20778299 -0.68518253  0.92787633],[ 1.53652346  0.23531808 -6.69748829 12.29084791 -1.30234855  0.19453928],"[ 7.36745228e-01  2.04164929e-03  7.70111342e+02 -5.65375856e+02
 -1.29340900e+00 -2.53082728e-01]",007,FW
876,0,0.6748420195015943,0,[ 0.67261044  0.17051982  9.26121615 -4.22919068 -1.32475874  0.11538253],"[ 3.41508111e-02  1.54802505e-02  9.80373486e+01 -1.34805497e+00
 -9.68710070e-01 -6.76893900e-01]",[ 1.55509157  0.38792369  4.06582418 -4.32272891 -1.26555533 -0.17679771],"[ 5.96840811e+00  1.04471700e+00 -1.51343709e+00  1.10328102e+01
 -1.28654444e+00 -2.09135637e-03]",[-0.28730538  0.04027763 39.10504042 13.23508869 -1.28154446 -0.21640491],[-6.32329008  0.19118725  7.96406476 52.35909173 -1.02962299  0.63729041],[ 1.40256825  0.1989983  -7.87851654 13.05015718 -1.26227052  0.31336135],"[ 7.37848732e-01  1.61088356e-03  9.62322781e+02 -7.08048644e+02
 -1.21423657e+00 -4.53925287e-01]",007,FW
877,0,0.473325592449476,0,[ 0.7801972   0.17812174  8.87580195 -4.9248758  -1.33085112  0.01544181],"[ 4.18311771e-02  8.99031256e-03  1.62753031e+02 -4.80815088e+00
 -7.43620823e-01 -8.76500804e-01]",[ 1.79048911  0.3485584   4.52918526 -6.10945689 -1.26831143 -0.13977794],[ 5.2938028   1.06478206 -1.48460583  9.85921051 -1.28041524 -0.0505595 ],"[-2.64064333e-01  3.40915417e-02  4.60683572e+01  1.41650100e+01
 -1.25607548e+00 -2.85119675e-01]",[-6.17836248  0.27738889  5.59440754 36.56427766 -1.16114315  0.46594781],"[  1.29509072   0.15256768 -10.14108658  15.13362713  -1.17126928
   0.48692469]","[ 7.38594952e-01  1.03368026e-03  1.37987156e+03 -1.01716617e+03
 -8.49061820e-01 -8.17723355e-01]",007,FW
878,0,0.7166455399812304,0,[ 0.8894602   0.1749646   9.03237259 -6.0339359  -1.32338184 -0.07287237],"[ 4.58083810e-02  4.15393804e-03  2.99200820e+02 -1.17059052e+01
 -2.77530413e-01 -1.14340222e+00]",[ 2.0060528   0.32336412  4.88692566 -7.80343089 -1.27280741 -0.08152921],[ 4.59293452  1.12314419 -1.4065397   8.46014476 -1.27392241 -0.10459236],"[-2.44854484e-01  2.74073512e-02  5.70351752e+01  1.59653184e+01
 -1.21677026e+00 -3.69000005e-01]",[-5.9783348   0.36484262  4.28858292 27.63858451 -1.22613134  0.35355046],"[  1.22045098   0.09918959 -14.84277838  20.11488346  -0.89872386
   0.78350391]","[ 7.38841406e-01  6.09897782e-04  1.64818802e+02 -1.19774956e+02
 -1.73268981e+00 -2.31486589e-01]",007,FW
879,0,0.7166455399812304,0,[ 0.99416363  0.16249475  9.71080402 -7.65412818 -1.30615607 -0.15468988],"[ 4.69406338e-02  1.94198822e-03 -2.09920954e+02  1.18538227e+01
 -1.55730232e+00 -2.71866016e-01]",[ 2.21082893  0.31350413  5.04315405 -9.14955087 -1.27586404 -0.00929422],[ 3.8418145   1.22435485 -1.28911557  6.95254288 -1.2693442  -0.14966835],"[-2.29891791e-01  2.06018836e-02  7.52164950e+01  1.92916548e+01
 -1.14890964e+00 -4.82701255e-01]",[-5.72453838  0.44864833  3.50330872 22.05482519 -1.26493151  0.26804166],"[  1.18393889   0.0489849  -18.40396391  23.78916858  -0.7048221
   0.75799713]","[ 7.38417104e-01  1.40374998e-03 -9.24843045e+02  6.84919923e+02
 -3.60439735e-01 -1.10846990e+00]",007,FW
880,0,0.7166455399812304,0,[ 1.08910446  0.14289388 11.01370276 -9.99507276 -1.28048219 -0.23644656],"[ 4.59773160e-02  3.46505785e-03 -4.21944419e+02  2.13998719e+01
 -9.55053219e-01 -7.50532347e-01]",[ 2.41412118  0.31900696  4.95478783 -9.96145822 -1.27597015  0.06160043],[ 3.01602434  1.36576757 -1.15487636  5.4831352  -1.26961362 -0.17521897],"[-2.19181180e-01  1.40124912e-02  1.08362490e+02  2.57510184e+01
 -1.00892878e+00 -6.57987138e-01]",[-5.4213696   0.52310674  3.01306248 18.33492535 -1.29040289  0.19543841],"[  1.18991314   0.06111962  18.11211162 -19.55183963  -0.39589444
   1.00674162]","[ 7.37131607e-01  2.85464857e-03 -5.18537940e+02  3.84230705e+02
 -8.26305197e-01 -8.16043264e-01]",007,FW
881,0,0.7166455399812304,0,"[  1.17035153   0.11842617  13.22921627 -13.48283356  -1.24263946
  -0.3301039 ]","[ 4.35597041e-02  5.08331573e-03 -3.06775436e+02  1.53630472e+01
 -1.27461680e+00 -3.75809536e-01]","[  2.62480255   0.33854436   4.66542464 -10.24581849  -1.27514243
   0.11567047]",[ 2.09491617  1.53712025 -1.02602359  4.1494334  -1.27556301 -0.17854032],"[-2.12550358e-01  7.99415162e-03  1.76664600e+02  3.95501239e+01
 -6.51050013e-01 -9.49750814e-01]",[-5.07673792  0.58222063  2.7119335  15.76777565 -1.30736694  0.12889789],"[  1.24178483   0.12701103  11.6012302  -12.40623173  -0.85179874
   0.80976503]","[ 7.34791583e-01  4.66450990e-03 -3.27855807e+02  2.42905687e+02
 -1.03859297e+00 -6.12406787e-01]",007,FW
882,0,0.7166455399812304,0,"[  1.23516883   0.09095849  17.0631407  -19.07585951  -1.17423787
  -0.46024992]","[ 4.02543985e-02  6.01373331e-03 -2.62380112e+02  1.25619536e+01
 -1.35148090e+00 -1.38360143e-01]","[  2.85057301   0.36944334   4.27261729 -10.17940755  -1.27668288
   0.14544586]",[ 1.06587627  1.72146566 -0.91653569  2.97691365 -1.28569595 -0.16253765],"[-2.09678423e-01  3.48837917e-03  1.87574166e+02  4.13302554e+01
 -9.51004048e-01 -6.53679453e-01]",[-4.702049    0.62045547  2.54739174 13.9779608  -1.31767685  0.06451347],[ 1.34176061  0.20221067  7.60508495 -8.20420343 -1.10298578  0.55520365],"[ 7.31222145e-01  6.74581608e-03 -2.29859622e+02  1.70078446e+02
 -1.14498330e+00 -4.78340426e-01]",007,FW
883,0,0.7166455399812304,0,"[  1.28174902   0.06193797  24.38331394 -29.2532888   -1.00422475
  -0.6790017 ]","[ 3.65904806e-02  6.17376870e-03 -2.55936867e+02  1.13648530e+01
 -1.36316781e+00  5.60975859e-02]",[ 3.09721158  0.40789187  3.86926569 -9.9839345  -1.28204874  0.15172637],[-0.07209859  1.89718218 -0.83224034  1.93999665 -1.29743732 -0.13179069],"[-2.10116809e-01  4.35382179e-03 -2.87950982e+02 -5.85033415e+01
 -5.77970835e-01 -9.21581483e-01]","[-4.31167639e+00  6.33553626e-01  2.49556291e+00  1.27600597e+01
 -1.32178610e+00 -4.01314996e-04]",[ 1.49035174  0.27842526  5.60145309 -6.34813533 -1.20560785  0.4008398 ],"[ 7.26287368e-01  9.00739573e-03 -1.73416148e+02  1.27949958e+02
 -1.20517502e+00 -3.81779647e-01]",007,FW
884,0,0.6611845454300509,0,"[ 1.30892466e+00  3.35456650e-02  3.88006012e+01 -4.87870639e+01
 -5.12466812e-01 -1.00018712e+00]","[ 3.30701869e-02  5.56617619e-03 -2.82160976e+02  1.13311162e+01
 -1.31869720e+00  2.64594823e-01]",[ 3.36795803  0.44926732  3.51389033 -9.83463514 -1.29019483  0.13940949],[-1.30654489  2.04116697 -0.77409626  0.98860849 -1.30792046 -0.09073699],"[-2.13305092e-01  7.64819989e-03 -1.99316909e+02 -4.05153115e+01
 -1.12532091e+00 -5.87033839e-01]",[-3.92196512  0.61924588  2.552243   12.00980804 -1.31926357 -0.0682335 ],[ 1.68576541  0.35056983  4.4779555  -5.5487825  -1.25891148  0.29271049],"[ 7.19905406e-01  1.13505402e-02 -1.38215974e+02  1.01502427e+02
 -1.24175332e+00 -3.08087827e-01]",007,FW
885,0,0.6611845454300509,0,"[ 1.31599247e+00  2.00116496e-02 -1.90157704e+01  2.70246107e+01
 -1.45976481e+00 -3.76107953e-01]","[ 3.01354191e-02  4.30960186e-03 -3.56855228e+02  1.27539818e+01
 -1.16486552e+00  5.29417088e-01]",[ 3.66318557  0.48865361  3.23228062 -9.84044372 -1.29874902  0.11443625],[-2.61222411  2.13327125 -0.74104917  0.0642135  -1.3145599  -0.04372719],"[-2.18587894e-01  1.02581749e-02 -1.52830417e+02 -3.14068789e+01
 -1.29666874e+00 -3.01731956e-01]",[-3.54989687  0.57769705  2.73231406 11.69943313 -1.30874872 -0.14190503],[ 1.9233758   0.41337715  3.81145419 -5.33085876 -1.29089702  0.20575035],"[ 7.12057618e-01  1.36735196e-02 -1.15051597e+02  8.39233665e+01
 -1.26577929e+00 -2.48747157e-01]",007,FW
886,0,0.6611845454300509,0,"[ 1.30270105e+00  4.20685505e-02 -3.34088369e+01  4.55217270e+01
 -6.86111692e-01 -9.26221381e-01]","[ 2.80970916e-02  2.69100117e-03 -5.31413572e+02  1.69311758e+01
 -7.52947967e-01  8.90295383e-01]","[  3.98047665   0.52159426   3.02966621 -10.05951562  -1.3054389
   0.08256618]",[-3.95455129  2.16119852 -0.73158551 -0.89309243 -1.31579686  0.00460408],"[-2.25238636e-01  1.17621715e-02 -1.34242012e+02 -2.82364876e+01
 -1.34286605e+00 -1.14492168e-01]",[-3.21162088  0.51155767  3.07759918 11.88408178 -1.28717351 -0.22610584],[ 2.19549026  0.46156227  3.42081514 -5.51036631 -1.31042518  0.12883496],"[ 7.02794464e-01  1.58674351e-02 -9.93302603e+01  7.18087570e+01
 -1.28309242e+00 -1.97557453e-01]",007,FW
887,0,0.6611845454300509,0,"[  1.26935462   0.07149351 -21.37008957  29.12622183  -1.07709411
  -0.60120938]","[ 2.70579280e-02  1.21533955e-03 -7.27551408e+02  2.16860337e+01
 -4.72186051e-01  9.37623067e-01]","[  4.31512761   0.54489098   2.90116696 -10.51890564  -1.30904379
   0.04881331]",[-5.29516387  2.12395261 -0.74427347 -1.94104997 -1.31172924  0.04945083],"[-2.32491295e-01  1.20719484e-02 -1.30933609e+02 -2.84409243e+01
 -1.34758336e+00  3.69400465e-02]",[-2.92109847  0.42559725  3.68092489 12.75234408 -1.2472055  -0.32977469],[ 2.49159369  0.49069974  3.22120673 -6.02593837 -1.32046079  0.05709121],"[ 6.92241447e-01  1.78091405e-02 -8.86196405e+01  6.33461882e+01
 -1.29645054e+00 -1.49904169e-01]",007,FW
888,0,0.6611845454300509,0,"[  1.21693821   0.10004896 -15.58033273  20.96030218  -1.21183467
  -0.40455381]","[ 2.68642592e-02  8.36793114e-04  1.32947160e+03 -3.37152697e+01
 -1.06786547e+00  4.08158331e-01]","[  4.66097868   0.55707988   2.83817293 -11.22866351  -1.30967281
   0.01690676]",[-6.59814105  2.031727   -0.77774785 -3.13169003 -1.30424254  0.08664942],"[-2.39575324e-01  1.12069805e-02 -1.40609247e+02 -3.16865060e+01
 -1.32473172e+00  1.91170330e-01]",[-2.68909209  0.32606281  4.75465031 14.78569256 -1.16860898 -0.47204876],[ 2.79916296  0.49823318  3.17332094 -6.88264246 -1.32212277 -0.0113271 ],"[ 6.80606186e-01  1.93602194e-02 -8.15984793e+01  5.75364298e+01
 -1.30686668e+00 -1.02523039e-01]",007,FW
889,0,0.4496861598751717,0,"[  1.14719624   0.12558723 -12.50735483  16.3483904   -1.26828068
  -0.27943904]","[ 2.71067772e-02  9.89776317e-04  1.53833100e+03 -3.96991956e+01
 -1.69665135e+00 -1.11883110e-01]","[ 5.01134028e+00  5.58329935e-01  2.83186144e+00 -1.21914213e+01
 -1.30836439e+00 -1.12187554e-02]",[-7.83483979  1.9015903  -0.83061091 -4.5077034  -1.29629264  0.11422516],"[-2.45746214e-01  9.25307922e-03 -1.68429694e+02 -3.93909596e+01
 -1.25054324e+00  3.92277664e-01]",[-2.52264578  0.22021636  6.84201463 19.25997933 -0.98383935 -0.69636273],[ 3.10497735  0.48418302  3.26389639 -8.13432434 -1.31614767 -0.07669367],"[ 6.68183839e-01  2.03756004e-02 -7.75801135e+01  5.38377781e+01
 -1.31444043e+00 -5.30006067e-02]",007,FW
890,0,0.3706392273849285,0,"[  1.06265027   0.14668867 -10.7468454   13.42013814  -1.29628957
  -0.18872971]","[ 2.71678242e-02  9.07114928e-04  2.70744817e+02 -5.35554761e+00
 -1.74948334e+00 -2.80694466e-02]","[  5.35974073   0.54980368   2.87551785 -13.41203014  -1.30636163
  -0.03568275]",[-8.98572263  1.75056423 -0.90191552 -6.10436267 -1.29039507  0.13417583],"[-2.50308601e-01  6.38766715e-03 -2.33057197e+02 -5.63362209e+01
 -9.93762325e-01  7.15267780e-01]",[-2.42509124  0.11828997 11.0749928  28.85786807 -0.49208195 -1.02051187],[ 3.39668297  0.45128821  3.49806931 -9.88183244 -1.30344869 -0.13826727],"[ 6.55356240e-01  2.07188745e-02 -7.63115910e+01  5.20112774e+01
 -1.31869211e+00  9.08452236e-04]",007,FW
891,0,0.6538730310830488,0,[ 0.96657556  0.16215691 -9.73986318 11.41431367 -1.3119182  -0.11432855],"[ 2.62942193e-02  2.57998024e-03 -4.68118047e+02  1.43087986e+01
 -1.68322577e-01 -1.21027002e+00]","[  5.70028842   0.53279067   2.96682794 -14.91177496  -1.30450722
  -0.05853148]","[-10.03877548   1.58922864  -0.99303519  -7.96885727  -1.28712982
   0.15327888]","[-2.52635724e-01  3.31682953e-03 -2.82357132e+02 -6.93334985e+01
 -7.17483760e-01  7.37638741e-01]",[-2.39650836  0.06427621 -4.24376823 -8.17022606 -1.60380315 -0.30090753],"[  3.66428395   0.40455143   3.89634966 -12.27733153  -1.28542704
  -0.19420532]","[ 6.42581656e-01  2.02794442e-02 -7.79399590e+01  5.20827880e+01
 -1.31848160e+00  6.20594092e-02]",007,FW
892,0,0.6538730310830488,0,[ 0.86295966  0.17089033 -9.25039847  9.98272074 -1.32085613 -0.04538562],"[ 2.36651848e-02  5.93903184e-03 -2.42633635e+02  7.74196981e+00
 -6.53395197e-01 -9.41525903e-01]","[  6.02762284   0.50802981   3.11055086 -16.74922743  -1.30284507
  -0.08317852]","[-10.98550978   1.41884991  -1.11139243 -10.20921244  -1.28432774
   0.18205864]","[-2.52189989e-01  4.22195035e-03  2.55144115e+02  6.63447915e+01
 -3.82124138e-01  1.01231713e+00]","[ -2.43448752   0.12850837 -10.93325132 -24.61686384  -0.7080768
  -0.91066937]","[  3.90123863   0.35033237   4.49202786 -15.52447263  -1.26449736
  -0.2410342 ]","[ 6.30374032e-01  1.89893390e-02 -8.31356426e+01  5.44065502e+01
 -1.31130835e+00  1.34880004e-01]",007,FW
893,0,0.6538730310830488,0,[ 0.75644175  0.17187801 -9.19818367  8.95789011 -1.32418259  0.02614763],"[ 1.84319832e-02  1.06970638e-02 -1.40884146e+02  4.59677422e+00
 -9.17529665e-01 -7.25740948e-01]","[  6.33661349   0.47549312   3.32177735 -19.04881918  -1.30044297
  -0.11360312]","[-11.81644253   1.23303702  -1.27657275 -13.08454858  -1.27631768
   0.23323916]","[-2.48545670e-01  8.96861521e-03  1.63336649e+02  4.25966169e+01
 -8.17216179e-01  8.35993722e-01]","[ -2.53500472   0.2163893   -7.07593574 -15.9375305   -1.09478702
  -0.58255263]","[  4.10493844   0.29523282   5.32349047 -19.85260063  -1.24472353
  -0.2730426 ]","[ 6.19271579e-01  1.68398111e-02 -9.34831656e+01  5.98914676e+01
 -1.29143648e+00  2.26951414e-01]",007,FW
894,0,0.6538730310830488,0,[ 0.65219427  0.16433888 -9.61132703  8.26845246 -1.31974736  0.10771598],"[ 9.73026239e-03  1.68444318e-02 -9.11039853e+01  2.88646568e+00
 -1.04775154e+00 -5.88502845e-01]","[  6.62202135   0.43461372   3.63099314 -22.04451409  -1.29542826
  -0.15400179]","[-12.51788205   1.022426    -1.53275077 -17.18679329  -1.25062065
   0.32347564]","[-2.41413682e-01  1.45198569e-02  1.05676495e+02  2.75117517e+01
 -1.08634641e+00  5.75088330e-01]","[ -2.69323418   0.30066922  -5.18827039 -11.97322718  -1.21273237
  -0.395778  ]","[  4.27652095   0.24503705   6.41174531 -25.41996314  -1.2317317
  -0.28218451]","[ 6.09796965e-01  1.38966345e-02 -1.12553478e+02  7.06347695e+01
 -1.24467623e+00  3.52862815e-01]",007,FW
895,0,0.6538730310830488,0,"[  0.55570191   0.14796595 -10.64585675   7.9159229   -1.30135356
   0.20871913]","[-3.30940976e-03  2.43918471e-02 -6.35052803e+01  1.78983501e+00
 -1.12249715e+00 -4.94188127e-01]","[  6.87829518   0.38474207   4.09474382 -26.16485667  -1.28458703
  -0.20964507]","[-13.07107409   0.7802115   -1.98384705 -23.9310118   -1.17227914
   0.48336749]","[-2.30669242e-01  2.02375174e-02  7.69793927e+01  1.97567781e+01
 -1.19620602e+00  4.16046095e-01]","[ -2.90415971   0.37837819  -4.1497288  -10.05147521  -1.25643376
  -0.28941544]","[  4.42012557   0.20392413   7.71225041 -32.08911524  -1.23074925
  -0.25978108]","[ 6.02415117e-01  1.03136109e-02 -1.49104283e+02  9.18226741e+01
 -1.12863993e+00  5.44870749e-01]",007,FW
896,0,0.6538730310830488,0,"[  0.47243128   0.1231717  -12.70251585   8.00106578  -1.25325445
   0.34600281]","[-2.15247433e-02  3.32723741e-02 -4.68269076e+01  9.92062837e-01
 -1.17332083e+00 -4.21210053e-01]","[  7.0996191    0.32562527   4.82175058 -32.23259249  -1.26117922
  -0.28922137]","[-13.45392964   0.50914297  -2.89779038 -36.98666786  -0.91021259
   0.7747994 ]","[-2.16381486e-01  2.57361315e-02  6.09556650e+01  1.51896774e+01
 -1.25215946e+00  3.06325991e-01]",[-3.16289481  0.44923024 -3.50547933 -9.08746237 -1.27642825 -0.22217165],"[  4.54180746   0.17409669   9.05265548 -39.11541821  -1.24231097
  -0.20199322]","[ 5.97496577e-01  6.37603713e-03 -2.25803873e+02  1.36917041e+02
 -7.87754821e-01  8.63175877e-01]",007,FW
897,0,0.6538730310830488,0,"[  0.40743751   0.09128988 -16.81249118   8.85003948  -1.12517625
   0.55719123]","[ -0.04564837   0.04325644 -36.16887663   0.34894963  -1.21225914
  -0.35806308]","[  7.28024619   0.25785629   6.04304945 -41.99488775  -1.20799086
  -0.40967009]","[-13.64484442   0.25239015  -3.75361426 -49.21748253  -0.63441308
   0.80695576]","[-1.98840001e-01  3.06293687e-02  5.14151366e+01  1.22233858e+01
 -1.28575137e+00  2.19495889e-01]",[-3.464691    0.51317206 -3.07347345 -8.64863579 -1.28768514 -0.17481643],"[  4.64839903   0.15587083  10.13234936 -45.09920298  -1.25925793
  -0.11734323]","[ 5.95292919e-01  3.02817387e-03 -2.22055943e+02  1.34188331e+02
 -1.01778004e+00  5.90472489e-01]",007,FW
898,0,0.6901908507870018,0,"[  0.36498811   0.05521841 -25.53719642  11.32077313  -0.72762863
   0.89982807]","[ -0.07620611   0.053911   -29.11370658  -0.21864241  -1.24331753
  -0.29959285]","[  7.4150541    0.1834214    8.32182812 -59.70680569  -1.07198571
  -0.60772334]","[-13.6275681    0.28745624   3.73660974  52.92090366  -0.45304815
   0.95533457]","[-1.78569623e-01  3.45156686e-02  4.57307167e+01  1.01661168e+01
 -1.30711574e+00  1.42929909e-01]",[-3.8046866   0.5696549  -2.77137456 -8.54421163 -1.29542379 -0.13729132],"[ 4.74658461e+00  1.48170104e-01  1.06698375e+01 -4.86452866e+01
 -1.27181498e+00 -2.62878144e-02]","[ 5.95927035e-01  4.28847530e-03  2.84632229e+02 -1.67620040e+02
 -4.51073709e-01  1.00389647e+00]",007,FW
899,0,0.6901908507870018,0,"[  0.34828922   0.02741035 -12.06591108   6.20242672  -1.5389632
   0.32980445]","[ -0.11340577   0.06462005 -24.3494749   -0.76137093  -1.26788703
  -0.24394149]","[  7.50020217   0.10719813  13.04410589 -95.83343129  -0.66944678
  -0.93586959]","[-13.39597596   0.5812834    2.54478017  36.08981396  -0.9059185
   0.77518238]","[-1.56323333e-01  3.70232159e-02  4.26873067e+01  8.67302205e+00
 -1.31944304e+00  7.05592050e-02]",[-4.17748894  0.61737248 -2.55883698 -8.68951318 -1.30154752 -0.10383223],"[  4.84228902   0.14920693  10.59442067 -49.30124688  -1.27691079
   0.05077961]","[ 5.99397276e-01  8.22626799e-03  1.82279366e+02 -1.07257755e+02
 -9.70655202e-01  7.15298686e-01]",007,FW
900,0,0.6901908507870018,0,[ 0.3593575   0.04847294 26.87079024 -7.65621993 -0.49607916  1.0134673 ],"[ -0.15703953   0.07464429 -21.11974285  -1.31663456  -1.28698225
  -0.19019546]","[  7.53374977   0.0509672    6.67558431 -48.29218174  -1.50007462
  -0.35694858]","[-12.9577956    0.88750961   1.74323064  24.58842629  -1.17308101
   0.48680459]","[-1.33045313e-01  3.78759307e-02  4.17431372e+01  7.55372874e+00
 -1.32377788e+00 -8.89633705e-04]",[-4.57670271  0.65427465 -2.41562932 -9.05561726 -1.30666901 -0.0708877 ],"[  4.94029619   0.15692757  10.06724306 -47.73516253  -1.27946693
   0.10194435]","[ 6.05591622e-01  1.22644848e-02  1.26409949e+02 -7.45528063e+01
 -1.17331500e+00  4.70027642e-01]",007,FW
901,0,0.6901908507870018,0,[ 0.39900611  0.09006023 16.74175529 -4.68006261 -0.99218591  0.69009906],"[ -0.2064171    0.0831824  -18.97871376  -1.91753098  -1.30164699
  -0.13708151]","[ 7.51608029e+00  8.44697059e-02 -1.55649294e+01  1.18987259e+02
 -5.59630856e-01 -9.73542138e-01]","[-12.33644707   1.15115138   1.36256631  18.80922721  -1.27294991
   0.30290701]","[-1.09802860e-01  3.69450875e-02  4.27754214e+01  6.69686362e+00
 -1.32030500e+00 -7.42940589e-02]",[-4.99454138  0.67779455 -2.33249734 -9.64975449 -1.31073204 -0.03611251],"[  5.043958     0.16896208   9.34684577 -45.1450975   -1.2857691
   0.12229284]","[ 6.14306626e-01  1.59974711e-02  9.79494962e+01 -5.81710245e+01
 -1.24761123e+00  3.26173901e-01]",007,FW
902,0,0.6901908507870018,0,[ 0.46686097  0.13285419 11.67590002 -3.45102205 -1.172693    0.46567502],"[ -0.26033648   0.08941969 -17.67194487  -2.60065191  -1.31256661
  -0.08262377]","[  7.44999558   0.15072201 -10.07838393  77.08391576  -1.0620483
  -0.63171003]","[-11.57041087   1.34417518   1.17333346  15.57595017  -1.31530749
   0.16922434]","[-8.76946285e-02  3.42687138e-02  4.60472697e+01  6.03809820e+00
 -1.30786245e+00 -1.53613406e-01]","[-5.42166839e+00  6.85282195e-01 -2.30724568e+00 -1.05091210e+01
 -1.31315455e+00  2.01036942e-03]","[  5.15491354   0.18235862   8.66177229 -42.65068726  -1.29757436
   0.11177126]","[ 6.25266336e-01  1.92706874e-02  8.16829264e+01 -4.90735841e+01
 -1.28043645e+00  2.31999853e-01]",007,FW
903,0,0.6901908507870018,0,[ 0.56134141  0.17300215  9.05676926 -3.0839396  -1.24678666  0.32746423],"[ -0.31709669   0.092583   -17.07664599  -3.41494789  -1.31959543
  -0.02433419]",[ 7.34044669  0.21246916 -7.33905728 55.87195869 -1.22558206 -0.39612214],"[-10.71022571   1.44893055   1.09081774  13.68290421  -1.33148036
   0.05907422]","[-6.77492191e-02  3.00451907e-02  5.23599149e+01  5.54734335e+00
 -1.28248532e+00 -2.44914635e-01]","[ -5.84737311   0.6746185   -2.3433386  -11.70237513  -1.31298875
   0.04427682]","[  5.27282699   0.19359526   8.16341705 -41.04428576  -1.31162049
   0.07427222]","[ 6.38138155e-01  2.19918847e-02  7.17374762e+01 -4.37784207e+01
 -1.29682508e+00  1.63917945e-01]",007,FW
904,0,0.6901908507870018,0,[ 0.6796073   0.20801565  7.567934   -3.14322321 -1.28468641  0.2285632 ],"[ -0.37455786   0.09202259 -17.17896333  -4.43451568  -1.32155445
   0.04070304]",[ 7.19398797  0.26391102 -5.95800888 44.86184419 -1.28168203 -0.25557369],[-9.81379994  1.45753782  1.08454068 12.64346522 -1.33163335 -0.04179202],"[-5.08304273e-02  2.46140848e-02  6.35350424e+01  5.22951336e+00
 -1.23446071e+00 -3.58280811e-01]","[ -6.26011224   0.64488154  -2.45013625 -13.33812793  -1.30916766
   0.0909499 ]","[ 5.39524672e+00  1.99050639e-01  7.94288896e+00 -4.08538456e+01
 -1.32263618e+00  1.50993353e-02]","[ 6.52543999e-01  2.40952577e-02  6.55547659e+01 -4.07773691e+01
 -1.30592252e+00  1.10000769e-01]",007,FW
905,0,0.5965810671305671,0,[ 0.81753972  0.23561938  6.69818258 -3.47603033 -1.30603387  0.14830434],"[ -0.43025297   0.08731531 -18.08711013  -5.78203278  -1.31599098
   0.11646925]",[ 7.0180715   0.30345845 -5.19882238 38.48570722 -1.30295598 -0.16287762],[-8.94071319  1.37201274  1.15034368 12.28489291 -1.31754937 -0.14347959],"[-3.75640331e-02  1.84276243e-02  8.38017627e+01  5.14793219e+00
 -1.13901615e+00 -5.13563481e-01]","[ -6.64837205   0.59685191  -2.64473372 -15.58317373  -1.30063274
   0.14209224]","[  5.51774434   0.19571917   8.07545512 -42.5582968   -1.32551139
  -0.06228475]","[ 6.68066428e-01  2.55222108e-02  6.19305301e+01 -3.93737080e+01
 -1.31144752e+00  6.29466109e-02]",007,FW
906,0,0.5965810671305671,0,[ 0.96984479  0.25389583  6.22418574 -4.03649412 -1.31716333  0.0777147 ],"[ -0.48155172   0.07836153 -20.10196086  -7.6801339   -1.29780518
   0.2097941 ]",[ 6.82025717  0.33125666 -4.76931294 34.52794077 -1.30979586 -0.0979911 ],[-8.14593601  1.20428656  1.305644   12.63569249 -1.28483866 -0.25500162],"[-2.82967482e-02  1.20228198e-02  1.24074370e+02  5.51090122e+00
 -9.18400320e-01 -7.54201976e-01]","[ -7.00172851   0.5331809   -2.95597276 -18.69691871  -1.28625403
   0.19785483]","[  5.63442185   0.18183245   8.67647432 -46.88691651  -1.3146664
  -0.15881862]","[ 6.84252051e-01  2.62134150e-02  6.03152216e+01 -3.92708141e+01
 -1.31453398e+00  1.78583990e-02]",007,FW
907,0,0.4279014652445531,0,[ 1.13034196  0.26164327  6.04280025 -4.83043066 -1.32064366  0.01276916],"[ -0.52587165   0.06545701 -23.92255126 -10.58019141  -1.25437785
   0.33409194]",[ 6.60740819  0.34881809 -4.53175196 31.94313502 -1.30922014 -0.05345881],[-7.47338828  0.97619465  1.59905882 13.95038744 -1.22219656 -0.38530471],"[-2.30925921e-02  6.13052077e-03  2.03756874e+02  6.70527438e+00
 -4.00153181e-01 -1.05729200e+00]","[ -7.31191707   0.4581885   -3.43194304 -23.0940829   -1.26465766
   0.25853447]","[  5.73872176   0.15719777   9.98872219 -55.32249742  -1.27992382
  -0.28258416]","[ 7.00617276e-01  2.61175772e-02  6.05340488e+01 -4.04112004e+01
 -1.31491238e+00 -2.83611545e-02]",007,FW
908,0,0.4279014652445531,0,[ 1.29243099  0.25862584  6.11222762 -5.89963236 -1.31789411 -0.0487345 ],"[ -0.56092228   0.04935636 -31.25101838 -15.52939247  -1.14865171
   0.51790675]","[ 6.38499143e+00  3.58857949e-01 -4.40575504e+00  3.01307082e+01
 -1.30494699e+00 -2.73129783e-02]",[-6.95007183  0.71852813  2.14342931 16.89698769 -1.10916613 -0.54376161],"[-2.17673912e-02  3.53940359e-03 -1.43347932e+02 -1.12031052e+00
 -1.35197434e+00 -3.98400373e-01]","[ -7.57371976   0.37738707  -4.1535092  -29.45751468  -1.2341631
   0.32424508]","[  5.82437899   0.12328149  12.58719719 -71.3126069   -1.194008
  -0.45477341]","[ 7.16661870e-01  2.52134573e-02  6.26782156e+01 -4.29190872e+01
 -1.31170977e+00 -7.74435153e-02]",007,FW
909,0,0.4279014652445531,0,[ 1.4496584   0.24559494  6.4316301  -7.32366663 -1.30967949 -0.10858987],"[-5.84956782e-01  3.14384677e-02 -4.65535739e+01 -2.52318288e+01
 -8.52355788e-01  8.16992954e-01]","[ 6.15666683e+00  3.64773455e-01 -4.33446790e+00  2.86858748e+01
 -1.30025186e+00 -1.78207564e-02]",[-6.58197422  0.46751121  3.21282804 23.14675134 -0.91316167 -0.73988847],"[-2.39560527e-02  6.98259060e-03 -2.06584205e+02 -2.94894211e+00
 -8.35863339e-01 -8.31055284e-01]","[ -7.78552948   0.29685913  -5.25814804 -38.93746661  -1.19326102
   0.39385888]","[ 5.88633628e+00  8.32480702e-02  1.79763245e+01 -1.03814691e+02
 -9.66431975e-01 -7.22629912e-01]","[ 7.31892907e-01  2.35320573e-02  6.70963373e+01 -4.71073334e+01
 -1.30391055e+00 -1.30484464e-01]",007,FW
910,0,0.692571888934682,0,[ 1.59625829  0.22410506  7.03878557 -9.23571983 -1.29609327 -0.16882729],"[-5.96991355e-01  1.50654292e-02 -6.33493179e+01 -3.58189951e+01
 -5.53317995e-01  8.72769892e-01]","[ 5.92436995e+00  3.69551543e-01 -4.27840739e+00  2.73468682e+01
 -1.29800317e+00 -1.92413661e-02]",[-6.35304888  0.25800987  5.56168804 37.33367597 -0.59746262 -0.9765778 ],"[-2.91992980e-02  1.10469176e-02 -1.39798037e+02 -2.08200454e+00
 -1.16570787e+00 -5.02052892e-01]","[ -7.94951785   0.22258765  -6.97837801 -53.4747406   -1.14276532
   0.46224866]","[ 5.92145497e+00  4.32252881e-02  2.81054781e+01 -1.64425323e+02
 -4.26553771e-01 -1.02156174e+00]","[ 7.45856852e-01  2.11661950e-02  7.44821406e+01 -5.35530149e+01
 -1.29029072e+00 -1.88860107e-01]",007,FW
911,0,0.692571888934682,0,"[  1.72755551   0.19621603   8.02241843 -11.85917318  -1.27633807
  -0.23231188]","[-5.96945424e-01  1.51585136e-02  7.07110225e+01  4.42106214e+01
 -5.44662808e-01  8.79878001e-01]","[ 5.68896637e+00  3.74476485e-01 -4.22211279e+00  2.60194577e+01
 -1.29969007e+00 -2.12750591e-02]",[-6.22787     0.11500805 11.88283238 76.0047353  -0.22181939 -1.20223649],"[-3.70324119e-02  1.45957862e-02 -1.07347593e+02 -1.97534028e+00
 -1.25091032e+00 -3.26263094e-01]","[ -8.07139036   0.15982078  -9.68071471 -76.13682737  -1.09216512
   0.51317285]","[ 5.92889858e+00  2.84970832e-02 -2.27110948e+01  1.36651777e+02
 -1.11715533e+00 -5.16222628e-01]","[ 7.58173642e-01  1.82641100e-02  8.61067467e+01 -6.32838657e+01
 -1.26875044e+00 -2.55106297e-01]",007,FW
912,0,0.7263569097316441,0,"[  1.84018367   0.16417652   9.55735392 -15.58728659  -1.24785892
  -0.30374906]","[-5.85666119e-01  2.90324964e-02  5.15210262e+01  3.21741195e+01
 -1.00608668e+00  7.01354818e-01]","[ 5.45130568e+00  3.78439332e-01 -4.17798185e+00  2.47754562e+01
 -1.30466052e+00 -1.34591382e-02]","[-6.15739373e+00  5.90646482e-02  2.52488081e+01  1.57466853e+02
 -5.73190373e-01  1.62232168e-01]","[-4.70598972e-02  1.76497971e-02 -8.91751538e+01 -2.19657357e+00
 -1.27380536e+00 -2.35836434e-01]","[  -8.15976485    0.11260638  -13.76152262 -110.29078853   -1.07190447
    0.501762  ]","[ 5.91015450e+00  5.66253283e-02 -2.56711396e+01  1.53720401e+02
 -8.78120088e-01 -8.04216759e-01]","[ 7.68565528e-01  1.50126352e-02  1.04345819e+02 -7.81965994e+01
 -1.23498567e+00 -3.33870383e-01]",007,FW
913,0,0.7263569097316441,0,"[  1.93212176   0.13014987  11.99260361 -21.17117037  -1.20400433
  -0.39173627]",[-0.56482511  0.04183948 37.24678925 23.03792187 -1.24518909  0.39515168],"[ 5.21331069e+00  3.78372894e-01 -4.17871135e+00  2.37849205e+01
 -1.31036477e+00  9.92211386e-03]",[-6.08640305  0.12050312 11.41703239 71.48866081 -0.28935385  1.16548928],"[-5.90023482e-02  2.03999496e-02 -7.72796673e+01 -2.55968184e+00
 -1.27904954e+00 -1.90832067e-01]","[-8.22524864e+00  8.37340242e-02 -1.87145200e+01 -1.51931580e+02
 -1.12318209e+00  3.32442458e-01]","[ 5.86874072e+00  8.67466611e-02 -1.78673855e+01  1.06859053e+02
 -1.21123086e+00 -4.57092231e-01]","[ 7.76875031e-01  1.16173140e-02  1.33939843e+02 -1.02054520e+02
 -1.17964013e+00 -4.33785898e-01]",007,FW
914,0,0.7263569097316441,0,"[  2.00257005   0.09602093  16.09084923 -30.22305282  -1.12678403
  -0.51403247]",[-0.53670284  0.05102794 30.86716104 18.56649295 -1.31486003  0.20653027],[ 4.97872461  0.37051388 -4.26648337 23.24164577 -1.31363955  0.04956206],[-5.9609829   0.25919199  5.59268152 35.33787892 -0.66218222  0.93205443],"[-7.27050766e-02  2.30474139e-02 -6.84466504e+01 -2.97641896e+00
 -1.28063424e+00 -1.69253987e-01]","[-8.27931953e+00  7.47847490e-02 -2.11159685e+01 -1.72825850e+02
 -1.17968337e+00 -2.97361369e-02]","[  5.80969912   0.10929807 -14.38901839  85.5958674   -1.30635156
  -0.24379039]","[ 7.83069258e-01  8.28377182e-03  1.85391275e+02 -1.43174209e+02
 -1.07971849e+00 -5.72548588e-01]",007,FW
915,0,0.7263569097316441,0,"[  2.05170349   0.06335275  23.7631775  -46.75499427  -0.95777631
  -0.71115664]",[-0.5039015   0.05604617 28.194573   16.20728755 -1.33304011  0.07524238],[ 4.75328923  0.35167601 -4.49182689 23.35095237 -1.31168097  0.10484975],[-5.73474508  0.45835849  3.29171066 20.87712149 -0.93873248  0.71326816],"[-8.81041061e-02  2.57076442e-02 -6.13860741e+01 -3.40836518e+00
 -1.28403552e+00 -1.55340684e-01]","[-8.33314221e+00  8.46712736e-02 -1.85154629e+01 -1.52291986e+02
 -1.15478785e+00 -3.27635659e-01]","[  5.73900675   0.12230497 -12.91565255  76.12301712  -1.33491849
  -0.09679978]","[ 7.87230140e-01  5.20533355e-03  2.85351407e+02 -2.22637228e+02
 -8.66349611e-01 -7.89257947e-01]",007,FW
916,0,0.7263569097316441,0,"[ 2.08036076e+00  3.39311957e-02  3.94640096e+01 -8.00993769e+01
 -5.08774442e-01 -1.02225606e+00]","[-4.69045455e-01  5.70180379e-02  2.77264550e+01  1.50049677e+01
 -1.33031245e+00 -2.74121352e-02]",[ 4.54436679  0.31994782 -4.9286861  24.39775741 -1.30110431  0.17816053],[-5.37331093  0.6999197   2.20178282 13.8308637  -1.10364837  0.54132789],"[-1.05154570e-01  2.83436460e-02 -5.56998723e+01 -3.85709612e+00
 -1.29108473e+00 -1.37602736e-01]","[-8.39646045e+00  1.09061436e-01 -1.42970175e+01 -1.18044342e+02
 -1.15326514e+00 -4.16077696e-01]","[ 5.66301571e+00  1.25348916e-01 -1.26116681e+01  7.34200745e+01
 -1.33783931e+00  2.38557357e-02]","[ 7.89531374e-01  2.59781970e-03  4.90598431e+02 -3.85342853e+02
 -3.75291259e-01 -1.08736169e+00]",007,FW
917,0,0.7263569097316441,0,[ 2.08972841  0.01674137 -3.76993389  9.87813797 -1.72253915 -0.25569083],[-0.43452368  0.05448245 28.98777194 14.59587335 -1.31614253 -0.1151185 ],[ 4.36022927  0.27480727 -5.71553905 26.92106062 -1.27401492  0.2789238 ],[-4.85725372  0.95938804  1.62508293  9.8934401  -1.20139231  0.40589083],"[-1.23739839e-01  3.07490031e-02 -5.13707898e+01 -4.35661327e+00
 -1.30102816e+00 -1.09479755e-01]","[ -8.47669237   0.14275415 -10.93925486 -90.72869817  -1.19249164
  -0.38837918]","[  5.58796894   0.11884784 -13.28031673  76.20999739  -1.32321689
   0.14030352]","[ 7.90204468e-01  1.30361905e-03 -2.58844710e+02  2.06540246e+02
 -1.58793302e+00 -2.86140909e-01]",007,FW
918,0,0.7263569097316441,0,"[ 2.08107746e+00  3.20731688e-02 -4.30769901e+01  9.16465530e+01
 -6.49968538e-01 -9.41759812e-01]",[-0.4023085   0.04922619 32.01729605 14.88083044 -1.29365138 -0.19589986],[ 4.20929493  0.21703203 -7.16511926 32.16010019 -1.20605961  0.4309974 ],[-4.18387361  1.20916636  1.29812091  7.43117381 -1.26088461  0.29440827],"[-1.43591491e-01  3.25946027e-02 -4.84895171e+01 -4.96268208e+00
 -1.31114048e+00 -6.92299055e-02]","[ -8.57833191   0.18061044  -8.68015839 -72.46127964  -1.23855898
  -0.32070723]","[  5.51959951   0.10388844 -15.12250608  85.47017721  -1.28587676
   0.27097284]","[ 7.89499390e-01  2.46143596e-03 -5.82836040e+02  4.62148698e+02
 -8.24558177e-01 -8.36803402e-01]",007,FW
919,0,0.7900801260845882,0,"[ 2.05560134e+00  5.56027437e-02 -2.74289860e+01  5.83830604e+01
 -1.06302090e+00 -6.15120546e-01]",[-0.37386516  0.04212225 37.29808586 15.94445465 -1.26279898 -0.27703945],"[  4.09947185   0.14904726 -10.09175617  43.37087029  -1.00603463
   0.68934355]",[-3.36779943  1.42152649  1.10862612  5.73363039 -1.29740374  0.1976383 ],"[-1.64250032e-01  3.35271018e-02 -4.71573323e+01 -5.74559333e+00
 -1.31798745e+00 -1.85346365e-02]","[ -8.70272361   0.21763782  -7.22921735 -60.91388055  -1.27538001
  -0.24402482]","[ 5.46281302e+00  8.21464482e-02 -1.89092682e+01  1.05297797e+02
 -1.20197107e+00  4.42954114e-01]","[ 7.87648558e-01  3.92932739e-03 -3.92850572e+02  3.11428186e+02
 -1.15859824e+00 -5.07844952e-01]",007,FW
920,0,0.7900801260845882,0,"[  2.01437472   0.07894393 -19.71861448  41.72067856  -1.19335812
  -0.42508621]","[-3.50153626e-01  3.39755333e-02  4.60045127e+01  1.81086469e+01
 -1.21884866e+00 -3.69764034e-01]","[  4.03758479   0.07893643 -15.25443158  63.59106085  -0.48200053
   0.97164789]",[-2.43990671  1.57186037  1.00485132  4.45174348 -1.31850203  0.10912811],"[-1.85082919e-01  3.32830562e-02 -4.74981687e+01 -6.79109971e+00
 -1.31881965e+00  3.93676700e-02]","[ -8.8482197    0.24939264  -6.32486843 -53.96382544  -1.30006955
  -0.16907489]","[ 5.42144398e+00  5.59071023e-02 -2.68167458e+01  1.47385485e+02
 -9.81748842e-01  7.10228716e-01]","[ 7.84843640e-01  5.22970274e-03 -2.99400794e+02  2.36982809e+02
 -1.24084940e+00 -3.39077150e-01]",007,FW
921,0,0.7900801260845882,0,"[  1.9584233    0.10112463 -15.50737063  32.36999596  -1.24593007
  -0.31409491]","[-3.31711651e-01  2.54082374e-02  6.08930044e+01  2.21989190e+01
 -1.14322778e+00 -4.97503604e-01]","[  4.02879288   0.06136681  11.98662607 -46.29163376  -0.87844639
   0.6748658 ]",[-1.44418379  1.64200369  0.96281956  3.39048839 -1.32743537  0.02440565],"[-2.05358104e-01  3.17758544e-02 -4.97160174e+01 -8.20958704e+00
 -1.31221175e+00  1.01085362e-01]","[ -9.01066055   0.27243541  -5.79885871 -50.25154741  -1.3142145
  -0.09883624]","[ 5.39807860e+00  2.92208337e-02 -4.12305608e+01  2.24565808e+02
 -4.49423032e-01  9.98453022e-01]","[ 7.81231204e-01  6.37477139e-03 -2.46759477e+02  1.94776204e+02
 -1.26952266e+00 -2.49726875e-01]",007,FW
922,0,0.7900801260845882,0,"[  1.88887492   0.12161566 -12.94046877  26.4429269   -1.27358185
  -0.23835476]","[-3.18787020e-01  1.68478017e-02  8.91933407e+01  3.04336793e+01
 -9.63516692e-01 -7.13250427e-01]","[  4.07600614   0.13208685  10.89165159 -42.39443869  -0.76808811
   0.87577048]",[-0.43306167  1.62264784  0.97405895  2.42182759 -1.32549341 -0.06034494],"[-2.24354324e-01  2.91276801e-02 -5.41633557e+01 -1.01517831e+01
 -1.29793960e+00  1.63480872e-01]","[-9.18406778e+00  2.84583811e-01 -5.55525838e+00 -4.90198695e+01
 -1.32019486e+00 -3.30917561e-02]","[ 5.39394480e+00  2.09898219e-02  3.35552524e+01 -1.78995180e+02
 -9.81102625e-01  6.02930200e-01]","[ 7.76926925e-01  7.38349883e-03 -2.13513188e+02  1.67884144e+02
 -1.28676794e+00 -1.90110458e-01]",007,FW
923,0,0.7900801260845882,0,"[  1.80713923   0.13973572 -11.28562507  22.39469586  -1.29108577
  -0.17873411]","[-3.11467314e-01  8.86155377e-03  1.43799319e+02  4.67887877e+01
 -4.69837755e-01 -1.01639067e+00]","[  4.17944178   0.21638466   7.09115433 -27.6370667   -1.10574256
   0.56708693]",[ 0.53762796  1.51361065  1.04256582  1.43948747 -1.31255416 -0.1509461 ],"[-2.41479180e-01  2.56462019e-02 -6.14017221e+01 -1.28272375e+01
 -1.27682943e+00  2.22898904e-01]","[-9.36141583e+00  2.84906893e-01 -5.54905682e+00 -4.99470283e+01
 -1.31985829e+00  3.00096861e-02]","[ 5.40884670e+00  4.31765604e-02  3.35533678e+01 -1.79485023e+02
 -8.36404579e-01  8.31910617e-01]","[ 7.72041975e-01  8.22881055e-03 -1.91848592e+02  1.50115166e+02
 -1.30137176e+00 -1.37390725e-01]",007,FW
924,0,0.7900801260845882,0,"[  1.7150669    0.15461368 -10.21300492  19.51598669  -1.30326755
  -0.126096  ]","[-3.09759554e-01  5.53331917e-03 -8.93229660e+01 -2.56686421e+01
 -1.30224266e+00 -4.51468931e-01]","[  4.3364786    0.29679202   5.26085329 -20.81357771  -1.22552454
   0.38107656]",[ 1.41306641  1.32173479  1.18937353  0.31933622 -1.28389543 -0.25947372],"[-2.56368630e-01  2.17685256e-02 -7.21961078e+01 -1.65088172e+01
 -1.25137904e+00  2.72812392e-01]","[ -9.53535626   0.27353042  -5.77615565 -53.0777019   -1.3139736
   0.0935049 ]","[ 5.44109724e+00  6.74979016e-02  2.28892328e+01 -1.22542541e+02
 -1.18148610e+00  4.93309411e-01]","[ 7.66712049e-01  8.83955662e-03 -1.78769156e+02  1.39064466e+02
 -1.31391539e+00 -8.13233893e-02]",007,FW
925,0,0.6627211279069074,0,[ 1.61507459  0.16524296 -9.56396786 17.44652145 -1.31199711 -0.07520121],"[-3.13604085e-01  1.17251277e-02 -1.20983533e+02 -3.59409302e+01
 -7.19093739e-01 -9.06778661e-01]","[  4.54187794   0.36747923   4.27801841 -17.43023742  -1.27499325
   0.26130112]",[ 2.14276274  1.05820687  1.4717429  -1.15359585 -1.21857978 -0.41163067],"[-2.68954925e-01  1.80021966e-02 -8.72039347e+01 -2.14539277e+01
 -1.22775299e+00  2.98642325e-01]","[ -9.69881542   0.25137872  -6.27615536 -58.87127239  -1.30176206
   0.16173876]","[ 5.48746345e+00  8.65814841e-02  1.81409368e+01 -9.75477276e+01
 -1.30099895e+00  2.70327437e-01]","[ 7.61120300e-01  9.11994236e-03 -1.73359510e+02  1.33947442e+02
 -1.32296829e+00 -1.65834861e-02]",007,FW
926,0,0.5584097546864502,0,[ 1.51023054  0.17054769 -9.27032017 16.00032062 -1.31792543 -0.02179311],"[-3.22839866e-01  1.96272183e-02 -7.79931188e+01 -2.31792880e+01
 -1.09077812e+00 -5.85865892e-01]","[  4.78832728   0.42528739   3.7081188  -15.75568642  -1.29715519
   0.17721296]",[ 2.68282141  0.73907217  2.04499138 -3.48634665 -1.03404414 -0.66201888],"[-2.79501777e-01  1.48856629e-02 -1.05612296e+02 -2.75188243e+01
 -1.21729733e+00  2.69247080e-01]","[ -9.84545456   0.21996807  -7.15323435 -68.42684383  -1.2798989
   0.24103293]","[  5.54326011   0.09747124  16.20432743 -87.8248019   -1.34698926
   0.0970579 ]","[ 7.55509306e-01  8.97052750e-03 -1.76189410e+02  1.35112739e+02
 -1.32604869e+00  6.25426745e-02]",007,FW
927,0,0.6334931900846145,0,[ 1.40427091  0.16947414 -9.3281669  15.09927344 -1.32028081  0.03861217],"[-3.37155352e-01  2.72101512e-02 -5.73344933e+01 -1.73306313e+01
 -1.21893460e+00 -3.92977255e-01]","[  5.06717567   0.46872854   3.36960272 -15.07436889  -1.30730928
   0.11404606]",[ 2.99765145  0.40170416  3.13454627 -7.39627719 -0.50690075 -0.98103219],"[-2.88607282e-01  1.29735584e-02 -1.21658573e+02 -3.31115502e+01
 -1.22399312e+00  1.38549459e-01]","[ -9.97003218   0.18131078  -8.63477899 -84.08902443  -1.23993568
   0.34136503]","[ 5.60276144e+00  9.85417257e-02  1.60357564e+01 -8.78445175e+01
 -1.35118060e+00 -6.29228503e-02]","[ 7.50180570e-01  8.30594821e-03 -1.89896085e+02  1.44456354e+02
 -1.31696252e+00  1.66513461e-01]",007,FW
928,0,0.6334931900846145,0,[ 1.30151283  0.16115643 -9.80068328 14.75571503 -1.31626614  0.11120515],"[-3.56060861e-01  3.39376601e-02 -4.63026116e+01 -1.44865477e+01
 -1.27104957e+00 -2.70938207e-01]","[  5.36919398   0.49746512   3.17729202 -15.05949717  -1.31157326
   0.06363107]",[ 3.0616553   0.276247   -2.07873319  8.36436448 -1.15668204 -0.52580785],"[-2.97171199e-01  1.28034871e-02 -1.23350701e+02 -3.46562758e+01
 -1.21484323e+00 -9.23818842e-02]","[ -10.06870939    0.13791873  -11.23291225 -111.10092909   -1.16062228
    0.48078974]","[ 5.65996989e+00  8.98250759e-02  1.75204301e+01 -9.71651070e+01
 -1.31386713e+00 -2.26770147e-01]","[ 7.45481231e-01  7.07448302e-03 -2.21495426e+02  1.67120683e+02
 -1.27661285e+00  3.16679916e-01]",007,FW
929,0,0.6334931900846145,0,"[  1.20664635   0.14516785 -10.85351739  15.09635711  -1.2999841
   0.20314654]","[-3.78900805e-01  3.95222487e-02 -3.98913082e+01 -1.31148488e+01
 -1.29448842e+00 -1.86187337e-01]","[  5.68522853   0.51197002   3.08818424 -15.55703316  -1.31232588
   0.02149735]",[ 2.86096067  0.59253906 -2.40166523  8.87106978 -0.72937884 -0.90078532],"[-3.06322770e-01  1.47468551e-02 -1.06433190e+02 -3.06029095e+01
 -1.17324045e+00 -3.04760914e-01]","[-1.01393056e+01  9.28877473e-02 -1.62324582e+01 -1.62585854e+02
 -9.79822027e-01  6.96411134e-01]","[ 5.70961079e+00  7.33143613e-02  2.12528599e+01 -1.19345558e+02
 -1.22405631e+00 -4.05401947e-01]","[ 7.41778562e-01  5.29026601e-03 -2.89647898e+02  2.16854601e+02
 -1.13720134e+00  5.59609722e-01]",007,FW
930,0,0.6334931900846145,0,"[  1.12440608   0.1217831  -12.86284956  16.46306629  -1.25830116
   0.3274944 ]","[ -0.40489552   0.04381137 -36.04472982 -12.59434971  -1.30578309
  -0.12258629]","[ 6.00670560e+00  5.13415755e-01  3.07956356e+00 -1.64980317e+01
 -1.31063470e+00 -1.43898042e-02]",[ 2.39468112  0.98739434 -1.5510486   5.71426681 -1.09385294 -0.5821786 ],"[-3.17310389e-01  1.88508027e-02 -8.27922933e+01 -2.42708548e+01
 -1.15110614e+00 -4.03948653e-01]","[-1.01814776e+01  5.04652564e-02 -2.66825437e+01 -2.69667721e+02
 -5.17130608e-01  1.02146021e+00]","[ 5.74813781e+00  5.26780523e-02  2.90060905e+01 -1.64731006e+02
 -1.05914831e+00 -6.09572441e-01]","[ 7.39424596e-01  3.13081340e-03 -4.32946490e+02  3.22131283e+02
 -6.56545217e-01  9.26139002e-01]",007,FW
931,0,0.6334931900846145,0,"[  1.05916266   0.09216165 -16.74209771  19.73260466  -1.15369075
   0.51345805]","[ -0.43318883   0.04672737 -33.82320311 -12.65183365  -1.31160689
  -0.07057722]","[  6.32603038   0.50364487   3.13886821 -17.85657566  -1.30730799
  -0.04469114]",[ 1.67501151  1.36644328 -1.1418755   3.9126546  -1.21965351 -0.39105177],"[-3.31361335e-01  2.48756508e-02 -6.26943109e+01 -1.87744706e+01
 -1.16689522e+00 -4.10939343e-01]","[-1.01967755e+01  2.31854612e-02 -4.25126102e+00 -4.13491544e+01
 -1.67882488e+00  2.70722618e-01]","[ 5.77450328e+00  3.23887974e-02  4.55277018e+01 -2.60899863e+02
 -7.85888767e-01 -8.45188773e-01]","[ 7.38714650e-01  1.83014540e-03  8.97661508e+01 -6.43115706e+01
 -1.65332617e+00  2.83584783e-01]",007,FW
932,0,0.6334931900846145,0,"[  1.01451435   0.05865709 -24.883503    27.24467091  -0.84905263
   0.82047725]","[-4.62885916e-01  4.82251666e-02 -3.27844368e+01 -1.31754541e+01
 -1.31425812e+00 -2.40810670e-02]","[  6.63695028   0.48508565   3.25823992 -19.62477633  -1.30300269
  -0.06928346]",[ 0.72577575  1.70288372 -0.92282084  2.66976099 -1.2710035  -0.27027828],"[-3.49526852e-01  3.23706973e-02 -4.82935365e+01 -1.48798878e+01
 -1.20117572e+00 -3.71882258e-01]","[-1.01885289e+01  3.79791846e-02  3.64501158e+01  3.73373057e+02
 -7.64527573e-01  8.63332128e-01]","[ 5.79045644e+00  1.65655344e-02  8.55714568e+01 -4.93497794e+02
 -4.40945423e-01 -1.06661509e+00]","[ 7.39844351e-01  3.80104336e-03  3.60799417e+02 -2.64935411e+02
 -6.07440906e-01  9.69682607e-01]",007,FW
933,0,0.5943847427837783,0,"[ 9.92953214e-01  2.82117704e-02 -3.05113608e+01  3.22963537e+01
 -7.13721657e-01  7.61857072e-01]","[-4.93080178e-01  4.82863638e-02 -3.27433364e+01 -1.41450901e+01
 -1.31414671e+00  2.04290779e-02]","[  6.93491463   0.46065415   3.43030003 -21.78883783  -1.29812698
  -0.08699171]",[-0.42041677  1.9828101  -0.79512771  1.66571497 -1.29422446 -0.18638005],"[ -0.37253534   0.04070246 -38.53193485 -12.3545076   -1.23736973
  -0.31437587]","[-1.01615380e+01  6.03490226e-02  2.56241446e+01  2.62380721e+02
 -1.22828296e+00  4.65321741e-01]","[ 5.80026770e+00  8.94265870e-03  1.69722898e+02 -9.82438242e+02
 -6.52503381e-01 -2.45137696e-01]","[ 7.42871469e-01  6.63304575e-03  2.29413647e+02 -1.68424853e+02
 -1.06168080e+00  6.25834440e-01]",007,FW
934,0,0.5943847427837783,0,"[ 9.95648945e-01  3.36583913e-02  3.37359447e+01 -3.15891577e+01
 -4.57363824e-01  9.65336242e-01]","[ -0.52287768   0.046941   -33.67149887 -15.60607513  -1.31115161
   0.06483962]","[  7.21740114   0.43371847   3.64292697 -24.29246524  -1.29312542
  -0.09500428]",[-1.72581793  2.20009001 -0.71774879  0.76129627 -1.30451106 -0.12457688],"[ -0.40068062   0.04910268 -32.03430677 -10.83552588  -1.26822753
  -0.25097608]","[-1.01215953e+01  7.49710902e-02  2.10103194e+01  2.14657951e+02
 -1.34140428e+00  1.94385842e-01]","[ 5.80998441e+00  1.53075748e-02  9.18201783e+01 -5.31473804e+02
 -3.22919290e-01  1.12646995e+00]","[ 7.47690275e-01  9.29703548e-03  1.67720612e+02 -1.23403071e+02
 -1.22932778e+00  3.95178931e-01]",007,FW
935,0,0.5943847427837783,0,"[  1.02237723   0.06592939  22.62386705 -21.13012644  -0.95509987
   0.73462802]","[ -0.55143272   0.04429423 -35.66062927 -17.66443766  -1.30491347
   0.11016768]","[  7.48413939   0.40803473   3.87256126 -26.9827883   -1.28884271
  -0.08927194]",[-3.15120158  2.3549831  -0.67106376 -0.11465717 -1.30820097 -0.07783056],"[ -0.43376712   0.05675821 -27.77719375 -10.04883347  -1.29144628
  -0.18708363]","[-1.00749038e+01  8.01181197e-02  1.97292081e+01  2.00769874e+02
 -1.35755528e+00  3.63639902e-03]","[ 5.82643145e+00  3.31994551e-02  4.34580295e+01 -2.51205230e+02
 -6.14181272e-01  9.62030974e-01]","[ 7.54024317e-01  1.14249169e-02  1.37729172e+02 -1.01851145e+02
 -1.30037302e+00  2.34466776e-01]",007,FW
936,0,0.5943847427837783,0,"[  1.07159549   0.09853976  15.73875922 -14.86558341  -1.1870514
   0.46202994]","[ -0.57799939   0.04054315 -38.92089257 -20.49625233  -1.29481956
   0.15662523]","[  7.7371431    0.38744052   4.07951345 -29.56377931  -1.28619245
  -0.06685922]",[-4.65871614  2.45224437 -0.64467562 -1.00336071 -1.30881562 -0.04184962],"[ -0.47112088   0.06292488 -25.09463072  -9.82260444  -1.30685578
  -0.12513469]","[-1.00274870e+01  7.62523791e-02  2.06840532e+01  2.09409074e+02
 -1.33287906e+00 -1.61965435e-01]","[ 5.85615099e+00  6.02710130e-02  2.49052766e+01 -1.43849060e+02
 -8.97919879e-01  7.48379730e-01]","[ 7.61439435e-01  1.27559417e-02  1.23823749e+02 -9.22842853e+01
 -1.33197104e+00  1.03833822e-01]",007,FW
937,0,0.5943847427837783,0,"[  1.14063424   0.12685036  12.36947186 -12.10904313  -1.26758034
   0.2987    ]","[-6.01986097e-01  3.59739328e-02 -4.38043457e+01 -2.43696071e+01
 -1.28054888e+00  2.03539681e-01]","[ 7.98044655e+00  3.75194929e-01  4.21381882e+00 -3.16281559e+01
 -1.28536855e+00 -2.96576481e-02]",[-6.21330798  2.49802508 -0.63294328 -1.93267155 -1.30860636 -0.01260411],"[ -0.51166071   0.0670306  -23.5792407  -10.06457099  -1.31534996
  -0.06605563]","[-9.98467575e+00  6.48465388e-02  2.41303696e+01  2.42933916e+02
 -1.26736878e+00 -3.39759696e-01]","[ 5.90443798e+00  9.41664758e-02  1.63155326e+01 -9.43340504e+01
 -1.07901946e+00  5.70499302e-01]","[ 7.69375622e-01  1.31136457e-02  1.20550934e+02 -9.07489501e+01
 -1.34062536e+00 -1.78823187e-02]",007,FW
938,0,0.5943847427837783,0,"[  1.22596772   0.14920623  10.56477647 -10.95207489  -1.29973236
   0.18991062]","[-6.22989526e-01  3.09252853e-02 -5.08670437e+01 -2.96896354e+01
 -1.26267868e+00  2.50524261e-01]","[ 8.21946054e+00  3.73123993e-01  4.23743829e+00 -3.28294568e+01
 -1.28599098e+00  1.35393722e-02]",[-7.78263045  2.49660408 -0.6333012  -2.92874923 -1.30856538  0.01431404],"[-5.54013837e-01  6.87325752e-02 -2.30033696e+01 -1.07441851e+01
 -1.31821194e+00 -9.55177298e-03]","[-9.95074700e+00  4.79884480e-02  3.18894653e+01  3.19324001e+02
 -1.11163182e+00 -5.78275769e-01]","[  5.97461877   0.13141187  11.84388925 -68.76272304  -1.18693525
   0.42893597]","[ 7.77194234e-01  1.24184557e-02  1.27065399e+02 -9.67544957e+01
 -1.32819864e+00 -1.47518195e-01]",007,FW
939,0,0.5943847427837783,0,"[  1.32354648   0.1649188    9.57744021 -10.67618731  -1.31258215
   0.11038429]","[-6.40791615e-01  2.57136679e-02 -6.10370685e+01 -3.71120417e+01
 -1.24162409e+00  3.00633337e-01]","[  8.45997724   0.38096608   4.14948534 -33.10455155  -1.28815831
   0.0501192 ]",[-9.3359672   2.44882668 -0.6455713  -4.0270325  -1.30835273  0.04288668],"[ -0.59665146   0.06791653 -23.27598359 -11.88764964  -1.31647269
   0.0458503 ]","[-9.92875754e+00  2.84484666e-02  4.87780109e+01  4.86305044e+02
 -6.70323069e-01 -9.32338996e-01]","[  6.0676912    0.16814997   9.32487909 -54.58048675  -1.25038858
   0.3151051 ]","[ 7.84234215e-01  1.06946997e-02  1.46586988e+02 -1.12958531e+02
 -1.28183675e+00 -3.07955196e-01]",007,FW
940,0,0.3740150385071373,0,"[  1.42916354   0.17397029   9.08656209 -10.98618325  -1.31611801
   0.048566  ]","[-6.55318647e-01  2.05503757e-02 -7.60932188e+01 -4.78653052e+01
 -1.21347010e+00  3.64879150e-01]","[  8.70700512   0.3962805    3.98838399 -32.72687982  -1.29243596
   0.07028788]","[-10.84297883   2.35312366  -0.67161432  -5.28229983  -1.30682662
   0.07574759]","[ -0.63801685   0.06465355 -24.43383082 -13.5891957   -1.31041282
   0.10282245]","[-9.92056678e+00  1.42954659e-02  1.24664836e+01  1.25674583e+02
 -1.66335374e+00 -2.77096857e-01]","[  6.18234661   0.20081901   7.84117592 -46.47686732  -1.28676978
   0.22172804]","[ 7.89868565e-01  8.07696437e-03  1.90158501e+02 -1.48200222e+02
 -1.14646375e+00 -5.43818927e-01]",007,FW
941,0,0.6741826208010672,0,"[ 1.53879882e+00  1.76882416e-01  8.93876055e+00 -1.17549542e+01
 -1.31450899e+00 -9.31930111e-04]","[-6.66578308e-01  1.55090325e-02 -1.00041555e+02 -6.46855304e+01
 -1.16035629e+00  4.67645095e-01]","[  8.96366885   0.41492623   3.80913141 -32.14379253  -1.29881534
   0.07068285]","[-12.27287832   2.20783258  -0.7153803   -6.77977541  -1.30285252
   0.11460081]","[ -0.67662788   0.05914642 -26.67197255 -16.04700028  -1.29901467
   0.16547168]","[-9.92698748e+00  2.61982979e-02 -5.09745999e+01 -5.04024215e+02
 -5.59621363e-01 -9.84903050e-01]","[  6.31527334   0.22659624   6.96576946 -41.99073815  -1.30668144
   0.14325323]","[ 7.93553058e-01  4.88310968e-03  2.84687333e+02 -2.23914503e+02
 -7.07461462e-01 -9.07210129e-01]",007,FW
942,0,0.6741826208010672,0,"[  1.64889658   0.17459463   9.0547561  -12.93035638  -1.31007635
  -0.04057892]","[-6.74602894e-01  1.05895389e-02 -1.43243655e+02 -9.46325844e+01
 -1.02019654e+00  6.56509390e-01]","[  9.23036136   0.43178995   3.66099123 -31.79227198  -1.30638034
   0.05252433]","[-13.59414441   2.01252166  -0.78395545  -8.65720357  -1.29537088
   0.16228272]","[ -0.71115388   0.05169315 -30.4406115  -19.64795896  -1.27887729
   0.24000259]","[-9.94798423e+00  4.70494966e-02 -3.22346842e+01 -3.18670130e+02
 -1.03509013e+00 -6.50383521e-01]","[  6.461602     0.24352809   6.48944705 -39.93222403  -1.3168739
   0.07449215]","[ 7.94863145e-01  2.59866980e-03  3.92701625e+01 -2.92144049e+01
 -1.70856196e+00 -2.52050293e-01]",007,FW
943,0,0.6741826208010672,0,"[  1.75656056   0.16831107   9.39023097 -14.4945094   -1.30442077
  -0.0715774 ]","[-6.79426541e-01  5.92134898e-03 -2.30267281e+02 -1.54449702e+02
 -5.88252452e-01  9.78232228e-01]","[ 9.50427946e+00  4.41489925e-01  3.58121617e+00 -3.20368792e+01
 -1.31352831e+00  1.80806930e-02]","[-14.77453893   1.76747314  -0.89080782 -11.16127483  -1.2816371
   0.22567281]","[ -0.74047626   0.04267713 -36.69522698 -25.17194427  -1.24164282
   0.33649656]","[-9.98285763e+00  6.76341676e-02 -2.29984263e+01 -2.27590016e+02
 -1.19671066e+00 -4.31748475e-01]","[ 6.61538973e+00  2.50409068e-01  6.31392692e+00 -3.97690873e+01
 -1.32095969e+00  1.00120067e-02]","[ 7.93519109e-01  5.06587580e-03 -2.63787058e+02  2.11320072e+02
 -5.38176119e-01 -1.00142222e+00]",007,FW
944,0,0.6741826208010672,0,"[  1.85965618   0.15931727   9.91732737 -16.44281909  -1.29870268
  -0.09467188]","[-6.81105321e-01  2.93219069e-03 -2.22869497e+01 -1.31797600e+01
 -1.70908855e+00  2.57140530e-01]","[ 9.77939868e+00  4.38993746e-01  3.60133187e+00 -3.32188601e+01
 -1.31804477e+00 -3.15127145e-02]","[-15.78122859   1.47282325  -1.06427995 -14.79564518  -1.25231159
   0.31934529]","[-7.63738700e-01  3.25759360e-02 -4.75841661e+01 -3.43418692e+01
 -1.16592235e+00  4.74156850e-01]","[-1.00303798e+01  8.62650605e-02 -1.81910170e+01 -1.80462809e+02
 -1.26000099e+00 -2.98939902e-01]","[  6.77006121   0.24658675   6.41019221 -41.39739359  -1.31985668
  -0.05582731]","[ 7.89400816e-01  9.18709830e-03 -1.64700143e+02  1.32014427e+02
 -1.01607611e+00 -6.67669664e-01]",007,FW
945,0,0.6741826208010672,0,"[  1.95680241   0.14879525  10.61586442 -18.77314905  -1.29382742
  -0.11074942]","[-6.79763718e-01  5.35714377e-03  2.54360386e+02  1.74904962e+02
 -6.39807327e-01  9.42155506e-01]","[ 10.04681387   0.42013639   3.76026038 -35.77863618  -1.31698159
  -0.09767732]","[-16.58095918   1.1296104   -1.3716199  -20.74277359  -1.17661852
   0.47374716]","[-7.80384056e-01  2.19877033e-02 -6.85513061e+01 -5.14963462e+01
 -9.84571415e-01  6.94918449e-01]","[-1.00888730e+01  1.02055581e-01 -1.54378421e+01 -1.53750429e+02
 -1.29014660e+00 -2.06759187e-01]","[  6.91874822   0.23184227   6.81013208 -45.11758917  -1.3122481
  -0.12952846]","[ 7.82552300e-01  1.33303744e-02 -1.16559875e+02  9.32141985e+01
 -1.18963097e+00 -4.44706109e-01]",007,FW
946,0,0.6741826208010672,0,"[  2.04724983   0.13765678  11.47252974 -21.48713454  -1.29048716
  -0.12172278]","[-6.75636452e-01  9.17587592e-03  1.66552699e+02  1.14529074e+02
 -1.10498548e+00  5.87071795e-01]","[ 10.2953147    0.38199747   4.1267689  -40.48638451  -1.30511249
  -0.18685544]","[-17.14041457   0.74570574  -1.99033986 -32.11525029  -0.9361292
   0.75243712]","[-7.90169945e-01  1.18461624e-02 -1.11236576e+02 -8.58957993e+01
 -4.98622452e-01  1.01990984e+00]","[-1.01562490e+01  1.14305614e-01 -1.38116095e+01 -1.38274145e+02
 -1.30629662e+00 -1.34708725e-01]","[  7.0545636    0.20640126   7.62894366 -51.81886826  -1.29330117
  -0.22055134]","[ 7.73175127e-01  1.70897867e-02 -9.17974895e+01  7.29755356e+01
 -1.26057713e+00 -3.03657894e-01]",007,FW
947,0,0.5079123927899676,0,"[  2.13066651   0.12640629  12.49113357 -24.61444     -1.2889034
  -0.13149707]","[-6.69075380e-01  1.25743601e-02  1.24316521e+02  8.51771235e+01
 -1.24780044e+00  3.59274697e-01]","[ 10.51212665   0.32317398   4.84985948 -48.98233714  -1.26814202
  -0.31596561]","[-17.42711812   0.37476311  -2.71945323 -45.39223261  -0.56714145
   0.8570383 ]","[-7.93153708e-01  6.25507513e-03  3.44882287e+01  2.93544665e+01
 -1.65307722e+00  2.77696344e-01]","[-1.02300353e+01  1.22407944e-01 -1.29110858e+01 -1.30080863e+02
 -1.31535001e+00 -7.20998416e-02]","[  7.17092654   0.17109183   9.14617488 -63.58654819  -1.24891564
  -0.34528645]","[ 7.61609315e-01  2.02220411e-02 -7.79174232e+01  6.13426353e+01
 -1.29360271e+00 -2.03667243e-01]",007,FW
948,0,0.5079123927899676,0,"[  2.20687175   0.1150668   13.71747062 -28.27269833  -1.28838503
  -0.14633764]","[-6.60505784e-01  1.52901741e-02  1.02962574e+02  7.00073757e+01
 -1.29079470e+00  2.25867658e-01]","[ 10.68377067   0.24425896   6.30354371 -65.34561537  -1.15529121
  -0.52582024]","[-17.41103387   0.40754832   2.50078468  45.54124686  -0.45421331
   0.95006734]","[-7.89642482e-01  1.22585894e-02  1.14303736e+02  9.22590858e+01
 -7.07856255e-01  9.09728892e-01]","[-1.03073993e+01  1.25816703e-01 -1.25664197e+01 -1.27527105e+02
 -1.31995288e+00 -1.16925256e-02]","[  7.26202372   0.12770172  12.05392063 -85.53585753  -1.13634421
  -0.53583908]","[ 7.48301843e-01  2.25707195e-02 -6.99578842e+01  5.43496136e+01
 -1.30901619e+00 -1.26856398e-01]",007,FW
949,0,0.5079123927899676,0,"[  2.27556243   0.10320607  15.2823581  -32.77596     -1.28683097
  -0.17468716]","[-6.50339829e-01  1.73756670e-02  9.08278272e+01  6.10689536e+01
 -1.29807923e+00  1.50635853e-01]","[ 10.7969639    0.15035927   9.3952329  -99.43999043  -0.7611689
  -0.87722583]","[-17.06650599   0.86946318   1.68185531  30.70339375  -0.81297246
   0.83974047]","[-7.80117902e-01  2.05931306e-02  7.43976059e+01  6.00389043e+01
 -1.10360757e+00  5.75623518e-01]","[-1.03851669e+01  1.24022504e-01 -1.27452689e+01 -1.30361744e+02
 -1.32047621e+00  5.33643021e-02]","[ 7.32340808e+00  7.98062802e-02  1.81530472e+01 -1.30942172e+02
 -8.09403148e-01 -8.48715407e-01]","[ 7.33766092e-01  2.40625020e-02 -6.56854013e+01  5.01977202e+01
 -1.31504434e+00 -6.47335059e-02]",007,FW
950,0,0.5079123927899676,0,"[  2.3360748    0.09006241  17.48073232 -38.83629828  -1.27944351
  -0.22801835]","[-6.38873910e-01  1.90926164e-02  8.27168914e+01  5.48456638e+01
 -1.29054233e+00  1.21342322e-01]","[ 10.83951955   0.07859384   3.13331061 -31.96358163  -1.63945539
  -0.27670677]","[-16.37420139   1.41339417   1.08537001  19.77206716  -1.08276032
   0.57772582]","[-7.65155955e-01  2.84163761e-02  5.49396816e+01  4.40374246e+01
 -1.22202643e+00  3.83551609e-01]","[-1.04598271e+01  1.16533533e-01 -1.35476248e+01 -1.39705813e+02
 -1.31473512e+00  1.32214195e-01]","[ 7.35266832e+00  3.75982292e-02  2.18863912e+01 -1.58923375e+02
 -7.32129542e-01 -7.57450371e-01]","[ 7.18539322e-01  2.46975947e-02 -6.40177401e+01  4.79992636e+01
 -1.31583069e+00 -1.23232593e-02]",007,FW
951,0,0.5079123927899676,0,"[  2.38722718   0.07474892  20.96154978 -48.03998134  -1.25323834
  -0.32530626]","[-6.26201262e-01  2.08502316e-02  7.57306107e+01  4.94226039e+01
 -1.27746736e+00  1.30674535e-01]",[10.80124454  0.1507667  -8.6619458  95.55979475 -0.46761735 -1.03634044],"[-15.32318277   1.97993689   0.78639809  14.0501217   -1.18789054
   0.42446583]","[-7.45361122e-01  3.54164368e-02  4.43664385e+01  3.50690184e+01
 -1.26481029e+00  2.73726230e-01]","[-1.05275075e+01  1.02859770e-01 -1.52942464e+01 -1.59010294e+02
 -1.29451533e+00  2.41395825e-01]","[ 7.35000994e+00  4.29317767e-02 -2.70436648e+01  2.00771205e+02
 -5.30696694e-01 -9.15571617e-01]","[ 7.03145846e-01  2.45285785e-02 -6.44538464e+01  4.73204543e+01
 -1.31355836e+00  3.41441178e-02]",007,FW
952,0,0.5079123927899676,0,"[ 2.42728326e+00  5.65505543e-02  2.72968757e+01 -6.42572496e+01
 -1.16361486e+00 -5.05948195e-01]","[-6.12165212e-01  2.31066429e-02  6.82798100e+01  4.37985244e+01
 -1.26363391e+00  1.65419094e-01]",[10.67480117  0.2849244  -5.27244957 58.28235085 -0.9578964  -0.71739809],"[-13.91340423   2.54265844   0.61644858  10.57689825  -1.23997516
   0.3234789 ]",[-0.72132612  0.0415651  37.91065915 29.34594856 -1.28370469  0.20388811],"[-1.05838935e+01  8.25351499e-02 -1.88492219e+01 -1.97498158e+02
 -1.22800628e+00  4.18303533e-01]","[ 7.31850403e+00  7.86767345e-02 -1.91970881e+01  1.42493966e+02
 -1.07673010e+00 -6.41784029e-01]","[ 6.88070406e-01  2.36373014e-02 -6.68577929e+01  4.80028687e+01
 -1.30906195e+00  7.79441237e-02]",007,FW
953,0,0.4875440228219633,0,"[ 2.45403970e+00  3.56010036e-02  4.04111770e+01 -9.71706327e+01
 -8.25313955e-01 -8.37940227e-01]","[-5.96368286e-01  2.62471585e-02  6.00389764e+01  3.78053415e+01
 -1.25267999e+00  2.05739975e-01]",[10.45648741  0.4291667  -3.60471734 39.69268152 -1.14724511 -0.49700504],"[-12.15879862   3.07489019   0.51162685   8.22076788  -1.27118533
   0.2471311 ]",[-0.69362022  0.04687492 33.66531324 25.35094197 -1.29361795  0.15482152],"[-1.06240710e+01  5.56054913e-02 -2.65546642e+01 -2.80118637e+02
 -9.60803007e-01  7.42283891e-01]","[  7.26379505   0.10838448 -14.43910239 106.88268043  -1.2905872
  -0.32873748]","[ 6.73741873e-01  2.21198302e-02 -7.13936029e+01  5.01008597e+01
 -1.30218955e+00  1.21934970e-01]",007,FW
954,0,0.5971931751044672,0,"[ 2.46501772e+00  1.81214735e-02  2.57291575e+01 -6.14228293e+01
 -1.41072000e+00 -3.71760542e-01]","[-5.78241693e-01  3.04765618e-02  5.16560418e+01  3.18696770e+01
 -1.24843659e+00  2.33657379e-01]",[10.14690986  0.57096185 -2.73920823 29.79449896 -1.2289727  -0.35875099],"[-10.09072812   3.54529621   0.44476638   6.48801658  -1.29240919
   0.18205619]",[-0.66279941  0.05134037 30.76305744 22.38973618 -1.29967761  0.11688679],"[-1.06423135e+01  2.91310966e-02 -2.42976789e+01 -2.56583517e+02
 -1.10596262e+00  4.93953054e-01]","[  7.19322999   0.12607541 -12.52021585  92.06079214  -1.34166435
  -0.12837029]","[ 6.60524244e-01  2.00815792e-02 -7.85530563e+01  5.38861982e+01
 -1.29211546e+00  1.68674447e-01]",007,FW
955,0,0.5971931751044672,0,"[ 2.45775271e+00  3.22658241e-02 -3.89984975e+01  9.78486628e+01
 -4.00836797e-01 -1.06106892e+00]","[-5.57169185e-01  3.57497525e-02  4.40246330e+01  2.65291689e+01
 -1.25323485e+00  2.40090600e-01]",[ 9.75148388  0.70118037 -2.24231044 23.8658541  -1.27170469 -0.25979148],[-7.76081063  3.91864362  0.40299759  5.12758798 -1.30741251  0.12117601],[-0.62942374  0.05492787 28.76883309 20.10778643 -1.30368748  0.08496409],"[-1.06318772e+01  5.01033779e-02  2.35001281e+01  2.51850478e+02
 -2.79841255e-01  1.11662600e+00]","[ 7.11456533e+00  1.31506289e-01 -1.20216036e+01  8.75284841e+01
 -1.33849483e+00  9.96556003e-03]","[ 6.48711334e-01  1.76369918e-02 -8.92914171e+01  5.99243542e+01
 -1.27738079e+00  2.20955252e-01]",007,FW
956,0,0.4763802027214293,0,"[  2.43017545   0.06335061 -23.54411323  59.21632591  -0.91197976
  -0.75767962]",[-0.53264875  0.04173841 37.72927418 22.09645082 -1.26636267  0.22403522],[ 9.28061989  0.81131891 -1.94357104 20.03754401 -1.29648765 -0.18062241],[-5.24168406  4.15997907  0.37995647  3.99161176 -1.31702747  0.06069977],[-0.59406675  0.05759525 27.44534802 18.3043686  -1.30608032  0.05666658],"[-1.05848928e+01  1.09500575e-01  1.33338741e+01  1.43137627e+02
 -7.49010345e-01  8.76426728e-01]","[  7.03451881   0.12732562 -12.40708376  89.27786402  -1.31388617
   0.1017279 ]","[ 6.38523013e-01  1.49078466e-02 -1.05363556e+02  6.92770549e+01
 -1.25527409e+00  2.82836180e-01]",007,FW
957,0,0.4763802027214293,0,"[  2.38104524   0.09761315 -15.80720697  39.63767499  -1.12916788
  -0.52315656]",[-0.50446771  0.04782991 32.96250713 18.62852058 -1.28470661  0.188179  ],[ 8.74942128  0.8938801  -1.76697061 17.45997027 -1.31073248 -0.11222417],"[-2.62456425e+00  4.24110318e+00  3.72798742e-01  2.97843425e+00
 -1.32091096e+00 -1.32691700e-03]",[-0.55730641  0.05933125 26.64708247 16.85058981 -1.3068162   0.03158745],"[-10.49244269   0.18727009   8.11805057  87.17818036  -0.98749203
   0.66160992]","[  6.95745001   0.11818485 -13.35813743  94.93857338  -1.28467271
   0.13834651]","[ 6.30102091e-01  1.20200908e-02 -1.30114346e+02  8.39853214e+01
 -1.21995301e+00  3.61154466e-01]",007,FW
958,0,0.6085915072283823,0,"[  2.31037053   0.13133949 -11.89821469  29.48928457  -1.22691537
  -0.37019879]",[-0.4728621   0.0531724  29.69077396 16.03964177 -1.30421322  0.13561308],[ 8.17676169  0.94344041 -1.67552657 15.70038146 -1.31736812 -0.05051316],[-0.01308504  4.14734411  0.38109037  2.00498658 -1.31829109 -0.0660062 ],"[-5.19696152e-01  6.01952099e-02  2.62665345e+01  1.56506169e+01
 -1.30599720e+00  1.05861145e-02]","[-10.34488705   0.2817756    5.47758457  58.66499367  -1.09822544
   0.53151992]","[ 6.88441947e+00  1.09995187e-01 -1.43638863e+01  1.00887019e+02
 -1.26171995e+00  9.22210989e-02]","[ 6.23511275e-01  9.10315411e-03 -1.70452249e+02  1.08278899e+02
 -1.15786796e+00  4.68031783e-01]",007,FW
959,0,0.7515800998627853,0,[ 2.21973972  0.16142481 -9.74124895 23.62303717 -1.27943821 -0.25502512],[-0.43862582  0.05678436 27.83257688 14.2080868  -1.32070549  0.06828424],"[ 7.58374352e+00  9.57693950e-01 -1.65093396e+00  1.45202597e+01
 -1.31790495e+00  6.13458074e-03]",[ 2.48623913  3.88236955  0.40664538  0.98898234 -1.30808888 -0.13420403],"[-4.81724701e-01  6.03316428e-02  2.62073589e+01  1.46247321e+01
 -1.30416280e+00 -5.18498364e-03]","[-10.13244936   0.39221428   3.96600055  42.18529977  -1.16144881
   0.44229549]","[ 6.81280426e+00  1.09229150e-01 -1.44677930e+01  1.00566242e+02
 -1.23783660e+00 -5.47478454e-02]","[ 6.18730251e-01  6.29395697e-03 -2.42376543e+02  1.51965699e+02
 -1.03473626e+00  6.26617368e-01]",007,FW
960,0,0.7515800998627853,0,[ 2.11247092  0.18488402 -8.53386006 20.02753125 -1.3092575  -0.15799631],"[-4.03133799e-01  5.77255758e-02  2.73880081e+01  1.30410318e+01
 -1.32983211e+00 -1.37842930e-02]",[ 6.99173652  0.93793961 -1.68525737 13.7828755  -1.31353897  0.05820493],[ 4.77541395  3.46944303  0.45411628 -0.16859322 -1.28883371 -0.2068752 ],"[-4.43778732e-01  5.99477664e-02  2.63747781e+01  1.37045656e+01
 -1.30209559e+00 -1.52004603e-02]",[-9.84601656  0.51669479  3.02501494 31.78434714 -1.20306627  0.37392141],"[  6.73653686   0.1217878  -12.92018586  89.03730832  -1.19546642
  -0.24477608]","[ 6.15653872e-01  3.74748032e-03 -3.87761686e+02  2.40726983e+02
 -7.51342145e-01  8.80785921e-01]",007,FW
961,0,0.6347660792522084,0,[ 1.99350575  0.19920268 -7.9336209  17.81571885 -1.32446741 -0.06964346],[-0.36825723  0.05529473 28.56078468 12.51771554 -1.32610594 -0.11360915],[ 6.42036211  0.88875898 -1.7774023  13.4115664  -1.30544492  0.10579907],[ 6.77579476  2.94853631  0.53262614 -1.60896541 -1.25849646 -0.2854713 ],"[-4.06119702e-01  5.92682774e-02  2.66768215e+01  1.28339828e+01
 -1.30035458e+00 -1.98548798e-02]",[-9.47806166  0.65186472  2.40567257 24.80111298 -1.23299013  0.31712511],"[  6.64691486   0.15128303 -10.33665531  70.70686776  -1.15869241
  -0.37394081]","[ 6.14093167e-01  1.70046459e-03 -6.47680431e+02  3.99736127e+02
 -2.91206241e-01  1.08750457e+00]",007,FW
962,0,0.6347660792522084,0,"[ 1.86903161e+00  2.02741167e-01 -7.79809522e+00  1.65748864e+01
 -1.32815159e+00  1.57117386e-02]",[-0.33617457  0.04920125 31.97392706 12.74882121 -1.29962075 -0.23996702],[ 5.88582665  0.81701385 -1.93177568 13.3700968  -1.29473397  0.14900556],[ 8.43595681  2.36976792  0.65948619 -3.56339705 -1.21374691 -0.37287206],"[-3.68879267e-01  5.84963381e-02  2.70288474e+01  1.19703814e+01
 -1.29904640e+00 -2.00013543e-02]",[-9.02357791  0.79290648  1.98252927 19.88950735 -1.25556857  0.2672786 ],[ 6.53382686  0.19829606 -7.86428363 53.38386756 -1.15667567 -0.41376927],"[ 6.13782116e-01  1.07270975e-03  8.04337967e+02 -4.91688259e+02
 -9.57708510e-01  5.40860545e-01]",007,FW
963,0,0.6347660792522084,0,[ 1.74588961  0.19499909 -8.10078736 16.1430805  -1.32083116  0.10285022],[-0.30910949  0.03967158 39.23866256 14.12904309 -1.22452424 -0.4143795 ],[ 5.39987855  0.73057171 -2.15807042 13.6533182  -1.28232816  0.18793066],[ 9.73519052  1.78492665  0.86894876 -6.45938174 -1.14755305 -0.47513848],"[-3.32069903e-01  5.78005149e-02  2.73545157e+01  1.10836114e+01
 -1.29799545e+00 -1.63021378e-02]",[-8.48090265  0.93379776  1.68646873 16.30277712 -1.27291447  0.22196629],[ 6.38715275  0.26102868 -5.98011312 40.19589592 -1.18029073 -0.39641757],"[ 6.14392945e-01  1.85863097e-03  8.13822082e+02 -4.98006546e+02
 -1.18326379e+00  5.74694512e-01]",007,FW
964,0,0.6347660792522084,0,[ 1.6308834   0.17666318 -8.92030859 16.5479832  -1.30052957  0.19770696],"[-2.89049061e-01  2.75179934e-02  5.46746024e+01  1.78036425e+01
 -1.01142922e+00 -6.86477831e-01]",[ 4.96945882  0.63717807 -2.47157366 14.28238352 -1.26896855  0.22242692],"[ 10.68241481   1.23972088   1.23492865 -11.19202012  -1.04297222
  -0.60468565]","[-2.95601356e-01  5.73241034e-02  2.75822455e+01  1.01533492e+01
 -1.29700609e+00 -9.00835714e-03]",[-7.85230745  1.06779571  1.47686598 13.59680577 -1.28617333  0.17989544],[ 6.1980447   0.33612726 -4.6559121  30.85755132 -1.21081171 -0.35423402],"[ 6.15559343e-01  2.36091497e-03  6.67373048e+02 -4.08807715e+02
 -1.40682896e+00  1.45825226e-01]",007,FW
965,0,0.6347660792522084,0,"[  1.53012394   0.14944511 -10.49331659  18.05607497  -1.26045789
   0.31026385]","[-2.77500414e-01  1.46553436e-02  8.34154105e+01  2.51478110e+01
 -4.68994365e-01 -9.91903824e-01]",[ 4.59698415  0.5436379  -2.89359259 15.30179928 -1.25552047  0.25190003],"[ 11.31118651   0.76895665   1.93815247 -19.92280406  -0.85578207
  -0.78699389]","[-2.59294811e-01  5.71980326e-02  2.76431929e+01  9.16773648e+00
 -1.29599162e+00  1.74145525e-03]",[-7.14425831  1.18805248  1.32873917 11.49285583 -1.29606962  0.14033253],[ 5.95984079  0.41941278 -3.74126754 24.29735892 -1.23800827 -0.30541538],"[ 6.16903133e-01  2.32800898e-03  6.75779813e+02 -4.14890684e+02
 -1.38617516e+00 -1.97889794e-01]",007,FW
966,0,0.6347660792522084,0,"[  1.44850858   0.11580759 -13.39864268  21.4080489   -1.18012812
   0.46047422]","[-2.75324774e-01  1.03473027e-02 -6.38695541e+01 -1.55848705e+01
 -1.04521605e+00 -5.71257558e-01]",[ 4.28116415  0.45519874 -3.45224924 16.77964567 -1.24322988  0.27603526],"[ 11.67206394   0.39622573   3.46693847 -38.46632751  -0.46859809
  -1.06102334]","[-2.22895150e-01  5.75407124e-02  2.74780441e+01  8.12472274e+00
 -1.29502357e+00  1.53587902e-02]",[-6.36730921  1.28823086  1.22631511  9.8083275  -1.30314795  0.10277222],[ 5.66852529  0.50652164 -3.10468694 19.59899641 -1.25915036 -0.25803376],"[ 6.18059777e-01  1.79508563e-03  8.41817596e+02 -5.18293595e+02
 -1.14316339e+00 -6.02420410e-01]",007,FW
967,0,0.6347660792522084,0,"[  1.38936989   0.07878635 -19.1365234   28.58770936  -0.99145834
   0.69094304]","[-2.82657772e-01  2.14636168e-02 -6.71820113e+01 -1.69895177e+01
 -8.10204866e-01 -8.49156710e-01]",[ 4.01820022  0.37503033 -4.18615042 18.82079053 -1.23300219  0.29693299],"[ 11.82395138   0.15070409   4.50178533 -51.22889083  -0.7418983
  -0.80504827]",[-0.18608925  0.0584389  27.05425569  7.03450613 -1.29435996  0.03029173],[-5.53565651  1.36300461  1.15961076  8.41920687 -1.30785044  0.06674146],[ 5.32284096  0.59325422 -2.65525617 16.1335063  -1.27496437 -0.21454783],"[ 6.18700563e-01  1.00620057e-03  9.76113490e+02 -6.01921966e+02
 -7.46541941e-01 -7.03487903e-01]",007,FW
968,0,0.7542586071463367,0,"[ 1.35428687e+00  4.26095699e-02 -3.09519675e+01  4.39178431e+01
 -4.97542363e-01  1.02206878e+00]","[-2.98905922e-01  3.41296453e-02 -4.51724632e+01 -1.15023168e+01
 -1.15865500e+00 -5.16714532e-01]",[ 3.80311573  0.3039727  -5.15816382 21.61709394 -1.22336526  0.32149328],"[ 11.82596764   0.14673266  -8.85659392 106.73779314  -0.78677885
  -0.77258552]",[-0.14853781  0.05991551 26.38539946  5.91922948 -1.29437091  0.0439886 ],[-4.66642586  1.40839112  1.12255283  7.23830956 -1.31050853  0.03171104],[ 4.92424857  0.67556228 -2.33470341 13.49665991 -1.28703132 -0.17457181],"[ 6.18550893e-01  1.30944289e-03 -7.91751568e+02  4.91738639e+02
 -3.77835995e-01 -1.01115296e+00]",007,FW
969,0,0.7542586071463367,0,[ 1.34303109  0.02170757  7.4760883  -8.04061901 -1.6912063   0.25089176],"[ -0.32280186   0.04479928 -34.99763688  -9.29730239  -1.27505578
  -0.30873343]",[ 3.63091633  0.24091223 -6.49292873 25.57528097 -1.20809069  0.36177854],[11.73090936  0.23184896 -6.70052944 80.60330346 -1.29184278 -0.39872624],[-0.10992057  0.06190194 25.53680181  4.80701976 -1.29529679  0.05366148],"[-3.77877986e+00  1.42193407e+00  1.11195033e+00  6.20181551e+00
 -1.31131517e+00 -2.91434806e-03]",[ 4.47686997  0.74937081 -2.10675989 11.43169008 -1.2965234  -0.13664469],"[ 6.17404116e-01  2.84516642e-03 -5.11357424e+02  3.17714179e+02
 -7.82245794e-01 -8.62441820e-01]",007,FW
970,0,0.7542586071463367,0,"[ 1.35361093e+00  3.97657265e-02  3.54044926e+01 -4.59239081e+01
 -7.82712874e-01  8.62149937e-01]","[ -0.3524996    0.0522828  -30.17066178  -8.63514632  -1.32071601
  -0.16241445]",[ 3.49732544  0.18386879 -8.46404642 31.60152487 -1.17364281  0.43366909],[11.58094997  0.27860404 -5.66547857 67.61162391 -1.34570667 -0.1274103 ],[-0.06998713  0.06423414 24.60879741  3.72229915 -1.29704665  0.0574336 ],[-2.89292588  1.40279091  1.12699582  5.26031538 -1.31030913 -0.03777069],[ 3.98741815  0.8105607  -1.94909775  9.77186776 -1.30384477 -0.09944132],"[ 6.15129886e-01  4.66740278e-03 -3.28174362e+02  2.03869858e+02
 -1.07801143e+00 -5.88266507e-01]",007,FW
971,0,0.7542586071463367,0,"[  1.38239311   0.06287291  24.58542142 -31.98671722  -1.21386517
   0.47522094]","[ -0.38569848   0.0558704  -28.29246212  -8.91235952  -1.33745697
  -0.04066251]","[  3.39897449   0.13130444 -11.71211846  41.80919194  -1.09127138
   0.55943946]","[ 1.14058037e+01  2.93009379e-01 -5.39590282e+00  6.35446082e+01
 -1.32469086e+00 -1.99562951e-03]",[-0.02860349  0.0666767  23.70782722  2.6781266  -1.29929116  0.05488623],[-2.02908314  1.35176367  1.16916358  4.3723301  -1.30737495 -0.07351729],[ 3.46502109  0.85529963 -1.84803601  8.40348374 -1.30889178 -0.06235985],"[ 6.11675371e-01  6.53712641e-03 -2.38248957e+02  1.47731019e+02
 -1.19706389e+00 -4.18594973e-01]",007,FW
972,0,0.7542586071463367,0,"[  1.4243187    0.07863317  20.019333   -26.51391034  -1.33614817
   0.21174731]","[ -0.41979899   0.05519151 -28.62983722 -10.01877668  -1.3354739
   0.0773611 ]","[  3.33313884   0.08302535 -17.89297289  61.63976291  -0.88039855
   0.78160825]","[ 1.12229714e+01  2.90959022e-01 -5.43354073e+00  6.29804721e+01
 -1.30078192e+00  3.97412708e-02]","[ 1.42147316e-02  6.89611210e-02  2.29239744e+01  1.67414186e+00
 -1.30168326e+00  4.66608535e-02]",[-1.20646369  1.2712585   1.24251204  3.49904566 -1.30225194 -0.11087667],[ 2.9208527   0.88058163 -1.79544607  7.24423351 -1.31155658 -0.02538123],"[ 6.07057812e-01  8.32919641e-03 -1.88339344e+02  1.16332870e+02
 -1.25092853e+00 -3.07102166e-01]",007,FW
973,0,0.7542586071463367,0,"[ 1.47324339e+00  8.44267775e-02  1.87205333e+01 -2.55799019e+01
 -1.36566699e+00  8.31327500e-03]","[ -0.45209753   0.0502403  -31.34928414 -12.172934    -1.31142603
   0.20922883]","[ 3.29730533e+00  4.13399990e-02 -2.98435541e+01  1.00403310e+02
 -3.77779858e-01  1.06605813e+00]","[ 1.10392696e+01  2.86760750e-01 -5.51352345e+00  6.28652717e+01
 -1.28238931e+00  1.65247133e-02]",[ 0.05828916  0.07082205 22.32344035  0.69878532 -1.30390408  0.03378006],[-0.44233595  1.16512342  1.35454974  2.59916604 -1.29451036 -0.15078406],[ 2.36756559  0.88462953 -1.78730372  6.23155879 -1.31199793  0.011548  ],"[ 6.01349592e-01  9.96667295e-03 -1.57954490e+02  9.69858682e+01
 -1.27694709e+00 -2.29785667e-01]",007,FW
974,0,0.7542586071463367,0,"[  1.52240413   0.07945652  19.82362413 -28.1795672   -1.34202313
  -0.1950594 ]","[ -0.48001251   0.04142655 -37.67547424 -16.08469892  -1.2449335
   0.37909347]","[ 3.28887915e+00  2.46958716e-02  2.33116061e+01 -7.46690551e+01
 -1.24104271e+00  4.57767961e-01]","[ 1.08530258e+01  2.92036974e-01 -5.41222863e+00  6.07390572e+01
 -1.26600732e+00 -5.98974037e-02]","[ 1.03287656e-01  7.20255400e-02  2.19518835e+01 -2.67358595e-01
 -1.30561550e+00  1.73144535e-02]",[ 0.24875635  1.03833929  1.51806599  1.62237144 -1.28340205 -0.19466554],[ 1.81859484  0.86694389 -1.82343     5.31608038 -1.31044803  0.04906634],"[ 5.94661271e-01  1.14070221e-02 -1.38270546e+02  8.42241388e+01
 -1.29055057e+00 -1.73583657e-01]",007,FW
975,0,0.5297820520270198,0,"[  1.56497768   0.06426285  24.09559745 -35.70907209  -1.22763732
  -0.45700581]","[-5.01315975e-01  2.96422794e-02 -5.12149938e+01 -2.36748945e+01
 -1.06369601e+00  6.33477615e-01]","[ 3.30515065e+00  4.99576336e-02  2.89160919e+01 -9.35720402e+01
 -8.18931968e-01  8.41304515e-01]",[10.6568125   0.31473912 -5.0139709  55.43294772 -1.25119416 -0.15469378],"[ 1.48750649e-01  7.23912789e-02  2.18414791e+01 -1.24893418e+00
 -1.30652554e+00 -1.68116105e-03]",[ 0.85556191  0.89660629  1.75484595  0.49862066 -1.26748877 -0.24485759],[ 1.28743883  0.82808687 -1.90815405  4.45663161 -1.30681422  0.08851681],"[ 5.87129435e-01  1.26226224e-02 -1.25091582e+02  7.54449501e+01
 -1.29904836e+00 -1.29416624e-01]",007,FW
976,0,0.5297820520270198,0,"[ 1.59466831e+00  4.12808480e-02  3.44226536e+01 -5.28927148e+01
 -8.15595966e-01 -8.43877445e-01]","[-5.14335503e-01  1.66230440e-02 -7.91409406e+01 -3.87049955e+01
 -5.47977902e-01  9.83742432e-01]","[  3.3434079    0.080116    19.23115902 -62.29760896  -1.13679696
   0.52954691]",[10.44086157  0.35656569 -4.41798467 48.12756636 -1.24951764 -0.21612979],[ 0.19412861  0.07180889 22.0177429  -2.27427378 -1.30648001 -0.02224343],[ 1.3704374   0.74591229  2.10350529 -0.88272232 -1.24387242 -0.30534115],[ 0.78701472  0.76945244 -2.05196941  3.61493014 -1.30044146  0.13179273],"[ 5.78912622e-01  1.35809573e-02 -1.16345215e+02  6.93537136e+01
 -1.30551579e+00 -9.03920413e-02]",007,FW
977,0,0.5297820520270198,0,"[  1.60624748   0.02205633  12.50118559 -18.07999781  -1.61637912
  -0.27884386]","[-5.18093062e-01  9.55095302e-03  3.02819286e+01  1.76888571e+01
 -1.57358695e+00  3.13335449e-01]","[  3.4009954    0.10777963  14.51104721 -47.35200483  -1.2352619
   0.35675721]",[10.19704173  0.41102176 -3.83225655 41.07767994 -1.26943771 -0.21717958],[ 0.23882667  0.07024609 22.50505563 -3.3748076  -1.30543271 -0.0435655 ],[ 1.78939674  0.59215815  2.63746212 -2.71946613 -1.20630581 -0.38339174],[ 0.32912559  0.69317276 -2.27488021  2.74872128 -1.28998416  0.1813846 ],"[ 5.70193553e-01  1.42359840e-02 -1.11040736e+02  6.53147117e+01
 -1.31054327e+00 -5.18822590e-02]",007,FW
978,0,0.5297820520270198,0,"[ 1.59597609e+00  4.14532680e-02 -3.13584685e+01  5.20473659e+01
 -4.76212607e-01 -1.02776141e+00]","[-5.12361154e-01  1.91878645e-02  7.31209981e+01  3.94643589e+01
 -7.13621249e-01  9.07761846e-01]","[  3.47523621   0.13179185  11.9355677  -39.4789171   -1.27807947
   0.2481358 ]",[ 9.9225276   0.4650157  -3.3923975  35.6611578  -1.30056017 -0.16593885],[ 0.28225266  0.0677475  23.33073755 -4.58516282 -1.30339219 -0.06494665],[ 2.11191463  0.44089475  3.51139929 -5.41577552 -1.13941394 -0.49372507],[-0.07599435  0.60211102 -2.61346233  1.80139164 -1.27294926  0.24098656],"[ 5.61183279e-01  1.45337542e-02 -1.08787876e+02  6.30499373e+01
 -1.31368291e+00 -1.13180954e-02]",007,FW
979,0,0.5297820520270198,0,"[  1.56185813   0.07741344 -19.44454121  32.36961473  -0.98457602
  -0.69892808]","[-4.97636238e-01  3.18443837e-02  4.81755776e+01  2.59739132e+01
 -1.12612759e+00  5.59144146e-01]","[  3.56329886   0.15130505  10.42556425 -35.14940121  -1.29994697
   0.16768378]",[ 9.62178821  0.5038375  -3.13609325 32.17482511 -1.32446356 -0.08466171],[ 0.32386223  0.0644257  24.52755009 -5.94354697 -1.30045306 -0.08571765],[ 2.34053231  0.29733026  5.09905995 -9.93451456 -0.99751091 -0.66900257],[-0.42009527  0.49982972 -3.13696411  0.6821762  -1.2442205   0.31694586],"[ 5.52122907e-01  1.44246784e-02 -1.09601599e+02  6.25135535e+01
 -1.31439104e+00  3.29791711e-02]",007,FW
980,0,0.5297820520270198,0,"[  1.50370214   0.11425065 -13.57750578  22.41652445  -1.1787125
  -0.46332733]",[-0.47504753  0.04288873 36.49086638 19.33489606 -1.25892621  0.34017493],"[  3.66213049   0.16566233   9.53569399 -32.9209557   -1.3095985
   0.10403425]","[ 9.30602463e+00  5.16992490e-01 -3.05808451e+00  3.04586097e+01
 -1.33029708e+00  5.47563640e-03]",[ 0.36319636  0.06044684 26.13429281 -7.49187999 -1.29680526 -0.10521639],"[  2.48031687   0.16762667   8.36591172 -18.75011201  -0.62695798
  -0.96395501]",[-0.6972672   0.39049703 -3.98791355 -0.78064132 -1.19174263  0.42157668],"[ 5.43279987e-01  1.38733543e-02 -1.13902514e+02  6.38809562e+01
 -1.31195042e+00  8.32222966e-02]",007,FW
981,0,0.5297820520270198,0,"[  1.42301675   0.14787981 -10.60236679  17.08734554  -1.25712692
  -0.31423933]",[-0.44623005  0.05117127 30.79624667 15.74221065 -1.30854344  0.19546606],"[  3.7685182    0.1747128    9.04765207 -32.09624148  -1.31200875
   0.05384713]",[ 8.99036989  0.50179766 -3.14870844 30.30805359 -1.31911942  0.08948912],[ 0.3999098   0.05601354 28.19378565 -9.27497112 -1.29268052 -0.12271556],"[  2.53822162   0.07366967   7.24237316 -16.38274814  -1.17684459
  -0.53370442]",[-0.90416366  0.27881782 -5.49870963 -2.97173341 -1.08150113  0.5816444 ],"[ 5.34938697e-01  1.28641564e-02 -1.22700932e+02  6.76374766e+01
 -1.30456858e+00  1.43056528e-01]",007,FW
982,0,0.6037429578751959,0,[ 1.32281246  0.17580504 -8.96095493 13.85366283 -1.29396135 -0.20815956],[-0.41319069  0.05610325 28.16349111 13.63689227 -1.32805715  0.08383405],"[ 3.87927593e+00  1.78841590e-01  8.84075450e+00 -3.22957261e+01
 -1.31122647e+00  1.43854026e-02]",[ 8.69010199  0.46295395 -3.40810049 31.61674084 -1.29890694  0.16010418],"[  0.43378757   0.05134475  30.74813558 -11.33815911  -1.28841376
  -0.13738453]","[  2.52240482   0.10450893 -12.30516438  33.03860596  -0.55508867
  -0.95795841]",[-1.04005323  0.17056533 -8.54075627 -6.88284113 -0.79669892  0.85240937],"[ 5.27385505e-01  1.14057788e-02 -1.38074194e+02  7.48183285e+01
 -1.28813292e+00  2.18402907e-01]",007,FW
983,0,0.6037429578751959,0,[ 1.20738595  0.19613656 -8.05097282 11.72063146 -1.31317932 -0.12312823],"[-3.78186882e-01  5.73589444e-02  2.75624525e+01  1.24237580e+01
 -1.33266252e+00 -1.63239838e-02]","[ 3.99148082e+00  1.78720921e-01  8.84667730e+00 -3.33113428e+01
 -1.30930091e+00 -1.77489961e-02]",[ 8.41737848  0.40897774 -3.85119344 34.41695279 -1.27690565  0.21743035],"[  0.46474363   0.04664835  33.83507823 -13.72463719  -1.28458015
  -0.14870401]",[ 2.44157877  0.18802633 -8.07652031 21.71946055 -1.062185   -0.63219732],"[ -1.10672933   0.07917162 -12.33435869 -11.65079653  -0.49217941
   0.92087266]","[ 5.20893842e-01  9.53526359e-03 -1.64376653e+02  8.76227865e+01
 -1.25337692e+00  3.20314529e-01]",007,FW
984,0,0.6037429578751959,0,[ 1.0821294   0.20730632 -7.62533753 10.25160196 -1.32348291 -0.04576459],[-0.34362303  0.0547962  28.81610879 11.90187875 -1.32497071 -0.12149465],"[  4.10264088   0.17507253   9.02981183 -35.04607512  -1.30657121
  -0.04510555]",[ 8.17956145  0.34831377 -4.51337505 38.91742857 -1.25543169  0.26584003],"[  0.49279788   0.04208409  37.4967143  -16.47830114  -1.28180268
  -0.15743826]",[ 2.30445735  0.26613802 -5.85765763 15.49872217 -1.21863088 -0.4010691 ],[-1.10831662  0.07594115 13.96380841 17.47632088 -0.54893286  0.87424192],"[ 5.15711303e-01  7.31929552e-03 -2.11714084e+02  1.11183346e+02
 -1.17396848e+00  4.73816165e-01]",007,FW
985,0,0.6037429578751959,0,[ 0.95335759  0.20796099 -7.60181173  9.24724492 -1.32681216  0.03416878],[-0.31195506  0.04843428 32.46317942 12.12705296 -1.29670582 -0.25173366],"[  4.21074901   0.16861433   9.37369654 -37.4702834   -1.30301663
  -0.06848162]",[ 7.97923796  0.28743904 -5.45836765 45.55361436 -1.23334016  0.30846834],"[ 5.18034764e-01  3.77266632e-02  4.18177319e+01 -1.96630389e+01
 -1.28015883e+00 -1.66442715e-01]",[ 2.11935096  0.33354759 -4.71072862 11.98368721 -1.26892015 -0.27329767],[-1.05097423  0.14766224 10.10662634 12.62180385 -0.97734506  0.72095566],"[ 5.12051661e-01  4.86427651e-03 -3.06636233e+02  1.59013592e+02
 -9.50109996e-01  7.36922047e-01]",007,FW
986,0,0.6037429578751959,0,[ 0.82809834  0.19708464 -8.01126044  8.63411149 -1.32034762  0.12647119],"[-2.85584817e-01  3.85121349e-02  4.03168636e+01  1.35138841e+01
 -1.21333711e+00 -4.41904711e-01]","[  4.31427439   0.16009326   9.87028064 -40.58309904  -1.29903734
  -0.08763848]",[ 7.81521317  0.23096972 -6.7808823  54.99404071 -1.21093474  0.34241207],"[ 5.40551481e-01  3.35488332e-02  4.70064279e+01 -2.34093942e+01
 -1.27870871e+00 -1.80541864e-01]",[ 1.89394376  0.39018961 -4.03959807  9.65077156 -1.2887396  -0.19471036],[-0.94249673  0.21778042  7.13654988  8.72617493 -1.20964711  0.43473962],"[ 5.10092326e-01  2.47514168e-03 -4.53890296e+02  2.33525957e+02
 -4.75367525e-01  9.46508216e-01]",007,FW
987,0,0.6037429578751959,0,[ 0.71376824  0.17433434 -9.02270764  8.44012218 -1.29492949  0.24399208],"[-2.66731660e-01  2.57360542e-02  5.74143061e+01  1.73142132e+01
 -9.37612593e-01 -7.57556499e-01]","[  4.41211719   0.15021989  10.51656187 -44.40030339  -1.29554622
  -0.10305822]",[ 7.68373552  0.18218604 -8.58920659 67.99719177 -1.19395419  0.35884155],"[ 5.60406641e-01  2.94381431e-02  5.35269167e+01 -2.79968395e+01
 -1.27532983e+00 -2.05841632e-01]",[ 1.63527287  0.43670459 -3.61472655  7.91106425 -1.29801567 -0.1411675 ],[-0.79182489  0.2752378   5.70884781  6.52040781 -1.28113248  0.26946409],"[ 5.09975234e-01  2.23741832e-03  4.00139363e+02 -2.02061165e+02
 -6.16758209e-01  8.33423367e-01]",007,FW
988,0,0.6037429578751959,0,"[  0.61767829   0.14046903 -11.08623987   8.84772967  -1.22493462
   0.41025603]","[-2.57282175e-01  1.29662493e-02  7.06466567e+01  2.01761255e+01
 -6.95821975e-01 -7.61115337e-01]","[  4.50346513   0.13943057  11.32722418 -49.01175908  -1.2936858
  -0.11851105]","[  7.57979171   0.14272829 -10.96740525  85.13064734  -1.19108489
   0.35400006]","[ 5.77582968e-01  2.52406200e-02  6.23233285e+01 -3.39968931e+01
 -1.26613467e+00 -2.49787290e-01]",[ 1.34989737  0.47354827 -3.33616092  6.50347486 -1.30332642 -0.1006252 ],[-0.6084704   0.31802666  4.96043089  5.01827536 -1.30591665  0.16382353],"[ 5.11806725e-01  4.83479315e-03  3.00229448e+02 -1.51659451e+02
 -7.86388323e-01  8.60649022e-01]",007,FW
989,2,0.8699364546989781,1,"[  0.54639357   0.09786439 -15.40354159  10.41639611  -1.02249808
   0.67559843]","[-2.58634460e-01  1.57068479e-02 -6.96284290e+01 -1.60083111e+01
 -4.24869246e-01 -9.81265939e-01]","[  4.58747681   0.12753071  12.37723313 -54.78027     -1.29379368
  -0.14422636]","[  7.49870634   0.11143569 -14.04240199 107.29984886  -1.20163093
   0.35728086]","[ 5.91973357e-01  2.08108928e-02  7.53130819e+01 -4.25833379e+01
 -1.24296700e+00 -3.23512957e-01]",[ 1.04420739  0.50065102 -3.15702945  5.29659348 -1.30710307 -0.06601873],[-0.40189547  0.34632546  4.56229479  3.83356563 -1.31365303  0.09013398],"[ 5.15652331e-01  7.93231077e-03  1.93251527e+02 -9.76506004e+01
 -1.08283248e+00  5.81834649e-01]",007,FW
990,2,0.8699364546989781,1,"[  0.50506809   0.05259741 -23.53897627  13.88878582  -0.48270296
   0.98905903]","[-2.71567350e-01  3.20529565e-02 -4.60972208e+01 -1.05185001e+01
 -8.86825108e-01 -7.87095606e-01]","[  4.66280042   0.11340216  13.89639204 -62.79610259  -1.29206118
  -0.19984209]","[ 7.43809192e+00  8.35027954e-02 -1.85667449e+01  1.40101155e+02
 -1.18476673e+00  4.63659361e-01]","[ 6.03389953e-01  1.60543706e-02  9.67552055e+01 -5.63811189e+01
 -1.18388111e+00 -4.49162207e-01]",[ 0.72479867  0.51731299 -3.05615157  4.21509458 -1.31010046 -0.03265484],[-0.18096209  0.36141999  4.37425784  2.79157482 -1.31442943  0.03557032],"[ 5.21525257e-01  1.10927053e-02  1.40421881e+02 -7.12335577e+01
 -1.19532664e+00  4.17780052e-01]",007,FW
991,2,0.8699364546989781,1,[ 0.49691264  0.0365212  17.03104242 -6.46294024 -1.1000485   0.54637312],"[ -0.29616915   0.04976782 -31.01457092  -7.18555907  -1.14379399
  -0.5150135 ]","[  4.72707126   0.09509487  16.47826474 -75.89393163  -1.26912608
  -0.31866809]","[ 7.39961121e+00  5.28009835e-02 -2.69322868e+01  2.01288451e+02
 -8.73253917e-01  7.93254235e-01]","[ 6.11591276e-01  1.09785737e-02  1.37498915e+02 -8.20931371e+01
 -1.01109643e+00 -6.76949547e-01]","[ 3.98824505e-01  5.22301677e-01 -3.02721063e+00  3.20732578e+00
 -1.31220327e+00  2.85938979e-03]",[ 0.04642362  0.36508067  4.33085195  1.79894619 -1.31251289 -0.00727751],"[ 5.29369857e-01  1.41376574e-02  1.10946971e+02 -5.67319820e+01
 -1.24944585e+00  3.09496317e-01]",007,FW
992,2,0.8699364546989781,1,[ 0.52291007  0.07659845 18.73218118 -7.79524618 -0.78017192  0.86848317],"[ -0.33184506   0.06637339 -23.57259136  -5.8224479   -1.23990326
  -0.3502187 ]","[ 4.77663685e+00  7.06799256e-02  2.16558266e+01 -1.01442020e+02
 -1.14203839e+00 -5.61357698e-01]","[  7.38958843   0.03497601   2.42584406 -15.92598922  -1.66245002
   0.27828576]","[ 6.16325494e-01  5.92048359e-03  2.15252279e+02 -1.30665467e+02
 -5.02284146e-01 -9.92621054e-01]",[ 0.07422679  0.51413275 -3.07483415  2.22823508 -1.31268921  0.04321799],[ 0.27341073  0.35902488  4.40324752  0.7961049  -1.30975025 -0.04399107],"[ 5.39042558e-01  1.68986546e-02  9.31659152e+01 -4.82203932e+01
 -1.28071116e+00  2.27488859e-01]",007,FW
993,2,0.1539655063740761,1,[ 0.58182578  0.12414291 12.38727441 -5.20723557 -1.13184435  0.54349593],"[ -0.37740045   0.08074823 -19.48677701  -5.35431839  -1.28214156
  -0.2398949 ]","[ 4.80673990e+00  4.10823359e-02  3.15460680e+01 -1.49633744e+02
 -6.26893839e-01 -9.09170041e-01]","[ 7.41779168e+00  8.62097724e-02  1.52096570e+01 -1.10822067e+02
 -3.76775012e-01  1.10427347e+00]","[ 6.17387826e-01  3.85239056e-03 -1.32580404e+02  8.38535276e+01
 -1.26519728e+00 -4.70198864e-01]",[-0.24024752  0.49148949 -3.21480461  1.22765116 -1.31020428  0.090901  ],[ 0.49407852  0.34455271  4.58657172 -0.26612658 -1.30650896 -0.07955748],"[ 5.50293709e-01  1.91910711e-02  8.22203145e+01 -4.32453218e+01
 -1.30125204e+00  1.57208288e-01]",007,FW
994,2,0.1539655063740761,1,[ 0.67050493  0.16703499  9.366223   -4.2800987  -1.24697926  0.3489067 ],"[ -0.43118466   0.09221556 -17.10994108  -5.37754413  -1.30182748
  -0.15919286]","[ 4.81222038e+00  3.04738202e-02 -1.72434667e+01  8.49793620e+01
 -1.16859510e+00 -5.36177097e-01]","[  7.49466636   0.17001416   8.74250238 -63.52213856  -0.87496901
   0.78461622]","[ 6.14682581e-01  8.18627129e-03 -1.73255961e+02  1.08497421e+02
 -7.22406293e-01 -9.05091395e-01]",[-0.53530451  0.45370857 -3.47852695  0.13792882 -1.3024981   0.14872445],[ 0.70320532  0.32247574  4.89749855 -1.44394705 -1.30191466 -0.11851965],"[ 5.62754987e-01  2.08152920e-02  7.59071050e+01 -4.07171019e+01
 -1.31531937e+00  9.01148550e-02]",007,FW
995,2,0.1539655063740761,1,[ 0.78439138  0.20220436  7.78584156 -4.10714697 -1.29012528  0.22588102],"[ -0.49127291   0.10045722 -15.72699703  -5.72624752  -1.31018166
  -0.09699295]","[ 4.78856044e+00  6.87333046e-02 -2.03682488e+01  9.95345906e+01
 -6.41281721e-01 -9.55911666e-01]","[  7.62817227   0.26584348   5.78904439 -42.1598279   -1.11254305
   0.54716022]","[ 6.08274077e-01  1.36343370e-02 -1.12353332e+02  7.03416190e+01
 -1.10111843e+00 -5.77880224e-01]",[-0.80162817  0.40122006 -3.92485126 -1.14627131 -1.28574165  0.22081271],[ 0.89608067  0.2933415   5.37812526 -2.81923407 -1.29397599 -0.16481504],"[ 5.75937602e-01  2.15745011e-02  7.32812099e+01 -4.02054043e+01
 -1.32352924e+00  2.05114164e-02]",007,FW
996,0,0.0900235403697401,0,[ 1.01771749  0.42056608  3.44733997 -1.50841819 -0.36839752  1.02622997],[-0.59468591  0.17870552 -8.2768534  -2.92212806 -0.49593004 -0.90734454],[ 4.63115898  0.33401042 -3.90459194 20.08278602  0.0605194  -1.36758214],"[  8.05605916   0.84013017   1.63117921 -11.14087624  -0.09346392
   1.25203668]","[  0.58711617   0.0416544  -33.13733548  21.45546562  -0.12597638
  -1.22888399]",[-1.0477467   0.36093251 -4.37110553 -2.57981139 -1.21454186  0.14664207],[ 1.10642502  0.31949683  4.90687746 -3.42909199 -1.03667796  0.25554125],"[ 5.93741649e-01  2.91604860e-02  5.28239990e+01 -2.93638083e+01
 -8.50631184e-01  5.57459499e-01]",007,FW
997,0,0.1202821855588362,0,[ 1.26470781  0.50153955  3.02495497 -1.82568416 -1.68453454  0.31997931],[-0.69847261  0.20425374 -7.46559551 -3.21451398 -1.68410972 -0.27592348],[ 4.43282476  0.45072698 -3.28080157 16.54321842 -1.66561632 -0.43764544],[ 8.5627078   1.09490536  1.36621794 -9.69852504 -1.65992198  0.40868861],"[  0.56259529   0.05303918 -28.25256203  17.89475821  -1.68681083
  -0.38339552]",[-1.21878302  0.26442893 -5.62064541 -4.8503472  -1.21086087  0.43694615],[ 1.27528688  0.28526162  5.40196702 -4.88905764 -1.54262246 -0.06634263],"[ 6.09211268e-01  2.85771886e-02  5.36695093e+01 -3.06960698e+01
 -1.63936872e+00  7.14355505e-02]",007,FW
998,0,0.1202821855588362,0,[ 1.51923944  0.50709839  3.00183051 -2.5604993  -1.6825274  -0.29460025],[-0.80030865  0.19938455 -7.59194769 -4.07590139 -1.68063084  0.33837512],[ 4.19969515  0.49749693 -3.07723673 14.92345616 -1.6844253   0.19666277],[ 9.14143607  1.19414223  1.28620879 -9.75779538 -1.66548459 -0.19140766],"[  0.53559443   0.05594687 -27.26699261  16.60404939  -1.69241136
   0.25329454]",[-1.31271308  0.15856807 -6.15052904 -6.07387993 -0.91811424  0.44772581],[ 1.40086272  0.21846435  6.40329156 -6.97013241 -1.45168483 -0.58269512],"[ 6.21507374e-01  2.33158462e-02  6.02016368e+01 -3.54157611e+01
 -1.56145584e+00 -5.30781909e-01]",007,FW
999,0,0.1202821855588362,0,[ 1.7760259   0.43818856  3.35963561 -3.96679986 -0.45920262 -0.93629685],[-0.89813078  0.16505359 -8.73120497 -5.84176392 -0.32835063  1.05646545],[ 3.93987939  0.46479325 -3.24516953 14.78557656 -0.64849924  0.76253048],"[  9.78271874   1.12592022   1.34945095 -11.20129915  -0.7007788
  -0.69030214]","[  0.50701133   0.05001443 -29.72322244  17.07001048  -0.53198894
   0.87296818]",[-1.33095783  0.12671696  5.87730483  9.82244486 -1.27719726 -0.02015597],[ 1.48244616  0.13518262  6.84585377 -8.14860965  0.07898674 -1.38438922],"[ 6.29955088e-01  1.51669615e-02  6.15839868e+01 -3.67951458e+01
  7.62210814e-02 -1.38272843e+00]",007,FW
1000,0,0.2159387414309327,0,"[  2.03048365   0.24257215   6.51602275 -11.23067767  -1.30439081
  -0.06440046]","[ -0.99012521   0.07782007 -20.26255518 -18.0624668   -1.28753179
   0.18287368]",[ 3.6625802   0.29908245 -5.28585414 21.3598647  -1.31316757  0.0399893 ],"[ 10.47375229   0.78144213   2.02289902 -19.18734321  -1.31432434
   0.05031184]","[ 4.77685653e-01  2.93443923e-02 -5.38653997e+01  2.77307286e+01
 -1.30471688e+00  6.17841447e-02]",[-1.27812585  0.19615544  7.96718122 12.18306024 -1.24377074  0.36381905],"[  1.5201183    0.05451637 -26.24296427  41.89241027  -0.74229317
  -0.89062772]","[ 6.34110667e-01  6.26482816e-03 -2.23938277e+02  1.44001650e+02
 -7.13614734e-01 -9.07927288e-01]",007,FW
1001,0,0.3143214723256918,0,"[  2.17889373   0.2298797    6.87312737 -12.97581415  -1.30422493
  -0.09421204]","[ -1.03567352   0.06762298 -23.2739795  -22.10424426  -1.27304865
   0.23708154]",[ 3.47890096  0.28740762 -5.49836684 21.12827372 -1.30715887  0.08148801],"[ 1.09629631e+01  7.89425135e-01  2.00275941e+00 -1.99561775e+01
 -1.32508779e+00 -1.28112224e-02]","[ 4.59637843e-01  2.79820956e-02 -5.64747017e+01  2.79579101e+01
 -1.29970152e+00  8.22838421e-02]",[-1.14435625  0.23888435  6.58947917  9.5407117  -1.29150056  0.22863098],"[  1.47643685   0.09175932 -16.66939937  26.61131542  -1.06321651
  -0.60114307]","[ 6.29318634e-01  1.03687787e-02 -1.48000337e+02  9.51393698e+01
 -1.13183722e+00 -5.55156560e-01]",007,FW
1002,0,0.3374149991544135,0,"[  2.31751785   0.21262177   7.4248715  -15.2072722   -1.30096914
  -0.13733891]","[ -1.07441769   0.0563475  -27.83889726 -27.91060356  -1.24723496
   0.30870942]",[ 3.30416672  0.26930965 -5.86467853 21.37787565 -1.2985948   0.11615719],"[ 11.44179748   0.75843928   2.08268259 -21.82963242  -1.32618238
  -0.10279192]","[ 4.42477256e-01  2.63976052e-02 -5.98550915e+01  2.84845167e+01
 -1.29468623e+00  9.38123271e-02]",[-0.98666588  0.26989382  5.84902348  7.7710319  -1.30948902  0.1373719 ],"[  1.40734169   0.13103711 -11.86192945  18.69378787  -1.16740733
  -0.44828194]","[ 6.22021966e-01  1.38568474e-02 -1.13024616e+02  7.23037936e+01
 -1.27133589e+00 -3.26090078e-01]",007,FW
1003,0,0.3486762151578385,0,"[  2.44323274   0.19000481   8.2944857  -18.26535907  -1.2906179
  -0.19828947]","[ -1.10577301   0.0443198  -35.16973783 -36.88974701  -1.19897999
   0.4091461 ]",[ 3.14143067  0.24749996 -6.37846084 22.0374925  -1.28895949  0.13974747],"[ 11.88366663   0.67998154   2.3148309  -25.50867873  -1.30502267
  -0.22576742]","[ 4.26267791e-01  2.48134896e-02 -6.36772329e+01  2.91435534e+01
 -1.29011436e+00  9.30048278e-02]",[-0.81261136  0.28926459  5.46374336  6.43989993 -1.31558435  0.06945819],[ 1.31231603  0.17221025 -9.08317819 13.92000032 -1.21365044 -0.36062596],"[ 6.12849378e-01  1.62551589e-02 -9.70317837e+01  6.14658683e+01
 -1.32596313e+00 -1.63446307e-01]",007,FW
1004,0,0.355932058510202,0,"[  2.55260116   0.16173625   9.7095608  -22.78463618  -1.26577019
  -0.28451232]","[-1.12934971e+00  3.19513939e-02 -4.80716235e+01 -5.22896739e+01
 -1.09611749e+00  5.65201279e-01]",[ 2.99190433  0.22518671 -7.0096327  22.97215043 -1.2805177   0.14567181],"[ 12.25922821   0.55365143   2.8148545  -32.50794366  -1.23481408
  -0.39893589]","[ 4.10930423e-01  2.34636583e-02 -6.73557296e+01  2.96785184e+01
 -1.28667515e+00  7.58629685e-02]",[-0.62939697  0.29769977  5.31096602  5.34270593 -1.3159539   0.0151627 ],[ 1.19052211  0.21519746 -7.29307556 10.68256767 -1.2406218  -0.30124704],"[ 6.02614158e-01  1.72613120e-02 -9.15786110e+01  5.71865676e+01
 -1.34595766e+00 -2.28821433e-02]",007,FW
1005,0,0.3605364592539057,0,"[  2.64220133   0.12826123  12.14620257 -30.09271265  -1.20867509
  -0.41189536]","[-1.14496215e+00  1.97793321e-02 -7.38973759e+01 -8.26096981e+01
 -8.21207424e-01  8.35287880e-01]",[ 2.85474124  0.2058181  -7.67263179 23.9033784  -1.27525314  0.12535577],"[ 12.54141787   0.38959016   3.87825276 -46.63878844  -1.0341749
  -0.66367192]","[ 3.96252967e-01  2.25683090e-02 -7.00495349e+01  2.97573360e+01
 -1.28491319e+00  4.15257314e-02]",[-0.44362143  0.29631593  5.33549046  4.3669379  -1.31322423 -0.03081911],[ 1.04122789  0.25934232 -6.06467195  8.31470556 -1.25957874 -0.25466167],"[ 5.92268517e-01  1.66885637e-02 -9.45981521e+01  5.80275072e+01
 -1.34001970e+00  1.23572662e-01]",007,FW
1006,0,0.3692665251469381,0,"[  2.70905169   0.09094129  16.7624018  -43.41021286  -1.0645974
  -0.6169072 ]","[-1.15261515e+00  9.31752721e-03 -1.03923974e+02 -1.17784347e+02
 -5.34136919e-01  8.87769750e-01]",[ 2.72698406  0.19284073 -8.19557906 24.3492135  -1.27271839  0.0712358 ],"[ 12.71083426   0.21329356   6.04383993 -74.82224766  -0.49565632
  -1.00884007]","[ 3.81918380e-01  2.22879332e-02 -7.09399289e+01  2.90932627e+01
 -1.28452033e+00 -3.85115108e-03]",[-0.26111916  0.28644594  5.51745794  3.44071401 -1.30864488 -0.07216316],[ 0.86426412  0.30334634 -5.19305548  6.48817155 -1.27452559 -0.21372389],"[ 5.82839015e-01  1.44890627e-02 -1.08178124e+02  6.50504311e+01
 -1.29229739e+00  3.06883840e-01]",007,FW
1007,0,0.4377438367671189,0,"[ 2.75103213e+00  5.26786828e-02  2.63707498e+01 -7.05467801e+01
 -6.46597912e-01 -9.48725284e-01]","[-1.15248071e+00  9.59142785e-03  1.11303421e+02  1.30275045e+02
 -4.94880456e-01  9.19882403e-01]","[ 2.60373013e+00  1.89397786e-01 -8.34742433e+00  2.37344403e+01
 -1.26884971e+00 -1.43835359e-02]",[12.75993219  0.12004389 -2.88592681 38.82423035 -1.54414471 -0.30551274],"[ 3.67548206e-01  2.26827519e-02 -6.96925694e+01  2.76153789e+01
 -1.28469207e+00 -4.87964713e-02]",[-0.08689537  0.26944455  5.86211313  2.50939048 -1.30256797 -0.11216892],[ 0.66042765  0.3453326  -4.56726395  5.01634737 -1.28688996 -0.17486257],"[ 5.75348306e-01  1.08051008e-02 -1.41243985e+02  8.32644872e+01
 -1.12530298e+00  5.82922096e-01]",007,FW
1008,0,0.3442839271169708,0,"[ 2.76719345e+00  2.51558821e-02  1.09094115e+01 -2.81884521e+01
 -1.56912357e+00 -3.25056796e-01]","[-1.14487538e+00  1.92513257e-02  7.70524898e+01  9.02154982e+01
 -9.18334867e-01  7.63453765e-01]",[ 2.47855744  0.19781251 -7.98496235 21.79118785 -1.26040261 -0.1105491 ],[12.69498875  0.225549   -6.33561315 82.43053768 -0.84950986 -0.82337278],"[ 3.52750914e-01  2.37129425e-02 -6.66408099e+01  2.55076066e+01
 -1.28489854e+00 -8.39544220e-02]",[ 0.07486261  0.24656106  6.40035323  1.52085285 -1.29445012 -0.15422559],[ 0.43179529  0.38299044 -4.122178    3.77993706 -1.29708033 -0.13626713],"[ 5.70733917e-01  6.20978314e-03 -2.07927646e+02  1.20671360e+02
 -5.87708244e-01  9.38037625e-01]",007,FW
1009,0,0.4120475144746995,0,"[ 2.75786783e+00  4.26481462e-02 -3.11661976e+01  8.79522540e+01
 -5.82739936e-01 -9.64542556e-01]","[-1.13023927e+00  2.94965520e-02  5.24321037e+01  6.12608226e+01
 -1.15696311e+00  4.95529510e-01]",[ 2.34420232  0.2189302  -7.20213251 18.88325573 -1.25172717 -0.18702971],[12.53560742  0.34404187 -4.51181545 58.55834724 -1.2558378  -0.42565456],"[ 3.37162215e-01  2.52823729e-02 -6.24825297e+01  2.30667481e+01
 -1.28495053e+00 -1.06911868e-01]",[ 0.22073173  0.21891915  7.19842452  0.41107932 -1.28275601 -0.20206939],[ 0.18194258  0.41376948 -3.8183652   2.69472322 -1.30524982 -0.09681648],"[ 5.69776898e-01  4.35838179e-03  1.16045181e+02 -6.41198634e+01
 -1.23068535e+00  4.98947021e-01]",007,FW
1010,0,0.6044743094593061,0,"[  2.7245448    0.07542214 -20.17219868  56.96005894  -1.06906486
  -0.62230698]","[-1.10911150e+00  3.90785787e-02  4.00545596e+01  4.64249728e+01
 -1.23773639e+00  3.44680157e-01]",[ 2.19346457  0.25169466 -6.25647574 15.72335785 -1.25070946 -0.22636705],[12.31196015  0.41508713 -3.79933417 48.7772509  -1.35976214 -0.15158553],"[ 3.20468783e-01  2.72890658e-02 -5.78741748e+01  2.05468664e+01
 -1.28502396e+00 -1.20060009e-01]",[ 0.3479952   0.18757642  8.3823554  -0.91701946 -1.26455492 -0.26048453],[-0.08395215  0.4350849  -3.63313353  1.69499063 -1.31142738 -0.05537993],"[ 5.73050288e-01  9.66728015e-03  1.45287004e+02 -8.12567597e+01
 -6.56887931e-01  9.45601949e-01]",007,FW
1011,2,0.7288268350429361,1,"[  2.66954211   0.10626119 -14.67331669  41.17103678  -1.21899297
  -0.39913499]",[-1.08209585  0.0477387  32.94616719 37.65091065 -1.27020861  0.25274892],[ 2.02029002  0.29313145 -5.37126226 12.85150757 -1.25988388 -0.22941905],[12.06029778  0.42745668 -3.69595075 46.57426661 -1.36703068  0.06470319],"[ 3.02415514e-01  2.96474622e-02 -5.32638833e+01  1.81078246e+01
 -1.28562585e+00 -1.26235609e-01]",[ 0.45461168  0.15360586 10.19624826 -2.63533357 -1.23386427 -0.33705999],[-0.35917626  0.44457056 -3.5564472   0.72260859 -1.31519621 -0.01076503],"[ 5.80891250e-01  1.67356857e-02  9.09685142e+01 -5.08428140e+01
 -1.04238439e+00  6.32429457e-01]",007,FW
1012,2,0.7288268350429361,1,"[  2.59556727   0.13318476 -11.79696823  32.61982459  -1.26725735
  -0.27463699]",[-1.04981897  0.05543979 28.43360757 31.85014069 -1.28476167  0.19277433],[ 1.82086872  0.33861832 -4.65349379 10.47340128 -1.27586235 -0.20534769],[11.81777185  0.38290831 -4.09835146 50.43338249 -1.31128507  0.28113863],"[ 2.82803421e-01  3.22807958e-02 -4.89180517e+01  1.58341924e+01
 -1.28710447e+00 -1.26937181e-01]",[ 0.53922806  0.11817087 13.15289988 -5.09241269 -1.17630619 -0.44602516],[-0.63579185  0.44046542 -3.58919835 -0.28198306 -1.3155207   0.03780395],"[ 5.93394524e-01  2.39942911e-02  6.47901387e+01 -3.64461135e+01
 -1.18442678e+00  4.41505398e-01]",007,FW
1013,2,0.7288268350429361,1,"[  2.50531526   0.15624169 -10.08653241  27.2699436   -1.28505164
  -0.20044334]",[-1.01290147  0.06221957 25.36543807 27.69268947 -1.2925067   0.15087734],[ 1.59449461  0.38242797 -4.12544996  8.57800773 -1.29333468 -0.16360374],[11.61780222  0.29192573 -5.24962783 62.9891379  -1.14493513  0.55613505],"[ 2.61486571e-01  3.51063108e-02 -4.49843280e+01  1.37627977e+01
 -1.28928792e+00 -1.23021769e-01]",[ 0.60122287  0.08261838 18.47373064 -9.10682944 -1.05071748 -0.61743821],[-0.90519694  0.4220943  -3.74335731 -1.38847557 -1.31113725  0.09038445],"[ 6.10421741e-01  3.09258264e-02  5.06896917e+01 -2.89420899e+01
 -1.24713029e+00  3.19580521e-01]",007,FW
1014,2,0.7152095318950962,1,[ 2.40124732  0.1759079  -8.97151831 23.54283432 -1.29338245 -0.15236451],[-0.97196984  0.0680685  23.20265497 24.55228078 -1.29843013  0.11763357],[ 1.34398813  0.4185631  -3.77363703  7.07172338 -1.30800878 -0.11138509],[11.48682729  0.17408975 -7.84444202 92.10775069 -0.65527777  0.93380895],"[ 2.38372842e-01  3.80314086e-02 -4.15303139e+01  1.18996990e+01
 -1.29173948e+00 -1.15541970e-01]","[  0.64074029   0.048785    29.34756746 -16.80416884  -0.71866896
  -0.90691238]",[-1.15886258  0.39020895 -4.04482586 -2.68739735 -1.30110619  0.1468014 ],"[ 6.31621992e-01  3.71677796e-02  4.23501139e+01 -2.47492633e+01
 -1.27920684e+00  2.32693736e-01]",007,FW
1015,2,0.7152095318950962,1,[ 2.28562503  0.19242203 -8.20809693 20.76063179 -1.29963906 -0.11585578],[-0.92772232  0.07281809 21.70059118 22.13212287 -1.30464466  0.08549476],[ 1.07561369  0.44170025 -3.57872054  5.84932081 -1.31761237 -0.05315747],[11.44270591  0.09488793  0.40828606 -2.67189735 -1.71508574  0.25203081],"[  0.21342888   0.04095772 -38.56985599  10.23192134  -1.29424598
  -0.10555179]","[ 6.58668610e-01  2.18925001e-02  3.51324876e+01 -2.11406668e+01
 -7.81341029e-01 -7.40813172e-01]",[-1.38910411  0.34693496 -4.54126462 -4.30828934 -1.28468726  0.20788179],"[  0.65646158   0.04243593  37.17539305 -22.40421708  -1.29674485
   0.16549473]",007,FW
1016,2,0.7152095318950962,1,[ 2.16077053  0.20540255 -7.69360763 18.62412066 -1.3061757  -0.08101945],[-0.8810333   0.07608522 20.77690414 20.30514434 -1.3112832   0.04851636],[ 0.79853152  0.44791625 -3.52981891  4.81867164 -1.32139206  0.00950417],"[ 11.49455244   0.18737087   7.27530492 -81.62637395  -0.60411898
   0.96761501]","[  0.18668673   0.04378169 -36.08889313   8.73731729  -1.29686165
  -0.09356344]","[ 6.56523405e-01  2.61969977e-02 -4.57669130e+01  3.20470496e+01
 -5.06084865e-01 -9.49017516e-01]",[-1.58971162  0.29528736 -5.32065127 -6.45830116 -1.26008543  0.27712702],"[  0.68426212   0.04652451  33.95073613 -21.23120272  -1.30624899
   0.11053067]",007,FW
1017,2,0.7152095318950962,1,[ 2.02943454  0.21377138 -7.39525671 17.00818938 -1.31278604 -0.04126883],"[-8.33060542e-01  7.73054981e-02  2.04525954e+01  1.90382502e+01
 -1.31698510e+00  2.35561747e-03]",[ 0.52392549  0.43497495 -3.63302515  3.90343449 -1.31883221  0.07807256],"[ 11.64338275   0.32832894   4.63480452 -51.96480301  -1.06059669
   0.62599555]","[  0.15824935   0.04639004 -34.06629981   7.39096968  -1.29957678
  -0.07956544]","[  0.63620784   0.04923631 -30.6006129   21.46834988  -1.01521685
  -0.67969684]",[-1.75628503  0.23849552 -6.55655769 -9.51518414 -1.22153014  0.36316363],"[  0.71424613   0.04931295  32.05229505 -20.89322768  -1.31086089
   0.06375338]",007,FW
1018,2,0.7152095318950962,1,"[ 1.89511515e+00  2.15989102e-01 -7.32022131e+00  1.58726623e+01
 -1.31771661e+00  7.40305860e-03]",[-0.78531772  0.07584251 20.84132792 18.3670641  -1.31931469 -0.05670069],[ 0.26403053  0.40221285 -3.92280506  3.0357403  -1.30797571  0.15766919],"[ 11.88282939   0.46181079   3.37539096 -38.10919494  -1.22237356
   0.40113785]","[  0.12829668   0.04865483 -32.48655587   6.16791735  -1.30227192
  -0.06335535]","[  0.59965245   0.07197892 -21.59615735  14.95018871  -1.19112731
  -0.43966703]","[ -1.88623139   0.17949542  -8.63000174 -14.27818016  -1.15130056
   0.48490995]","[ 7.45588041e-01  5.07666413e-02  3.11435008e+01 -2.12202217e+01
 -1.31222069e+00  2.27489394e-02]",007,FW
1019,2,0.7152095318950962,1,[ 1.76219857  0.21049146 -7.50852937 15.23151971 -1.31830353  0.06773709],[-0.73968591  0.07112443 22.19614913 18.41817877 -1.31432337 -0.13406791],[ 0.03125153  0.35026527 -4.48829572  2.14026612 -1.28226549  0.25918915],"[ 12.19948091   0.57141732   2.75234345 -31.57716133  -1.29241637
   0.24794838]","[  0.09709646   0.05042925 -31.34853358   5.04383176  -1.30494362
  -0.04448426]","[  0.5483757    0.0932605  -16.8069612   11.21652905  -1.23690194
  -0.32398479]","[ -1.97853041   0.12090009 -12.49892864 -22.72951038  -0.99027073
   0.68403613]","[ 7.77467308e-01  5.09331372e-02  3.10425957e+01 -2.21346033e+01
 -1.31117469e+00 -1.38432750e-02]",007,FW
1020,2,0.7152095318950962,1,[ 1.63585692  0.19615667 -8.04649631 15.16291664 -1.31080923  0.14325594],[-0.69835056  0.06277268 25.06248708 19.50240177 -1.29323779 -0.24077442],[-0.16256661  0.28093777 -5.54647622  1.09832815 -1.22077018  0.40548204],"[ 12.57292725   0.64437649   2.4503866  -28.80853251  -1.32767762
   0.12173297]","[ 6.50191488e-02  5.15434276e-02 -3.06744987e+01  3.99442979e+00
 -1.30759152e+00 -2.20013643e-02]","[  0.48303315   0.11444947 -13.7308855    8.63247282  -1.24529558
  -0.27520206]","[ -2.03342773   0.06620408 -20.41663597 -39.51575378  -0.54546844
   1.00275165]","[  0.80911923   0.04993721  31.65677243 -23.61410328  -1.30822591
  -0.04651235]",007,FW
1021,2,0.6856057240977035,1,[ 1.52170935  0.1726617  -9.11213952 15.86602787 -1.28837077  0.24114606],[-0.66366312  0.05073025 30.71780999 22.38627752 -1.23034007 -0.40126106],[-0.30676027  0.19766044 -7.66725582 -0.35200946 -1.04751832  0.646812  ],"[ 1.29760089e+01  6.69590350e-01  2.36097984e+00 -2.86360954e+01
 -1.34214315e+00 -7.06166795e-04]","[ 3.25491884e-02  5.18073807e-02 -3.05192396e+01  2.99337648e+00
 -1.30980779e+00  5.33688085e-03]","[  0.40303043   0.13776639 -11.4128379    6.599721    -1.24090428
  -0.26478666]",[-2.05214863  0.03241615 -0.46593111  1.04384012 -1.72109467  0.25503044],"[  0.83987992   0.04797258  32.9441474  -25.66912792  -1.30385761
  -0.07505632]",007,FW
1022,2,0.6856057240977035,1,"[  1.4253269    0.14066719 -11.10039218  17.82168754  -1.23404902
   0.37766985]","[-6.37945765e-01  3.54730921e-02  4.25031572e+01  2.91147092e+01
 -1.03159634e+00 -6.70051287e-01]","[ -0.3924099    0.10915563 -11.83681036  -2.64488158  -0.5329378
   0.97999735]","[ 13.37580788   0.63904044   2.46968015 -31.03396725  -1.33481644
  -0.13833836]","[ 2.84533593e-04  5.10326265e-02 -3.09788286e+01  2.00881452e+00
 -1.31065969e+00  3.85017480e-02]",[ 0.30626892  0.16581164 -9.47879391  4.90305995 -1.23281275 -0.27424156],[-2.036631    0.06026987 22.76554473 48.36501424 -0.6442134   0.94215812],"[  0.86922181   0.04528487  34.88796572 -28.32538076  -1.2986895
  -0.09885537]",007,FW
1023,2,0.6856057240977035,1,"[  1.3517052    0.10192159 -14.99917244  22.27445936  -1.09349342
   0.5910958 ]","[-6.23268515e-01  1.90446386e-02  6.33369443e+01  4.14759233e+01
 -4.97808451e-01 -9.60496131e-01]",[-0.41286917  0.06970844  6.46136177  4.66769706 -1.34996018  0.43108761],"[ 13.73560824   0.54951367   2.85026101 -37.15006854  -1.28600369
  -0.31964616]","[-3.10810841e-02  4.90736015e-02 -3.22034158e+01  9.99082925e-01
 -1.30895039e+00  7.79726354e-02]",[ 0.1890793   0.20115653 -7.80805644  3.47634184 -1.22606506 -0.28903864],[-1.98923101  0.10434079 14.62474408 31.09199443 -1.07480472  0.60732394],"[  0.89677536   0.0421443   37.47607381 -31.60761963  -1.29345847
  -0.11717893]",007,FW
1024,2,0.6856057240977035,1,"[  1.30480932   0.05997476 -23.18785836  32.25573363  -0.6707377
   0.93265058]","[-6.21224269e-01  1.49659022e-02 -4.89207532e+01 -2.83907591e+01
 -8.80318748e-01 -6.74091131e-01]",[-0.36424981  0.14912148  9.44865479  5.4416707  -0.68950062  0.9249194 ],"[ 14.01764854   0.40495295   3.75683851 -50.66204188  -1.10888129
  -0.60274002]","[ -0.06079675   0.04587206 -34.42476603  -0.09291378  -1.30341438
   0.12412073]",[ 0.04638499  0.2459042  -6.38414294  2.29612839 -1.22393871 -0.29883463],[-1.91237157  0.14719751 10.58509082 22.24262673 -1.20213373  0.41239035],"[ 9.22333693e-01  3.88133465e-02  4.06825760e+01 -3.55229105e+01
 -1.28888570e+00 -1.29446145e-01]",007,FW
1025,2,0.6856057240977035,1,[ 1.28725178  0.02980802 -7.06263365 11.09138773 -1.64048141  0.28744477],"[-6.32725991e-01  3.22050420e-02 -4.46484763e+01 -2.62502514e+01
 -7.68159789e-01 -8.75990473e-01]",[-0.24579292  0.25312782  6.0352576   3.48342361 -1.07536004  0.60241575],"[ 14.18624535   0.22809711   5.45936985 -75.44796011  -0.56102446
  -0.93066662]","[ -0.08811208   0.04148359 -38.01578651  -1.34965016  -1.29253915
   0.17790627]",[-0.12788176  0.30125267 -5.21119611  1.33358309 -1.22778354 -0.29831676],[-1.80815797  0.18775592  8.35485652 17.1069004  -1.24431219  0.30909762],"[ 9.45839625e-01  3.55179583e-02  4.44516796e+01 -4.00441600e+01
 -1.28553429e+00 -1.35420260e-01]",007,FW
1026,2,0.5301446822747096,1,"[  1.30012687   0.05378764  24.73891085 -30.16372282  -0.55685325
   0.98463565]","[ -0.65785565   0.0526315  -29.16426653 -17.18587765  -1.11163913
  -0.56271418]",[-0.06003179  0.35456225  4.39579834  2.26388762 -1.21061933  0.40645037],[14.21088282  0.17944351 -3.67577779 54.23604743 -0.96353008 -0.6394125 ],"[-1.12344344e-01  3.60780164e-02 -4.36147295e+01 -2.89986820e+00
 -1.27392540e+00  2.41684366e-01]",[-0.34012823  0.36713599 -4.27831929  0.54482285 -1.23694557 -0.28650967],[-1.67801728  0.22701274  6.92901094 13.62700008 -1.26010401  0.25243283],"[ 9.67358144e-01  3.24280677e-02  4.86873881e+01 -4.50981414e+01
 -1.28372132e+00 -1.35389386e-01]",007,FW
1027,2,0.3531504462683755,1,"[  1.34298777   0.09641916  15.73403314 -19.13061406  -1.0423671
   0.64597946]","[ -0.69579043   0.07168849 -21.79583393 -13.16533269  -1.23636376
  -0.36878096]",[ 0.18730645  0.44560725  3.52470519  1.33979998 -1.26752822  0.28117809],[14.06895618  0.39961963 -3.5537626  51.99773031 -0.69678691 -0.92173242],"[-1.32941684e-01  2.99199499e-02 -5.23949221e+01 -4.96546917e+00
 -1.24286097e+00  3.20354600e-01]",[-0.596284    0.44203026 -3.55677431 -0.12084762 -1.24949198 -0.26506763],[-1.5224199   0.26654867  5.90852318 10.99525327 -1.26612918  0.22154231],"[ 9.87039893e-01  2.96491072e-02  5.32565091e+01 -5.05662991e+01
 -1.28348189e+00 -1.30361025e-01]",007,FW
1028,2,0.1175748878227939,1,"[  1.4139391    0.13767327  11.30791941 -13.98870937  -1.20809718
   0.41936351]","[ -0.74481825   0.087537   -17.97653456 -11.38925099  -1.29048976
  -0.23642937]",[ 0.48765599  0.52135809  3.02347874  0.52558247 -1.29485975  0.19141295],[13.74789492  0.67824864 -2.25039272 32.9381626  -1.06213257 -0.61250934],"[-1.49532528e-01  2.33404856e-02 -6.67121207e+01 -7.97563203e+00
 -1.18877627e+00  4.23724132e-01]",[-0.90092421  0.52297859 -3.00969266 -0.71150497 -1.26326533 -0.23659973],[-1.34075195  0.30807848  5.11493601  8.8578604  -1.26822387  0.20556215],"[ 1.00508179e+00  2.72224239e-02  5.80134774e+01 -5.63082895e+01
 -1.28458734e+00 -1.22190897e-01]",007,FW
1029,2,0.1097275174044934,1,"[  1.50982656   0.17368775   9.04292116 -11.65324252  -1.27108502
   0.28008274]","[ -0.80244447   0.09890618 -15.96137992 -10.80812109  -1.31572665
  -0.1339415 ]",[ 0.83016677  0.57844752  2.7300592  -0.26640442 -1.3085385   0.12113707],[13.24649946  0.95765169 -1.62581734 23.53638855 -1.2006672  -0.42084063],"[-1.61955658e-01  1.67103454e-02 -9.18789768e+01 -1.28803201e+01
 -1.08437803e+00  5.72383434e-01]",[-1.25645692  0.60583147 -2.60113462 -1.26821359 -1.27657366 -0.20357159],[-1.13139797  0.35312644  4.46364059  7.0501539  -1.26940469  0.19735112],"[ 1.02168969e+00  2.51319258e-02  6.28492891e+01 -6.22124709e+01
 -1.28662820e+00 -1.13511617e-01]",007,FW
1030,2,0.0502900447075329,1,"[  1.62650034   0.20264611   7.78037664 -10.65478524  -1.29859735
   0.18389526]","[ -0.86558351   0.10497866 -15.05787331 -11.0338468   -1.32565852
  -0.0464425 ]",[ 1.20235732  0.61479105  2.57095939 -1.09121185 -1.31497837  0.06192283],[12.57547042  1.21323626 -1.29384196 18.27067134 -1.26374128 -0.29256847],"[-1.70270163e-01  1.04324496e-02 -1.41577730e+02 -2.21064632e+01
 -8.45833380e-01  8.09929417e-01]",[-1.66250346  0.68566096 -2.30075028 -1.82500529 -1.28832221 -0.16787528],[-0.89203485  0.40264242  3.91546993  5.49273565 -1.27156738  0.19112835],"[ 1.03704720e+00  2.33159617e-02  6.77516158e+01 -6.82616234e+01
 -1.28907614e+00 -1.07316569e-01]",007,FW
1031,2,0.0360552205727903,1,"[  1.75911117   0.22355256   7.06543359 -10.42888316  -1.3109808
   0.11095623]","[ -0.93081537   0.10542718 -14.99510263 -11.957672    -1.32525276
   0.03430363]",[ 1.59079178  0.62941208  2.51201037 -1.99608545 -1.31693398  0.00847773],[11.75714504  1.42557331 -1.10557573 14.99841425 -1.29671651 -0.19531617],"[-1.74749227e-01  5.07003942e-03 -2.38426955e+02 -3.96649261e+01
 -3.35565794e-01  1.08759785e+00]",[-2.11558312  0.75730356 -2.08495068 -2.41088648 -1.29785605 -0.13087748],[-0.62009902  0.4566149   3.45352496  4.14152746 -1.27548077  0.1825978 ],"[ 1.05129447e+00  2.16854236e-02  7.28472655e+01 -7.45839272e+01
 -1.29124732e+00 -1.06113640e-01]",007,FW
1032,2,0.0124603549114757,1,"[  1.90238552   0.23595309   6.69947503 -10.74498427  -1.31614544
   0.05084699]","[ -0.99466932   0.10041259 -15.72858361 -13.64473955  -1.3159342
   0.1144232 ]",[ 1.98178126  0.62237398  2.54005938 -3.03384206 -1.31520234 -0.04275225],[10.824486    1.57824874 -1.00072621 12.83234687 -1.31479842 -0.11324496],"[-1.75864247e-01  2.86566875e-03  2.08903849e+02  3.87387181e+01
 -1.27756852e+00  4.01056412e-01]",[-2.60917331  0.81599128 -1.93630003 -3.05214237 -1.30480173 -0.09365612],[-0.31337783  0.51388242  3.06977138  2.96199828 -1.28090862  0.16960999],"[ 1.06452011e+00  2.01475032e-02  7.84011573e+01 -8.14596083e+01
 -1.29235556e+00 -1.10962525e-01]",007,FW
1033,0,0.0428752155272812,0,[ 2.10142253  0.32925084  4.6625977  -7.79808785 -0.82098777  0.59923541],"[ -1.0639308    0.10653372 -14.77880476 -13.72362555  -1.11764312
  -0.16236445]",[ 2.46902342  0.7777622   1.99557565 -2.92712302 -0.92740874  0.45487069],[ 9.45787426  2.30505397 -0.66349048  8.27520951 -0.791894   -0.64267818],"[-1.72207055e-01  9.47121444e-03  1.43325384e+02  2.66816424e+01
 -1.75394438e-01  1.22076417e+00]",[-3.35619234  1.26301355 -1.19816468 -2.0212711  -0.68729955 -0.739243  ],[ 0.21424831  0.92164079  1.60738595  1.65562028 -0.51949861  0.90057153],"[ 1.08028186e+00  2.46423869e-02  6.29253786e+01 -6.59771449e+01
 -9.06268199e-01  4.59143028e-01]",007,FW
1034,0,0.070449891873785,0,[ 2.29135827  0.34805919  4.44911851 -8.19452451 -1.62424942  0.14936929],"[ -1.1204605    0.09349036 -16.5500481  -16.54367512  -1.49416066
   0.13795223]",[ 2.9156445   0.78684883  1.97545882 -3.75973565 -1.59329493  0.09137856],[ 8.12996696  2.46823177 -0.62680238  7.09588262 -1.63143064 -0.16044088],"[-1.67194145e-01  1.18149754e-02  1.27749170e+02  2.33589132e+01
 -1.73109966e+00  3.02464789e-01]",[-4.11612042  1.42980326 -1.07948284 -2.44328138 -1.61733987 -0.24255187],[ 0.78746641  1.11603182  1.37360221  0.9183344  -1.60166083  0.3266587 ],"[ 1.09466339e+00  2.51840853e-02  6.17270496e+01 -6.55703417e+01
 -1.59122722e+00  1.19191314e-01]",007,FW
1035,0,0.0725089676056882,0,[ 2.46390831  0.31620742  4.77740879 -9.77109721 -1.60579886 -0.40715831],"[ -1.16198752   0.0694722  -20.20727989 -21.48060701  -1.35789871
   0.62509149]",[ 3.31333025  0.70209517  2.15931618 -5.15452761 -1.5710648  -0.4129242 ],[ 6.90592619  2.25805123 -0.66933642  6.62238792 -1.60883919  0.40310627],"[-1.62041839e-01  1.11400992e-02  1.31582156e+02  2.33218146e+01
 -1.68852554e+00 -4.35092714e-01]",[-4.87455699  1.41441245 -1.08867803 -3.30682312 -1.6143241   0.27421602],[ 1.40204804  1.17695773  1.31712127  0.1533327  -1.60765679 -0.17763231],"[ 1.10765323e+00  2.30194880e-02  6.63023077e+01 -7.14399655e+01
 -1.58343915e+00 -3.70140987e-01]",007,FW
1036,0,0.0795502613745023,0,"[  2.61099681   0.23749546   5.84225264 -13.254103    -0.17951255
  -1.20216098]","[ -1.18711426   0.04114994 -20.77746448 -22.66522447  -0.08523462
   1.28068025]",[ 3.65822192  0.53708227  2.66232375 -7.7393711  -0.29615136 -1.09432086],[ 5.84359224  1.71218952 -0.81620815  6.76958762 -0.20297393  1.18121522],"[-1.57908133e-01  7.89703431e-03  1.42101079e+02  2.44389161e+01
  1.00932718e-01 -1.38750738e+00]",[-5.61862262  1.22145933 -1.2307262  -4.91498604 -0.62939039  0.79379855],[ 2.05196776  1.09824628  1.39845622 -0.86958709 -0.81469334 -0.58809642],"[ 1.11923665e+00  1.82814127e-02  7.98495768e+01 -8.73705726e+01
 -4.21005477e-01 -9.90368188e-01]",007,FW
1037,0,0.0795502613745023,0,"[  2.72521205   0.07521411  18.97986265 -49.72415041  -0.76942559
  -0.87537235]","[-1.19531480e+00  2.38705584e-02  5.84756917e+01  7.18968596e+01
 -6.94991321e-01  9.17549799e-01]","[  3.95098343   0.23610835   6.64656363 -24.26046273  -1.21443699
  -0.30708995]",[ 4.98855346  0.58961568 -2.53642284 14.65308095 -0.93926754  0.73814699],"[-1.55794936e-01  3.34682766e-03 -2.89562236e+02 -4.31123301e+01
 -5.09287952e-01 -9.06489688e-01]","[ -6.33794214   0.75959265  -2.08012509 -11.18371246  -1.29568299
   0.09304128]",[ 2.72959982  0.81055145  1.95061573 -3.32440034 -1.30678065  0.02130795],"[ 1.12940418e+00  9.11998143e-03  1.72428159e+02 -1.92741084e+02
 -1.25791656e+00 -2.58928458e-01]",007,FW
1038,0,0.0795502613745023,0,"[ 2.74982767e+00  3.63053086e-02  1.45934637e+01 -3.81295103e+01
 -1.25509426e+00 -4.65210604e-01]","[-1.17685963e+00  4.00731829e-02  3.82282457e+01  4.69892792e+01
 -1.11148409e+00  5.72897760e-01]","[  4.08949487   0.1944088    8.0890096  -31.07996327  -1.22087145
  -0.26227707]",[ 4.73178597  0.30520794 -4.14596595 21.61782349 -0.4166651   1.05370439],"[-1.58510389e-01  7.02306317e-03 -2.08074526e+02 -3.09819741e+01
 -8.44223677e-01 -8.23535668e-01]","[ -6.80323875   0.71259386  -2.21713923 -13.08372753  -1.29240542
   0.0985047 ]","[ 3.24104340e+00  8.15698541e-01  1.93837524e+00 -4.28235826e+00
 -1.30787717e+00 -1.81510214e-03]","[ 1.13463666e+00  7.52922900e-03  2.08341783e+02 -2.34392226e+02
 -1.23926344e+00 -3.10510824e-01]",007,FW
1039,0,0.0795502613745023,0,"[ 2.73992460e+00  5.55888981e-02 -2.27286894e+01  6.42748953e+01
 -5.01100997e-01 -9.89102702e-01]",[-1.14816109  0.054619   28.62211893 34.86280315 -1.24545898  0.35927657],"[  4.2067267    0.16733957   9.42621468 -37.65350893  -1.24052582
  -0.17168509]",[ 4.66042975  0.16743306  2.49998044 -9.65098322 -1.48271008  0.33008684],"[-1.63858859e-01  1.10081692e-02 -1.40125812e+02 -2.09608557e+01
 -1.15624665e+00 -5.14596663e-01]","[ -7.24019619   0.66752583  -2.36689843 -15.13680902  -1.2904047
   0.09671652]",[ 3.75113565  0.80741111  1.95814569 -5.34527012 -1.30848652 -0.02792073],"[ 1.13885572e+00  5.94715238e-03  2.62493653e+02 -2.96942399e+02
 -1.20528669e+00 -3.89264428e-01]",007,FW
1040,0,0.3280189132890582,0,"[  2.69648612   0.10172914 -14.86024038  42.07043201  -1.04330388
  -0.65717435]",[-1.11106503  0.06614785 23.80340183 28.44712745 -1.2976508   0.22059274],"[  4.31111617   0.1542128   10.24913003 -42.18519016  -1.26205604
  -0.05918032]","[  4.75513715   0.31902272   4.51382843 -19.46387326  -0.85538966
   0.81837484]","[-1.71581783e-01  1.44423890e-02 -1.08537704e+02 -1.66230929e+01
 -1.27338717e+00 -3.12521916e-01]","[ -7.6506669    0.62717345  -2.51947974 -17.27570021  -1.28998034
   0.08878109]",[ 4.2508045   0.78413042  2.01584469 -6.56896166 -1.30809181 -0.05868896],"[ 1.14205067e+00  4.36198843e-03  3.53530790e+02 -4.01750074e+02
 -1.12647113e+00 -5.27698956e-01]",007,FW
1041,0,0.3280189132890582,0,"[  2.62320013   0.14381686 -10.84420032  30.44650768  -1.24183064
  -0.3886143 ]",[-1.06784661  0.07387232 21.37861603 24.82908261 -1.32094153  0.11469207],"[ 4.40982533e+00  1.51918953e-01  1.04068523e+01 -4.38924010e+01
 -1.28020431e+00  2.67079903e-02]","[  4.98952374   0.49742599   3.11243111 -13.52954888  -1.19645689
   0.47123241]","[-1.81161846e-01  1.68837501e-02 -9.34207607e+01 -1.49242775e+01
 -1.32102043e+00 -1.64685824e-01]","[ -8.03772597   0.59290226  -2.66550823 -19.4246247   -1.29107696
   0.07748334]",[ 4.73005916  0.74438297  2.12248004 -8.03945613 -1.30581905 -0.09610236],"[ 1.14418957e+00  2.76659303e-03  5.31487086e+02 -6.06121979e+02
 -8.75516853e-01 -7.97381216e-01]",007,FW
1042,0,0.3280189132890582,0,[ 2.52622735  0.17515145 -8.99104284 24.71341835 -1.31170514 -0.21230123],"[-1.02113299e+00  7.72418088e-02  2.04675780e+01  2.29001191e+01
 -1.32986642e+00  2.12672200e-02]","[  4.50759801   0.15531968  10.1776112  -43.87658001  -1.29963865
   0.05298105]","[  5.33622357   0.642745     2.44254735 -11.03397872  -1.2707195
   0.28807205]","[-1.91897474e-01  1.80828510e-02 -8.74137849e+01 -1.47744845e+01
 -1.33609200e+00 -4.36739428e-02]","[ -8.40480599   0.56452601  -2.79983461 -21.53206671  -1.29326888
   0.06677669]",[ 5.17815023  0.687122    2.29724566 -9.89548312 -1.30010462 -0.14286968],"[ 1.14521223e+00  1.34994434e-03  6.67714599e+02 -7.62674928e+02
 -7.07282855e-01 -7.56556827e-01]",007,FW
1043,0,0.3280189132890582,0,[ 2.41361917  0.19267395 -8.20093554 21.7939352  -1.33579609 -0.0779584 ],[-0.97378982  0.07594817 20.80792733 22.26254788 -1.32761113 -0.07196911],"[ 4.60602600e+00  1.58403759e-01  9.98103980e+00 -4.39729288e+01
 -1.31973765e+00  1.93399717e-02]",[ 5.77269538  0.76049918  2.07199343 -9.9609869  -1.28101245  0.20450671],"[-2.03001497e-01  1.79808243e-02 -8.78961516e+01 -1.58430504e+01
 -1.33103604e+00  6.37185540e-02]","[ -8.75488577   0.54053204  -2.92430562 -23.6019617   -1.29589325
   0.06042168]","[  5.58396469   0.61212445   2.57424084 -12.37446994  -1.28796187
  -0.20310296]","[ 1.14503191e+00  1.71684305e-03 -6.45642499e+02  7.41281261e+02
 -3.75418276e-01 -1.02315402e+00]",007,FW
1044,0,0.3280189132890582,0,[ 2.29449669  0.195224   -8.09702812 20.57860423 -1.33671793  0.03936316],[-0.92876465  0.06998903 22.53057694 22.92560344 -1.3114716  -0.17588314],"[  4.70334942   0.1556141   10.15625435 -45.76841303  -1.33158568
  -0.06258209]",[ 6.28533983  0.86707233  1.81897704 -9.43288883 -1.27626131  0.17707991],"[-2.13711167e-01  1.67053540e-02 -9.44291333e+01 -1.81805602e+01
 -1.31001942e+00  1.64475078e-01]","[ -9.08988451   0.51861644  -3.04786866 -25.7047741   -1.29826055
   0.0607441 ]","[  5.93664441   0.52038715   3.01794154 -15.91644577  -1.26333408
  -0.28386104]","[ 1.14354768e+00  3.61517924e-03 -4.06511863e+02  4.66865699e+02
 -8.28157738e-01 -8.26094999e-01]",007,FW
1045,0,0.3263870654718834,0,[ 2.17815588  0.1832433  -8.61007726 20.75409036 -1.31954698  0.15563488],[-0.88889456  0.05972677 26.25841081 25.34095859 -1.27073024 -0.30552446],"[  4.79486637   0.14289545  11.02880966 -50.88166853  -1.32099067
  -0.1896909 ]",[ 6.8706021   0.97897559  1.61104765 -9.06886736 -1.27085949  0.17773036],"[-2.23394415e-01  1.45439173e-02 -1.08093770e+02 -2.21475445e+01
 -1.27382576e+00  2.61416315e-01]","[ -9.41035838   0.49632411  -3.18450768 -27.96735856  -1.2997955
   0.06837628]","[  6.22634921   0.41443583   3.76301554 -21.42984883  -1.21191561
  -0.39926144]","[ 1.14066491e+00  5.83984242e-03 -2.62762298e+02  3.01723734e+02
 -1.08199121e+00 -5.76471041e-01]",007,FW
1046,0,0.3452553265877609,0,[ 2.07325614  0.15848101 -9.90502676 22.53565758 -1.2787356   0.28794749],[-0.85669834  0.04592833 33.67328278 30.84784537 -1.17180184 -0.48998153],"[  4.87388544   0.11837483  13.17819167 -62.22899646  -1.25622049
  -0.38019984]",[ 7.53275257  1.10643555  1.4252019  -8.73569326 -1.27031436  0.18384595],"[-2.31637246e-01  1.18993452e-02 -1.31521124e+02 -2.84651911e+01
 -1.22368016e+00  3.51035190e-01]","[ -9.71551662   0.47156723  -3.3510975  -30.55764345  -1.30005776
   0.08283995]","[  6.44505384   0.2985848    5.13136256 -31.07190802  -1.09117532
  -0.58111455]","[ 1.13631713e+00  8.18102772e-03 -1.90292840e+02  2.18233014e+02
 -1.18629730e+00 -4.26520154e-01]",007,FW
1047,2,0.6915866299208504,1,"[  1.98720007   0.12364151 -12.53784109  26.91519874  -1.18746958
   0.46567395]","[-8.34177795e-01  2.98822107e-02  4.93007326e+01  4.31255764e+01
 -8.92587882e-01 -7.87386039e-01]","[ 4.93299898e+00  8.29665340e-02  1.80665646e+01 -8.71223450e+01
 -1.02182096e+00 -6.88736086e-01]",[ 8.27924584  1.24980852  1.26182916 -8.44699381 -1.2762657   0.18011409],"[-2.38300678e-01  9.23568304e-03 -1.68801037e+02 -3.82254015e+01
 -1.16916557e+00  4.15074692e-01]","[-10.00349135   0.44291887  -3.56675094 -33.67996215  -1.2986811
   0.10328345]","[  6.58727004   0.18016102   7.95333677 -50.39077703  -0.74897871
  -0.88803301]","[ 1.13048245e+00  1.05277580e-02 -1.48858356e+02  1.70281759e+02
 -1.23768524e+00 -3.26807287e-01]",007,FW
1048,2,0.6915866299208504,1,"[  1.92574839   0.08231277 -18.06721818  36.79291637  -0.940179
   0.74793756]","[-8.22650613e-01  1.46426718e-02  6.80516312e+01  5.79827161e+01
 -5.33808250e-01 -8.85412706e-01]","[ 4.96544114e+00  4.37221809e-02  2.49705052e+01 -1.21989574e+02
 -5.36437951e-01 -8.90262789e-01]",[ 9.11501599  1.39917236  1.12771514 -8.27914151 -1.28744578  0.16035232],"[-2.43538826e-01  7.02280787e-03 -2.22306801e+02 -5.21403372e+01
 -1.14110116e+00  4.00200623e-01]","[-10.27175514   0.40971436  -3.85395441 -37.58687597  -1.29527871
   0.12891885]","[  6.65062011   0.08340471   8.17580729 -52.37418837  -0.97138679
  -0.62400361]","[ 1.12319009e+00  1.27888177e-02 -1.22976476e+02  1.40125960e+02
 -1.26583068e+00 -2.54874159e-01]",007,FW
1049,2,0.6915866299208504,1,"[ 1.89285884e+00  4.15525883e-02 -2.64441923e+01  5.20551232e+01
 -4.70060122e-01  9.45692834e-01]","[-8.22632553e-01  1.46060050e-02 -7.07859927e+01 -5.62308619e+01
 -5.37283228e-01 -8.82544557e-01]","[ 4.96635558e+00  4.18735275e-02 -2.21206098e+01  1.11858814e+02
 -5.98279115e-01 -8.39747103e-01]",[10.03711895  1.53670849  1.02760418 -8.31418539 -1.30083434  0.1248354 ],"[-2.47772500e-01  5.69697059e-03 -2.76453860e+02 -6.64976639e+01
 -1.16879511e+00  2.04724515e-01]","[-10.51758662   0.37203707  -4.24126289 -42.60784982  -1.289395
   0.15913409]","[  6.63621777   0.11201075 -10.93493061  74.56658078  -0.48979829
  -0.97593562]","[ 1.11451782e+00  1.48905817e-02 -1.05837960e+02  1.19958292e+02
 -1.28227613e+00 -2.00047289e-01]",007,FW
1050,2,0.6915866299208504,1,"[ 1.89069678e+00  3.71662612e-02  2.47531077e+01 -4.48006210e+01
 -6.26530291e-01  8.18917466e-01]","[-8.33780984e-01  2.88330386e-02 -5.15050886e+01 -4.09439634e+01
 -9.52433740e-01 -7.43362448e-01]","[  4.93378701   0.08641814 -16.94133578  85.58494246  -0.87120694
  -0.80622357]",[11.03122463  1.64104314  0.96301355 -8.62321876 -1.31278237  0.07656306],"[-2.51620800e-01  5.60752434e-03 -2.81165658e+02 -6.87471277e+01
 -1.17002495e+00 -1.57739202e-01]","[-10.73850861   0.33063292  -4.7676848  -49.1978243   -1.28053878
   0.19350562]",[ 6.54881951  0.20874591 -7.22219094 49.29682494 -1.02413062 -0.67427823],"[ 1.10458432e+00  1.67759123e-02 -9.40637066e+01  1.05901296e+02
 -1.29239336e+00 -1.56339713e-01]",007,FW
1051,2,0.6915866299208504,1,"[  1.91975169   0.0772488   18.95515544 -34.38919176  -0.85578108
   0.81397432]","[ -0.85490677   0.04276622 -36.32114294 -29.05119114  -1.21579476
  -0.43760599]","[  4.86919851   0.1331044  -11.61936838  58.57701117  -1.18515412
  -0.48452049]",[12.07102091  1.69250434  0.93413939 -9.27601616 -1.31996068  0.01913907],"[-2.55805602e-01  6.84900876e-03 -2.27862288e+02 -5.62884499e+01
 -1.12146203e+00 -4.07071421e-01]","[-10.93264629   0.28676011  -5.48978665 -58.01789567  -1.268185
   0.23192508]",[ 6.3967269   0.2996979  -5.19636729 35.23974241 -1.22381632 -0.41021257],"[ 1.09354127e+00  1.83996493e-02 -8.58330146e+01  9.58619434e+01
 -1.29894626e+00 -1.19885041e-01]",007,FW
1052,2,0.6915866299208504,1,"[  1.97902084   0.12162528  12.67948138 -23.09295787  -1.14135779
   0.5219572 ]","[ -0.8840643    0.05348357 -29.40705905 -23.99773105  -1.30341134
  -0.24355121]",[ 4.77741236  0.1707066  -9.19980741 45.95127367 -1.29415197 -0.27493867],"[ 13.12046286   1.67780205   0.94219596 -10.36204711  -1.32027623
  -0.04446764]","[-2.61050488e-01  9.23891452e-03 -1.68164619e+02 -4.18994557e+01
 -1.12327786e+00 -4.64461620e-01]","[-11.09896984   0.24197459  -6.49421075 -70.07904924  -1.25160712
   0.27492252]",[ 6.19142737  0.37231832 -4.22437996 28.15494171 -1.29298296 -0.24665656],"[ 1.08156730e+00  1.97235300e-02 -8.01146950e+01  8.86494344e+01
 -1.30338545e+00 -8.79617898e-02]",007,FW
1053,2,0.6915866299208504,1,"[  2.06625442   0.1627975    9.60963248 -17.85594555  -1.23888381
   0.35195718]","[ -0.91872976   0.05991001 -26.36496208 -22.22227537  -1.33361134
  -0.10177946]",[ 4.66599742  0.19451474 -8.11690511 39.87345829 -1.33218272 -0.12302669],"[ 14.1379213    1.59253597   0.99175817 -12.02139892  -1.31288543
  -0.11327336]","[-2.67991715e-01  1.25099950e-02 -1.24464862e+02 -3.13555519e+01
 -1.16251492e+00 -4.31248233e-01]","[-11.23739582   0.19787627  -7.92198628 -87.02249549  -1.22942382
   0.32428084]",[ 5.94695044  0.42164801 -3.74430744 24.2672108  -1.31979004 -0.12990893],"[ 1.06886372e+00  2.07138057e-02 -7.63109862e+01  8.35660448e+01
 -1.30636807e+00 -5.86794212e-02]",007,FW
1054,2,0.6666859575059582,1,"[  2.17824429   0.1985952    7.92200111 -15.25605366  -1.27865714
   0.24431537]","[-9.56059864e-01  6.16606211e-02 -2.56389001e+01 -2.25123234e+01
 -1.33698694e+00  1.62825607e-02]","[ 4.54419052e+00  2.02674601e-01 -7.80035126e+00  3.74462822e+01
 -1.33831611e+00  3.13723086e-04]","[ 15.08122452   1.44108024   1.09390748 -14.49746429  -1.2965404
  -0.1892845 ]","[-2.77110046e-01  1.63708411e-02 -9.54948736e+01 -2.44625888e+01
 -1.20666545e+00 -3.70297206e-01]","[ -11.34874211    0.15587165  -10.02063439 -111.72159554   -1.19846855
    0.38423296]",[ 5.67896042  0.44542484 -3.54910409 22.15522163 -1.32812178 -0.0352861 ],"[ 1.05564983e+00  2.13433735e-02 -7.40748338e+01  8.01970860e+01
 -1.30807088e+00 -3.09350582e-02]",007,FW
1055,2,0.6666859575059582,1,"[  2.31110846   0.22798033   6.91902046 -13.99060674  -1.2969536
   0.16920133]","[ -0.99319355   0.05893491 -26.79102767 -24.6086758   -1.32245062
   0.12496275]",[ 4.42146251  0.1958874  -8.06304621 37.65045657 -1.32436267  0.10833571],"[ 15.91301086   1.23533381   1.27172733 -18.23701075  -1.26696798
  -0.27688964]","[-2.88684424e-01  2.04926166e-02 -7.65734372e+01 -2.01055586e+01
 -1.24477520e+00 -3.03395580e-01]","[-1.14345651e+01  1.17015158e-01 -1.32689763e+01 -1.49724973e+02
 -1.15075908e+00  4.63941430e-01]",[ 5.40370161  0.44346193 -3.56447645 21.26136712 -1.32550247  0.05003888],"[ 1.04215652e+00  2.15972715e-02 -7.32095467e+01  7.82958061e+01
 -1.30850972e+00 -4.31078418e-03]",007,FW
1056,2,0.6666859575059582,1,"[  2.46053437   0.25042304   6.30731914 -13.5193755   -1.30616913
   0.11201002]","[ -1.02754149   0.05241836 -30.02194624 -28.84879548  -1.291132
   0.23502419]",[ 4.3058773   0.17737104 -8.88405901 40.253668   -1.29360873  0.20159601],"[ 16.60616394   0.99432684   1.57086932 -24.0861135   -1.21558738
  -0.37964963]","[-3.02763327e-01  2.45029623e-02 -6.42331263e+01 -1.74474350e+01
 -1.27526709e+00 -2.35969382e-01]","[-1.14969293e+01  8.19728185e-02 -1.87186260e+01 -2.13206721e+02
 -1.06423905e+00  5.83354109e-01]",[ 5.1369421   0.41735318 -3.78255268 21.43075408 -1.31352509  0.13510594],"[ 1.02861765e+00  2.14777859e-02 -7.36143236e+01  7.77209926e+01
 -1.30777337e+00  2.12274444e-02]",007,FW
1057,2,0.6666859575059582,1,"[  2.62197835   0.265653     5.94977929 -13.60019249  -1.31084979
   0.06473785]","[ -1.05701159   0.0431089  -36.26956798 -36.33735363  -1.23620752
   0.36045961]","[  4.20245748   0.15283342 -10.28871168  45.23787333  -1.253263
   0.26095118]","[ 17.14905789   0.74463729   2.07977114 -33.66611568  -1.13403326
  -0.49298219]","[-3.19148927e-01  2.79987593e-02 -5.63388780e+01 -1.59804925e+01
 -1.29833566e+00 -1.68549295e-01]","[-1.15381595e+01  5.11575068e-02 -2.90513372e+01 -3.33198962e+02
 -8.67613301e-01  7.87021926e-01]",[ 4.89301147  0.37016305 -4.25252299 22.80764375 -1.28941296  0.22920849],"[ 1.01525990e+00  2.10059877e-02 -7.52579234e+01  7.84063521e+01
 -1.30603169e+00  4.56478950e-02]",007,FW
1058,2,0.6666859575059582,1,"[  2.79083063   0.27359398   5.77880982 -14.12767944  -1.3124975
   0.02313977]","[-1.08013996e+00  3.21305379e-02 -4.79919881e+01 -4.98380639e+01
 -1.13138219e+00  5.26723667e-01]","[  4.11181653   0.1302515  -12.08697228  51.69941248  -1.22395251
   0.23273946]","[ 17.5499952    0.51946948   2.95809589 -49.91456869  -1.03584002
  -0.58376979]","[-3.37395249e-01  3.05821022e-02 -5.16567525e+01 -1.54287429e+01
 -1.31424162e+00 -1.00415818e-01]","[-1.15606158e+01  2.54842502e-02 -4.96106073e+01 -5.71529170e+02
 -3.85790192e-01  1.07407085e+00]",[ 4.68399481  0.30613312 -5.11212699 25.94517633 -1.24335055  0.34570332],"[ 1.00229230e+00  2.02191355e-02 -7.81699771e+01  8.03491665e+01
 -1.30344660e+00  6.89963432e-02]",007,FW
1059,2,0.6666859575059582,1,"[ 2.96254733e+00  2.74404524e-01  5.76189744e+00 -1.50698939e+01
 -1.31180782e+00 -1.49147550e-02]","[-1.09612598e+00  2.06447404e-02 -7.17642549e+01 -7.66626644e+01
 -8.85167869e-01  7.84242649e-01]","[ 4.02934251e+00  1.19374198e-01 -1.32348818e+01  5.53278717e+01
 -1.21031276e+00  3.98942432e-02]","[ 17.83981167   0.35616346   4.3478612  -75.56502489  -1.01040525
  -0.51335842]","[-3.56829425e-01  3.19124889e-02 -4.95399383e+01 -1.56773077e+01
 -1.32295458e+00 -3.02942167e-02]","[-1.15665243e+01  1.39758475e-02  3.17938744e+01  3.69744621e+02
 -1.43521237e+00  3.67691478e-01]",[ 4.51915857  0.23045498 -6.70160606 32.28562048 -1.14669158  0.50987222],"[ 9.89898525e-01  1.91643761e-02 -8.24483852e+01  8.36155349e+01
 -1.30021607e+00  9.15525723e-02]",007,FW
1060,2,0.5806753609589614,1,"[  3.13274413   0.26846405   5.88826243 -16.44641952  -1.30952847
  -0.05121918]","[-1.10479251e+00  1.01963670e-02 -1.15377080e+02 -1.25467734e+02
 -3.71294611e-01  1.04748237e+00]","[  3.94523806   0.1301017  -12.08227147  49.66743733  -1.15564191
  -0.26356443]","[ 1.80712735e+01  2.98619809e-01  5.27222102e+00 -9.32757477e+01
 -1.07306210e+00  3.92927024e-02]","[-3.76604995e-01  3.17617857e-02 -4.97706660e+01 -1.67438814e+01
 -1.32375608e+00  4.35454455e-02]","[-1.15578768e+01  2.79219972e-02  5.12998191e+01  5.94916989e+02
 -7.86850098e-01  8.62343702e-01]",[ 4.40467724  0.14938044 -9.92273854 45.70646059 -0.90044041  0.77495641],"[ 9.78234980e-01  1.78886791e-02 -8.82947821e+01  8.83730444e+01
 -1.29661305e+00  1.14336143e-01]",007,FW
1061,0,0.1070906847837345,0,"[  3.36688573   0.38008099   4.00776102 -11.4936734   -0.72599519
   0.66713746]",[-1.08489265  0.05412956 20.14032086 23.85008609  0.22668105  1.48272793],[ 3.24449386  1.48439435 -0.80086043  4.59838674  0.22816824 -1.48382075],[20.28132241  4.72885051  0.24636136 -2.99653416  0.24059036  1.49300293],"[-4.00997582e-01  3.88660642e-02 -4.00472994e+01 -1.40588702e+01
 -9.60476916e-01 -4.11623015e-01]","[-11.4335278    0.26864258   4.53169317  53.81323978   0.20316382
   1.46601056]",[ 4.62892253  0.63565458  1.55856827 -5.21449177  0.18085877  1.45120955],"[ 9.62948219e-01  2.43305595e-02 -6.27565945e+01  6.24313509e+01
 -7.40462534e-01 -6.36374991e-01]",007,FW
1062,0,0.1070906847837345,0,"[  3.55228117   0.36019939   4.15645922 -12.76491182  -1.63606385
   0.11967065]",[-1.05998174  0.06964357 20.11308527 23.31950315 -1.81804585  0.41163071],[ 2.4332116   1.97669605 -0.72038125  3.75284002 -1.74918734 -0.44244102],[22.80513611  6.26732556  0.22558109 -3.14440736 -1.76426046  0.4380935 ],"[-4.20725833e-01  3.54547038e-02 -4.30127734e+01 -1.60965849e+01
 -1.57554249e+00  1.86316845e-02]","[-11.2877867    0.35313611   4.06787963  47.91735761  -1.75802107
   0.43065205]",[ 4.94321888  0.87751007  1.57391321 -5.78019749 -1.74855884  0.44409499],"[ 9.50672250e-01  2.32703174e-02 -6.48094724e+01  6.36125670e+01
 -1.65421942e+00 -1.17610455e-01]",007,FW
1063,0,0.1070906847837345,0,"[  3.68374224   0.28323543   4.37439841 -14.11415621  -1.53595783
  -0.40196769]",[-1.03203953  0.07150201 19.99923377 22.6399999  -1.8181238  -0.39181082],[ 1.50573302  2.16128671 -0.6907373   3.04006597 -1.75859488  0.27872963],[25.63013354  6.76207926  0.21873097 -3.60610393 -1.77929179 -0.31035567],"[-4.35768098e-01  2.74184783e-02 -4.95812262e+01 -1.96059166e+01
 -1.46363680e+00  5.61838657e-01]","[-11.12062436   0.38246854   3.90905199  45.47109883  -1.7556099
  -0.28539133]",[ 5.3348679   0.97723638  1.51633854 -6.08946582 -1.76884152 -0.28995226],"[ 9.41437871e-01  1.87568027e-02 -7.05591871e+01  6.84270908e+01
 -1.59150143e+00  4.75168764e-01]",007,FW
1064,0,0.1070906847837345,0,[ 3.75745799  0.19484767  1.69377379 -4.36428385 -0.98964165 -0.55912471],[-1.00284362  0.05890943 21.35904841 23.41978537  0.15810483 -1.43237116],[ 0.46037152  1.98406476 -0.73038253  2.33624732 -0.34565416  1.02160774],[28.71617668  6.01582276  0.23367358 -4.71021174 -0.19017565 -1.16530431],"[-4.46404413e-01  1.72461910e-02 -5.35108067e+01 -2.18874603e+01
  1.23294613e-01  1.40112637e+00]","[-10.93054561   0.3521867    4.13837213  47.23466536  -0.3718339
  -0.97986677]",[ 5.78785136  0.89188426  1.59907681 -7.25521892 -0.2623213  -1.10405361],"[ 9.35183396e-01  1.25015962e-02 -5.88197821e+01  5.70072836e+01
 -1.77890500e-01  1.18388725e+00]",007,FW
1065,0,0.1070906847837345,0,[ 3.77108001  0.1701551  -9.20513869 36.71331454 -1.24333485 -0.3335869 ],"[-9.73849145e-01  1.02712186e-02  1.52585943e+02  1.50595690e+02
 -1.18784829e+00 -3.33970724e-01]",[-0.70031491  1.04183149 -1.51736239  0.93736849 -1.30052609 -0.04899573],"[ 31.99858613   2.44403118   0.64517761 -18.64477148  -1.29301759
  -0.18183062]","[-4.53188691e-01  3.35252216e-03  4.60566861e+02  2.10723693e+02
 -1.22440149e+00 -4.77610526e-01]","[-10.71452475   0.20616924   7.63654129  83.82191063  -1.24543577
   0.23184161]","[  6.2831561    0.39884685   3.95770116 -22.86685416  -1.3153323
  -0.13828493]","[ 9.31755220e-01  5.66665808e-03  2.77741858e+02 -2.56787426e+02
 -1.31274551e+00  2.25590155e-01]",007,FW
1066,0,0.1070906847837345,0,[ 3.65416012  0.20596903 -7.64014588 29.91831635 -1.27772559 -0.23934891],"[-9.67712460e-01  8.50184403e-03  1.85263650e+02  1.81281942e+02
 -1.20627871e+00 -2.16525657e-01]",[-1.36848561  1.07429297 -1.47158837 -0.0138475  -1.30049275 -0.0419485 ],"[ 33.42673567   2.12382016   0.74086265 -22.76462     -1.26976087
  -0.24366399]","[-4.51681678e-01  2.10411149e-03  6.58723615e+02  2.99533388e+02
 -7.40005483e-01 -8.84134987e-01]","[-10.57102092   0.24317097   6.46902224  70.38416944  -1.24228395
   0.25340393]","[  6.51397927   0.35018848   4.4901561  -27.24878378  -1.29156662
  -0.25245517]","[ 9.35399453e-01  6.27067397e-03  2.51971330e+02 -2.33693845e+02
 -1.33702928e+00  8.06111236e-02]",007,FW
1067,0,0.1070906847837345,0,[ 3.51617394  0.23624802 -6.676542   25.47588298 -1.29450963 -0.17144151],"[-9.62273506e-01  7.89118395e-03  2.00267933e+02  1.94712526e+02
 -1.22307413e+00  2.34459040e-03]",[-2.05560968  1.10209038 -1.43453479 -0.9488436  -1.30166903 -0.03462666],"[ 34.6484076    1.77146365   0.88589171 -28.6947372   -1.24188181
  -0.30247888]","[-4.51147130e-01  1.16860488e-03  3.85078993e+01  1.93727282e+01
 -1.71354927e+00 -2.41379301e-01]","[-10.40180081   0.28877834   5.44663902  58.65485415  -1.24750963
   0.25587917]","[  6.70600757   0.27981643   5.55828924 -35.27392968  -1.21881955
  -0.42478076]","[ 9.39280799e-01  6.36895034e-03  2.48200108e+02 -2.31129596e+02
 -1.33541507e+00 -3.69387227e-02]",007,FW
1068,2,0.250193827283371,1,[ 3.36074645  0.26053014 -6.06170507 22.37185376 -1.30222009 -0.12059379],"[-9.56829705e-01  8.52221300e-03  1.84806354e+02  1.78828209e+02
 -1.20632083e+00  2.19038552e-01]",[-2.75739019  1.12306264 -1.40781881 -1.88190577 -1.30426433 -0.02306409],"[ 35.65203062   1.41892028   1.10247832 -37.30559067  -1.21022396
  -0.36043672]","[-4.51733117e-01  2.22318996e-03 -6.06864285e+02 -2.72140695e+02
 -6.13102015e-01 -9.57376364e-01]","[-10.202404     0.34096421   4.61581461  49.09240546  -1.25955834
   0.23991203]","[  6.8459342    0.19142098   7.81485719 -51.49999806  -0.9884719
  -0.71101363]","[ 9.43092161e-01  6.00528879e-03  2.62801146e+02 -2.45845701e+02
 -1.31808794e+00 -1.45502895e-01]",007,FW
1069,2,0.250193827283371,1,[ 3.19159452  0.27891771 -5.66570734 20.08264048 -1.30519138 -0.0821525 ],"[-9.50703937e-01  1.02591815e-02  1.52824294e+02  1.47290658e+02
 -1.19621702e+00  3.26214775e-01]","[-3.46722729e+00  1.13213394e+00 -1.39659137e+00 -2.84229971e+00
 -1.30799092e+00 -3.38206318e-03]","[ 36.44159979   1.08771173   1.43174097 -50.17493152  -1.17213972
  -0.42673371]","[-4.53413748e-01  3.77688118e-03 -4.04695399e+02 -1.81494458e+02
 -1.13488641e+00 -5.73090049e-01]",[-9.97009658  0.39598349  3.97880062 41.66902641 -1.27507051  0.2093769 ],"[  6.92260746   0.09937205  11.32157643 -76.37482952  -0.48796672
  -0.93781975]","[ 9.46562574e-01  5.25640721e-03  2.99040877e+02 -2.81060902e+02
 -1.28374578e+00 -2.61544103e-01]",007,FW
1070,2,0.250193827283371,1,[ 3.0123103   0.29186987 -5.41604459 18.31480692 -1.30621272 -0.05248089],"[-9.43348875e-01  1.27621128e-02  1.22808203e+02  1.17850981e+02
 -1.22028016e+00  3.29164551e-01]",[-4.17456296  1.12160058 -1.40960691 -3.88449279 -1.31191134  0.02817174],"[ 37.02915276   0.78553342   1.96448756 -70.74330985  -1.10969003
  -0.52882773]","[-4.55995629e-01  4.98078321e-03 -3.15005166e+02 -1.41640979e+02
 -1.31579271e+00 -2.82392386e-01]",[-9.7047972   0.4487802   3.51505491 36.11289509 -1.2908219   0.16853016],"[  6.92858543   0.0872977  -10.06712024  71.75090256  -0.67581176
  -0.78733351]","[ 9.49474381e-01  4.21853593e-03  3.69399034e+02 -3.48734919e+02
 -1.21623638e+00 -4.06486578e-01]",007,FW
1071,2,0.250193827283371,1,[ 2.8262692   0.29985318 -5.27269296 16.90204968 -1.30690274 -0.02773599],"[-9.34447907e-01  1.55496647e-02  1.01058796e+02  9.64341807e+01
 -1.26178243e+00  2.72970454e-01]",[-4.86354253  1.08200683 -1.46057412 -5.10356433 -1.31402288  0.0759351 ],"[  37.42658174    0.50838198    2.94464115 -108.20785286   -0.93946709
   -0.73392706]","[-4.59151118e-01  5.57217061e-03 -2.83538298e+02 -1.28186926e+02
 -1.36457387e+00 -6.38259994e-02]",[-9.40972256  0.49361559  3.1993484  32.10498081 -1.3045829   0.1204266 ],[ 6.86134836  0.18147888 -8.04511536 57.20033911 -0.85250624 -0.81859138],"[ 9.51676518e-01  3.00638259e-03  5.07326174e+02 -4.80810407e+02
 -1.06477109e+00 -6.14876339e-01]",007,FW
1072,2,0.250193827283371,1,"[ 2.63669409e+00  3.03023613e-01 -5.21783864e+00  1.57578443e+01
 -1.30782984e+00 -4.01119148e-03]","[-9.23984513e-01  1.80726600e-02  8.72228642e+01  8.25925757e+01
 -1.30002416e+00  1.89592843e-01]",[-5.51242385  1.00368136 -1.57247166 -6.66813029 -1.30991173  0.14628821],"[  37.63935245    0.26011436    4.62161568 -171.95462146   -0.46601125
   -0.98075084]","[-4.62479202e-01  5.47736645e-03 -2.88192696e+02 -1.31283128e+02
 -1.34844745e+00  1.24032481e-01]",[-9.09162483  0.5247765   3.01180641 29.38221393 -1.3149489   0.06650248],[ 6.72389109  0.28380638 -5.43973207 38.57616604 -1.16227873 -0.50629188],"[ 9.53094858e-01  1.76711259e-03  8.00583396e+02 -7.61031918e+02
 -6.77717590e-01 -9.34710615e-01]",007,FW
1073,2,0.250193827283371,1,[ 2.44684626  0.30109291 -5.25108561 14.84859921 -1.30880033  0.02220397],"[-9.12257114e-01  1.98199258e-02  7.97079518e+01  7.47141461e+01
 -1.32466520e+00  9.56409967e-02]",[-6.0941892   0.87904312 -1.78900193 -8.90251621 -1.28918079  0.25044501],"[ 37.66433837   0.20981918  -3.64068988 139.12417539  -0.7904552
  -0.73739233]","[-4.65583133e-01  4.77774113e-03 -3.28143807e+02 -1.50778222e+02
 -1.28292708e+00  3.07129143e-01]","[-8.76056419e+00  5.37293237e-01  2.94266321e+00  2.77793899e+01
 -1.32074836e+00  6.75343606e-03]",[ 6.52458749  0.37180451 -4.21650913 29.51098268 -1.26982811 -0.31194224],"[ 9.53738502e-01  7.77492619e-04  8.99549760e+02 -8.55935241e+02
 -8.39588372e-01 -7.15187364e-01]",007,FW
1074,2,0.250193827283371,1,[ 2.26025207  0.29340323 -5.38764125 14.17742729 -1.30908083  0.0539205 ],"[-8.99834009e-01  2.04227611e-02  7.74127662e+01  7.16586398e+01
 -1.33337603e+00 -2.40693615e-03]","[ -6.57862109   0.70564     -2.20668938 -12.51697332  -1.22389926
   0.41148947]","[ 37.49265726   0.46791875  -3.05881911 116.68325661  -0.7166024
  -0.90860974]","[-4.68145061e-01  3.66612112e-03 -4.21011493e+02 -1.95094451e+02
 -1.15255748e+00  5.12411996e-01]",[-8.42921413  0.52764585  2.99556901 27.25029265 -1.32044238 -0.05999501],[ 6.27636732  0.43681754 -3.60977786 24.65629179 -1.31224689 -0.17718035],"[ 9.53698471e-01  8.56338774e-04 -1.45266849e+03  1.38740771e+03
 -6.77673341e-01 -8.35952493e-01]",007,FW
1075,0,0.1511329309357752,0,[ 2.02912524  0.36789821 -4.21406809 10.55087192 -0.913077   -0.46956053],"[-8.89362670e-01  1.71262210e-02  8.99313180e+01  8.19815571e+01
 -1.36053543e+00 -3.75551243e-01]",[-6.20241312  1.46586295  0.50971967  5.16149194 -0.17016088  1.20027335],[36.14311952  2.86784474 -0.44206392 17.97756903  0.13484829 -1.41818591],"[-4.70147797e-01  2.58794158e-03 -5.93530169e+02 -2.77046902e+02
 -9.83197733e-01  5.94159774e-01]",[-8.05758266  0.58248397  2.6994871  23.75134046 -1.10795911  0.2190005 ],[ 5.74317524  0.96331777 -1.48716556 10.54105241 -0.29003457 -1.08408817],"[ 9.53843388e-01  9.63535771e-04 -4.22415116e+02  4.04917866e+02
 -8.50974101e-01 -8.12824874e-01]",007,FW
1076,0,0.1511329309357752,0,[ 1.85751051  0.32341556 -4.59643136 10.53791954 -1.5141282  -0.01187315],"[-8.83555216e-01  1.08312341e-02  9.56845291e+01  8.65425648e+01
 -9.71424923e-01 -5.23829477e-01]",[-5.57352715  2.03578621  0.64711843  5.60673212 -1.73366527  0.41213151],[34.88958158  3.27097649 -0.43207337 17.07485922 -1.79551398 -0.38466284],"[-4.71831785e-01  2.11670182e-03 -7.40302307e+02 -3.47298159e+02
 -9.70045726e-01 -1.42799561e-02]",[-7.77149458  0.49446367  3.06850065 25.84683618 -1.46627153 -0.16043455],[ 5.23969221  1.07089728 -1.39288305  9.29827849 -1.76328795 -0.28599552],"[ 9.54446509e-01  1.92929359e-03  5.16882600e+02 -4.91336793e+02
 -5.51668021e-01  7.08786102e-01]",007,FW
1077,0,0.1511329309357752,0,[ 1.75104661  0.23637062 -4.50922193  9.89585778 -1.32174998  0.24007502],"[-8.82726784e-01  9.33124448e-03 -8.07165056e+01 -6.92506214e+01
 -1.26920233e+00 -2.51275067e-01]",[-4.72685941  2.30742609  0.63458356  4.99958726 -1.77024344 -0.30730116],[33.85008625  2.96350397 -0.42139355 16.26420785 -1.75859516  0.33466195],"[-4.73485948e-01  2.54759920e-03 -6.04656409e+02 -2.84296313e+02
 -1.03721423e+00 -5.62036636e-01]",[-7.56833969  0.35179429  3.66098463 29.70757527 -1.24228151 -0.6068205 ],[ 4.77767024  0.98862762 -1.44674219  8.91205711 -1.74663779  0.44085877],"[ 9.55779324e-01  3.46314730e-03  4.19134053e+02 -3.98599662e+02
 -1.08170832e+00  5.83810729e-01]",007,FW
1078,0,0.1511329309357752,0,[ 1.7138461   0.18210941  1.60613238 -0.75266371 -1.54279683 -0.16631815],"[-8.86952005e-01  1.47192651e-02 -1.03217710e+02 -8.95491546e+01
 -1.31703489e+00 -4.23480582e-01]",[-3.70782588  2.11655793  0.66171142  4.45351074 -0.17639762 -1.17989078],[33.13183115  2.25886997 -0.22325556  9.39686543 -0.67444074  0.83993009],"[-4.75482799e-01  3.65379261e-03 -4.22620441e+02 -1.98948750e+02
 -1.11392298e+00 -5.21238807e-01]",[-7.43964506  0.20294055  3.21150814 25.89248067 -0.28926314 -1.02948806],[ 4.36376154  0.74740075 -1.62572532  9.09427765  0.20881553  1.4691036 ],"[ 9.58081385e-01  5.01473210e-03  3.13504859e+02 -2.98363169e+02
 -1.24703640e+00  2.66269926e-01]",007,FW
1079,0,0.1938669882546713,0,[ 1.74834245  0.23430196  6.70847987 -9.72872013 -1.26730563  0.26670892],"[-8.96146858e-01  1.86119591e-02 -8.49245708e+01 -7.41048873e+01
 -1.30101219e+00 -6.43182024e-02]",[-2.56952727  0.82306017  1.91037124  6.90875099 -1.26933962 -0.25922621],"[ 32.82315782   1.67128198   0.93138974 -28.57115228  -1.22673887
   0.41384504]","[-4.78255268e-01  5.12646097e-03 -3.03417547e+02 -1.43111040e+02
 -1.14127688e+00 -4.47648472e-01]","[-7.37180523e+00  8.15830511e-02 -1.83635653e+01 -1.33372627e+02
 -1.06950710e+00  6.62943464e-01]","[ 3.99955641e+00  9.76400988e-02 -1.61895857e+01  6.67511611e+01
 -1.24822483e+00 -1.50411772e-02]","[ 9.61551062e-01  5.95503435e-03  2.64232008e+02 -2.52072568e+02
 -1.25804483e+00  2.44931997e-01]",007,FW
1080,0,0.2159387414309327,0,[ 1.90698323  0.27376382  5.75701399 -8.97852912 -1.28565393  0.1980527 ],"[-9.08279880e-01  1.96176961e-02 -8.05572355e+01 -7.11685163e+01
 -1.28178338e+00 -7.86656027e-02]",[-2.10229763  0.67422484  2.32228005  6.88212383 -1.23037379 -0.34246063],"[ 33.95963039   2.06722533   0.76116644 -23.84893082  -1.30415064
   0.23375301]","[-4.82110096e-01  6.93318274e-03 -2.24679358e+02 -1.06320187e+02
 -1.15415267e+00 -4.27859388e-01]","[-7.40152338e+00  4.39608864e-02 -2.21245248e+01 -1.61755188e+02
 -6.87361427e-01  7.57527506e-01]","[  3.934303     0.10276617 -15.36011804  62.43135853  -1.25426176
  -0.1434482 ]","[ 9.65635998e-01  6.97434813e-03  2.25803828e+02 -2.16044305e+02
 -1.26463950e+00  2.23009796e-01]",007,FW
1081,0,0.2678254957424247,0,[ 2.08917697  0.3077285   5.12868156 -8.71472338 -1.29410096  0.15024298],"[-9.21383740e-01  2.12142300e-02 -7.44154470e+01 -6.65651829e+01
 -1.25892602e+00 -1.39450704e-01]",[-1.72926056  0.51950254  2.99427118  7.17787506 -1.17304768 -0.43905748],"[ 35.29937406   2.30666136   0.68480447 -22.17316911  -1.33185112
   0.09958142]","[-4.87283275e-01  9.25722913e-03 -1.68465652e+02 -8.00904948e+01
 -1.16442524e+00 -4.11646951e-01]","[-7.39761677e+00  5.18582678e-02  2.01147995e+01  1.50801578e+02
 -4.51697356e-01  9.52986507e-01]","[  3.86446652   0.11488716 -13.72102829  55.02445451  -1.26293794
  -0.19508236]","[ 9.70389313e-01  8.06201204e-03  1.95454534e+02 -1.87666991e+02
 -1.26931602e+00  2.06260715e-01]",007,FW
1082,0,0.4682747222831961,0,[ 2.29153958  0.33657641  4.69259565 -8.75326867 -1.29806813  0.11613731],"[-9.35995108e-01  2.40482724e-02 -6.54997614e+01 -5.93074563e+01
 -1.23543346e+00 -2.18936264e-01]",[-1.45053871  0.37132281  4.14346298  8.01025343 -1.08266771 -0.55975208],"[ 3.67377668e+01  2.37286060e+00  6.66252490e-01 -2.24766287e+01
 -1.33634323e+00 -1.46400971e-02]","[-4.94134295e-01  1.22086794e-02 -1.27879571e+02 -6.11896815e+01
 -1.17609017e+00 -3.95022648e-01]","[ -7.35567138   0.10612558  13.87694267 104.07423001  -0.88778124
   0.79129083]","[  3.78686076   0.13021245 -12.10863573  47.85371754  -1.28060254
  -0.18681015]","[ 9.75858100e-01  9.22874012e-03  1.70814402e+02 -1.64690617e+02
 -1.27214618e+00  1.93695126e-01]",007,FW
1083,0,0.4682747222831961,0,[ 2.51091345  0.36080877  4.37931015 -8.99606874 -1.30040293  0.0906046 ],"[-9.52963477e-01  2.85723148e-02 -5.49923930e+01 -5.04057420e+01
 -1.21929033e+00 -2.81400840e-01]",[-1.25916932  0.23987108  6.28085334  9.90865783 -0.92675956 -0.72319797],"[ 38.1657214    2.26730465   0.69637025 -24.57747295  -1.32446178
  -0.12543083]","[-5.03063972e-01  1.58493191e-02 -9.86474349e+01 -4.76259704e+01
 -1.19383083e+00 -3.71575278e-01]",[-7.27598265  0.16257793  9.51389116 71.22290698 -1.17987178  0.48602655],"[  3.70050304   0.14505741 -10.88150724  42.26705068  -1.30047007
  -0.14399787]","[ 9.82096347e-01  1.04861502e-02  1.50374798e+02 -1.45682540e+02
 -1.27425507e+00  1.84354895e-01]",007,FW
1084,0,0.4682747222831961,0,[ 2.74431954  0.38067471  4.15190931 -9.39416586 -1.30254199  0.06926351],"[-9.73320161e-01  3.49283734e-02 -4.49249826e+01 -4.17263913e+01
 -1.21767533e+00 -3.08540936e-01]",[-1.14280508  0.13276199 10.77349782 14.312008   -0.62409465 -0.96321889],"[ 39.47941473   2.00603018   0.7839798  -28.95106383  -1.29264024
  -0.24849551]","[-5.14459093e-01  2.01198339e-02 -7.78649961e+01 -3.80583552e+01
 -1.21869037e+00 -3.36308462e-01]",[-7.16343934  0.20902984  7.51043973 55.80057944 -1.28982865  0.28271715],"[  3.60649861   0.15623289 -10.11417217  38.47674787  -1.31567321
  -0.08412403]","[ 9.89157946e-01  1.18357253e-02  1.33263475e+02 -1.29818625e+02
 -1.27759397e+00  1.75114072e-01]",007,FW
1085,0,0.4682747222831961,0,[ 2.98874448  0.39589877  3.99303158 -9.93415109 -1.30499079  0.04839408],"[ -0.99809886   0.04292555 -36.56323814 -34.49372647  -1.22955245
  -0.30275858]",[-1.0856925   0.05586048 20.1582915  23.88570594 -0.16155979 -1.19099576],"[ 40.58793129   1.61681452   0.96356398 -37.10906843  -1.22185648
  -0.40731656]","[-5.28610583e-01  2.47872999e-02 -6.33550982e+01 -3.14901754e+01
 -1.24728048e+00 -2.88713936e-01]",[-7.02693101  0.23880312  6.61081921 48.45377054 -1.33441992  0.12687703],"[ 3.50768023e+00  1.61394627e-01 -9.79604285e+00  3.63613859e+01
 -1.32315318e+00 -1.63313286e-02]","[ 9.97081986e-01  1.32467105e-02  1.19112298e+02 -1.16764727e+02
 -1.28366846e+00  1.61330559e-01]",007,FW
1086,0,0.4682747222831961,0,"[  3.24082249   0.40559889   3.89806344 -10.63293166  -1.30766828
   0.02505219]","[ -1.02814639   0.05207971 -30.1749823  -29.02429901  -1.24861358
  -0.27457505]","[-1.07084224e+00  2.60012150e-02 -2.86917633e+01 -2.87243521e+01
 -1.27391855e+00 -2.72693978e-01]","[ 41.41890249   1.13844767   1.33155442 -53.15152253  -1.04313942
  -0.64847031]","[-5.45621393e-01  2.94524960e-02 -5.34482090e+01 -2.71624863e+01
 -1.27461018e+00 -2.31828062e-01]","[-6.87832543e+00  2.47826753e-01  6.37872714e+00  4.58749611e+01
 -1.34604612e+00 -1.21925527e-02]",[ 3.40809381  0.15919697 -9.92879479 35.83826406 -1.32250253  0.05685545],"[ 1.00586973e+00  1.46378621e-02  1.07848689e+02 -1.06481732e+02
 -1.29244161e+00  1.39182140e-01]",007,FW
1087,0,0.4682747222831961,0,"[ 3.49651514e+00  4.08400292e-01  3.87150461e+00 -1.15367745e+01
 -1.31008337e+00 -3.00605593e-03]","[ -1.06395952   0.06168824 -25.51749093 -25.14957743  -1.26884291
  -0.23374557]","[ -1.08225625   0.04075655 -37.65443859 -38.75175135  -1.3287332
  -0.43648868]","[ 41.92240524   0.63311726   2.08758124 -85.51642667  -0.54170398
  -0.9913844 ]","[-5.65330125e-01  3.36175517e-02 -4.69215718e+01 -2.45261781e+01
 -1.29695054e+00 -1.69503944e-01]",[-6.73111659  0.23464573  6.72318184 47.25452088 -1.33047393 -0.15535248],"[  3.31245247   0.14918552 -10.58089904  37.04872518  -1.31307668
   0.13898064]","[ 1.01545870e+00  1.58785835e-02  9.94833764e+01 -9.90212601e+01
 -1.30225701e+00  1.07356833e-01]",007,FW
1088,0,0.4682747222831961,0,"[  3.75090653   0.40270982   3.92575128 -12.72512612  -1.31131791
  -0.03749177]","[ -1.10557017   0.0709241  -22.23010788 -22.57694424  -1.28676334
  -0.1866892 ]","[-1.10697278e+00  4.87249010e-02 -3.24211583e+01 -3.38893398e+01
 -1.39334846e+00 -2.33300560e-02]",[42.07322213  0.35100559 -0.67893746 30.5650866  -1.62423908 -0.28964734],"[-5.87273409e-01  3.67779327e-02 -4.29517870e+01 -2.32244424e+01
 -1.31278887e+00 -1.04228661e-01]",[-6.59889432  0.20053841  7.80890608 53.53014603 -1.27497934 -0.32639906],"[  3.22564291   0.13157013 -11.95829321  40.57318373  -1.28963115
   0.24027575]","[ 1.02570227e+00  1.68114421e-02  9.40158441e+01 -9.44322644e+01
 -1.31088414e+00  6.67557560e-02]",007,FW
1089,0,0.6723202457105637,0,"[  3.99821071   0.3871149    4.08224231 -14.32166494  -1.30994869
  -0.07969908]","[ -1.15248865   0.07893225 -20.00086718 -21.05077232  -1.30102523
  -0.13669731]","[ -1.13669779   0.04853537 -32.54323597 -34.99182443  -1.28696245
   0.11232661]",[41.87151873  0.69362969 -2.01795927 86.49501951 -0.71205083 -0.9078269 ],"[-6.10694177e-01  3.84965666e-02 -4.10659438e+01 -2.30787328e+01
 -1.32210473e+00 -3.59879413e-02]",[-6.49381572  0.14955144 10.24356162 68.51980145 -1.12440324 -0.5673456 ],"[  3.15229109   0.10712754 -14.5723249   47.93620987  -1.23387432
   0.38047599]","[ 1.03636129e+00  1.72830021e-02  9.14803079e+01 -9.28066499e+01
 -1.31667538e+00  1.87009349e-02]",007,FW
1090,0,0.6723202457105637,0,"[  4.23203554   0.36084      4.3756414  -16.51786992  -1.3040456
  -0.13068764]","[ -1.20370914   0.08491815 -18.60822476 -20.39889021  -1.31122283
  -0.08494584]","[ -1.16888987   0.04914918 -32.12098224 -35.54589084  -1.18185716
  -0.07904516]",[41.34203155  1.14926545 -1.33540029 57.2081608  -1.13308037 -0.5539773 ],"[-6.34588240e-01  3.84438099e-02 -4.11212589e+01 -2.40950674e+01
 -1.32472465e+00  3.81072682e-02]","[-6.42525099e+00  8.93550503e-02  1.55592114e+01  1.01971839e+02
 -6.81044353e-01 -9.26745029e-01]","[  3.09633742   0.07740572 -19.73176635  63.0962066   -1.08782693
   0.59797945]","[ 1.04710986e+00  1.71678871e-02  9.20852990e+01 -9.44234241e+01
 -1.31858768e+00 -3.69424705e-02]",007,FW
1091,0,0.6723202457105637,0,"[  4.44587025   0.32411847   4.86345161 -19.62227482  -1.29115057
  -0.19188799]","[ -1.257772     0.0882245  -17.91983018 -20.53906065  -1.31715839
  -0.03140741]","[ -1.2072285    0.06189631 -25.07167989 -28.26724649  -1.00390555
  -0.48633572]",[40.53182532  1.53820621 -1.01808715 43.26493056 -1.26772704 -0.32851083],"[-6.57776849e-01  3.64164960e-02 -4.33595768e+01 -2.65209258e+01
 -1.31836087e+00  1.24065084e-01]",[-6.39874254  0.04418012  5.35196355 36.24583682 -1.60694083 -0.29934937],"[ 3.06057954e+00  4.54689494e-02 -3.06437396e+01  9.57876027e+01
 -6.63200059e-01  9.39776974e-01]","[ 1.05755395e+00  1.63812781e-02  9.64331924e+01 -9.99833036e+01
 -1.31500027e+00 -1.02821839e-01]",007,FW
1092,0,0.3580746440776458,0,"[  4.63368184   0.27830594   5.64778966 -24.17006039  -1.26764055
  -0.26662573]","[ -1.31286669   0.08839027 -17.88668627 -21.48283453  -1.31861946
   0.02485177]","[ -1.26141396   0.09669989 -15.7190728  -17.82825787  -0.88536657
  -0.69525298]",[39.50668906  1.81622093 -0.86815009 36.29773557 -1.317003   -0.17684378],"[-6.78994710e-01  3.23579273e-02 -4.86365336e+01 -3.10239490e+01
 -1.29576545e+00  2.32497475e-01]","[-6.41537602e+00  7.50479024e-02 -1.77875804e+01 -1.12114017e+02
 -6.17621826e-01 -9.44188185e-01]","[ 3.04619676e+00  2.14201258e-02 -1.61991168e+01  5.13456970e+01
 -1.46928189e+00  3.70519001e-01]","[ 1.06725968e+00  1.48863163e-02  1.05907840e+02 -1.11031167e+02
 -1.30189696e+00 -1.84702007e-01]",007,FW
1093,0,0.3744128685028033,0,"[  4.79046221   0.22566197   6.928719   -31.1917665   -1.22583313
  -0.36337624]","[ -1.36696174   0.08518708 -18.54894596 -23.35569949  -1.3149956
   0.08588218]","[ -1.34625508   0.15973703  -9.49421402 -10.78163383  -0.91306896
  -0.70037256]",[38.34627917  1.96136214 -0.80582875 32.90053426 -1.3344136  -0.05696924],"[-6.96987549e-01  2.63906121e-02 -5.91303945e+01 -3.92131487e+01
 -1.23627173e+00  3.84134267e-01]","[ -6.47161278   0.12798628 -11.94994521 -75.33541816  -1.13698736
  -0.56877732]","[ 3.05230765e+00  3.29044194e-02  4.02825775e+01 -1.20954819e+02
 -6.54047606e-01  9.11816158e-01]","[ 1.07578772e+00  1.27046148e-02  1.23539578e+02 -1.30902361e+02
 -1.26959518e+00 -2.93250016e-01]",007,FW
1094,0,0.4063916818278701,0,"[  4.9125918    0.1689412    9.15172076 -42.95866834  -1.14356794
  -0.50290246]","[ -1.41795597   0.07863745 -20.06614622 -26.4529118   -1.30445163
   0.1551729 ]",[-1.48003307  0.25438767 -6.00735358 -6.89108195 -0.99705084 -0.63123004],[37.1381884   1.96454549 -0.80455954 31.87988386 -1.3340052   0.0525768 ],"[-7.10615419e-01  1.88738874e-02 -8.05644042e+01 -5.52503078e+01
 -1.06992304e+00  6.24420167e-01]","[ -6.55958621   0.16936342  -9.26207918 -58.75540691  -1.30567813
  -0.28967053]","[ 3.07562827e+00  5.41572982e-02  2.83957641e+01 -8.53348147e+01
 -1.21372809e+00  5.05285514e-01]","[ 1.08273152e+00  9.93027122e-03  1.56356726e+02 -1.67292356e+02
 -1.19247614e+00 -4.50239326e-01]",007,FW
1095,0,0.4724284532779406,0,"[  4.99796148   0.11120474  13.46117471 -65.27843269  -0.94290052
  -0.73353316]","[ -1.46384061   0.06902203 -22.79882163 -31.37384091  -1.28274586
   0.23834729]",[-1.68224729  0.38052229 -4.05237384 -4.81709489 -1.08276602 -0.54361214],[35.97134584  1.82854338 -0.86257943 33.02814285 -1.31678709  0.1667343 ],"[-7.18953351e-01  1.06665127e-02 -1.24456889e+02 -8.74786974e+01
 -5.71381901e-01  9.72657799e-01]","[ -6.66782981   0.19107702  -8.2668228  -53.12176753  -1.35810664
  -0.0841039 ]","[ 3.11032977e+00  6.66610595e-02  2.36406720e+01 -7.15302860e+01
 -1.39119125e+00  1.53532845e-01]","[ 1.08775529e+00  6.74922507e-03  2.22551254e+02 -2.40081304e+02
 -9.85601257e-01 -7.03826178e-01]",007,FW
1096,0,0.6439552939919645,0,"[ 5.04587863e+00  5.74940540e-02  2.17571413e+01 -1.07783894e+02
 -4.33202523e-01 -1.03258196e+00]","[ -1.50285357   0.05687353 -27.51896196 -39.35697035  -1.240388
   0.34559039]",[-1.97099853  0.5336578  -2.91155721 -3.738675   -1.15365668 -0.45618654],[34.9292336   1.56790176 -1.00042258 36.9439939  -1.27367607  0.30222214],"[-7.21376594e-01  6.13348723e-03  4.12919901e+01  3.17870752e+01
 -1.59877499e+00  3.07059063e-01]","[ -6.7823614    0.18956182  -8.32943835 -54.49326115  -1.35746368
   0.10692237]","[ 3.14819426e+00  6.54867584e-02  2.40182908e+01 -7.36142451e+01
 -1.40265969e+00 -1.90086989e-01]","[ 1.09062593e+00  3.55874004e-03  3.48167943e+02 -3.77720985e+02
 -4.55161935e-01 -1.01054995e+00]",007,FW
1097,0,0.6439552939919645,0,"[ 5.05684667e+00  3.59509297e-02 -1.53592586e+01  7.96694157e+01
 -1.23991060e+00 -4.71206798e-01]","[-1.53360847e+00  4.29517051e-02 -3.60023160e+01 -5.32134568e+01
 -1.15202702e+00  4.98580816e-01]",[-2.36036337  0.70515981 -2.2162133  -3.23106868 -1.20771194 -0.37479282],[34.08326116  1.20889924 -1.2796743  45.61547338 -1.1730492   0.48747438],"[-7.17620614e-01  1.25324315e-02  1.11126021e+02  8.17463232e+01
 -6.71298494e-01  9.33190677e-01]","[ -6.8879899    0.16421442  -9.52519572 -63.6094519   -1.29428109
   0.33369603]","[ 3.17910836e+00  4.91769195e-02  3.00844646e+01 -9.36417728e+01
 -1.10030867e+00 -6.51422801e-01]","[ 1.09123414e+00  2.36044102e-03 -2.55146746e+02  2.80424839e+02
 -1.15156562e+00 -5.14840015e-01]",007,FW
1098,0,0.6439552939919645,0,"[ 5.03232342e+00  7.45454901e-02 -1.92190306e+01  9.87163778e+01
 -7.72887480e-01 -8.72283473e-01]","[-1.55518388e+00  2.82404009e-02 -5.28481753e+01 -8.01886306e+01
 -9.32352881e-01  7.45742782e-01]",[-2.85818071  0.88333843 -1.77664195 -3.07796375 -1.24720144 -0.30073858],[33.48685235  0.7911334  -1.86882621 64.58110725 -0.90353997  0.77726258],"[-7.07811880e-01  2.12780754e-02  7.18414554e+01  5.28502356e+01
 -1.09336568e+00  5.91508906e-01]","[ -6.96967831   0.11781606 -12.73462119 -86.75621308  -1.05058956
   0.67050151]","[ 3.19188563e+00  2.96499069e-02  1.42431183e+01 -4.34624045e+01
 -1.56161139e+00 -2.39743814e-01]","[ 1.08960330e+00  4.88040266e-03 -2.94557163e+02  3.22950457e+02
 -7.96579187e-01 -8.57770301e-01]",007,FW
1099,0,0.6439552939919645,0,"[  4.97452088   0.12190536 -12.60222581  64.69003537  -1.11688701
  -0.55534289]","[-1.56715681e+00  1.44065636e-02 -8.43644683e+01 -1.30212351e+02
 -4.12888753e-01  1.03124230e+00]",[-3.46465599  1.05507365 -1.49188728 -3.16887621 -1.27506171 -0.23374134],[33.17121571  0.39069125 -2.75160701 93.2741498  -0.44646443  0.96086923],"[-6.92468297e-01  2.93243545e-02  5.32548764e+01  3.88773135e+01
 -1.23719635e+00  3.75090935e-01]","[-7.01380863e+00  6.29095672e-02 -1.62562634e+01 -1.12018321e+02
 -6.33953654e-01  8.00369891e-01]","[ 3.17537918e+00  6.16811056e-02 -2.00006776e+01  6.55097354e+01
 -3.11008081e-01 -1.11693916e+00]","[ 1.08588776e+00  7.82798747e-03 -1.96756560e+02  2.15655541e+02
 -1.14806724e+00 -5.27257819e-01]",007,FW
1100,0,0.6439552939919645,0,[ 4.88624895  0.16641361 -9.38734625 47.86891074 -1.22657125 -0.37438116],"[-1.56957239e+00  9.60455970e-03  6.89061020e+01  1.10153115e+02
 -1.07239693e+00  5.50623635e-01]",[-4.17197661  1.20753158 -1.30618028 -3.44935356 -1.29392728 -0.17298361],"[ 33.14358816   0.33470125   2.81219593 -91.20626361  -0.66440563
   0.78236318]","[-6.72467770e-01  3.58258661e-02  4.39300584e+01  3.15415484e+01
 -1.29476379e+00  2.32032963e-01]","[-7.00923131e+00  7.22026821e-02  1.39682669e+01  9.99068138e+01
 -4.43454583e-01  9.58331841e-01]","[  3.11976355   0.12745031 -11.56912431  38.09293229  -0.82939181
  -0.82163467]","[ 1.08036394e+00  1.03748791e-02 -1.50998215e+02  1.65133027e+02
 -1.26428032e+00 -3.24559178e-01]",007,FW
1101,0,0.6439552939919645,0,[ 4.77078455  0.20602177 -7.62981518 38.40020438 -1.26977137 -0.26485665],"[-1.56286036e+00  1.97713005e-02  7.31746853e+01  1.16361815e+02
 -8.20373138e-01  8.40942338e-01]",[-4.96485113  1.32956979 -1.18785499 -3.89752321 -1.30601304 -0.11734612],"[ 33.38815875   0.66052844   2.24154087 -72.84092235  -0.95052615
   0.74785436]",[-0.6489828   0.04028852 39.19232141 27.43514251 -1.31935769  0.12384732],[-6.94803331  0.15463445  9.43429008 67.54976175 -0.80768306  0.84541149],[ 3.01776519  0.20523069 -7.47322361 24.55243404 -1.07914307 -0.58064865],"[ 1.07341632e+00  1.22727095e-02 -1.28445600e+02  1.39875603e+02
 -1.31072389e+00 -1.85982746e-01]",007,FW
1102,0,0.6439552939919645,0,[ 4.63175793  0.23990485 -6.57095774 32.43508562 -1.28982091 -0.1908252 ],"[-1.54772041e+00  3.16256428e-02  4.87169563e+01  7.74002273e+01
 -1.13893368e+00  5.28803773e-01]",[-5.82173798  1.41259596 -1.118901   -4.51394844 -1.3130346  -0.06538698],"[ 33.86942465   0.98088299   1.58427623 -51.65852455  -1.22188055
   0.43120351]","[-6.23381226e-01  4.24525216e-02  3.72388597e+01  2.52140060e+01
 -1.32698211e+00  3.36818075e-02]",[-6.82601684  0.25016815  6.13674344 43.88951407 -1.09842965  0.56725266],[ 2.86561254  0.28668093 -5.4320028  17.56601534 -1.19496916 -0.42079004],"[ 1.06551734e+00  1.33727006e-02 -1.18168987e+02  1.27911105e+02
 -1.32956328e+00 -7.51946998e-02]",007,FW
1103,0,0.5368057321865614,0,[ 4.47305579  0.26761398 -5.89932074 28.38799076 -1.30014554 -0.13610254],"[-1.52500383e+00  4.25283428e-02  3.67789935e+01  5.80881058e+01
 -1.23594572e+00  3.55161141e-01]",[-6.71649504  1.45088427 -1.0897299  -5.31916548 -1.31608988 -0.01537359],"[ 34.53720804   1.22364002   1.28564077 -42.40244276  -1.30313216
   0.23870516]",[-0.59709851  0.04230575 37.36546409 24.31086286 -1.32349313 -0.0462984 ],[-6.64291733  0.34495761  4.52208587 32.03984261 -1.21309204  0.39601156],[ 2.66356917  0.364585   -4.30320977 13.46189686 -1.25594839 -0.30402729],"[ 1.05719898e+00  1.35946714e-02 -1.16288452e+02  1.24940033e+02
 -1.33244054e+00  2.53812882e-02]",007,FW
1104,0,0.5368057321865614,0,[ 4.29874607  0.28886957 -5.46969712 25.51283901 -1.3058149  -0.09243042],[-1.49562022  0.05213421 30.16725622 47.11875853 -1.27235961  0.25310101],[-7.62016925  1.44152662 -1.09671701 -6.35716921 -1.31565311  0.03470048],"[ 35.33199836   1.37073346   1.15229366 -38.71283765  -1.32964262
   0.10484361]",[-0.57149519  0.04008264 39.39889499 24.51627882 -1.31138856 -0.11996316],[-6.40238921  0.43156886  3.63979468 25.3033822  -1.26740778  0.27899455],[ 2.41603187  0.43228061 -3.64406718 10.80418244 -1.29045098 -0.21107681],"[ 1.04901592e+00  1.29322873e-02 -1.22086481e+02  1.30070662e+02
 -1.32148566e+00  1.27215086e-01]",007,FW
1105,0,0.5368057321865614,0,[ 4.11304115  0.30344911 -5.20923586 23.42580143 -1.30906492 -0.05487774],[-1.46048927  0.06038581 26.10988689 40.1332096  -1.28932133  0.18585783],[-8.50268125  1.38417601 -1.14155876 -7.7063103  -1.31159493  0.08736635],"[ 3.61892188e+01  1.41595852e+00  1.11652609e+00 -3.84062071e+01
 -1.33567105e+00 -6.70441860e-03]","[-5.47722655e-01  3.62232607e-02  4.35210157e+01  2.58374463e+01
 -1.29195552e+00 -1.89121125e-01]",[-6.11176509  0.50401305  3.12769073 21.11571104 -1.29623594  0.18956838],[ 2.13125548  0.4839653  -3.26228355  8.95275969 -1.31040028 -0.13128931],"[ 1.04150460e+00  1.14533228e-02 -1.37350884e+02  1.45051578e+02
 -1.29246539e+00  2.42676471e-01]",007,FW
1106,0,0.5368057321865614,0,"[ 3.92030793e+00  3.11097458e-01 -5.08223774e+00  2.19239369e+01
 -1.31095399e+00 -1.98542108e-02]",[-1.42054008  0.06723316 23.481935   35.35702994 -1.29923633  0.13561396],[-9.33427387  1.28065499 -1.23243937 -9.50392657 -1.30288513  0.14634671],"[ 37.04164104   1.35699836   1.16357918 -41.1008823   -1.32849944
  -0.12120494]","[-5.26624093e-01  3.12956032e-02  5.02548464e+01  2.84654129e+01
 -1.26628098e+00 -2.54385312e-01]",[-5.78157011  0.55746642  2.83311266 18.37983944 -1.31179264  0.11502914],[ 1.82077502  0.51498708 -3.06926617  7.58844318 -1.32106683 -0.0576551 ],"[ 1.03514520e+00  9.28957439e-03 -1.67894748e+02  1.75795442e+02
 -1.22838210e+00  3.92823249e-01]",007,FW
1107,0,0.5368057321865614,0,"[ 3.72510310e+00  3.11477453e-01 -5.07609080e+00  2.09089616e+01
 -1.31174237e+00  1.56928114e-02]",[-1.37674308  0.07255232 21.77760937 31.98217299 -1.3060268   0.09292588],"[-10.08672436   1.13455294  -1.3881315  -12.00169983  -1.28650998
   0.2177446 ]","[ 37.82022296   1.19248694   1.31735947 -47.82282881  -1.29755718
  -0.26826745]","[-5.08690982e-01  2.58941225e-02  6.05625422e+01  3.28076191e+01
 -1.23566816e+00 -3.16147075e-01]",[-5.42476572  0.58857837  2.68574641 16.56954507 -1.3188773   0.04886665],[ 1.49855557  0.52216263 -3.02784502  6.53739401 -1.32414979  0.01500377],"[ 1.03033328e+00  6.62791603e-03 -2.29605147e+02  2.38569824e+02
 -1.06704411e+00  6.22710669e-01]",007,FW
1108,0,0.5368057321865614,0,[ 3.53218859  0.30421242 -5.19616354 20.35382956 -1.31094027  0.05440228],[-1.33015006  0.07615118 20.75818933 29.61150685 -1.31063193  0.0528445 ],"[-10.73440081   0.95106067  -1.64881609 -15.69905276  -1.25454176
   0.31239578]","[ 38.45454744   0.92408178   1.66937034 -62.19488077  -1.18674441
  -0.50003033]","[-4.94083059e-01  2.05329576e-02  7.61097813e+01  3.96045536e+01
 -1.20100034e+00 -3.76604361e-01]","[-5.05572642e+00  5.95871554e-01  2.65336720e+00  1.54146987e+01
 -1.31948260e+00 -1.23414199e-02]",[ 1.17987952  0.50420987 -3.13358162  5.69724877 -1.31907953  0.09076059],"[ 1.02736471e+00  3.77013041e-03 -3.57494051e+02  3.69276773e+02
 -5.92453865e-01  9.68015462e-01]",007,FW
1109,0,0.5762629389240483,0,[ 3.34647756  0.28905176 -5.46569906 20.29083924 -1.30740026  0.09843133],"[-1.28192058e+00  7.78227043e-02  2.03166108e+01  2.80442816e+01
 -1.31309821e+00  1.28611781e-02]","[-11.25525356   0.73730586  -2.10612863 -21.70501175  -1.18484679
   0.45180294]","[ 38.87420106   0.5724321    2.43689179 -92.73222151  -0.75723975
  -0.87307424]","[-4.82704039e-01  1.55604969e-02  9.99546024e+01  5.02484903e+01
 -1.15963265e+00 -4.43971019e-01]",[-4.68901761  0.58001215  2.72487098 14.77696799 -1.31452212 -0.07032107],[ 0.8800032   0.46219876 -3.41223789  5.00278025 -1.30360317  0.17331478],"[ 1.02643288e+00  2.05973557e-03  6.34108289e+01 -6.30869596e+01
 -1.68706574e+00  2.69412865e-01]",007,FW
1110,0,0.5921921387070517,0,[ 3.17286782  0.26611944 -5.93053091 20.81679071 -1.29940683  0.14957947],[-1.23331936  0.07740567 20.42496464 27.1905043  -1.31326417 -0.0285641 ],"[-11.63178861   0.50373962  -2.99511292 -32.83852036  -1.00327691
   0.68272864]","[ 3.90119051e+01  3.29571066e-01  2.86349147e-02  8.82897425e-01
 -1.72024576e+00 -2.47377952e-01]","[-4.74310511e-01  1.11240635e-02  1.38590062e+02  6.77347230e+01
 -1.09576070e+00 -5.40721105e-01]",[-4.33811358  0.54378686  2.90384076 14.59719104 -1.30455828 -0.12583148],[ 0.61265872  0.39978575 -3.93127928  4.40853252 -1.27338281  0.26706584],"[ 1.02763466e+00  4.16914220e-03  3.29977427e+02 -3.37096241e+02
 -6.19575351e-01  9.61697751e-01]",007,FW
1111,0,0.5921921387070517,0,[ 3.01595234  0.23613657 -6.67162303 22.12129708 -1.28459628  0.20977363],[-1.18567765  0.07483227 21.11967059 27.04112131 -1.31065551 -0.07275732],"[-11.85199736   0.27193836  -4.75675923 -54.37709779  -0.49722006
   1.00781476]",[38.80850241  0.69961446 -1.90632484 75.98161203 -0.49184351 -1.0330525 ],"[-4.68623856e-01  7.20682620e-03  2.08635945e+02  9.97717811e+01
 -9.45252035e-01 -7.20077838e-01]",[-4.01423854  0.49172527  3.20707473 14.87396298 -1.29009916 -0.17904156],[ 0.38855055  0.32303809 -4.83512366  3.87868998 -1.22002828  0.37856281],"[ 1.03098056e+00  7.30788796e-03  2.08196988e+02 -2.12647048e+02
 -1.04808039e+00  6.32248770e-01]",007,FW
1112,0,0.5921921387070517,0,[ 2.87965676  0.20050083 -7.83400227 24.55923758 -1.25940784  0.2821483 ],[-1.14032457  0.07016029 22.50889561 27.66744672 -1.304363   -0.12100578],"[-11.91014368   0.16043111   2.44046534  31.06629286  -1.45970553
   0.36891702]",[38.21922105  1.30578881 -1.15215216 46.03435809 -0.96296453 -0.71101894],"[-4.65416530e-01  3.80008455e-03  3.45592072e+02  1.62844263e+02
 -4.95455514e-01 -1.01741208e+00]",[-3.72550821  0.42944041  3.66607287 15.65798456 -1.27174478 -0.22961046],[ 0.21409364  0.23980397 -6.43925515  3.3786036  -1.126191    0.5188843 ],"[ 1.03640431e+00  1.04390769e-02  1.49040299e+02 -1.52466009e+02
 -1.19397446e+00  4.30346550e-01]",007,FW
1113,0,0.6570489004565077,0,[ 2.76690531  0.1611611  -9.69619597 28.82845614 -1.21703225  0.37344632],[-1.09850697  0.06358665 24.80346599 29.24678033 -1.29314798 -0.17491979],"[-11.80727087   0.32965945   4.28725204  52.62074615  -0.725092
   0.9020623 ]",[37.22008289  1.95821225 -0.79022436 31.41221606 -1.15025979 -0.49394591],"[-4.64552638e-01  2.15378328e-03 -1.47131762e+02 -6.63504480e+01
 -1.53640775e+00 -3.46585123e-01]",[-3.47649272  0.36285218  4.33050634 17.05497378 -1.25039554 -0.27646268],[ 0.09067349  0.15872602 -9.50200428  2.8615799  -0.95218319  0.70864324],"[ 1.04376859e+00  1.33462400e-02  1.17539437e+02 -1.20683973e+02
 -1.25405761e+00  3.06371688e-01]",007,FW
1114,0,0.7746528577441749,0,"[  2.67941994   0.12032895 -12.85637938  36.44763925  -1.14007031
   0.49967374]",[-1.06131446  0.05543459 28.39024161 32.13097404 -1.27502845 -0.23749008],"[-11.5513152    0.54794728   2.79818768  34.32274789  -1.11080017
   0.56880274]",[35.81318622  2.59338874 -0.60330896 23.60641605 -1.235494   -0.35138236],"[-4.65978956e-01  4.56953636e-03 -3.05361662e+02 -1.40292108e+02
 -6.43224528e-01 -9.51843710e-01]",[-3.2682334   0.29746279  5.27211935 19.23051653 -1.22768359 -0.31725114],"[ 1.46211603e-02  8.81626738e-02 -1.60637626e+01  2.23487085e+00
 -5.99768120e-01  9.82005350e-01]","[ 1.05286663e+00  1.58952080e-02  9.90772287e+01 -1.02315107e+02
 -1.28452188e+00  2.19109676e-01]",007,FW
1115,0,0.7746528577441749,0,"[  2.61770797   0.08021998 -18.79897719  51.21023242  -0.97188449
   0.69931925]",[-1.02961553  0.0461193  34.00173002 37.00870918 -1.24547686 -0.31466699],"[-11.15678047   0.74840011   2.08794817  25.29477943  -1.23703898
   0.36761046]",[34.02986568  3.15833058 -0.49811305 18.95072023 -1.28103564 -0.24470733],"[-4.69680409e-01  7.95905083e-03 -1.91210694e+02 -8.78079169e+01
 -1.04057472e+00 -6.34776456e-01]",[-3.09866565  0.23779193  6.58450387 22.40317594 -1.20665337 -0.34760225],"[-2.20534081e-02  3.61851673e-02 -2.80603856e+01  1.38117287e+00
 -2.14301774e-01  1.13533264e+00]","[ 1.06342213e+00  1.79650276e-02  8.78485377e+01 -9.14200787e+01
 -1.30210259e+00  1.49711710e-01]",007,FW
1116,0,0.7746528577441749,0,"[ 2.58121326e+00  4.34808553e-02 -3.10546188e+01  8.21585936e+01
 -5.28277725e-01  1.01409765e+00]","[-1.00400560e+00  3.61163483e-02  4.31321553e+01  4.53049253e+01
 -1.19329925e+00 -4.17592765e-01]","[-10.64398677   0.91527405   1.71913236  20.29842209  -1.28679614
   0.23933174]",[31.93112976  3.60413756 -0.43779978 15.97944157 -1.30697451 -0.15594754],"[-4.75623004e-01  1.14145878e-02 -1.36195368e+02 -6.27776499e+01
 -1.18565867e+00 -4.40999061e-01]",[-2.96334582  0.18701168  8.36678569 26.79367937 -1.1922813  -0.36055812],"[-3.02756822e-02  1.96272029e-02  5.05052165e+01  3.52907988e+00
 -1.05924897e+00  3.73049876e-01]","[ 1.07509185e+00  1.94438776e-02  8.12633056e+01 -8.53655172e+01
 -1.31240030e+00  8.90511140e-02]",007,FW
1117,0,0.6116772901628391,0,[ 2.56853575  0.0206766  -2.35839585  8.05762405 -1.71209576  0.25986707],"[-9.84764657e-01  2.59613011e-02  5.91692071e+01  6.02677439e+01
 -1.08982387e+00 -5.67250937e-01]","[-10.03795366   1.04022941   1.51723118  17.22989629  -1.30884614
   0.14641912]",[29.60519874  3.88930597 -0.40632111 14.0292172  -1.32093543 -0.07575696],"[-4.83707414e-01  1.46856471e-02 -1.06763654e+02 -4.96423709e+01
 -1.25023904e+00 -3.15968757e-01]",[-2.85635177  0.14678504 10.66868045 32.47350434 -1.19059088 -0.34740361],"[-2.21212916e-02  2.78601766e-02  5.59508812e+01  3.23770576e+00
 -1.54016024e+00  1.87692901e-01]","[ 1.08747514e+00  2.02432522e-02  7.80979850e+01 -8.29296176e+01
 -1.31728812e+00  3.26039545e-02]",007,FW
1118,0,0.6116772901628391,0,"[ 2.57760915e+00  3.69947744e-02  3.71556182e+01 -9.37726613e+01
 -6.74406976e-01  9.22517798e-01]","[-9.71817367e-01  1.62918156e-02  9.08034879e+01  9.02444065e+01
 -8.53376880e-01 -8.03685791e-01]",[-9.36703816  1.11850517  1.41296174 15.2352665  -1.3182298   0.07185103],"[ 2.71625454e+01  3.98334735e+00 -3.96913276e-01  1.27811749e+01
 -1.32608093e+00  2.34816183e-03]","[-4.93751428e-01  1.75976880e-02 -8.94651667e+01 -4.21735538e+01
 -1.28159088e+00 -2.27238727e-01]",[-2.77122648  0.11728531 13.3841054  39.09038725 -1.20489383 -0.3023108 ],"[-8.98404561e-03  2.60009150e-02  5.86010696e+01  2.52647468e+00
 -1.32086919e+00 -4.78584310e-01]","[ 1.10013454e+00  2.03186680e-02  7.78119653e+01 -8.36036307e+01
 -1.31727325e+00 -2.16978462e-02]",007,FW
1119,0,0.6116772901628391,0,"[  2.60577943   0.06233066  24.58552618 -62.06445831  -1.12570242
   0.56475138]","[-9.64698494e-01  8.00921197e-03  1.55338682e+02  1.51854993e+02
 -3.34967057e-01 -1.10420308e+00]","[-8.66148508e+00  1.14817080e+00  1.37703760e+00  1.39271906e+01
 -1.32060622e+00  6.47271202e-03]",[24.72943635  3.8681779  -0.40848117 12.10150902 -1.32296275  0.08536699],"[-5.05507530e-01  2.00543765e-02 -7.86705130e+01 -3.77685367e+01
 -1.29536504e+00 -1.63162723e-01]",[-2.70186111  0.09733764 16.17476414 45.70196612 -1.23109814 -0.23230387],"[-1.83462277e-05  1.58593462e-02  6.33827306e+01  2.00116283e+00
 -7.41101392e-01 -7.09851991e-01]","[ 1.11262816e+00  1.96881514e-02  8.02712874e+01 -8.73120952e+01
 -1.31241458e+00 -7.43334351e-02]",007,FW
1120,0,0.6116772901628391,0,"[  2.64981393   0.08393949  18.65026082 -47.41972083  -1.26477008
   0.33426529]","[-9.62548712e-01  3.86443173e-03 -9.92115952e+01 -9.34959932e+01
 -1.59271880e+00 -2.31324901e-01]",[-7.95200695  1.12962748  1.39929075 13.12716979 -1.31798461 -0.05605193],[22.44104491  3.53741058 -0.44567195 12.00134419 -1.3081832   0.18393789],"[-5.18706627e-01  2.20624965e-02 -7.15832109e+01 -3.51306859e+01
 -1.29923620e+00 -1.19599289e-01]",[-2.64324879  0.08462482 18.64396492 51.28063775 -1.25993598 -0.16469993],"[-1.02996689e-03  1.78769620e-02 -5.53859287e+01  1.94295433e+00
 -5.56815132e-01 -8.65291757e-01]","[ 1.12455079e+00  1.84421691e-02  8.56261085e+01 -9.42909081e+01
 -1.30286383e+00 -1.24358532e-01]",007,FW
1121,0,0.6116772901628391,0,"[  2.70592987   0.09957539  15.83152039 -40.83898393  -1.31369638
   0.18400585]","[-9.64172946e-01  6.37589637e-03 -2.31197162e+02 -2.20914048e+02
 -1.09010583e+00 -6.59904176e-01]",[-7.2684298   1.06525235  1.48244782 12.77506792 -1.31007016 -0.12122174],[20.43464259  2.99597548 -0.52310097 12.68938132 -1.26805567  0.31747756],"[-5.33108643e-01  2.37231794e-02 -6.66024601e+01 -3.35063471e+01
 -1.29839786e+00 -9.38418612e-02]",[-2.59206163  0.07598141 20.77821292 55.85840845 -1.28544403 -0.13746664],"[-1.38444109e-02  3.41189039e-02 -4.35119058e+01  1.39760330e+00
 -1.02346900e+00 -7.05945017e-01]","[ 1.13557709e+00  1.67415158e-02  9.42252852e+01 -1.05000075e+02
 -1.28939228e+00 -1.69059140e-01]",007,FW
1122,0,0.6116772901628391,0,"[  2.76992638   0.10835213  14.58508855 -38.39962161  -1.32953399
   0.07089749]","[-9.68174242e-01  8.53468953e-03 -1.84250069e+02 -1.76386171e+02
 -1.40390726e+00 -1.93585125e-01]",[-6.63840283  0.95935215  1.6429177  12.90634954 -1.29438658 -0.19482865],[18.84287172  2.26387472 -0.68012113 14.81543518 -1.15325767  0.52677235],"[-5.48537503e-01  2.51819129e-02 -6.27554480e+01 -3.24237167e+01
 -1.29667776e+00 -8.15100169e-02]",[-2.54701797  0.06782681 23.24517853 61.20588737 -1.30195104 -0.18304915],"[ -0.03612042   0.04615065 -33.9595443    0.77336697  -1.3876094
  -0.26206198]","[ 1.14549939e+00  1.48022811e-02  1.06462862e+02 -1.19953143e+02
 -1.27405561e+00 -2.03149977e-01]",007,FW
1123,0,0.6116772901628391,0,"[ 2.83744345e+00  1.10168604e-01  1.43502852e+01 -3.87181228e+01
 -1.32868489e+00 -2.32208239e-02]","[-9.73145854e-01  8.76049036e-03 -1.79992020e+02 -1.73158488e+02
 -1.38569161e+00  1.40398513e-01]",[-6.08617166  0.81831913  1.91903191 13.67955764 -1.26520217 -0.28478648],[17.78703809  1.39777284 -1.01541226 20.06117655 -0.76883733  0.87398192],"[-5.64883317e-01  2.65543161e-02 -5.95164467e+01 -3.16198478e+01
 -1.29658909e+00 -7.56852147e-02]","[-2.50902339e+00  5.67113570e-02  2.75861109e+01  7.12141977e+01
 -1.27938280e+00 -3.36821163e-01]","[ -0.06158391   0.04653883 -33.72159609  -0.07670762  -1.45187656
   0.19055564]","[ 1.15425233e+00  1.28700188e-02  1.22390261e+02 -1.39269243e+02
 -1.26075422e+00 -2.17826044e-01]",007,FW
1124,0,0.7444730862686714,0,"[  2.90429375   0.10560644  14.95674784 -41.43878932  -1.31735914
  -0.10806029]","[-9.77880278e-01  7.36048461e-03 -2.10979012e+02 -2.04312215e+02
 -1.23992859e+00  4.31027961e-01]",[-5.63143668  0.65068393  2.39567314 15.4910816  -1.20868459 -0.40539156],[17.37036632  0.71012472 -0.48487635 10.42247987 -1.53996798  0.32189818],"[-5.82069047e-01  2.78611641e-02 -5.67293983e+01 -3.10204268e+01
 -1.29914742e+00 -6.84842288e-02]","[-2.48108182e+00  4.01957478e-02  3.71864523e+01  9.42626308e+01
 -1.05857877e+00 -6.68768837e-01]","[-8.06821207e-02  3.31399003e-02 -4.10523202e+01 -1.31218826e+00
 -9.48524067e-01  6.95319293e-01]","[ 1.16191898e+00  1.11880454e-02  1.40872743e+02 -1.61682713e+02
 -1.25444970e+00 -2.01013855e-01]",007,FW
1125,0,0.7444730862686714,0,"[  2.96676136   0.09570445  16.46986601 -46.86216213  -1.29734026
  -0.19224688]","[-9.81543381e-01  5.03471904e-03 -2.95687054e+02 -2.88229671e+02
 -9.33710042e-01  7.52752434e-01]",[-5.28837085  0.46706958  3.2783412  19.33708402 -1.08398902 -0.5874185 ],"[ 17.67126556   1.28475592   1.00588573 -15.77527382  -0.46559228
   1.03075823]","[-5.99994805e-01  2.90041680e-02 -5.45013832e+01 -3.07005468e+01
 -1.30384609e+00 -5.38480963e-02]","[-2.46798062e+00  2.20191508e-02  3.49053945e+01  8.81458371e+01
 -1.06425258e+00 -4.91614101e-01]",[-0.08165801  0.03129353 16.2037487   3.32316581 -1.05813156  0.61902384],"[ 1.16871666e+00  9.96573496e-03  1.58398799e+02 -1.83123316e+02
 -1.25716637e+00 -1.42265098e-01]",007,FW
1126,0,0.7444730862686714,0,"[  3.02176898   0.08164559  19.23034713 -56.10966644  -1.26518098
  -0.28833989]","[-9.83766988e-01  2.60288380e-03 -4.89856912e+02 -4.79905059e+02
 -3.48542967e-01  1.11126354e+00]",[-5.06489147  0.28150844  5.10304025 27.84634505 -0.74890085 -0.8878791 ],[18.73711294  2.42500605  0.61977387 -9.61277306 -0.96838096  0.71095978],"[-6.18481770e-01  2.97930463e-02 -5.30666765e+01 -3.08207720e+01
 -1.30906596e+00 -2.91545598e-02]","[-2.47577235e+00  3.77165688e-02 -3.04026279e+01 -7.32699855e+01
 -2.65593101e-01 -1.11812681e+00]",[-0.05199339  0.08094887 16.75775608  2.87129257 -0.45634052  1.06629391],"[ 1.17496538e+00  9.35096446e-03  1.69043937e+02 -1.96620774e+02
 -1.26309626e+00 -4.50652194e-02]",007,FW
1127,0,0.7444730862686714,0,"[ 3.06688137e+00  6.44995563e-02  2.41374833e+01 -7.20267979e+01
 -1.20412730e+00 -4.20292616e-01]","[-9.84635475e-01  1.02621471e-03 -2.33687094e+01 -2.10096603e+01
 -1.65448422e+00  2.00679224e-01]",[-4.96222927  0.12867341  5.98412061 31.69457843 -0.79601236 -0.72710861],[20.57936122  3.62375925  0.42741418 -6.79591088 -1.1607115   0.48274703],"[-6.37236848e-01  3.00071889e-02 -5.26911174e+01 -3.15767216e+01
 -1.31283282e+00  5.34698875e-03]","[ -2.51110638   0.08318976 -17.49130871 -41.92253692  -0.74134938
  -0.88480307]",[ 0.01993557  0.1553897   9.61257405  1.8083679  -0.89155117  0.76482202],"[ 1.18104557e+00  9.41010132e-03  1.67956272e+02 -1.96364011e+02
 -1.26340036e+00  6.42780399e-02]",007,FW
1128,0,0.7444730862686714,0,"[ 3.10019097e+00  4.51916760e-02  3.36022071e+01 -1.02173259e+02
 -1.04790767e+00 -6.39517342e-01]","[-9.84573787e-01  1.12346417e-03  1.32299694e+03  1.30458811e+03
 -1.51171749e+00  3.20576344e-01]","[ -4.97480642   0.15385137  -7.76132397 -36.61108427  -0.51875652
  -0.93804842]",[23.17051265  4.76628051  0.32848625 -5.61119483 -1.24072101  0.34040625],"[-6.55849831e-01  2.94606923e-02 -5.36582307e+01 -3.31917415e+01
 -1.31347821e+00  4.82899516e-02]","[ -2.58048515   0.14132935 -10.77016103 -25.79224059  -1.00897056
  -0.64753589]",[ 0.14324953  0.24325325  6.32265696  1.09428237 -1.09334002  0.55834222],"[ 1.18735342e+00  1.01243790e-02  1.55883506e+02 -1.83088814e+02
 -1.25853492e+00  1.52008075e-01]",007,FW
1129,0,0.7444730862686714,0,"[ 3.12017877e+00  2.52504511e-02  5.25206123e+01 -1.61873700e+02
 -5.67213404e-01 -9.73470638e-01]","[-9.84168680e-01  1.09687750e-03  1.32735164e+03  1.30833791e+03
 -1.32774338e+00 -4.97895867e-01]","[ -5.09045864   0.28297334  -5.33960132 -25.1810197   -1.05982558
  -0.6495745 ]",[26.44320532  5.77766578  0.27235513 -5.20194271 -1.2806223   0.2395084 ],"[-6.73822435e-01  2.80473371e-02 -5.63278986e+01 -3.59550018e+01
 -1.30968823e+00  9.87672991e-02]","[ -2.6895267    0.20817887  -7.43586067 -17.99894581  -1.13376124
  -0.49655828]",[ 0.32327867  0.336618    4.62872343  0.50363246 -1.19603625  0.4144697 ],"[ 1.19426024e+00  1.14084272e-02  1.38146862e+02 -1.62983304e+02
 -1.25604293e+00  2.02002359e-01]",007,FW
1130,0,0.7444730862686714,0,"[ 3.12564110e+00  1.49504700e-02 -1.97562062e+01  6.37508101e+01
 -1.54556225e+00 -3.40526017e-01]","[-9.83963455e-01  7.85476066e-04  2.73722691e+02  2.71333125e+02
 -1.65940206e+00 -1.81427358e-01]","[ -5.29105551   0.39552016  -3.949856   -18.89890734  -1.26355234
  -0.36103538]",[30.29166638  6.59467938  0.23924928 -5.24725939 -1.3025028   0.15975055],"[-6.90620281e-01  2.57605641e-02 -6.12530782e+01 -4.03026181e+01
 -1.29991662e+00  1.57068076e-01]","[ -2.84231856   0.28039052  -5.56750866 -13.82463322  -1.2021765
  -0.39033523]",[ 0.56080209  0.42748179  3.66990161 -0.05808849 -1.25344306  0.30543277],"[ 1.20208022e+00  1.31370105e-02  1.19902896e+02 -1.42132900e+02
 -1.25970082e+00  2.17919791e-01]",007,FW
1131,0,0.3766190436245792,0,"[ 3.11571787e+00  3.18317663e-02 -4.36299892e+01  1.37938737e+02
 -6.31585321e-01 -9.58393540e-01]","[-9.84266537e-01  1.32871650e-03 -9.77548433e+02 -9.60168211e+02
 -7.14854072e-01 -8.65358518e-01]","[ -5.55356759   0.471604    -3.34318856 -16.56662362  -1.32652323
  -0.17511669]",[34.57568991  7.16497246  0.22051909 -5.62459965 -1.31455751  0.09095899],"[-7.05734939e-01  2.26945420e-02 -6.93794939e+01 -4.69635329e+01
 -1.28168124e+00  2.24813075e-01]","[ -3.04094671   0.354275    -4.42791135 -11.46504246  -1.24353985
  -0.30909972]",[ 0.85192937  0.50832154  3.09827804 -0.63951406 -1.28659887  0.21754034],"[ 1.21104849e+00  1.51642536e-02  1.03897305e+02 -1.23824675e+02
 -1.26801471e+00  2.10628747e-01]",007,FW
1132,0,0.5760068524502066,0,"[ 3.08997763e+00  5.56099446e-02 -2.73557723e+01  8.65287246e+01
 -1.04176493e+00 -6.35847295e-01]","[-9.85010943e-01  1.88438815e-03 -8.23753320e+02 -8.09406035e+02
 -1.52602245e+00 -2.57731427e-01]","[ -5.85158777   0.50489709  -3.13078947 -16.32008936  -1.3435028
  -0.03207397]","[ 3.91270140e+01  7.44930154e+00  2.12232767e-01 -6.30403444e+00
 -1.32014846e+00  2.69689099e-02]","[-7.18742731e-01  1.90322251e-02 -8.24329588e+01 -5.72480899e+01
 -1.25077316e+00  3.05375343e-01]","[ -3.28526758   0.42606016  -3.69304156 -10.13262969  -1.26963078
  -0.24367642]",[ 1.1886398   0.57302763  2.75449759 -1.27410545 -1.3049254   0.14402557],"[ 1.22130924e+00  1.73362848e-02  9.09395143e+01 -1.09065269e+02
 -1.27795359e+00  1.89995300e-01]",007,FW
1133,0,0.5760068524502066,0,"[  3.04847495   0.07982342 -19.47714077  61.37557573  -1.18569192
  -0.44016111]","[-9.85692855e-01  1.61536689e-03 -8.56414350e+02 -8.42161505e+02
 -1.24546408e+00  4.24535624e-01]","[ -6.15722207   0.49409274  -3.19688009 -17.68390065  -1.3360938
   0.09958014]","[ 4.37578719e+01  7.42384175e+00  2.12949115e-01 -7.31820010e+00
 -1.32030599e+00 -3.68825910e-02]","[-7.29350467e-01  1.50217902e-02 -1.03795892e+02 -7.37035825e+01
 -1.19904012e+00  4.05663862e-01]",[-3.57295427  0.49231943 -3.20221226 -9.44135797 -1.28611138 -0.18950914],[ 1.55987867  0.61771355  2.55820208 -1.99048485 -1.31338041  0.0816356 ],"[ 1.23291295e+00  1.95034295e-02  8.08965285e+01 -9.77383778e+01
 -1.28721713e+00  1.62909371e-01]",007,FW
1134,0,0.5760068524502066,0,"[  2.99172957   0.10303735 -15.21256965  47.5118944   -1.24341635
  -0.32210611]","[-9.85402296e-01  2.16445947e-03  2.85340436e+02  2.83175121e+02
 -7.17172864e-01  8.26987376e-01]","[ -6.4431533    0.44175819  -3.5603403  -20.93981834  -1.30258857
   0.24366963]",[48.2714476   7.08256438  0.22303279 -8.7661158  -1.31436318 -0.10496667],"[-7.37421803e-01  1.09423863e-02 -1.40814903e+02 -1.01839980e+02
 -1.10692046e+00  5.40969121e-01]",[-3.89979884  0.55035267 -2.86810096 -9.18501677 -1.29619307 -0.14414252],[ 1.95302117  0.64116225  2.46582987 -2.81581795 -1.31511758  0.02897976],"[ 1.24582179e+00  2.15323387e-02  7.33250936e+01 -8.93499995e+01
 -1.29469559e+00  1.33648755e-01]",007,FW
1135,0,0.5760068524502066,0,"[  2.9206402    0.12463263 -12.62369989  38.86928536  -1.26979496
  -0.24554671]","[-9.82940095e-01  6.27278087e-03  2.12865698e+02  2.11234229e+02
 -3.48744201e-01  1.13070548e+00]","[ -6.68459559   0.35395386  -4.39096545 -27.35182831  -1.21654881
   0.43232165]","[ 52.47365293   6.43942331   0.24485432 -10.84840054  -1.29978873
  -0.18250053]","[-7.42979526e-01  7.06967831e-03 -2.11784106e+02 -1.55351254e+02
 -9.15965170e-01  7.46683713e-01]",[-4.2602091   0.59842151 -2.63976291 -9.24594195 -1.30192863 -0.10611896],[ 2.35546448  0.64478932  2.45210461 -3.77584533 -1.31246642 -0.01427023],"[ 1.25992081e+00  2.33138874e-02  6.77597306e+01 -8.33718945e+01
 -1.30023367e+00  1.04503042e-01]",007,FW
1136,0,0.5760068524502066,0,"[  2.83639179   0.1442908  -10.92527167  32.98835089  -1.28427086
  -0.19167116]","[-9.76999375e-01  1.28294107e-02  1.14932092e+02  1.14288582e+02
 -7.91055940e-01  8.41337991e-01]","[ -6.8608488    0.24058197  -6.20083283 -40.5429765   -0.97085026
   0.72587664]","[ 56.18535397   5.52936357   0.28409489 -13.96197182  -1.27060837
  -0.277641  ]","[-7.46182162e-01  3.69013750e-03 -3.60426208e+02 -2.66943607e+02
 -4.57271217e-01  1.05486696e+00]",[-4.64781267  0.63581818 -2.48565277 -9.55284841 -1.30470668 -0.07451877],[ 2.75608218  0.63215833  2.50070019 -4.89213522 -1.30733533 -0.04773858],"[ 1.27503179e+00  2.47637407e-02  6.38187552e+01 -7.93709419e+01
 -1.30418471e+00  7.62558264e-02]",007,FW
1137,0,0.5760068524502066,0,[ 2.74044197  0.16162371 -9.7653786  28.7614534  -1.29480082 -0.14824817],"[-9.66382194e-01  2.12269491e-02  7.18742740e+01  7.14580186e+01
 -1.02551453e+00  6.30074080e-01]","[ -6.95624253   0.12344739  -8.88529025 -59.8082339   -0.49480872
   0.92510915]","[ 59.25407757   4.40752942   0.35362142 -18.95351121  -1.2114492
  -0.40611631]","[-7.47278790e-01  1.68618686e-03  1.51829953e+00  3.13459303e+00
 -1.72304811e+00  2.53287557e-01]","[ -5.05607461   0.66280017  -2.38507829 -10.05913378  -1.30550076
  -0.0487745 ]",[ 3.1463135   0.60821898  2.59858057 -6.17594912 -1.3013792  -0.07057507],"[ 1.29092717e+00  2.58177553e-02  6.12302387e+01 -7.70437785e+01
 -1.30691715e+00  4.87273701e-02]",007,FW
1138,0,0.6960153954567639,0,[ 2.63465624  0.17584697 -8.98321742 25.66768986 -1.30446957 -0.10637066],"[-9.50219494e-01  3.07192877e-02  5.04828032e+01  4.99697438e+01
 -1.15658560e+00  4.73621093e-01]",[-6.96038477  0.11504123  8.05368792 58.0567667  -0.59340809  0.84510417],"[ 61.56405494   3.14858375   0.48524424 -27.87360317  -1.07494119
  -0.60223061]","[-7.46550438e-01  2.98119502e-03  4.67353256e+02  3.50902778e+02
 -7.18435637e-01  8.97254356e-01]","[ -5.47884777   0.68043125  -2.32357277 -10.73050148  -1.30503869
  -0.02853881]",[ 3.52076462  0.57846056  2.73190199 -7.61838387 -1.29598792 -0.08178121],"[ 1.30734336e+00  2.64286556e-02  5.98240634e+01 -7.62105918e+01
 -1.30850879e+00  2.14708399e-02]",007,FW
1139,0,0.6960153954567639,0,[ 2.52156706  0.18563778 -8.5147016  23.4703911  -1.31369507 -0.05940372],[-0.92816086  0.0403236  38.81034664 38.02224455 -1.23569791  0.34818322],[-6.86777319  0.2435854   5.99104809 43.14515946 -0.8238484   0.83510302],"[ 63.04330102   1.85950749   0.76013727 -45.92156299  -0.69551609
  -0.92183121]","[-7.44248501e-01  5.02246995e-03  3.05341259e+02  2.29249774e+02
 -1.10464592e+00  5.69472426e-01]","[ -5.91079809   0.69035249  -2.29029886 -11.53749414  -1.30390356
  -0.01351803]",[ 3.87729167  0.54810251  2.88325423 -9.17921761 -1.29219083 -0.08086584],"[ 1.32399424e+00  2.65682694e-02  5.95117399e+01 -7.67932006e+01
 -1.30882781e+00 -5.68073984e-03]",007,FW
1140,0,0.6960153954567639,0,"[ 2.40462665e+00  1.89264462e-01 -8.35380212e+00  2.20877752e+01
 -1.32080843e+00 -2.45083413e-03]",[-0.90050287  0.04891802 32.16533823 30.96497928 -1.2853572   0.23997603],[-6.67698524  0.3919079   3.92270121 28.19181803 -1.10786628  0.55509456],"[ 63.66670185   0.85804658   0.60519889 -36.53101759  -1.23382446
  -0.49115273]","[-7.40540642e-01  7.01645674e-03  2.22207040e+02  1.66553344e+02
 -1.19267750e+00  4.07812880e-01]","[-6.34767061e+00  6.94502872e-01 -2.27664508e+00 -1.24513931e+01
 -1.30256023e+00 -3.29593474e-03]","[  4.21659583   0.52137616   3.03147897 -10.7825216   -1.29052946
  -0.06895406]","[ 1.34058486e+00  2.62324949e-02  6.02685295e+01 -7.87950780e+01
 -1.30783931e+00 -3.25918499e-02]",007,FW
1141,0,0.6960153954567639,0,[ 2.28831583  0.18495438 -8.54499439 21.55364594 -1.32240971  0.06862821],[-0.86823711  0.05537581 28.50423021 26.74843042 -1.31601202  0.14000971],[-6.38980154  0.53916477  2.89373225 20.49037476 -1.20864592  0.39526068],[63.4548616   1.27003041 -1.00668038 65.87876431 -0.53398343 -0.97116459],"[-7.35472990e-01  9.08585047e-03  1.72339869e+02  1.28751319e+02
 -1.21123211e+00  3.45494911e-01]","[-6.78637925e+00  6.94817943e-01 -2.27561421e+00 -1.34431810e+01
 -1.30135364e+00  2.80491280e-03]","[  4.54142131   0.50093658   3.15573422 -12.33151864  -1.29098705
  -0.04982363]","[ 1.35682467e+00  2.54418550e-02  6.21292603e+01 -8.22985128e+01
 -1.30573704e+00 -5.92808536e-02]",007,FW
1142,0,0.6960153954567639,0,[ 2.17803911  0.17136133 -9.20656018 22.05224817 -1.31300426  0.15966478],[-0.83301616  0.05869935 26.92985552 24.43300485 -1.33233683  0.04069217],[-6.01065254  0.67910954  2.31149533 15.8935953  -1.25397328  0.29476671],[62.46942445  2.29717019 -0.66000358 43.23004355 -1.05704429 -0.6406437 ],"[-7.28953814e-01  1.14430434e-02  1.36994621e+02  1.01862752e+02
 -1.21381428e+00  3.26476788e-01]","[-7.22491544e+00  6.92939175e-01 -2.28177969e+00 -1.44856653e+01
 -1.30052572e+00  5.81750599e-03]","[  4.85549911   0.48749019   3.24319063 -13.74730922  -1.29317132
  -0.02970758]","[ 1.37243873e+00  2.42340869e-02  6.52049445e+01 -8.74897915e+01
 -1.30273770e+00 -8.63980755e-02]",007,FW
1143,0,0.6960153954567639,0,"[  2.07978979   0.14798108 -10.610419    24.06744111  -1.28090523
   0.28293519]",[-0.7970448   0.0581359  27.18364687 23.66658445 -1.33465837 -0.06691084],[-5.54661013  0.80687942  1.95162617 12.82490948 -1.27941243  0.22225019],[60.80610817  3.2424507  -0.48099609 31.24750013 -1.23152981 -0.39205305],"[-7.20758612e-01  1.42857922e-02  1.09763332e+02  8.11128666e+01
 -1.21489394e+00  3.21657768e-01]","[-7.66209043e+00  6.89964078e-01 -2.29161550e+00 -1.55585652e+01
 -1.30023202e+00  7.16502170e-03]","[  5.16241326   0.47977411   3.2955255  -15.01286452  -1.29660219
  -0.01537304]","[ 1.38717572e+00  2.26536747e-02  6.97211496e+01 -9.47154861e+01
 -1.29871953e+00 -1.15278650e-01]",007,FW
1144,0,0.6960153954567639,0,"[  1.99962404   0.11545941 -13.42108999  28.83713418  -1.19150673
   0.46709722]",[-0.76290483  0.0532743  29.5764083  24.56398477 -1.31644746 -0.19660016],[-5.00782611  0.91685381  1.72079408 10.61743753 -1.29628392  0.16236706],[58.58651232  4.00032526 -0.39327718 25.04073855 -1.29090837 -0.24152888],"[-7.10552640e-01  1.77610045e-02  8.83078952e+01  6.47474080e+01
 -1.21872654e+00  3.16772876e-01]","[-8.09714969e+00  6.86265991e-01 -2.30396022e+00 -1.66555108e+01
 -1.30053437e+00  8.57709402e-03]","[ 5.46459240e+00  4.74963506e-01  3.32893262e+00 -1.61912599e+01
 -1.30069481e+00 -1.16825897e-02]","[ 1.40081331e+00  2.07472824e-02  7.60753781e+01 -1.04567402e+02
 -1.29299765e+00 -1.47494485e-01]",007,FW
1145,0,0.6964207925288763,0,"[  1.94306351   0.07607312 -19.3926218   39.68109582  -0.91482911
   0.77272332]",[-0.73332968  0.04413596 35.36635561 27.93519814 -1.25297821 -0.37477546],[-4.40808754  1.00240591  1.57583397  8.94641409 -1.3081107   0.10724163],[55.94943656  4.53585698 -0.34802244 21.47165939 -1.31396536 -0.13707132],"[-6.97925936e-01  2.19507550e-02  7.14881243e+01  5.18934161e+01
 -1.22590193e+00  3.06616031e-01]","[-8.52931683e+00  6.81417860e-01 -2.32033957e+00 -1.77909113e+01
 -1.30138081e+00  1.18651580e-02]","[  5.76261283   0.46940644   3.36825934 -17.4099745   -1.30458746
  -0.02045157]","[ 1.41316313e+00  1.85680386e-02  8.49194216e+01 -1.18004996e+02
 -1.28445495e+00 -1.84341326e-01]",007,FW
1146,0,0.6964207925288763,0,"[ 1.91457796e+00  3.77937509e-02 -2.50070854e+01  4.98780145e+01
 -6.32754534e-01  8.08707507e-01]","[-7.10955395e-01  3.13294442e-02  4.81855321e+01  3.62577640e+01
 -1.04928934e+00 -6.57560472e-01]",[-3.76513371  1.05668191  1.49594417  7.63242984 -1.3156854   0.05283778],[53.04218835  4.83689758 -0.32679165 19.33374409 -1.32178723 -0.05563369],"[-6.82436917e-01  2.68659337e-02  5.84543718e+01  4.18914213e+01
 -1.23578762e+00  2.90378366e-01]","[-8.95733910e+00  6.74253490e-01 -2.34495485e+00 -1.90045558e+01
 -1.30258119e+00  1.86329369e-02]","[  6.0549024    0.45942069   3.44110127 -18.83553236  -1.30727306
  -0.0412311 ]","[ 1.42407595e+00  1.61817086e-02  9.73025282e+01 -1.36566191e+02
 -1.27186378e+00 -2.27006216e-01]",007,FW
1147,0,0.5924975937600558,0,"[ 1.91725066e+00  4.32223277e-02  2.49213902e+01 -4.57805518e+01
 -4.46495213e-01  9.60892091e-01]","[-6.98076770e-01  1.69561125e-02  7.07834342e+01  5.14122711e+01
 -5.08235120e-01 -9.49564459e-01]","[-3.10045803e+00  1.07383888e+00  1.47236956e+00  6.56502002e+00
 -1.31894639e+00 -3.24165272e-03]","[ 5.00119365e+01  4.90795648e+00 -3.22140704e-01  1.81108804e+01
 -1.32120151e+00  1.34012832e-02]","[-6.63662887e-01  3.24366648e-02  4.84626859e+01  3.41628861e+01
 -1.24758459e+00  2.68559337e-01]","[ -9.37911383   0.66307305  -2.38438604 -20.36342803  -1.30379442
   0.03005207]","[  6.3378048    0.44186688   3.57672365 -20.66857634  -1.30784471
  -0.07325567]","[ 1.43344575e+00  1.36651913e-02  1.14976078e+02 -1.62811971e+02
 -1.25363495e+00 -2.77887069e-01]",007,FW
1148,0,0.5924975937600558,0,"[  1.95266239   0.08844643  16.6992045  -30.60790861  -0.88310596
   0.78929312]","[-6.96438340e-01  1.36834159e-02 -5.47420678e+01 -3.61244748e+01
 -8.45817147e-01 -6.94769522e-01]",[-2.4384534   1.05015392  1.50508044  5.67006852 -1.31734867 -0.06327712],[46.99706187  4.7689259  -0.33138669 17.57420097 -1.31478627  0.07538329],"[-6.41259085e-01  3.84948554e-02  4.08809923e+01  2.82153077e+01
 -1.26066935e+00  2.41567081e-01]","[ -9.79146723   0.64595954  -2.44729971 -21.96265495  -1.30454523
   0.04680124]","[  6.60588881   0.41437538   3.81137274 -23.17750453  -1.30517289
  -0.11741213]","[ 1.44121090e+00  1.10959430e-02  1.41114341e+02 -2.01375526e+02
 -1.22597422e+00 -3.42924313e-01]",007,FW
1149,0,0.5924975937600558,0,"[  2.02097336   0.13818202  11.16227222 -20.55865474  -1.13259744
   0.52416717]","[-7.07091665e-01  2.95874942e-02 -4.86037663e+01 -3.23673181e+01
 -7.63849502e-01 -8.78499369e-01]",[-1.80498564  0.98467509  1.60344055  4.89418716 -1.30947309 -0.13050982],[44.11908483  4.45286659 -0.35456109 17.64291059 -1.3036399   0.13341818],[-0.61502863  0.04475268 35.2056112  23.65245877 -1.27453738  0.2093485 ],"[-10.19013427   0.62114781  -2.54452176 -23.92901841  -1.30424646
   0.06916251]","[  6.85240097   0.37536245   4.20127833 -26.78884373  -1.29661257
  -0.17761228]","[ 1.44735218e+00  8.54204191e-03  1.82147795e+02 -2.61632008e+02
 -1.17800950e+00 -4.34903292e-01]",007,FW
1150,0,0.5924975937600558,0,"[  2.1211338    0.18649232   8.37954436 -15.77413475  -1.22298186
   0.3711069 ]","[ -0.73033993   0.048628   -31.53837631 -21.03373553  -1.10022186
  -0.57211494]",[-1.22566668  0.8794188   1.79127109  4.19550128 -1.29198244 -0.21038338],[41.47631536  4.00176528 -0.39394427 18.33935661 -1.28813312  0.18989534],[-0.58499946  0.0507913  31.05581907 20.16763744 -1.28847562  0.17159058],"[-10.5699605    0.58738727  -2.68975434 -26.43059712  -1.3021975
   0.0971657 ]","[  7.06983674   0.32413555   4.8498894  -32.2879263   -1.27540471
  -0.26197488]","[ 1.45188964e+00  6.06512181e-03  2.52918414e+02 -3.65209624e+02
 -1.07821528e+00 -5.79784905e-01]",007,FW
1151,0,0.5924975937600558,0,"[  2.25113336   0.23135447   6.79186312 -13.28938967  -1.26312203
   0.27381977]","[ -0.76576922   0.06701296 -23.28848075 -15.83360183  -1.21970223
  -0.38863386]",[-0.72410026  0.73928783  2.12096521  3.53579145 -1.25670444 -0.31305127],[39.14019887  3.46105332 -0.45455044 19.79119454 -1.26785605  0.2474434 ],[-0.5514955   0.05607775 28.15761452 17.52879765 -1.30137934  0.12808173],"[-10.92531332   0.54425095  -2.90114122 -29.69587687  -1.2975788
   0.13067532]","[  7.25068644   0.26131229   5.97301654 -41.30847003  -1.22461028
  -0.38561005]","[ 1.45488107e+00  3.74375300e-03  3.92268296e+02 -5.68703718e+02
 -8.25143731e-01 -8.28669990e-01]",007,FW
1152,0,0.7012931333955212,0,"[  2.40821224   0.27152522   5.80305877 -11.97499719  -1.28383026
   0.2053557 ]","[ -0.81234458   0.08346168 -18.82806406 -13.29487588  -1.2701141
  -0.27094427]",[-0.32029313  0.57191162  2.71326627  2.86904054 -1.18096043 -0.45962121],[37.1548256   2.87417369 -0.54578459 22.27853124 -1.2411185   0.30985377],[-0.51518617  0.06001688 26.33104022 15.56538783 -1.31197406  0.0787219 ],"[-11.25064968   0.492342    -3.20398393 -34.04690073  -1.28949198
   0.16942811]","[  7.38841957   0.18953538   8.08344526 -57.72388516  -1.09721963
  -0.57885927]","[ 1.45642373e+00  1.77538256e-03  6.27169309e+02 -9.11424266e+02
 -3.62287527e-01 -1.03493021e+00]",007,FW
1153,0,0.7012931333955212,0,"[  2.58899542   0.30603576   5.15666826 -11.35059052  -1.29573694
   0.15285117]","[ -0.86853758   0.0972114  -16.21765227 -12.08564045  -1.29425183
  -0.18727967]",[-0.02940112  0.38799218  3.8794775   2.114061   -0.9884118  -0.69689058],[35.53947869  2.27827444 -0.68553489 26.36355248 -1.20354107  0.38377946],"[-4.77101215e-01  6.20271787e-02  2.54891230e+01  1.41608916e+01
 -1.31905888e+00  2.30101172e-02]","[-11.54114532   0.43333162  -3.63532873 -39.95585712  -1.27704146
   0.21314457]","[  7.47864847   0.11460667  12.49384218 -91.43705375  -0.74292748
  -0.89287959]","[ 1.45665851e+00  1.30018476e-03 -6.71860442e+02  9.80671227e+02
 -8.08186812e-01 -6.76237577e-01]",007,FW
1154,0,0.7012931333955212,0,"[  2.78956594   0.33403573   4.72881138 -11.19133115  -1.30311723
   0.10941106]","[ -0.93245801   0.10776777 -14.65346301 -11.66373894  -1.3066122
  -0.12234635]",[ 0.13906107  0.20683875  6.17515221  1.1412767  -0.47371229 -1.01651531],[34.2933435   1.70181123 -0.91075616 33.23287393 -1.14339301  0.4825588 ],[-0.43860192  0.0616195  25.65509741 13.25237493 -1.32126788 -0.04073709],"[-11.79326411   0.36977366  -4.25208909 -48.14600972  -1.25932346
   0.26185472]","[ 7.52023803e+00  5.22819355e-02  1.42883803e+01 -1.05452021e+02
 -8.15029684e-01 -7.18106401e-01]","[ 1.45577481e+00  2.49732877e-03 -5.94552624e+02  8.67534734e+02
 -9.91807299e-01 -7.19995417e-01]",007,FW
1155,0,0.7012931333955212,0,"[  3.00552515   0.35476558   4.45499141 -11.38958873  -1.30772304
   0.07106867]","[ -1.00197974   0.11483052 -13.76384118 -11.79109006  -1.31267662
  -0.06809591]",[ 0.18150246  0.12468941 -3.64465695  2.66151421 -1.38114116 -0.403438  ],[33.40109687  1.16473023 -1.30838505 45.70149595 -1.02524751  0.63523725],[-0.40130706  0.05846387 27.01301705 12.84051436 -1.3161613  -0.11629055],"[-12.00515012   0.30470847  -5.14652006 -59.78474595  -1.23508666
   0.31652053]","[ 7.51604576e+00  6.06211071e-02 -1.99286895e+01  1.51784943e+02
 -5.77886162e-01 -8.97895630e-01]","[ 1.45401500e+00  3.59461560e-03 -4.33956385e+02  6.32979095e+02
 -1.27072755e+00 -3.74749201e-01]",007,FW
1156,0,0.7012931333955212,0,"[  3.23207246   0.36760861   4.30066355 -11.9000562   -1.31024661
   0.03553761]","[ -1.07486082   0.11828023 -13.36703364 -12.36770074  -1.31456837
  -0.02025945]",[ 0.10002526  0.2563622  -5.54715815  2.55485593 -0.75019495 -0.88669879],[32.83842411  0.68332638 -2.1081805  71.22932539 -0.72649971  0.89968723],[-0.36697935  0.05244368 30.03483448 13.02216398 -1.29822    -0.2110345 ],"[-12.17676183   0.24115937  -6.47841747 -76.88614654  -1.20176051
   0.38008657]","[ 7.47303603e+00  1.06358683e-01 -1.43227579e+01  1.09034486e+02
 -1.14693641e+00 -5.78392326e-01]","[ 1.45167741e+00  4.24395715e-03 -3.71767561e+02  5.41686569e+02
 -1.35400797e+00 -1.39797175e-01]",007,FW
1157,0,0.7012931333955212,0,"[ 3.46410854e+00  3.72165689e-01  4.24843500e+00 -1.27170400e+01
 -1.31105006e+00  1.37023769e-03]","[ -1.14885513   0.11818634 -13.37753934 -13.36885475  -1.31334498
   0.02347067]",[-0.09828602  0.42204855 -3.63772351  1.64246264 -1.11823757 -0.55837255],[32.5769278   0.30522567 -2.89497128 96.3092704  -0.59248676  0.85672298],[-0.33738324  0.04370307 35.81675087 14.08397131 -1.25336202 -0.33977505],"[ -12.30972994    0.18167759   -8.54961912 -103.24350247   -1.15306114
    0.45949567]","[  7.40167109   0.13962164 -11.25189744  85.28284402  -1.33530862
  -0.25199182]","[ 1.44911659e+00  4.32378962e-03 -3.65309472e+02  5.31376017e+02
 -1.37224558e+00  7.44191114e-02]",007,FW
1158,0,0.7012931333955212,0,"[  3.69635654   0.36828459   4.29283515 -13.86784927  -1.31037448
  -0.03276919]","[ -1.22181      0.11478994 -13.7693134  -14.82348478  -1.30979562
   0.06489798]",[-0.40241514  0.57485468 -2.71868406  0.90596037 -1.23427029 -0.36660961],"[  32.58796335    0.32764229    3.47530642 -111.25315808   -0.49350524
    0.93528697]","[-3.14127624e-01  3.26996385e-02  4.70728933e+01  1.67868961e+01
 -1.13880235e+00 -5.34936051e-01]","[-1.24069904e+01  1.28072193e-01 -1.20003364e+01 -1.46888058e+02
 -1.07206216e+00  5.70388162e-01]","[ 7.31468238e+00  1.52692843e-01 -1.03498922e+01  7.77061740e+01
 -1.37093547e+00 -2.04521955e-02]","[ 1.44673769e+00  3.76217390e-03 -4.15081414e+02  6.02513928e+02
 -1.30972015e+00  3.44897873e-01]",007,FW
1159,0,0.3905307268450644,0,"[  3.92349268   0.35602697   4.43933134 -15.41768398  -1.30819331
  -0.0685447 ]","[ -1.2917446    0.10844519 -14.56657402 -16.81629329  -1.30427501
   0.10628372]",[-0.79858577  0.70613751 -2.22741813  0.22121558 -1.27796357 -0.25014804],"[ 32.84512031   0.63685739   2.34954933 -75.17123038  -0.96672345
   0.72127335]","[-2.98511188e-01  2.03637320e-02  7.08381153e+01  2.31459699e+01
 -7.99291185e-01 -8.55859682e-01]","[-1.24722983e+01  8.14230727e-02 -1.84041891e+01 -2.27542535e+02
 -9.06265664e-01  7.48626354e-01]","[  7.22548757   0.14497112 -10.86873901  80.53193861  -1.34190803
   0.18660131]","[ 1.44498023e+00  2.58802857e-03 -5.60442270e+02  8.11828002e+02
 -9.51709602e-01  7.54962067e-01]",007,FW
1160,0,0.5568936336004995,0,"[  4.14027803   0.33562956   4.70645724 -17.4860415   -1.30397529
  -0.10805776]","[ -1.35690555   0.09955289 -15.85301701 -19.5110468   -1.29625546
   0.15057593]",[-1.27133978  0.81290033 -1.94032663 -0.46681444 -1.29694721 -0.17151827],"[ 33.3253451    0.9551861    1.62279871 -52.08032703  -1.16864291
   0.47308088]","[-2.91391903e-01  9.68232382e-03  7.29138546e+01  2.32465069e+01
 -9.55005872e-01 -6.24415851e-01]","[-1.25097453e+01  4.27131329e-02 -3.17105805e+01 -3.94691284e+02
 -4.91494915e-01  1.04039217e+00]","[  7.14657297   0.11919785 -13.04083314  95.19726554  -1.23815039
   0.42241952]","[ 1.44428917e+00  1.47730475e-03 -2.23021306e+02  3.24107257e+02
 -1.61163927e+00  2.54015441e-01]",007,FW
1161,0,0.7201611675319848,0,"[  4.34169491   0.30752523   5.13153712 -20.27956859  -1.29648071
  -0.15387378]","[ -1.41580158   0.08853297 -17.80020443 -23.2015576   -1.28405134
   0.20124708]",[-1.80431861  0.89398397 -1.76677306 -1.18782152 -1.30616125 -0.11305288],"[ 34.0085519    1.25407402   1.24871821 -40.467098    -1.23715584
   0.33825595]","[-2.93100284e-01  1.30833909e-02 -9.24530472e+01 -2.50980144e+01
 -4.70566177e-01 -9.83954744e-01]","[-1.25233888e+01  1.86152550e-02 -1.06555715e+01 -1.31443864e+02
 -1.61063815e+00  3.19626852e-01]","[ 7.08812283e+00  8.08351715e-02 -1.83097440e+01  1.31781714e+02
 -9.42658781e-01  7.54190810e-01]","[ 1.44507600e+00  2.98352601e-03  4.24981297e+02 -6.12130274e+02
 -3.78239280e-01  1.08318236e+00]",007,FW
1162,2,0.9081400955814856,1,"[  4.52310618   0.27242864   5.7829912  -24.15708325  -1.2834404
  -0.20934664]","[ -1.46723049   0.07584618 -20.72865261 -28.41371119  -1.26451605
   0.26241553]",[-2.38059801  0.94861415 -1.6661933  -1.96653645 -1.31126311 -0.06475544],"[ 34.87542949   1.52745919   1.02971647 -33.91180416  -1.27018799
   0.25220372]","[-3.03405730e-01  2.47121935e-02 -6.08328745e+01 -1.64570427e+01
 -1.00426683e+00 -6.91953319e-01]","[-1.25170547e+01  3.02887132e-02  4.50963387e+01  5.66473339e+02
 -6.83782843e-01  9.09838798e-01]","[ 7.05710386e+00  4.06819922e-02 -2.47679402e+01  1.76789926e+02
 -5.39895604e-01  8.79990239e-01]","[ 1.44767746e+00  5.91725540e-03  2.51378659e+02 -3.61915219e+02
 -8.88801835e-01  7.75285166e-01]",007,FW
1163,2,0.9081400955814856,1,"[  4.68045285   0.23143415   6.78769907 -29.76950545  -1.26061281
  -0.27964466]","[ -1.5103154    0.06203509 -25.24333539 -36.12539828  -1.23197522
   0.33978201]",[-2.98260764  0.97555792 -1.62067183 -2.83382819 -1.31431843 -0.01980586],"[ 35.90375906   1.76592152   0.89284551 -30.05651022  -1.29186448
   0.18481782]","[-3.21536007e-01  3.58812142e-02 -4.33521589e+01 -1.19392801e+01
 -1.21397526e+00 -4.25309333e-01]","[-1.24943207e+01  5.08194712e-02  3.02001749e+01  3.79330672e+02
 -1.14058544e+00  5.49998075e-01]","[ 7.05693428e+00  4.03382512e-02  2.52731356e+01 -1.76350857e+02
 -5.51783554e-01  8.70154390e-01]","[ 1.45232083e+00  9.24891962e-03  1.66498365e+02 -2.39809044e+02
 -1.11039883e+00  5.43716092e-01]",007,FW
1164,2,0.9081400955814856,1,"[  4.81048219   0.18606863   8.3973903  -38.39549646  -1.21891106
  -0.37421196]","[-1.54455304e+00  4.77454694e-02 -3.25649027e+01 -4.82982193e+01
 -1.17492386e+00  4.43082196e-01]",[-3.5918819   0.97295146 -1.62496397 -3.83667868 -1.31540019  0.02690019],"[ 37.06446976   1.95391848   0.80820572 -27.9557163   -1.30802764
   0.12213109]","[ -0.3462458    0.04499261 -34.93729944 -10.09689304  -1.28788636
  -0.25975423]","[-1.24586349e+01  6.78379616e-02  2.30963809e+01  2.89749378e+02
 -1.27115015e+00  3.20102404e-01]","[ 7.08778074e+00  8.01314130e-02  1.85062042e+01 -1.29167918e+02
 -9.40672192e-01  7.51479708e-01]","[ 1.45910280e+00  1.26584284e-02  1.23252418e+02 -1.77837947e+02
 -1.20842458e+00  3.95533596e-01]",007,FW
1165,2,0.9081400955814856,1,"[  4.91096607   0.1382847   11.1704834  -52.85786495  -1.13490043
  -0.51287541]","[-1.56985575e+00  3.37093801e-02 -4.54477855e+01 -6.93464671e+01
 -1.06530813e+00  5.92264189e-01]",[-4.18899231  0.93891303 -1.68310469 -5.05051262 -1.31320728  0.0792178 ],"[ 38.31897416   2.07267056   0.76261017 -27.22243944  -1.31878658
   0.05819533]","[ -0.37592465   0.05138049 -30.71876532  -9.54794125  -1.31710252
  -0.14212269]","[-1.24134853e+01  7.97843805e-02  1.97656891e+01  2.47361090e+02
 -1.31680414e+00  1.72198609e-01]","[  7.14739151   0.120715    12.8463347  -89.81778356  -1.18986287
   0.46151042]","[ 1.46798431e+00  1.59081247e-02  9.86911694e+01 -1.42877089e+02
 -1.25834736e+00  2.91047228e-01]",007,FW
1166,2,0.6689367495608505,1,"[  4.98084921   0.09050742  16.5291087  -80.32899804  -0.93327399
  -0.74001549]","[-1.58656261e+00  2.07219548e-02 -7.09983942e+01 -1.10643397e+02
 -8.18391354e-01  8.30230202e-01]",[-4.75396202  0.87271562 -1.80877215 -6.59883409 -1.30538626  0.14028841],"[ 3.96189812e+01  2.10580979e+00  7.50806675e-01 -2.77461955e+01
 -1.32280034e+00 -8.89334028e-03]","[ -0.40872734   0.0547245  -28.88517762  -9.80616176  -1.32688861
  -0.04786172]","[-1.23625091e+01  8.60034003e-02  1.83777205e+01  2.29194737e+02
 -1.33344978e+00  5.60848861e-02]","[  7.23219333   0.15592851  10.06163621 -70.76769836  -1.26134799
   0.30226778]","[ 1.47879919e+00  1.87989072e-02  8.37981069e+01 -1.21920573e+02
 -1.28586604e+00  2.11221187e-01]",007,FW
1167,2,0.6689367495608505,1,"[ 5.02027977e+00  4.67375307e-02  2.71129146e+01 -1.34114417e+02
 -4.26821313e-01 -1.04602626e+00]","[-1.59540770e+00  9.88014700e-03 -1.20178782e+02 -1.89734154e+02
 -3.17243674e-01  1.09265848e+00]",[-5.26728402  0.77596966 -2.02989029 -8.69200868 -1.28834856  0.21365737],"[ 40.90935215   2.04505665   0.77271391 -29.61122536  -1.31877124
  -0.07957401]","[ -0.44270885   0.05496608 -28.7608845  -10.73269806  -1.32576403
   0.03584088]","[-1.23094477e+01  8.62318513e-02  1.83303368e+01  2.27636322e+02
 -1.33248793e+00 -4.91016556e-02]","[  7.33828801   0.18543992   8.49463825 -60.33610202  -1.28368523
   0.21277777]","[ 1.49127264e+00  2.11729858e-02  7.45448214e+01 -1.09166653e+02
 -1.30139054e+00  1.46500602e-01]",007,FW
1168,2,0.6689367495608505,1,"[ 5.03051727e+00  2.68559809e-02 -1.69639323e+01  8.73373546e+01
 -1.40643282e+00 -3.82187767e-01]","[-1.59745057e+00  5.80475788e-03  1.16149079e+02  1.87542413e+02
 -1.15968516e+00  4.62631676e-01]","[ -5.71143158   0.65328834  -2.40135206 -11.71515799  -1.25576157
   0.30524717]","[ 42.13367186   1.89366913   0.83329334 -33.1097082   -1.30543613
  -0.15421727]","[ -0.4759508    0.05225553 -30.22110246 -12.38375792  -1.31612308
   0.11836569]","[-1.22579144e+01  8.08023916e-02  1.95287795e+01  2.41382108e+02
 -1.31489371e+00 -1.51856569e-01]","[  7.46208701   0.21016011   7.50804878 -54.02571324  -1.29256735
   0.15896649]","[ 1.50504775e+00  2.29208189e-02  6.89340830e+01 -1.01749087e+02
 -1.30963919e+00  9.17452656e-02]",007,FW
1169,2,0.6689367495608505,1,"[ 5.01375390e+00  5.37656202e-02 -2.66176090e+01  1.35454141e+02
 -7.91238986e-01 -8.60289964e-01]","[-1.59398556e+00  1.08418760e-02  1.36230272e+02  2.19149087e+02
 -9.92952722e-01  7.23196206e-01]","[ -6.07256981   0.51226409  -3.03828052 -16.45017054  -1.19361192
   0.42691425]","[ 43.24114248   1.66672269   0.94435047 -38.83479313  -1.28118212
  -0.23362596]","[ -0.50666719   0.04689268 -33.59266702 -15.02030204  -1.29578971
   0.20986852]","[-1.22110144e+01  7.08158738e-02  2.22062276e+01  2.73160564e+02
 -1.27931330e+00 -2.54139110e-01]","[  7.60051099   0.23087414   6.84031907 -49.98992025  -1.29840925
   0.12137666]","[ 1.51971782e+00  2.39876513e-02  6.59030674e+01 -9.81540659e+01
 -1.31291965e+00  4.42804932e-02]",007,FW
1170,2,0.6689367495608505,1,"[ 4.97289578e+00  8.66666675e-02 -1.77718383e+01  9.03774996e+01
 -1.14668341e+00 -5.27522198e-01]","[-1.58645090e+00  1.55931189e-02  1.00138091e+02  1.60864164e+02
 -1.28527907e+00  3.57450886e-01]","[ -6.34211672   0.36301565  -4.21130386 -24.70858062  -1.06426518
   0.60398843]","[ 44.19283611   1.38846813   1.12910414 -47.89831439  -1.2436827
  -0.31946302]","[-5.33280852e-01  3.92793789e-02 -3.98881348e+01 -1.92715785e+01
 -1.25505803e+00  3.25625990e-01]","[-1.21708921e+01  5.81343589e-02  2.69211912e+01  3.29654914e+02
 -1.22621658e+00 -3.50141439e-01]","[  7.75082584   0.24769915   6.37915807 -47.44374319  -1.30338704
   0.08937468]","[ 1.53486147e+00  2.43772885e-02  6.48601970e+01 -9.75514172e+01
 -1.31260622e+00  2.93800862e-03]",007,FW
1171,2,0.6689367495608505,1,"[  4.91134215   0.11555005 -13.55098776  68.55353731  -1.25302007
  -0.3351771 ]","[-1.57634851e+00  1.82807308e-02  8.63412606e+01  1.38103918e+02
 -1.35168398e+00  1.26008367e-01]","[ -6.51785405   0.21813099  -6.62883089 -41.20575226  -0.75070343
   0.88479638]","[ 44.96571565   1.08767118   1.43267213 -62.42112765  -1.18873974
  -0.41543307]","[-5.54471302e-01  2.99067132e-02 -5.17004485e+01 -2.66664150e+01
 -1.16248586e+00  4.95318816e-01]","[-1.21382958e+01  4.52178365e-02  3.44830984e+01  4.20566048e+02
 -1.16753478e+00 -4.13401624e-01]","[  7.91028158   0.26012755   6.07662654 -46.06782702  -1.30757179
   0.05796534]","[ 1.55007678e+00  2.41491332e-02  6.54676831e+01 -9.94799355e+01
 -1.30980973e+00 -3.26570596e-02]",007,FW
1172,2,0.6689367495608505,1,"[  4.83279938   0.13887747 -11.33995226  56.80371427  -1.29172927
  -0.21716159]","[-1.56517165e+00  1.87399610e-02  8.43271039e+01  1.33986392e+02
 -1.35522055e+00 -5.34480369e-02]","[ -6.60441286   0.09843817  -9.96201196 -63.79323991  -0.42018503
   0.97710247]","[ 45.55377349   0.79233015   1.94778522 -86.72896685  -1.10656858
  -0.52974419]","[-5.69202149e-01  1.94391607e-02 -7.59741864e+01 -4.12446702e+01
 -9.00531915e-01  7.79587919e-01]","[-1.21122298e+01  3.49791265e-02  4.47515736e+01  5.44041342e+02
 -1.14349648e+00 -3.55869116e-01]","[ 8.07573854e+00  2.67258521e-01  5.91579108e+00 -4.57743820e+01
 -1.31107027e+00  2.42780345e-02]","[ 1.56501041e+00  2.34058021e-02  6.75316061e+01 -1.03687666e+02
 -1.30555593e+00 -6.26363130e-02]",007,FW
1173,2,0.6500869949828274,1,"[  4.74115109   0.15617283 -10.10880343  49.92736436  -1.30789581
  -0.13496419]","[-1.55433438e+00  1.70964064e-02  9.20228135e+01  1.45034222e+02
 -1.31846926e+00 -2.31970419e-01]","[-6.61311125e+00  8.08237201e-02  1.30076475e+01  8.80210199e+01
 -6.96181995e-01  7.46699961e-01]","[  45.96659483    0.52558479    2.88520659 -130.62312235   -0.9719434
   -0.679293  ]","[-5.76736134e-01  9.57357795e-03 -1.05980111e+02 -5.91225594e+01
 -5.30956421e-01  8.87380227e-01]","[-1.20897383e+01  3.09950854e-02  5.09132418e+01  6.17527770e+02
 -1.14682476e+00 -5.14961903e-03]","[ 8.24336643e+00  2.67884706e-01  5.90209526e+00 -4.66531339e+01
 -1.31404549e+00 -1.52605955e-02]","[ 1.57937730e+00  2.22729412e-02  7.09456811e+01 -1.10049998e+02
 -1.30075831e+00 -8.72737198e-02]",007,FW
1174,2,0.545743813725198,1,[ 4.64036073  0.16729081 -9.44727827 45.83877906 -1.31477437 -0.07104911],"[-1.54510191e+00  1.36622333e-02  1.13451560e+02  1.77294221e+02
 -1.21160344e+00 -4.56923518e-01]",[-6.56124879  0.14150284 10.73928267 72.4631054  -1.17885192  0.56763624],"[  46.22639102    0.30428352    4.79061589 -219.45288311   -0.72019816
   -0.89441925]","[-5.76639845e-01  9.76962039e-03  1.04539060e+02  6.22813875e+01
 -5.03412014e-01  9.10069031e-01]","[-1.20658415e+01  3.74569585e-02  4.14583743e+01  5.02230174e+02
 -1.01146018e+00  4.76454417e-01]","[  8.4084035    0.26043882   6.06868992 -49.02799356  -1.31563667
  -0.06638659]","[ 1.59296750e+00  2.08757454e-02  7.56705366e+01 -1.18540706e+02
 -1.29617385e+00 -1.07351074e-01]",007,FW
1175,2,0.3289288788178762,1,"[ 4.53435609e+00  1.72303770e-01 -9.17602613e+00  4.36073700e+01
 -1.31649255e+00 -1.68342904e-02]","[-1.53852600e+00  8.96965771e-03  1.62841885e+02  2.52536474e+02
 -8.85730769e-01 -7.98122223e-01]",[-6.47102332  0.17967098  8.76554731 58.72206104 -1.39496709  0.16725763],"[ 4.63648304e+01  1.40360236e-01  9.15226891e+00 -4.22343396e+02
 -2.43714063e-01 -1.18544179e+00]","[-5.68776512e-01  2.01109266e-02  7.32506672e+01  4.36632590e+01
 -8.75743259e-01  7.96551398e-01]","[-1.20336556e+01  5.72262248e-02  2.66410811e+01  3.22589595e+02
 -9.20666804e-01  6.67793639e-01]","[  8.56497812   0.24304582   6.49494655 -53.62907507  -1.31209956
  -0.13783883]","[ 1.60563955e+00  1.93175757e-02  8.17481795e+01 -1.29258110e+02
 -1.29227643e+00 -1.24547151e-01]",007,FW
1176,2,0.3421602757292972,1,"[ 4.42686791e+00  1.71563552e-01 -9.21515134e+00  4.27942577e+01
 -1.31409984e+00  3.12039410e-02]","[-1.53539589e+00  4.44823385e-03  1.72356369e+02  2.66635261e+02
 -9.02964061e-01 -6.38710987e-01]",[-6.36822596  0.17890932  8.79883825 58.03299017 -1.398593   -0.17531894],"[ 4.64206677e+01  4.41679680e-02  1.09510838e+01 -5.06356622e+02
 -8.46409664e-01 -7.02973419e-01]","[-5.53287331e-01  3.14776184e-02  4.90040948e+01  2.91133448e+01
 -1.13645608e+00  5.22200346e-01]","[-1.19847349e+01  9.17226032e-02  1.66124115e+01  2.01095348e+02
 -9.57364449e-01  6.60913610e-01]","[  8.70605197   0.21386467   7.35511017 -62.03397139  -1.29302337
  -0.24408584]","[ 1.61730433e+00  1.76667609e-02  8.93545015e+01 -1.42513422e+02
 -1.28896705e+00 -1.41498551e-01]",007,FW
1177,2,0.3983849013028031,1,[ 4.32123378  0.16580908 -9.53163715 43.18843242 -1.30825032  0.07338026],"[-1.53621813e+00  6.09698630e-03 -1.92671671e+02 -2.93985715e+02
 -4.18045561e-01 -1.01019142e+00]",[-6.28080244  0.13796877 10.89764316 70.44594369 -1.14850816 -0.60676867],"[ 4.64384958e+01  2.21106214e-02 -4.01681062e+01  1.86734643e+03
 -8.59038559e-01 -5.16268834e-01]",[-0.53056584  0.04232416 36.93926893 21.59871435 -1.22926086  0.36340666],"[-11.90965029   0.1417384   10.82730138 130.94937296  -1.0337683
   0.59300134]","[  8.82352362   0.17169372   9.06427215 -77.97881941  -1.22689872
  -0.41552136]","[ 1.62790674e+00  1.59571616e-02  9.88801898e+01 -1.58967727e+02
 -1.28536820e+00 -1.61096552e-01]",007,FW
1178,2,0.5618159031089573,1,"[  4.22021121   0.15615803 -10.11553404  44.68969017  -1.30038493
   0.1088324 ]","[-1.54123134e+00  1.20616731e-02 -1.23482872e+02 -1.88315672e+02
 -9.27710408e-01 -7.51961587e-01]",[-6.23726304  0.07908263  9.69961852 62.4990721  -1.08783236 -0.46722518],"[ 4.64682417e+01  7.67337388e-02  1.20782944e+01 -5.59257105e+02
 -9.11622323e-02  1.22707752e+00]",[-0.50123129  0.05212855 30.15946469 17.11686749 -1.27026571  0.26135565],"[-11.79877026   0.20691725   7.47390933  90.18293908  -1.10643398
   0.51320281]","[   8.90845574    0.11711471   12.71567354 -111.27701486   -0.98486577
   -0.7195161 ]","[ 1.63741231e+00  1.42038620e-02  1.11010653e+02 -1.79770209e+02
 -1.28003208e+00 -1.85151125e-01]",007,FW
1179,2,0.6097195404366046,1,"[  4.12587067   0.14388328 -10.97222068  47.26996349  -1.29251014
   0.13793102]","[-1.55045097e+00  1.84279465e-02 -8.38999146e+01 -1.28082704e+02
 -1.14980800e+00 -5.00514610e-01]","[ -6.26484636   0.13443229  -8.49716999 -51.2334645   -0.2849605
  -1.10245656]","[ 4.65644725e+01  2.25792452e-01  5.99071433e+00 -2.76954452e+02
 -3.52340579e-01  1.13141283e+00]",[-0.46610624  0.06053618 26.04322871 14.13891153 -1.29164364  0.18752443],"[-11.64315314   0.28542996   5.45222577  65.48109966  -1.16465554
   0.43658   ]","[ 8.95134703e+00  6.05422079e-02  1.56175459e+01 -1.37798073e+02
 -7.10922308e-01 -7.41502168e-01]","[ 1.64580421e+00  1.24273956e-02  1.26764996e+02 -2.06630364e+02
 -1.27163066e+00 -2.13062904e-01]",007,FW
1180,2,0.5652602477431163,1,"[  4.03963644   0.13004447 -12.1320195   51.00894802  -1.28596298
   0.1644112 ]","[-1.56373450e+00  2.45684959e-02 -6.36659108e+01 -9.75565815e+01
 -1.22873744e+00 -3.57042237e-01]","[ -6.38739159   0.2905003   -5.02602736 -30.10320486  -0.77773678
  -0.86181955]","[  46.78451454    0.46873471    3.13511877 -144.67500964   -0.75090852
    0.86673786]",[-0.42620192  0.06723803 23.48365301 12.00877803 -1.30413944  0.12813512],"[-11.43543082   0.37407475   4.17999658  49.80006169  -1.20861046
   0.36714339]","[ 8.94239050e+00  7.87837170e-02 -1.36359553e+01  1.23938037e+02
 -3.52813918e-01 -1.03490386e+00]","[ 1.65309124e+00  1.06740414e-02  1.47437834e+02 -2.41728193e+02
 -1.26001684e+00 -2.40912443e-01]",007,FW
1181,2,0.5652602477431163,1,"[  3.96249334   0.11516702 -13.68620992  56.2315156   -1.27997392
   0.19649707]","[-1.58085506e+00  3.03336705e-02 -5.18114156e+01 -7.99063385e+01
 -1.26069836e+00 -2.70503426e-01]","[ -6.62305824   0.47988448  -3.1859657  -19.10083635  -1.0556168
  -0.60718748]","[ 47.18508837   0.80133435   1.89383052 -87.36056048  -0.97074128
   0.67646284]",[-0.38271048  0.07194024 21.96784155 10.40732324 -1.31181334  0.07557329],"[-11.17056876   0.46858502   3.34859466  39.40570686  -1.24109956
   0.30516492]",[ 8.87171688  0.1725295  -8.44290824 76.90309156 -0.76450007 -0.87055765],"[ 1.65932269e+00  9.02252616e-03  1.74290290e+02 -2.87203834e+02
 -1.24733641e+00 -2.60689064e-01]",007,FW
1182,2,0.5652602477431163,1,"[  3.89529939   0.09914915 -15.86702409  63.80680923  -1.27001521
   0.24722707]","[-1.60156618e+00  3.57319227e-02 -4.40824462e+01 -6.86009547e+01
 -1.27491077e+00 -2.16088746e-01]","[ -6.98222332   0.68137491  -2.28190607 -13.93277775  -1.18167668
  -0.44098212]","[ 47.81793917   1.21159017   1.27289944 -58.8674282   -1.09717587
   0.53795695]",[-0.33699815  0.07436525 21.26021484  9.16465314 -1.31615663  0.02490894],"[-10.84641963   0.56400933   2.78915052  32.25229693  -1.26494906
   0.24967739]",[ 8.72969565  0.28977181 -5.26555131 47.96666035 -1.02869323 -0.62792765],"[ 1.66460392e+00  7.57699222e-03  2.07565932e+02 -3.43515063e+02
 -1.23845172e+00 -2.59015245e-01]",007,FW
1183,2,0.5652602477431163,1,"[  3.83907947   0.08146048 -19.22428664  75.8035641   -1.24337792
   0.3361233 ]","[-1.62563261e+00  4.08146172e-02 -3.86390808e+01 -6.08129498e+01
 -1.28306987e+00 -1.79367255e-01]","[ -7.46595018   0.87751507  -1.78625095 -11.33606064  -1.24774994
  -0.3210689 ]","[ 48.72505526   1.67957848   0.92674829 -43.15586174  -1.17484505
   0.43159668]",[-0.29058969  0.07427184 21.28660937  8.1856693  -1.31733483 -0.02775653],"[-10.46402627   0.6551102    2.40573468  27.17367087  -1.28233344
   0.19945075]",[ 8.50743138  0.42250301 -3.66824203 33.20731732 -1.14118698 -0.48379683],"[ 1.66910688e+00  6.45386048e-03  2.44085716e+02 -4.05405146e+02
 -1.23887626e+00 -2.16342801e-01]",007,FW
1184,2,0.7049042346216611,1,"[ 3.79516848e+00  6.15806540e-02 -2.51014657e+01  9.72642915e+01
 -1.16200090e+00  4.97271322e-01]","[-1.65280630e+00  4.55547035e-02 -3.46463800e+01 -5.52637551e+01
 -1.29084371e+00 -1.49138062e-01]","[ -8.06533877   1.05167383  -1.4970327  -10.07407586  -1.28535246
  -0.22624226]","[ 49.93382447   2.17842204   0.71865966 -33.88542551  -1.22557588
   0.34548673]",[-0.24513341  0.07149107 22.10243554  7.4180454  -1.31436696 -0.08622437],"[-10.02766282   0.73677434   2.14191817  23.47843322  -1.29476718
   0.15338468]",[ 8.19758787  0.56640879 -2.7568881  24.59983249 -1.20150621 -0.38686704],"[ 1.67307189e+00  5.76956683e-03  2.73731830e+02 -4.55973031e+02
 -1.24695072e+00 -1.14234517e-01]",007,FW
1185,2,0.7049042346216611,1,"[ 3.76513759e+00  3.96960474e-02 -3.69895101e+01  1.41270595e+02
 -8.86014769e-01  7.93559908e-01]","[-1.68274677e+00  4.97386267e-02 -3.17541004e+01 -5.14341099e+01
 -1.30038319e+00 -1.16182774e-01]",[-8.76189426  1.18901778 -1.32741462 -9.63066656 -1.30717335 -0.14560116],"[ 51.45246937   2.67498848   0.58750086 -28.22837004  -1.26097428
   0.27144337]",[-0.20233828  0.06597632 23.91698843  6.8393223  -1.30475172 -0.15498903],[-9.54462283  0.80442052  1.96359551 20.74177852 -1.30329251  0.11060414],[ 7.7955426   0.71589067 -2.19091673 19.07938471 -1.2400083  -0.31253882],"[ 1.67679889e+00  5.62567130e-03  2.80963393e+02 -4.69119107e+02
 -1.24722226e+00  3.80555274e-02]",007,FW
1186,2,0.7049042346216611,1,"[ 3.75052788e+00  1.94682551e-02 -4.57224081e+01  1.73483166e+02
 -7.03074322e-01  7.61985702e-01]","[ -1.71491083   0.05292836 -29.85931661 -49.20606556  -1.31097487
  -0.07413859]",[-9.52887076  1.27769968 -1.23689873 -9.78624817 -1.31888287 -0.0726467 ],"[ 53.26623369   3.13043844   0.50336447 -24.81232927  -1.28695589
   0.20343209]",[-0.16388295  0.05785592 27.1959382   6.45695051 -1.28331391 -0.2406984 ],[-9.02477512  0.85436519  1.84989494 18.69488579 -1.30864461  0.07042034],[ 7.30066356  0.86338372 -1.82201327 15.30190591 -1.26728899 -0.24936839],"[ 1.68062847e+00  6.08180311e-03  2.59249464e+02 -4.33702030e+02
 -1.23134433e+00  1.86271216e-01]",007,FW
1187,2,0.6221855836490948,1,"[ 3.75247813e+00  2.34156787e-02  4.75482045e+01 -1.76423597e+02
 -4.39021470e-01  9.74280781e-01]","[-1.74845162e+00  5.45257499e-02 -2.89960764e+01 -4.86982367e+01
 -1.31995803e+00 -1.95551734e-02]","[-1.03334222e+01  1.30985816e+00 -1.20705048e+00 -1.04729622e+01
 -1.32289110e+00 -2.91456461e-03]","[ 55.3348828    3.50211375   0.45077211 -22.94342194  -1.30595013
   0.1372269 ]",[-0.13130836  0.04746643 32.94945927  6.32653934 -1.23823376 -0.35591736],[-8.47991819  0.88410736  1.7882283  17.16402969 -1.31133001  0.03229425],[ 6.71734728  0.99980556 -1.57667375 12.59106515 -1.28711293 -0.19210143],"[ 1.68491478e+00  7.13057679e-03  2.20387024e+02 -3.69333355e+02
 -1.21702725e+00  2.78340416e-01]",007,FW
1188,2,0.6221855836490948,1,"[ 3.77134718e+00  4.67105828e-02  3.17881138e+01 -1.17884013e+02
 -9.25729430e-01  7.58654702e-01]","[-1.78216684e+00  5.39123004e-02 -2.93202901e+01 -5.02536488e+01
 -1.32372228e+00  4.99361069e-02]","[-11.1393384    1.28238426  -1.23245613 -11.7287459   -1.31976305
   0.06714117]","[ 57.59223596   3.74788627   0.42168819 -22.28596602  -1.31850347
   0.06996659]","[-1.05915174e-01  3.53578209e-02  4.35858924e+01  6.61640740e+00
 -1.13513848e+00 -5.28963881e-01]","[-7.92298072e+00  8.92516599e-01  1.77152760e+00  1.60357790e+01
 -1.31167490e+00 -4.14243225e-03]",[ 6.05547574  1.11581743 -1.41478204 10.56717834 -1.30080903 -0.1387672 ],"[ 1.68999434e+00  8.70061167e-03  1.80344934e+02 -3.02781918e+02
 -1.21866399e+00  3.08954219e-01]",007,FW
1189,2,0.6221855836490948,1,"[ 3.80640668e+00  7.06297474e-02  2.19272096e+01 -8.14638770e+01
 -1.18011488e+00  4.76250482e-01]","[-1.81451886e+00  5.05979012e-02 -3.11962689e+01 -5.46062183e+01
 -1.31738051e+00  1.38965269e-01]","[-11.91011965   1.19733912  -1.3183289  -13.70145489  -1.30867927
   0.14097651]","[ 5.99485267e+01  3.83225686e+00  4.12565500e-01 -2.27326939e+01
 -1.32425545e+00 -7.52633360e-04]","[-8.86874092e-02  2.23615457e-02  6.54326473e+01  7.80305197e+00
 -8.47374376e-01 -8.19491436e-01]",[-7.36713743  0.87991457  1.79668363 15.23641523 -1.30990481 -0.03905115],[ 5.33011391  1.20340397 -1.31302214  8.99855758 -1.30921792 -0.08890346],"[ 1.69615572e+00  1.06771545e-02  1.47018758e+02 -2.47366707e+02
 -1.23262972e+00  2.99331347e-01]",007,FW
1190,2,0.6221855836490948,1,"[  3.85564439   0.0909451   17.25519429 -64.52989301  -1.27835404
   0.293325  ]","[-1.84372274e+00  4.43240541e-02 -3.54628305e+01 -6.33836272e+01
 -1.29062375e+00  2.59647040e-01]","[-12.61210754   1.06185161  -1.4828586  -16.70197218  -1.28711595
   0.22292906]","[ 62.29611918   3.73233095   0.42339536 -24.37588811  -1.3219802
  -0.0779815 ]","[-8.02533676e-02  1.07068921e-02  8.61053347e+01  8.91024307e+00
 -6.18813273e-01 -8.25151333e-01]",[-6.82492369  0.84802966  1.86368314 14.71949518 -1.30623519 -0.07239328],[ 4.56047034  1.25709177 -1.25756971  7.73510936 -1.31330836 -0.04230828],"[ 1.70361485e+00  1.29209712e-02  1.21650359e+02 -2.05245357e+02
 -1.25058088e+00  2.69783114e-01]",007,FW
1191,2,0.6221855836490948,1,"[  3.91570308   0.10514698  15.00580882 -56.75829179  -1.32393732
   0.15240301]","[-1.86787883e+00  3.51277898e-02 -4.42050382e+01 -8.05696549e+01
 -1.21060431e+00  4.42209265e-01]","[-13.21737467   0.88745435  -1.76635374 -21.34655922  -1.24928127
   0.31968428]","[ 64.51855099   3.44241444   0.45822357 -27.56392078  -1.30856771
  -0.16646162]","[-8.08809092e-02  1.19815334e-02 -9.17479718e+01 -5.42065938e+00
 -4.62324197e-01 -9.51821514e-01]",[-6.30743823  0.79979475  1.97519893 14.45844522 -1.30093457 -0.10399563],"[ 3.76833307e+00  1.27439065e+00 -1.24068024e+00  6.67529639e+00
 -1.31402756e+00  1.57525917e-03]","[ 1.71249872e+00  1.52820937e-02  1.03011553e+02 -1.74407153e+02
 -1.26760402e+00  2.32340420e-01]",007,FW
1192,2,0.6221855836490948,1,"[ 3.98198256e+00  1.11238089e-01  1.42109837e+01 -5.45878893e+01
 -1.34303478e+00  2.31860397e-02]","[-1.88512467e+00  2.35042847e-02 -6.29714089e+01 -1.16708957e+02
 -9.44306887e-01  7.51550397e-01]","[-13.70605598   0.68896797  -2.25625243 -28.9243221   -1.18164098
   0.44319091]","[ 66.50205406   2.97684447   0.52774663 -33.09623518  -1.27674469
  -0.27409831]","[-9.04936094e-02  2.39728594e-02 -6.19397704e+01 -3.60515339e+00
 -9.21176500e-01 -7.60546882e-01]",[-5.82373042  0.73897552  2.13655406 14.44271487 -1.2943549  -0.13368687],[ 2.9763321   1.25554498 -1.25911071  5.74753161 -1.31202304  0.04371562],"[ 1.72283732e+00  1.76074585e-02  8.95300302e+01 -1.52245678e+02
 -1.28213090e+00  1.92432607e-01]",007,FW
1193,2,0.6221855836490948,1,"[  4.04892205   0.10788663  14.63633698 -57.2613876   -1.33852396
  -0.11411831]","[-1.89378956e+00  1.18808461e-02 -7.83191616e+01 -1.46320011e+02
 -6.85160416e-01  7.67050396e-01]","[-14.06775789   0.48310985  -3.15968083 -42.44962497  -1.04842669
   0.61800534]","[ 68.14767278   2.37048267   0.65694815 -42.76948789  -1.20907959
  -0.41594934]","[-1.08691832e-01  3.66109244e-02 -4.22523727e+01 -2.59248778e+00
 -1.16034877e+00 -4.92705514e-01]",[-5.38046266  0.66965988  2.356151   14.67718248 -1.28690537 -0.1615484 ],[ 2.20637507  1.20296419 -1.31357685  4.89824323 -1.30755963  0.08535912],"[ 1.73456105e+00  1.97425926e-02  7.99380267e+01 -1.36657388e+02
 -1.29409672e+00  1.51696037e-01]",007,FW
1194,2,0.7197450856401505,1,"[  4.1104487    0.09473776  16.56875038 -66.10499843  -1.29742707
  -0.28224842]","[-1.89253947e+00  1.44179356e-02  7.51977958e+01  1.44314797e+02
 -4.14720720e-01  9.87592805e-01]","[-14.30171032   0.28761533  -5.02207219 -69.82422165  -0.73741244
   0.89287215]","[ 69.38158774   1.6767576    0.90833782 -61.02192026  -1.05492502
  -0.62524854]","[ -0.13477      0.04822528 -32.47440912  -2.37657598  -1.24675527
  -0.33464018]",[-4.98190095  0.5956875   2.64674201 15.18580652 -1.27891232 -0.18831028],[ 1.47844883  1.12061479 -1.40906749  4.08323418 -1.30053659  0.12804316],"[ 1.74750117e+00  2.15328631e-02  7.33562763e+01 -1.26190179e+02
 -1.30364932e+00  1.10056977e-01]",007,FW
1195,2,0.7197450856401505,1,"[ 4.16054141e+00  7.26893840e-02  2.11709472e+01 -8.60826025e+01
 -1.16591891e+00 -5.24319745e-01]","[-1.88049961e+00  2.98244605e-02  4.93972155e+01  9.48914443e+01
 -8.63486552e-01  8.03780425e-01]","[ -14.41554828    0.12881201   -7.53241435 -106.5838827    -0.43683053
    0.96548745]","[ 70.16174894   0.97033703   1.43949307 -98.99735134  -0.64563955
  -0.95179277]","[ -0.16773585   0.05816077 -27.06636053  -2.53999904  -1.28515847
  -0.22915948]",[-4.63022813  0.5201298   3.02848611 16.02258159 -1.2703298  -0.21589938],[ 0.80980901  1.01346052 -1.55629583  3.26030238 -1.29037698  0.1738549 ],"[ 1.76139562e+00  2.28328032e-02  6.92221571e+01 -1.19927605e+02
 -1.31050759e+00  6.71928202e-02]",007,FW
1196,2,0.7197450856401505,1,"[ 4.19383014e+00  4.45927419e-02  3.13637384e+01 -1.29534191e+02
 -7.32600828e-01 -8.93472546e-01]","[-1.85733937e+00  4.69623905e-02  3.28043198e+01  6.29287548e+01
 -1.12498842e+00  5.35291824e-01]","[-1.44229205e+01  1.13804401e-01  9.41720167e+00  1.37823551e+02
 -6.04680044e-01  8.27114671e-01]","[ 70.47981869   0.44363812   0.93815938 -64.12130307  -1.37333313
  -0.42645138]","[ -0.20634694   0.06597992 -23.91873262  -2.93555735  -1.30394749
  -0.15039229]",[-4.32612144  0.44492399  3.53602549 17.29727566 -1.26024602 -0.24825541],[ 0.21451592  0.88694872 -1.77523356  2.38081586 -1.27564964  0.22597721],"[ 1.77590466e+00  2.35269433e-02  6.72012436e+01 -1.17343002e+02
 -1.31403334e+00  2.34401196e-02]",007,FW
1197,2,0.7197450856401505,1,"[ 4.20614705e+00  2.34627340e-02  7.25086881e+00 -2.84982204e+01
 -1.67779376e+00 -2.61767176e-01]",[-1.82330708  0.06358259 24.57290114 46.80394452 -1.22529033  0.37301946],"[-14.34037717   0.21474223   7.00103918 102.39754244  -1.03020174
   0.67620865]","[ 70.35828813   0.67605197  -1.93853145 138.39175441  -0.58993916
  -0.94768479]","[ -0.24917464   0.07141008 -22.12740868  -3.51358906  -1.31262852
  -0.08700703]",[-4.06950002  0.37071835  4.23521975 19.23522688 -1.24578841 -0.29287758],[-0.29670779  0.74654836 -2.10327714  1.37594129 -1.25311408  0.28985816],"[ 1.79063792e+00  2.35546521e-02  6.71230276e+01 -1.18193039e+02
 -1.31384628e+00 -2.01094139e-02]",007,FW
1198,2,0.7197450856401505,1,"[ 4.19497407e+00  4.41516128e-02 -3.00655816e+01  1.28124335e+02
 -5.40347512e-01 -9.95983074e-01]",[-1.77921359  0.07859415 20.00050436 37.58516919 -1.27137256  0.26430475],"[-14.18415585   0.31031505   5.02055852  73.21238448  -1.21960698
   0.4072313 ]",[69.84365145  1.18532124 -1.28611814 91.82718707 -1.09810188 -0.60045808],"[ -0.29469375   0.07436193 -21.26030963  -4.26528036  -1.31521859
  -0.03372068]",[-3.86032684  0.29694581  5.2657503  22.32751721 -1.21870053 -0.36439784],[-0.71632038  0.5973807  -2.61543223  0.12651258 -1.214837    0.37600482],"[ 1.80518976e+00  2.29246894e-02  6.89484060e+01 -1.22464956e+02
 -1.31025027e+00 -6.22521639e-02]",007,FW
1199,2,0.7159151625328626,1,"[ 4.15975614e+00  7.92700075e-02 -1.91200299e+01  8.15346617e+01
 -1.04244688e+00 -6.49605831e-01]",[-1.72637726  0.0911946  17.28976998 31.84866579 -1.29534698  0.18329086],"[-13.9674939    0.39169819   4.01038267  58.01499548  -1.26125529
   0.27989104]",[68.99728496  1.63354576 -0.95687576 68.02182916 -1.24920801 -0.35953429],"[-3.41386118e-01  7.49331770e-02 -2.11000381e+01 -5.20326008e+00
 -1.31387895e+00  1.21681636e-02]",[-3.69934922  0.22218802  6.96357811 27.76070724 -1.15195438 -0.49393966],[-1.03955592  0.44406364 -3.48067926 -1.61836072 -1.13800418  0.50709986],"[ 1.81917661e+00  2.17100659e-02  7.27673025e+01 -1.30376575e+02
 -1.30398500e+00 -1.02404912e-01]",007,FW
1200,2,0.5801196916256833,1,"[  4.10204089   0.11235363 -13.86848559  58.88909502  -1.22664968
  -0.40383582]",[-1.66654357  0.10075662 15.674654   28.12249375 -1.30860381  0.11710701],"[-13.69889239   0.46523136   3.38477164  48.36762241  -1.26802263
   0.2246659 ]",[67.88565478  1.98472933 -0.79330159 55.85379798 -1.29243148 -0.22278899],"[ -0.38784242   0.07338225 -21.5416095   -6.35474993  -1.30995509
   0.05222808]",[-3.58867253  0.14534244 10.23373593 38.725527   -0.93561497 -0.74886671],[-1.26384562  0.29133487 -5.13668416 -4.49197579 -0.94189997  0.73449528],"[ 1.83226978e+00  2.00274903e-02  7.88216385e+01 -1.42422506e+02
 -1.29563356e+00 -1.40735752e-01]",007,FW
1201,2,0.532568257918643,1,"[  4.02539353   0.13870375 -11.34281255  47.65928428  -1.29919617
  -0.23832326]",[-1.60178624  0.1068147  14.79805646 25.70332317 -1.31541842  0.05882303],"[-13.38145528   0.53922944   2.92217506  41.10295488  -1.26574523
   0.20728165]",[66.57116535  2.24518443 -0.70305468 48.80316965 -1.30275308 -0.14228973],"[ -0.43284808   0.07008361 -22.54671836  -7.75930381  -1.30428622
   0.08733913]",[-3.53206829  0.07312552 14.36577054 52.74088262 -0.54839383 -0.87321893],[-1.38817626  0.15001409 -8.2273854  -9.42106112 -0.43675654  1.02088934],"[ 1.84421895e+00  1.80161009e-02  8.75392287e+01 -1.59441504e+02
 -1.28530229e+00 -1.77439961e-01]",007,FW
1202,2,0.532568257918643,1,"[  3.93505359   0.1555823  -10.15095807  41.94456402  -1.32791151
  -0.11138813]","[-1.53439090e+00  1.09100310e-01  1.44921149e+01  2.42365693e+01
 -1.31734872e+00  4.70861787e-03]","[-13.01324167   0.62117359   2.53668614  35.01050977  -1.26244055
   0.20762171]",[65.10494447  2.43690877 -0.64832819 44.2093707  -1.30188571 -0.09761309],"[ -0.4754453    0.06548376 -24.11857055  -9.46706109  -1.29742969
   0.11762454]","[ -3.53493362   0.07897762 -12.58650722 -42.49246746  -0.44630323
  -0.95707817]",[-1.41253896  0.10167876  6.24139088 10.81620776 -1.07828552  0.56302912],"[ 1.85486684e+00  1.58268495e-02  9.95426159e+01 -1.82638298e+02
 -1.27295921e+00 -2.11343963e-01]",007,FW
1203,2,0.6833308901452295,1,"[ 3.83734623e+00  1.61680497e-01 -9.77840597e+00  3.95231293e+01
 -1.33373303e+00 -4.03524778e-03]",[-1.46671791  0.10759489 14.69228783 23.54944172 -1.3149815  -0.04721511],"[-12.58850517   0.71605511   2.20027602  29.69818604  -1.26179968
   0.21141531]",[63.52284335  2.58769461 -0.61073084 40.79535957 -1.29842163 -0.07727708],"[ -0.51496634   0.06006139 -26.28253997 -11.53462342  -1.29004001
   0.14242665]","[ -3.60386147   0.17379851  -8.35512159 -28.11070081  -0.76038634
  -0.87543537]",[-1.33761681  0.21774643  6.57935186 10.80065166 -0.74774282  0.88812132],"[ 1.86415709e+00  1.36201671e-02  1.15558401e+02 -2.13419011e+02
 -1.25953542e+00 -2.38411421e-01]",007,FW
1204,2,0.6833308901452295,1,"[  3.73892123   0.15713071 -10.05443323  39.59273387  -1.32422735
   0.0937329 ]",[-1.40104113  0.1025662  15.40347847 23.58090691 -1.30848762 -0.09796311],"[-12.0996041    0.82518736   1.90940044  25.10298943  -1.26540468
   0.20934229]",[61.84541781  2.72217342 -0.58060276 37.90762058 -1.2961347  -0.07124447],"[ -0.55103238   0.05427899 -29.06951995 -14.01824678  -1.28317729
   0.16095325]","[ -3.74584238   0.29127845  -5.24243436 -17.63733281  -1.04039773
  -0.61933649]",[-1.16480923  0.36272459  4.22169941  6.91747442 -1.08122363  0.5880268 ],"[ 1.87213510e+00  1.15597795e-02  1.36091138e+02 -2.52780996e+02
 -1.24814625e+00 -2.51194848e-01]",007,FW
1205,2,0.6833308901452295,1,"[  3.64595917   0.1433414  -10.99733908  42.09584932  -1.30152279
   0.18871162]",[-1.33937189  0.09456853 16.68965451 24.3536541  -1.29781731 -0.14773744],"[-11.53923458   0.94581387   1.66650039  21.23013898  -1.27272803
   0.19756852]",[60.08164305  2.85484636 -0.55362843 35.26290577 -1.29619389 -0.06996921],"[ -0.58351456   0.04851732 -32.51069039 -16.97046133  -1.27802133
   0.17371133]","[ -3.96719219   0.42052585  -3.69028778 -12.64008087  -1.15610146
  -0.46733656]",[-0.89662064  0.50826517  3.06495179  4.74809905 -1.1971644   0.41613217],"[ 1.87893883e+00  9.79382663e-03  1.60702376e+02 -2.99949934e+02
 -1.24362154e+00 -2.40656647e-01]",007,FW
1206,2,0.6833308901452295,1,"[  3.56351331   0.12263165 -12.80408355  47.6275222   -1.26422244
   0.28737118]",[-1.28329841  0.0843971  18.67608343 25.96698818 -1.28314437 -0.19585919],"[-10.9025975    1.07171033   1.47164417  18.04474409  -1.2819402
   0.1766349 ]",[58.23507242  2.98747377 -0.52907138 32.81051021 -1.29834032 -0.06621483],"[ -0.61246043   0.04300681 -36.66553126 -20.45618692  -1.27502588
   0.18396495]","[ -4.27237611   0.55608928  -2.81179173 -10.01303181  -1.21623683
  -0.36546282]",[-0.53732547  0.64741942  2.42293245  3.30190333 -1.24933453  0.30818589],"[ 1.88477692e+00  8.42656133e-03  1.87035766e+02 -3.50520695e+02
 -1.24899223e+00 -2.01534400e-01]",007,FW
1207,2,0.6833308901452295,1,"[  3.49510723   0.09775783 -15.95604839  57.76810011  -1.20607346
   0.3989627 ]",[-1.2338802   0.07298602 21.56141694 28.60420548 -1.26537064 -0.24118121],"[-10.18916384   1.1944488    1.3213707   15.46366252  -1.29126115
   0.14897684]","[ 5.63106409e+01  3.11080366e+00 -5.08145048e-01  3.06139733e+01
 -1.30182547e+00 -5.60938148e-02]","[-6.37996263e-01  3.77881559e-02 -4.17104199e+01 -2.46110920e+01
 -1.27319753e+00  1.98241965e-01]",[-4.66293304  0.69195288 -2.26939658 -8.5820443  -1.25252965 -0.28861281],[-0.09368247  0.77461975  2.03227672  2.19038871 -1.27794655  0.23019822],"[ 1.88989588e+00  7.49439398e-03  2.10647670e+02 -3.96102163e+02
 -1.26168014e+00 -1.39476890e-01]",007,FW
1208,2,0.7517452796533985,1,"[ 3.44260883e+00  7.14593721e-02 -2.15613513e+01  7.62272982e+01
 -1.10832379e+00  5.40910754e-01]",[-1.19162098  0.06125885 25.6432191  32.55699789 -1.24589557 -0.28312469],[-9.40377353  1.30475377  1.21048692 13.38314486 -1.29957375  0.11689492],"[ 5.43205112e+01  3.20828664e+00 -4.92770237e-01  2.87675312e+01
 -1.30594308e+00 -3.81171944e-02]","[-6.60225218e-01  3.27287655e-02 -4.81110565e+01 -2.97641328e+01
 -1.26959220e+00  2.25843932e-01]",[-5.13668234  0.82138017 -1.91695623 -7.84679519 -1.27618411 -0.22574067],[ 0.42459084  0.88427555  1.78393058  1.24255942 -1.29512365  0.16773087],"[ 1.89454234e+00  6.96149803e-03  2.27026499e+02 -4.28111314e+02
 -1.27530768e+00 -7.19553657e-02]",007,FW
1209,2,0.7517452796533985,1,"[ 3.40632350e+00  4.61763176e-02 -3.24156878e+01  1.12418319e+02
 -9.13129549e-01  7.48908981e-01]",[-1.15651811  0.04997944 31.36905503 38.2788802  -1.22554118 -0.32257015],[-8.5569496   1.39359415  1.13395207 11.70317071 -1.30625971  0.08183013],"[ 5.22880612e+01  3.25944632e+00 -4.85084774e-01  2.73641423e+01
 -1.31003099e+00 -1.15233544e-02]","[-6.79147832e-01  2.75933628e-02 -5.69348292e+01 -3.66671658e+01
 -1.25792433e+00  2.78739286e-01]",[-5.68734598  0.93751299 -1.68247168 -7.56879858 -1.29198977 -0.17153389],[ 1.00481963  0.9714097   1.62591     0.36625371 -1.30520875  0.11464454],"[ 1.89893057e+00  6.74060247e-03  2.34559773e+02 -4.43412723e+02
 -1.28566598e+00 -1.73826780e-02]",007,FW
1210,2,0.7517452796533985,1,"[ 3.38523085e+00  2.41734833e-02 -5.54894377e+01  1.89844557e+02
 -4.60698854e-01  1.05793569e+00]","[-1.12817074e+00  3.96652932e-02  3.94382522e+01  4.64930821e+01
 -1.20371430e+00 -3.61821314e-01]",[-7.66451252  1.45301982  1.08798618 10.33888369 -1.31091655  0.04449358],"[ 5.02498948e+01  3.24228635e+00 -4.87629440e-01  2.65033281e+01
 -1.31315344e+00  2.48565036e-02]","[-6.94626105e-01  2.21425905e-02 -7.05543622e+01 -4.70089018e+01
 -1.22344588e+00  3.74667622e-01]",[-6.30465525  1.03411491 -1.52707527 -7.62768314 -1.30231557 -0.12323308],[ 1.63194657  1.03263325  1.53056664 -0.49780297 -1.3102223   0.06848784],"[ 1.90322348e+00  6.72827720e-03  2.34992813e+02 -4.45243840e+02
 -1.29230387e+00  1.65723795e-02]",007,FW
1211,2,0.7517452796533985,1,"[ 3.37730662e+00  1.01796724e-02 -2.01942162e+01  7.02020600e+01
 -1.57084301e+00  3.32659017e-01]","[-1.10591913e+00  3.05886868e-02  5.10021047e+01  5.84042032e+01
 -1.17848907e+00 -4.04097408e-01]","[-6.74664673e+00  1.47691370e+00  1.07055089e+00  9.22262863e+00
 -1.31319897e+00  5.18255953e-03]",[48.25606484  3.13558259 -0.50402412 26.32222047 -1.31364197  0.0731342 ],"[-7.06397017e-01  1.62375045e-02 -9.46890007e+01 -6.48880276e+01
 -1.12208230e+00  5.48449768e-01]",[-6.97492633  1.10626339 -1.42851271 -7.96377094 -1.30849212 -0.07935249],[ 2.28959585  1.06681997  1.48198952 -1.39315706 -1.31154748  0.02835787],"[ 1.90752978e+00  6.83572094e-03  2.31284954e+02 -4.39182938e+02
 -1.29599349e+00  3.32170102e-02]",007,FW
1212,2,0.7517452796533985,1,"[ 3.37988819e+00  1.48704632e-02  9.34552546e+01 -3.13868311e+02
 -8.31975836e-01  8.14104772e-01]","[-1.08898209e+00  2.28311250e-02  6.80797414e+01  7.61376187e+01
 -1.14645885e+00 -4.54253518e-01]",[-5.82651795  1.46169222  1.08158708  8.30188651 -1.31275551 -0.03600528],[46.36840925  2.92206771 -0.54024955 27.05051233 -1.30837215  0.1368485 ],"[-7.14127891e-01  9.99580671e-03 -1.43874082e+02 -1.00744495e+02
 -7.88955525e-01  8.62005617e-01]",[-7.68200657  1.15086022 -1.37368781 -8.55267876 -1.31140089 -0.03906792],[ 2.9613813   1.07518444  1.47055613 -2.35487742 -1.31036917 -0.00616574],"[ 1.91191413e+00  7.00440317e-03  2.25705997e+02 -4.29530485e+02
 -1.29735372e+00  4.02228430e-02]",007,FW
1213,2,0.6198533412779529,1,"[ 3.39005734e+00  2.29220247e-02  6.78071463e+01 -2.27870114e+02
 -1.27567179e+00  4.04457276e-01]","[-1.07657143e+00  1.63346997e-02  9.45815684e+01  1.03823814e+02
 -1.09944626e+00 -5.23263495e-01]",[-4.92857798  1.40675858  1.12337059  7.53661953 -1.30926892 -0.07918239],[44.6566594   2.59263422 -0.60731873 29.12082561 -1.29125928  0.22215272],"[-7.17496485e-01  4.80090990e-03 -1.28680499e+02 -9.03278059e+01
 -1.12713138e+00  5.28004930e-01]","[-8.40843697e+00  1.16685343e+00 -1.35502827e+00 -9.39366980e+00
 -1.31173181e+00 -1.84248655e-03]",[ 3.63213599  1.06078672  1.49037356 -3.41323943 -1.30770716 -0.03553026],"[ 1.91641377e+00  7.20801631e-03  2.19323737e+02 -4.18315030e+02
 -1.29691258e+00  4.46149720e-02]",007,FW
1214,2,0.3966922915867895,1,"[ 3.40503126e+00  2.76789885e-02  5.69941497e+01 -1.92066861e+02
 -1.34190109e+00  1.50261225e-01]","[-1.06798669e+00  1.09271793e-02  1.39446475e+02  1.50926980e+02
 -1.00838178e+00 -6.42115255e-01]",[-4.07680518  1.31446368  1.20133575  6.8976118  -1.30244373 -0.12500041],[43.19230648  2.15064092 -0.72783041 33.43667399 -1.24894664  0.341173  ],"[-7.16274101e-01  7.21593375e-03  1.71015400e+02  1.24493902e+02
 -4.43771985e-01  1.01652705e+00]","[ -9.13665812   1.1551367   -1.36865689 -10.50495009  -1.31004731
   0.03280454]",[ 4.28877203  1.02768098  1.53809266 -4.59652878 -1.30439332 -0.06049143],"[ 1.92105567e+00  7.44650830e-03  2.12289130e+02 -4.05819236e+02
 -1.29524622e+00  5.09604209e-02]",007,FW
1215,2,0.635258700056603,1,"[ 3.42254536e+00  2.95138350e-02  5.35672073e+01 -1.81336197e+02
 -1.32585468e+00  2.21284805e-02]","[-1.06270230e+00  6.36935668e-03  2.26558085e+02  2.42763799e+02
 -7.43020510e-01 -8.86939446e-01]",[-3.29312624  1.18954567  1.32585986  6.36622388 -1.29163977 -0.1751772 ],[42.04097665  1.61524392 -0.95468565 42.135917   -1.1447237   0.52112603],"[-7.10393953e-01  1.38239318e-02  1.08459974e+02  7.90493095e+01
 -9.68361706e-01  7.16931681e-01]","[ -9.8501036    1.11819995  -1.41350571 -11.92317763  -1.30675973
   0.06538685]",[ 4.9206083   0.97996966  1.61257591 -5.93485442 -1.30103096 -0.08236326],"[ 1.92586914e+00  7.73589578e-03  2.04329657e+02 -3.91512181e+02
 -1.29310647e+00  6.09046608e-02]",007,FW
1216,2,0.6186360737515109,1,"[ 3.44116881e+00  2.98480508e-02  5.29721917e+01 -1.80286254e+02
 -1.29524316e+00 -1.07342620e-02]","[-1.06044626e+00  2.93614854e-03  2.44831313e+02  2.61630452e+02
 -9.74084903e-01 -6.13129896e-01]",[-2.59615583  1.03833497  1.51598438  5.93573169 -1.2750813  -0.23297996],[41.25471855  1.02631337 -1.42547961 60.80776015 -0.85022251  0.81830333],"[-6.99996177e-01  2.05866656e-02  7.53099707e+01  5.47166915e+01
 -1.17611640e+00  4.68933530e-01]","[-10.53406368   1.05966227  -1.49099003 -13.70618394  -1.30212746
   0.09645097]",[ 5.5191812   0.92099809  1.71529803 -7.46704061 -1.29787144 -0.10320288],"[ 1.93089091e+00  8.09448070e-03  1.95253256e+02 -3.75012737e+02
 -1.29163061e+00  7.28087484e-02]",007,FW
1217,2,0.6186360737515109,1,"[ 3.46046397e+00  3.03922482e-02  5.20118429e+01 -1.77985108e+02
 -1.26716396e+00  4.52477207e-02]","[-1.06125055e+00  4.56076542e-03 -2.62539316e+02 -2.76619995e+02
 -3.15934170e-01 -1.09547048e+00]",[-2.00030088  0.86812289  1.80742506  5.61539393 -1.24865546 -0.30383606],[40.86570032  0.49174124 -1.895965   79.47993743 -0.59345467  0.84357612],"[-6.85449295e-01  2.67159500e-02  5.86802883e+01  4.22223623e+01
 -1.25668458e+00  3.16149480e-01]","[-11.17625496   0.9837904   -1.60511159 -15.93913633  -1.29629124
   0.12660029]",[ 6.07769115  0.85287894  1.85152496 -9.25299684 -1.29465778 -0.12580663],"[ 1.93616105e+00  8.52664350e-03  1.85335913e+02 -3.56840175e+02
 -1.29212901e+00  8.21210379e-02]",007,FW
1218,2,0.6186360737515109,1,"[ 3.48093274e+00  3.26944965e-02  4.82638018e+01 -1.66003048e+02
 -1.24126408e+00  1.56546265e-01]","[-1.06544745e+00  9.75870496e-03 -1.50457802e+02 -1.58304881e+02
 -7.79432415e-01 -8.52879797e-01]",[-1.51522206  0.68685237  2.27146723  5.44177725 -1.20332402 -0.3971432 ],"[ 40.88240156   0.52561599   2.07505129 -82.83308008  -0.50006904
   0.91961468]","[-6.67352264e-01  3.17726718e-02  4.95829404e+01  3.50892875e+01
 -1.29482860e+00  2.07921302e-01]","[-11.76708785   0.89504728  -1.76304976 -18.74596143  -1.28927772
   0.15661781]","[  6.59029452   0.7764454    2.0325044  -11.39480259  -1.29050619
  -0.15360582]","[ 1.94171130e+00  9.00912754e-03  1.75406892e+02 -3.38589544e+02
 -1.29532132e+00  8.34650757e-02]",007,FW
1219,2,0.6186360737515109,1,"[ 3.50377041e+00  3.76849893e-02  4.17420353e+01 -1.44254508e+02
 -1.22217342e+00  2.54882762e-01]","[-1.07359782e+00  1.64082458e-02 -9.28672533e+01 -9.77020804e+01
 -1.00599846e+00 -6.43488850e-01]",[-1.14561577  0.50297856  3.06592116  5.51236764 -1.1165225  -0.53179885],"[ 41.28886531   1.02735814   1.45128567 -57.92193869  -0.96580995
   0.72934428]","[-6.46520023e-01  3.54040172e-02  4.46043068e+01  3.08375775e+01
 -1.31482984e+00  1.20216281e-01]","[-12.29966482   0.79768866  -1.97652084 -22.31054379  -1.28091236
   0.18767978]","[  7.05145107   0.6915863    2.27949187 -14.0737254   -1.2836851
  -0.19081625]","[ 1.94754882e+00  9.48601571e-03  1.66609361e+02 -3.22479864e+02
 -1.30084151e+00  7.31913507e-02]",007,FW
1220,2,0.6186360737515109,1,"[ 3.53051601e+00  4.54768185e-02  3.45209134e+01 -1.19876637e+02
 -1.22015586e+00  2.99136504e-01]","[-1.08636119e+00  2.42747970e-02 -6.37063233e+01 -6.72080769e+01
 -1.11985677e+00 -5.09250684e-01]",[-0.89131317  0.32557478  4.59095545  6.09197904 -0.91787344 -0.74978169],"[ 42.04705514   1.52265026   1.01993618 -40.88531269  -1.20403543
   0.44384476]","[-6.23951425e-01  3.73288076e-02  4.23488482e+01  2.84236242e+01
 -1.32427518e+00  4.08694663e-02]","[-12.76955886   0.69544084  -2.26455287 -26.91734113  -1.27062965
   0.22165257]","[  7.45549609   0.59779589   2.63210985 -17.62368472  -1.27085346
  -0.24330216]","[ 1.95363940e+00  9.87416620e-03  1.60095413e+02 -3.10768705e+02
 -1.30752226e+00  5.00517133e-02]",007,FW
1221,2,0.6186360737515109,1,"[ 3.56272123e+00  5.56199270e-02  2.82244353e+01 -9.85557951e+01
 -1.23105825e+00  2.98389573e-01]","[-1.10434179e+00  3.30554034e-02 -4.71676604e+01 -5.00892187e+01
 -1.18921423e+00 -4.08823145e-01]",[-0.74772872  0.16756625  7.66766431  7.7333328  -0.42418014 -1.05688887],"[ 43.10174346   1.93174936   0.81321604 -33.05102907  -1.28123621
   0.27376155]","[-6.00776338e-01  3.73701176e-02  4.23029454e+01  2.74146086e+01
 -1.32500540e+00 -3.71156883e-02]","[-13.17443568   0.59130742  -2.65912788 -33.03250917  -1.25709977
   0.26155608]","[  7.7965192    0.49476383   3.16827118 -22.70148712  -1.24466036
  -0.32093665]","[ 1.95989383e+00  1.00748691e-02  1.56933779e+02 -3.05573545e+02
 -1.31388553e+00  1.37988284e-02]",007,FW
1222,2,0.1882447357811595,1,"[ 3.60174515e+00  6.75490510e-02  2.32616651e+01 -8.17825895e+01
 -1.24347372e+00  2.78037120e-01]","[ -1.12795769   0.04230497 -37.04302315 -39.78296297  -1.23354567
  -0.32823714]",[-0.70660827  0.08878081 -3.84167128 -0.71455669 -1.56042605 -0.30765705],"[ 44.38679967   2.23294294   0.70651459 -29.35992151  -1.30868527
   0.16182243]","[-5.78179770e-01  3.54988820e-02  4.44860289e+01  2.77209220e+01
 -1.31629911e+00 -1.18783816e-01]","[-13.51359807   0.48752881  -3.21727331 -41.47693834  -1.23738948
   0.31246015]","[  8.06852342   0.38293348   4.05855901 -30.74657843  -1.18551443
  -0.44373369]","[ 1.96616084e+00  9.98640007e-03  1.58306786e+02 -3.09256602e+02
 -1.31806957e+00 -3.67186481e-02]",007,FW
1223,2,0.1882447357811595,1,"[  3.64870986   0.08090918  19.43941151 -68.92877244  -1.25203883
   0.25587722]","[ -1.15736768   0.05154727 -30.50036257 -33.30013387  -1.26143674
  -0.26277641]",[-0.75686949  0.17152395 -8.31207331 -4.29115472 -0.79432252 -0.85751456],"[ 45.83150576   2.42211001   0.65241481 -27.90115333  -1.31747023
   0.08106727]","[-5.57306807e-01  3.18615640e-02  4.94413837e+01  2.95540197e+01
 -1.29524558e+00 -2.09537693e-01]","[-13.78752174   0.38567199  -4.04959422 -53.83386832  -1.20472696
   0.38360293]","[  8.26576141   0.26429341   5.73339438 -45.39087001  -1.02699356
  -0.6571674 ]","[ 1.97222803e+00  9.51592922e-03  1.65996986e+02 -3.25383909e+02
 -1.31690634e+00 -1.05165338e-01]",007,FW
1224,2,0.1882447357811595,1,"[  3.70455286   0.09559974  16.46438724 -58.99319276  -1.25818281
   0.23754726]","[ -1.19245856   0.06036747 -26.0982887  -29.1211279   -1.27883856
  -0.20962028]",[-0.8852824   0.27453506 -5.6184047  -2.97387479 -1.16740918 -0.50965154],"[ 4.73656921e+01  2.50421837e+00  6.31354651e-01 -2.79045500e+01
 -1.31873192e+00  1.74374571e-02]","[-5.39162579e-01  2.67740956e-02  5.85482458e+01  3.35670232e+01
 -1.25482610e+00 -3.17961717e-01]","[-13.99742395   0.28682572  -5.39697157 -73.54369915  -1.14105312
   0.49398677]","[  8.38314607   0.14610531   9.08238644 -74.13897225  -0.54999768
  -0.98677824]","[ 1.97783120e+00  8.59273438e-03  1.83377482e+02 -3.60689706e+02
 -1.30350311e+00 -1.99849655e-01]",007,FW
1225,2,0.1882447357811595,1,"[  3.77005741   0.11153405  14.12126244 -51.23797011  -1.26533777
   0.22010218]","[ -1.23287007   0.06843265 -23.05366308 -26.42217123  -1.29022767
  -0.16557299]",[-1.07687492  0.3590625  -4.36857756 -2.7044116  -1.27728315 -0.30067045],"[ 4.89230127e+01  2.48761158e+00  6.35511352e-01 -2.90911299e+01
 -1.31654409e+00 -3.85291432e-02]","[-5.24527804e-01  2.06829426e-02  7.50246893e+01  4.13525355e+01
 -1.17641484e+00 -4.61424859e-01]","[ -14.14488904    0.1920518    -7.86574233 -109.26005248   -0.98648156
    0.68667665]",[ 8.41670526  0.08308233 -3.08919099 28.00081007 -1.59547959 -0.31427546],"[ 1.98267267e+00  7.18572724e-03  2.17817884e+02 -4.29861565e+02
 -1.25972637e+00 -3.38671539e-01]",007,FW
1226,2,0.1882447357811595,1,"[  3.84577439   0.12830146  12.28471305 -45.24423487  -1.27515638
   0.19825583]","[ -1.27803013   0.07545642 -20.92683299 -24.74512318  -1.29833747
  -0.12717155]",[-1.31516196  0.41832217 -3.77092262 -2.95937397 -1.31706313 -0.16248525],"[ 50.44239459   2.3805888    0.66368268 -31.47774384  -1.31135056
  -0.09415901]","[-5.13906665e-01  1.41193017e-02  1.07049618e+02  5.70135122e+01
 -1.00032836e+00 -6.78870108e-01]","[-1.42315656e+01  1.04595740e-01 -1.28389463e+01 -1.80718306e+02
 -5.39894235e-01  1.00185266e+00]",[ 8.36410902  0.17309539 -8.02798506 69.14694225 -0.64301786 -0.95065878],"[ 1.98644934e+00  5.32942496e-03  2.87691797e+02 -5.69485180e+02
 -1.12676289e+00 -5.61728145e-01]",007,FW
1227,2,0.1882447357811595,1,"[  3.93184992   0.14501639  10.87790166 -40.7702768   -1.28638466
   0.16952313]","[ -1.32718305   0.08116175 -19.46798425 -23.8375788   -1.30431129
  -0.09160726]",[-1.58245929  0.44933024 -3.51768861 -3.56659903 -1.33089947 -0.05403248],"[ 51.86839092   2.19106632   0.72018129 -35.35464484  -1.30137573
  -0.15554668]","[-5.07514744e-01  7.75711826e-03  1.73724769e+02  9.01678818e+01
 -5.37782860e-01 -1.00699545e+00]","[-14.25893541   0.0542059    1.94713565  29.76408149  -1.70597784
   0.26463318]",[ 8.22526089  0.3003781  -5.07112315 43.71131094 -1.05385753 -0.62490584],"[ 1.98888820e+00  3.18936264e-03  4.35870402e+02 -8.64897499e+02
 -6.93897347e-01 -9.16899253e-01]",007,FW
1228,2,0.1882447357811595,1,"[  4.02786999   0.16051202   9.83587405 -37.61762193  -1.29609879
   0.13583231]","[ -1.37940996   0.08528469 -18.53445509 -23.56661191  -1.30835622
  -0.05729369]",[-1.86057044  0.45131181 -3.50261918 -4.5168697  -1.32954438  0.04223883],"[ 53.15159437   1.92843194   0.81634254 -41.38990754  -1.28280045
  -0.22881023]",[-0.5053062   0.00376977  3.38549765  3.71071294 -1.71951048 -0.25329477],"[-1.42281443e+01  1.08594464e-01  1.26776231e+01  1.82379050e+02
 -6.15573931e-01  9.63844059e-01]",[ 8.00284362  0.42696385 -3.64529587 31.17273281 -1.19784169 -0.4254159 ],"[ 1.98978180e+00  1.64397973e-03  9.41004296e+01 -1.85239322e+02
 -1.68051155e+00 -2.64423567e-01]",007,FW
1229,0,0.0295958151587004,0,"[  4.20856747   0.31907598   4.55590495 -17.1738334   -0.37948849
   1.01104829]","[ -1.4643916    0.14479376 -10.27258295 -13.04308418  -0.5351509
  -0.8686967 ]",[-2.21064914  0.55939974 -2.77844019 -4.1421564  -0.94093815 -0.43098563],"[ 54.34159379   1.74024215   0.90666008 -47.26935365  -1.20521546
  -0.13419874]","[-5.15113110e-01  2.44273530e-02 -4.96895342e+01 -2.35957305e+01
  1.73380021e-01 -1.44646815e+00]","[-13.94714468   0.60229143   2.13365224  31.75835648   0.10094499
   1.3952043 ]",[ 7.3944238   1.16147347 -1.20335023 10.89808161 -0.17615287 -1.18710834],"[ 1.98486034e+00  1.21510175e-02 -9.80137294e+01  1.96543564e+02
  1.96741316e-01 -1.46227611e+00]",007,FW
1230,0,0.0302986972398628,0,"[  4.39760979   0.38038519   3.98953319 -15.54441025  -1.6778786
   0.32466334]","[ -1.54789318   0.16283531  -9.37572921 -12.51262731  -1.68536227
  -0.2588297 ]",[-2.51499796  0.53855569 -2.868044   -5.21312483 -1.60291369 -0.03347695],"[ 55.18388375   1.29591863   1.15812002 -61.90956064  -1.24893896
  -0.41226555]","[-5.29523425e-01  3.47034438e-02 -4.21253717e+01 -2.03063711e+01
 -1.63596520e+00 -4.74655658e-01]","[-13.57136417   0.84948193   1.73427289  25.53644889  -1.59690489
   0.48337287]",[ 6.70459933  1.46508629 -1.02556795  8.87602219 -1.67975193 -0.37749311],"[ 1.97761639e+00  1.75356738e-02 -8.29430811e+01  1.66029597e+02
 -1.61691395e+00 -4.91045061e-01]",007,FW
1231,0,0.0355149023207402,0,"[  4.59251769   0.38715194   3.94018251 -16.09535788  -1.67870221
  -0.27985699]","[ -1.62806261   0.15639859  -9.63941761 -13.69357544  -1.68092784
   0.36077177]",[-2.76901404  0.44996788 -3.2571596  -7.01912068 -1.55256345  0.51470724],"[ 55.68114819   0.79277153   1.41332017 -76.69528979  -0.92325007
  -0.60398937]","[ -0.54784794   0.03985994 -38.53428025 -19.11092597  -1.66227146
   0.14197289]","[-13.09895892   0.99720231   1.54886723  22.28854816  -1.61580501
  -0.07414601]",[ 5.94990691  1.54679545 -0.98822531  7.8798486  -1.68364165  0.24307544],"[ 1.96824332e+00  2.05050030e-02 -7.49913730e+01  1.49601269e+02
 -1.64935871e+00  1.13307986e-01]",007,FW
1232,0,0.0355149023207402,0,"[  4.79065515   0.33869078   4.37459454 -18.95717386  -0.50407458
  -0.89437203]","[ -1.70308975   0.12638627 -11.22017999 -17.10897358  -0.24346999
   1.13053431]","[ -2.97629671   0.31672565  -4.11766016 -10.25537839   0.08524995
   1.37525297]",[55.85623653  0.50481327 -0.70155036 41.18596275 -1.57917369  0.15242697],"[-5.69364777e-01  3.89221153e-02 -3.92803005e+01 -2.03648195e+01
 -7.63505987e-01  6.32371195e-01]","[-12.52785435   1.02852372   1.50847966  20.89801352  -0.89925282
  -0.43424154]",[ 5.14641782  1.39876801 -1.06977613  7.50551492 -0.57710811  0.82272436],"[ 1.95698859e+00  2.04891676e-02 -7.50386377e+01  1.48849758e+02
 -8.14907989e-01  5.67616172e-01]",007,FW
1233,0,0.3280189132890582,0,"[  4.98926722   0.19582095   8.07305027 -38.27860507  -1.30758731
  -0.0448324 ]","[ -1.77126731   0.05238789 -29.95335337 -51.05539563  -1.25449905
   0.30098909]","[ -3.14876986   0.09438392 -16.622105   -50.3391832   -1.07171679
  -0.27400941]","[ 55.75174552   0.65851335  -2.38532707 134.98614768  -1.32113085
  -0.2611003 ]","[-5.93327526e-01  2.79735310e-02 -5.65157685e+01 -3.15323611e+01
 -1.31389606e+00 -3.56973842e-02]","[-11.85636519   0.8686258    1.81559119  23.52631214  -1.28095995
   0.17903421]","[ 4.30850352e+00  8.73010323e-01 -1.81113030e+00  9.80326127e+00
 -1.30189152e+00 -4.77210668e-03]","[ 1.94411754e+00  1.55883242e-02 -1.01372717e+02  1.99080476e+02
 -1.30119132e+00 -8.44151816e-02]",007,FW
1234,0,0.3280189132890582,0,"[  5.10967414   0.1878549    8.41259752 -40.98563199  -1.30726352
  -0.07784276]","[-1.80031426e+00  4.12404408e-02 -3.77714329e+01 -6.60004492e+01
 -1.20068800e+00  4.15710436e-01]","[ -3.22736943   0.13253706 -11.56491559 -35.32425506  -0.94280598
  -0.62370871]","[ 5.53371025e+01  7.26978935e-01 -2.17362757e+00  1.22282251e+02
 -1.36647794e+00 -4.64451204e-02]","[-6.10877376e-01  2.81745267e-02 -5.61173299e+01 -3.22808072e+01
 -1.31667588e+00  1.26614125e-02]","[-11.27676299   0.97103215   1.62519511  20.32694009  -1.28837921
   0.154206  ]","[ 3.75619661e+00  8.75051504e-01 -1.80690924e+00  8.78710636e+00
 -1.30039867e+00 -1.10203767e-03]","[ 1.93403768e+00  1.64077584e-02 -9.63309738e+01  1.88307733e+02
 -1.30066752e+00 -6.66987465e-02]",007,FW
1235,0,0.3280189132890582,0,"[  5.22347883   0.17561875   8.99216657 -44.97039171  -1.30429957
  -0.12215805]","[-1.82198744e+00  2.93558477e-02 -5.20846417e+01 -9.28975630e+01
 -1.07453011e+00  5.98671728e-01]","[ -3.34038015   0.20888895  -7.29894836 -22.38126223  -0.95849565
  -0.65710832]","[ 54.9115233    0.6974373   -2.26002908 126.10163973  -1.35615823
   0.16918188]","[-6.28222645e-01  2.74130372e-02 -5.76545890e+01 -3.42199184e+01
 -1.31593476e+00  6.82583758e-02]","[-10.63551224   1.06658872   1.48048876  17.74575628  -1.29555026
   0.12733101]","[ 3.20269763e+00  8.75569891e-01 -1.80583964e+00  7.78355832e+00
 -1.29998735e+00 -3.65591826e-04]","[ 1.92346816e+00  1.70978564e-02 -9.24533664e+01  1.79831107e+02
 -1.30047840e+00 -5.51740530e-02]",007,FW
1236,0,0.3280189132890582,0,"[  5.32776071   0.15851367   9.94693438 -50.99488617  -1.29547608
  -0.18340133]","[-1.83588019e+00  1.74419130e-02 -8.15813528e+01 -1.47773590e+02
 -7.17841739e-01  9.07797603e-01]","[ -3.51089044   0.32128311  -4.77822237 -14.77581526  -1.03957972
  -0.5889891 ]","[ 54.54134559   0.56681908  -2.7274088  150.75654575  -1.23942804
   0.46155899]","[-6.44723120e-01  2.55984401e-02 -6.16698988e+01 -3.77600096e+01
 -1.30958428e+00  1.36340012e-01]",[-9.93898589  1.14941019  1.37454326 15.6615661  -1.30212474  0.09771244],"[ 2.64921957e+00  8.75228505e-01 -1.80654379e+00  6.78593115e+00
 -1.30078495e+00  9.59271003e-04]","[ 1.91249179e+00  1.76849274e-02 -8.93911888e+01  1.72959914e+02
 -1.30140664e+00 -4.55164879e-02]",007,FW
1237,0,0.3280189132890582,0,"[  5.41926846   0.13613188  11.54220968 -60.55033286  -1.27314671
  -0.27207104]","[-1.84184153e+00  8.05318291e-03 -7.31204926e+01 -1.32676360e+02
 -1.13137827e+00  5.41570088e-01]","[ -3.76012037   0.46495693  -3.32975983 -10.52029776  -1.12146721
  -0.49930059]","[ 54.29328995   0.35459229  -3.83431706 210.17768813  -0.74059716
   0.86618106]","[-6.59683510e-01  2.26716196e-02 -6.94341808e+01 -4.38045841e+01
 -1.29197846e+00  2.27567281e-01]",[-9.19729986  1.2131022   1.30292685 13.98340894 -1.30757533  0.06513558],[ 2.09713724  0.87276432 -1.81163811  5.79925375 -1.30251428  0.00618125],"[ 1.90118755e+00  1.81565095e-02 -8.70757574e+01  1.67547346e+02
 -1.30339149e+00 -3.38515023e-02]",007,FW
1238,0,0.3280189132890582,0,"[  5.4945476    0.10841358  14.36824926 -76.94702947  -1.21561142
  -0.4106019 ]","[-1.83995832e+00  1.17601665e-02  1.06712544e+02  1.98346633e+02
 -4.84140653e-01  9.95324030e-01]",[-4.10482701  0.63089892 -2.47119134 -8.14381295 -1.1876519  -0.40984405],"[ 54.22834002   0.23470497   1.12122564 -58.80220524  -1.53607165
   0.34537414]","[-6.72369563e-01  1.86121522e-02 -8.39578976e+01 -5.44507350e+01
 -1.24450721e+00  3.64871077e-01]",[-8.42434362  1.25161526  1.26317321 12.64140522 -1.31134322  0.02967498],[ 1.54897587  0.86535697 -1.8271032   4.83013877 -1.30459813  0.01759839],"[ 1.88965132e+00  1.84634667e-02 -8.56336784e+01  1.63817793e+02
 -1.30592413e+00 -1.75730449e-02]",007,FW
1239,0,0.3280189132890582,0,"[ 5.55012111e+00  7.59616283e-02  1.99378319e+01 -1.08657382e+02
 -1.04427401e+00 -6.50379584e-01]","[-1.83049955e+00  2.21186500e-02  6.80842486e+01  1.26628186e+02
 -9.93286634e-01  6.92583581e-01]",[-4.55489721  0.80623042 -1.9438919  -6.85422777 -1.23696645 -0.3262324 ],"[  54.39440395    0.5205855     2.62678818 -140.88257722   -0.56898535
    0.99503613]","[-6.82028762e-01  1.34832663e-02 -1.13108510e+02 -7.51432571e+01
 -1.09612463e+00  5.99792743e-01]","[-7.63729884e+00  1.26014582e+00  1.25470104e+00  1.15825268e+01
 -1.31292514e+00 -8.53051132e-03]",[ 1.00912483  0.84936292 -1.86135255  3.87833708 -1.30629769  0.0363892 ],"[ 1.87801529e+00  1.85309707e-02 -8.53234169e+01  1.62238681e+02
 -1.30846103e+00  4.97954110e-03]",007,FW
1240,0,0.621575568433078,0,"[ 5.58272449e+00  4.17001708e-02  3.06065509e+01 -1.68867941e+02
 -5.27271167e-01 -9.74609307e-01]","[-1.81384354e+00  3.27205130e-02  4.74133637e+01  8.80004238e+01
 -1.17154408e+00  4.64805912e-01]",[-5.11158487  0.97581646 -1.61200563 -6.2399036  -1.27187141 -0.24946601],"[ 54.81939661   0.92801633   1.63287439 -87.51318899  -1.02410541
   0.6592762 ]","[-6.87914331e-01  7.70518171e-03 -1.71167875e+02 -1.15748834e+02
 -5.98211782e-01  9.45960274e-01]",[-6.8556578   1.23589639  1.27907238 10.76888254 -1.3118497  -0.0494531 ],[ 0.48409404  0.82118919 -1.92479717  2.93178285 -1.30668543  0.06295093],"[ 1.86646169e+00  1.82707148e-02 -8.65298146e+01  1.63504584e+02
 -1.31035345e+00  3.54181636e-02]",007,FW
1241,0,0.621575568433078,0,"[ 5.58959135e+00  2.83154703e-02 -1.87266944e+01  1.06674569e+02
 -1.21364169e+00 -5.03083380e-01]","[-1.79041955e+00  4.28546418e-02  3.65422756e+01  6.74260044e+01
 -1.23504477e+00  3.38608402e-01]",[-5.76677087  1.12437871 -1.4025072  -6.08793768 -1.29536119 -0.17900329],"[ 55.50658383   1.33390691   1.1657697  -62.70789376  -1.20166702
   0.43302053]","[-6.89311537e-01  5.03890681e-03  7.86710677e+01  5.62288746e+01
 -1.39271791e+00  4.23134027e-01]",[-6.0998514   1.17856119  1.3406174  10.17756689 -1.30760418 -0.09327221],[-0.01775758  0.7781227  -2.03041864  1.96394468 -1.30461443  0.09724575],"[ 1.85522753e+00  1.75934299e-02 -8.98275451e+01  1.68650534e+02
 -1.31031738e+00  7.58054589e-02]",007,FW
1242,0,0.621575568433078,0,"[ 5.56876086e+00  6.17375291e-02 -2.28933272e+01  1.29487464e+02
 -6.89699501e-01 -9.25462291e-01]","[-1.76068838e+00  5.23617545e-02  3.00297876e+01  5.48730982e+01
 -1.26478722e+00  2.59347124e-01]",[-6.50343943  1.23851918 -1.27524974 -6.29350945 -1.30998205 -0.11368405],"[ 56.433629     1.6868443    0.93106089 -50.5431449   -1.27752751
   0.27933911]","[-6.85567632e-01  1.13176867e-02  1.22671961e+02  8.60999259e+01
 -5.98770888e-01  9.79745853e-01]",[-5.38968968  1.09045593  1.44763557  9.80230647 -1.29956662 -0.14049361],[-0.48691286  0.71893983 -2.19577893  0.93084699 -1.29885353  0.13927865],"[ 1.84459832e+00  1.64256177e-02 -9.61279294e+01  1.79317417e+02
 -1.30592402e+00  1.28715350e-01]",007,FW
1243,0,0.621575568433078,0,"[  5.51936203   0.10503519 -14.53410092  82.21896481  -1.06574956
  -0.61003276]",[-1.72517127  0.06107476 25.80296455 46.51453314 -1.28280695  0.20139789],[-7.29734307  1.30836407 -1.20817649 -6.81647832 -1.31745168 -0.05229345],"[ 57.55594494   1.95247501   0.80793068 -44.50121398  -1.31115198
   0.16423961]","[-6.76127740e-01  2.02743759e-02  7.46880088e+01  5.24986346e+01
 -9.93570580e-01  6.75384266e-01]",[-4.74285673  0.97625609  1.61470193  9.65829992 -1.2868486  -0.19223374],[-0.9135847   0.64411295 -2.44749532 -0.23599428 -1.2880087   0.19007473],"[ 1.83489103e+00  1.47305200e-02 -1.06988035e+02  1.98311386e+02
 -1.29313843e+00  1.97774831e-01]",007,FW
1244,0,0.621575568433078,0,"[  5.44182547   0.14809694 -10.5156808   59.22449955  -1.2022071
  -0.41779037]",[-1.68451853  0.06869892 22.97202263 40.69679774 -1.29595348  0.15212992],"[-8.11961496e+00  1.32877194e+00 -1.18988468e+00 -7.66140544e+00
 -1.31875628e+00  5.96625973e-03]","[ 58.81377532   2.1121129    0.74823436 -42.00648743  -1.32314886
   0.07241815]","[-6.60577542e-01  3.00779890e-02  5.14795946e+01  3.60062641e+01
 -1.14397543e+00  4.90904594e-01]",[-4.17366697  0.84239466  1.86728541  9.79342744 -1.26783578 -0.25073879],[-1.28860048  0.55557312 -2.83093231 -1.64794074 -1.26950694  0.25317583],"[ 1.82642752e+00  1.25264377e-02 -1.25331625e+02  2.30909129e+02
 -1.26464991e+00  2.89776689e-01]",007,FW
1245,0,0.621575568433078,0,[ 5.33796623  0.18759843 -8.3674181  46.66499529 -1.26161337 -0.29335568],[-1.63959324  0.07480366 21.11797056 36.62488186 -1.30623083  0.10494891],[-8.93992421  1.29999511 -1.21586281 -8.8697214  -1.31458225  0.06127729],"[ 6.01414252e+01  2.16365921e+00  7.30738146e-01 -4.19476336e+01
 -1.32237676e+00 -2.56981329e-03]",[-0.63869134  0.04018918 38.88393408 26.83483186 -1.21462912  0.37355552],[-3.69221346  0.69628907  2.25158303 10.31332515 -1.23914081 -0.32023046],[-1.60416325  0.45627017 -3.43253553 -3.50634734 -1.23685752  0.33666923],"[ 1.81950168e+00  9.89558119e-03 -1.57342413e+02  2.88284785e+02
 -1.20331067e+00  4.19742566e-01]",007,FW
1246,2,0.6428640581123722,1,[ 5.2108972   0.22129184 -7.12039489 39.10364577 -1.29072946 -0.20372844],[-1.59153584  0.07888067 20.03909468 33.89293737 -1.3137716   0.05630266],"[ -9.7297047    1.22755374  -1.28667475 -10.51896538  -1.3057056
   0.11331318]","[ 61.47687264   2.1206707    0.7453311  -43.82062534  -1.31386692
  -0.06236629]",[-0.61047908  0.05013548 31.32054476 21.12053739 -1.2543518   0.28873596],[-3.30395697  0.54562076  2.85735009 11.44056174 -1.19321819 -0.40855879],[-1.85444582  0.34991219 -4.43732394 -6.22877681 -1.17270731  0.45710092],"[ 1.81434485e+00  6.98713932e-03 -2.18075128e+02  3.97663487e+02
 -1.05719805e+00  6.22230624e-01]",007,FW
1247,2,0.5456450802250848,1,[ 5.06479455  0.24761858 -6.3758271  34.29225429 -1.30537573 -0.13412454],"[-1.54178426e+00  8.04357253e-02  1.96565888e+01  3.23062191e+01
 -1.31796502e+00  4.03244049e-03]","[-10.46506215   1.12129006  -1.40712311 -12.72563081  -1.2930482
   0.1612258 ]","[ 62.77040664   2.00943062   0.78615553 -47.34730244  -1.301446
  -0.10497579]",[-0.57622024  0.05942943 26.49823803 17.26882114 -1.27871912  0.22161354],[-3.00972694  0.39783613  3.87746998 13.67012583 -1.11167551 -0.53121128],"[ -2.03603286   0.24116769  -6.29817589 -10.8232931   -1.02508843
   0.64957759]","[ 1.81109486e+00  4.04975555e-03 -3.45038687e+02  6.26897792e+02
 -6.51990110e-01  9.47659217e-01]",007,FW
1248,2,0.5456450802250848,1,[ 4.90459558  0.265642   -5.94915541 31.17820129 -1.31244616 -0.07669804],[-1.49204295  0.07908009 19.98870426 31.82400524 -1.31786311 -0.05395419],"[-11.12910517   0.99399346  -1.58540294 -15.64411611  -1.27770014
   0.2028384 ]","[ 63.99133645   1.8649214    0.84678591 -52.18696233  -1.28872877
  -0.12446242]",[-0.53647334  0.06760805 23.33441807 14.51829322 -1.29397251  0.16555821],[-2.80604259  0.26001819  5.7852955  18.23378556 -0.94199689 -0.72116868],"[ -2.14824144   0.13712552 -10.15416242 -19.81359254  -0.62398252
   0.96460828]","[ 1.80977357e+00  1.86215962e-03 -2.20550455e+02  4.01146382e+02
 -1.38264283e+00  4.19207131e-01]",007,FW
1249,2,0.5456450802250848,1,"[ 4.73570233e+00  2.74908316e-01 -5.75107093e+00  2.92353600e+01
 -1.31532702e+00 -2.60685273e-02]",[-1.44420528  0.07459801 21.16912143 32.572557   -1.31176817 -0.12097389],"[-11.71347121   0.86001029  -1.83050247 -19.44153794  -1.26170289
   0.23297298]","[ 65.13204684   1.72665402   0.9148231  -57.58430085  -1.27902096
  -0.11124338]",[-0.49205873  0.07427814 21.26282698 12.46255962 -1.30345894  0.11699325],[-2.68564421  0.13996835  9.78638274 28.28274216 -0.52730939 -1.02238302],"[ -2.19329692   0.06201251  -6.48518086 -12.22392722  -1.38856489
   0.42111692]","[ 1.81027710e+00  2.82238185e-03  4.64716849e+02 -8.39266268e+02
 -6.05558996e-01  9.37548984e-01]",007,FW
1250,2,0.5456450802250848,1,"[ 4.56372745e+00  2.75279674e-01 -5.74340376e+00  2.82113294e+01
 -1.31533112e+00  2.20969056e-02]",[-1.40024185  0.06698211 23.52338924 34.93843418 -1.29582842 -0.20315631],"[-12.21877971   0.73382994  -2.14458641 -24.20422887  -1.24932027
   0.24221456]","[ 6.62088621e+01  1.63431144e+00  9.67168968e-01 -6.20351568e+01
 -1.27317881e+00 -5.73091219e-02]",[-0.44402074  0.07913237 19.97198487 10.86797558 -1.30927553  0.07321371],[-2.63815299  0.0592343   6.38591682 18.84702556 -1.37176788 -0.44144446],[-2.17629049  0.09445302 13.93207836 32.32024959 -0.60180829  0.94203805],"[ 1.81238080e+00  4.86583835e-03  3.14062928e+02 -5.67201622e+02
 -1.13085089e+00  5.74773786e-01]",007,FW
1251,2,0.5543189175238615,1,[ 4.39429624  0.26684048 -5.92282081 28.02662918 -1.31242748  0.07146431],[-1.36207448  0.05644576 27.77782421 39.8354655  -1.26027878 -0.31264119],"[-12.65389578   0.62841119  -2.50658862 -29.71811121  -1.24610058
   0.21870363]","[ 6.72594501e+01  1.62214536e+00  9.74565269e-01 -6.35487241e+01
 -1.26754220e+00  3.09280018e-02]",[-0.39357855  0.08194161 19.29405012  9.59372429 -1.31253334  0.03179039],"[ -2.65081963   0.08312464 -16.18653517 -40.90758513  -0.7198942
  -0.87061077]",[-2.10486842  0.16426761  9.29230338 21.55907591 -1.11038824  0.58937179],"[ 1.81575839e+00  6.50951421e-03  2.40803180e+02 -4.35240393e+02
 -1.28980788e+00  3.06760038e-01]",007,FW
1252,2,0.5543189175238615,1,[ 4.23288859  0.24991118 -6.31853295 28.745646   -1.30565801  0.12553303],"[-1.33144979e+00  4.34422091e-02  3.56591520e+01  4.94783706e+01
 -1.17607081e+00 -4.75596541e-01]","[-13.03414155   0.5532783   -2.85220534 -35.17604813  -1.25354815
   0.15582168]","[ 68.33689264   1.71169877   0.92254514 -61.04386838  -1.25938934
   0.1249928 ]","[-3.42073319e-01  8.25489327e-02  1.91535146e+01  8.55190630e+00
 -1.31352482e+00 -9.33781898e-03]","[ -2.70934801   0.13484939 -11.44731148 -29.01475063  -1.22167681
  -0.47920445]",[-1.9886595   0.22389545  6.98848719 15.89772147 -1.26284439  0.34175453],"[ 1.82001231e+00  7.52099503e-03  2.09877503e+02 -3.79979640e+02
 -1.33503956e+00  1.31684678e-01]",007,FW
1253,2,0.5543189175238615,1,[ 4.08466873  0.22512832 -7.00265024 30.60350646 -1.29282988  0.18847852],"[-1.30981313e+00  2.87805168e-02  5.17031409e+01  6.97214530e+01
 -9.38411808e-01 -7.47849061e-01]","[-13.3787139    0.51287525  -3.08165602 -39.22859422  -1.26503541
   0.06393543]","[ 69.50098485   1.90563755   0.82730003 -55.49816708  -1.25397739
   0.19198925]",[-0.29091306  0.08088228 19.54407598  7.68562704 -1.31201977 -0.05177382],"[ -2.7987874    0.16889775  -9.3239157  -24.0956578   -1.33876539
  -0.20138255]",[-1.83849869  0.26718365  5.89897805 12.84526343 -1.30953274  0.1910913 ],"[ 1.82471051e+00  7.84979695e-03  2.01392341e+02 -3.65482722e+02
 -1.34199566e+00 -4.00912393e-03]",007,FW
1254,2,0.5353016376709177,1,[ 3.95425966  0.1935389  -8.12140817 34.11415671 -1.2692961   0.26628557],"[-1.29818185e+00  1.45417050e-02  7.71276443e+01  1.02125708e+02
 -4.51873799e-01 -9.65915907e-01]","[-1.37077207e+01  5.05988269e-01 -3.12446408e+00 -4.08292811e+01
 -1.27273803e+00 -2.85873602e-02]","[ 70.80786736   2.18674995   0.72031191 -49.00375036  -1.25773878
   0.21851233]",[-0.24150832  0.07698311 20.52285524  6.95644031 -1.30743948 -0.09674968],"[-2.90446679e+00  1.81671932e-01 -8.70076553e+00 -2.32710846e+01
 -1.35453372e+00 -1.48517888e-02]",[-1.66556478  0.29322342  5.38849906 10.97489427 -1.32294672  0.08718779],"[ 1.82942130e+00  7.51918015e-03  2.09953008e+02 -3.82092506e+02
 -1.32826420e+00 -1.29709168e-01]",007,FW
1255,2,0.5353016376709177,1,[ 3.84546402  0.1566876  -9.97481177 40.35777979 -1.22496334  0.36886172],"[-1.29702460e+00  1.22018573e-02 -7.20484139e+01 -9.14485651e+01
 -7.04772707e-01 -7.63329187e-01]","[-14.03946848   0.5268444   -2.99895126 -40.10368167  -1.27662572
  -0.09525359]","[ 72.29959323   2.52162398   0.62481293 -43.17372046  -1.27033753
   0.21000892]",[-0.19519235  0.071035   22.22011343  6.33719622 -1.29889239 -0.14524611],"[ -3.01290136   0.1748507   -9.02608173 -25.19469388  -1.33337951
   0.13934861]","[-1.48056424e+00  3.03054095e-01  5.21707734e+00  9.72421815e+00
 -1.32270678e+00  8.81408896e-03]","[ 1.83373693e+00  6.59040094e-03  2.38343242e+02 -4.35058804e+02
 -1.29073650e+00 -2.72542417e-01]",007,FW
1256,2,0.5353016376709177,1,"[  3.76095941   0.11668668 -13.23388783  51.772115    -1.13508192
   0.51521267]","[-1.30616216e+00  2.48980905e-02 -5.88811624e+01 -7.49083463e+01
 -8.84853976e-01 -7.96331349e-01]","[-14.38849045   0.56726759  -2.78366679 -38.05276303  -1.28084952
  -0.12808335]","[ 73.99514389   2.86551706   0.5503759  -38.72514404  -1.2873219
   0.17721584]",[-0.15313278  0.06337268 24.8696723   5.80836204 -1.28525164 -0.19823911],"[ -3.11256901   0.15196879 -10.3243716  -30.13531914  -1.2814226
   0.29545575]",[-1.29303932  0.29896486  5.2873331   8.8367296  -1.31591774 -0.05348829],"[ 1.83727902e+00  5.13692290e-03  3.01119410e+02 -5.51240374e+02
 -1.19119119e+00 -4.80259402e-01]",007,FW
1257,2,0.5353016376709177,1,"[  3.70200675   0.07629546 -19.59787639  74.55147064  -0.92667107
   0.74490542]","[-1.32471688e+00  3.82115501e-02 -4.05052666e+01 -5.16580105e+01
 -1.18778155e+00 -4.77718093e-01]","[-14.7643206    0.61831024  -2.55362897 -35.70259688  -1.28781248
  -0.13227094]","[ 75.88394899   3.16694746   0.49858578 -35.83465806  -1.30448486
   0.12807608]",[-0.11625332  0.05445606 28.87739821  5.35709349 -1.2650408  -0.2574555 ],"[ -3.19446024   0.11753594 -13.15822788 -40.03343582  -1.17232602
   0.48991889]",[-1.11085966  0.28398367  5.56269271  8.17937094 -1.30592263 -0.10456816],"[ 1.83968438e+00  3.26662480e-03  4.38468460e+02 -8.04643578e+02
 -8.31885361e-01 -8.32061468e-01]",007,FW
1258,2,0.5353016376709177,1,"[ 3.66822914e+00  3.95193890e-02 -3.26750344e+01  1.21859513e+02
 -4.21850643e-01  1.06299337e+00]","[ -1.35113876   0.04899928 -32.04851216 -41.30198686  -1.28876618
  -0.2780396 ]","[-15.17079578   0.67072134  -2.35486385 -33.72515849  -1.29749333
  -0.11488708]","[ 7.79228705e+01  3.37281421e+00  4.68601194e-01 -3.45147501e+01
 -1.31859757e+00  6.63662323e-02]",[-0.08518286  0.04480932 34.97474171  4.97924844 -1.23536704 -0.32688224],"[ -3.25233223   0.07672452 -19.24362852 -60.58667317  -0.89580276
   0.78328275]",[-0.93998608  0.26130956  6.04009703  7.67760714 -1.29466733 -0.14780997],"[ 1.84057436e+00  1.78295708e-03  1.47790528e+02 -2.70019457e+02
 -1.65993031e+00 -2.57151761e-01]",007,FW
1259,2,0.5353016376709177,1,"[ 3.65752220e+00  1.93458267e-02  1.18217696e+01 -4.12383847e+01
 -1.67550023e+00  2.38467531e-01]","[ -1.38331509   0.05614983 -28.11144686 -36.88698875  -1.32584242
  -0.13638407]","[-15.60579871   0.71499455  -2.21020081 -32.49194897  -1.3080092
  -0.08088772]","[ 8.00375093e+01  3.43505482e+00  4.60264493e-01 -3.48384237e+01
 -1.32651157e+00 -7.25345774e-03]","[-6.02392103e-02  3.49482321e-02  4.45884972e+01  4.68597586e+00
 -1.18879838e+00 -4.15233302e-01]","[-3.28265021e+00  3.76932698e-02 -2.78931100e+01 -8.95633233e+01
 -4.68313365e-01  9.40243600e-01]",[-0.78454797  0.23377417  6.74437899  7.29128883 -1.28311713 -0.18707648],"[ 1.83951615e+00  3.80790769e-03 -3.36506083e+02  6.21008374e+02
 -3.47267608e-01 -1.10963128e+00]",007,FW
1260,2,0.5353016376709177,1,"[ 3.66613143e+00  3.35858672e-02  4.27301979e+01 -1.54654521e+02
 -9.08984159e-01  7.82784453e-01]","[-1.41874438e+00  5.91329915e-02 -2.67346375e+01 -3.59296168e+01
 -1.33609816e+00 -2.03156035e-02]","[-16.06141036   0.74185955  -2.13106612 -32.22792752  -1.3165695
  -0.03365486]","[ 82.12788089   3.31825851   0.47610104 -37.10116943  -1.3244074
  -0.09490159]","[-4.14456145e-02  2.53319029e-02  6.08337590e+01  4.52129252e+00
 -1.10494167e+00 -5.40752569e-01]","[-3.28427100e+00  3.43991232e-02  2.84217397e+01  9.53446955e+01
 -5.94306680e-01  8.36615492e-01]",[-0.6471582   0.20348334  7.73764583  7.00748097 -1.27060843 -0.22784962],"[ 1.83598735e+00  7.89411667e-03 -1.87021554e+02  3.45369207e+02
 -8.00890868e-01 -8.32999508e-01]",007,FW
1261,2,0.0947067876777182,1,"[ 3.68889792e+00  4.94320911e-02  3.15493040e+01 -1.14382162e+02
 -1.31138023e+00  3.57916503e-01]","[ -1.45473847   0.05782548 -27.32201822 -37.74639105  -1.33021595
   0.08922895]","[-1.65243813e+01  7.43226024e-01 -2.12720468e+00 -3.31507413e+01
 -1.32083379e+00  2.51996724e-02]","[ 84.07751809   3.00587992   0.52412488 -42.06711885  -1.30594456
  -0.20351902]","[-2.85691732e-02  1.63701053e-02  9.15193219e+01  4.61463136e+00
 -9.21587302e-01 -7.42207582e-01]","[-3.25796652e+00  6.92777091e-02  2.13291011e+01  7.14894973e+01
 -9.14691008e-01  7.70612279e-01]",[-0.52934078  0.17173207  9.14899978  6.84293865 -1.25403916 -0.27770699],"[ 1.82935349e+00  1.32427640e-02 -1.15045361e+02  2.12458633e+02
 -9.94888121e-01 -6.48421227e-01]",007,FW
1262,2,0.0947067876777182,1,"[ 3.71963787e+00  5.63837331e-02  2.80128952e+01 -1.02197826e+02
 -1.39361542e+00  4.88126206e-02]","[ -1.48861099   0.05240651 -30.05396089 -42.73865654  -1.30691159
   0.21028594]","[-16.97683597   0.71286407  -2.21612623 -35.62281154  -1.31884595
   0.0980263 ]","[ 85.76442937   2.50286606   0.62485713 -51.59051487  -1.2544703
  -0.35109676]","[-2.11651066e-02  8.56699803e-03  1.55120617e+02  5.28314439e+00
 -4.62645009e-01 -1.05087011e+00]",[-3.20587836  0.10587657 14.62120624 48.87380875 -1.1732295   0.48195416],[-0.431958    0.13918199 11.24635052  6.85795111 -1.22636502 -0.34761087],"[ 1.81886273e+00  1.99269268e-02 -7.74211867e+01  1.42818511e+02
 -1.08749092e+00 -5.38255622e-01]",007,FW
1263,2,0.0947067876777182,1,"[ 3.75158242e+00  5.29985404e-02  2.96423721e+01 -1.09205802e+02
 -1.35812779e+00 -2.40623221e-01]","[-1.51781792e+00  4.32700090e-02 -3.60930095e+01 -5.27826164e+01
 -1.24775252e+00  3.70698556e-01]","[-17.39708561   0.64630399  -2.43841211 -40.42126428  -1.30575225
   0.19497396]","[ 87.07176534   1.83633302   0.83276021 -70.50990167  -1.10967059
  -0.58203436]",[-0.01861345  0.00391587  0.52248358  2.00972522 -1.71778533 -0.24860623],[-3.13098027  0.13837703 11.32721842 37.46529738 -1.25449311  0.31941403],[-0.35550986  0.10621641 14.62076287  7.19782539 -1.17021773 -0.45609961],"[ 1.80365835e+00  2.80713662e-02 -5.53273825e+01  1.01791695e+02
 -1.14152256e+00 -4.63663761e-01]",007,FW
1264,2,0.0947067876777182,1,"[ 3.77779414e+00  3.98040096e-02  3.78091182e+01 -1.40835065e+02
 -1.11364959e+00 -6.27256544e-01]","[-1.54003888e+00  3.10384212e-02 -4.89162110e+01 -7.33328667e+01
 -1.07376119e+00  6.27463142e-01]","[-17.76032995   0.54041233  -2.89534595 -49.42229937  -1.26261998
   0.34181173]","[  87.89587817    1.07425113    1.26723965 -109.38514179   -0.64499017
   -0.93694047]","[-2.01448677e-02  6.61191928e-03 -2.11793080e+02 -2.26654357e+00
 -7.90749323e-01 -8.52005403e-01]",[-3.03661689  0.1657875   9.49855125 30.84346118 -1.28461202  0.22084641],[-0.30018756  0.07341891 20.72273164  8.22070619 -1.03443138 -0.63858401],"[ 1.78280735e+00  3.77629547e-02 -4.13017912e+01  7.56331371e+01
 -1.17773980e+00 -4.07545033e-01]",007,FW
1265,2,0.0947067876777182,1,"[ 3.79151014e+00  2.20763098e-02  4.08598334e+01 -1.52920473e+02
 -8.53403532e-01 -6.24496410e-01]","[-1.55321228e+00  1.72602857e-02 -7.33999927e+01 -1.12005770e+02
 -5.45893014e-01  9.54352066e-01]","[-18.03914377   0.39450048  -3.86131187 -67.65475997  -1.10673814
   0.59867629]",[88.15062777  0.60950513 -0.19770025 19.42740141 -1.68320399 -0.27471264],"[-2.48611896e-02  1.04104214e-02 -1.48684055e+02 -1.69646249e+00
 -1.22880962e+00 -4.58786811e-01]",[-2.92615877  0.1881262   8.38788591 26.54428589 -1.29691735  0.15607598],[-0.26564896  0.04232976 33.26705102 10.83735764 -0.65805106 -0.94584137],"[ 1.75534418e+00  4.90167319e-02 -3.19141443e+01  5.80203076e+01
 -1.20459521e+00 -3.61660526e-01]",007,FW
1266,2,0.0535696966392559,1,"[ 3.78641033e+00  3.24107006e-02 -3.35982245e+01  1.29216664e+02
 -3.12443021e-01 -1.06872583e+00]","[-1.55555001e+00  1.26696494e-02  4.68470551e+01  7.48729368e+01
 -1.08036365e+00  5.80427680e-01]","[ -18.2039888     0.22262587   -5.63365935 -100.55507167   -0.57979435
    0.91885463]",[87.76869073  1.28602873 -1.05946717 94.98804641 -0.56060417 -0.99693022],"[-3.17599008e-02  1.28981471e-02 -1.22122293e+02 -1.87859191e+00
 -1.34017372e+00 -1.95300088e-01]",[-2.80277984  0.20578182  7.67587591 23.51379027 -1.30214168  0.11082514],"[-2.50592616e-01  1.86200845e-02  3.35107449e+01  1.03975452e+01
 -9.86589788e-01 -6.31055724e-01]","[  1.72032966   0.06174418 -25.39342536  45.68506289  -1.22604637
  -0.32150833]",007,FW
