,discrete_label,continuous_label,binary_label,L_O_DSphi,L_D_DSphi,R_D_DSphi,R_O_DSphi,L_O_DSI,R_D_DSI,R_O_DSI,L_D_DSI,pid,condition
0,0,0.1818977812180795,0,[ 1.27072751  0.62828992 -2.51526946  5.19622209 -1.30129538  0.0802759 ],[-0.00951323  0.17606424  8.96960578  2.0853299  -1.30032755 -0.12188005],[ 0.39007203  0.18082803 -8.73645655  5.40784737 -1.30483472  0.10174368],[-3.58569955  0.83101943  1.90073854  8.81547733 -1.30335418 -0.11079074],"[-4.46995048e-01  4.03813447e-02 -3.91540257e+01 -1.55016556e+01
 -1.29773828e+00 -1.91806895e-02]","[-2.12677831e-01  3.20862813e-02 -4.92045751e+01 -8.46472228e+00
 -1.30111205e+00  1.34516821e-01]","[ 6.48727732e-02  2.76600381e-03 -4.85995819e+02  3.35278965e+01
 -4.01545138e-01 -1.09976794e+00]","[ 3.47682475e-02  8.76868694e-03 -1.80137415e+02  8.26306222e+00
 -1.30224565e+00  1.10355092e-01]",010,LW
1,0,0.1818977812180795,0,[ 0.88661978  0.59144896 -2.67116057  4.36830379 -1.29803412  0.100564  ],[ 0.0959615   0.16017865  9.85004379  1.054775   -1.29150302 -0.1620894 ],[ 0.28131304  0.16643003 -9.48359444  4.66785878 -1.29795537  0.14671304],[-3.08726613  0.76022561  2.07569424  8.40822052 -1.2956092  -0.15598576],"[-4.72796064e-01  4.10420187e-02 -3.85224957e+01 -1.62132843e+01
 -1.29580433e+00 -2.77205815e-02]","[-2.31746766e-01  2.88467012e-02 -5.46567894e+01 -1.06665342e+01
 -1.28844423e+00  1.86018205e-01]","[ 6.23635022e-02  5.42923598e-03 -2.73684281e+02  1.90679103e+01
 -8.59551227e-01 -7.92748277e-01]","[ 2.95199731e-02  8.00402276e-03 -1.97127727e+02  7.81920518e+00
 -1.29869395e+00  1.59580661e-01]",010,LW
2,0,0.1075774826111957,0,[ 0.52723267  0.54930228 -2.87510345  3.51584848 -1.29426097  0.12040835],[ 0.19069565  0.1417162  11.1189319  -0.12033192 -1.27938239 -0.20520534],"[  0.18291399   0.14816076 -10.63618477   3.94550697  -1.28603405
   0.20156331]",[-2.63893577  0.67266885  2.34199588  8.1803767  -1.28273369 -0.21059993],"[ -0.4991399    0.04201008 -37.63220722 -16.78373623  -1.29401744
  -0.04040007]","[-2.48602949e-01  2.50060215e-02 -6.29240906e+01 -1.36431145e+01
 -1.27040413e+00  2.43181167e-01]","[ 5.80222182e-02  8.62581494e-03 -1.77969955e+02  1.23262116e+01
 -1.08198286e+00 -5.74218965e-01]","[ 2.48529562e-02  7.00074454e-03 -2.24769791e+02  7.58619378e+00
 -1.28480019e+00  2.38668274e-01]",010,LW
3,0,0.1302429791580886,0,[ 0.19547404  0.50336262 -3.13619751  2.61304521 -1.29004445  0.1402868 ],[ 0.27335558  0.12160962 12.93406334 -1.53559838 -1.26293757 -0.25290518],"[  0.09719267   0.12647621 -12.42445968   3.2075664   -1.26449916
   0.27261814]",[-2.25052814  0.57096672  2.75118664  8.19162296 -1.26024882 -0.28057074],"[ -0.52624679   0.04339711 -36.42534009 -17.16871845  -1.29251071
  -0.05522741]","[-2.62924760e-01  2.07750877e-02 -7.54955486e+01 -1.78496490e+01
 -1.24361901e+00  3.12014696e-01]","[ 5.15996051e-02  1.20658345e-02 -1.29018880e+02  8.65732326e+00
 -1.18693138e+00 -4.26809381e-01]","[ 2.09399976e-02  5.71010111e-03 -2.73569439e+02  7.72854340e+00
 -1.24039582e+00  3.70354042e-01]",010,LW
4,0,0.1302429791580886,0,[-0.1065643   0.45487508 -3.46871093  1.63035923 -1.28544033  0.16149036],[ 0.34317287  0.10077606 15.56748589 -3.34233884 -1.240167   -0.30838783],"[  0.02612119   0.1020295  -15.31645312   2.40008393  -1.22291181
   0.37107517]",[-1.92994071  0.45858459  3.40675578  8.57483666 -1.21834416 -0.37605439],"[ -0.5543885    0.04526714 -34.91561408 -17.35681501  -1.29156864
  -0.06964543]","[-2.74510375e-01  1.63426408e-02 -9.54161031e+01 -2.41927102e+01
 -1.19870483e+00  4.04559754e-01]","[ 4.29860445e-02  1.55460294e-02 -1.00799954e+02  6.33299129e+00
 -1.23578036e+00 -3.28302269e-01]","[ 1.79845217e-02  4.11526226e-03 -3.70160603e+02  8.65716138e+00
 -1.09059518e+00  6.06893576e-01]",010,LW
5,0,0.1311972201073691,0,[-0.37735631  0.40459468 -3.89697685  0.52945121 -1.2800642   0.18683761],[ 0.3999059   0.08003215 19.52259769 -5.80720199 -1.20633958 -0.3780463 ],"[ -0.02879412   0.07574712 -20.37476043   1.41332661  -1.13353982
   0.51981682]",[-1.68265375  0.34009447  4.53979919  9.63891012 -1.13220526 -0.51741003],"[ -0.58385043   0.04761453 -33.18989601 -17.37793517  -1.29169113
  -0.08075072]","[-2.83261514e-01  1.18704252e-02 -1.29694473e+02 -3.47374527e+01
 -1.10796934e+00  5.46148055e-01]","[ 3.21648338e-02  1.89794369e-02 -8.28341613e+01  4.66434703e+00
 -1.25805473e+00 -2.64284877e-01]","[ 1.62107161e-02  2.32983092e-03 -5.57310553e+02  1.10344031e+01
 -5.82714334e-01  9.44612962e-01]",010,LW
6,0,0.1629807954760802,0,[-0.61565116  0.35270126 -4.46521629 -0.74901559 -1.27227389  0.22095405],[ 0.44376991  0.06005186 25.8277092  -9.46156009 -1.149357   -0.47450222],"[-6.66346217e-02  4.89745305e-02 -3.03446394e+01 -2.20035647e-02
 -9.04971070e-01  7.68186601e-01]",[-1.51127666  0.22155463  6.74012615 12.18619532 -0.92337906 -0.74916172],"[ -0.61487679   0.05033422 -31.39457955 -17.3037984   -1.29354439
  -0.08548685]","[-2.89163390e-01  7.52337391e-03 -1.96684453e+02 -5.48739432e+01
 -8.75381656e-01  7.90774811e-01]","[ 1.91555777e-02  2.23750182e-02 -7.03806304e+01  3.34818163e+00
 -1.26864578e+00 -2.23521883e-01]","[ 1.58481665e-02  1.62787472e-03  3.04245747e+02 -2.82173726e+00
 -1.23394074e+00  5.04781820e-01]",010,LW
7,0,0.1629807954760802,0,[-0.82025237  0.29900085 -5.25651834 -2.31167162 -1.25824431  0.27009561],"[  0.47536089   0.04140136  36.86709681 -15.5251761   -1.03579954
  -0.62333947]","[-8.71639182e-02  2.44816641e-02 -4.83232081e+01 -2.21204015e+00
 -3.95521210e-01  1.03087626e+00]",[-1.41526687  0.11341718 11.05509062 17.6459035  -0.41133133 -1.05107645],"[ -0.64759806   0.05319    -29.71070086 -17.24059211  -1.29759778
  -0.08095789]","[-2.92267053e-01  3.68055509e-03 -3.09782274e+02 -8.85391522e+01
 -3.98682772e-01  1.01301062e+00]","[ 3.97094710e-03  2.57840590e-02 -6.11317379e+01  2.24275090e+00
 -1.27469490e+00 -1.96824309e-01]","[ 1.71107852e-02  3.69519163e-03  3.78194777e+02 -4.47120959e+00
 -6.19304522e-01  9.68579713e-01]",010,LW
8,0,0.1629807954760802,0,[-0.98995304  0.24337462 -6.4332298  -4.36859537 -1.23042329  0.34287278],"[ 4.95593829e-01  2.46844863e-02  5.89048461e+01 -2.71928782e+01
 -7.60668264e-01 -8.74560061e-01]","[-9.08653298e-02  1.70646882e-02  4.34856439e+01  5.95133737e+00
 -9.54725307e-01  6.07717955e-01]",[-1.39093926  0.06592412 -7.5589123  -8.5139879  -1.35660437 -0.39928081],"[ -0.68194874   0.05579963 -28.32632199 -17.31709972  -1.30358189
  -0.06498185]","[-2.92677600e-01  2.84949969e-03  2.97157447e+02  8.89713285e+01
 -7.67144191e-01  7.22788371e-01]","[-1.33965843e-02  2.92437365e-02 -5.39318779e+01  1.27749705e+00
 -1.27953219e+00 -1.77073037e-01]","[ 2.01704235e-02  6.53588557e-03  2.32069877e+02 -2.68094769e+00
 -1.00861296e+00  6.62551876e-01]",010,LW
9,0,0.2722738052515096,0,[-1.12365725  0.18623795 -8.33954109 -7.37078583 -1.17207867  0.4544762 ],"[ 5.05659581e-01  1.12336446e-02  9.42469184e+01 -4.56568572e+01
 -3.54110235e-01 -1.03194618e+00]","[-7.89098356e-02  3.45496588e-02  4.22276844e+01  5.33217963e+00
 -8.70842420e-01  8.06874241e-01]","[ -1.43178386   0.13036691 -11.04411469 -13.81278512  -0.8295561
  -0.83581752]","[ -0.717592     0.05765815 -27.41940143 -17.67594298  -1.31026109
  -0.03649076]","[-2.90548223e-01  5.86436072e-03  2.49530566e+02  7.45006624e+01
 -8.63026266e-01  8.09705283e-01]","[-3.29547595e-02  3.27334169e-02 -4.82058976e+01  4.11386238e-01
 -1.28485705e+00 -1.58857413e-01]","[ 2.51277415e-02  9.56711600e-03  1.62097446e+02 -2.07314273e+00
 -1.16252178e+00  4.71462650e-01]",010,LW
10,0,0.2722738052515096,0,"[ -1.22063896   0.12884277 -11.8080323  -12.41334432  -1.03440631
   0.63872199]","[ 5.06986558e-01  8.53562367e-03 -1.12605110e+02  5.90892771e+01
 -7.30812597e-01 -7.20571124e-01]",[-0.05306569  0.0536096  28.85008501  3.53094973 -1.17802574  0.48682548],[-1.52899761  0.20548211 -7.51849484 -9.49576066 -1.1775823  -0.4947708 ],"[-7.53872376e-01  5.82086329e-02 -2.71626736e+01 -1.84771893e+01
 -1.31561989e+00  4.68330900e-03]","[-2.86077640e-01  9.19808539e-03  1.67810734e+02  5.00068988e+01
 -1.14995830e+00  5.12351027e-01]","[-5.46682612e-02  3.61470867e-02 -4.36747794e+01 -3.87624248e-01
 -1.29133197e+00 -1.38166899e-01]","[ 3.19854940e-02  1.25484506e-02  1.24752537e+02 -1.99027151e+00
 -1.23641942e+00  3.43543482e-01]",010,LW
11,0,0.2722738052515096,0,"[ -1.28082695   0.07394186 -18.93643276 -22.25429341  -0.64865775
   0.94963921]","[ 5.01185481e-01  1.59937335e-02 -9.37141973e+01  4.89681950e+01
 -1.04554821e+00 -6.74090287e-01]","[-1.55730568e-02  6.96086651e-02  2.25380311e+01  2.35098604e+00
 -1.27203241e+00  2.99756236e-01]",[-1.67210363  0.2669251  -5.87892172 -7.83016637 -1.27838994 -0.29361409],"[ -0.78982022   0.05695001 -27.75497025 -19.92143684  -1.31704864
   0.05846571]","[-2.79508599e-01  1.22342919e-02  1.27945441e+02  3.77618509e+01
 -1.24403814e+00  3.42449049e-01]","[-7.84068379e-02  3.92857618e-02 -4.02060069e+01 -1.15242586e+00
 -1.29865481e+00 -1.12489199e-01]","[ 4.06311616e-02  1.52638111e-02  1.03060794e+02 -2.18747978e+00
 -1.27688322e+00  2.47189420e-01]",010,LW
12,0,0.2722738052515096,0,"[ -1.3050085    0.033901   -12.3969857  -14.17817169  -1.38232729
   0.4211666 ]","[ 4.89963688e-01  2.25728560e-02 -6.92348003e+01  3.59225381e+01
 -1.27357081e+00 -3.52367683e-01]",[ 0.03099474  0.08157632 19.32948594  1.40088759 -1.30664197  0.17855194],[-1.84957229  0.31070235 -5.07697642 -7.39023489 -1.31290843 -0.1644562 ],"[ -0.82422321   0.05355694 -29.48330158 -22.30082141  -1.31126041
   0.12524613]","[-2.71126669e-01  1.48260915e-02  1.06155294e+02  3.07815311e+01
 -1.28286198e+00  2.34684264e-01]","[ -0.1038961    0.04187274 -37.74043036  -1.92108358  -1.30597095
  -0.08064773]","[ 5.08352861e-02  1.75199069e-02  9.00340398e+01 -2.57690617e+00
 -1.29965829e+00  1.68890871e-01]",010,LW
13,0,0.2722738052515096,0,[-1.29492155  0.05326711 24.46977117 33.68643393 -0.55020501  0.9732191 ],"[ 4.75013156e-01  2.68430197e-02 -5.87532813e+01  2.99085816e+01
 -1.32414122e+00 -1.67010713e-01]",[ 0.08387163  0.08915748 17.72175555  0.51364755 -1.31977622  0.08868989],[-2.04941987  0.33578281 -4.70666582 -7.64593442 -1.32428109 -0.06869492],"[ -0.85575959   0.0479751  -32.83913026 -26.10240074  -1.29387911
   0.2068441 ]","[-2.61258827e-01  1.68882805e-02  9.34321504e+01  2.64099740e+01
 -1.30179333e+00  1.56774457e-01]","[ -0.13067991   0.04358697 -36.26973114  -2.73972514  -1.31231357
  -0.04203528]","[ 6.22677309e-02  1.91704778e-02  8.24046310e+01 -3.13114939e+00
 -1.31154213e+00  1.02446256e-01]",010,LW
14,0,0.2722738052515096,0,[-1.25329008  0.09560234 15.87814494 21.89992161 -1.05776257  0.63623288],"[ 4.57894314e-01  2.88848008e-02 -5.47239151e+01  2.70577695e+01
 -1.33023164e+00 -4.83452867e-02]","[ 1.40242505e-01  9.23148688e-02  1.71265957e+01 -4.01876687e-01
 -1.32243376e+00  1.48407617e-02]",[-2.25980886  0.34253728 -4.61567717 -8.43054817 -1.32434213  0.01056521],"[ -0.88316372   0.04045513 -38.76886115 -32.23925165  -1.25775385
   0.30869856]","[-2.50270319e-01  1.83547591e-02  8.60792322e+01  2.35430769e+01
 -1.31177058e+00  9.37308118e-02]","[-1.58103834e-01  4.41048386e-02 -3.58486371e+01 -3.66780696e+00
 -1.31658036e+00  4.24617567e-03]","[ 7.45282150e-02  2.01329727e-02  7.85200081e+01 -3.85195604e+00
 -1.31626201e+00  4.45068938e-02]",010,LW
15,0,0.7492192487809886,0,[-1.18386161  0.13486469 11.56163569 15.68737662 -1.22755016  0.39598362],"[ 4.39943053e-01  2.90662796e-02 -5.43894215e+01  2.59282482e+01
 -1.32250484e+00  3.56792720e-02]",[ 0.19739641  0.09129913 17.31405609 -1.4177326  -1.31829148 -0.0502094 ],[-2.46968013  0.33255847 -4.75171131 -9.73520698 -1.31681769  0.08126034],"[-9.05384115e-01  3.15114582e-02 -4.93131584e+01 -4.26473503e+01
 -1.18621671e+00  4.45073697e-01]","[-2.38558286e-01  1.91745483e-02  8.24485096e+01  2.16687752e+01
 -1.31650289e+00  3.77996181e-02]","[ -0.18532538   0.0431424  -36.63728012  -4.78981782  -1.31720256
   0.06004386]","[ 8.71839165e-02  2.03906159e-02  7.75403706e+01 -4.76027319e+00
 -1.31613450e+00 -7.24745542e-03]",010,LW
16,0,0.3300790280349505,0,[-1.09141282  0.16670458  9.43561682 12.29815314 -1.29043374  0.24547308],"[ 4.22213762e-01  2.78456611e-02 -5.67356073e+01  2.59545542e+01
 -1.30978559e+00  9.90371737e-02]",[ 0.25288247  0.08663731 18.23161507 -2.61045584 -1.30884772 -0.11007763],"[ -2.66939279   0.308567    -5.11488915 -11.65364824  -1.30297758
   0.14744331]","[-9.21699810e-01  2.18404359e-02 -6.95058052e+01 -6.20634875e+01
 -1.02695256e+00  6.51091582e-01]","[-2.26541706e-01  1.93176394e-02  8.18457341e+01  2.05414722e+01
 -1.31718924e+00 -1.54767705e-02]","[ -0.21134876   0.04049358 -38.9913247   -6.24076807  -1.31154571
   0.12909246]","[ 9.98069405e-02  1.99831078e-02  7.91031376e+01 -5.89504214e+00
 -1.31249881e+00 -5.47056201e-02]",010,LW
17,0,0.3300790280349505,0,[-0.98160224  0.18914702  8.34576789 10.19222442 -1.31613384  0.13649866],"[ 4.05450812e-01  2.57044380e-02 -6.14052766e+01  2.68968193e+01
 -1.29484488e+00  1.46433023e-01]",[ 0.30464659  0.07907603 19.94939148 -4.07751408 -1.2949106  -0.16707554],"[ -2.85127494   0.27413518  -5.74652322 -14.38491766  -1.28323004
   0.21161465]","[-9.31772456e-01  1.23507461e-02 -1.11762861e+02 -1.02137555e+02
 -6.03157020e-01  9.75050485e-01]","[-2.14647731e-01  1.87821048e-02  8.41481698e+01  2.00622137e+01
 -1.31403013e+00 -6.93070497e-02]","[-2.35078286e-01  3.60608076e-02 -4.36678755e+01 -8.26536931e+00
 -1.29406044e+00  2.19160031e-01]","[ 1.12005876e-01  1.89923466e-02  8.31836035e+01 -7.31705241e+00
 -1.30600881e+00 -9.94242003e-02]",010,LW
18,0,0.1971888239888331,0,[-0.86057788  0.201422    7.84775892  8.75360776 -1.32295684  0.0513073 ],"[ 3.90076329e-01  2.31335288e-02 -6.81819372e+01  2.85961598e+01
 -1.27962048e+00  1.74486793e-01]",[ 0.35112505  0.0694764  22.66493362 -5.95822605 -1.2766529  -0.22360834],"[ -3.00995737   0.23320741  -6.73751129 -18.27962179  -1.25736545
   0.27629007]","[-9.35629759e-01  5.72985306e-03 -4.66364060e+01 -4.16344093e+01
 -1.56474282e+00  3.33328920e-01]","[-2.03295156e-01  1.75968977e-02  8.97325451e+01  2.02421917e+01
 -1.30643150e+00 -1.27055719e-01]","[-2.55384702e-01  2.98785327e-02 -5.23646457e+01 -1.13731294e+01
 -1.24983071e+00  3.47182131e-01]","[ 1.23447341e-01  1.75265261e-02  9.00640325e+01 -9.11816530e+00
 -1.29699178e+00 -1.42898642e-01]",010,LW
19,0,0.1971888239888331,0,[-0.73437594  0.20415174  7.74453697  7.68740162 -1.31867805 -0.01498198],"[ 3.76191487e-01  2.06337102e-02 -7.64494253e+01  3.07596230e+01
 -1.26798813e+00  1.72022538e-01]",[ 0.39127717  0.05869119 26.76304849 -8.47176992 -1.25308251 -0.28318234],"[ -3.14238531   0.18950133  -8.26130058 -23.96018962  -1.22376537
   0.34606697]","[-9.33597261e-01  9.53446185e-03  1.40314393e+02  1.32997133e+02
 -6.06564354e-01  9.51245936e-01]","[-1.92876997e-01  1.58194460e-02  9.96390531e+01  2.12180813e+01
 -1.29241265e+00 -1.93473347e-01]","[-2.71178439e-01  2.21506479e-02 -6.93330912e+01 -1.68016395e+01
 -1.12870726e+00  5.52126399e-01]","[ 1.33865821e-01  1.57025282e-02  1.00405933e+02 -1.14409226e+01
 -1.28547494e+00 -1.87365514e-01]",010,LW
20,0,0.1971888239888331,0,[-0.60826359  0.19925012  7.93279407  6.82522977 -1.30933928 -0.06313371],"[ 3.63596242e-01  1.86926747e-02 -8.44782953e+01  3.27159907e+01
 -1.26381891e+00  1.25529552e-01]","[  0.42454905   0.04745861  32.97551596 -11.99972401  -1.2209526
  -0.35195306]","[ -3.24747333   0.14593367 -10.66538314 -32.63554732  -1.17600682
   0.43193619]","[-9.26205918e-01  1.66825205e-02  9.13828571e+01  8.66393430e+01
 -1.08293340e+00  6.07634397e-01]","[-1.83744461e-01  1.35314005e-02  1.16103493e+02  2.33333737e+01
 -1.26689771e+00 -2.76434814e-01]","[-2.81483218e-01  1.34396535e-02 -1.05055046e+02 -2.75712323e+01
 -7.37367554e-01  8.93430611e-01]","[ 1.43062783e-01  1.36278383e-02  1.15491217e+02 -1.45224950e+01
 -1.27047669e+00 -2.36995333e-01]",010,LW
21,0,0.1971888239888331,0,[-0.4862203   0.18934118  8.34479288  6.05740766 -1.29981033 -0.09406812],"[ 3.51835352e-01  1.77201124e-02 -8.92111215e+01  3.33876263e+01
 -1.26445161e+00  3.46266949e-02]","[ 4.50778299e-01  3.63337084e-02  4.27996996e+01 -1.72931758e+01
 -1.17098638e+00 -4.42596856e-01]","[ -3.32548372   0.10427897 -14.74462537 -47.03301164  -1.08978051
   0.561125  ]","[-9.14096214e-01  2.33027058e-02  6.69631907e+01  6.32107991e+01
 -1.22499886e+00  3.88313870e-01]","[-1.76193047e-01  1.08370148e-02  1.43995999e+02  2.73710938e+01
 -1.21665005e+00 -3.90676702e-01]","[-2.85505869e-01  6.73698406e-03 -4.77232785e+01 -1.16252761e+01
 -1.55492788e+00  3.19870822e-01]","[ 1.50897675e-01  1.13873521e-02  1.37825588e+02 -1.87975607e+01
 -1.24836532e+00 -2.99374392e-01]",010,LW
22,0,0.1971888239888331,0,[-0.37070773  0.17700882  8.92392027  5.30816621 -1.29271972 -0.11005005],"[ 3.40278351e-01  1.79536451e-02 -8.80235726e+01  3.19525161e+01
 -1.26267327e+00 -7.28530242e-02]","[ 4.70067630e-01  2.56735256e-02  5.97264388e+01 -2.60754655e+01
 -1.07321737e+00 -5.83841386e-01]","[-3.37731578e+00  6.54055388e-02 -2.26055418e+01 -7.43460532e+01
 -8.67588478e-01  7.95595427e-01]","[-8.97928939e-01  2.90177233e-02  5.41662834e+01  5.06374734e+01
 -1.27060791e+00  2.66219784e-01]","[-1.70450099e-01  7.86896217e-03  1.95044010e+02  3.52452709e+01
 -1.10208168e+00 -5.67200581e-01]","[-2.82701443e-01  1.20676718e-02  1.07849959e+02  3.24893392e+01
 -4.90495379e-01  1.01739087e+00]","[ 1.57274509e-01  9.04117058e-03  1.72663998e+02 -2.51556455e+01
 -1.20903410e+00 -3.88295473e-01]",010,LW
23,0,0.1085951104544769,0,[-0.26275826  0.16429655  9.61381305  4.52610882 -1.28849151 -0.11369623],"[ 3.28232412e-01  1.93861690e-02 -8.14030757e+01  2.87191279e+01
 -1.26005385e+00 -1.55616141e-01]","[ 4.82661661e-01  1.57355940e-02  9.30077363e+01 -4.28912685e+01
 -8.15771129e-01 -8.36882463e-01]","[-3.40393306e+00  3.17890897e-02 -3.49589412e+01 -1.16997896e+02
 -4.29273941e-01  9.80477413e-01]","[-8.78309936e-01  3.38807960e-02  4.65237902e+01  4.28623072e+01
 -1.28632045e+00  1.94171904e-01]","[-1.66663451e-01  4.82098633e-03  2.99889043e+02  5.19805429e+01
 -7.83680464e-01 -8.64556569e-01]","[-2.72830702e-01  2.24240424e-02  6.72192742e+01  2.03394818e+01
 -9.92830697e-01  6.90810485e-01]","[ 1.62128673e-01  6.63579323e-03  2.32318169e+02 -3.56654365e+01
 -1.12288923e+00 -5.31407906e-01]",010,LW
24,0,0.1085951104544769,0,[-0.16227085  0.15262019 10.35064041  3.67960721 -1.2864859  -0.10653415],"[ 3.15070241e-01  2.17711078e-02 -7.24120997e+01  2.48148977e+01
 -1.26443505e+00 -1.92559751e-01]","[ 4.88858367e-01  7.39043128e-03  1.36538510e+02 -6.47479933e+01
 -4.82531446e-01 -9.27287342e-01]","[-3.40611764e+00  2.73442123e-02  3.32088408e+01  1.15113218e+02
 -6.36817317e-01  8.13747629e-01]","[-8.55736478e-01  3.80794451e-02  4.14451705e+01  3.74661442e+01
 -1.29109402e+00  1.51513303e-01]","[-1.64892129e-01  2.24034899e-03  3.63838746e+02  6.19941456e+01
 -7.43942111e-01 -7.52730345e-01]","[-2.56002742e-01  3.29813904e-02  4.70504998e+01  1.40450569e+01
 -1.17968984e+00  4.59859723e-01]","[ 1.65418160e-01  4.23465239e-03  3.49226812e+02 -5.57684568e+01
 -8.84747970e-01 -7.86401968e-01]",010,LW
25,0,0.1085951104544769,0,[-0.06834221  0.14294138 11.05452498  2.75549062 -1.2859509  -0.08874677],"[ 3.00344260e-01  2.46963691e-02 -6.38409332e+01  2.11742578e+01
 -1.27693557e+00 -1.88422704e-01]","[ 4.88977109e-01  7.14821792e-03 -1.44247778e+02  7.25338617e+01
 -5.27186717e-01 -8.90575591e-01]","[-3.38463301e+00  5.72326280e-02  2.55406000e+01  8.84455578e+01
 -8.42498667e-01  8.23348278e-01]",[-0.83057052  0.04184739 37.73450111 33.34116433 -1.29210626  0.12721199],"[-1.65100773e-01  2.66033814e-03 -4.38899163e+02 -7.04625910e+01
 -4.87046833e-01 -9.52195458e-01]",[-0.23269599  0.04265529 36.75646982 10.5530833  -1.25575091  0.31482223],"[ 1.67120809e-01  2.07350254e-03  5.25421334e+02 -8.58088383e+01
 -4.46185455e-01 -9.62889407e-01]",010,LW
26,0,0.1085948822944683,0,[ 0.02046209  0.13593327 11.62823417  1.76206198 -1.28640358 -0.06081833],"[ 2.83864755e-01  2.76741388e-02 -5.70194740e+01  1.81858190e+01
 -1.29258917e+00 -1.57278977e-01]","[ 4.83385086e-01  1.43818856e-02 -1.02959344e+02  5.17690115e+01
 -9.16519038e-01 -7.67238591e-01]",[-3.34071957  0.09027544 17.07515012 59.04328808 -1.14274767  0.5245647 ],[-0.80304191  0.04539309 34.79639696 29.94296516 -1.29254361  0.11343605],"[-1.67159529e-01  5.05255841e-03 -2.97212977e+02 -4.76819811e+01
 -1.00572915e+00 -6.93494687e-01]",[-0.20375414  0.05076878 31.02755718  8.32199323 -1.29243185  0.21104808],"[ 1.67236495e-01  1.83813499e-03 -5.09117132e+02  8.71429647e+01
 -6.11676002e-01 -8.28513576e-01]",010,LW
27,0,0.1085948754305584,0,[ 0.10585774  0.13194988 11.98206167  0.73160602 -1.28802098 -0.02685249],"[ 2.65736996e-01  3.02140068e-02 -5.22783149e+01  1.58922824e+01
 -1.30690845e+00 -1.10547106e-01]","[ 4.72562082e-01  2.19067132e-02 -7.06620746e+01  3.53922171e+01
 -1.17397181e+00 -4.82225060e-01]",[-3.27671474  0.11972776 13.07829296 44.85383532 -1.25901178  0.33331406],[-0.77328247  0.04883888 32.34672578 27.01315586 -1.2937653   0.1039214 ],"[-1.70851097e-01  7.32947592e-03 -2.12316571e+02 -3.42745191e+01
 -1.21930608e+00 -4.19293625e-01]",[-0.17035472  0.05679131 27.80249973  6.73628715 -1.31145504  0.12794587],"[ 1.65792338e-01  3.81864822e-03 -3.83966136e+02  6.56586433e+01
 -8.57163191e-01 -8.11796127e-01]",010,LW
28,0,0.1085948754305584,0,"[ 1.89520655e-01  1.30781003e-01  1.20898955e+01 -2.91284915e-01
 -1.29194965e+00  3.05397330e-03]","[ 2.46364331e-01  3.18663527e-02 -4.96045454e+01  1.42207906e+01
 -1.31795366e+00 -5.34290254e-02]","[ 4.57172783e-01  2.84479390e-02 -5.51259880e+01  2.72021014e+01
 -1.26680536e+00 -3.07872919e-01]",[-3.1965547   0.14191537 11.10647827 37.50246529 -1.31430452  0.18845219],[-0.74138488  0.05218734 30.27598857 24.44616023 -1.29613331  0.09402312],"[-1.75885550e-01  9.15692790e-03 -1.71713934e+02 -2.82019997e+01
 -1.29004349e+00 -2.53326509e-01]",[-0.1339504   0.06032676 26.20192264  5.50975796 -1.32063114  0.05489588],"[ 1.62848773e-01  6.02408008e-03 -2.55894596e+02  4.36721209e+01
 -1.13397010e+00 -5.27540900e-01]",010,LW
29,0,0.1085947665279965,0,[ 0.27265275  0.13134992 12.03738047 -1.28202487 -1.299646    0.01529036],"[ 2.26427566e-01  3.22356699e-02 -4.90458034e+01  1.31053219e+01
 -1.32462174e+00  1.49282171e-02]","[ 4.38115706e-01  3.34457565e-02 -4.71372621e+01  2.26515748e+01
 -1.30783789e+00 -1.83769972e-01]",[-3.10596988  0.15368583 10.28348871 33.94020617 -1.34003226  0.05877713],[-0.70747128  0.05532314 28.56506383 22.2089622  -1.29939621  0.08094706],"[-1.81921624e-01  1.04290669e-02 -1.51353517e+02 -2.55344775e+01
 -1.31617887e+00 -1.39094567e-01]","[-9.61870312e-02  6.11306259e-02  2.58632761e+01  4.48771175e+00
 -1.32273337e+00 -1.46744727e-02]","[ 1.58503945e-01  8.11063695e-03 -1.92761507e+02  3.25534594e+01
 -1.23107112e+00 -3.62921088e-01]",010,LW
30,0,0.1775999377127771,0,"[ 3.55470267e-01  1.31597957e-01  1.20147844e+01 -2.27089861e+00
 -1.31096706e+00 -1.66913266e-03]","[ 2.06851633e-01  3.09810435e-02 -5.09880322e+01  1.25469577e+01
 -1.32394532e+00  1.01066580e-01]","[ 4.16524759e-01  3.64909311e-02 -4.33020814e+01  2.00363890e+01
 -1.32637204e+00 -8.15502949e-02]",[-3.01228753  0.15271858 10.34634256 33.16615862 -1.34273567 -0.07491333],[-0.67175364  0.05804426 27.23133217 20.29274647 -1.30296987  0.06359438],"[-1.88591506e-01  1.11119269e-02 -1.42253268e+02 -2.48277580e+01
 -1.32411968e+00 -5.09293401e-02]",[-0.05880537  0.05913008 26.72256316  3.57143016 -1.31808165 -0.08590067],"[ 1.52894359e-01  9.97178737e-03 -1.57688676e+02  2.61097090e+01
 -1.27317652e+00 -2.57096113e-01]",010,LW
31,0,0.187173465543409,0,[ 0.43673364  0.12872926 12.27895926 -3.36263453 -1.32183405 -0.05524267],"[ 1.88763020e-01  2.78351350e-02 -5.65634176e+01  1.26770815e+01
 -1.30639917e+00  2.19214593e-01]","[ 3.93716855e-01  3.73250287e-02 -4.23572124e+01  1.86767484e+01
 -1.33084285e+00  1.26749031e-02]",[-2.9238736   0.13798289 11.40180845 35.33744675 -1.31423156 -0.23353547],[-0.63457355  0.06010838 26.3009522  18.68988862 -1.30621261  0.04200584],"[-1.95525560e-01  1.12194530e-02 -1.40915178e+02 -2.55525190e+01
 -1.32276082e+00  2.37844866e-02]","[-2.35333022e-02  5.44365116e-02  2.89794757e+01  2.68198276e+00
 -1.30500205e+00 -1.64273066e-01]","[ 1.46191448e-01  1.15418110e-02 -1.36619764e+02  2.19726412e+01
 -1.29371819e+00 -1.81538416e-01]",010,LW
32,0,0.1934442968042108,0,[ 0.51351362  0.1198307  13.16724617 -4.76156024 -1.32147669 -0.15251135],"[ 1.73425418e-01  2.26736490e-02 -6.87156060e+01  1.39170327e+01
 -1.24047079e+00  3.99218037e-01]","[ 3.71099142e-01  3.58792524e-02 -4.40221181e+01  1.83365703e+01
 -1.32278979e+00  1.07820354e-01]",[-2.84934401  0.11010549 14.07910905 42.11622506 -1.21481179 -0.45444928],"[-5.96416846e-01  6.12775467e-02  2.58021587e+01  1.73888421e+01
 -1.30863198e+00  1.66333717e-02]","[-2.02373942e-01  1.07997943e-02 -1.46295038e+02 -2.76063035e+01
 -1.31524350e+00  9.30596981e-02]","[ 8.02350045e-03  4.73433950e-02  3.32101684e+01  1.73353820e+00
 -1.27854970e+00 -2.57813689e-01]","[ 1.38595404e-01  1.27775983e-02 -1.23587880e+02  1.91287122e+01
 -1.30427390e+00 -1.23296193e-01]",010,LW
33,0,0.1976966488928657,0,[ 0.58137351  0.10274527 15.25626683 -6.86958944 -1.28483324 -0.3085751 ],"[ 1.62136075e-01  1.56863017e-02 -9.53230082e+01  1.74552984e+01
 -1.00474269e+00  7.02506391e-01]","[ 3.50058367e-01  3.22894174e-02 -4.87771255e+01  1.90748409e+01
 -1.29947461e+00  2.13174859e-01]",[-2.79670738  0.07207663 20.18708958 58.45738244 -0.87962028 -0.80326553],"[-5.57905406e-01  6.13498684e-02  2.57719534e+01  1.63783121e+01
 -1.30989160e+00 -1.22536415e-02]","[-2.08823038e-01  9.92252651e-03 -1.58991777e+02 -3.12011460e+01
 -1.30161124e+00  1.63823722e-01]","[ 3.44835533e-02  3.83110549e-02  4.07551064e+01  5.94619116e-01
 -1.22550928e+00 -3.81179003e-01]","[ 1.30327907e-01  1.36523453e-02 -1.15759663e+02  1.70867147e+01
 -1.30989087e+00 -7.51023806e-02]",010,LW
34,0,0.1976966488928657,0,"[  0.63501356   0.07704314  19.87660997 -10.62191682  -1.13834805
  -0.56220722]","[ 1.56079299e-01  8.18165975e-03 -1.29495880e+02  2.22116262e+01
 -5.59543584e-01  8.65845017e-01]","[ 3.31852073e-01  2.68751757e-02 -5.82299984e+01  2.13237457e+01
 -1.24998210e+00  3.44085753e-01]","[-2.77257090e+00  3.61343896e-02  1.86130008e+01  5.36058643e+01
 -1.07115185e+00 -5.42265576e-01]",[-0.51976782  0.0601832  26.26760425 15.65305528 -1.30953334 -0.04464385],"[-2.14606172e-01  8.66906145e-03 -1.81483511e+02 -3.69474814e+01
 -1.27879412e+00  2.44030781e-01]","[ 5.47738020e-02  2.79546259e-02  5.49052350e+01 -1.00736847e+00
 -1.10585884e+00 -5.65469256e-01]","[ 1.21624316e-01  1.41501107e-02 -1.11729274e+02  1.55889966e+01
 -1.31263252e+00 -3.22217563e-02]",010,LW
35,0,0.1976966488928657,0,"[  0.66925627   0.0455424   29.69742758 -17.87518966  -0.64460457
  -0.93448812]","[ 1.56151803e-01  8.32862032e-03  1.16256459e+02 -1.61536557e+01
 -5.34586382e-01  8.86416021e-01]","[ 3.17515750e-01  2.01065524e-02 -7.65999101e+01  2.63216779e+01
 -1.13723912e+00  5.32088462e-01]","[-2.78148548e+00  5.38329310e-02 -2.24312002e+01 -6.03920576e+01
 -4.20959498e-01 -1.02217386e+00]",[-0.48278645  0.05772654 27.3756631  15.21659917 -1.30673924 -0.08016155],"[-2.19509821e-01  7.12829862e-03 -2.19574085e+02 -4.61986682e+01
 -1.23814092e+00  3.45424424e-01]","[ 6.81875932e-02  1.71204693e-02  8.42788109e+01 -3.74676927e+00
 -7.77573025e-01 -8.69094362e-01]","[ 1.12724251e-01  1.42667907e-02 -1.10824367e+02  1.44925938e+01
 -1.31280313e+00  7.91208571e-03]",010,LW
36,0,0.1976966488928657,0,[ 0.68013204  0.02573767 -4.98868408  5.39296387 -1.68134277 -0.2626305 ],"[ 1.62790307e-01  1.72753613e-02  8.48334553e+01 -1.18100642e+01
 -8.64172582e-01  8.09400648e-01]","[ 3.07795657e-01  1.26366122e-02 -1.15137840e+02  3.74389270e+01
 -8.24954849e-01  8.36970154e-01]","[ -2.82547018   0.10447619 -14.30495738 -38.41823051  -0.95430957
  -0.73166738]",[-0.44772048  0.05406341 29.21336886 15.07942339 -1.30066378 -0.11713883],"[-2.23377764e-01  5.39770669e-03 -2.86764488e+02 -6.20568102e+01
 -1.15609307e+00  4.89494784e-01]","[ 7.44133366e-02  7.95131659e-03  9.87036617e+01 -5.34486880e+00
 -7.93001274e-01 -7.23949725e-01]","[ 1.03859141e-01  1.40195891e-02 -1.12760541e+02  1.37112130e+01
 -1.31011495e+00  4.55149691e-02]",010,LW
37,0,0.0875158137744801,0,"[  0.66579426   0.05070891 -27.17430277  20.09249476  -0.66218414
  -0.93512611]","[ 1.75842810e-01  2.67993141e-02  5.76402406e+01 -8.13562185e+00
 -1.16871370e+00  4.99874408e-01]","[ 3.03112858e-01  5.99096253e-03 -1.43986040e+02  4.56440200e+01
 -6.86691052e-01  7.83508118e-01]","[ -2.9037564    0.15595794  -9.94020857 -26.86394429  -1.18337441
  -0.46701167]",[-0.41521142  0.04944902 31.91551516 15.25168645 -1.29125836 -0.15196674],"[-2.26114716e-01  3.59153236e-03 -4.17769622e+02 -9.24638597e+01
 -9.57645079e-01  7.20744633e-01]","[ 7.35346462e-02  9.71509288e-03 -1.21741340e+02  1.09522064e+01
 -4.87171099e-01 -9.58194411e-01]","[ 9.52361053e-02  1.34582406e-02 -1.17425323e+02  1.31831304e+01
 -1.30474249e+00  7.87972181e-02]",010,LW
38,0,0.0875158137744801,0,"[  0.6270628    0.08529525 -17.95122639  13.25654634  -1.12726077
  -0.56848888]","[ 1.94520438e-01  3.48081458e-02  4.50689230e+01 -6.76682666e+00
 -1.28134850e+00  2.97651082e-01]","[ 3.03557425e-01  6.88884863e-03  1.65177694e+02 -4.81409153e+01
 -4.83596766e-01  9.44805127e-01]","[ -3.01279234   0.20060352  -7.82204279 -21.56619062  -1.27278209
  -0.29659091]",[-0.38568352  0.04431328 35.58956601 15.72630902 -1.27994429 -0.17873026],"[-2.27688874e-01  1.88720927e-03 -6.80310986e+02 -1.52899242e+02
 -4.49152441e-01  1.03869359e+00]","[ 6.60022065e-02  1.83614267e-02 -8.18781084e+01  7.40413581e+00
 -1.01090244e+00 -6.88067780e-01]","[ 8.70191632e-02  1.26685632e-02 -1.24698249e+02  1.28511373e+01
 -1.29769252e+00  1.04665056e-01]",010,LW
39,0,0.0875158137744801,0,"[  0.56751611   0.11393012 -13.7520063    9.80448507  -1.28447883
  -0.31587322]",[ 0.21744717  0.04025137 39.20327232 -6.5246405  -1.32697454  0.14734119],"[ 3.08903973e-01  1.32644935e-02  1.12846204e+02 -3.28586408e+01
 -9.86533753e-01  7.10738270e-01]","[ -3.14650986   0.23398494  -6.74019278 -19.20808302  -1.31213229
  -0.17148292]","[-3.59256752e-01  3.92175532e-02  4.02028514e+01  1.64431458e+01
 -1.26972133e+00 -1.88807489e-01]","[-2.28131278e-01  1.03934966e-03  3.53053243e+02  8.25424874e+01
 -1.52368404e+00  3.23815182e-01]","[ 5.25795068e-02  2.65898595e-02 -5.85310362e+01  5.07753301e+00
 -1.21821585e+00 -4.18655671e-01]","[ 7.93109571e-02  1.17650897e-02 -1.34240462e+02  1.26467395e+01
 -1.29051730e+00  1.19142398e-01]",010,LW
40,0,0.0875158137744801,0,"[  0.49316318   0.13177511 -11.97759727   7.90690996  -1.34079601
  -0.13264639]","[ 2.42802181e-01  4.25076270e-02  3.71898589e+01 -7.02977887e+00
 -1.34078321e+00  1.93652281e-02]","[ 3.18638697e-01  1.94289633e-02  8.00202629e+01 -2.34975523e+01
 -1.21297765e+00  4.30598987e-01]","[ -3.2968136    0.25315979  -6.24267026 -18.58092022  -1.32838994
  -0.06800253]","[-3.35696704e-01  3.47757990e-02  4.53610762e+01  1.72275638e+01
 -1.26429226e+00 -1.71346470e-01]","[-2.27530364e-01  2.02162870e-03  7.05456304e+02  1.62512730e+02
 -7.98256378e-01  8.55432406e-01]","[ 3.42712511e-02  3.32748489e-02 -4.72464522e+01  3.61919503e+00
 -1.28637896e+00 -2.57668575e-01]","[ 7.21397197e-02  1.08769445e-02 -1.45206836e+02  1.24751805e+01
 -1.28482987e+00  1.17566736e-01]",010,LW
41,0,0.0875158137744801,0,"[  0.41179683   0.13627718 -11.59859315   6.77626386  -1.35318356
   0.02811121]",[ 0.26852968  0.04137494 38.17531938 -8.25120644 -1.33251893 -0.10315114],"[ 3.31995262e-01  2.43796848e-02  6.44808793e+01 -1.94073464e+01
 -1.29096614e+00  2.57520832e-01]","[ -3.45423748   0.25654448  -6.16228834 -19.28600733  -1.33090858
   0.02761851]","[-3.14421732e-01  3.15580569e-02  5.00459931e+01  1.77355478e+01
 -1.26519105e+00 -1.17899454e-01]","[-2.26021625e-01  3.22620186e-03  4.78279577e+02  1.10101527e+02
 -1.17260058e+00  5.04955721e-01]","[ 1.22470625e-02  3.80783591e-02 -4.14446410e+01  2.50757511e+00
 -1.31212560e+00 -1.48538985e-01]","[ 6.54555425e-02  1.01321804e-02 -1.55937187e+02  1.22069532e+01
 -1.28170457e+00  9.57204872e-02]",010,LW
42,0,0.0849428809509236,0,"[  0.33214835   0.12660606 -12.4425583    6.13277526  -1.32885253
   0.19787205]","[ 2.92577064e-01  3.70651662e-02  4.24527783e+01 -1.04207092e+01
 -1.30051116e+00 -2.34777290e-01]","[ 3.48001808e-01  2.77130378e-02  5.69646688e+01 -1.78238078e+01
 -1.32251674e+00  1.32115911e-01]","[ -3.60870012   0.24382794  -6.47537156 -21.36767412  -1.32114889
   0.12678598]","[-2.94571775e-01  2.99867271e-02  5.27193044e+01  1.75296191e+01
 -1.26866225e+00 -3.31204550e-02]","[-2.23773841e-01  4.20972961e-03  3.72700208e+02  8.54005572e+01
 -1.27846099e+00  2.96349129e-01]","[-1.22302571e-02  4.08755169e-02 -3.86665506e+01  1.52709814e+00
 -1.32166715e+00 -6.44789109e-02]","[ 5.91373358e-02  9.64205250e-03 -1.63943562e+02  1.16951854e+01
 -1.28085556e+00  5.30382367e-02]",010,LW
43,0,0.0849428809509236,0,"[  0.26295112   0.10371444 -14.99960031   5.94416169  -1.23999455
   0.41426844]","[ 3.13120158e-01  3.01515960e-02  5.17118293e+01 -1.41920162e+01
 -1.22883357e+00 -3.96126473e-01]","[ 3.65539014e-01  2.91956492e-02  5.41481625e+01 -1.77932659e+01
 -1.33307944e+00  2.62809776e-02]","[ -3.75026476   0.21587559  -7.2869691  -25.32806339  -1.29336342
   0.24300555]","[-2.75126181e-01  3.02386328e-02  5.22712176e+01  1.63811805e+01
 -1.26953391e+00  5.88962276e-02]","[-2.20974262e-01  4.90719028e-03  3.21445704e+02  7.30312271e+01
 -1.31267471e+00  1.65221826e-01]","[-3.78694768e-02  4.16539261e-02 -3.79569437e+01  5.62590400e-01
 -1.32303778e+00  8.37991933e-03]","[ 5.30092847e-02  9.48490800e-03 -1.66694942e+02  1.08363797e+01
 -1.28062496e+00 -3.64178523e-03]",010,LW
44,0,0.2519087690504108,0,"[  0.21201123   0.07065068 -20.98720746   6.44952365  -0.95988723
   0.74134461]","[ 3.28741481e-01  2.14944087e-02  7.07806367e+01 -2.12685314e+01
 -1.06028611e+00 -6.27323454e-01]","[ 3.83407053e-01  2.87384997e-02  5.49872154e+01 -1.90824862e+01
 -1.32925586e+00 -7.48009557e-02]","[ -3.86981147   0.17468338  -8.9237506  -32.53323241  -1.22733886
   0.39903643]","[-2.55050312e-01  3.21937217e-02  4.90483658e+01  1.45098010e+01
 -1.26924330e+00  1.28698546e-01]","[-2.17814936e-01  5.30943351e-03  2.97656631e+02  6.68340600e+01
 -1.32319996e+00  7.07204402e-02]","[ -0.06341207   0.04049106 -39.02792406  -0.4748415   -1.31792829
   0.07807536]","[ 4.68643037e-02  9.69251415e-03 -1.63078782e+02  9.64257355e+00
 -1.27989031e+00 -6.07204787e-02]",010,LW
45,0,0.2898323958428092,0,"[  0.185382     0.03591776 -27.3304333    7.06657039  -0.60067868
   0.83068508]","[ 3.38539379e-01  1.22974672e-02  1.11366583e+02 -3.57019740e+01
 -6.03929730e-01 -9.71286654e-01]","[ 4.00399882e-01  2.64025255e-02  5.97107208e+01 -2.19081656e+01
 -1.31035220e+00 -1.83528672e-01]","[ -3.95957715   0.12350737 -12.27879439 -46.6188337   -1.05100731
   0.64307103]","[-2.33447713e-01  3.54655505e-02  4.44895232e+01  1.23859774e+01
 -1.27308190e+00  1.62148799e-01]","[-2.14481248e-01  5.42989015e-03  2.91177369e+02  6.44520855e+01
 -1.32306062e+00 -5.33882533e-03]","[-8.76948375e-02  3.75686272e-02 -4.20079154e+01 -1.68387732e+00
 -1.30542906e+00  1.49483995e-01]","[ 4.04913623e-02  1.02449207e-02 -1.54199158e+02  8.24373396e+00
 -1.27962880e+00 -1.04726571e-01]",010,LW
46,0,0.2898323958428092,0,[ 0.18673324  0.03865615 26.97345175 -3.03683994 -0.49749043  0.91589735],"[ 3.42161713e-01  5.95218687e-03  2.42080939e+01 -6.28308289e+00
 -1.66772348e+00 -2.76840717e-01]","[ 4.15382297e-01  2.23862469e-02  7.00090853e+01 -2.70805346e+01
 -1.26609084e+00 -3.17783744e-01]","[-4.01355665e+00  6.86142174e-02 -1.90349572e+01 -7.43978789e+01
 -5.40139937e-01  9.83092514e-01]","[-2.09693157e-01  3.94843090e-02  3.99606676e+01  1.03794786e+01
 -1.28254618e+00  1.62090068e-01]","[-2.11142437e-01  5.29813760e-03  2.98298582e+02  6.49834895e+01
 -1.31629583e+00 -7.14083576e-02]","[-1.09714618e-01  3.31892290e-02 -4.74376163e+01 -3.20459996e+00
 -1.28348082e+00  2.26261622e-01]","[ 3.37032204e-02  1.10759771e-02 -1.42566191e+02  6.80493975e+00
 -1.28165964e+00 -1.28824269e-01]",010,LW
47,0,0.2898323958428092,0,[ 0.21699338  0.07738485 19.13100686 -2.15130176 -0.9270116   0.76229131],"[ 3.39772662e-01  1.03174739e-02 -1.31576431e+02  4.67060741e+01
 -6.53627993e-01 -9.29254578e-01]","[ 4.27359873e-01  1.70103667e-02  9.06972083e+01 -3.67603474e+01
 -1.15765287e+00 -5.12596725e-01]",[-4.02775849  0.04153714  8.92105507 37.93185533 -1.4683211   0.37091888],[-0.18352751  0.04358227 36.22374165  8.64805319 -1.29509977  0.13774855],"[-2.07943650e-01  4.95752698e-03  3.18479805e+02  6.82258530e+01
 -1.30445245e+00 -1.31592414e-01]","[-1.28687441e-01  2.77611703e-02 -5.64887140e+01 -5.26938804e+00
 -1.24843101e+00  3.13362831e-01]","[ 2.63616983e-02  1.20838258e-02 -1.30663455e+02  5.44451058e+00
 -1.28677294e+00 -1.32956218e-01]",010,LW
48,0,0.2898323958428092,0,[ 0.27430106  0.11632897 13.32980758 -1.65638033 -1.20028786  0.45833186],"[ 3.31970313e-01  1.74868464e-02 -8.75787061e+01  3.10735305e+01
 -1.12957519e+00 -5.65835345e-01]","[ 4.35532041e-01  1.07773034e-02  1.34708138e+02 -5.66697101e+01
 -8.34292909e-01 -8.32032994e-01]",[-4.0003169   0.08714806 16.10792738 66.43681418 -0.68571755  0.92630549],[-0.15510628  0.04706794 33.56639955  7.20635935 -1.30743808  0.09722768],"[-2.04999788e-01  4.46118504e-03  3.53393257e+02  7.44455427e+01
 -1.28834682e+00 -1.88306359e-01]","[-1.44089619e-01  2.17467872e-02 -7.16157297e+01 -8.31908321e+00
 -1.19134176e+00  4.20764309e-01]","[ 1.83986407e-02  1.31401673e-02 -1.20189356e+02  4.21132078e+00
 -1.29442233e+00 -1.20158048e-01]",010,LW
49,0,0.2898323958428092,0,[ 0.35423667  0.14737784 10.66285463 -1.77717417 -1.29579921  0.2627777 ],"[ 3.19676321e-01  2.35025981e-02 -6.66384914e+01  2.33027478e+01
 -1.27102643e+00 -3.25915915e-01]","[ 4.39325792e-01  5.20107607e-03  1.44301019e+02 -6.13951596e+01
 -9.03192563e-01 -6.47074087e-01]",[-3.93149068  0.14784472 10.33734346 42.6411695  -1.08251168  0.59729671],[-0.12499894  0.04929742 32.06712756  6.00835683 -1.31694243  0.04542996],"[-2.02392182e-01  3.86540539e-03  4.07062946e+02  8.43863578e+01
 -1.26824257e+00 -2.43888112e-01]","[-1.55671888e-01  1.56040276e-02 -9.84207361e+01 -1.33213418e+01
 -1.08633031e+00  5.69956510e-01]","[ 9.83072026e-03  1.40989780e-02 -1.12065442e+02  3.10168401e+00
 -1.30315189e+00 -9.37757936e-02]",010,LW
50,0,0.960727078431791,0,[ 0.4502627   0.16688656  9.46183469 -2.26031122 -1.33236541  0.11736921],"[ 3.04019362e-01  2.77367822e-02 -5.68517388e+01  1.92840293e+01
 -1.31571282e+00 -1.74664505e-01]","[ 4.38415287e-01  7.02448228e-03 -1.68981873e+02  7.60842365e+01
 -4.36293451e-01 -1.00066520e+00]",[-3.82358008  0.20595144  7.57282127 30.95528856 -1.21858981  0.39636395],"[-9.41352434e-02  4.97513868e-02  3.17788895e+01  4.99151350e+00
 -1.32137367e+00 -1.53823575e-02]","[-2.00169241e-01  3.22196455e-03  4.87073510e+02  9.94971347e+01
 -1.24333161e+00 -3.02052233e-01]","[-1.63445765e-01  9.76540154e-03 -1.51390821e+02 -2.27441885e+01
 -8.50723404e-01  8.05841028e-01]","[ 7.65257339e-04  1.48103689e-02 -1.06729495e+02  2.08167553e+00
 -1.31095576e+00 -5.67693280e-02]",010,LW
51,0,1.563444592736804,0,[ 0.55429487  0.17277432  9.14993426 -3.07176165 -1.34212932 -0.01062128],"[ 2.86232230e-01  3.00266242e-02 -5.26352090e+01  1.70658932e+01
 -1.32927824e+00 -6.39612399e-02]","[ 4.32734153e-01  1.36590416e-02 -1.09425652e+02  4.93522169e+01
 -9.56531042e-01 -7.29971834e-01]",[-3.68076572  0.25675696  6.12085202 24.52942228 -1.27460444  0.26791888],[-0.06369884  0.04811551 32.84048057  4.09190042 -1.31837289 -0.0845309 ],"[-1.98351255e-01  2.57168517e-03  6.07866630e+02  1.22571109e+02
 -1.21009030e+00 -3.70186061e-01]","[-1.67647973e-01  4.76491912e-03 -2.55095477e+02 -4.07662397e+01
 -3.40906423e-01  1.08629337e+00]","[-8.60596565e-03  1.51426878e-02 -1.04412498e+02  1.10142963e+00
 -1.31574412e+00 -1.19355415e-02]",010,LW
52,0,1.563444592736804,0,[ 0.6573324   0.16413477  9.61423766 -4.31974988 -1.33061833 -0.14479947],"[ 2.67574730e-01  3.03694263e-02 -5.20552333e+01  1.59286650e+01
 -1.32957188e+00  3.07832168e-02]","[ 4.22483289e-01  2.04219168e-02 -7.59078300e+01  3.40697897e+01
 -1.17968842e+00 -4.68694853e-01]",[-3.50886652  0.29739883  5.30290426 20.60718322 -1.30100023  0.17506677],"[-3.49806811e-02  4.43438210e-02  3.55769070e+01  3.24450444e+00
 -1.30528508e+00 -1.62575796e-01]","[-1.96937673e-01  1.94180305e-03  7.99495288e+02  1.59450742e+02
 -1.15704367e+00 -4.63337941e-01]","[-1.68692515e-01  2.70095440e-03  2.17171286e+02  3.86351705e+01
 -1.28248576e+00  4.07245446e-01]","[-1.80261461e-02  1.50079478e-02 -1.05338397e+02  1.01154667e-01
 -1.31594918e+00  3.80553913e-02]",010,LW
53,0,0.8888572744152687,0,[ 0.75009819  0.14117319 11.10014638 -6.32619968 -1.28300018 -0.31373159],"[ 2.49280980e-01  2.88369311e-02 -5.47528439e+01  1.56488426e+01
 -1.31986777e+00  1.26440162e-01]","[ 4.08133331e-01  2.63879272e-02 -5.94384433e+01  2.62588098e+01
 -1.26514725e+00 -3.05953496e-01]",[-3.3150273   0.32590601  4.84729877 18.06892773 -1.31388119  0.10080399],"[-9.21649339e-03  3.86740491e-02  4.06656584e+01  2.37479477e+00
 -1.27848446e+00 -2.52232064e-01]","[-1.95913924e-01  1.34911155e-03  1.13287681e+03  2.23946341e+02
 -1.04878447e+00 -6.11332866e-01]","[-1.67119192e-01  5.06908488e-03  2.89229863e+02  5.03358609e+01
 -9.53196341e-01  7.52326158e-01]","[-2.72040649e-02  1.43799096e-02 -1.09877985e+02 -9.89127834e-01
 -1.31086380e+00  9.10488023e-02]",010,LW
54,0,0.6226210056298733,0,[ 0.8236682   0.10546969 14.50725614 -9.94916563 -1.13100553 -0.56940415],"[ 2.32520779e-01  2.55519219e-02 -6.15723358e+01  1.63168475e+01
 -1.29407156e+00  2.39856339e-01]","[ 3.90420579e-01  3.10447751e-02 -5.07773896e+01  2.18245379e+01
 -1.30518722e+00 -1.87698564e-01]",[-3.10736479  0.34101432  4.63592369 16.40550603 -1.31945267  0.03578099],"[ 1.25625161e-02  3.15784053e-02  4.95175660e+01  1.37793478e+00
 -1.23052139e+00 -3.60910727e-01]","[-1.95256047e-01  8.09456976e-04  1.79575853e+03  3.52632712e+02
 -7.70478114e-01 -8.69127228e-01]","[-1.63539864e-01  7.47048185e-03  2.08542933e+02  3.61050830e+01
 -1.26043637e+00  3.91476204e-01]","[-3.58503061e-02  1.32965213e-02 -1.18705405e+02 -2.25562509e+00
 -1.30040996e+00  1.45892908e-01]",010,LW
55,0,0.6226210056298733,0,"[  0.87007571   0.06176308  21.66019846 -16.84601262  -0.62991606
  -0.93528068]","[ 2.18365755e-01  2.07082539e-02 -7.52878014e+01  1.84402776e+01
 -1.23015790e+00  3.96276155e-01]","[ 3.70335090e-01  3.39723124e-02 -4.65085710e+01  1.92237558e+01
 -1.32538316e+00 -8.75302215e-02]",[-2.89463032  0.34200976  4.62263851 15.3808296  -1.32012808 -0.02675687],"[ 2.96378771e-02  2.36685174e-02  6.53028562e+01  6.45619761e-02
 -1.14096475e+00 -5.06341363e-01]","[-1.94933768e-01  3.69974643e-04  2.72089031e+03  5.32393402e+02
 -4.28664689e-01 -9.70506746e-01]","[-1.58576811e-01  9.04377245e-03  1.74299177e+02  2.96398076e+01
 -1.32560092e+00  1.81533350e-01]","[-4.37114882e-02  1.18467069e-02 -1.33017508e+02 -3.81439323e+00
 -1.28451607e+00  2.02710789e-01]",010,LW
56,0,0.6226210056298733,0,[ 0.88287351  0.03785865 -7.26502367  8.41409694 -1.55487283 -0.33461407],"[ 2.07753584e-01  1.46325310e-02 -1.03540132e+02  2.35108335e+01
 -1.05014326e+00  6.46604462e-01]","[ 3.49095890e-01  3.48239970e-02 -4.53988989e+01  1.78485690e+01
 -1.33317077e+00  1.00512100e-02]",[-2.68595064  0.32854647  4.80886402 14.91637139 -1.31606608 -0.0936229 ],"[ 4.16540986e-02  1.56111118e-02  9.60712409e+01 -2.00176094e+00
 -9.43564308e-01 -7.28935155e-01]","[-1.94913602e-01  3.28842460e-04 -3.14609900e+03 -6.11217487e+02
 -5.86393392e-01 -8.40388971e-01]","[-1.52793158e-01  9.81651744e-03  1.61012861e+02  2.66016635e+01
 -1.32899337e+00  5.62218538e-02]","[-5.05954442e-02  1.01485959e-02 -1.54915894e+02 -5.83803845e+00
 -1.26245760e+00  2.63006850e-01]",010,LW
57,0,0.6296889393177297,0,"[  0.85762679   0.0810068  -17.06570022  16.63600167  -0.6180487
  -0.96600589]","[ 2.01446560e-01  8.07065652e-03 -1.59034550e+02  3.40369631e+01
 -5.26660419e-01  9.80014312e-01]","[ 3.28103657e-01  3.33557855e-02 -4.73405211e+01  1.75325981e+01
 -1.32761667e+00  1.18493466e-01]",[-2.49063734  0.30053912  5.24754109 15.06972176 -1.30440321 -0.17389624],"[ 4.86124978e-02  8.20549631e-03  1.59505987e+02 -5.75398443e+00
 -4.54424937e-01 -1.04754849e+00]","[-1.95162546e-01  6.47196162e-04 -2.30217549e+03 -4.47298431e+02
 -9.53757938e-01 -7.35569135e-01]","[-1.46629214e-01  1.00033710e-02  1.58055973e+02  2.51756232e+01
 -1.31366287e+00 -1.20946340e-02]","[-5.63837979e-02  8.32784929e-03 -1.88160263e+02 -8.60919026e+00
 -1.23210206e+00  3.29936158e-01]",010,LW
58,0,0.8062725784237609,0,"[  0.79228046   0.14180283 -10.72377678  10.49623881  -1.04462917
  -0.63625971]","[ 1.99989516e-01  5.24934009e-03  9.20737572e+01 -1.64137861e+01
 -1.30252678e+00  4.53091436e-01]","[ 3.08862319e-01  2.94801829e-02 -5.33243995e+01  1.84698977e+01
 -1.29788200e+00  2.55356794e-01]",[-2.31795853  0.25829346  6.07982761 16.09278827 -1.27547819 -0.28188277],"[ 5.08281068e-02  4.06177535e-03 -4.43572818e+01  4.25459666e+00
 -1.69092325e+00 -2.49152528e-01]","[-1.95651928e-01  9.81318326e-04 -1.57865787e+03 -3.06867456e+02
 -1.16144634e+00 -4.80339837e-01]","[-1.40363060e-01  9.89875666e-03  1.59718933e+02  2.44186383e+01
 -1.29714300e+00 -3.07404584e-02]","[-6.10331446e-02  6.50194648e-03 -2.39797089e+02 -1.26355704e+01
 -1.18846460e+00  4.08992661e-01]",010,LW
59,0,0.8062725784237609,0,[ 0.68734532  0.20221438 -7.6951606   7.28923262 -1.20016047 -0.42687533],"[ 2.03676910e-01  1.12129450e-02  1.26058332e+02 -2.36751716e+01
 -7.04256730e-01  9.16051924e-01]","[ 2.92867685e-01  2.33461737e-02 -6.64417527e+01  2.14586423e+01
 -1.20735633e+00  4.52619540e-01]",[-2.17674019  0.20300953  7.6510986  18.65445379 -1.20047128 -0.44385989],"[ 4.88782338e-02  7.37147069e-03 -1.92039386e+02  1.13865460e+01
 -8.05187567e-01 -8.48433979e-01]","[-1.96360547e-01  1.30237289e-03 -1.20126845e+03 -2.33881729e+02
 -1.22179856e+00 -3.55984352e-01]","[-1.34104824e-01  9.79027183e-03  1.61497780e+02  2.36576313e+01
 -1.28738897e+00 -8.96418853e-03]","[-6.45692794e-02  4.77285854e-03 -3.24006973e+02 -1.89208967e+01
 -1.12064375e+00  5.09077135e-01]",010,LW
60,0,0.8062725784237609,0,[ 0.54590979  0.25643128 -6.12204243  5.34208292 -1.26697935 -0.29002157],"[ 2.12530445e-01  1.88762901e-02  8.10281342e+01 -1.52209454e+01
 -1.08617836e+00  5.92030109e-01]","[ 2.81469871e-01  1.54874662e-02 -9.51628558e+01  2.87854767e+01
 -9.19458979e-01  7.71272192e-01]",[-2.07472956  0.13782075 10.86741615 24.54694957 -0.98067875 -0.71286546],"[ 4.35665053e-02  1.15477467e-02 -1.34027585e+02  7.83911350e+00
 -1.22176564e+00 -4.63015556e-01]","[-1.97276285e-01  1.61860733e-03 -9.70238103e+02 -1.89404969e+02
 -1.24738009e+00 -2.88228993e-01]","[-1.27822884e-01  9.87970305e-03  1.60021689e+02  2.24544338e+01
 -1.28394490e+00  3.37438667e-02]","[-6.70794019e-02  3.22764767e-03 -4.72120447e+02 -2.96695572e+01
 -1.00581062e+00  6.43550977e-01]",010,LW
61,0,0.8062725784237609,0,[ 0.37353012  0.30027045 -5.25004829  3.96105119 -1.30048533 -0.18781488],"[ 2.26279181e-01  2.61902310e-02  5.95667975e+01 -1.14787262e+01
 -1.22209820e+00  3.92100455e-01]","[ 2.75726074e-01  7.71725671e-03 -1.19723184e+02  3.50108035e+01
 -6.58192591e-01  7.90917262e-01]",[-2.01776634  0.07174116 16.4902129  35.27339655 -0.45276714 -0.98654277],"[ 3.59078958e-02  1.43114684e-02 -1.10041422e+02  5.95135590e+00
 -1.34227244e+00 -1.99137951e-01]","[-1.98395690e-01  1.93799784e-03 -8.11884675e+02 -1.59074420e+02
 -1.26078052e+00 -2.45684334e-01]","[-1.21392323e-01  1.02519221e-02  1.54156288e+02  2.07133900e+01
 -1.28304131e+00  7.61730565e-02]","[-6.87053549e-02  1.94266357e-03 -7.61902474e+02 -5.03467799e+01
 -7.99962405e-01  8.29538975e-01]",010,LW
62,0,0.8062725784237609,0,[ 0.17801645  0.33025773 -4.78325917  2.85149882 -1.31846131 -0.10143979],"[ 2.44338197e-01  3.24423760e-02  4.84633337e+01 -9.84144359e+00
 -1.28292166e+00  2.56867210e-01]","[ 2.76269591e-01  8.81742572e-03  1.23531737e+02 -3.21280625e+01
 -4.68583453e-01  9.45435951e-01]","[ -2.00893092   0.05406869 -14.00745069 -26.14000079  -0.89411958
  -0.65000569]","[ 2.71188944e-02  1.51290946e-02 -1.04451628e+02  4.83261267e+00
 -1.37524857e+00  2.07380140e-02]","[-1.99722255e-01  2.26699382e-03 -6.94795755e+02 -1.36766175e+02
 -1.26724953e+00 -2.18187693e-01]","[-1.14648461e-01  1.09046235e-02  1.44864308e+02  1.86084699e+01
 -1.28244185e+00  1.07455938e-01]","[-6.96377878e-02  9.82674882e-04 -1.41819578e+03 -9.67600167e+01
 -4.44308791e-01  1.07663787e+00]",010,LW
63,0,0.8062725784237609,0,[-0.03091921  0.34360399 -4.6011867   1.85773495 -1.32668136 -0.01991779],"[ 2.65794468e-01  3.70480230e-02  4.25965762e+01 -9.32193431e+00
 -1.31521015e+00  1.48278812e-01]","[ 2.83224440e-01  1.74702936e-02  8.50464949e+01 -2.20872459e+01
 -9.41724382e-01  7.48817228e-01]","[ -2.04792757   0.11098098 -13.10307619 -24.83415095  -0.85305475
  -0.8201905 ]","[ 1.85852618e-02  1.37272960e-02 -1.14296069e+02  4.12422237e+00
 -1.33642869e+00  2.72444805e-01]","[-2.01265157e-01  2.61391105e-03 -6.02919432e+02 -1.19346674e+02
 -1.26958682e+00 -2.02127343e-01]","[-1.07425385e-01  1.18039484e-02  1.33777329e+02  1.63710811e+01
 -1.28149521e+00  1.27567846e-01]","[-7.01084616e-02  3.85740872e-04 -3.37193946e+03 -2.34401488e+02
 -1.82423089e-02  1.32419453e+00]",010,LW
64,0,0.8062725784237609,0,[-0.24217069  0.3384388  -4.66990734  0.86908533 -1.32579159  0.06467445],"[ 2.89414658e-01  3.94766919e-02  4.00410807e+01 -9.58847568e+00
 -1.33162779e+00  4.74625057e-02]","[ 2.96186834e-01  2.61494058e-02  5.93165704e+01 -1.55687872e+01
 -1.19724421e+00  4.57106507e-01]","[ -2.13093461   0.17285306  -8.94198662 -17.0547888   -1.17948859
  -0.49093681]","[ 1.17818050e-02  1.01485642e-02 -1.48147880e+02  3.74544942e+00
 -1.09524191e+00  6.40457501e-01]","[-2.03039393e-01  2.98986784e-03 -5.27242032e+02 -1.05050902e+02
 -1.27009234e+00 -1.94260961e-01]","[-9.95692982e-02  1.29258908e-02  1.22130984e+02  1.41604963e+01
 -1.27992979e+00  1.40877801e-01]","[-7.03770980e-02  2.41261579e-04 -5.72305074e+03 -4.00771703e+02
 -2.31566071e-01 -9.81861053e-01]",010,LW
65,0,0.7624481995544063,0,[-0.44385341  0.31408445 -5.02282682 -0.22939881 -1.31311194  0.16089681],"[ 3.13681969e-01  3.93035749e-02  4.02126847e+01 -1.06139941e+01
 -1.33439195e+00 -5.81789726e-02]","[ 3.14274622e-01  3.32812540e-02  4.71963406e+01 -1.28326121e+01
 -1.28588834e+00  2.74423299e-01]","[ -2.25099202   0.22358627  -7.01994648 -13.80184351  -1.28313533
  -0.28855149]","[ 8.13381775e-03  5.55034190e-03 -1.74125214e+02  3.41630276e+00
 -7.33667747e-01  7.17518037e-01]","[-2.05066183e-01  3.40611992e-03 -4.62862339e+02 -9.29174130e+01
 -1.27051772e+00 -1.90620086e-01]","[-9.09337333e-02  1.42701801e-02  1.10599533e+02  1.20572284e+01
 -1.27796459e+00  1.51132615e-01]","[-7.07105124e-02  6.38559545e-04 -2.10252421e+03 -1.46670564e+02
 -2.57062673e-01 -1.19007360e+00]",010,LW
66,0,0.5218582886121605,0,[-0.62394445  0.27114868 -5.79059572 -1.61301008 -1.27951559  0.2837002 ],"[ 3.36858321e-01  3.62650445e-02  4.34669320e+01 -1.26421977e+01
 -1.31888723e+00 -1.84034938e-01]","[ 3.36225052e-01  3.82101461e-02  4.13031398e+01 -1.18871503e+01
 -1.32009406e+00  1.44734145e-01]","[ -2.39880002   0.25861038  -6.10147817 -12.63622595  -1.3192448
  -0.15190624]","[ 8.83470861e-03  6.96773234e-03  1.50224826e+02  6.72807433e-01
 -4.10408467e-01  9.86178167e-01]","[-2.07371617e-01  3.86961259e-03 -4.07464787e+02 -8.24966319e+01
 -1.27218036e+00 -1.87080377e-01]","[-8.13724814e-02  1.58503202e-02  9.95539557e+01  1.01009524e+01
 -1.27670246e+00  1.59127235e-01]","[-7.13549734e-02  1.36374245e-03 -1.06671613e+03 -7.41155012e+01
 -7.04877474e-01 -9.06125163e-01]",010,LW
67,0,0.5218582886121605,0,[-0.7708852   0.21150113 -7.32736592 -3.64855794 -1.19192473  0.46604788],"[ 3.57065076e-01  3.02925169e-02  5.15775522e+01 -1.64165426e+01
 -1.26218148e+00 -3.60163947e-01]","[ 3.60512110e-01  4.05934793e-02  3.89419809e+01 -1.20390557e+01
 -1.33187758e+00  3.87376123e-02]","[ -2.56369256   0.27626142  -5.72180955 -12.66896059  -1.32989962
  -0.04669493]","[ 1.46571863e-02  1.45735454e-02  1.00583867e+02  5.25723514e-01
 -8.48763729e-01  8.18504925e-01]","[-2.09982535e-01  4.37827747e-03 -3.60199327e+02 -7.36355679e+01
 -1.27597757e+00 -1.79975643e-01]","[-7.07420796e-02  1.76673212e-02  8.93067837e+01  8.31774760e+00
 -1.27760697e+00  1.62717158e-01]","[-7.25063794e-02  2.33361924e-03 -6.50245270e+02 -4.51469303e+01
 -9.94960680e-01 -6.67518616e-01]",010,LW
68,0,0.5218582886121605,0,"[ -0.87412457   0.13905512 -10.59019185  -7.25714689  -0.91275255
   0.7751932 ]","[ 3.72375727e-01  2.16127594e-02  6.98262710e+01 -2.40016084e+01
 -1.06060617e+00 -6.51694894e-01]","[  0.38545709   0.04028067  39.23663594 -13.12403964  -1.33082311
  -0.06192849]","[ -2.73455198   0.27649135  -5.7171622  -13.63387724  -1.32801081
   0.04564353]","[ 2.58046362e-02  2.28119718e-02  6.75989492e+01  2.55633708e-01
 -1.15109090e+00  5.18789190e-01]","[-2.12919526e-01  4.91654397e-03 -3.20882909e+02 -6.63222367e+01
 -1.28234367e+00 -1.66413252e-01]","[-5.89183715e-02  1.96786857e-02  8.01863617e+01  6.72444984e+00
 -1.28154655e+00  1.58756606e-01]","[-7.42847195e-02  3.41997742e-03 -4.53006890e+02 -3.16514897e+01
 -1.15905373e+00 -4.81366601e-01]",010,LW
69,0,0.5083071314016601,0,"[ -0.92461183   0.06930149 -12.66825507  -9.71321856  -0.74672645
   0.7287307 ]","[ 3.80915325e-01  1.16759262e-02  9.71851236e+01 -3.50193029e+01
 -5.57371037e-01 -8.82135543e-01]","[ 4.09316618e-01  3.72461660e-02  4.23366780e+01 -1.53291058e+01
 -1.31574902e+00 -1.74772035e-01]","[ -2.90052037   0.26022557  -6.06583142 -15.5940676   -1.31605384
   0.13894493]","[ 4.18415162e-02  2.99994197e-02  5.22377092e+01 -1.85704957e-01
 -1.27161001e+00  3.17411205e-01]","[-2.16187776e-01  5.45223775e-03 -2.89511452e+02 -6.05888369e+01
 -1.29102209e+00 -1.44456086e-01]","[-4.58254919e-02  2.17786189e-02  7.24778415e+01  5.32133274e+00
 -1.28823366e+00  1.45270370e-01]","[-7.67183852e-02  4.47028634e-03 -3.50344712e+02 -2.48778806e+01
 -1.25091233e+00 -3.33064277e-01]",010,LW
70,0,0.2581794466964267,0,[-0.91527239  0.08821424 12.67658216 13.60252561 -0.40206271  1.00473976],"[ 3.80967913e-01  1.15694951e-02 -7.67554902e+01  3.12413789e+01
 -5.70422446e-01 -8.71672404e-01]","[ 4.30350307e-01  3.15720452e-02  4.96094213e+01 -1.93494297e+01
 -1.27065516e+00 -3.25209050e-01]","[ -3.05149892   0.22902186  -6.86743751 -18.95597811  -1.28872775
   0.24821701]","[ 6.17200409e-02  3.50909190e-02  4.49481618e+01 -7.74202384e-01
 -1.32396760e+00  1.64083266e-01]","[-2.19767841e-01  5.93751063e-03 -2.66018060e+02 -5.64622146e+01
 -1.30072089e+00 -1.13482117e-01]","[-3.14689626e-02  2.38018214e-02  6.63491461e+01  4.08793880e+00
 -1.29628725e+00  1.22389401e-01]","[-7.97411059e-02  5.33624094e-03 -2.95194296e+02 -2.15391196e+01
 -1.30197519e+00 -2.08562311e-01]",010,LW
71,0,0.2776769275494009,0,[-0.8414815   0.1805574   8.18437784  8.88700251 -0.8776358   0.79189782],"[ 3.71094768e-01  2.57623559e-02 -5.59088459e+01  2.27474802e+01
 -7.37219710e-01 -8.94158264e-01]","[ 4.46886662e-01  2.35199622e-02  6.51447601e+01 -2.71123244e+01
 -1.13174076e+00 -5.62537690e-01]","[ -3.17852514   0.18505696  -8.42566177 -24.78117781  -1.22630709
   0.39663313]","[ 8.38958388e-02  3.73812689e-02  4.22872304e+01 -1.54772266e+00
 -1.34259610e+00  3.07233714e-02]","[-2.23609378e-01  6.31592646e-03 -2.50225570e+02 -5.39527842e+01
 -1.30932998e+00 -7.44618357e-02]","[-1.59605718e-02  2.55512477e-02  6.18383973e+01  2.98697618e+00
 -1.30385525e+00  9.20033049e-02]","[-8.32012101e-02  5.89409141e-03 -2.68019828e+02 -2.02995740e+01
 -1.32818175e+00 -9.68785726e-02]",010,LW
72,0,0.4131298816725624,0,[-0.70147596  0.28264101  5.45386208  5.82575314 -1.12758004  0.53034279],"[  0.35025388   0.04325214 -35.3149268   14.36919027  -1.05540886
  -0.61184993]","[ 4.57407256e-01  1.39195093e-02  9.78301055e+01 -4.27482001e+01
 -6.61812780e-01 -9.25460530e-01]","[ -3.27412125   0.13148766 -11.55963835 -35.84765756  -1.06120442
   0.63013851]","[ 1.06508768e-01  3.65305727e-02  4.32378578e+01 -2.60521097e+00
 -1.33698885e+00 -1.00902361e-01]","[-2.27630427e-01  6.53483373e-03 -2.41933245e+02 -5.30713679e+01
 -1.31477898e+00 -2.96499846e-02]","[ 4.75163426e-04  2.68393373e-02  5.88952038e+01  1.97201515e+00
 -1.30937984e+00  5.68483815e-02]","[-8.68805210e-02  6.05754384e-03 -2.60985705e+02 -2.06745740e+01
 -1.33660629e+00  1.16553670e-02]",010,LW
73,0,0.4131298816725624,0,[-0.49659566  0.38206793  4.0895525   4.03085404 -1.22434319  0.37266606],"[  0.31790062   0.06156621 -25.25653883  10.02906929  -1.1816278
  -0.44017715]","[ 4.60658341e-01  8.00027665e-03 -1.56202554e+01  9.19560097e+00
 -1.67803892e+00 -2.72464387e-01]","[ -3.33265647   0.07423854 -18.00854446 -58.01629216  -0.57416531
   0.97586357]","[ 1.27596577e-01  3.25775811e-02  4.82643341e+01 -4.15836384e+00
 -1.30239482e+00 -2.49850315e-01]","[-2.31723370e-01  6.55855645e-03 -2.41068368e+02 -5.38611747e+01
 -1.31582171e+00  1.82494959e-02]","[ 1.75170123e-02  2.75279980e-02  5.74349283e+01  9.93911656e-01
 -1.31200999e+00  1.96872213e-02]","[-9.05186787e-02  5.78340137e-03 -2.72976586e+02 -2.27094799e+01
 -1.32780255e+00  1.28271089e-01]",010,LW
74,0,0.4131298816725624,0,[-0.23129081  0.47267568  3.32524317  2.76909819 -1.26947392  0.26683725],"[  0.27405399   0.07950992 -19.70936649   7.40143053  -1.24185951
  -0.32631781]","[ 4.55784310e-01  1.65826987e-02 -8.23431073e+01  3.95306964e+01
 -5.89577877e-01 -9.79371557e-01]",[-3.35071751  0.04084208  4.2836911  16.35343876 -1.66435421  0.2748017 ],"[ 1.45305097e-01  2.59202935e-02  5.98741188e+01 -6.70001467e+00
 -1.20897881e+00 -4.47866573e-01]","[-2.35766171e-01  6.37595895e-03 -2.47888479e+02 -5.64437177e+01
 -1.31236480e+00  6.72021260e-02]","[ 3.47806748e-02  2.75517186e-02  5.73859229e+01  4.07887354e-03
 -1.31173321e+00 -1.73458899e-02]","[-9.38383433e-02  5.07116895e-03 -3.09760166e+02 -2.70673808e+01
 -1.29258894e+00  2.71125393e-01]",010,LW
75,0,0.4131298816725624,0,[ 0.08707697  0.54976062  2.86766063  1.7502928  -1.2934344   0.18773553],"[  0.21932489   0.09607461 -16.37763951   5.59202403  -1.27497774
  -0.24229001]","[ 4.42462961e-01  2.92512600e-02 -5.19346504e+01  2.49791592e+01
 -1.04606968e+00 -6.39585838e-01]",[-3.327437    0.08107177 17.11363444 58.9445404  -0.67248808  0.9306709 ],"[ 1.58064246e-01  1.73359928e-02  8.54331746e+01 -1.15039303e+01
 -9.36177413e-01 -7.56240524e-01]","[-2.39634587e-01  5.99781351e-03 -2.63319467e+02 -6.11004515e+01
 -1.30519747e+00  1.17360164e-01]","[ 5.18558593e-02  2.69114921e-02  5.87390052e+01 -1.04596159e+00
 -1.30934825e+00 -5.36523793e-02]","[-9.65678742e-02  3.96140220e-03 -3.90614853e+02 -3.57208460e+01
 -1.19178409e+00  4.77699449e-01]",010,LW
76,0,0.4131298816725624,0,[ 0.44853824  0.60938637  2.59139052  0.83766226 -1.30727973  0.12259508],"[  0.15491398   0.11032405 -14.29593749   4.2146405   -1.29511858
  -0.17417556]","[  0.42101154   0.04148533 -37.54039098  17.80493776  -1.21523126
  -0.41323087]",[-3.26469797  0.13694539 11.17421126 38.48042478 -1.10887336  0.57956012],"[ 1.64715530e-01  8.70169220e-03  1.15895121e+02 -1.70897264e+01
 -5.53980861e-01 -8.68376774e-01]","[-2.43210465e-01  5.44503468e-03 -2.89666337e+02 -6.84498846e+01
 -1.29462064e+00  1.73051892e-01]","[ 6.83313685e-02  2.56404327e-02  6.16235906e+01 -2.21082428e+00
 -1.30582074e+00 -9.13297882e-02]","[-9.84601663e-02  2.55465944e-03 -5.68127589e+02 -5.39379369e+01
 -8.59762566e-01  8.15948183e-01]",010,LW
77,0,0.3725732556470378,0,[ 0.84081897  0.64810989  2.43873877 -0.05053782 -1.31545938  0.06369235],"[  0.08259391   0.12136525 -13.01384082   3.07486405  -1.30813982
  -0.11390591]","[  0.39243223   0.05174515 -30.37947057  13.92188351  -1.28741574
  -0.25908045]",[-3.16713349  0.18633852  8.39221028 28.57925022 -1.25465557  0.35226924],"[ 1.64590017e-01  8.95658414e-03 -1.14119051e+02  2.07828565e+01
 -5.14036154e-01 -9.01361984e-01]","[-2.46383775e-01  4.73469900e-03 -3.32277667e+02 -7.98678259e+01
 -1.27737183e+00  2.45124940e-01]","[ 8.38019463e-02  2.37605018e-02  6.64441271e+01 -3.56814718e+00
 -1.30084824e+00 -1.35820842e-01]","[-9.93080940e-02  1.27420195e-03 -5.03067946e+02 -4.79587189e+01
 -1.12542292e+00  5.14883939e-01]",010,LW
78,0,0.3396898584802607,0,[ 1.24962495  0.66291308  2.38505213 -0.98042065 -1.3194942   0.00542257],"[ 4.68251896e-03  1.28351111e-01 -1.23153384e+01  2.05766681e+00
 -1.31642014e+00 -5.60068706e-02]","[  0.35837637   0.05893532 -26.78284256  11.59833796  -1.320953
  -0.1381068 ]",[-3.0418618   0.22336084  7.05421393 23.4579439  -1.3102281   0.19919885],"[ 1.57537619e-01  1.81354877e-02 -8.14398735e+01  1.48298438e+01
 -9.06357354e-01 -7.76616123e-01]","[-2.49049445e-01  3.87315570e-03 -4.03815117e+02 -9.85699309e+01
 -1.23958431e+00  3.54977768e-01]","[ 9.78607515e-02  2.12584368e-02  7.41407039e+01 -5.25546499e+00
 -1.29116106e+00 -1.95914868e-01]","[-9.89575015e-02  1.96905614e-03  6.18283889e+02  6.31838289e+01
 -4.08263784e-01  1.03607177e+00]",010,LW
79,0,0.1944755675917251,0,[ 1.81578279  0.92862211  1.64852741 -0.9933677  -0.78275179  0.62332456],[-0.12183671  0.21528942 -6.92455981  1.15633445 -0.55163157 -0.85211178],"[  0.30439346   0.09246922 -16.37935837   6.98576963  -0.69753327
  -0.73251248]",[-2.79748283  0.43558536  3.36289457 11.40763984 -0.43357736  0.96889333],"[  0.11126543   0.09679915 -13.28493524   3.47815398   0.10729598
  -1.39776582]","[-2.47563022e-01  6.79939919e-03  9.61995913e+01  2.58154615e+01
 -3.44785850e-01  1.06789814e+00]","[ 1.02980701e-01  1.47616536e-02  4.88857815e+01 -3.03429204e+00
 -1.25168942e+00  2.07327034e-01]","[-8.88568582e-02  2.23411774e-02  5.39200445e+01  6.79116575e+00
  2.11392116e-01  1.47230610e+00]",010,LW
80,0,0.2995278699872573,0,[ 2.27158862  0.87730045  1.71494805 -1.89565648 -1.62534601  0.08640822],[-0.23047447  0.21955503 -6.83520635  0.42465941 -1.70985488 -0.19355157],"[  0.25947755   0.08990804 -16.68258156   6.32875538  -1.64981075
  -0.12284823]",[-2.57561731  0.46311595  3.23492952 10.33194047 -1.73759401  0.23260223],"[  0.06230074   0.11802677 -12.27879283   2.76497785  -1.80512723
  -0.37937129]","[-2.44171699e-01  1.04624901e-02  1.25795841e+02  3.27157843e+01
 -1.53002295e+00  4.96061445e-01]","[ 1.00749267e-01  1.84946804e-02 -5.01827997e+01  7.05588027e+00
 -9.59398007e-01 -3.10472501e-01]","[-7.71288778e-02  2.90478939e-02  4.93097535e+01  5.80320595e+00
 -1.77860352e+00  4.21287654e-01]",010,LW
81,0,0.2865723555481337,0,[ 2.60175709  0.68540124  1.84298184 -2.79499105 -1.51070927 -0.44543926],[-0.31754725  0.18503692 -7.28098697 -0.31205736 -1.6571553   0.4659706 ],"[  0.22593939   0.07151099 -17.71286565   6.00203414  -1.535148
   0.43830742]",[-2.38590576  0.40491768  3.41959818 10.15883897 -1.69816295 -0.46724798],"[  0.01361134   0.11551542 -12.36712214   2.16833309  -1.80108925
   0.40916923]","[-2.38873566e-01  1.33113131e-02  1.13785108e+02  2.91802544e+01
 -1.62278467e+00 -6.40378334e-02]","[ 9.08191450e-02  2.93617880e-02 -5.02847774e+01  6.56682049e+00
 -1.27176592e+00 -3.31539926e-01]","[-6.41701166e-02  3.05372630e-02  4.82890240e+01  5.09871230e+00
 -1.78589340e+00 -3.37905353e-01]",010,LW
82,0,0.2744590837121076,0,[ 2.79739455  0.45594982  0.94509251 -0.64379665 -0.78926434 -0.71537977],[-0.38050283  0.12676566 -6.53348711 -0.48601036 -0.02640967  1.30276512],[ 0.20522578  0.04786013 -9.79279356  4.00973373 -0.70781728  0.7739355 ],[-2.23495572  0.28533179  3.52833039  9.88566219  0.2005058  -1.46431262],"[ -0.03181256   0.09040349 -13.22742129   1.57920185   0.21336951
   1.4739192 ]","[-2.31744799e-01  1.41625115e-02  1.08696239e+02  2.71897880e+01
 -8.31397669e-01 -5.55540416e-01]","[ 7.31455059e-02  3.83788890e-02 -4.11638921e+01  5.01095372e+00
 -1.21043038e+00  6.46243603e-03]","[-5.04355862e-02  2.62751829e-02  5.24572567e+01  4.64571249e+00
 -1.01427228e-01 -1.23567721e+00]",010,LW
83,0,0.2460125790338853,0,[ 2.85660614  0.34662194 -4.53159057 14.94496945 -1.28659031 -0.27422085],[-0.41808026  0.04923506 31.58883685 15.20666926 -1.2257109   0.42217715],"[ 1.97807907e-01  3.40886616e-02  4.61591872e+01 -7.13065222e+00
 -1.30874212e+00  2.32123520e-01]","[-2.12596745e+00  4.90950987e-02 -3.11932207e+01 -6.43157718e+01
 -1.16656860e+00 -5.47489679e-01]","[-7.11641193e-02  7.91510230e-03 -8.07304150e+01 -3.74510888e+00
 -1.08418100e+00  5.50625838e-01]","[-2.22946351e-01  1.06870974e-02  1.47916130e+02  3.49773615e+01
 -1.31987380e+00  4.66715562e-02]","[ 4.80248154e-02  3.88774881e-02 -4.06220755e+01  3.95086768e+00
 -1.31414597e+00 -1.16944678e-01]","[-3.64090133e-02  9.34712258e-03  1.68483800e+02  8.13432891e+00
 -1.28220687e+00 -2.19868960e-01]",010,LW
84,0,0.2177152417983692,0,[ 2.62793266  0.39811405 -3.9641986  12.41764699 -1.31921311 -0.14491674],[-0.38456155  0.06121392 25.7023107  11.88412049 -1.3018713   0.23670109],"[ 2.19777787e-01  3.78589465e-02  4.17304147e+01 -7.17141819e+00
 -1.33710571e+00  8.73063510e-02]","[ -2.15910345   0.06385946 -24.60757009 -51.13028938  -1.32489122
  -0.25194105]","[-6.93688208e-02  1.14632261e-02  1.07236221e+02  9.43885019e+00
 -4.64972816e-01  9.98281992e-01]","[-2.16263064e-01  1.07858769e-02  1.46583281e+02  3.37005494e+01
 -1.32130278e+00 -1.87095910e-02]","[ 2.32077387e-02  4.09911468e-02 -3.85650123e+01  2.89500673e+00
 -1.32183190e+00 -4.30985307e-02]","[-3.10314300e-02  7.88105400e-03  1.99188300e+02  8.18109779e+00
 -1.25348732e+00 -2.94288575e-01]",010,LW
85,0,0.1718568307844203,0,[ 2.37425254  0.42390434 -3.72904284 10.85368944 -1.32904204 -0.04392935],[-0.34468818  0.06867993 22.9961114   9.92648781 -1.32582282  0.11020572],"[ 2.43163117e-01  3.84704536e-02  4.10886257e+01 -7.99123831e+00
 -1.34025406e+00 -3.89290506e-02]","[-2.19939283e+00  7.04261577e-02 -2.24389957e+01 -4.73521662e+01
 -1.36054747e+00 -4.66092121e-02]","[-6.02622927e-02  2.15886219e-02  6.96599875e+01  6.19787056e+00
 -1.00299823e+00  6.91908478e-01]","[-2.09661693e-01  1.04239265e-02  1.51588353e+02  3.37822709e+01
 -1.31615284e+00 -8.48654843e-02]","[-2.37100731e-03  4.12500739e-02 -3.83270152e+01  1.90912637e+00
 -1.32129866e+00  2.50598350e-02]","[-2.66056263e-02  6.29241802e-03  2.48216468e+02  8.60395460e+00
 -1.20913821e+00 -3.81977973e-01]",010,LW
86,0,0.1718568307844203,0,[ 2.11178733  0.42421063 -3.72640981  9.869385   -1.32622653  0.04386175],"[-3.01377266e-01  7.15930235e-02  2.20831432e+01  8.65535732e+00
 -1.32908710e+00  1.26321874e-02]","[ 2.65958384e-01  3.59499347e-02  4.38686641e+01 -9.66723901e+00
 -1.32196119e+00 -1.68794597e-01]","[ -2.24133455   0.06853122 -23.02868106 -49.61497839  -1.34620798
   0.13409603]","[-4.44061895e-02  3.13432268e-02  4.96214969e+01  4.20350159e+00
 -1.21304073e+00  4.27110774e-01]","[-2.03419139e-01  9.63241616e-03  1.63820451e+02  3.53242152e+01
 -1.30377353e+00 -1.54496360e-01]","[-2.75946960e-02  3.97445804e-02 -3.97554285e+01  9.02961036e-01
 -1.31386713e+00  8.91156192e-02]","[-2.31717645e-02  4.69916629e-03  3.29590062e+02  9.63718331e+00
 -1.13835791e+00 -4.90691835e-01]",010,LW
87,0,0.2307750924265955,0,[ 1.85587619  0.40126071 -3.93497514  9.30282668 -1.31377279  0.12702518],[-0.25738923  0.07033803 22.46896577  7.78326988 -1.32140066 -0.06971625],"[ 2.86272456e-01  3.05985880e-02  5.11926319e+01 -1.26550405e+01
 -1.27005945e+00 -3.24203199e-01]","[ -2.27978866   0.05900449 -26.52765553 -58.47744821  -1.28007476
   0.33100698]","[-2.28347749e-02  3.93009940e-02  3.99972629e+01  2.91332849e+00
 -1.28937033e+00  2.59161700e-01]","[-1.97783824e-01  8.47690823e-03  1.85688350e+02  3.87261518e+01
 -1.28212791e+00 -2.31987519e-01]","[-5.14561669e-02  3.67455646e-02 -4.29496036e+01 -2.10021975e-01
 -1.30057808e+00  1.49906434e-01]","[-2.06970344e-02  3.21620867e-03  4.74328827e+02  1.18172001e+01
 -1.01883741e+00 -6.33002708e-01]",010,LW
88,0,0.2307750924265955,0,[ 1.6199764   0.35889401 -4.38888966  9.10989767 -1.29130019  0.21275758],[-0.21513624  0.06560716 24.0580953   7.17576815 -1.30621593 -0.14424922],"[ 3.02479712e-01  2.30192154e-02  6.67939132e+01 -1.82038036e+01
 -1.13925243e+00 -5.41502645e-01]","[-2.31048208e+00  4.37239078e-02 -3.49336100e+01 -7.87134797e+01
 -1.10639875e+00  5.89705814e-01]","[ 3.02477833e-03  4.47789769e-02  3.52511478e+01  1.89337309e+00
 -1.32019930e+00  1.36933689e-01]","[-1.92958603e-01  7.04587612e-03  2.22409228e+02  4.49157738e+01
 -1.24549004e+00 -3.25592103e-01]","[-7.31466651e-02  3.26466918e-02 -4.82597597e+01 -1.53004048e+00
 -1.28235523e+00  2.08395547e-01]","[-1.90788863e-02  1.94802052e-03  7.59669260e+02  1.64936435e+01
 -8.04827384e-01 -8.27647459e-01]",010,LW
89,0,0.2307750924265955,0,[ 1.41488172  0.30199398 -5.19333969  9.34796137 -1.25417319  0.3101294 ],[-0.17653401  0.05828952 27.02147397  6.77020913 -1.28415141 -0.21570419],"[ 3.13358872e-01  1.42035489e-02  1.00682443e+02 -2.95497366e+01
 -7.65946109e-01 -8.78362916e-01]","[-2.33051329e+00  2.57721832e-02 -5.36650384e+01 -1.23067085e+02
 -6.41335384e-01  9.52791267e-01]","[ 3.14646407e-02  4.73984336e-02  3.33520428e+01  9.50589960e-01
 -1.33083339e+00  3.53745377e-02]","[-1.89090161e-01  5.43929795e-03  2.85567738e+02  5.59980497e+01
 -1.17773426e+00 -4.51784676e-01]","[-9.21068206e-02  2.78865558e-02 -5.63701717e+01 -3.19207729e+00
 -1.25949136e+00  2.66396186e-01]","[-1.81518862e-02  9.81086164e-04  1.40788945e+03  2.75558491e+01
 -4.23726870e-01 -1.09025081e+00]",010,LW
90,0,0.2307750924265955,0,[ 1.24822397  0.23595411 -6.59281612 10.22931108 -1.18880991  0.43371921],[-0.14290226  0.04937491 31.80668883  6.54524771 -1.25423193 -0.28663692],"[ 3.18193298e-01  6.71797841e-03  9.11658669e+01 -2.70083678e+01
 -1.09610606e+00 -5.53137702e-01]","[-2.33873659e+00  1.19688405e-02 -2.77080244e+01 -6.28017706e+01
 -1.45895105e+00  3.75436544e-01]",[ 0.06062081  0.04701115 33.62010491 -0.03807808 -1.32901056 -0.06051332],"[-1.86264481e-01  3.76399327e-03  4.03775497e+02  7.72090333e+01
 -1.02903243e+00 -6.45522890e-01]","[-1.08037089e-01  2.28775386e-02 -6.85080220e+01 -5.40140726e+00
 -1.23091836e+00  3.26883145e-01]","[-1.76971745e-02  3.67781834e-04  3.29338983e+03  6.02836945e+01
  7.80404607e-02 -1.38123961e+00]",010,LW
91,0,0.2262310791288698,0,[ 1.12427849  0.16637119 -9.18077534 12.32174823 -1.05689154  0.61142212],[-0.11491906  0.03988095 39.23311364  6.50863243 -1.2157473  -0.35622081],"[ 3.16814449e-01  9.42802392e-03 -1.32218336e+02  4.38886792e+01
 -5.15592925e-01 -9.68052037e-01]","[-2.33591084e+00  1.72168193e-02  7.80397909e+01  1.84293993e+02
 -7.56903990e-01  8.46214248e-01]",[ 0.08859454  0.04366229 36.12817466 -1.20075889 -1.31431464 -0.16383089],"[-1.84506855e-01  2.15080031e-03  6.49851390e+02  1.21902036e+02
 -6.34311179e-01 -9.59079113e-01]","[-1.20873942e-01  1.79623368e-02 -8.68975353e+01 -8.50364765e+00
 -1.19354406e+00  3.94122561e-01]","[-1.74544269e-02  1.93276796e-04  6.52667667e+03  1.15919401e+02
 -2.25472932e-01  1.03161468e+00]",010,LW
92,0,0.2262310791288698,0,"[  1.04402054   0.09923682 -14.5238285   17.16317521  -0.73664508
   0.89448708]","[-9.26270946e-02  3.07884449e-02  5.06235156e+01  6.68910916e+00
 -1.17162229e+00 -4.17342494e-01]","[ 3.09581596e-01  1.71720070e-02 -8.81465875e+01  2.92885612e+01
 -1.05968384e+00 -6.44686750e-01]","[-2.32455660e+00  2.66408987e-02  5.82377818e+01  1.37377020e+02
 -1.31637359e+00  3.98072252e-01]","[ 1.13565337e-01  3.75758045e-02  4.17679905e+01 -2.74339590e+00
 -1.27707217e+00 -2.91602912e-01]","[-1.83785170e-01  9.64580273e-04  4.79172926e+02  9.00648776e+01
 -1.29449534e+00 -4.69139548e-01]","[-1.30744099e-01  1.33988449e-02 -1.15787068e+02 -1.31384758e+01
 -1.14106604e+00  4.74574096e-01]","[-1.71374061e-02  6.23650587e-04  2.05255979e+03  3.71755507e+01
 -1.04617695e-01  1.27609150e+00]",010,LW
93,0,0.2262310791288698,0,"[  1.00533215   0.04445258 -20.89796287  23.00939385  -0.49210701
   0.92559512]","[-7.54827092e-02  2.29732278e-02  6.77074674e+01  7.11074308e+00
 -1.13440348e+00 -4.49234259e-01]","[ 2.97304293e-01  2.40719599e-02 -6.48573836e+01  2.12823786e+01
 -1.25124387e+00 -3.73139124e-01]","[-2.30855134e+00  3.02658114e-02  5.21579891e+01  1.22409396e+02
 -1.43027393e+00  1.88092597e-03]","[ 1.33896494e-01  2.91731366e-02  5.30867023e+01 -5.10812332e+00
 -1.18414393e+00 -4.74556704e-01]","[-1.84015879e-01  1.40837622e-03 -9.25879280e+02 -1.68376489e+02
 -5.96872821e-01 -9.38327924e-01]","[-1.37909904e-01  9.36089123e-03 -1.64043822e+02 -2.06232679e+01
 -1.05952009e+00  5.80331680e-01]","[-1.64543938e-02  1.47241837e-03  9.68949285e+02  1.79434731e+01
 -5.79409919e-01  9.90241790e-01]",010,LW
94,0,1.0214118312791842,0,"[  1.00328683   0.04031386  27.36141547 -25.45134782  -0.63034888
   0.81225871]","[-6.24409503e-02  1.71577768e-02  9.09900821e+01  7.68150719e+00
 -1.13202800e+00 -4.01246141e-01]","[ 2.81128725e-01  2.90944711e-02 -5.41487673e+01  1.72227739e+01
 -1.31273767e+00 -2.01759163e-01]","[-2.29256888e+00  2.66528054e-02  5.82007666e+01  1.35429266e+02
 -1.31844152e+00 -3.97838878e-01]","[ 1.48234954e-01  1.91805711e-02  7.70101465e+01 -9.41559551e+00
 -9.12631340e-01 -7.72797570e-01]","[-1.85072094e-01  2.45100142e-03 -6.22791490e+02 -1.13261325e+02
 -1.11673193e+00 -5.86157778e-01]","[-1.42717198e-01  5.94818545e-03 -2.52695060e+02 -3.40639309e+01
 -9.10596544e-01  7.37692223e-01]","[-1.51335730e-02  2.71517235e-03  5.52177245e+02  1.03564147e+01
 -8.91763741e-01  7.54651289e-01]",010,LW
95,0,1.0214118312791842,0,"[  1.03050701   0.07154139  21.22423488 -19.87172285  -1.1479595
   0.5876705 ]","[-5.20741443e-02  1.39228522e-02  1.13168334e+02  7.89314416e+00
 -1.17615563e+00 -1.92164571e-01]","[ 2.62414567e-01  3.18964548e-02 -4.95410260e+01  1.50002869e+01
 -1.33239838e+00 -7.63146450e-02]","[-2.28150734e+00  1.70701246e-02  7.68918921e+01  1.77429417e+02
 -7.45216844e-01 -8.28464514e-01]","[ 1.55604489e-01  9.50532990e-03  1.05158042e+02 -1.43630634e+01
 -5.50047848e-01 -8.71912774e-01]","[-1.86792392e-01  3.31879704e-03 -4.71803213e+02 -8.61292506e+01
 -1.27426261e+00 -3.27955963e-01]","[-1.45555216e-01  3.21672716e-03 -4.37811710e+02 -6.17257782e+01
 -5.78797773e-01  9.94194191e-01]","[-1.29513304e-02  4.26477798e-03  3.60063986e+02  6.66330764e+00
 -1.07309889e+00  5.75810641e-01]",010,LW
96,0,1.0214118312791842,0,"[  1.077632     0.09332036  16.84810825 -16.15606055  -1.35866362
   0.22578101]","[-4.27193106e-02  1.36842043e-02  1.15269491e+02  6.92423321e+00
 -1.18318404e+00  1.44500221e-01]","[ 2.42620788e-01  3.23883184e-02 -4.88091546e+01  1.38421155e+01
 -1.33374632e+00  3.10640937e-02]","[-2.28002497e+00  1.42145874e-02 -3.82414470e+01 -8.51914542e+01
 -1.08227785e+00 -5.94928674e-01]","[ 1.55483614e-01  9.75086646e-03 -1.05770719e+02  1.84456136e+01
 -5.14818498e-01 -9.00979192e-01]","[-1.88988289e-01  3.89876544e-03 -4.04580062e+02 -7.44608936e+01
 -1.32490134e+00 -1.61810697e-01]","[-1.46834935e-01  1.30354255e-03 -6.77528680e+02 -9.74848795e+01
 -4.34076200e-01  9.78395587e-01]","[-9.75950800e-03  5.98171773e-03  2.60050466e+02  4.53796460e+00
 -1.18039442e+00  4.36804071e-01]",010,LW
97,0,1.0214118312791842,0,"[  1.13394785   0.0987269   15.99913615 -16.142186    -1.38983053
  -0.05098571]","[-3.26469100e-02  1.64355908e-02  9.51355849e+01  5.10588288e+00
 -1.14172326e+00  3.76202076e-01]","[ 2.23208428e-01  3.06337613e-02 -5.15254385e+01  1.35009121e+01
 -1.32130410e+00  1.38921823e-01]","[-2.29223729e+00  3.41976805e-02 -4.04756459e+01 -9.07797847e+01
 -5.55441477e-01 -1.00768417e+00]","[ 1.47855817e-01  1.95968238e-02 -7.55076312e+01  1.31642425e+01
 -9.19576046e-01 -7.66792579e-01]","[-1.91449061e-01  4.14601981e-03 -3.81275685e+02 -7.09948719e+01
 -1.34274163e+00 -2.73406326e-02]","[-1.46986410e-01  9.99791849e-04  1.15863686e+03  1.72303872e+02
 -8.24401537e-01  6.56224418e-01]","[-5.50691387e-03  7.69563218e-03  2.03655325e+02  3.12151233e+00
 -1.24596098e+00  3.23643610e-01]",010,LW
98,0,1.0214118312791842,0,"[  1.18821787   0.08699104  17.95361211 -19.33280275  -1.31193119
  -0.34317294]","[-2.02425490e-02  2.16892493e-02  7.17915060e+01  3.45324308e+00
 -1.14365853e+00  4.35030735e-01]","[ 2.05563592e-01  2.68096644e-02 -5.86123954e+01  1.40485745e+01
 -1.28806894e+00  2.66355491e-01]","[ -2.32156371   0.06277662 -24.0012948  -53.72053503  -0.95092816
  -0.71200031]","[ 1.33223920e-01  2.96876154e-02 -5.21832651e+01  8.95205915e+00
 -1.18673312e+00 -4.71103999e-01]","[-1.93944739e-01  4.02805817e-03 -3.92027876e+02 -7.40317441e+01
 -1.34007598e+00  1.11905116e-01]","[-1.46468532e-01  1.47603790e-03  1.05410049e+03  1.56392551e+02
 -1.48095778e+00  2.67736678e-01]","[-2.51098889e-04  9.22685748e-03  1.70624766e+02  2.04284369e+00
 -1.28666139e+00  2.26857402e-01]",010,LW
99,0,1.0214118312791842,0,"[  1.22968419   0.06068105  24.17437174 -27.72684283  -0.9701608
  -0.74363096]","[-4.18775757e-03  2.87246391e-02  5.43184028e+01  2.22747230e+00
 -1.18416066e+00  4.01390795e-01]","[ 1.90937108e-01  2.12064291e-02 -7.32266102e+01  1.59816772e+01
 -1.20518426e+00  4.44200542e-01]","[ -2.37064944   0.09559761 -16.14361928 -36.27086208  -1.1144366
  -0.5269603 ]","[ 1.12586401e-01  3.81091386e-02 -4.11929719e+01  6.63776845e+00
 -1.28071033e+00 -2.86522728e-01]","[-1.96230518e-01  3.52511994e-03 -4.45000949e+02 -8.53227666e+01
 -1.29987089e+00  2.91488900e-01]","[-1.45778099e-01  1.39474071e-03  1.09368210e+03  1.61434897e+02
 -1.40359019e+00 -4.05940457e-01]","[ 5.84179495e-03  1.04068706e-02  1.51679684e+02  1.11391839e+00
 -1.31142652e+00  1.39635761e-01]",010,LW
100,0,1.0214118312791842,0,"[  1.24910911   0.03213611  20.15742744 -23.17882634  -1.15625434
  -0.47835705]","[ 1.63840689e-02  3.66760384e-02  4.27152778e+01  1.30014994e+00
 -1.23122519e+00  3.33652436e-01]","[ 1.80388193e-01  1.42999446e-02 -1.04200211e+02  2.07964877e+01
 -9.61915523e-01  7.32660577e-01]","[ -2.44125485   0.1307634  -11.92496382 -27.11187574  -1.19513147
  -0.40565199]","[  0.08737659   0.04403731 -35.82935543   5.13064686  -1.31931554
  -0.15367813]","[-1.98056582e-01  2.65220293e-03 -5.76231009e+02 -1.12126344e+02
 -1.14047312e+00  5.69533410e-01]","[-1.45441747e-01  9.44673967e-04  6.30179023e+02  9.36543382e+01
 -1.45033321e+00 -2.04087095e-01]","[ 1.25090483e-02  1.10955705e-02  1.42455326e+02  2.18019457e-01
 -1.32474505e+00  5.64432796e-02]",010,LW
101,0,0.1961226887182472,0,"[  1.23966341   0.05082142 -23.70873225  31.39084777  -0.39894183
  -1.03845494]",[ 0.04178591  0.04459062 35.26489556  0.52642422 -1.26965822  0.25737778],"[ 1.74722781e-01  7.29995492e-03 -1.49442378e+02  2.81109879e+01
 -4.93446603e-01  9.25228046e-01]","[ -2.53405529   0.16630674  -9.42933551 -21.89445757  -1.24323539
  -0.31496885]","[  0.05936663   0.04696212 -33.65967493   3.99826135  -1.33381471
  -0.04243949]","[-1.99185605e-01  1.53628546e-03 -8.40352844e+02 -1.65386190e+02
 -6.00854655e-01  9.28009927e-01]","[-1.45978611e-01  2.00263444e-03 -5.83873666e+02 -8.32330667e+01
 -2.38936300e-01 -1.14596046e+00]","[ 1.94137330e-02  1.11955957e-02  1.41209382e+02 -7.41401228e-01
 -1.32808859e+00 -2.78874645e-02]",010,LW
102,0,0.1844506942279921,0,"[  1.19747373   0.09987655 -14.92138927  19.86797164  -0.93187572
  -0.74916891]",[ 0.07175408  0.05155639 30.58325286 -0.19447309 -1.29602733  0.18259657],"[ 1.74431364e-01  6.70936721e-03  1.38441072e+02 -2.21484651e+01
 -6.12418068e-01  8.28343152e-01]","[ -2.64839276   0.19985044  -7.8744354  -18.85459768  -1.27564554
  -0.23874496]","[ 3.05386114e-02  4.66350475e-02 -3.38893340e+01  3.03493320e+00
 -1.33239979e+00  6.36966926e-02]","[-1.99416768e-01  1.08967936e-03  4.65976189e+02  9.49234656e+01
 -1.22613783e+00  4.98713433e-01]","[-1.47833913e-01  4.32798828e-03 -3.36808034e+02 -4.77916495e+01
 -7.71729379e-01 -8.67746954e-01]","[ 2.61755077e-02  1.06643597e-02  1.48077721e+02 -1.87600953e+00
 -1.32018692e+00 -1.19052241e-01]",010,LW
103,0,0.1722660695475767,0,"[  1.12170909   0.1513736  -10.2222709   13.46641415  -1.16380183
  -0.48911086]",[ 0.10551288  0.05684184 27.78644451 -0.9318277  -1.31136639  0.11295616],"[ 1.79639056e-01  1.38319296e-02  1.05994864e+02 -1.70408174e+01
 -8.71897482e-01  8.04017166e-01]","[ -2.78207206   0.22869194  -6.89743397 -17.18915836  -1.29810433
  -0.16926448]","[ 2.92820265e-03  4.30923140e-02 -3.65906590e+01  2.10714486e+00
 -1.31393367e+00  1.77416299e-01]","[-1.98612030e-01  2.38817555e-03  5.88978453e+02  1.18978206e+02
 -6.77199867e-01  9.33567442e-01]","[-1.51297078e-01  7.07285671e-03 -2.16430643e+02 -3.07453240e+01
 -1.08137229e+00 -5.90674651e-01]","[ 3.24071778e-02  9.52251088e-03  1.65323227e+02 -3.35765921e+00
 -1.29604608e+00 -2.24896487e-01]",010,LW
104,0,0.1589412392559634,0,[ 1.01421289  0.19864164 -7.88643276  9.99852179 -1.25139074 -0.32867953],[ 0.1419148   0.05999605 26.34786838 -1.73915257 -1.31777781  0.04969442],"[ 1.90081008e-01  2.14442696e-02  7.20607485e+01 -1.16973797e+01
 -1.16829377e+00  4.97292799e-01]","[ -2.93129024   0.25015007  -6.31506325 -16.51128326  -1.31264398
  -0.10298686]","[-2.15475405e-02  3.66752654e-02 -4.27412603e+01  1.07903097e+00
 -1.26808998e+00  3.14217944e-01]","[-1.96719113e-01  4.04981341e-03  3.77103097e+02  7.61833868e+01
 -1.08079028e+00  6.01828764e-01]","[-1.56424321e-01  9.73440295e-03 -1.60294932e+02 -2.30740259e+01
 -1.23430345e+00 -3.86038998e-01]","[ 3.77530840e-02  7.85617697e-03  1.99008720e+02 -5.51319292e+00
 -1.24251715e+00 -3.59206872e-01]",010,LW
105,0,0.147020438214621,0,[ 0.87881304  0.23859802 -6.59947035  7.7997006  -1.28761731 -0.2220525 ],"[ 1.79627308e-01  6.08924398e-02  2.59653210e+01 -2.66408071e+00
 -1.31730683e+00 -6.51616979e-03]","[ 2.05115102e-01  2.79676835e-02  5.60703478e+01 -9.50087512e+00
 -1.27126113e+00  3.07089093e-01]","[ -3.09075654   0.26198594  -6.03425981 -16.65042795  -1.32034446
  -0.03780123]","[-4.12593216e-02  2.80276571e-02 -5.51175110e+01 -2.74111112e-01
 -1.16183151e+00  5.02176641e-01]","[-1.93786853e-01  5.61013102e-03  2.78169712e+02  5.59056330e+01
 -1.23336852e+00  3.84722639e-01]","[-1.62982085e-01  1.17994265e-02 -1.33450190e+02 -1.97499902e+01
 -1.31739411e+00 -2.12934450e-01]","[ 4.19246008e-02  5.81297610e-03  2.64426663e+02 -9.08598228e+00
 -1.12093575e+00 -5.50945278e-01]",010,LW
106,0,0.1436134039850851,0,[ 0.72049783  0.26997148 -5.84613443  6.21212715 -1.3023186  -0.14745499],[ 0.21732995  0.05971693 26.47037684 -3.75280577 -1.31186668 -0.05468086],"[ 2.23776316e-01  3.27859254e-02  4.80975729e+01 -8.76309770e+00
 -1.31204971e+00  1.75099158e-01]","[ -3.25400212   0.26268829  -6.01839181 -17.58385974  -1.32187466
   0.028866  ]","[-5.50101468e-02  1.81166884e-02 -8.12522701e+01 -2.46969931e+00
 -8.79041252e-01  7.96321473e-01]","[-1.89970916e-01  6.85808084e-03  2.29492276e+02  4.55968580e+01
 -1.30134059e+00  2.29460350e-01]","[-1.70419626e-01  1.27598545e-02 -1.23856133e+02 -1.91075159e+01
 -1.36044097e+00 -3.97026190e-02]","[ 4.47283793e-02  3.60683760e-03  4.01958827e+02 -1.59789669e+01
 -7.98104619e-01 -8.55248187e-01]",010,LW
107,0,0.1435294152919909,0,[ 0.54464604  0.29277932 -5.39650953  4.93918754 -1.30747201 -0.09382107],[ 0.25388623  0.05690548 27.76567966 -5.04932373 -1.30352466 -0.09325515],"[ 2.44863780e-01  3.55654183e-02  4.44347860e+01 -8.88046966e+00
 -1.32737151e+00  7.11816133e-02]","[ -3.41381032   0.25153965  -6.2802154  -19.43946416  -1.31684268
   0.10140044]","[-6.21359099e-02  8.81121036e-03 -1.17027310e+02 -5.27159839e+00
 -4.72075919e-01  9.35824900e-01]","[-1.85529401e-01  7.62782165e-03  2.07085946e+02  4.04205314e+01
 -1.33384068e+00  9.86184337e-02]","[-1.77874091e-01  1.21674613e-02 -1.29519805e+02 -2.10382175e+01
 -1.35937658e+00  1.72449733e-01]","[ 4.60842403e-02  1.68072551e-03  5.21617376e+02 -2.20383405e+01
 -6.30552767e-01 -8.24891571e-01]",010,LW
108,0,0.1612650287599297,0,[ 0.24009123  0.52678466 -2.80157977  2.67263474 -0.47949154 -0.92159768],[ 0.30311346  0.07899068 19.29566601 -3.84877617 -0.72554958  0.65620111],[ 0.27553875  0.0512667  29.8402791  -6.22215331 -0.78487345  0.63530506],"[ -3.58610003   0.26584474  -5.92644314 -19.25281792  -1.13506997
  -0.14803389]","[-5.11791624e-02  3.27667648e-02  3.38717895e+01  3.73352982e+00
  1.92652212e-01  1.45686646e+00]","[-1.79726953e-01  9.62582838e-03  1.62099323e+02  3.11336174e+01
 -1.02473932e+00  3.94066874e-01]",[-0.17733041  0.01308899 13.01313326  4.30762422 -1.23177346  0.30733305],"[ 4.38440192e-02  6.55756568e-03 -1.74264703e+02  9.64046498e+00
  1.85266906e-01 -1.45176122e+00]",010,LW
109,0,0.1612650287599297,0,[-0.06515232  0.6030532  -2.5258822   1.8354329  -1.68856953 -0.27950759],[ 0.34869021  0.08375723 18.3750745  -4.40720855 -1.65248088  0.19234028],[ 0.30299072  0.05167793 29.65597355 -6.98548489 -1.66035528  0.10991674],"[ -3.71454181   0.2181082   -6.91404461 -23.68250782  -1.41387997
   0.20564355]",[-0.03332229  0.04667941 30.89347404  3.02944143 -1.67778059  0.46687934],"[-1.75158130e-01  8.48551941e-03  1.77204064e+02  3.30387324e+01
 -1.50327610e+00 -7.83290468e-02]","[-1.69411918e-01  2.50321706e-02  4.94372285e+01  1.03752557e+01
 -8.98710982e-01  7.53357043e-01]","[ 4.03441275e-02  9.10770638e-03 -1.59141034e+02  8.42040615e+00
 -1.71072710e+00 -4.44044268e-01]",010,LW
110,0,0.1612650287599297,0,[-0.36300781  0.58688109 -2.57321732  1.06590201 -1.68726711  0.34627273],[ 0.39062539  0.07817777 19.32886918 -5.55034712 -1.64898704 -0.37409074],[ 0.32552819  0.043278   32.83742021 -8.68950594 -1.59811561 -0.51363127],"[ -3.79047227   0.14634067  -7.31595065 -25.73090805  -1.16595343
   0.38406597]","[-1.03655836e-02  5.24170408e-02  2.90075534e+01  2.30068022e+00
 -1.71430241e+00 -2.17236152e-01]","[-1.72418978e-01  6.01589860e-03  1.71925585e+02  3.16432338e+01
 -1.26880477e+00 -2.68414626e-01]",[-0.15214728  0.04136801 36.45847673  7.54705804 -1.20614449  0.46603474],"[ 3.60239759e-02  9.90026153e-03 -1.52469816e+02  7.49256898e+00
 -1.73810507e+00  2.72371042e-01]",010,LW
111,0,0.1612650287599297,0,[-0.64515016  0.47954806 -2.97193673  0.08265455 -0.2728162   1.10898688],[ 0.42910407  0.06287609 22.7872773  -7.77811354 -0.28975311 -1.0834419 ],"[ 3.41776217e-01  2.88222182e-02  3.54275929e+01 -1.01083087e+01
  1.65791513e-01 -1.44045137e+00]","[-3.80733860e+00  1.18414912e-01  4.45752105e+00  1.89712920e+01
 -1.53006626e+00 -5.01763922e-03]","[ 1.56698766e-02  4.80289402e-02  3.08806540e+01  1.51610396e+00
 -5.32339372e-01 -8.93413627e-01]","[-1.72024914e-01  5.36669689e-03 -1.09507618e+02 -1.68380387e+01
 -1.46805376e+00 -5.12457451e-02]",[-0.12386721  0.05724428 27.48689897  5.40472545 -1.18336261  0.23567438],"[ 3.13545371e-02  8.63544891e-03 -1.66740054e+02  7.22805719e+00
 -3.47450905e-01  1.06084317e+00]",010,LW
112,0,0.1044773604161396,0,[-0.9028481   0.20218697 -7.74393272 -4.9915949  -1.25185268  0.33639246],"[ 4.64354235e-01  2.91896975e-02  5.41014344e+01 -2.31222302e+01
 -1.29352943e+00 -1.23522590e-01]","[ 3.50771346e-01  9.24088216e-03 -1.40513835e+02  5.12882269e+01
 -5.31359658e-01 -9.86087427e-01]",[-3.76138791  0.18632931  8.28683248 33.16999149 -1.1492391   0.51050233],"[ 4.27198979e-02  2.62893293e-02  5.98596430e+01 -5.57197840e-01
 -1.29051725e+00 -2.35616087e-01]","[-1.74363422e-01  8.79158573e-03 -1.74944639e+02 -2.85039458e+01
 -1.11487367e+00 -5.49767858e-01]",[-0.08339628  0.06763018 23.19605303  3.93446457 -1.24840712  0.30737256],"[ 2.67984384e-02  3.73119040e-03 -4.15043372e+02  1.31225142e+01
 -1.18487468e+00  4.74901192e-01]",010,LW
113,0,0.1044773604161396,0,"[ -1.0106453    0.15165343 -10.15843297  -8.26657252  -1.14690392
   0.52615878]","[ 4.81878931e-01  2.65571960e-02  5.94220288e+01 -2.66342237e+01
 -1.29417236e+00 -1.54128302e-01]","[ 3.43537039e-01  1.66316921e-02 -9.11567869e+01  3.33157326e+01
 -1.05642131e+00 -6.41545441e-01]",[-3.62881288  0.24656553  6.35009822 25.04331819 -1.25179864  0.33663098],"[ 5.74758456e-02  2.15794012e-02  7.24356562e+01 -2.16330059e+00
 -1.23671135e+00 -3.63781634e-01]","[-1.80738598e-01  1.19647935e-02 -1.30539171e+02 -2.15934667e+01
 -1.22628563e+00 -3.77031898e-01]",[-0.03709336  0.08079685 19.48465357  2.72275131 -1.27994659  0.22890217],"[ 2.49598260e-02  2.45814227e-03 -6.01643396e+02  1.70169145e+01
 -9.12983780e-01  7.71423976e-01]",010,LW
114,0,0.1044773604161396,0,"[ -1.08273341   0.09464705 -15.20928259 -14.46759845  -0.80454108
   0.8525033 ]","[ 4.97528328e-01  2.34861701e-02  6.70761359e+01 -3.13722778e+01
 -1.28630658e+00 -2.10259231e-01]","[ 3.31549681e-01  2.33738298e-02 -6.67455076e+01  2.41294517e+01
 -1.24042642e+00 -3.85475431e-01]",[-3.46186712  0.29526684  5.33459002 20.46764176 -1.2992748   0.2109336 ],"[ 6.89837238e-02  1.59806629e-02  9.63045662e+01 -4.64344760e+00
 -1.12312244e+00 -5.42609909e-01]","[-1.89003018e-01  1.47623052e-02 -1.06509133e+02 -1.81305477e+01
 -1.27807190e+00 -2.57441571e-01]","[ 1.67662501e-02  9.18969255e-02  1.71691017e+01  1.71213855e+00
 -1.30001099e+00  1.59970962e-01]","[ 2.39934906e-02  1.21894996e-03 -8.59935525e+02  2.26328549e+01
 -4.84630669e-01  9.26768542e-01]",010,LW
115,0,0.1044773604161396,0,"[ -1.11449633   0.04585503 -13.47367145 -13.01635733  -1.12649777
   0.52619052]","[ 5.10996757e-01  1.98211862e-02  7.91766659e+01 -3.84590195e+01
 -1.26056389e+00 -2.97389778e-01]","[ 3.15717446e-01  2.85341047e-02 -5.51769043e+01  1.94203113e+01
 -1.30489645e+00 -2.20182288e-01]",[-3.269287    0.32807795  4.81426929 17.73922801 -1.32116696  0.10922039],"[ 7.68098116e-02  1.00633669e-02  1.45633310e+02 -9.18606712e+00
 -8.37273939e-01 -8.24635593e-01]","[-1.98851343e-01  1.69835846e-02 -9.28824001e+01 -1.64697900e+01
 -1.30383042e+00 -1.65987957e-01]",[ 0.07663041  0.10006387 15.78861739  0.79011177 -1.31185926  0.0973672 ],"[ 2.39452211e-02  1.12102814e-03  8.71940537e+02 -1.88788089e+01
 -6.01473808e-01  8.30453466e-01]",010,LW
116,0,0.1044773604161396,0,[-1.10332897  0.0678691  18.18427321 22.06323552 -0.46357544  1.00206201],"[ 5.21934589e-01  1.55748882e-02  9.99110198e+01 -5.01470171e+01
 -1.19846241e+00 -4.27233482e-01]","[ 2.97193175e-01  3.17254451e-02 -4.97916521e+01  1.67977392e+01
 -1.32665729e+00 -1.00026521e-01]",[-3.06181357  0.34239431  4.61741133 16.13765266 -1.3280429   0.01991998],"[ 8.08300876e-02  4.78261114e-03  2.18514319e+02 -1.56625315e+01
 -4.20455472e-01 -9.78152823e-01]","[-2.09878807e-01  1.84921805e-02 -8.54419828e+01 -1.59324614e+01
 -1.31603711e+00 -9.06957345e-02]",[ 0.14048862  0.10468225 15.10185768 -0.12163911 -1.31749802  0.03891399],"[ 2.47837624e-02  2.22205885e-03  6.66436321e+02 -1.45167994e+01
 -9.45081497e-01  7.51210050e-01]",010,LW
117,0,0.1044773604161396,0,[-1.04934767  0.12761773 11.78580185 14.36740376 -1.00423578  0.69101183],"[ 5.30034011e-01  1.09357743e-02  1.39173004e+02 -7.17664257e+01
 -1.04817994e+00 -6.31169995e-01]","[ 2.77251072e-01  3.28520814e-02 -4.81252819e+01  1.53427860e+01
 -1.32953558e+00 -3.30347338e-03]",[-2.85117163  0.33757236  4.68196851 15.3490958  -1.32409833 -0.06408381],"[ 8.12191176e-02  3.99316218e-03 -2.44966286e+02  2.18959455e+01
 -6.71290862e-01 -7.70709397e-01]","[-2.21617179e-01  1.92179632e-02 -8.22668137e+01 -1.62317392e+01
 -1.32010431e+00 -2.48630206e-02]",[ 0.20603388  0.10543551 14.99545304 -1.08957131 -1.31814305 -0.01741356],"[ 2.64068607e-02  3.30393218e-03  4.70157987e+02 -1.04153965e+01
 -1.21957609e+00  4.35741340e-01]",010,LW
118,0,0.1044773604161396,0,[-0.95575309  0.1849882   8.40883379 10.03676888 -1.21557169  0.42473192],"[ 5.35096136e-01  6.28246106e-03  2.21184614e+02 -1.16355032e+02
 -6.33704557e-01 -9.57317285e-01]","[ 2.57164819e-01  3.20223595e-02 -4.93448273e+01  1.46897536e+01
 -1.32206822e+00  8.31487251e-02]",[-2.64891576  0.31486149  5.01225767 15.27704833 -1.31002566 -0.14861654],"[ 7.84124695e-02  7.59859565e-03 -1.96601139e+02  1.74159808e+01
 -1.01939653e+00 -6.95443872e-01]","[-2.33573512e-01  1.91532959e-02 -8.25404041e+01 -1.72792521e+01
 -1.31844696e+00  3.59316476e-02]",[ 0.27084332  0.10230022 15.44855786 -2.18413873 -1.31426686 -0.07391188],"[ 2.86533330e-02  4.12281213e-03  3.81573206e+02 -8.93334415e+00
 -1.30625105e+00  2.37758236e-01]",010,LW
119,0,0.2008289091074407,0,[-0.82869279  0.23142354  6.79364667  7.62984603 -1.29181805  0.25488926],"[ 5.37054416e-01  2.95316310e-03  1.00812211e+02 -5.21416430e+01
 -1.54464721e+00 -3.41865371e-01]","[ 2.38106065e-01  2.94713243e-02 -5.35188103e+01  1.47431533e+01
 -1.30539526e+00  1.69983271e-01]",[-2.46532134  0.27714619  5.67760275 15.99711523 -1.28342943 -0.23957579],"[ 7.30398425e-02  1.08510827e-02 -1.43835287e+02  1.25057067e+01
 -1.26499869e+00 -3.70962130e-01]","[-2.45266123e-01  1.83444493e-02 -8.61255660e+01 -1.91236837e+01
 -1.31192150e+00  9.51843906e-02]",[ 0.33254863  0.09550691 16.53068125 -3.4972554  -1.30546935 -0.13353337],"[ 3.13208613e-02  4.60328081e-03  3.43162609e+02 -8.74814846e+00
 -1.33372305e+00  9.64626455e-02]",010,LW
120,0,0.2008289091074407,0,[-0.67662725  0.26304822  6.00140405  6.0607135  -1.32054672  0.13291235],"[ 5.35950983e-01  5.03857319e-03 -2.62837252e+02  1.42867883e+02
 -5.51105481e-01 -9.83555308e-01]","[ 2.21072858e-01  2.55113619e-02 -6.16027950e+01  1.56187060e+01
 -1.27491394e+00  2.67876224e-01]",[-2.30846885  0.22859372  6.84761621 17.8075087  -1.23795341 -0.3443406 ],"[ 6.58373703e-02  1.30090531e-02 -1.21194807e+02  9.97914739e+00
 -1.32545389e+00 -1.75995863e-01]","[-2.56254896e-01  1.68810015e-02 -9.34745323e+01 -2.19533065e+01
 -1.30020453e+00  1.56313087e-01]",[ 0.3889784   0.0854871  18.43405484 -5.17044907 -1.28999279 -0.20057889],"[ 3.41871091e-02  4.72549955e-03  3.34548111e+02 -9.43723278e+00
 -1.33591677e+00 -1.92627035e-02]",010,LW
121,0,0.2008289091074407,0,[-0.50933477  0.27841241  5.6780752   4.89204114 -1.3277      0.03689486],"[ 5.31881469e-01  9.17358464e-03 -1.65090771e+02  8.98087219e+01
 -1.01568485e+00 -6.64030291e-01]","[ 2.06846982e-01  2.05138227e-02 -7.60630430e+01  1.77334109e+01
 -1.21797522e+00  3.91408637e-01]",[-2.18361019  0.17421344  8.89956114 21.43317241 -1.15926736 -0.4747987 ],"[ 5.75582676e-02  1.40236953e-02 -1.12714833e+02  8.48767050e+00
 -1.33452651e+00 -4.58898134e-02]","[-2.66165209e-01  1.48849162e-02 -1.05786818e+02 -2.61567705e+01
 -1.28154740e+00  2.23387225e-01]",[ 0.43826491  0.07281773 21.56944851 -7.45313244 -1.26330087 -0.28222124],"[ 3.70303254e-02  4.50684548e-03  3.50319733e+02 -1.09724537e+01
 -1.32242800e+00 -1.27472813e-01]",010,LW
122,0,0.2218836777935671,0,[-0.33676484  0.27813224  5.68368019  3.91406366 -1.32291732 -0.04328008],"[ 5.24932626e-01  1.34828741e-02 -1.15069819e+02  6.24039024e+01
 -1.16036486e+00 -4.68054305e-01]","[ 1.95971479e-01  1.49023308e-02 -1.02988741e+02  2.21828559e+01
 -1.09892233e+00  5.68721231e-01]",[-2.09286434  0.11933226 12.73434159 28.65124939 -1.01085236 -0.65428268],"[ 4.89014103e-02  1.40222980e-02 -1.12725786e+02  7.51244992e+00
 -1.32656402e+00  5.19471761e-02]","[-2.74704938e-01  1.24999723e-02 -1.25531627e+02 -3.24841579e+01
 -1.25185661e+00  3.02249007e-01]","[  0.4789131    0.05817221  26.82398405 -10.84635744  -1.21359219
  -0.39220333]","[ 3.96460062e-02  3.98918301e-03  3.94308526e+02 -1.36327583e+01
 -1.29174455e+00 -2.44999464e-01]",010,LW
123,0,0.3363783296738167,0,[-0.16797296  0.26446937  5.9721318   3.00315665 -1.3106679  -0.11272182],"[ 5.15138509e-01  1.78795489e-02 -8.74558951e+01  4.70518994e+01
 -1.21235042e+00 -3.65788222e-01]","[ 1.88743679e-01  9.16949762e-03 -1.58483294e+02  3.19127199e+01
 -7.94745338e-01  8.55541563e-01]",[-2.03527684  0.06918043 20.73857747 44.20874633 -0.68624847 -0.92638526],"[ 4.04677706e-02  1.31900453e-02 -1.19682276e+02  6.84327488e+00
 -1.31147107e+00  1.36906448e-01]","[-2.81674234e-01  9.88189176e-03 -1.57808202e+02 -4.24505045e+01
 -1.20175214e+00  4.03035645e-01]","[  0.50983402   0.04230063  36.31855675 -16.51643575  -1.10514006
  -0.56030242]","[ 4.18581925e-02  3.22872885e-03  4.82916754e+02 -1.82140225e+01
 -1.22656261e+00 -3.96709258e-01]",010,LW
124,0,0.3363783296738167,0,[-0.01033259  0.24071825  6.55200335  2.0676992  -1.29352753 -0.17449751],"[ 5.02474021e-01  2.24185185e-02 -6.99958062e+01  3.71710742e+01
 -1.23846392e+00 -3.04533086e-01]","[ 1.85230112e-01  4.25572568e-03 -2.17409496e+02  4.22707852e+01
 -5.61472192e-01  8.71441202e-01]","[-2.00725061e+00  3.00143898e-02  3.32371367e+01  6.87152627e+01
 -3.38538586e-01 -1.04073326e+00]","[ 3.27454411e-02  1.17053761e-02 -1.34501564e+02  6.40431305e+00
 -1.28851081e+00  2.25423587e-01]","[-2.86968720e-01  7.19043432e-03 -2.14127335e+02 -5.94478473e+01
 -1.10654666e+00  5.46224241e-01]","[ 5.30349691e-01  2.61503722e-02  5.56320343e+01 -2.75044322e+01
 -8.08538536e-01 -8.46313950e-01]","[ 4.35261063e-02  2.29423301e-03  6.62497642e+02 -2.68359428e+01
 -1.06054831e+00 -6.30517910e-01]",010,LW
125,0,0.3363783296738167,0,[ 0.13087999  0.21051503  7.47805229  1.02127259 -1.27296285 -0.23122269],"[ 4.86887590e-01  2.70964169e-02 -5.80341058e+01  3.02560859e+01
 -1.25693413e+00 -2.59471387e-01]","[ 1.85311203e-01  4.42049225e-03  2.49576676e+02 -4.42493540e+01
 -5.08863314e-01  9.14070082e-01]","[-2.00328877e+00  2.19727830e-02 -4.72630849e+01 -9.26816070e+01
 -7.65203801e-01 -6.80516907e-01]","[ 2.61201475e-02  9.71261056e-03 -1.61210668e+02  6.21084642e+00
 -1.24739543e+00  3.37324368e-01]","[-2.90577310e-01  4.59011889e-03 -3.23999504e+02 -9.21469042e+01
 -8.88757876e-01  7.75427391e-01]","[ 5.40179999e-01  1.22635327e-02  7.25473977e+01 -3.71886532e+01
 -6.40396096e-01 -8.14995127e-01]","[ 4.45475763e-02  1.29499154e-03  1.03249689e+03 -4.39952338e+01
 -5.74274080e-01 -9.75738073e-01]",010,LW
126,0,0.3311908418083503,0,[ 0.2525406   0.17724347  8.86129813 -0.23783757 -1.24918562 -0.28580616],"[ 4.68358085e-01  3.18002490e-02 -4.95277279e+01  2.51967118e+01
 -1.27266015e+00 -2.19135853e-01]","[ 1.88751571e-01  8.65237928e-03  1.72542667e+02 -3.05676995e+01
 -9.59745657e-01  7.29455182e-01]","[-2.01691167e+00  3.79109733e-02 -4.02503107e+01 -7.91813214e+01
 -1.20172886e+00 -5.39761020e-01]","[ 2.09048361e-02  7.32133590e-03 -2.10862733e+02  6.40805089e+00
 -1.15308378e+00  5.09850968e-01]","[-2.92575997e-01  2.30494492e-03 -5.42977527e+02 -1.56862191e+02
 -3.79952847e-01  1.07353281e+00]","[ 5.39424833e-01  1.37943895e-02 -8.14636539e+01  4.59435179e+01
 -4.73882201e-01 -9.48184649e-01]","[ 4.48601085e-02  7.16248685e-04 -2.54756015e+02  1.34283825e+01
 -1.65855213e+00 -2.79736874e-01]",010,LW
127,0,0.3311908418083503,0,[ 0.35344347  0.14366107 10.90090228 -1.85285277 -1.22099905 -0.34178138],"[ 4.46957802e-01  3.63119073e-02 -4.34301213e+01  2.14114315e+01
 -1.28630149e+00 -1.79061983e-01]","[ 1.95277245e-01  1.30373310e-02  1.18869101e+02 -2.12124306e+01
 -1.16743783e+00  4.75232506e-01]","[-2.04156408e+00  4.84563486e-02 -3.25047716e+01 -6.43605742e+01
 -1.36075963e+00 -1.85601788e-01]","[ 1.73795149e-02  4.64480043e-03 -3.13343254e+02  7.44575375e+00
 -8.52687376e-01  8.17979346e-01]","[-2.93119413e-01  1.24813360e-03  3.66031722e+02  1.09291004e+02
 -1.44893024e+00  3.37781623e-01]","[ 5.28551340e-01  2.70115926e-02 -5.52365764e+01  3.11953665e+01
 -9.57284759e-01 -7.32677370e-01]","[ 4.44394043e-02  1.44471549e-03 -9.58983256e+02  4.46166446e+01
 -6.52166281e-01 -9.43134007e-01]",010,LW
128,0,0.3311908418083503,0,[ 0.43385991  0.11172571 13.9608421  -4.05704969 -1.18537942 -0.40486276],"[  0.4229103    0.04033869 -39.13607404  18.55104882  -1.29786148
  -0.13770566]","[ 2.04636130e-01  1.71905819e-02  9.10665558e+01 -1.66355075e+01
 -1.23076584e+00  3.44583610e-01]","[-2.07134408e+00  5.12682911e-02 -3.08281888e+01 -6.18557863e+01
 -1.35862083e+00  3.11018884e-02]","[ 1.58354718e-02  2.30966060e-03 -2.81433737e+02  6.45663600e+00
 -1.13946030e+00  5.03347192e-01]","[-2.92431208e-01  2.32860826e-03  6.22958748e+02  1.84172579e+02
 -9.10233313e-01  7.83370879e-01]","[  0.50838547   0.04035875 -38.43081092  21.53766601  -1.18651527
  -0.46154494]","[ 4.32942032e-02  2.49181377e-03 -6.12202309e+02  2.85048112e+01
 -1.06969079e+00 -6.11208358e-01]",010,LW
129,0,0.3311908418083503,0,[ 0.49496213  0.08250616 18.77794846 -7.29437335 -1.13318678 -0.48928363],"[  0.3966371    0.0435405  -36.28785669  16.3931102   -1.30764436
  -0.09360744]","[ 2.16623265e-01  2.11398073e-02  7.43484999e+01 -1.41056148e+01
 -1.25781321e+00  2.70066647e-01]","[-2.10145284e+00  4.78671692e-02 -3.29209904e+01 -6.71819088e+01
 -1.31815274e+00  1.93297968e-01]","[ 1.66220945e-02  3.88265956e-03  3.11112346e+02 -3.17133882e+00
 -3.19000501e-01  1.09802794e+00]","[-2.90792270e-01  3.47446992e-03  4.47860776e+02  1.32234451e+02
 -1.26439660e+00  4.01004006e-01]","[  0.48009705   0.05195413 -30.19995121  16.49890758  -1.26703229
  -0.29951644]","[ 4.14563170e-02  3.52032725e-03 -4.42477874e+02  2.03435030e+01
 -1.20139267e+00 -4.15661728e-01]",010,LW
130,0,0.3311908418083503,0,"[  0.5381791    0.0561465   27.13518582 -12.60358985  -1.02613255
  -0.63548649]","[  0.36878898   0.04554345 -34.7107593   14.80094544  -1.31567507
  -0.04423405]","[ 2.31061902e-01  2.48876634e-02  6.32865372e+01 -1.26231077e+01
 -1.27555193e+00  2.17628410e-01]","[-2.12834745e+00  4.01604510e-02 -3.89484542e+01 -8.08958433e+01
 -1.25122154e+00  3.50289282e-01]","[ 2.01919363e-02  8.26446679e-03  1.77815303e+02 -1.59043528e+00
 -7.85068693e-01  8.48486920e-01]","[-2.88524474e-01  4.16396984e-03  3.78792198e+02  1.11290820e+02
 -1.35071522e+00  1.51910111e-01]","[  0.44516394   0.06109242 -25.80264899  13.48640884  -1.3008901
  -0.18932655]","[ 3.89663015e-02  4.49174142e-03 -3.49248457e+02  1.56089207e+01
 -1.24640756e+00 -3.07944251e-01]",010,LW
131,0,0.3665990140623167,0,"[ 5.64560049e-01  3.23070712e-02  4.36655210e+01 -2.26518087e+01
 -6.88430405e-01 -9.22510113e-01]","[ 3.40258343e-01  4.59579047e-02 -3.44021873e+01  1.37056312e+01
 -1.32085043e+00  1.39542996e-02]","[ 2.47743903e-01  2.83108725e-02  5.57172522e+01 -1.18036095e+01
 -1.29109995e+00  1.70300446e-01]","[-2.14965130e+00  2.98459556e-02 -5.14955728e+01 -1.08697525e+02
 -1.12263195e+00  5.50850206e-01]","[ 2.71311867e-02  1.39527895e-02  1.09159097e+02 -9.61615830e-01
 -9.95615085e-01  6.49551519e-01]","[-2.85968509e-01  4.32681614e-03  3.65263794e+02  1.06453943e+02
 -1.35905428e+00 -3.80737403e-02]","[  0.40530449   0.06737385 -23.44563927  11.50262282  -1.31546392
  -0.10537543]","[ 3.58576532e-02  5.42308259e-03 -2.90092558e+02  1.24020383e+01
 -1.26179772e+00 -2.48925331e-01]",010,LW
132,0,0.5537620223314506,0,"[ 5.74259313e-01  1.58884477e-02  1.89499792e+01 -8.88220205e+00
 -1.59829870e+00 -3.07552239e-01]","[  0.31216522   0.04442806 -35.56537993  13.10227476  -1.32027016
   0.08538173]","[ 2.66348948e-01  3.11463299e-02  5.07047848e+01 -1.15051661e+01
 -1.30553395e+00  1.19616479e-01]","[-2.16392552e+00  1.84180022e-02 -7.82706918e+01 -1.67371948e+02
 -7.84187629e-01  8.65103872e-01]","[ 3.81583433e-02  2.09678171e-02  7.36010700e+01 -8.08494894e-01
 -1.09152930e+00  5.34569232e-01]","[-2.83456612e-01  3.98691270e-03  3.94812454e+02  1.13912200e+02
 -1.32263478e+00 -2.18995836e-01]","[  0.36237727   0.07063604 -22.38106529  10.11038938  -1.32003011
  -0.03609155]","[ 3.21438291e-02  6.35633363e-03 -2.47793688e+02  9.96503795e+00
 -1.26629797e+00 -2.18967526e-01]",010,LW
133,1,1.401529633352106,1,"[ 5.66287547e-01  3.11682653e-02 -4.14983296e+01  2.54999873e+01
 -3.99860135e-01 -1.07743194e+00]","[  0.28580547   0.04071569 -38.72992943  13.06922577  -1.30821591
   0.17637395]","[ 2.86373265e-01  3.30334503e-02  4.78484009e+01 -1.17025028e+01
 -1.31754762e+00  6.13202194e-02]","[-2.17041339e+00  8.67065406e-03 -8.24985048e+01 -1.77055859e+02
 -9.36969369e-01  6.37186525e-01]","[ 5.40809334e-02  2.93809568e-02  5.28939943e+01 -8.60556585e-01
 -1.14956887e+00  4.55238648e-01]","[-2.81283643e-01  3.22956395e-03  4.81122250e+02  1.37331819e+02
 -1.22303125e+00 -4.32154144e-01]","[  0.31825863   0.07094528 -22.28496312   9.09238187  -1.31838063
   0.02447091]","[ 2.78117422e-02  7.33995660e-03 -2.14691746e+02  7.97095148e+00
 -1.26767987e+00 -2.05137450e-01]",010,LW
134,1,1.401529633352106,1,"[  0.53863554   0.06201425 -23.99698781  14.92563041  -0.86885597
  -0.78387025]","[ 2.62556193e-01  3.47899919e-02 -4.50970312e+01  1.38405048e+01
 -1.27255599e+00  2.98761370e-01]","[ 3.07094675e-01  3.35919918e-02  4.70662039e+01 -1.24537806e+01
 -1.32461104e+00 -7.19690076e-03]","[-2.16882589e+00  1.18430423e-02  1.01916125e+02  2.23038329e+02
 -4.44351971e-01  1.00231532e+00]","[ 7.57118127e-02  3.91148521e-02  3.99169494e+01 -1.02218459e+00
 -1.19195281e+00  3.90721862e-01]","[-2.79681847e-01  2.19241629e-03  6.78805067e+02  1.91849455e+02
 -9.56554071e-01 -7.38480148e-01]","[  0.27471718   0.06857098 -23.04593652   8.3311146   -1.31220601
   0.07981909]","[ 2.28237620e-02  8.41108088e-03 -1.87397938e+02  6.27712593e+00
 -1.26951710e+00 -1.97540878e-01]",010,LW
135,1,0.7166498795848246,1,"[  0.48877302   0.09887533 -15.52279557   9.5871237   -1.06984079
  -0.57989855]","[ 2.43746331e-01  2.68971097e-02 -5.75578873e+01  1.60295239e+01
 -1.17979906e+00  4.79098000e-01]","[ 3.27584486e-01  3.25094731e-02  4.86006793e+01 -1.39208286e+01
 -1.32329246e+00 -8.91976721e-02]","[-2.15917371e+00  2.29859999e-02  6.51051808e+01  1.42573395e+02
 -9.52925142e-01  7.28734587e-01]",[ 0.10375382  0.0498814  31.4114665  -1.25905956 -1.22560256  0.33263802],"[-2.78804831e-01  1.11619808e-03  9.89442257e+02  2.77861281e+02
 -4.59202985e-01 -9.56266989e-01]","[  0.23330679   0.06393734 -24.69382981   7.76123811  -1.30225092
   0.13245046]","[ 1.71288160e-02  9.58041259e-03 -1.64568285e+02  4.81885987e+00
 -1.27346506e+00 -1.88964093e-01]",010,LW
136,1,0.3768233900655899,1,"[  0.41441388   0.13953296 -11.14226253   6.61750825  -1.17145652
  -0.4449334 ]","[ 2.30510255e-01  1.76517477e-02 -8.37073490e+01  2.12954024e+01
 -9.10297590e-01  7.73861788e-01]","[ 3.46762263e-01  2.96118660e-02  5.32254212e+01 -1.64565675e+01
 -1.30772290e+00 -1.91794411e-01]","[-2.14163208e+00  3.47928157e-02  4.44788486e+01  9.72573288e+01
 -1.15116230e+00  4.92734666e-01]",[ 0.13866929  0.06117713 25.68272033 -1.56140466 -1.2528538   0.2777523 ],"[-2.78723786e-01  9.52299240e-04 -9.47038985e+02 -2.61962291e+02
 -6.87146605e-01 -7.71902373e-01]","[  0.19529545   0.0575563  -27.3944274    7.35000698  -1.28866535
   0.18491528]","[ 1.06809405e-02  1.08226961e-02 -1.45736911e+02  3.55660727e+00
 -1.27997305e+00 -1.74934192e-01]",010,LW
137,1,0.3768233900655899,1,[ 0.31434508  0.18127453 -8.63782033  4.71525636 -1.23316614 -0.34101491],"[ 2.23650852e-01  8.73659693e-03 -1.17040086e+02  2.81761150e+01
 -5.16408415e-01  8.99422814e-01]","[ 3.63482957e-01  2.49061095e-02  6.28710335e+01 -2.08525491e+01
 -1.26262667e+00 -3.31604663e-01]","[-2.11645077e+00  4.64045005e-02  3.36979477e+01  7.33200473e+01
 -1.22129742e+00  3.62923976e-01]",[ 0.18056191  0.07232814 21.77053012 -1.9309284  -1.27455859  0.22490999],"[-2.79435205e-01  1.92880908e-03 -7.62351802e+02 -2.11027932e+02
 -8.99919281e-01 -7.84431736e-01]","[  0.16163763   0.04995126 -31.50319919   7.09210236  -1.27063723
   0.24103031]","[ 3.46044768e-03  1.20759290e-02 -1.30684632e+02  2.45222733e+00
 -1.28826998e+00 -1.53687902e-01]",010,LW
138,1,0.3685672204844628,1,[ 0.18906794  0.22072274 -7.12531107  3.34716791 -1.27292905 -0.25342293],"[ 2.23544340e-01  8.52028392e-03  1.18324141e+02 -2.44506919e+01
 -5.51087501e-01  8.70788018e-01]","[ 3.76641678e-01  1.86137812e-02  8.25302165e+01 -2.90843192e+01
 -1.13639113e+00 -5.47316969e-01]","[-2.08392756e+00  5.76469758e-02  2.72475753e+01  5.87819730e+01
 -1.25378253e+00  2.83184264e-01]",[ 0.22909811  0.08257261 19.10124695 -2.3760596  -1.29110873  0.17382464],"[-2.80876555e-01  2.95525848e-03 -5.23871863e+02 -1.45143324e+02
 -1.18226192e+00 -4.77759842e-01]","[  0.13298645   0.04159116 -37.71999976   7.016249    -1.24500523
   0.30742687]","[-4.50824059e-03  1.32512162e-02 -1.19167663e+02  1.46276351e+00
 -1.29673849e+00 -1.25840617e-01]",010,LW
139,1,0.3686969774661356,1,[ 0.04106033  0.25446302 -6.19750172  2.25447144 -1.29755579 -0.17676559],"[ 2.30109664e-01  1.70756660e-02  8.66560174e+01 -1.79403871e+01
 -9.24853004e-01  7.63536918e-01]","[ 3.85277982e-01  1.13190384e-02  1.24515062e+02 -4.59729117e+01
 -7.33904360e-01 -8.95643101e-01]",[-2.04443884  0.06834383 23.03910386 49.10203869 -1.27396116  0.22567545],[ 0.28347982  0.0911559  17.32339156 -2.91083186 -1.30299162  0.12438008],"[-2.82945083e-01  3.82681645e-03 -4.09985935e+02 -1.14003505e+02
 -1.26974609e+00 -2.99403758e-01]","[ 1.09731813e-01  3.28597367e-02 -4.74844679e+01  7.21055675e+00
 -1.20283659e+00  3.95987217e-01]","[-1.31458785e-02  1.42501423e-02 -1.10877209e+02  5.42421674e-01
 -1.30391289e+00 -9.33232244e-02]",010,LW
140,1,0.3709640523270684,1,[-0.12537673  0.27974726 -5.64634028  1.29208034 -1.31093069 -0.10920738],"[ 2.42843834e-01  2.58550579e-02  5.99356268e+01 -1.25549974e+01
 -1.18724633e+00  4.68492413e-01]","[ 3.88666217e-01  5.66677522e-03  5.55879273e+01 -1.96051494e+01
 -1.55527614e+00 -3.20020374e-01]",[-1.99851267  0.07814515 20.18193658 42.33385596 -1.289123    0.17670308],[ 0.34246511  0.09740933 16.22398073 -3.55614741 -1.31090251  0.07605236],"[-2.85514672e-01  4.49739619e-03 -3.50540092e+02 -9.80843392e+01
 -1.30164188e+00 -1.85896692e-01]","[ 9.20450972e-02  2.40748720e-02 -6.40656779e+01  7.89693155e+00
 -1.11935586e+00  5.29416956e-01]","[-2.23158686e-02  1.49817188e-02 -1.05508145e+02 -3.54505910e-01
 -1.30914839e+00 -5.79022887e-02]",010,LW
141,1,0.3710807415303321,1,[-0.3045869   0.29494175 -5.35962345  0.3675289  -1.31638202 -0.04963102],"[ 2.60908120e-01  3.33120494e-02  4.71105121e+01 -1.02915152e+01
 -1.27172539e+00  2.94471212e-01]","[ 3.86391200e-01  9.97626858e-03 -1.30930729e+02  5.25904815e+01
 -5.15702042e-01 -1.00187991e+00]",[-1.94693613  0.08650328 18.25317743 37.53777067 -1.30123099  0.12973538],[ 0.40442909  0.10079721 15.68501448 -4.34347618 -1.31541406  0.02764393],"[-2.88447259e-01  4.95165896e-03 -3.19021392e+02 -9.00208460e+01
 -1.31507083e+00 -1.03303664e-01]","[ 7.99141132e-02  1.55640973e-02 -9.58863237e+01  9.66267053e+00
 -9.15488090e-01  7.54379817e-01]","[-3.18289811e-02  1.53715712e-02 -1.02856423e+02 -1.27381514e+00
 -1.31243200e+00 -2.01293016e-02]",010,LW
142,1,0.3712466457568329,1,"[-4.90176126e-01  2.99555165e-01 -5.27815343e+00 -5.87224800e-01
 -1.31674290e+00  3.80318966e-03]","[ 2.83242507e-01  3.90322703e-02  4.03949910e+01 -9.44157853e+00
 -1.30277123e+00  1.81942240e-01]","[ 3.78415861e-01  1.81634127e-02 -8.32788927e+01  3.35140539e+01
 -1.02946579e+00 -6.62365805e-01]",[-1.89088641  0.09269948 17.0472686  34.23444851 -1.31134474  0.08050197],[ 0.46745361  0.10093911 15.66323569 -5.32183602 -1.3166136  -0.02265158],"[-2.91599190e-01  5.18222352e-03 -3.05067049e+02 -8.69573044e+01
 -1.32086290e+00 -3.38616067e-02]","[ 7.31632827e-02  7.93467271e-03 -1.58024820e+02  1.35616146e+01
 -4.09125077e-01  1.05254467e+00]","[-4.14522824e-02  1.53621224e-02 -1.02919055e+02 -2.26622974e+00
 -1.31379532e+00  2.09663815e-02]",010,LW
143,1,0.3712466457568329,1,[-0.67560532  0.29393295 -5.3778614  -1.63331176 -1.31377095  0.05399285],[ 0.30868147  0.04290188 36.82234219 -9.36637482 -1.31442265  0.10122353],"[ 3.65141308e-01  2.59370058e-02 -6.00348352e+01  2.39211983e+01
 -1.22129265e+00 -4.12740598e-01]","[-1.83207153e+00  9.58363754e-02  1.64969710e+01  3.22236309e+01
 -1.32013848e+00  2.33894503e-02]",[ 0.52943297  0.09762541 16.18765156 -6.5702765  -1.31392521 -0.07722251],"[-2.94825755e-01  5.18569106e-03 -3.04866375e+02 -8.78824590e+01
 -1.32085728e+00  3.19075322e-02]","[ 7.14673505e-02  4.62081440e-03  1.08545068e+02 -5.75742843e+00
 -1.34910147e+00  4.04911143e-01]","[-5.09186627e-02  1.49088936e-02 -1.06011459e+02 -3.39796172e+00
 -1.31275947e+00  6.78156678e-02]",010,LW
144,1,0.3713743339180206,1,[-0.85463295  0.27888002 -5.66445015 -2.84102574 -1.30782384  0.10458187],[ 0.33604842  0.04495353 35.16757117 -9.81800685 -1.31766373  0.03782423],"[ 3.47451168e-01  3.20975998e-02 -4.90095810e+01  1.90284361e+01
 -1.30172079e+00 -2.40305794e-01]",[-1.77288     0.09478429 16.67666587 31.56572745 -1.32639714 -0.05111661],[ 0.58818624  0.09083293 17.37882934 -8.22198833 -1.30585542 -0.13948867],"[-2.97986913e-01  4.96913200e-03 -3.17931317e+02 -9.27393717e+01
 -1.31395320e+00  9.78531543e-02]","[ 7.43711718e-02  9.21047173e-03  1.56168619e+02 -9.61444316e+00
 -8.17167903e-01  8.43544809e-01]","[-5.99357001e-02  1.39793212e-02 -1.12959243e+02 -4.77029130e+00
 -1.30772316e+00  1.24410891e-01]",010,LW
145,1,0.3715144881087916,1,[-1.02158537  0.25543328 -6.17703668 -4.3103703  -1.29783016  0.15966486],"[ 3.64221935e-01  4.53046615e-02  3.48985849e+01 -1.07108301e+01
 -1.31632613e+00 -1.59388130e-02]","[ 3.26729368e-01  3.57520978e-02 -4.41831068e+01  1.64359185e+01
 -1.33997741e+00 -9.46299402e-02]",[-1.71654503  0.08815966 17.89313279 32.71436808 -1.32294857 -0.16044807],"[  0.64156886   0.08072899  19.51000647 -10.51701258  -1.28905623
  -0.21528173]","[-3.00955222e-01  4.55826345e-03 -3.46094164e+02 -1.02158846e+02
 -1.29932339e+00  1.64618495e-01]","[ 8.13239962e-02  1.46801474e-02  1.05079798e+02 -6.54550906e+00
 -1.15792139e+00  5.12994797e-01]","[-6.81949538e-02  1.25565218e-02 -1.25512137e+02 -6.55929442e+00
 -1.29488086e+00  1.97231873e-01]",010,LW
146,1,0.3716823598100436,1,[-1.17151855  0.22482132 -7.0037311  -6.20500091 -1.28110274  0.22410456],"[  0.39218111   0.04413462  35.81272673 -12.04507482  -1.31173113
  -0.06425382]","[ 3.04836116e-01  3.61536616e-02 -4.37115759e+01  1.53248670e+01
 -1.35111781e+00  5.45817389e-02]",[-1.66728986  0.07449075 20.99506765 37.00486334 -1.27989538 -0.34105069],"[  0.68757368   0.06765514  23.17254913 -13.93283485  -1.25505885
  -0.31615317]","[-3.03625193e-01  3.99866445e-03 -3.93659114e+02 -1.17524825e+02
 -1.27705626e+00  2.32424304e-01]","[ 9.17312921e-02  1.94564277e-02  8.05136532e+01 -5.38562144e+00
 -1.25339062e+00  3.28588198e-01]","[-7.53826886e-02  1.06461685e-02 -1.47392735e+02 -9.11086062e+00
 -1.26501679e+00  2.98400265e-01]",010,LW
147,1,0.371942146086217,1,[-1.30034054  0.18850477 -8.32272281 -8.8223739  -1.25214657  0.30510801],"[  0.4190372    0.04167288  37.90424615 -13.88328926  -1.30443413
  -0.10962047]","[ 2.84022634e-01  3.27975258e-02 -4.79471846e+01  1.56180856e+01
 -1.32412421e+00  2.38649070e-01]",[-1.63036521  0.05296262 28.2863989  48.11716059 -1.05477825 -0.66880063],"[  0.72441333   0.05211418  29.75204112 -19.55277504  -1.17812762
  -0.46744003]","[-3.05922179e-01  3.34867151e-03 -4.68607627e+02 -1.41357466e+02
 -1.24668105e+00  3.02703777e-01]","[ 1.05021042e-01  2.34324893e-02  6.71930408e+01 -5.05668316e+00
 -1.28287240e+00  2.25018509e-01]","[-8.11921899e-02  8.28572153e-03 -1.87311588e+02 -1.32082380e+01
 -1.19075655e+00  4.54418267e-01]",010,LW
148,1,0.371942146086217,1,"[ -1.40492195   0.14819417 -10.51158133 -12.76795135  -1.19797737
   0.41627947]","[ 4.44050591e-01  3.81755488e-02  4.13370406e+01 -1.63557373e+01
 -1.29478021e+00 -1.54503003e-01]","[ 2.66775353e-01  2.56026341e-02 -6.00989975e+01  1.80329313e+01
 -1.19091819e+00  5.12749420e-01]","[-1.61188633e+00  2.85323958e-02  3.12907272e+01  5.24370955e+01
 -8.47797872e-01 -6.33253748e-01]","[ 7.50585549e-01  3.48709306e-02  4.28860613e+01 -3.01896578e+01
 -9.62871195e-01 -7.25147610e-01]","[-3.07808259e-01  2.66965075e-03 -5.85296642e+02 -1.78159140e+02
 -1.20591531e+00  3.77357187e-01]","[ 1.20712471e-01  2.67550000e-02  5.89634684e+01 -5.11762594e+00
 -1.29023627e+00  1.66781905e-01]","[-8.53378574e-02  5.57135647e-03 -2.68140788e+02 -2.08825603e+01
 -9.68258931e-01  7.24184035e-01]",010,LW
149,1,0.371942146086217,1,"[ -1.48319682   0.10587094 -14.46772085 -19.45847761  -1.08047913
   0.58712916]","[ 4.66630748e-01  3.38879998e-02  4.65011057e+01 -1.96988457e+01
 -1.28233207e+00 -2.02932334e-01]","[ 2.55602852e-01  1.55003312e-02 -8.66214746e+01  2.41406960e+01
 -6.84165317e-01  8.97457499e-01]","[ -1.61843553   0.04181399 -26.22761323 -40.44770107  -0.31073257
  -1.0714739 ]","[ 7.64930081e-01  1.79544022e-02  6.51449802e+01 -4.78313550e+01
 -4.55519402e-01 -9.78029973e-01]","[-3.09283170e-01  2.01888882e-03 -7.69665406e+02 -2.36044557e+02
 -1.15212041e+00  4.56014411e-01]","[ 1.38469039e-01  2.96840191e-02  5.31841621e+01 -5.36435982e+00
 -1.28943721e+00  1.38263077e-01]","[-8.75713571e-02  2.86172921e-03 -3.91683140e+02 -3.23002242e+01
 -4.88317268e-01  9.35612055e-01]",010,LW
150,1,0.3719179277593553,1,"[ -1.53424786   0.06410931 -22.53979652 -32.58163456  -0.76742339
   0.87456414]","[ 4.86324008e-01  2.90155993e-02  5.41867227e+01 -2.43523041e+01
 -1.26431018e+00 -2.61496868e-01]","[ 2.52797952e-01  1.02477765e-02  3.13921525e+01 -5.93587186e+00
 -1.47694609e+00  3.78131339e-01]","[ -1.65647531   0.09174527 -15.8618178  -24.27470964  -0.75922781
  -0.87492123]","[ 7.66683644e-01  1.44235286e-02 -5.57445908e+01  4.47384660e+01
 -7.83183128e-01 -7.25004813e-01]","[-3.10379930e-01  1.44470314e-03 -1.06864612e+03 -3.29686309e+02
 -1.08702556e+00  5.32878676e-01]","[ 1.58119429e-01  3.25110660e-02  4.85696762e+01 -5.67980947e+00
 -1.28690896e+00  1.28835719e-01]","[-8.76996396e-02  2.60169541e-03  3.44167270e+02  3.21833455e+01
 -6.23031323e-01  8.27533892e-01]",010,LW
151,0,0.2350975806506462,0,[-1.52085733  0.09178207  8.12484673 14.35673271 -0.27243426  1.16586118],"[ 5.04195313e-01  2.57706368e-02  6.12025655e+01 -2.88580467e+01
 -1.19348830e+00 -1.44763064e-01]",[ 0.29270287  0.09400853 12.75392524 -1.7331105   0.19953814  1.46449354],[-1.88058553  0.46960206 -2.75131409 -3.17408146  0.09057913 -1.38742081],"[  0.72113233   0.10504515 -11.82066378  10.52426286   0.15458693
  -1.43386365]","[-3.11262717e-01  1.13052824e-03 -1.38659098e+03 -4.29594075e+02
 -1.04047940e+00  2.23405654e-01]",[ 0.19734201  0.06996229 20.48316656 -2.04218918 -0.29188943  1.08280659],"[-7.93242031e-02  1.91325817e-02  6.49585600e+01  7.15278600e+00
  1.54941757e-01  1.43404153e+00]",010,LW
152,0,0.2350975806506462,0,[-1.47523976  0.14110307  9.76084455 16.39958596 -1.55801951  0.52319688],"[ 5.16712259e-01  1.91056692e-02  7.86201073e+01 -3.86239732e+01
 -1.25106093e+00 -4.07584913e-01]",[ 0.34943571  0.13574341 10.70326851 -1.74010425 -1.60975157  0.49616505],[-2.16821197  0.65001284 -2.26705862 -2.91546365 -1.62723799 -0.46673265],[ 0.65844221  0.14761621 -9.92276443  8.53356695 -1.63811685 -0.47094998],"[-3.11904104e-01  8.96863021e-04 -1.74410244e+03 -5.41992709e+02
 -1.38229465e+00  1.60227096e-01]",[ 0.23949827  0.08598182 17.56949671 -2.20786415 -1.66730129  0.36121307],"[-6.78892309e-02  2.68747114e-02  5.44869882e+01  5.69907972e+00
 -1.63786575e+00  4.71592145e-01]",010,LW
153,0,0.2350975806506462,0,[-1.40256764  0.17470608  8.75929172 14.28549916 -1.64539645 -0.07853392],"[ 5.24068232e-01  1.17132449e-02  9.63017799e+01 -4.84687035e+01
 -9.40043469e-01 -6.01805124e-01]",[ 0.42181633  0.15869794  9.6847347  -2.08517926 -1.65297178 -0.11252096],[-2.51626305  0.74127033 -2.07516343 -3.22165707 -1.65530605  0.13394102],[ 0.58072682  0.16843527 -9.1135608   7.29248922 -1.66732763  0.14924689],"[-3.12405166e-01  7.54029799e-04 -2.05358668e+03 -6.39551088e+02
 -1.45918005e+00  3.26505412e-01]",[ 0.28438366  0.09019734 16.98250763 -2.82954771 -1.67362669 -0.23544615],"[-5.37654570e-02  3.06420453e-02  5.00824462e+01  4.69270561e+00
 -1.66921079e+00 -1.50802459e-01]",010,LW
154,0,0.2350975806506462,0,[-1.30872846  0.17832683  8.62137899 13.28304406 -0.83024785 -0.57945795],"[ 5.26703435e-01  7.41489413e-03 -4.34261498e+01  2.48727023e+01
 -1.58790177e+00  1.41869054e-01]",[ 0.50749751  0.15711774  9.76254889 -2.9544693  -0.80374856 -0.6031633 ],[-2.91754324  0.72408346 -2.11499209 -4.17058089 -0.78316654  0.6171412 ],[ 0.49068152  0.16308247 -9.35114673  6.58843487 -0.74420135  0.6612693 ],"[-3.12863434e-01  6.88000214e-04 -2.24720498e+03 -7.01068267e+02
 -8.20378367e-01  3.69855981e-01]",[ 0.33166364  0.08187345 18.35154807 -4.08654117 -0.61004568 -0.79081732],"[-3.74667755e-02  2.95706664e-02  5.15140583e+01  3.93006566e+00
 -7.36831393e-01 -6.73994498e-01]",010,LW
155,0,0.2350975806506462,0,[-1.19997403  0.13032532 12.1314024  16.55736788 -1.32038309 -0.01983857],"[ 5.25318763e-01  9.46331884e-03 -1.66067210e+02  8.92382212e+01
 -1.33697854e+00 -2.45301825e-01]",[ 0.60311352  0.1130665  13.98305645 -6.43337038 -1.3249602  -0.01657684],[-3.3609471   0.52105109 -3.03436761 -8.19834902 -1.32088297 -0.01156316],"[ 3.91441617e-01  1.13852483e-01 -1.38872918e+01  7.43606397e+00
 -1.31616717e+00 -5.27012138e-05]","[-3.13370404e-01  6.86746353e-04 -2.25181368e+03 -7.03651761e+02
 -1.07791945e+00 -5.20982166e-01]","[ 3.80862419e-01  5.22929412e-02  3.02359645e+01 -9.51574260e+00
 -1.30806318e+00  4.27678429e-03]","[-1.96283702e-02  2.02828381e-02  7.79464495e+01  3.52996177e+00
 -1.32060141e+00 -2.80522612e-02]",010,LW
156,0,0.2350975806506462,0,[-1.11999963  0.12620401 12.5216669  16.02426235 -1.31332535 -0.0794095 ],"[ 5.19460536e-01  1.02624936e-02 -1.53985270e+02  8.19892708e+01
 -1.37732911e+00 -7.06833145e-03]",[ 0.67203325  0.10901078 14.49301381 -7.73978712 -1.31898303 -0.09428578],[-3.68314315  0.51391473 -3.07582674 -9.32871021 -1.31941084  0.05300177],"[  0.32081723   0.11207931 -14.10439687   6.5249335   -1.31352578
   0.0480867 ]","[-3.13903752e-01  9.74138914e-04 -1.59069246e+03 -4.97324332e+02
 -1.11066838e+00 -4.94215910e-01]","[ 4.13681867e-01  5.20585081e-02  3.03713765e+01 -1.05640877e+01
 -1.30657486e+00 -1.86188984e-02]","[-7.25453368e-03  1.94750321e-02  8.11251678e+01  2.58852526e+00
 -1.31525723e+00 -9.46671785e-02]",010,LW
157,0,0.2350975806506462,0,[-1.0437426   0.1177855  13.40479875 15.99115956 -1.3011987  -0.13172588],"[ 5.13561498e-01  9.57149304e-03 -1.64341372e+02  8.63994014e+01
 -1.34129712e+00  2.25727614e-01]",[ 0.73675991  0.09964829 15.82458246 -9.65891797 -1.3026392  -0.17840383],"[ -3.99409568   0.485231    -3.25449746 -10.99877425  -1.3109224
   0.12094748]","[  0.25233761   0.10687545 -14.78300931   5.73030924  -1.3080135
   0.09554431]","[-3.14637608e-01  1.33582819e-03 -1.16492147e+03 -3.64528104e+02
 -1.16061283e+00 -4.38352094e-01]","[  0.44615188   0.05109267  30.94279571 -11.80518644  -1.30460176
  -0.03817974]","[ 4.34985887e-03  1.78456092e-02  8.83885388e+01  1.61552233e+00
 -1.30245396e+00 -1.69090128e-01]",010,LW
158,0,0.2024528887772834,0,[-0.97333768  0.10659976 14.79697961 16.40245781 -1.28569642 -0.17226739],"[ 5.08511144e-01  7.55998662e-03 -2.03736525e+02  1.05602294e+02
 -1.18923789e+00  5.09331494e-01]","[  0.79422124   0.08577396  18.31533567 -12.54642865  -1.2713184
  -0.27609333]","[ -4.28105615   0.43708829  -3.60593909 -13.4372277   -1.2939185
   0.19536673]","[  0.18805032   0.09865116 -15.99974574   5.00875728  -1.2993251
   0.14547446]","[-3.15608455e-01  1.74760955e-03 -8.94734539e+02 -2.80385785e+02
 -1.21276271e+00 -3.66076977e-01]","[  0.47784109   0.04951743  31.9229717  -13.25410764  -1.30289835
  -0.05568505]","[ 1.46897407e-02  1.54787431e-02  1.01567229e+02  5.08003741e-01
 -1.27705930e+00 -2.60132308e-01]",010,LW
159,0,0.2024651614358388,0,[-0.90984118  0.09454845 16.67416217 17.17083943 -1.27079838 -0.1915711 ],"[ 5.05013888e-01  4.72076575e-03 -2.98812145e+02  1.52904283e+02
 -7.41572645e-01  8.94587153e-01]","[  0.84191073   0.06853488  22.75030058 -17.15372209  -1.21232113
  -0.40165503]","[ -4.53292714   0.37311425  -4.20939004 -17.08085837  -1.26456489
   0.28257113]","[  0.12974586   0.08785454 -17.93658412   4.3271976   -1.28600225
   0.20255353]","[-3.16833772e-01  2.16918825e-03 -7.23946985e+02 -2.27370854e+02
 -1.25732711e+00 -2.86842948e-01]","[  0.50837377   0.04741508  33.33222926 -14.94523105  -1.30156525
  -0.07357242]","[ 2.33283774e-02  1.24947469e-02  1.24925970e+02 -9.14320168e-01
 -1.22460374e+00 -3.84883989e-01]",010,LW
160,0,0.2141941832272484,0,[-0.85310419  0.08369175 18.8460981  18.07768534 -1.26195673 -0.17606208],"[ 5.03454080e-01  2.23990623e-03 -2.23985594e+02  1.14766461e+02
 -1.22483674e+00  4.86606938e-01]","[  0.87803061   0.04928546  31.06710419 -25.27786845  -1.08519652
  -0.58709878]","[ -4.74094736   0.29777756  -5.23868379 -22.83632406  -1.21178295
   0.39613696]","[  0.07895437   0.07491676 -20.97297676   3.6559081   -1.26390072
   0.27488664]","[-3.18304556e-01  2.55146078e-03 -6.17503412e+02 -1.94554150e+02
 -1.29061720e+00 -2.06390749e-01]","[  0.53740847   0.044809    35.26079762 -16.94945143  -1.30006588
  -0.09450785]","[ 2.99018265e-02  9.05026882e-03  1.69197251e+02 -3.05930685e+00
 -1.09695996e+00 -5.81435340e-01]",010,LW
161,0,0.2141941832272484,0,[-0.80179808  0.0759612  20.79270055 18.6715474  -1.261368   -0.1140263 ],"[ 5.03803243e-01  2.90378009e-03  4.46652316e+02 -2.23024885e+02
 -7.37038029e-01  8.31248612e-01]","[ 9.01535596e-01  2.96508976e-02  4.83345518e+01 -4.15753190e+01
 -7.43133519e-01 -8.91715336e-01]","[ -4.89899661   0.2158647   -7.11234607 -32.84335934  -1.0999341
   0.56619807]","[  0.03696752   0.06023005 -25.93258407   2.95866327  -1.22122485
   0.37810466]","[-3.19982684e-01  2.84688031e-03 -5.54624782e+02 -1.75470326e+02
 -1.31215050e+00 -1.27491269e-01]","[  0.56461365   0.04168285  37.888001   -19.39208236  -1.2973935
  -0.12067448]","[ 3.41257927e-02  5.39617503e-03  2.61336942e+02 -6.91833029e+00
 -7.11605303e-01 -9.10066327e-01]",010,LW
162,0,0.2141941832272484,0,"[-7.53599758e-01  7.28783200e-02  2.16928199e+01  1.83477038e+01
 -1.26237449e+00 -1.00263160e-02]","[ 5.05594603e-01  4.41628091e-03  3.51547657e+02 -1.75740598e+02
 -1.38389961e+00  3.54499964e-01]","[ 9.12102271e-01  1.36171855e-02  5.21356658e+01 -4.55530592e+01
 -9.12784003e-01 -6.58977301e-01]","[ -5.00361813   0.13290859 -10.93390158 -52.70906812  -0.8000757
   0.85211508]","[ 4.86310573e-03  4.41997012e-02 -3.48086627e+01  2.16927821e+00
 -1.12022305e+00  5.45348783e-01]","[-3.21804987e-01  3.01977188e-03 -5.23453371e+02 -1.66449905e+02
 -1.32231545e+00 -5.17902684e-02]","[ 5.89655719e-01  3.80185811e-02  4.15090803e+01 -2.24760666e+01
 -1.29227863e+00 -1.53643335e-01]","[ 3.57965341e-02  2.62493759e-03  1.38968557e+02 -2.97459267e+00
 -1.49521452e+00 -3.53819084e-01]",010,LW
163,0,0.2141941832272484,0,[-0.70550147  0.07531946 20.97237573 16.79604197 -1.25640136  0.10523885],"[ 5.07972693e-01  4.61465491e-03  3.39660839e+02 -1.70538431e+02
 -1.47739268e+00 -1.88263151e-01]","[ 9.10058287e-01  1.76902726e-02 -6.87853887e+01  6.45987130e+01
 -4.93260282e-01 -9.68887984e-01]","[-5.05389942e+00  6.19740085e-02 -1.44965988e+01 -7.12643520e+01
 -6.14126980e-01  8.34071507e-01]","[-1.64943302e-02  2.75099420e-02 -5.28331190e+01  1.12855309e+00
 -8.19325973e-01  8.40172259e-01]","[-3.23692566e-01  3.05353214e-03 -5.17767547e+02 -1.65597506e+02
 -1.32237751e+00  1.92431281e-02]","[ 6.12203597e-01  3.38281672e-02  4.65957065e+01 -2.65260591e+01
 -1.28327869e+00 -1.95060963e-01]","[ 3.47899609e-02  4.55072945e-03 -2.85225087e+02  1.19229696e+01
 -4.90783309e-01 -1.01467588e+00]",010,LW
164,0,0.2154404734568281,0,[-0.65421149  0.08336942 18.9095161  14.37082277 -1.24774392  0.19308458],"[ 5.09812327e-01  3.28349962e-03  4.05843272e+02 -2.04903903e+02
 -9.12858736e-01 -7.04768509e-01]","[ 8.96296915e-01  3.30240029e-02 -4.56457045e+01  4.29121041e+01
 -1.02351316e+00 -6.74797156e-01]","[-5.05131889e+00  6.72032084e-02  1.66519591e+01  8.61143556e+01
 -4.99409826e-01  9.26254245e-01]","[-2.64939871e-02  1.30634238e-02 -6.25581721e+01  3.42584593e-01
 -7.78838688e-01  7.23537344e-01]","[-3.25562167e-01  2.95242876e-03 -5.35205830e+02 -1.72242770e+02
 -1.31465557e+00  8.48415698e-02]","[ 6.31944657e-01  2.91649318e-02  5.39405182e+01 -3.20874222e+01
 -1.26815676e+00 -2.48096644e-01]","[ 3.10631907e-02  8.48408123e-03 -1.77625834e+02  7.51762515e+00
 -9.88308511e-01 -6.93498720e-01]",010,LW
165,2,0.294947494018444,1,[-0.59661916  0.09629077 16.34873275 11.75396727 -1.24784997  0.23478958],"[ 5.09887538e-01  3.14009697e-03 -1.77310066e+02  9.24081928e+01
 -9.96194394e-01 -6.45338256e-01]","[  0.87218658   0.0475155  -32.76957148  30.58118032  -1.22005678
  -0.41333626]",[-4.99958517  0.12961987 11.54303722 59.71039774 -0.98635214  0.71154947],"[-2.48559055e-02  1.63651037e-02  7.08768263e+01  3.76170770e+00
 -4.44273365e-01  9.83709824e-01]","[-3.27336926e-01  2.73740306e-03 -5.76591646e+02 -1.86739737e+02
 -1.30149011e+00  1.45809169e-01]","[ 6.48606105e-01  2.41188648e-02  6.50015974e+01 -4.01604330e+01
 -1.24183396e+00 -3.19424767e-01]","[ 2.46596852e-02  1.25468404e-02 -1.23597200e+02  5.04786805e+00
 -1.16997065e+00 -4.69077715e-01]",010,LW
166,2,0.294947494018444,1,[-0.53027941  0.11256223 13.98528979  9.4161112  -1.2602332   0.23374799],"[ 5.07056756e-01  7.76907154e-03 -1.76740835e+02  9.16176345e+01
 -5.25518894e-01 -1.02603625e+00]","[  0.83946996   0.05934113 -26.49441044  24.24126165  -1.28575051
  -0.25670898]",[-4.90440801  0.19013835  8.17638257 42.10031612 -1.21143146  0.43150903],"[-1.17212912e-02  3.19998007e-02  4.66484386e+01  2.54677993e+00
 -9.53102151e-01  7.34268435e-01]","[-3.28954007e-01  2.43766708e-03 -6.46391672e+02 -2.10633131e+02
 -1.28411672e+00  2.05130664e-01]","[ 6.61976826e-01  1.88115878e-02  8.27760801e+01 -5.27958468e+01
 -1.19132894e+00 -4.22495141e-01]","[ 1.57156170e-02  1.63896839e-02 -9.55745281e+01  3.50201268e+00
 -1.24340841e+00 -3.32295237e-01]",010,LW
167,2,0.294947494018444,1,[-0.45384771  0.12999674 12.12260421  7.50181614 -1.27972891  0.20217041],"[ 5.00427351e-01  1.42823279e-02 -1.05401601e+02  5.47458440e+01
 -9.59213626e-01 -7.11433522e-01]","[  0.80014332   0.06795245 -23.22305708  20.58177397  -1.31036061
  -0.15094654]",[-4.77310235  0.2396178   6.55853155 33.30454234 -1.28379321  0.26564418],"[ 1.22747989e-02  4.79301077e-02  3.23419373e+01  1.60300922e+00
 -1.18048144e+00  4.68518440e-01]","[-3.30366949e-01  2.08131235e-03 -7.55135388e+02 -2.47471774e+02
 -1.26176890e+00  2.69765668e-01]","[ 6.71926219e-01  1.34046591e-02  1.14303472e+02 -7.48034995e+01
 -1.07948399e+00 -5.85795969e-01]","[ 4.46302699e-03  1.98123516e-02 -7.94313495e+01  2.35450426e+00
 -1.27909810e+00 -2.37749386e-01]",010,LW
168,2,0.294947494018444,1,[-0.36738884  0.14602569 10.80723892  5.97045896 -1.29925957  0.15197145],"[ 4.89472086e-01  2.14220671e-02 -7.22043307e+01  3.73420044e+01
 -1.14785993e+00 -4.98238329e-01]","[  0.75631682   0.07321531 -21.58561396  18.32556293  -1.3185106
  -0.0721267 ]",[-4.61398105  0.27578251  5.7212934  28.39793936 -1.30926205  0.15660868],[ 0.04597699  0.06198509 25.30306514  0.83664119 -1.26357433  0.3068485 ],"[-3.31542299e-01  1.68752924e-03 -9.26974075e+02 -3.05331116e+02
 -1.22772933e+00  3.56244478e-01]","[ 6.78417761e-01  8.14436811e-03  1.78012442e+02 -1.18766802e+02
 -7.79483432e-01 -8.65601690e-01]","[-8.77514985e-03  2.26596609e-02 -6.96190975e+01  1.38908199e+00
 -1.29790458e+00 -1.65854936e-01]",010,LW
169,2,0.294947494018444,1,[-0.27248877  0.15813161  9.99168266  4.72262132 -1.31404028  0.0916258 ],"[ 4.74083011e-01  2.84055998e-02 -5.50774332e+01  2.81112754e+01
 -1.23649468e+00 -3.52035048e-01]","[ 7.10072254e-01  7.52672185e-02 -2.10062122e+01  1.69159284e+01
 -1.31877821e+00 -9.00826779e-03]",[-4.43560455  0.2985202   5.2936716  25.48063384 -1.31637125  0.07922174],[ 0.08774459  0.07319443 21.53227537  0.11065925 -1.29962866  0.19520963],"[-3.32452414e-01  1.26291437e-03 -1.22356574e+03 -4.04777384e+02
 -1.15092421e+00  5.03804430e-01]","[ 6.81515937e-01  3.75158120e-03  2.39747061e+02 -1.61391443e+02
 -5.97468509e-01 -8.47729376e-01]","[-2.36008168e-02  2.48215337e-02 -6.36389210e+01  4.98069481e-01
 -1.30768126e+00 -1.07662496e-01]",010,LW
170,2,0.294947494018444,1,[-0.17212628  0.16428151  9.62362265  3.65647838 -1.32199911  0.02573147],"[ 4.54563829e-01  3.45891298e-02 -4.54852422e+01  2.26759459e+01
 -1.28185633e+00 -2.43232975e-01]","[  0.66334202   0.07443226 -21.23873813  16.08854751  -1.31476253
   0.04463604]","[-4.24604307e+00  3.09124140e-01  5.11457808e+00  2.37167188e+01
 -1.31542488e+00  2.24628437e-02]",[ 0.13554218  0.08094448 19.51368121 -0.64492697 -1.31599918  0.10858507],"[-3.33067060e-01  8.08634399e-04 -1.81375680e+03 -6.02102644e+02
 -8.85940325e-01  7.92889900e-01]","[ 6.81384224e-01  4.01878134e-03 -2.79085525e+02  1.92164474e+02
 -5.00783136e-01 -9.25323828e-01]","[-3.95651726e-02  2.62382892e-02 -6.02429568e+01 -3.83522984e-01
 -1.31209989e+00 -5.84807576e-02]",010,LW
171,2,0.2528046932075753,1,[-0.07032033  0.1632159   9.68535537  2.68107735 -1.32239265 -0.04447715],"[ 4.31577560e-01  3.94601905e-02 -3.99875400e+01  1.92577249e+01
 -1.30620284e+00 -1.55551705e-01]","[  0.6178278    0.07113626 -22.21088417  15.72250175  -1.30808403
   0.09319232]","[-4.05230885e+00  3.09738695e-01  5.10453370e+00  2.26851471e+01
 -1.31132927e+00 -1.95411585e-02]",[ 0.1870654   0.08489063 18.62290349 -1.48370082 -1.32205496  0.03471491],"[-3.33345623e-01  4.03241288e-04 -1.87064021e+03 -6.21569726e+02
 -9.79829537e-01  5.82501225e-01]","[ 6.78268674e-01  7.78784088e-03 -1.92067324e+02  1.32273249e+02
 -9.76267440e-01 -7.17144942e-01]","[-5.61963222e-02  2.68976927e-02 -5.87814087e+01 -1.30329899e+00
 -1.31316939e+00 -1.53247275e-02]",010,LW
172,2,0.260002530675485,1,[ 0.0283551   0.15453505 10.21877766  1.71024558 -1.31432311 -0.12072795],"[  0.40607206   0.04263388 -37.06571352  17.05135064  -1.31893769
  -0.07897765]","[  0.57496471   0.06582643 -23.98084261  15.78813832  -1.29914553
   0.1408268 ]",[-3.8600614   0.30274708  5.22151026 22.15535022 -1.30667437 -0.05113566],[ 0.23988012  0.0849344  18.61347086 -2.46500161 -1.32128948 -0.03375767],"[-3.33230963e-01  6.34675711e-04  1.84532656e+03  6.16919947e+02
 -3.06493780e-01  1.09401602e+00]","[ 6.72462890e-01  1.15788248e-02 -1.34049204e+02  9.21431151e+01
 -1.18646545e+00 -4.55180177e-01]","[-7.30242248e-02  2.68242558e-02 -5.89407904e+01 -2.30410552e+00
 -1.31202891e+00  2.41925531e-02]",010,LW
173,2,0.260002530675485,1,[ 0.11925054  0.1385917  11.36670448  0.64451432 -1.29519376 -0.20868042],"[ 3.79199221e-01  4.38487262e-02 -3.60570245e+01  1.56727956e+01
 -1.32376029e+00 -6.57798521e-03]","[  0.53592828   0.0589057  -26.76028681  16.34159449  -1.28706237
   0.19273732]",[-3.6736362   0.29019351  5.44597397 22.00652712 -1.30272774 -0.07672368],[ 0.29155798  0.08119562 19.45556394 -3.67242486 -1.31448306 -0.10271848],"[-3.32645671e-01  1.37331187e-03  1.06594494e+03  3.56581969e+02
 -7.67458977e-01  8.63150728e-01]","[ 6.64259103e-01  1.50141760e-02 -1.04423872e+02  7.13645076e+01
 -1.24805279e+00 -3.16977165e-01]","[-8.95991713e-02  2.60652121e-02 -6.06410901e+01 -3.43339143e+00
 -1.30920203e+00  6.23851035e-02]",010,LW
174,2,0.2551924678508922,1,[ 0.19800249  0.11625321 13.48029433 -0.66913191 -1.2563674  -0.32187117],"[  0.3522323    0.04297352 -36.77775044  14.95431175  -1.32135352
   0.06720006]","[  0.50167615   0.05068981 -31.02249384  17.56324514  -1.268667
   0.25698088]",[-3.49638226  0.27334623  5.77954194 22.20748794 -1.29987485 -0.10181707],[ 0.33979673  0.0739762  21.31643533 -5.24325495 -1.3000905  -0.17870582],"[-3.31490964e-01  2.33356276e-03  6.52219335e+02  2.18204816e+02
 -9.93383657e-01  6.53867902e-01]","[ 6.53895974e-01  1.81540540e-02 -8.66722590e+01  5.86746412e+01
 -1.26645804e+00 -2.44304790e-01]","[-1.05502844e-01  2.46782000e-02 -6.40158489e+01 -4.75385409e+00
 -1.30463327e+00  1.01795073e-01]",010,LW
175,2,0.2551924678508922,1,[ 0.26073639  0.08867647 17.44026582 -2.54731198 -1.1662725  -0.49205762],"[  0.32648027   0.04002067 -39.43427958  14.87451432  -1.31013906
   0.14809328]","[  0.4730084    0.04139731 -37.80403128  19.88162416  -1.2346789
   0.34817653]",[-3.3311966   0.25247909  6.25335142 22.83114296 -1.29730202 -0.13380913],[ 0.38252195  0.06372815 24.65699433 -7.43184149 -1.2726319  -0.27126079],"[-3.29647987e-01  3.51061210e-03  4.39608671e+02  1.46916113e+02
 -1.09295201e+00  5.33900205e-01]","[ 6.41511828e-01  2.11832591e-02 -7.43777668e+01  4.97142171e+01
 -1.27009919e+00 -2.09636438e-01]","[-1.20353779e-01  2.27243665e-02 -6.94588069e+01 -6.35962986e+00
 -1.29755500e+00  1.45447127e-01]",010,LW
176,2,0.253597957273429,1,[ 0.30412875  0.0574798  25.6067173  -5.78773888 -0.89480219 -0.78607263],"[ 3.03201977e-01  3.51499956e-02 -4.47550394e+01  1.55698164e+01
 -1.28526132e+00  2.44494608e-01]","[ 4.50623589e-01  3.11915285e-02 -4.95817634e+01  2.43427121e+01
 -1.15548081e+00  4.96213236e-01]",[-3.1810727   0.22695055  6.94786833 24.10167428 -1.29180469 -0.18224482],"[  0.41797333   0.05104302  30.5540877  -10.77079367  -1.21675375
  -0.39740879]","[-3.26981974e-01  4.91999034e-03  3.15881186e+02  1.05287454e+02
 -1.14904706e+00  4.54977643e-01]","[ 6.27111659e-01  2.43371070e-02 -6.47656960e+01  4.26153231e+01
 -1.26859413e+00 -1.97811111e-01]","[-1.33810779e-01  2.02684888e-02 -7.77613062e+01 -8.40530098e+00
 -1.28612235e+00  1.97202198e-01]",010,LW
177,2,0.253597957273429,1,"[ 3.25393594e-01  2.83079807e-02  3.21454319e+01 -8.45991760e+00
 -6.87145047e-01 -7.70741195e-01]","[ 2.83526615e-01  2.86573131e-02 -5.45125106e+01  1.74557476e+01
 -1.23308008e+00  3.72409546e-01]","[ 4.35147590e-01  2.03434059e-02 -7.29160016e+01  3.37292224e+01
 -9.19298856e-01  7.62804770e-01]",[-3.04948008  0.19564105  8.03616711 26.50613155 -1.27532048 -0.25959032],"[ 4.44780929e-01  3.66871970e-02  4.16917037e+01 -1.65436747e+01
 -1.08473373e+00 -5.92510591e-01]","[-3.23350888e-01  6.56448626e-03  2.37789502e+02  7.88894466e+01
 -1.18743663e+00  3.94899543e-01]","[ 6.10557289e-01  2.78482761e-02 -5.65997736e+01  3.65574043e+01
 -1.26602763e+00 -1.98124881e-01]","[-1.45577921e-01  1.73854133e-02 -9.04291497e+01 -1.11644876e+01
 -1.26655070e+00  2.62499209e-01]",010,LW
178,2,0.253597957273429,1,"[  0.32230763   0.03457597 -31.87233523  12.27269696  -0.40825131
  -0.99593771]","[ 2.68382528e-01  2.09714960e-02 -7.31560891e+01  2.16338162e+01
 -1.10935048e+00  5.66315783e-01]","[ 4.27116183e-01  1.01404482e-02 -1.05160500e+02  4.69157511e+01
 -4.96802963e-01  9.18289054e-01]",[-2.94042813  0.15770043  9.89655241 31.10010109 -1.22764023 -0.38551287],"[ 4.62033143e-01  2.18171390e-02  6.49216292e+01 -2.79959444e+01
 -7.08990409e-01 -9.13429049e-01]","[-3.18619168e-01  8.42171417e-03  1.85942551e+02  6.12448610e+01
 -1.21733361e+00  3.43359371e-01]","[ 5.91582338e-01  3.19050477e-02 -4.93963597e+01  3.12220139e+01
 -1.26443058e+00 -2.02363631e-01]","[-1.55413389e-01  1.41697400e-02 -1.10438543e+02 -1.51636283e+01
 -1.23083162e+00  3.50198487e-01]",010,LW
179,2,0.2512966893208567,1,"[  0.2933671    0.07122753 -20.71612611   8.07742974  -0.86842903
  -0.79899804]","[ 2.58433595e-01  1.27513393e-02 -1.12196782e+02  3.09954177e+01
 -7.54026390e-01  8.85318538e-01]","[ 4.26902445e-01  9.70579845e-03  9.94222243e+01 -4.04435907e+01
 -5.56951031e-01  8.68993954e-01]",[-2.85813452  0.11348321 13.45401126 40.45337402 -1.08723377 -0.59958966],"[ 4.69331351e-01  1.01407798e-02  5.19008476e+01 -2.23586949e+01
 -1.22900545e+00 -4.90942733e-01]","[-3.12675007e-01  1.04380514e-02  1.50402260e+02  4.90270276e+01
 -1.24193128e+00  2.95678697e-01]","[ 5.69823489e-01  3.66278746e-02 -4.30230553e+01  2.65155475e+01
 -1.26449590e+00 -2.05191432e-01]","[-1.63142006e-01  1.07449683e-02 -1.44245841e+02 -2.15325559e+01
 -1.15949821e+00  4.77379468e-01]",010,LW
180,2,0.2512966893208567,1,"[  0.23806422   0.11185653 -13.77514152   5.27936834  -1.12579193
  -0.53390012]","[ 2.54027489e-01  5.95932473e-03 -1.07608829e+02  2.93356008e+01
 -1.04392958e+00  5.82853495e-01]","[ 4.34598854e-01  2.01008033e-02  7.29989891e+01 -2.97252770e+01
 -8.65631687e-01  8.06959174e-01]",[-2.80633526  0.06614606 20.84173933 60.48890787 -0.64754969 -0.94446342],"[ 4.66821606e-01  1.50250543e-02 -8.48304885e+01  4.16007049e+01
 -5.29328910e-01 -9.72841965e-01]","[-3.05448205e-01  1.25300994e-02  1.25546513e+02  4.03479572e+01
 -1.26212730e+00  2.50156719e-01]","[  0.54485932   0.04206609 -37.46202892  22.41153562  -1.26611206
  -0.20432014]","[-1.68668760e-01  7.27320522e-03 -2.07838109e+02 -3.30557961e+01
 -9.94149847e-01  6.81253856e-01]",010,LW
181,2,0.2512966893208567,1,"[  0.15717905   0.15104672 -10.34592504   3.62616267  -1.22917831
  -0.36937106]","[ 2.55165089e-01  8.20501239e-03  1.50901651e+02 -3.65048334e+01
 -5.06106069e-01  9.70601282e-01]","[ 4.49884453e-01  3.13003327e-02  4.93258811e+01 -2.01909470e+01
 -1.15781291e+00  5.07833418e-01]",[-2.78740818  0.03314706  4.21490513 13.74866106 -1.67815686 -0.26714274],"[ 4.55193540e-01  2.71701336e-02 -5.57916794e+01  2.73960120e+01
 -1.05993377e+00 -6.39952087e-01]","[-2.96925587e-01  1.45931146e-02  1.07973833e+02  3.40601938e+01
 -1.27826594e+00  2.06440181e-01]","[  0.51625384   0.04820331 -32.6975474   18.88023452  -1.26909582
  -0.19930539]","[-1.71988921e-01  4.00353116e-03 -3.39519287e+02 -5.63935557e+01
 -5.51311342e-01  1.00252989e+00]",010,LW
182,2,0.2512966893208567,1,[ 0.05294667  0.18570911 -8.46782778  2.44834328 -1.27832963 -0.25429935],"[ 2.61502484e-01  1.50820037e-02  1.00207702e+02 -2.42045629e+01
 -1.04537424e+00  6.56445388e-01]","[  0.47191929   0.04106707  38.16367197 -16.01017291  -1.26737579
   0.31715502]","[-2.80157093e+00  5.90443557e-02 -2.28490735e+01 -6.20133002e+01
 -6.26451137e-01 -9.45577865e-01]","[ 4.35640188e-01  3.81657533e-02 -4.08868459e+01  1.98119532e+01
 -1.24140184e+00 -3.82354479e-01]","[-2.87161693e-01  1.65119548e-02  9.55472489e+01  2.94375097e+01
 -1.29084240e+00  1.64374350e-01]","[  0.48360687   0.05494979 -28.69135003  15.87533412  -1.2735728
  -0.18992511]","[-1.73190124e-01  1.87671794e-03 -6.70662945e+01 -9.61521987e+00
 -1.67501755e+00  2.77918398e-01]",010,LW
183,2,0.2512966893208567,1,[-0.07102167  0.21352933 -7.38757233  1.47532225 -1.30231654 -0.16662857],"[ 2.72396091e-01  2.13939912e-02  7.28887995e+01 -1.78546241e+01
 -1.23579959e+00  3.92037469e-01]","[  0.4993066    0.04827058  32.66547402 -14.31008677  -1.31564748
   0.17677476]","[ -2.84640994   0.1008351  -15.16195692 -41.15714494  -1.12292044
  -0.57713037]","[  0.40977742   0.04655922 -33.81602564  15.8570439   -1.30354939
  -0.2202539 ]","[-2.76284403e-01  1.81690713e-02  8.69157677e+01  2.60134710e+01
 -1.30056519e+00  1.23326532e-01]","[  0.44661649   0.06211115 -25.39390385  13.34133614  -1.2797821
  -0.1754265 ]","[-1.72443581e-01  3.23657550e-03  4.22018194e+02  7.47743285e+01
 -6.69087942e-01  9.21591586e-01]",010,LW
184,2,0.2512966893208567,1,[-0.21008895  0.23316205 -6.77583865  0.57647117 -1.31247365 -0.09725374],"[ 2.86991641e-01  2.63439241e-02  5.97351407e+01 -1.51434861e+01
 -1.29471122e+00  2.34458536e-01]","[  0.53014578   0.05210359  30.33387283 -14.08137482  -1.33539241
   0.05745241]","[ -2.9168824    0.13541258 -11.56815398 -31.7429448   -1.28210565
  -0.31932164]","[  0.37952846   0.05178745 -30.50186674  13.5763266   -1.32622193
  -0.10193443]","[-2.64496548e-01  1.94479301e-02  8.12558194e+01  2.34918838e+01
 -1.30805207e+00  8.19975521e-02]","[  0.40515505   0.06935213 -22.75478555  11.21921623  -1.28753696
  -0.1549058 ]","[-1.69984541e-01  5.47869693e-03  2.79651590e+02  4.95364470e+01
 -1.12394220e+00  5.66199239e-01]",010,LW
185,2,0.2512966893208567,1,[-0.35910682  0.24431199 -6.4707494  -0.32369023 -1.31495953 -0.04150888],"[ 3.04340563e-01  2.97888713e-02  5.29982567e+01 -1.41295193e+01
 -1.31243003e+00  1.32708105e-01]","[  0.56217246   0.05210537  30.33286739 -15.05230263  -1.33599339
  -0.05691656]","[ -3.0057611    0.15761074 -10.01212648 -28.09406031  -1.33334181
  -0.14395141]","[ 3.46986181e-01  5.36404208e-02 -2.94741182e+01  1.22271117e+01
 -1.33089271e+00 -3.39427127e-03]","[-2.52074265e-01  2.02352813e-02  7.81268619e+01  2.16937713e+01
 -1.31346798e+00  3.86178449e-02]","[  0.35934779   0.07619404 -20.72397824   9.44711588  -1.29590434
  -0.12815342]","[-1.66085356e-01  7.43266173e-03  2.10503171e+02  3.69614940e+01
 -1.25183807e+00  3.46245343e-01]",010,LW
186,2,0.2783994583156519,1,"[-5.12918764e-01  2.47487012e-01 -6.38865959e+00 -1.27686338e+00
 -1.31371600e+00  4.42048587e-03]","[ 3.23513361e-01  3.18343980e-02  4.96499447e+01 -1.40624205e+01
 -1.31540760e+00  6.33527703e-02]","[  0.59296022   0.04820996  32.70227187 -17.39114646  -1.31684584
  -0.18028408]","[-3.10436501e+00  1.65430160e-01 -9.55604012e+00 -2.76654366e+01
 -1.34466451e+00 -2.78097665e-03]","[  0.31426892   0.05218097 -30.27907596  11.51577263  -1.32382596
   0.08866349]","[-2.39361709e-01  2.04269618e-02  7.74021841e+01  2.05271191e+01
 -1.31638066e+00 -8.81261438e-03]","[  0.30963377   0.08206798 -19.25173741   7.96098807  -1.30354094
  -0.09601286]","[-1.61026689e-01  8.98523695e-03  1.75248224e+02  3.02196412e+01
 -1.29049733e+00  2.20871116e-01]",010,LW
187,2,0.2783994583156519,1,[-0.66669724  0.24353422 -6.49132651 -2.32774949 -1.31101787  0.04491877],"[ 3.43677237e-01  3.26933983e-02  4.83610988e+01 -1.46206088e+01
 -1.31367567e+00  1.36314513e-02]","[  0.62014898   0.04075011  38.42203301 -21.82738448  -1.26492441
  -0.33243613]","[ -3.20338554   0.15855583  -9.95528523 -29.89061676  -1.33221935
   0.13346296]","[  0.28338399   0.04769856 -33.05167607  11.36631573  -1.30487688
   0.18507731]","[-2.26760937e-01  1.99388192e-02  7.92718190e+01  1.99757520e+01
 -1.31574903e+00 -6.26390384e-02]","[  0.25679166   0.08640554 -18.2935326    6.69762664  -1.30938345
  -0.05985767]","[-1.55072984e-01  1.01563763e-02  1.55413650e+02  2.61004584e+01
 -1.30265152e+00  1.43573290e-01]",010,LW
188,2,0.2783994583156519,1,[-0.81603576  0.23317759 -6.77674144 -3.53006332 -1.30760166  0.08541878],"[ 3.64117627e-01  3.25687705e-02  4.85443582e+01 -1.56758565e+01
 -1.31158744e+00 -2.63708123e-02]","[ 6.41665312e-01  3.04480443e-02  5.04351747e+01 -3.03625021e+01
 -1.13170328e+00 -5.51545035e-01]","[ -3.29366095   0.13789192 -11.37819981 -35.47593239  -1.28808733
   0.29321923]","[  0.25611086   0.04065854 -38.58999598  11.88331694  -1.26701595
   0.29955513]","[-2.14715117e-01  1.87206406e-02  8.43463886e+01  2.01104447e+01
 -1.30961273e+00 -1.26164745e-01]","[  0.20192213   0.0887242  -17.81994061   5.59824035  -1.31294288
  -0.02068022]","[-1.48456954e-01  1.10008240e-02  1.43626767e+02  2.33223923e+01
 -1.30609118e+00  9.30317043e-02]",010,LW
189,2,0.2783994583156519,1,[-0.95682439  0.2167411  -7.28447174 -4.96996022 -1.30252895  0.13274544],"[ 3.84204696e-01  3.15627042e-02  5.00762587e+01 -1.72395338e+01
 -1.31040047e+00 -6.68473891e-02]","[ 6.55908751e-01  1.85575320e-02  7.63760402e+01 -4.80957132e+01
 -7.38552468e-01 -8.94821652e-01]","[ -3.36683618   0.10548197 -14.60043396 -47.15726923  -1.16310208
   0.5211966 ]","[ 2.33912689e-01  3.16620627e-02 -4.90168602e+01  1.34656656e+01
 -1.18678762e+00  4.56261847e-01]","[-2.03683724e-01  1.67697995e-02  9.39531750e+01  2.11367326e+01
 -1.29398487e+00 -2.04833474e-01]","[  0.14638846   0.08867803 -17.82912484   4.60997805  -1.31398752
   0.02146668]","[-1.41374767e-01  1.15760233e-02  1.36549803e+02  2.13046965e+01
 -1.30694263e+00  5.77085660e-02]",010,LW
190,2,0.2783994583156519,1,[-1.08503119  0.19413607 -8.11854111 -6.80887033 -1.29222557  0.19592966],"[ 4.03324310e-01  2.96345811e-02  5.32908308e+01 -1.94934876e+01
 -1.30841002e+00 -1.19424158e-01]","[ 6.61884787e-01  8.91716001e-03  5.20882189e+01 -3.24763996e+01
 -1.34210798e+00 -4.26662953e-01]","[-3.41591384e+00  6.53396155e-02 -2.16876750e+01 -7.20832292e+01
 -7.63423069e-01  8.78033777e-01]","[ 2.17878189e-01  2.14609621e-02 -7.00005853e+01  1.72516007e+01
 -9.82208657e-01  7.05165667e-01]","[-1.94110700e-01  1.41422358e-02  1.10897373e+02  2.35263668e+01
 -1.25983351e+00 -3.08721836e-01]","[  0.09172799   0.08607547 -18.36205892   3.68431474  -1.31207269
   0.06749467]","[-1.33990013e-01  1.19258689e-02  1.32570039e+02  1.97630613e+01
 -1.30724574e+00  3.04209824e-02]",010,LW
191,2,0.2783994583156519,1,[-1.19654251  0.16510926 -9.50886234 -9.37775805 -1.26732802  0.28850452],"[ 4.20805161e-01  2.66254282e-02  5.91865746e+01 -2.29060161e+01
 -1.29909209e+00 -1.98374703e-01]","[ 6.59265793e-01  1.39703336e-02 -9.19100890e+01  6.25931777e+01
 -5.27498874e-01 -9.80257041e-01]","[-3.43569237e+00  3.28352229e-02 -1.10552904e+01 -3.59825768e+01
 -1.50482627e+00  3.40193475e-01]","[ 2.08690266e-01  1.13239819e-02 -1.10382686e+02  2.50357922e+01
 -4.55767566e-01  1.01567998e+00]","[-1.86389031e-01  1.09606267e-02  1.41574843e+02  2.83879978e+01
 -1.18314875e+00 -4.58832754e-01]","[  0.03955071   0.08088509 -19.52494954   2.77222568  -1.30621743
   0.11915774]","[-1.26442333e-01  1.20764711e-02  1.30926125e+02  1.85546048e+01
 -1.30734490e+00  6.74194784e-03]",010,LW
192,2,0.2783994583156519,1,"[ -1.28718576   0.12971381 -11.98518083 -13.42715408  -1.20175726
   0.43508154]","[ 4.35878955e-01  2.23528796e-02  7.00826833e+01 -2.85475668e+01
 -1.26414213e+00 -3.24795243e-01]","[ 6.48363275e-01  2.52914209e-02 -5.99113570e+01  4.08443236e+01
 -1.05285399e+00 -6.44805175e-01]","[-3.42302864e+00  5.70058620e-02  2.27156529e+01  7.97563306e+01
 -4.97062525e-01  1.00916140e+00]","[ 2.06614390e-01  7.25373494e-03  7.71304275e+01 -1.39362562e+01
 -1.22533639e+00  4.76236960e-01]","[-1.80825838e-01  7.42916128e-03  2.02406437e+02  3.86003136e+01
 -9.84707530e-01 -7.01491526e-01]","[-8.56656404e-03  7.32438881e-02 -2.15301063e+01  1.81556097e+00
 -1.29451733e+00  1.79179678e-01]","[-1.18856110e-01  1.20413422e-02  1.31306036e+02  1.76065246e+01
 -1.30698026e+00 -1.56146408e-02]",010,LW
193,2,0.2491428848624561,1,"[ -1.35298891   0.08903556 -16.9092705  -20.8780554   -1.00673544
   0.68684386]","[ 4.47701224e-01  1.67654965e-02  9.16918989e+01 -3.90505753e+01
 -1.14584153e+00 -5.39134304e-01]","[ 6.30010197e-01  3.58099423e-02 -4.35386497e+01  2.94297933e+01
 -1.22843060e+00 -3.96528303e-01]",[-3.37684691  0.10553599 14.2955827  50.27399425 -1.00367482  0.6826201 ],"[ 2.11498589e-01  1.48872466e-02  9.63786426e+01 -1.83839469e+01
 -7.94172722e-01  8.59453328e-01]","[-1.77611682e-01  3.94367531e-03  3.21802340e+02  5.91558549e+01
 -4.63063556e-01 -1.02054600e+00]","[ -0.05118973   0.06346736 -24.78163329   0.73143481  -1.27331001
   0.25184413]","[-1.11345405e-01  1.18311760e-02  1.33626316e+02  1.68786763e+01
 -1.30579687e+00 -3.72919582e-02]",010,LW
194,2,0.2491428848624561,1,"[ -1.39063736   0.04745262 -26.05499856 -34.23305435  -0.47664007
   0.99253797]","[ 4.55437433e-01  1.02181344e-02  1.37481146e+02 -6.06140604e+01
 -7.35498735e-01 -8.93365911e-01]","[  0.6053729    0.04444631 -35.38309339  23.41996581  -1.28368434
  -0.25149888]",[-3.29786821  0.15465927 10.03952402 35.10902709 -1.18253629  0.45346178],"[ 2.22778989e-01  2.38448345e-02  6.46152272e+01 -1.23949150e+01
 -1.15477537e+00  5.22305090e-01]","[-1.76797621e-01  2.36586615e-03 -1.98256775e+02 -3.30513262e+01
 -1.37393754e+00 -3.98472619e-01]","[ -0.08713777   0.05205164 -30.07368638  -0.62055404  -1.23514668
   0.34448627]","[-1.04013197e-01  1.14636059e-02  1.37889754e+02  1.63423541e+01
 -1.30354107e+00 -5.76393745e-02]",010,LW
195,2,0.2491428848624561,1,[-1.39800591  0.03291235 19.0378656  28.61504857 -1.09298238  0.54982463],"[ 4.58396478e-01  5.22443102e-03  4.85061148e+01 -2.02350322e+01
 -1.61504218e+00 -2.89526765e-01]","[  0.57572742   0.05108385 -30.88370417  19.78059518  -1.30033811
  -0.16275386]",[-3.18811087  0.20040997  7.82147474 26.93572862 -1.2471214   0.32073098],"[ 2.39488999e-01  3.13851434e-02  4.99476581e+01 -9.96191461e+00
 -1.27424893e+00  3.11509949e-01]","[-1.78283107e-01  4.73574728e-03 -3.02065446e+02 -5.18531662e+01
 -8.00348459e-01 -8.55452149e-01]","[ -0.11558453   0.03966053 -39.10238651  -2.51963091  -1.16286421
   0.4712406 ]","[-9.69453643e-02  1.09703205e-02  1.44064082e+02  1.59663449e+01
 -1.30020115e+00 -7.48399531e-02]",010,LW
196,2,0.2491428848624561,1,[-1.37460235  0.06891286 20.83362628 30.63795154 -0.78453072  0.86581682],"[ 4.56176606e-01  9.38221359e-03 -1.40356788e+02  6.60274834e+01
 -5.39905843e-01 -9.90765998e-01]","[  0.54224543   0.05602862 -28.19256933  17.28729178  -1.30277315
  -0.10948127]",[-3.05029114  0.24174015  6.51011775 21.85775452 -1.27369681  0.23839923],"[ 2.60275628e-01  3.66318844e-02  4.30613977e+01 -9.20783232e+00
 -1.32272103e+00  1.61445483e-01]","[-1.81816679e-01  7.52253574e-03 -2.05135585e+02 -3.52970709e+01
 -1.17667791e+00 -5.02991050e-01]","[-1.36138337e-01  2.71024425e-02 -5.59678872e+01 -5.61937510e+00
 -1.00890499e+00  6.62282372e-01]","[-9.02016483e-02  1.04002563e-02  1.51939243e+02  1.57051702e+01
 -1.29616212e+00 -8.60170854e-02]",010,LW
197,2,0.2491428848624561,1,[-1.3217649   0.11131626 13.82079571 20.26784263 -1.13716929  0.53862916],"[ 4.48777750e-01  1.68006054e-02 -9.02748637e+01  4.25133503e+01
 -1.05488692e+00 -6.41167636e-01]","[  0.50583658   0.05981014 -26.42193931  15.36518333  -1.30022409
  -0.08128597]",[-2.88730885  0.27865329  5.65852269 18.33790267 -1.28571422  0.18454079],"[ 2.83434372e-01  3.89861756e-02  4.05464881e+01 -9.49226839e+00
 -1.34200911e+00  3.13249562e-02]","[-1.87010261e-01  9.73414864e-03 -1.61287518e+02 -2.81624208e+01
 -1.29294439e+00 -2.80536715e-01]","[-1.48884348e-01  1.53723982e-02 -9.12619536e+01 -1.15874764e+01
 -6.25303122e-01  9.66009595e-01]","[-8.38067790e-02  9.81751616e-03  1.60954460e+02  1.54890749e+01
 -1.29225554e+00 -8.77481460e-02]",010,LW
198,2,0.2491428848624561,1,[-1.2425323   0.14913425 10.49478336 15.04010734 -1.25192577  0.34170133],"[ 4.36642800e-01  2.36271316e-02 -6.60150716e+01  3.08250057e+01
 -1.23778639e+00 -3.88944309e-01]","[  0.46707745   0.06301173 -25.0827797   13.7156009   -1.29690622
  -0.07075855]",[-2.70197173  0.31148972  5.06719871 15.69142767 -1.2922411   0.14701305],"[ 3.06981531e-01  3.80451171e-02  4.15137065e+01 -1.07439411e+01
 -1.33922794e+00 -1.03417944e-01]","[-1.93366881e-01  1.11206325e-02 -1.41968017e+02 -2.54519127e+01
 -1.33240365e+00 -1.25262379e-01]","[-1.54375318e-01  6.63308510e-03 -9.21508419e+01 -1.22258155e+01
 -1.00247862e+00  6.30214631e-01]","[-7.77456112e-02  9.29253011e-03  1.70070401e+02  1.52222273e+01
 -1.28954646e+00 -7.75082567e-02]",010,LW
199,2,0.2491428848624561,1,[-1.14124452  0.17954585  8.77129583 12.01019332 -1.29406146  0.21676984],"[ 4.20620567e-01  2.88983358e-02 -5.44747312e+01  2.49131923e+01
 -1.30422204e+00 -2.23315592e-01]","[  0.42623139   0.06611527 -23.90546302  12.18925883  -1.29486542
  -0.07045083]",[-2.49699502  0.34037855  4.64005521 13.58619478 -1.29717192  0.11763724],"[ 3.28778438e-01  3.36802007e-02  4.66401979e+01 -1.33342914e+01
 -1.30275608e+00 -2.67455372e-01]","[-2.00319821e-01  1.15801748e-02 -1.36518202e+02 -2.53473018e+01
 -1.34076290e+00  2.83624996e-03]","[-1.53564485e-01  8.22111720e-03  1.55232852e+02  2.58382530e+01
 -6.28847436e-01  8.94489902e-01]","[-7.19656296e-02  8.88690045e-03  1.77872895e+02  1.48007349e+01
 -1.28880856e+00 -5.59658474e-02]",010,LW
200,2,0.2033969201427284,1,[-1.02302548  0.20154964  7.83373169 10.01410711 -1.31016717  0.1298093 ],"[ 4.01868937e-01  3.21493894e-02 -4.91345607e+01  2.17456537e+01
 -1.32827810e+00 -9.99451157e-02]","[  0.38334487   0.06937826 -22.78057452  10.73281631  -1.29499985
  -0.07264576]",[-2.27520593  0.36489114  4.33029429 11.85231124 -1.3018015   0.09073408],"[ 3.46702464e-01  2.61515607e-02  5.89863348e+01 -1.84507076e+01
 -1.18202514e+00 -5.02879896e-01]","[-2.07278137e-01  1.11068727e-02 -1.42146540e+02 -2.74638699e+01
 -1.32871118e+00  1.26024118e-01]","[-1.47690685e-01  1.40360187e-02  1.09175595e+02  1.81242184e+01
 -1.16823301e+00  5.43482440e-01]","[-6.63876841e-02  8.63665089e-03  1.83060196e+02  1.41529425e+01
 -1.29005600e+00 -2.83616769e-02]",010,LW
201,0,0.1454039867191562,0,[-0.75221992  0.49333976  2.84567401  4.14057269 -0.18037036  1.16971798],"[  0.37214719   0.05057882 -29.8774945   13.11882564  -0.67008252
  -0.74898854]",[ 0.28400552  0.18136705 -7.63019843  4.1670185  -0.11357596 -1.22148367],[-1.78067168  0.89669174  1.56069346  4.77908265 -0.16435364  1.18151914],"[  0.32052792   0.08121036 -11.00483728   5.52735766   0.07076517
  -1.37300941]","[-2.09703809e-01  8.04276688e-03 -8.41087950e+01 -1.56379347e+01
 -1.28830926e+00 -2.57891869e-01]","[-1.29596206e-01  3.51452555e-02  4.06386387e+01  7.26661341e+00
 -2.98232931e-01  1.09827516e+00]","[-5.38106581e-02  2.27615124e-02  6.03874553e+01  5.24948871e+00
 -8.24668568e-02  1.24262500e+00]",010,LW
202,0,0.1454039867191562,0,[-0.48511343  0.57357703  2.59229201  3.25755567 -1.76701744  0.32991619],"[  0.34687461   0.05008492 -30.07753943  12.43313475  -1.67448103
  -0.13997249]",[ 0.1880886   0.21051375 -7.00714857  3.31796473 -1.7840569  -0.34079639],[-1.30530166  1.03062912  1.43702258  3.87574795 -1.77789022  0.32779776],"[  0.27985365   0.11668971 -11.66896889   5.26560358  -1.68756076
  -0.46196035]","[-2.08575251e-01  9.87331118e-03  9.32420810e+01  2.14479904e+01
 -1.04026251e+00  2.18489824e-01]","[-1.13245396e-01  3.71563560e-02  3.95792012e+01  6.48216230e+00
 -1.72748176e+00  2.62622536e-01]","[-4.10153783e-02  2.76171606e-02  5.35525825e+01  4.19647943e+00
 -1.75363123e+00  3.73758613e-01]",010,LW
203,0,0.1454039867191562,0,[-0.22642975  0.5553251   2.63635144  2.59694839 -1.76170269 -0.3970794 ],"[  0.32719116   0.04086885 -32.42397249  12.60883722  -1.59411661
   0.47555906]",[ 0.09818805  0.20089265 -7.14891376  2.70193791 -1.7813701   0.41655346],[-0.86119528  0.97757594  1.4717131   3.26743238 -1.77277786 -0.42002927],"[  0.22563      0.13573115 -11.03032365   4.48877194  -1.72930404
   0.22269693]","[-2.03668243e-01  1.50387528e-02  9.81654308e+01  2.19931808e+01
 -1.32796983e+00  2.35617486e-01]","[-1.00630123e-01  3.12191851e-02  3.95561687e+01  5.98054213e+00
 -1.63942393e+00 -3.53573099e-01]","[-2.78941723e-02  2.81887605e-02  5.29325052e+01  3.47650842e+00
 -1.75388545e+00 -3.30429053e-01]",010,LW
204,0,0.1454039867191562,0,[ 0.02021578  0.44465714  2.97729962  1.93981156  0.04372651 -1.34467738],"[  0.31384549   0.02726463 -26.13783881  10.20324292  -0.23173235
   1.15289   ]",[ 0.01707894  0.15522165 -7.81340245  2.1334446   0.20212068  1.46587228],[-0.45982444  0.75364114  1.62596071  2.74765647  0.19322632 -1.4591806 ],"[  0.1596709    0.13009951 -11.33545828   3.80994283  -0.47236355
   0.92550171]","[-1.94982688e-01  1.90021948e-02  8.29957125e+01  1.81827271e+01
 -1.16318140e+00 -1.24226198e-01]",[-0.09333888  0.02274278 13.89369032  3.29682149 -1.05837852 -0.55269221],"[-1.43691713e-02  2.43451079e-02  5.83712660e+01  2.83874672e+00
 -2.33908850e-01 -1.11581085e+00]",010,LW
205,0,0.141958583469366,0,[ 0.25201942  0.12360096 12.77347488 -1.21916379 -1.293263   -0.13514788],"[ 3.07205321e-01  1.39800923e-02  1.11684321e+02 -3.23100177e+01
 -1.23069367e+00  3.79401450e-01]","[-5.24688422e-02  1.50348859e-02 -7.37102719e+01 -1.86749263e+00
 -4.58280776e-01  9.57535858e-01]",[-0.11123774  0.0850238  16.48786736  3.83407311 -0.65168558 -0.94892335],"[  0.08451057   0.07197821 -21.95185281   3.85516352  -1.31655245
   0.08862548]","[-1.82736501e-01  1.80923092e-02  8.73435942e+01  1.79608628e+01
 -1.31808717e+00  7.96435978e-02]","[-9.24757418e-02  2.11670509e-02 -7.34172135e+01 -4.78931128e+00
 -1.19920589e+00 -4.39992932e-01]","[-3.96453011e-04  1.14227293e-02  1.38383923e+02  2.05486272e+00
 -1.30144104e+00  5.73395808e-02]",010,LW
206,0,0.1306669429287686,0,[ 0.32560275  0.11108509 14.1965432  -2.62243348 -1.29331765 -0.17781377],"[ 3.16878132e-01  1.73215458e-02  9.07706602e+01 -2.67632373e+01
 -1.27278129e+00  2.59104039e-01]","[-5.35166472e-02  1.29138349e-02  6.97138495e+01  5.73085149e+00
 -6.75252963e-01  7.82437371e-01]",[-0.08254337  0.03830783 12.80849326  3.05725613 -1.24943201 -0.49064436],"[  0.04150855   0.06627951 -23.80357106   2.9880518   -1.30315557
   0.16148109]","[-1.71313899e-01  1.86384498e-02  8.48275996e+01  1.65321468e+01
 -1.32236622e+00  1.03884798e-02]","[-1.07171658e-01  2.68129110e-02 -5.85737964e+01 -4.27745090e+00
 -1.28003571e+00 -2.78837971e-01]","[ 6.92424392e-03  1.18057716e-02  1.33909875e+02  1.07277536e+00
 -1.30416426e+00  4.22295612e-02]",010,LW
207,0,0.1306669429287686,0,[ 0.38980275  0.09563034 16.4352233  -4.40649524 -1.27954823 -0.26471347],"[ 3.28589859e-01  2.01803689e-02  7.81136075e+01 -2.36673392e+01
 -1.28429454e+00  1.92670237e-01]","[-4.37513855e-02  2.63775080e-02  5.56389616e+01  4.43428166e+00
 -8.85057122e-01  7.95077316e-01]","[ -0.09112768   0.05488282 -23.62854522  -0.15321439  -0.59307688
  -0.93665576]","[ 2.86031891e-03  5.79993757e-02 -2.71276599e+01  2.07759376e+00
 -1.27912358e+00  2.42610786e-01]","[-1.59809720e-01  1.83493655e-02  8.61412374e+01  1.57662070e+01
 -1.31993993e+00 -5.78597697e-02]","[-1.24944504e-01  3.09373144e-02 -5.09983472e+01 -4.37196320e+00
 -1.31585872e+00 -1.56523124e-01]","[ 1.44420430e-02  1.20685208e-02  1.31006986e+02  1.07991469e-01
 -1.30575890e+00  2.40352077e-02]",010,LW
208,0,0.0966091621551258,0,[ 0.44208112  0.07566347 20.54011173 -7.08039556 -1.21716324 -0.43181448],"[ 3.42108721e-01  2.27814900e-02  6.92579751e+01 -2.16937573e+01
 -1.28298811e+00  1.62467967e-01]","[-2.39548943e-02  4.06579284e-02  3.80447126e+01  2.91135707e+00
 -1.17631175e+00  4.86821838e-01]","[ -0.13226274   0.09587061 -15.91515399  -0.10498192  -1.11352674
  -0.58931345]","[-3.00468095e-02  4.78560477e-02 -3.27224466e+01  1.01679488e+00
 -1.23850972e+00  3.38165856e-01]","[-1.48738094e-01  1.72518678e-02  9.15211639e+01  1.56126834e+01
 -1.31039087e+00 -1.29069181e-01]","[-1.44732051e-01  3.31765114e-02 -4.76423534e+01 -4.89537550e+00
 -1.32884666e+00 -5.51225024e-02]","[ 2.20791235e-02  1.21887792e-02  1.29720148e+02 -8.64107171e-01
 -1.30592217e+00  5.42109875e-03]",010,LW
209,0,0.103385944967719,0,"[  0.47877467   0.05045176  29.17646004 -11.96895008  -0.94481715
  -0.75445166]","[ 3.57390432e-01  2.54660252e-02  6.19603782e+01 -2.01440463e+01
 -1.27487443e+00  1.61118968e-01]","[ 4.49374362e-03  5.27770800e-02  2.97234056e+01  1.86643064e+00
 -1.27219018e+00  3.01066272e-01]","[ -0.19992451   0.13060139 -11.98371899  -0.39583917  -1.26516735
  -0.33743747]","[-5.63174342e-02  3.67232454e-02 -4.22807972e+01 -3.81146016e-01
 -1.16848166e+00  4.58536707e-01]","[-1.38578870e-01  1.54323213e-02  1.02085156e+02  1.61468456e+01
 -1.29157351e+00 -2.08258339e-01]","[-1.65320851e-01  3.34047628e-02 -4.73242476e+01 -5.82368489e+00
 -1.32812374e+00  3.57097955e-02]","[ 2.97521132e-02  1.21697796e-02  1.29921879e+02 -1.86545045e+00
 -1.30466023e+00 -1.09353454e-02]",010,LW
210,0,0.1270323339224314,0,"[  0.49520731   0.02631289  25.82891587 -10.79066793  -1.14063487
  -0.47944476]","[ 3.74625899e-01  2.86596588e-02  5.50259996e+01 -1.86141646e+01
 -1.26361853e+00  1.81362747e-01]",[ 0.03975971  0.06181539 25.5098103   0.98573724 -1.30868693  0.17658022],"[ -0.28760918   0.15582657 -10.11463983  -0.90906323  -1.30635297
  -0.19167496]","[-7.56139707e-02  2.55523185e-02 -5.97221160e+01 -2.51582633e+00
 -1.03798253e+00  6.23758163e-01]","[-1.29744349e-01  1.30276116e-02  1.20428278e+02  1.76248885e+01
 -1.25767067e+00 -3.03476070e-01]","[-1.85474233e-01  3.17020620e-02 -4.98076805e+01 -7.23804135e+00
 -1.31682063e+00  1.24522269e-01]","[ 3.73874644e-02  1.20404085e-02  1.31314037e+02 -2.90949886e+00
 -1.30230667e+00 -2.24034457e-02]",010,LW
211,0,0.1399142500881322,0,"[  0.48596025   0.04480786 -26.51777777  14.8865859   -0.30678634
  -1.10055685]","[ 3.94249471e-01  3.27875315e-02  4.80546635e+01 -1.69455257e+01
 -1.25352184e+00  2.10621311e-01]",[ 0.07972886  0.06738146 23.45075296  0.13029823 -1.32190114  0.08281822],[-0.38910262  0.17196478 -9.18654614 -1.57450919 -1.3153914  -0.10035826],"[-8.81677629e-02  1.53055328e-02 -9.52752393e+01 -6.40020470e+00
 -7.60564975e-01  8.72635736e-01]","[-1.22551676e-01  1.02140973e-02  1.52339737e+02  2.06694901e+01
 -1.19360203e+00 -4.29465092e-01]","[-2.04043944e-01  2.82991009e-02 -5.56416952e+01 -9.35335095e+00
 -1.29310155e+00  2.20861371e-01]","[ 4.49353033e-02  1.18508593e-02  1.33412210e+02 -3.99491814e+00
 -1.29945768e+00 -2.66971752e-02]",010,LW
212,0,0.2001370473741392,0,"[  0.44530696   0.09495938 -15.46498405   8.88666506  -0.79963518
  -0.842586  ]","[ 4.16890777e-01  3.81408468e-02  4.12758595e+01 -1.52075252e+01
 -1.24909969e+00  2.33643181e-01]","[ 1.22201853e-01  6.94496458e-02  2.27655420e+01 -7.81991416e-01
 -1.32316916e+00  6.32037736e-03]",[-0.49911233  0.18068983 -8.74911694 -2.36679215 -1.31278087 -0.04281859],"[-9.47362238e-02  7.04288958e-03 -1.66580483e+02 -1.37812059e+01
 -2.52927594e-01  1.13648821e+00]","[-1.17203026e-01  7.20106082e-03  2.11898525e+02  2.68351484e+01
 -1.05599738e+00 -6.16505336e-01]","[-2.20051721e-01  2.35290754e-02 -6.65407569e+01 -1.26424081e+01
 -1.24772246e+00  3.38519818e-01]","[ 5.23795684e-02  1.16645848e-02  1.35544914e+02 -5.09978408e+00
 -1.29668722e+00 -2.23448965e-02]",010,LW
213,0,0.2001370473741392,0,[ 0.36779808  0.15649651 -9.76973596  5.59329013 -1.04481168 -0.61122587],"[  0.4432688    0.04475787  35.1639193  -13.58706832  -1.25251362
   0.2402929 ]",[ 0.16508575  0.06831873 23.13627763 -1.81946972 -1.31698324 -0.0588298 ],[-0.61369522  0.18435587 -8.57643555 -3.2633175  -1.30602159 -0.01163492],"[-9.65120446e-02  3.52428047e-03  1.77618045e+02  1.91422807e+01
 -1.36062472e+00  2.86553815e-01]","[-1.13774571e-01  4.24606733e-03  3.35840778e+02  4.02101405e+01
 -7.03578946e-01 -9.17371713e-01]","[-2.32739000e-01  1.77974264e-02 -8.68298613e+01 -1.82086951e+01
 -1.15243604e+00  5.03313927e-01]","[ 5.97433835e-02  1.15489059e-02  1.36906831e+02 -6.17927733e+00
 -1.29423175e+00 -9.05468173e-03]",010,LW
214,0,0.2089778927842074,0,[ 0.2489518   0.22502068 -6.89768303  3.7171906  -1.15734931 -0.46542229],"[  0.47404335   0.05238066  30.05875818 -12.24915435  -1.26243854
   0.22889295]",[ 0.20655648  0.06454837 24.46842591 -3.0541119  -1.30605765 -0.11538707],"[-7.30436239e-01  1.85566202e-01 -8.52061117e+00 -4.22376318e+00
 -1.29932866e+00 -3.02314478e-03]","[-9.49942525e-02  5.61171850e-03  2.69551176e+02  2.76058125e+01
 -1.27522506e+00  5.13986353e-01]","[-1.12215163e-01  1.88975034e-03  3.97404317e+02  4.65947901e+01
 -7.87792673e-01 -7.40630114e-01]","[-2.41585831e-01  1.15864748e-02 -1.28038286e+02 -2.89322359e+01
 -9.07868733e-01  7.69548190e-01]","[ 6.70893888e-02  1.15668557e-02  1.36693333e+02 -7.17067217e+00
 -1.29196653e+00  1.20901829e-02]",010,LW
215,0,0.2527148130025107,0,[ 0.08596874  0.29681718 -5.26896484  2.45296626 -1.21955072 -0.36187908],"[  0.50965037   0.06048771  26.05312826 -11.27798647  -1.27586923
   0.2028665 ]",[ 0.24517007  0.05884515 26.80957804 -4.57290618 -1.2924185  -0.16542889],[-0.84838388  0.1866732  -8.46998261 -5.18579675 -1.29488041 -0.01152711],"[-9.18357119e-02  6.59799564e-03  2.38777365e+02  2.39282893e+01
 -1.48433134e+00 -4.02215617e-02]","[-1.12355385e-01  2.16949054e-03 -5.58749975e+02 -6.07785683e+01
 -5.69563853e-01 -9.05225237e-01]","[-2.46299540e-01  5.75886692e-03 -1.94984219e+02 -4.60245235e+01
 -4.28284621e-01  9.84791651e-01]","[ 7.45154948e-02  1.17712224e-02  1.34305732e+02 -8.00785808e+00
 -1.28968165e+00  3.85504182e-02]",010,LW
216,0,0.2527148130025107,0,[-0.12163745  0.36760118 -4.27339031  1.48019569 -1.25841725 -0.28020281],"[  0.55015213   0.06836177  23.07716003 -10.69594867  -1.29014739
   0.1662285 ]",[ 0.27991256  0.05192855 30.33789668 -6.49195826 -1.27702965 -0.21142974],[-0.96779799  0.18935848 -8.34937374 -6.08050711 -1.29263924 -0.02944033],"[-8.86850905e-02  5.41909353e-03  2.77408702e+02  2.66020158e+01
 -1.20023952e+00 -5.76614363e-01]","[-1.13925898e-01  3.85614797e-03 -3.94454355e+02 -4.29385667e+01
 -1.11902178e+00 -5.97880976e-01]","[-2.46778315e-01  4.78775454e-03  1.84508773e+02  4.75327643e+01
 -6.89270129e-01  7.76559606e-01]","[ 8.21472816e-02  1.22002782e-02  1.29552416e+02 -8.64237882e+00
 -1.28736866e+00  6.66143196e-02]",010,LW
217,0,1.0540299921360954,0,[-0.3716005   0.43261842 -3.64149489  0.6468187  -1.28432422 -0.21046419],"[  0.59512985   0.07516576  21.00982874 -10.50357622  -1.30336606
   0.12155518]",[ 0.31019001  0.04443089 35.39710349 -8.97982775 -1.25958971 -0.25609474],[-1.08978251  0.19451486 -8.12700839 -6.85667163 -1.29145556 -0.04978083],"[-8.70398060e-02  3.19847045e-03  2.27857040e+02  2.18326325e+01
 -1.13904242e+00 -4.39018137e-01]","[-1.16581493e-01  5.18853165e-03 -3.02162272e+02 -3.32265286e+01
 -1.30085232e+00 -2.99877357e-01]","[-2.43063842e-01  1.00080310e-02  1.46028654e+02  3.74942856e+01
 -8.40899481e-01  8.23639556e-01]","[ 9.01282073e-02  1.28744871e-02  1.22728757e+02 -9.06132284e+00
 -1.28534789e+00  9.22591760e-02]",010,LW
218,1,1.1399354958047792,1,[-0.65873056  0.48704873 -3.24052792 -0.13463477 -1.30164556 -0.14749766],"[  0.64363678   0.08003141  19.74809069 -10.71059741  -1.31391846
   0.07001825]","[ 3.35772074e-01  3.68577926e-02  4.25805570e+01 -1.22973620e+01
 -1.23900770e+00 -3.01884532e-01]",[-1.21588531  0.20242207 -7.80819989 -7.49387558 -1.29064595 -0.06830928],"[-8.81218324e-02  5.35344275e-03 -2.15810978e+02 -1.70176588e+01
 -3.26418445e-01 -1.07530124e+00]","[-1.19926403e-01  5.92058101e-03 -2.66739928e+02 -2.99891600e+01
 -1.34866131e+00 -1.02696783e-01]","[-2.35300290e-01  1.59489893e-02  9.65441786e+01  2.47168732e+01
 -1.12253881e+00  5.39368365e-01]","[ 9.86077475e-02  1.37934313e-02  1.14515708e+02 -9.29213606e+00
 -1.28424959e+00  1.12100605e-01]",010,LW
219,1,1.1399354958047792,1,[-0.97505336  0.52656182 -3.00076284 -0.9259039  -1.31240372 -0.08848695],"[ 6.94219378e-01  8.21716707e-02  1.92409794e+01 -1.13574607e+01
 -1.32021272e+00  1.18845962e-02]","[ 3.56710580e-01  2.95870206e-02  5.29011926e+01 -1.68704151e+01
 -1.21376536e+00 -3.51566981e-01]",[-1.34773165  0.21294439 -7.42112605 -8.00168645 -1.29062246 -0.08241745],"[-9.27844888e-02  1.11130646e-02 -1.32431054e+02 -1.02875476e+01
 -8.46028581e-01 -8.15502305e-01]","[-1.23538097e-01  5.99777978e-03 -2.63458408e+02 -3.05471505e+01
 -1.35208542e+00  6.34502235e-02]","[-2.23710958e-01  2.16853216e-02  7.20289271e+01  1.81136603e+01
 -1.22038386e+00  3.77986907e-01]","[ 1.07727126e-01  1.49323333e-02  1.05758104e+02 -9.39301662e+00
 -1.28476437e+00  1.23864142e-01]",010,LW
220,1,1.1399354958047792,1,[-1.31026692  0.54787246 -2.8856411  -1.78096008 -1.31768998 -0.03164056],"[  0.74500857   0.08100652  19.51322706 -12.5375213   -1.32056458
  -0.05344003]","[ 3.73247800e-01  2.28643460e-02  6.81896341e+01 -2.34516309e+01
 -1.18067808e+00 -4.11234132e-01]",[-1.48668465  0.22550315 -7.00718414 -8.41747313 -1.29254514 -0.08912901],"[-1.01456144e-01  1.75758173e-02 -8.75525156e+01 -6.88274059e+00
 -1.11994744e+00 -5.44821182e-01]","[-1.26989310e-01  5.42317961e-03 -2.89917703e+02 -3.48164489e+01
 -1.31748607e+00  2.44901438e-01]","[-2.08593998e-01  2.69643419e-02  5.82695130e+01  1.41546707e+01
 -1.26433497e+00  2.75147001e-01]","[ 1.17603458e-01  1.62394013e-02  9.72403904e+01 -9.43580616e+00
 -1.28716829e+00  1.26559305e-01]",010,LW
221,1,1.1399354958047792,1,[-1.65248307  0.54914322 -2.87905557 -2.75759058 -1.31806751  0.02457174],"[  0.79387615   0.0762699   20.70184899 -14.43470408  -1.31276606
  -0.12793879]","[ 3.85718195e-01  1.67858942e-02  9.22207446e+01 -3.35712192e+01
 -1.12829253e+00 -4.97976792e-01]",[-1.63347401  0.23886078 -6.61569975 -8.80657357 -1.29732409 -0.0848175 ],"[-1.14124838e-01  2.37550278e-02 -6.57900966e+01 -5.50828413e+00
 -1.23617029e+00 -3.66205634e-01]","[-1.29870004e-01  4.25278628e-03 -3.62769412e+02 -4.51128651e+01
 -1.19353634e+00  4.96742759e-01]","[-1.90329341e-01  3.15990380e-02  4.98714876e+01  1.14920073e+01
 -1.28741844e+00  2.00818188e-01]","[ 1.28314405e-01  1.76371798e-02  8.95441320e+01 -9.48980198e+00
 -1.29106197e+00  1.20567738e-01]",010,LW
222,1,0.0946697076449691,1,[-1.98916356  0.53016291 -2.98065285 -3.92900604 -1.31357169  0.08179877],"[  0.8386394    0.06806735  23.13759695 -17.40410031  -1.29284006
  -0.21610044]","[ 3.94453228e-01  1.13073996e-02  1.34328095e+02 -5.09861506e+01
 -1.00972763e+00 -6.55758268e-01]",[-1.78779697  0.25100072 -6.29705326 -9.25785275 -1.30442169 -0.06681226],"[-1.30364874e-01  2.89591332e-02 -5.43403742e+01 -5.08407601e+00
 -1.29133036e+00 -2.35662678e-01]","[-1.31811146e-01  2.64997813e-03 -5.28495354e+02 -6.76615784e+01
 -7.57811618e-01  8.76570969e-01]","[-1.69384604e-01  3.54280668e-02  4.45552647e+01  9.54697589e+00
 -1.30028021e+00  1.42349622e-01]","[ 1.39885148e-01  1.90291847e-02  8.30136319e+01 -9.61237416e+00
 -1.29568486e+00  1.07299847e-01]",010,LW
223,1,0.0946697076449691,1,[-2.30811428  0.49231204 -3.20628118 -5.40046339 -1.30361005  0.14208028],"[  0.87728229   0.05687427  27.54686012 -22.16637262  -1.25182633
  -0.32732726]","[ 3.99712239e-01  6.38437606e-03  2.18204789e+02 -8.52191246e+01
 -6.38937813e-01 -9.52760867e-01]",[-1.94800428  0.25936976 -6.09539498 -9.87385553 -1.31155518 -0.03502415],"[-1.49402168e-01  3.26723097e-02 -4.83213566e+01 -5.21931544e+00
 -1.31743742e+00 -1.30947570e-01]","[-1.32509656e-01  1.44515617e-03 -8.59759444e+01 -9.39264280e+00
 -1.70426211e+00  2.48089872e-01]","[-1.46312457e-01  3.83226343e-02  4.12288743e+01  8.03229790e+00
 -1.30765289e+00  9.32821272e-02]","[ 1.52278442e-01  2.03085121e-02  7.78070911e+01 -9.84834264e+00
 -1.30043391e+00  8.83196995e-02]",010,LW
224,1,0.0946697076449691,1,[-2.59840656  0.43836212 -3.59400365 -7.33868268 -1.28664743  0.20829858],"[  0.90815711   0.04349036  35.60930209 -30.33884075  -1.16565656
  -0.48196703]","[ 4.01658511e-01  3.05327017e-03  8.77094051e+01 -3.32292290e+01
 -1.59479151e+00 -3.13976706e-01]","[-2.11100862e+00  2.61473211e-01 -6.04687285e+00 -1.07650007e+01
 -1.31584382e+00  8.18492413e-03]","[-1.70211351e-01  3.45770312e-02 -4.57185958e+01 -5.78182394e+00
 -1.32703755e+00 -4.05920906e-02]","[-1.31750405e-01  2.84527798e-03  4.66475560e+02  6.34583441e+01
 -5.16056320e-01  1.01301896e+00]",[-0.12173977  0.04018239 39.34073595  6.78933229 -1.3119571   0.04913384],"[ 1.65388296e-01  2.13640868e-02  7.39840455e+01 -1.02360953e+01
 -1.30497096e+00  6.45570238e-02]",010,LW
225,1,0.089232524780688,1,"[ -2.85113523   0.37215428  -4.21998058 -10.03173529  -1.25930417
   0.28505711]","[ 9.30136363e-01  2.90069847e-02  5.16582731e+01 -4.60492383e+01
 -9.55795130e-01 -7.25008258e-01]","[ 4.00380796e-01  5.46185965e-03 -2.41625985e+02  9.87424040e+01
 -5.23464504e-01 -1.00265188e+00]","[ -2.2724802    0.25552039  -6.18594197 -12.05743066  -1.31526344
   0.05987201]","[-1.91632560e-01  3.45638206e-02 -4.57357046e+01 -6.76445015e+00
 -1.32554306e+00  4.27841620e-02]","[-1.29419945e-01  5.21598554e-03  2.89513260e+02  3.94687902e+01
 -1.00201573e+00  6.80885998e-01]","[-9.63514115e-02  4.09273819e-02  3.86319939e+01  5.72224714e+00
 -1.31400633e+00  6.40055278e-03]","[ 1.79037722e-01  2.20841477e-02  7.15879764e+01 -1.08169482e+01
 -1.30895819e+00  3.61340200e-02]",010,LW
226,1,0.0888596185751232,1,"[ -3.0599458    0.29819847  -5.23772458 -14.02715334  -1.21399122
   0.3806164 ]","[ 9.42695132e-01  1.51327133e-02  8.33362658e+01 -7.65606921e+01
 -4.34113518e-01 -1.03808453e+00]","[ 3.95943142e-01  1.00016753e-02 -1.51128662e+02  6.18383575e+01
 -1.00887604e+00 -6.74318794e-01]","[ -2.42728808   0.24077471  -6.55911212 -13.92085465  -1.30882777
   0.11883731]","[-2.12487222e-01  3.27058270e-02 -4.82782985e+01 -8.25852155e+00
 -1.31474034e+00  1.25852585e-01]","[-1.25508810e-01  7.63756801e-03  2.03245173e+02  2.75090598e+01
 -1.18074280e+00  4.56558256e-01]","[-7.08702801e-02  4.05032860e-02  3.90321647e+01  4.76622044e+00
 -1.31354959e+00 -3.73806053e-02]","[ 1.92980007e-01  2.23598182e-02  7.07124907e+01 -1.16460969e+01
 -1.31189472e+00  2.54992648e-03]",010,LW
227,1,0.0884812774144849,1,"[ -3.22126839   0.22124391  -6.98397604 -20.49726129  -1.13150584
   0.51192535]","[ 9.45913085e-01  8.87570557e-03 -5.40395010e+01  5.31166711e+01
 -1.37523660e+00 -3.92862937e-01]","[ 3.88436118e-01  1.46346801e-02 -1.06082822e+02  4.32063997e+01
 -1.17776533e+00 -4.56405558e-01]","[ -2.57006021   0.21749705  -7.24848652 -16.62904678  -1.2951154
   0.18740249]","[-2.31669318e-01  2.92036938e-02 -5.39251784e+01 -1.04928093e+01
 -1.29297191e+00  2.17668067e-01]","[-1.20102526e-01  9.88096642e-03  1.58660138e+02  2.10554833e+01
 -1.25248246e+00  3.17157352e-01]","[-4.60345242e-02  3.88987827e-02  4.06234935e+01  3.87008319e+00
 -1.30999518e+00 -8.39733327e-02]","[ 2.06902848e-01  2.20910391e-02  7.15644641e+01 -1.28068914e+01
 -1.31308184e+00 -3.73227956e-02]",010,LW
228,1,0.0883604145242031,1,"[ -3.3342265    0.14597986 -10.30106967 -32.34609946  -0.95231273
   0.71730518]","[ 9.40399208e-01  1.76361075e-02 -8.13999272e+01  7.85484271e+01
 -8.14483329e-01 -8.45587088e-01]","[ 3.78004538e-01  1.90435630e-02 -8.22737703e+01  3.30998585e+01
 -1.24102486e+00 -3.29487923e-01]","[ -2.69570979   0.18665812  -8.41796037 -20.69237821  -1.26945539
   0.27286969]","[-2.48202666e-01  2.43255942e-02 -6.43761546e+01 -1.39783332e+01
 -1.25078174e+00  3.34364593e-01]","[-1.13364360e-01  1.18197344e-02  1.33226150e+02  1.71030972e+01
 -1.28554858e+00  2.21349064e-01]","[-2.25719258e-02  3.61577435e-02  4.36626311e+01  2.98554967e+00
 -1.30260137e+00 -1.35582011e-01]","[ 2.20436804e-01  2.11955727e-02  7.45515248e+01 -1.44338999e+01
 -1.31133662e+00 -8.55075015e-02]",010,LW
229,0,0.1295074957864995,0,[-3.22880949  0.36880644  2.3860864   9.7042184   0.03967385  1.35496474],[ 0.8810881   0.1269063  -9.83935581 10.66933935  0.16638074 -1.43977651],"[  0.33202869   0.09223884 -13.91866641   6.62139658   0.1192124
  -1.40329416]",[-2.73109569  0.13584819 -3.34613228 -7.13860745 -1.49691757 -0.20922651],[-0.24599879  0.02833474 12.21203763  5.00414646 -0.96420281  0.58532757],"[-9.30775235e-02  3.87623524e-02  3.47423881e+01  5.23373545e+00
 -1.22157272e-02  1.30349512e+00]","[-5.38024930e-03  2.71545678e-02  5.49325181e+01  2.29555064e+00
 -1.21971309e+00 -5.03321128e-01]","[ 2.34209298e-01  2.12429058e-02  7.43812708e+01 -1.54207852e+01
 -1.22166587e+00  3.04827746e-02]",010,LW
230,0,0.1295074957864995,0,[-3.0568839   0.51516279  2.64062508 10.07208431 -1.73828832  0.43997135],[ 0.81517937  0.16015227 -9.0010057   9.33743412 -1.79346855 -0.40296836],"[  0.28318581   0.11482988 -12.61250685   5.57168297  -1.78995367
  -0.39750075]",[-2.7182658   0.15451196  6.25966552 19.01543468 -1.38132325  0.03196995],[-0.23644819  0.03917248 31.35069767  9.4128157  -1.63288463  0.3457098 ],[-0.0726736   0.04621012 31.70838953  4.30436284 -1.79098004  0.36311408],"[ 1.68812912e-03  1.71385536e-02  3.10610491e+01  1.94756494e+00
 -1.44841056e+00 -1.31231893e-01]","[ 2.43507207e-01  1.60291252e-02  8.99661833e+01 -1.99074141e+01
 -1.21490646e+00 -3.12251202e-01]",010,LW
231,0,0.1189880074499845,0,[-2.82904714  0.58259483  2.54334052  9.19523024 -1.76283642 -0.28135458],[ 0.7450337   0.16402726 -8.91355632  8.64089985 -1.79399382  0.36658726],"[  0.23269132   0.11670259 -12.52621672   4.91474184  -1.79341535
   0.36868476]",[-2.6632977   0.19753141  7.36063323 21.60355757 -1.56807632 -0.19306282],[-0.22040356  0.04696678 31.29358931  8.89721835 -1.71208994 -0.25465575],[-0.05261744  0.04526885 31.99320476  3.68340059 -1.78805684 -0.39910309],"[-1.99320767e-03  2.37747185e-02 -4.90990463e+01  1.90213540e+00
 -8.27949585e-01 -6.85247531e-01]","[ 2.48143723e-01  1.02973943e-02  6.45311602e+01 -1.40130024e+01
 -1.00657539e+00  2.00072496e-02]",010,LW
232,0,0.1134200139863833,0,[-2.5567704   0.53940005  2.66110203  8.8038269  -0.29569454 -1.07322612],"[ 6.72962665e-01  1.37429871e-01 -9.75239719e+00  8.56299921e+00
  4.43553124e-03  1.31570763e+00]","[  0.18192557   0.0970382  -13.72114004   4.49622615   0.02226581
   1.33155146]",[-2.57464548  0.2057122   7.22650298 20.60568321 -0.57032939 -0.87946559],[-0.19902001  0.04561464 31.76955335  8.32277694 -0.365043   -1.0286003 ],"[-3.33395621e-02  3.62805436e-02  3.53660007e+01  3.17908698e+00
  1.20687665e-01 -1.40426878e+00]","[-1.66596646e-02  3.88530507e-02 -3.97108386e+01  1.33843075e+00
 -1.28094225e+00 -4.33361633e-01]","[ 2.48110875e-01  1.03522915e-02 -9.71589883e+01  2.61062016e+01
 -1.00131653e+00  6.62258187e-03]",010,LW
233,0,0.1134200139863833,0,[-2.25215148  0.25560709  6.18239565 15.92369149 -1.31619385 -0.0794677 ],"[  0.60119474   0.04072245 -38.69157029  25.26116871  -1.29172674
   0.20467778]","[ 1.32398651e-01  2.62908549e-02 -5.94876995e+01  9.87609118e+00
 -1.24740626e+00  3.53072031e-01]",[-2.46248964  0.10922697 14.27764998 37.15856521 -1.24270683 -0.38890494],"[-1.73677568e-01  2.19349727e-02  7.17957112e+01  1.44693045e+01
 -1.29044534e+00 -2.17988056e-01]","[-1.52315070e-02  7.49621492e-03  2.09242263e+02  5.18707501e+00
 -1.24699511e+00 -3.10096512e-01]","[ -0.04211226   0.04860248 -32.46779876   0.6327075   -1.30675386
  -0.15308443]","[ 2.43584950e-01  1.51463158e-02 -1.04254207e+02  2.73947559e+01
 -1.31317881e+00 -1.23782906e-01]",010,LW
234,0,0.1134200139863833,0,[-2.09920063  0.23643729  6.67396617 16.00999398 -1.30793426 -0.1537072 ],"[ 5.77932118e-01  3.43479589e-02 -4.56672543e+01  2.83925730e+01
 -1.26197313e+00  3.05551187e-01]","[ 1.18516763e-01  1.94214292e-02 -7.90263987e+01  1.13659530e+01
 -1.12187810e+00  5.58662803e-01]",[-2.40670512  0.07741287 19.54348724 49.03541088 -1.04304226 -0.65519339],"[-1.61177975e-01  1.83719756e-02  8.53237367e+01  1.57523071e+01
 -1.25084804e+00 -3.19180994e-01]","[-1.10773331e-02  5.86988285e-03  2.65316818e+02  4.93900277e+00
 -1.19776811e+00 -4.18864646e-01]","[ -0.07350271   0.05243027 -30.1409635   -0.21544241  -1.31922334
  -0.07679031]","[ 2.33882781e-01  1.60608625e-02 -9.84211983e+01  2.50190235e+01
 -1.31937478e+00 -5.18178211e-02]",010,LW
235,0,0.1134200139863833,0,[-1.96211157  0.20653183  7.61394821 16.93941589 -1.28464598 -0.25294632],"[ 5.59246504e-01  2.65736288e-02 -5.83494415e+01  3.46317212e+01
 -1.18439088e+00  4.64768604e-01]","[ 1.09435937e-01  1.17707426e-02 -1.20304690e+02  1.51656564e+01
 -7.35898248e-01  8.95707255e-01]","[-2.37308966e+00  4.26010542e-02  3.02927000e+01  7.38872932e+01
 -5.08215694e-01 -9.99362222e-01]","[-1.51099747e-01  1.42202958e-02  1.09220190e+02  1.85031431e+01
 -1.17978652e+00 -4.51945260e-01]","[-7.99527741e-03  4.16740571e-03  3.66748087e+02  4.93225270e+00
 -1.07267467e+00 -6.01387083e-01]","[-1.06560116e-01  5.39014596e-02 -2.93324702e+01 -1.12567144e+00
 -1.32249671e+00 -6.46182229e-03]","[ 2.23806835e-01  1.62880288e-02 -9.70695344e+01  2.37248253e+01
 -1.31947616e+00  1.05998512e-02]",010,LW
236,0,0.194373967778284,0,[-1.84751227  0.16651663  9.36412255 19.3003313  -1.22548261 -0.39651869],"[ 5.46014166e-01  1.77075894e-02 -8.40961416e+01  4.79176846e+01
 -9.50102561e-01  7.39952604e-01]","[ 1.05727694e-01  5.72059788e-03 -7.33181725e+01  9.75176128e+00
 -1.41991434e+00  3.86901933e-01]","[-2.36395211e+00  2.51351795e-02 -1.54486537e+01 -3.45198775e+01
 -1.47368850e+00 -3.53038550e-01]","[-1.43766959e-01  9.78233025e-03  1.54896869e+02  2.42690518e+01
 -1.01894448e+00 -6.61175833e-01]","[-6.02168132e-03  2.47345229e-03  5.75266695e+02  5.46407271e+00
 -7.13824030e-01 -9.10961974e-01]","[ -0.13983107   0.0529978  -29.82443406  -2.17038263  -1.31802904
   0.05916471]","[ 2.13782671e-01  1.58644155e-02 -9.96233286e+01  2.32977413e+01
 -1.31527118e+00  6.96669086e-02]",010,LW
237,0,0.194373967778284,0,[-1.76126957  0.11855154 12.83393144 24.60401294 -1.0648719  -0.62471779],"[ 5.38962156e-01  8.98850317e-03 -1.22109179e+02  6.78122262e+01
 -4.84983476e-01  9.33281664e-01]","[ 1.07668504e-01  9.45126079e-03  1.36381572e+02 -1.26839998e+01
 -5.05564005e-01  9.99462735e-01]","[-2.37921841e+00  5.00331228e-02 -2.83849527e+01 -6.55340019e+01
 -7.75115679e-01 -8.70952887e-01]","[-1.39374700e-01  5.41632981e-03  2.47772197e+02  3.65331755e+01
 -5.59671134e-01 -9.87316498e-01]","[-5.14950581e-03  1.12371659e-03  5.82908960e+02  5.00169307e+00
 -9.82713136e-01 -6.24773921e-01]","[ -0.1719383    0.04998174 -31.5963016   -3.43261433  -1.30713702
   0.12018729]","[ 2.04205722e-01  1.48474758e-02 -1.06340849e+02  2.37154097e+01
 -1.30645796e+00  1.30537782e-01]",010,LW
238,0,0.2023206689324548,0,[-1.70763241  0.06769986 20.09145345 36.30881699 -0.59762812 -0.97190679],"[ 5.38556638e-01  8.16647662e-03  1.12786137e+02 -5.87417227e+01
 -6.20146111e-01  8.23555577e-01]","[ 1.15205092e-01  1.73403413e-02  8.71496320e+01 -8.04008135e+00
 -1.02459269e+00  6.67467724e-01]","[ -2.41658122   0.08019944 -19.22132197 -44.44988569  -1.17298963
  -0.5111532 ]","[-1.38041031e-01  2.94492544e-03 -5.51467643e+01 -5.61251618e+00
 -1.67114739e+00 -2.82903466e-01]","[-5.30927505e-03  1.43863123e-03 -8.64493678e+02 -2.58983471e+00
 -5.65160749e-01 -9.27527549e-01]","[ -0.20172925   0.04534131 -34.7834496   -5.01683907  -1.29132998
   0.17617284]","[ 1.95427770e-01  1.33140237e-02 -1.18370638e+02  2.51329097e+01
 -1.29092524e+00  1.98298434e-01]",010,LW
239,0,0.2023206689324548,0,[-1.68838249  0.03355968  2.03460099  5.4351847  -1.70062068 -0.25424319],"[ 5.44904341e-01  1.68900872e-02  8.67212260e+01 -4.52547725e+01
 -8.65575865e-01  8.08504470e-01]","[ 1.27948248e-01  2.49377900e-02  6.24027808e+01 -5.98432646e+00
 -1.21147145e+00  4.22145536e-01]","[ -2.47183694   0.10393782 -15.10534827 -35.33795789  -1.29693034
  -0.27890548]","[-1.39851495e-01  6.11832915e-03 -2.24965667e+02 -2.94617849e+01
 -5.98251074e-01 -9.75835720e-01]","[-6.35861392e-03  2.53023237e-03 -6.01923967e+02 -1.82740212e+00
 -1.12872151e+00 -5.88995898e-01]","[ -0.22838222   0.03969008 -39.67137118  -7.06023572  -1.27225226
   0.22633981]","[ 1.87744405e-01  1.13623210e-02 -1.38252026e+02  2.79560443e+01
 -1.26408956e+00  2.79327370e-01]",010,LW
240,0,0.2023206689324548,0,"[ -1.70214928   0.05821282 -23.57229608 -38.12356685  -0.71390823
  -0.89560828]","[ 5.57681005e-01  2.62631772e-02  5.88154755e+01 -3.08002735e+01
 -1.16511741e+00  5.01375202e-01]","[ 1.45203622e-01  3.13375486e-02  5.01442060e+01 -5.28112032e+00
 -1.28103562e+00  2.68266663e-01]","[ -2.53936407   0.11821665 -13.35738359 -31.91925991  -1.33791855
  -0.1144295 ]","[-1.44878794e-01  1.09242764e-02 -1.38825958e+02 -1.81129374e+01
 -1.01156481e+00 -6.61435452e-01]","[-8.08497309e-03  3.36679925e-03 -4.66008892e+02 -1.76766935e+00
 -1.31504350e+00 -2.82662852e-01]","[-2.51454241e-01  3.36582138e-02 -4.67010341e+01 -9.74317310e+00
 -1.25172953e+00  2.69154273e-01]","[ 1.81382907e-01  9.11306823e-03 -1.71333289e+02  3.30769300e+01
 -1.21590658e+00  3.84124225e-01]",010,LW
241,0,0.2023206689324548,0,"[ -1.74403471   0.09401016 -16.39853971 -26.59962237  -1.21162726
  -0.49294218]","[ 5.76095690e-01  3.42952692e-02  4.57209361e+01 -2.43396342e+01
 -1.27195565e+00  3.08363952e-01]","[ 1.66049276e-01  3.61369642e-02  4.36573267e+01 -5.24926749e+00
 -1.30838552e+00  1.61108372e-01]","[-2.61274314e+00  1.21929599e-01 -1.29649341e+01 -3.18740427e+01
 -1.34311156e+00  2.20140258e-02]","[-1.53168682e-01  1.60123432e-02 -9.68578433e+01 -1.28355882e+01
 -1.16020709e+00 -4.71498803e-01]","[-1.02219427e-02  3.77339316e-03 -4.18698574e+02 -2.27991282e+00
 -1.36173764e+00 -6.72156841e-02]","[-2.70869209e-01  2.78043526e-02 -5.64501235e+01 -1.32906003e+01
 -1.23227081e+00  3.01568034e-01]","[ 1.76491094e-01  6.70807123e-03 -2.29781527e+02  4.25543930e+01
 -1.12032588e+00  5.33589654e-01]",010,LW
242,0,0.2023206689324548,0,"[ -1.80568663   0.11699813 -13.46144575 -22.30715267  -1.36058078
  -0.18822966]","[  0.5989021    0.04010283  39.32752599 -21.55333804  -1.3172296
   0.16903631]","[ 1.89462852e-01  3.92381562e-02  4.02713256e+01 -5.62992019e+00
 -1.31557335e+00  8.38176970e-02]","[ -2.68553418   0.11551247 -13.6610519  -34.68722189  -1.32304708
   0.14802122]","[-1.64694231e-01  2.10745828e-02 -7.42528625e+01 -1.02290181e+01
 -1.22950099e+00 -3.50937520e-01]","[-1.24759163e-02  3.71157023e-03 -4.25311586e+02 -3.30615177e+00
 -1.35147060e+00  1.21248056e-01]","[-2.86856471e-01  2.25574329e-02 -6.95238540e+01 -1.79433674e+01
 -1.21766535e+00  3.18736401e-01]","[ 1.73128099e-01  4.31339117e-03 -3.44833488e+02  6.17003662e+01
 -8.96364909e-01  7.71385848e-01]",010,LW
243,0,0.3590226266190245,0,"[ -1.8758982    0.12121744 -13.02775704 -22.43874593  -1.38699082
   0.07217531]","[  0.62446465   0.04308248  36.68775335 -20.91020493  -1.33582517
   0.05081929]","[ 2.14486852e-01  4.08636524e-02  3.86891786e+01 -6.29832014e+00
 -1.31171299e+00  3.26086094e-02]","[ -2.75217475   0.10097796 -15.56140154 -40.82769631  -1.27845482
   0.26967279]","[-1.79292831e-01  2.58036687e-02 -6.09336577e+01 -8.92496799e+00
 -1.27075272e+00 -2.59405540e-01]","[-1.45579701e-02  3.21339334e-03 -4.87174453e+02 -5.09227111e+00
 -1.28605353e+00  3.26657515e-01]","[-2.99857644e-01  1.81837510e-02 -8.62654262e+01 -2.38673475e+01
 -1.21234981e+00  3.15458197e-01]","[ 1.71258250e-01  2.17088238e-03 -5.73095369e+02  1.00147310e+02
 -3.78129476e-01  1.07182690e+00]",010,LW
244,0,0.3590226266190245,0,"[ -1.94168222   0.10476035 -14.8668122  -26.86662487  -1.30049786
   0.37591923]","[  0.65087418   0.0428737   36.86109463 -21.99193461  -1.33611407
  -0.06462962]","[ 2.40399097e-01  4.15355673e-02  3.80668089e+01 -7.15122651e+00
 -1.30274552e+00  9.22369836e-03]","[ -2.80886544   0.08173997 -19.10819211 -51.67234038  -1.21114309
   0.38149197]","[-1.96610099e-01  2.98260701e-02 -5.28692227e+01 -8.39462311e+00
 -1.29796903e+00 -1.79793976e-01]","[-1.62153200e-02  2.37176318e-03 -6.42173785e+02 -8.41305340e+00
 -1.10020016e+00  6.03952372e-01]","[-3.10421390e-01  1.47753833e-02 -1.06299568e+02 -3.09976598e+01
 -1.21870068e+00  2.90115126e-01]","[ 1.70749614e-01  1.18093309e-03  4.02230318e+02 -6.66806717e+01
 -1.43578538e+00  3.34665576e-01]",010,LW
245,0,0.3590226266190245,0,"[ -1.98963871   0.07027322 -20.29493568 -38.37958957  -0.88181445
   0.79961458]","[ 6.76097273e-01  3.94013491e-02  3.99964634e+01 -2.50414998e+01
 -1.31532913e+00 -1.92723794e-01]","[ 2.66839700e-01  4.19671113e-02  3.76748655e+01 -8.05314979e+00
 -1.29331051e+00  1.48383414e-02]","[-2.85424190e+00  6.20989095e-02 -2.50344743e+01 -6.94544455e+01
 -1.13910863e+00  4.54396037e-01]","[-2.16075603e-01  3.27584298e-02 -4.82205240e+01 -8.41927883e+00
 -1.31475865e+00 -1.05407646e-01]","[-1.72572826e-02  1.35883361e-03 -9.74351626e+02 -1.48146614e+01
 -5.73716591e-01  9.70506183e-01]","[-3.19102037e-01  1.22612716e-02 -1.28318539e+02 -3.89467072e+01
 -1.23435521e+00  2.49863956e-01]","[ 1.71379455e-01  2.15578457e-03  6.76333175e+02 -1.13909611e+02
 -9.58069340e-01  7.51928021e-01]",010,LW
246,0,0.3590226266190245,0,[-2.00735986  0.04055021 -4.42922064 -6.89103972 -1.69569675  0.23579167],"[ 6.98136859e-01  3.29031873e-02  4.75088422e+01 -3.11676739e+01
 -1.25646858e+00 -3.56450104e-01]",[ 0.29385332  0.04287624 36.87071908 -8.83458324 -1.28602018  0.04399057],"[-2.88964969e+00  4.65692468e-02 -3.35266999e+01 -9.48804177e+01
 -1.11582228e+00  3.99966535e-01]","[-2.36923000e-01  3.42979593e-02 -4.60935345e+01 -8.92061847e+00
 -1.32224441e+00 -3.41406509e-02]","[-1.75720305e-02  7.72330848e-04  3.12727510e+02  7.49525735e+00
 -1.61740892e+00  2.89191519e-01]","[-3.26373319e-01  1.04412271e-02 -1.50890530e+02 -4.72466430e+01
 -1.25333414e+00  2.12693740e-01]","[ 1.72848360e-01  3.11521539e-03  5.01269222e+02 -8.46435627e+01
 -1.31066544e+00  3.45145396e-01]",010,LW
247,0,0.3590226266190245,0,[-1.9846325   0.08301603 15.69404431 33.14691043 -0.44575789  1.05139521],"[ 7.15180660e-01  2.39409542e-02  6.36612632e+01 -4.35293042e+01
 -1.09267634e+00 -6.04432171e-01]",[ 0.32183458  0.04478556 35.28508545 -9.35596071 -1.28150297  0.08297744],"[-2.91894741e+00  3.94963849e-02 -3.99499379e+01 -1.14611768e+02
 -1.15231691e+00  6.88421777e-02]","[-2.58249693e-01  3.42912955e-02 -4.61023381e+01 -9.90591467e+00
 -1.32167796e+00  3.51163374e-02]","[-1.71324055e-02  1.51642119e-03  9.23431676e+02  1.78206059e+01
 -7.25621435e-01  8.99362889e-01]","[-3.32566353e-01  9.03613869e-03 -1.74404429e+02 -5.60010449e+01
 -1.26949965e+00  2.02737354e-01]","[ 1.74803026e-01  3.55637099e-03  4.44146740e+02 -7.56381939e+01
 -1.38259338e+00  6.13072437e-02]",010,LW
248,0,0.3590226266190245,0,[-1.91428835  0.15828251  9.46977949 20.12788852 -0.94328463  0.73060685],"[ 7.25720468e-01  1.36968201e-02  9.70012864e+01 -6.83958190e+01
 -5.91480292e-01 -9.58077339e-01]",[ 0.35139618  0.0478991  32.97437222 -9.58706848 -1.2799099   0.11631583],"[-2.94790232e+00  4.42760263e-02 -3.53172309e+01 -1.02111747e+02
 -1.09005760e+00 -3.69654607e-01]","[-2.79100671e-01  3.27491052e-02 -4.82349546e+01 -1.14624082e+01
 -1.31414548e+00  1.04774065e-01]","[-1.59914437e-02  2.48286726e-03  6.19218146e+02  1.19021921e+01
 -1.15575039e+00  5.34316607e-01]","[-3.37837124e-01  7.74264576e-03 -2.03200971e+02 -6.66488317e+01
 -1.27486691e+00  2.44437695e-01]","[ 1.76865736e-01  3.41800676e-03  4.60811189e+02 -7.95017102e+01
 -1.35789927e+00 -1.88156172e-01]",010,LW
249,0,0.3590226266190245,0,[-1.79267228  0.2398961   6.44401095 13.55199983 -1.14376041  0.50396524],"[ 7.28637892e-01  8.21707566e-03 -3.52859012e+01  2.77106447e+01
 -1.54966815e+00 -3.35646902e-01]",[ 0.38319763  0.05210083 30.30398999 -9.61241699 -1.28154776  0.13475532],"[-2.98332826e+00  6.13724599e-02 -2.51494835e+01 -7.30291647e+01
 -1.03832902e+00 -5.46888391e-01]","[-2.98558957e-01  2.98172367e-02 -5.28852909e+01 -1.37893773e+01
 -1.29890006e+00  1.79316509e-01]","[-1.42702677e-02  3.26071247e-03  4.81092043e+02  8.86531224e+00
 -1.29035021e+00  2.95041928e-01]","[-3.42161306e-01  6.28318383e-03 -2.48608500e+02 -8.30642092e+01
 -1.24514485e+00  3.68827937e-01]","[ 1.78667008e-01  2.74472034e-03  5.61730010e+02 -9.83626202e+01
 -1.21460420e+00 -4.90591766e-01]",010,LW
250,0,0.1164874702039216,0,[-1.61981062  0.31960196  4.89346448  9.92648571 -1.23179296  0.35815986],"[ 7.23263303e-01  1.73484325e-02 -8.00757504e+01  5.99158517e+01
 -6.42411624e-01 -9.51626476e-01]",[ 0.41777528  0.05703071 27.68322556 -9.56536727 -1.28635501  0.1364781 ],"[ -3.03212807   0.08921175 -17.29924278 -50.45351955  -1.0754996
  -0.539258  ]","[-3.15827148e-01  2.57419539e-02 -6.10620106e+01 -1.72850407e+01
 -1.27181489e+00  2.65083915e-01]","[-1.21417207e-02  3.74445748e-03  4.21590557e+02  7.11883478e+00
 -1.33564753e+00  1.27800884e-01]","[-3.45349155e-01  4.46288802e-03 -3.38729700e+02 -1.14980015e+02
 -1.07269669e+00  6.39684564e-01]","[ 1.79876592e-01  1.69345681e-03  8.03108587e+02 -1.42460436e+02
 -7.08104419e-01 -8.91829499e-01]",010,LW
251,0,0.1115305087042045,0,[-1.0651492   1.07561586  1.25390001  3.3355906  -0.02184158  1.29936764],[ 0.65833801  0.14030414 -8.80769551  7.79844077  0.18081374 -1.45044011],[ 0.50591395  0.16415002  8.32970078 -2.21411185 -0.06646613  1.26054149],[-3.31800069  0.59307114 -2.10088828 -4.97074874  0.17274013 -1.44369084],"[-3.28659137e-01  1.88630902e-02 -8.01168866e+01 -2.43311468e+01
 -1.16149077e+00  5.66168510e-01]","[-9.84677027e-03  3.83423056e-03  4.12162562e+02  6.05847006e+00
 -1.36163693e+00 -4.16368683e-02]",[-0.33135664  0.03512071 29.68675392 11.83690312  0.22582904  1.48245455],"[ 1.73669168e-01  1.54154096e-02 -6.98846653e+01  1.41368117e+01
  2.37880380e-01 -1.49116291e+00]",010,LW
252,0,0.1115305087042045,0,[-0.50913505  1.27127939  1.15313444  2.58710116 -1.79419631  0.35380956],[ 0.58503254  0.17911072 -8.0399837   6.70365208 -1.78718962 -0.40919048],[ 0.59290559  0.19349566  7.6059085  -2.50958565 -1.78572799  0.35223345],[-3.63001357  0.75262387 -1.91197412 -4.94049201 -1.7884994  -0.40938639],"[-3.36350037e-01  1.08502732e-02 -1.10664416e+02 -3.52219805e+01
 -6.21481340e-01  8.99437367e-01]","[-8.38825111e-03  2.76191964e-03  4.76465384e+02  5.99671128e+00
 -1.03718718e+00 -3.76796567e-01]",[-0.31196518  0.05040035 27.67937315 10.63500065 -1.67072959  0.48202651],"[ 1.65544652e-01  2.12839521e-02 -6.59183933e+01  1.29124375e+01
 -1.73272419e+00 -4.54178173e-01]",010,LW
253,0,0.1115305087042045,0,[ 0.02497122  1.22147431  1.17119065  1.97075394 -1.78732327 -0.41710121],[ 0.50604002  0.18499561 -7.93290369  6.01436673 -1.7905096   0.35701345],[ 0.67655333  0.18735359  7.71443128 -3.21922418 -1.78335424 -0.4064425 ],[-3.95855181  0.77329661 -1.89139661 -5.48719146 -1.79581287  0.36256412],"[-3.39396263e-01  5.53343866e-03  4.14640937e+01  1.60727584e+01
 -1.74493838e+00 -7.30108055e-03]","[-7.89701526e-03  1.99094644e-03 -2.40004439e+01  1.81046813e+00
 -1.26912394e+00  2.33362589e-01]",[-0.28719828  0.05877543 25.6966083   9.38002175 -1.70681236 -0.18345024],"[ 1.55654975e-01  2.37646702e-02 -6.28788785e+01  1.17874102e+01
 -1.75350048e+00  2.63996097e-01]",010,LW
254,0,0.1115305087042045,0,[ 0.51502455  0.9459615   1.27188654  1.34494721  0.21216058 -1.47288931],[ 0.42422337  0.15600259 -8.67294084  5.67926417 -0.02990631  1.29103992],[ 0.75451836  0.14745334  8.51396742 -4.42394473  0.15786998 -1.4335444 ],[-4.2911542   0.64504022 -2.06107582 -6.84439417  0.02159387  1.33399347],"[-3.38504975e-01  6.87553964e-03  2.24489485e+02  7.79908073e+01
 -1.43671573e+00  2.98510160e-01]","[-8.41073798e-03  2.77743411e-03 -4.85501763e+02 -2.08342812e+00
 -1.08201312e+00 -3.54700493e-01]",[-0.25732756  0.05750618 26.09639683  8.71532204 -0.598731   -0.79921605],"[ 1.44267184e-01  2.19476063e-02 -6.61503756e+01  1.15433284e+01
 -3.65161267e-01  1.01575269e+00]",010,LW
255,0,0.1115305087042045,0,"[  0.94155129   0.08212652  14.39000719 -11.54892981  -0.38753684
  -1.03703783]","[  0.34243607   0.04887519 -32.18969428  13.02291233  -1.26881079
   0.24646674]","[ 8.24487715e-01  2.24133525e-02  6.63533822e+01 -5.27075485e+01
 -9.15288437e-01 -7.61489885e-01]","[ -4.61334122   0.16518303  -9.31643663 -40.97990109  -1.13761931
   0.53679278]","[-3.34548910e-01  7.75331774e-03  2.03534149e+02  7.00921276e+01
 -1.32388999e+00 -1.46564602e-01]","[-9.87255537e-03  3.76148017e-03 -4.20257891e+02 -2.14901930e+00
 -1.34725233e+00  1.51148852e-02]","[-2.22866976e-01  3.63814352e-02  4.34589467e+01  1.16855640e+01
 -1.31679142e+00  2.62358802e-03]","[ 1.31746043e-01  1.11124628e-02 -1.42203300e+02  2.07347220e+01
 -1.31575226e+00  8.12559429e-02]",010,LW
256,0,0.1115305087042045,0,"[  0.95490463   0.05543469 -13.15567969  14.56241945  -1.00412634
  -0.56977098]","[  0.31441643   0.04058547 -38.64822619  14.15163747  -1.24148388
   0.31112676]","[ 8.33839419e-01  1.12558932e-02  1.04565140e+02 -8.51905357e+01
 -4.02921592e-01 -1.02288552e+00]","[ -4.69201108   0.10257364 -14.03393589 -63.84738275  -0.79273128
   0.86017948]","[-3.30144323e-01  6.68529046e-03  2.34593144e+02  7.94495948e+01
 -1.28560625e+00 -3.00375414e-01]","[-1.21031181e-02  3.55324745e-03 -4.43915567e+02 -3.37276254e+00
 -1.32932370e+00  1.60579062e-01]","[-2.00252931e-01  3.59238480e-02  4.40062796e+01  1.08123865e+01
 -1.31193036e+00 -4.33308376e-02]","[ 1.25091274e-01  1.02798567e-02 -1.53507673e+02  2.12024705e+01
 -1.30640577e+00  1.52644458e-01]",010,LW
257,0,0.1115305087042045,0,"[  0.91804792   0.10890715 -13.45972752  14.35667484  -0.92108748
  -0.77367137]","[ 2.91632867e-01  3.21241822e-02 -4.86056688e+01  1.61750105e+01
 -1.20169389e+00  3.87710543e-01]","[ 8.35450145e-01  8.02497151e-03 -9.45594739e+01  8.09997262e+01
 -9.23183425e-01 -6.26302627e-01]","[-4.72720253e+00  4.89705968e-02 -1.34443316e+01 -6.15540786e+01
 -1.04433621e+00  5.74797094e-01]","[-3.26642904e-01  5.04173936e-03  3.04195548e+02  1.01363317e+02
 -1.15048174e+00 -5.48740740e-01]","[-1.41013648e-02  3.02499670e-03 -5.17472130e+02 -5.29706328e+00
 -1.27181539e+00  3.33078920e-01]","[-1.78149072e-01  3.45382116e-02  4.57566514e+01  1.01515050e+01
 -1.30411099e+00 -7.81827496e-02]","[ 1.19108387e-01  9.01221838e-03 -1.74565404e+02  2.27922037e+01
 -1.28461464e+00  2.43505610e-01]",010,LW
258,0,0.1116170053344834,0,[ 0.83926474  0.16344202 -9.50480849  9.97705065 -1.22916312 -0.43093155],"[ 2.74077236e-01  2.39344506e-02 -6.47342572e+01  1.97421863e+01
 -1.13926018e+00  4.87045806e-01]","[ 8.29767342e-01  1.62932667e-02 -8.95796933e+01  7.63303040e+01
 -8.70014727e-01 -8.07143807e-01]","[-4.71665734e+00  6.98787892e-02  1.75262766e+01  8.46654414e+01
 -4.58529637e-01  1.00045320e+00]","[-3.24429744e-01  2.98743447e-03  4.48858570e+02  1.47623071e+02
 -6.56999936e-01 -9.16385806e-01]","[-1.56770465e-02  2.23780631e-03 -6.83051284e+02 -8.70822671e+00
 -1.11428253e+00  5.82060421e-01]","[-1.57025656e-01  3.25699750e-02  4.85066958e+01  9.61679572e+00
 -1.29656333e+00 -1.00466934e-01]","[ 1.14062488e-01  7.35048321e-03 -2.12548329e+02  2.62437911e+01
 -1.23492034e+00  3.70588449e-01]",010,LW
259,0,0.1542181138289076,0,[ 0.72888929  0.20284606 -7.75976052  7.65600632 -1.31292949 -0.22306552],"[ 2.61520529e-01  1.63483999e-02 -9.32211159e+01  2.63792356e+01
 -1.02242108e+00  6.36075816e-01]","[ 8.17540055e-01  2.53338750e-02 -6.10308262e+01  5.18951450e+01
 -1.17301779e+00 -4.91137852e-01]",[-4.66063682  0.13282849 11.3057337  54.69191872 -0.98668621  0.70364035],"[-3.23848497e-01  1.90057457e-03 -1.56145847e+02 -4.85675979e+01
 -1.51776006e+00 -3.54547139e-01]","[-1.66735669e-02  1.30573447e-03 -1.03427833e+03 -1.52451089e+01
 -6.28918758e-01  9.43245222e-01]","[-1.37169614e-01  3.03410973e-02  5.20595767e+01  9.14099207e+00
 -1.29189649e+00 -1.12502092e-01]","[ 1.10187630e-01  5.37328854e-03 -2.85314644e+02  3.34381444e+01
 -1.10869465e+00  5.70369389e-01]",010,LW
260,0,0.1542181138289076,0,[ 0.59825042  0.22456828 -7.03579828  6.20916927 -1.33427958 -0.08266977],"[ 2.53598837e-01  9.60261240e-03 -1.50371890e+02  4.01341363e+01
 -7.34008239e-01  8.93847381e-01]","[ 7.99735934e-01  3.30675081e-02 -4.74218505e+01  3.99249579e+01
 -1.26516254e+00 -3.09279383e-01]",[-4.56188594  0.1953517   7.94930889 38.26384049 -1.19392384  0.44828551],"[-3.25154598e-01  4.12391643e-03 -3.34673950e+02 -1.06820774e+02
 -6.10827909e-01 -9.71008104e-01]","[-1.69743658e-02  7.52073988e-04  2.30635191e+02  5.91488609e+00
 -1.65178765e+00  2.87215008e-01]","[-1.18721620e-01  2.80490042e-02  5.63049690e+01  8.68461716e+00
 -1.29053982e+00 -1.20854335e-01]","[ 1.07670691e-01  3.23467205e-03 -4.37788162e+02  4.91369540e+01
 -7.27527903e-01  9.01117115e-01]",010,LW
261,0,0.1542181138289076,0,[ 0.45858967  0.2291458  -6.89911224  5.16386158 -1.33218391  0.02583733],"[ 2.49911426e-01  4.30698451e-03 -2.09043025e+02  5.42422405e+01
 -5.81183177e-01  8.62560321e-01]","[ 7.77463465e-01  3.90912067e-02 -4.03185888e+01  3.33462298e+01
 -1.29957015e+00 -1.94131296e-01]",[-4.42551337  0.24940742  6.29398141 29.85409888 -1.27194842  0.28990539],"[-3.28453498e-01  7.17427052e-03 -2.12068028e+02 -6.76544855e+01
 -1.05970145e+00 -6.27791177e-01]","[-1.65057341e-02  1.56977537e-03  8.74976936e+02  1.64421367e+01
 -6.02677184e-01  9.72998310e-01]","[-1.01748559e-01  2.57273384e-02  6.13689177e+01  8.24419896e+00
 -1.29086536e+00 -1.34173661e-01]","[ 1.06635679e-01  1.55296657e-03 -2.86562510e+02  3.25577878e+01
 -1.37811143e+00  4.09476808e-01]",010,LW
262,0,0.1542181138289076,0,[ 0.32008839  0.21881124 -7.21713477  4.31012106 -1.31729341  0.11894092],"[ 2.50114423e-01  4.72079941e-03  2.38891964e+02 -5.77503257e+01
 -4.56349147e-01  9.61934112e-01]","[  0.75191273   0.04325179 -36.51858074  29.4587857   -1.31431797
  -0.11010608]",[-4.25877029  0.29087538  5.42136724 25.08835775 -1.30702005  0.17622256],"[-3.33639870e-01  1.00118471e-02 -1.55796871e+02 -4.99800478e+01
 -1.23897945e+00 -3.88309330e-01]","[-1.52378055e-02  2.76777809e-03  5.48949856e+02  1.03647911e+01
 -1.03918688e+00  6.42043112e-01]","[-8.63228627e-02  2.32815173e-02  6.77722687e+01  7.85029625e+00
 -1.28993580e+00 -1.60581640e-01]","[ 1.07130160e-01  2.50642257e-03  5.12967694e+02 -5.29543113e+01
 -5.09564698e-01  9.94585735e-01]",010,LW
263,0,0.1746574804030498,0,[ 0.19114389  0.19685496 -8.00362239  3.52984349 -1.29246857  0.2056649 ],"[ 2.53988289e-01  9.52146825e-03  1.56066821e+02 -3.76391448e+01
 -9.00091197e-01  7.69722993e-01]","[  0.72431333   0.0454779  -34.76112402  27.17794546  -1.32005482
  -0.04066707]",[-4.07068224  0.31689992  4.98618742 22.29718459 -1.32272654  0.08354798],"[-3.40356277e-01  1.21191736e-02 -1.29964925e+02 -4.22343779e+01
 -1.32188525e+00 -2.04535830e-01]","[-1.31852887e-02  3.96192112e-03  3.92623112e+02  7.17684909e+00
 -1.19693604e+00  4.31359931e-01]","[-7.25763225e-02  2.05665074e-02  7.66096342e+01  7.56004552e+00
 -1.28335895e+00 -2.06901979e-01]","[ 1.09116016e-01  4.58428435e-03  3.29856599e+02 -3.39926378e+01
 -1.03239818e+00  6.61658566e-01]",010,LW
264,0,0.1901027666144795,0,[ 0.077961    0.16705739 -9.39695832  2.73259622 -1.25719064  0.2932204 ],"[ 2.61464072e-01  1.49481664e-02  1.03066903e+02 -2.49482922e+01
 -1.10405295e+00  5.42498981e-01]","[ 6.95896522e-01  4.57681271e-02 -3.45441071e+01  2.60391239e+01
 -1.31974141e+00  2.22567568e-02]","[-3.87149398e+00  3.25867446e-01  4.85178878e+00  2.07836711e+01
 -1.32664130e+00  5.71826074e-04]","[-3.47980476e-01  1.30536265e-02 -1.21076879e+02 -4.01323898e+01
 -1.35881556e+00 -3.24903572e-02]","[-1.04073477e-02  5.04199983e-03  3.11281365e+02  5.23961340e+00
 -1.26384228e+00  2.95371638e-01]","[-6.07143826e-02  1.74611895e-02  8.99555591e+01  7.46159623e+00
 -1.26384105e+00 -2.80927842e-01]","[ 1.12465565e-01  6.55273511e-03  2.37657915e+02 -2.47283318e+01
 -1.22022586e+00  4.11792690e-01]",010,LW
265,0,0.2186758480566054,0,"[ -0.01556324   0.13315063 -11.72267856   1.81755719  -1.20643397
   0.39074751]","[ 2.72606090e-01  2.07362300e-02  7.51148763e+01 -1.84767727e+01
 -1.17964515e+00  4.22717001e-01]","[  0.66784806   0.04421976 -35.73536307  25.86579295  -1.31401064
   0.08269995]",[-3.67193271  0.31760714  4.97542033 20.26940867 -1.321197   -0.07936378],"[-3.55641720e-01  1.24613146e-02 -1.26508822e+02 -4.29918150e+01
 -1.35350610e+00  1.66173432e-01]","[-7.00432460e-03  5.93520981e-03  2.65535537e+02  3.85989710e+00
 -1.29586349e+00  1.96774444e-01]","[-5.09976642e-02  1.39155919e-02  1.12072804e+02  7.71545121e+00
 -1.21506682e+00 -3.97971154e-01]","[ 1.16963314e-01  8.15266131e-03  1.92882648e+02 -2.05601938e+01
 -1.29126570e+00  2.51260759e-01]",010,LW
266,0,0.2186758480566054,0,"[ -0.08770892   0.09841927 -15.70176866   0.62281485  -1.12535575
   0.51314258]","[ 2.87556297e-01  2.68759885e-02  5.82505200e+01 -1.47503038e+01
 -1.22014939e+00  3.46769476e-01]","[  0.64124441   0.04105565 -38.44722015  26.65406507  -1.30267952
   0.14268356]",[-3.48234796  0.29344725  5.37626264 20.72201725 -1.30612553 -0.16162553],"[-3.62265118e-01  1.01429439e-02 -1.52497003e+02 -5.32443450e+01
 -1.24548554e+00  4.54792190e-01]","[-3.11027692e-03  6.59149625e-03  2.39587242e+02  2.74518267e+00
 -1.31116138e+00  1.19174001e-01]","[-4.37010650e-02  9.98142468e-03  1.53166665e+02  8.69354638e+00
 -1.08537823e+00 -5.94360325e-01]","[ 1.22314081e-01  9.24125210e-03  1.70835466e+02 -1.88955830e+01
 -1.32210879e+00  1.30399610e-01]",010,LW
267,0,0.2186758480566054,0,"[ -0.13860447   0.06553445 -23.08058793  -1.19907276  -0.97270425
   0.68894405]","[ 3.06447907e-01  3.32458259e-02  4.72378851e+01 -1.24759510e+01
 -1.24836420e+00  2.87729866e-01]","[ 6.16973946e-01  3.66331181e-02 -4.30162476e+01  2.85399040e+01
 -1.28514033e+00  2.02599425e-01]",[-3.31182701  0.25609678  6.14116205 22.33846635 -1.27837599 -0.25191279],"[-3.66642044e-01  6.33228608e-03 -2.12403394e+02 -7.58760145e+01
 -7.40430160e-01  8.54141354e-01]","[ 1.11776527e-03  6.98373095e-03  2.26341282e+02  1.74700358e+00
 -1.31733610e+00  5.43151930e-02]","[-3.90603672e-02  5.88990593e-03  2.38196026e+02  1.13040242e+01
 -6.88813505e-01 -9.24096836e-01]","[ 1.28158233e-01  9.72221516e-03  1.62606496e+02 -1.88393612e+01
 -1.33371233e+00  2.47744687e-02]",010,LW
268,0,0.2186758480566054,0,"[-1.69787680e-01  3.67099007e-02 -3.84904093e+01 -4.53519732e+00
 -6.22515726e-01  9.67662255e-01]","[ 3.29301890e-01  3.95671698e-02  3.97820687e+01 -1.11003104e+01
 -1.27092843e+00  2.34364907e-01]","[ 5.95657117e-01  3.14308845e-02 -5.00271888e+01  3.17990510e+01
 -1.26126218e+00  2.60305705e-01]",[-3.16741619  0.2093909   7.4694959  25.65900222 -1.23073484 -0.35777806],"[-3.67522701e-01  4.66830846e-03  8.60701543e+01  3.36327356e+01
 -1.32647432e+00  4.65211089e-01]","[ 5.51297108e-03  7.10733644e-03  2.22459484e+02  7.73587296e-01
 -1.31773403e+00 -2.56289376e-03]","[-3.72223782e-02  2.82660729e-03  1.25102683e+02  6.65661938e+00
 -1.49038889e+00 -3.58647293e-01]","[ 1.34093838e-01  9.54382926e-03  1.65563505e+02 -2.02010459e+01
 -1.33083272e+00 -8.04759106e-02]",010,LW
269,0,0.200749013457879,0,"[-1.83772379e-01  1.54292412e-02 -5.12472180e+01 -7.41782318e+00
 -6.50422407e-01  8.36371561e-01]","[  0.35592831   0.04541936  34.7181976  -10.35718948  -1.28971742
   0.18159245]","[ 5.77588189e-01  2.60082639e-02 -6.03210060e+01  3.68407006e+01
 -1.23341789e+00  3.09648597e-01]",[-3.05358754  0.15789039  9.80411685 31.9377291  -1.14708655 -0.49227193],"[-3.63727025e-01  1.10843645e-02  1.23630017e+02  4.69675781e+01
 -5.30447654e-01  1.02096596e+00]","[ 9.91381218e-03  6.98047235e-03  2.26451759e+02 -2.45000203e-01
 -1.31341793e+00 -5.34412920e-02]","[-3.82134457e-02  4.71089765e-03 -2.77836168e+02 -8.61707734e+00
 -5.44130643e-01 -9.81714842e-01]","[ 1.39704648e-01  8.70639148e-03  1.80977693e+02 -2.32834248e+01
 -1.30986128e+00 -1.98852776e-01]",010,LW
270,0,0.200749013457879,0,"[-1.83684552e-01  1.56052096e-02  7.75694308e+01  1.62483061e+01
 -6.33061707e-01  8.49673195e-01]","[  0.38585322   0.0502866   31.40059601 -10.11602113  -1.30479091
   0.12700109]","[ 5.62715347e-01  2.09357037e-02 -7.48283125e+01  4.41070398e+01
 -1.20858364e+00  3.38666257e-01]",[-2.97204571  0.10636413 14.22387176 44.27399701 -0.98375704 -0.68336814],"[-3.54266616e-01  2.04414981e-02  7.36629639e+01  2.80963290e+01
 -9.55590373e-01  7.12027491e-01]","[ 1.41797494e-02  6.64570981e-03  2.37734815e+02 -1.37102009e+00
 -1.30496457e+00 -9.71276903e-02]","[-4.19314484e-02  8.48965273e-03 -1.78621732e+02 -5.48986795e+00
 -1.04666334e+00 -6.45143123e-01]","[ 1.44591603e-01  7.26898774e-03  2.15164684e+02 -2.91110066e+01
 -1.25515207e+00 -3.50135777e-01]",010,LW
271,0,0.2161264281059142,0,"[-1.72963841e-01  2.68025905e-02  5.71238785e+01  1.18803654e+01
 -1.18375941e+00  5.38897848e-01]","[  0.41828264   0.05362869  29.47063661 -10.32705577  -1.31562238
   0.06924552]","[ 5.50662359e-01  1.67160002e-02 -9.37879591e+01  5.36454988e+01
 -1.19821158e+00  3.27143289e-01]","[-2.92188743e+00  5.95254177e-02  2.35556060e+01  7.08268291e+01
 -6.04794568e-01 -9.78790832e-01]","[-3.38462040e-01  3.08608692e-02  5.00752192e+01  1.89485609e+01
 -1.13393533e+00  5.10140544e-01]","[ 1.82058282e-02  6.17033679e-03  2.55904064e+02 -2.65894541e+00
 -1.29400255e+00 -1.29283044e-01]","[-4.81636671e-02  1.21152435e-02 -1.28543239e+02 -4.19111378e+00
 -1.21045378e+00 -4.14908839e-01]","[ 1.48404158e-01  5.35465839e-03  2.85978104e+02 -4.04403397e+01
 -1.11270409e+00 -5.74493098e-01]",010,LW
272,0,0.6669063211266684,0,"[-1.55123044e-01  3.45284297e-02  4.55590631e+01  9.06726053e+00
 -1.33892769e+00  2.25191357e-01]","[ 4.52110811e-01  5.49631698e-02  2.87659621e+01 -1.10054025e+01
 -1.32146371e+00  6.94914523e-03]","[ 5.40788964e-01  1.37270299e-02 -1.14623514e+02  6.39871313e+01
 -1.21100954e+00  2.48030496e-01]","[-2.90006872e+00  2.51000264e-02  2.65126825e+01  7.88886013e+01
 -8.81736779e-01 -7.02691973e-01]",[-0.31603466  0.04145116 37.69313805 13.912338   -1.21957142  0.37461866],"[ 2.19350330e-02  5.64165879e-03  2.79806669e+02 -4.13756852e+00
 -1.28343155e+00 -1.42840310e-01]","[-5.66334485e-02  1.53198532e-02 -1.02504575e+02 -3.80518755e+00
 -1.26344452e+00 -2.85435401e-01]","[ 1.50867036e-01  3.18653076e-03  4.37283493e+02 -6.39716644e+01
 -6.85366355e-01 -9.23949905e-01]",010,LW
273,0,0.6669063211266684,0,"[-1.33573413e-01  3.74277975e-02  4.22294561e+01  7.64073260e+00
 -1.36194333e+00  1.57683911e-02]","[  0.48597724   0.05394308  29.30054204 -12.23939665  -1.32101928
  -0.06205788]","[ 5.32284835e-01  1.21928106e-02 -1.29557250e+02  7.09613593e+01
 -1.23492962e+00  9.23100161e-02]","[-2.90210339e+00  2.91169667e-02 -4.34248865e+01 -1.24023511e+02
 -6.32584120e-01 -8.82208600e-01]",[-0.28715501  0.05142067 30.55665303 10.774496   -1.26582646  0.27426299],"[ 2.53666577e-02  5.15713484e-03  3.06188947e+02 -5.76699021e+00
 -1.27623027e+00 -1.28855755e-01]","[-6.70686441e-02  1.81236449e-02 -8.69206121e+01 -3.82964760e+00
 -1.27942464e+00 -2.12379650e-01]","[ 1.51798497e-01  1.59302459e-03  1.38639820e+02 -1.90453162e+01
 -1.63295295e+00 -2.89111601e-01]",010,LW
274,0,0.6669063211266684,0,"[-1.11499397e-01  3.57042567e-02  4.41652823e+01  6.92440232e+00
 -1.33846272e+00 -1.65877162e-01]","[  0.51836596   0.05041502  31.30871456 -14.22937176  -1.31177
  -0.14159533]","[ 5.24283127e-01  1.21457546e-02 -1.30077957e+02  7.01976778e+01
 -1.24296787e+00 -8.60685330e-02]","[-2.92286592e+00  4.99950131e-02 -3.06427512e+01 -8.75646531e+01
 -1.16158705e+00 -5.47522286e-01]",[-0.25243912  0.06006363 26.24211718  8.62453706 -1.2922333   0.19422146],"[ 2.85580288e-02  4.81231799e-03  3.28383184e+02 -7.37797641e+00
 -1.27313174e+00 -8.01189282e-02]","[-7.92726416e-02  2.06918109e-02 -7.62221742e+01 -4.04233310e+00
 -1.28058633e+00 -1.76803942e-01]","[ 1.51118114e-01  2.86169026e-03 -4.64190005e+02  7.21475178e+01
 -5.56236678e-01 -9.84033072e-01]",010,LW
275,0,0.6669063211266684,0,"[-9.17362258e-02  2.99789629e-02  5.20591871e+01  6.77571334e+00
 -1.26131155e+00 -3.73450522e-01]","[  0.54772554   0.04444369  35.40330978 -17.39129679  -1.28828554
  -0.23926927]","[ 5.15974068e-01  1.33882284e-02 -1.17705573e+02  6.27330233e+01
 -1.24067764e+00 -2.05187493e-01]","[-2.95733013e+00  6.61763289e-02 -2.37168690e+01 -6.81386114e+01
 -1.29161407e+00 -2.85968828e-01]",[-0.21289711  0.06680374 23.63674938  7.03219564 -1.30728916  0.12660368],"[ 3.16182494e-02  4.68856716e-03  3.37208007e+02 -8.66192689e+00
 -1.27068774e+00  1.46010444e-04]","[-9.31783922e-02  2.32793540e-02 -6.77684060e+01 -4.31455111e+00
 -1.27615725e+00 -1.67688024e-01]","[ 1.48845173e-01  5.12326980e-03 -2.96172435e+02  4.60838375e+01
 -1.04657478e+00 -6.43270509e-01]",010,LW
276,0,0.6669063211266684,0,"[-7.66155046e-02  2.12518442e-02  7.08601074e+01  7.42898288e+00
 -1.03565578e+00 -6.71781142e-01]","[ 5.72584728e-01  3.62986708e-02  4.30349909e+01 -2.26411785e+01
 -1.23575567e+00 -3.72056047e-01]","[ 5.06704871e-01  1.55379182e-02 -1.01282567e+02  5.33203699e+01
 -1.24970450e+00 -2.42816846e-01]","[ -3.00111152   0.07672182 -20.56885505 -59.72942787  -1.31271887
  -0.14975936]",[-0.16984895  0.07122405 22.19085193  5.76909292 -1.31513225  0.06659343],"[ 3.46951358e-02  4.84050139e-03  3.26412741e+02 -9.32493437e+00
 -1.26473026e+00  9.16551068e-02]","[-1.08872280e-01  2.61617740e-02 -6.02916541e+01 -4.56408985e+00
 -1.27108524e+00 -1.74156076e-01]","[ 1.45090950e-01  7.28616587e-03 -2.13768463e+02  3.30158693e+01
 -1.21466973e+00 -4.12123534e-01]",010,LW
277,0,0.6669063211266684,0,"[-6.77959520e-02  1.14253091e-02  1.05710996e+02  9.16677763e+00
 -4.74871527e-01 -9.81545926e-01]","[ 5.91647511e-01  2.64400855e-02  5.79041314e+01 -3.22588352e+01
 -1.10277553e+00 -5.79804854e-01]","[ 4.96058642e-01  1.81225420e-02 -8.68939330e+01  4.51044864e+01
 -1.27057465e+00 -2.23740114e-01]","[ -3.05077321   0.08298129 -19.04441475 -56.10019031  -1.31112827
  -0.07774807]","[-1.24824128e-01  7.30782944e-02  2.16354167e+01  4.70062202e+00
 -1.31786025e+00  1.07665428e-02]","[ 3.79573695e-02  5.28584115e-03  2.98466582e+02 -9.32900635e+00
 -1.25737345e+00  1.66873394e-01]","[-1.26579690e-01  2.95526934e-02 -5.33576263e+01 -4.75399179e+00
 -1.26835049e+00 -1.84672249e-01]","[ 1.40047927e-01  9.12376151e-03 -1.72246764e+02  2.61228023e+01
 -1.27932696e+00 -2.67031911e-01]",010,LW
278,0,0.6669063211266684,0,"[-6.61437333e-02  8.15530563e-03 -8.38578907e+01 -3.54667396e+00
 -1.03179010e+00 -5.67039941e-01]","[ 6.03864810e-01  1.57029112e-02  8.90611417e+01 -5.17808894e+01
 -6.93891479e-01 -9.19125353e-01]","[ 4.83905661e-01  2.06442249e-02 -7.63994574e+01  3.89701299e+01
 -1.29422532e+00 -1.73934833e-01]","[-3.10391597e+00  8.65087431e-02 -1.82746234e+01 -5.47228953e+01
 -1.30614761e+00 -4.13263615e-02]",[-0.07945678  0.07228806 21.86874873  3.73762031 -1.3163649  -0.04375273],"[ 4.15736841e-02  6.00284378e-03  2.62481365e+02 -8.91231737e+00
 -1.25497188e+00  2.09773930e-01]","[-1.46611933e-01  3.35361571e-02 -4.70120279e+01 -4.89252429e+00
 -1.26948113e+00 -1.89945171e-01]","[ 1.33977621e-01  1.05131294e-02 -1.50060598e+02  2.21047620e+01
 -1.30867783e+00 -1.61871740e-01]",010,LW
279,0,0.4918928224557659,0,"[-7.17156094e-02  1.64431206e-02 -8.82903496e+01 -4.33179622e+00
 -8.65430156e-01 -8.12875410e-01]","[ 6.08485249e-01  7.83870287e-03  3.13505855e+01 -1.70763688e+01
 -1.61868843e+00 -2.95446943e-01]","[ 4.70421075e-01  2.26216546e-02 -6.98257209e+01  3.48474907e+01
 -1.31428643e+00 -1.07479444e-01]","[-3.15908075e+00  8.85767552e-02 -1.78495495e+01 -5.43881684e+01
 -1.30197450e+00 -2.56387504e-02]",[-0.03538606  0.06892776 22.91980771  2.81104179 -1.31064407 -0.09991466],"[ 4.56914507e-02  6.93517508e-03  2.27104795e+02 -8.37674753e+00
 -1.26029914e+00  2.20539590e-01]","[-1.69286465e-01  3.80386393e-02 -4.14527081e+01 -5.01738243e+00
 -1.27442784e+00 -1.85338913e-01]","[ 1.27197620e-01  1.13674566e-02 -1.39020765e+02  1.96831105e+01
 -1.32232383e+00 -7.49301741e-02]",010,LW
280,0,0.51768774281323,0,"[-8.38496006e-02  2.54111407e-02 -6.09213219e+01 -3.10822851e+00
 -1.19767436e+00 -4.71779607e-01]","[ 6.05085380e-01  1.42189439e-02 -9.28412887e+01  5.81769065e+01
 -5.26977167e-01 -1.00062529e+00]","[ 4.56066387e-01  2.36316592e-02 -6.68984021e+01  3.25101126e+01
 -1.32720642e+00 -2.92071665e-02]","[-3.21550309e+00  9.00298728e-02 -1.75617574e+01 -5.44698851e+01
 -1.29984510e+00 -2.11293216e-02]","[ 5.82746144e-03  6.31960838e-02  2.49653969e+01  1.85451511e+00
 -1.29972107e+00 -1.61668789e-01]","[ 5.04174248e-02  7.99960859e-03  1.96970289e+02 -7.93073475e+00
 -1.27127897e+00  2.07326259e-01]","[ -0.1948394    0.04284247 -36.8199225   -5.17397163  -1.28195997
  -0.17050091]","[ 1.20067863e-01  1.16277934e-02 -1.35970421e+02  1.83256778e+01
 -1.32656668e+00  5.85953360e-03]",010,LW
281,0,0.5313490813620737,0,"[-1.01355820e-01  3.24893857e-02 -4.83571402e+01 -2.90127761e+00
 -1.29070092e+00 -2.68770925e-01]","[ 5.93582941e-01  2.59401263e-02 -5.83035587e+01  3.66079978e+01
 -1.01593660e+00 -6.69113369e-01]","[ 4.41536444e-01  2.33558189e-02 -6.76702918e+01  3.18789000e+01
 -1.32959667e+00  6.16176309e-02]","[-3.27278569e+00  9.12183406e-02 -1.73330869e+01 -5.47274787e+01
 -1.30089978e+00 -1.85387665e-02]",[ 0.04276416  0.05537932 28.41941133  0.78466769 -1.28053926 -0.23555391],"[ 5.58026318e-02  9.09444088e-03  1.73409563e+02 -7.67671001e+00
 -1.28438991e+00  1.78691124e-01]","[ -0.223346     0.04762129 -33.14454109  -5.40270066  -1.2906469
  -0.14710745]","[ 1.12975338e-01  1.12638647e-02 -1.40269599e+02  1.78470053e+01
 -1.32240148e+00  8.97500617e-02]",010,LW
282,0,0.5511519712303461,0,"[-1.22806986e-01  3.73044893e-02 -4.23081837e+01 -3.19574054e+00
 -1.31519380e+00 -1.44117652e-01]","[ 5.74242697e-01  3.76937406e-02 -4.12212819e+01  2.56710201e+01
 -1.18862756e+00 -4.45020084e-01]","[ 4.27677391e-01  2.16283049e-02 -7.29186548e+01  3.31856600e+01
 -1.31575787e+00  1.70252923e-01]","[-3.33055795e+00  9.19337192e-02 -1.71985509e+01 -5.52807704e+01
 -1.30545361e+00 -7.83913790e-03]",[ 0.07419106  0.04582449 34.17995413 -0.53584716 -1.24444427 -0.33349168],"[ 6.18324059e-02  1.01084426e-02  1.56166030e+02 -7.65612133e+00
 -1.29698583e+00  1.40632085e-01]","[ -0.25465673   0.05197361 -30.38838422  -5.7386067   -1.29951065
  -0.11668636]","[ 1.06316304e-01  1.02772134e-02 -1.53386127e+02  1.83074461e+01
 -1.30631529e+00  1.87165931e-01]",010,LW
283,0,0.5720209535067564,0,"[ -0.14688197   0.04016625 -39.34819927  -3.77954114  -1.3132267
  -0.06996852]","[  0.5476782    0.04840545 -32.40468193  19.74733776  -1.25755583
  -0.30699989]","[ 4.15383850e-01  1.84724648e-02 -8.48779564e+01  3.72569323e+01
 -1.27272770e+00  3.09154016e-01]","[-3.38816428e+00  9.14281327e-02 -1.72930289e+01 -5.65916229e+01
 -1.31193258e+00  1.95150822e-02]","[ 9.90991549e-02  3.49465988e-02  4.43284028e+01 -2.39290726e+00
 -1.16624306e+00 -4.79195360e-01]","[ 6.84220020e-02  1.09293902e-02  1.44557431e+02 -7.89090882e+00
 -1.30762731e+00  9.62751325e-02]","[ -0.28835013   0.0554433  -28.50318177  -6.2188963   -1.3079377
  -0.07952914]","[ 1.00476578e-01  8.70563095e-03 -1.80061332e+02  2.00919464e+01
 -1.26622799e+00  3.14725121e-01]",010,LW
284,0,0.5925936947646723,0,"[ -0.17265872   0.04186801 -37.75932555  -4.51947681  -1.29948091
  -0.04274052]","[  0.51484071   0.05744439 -27.42398661  16.11898479  -1.29122321
  -0.20929075]","[ 4.05486364e-01  1.41181259e-02 -1.09341227e+02  4.63363767e+01
 -1.16260454e+00  5.06816881e-01]","[ -3.44440619   0.08858126 -17.84181937 -59.45447305  -1.31685889
   0.06987201]","[ 1.16737328e-01  2.33092977e-02  6.42687251e+01 -5.50255921e+00
 -9.60350076e-01 -7.22956493e-01]","[ 7.54177601e-02  1.14515891e-02  1.38043922e+02 -8.41096341e+00
 -1.31550174e+00  4.64238697e-02]","[ -0.3237024    0.05753585 -27.47765554  -6.89458295  -1.31515523
  -0.03457834]","[ 9.58116350e-02  6.63094728e-03 -2.32800210e+02  2.43049687e+01
 -1.16251163e+00  5.06661317e-01]",010,LW
285,0,0.6140795120859678,0,"[ -0.19977137   0.04350174 -36.33559283  -5.25881106  -1.28440398
  -0.06060091]","[  0.4769884    0.064298   -24.55515131  13.71252239  -1.30923871
  -0.13115583]","[ 3.98642950e-01  9.03214234e-03 -1.61700803e+02  6.64608850e+01
 -8.51370813e-01  8.19309616e-01]","[ -3.497373     0.08215585 -19.2074447  -65.17559844  -1.31406715
   0.15121105]","[ 1.26646331e-01  1.21077694e-02  1.01640315e+02 -1.08723729e+01
 -4.39183693e-01 -1.01828695e+00]","[ 8.26040124e-02  1.15838816e-02  1.36489020e+02 -9.27454073e+00
 -1.31964842e+00 -9.74853061e-03]","[-3.59677660e-01  5.77507848e-02 -2.73767667e+01 -7.84681138e+00
 -1.31968932e+00  2.03850192e-02]","[ 9.26279471e-02  4.21378111e-03 -3.44631109e+02  3.39224722e+01
 -8.41095552e-01  8.27498100e-01]",010,LW
286,1,0.786252608525625,1,"[ -0.22840283   0.04607799 -34.28426855  -5.83062409  -1.27488777
  -0.10459467]","[  0.43563748   0.06856294 -23.05280073  12.04266392  -1.31816041
  -0.06287947]","[ 3.95250129e-01  4.33265695e-03 -2.09649310e+02  8.48639167e+01
 -6.18652549e-01  8.26784908e-01]","[-3.54440648e+00  7.10660590e-02 -2.20930775e+01 -7.63068471e+01
 -1.28778737e+00  2.81344077e-01]","[ 1.28692189e-01  8.06203790e-03 -7.75866158e+01  1.19847914e+01
 -1.11788745e+00 -5.30986475e-01]","[ 8.97163243e-02  1.12599034e-02  1.40352657e+02 -1.05919245e+01
 -1.31834970e+00 -7.42280190e-02]","[ -0.39494624   0.05563946 -28.39754806  -9.21550488  -1.31885209
   0.08910587]","[ 9.11664516e-02  2.05025178e-03 -3.52742158e+02  3.41582509e+01
 -9.63207580e-01  6.09945671e-01]",010,LW
287,1,0.786252608525625,1,"[ -0.25910879   0.0500585  -31.5353436   -6.17108464  -1.27445
  -0.14207314]","[ 3.92495685e-01  6.99857165e-02 -2.25914575e+01  1.08670496e+01
 -1.32069018e+00  9.16515461e-04]","[ 3.95386399e-01  4.60794474e-03  2.39964763e+02 -9.28788036e+01
 -5.29869982e-01  8.98838302e-01]","[-3.58221936e+00  5.47020846e-02 -2.81937650e+01 -9.89962507e+01
 -1.18114915e+00  5.04037725e-01]","[ 1.23088869e-01  1.66549095e-02 -8.65039047e+01  1.26476678e+01
 -8.04960947e-01 -8.52080265e-01]","[ 9.64609372e-02  1.04494724e-02  1.51022549e+02 -1.25677766e+01
 -1.30863067e+00 -1.50429567e-01]","[ -0.42793694   0.0508783  -30.99182214 -11.26254563  -1.30737249
   0.17866386]","[ 9.15897260e-02  2.89631962e-03  4.12580178e+02 -3.57881054e+01
 -4.19420022e-01  1.01714976e+00]",010,LW
288,1,0.786252608525625,1,"[ -0.29250483   0.055137   -28.62463187  -6.37284319  -1.28339551
  -0.15072531]","[  0.34937624   0.06848526 -23.07855154  10.06309763  -1.31786334
   0.06457951]","[ 3.98795624e-01  8.67897579e-03  1.72962205e+02 -6.69765704e+01
 -1.03467548e+00  6.78953522e-01]","[-3.60714404e+00  3.38467203e-02 -4.13047606e+01 -1.46992221e+02
 -7.59447214e-01  8.72822361e-01]","[ 1.10395352e-01  2.66682973e-02 -5.77657795e+01  8.37707359e+00
 -1.14658505e+00 -5.26575347e-01]","[ 1.02538852e-01  9.16711196e-03  1.71604589e+02 -1.55961375e+01
 -1.28481438e+00 -2.44900668e-01]","[ -0.45692582   0.0433422  -36.18672713 -14.53464999  -1.27210449
   0.3041625 ]","[ 9.39746453e-02  5.68869544e-03  2.62253968e+02 -2.26452236e+01
 -9.35296472e-01  7.44837653e-01]",010,LW
289,1,0.786252608525625,1,"[ -0.32893459   0.06044263 -26.12367697  -6.59298087  -1.29680517
  -0.1297915 ]","[  0.30809959   0.06414249 -24.61360961   9.58344309  -1.30905135
   0.13311145]","[ 4.04914560e-01  1.22394895e-02  1.27594967e+02 -4.96650600e+01
 -1.27256668e+00  3.61519966e-01]",[-3.6154803   0.01922971 -2.12542317 -5.68442558 -1.72307198  0.24424545],"[ 9.14802028e-02  3.54837138e-02 -4.41316569e+01  6.03717292e+00
 -1.25589681e+00 -3.33050550e-01]","[ 1.07672062e-01  7.47453688e-03  2.09013720e+02 -2.05049382e+01
 -1.23312327e+00 -3.71624869e-01]","[-4.80158257e-01  3.31884902e-02 -4.65326763e+01 -2.03430487e+01
 -1.17061391e+00  5.00304295e-01]","[ 9.83112470e-02  8.64503174e-03  1.78930366e+02 -1.55908674e+01
 -1.15469455e+00  4.95052805e-01]",010,LW
290,1,0.786252608525625,1,"[ -0.36828353   0.06500466 -24.30656852  -6.95170891  -1.3071877
  -0.09169952]","[  0.27039873   0.05717744 -27.54756068   9.44882543  -1.29103855
   0.21356181]","[ 4.12947671e-01  1.44861791e-02  1.08895609e+02 -4.29681883e+01
 -1.33961974e+00  1.53118089e-01]","[-3.60392747e+00  4.03485586e-02  3.29662773e+01  1.20808072e+02
 -4.89093547e-01  1.03344829e+00]","[  0.06745775   0.0424751  -37.08720755   4.5018196   -1.2971314
  -0.20893539]","[ 1.11629109e-01  5.48004687e-03  2.80129472e+02 -2.92706034e+01
 -1.11157369e+00 -5.62100526e-01]","[-4.95994323e-01  2.10944293e-02 -6.86029423e+01 -3.20266700e+01
 -8.36811468e-01  8.31159717e-01]","[ 1.04507566e-01  1.14478142e-02  1.36715820e+02 -1.22878376e+01
 -1.23770389e+00  3.46352220e-01]",010,LW
291,1,0.786252608525625,1,"[ -0.41002565   0.06820911 -23.17542075  -7.50251699  -1.3099988
  -0.05196806]","[  0.23783735   0.04793627 -32.70139951   9.77761436  -1.25504712
   0.31777198]","[ 4.21986213e-01  1.52451884e-02  1.03693561e+02 -4.17572532e+01
 -1.34689698e+00 -2.51604142e-03]",[-3.57007108  0.07522247 20.0040851  73.4160058  -0.96783956  0.70821183],"[  0.03960606   0.04738152 -33.32948461   3.32004942  -1.31359381
  -0.11963547]","[ 1.14247286e-01  3.35534566e-03  4.28792906e+02 -4.69884259e+01
 -7.71240792e-01 -8.73944382e-01]","[-5.03064088e-01  1.03745222e-02 -6.19558662e+01 -2.91677713e+01
 -1.10586433e+00  5.30579097e-01]","[ 1.12399914e-01  1.39563195e-02  1.12713315e+02 -1.06689670e+01
 -1.27518670e+00  2.48083572e-01]",010,LW
292,1,0.786252608525625,1,"[ -0.45344439   0.07002887 -22.5773223   -8.23756024  -1.30636778
  -0.02317974]","[ 2.11737469e-01  3.69016235e-02 -4.20127297e+01  1.08956690e+01
 -1.17591647e+00  4.69220966e-01]","[ 4.31156437e-01  1.46608629e-02  1.07691061e+02 -4.44316943e+01
 -1.32352599e+00 -1.26979898e-01]",[-3.51284866  0.1121977  13.8019857  50.48428698 -1.16005675  0.48465572],"[ 9.27976539e-03  5.01323422e-02 -3.15318943e+01  2.29260858e+00
 -1.31906621e+00 -4.91146609e-02]","[ 1.15449312e-01  1.56011078e-03  4.75302336e+02 -5.28733275e+01
 -8.63263858e-01 -6.83389871e-01]","[-5.00418285e-01  1.56140705e-02  7.81978262e+01  4.11316221e+01
 -4.29217009e-01  1.02176235e+00]","[ 1.21767449e-01  1.60819425e-02  9.80641422e+01 -9.94102041e+00
 -1.29391098e+00  1.76983767e-01]",010,LW
293,1,0.3496222223046882,1,"[-4.97882471e-01  7.09175536e-02 -2.22952498e+01 -9.10041406e+00
 -1.30121889e+00 -1.05238979e-02]","[ 1.93110851e-01  2.47632246e-02 -6.05290107e+01  1.36888088e+01
 -9.67525458e-01  7.18053849e-01]","[ 4.39770161e-01  1.31359084e-02  1.19886550e+02 -5.07225276e+01
 -1.28341825e+00 -2.20032526e-01]",[-3.43289016  0.14719176 10.63931315 38.52359348 -1.24712804  0.33525035],"[-2.21711786e-02  5.07896495e-02 -3.11298468e+01  1.30981460e+00
 -1.31863477e+00  1.12432138e-02]","[ 1.15252503e-01  1.95281057e-03 -6.15678829e+02  7.29585260e+01
 -5.07626318e-01 -9.51196279e-01]","[-4.87654301e-01  3.01465112e-02  4.96416508e+01  2.62079645e+01
 -9.59034318e-01  7.26211926e-01]","[ 1.32349065e-01  1.77706247e-02  8.88659243e+01 -9.76132200e+00
 -1.30356213e+00  1.22012468e-01]",010,LW
294,1,0.3496210223112116,1,"[-5.42887728e-01  7.14355262e-02 -2.21336287e+01 -1.00160754e+01
 -1.29897036e+00 -9.49040716e-03]","[ 1.82598858e-01  1.29089410e-02 -9.52717010e+01  1.93965038e+01
 -4.42153994e-01  1.01580442e+00]","[ 4.47444286e-01  1.12470122e-02  1.39814613e+02 -6.05592496e+01
 -1.24396522e+00 -2.61711473e-01]",[-3.3326332   0.17694495  8.89831843 31.65483143 -1.29137492  0.22283027],"[ -0.0534748    0.04951995 -31.91707864   0.29324067  -1.31390979
   0.06643341]","[ 1.13768751e-01  3.60547765e-03 -4.18740500e+02  4.96395839e+01
 -1.05013088e+00 -6.56895839e-01]",[-0.46499396  0.04501761 34.43160383 18.01048789 -1.17783272  0.47023491],"[ 1.43860630e-01  1.89972506e-02  8.31884556e+01 -9.96754364e+00
 -1.30823727e+00  7.74282352e-02]",010,LW
295,1,0.3496210223112116,1,"[-5.88186147e-01  7.18371892e-02 -2.20098967e+01 -1.09459163e+01
 -1.30110891e+00 -8.66880933e-03]","[ 1.80432490e-01  8.62576243e-03  7.27415102e+01 -1.11249318e+01
 -1.11540321e+00  5.31679325e-01]","[ 4.54157296e-01  9.62737415e-03  1.63645733e+02 -7.23209037e+01
 -1.22694937e+00 -2.11781150e-01]",[-3.21615262  0.19890001  7.93764698 27.52868419 -1.31321011  0.13144805],"[ -0.08350532   0.04658977 -33.89789289  -0.83065426  -1.30500564
   0.11886453]","[ 1.11194610e-01  5.07719033e-03 -3.07452695e+02  3.61870825e+01
 -1.25335827e+00 -3.74131018e-01]",[-0.4332982   0.05828844 26.90339053 13.65719075 -1.26237604  0.30985525],"[ 1.56011101e-01  1.97621209e-02  7.99973785e+01 -1.04804791e+01
 -1.30991255e+00  4.00402326e-02]",010,LW
296,1,0.3496210223112116,1,"[-6.33486416e-01  7.18489238e-02 -2.20063129e+01 -1.19407003e+01
 -1.30688049e+00  4.09147411e-03]","[ 1.86421754e-01  1.78008797e-02  8.09605940e+01 -1.30928160e+01
 -8.07319030e-01  8.50516240e-01]","[ 4.60225727e-01  8.83999002e-03  1.78764720e+02 -8.02721235e+01
 -1.22969809e+00 -4.38256975e-02]",[-3.08872613  0.21152474  7.4728208  25.0814969  -1.32144801  0.05385502],"[ -0.11134363   0.04236528 -37.23471389  -2.14584824  -1.29198269
   0.16893873]","[ 1.07792227e-01  6.12765559e-03 -2.57141408e+02  2.97178450e+01
 -1.31615226e+00 -1.96503014e-01]",[-0.39401705  0.06889986 22.87347209 11.01253799 -1.30029828  0.19617172],"[ 1.68515989e-01  2.00861827e-02  7.87166883e+01 -1.12650206e+01
 -1.30975327e+00  7.83364692e-03]",010,LW
297,1,0.3496208859371449,1,"[ -0.67819105   0.07069026 -22.36397296 -13.16704637  -1.31430673
   0.03855075]","[ 1.99978226e-01  2.84758679e-02  5.41073599e+01 -8.82029384e+00
 -1.14772246e+00  5.25110251e-01]","[ 4.66208447e-01  9.23256213e-03  1.70841734e+02 -7.76478595e+01
 -1.21771784e+00  1.67320084e-01]","[-2.95625793e+00  2.14402064e-01  7.37422192e+00  2.38001020e+01
 -1.32121439e+00 -1.45002235e-02]","[-1.36317602e-01  3.72819049e-02 -4.22489500e+01 -3.75927553e+00
 -1.27571075e+00  2.16477687e-01]","[ 1.03863368e-01  6.68944838e-03 -2.36242623e+02  2.65369545e+01
 -1.33404199e+00 -6.79740820e-02]",[-0.34908146  0.07614015 20.74571466  9.24194444 -1.31779954  0.10609152],"[ 1.81106267e-01  2.00025832e-02  7.90433948e+01 -1.23152541e+01
 -1.30860221e+00 -2.09681665e-02]",010,LW
298,1,0.3496207028085753,1,"[ -0.72112548   0.06723808 -23.49283923 -14.94128497  -1.31897322
   0.10450137]","[ 2.20170592e-01  3.78644525e-02  4.13589436e+01 -7.10602310e+00
 -1.25601426e+00  3.32290164e-01]","[ 4.72767175e-01  1.08175937e-02  1.45148449e+02 -6.66214223e+01
 -1.20358008e+00  2.97053445e-01]",[-2.82472869  0.20798122  7.59822689 23.46292953 -1.31563394 -0.07852216],"[-1.58006470e-01  3.17668383e-02 -4.94926653e+01 -5.82016133e+00
 -1.25729470e+00  2.63390577e-01]","[ 9.97205639e-02  6.76173099e-03 -2.33785348e+02  2.53132067e+01
 -1.33205089e+00  3.83139643e-02]",[-0.30075145  0.07959682 19.86202712  7.97353339 -1.32404159  0.02786608],"[ 1.93531474e-01  1.95449818e-02  8.08816153e+01 -1.36531382e+01
 -1.30698747e+00 -4.85210605e-02]",010,LW
299,0,0.2879043589197169,0,"[ -0.76315217   0.06443045 -24.52544684 -16.7166481   -1.25442215
   0.06872001]",[ 0.25279294  0.05798156 26.4286672  -4.68098055 -0.85985878  0.63223005],"[ 4.83197375e-01  1.83922375e-02  8.15661337e+01 -3.74125417e+01
 -6.55755762e-01  8.15728294e-01]",[-2.68371345  0.21881633  7.20682753 21.34105996 -1.16218847  0.12940117],"[-1.77714352e-01  2.83786283e-02 -5.55965402e+01 -7.88030309e+00
 -1.19022118e+00  1.23174677e-01]","[ 9.51517999e-02  7.19805221e-03 -2.19167320e+02  2.28541650e+01
 -1.17821249e+00 -1.23269989e-01]",[-0.24339889  0.0925208  16.96611917  6.12953465 -1.10217362  0.27916092],"[ 2.07504020e-01  2.19560387e-02  7.15209351e+01 -1.28408815e+01
 -1.09251462e+00  2.59336581e-01]",010,LW
300,0,0.2923966814315309,0,"[ -0.79529336   0.05077479 -29.99858609 -21.85767638  -1.31244297
   0.38985898]",[ 0.2894123   0.06785826 22.98060909 -4.65087082 -1.51332504  0.23698478],"[ 4.95599915e-01  2.36810286e-02  6.51977978e+01 -3.03120231e+01
 -1.45230163e+00  3.80289509e-01]",[-2.55905247  0.20268335  7.73585193 21.79645102 -1.46936696 -0.08999591],"[-1.93152392e-01  2.31147671e-02 -6.73707972e+01 -1.10128306e+01
 -1.35881289e+00  2.79654085e-01]","[ 9.11022001e-02  6.60415270e-03 -2.37153196e+02  2.36051779e+01
 -1.46429004e+00  1.18415038e-01]",[-0.18898332  0.09224456 17.01277101  5.21512989 -1.50400327  0.01850827],"[ 2.20606428e-01  2.19476814e-02  7.15463458e+01 -1.37835838e+01
 -1.49407067e+00  4.05630102e-02]",010,LW
301,0,0.2923966814315309,0,"[-8.13452789e-01  3.15422001e-02 -3.39205484e+01 -2.55927647e+01
 -9.90719468e-01  5.43098904e-01]",[ 0.3282852   0.06992298 22.39188174 -5.35092345 -1.51786669 -0.14895789],"[ 5.10026195e-01  2.69952003e-02  5.81596473e+01 -2.76629436e+01
 -1.48870494e+00  1.72349901e-02]",[-2.45536924  0.16676899  9.12582581 24.40727199 -1.41157141 -0.48361378],"[-2.04329750e-01  1.66689884e-02 -8.82633389e+01 -1.60348260e+01
 -1.24056134e+00  6.52352748e-01]","[ 8.77971486e-02  5.29027447e-03 -2.85102442e+02  2.70311815e+01
 -1.38134197e+00  5.31416187e-01]",[-0.13993787  0.08194117 18.8352156   4.63575998 -1.47373513 -0.37134154],"[ 2.32596850e-01  2.00290382e-02  7.75383819e+01 -1.60351833e+01
 -1.48094052e+00 -3.11928159e-01]",010,LW
302,0,0.2923966814315309,0,[-0.81332748  0.0317776  25.4780246  22.72197764 -0.97644183  0.55505534],[ 0.36765232  0.06413528 24.21986065 -6.90448791 -0.98315982 -0.46789981],"[ 5.26175438e-01  2.76749971e-02  5.68398762e+01 -2.79077468e+01
 -1.13190651e+00 -2.24902343e-01]",[-2.37604053  0.11496328 12.24325979 31.09048143 -0.30920034 -1.12804909],"[-2.11324607e-01  9.65420928e-03 -1.21511631e+02 -2.36783977e+01
  7.41309082e-02  1.37197225e+00]","[ 8.54017582e-02  3.45111289e-03 -3.88187206e+02  3.51518699e+01
 -1.37092486e-01  1.24861878e+00]",[-0.09827635  0.06279895 23.63624665  4.32288413 -0.60693285 -0.88434101],"[ 2.43262803e-01  1.62966936e-02  9.31904867e+01 -2.06697790e+01
 -7.68766489e-01 -7.16696159e-01]",010,LW
303,0,0.2923966814315309,0,[-0.79084421  0.06436322 23.02836631 20.21185016 -0.86545603  0.79384604],"[  0.40578259   0.04847651  32.55422613 -11.20993807  -1.30649784
  -0.1507546 ]","[ 5.43410269e-01  2.44663072e-02  6.46178802e+01 -3.31140196e+01
 -1.33327691e+00 -1.29203502e-02]","[-2.32301672e+00  3.96720554e-02  3.30563166e+01  7.87903760e+01
 -4.82848049e-01 -1.02871576e+00]","[-2.14307810e-01  3.34473327e-03  2.16410945e+02  4.83785557e+01
 -9.99275241e-01  5.75974082e-01]","[ 8.40221434e-02  9.70531084e-04 -6.88231722e+02  5.98267044e+01
 -1.01538115e+00  5.95061085e-01]","[-6.55001709e-02  3.17749424e-02  4.79924332e+01  5.14351258e+00
 -1.05728470e+00 -6.18619589e-01]","[ 2.52436608e-01  1.01184309e-02  1.54858946e+02 -3.70920670e+01
 -1.23464915e+00 -3.29743173e-01]",010,LW
304,0,0.2923966814315309,0,[-0.73981121  0.10209131 15.05634383 13.13885195 -1.09293285  0.56198368],"[  0.43401649   0.04255641  36.97174066 -14.04634503  -1.28554843
  -0.24096114]","[ 5.58145771e-01  2.33914543e-02  6.75027777e+01 -3.56763899e+01
 -1.32717027e+00 -1.21385902e-01]","[-2.31280390e+00  2.05374189e-02 -1.03785792e+01 -2.20036183e+01
 -1.66334706e+00 -2.65202390e-01]","[-2.12072371e-01  6.59663348e-03  2.21803567e+02  4.90384085e+01
 -9.14062406e-01  7.79532030e-01]","[ 8.42183842e-02  1.36022139e-03  9.00393482e+02 -7.38296841e+01
 -4.62934392e-01  9.96727055e-01]","[-5.06039876e-02  1.85344071e-02  7.59672022e+01  5.84424336e+00
 -6.74008605e-01 -9.34812511e-01]","[ 2.58064891e-01  7.87718951e-03  1.97773139e+02 -4.90383038e+01
 -1.18581995e+00 -4.18943969e-01]",010,LW
305,0,0.2923966814315309,0,[-0.66413987  0.14177587 10.98847942  9.29788727 -1.1925967   0.41692286],"[ 4.57839560e-01  3.47411524e-02  4.49718795e+01 -1.85899055e+01
 -1.23675418e+00 -3.69626991e-01]","[ 5.71659845e-01  2.06806918e-02  7.60237036e+01 -4.14596986e+01
 -1.29532199e+00 -2.53644993e-01]","[-2.32358942e+00  3.88443789e-02 -3.63008230e+01 -8.23482083e+01
 -7.60297658e-01 -8.76940109e-01]","[-2.07310460e-01  9.90794117e-03  1.56776580e+02  3.45014249e+01
 -1.23275950e+00  4.30267843e-01]","[ 8.53072469e-02  2.58338969e-03  5.81507995e+02 -4.76068461e+01
 -9.88059877e-01  7.01967610e-01]","[-4.44398877e-02  8.50755457e-03  5.66830026e+01  4.51898627e+00
 -1.29050976e+00 -4.65239641e-01]","[ 2.62308070e-01  5.70753976e-03  2.70098447e+02 -6.88490024e+01
 -1.10315725e+00 -5.38857400e-01]",010,LW
306,0,0.1840329939173123,0,[-0.56352659  0.18109289  8.65864514  6.87937677 -1.24430755  0.31619298],"[ 4.76093894e-01  2.53439196e-02  6.04267600e+01 -2.67688115e+01
 -1.10612388e+00 -5.76825681e-01]","[ 5.82989744e-01  1.65199832e-02  9.41116802e+01 -5.28661444e+01
 -1.21297815e+00 -4.30668481e-01]","[ -2.35276871   0.06313705 -24.38990296 -55.38380062  -1.15706048
  -0.52413474]","[-2.00643839e-01  1.22653171e-02  1.28362930e+02  2.77552310e+01
 -1.31735231e+00  2.15924367e-01]","[ 8.72301880e-02  3.80101547e-03  4.08525573e+02 -3.36357626e+01
 -1.19167347e+00  4.49654909e-01]","[-4.67232478e-02  1.29305837e-02 -9.96468976e+01 -2.65582669e+00
 -5.34554954e-01 -9.76113738e-01]","[ 2.65235476e-01  3.71801455e-03  4.04801720e+02 -1.05367777e+02
 -9.39414912e-01 -7.20698401e-01]",010,LW
307,0,0.2411925968539977,0,[-0.43897496  0.21787867  7.22279984  5.17062823 -1.27454743  0.23918995],"[ 4.87812604e-01  1.50884268e-02  9.27741479e+01 -4.32563987e+01
 -6.97624431e-01 -9.17232422e-01]","[ 5.91317950e-01  1.13330853e-02  1.32439750e+02 -7.63140016e+01
 -9.92002075e-01 -7.02391692e-01]","[ -2.39713496   0.08351334 -18.76865248 -42.99099307  -1.26749848
  -0.31533787]","[-1.92762191e-01  1.35274112e-02  1.16813308e+02  2.45171892e+01
 -1.33382315e+00  7.54966910e-02]","[ 8.98917757e-02  4.86696665e-03  3.22450481e+02 -2.69856463e+01
 -1.26741636e+00  2.95717489e-01]","[-5.68636302e-02  2.34587341e-02 -6.46022071e+01 -1.67351602e+00
 -1.04554415e+00 -6.47688639e-01]","[ 2.66969116e-01  2.00919779e-03  6.86973157e+02 -1.81400616e+02
 -5.45091425e-01 -1.01299616e+00]",010,LW
308,0,0.2411925968539977,0,[-0.29276565  0.25009913  6.30602215  3.84618666 -1.29334227  0.17568856],"[ 4.92296233e-01  7.49373109e-03  3.55326970e+01 -1.54926129e+01
 -1.59749759e+00 -3.04795617e-01]","[ 5.96058112e-01  5.96019408e-03  2.02950338e+02 -1.18970195e+02
 -4.54792961e-01 -9.96470765e-01]","[ -2.45321215   0.09875663 -15.96191324 -37.1579595   -1.30383208
  -0.18853192]","[-1.84324894e-01  1.38049811e-02  1.14522211e+02  2.31092945e+01
 -1.32626827e+00 -2.20374687e-02]","[ 9.31630714e-02  5.71252011e-03  2.75957113e+02 -2.37090122e+01
 -1.30098830e+00  1.88111741e-01]","[-7.40374759e-02  3.34473908e-02 -4.65709834e+01 -1.44799806e+00
 -1.21481880e+00 -4.11149860e-01]","[ 2.67665033e-01  8.45982301e-04  5.40780201e+02 -1.42747950e+02
 -1.25867561e+00 -5.02637820e-01]",010,LW
309,0,0.2411925968539977,0,[-0.12835464  0.27593558  5.72325249  2.734606   -1.30505439  0.12029249],"[ 4.89189545e-01  1.33336523e-02 -9.88837905e+01  5.03729165e+01
 -5.35869429e-01 -9.93550880e-01]","[ 5.96890591e-01  4.30288686e-03 -1.62374096e+02  9.89195701e+01
 -9.79742169e-01 -6.08286340e-01]","[ -2.51747935   0.10868867 -14.53490176 -34.5913151   -1.31744601
  -0.09915174]","[-1.75873939e-01  1.33458786e-02  1.18396339e+02  2.28228304e+01
 -1.31036694e+00 -8.83451999e-02]","[ 9.68871264e-02  6.29204605e-03  2.51057668e+02 -2.23242560e+01
 -1.31640664e+00  1.03571077e-01]","[ -0.09724298   0.0419651  -37.44345958  -1.64111377  -1.27495726
  -0.2709235 ]","[ 2.67493700e-01  1.17504891e-03 -1.12533459e+03  3.03019912e+02
 -6.46642432e-01 -9.09650372e-01]",010,LW
310,0,0.250685683510067,0,[ 0.04973594  0.29382664  5.37899054  1.73247084 -1.31231056  0.06922078],"[ 4.78550770e-01  2.40842652e-02 -6.29009559e+01  3.21013009e+01
 -1.03649425e+00 -6.53848560e-01]","[ 5.93753448e-01  9.01996835e-03 -1.60061896e+02  9.70373029e+01
 -8.01824810e-01 -8.53597902e-01]","[-2.58651213e+00  1.13400652e-01 -1.39415060e+01 -3.40598744e+01
 -1.32116110e+00 -2.74877967e-02]","[-1.67780138e-01  1.24562953e-02  1.26772405e+02  2.32698915e+01
 -1.29403428e+00 -1.26262373e-01]","[ 1.00885857e-01  6.57737671e-03  2.40361343e+02 -2.22490600e+01
 -1.32238609e+00  3.02136287e-02]","[ -0.12533146   0.04866043 -32.40997687  -2.06198962  -1.30149591
  -0.1748213 ]","[ 2.66622544e-01  2.00946099e-03 -7.62491756e+02  2.05297492e+02
 -1.13648612e+00 -5.59526428e-01]",010,LW
311,0,0.250685683510067,0,[ 0.2359787   0.30235265  5.22917923  0.76602506 -1.31691693  0.01808573],"[ 4.60908281e-01  3.43533283e-02 -4.53272721e+01  2.28917151e+01
 -1.21663001e+00 -4.14231582e-01]","[ 5.86809082e-01  1.45197431e-02 -1.05984943e+02  6.41929270e+01
 -1.13184787e+00 -5.39293137e-01]","[-2.65710462e+00  1.13214709e-01 -1.39640536e+01 -3.51039512e+01
 -1.31818712e+00  3.44313064e-02]","[-1.60228248e-01  1.14366331e-02  1.38053272e+02  2.41200339e+01
 -1.28226645e+00 -1.34668139e-01]","[ 1.04967227e-01  6.55408338e-03  2.41200539e+02 -2.33181517e+01
 -1.32230761e+00 -4.06412632e-02]","[ -0.15701795   0.05327824 -29.65208564  -2.65590982  -1.31490587
  -0.09877043]","[ 2.65201387e-01  2.71414705e-03 -5.76928842e+02  1.55002329e+02
 -1.25776241e+00 -3.32958054e-01]",010,LW
312,0,0.255990056783078,0,[ 0.42384235  0.30002195  5.26922773 -0.23332185 -1.31916958 -0.03916969],"[  0.43730002   0.04279078 -36.7430852   18.06775195  -1.29081784
  -0.25456495]","[ 5.76410476e-01  1.95356367e-02 -8.00688659e+01  4.81525331e+01
 -1.24295934e+00 -3.52711258e-01]","[ -2.72643696   0.10881858 -14.5206509  -37.58963927  -1.30961337
   0.08794436]","[-1.53236804e-01  1.05331191e-02  1.49957772e+02  2.49790497e+01
 -1.27757829e+00 -1.13357798e-01]","[ 1.08931726e-01  6.21672861e-03  2.54029333e+02 -2.56718536e+01
 -1.31588497e+00 -1.18052409e-01]","[ -0.19088133   0.05558442 -28.44240661  -3.42912442  -1.32160446
  -0.02991266]","[ 2.63351011e-01  3.27337503e-03 -4.81082098e+02  1.28693457e+02
 -1.28400241e+00 -2.20565259e-01]",010,LW
313,0,0.2550170809717237,0,[ 0.60576966  0.2851909   5.53823625 -1.3548955  -1.31663289 -0.11069836],"[  0.40928537   0.04844549 -32.58948404  15.33839891  -1.32669907
  -0.12656032]","[ 5.63086129e-01  2.36692537e-02 -6.65067327e+01  3.94490187e+01
 -1.29144220e+00 -2.28101258e-01]","[ -2.79231975   0.10138536 -15.57428352 -41.48837946  -1.29686465
   0.1291793 ]","[-1.46702370e-01  9.90572928e-03  1.59555180e+02  2.54071231e+01
 -1.27908022e+00 -6.90439335e-02]","[ 1.12577584e-01  5.56656216e-03  2.82928462e+02 -2.98514026e+01
 -1.29789580e+00 -2.14301214e-01]","[ -0.2253665    0.05536162 -28.55486112  -4.4353092   -1.32295044
   0.04068639]","[ 2.61155641e-01  3.73821280e-03 -4.21997211e+02  1.12206952e+02
 -1.28618032e+00 -1.68576270e-01]",010,LW
314,0,0.2550170809717237,0,[ 0.77322419  0.25633407  6.14524503 -2.75165212 -1.30183178 -0.20834869],"[ 3.78908220e-01  5.05354226e-02 -3.12829554e+01  1.38533690e+01
 -1.34110972e+00 -5.55577157e-03]","[ 5.47547128e-01  2.65918840e-02 -5.93752946e+01  3.45107720e+01
 -1.31805082e+00 -1.27159834e-01]","[ -2.85348581   0.09259568 -17.04582344 -46.6400153   -1.28291151
   0.14834054]","[-1.40454532e-01  9.61448439e-03  1.64446299e+02  2.50972279e+01
 -1.28351934e+00 -1.71895596e-02]","[ 1.15705446e-01  4.61466291e-03  3.38940392e+02 -3.72172493e+01
 -1.25138946e+00 -3.50743868e-01]","[ -0.25880184   0.05243868 -30.11331756  -5.79338212  -1.31698507
   0.12160078]","[ 2.58660383e-01  4.17029891e-03 -3.78452625e+02  9.98907009e+01
 -1.28253416e+00 -1.51198474e-01]",010,LW
315,0,0.2550170809717237,0,[ 0.91692911  0.21267004  7.35230962 -4.74154673 -1.25413291 -0.35373467],"[  0.34858887   0.048545   -32.52079974  13.33638886  -1.33431762
   0.12582945]","[ 5.30700220e-01  2.79620860e-02 -5.65362413e+01  3.20037957e+01
 -1.33281299e+00 -2.91941751e-02]","[ -2.90984784   0.08454551 -18.67665791 -52.34623268  -1.27205378
   0.12956901]","[-1.34309452e-01  9.62869224e-03  1.64201298e+02  2.40537863e+01
 -1.28857806e+00  2.51478988e-02]","[ 1.18124232e-01  3.39348472e-03  4.51228338e+02 -5.13010008e+01
 -1.11652415e+00 -5.72635524e-01]","[ -0.28944257   0.04674579 -33.6779789   -7.74784076  -1.29690507
   0.22441794]","[ 2.55874088e-01  4.62401244e-03 -3.41315790e+02  8.93338663e+01
 -1.27884932e+00 -1.51779346e-01]",010,LW
316,0,0.2550170809717237,0,[ 1.02736221  0.15510659  9.83795931 -8.10714762 -1.10249485 -0.59462261],"[  0.32094095   0.04236129 -37.04309889  13.88864717  -1.29250884
   0.28921968]","[ 5.13642567e-01  2.74637781e-02 -5.75331141e+01  3.15514564e+01
 -1.33439107e+00  8.00399136e-02]","[ -2.96262874   0.07953107 -19.87381179 -56.87872591  -1.26549067
   0.05831858]","[-1.28113863e-01  9.85583988e-03  1.60396857e+02  2.25490611e+01
 -1.29404328e+00  4.82092936e-02]","[ 1.19659043e-01  2.00394867e-03  6.85528893e+02 -8.00297313e+01
 -6.68822083e-01 -9.26237729e-01]","[-3.15544167e-01  3.83862743e-02 -4.06917394e+01 -1.08400410e+01
 -1.24318294e+00  3.70343235e-01]","[ 2.52777149e-01  5.13627642e-03 -3.07227213e+02  7.96600190e+01
 -1.27697552e+00 -1.58078095e-01]",010,LW
317,0,0.2384866589105425,0,"[  1.09546532   0.08919537  14.89006524 -14.31155002  -0.60425263
  -0.94797012]","[ 2.98534600e-01  3.23941719e-02 -4.75004671e+01  1.61805329e+01
 -1.16224628e+00  5.26605877e-01]","[ 4.97622748e-01  2.48934258e-02 -6.32494131e+01  3.34743468e+01
 -1.31287709e+00  2.16402409e-01]","[-3.01429776e+00  7.96768020e-02 -1.98365458e+01 -5.77932558e+01
 -1.25646922e+00 -5.76239807e-02]","[-1.21774818e-01  1.01741910e-02  1.55375099e+02  2.09207744e+01
 -1.30024034e+00  5.05922622e-02]","[ 1.20160150e-01  1.10505464e-03 -2.91038984e+01  5.49712878e+00
 -1.71616078e+00 -2.55296538e-01]","[-3.35461124e-01  2.77418289e-02 -5.49483234e+01 -1.64330263e+01
 -1.08823877e+00  6.05783035e-01]","[ 2.49332667e-01  5.72283954e-03 -2.75707517e+02  7.07428905e+01
 -1.27736760e+00 -1.62297124e-01]",010,LW
318,0,0.2384866589105425,0,[ 1.11346362  0.05526789 -5.79358871  8.45095027 -1.50579233 -0.36014451],"[ 2.83642935e-01  1.98796428e-02 -7.05501770e+01  2.20110593e+01
 -7.36590832e-01  8.92146371e-01]","[ 4.83967010e-01  2.02485771e-02 -7.68705170e+01  3.92027943e+01
 -1.23671368e+00  4.10337400e-01]","[ -3.06829265   0.086415   -18.25146339 -54.00083098  -1.24109416
  -0.17610995]","[-1.15272847e-01  1.04580496e-02  1.51172865e+02  1.94261266e+01
 -1.30649608e+00  3.53121614e-02]","[ 1.19511911e-01  2.27061957e-03 -5.95524957e+02  7.31723258e+01
 -5.49171838e-01 -1.00082147e+00]","[-3.47762198e-01  1.58962874e-02 -8.42039897e+01 -2.72829645e+01
 -6.00805709e-01  9.56920072e-01]","[ 2.45498640e-01  6.37990967e-03 -2.47320393e+02  6.27168199e+01
 -1.27985169e+00 -1.60854513e-01]",010,LW
319,0,0.2384866589105425,0,"[  1.07566551   0.1192854  -11.63219109  14.51234671  -0.62493646
  -0.96277433]","[ 2.78015820e-01  1.03125506e-02 -2.08315059e+01  7.79148820e+00
 -1.64853870e+00  2.75020882e-01]","[ 4.73981249e-01  1.38414016e-02 -1.07423625e+02  5.29167838e+01
 -9.77574426e-01  7.26621899e-01]","[ -3.12855838   0.1000738  -15.71948377 -47.1793226   -1.2300111
  -0.25377567]","[-1.08656982e-01  1.06007934e-02  1.49150688e+02  1.82062636e+01
 -1.31062902e+00  7.67149386e-03]","[ 1.17641697e-01  4.12157281e-03 -3.66951405e+02  4.51687861e+01
 -1.00166347e+00 -6.75990487e-01]","[-3.51351727e-01  9.22275254e-03  2.43663174e+01  1.05611477e+01
 -1.61524942e+00  3.02952716e-01]","[ 2.41238565e-01  7.08895987e-03 -2.22624509e+02  5.57056172e+01
 -1.28374786e+00 -1.53248276e-01]",010,LW
320,1,0.7049349644093399,1,[ 0.97911941  0.20865213 -7.28804535  9.13586667 -1.04083559 -0.63795072],"[ 2.82718443e-01  1.90867464e-02  6.92041340e+01 -1.75652850e+01
 -5.29374112e-01  1.00005772e+00]","[ 4.68848562e-01  7.11535706e-03 -1.35289369e+02  6.54302262e+01
 -6.62410920e-01  7.80553350e-01]","[ -3.19898478   0.11988196 -13.10628321 -39.92680053  -1.23251117
  -0.28087629]","[-1.02022107e-01  1.05421375e-02  1.49974114e+02  1.73006751e+01
 -1.31011619e+00 -2.44112149e-02]","[ 1.14528990e-01  6.05121712e-03 -2.56347061e+02  3.13591701e+01
 -1.16924260e+00 -4.66817237e-01]","[-3.45581980e-01  1.91543192e-02  7.22170314e+01  2.69569047e+01
 -6.34898563e-01  9.54791885e-01]","[ 2.36528618e-01  7.82313147e-03 -2.01790406e+02  4.97292059e+01
 -1.28806906e+00 -1.40825667e-01]",010,LW
321,1,0.7049349644093399,1,[ 0.82404934  0.29861356 -5.20837708  6.29195968 -1.19338971 -0.43414762],"[ 2.98050346e-01  3.45969847e-02  4.37489921e+01 -1.10394022e+01
 -1.02824838e+00  6.60818143e-01]","[ 4.69543479e-01  8.52760662e-03  1.24391785e+02 -5.64073517e+01
 -4.12692012e-01  9.85877574e-01]","[ -3.28285808   0.14426554 -10.89514617 -33.76721864  -1.24591242
  -0.27118128]","[-9.54752165e-02  1.02898927e-02  1.53626878e+02  1.66675595e+01
 -1.30473199e+00 -5.09605228e-02]","[ 1.10214135e-01  7.89561971e-03 -1.98385862e+02  2.38649262e+01
 -1.24341640e+00 -3.32873390e-01]","[-3.30339624e-01  3.31585315e-02  4.59552760e+01  1.71808486e+01
 -1.06540706e+00  6.18274766e-01]","[ 2.31361100e-01  8.55372778e-03 -1.84614507e+02  4.47126155e+01
 -1.29201583e+00 -1.25639174e-01]",010,LW
322,1,0.7049349644093399,1,[ 0.61402564  0.38125037 -4.11540942  4.52696691 -1.25975201 -0.30173057],[ 0.32354261  0.04968767 31.31498444 -8.13173193 -1.20757872  0.42493955],"[ 4.76769836e-01  1.79716310e-02  8.16197919e+01 -3.69138548e+01
 -8.32644662e-01  8.25929115e-01]","[ -3.38242198   0.17116272  -9.19429188 -29.09897497  -1.26332489
  -0.24096332]","[-8.91038349e-02  9.91432947e-03  1.59428281e+02  1.62056713e+01
 -1.29794495e+00 -6.39470054e-02]","[ 1.04805787e-01  9.52495081e-03 -1.65242956e+02  1.93184181e+01
 -1.28316224e+00 -2.33718565e-01]",[-0.30609397  0.04659071 33.45379768 12.24000562 -1.21775473  0.40375191],"[ 2.25745349e-01  9.25426371e-03 -1.70691754e+02  4.05328697e+01
 -1.29539648e+00 -1.09308153e-01]",010,LW
323,1,0.6610533922137563,1,[ 0.35584506  0.45094154 -3.4940052   3.24332448 -1.29277319 -0.20486775],[ 0.35802183  0.06261835 25.08797949 -6.98204422 -1.27769081  0.27441746],"[ 4.90913174e-01  2.87941981e-02  5.33758959e+01 -2.42029305e+01
 -1.10317040e+00  5.58808162e-01]","[ -3.4985843    0.19826418  -7.94880586 -25.80956737  -1.28019178
  -0.20089747]","[-8.29611449e-02  9.50356642e-03  1.66319339e+02  1.57980428e+01
 -1.29473643e+00 -6.38900087e-02]","[ 9.84853038e-02  1.08139546e-02 -1.45932490e+02  1.63722056e+01
 -1.30646775e+00 -1.50977710e-01]",[-0.27389778  0.0580731  27.06654714  9.41346715 -1.28100341  0.26283548],"[ 2.19707956e-01  9.89980615e-03 -1.59605225e+02  3.70665376e+01
 -1.29855751e+00 -9.22194118e-02]",010,LW
324,1,0.6610533922137563,1,[ 0.05914754  0.50334917 -3.13695935  2.18554342 -1.30995149 -0.12703397],[ 0.39972003  0.07239991 21.78810056 -6.70914031 -1.30898196  0.16504162],"[  0.51199848   0.03959745  39.39825601 -18.1718472   -1.21152934
   0.39543608]","[ -3.63076059   0.22317039  -7.07083163 -23.67249685  -1.29476085
  -0.15605262]","[-7.70749813e-02  9.10013393e-03  1.73694344e+02  1.53874883e+01
 -1.29751405e+00 -6.28833321e-02]","[ 9.15047859e-02  1.16495702e-02 -1.35655163e+02  1.44130966e+01
 -1.31961434e+00 -7.54208771e-02]",[-0.23533117  0.06671177 23.65081679  7.56577449 -1.31035741  0.1573637 ],"[ 2.13293575e-01  1.04628873e-02 -1.51052827e+02  3.42185975e+01
 -1.30182335e+00 -7.36217927e-02]",010,LW
325,1,0.6610533922137563,1,[-0.26413796  0.53533874 -2.95257425  1.22011306 -1.31844652 -0.05910728],[ 0.44640622  0.07837402 20.16356858 -7.00114233 -1.32305788  0.0752403 ],"[  0.53965576   0.04958646  31.6738259  -15.09296273  -1.26504276
   0.28234472]","[ -3.77684331   0.24350802  -6.48690284 -22.50001564  -1.30641667
  -0.10804864]","[-7.14735766e-02  8.66717061e-03  1.82340438e+02  1.50325233e+01
 -1.30351016e+00 -7.71026433e-02]","[ 8.41756213e-02  1.19462710e-02 -1.32347113e+02  1.31404005e+01
 -1.32458246e+00 -1.61097075e-03]",[-0.19238716  0.0719124  21.97684011  6.22806181 -1.32299714  0.06982355],"[ 2.06565629e-01  1.09118344e-02 -1.44868407e+02  3.19248336e+01
 -1.30488600e+00 -5.27443330e-02]",010,LW
326,1,0.6610533922137563,1,[-0.60042086  0.54485839 -2.90180382  0.25769647 -1.32125041  0.00548668],"[ 4.95523831e-01  8.01298413e-02  1.97308226e+01 -7.77709282e+00
 -1.32721950e+00 -7.68626863e-03]","[  0.5731048    0.05804842  27.15289437 -13.5614541   -1.29492053
   0.19387037]","[ -3.93329842   0.25709439  -6.14825209 -22.18291022  -1.31452384
  -0.05711724]","[-6.62091499e-02  8.11826998e-03  1.94553616e+02  1.48812296e+01
 -1.30541242e+00 -1.14119469e-01]","[ 7.68474862e-02  1.16607759e-02 -1.35525145e+02  1.24147667e+01
 -1.32134834e+00  7.45447306e-02]","[-1.47315847e-01  7.33860375e-02  2.15441422e+01  5.17379355e+00
 -1.32524640e+00 -9.03279347e-03]","[ 1.99604418e-01  1.12170870e-02 -1.40947098e+02  3.01336636e+01
 -1.30679864e+00 -3.01728396e-02]",010,LW
327,1,0.4726884074225426,1,[-0.93509044  0.53081174 -2.97729733 -0.78404227 -1.31874529  0.07272319],[ 0.54432984  0.07747672 20.39163771 -9.09977696 -1.32255791 -0.09367513],"[  0.6111718    0.06434974  24.54191327 -12.99932529  -1.31186161
   0.1181564 ]","[-4.09540021e+00  2.62198278e-01 -6.03013580e+00 -2.26958194e+01
 -1.31826058e+00 -3.26926858e-03]","[-6.13624640e-02  7.38769611e-03  2.13522650e+02  1.51022760e+01
 -1.29624585e+00 -1.68514713e-01]","[ 6.98810765e-02  1.08004740e-02 -1.46085878e+02  1.22086384e+01
 -1.30833546e+00  1.57725333e-01]",[-0.1024563   0.07113944 22.21126825  4.27568433 -1.3194448  -0.08586991],"[ 1.92500751e-01  1.13637541e-02 -1.39137453e+02  2.87840642e+01
 -1.30678647e+00 -8.23215141e-03]",010,LW
328,1,0.4726884074225426,1,[-1.25315367  0.49307335 -3.20064181 -2.01089603 -1.30885503  0.14928001],"[  0.59003486   0.0704537   22.36994694 -11.19904845  -1.30520557
  -0.19360326]","[  0.65234636   0.06799854  23.24700841 -13.16510125  -1.3201868
   0.04897774]","[ -4.25761144   0.25783688  -6.13070301 -24.10215126  -1.31684764
   0.05349252]","[-5.70256464e-02  6.48162807e-03  2.42905594e+02  1.58518485e+01
 -1.27543740e+00 -2.27918555e-01]","[ 6.36193263e-02  9.42211489e-03 -1.66882674e+02  1.26169633e+01
 -1.28090522e+00  2.55803792e-01]",[-0.06008301  0.06542105 24.11091229  3.44865615 -1.305101   -0.16812675],"[ 1.85345862e-01  1.13610563e-02 -1.39170349e+02  2.77946483e+01
 -1.30508589e+00  1.01425639e-02]",010,LW
329,1,0.4726884074225426,1,[-1.53989227  0.43267135 -3.63580694 -3.59875099 -1.28560798  0.24479508],"[  0.62994658   0.05936592  26.38977104 -14.62414589  -1.26227234
  -0.32457518]","[ 6.94875561e-01  6.86966867e-02  2.30146466e+01 -1.39923154e+01
 -1.32180911e+00 -1.79191617e-02]","[ -4.41407973   0.2439635   -6.47402109 -26.57684528  -1.30964081
   0.11364983]","[-5.32738741e-02  5.47476446e-03  2.86939795e+02  1.72863945e+01
 -1.24913645e+00 -2.81862780e-01]","[ 5.83623262e-02  7.62174686e-03 -2.04794233e+02  1.39522678e+01
 -1.22541245e+00  3.84876090e-01]","[-2.22868330e-02  5.66408392e-02  2.77461850e+01  2.61837459e+00
 -1.27693460e+00 -2.67337814e-01]","[ 1.78220413e-01  1.12404335e-02 -1.40659179e+02  2.70683370e+01
 -1.30278030e+00  2.31125412e-02]",010,LW
330,1,0.4726884074225426,1,[-1.78157918  0.35205737 -4.43559722 -5.90236767 -1.23277305  0.37713502],"[  0.66161661   0.04484679  34.36577233 -20.73696584  -1.15145824
  -0.52180635]","[  0.73687801   0.06635156  23.8139109  -15.54794739  -1.31723237
  -0.08692172]","[ -4.55915055   0.22140905  -7.12223156 -30.47132599  -1.2958181
   0.17935242]","[-5.01422309e-02  4.46416552e-03  3.51089603e+02  1.96044159e+01
 -1.22376722e+00 -3.28094812e-01]","[ 5.43499099e-02  5.52496507e-03 -2.77201643e+02  1.70658843e+01
 -1.09615609e+00  5.81067679e-01]","[ 9.10261385e-03  4.53121041e-02  3.43938586e+01  1.68692599e+00
 -1.21683256e+00 -4.05214307e-01]","[ 1.71185731e-01  1.10435742e-02 -1.43162010e+02  2.65072934e+01
 -1.30082353e+00  3.06651833e-02]",010,LW
331,1,0.4726884074225426,1,[-1.96625334  0.25554738 -5.98736196 -9.77267045 -1.0975681   0.58516241],"[ 6.82981912e-01  2.81101498e-02  5.13072599e+01 -3.30419305e+01
 -8.10299924e-01 -8.48632279e-01]","[  0.77645466   0.06104715  25.84122327 -18.06453817  -1.30503833
  -0.16444064]","[ -4.68775309   0.19155362  -8.20898608 -36.4816999   -1.27287473
   0.25687212]","[-4.76216284e-02  3.51942722e-03  4.44087716e+02  2.31481802e+01
 -1.19920406e+00 -3.75417208e-01]","[ 5.17520052e-02  3.30969356e-03 -4.28600885e+02  2.41809553e+01
 -7.22926857e-01  9.04370009e-01]","[ 3.25654120e-02  3.20877326e-02  4.74004014e+01  4.56386397e-01
 -1.06048632e+00 -6.27793915e-01]","[ 1.64279687e-01  1.08096957e-02 -1.46257133e+02  2.60270760e+01
 -1.29944323e+00  3.38334586e-02]",010,LW
332,1,0.4726884074225426,1,"[ -2.08448446   0.15136885  -9.24061075 -17.26190948  -0.68816622
   0.92335823]","[ 6.92485331e-01  1.36118449e-02  4.70455238e+01 -3.05783351e+01
 -1.09283953e+00 -5.43793981e-01]","[  0.81177834   0.05299613  29.66166259 -22.07869527  -1.27933408
  -0.26180549]","[ -4.79555394   0.15586429 -10.03146884 -46.10644996  -1.2313106
   0.36172981]","[-4.56750199e-02  2.66193113e-03  5.84143025e+02  2.86807443e+01
 -1.16387099e+00 -4.45349046e-01]","[ 5.06633271e-02  1.56188126e-03 -3.21546172e+02  1.82905989e+01
 -1.28364987e+00  4.59152441e-01]","[ 4.69340586e-02  1.81815937e-02  7.40505379e+01 -1.47549229e+00
 -5.89005360e-01 -9.69710085e-01]","[ 1.57517374e-01  1.05704101e-02 -1.49568358e+02  2.55596149e+01
 -1.29837382e+00  3.33964010e-02]",010,LW
333,1,0.4726884074225426,1,[-2.13002682  0.07433171 -3.77071722 -6.03172882 -1.57978383  0.31485482],"[ 6.89160401e-01  2.01967532e-02 -6.07039186e+01  4.38347369e+01
 -4.39091987e-01 -1.01615054e+00]","[  0.84115439   0.04250776  36.66933368 -28.84457086  -1.22075333
  -0.40193684]","[ -4.87887137   0.1155977  -13.32828958 -63.0270105   -1.13452443
   0.53054611]","[-4.42601178e-02  1.87790652e-03  8.17051754e+02  3.81628069e+01
 -1.07992737e+00 -5.77395820e-01]","[ 5.10987191e-02  2.40753074e-03  5.29732021e+02 -2.50686277e+01
 -5.10273990e-01  9.88095461e-01]","[ 5.14470534e-02  9.89790620e-03 -1.31809161e+01  2.67811929e+00
 -1.68742139e+00 -2.66933019e-01]","[ 1.50894026e-01  1.03524249e-02 -1.52720833e+02  2.50446613e+01
 -1.29731841e+00  2.92725738e-02]",010,LW
334,1,0.4139604017987214,1,[-2.10027119  0.13036086 10.11428538 23.24274223 -0.5413292   0.9893647 ],"[  0.6726719    0.03888913 -38.51806174  27.91001759  -0.96182182
  -0.72241178]","[ 8.63059690e-01  3.00440759e-02  5.05379424e+01 -4.16172609e+01
 -1.05741468e+00 -6.35418942e-01]","[-4.93445263e+00  7.23569074e-02 -2.00537253e+01 -9.69541578e+01
 -8.28672158e-01  8.34517591e-01]","[-4.33429952e-02  1.15181266e-03  1.26785819e+03  5.69527716e+01
 -8.17701204e-01 -8.37774944e-01]","[ 5.29874907e-02  4.39433402e-03  3.44268498e+02 -1.62419238e+01
 -1.04200854e+00  6.55532529e-01]","[ 4.58137173e-02  1.97535722e-02 -6.97823528e+01  5.19698898e+00
 -6.40338593e-01 -9.49097013e-01]","[ 1.44387305e-01  1.01820368e-02 -1.55281568e+02  2.44206871e+01
 -1.29618771e+00  2.08829704e-02]",010,LW
335,1,0.3955721176886909,1,[-1.99644003  0.23521889  6.44302712 14.86311728 -1.03826455  0.65149791],"[  0.64331512   0.05819572 -26.62660862  19.12929992  -1.17015638
  -0.47551729]","[ 8.76184953e-01  1.67657237e-02  7.80534677e+01 -6.63892739e+01
 -5.55508740e-01 -9.72463625e-01]","[-4.95929816e+00  3.51390156e-02 -1.98248900e+01 -9.63175404e+01
 -1.02232993e+00  5.75468868e-01]","[-4.28974711e-02  5.41511079e-04  1.78093828e+03  7.83977485e+01
 -5.34356474e-01 -8.87508934e-01]","[ 5.61678536e-02  6.22582991e-03  2.50402339e+02 -1.20645619e+01
 -1.23483603e+00  3.95477365e-01]","[ 3.02740569e-02  3.40101546e-02 -4.48621338e+01  3.35815879e+00
 -1.08063079e+00 -6.05748245e-01]","[ 1.37958558e-01  1.00860811e-02 -1.56763315e+02  2.36268408e+01
 -1.29511217e+00  8.05967838e-03]",010,LW
336,1,0.3833999241131878,1,[-1.82351383  0.33634807  4.62837983 10.43991466 -1.20989612  0.41908532],"[  0.60198452   0.07600065 -20.61648936  14.41080735  -1.24957789
  -0.32640357]","[ 8.79507076e-01  1.04234385e-02 -3.69402924e+01  3.44892485e+01
 -1.43632933e+00 -3.90619122e-01]","[-4.95070763e+00  5.22999384e-02  2.29803292e+01  1.15768891e+02
 -3.92250222e-01  1.04094665e+00]","[-4.28952871e-02  5.37079117e-04 -1.98350502e+03 -8.30830171e+01
 -5.45798060e-01 -8.78108908e-01]","[ 6.03852747e-02  7.62396517e-03  2.06478605e+02 -1.04682673e+01
 -1.30722764e+00  2.23020681e-01]","[ 5.62807733e-03  4.72915708e-02 -3.29971395e+01  2.18571045e+00
 -1.23042102e+00 -3.86210765e-01]","[ 1.31554693e-01  1.00881903e-02 -1.56730416e+02  2.26186218e+01
 -1.29432187e+00 -8.12573132e-03]",010,LW
337,1,0.3833999241131878,1,[-1.58991523  0.42335521  3.71082546  7.89989789 -1.27526889  0.27474591],"[  0.55012127   0.09125595 -17.25357314  11.49155758  -1.28631707
  -0.22441741]","[ 8.72399935e-01  2.22279671e-02 -6.30046395e+01  5.69652434e+01
 -6.69048617e-01 -9.37015011e-01]",[-4.9066055   0.10425031 14.26762627 72.00561356 -0.90591628  0.76622442],"[-4.32967567e-02  1.03438099e-03 -1.44440880e+03 -6.05382165e+01
 -9.95931050e-01 -7.08857447e-01]","[ 6.52999059e-02  8.43378107e-03  1.87329639e+02 -1.02326078e+01
 -1.33634022e+00  8.66378598e-02]","[-2.67876450e-02  5.82339603e-02 -2.70136952e+01  1.27636672e+00
 -1.28942912e+00 -2.43669602e-01]","[ 1.25112358e-01  1.02024925e-02 -1.54967554e+02  2.13883561e+01
 -1.29403291e+00 -2.52302505e-02]",010,LW
338,1,0.3288947759704149,1,[-1.30701918  0.4908953   3.21284829  6.19925434 -1.30455896  0.17222029],"[  0.48964961   0.10318064 -15.29672105   9.49003357  -1.30547043
  -0.14586139]","[ 8.54766419e-01  3.79140003e-02 -4.02647119e+01  3.64169236e+01
 -1.07608846e+00 -6.05564481e-01]",[-4.82606168  0.16094295  9.58951139 48.27957349 -1.13450246  0.51939104],"[-4.40499997e-02  1.51227419e-03 -1.02900034e+03 -4.33274645e+01
 -1.22157186e+00 -4.18289874e-01]","[ 7.05071700e-02  8.56245646e-03  1.84605874e+02 -1.10160378e+01
 -1.34116395e+00 -3.95683183e-02]","[ -0.06518834   0.06607778 -23.88874792   0.44273215  -1.31467468
  -0.13855266]","[ 1.18564654e-01  1.04286149e-02 -1.51595748e+02  1.99738975e+01
 -1.29435239e+00 -4.02609368e-02]",010,LW
339,1,0.3227567174062734,1,[-0.98856702  0.5353739   2.95122856  4.91748722 -1.31834984  0.08986551],"[  0.42291071   0.11114138 -14.21868603   8.01323456  -1.31582367
  -0.07865175]","[  0.82715762   0.05284027 -29.51612869  26.41449062  -1.22393557
  -0.39461562]",[-4.70984481  0.21595966  7.23876902 36.09347874 -1.2300082   0.36445627],"[-4.50994420e-02  1.90882994e-03 -8.23263054e+02 -3.51287043e+01
 -1.27107123e+00 -2.69875673e-01]","[ 7.55721352e-02  7.98847475e-03  1.97391673e+02 -1.29173102e+01
 -1.32238772e+00 -1.72938765e-01]","[ -0.10749516   0.07043863 -22.44046733  -0.41224165  -1.32338315
  -0.05361104]","[ 1.11848971e-01  1.07512934e-02 -1.47034643e+02  1.84456735e+01
 -1.29518490e+00 -5.09710842e-02]",010,LW
340,1,0.3165649506138461,1,[-0.65000374  0.55447432  2.85139852  3.85341969 -1.32346562  0.01618054],"[  0.35259046   0.11463665 -13.79182681   6.86286653  -1.32053034
  -0.01539795]","[  0.79083829   0.0653635  -24.05930719  21.02702142  -1.28769969
  -0.25111179]",[-4.5608332   0.26498232  5.93482304 29.06773796 -1.27797281  0.25346141],"[-4.63970172e-02  2.24464542e-03 -7.02030147e+02 -3.05721048e+01
 -1.27688609e+00 -2.04186643e-01]","[ 8.00734136e-02  6.77280953e-03  2.31157094e+02 -1.65095376e+01
 -1.26678164e+00 -3.32907357e-01]","[-1.51538262e-01  7.13133618e-02 -2.21701238e+01 -1.35962202e+00
 -1.32189787e+00  1.86117712e-02]","[ 1.04914103e-01  1.11445306e-02 -1.41839729e+02  1.68809879e+01
 -1.29632732e+00 -5.65837692e-02]",010,LW
341,0,0.0984610011283371,0,[-0.17158858  0.78857564  1.93813804  2.33256236 -0.76711671  0.64023798],[ 0.25183069  0.16652121 -9.14681555  4.30344885 -0.73381046 -0.67383832],[ 0.71055108  0.1467617  -9.76465803  8.93828829 -0.29797914 -1.08360727],[-4.16091721  0.75307307  1.83026316  9.61557349 -0.10246574  1.23573318],"[-4.89872519e-02  4.64223874e-03 -3.12035224e+02 -1.32857481e+01
 -3.63062471e-01 -1.03099750e+00]","[ 7.94340830e-02  7.93509193e-03 -4.39263058e+01  5.48924582e+00
 -9.66699349e-01 -5.91522315e-01]","[ -0.23016508   0.13504358 -10.76827902  -0.4784818   -0.36754585
  -1.00272406]","[ 8.66940280e-02  3.39718682e-02 -3.97534794e+01  5.44638926e+00
 -1.84859342e-02 -1.29541683e+00]",010,LW
342,0,0.0984610011283371,0,[ 0.22257844  0.75694422  1.99527368  1.5558951  -1.64380843  0.09620884],[ 0.16893     0.16076913 -9.37373991  3.58350587 -1.65202837 -0.11284861],[ 0.63808114  0.15805371 -9.36987307  7.97873928 -1.75601845 -0.27167845],[-3.77787508  0.86125011  1.70667889  8.44761966 -1.79052018  0.331274  ],"[-5.05720173e-02  4.22238982e-03 -3.11311078e+02 -1.37436292e+01
 -1.14781266e+00 -5.01093923e-01]","[ 7.70856019e-02  1.04691732e-02 -1.15828562e+02  1.09287144e+01
 -1.70245069e+00 -3.01348807e-01]",[-0.30456921  0.15098362 -9.95862136 -1.03308943 -1.74202093 -0.28784299],"[  0.06851688   0.04064915 -36.06058469   4.47075858  -1.78625598
  -0.36864061]",010,LW
343,0,0.0984610011283371,0,[ 0.52596266  0.60694858  2.18808519  0.84914889 -1.55733677 -0.49435602],"[  0.10541805   0.12934551 -10.19175857   3.07439536  -1.56788968
   0.4806009 ]",[ 0.57657165  0.13889365 -9.73588868  7.61343737 -1.71839237  0.44404706],[-3.42516537  0.80460491  1.74881523  7.98998137 -1.77828353 -0.43232862],"[-5.06752300e-02  4.09321832e-03 -2.06936226e+01  9.51345917e-01
 -1.13232251e+00 -5.72239515e-01]","[ 7.33558079e-02  1.19090011e-02 -1.19969532e+02  1.08004620e+01
 -1.76329741e+00  3.58266906e-01]","[ -0.37505037   0.14414132 -10.23703071  -1.83940214  -1.73575042
   0.39566992]","[  0.05056024   0.04023059 -36.23242633   3.83192011  -1.78635947
   0.38618407]",010,LW
344,0,0.0984610011283371,0,[ 0.7383726   0.397973    1.96817494  0.54675355 -0.082106   -1.24605453],[ 0.06164269  0.08539606 -8.59967275  2.53010697 -0.170492    1.18065993],[ 0.52824439  0.09867215 -9.13699055  6.82656398  0.08926465  1.38298612],[-3.11423501  0.60689149  1.85545164  7.77831246  0.24672614 -1.49755477],"[-4.87688057e-02  7.00237982e-03  1.65583495e+02  1.00753093e+01
 -8.12422201e-01  5.10114082e-01]","[ 6.86783010e-02  1.07526092e-02 -1.22933062e+02  1.04428338e+01
  2.49961648e-02  1.34167013e+00]","[ -0.44241782   0.11664387 -11.72070146  -3.18544718  -0.058188
   1.25624148]","[ 3.30050582e-02  3.28165419e-02 -4.01302265e+01  3.32450046e+00
  5.79671995e-02  1.35614911e+00]",010,LW
345,0,0.0957184043516124,0,"[  0.86570058   0.14445881 -10.93882877  11.46975045  -1.36954744
   0.03947108]","[ 3.68110429e-02  3.63767239e-02  4.34385897e+01  4.00980209e-01
 -1.35200627e+00  6.40012439e-02]","[ 4.94232418e-01  2.74705848e-02  5.70817586e+01 -2.62116556e+01
 -1.31175863e+00  2.92621468e-01]","[-2.85378512e+00  2.88373863e-02 -2.65605537e+01 -7.37981130e+01
 -9.78836616e-01 -5.72537353e-01]","[-4.42873689e-02  1.19218294e-02  1.30204965e+02  7.76643531e+00
 -1.15049223e+00  4.66511888e-01]","[ 6.35420246e-02  2.46604391e-03 -5.83791137e+02  3.90952708e+01
 -7.83692517e-01  8.67069581e-01]","[ -0.5078032    0.04490892 -35.12914475 -15.83869216  -1.28314449
  -0.16685188]","[ 1.60207395e-02  8.71510941e-03 -1.81028980e+02  4.90021814e+00
 -1.27927144e+00  1.65515450e-01]",010,LW
346,0,0.1983211782358916,0,"[  0.78309687   0.13158405 -11.94170577  11.35151245  -1.32208622
   0.25442717]","[ 5.89155439e-02  3.62230352e-02  4.36156260e+01 -5.69638327e-01
 -1.33971326e+00 -8.51105323e-02]","[ 5.11732811e-01  3.10027937e-02  5.09552236e+01 -2.40754598e+01
 -1.35924933e+00  7.67392978e-02]","[-2.87254293e+00  5.54393648e-02 -2.66298653e+01 -7.44954313e+01
 -9.68064860e-01 -7.39321642e-01]","[-3.55980264e-02  1.57995915e-02  9.89139592e+01  5.52114173e+00
 -1.21028743e+00  3.74025375e-01]","[ 6.26531867e-02  1.15124585e-03 -6.60077508e+02  4.33559593e+01
 -8.17806794e-01  7.10748030e-01]","[ -0.53755398   0.04964534 -31.79973338 -15.09407327  -1.29642039
  -0.13766321]","[ 1.07847990e-02  7.80273214e-03 -2.02201814e+02  4.18070592e+00
 -1.27448593e+00  1.64948784e-01]",010,LW
347,0,0.2079732905503133,0,"[  0.71375018   0.10229531 -15.03901917  12.7341027   -1.1730528
   0.52313988]","[ 8.01162322e-02  3.29256754e-02  4.78286527e+01 -1.83185145e+00
 -1.30237625e+00 -2.15520976e-01]","[ 5.30373267e-01  3.07698813e-02  5.13219380e+01 -2.52197839e+01
 -1.35067944e+00 -1.04341344e-01]","[ -2.912072     0.08139666 -19.13466325 -53.72151711  -1.24957652
  -0.39873404]","[-2.45118104e-02  1.96806090e-02  7.97828099e+01  3.95562111e+00
 -1.25702661e+00  2.89317342e-01]","[ 6.27627436e-02  1.36973818e-03  8.73575671e+02 -5.28280059e+01
 -5.43116495e-01  9.20271865e-01]","[ -0.56988372   0.0535564  -29.50118161 -14.8122432   -1.3088008
  -0.09393266]","[ 6.06887879e-03  7.02235814e-03 -2.24765487e+02  3.36407450e+00
 -1.27353909e+00  1.48383294e-01]",010,LW
348,0,0.2502332774526884,0,"[  0.66699303   0.06284004 -22.20884705  16.81314611  -0.71971437
   0.90266604]","[ 9.87686079e-02  2.75246635e-02  5.68883244e+01 -3.61878060e+00
 -1.24314328e+00 -3.38305805e-01]","[ 5.47842410e-01  2.70838136e-02  5.79212921e+01 -2.97317402e+01
 -1.29586851e+00 -2.92883258e-01]","[ -2.96668356   0.0994487  -15.84064197 -44.99417215  -1.31506857
  -0.20243165]","[-1.11968868e-02  2.31203412e-02  6.81517171e+01  2.76308706e+00
 -1.29463861e+00  2.02770318e-01]","[ 6.37663715e-02  2.47074047e-03  6.13563307e+02 -3.71247058e+01
 -1.09688052e+00  6.20543582e-01]","[ -0.60406585   0.05592379 -28.26856117 -15.07607249  -1.31815026
  -0.03967263]","[ 1.78017623e-03  6.42035189e-03 -2.46003681e+02  2.43792991e+00
 -1.27625726e+00  1.16578959e-01]",010,LW
349,0,0.2502332774526884,0,[ 0.64888981  0.0320727  -6.84903644  6.44426998 -1.62886361  0.28396077],"[ 1.13927831e-01  2.12102691e-02  7.32403040e+01 -6.34410896e+00
 -1.16245704e+00 -4.55944028e-01]","[ 5.62131775e-01  2.06594851e-02  7.43994879e+01 -3.98223162e+01
 -1.15140289e+00 -5.37916516e-01]","[ -3.03083401   0.10943501 -14.43911204 -41.76255178  -1.32678545
  -0.08076975]","[ 3.88620995e-03  2.55822680e-02  6.17389943e+01  1.76006931e+00
 -1.32193354e+00  1.10058578e-01]","[ 6.54774573e-02  3.36507509e-03  4.65450717e+02 -2.84765294e+01
 -1.29522679e+00  3.15831433e-01]","[-6.38958558e-01  5.61528268e-02 -2.81550829e+01 -1.59899312e+01
 -1.32252671e+00  2.45598144e-02]","[-2.19304056e-03  6.01453451e-03 -2.62765926e+02  1.42374367e+00
 -1.28110840e+00  7.49813987e-02]",010,LW
350,0,0.2502332774526884,0,"[  0.66177946   0.05595677  23.79708039 -13.74841907  -0.59963814
   0.95578628]","[ 1.25371403e-01  1.51163070e-02  1.01865982e+02 -1.07710810e+01
 -1.06790154e+00 -5.58996357e-01]","[ 5.71686607e-01  1.26343863e-02  1.11340397e+02 -6.16518136e+01
 -7.28484462e-01 -8.99347685e-01]","[-3.09955460e+00  1.12438266e-01 -1.40615571e+01 -4.15845639e+01
 -1.32391313e+00  4.02654157e-03]","[ 1.99669433e-02  2.65540742e-02  5.95369297e+01  8.11229500e-01
 -1.33601804e+00  8.17523354e-03]","[ 6.76543045e-02  3.87345088e-03  4.07626418e+02 -2.55776818e+01
 -1.34787839e+00  1.13425312e-01]","[ -0.67310109   0.05382763 -29.34753122 -17.75385529  -1.31929107
   0.10114412]","[-5.96429676e-03  5.79363369e-03 -2.72882554e+02  3.72447468e-01
 -1.28651567e+00  3.30764062e-02]",010,LW
351,0,0.2502332774526884,0,[ 0.70419127  0.09641618 15.83374411 -9.14998443 -1.11956798  0.58506814],"[ 1.33511314e-01  1.01472212e-02  1.51170880e+02 -1.81830228e+01
 -9.94625953e-01 -6.07295162e-01]","[ 5.75475973e-01  6.30525038e-03  4.92044492e+01 -2.63159782e+01
 -1.55393600e+00 -3.22655947e-01]","[ -3.16862396   0.10967894 -14.40915723 -43.65720086  -1.31715891
   0.07347151]","[ 3.60183209e-02  2.56820975e-02  6.14972818e+01 -2.15028831e-01
 -1.33212754e+00 -1.07344492e-01]","[ 7.00275889e-02  3.95537651e-03  3.99552353e+02 -2.59796879e+01
 -1.35135702e+00 -5.15080612e-02]","[ -0.70483806   0.04876165 -32.3186829  -20.77943778  -1.30328814
   0.19650276]","[-9.63373027e-03  5.72221026e-03 -2.76314407e+02 -6.61938463e-01
 -1.29163664e+00  3.72360350e-04]",010,LW
352,0,0.2456568246893468,0,[ 0.77114836  0.12926777 12.12173785 -7.34765829 -1.29251724  0.31109111],"[ 1.39221235e-01  6.90219810e-03  2.25035585e+02 -2.93297320e+01
 -1.02822689e+00 -4.74640648e-01]","[ 5.72980859e-01  1.10272694e-02 -1.18788571e+02  7.00635773e+01
 -5.24375636e-01 -9.96975811e-01]","[ -3.23448898   0.10204022 -15.4681353  -48.03151324  -1.3073889
   0.1442085 ]","[ 5.08808139e-02  2.28782551e-02  6.87433326e+01 -1.49771672e+00
 -1.30066385e+00 -2.45400278e-01]","[ 7.23263543e-02  3.62392438e-03  4.34375560e+02 -2.94168006e+01
 -1.31976946e+00 -2.19138542e-01]","[ -0.73246802   0.04103797 -38.17601279 -25.96270844  -1.26138651
   0.32473997]","[-1.32779998e-02  5.75118487e-03 -2.74916231e+02 -1.65033767e+00
 -1.29599761e+00 -1.84928443e-02]",010,LW
353,0,0.2560256046871488,0,[ 0.85487202  0.14849568 10.63225966 -7.08922129 -1.34766729  0.11580758],"[ 1.43609253e-01  5.70729598e-03  2.76421019e+02 -3.76966162e+01
 -1.13609185e+00 -1.71222052e-02]","[ 5.64122515e-01  2.01261851e-02 -7.51599162e+01  4.43994010e+01
 -1.02170456e+00 -6.65611806e-01]","[ -3.2940406    0.08996965 -17.49304235 -55.62279167  -1.28859942
   0.2335492 ]","[ 6.34267216e-02  1.83662889e-02  8.46812858e+01 -3.37105634e+00
 -1.21701447e+00 -4.25860825e-01]","[ 7.43032242e-02  2.93545783e-03  5.29469358e+02 -3.73412805e+01
 -1.22631989e+00 -4.28346269e-01]","[-7.54410127e-01  3.10543560e-02 -4.96611368e+01 -3.54648645e+01
 -1.15330216e+00  5.16972525e-01]","[-1.69457687e-02  5.83034518e-03 -2.71178328e+02 -2.59532523e+00
 -1.29937359e+00 -2.45337075e-02]",010,LW
354,0,0.2560256046871488,0,[ 0.94584926  0.15174512 10.41463616 -7.85067586 -1.35270626 -0.05073204],"[ 1.47771906e-01  6.42955686e-03  2.43276494e+02 -3.39494312e+01
 -1.12818353e+00  3.68858136e-01]","[ 5.49165415e-01  2.91631785e-02 -5.33041509e+01  3.12727962e+01
 -1.19292964e+00 -4.39009580e-01]","[ -3.3443799    0.07364781 -21.21547182 -68.95259759  -1.24161914
   0.36714758]","[ 7.27203054e-02  1.26716687e-02  1.18673370e+02 -6.62996373e+00
 -9.99381774e-01 -6.94276147e-01]","[ 7.57588566e-02  1.99677357e-03  7.45423895e+02 -5.44724620e+01
 -9.60319839e-01 -7.36379559e-01]","[-7.69372252e-01  1.96608616e-02 -7.39422023e+01 -5.48890787e+01
 -8.33748349e-01  8.32142285e-01]","[-2.06571134e-02  5.91594145e-03 -2.67258192e+02 -3.52078277e+00
 -1.30222186e+00 -2.07324589e-02]",010,LW
355,2,0.2988394584682135,1,[ 1.03413612  0.13925246 11.30537193 -9.69129343 -1.31867522 -0.21735554],"[ 1.52571247e-01  8.33693555e-03  1.86910845e+02 -2.65172206e+01
 -1.17022961e+00  4.20616011e-01]","[ 5.28622372e-01  3.73760422e-02 -4.19733814e+01  2.41880684e+01
 -1.25677099e+00 -3.04669198e-01]","[-3.38266276e+00  5.33447711e-02 -2.86041825e+01 -9.47583028e+01
 -1.09712926e+00  5.97092501e-01]","[ 7.81323643e-02  6.74268343e-03  1.85228300e+02 -1.24723250e+01
 -4.56872747e-01 -1.01500965e+00]","[ 7.65625227e-02  1.01930376e-03  1.09521888e+03 -8.18527200e+01
 -4.43853364e-01 -9.71999376e-01]","[-7.76490357e-01  9.41022435e-03 -8.63894080e+01 -6.50805423e+01
 -7.79507524e-01  7.23197106e-01]","[-2.44047339e-02  5.96975789e-03 -2.64855971e+02 -4.46373951e+00
 -1.30535503e+00 -8.31827407e-03]",010,LW
356,2,0.2988394584682135,1,"[  1.11070644   0.11363953  13.70060423 -13.21734934  -1.22939177
  -0.4111139 ]","[ 1.58470937e-01  1.05614677e-02  1.48407466e+02 -2.15182703e+01
 -1.26016017e+00  3.18532691e-01]","[  0.50317399   0.04446412 -35.42276624  19.82381453  -1.28513475
  -0.21587237]","[-3.40603912e+00  3.05750596e-02 -4.33519768e+01 -1.45658529e+02
 -6.06996651e-01  9.43042574e-01]","[ 7.93841185e-02  4.29149871e-03 -1.29358366e+02  1.22689998e+01
 -1.24067903e+00 -4.65283120e-01]","[ 7.66637126e-02  8.15544442e-04 -1.06665463e+03  8.37737042e+01
 -7.73712071e-01 -7.06551363e-01]","[-7.75408194e-01  1.15868316e-02  1.00303548e+02  7.97761931e+01
 -4.66946470e-01  9.66625260e-01]","[-2.81551487e-02  5.95326993e-03 -2.65585583e+02 -5.47760157e+00
 -1.30889678e+00  1.39781010e-02]",010,LW
357,2,0.2988394584682135,1,"[  1.16862034   0.07951527  18.98295315 -20.18386514  -1.01695247
  -0.67560513]","[ 1.65455627e-01  1.22912034e-02  1.28306573e+02 -1.92290445e+01
 -1.33398925e+00  1.65013459e-01]","[  0.47360599   0.05026958 -31.39376165  16.86827363  -1.29896803
  -0.1515841 ]","[-3.41167669e+00  1.98519004e-02  1.88566728e+01  6.63328709e+01
 -1.41930877e+00  4.12098240e-01]","[ 7.65182254e-02  8.77411849e-03 -1.63674777e+02  1.45241035e+01
 -7.97749896e-01 -8.56491961e-01]","[ 7.60911779e-02  1.59918270e-03 -9.23593815e+02  7.22773413e+01
 -9.54809235e-01 -7.47774403e-01]","[-7.66283113e-01  2.23295078e-02  6.70479050e+01  5.33776774e+01
 -9.79616420e-01  7.13987214e-01]","[-3.18486761e-02  5.82385026e-03 -2.71437194e+02 -6.64491527e+00
 -1.31174569e+00  4.87922962e-02]",010,LW
358,2,0.2988394584682135,1,"[  1.20377939   0.0434372   30.17821258 -34.32791046  -0.49200717
  -1.02305899]","[ 1.73048863e-01  1.28519116e-02  1.22975532e+02 -1.92807759e+01
 -1.36659933e+00 -1.51077426e-02]","[  0.44076692   0.05471007 -28.87575353  14.72747686  -1.30599405
  -0.10158269]","[-3.39687671e+00  4.48442303e-02  3.08585598e+01  1.06822723e+02
 -5.82716465e-01  9.89233280e-01]","[ 6.98156835e-02  1.41401241e-02 -1.08896050e+02  9.60265218e+00
 -1.14022983e+00 -5.31870836e-01]","[ 7.49390760e-02  2.36387341e-03 -6.58064223e+02  5.13147248e+01
 -1.23699563e+00 -4.15687895e-01]","[-7.49723180e-01  3.29803069e-02  4.70876504e+01  3.73027030e+01
 -1.19645671e+00  4.46911440e-01]","[-3.53981847e-02  5.53610122e-03 -2.85363453e+02 -8.10134821e+00
 -1.31164736e+00  1.00002968e-01]",010,LW
359,2,0.2539652922569374,1,[ 1.21509944  0.02233339 -8.75668722 12.64024573 -1.67802189 -0.25170262],"[ 1.80431360e-01  1.18473922e-02  1.32741434e+02 -2.19507174e+01
 -1.33806671e+00 -2.31536084e-01]","[  0.40554456   0.05774247 -27.37434757  13.10151774  -1.30974846
  -0.05976651]",[-3.35929205  0.08087455 18.70084729 64.82160758 -0.98533282  0.68356686],"[ 5.96874015e-02  1.90076394e-02 -8.23110769e+01  6.91293430e+00
 -1.23998074e+00 -3.50523591e-01]","[ 7.33433292e-02  2.91734233e-03 -5.39669295e+02  4.15811427e+01
 -1.31069190e+00 -2.18489665e-01]",[-0.72667476  0.0421603  37.23293623 29.05623501 -1.26881913  0.29090224],"[-3.86878362e-02  5.04592243e-03 -3.12534457e+02 -1.00912819e+01
 -1.30416256e+00  1.75277638e-01]",010,LW
360,2,0.1296008510991624,1,"[ 1.20406692e+00  4.10208738e-02 -3.44825100e+01  4.35192497e+01
 -7.95861085e-01 -8.53735878e-01]","[ 1.86639652e-01  9.27783362e-03  1.65662227e+02 -2.89191403e+01
 -1.18358835e+00 -5.23107858e-01]","[ 3.68854192e-01  5.93326536e-02 -2.66473612e+01  1.18289909e+01
 -1.31175631e+00 -2.16993382e-02]",[-3.29723391  0.12029829 12.8676258  44.42757208 -1.14428185  0.49326229],"[ 4.65685197e-02  2.32571080e-02 -6.76351747e+01  5.14966996e+00
 -1.27219453e+00 -2.49614748e-01]","[ 7.14547867e-02  3.23788936e-03 -4.87931207e+02  3.68650203e+01
 -1.32714373e+00 -9.21440352e-02]",[-0.6982916   0.04948515 31.85532494 24.24430573 -1.29708912  0.18991597],"[-4.15738413e-02  4.31561597e-03 -3.63663758e+02 -1.31188994e+01
 -1.27655690e+00  2.91970266e-01]",010,LW
361,0,0.2098820751737006,0,"[  1.15993195   0.09251868 -15.88054719  20.42035413  -0.56620173
  -0.93508605]","[ 1.89924767e-01  5.38603431e-03  1.92142597e+02 -3.44926380e+01
 -8.28600640e-01 -5.72726886e-01]","[  0.32483941   0.07092643 -22.05797774   9.16530054  -1.0519315
  -0.34505337]",[-3.17853817  0.22013027  6.79730028 23.60547839 -0.65708181  0.83269223],"[ 2.63708657e-02  3.51229959e-02 -4.35563659e+01  3.14861908e+00
 -8.26307817e-01 -6.47641111e-01]","[ 6.90367716e-02  3.99252258e-03 -3.91694149e+02  2.90412995e+01
 -1.05760595e+00 -3.57963761e-01]",[-0.65811715  0.06846502 22.58551414 16.86391429 -0.93511711  0.52848225],"[-4.38266020e-02  3.24842843e-03 -4.72071560e+02 -1.86892924e+01
 -1.16689023e+00  5.37615505e-01]",010,LW
362,0,0.2098820751737006,0,"[  1.09823737   0.12412667 -12.42450995  15.64506109  -1.45719088
  -0.38676646]","[ 1.90304915e-01  4.68024280e-03 -1.72141408e+02  3.47593560e+01
 -1.07385896e+00 -3.16154131e-01]","[  0.28195236   0.07358523 -21.32004445   8.0112369   -1.50587137
  -0.08935205]",[-3.03280101  0.28210311  5.48066492 18.62176608 -1.47528074  0.35646621],"[ 3.40864817e-03  4.23025316e-02 -3.67903205e+01  2.12540526e+00
 -1.47359602e+00 -2.93167300e-01]","[ 6.66314507e-02  4.15731002e-03 -3.77410318e+02  2.71473970e+01
 -1.50696888e+00 -8.29010327e-02]",[-0.61520789  0.07720908 20.24937398 14.45757458 -1.50722681  0.19804704],"[-4.50774671e-02  1.87163433e-03 -6.17661025e+02 -2.58425945e+01
 -7.16111169e-01  7.40135779e-01]",010,LW
363,0,0.2098820751737006,0,"[  1.02142025   0.14432892 -10.88436991  13.1175158   -1.46083454
  -0.04291807]","[ 1.88079876e-01  7.35117660e-03 -2.03404746e+02  4.02563395e+01
 -1.33175688e+00 -3.84462043e-01]","[  0.24140948   0.06905712 -22.5373061    7.44071928  -1.49726789
   0.27663588]",[-2.86413563  0.31498066  4.9827964  16.27140472 -1.50385771 -0.02574302],"[-2.21722481e-02  4.62720515e-02 -3.39585385e+01  1.24706286e+00
 -1.47954077e+00  2.85004891e-02]","[ 6.43385236e-02  3.89726082e-03 -3.99385213e+02  2.76958549e+01
 -1.49094598e+00  2.79431324e-01]",[-0.57090535  0.07823441 20.01596874 13.42722362 -1.50657203 -0.1607841 ],"[-4.51380976e-02  1.75341167e-03  4.45783282e+02  2.21218093e+01
 -8.23797125e-01  6.46926190e-01]",010,LW
364,0,0.2098820751737006,0,"[  0.93031477   0.1556699  -10.12675075  11.42106579  -1.12848482
   0.08750687]","[ 1.84208884e-01  8.55000809e-03 -1.84045609e+02  3.59028363e+01
 -1.36646601e+00  1.97267775e-01]","[  0.20446815   0.05742142 -26.55536177   7.42972577  -0.81183587
   0.68012484]",[-2.67883038  0.31412     4.99533239 15.38164818 -1.09878186 -0.28855396],"[ -0.05030091   0.04704551 -33.4307938    0.31840066  -1.10460481
   0.20636068]","[ 6.22291557e-02  3.26245009e-03 -4.68711393e+02  3.11675143e+01
 -8.24166307e-01  6.52380914e-01]",[-0.52639709  0.07179309 21.66253322 13.40309451 -0.98455915 -0.44636179],"[-4.38600824e-02  3.58384335e-03  4.04289677e+02  1.97321785e+01
 -8.61940400e-01  8.03166286e-01]",010,LW
365,0,0.2098820751737006,0,[ 0.82410292  0.15876215 -9.91770516 10.17320982 -1.25193328 -0.22908155],"[ 1.80263649e-01  6.24353211e-03 -2.34209861e+02  4.42195241e+01
 -1.13434231e+00  6.24589527e-01]","[ 1.72403888e-01  3.61311204e-02 -4.32798045e+01  9.46160658e+00
 -1.24061593e+00  3.57175321e-01]",[-2.48516487  0.26765157  5.90614557 16.67774551 -1.32707862 -0.04268145],"[ -0.08091077   0.04372751 -36.12371097  -0.92279721  -1.29529442
  -0.11026379]","[ 6.03509940e-02  2.15872821e-03 -7.28708658e+02  4.59782919e+01
 -1.26475853e+00  2.50022199e-01]",[-0.48267428  0.05623555 28.10375552 15.56495993 -1.30245281 -0.07451474],"[-4.11576056e-02  5.67559100e-03  2.72446058e+02  1.32132274e+01
 -1.14963173e+00  4.99856797e-01]",010,LW
366,0,0.2098820751737006,0,[ 0.71465613  0.18551486 -8.48613283  8.06466681 -1.256138   -0.2328312 ],"[ 1.79160894e-01  4.41259978e-03 -1.45635613e+01  4.60922067e+00
 -1.72517025e+00  2.01434931e-01]","[ 1.53254245e-01  2.66958571e-02 -5.75613132e+01  1.08215156e+01
 -1.12621540e+00  5.50073623e-01]",[-2.3244274   0.25221007  6.25892989 16.54842812 -1.31825712 -0.13614851],"[ -0.10938666   0.04670668 -33.8309156   -1.70065103  -1.30164561
  -0.0888791 ]","[ 5.91146941e-02  1.78701696e-03 -8.77642114e+02  5.38815451e+01
 -1.24229258e+00  3.12996426e-01]",[-0.44820718  0.05318787 29.70664357 15.31473094 -1.29782355 -0.09346368],"[-3.70891655e-02  7.52189779e-03  2.08040501e+02  9.71604857e+00
 -1.23931609e+00  3.48084949e-01]",010,LW
367,0,0.2098820751737006,0,[ 0.58770855  0.21565651 -7.30378739  6.2924983  -1.26791839 -0.21792465],"[ 1.82606991e-01  1.08167694e-02  1.18522558e+02 -1.96430477e+01
 -3.29618835e-01  1.12472485e+00]","[ 1.40662352e-01  1.63408221e-02 -8.73573950e+01  1.42878967e+01
 -7.64384790e-01  8.78254228e-01]",[-2.17830337  0.2219933   7.0838649  17.43080676 -1.29000063 -0.25080542],"[ -0.13945322   0.04901963 -32.24596859  -2.49680407  -1.30852294
  -0.05857837]","[ 5.81201197e-02  1.40215951e-03 -1.11169599e+03  6.66119043e+01
 -1.19915979e+00  4.08588538e-01]",[-0.41573062  0.04975312 31.75078095 15.19977178 -1.2938634  -0.10679137],"[-3.19321383e-02  9.13086336e-03  1.72340652e+02  7.50320555e+00
 -1.28428116e+00  2.38000735e-01]",010,LW
368,0,0.0968173398517621,0,[ 0.44221301  0.24647444 -6.39716225  4.82890835 -1.28420949 -0.18541162],"[ 1.92476035e-01  2.20611490e-02  6.69769600e+01 -1.08914597e+01
 -8.30234913e-01  8.17891998e-01]","[ 1.35330294e-01  7.88298356e-03 -6.62069749e+01  1.09598094e+01
 -1.27392382e+00  4.56101669e-01]",[-2.05551491  0.17882187  8.71364291 19.9110229  -1.22217942 -0.40527595],"[-1.70551368e-01  5.02530558e-02 -3.14620520e+01 -3.36589601e+00
 -1.31435893e+00 -1.87741882e-02]","[ 5.73763437e-02  1.00846355e-03 -1.52178670e+03  8.93145569e+01
 -1.09570900e+00  5.70131728e-01]",[-0.38542498  0.04618407 34.1992116  15.18123037 -1.29100147 -0.1155168 ],"[-2.58796221e-02  1.03759904e-02  1.52097354e+02  5.93622204e+00
 -1.30828382e+00  1.49219154e-01]",010,LW
369,0,0.0968173398517621,0,[ 0.27907276  0.27414955 -5.75833363  3.60699406 -1.30123741 -0.13853755],"[ 2.10229151e-01  3.55612713e-02  4.31015616e+01 -7.06120473e+00
 -1.07094958e+00  5.87592796e-01]","[ 1.37651251e-01  1.24099381e-02  1.01788934e+02 -1.20113741e+01
 -4.75267594e-01  1.00778949e+00]",[-1.96341276  0.12623589 12.02043547 25.60107637 -1.0483143  -0.64250821],"[-2.01877812e-01  5.00078898e-02 -3.16144143e+01 -4.38224877e+00
 -1.31733712e+00  3.10154809e-02]","[ 5.68875537e-02  6.19317800e-04 -2.34564676e+03  1.35438106e+02
 -7.97855113e-01  8.54129627e-01]",[-0.35733207  0.04266269 37.01844983 15.22787934 -1.28899807 -0.12070363],"[-1.91908528e-02  1.11608204e-02  1.41601977e+02  4.71746270e+00
 -1.32010228e+00  7.17107405e-02]",010,LW
370,0,0.0968173398517621,0,[ 0.10168781  0.29429656 -5.36962993  2.54602591 -1.31594567 -0.07961357],[ 0.23668519  0.04989213 31.19479379 -5.38334568 -1.19059567  0.42813877],"[ 1.47658462e-01  2.32685873e-02  6.47053535e+01 -7.55429297e+00
 -9.96208916e-01  6.92137932e-01]",[-1.90736207  0.0705955  18.83257555 37.92054019 -0.55478483 -0.98581065],"[ -0.23240877   0.04796583 -32.9394625   -5.6554201   -1.31535582
   0.09251064]","[ 5.66452057e-02  2.87386073e-04 -3.37508031e+03  1.93182118e+02
 -4.68073595e-01  9.38268934e-01]","[-3.31380422e-01  3.93269715e-02  4.01575925e+01  1.53074399e+01
 -1.28716728e+00 -1.21789943e-01]","[-1.21720073e-02  1.14270078e-02  1.38361903e+02  3.68414210e+00
 -1.32342901e+00 -4.44726779e-04]",010,LW
371,0,0.0968173398517621,0,[-0.08383906  0.30256519 -5.22544208  1.56190384 -1.32575755 -0.00842607],[ 0.27185492  0.06359495 24.6665249  -4.70571607 -1.25731894  0.30604419],"[ 1.65025347e-01  3.41639932e-02  4.54505316e+01 -5.50048976e+00
 -1.18713424e+00  4.51482000e-01]",[-1.89043943  0.03906867 -5.43493052 -8.27440693 -1.64067586 -0.2870915 ],"[ -0.26095461   0.04393227 -35.90168574  -7.36871056  -1.30489357
   0.17064778]","[ 5.66158037e-02  2.28606669e-04  4.53546219e+03 -2.54778837e+02
 -8.13320134e-01  6.46056507e-01]","[-3.07394836e-01  3.63214958e-02  4.34857762e+01  1.53673030e+01
 -1.28522965e+00 -1.15457114e-01]","[-5.15292802e-03  1.11578288e-02  1.41639830e+02  2.72985985e+00
 -1.31961433e+00 -7.19659838e-02]",010,LW
372,0,0.1233798030537586,0,[-0.26891784  0.29529479 -5.35125264  0.56095268 -1.32692727  0.07836828],[ 0.31487504  0.07522063 20.94607641 -4.59539655 -1.29625333  0.20428453],[ 0.18910687  0.04400176 35.64538914 -4.74078803 -1.25745422  0.30808597],"[ -1.91342088   0.07854153 -17.71812545 -31.90223125  -0.67224209
  -0.93169915]","[-2.86237547e-01  3.78607376e-02 -4.14883117e+01 -9.87551257e+00
 -1.27708798e+00  2.76788898e-01]","[ 5.67290060e-02  3.44708961e-04  4.46903145e+03 -2.51523712e+02
 -1.47757389e+00  3.33458267e-01]","[-2.85092616e-01  3.38314249e-02  4.67009831e+01  1.53141055e+01
 -1.28376010e+00 -9.68297025e-02]","[ 1.53785815e-03  1.03769276e-02  1.52089216e+02  1.76610836e+00
 -1.30795919e+00 -1.47888646e-01]",010,LW
373,0,0.1233798030537586,0,[-0.44313945  0.27023153 -5.8328735  -0.58477634 -1.31190253  0.18829301],[ 0.36406055  0.08350521 18.91311474 -4.88551899 -1.31773793  0.11400289],[ 0.21900006  0.05231587 30.10988753 -4.5940671  -1.28885422  0.21200363],"[ -1.97495396   0.13361423 -11.44023535 -20.59393806  -1.09032959
  -0.59295524]","[-3.06989035e-01  2.98877402e-02 -5.20061341e+01 -1.39653129e+01
 -1.20521852e+00  4.35645824e-01]","[ 5.68714485e-02  3.20661166e-04  4.61823990e+03 -2.60645992e+02
 -1.39099150e+00 -4.20039061e-01]","[-2.64076608e-01  3.20707808e-02  4.92854434e+01  1.50151327e+01
 -1.28331060e+00 -6.29633790e-02]","[ 7.59801297e-03  9.14536283e-03  1.72091968e+02  6.92442995e-01
 -1.28489434e+00 -2.34575471e-01]",010,LW
374,0,0.1233798030537586,0,[-0.59533295  0.22723408 -6.8882006  -2.10077276 -1.26278735  0.33724089],[ 0.41706769  0.08754646 18.05805925 -5.53143299 -1.32656319  0.02994899],[ 0.25359969  0.05879647 26.84825339 -4.80870862 -1.30509116  0.13933764],"[ -2.0717897    0.1849781   -8.43834798 -15.48248247  -1.22891632
  -0.38354967]","[-3.22064664e-01  2.04353957e-02 -7.34657789e+01 -2.16607314e+01
 -9.94660472e-01  7.00133459e-01]","[ 5.68900409e-02  2.89752118e-04 -3.87424104e+02  2.40405731e+01
 -1.58020353e+00 -2.78530930e-01]","[-2.43837830e-01  3.12341275e-02  5.06199263e+01  1.43430530e+01
 -1.28324498e+00 -1.61696478e-02]","[ 1.27745523e-02  7.55917210e-03  2.07102745e+02 -6.45644853e-01
 -1.24179048e+00 -3.41352891e-01]",010,LW
375,0,0.294099613975411,0,[-0.71487196  0.16887916 -9.08093869 -4.49170845 -1.1253467   0.56144685],[ 0.47113912  0.08691732 18.18607743 -6.56817257 -1.32502154 -0.05208409],[ 0.29163128  0.06317882 25.01341836 -5.29469519 -1.31426477  0.07751633],"[ -2.19898642   0.22810303  -6.89511847 -13.16227188  -1.28455036
  -0.24935102]","[-3.30570203e-01  1.07504456e-02 -1.11831600e+02 -3.49681946e+01
 -4.63056001e-01  9.86647126e-01]","[ 5.66055435e-02  8.08836715e-04 -1.58166409e+03  9.15309554e+01
 -2.75845093e-01 -1.16119932e+00]","[-2.23777142e-01  3.14474655e-02  5.02724742e+01  1.32498306e+01
 -1.28228928e+00  3.58875035e-02]","[ 1.68838247e-02  5.74656857e-03  2.69493227e+02 -2.55007642e+00
 -1.15799838e+00 -4.84797038e-01]",010,LW
376,0,0.8835209008690906,0,"[ -0.79302164   0.10169899 -13.79629728  -8.94076235  -0.70828676
   0.91186467]",[ 0.52338876  0.08168086 19.32629394 -8.11516505 -1.31338727 -0.1370529 ],"[ 3.31660718e-01  6.52048893e-02  2.42472939e+01 -6.04187490e+00
 -1.31920708e+00  1.85543158e-02]","[ -2.35006985   0.26020084  -6.06503698 -12.25326055  -1.31092614
  -0.14929628]","[-3.31985244e-01  7.93123346e-03  9.03801577e+01  3.20048787e+01
 -9.49737045e-01  6.22653185e-01]","[ 5.58338643e-02  1.71151405e-03 -8.56473353e+02  4.98202170e+01
 -7.65574213e-01 -8.63578116e-01]","[-2.03247446e-01  3.27437511e-02  4.82610082e+01  1.18089267e+01
 -1.28035519e+00  8.35902068e-02]","[ 1.98267076e-02  3.86388976e-03  3.90189665e+02 -5.73617637e+00
 -9.75187369e-01 -6.99041951e-01]",010,LW
377,0,0.9610040433833432,0,[-0.82405825  0.04985182 -6.48102518 -3.34074226 -1.52895412  0.33656428],"[  0.57107638   0.07231912  21.7634979  -10.4286197   -1.28875454
  -0.23249515]",[ 0.37209916  0.06462788 24.4604261  -7.10170407 -1.32012374 -0.04393613],"[ -2.51721809   0.27911648  -5.66254871 -12.25387007  -1.32361351
  -0.06387391]","[-3.26262115e-01  1.64363038e-02  8.80669157e+01  3.07328981e+01
 -8.27224857e-01  8.37847668e-01]","[ 5.44100329e-02  2.86989743e-03 -5.30880251e+02  3.08852119e+01
 -1.01571296e+00 -6.40578436e-01]","[-1.81609586e-01  3.50589770e-02  4.50485453e+01  1.01812477e+01
 -1.27901345e+00  1.19259149e-01]","[ 2.15965845e-02  2.10485013e-03  6.45382040e+02 -1.19380478e+01
 -5.25254864e-01 -1.02084050e+00]",010,LW
378,0,1.1011310988813547,0,[-0.80592174  0.08413003 15.61304282 14.5828907  -0.55662212  0.97572772],"[  0.61183213   0.05962436  26.23725848 -14.05279762  -1.24103585
  -0.35176987]",[ 0.4112258   0.06125231 25.78341055 -8.60280373 -1.3149211  -0.11641184],"[ -2.6915629    0.28333538  -5.57994249 -13.01876616  -1.32694848
   0.01773857]","[-3.13872552e-01  2.59154458e-02  5.95478187e+01  2.06904258e+01
 -1.16669017e+00  5.07089522e-01]","[ 5.22095976e-02  4.19349785e-03 -3.69446477e+02  2.12886519e+01
 -1.14483134e+00 -4.85985555e-01]","[-1.58291699e-01  3.82343399e-02  4.12904405e+01  8.53593399e+00
 -1.27998394e+00  1.39149683e-01]","[ 2.22771432e-02  9.22218990e-04  2.69461650e+02 -4.00283578e+00
 -1.54282475e+00 -3.46097488e-01]",010,LW
379,0,1.24473993855432,0,[-0.74029467  0.14982192 10.13954835  9.50625361 -1.06707246  0.62919775],"[  0.64381106   0.04460967  34.57511735 -20.259843    -1.13892989
  -0.52203238]","[  0.44724218   0.0550024   28.64164843 -10.80975336  -1.29814752
  -0.20739175]","[ -2.86365396   0.27224309  -5.8023226  -14.61584411  -1.32066719
   0.10303528]","[-2.95783419e-01  3.38297643e-02  4.63651461e+01  1.57140414e+01
 -1.27826713e+00  3.01092800e-01]","[ 4.91644776e-02  5.57897604e-03 -2.80161791e+02  1.57740081e+01
 -1.21872683e+00 -3.69943710e-01]",[-0.13284685  0.0420187  37.56799916  6.99079018 -1.28385046  0.14323347],"[ 2.20289280e-02  1.37887403e-03 -9.92770975e+02  2.38696803e+01
 -7.63647505e-01 -8.53804374e-01]",010,LW
380,0,1.472643572098138,0,[-0.63214357  0.2099413   7.43253635  6.69843008 -1.23646454  0.38468479],"[ 6.65773850e-01  2.85335514e-02  5.16308009e+01 -3.23744371e+01
 -8.71776550e-01 -7.99110937e-01]","[  0.4783632    0.04600269  34.04327934 -14.28505221  -1.25630376
  -0.33177372]","[ -3.02408084   0.24641582  -6.39479854 -17.33838771  -1.30121008
   0.19944138]","[-2.73366528e-01  3.93725601e-02  4.00675942e+01  1.29531391e+01
 -1.31914765e+00  1.59565534e-01]","[ 4.52732154e-02  6.91244118e-03 -2.27289676e+02  1.22901345e+01
 -1.26413354e+00 -2.76136236e-01]",[-0.10501211  0.04606904 34.27226783  5.59900308 -1.29030226  0.13334078],"[ 2.10674316e-02  2.18611562e-03 -7.08098530e+02  1.69178174e+01
 -1.24582952e+00 -4.49662303e-01]",010,LW
381,0,1.512648074505596,0,[-0.48884714  0.25777744  6.10481449  4.98432112 -1.2937379   0.23441276],"[ 6.77095078e-01  1.38360456e-02  7.59170749e+01 -4.94030778e+01
 -4.58301804e-01 -9.48207719e-01]","[ 5.02938191e-01  3.46579469e-02  4.44781839e+01 -2.03697773e+01
 -1.14880777e+00 -5.21593645e-01]","[ -3.16419354   0.20775891  -7.54438109 -21.87188191  -1.25933455
   0.31825259]",[-0.24826867  0.0421695  37.48386441 11.30606916 -1.33228348  0.04797013],"[ 4.06063470e-02  8.07667819e-03 -1.95147078e+02  9.92420995e+00
 -1.29327148e+00 -1.95045608e-01]",[-0.07477149  0.04994808 31.62409985  4.36458114 -1.2986855   0.11112996],"[ 1.96378056e-02  2.68070664e-03 -5.88063308e+02  1.35482729e+01
 -1.35217404e+00 -1.67680172e-01]",010,LW
382,0,0.8553219335990114,0,[-0.31908376  0.29140194  5.41773189  3.72871028 -1.31299876  0.13312004],"[ 6.77704284e-01  1.25961893e-02 -7.79268858e+01  5.48113843e+01
 -5.86386438e-01 -8.42949294e-01]","[ 5.19578774e-01  2.18264204e-02  6.64336575e+01 -3.25175184e+01
 -8.25038173e-01 -8.38153237e-01]","[ -3.27678583   0.15939765  -9.71332354 -29.8284809   -1.16893262
   0.48268526]",[-0.22227268  0.0421153  37.5308622  10.34208518 -1.33075255 -0.05280808],"[ 3.53064366e-02  8.95920900e-03 -1.76265379e+02  8.22330241e+00
 -1.31200075e+00 -1.20205858e-01]",[-0.04241467  0.05312892 29.74569324  3.26165373 -1.30788162  0.07728761],"[ 1.79906199e-02  2.80730338e-03 -5.62981186e+02  1.21283805e+01
 -1.36066666e+00  3.25301818e-02]",010,LW
383,0,0.8553219335990114,0,[-0.13168316  0.31124684  5.07827804  2.66872371 -1.31646314  0.061657  ],"[ 6.67972987e-01  2.55267838e-02 -5.78444413e+01  4.06385243e+01
 -9.03000307e-01 -7.77910830e-01]","[ 5.27265264e-01  1.04845229e-02  7.10491602e+01 -3.54617542e+01
 -9.07961300e-01 -6.45958854e-01]","[ -3.35657006   0.10555596 -14.12589065 -45.4145416   -0.93821166
   0.74447978]","[-1.97173981e-01  3.92926033e-02  4.01518016e+01  9.91689056e+00
 -1.31622161e+00 -1.58248911e-01]","[ 2.95820366e-02  9.46110473e-03 -1.67081499e+02  6.94261102e+00
 -1.32274333e+00 -4.66086776e-02]","[-8.57696392e-03  5.50268177e-02  2.87309089e+01  2.24642397e+00
 -1.31605962e+00  3.17713799e-02]","[ 1.63617465e-02  2.59174447e-03 -6.07339357e+02  1.19371326e+01
 -1.32478381e+00  2.18298855e-01]",010,LW
384,0,0.8553219335990114,0,[ 0.06534226  0.3193444   4.9510717   1.6764858  -1.31327053  0.01151234],"[  0.64857511   0.03940103 -39.23630921  27.4476934   -1.15617279
  -0.49871987]","[ 5.25415888e-01  1.41872335e-02 -8.39043461e+01  4.60846766e+01
 -4.37048573e-01 -1.00133259e+00]","[-3.40034134e+00  5.36519614e-02 -2.18851489e+01 -7.24169766e+01
 -4.25164790e-01  1.00406306e+00]","[-1.74687555e-01  3.39154337e-02  4.62832459e+01  1.00851071e+01
 -1.27973387e+00 -2.88018066e-01]","[ 2.36958283e-02  9.50667613e-03 -1.66295918e+02  5.94051950e+00
 -1.32579010e+00  3.03882205e-02]","[ 2.57535859e-02  5.50699039e-02  2.87087499e+01  1.26064674e+00
 -1.32074404e+00 -2.61164237e-02]","[ 1.49584127e-02  2.08903849e-03 -7.42699607e+02  1.31096073e+01
 -1.22084139e+00  4.45223539e-01]",010,LW
385,0,0.8553219335990114,0,[ 0.26539883  0.31850074  4.9640777   0.68253957 -1.30846278 -0.02274132],"[  0.62035965   0.05226847 -29.94687275  20.57783149  -1.23799354
  -0.34458459]","[ 5.13918093e-01  2.75953567e-02 -5.41696545e+01  2.98387656e+01
 -9.54794909e-01 -7.30538511e-01]","[-3.40684142e+00  4.05791031e-02  1.92879712e+01  6.77110593e+01
 -8.47475670e-01  6.80688611e-01]","[-1.56387248e-01  2.63161448e-02  5.88152576e+01  1.11979563e+01
 -1.18506972e+00 -4.78532819e-01]","[ 1.79478956e-02  9.05235806e-03 -1.74456283e+02  5.13112315e+00
 -1.31944211e+00  1.16645127e-01]",[ 0.05927286  0.05279323 29.92393713  0.22632278 -1.31870045 -0.09865531],"[ 1.39518271e-02  1.38164134e-03 -1.05905185e+03  1.67757083e+01
 -8.99652455e-01  7.88383439e-01]",010,LW
386,0,0.8553219335990114,0,[ 0.46342797  0.3113161   5.07796185 -0.35326957 -1.30493898 -0.04717971],"[  0.58427346   0.06377206 -24.66522581  16.4112369   -1.2723053
  -0.25028769]","[  0.49312655   0.04138964 -37.4377364   20.46154192  -1.17306687
  -0.47455743]",[-3.37640799  0.08504174 17.08018683 59.66967931 -0.82060591  0.83952925],"[-1.43666710e-01  1.70743019e-02  8.56499162e+01  1.43050417e+01
 -8.82546314e-01 -7.98470735e-01]","[ 1.26556901e-02  8.09189610e-03 -1.94568834e+02  4.46240287e+00
 -1.29807992e+00  2.22173041e-01]",[ 0.09044232  0.04792067 32.89062555 -0.97470461 -1.3044578  -0.19209063],"[ 1.34750147e-02  6.92065851e-04 -1.09016612e+03  1.66900045e+01
 -9.41461627e-01  6.12239765e-01]",010,LW
387,0,0.8553219335990114,0,[ 0.65552003  0.2992899   5.28086472 -1.46171262 -1.30376726 -0.07005173],"[  0.54135579   0.0736882  -21.39807933  13.58397405  -1.29113379
  -0.18315126]","[  0.46383497   0.05389497 -29.08228878  15.48938249  -1.25475269
  -0.31979268]",[-3.31053242  0.13652875 11.27210019 39.3166531  -1.12306583  0.54243162],"[-1.37705646e-01  8.45793989e-03  9.11001288e+01  1.45450021e+01
 -9.11868687e-01 -6.30657694e-01]","[ 8.13306811e-03  6.65767037e-03 -2.34664852e+02  3.90854522e+00
 -1.24408785e+00  3.67592353e-01]",[ 0.11760404  0.04041273 38.77159066 -2.55969581 -1.26431325 -0.32186905],"[ 1.36238196e-02  9.90565097e-04  1.18782778e+03 -1.41827514e+01
 -3.90274503e-01  1.03236513e+00]",010,LW
388,0,0.8553219335990114,0,[ 0.83813734  0.28230256  5.5961062  -2.69030559 -1.30412871 -0.10189212],"[  0.49279972   0.08167355 -19.33352807  11.52755729  -1.30403574
  -0.12689786]","[  0.42723016   0.06432714 -24.48554307  12.46096249  -1.2915187
  -0.21367123]",[-3.21145925  0.18576029  8.40960196 29.00709399 -1.22218327  0.37580409],"[-1.39427345e-01  1.19174382e-02 -9.82476135e+01 -1.16984039e+01
 -3.90430457e-01 -1.03017967e+00]","[ 4.67079254e-03  4.82645474e-03 -3.16141605e+02  3.47663185e+00
 -1.09314976e+00  5.99442234e-01]","[ 1.39110221e-01  3.05065538e-02  5.04893508e+01 -5.02358474e+00
 -1.15204954e+00 -5.25200360e-01]","[ 1.44588712e-02  1.99479829e-03  7.44019801e+02 -8.75768647e+00
 -8.94461797e-01  7.75998783e-01]",010,LW
389,0,0.7791522063610239,0,[ 1.00719473  0.25865878  6.10052464 -4.14441624 -1.30229712 -0.15552531],"[  0.44004684   0.08721915 -18.12011451   9.97369915  -1.31364703
  -0.07255428]","[  0.38482968   0.0721504  -21.88212839  10.42089241  -1.30937648
  -0.13230532]",[-3.08190934  0.23098351  6.80233421 22.96417737 -1.26267496  0.27517201],"[-1.49438427e-01  2.39855196e-02 -6.18691813e+01 -7.24563313e+00
 -8.97247531e-01 -7.74908576e-01]","[ 2.51975934e-03  2.78275090e-03 -4.84218887e+02  3.22011506e+00
 -6.15677136e-01  9.50840490e-01]","[ 1.53450887e-01  1.89339778e-02  7.54242059e+01 -9.57391126e+00
 -7.84392412e-01 -8.65057410e-01]","[ 1.60059761e-02  3.10122567e-03  4.97302264e+02 -5.95980816e+00
 -1.12776320e+00  5.26962069e-01]",010,LW
390,0,0.7791522063610239,0,[ 1.15732288  0.22572628  6.96775938 -6.06394733 -1.28768427 -0.24820231],"[ 3.84864284e-01  8.97182804e-02 -1.76224460e+01  8.78225006e+00
 -1.31983266e+00 -1.47218708e-02]","[  0.33839625   0.07702476 -20.51997872   8.94388394  -1.31735898
  -0.0644222 ]",[-2.92492804  0.27147165  5.80382116 18.97575927 -1.2824891   0.20743894],"[-1.67950995e-01  3.71426977e-02 -4.15460209e+01 -4.97769556e+00
 -1.13594528e+00 -5.19905721e-01]","[ 1.87661043e-03  1.59557938e-03  1.14410584e+02  1.78529591e+00
 -1.64674203e+00  2.89781913e-01]","[ 1.59369865e-01  9.41850504e-03  4.79010816e+01 -5.63398892e+00
 -1.40155970e+00 -3.86688139e-01]","[ 1.82530633e-02  4.18286812e-03  3.73560881e+02 -4.81863041e+00
 -1.22545137e+00  3.71837106e-01]",010,LW
391,0,0.3292853509176149,0,[ 1.28160131  0.18111194  8.59712585 -9.01808775 -1.22818622 -0.41021413],"[  0.32935839   0.08860675 -17.8399289    7.8757303   -1.32096755
   0.05040449]","[ 2.89830448e-01  7.88103593e-02 -2.00619096e+01  7.81455225e+00
 -1.31907478e+00 -3.97389591e-03]",[-2.74383765  0.30669244  5.14508266 16.11727151 -1.29370366  0.15722897],"[ -0.19470255   0.049755   -31.42742533  -4.11899995  -1.23406858
  -0.35996913]","[ 2.87045871e-03  3.32573711e-03  4.13628899e+02  8.12695322e-01
 -6.08826045e-01  9.69579280e-01]","[ 1.55966109e-01  1.60090634e-02 -7.94723330e+01  1.43949905e+01
 -4.54624177e-01 -1.02832939e+00]","[ 2.11443557e-02  5.15125969e-03  3.05218666e+02 -4.45365206e+00
 -1.27707662e+00  2.58519616e-01]",010,LW
392,0,0.2274239151922798,0,"[  1.37190454   0.12454945  12.00778945 -14.47354081  -1.00230873
  -0.70313857]","[  0.27590027   0.08352777 -18.90340373   7.21545417  -1.31410823
   0.12665968]","[  0.2410562    0.07756189 -20.38028357   6.91279364  -1.3160894
   0.05295784]",[-2.54229059  0.33602862  4.70019317 13.94925684 -1.30104538  0.11625575],"[ -0.22890185   0.06077171 -25.88611194  -3.92537901  -1.28269743
  -0.24514575]","[ 5.55051162e-03  5.84512865e-03  2.60072171e+02  5.56466395e-01
 -1.04338835e+00  6.38101076e-01]","[ 1.42779495e-01  3.03563411e-02 -4.94745638e+01  9.06395323e+00
 -9.70589184e-01 -7.11782953e-01]","[ 2.45752709e-02  5.91765904e-03  2.66583732e+02 -4.55136745e+00
 -1.30718808e+00  1.63504016e-01]",010,LW
393,0,0.2274239151922798,0,"[  1.41981365   0.06489572  16.22441581 -21.03564699  -0.57452766
  -0.85224886]","[  0.22696679   0.07446844 -21.14517067   6.79925152  -1.29392362
   0.22002421]","[  0.19391422   0.07350244 -21.48971073   6.16716046  -1.30884721
   0.10979579]",[-2.32439638  0.35863395  4.40650422 12.24246243 -1.30650605  0.07925698],"[ -0.26922896   0.0692976  -22.77145633  -4.13073549  -1.30843025
  -0.15283955]","[ 9.87661058e-03  8.34343222e-03  1.86494558e+02  1.58065880e-01
 -1.19982717e+00  4.27416337e-01]","[  0.11985663   0.04519927 -34.28967761   6.10984509  -1.17037321
  -0.47382868]","[ 2.83924596e-02  6.40117420e-03  2.46872610e+02 -5.00932059e+00
 -1.32338422e+00  7.63371819e-02]",010,LW
394,0,0.2288183548070856,0,"[  1.41787192   0.06883951 -14.24063677  22.191399    -0.49306197
  -0.91944433]","[  0.1849252    0.06183022 -25.31405991   6.6812076   -1.24844234
   0.34250256]","[  0.15007075   0.06698375 -23.54821772   5.53389881  -1.29655772
   0.17043391]",[-2.09485469  0.37341896  4.23354833 10.86866858 -1.31059806  0.0426809 ],"[ -0.31390571   0.07464926 -21.17062274  -4.64557932  -1.32079232
  -0.07261335]","[ 1.57155679e-02  1.05878748e-02  1.48264702e+02 -3.30063986e-01
 -1.26610931e+00  2.91099542e-01]","[  0.08778803   0.05892091 -26.59483954   4.33470852  -1.25152034
  -0.32465371]","[ 3.24021035e-02  6.54427369e-03  2.41588055e+02 -5.82796118e+00
 -1.32819447e+00 -8.47802403e-03]",010,LW
395,0,0.2554236239523074,0,[ 1.36086344  0.14624321 -9.98265154 15.58502547 -0.82180618 -0.83674659],"[  0.15180308   0.04643883 -33.209981     7.0413775   -1.14343511
   0.52090765]","[  0.11094636   0.05844815 -26.92306731   4.98701619  -1.27657323
   0.24006844]","[-1.85902651e+00  3.79201944e-01  4.16958061e+00  9.75136086e+00
 -1.31299767e+00  4.31101139e-03]","[-3.60836191e-01  7.64424897e-02 -2.06830029e+01 -5.46317597e+00
 -1.32375756e+00  1.14430511e-03]","[ 2.28455402e-02  1.24218483e-02  1.26895150e+02 -8.98988252e-01
 -1.29812076e+00  1.91424000e-01]","[  0.04770628   0.07051458 -22.33334851   3.06544092  -1.29072777
  -0.21805409]","[ 3.63872403e-02  6.32589617e-03  2.49743770e+02 -7.08748657e+00
 -1.32181826e+00 -9.48987845e-02]",010,LW
396,0,0.3808156291324028,0,[ 1.24679805  0.23414563 -6.56771598 10.18861545 -1.11697465 -0.54983244],"[ 1.29086666e-01  2.96065118e-02 -4.95645632e+01  8.39812421e+00
 -8.58941126e-01  8.10724212e-01]","[  0.07766868   0.04839978 -32.37622885   4.51461897  -1.24272396
   0.32696429]",[-1.62289768  0.37498053  4.21604432  8.84220855 -1.31308898 -0.03720765],"[ -0.40779859   0.07464104 -21.17329364  -6.6344393   -1.31890348
   0.07205615]","[ 3.09698010e-02  1.37327462e-02  1.15014098e+02 -1.56196373e+00
 -1.31373337e+00  1.11429334e-01]","[ 1.23502255e-03  7.91936625e-02 -1.99354962e+01  2.02462079e+00
 -1.31086600e+00 -1.33007432e-01]","[ 4.01319100e-02  5.76823124e-03  2.73302172e+02 -8.96813817e+00
 -1.30240841e+00 -1.86657449e-01]",010,LW
397,0,0.3808156291324028,0,[ 1.07739903  0.3182261  -4.9092902   7.2892645  -1.22956668 -0.37289595],"[ 1.17580447e-01  1.42360832e-02 -6.98800987e+01  1.02165332e+01
 -5.08004345e-01  9.06616385e-01]","[ 5.10505671e-02  3.73810038e-02 -4.15702529e+01  4.12218499e+00
 -1.17937992e+00  4.47239335e-01]",[-1.39290702  0.36020145  4.38705219  8.11075578 -1.31014425 -0.08311356],"[ -0.4526506    0.0695454  -22.69626937  -8.27348004  -1.30654267
   0.1432005 ]","[ 3.97396526e-02  1.44552898e-02  1.09360724e+02 -2.34595719e+00
 -1.31978516e+00  4.27843516e-02]","[ -0.04961649   0.08440803 -18.72581793   1.07089056  -1.31997655
  -0.05959305]","[ 4.34465927e-02  4.93483399e-03  3.18156351e+02 -1.18228094e+01
 -1.26582980e+00 -2.88512180e-01]",010,LW
398,0,0.3808156291324028,0,[ 0.85806316  0.3914676  -4.01734202  5.4471332  -1.28023322 -0.25237441],"[ 1.17343003e-01  1.37537099e-02  7.54298885e+01 -6.85116964e+00
 -5.55562525e-01  8.67372595e-01]","[ 3.15917123e-02  2.59650655e-02 -5.85983631e+01  3.85122263e+00
 -1.03750511e+00  6.37014765e-01]",[-1.17564281  0.33492724  4.71371155  7.5416411  -1.30305009 -0.13526305],"[ -0.49350337   0.06171615 -25.51773935 -10.59309036  -1.28583439
   0.21877265]","[ 4.87837973e-02  1.45759914e-02  1.08468836e+02 -3.29152172e+00
 -1.31916060e+00 -1.88656472e-02]","[-1.02609565e-01  8.59078685e-02 -1.84042452e+01  1.11548395e-01
 -1.32123220e+00  7.14859016e-03]","[ 4.61878733e-02  3.91843032e-03  3.97720374e+02 -1.63698582e+01
 -1.20313043e+00 -4.09979524e-01]",010,LW
399,0,0.3652413924162555,0,[ 0.59739657  0.44889663 -3.51458673  4.09960207 -1.30508962 -0.16105434],"[ 1.27698439e-01  2.68783670e-02  5.53917119e+01 -5.07343516e+00
 -9.70266075e-01  7.29174831e-01]","[ 1.94994906e-02  1.48947414e-02 -9.37678815e+01  3.82842593e+00
 -6.44093625e-01  9.51831747e-01]",[-0.97745599  0.29988794  5.25558185  7.13709998 -1.28968734 -0.19681526],"[ -0.528834     0.05184971 -30.25483734 -13.99978655  -1.25293757
   0.30674249]","[ 5.77400073e-02  1.41337251e-02  1.11814860e+02 -4.45619082e+00
 -1.31324039e+00 -7.57493368e-02]","[ -0.15546804   0.08378747 -18.86271532  -0.93254938  -1.31605114
   0.06977616]","[ 4.82675154e-02  2.82115530e-03  5.43873435e+02 -2.42514194e+01
 -1.08685946e+00 -5.75152637e-01]",010,LW
400,0,0.3272062468323518,0,[ 0.30647327  0.48713259 -3.24372096  2.99411376 -1.31694633 -0.08563379],[ 0.14731761  0.03958799 39.27143907 -3.78537462 -1.22037613  0.4278832 ],"[ 1.47197347e-02  6.89761827e-03 -5.40608125e+01  2.79576082e+00
 -1.45163940e+00  3.86161357e-01]",[-0.80405265  0.25646727  6.12679295  6.9262641  -1.2656665  -0.27330993],"[ -0.55753082   0.04065557 -38.29357672 -19.34984915  -1.19477129
   0.42350092]","[ 6.62849925e-02  1.32142307e-02  1.19490694e+02 -5.92043978e+00
 -1.30290016e+00 -1.28896573e-01]","[ -0.20608167   0.07847877 -20.11926511  -2.14621173  -1.3051851
   0.12964311]","[ 4.96503391e-02  1.73999063e-03  8.40797526e+02 -3.97458823e+01
 -8.12634503e-01 -8.39586171e-01]",010,LW
401,0,0.28224355540866,0,"[-2.04239270e-03  5.04319747e-01 -3.13497879e+00  1.99359714e+00
 -1.32092772e+00 -1.86575473e-02]",[ 0.17435816  0.04942754 31.82132681 -3.54830806 -1.29860132  0.24437819],"[ 1.69643074e-02  1.11780107e-02  1.17353074e+02  9.18637475e-03
 -5.55127659e-01  9.74595312e-01]",[-0.66010879  0.20666647  7.55955933  6.9901316  -1.22098827 -0.37512607],"[-5.78881865e-01  2.88028445e-02 -5.30555496e+01 -2.87128955e+01
 -1.06777597e+00  6.04219041e-01]","[ 7.41587786e-02  1.19377628e-02  1.32104262e+02 -7.79669068e+00
 -1.28889152e+00 -1.78649308e-01]","[ -0.25268926   0.07068687 -22.30383007  -3.63593824  -1.2891167
   0.18747496]","[ 5.03436302e-02  8.15646452e-04  1.26547511e+03 -6.17086110e+01
 -4.38168584e-01 -9.63326136e-01]",010,LW
402,0,0.2771230239731829,0,[-0.31478653  0.50004741 -3.16134155  1.00485227 -1.31908754  0.04489678],[ 0.20664173  0.05572419 28.3385959  -3.85593654 -1.32462145  0.11770476],"[ 2.57240344e-02  2.00073839e-02  7.58931844e+01  4.77211114e-02
 -1.05789476e+00  6.35212189e-01]",[-0.54893293  0.15307693 10.07888419  7.53263141 -1.12926832 -0.52368502],"[-5.92528686e-01  1.70596648e-02 -8.34361134e+01 -4.74382907e+01
 -7.15009271e-01  9.09518661e-01]","[ 8.11798678e-02  1.04410047e-02  1.50813274e+02 -1.02430017e+01
 -1.27203904e+00 -2.25044547e-01]","[ -0.29400756   0.06127587 -25.67842085  -5.54964993  -1.2682752
   0.24382429]","[ 5.03829115e-02  7.35527668e-04 -1.36784766e+03  7.09161474e+01
 -5.76807347e-01 -8.49235317e-01]",010,LW
403,0,0.193151266107567,0,[-0.68694782  0.58964581 -2.65086331  0.17899522 -1.01845854 -0.34501192],[ 0.2595589   0.09076828 16.56820957 -2.30042627 -0.62974903  0.7893017 ],[ 0.07094058  0.09255999 14.08722058  1.00064435  0.07605329  1.37430069],[-0.5764604   0.20657447 -2.65515728  0.46940696 -0.59576581 -0.91012999],[-0.55981704  0.08877259 11.63926868  8.5158609   0.21298892  1.47370111],"[ 8.84669524e-02  1.08023571e-02  1.45405952e+02 -1.08636214e+01
 -1.05555906e+00  1.86978197e-01]","[ -0.33316551   0.05699852 -27.68868063  -7.2249135   -1.16761541
   0.04408444]","[ 4.58458146e-02  1.01860990e-02 -1.16760159e+02  7.35296459e+00
  2.23393815e-01 -1.48082073e+00]",010,LW
404,0,0.193151266107567,0,[-0.96160078  0.50179281 -2.96708094 -0.85314736 -1.46025475  0.07288838],[ 0.30338908  0.0890067  16.7745004  -3.08920017 -1.66325547  0.15588866],[ 0.11682507  0.11016159 13.14917923  0.46384626 -1.80954503  0.36869954],[-0.65375794  0.28655925 -4.48684039 -0.93330754 -1.70292625 -0.39184435],[-0.51601319  0.12049285 11.53651351  7.95299314 -1.76784736  0.43733414],"[ 9.37981670e-02  8.96936842e-03  1.68659415e+02 -1.38199440e+01
 -1.46731108e+00 -1.26192085e-01]","[ -0.36079481   0.04365447 -34.44894266 -10.42899972  -1.31896343
   0.31668101]","[ 4.04798713e-02  1.33611973e-02 -1.06884879e+02  6.32668616e+00
 -1.77314133e+00 -4.27286004e-01]",010,LW
405,0,0.1605759696900024,0,[-1.13053726  0.35419554 -2.9745217  -1.36280761 -1.22763726  0.27632042],[ 0.33595475  0.07152027 17.55425477 -3.89743527 -1.56474353 -0.41055286],[ 0.16108353  0.10577367 13.30601513 -0.14337995 -1.80084018 -0.42056984],[-0.77385896  0.33461302 -4.40054896 -1.40540425 -1.746683    0.27672536],[-0.46271497  0.13215822 11.17281069  7.16982671 -1.7789983  -0.30972681],"[ 9.72717790e-02  6.32786407e-03  1.93602271e+02 -1.68320373e+01
 -1.30595692e+00 -4.98079210e-01]","[-3.77844597e-01  2.80927300e-02 -4.16967231e+01 -1.37548816e+01
 -1.04224148e+00  5.77126193e-01]","[ 3.44010494e-02  1.42676605e-02 -1.03854416e+02  5.57270090e+00
 -1.77674271e+00  3.17877137e-01]",010,LW
406,0,0.1196034627603837,0,[-1.19038864  0.26484277  1.26768257  3.50903492 -1.50447241 -0.22490112],[ 0.35586351  0.04889334  8.93754194 -1.18054509 -0.77056154 -0.72293702],[ 0.20169501  0.08159629 13.98249113 -0.82019865  0.24406836 -1.49563401],[-0.92943758  0.31890819 -4.52031041 -2.20134636 -0.31781042  1.05093155],[-0.40150004  0.11937178 11.8510164   6.75818355 -0.21353643 -1.13698486],"[ 9.90150941e-02  4.00356099e-03  5.39617564e+01 -3.34302839e+00
 -1.15124175e+00 -3.71132577e-01]",[-0.3854664   0.01676267  1.53890835  2.59319746 -1.37660463  0.00630768],"[ 2.77194600e-02  1.26524692e-02 -1.11737147e+02  5.09729338e+00
 -2.09009191e-01  1.13901181e+00]",010,LW
407,0,0.0981773188734501,0,[-1.14255535  0.33488433  4.70811256  7.37927921 -1.30247441  0.18271793],"[ 3.62511906e-01  3.66179315e-02 -4.29400164e+01  1.75662672e+01
 -1.28823204e+00 -2.53839525e-01]","[ 2.37000535e-01  3.81970828e-03 -6.77937718e+01  1.80671602e+01
 -1.64692549e+00 -2.60131571e-01]","[-1.11328877e+00  1.59686718e-01 -9.90149926e+00 -9.02322796e+00
 -1.29853364e+00  2.16577531e-03]","[-3.33851066e-01  5.36480081e-02  2.94723278e+01  1.18393681e+01
 -1.29722179e+00  6.98667385e-03]","[ 9.91621149e-02  3.74713747e-03 -4.19782893e+02  4.36265595e+01
 -1.26901990e+00 -2.50513023e-01]","[-3.84829369e-01  1.77823839e-02  8.88047176e+01  3.61746634e+01
 -1.29568684e+00  1.24591008e-01]","[ 2.05389512e-02  5.68798217e-03 -2.77966651e+02  7.70914348e+00
 -1.30314874e+00 -2.31857417e-02]",010,LW
408,0,0.0822713931325866,0,[-0.92446605  0.36787685  4.29428382  5.96991959 -1.31599121  0.10003651],"[  0.33832197   0.04178076 -37.77621706  14.78052432  -1.31378766
  -0.14377207]","[ 2.35090905e-01  6.99662022e-03 -2.03998832e+02  4.99582701e+01
 -8.35787409e-01 -8.29716096e-01]","[-1.21446688e+00  1.59817178e-01 -9.89340530e+00 -1.00152131e+01
 -1.29743051e+00 -3.81459648e-03]","[-2.99704173e-01  5.40889421e-02  2.92315292e+01  1.07608113e+01
 -1.29617606e+00  1.66255535e-02]","[ 9.66173048e-02  4.36603337e-03 -3.60961980e+02  3.68751737e+01
 -1.27740690e+00 -2.01149506e-01]","[-3.73085615e-01  1.93656324e-02  8.15547704e+01  3.24269117e+01
 -1.28352567e+00  1.19162371e-01]","[ 1.69300034e-02  5.75494762e-03 -2.74740855e+02  6.65136361e+00
 -1.30363634e+00 -1.18430280e-02]",010,LW
409,0,0.0822713931325866,0,[-0.69051441  0.38429149  4.11394336  4.84073716 -1.32057063  0.03084342],"[  0.31152665   0.04468849 -35.36949111  13.01853903  -1.32276822
  -0.05831661]","[ 2.30012469e-01  1.09263660e-02 -1.41732379e+02  3.46002145e+01
 -1.21117067e+00 -4.63045933e-01]","[-1.31591359e+00  1.60522221e-01 -9.84988922e+00 -1.09616030e+01
 -1.29838219e+00 -9.94397888e-03]","[-2.65169405e-01  5.48682327e-02  2.88154228e+01  9.64096852e+00
 -1.29667936e+00  2.62818311e-02]","[ 9.36765816e-02  4.96286599e-03 -3.17799622e+02  3.17703823e+01
 -1.27903994e+00 -1.76530957e-01]","[-3.60151618e-01  2.12333408e-02  7.43401421e+01  2.87737225e+01
 -1.27043709e+00  1.45477279e-01]","[ 1.32936623e-02  5.77701846e-03 -2.73694219e+02  5.63839852e+00
 -1.30405922e+00  2.01573942e-04]",010,LW
410,0,0.1846244984307934,0,[-0.45131711  0.38401479  4.11686064  3.85800963 -1.32003053 -0.0333406 ],"[ 2.83585313e-01  4.53107991e-02 -3.48927805e+01  1.18950801e+01
 -1.32399326e+00  1.70579706e-02]","[ 2.22552182e-01  1.38581309e-02 -1.13465135e+02  2.72519134e+01
 -1.29980877e+00 -2.49481974e-01]","[-1.41779412e+00  1.61568959e-01 -9.78605998e+00 -1.18746183e+01
 -1.30069198e+00 -1.09948867e-02]",[-0.23008758  0.05592394 28.27078226  8.50475577 -1.29840913  0.03158588],"[ 9.03447735e-02  5.57490717e-03 -2.82992554e+02  2.75668982e+01
 -1.27864703e+00 -1.66267464e-01]","[-3.45759000e-01  2.37807020e-02  6.63106952e+01  2.49275197e+01
 -1.25936746e+00  1.83873680e-01]","[ 9.65937379e-03  5.75086777e-03 -2.74934941e+02  4.65569936e+00
 -1.30421066e+00  1.31316326e-02]",010,LW
411,0,0.1945084490420232,0,[-0.21749439  0.36731734  4.30082468  2.93540523 -1.31483846 -0.10038845],"[  0.25596961   0.04366362 -36.18323355  11.26180823  -1.31939833
   0.09426878]","[ 2.13478275e-01  1.57008445e-02 -1.00569820e+02  2.34694717e+01
 -1.32049923e+00 -1.22512315e-01]","[-1.52007803e+00  1.62343182e-01 -9.73945657e+00 -1.28047339e+01
 -1.30315058e+00 -4.92722980e-03]",[-0.19436301  0.05707075 27.70285744  7.38441077 -1.30076239  0.03034132],"[ 8.66067324e-02  6.23106614e-03 -2.53217675e+02  2.39303554e+01
 -1.27863265e+00 -1.62529562e-01]","[-3.29451367e-01  2.72450348e-02  5.78209200e+01  2.10491812e+01
 -1.25345602e+00  2.15420738e-01]","[ 6.05765383e-03  5.67481023e-03 -2.78607926e+02  3.68771037e+00
 -1.30381933e+00  2.65813494e-02]",010,LW
412,0,0.1945084490420232,0,"[ 5.72213949e-04  3.34707428e-01  4.71114556e+00  1.99730422e+00
 -1.30199351e+00 -1.79276356e-01]","[  0.23014039   0.03977365 -39.63529808  11.12168304  -1.30521439
   0.18637269]","[ 2.03486531e-01  1.65658068e-02 -9.54310129e+01  2.14189258e+01
 -1.32351459e+00 -3.55749662e-02]","[-1.62241214e+00  1.62177229e-01 -9.74939465e+00 -1.38175363e+01
 -1.30458801e+00  6.93861736e-03]","[-1.58017720e-01  5.80667789e-02  2.72285266e+01  6.30258967e+00
 -1.30307208e+00  2.25994694e-02]","[ 8.24356402e-02  6.94346305e-03 -2.27259055e+02  2.07342457e+01
 -1.28053771e+00 -1.58780840e-01]","[-3.10691046e-01  3.16531660e-02  4.97440322e+01  1.74550254e+01
 -1.25517912e+00  2.28784460e-01]","[ 2.51847072e-03  5.55075675e-03 -2.84814984e+02  2.71729820e+00
 -1.30277693e+00  3.96258310e-02]",010,LW
413,0,0.1945084490420232,0,[ 0.19296547  0.28709869  5.46978465  0.94452046 -1.27276042 -0.28282391],"[ 2.07529262e-01  3.37066773e-02 -4.65107658e+01  1.16523449e+01
 -1.26788312e+00  3.12427107e-01]","[ 1.93181685e-01  1.65831477e-02 -9.53329569e+01  2.04165813e+01
 -1.32068266e+00  3.45530314e-02]","[ -1.72415556   0.16065073  -9.84171672 -14.96865065  -1.30438184
   0.02121723]","[-1.21209107e-01  5.86823896e-02  2.69437462e+01  5.26582743e+00
 -1.30475351e+00  9.83592293e-03]","[ 7.78047127e-02  7.70162278e-03 -2.04929004e+02  1.79444423e+01
 -1.28477487e+00 -1.50359355e-01]","[-2.88984846e-01  3.68118910e-02  4.27826580e+01  1.43635399e+01
 -1.26403115e+00  2.21825522e-01]","[-9.31666429e-04  5.38638161e-03 -2.93483450e+02  1.72657132e+00
 -1.30098936e+00  5.07024743e-02]",010,LW
414,0,0.1945084490420232,0,[ 0.3505432   0.22623293  6.87186426 -0.4088853  -1.20257161 -0.43486155],"[ 1.89502389e-01  2.56601477e-02 -6.01314883e+01  1.33950607e+01
 -1.16330691e+00  5.09274964e-01]","[ 1.83082735e-01  1.58606672e-02 -9.96026568e+01  2.02355268e+01
 -1.31351346e+00  1.00884458e-01]","[ -1.82454883   0.15775667 -10.02171486 -16.28510809  -1.30259568
   0.03390293]","[-8.42146994e-02  5.87465919e-02  2.69144118e+01  4.26658910e+00
 -1.30551353e+00 -6.05895574e-03]","[ 7.26988980e-02  8.47382097e-03 -1.86316019e+02  1.55449692e+01
 -1.29034402e+00 -1.35682642e-01]",[-0.26400015  0.04234768 37.21856355 11.82570629 -1.27663416  0.19855638],"[-4.27391144e-03  5.19677118e-03 -3.04174511e+02  6.99985077e-01
 -1.29844776e+00  5.73493805e-02]",010,LW
415,0,0.1945084490420232,0,[ 0.46540754  0.15544018  9.68872453 -2.50920548 -1.00640465 -0.68623705],"[ 1.77290234e-01  1.61968246e-02 -8.91047030e+01  1.77973936e+01
 -8.22666925e-01  8.40669609e-01]","[ 1.73634555e-01  1.44937923e-02 -1.08822860e+02  2.08954088e+01
 -1.29994289e+00  1.71632318e-01]","[ -1.92292887   0.15388172 -10.27360782 -17.75541707  -1.30001626
   0.04166001]","[-4.74037747e-02  5.81532143e-02  2.71878606e+01  3.28880722e+00
 -1.30559859e+00 -2.39247007e-02]","[ 6.71227314e-02  9.21795065e-03 -1.71341698e+02  1.35009228e+01
 -1.29547222e+00 -1.16406759e-01]",[-0.23564453  0.04779323 33.00971899  9.77855985 -1.28899322  0.16537428],"[-7.50048037e-03  5.00321622e-03 -3.15942619e+02 -3.69721413e-01
 -1.29587708e+00  5.71419635e-02]",010,LW
416,0,0.1945084490420232,0,[ 0.53151514  0.08300971 15.01569436 -5.98106889 -0.47707912 -0.99746229],"[ 1.71880769e-01  7.92705186e-03 -7.85456650e+01  1.55004893e+01
 -1.13056325e+00  5.20249240e-01]","[ 1.65209208e-01  1.25932150e-02 -1.24884375e+02  2.26320486e+01
 -1.27543207e+00  2.53117368e-01]","[ -2.01887851   0.14961129 -10.56673742 -19.33295907  -1.29794709
   0.04333479]","[-1.12185068e-02  5.68245992e-02  2.78203811e+01  2.31210314e+00
 -1.30557717e+00 -4.44390549e-02]","[ 6.11012482e-02  9.89833007e-03 -1.59619222e+02  1.17529337e+01
 -1.29871342e+00 -9.62009551e-02]",[-0.20409167  0.05269924 29.96284806  8.11516769 -1.29843568  0.12847771],"[-1.06142632e-02  4.82610234e-03 -3.27555490e+02 -1.47676018e+00
 -1.29488532e+00  5.06675852e-02]",010,LW
417,0,0.6988087040386015,0,"[  0.54534249   0.05583508 -10.57469624   7.76683116  -1.15677814
  -0.51591973]","[ 1.73887695e-01  1.18876429e-02  1.03428493e+02 -1.59849422e+01
 -4.49049302e-01  1.01099935e+00]","[ 1.58093358e-01  1.03054140e-02 -1.51826897e+02  2.60028239e+01
 -1.23212406e+00  3.52127716e-01]","[ -2.11224989   0.1454453  -10.86957539 -20.95925943  -1.29740126
   0.04093035]","[ 2.38258813e-02  5.46573645e-02  2.89164579e+01  1.31103991e+00
 -1.30552935e+00 -7.04191655e-02]","[ 5.46731684e-02  1.05002203e-02 -1.50506219e+02  1.02286519e+01
 -1.29965715e+00 -7.89931775e-02]",[-0.16974837  0.05673475 27.84943406  6.72739605 -1.30406464  0.09268783],"[-1.36232789e-02  4.67268212e-03 -3.38327330e+02 -2.60912758e+00
 -1.29682318e+00  4.39788928e-02]",010,LW
418,0,0.6988087040386015,0,"[  0.50650031   0.11614908 -12.34157948   8.25101386  -0.78399676
  -0.8664347 ]","[ 1.83417176e-01  2.25246608e-02  6.66626658e+01 -1.02270779e+01
 -9.91751689e-01  7.01784468e-01]","[ 1.52472453e-01  7.81219428e-03 -1.98362059e+02  3.22447497e+01
 -1.15473753e+00  4.80627783e-01]","[ -2.20307429   0.14157196 -11.16712769 -22.6020119   -1.29835705
   0.03856731]",[ 0.05712784  0.05149443 30.67675181  0.2475035  -1.30425276 -0.10602637],"[ 4.78791531e-02  1.10345037e-02 -1.43238474e+02  8.85813682e+00
 -1.29892332e+00 -6.74335472e-02]",[-0.13317382  0.05974416 26.45699924  5.52337965 -1.3062522   0.06126399],"[-1.65311416e-02  4.52725291e-03 -3.49188268e+02 -3.77248069e+00
 -1.30136651e+00  4.66187688e-02]",010,LW
419,0,0.6988087040386015,0,[ 0.4181782   0.18669532 -8.24676338  5.4486167  -1.15020538 -0.52874283],"[ 1.99964561e-01  3.27899311e-02  4.74147435e+01 -7.48126837e+00
 -1.21431697e+00  4.30208565e-01]","[ 1.48424846e-01  5.30926394e-03 -2.85548942e+02  4.43825578e+01
 -1.00056758e+00  6.67972114e-01]","[ -2.29140961   0.13782557 -11.47057385 -24.2837832   -1.29995007
   0.03991424]",[ 0.0879886   0.04715327 33.46470668 -0.94451282 -1.29889582 -0.15593308],"[ 4.07508090e-02  1.15297881e-02 -1.37093402e+02  7.58666702e+00
 -1.29769513e+00 -6.18672418e-02]",[-0.09497851  0.06174785 25.60360765  4.43179263 -1.30604919  0.03603617],"[-1.93266256e-02  4.35258614e-03 -3.63132918e+02 -5.01813393e+00
 -1.30610957e+00  6.63452564e-02]",010,LW
420,0,0.6988087040386015,0,[ 0.28728735  0.24633042 -6.36281876  3.82795732 -1.27466761 -0.31386813],[ 0.22237263  0.04091611 38.43429667 -6.54673564 -1.30088622  0.24724859],"[ 1.45932803e-01  2.99387402e-03 -4.67670009e+02  7.02483952e+01
 -6.20425169e-01  9.67822507e-01]","[ -2.37719062   0.13382425 -11.81299389 -26.08173823  -1.30125209
   0.04652528]",[ 0.11562139  0.04149681 37.9405601  -2.38674029 -1.28436769 -0.22608785],"[ 3.33064717e-02  1.20146999e-02 -1.31562717e+02  6.38188992e+00
 -1.29721233e+00 -6.00200792e-02]","[-5.57369622e-02  6.28913169e-02  2.51401537e+01  3.40123580e+00
 -1.30477702e+00  1.73487772e-02]","[-2.19762414e-02  4.10305719e-03 -3.84993638e+02 -6.46071312e+00
 -1.30730972e+00  1.06483783e-01]",010,LW
421,0,0.6988087040386015,0,[ 0.12418142  0.28776493 -5.4816334   2.68071703 -1.32318079 -0.16121841],[ 0.24887693  0.04584198 34.45465165 -6.57496793 -1.33649687  0.10233509],"[ 1.44909321e-01  1.31926038e-03 -3.81106703e+02  5.72259137e+01
 -1.23415452e+00  5.05374947e-01]","[ -2.4601401    0.12915852 -12.2385153  -28.10846224  -1.30176157
   0.05822395]","[ 1.39190828e-01  3.45042719e-02  4.54070692e+01 -4.32024758e+00
 -1.25018949e+00 -3.27440798e-01]","[ 2.55573506e-02  1.24971475e-02 -1.26486576e+02  5.23266177e+00
 -1.29840474e+00 -5.76233628e-02]","[-1.59393768e-02  6.33611862e-02  2.49543163e+01  2.39775625e+00
 -1.30363897e+00  3.89123656e-03]","[-2.44229640e-02  3.74074469e-03 -4.21679982e+02 -8.29867503e+00
 -1.30056989e+00  1.68451523e-01]",010,LW
422,0,0.6988087040386015,0,[-0.05810635  0.30685413 -5.1514846   1.70066601 -1.33907185 -0.03485015],"[ 2.77251119e-01  4.69235432e-02  3.36876104e+01 -7.33992768e+00
 -1.34357852e+00 -3.02379598e-02]","[ 1.45229943e-01  1.94296739e-03  6.64804866e+02 -9.45495728e+01
 -5.40223113e-01  9.72435688e-01]","[ -2.53975718   0.1235029  -12.79672633 -30.50057758  -1.30138925
   0.0745077 ]","[ 1.57879262e-01  2.63179888e-02  5.88156316e+01 -7.28576851e+00
 -1.16712050e+00 -4.85085830e-01]","[ 1.75234546e-02  1.29487422e-02 -1.22083195e+02  4.13931932e+00
 -1.30160314e+00 -4.98608242e-02]","[ 2.40089079e-02  6.32963603e-02  2.49798068e+01  1.40026212e+00
 -1.30336371e+00 -7.11991794e-03]","[-2.65918631e-02  3.24592827e-03 -4.84400132e+02 -1.08811020e+01
 -1.27914400e+00  2.57013755e-01]",010,LW
423,0,0.6988087040386015,0,[-0.24506936  0.30211555 -5.2298007   0.71833609 -1.33377522  0.08358192],[ 0.30504129  0.04399696 35.84513559 -8.93424629 -1.32491697 -0.16769633],"[ 1.46751879e-01  3.51718345e-03  4.31150062e+02 -6.12720816e+01
 -1.04776036e+00  6.44636368e-01]","[ -2.61534419   0.11661189 -13.54892675 -33.43510679  -1.3002243
   0.09591848]","[ 1.70963554e-01  1.73125281e-02  8.58229820e+01 -1.26726020e+01
 -9.28694023e-01 -7.55423383e-01]","[ 9.25478232e-03  1.33008168e-02 -1.18864503e+02  3.10006510e+00
 -1.30632611e+00 -3.28797048e-02]","[ 6.37467115e-02  6.27253108e-02  2.52065642e+01  3.93164421e-01
 -1.30407108e+00 -1.92292746e-02]","[-2.84005376e-02  2.62027401e-03 -5.95564738e+02 -1.49143588e+01
 -1.22631148e+00  3.87121706e-01]",010,LW
424,0,0.3645670905026309,0,[-0.42221804  0.27482781 -5.73157915 -0.41997611 -1.30724972  0.20744695],"[ 3.29849956e-01  3.74158360e-02  4.18503651e+01 -1.18043411e+01
 -1.26892369e+00 -3.29659945e-01]","[ 1.49308574e-01  4.97489864e-03  3.13317279e+02 -4.47809560e+01
 -1.22762698e+00  3.99842169e-01]","[ -2.68601586   0.10823521 -14.5897849  -37.18839359  -1.2980982
   0.1252529 ]","[ 1.77879543e-01  8.68539953e-03  1.26040806e+02 -2.04200810e+01
 -4.71846571e-01 -9.43194676e-01]","[ 8.51244902e-04  1.34538226e-02 -1.17521888e+02  2.10003991e+00
 -1.31128692e+00 -4.42623909e-03]",[ 0.10289259  0.06154919 25.68629193 -0.64292919 -1.30534314 -0.03589202],"[-2.97704726e-02  1.88702130e-03 -8.09580167e+02 -2.21015842e+01
 -1.08698073e+00  5.97108642e-01]",010,LW
425,0,0.3645670905026309,0,[-0.57660573  0.22882263 -6.83478524 -1.94097635 -1.24887799  0.35298684],"[ 3.49614330e-01  2.80220292e-02  5.48081418e+01 -1.71617118e+01
 -1.13097616e+00 -5.51409130e-01]","[ 1.52685157e-01  6.10210072e-03  2.57908741e+02 -3.73788367e+01
 -1.30727500e+00  2.28906345e-01]","[ -2.75066725   0.09802555 -16.09230443 -42.26457479  -1.29346643
   0.16866122]","[ 1.78256515e-01  7.91933506e-03 -1.17412829e+02  2.29296016e+01
 -5.99752791e-01 -8.39458406e-01]","[-7.52493893e-03  1.32966939e-02 -1.18896704e+02  1.10530956e+00
 -1.31457541e+00  3.66710450e-02]",[ 0.14098073  0.05957006 26.53465249 -1.74087457 -1.30630163 -0.0599927 ],"[-3.06356931e-02  1.10366769e-03 -1.25520052e+03 -3.64539378e+01
 -6.60664017e-01  9.37210698e-01]",010,LW
426,0,0.3645670905026309,0,[-0.6981116   0.16994463 -9.04578072 -4.31496444 -1.12242959  0.54975758],"[ 3.62825276e-01  1.71621147e-02  8.30644640e+01 -2.81378871e+01
 -7.48719246e-01 -8.89384292e-01]","[ 1.56594870e-01  6.72647287e-03  2.34890913e+02 -3.47827120e+01
 -1.34640053e+00  7.66857942e-02]","[ -2.80792609   0.08552622 -18.40078553 -49.66804584  -1.28089182
   0.23685472]","[ 1.71919036e-01  1.66889607e-02 -8.75687893e+01  1.70547418e+01
 -8.31891054e-01 -8.29165897e-01]","[-1.56487782e-02  1.27302193e-02 -1.24114182e+02  5.77646973e-02
 -1.31363381e+00  9.17080087e-02]",[ 0.17741874  0.05654762 27.9409237  -2.9572434  -1.30558509 -0.09395283],"[-3.09470458e-02  5.60568655e-04 -2.46490890e+02 -5.62816488e+00
 -1.69143273e+00  2.65948471e-01]",010,LW
427,0,0.2186890861561558,0,"[ -0.78025101   0.10569395 -13.73606402  -8.71757783  -0.80084574
   0.85299755]","[ 3.68649295e-01  8.06370312e-03  7.32274329e+01 -2.49952415e+01
 -1.12485417e+00 -5.41146008e-01]","[ 1.60678654e-01  6.71302341e-03  2.35341970e+02 -3.58144309e+01
 -1.35021157e+00 -7.95789664e-02]","[ -2.85614285   0.07030237 -22.25555525 -61.56504491  -1.24474024
   0.34839451]","[ 1.58865322e-01  2.67715154e-02 -5.74482891e+01  1.11265409e+01
 -1.10992431e+00 -5.51702988e-01]","[-2.32454046e-02  1.16887901e-02 -1.34964779e+02 -1.13731089e+00
 -1.30459797e+00  1.63621102e-01]",[ 0.21147887  0.05226296 30.20440044 -4.38759234 -1.30114601 -0.14047124],"[-3.06723962e-02  1.06822942e-03  1.25129810e+03  4.03803111e+01
 -5.37395909e-01  1.00101005e+00]",010,LW
428,0,0.1768366148495571,0,"[ -0.82039989   0.04925059 -18.35982598 -13.06239923  -0.58692516
   0.85419179]","[ 3.66941266e-01  1.14124042e-02 -1.10029655e+02  4.23744208e+01
 -5.23457234e-01 -9.66622441e-01]","[ 1.64541720e-01  6.03283864e-03  2.60570633e+02 -4.08747401e+01
 -1.30880921e+00 -2.52124897e-01]","[-2.89346956e+00  5.22327353e-02 -2.94463017e+01 -8.32019779e+01
 -1.13584700e+00  5.40575567e-01]","[ 1.39235320e-01  3.68093883e-02 -4.23860372e+01  7.90163346e+00
 -1.20711741e+00 -3.95657925e-01]","[-3.00142950e-02  1.01565687e-02 -1.54789615e+02 -2.64590118e+00
 -1.28018762e+00  2.59300917e-01]",[ 0.24232324  0.04657369 33.83212406 -6.19830994 -1.28943733 -0.20397686],"[-2.97941100e-02  1.95601054e-03  7.72702175e+02  2.50219736e+01
 -9.96626836e-01  6.80248376e-01]",010,LW
429,0,0.1768366148495571,0,[-0.81946475  0.05114388 21.82794998 19.88723552 -0.53333105  0.89747959],"[ 3.58163431e-01  2.07410098e-02 -7.30283762e+01  2.81560938e+01
 -1.05934997e+00 -6.42584045e-01]","[ 1.67825996e-01  4.81031694e-03  3.22630943e+02 -5.21458593e+01
 -1.19986387e+00 -4.52098340e-01]","[-2.91805534e+00  3.21230128e-02 -4.44215823e+01 -1.27624635e+02
 -7.72210683e-01  8.73068606e-01]","[  0.11328424   0.04646815 -33.77396273   5.82605786  -1.25001599
  -0.29961652]","[-3.56602668e-02  8.17661015e-03 -1.90748645e+02 -4.80214756e+00
 -1.22274090e+00  3.94670849e-01]","[ 2.69058236e-01  3.94552521e-02  3.97840853e+01 -8.70423583e+00
 -1.26279917e+00 -2.93268752e-01]","[-2.83061376e-02  2.89514118e-03  5.35352226e+02  1.71537538e+01
 -1.15615587e+00  4.78416393e-01]",010,LW
430,0,0.1711604413425122,0,[-0.78115972  0.09689467 15.49782071 14.10627322 -1.02002315  0.6854267 ],"[ 3.43244411e-01  2.91825486e-02 -5.34744961e+01  2.03548219e+01
 -1.24135918e+00 -3.81967644e-01]","[ 1.70300076e-01  3.31870453e-03  4.55331469e+02 -7.55429840e+01
 -9.84573396e-01 -6.88808033e-01]","[-2.92834326e+00  1.56985928e-02 -3.11024373e+01 -8.90786125e+01
 -1.33267836e+00  4.23602703e-01]","[  0.08137626   0.05553009 -28.34734168   4.30680069  -1.27323031
  -0.23287279]","[-3.99257071e-02  5.85688186e-03 -2.60526797e+02 -8.40171661e+00
 -1.07689989e+00  6.07136400e-01]","[ 2.90807788e-01  3.10318778e-02  5.01393821e+01 -1.25809228e+01
 -1.20096418e+00 -4.27482312e-01]","[-2.62135839e-02  3.83436764e-03  4.07926054e+02  1.26932038e+01
 -1.22293004e+00  3.59011959e-01]",010,LW
431,0,0.3165355450141395,0,[-0.53382216  0.51395378  2.50051402  3.33482981  0.11172771  1.40001104],"[ 2.89697577e-01  1.04969424e-01 -1.27489398e+01  5.69333698e+00
  5.35212726e-03 -1.31928775e+00]","[ 1.81692082e-01  2.27071443e-02  5.26790284e+01 -7.57136236e+00
  2.21766756e-01  1.47795263e+00]",[-2.84523595  0.19833374  5.78376562 18.4561779   0.23763166  1.49091965],[-0.02247463  0.20081928 -6.61395741  1.85135376  0.03207592 -1.33740436],"[-3.49657322e-02  1.63056327e-02  5.41876171e+01  3.89470971e+00
  5.14680963e-02  1.36113718e+00]","[  0.27626384   0.06028051 -11.98046426   5.30976909  -0.21768317
  -1.16621394]","[-1.76967140e-02  1.69725496e-02  7.65304418e+01  3.35433734e+00
  9.12685590e-02  1.38302059e+00]",010,LW
432,0,0.3165355450141395,0,[-0.26610637  0.63666846  2.28006332  2.60673937 -1.79408529  0.38876877],"[  0.23462022   0.12602252 -11.62491169   4.72743932  -1.79066531
  -0.36485171]","[ 1.96019528e-01  3.28821801e-02  4.33773431e+01 -6.50280630e+00
 -1.58336944e+00  5.22484387e-01]",[-2.75289725  0.24846011  5.64992435 17.55366121 -1.82569243  0.40594222],[-0.12705057  0.24069794 -6.05697039  1.23045846 -1.79775068 -0.37119381],"[-2.75676904e-02  2.23620780e-02  6.04620803e+01  3.66679991e+00
 -1.76289657e+00  4.26223325e-01]","[  0.24895109   0.08665904 -15.24552403   5.79538988  -1.67508092
  -0.4377243 ]","[-8.92288764e-03  2.06595083e-02  7.01775387e+01  2.62618629e+00
 -1.80155959e+00  3.83131476e-01]",010,LW
433,0,0.3165355450141395,0,[ 0.01277538  0.64228545  2.27157935  1.97097972 -1.79108051 -0.37812756],"[  0.1798111    0.12382161 -11.71465979   4.10642585  -1.78642213
   0.3974464 ]",[ 0.21402091  0.03990214 38.37063799 -6.212119   -1.62324068 -0.05492979],[-2.65836682  0.24729816  5.65332113 17.02860132 -1.82558306 -0.40795863],[-0.22974182  0.23604611 -6.10425657  0.59759696 -1.79587903  0.40177564],"[-1.81823214e-02  2.47356064e-02  5.91488618e+01  3.07546362e+00
 -1.78699719e+00 -3.24400089e-01]","[  0.20988038   0.10235477 -14.55224454   5.05423062  -1.72330715
   0.22607935]","[-1.40298233e-04  2.04851693e-02  7.04039706e+01  2.00987755e+00
 -1.80052905e+00 -3.96044593e-01]",010,LW
434,0,0.3165355450141395,0,[ 0.29444933  0.53080168  2.50202937  1.26327913  0.03435075 -1.33750143],"[  0.12694428   0.09930146 -12.96686247   3.64606904   0.1125289
   1.39841124]",[ 0.23637943  0.04226685 36.6295592  -6.65847439 -0.87813549 -0.4677839 ],[-2.56903883  0.19555732  5.68685723 16.60975707  0.23625692 -1.48969138],[-0.32806653  0.18852696 -6.6827202  -0.19237684  0.15491961  1.43039144],"[-7.35356010e-03  2.21116467e-02  6.24111640e+01  2.45894425e+00
 -1.09828725e-01 -1.23175594e+00]","[  0.16049673   0.0994686  -14.81290463   4.37742274  -0.46278143
   0.92975554]","[ 8.40417881e-03  1.65153819e-02  7.68051094e+01  1.35451613e+00
  1.42204530e-01 -1.42110317e+00]",010,LW
435,0,0.3165355450141395,0,[ 0.57137029  0.15010241 10.5149133  -4.00790907 -1.30049361 -0.14722241],"[ 7.75542087e-02  2.07220905e-02 -7.54181493e+01  7.84899489e+00
 -1.24248397e+00  3.64080173e-01]","[ 2.63630380e-01  3.46596976e-02  4.55351465e+01 -1.00044480e+01
 -1.29540128e+00  1.50217474e-01]","[-2.49200118e+00  2.52086688e-02 -4.18623653e+01 -1.02321064e+02
 -4.97108726e-01 -9.17393506e-01]","[-4.19759593e-01  3.17440919e-02 -4.88276381e+01 -1.84958695e+01
 -1.14712870e+00  4.81113018e-01]","[ 4.31115476e-03  7.72271151e-03  2.03107412e+02  1.12437252e+00
 -1.26241197e+00 -3.05863286e-01]","[  0.10263987   0.05540972 -28.52802473   4.92811281  -1.31597914
   0.0532249 ]","[ 1.64746412e-02  2.96350933e-03  5.23180797e+02 -6.61921594e+00
 -1.15447339e+00 -4.76098357e-01]",010,LW
436,0,0.3160795780537634,0,[ 0.65946865  0.1327234  11.86525612 -5.82476438 -1.28885798 -0.21893062],"[ 6.67380409e-02  1.50809349e-02 -1.01340900e+02  8.76329311e+00
 -1.10418321e+00  5.87123183e-01]","[ 2.86304685e-01  3.77233499e-02  4.18756330e+01 -9.98918990e+00
 -1.30542569e+00  1.05555317e-01]","[-2.51150448e+00  4.98266831e-02 -2.97898459e+01 -7.28173313e+01
 -9.50102993e-01 -7.45957058e-01]","[-4.36368984e-01  2.17172491e-02 -7.01088990e+01 -2.85933490e+01
 -1.02053308e+00  6.41339431e-01]","[ 8.51951136e-03  5.98411181e-03  2.59205098e+02 -2.08300775e-01
 -1.18349504e+00 -4.62174238e-01]","[  0.06901209   0.05242624 -30.12692211   4.07912173  -1.31031571
   0.1129332 ]","[ 1.80175232e-02  2.02564431e-03  7.50239479e+02 -1.15174572e+01
 -1.01564711e+00 -6.51602122e-01]",010,LW
437,0,0.2655928129595028,0,[ 0.73464335  0.11044417 14.18104097 -8.41800747 -1.25383944 -0.33126328],"[ 5.99817524e-02  8.78435289e-03 -1.54574191e+02  1.12716308e+01
 -6.38852324e-01  9.39736653e-01]","[  0.31055137   0.03979892  39.71656528 -10.33403368  -1.31373521
   0.05771154]","[ -2.54784951   0.0736584  -21.09353909 -51.74316333  -1.22426621
  -0.43207968]","[-4.46835073e-01  1.26726671e-02 -1.13368297e+02 -4.86569314e+01
 -7.11393410e-01  9.09952083e-01]","[ 1.15249338e-02  4.01729006e-03  3.72364483e+02 -2.29147602e+00
 -9.66070399e-01 -7.22941021e-01]","[  0.03790779   0.0474926  -33.19806311   3.25846524  -1.29761618
   0.18414746]","[ 1.89783416e-02  1.16253233e-03  1.21823699e+03 -2.11201178e+01
 -6.62659793e-01 -9.42569713e-01]",010,LW
438,0,0.3894933909943651,0,"[  0.79367148   0.08320518  18.53195802 -12.70828663  -1.15299743
  -0.51785624]","[ 5.78878978e-02  4.96261015e-03  2.50903456e+01  5.47572638e-01
 -1.68183576e+00  2.71396010e-01]","[ 3.35639894e-01  4.05813908e-02  3.89608649e+01 -1.10768206e+01
 -1.31922034e+00  3.36785058e-03]","[ -2.59754343   0.09120289 -17.25739935 -42.82684432  -1.31751445
  -0.22311344]","[-4.51685804e-01  5.61011332e-03 -1.55588537e+02 -6.82771333e+01
 -5.93302800e-01  8.58674234e-01]","[ 1.31771800e-02  2.07203062e-03  5.64795124e+02 -5.44240700e+00
 -4.56354865e-01 -9.77632246e-01]","[ 1.05249243e-02  4.07488557e-02 -3.85517053e+01  2.40575378e+00
 -1.27105128e+00  2.76609274e-01]","[ 1.93979451e-02  5.09425435e-04  1.33031335e+03 -2.38053452e+01
 -9.16804794e-01 -6.71651327e-01]",010,LW
439,0,0.3894933909943651,0,"[  0.8333153    0.05225187  27.62273548 -21.01844802  -0.81925666
  -0.84244897]","[ 6.08746610e-02  1.02203623e-02  1.33851769e+02 -6.14818107e+00
 -5.96405865e-01  9.75366015e-01]","[  0.36066472   0.03978929  39.72409942 -12.3270813   -1.31998245
  -0.06054277]","[ -2.65566059   0.10007389 -15.79112699 -39.93587354  -1.3470958
  -0.06154408]","[-4.51518334e-01  5.94987950e-03  1.92922086e+02  8.91078590e+01
 -5.10429999e-01  9.24200925e-01]","[ 1.33791247e-02  1.66543214e-03 -4.82282573e+02  8.45251870e+00
 -7.83414410e-01 -7.25230603e-01]","[-1.20510391e-02  3.24433502e-02 -4.80257637e+01  1.42123964e+00
 -1.21234139e+00  4.09092436e-01]","[ 1.93310997e-02  6.42165944e-04 -1.93553839e+03  3.94160857e+01
 -5.37626033e-01 -9.45853877e-01]",010,LW
440,0,0.3894933909943651,0,"[  0.85069683   0.02558146  23.99566477 -18.41303583  -1.15256034
  -0.50817306]","[ 6.90968163e-02  1.80261667e-02  8.42908320e+01 -3.82422814e+00
 -1.04373823e+00  6.39790716e-01]","[ 3.84577420e-01  3.72304093e-02  4.23992837e+01 -1.43058071e+01
 -1.31263004e+00 -1.38430727e-01]","[ -2.71638754   0.09930154 -15.90914741 -41.21540977  -1.34367435
   0.08617381]","[-4.46920272e-01  1.13981695e-02  1.31679608e+02  6.08502864e+01
 -9.91887278e-01  7.01188155e-01]","[ 1.20898118e-02  3.54483649e-03 -4.08657832e+02  6.94059628e+00
 -7.99436772e-01 -8.54067246e-01]","[-2.89072317e-02  2.29841730e-02 -6.62507189e+01  8.48751189e-02
 -1.06222090e+00  6.22527905e-01]","[ 1.88372680e-02  1.17629110e-03 -1.28758968e+03  2.62546718e+01
 -1.04769529e+00 -6.47814757e-01]",010,LW
441,0,0.3894933909943651,0,"[  0.8436507    0.03950387 -31.14140744  28.27247012  -0.4251203
  -1.02905147]","[ 8.24035996e-02  2.57033369e-02  6.05518305e+01 -2.98968879e+00
 -1.20400254e+00  4.23533121e-01]","[ 4.06252926e-01  3.28532554e-02  4.78937241e+01 -1.74569656e+01
 -1.29023947e+00 -2.38552527e-01]","[ -2.77365026   0.08906788 -17.65324242 -46.96392038  -1.30774089
   0.24792113]","[-4.38428957e-01  1.68310883e-02  9.22688054e+01  4.24533161e+01
 -1.18704016e+00  4.50127636e-01]","[ 9.32932936e-03  5.73174359e-03 -2.68155501e+02  4.50171098e+00
 -1.11593754e+00 -5.53258581e-01]","[-3.93686560e-02  1.31691147e-02 -1.04013761e+02 -2.09488197e+00
 -6.17569135e-01  9.61074580e-01]","[ 1.79718318e-02  1.68833095e-03 -9.22314418e+02  1.85756796e+01
 -1.20372858e+00 -4.18077803e-01]",010,LW
442,0,0.3894933909943651,0,"[  0.81107303   0.07647072 -19.56263513  17.86672569  -0.95051313
  -0.73142891]","[ 1.00329690e-01  3.24912021e-02  4.83311967e+01 -2.84905396e+00
 -1.27048746e+00  2.83843090e-01]","[ 4.24572812e-01  2.67745710e-02  5.83097332e+01 -2.27567274e+01
 -1.23502575e+00 -3.79154560e-01]","[ -2.82170214   0.07053814 -21.96126485 -59.9681481   -1.20422746
   0.46435197]","[-4.26532700e-01  2.17231697e-02  7.21890370e+01  3.27909849e+01
 -1.25232924e+00  3.12455428e-01]","[ 5.18542725e-03  7.79860304e-03 -2.00334014e+02  3.03881746e+00
 -1.23048448e+00 -3.72120580e-01]","[-4.30618972e-02  6.63095097e-03 -1.16573637e+01  1.49801180e+00
 -1.70724951e+00  2.57396351e-01]","[ 1.67799029e-02  2.15458218e-03 -7.28238151e+02  1.42197655e+01
 -1.24833563e+00 -3.04020535e-01]",010,LW
443,0,0.3894933909943651,0,"[  0.75327103   0.11477482 -13.49437537  12.16492208  -1.1695419
  -0.47976909]","[ 1.22107441e-01  3.78780489e-02  4.16277709e+01 -3.08306059e+00
 -1.30292822e+00  1.80571874e-01]","[ 4.38509468e-01  1.93041470e-02  7.90318505e+01 -3.26562147e+01
 -1.08601036e+00 -6.03417054e-01]","[-2.85560538e+00  4.60516538e-02 -3.16716661e+01 -8.84417800e+01
 -8.78744999e-01  8.02995451e-01]","[-4.11706476e-01  2.59565132e-02  6.06653882e+01  2.69763332e+01
 -1.28363363e+00  2.22374641e-01]","[-1.80125329e-04  9.57623572e-03 -1.64246827e+02  1.97041499e+00
 -1.28284132e+00 -2.48907314e-01]","[-3.99660337e-02  1.22493097e-02  1.10761910e+02  6.42671424e+00
 -6.18079052e-01  9.54694715e-01]","[ 1.52946123e-02  2.58851401e-03 -6.07948248e+02  1.12983328e+01
 -1.26726352e+00 -2.40796865e-01]",010,LW
444,0,0.3894933909943651,0,"[  0.67229734   0.14922043 -10.50516316   9.06259321  -1.26154593
  -0.3159295 ]",[ 0.14668639  0.04143386 38.1311895  -3.59332662 -1.32066965  0.09262666],"[ 4.47201852e-01  1.11494826e-02  1.22003382e+02 -5.25601385e+01
 -6.24568523e-01 -9.51365045e-01]","[-2.87160790e+00  2.27909775e-02 -3.29868100e+01 -9.27251841e+01
 -9.24106995e-01  6.27129468e-01]","[-3.94463747e-01  2.93763469e-02  5.37214082e+01  2.31911480e+01
 -1.30254795e+00  1.51147272e-01]","[-6.52795154e-03  1.09250907e-02 -1.44442498e+02  1.05708637e+00
 -1.31053746e+00 -1.51330508e-01]","[-3.04404705e-02  2.12071095e-02  7.19312646e+01  4.18962153e+00
 -1.08947453e+00  6.02441608e-01]","[ 1.35401100e-02  2.99755781e-03 -5.25818677e+02  9.11964271e+00
 -1.28017830e+00 -1.97016723e-01]",010,LW
445,0,0.3917633868564708,0,[ 0.57224313  0.17592823 -8.95979181  7.12717927 -1.30953468 -0.18815907],"[ 1.72749165e-01  4.27547894e-02  3.69785411e+01 -4.38801209e+00
 -1.32995312e+00  5.38474342e-03]","[ 4.50012995e-01  6.05385092e-03 -1.16099804e+01  7.22464207e+00
 -1.70884861e+00 -2.58627321e-01]","[-2.86743140e+00  3.11416080e-02  3.79283620e+01  1.10756976e+02
 -4.35745824e-01  9.99395811e-01]","[-3.75400442e-01  3.17830957e-02  4.97152865e+01  2.06631406e+01
 -1.31403442e+00  8.72429052e-02]","[-1.35424049e-02  1.17209214e-02 -1.34844754e+02  1.73877742e-01
 -1.32513354e+00 -6.34906703e-02]","[-1.52245185e-02  2.92669942e-02  5.33747725e+01  2.81260521e+00
 -1.24492947e+00  3.68919757e-01]","[ 1.15374342e-02  3.37661493e-03 -4.67297276e+02  7.39141157e+00
 -1.29043067e+00 -1.59549548e-01]",010,LW
446,0,0.4988322965176074,0,[ 0.45943951  0.19109038 -8.26985163  5.79949654 -1.33618454 -0.06903252],[ 0.19872117  0.0414467  38.11515447 -5.57428799 -1.329754   -0.09556967],"[ 4.46559306e-01  1.21942558e-02 -1.11952950e+02  5.19936317e+01
 -5.94342354e-01 -9.74993270e-01]","[-2.84243983e+00  6.03152897e-02  2.47842879e+01  7.24478469e+01
 -9.66234164e-01  7.24790239e-01]","[-3.55207703e-01  3.30019978e-02  4.79060219e+01  1.90165880e+01
 -1.31907127e+00  2.66322769e-02]","[-2.08397266e-02  1.18628743e-02 -1.33266906e+02 -7.77245887e-01
 -1.32988169e+00  2.50358551e-02]","[ 4.59268046e-03  3.54908495e-02  4.43692810e+01  1.79622607e+00
 -1.30320723e+00  2.16472724e-01]","[ 9.30982241e-03  3.71405948e-03 -4.25174651e+02  5.95830049e+00
 -1.29740419e+00 -1.25507208e-01]",010,LW
447,0,0.5340213313684858,0,[ 0.34247446  0.19116063 -8.26691594  4.83120757 -1.34474006  0.06172501],"[ 2.22786578e-01  3.71653906e-02  4.23398849e+01 -7.43275808e+00
 -1.30891028e+00 -2.30930739e-01]","[ 4.36710302e-01  2.16281350e-02 -7.02169016e+01  3.26644443e+01
 -1.03503025e+00 -6.45524993e-01]",[-2.79762812  0.08940473 17.35959862 50.5657012  -1.19567377  0.45260444],"[-3.34641338e-01  3.29568572e-02  4.79707003e+01  1.80529793e+01
 -1.31794232e+00 -3.14565943e-02]","[-2.79839926e-02  1.12846372e-02 -1.39918204e+02 -1.91547000e+00
 -1.32310958e+00  1.24668496e-01]","[ 2.76297558e-02  3.93785621e-02  4.01148918e+01  8.91635335e-01
 -1.32712552e+00  9.97139448e-02]","[ 6.88427845e-03  4.00182509e-03 -3.94806206e+02  4.71795585e+00
 -1.30057317e+00 -9.66931997e-02]",010,LW
448,0,0.5340213313684858,0,[ 0.23191197  0.17344073 -9.07114789  4.10370773 -1.32195245  0.22969765],"[ 2.42936817e-01  2.97410368e-02  5.21823553e+01 -1.06770153e+01
 -1.22418530e+00 -4.41073582e-01]","[ 4.20567164e-01  3.11767513e-02 -4.98593300e+01  2.29691970e+01
 -1.18551298e+00 -4.41955541e-01]",[-2.73539369  0.11414543 13.75516888 39.62580216 -1.27600705  0.2850231 ],"[-3.14454814e-01  3.17129226e-02  4.98265646e+01  1.76682031e+01
 -1.31115937e+00 -8.62896850e-02]","[-3.45102838e-02  9.96587139e-03 -1.57780799e+02 -3.44506014e+00
 -1.29559568e+00  2.50922577e-01]","[ 5.22917509e-02  4.06311253e-02  3.89104571e+01 -3.46959264e-02
 -1.33392895e+00 -4.11035079e-03]","[ 4.28878966e-03  4.24228282e-03 -3.72537880e+02  3.59773661e+00
 -1.30062037e+00 -7.57254783e-02]",010,LW
449,0,0.5340213313684858,0,"[  0.13962989   0.1370691  -11.26701493   3.57321206  -1.20813737
   0.48331208]","[ 2.57074338e-01  1.95361612e-02  7.43380004e+01 -1.71103922e+01
 -8.90995287e-01 -7.95452072e-01]","[  0.39843006   0.04023108 -38.9647912   17.52474402  -1.24546325
  -0.32024023]",[-2.65909443  0.13298345 11.85925664 33.53488323 -1.30483167  0.17389294],"[-2.95315354e-01  2.94807048e-02  5.35518681e+01  1.78146889e+01
 -1.29970232e+00 -1.36040417e-01]","[-3.99536426e-02  7.94703114e-03 -1.95530468e+02 -5.81215444e+00
 -1.21579884e+00  4.34249089e-01]","[ 7.68617637e-02  3.91245606e-02  4.03673879e+01 -1.10270863e+00
 -1.32689964e+00 -1.10301664e-01]","[ 1.54739324e-03  4.44843124e-03 -3.55322527e+02  2.54982368e+00
 -1.29909073e+00 -6.36728741e-02]",010,LW
450,0,0.5340213313684858,0,"[  0.07778144   0.0856268  -16.23996507   3.26316786  -0.75915513
   0.87065472]","[ 2.63172967e-01  1.01348990e-02  5.35693586e+01 -1.20980070e+01
 -1.31343024e+00 -4.07605067e-01]","[  0.37076261   0.04849686 -32.4497415   14.03115098  -1.27437951
  -0.2389639 ]",[-2.57243829  0.14577705 10.83734152 29.87839232 -1.31187822  0.09862725],"[-2.77724788e-01  2.65874485e-02  5.93182027e+01  1.84741353e+01
 -1.28525724e+00 -1.77371322e-01]","[-4.38818233e-02  5.36665644e-03 -2.76934312e+02 -1.01523826e+01
 -9.60853710e-01  7.37045729e-01]","[ 9.95988558e-02  3.49128395e-02  4.50686277e+01 -2.48878375e+00
 -1.30014069e+00 -2.35449425e-01]","[-1.32379005e-03  4.63822860e-03 -3.40798190e+02  1.54885475e+00
 -1.29752953e+00 -5.91194414e-02]",010,LW
451,0,0.5340213313684858,0,[ 0.05749098  0.04975507  0.24275912  1.98604354 -1.71448775  0.2481781 ],"[ 2.59475823e-01  1.73881368e-02 -7.10956502e+01  2.04476023e+01
 -3.89949121e-01 -1.05901860e+00]","[  0.33816289   0.05575736 -28.28333741  11.56437502  -1.29048009
  -0.17885669]",[-2.47881418  0.1535454  10.29520644 27.51990374 -1.3088398   0.05174045],"[-2.61963285e-01  2.34281161e-02  6.72626103e+01  1.96203343e+01
 -1.27070765e+00 -2.04644568e-01]","[-4.59287032e-02  2.73154328e-03 -3.70343357e+02 -1.50093901e+01
 -5.80272140e-01  8.46277103e-01]","[ 1.18836653e-01  2.82409730e-02  5.51477643e+01 -4.55357574e+00
 -1.22885400e+00 -4.07764123e-01]","[-4.31735901e-03  4.82672684e-03 -3.27490462e+02  5.86106102e-01
 -1.29689889e+00 -5.86612587e-02]",010,LW
452,1,0.8938552159303169,1,[ 0.08746002  0.10384824 12.90983098  0.87090588 -0.52509606  1.01357508],"[ 2.44705771e-01  3.43103752e-02 -4.34177057e+01  1.26245631e+01
 -9.12548133e-01 -7.60054216e-01]","[  0.30134714   0.061817   -25.54223037   9.69707813  -1.30029155
  -0.13035026]",[-2.3807298   0.15815109  9.99688733 25.79988753 -1.30193699  0.03073605],"[-2.48065391e-01  2.04104862e-02  7.71975477e+01  2.11500398e+01
 -1.26015354e+00 -2.09347522e-01]","[-4.58245875e-02  2.94317076e-03  3.46792760e+02  1.78916352e+01
 -4.77717831e-01  9.30960344e-01]","[ 1.33079045e-01  1.96147002e-02  7.66517601e+01 -8.20074300e+00
 -1.01595263e+00 -6.85326423e-01]","[-7.43195851e-03  5.02031175e-03 -3.14862936e+02 -3.40048274e-01
 -1.29744068e+00 -5.84356943e-02]",010,LW
453,1,0.7923819175383147,1,[ 0.17269217  0.18907685  7.99109216  0.62000095 -1.00560473  0.67771382],"[  0.21826109   0.05270986 -29.29262186   8.39343947  -1.13915972
  -0.51470927]","[  0.26114505   0.06648877 -23.76530095   8.20619061  -1.30654177
  -0.08821346]",[-2.27951344  0.16179347  9.7717597  24.27485761 -1.29534798  0.0322288 ],"[-2.35826693e-01  1.79088780e-02  8.80600002e+01  2.27668987e+01
 -1.25714213e+00 -1.80716279e-01]","[-4.34203190e-02  6.11888041e-03  2.40082917e+02  1.24244768e+01
 -8.58998456e-01  8.09526149e-01]","[ 1.41092414e-01  1.03948343e-02  1.13156354e+02 -1.39655032e+01
 -4.89922262e-01 -9.53508848e-01]","[-1.06676859e-02  5.21566389e-03 -3.03076971e+02 -1.23312992e+00
 -1.29878599e+00 -5.57740862e-02]",010,LW
454,1,0.560944273811016,1,[ 0.31356618  0.27490597  5.65048073  0.22820032 -1.19236792  0.44644225],"[  0.18036392   0.07036445 -22.22752591   6.00904372  -1.23664376
  -0.3561742 ]","[  0.21850169   0.06959003 -22.71608204   6.96350238  -1.31063249
  -0.04891051]",[-2.17537378  0.16631863  9.50496563 22.67685305 -1.29185603  0.04742122],"[-2.24834076e-01  1.62353273e-02  9.72897032e+01  2.38740405e+01
 -1.26063463e+00 -1.10380946e-01]","[-3.87030522e-02  9.61963601e-03  1.60246222e+02  8.20201789e+00
 -1.13601464e+00  5.26959642e-01]","[ 1.41992949e-01  8.58657852e-03 -9.26402719e+01  1.51542654e+01
 -7.80489078e-01 -7.29462672e-01]","[-1.40219017e-02  5.40325715e-03 -2.92568546e+02 -2.10236740e+00
 -1.30024269e+00 -5.00417770e-02]",010,LW
455,1,0.560944273811016,1,[ 0.50544196  0.3503653   4.4802447  -0.26450365 -1.27334378  0.29001703],"[  0.13213271   0.08563166 -18.37524017   4.42797027  -1.28623165
  -0.23917589]","[ 1.74483224e-01  7.09323415e-02 -2.22903049e+01  5.88928427e+00
 -1.31324313e+00 -9.22325997e-03]",[-2.0678294   0.17250689  9.16284005 20.94719007 -1.29313252  0.06219084],"[-2.14511968e-01  1.56244957e-02  1.01183894e+02  2.37051562e+01
 -1.26250274e+00 -3.84266235e-03]","[-3.18022738e-02  1.28884118e-02  1.21362099e+02  5.85959071e+00
 -1.24032637e+00  3.53833894e-01]","[ 1.35321736e-01  1.83405675e-02 -7.88266041e+01  1.26669529e+01
 -7.93297660e-01 -8.59050094e-01]","[-1.74872492e-02  5.57312187e-03 -2.83667189e+02 -2.96055883e+00
 -1.30117420e+00 -4.23839048e-02]",010,LW
456,1,0.5216681965026179,1,[ 0.73886827  0.4073985   3.87139228 -0.86044891 -1.31212411  0.16954183],"[  0.07556386   0.09707745 -16.25904387   3.22859615  -1.31291582
  -0.14238488]","[  0.13028088   0.07031595 -22.48362652   4.9291867   -1.31419374
   0.03423026]",[-1.95641649  0.1796441   8.79874424 19.21400833 -1.29960023  0.06271102],"[-2.04174907e-01  1.62214599e-02  9.73681982e+01  2.18801428e+01
 -1.25509314e+00  1.11772815e-01]","[-2.29852402e-02  1.56560909e-02  1.00523677e+02  4.31056087e+00
 -1.28774263e+00  2.34351586e-01]","[ 1.21095398e-01  2.96276834e-02 -5.18846350e+01  8.28299050e+00
 -1.12252344e+00 -5.49746571e-01]","[-2.10526091e-02  5.72021055e-03 -2.76385805e+02 -3.81864231e+00
 -1.30122850e+00 -3.48941994e-02]",010,LW
457,1,0.512412281422604,1,[ 1.00034488  0.44008949  3.59113755 -1.59237607 -1.32921917  0.06601401],"[ 1.34214933e-02  1.03562679e-01 -1.52626321e+01  2.20484731e+00
 -1.32575292e+00 -5.48334479e-02]","[  0.08720544   0.06754838 -23.39310875   4.04000641  -1.31223505
   0.08508305]",[-1.84148555  0.18560061  8.5178052  17.6854152  -1.30966986  0.04086726],"[-1.93077152e-01  1.80766113e-02  8.71815037e+01  1.88327564e+01
 -1.24216663e+00  2.03812562e-01]","[-1.26408708e-02  1.77256556e-02  8.90485955e+01  3.12565179e+00
 -1.31105574e+00  1.41414716e-01]","[  0.09981798   0.0400688  -39.01866837   5.89476475  -1.24054941
  -0.35992961]","[-2.47063991e-02  5.84730074e-03 -2.70385894e+02 -4.68026181e+00
 -1.30042308e+00 -2.97234412e-02]",010,LW
458,1,0.5088741059900055,1,[ 1.27350013  0.44494073  3.55295315 -2.52468631 -1.33192792 -0.03224481],"[ -0.0509538    0.10435135 -15.14975754   1.22806225  -1.32809936
   0.03104948]","[  0.04666496   0.06248976 -25.25618512   3.17857896  -1.30482493
   0.14780356]","[-1.72486563e+00  1.87359543e-01  8.43874865e+00  1.65557075e+01
 -1.31964848e+00 -5.99288718e-03]","[-1.80458419e-01  2.11579996e-02  7.43378378e+01  1.54148887e+01
 -1.23360291e+00  2.57705743e-01]","[-1.25098646e-03  1.89648581e-02  8.33409818e+01  2.10425844e+00
 -1.32114110e+00  6.26970913e-02]","[  0.07244021   0.04875007 -32.28464275   4.33870621  -1.28993533
  -0.23271103]","[-2.84402176e-02  5.96392789e-03 -2.65100441e+02 -5.53951424e+00
 -1.29925373e+00 -2.80751138e-02]",010,LW
459,1,0.9263200175801714,1,[ 1.54048296  0.42093226  3.75008118 -3.77693617 -1.32106935 -0.13612914],"[ -0.11389271   0.09916221 -15.92361913   0.18641591  -1.31972349
   0.12313014]","[ 1.01224647e-02  5.51043985e-02 -2.85663453e+01  2.28916182e+00
 -1.28690264e+00  2.29748805e-01]",[-1.61021494  0.18174945  8.69436669 15.99979917 -1.32400304 -0.07965116],"[-1.65592447e-01  2.53620091e-02  6.19620447e+01  1.22604466e+01
 -1.23447633e+00  2.76956042e-01]","[ 1.06502549e-02  1.93199141e-02  8.18358909e+01  1.12842690e+00
 -1.32222240e+00 -7.69027550e-03]","[  0.04026173   0.05513762 -28.62935452   3.15266745  -1.31121955
  -0.13851633]","[-3.22505068e-02  6.08117002e-03 -2.59988038e+02 -6.38474599e+00
 -1.29855420e+00 -2.92499159e-02]",010,LW
460,1,0.9263200175801714,1,[ 1.78336847  0.36933022  4.25576619 -5.58959925 -1.28961658 -0.26093122],"[ -0.17167033   0.08817    -17.84926114  -1.06418857  -1.29519586
   0.23280248]","[-2.09643605e-02  4.54972092e-02 -3.43944655e+01  1.27894203e+00
 -1.24567922e+00  3.46128112e-01]",[-1.50296366  0.16616287  9.48635405 16.25764536 -1.31332237 -0.18680816],"[-1.47843032e-01  3.05008305e-02  5.15345878e+01  9.61902972e+00
 -1.24392211e+00  2.70753461e-01]","[ 2.25238393e-02  1.88225108e-02  8.39632087e+01  1.08826176e-01
 -1.31637699e+00 -7.28585598e-02]","[ 4.79246190e-03  5.89981303e-02 -2.67897092e+01  2.12838866e+00
 -1.31860519e+00 -6.41535111e-02]","[-3.61372028e-02  6.20458586e-03 -2.54814857e+02 -7.20829617e+00
 -1.29892720e+00 -3.06878743e-02]",010,LW
461,1,0.9263200175801714,1,[ 1.98542982  0.29352813  5.29456696 -8.51199112 -1.21036799 -0.43517209],"[ -0.22077565   0.07199873 -21.68016467  -2.7864524   -1.23624214
   0.38081202]","[-4.52157479e-02  3.39551331e-02 -4.53526147e+01 -5.06523940e-02
 -1.13948105e+00  5.31745639e-01]",[-1.40985809  0.13918355 11.23674249 17.84221229 -1.26419025 -0.34724242],"[-1.26726019e-01  3.62810566e-02  4.33654173e+01  7.49552669e+00
 -1.25842359e+00  2.47395823e-01]","[ 3.38724869e-02  1.75804545e-02  8.98009683e+01 -1.04178212e+00
 -1.30483218e+00 -1.35130873e-01]","[-3.23967573e-02  6.03622664e-02 -2.61933555e+01  1.15142022e+00
 -1.31851154e+00 -2.75437817e-03]","[-4.00997992e-02  6.32921427e-03 -2.49798838e+02 -8.01688322e+00
 -1.30035495e+00 -2.93605640e-02]",010,LW
462,1,0.9263200175801714,1,"[  2.13221157   0.19963578   7.48828597 -13.96661     -0.97887273
  -0.71748672]","[ -0.25815575   0.05178355 -29.42911761  -5.59729594  -1.07963877
   0.61116217]","[-6.14133218e-02  2.11569731e-02 -6.81754619e+01 -2.18688158e+00
 -8.06341857e-01  8.50808999e-01]",[-1.33818799  0.10129343 15.02012728 22.09975393 -1.09466306 -0.60990018],[-0.10197068  0.04230441 37.23777355  5.79716107 -1.27422172  0.21330273],"[ 4.42788536e-02  1.57538351e-02  1.00044722e+02 -2.42986560e+00
 -1.28790013e+00 -1.97165177e-01]","[ -0.06980808   0.05945927 -26.58595956   0.1440852   -1.31415625
   0.05013325]","[-4.41320132e-02  6.43938567e-03 -2.45531124e+02 -8.83578282e+00
 -1.30238719e+00 -2.32647920e-02]",010,LW
463,1,0.9263200175801714,1,"[  2.21243563   0.1031491   10.93631491 -22.19589275  -0.4813078
  -0.94382354]","[-2.81426719e-01  2.97389359e-02 -4.55697367e+01 -1.08245415e+01
 -6.09002052e-01  9.60404199e-01]","[-6.85995505e-02  1.02078463e-02 -6.35546186e+01 -2.35981827e+00
 -1.07818190e+00  5.51661880e-01]",[-1.29480824  0.05721153 22.47878155 31.10571148 -0.56121012 -0.95571062],[-0.07356808  0.04810618 32.78755872  4.4121178  -1.28847673  0.17334155],"[ 5.34303661e-02  1.35267143e-02  1.16228495e+02 -4.21013104e+00
 -1.26445147e+00 -2.62441527e-01]","[ -0.10612207   0.05664491 -27.89122353  -0.95987435  -1.30684329
   0.09756664]","[-4.82169426e-02  6.51292604e-03 -2.42766191e+02 -9.70544352e+00
 -1.30445340e+00 -1.18499657e-02]",010,LW
464,1,0.9263200175801714,1,[ 2.21880102  0.090282   -9.70975262 23.54400903 -0.67365888 -0.79012616],[-0.2890494   0.01591223  4.34858762  3.25695662 -1.71044729  0.25472151],"[-6.61946294e-02  1.49721595e-02  8.17219972e+01  7.40955732e+00
 -4.44606339e-01  1.01107965e+00]","[ -1.28509734   0.03845615 -12.71806406 -14.34395028  -1.28275609
  -0.46214154]",[-0.04179214  0.05321923 29.66833373  3.23990319 -1.29965239  0.1309932 ],"[ 6.11290180e-02  1.10840418e-02  1.41321885e+02 -6.63886805e+00
 -1.23129690e+00 -3.35647862e-01]","[ -0.14026895   0.0523495  -30.15458036  -2.22975128  -1.29693598
   0.1411221 ]","[-5.23246991e-02  6.52702745e-03 -2.42243728e+02 -1.06753302e+01
 -1.30598559e+00  4.35921728e-03]",010,LW
465,1,0.9263200175801714,1,[ 2.1486376   0.18898578 -7.71582141 18.57850403 -0.83990687 -0.82678483],"[-2.80454648e-01  3.11135419e-02  4.40964836e+01  1.43670638e+01
 -6.34407349e-01  9.50607535e-01]","[-5.41160157e-02  2.85924189e-02  5.24530011e+01  4.83854743e+00
 -9.78781692e-01  7.11117774e-01]","[ -1.31203789   0.08183241 -17.26937772 -20.65807786  -0.71467591
  -0.91013859]","[-7.18762695e-03  5.72343738e-02  2.76078805e+01  2.19843515e+00
 -1.30742311e+00  8.82890691e-02]","[ 6.72877990e-02  8.59651345e-03  1.81160330e+02 -1.01898799e+01
 -1.18168230e+00 -4.24033781e-01]","[ -0.17146447   0.04704306 -33.52128428  -3.74770913  -1.28487859
   0.18109003]","[-5.64132303e-02  6.46329650e-03 -2.44620919e+02 -1.17998562e+01
 -1.30652595e+00  2.42836942e-02]",010,LW
466,1,0.3077985439146471,1,[ 2.0042479   0.29815847 -5.17151349 12.36499505 -1.14832257 -0.52018851],[-0.25608788  0.05361699 28.45896687  9.28799648 -1.08500889  0.60335783],"[-3.28686023e-02  4.21261739e-02  3.68554268e+01  3.21138636e+00
 -1.19570479e+00  4.49586915e-01]","[ -1.37561788   0.13595764 -11.27144262 -13.505198    -1.11267902
  -0.57101447]",[ 0.02946849  0.0598331  26.4209226   1.22141523 -1.31218915  0.04574718],"[ 7.19172257e-02  6.21031873e-03  2.48177765e+02 -1.58482564e+01
 -1.09976185e+00 -5.41574633e-01]","[ -0.19921241   0.04119215 -38.2378094   -5.61744618  -1.27159956
   0.21756402]","[-6.04315572e-02  6.31080689e-03 -2.50499505e+02 -1.31380752e+01
 -1.30584958e+00  4.67790039e-02]",010,LW
467,1,0.3181267604574548,1,[ 1.79277006  0.39543305 -3.96027268  9.09985829 -1.25637959 -0.33232392],[-0.21735201  0.07436499 20.99194741  6.56264194 -1.23451265  0.38048209],"[-3.57044393e-03  5.36541424e-02  2.92651516e+01  2.10448958e+00
 -1.27777868e+00  2.83336428e-01]","[ -1.47270177   0.18460468  -8.47037148 -10.47433106  -1.25108583
  -0.35449041]","[ 6.72198179e-02  6.07896793e-02  2.60095020e+01  2.51646009e-01
 -1.31441067e+00  2.52039657e-03]","[ 7.51052112e-02  4.04114952e-03  3.72550584e+02 -2.59804903e+01
 -9.39412613e-01 -7.19655033e-01]","[-2.23275743e-01  3.51976683e-02 -4.46911769e+01 -7.97845574e+00
 -1.25790396e+00  2.52108884e-01]","[-6.43240709e-02  6.06665822e-03 -2.60520643e+02 -1.47577483e+01
 -1.30396862e+00  7.11120091e-02]",010,LW
468,1,0.3182431708750383,1,[ 1.52550157  0.47248683 -3.33432874  7.08652373 -1.2997362  -0.20583967],[-0.16645078  0.09132051 17.2294748   4.86785951 -1.2899158   0.23948329],[ 0.03210523  0.06217437 25.3718882   1.18542977 -1.31234718  0.16352557],[-1.59740788  0.22229217 -7.08597635 -9.31919447 -1.30408072 -0.20900612],[ 0.10498352  0.05995456 26.36771283 -0.76817528 -1.31415322 -0.04339169],"[ 7.69932221e-02  2.18752189e-03  6.32456338e+02 -4.66948513e+01
 -5.52507172e-01 -1.00866007e+00]","[-2.43619062e-01  2.93355617e-02 -5.35326971e+01 -1.10415855e+01
 -1.24313326e+00  2.89339480e-01]","[-6.80345363e-02  5.73409968e-03 -2.75531761e+02 -1.67456756e+01
 -1.30098912e+00  9.73855556e-02]",010,LW
469,1,0.3182431708750383,1,[ 1.21675317  0.52500416 -3.00840075  5.66048115 -1.31699615 -0.11164697],[-0.10615195  0.10359886 15.23651662  3.61738601 -1.31165189  0.14017285],[ 0.07206494  0.06710651 23.55111141  0.3027906  -1.32561399  0.06725465],[-1.74189144  0.24629835 -6.41370203 -9.17197268 -1.32334357 -0.10055136],[ 0.14159362  0.05723521 27.60418154 -1.90857604 -1.310782   -0.09526451],"[ 7.77522951e-02  9.23500617e-04  5.11458796e+02 -3.77670953e+01
 -1.24174777e+00 -5.11000536e-01]","[-2.60332015e-01  2.37340702e-02 -6.59952675e+01 -1.51806810e+01
 -1.22337784e+00  3.38219299e-01]","[-7.15089939e-02  5.31957986e-03 -2.96844238e+02 -1.92270328e+01
 -1.29677301e+00  1.26728756e-01]",010,LW
470,1,0.4876243116259884,1,[ 0.88244409  0.55156    -2.86623666  4.52929361 -1.32182347 -0.03577442],[-0.03950949  0.11093088 14.24796625  2.5629299  -1.31877237  0.06427669],"[ 1.13976883e-01  6.82292266e-02  2.31717970e+01 -6.41049199e-01
 -1.32700688e+00 -1.79342305e-02]",[-1.89732654  0.25586828 -6.17903282 -9.72364294 -1.32660506 -0.01267675],[ 0.17583631  0.05258907 30.00316193 -3.27564541 -1.30219467 -0.15828756],"[ 7.75625221e-02  1.28928925e-03 -1.02052424e+03  8.11544339e+01
 -6.25674606e-01 -9.21627711e-01]","[-2.73551808e-01  1.84005294e-02 -8.46947655e+01 -2.11684063e+01
 -1.18789617e+00  4.14366373e-01]","[-7.46979655e-02  4.83125688e-03 -3.26587178e+02 -2.23953977e+01
 -1.29045985e+00  1.60863634e-01]",010,LW
471,1,0.4876243116259884,1,[ 0.53875624  0.55286912 -2.85956044  3.54060604 -1.31992479  0.03019958],"[ 3.03974930e-02  1.13477227e-01  1.39330989e+01  1.57646872e+00
 -1.31875346e+00  2.19303007e-03]",[ 0.15546304  0.06562549 24.07165431 -1.74225263 -1.31930367 -0.10094587],"[ -2.054859     0.25173881  -6.27843089 -10.90129022  -1.32083455
   0.06432   ]",[ 0.20648742  0.04603655 34.17775011 -5.05727529 -1.28291897 -0.24106886],"[ 7.65982325e-02  2.22704967e-03 -6.86765002e+02  5.46049853e+01
 -1.12207374e+00 -5.74811882e-01]","[-2.83403851e-01  1.32844359e-02 -1.15874095e+02 -3.08391648e+01
 -1.10609406e+00  5.47567579e-01]","[-7.75590245e-02  4.28055772e-03 -3.68165480e+02 -2.65545555e+01
 -1.28038917e+00  2.01030458e-01]",010,LW
472,1,0.4876243116259884,1,[ 0.20111867  0.53093028 -2.97585296  2.59849959 -1.31342486  0.09301489],[ 0.1006572   0.11165303 14.15765982  0.57492958 -1.31489067 -0.05252571],[ 0.1942777   0.05963477 26.43278594 -3.13530092 -1.30091329 -0.18996423],"[ -2.20636697   0.23563418  -6.69944865 -12.78144222  -1.3081949
   0.13764469]","[ 2.32357156e-01  3.76920951e-02  4.14807632e+01 -7.63835216e+00
 -1.23868430e+00 -3.59906264e-01]","[ 7.50193444e-02  3.02710026e-03 -5.16991665e+02  4.07843758e+01
 -1.25681042e+00 -3.41215250e-01]","[-2.89971376e-01  8.37322398e-03 -1.76166637e+02 -4.90832821e+01
 -8.68607823e-01  7.98443786e-01]","[-8.00598564e-02  3.68498162e-03 -4.26940182e+02 -3.21807697e+01
 -1.26488993e+00  2.47384429e-01]",010,LW
473,1,0.3313029347114196,1,[-0.11640283  0.48831829 -3.23105999  1.62389547 -1.30180497  0.15960354],[ 0.16863092  0.10596689 14.90721649 -0.51381756 -1.30824333 -0.10557875],[ 0.2284644   0.05082782 30.87894991 -5.05474063 -1.26530555 -0.29467448],"[ -2.34496426   0.20983816  -7.50636085 -15.6021479   -1.28775713
   0.2140154 ]","[ 2.52341499e-01  2.78194094e-02  5.52375803e+01 -1.19387338e+01
 -1.12432984e+00 -5.50773666e-01]","[ 7.29678475e-02  3.64172698e-03 -4.32535058e+02  3.35611522e+01
 -1.29496719e+00 -2.11244941e-01]","[-2.93292718e-01  4.05712289e-03 -2.59689306e+02 -7.41649826e+01
 -4.76196190e-01  9.33711969e-01]","[-8.21807369e-02  3.06808934e-03 -5.11553290e+02 -4.00398263e+01
 -1.24291927e+00  3.00328869e-01]",010,LW
474,1,0.3313029347114196,1,[-0.40143208  0.42786063 -3.67791285  0.5235678  -1.28121464  0.2385237 ],[ 0.23198917  0.09691635 16.27870051 -1.77648228 -1.29786238 -0.16303683],[ 0.25648874  0.03999012 38.902965   -7.97817252 -1.19612151 -0.43047193],"[ -2.46527038   0.1769024   -8.87001195 -19.86697776  -1.25514865
   0.30160153]","[ 2.65483534e-01  1.70326922e-02  8.39073923e+01 -2.02760310e+01
 -7.67621684e-01 -8.75989183e-01]","[ 7.05669543e-02  4.08556891e-03 -3.86452153e+02  2.92707514e+01
 -1.30658726e+00 -1.30928604e-01]","[-2.93374144e-01  3.89099049e-03  2.53223779e+02  7.62893093e+01
 -5.32195139e-01  8.87824484e-01]","[-8.39157228e-02  2.45527820e-03 -6.36967642e+02 -5.14516001e+01
 -1.21232564e+00  3.63528176e-01]",010,LW
475,1,0.3313029347114196,1,[-0.64352753  0.35276208 -4.43760701 -0.85572228 -1.24151355  0.34235125],[ 0.28871411  0.08496948 18.52523062 -3.34849539 -1.2802192  -0.23216404],"[ 2.77342668e-01  2.80990477e-02  5.42095588e+01 -1.30346237e+01
 -1.04712408e+00 -6.28270017e-01]","[ -2.56352318   0.13948031 -11.17109791 -26.63736848  -1.19892901
   0.4132767 ]","[ 2.71050621e-01  8.22155785e-03  6.44642949e+01 -1.54730871e+01
 -1.26606860e+00 -4.59059024e-01]","[ 6.79200663e-02  4.38539593e-03 -3.60362673e+02  2.64758566e+01
 -1.30874094e+00 -7.82257933e-02]","[-2.90202591e-01  8.17802799e-03  1.79286420e+02  5.40293836e+01
 -8.38299383e-01  8.22351940e-01]","[-8.52729649e-02  1.86907952e-03 -8.31850704e+02 -6.89343759e+01
 -1.16507089e+00  4.46174677e-01]",010,LW
476,1,0.3313029347114196,1,[-0.83450928  0.26705548 -5.79292284 -2.83424789 -1.15593832  0.49379554],[ 0.33710551  0.07062387 22.19163458 -5.48092227 -1.24719965 -0.3231987 ],"[ 2.90610071e-01  1.63621738e-02  8.64162565e+01 -2.31134344e+01
 -6.70108442e-01 -9.38682038e-01]","[ -2.63760158   0.10026614 -15.30590683 -38.37088399  -1.08774788
   0.57362541]","[ 2.68622774e-01  1.29633295e-02 -9.71774063e+01  2.81040645e+01
 -4.68014388e-01 -1.01164689e+00]","[ 6.51083713e-02  4.57496011e-03 -3.45549411e+02  2.44981593e+01
 -1.30642102e+00 -4.48763418e-02]","[-2.83750113e-01  1.31545232e-02  1.16833848e+02  3.51516176e+01
 -1.09603008e+00  5.61403177e-01]","[-8.62744972e-02  1.32855889e-03 -1.15755442e+03 -9.78674255e+01
 -1.08080151e+00  5.63282099e-01]",010,LW
477,1,0.3048183085074624,1,[-0.96891014  0.17633041 -8.47451639 -6.21104487 -0.93967904  0.73945761],[ 0.37581645  0.05450137 28.49096922 -8.70737492 -1.17897123 -0.45426951],"[ 2.96479524e-01  7.21512500e-03  9.15095397e+01 -2.51307048e+01
 -9.34305402e-01 -6.61249594e-01]","[ -2.68698902   0.06212383 -23.62233544 -61.47295594  -0.82232194
   0.83139004]","[ 2.58175617e-01  2.43262674e-02 -6.18649119e+01  1.79720118e+01
 -9.96662161e-01 -6.93342419e-01]","[ 6.21879993e-02  4.69506319e-03 -3.36744094e+02  2.29414415e+01
 -1.30189073e+00 -2.86067205e-02]","[-2.73974013e-01  1.83346504e-02  8.49590695e+01  2.52765772e+01
 -1.18604237e+00  4.20200438e-01]","[-8.69551866e-02  8.52254657e-04 -1.76249078e+03 -1.51257715e+02
 -9.14721913e-01  7.38298074e-01]",010,LW
478,1,0.2843396485709894,1,"[ -1.04445439   0.09068246 -13.63573348 -12.24190163  -0.41475625
   1.04042561]","[ 4.03921632e-01  3.74548905e-02  4.04476129e+01 -1.43376658e+01
 -1.01587645e+00 -6.63588094e-01]","[ 2.95696365e-01  8.75838906e-03 -1.43067256e+02  4.43044677e+01
 -6.06621923e-01 -8.98702976e-01]","[-2.71269624e+00  2.94231665e-02 -3.80508879e+01 -1.01220501e+02
 -3.45946515e-01  1.04931393e+00]","[ 2.40137407e-01  3.55404804e-02 -4.37161333e+01  1.24978789e+01
 -1.19859552e+00 -4.42068432e-01]","[ 5.91882389e-02  4.79139505e-03 -3.29974498e+02  2.15306094e+01
 -1.29699702e+00 -2.82350736e-02]","[-2.60823928e-01  2.36582757e-02  6.62122260e+01  1.92697329e+01
 -1.22724319e+00  3.36064896e-01]","[-8.73605850e-02  4.60326051e-04 -3.04709492e+03 -2.64195995e+02
 -5.57699021e-01  1.00790289e+00]",010,LW
479,1,0.2843396485709894,1,[-1.06238831  0.05545269 10.21288907 12.85005393 -1.25489274  0.44495883],"[ 4.20998081e-01  2.08728896e-02  6.52391784e+01 -2.54655689e+01
 -5.69021719e-01 -9.91568786e-01]","[ 2.89463014e-01  1.50820022e-02 -1.01409992e+02  3.13544420e+01
 -1.16413468e+00 -5.54071298e-01]","[-2.71716081e+00  2.04118010e-02  4.16480802e+01  1.15164531e+02
 -8.79338393e-01  6.21018423e-01]","[  0.2154013    0.04516972 -34.76362544   9.48812999  -1.27564116
  -0.28321626]","[ 5.61119844e-02  4.90793910e-03 -3.22116882e+02  2.00746175e+01
 -1.29301782e+00 -4.04705080e-02]","[-2.44267306e-01  2.90649346e-02  5.40601814e+01  1.52051349e+01
 -1.25257161e+00  2.77022895e-01]","[-8.75433704e-02  1.83932082e-04 -4.68744489e+03 -4.08354725e+02
 -4.48161989e-01  9.74187612e-01]",010,LW
480,0,0.2261782163739876,0,[-0.86238431  0.46781238  2.60832323  4.24937704  0.18480565  1.45421756],"[  0.38620272   0.09726521 -10.70356809   6.13374709   0.21136219
  -1.47256097]","[ 2.83102274e-01  1.43604065e-02 -1.03759202e+02  3.13744659e+01
 -1.50836895e+00  1.75559284e-01]",[-2.72486294  0.02470966  7.80131224 23.25750664 -0.68364564  0.75847017],"[  0.15070333   0.12146419 -11.46700933   3.72811648  -0.15002807
  -1.20009904]","[ 4.69053401e-02  1.75156035e-02 -7.53353520e+01  5.53363030e+00
  5.43722148e-02 -1.35158853e+00]",[-0.18417384  0.11803886 11.09358454  4.0431481   0.07166723  1.3677388 ],"[-8.67813672e-02  1.87464720e-03  6.04724052e+02  5.44787800e+01
  2.42671459e-01  1.49453015e+00]",010,LW
481,0,0.2261782163739876,0,[-0.64565649  0.56756933  2.51172278  3.62171012 -1.82198952  0.38634146],"[  0.34049076   0.1287145  -10.80415655   5.67871549  -1.79902184
  -0.42290832]",[ 0.28330332  0.01468421  9.24018222 -0.61777428 -1.47001106  0.21251005],"[ -2.75324097   0.07318359 -14.72131115 -38.53131698  -0.2105374
  -1.09328755]","[  0.09027187   0.13576536 -10.82971978   2.97761906  -1.78317733
  -0.31494371]","[ 3.74049267e-02  2.15649119e-02 -6.76087668e+01  4.52890096e+00
 -1.78024739e+00 -3.91284713e-01]",[-0.12295512  0.14287856 10.16459328  3.24978882 -1.80056881  0.37960955],"[-8.57773249e-02  2.55576228e-03  5.55413647e+02  4.96418968e+01
 -1.73826990e+00  4.49334846e-01]",010,LW
482,0,0.2261782163739876,0,[-0.43037987  0.54740133  2.52591578  3.08710331 -1.81008187 -0.41829749],"[  0.28677692   0.13657311 -10.63699412   5.05044446  -1.80591772
   0.35997617]","[ 2.92509057e-01  2.95721253e-02  4.32002143e+01 -1.06364539e+01
 -7.48463340e-01  8.51448037e-01]","[ -2.81186448   0.14125745 -10.19110267 -26.6559996   -0.97908091
  -0.73371812]","[  0.03718748   0.12314725 -11.13363308   2.41403177  -1.7611864
   0.43568614]","[ 2.76832815e-02  2.19300506e-02 -6.70745478e+01  3.85684359e+00
 -1.78399028e+00  3.58123198e-01]",[-0.06223955  0.14108174 10.21405364  2.63571814 -1.79976383 -0.39828996],"[-8.46009277e-02  2.78904372e-03  5.34514127e+02  4.72203910e+01
 -1.76579464e+00 -2.85503910e-01]",010,LW
483,0,0.2261782163739876,0,[-0.23267768  0.42040734  2.5237318   2.58721605  0.23241769 -1.48728718],"[  0.22800115   0.11717772 -11.40050145   4.5993275    0.01433709
   1.32382255]",[ 0.31251316  0.04823621 31.83741777 -7.94961197 -1.25592407  0.46750615],"[ -2.90803589   0.2086089   -7.48799959 -19.77537156  -1.28791284
  -0.34839296]","[-5.81269392e-03  8.98429442e-02 -1.06993048e+01  1.93780822e+00
  1.51962961e-01  1.43093549e+00]","[ 1.78387224e-02  1.84601853e-02 -7.37719529e+01  3.31599739e+00
 -5.08889278e-02  1.27241819e+00]","[-3.69235479e-03  1.13231417e-01  1.11387603e+01  2.04112825e+00
  1.52090262e-01 -1.42862685e+00]","[-8.33368963e-02  2.46753774e-03  5.73082993e+02  4.97589580e+01
 -2.40651060e-01 -1.14083361e+00]",010,LW
484,0,0.2261782163739876,0,"[ -0.0659627    0.05299562 -26.91791682   0.22442145  -0.80344793
  -0.85088914]","[ 1.67019065e-01  3.38891858e-02 -4.64731500e+01  9.76190208e+00
 -1.27642443e+00  2.19376571e-01]",[ 0.34433355  0.06159888 25.6005352  -6.81512307 -1.3020992   0.17711233],"[ -3.0462556    0.24953283  -6.32254133 -17.26007694  -1.3084727
  -0.16027821]","[-3.64851170e-02  2.38765865e-02  6.30155281e+01  4.29912892e+00
 -9.88368072e-01  6.97992375e-01]","[ 7.98973077e-03  6.20630000e-03 -2.54299758e+02  4.03178660e+00
 -1.29543990e+00  1.49563489e-01]","[ 5.10861710e-02  1.88890823e-02  8.13954824e+01 -2.15818353e+00
 -1.09974908e+00 -5.58004551e-01]","[-8.20879934e-02  9.10556101e-04  1.66883854e+03  1.38991607e+02
 -1.15943017e+00 -5.77608723e-01]",010,LW
485,0,0.2261782163739876,0,"[ -0.10583528   0.08518438 -18.10485108   0.08386799  -1.1568451
  -0.51445894]","[ 1.47516038e-01  2.85484453e-02 -5.49982501e+01  1.01131240e+01
 -1.25934699e+00  2.89248525e-01]",[ 0.38436389  0.06737495 23.44904239 -7.01296506 -1.31832766  0.09515594],"[ -3.20721374   0.26968236  -5.85990179 -16.79395755  -1.3218971
  -0.07511616]","[-1.86265454e-02  3.51529212e-02  4.41528766e+01  2.82241556e+00
 -1.18481506e+00  4.56252727e-01]","[ 4.30113531e-03  5.54532736e-03 -2.84294771e+02  3.22279028e+00
 -1.28192128e+00  1.90313862e-01]","[ 6.05176055e-02  1.19360770e-02  1.24091425e+02 -5.50971590e+00
 -8.62058792e-01 -7.97159850e-01]","[-8.17518209e-02  5.15765573e-04  2.05305153e+03  1.69840701e+02
 -6.97942373e-01 -7.44794353e-01]",010,LW
486,0,0.2261782163739876,0,"[ -0.16674279   0.11390483 -13.7437059   -0.29166387  -1.23794566
  -0.34258181]","[ 1.31772275e-01  2.24737355e-02 -6.92596927e+01  1.11265073e+01
 -1.20990343e+00  4.20140486e-01]","[ 4.27013486e-01  6.99774618e-02  2.25930927e+01 -7.64755527e+00
 -1.32401743e+00  1.95571897e-02]","[-3.37673557e+00  2.76444199e-01 -5.71926461e+00 -1.73124443e+01
 -1.32415593e+00  1.20636751e-03]","[ 6.09087990e-03  4.52384226e-02  3.46745889e+01  1.78880124e+00
 -1.26270807e+00  3.04925852e-01]","[ 1.03716266e-03  4.82775714e-03 -3.26165263e+02  2.33828643e+00
 -1.26783694e+00  2.25662600e-01]","[ 6.57384728e-02  5.90234949e-03  2.11592771e+02 -1.19097856e+01
 -3.42942245e-01 -1.10035123e+00]","[-8.18107670e-02  6.35235413e-04 -1.53711768e+03 -1.23752776e+02
 -4.08370933e-01 -9.86627945e-01]",010,LW
487,0,0.2284692658828996,0,"[ -0.24618711   0.14027941 -11.20564568  -0.75868548  -1.2539494
  -0.26800113]","[ 1.20450401e-01  1.54524111e-02 -9.72491106e+01  1.37136944e+01
 -1.01909384e+00  6.83430959e-01]",[ 0.47028808  0.06926696 22.82071716 -8.73231123 -1.32076919 -0.05172669],"[ -3.54667066   0.2701092   -5.85105103 -18.75175105  -1.31791631
   0.0710645 ]",[ 0.03658758  0.05338531 29.52122373  0.91988985 -1.29921275  0.19609741],"[-1.77847147e-03  4.10422123e-03 -3.83171490e+02  1.31854044e+00
 -1.25474350e+00  2.58386025e-01]","[ 6.73085146e-02  2.87607733e-03 -1.31632845e+02  1.08600113e+01
 -1.58821697e+00 -2.42789089e-01]","[-8.23771230e-02  1.42348545e-03 -1.01313182e+03 -8.14588847e+01
 -7.32229219e-01 -8.97059863e-01]",010,LW
488,0,0.2284692658828996,0,[-0.34317514  0.16690437 -9.42927412 -1.23589244 -1.25553136 -0.24106348],"[ 1.14426656e-01  8.14929617e-03 -1.34219283e+02  1.73582637e+01
 -5.74870098e-01  8.56051282e-01]","[  0.51223306   0.06550234  24.1096734  -10.34977177  -1.30980111
  -0.11949676]","[ -3.70946534   0.25243361  -6.25395258 -21.1988203   -1.30509527
   0.1360041 ]",[ 0.07144283  0.05903993 26.75340204  0.08866115 -1.31673227  0.10856402],"[-4.14369427e-03  3.40141733e-03 -4.61489512e+02  8.77285546e-02
 -1.24102198e+00  2.98023466e-01]","[ 6.60519767e-02  4.83522001e-03 -3.03704457e+02  2.20602798e+01
 -1.05344236e+00 -6.86118541e-01]","[-8.35326084e-02  2.39094131e-03 -6.38452326e+02 -5.13315882e+01
 -1.05200186e+00 -6.16446172e-01]",010,LW
489,0,0.2288589639175101,0,[-0.45814401  0.19591116 -8.03626503 -1.68176671 -1.25764104 -0.23118172],"[ 1.14737134e-01  8.78102715e-03  1.07778887e+02 -1.03662406e+01
 -4.73063578e-01  9.39301057e-01]","[  0.55114584   0.05927822  26.59847168 -12.65963698  -1.29229883
  -0.18444401]","[ -3.85889964   0.22617267  -6.96845369 -24.89056347  -1.28694211
   0.19762791]",[ 0.10897245  0.06184632 25.56218103 -0.78557349 -1.32348722  0.03175292],"[-6.06273789e-03  2.71673568e-03 -5.75537405e+02 -1.48933243e+00
 -1.21767306e+00  3.65131297e-01]","[ 6.29700618e-02  6.58315585e-03 -2.38553812e+02  1.70217483e+01
 -1.39010616e+00 -2.27463259e-01]","[-8.53149011e-02  3.39691233e-03 -4.57853896e+02 -3.70617598e+01
 -1.18872675e+00 -4.35795445e-01]",010,LW
490,0,0.2555296076508672,0,[-0.59234112  0.22793039 -6.91029262 -2.09325044 -1.26504077 -0.21905159],"[ 1.22431038e-01  1.96178492e-02  7.35599394e+01 -7.00601972e+00
 -7.35759464e-01  8.94299984e-01]","[  0.58573277   0.05138374  30.61606081 -15.93283001  -1.26903945
  -0.24800786]","[ -3.99054762   0.19450736  -8.08476172 -30.26262662  -1.26377419
   0.25778343]",[ 0.14733947  0.0616609  25.63765372 -1.7774382  -1.3225905  -0.04117171],"[-7.52931057e-03  2.02386531e-03 -7.63669181e+02 -3.74990244e+00
 -1.15086473e+00  5.02245648e-01]","[ 5.91244758e-02  6.84847834e-03 -2.30307058e+02  1.56167841e+01
 -1.40064594e+00  1.18280127e-01]","[-8.77091158e-02  4.34274320e-03 -3.61196278e+02 -2.96802062e+01
 -1.25801355e+00 -3.06728829e-01]",010,LW
491,0,0.2555296076508672,0,[-0.74686736  0.26171471 -6.02283012 -2.49825522 -1.27746128 -0.19571704],"[ 1.38362895e-01  3.29476778e-02  4.63364231e+01 -4.41124163e+00
 -1.05074928e+00  6.16398984e-01]","[  0.61518187   0.04263769  36.78471184 -20.62928789  -1.23959002
  -0.31309613]","[ -4.10193048   0.1605582   -9.76612279 -38.05995679  -1.23498615
   0.31825304]",[ 0.18468663  0.0585554  26.97144743 -2.98126582 -1.31415116 -0.11570208],"[-8.51251117e-03  1.29482674e-03 -1.13183952e+03 -7.63479654e+00
 -8.88483263e-01  7.91484942e-01]","[ 5.55091104e-02  5.71251076e-03 -2.70538300e+02  1.70173404e+01
 -1.24513479e+00  4.62359153e-01]","[-9.06459530e-02  5.13759788e-03 -3.06683290e+02 -2.57995991e+01
 -1.29646016e+00 -2.03565220e-01]",010,LW
492,0,0.2555296076508672,0,[-0.92168656  0.29440846 -5.35939637 -2.93968362 -1.29194023 -0.16005754],[ 0.16297856  0.04688678 33.162933   -3.40484692 -1.18501495  0.4394645 ],"[ 6.39146975e-01  3.37524575e-02  4.62703537e+01 -2.75735566e+01
 -1.20107875e+00 -3.85235339e-01]","[ -4.19239673   0.1270538  -12.2966865  -49.55258824  -1.19948561
   0.38057548]",[ 0.21927624  0.05281925 29.837576   -4.54267159 -1.29587092 -0.19698523],"[-8.94723149e-03  6.52071189e-04 -1.07790718e+03 -7.64428509e+00
 -1.07941688e+00  5.23679137e-01]","[ 5.29261622e-02  3.63674008e-03 -3.83466563e+02  2.22954135e+01
 -7.49541788e-01  8.84120468e-01]","[-9.40072197e-02  5.70531071e-03 -2.76817080e+02 -2.40228040e+01
 -1.31663598e+00 -1.14848499e-01]",010,LW
493,0,0.2555296076508672,0,[-1.11485805  0.32224051 -4.90139889 -3.464364   -1.30528853 -0.11449561],[ 0.19614693  0.06019311 26.04963037 -3.10955499 -1.2528398   0.31412601],"[ 6.57661744e-01  2.52550167e-02  6.14152499e+01 -3.83904604e+01
 -1.14484113e+00 -4.75654627e-01]","[ -4.26279929   0.09611313 -16.1795513  -66.97017971  -1.15568566
   0.4469621 ]",[ 0.24962337  0.04495663 34.91997287 -6.71684137 -1.26265704 -0.29120168],"[-8.72987153e-03  1.08899238e-03  1.08909029e+03  1.15076184e+01
 -2.96023619e-01  1.10724459e+00]","[ 5.18839359e-02  1.88034607e-03 -1.19607029e+02  8.20568343e+00
 -1.61005464e+00  2.84544996e-01]","[-9.76384622e-02  5.99724393e-03 -2.63602291e+02 -2.37377224e+01
 -1.32385022e+00 -3.58136616e-02]",010,LW
494,0,0.2028461117990529,0,[-1.32214411  0.34130525 -4.6310725  -4.1229452  -1.3154364  -0.06137884],[ 0.23707632  0.07171215 21.96244729 -3.2067761  -1.29021779  0.21582087],"[ 6.71015810e-01  1.74673701e-02  8.75571768e+01 -5.67522499e+01
 -1.04391531e+00 -6.09732810e-01]","[-4.31504535e+00  6.90870664e-02 -2.23620683e+01 -9.44933388e+01
 -1.09914798e+00  5.23615922e-01]","[ 2.74612690e-01  3.56594180e-02  4.37090833e+01 -1.00030689e+01
 -1.20354236e+00 -4.08403223e-01]","[-7.72124736e-03  2.34980095e-03  6.23165976e+02  6.81161864e+00
 -7.68513263e-01  8.62491830e-01]","[ 5.25357171e-02  3.07562802e-03  4.35690724e+02 -2.08893246e+01
 -6.88087114e-01  8.97961648e-01]","[-1.01368066e-01  6.00264929e-03 -2.63369096e+02 -2.46972160e+01
 -1.32117883e+00  3.51016524e-02]",010,LW
495,0,0.1586893786696706,0,"[-1.53703566e+00  3.48181842e-01 -4.54095082e+00 -4.97960334e+00
 -1.32113719e+00 -1.18001185e-03]",[ 0.28433345  0.08045202 19.62380906 -3.57970533 -1.31090221  0.13272888],"[ 6.79622430e-01  1.05580814e-02  1.38735202e+02 -9.22875551e+01
 -8.00077176e-01 -8.44665472e-01]","[-4.35157536e+00  4.64719520e-02 -3.28593043e+01 -1.40989739e+02
 -1.01263578e+00  6.29737038e-01]","[ 2.93588227e-01  2.57507673e-02  5.96388168e+01 -1.55092545e+01
 -1.09100119e+00 -5.68327799e-01]","[-5.75843254e-03  3.96605562e-03  3.84066203e+02  4.21161932e+00
 -1.00575361e+00  6.45350626e-01]","[ 5.46721976e-02  4.94106650e-03  3.12165195e+02 -1.50667572e+01
 -1.25076907e+00  4.70438308e-01]","[-1.05030930e-01  5.75197657e-03 -2.74667568e+02 -2.68485903e+01
 -1.31090192e+00  9.71985290e-02]",010,LW
496,0,0.2617091632275162,0,[-1.75114929  0.34035491 -4.64356551 -6.13157643 -1.32079821  0.06791131],[ 0.33595588  0.0856802  18.44797154 -4.1977045  -1.32092355  0.05813031],"[ 6.83897250e-01  4.92392473e-03  2.17063052e+02 -1.46448824e+02
 -4.09580873e-01 -9.88976080e-01]","[-4.37482525e+00  2.79984896e-02 -5.27846165e+01 -2.28923473e+02
 -8.22966323e-01  8.19327144e-01]","[ 3.06402080e-01  1.61297432e-02  9.15715710e+01 -2.60577198e+01
 -8.44488613e-01 -8.10976049e-01]","[-2.67549023e-03  5.86995173e-03  2.63474345e+02  2.70492304e+00
 -1.12088224e+00  5.08250462e-01]","[ 5.77670127e-02  5.92019695e-03  2.66468269e+02 -1.33930759e+01
 -1.40933832e+00  1.02149862e-01]","[-1.08492680e-01  5.31282705e-03 -2.97086881e+02 -3.02317520e+01
 -1.29551250e+00  1.46759002e-01]",010,LW
497,0,0.3733099123042972,0,[-1.95489445  0.31652385 -4.98567446 -7.74646731 -1.31114963  0.15023796],"[ 3.89628150e-01  8.69870346e-02  1.81756421e+01 -5.08174179e+00
 -1.32291303e+00 -1.24444957e-02]","[ 6.84161245e-01  4.38352653e-03 -2.21880071e+02  1.53801746e+02
 -5.61694535e-01 -8.65100303e-01]","[-4.38674799e+00  1.34200471e-02 -8.91547931e+01 -3.89099609e+02
 -3.76043848e-01  1.04810682e+00]","[ 3.13411077e-01  7.86607196e-03  1.56418490e+02 -4.70232874e+01
 -3.24407487e-01 -1.10564569e+00]","[ 1.66866387e-03  7.98522000e-03  1.95276510e+02  1.67414914e+00
 -1.19048287e+00  4.07130497e-01]","[ 6.10665299e-02  5.63294221e-03  2.78489075e+02 -1.50063614e+01
 -1.38044708e+00 -2.51067023e-01]","[-1.11669316e-01  4.78003716e-03 -3.29961888e+02 -3.48466182e+01
 -1.27906235e+00  1.75829829e-01]",010,LW
498,0,0.3733099123042972,0,"[ -2.13829301   0.27683934  -5.679857   -10.14519851  -1.2849695
   0.25438729]",[ 0.44288591  0.08430867 18.74283294 -6.30093667 -1.31775044 -0.08268542],"[ 6.80576107e-01  9.28407908e-03 -1.57837563e+02  1.09420474e+02
 -8.22959225e-01 -8.30892547e-01]","[-4.38847471e+00  9.92059671e-03  7.71713169e+01  3.40664373e+02
 -8.15930578e-01  7.21749705e-01]","[ 3.15417221e-01  3.95756776e-03 -1.17440818e+02  3.90428565e+01
 -1.49823400e+00 -2.77228062e-01]","[ 7.35877009e-03  1.01895223e-02  1.53833146e+02  8.67977249e-01
 -1.23775530e+00  3.23354334e-01]","[ 6.37106961e-02  4.09787579e-03  3.58007015e+02 -2.08088761e+01
 -1.03022548e+00 -7.03602953e-01]","[-1.14537640e-01  4.26017396e-03 -3.70265654e+02 -4.04093543e+01
 -1.26747466e+00  1.72942194e-01]",010,LW
499,0,0.4659468493321145,0,"[ -2.2918483    0.22303988  -6.99011551 -14.02028439  -1.22333944
   0.39874465]",[ 0.4933155   0.07790247 20.25444975 -7.99183406 -1.30492078 -0.15689645],"[ 6.73115274e-01  1.51839626e-02 -1.00970826e+02  6.99650049e+01
 -1.06492280e+00 -5.87831411e-01]","[-4.38016258e+00  2.25543280e-02  6.34456309e+01  2.79902179e+02
 -6.81917383e-01  9.27544054e-01]","[ 3.13553910e-01  6.79505267e-03 -2.17152911e+02  7.00891442e+01
 -1.05967601e+00 -6.79965744e-01]","[ 1.43934515e-02  1.23194248e-02  1.27691235e+02  1.62082406e-01
 -1.27148708e+00  2.48696408e-01]","[ 6.48678174e-02  2.33405110e-03  2.03697507e+02 -1.12134127e+01
 -1.45200359e+00 -3.12295256e-01]","[-1.17133283e-01  3.85043602e-03 -4.10082675e+02 -4.60343301e+01
 -1.26527085e+00  1.29955238e-01]",010,LW
500,0,0.4659468493321145,0,"[ -2.40737167   0.15859586  -9.59299407 -21.09390213  -1.06342958
   0.62545051]","[  0.5387236    0.06827679  23.04437998 -10.41455138  -1.28146503
  -0.24189027]","[ 6.61570989e-01  2.17266355e-02 -7.14729265e+01  4.92844147e+01
 -1.15079366e+00 -4.62648612e-01]","[-4.36103302e+00  3.97501772e-02  3.81486994e+01  1.68367738e+02
 -9.73976858e-01  6.77977439e-01]","[ 3.09128888e-01  9.32793844e-03 -1.68266611e+02  5.40160703e+01
 -1.36345280e+00 -2.51780509e-01]","[ 2.26630886e-02  1.41861772e-02  1.11162072e+02 -5.19275898e-01
 -1.29578404e+00  1.78602745e-01]","[ 6.38644907e-02  4.27949413e-03 -2.89509929e+02  2.04894041e+01
 -3.91448742e-01 -1.06077081e+00]","[-1.19535983e-01  3.61467373e-03 -4.37290138e+02 -5.02719063e+01
 -1.27068567e+00  5.57442765e-02]",010,LW
501,1,0.8244016712967893,1,"[ -2.47865478   0.09019086 -14.98800645 -35.15009383  -0.59309239
   0.96989214]","[  0.57725802   0.05609765  27.89104763 -14.10033085  -1.2381793
  -0.35048053]","[ 6.45594518e-01  2.90011382e-02 -5.38452333e+01  3.67621875e+01
 -1.19343751e+00 -3.88434827e-01]","[-4.32956883e+00  6.04088800e-02  2.55283794e+01  1.12526876e+02
 -1.09062963e+00  5.40373148e-01]","[ 3.03444851e-01  1.00927354e-02 -1.56557783e+02  4.95066532e+01
 -1.37947629e+00  2.93321793e-02]","[ 3.19401000e-02  1.55964893e-02  1.01273868e+02 -1.23469746e+00
 -1.31255725e+00  1.09863406e-01]","[ 6.02933201e-02  8.30579104e-03 -1.79698507e+02  1.28346196e+01
 -9.43371489e-01 -7.40875286e-01]","[-1.21845492e-01  3.56461369e-03 -4.43535172e+02 -5.20427612e+01
 -1.27863754e+00 -1.93923181e-02]",010,LW
502,1,0.4800160901912512,1,[-2.50188463  0.04791024  1.63828489  6.09879978 -1.70969138  0.2565942 ],"[  0.60747042   0.04211744  36.6699525  -20.27591133  -1.1460624
  -0.50988714]","[ 6.24759317e-01  3.70430659e-02 -4.22924317e+01  2.84225907e+01
 -1.22091747e+00 -3.35707977e-01]",[-4.28381514  0.084649   18.36374263 80.66687872 -1.15450393  0.45127067],"[ 2.97624867e-01  9.32253912e-03 -1.68713194e+02  5.22132418e+01
 -1.31517934e+00  2.39257357e-01]","[ 4.18843410e-02  1.63770691e-02  9.65287079e+01 -2.04304132e+00
 -1.32230235e+00  3.98399111e-02]","[ 5.40830010e-02  1.23940680e-02 -1.25055295e+02  8.76336563e+00
 -1.18945542e+00 -4.66495894e-01]","[-1.24153975e-01  3.65805692e-03 -4.32088982e+02 -5.16455645e+01
 -1.28827333e+00 -6.47494425e-02]",010,LW
503,1,0.426996617072455,1,[-2.47577855  0.09405153 14.60778645 38.16564439 -0.63254173  0.95217161],"[ 6.28329883e-01  2.72314266e-02  5.43499217e+01 -3.21496799e+01
 -8.98356126e-01 -7.78017045e-01]","[  0.59863075   0.04578408 -34.29455785  22.52977696  -1.24107508
  -0.29297624]",[-4.22171395  0.11225403 13.91543167 60.74697196 -1.19690936  0.38352079],"[ 2.92472778e-01  7.58041817e-03 -2.05438283e+02  6.20851053e+01
 -1.20734623e+00  4.16969259e-01]","[ 5.20642760e-02  1.64009926e-02  9.63904912e+01 -3.01850113e+00
 -1.32445431e+00 -3.40262468e-02]","[ 4.55175252e-02  1.57933782e-02 -9.94398851e+01  6.52625748e+00
 -1.29064262e+00 -2.75955314e-01]","[-1.26521280e-01  3.81605703e-03 -4.14177123e+02 -5.04022199e+01
 -1.30070180e+00 -6.96481177e-02]",010,LW
504,1,0.3493615353083497,1,[-2.40150025  0.16299338  9.35394741 24.46350704 -1.07195852  0.61276453],"[ 6.39212042e-01  1.34243448e-02  8.05245377e+01 -4.94722541e+01
 -4.58115244e-01 -9.51973022e-01]","[  0.56682789   0.0550724  -28.55804682  18.18749736  -1.25635923
  -0.25615216]",[-4.14140947  0.14260414 10.99079643 47.51738841 -1.22739895  0.32723185],"[ 2.88396260e-01  5.51705567e-03 -2.78940053e+02  8.24452683e+01
 -1.07377087e+00  5.61750812e-01]","[ 6.19925056e-02  1.56109274e-02  1.01167425e+02 -4.27162217e+00
 -1.31732441e+00 -1.14949989e-01]","[ 3.51977940e-02  1.80045157e-02 -8.76849815e+01  5.08631792e+00
 -1.33254482e+00 -1.26560599e-01]","[-1.28958527e-01  3.94609490e-03 -4.00627708e+02 -4.96643591e+01
 -1.31406806e+00 -3.87413862e-02]",010,LW
505,1,0.2723669707079519,1,[-2.28243448  0.22864017  6.8189225  17.56374382 -1.21772506  0.40058254],"[ 6.39887203e-01  1.20517637e-02 -7.83812665e+01  5.21551694e+01
 -6.06881486e-01 -8.30685456e-01]","[  0.52907174   0.06470643 -24.33704822  14.87604447  -1.26810113
  -0.22369299]",[-4.0415003   0.17475923  8.99056089 38.33535454 -1.25003037  0.27843347],"[ 2.85404895e-01  3.73136866e-03 -4.11541638e+02  1.19455998e+02
 -9.81013307e-01  6.01770167e-01]","[ 7.11715074e-02  1.40326363e-02  1.12262031e+02 -5.98985797e+00
 -1.29718832e+00 -2.08140805e-01]","[ 2.39526340e-02  1.87388148e-02 -8.43640022e+01  4.02074006e+00
 -1.34258042e+00  4.49113755e-03]","[-1.31422797e-01  3.96042625e-03 -3.99199286e+02 -5.04638868e+01
 -1.32389147e+00  2.10650870e-02]",010,LW
506,1,0.2411368683317765,1,[-2.12387998  0.28554725  5.50352485 13.68882624 -1.2748104   0.2685404 ],"[ 6.30517776e-01  2.47841987e-02 -5.92803046e+01  3.93772858e+01
 -8.76156292e-01 -7.99154518e-01]","[  0.48522337   0.07444791 -21.17365334  12.27395148  -1.27755832
  -0.19432566]",[-3.92125121  0.20752254  7.58511212 31.74313013 -1.26746323  0.23470598],"[ 2.83171500e-01  2.72892901e-03 -5.74739597e+02  1.64749874e+02
 -1.05237811e+00  2.60528707e-01]","[ 7.91425011e-02  1.17745499e-02  1.33083013e+02 -8.53252249e+00
 -1.25518630e+00 -3.23594793e-01]","[ 1.27212499e-02  1.79271592e-02 -8.80537407e+01  3.12015364e+00
 -1.32900359e+00  1.32622011e-01]","[-1.33821970e-01  3.78844421e-03 -4.16915244e+02 -5.37924192e+01
 -1.32405316e+00  1.07960385e-01]",010,LW
507,1,0.1880522831628912,1,[-1.93271971  0.33082664  4.76709945 11.21346708 -1.30105986  0.17492822],"[ 6.11666877e-01  3.85520720e-02 -4.00617961e+01  2.65044737e+01
 -1.15587407e+00 -5.05959166e-01]","[  0.43531983   0.08400499 -18.78001585  10.17531329  -1.285758
  -0.16643669]",[-3.78076853  0.23946167  6.58277895 26.88796353 -1.28143993  0.19394496],"[ 2.81127803e-01  2.95046258e-03 -5.27032079e+02  1.50163371e+02
 -9.89297275e-01 -4.45430968e-01]","[ 8.55290372e-02  9.01542496e-03  1.71753574e+02 -1.26899178e+01
 -1.16663223e+00 -4.82794948e-01]","[ 2.43515662e-03  1.56952429e-02 -1.00069636e+02  2.24368524e+00
 -1.28814257e+00  2.75327167e-01]","[-1.36026164e-01  3.38459317e-03 -4.64981072e+02 -6.12495918e+01
 -1.30378202e+00  2.30010420e-01]",010,LW
508,1,0.447456533852269,1,[-1.7171315   0.36246267  4.35844426  9.48402194 -1.31406068  0.10040379],"[  0.5843171    0.05087251 -30.78972241  19.99096139  -1.25446409
  -0.32989535]","[  0.37961736   0.09300103 -16.9751025    8.44404354  -1.29328049
  -0.13830023]",[-3.62112513  0.26894275  5.86770238 23.24768455 -1.29269845  0.15457066],"[ 2.78564218e-01  4.49915077e-03 -3.37812879e+02  9.61025804e+01
 -8.98371075e-01 -6.92743592e-01]","[ 9.00682937e-02  5.99463412e-03  2.49482417e+02 -2.04704556e+01
 -9.48215825e-01 -7.33257996e-01]","[-6.07828684e-03  1.23138238e-02 -1.25890554e+02  1.23480111e+00
 -1.19278848e+00  4.63633859e-01]","[-1.37882058e-01  2.73316238e-03 -5.69315993e+02 -7.64984607e+01
 -1.23129068e+00  4.15363929e-01]",010,LW
509,1,0.4690381576749819,1,[-1.48637153  0.37891189  4.17228449  8.20156488 -1.32035872  0.03392698],"[  0.5498911    0.06076092 -25.92623604  16.25660635  -1.29838952
  -0.20832187]","[  0.31864745   0.10095215 -15.64737694   6.98599683  -1.30031855
  -0.10832933]",[-3.44443389  0.29422687  5.36801656 20.48977817 -1.30145831  0.11568789],"[ 2.74714739e-01  7.25650200e-03 -2.09818403e+02  5.96402079e+01
 -9.59931440e-01 -6.64455071e-01]","[ 9.26264850e-02  3.09418663e-03  3.98257167e+02 -3.48891615e+01
 -4.21883654e-01 -1.03271164e+00]","[-1.21605807e-02  8.17634348e-03 -1.81288391e+02 -2.04572109e-01
 -9.29450583e-01  7.58882499e-01]","[-1.39227068e-01  1.85942844e-03 -7.98615070e+02 -1.09188834e+02
 -9.73192386e-01  7.30428059e-01]",010,LW
510,1,0.4885009301290823,1,[-1.25060336  0.37889294  4.17248971  7.21812964 -1.32192098 -0.03295051],"[  0.51025661   0.06743837 -23.42075279  13.95059393  -1.3208591
  -0.1092898 ]","[  0.25327824   0.10727153 -14.73274756   5.73148434  -1.30672573
  -0.0751239 ]",[-3.25386003  0.31363058  5.03894451 18.39602016 -1.30784431  0.07677117],"[ 2.68825253e-01  1.11472637e-02 -1.37833495e+02  3.90531241e+01
 -1.04955006e+00 -5.80025931e-01]","[ 9.31986834e-02  1.96578021e-03 -3.04416619e+02  3.03712281e+01
 -1.18691028e+00 -4.86771999e-01]","[-1.53561259e-02  4.09216265e-03 -2.55556531e+02 -1.92435825e+00
 -5.08532298e-01  9.06927665e-01]","[-1.39901539e-01  9.56060161e-04 -9.58039462e+02 -1.32031195e+02
 -7.37612241e-01  7.25277208e-01]",010,LW
511,1,0.5035081025290531,1,[-1.02068355  0.36141638  4.37037317  6.46076799 -1.317246   -0.108203  ],"[ 4.67695491e-01  7.02383743e-02 -2.25086341e+01  1.25271867e+01
 -1.33092410e+00 -1.61310544e-02]","[  0.18475975   0.11131098 -14.20287787   4.62412021  -1.311956
  -0.03749555]",[-3.0535299   0.32571761  4.85370568 16.82093542 -1.31183486  0.03742576],"[ 2.60216489e-01  1.60383431e-02 -9.66073617e+01  2.71388284e+01
 -1.12762234e+00 -4.90422849e-01]","[ 9.18960261e-02  3.96623622e-03 -3.64322876e+02  3.54798245e+01
 -8.34868188e-01 -8.32493232e-01]","[-1.54229969e-02  3.95630217e-03  2.48937420e+02  5.83936106e+00
 -5.55141082e-01  8.68545272e-01]","[-1.39758508e-01  1.24656530e-03  8.75939844e+02  1.24420046e+02
 -3.68333610e-01  1.02559095e+00]",010,LW
512,1,0.5089269155389327,1,[-0.80776927  0.32620434  4.83046446  5.90190074 -1.30071097 -0.20060917],"[  0.42481569   0.06868992 -23.00323986  11.77213723  -1.32896359
   0.08221799]","[ 1.14732097e-01  1.12438090e-01 -1.40619884e+01  3.61336142e+00
 -1.31511697e+00  5.58323812e-03]","[-2.84832775e+00  3.29460570e-01  4.79909731e+00  1.56694020e+01
 -1.31332613e+00 -2.70801241e-03]","[ 2.48350309e-01  2.16673871e-02 -7.19814293e+01  1.98766102e+01
 -1.18967041e+00 -4.04899211e-01]","[ 8.89247005e-02  6.24308821e-03 -2.47401247e+02  2.40000818e+01
 -1.17283339e+00 -4.98467314e-01]","[-1.23294098e-02  8.06739183e-03  1.82623269e+02  4.25163713e+00
 -8.93515440e-01  7.86607676e-01]","[-1.38671148e-01  2.65649753e-03  5.51455349e+02  7.84709462e+01
 -8.09659631e-01  8.39998628e-01]",010,LW
513,1,0.5089269155389327,1,[-0.62262871  0.27440982  5.71034087  5.55542216 -1.25951092 -0.32244366],"[  0.38439133   0.06265797 -25.14930848  11.66717626  -1.30955196
   0.19651897]","[  0.04518715   0.11012918 -14.35317533   2.64857912  -1.31509466
   0.05540077]",[-2.64365269  0.32429008  4.87483092 14.88735988 -1.31242277 -0.04450671],"[ 2.32894398e-01  2.76425976e-02 -5.66998162e+01  1.52050695e+01
 -1.23624880e+00 -3.25320487e-01]","[ 8.45622872e-02  8.13772391e-03 -1.92768275e+02  1.83009262e+01
 -1.27440406e+00 -3.00530509e-01]","[-6.24476292e-03  1.24085116e-02  1.24633407e+02  2.77830608e+00
 -1.17007289e+00  4.90835075e-01]","[-1.36537780e-01  4.33663804e-03  3.53354804e+02  5.02462806e+01
 -1.06993565e+00  5.89030290e-01]",010,LW
514,1,0.5089269155389327,1,[-0.47465754  0.2092952   7.38659368  5.50610241 -1.16173074 -0.49680033],"[  0.34913761   0.05246505 -29.82434589  12.41280075  -1.25726193
   0.34347382]","[ -0.02161414   0.10404676 -15.17966714   1.67190456  -1.31032426
   0.11442897]",[-2.44521449  0.30998703  5.09718238 14.46370423 -1.30916793 -0.09040967],"[ 2.13770360e-01  3.35028995e-02 -4.69454771e+01  1.20355516e+01
 -1.26870220e+00 -2.53104166e-01]","[ 7.91367526e-02  9.51496091e-03 -1.65750295e+02  1.51169401e+01
 -1.31102220e+00 -1.71709139e-01]","[ 2.46946832e-03  1.61626409e-02  9.70185138e+01  1.76041585e+00
 -1.26810804e+00  3.08939700e-01]","[-1.33284607e-01  6.13824756e-03  2.53352632e+02  3.57680059e+01
 -1.17464718e+00  4.41056646e-01]",010,LW
515,1,0.7927888879365182,1,[-0.37077056  0.13674877 10.84163717  6.01975987 -0.90666409 -0.77171761],"[ 3.21455097e-01  3.89557701e-02 -3.93969387e+01  1.46643467e+01
 -1.12391346e+00  5.58196536e-01]","[ -0.08325879   0.09408036 -16.75663011   0.60486331  -1.29768348
   0.18782029]",[-2.25888541  0.28649325  5.50929321 14.44486203 -1.30238626 -0.14529113],"[ 1.91168821e-01  3.88088486e-02 -4.06218499e+01  9.76563114e+00
 -1.28951222e+00 -1.89327498e-01]","[ 7.30104621e-02  1.03163503e-02 -1.53186562e+02  1.31842216e+01
 -1.32554468e+00 -7.28438876e-02]","[ 1.32717230e-02  1.89754856e-02  8.30927339e+01  8.97216255e-01
 -1.31100993e+00  1.79326768e-01]","[-1.28866509e-01  7.99697323e-03  1.95761171e+02  2.72270588e+01
 -1.22513543e+00  3.45987908e-01]",010,LW
516,1,0.7927888879365182,1,[-0.31442593  0.06803786 16.82271663  7.28949838 -0.3950717  -1.01828304],"[ 3.03190865e-01  2.36685489e-02 -5.99402217e+01  2.01733277e+01
 -7.35803011e-01  8.96738618e-01]","[ -0.13731668   0.08035878 -19.53931642  -0.68307413  -1.26932981
   0.28622378]",[-2.09058557  0.25382296  6.20479791 14.97166099 -1.28791812 -0.21720731],"[  0.16552239   0.04321807 -36.53108646   8.04671263  -1.30176901
  -0.13406478]","[ 6.65685490e-02  1.05077080e-02 -1.50459191e+02  1.20158500e+01
 -1.32929425e+00  1.66839914e-02]","[ 2.54612849e-02  2.05864708e-02  7.67654161e+01  4.54538675e-02
 -1.33073855e+00  7.01206563e-02]","[-1.23266452e-01  9.86524328e-03  1.59251103e+02  2.16303185e+01
 -1.25303455e+00  2.79501588e-01]",010,LW
517,1,0.7927888879365182,1,"[ -0.30502218   0.04913941 -16.51107033  -3.03624259  -0.88555581
  -0.63215104]","[ 2.95458838e-01  1.12717879e-02 -4.38288812e+01  1.49496303e+01
 -1.29336871e+00  4.52569483e-01]","[ -0.18147956   0.06327315 -24.57650095  -2.46013258  -1.20223648
   0.43257701]",[-1.94615334  0.21222288  7.38555075 16.37341425 -1.25491732 -0.31976162],"[  0.13744159   0.04651994 -33.96726966   6.66851564  -1.30814109
  -0.08657944]","[ 6.02096452e-02  1.00701135e-02 -1.56837480e+02  1.14431290e+01
 -1.32311016e+00  1.11257572e-01]","[ 3.82096064e-02  2.08055065e-02  7.59790557e+01 -9.03129817e-01
 -1.33524581e+00 -3.62167522e-02]","[-1.16494617e-01  1.17006643e-02  1.34555423e+02  1.76749824e+01
 -1.27037028e+00  2.29391646e-01]",010,LW
518,1,0.7927888879365182,1,"[ -0.33781949   0.09478848 -15.58536669  -3.26504063  -0.97459858
  -0.7359101 ]","[ 2.98547801e-01  1.72548272e-02  7.40879125e+01 -2.01187834e+01
 -5.27028875e-01  9.77345883e-01]","[ -0.21370064   0.04361009 -34.58693258  -5.39124963  -1.01440346
   0.67784997]",[-1.83111447  0.16259607  9.52388773 19.43932862 -1.17254423 -0.4797961 ],"[  0.1076291    0.04864184 -32.49973205   5.49791678  -1.31031627
  -0.04625655]","[ 5.43361146e-02  9.00595790e-03 -1.74785344e+02  1.14971565e+01
 -1.30039389e+00  2.26264692e-01]","[ 5.06006505e-02  1.95310175e-02  8.07804581e+01 -2.08754372e+00
 -1.32307100e+00 -1.54663288e-01]","[-1.08588074e-01  1.34601308e-02  1.17129421e+02  1.47188582e+01
 -1.28219564e+00  1.88886734e-01]",010,LW
519,1,0.7927888879365182,1,"[ -0.40440131   0.13725572 -11.36111422  -2.59444946  -1.27477368
  -0.37640397]","[ 3.11923054e-01  3.11674437e-02  4.86323880e+01 -1.31695630e+01
 -1.06045564e+00  6.40076171e-01]","[-2.32337655e-01  2.34557673e-02 -5.36482984e+01 -1.04645199e+01
 -4.90546850e-01  9.93191319e-01]",[-1.75027551  0.10731303 13.84990894 26.24115643 -0.93255946 -0.75297373],"[ 7.67891868e-02  4.96470835e-02 -3.18468588e+01  4.44549439e+00
 -1.30933810e+00 -1.33871960e-02]","[ 4.93408686e-02  7.35184804e-03 -2.12175720e+02  1.24689343e+01
 -1.23837497e+00  3.87643137e-01]","[ 6.16794117e-02  1.67674969e-02  9.34997568e+01 -3.76700999e+00
 -1.28016948e+00 -3.07971644e-01]","[-9.96104483e-02  1.50990544e-02  1.04516264e+02  1.24109119e+01
 -1.29052969e+00  1.54393117e-01]",010,LW
520,1,0.7927888879365182,1,[-0.49356897  0.16225624 -9.72464579 -2.79978337 -1.3535546  -0.13714158],[ 0.3343068   0.0437083  35.70800933 -9.9374304  -1.24494464  0.37920972],"[-2.36296634e-01  1.56995177e-02  3.58648300e+01  1.04747386e+01
 -1.18813545e+00  5.05919945e-01]",[-1.70714993  0.05398379 20.50841613 37.01094119 -0.45733541 -0.95799523],"[ 4.55518253e-02  4.97166738e-02 -3.18025451e+01  3.44866398e+00
 -1.30650137e+00  1.12652093e-02]","[ 4.55896315e-02  5.20289256e-03 -2.90798310e+02  1.52573878e+01
 -1.05124463e+00  6.50123544e-01]","[ 7.05062651e-02  1.26495041e-02  1.21401200e+02 -6.55954521e+00
 -1.14817368e+00 -5.43620225e-01]","[-8.96505880e-02  1.65758017e-02  9.52695039e+01  1.05409670e+01
 -1.29624421e+00  1.24316560e-01]",010,LW
521,1,0.7927888879365182,1,[-0.59251245  0.16672817 -9.47742443 -3.61549194 -1.36051215  0.05575593],[ 0.36381309  0.05310657 29.6548351  -8.78881722 -1.30823274  0.21232099],"[-2.25163433e-01  3.32399520e-02  4.28927996e+01  1.16578900e+01
 -7.45981039e-01  8.90300169e-01]","[ -1.70331707   0.04622662 -19.48576623 -31.19043815  -0.6789023
  -0.77900736]","[ 1.44305570e-02  4.90912951e-02 -3.22060329e+01  2.46475099e+00
 -1.30364944e+00  2.82265391e-02]","[ 4.33996067e-02  2.84336340e-03 -4.37544806e+02  2.09892725e+01
 -5.15894921e-01  9.65611487e-01]","[ 7.62144870e-02  7.60666983e-03  1.81086263e+02 -1.18013967e+01
 -6.95679758e-01 -9.09151301e-01]","[-7.88195665e-02  1.78575499e-02  8.84732260e+01  8.97342132e+00
 -1.29999087e+00  9.79801089e-02]",010,LW
522,1,0.485995284468009,1,"[ -0.68808396   0.15096495 -10.41036509  -5.16320522  -1.31771817
   0.25310347]",[ 0.39811132  0.05862153 26.95149625 -8.72969584 -1.33103517  0.08766202],[-0.19930013  0.05477366 28.00921147  7.58223936 -1.11219214  0.5651965 ],"[ -1.73787363   0.09364755 -15.69143014 -25.26972258  -0.90044075
  -0.78531562]","[-1.61760598e-02  4.79754794e-02 -3.29528135e+01  1.46695332e+00
 -1.30230616e+00  4.08255988e-02]","[ 4.30168091e-02  2.08783900e-03  3.04861224e+02 -1.11141571e+01
 -1.03641166e+00  5.92371670e-01]","[ 7.80696695e-02  4.28679860e-03 -8.91579922e+00  2.69605350e+00
 -1.71218798e+00 -2.54665281e-01]","[-6.72456106e-02  1.89231944e-02  8.35177982e+01  7.61620534e+00
 -1.30236460e+00  7.48662189e-02]",010,LW
523,1,0.485995284468009,1,"[ -0.7679836    0.11770157 -13.08908037  -8.05219912  -1.18125133
   0.51105126]","[ 4.34594318e-01  5.99155532e-02  2.63854933e+01 -9.46698544e+00
 -1.33520188e+00 -2.15074950e-02]",[-0.15987788  0.07464373 20.93570447  5.34715597 -1.23809626  0.36651103],"[ -1.80715939   0.14238471 -10.88257665 -17.66655063  -1.19947133
  -0.46437665]","[ -0.04594268   0.04644837 -34.03257938   0.43645218  -1.30268745
   0.05467721]","[ 4.45952947e-02  4.53703107e-03  3.14239725e+02 -1.20136132e+01
 -7.28105043e-01  9.01807685e-01]","[ 7.55271104e-02  8.85028517e-03 -1.52606894e+02  1.35259577e+01
 -5.48965759e-01 -1.00083334e+00]","[-5.50679601e-02  1.97617679e-02  7.99908324e+01  6.40493196e+00
 -1.30383560e+00  5.43544906e-02]",010,LW
524,1,0.485995284468009,1,"[ -0.82170314   0.07272049 -19.21392747 -13.78814456  -0.73875451
   0.88869181]","[  0.4705377    0.05692627  27.73002494 -11.04802204  -1.3246058
  -0.13391048]",[-0.10882254  0.09111267 17.27168902  3.87954915 -1.28937929  0.23588969],"[ -1.90490179   0.18076466  -8.69361915 -14.56049068  -1.29722801
  -0.2618829 ]","[ -0.07454983   0.04443687 -35.56522486  -0.65138147  -1.30361663
   0.0755137 ]","[ 4.81815027e-02  7.56908068e-03  2.02234674e+02 -7.74397052e+00
 -1.08831931e+00  5.87197569e-01]","[ 6.82806301e-02  1.59985977e-02 -9.45847495e+01  8.45830630e+00
 -1.01117177e+00 -6.69836514e-01]","[-4.24319575e-02  2.03680923e-02  7.76200982e+01  5.29357270e+00
 -1.30476041e+00  3.56979190e-02]",010,LW
525,1,0.485995284468009,1,[-0.84117767  0.03907425 -3.29726237 -0.77358347 -1.70062171  0.25211072],"[  0.50325397   0.04983953  31.52142275 -13.86328117  -1.2903486
  -0.26994828]",[-0.04866642  0.10319068 15.29698523  2.74444945 -1.3115832   0.13967438],"[ -2.02283009   0.20494707  -7.70459863 -13.58509393  -1.32963675
  -0.11900586]","[ -0.10161984   0.04176902 -37.81867949  -1.84312822  -1.30293592
   0.1074275 ]","[ 5.37060351e-02  1.04981126e-02  1.48585959e+02 -5.97996275e+00
 -1.21852846e+00  3.94677171e-01]","[ 5.62979902e-02  2.32981692e-02 -6.66516584e+01  5.75235442e+00
 -1.18256458e+00 -4.52682462e-01]","[-2.94863834e-02  2.07387662e-02  7.62385373e+01  4.24799874e+00
 -1.30534485e+00  1.80893168e-02]",010,LW
526,1,0.485995284468009,1,[-0.82118631  0.07593176 17.51454784 16.38270691 -0.52760488  1.00609313],"[ 5.30254239e-01  3.91497071e-02  3.95918668e+01 -1.89937552e+01
 -1.19732362e+00 -4.62685456e-01]",[ 0.01767641  0.11040952 14.31537549  1.74695548 -1.31954377  0.0631378 ],"[-2.15168944e+00  2.13918263e-01 -7.39055329e+00 -1.39021755e+01
 -1.33346351e+00 -7.50748114e-03]","[-1.26687904e-01  3.82723016e-02 -4.12337730e+01 -3.22382029e+00
 -1.29780076e+00  1.52782802e-01]","[ 6.09847682e-02  1.30752538e-02  1.20195881e+02 -5.33011791e+00
 -1.27495200e+00  2.67584623e-01]","[ 3.98377145e-02  3.00448383e-02 -5.21892528e+01  4.07910055e+00
 -1.25540294e+00 -3.13291647e-01]","[-1.63819649e-02  2.08707571e-02  7.57583651e+01  3.24107088e+00
 -1.30558693e+00  8.60900522e-04]",010,LW
527,1,0.485995284468009,1,[-0.75958392  0.1379464  10.96404842 10.32811488 -1.01766641  0.66851081],"[ 5.49426526e-01  2.58687140e-02  5.70281872e+01 -2.93327987e+01
 -9.15375880e-01 -7.72780213e-01]","[ 8.71733977e-02  1.12788365e-01  1.40181693e+01  7.77988551e-01
 -1.31942686e+00 -8.00933856e-04]","[ -2.28245946   0.20898262  -7.56103235 -15.25774981  -1.32158815
   0.08394917]","[-1.49219013e-01  3.38586903e-02 -4.65217987e+01 -4.94193689e+00
 -1.28469498e+00  2.13907142e-01]","[ 6.97306290e-02  1.51304541e-02  1.04236838e+02 -5.26850028e+00
 -1.30233270e+00  1.73236508e-01]","[ 1.94394339e-02  3.57548655e-02 -4.40550155e+01  2.85640456e+00
 -1.29144984e+00 -2.12121588e-01]","[-3.27021037e-03  2.07623997e-02  7.61521106e+01  2.24903342e+00
 -1.30541282e+00 -1.63917787e-02]",010,LW
528,1,0.485995284468009,1,[-0.65743878  0.19917454  7.80620872  7.13210432 -1.20106821  0.43461779],"[ 5.59224081e-01  1.28404600e-02  7.53653312e+01 -4.01461081e+01
 -5.88920272e-01 -8.41905642e-01]",[ 0.15692807  0.11075603 14.27187302 -0.23965749 -1.31438437 -0.05617325],"[ -2.4074889    0.19324019  -8.16502855 -17.65721559  -1.3007506
   0.15929483]","[-1.68654615e-01  2.85576694e-02 -5.49588045e+01 -7.26905602e+00
 -1.25789146e+00  2.96765016e-01]","[ 7.95756101e-02  1.65470867e-02  9.54767278e+01 -5.59761887e+00
 -1.31536005e+00  9.67032631e-02]","[-4.11712125e-03  4.00598871e-02 -3.94119369e+01  1.83773628e+00
 -1.30992061e+00 -1.31242302e-01]","[ 9.69702013e-03  2.04140818e-02  7.74459385e+01  1.24900518e+00
 -1.30487501e+00 -3.40584780e-02]",010,LW
529,1,0.3622272064729314,1,[-0.51906634  0.25194737  6.23372578  5.23571724 -1.27823155  0.27896143],"[ 5.58834226e-01  1.36308187e-02 -7.75395777e+01  4.53317699e+01
 -5.05164498e-01 -9.10847346e-01]",[ 0.22437851  0.10501041 15.04298641 -1.37532286 -1.30621312 -0.10607145],"[ -2.52126208   0.17073379  -9.22456456 -21.25754481  -1.27640763
   0.21932295]","[-1.84464340e-01  2.24982989e-02 -6.92194658e+01 -1.07685231e+01
 -1.20205146e+00  4.17898248e-01]","[ 9.01007167e-02  1.72651256e-02  9.15695489e+01 -6.25048199e+00
 -1.31971510e+00  3.06924810e-02]","[-2.98820418e-02  4.27285116e-02 -3.69910455e+01  8.94632032e-01
 -1.31772329e+00 -6.27629141e-02]","[ 2.23669134e-02  1.98261254e-02  7.97321215e+01  2.16638546e-01
 -1.30408367e+00 -5.29498570e-02]",010,LW
530,1,0.3622272064729314,1,[-0.35183718  0.29095691  5.42221744  3.90773771 -1.3145675   0.15960887],"[ 5.48282852e-01  2.69552910e-02 -5.50976013e+01  3.22090700e+01
 -9.48243525e-01 -7.45720405e-01]",[ 0.28740727  0.09634728 16.37909016 -2.70746961 -1.29572734 -0.1539358 ],"[ -2.62064019   0.14544649 -10.80939949 -26.32754671  -1.25343502
   0.26460116]","[-1.96185219e-01  1.58866222e-02 -9.59277629e+01 -1.68196092e+01
 -1.06232838e+00  6.18871550e-01]","[ 1.00870208e-01  1.72845744e-02  9.14680176e+01 -7.22639795e+00
 -1.31799671e+00 -2.86240717e-02]","[-5.68249719e-02  4.37000480e-02 -3.61805406e+01 -5.59582066e-02
 -1.31818723e+00 -3.48234696e-03]","[ 3.45847658e-02  1.89955596e-02  8.32000487e+01 -8.77454202e-01
 -1.30289420e+00 -7.43764065e-02]",010,LW
531,0,0.14791885204386,0,[-0.04896272  0.53144127  2.78128437  2.13617924 -0.49558403  0.91329075],"[  0.49225825   0.11556798 -11.43653984   7.62973104   0.03269731
  -1.3448496 ]",[ 0.35924104  0.11018909 14.16141676 -3.08736214 -0.97313811  0.34818016],"[ -2.72964741   0.16180796  -9.61461674 -24.24451366  -0.9166284
  -0.36565422]",[-0.18609193  0.03691874 22.6020564   6.20606021 -0.02964371  1.30639355],"[ 1.16757764e-01  2.62189830e-02  5.75455589e+01 -4.71889078e+00
 -6.40706834e-01  7.53528917e-01]","[ -0.09966387   0.07208031 -20.68017589  -0.06106626  -0.5446341
  -0.84945484]","[ 5.26232531e-02  2.96452184e-02  5.04979678e+01 -6.57367338e-01
 -5.71692810e-01  8.13113261e-01]",010,LW
532,0,0.14791885204386,0,[ 0.2252853   0.56106454  2.68278133  1.39560881 -1.72748441  0.21471608],"[  0.43139505   0.1417244  -10.35719604   6.46804307  -1.78300349
  -0.36958632]",[ 0.41516418  0.09798534 15.54280806 -4.4528171  -1.55848984 -0.03124445],"[ -2.81596827   0.14831467 -10.34173493 -27.12199743  -1.60213455
  -0.03185954]",[-0.16649312  0.05620706 24.25641826  6.03852668 -1.57863239  0.51055855],"[ 1.30560948e-01  2.66900058e-02  5.67996211e+01 -5.41581236e+00
 -1.69857105e+00  1.71500839e-01]","[ -0.13749195   0.07511103 -20.09010651  -0.76222793  -1.72042316
  -0.20775682]","[ 6.85229617e-02  3.09517864e-02  4.89235278e+01 -1.35238502e+00
 -1.71555457e+00  2.08214867e-01]",010,LW
533,0,0.14791885204386,0,[ 0.45715247  0.48702596  2.85498693  0.69483567 -1.68481548 -0.47411307],"[  0.36910987   0.14047491 -10.39882281   5.83830814  -1.77754257
   0.38951566]",[ 0.45490403  0.07377748 17.80470624 -6.09943254 -1.44723429 -0.53272457],"[ -2.88147923   0.11913123 -11.83177565 -32.09301583  -1.57633551
   0.52681131]",[-0.13745071  0.06994094 21.76299216  4.99133875 -1.63790699 -0.07812862],"[ 1.41930032e-01  2.28245486e-02  6.15098422e+01 -6.73009388e+00
 -1.66485620e+00 -4.85301761e-01]","[ -0.16894769   0.06512487 -21.47517266  -1.6281808   -1.69075828
   0.47248748]","[ 8.20490410e-02  2.73055786e-02  5.23303104e+01 -2.29365179e+00
 -1.69839017e+00 -4.65743520e-01]",010,LW
534,0,0.14791885204386,0,[ 0.63571023  0.33924662  2.91309932  0.14811297  0.17491867 -1.44734794],"[  0.30865995   0.11266777 -11.578585     5.57384547   0.07636231
   1.37393381]",[ 0.47874329  0.04634071 12.94117473 -4.19550057 -0.46422265 -0.98643444],"[ -2.92785555   0.07889855 -13.17618185 -36.57795714   0.21379449
   1.4743094 ]",[-0.09922552  0.07369632 20.90065146  4.07387802 -0.82561719 -0.53724273],"[ 1.50631382e-01  1.58129602e-02  6.58949984e+01 -7.92585465e+00
  2.17448307e-01 -1.47677876e+00]","[ -0.19288022   0.04552927 -22.08511729  -2.25978218   0.18381617
   1.45375254]","[ 9.29874125e-02  1.96031932e-02  5.85541991e+01 -3.44480347e+00
  2.37120067e-01 -1.49054491e+00]",010,LW
535,0,0.14791885204386,0,"[  0.75350642   0.08400926 -17.46861022  15.16270996  -0.88332985
  -0.79575843]","[ 2.52895141e-01  2.52263336e-02 -6.10765372e+01  1.74459595e+01
 -1.11610936e+00  5.38064413e-01]","[ 4.87457924e-01  2.93905285e-02 -5.30895313e+01  2.78789127e+01
 -1.23569841e+00 -3.85410677e-01]","[-2.95620958e+00  1.65955665e-02  8.31269834e+01  2.47740785e+02
 -5.54883676e-01  1.00552742e+00]",[-0.05231421  0.05770427 27.36433942  3.43154389 -1.29988516  0.12764973],"[ 1.56544400e-01  2.83579558e-03 -4.95784812e+02  7.96123360e+01
 -7.21484337e-01 -9.02395745e-01]","[-2.08371351e-01  1.17824633e-02  1.19898446e+02  2.69834012e+01
 -6.97617209e-01  9.20141573e-01]","[ 1.01154323e-01  1.64672600e-03 -3.16933913e+02  3.40592355e+01
 -1.24954831e+00 -4.79766554e-01]",010,LW
536,0,0.14791885204386,0,"[  0.69023968   0.12989629 -11.90407296  10.2166635   -1.17022539
  -0.49171887]","[ 2.40240665e-01  1.61852119e-02 -9.18979807e+01  2.40776320e+01
 -8.92695165e-01  7.73363778e-01]","[ 4.67388986e-01  3.61070007e-02 -4.35823119e+01  2.23698925e+01
 -1.29325822e+00 -2.35378870e-01]","[-2.94192654e+00  3.06913846e-02  4.90761150e+01  1.46378325e+02
 -9.41135581e-01  7.17231038e-01]","[-1.48426406e-02  6.19067034e-02  2.55253802e+01  2.37886404e+00
 -1.30827958e+00  8.49300808e-02]","[ 1.54360642e-01  4.71164638e-03 -3.25618380e+02  5.22626621e+01
 -1.12002422e+00 -5.61433554e-01]","[-1.99021074e-01  1.99274794e-02  7.66960020e+01  1.72641207e+01
 -1.07805250e+00  5.99214732e-01]","[ 9.99789440e-02  3.53013751e-03 -4.01793490e+02  4.21708888e+01
 -7.11360715e-01 -9.11645435e-01]",010,LW
537,0,0.14791885204386,0,[ 0.59884874  0.16959446 -9.24488537  7.53628799 -1.26458704 -0.31192557],"[ 2.33190483e-01  8.14546020e-03 -1.53746014e+02  3.78521074e+01
 -3.77505502e-01  1.07595926e+00]","[  0.443628     0.04079711 -38.69785562  19.16745241  -1.31456415
  -0.13205659]","[-2.91760303e+00  4.73338514e-02  3.25467310e+01  9.69584411e+01
 -1.09087099e+00  5.47750326e-01]",[ 0.02469195  0.06446922 24.5219613   1.39450494 -1.31461679  0.03883604],"[ 1.50988395e-01  6.39364832e-03 -2.44580413e+02  3.89288041e+01
 -1.24502391e+00 -3.55689549e-01]","[-1.84431703e-01  2.78216359e-02  5.60363874e+01  1.23348864e+01
 -1.21457473e+00  4.02097533e-01]","[ 9.71771117e-02  5.94605603e-03 -2.57175453e+02  2.69915677e+01
 -1.07885938e+00 -5.96218995e-01]",010,LW
538,0,0.1648566691758389,0,[ 0.48468241  0.20056269 -7.85840806  5.80883213 -1.3011285  -0.19369312],"[ 2.31251523e-01  4.37679416e-03  1.02766982e+02 -2.17650211e+01
 -1.46105518e+00  3.32706410e-01]","[  0.4174755    0.04343735 -36.39003609  17.19194855  -1.31990386
  -0.05455085]","[-2.88189219e+00  6.63263314e-02  2.34464707e+01  6.95702008e+01
 -1.16132895e+00  4.45036349e-01]","[ 6.51346068e-02  6.50073637e-02  2.43214890e+01  4.15829376e-01
 -1.31765260e+00 -1.22405660e-02]","[ 1.46635769e-01  7.74747957e-03 -2.03209807e+02  3.17978264e+01
 -1.29373414e+00 -2.24445730e-01]","[-1.65131029e-01  3.47482290e-02  4.52213833e+01  9.46745356e+00
 -1.27564086e+00  2.70254801e-01]","[ 9.28099225e-02  8.31350392e-03 -1.87481084e+02  1.94001049e+01
 -1.20897247e+00 -4.06710074e-01]",010,LW
539,0,0.1784052082610257,0,[ 0.35373728  0.22171514 -7.1243149   4.52013576 -1.31516247 -0.10733781],"[ 2.33691063e-01  8.23049504e-03  1.76058704e+02 -3.91433455e+01
 -8.90821863e-01  7.94915407e-01]","[ 3.90154258e-01  4.42120349e-02 -3.57616666e+01  1.59525665e+01
 -1.31689818e+00  4.88226581e-03]",[-2.83338744  0.08760537 17.83916006 52.54525207 -1.20041764  0.37628302],[ 0.10514914  0.06326345 24.98246561 -0.62688472 -1.31571617 -0.06891407],"[ 1.41550190e-01  8.69585387e-03 -1.81578142e+02  2.77024204e+01
 -1.31646122e+00 -1.25465073e-01]",[-0.14196431  0.04013155 39.30486244  7.57988749 -1.3076515   0.16738479],"[ 8.70017150e-02  1.04596791e-02 -1.50139976e+02  1.50624354e+01
 -1.26556751e+00 -2.84267874e-01]",010,LW
540,0,0.2216667812419191,0,[ 0.21230828  0.23286556 -6.78883864  3.44132667 -1.31913961 -0.03893706],"[ 2.39628000e-01  1.25441156e-02  1.23755586e+02 -2.76553037e+01
 -1.22613672e+00  4.37774733e-01]","[  0.36272098   0.04347155 -36.36414815  15.1900393   -1.31025955
   0.04955417]",[-2.77074094  0.11102017 14.11948697 41.12144055 -1.2263486   0.32517977],[ 0.1433174   0.05919442 26.67223049 -1.82259472 -1.30723906 -0.13164729],"[ 1.36014158e-01  9.17825870e-03 -1.72237009e+02  2.54266718e+01
 -1.32658611e+00 -3.88629601e-02]",[-0.11608651  0.04346453 36.35761715  6.22062885 -1.32447357  0.07624185],"[ 7.99418018e-02  1.22633739e-02 -1.28523782e+02  1.22744227e+01
 -1.29381862e+00 -1.94983230e-01]",010,LW
541,0,0.2267705612352084,0,[ 0.06668237  0.23435521 -6.74631809  2.44986046 -1.3184801   0.02071641],"[ 2.48114409e-01  1.56390564e-02  1.00632291e+02 -2.29683214e+01
 -1.31031964e+00  2.27465572e-01]","[  0.33600804   0.0416384  -37.95215645  14.75222974  -1.30327224
   0.08244442]",[-2.6928498   0.13610139 11.54292778 33.08337076 -1.24765321  0.28110525],[ 0.17826253  0.05299523 29.73402923 -3.30046334 -1.29054226 -0.20244906],"[ 1.30337728e-01  9.15286524e-03 -1.72704603e+02  2.45099255e+01
 -1.32715699e+00  4.65186766e-02]","[-8.89200332e-02  4.43523326e-02  3.56460986e+01  5.16965227e+00
 -1.33017074e+00 -1.33177311e-02]","[ 7.18797999e-02  1.36300245e-02 -1.15855902e+02  1.03276990e+01
 -1.30875489e+00 -1.23424700e-01]",010,LW
542,0,0.2267705612352084,0,[-0.07704315  0.22664149 -6.97251877  1.4628152  -1.31478487  0.08002262],"[ 2.58180797e-01  1.73238550e-02  9.12018657e+01 -2.15465703e+01
 -1.33695939e+00  8.33755011e-02]","[ 3.10608698e-01  3.91001795e-02 -4.04007166e+01  1.45488140e+01
 -1.29741044e+00  1.07337665e-01]",[-2.59912161  0.16182376  9.72611576 27.27935764 -1.26734541  0.23727898],[ 0.20876305  0.04504346 34.86006608 -5.27749366 -1.26180232 -0.28755362],"[ 1.24846314e-01  8.60575615e-03 -1.83416816e+02  2.48989134e+01
 -1.31679592e+00  1.39829475e-01]",[-0.06207571  0.04256907 37.10195086  4.30312998 -1.32414849 -0.11009074],"[ 6.31163747e-02  1.44883374e-02 -1.09095380e+02  8.88570488e+00
 -1.31658104e+00 -6.08774015e-02]",010,LW
543,0,0.2267705612352084,0,[-0.21299851  0.21004803 -7.51365535  0.39960261 -1.30635167  0.14803233],"[ 2.68836442e-01  1.75071520e-02  9.02795448e+01 -2.22704316e+01
 -1.34362794e+00 -4.82933378e-02]","[ 2.86905612e-01  3.61437040e-02 -4.36883385e+01  1.45344295e+01
 -1.29261157e+00  1.28126722e-01]",[-2.48978366  0.18654519  8.45080297 23.04067116 -1.28516971  0.19075471],"[ 2.33829858e-01  3.58036211e-02  4.35506827e+01 -8.18344996e+00
 -1.20890837e+00 -4.02074707e-01]","[ 1.19864002e-01  7.55755032e-03 -2.08055415e+02  2.69383547e+01
 -1.28866010e+00  2.53549375e-01]","[-3.72432722e-02  3.81000579e-02  4.13157408e+01  3.53873338e+00
 -1.30031244e+00 -2.25977916e-01]","[ 5.39915640e-02  1.47863873e-02 -1.06928398e+02  7.77323144e+00
 -1.31973022e+00 -1.07075376e-03]",010,LW
544,0,0.2267705612352084,0,[-0.33549704  0.18479134 -8.51590869 -0.85706218 -1.28705561  0.23653629],"[ 2.79042520e-01  1.60726285e-02  9.79787774e+01 -2.53402450e+01
 -1.32590225e+00 -2.07102465e-01]","[ 2.65126821e-01  3.29486546e-02 -4.79037133e+01  1.47005592e+01
 -1.28820086e+00  1.48000644e-01]",[-2.36616286  0.20820005  7.58189756 19.94000441 -1.29990067  0.14126962],"[ 2.52736067e-01  2.57659758e-02  5.94731874e+01 -1.30310194e+01
 -1.09058918e+00 -5.80479798e-01]","[ 1.15694147e-01  6.06642057e-03 -2.56714332e+02  3.17003457e+01
 -1.22045949e+00  4.11474154e-01]","[-1.60650862e-02  3.11662541e-02  5.00707812e+01  2.80439142e+00
 -1.23854903e+00 -3.83111849e-01]","[ 4.48714672e-02  1.44913861e-02 -1.09071370e+02  6.89419240e+00
 -1.31824552e+00  6.11736403e-02]",010,LW
545,0,0.2948137710874509,0,"[ -0.43901726   0.1512337  -10.33315408  -2.53643296  -1.23984971
   0.36582647]","[ 2.87693395e-01  1.29410054e-02  1.19778854e+02 -3.24595852e+01
 -1.23211179e+00 -4.46885722e-01]","[ 2.45403580e-01  2.96166923e-02 -5.32636966e+01  1.50711018e+01
 -1.28341895e+00  1.69462051e-01]",[-2.23084137  0.22465454  7.03335558 17.69030058 -1.31066589  0.08944269],"[ 2.65010988e-01  1.55500439e-02  9.21843898e+01 -2.24298762e+01
 -7.52644792e-01 -8.85389729e-01]","[ 1.12599141e-01  4.23806747e-03 -3.56535427e+02  4.21455829e+01
 -1.03124612e+00  6.64390022e-01]","[-9.07078115e-06  2.22664644e-02  6.82272182e+01  2.00061887e+00
 -1.06674673e+00 -6.29271934e-01]","[ 3.61318721e-02  1.35975042e-02 -1.16113968e+02  6.19541504e+00
 -1.31024591e+00  1.30530298e-01]",010,LW
546,0,0.2948137710874509,0,"[ -0.51831016   0.11034922 -13.87032592  -5.18913083  -1.10712104
   0.57901995]","[ 2.93638355e-01  8.32490864e-03  1.70309138e+02 -4.80092952e+01
 -8.29255522e-01 -8.31866099e-01]","[ 2.27813945e-01  2.62010692e-02 -6.01616232e+01  1.57056567e+01
 -1.27743038e+00  1.95018934e-01]",[-2.08761775  0.23406092  6.75436161 16.10052521 -1.31708386  0.03551502],"[ 2.70421378e-01  7.24315152e-03  9.13529519e+01 -2.27037912e+01
 -1.01978958e+00 -5.95281496e-01]","[ 1.10780091e-01  2.30583551e-03 -5.50751121e+02  6.30122595e+01
 -5.02023608e-01  9.91491712e-01]","[ 9.74632513e-03  1.25030087e-02  1.05086327e+02  9.75794492e-01
 -5.56922407e-01 -9.75460787e-01]","[ 2.81371344e-02  1.21384901e-02 -1.29766578e+02  5.65125964e+00
 -1.29180810e+00  2.12210349e-01]",010,LW
547,0,0.2948137710874509,0,"[ -0.56867101   0.06516333 -21.23271668 -10.07443043  -0.67543798
   0.92627524]","[ 2.95755518e-01  4.72055534e-03  3.13472542e+01 -7.27112340e+00
 -1.70762193e+00 -2.37968537e-01]","[ 2.12412847e-01  2.27214951e-02 -6.92940229e+01  1.67189407e+01
 -1.26897950e+00  2.28411285e-01]",[-1.94127226  0.23511214  6.72458095 15.05424243 -1.31885699 -0.02109589],"[ 2.68958631e-01  1.01465397e-02 -1.21081523e+02  3.45659207e+01
 -4.66375063e-01 -9.95821596e-01]","[ 1.10356707e-01  1.48337748e-03  3.41823959e+02 -3.57225667e+01
 -1.28796085e+00  4.49798076e-01]","[ 1.24054352e-02  7.46851487e-03 -4.44327439e+01  2.55120753e+00
 -1.51519357e+00 -3.46644980e-01]","[ 2.12150030e-02  1.01963998e-02 -1.53770808e+02  5.26224815e+00
 -1.25516307e+00  3.14481701e-01]",010,LW
548,0,0.3792319586697439,0,[-0.58633948  0.03414056 -2.55617654  0.50121278 -1.71110214  0.25325554],"[ 2.93066160e-01  9.72311078e-03 -1.34706653e+02  4.14779616e+01
 -4.55073076e-01 -1.04817956e+00]","[ 1.99253045e-01  1.91709728e-02 -8.19611374e+01  1.83310062e+01
 -1.25501700e+00  2.76252908e-01]",[-1.79718354  0.22720244  6.95512592 14.49963785 -1.31526298 -0.08175115],"[ 2.60836214e-01  1.92402451e-02 -7.81120337e+01  2.23744471e+01
 -9.89470896e-01 -7.00131276e-01]","[ 1.11348855e-01  3.05968496e-03  4.65848694e+02 -4.98717187e+01
 -7.69019910e-01  8.76068675e-01]","[ 7.61956810e-03  1.54786293e-02 -9.04959459e+01  2.68954002e+00
 -6.87825428e-01 -9.24522282e-01]","[ 1.56311703e-02  7.90011913e-03 -1.96533745e+02  5.07205242e+00
 -1.18116098e+00  4.54485417e-01]",010,LW
549,0,0.3792319586697439,0,[-0.56895204  0.06592994 20.35995873 13.58384    -0.55790587  0.9904749 ],"[ 2.84865186e-01  1.83996149e-02 -8.15597771e+01  2.52335411e+01
 -9.53387225e-01 -7.22780381e-01]","[ 1.88395423e-01  1.55293056e-02 -1.00778168e+02  2.09861455e+01
 -1.22741388e+00  3.49871067e-01]",[-1.66085382  0.21052513  7.49662026 14.45079042 -1.30475907 -0.14847955],"[ 2.46487890e-01  2.83333654e-02 -5.47980229e+01  1.55070491e+01
 -1.18831416e+00 -4.51979384e-01]","[ 1.13663128e-01  4.93005496e-03  3.12264747e+02 -3.34929880e+01
 -1.15673895e+00  5.26526579e-01]","[-4.48251302e-03  2.61041044e-02 -5.86070973e+01  1.73729292e+00
 -1.09765474e+00 -5.85766359e-01]","[ 1.15689014e-02  5.41862561e-03 -2.79211539e+02  5.23017076e+00
 -1.00918237e+00  6.71376826e-01]",010,LW
550,0,0.4319564091551225,0,[-0.51597733  0.11805567 12.84469328  8.6275705  -1.03611919  0.65077627],"[ 2.70842164e-01  2.76287470e-02 -5.60141993e+01  1.71710069e+01
 -1.15757121e+00 -4.90463933e-01]","[ 1.79905303e-01  1.17932873e-02 -1.31520152e+02  2.56611729e+01
 -1.16499956e+00  4.69043446e-01]",[-1.53740826  0.1860922   8.46097762 15.00797688 -1.28462334 -0.22436392],"[ 2.26553392e-01  3.64495353e-02 -4.30377858e+01  1.17503563e+01
 -1.26024457e+00 -3.04696175e-01]","[ 1.17089003e-01  6.45868833e-03  2.42854085e+02 -2.64355428e+01
 -1.28753720e+00  2.97988649e-01]","[-2.32986130e-02  3.58880130e-02 -4.35214940e+01  9.86009554e-01
 -1.23737833e+00 -3.73212864e-01]","[ 9.11808438e-03  2.99172178e-03 -4.50698078e+02  6.10950310e+00
 -5.46414547e-01  1.00131862e+00]",010,LW
551,0,0.8614114537814824,0,[-0.4290657   0.16871071  9.22545362  5.95832575 -1.2089634   0.42153503],"[ 2.51166855e-01  3.62997677e-02 -4.31405459e+01  1.28354752e+01
 -1.24899080e+00 -3.34964481e-01]","[ 1.73834101e-01  8.02293013e-03 -1.88587232e+02  3.47828920e+01
 -1.00502768e+00  6.72992679e-01]",[-1.43113942  0.15563705 10.07472031 16.41832935 -1.24966802 -0.31504838],"[  0.20184497   0.0432158  -36.45663699   9.35858892  -1.29098557
  -0.20680777]","[ 1.21308566e-01  7.42553382e-03  2.12578097e+02 -2.37875440e+01
 -1.33631015e+00  1.30733632e-01]","[ -0.04778974   0.04383379 -35.90387838   0.28416284  -1.29367185
  -0.23277425]","[ 8.27516306e-03  1.46961526e-03 -2.72921332e+00  2.02258469e+00
 -1.72011230e+00  2.51490634e-01]",010,LW
552,0,0.1203560488080845,0,[-0.31222327  0.21195077  7.41317214  4.31456484 -1.28066894  0.27047355],"[  0.22651583   0.04352787 -36.17957786  10.19524719  -1.29555836
  -0.21691277]","[ 1.70188192e-01  4.43290563e-03 -3.05659855e+02  5.40196982e+01
 -5.54946923e-01  9.98407299e-01]",[-1.34514622  0.12141067 12.81530163 19.23845454 -1.18766317 -0.43203715],"[  0.17329819   0.04844196 -32.59008933   7.64780343  -1.30496009
  -0.1354618 ]","[ 1.25920756e-01  7.70752615e-03  2.05095099e+02 -2.38257300e+01
 -1.34826254e+00 -1.55483536e-02]","[ -0.07654604   0.04933106 -32.00702065  -0.45001084  -1.31882435
  -0.12576493]","[ 8.95246717e-03  2.67698752e-03  5.14913211e+02 -2.60974362e+00
 -6.81817801e-01  9.19278624e-01]",010,LW
553,0,0.1170883130350402,0,[-0.1717378   0.24375169  6.47313046  3.11168118 -1.31456918  0.15503421],"[  0.19803292   0.04858442 -32.50439327   8.43693981  -1.31925384
  -0.11776316]","[ 1.68890507e-01  2.12065496e-03 -3.73031840e+01  8.30015366e+00
 -1.69687698e+00  2.61739219e-01]",[-1.28109741  0.08595785 17.79900627 24.80226081 -1.06478629 -0.5997498 ],"[  0.14191614   0.05205736 -30.35670716   6.30810683  -1.31103916
  -0.07975308]","[ 1.30476554e-01  7.25943739e-03  2.17228679e+02 -2.63432494e+01
 -1.33100677e+00 -1.67635694e-01]","[ -0.10787574   0.05198138 -30.41232411  -1.28075199  -1.3285906
  -0.03324339]","[ 1.09938033e-02  4.50381807e-03  3.40317221e+02 -1.74138059e+00
 -1.12465057e+00  5.64142654e-01]",010,LW
554,0,0.1170883130350402,0,[-0.01584629  0.26114042  6.05269037  2.09591269 -1.32932293  0.05517692],"[ 1.67235498e-01  5.09558547e-02 -3.10253216e+01  7.18853511e+00
 -1.32862249e+00 -2.74976454e-02]","[ 1.69745659e-01  3.65799071e-03  3.75645788e+02 -6.17642417e+01
 -7.08724144e-01  8.99118155e-01]",[-1.2391477   0.05205404 27.95287448 36.63774022 -0.77459721 -0.86653954],"[  0.10871687   0.05407742 -29.23527528   5.17836773  -1.3130153
  -0.03358079]","[ 1.34518550e-01  6.11228805e-03  2.55629345e+02 -3.23868888e+01
 -1.26612462e+00 -3.58320791e-01]","[ -0.13990839   0.05157917 -30.64409177  -2.28736539  -1.32761259
   0.05654155]","[ 1.41932431e-02  6.09195874e-03  2.56868485e+02 -1.64579685e+00
 -1.25551106e+00  3.43085239e-01]",010,LW
555,0,0.1170883130350402,0,[ 0.14581609  0.26234325  6.0256113   1.1213689  -1.33081108 -0.04075706],"[  0.13588475   0.0503821  -31.37066893   6.26279535  -1.32695794
   0.06164039]","[ 1.72423438e-01  5.98068156e-03  2.57397690e+02 -4.23813946e+01
 -1.18491614e+00  5.13532505e-01]","[-1.21801988e+00  2.38682737e-02  4.40575342e+01  5.56629523e+01
 -3.61787907e-01 -1.02511753e+00]","[ 7.46900865e-02  5.45756659e-02 -2.89709870e+01  4.16384552e+00
 -1.31253926e+00  6.91059697e-03]","[ 1.37619140e-01  4.38075994e-03  3.44973276e+02 -4.54749256e+01
 -1.06115618e+00 -6.48414731e-01]","[ -0.1707069    0.04811387 -32.79447257  -3.59824276  -1.31484394
   0.15418991]","[ 1.83149084e-02  7.31959640e-03  2.15210220e+02 -1.94155548e+00
 -1.29870650e+00  2.08985908e-01]",010,LW
556,0,0.1170883130350402,0,[ 0.30291924  0.24692073  6.39184493  0.0637872  -1.3189939  -0.14315959],"[  0.10583823   0.04685242 -33.6736394    5.56395848  -1.31336002
   0.15863958]","[ 1.76473888e-01  7.67948735e-03  2.04687682e+02 -3.41220311e+01
 -1.31909242e+00  2.48821468e-01]","[-1.21523772e+00  1.82175664e-02 -5.31517138e+01 -6.25919675e+01
 -7.34557876e-01 -7.15952205e-01]","[  0.04076682   0.05366274 -29.45933929   3.20096346  -1.31029765
   0.04440006]","[ 1.39414510e-01  2.38518528e-03  5.02748174e+02 -6.80903906e+01
 -5.16978481e-01 -9.42086493e-01]","[ -0.19839      0.04178346 -37.59687597  -5.45884425  -1.28203548
   0.27360588]","[ 2.31116878e-02  8.16409701e-03  1.93439242e+02 -2.47070736e+00
 -1.31359831e+00  1.17922762e-01]",010,LW
557,0,0.1170883130350402,0,[ 0.44520784  0.21575882  7.28317171 -1.24252516 -1.28654051 -0.26647735],"[  0.07890704   0.04057581 -38.70915644   5.05442506  -1.28006371
   0.27737954]","[ 1.81378639e-01  8.53978521e-03  1.85029201e+02 -3.15603446e+01
 -1.34704733e+00  7.02348055e-02]","[-1.22748363e+00  3.38204576e-02 -4.44051219e+01 -5.25065600e+01
 -1.06335823e+00 -6.60063732e-01]","[ 7.80506793e-03  5.14662065e-02 -3.07051585e+01  2.23965585e+00
 -1.30662919e+00  8.13289661e-02]","[ 1.39634002e-01  1.94688055e-03 -3.86554613e+02  5.59761678e+01
 -8.36703771e-01 -7.00025690e-01]","[-2.21267831e-01  3.30285420e-02 -4.70482453e+01 -8.41026320e+00
 -1.20345633e+00  4.38854169e-01]","[ 2.83403906e-02  8.63827899e-03  1.82995434e+02 -3.18616207e+00
 -1.31760167e+00  4.99380761e-02]",010,LW
558,0,0.1170883130350402,0,[ 0.56325597  0.17103493  9.08539654 -3.11740384 -1.20705371 -0.43754095],"[ 5.67354971e-02  3.19591306e-02 -4.85964489e+01  4.75714368e+00
 -1.20062616e+00  4.44676671e-01]","[ 1.86631960e-01  8.61181309e-03  1.83532481e+02 -3.22530267e+01
 -1.33237061e+00 -5.67946790e-02]","[ -1.25105132   0.04730408 -33.06923167 -39.37130603  -1.28186592
  -0.33732413]","[-2.34077789e-02  4.81041518e-02 -3.28297556e+01  1.23152834e+00
 -1.30148900e+00  1.21025667e-01]","[ 1.38124841e-01  4.19199336e-03 -3.43225731e+02  4.94079994e+01
 -7.72376466e-01 -8.73604456e-01]","[-2.37985074e-01  2.26100183e-02 -6.64824109e+01 -1.38218215e+01
 -9.93515215e-01  6.98118614e-01]","[ 3.37713015e-02  8.76962431e-03  1.80292063e+02 -4.08869762e+00
 -1.31707661e+00 -6.03761725e-03]",010,LW
559,0,0.0712224441475597,0,[ 0.53579967  0.22321493 -2.18477843  3.17060357 -0.71345641 -0.81475136],[ 0.06408151  0.04618491 12.20246063  1.21804789 -0.55199784  0.93211792],"[ 1.98814909e-01  2.19231777e-02  6.30282311e+01 -1.05309520e+01
 -1.01486505e-01  1.22314753e+00]",[-1.32994754  0.15252769 -8.90859186 -9.84795985 -0.04627422 -1.27903936],"[ -0.05878031   0.05464683 -28.62127699   0.31763249  -1.01225299
  -0.31740964]","[ 1.27217646e-01  2.30586671e-02 -5.56698880e+01  9.08219212e+00
  1.08062557e-01 -1.39919690e+00]",[-0.22837326  0.04246086 18.41856516  6.20630778 -0.14241004  1.23652544],"[ 4.17393985e-02  1.31808669e-02  1.14781753e+02 -2.79092131e+00
 -6.68333658e-01  7.32782000e-01]",010,LW
560,0,0.0712224441475597,0,[ 0.43914574  0.33506038 -3.84684027  3.6893235  -1.54027064 -0.46306415],[ 0.08561979  0.07058729 18.50021806  0.41601529 -1.52640948  0.48757094],"[ 2.12607531e-01  2.86665410e-02  5.19122031e+01 -9.03692535e+00
 -1.62817820e+00  4.42515254e-01]",[-1.41868848  0.19344675 -7.66992696 -8.88123703 -1.71232752 -0.39812461],"[ -0.08511619   0.04678722 -32.13054446  -0.73482941  -1.49369835
   0.07248408]","[ 1.15234146e-01  2.86801275e-02 -5.07387360e+01  7.84683491e+00
 -1.79116702e+00 -3.85900484e-01]",[-0.20990052  0.05945433 22.65584439  6.75547351 -1.73293749  0.43337968],"[ 4.84036706e-02  1.30188606e-02  1.15777324e+02 -3.60404746e+00
 -1.67976569e+00  1.47608525e-01]",010,LW
561,0,0.0784314299239491,0,[ 0.27683926  0.42412085 -3.55882151  2.98522152 -1.64231656  0.09640576],[ 0.12088708  0.08993689 16.84025189 -0.03576879 -1.62771416 -0.06912811],"[ 2.28334427e-01  3.23477955e-02  4.75934709e+01 -8.86722793e+00
 -1.64333132e+00 -1.20498761e-01]",[-1.51590963  0.2054021  -7.38432045 -9.19396247 -1.71513452  0.25800638],"[-1.01665151e-01  3.33027311e-02 -3.39974149e+01 -1.45635231e+00
 -1.29902176e+00  3.70264960e-01]","[ 1.02938558e-01  2.85879348e-02 -5.08038141e+01  7.22967136e+00
 -1.79120513e+00  3.90399927e-01]",[-0.18474839  0.06676349 22.08112521  6.07945242 -1.77754378 -0.30215219],"[ 5.34339692e-02  1.05973303e-02  1.24118194e+02 -4.63212774e+00
 -1.60656375e+00 -4.60519386e-01]",010,LW
562,0,0.0784314299239491,0,[ 0.05586907  0.44293289 -3.45106697  2.19280791 -0.76718362  0.63795045],[ 0.16873064  0.09510488 16.16470666 -0.72748135 -0.82117304 -0.57414889],"[ 2.46190168e-01  3.21423141e-02  4.78447601e+01 -9.77890952e+00
 -8.14149570e-01 -5.60315746e-01]","[ -1.6202618    0.18628077  -7.94394219 -10.87126605  -0.48696684
   0.89773656]",[-0.10801022  0.02398234  7.59448686  2.82028219 -1.58272778 -0.04950724],"[ 9.11670621e-02  2.27842748e-02 -5.55870043e+01  7.06770387e+00
  1.32138459e-01  1.41702132e+00]",[-0.15566301  0.05947557 23.35304813  5.6352057  -0.15588401 -1.20749093],"[ 5.65394338e-02  7.18503361e-03  8.07603709e+01 -2.56614564e+00
 -5.48045827e-01 -9.57997658e-01]",010,LW
563,0,0.0778761150336627,0,"[-2.13888137e-01  3.13312971e-01 -5.04632903e+00  9.20650083e-01
 -1.32026158e+00  3.42177746e-03]",[ 0.22738199  0.07053075 22.41577408 -3.09694342 -1.32089305  0.02401414],"[ 2.66111833e-01  2.40666738e-02  6.56711887e+01 -1.54758804e+01
 -1.34060042e+00  5.46013302e-02]","[-1.73003356e+00  1.07970867e-01 -1.46427670e+01 -2.33324783e+01
 -1.33235715e+00  7.84549351e-04]","[-1.04143309e-01  3.00961678e-02  5.20201206e+01  7.41754747e+00
 -1.25663503e+00  3.36076222e-01]","[ 8.07744826e-02  3.52867703e-03 -3.59785946e+02  3.10615237e+01
 -5.33658546e-01  9.66181291e-01]","[-1.25773353e-01  1.97716593e-02  7.66751614e+01  1.16436921e+01
 -1.08366478e+00 -6.27235119e-01]","[ 5.74809768e-02  5.33177842e-03 -2.86665855e+02  1.84778334e+01
 -1.06911936e+00 -6.02856386e-01]",010,LW
564,0,0.0757657173602262,0,[-0.40710371  0.306581   -5.15548503 -0.09881707 -1.31593318  0.06335154],[ 0.27119449  0.07017878 22.5264247  -4.10904215 -1.3194419  -0.03970894],"[ 2.80688033e-01  2.37363384e-02  6.65503718e+01 -1.66798930e+01
 -1.34758238e+00 -8.89908782e-02]","[ -1.79516073   0.10379344 -15.21473696 -25.31289831  -1.3323563
   0.11313919]","[-8.38907635e-02  3.58688269e-02  4.39305705e+01  5.68536910e+00
 -1.30713506e+00  1.98443000e-01]","[ 8.02276973e-02  2.46037901e-03  2.26440673e+02 -1.61668138e+01
 -1.16764065e+00  5.25591700e-01]","[-1.17636070e-01  1.09273392e-02  1.11304800e+02  1.50934593e+01
 -5.38910153e-01 -9.32632370e-01]","[ 5.35393540e-02  7.50287586e-03 -2.07557150e+02  1.31124757e+01
 -1.19973528e+00 -4.19055628e-01]",010,LW
565,0,0.0757657173602262,0,[-0.59277078  0.28848539 -5.4740998  -1.2448864  -1.30660913  0.12154456],[ 0.31390873  0.06694738 23.59622074 -5.40705973 -1.31230369 -0.10337938],"[ 2.94156486e-01  2.09765493e-02  7.48027736e+01 -2.00037210e+01
 -1.31081835e+00 -2.82758240e-01]","[ -1.85451871   0.09126999 -17.20630343 -29.90941162  -1.30221163
   0.27231109]","[-6.07327632e-02  3.93534306e-02  4.01495149e+01  4.43839098e+00
 -1.32963666e+00  8.49072501e-02]","[ 8.20469051e-02  5.35306266e-03  2.64619451e+02 -1.97112070e+01
 -7.02434596e-01  9.17832878e-01]","[-1.16621274e-01  8.90804757e-03 -8.12085628e+01 -7.47064604e+00
 -8.67498226e-01 -6.87392622e-01]","[ 4.82703129e-02  9.51534052e-03 -1.64940843e+02  9.96174611e+00
 -1.26018460e+00 -2.96506355e-01]",010,LW
566,0,0.2116824444813257,0,[-0.76439067  0.2610607  -6.04036372 -2.6171977  -1.29236471  0.18059315],[ 0.35380991  0.06114099 25.79768812 -7.12747768 -1.29878188 -0.17105084],"[ 3.04890185e-01  1.57202946e-02  9.68294295e+01 -2.75223427e+01
 -1.13286797e+00 -5.87967133e-01]","[ -1.90234736   0.06982614 -21.9904532  -39.83348058  -1.17029177
   0.53304259]","[-3.62301215e-02  4.01841595e-02  3.93416342e+01  3.42535219e+00
 -1.33475608e+00 -2.07221350e-02]","[ 8.62959106e-02  9.02506516e-03  1.69370762e+02 -1.26160042e+01
 -1.07969130e+00  5.97890776e-01]","[-1.23622071e-01  1.94824336e-02 -7.34667795e+01 -7.08211544e+00
 -7.40887442e-01 -8.94006588e-01]","[ 4.18248770e-02  1.12346768e-02 -1.40246163e+02  7.86577851e+00
 -1.29168775e+00 -2.04642771e-01]",010,LW
567,0,0.2147550211519606,0,[-0.91675605  0.22664674 -6.94175203 -4.36389315 -1.27215094  0.24507064],[ 0.38940269  0.05319389 29.57078235 -9.5149421  -1.27602301 -0.24899205],"[ 3.11224918e-01  8.88847514e-03  1.34919602e+02 -3.99903420e+01
 -5.81827215e-01 -8.88861840e-01]","[-1.93237430e+00  4.14748901e-02 -3.17839927e+01 -5.94185706e+01
 -6.58245197e-01  8.99239640e-01]","[-1.20733801e-02  3.82611289e-02  4.12627982e+01  2.49818145e+00
 -1.32358755e+00 -1.29129838e-01]","[ 9.28903569e-02  1.25730873e-02  1.24022568e+02 -9.52050061e+00
 -1.21793890e+00  3.98701970e-01]","[-1.38956431e-01  3.22276117e-02 -4.75389723e+01 -4.60584594e+00
 -1.09757788e+00 -5.78891930e-01]","[ 3.44193347e-02  1.25585097e-02 -1.25721096e+02  6.32723648e+00
 -1.30765254e+00 -1.30911310e-01]",010,LW
568,0,0.243918243415751,0,[-1.04600057  0.18746511 -8.36060769 -6.7452004  -1.241368    0.32408868],"[  0.41947168   0.04361179  35.88278335 -13.05181139  -1.23580634
  -0.3485809 ]","[ 3.11659537e-01  8.02001586e-03 -9.69212420e+01  3.22064294e+01
 -7.42140081e-01 -7.66012355e-01]","[-1.93827900e+00  3.01487665e-02  1.54232018e+01  3.18944682e+01
 -1.25264664e+00  4.99969130e-01]","[ 1.00859935e-02  3.37886819e-02  4.65406057e+01  1.53059175e+00
 -1.29093607e+00 -2.50895604e-01]","[ 1.01590442e-01  1.56554323e-02  1.00396063e+02 -8.19928050e+00
 -1.27871168e+00  2.64671978e-01]","[ -0.16229191   0.04428646 -35.25464015  -3.72154279  -1.23104423
  -0.37995006]","[ 2.63138039e-02  1.34326122e-02 -1.17658355e+02  5.09603889e+00
 -1.31384043e+00 -7.04671078e-02]",010,LW
569,0,0.243918243415751,0,"[ -1.14944741   0.1453382  -10.70170093 -10.3010424   -1.18519908
   0.43626828]","[ 4.43106025e-01  3.29316742e-02  4.69841082e+01 -1.88189414e+01
 -1.15389060e+00 -4.93318285e-01]","[ 3.05049515e-01  1.78886640e-02 -7.99196827e+01  2.63794604e+01
 -7.20692339e-01 -9.06815097e-01]",[-1.91428249  0.06989836 19.82930076 39.95888315 -0.58186146  0.99113706],"[ 2.88045655e-02  2.72629396e-02  5.71694542e+01  3.53258714e-01
 -1.22085186e+00 -4.02977913e-01]","[ 1.12010003e-01  1.80246708e-02  8.75237490e+01 -7.80353536e+00
 -1.30825719e+00  1.62424097e-01]","[ -0.19264905   0.05438564 -28.92613417  -3.57259234  -1.2891909
  -0.24304502]","[ 1.77834808e-02  1.38593631e-02 -1.14078232e+02  4.02870804e+00
 -1.31391983e+00 -2.14919554e-02]",010,LW
570,0,0.243918243415751,0,"[ -1.2253236    0.10173935 -14.98112586 -16.35672705  -1.05309751
   0.62242744]","[ 4.59690884e-01  2.17482419e-02  6.87510209e+01 -2.96042176e+01
 -9.44979796e-01 -7.35011675e-01]","[ 2.90757253e-01  2.99839233e-02 -5.09784629e+01  1.68223579e+01
 -1.07412805e+00 -6.00558045e-01]",[-1.85582785  0.12554332 12.0489754  24.36082406 -0.99123566  0.6805301 ],"[ 4.29842412e-02  1.94144054e-02  7.84627864e+01 -1.37266333e+00
 -1.06169994e+00 -6.21523175e-01]","[ 1.23644221e-01  1.95074236e-02  8.10091013e+01 -8.01630722e+00
 -1.32152485e+00  7.68753583e-02]","[ -0.22849154   0.06165609 -25.60240812  -3.84993356  -1.31567333
  -0.13751074]","[ 9.08875083e-03  1.38912387e-02 -1.13818902e+02  3.03447164e+00
 -1.31070064e+00  1.70204537e-02]",010,LW
571,0,0.2320413634848196,0,"[ -1.27246061   0.05875118 -23.72329116 -28.18695347  -0.65719971
   0.9417269 ]","[ 4.68878080e-01  1.11710522e-02  1.08727233e+02 -4.89798162e+01
 -4.31584352e-01 -1.01590776e+00]","[  0.26872656   0.04196358 -37.13520181  11.97921487  -1.20973663
  -0.40858595]",[-1.76024591  0.1853926   8.35755784 16.71135704 -1.15774056  0.48075763],"[ 5.19568546e-02  1.12257650e-02  1.23733453e+02 -4.42880102e+00
 -6.36351568e-01 -9.55991388e-01]","[ 1.35913398e-01  2.00182831e-02  7.89806514e+01 -8.73452875e+00
 -1.32425183e+00  5.40056534e-04]","[ -0.26788657   0.06558444 -24.1021162   -4.45663329  -1.32541734
  -0.04901467]","[ 4.50121090e-04  1.36133193e-02 -1.16126249e+02  2.05227087e+00
 -1.30611004e+00  4.59132593e-02]",010,LW
572,0,0.2421499743834797,0,[-1.29009801  0.02857644 -8.79730629 -9.34938732 -1.61036129  0.30524727],"[ 4.70551560e-01  7.83526999e-03 -8.75450427e+01  4.31944564e+01
 -1.00091259e+00 -5.99069732e-01]","[  0.23946202   0.05275918 -29.76952891   9.1286714   -1.26855468
  -0.28111813]",[-1.62725385  0.24410032  6.41185122 12.43370955 -1.23639781  0.34644364],"[ 5.55066998e-02  5.23228780e-03  6.20567809e+01 -1.44456711e+00
 -1.49958552e+00 -3.61546924e-01]","[ 1.48215569e-01  1.95663993e-02  8.07718964e+01 -9.97165257e+00
 -1.31897115e+00 -7.10665529e-02]","[ -0.30870485   0.06602384 -23.94487638  -5.39189957  -1.32448306
   0.03020998]","[-7.96792822e-03  1.31247771e-02 -1.20428166e+02  1.04043702e+00
 -1.30126198e+00  6.56034768e-02]",010,LW
573,0,0.2722587014142127,0,[-1.27784789  0.05161486 25.60819973 34.72338393 -0.52396618  1.00312977],"[ 4.64799214e-01  1.65538601e-02 -8.70608505e+01  4.24658149e+01
 -7.84591846e-01 -8.64431952e-01]","[  0.20392115   0.06170872 -25.54552309   7.20927251  -1.29534234
  -0.19004501]",[-1.45915629  0.29714271  5.29418058  9.72503691 -1.27790079  0.24656632],"[ 5.38361459e-02  8.38008283e-03 -1.58429774e+02  1.05292484e+01
 -6.11484593e-01 -9.42582053e-01]","[ 1.59978678e-01  1.82455556e-02  8.65128080e+01 -1.18402046e+01
 -1.30662034e+00 -1.41818987e-01]","[ -0.34882704   0.06316517 -25.00776471  -6.72338455  -1.3153149
   0.10555929]","[-1.60633025e-02  1.25261141e-02 -1.26169694e+02 -2.67019687e-02
 -1.29685080e+00  7.58018809e-02]",010,LW
574,0,0.2722587014142127,0,[-1.23582579  0.09456446 15.98283899 21.75200468 -1.00649151  0.67577361],"[ 4.51898655e-01  2.69727051e-02 -5.69517606e+01  2.77364240e+01
 -1.11201821e+00 -5.57993658e-01]","[  0.16335699   0.06847974 -23.0605975    5.76710978  -1.30707192
  -0.12184292]",[-1.26071247  0.34073169  4.62969827  7.83671833 -1.30068759  0.16655966],"[ 4.74917454e-02  1.44828449e-02 -1.05466679e+02  7.00879665e+00
 -1.11491285e+00 -5.84476151e-01]","[ 1.70704281e-01  1.62105219e-02  9.71583092e+01 -1.45853394e+01
 -1.28634453e+00 -2.16540974e-01]","[ -0.38632791   0.05746733 -27.43761866  -8.59991789  -1.29800239
   0.1820529 ]","[-2.37946141e-02  1.19112649e-02 -1.32682464e+02 -1.15712804e+00
 -1.29348356e+00  7.59201022e-02]",010,LW
575,2,0.2383861614506349,1,[-1.1649268   0.1382216  11.23234539 15.08486012 -1.18038295  0.45523392],"[ 4.32322020e-01  3.68893998e-02 -4.23336828e+01  2.03017833e+01
 -1.22405375e+00 -3.79315493e-01]","[  0.11915848   0.07299923 -21.65095807   4.57989526  -1.31150858
  -0.06874337]",[-1.0387208   0.37202982  4.24651879  6.41094738 -1.31279796  0.09858076],"[ 3.72689872e-02  1.96676039e-02 -7.95784520e+01  4.96580831e+00
 -1.26614537e+00 -3.36944491e-01]","[ 1.79998247e-01  1.36502818e-02  1.14948797e+02 -1.86905819e+01
 -1.25409103e+00 -3.02342964e-01]","[ -0.41961884   0.04957205 -31.7083962  -11.30544034  -1.27000258
   0.26560945]","[-3.11735659e-02  1.13600897e-02 -1.39135154e+02 -2.33733889e+00
 -1.29164852e+00  6.62153889e-02]",010,LW
576,2,0.0240712218189871,1,[-1.06718843  0.178504    8.78319167 11.37332053 -1.25454206  0.31542087],"[  0.40675952   0.0456777  -34.41343991  15.99799418  -1.27328005
  -0.2637811 ]","[  0.07272566   0.07535303 -20.98168898   3.52590719  -1.31247546
  -0.02531611]",[-0.80142172  0.38926304  4.06127708  5.25479565 -1.31800518  0.03778407],"[ 2.41061840e-02  2.33949947e-02 -6.73808190e+01  3.62429442e+00
 -1.31121126e+00 -1.85773042e-01]","[ 1.87587997e-01  1.07684766e-02  1.44727097e+02 -2.51490662e+01
 -1.19918911e+00 -4.10772567e-01]","[ -0.4475424    0.04022804 -38.86498622 -15.39372914  -1.22443433
   0.36455755]","[-3.82521915e-02  1.09288709e-02 -1.44647384e+02 -3.53307944e+00
 -1.29152917e+00  4.90817178e-02]",010,LW
577,0,0.184402578250917,0,[-0.81713697  0.46952363  2.98007453  4.43512908 -0.17444373  1.18348049],"[  0.34368188   0.11739979 -11.93634464   6.10230535  -0.17885413
  -1.17779205]","[-8.78212134e-03  1.40336940e-01 -1.04149884e+01  1.90853431e+00
 -4.05089214e-01 -9.76922631e-01]",[-0.40656211  0.67328004  2.20055344  2.89466166 -0.50162455  0.89337653],"[-6.37508515e-03  5.57316957e-02 -2.53864511e+01  1.83815921e+00
 -2.21611847e-01 -1.13908796e+00]","[ 1.91557298e-01  6.51290364e-03  1.77252866e+02 -3.19540801e+01
 -8.43213379e-01 -4.66150767e-01]","[-4.66430577e-01  2.69780510e-02 -5.40282751e+01 -2.32004395e+01
 -1.00337653e+00  6.81557824e-01]","[-5.12154368e-02  2.24437861e-02 -6.37229485e+01 -1.26359864e+00
 -2.69604248e-01 -1.08767994e+00]",010,LW
578,0,0.184402578250917,0,[-0.57336232  0.53712618  2.76094316  3.58302078 -1.7774613   0.31390418],"[  0.28188934   0.13500144 -10.99913533   5.10053896  -1.77458266
  -0.31762909]",[-0.08425449  0.15371724 -9.78389652  1.17566283 -1.74371551 -0.2640209 ],[-0.04992387  0.71514405  2.10979434  2.1053291  -1.72868218  0.22521002],"[ -0.03727803   0.06542166 -22.86110091   1.14778309  -1.7482442
  -0.32777266]","[ 1.92970297e-01  4.23749467e-03 -6.33315389e+01  1.42211058e+01
 -1.23154676e+00  4.71585992e-01]","[-4.77019719e-01  1.42123981e-02 -7.17561990e+01 -3.22291219e+01
 -4.86931503e-01  8.43853708e-01]","[-6.36353808e-02  2.57427781e-02 -5.80941054e+01 -1.69684052e+00
 -1.75204557e+00 -3.18375229e-01]",010,LW
579,0,0.184402578250917,0,[-0.34834374  0.49990269  2.84418635  2.99075451 -1.76059309 -0.43669177],"[  0.22425218   0.12681622 -11.3088406    4.53603221  -1.76236989
   0.42936346]","[ -0.15175675   0.14065455 -10.24585455   0.44512237  -1.73186032
   0.44183848]",[ 0.25773531  0.63387559  2.24202526  1.42215092 -1.70494247 -0.46497355],"[ -0.06780815   0.06411127 -23.12886003   0.43167479  -1.74421813
   0.37401285]","[ 1.92203150e-01  5.24184087e-03 -2.67219450e+02  5.33604200e+01
 -1.25864196e+00  7.83853605e-02]","[-4.80552240e-01  7.81506490e-03  8.92583537e+01  4.48933018e+01
 -1.24833561e+00 -3.34297106e-01]","[-7.53924606e-02  2.47880350e-02 -5.93163289e+01 -2.47200399e+00
 -1.75321057e+00  3.93280635e-01]",010,LW
580,0,0.184402578250917,0,[-0.15255548  0.37328947  3.07459806  2.46904679  0.23757973 -1.49090781],"[  0.17334041   0.09586334 -12.42482649   4.15372452   0.21735235
   1.47673449]","[ -0.20960225   0.10467286 -11.53665698  -0.41810929   0.20680212
   1.46919231]",[ 0.50810063  0.45475001  2.47299585  0.74346925  0.24173889 -1.49381494],"[ -0.0973009    0.05225077 -26.25065062  -0.55421192  -0.07946223
   1.2509844 ]","[ 1.89680107e-01  6.30857863e-03 -2.45843225e+02  4.86315692e+01
 -9.43977574e-01  4.81575295e-01]","[-4.78447504e-01  1.03408543e-02  1.52856888e+02  7.51339967e+01
 -1.35539031e+00 -3.75638610e-03]","[-8.63207928e-02  1.96899413e-02 -6.72494112e+01 -3.80502249e+00
  3.59030005e-02  1.34357796e+00]",010,LW
581,0,0.184402578250917,0,"[ 6.67759272e-03  2.49609315e-02 -1.14985606e+01  2.07678270e+00
 -1.65645835e+00 -2.15814318e-01]","[ 1.31243108e-01  7.77528960e-03 -9.51149746e+01  1.44831849e+01
 -8.17112573e-01  7.20588334e-01]","[-2.56385113e-01  9.61483896e-03 -1.11307285e+02 -2.65375307e+01
 -4.58574556e-01  9.50068878e-01]","[  0.69546073   0.03995579 -22.67635752  17.77051613  -0.69056923
  -0.76882751]","[-1.25185108e-01  1.81559235e-02 -8.68343308e+01 -8.87036504e+00
 -1.29817136e+00  1.85990765e-01]","[ 1.85838621e-01  4.84901019e-03 -3.25967973e+02  6.25774385e+01
 -1.30920800e+00  6.24415674e-02]","[-4.72179379e-01  1.00441996e-02  1.57237955e+02  7.62445202e+01
 -1.30284652e+00 -1.18210474e-01]","[-9.62156763e-02  4.99298343e-03 -3.10522750e+02 -2.78771564e+01
 -1.17492805e+00  4.69025746e-01]",010,LW
582,0,0.1647639356944457,0,"[-2.97744794e-03  4.02609038e-02 -3.63007959e+01  1.89191627e+00
 -1.07898105e+00 -6.70465582e-01]","[ 1.31892541e-01  9.06809173e-03  1.33947843e+02 -1.56667213e+01
 -5.71098597e-01  9.05738421e-01]","[-2.56843550e-01  8.68247754e-03  1.10320303e+02  3.03350584e+01
 -5.98687025e-01  8.35445113e-01]","[  0.66541213   0.08128012 -18.09848008  14.04294819  -0.89112321
  -0.78871972]","[-1.35600370e-01  1.54943524e-02 -1.01319491e+02 -1.17389605e+01
 -1.27164642e+00  2.88659250e-01]","[ 1.82869989e-01  4.60654266e-03 -3.42988844e+02  6.47223661e+01
 -1.30078900e+00  9.47642154e-02]","[-4.66177916e-01  9.13132524e-03  1.72757596e+02  8.25357759e+01
 -1.29344353e+00 -1.67586751e-01]","[-9.87344458e-02  3.34835959e-03 -4.47581655e+02 -4.21917267e+01
 -9.68818456e-01  7.17433904e-01]",010,LW
583,0,0.1357824788801436,0,"[-2.70871638e-02  5.28178213e-02 -2.97808287e+01  1.19332181e+00
 -1.45811060e+00 -1.42119970e-01]","[ 1.38439510e-01  1.60664430e-02  9.47128726e+01 -1.11120037e+01
 -1.12464616e+00  5.93582782e-01]","[-2.50118980e-01  1.77423454e-02  8.29672811e+01  2.27516918e+01
 -8.88005860e-01  7.90313452e-01]","[  0.60384499   0.12586417 -12.28200669   9.41642825  -1.16049024
  -0.49746465]","[-1.44077374e-01  1.21462247e-02 -1.27876568e+02 -1.64241201e+01
 -1.19660827e+00  4.45578967e-01]","[ 1.80067250e-01  4.29473767e-03 -3.67755690e+02  6.82207559e+01
 -1.29435910e+00  1.16703995e-01]","[-4.60862780e-01  7.94288164e-03  1.98065945e+02  9.32812219e+01
 -1.28348805e+00 -2.43726572e-01]","[-1.00133349e-01  1.73845117e-03 -6.91885343e+02 -6.72807966e+01
 -4.55085474e-01  9.91736707e-01]",010,LW
584,0,0.2542626289032034,0,"[ -0.05464262   0.04941502 -31.43849934   0.28211807  -1.37827787
   0.35163273]","[ 1.49461746e-01  2.15306683e-02  7.28425366e+01 -8.88717273e+00
 -1.30576653e+00  2.92400567e-01]","[-2.36658626e-01  2.74667701e-02  5.62654653e+01  1.53157077e+01
 -1.15965355e+00  4.99953022e-01]",[ 0.51415105  0.16632138 -9.41572529  6.84110504 -1.24515101 -0.33551388],"[-1.50249739e-01  8.30758356e-03 -1.81197824e+02 -2.52249257e+01
 -9.93847410e-01  6.94500133e-01]","[ 1.77464219e-01  3.95440132e-03 -3.99295412e+02  7.28606485e+01
 -1.28907203e+00  1.31000937e-01]","[-4.56470959e-01  6.40101565e-03  2.43525026e+02  1.13162102e+02
 -1.23757395e+00 -3.94862725e-01]","[-1.00336590e-01  1.33096347e-03  5.56591472e+02  5.78464905e+01
 -8.69088862e-01  6.83139525e-01]",010,LW
585,0,0.2621519196119709,0,"[-7.40889938e-02  3.22008297e-02 -3.91980469e+01 -9.04143856e-01
 -7.56645485e-01  7.82441293e-01]","[ 1.63297438e-01  2.44491610e-02  6.46028087e+01 -8.54947318e+00
 -1.35006671e+00  9.39990193e-02]","[-2.17153033e-01  3.62100044e-02  4.32587266e+01  1.13937637e+01
 -1.25164217e+00  3.30254915e-01]",[ 0.39992086  0.2015113  -7.80959954  5.12322175 -1.27769588 -0.23802936],"[-1.53893713e-01  4.45900209e-03 -2.89891564e+02 -4.26124891e+01
 -4.68825229e-01  1.03008425e+00]","[ 1.75069278e-01  3.61711838e-03 -4.36482918e+02  7.84147495e+01
 -1.28435076e+00  1.36146936e-01]","[-4.53287774e-01  4.42740821e-03  3.37776959e+02  1.55110165e+02
 -1.01763552e+00 -6.93925017e-01]","[-9.92844955e-02  2.91764402e-03  4.92170929e+02  5.08649424e+01
 -7.37376506e-01  8.94050738e-01]",010,LW
586,0,0.2650578911496597,0,[-0.07467374  0.03105484 22.12847306  3.65241574 -0.81848603  0.73648477],"[ 1.78198673e-01  2.46755397e-02  6.40357301e+01 -9.41108210e+00
 -1.34909708e+00 -6.85515436e-02]",[-0.19250697  0.04346588 36.22947556  8.97442668 -1.2899328   0.21951735],[ 0.26478537  0.23125421 -6.82046057  3.80595816 -1.29253722 -0.1731008 ],"[-1.54991487e-01  2.38045541e-03  1.25499496e+02  2.14513535e+01
 -1.60269354e+00  2.79555783e-01]","[ 1.72869617e-01  3.31339986e-03 -4.76588005e+02  8.43875860e+01
 -1.28057035e+00  1.26755391e-01]","[-4.51644015e-01  2.32575180e-03  4.25928710e+02  1.94368152e+02
 -6.67325446e-01 -7.72783732e-01]","[-9.69267309e-02  4.91808746e-03  3.10646444e+02  3.21099443e+01
 -1.05348416e+00  6.11291962e-01]",010,LW
587,0,0.2650578911496597,0,[-0.0475608   0.07340691 19.10126747  2.90847156 -0.616345    0.97227624],"[ 1.92461388e-01  2.23475915e-02  7.03877401e+01 -1.15469222e+01
 -1.31384644e+00 -2.37181508e-01]",[-0.16379206  0.04895105 32.24870916  7.28208247 -1.30763828  0.13804355],[ 0.1123374   0.25556882 -6.17879892  2.6941102  -1.30042133 -0.12548197],"[-1.53748827e-01  4.42737931e-03  3.22325537e+02  5.15571734e+01
 -8.37018229e-01  8.29990292e-01]","[ 1.70832842e-01  3.07551586e-03 -5.13720998e+02  8.97604181e+01
 -1.27868048e+00  9.65555779e-02]","[-4.51867931e-01  2.78024149e-03 -3.72326627e+02 -1.66242462e+02
 -4.19838617e-01 -9.77898317e-01]","[-9.32204543e-02  7.04486230e-03  2.20554534e+02  2.25601939e+01
 -1.16814541e+00  4.51785333e-01]",010,LW
588,0,0.2650578911496597,0,[ 0.01339024  0.12954197 11.70274197  1.84329744 -1.00810689  0.66500182],"[ 2.04529955e-01  1.78062899e-02  8.70420481e+01 -1.58027062e+01
 -1.21058343e+00 -4.57783956e-01]",[-0.13217898  0.05252511 30.08850642  5.97706816 -1.31486447  0.07313566],[-0.05389102  0.27445316 -5.75745141  1.68972507 -1.30491144 -0.08742798],"[-1.50563691e-01  6.86365336e-03  2.25777426e+02  3.59938827e+01
 -1.22643584e+00  4.51547431e-01]","[ 1.68909057e-01  2.93347467e-03 -5.38896112e+02  9.30244338e+01
 -1.27874483e+00  4.48861439e-02]","[-4.54218206e-01  5.89170452e-03 -2.48277726e+02 -1.10772263e+02
 -8.25476657e-01 -8.33158639e-01]","[-8.81347421e-02  9.23363596e-03  1.69470801e+02  1.69362653e+01
 -1.22181935e+00  3.53025941e-01]",010,LW
589,0,0.2650578911496597,0,[ 0.11116192  0.18897626  8.21003362  1.0873569  -1.17163606  0.4644422 ],"[ 2.13085762e-01  1.16696025e-02  1.25033715e+02 -2.46429045e+01
 -8.83874995e-01 -7.99703131e-01]","[-9.88563366e-02  5.42039611e-02  2.91686065e+01  4.88350159e+00
 -1.31558948e+00  1.97381808e-02]",[-0.2304148   0.28788115 -5.49094923  0.73480403 -1.30729311 -0.05509668],"[-1.45955261e-01  8.56220580e-03  1.83861101e+02  2.88354950e+01
 -1.32155771e+00  2.16563233e-01]","[ 1.67035467e-01  2.90673698e-03 -5.43923653e+02  9.28545413e+01
 -1.27934088e+00 -1.78432080e-02]","[-4.58824903e-01  9.42360569e-03 -1.63159781e+02 -7.28617706e+01
 -1.11400194e+00 -5.52037470e-01]","[-8.16607864e-02  1.14279006e-02  1.37450172e+02  1.32242892e+01
 -1.25261566e+00  2.83120213e-01]",010,LW
590,0,0.2650578911496597,0,[ 0.24539158  0.24552182  6.38203508  0.43390231 -1.2498242   0.32579162],"[ 2.17123886e-01  5.79655814e-03  1.28739460e+02 -2.59524117e+01
 -9.37403799e-01 -6.18464892e-01]","[-6.49477264e-02  5.41638797e-02  2.91899607e+01  3.89582158e+00
 -1.31243197e+00 -2.41715420e-02]",[-0.41377618  0.29587012 -5.34369453 -0.2110935  -1.30829864 -0.02642627],"[-1.40477946e-01  9.41646407e-03  1.67826167e+02  2.55758751e+01
 -1.33784144e+00  6.56523829e-02]","[ 1.65143727e-01  2.99727514e-03 -5.27286128e+02  8.90779965e+01
 -1.27973000e+00 -7.43085085e-02]","[-4.65654129e-01  1.28302890e-02 -1.21736727e+02 -5.46872093e+01
 -1.22741928e+00 -3.76338121e-01]","[-7.38243921e-02  1.35576713e-02  1.16129687e+02  1.05732036e+01
 -1.27279197e+00  2.28002549e-01]",010,LW
591,2,0.2811377867049886,1,[ 0.4124717   0.29392658  5.35758548 -0.2098524  -1.29109134  0.21940199],"[ 2.16009277e-01  8.02500760e-03 -1.47376329e+02  3.38346543e+01
 -4.28091488e-01 -1.00584165e+00]",[-0.03143779  0.05270223 29.9924122   2.94289514 -1.30744754 -0.06001582],"[-6.00553773e-01  2.98513459e-01 -5.29667609e+00 -1.18093881e+00
 -1.30840022e+00  7.86524943e-05]","[-1.34647916e-01  9.51726870e-03  1.66096983e+02  2.43646127e+01
 -1.32877700e+00 -4.14264878e-02]","[ 1.63169231e-01  3.18851632e-03 -4.95397177e+02  8.28335765e+01
 -1.28134470e+00 -1.11415562e-01]","[-4.74498540e-01  1.57997427e-02 -9.95306612e+01 -4.52271534e+01
 -1.28100068e+00 -2.53534398e-01]","[-6.46960971e-02  1.55410957e-02  1.01468250e+02  8.56459977e+00
 -1.28688834e+00  1.81077479e-01]",010,LW
592,2,0.2811377867049886,1,[ 0.60596747  0.32994701  4.78506241 -0.89959215 -1.31269309  0.13107743],"[ 2.09501160e-01  1.56570402e-02 -9.53609005e+01  2.19782192e+01
 -9.51798193e-01 -7.34712944e-01]","[ 8.81891442e-04  5.01703053e-02  3.14951468e+01  1.97222470e+00
 -1.30183596e+00 -8.92249989e-02]",[-0.78741446  0.29598666 -5.34161537 -2.2060652  -1.30767449  0.02555535],"[-1.28896872e-01  9.03052275e-03  1.74860007e+02  2.45389080e+01
 -1.31123901e+00 -1.24065704e-01]","[ 1.61061140e-01  3.44868158e-03 -4.57907590e+02  7.57511185e+01
 -1.28616293e+00 -1.24995686e-01]","[-4.84986999e-01  1.80752034e-02 -8.72955613e+01 -4.03372123e+01
 -1.30979047e+00 -1.55325967e-01]","[-5.43963993e-02  1.72926554e-02  9.12901282e+01  6.96585427e+00
 -1.29679672e+00  1.39216259e-01]",010,LW
593,2,0.2811377867049886,1,[ 0.81733712  0.3507739   4.50627604 -1.68314666 -1.32175236  0.05387856],"[ 1.97740642e-01  2.34709392e-02 -6.60314138e+01  1.50570942e+01
 -1.17827641e+00 -4.71109578e-01]","[ 3.14373660e-02  4.69170587e-02  3.36663436e+01  9.41618834e-01
 -1.29608056e+00 -1.12746482e-01]",[-0.97119963  0.2885898  -5.47769774 -3.31993802 -1.30591483  0.05047199],"[-1.23557122e-01  8.12599474e-03  1.93948665e+02  2.59637387e+01
 -1.29099181e+00 -1.97631933e-01]","[ 1.58791950e-01  3.73348293e-03 -4.23045700e+02  6.91762514e+01
 -1.29496294e+00 -1.15983211e-01]","[-4.96607429e-01  1.94417935e-02 -8.12909829e+01 -3.83697060e+01
 -1.32472801e+00 -6.71734799e-02]","[-4.30954710e-02  1.87334933e-02  8.43315919e+01  5.63430968e+00
 -1.30352333e+00  1.00894274e-01]",010,LW
594,2,0.2811377867049886,1,[ 1.03689277  0.3553824   4.44884208 -2.61297221 -1.32178107 -0.01568668],"[ 1.81201275e-01  3.04347530e-02 -5.15226154e+01  1.13359636e+01
 -1.26050666e+00 -3.11170171e-01]",[ 0.05986859  0.04326381 36.49663387 -0.18500205 -1.29050887 -0.13058956],[-1.14903238  0.27682586 -5.70910571 -4.55994732 -1.3030017   0.07454036],"[-1.18877969e-01  6.92205273e-03  2.26878740e+02  2.89708838e+01
 -1.26513393e+00 -2.83713658e-01]","[ 1.56365415e-01  3.98756978e-03 -3.96273568e+02  6.39634808e+01
 -1.30653687e+00 -8.63512230e-02]","[-5.08742608e-01  1.97499236e-02 -8.00498538e+01 -3.87247714e+01
 -1.32845422e+00  1.86987710e-02]","[-3.10066897e-02  1.98011680e-02  7.98225568e+01  4.47503325e+00
 -1.30767294e+00  6.53211799e-02]",010,LW
595,2,0.2811377867049886,1,[ 1.25489953  0.34462724  4.5854691  -3.754303   -1.31480584 -0.07930687],"[ 1.60606051e-01  3.61227134e-02 -4.36179828e+01  9.00531196e+00
 -1.29435339e+00 -2.04315850e-01]","[ 8.60099130e-02  3.94990272e-02  3.99655866e+01 -1.43743663e+00
 -1.28561711e+00 -1.41908557e-01]",[-1.31843197  0.26143565 -6.04331961 -5.9677058  -1.29914636  0.09713549],"[-1.15064356e-01  5.46199253e-03  2.84922848e+02  3.47844642e+01
 -1.20982722e+00 -4.21969144e-01]","[ 1.53820944e-01  4.14949703e-03 -3.80986470e+02  6.06036985e+01
 -1.31740673e+00 -3.83996824e-02]","[-5.20719333e-01  1.89482373e-02 -8.33594959e+01 -4.14069011e+01
 -1.32071815e+00  1.07389201e-01]","[-1.83740277e-02  2.04574828e-02  7.72818576e+01  3.41997899e+00
 -1.30958511e+00  3.22020589e-02]",010,LW
596,2,0.2811377867049886,1,[ 1.46264127  0.32100891  4.91785013 -5.19305057 -1.30230719 -0.13752928],"[  0.13682707   0.04034959 -39.13279062   7.35442519  -1.30817875
  -0.1272763 ]","[ 1.09865291e-01  3.58738560e-02  4.40008991e+01 -2.83417158e+00
 -1.28203540e+00 -1.45431383e-01]",[-1.47740113  0.2433104  -6.49117954 -7.59007601 -1.29484715  0.1180539 ],"[-1.12319610e-01  3.74567471e-03  4.00666488e+02  4.70027037e+01
 -1.01285846e+00 -6.89587839e-01]","[ 1.51232312e-01  4.16321490e-03 -3.79750674e+02  5.94305726e+01
 -1.32282691e+00  2.48390478e-02]","[-5.31866784e-01  1.70988407e-02 -9.21395536e+01 -4.70059681e+01
 -1.29925844e+00  2.05119809e-01]","[-5.45519099e-03  2.06939242e-02  7.64053213e+01  2.41680562e+00
 -1.30953343e+00  1.67928586e-03]",010,LW
597,2,0.2811377867049886,1,[ 1.65321491  0.28809451  5.47201231 -7.04641231 -1.28594494 -0.19061607],"[  0.11080041   0.04308244 -36.68556225   6.06477516  -1.3132532
  -0.06823414]","[ 1.31580436e-01  3.25933259e-02  4.84357736e+01 -4.37320023e+00
 -1.28030826e+00 -1.39984291e-01]",[-1.6244335   0.22328782 -7.07030325 -9.48523745 -1.29060016  0.13834496],"[-1.10874939e-01  1.96664539e-03  5.44041092e+02  6.23205231e+01
 -5.93116585e-01 -8.36756253e-01]","[ 1.48699934e-01  3.99224422e-03 -3.95699957e+02  6.08405575e+01
 -1.31864600e+00  1.00548252e-01]","[-5.41576098e-01  1.43642483e-02 -1.09087213e+02 -5.70790271e+01
 -1.25611492e+00  3.23669410e-01]","[ 7.49676568e-03  2.05333689e-02  7.69987844e+01  1.42275816e+00
 -1.30789782e+00 -2.58483075e-02]",010,LW
598,0,0.1395903455925149,0,[ 1.82184564  0.24964195  6.30378743 -9.48452763 -1.26745279 -0.24067987],"[ 8.34864507e-02  4.43381757e-02 -3.56591995e+01  4.97706000e+00
 -1.31554980e+00 -1.77986966e-02]","[ 1.51412427e-01  2.98102498e-02  5.29745628e+01 -6.02100710e+00
 -1.28053953e+00 -1.24912082e-01]","[ -1.75841473   0.20193108  -7.81380908 -11.73991702  -1.28636525
   0.16087897]","[-1.10993922e-01  2.20906799e-03 -4.40521812e+02 -4.68952438e+01
 -4.36500085e-01 -9.65719748e-01]","[ 1.46338032e-01  3.62865397e-03 -4.34422126e+02  6.55724790e+01
 -1.30163590e+00  1.88760950e-01]","[-5.49351166e-01  1.09798150e-02 -1.40947335e+02 -7.54295830e+01
 -1.16484865e+00  4.87770903e-01]","[ 2.02503884e-02  2.00256646e-02  7.89394474e+01  4.01445527e-01
 -1.30521009e+00 -5.00477510e-02]",010,LW
599,0,0.1395903455925149,0,"[  1.9656623    0.2086253    7.52472126 -12.79106091  -1.24650271
  -0.29541397]","[ 5.58823420e-02  4.40655901e-02 -3.58769461e+01  4.00488778e+00
 -1.31741695e+00  3.45713016e-02]","[ 1.69697597e-01  2.76245796e-02  5.71907240e+01 -7.70512846e+00
 -1.28230504e+00 -1.00496709e-01]","[ -1.87843855   0.17940264  -8.78751984 -14.506816    -1.28099173
   0.19049847]","[-1.12947821e-01  4.93278991e-03 -2.92925633e+02 -3.10853121e+01
 -7.37132694e-01 -8.92717906e-01]","[ 1.44259721e-01  3.09187933e-03 -5.07569525e+02  7.52218379e+01
 -1.26605530e+00  2.96264999e-01]","[-5.54840826e-01  7.24384152e-03 -2.05648914e+02 -1.12102413e+02
 -9.31744112e-01  7.49727991e-01]","[ 3.26079668e-02  1.92364279e-02  8.21616241e+01 -6.79123509e-01
 -1.30208313e+00 -7.10316825e-02]",010,LW
600,0,0.1395903455925149,0,"[  2.08304966   0.16655137   9.3828603  -17.544964    -1.21509284
  -0.37318134]","[ 2.90662099e-02  4.20825085e-02 -3.75392292e+01  3.09112311e+00
 -1.31670353e+00  1.00613072e-01]","[ 1.86814529e-01  2.60796600e-02  6.06038827e+01 -9.32168578e+00
 -1.28514499e+00 -6.91400224e-02]","[ -1.98358289   0.15547814 -10.12390401 -18.08160278  -1.27157599
   0.23446945]","[-1.16968750e-01  8.29704211e-03 -1.83934127e+02 -1.95145449e+01
 -1.04491606e+00 -6.20603371e-01]","[ 1.42563860e-01  2.42005949e-03 -6.42075613e+02  9.35367780e+01
 -1.19271974e+00  4.43157778e-01]","[-5.57847310e-01  3.66810598e-03 -3.19736038e+02 -1.76363889e+02
 -4.17758211e-01  1.00956556e+00]","[ 4.44102920e-02  1.82320849e-02  8.66669603e+01 -1.84890502e+00
 -1.29901775e+00 -8.96607608e-02]",010,LW
601,0,0.1721898537192191,0,"[  2.17283345   0.12350354  12.50494662 -25.17116627  -1.14106874
  -0.51163099]","[ 4.23408619e-03  3.81346192e-02 -4.13292607e+01  2.17499165e+00
 -1.30525005e+00  1.92997592e-01]","[ 2.03137148e-01  2.51437339e-02  6.28766736e+01 -1.07725882e+01
 -1.28912366e+00 -3.71411628e-02]","[ -2.07269528   0.12966527 -12.09959391 -23.07877116  -1.25120361
   0.30500276]","[-1.23193998e-01  1.18601650e-02 -1.31027911e+02 -1.41418522e+01
 -1.17845281e+00 -4.47199054e-01]","[ 1.41326437e-01  1.66345603e-03 -9.07826928e+02  1.30299945e+02
 -1.01025792e+00  6.76633076e-01]","[-5.58313841e-01  2.73031341e-03  2.85569999e+02  1.61437683e+02
 -8.65636737e-01  6.66414303e-01]","[ 5.55336974e-02  1.70663309e-02  9.25607104e+01 -3.14023849e+00
 -1.29618225e+00 -1.07605676e-01]",010,LW
602,0,0.1721898537192191,0,"[  2.23360675   0.07929927  18.60319341 -39.55221828  -0.89636842
  -0.78224984]","[-1.73152041e-02  3.20640185e-02 -4.88427517e+01  1.15427778e+00
 -1.26393209e+00  3.29134569e-01]","[ 2.18975497e-01  2.46771360e-02  6.40718063e+01 -1.20301556e+01
 -1.29492669e+00 -1.46137031e-02]","[ -2.14422368   0.10137074 -15.34989615 -30.9136108   -1.19921484
   0.42719258]","[-1.31612622e-01  1.53024541e-02 -1.02423907e+02 -1.14802790e+01
 -1.24907345e+00 -3.21991341e-01]","[ 1.40596875e-01  9.03197184e-04 -1.44001256e+03  2.04461266e+02
 -5.05615830e-01  1.00562527e+00]","[-5.56301624e-01  5.66079188e-03  2.57110072e+02  1.45030751e+02
 -8.38258865e-01  8.27844021e-01]","[ 6.58812899e-02  1.57726375e-02  1.00115636e+02 -4.59574726e+00
 -1.29330583e+00 -1.27159415e-01]",010,LW
603,0,0.1721898537192191,0,"[ 2.26343560e+00  3.90383486e-02  2.43582989e+01 -5.31334407e+01
 -6.37188741e-01 -8.04370427e-01]","[-3.42719011e-02  2.40107114e-02 -6.40043243e+01 -1.93549873e-01
 -1.13927943e+00  5.44003307e-01]","[ 2.34506009e-01  2.44074277e-02  6.47801993e+01 -1.31913460e+01
 -1.30310540e+00 -1.22531969e-02]","[ -2.19610423   0.07023286 -21.53791066 -45.2994967   -1.0345706
   0.65856723]","[-1.42022772e-01  1.82803969e-02 -8.61454761e+01 -1.02346193e+01
 -1.29171115e+00 -2.18692666e-01]","[ 1.40398309e-01  5.24336323e-04  6.80694365e+02 -9.35683375e+01
 -1.50282308e+00  3.49110425e-01]","[-5.51970133e-01  8.97304319e-03  1.71819821e+02  9.68394097e+01
 -1.14304610e+00  5.22952596e-01]","[ 7.53719767e-02  1.43648816e-02  1.09867911e+02 -6.28096162e+00
 -1.28963906e+00 -1.50966698e-01]",010,LW
604,0,0.1721898537192191,0,"[ 2.26001657e+00  4.59997082e-02 -2.33697493e+01  5.48160208e+01
 -4.13372141e-01 -9.87081576e-01]","[-4.54697413e-02  1.46764082e-02 -9.64497746e+01 -2.38554630e+00
 -7.43958955e-01  8.90777222e-01]","[ 2.49701319e-01  2.39410418e-02  6.60341962e+01 -1.44888259e+01
 -1.31242921e+00 -3.81055484e-02]","[-2.22571308e+00  3.80963261e-02 -3.26944943e+01 -7.07685637e+01
 -5.25164498e-01  9.56884178e-01]","[-1.54005414e-01  2.04319502e-02 -7.72831984e+01 -9.90203093e+00
 -1.31890264e+00 -1.22717417e-01]","[ 1.40730645e-01  1.07645012e-03  1.30903950e+03 -1.82221974e+02
 -7.10386640e-01  9.10562584e-01]","[-5.45570995e-01  1.19604534e-02  1.30864706e+02  7.33959879e+01
 -1.24812433e+00  3.42372064e-01]","[ 8.39315348e-02  1.28448850e-02  1.22765943e+02 -8.30393403e+00
 -1.28385712e+00 -1.81836715e-01]",010,LW
605,0,0.1846376309717464,0,"[  2.22119415   0.09623802 -15.27587221  35.93067796  -0.84395526
  -0.81704635]","[-5.00569133e-02  7.18762653e-03 -5.66749007e+01 -8.36970588e-01
 -1.43411688e+00  3.78463117e-01]","[ 2.64278447e-01  2.28207227e-02  6.92264477e+01 -1.62950581e+01
 -1.31815458e+00 -9.81563677e-02]","[-2.22991387e+00  2.97501300e-02  2.25391412e+01  5.22603437e+01
 -9.30041618e-01  6.66147318e-01]","[-1.66913961e-01  2.13963289e-02 -7.38865219e+01 -1.03326921e+01
 -1.33477311e+00 -2.24175271e-02]","[ 1.41574964e-01  1.81026331e-03  8.45665701e+02 -1.17725091e+02
 -1.09279599e+00  5.84426940e-01]","[-5.37455245e-01  1.43745555e-02  1.09555938e+02  6.08814132e+01
 -1.29743148e+00  2.16436064e-01]","[ 9.14886504e-02  1.12132366e-02  1.40437174e+02 -1.08484075e+01
 -1.27386084e+00 -2.22853743e-01]",010,LW
606,0,0.1846376309717464,0,"[  2.14564914   0.15337206 -10.02722838  23.51491391  -1.10750879
  -0.55321335]","[-4.76296832e-02  1.18384782e-02  1.09170254e+02  7.19974463e+00
 -5.20316990e-01  9.90665326e-01]","[ 2.77686982e-01  2.06184646e-02  7.64131258e+01 -1.92189303e+01
 -1.30909335e+00 -2.01331849e-01]",[-2.2052551   0.06831624 20.70579487 47.66155968 -0.65093401  0.94964989],"[-1.79877469e-01  2.08380566e-02 -7.58042107e+01 -1.16354696e+01
 -1.33706705e+00  9.69273048e-02]","[ 1.42897929e-01  2.51477755e-03  6.20307550e+02 -8.66406645e+01
 -1.21434207e+00  3.95442320e-01]","[-5.28083758e-01  1.59917026e-02  9.87637896e+01  5.41555532e+01
 -1.32377678e+00  1.10093450e-01]","[ 9.79761862e-02  9.47879277e-03  1.65748545e+02 -1.42394103e+01
 -1.25622039e+00 -2.78263950e-01]",010,LW
607,0,0.1846376309717464,0,[ 2.03357148  0.21014487 -7.42603003 17.10136287 -1.21447264 -0.39099377],"[-3.82929645e-02  2.15001276e-02  7.04147000e+01  4.69638761e+00
 -1.04229945e+00  6.53053556e-01]","[ 2.89153578e-01  1.70503055e-02  9.15816674e+01 -2.44811668e+01
 -1.25573823e+00 -3.69453477e-01]",[-2.14837273  0.11991318 12.65760711 29.19325793 -1.00351592  0.6620522 ],"[-1.91820874e-01  1.84856022e-02 -8.49922126e+01 -1.43032805e+01
 -1.30912868e+00  2.61617488e-01]","[ 1.44655588e-01  3.15424507e-03  4.97940102e+02 -7.00298182e+01
 -1.26236148e+00  2.82585810e-01]","[-5.18025799e-01  1.66167813e-02  9.51427987e+01  5.12864244e+01
 -1.33404269e+00  8.44064319e-03]","[ 1.03335847e-01  7.66328878e-03  2.04147825e+02 -1.90957884e+01
 -1.22410380e+00 -3.55959051e-01]",010,LW
608,0,0.1846376309717464,0,[ 1.88721116  0.26212318 -5.99343666 13.31088058 -1.26881136 -0.27628316],"[-2.26462313e-02  3.05575496e-02  5.09945762e+01  3.15483497e+00
 -1.22573073e+00  4.03410113e-01]","[ 2.97786100e-01  1.21213932e-02  1.24522675e+02 -3.50811217e+01
 -1.05487550e+00 -6.54875719e-01]",[-2.05660804  0.17657852  8.77321931 20.04307335 -1.14790449  0.48553585],"[-2.01510722e-01  1.42230464e-02 -1.08005966e+02 -1.97643603e+01
 -1.17697441e+00  5.27688251e-01]","[ 1.46795852e-01  3.71189794e-03  4.24485104e+02 -6.03126522e+01
 -1.28617830e+00  2.05430507e-01]","[-5.07930163e-01  1.61437994e-02  9.78549014e+01  5.17034560e+01
 -1.32835438e+00 -9.61772454e-02]","[ 1.07523829e-01  5.80121280e-03  2.67292075e+02 -2.67402675e+01
 -1.15978578e+00 -4.73300128e-01]",010,LW
609,0,0.1846376309717464,0,[ 1.71125899  0.30493843 -5.17051802 10.84809546 -1.30057994 -0.18293215],"[-1.71754730e-03  3.78522552e-02  4.15545173e+01  2.07137185e+00
 -1.29266003e+00  2.45188144e-01]","[ 3.02723441e-01  6.56375171e-03  1.80572314e+02 -5.26634723e+01
 -5.14893401e-01 -9.37924208e-01]",[-1.92875769  0.23444178  6.66921525 14.86330018 -1.22280247  0.36432458],"[-2.07632988e-01  8.48328054e-03 -1.55701464e+02 -3.03287604e+01
 -6.61702522e-01  8.99067071e-01]","[ 1.49258620e-01  4.17170953e-03  3.78355989e+02 -5.44728928e+01
 -1.30017059e+00  1.45362811e-01]","[-4.98461668e-01  1.46069532e-02  1.07832920e+02  5.57505771e+01
 -1.30309607e+00 -2.10131048e-01]","[ 1.10515259e-01  3.94118704e-03  3.84127021e+02 -4.04518973e+01
 -1.00518273e+00 -6.70725548e-01]",010,LW
610,0,0.1719659394518337,0,[ 1.51299535  0.33429662 -4.72573704  9.15001817 -1.31964361 -0.09776739],"[ 2.31314218e-02  4.28277966e-02  3.68638226e+01  1.14728737e+00
 -1.32014377e+00  1.29348057e-01]","[ 3.03303706e-01  5.40400442e-03 -1.43138837e+02  4.54145398e+01
 -8.18461677e-01 -7.04817762e-01]",[-1.76578803  0.28914571  5.43549518 11.59793234 -1.26814795  0.26862253],"[-2.08904273e-01  6.05459027e-03  7.31495119e+01  1.72812456e+01
 -1.29475928e+00  4.74987945e-01]","[ 1.51973615e-01  4.51438455e-03  3.49993477e+02 -5.11897738e+01
 -1.30946535e+00  9.26329521e-02]","[-4.90213565e-01  1.21971903e-02  1.28331205e+02  6.49096974e+01
 -1.24922163e+00 -3.41449586e-01]","[ 1.12305967e-01  2.17938755e-03  6.22297262e+02 -6.78876956e+01
 -5.64225806e-01 -9.91481147e-01]",010,LW
611,0,0.1719659394518337,0,[ 1.30214604  0.3464125  -4.56392722  7.94289977 -1.3288637  -0.01252638],"[ 5.03139279e-02  4.51759324e-02  3.49937070e+01  2.39329147e-01
 -1.32967035e+00  3.23218950e-02]","[ 2.99218910e-01  1.13805314e-02 -1.27080135e+02  4.00247795e+01
 -8.14612900e-01 -8.46688637e-01]",[-1.57132881  0.33590464  4.69356971  9.37514133 -1.29694418  0.18570807],"[-2.04212645e-01  1.38421725e-02  1.00178273e+02  2.24576701e+01
 -5.94221963e-01  9.83393031e-01]","[ 1.54857801e-01  4.71737823e-03  3.35119026e+02 -4.98957954e+01
 -1.31578888e+00  4.10133592e-02]","[-4.83619983e-01  9.24155204e-03  1.67282252e+02  8.29010399e+01
 -1.14691423e+00 -5.02835043e-01]","[ 1.12912009e-01  1.08673953e-03  9.69865237e+00  9.04905677e-01
 -1.72271037e+00 -2.55174254e-01]",010,LW
612,0,0.1631812054857797,0,[ 1.09042774  0.33854765 -4.66743955  7.08950556 -1.3275172   0.0802261 ],[ 0.07812886  0.04478631 35.29108955 -0.75725246 -1.32746659 -0.05909631],"[ 2.90628314e-01  1.79679762e-02 -8.58344412e+01  2.69459189e+01
 -1.16689303e+00 -5.11218884e-01]",[-1.35182389  0.37012427  4.26753137  7.76895086 -1.31456168  0.10929477],"[-1.92777020e-01  2.46051843e-02  6.15903444e+01  1.38732031e+01
 -1.01077102e+00  6.65110212e-01]","[ 1.57814411e-01  4.75741495e-03  3.32336681e+02 -5.04475175e+01
 -1.31887037e+00 -1.40000979e-02]","[-4.78890338e-01  6.15413914e-03  2.44550427e+02  1.19112837e+02
 -9.49758232e-01 -7.16944513e-01]","[ 1.12369481e-01  2.06214732e-03 -6.62965067e+02  7.64970403e+01
 -6.21188718e-01 -9.56475930e-01]",010,LW
613,0,0.1631812054857797,0,[ 0.89078441  0.3095226  -5.09211919  6.5359804  -1.31045998  0.19056824],[ 0.10487194  0.04174071 37.80108588 -1.96427329 -1.31340101 -0.15520397],"[ 2.78211611e-01  2.32896508e-02 -6.73898739e+01  2.07486454e+01
 -1.29522498e+00 -2.85338766e-01]",[-1.11632102  0.38797514  4.07474045  6.54871842 -1.32373978  0.03478466],"[-1.74300770e-01  3.57707189e-02  4.33989291e+01  9.56446678e+00
 -1.17984988e+00  4.56387732e-01]","[ 1.60734790e-01  4.61590606e-03  3.42367328e+02 -5.30303404e+01
 -1.31702276e+00 -7.57832311e-02]","[-4.75978250e-01  3.37427453e-03  4.14033765e+02  1.99071067e+02
 -5.49531941e-01 -1.01455983e+00]","[ 1.10737225e-01  3.59715550e-03 -4.23531060e+02  4.89006544e+01
 -1.06530866e+00 -6.18889621e-01]",010,LW
614,0,0.1631812054857797,0,[ 0.71633674  0.26015959 -6.01695822  6.31016821 -1.26169572  0.33642864],"[ 1.28953612e-01  3.63178649e-02  4.32691854e+01 -3.57971773e+00
 -1.28110725e+00 -2.67704928e-01]","[ 2.63152866e-01  2.64275958e-02 -5.97534028e+01  1.77242792e+01
 -1.34676234e+00 -1.07633749e-01]",[-0.87596963  0.3867152   4.08775773  5.58075162 -1.32537907 -0.04309478],[-0.14908391  0.04607112 34.03736058  7.07442267 -1.26048911  0.31065489],"[ 1.63504296e-01  4.28705393e-03  3.68146887e+02 -5.81935976e+01
 -1.30724698e+00 -1.46916009e-01]","[-4.74592409e-01  1.33586204e-03  7.00488982e+02  3.34446753e+02
 -2.44137115e-01 -1.11068033e+00]","[ 1.08102590e-01  5.06568668e-03 -3.07647640e+02  3.52575066e+01
 -1.21417619e+00 -4.06238444e-01]",010,LW
615,0,0.1631812054857797,0,[ 0.57914499  0.19375264 -7.92190364  6.58793081 -1.12920388  0.55525006],"[ 1.49021794e-01  2.90010799e-02  5.36987163e+01 -6.00227904e+00
 -1.21198478e+00 -4.14709942e-01]","[ 2.47054193e-01  2.67708562e-02 -5.90222578e+01  1.65816963e+01
 -1.35700657e+00  6.35501856e-02]",[-0.64332255  0.36482621  4.32735963  4.78388805 -1.31756843 -0.13186544],[-0.11805981  0.0544039  28.96807571  5.41996542 -1.30271691  0.19558945],"[ 1.66012700e-01  3.78573679e-03  4.15817586e+02 -6.70310002e+01
 -1.28521113e+00 -2.29553183e-01]","[-4.74250726e-01  6.63316381e-04 -1.63068320e+03 -7.71352693e+02
 -1.23094606e+00 -1.32731095e-01]","[ 1.04587516e-01  6.34007571e-03 -2.47836628e+02  2.79206173e+01
 -1.27526276e+00 -2.71071088e-01]",010,LW
616,0,0.1631812054857797,0,"[  0.48896914   0.11747438 -12.01125232   7.87313174  -0.72651509
   0.90152765]","[ 1.64074992e-01  2.04875165e-02  7.42592947e+01 -1.01840932e+01
 -1.05105131e+00 -6.31597695e-01]","[ 2.31784661e-01  2.40415090e-02 -6.53272670e+01  1.71418584e+01
 -1.31836631e+00  2.64441787e-01]",[-0.43150709  0.32217162  4.88263691  4.10689244 -1.2926511  -0.24361905],[-0.08273704  0.05987965 26.38278818  4.18283388 -1.32327907  0.09666118],"[ 1.68166858e-01  3.15037596e-03  4.97389498e+02 -8.16444291e+01
 -1.24511731e+00 -3.26768299e-01]","[-4.74366895e-01  7.17675459e-04 -2.02032725e+03 -9.56376365e+02
 -1.54767649e+00  2.74962512e-01]","[ 1.00351031e-01  7.34020096e-03 -2.14871424e+02  2.35625689e+01
 -1.30427328e+00 -1.71732544e-01]",010,LW
617,0,0.1477360510844305,0,[ 0.45223985  0.05713418 -6.84107849  5.09380832 -1.44871549  0.3741352 ],"[ 1.73545341e-01  1.17676402e-02  1.17852594e+02 -1.84527686e+01
 -6.23392149e-01 -9.64305203e-01]","[ 2.19277578e-01  1.84095761e-02 -8.32100576e+01  2.02460999e+01
 -1.15893181e+00  5.50656443e-01]",[-0.25329175  0.2603322   5.98659794  3.51635585 -1.22762576 -0.40112315],"[-4.50477364e-02  6.19555794e-02  2.55185355e+01  3.14955226e+00
 -1.32901295e+00  6.56685973e-03]","[ 1.69901699e-01  2.43771101e-03  6.37574447e+02 -1.06324982e+02
 -1.17674703e+00 -4.46442594e-01]","[-4.74349592e-01  7.45770252e-04  2.65182132e+02  1.27789036e+02
 -1.48347512e+00  3.28206224e-01]","[ 9.55851402e-02  8.01000352e-03 -1.97250557e+02  2.08542221e+01
 -1.31717933e+00 -9.15853241e-02]",010,LW
618,0,0.1477360510844305,0,[ 0.47143863  0.09381064 13.84562996 -4.52736478 -0.53530445  0.98301373],"[ 1.77330846e-01  5.39415539e-03  6.43587346e+01 -9.41278883e+00
 -1.45949410e+00 -3.83747994e-01]","[ 2.11301997e-01  1.08655504e-02 -1.21593883e+02  2.76930303e+01
 -6.26565321e-01  9.28714006e-01]",[-0.12008283  0.18329746  8.25803961  2.9916488  -1.04345275 -0.65295812],"[-7.12793252e-03  6.05108076e-02  2.61144891e+01  2.18614232e+00
 -1.32303887e+00 -7.95700886e-02]","[ 1.71186388e-01  1.71125533e-03  8.93213770e+02 -1.50906039e+02
 -1.05175777e+00 -6.09938233e-01]","[-4.73694269e-01  1.90165466e-03  6.86423070e+02  3.27154675e+02
 -3.96624025e-01  1.09004478e+00]","[ 9.05037916e-02  8.32418179e-03 -1.89929501e+02  1.91893400e+01
 -1.32055353e+00 -2.33378410e-02]",010,LW
619,0,1.0850236823334802,0,[ 0.54501387  0.16911061  8.96518257 -2.88614883 -1.0526418   0.64312475],"[ 1.75762499e-01  8.35475966e-03 -1.59084721e+02  2.99611281e+01
 -6.31562541e-01 -9.27937123e-01]","[ 2.09244757e-01  6.98266615e-03  5.10315770e+01 -8.67808991e+00
 -1.46123998e+00  3.75295254e-01]",[-0.04093292  0.10073777 12.7430325   2.52160954 -0.51747341 -0.98757471],[ 0.02892444  0.05582721 28.25538693  1.1827287  -1.30609877 -0.16665119],"[ 1.72024185e-01  1.03130063e-03  1.41292065e+03 -2.41056524e+02
 -7.72699632e-01 -8.66066073e-01]","[-4.72051153e-01  3.66441593e-03  4.07209744e+02  1.94223829e+02
 -9.22305113e-01  7.52558745e-01]","[ 8.53276712e-02  8.28847650e-03 -1.90735349e+02  1.82750032e+01
 -1.31807824e+00  3.77122999e-02]",010,LW
620,0,1.0850236823334802,0,[ 0.66781641  0.23921358  6.51725355 -2.35232886 -1.22802383  0.39744587],"[ 1.69512167e-01  1.43062547e-02 -1.06968914e+02  2.01325323e+01
 -1.13111433e+00 -5.68220685e-01]","[ 2.13937139e-01  1.48108908e-02  9.42143522e+01 -1.81559490e+01
 -6.67789264e-01  9.37278230e-01]",[-0.02168458  0.06357978 -7.24472004  1.8429013  -1.3512622  -0.42271176],"[ 6.12643703e-02  4.84944678e-02  3.24172131e+01  1.39798500e-02
 -1.27584243e+00 -2.61499763e-01]","[ 1.72446418e-01  4.73071033e-04  2.27126339e+03 -3.89671237e+02
 -3.48717546e-01 -1.03815639e+00]","[-4.69260389e-01  5.55063390e-03  2.78553930e+02  1.32714326e+02
 -1.16160923e+00  4.96256600e-01]","[ 8.02689191e-02  7.93126239e-03 -1.99199589e+02  1.79895357e+01
 -1.31142851e+00  9.61659840e-02]",010,LW
621,0,1.0850236823334802,0,[ 0.83188549  0.29610127  5.31208991 -2.4190505  -1.28921956  0.24638929],"[ 1.59469796e-01  1.92522053e-02 -8.13633697e+01  1.49750000e+01
 -1.27183983e+00 -3.23311135e-01]","[ 2.25550878e-01  2.51146868e-02  6.08456329e+01 -1.17237859e+01
 -1.09345324e+00  5.93277148e-01]","[ -0.06439019   0.13264652 -10.68263193   1.31214331  -0.73206559
  -0.89859183]","[ 8.84524210e-02  3.92851911e-02  3.97643764e+01 -1.51725537e+00
 -1.22361633e+00 -3.75666287e-01]","[ 1.72503473e-01  3.57004547e-04 -2.63634873e+03  4.56779313e+02
 -7.34571984e-01 -7.21482065e-01]","[-4.65357074e-01  7.23661184e-03  2.16613711e+02  1.02802723e+02
 -1.26949822e+00  3.13824943e-01]","[ 7.55185682e-02  7.29430613e-03 -2.16322798e+02  1.83363880e+01
 -1.30007938e+00  1.56783296e-01]",010,LW
622,0,1.0850236823334802,0,[ 1.02735474  0.336702    4.68792748 -2.81616452 -1.31332707  0.14101487],"[ 1.46624734e-01  2.27348463e-02 -6.93574897e+01  1.21695235e+01
 -1.31249968e+00 -1.76703571e-01]","[ 2.43580574e-01  3.45034586e-02  4.52763550e+01 -9.02844053e+00
 -1.24505138e+00  3.68397898e-01]",[-0.1671294   0.21933631 -6.99380468  0.83112965 -1.11668568 -0.56380357],"[ 1.09534060e-01  2.90470785e-02  5.30700286e+01 -3.81297567e+00
 -1.12365606e+00 -5.31754571e-01]","[ 1.72256679e-01  6.80465451e-04 -2.19398932e+03  3.79929315e+02
 -1.01218616e+00 -7.00080697e-01]","[-4.60555873e-01  8.45652015e-03  1.86504309e+02  8.78956548e+01
 -1.32274977e+00  1.66517755e-01]","[ 7.12372063e-02  6.42926037e-03 -2.44909951e+02  1.94467007e+01
 -1.28147524e+00  2.24008290e-01]",010,LW
623,0,1.0850236823334802,0,[ 1.24329434  0.35972744  4.39393388 -3.46295314 -1.3223259   0.05793381],"[ 1.31976517e-01  2.47234555e-02 -6.39190097e+01  1.04358083e+01
 -1.32472712e+00 -7.45463378e-02]",[ 0.26691832  0.04178582 37.68709172 -8.05937532 -1.30516227  0.21458715],[-0.32427047  0.29789999 -5.2483158   0.29812615 -1.24459731 -0.3582358 ],"[ 1.24053569e-01  1.86617840e-02  7.95799468e+01 -7.87217638e+00
 -8.91433634e-01 -7.76776443e-01]","[ 1.71772811e-01  9.77492340e-04 -1.59579237e+03  2.76113741e+02
 -1.25609126e+00 -3.80784746e-01]","[-4.55220519e-01  8.99965395e-03  1.75642441e+02  8.19560433e+01
 -1.34615521e+00  2.87374973e-02]","[ 6.75478628e-02  5.39900427e-03 -2.90639257e+02  2.16320607e+01
 -1.25129025e+00  3.02170796e-01]",010,LW
624,0,0.4158783481805804,0,[ 1.46839738  0.3649382   4.33233036 -4.36158256 -1.32317951 -0.01530579],"[ 1.16486452e-01  2.52753030e-02 -6.25524597e+01  9.28651412e+00
 -1.32612411e+00  9.24111080e-03]",[ 0.29401115  0.04630129 34.11885197 -8.03132295 -1.32755303  0.09660094],[-0.52712245  0.36141491 -4.35595144 -0.29611981 -1.29373646 -0.22530389],"[ 1.32018663e-01  9.30678996e-03  1.30346735e+02 -1.52082016e+01
 -3.74152208e-01 -1.06013055e+00]","[ 1.71119723e-01  1.18135011e-03 -1.33399053e+03  2.30272091e+02
 -1.31939566e+00 -1.91254535e-01]","[-4.49815179e-01  8.73666581e-03  1.80723160e+02  8.32920207e+01
 -1.34096065e+00 -1.17257024e-01]","[ 6.45302015e-02  4.27786483e-03 -3.64713941e+02  2.55350641e+01
 -1.20234056e+00  3.97211654e-01]",010,LW
625,0,0.3045780848024248,0,[ 1.69151702  0.35289506  4.47750982 -5.57378407 -1.31759209 -0.08676475],"[ 1.01062945e-01  2.44636364e-02 -6.45852607e+01  8.52717663e+00
 -1.32049064e+00  8.99535049e-02]","[ 3.23079087e-01  4.78372706e-02  3.30498842e+01 -8.67772640e+00
 -1.32963649e+00 -3.97783569e-04]",[-0.76484596  0.40660246 -3.88307581 -0.96995485 -1.31347446 -0.12940854],"[ 1.33833100e-01  5.71004529e-03 -1.10221155e+02  1.67512388e+01
 -1.17687642e+00 -4.76605123e-01]","[ 1.70360591e-01  1.29087028e-03 -1.22425658e+03  2.10565074e+02
 -1.32817869e+00 -6.98603734e-02]","[-4.44833253e-01  7.66722832e-03  2.04704174e+02  9.30592236e+01
 -1.29333763e+00 -2.85776930e-01]","[ 6.22164677e-02  3.14674270e-03 -4.90756550e+02  3.25331390e+01
 -1.11958686e+00  5.20454109e-01]",010,LW
626,0,0.1144748666784122,0,[ 1.90214474  0.32493317  4.85514482 -7.23518817 -1.30432391 -0.16321918],"[ 8.65552818e-02  2.23763335e-02 -7.04667800e+01  8.09927200e+00
 -1.30524757e+00  1.79746262e-01]",[ 0.35235681  0.04661569 33.89795748 -9.94417619 -1.31924242 -0.08248707],[-1.02543708  0.43229095 -3.65655175 -1.74956375 -1.32005346 -0.05398029],"[ 1.30214918e-01  1.11477884e-02 -1.30852725e+02  1.90389769e+01
 -9.00590690e-01 -7.88206183e-01]","[ 1.69545561e-01  1.32860767e-03 -1.19005238e+03  2.03768098e+02
 -1.31263640e+00 -3.29244972e-03]","[-4.40706782e-01  5.96019862e-03  2.59406186e+02  1.16322065e+02
 -1.17208760e+00 -4.92642669e-01]","[ 6.05907001e-02  2.08519723e-03 -7.24777691e+02  4.59147877e+01
 -9.64037816e-01  6.95911258e-01]",010,LW
627,0,0.114474865565238,0,[ 2.09092881  0.28325543  5.55227323 -9.60940806 -1.27881246 -0.25205399],"[ 7.37286013e-02  1.91547356e-02 -8.19483998e+01  8.04194090e+00
 -1.27066788e+00  2.91024574e-01]","[  0.38030808   0.04319527  36.53379767 -11.89409853  -1.30156156
  -0.15263115]",[-1.29659361  0.43873724 -3.60367865 -2.67250671 -1.32006161  0.01063708],"[ 1.22114072e-01  1.69160767e-02 -9.17446340e+01  1.32033108e+01
 -1.22020220e+00 -4.42875440e-01]","[ 1.68701773e-01  1.33963722e-03 -1.18025437e+03  2.01111005e+02
 -1.28757136e+00 -3.53837160e-03]","[-4.37711055e-01  3.94971435e-03  3.77544057e+02  1.67255207e+02
 -9.12180825e-01 -7.60029705e-01]","[ 5.95922493e-02  1.16732267e-03 -1.21554227e+03  7.44368982e+01
 -6.24145984e-01  9.66515071e-01]",010,LW
628,0,0.114474865565238,0,"[  2.25023904   0.23103581   6.76671094 -13.22671715  -1.23074075
  -0.3636582 ]","[ 6.32104837e-02  1.50511333e-02 -1.03270479e+02  8.52777691e+00
 -1.19472729e+00  4.39732833e-01]","[ 4.05768238e-01  3.82966226e-02  4.11324968e+01 -1.46902608e+01
 -1.28025687e+00 -2.13712848e-01]",[-1.56634651  0.42697686 -3.70141528 -3.7976989  -1.31588776  0.07196232],"[ 1.10633940e-01  2.11608283e-02 -7.43499846e+01  1.02256317e+01
 -1.30805396e+00 -2.35021253e-01]","[ 1.67824185e-01  1.38708989e-03 -1.13919744e+03  1.93184883e+02
 -1.25861128e+00 -8.08628435e-02]","[-4.35887145e-01  2.07157298e-03  6.50046608e+02  2.85346960e+02
 -4.08707878e-01 -1.09790382e+00]","[ 5.91234110e-02  4.86695572e-04 -1.92404843e+03  1.15756306e+02
 -3.70183654e-01  1.01946540e+00]",010,LW
629,0,0.114474865565238,0,"[  2.37467791   0.17239271   8.95481957 -19.26481219  -1.13517682
  -0.51743226]","[ 5.54199816e-02  1.04706073e-02 -1.44952131e+02  1.00332444e+01
 -1.02488095e+00  6.53282196e-01]","[ 4.27996322e-01  3.26212773e-02  4.81819518e+01 -1.86216982e+01
 -1.25673070e+00 -2.69753640e-01]",[-1.82344874  0.39836428 -3.96282298 -5.22600457 -1.30697723  0.13717631],"[ 9.69546667e-02  2.35932674e-02 -6.69578265e+01  8.49187375e+00
 -1.33347168e+00 -9.36198868e-02]","[ 1.66870290e-01  1.54022414e-03 -1.02298016e+03  1.72704995e+02
 -1.22163920e+00 -2.08625504e-01]","[-4.35004109e-01  7.39147128e-04  1.22460876e+03  5.34709843e+02
 -6.96985701e-02 -1.22824168e+00]","[ 5.90603368e-02  3.59318590e-04  3.08650986e+03 -1.80290312e+02
 -7.96363236e-01  6.60270084e-01]",010,LW
630,0,0.114474865565238,0,"[  2.46141655   0.11225326  13.28901456 -30.70980037  -0.91585676
  -0.75551724]","[ 5.05004144e-02  5.98273204e-03 -2.34314743e+02  1.38329916e+01
 -6.19623338e-01  9.70783073e-01]","[ 4.46645731e-01  2.67358858e-02  5.86265888e+01 -2.41853156e+01
 -1.22980645e+00 -3.25677423e-01]",[-2.0575979   0.35446111 -4.4435452  -7.14302928 -1.28973947  0.21445202],"[ 8.22568966e-02  2.42046751e-02 -6.53147689e+01  7.37259020e+00
 -1.33449286e+00  1.89881156e-02]","[ 1.65761380e-01  1.85719692e-03 -8.44365373e+02  1.41963169e+02
 -1.18480102e+00 -3.23429546e-01]","[-4.34572241e-01  3.21846205e-04  1.51032738e+03  6.58346356e+02
 -1.20128258e+00  3.95773834e-01]","[ 5.92661797e-02  5.75284316e-04  2.68552758e+03 -1.57160960e+02
 -1.33755327e+00  4.08192907e-01]",010,LW
631,0,0.114474865565238,0,"[  2.51026891   0.05728447  21.96245051 -53.13165665  -0.39971504
  -1.0621706 ]","[ 4.82810688e-02  2.53103377e-03 -2.75706598e+02  1.53114092e+01
 -7.86377708e-01  7.55832437e-01]","[ 4.61680810e-01  2.10400645e-02  7.42224586e+01 -3.22670848e+01
 -1.19616028e+00 -3.87211334e-01]",[-2.25959907  0.2971937  -5.27519387 -9.91982315 -1.25521076  0.31599414],"[ 6.76494018e-02  2.31461871e-02 -6.82229166e+01  6.61523950e+00
 -1.32074463e+00  1.20507707e-01]","[ 1.64390812e-01  2.37208145e-03 -6.58775767e+02  1.10296683e+02
 -1.16812094e+00 -3.83589549e-01]","[-4.33902428e-01  1.45539977e-03  7.83830549e+02  3.42105978e+02
  2.52724919e-02  1.33061958e+00]","[ 5.96047724e-02  6.55510203e-04  2.40774480e+03 -1.41513081e+02
 -1.43276659e+00 -3.33421446e-02]",010,LW
632,0,0.1504582000554437,0,"[  2.5092758    0.05935903 -14.12302477  37.43856434  -0.35792622
  -1.08961628]","[ 4.88647659e-02  3.72798786e-03  3.34676272e+02 -1.43538776e+01
 -2.70563978e-01  1.13009036e+00]","[ 4.73831054e-01  1.65414627e-02  9.46563825e+01 -4.28511335e+01
 -1.15370553e+00 -3.49857330e-01]","[ -2.42375844   0.23197711  -6.70489898 -14.25105551  -1.18221755
   0.43769287]","[ 5.28128606e-02  2.26630994e-02 -6.97103625e+01  5.68160366e+00
 -1.21420162e+00  1.69206418e-02]","[ 1.61926670e-01  4.46225441e-03 -3.31731534e+02  5.57161826e+01
 -5.52489581e-01 -9.07094095e-01]","[-4.30368180e-01  7.76878795e-03  1.64017026e+02  7.25877091e+01
  7.17294593e-02  1.38139878e+00]","[ 5.99308074e-02  5.46065402e-04  2.79326881e+03 -1.65402855e+02
 -1.26086483e+00 -4.98612479e-01]",010,LW
633,0,0.1879969849556401,0,"[  2.47411606   0.10195243 -14.18766149  37.10192113  -1.2991485
  -0.63449531]","[ 5.07458893e-02  5.02303962e-03  3.03738335e+02 -1.34134719e+01
 -1.67676088e+00  2.89806843e-01]","[ 4.82357954e-01  1.17487149e-02  1.30036907e+02 -6.07243365e+01
 -1.16884899e+00 -5.08845458e-01]","[ -2.52996499   0.14763049  -9.63882042 -22.38587826  -0.8864202
   0.74901457]","[ 4.05405911e-02  1.92323986e-02 -8.09668615e+01  5.28244442e+00
 -1.39882559e+00  2.46383810e-01]","[ 1.58776768e-01  6.11274314e-03 -2.50922922e+02  4.18407306e+01
 -1.38209378e+00 -4.59565343e-01]","[-4.24084764e-01  1.37625762e-02  1.06481725e+02  4.71572771e+01
 -1.11589571e+00  7.18941855e-01]","[ 6.01113907e-02  3.27148712e-04  2.83696201e+03 -1.68533732e+02
 -9.39344210e-01 -5.36388273e-01]",010,LW
634,0,0.1879969849556401,0,"[  2.41156037   0.13595113 -11.47669762  29.67674915  -1.46767875
  -0.15805418]","[ 5.29527064e-02  4.74577411e-03  3.13018571e+02 -1.45751805e+01
 -1.59384610e+00 -4.45844224e-01]","[ 4.87558575e-01  7.09299572e-03  1.89135548e+02 -9.02146583e+01
 -8.98517917e-01 -8.29001222e-01]","[ -2.57359268   0.07955555  -5.18711155 -11.34951231  -1.35076453
   0.18600376]","[ 3.15169168e-02  1.39054394e-02 -1.04298488e+02  5.28716675e+00
 -1.23305283e+00  6.68972240e-01]","[ 1.54793206e-01  7.54840321e-03 -2.07756028e+02  3.41592216e+01
 -1.40626377e+00 -1.61667871e-01]","[-4.14071217e-01  2.04732386e-02  7.54860762e+01  3.32566114e+01
 -1.23589103e+00  4.20646113e-01]","[ 6.00698029e-02  4.08673498e-04 -2.50032700e+03  1.52194150e+02
 -5.69843857e-01 -8.54398053e-01]",010,LW
635,0,0.1879969849556401,0,"[  2.32899765   0.1508724  -10.45750589  26.35550666  -1.18933824
   0.12978697]","[ 5.45388502e-02  3.18889121e-03  3.10332194e+02 -1.49251611e+01
 -2.43101995e-01 -1.12906229e+00]","[ 4.89634031e-01  3.77079858e-03  5.77149770e+01 -2.62592168e+01
 -1.50528703e+00 -4.55964471e-01]",[-2.55223538  0.11904253 10.63866618 29.15238022 -0.6688809   0.81369982],"[ 2.62435887e-02  7.84192116e-03 -1.24630145e+02  5.27074227e+00
 -7.14979640e-02  1.26691843e+00]","[ 1.49835733e-01  8.73076651e-03 -1.80763177e+02  2.90847832e+01
 -1.16733950e+00 -5.08597858e-02]","[-3.99397725e-01  2.75735007e-02  5.69050173e+01  2.47277344e+01
 -1.15710006e+00  3.05196247e-01]","[ 5.97589121e-02  8.06260247e-04 -1.83746818e+03  1.11805100e+02
 -9.50423418e-01 -7.39801479e-01]",010,LW
636,0,0.1879969849556401,0,"[ 2.23383727e+00  1.40799584e-01 -1.12286133e+01  2.70828948e+01
 -1.32931714e+00 -1.59426307e-02]","[ 5.46948498e-02  2.86089581e-03 -3.91483054e+02  2.34121069e+01
 -3.53262320e-01 -1.04423321e+00]","[ 4.88638615e-01  5.64990084e-03 -2.52850574e+02  1.25552554e+02
 -6.86871997e-01 -9.25300869e-01]",[-2.46583647  0.20833131  7.37118726 20.1761424  -1.10931886  0.56102009],"[ 2.50485795e-02  5.30239155e-03  2.24160548e+02 -3.61490331e+00
 -4.23569376e-01  1.01126577e+00]","[ 1.43779817e-01  9.50568621e-03 -1.65405042e+02  2.57819066e+01
 -1.25089121e+00 -2.63649314e-01]","[-3.79228656e-01  3.43896143e-02  4.54362240e+01  1.92307182e+01
 -1.19954001e+00  3.78883068e-01]","[ 5.91591627e-02  1.22041395e-03 -1.27178594e+03  7.72377914e+01
 -1.17963675e+00 -4.58157780e-01]",010,LW
637,0,0.1879969849556401,0,"[  2.14717322   0.13873924 -11.39196095  26.46051345  -1.32076497
   0.06508854]","[ 5.22620597e-02  5.90851323e-03 -2.49122859e+02  1.50196737e+01
 -8.62851778e-01 -8.06295053e-01]","[ 4.83910482e-01  9.86293746e-03 -1.54020676e+02  7.65322197e+01
 -9.95721441e-01 -6.61586322e-01]",[-2.314541    0.28529388  5.4731637  14.66786179 -1.22370036  0.38102642],"[ 2.93718904e-02  1.03628258e-02  1.44060762e+02 -2.23133690e+00
 -9.46881130e-01  7.37717503e-01]","[ 1.37238463e-01  1.12275255e-02 -1.40209355e+02  2.12421164e+01
 -1.26501398e+00 -2.33208699e-01]",[-0.35470267  0.04349921 36.04301652 14.78455409 -1.23185893  0.320927  ],"[ 5.83001253e-02  1.57100891e-03 -9.98284967e+02  6.02001386e+01
 -1.26288547e+00 -3.08193700e-01]",010,LW
638,0,0.1879969849556401,0,"[  2.06344831   0.13017187 -12.12888578  27.0273288   -1.30523498
   0.13234754]","[ 4.77431487e-02  9.18771400e-03 -1.67914955e+02  1.00167887e+01
 -1.15282197e+00 -5.15212531e-01]","[ 4.76235499e-01  1.47110680e-02 -1.05095058e+02  5.20499974e+01
 -1.11893567e+00 -5.11558778e-01]",[-2.11677463  0.35361338  4.44514795 11.40937644 -1.27289183  0.26467135],"[ 3.71508200e-02  1.55218634e-02  9.98383096e+01 -1.70907507e+00
 -1.18071743e+00  4.71129217e-01]","[ 1.29626318e-01  1.29601897e-02 -1.21614720e+02  1.77644684e+01
 -1.27977785e+00 -1.97507375e-01]",[-0.32441327  0.05290822 29.71256748 11.6391512  -1.25865226  0.26564912],"[ 5.72503951e-02  1.84059423e-03 -8.56579727e+02  5.10395278e+01
 -1.31396098e+00 -1.80590729e-01]",010,LW
639,0,0.1543688811259685,0,"[  1.98606134   0.1172653  -13.44518662  28.7029653   -1.28614653
   0.18674352]","[ 4.12962757e-02  1.20432066e-02 -1.30146252e+02  7.37455549e+00
 -1.27477606e+00 -3.13746269e-01]","[ 4.65317169e-01  2.00909782e-02 -7.75885120e+01  3.81032668e+01
 -1.18543054e+00 -4.12196127e-01]",[-1.87933179  0.41005333  3.84548088  9.22693446 -1.29661524  0.18064841],"[ 4.79841335e-02  1.99572097e-02  7.86279471e+01 -1.77289391e+00
 -1.27663861e+00  2.94755926e-01]","[ 1.20984523e-01  1.45713671e-02 -1.08294939e+02  1.51020116e+01
 -1.29397863e+00 -1.56070287e-01]",[-0.28840178  0.06197472 25.42021689  9.33123587 -1.28082701  0.21060435],"[ 5.60820740e-02  1.97633351e-03 -7.99725004e+02  4.68502369e+01
 -1.34629027e+00 -4.68501792e-02]",010,LW
640,0,0.1543688811259685,0,"[  1.9170689    0.10226558 -15.39670311  31.51654069  -1.26725158
   0.22729371]","[ 3.33598264e-02  1.40034646e-02 -1.12663362e+02  5.75843019e+00
 -1.33087592e+00 -1.52826055e-01]","[ 4.50905051e-01  2.58285504e-02 -6.06475873e+01  2.93463034e+01
 -1.22746803e+00 -3.36324729e-01]",[-1.61040644  0.45255752  3.48990817  7.62017058 -1.30802373  0.11534141],"[ 6.11857198e-02  2.31130807e-02  6.82586686e+01 -2.17645577e+00
 -1.32238873e+00  1.56237118e-01]","[ 1.11442544e-01  1.59026949e-02 -9.93279602e+01  1.30693605e+01
 -1.30623135e+00 -1.09151403e-01]",[-0.24714152  0.06992875 22.56624694  7.57705656 -1.29846968  0.15465346],"[ 5.48991716e-02  1.92497176e-03 -8.20113430e+02  4.70235480e+01
 -1.35219676e+00  1.17179666e-01]",010,LW
641,0,0.1543688811259685,0,"[  1.85727053   0.08710839 -18.05804086  35.53866718  -1.25216616
   0.25327428]","[ 2.46127489e-02  1.47154839e-02 -1.07422348e+02  4.64395928e+00
 -1.35088884e+00 -3.26311319e-03]","[ 4.32849750e-01  3.16988002e-02 -4.95720412e+01  2.34572457e+01
 -1.25472418e+00 -2.75078371e-01]",[-1.31901769  0.48026109  3.29114832  6.34108285 -1.31261307  0.06220721],"[ 7.57970926e-02  2.45454792e-02  6.44017958e+01 -2.88146888e+00
 -1.34113475e+00  3.01970269e-02]","[ 1.01226732e-01  1.67928748e-02 -9.41278661e+01  1.15282563e+01
 -1.31522366e+00 -5.71140925e-02]",[-0.20158664  0.07596819 20.79662564  6.19232181 -1.31139057  0.09704509],"[ 5.38342289e-02  1.64872836e-03 -9.47443037e+02  5.30048654e+01
 -1.29283853e+00  3.49711714e-01]",010,LW
642,0,0.1543688811259685,0,"[  1.80644513   0.07316988 -21.48825478  40.81735323  -1.24280082
   0.26475453]","[ 1.59030159e-02  1.39794257e-02 -1.12827915e+02  3.79430414e+00
 -1.33807925e+00  1.58306467e-01]","[ 4.11122269e-01  3.74922090e-02 -4.19980445e+01  1.92663314e+01
 -1.27170412e+00 -2.25769554e-01]",[-1.01436161  0.49341878  3.20432504  5.25034431 -1.31314848  0.01768543],"[ 9.06482910e-02  2.39779395e-02  6.58739380e+01 -3.97135990e+00
 -1.33761067e+00 -9.99554333e-02]","[ 9.06535817e-02  1.71049938e-02 -9.24341229e+01  1.03794843e+01
 -1.31968357e+00 -1.06423536e-04]",[-0.15315498  0.07937527 19.91685884  5.05036607 -1.31914123  0.03705165],"[ 5.30374350e-02  1.15188428e-03 -1.28295501e+03  7.00446432e+01
 -9.98365606e-01  7.20238703e-01]",010,LW
643,0,0.1543688811259685,0,"[  1.76362965   0.06128483 -25.66223711  47.25868214  -1.23906178
   0.25924821]","[ 8.15652343e-03  1.17784198e-02 -1.32558825e+02  3.08121916e+00
 -1.26900509e+00  3.65563439e-01]","[  0.38580136   0.04306198 -36.61414564  16.12578724  -1.28189831
  -0.18694052]",[-0.70523085  0.49315782  3.20600494  4.26097358 -1.31128818 -0.02057186],"[ 1.04461955e-01  2.13530618e-02  7.36188615e+01 -5.69037017e+00
 -1.30374173e+00 -2.53675321e-01]","[ 8.01071233e-02  1.67519849e-02 -9.43517033e+01  9.55824353e+00
 -1.31831737e+00  6.21798781e-02]",[-0.10363985  0.07963204 19.85363741  4.05762805 -1.32102759 -0.02623626],"[ 5.26584985e-02  6.12046047e-04 -1.19010196e+03  6.46689823e+01
 -1.05162698e+00  5.25908287e-01]",010,LW
644,0,0.1543688811259685,0,"[ 1.72733841e+00  5.20095536e-02 -3.02792513e+01  5.43025137e+01
 -1.24087387e+00  2.25232652e-01]","[ 2.28275603e-03  8.31693803e-03 -1.80259656e+02  2.41148882e+00
 -1.02961286e+00  6.83878237e-01]","[  0.35704658   0.04832434 -32.65489289  13.6593177   -1.28834306
  -0.15641994]",[-0.39962156  0.48109064  3.28574959  3.31305638 -1.30813138 -0.05472791],"[ 1.15985133e-01  1.68646141e-02  9.18501688e+01 -8.65325402e+00
 -1.20191067e+00 -4.65790949e-01]","[ 7.00045541e-02  1.57130391e-02 -1.00480019e+02  9.03405890e+00
 -1.30964777e+00  1.31073546e-01]",[-0.05506527  0.07650524 20.65106465  3.13715641 -1.31610036 -0.09443314],"[ 5.28242980e-02  9.42896658e-04  1.24359275e+03 -6.36919138e+01
 -3.70025517e-01  1.04767127e+00]",010,LW
645,0,0.1418377064718897,0,"[ 1.69564160e+00  4.59909188e-02 -3.43240174e+01  6.02012319e+01
 -1.24636143e+00  1.38967189e-01]","[-9.05815193e-04  4.39553405e-03 -2.40763634e+02  1.78191264e+00
 -5.80707831e-01  8.47553756e-01]","[  0.32507734   0.0532174  -29.669884    11.64500705  -1.29322399
  -0.1311498 ]",[-0.10457348  0.45888049  3.44349883  2.36009867 -1.30423327 -0.08738935],"[ 1.24131660e-01  1.10360769e-02  1.32539373e+02 -1.44523324e+01
 -8.84930968e-01 -7.98106745e-01]","[ 6.07567116e-02  1.40362577e-02 -1.12231523e+02  8.81881826e+00
 -1.29115424e+00  2.10045712e-01]","[-9.50989733e-03  7.00768263e-02  2.25076092e+01  2.21404505e+00
 -1.30253963e+00 -1.70879008e-01]","[ 5.36162541e-02  1.89292580e-03  7.83257992e+02 -3.99953595e+01
 -9.02603427e-01  7.74260223e-01]",010,LW
646,0,0.1729525201794119,0,"[ 1.66606119e+00  4.42939861e-02 -3.56844025e+01  6.14523980e+01
 -1.23956290e+00 -2.06112110e-02]","[-7.43986939e-04  4.72438232e-03  2.06743988e+02  2.15381483e+00
 -4.81429919e-01  9.29347824e-01]","[  0.29016925   0.05765356 -27.39905825   9.95036411  -1.29755097
  -0.10811234]",[ 0.17379385  0.42791623  3.69052494  1.35860944 -1.29937542 -0.12176404],"[ 1.28120799e-01  5.42213814e-03  1.55164114e+02 -1.78797502e+01
 -7.57164076e-01 -7.30061421e-01]","[ 5.27300352e-02  1.18286921e-02 -1.32611033e+02  8.99258441e+00
 -1.25679629e+00  3.06677656e-01]",[ 0.03107357  0.06071946 25.88944912  1.19552232 -1.27574265 -0.26229385],"[ 5.50508633e-02  2.88902575e-03  5.35158492e+02 -2.74609369e+01
 -1.16756487e+00  4.94224740e-01]",010,LW
647,0,0.1729525201794119,0,"[ 1.63535318e+00  4.85133503e-02 -3.24562553e+01  5.50774405e+01
 -1.19632971e+00 -2.25172546e-01]","[ 3.27218894e-03  1.02445839e-02  1.41987911e+02  1.53538873e+00
 -7.85641082e-01  8.59810100e-01]","[  0.25266291   0.06150485 -25.69241026   8.49151904  -1.30129105
  -0.08546176]",[ 0.43015371  0.38924818  4.05343007  0.256402   -1.29234069 -0.16139487],"[ 1.27596057e-01  6.47631471e-03 -1.76190495e+02  2.44812125e+01
 -4.89814649e-01 -9.42199089e-01]","[ 4.62159163e-02  9.24027511e-03 -1.68286301e+02  9.77750562e+00
 -1.19025671e+00  4.36973934e-01]",[ 0.06501757  0.04904039 31.83758926 -0.07000284 -1.22335261 -0.38219728],"[ 5.70664517e-02  3.74215079e-03  4.19178848e+02 -2.19210495e+01
 -1.28098878e+00  2.99265091e-01]",010,LW
648,0,0.1691259048551571,0,"[  1.59935155   0.06043325 -25.85389012  43.34945914  -1.13820663
  -0.38875967]","[ 1.14941772e-02  1.68840034e-02  9.06981467e+01  9.57499428e-01
 -1.06902755e+00  5.92997676e-01]","[  0.21297211   0.06463004 -24.45660554   7.2085748   -1.30401223
  -0.06289512]",[ 0.65987441  0.34379668  4.58249697 -1.02387249 -1.28081921 -0.20995242],"[ 1.22705317e-01  1.21954626e-02 -1.23090227e+02  1.71038253e+01
 -1.03017232e+00 -6.82027182e-01]","[ 4.14113283e-02  6.45227992e-03 -2.35773831e+02  1.17637075e+01
 -1.04083842e+00  6.36301181e-01]","[ 9.10574443e-02  3.58343383e-02  4.28674845e+01 -1.90340358e+00
 -1.10839182e+00 -5.59720724e-01]","[ 5.95186578e-02  4.30851349e-03  3.66300635e+02 -1.98017221e+01
 -1.33536918e+00  1.38622447e-01]",010,LW
649,0,0.1617653259810877,0,"[  1.55303391   0.08137652 -19.1001447   31.66317236  -1.11452552
  -0.46148456]","[ 2.41305157e-02  2.38953698e-02  6.50952484e+01  4.29218087e-01
 -1.17855781e+00  4.37686556e-01]","[  0.17158423   0.06691166 -23.62699271   6.05401934  -1.30566986
  -0.0408311 ]",[ 0.85901371  0.29264943  5.36993013 -2.61284362 -1.26111427 -0.27202671],"[ 1.14127058e-01  1.71532956e-02 -9.10434864e+01  1.23905252e+01
 -1.27855383e+00 -3.59276199e-01]","[ 3.84110351e-02  3.70227552e-03 -3.76599640e+02  1.64655820e+01
 -6.36756485e-01  9.56651424e-01]","[ 1.08401531e-01  2.21441232e-02  6.55924270e+01 -5.11031948e+00
 -8.01012383e-01 -8.52084979e-01]","[ 6.21857613e-02  4.46998981e-03  3.53613607e+02 -1.99897314e+01
 -1.35538163e+00 -1.92893323e-02]",010,LW
650,0,0.1617653259810877,0,"[  1.4908803    0.11167948 -13.91450595  22.74486279  -1.13255117
  -0.4602605 ]","[ 4.12423078e-02  3.09634113e-02  5.05859236e+01 -8.62802284e-02
 -1.23298933e+00  3.36242104e-01]","[ 1.29057828e-01  6.82603506e-02 -2.31625865e+01  4.98931310e+00
 -1.30682162e+00 -1.89903791e-02]",[ 1.02438735  0.23721406  6.59478805 -4.75561747 -1.22607704 -0.35604725],"[ 1.03034354e-01  2.00406375e-02 -7.87518255e+01  1.01141434e+01
 -1.35897696e+00 -1.25599325e-01]","[ 3.72094422e-02  1.69683436e-03 -2.28002074e+02  1.04838300e+01
 -1.41919105e+00  4.03609727e-01]","[ 1.16755119e-01  1.03334282e-02  8.62045808e+01 -8.06482605e+00
 -6.22525767e-01 -8.28866548e-01]","[ 6.47835955e-02  4.14649408e-03  3.79738526e+02 -2.26008271e+01
 -1.33625809e+00 -2.05663334e-01]",010,LW
651,0,0.1904703108718058,0,"[  1.40753364   0.15033043 -10.36751091  16.59262041  -1.17199729
  -0.41774867]","[ 6.27168372e-02  3.77593828e-02  4.16424667e+01 -6.11683806e-01
 -1.26628372e+00  2.59306292e-01]","[ 8.60258091e-02  6.85784799e-02 -2.30557380e+01  3.98338851e+00
 -1.30802930e+00  4.38685170e-03]",[ 1.15365716  0.17917778  8.64738709 -7.97612007 -1.1564608  -0.48108355],"[ 9.09951018e-02  2.02486747e-02 -7.79909289e+01  9.09679252e+00
 -1.36938347e+00  8.91418159e-02]","[ 3.77104505e-02  2.65159839e-03  4.95933745e+02 -1.67018850e+01
 -5.85747520e-01  9.53626385e-01]","[ 1.16298713e-01  1.12577391e-02 -9.98784974e+01  1.36157407e+01
 -5.00628633e-01 -9.26583226e-01]","[ 6.69889909e-02  3.31555112e-03  4.66050484e+02 -2.92202516e+01
 -1.22061293e+00 -4.73882756e-01]",010,LW
652,0,0.1904703108718058,0,[ 1.2987016   0.19476663 -8.0336697  12.43333973 -1.21571554 -0.35588497],[ 0.08821764  0.0438664  35.93411952 -1.17002334 -1.28956047  0.1928807 ],"[  0.04320673   0.06772083 -23.34577446   3.00869464  -1.30910126
   0.03201727]","[  1.24539109   0.12055432  12.51248174 -13.58293329  -0.98642235
  -0.69147558]","[ 7.98183791e-02  1.75611173e-02 -8.89485421e+01  9.09972845e+00
 -1.30016309e+00  3.46881134e-01]","[ 3.97439292e-02  4.66237534e-03  3.26761490e+02 -1.09867855e+01
 -1.08981624e+00  6.07096877e-01]","[ 1.07622784e-01  2.16919644e-02 -6.90098343e+01  9.42703052e+00
 -9.87005256e-01 -7.10002013e-01]","[ 6.84696662e-02  2.07430780e-03  6.65641232e+02 -4.35762330e+01
 -7.54039568e-01 -8.68933291e-01]",010,LW
653,0,0.7633583192493345,0,[ 1.16211455  0.24096809 -6.51753294  9.57411984 -1.25517424 -0.28565602],[ 0.11712611  0.04878098 32.36778966 -1.79111345 -1.30680231  0.12935257],"[ 1.41559408e-03  6.55023705e-02 -2.41297764e+01  2.03415797e+00
 -1.30886270e+00  6.63469449e-02]","[  1.29908412   0.06509353  20.28907059 -24.35720947  -0.51033032
  -1.01251171]","[ 7.13728359e-02  1.22657560e-02 -1.20176182e+02  1.05773149e+01
 -9.88144937e-01  7.28717596e-01]","[ 4.30867260e-02  6.45596383e-03  2.41986002e+02 -8.42638459e+00
 -1.24408795e+00  3.68032466e-01]","[ 9.16271809e-02  3.19087329e-02 -4.87051541e+01  6.46271597e+00
 -1.20413924e+00 -4.37272626e-01]","[ 6.89166525e-02  1.26922167e-03 -9.12503103e+01  8.28866593e+00
 -1.66942022e+00 -2.76401150e-01]",010,LW
654,0,0.7633583192493345,0,[ 0.99828127  0.28391096 -5.54842826  7.53889202 -1.28679418 -0.21195226],[ 0.1485044   0.05196137 30.41770722 -2.51716342 -1.3188104   0.06393521],"[ -0.0384441    0.06176528 -25.57417904   1.01682366  -1.30548572
   0.10880255]",[ 1.31518398  0.03491867 -6.35998895 10.36455559 -1.64229897 -0.28474624],"[ 6.74121867e-02  6.52725294e-03 -1.04822293e+02  9.06629996e+00
 -1.12108954e+00  4.89936505e-01]","[ 4.74856099e-02  7.87168888e-03  1.99979628e+02 -7.49615460e+00
 -1.29286631e+00  2.27430234e-01]","[  0.06939936   0.04057137 -38.70722193   4.68625635  -1.27154229
  -0.28268722]","[ 6.80737951e-02  2.76731208e-03 -4.87626868e+02  3.51946115e+01
 -5.22784063e-01 -1.01866761e+00]",010,LW
655,0,0.7633583192493345,0,[ 0.81085152  0.31831524 -4.95936142  6.02130574 -1.30926714 -0.1368167 ],"[ 1.81102303e-01  5.29102579e-02  2.98816945e+01 -3.41164369e+00
 -1.32462501e+00 -6.84987892e-03]","[ -0.07542174   0.0564647  -27.9432275   -0.10752689  -1.29695382
   0.16018224]","[  1.29517442   0.06911424 -20.2330782   28.20536523  -0.69867446
  -0.91586886]","[ 6.94361801e-02  1.05585369e-02  1.12567539e+02 -5.81625990e+00
 -3.52865563e-01  1.06628261e+00]","[ 5.26792008e-02  8.88828559e-03  1.77613302e+02 -7.35652681e+00
 -1.30933500e+00  1.35735512e-01]","[  0.04209132   0.04748722 -33.19859904   3.39737282  -1.29520865
  -0.18762996]","[ 6.57592100e-02  5.08940978e-03 -2.96322238e+02  2.14859163e+01
 -9.78978765e-01 -6.96077927e-01]",010,LW
656,0,0.7633583192493345,0,[ 0.60651294  0.33950776 -4.65549107  4.82361557 -1.32245103 -0.06059747],[ 0.21341269  0.05126942 30.81860588 -4.57708159 -1.32218247 -0.0867577 ],"[ -0.1085923    0.04971886 -31.67243219  -1.43938238  -1.28095963
   0.22207798]","[  1.24170575   0.11586277 -13.22338706  18.41955579  -1.11149954
  -0.57236756]","[ 7.85985151e-02  2.16132531e-02  6.84122420e+01 -3.37710063e+00
 -8.61608582e-01  7.99766947e-01]","[ 5.84157384e-02  9.52766601e-03  1.65880492e+02 -7.69003144e+00
 -1.31403700e+00  7.06751143e-02]","[ 1.08187017e-02  5.27453601e-02 -2.99383000e+01  2.32389354e+00
 -1.30367056e+00 -1.24909099e-01]","[ 6.18760552e-02  7.57998143e-03 -2.04300311e+02  1.46412973e+01
 -1.15373713e+00 -4.86550160e-01]",010,LW
657,0,0.7633583192493345,0,[ 0.39443658  0.34415271 -4.59388252  3.81199529 -1.3264937   0.01803945],[ 0.24376917  0.04689257 33.62196498 -6.19599839 -1.30732729 -0.18239363],"[ -0.13714077   0.0417986  -37.54642226  -3.14914533  -1.2534189
   0.29911429]",[ 1.15869341  0.15792436 -9.89875034 13.46961682 -1.24484121 -0.35994777],"[ 9.56574955e-02  3.42925560e-02  4.48425762e+01 -2.28952853e+00
 -1.09963071e+00  5.56766969e-01]","[ 6.44643517e-02  9.82867204e-03  1.60861456e+02 -8.36982948e+00
 -1.31417418e+00  2.07953963e-02]","[-2.33985382e-02  5.65289455e-02 -2.79553923e+01  1.34588469e+00
 -1.30672751e+00 -8.07896845e-02]","[ 5.64132447e-02  1.00428000e-02 -1.55771482e+02  1.07875747e+01
 -1.22890732e+00 -3.55243328e-01]",010,LW
658,0,0.7633583192493345,0,[ 0.18536821  0.33066724 -4.77717813  2.88553694 -1.32067237  0.10253531],[ 0.2704725   0.03987641 39.3255944  -8.63649197 -1.26888533 -0.30775961],"[-1.60429230e-01  3.30685968e-02 -4.71551843e+01 -5.56506992e+00
 -1.20396712e+00  4.02988024e-01]",[ 1.05127025  0.19156159 -8.21871923 10.64009501 -1.29543639 -0.22354156],[ 0.12095635  0.04738161 32.90047688 -1.97952152 -1.19942649  0.40787592],"[ 7.06194789e-02  9.83215846e-03  1.60804995e+02 -9.35596491e+00
 -1.31243085e+00 -2.09963890e-02]","[ -0.05964781   0.05900635 -26.79116302   0.40196591  -1.30821161
  -0.04668681]","[ 4.94391727e-02  1.23474518e-02 -1.27314512e+02  8.29432414e+00
 -1.26679554e+00 -2.64267181e-01]",010,LW
659,0,0.3575366796460248,0,[-0.00946551  0.29931678 -5.26456953  1.95016819 -1.30162279  0.19941555],"[ 2.91925883e-01  3.05729392e-02  5.05584327e+01 -1.27593151e+01
 -1.17040195e+00 -4.94346475e-01]","[-1.78021423e-01  2.39202540e-02 -6.42246269e+01 -9.43335946e+00
 -1.09996616e+00  5.62435785e-01]",[ 0.92548799  0.215092   -7.34103234  8.79403725 -1.31504373 -0.12527331],[ 0.15441896  0.06010748 26.10119421 -2.03051928 -1.25030032  0.30553791],"[ 7.67002646e-02  9.57359771e-03  1.65106774e+02 -1.06637332e+01
 -1.30946432e+00 -5.96203756e-02]","[-9.70993699e-02  6.02704645e-02 -2.62332679e+01 -5.47233783e-01
 -1.30929061e+00 -1.66437658e-02]","[ 4.10924204e-02  1.43879811e-02 -1.09549687e+02  6.50166178e+00
 -1.28834247e+00 -1.95011746e-01]",010,LW
660,0,0.1099341024319549,0,[-0.17946344  0.25211517 -6.21597751  0.88445927 -1.2593634   0.32087161],"[ 3.06761328e-01  1.97021300e-02  7.42899972e+01 -2.07892982e+01
 -8.72061895e-01 -8.04728865e-01]","[-1.89659949e-01  1.47905960e-02 -9.85770965e+01 -1.66961270e+01
 -8.16398139e-01  8.39786651e-01]",[ 0.78774776  0.22824085 -6.92576947  7.45575942 -1.31921691 -0.05083271],[ 0.19555335  0.07176294 21.93899048 -2.29024318 -1.27961418  0.22729009],"[ 8.25480383e-02  9.08298802e-03  1.73938518e+02 -1.23582835e+01
 -1.30486902e+00 -9.85024131e-02]","[-1.34968671e-01  6.03367539e-02 -2.62046527e+01 -1.53680714e+00
 -1.30973821e+00  1.30797976e-02]","[ 3.15726091e-02  1.60716963e-02 -9.82268335e+01  5.10127742e+00
 -1.30150995e+00 -1.37724528e-01]",010,LW
661,0,0.1099341024319549,0,[-0.31564454  0.19268334 -8.02764654 -0.53388281 -1.16445864  0.49178553],"[ 3.13948965e-01  9.60437024e-03  8.94519068e+01 -2.60833335e+01
 -7.36494171e-01 -7.43187473e-01]","[-1.95214122e-01  6.97015622e-03 -1.28542839e+02 -2.30933775e+01
 -6.50427236e-01  8.05895595e-01]","[ 6.44056014e-01  2.32184206e-01 -6.80970811e+00  6.38583346e+00
 -1.31475264e+00  3.75087623e-03]",[ 0.24346613  0.08169322 19.31236113 -2.70190575 -1.29730089  0.16278032],"[ 8.80249476e-02  8.38997435e-03  1.88155576e+02 -1.45623847e+01
 -1.29769355e+00 -1.39826387e-01]","[ -0.17248895   0.05919069 -26.70819412  -2.60686831  -1.30883052
   0.04415862]","[ 2.11322946e-02  1.73176198e-02 -9.12445520e+01  3.92820675e+00
 -1.30955868e+00 -8.70003571e-02]",010,LW
662,0,0.1099341024319549,0,"[ -0.41144439   0.12637113 -11.74836188  -2.83379763  -0.9163907
   0.76398249]","[ 3.12884226e-01  1.17550421e-02 -9.63996655e+01  3.21619347e+01
 -4.42436703e-01 -9.76774742e-01]","[-1.94623557e-01  8.17085681e-03  1.37005332e+02  2.86644650e+01
 -4.29792638e-01  9.82217191e-01]",[ 0.49925852  0.22941786 -6.8911449   5.44046277 -1.30625173  0.03766145],[ 0.29689737  0.08934148 17.68095723 -3.24942971 -1.30784541  0.10667879],"[ 9.30157299e-02  7.53064876e-03  2.09377852e+02 -1.74754338e+01
 -1.28674115e+00 -1.84681416e-01]","[ -0.20890975   0.05685158 -27.79825324  -3.80732604  -1.30596674
   0.07677782]","[ 1.00685519e-02  1.80604550e-02 -8.75341862e+01  2.88134249e+00
 -1.31394443e+00 -3.95629550e-02]",010,LW
663,0,0.1099341024319549,0,"[ -0.46324162   0.06318645 -18.03413316  -6.35416106  -0.4136324
   1.00177079]","[ 3.03443292e-01  2.32285556e-02 -6.40853965e+01  2.14462837e+01
 -9.39468389e-01 -7.46767660e-01]","[-1.87857101e-01  1.66169349e-02  8.91534584e+01  1.87481102e+01
 -8.87915020e-01  7.81993457e-01]",[ 0.35641412  0.22334215 -7.07814006  4.52274904 -1.29731968  0.04820171],[ 0.35428042  0.09428316 16.7655524  -3.93970688 -1.31367488  0.05550409],"[ 9.74327089e-02  6.55242620e-03  2.40238713e+02 -2.14071086e+01
 -1.27084319e+00 -2.33101996e-01]","[ -0.24352298   0.0534155  -29.57142205  -5.2013207   -1.30091501
   0.11047343]","[-1.28760138e-03  1.82554750e-02 -8.66096343e+01  1.88848132e+00
 -1.31530109e+00  7.00615893e-03]",010,LW
664,0,0.109934071798606,0,[-0.47055829  0.04843398 17.2762112  10.12946433 -0.80602364  0.69183539],"[ 2.85994384e-01  3.50099342e-02 -4.42519333e+01  1.46558044e+01
 -1.17782200e+00 -4.74214231e-01]","[-1.74899739e-01  2.60471823e-02  5.91675353e+01  1.23483865e+01
 -1.11700978e+00  5.35708150e-01]",[ 0.21647007  0.21763639 -7.26434467  3.57251323 -1.29027552  0.03379601],"[ 4.13820964e-01  9.62334177e-02  1.64298230e+01 -4.79900518e+00
 -1.31602429e+00  6.34714322e-03]","[ 1.01221975e-01  5.51425100e-03  2.84851747e+02 -2.68332564e+01
 -1.24929907e+00 -2.84100997e-01]","[ -0.27570321   0.04905859 -32.17482466  -6.87070234  -1.29375933
   0.14494272]","[-1.25848906e-02  1.78822600e-02 -8.83958803e+01  8.87547513e-01
 -1.31362936e+00  5.49121692e-02]",010,LW
665,0,0.2032277800888069,0,[-0.38048989  0.2137446   6.15336724  4.34129405 -0.01105528  1.32515174],"[  0.24517454   0.07690004 -18.88209732   6.62940953  -0.40506972
  -1.01835752]",[-0.13992187  0.06731789 21.01280577  4.94015104 -0.24981046  1.13886961],[ 0.01692728  0.32762262 -4.60561542  2.07796053 -0.64565096 -0.75628142],[ 0.49234584  0.12777931 12.07473803 -3.94494706 -0.86806764  0.53809161],"[ 1.04829651e-01  5.18626471e-03  3.03935852e+02 -2.98614893e+01
 -1.12018128e+00  1.20379443e-02]","[ -0.31161365   0.05501858 -28.43478882  -6.86066827  -1.01116068
  -0.30707471]","[-2.63294897e-02  2.18014378e-02 -7.13746832e+01  1.20741014e-01
 -9.57112394e-01 -4.16163944e-01]",010,LW
666,0,0.2032277800888069,0,[-0.25040346  0.29675487  5.04189158  3.26250709 -1.60813162  0.43932113],"[  0.19818703   0.09549778 -15.98486129   5.16799222  -1.62467706
  -0.33884954]",[-0.09705104  0.0889841  17.01402265  3.65122855 -1.57778308  0.41509229],[-0.18822674  0.38225569 -4.0300756   1.24143203 -1.5829319  -0.29923881],[ 0.56598065  0.13268248 11.69138815 -4.61709941 -1.61163815  0.12632581],"[ 1.07663562e-01  4.39713902e-03  3.53805916e+02 -3.60920051e+01
 -1.45042749e+00 -1.60719895e-01]","[-3.42586410e-01  5.24248576e-02 -2.96811285e+01 -8.16835124e+00
 -1.56228342e+00 -1.37356414e-02]","[-3.86533132e-02  2.15600956e-02 -7.20681529e+01 -7.85672886e-01
 -1.58952286e+00 -5.81259985e-02]",010,LW
667,0,0.2032277800888069,0,[-0.0912343   0.33100749  4.66889955  2.42596378 -1.64079565 -0.15195387],"[  0.14714815   0.09991676 -15.44958164   4.2733774   -1.63230268
   0.21590108]",[-0.04699867  0.09961739 15.59445231  2.73291854 -1.5989035  -0.10097515],[-0.40218142  0.40036159 -3.88039845  0.43937584 -1.59049148  0.16320908],[ 0.63239779  0.11979676 12.63517223 -5.99045504 -1.59160188 -0.407565  ],"[ 1.09801817e-01  3.37488256e-03  4.37491501e+02 -4.60373617e+01
 -1.40633042e+00 -5.73914141e-01]","[ -0.36827675   0.04415524 -33.8671202  -10.47247291  -1.53230895
   0.4832161 ]","[-4.92014676e-02  1.85716683e-02 -8.06451759e+01 -1.96786101e+00
 -1.55606676e+00  4.66131618e-01]",010,LW
668,0,0.2032277800888069,0,[ 0.08470798  0.30956677  4.93074965  1.58232617 -0.78228896 -0.66498462],"[  0.09429795   0.08966731 -16.89695161   3.59334782  -0.70473414
   0.73111726]","[ 9.18091052e-03  9.77745221e-02  1.58491852e+01  1.85449005e+00
 -9.11279938e-01 -4.78329175e-01]",[-0.62697622  0.37796357 -4.08250011 -0.55963047 -0.85872366  0.52965156],[ 0.68956403  0.09082785 15.51133408 -8.69605799 -0.23588354 -1.15318757],"[ 1.11337066e-01  2.19500785e-03  5.90000843e+02 -6.36889628e+01
  7.45810785e-02 -1.37841808e+00]","[-3.88422303e-01  3.10130881e-02 -4.31600323e+01 -1.47643192e+01
 -3.48555243e-02  1.30449487e+00]","[-5.76858498e-02  1.32503865e-02 -1.01587001e+02 -3.86013248e+00
 -5.42011595e-02  1.29091361e+00]",010,LW
669,0,0.2032277800888069,0,[ 0.26442245  0.20424563  7.71790896 -0.04078843 -1.31326222 -0.18563301],"[  0.04187879   0.05737748 -27.50948391   3.15206384  -1.3061689
   0.14317863]",[ 0.07007883  0.07690003 20.55910255  0.55924208 -1.31669538  0.02818673],[-0.86277223  0.29052339 -5.44126998 -2.69457666 -1.31152748 -0.04837034],"[ 7.35819214e-01  3.34662303e-02  4.54420056e+01 -3.14371009e+01
 -1.04272525e+00 -6.36605132e-01]","[ 1.12369137e-01  4.32561928e-04  3.20205262e+03 -3.57811888e+02
 -5.18634435e-01 -1.03156711e+00]","[-4.02842498e-01  7.62253545e-03 -1.75154251e+02 -6.85595759e+01
 -5.45279533e-01  9.95157153e-01]","[-6.38940720e-02  3.39995717e-03 -4.00232273e+02 -2.35724697e+01
 -5.86514829e-01  9.78262977e-01]",010,LW
670,0,0.2032277800888069,0,[ 0.3795031   0.17202955  9.09958172 -1.45331943 -1.26375294 -0.33548188],"[ 8.20614188e-03  5.08656435e-02 -3.09586213e+01  2.25405084e+00
 -1.28696454e+00  2.20518386e-01]",[ 0.11811435  0.07697105 20.54038132 -0.42611373 -1.31724947 -0.02507928],"[-1.04605951e+00  2.95354778e-01 -5.35322776e+00 -3.59979481e+00
 -1.31610191e+00 -3.42358372e-03]","[ 7.51185768e-01  1.90641377e-02  7.23028403e+01 -5.23128646e+01
 -6.18303965e-01 -9.63741439e-01]","[ 1.12538897e-01  1.68801236e-04  4.63120419e+03 -5.19190613e+02
 -5.28573526e-01 -9.21622047e-01]","[-4.04781758e-01  4.03878016e-03  3.66651953e+01  1.68414022e+01
 -1.68581778e+00  2.65057964e-01]","[-6.48364215e-02  1.71075283e-03 -1.57102368e+01  9.81404463e-01
 -1.71930346e+00  2.53782436e-01]",010,LW
671,0,0.2032277800888069,0,[ 0.47001926  0.12798134 11.98450219 -3.6329468  -1.12694275 -0.55999239],"[-2.08124766e-02  4.25783612e-02 -3.68227377e+01  1.23362763e+00
 -1.25156460e+00  3.16054938e-01]",[ 0.16532763  0.07431828 21.26339387 -1.51542642 -1.31336089 -0.0805954 ],[-1.22910079  0.29080719 -5.43586117 -4.68122126 -1.31636055  0.04881076],"[ 7.56837426e-01  9.22880846e-03  1.94827857e+01 -1.27453014e+01
 -1.65349749e+00 -2.85895110e-01]","[ 1.12565310e-01  1.17587318e-04 -1.05366211e+04  1.18805802e+03
 -1.12054096e+00 -4.24014157e-01]","[-4.02565112e-01  7.88721099e-03  1.76033906e+02  7.28651093e+01
 -6.78912650e-01  9.26076788e-01]","[-6.40029277e-02  3.21053009e-03  4.25094724e+02  2.92073069e+01
 -6.28484965e-01  9.51015495e-01]",010,LW
672,0,0.0942764801279342,0,[ 0.5291769   0.07709318 18.18718625 -7.62423878 -0.70860476 -0.91130467],"[-4.42144866e-02  3.30552454e-02 -4.70119300e+01 -7.86083483e-02
 -1.18366705e+00  4.45523729e-01]",[ 0.21003428  0.06903095 22.86655625 -2.80276076 -1.30456129 -0.14161458],[-1.40579201  0.27589113 -5.7252728  -6.04854275 -1.31140234  0.10895426],"[ 7.52971287e-01  1.63752140e-02 -8.20616761e+01  6.37900859e+01
 -5.96418900e-01 -9.62820745e-01]","[ 1.12532276e-01  1.30664297e-04 -1.14111497e+04  1.28612265e+03
 -1.60362359e+00  2.26898221e-01]","[-3.96452422e-01  1.33367490e-02  1.14755573e+02  4.74951248e+01
 -1.10531073e+00  5.80283088e-01]","[-6.14985307e-02  5.54347588e-03  2.75267946e+02  1.89285743e+01
 -1.08760171e+00  6.01956477e-01]",010,LW
673,0,0.0942764801279342,0,[ 0.55248124  0.038021    8.01915771 -2.43043422 -1.55097793 -0.3253852 ],"[-6.13617502e-02  2.29292872e-02 -6.62618272e+01 -2.06594169e+00
 -1.03154564e+00  6.45561389e-01]",[ 0.25062192  0.06131736 25.68718629 -4.43777197 -1.28818958 -0.21471282],[-1.56958222  0.25047954 -6.29505765 -7.88061055 -1.29896681  0.18146151],"[ 7.40142531e-01  2.87580615e-02 -5.29450029e+01  4.11868484e+01
 -1.07188499e+00 -6.18164231e-01]","[ 1.12535899e-01  1.36438706e-04  9.69397205e+02 -1.07091986e+02
 -1.53083684e+00  2.87508782e-01]","[-3.86859302e-01  1.82952337e-02  8.54050553e+01  3.50397401e+01
 -1.23869407e+00  3.67927441e-01]","[-5.75052075e-02  7.66955765e-03  2.03603498e+02  1.37082614e+01
 -1.23880892e+00  3.75389845e-01]",010,LW
674,0,0.0942764801279342,0,"[  0.53825043   0.06483976 -20.29662792  12.92466875  -0.55919433
  -0.9755418 ]","[-7.19514221e-02  1.30215428e-02 -1.06271303e+02 -5.64637135e+00
 -6.15790729e-01  9.67379708e-01]",[ 0.28561643  0.05145906 30.47317833 -6.7036403  -1.25594569 -0.31202897],"[ -1.7139397    0.21508431  -7.30364369 -10.51800488  -1.27234226
   0.27670992]","[  0.71922506   0.04033972 -38.66301177  29.80740696  -1.22386349
  -0.39436354]","[ 1.12680409e-01  4.00104458e-04  3.17034758e+03 -3.55236063e+02
 -2.41703475e-01  1.18078712e+00]","[-3.74319769e-01  2.23963411e-02  7.02568834e+01  2.82985404e+01
 -1.28544674e+00  2.39370941e-01]","[-5.22784539e-02  9.36877910e-03  1.67999322e+02  1.07827448e+01
 -1.29533960e+00  2.30155694e-01]",010,LW
675,0,0.0942764801279342,0,"[  0.487864     0.11493441 -13.22472376   8.4518666   -1.07478336
  -0.62363098]","[-7.60031138e-02  6.08687225e-03 -4.49912163e+01 -1.41947253e+00
 -1.56284001e+00  3.32162475e-01]","[  0.31372872   0.03982096  38.97292489 -10.22692579  -1.18333915
  -0.45761385]","[ -1.83268192   0.17073191  -9.11926749 -14.7127167   -1.21075585
   0.41738748]","[  0.69134034   0.05017411 -31.33231643  23.66129426  -1.27763763
  -0.26073705]","[ 1.13070158e-01  8.65087986e-04  1.68662242e+03 -1.88706663e+02
 -7.33379686e-01  8.86534828e-01]","[-3.59430414e-01  2.55471774e-02  6.17680102e+01  2.42013015e+01
 -1.30300165e+00  1.54364430e-01]","[-4.61328371e-02  1.05366222e-02  1.49857801e+02  8.91336555e+00
 -1.31767287e+00  1.24542443e-01]",010,LW
676,0,0.1453301072533205,0,[ 0.40573229  0.15944174 -9.79636752  5.97470266 -1.25275295 -0.36746828],"[-7.38418660e-02  1.01340988e-02  1.31655825e+02  1.17217118e+01
 -6.04200430e-01  9.51955841e-01]","[ 3.33892787e-01  2.69515671e-02  5.57436539e+01 -1.66124040e+01
 -9.84923798e-01 -7.03324444e-01]","[ -1.92017461   0.11917052 -12.70264632 -22.39129899  -1.03767221
   0.65523422]","[  0.6577644    0.05797175 -27.2069706   19.89577656  -1.29927436
  -0.17218392]","[ 1.13800303e-01  1.47762951e-03  1.02818083e+03 -1.15007290e+02
 -9.91498937e-01  6.63289420e-01]","[-3.42797602e-01  2.77671574e-02  5.69007493e+01  2.15054404e+01
 -1.30948723e+00  9.39453937e-02]","[-3.94179156e-02  1.11322692e-02  1.42005246e+02  7.59755082e+00
 -1.32414372e+00  4.01435599e-02]",010,LW
677,0,0.1453301072533205,0,[ 0.29900626  0.19156203 -8.22593756  4.45960683 -1.31847026 -0.19401775],"[-6.60880497e-02  1.75782292e-02  8.68100573e+01  7.73710738e+00
 -1.10352577e+00  5.94321390e-01]","[ 3.45301099e-01  1.41887448e-02  8.68218192e+01 -2.79796696e+01
 -4.63003373e-01 -1.00014968e+00]","[ -1.97142992   0.0652289  -19.59338524 -36.62698581  -0.52385572
   0.97790461]","[  0.61983181   0.06367933 -24.80539857  17.37517509  -1.30817137
  -0.10839075]","[ 1.14948607e-01  2.19856416e-03  7.03174367e+02 -7.88289142e+01
 -1.12341767e+00  5.10637521e-01]","[-3.25006463e-01  2.91132186e-02  5.42994390e+01  1.96476686e+01
 -1.31203374e+00  4.69706336e-02]","[-3.24895143e-02  1.11686683e-02  1.41550776e+02  6.59891597e+00
 -1.32169337e+00 -3.23680739e-02]",010,LW
678,0,0.1581563040460323,0,[ 0.17702652  0.20766124 -7.61085547  3.34732324 -1.34208668 -0.05376705],"[-5.36447569e-02  2.39736932e-02  6.52505956e+01  5.50035234e+00
 -1.26424356e+00  3.44667929e-01]","[ 3.47436997e-01  9.95550144e-03 -6.50509252e+01  2.46010981e+01
 -1.04911813e+00 -5.78092923e-01]",[-1.98216443  0.0442862  11.96377741 25.714174   -1.20943137  0.50896945],"[  0.57885566   0.06737268 -23.46147053  15.58080498  -1.31127971
  -0.05936843]","[ 1.16570205e-01  2.98667564e-03  5.22291382e+02 -5.88836136e+01
 -1.19587988e+00  4.01133978e-01]","[-3.06620039e-01  2.96189709e-02  5.33816753e+01  1.83678913e+01
 -1.31358378e+00  4.83257361e-03]","[-2.56828967e-02  1.07003095e-02  1.47642161e+02  5.79187837e+00
 -1.31318522e+00 -9.90446688e-02]",010,LW
679,0,0.2943665408071413,0,[ 0.0505026   0.20599755 -7.67019681  2.38736491 -1.33978138  0.0785415 ],"[-3.76598501e-02  2.84962840e-02  5.53232949e+01  4.08346700e+00
 -1.31868925e+00  1.80858791e-01]","[ 3.40098008e-01  2.12533990e-02 -6.74538335e+01  2.49409144e+01
 -7.57818974e-01 -8.82193033e-01]",[-1.94888168  0.09795074 14.3974768  30.05897882 -0.66696028  0.93925131],"[ 5.36072538e-01  6.92014079e-02 -2.28473756e+01  1.42478506e+01
 -1.31148122e+00 -1.96450423e-02]","[ 1.18696636e-01  3.80374021e-03  4.12175908e+02 -4.69238938e+01
 -1.23709373e+00  3.20088849e-01]","[-2.88203309e-01  2.92562182e-02  5.40362290e+01  1.75734200e+01
 -1.31458717e+00 -4.03648271e-02]","[-1.92931370e-02  9.80694758e-03  1.60860486e+02  5.10350340e+00
 -1.29927500e+00 -1.65457382e-01]",010,LW
680,0,0.2948786648143596,0,[-0.06954142  0.18689587 -8.42327832  1.41423325 -1.31000708  0.22077491],"[-1.94458497e-02  3.08468468e-02  5.12374010e+01  2.99635480e+00
 -1.33384644e+00  5.79176066e-02]","[ 3.23402435e-01  3.50741117e-02 -4.37195689e+01  1.61390151e+01
 -1.09825673e+00 -5.73623236e-01]",[-1.86901247  0.16965384  8.97270703 18.77010138 -1.03450199  0.63626294],"[ 4.92610396e-01  6.93542521e-02 -2.27974344e+01  1.32302532e+01
 -1.31009690e+00  1.41244014e-02]","[ 1.21339057e-01  4.62054982e-03  3.40316284e+02 -3.92936569e+01
 -1.26049712e+00  2.59727655e-01]","[-2.70355458e-01  2.79342325e-02  5.65574543e+01  1.72906165e+01
 -1.31311442e+00 -9.62732471e-02]","[-1.35652396e-02  8.57649554e-03  1.83484165e+02  4.48900667e+00
 -1.27817124e+00 -2.39006817e-01]",010,LW
681,0,0.2948786648143596,0,"[ -0.17295842   0.15288105 -10.19773584   0.23621576  -1.23449032
   0.39517993]","[-3.57455286e-04  3.10424260e-02  5.09228281e+01  2.01820263e+00
 -1.32932398e+00 -4.28720171e-02]","[  0.29777376   0.04848212 -32.18031711  11.58245414  -1.2147371
  -0.3936228 ]",[-1.74111887  0.24517207  6.33393767 13.02813842 -1.16984322  0.45665801],"[  0.44947305   0.06803463 -23.23638274  12.44412779  -1.30774262
   0.04425325]","[ 1.24493839e-01  5.41964116e-03  2.90650754e+02 -3.41842281e+01
 -1.27374784e+00  2.15065382e-01]","[-2.53730239e-01  2.55405171e-02  6.17541054e+01  1.76688839e+01
 -1.30422034e+00 -1.71038659e-01]","[-8.69411939e-03  7.09052349e-03  2.20917453e+02  3.92068271e+00
 -1.24284545e+00 -3.32582083e-01]",010,LW
682,0,0.2948786648143596,0,"[ -0.25164588   0.10857876 -13.97403602  -1.51650861  -1.04910125
   0.64287329]","[ 1.83548463e-02  2.93728710e-02  5.37523559e+01  1.01338377e+00
 -1.31271502e+00 -1.29888500e-01]","[  0.26389921   0.06074405 -25.85728252   8.82371655  -1.26292535
  -0.28183703]",[-1.56513695  0.32044155  4.88580956  9.64696106 -1.23158298  0.34325294],"[  0.40753599   0.06544441 -24.14967778  11.8418628   -1.30463166
   0.07252893]","[ 1.28148454e-01  6.19363516e-03  2.54604254e+02 -3.06271414e+01
 -1.28158899e+00  1.81939286e-01]","[-2.39031414e-01  2.20046432e-02  7.13845454e+01  1.90631488e+01
 -1.27744609e+00 -2.76520279e-01]","[-4.83267214e-03  5.41649629e-03  2.86167255e+02  3.38295252e+00
 -1.16971178e+00 -4.73054235e-01]",010,LW
683,0,0.2948786648143596,0,"[ -0.30045504   0.06110313 -22.02216266  -4.61666981  -0.5579054
   0.99338064]","[ 3.56778848e-02  2.63212822e-02  5.98579794e+01 -1.35606094e-01
 -1.28773082e+00 -2.07006644e-01]","[  0.2226621    0.07150601 -22.03480541   6.90631608  -1.28507657
  -0.20607407]",[-1.34258372  0.3923153   4.00738145  7.38024511 -1.26484112  0.26276716],"[  0.36754754   0.06177822 -25.57295142  11.3992754   -1.30066538
   0.10036481]","[ 1.32286381e-01  6.94093843e-03  2.27349774e+02 -2.80752789e+01
 -1.28662279e+00  1.56774923e-01]","[-2.26982606e-01  1.73581398e-02  8.95264605e+01  2.23209493e+01
 -1.20504424e+00 -4.37643958e-01]","[-2.10443266e-03  3.61785263e-03  4.13914317e+02  2.87105481e+00
 -9.66733436e-01 -7.19925514e-01]",010,LW
684,0,0.2948786648143596,0,"[-3.17609602e-01  3.02105743e-02 -1.38329065e-03  1.99956065e+00
 -1.71653999e+00  2.46122570e-01]","[ 5.09142215e-02  2.24496824e-02  6.99892813e+01 -1.56344977e+00
 -1.25718948e+00 -2.76354321e-01]","[  0.17505514   0.08063792 -19.57076648   5.42596326  -1.2953134
  -0.15240406]",[-1.07663697  0.45792114  3.44149302  5.70523863 -1.28437527  0.20068607],"[  0.33012972   0.05722858 -27.591548    11.10879001  -1.29552482
   0.12874576]","[ 1.36889739e-01  7.66090783e-03  2.06081403e+02 -2.62104295e+01
 -1.29022037e+00  1.36765238e-01]","[-2.18278240e-01  1.18047510e-02  1.26814007e+02  2.96807382e+01
 -9.84793952e-01 -7.11287128e-01]","[-6.16293262e-04  1.86848277e-03  6.28133638e+02  2.38711453e+00
 -4.69276289e-01 -9.67657594e-01]",010,LW
685,0,0.2948786648143596,0,[-0.30454436  0.05332591 25.98632043  9.91398721 -0.73179365  0.88779744],"[ 6.36860870e-02  1.82746600e-02  8.56907026e+01 -3.45730554e+00
 -1.22310615e+00 -3.41974900e-01]","[  0.12209117   0.08818543 -17.91091633   4.18676467  -1.29983076
  -0.11371308]",[-0.77205078  0.51478066  3.06583557  4.36698076 -1.29621803  0.15010415],"[  0.29577506   0.05199788 -30.34647919  10.97573158  -1.28882481
   0.15813463]","[ 1.41937985e-01  8.34854422e-03  1.89175120e+02 -2.48511352e+01
 -1.29350489e+00  1.19331437e-01]","[-2.13523808e-01  6.12560896e-03  1.85564361e+02  4.16224092e+01
 -4.88076223e-01 -9.40505840e-01]","[-4.66831566e-04  1.56676825e-03 -5.19141499e+02  1.75764836e+00
 -7.28591907e-01 -7.67847466e-01]",010,LW
686,0,0.2857879063681701,0,[-0.26525678  0.08695431 17.71352041  6.69863138 -1.17761122  0.51341664],"[ 7.38754762e-02  1.41642743e-02  1.10028395e+02 -6.12840011e+00
 -1.18241340e+00 -4.15597325e-01]","[  0.06473518   0.09429275 -16.75857168   3.08486912  -1.30190319
  -0.08518969]",[-0.43495302  0.56091947  2.81618994  3.22491031 -1.30347798  0.10710747],"[  0.26483698   0.04631096 -34.04421831  11.01616788  -1.28023375
   0.18833633]","[ 1.47402603e-01  8.98833149e-03  1.75764698e+02 -2.39081740e+01
 -1.29739332e+00  1.01550988e-01]","[-2.13175812e-01  5.42195577e-03 -1.60275885e+02 -3.21669419e+01
 -6.64079059e-01 -8.00588017e-01]","[-1.74671309e-03  3.45178781e-03 -4.17131408e+02  1.27139111e+00
 -7.43719274e-01 -8.89815110e-01]",010,LW
687,0,0.2989097337466749,0,[-0.20537047  0.11306983 13.88733465  4.85204843 -1.29422715  0.27724161],"[ 8.15280539e-02  1.02947981e-02  1.49937863e+02 -1.02241422e+01
 -1.11507196e+00 -5.25093254e-01]","[ 3.88228408e-03  9.90960851e-02 -1.59505503e+01  2.06192457e+00
 -1.30338067e+00 -6.26352663e-02]",[-0.07262665  0.59477919  2.65732174  2.19299236 -1.30808665  0.06868233],"[  0.237515     0.04042125 -38.96652064  11.25513312  -1.26967221
   0.21823627]","[ 1.53240000e-01  9.55014335e-03  1.65474624e+02 -2.33573313e+01
 -1.30193371e+00  8.07744215e-02]","[-2.17493822e-01  1.15660346e-02 -1.25569286e+02 -2.53105438e+01
 -8.06293719e-01 -8.48983544e-01]","[-4.52976348e-03  5.78528796e-03 -2.64196873e+02  8.03250654e-01
 -1.05927039e+00 -6.06878767e-01]",010,LW
688,0,0.2989097337466749,0,[-0.13112842  0.12973395 12.16786342  3.59555275 -1.32269332  0.13403587],"[ 8.67504607e-02  6.69573624e-03  2.23859476e+02 -1.74199127e+01
 -9.42264620e-01 -7.29997023e-01]","[ -0.0596067    0.10261973 -15.40551849   1.08172784  -1.30522097
  -0.04197277]",[ 0.30662644  0.61494508  2.57094584  1.21168003 -1.31120881  0.031785  ],"[ 2.13843473e-01  3.46012417e-02 -4.54742005e+01  1.17243610e+01
 -1.25776493e+00  2.45694703e-01]","[ 1.59385999e-01  9.99283681e-03  1.58186426e+02 -2.32127015e+01
 -1.30610835e+00  5.60167916e-02]","[-2.26515717e-01  1.86600898e-02 -8.23708202e+01 -1.66582854e+01
 -1.11441661e+00 -5.53685665e-01]","[-8.85645772e-03  8.22104593e-03 -1.89168393e+02  3.24638123e-01
 -1.18125236e+00 -4.38929519e-01]",010,LW
689,0,0.2989097337466749,0,[-0.04849847  0.1376498  11.48457345  2.55698425 -1.32448397  0.03903366],"[ 8.96254749e-02  3.46135446e-03  3.60815274e+02 -3.03382403e+01
 -4.56023486e-01 -1.01233597e+00]","[ -0.12482619   0.10471524 -15.09887495   0.11526494  -1.30757391
  -0.01945814]",[ 0.69352715  0.61990235  2.55057763  0.23110516 -1.31311907 -0.00676545],"[ 1.93694664e-01  2.91138061e-02 -5.39957655e+01  1.24586917e+01
 -1.24608664e+00  2.68050783e-01]","[ 1.65755491e-01  1.02779417e-02  1.53826777e+02 -2.34976329e+01
 -1.30847387e+00  2.87423432e-02]","[-2.40065227e-01  2.54855349e-02 -6.12773681e+01 -1.27105653e+01
 -1.22319491e+00 -3.79377723e-01]","[-1.47137983e-02  1.06140422e-02 -1.47637804e+02 -1.72312864e-01
 -1.24126449e+00 -3.27047072e-01]",010,LW
690,0,0.2989097337466749,0,[ 0.03750612  0.13859287 11.40765921  1.57214301 -1.31613806 -0.02503212],"[ 9.01601353e-02  2.40078718e-03 -2.58725241e+02  2.53267027e+01
 -1.06277994e+00 -5.86372773e-01]","[-1.90740634e-01  1.05078597e-01 -1.50470041e+01 -8.70075106e-01
 -1.30975151e+00  7.67663030e-03]",[ 1.07787582  0.60810636  2.59953003 -0.80197055 -1.3130428  -0.04983176],"[ 1.76801006e-01  2.41711729e-02 -6.49943618e+01  1.34910686e+01
 -1.23662239e+00  2.83159975e-01]","[ 1.72250215e-01  1.03884926e-02  1.52200041e+02 -2.42164898e+01
 -1.30806063e+00  2.57330924e-03]","[-2.57797715e-01  3.16757696e-02 -4.96112220e+01 -1.07896597e+01
 -1.26656226e+00 -2.71148519e-01]","[-2.20162426e-02  1.28208775e-02 -1.22729437e+02 -7.02041060e-01
 -1.27615525e+00 -2.41692833e-01]",010,LW
691,0,0.2989097337466749,0,[ 0.12328944  0.13499357 11.70912972  0.55638793 -1.30386733 -0.06127842],"[ 8.82679489e-02  5.39067241e-03 -2.63149845e+02  2.52276971e+01
 -6.69375322e-01 -9.37192693e-01]","[ -0.25613218   0.1033463  -15.29718676  -1.91810185  -1.3105251
   0.04080635]",[ 1.44877873  0.57846184  2.73108513 -1.95673806 -1.30934543 -0.09956844],"[ 1.62797074e-01  1.98968340e-02 -7.89305931e+01  1.48496696e+01
 -1.23085445e+00  2.90635913e-01]","[ 1.78774486e-01  1.03429183e-02  1.52867420e+02 -2.53287945e+01
 -1.30501754e+00 -1.77417647e-02]","[-2.79277946e-01  3.71255753e-02 -4.24473391e+01 -9.85460567e+00
 -1.28394200e+00 -2.01653211e-01]","[-3.05926400e-02  1.46909561e-02 -1.07370303e+02 -1.28474103e+00
 -1.29813932e+00 -1.69575842e-01]",010,LW
692,0,0.2989097337466749,0,[ 0.20698568  0.12977473 12.1796779  -0.52101894 -1.29140781 -0.06450373],"[ 8.37724886e-02  9.45733147e-03 -1.60584126e+02  1.54525319e+01
 -9.99119330e-01 -6.61178915e-01]","[ -0.31960072   0.09922172 -15.92683649  -3.09022838  -1.30869155
   0.08041337]",[ 1.79513211  0.53097366  2.9716763  -3.33455155 -1.29989675 -0.15781539],"[ 1.51277245e-01  1.63068423e-02 -9.62952818e+01  1.65672849e+01
 -1.22897812e+00  2.93365475e-01]","[ 1.85253939e-01  1.01953504e-02  1.55074662e+02 -2.67281920e+01
 -1.30067854e+00 -2.79263116e-02]","[ -0.30406563   0.04190561 -37.65527206  -9.44967398  -1.29036668
  -0.15754158]","[-4.01832185e-02  1.60797803e-02 -9.82408316e+01 -1.94763280e+00
 -1.31186445e+00 -1.04001281e-01]",010,LW
693,0,0.3298613537117668,0,[ 0.28866239  0.12620344 12.52738492 -1.6161849  -1.2801775  -0.02674542],"[ 7.64174271e-02  1.41150207e-02 -1.09552563e+02  1.03717250e+01
 -1.11880643e+00 -5.10039851e-01]","[ -0.37961261   0.09256118 -17.05923156  -4.47589942  -1.30322606
   0.12749958]",[ 2.10632712  0.46715262  3.37010796 -5.09854978 -1.28180995 -0.2275998 ],"[ 1.41854251e-01  1.33208969e-02 -1.17849623e+02  1.87174700e+01
 -1.22891506e+00  2.98415901e-01]","[ 1.91650127e-01  1.00209436e-02  1.57774834e+02 -2.82375671e+01
 -1.29679671e+00 -2.60714525e-02]","[ -0.3317778    0.04617288 -34.19761     -9.34600771  -1.2929523
  -0.12975993]","[-5.04475303e-02  1.68658721e-02 -9.37315461e+01 -2.72852502e+00
 -1.31923989e+00 -4.10071343e-02]",010,LW
694,0,0.3331598074790258,0,[ 0.37035454  0.12759505 12.38839494 -2.58809833 -1.2678558   0.05113234],"[ 6.58814168e-02  1.93728398e-02 -8.04204510e+01  7.29821325e+00
 -1.17455168e+00 -4.21355887e-01]","[ -0.43457713   0.08338152 -18.90894805  -6.21739631  -1.29245736
   0.1854167 ]",[ 2.37301641  0.38991256  4.0211976  -7.54236791 -1.2493297  -0.3159794 ],"[ 1.34198165e-01  1.08046618e-02 -1.45171698e+02  2.14817755e+01
 -1.22570901e+00  3.14524113e-01]","[ 1.97965724e-01  9.89287773e-03  1.59823151e+02 -2.96395057e+01
 -1.29446210e+00 -1.38531144e-02]","[ -0.36210791   0.05006648 -31.54980154  -9.42443271  -1.29504024
  -0.11071483]","[-6.09811577e-02  1.69641153e-02 -9.31972403e+01 -3.68327561e+00
 -1.32103296e+00  2.27086232e-02]",010,LW
695,0,0.3331598074790258,0,[ 0.45580832  0.1367124  11.54552814 -3.26254775 -1.25281317  0.14583611],"[ 5.18108014e-02  2.52424083e-02 -6.19731412e+01  5.21087811e+00
 -1.20834481e+00 -3.60627074e-01]","[ -0.48292266   0.07181346 -21.89118027  -8.57174706  -1.27178721
   0.26211921]","[  2.58772869   0.30308714   5.12979416 -11.27451553  -1.18660436
  -0.43962613]","[ 1.28043399e-01  8.63431325e-03 -1.81352490e+02  2.52209891e+01
 -1.21324170e+00  3.45183039e-01]","[ 2.04238351e-01  9.86104793e-03  1.60341160e+02 -3.07478141e+01
 -1.29385931e+00  3.82848469e-03]","[ -0.39479793   0.05362623 -29.46344107  -9.63210566  -1.29784689
  -0.09427934]","[-7.13378347e-02  1.63312654e-02 -9.67460045e+01 -4.90165048e+00
 -1.31695971e+00  9.13741780e-02]",010,LW
696,0,0.3331598074790258,0,[ 0.54986685  0.15491378 10.16762953 -3.59084243 -1.2419656   0.21990264],"[ 3.38837012e-02  3.16302423e-02 -4.95970842e+01  3.68053278e+00
 -1.23513674e+00 -3.10144725e-01]","[ -0.52315818   0.05807094 -26.90070257 -12.07332254  -1.227569
   0.37433821]","[  2.74519512   0.21110285   7.20417212 -17.77685814  -1.04048388
  -0.6374954 ]","[ 1.23162451e-01  6.76039631e-03 -2.31163811e+02  3.04707016e+01
 -1.18994366e+00  3.79049389e-01]","[ 2.10523929e-01  9.93874923e-03  1.59082801e+02 -3.14907362e+01
 -1.29500406e+00  2.03539981e-02]","[ -0.42957281   0.05675503 -27.84604266  -9.96190281  -1.30162472
  -0.07602382]","[-8.10535430e-02  1.49641881e-02 -1.05397730e+02 -6.54285943e+00
 -1.30458019e+00  1.71804364e-01]",010,LW
697,0,0.3331598074790258,0,[ 0.65753267  0.1815078   8.66759337 -3.69922579 -1.24454185  0.25080368],"[ 1.19095434e-02  3.82518052e-02 -4.11081208e+01  2.48957895e+00
 -1.26034159e+00 -2.59643965e-01]","[ -0.55392898   0.04251114 -36.12495944 -18.01066193  -1.11515448
   0.55820206]","[  2.84240135   0.12033995  11.48436535 -30.64317557  -0.62300033
  -0.9616693 ]","[ 1.19312631e-01  5.24667162e-03 -2.98040139e+02  3.75599532e+01
 -1.16966424e+00  3.73221213e-01]","[ 2.16873255e-01  1.00975651e-02  1.56575656e+02 -3.19570722e+01
 -1.29817685e+00  2.90335112e-02]","[ -0.46605788   0.05922022 -26.69317352 -10.44056384  -1.30618473
  -0.05283553]","[-8.96694600e-02  1.28960842e-02 -1.21807597e+02 -8.92242140e+00
 -1.27606489e+00  2.76355165e-01]",010,LW
698,0,0.4899793642141024,0,[ 0.78282251  0.21367628  7.36541465 -3.7658124  -1.26078696  0.23994385],"[-1.40430762e-02  4.45796460e-02 -3.53474266e+01  1.50361339e+00
 -1.28467706e+00 -2.03479796e-01]","[-5.74084868e-01  2.59553794e-02 -5.51687877e+01 -2.96715662e+01
 -7.67519979e-01  8.76101812e-01]",[ 2.87847688  0.05788985  3.59479465 -8.34753331 -1.63407283 -0.29622414],"[ 1.16170043e-01  4.28583539e-03 -3.67318749e+02  4.46714348e+01
 -1.17776169e+00  2.24048228e-01]","[ 2.23307653e-01  1.02693871e-02  1.53958569e+02 -3.23801266e+01
 -1.30330320e+00  2.46572552e-02]","[-5.03707006e-01  6.06862499e-02 -2.60529672e+01 -1.11230621e+01
 -1.31074772e+00 -2.25844291e-02]","[-9.67519478e-02  1.01980142e-02 -1.52489741e+02 -1.27536794e+01
 -1.20687924e+00  4.30513322e-01]",010,LW
699,1,0.9219057071514698,1,[ 0.92761371  0.24686676  6.38417353 -3.92204691 -1.28394777  0.19884396],"[ -0.0435134    0.04986318 -31.65843407   0.62243374  -1.3065493
  -0.13883   ]","[-5.82766135e-01  1.23878587e-02 -4.69430367e+01 -2.53568120e+01
 -1.17635123e+00  5.06612906e-01]","[  2.85453788   0.10241151 -13.06401456  39.29172445  -0.57876831
  -0.97216267]","[ 1.13271652e-01  4.20838407e-03 -3.74555291e+02  4.44264966e+01
 -1.15039068e+00 -1.51068526e-01]","[ 2.29799418e-01  1.03569383e-02  1.52663294e+02 -3.30819362e+01
 -1.30917780e+00  4.62922667e-03]","[-5.41766950e-01  6.07825067e-02 -2.60120920e+01 -1.20924918e+01
 -1.31377730e+00  1.57522713e-02]","[-1.01909604e-01  7.00317586e-03 -2.14730356e+02 -1.98830855e+01
 -1.00521305e+00  6.90348549e-01]",010,LW
700,1,0.6830822131821873,1,[ 1.0907512   0.27548783  5.73030632 -4.25033847 -1.30674408  0.13774313],"[ -0.07555095   0.05323228 -29.69088826  -0.24317496  -1.32327632
  -0.06389028]","[-5.79494143e-01  1.88223321e-02  6.62867216e+01  4.04127670e+01
 -4.60420191e-01  1.01058144e+00]",[ 2.77353703  0.18183277 -8.35877661 25.18337645 -1.05516581 -0.63291975],"[ 1.09984168e-01  5.38304391e-03 -2.88058918e+02  3.36819205e+01
 -1.03076252e+00 -4.98025199e-01]","[ 2.36261317e-01  1.02533883e-02  1.54191628e+02 -3.44295171e+01
 -1.31352046e+00 -3.11574733e-02]","[ -0.57929345   0.05920358 -26.69789154 -13.46591364  -1.31329905
   0.06198976]","[-1.04808285e-01  3.70375103e-03 -3.23504130e+02 -3.19059132e+01
 -4.83063514e-01  9.67877456e-01]",010,LW
701,1,0.6876000673817424,1,[ 1.26763967  0.2938067   5.37950671 -4.8192761  -1.32388524  0.06234479],"[-1.08693228e-01  5.38590422e-02 -2.93529582e+01 -1.19046777e+00
 -1.33137778e+00  2.39732806e-02]","[-5.64242354e-01  3.56891072e-02  4.21020109e+01  2.57557377e+01
 -9.81973389e-01  7.04586618e-01]",[ 2.64009522  0.25801153 -6.03749703 17.93956703 -1.21103124 -0.41202983],"[ 1.05509326e-01  8.02686538e-03 -1.91035786e+02  2.21560571e+01
 -9.85922959e-01 -6.11963668e-01]","[ 2.42547891e-01  9.86658420e-03  1.60159997e+02 -3.68464694e+01
 -1.31354136e+00 -8.17640995e-02]","[ -0.61522173   0.05581291 -28.29800138 -15.40954533  -1.30748503
   0.1151625 ]","[-1.05184548e-01  2.94991512e-03  2.55976255e+02  2.89247467e+01
 -8.35896118e-01  7.02084919e-01]",010,LW
702,1,0.6902042030654337,1,[ 1.45038716  0.29686868  5.32525655 -5.72368374 -1.33159431 -0.02661083],"[ -0.1410349    0.05112659 -30.8776631   -2.35482818  -1.32547506
   0.13084277]",[-0.53746643  0.05283095 29.36500987 17.78270693 -1.17934529  0.46221031],[ 2.46026048  0.32491101 -4.8342779  13.89358285 -1.26859671 -0.27996652],"[ 9.89258656e-02  1.22311510e-02 -1.25514246e+02  1.44166054e+01
 -1.02569363e+00 -5.93076687e-01]","[ 2.48468997e-01  9.13969257e-03  1.72682552e+02 -4.09062605e+01
 -1.30607934e+00 -1.47195403e-01]","[ -0.6484791    0.0507045  -31.1052383  -18.17109702  -1.29494497
   0.17442505]","[-1.02857192e-01  6.43118588e-03  2.23491782e+02  2.49877371e+01
 -7.50718670e-01  8.86290532e-01]",010,LW
703,1,0.6917848527117035,1,[ 1.62843169  0.28123079  5.61295211 -7.14030907 -1.32502273 -0.13454988],"[ -0.17037811   0.04476009 -35.09413159  -3.97927184  -1.29284449
   0.27135076]",[-0.50008606  0.06848754 22.89026754 13.44710381 -1.25337393  0.31707608],[ 2.24117596  0.38022645 -4.14574406 11.29134192 -1.29347144 -0.19159921],"[ 8.92618907e-02  1.79896743e-02 -8.58422368e+01  9.66244036e+00
 -1.08945568e+00 -5.30041824e-01]","[ 2.53812724e-01  8.06209337e-03  1.95245375e+02 -4.75557605e+01
 -1.28646918e+00 -2.30553314e-01]","[ -0.67811258   0.04419439 -35.60712501 -22.14563951  -1.27434396
   0.24011147]","[-9.77364127e-02  1.06931182e-02  1.43164087e+02  1.59923443e+01
 -1.07853961e+00  5.90776072e-01]",010,LW
704,1,0.6945168978360942,1,[ 1.78953692  0.24544378  6.39806477 -9.44957311 -1.29118169 -0.27702818],"[-1.94438545e-01  3.49238368e-02 -4.42920794e+01 -6.61208746e+00
 -1.19112260e+00  4.80458904e-01]",[-0.45342783  0.08186545 19.23655945 10.72239144 -1.28675112  0.21928361],[ 1.99068809  0.42291047 -3.73371903  9.43267002 -1.3049274  -0.12695547],"[ 7.55872327e-02  2.51568106e-02 -6.17634164e+01  6.66852573e+00
 -1.14891530e+00 -4.57488718e-01]","[ 2.58372725e-01  6.67041457e-03  2.34687926e+02 -5.86369591e+01
 -1.24465736e+00 -3.41023808e-01]","[-7.03399621e-01  3.67526496e-02 -4.26685599e+01 -2.80130489e+01
 -1.24318767e+00  3.14757810e-01]","[-8.98301927e-02  1.49917367e-02  1.03902080e+02  1.13335439e+01
 -1.19792686e+00  4.16855257e-01]",010,LW
705,1,0.6945168978360942,1,"[  1.92102071   0.19048436   8.11173975 -13.58282007  -1.18478127
  -0.49075596]","[-2.11074486e-01  2.24535941e-02 -6.44967953e+01 -1.16136279e+01
 -8.50875608e-01  8.22348628e-01]",[-0.39914718  0.0924448  17.07329795  8.81475874 -1.3034353   0.14602094],[ 1.716947    0.45270043 -3.49097421  7.99381771 -1.30998103 -0.07634928],"[ 5.71132004e-02  3.34315376e-02 -4.67125442e+01  4.66790290e+00
 -1.19714017e+00 -3.86782292e-01]","[ 2.61974893e-01  5.04425476e-03  3.06473825e+02 -7.82884477e+01
 -1.15320537e+00 -5.00245205e-01]","[-7.23918808e-01  2.89140882e-02 -5.39363963e+01 -3.70455717e+01
 -1.19554403e+00  4.04248606e-01]","[-7.92475397e-02  1.90798012e-02  8.22250575e+01  8.51613351e+00
 -1.25164140e+00  3.05612256e-01]",010,LW
706,1,0.7000029453481541,1,"[  2.01105187   0.12118603  11.87385274 -21.87893374  -0.82629574
  -0.83876742]","[-2.18504080e-01  1.11689384e-02 -5.59754698e+01 -1.02308685e+01
 -1.14228273e+00  5.08452110e-01]",[-0.33914461  0.09987566 15.8211009   7.36564112 -1.31186421  0.08622558],[ 1.42804898  0.46989944 -3.3644762   6.80463682 -1.31158022 -0.03452611],"[ 3.32855606e-02  4.23726690e-02 -3.70000945e+01  3.23156889e+00
 -1.23435624e+00 -3.20921768e-01]","[ 2.64498894e-01  3.30529501e-03  4.50507423e+02 -1.17158715e+02
 -9.21945017e-01 -7.55843624e-01]","[-7.39572340e-01  2.12030316e-02 -7.28433942e+01 -5.18729595e+01
 -1.11731651e+00  5.20129312e-01]","[-6.61978198e-02  2.27760187e-02  6.91295670e+01  6.57622662e+00
 -1.27993614e+00  2.25802813e-01]",010,LW
707,1,0.7180539784025715,1,"[  2.04985369   0.06054444   8.83093638 -16.10212757  -1.2832855
  -0.43911536]","[-2.15483105e-01  1.71387450e-02  7.14484238e+01  1.73959282e+01
 -4.27119897e-01  1.02514788e+00]",[-0.27548233  0.10395368 15.20827184  6.1896101  -1.31544173  0.03380792],"[ 1.13176867e+00  4.75196456e-01 -3.32730005e+00  5.76573397e+00
 -1.31117107e+00  1.77445291e-03]","[ 3.85641080e-03  5.14385629e-02 -3.05682152e+01  2.11788360e+00
 -1.26221580e+00 -2.60278805e-01]","[ 2.65891290e-01  1.67113287e-03  7.16704851e+02 -1.88565577e+02
 -3.99067549e-01 -1.03453299e+00]","[-7.50564711e-01  1.40868838e-02 -1.07464340e+02 -7.86589410e+01
 -9.72218624e-01  6.86011567e-01]","[-5.09851229e-02  2.59259307e-02  6.08533623e+01  5.10261616e+00
 -1.29618558e+00  1.63204716e-01]",010,LW
708,1,0.7167030115519999,1,"[  2.03067581   0.09803426 -12.75946642  27.91033984  -0.44432206
  -1.02517287]","[-2.01425160e-01  3.31211872e-02  4.51746778e+01  1.10993167e+01
 -9.55933085e-01  7.28210728e-01]",[-0.21030443  0.10460858 15.11419667  5.17858256 -1.31563003 -0.01521376],[ 0.83542863  0.46943703 -3.36778975  4.81354797 -1.30964485  0.03528065],"[ -0.03107642   0.06004844 -26.24102953   1.18452286  -1.28230282
  -0.2046758 ]","[ 2.66168891e-01  1.11785695e-03 -6.22425755e+02  1.67670373e+02
 -1.04198692e+00 -5.56033220e-01]","[-7.57348605e-01  7.96855991e-03 -1.79210016e+02 -1.33724456e+02
 -6.53188543e-01  9.47070486e-01]","[-3.39968532e-02  2.84022634e-02  5.56131081e+01  3.89067067e+00
 -1.30567822e+00  1.10762727e-01]",010,LW
709,1,0.684663882433907,1,[ 1.95041235  0.18693408 -8.02541993 17.65287812 -0.97031703 -0.71464392],[-0.17645251  0.04960452 31.23576205  7.51162856 -1.17286119  0.47520228],[-0.1457646   0.10188667 15.51307728  4.26125748 -1.31290631 -0.06421117],[ 0.54592937  0.45332515 -3.48648614  3.90337519 -1.30744121  0.06925215],"[ -0.07106755   0.06765315 -23.32605666   0.34227422  -1.29607315
  -0.15385924]","[ 2.65412389e-01  2.23803155e-03 -6.51329232e+02  1.74870848e+02
 -8.78124959e-01 -8.02688229e-01]","[-7.60548351e-01  3.38651378e-03 -2.83317152e+02 -2.13476392e+02
 -3.80743615e-01  1.01065603e+00]","[-1.56866502e-02  3.01119410e-02  5.24900833e+01  2.82339358e+00
 -1.31082704e+00  6.46513744e-02]",010,LW
710,1,0.684663882433907,1,[ 1.80978701  0.27808115 -5.57544319 12.09036464 -1.176116   -0.46869131],[-0.14137276  0.06456068 24.27879864  5.43236075 -1.25619456  0.31871785],[-0.0839619   0.09592984 16.46354801  3.38231076 -1.30679992 -0.11686663],[ 0.26990365  0.42717356 -3.69785876  2.99806556 -1.30410123  0.10798249],"[ -0.11535665   0.07379218 -21.40663047  -0.46939709  -1.30497481
  -0.10731606]","[ 2.63751349e-01  3.45632980e-03 -4.47894792e+02  1.20132856e+02
 -1.18877453e+00 -4.75485371e-01]","[-7.60868505e-01  2.73468880e-03  3.98752061e+02  3.05397884e+02
 -6.68415372e-01  7.72227304e-01]","[ 3.44702447e-03  3.10014782e-02  5.09991756e+01  1.82420459e+00
 -1.31289977e+00  2.25157240e-02]",010,LW
711,1,0.6846631362192721,1,[ 1.61311301  0.36113868 -4.34069814  9.00203667 -1.25512618 -0.31763911],[-0.09758798  0.07694272 20.47303657  3.99792222 -1.29326524  0.21049375],[-0.0268776   0.08697085 18.13262143  2.48736133 -1.29536894 -0.17775514],[ 0.01388735  0.39091373 -4.03656541  2.05605719 -1.29760232  0.15670953],"[ -0.16292493   0.07811935 -20.23302496  -1.29646421  -1.31031912
  -0.06404283]","[ 2.61343523e-01  4.46081841e-03 -3.51882357e+02  9.39621750e+01
 -1.27513063e+00 -2.89710861e-01]","[-7.58998099e-01  4.93318098e-03  3.07710100e+02  2.35551381e+02
 -1.11130084e+00  6.06292386e-01]","[ 2.28844577e-02  3.10575253e-02  5.09080321e+01  8.34997294e-01
 -1.31259941e+00 -1.74097440e-02]",010,LW
712,1,0.6846631362192721,1,[ 1.36772925  0.43087259 -3.65554846  6.99980056 -1.29048936 -0.21407569],[-0.04695643  0.08609297 18.34001759  2.86118168 -1.31049617  0.12801571],[ 0.02370097  0.07536468 20.86829074  1.50540128 -1.27413975 -0.25291385],[-0.21564643  0.34449033 -4.57114194  1.01424956 -1.28354565  0.22154066],"[ -0.21256398   0.08040119 -19.66449615  -2.17996359  -1.31298436
  -0.02261391]","[ 2.58353159e-01  5.22091774e-03 -3.02023008e+02  8.00285981e+01
 -1.30077176e+00 -1.79893113e-01]","[-7.55527285e-01  6.80269100e-03  2.30120744e+02  1.75862501e+02
 -1.26268111e+00  3.34831702e-01]","[ 4.21083139e-02  3.03034163e-02  5.21626727e+01 -1.96482196e-01
 -1.31019888e+00 -5.67030338e-02]",010,LW
713,1,0.6846631362192721,1,[ 1.08326643  0.48399088 -3.26182816  5.53342894 -1.30743402 -0.13577276],"[ 8.36490811e-03  9.16532157e-02  1.72456296e+01  1.85574189e+00
 -1.31770762e+00  6.00219832e-02]",[ 0.06628085  0.06165085 25.37972364  0.31781024 -1.23379921 -0.35123847],[-0.41252214  0.28851735 -5.43581834 -0.24239541 -1.25346803  0.31057615],"[-2.62945894e-01  8.05054375e-02 -1.96392875e+01 -3.16407000e+00
 -1.31331137e+00  1.85648554e-02]","[ 2.54932801e-01  5.76070910e-03 -2.74186279e+02  7.18990760e+01
 -1.30708207e+00 -1.11468743e-01]","[-7.50894273e-01  8.21667008e-03  1.91681710e+02  1.45932698e+02
 -1.28285134e+00  2.17162028e-01]","[ 6.06256853e-02  2.87945774e-02  5.48686371e+01 -1.32644872e+00
 -1.30556955e+00 -9.68990987e-02]",010,LW
714,0,0.2782036383315531,0,[ 0.70382392  0.63528802 -2.44609614  3.72162096 -0.98522212 -0.46139806],[ 0.07672875  0.11158117 14.01485287  0.92465785 -1.05298846  0.35687856],[ 0.10060627  0.04768101 32.64419427 -1.28421055 -1.16094555 -0.43593609],[-0.57684032  0.23222478 -6.73655331 -1.88591556 -1.19206944  0.36319736],"[ -0.32085302   0.09194864 -17.070598    -3.47715294  -1.09170465
  -0.27424467]","[ 2.50381942e-01  7.57212972e-03 -2.04973216e+02  5.33215921e+01
 -9.63981676e-01 -4.76143734e-01]","[-7.43848131e-01  1.21465542e-02  1.26202633e+02  9.58755929e+01
 -8.40616042e-01  6.26270276e-01]","[ 8.03885646e-02  3.04777786e-02  5.16928343e+01 -2.15551275e+00
 -1.13893190e+00  1.58311913e-01]",010,LW
715,0,0.305406772627297,0,[ 0.31256396  0.69299845 -2.25963475  2.70628038 -1.51335831 -0.1522651 ],[ 0.14390899  0.11592783 13.53125006  0.05273151 -1.51011304  0.08413855],"[ 1.23713992e-01  3.13201720e-02  4.71464751e+01 -3.83267863e+00
 -9.77351078e-01 -6.96944225e-01]",[-0.69115078  0.15972077 -9.3682559  -4.47487736 -1.0720577   0.61682986],"[ -0.3755281    0.09215238 -17.03559186  -4.39734336  -1.4991689
  -0.03813599]","[ 2.45630445e-01  8.40928428e-03 -1.86102596e+02  4.77124634e+01
 -1.49778932e+00 -1.86853476e-01]","[-7.35943386e-01  1.44730545e-02  1.07591339e+02  8.11811346e+01
 -1.47866870e+00  2.82614361e-01]","[ 9.81403725e-02  2.89589863e-02  5.42253237e+01 -3.32169347e+00
 -1.47508976e+00 -3.79925618e-02]",010,LW
716,0,0.324815813287017,0,[-0.07618157  0.67758985 -2.30441109  1.82444634 -1.50883588  0.21972389],[ 0.20738845  0.10816473 14.37206353 -0.98060002 -1.49619182 -0.29097845],"[ 1.36057716e-01  1.62627101e-02  6.51347197e+01 -6.86208120e+00
 -5.97259243e-01 -8.19795003e-01]","[ -0.75530109   0.08775394 -13.00867748  -7.82546829  -0.67179001
   0.82239656]","[ -0.42540449   0.08350182 -18.56343677  -5.89696935  -1.48189394
   0.33018607]","[ 2.40768302e-01  8.51557823e-03 -1.84036836e+02  4.63102363e+01
 -1.49861406e+00  1.49835284e-01]","[-7.27294351e-01  1.56152027e-02  1.00575308e+02  7.51478535e+01
 -1.49226291e+00 -5.29174470e-02]","[ 1.13557595e-01  2.50519189e-02  6.15533749e+01 -4.98985319e+00
 -1.44784392e+00 -3.92232117e-01]",010,LW
717,0,0.324815813287017,0,[-0.44862074  0.59079617 -2.60779926  0.83008718 -0.90022995  0.5727851 ],[ 0.26492183  0.08903342 17.07602836 -2.52381262 -0.78434538 -0.7071496 ],"[ 1.38755114e-01  1.11736594e-02 -6.93219282e+01  1.16187720e+01
 -1.24383481e+00 -1.96657011e-01]",[-0.77217194  0.05670666 10.18400897  9.863806   -1.49067644  0.13427952],"[ -0.46903738   0.0664982  -22.66101748  -8.62886435  -0.71426895
   0.78033111]","[ 2.35875075e-01  7.89437938e-03 -1.97425773e+02  4.85678189e+01
 -1.00525710e+00  4.11269806e-01]","[-7.18021623e-01  1.54530643e-02  1.01559455e+02  7.49218850e+01
 -1.08850638e+00 -2.76249259e-01]","[ 1.26422998e-01  1.90467258e-02  7.81162479e+01 -7.87569030e+00
 -6.10766833e-01 -8.71584044e-01]",010,LW
718,0,0.324815813287017,0,[-0.79204875  0.41310226 -3.81188723 -1.01920054 -1.28398794  0.22169868],[ 0.31463905  0.05511832 28.37153634 -6.92679323 -1.22898184 -0.36041217],"[ 1.33465875e-01  1.81768517e-02 -8.50053566e+01  1.33453143e+01
 -1.22437906e+00 -4.72116873e-01]",[-0.7475008   0.09271286 16.49469246 14.32979577 -1.14760837  0.56307705],"[-5.05161766e-01  3.80348566e-02 -4.08012199e+01 -1.86112163e+01
 -1.17772558e+00  4.60050067e-01]","[ 2.31030987e-01  6.33180336e-03 -2.49660421e+02  5.96792935e+01
 -1.30912898e+00  5.02596765e-02]","[-7.08286090e-01  1.35192006e-02  1.16948809e+02  8.48332146e+01
 -1.31419501e+00  2.08058654e-02]","[ 1.36633281e-01  1.00337000e-02  1.53996398e+02 -1.90410330e+01
 -1.12546431e+00 -5.14059886e-01]",010,LW
719,0,0.324815813287017,0,[-1.02834593  0.34629972 -4.52928929 -2.65767622 -1.2523966   0.30915207],"[  0.34448865   0.04136103  37.38774217 -10.8796527   -1.1444464
  -0.50122955]","[ 1.21382996e-01  2.27347088e-02 -6.92670380e+01  1.04078406e+01
 -1.33515291e+00 -2.03316283e-01]",[-0.68385141  0.12275627 12.78345832 10.74198604 -1.30259498  0.28464551],"[-5.24593164e-01  2.58726393e-02 -5.82991558e+01 -2.85833386e+01
 -9.97072606e-01  6.86653229e-01]","[ 2.27154660e-01  6.03899240e-03 -2.61646130e+02  6.14341376e+01
 -1.30805332e+00  8.98774616e-02]","[-6.99821157e-01  1.35215691e-02  1.16928533e+02  8.38290615e+01
 -1.31281704e+00 -2.12743714e-02]","[ 1.41801808e-01  6.65615461e-03  2.26847467e+02 -3.01673810e+01
 -9.66880750e-01 -6.97728938e-01]",010,LW
720,0,0.1874833884230524,0,[-1.21979344  0.27099239 -5.74316274 -5.00547221 -1.19238678  0.42759783],"[ 3.65534600e-01  2.74058532e-02  5.48030226e+01 -1.80324009e+01
 -9.52653179e-01 -7.20717595e-01]","[ 1.07074342e-01  2.45829292e-02 -6.43000090e+01  8.88488114e+00
 -1.34949315e+00 -2.74678586e-02]",[-0.60427968  0.13991962 11.28664955  8.82029303 -1.33847778  0.10919718],"[-5.36009567e-01  1.39782940e-02 -9.34806513e+01 -4.81065235e+01
 -4.98678323e-01  1.01438540e+00]","[ 2.23519555e-01  5.58858082e-03 -2.82455656e+02  6.51343623e+01
 -1.30240705e+00  1.41398659e-01]","[-6.91455350e-01  1.31711090e-02  1.20010934e+02  8.49822026e+01
 -1.30859788e+00 -5.91053193e-02]","[ 1.44929135e-01  3.67717917e-03  3.79300312e+02 -5.29716662e+01
 -5.83252975e-01 -9.91719233e-01]",010,LW
721,0,0.1874833884230524,0,[-1.36215941  0.19166441 -7.97220879 -8.85941923 -1.06360691  0.60662507],"[ 3.77802305e-01  1.45216694e-02  9.07832089e+01 -3.22981056e+01
 -4.69994297e-01 -1.04097704e+00]","[ 9.22165870e-02  2.40190850e-02 -6.57557905e+01  8.06377458e+00
 -1.33115684e+00  1.07413568e-01]",[-0.51715983  0.14449079 10.94120087  7.65834957 -1.33699179 -0.01788893],"[-5.39346474e-01  7.67296077e-03  3.72044947e+01  2.20661130e+01
 -1.59314826e+00  2.99377024e-01]","[ 2.20227103e-01  4.97160439e-03 -3.16880134e+02  7.17855938e+01
 -1.28889390e+00  2.08999953e-01]","[-6.83398769e-01  1.25136140e-02  1.26260564e+02  8.82863139e+01
 -1.30413394e+00 -9.49060783e-02]","[ 1.46271900e-01  1.53445935e-03  4.12187118e+02 -5.82913928e+01
 -9.23005742e-01 -6.81038231e-01]",010,LW
722,0,0.2093945520995304,0,"[ -1.45362717   0.11385485 -12.56752197 -16.26849136  -0.72448897
   0.90334544]","[ 3.81761355e-01  7.16098802e-03 -1.97344363e+01  9.53384516e+00
 -1.70585785e+00 -2.50853104e-01]","[ 7.81635064e-02  2.16155480e-02 -7.28398200e+01  7.69341573e+00
 -1.29405172e+00  2.22834238e-01]",[-0.42990538  0.13839508 11.41033922  6.90536625 -1.31877392 -0.12016021],"[-5.34967186e-01  1.50036319e-02  9.40434838e+01  5.23101779e+01
 -7.51283041e-01  8.84338561e-01]","[ 2.17381118e-01  4.19304172e-03 -3.74181803e+02  8.33400587e+01
 -1.25969208e+00  3.02150716e-01]","[-6.75848795e-01  1.15775546e-02  1.36360844e+02  9.41593117e+01
 -1.29985159e+00 -1.36572993e-01]","[ 1.46172069e-01  1.72954346e-03 -7.41695518e+02  1.10415168e+02
 -7.13972161e-01 -8.30831508e-01]",010,LW
723,0,0.2173011748198119,0,"[ -1.49453328   0.05163972 -13.89732692 -18.7700176   -0.8905611
   0.67524555]","[ 3.78189983e-01  1.33321363e-02 -1.05304902e+02  4.18252592e+01
 -7.38238542e-01 -8.88916944e-01]","[ 6.58440801e-02  1.80939717e-02 -8.66163855e+01  7.70317622e+00
 -1.24218165e+00  3.24952000e-01]",[-0.34838533  0.12445008 12.65917464  6.41027075 -1.29055858 -0.2081438 ],"[-5.23668766e-01  2.43948822e-02  6.30875695e+01  3.50369897e+01
 -1.15633384e+00  5.28148480e-01]","[ 2.15078377e-01  3.27422242e-03 -4.74692227e+02  1.04096034e+02
 -1.19287598e+00  4.40731360e-01]","[-6.68998528e-01  1.03533401e-02  1.52233271e+02  1.03843834e+02
 -1.29148854e+00 -1.95697884e-01]","[ 1.45042008e-01  2.76460094e-03 -5.59570986e+02  8.31612994e+01
 -1.29101793e+00 -4.30212502e-01]",010,LW
724,0,0.2173011748198119,0,[-1.48680891  0.06707897 18.13194868 28.95874286 -0.47745873  0.97997072],"[ 3.67992276e-01  2.20990388e-02 -6.95121692e+01  2.75799413e+01
 -1.12541693e+00 -5.51686944e-01]","[ 5.57061656e-02  1.42332629e-02 -1.09593507e+02  8.10503408e+00
 -1.18272323e+00  4.05014371e-01]",[-0.27659451  0.10581884 14.84093232  6.10492044 -1.25511239 -0.28649032],"[-5.06640173e-01  3.21297355e-02  4.88042274e+01  2.67261822e+01
 -1.27914595e+00  3.05316985e-01]","[ 2.13397948e-01  2.25954714e-03 -6.69517057e+02  1.44873566e+02
 -1.01883053e+00  6.67004223e-01]","[-6.63045288e-01  8.81332093e-03  1.78167105e+02  1.20132859e+02
 -1.26794600e+00 -2.85573887e-01]","[ 1.43343114e-01  3.23438652e-03 -4.88110065e+02  7.19672167e+01
 -1.41413716e+00 -5.20579759e-02]",010,LW
725,0,0.2969474711770792,0,[-1.43327658  0.12774358 11.76437208 18.86159899 -0.98486503  0.7021052 ],"[ 3.52018589e-01  3.01623521e-02 -5.18131592e+01  2.02391952e+01
 -1.22610230e+00 -3.69309696e-01]","[ 4.77087027e-02  1.07884047e-02 -1.44455427e+02  8.89178100e+00
 -1.13973099e+00  4.24971451e-01]",[-0.2165671   0.08557056 18.28706476  5.96037665 -1.21455335 -0.35482586],"[-4.85374770e-01  3.74309859e-02  4.21475027e+01  2.24573344e+01
 -1.32078385e+00  1.57716096e-01]","[ 2.12390534e-01  1.24387266e-03 -1.06783959e+03  2.28799022e+02
 -5.30835882e-01  1.00287908e+00]","[-6.58183865e-01  6.96211474e-03  2.23544999e+02  1.49133712e+02
 -1.20526115e+00 -4.23337017e-01]","[ 1.41557940e-01  2.99579603e-03 -5.22564529e+02  7.59731584e+01
 -1.35526696e+00  2.93533902e-01]",010,LW
726,0,0.2969474711770792,0,[-1.33701737  0.1898869   8.16773841 12.92040814 -1.1701371   0.4677689 ],"[ 3.30940989e-01  3.75195765e-02 -4.18764493e+01  1.58586336e+01
 -1.25692810e+00 -2.76928340e-01]","[ 4.13655512e-02  8.44348263e-03 -1.85971015e+02  9.69279353e+00
 -1.15265397e+00  2.90674077e-01]",[-0.16849184  0.06640606 23.49606659  5.95889544 -1.17475207 -0.40344067],[-0.46154731  0.04002583 39.49244919 20.22763379 -1.33277268  0.04427098],"[ 2.12068601e-01  6.48824754e-04  2.30439121e+02 -4.68689019e+01
 -1.69016930e+00  2.55818408e-01]","[-6.54571096e-01  4.89412850e-03  3.10704209e+02  2.05377995e+02
 -1.04490591e+00 -6.36678923e-01]","[ 1.40157197e-01  2.12661879e-03 -6.85604277e+02  9.80923737e+01
 -9.85577903e-01  7.34052620e-01]",010,LW
727,0,0.2846163168188164,0,[-1.20099007  0.24912163  6.28553381  9.54886369 -1.23417589  0.34019617],"[  0.30521364   0.0444564  -35.41934504  12.81046727  -1.26987684
  -0.22579638]","[ 3.58405369e-02  7.79376489e-03 -2.02552576e+02  9.25959310e+00
 -1.17194219e+00 -6.20087849e-02]",[-0.13097772  0.05054255 30.88029218  6.04463017 -1.15253622 -0.40314302],[-0.43686953  0.03993168 39.58323526 19.29270924 -1.32883786 -0.05395421],"[ 2.12398350e-01  1.21595933e-03  1.15019480e+03 -2.42299476e+02
 -7.41721937e-01  8.87412325e-01]","[-6.52259651e-01  2.83964578e-03  4.96693759e+02  3.25973298e+02
 -6.44178456e-01 -9.57377617e-01]","[ 1.39564468e-01  1.20110918e-03 -3.48405536e+02  5.06250331e+01
 -1.51397725e+00  2.93264996e-01]",010,LW
728,0,0.2846163168188164,0,[-1.02795374  0.30487409  5.15705638  7.3012154  -1.26318304  0.26182709],"[  0.27511221   0.05117188 -30.80656441  10.47526215  -1.27829535
  -0.19236247]","[ 3.00861689e-02  9.15486844e-03 -1.70717011e+02  7.13622083e+00
 -1.11599138e+00 -3.83355173e-01]",[-0.10143053  0.03968863 39.55871696  6.01246153 -1.17122374 -0.29765358],"[-4.12938341e-01  3.74252399e-02  4.21704784e+01  1.94138074e+01
 -1.31218220e+00 -1.46251037e-01]","[ 2.13295982e-01  1.96492246e-03  7.84179393e+02 -1.65262314e+02
 -1.18296837e+00  5.09306749e-01]","[-6.51119964e-01  1.19764968e-03  7.64646668e+02  4.99876710e+02
 -3.23289453e-01 -1.04516523e+00]","[ 1.40122543e-01  2.27850515e-03  5.50152964e+02 -7.50888321e+01
 -3.88129248e-01  1.06942298e+00]",010,LW
729,0,0.2846163168188164,0,[-0.82063235  0.35670089  4.41724411  5.6249334  -1.27959609  0.20689836],"[  0.24081961   0.05769583 -27.34448964   8.58508922  -1.28537888
  -0.16538957]","[ 2.30089397e-02  1.23517707e-02 -1.25620990e+02  4.89040578e+00
 -1.10366958e+00 -4.82400601e-01]","[-7.65043401e-02  3.49873004e-02  4.51511842e+01  5.45426155e+00
 -1.20882222e+00 -5.71225790e-02]","[-3.91090658e-01  3.30219841e-02  4.76563497e+01  2.06379532e+01
 -1.28266163e+00 -2.37180336e-01]","[ 2.14631000e-01  2.52119168e-03  6.23352329e+02 -1.31790733e+02
 -1.31581583e+00  2.53907828e-01]","[-6.50784856e-01  5.64402753e-04 -1.78332302e+03 -1.15855961e+03
 -1.41691159e+00  1.51865388e-01]","[ 1.42065601e-01  4.47044027e-03  3.33395701e+02 -4.53640606e+01
 -9.15992548e-01  7.57506969e-01]",010,LW
730,0,0.2846163168188164,0,[-0.58204138  0.40369905  3.9081521   4.27470626 -1.29063916  0.1633654 ],"[  0.20252364   0.06390973 -24.70108317   7.00255316  -1.29161414
  -0.14023228]","[ 1.36357467e-02  1.69365301e-02 -9.17861427e+01  3.25157259e+00
 -1.14942277e+00 -4.52328595e-01]","[-5.25725900e-02  3.66835526e-02  4.29596259e+01  4.25849880e+00
 -1.20462417e+00  1.97741191e-01]","[-3.72281597e-01  2.74215515e-02  5.71432066e+01  2.32733642e+01
 -1.23926881e+00 -3.28425076e-01]","[ 2.16237345e-01  2.80058909e-03  5.64188559e+02 -1.19998636e+02
 -1.35292139e+00  6.80897972e-02]","[-6.50646989e-01  6.21564886e-04 -8.34017928e+02 -5.40651253e+02
 -1.62885650e+00 -3.80362744e-01]","[ 1.45500757e-01  6.84289385e-03  2.25724086e+02 -3.08430254e+01
 -1.14467334e+00  5.09872538e-01]",010,LW
731,0,0.2846163168188164,0,[-0.31589306  0.44438753  3.55352085  3.12253257 -1.2991358   0.12474135],"[  0.16050274   0.06959834 -22.69383086   5.64242202  -1.29717397
  -0.11507319]","[ 1.25641864e-03  2.23495342e-02 -6.99049407e+01  2.08782987e+00
 -1.20629977e+00 -3.78959371e-01]","[-2.61611398e-02  4.39102942e-02  3.57012852e+01  2.93398631e+00
 -1.18992067e+00  3.29033137e-01]","[-3.57005492e-01  2.14118485e-02  7.27700504e+01  2.79793076e+01
 -1.18184488e+00 -4.18382190e-01]","[ 2.17930975e-01  2.78086661e-03  5.68017193e+02 -1.21788540e+02
 -1.34596587e+00 -9.32904321e-02]","[-6.49921321e-01  2.02084817e-03  5.44935719e+02  3.56165342e+02
 -7.44241124e-02  1.24938187e+00]","[ 1.50400775e-01  9.09250589e-03  1.72093116e+02 -2.38829380e+01
 -1.24235101e+00  3.48096103e-01]",010,LW
732,0,0.2669973028050015,0,[-0.0269562   0.47677348  3.31426421  2.08933998 -1.30600412  0.08711955],"[  0.1151824    0.07449365 -21.21156167   4.44319865  -1.30210273
  -0.08894168]","[-1.44728757e-02  2.79478913e-02 -5.61636246e+01  1.18715084e+00
 -1.25369769e+00 -2.96097954e-01]","[ 5.68855667e-03  5.52554808e-02  2.83305967e+01  1.83883980e+00
 -1.20085143e+00  3.51875707e-01]","[-3.45274175e-01  1.57558481e-02  9.83009257e+01  3.59407710e+01
 -1.11546293e+00 -4.97506720e-01]","[ 2.19531247e-01  2.48479559e-03  6.32549647e+02 -1.36864413e+02
 -1.30190127e+00 -2.57319549e-01]","[-6.47765558e-01  4.98137238e-03  2.83448987e+02  1.85608491e+02
 -5.72200533e-01  9.99681824e-01]","[ 1.56607834e-01  1.10006447e-02  1.43090905e+02 -2.04091567e+01
 -1.29030499e+00  2.29494666e-01]",010,LW
733,0,0.2669973028050015,0,[ 0.27876035  0.49864048  3.17025431  1.1162588  -1.31097404  0.04846714],"[  0.06715261   0.07831747 -20.18256835   3.35531207  -1.30598077
  -0.06154579]","[-3.34705382e-02  3.30470010e-02 -4.76642017e+01  4.04653517e-01
 -1.28889045e+00 -2.13151041e-01]",[ 0.04514258  0.06922151 22.6498476   0.97752741 -1.22806334  0.32159247],"[-3.36654891e-01  1.10986591e-02  1.39209383e+02  4.88655195e+01
 -1.06345174e+00 -5.32559525e-01]","[ 2.20882471e-01  1.97252987e-03  7.86604784e+02 -1.71747208e+02
 -1.20025729e+00 -4.53499335e-01]","[-6.43432238e-01  9.04713247e-03  1.66335757e+02  1.09025788e+02
 -9.40282992e-01  7.21563545e-01]","[ 1.63846855e-01  1.23901686e-02  1.27419402e+02 -1.88772683e+01
 -1.31534195e+00  1.32217053e-01]",010,LW
734,0,0.4794302709973032,0,[ 0.59407239  0.50805815  3.11205542  0.15121381 -1.31335783  0.00834034],"[ 1.71492717e-02  8.08383067e-02 -1.95573680e+01  2.33539462e+00
 -1.30821476e+00 -3.35769537e-02]","[-5.52143910e-02  3.69668362e-02 -4.27099036e+01 -3.58201319e-01
 -1.31359928e+00 -1.29937682e-01]",[ 0.09338813  0.08420714 18.66601501  0.25681584 -1.25882155  0.2686399 ],"[-3.30357140e-01  7.93543004e-03  1.96401851e+02  6.68827539e+01
 -1.08142198e+00 -4.27337380e-01]","[ 2.21871080e-01  1.33190607e-03  1.12173840e+03 -2.46881312e+02
 -9.55610934e-01 -7.32127133e-01]","[-6.36411245e-01  1.36985985e-02  1.12705141e+02  7.37268192e+01
 -1.13108959e+00  5.18434553e-01]","[ 1.71746001e-01  1.31243001e-02  1.20446538e+02 -1.86862113e+01
 -1.32723859e+00  4.36706397e-02]",010,LW
735,0,0.4794302709973032,0,[ 0.91093186  0.50391035  3.13741386 -0.85797026 -1.31277813 -0.03289352],"[-3.39883470e-02  8.19265498e-02 -1.92992796e+01  1.34404939e+00
 -1.30868847e+00 -6.25622413e-03]","[-7.87686047e-02  3.90845493e-02 -4.04450278e+01 -1.18579841e+00
 -1.32852395e+00 -4.28250623e-02]",[ 0.15051464  0.09842945 16.0081358  -0.40945884 -1.28683921  0.20487407],"[-3.25350921e-01  6.65494309e-03  2.37120893e+02  7.91475009e+01
 -1.15121714e+00 -5.16142859e-02]","[ 2.22434997e-01  6.87601568e-04  1.76870622e+03 -3.91422163e+02
 -4.08412242e-01 -1.03640493e+00]","[-6.26524465e-01  1.83359327e-02  8.52514965e+01  5.54121482e+01
 -1.23297987e+00  3.64623751e-01]","[ 1.79861913e-01  1.31105858e-02  1.20569700e+02 -1.96858970e+01
 -1.32885683e+00 -4.55422501e-02]",010,LW
736,0,0.4794302709973032,0,[ 1.22092637  0.48615939  3.25077198 -1.96895324 -1.30930036 -0.07512346],"[ -0.085371     0.08156946 -19.38323755   0.34523365  -1.3079017
   0.01972184]","[-1.02853925e-01  3.89113014e-02 -4.06207127e+01 -2.17799974e+00
 -1.33186187e+00  5.33058851e-02]",[ 0.21543867  0.10996886 14.3562746  -1.09289664 -1.30927998  0.13405043],"[-3.20498333e-01  7.44502752e-03  2.10172486e+02  6.93599315e+01
 -1.10911996e+00  3.60101555e-01]","[ 2.22565070e-01  4.31028063e-04 -1.43731918e+03  3.21897043e+02
 -1.19124811e+00 -4.65892924e-01]","[-6.13954985e-01  2.23741179e-02  7.03185387e+01  4.51724174e+01
 -1.28821165e+00  2.41289090e-01]","[ 1.87707940e-01  1.23059207e-02  1.28246516e+02 -2.20728893e+01
 -1.31836462e+00 -1.45484212e-01]",010,LW
737,0,0.4794302709973032,0,[ 1.51584753  0.45573509  3.46537754 -3.25298398 -1.30298697 -0.11928947],"[ -0.13610894   0.07983172 -19.80258549  -0.69530895  -1.30647749
   0.04491445]","[-1.25964651e-01  3.61876111e-02 -4.35862200e+01 -3.49032301e+00
 -1.31824678e+00  1.65862131e-01]",[ 0.28589128  0.1169424  13.51631023 -1.86419526 -1.32452569  0.05613196],"[-3.14681646e-01  1.00632332e-02  1.53946332e+02  5.04440854e+01
 -1.08160855e+00  5.03002851e-01]","[ 2.22301367e-01  8.24905742e-04 -1.77082497e+03  3.95656813e+02
 -9.35551967e-01 -7.66923766e-01]","[-5.99215452e-01  2.53298879e-02  6.23199281e+01  3.93430639e+01
 -1.31667635e+00  1.36892910e-01]","[ 1.94783995e-01  1.07209627e-02  1.46531720e+02 -2.65420338e+01
 -1.28633232e+00 -2.71836735e-01]",010,LW
738,0,0.4794302709973032,0,[ 1.78817882  0.41418996  3.80863885 -4.81052733 -1.29327361 -0.16778478],"[ -0.18534174   0.07679044 -20.58183567  -1.81467321  -1.30463743
   0.07108582]","[-1.46528169e-01  3.09640520e-02 -5.06367057e+01 -5.41970379e+00
 -1.27440221e+00  3.08479468e-01]",[ 0.35851949  0.11774765 13.42591214 -2.81345114 -1.3305823  -0.03178619],"[-3.06913154e-01  1.40833708e-02  1.10102032e+02  3.57917620e+01
 -1.12246557e+00  4.84782464e-01]","[ 2.21727207e-01  1.20689348e-03 -1.29128001e+03  2.88311909e+02
 -1.28601351e+00 -3.77508609e-01]","[-5.83072056e-01  2.68771951e-02  5.88144995e+01  3.62930912e+01
 -1.32826442e+00  4.35751421e-02]","[ 2.00606555e-01  8.42658079e-03  1.84060987e+02 -3.49238404e+01
 -1.19978590e+00 -4.56427051e-01]",010,LW
739,0,0.4794302709973032,0,[ 2.03140188  0.36335113  4.33347796 -6.80303526 -1.2782456  -0.22492698],"[ -0.23223992   0.07248749 -21.79457136  -3.06156944  -1.30202292
   0.10081962]","[-1.63084650e-01  2.36378685e-02 -6.52681543e+01 -8.64423412e+00
 -1.16079026e+00  5.11394638e-01]",[ 0.42912944  0.11130666 14.1814635  -4.08568353 -1.32305888 -0.13640142],"[-2.96416829e-01  1.90835821e-02  8.16561106e+01  2.62042453e+01
 -1.17802024e+00  4.18227260e-01]","[ 2.20962210e-01  1.40149963e-03 -1.12648347e+03  2.50910276e+02
 -1.38281942e+00 -9.26057105e-02]","[-5.66444625e-01  2.68658654e-02  5.88387477e+01  3.53288924e+01
 -1.32765682e+00 -4.52409227e-02]","[ 2.04737418e-01  5.58808880e-03  2.64344920e+02 -5.21212964e+01
 -9.27248436e-01 -7.63858685e-01]",010,LW
740,0,0.3309212971482093,0,[ 2.24010984  0.30509391  5.14416665 -9.52349832 -1.2531219  -0.29842405],"[ -0.27598485   0.06691679 -23.59208145  -4.51105695  -1.29764649
   0.137491  ]","[-1.74446550e-01  1.50009359e-02 -9.67992442e+01 -1.48862942e+01
 -8.32050509e-01  8.33741017e-01]",[ 0.49303848  0.09724404 16.15325905 -5.96417826 -1.29030973 -0.2723108 ],"[-2.82675961e-01  2.46365741e-02  6.35492827e+01  1.99638545e+01
 -1.22366927e+00  3.45065850e-01]","[ 2.20154491e-01  1.35593181e-03 -1.16116399e+03  2.57635468e+02
 -1.37611690e+00  1.86282399e-01]","[-5.50303609e-01  2.53081896e-02  6.23739813e+01  3.63246270e+01
 -1.31582557e+00 -1.36740853e-01]","[ 2.06810298e-01  2.79744997e-03  3.33523486e+02 -6.69760915e+01
 -6.65463295e-01 -7.83362646e-01]",010,LW
741,0,0.2786278947212201,0,"[  2.4099698    0.24123947   6.46329299 -13.57634096  -1.20526168
  -0.40368069]","[ -0.31574279   0.06003716 -26.2613638   -6.29183624  -1.28943859
   0.18600762]","[-1.79796541e-01  7.20208748e-03 -1.07953002e+02 -1.74095763e+01
 -8.45737593e-01  6.83100468e-01]",[ 0.54545743  0.07598854 20.37135398 -9.11170646 -1.19326563 -0.47417522],"[-2.65443991e-01  3.03304744e-02  5.18004748e+01  1.57501248e+01
 -1.25593628e+00  2.77892537e-01]","[ 2.19471011e-01  1.05779724e-03 -1.43745958e+03  3.17480707e+02
 -1.17917113e+00  5.65069802e-01]","[-5.35578173e-01  2.23496906e-02  7.03958192e+01  3.97024643e+01
 -1.28898635e+00 -2.40907052e-01]","[ 2.06554047e-01  3.31763906e-03 -3.26778734e+02  6.94974701e+01
 -4.27572828e-01 -9.77278673e-01]",010,LW
742,0,0.2322516505876545,0,"[  2.53758687   0.17363369   8.83125049 -20.41006531  -1.09398753
  -0.57538776]","[ -0.35064832   0.05179887 -30.3603123   -8.64579244  -1.2725913
   0.2546293 ]","[-1.78705862e-01  9.39268987e-03  1.25427780e+02  2.44146796e+01
 -4.41199355e-01  9.92715553e-01]","[  0.58183586   0.0491582   29.57938902 -15.21034922  -0.86861675
  -0.80960881]","[-2.44721309e-01  3.58084221e-02  4.39814951e+01  1.27632091e+01
 -1.27709602e+00  2.19763489e-01]","[ 2.19084140e-01  6.04695881e-04 -1.73625322e+03  3.82385544e+02
 -7.08397130e-01  7.35376888e-01]","[-5.23078317e-01  1.82451545e-02  8.56099507e+01  4.67807089e+01
 -1.23328168e+00 -3.74083500e-01]","[ 2.03810617e-01  6.81551470e-03 -2.16499128e+02  4.61248208e+01
 -8.75737907e-01 -7.94918080e-01]",010,LW
743,0,0.1050111400954628,0,"[  2.62033487   0.10510762  13.6530304  -33.77551162  -0.7626419
  -0.87855286]","[ -0.37980735   0.04218657 -37.06749684 -12.0785077   -1.23434904
   0.35907866]","[-1.71088133e-01  1.83815126e-02  8.12482779e+01  1.59006161e+01
 -9.46369273e-01  7.36539751e-01]","[ 5.98154405e-01  2.46150998e-02  2.64099997e+01 -1.37972577e+01
 -1.11975167e+00 -5.15283526e-01]",[-0.22070803  0.04080016 38.66117177 10.53283107 -1.29007402  0.17094166],"[ 2.19153622e-01  7.45330855e-04  1.31658644e+03 -2.86534687e+02
 -4.15108506e-01  9.80798065e-01]","[-5.13430895e-01  1.33518867e-02  1.14909006e+02  6.09978338e+01
 -1.10656258e+00 -5.67466732e-01]","[ 1.98545608e-01  1.06617176e-02 -1.44629893e+02  3.07156301e+01
 -1.13318537e+00 -5.25898736e-01]",010,LW
744,0,0.057673429803401,0,"[  2.65624274   0.04958254  12.7044991  -31.74623352  -1.09598966
  -0.54996056]","[-4.02326618e-01  3.12993332e-02 -4.92068480e+01 -1.77972247e+01
 -1.13456768e+00  5.32990905e-01]","[-1.57124520e-01  2.78140570e-02  5.56537179e+01  1.07445637e+01
 -1.15902388e+00  4.87851085e-01]","[  0.59118834   0.03844885 -31.53368285  20.64234551  -0.39193109
  -1.04616633]",[-0.19374739  0.04513375 34.98375225  8.77801064 -1.29757041  0.13069958],"[ 2.19806264e-01  1.64521259e-03  8.79093247e+02 -1.91230202e+02
 -7.57734007e-01  8.80975789e-01]","[-5.07034516e-01  8.16357375e-03  1.76448325e+02  9.14653911e+01
 -7.67552714e-01 -8.76201900e-01]","[ 1.90850277e-01  1.43459943e-02 -1.08969981e+02  2.27969510e+01
 -1.23045523e+00 -3.64269014e-01]",010,LW
745,0,0.0595001029905464,0,"[  2.64402026   0.07380175 -16.70952907  46.18033347  -0.4366149
  -1.0209901 ]","[-4.17371592e-01  1.95704940e-02 -7.40898360e+01 -2.89229928e+01
 -8.21367812e-01  8.39965597e-01]","[-1.37195544e-01  3.67370837e-02  4.26092678e+01  7.84580170e+00
 -1.23701923e+00  3.44329239e-01]","[  0.55876582   0.07627239 -19.51577471  12.90474789  -0.91145905
  -0.76201149]",[-0.16427496  0.04871791 32.4300123   7.32743887 -1.30196102  0.09739862],"[ 2.21117350e-01  2.71143264e-03  5.64611525e+02 -1.22845405e+02
 -1.08308637e+00  5.89169091e-01]","[-5.04037628e-01  3.76081997e-03  2.12114423e+02  1.08913651e+02
 -7.49708211e-01 -7.53408326e-01]","[ 1.80935649e-01  1.76318181e-02 -8.91844631e+01  1.81366487e+01
 -1.27486143e+00 -2.56078827e-01]",010,LW
746,0,0.0670656063297845,0,"[  2.58325099   0.14261264 -10.4992728   29.12225682  -0.95211077
  -0.72826534]","[-4.24245569e-01  9.39394882e-03 -7.86048804e+01 -3.13477722e+01
 -9.25462265e-01  6.34911231e-01]",[-0.11183736  0.04479403 35.11493302  5.92716124 -1.27322468  0.25026648],"[  0.50001386   0.11730131 -13.16338191   8.58187343  -1.13952389
  -0.51419283]",[-0.13278616  0.05149677 30.69192853  6.07546319 -1.30504767  0.06841312],"[ 2.23097167e-01  3.75769621e-03  4.15027335e+02 -9.05914228e+01
 -1.22011566e+00  3.96636030e-01]","[-5.04338061e-01  4.36362527e-03 -2.70495667e+02 -1.34421260e+02
 -5.23045400e-01 -9.28378568e-01]","[ 1.69121009e-01  2.03452609e-02 -7.75175522e+01  1.51098466e+01
 -1.29795594e+00 -1.75024561e-01]",010,LW
747,0,0.2336912133473223,0,[ 2.47471131  0.21501393 -7.19896484 19.81535974 -1.15729504 -0.48898103],"[-4.22474810e-01  1.29392710e-02  9.21048269e+01  4.09119693e+01
 -4.26346552e-01  1.01027760e+00]",[-0.08171934  0.05172232 30.48727796  4.49140014 -1.29233506  0.18116472],[ 0.41554301  0.15680996 -9.97286507  6.1441544  -1.23361233 -0.35861059],[-0.09982763  0.05339823 29.60620686  4.95551748 -1.30776378  0.04055441],"[ 2.25685261e-01  4.65609109e-03  3.37679911e+02 -7.42093788e+01
 -1.28604074e+00  2.55954237e-01]","[-5.07601891e-01  8.04589815e-03 -1.87696640e+02 -9.32751694e+01
 -1.05886729e+00 -6.51367922e-01]","[ 1.55819342e-01  2.23459821e-02 -7.06877667e+01  1.30145213e+01
 -1.31083402e+00 -1.07890317e-01]",010,LW
748,0,0.1742256418313562,0,[ 2.32073475  0.28382234 -5.51515796 14.79921871 -1.23878702 -0.34400152],"[-4.11885059e-01  2.53356475e-02  5.89239018e+01  2.62698747e+01
 -9.41980815e-01  7.39977133e-01]",[-0.04762866  0.05731658 27.54973323  3.3121569  -1.30263913  0.12661409],[ 0.30749532  0.19185039 -8.19860623  4.52103305 -1.27862027 -0.24944411],"[-6.60076500e-02  5.43057892e-02  2.91149346e+01  3.92180841e+00
 -1.31010730e+00  1.08632779e-02]","[ 2.28754548e-01  5.30248040e-03  2.97665733e+02 -6.60923901e+01
 -1.31881484e+00  1.41067492e-01]","[-5.13302351e-01  1.12546185e-02 -1.38812099e+02 -6.92525765e+01
 -1.26404367e+00 -3.60602873e-01]","[ 1.41521183e-01  2.35204948e-02 -6.72096020e+01  1.15115824e+01
 -1.31766902e+00 -4.70184937e-02]",010,LW
749,0,0.103558120759934,0,[ 2.12552983  0.34495515 -4.56100202 11.69454586 -1.2787688  -0.24333507],"[-3.92660409e-01  3.83093652e-02  4.04047531e+01  1.78653469e+01
 -1.16211543e+00  4.87195094e-01]","[-1.04482283e-02  6.14447360e-02  2.57185329e+01  2.26871310e+00
 -1.30799553e+00  8.14896578e-02]",[ 0.17939642  0.22024026 -7.16259699  3.28494426 -1.30106336 -0.16630345],"[-3.20123114e-02  5.40684484e-02  2.92416955e+01  2.93609426e+00
 -1.31141344e+00 -2.28515776e-02]","[ 2.32125444e-01  5.62428585e-03  2.81065340e+02 -6.32424168e+01
 -1.33166294e+00  3.88080259e-02]","[-5.20777240e-01  1.34275000e-02 -1.17418356e+02 -5.91488075e+01
 -1.32522142e+00 -1.76080982e-01]","[ 1.26776650e-01  2.37852628e-02 -6.64723922e+01  1.04271472e+01
 -1.31975047e+00  1.27084214e-02]",010,LW
750,0,0.1001704076124808,0,[ 1.89536765  0.3947949  -3.99598043  9.57385205 -1.30121896 -0.16407865],[-0.3653787   0.05033205 31.11727194 13.36958833 -1.24704175  0.33356216],[ 0.02887728  0.06404769 24.68301139  1.28722175 -1.31050139  0.04246104],[ 0.03580732  0.24063671 -6.56512797  2.23507966 -1.31147137 -0.09970447],"[ 1.38710491e-03  5.25383085e-02  3.00850875e+01  1.95826883e+00
 -1.31072565e+00 -6.21884860e-02]","[ 2.35587414e-01  5.58971582e-03  2.82760674e+02 -6.46148559e+01
 -1.32930374e+00 -5.84118716e-02]","[-5.29298340e-01  1.44337922e-02 -1.09513354e+02 -5.59652365e+01
 -1.33887648e+00 -4.07463552e-02]","[ 1.12174125e-01  2.30956706e-02 -6.84258817e+01  9.67561340e+00
 -1.31684155e+00  7.55430518e-02]",010,LW
751,0,0.1001704076124808,0,[ 1.63858051  0.43001442 -3.67411115  8.02032691 -1.3144128  -0.09470585],[-0.33101814  0.06059893 25.97954242 10.59969985 -1.28727041  0.22664068],"[ 6.93821624e-02  6.51242835e-02  2.42784293e+01  3.15510073e-01
 -1.31109050e+00  7.10540151e-03]",[-0.11817333  0.25260182 -6.25824509  1.26044233 -1.31468612 -0.04492687],[ 0.03334695  0.04961427 31.83735664  0.93832114 -1.30680057 -0.1088441 ],"[ 2.38923351e-01  5.21036669e-03  3.02813790e+02 -7.03492855e+01
 -1.31287450e+00 -1.57043031e-01]","[-5.38143824e-01  1.43200375e-02 -1.10358533e+02 -5.73887632e+01
 -1.32999895e+00  7.00695202e-02]","[ 9.83136600e-02  2.14562646e-02 -7.35585919e+01  9.23181440e+00
 -1.30720889e+00  1.46249012e-01]",010,LW
752,0,0.1001704076124808,0,[ 1.36534855  0.44778346 -3.53065411  6.82057346 -1.32109331 -0.02854822],[-0.29093187  0.06847434 23.05138281  8.70638184 -1.30818581  0.14259867],[ 0.11011749  0.06472128 24.42838933 -0.6899929  -1.31005566 -0.02615458],"[-2.77467435e-01  2.56587710e-01 -6.16208302e+00  2.90222629e-01
 -1.31318063e+00 -5.82968170e-05]",[ 0.06298972  0.04527895 34.84121975 -0.19463878 -1.2975871  -0.16528608],"[ 2.41931110e-01  4.53265154e-03  3.46708654e+02 -8.18796093e+01
 -1.27953953e+00 -2.67361155e-01]","[-5.46661456e-01  1.32553010e-02 -1.18990527e+02 -6.30475344e+01
 -1.30772640e+00  1.69696231e-01]","[ 8.57743471e-02  1.89294910e-02 -8.31512802e+01  9.13224677e+00
 -1.28642298e+00  2.31686639e-01]",010,LW
753,0,0.1001704076124808,0,[ 1.08727116  0.44614166 -3.54342943  5.85266861 -1.32162619  0.03891336],[-0.24678888  0.07347647 21.50935141  7.3082687  -1.31836361  0.07043442],[ 0.15018073  0.06293156 25.11763882 -1.77218544 -1.30755589 -0.05834631],[-0.43752343  0.25382313 -6.2286255  -0.72516958 -1.30881757  0.03511158],"[ 8.94652016e-02  3.96269037e-02  3.97174287e+01 -1.55332777e+00
 -1.27934968e+00 -2.35376253e-01]","[ 2.44436490e-01  3.61966056e-03  4.30295314e+02 -1.03179876e+02
 -1.21365324e+00 -4.12645953e-01]","[-5.54306174e-01  1.14587814e-02 -1.37110186e+02 -7.40010228e+01
 -1.27361577e+00  2.73804858e-01]","[ 7.50768983e-02  1.56430170e-02 -1.00057815e+02  9.51203039e+00
 -1.24372086e+00  3.43648222e-01]",010,LW
754,0,0.1001537468412735,0,[ 0.81670811  0.42442012 -3.72141244  5.03930773 -1.31488224  0.11166668],"[-2.00478178e-01  7.53277989e-02  2.09892510e+01  6.20788681e+00
 -1.32116722e+00  4.40462827e-03]",[ 0.18873785  0.05988684 26.38447385 -2.97974896 -1.30374876 -0.0905662 ],[-0.59466277  0.2460334  -6.42460683 -1.82047449 -1.30362045  0.06065706],"[ 1.12022512e-01  3.28798955e-02  4.76597500e+01 -3.33896494e+00
 -1.24495181e+00 -3.25928299e-01]","[ 2.46294700e-01  2.53631932e-03  5.97431715e+02 -1.45144265e+02
 -1.04358336e+00 -6.48941236e-01]","[-5.60640429e-01  9.11878643e-03 -1.70797476e+02 -9.37559703e+01
 -1.21223263e+00  4.13399901e-01]","[ 6.66440589e-02  1.17976046e-02 -1.30963987e+02  1.07279717e+01
 -1.14991371e+00  5.05638498e-01]",010,LW
755,0,0.2082726425339356,0,[ 0.51214664  0.47106789 -3.32991764  3.70540612 -1.05448126 -0.25682536],[-0.13079328  0.1159924  13.00120221  3.70046987 -0.6404103   0.76033628],[ 0.24028779  0.08267852 18.45334815 -2.43411428 -0.73563282  0.64689993],[-0.83325435  0.39498793 -3.77523039 -1.14572713 -0.54219115 -0.84336092],"[ 1.26498605e-01  2.17190369e-02  6.46084298e+01 -6.17287622e+00
 -9.62667018e-01 -6.47943273e-01]","[ 2.44377396e-01  6.56981345e-03 -1.32874848e+02  3.44716094e+01
  3.01155434e-02 -1.34790002e+00]","[-5.60045092e-01  1.02102248e-02  3.37258632e+01  2.08880041e+01
 -9.93610168e-01  5.91519858e-01]","[ 6.47353488e-02  8.67607737e-03 -1.97487163e+01  3.27844004e+00
 -1.65507288e+00  3.51885560e-02]",010,LW
756,0,0.2666317074858087,0,[ 0.27089532  0.41300711 -3.70829655  3.00456018 -1.52135927  0.09766807],[-0.06708725  0.12212359 12.49681387  2.83837694 -1.69371877  0.1900642 ],[ 0.28486021  0.08309681 18.38068555 -3.23592599 -1.6748807   0.14131013],[-1.05343827  0.42750003 -3.55510707 -1.74508586 -1.71017467 -0.23762965],"[ 1.32320600e-01  1.27008387e-02  2.36740124e+01 -1.13255953e+00
 -1.34890882e+00 -3.05289766e-02]","[ 2.40493220e-01  1.05613076e-02 -1.30332332e+02  3.33440421e+01
 -1.46172648e+00 -5.71617880e-01]","[-5.55025741e-01  1.68791778e-02  7.55055119e+01  4.39075027e+01
 -1.27801305e+00  5.77265551e-01]","[ 6.66280670e-02  1.14401038e-02  1.00872120e+02 -4.72091440e+00
 -1.40909887e+00  3.48100438e-01]",010,LW
757,0,0.2965198458650891,0,[ 0.0947623   0.30732103 -4.40918626  2.41782463 -1.38878957  0.59507721],"[-1.04516493e-02  1.09753841e-01  1.33703119e+01  2.13974181e+00
 -1.67357765e+00 -4.49116362e-01]",[ 0.32166757  0.07105603 20.14397627 -4.47966395 -1.64583721 -0.49026429],[-1.25212094  0.39430536 -3.73732522 -2.67958318 -1.70489973  0.42176053],"[ 1.29513366e-01  1.76117255e-02 -7.31689873e+01  1.14763618e+01
 -8.66328702e-01 -6.08435785e-01]","[ 2.34515059e-01  1.38550733e-02 -1.10769907e+02  2.79772113e+01
 -1.54809612e+00 -5.55708102e-02]","[-5.45397105e-01  2.39358664e-02  6.36529321e+01  3.67161249e+01
 -1.46722037e+00  1.59607463e-01]","[ 7.18764337e-02  1.52799359e-02  9.84092908e+01 -5.07330887e+00
 -1.58415132e+00 -3.58877933e-02]",010,LW
758,0,0.2798226981827372,0,[-0.01909957  0.18562778 -4.44034993  1.91519123 -0.02645914  1.29877454],[ 0.03864455  0.08195082 15.89899481  1.38559053  0.08390662 -1.37735619],[ 0.35006096  0.04932436 22.86902133 -6.00555151  0.233489   -1.48764665],[-1.42616368  0.30040418 -4.36222606 -4.22124838  0.06002791  1.36366645],"[ 1.18356653e-01  2.78366238e-02 -5.61653533e+01  8.64754324e+00
 -1.25240735e+00 -3.54709180e-01]","[ 2.26368672e-01  1.56164631e-02 -1.00256140e+02  2.46948493e+01
 -1.01303052e+00  2.76069422e-01]","[-5.31174927e-01  2.83987499e-02  5.54001806e+01  3.14271869e+01
 -1.09962289e+00 -1.75387891e-01]","[ 7.98822228e-02  1.65777039e-02  9.30003159e+01 -5.42907195e+00
 -8.65360893e-01 -5.50205819e-01]",010,LW
759,0,0.248234270201652,0,[-0.07745093  0.06645418 23.64385484  3.83123865 -1.35371991  0.23934509],"[ 8.02844654e-02  1.95523094e-02  8.03679559e+01 -4.45229837e+00
 -1.22065164e+00 -2.79675997e-01]","[ 3.69506457e-01  6.42091704e-03 -1.42105078e+02  5.45087440e+01
 -6.17734003e-01 -8.28862676e-01]","[ -1.57215564   0.06646568 -22.57325576 -33.48867146  -0.98879403
   0.70404915]","[ 9.93877059e-02  3.38570933e-02 -4.65074531e+01  6.62226907e+00
 -1.28566711e+00 -2.22783399e-01]","[ 2.16046683e-01  1.42668713e-02 -1.10522978e+02  2.58781229e+01
 -1.28968095e+00 -1.82818309e-01]","[-5.12610618e-01  2.67452050e-02  5.90289583e+01  3.22588708e+01
 -1.31166621e+00  1.33442031e-01]","[ 8.99393423e-02  1.22269731e-02  1.29284522e+02 -9.62776485e+00
 -1.32427631e+00 -4.70675247e-02]",010,LW
760,0,0.2016296178539746,0,"[-3.61325930e-02  7.25825272e-02  2.17769776e+01  2.78685867e+00
 -1.35929534e+00  6.42128507e-03]","[ 9.18085116e-02  1.63400443e-02  9.63369909e+01 -6.84455575e+00
 -1.24149522e+00 -2.36560196e-01]","[ 3.64316021e-01  1.36998790e-02 -1.06385978e+02  4.07581164e+01
 -8.08566527e-01 -8.44552916e-01]","[-1.59930732e+00  3.47057516e-02 -3.36659805e+01 -5.18422489e+01
 -4.86478183e-01  9.52129707e-01]","[ 7.69706221e-02  3.82184614e-02 -4.12986952e+01  5.17878626e+00
 -1.30693661e+00 -1.44332457e-01]","[ 2.06628936e-01  1.58329607e-02 -9.97233645e+01  2.26057327e+01
 -1.30202747e+00 -1.30832880e-01]","[-4.95482834e-01  2.84415007e-02  5.55760846e+01  2.95369959e+01
 -1.32343236e+00  5.41907599e-02]","[ 9.73132932e-02  1.15442501e-02  1.36771148e+02 -1.13096508e+01
 -1.31369048e+00 -1.27904569e-01]",010,LW
761,0,0.1623398823223935,0,"[ 7.49323087e-03  7.02018887e-02  2.24884905e+01  1.83148855e+00
 -1.31865080e+00 -1.31664145e-01]","[ 1.01484550e-01  1.39740764e-02  1.12741189e+02 -9.44148891e+00
 -1.26031177e+00 -2.12689386e-01]","[ 3.53450749e-01  2.23129784e-02 -6.87756319e+01  2.63087986e+01
 -1.08708915e+00 -5.73909093e-01]","[-1.60175753e+00  2.97628631e-02  2.76315840e+01  4.62590978e+01
 -7.13049937e-01  7.76288459e-01]","[  0.05230871   0.04106185 -38.48776207   4.01324519  -1.31821981
  -0.07321194]","[ 1.96362104e-01  1.69899202e-02 -9.30109789e+01  2.02638315e+01
 -1.31010933e+00 -8.19103627e-02]","[-4.77763508e-01  2.86983945e-02  5.50884809e+01  2.83192659e+01
 -1.32662320e+00 -2.56656742e-02]","[ 1.04085939e-01  1.03011617e-02  1.52879439e+02 -1.39126000e+01
 -1.29225276e+00 -2.17522934e-01]",010,LW
762,0,0.1623398823223935,0,[ 0.0491725   0.06337691 24.86993128  0.77708322 -1.27571799 -0.19754821],"[ 1.09684611e-01  1.19817415e-02  1.31387893e+02 -1.24112300e+01
 -1.27075142e+00 -2.31268215e-01]","[ 3.36879211e-01  3.12023218e-02 -4.99131180e+01  1.88146918e+01
 -1.18896957e+00 -4.21437563e-01]",[-1.57756839  0.06516386 22.1225999  36.89991437 -0.75597586  0.88228038],"[ 2.63902154e-02  4.21964985e-02 -3.74692671e+01  2.98882203e+00
 -1.32044895e+00 -8.18468849e-03]","[ 1.85527212e-01  1.76577208e-02 -8.95333084e+01  1.86108651e+01
 -1.31444679e+00 -3.45013621e-02]","[-4.60385963e-01  2.74162204e-02  5.76074511e+01  2.85216618e+01
 -1.31989603e+00 -1.12160968e-01]","[ 1.09935367e-01  8.60379863e-03  1.82096487e+02 -1.80188442e+01
 -1.25089778e+00 -3.27474115e-01]",010,LW
763,0,0.1623398823223935,0,[ 0.0872945   0.05619521 28.06624665 -0.45002907 -1.25007185 -0.17714929],"[ 1.16496289e-01  9.92227666e-03  1.57956432e+02 -1.64013381e+01
 -1.25870192e+00 -3.19243132e-01]","[  0.31463866   0.04007013 -39.11499245  14.30708898  -1.23760049
  -0.32481656]",[-1.52549553  0.10824819 14.13925543 23.56937095 -1.07412322  0.59374593],"[ 2.27750897e-04  4.16762832e-02 -3.79304249e+01  2.00863869e+00
 -1.31503576e+00  4.84630784e-02]","[ 1.74442771e-01  1.77899125e-02 -8.88755420e+01  1.75036958e+01
 -1.31510976e+00  1.20913787e-02]","[-4.44297557e-01  2.46353693e-02  6.39347338e+01  3.04060460e+01
 -1.29847046e+00 -2.12317724e-01]","[ 1.14616920e-01  6.59134788e-03  2.35092584e+02 -2.49455879e+01
 -1.16713261e+00 -4.76645533e-01]",010,LW
764,0,0.2228105330993657,0,[ 0.12260176  0.05220664 30.27205938 -1.71140787 -1.241505   -0.05050013],"[ 1.21739640e-01  7.44043448e-03  2.06681517e+02 -2.31613335e+01
 -1.16071973e+00 -5.29364373e-01]","[  0.28687287   0.04865282 -32.32491368  11.27314083  -1.26507109
  -0.25538519]",[-1.44517449  0.15229289 10.22346366 16.7746889  -1.19262258  0.42339632],"[-2.52771060e-02  3.98139960e-02 -3.96849360e+01  9.96879667e-01
 -1.30497746e+00  9.31444703e-02]","[ 1.63441380e-01  1.73832675e-02 -9.09310613e+01  1.68618982e+01
 -1.31216238e+00  5.80232030e-02]","[-4.30367622e-01  2.05597554e-02  7.61538370e+01  3.47741457e+01
 -1.25126777e+00 -3.36903347e-01]","[ 1.17979538e-01  4.44055087e-03  3.39056887e+02 -3.80017749e+01
 -9.75216337e-01 -7.03077914e-01]",010,LW
765,0,0.2835819656134903,0,[ 0.15760017  0.05397656 29.24089241 -2.60836967 -1.22433562  0.13979338],"[ 1.25007069e-01  4.45263735e-03  3.02849134e+02 -3.58582826e+01
 -6.98245294e-01 -8.86977726e-01]","[  0.25385346   0.05669498 -27.79603922   9.05612079  -1.28134031
  -0.20190771]",[-1.33715679  0.19500855  8.04096044 12.75202489 -1.24516078  0.31555904],"[-4.94538667e-02  3.71021796e-02 -4.25644704e+01 -1.04977649e-01
 -1.29407685e+00  1.22539565e-01]","[ 1.52844100e-01  1.64793420e-02 -9.58621511e+01  1.66519642e+01
 -1.30584635e+00  1.03439270e-01]","[-4.19293605e-01  1.55578897e-02  9.92934042e+01  4.36330894e+01
 -1.15018141e+00 -5.06910614e-01]","[ 1.19977612e-01  2.39149672e-03  5.56454836e+02 -6.47621223e+01
 -4.92175887e-01 -1.03204020e+00]",010,LW
766,0,0.2835819656134903,0,[ 0.19577541  0.0624818  25.14503289 -2.92277917 -1.20236335  0.2839753 ],"[ 1.25729255e-01  3.09047803e-03 -1.16163330e+02  1.66051290e+01
 -1.39955029e+00 -4.28795217e-01]","[  0.21597125   0.06400534 -24.65201867   7.32412719  -1.29062539
  -0.16002851]",[-1.20276758  0.2350817   6.69354443 10.05077826 -1.27061464  0.24240131],"[-7.19338441e-02  3.40843686e-02 -4.63224606e+01 -1.33215266e+00
 -1.28552300e+00  1.34290313e-01]","[ 1.42936874e-01  1.51559018e-02 -1.04136041e+02  1.68848803e+01
 -1.29639116e+00  1.49012628e-01]","[-4.11521338e-01  1.01496126e-02  1.46479872e+02  6.22795929e+01
 -9.08197022e-01 -7.66370426e-01]","[ 1.20673511e-01  1.12615710e-03 -1.22468541e+01  3.47787089e+00
 -1.71844088e+00 -2.43003064e-01]",010,LW
767,0,0.2835819656134903,0,[ 0.24072138  0.07690969 20.37806118 -2.90543497 -1.20662086  0.33162014],"[ 1.23273135e-01  7.28149577e-03 -1.87827074e+02  2.51540323e+01
 -5.24939895e-01 -1.02377831e+00]","[  0.17369928   0.07049671 -22.39910029   5.89070769  -1.29558281
  -0.12761172]",[-1.04383419  0.27192629  5.79731855  8.0514393  -1.28324118  0.19131725],"[-9.26570486e-02  3.12430875e-02 -5.05428799e+01 -2.68315408e+00
 -1.28094017e+00  1.27101482e-01]","[ 1.33952971e-01  1.35117845e-02 -1.16652201e+02  1.76259089e+01
 -1.28359535e+00  1.96292755e-01]","[-4.07192539e-01  5.10795036e-03  2.37800376e+02  9.88305388e+01
 -3.75018718e-01 -1.06097694e+00]","[ 1.20228243e-01  1.90597703e-03 -7.35171843e+02  9.03884190e+01
 -8.01912876e-01 -8.44987461e-01]",010,LW
768,0,0.2835819656134903,0,[ 0.29527253  0.09507573 16.50272615 -2.87280177 -1.23670614  0.30718657],"[ 1.17070528e-01  1.34273342e-02 -1.12141011e+02  1.51284073e+01
 -9.58318432e-01 -7.10965137e-01]","[  0.12754713   0.07617116 -20.74013374   4.64534454  -1.29829612
  -0.10262621]",[-0.86241498  0.3054781   5.16593828  6.45518255 -1.28996058  0.15485506],"[-1.11828352e-01  2.89463014e-02 -5.45788730e+01 -4.10346541e+00
 -1.28004129e+00  1.00864917e-01]","[ 1.26063914e-01  1.16512900e-02 -1.35024073e+02  1.90216632e+01
 -1.26637569e+00  2.47993579e-01]","[-4.06127705e-01  3.01012816e-03 -1.97794836e+02 -7.83299628e+01
 -1.26245625e+00 -4.15632753e-01]","[ 1.18882095e-01  2.97659251e-03 -5.20568598e+02  6.38862854e+01
 -1.24334971e+00 -4.44355131e-01]",010,LW
769,0,0.2823017943941672,0,[ 0.36073223  0.11384732 13.82051416 -2.98550485 -1.27568748  0.24289631],"[ 1.06765946e-01  2.01361808e-02 -7.68107140e+01  1.02007686e+01
 -1.14723662e+00 -4.99011190e-01]","[  0.07803583   0.08105114 -19.49729733   3.5214878   -1.30040109
  -0.08230789]",[-0.66068102  0.3357573   4.70308065  5.10723612 -1.29474759  0.12679986],"[-1.29851730e-01  2.74483295e-02 -5.75880351e+01 -5.47790600e+00
 -1.28086667e+00  5.73478802e-02]","[ 1.19379399e-01  9.67186108e-03 -1.62197426e+02  2.13630312e+01
 -1.24205824e+00  3.08844116e-01]","[-4.07849428e-01  5.57384717e-03 -2.63396553e+02 -1.05426134e+02
 -9.84484132e-01 -7.33161392e-01]","[ 1.16930377e-01  3.64243045e-03 -4.32744230e+02  5.26009461e+01
 -1.35067415e+00 -1.71941248e-01]",010,LW
770,0,0.2823017943941672,0,[ 0.43630331  0.12949526 12.18462137 -3.3161906  -1.31137765  0.15573117],"[ 9.23610523e-02  2.65967841e-02 -5.88417420e+01  7.43468521e+00
 -1.24436904e+00 -3.45430446e-01]","[  0.02571421   0.08508832 -18.57633634   2.47767579  -1.30292778
  -0.06318937]",[-0.44103644  0.36233229  4.36016914  3.92299349 -1.29965964  0.10131892],"[-1.47264467e-01  2.69119299e-02 -5.87504967e+01 -6.65186058e+00
 -1.28097637e+00  1.70172071e-03]","[ 1.13955018e-01  7.65518336e-03 -2.03949510e+02  2.52410700e+01
 -1.20405880e+00  3.88222074e-01]","[-4.11647482e-01  7.96986133e-03 -1.96087012e+02 -7.87187247e+01
 -1.31249674e+00 -3.35597407e-01]","[ 1.14699210e-01  3.80825381e-03 -4.14969593e+02  4.95966845e+01
 -1.36641740e+00  3.63323460e-02]",010,LW
771,0,0.2823017943941672,0,[ 0.51880264  0.13812659 11.44317872 -3.93675132 -1.33698086  0.04937842],"[ 7.43255314e-02  3.19489043e-02 -4.92889593e+01  5.66342809e+00
 -1.30076997e+00 -2.16925230e-01]","[ -0.02878643   0.08809803 -17.94489612   1.48343057  -1.30608977
  -0.04181315]",[-0.20644395  0.38396775  4.11607136  2.84973805 -1.30510869  0.07365186],"[-1.64676776e-01  2.74178215e-02 -5.76523520e+01 -7.49400346e+00
 -1.27939170e+00 -5.64084489e-02]","[ 1.09805604e-01  5.66184000e-03 -2.73053526e+02  3.19828074e+01
 -1.13304847e+00  5.07124614e-01]","[-4.16681692e-01  9.11401323e-03 -1.73316328e+02 -7.02177406e+01
 -1.37273172e+00 -7.00979214e-02]","[ 1.12523847e-01  3.46666417e-03 -4.53249365e+02  5.30013622e+01
 -1.32715287e+00  2.52858791e-01]",010,LW
772,1,0.922728499549077,1,[ 0.60267651  0.13618237 11.60081998 -4.99154172 -1.3451744  -0.08405226],"[ 5.36477167e-02  3.53294045e-02 -4.47138300e+01  4.39879488e+00
 -1.33311453e+00 -9.54293991e-02]","[-8.46816007e-02  8.97560802e-02 -1.76154711e+01  5.08293713e-01
 -1.30931993e+00 -1.55646559e-02]",[ 0.03918085  0.39867188  3.96543618  1.84463086 -1.31030738  0.04087009],"[-1.82711343e-01  2.89480833e-02 -5.45718775e+01 -7.97090104e+00
 -1.27775223e+00 -1.04842522e-01]","[ 1.06921411e-01  3.73631737e-03 -4.02287466e+02  4.50131433e+01
 -9.59492589e-01  7.14591346e-01]","[-4.22113493e-01  8.98263462e-03 -1.75710874e+02 -7.21699309e+01
 -1.34707801e+00  1.29810783e-01]","[ 1.10729202e-01  2.66092434e-03 -5.75027713e+02  6.56723596e+01
 -1.16170808e+00  5.53879046e-01]",010,LW
773,1,0.922728499549077,1,[ 0.68029814  0.1209776  12.9791887  -6.8297179  -1.31438052 -0.26992527],"[ 3.18109447e-02  3.59904980e-02 -4.39197095e+01  3.39712745e+00
 -1.34514083e+00  3.33741034e-02]","[-1.40975277e-01  8.96589073e-02 -1.76344121e+01 -4.86016142e-01
 -1.31161619e+00  1.71240250e-02]","[ 2.90679358e-01  4.04118165e-01  3.91249792e+00  8.62717618e-01
 -1.31396209e+00  1.71063437e-03]","[-2.01935618e-01  3.13578997e-02 -5.03504855e+01 -8.16755643e+00
 -1.27896573e+00 -1.34146334e-01]","[ 1.05283652e-01  1.96908516e-03 -6.54512167e+02  7.09094312e+01
 -4.75138401e-01  1.02017526e+00]","[-4.27250983e-01  7.88368728e-03 -1.99087565e+02 -8.30603578e+01
 -1.27579613e+00  2.91619419e-01]","[ 1.09610296e-01  1.55256701e-03 -8.23330966e+02  9.22455508e+01
 -6.07522251e-01  9.14737100e-01]",010,LW
774,1,0.922728499549077,1,"[  0.74253872   0.09154405  16.67088621 -10.37877857  -1.15030692
  -0.56939478]","[ 1.06933928e-02  3.34274941e-02 -4.71428748e+01  2.50411728e+00
 -1.32930121e+00  1.88205782e-01]","[ -0.19643848   0.08741659 -18.08227678  -1.5520549   -1.31179526
   0.05733083]",[ 0.54160095  0.39821451  3.96984449 -0.15007153 -1.31475123 -0.04443031],"[-2.22787257e-01  3.43650258e-02 -4.59371097e+01 -8.23420267e+00
 -1.28441779e+00 -1.41228127e-01]","[ 1.04875629e-01  1.17985688e-03  3.64726875e+02 -3.62509605e+01
 -1.39720794e+00  4.08173722e-01]","[-4.31684176e-01  6.34190222e-03 -2.46150177e+02 -1.04259136e+02
 -1.18696715e+00  3.94514734e-01]","[ 1.09410899e-01  1.16462332e-03  4.85604862e+02 -5.11304644e+01
 -1.11984873e+00  5.55978233e-01]",010,LW
775,1,0.922728499549077,1,"[  0.779598     0.05239718  23.19550696 -16.08317081  -0.6002975
  -0.88120571]","[-7.60045080e-03  2.75085708e-02 -5.65855165e+01  1.56992457e+00
 -1.24980443e+00  4.04489011e-01]","[ -0.24964091   0.08274485 -19.09057328  -2.76578812  -1.3083132
   0.10643228]",[ 0.78444858  0.3795841   4.16202995 -1.26489847 -1.311216   -0.09865756],"[-2.45502851e-01  3.75732344e-02 -4.20257134e+01 -8.31743247e+00
 -1.29300654e+00 -1.28577770e-01]","[ 1.05686618e-01  2.51346267e-03  5.61045971e+02 -5.72950514e+01
 -6.84764382e-01  9.27297517e-01]","[-4.35380482e-01  5.01539087e-03 -3.12559552e+02 -1.34082328e+02
 -1.14325689e+00  3.26695751e-01]","[ 1.10301460e-01  2.58218181e-03  5.46016190e+02 -5.82263832e+01
 -6.78578643e-01  9.33151253e-01]",010,LW
776,1,0.8361541587075892,1,"[  0.78202978   0.04754713 -15.91711008  14.44765407  -0.75364519
  -0.76512298]","[-2.09547901e-02  1.86954924e-02 -7.88892763e+01  3.46891771e-01
 -9.54553133e-01  7.49243523e-01]","[ -0.2990365    0.07553879 -20.88324067  -4.2448512   -1.29873197
   0.16678001]",[ 1.01118261  0.3478638   4.5351666  -2.58588161 -1.30106353 -0.16349027],"[ -0.2700625    0.04052094 -38.98801063  -8.52919943  -1.30254385
  -0.10085476]","[ 1.07708118e-01  4.30792895e-03  3.54130725e+02 -3.61427540e+01
 -1.05478027e+00  6.17685136e-01]","[-4.38711615e-01  4.65811611e-03 -3.38436518e+02 -1.46476031e+02
 -1.12453215e+00 -9.30199610e-02]","[ 1.12360186e-01  4.38828607e-03  3.47832039e+02 -3.70824727e+01
 -1.07256436e+00  6.07876810e-01]",010,LW
777,1,0.8361541587075892,1,"[  0.74184216   0.10843192 -13.10990687  11.72548167  -0.68202681
  -0.9311803 ]","[-2.74699244e-02  9.58625557e-03 -8.49023239e+01 -3.32260420e-01
 -8.72742858e-01  6.42789024e-01]","[ -0.34308853   0.06592407 -23.86671058  -6.18839469  -1.2787421
   0.24262662]",[ 1.21388935  0.30385408  5.17777129 -4.28524141 -1.27982529 -0.24383831],"[ -0.29615933   0.04273452 -36.98703513  -8.95405555  -1.31117057
  -0.06185841]","[ 1.10925001e-01  6.14542637e-03  2.53071033e+02 -2.60719047e+01
 -1.18342224e+00  4.37743362e-01]","[-4.42397162e-01  5.92992996e-03 -2.60785509e+02 -1.13370769e+02
 -9.94436984e-01 -5.31033272e-01]","[ 1.15561851e-01  6.12653943e-03  2.54501549e+02 -2.74106700e+01
 -1.22162612e+00  3.98449114e-01]",010,LW
778,1,0.8361541587075892,1,[ 0.65351848  0.18580192 -8.19791536  7.35748916 -1.04181097 -0.63072481],"[-2.56655821e-02  1.32166969e-02  8.66620610e+01  4.22423224e+00
 -3.91856874e-01  1.02082937e+00]","[ -0.3804136    0.05428007 -28.84092528  -8.97148007  -1.23957322
   0.34230107]",[ 1.38550747  0.24956828  6.26997364 -6.68709532 -1.23777641 -0.34915997],"[-3.23199646e-01  4.37732762e-02 -3.61196119e+01 -9.67384579e+00
 -1.31743216e+00 -1.32083775e-02]","[ 1.15306126e-01  7.94008374e-03  1.97359236e+02 -2.07567289e+01
 -1.23923281e+00  3.27374717e-01]","[-4.47374275e-01  8.96964213e-03 -1.70533047e+02 -7.42920984e+01
 -9.76270087e-01 -6.31849412e-01]","[ 1.19777634e-01  7.59492248e-03  2.07032415e+02 -2.27978527e+01
 -1.28680603e+00  2.54064051e-01]",010,LW
779,1,0.2657562216323011,1,[ 0.51479643  0.26578142 -5.84926049  5.0111784  -1.18664153 -0.44065331],"[-1.46304403e-02  2.67285580e-02  5.54207940e+01  2.81083062e+00
 -8.94805303e-01  7.79228668e-01]","[ -0.40992115   0.04122908 -37.56432732 -13.39841211  -1.15942336
   0.48377754]","[  1.52051123   0.18819222   8.21691117 -10.49390571  -1.15012196
  -0.49932501]","[ -0.35033616   0.04327074 -36.53299489 -10.79882911  -1.31952404
   0.04556773]","[ 1.20798473e-01  9.63861789e-03  1.63188001e+02 -1.77128613e+01
 -1.26757802e+00  2.51957631e-01]","[-4.54623600e-01  1.35530205e-02 -1.13456109e+02 -4.95798248e+01
 -1.05660218e+00 -5.72549479e-01]","[ 1.24786809e-01  8.64910704e-03  1.82489521e+02 -2.07722850e+01
 -1.31726811e+00  1.41437268e-01]",010,LW
780,1,0.2722781364339325,1,[ 0.32707402  0.34106326 -4.5981087   3.5039219  -1.25488995 -0.31108724],"[ 5.90007555e-03  4.13474631e-02  3.73362386e+01  1.77971337e+00
 -1.14348952e+00  5.14129275e-01]","[-4.30923796e-01  2.76180887e-02 -5.44663182e+01 -2.14708326e+01
 -9.70135227e-01  7.07833703e-01]","[  1.61545138   0.12407501  12.05414787 -17.47288984  -0.93850931
  -0.73817188]","[ -0.3765333    0.04098243 -38.53573326 -12.50998697  -1.31453407
   0.1166961 ]","[ 1.27326333e-01  1.12010612e-02  1.40715009e+02 -1.59167261e+01
 -1.28315098e+00  1.96768234e-01]","[-4.64989620e-01  1.92769151e-02 -8.04740348e+01 -3.54195908e+01
 -1.14515249e+00 -4.74277550e-01]","[ 1.30298663e-01  9.19363242e-03  1.71939964e+02 -2.04035474e+01
 -1.32922109e+00  4.41986100e-02]",010,LW
781,1,0.2823953110138464,1,[ 0.09538956  0.40566313 -3.88286823  2.37038509 -1.2906433  -0.21306134],[ 0.03553913  0.05510718 28.39161738  0.99098669 -1.24025109  0.35023062],"[-4.43197999e-01  1.47323572e-02 -8.89892858e+01 -3.74398734e+01
 -4.78327366e-01  1.03142132e+00]","[  1.66926746   0.06410777  19.64152869 -30.78696475  -0.42020644
  -1.04746315]","[-4.00657075e-01  3.68322876e-02 -4.27752277e+01 -1.51381976e+01
 -1.29752871e+00  2.05052971e-01]","[ 1.34794573e-01  1.26000200e-02  1.25244362e+02 -1.48822603e+01
 -1.29216340e+00  1.54513077e-01]","[-4.79031766e-01  2.55797214e-02 -6.10877088e+01 -2.72629530e+01
 -1.21356040e+00 -3.74827787e-01]","[ 1.35981154e-01  9.18591361e-03  1.72081108e+02 -2.13997877e+01
 -1.32832787e+00 -4.72864396e-02]",010,LW
782,1,0.290341035186582,1,[-0.17198466  0.45475764 -3.47172709  1.40291621 -1.30986911 -0.13246153],[ 0.07330289  0.06694593 23.50667323  0.276893   -1.28469831  0.23705063],"[-4.46988509e-01  7.62115802e-03  2.84726295e+01  1.47269382e+01
 -1.66024658e+00  2.67558334e-01]","[  1.68333737   0.03676011 -12.8064961   23.55765345  -1.39921047
  -0.37616061]","[-4.21575931e-01  3.09351385e-02 -5.06567100e+01 -1.93556497e+01
 -1.25794704e+00  3.21946734e-01]","[ 1.43093278e-01  1.38173113e-02  1.14296997e+02 -1.43551319e+01
 -1.29775923e+00  1.20703707e-01]","[-4.96931446e-01  3.18150449e-02 -4.93656094e+01 -2.25313236e+01
 -1.26079718e+00 -2.83713123e-01]","[ 1.41491951e-01  8.63638182e-03  1.82763071e+02 -2.38595036e+01
 -1.31551029e+00 -1.40977383e-01]",010,LW
783,1,0.3009158700148103,1,[-0.46424283  0.48489473 -3.25964159  0.48673478 -1.319165   -0.06155697],[ 0.11770669  0.07610315 20.73685643 -0.44086681 -1.30687218  0.15006989],"[-4.42964795e-01  1.44460498e-02  9.76028828e+01  4.52346409e+01
 -7.59564010e-01  8.77707715e-01]","[  1.66130487   0.07165451 -20.09153731  35.37816872  -0.84283977
  -0.8275789 ]","[-4.38258862e-01  2.35917606e-02 -6.55387197e+01 -2.67229247e+01
 -1.16418713e+00  4.94742378e-01]","[ 1.52100766e-01  1.48373906e-02  1.06491497e+02 -1.41974383e+01
 -1.30164935e+00  9.20243285e-02]","[-5.18460817e-01  3.73378019e-02 -4.22041858e+01 -1.98812166e+01
 -1.29188539e+00 -2.01278152e-01]","[ 1.46508142e-01  7.60260682e-03  2.06894718e+02 -2.83117608e+01
 -1.28698396e+00 -2.46783008e-01]",010,LW
784,1,0.3106939548787159,1,[-0.76894589  0.49419543 -3.19928744 -0.46007893 -1.32130999  0.00440734],[ 0.16689177  0.08206405 19.25691292 -1.21382024 -1.31733504  0.07739325],"[-4.32144941e-01  2.34217769e-02  6.57614970e+01  3.04184982e+01
 -1.16238658e+00  5.20593270e-01]","[  1.60875677   0.11146289 -13.88594626  24.33911011  -1.20322322
  -0.47095844]","[-4.49858909e-01  1.53242687e-02 -9.62768565e+01 -4.13110017e+01
 -8.97031792e-01  7.82855388e-01]","[ 1.61683737e-01  1.56413968e-02  1.01051099e+02 -1.43383194e+01
 -1.30465349e+00  6.58709252e-02]","[ -0.54300408   0.04157092 -37.98431386 -18.62563743  -1.31131459
  -0.12503991]","[ 1.50751988e-01  6.18016990e-03  2.52617728e+02 -3.60826249e+01
 -1.22908793e+00 -3.81213155e-01]",010,LW
785,1,0.3213850502408806,1,[-1.0730302   0.48247164 -3.27577721 -1.51500786 -1.31728079  0.06878119],"[ 2.18772203e-01  8.45702212e-02  1.86952353e+01 -2.08999782e+00
 -1.32026507e+00  1.27714527e-02]","[-4.15802263e-01  3.07709773e-02  5.09693564e+01  2.31931738e+01
 -1.27813733e+00  3.02525176e-01]","[  1.532794     0.1412953  -11.12736597  19.05595975  -1.3064317
  -0.24947965]","[-4.55773886e-01  7.53102100e-03 -1.33163993e+02 -5.86926704e+01
 -5.39877882e-01  8.80255797e-01]","[ 1.71695988e-01  1.62057258e-02  9.75533327e+01 -1.47495159e+01
 -1.30692329e+00  4.04307355e-02]","[ -0.56961864   0.04405585 -35.87974066 -18.43776918  -1.32173812
  -0.05190556]","[ 1.54010954e-01  4.49626553e-03  3.40829931e+02 -5.04915427e+01
 -1.09847489e+00 -5.77111845e-01]",010,LW
786,1,0.5225426874475703,1,[-1.36381885  0.45117789 -3.49915678 -2.77221599 -1.3069983   0.1346157 ],[ 0.27118738  0.08362498 18.90339201 -3.12636134 -1.31758461 -0.04764096],"[-3.95367474e-01  3.59113773e-02  4.39254989e+01  1.93667135e+01
 -1.31564878e+00  1.63660917e-01]",[ 1.44150896  0.15831271 -9.97798229 16.38335092 -1.33743094 -0.09577565],"[-4.55684616e-01  7.71260137e-03  1.33659658e+02  6.29066499e+01
 -5.07277684e-01  9.07120452e-01]","[ 1.81978418e-01  1.65069297e-02  9.57840809e+01 -1.54306355e+01
 -1.30820314e+00  1.48892575e-02]","[-5.97124804e-01  4.44932824e-02 -3.55333789e+01 -1.92178619e+01
 -1.32419362e+00  2.12711633e-02]","[ 1.56151560e-01  2.72159349e-03  5.26303717e+02 -8.01831466e+01
 -7.45710515e-01 -8.90768744e-01]",010,LW
787,1,0.5225426874475703,1,[-1.62993119  0.403158   -3.90811747 -4.36996254 -1.2891526   0.20578474],[ 0.322045    0.07946466 19.87817802 -4.40166786 -1.31010177 -0.10720856],"[-3.72336869e-01  3.87148963e-02  4.08245801e+01  1.72004963e+01
 -1.32671187e+00  6.17842235e-02]",[ 1.34338136  0.16192062 -9.76281965 15.11518998 -1.33888538  0.02990279],"[-4.49577384e-01  1.56410026e-02  9.44627260e+01  4.44683053e+01
 -9.02801911e-01  7.78010814e-01]","[ 1.92362645e-01  1.65310755e-02  9.56450306e+01 -1.63985310e+01
 -1.30817841e+00 -1.05876216e-02]","[ -0.62421365   0.04277125 -36.93603641 -21.05597807  -1.31836426
   0.09808543]","[ 1.57127598e-01  1.24843247e-03  5.78945261e+02 -8.89682785e+01
 -8.74243479e-01 -6.82097818e-01]",010,LW
788,1,0.5225426874475703,1,[-1.86201532  0.34225341 -4.58780963 -6.54257181 -1.25993617  0.28832156],[ 0.36944226  0.07249675 21.75765086 -6.03819581 -1.29733059 -0.17003415],"[-3.48191719e-01  3.92427178e-02  4.02870787e+01  1.60276272e+01
 -1.32593304e+00 -2.29097712e-02]","[  1.2466194    0.15296846 -10.31644286  14.86067785  -1.32078379
   0.14716392]","[-4.37751346e-01  2.39984416e-02  6.44458907e+01  3.02112754e+01
 -1.16663920e+00  4.91768834e-01]","[ 2.02678586e-01  1.62819349e-02  9.70998290e+01 -1.76800560e+01
 -1.30680830e+00 -3.52637392e-02]","[-6.49563279e-01  3.89730825e-02 -4.04543163e+01 -2.42776384e+01
 -1.30205331e+00  1.83695779e-01]","[ 1.56982329e-01  1.53735992e-03 -7.90365434e+02  1.26073407e+02
 -5.38633147e-01 -9.32717953e-01]",010,LW
789,1,0.5225426874475703,1,[-2.05325726  0.27290731 -5.71806845 -9.74066556 -1.20981578  0.39268153],[ 0.41175285  0.06322911 24.88514358 -8.24652868 -1.27667545 -0.2420476 ],"[-3.24328623e-01  3.76745478e-02  4.19301166e+01  1.55991370e+01
 -1.31736281e+00 -1.02156900e-01]","[  1.15850523   0.13349488 -11.76952285  15.63505374  -1.28171335
   0.27089019]","[-4.20801807e-01  3.14061968e-02  4.99044807e+01  2.29998957e+01
 -1.25949430e+00  3.19154457e-01]","[ 2.12763636e-01  1.57818748e-02  1.00159046e+02 -1.93102027e+01
 -1.30446533e+00 -5.85880105e-02]","[-6.71951323e-01  3.33611969e-02 -4.70635497e+01 -2.96244145e+01
 -1.26899681e+00  2.87047012e-01]","[ 1.55842922e-01  2.77277533e-03 -5.46892857e+02  8.72293811e+01
 -1.09077388e+00 -6.22879992e-01]",010,LW
790,1,0.5225426874475703,1,"[ -2.19964391   0.19987627  -7.70800332 -14.9548626   -1.11379576
   0.53931063]","[  0.44767374   0.05221575  29.9987374  -11.42964685  -1.24120609
  -0.3331848 ]","[-3.02002762e-01  3.42699382e-02  4.60043126e+01  1.58934295e+01
 -1.30010869e+00 -1.85435929e-01]","[  1.08485781   0.10634829 -14.63665373  17.87868812  -1.20709977
   0.42127918]","[-3.99569318e-01  3.73564510e-02  4.21771259e+01  1.88526854e+01
 -1.29702051e+00  2.03839960e-01]","[ 2.22469348e-01  1.50631017e-02  1.04912044e+02 -2.13397141e+01
 -1.30174564e+00 -8.10651804e-02]","[-6.90346368e-01  2.63394453e-02 -5.90772897e+01 -3.87837924e+01
 -1.20155980e+00  4.26442213e-01]","[ 1.53905605e-01  3.80079112e-03 -4.11792620e+02  6.53771921e+01
 -1.28284244e+00 -3.30521150e-01]",010,LW
791,1,0.5225426874475703,1,"[ -2.29998761   0.1281883  -11.60828509 -24.69891189  -0.89444148
   0.77144244]","[  0.4762388    0.04003137  38.76241138 -16.4601644   -1.17179519
  -0.46302362]","[-2.82289999e-01  2.93427366e-02  5.35180010e+01  1.71075965e+01
 -1.26855242e+00 -2.84077351e-01]","[  1.02974258   0.07476938 -20.32985082  22.9345131   -1.04381014
   0.63828151]",[-0.37505287  0.04162362 37.93983612 16.22944458 -1.31144525  0.12046718],"[ 2.31661850e-01  1.41523904e-02  1.11623191e+02 -2.38588348e+01
 -1.29903064e+00 -1.04953423e-01]","[-7.03959145e-01  1.84157456e-02 -8.24448714e+01 -5.60378211e+01
 -1.03998287e+00  6.44232741e-01]","[ 1.51412046e-01  4.44599491e-03 -3.54921238e+02  5.57393510e+01
 -1.33403461e+00 -1.44523798e-01]",010,LW
792,1,0.5225426874475703,1,"[ -2.35573533   0.0645557  -19.37579083 -43.64423507  -0.38338852
   1.07057964]","[ 4.96810443e-01  2.72964339e-02  5.53988595e+01 -2.55227319e+01
 -1.00519632e+00 -6.74686632e-01]","[-2.66067505e-01  2.32447717e-02  6.69883155e+01  1.98234140e+01
 -1.20579518e+00 -4.17998564e-01]","[  0.99546488   0.04254124 -32.3275812   34.18097187  -0.60646168
   0.97100919]",[-0.34829829  0.0442154  35.74905451 14.45133456 -1.31455939  0.05854441],"[ 2.40214749e-01  1.30567423e-02  1.20919907e+02 -2.70467452e+01
 -1.29591447e+00 -1.34611198e-01]","[-7.12243734e-01  1.03347469e-02 -1.30500331e+02 -9.09480427e+01
 -5.76815192e-01  9.79078394e-01]","[ 1.48620246e-01  4.68508921e-03 -3.37433352e+02  5.21494277e+01
 -1.33961108e+00 -9.61614675e-03]",010,LW
793,1,0.121013466981343,1,[-2.37058122  0.03561696 13.31006955 33.55260087 -1.41728443  0.35876724],"[ 5.09055512e-01  1.49693989e-02  8.92663129e+01 -4.34415086e+01
 -5.37518121e-01 -1.00107287e+00]","[-2.54003322e-01  1.63754462e-02  9.29135124e+01  2.56003408e+01
 -1.05377296e+00 -6.29649955e-01]",[ 0.98275925  0.02040074 -8.80501407 10.65320902 -1.649548    0.28917701],"[-3.20285097e-01  4.53342508e-02  3.48763939e+01  1.31703892e+01
 -1.31221216e+00  1.32796299e-02]","[ 2.47997236e-01  1.17581153e-02  1.34129750e+02 -3.12638073e+01
 -1.29038425e+00 -1.76596563e-01]","[-7.14856458e-01  5.53890591e-03  2.05434127e+01  1.66855912e+01
 -1.69772576e+00  2.68463423e-01]","[ 1.45775403e-01  4.55767557e-03 -3.46599322e+02  5.25256560e+01
 -1.32515318e+00  9.98295649e-02]",010,LW
794,1,0.121013466981343,1,[-2.34991169  0.06817814 21.220878   51.86718928 -0.87241091  0.80736958],"[ 5.12909603e-01  7.84760138e-03 -1.75074078e+01  1.09797176e+01
 -1.69284405e+00 -2.65570228e-01]","[-2.46547489e-01  9.33691223e-03  1.46580885e+02  3.81391491e+01
 -6.10673596e-01 -9.65219452e-01]","[ 9.91059765e-01  3.57235889e-02  3.77209432e+01 -3.53837092e+01
 -6.12162218e-01  9.53338468e-01]","[-2.91838648e-01  4.53036918e-02  3.48997400e+01  1.21850929e+01
 -1.30795180e+00 -1.83048433e-02]","[ 2.54862952e-01  1.02212399e-02  1.53951237e+02 -3.72364668e+01
 -1.27728133e+00 -2.40303990e-01]","[-7.11593771e-01  1.13049600e-02  1.21391596e+02  8.83815037e+01
 -5.96747783e-01  9.75300166e-01]","[ 1.43086698e-01  4.13877062e-03 -3.80762482e+02  5.64820464e+01
 -1.29853259e+00  1.98304672e-01]",010,LW
795,1,0.121013466981343,1,[-2.30014387  0.10507419 14.75117536 35.92982551 -1.20904886  0.45757362],"[ 5.08536818e-01  1.54839291e-02 -8.94693971e+01  4.74984825e+01
 -6.55940938e-01 -9.39945475e-01]","[-2.43923795e-01  4.68492466e-03  1.58454451e+01  5.86508112e+00
 -1.70848782e+00 -2.57746741e-01]","[  1.0187844    0.06214939  24.53885005 -22.99979751  -1.08711527
   0.60437562]",[-0.26358292  0.04448062 35.54232745 11.36835061 -1.3037908  -0.03887694],"[ 2.60645061e-01  8.41241692e-03  1.86088744e+02 -4.65031121e+01
 -1.24387874e+00 -3.41232878e-01]","[-7.02336009e-01  2.01886335e-02  7.51374783e+01  5.47717567e+01
 -1.01496214e+00  6.58937445e-01]","[ 1.40713624e-01  3.51658654e-03 -4.46264919e+02  6.47955541e+01
 -1.25940483e+00  2.98298652e-01]",010,LW
796,1,0.121013466981343,1,[-2.22803793  0.13337239 11.78597205 28.25959279 -1.29313677  0.25791315],"[ 4.96293525e-01  2.66631431e-02 -5.72389304e+01  3.04073105e+01
 -1.07280703e+00 -6.07857706e-01]","[-2.46120468e-01  8.67092609e-03 -1.56543722e+02 -3.65286142e+01
 -6.16930999e-01 -9.55688702e-01]","[  1.06358957   0.08619674  18.11494431 -17.2668659   -1.23666903
   0.37680821]",[-0.23593235  0.0431897  36.60164078 10.63551124 -1.30041279 -0.05075869],"[ 2.65160520e-01  6.32507647e-03  2.44033605e+02 -6.27080776e+01
 -1.15214741e+00 -5.11445925e-01]","[-6.87020860e-01  2.95765165e-02  5.24447688e+01  3.80306502e+01
 -1.15998899e+00  4.70296298e-01]","[ 1.38761900e-01  2.77668082e-03 -5.61064390e+02  7.98543606e+01
 -1.19806992e+00  4.15351004e-01]",010,LW
797,1,0.121013466981343,1,[-2.14006548  0.15242185 10.35595685 24.16242573 -1.31393738  0.13975882],"[ 4.76702675e-01  3.74975973e-02 -4.15584613e+01  2.18110297e+01
 -1.20781466e+00 -4.08994084e-01]","[-2.52877237e-01  1.50301038e-02 -1.01471964e+02 -2.36599499e+01
 -1.08657211e+00 -6.04702437e-01]","[  1.12256542   0.10570424  14.88621745 -14.71075298  -1.28945147
   0.23774654]",[-0.20911165  0.04169744 37.91009346  9.92744223 -1.29779714 -0.05538383],"[ 2.68223180e-01  4.02529818e-03  3.62701379e+02 -9.52849173e+01
 -8.57384062e-01 -8.14638467e-01]","[-6.65655218e-01  3.90399242e-02  4.00712008e+01  2.86736039e+01
 -1.22297007e+00  3.56873761e-01]","[ 1.37286715e-01  1.99481922e-03 -7.69308511e+02  1.07615838e+02
 -1.08514581e+00  5.74821766e-01]",010,LW
798,1,0.121013466981343,1,[-2.04190752  0.16346404  9.66904342 21.74329247 -1.31558062  0.06533358],"[  0.45044143   0.04732652 -33.17612608  16.94390177  -1.26156561
  -0.28883389]","[-2.63672280e-01  2.07683649e-02 -7.52043646e+01 -1.78293063e+01
 -1.24383271e+00 -3.71237978e-01]","[  1.19238783   0.11986545  13.16869526 -13.70219201  -1.31095382
   0.14074017]",[-0.18319239  0.04021185 39.31125277  9.20152217 -1.29601008 -0.0536037 ],"[ 2.69662143e-01  1.95711873e-03  4.11893704e+02 -1.09072139e+02
 -8.31148610e-01 -6.84025599e-01]",[-0.63835369  0.04828709 32.5359383  22.76943639 -1.2569427   0.27849808],"[ 1.36300687e-01  1.23799972e-03 -1.18791351e+03  1.63913427e+02
 -8.28082462e-01  8.25541441e-01]",010,LW
799,1,0.121013466981343,1,"[-1.93813493e+00  1.68377134e-01  9.39008830e+00  2.01992581e+01
 -1.31124593e+00  1.86249428e-02]","[  0.41833982   0.05580246 -28.23541741  13.81199958  -1.28782621
  -0.20576585]","[-2.77720514e-01  2.51782992e-02 -6.25433705e+01 -1.53695770e+01
 -1.30548728e+00 -2.15288603e-01]","[  1.26947183   0.12831629  12.31749873 -13.63671768  -1.31972413
   0.06412427]","[-1.58136448e-01  3.88809847e-02  4.06590099e+01  8.42967138e+00
 -1.29533789e+00 -4.69055320e-02]","[ 2.69340751e-01  2.60498675e-03 -4.45111895e+02  1.21886772e+02
 -4.06174839e-01 -1.01359976e+00]",[-0.60538244  0.05700412 27.62936634 18.72633332 -1.27763101  0.21834205],"[ 1.35783953e-01  5.89829892e-04 -1.93811827e+03  2.65165360e+02
 -3.43748945e-01  1.05713448e+00]",010,LW
800,0,0.161285194401854,0,[-1.7338242   0.35950274  3.97024861  8.88371314 -0.26080448  1.09821644],[ 0.33937092  0.1463953  -9.51413383  5.22882037 -0.14700365 -1.19992745],"[ -0.30369721   0.04602305 -32.20617754  -7.78092616  -0.52305499
  -0.89669675]",[ 1.40785748  0.23996313  6.10202764 -6.59078522 -0.41959235  0.96747153],[-0.11205376  0.07982252 17.92251871  4.0082856  -0.2711227   1.08612572],"[ 2.56649401e-01  2.81975952e-02 -4.28595554e+01  1.29998792e+01
  2.06862926e-01 -1.46917956e+00]",[-0.51503434  0.17051967  8.00338211  6.12201664 -0.06136344  1.2664413 ],"[ 1.36956276e-01  3.17969501e-03  3.45137539e+02 -4.52687519e+01
  2.28264289e-01  1.48381090e+00]",010,LW
801,0,0.1855435894536241,0,[-1.5321851   0.41829167  3.58070635  7.48630492 -1.74255401  0.32595313],[ 0.25984028  0.17258636 -8.60894683  4.23695118 -1.76592642 -0.33854542],"[ -0.32698224   0.04793179 -31.36836915  -8.25689961  -1.71759239
  -0.19772038]",[ 1.53976094  0.26664842  5.66254705 -6.7189688  -1.73262465  0.26769358],[-0.06710063  0.09265328 16.16962128  3.0849918  -1.7408687   0.32647083],"[  0.24098444   0.03797092 -37.95210213  11.14586598  -1.72776176
  -0.44415373]",[-0.42019372  0.20839388  7.10078094  4.98370359 -1.7554068   0.37094219],"[ 1.38661244e-01  4.44645365e-03  3.19789369e+02 -4.23423917e+01
 -1.71121296e+00  4.61140373e-01]",010,LW
802,0,0.110319436204347,0,[-1.33480813  0.4108963   3.61875117  6.83033847 -1.74185555 -0.36529854],[ 0.18223431  0.16787046 -8.73236116  3.5913358  -1.76239587  0.39369191],"[ -0.34619569   0.04076021 -33.41466713  -9.56801374  -1.65627752
   0.47532682]",[ 1.66356601  0.2509555   5.87199589 -7.7684528  -1.72075225 -0.41086946],[-0.02317695  0.0912131  16.32195535  2.37829318 -1.74079711 -0.36092468],"[  0.22267032   0.04163631 -36.15939744  10.05162465  -1.74045131
   0.25748425]",[-0.32252264  0.21116922  7.04903709  4.27347404 -1.75575046 -0.34390204],"[ 1.40824626e-01  5.02514700e-03  3.00542951e+02 -4.03238488e+01
 -1.72538495e+00 -2.25317270e-01]",010,LW
803,0,0.0774973010057516,0,[-1.14266147  0.33897211  4.09591801  6.6802477  -0.12753791 -1.21012077],[ 0.10890979  0.13361645 -9.83912915  3.07157749  0.0567458   1.358941  ],"[-3.60249497e-01  2.78480070e-02 -3.09439616e+01 -9.14754659e+00
  1.70636019e-02  1.33765763e+00]","[ 1.77854829e+00  1.97591780e-01  6.80602182e+00 -1.01048385e+01
 -3.15764136e-03 -1.30623978e+00]",[ 0.01983311  0.07573308 18.4382486   1.63431224 -0.15163784 -1.18882739],"[ 2.02120832e-01  3.82058556e-02 -3.83787786e+01  9.75715066e+00
 -4.26099704e-01  9.57886936e-01]",[-0.223689    0.17835612  7.84862588  3.7556513  -0.16591978 -1.18055169],"[ 1.43378278e-01  4.76686028e-03  3.12201428e+02 -4.27629031e+01
 -5.25258644e-01 -8.56119200e-01]",010,LW
804,0,0.0626419818312816,0,[-0.95626544  0.13258664 11.92116647 13.39979954 -1.29662357 -0.06626825],"[ 4.19683454e-02  3.22852859e-02 -4.80614823e+01  4.01706089e+00
 -1.16571904e+00  4.65373934e-01]","[-3.68375116e-01  1.08209708e-02  1.41063023e+02  5.39641074e+01
 -1.08048765e+00  6.03172866e-01]","[ 1.88452531e+00  6.36496870e-02  2.48403847e+01 -4.48123336e+01
 -1.30222508e+00 -2.05235059e-02]","[ 6.20728191e-02  3.12623493e-02  5.05755284e+01 -1.13936563e+00
 -1.29314406e+00 -1.35271551e-02]","[ 1.79825289e-01  2.09582557e-02 -7.54394178e+01  1.55659151e+01
 -1.31240034e+00  1.73197097e-02]",[-0.1253038   0.07269706 21.73468647  4.72343879 -1.29914257 -0.09270012],"[ 1.46260455e-01  2.94936411e-03  5.35849552e+02 -7.63735993e+01
 -1.30384397e+00  7.50694039e-02]",010,LW
805,0,0.0606051959000224,0,[-0.87401692  0.1271116  12.43526919 12.8686357  -1.29339454 -0.06129894],"[ 2.51491939e-02  2.22247685e-02 -6.84162912e+01  3.72061458e+00
 -1.02139070e+00  6.47062430e-01]","[-3.60420341e-01  1.52329399e-02  1.02320545e+02  3.88784056e+01
 -1.20414393e+00  4.07873746e-01]","[  1.92372271   0.0615732   25.66919542 -47.38041415  -1.32208245
  -0.06287095]","[ 8.19367484e-02  3.12232920e-02  5.06391246e+01 -2.14920521e+00
 -1.29204643e+00  9.02791934e-03]","[ 1.66850326e-01  2.04525216e-02 -7.72870320e+01  1.48953665e+01
 -1.31022565e+00  5.61864686e-02]",[-0.08101357  0.06788685 23.26738864  3.8849743  -1.29571131 -0.11196313],"[ 1.48153400e-01  3.07302609e-03  5.14421648e+02 -7.42133163e+01
 -1.30695129e+00  4.84140809e-02]",010,LW
806,0,0.0606051959000224,0,[-0.79457779  0.12289857 12.86352965 12.2210749  -1.28949649 -0.04185611],"[ 1.45341957e-02  1.28600536e-02 -1.10758691e+02  3.60978849e+00
 -6.74971200e-01  9.35189967e-01]","[-3.49624011e-01  1.94230082e-02  8.07619768e+01  3.02363263e+01
 -1.24146297e+00  3.10098361e-01]","[  1.95995408   0.05643419  27.92924673 -52.74004115  -1.32784434
  -0.18323068]","[ 1.01929648e-01  3.16574971e-02  4.99408720e+01 -3.09045552e+00
 -1.29206153e+00  3.21595830e-02]","[ 1.54343089e-01  1.94520825e-02 -8.12235184e+01  1.45362888e+01
 -1.30509408e+00  9.51146955e-02]",[-0.03987738  0.06260707 25.22072264  3.00573636 -1.29145517 -0.13013133],"[ 1.50107669e-01  3.14589158e-03  5.02582248e+02 -7.34414495e+01
 -1.30817689e+00  2.16738424e-02]",010,LW
807,0,0.0606051959000224,0,"[-7.16730341e-01  1.21137042e-01  1.30522077e+01  1.13549133e+01
 -1.28504072e+00 -4.41006313e-03]","[ 9.60801952e-03  5.56812030e-03 -1.50893655e+02  3.44978918e+00
 -5.87047869e-01  8.69189584e-01]","[-3.36102957e-01  2.35779254e-02  6.66907895e+01  2.44149716e+01
 -1.25373288e+00  2.61175842e-01]","[ 1.99039830e+00  4.59254101e-02  3.37972518e+01 -6.52699926e+01
 -1.25645267e+00 -4.24510388e-01]","[ 1.22321439e-01  3.25412303e-02  4.85788764e+01 -3.94223809e+00
 -1.29304347e+00  5.05435671e-02]","[ 1.42581380e-01  1.80383255e-02 -8.75295461e+01  1.44800835e+01
 -1.29708506e+00  1.32561216e-01]","[-2.10076447e-03  5.70994041e-02  2.76443237e+01  2.05807421e+00
 -1.28653385e+00 -1.45259855e-01]","[ 1.52090140e-01  3.16325656e-03  4.99840916e+02 -7.40208747e+01
 -1.30874513e+00 -5.00865250e-03]",010,LW
808,0,0.059821269426445,0,[-0.63858931  0.12303175 12.84885472 10.20514129 -1.28002713  0.04737907],"[ 9.49967108e-03  5.35048708e-03  2.19629312e+02 -8.64062201e-02
 -6.46585164e-01  8.22058415e-01]","[-3.19834162e-01  2.79197366e-02  5.63769455e+01  2.00312731e+01
 -1.25851160e+00  2.36892738e-01]","[ 2.01077414e+00  2.94291600e-02  4.70857047e+01 -9.26787176e+01
 -8.15432441e-01 -8.23099965e-01]","[ 1.43354059e-01  3.37799251e-02  4.67929620e+01 -4.70796102e+00
 -1.29450122e+00  6.16040503e-02]","[ 1.31780156e-01  1.63339959e-02 -9.65843782e+01  1.47279044e+01
 -1.28699347e+00  1.66408201e-01]",[ 0.03227675  0.05165    30.55439726  1.01380329 -1.28176266 -0.15447124],"[ 1.54063329e-01  3.12059589e-03  5.06625087e+02 -7.60523472e+01
 -1.30945170e+00 -3.45701220e-02]",010,LW
809,0,0.2005218360542441,0,[-0.55774337  0.12940184 12.20887961  8.80942163 -1.27561875  0.10059819],"[ 1.30724224e-02  9.15732975e-03  1.67150396e+02 -1.85060586e-01
 -1.20203129e+00  5.30098965e-01]","[-3.00677217e-01  3.26142374e-02  4.82881583e+01  1.65191491e+01
 -1.26262747e+00  2.22482956e-01]","[ 2.01579336e+00  2.02543302e-02 -1.12848178e+01  2.47478609e+01
 -1.54589241e+00 -3.47954558e-01]","[ 1.65209605e-01  3.52448172e-02  4.48462626e+01 -5.40903332e+00
 -1.29611434e+00  6.56279263e-02]","[ 1.22072802e-01  1.44860458e-02 -1.08818677e+02  1.52838008e+01
 -1.27616073e+00  1.94178093e-01]",[ 0.0633931   0.04656247 33.89281175 -0.14857045 -1.27834597 -0.15475793],"[ 1.55986080e-01  3.01135790e-03  5.24839183e+02 -7.98676069e+01
 -1.30906982e+00 -7.07042247e-02]",010,LW
810,0,0.2005218360542441,0,[-0.47157676  0.14029789 11.25246632  7.3064016  -1.27439659  0.13965043],"[ 1.90429196e-02  1.16159439e-02  1.35580014e+02 -5.81839307e-01
 -1.36260345e+00  1.87641438e-01]","[-2.78438019e-01  3.76948634e-02  4.18007105e+01  1.36389071e+01
 -1.26918553e+00  2.07830034e-01]","[ 1.99989472e+00  4.81986231e-02 -2.78883894e+01  5.77738426e+01
 -4.67391020e-01 -1.05473277e+00]","[ 1.87986763e-01  3.67942257e-02  4.29586857e+01 -6.07566424e+00
 -1.29822224e+00  6.35002234e-02]","[ 1.13502406e-01  1.26439922e-02 -1.24598025e+02  1.61421757e+01
 -1.26627563e+00  2.12777511e-01]",[ 0.09155933  0.04211484 37.48206016 -1.43183229 -1.27719555 -0.14376896],"[ 1.57815194e-01  2.83038801e-03  5.58025972e+02 -8.60649770e+01
 -1.30472047e+00 -1.14571794e-01]",010,LW
811,0,0.2005218360542441,0,[-0.37769894  0.15487176 10.18956581  5.8485882  -1.27792817  0.15622043],"[ 2.61095877e-02  1.21914637e-02  1.29604087e+02 -1.38390928e+00
 -1.37010382e+00 -4.93999098e-02]",[-0.25296429  0.04300886 36.66008188 11.27369151 -1.2788531   0.18677919],"[  1.95815183   0.09132484 -16.40978348  34.13284756  -0.92644334
  -0.73963354]","[ 2.11682478e-01  3.82671879e-02  4.13083884e+01 -6.74426200e+00
 -1.30128897e+00  5.49926400e-02]","[ 1.06024629e-01  1.09419214e-02 -1.43956406e+02  1.72629246e+01
 -1.25932675e+00  2.18059553e-01]","[ 1.17236981e-01  3.85258273e-02  4.09939067e+01 -2.80600184e+00
 -1.27834172e+00 -1.20311445e-01]","[ 1.59508512e-01  2.58033383e-03  6.11418010e+02 -9.55263770e+01
 -1.29429605e+00 -1.63977114e-01]",010,LW
812,0,0.2634216591550141,0,[-0.27439269  0.17154064  9.20042224  4.5245286  -1.28540871  0.15130937],"[ 3.30716061e-02  1.10544168e-02  1.42103054e+02 -2.69957622e+00
 -1.31546197e+00 -2.62620335e-01]",[-0.22425612  0.0482061  32.73437305  9.34088344 -1.29055028  0.15683483],"[  1.88719507   0.13964328 -11.05118844  22.85574838  -1.12756264
  -0.5227679 ]","[ 2.36176942e-01  3.94680086e-02  4.00562263e+01 -7.46035703e+00
 -1.30510765e+00  3.91676010e-02]","[ 9.95206833e-02  9.48698951e-03 -1.66108974e+02  1.85312786e+01
 -1.25731028e+00  2.05131731e-01]","[ 1.41001315e-01  3.59434450e-02  4.39641200e+01 -4.19899873e+00
 -1.28086868e+00 -8.48622475e-02]","[ 1.61029161e-01  2.27494787e-03  6.92385307e+02 -1.09494225e+02
 -1.27799615e+00 -2.15739541e-01]",010,LW
813,0,0.2634216591550141,0,[-0.16100861  0.18825971  8.38730782  3.35042879 -1.29507168  0.12979588],"[ 3.89270293e-02  8.59170538e-03  1.79274337e+02 -4.97861737e+00
 -1.17135711e+00 -5.17214226e-01]",[-0.19257122  0.05277673 29.92499602  7.76269309 -1.3024887   0.11782687],[ 1.78597314  0.18793667 -8.31382043 16.84825998 -1.22569456 -0.37248548],"[ 2.61220079e-01  4.01684847e-02  3.93616353e+01 -8.28204950e+00
 -1.30882988e+00  1.54766701e-02]","[ 9.38170238e-02  8.35266699e-03 -1.88862216e+02  1.97184910e+01
 -1.26106466e+00  1.70506381e-01]","[ 1.63498170e-01  3.44483440e-02  4.58920499e+01 -5.50326616e+00
 -1.28338697e+00 -4.03986206e-02]","[ 1.62350224e-01  1.93642058e-03  8.11732456e+02 -1.29784946e+02
 -1.25690372e+00 -2.68420745e-01]",010,LW
814,0,0.2634216591550141,0,[-0.03825309  0.20272121  7.79374319  2.29813475 -1.30541106  0.09544246],"[ 4.29452180e-02  5.35906205e-03  2.65388989e+02 -9.39718797e+00
 -7.63998466e-01 -8.80026841e-01]",[-0.15850328  0.05612211 28.16128873  6.46365671 -1.31293008  0.07012278],[ 1.65620137  0.23128387 -6.79839148 13.25950525 -1.27893479 -0.25675137],"[ 2.86426078e-01  4.01396088e-02  3.93897376e+01 -9.28224807e+00
 -1.31128344e+00 -1.58510008e-02]","[ 8.87079936e-02  7.57493349e-03 -2.08506996e+02  2.04962372e+01
 -1.26878939e+00  1.15927651e-01]","[ 1.85400464e-01  3.40559768e-02  4.64265492e+01 -6.60750376e+00
 -1.28487699e+00  7.15682931e-03]","[ 1.63458093e-01  1.58897055e-03  9.86584811e+02 -1.59265272e+02
 -1.23090629e+00 -3.23125861e-01]",010,LW
815,0,0.2634216591550141,0,[ 0.0916608   0.21248272  7.43959697  1.3180806  -1.31487389  0.04955817],"[ 4.47148708e-02  2.56859243e-03  2.07877524e+02 -7.29521661e+00
 -1.21583836e+00 -4.88618425e-01]","[-1.23017308e-01  5.76354734e-02  2.74320413e+01  5.37461587e+00
 -1.32027662e+00  1.31895575e-02]",[ 1.50242182  0.26519257 -5.94931601 10.93838221 -1.30880288 -0.15946795],"[ 3.11291266e-01  3.92037945e-02  4.03212330e+01 -1.05516477e+01
 -1.31106395e+00 -5.38118662e-02]","[ 8.39784502e-02  7.15182920e-03 -2.21028750e+02  2.05616519e+01
 -1.27665695e+00  5.08198904e-02]","[ 2.07364355e-01  3.47091644e-02  4.55443477e+01 -7.44427430e+00
 -1.28550734e+00  5.01000806e-02]","[ 1.64352231e-01  1.25260735e-03  1.24693575e+03 -2.02936671e+02
 -1.19804017e+00 -3.84440244e-01]",010,LW
816,0,1.09207505022265,0,[ 0.22502223  0.21517079  7.34796698  0.3465441  -1.32111858 -0.00820706],"[ 4.41713807e-02  3.61896987e-03 -3.51814705e+02  1.75401412e+01
 -5.95055422e-01 -9.24366045e-01]",[-0.08743567  0.05677861 27.83892858  4.43411549 -1.32245704 -0.05543305],[ 1.33170468  0.28598256 -5.52611869  9.35915813 -1.32439397 -0.07098117],"[ 3.35242121e-01  3.72864857e-02  4.23724270e+01 -1.22050223e+01
 -1.30690145e+00 -9.66439906e-02]","[ 7.94246793e-02  7.04719195e-03 -2.24356364e+02  1.98194323e+01
 -1.28220044e+00 -1.04933017e-02]","[ 2.29981314e-01  3.62653013e-02  4.35761434e+01 -8.02169872e+00
 -1.28658763e+00  8.15189717e-02]","[ 1.65040871e-01  9.38834370e-04  1.65328055e+03 -2.70858862e+02
 -1.15033341e+00 -4.67166181e-01]",010,LW
817,0,1.09207505022265,0,[ 0.35681392  0.20883631  7.56684463 -0.69995553 -1.32080765 -0.07934346],"[ 4.16024375e-02  6.14076445e-03 -2.49224471e+02  1.23683455e+01
 -1.18682924e+00 -5.40965950e-01]",[-0.0533741   0.05315696 29.69317839  3.58484656 -1.31540562 -0.1412796 ],[ 1.15307286  0.29108891 -5.43128029  8.26266187 -1.32913093  0.0160496 ],"[ 3.57705132e-01  3.44479625e-02  4.58237308e+01 -1.43913837e+01
 -1.29819129e+00 -1.42041312e-01]","[ 7.48726212e-02  7.19740778e-03 -2.19626163e+02  1.84439865e+01
 -1.28632720e+00 -5.54880334e-02]","[ 2.53724846e-01  3.84877437e-02  4.10506862e+01 -8.41557904e+00
 -1.28948672e+00  9.74484032e-02]","[ 1.65533990e-01  6.48148174e-04  2.35533581e+03 -3.87888135e+02
 -1.04799756e+00 -6.16743195e-01]",010,LW
818,0,1.09207505022265,0,[ 0.48107748  0.19233788  8.20076428 -1.94520299 -1.30926795 -0.16788642],"[ 3.76239470e-02  7.73668200e-03 -2.03510539e+02  9.65686974e+00
 -1.38060350e+00 -1.83655383e-01]","[-2.26295230e-02  4.65989844e-02  3.37392745e+01  2.76350369e+00
 -1.28944843e+00 -2.55510891e-01]",[ 0.97672535  0.27930535 -5.65494239  7.52332558 -1.32257675  0.10871307],"[ 3.78186092e-01  3.08853241e-02  5.10481148e+01 -1.73056871e+01
 -1.28507604e+00 -1.87236826e-01]","[ 7.01921248e-02  7.51922989e-03 -2.10177150e+02  1.67527808e+01
 -1.29117978e+00 -7.82668052e-02]",[ 0.27889616  0.0410499  38.48845008 -8.73428087 -1.29458036  0.09727742],"[ 1.65834618e-01  3.74793370e-04  3.73315426e+03 -6.17086209e+02
 -6.91236267e-01 -9.16453772e-01]",010,LW
819,0,1.09207505022265,0,[ 0.59140111  0.16555973  9.48349509 -3.60854953 -1.27698113 -0.28479566],"[ 3.31171635e-02  7.84176160e-03 -2.01046374e+02  8.65808562e+00
 -1.40042714e+00  1.33047295e-01]","[ 2.97292694e-03  3.72429229e-02  4.17756002e+01  1.87580419e+00
 -1.21747618e+00 -4.22021493e-01]",[ 0.81312075  0.25099057 -6.27436711  7.10181808 -1.2999137   0.21586013],"[ 3.96345453e-01  2.69055882e-02  5.85187461e+01 -2.11936389e+01
 -1.26853156e+00 -2.28240204e-01]","[ 6.53053484e-02  7.91955504e-03 -1.99548315e+02  1.50315722e+01
 -1.29717489e+00 -7.99328232e-02]",[ 0.30557867  0.04355942 36.2783985  -9.08590488 -1.30102357  0.08281982],"[ 1.65929336e-01  2.06228855e-04  1.73817580e+02 -2.68414356e+01
 -1.73631394e+00 -2.57452379e-01]",010,LW
820,0,1.09207505022265,0,[ 0.68145043  0.12943668 11.98376841 -6.16634409 -1.19411721 -0.45794753],"[ 2.91258579e-02  6.32445949e-03 -2.41765638e+02  9.04163163e+00
 -1.21995008e+00  5.24534493e-01]","[ 2.17611588e-02  2.56696692e-02  5.85305560e+01  7.26307279e-01
 -1.00448371e+00 -6.93231570e-01]",[ 0.67198233  0.20820993 -7.51227131  7.04811359 -1.24763237  0.35185264],"[ 4.12053876e-01  2.28817091e-02  6.87308166e+01 -2.63207994e+01
 -1.25120461e+00 -2.58151581e-01]","[ 6.01873411e-02  8.30982034e-03 -1.90205952e+02  1.34479905e+01
 -1.30267082e+00 -6.63514219e-02]",[ 0.33361425  0.04560525 34.66074227 -9.56331768 -1.30723155  0.0571184 ],"[ 1.65779839e-01  4.84935870e-04 -2.70822154e+03  4.50968530e+02
 -3.57172614e-01 -1.11505265e+00]",010,LW
821,0,1.09207505022265,0,"[  0.74544017   0.08620258  17.21557241 -10.83317918  -0.94199381
  -0.74962783]","[ 2.67258355e-02  3.70779371e-03 -3.05607743e+02  1.01676223e+01
 -6.61737300e-01  7.94251061e-01]","[ 3.24072757e-02  1.35655223e-02  8.83765051e+01 -8.64041770e-01
 -4.69512214e-01 -9.80091558e-01]",[ 0.56130112  0.15479319 -9.93581446  7.57698375 -1.12668747  0.54517427],"[ 4.25417983e-01  1.92053689e-02  8.18679816e+01 -3.28281116e+01
 -1.23831929e+00 -2.65120120e-01]","[ 5.48577314e-02  8.62370471e-03 -1.83316838e+02  1.20563459e+01
 -1.30571362e+00 -4.54320147e-02]","[ 3.62609860e-01  4.68174300e-02  3.37705194e+01 -1.02455233e+01
 -1.31167218e+00  2.34097941e-02]","[ 1.65317840e-01  1.01313325e-03 -1.45477169e+03  2.42499713e+02
 -7.68965711e-01 -8.51671669e-01]",010,LW
822,0,0.5237628626785356,0,"[  0.77845472   0.04344284  23.29805756 -16.13648299  -0.57225981
  -0.85292591]","[ 2.68889882e-02  4.03608352e-03  2.20353801e+02 -3.92509076e+00
 -5.37292275e-01  8.95496123e-01]","[ 3.41027273e-02  1.01848561e-02 -7.14859691e+01  4.43786651e+00
 -9.25733108e-01 -6.37257995e-01]","[  0.48644835   0.09657352 -15.04498375   9.31860759  -0.80725945
   0.84889657]","[ 4.36776808e-01  1.62455403e-02  9.69161604e+01 -4.03307312e+01
 -1.23621302e+00 -2.31504572e-01]","[ 4.93645558e-02  8.83110057e-03 -1.79032708e+02  1.08378701e+01
 -1.30565259e+00 -2.48097615e-02]","[ 3.91974775e-01  4.69197869e-02  3.36975466e+01 -1.12085883e+01
 -1.31339667e+00 -1.57446998e-02]","[ 1.64444889e-01  1.74046962e-03 -8.71631192e+02  1.45335294e+02
 -9.53420214e-01 -6.84471019e-01]",010,LW
823,0,0.8256374472469101,0,"[  0.77659642   0.04722789 -21.68614401  18.8413817   -0.45912943
  -0.94615704]","[ 3.03654545e-02  9.02830579e-03  1.59118774e+02 -2.83171388e+00
 -7.31529706e-01  8.99292214e-01]","[ 2.66839061e-02  2.11792447e-02 -6.83419377e+01  3.82362985e+00
 -8.24299495e-01 -8.39714972e-01]","[  0.44954297   0.04512305 -20.40447367  11.17268761  -0.55791334
   0.87372267]","[ 4.46674259e-01  1.43190046e-02  1.10241232e+02 -4.72419208e+01
 -1.24494252e+00 -1.40180358e-01]","[ 4.37639579e-02  8.94090578e-03 -1.76841607e+02  9.73928862e+00
 -1.30336250e+00 -1.01600588e-02]","[  0.42098236   0.04575984  34.54263079 -12.54183818  -1.31191741
  -0.05897756]","[ 1.63037479e-01  2.69016923e-03 -5.71401778e+02  9.51599053e+01
 -1.05541482e+00 -5.74907368e-01]",010,LW
824,0,0.8256374472469101,0,"[  0.73701417   0.09997296 -14.65253768  12.79912785  -0.82636686
  -0.8304635 ]","[ 3.76032355e-02  1.50832304e-02  1.01340432e+02 -1.81072812e+00
 -1.07085394e+00  6.01983772e-01]","[ 1.06770326e-02  3.34643631e-02 -4.60990999e+01  2.49220159e+00
 -1.16273905e+00 -5.11007926e-01]",[ 0.44920876  0.0444476  24.78683857 -9.13446506 -0.5795067   0.85609699],"[ 4.55812574e-01  1.36662939e-02  1.15671858e+02 -5.07246874e+01
 -1.25026248e+00  2.92066947e-03]","[ 3.81015648e-02  8.99052046e-03 -1.75867081e+02  8.70081096e+00
 -1.30041139e+00 -4.16593568e-03]","[  0.44884397   0.04331026  36.47311309 -14.37073682  -1.30680726
  -0.10629369]","[ 1.60956913e-01  3.87363069e-03 -4.00002368e+02  6.63831464e+01
 -1.12316923e+00 -4.91379317e-01]",010,LW
825,0,0.7673978706011542,0,[ 0.65788017  0.16134641 -9.51808292  8.26175804 -1.09228547 -0.56766178],"[ 4.87172151e-02  2.11570057e-02  7.36295068e+01 -1.58702452e+00
 -1.20562909e+00  4.13715515e-01]","[-1.27518907e-02  4.38431024e-02 -3.57648659e+01  1.54393034e+00
 -1.27423752e+00 -3.07243993e-01]",[ 0.4807852   0.08160135 18.49062896 -6.89002068 -1.08323945  0.64022508],"[ 4.64988344e-01  1.44084286e-02  1.09531720e+02 -4.89309732e+01
 -1.24029352e+00  1.49961827e-01]","[ 3.24016093e-02  9.02624411e-03 -1.75170732e+02  7.67581362e+00
 -1.29822113e+00 -6.06676981e-03]","[ 4.74775942e-01  3.96433953e-02  3.98005743e+01 -1.68963552e+01
 -1.29736543e+00 -1.59545530e-01]","[ 1.58062910e-01  5.28011691e-03 -2.95068535e+02  4.86393912e+01
 -1.17243394e+00 -4.21774847e-01]",010,LW
826,0,0.7673978706011542,0,[ 0.53837045  0.22463262 -6.93578433  5.73402135 -1.19303399 -0.41601704],"[ 6.35080359e-02  2.66940533e-02  5.88215923e+01 -1.73564380e+00
 -1.26591151e+00  2.86837327e-01]","[ -0.04193256   0.05132002 -30.73176254   0.71133839  -1.31460837
  -0.16963558]",[ 0.53695675  0.11178942 14.01083747 -5.52321377 -1.30335007  0.31249394],"[ 4.75008681e-01  1.64899649e-02  9.54268679e+01 -4.33285906e+01
 -1.22947266e+00  2.46175690e-01]","[ 2.66670759e-02  9.08251690e-03 -1.74083913e+02  6.64230894e+00
 -1.29765632e+00 -1.20106498e-02]","[ 4.98044383e-01  3.48882969e-02  4.51324802e+01 -2.04779783e+01
 -1.28158266e+00 -2.23871856e-01]","[ 1.54229624e-01  6.87347814e-03 -2.27587696e+02  3.71007648e+01
 -1.21015760e+00 -3.60544236e-01]",010,LW
827,0,0.6516948036395761,0,[ 0.37870286  0.28731161 -5.45698033  4.06657404 -1.24111241 -0.31868478],"[ 8.15183611e-02  3.13202356e-02  5.03238124e+01 -2.10231471e+00
 -1.29462536e+00  1.94447878e-01]","[ -0.07488263   0.05549739 -28.4778628   -0.13249736  -1.32717833
  -0.06566452]",[ 0.60868273  0.12783496 12.35449525 -5.5199679  -1.35513223  0.09576349],"[ 4.86587855e-01  1.96529004e-02  7.99632251e+01 -3.69091342e+01
 -1.23561717e+00  2.76451335e-01]","[ 2.08893039e-02  9.16800880e-03 -1.72458801e+02  5.60254431e+00
 -1.29885483e+00 -1.66812827e-02]","[ 5.17987195e-01  2.91901927e-02  5.37288828e+01 -2.58308733e+01
 -1.25279476e+00 -3.10425514e-01]","[ 1.49362209e-01  8.59132191e-03 -1.82646521e+02  2.92804879e+01
 -1.23986448e+00 -3.04589560e-01]",010,LW
828,0,0.6516948036395761,0,[ 0.18026316  0.34718384 -4.53124531  2.81681661 -1.26874658 -0.24793654],"[ 1.02107662e-01  3.48095304e-02  4.53651043e+01 -2.63212473e+00
 -1.30828233e+00  1.22954299e-01]","[-1.09517734e-01  5.63746559e-02 -2.80442516e+01 -1.07134289e+00
 -1.32630493e+00  2.06401054e-02]",[ 0.68625987  0.12875743 12.27012543 -6.42049472 -1.3510192  -0.07848775],"[ 5.00234615e-01  2.34484435e-02  6.70727135e+01 -3.15520930e+01
 -1.25765133e+00  2.56111127e-01]","[ 1.50621030e-02  9.26310926e-03 -1.70688647e+02  4.57092998e+00
 -1.30128900e+00 -1.56805733e-02]","[ 5.34022959e-01  2.27000883e-02  6.84656356e+01 -3.45622213e+01
 -1.18989598e+00 -4.42132456e-01]","[ 1.43411670e-01  1.03480466e-02 -1.52004334e+02  2.37991954e+01
 -1.26323894e+00 -2.52271085e-01]",010,LW
829,0,0.6468627949566534,0,[-0.05420646  0.4018201  -3.92326316  1.78733381 -1.28679693 -0.19064912],"[ 1.24528483e-01  3.70567143e-02  4.26525903e+01 -3.31146235e+00
 -1.31414131e+00  6.44632353e-02]","[ -0.14384294   0.05423714 -29.12751211  -2.18978707  -1.31694347
   0.09883484]",[ 0.76035451  0.11579029 13.57617488 -8.32270574 -1.30798872 -0.25224614],"[ 5.16149348e-01  2.72794524e-02  5.77613643e+01 -2.78134905e+01
 -1.28510749e+00  2.04779794e-01]","[ 9.19524212e-03  9.32771842e-03 -1.69508799e+02  3.55867445e+00
 -1.30412607e+00 -6.93753787e-03]","[ 5.45657362e-01  1.56278886e-02  9.67556769e+01 -5.07954474e+01
 -1.01930868e+00 -6.67942668e-01]","[ 1.36385782e-01  1.20433074e-02 -1.30847730e+02  1.98457700e+01
 -1.28110724e+00 -2.02986876e-01]",010,LW
830,0,0.3283483193360202,0,[-0.32043315  0.4485482  -3.51934326  0.87228576 -1.29928143 -0.14022065],"[ 1.47991010e-01  3.80438225e-02  4.15594525e+01 -4.15042534e+00
 -1.31556036e+00  1.37763709e-02]","[ -0.1761075    0.04957066 -31.81462815  -3.60279468  -1.29963298
   0.17554131]","[  0.82290866   0.09168272  16.89829746 -11.90575539  -1.19883212
  -0.46603351]","[ 5.34154783e-01  3.04821237e-02  5.17901043e+01 -2.56639319e+01
 -1.30924052e+00  1.35981092e-01]","[ 3.32344900e-03  9.31377808e-03 -1.69761507e+02  2.56419371e+00
 -1.30656395e+00  9.63447149e-03]","[ 5.52496647e-01  8.52765365e-03  1.52530233e+02 -8.22724422e+01
 -5.19358795e-01 -9.95021394e-01]","[ 1.28354012e-01  1.35747788e-02 -1.16243381e+02  1.69203043e+01
 -1.29409718e+00 -1.56688149e-01]",010,LW
831,0,0.3283483193360202,0,[-0.61255339  0.48471202 -3.25966213  0.00328293 -1.30767389 -0.09334929],"[ 1.71709241e-01  3.78096864e-02  4.18138651e+01 -5.17982706e+00
 -1.31407152e+00 -3.29960647e-02]","[ -0.20492554   0.0430155  -36.55900126  -5.49187313  -1.27226131
   0.25514774]","[  0.8678981    0.06062559  24.34295211 -19.12720187  -0.90639255
  -0.77851668]","[ 5.53681057e-01  3.24331466e-02  4.87346957e+01 -2.49834778e+01
 -1.32534238e+00  5.63679391e-02]","[-2.49161842e-03  9.17749572e-03 -1.72268124e+02  1.57077357e+00
 -1.30779070e+00  3.30659138e-02]","[ 5.54274579e-01  5.12480046e-03 -7.51171960e+01  4.36355522e+01
 -1.45441922e+00 -3.76966595e-01]","[ 1.19445309e-01  1.48511746e-02 -1.06353595e+02  1.47034381e+01
 -1.30292527e+00 -1.13401992e-01]",010,LW
832,0,0.3283483193360202,0,[-0.92325575  0.50808293 -3.11132274 -0.87254661 -1.31248732 -0.04854035],"[ 1.94933327e-01  3.64322195e-02  4.33767362e+01 -6.45557151e+00
 -1.30999052e+00 -7.90319137e-02]","[-2.29371186e-01  3.53454506e-02 -4.43072606e+01 -8.16280890e+00
 -1.23164126e+00  3.39104106e-01]","[ 8.91933109e-01  2.99389441e-02  3.53186866e+01 -2.95019059e+01
 -4.44714314e-01 -9.60083100e-01]","[ 5.73810274e-01  3.26439875e-02  4.84270244e+01 -2.57879241e+01
 -1.33098815e+00 -3.34397942e-02]","[-8.16696599e-03  8.88954775e-03 -1.77809118e+02  5.47838982e-01
 -1.30689896e+00  6.16734896e-02]","[ 5.50891140e-01  1.07243661e-02 -1.31186021e+02  7.42692166e+01
 -6.95337932e-01 -9.20596379e-01]","[ 1.09839943e-01  1.58005655e-02 -1.00024384e+02  1.29866726e+01
 -1.30846010e+00 -7.28127556e-02]",010,LW
833,0,0.3283483193360202,0,[-1.24415307  0.51726052 -3.05669609 -1.80299783 -1.31399412 -0.00522221],"[ 2.16979721e-01  3.40297117e-02  4.64023696e+01 -8.06837319e+00
 -1.30256583e+00 -1.26559362e-01]","[-2.49049186e-01  2.74360217e-02 -5.67740379e+01 -1.21395279e+01
 -1.17651826e+00  4.23367693e-01]","[ 8.94668027e-01  2.44268496e-02 -3.87621664e+01  3.66792709e+01
 -7.40877444e-01 -7.14523563e-01]","[ 5.93364410e-01  3.08113900e-02  5.12268560e+01 -2.83961932e+01
 -1.32278672e+00 -1.39552115e-01]","[-1.36087048e-02  8.44143000e-03 -1.87174196e+02 -5.47198378e-01
 -1.30338400e+00  9.33341775e-02]","[ 5.42449589e-01  1.81037464e-02 -8.44812392e+01  4.78268135e+01
 -1.08856215e+00 -5.91194167e-01]","[ 9.97587250e-02  1.63711169e-02 -9.65707456e+01  1.16337745e+01
 -1.31161142e+00 -3.39024888e-02]",010,LW
834,0,0.3283483193360202,0,[-1.56632353  0.51189721 -3.08839216 -2.8374213  -1.31253548  0.03694874],"[ 2.37267345e-01  3.07794906e-02  5.12398786e+01 -1.01575499e+01
 -1.29053434e+00 -1.76096565e-01]","[-2.64132899e-01  2.01974180e-02 -7.67431950e+01 -1.82704026e+01
 -1.11532105e+00  4.90330674e-01]","[  0.8789633    0.04424029 -33.94857643  31.83955268  -1.11621553
  -0.63169935]","[ 6.11012084e-01  2.68266401e-02  5.85333493e+01 -3.37645838e+01
 -1.28909915e+00 -2.78973667e-01]","[-1.87220292e-02  7.84352632e-03 -2.01321909e+02 -1.76915466e+00
 -1.29775548e+00  1.26970627e-01]","[ 5.29272108e-01  2.51148065e-02 -6.21249690e+01  3.48810133e+01
 -1.22240093e+00 -3.90552818e-01]","[ 8.94528623e-02  1.65258343e-02 -9.56751673e+01  1.05584176e+01
 -1.31299844e+00  5.20193474e-03]",010,LW
835,0,0.3003779840589527,0,[-1.88089623  0.49264717 -3.2078216  -4.03357955 -1.30850886  0.0787284 ],"[ 2.55359463e-01  2.69370350e-02  5.84540511e+01 -1.29267951e+01
 -1.27324170e+00 -2.25853195e-01]","[-2.75352872e-01  1.44861955e-02 -1.07119029e+02 -2.74955323e+01
 -1.08313035e+00  4.85115446e-01]","[  0.85072397   0.05768337 -27.26001733  25.19075027  -1.40254447
  -0.1972343 ]","[ 6.25378288e-01  2.07891426e-02  7.43175387e+01 -4.44765751e+01
 -1.18442524e+00 -4.91502899e-01]","[-2.34163088e-02  7.11298471e-03 -2.21796839e+02 -3.19366326e+00
 -1.29075705e+00  1.65152712e-01]","[ 5.11880328e-01  3.12207246e-02 -5.03467802e+01  2.77715264e+01
 -1.27535512e+00 -2.64023437e-01]","[ 7.91955239e-02  1.62370003e-02 -9.73596434e+01  9.71044797e+00
 -1.31254842e+00  4.70276341e-02]",010,LW
836,0,0.2699997878276536,0,[-2.17953707  0.46085175 -3.42673172 -5.46868881 -1.3021026   0.12192006],"[ 2.71002497e-01  2.28293744e-02  6.88446416e+01 -1.66570698e+01
 -1.25187409e+00 -2.71692259e-01]","[-2.83919492e-01  1.10645709e-02 -1.41934160e+02 -3.82978747e+01
 -1.12864366e+00  2.79242519e-01]","[  0.81834951   0.05743909 -27.36073162  24.39064142  -1.41557049
   0.19726893]","[ 6.35151935e-01  1.31759604e-02  1.08813238e+02 -6.71129385e+01
 -8.19235343e-01 -8.42708612e-01]","[-2.76043335e-02  6.25801895e-03 -2.51690308e+02 -4.94774318e+00
 -1.28072034e+00  2.16123812e-01]","[ 4.90940713e-01  3.61770375e-02 -4.35910998e+01  2.34006456e+01
 -1.29724269e+00 -1.77574354e-01]","[ 6.92739975e-02  1.54862110e-02 -1.02023783e+02  9.06759527e+00
 -1.30928428e+00  9.44106194e-02]",010,LW
837,0,0.1696592224548983,0,[-2.48771885  0.47025012 -3.35533082 -6.34711971 -1.16733129 -0.09241438],"[ 2.89805161e-01  2.85254385e-02  5.36550721e+01 -1.35495168e+01
 -7.42352887e-01  5.80249533e-01]","[ -0.32821848   0.09065744 -13.23302621  -2.34332381   0.22132958
  -1.47837673]",[ 1.00488228  0.46090579  2.21393321 -0.22474224  0.21392566  1.47340877],[ 0.58827882  0.11660914 -9.14165299  7.37784082  0.23566866 -1.48960406],"[-2.86169515e-02  4.78432595e-03 -7.95888870e+01 -2.77591318e-01
 -1.49604156e+00 -2.35477390e-01]","[ 4.26812546e-01  1.22582934e-01 -1.09144745e+01  6.65843466e+00
  1.07487967e-02 -1.31999739e+00]","[ 5.92913127e-02  1.53421123e-02 -1.03003988e+02  8.10724166e+00
 -1.22832026e+00 -1.02078846e-02]",010,LW
838,0,0.1851806962735941,0,[-2.6965691   0.36214863 -4.01486187 -8.82635247 -1.26762998  0.23969245],"[ 3.05129367e-01  2.77385296e-02  5.48650134e+01 -1.47409268e+01
 -1.67250359e+00  1.42613405e-01]","[ -0.37762555   0.11941377 -11.91424582  -2.49912358  -1.75876074
  -0.43797605]",[ 1.24564301  0.64252347  2.14734095 -0.67482025 -1.72298779  0.45511614],[ 0.52733421  0.16061728 -8.6983036   6.58691304 -1.73794587 -0.45175451],"[-2.74806860e-02  6.53329961e-03  1.61382269e+02  6.43489547e+00
 -1.14935789e+00  3.33036233e-01]",[ 0.36086405  0.14883838 -9.84235606  5.55175249 -1.78206941 -0.37640633],"[ 5.28349006e-02  1.13057117e-02 -1.24514372e+02  8.57870444e+00
 -1.14286724e+00  3.02347168e-01]",010,LW
839,0,0.1851806962735941,0,[-2.80220067  0.23835861 -3.07467951 -6.61586899 -1.05236649 -0.0216718 ],"[ 3.17342399e-01  2.35642638e-02  6.02354905e+01 -1.71152751e+01
 -1.67308910e+00 -4.81054019e-01]","[ -0.4323421    0.12876418 -11.52568332  -2.9830381   -1.77340081
   0.30188143]",[ 1.54015142  0.72656522  2.04934673 -1.15630427 -1.75138801 -0.25957535],[ 0.45275712  0.17998751 -8.29224448  5.7543727  -1.75246031  0.26356316],"[-2.41138338e-02  9.66526671e-03  1.54389751e+02  5.72292879e+00
 -1.39527828e+00  1.74156316e-01]",[ 0.29395628  0.14937695 -9.82530143  4.88820909 -1.78104558  0.37098871],"[ 5.01590781e-02  7.60697908e-03 -4.91481231e+01  4.46522454e+00
 -1.13533516e+00 -2.66340541e-01]",010,LW
840,0,0.1859601137825202,0,[-2.80389163  0.23556339  3.9109708  12.96593829 -1.06508373 -0.05135097],"[ 3.26814431e-01  1.66387525e-02  6.77264632e+01 -2.01339856e+01
  2.46220908e-01 -1.49717659e+00]","[ -0.49194324   0.11507052 -12.31662341  -4.05907962  -0.23018975
   1.13177629]",[ 1.8838792   0.67896372  2.13565861 -2.02332285 -0.3602434  -1.02344457],[ 0.3653169   0.16839898 -8.65870576  5.16317151 -0.38407559  0.98729086],"[-1.84584916e-02  1.19840827e-02  1.31327633e+02  4.42411002e+00
 -1.10167010e+00 -1.59931480e-01]","[  0.22676989   0.12430202 -10.88384023   4.46812728  -0.02414192
   1.29042387]","[ 5.14027598e-02  9.65624895e-03  1.22032398e+02 -4.27280203e+00
 -9.23626309e-01  2.87406616e-01]",010,LW
841,0,0.1859601137825202,0,[-2.70385903  0.34992581  4.50559087 14.18248256 -1.29623147  0.18523526],"[ 3.33856514e-01  9.96823348e-04 -8.41534600e+02  2.82951808e+02
 -6.88210742e-01 -7.94356852e-01]","[ -0.55541355   0.04945899 -31.90558183 -15.72079255  -1.30331433
   0.15387904]",[ 2.26857221  0.33799963  4.67281176 -8.60061093 -1.30941778 -0.11423974],"[  0.26604899   0.09186512 -17.20730244   6.57798542  -1.30112047
  -0.05536445]","[-1.04892679e-02  1.15682415e-02  1.36347172e+02  3.43018201e+00
 -1.28504085e+00  1.73593392e-01]","[ 1.59834698e-01  4.15038311e-02 -3.80919746e+01  8.08841925e+00
 -1.29906738e+00  3.74367566e-02]","[ 5.65788614e-02  1.46326059e-02  1.07674191e+02 -4.09208316e+00
 -1.28855007e+00  2.06504916e-01]",010,LW
842,0,0.1859601137825202,0,[-2.47386789  0.38765644  4.07380995 12.07806762 -1.30583906  0.1204223 ],"[ 3.32993180e-01  2.28075704e-03 -6.29270486e+02  2.11542780e+02
 -6.82754396e-01 -9.24835362e-01]","[ -0.58441051   0.0436203  -36.09347218 -19.09340464  -1.28166328
   0.22682881]","[  2.46991032   0.3071995    5.13384876 -10.680146    -1.29417573
  -0.17584414]","[  0.20709948   0.09499791 -16.64130362   5.44640526  -1.30172079
  -0.04440026]","[-2.80993196e-03  1.28526836e-02  1.22820314e+02  2.34511673e+00
 -1.29338002e+00  1.41856508e-01]","[  0.13397613   0.04036718 -39.16310314   7.24692118  -1.30171172
   0.04304283]","[ 6.62598705e-02  1.64154429e-02  9.61652428e+01 -4.37189654e+00
 -1.30371189e+00  1.39315455e-01]",010,LW
843,0,0.1923123755661142,0,[-2.22288575  0.41418637  3.81567991 10.48182049 -1.30729531  0.07507222],"[ 3.30991003e-01  4.13423945e-03 -3.65240143e+02  1.22891201e+02
 -9.14211014e-01 -7.18679549e-01]","[-6.09404575e-01  3.65463147e-02 -4.29245987e+01 -2.41584468e+01
 -1.24875664e+00  3.07479254e-01]","[  2.64972059   0.26798459   5.87291999 -13.561597    -1.27281698
  -0.23722054]","[  0.14638719   0.09748436 -16.21797609   4.37410391  -1.30301214
  -0.03306165]","[ 5.61139505e-03  1.39617843e-02  1.13140408e+02  1.36512447e+00
 -1.30202260e+00  1.07859369e-01]","[ 1.09003558e-01  3.89324128e-02 -4.05999063e+01  6.42553423e+00
 -1.30549003e+00  6.13150219e-02]","[ 7.69011368e-02  1.76708838e-02  8.94256460e+01 -4.87693384e+00
 -1.31185919e+00  8.23305181e-02]",010,LW
844,0,0.2750664614845064,0,[-1.95701982  0.4319768   3.65957807  9.16186684 -1.3045471   0.04709914],"[ 3.27504165e-01  6.71375869e-03 -2.27517885e+02  7.65130549e+01
 -9.79806369e-01 -6.39017406e-01]","[-6.29801445e-01  2.88490891e-02 -5.40597315e+01 -3.20468971e+01
 -1.19845896e+00  4.03039842e-01]","[  2.8039888    0.22431681   6.99732636 -17.62042474  -1.24519881
  -0.29841567]","[  0.08439931   0.09917598 -15.9422582    3.34551557  -1.30477006
  -0.01913569]","[ 1.46262879e-02  1.47969045e-02  1.06813723e+02  4.37711727e-01
 -1.30984490e+00  6.86789989e-02]","[ 8.52305334e-02  3.68696190e-02 -4.28507138e+01  5.65218920e+00
 -1.30737313e+00  9.76587066e-02]","[ 8.81544241e-02  1.83503037e-02  8.61555075e+01 -5.59498915e+00
 -1.31542919e+00  3.10072051e-02]",010,LW
845,2,0.305255919319966,1,[-1.6806149   0.4445294   3.55653731  7.97716961 -1.30052723  0.03489283],"[ 3.21983746e-01  1.03822549e-02 -1.47838515e+02  4.96015988e+01
 -1.02008949e+00 -5.95833053e-01]","[-6.45375007e-01  2.11219177e-02 -7.30611647e+01 -4.51518497e+01
 -1.11426917e+00  5.27559844e-01]","[  2.93118932   0.18020687   8.68226554 -23.44936398  -1.2115121
  -0.35763317]","[ 2.17408815e-02  9.98143427e-02 -1.58407360e+01  2.34439156e+00
 -1.30660009e+00 -1.15147946e-03]","[ 2.40284229e-02  1.52512854e-02  1.03665480e+02 -4.90918007e-01
 -1.31506916e+00  2.40256115e-02]","[ 6.31494046e-02  3.38562761e-02 -4.66077836e+01  4.94325378e+00
 -1.30267248e+00  1.55202062e-01]","[ 9.96508063e-02  1.84336111e-02  8.57707584e+01 -6.54712523e+00
 -1.31549913e+00 -1.76420049e-02]",010,LW
846,2,0.305255919319966,1,[-1.39600769  0.45542415  3.47146018  6.84618512 -1.29740982  0.03479022],"[ 3.13692241e-01  1.54362711e-02 -9.99017045e+01  3.33383895e+01
 -1.06937809e+00 -5.47027776e-01]","[-6.56250579e-01  1.39008016e-02 -1.08512166e+02 -6.92111717e+01
 -9.52419748e-01  7.07808882e-01]","[  3.03222412   0.13933449  11.19388022 -31.94235363  -1.17474527
  -0.40818045]","[ -0.0408129    0.09908438 -15.9567905    1.34875717  -1.30799965
   0.02185629]","[ 3.35569696e-02  1.52405492e-02  1.03737630e+02 -1.48112050e+00
 -1.31636202e+00 -2.51704316e-02]","[ 4.34006406e-02  2.96940844e-02 -5.29943972e+01  4.29999079e+00
 -1.28468753e+00  2.37834846e-01]","[ 1.11018162e-01  1.79300011e-02  8.81510091e+01 -7.78636299e+00
 -1.31237771e+00 -6.60042568e-02]",010,LW
847,2,0.305255919319966,1,[-1.10384238  0.46718352  3.38396917  5.73536856 -1.29647851  0.0403151 ],"[ 3.01794411e-01  2.19391267e-02 -7.06764005e+01  2.33297427e+01
 -1.12727902e+00 -4.83616570e-01]","[-6.62856150e-01  7.67753540e-03 -1.83279380e+02 -1.19487864e+02
 -5.92113406e-01  9.86949852e-01]","[  3.11008123   0.10471814  14.87016048 -44.24740705  -1.1452936
  -0.43412564]","[ -0.10230276   0.09668042 -16.35078345   0.32726968  -1.30821643
   0.05050023]","[ 4.29138230e-02  1.47248042e-02  1.07322974e+02 -2.60563909e+00
 -1.31300982e+00 -7.82855484e-02]","[ 2.66927341e-02  2.43777892e-02 -6.41530100e+01  3.71241924e+00
 -1.24017458e+00  3.56024728e-01]","[ 1.21899533e-01  1.68777194e-02  9.35772861e+01 -9.40702744e+00
 -1.30568210e+00 -1.16291403e-01]",010,LW
848,2,0.305255919319966,1,[-0.80391434  0.48038284  3.29091581  4.6456144  -1.29820223  0.04366883],"[ 2.85516625e-01  2.96249733e-02 -5.26318801e+01  1.70272768e+01
 -1.18465847e+00 -4.09533959e-01]","[-6.65848764e-01  3.14816921e-03 -2.63434336e+02 -1.73407427e+02
 -5.33317825e-01  9.14578738e-01]","[  3.16924269   0.07839073  19.90558224 -61.085621    -1.14240721
  -0.40764567]","[ -0.16161782   0.09238065 -17.10531496  -0.76452372  -1.3062381
   0.08498415]","[ 5.17902554e-02  1.37148742e-02  1.15109642e+02 -3.96155776e+00
 -1.30436356e+00 -1.35975234e-01]","[ 1.36953082e-02  1.81121244e-02 -8.49966913e+01  3.16405589e+00
 -1.13120606e+00  5.37303342e-01]","[ 1.31971691e-01  1.53437013e-02  1.02801522e+02 -1.15668906e+01
 -1.29431254e+00 -1.70727258e-01]",010,LW
849,2,0.305255919319966,1,[-0.49631709  0.49338873  3.20427139  3.59033465 -1.30221722  0.03840865],"[ 2.64333647e-01  3.79075866e-02 -4.13327298e+01  1.29256312e+01
 -1.23389339e+00 -3.31035730e-01]","[-6.66021750e-01  2.80075519e-03  4.28703238e+02  2.87525681e+02
 -7.07119889e-01  7.77409775e-01]","[ 3.21491031e+00  6.11021598e-02  2.56912856e+01 -8.05951790e+01
 -1.17862790e+00 -3.01971827e-01]","[ -0.21756834   0.0861166  -18.3369284   -1.98953516  -1.30100944
   0.12521599]","[ 5.98946489e-02  1.22644878e-02  1.28490201e+02 -5.69587550e+00
 -1.28902662e+00 -2.00923860e-01]","[ 4.93644219e-03  1.13460334e-02 -1.28212359e+02  2.63291290e+00
 -8.22073213e-01  8.38700668e-01]","[ 1.40962533e-01  1.34222165e-02  1.17279602e+02 -1.45320298e+01
 -1.27634573e+00 -2.31919572e-01]",010,LW
850,2,0.305255919319966,1,[-0.18254181  0.50282576  3.14437673  2.57398022 -1.30726822  0.02125104],"[  0.23812334   0.0459951  -34.1940134   10.14239275  -1.27123066
  -0.2532893 ]","[-6.64194553e-01  4.67715299e-03  3.29244794e+02  2.20682599e+02
 -1.23548210e+00  4.83244321e-01]","[ 3.25213536e+00  5.20723017e-02  3.03117704e+01 -9.65779803e+01
 -1.23228725e+00 -1.40803480e-01]","[ -0.26898366   0.07801021 -20.21978918  -3.43879298  -1.29154736
   0.17137897]","[ 6.69733998e-02  1.04545354e-02  1.50257161e+02 -8.06323293e+00
 -1.26333445e+00 -2.79440893e-01]","[ 7.27371487e-04  5.37009906e-03 -1.60847648e+02  2.11699599e+00
 -6.84321621e-01  7.85222831e-01]","[ 1.48665290e-01  1.12296528e-02  1.39725322e+02 -1.87723055e+01
 -1.24840910e+00 -3.03908790e-01]",010,LW
851,0,0.1333954053463989,0,[ 0.35677221  0.92578435  1.5811892   1.43587564 -0.41573125  0.96831024],[ 0.16409479  0.14058842 -9.69116457  3.5902696  -0.0559774  -1.27135658],"[-6.51373093e-01  2.64463238e-02  4.80753514e+01  3.33149903e+01
  1.39254857e-01  1.41816792e+00]","[ 3.28435288e+00  4.79550787e-02  3.29608113e+01 -1.06254936e+02
 -1.29690061e+00 -6.07349217e-02]","[ -0.32235604   0.08033023 -19.60202694  -4.31883185  -1.1105815
  -0.14064218]","[ 6.92879603e-02  7.27425985e-03  8.01807963e+01 -3.55556383e+00
 -1.40460475e+00  1.98414623e-01]",[ 0.02229764  0.05306016 21.29505367  1.52517048  0.23918132  1.49191918],"[ 1.53747317e-01  7.58877880e-03  1.88907669e+02 -2.70440471e+01
 -1.02030379e+00 -6.30890930e-01]",010,LW
852,0,0.1360866326327188,0,[ 0.83465019  0.9847675   1.51903227  0.73213942 -1.74498311  0.2483443 ],[ 0.08964383  0.16673349 -8.83121427  2.79166385 -1.78442502 -0.35294995],"[-6.35524717e-01  3.60422650e-02  4.04468044e+01  2.77049440e+01
 -1.66619627e+00  4.63766459e-01]","[ 3.29437000e+00  3.53514264e-02  1.87169892e+01 -5.96606878e+01
 -1.24735918e+00  3.60570854e-01]","[ -0.36067631   0.06482412 -23.11255621  -6.33615147  -1.39877129
   0.18838254]","[ 6.81104423e-02  9.18385611e-03 -1.07921136e+02  9.35055631e+00
 -1.08541016e+00 -2.95602740e-01]",[ 0.04969904  0.07108437 19.94539667  1.0087329  -1.76600619  0.43537895],"[ 1.56207750e-01  4.18835087e-03  1.56242611e+02 -2.24063067e+01
 -9.36090175e-01 -3.20903174e-01]",010,LW
853,0,0.1291187472191567,0,[ 1.23850127  0.86797327  1.59972896  0.01873365 -1.71961534 -0.45846783],[ 0.01693196  0.16222728 -8.94131755  2.15139406 -1.77999552  0.40272192],[-0.61660087  0.04101087 37.25428766 24.9710262  -1.67796018 -0.15757081],"[  3.27904587   0.06271552 -16.31413622  55.49480102  -0.53470016
  -0.79571784]","[ -0.38372716   0.04368186 -24.82144014  -7.52466061  -1.15894011
   0.37993278]","[ 6.33550967e-02  1.39915966e-02 -1.06340972e+02  8.73724255e+00
 -1.34551082e+00 -2.36625896e-01]",[ 0.08182267  0.07675655 19.32189081  0.41903128 -1.7756058  -0.31087478],"[ 1.56231343e-01  4.14583479e-03 -2.77435778e+02  4.53441640e+01
 -9.50314733e-01 -3.00061812e-01]",010,LW
854,0,0.1189704316880724,0,[ 1.55747005  0.61838768  1.63094469 -0.5401475   0.19691632 -1.46234392],[-0.05194431  0.12865016 -9.93383739  1.48399365  0.12686655  1.40996836],[-0.59454049  0.04042363 37.6812432  24.40302475 -0.71577431 -0.65784886],"[  3.2351536    0.11357435 -12.89254186  43.70935325  -1.08763258
  -0.61085042]",[-0.391664    0.03143046 10.74044613  6.20664605 -1.5437244  -0.17880394],"[ 5.50280119e-02  1.77705011e-02 -8.87447780e+01  6.88344870e+00
 -1.14549767e+00  8.79389443e-02]",[ 0.11746837  0.06814002 20.74568826 -0.43696217 -0.21352354 -1.14173357],"[ 1.54055905e-01  6.28254526e-03 -2.50565579e+02  4.06011070e+01
 -1.31608949e+00 -2.18193750e-01]",010,LW
855,0,0.0788222559005431,0,"[  1.78332961   0.12681941 -11.64373551  22.7646183   -0.91301296
  -0.77233625]","[-1.15086940e-01  2.46249196e-02 -6.29234754e+01 -5.24167020e+00
 -1.15391650e+00  4.81594531e-01]","[-5.69388924e-01  2.89867943e-02  5.44999805e+01  3.30316852e+01
 -1.31905076e+00  9.86626965e-02]",[ 3.16029366  0.1608194  -9.77807937 32.90160226 -1.28569133 -0.25299973],[-0.38499078  0.04140494 37.94041277 16.60670908 -1.26533813  0.27830042],"[ 4.32297606e-02  1.76181470e-02 -8.95501449e+01  5.87123133e+00
 -1.29600842e+00 -1.62621032e-01]","[ 1.55424557e-01  2.95098929e-02  5.35482735e+01 -6.32271669e+00
 -1.30443301e+00 -8.51591006e-02]","[ 1.49952248e-01  7.05136548e-03 -2.24026116e+02  3.55932196e+01
 -1.30627046e+00 -1.05330253e-01]",010,LW
856,0,0.0788222559005431,0,[ 1.68812921  0.19376416 -7.99010758 15.48833398 -1.17570683 -0.48025191],"[-1.27734264e-01  1.65993965e-02 -9.10076508e+01 -9.62479525e+00
 -9.92339866e-01  6.83887319e-01]","[-5.51138860e-01  2.99896517e-02  5.27176455e+01  3.10547431e+01
 -1.33194008e+00  9.56024595e-03]",[ 3.05438816  0.18272957 -8.63809157 28.38408461 -1.32018944 -0.13892082],[-0.35697846  0.04853818 32.4690964  13.5907681  -1.28930397  0.19861438],"[ 3.16895963e-02  1.92886355e-02 -8.18905336e+01  4.59507795e+00
 -1.30624639e+00 -1.10015602e-01]","[ 1.73372186e-01  2.76110396e-02  5.72031764e+01 -7.91743974e+00
 -1.29806641e+00 -1.15414389e-01]","[ 1.45404187e-01  7.46628047e-03 -2.11698160e+02  3.27817988e+01
 -1.30809511e+00 -6.41500518e-02]",010,LW
857,0,0.0788222559005431,0,[ 1.55148893  0.25246345 -6.21032542 11.63525114 -1.25920718 -0.3135156 ],"[-1.35172893e-01  9.03222199e-03 -1.47570678e+02 -1.79475555e+01
 -5.31480331e-01  1.00295107e+00]","[-5.32941246e-01  2.90968595e-02  5.42904036e+01  3.09335953e+01
 -1.33170982e+00 -9.71638615e-02]",[ 2.93869326  0.1929692  -8.19216033 26.07424638 -1.33581966 -0.0299752 ],[-0.3248652   0.05430146 29.0722713  11.4445693  -1.30179869  0.13779905],"[ 1.92676819e-02  2.04257177e-02 -7.73835506e+01  3.49100164e+00
 -1.31182049e+00 -6.21984161e-02]","[ 1.90047392e-01  2.53636888e-02  6.22402650e+01 -9.82860003e+00
 -1.29044324e+00 -1.40296303e-01]","[ 1.40634230e-01  7.72230181e-03 -2.04729044e+02  3.07919116e+01
 -1.30691861e+00 -3.45106653e-02]",010,LW
858,0,0.0788222559005431,0,[ 1.38019978  0.30061418 -5.24040622  9.23280749 -1.29062516 -0.20962627],"[-1.37414472e-01  4.85438024e-03  3.82734436e+01  7.25932505e+00
 -1.66153855e+00  2.84823288e-01]","[-5.16053185e-01  2.60793848e-02  6.03328273e+01  3.31349476e+01
 -1.30661663e+00 -2.33703987e-01]",[ 2.82110068  0.18953178 -8.33637817 25.5177621  -1.33382162  0.08333713],[-0.28955958  0.05856829 26.97891863  9.81200444 -1.30808241  0.0885944 ],"[ 6.30978736e-03  2.09822571e-02 -7.53527184e+01  2.47545963e+00
 -1.31361523e+00 -1.81759592e-02]","[ 2.05307093e-01  2.29837575e-02  6.86603130e+01 -1.20964493e+01
 -1.28274937e+00 -1.55949281e-01]","[ 1.35727978e-01  7.86062178e-03 -2.01142384e+02  2.93006491e+01
 -1.30401675e+00 -1.59571206e-02]",010,LW
859,0,0.2414018237823589,0,[ 1.18129858  0.33785107 -4.67249466  7.51961129 -1.30302596 -0.13911797],"[-1.34483022e-01  9.95293039e-03  1.39094221e+02  2.07058113e+01
 -6.27296760e-01  9.58714391e-01]","[-5.01797758e-01  2.09891377e-02  7.40696789e+01  3.91679988e+01
 -1.22412285e+00 -4.26594466e-01]",[ 2.71025438  0.17200386 -9.1558002  26.81454758 -1.30927469  0.21253411],[-0.25201513  0.06129992 25.7884971   8.49909136 -1.31057101  0.04732017],"[-6.82441282e-03  2.09587024e-02 -7.54365702e+01  1.48518970e+00
 -1.31233627e+00  2.23973135e-02]","[ 2.19146129e-01  2.07034242e-02  7.62209858e+01 -1.47035340e+01
 -1.27687085e+00 -1.57297414e-01]","[ 1.30741705e-01  7.93369734e-03 -1.99292812e+02  2.80558820e+01
 -1.30032813e+00 -8.87400658e-03]",010,LW
860,0,0.2414018237823589,0,[ 0.96156305  0.36480628 -4.33135236  6.16486838 -1.3071924  -0.08897207],"[-1.26394293e-01  1.75280392e-02  8.67317267e+01  1.29623953e+01
 -1.03014779e+00  6.43506605e-01]","[-4.91413225e-01  1.42533690e-02  1.04357852e+02  5.32828287e+01
 -9.65363978e-01 -7.33650807e-01]","[  2.61462548   0.14167604 -11.01713358  30.80567813  -1.24352129
   0.37888254]","[-2.13180279e-01  6.25443678e-02  2.52797313e+01  7.38914019e+00
 -1.31060510e+00  1.19550339e-02]","[-1.97899795e-02  2.04028188e-02 -7.74731768e+01  4.66807421e-01
 -1.30858214e+00  5.94926870e-02]","[ 2.31698362e-01  1.87480914e-02  8.42068463e+01 -1.75105884e+01
 -1.27435051e+00 -1.39063767e-01]","[ 1.25698026e-01  7.99967466e-03 -1.97647505e+02  2.68439013e+01
 -1.29667429e+00 -1.31585753e-02]",010,LW
861,0,0.2414018237823589,0,[ 0.72713126  0.38273787 -4.13017169  5.00317693 -1.30764742 -0.05269143],"[-1.13163416e-01  2.54485045e-02  6.10080244e+01  8.90387646e+00
 -1.16702958e+00  4.59574383e-01]","[-4.85913215e-01  7.27201844e-03  1.42575902e+02  7.12795149e+01
 -5.46093271e-01 -8.75318984e-01]","[  2.54163585   0.1014987  -14.96885296  40.04537331  -1.06728262
   0.62884436]","[-1.73950966e-01  6.24239483e-02  2.53281363e+01  6.40585377e+00
 -1.30904839e+00 -1.87521727e-02]","[-3.22835659e-02  1.94022765e-02 -8.14355121e+01 -6.29028721e-01
 -1.30294585e+00  9.27310267e-02]","[ 2.43226568e-01  1.73161399e-02  9.12397550e+01 -2.01919325e+01
 -1.27492014e+00 -9.76121612e-02]","[ 1.20585883e-01  8.11390320e-03 -1.94856139e+02  2.54968996e+01
 -1.29365820e+00 -2.69218993e-02]",010,LW
862,0,0.2414018237823589,0,[ 0.48328625  0.39318005 -4.02117273  3.94337747 -1.30674574 -0.0261641 ],"[-9.48403428e-02  3.33822038e-02  4.68846749e+01  6.44655864e+00
 -1.22675754e+00  3.49180450e-01]","[-4.85985233e-01  7.41831257e-03 -1.34118740e+02 -6.31797271e+01
 -5.18587575e-01 -8.98009821e-01]","[ 2.49697786e+00  5.71196074e-02 -2.31085360e+01  5.97015028e+01
 -5.58331879e-01  9.78180381e-01]",[-0.13512834  0.06111989 25.86502972  5.49509865 -1.30637552 -0.04550616],"[-4.40640705e-02  1.80723353e-02 -8.73855837e+01 -1.85056452e+00
 -1.29614494e+00  1.21430471e-01]","[ 2.54101449e-01  1.65660464e-02  9.54314058e+01 -2.22492585e+01
 -1.27596451e+00 -3.43897913e-02]","[ 1.15364913e-01  8.32008328e-03 -1.90005964e+02  2.39200215e+01
 -1.29144875e+00 -4.62817347e-02]",010,LW
863,0,0.2414018237823589,0,[ 0.23442764  0.39756386 -3.97704599  2.9323295  -1.30576351 -0.00593476],[-0.07156594  0.04107515 38.26070546  4.7381633  -1.26032345  0.27148462],"[-4.91941456e-01  1.53596116e-02 -9.56494142e+01 -4.50539121e+01
 -8.66448230e-01 -8.05077719e-01]","[  2.48420876   0.03310576   8.61757607 -19.40785792  -1.57107687
   0.31848175]",[-0.0973814   0.05886277 26.85134113  4.61482123 -1.30279525 -0.06823901],"[-5.49646293e-02  1.65405546e-02 -9.54310971e+01 -3.24533488e+00
 -1.28903011e+00  1.44754536e-01]","[ 2.64772202e-01  1.66065859e-02  9.51945388e+01 -2.32048676e+01
 -1.27429079e+00  4.05676068e-02]","[ 1.09973466e-01  8.64429932e-03 -1.82846571e+02  2.21082712e+01
 -1.28998290e+00 -6.65625987e-02]",010,LW
864,0,0.2414018237823589,0,[-0.01578679  0.39691187 -3.98355221  1.93711248 -1.30518665  0.01120244],[-0.04363127  0.04820627 32.68207045  3.42596027 -1.28210112  0.20913899],"[-5.03714313e-01  2.40362429e-02 -6.41858906e+01 -3.03313518e+01
 -1.14462170e+00 -5.17962868e-01]","[  2.50461136   0.06757033  20.69255769 -49.82681503  -0.68815951
   0.92343164]",[-0.06121955  0.05592301 28.25669182  3.72986187 -1.29870257 -0.08615752],"[-6.48949980e-02  1.49303761e-02 -1.05678901e+02 -4.85803207e+00
 -1.28251265e+00  1.61939367e-01]","[ 2.75731518e-01  1.74835857e-02  9.03461488e+01 -2.29112808e+01
 -1.26975229e+00  1.10613519e-01]","[ 1.04339822e-01  9.09230072e-03 -1.73802491e+02  2.01345210e+01
 -1.28952620e+00 -8.34908044e-02]",010,LW
865,0,0.2414018237823589,0,[-0.26420199  0.39173813 -4.03595303  0.93369319 -1.30486465  0.02786393],"[-1.15174594e-02  5.44152405e-02  2.89996864e+01  2.33400271e+00
 -1.29651631e+00  1.55129896e-01]","[-5.20878163e-01  3.20009258e-02 -4.89078276e+01 -2.34750194e+01
 -1.24609752e+00 -3.43915888e-01]","[  2.55727699   0.11391414  13.43411361 -32.35474961  -1.10101695
   0.58276141]","[-2.69847638e-02  5.25832912e-02  3.00458737e+01  2.81078081e+00
 -1.29496689e+00 -9.86887798e-02]","[-7.38345661e-02  1.33464270e-02 -1.18187691e+02 -6.72633686e+00
 -1.27742828e+00  1.72621270e-01]","[ 2.87476564e-01  1.91684697e-02  8.23165430e+01 -2.16640769e+01
 -1.26587314e+00  1.61352984e-01]","[ 9.83962473e-02  9.64708957e-03 -1.63784592e+02  1.81157892e+01
 -1.29081369e+00 -9.34132151e-02]",010,LW
866,0,0.3055501505592054,0,[-0.50792681  0.3821736  -4.13652469 -0.10105178 -1.30432445  0.04566099],"[ 2.40970553e-02  5.93727913e-02  2.66056323e+01  1.35888261e+00
 -1.30541407e+00  1.06918527e-01]","[-5.42683278e-01  3.86196172e-02 -4.07667219e+01 -2.01234183e+01
 -1.29143603e+00 -2.24605131e-01]","[  2.63937417   0.1565054    9.98093567 -24.34342382  -1.23675964
   0.37204414]","[ 5.13159433e-03  4.90861510e-02  3.21822542e+01  1.83485373e+00
 -1.29248474e+00 -1.06804890e-01]","[-8.18180965e-02  1.18645141e-02 -1.32933355e+02 -8.87635408e+00
 -1.27429445e+00  1.77179137e-01]","[ 3.00469170e-01  2.15607833e-02  7.31290328e+01 -1.99730198e+01
 -1.26579439e+00  1.87814096e-01]","[ 9.20946283e-02  1.02656997e-02 -1.53914533e+02  1.61747017e+01
 -1.29438090e+00 -9.34415728e-02]",010,LW
867,0,0.3055501505592054,0,[-0.74416491  0.36819841 -4.2927766  -1.19453371 -1.30317122  0.0653175 ],[ 0.06235955  0.06283482 25.15491642  0.43135062 -1.31034436  0.06321338],"[ -0.56809669   0.04342772 -36.35484785 -18.65306865  -1.31392405
  -0.13097778]","[  2.74656077   0.19168522   8.20865453 -20.5455685   -1.28780433
   0.23903481]",[ 0.03504955  0.04557912 34.65446353  0.78537666 -1.29142896 -0.11339103],"[-8.89173780e-02  1.05276136e-02 -1.49815991e+02 -1.13212451e+01
 -1.27315981e+00  1.76939643e-01]","[ 3.15099179e-01  2.45042879e-02  6.43329380e+01 -1.82712559e+01
 -1.26978336e+00  1.93331857e-01]","[ 8.54215023e-02  1.08791324e-02 -1.45258100e+02  1.44081651e+01
 -1.29980070e+00 -8.21966716e-02]",010,LW
868,0,0.3055501505592054,0,[-0.97013216  0.34981207 -4.51718232 -2.38226386 -1.30124792  0.0873868 ],"[ 1.02284369e-01  6.46490180e-02  2.44559316e+01 -5.01459530e-01
 -1.31271041e+00  2.22738687e-02]","[ -0.5958491    0.04607102 -34.31090043 -18.44411911  -1.32437541
  -0.0485624 ]","[  2.87347915   0.21788453   7.24370922 -18.81464738  -1.30830379
   0.14596261]",[ 0.06274509  0.04209172 37.51929257 -0.35415144 -1.29111743 -0.12230432],"[-9.52219303e-02  9.34752802e-03 -1.68742474e+02 -1.40679841e+01
 -1.27366354e+00  1.74243497e-01]","[ 3.31652643e-01  2.78048072e-02  5.67116610e+01 -1.68085722e+01
 -1.27652240e+00  1.84029615e-01]","[ 7.84100262e-02  1.13999370e-02 -1.38655967e+02  1.28720180e+01
 -1.30575421e+00 -6.02100459e-02]",010,LW
869,0,0.3055501505592054,0,[-1.1830307   0.32704934 -4.82956435 -3.71352288 -1.29842634  0.11311712],"[ 1.42795848e-01  6.47220617e-02  2.44286045e+01 -1.48830329e+00
 -1.31329987e+00 -1.85275256e-02]","[-6.24490809e-01  4.63099768e-02 -3.41374199e+01 -1.93185049e+01
 -1.32632523e+00  3.20718935e-02]","[  3.01427467   0.2346498    6.73492049 -18.30090022  -1.31562116
   0.07563152]","[ 8.81884018e-02  3.85526780e-02  4.09502926e+01 -1.61134085e+00
 -1.29051765e+00 -1.37488755e-01]","[-1.00821811e-01  8.31085378e-03 -1.89800730e+02 -1.71360534e+01
 -1.27508965e+00  1.72313717e-01]","[ 3.50287120e-01  3.12428279e-02  5.04974470e+01 -1.56886053e+01
 -1.28455693e+00  1.65039726e-01]","[ 7.11465754e-02  1.17363083e-02 -1.34711239e+02  1.15842433e+01
 -1.31077809e+00 -2.91706725e-02]",010,LW
870,0,0.3055501505592054,0,[-1.38004108  0.29990942 -5.26308647 -5.26327551 -1.29408961  0.14494543],[ 0.18276115  0.0629863  25.09450783 -2.58630106 -1.31194115 -0.06242364],"[ -0.65246041   0.04403101 -35.86424598 -21.40000047  -1.31914954
   0.11983509]","[  3.16308326   0.2423174    6.52471698 -18.63822302  -1.31644835
   0.01927336]","[ 1.11289899e-01  3.48262027e-02  4.53030507e+01 -3.04177191e+00
 -1.28833886e+00 -1.63341151e-01]","[-1.05794885e-01  7.38737258e-03 -2.13511851e+02 -2.05884619e+01
 -1.27640400e+00  1.74747317e-01]","[ 3.71016891e-01  3.45827441e-02  4.56485190e+01 -1.49363716e+01
 -1.29263381e+00  1.39787267e-01]","[ 6.37700041e-02  1.18070351e-02 -1.33911800e+02  1.05395560e+01
 -1.31372711e+00  9.36264557e-03]",010,LW
871,0,0.3055501505592054,0,[-1.55833938  0.26836433 -5.87510213 -7.15540302 -1.28645363  0.18637112],[ 0.22101819  0.0594031  26.58896189 -3.8766441  -1.30729157 -0.11280809],"[-6.78166258e-01  3.92622605e-02 -4.00934951e+01 -2.51900555e+01
 -1.29689459e+00  2.26568045e-01]","[  3.3144313    0.24176857   6.53935773 -19.67425195  -1.3136196
  -0.02796428]","[ 1.31868167e-01  3.07487094e-02  5.12433967e+01 -4.75737282e+00
 -1.28192865e+00 -2.05851085e-01]","[-1.10199676e-01  6.53973988e-03 -2.41114059e+02 -2.45706912e+01
 -1.27632597e+00  1.84732330e-01]","[ 3.93708412e-01  3.75857354e-02  4.20259018e+01 -1.45459511e+01
 -1.29977137e+00  1.10577720e-01]","[ 5.64628560e-02  1.15527374e-02 -1.36826456e+02  9.72561247e+00
 -1.31358526e+00  5.47828493e-02]",010,LW
872,0,0.3055501505592054,0,[-1.71517902  0.23253191 -6.76706725 -9.60673175 -1.27200403  0.24169367],[ 0.25641462  0.05400525 29.20488682 -5.48856007 -1.29673624 -0.17316064],"[-7.00079221e-01  3.22041723e-02 -4.84959631e+01 -3.19510161e+01
 -1.24095667e+00  3.72932583e-01]","[  3.46350883   0.23422829   6.74774753 -21.37088311  -1.3085443
  -0.06893477]","[ 1.49646073e-01  2.61684350e-02  6.00445706e+01 -6.98543418e+00
 -1.26493231e+00 -2.74046906e-01]","[-1.14074519e-01  5.73410917e-03 -2.74819477e+02 -2.93498996e+01
 -1.27325413e+00  2.04124833e-01]","[  0.41808804   0.04003353  39.47509524 -14.50406518  -1.30520621
   0.07924502]","[ 4.94361066e-02  1.09425366e-02 -1.44354700e+02  9.13633435e+00
 -1.30905817e+00  1.07660129e-01]",010,LW
873,0,0.1308786176403114,0,"[ -1.8480428    0.19290602  -8.12787509 -13.02066103  -1.24460647
   0.31717211]",[ 0.28786415  0.0469456  33.50781141 -7.64569778 -1.27602392 -0.24816177],"[-7.16837928e-01  2.32981808e-02 -6.54892806e+01 -4.49452002e+01
 -1.08873304e+00  6.01896892e-01]","[  3.60632154   0.22109486   7.14491838 -23.76687304  -1.30203327
  -0.10561178]","[ 1.64273451e-01  2.09962310e-02  7.43556839e+01 -1.02146648e+01
 -1.22172367e+00 -3.83668162e-01]","[-1.17443133e-01  4.95036233e-03 -3.18008094e+02 -3.53478670e+01
 -1.26544942e+00  2.32318255e-01]","[  0.44376753   0.0417621   37.85337411 -14.79809821  -1.30834298
   0.04766369]","[ 4.29106236e-02  9.97706528e-03 -1.58097690e+02  8.78407045e+00
 -1.29814723e+00  1.70018227e-01]",010,LW
874,0,0.1308786165128114,0,"[ -1.95481684   0.1504467  -10.34683039 -18.22615823  -1.19095161
   0.42603158]","[ 3.14411421e-01  3.85135861e-02  4.06362642e+01 -1.07765056e+01
 -1.23668403e+00 -3.47107732e-01]","[-7.27365067e-01  1.34989240e-02 -1.01094361e+02 -7.15325066e+01
 -6.26510670e-01  9.52951035e-01]","[  3.73975026   0.20378822   7.74650217 -26.9699835   -1.294433
  -0.13967016]","[ 1.75372653e-01  1.52674368e-02  1.00476094e+02 -1.56207592e+01
 -1.10619480e+00 -5.68152528e-01]","[-1.20324732e-01  4.18895064e-03 -3.75310163e+02 -4.31590948e+01
 -1.25219631e+00  2.65255592e-01]","[ 4.70287270e-01  4.26929028e-02  3.70339395e+01 -1.54165903e+01
 -1.30902456e+00  1.78893211e-02]","[ 3.70984119e-02  8.68783918e-03 -1.81074905e+02  8.71759140e+00
 -1.27714123e+00  2.46422315e-01]",010,LW
875,0,0.1308786165128114,0,"[ -2.03391969   0.10650298 -14.35447665 -27.19585274  -1.06936909
   0.60138534]","[ 3.35290317e-01  2.91119728e-02  5.31558766e+01 -1.58226507e+01
 -1.15510877e+00 -4.91828075e-01]",[-0.73098197  0.00703678 -1.54375112  0.87154576 -1.71835672  0.24899612],"[  3.86152722   0.18361926   8.59021009 -31.1713301   -1.28575606
  -0.1728169 ]","[ 1.82600098e-01  9.25543845e-03  1.54337297e+02 -2.61820055e+01
 -7.52511112e-01 -8.85869753e-01]","[-1.22745256e-01  3.47110078e-03 -4.52322012e+02 -5.35203814e+01
 -1.23548304e+00  2.95071032e-01]","[ 4.97168454e-01  4.28451440e-02  3.69031727e+01 -1.63470933e+01
 -1.30776430e+00 -8.26917700e-03]","[ 3.21859991e-02  7.13271234e-03 -2.19419751e+02  9.06224389e+00
 -1.23742222e+00  3.46809910e-01]",010,LW
876,0,0.154557550272411,0,[-2.02040883  0.13278902  3.96734997 10.01566893 -0.66668512  0.87767486],[ 0.33817834  0.02415553 -1.1296234   2.38201416 -1.50824591 -0.18961993],[-0.70830312  0.05523769 21.66413528 17.3447747   0.19675354  1.4624055 ],"[  4.00581772   0.2222612    6.96308182 -25.89283649  -0.87084377
   0.46915287]","[ 1.74619296e-01  2.64362427e-02 -3.60535413e+01  8.29564402e+00
  1.19901546e-01 -1.41111152e+00]","[-1.25586008e-01  4.27222551e-03 -3.58410348e+02 -4.30113249e+01
 -7.44843816e-01 -5.72233535e-01]",[ 0.54234997  0.07690289 19.08611354 -8.35135314 -0.43133548  0.95090729],"[ 2.94328149e-02  4.47554258e-03 -2.77646531e+02  1.01719189e+01
 -8.58359758e-01  5.17926982e-01]",010,LW
877,0,0.154557550272411,0,[-1.95612118  0.21046701  6.26083056 14.24694324 -1.44170431  0.53894532],"[  0.32971403   0.03633522 -33.46388702  13.03351303  -1.29820016
  -0.49515693]",[-0.67966675  0.07253836 19.89800928 15.52401524 -1.77138429  0.41561382],"[  4.12570357   0.21260366   7.2225385  -27.79805287  -1.62895616
   0.07059713]","[  0.16074988   0.03869269 -36.05194758   7.79534636  -1.65695754
  -0.48653008]","[-1.28107692e-01  4.46050238e-03 -3.45177531e+02 -4.22198966e+01
 -1.63699134e+00 -2.08127848e-01]",[ 0.58607781  0.08695707 17.41898012 -8.20887768 -1.71418878  0.28442619],"[ 2.86017801e-02  3.08203677e-03  8.15881428e+01 -3.33566116e-01
 -1.26619835e+00 -2.30812096e-01]",010,LW
878,0,0.154557550272411,0,[-1.84224351  0.2805432   5.44323425 12.02776296 -1.556257    0.04036717],"[  0.3100481    0.05162134 -29.40768246  11.11779609  -1.4784774
  -0.12913583]",[-0.64791464  0.07502036 19.62788443 14.71719358 -1.78456364 -0.35523285],"[  4.22159365   0.17641521   8.13095094 -32.32557084  -1.59787633
  -0.51279102]","[  0.14187415   0.04523936 -33.48447944   6.7505822   -1.70815805
   0.18222552]","[-1.30442536e-01  4.29245955e-03 -3.55637611e+02 -4.43902720e+01
 -1.64757339e+00  3.06359202e-01]",[ 0.62794564  0.08388561 17.82737498 -9.19462242 -1.71243454 -0.36962372],"[ 2.96028311e-02  4.55585964e-03  3.08228447e+02 -7.12443465e+00
 -1.10593953e+00  3.78359751e-01]",010,LW
879,0,0.154557550272411,0,[-1.68056512  0.31569288  4.94892055 10.31698324 -0.98783555 -0.32454096],"[  0.27952817   0.06137178 -25.59776999   9.1552977   -1.06575036
   0.20052471]","[-6.16229513e-01  6.14152615e-02  2.15213947e+01  1.52621186e+01
  1.55948417e-02 -1.33732647e+00]","[  4.29425415   0.12026329   9.57030372 -39.0973165    0.2360994
  -1.48983532]","[  0.11911203   0.04351743 -34.41402838   6.09912472  -0.59521728
   0.82159691]","[-1.32713174e-01  3.74185609e-03 -3.98427904e+02 -5.08766319e+01
 -5.30996387e-01  8.35300265e-01]","[  0.6675572    0.0681124   20.51710927 -11.69634407  -0.16183571
  -1.18773988]","[ 3.22758955e-02  6.32118568e-03  2.49996713e+02 -6.06886777e+00
 -1.25405368e+00  6.45036065e-02]",010,LW
880,0,0.154557550272411,0,[-1.47344418  0.2807761   5.61858601 10.27867284 -1.28912983  0.16706551],"[  0.23868056   0.05826106 -27.06219809   8.45922064  -1.28536302
  -0.18648149]","[-5.87849198e-01  1.36125604e-02  9.70749343e+01  5.90654223e+01
 -5.92008978e-01 -9.54832186e-01]","[ 4.34456402e+00  9.87199604e-03 -4.46911459e+01  1.96163544e+02
 -1.39032017e+00 -4.13675573e-01]","[ 9.37405267e-02  2.61926871e-02 -6.03034923e+01  7.65288114e+00
 -1.31475926e+00  1.09463779e-01]","[-1.35025226e-01  2.41724912e-03 -6.52781696e+02 -8.61419963e+01
 -1.28908629e+00 -1.58493150e-01]","[ 7.04507328e-01  2.66525734e-02  5.91525197e+01 -3.96733835e+01
 -1.29030990e+00 -1.87609207e-01]","[ 3.64063192e-02  6.60044621e-03  2.39316482e+02 -6.71263222e+00
 -1.31354120e+00  1.06860019e-01]",010,LW
881,0,0.154557550272411,0,[-1.28784635  0.31019857  5.0901003   8.5552671  -1.29658     0.13103891],"[  0.19999685   0.06505336 -24.26422321   6.85276832  -1.2956772
  -0.14417887]","[-5.84971190e-01  8.20486018e-03 -3.72701868e+01 -1.98019855e+01
 -1.54006816e+00 -3.32061229e-01]","[ 4.33765109e+00  2.12592206e-02 -6.63687890e+01  2.89884650e+02
 -6.69940316e-01 -9.36009514e-01]","[ 7.82008473e-02  2.37800310e-02 -6.63005645e+01  7.18476032e+00
 -1.29621695e+00  1.85151874e-01]","[-1.36627139e-01  2.66889355e-03 -5.91570938e+02 -7.88246445e+01
 -1.29099476e+00 -1.34695833e-01]","[ 7.20005593e-01  2.29910040e-02  6.83999039e+01 -4.72483133e+01
 -1.27057566e+00 -2.55793597e-01]","[ 4.06284067e-02  6.94766711e-03  2.27534917e+02 -7.24438114e+00
 -1.31599527e+00  4.49804768e-02]",010,LW
882,0,0.154557550272411,0,[-1.08537259  0.33464939  4.72114072  7.12419672 -1.30322729  0.09702833],"[  0.15744364   0.07064695 -22.36100369   5.52059782  -1.30393898
  -0.10411664]","[-5.90123336e-01  1.68623090e-02 -8.28942085e+01 -4.69178068e+01
 -6.89922714e-01 -9.22670613e-01]","[ 4.32019483e+00  3.70513907e-02 -4.10630822e+01  1.79400516e+02
 -1.02114857e+00 -6.44129924e-01]","[ 6.44309383e-02  2.04752321e-02 -7.67627298e+01  6.94589471e+00
 -1.26897498e+00  2.67316041e-01]","[-1.38395662e-01  2.92329251e-03 -5.40154879e+02 -7.27550918e+01
 -1.28385514e+00 -1.29639181e-01]","[ 7.33060679e-01  1.88647457e-02  8.30077292e+01 -5.88497023e+01
 -1.23318712e+00 -3.40034648e-01]","[ 4.49980806e-02  7.04119608e-03  2.24549972e+02 -8.10431773e+00
 -1.31562979e+00 -5.96041658e-03]",010,LW
883,0,0.1278747548379172,0,[-0.86984685  0.35252368  4.48381075  5.90022866 -1.30946376  0.06066823],"[  0.1119142    0.07466785 -21.16846221   4.36905152  -1.31031925
  -0.063287  ]","[-6.03210066e-01  2.83336146e-02 -5.40343060e+01 -3.05940373e+01
 -1.10811034e+00 -5.77526166e-01]","[ 4.29192721e+00  5.41599956e-02 -2.86277325e+01  1.24868144e+02
 -1.15049051e+00 -4.77235573e-01]","[ 5.29389032e-02  1.65455909e-02 -9.44346063e+01  6.99926448e+00
 -1.22402419e+00  3.72808157e-01]","[-1.40349807e-01  3.21981992e-03 -4.90203254e+02 -6.67999323e+01
 -1.27184992e+00 -1.48869428e-01]","[ 7.43505234e-01  1.45661939e-02  1.06805136e+02 -7.74101775e+01
 -1.17328535e+00 -4.37626184e-01]","[ 4.93535480e-02  6.89731781e-03  2.29176578e+02 -9.31067726e+00
 -1.31426811e+00 -5.56744770e-02]",010,LW
884,0,0.1278747548379172,0,[-0.64619434  0.36175546  4.37052952  4.82421143 -1.31444086  0.01898343],"[ 6.45207223e-02  7.67434139e-02 -2.06018639e+01  3.32924714e+00
 -1.31425731e+00 -2.02108139e-02]","[-6.23530812e-01  3.87298347e-02 -4.03556240e+01 -2.31629750e+01
 -1.24356067e+00 -3.62649779e-01]","[ 4.25264395e+00  7.18019792e-02 -2.17743956e+01  9.45987515e+01
 -1.21884977e+00 -3.66244659e-01]","[ 4.41012030e-02  1.21951098e-02 -1.26264125e+02  7.56839981e+00
 -1.12587702e+00  5.37867520e-01]","[-1.42532731e-01  3.61218238e-03 -4.36550694e+02 -6.02227625e+01
 -1.25920193e+00 -1.84186819e-01]","[ 7.51375212e-01  1.04862901e-02  1.47027675e+02 -1.08472950e+02
 -1.08825452e+00 -5.43215084e-01]","[ 5.35379796e-02  6.51568349e-03  2.42401855e+02 -1.09777056e+01
 -1.31051191e+00 -1.13765365e-01]",010,LW
885,0,0.1278747548379172,0,[-0.42055983  0.36022376  4.38889107  3.84579126 -1.31666766 -0.02986264],"[ 1.65702377e-02  7.65808828e-02 -2.06450971e+01  2.34209417e+00
 -1.31512707e+00  2.58251559e-02]","[ -0.64994774   0.04714427 -33.38906428 -19.70114691  -1.2914196
  -0.22895514]","[  4.20260096   0.08876067 -17.70199006  76.39440035  -1.26521873
  -0.27449635]","[ 3.82077248e-02  7.62310104e-03 -1.90854273e+02  9.29210755e+00
 -8.30169937e-01  8.32581687e-01]","[-1.45015537e-01  4.14864655e-03 -3.79664101e+02 -5.30571935e+01
 -1.24950986e+00 -2.19968845e-01]","[ 7.56941839e-01  7.01372680e-03  2.17698098e+02 -1.62784799e+02
 -9.87137510e-01 -6.39738992e-01]","[ 5.73916673e-02  5.88320096e-03  2.67926406e+02 -1.33767432e+01
 -1.29932394e+00 -1.91207538e-01]",010,LW
886,0,0.1278747548379172,0,[-0.2001692   0.34631545  4.56260808  2.91329362 -1.31419256 -0.08735641],"[ -0.03049842   0.07403313 -21.3467771    1.34895703  -1.31230157
   0.07559525]","[ -0.68108577   0.05329886 -29.61750598 -18.17206201  -1.30872464
  -0.13850961]","[  4.14292273   0.10324782 -15.26905208  65.25850295  -1.29949564
  -0.18694468]","[ 3.55027410e-02  3.66474551e-03 -2.10849798e+02  9.48574577e+00
 -8.82686360e-01  6.56376833e-01]","[-1.47891628e-01  4.85699904e-03 -3.24008417e+02 -4.59181323e+01
 -1.24568807e+00 -2.43399138e-01]","[ 7.60687927e-01  4.44915779e-03  3.42780536e+02 -2.58749015e+02
 -9.23097489e-01 -6.64975024e-01]","[ 6.07472810e-02  4.98622630e-03  3.14560807e+02 -1.71087138e+01
 -1.26786145e+00 -3.04862659e-01]",010,LW
887,0,0.1278747548379172,0,[ 0.00713189  0.31945604  4.93945988  1.96477234 -1.30425133 -0.15545851],"[ -0.07521391   0.06913781 -22.83720437   0.28232466  -1.30473209
   0.13032476]","[ -0.71551255   0.05722675 -27.61660213 -17.76002536  -1.31399175
  -0.07307021]","[  4.07589758   0.11315251 -13.96175269  58.90667402  -1.32351484
  -0.09603904]","[ 3.62022732e-02  5.07297625e-03  2.31714026e+02 -6.38857447e+00
 -3.92748837e-01  1.02962763e+00]","[-1.51263519e-01  5.73751274e-03 -2.74211776e+02 -3.94782383e+01
 -1.24881572e+00 -2.49462269e-01]","[ 7.63238775e-01  2.98479975e-03  5.22116081e+02 -3.96499239e+02
 -1.01639989e+00 -4.14265841e-01]","[ 6.34316064e-02  3.82784426e-03  4.03958659e+02 -2.36237467e+01
 -1.17603944e+00 -4.89228613e-01]",010,LW
888,0,0.1278747548379172,0,[ 0.1935937   0.28044176  5.61139758  0.91366876 -1.28253885 -0.23769016],"[ -0.11619228   0.06213019 -25.37167809  -0.94799305  -1.29065789
   0.19176136]","[-7.51856554e-01  5.91057470e-02 -2.67494319e+01 -1.81117357e+01
 -1.31452979e+00 -2.21945909e-02]","[ 4.00503593e+00  1.16478107e-01 -1.35730458e+01  5.63605359e+01
 -1.33530594e+00  3.49783687e-03]","[ 4.04772442e-02  1.02205720e-02  1.45231024e+02 -3.87855162e+00
 -8.93833568e-01  7.76140017e-01]","[-1.55224951e-01  6.76001168e-03 -2.32827215e+02 -3.41405931e+01
 -1.25812545e+00 -2.38763902e-01]","[ 7.65266223e-01  2.72463398e-03  5.77241174e+02 -4.39743173e+02
 -1.10037296e+00  2.00861371e-01]","[ 6.52745135e-02  2.46121792e-03  5.92166135e+02 -3.66533564e+01
 -8.66889857e-01 -8.09827695e-01]",010,LW
889,0,0.1551169729668914,0,[ 0.35236417  0.23147835  6.76319476 -0.38310753 -1.24087662 -0.34153111],"[ -0.15225498   0.05343285 -29.42254672  -2.47972928  -1.26728031
   0.2625903 ]","[-7.88850879e-01  5.91279878e-02 -2.67394781e+01 -1.90934608e+01
 -1.31344821e+00  2.18604875e-02]","[  3.93483244   0.11186104 -14.11655751  57.54628843  -1.32977662
   0.11726641]","[ 4.84078183e-02  1.58915691e-02  9.70412358e+01 -2.69755451e+00
 -1.12717447e+00  5.27697022e-01]","[-1.59839960e-01  7.86071158e-03 -2.00405849e+02 -3.00328629e+01
 -1.27203777e+00 -2.13471091e-01]","[ 7.67381442e-01  3.47853220e-03  4.45503807e+02 -3.39871354e+02
 -1.07034694e+00  5.01242764e-01]","[ 6.61228248e-02  1.21487541e-03  6.00733457e+02 -3.77221932e+01
 -9.72619006e-01 -5.98305037e-01]",010,LW
890,0,0.199465173779205,0,[ 0.47820991  0.17593728  8.80282879 -2.2096     -1.15885607 -0.48399753],"[ -0.18252823   0.04361823 -35.88414688  -4.5498699   -1.22949104
   0.34768872]","[ -0.82531988   0.05741466 -27.5286958  -20.71997992  -1.31141513
   0.06608972]","[  3.87027427   0.09900108 -15.87937382  63.4575319   -1.29678781
   0.25502692]","[ 5.99288714e-02  2.14490165e-02  7.28448710e+01 -2.36551090e+00
 -1.22466906e+00  3.72912809e-01]","[-1.65120605e-01  8.93978476e-03 -1.76424264e+02 -2.71312813e+01
 -1.28855426e+00 -1.75245452e-01]","[ 7.70030252e-01  4.78099688e-03  3.24673043e+02 -2.48008065e+02
 -1.15384417e+00  4.66238762e-01]","[ 6.58548697e-02  1.75100465e-03 -6.78553407e+02  4.66860462e+01
 -4.00975172e-01 -1.02873879e+00]",010,LW
891,0,0.199465173779205,0,[ 0.56802178  0.11803594 12.75583476 -5.24559199 -0.97250791 -0.704114  ],"[-2.06511089e-01  3.33443891e-02 -4.65770933e+01 -7.61868626e+00
 -1.16609539e+00  4.56834076e-01]","[ -0.86014026   0.05399542 -29.24938683 -23.15857515  -1.30701068
   0.11721201]","[  3.81622421   0.07882877 -19.70602316  77.2026026   -1.20944607
   0.43971837]","[ 7.47894805e-02  2.64813527e-02  5.93622698e+01 -2.43967332e+00
 -1.27341670e+00  2.62901174e-01]","[-1.71006943e-01  9.86558606e-03 -1.60060295e+02 -2.53714217e+01
 -1.30504800e+00 -1.25198002e-01]","[ 7.73406417e-01  6.14328483e-03  2.55043713e+02 -1.95252444e+02
 -1.26912748e+00  3.21521072e-01]","[ 6.43920362e-02  3.48582705e-03 -4.26773612e+02  2.94808219e+01
 -9.12420237e-01 -7.62331043e-01]",010,LW
892,0,0.199465173779205,0,"[  0.6210156    0.06341915  20.93848047 -11.00312311  -0.49405352
  -1.02869396]","[-2.24101844e-01  2.32843211e-02 -6.56519177e+01 -1.27127158e+01
 -1.04809384e+00  6.10895299e-01]","[ -0.89221014   0.04885829 -32.27257474 -26.79391849  -1.29654102
   0.18203542]","[ 3.77684463e+00  5.34750336e-02 -2.79279478e+01  1.07479520e+02
 -9.68904387e-01  7.25096611e-01]","[ 9.25392324e-02  3.06357109e-02  5.14760458e+01 -2.76355377e+00
 -1.29917246e+00  1.76986276e-01]","[-1.77354563e-01  1.04909698e-02 -1.50657434e+02 -2.47197835e+01
 -1.31837730e+00 -6.42888762e-02]","[ 7.77398092e-01  7.05821878e-03  2.23577769e+02 -1.71808931e+02
 -1.35700972e+00  1.31492708e-01]","[ 6.17060079e-02  5.37026545e-03 -2.87530533e+02  1.97423613e+01
 -1.13776147e+00 -5.14587362e-01]",010,LW
893,0,0.199465173779205,0,[ 0.63862205  0.03103498 -2.75353133  3.75846582 -1.7188219  -0.24541811],"[-2.35580980e-01  1.40904437e-02 -1.03891630e+02 -2.24748920e+01
 -7.87284095e-01  8.53413840e-01]","[ -0.92045466   0.04204541 -37.37686238 -32.40370713  -1.27269307
   0.26898462]","[ 3.75519343e+00  2.75034958e-02 -4.13694063e+01  1.57350123e+02
 -4.61690331e-01  9.62618372e-01]","[ 1.12540638e-01  3.36363673e-02  4.69626608e+01 -3.28520781e+00
 -1.31277157e+00  1.05090160e-01]","[-1.83934830e-01  1.06806370e-02 -1.48028901e+02 -2.52276708e+01
 -1.32535148e+00  6.89580775e-03]","[ 7.81579786e-01  7.05329608e-03  2.23723001e+02 -1.72857376e+02
 -1.38703087e+00 -1.10749825e-01]","[ 5.78223952e-02  7.20636118e-03 -2.16925548e+02  1.45431548e+01
 -1.22633589e+00 -3.65809468e-01]",010,LW
894,0,0.199465173779205,0,"[  0.62412797   0.05628691 -24.84656335  17.50743524  -0.74542529
  -0.88309179]","[-2.41556782e-01  6.57350459e-03 -1.76579176e+02 -4.06538975e+01
 -2.95636405e-01  1.09977363e+00]","[-9.43880040e-01  3.37503064e-02 -4.62262285e+01 -4.16320144e+01
 -1.21943599e+00  3.92327927e-01]","[ 3.75303804e+00  2.31495447e-02  3.70712986e+01 -1.37129994e+02
 -7.12428819e-01  7.63910490e-01]","[ 1.33998862e-01  3.52816540e-02  4.48072994e+01 -4.00412713e+00
 -1.31978666e+00  3.96425706e-02]","[-1.90450984e-01  1.03414544e-02 -1.52782413e+02 -2.70975609e+01
 -1.32273225e+00  8.90286895e-02]","[ 7.85259028e-01  5.82079994e-03  2.64852855e+02 -2.05978096e+02
 -1.26487767e+00 -4.63203090e-01]","[ 5.28220876e-02  8.88720990e-03 -1.76877401e+02  1.13430336e+01
 -1.26969871e+00 -2.64415947e-01]",010,LW
895,0,0.199465173779205,0,"[  0.58215239   0.09179234 -16.77535881  11.76581523  -1.16366232
  -0.52136858]","[-2.42882710e-01  3.91331640e-03  1.88690631e+02  4.78296919e+01
 -1.08747743e+00  4.88077323e-01]","[-9.61667071e-01  2.43901813e-02 -6.27987728e+01 -5.83915119e+01
 -1.09228799e+00  5.82376280e-01]","[ 3.77086097e+00  4.84093732e-02  3.01158717e+01 -1.11562765e+02
 -8.38533389e-01  8.27365423e-01]","[ 1.55998205e-01  3.54182874e-02  4.46372766e+01 -4.96333503e+00
 -1.32208610e+00 -2.66776441e-02]","[-1.96569348e-01  9.44541319e-03 -1.66904397e+02 -3.08082884e+01
 -1.30608630e+00  1.85407527e-01]","[ 7.87577849e-01  3.55140564e-03  3.47865843e+02 -2.71971432e+02
 -6.88188669e-01 -8.20207351e-01]","[ 4.68414510e-02  1.03181710e-02 -1.52800137e+02  9.15738014e+00
 -1.29450696e+00 -1.85749555e-01]",010,LW
896,0,0.1634996413339454,0,"[  0.51806676   0.12079763 -12.98347287   8.72630568  -1.27614859
  -0.30316006]","[-2.40560463e-01  7.17848114e-03  2.07398241e+02  5.18918169e+01
 -1.04446514e+00  6.83469500e-01]","[-9.73279106e-01  1.47100651e-02 -9.73272962e+01 -9.27266239e+01
 -7.41735652e-01  8.93228309e-01]","[  3.80799437   0.07667028  20.10304868 -74.55229623  -1.14101114
   0.52570045]","[ 1.77541076e-01  3.39355414e-02  4.65506691e+01 -6.26465589e+00
 -1.31807930e+00 -1.01036568e-01]","[-2.01959813e-01  8.03817015e-03 -1.95139203e+02 -3.74102769e+01
 -1.26651399e+00  3.04471500e-01]","[ 7.87650478e-01  3.40762222e-03 -2.15371345e+02  1.71637343e+02
 -7.55607807e-01 -7.69266038e-01]","[ 4.00708612e-02  1.14091952e-02 -1.38422388e+02  7.54670429e+00
 -1.30944444e+00 -1.18077484e-01]",010,LW
897,0,1.051513708217612,0,"[  0.43750326   0.14152449 -11.14373999   6.87542253  -1.30966826
  -0.17197943]","[-2.35647898e-01  1.00672898e-02  1.55480483e+02  3.86386489e+01
 -1.30488744e+00  3.19843196e-01]","[-9.78551479e-01  6.73550867e-03 -1.06726373e+02 -1.02437250e+02
 -8.80870271e-01  6.78812074e-01]","[  3.86281711   0.10252848  15.26182529 -56.95363985  -1.24408151
   0.34734876]","[ 1.97597389e-01  3.08047557e-02  5.11687922e+01 -8.11081974e+00
 -1.30258575e+00 -1.90798152e-01]","[-2.06336527e-01  6.23308678e-03 -2.48779617e+02 -4.93323221e+01
 -1.18042244e+00  4.65921204e-01]","[ 7.84703888e-01  7.92606417e-03 -1.78131680e+02  1.41780622e+02
 -6.48967457e-01 -9.52299221e-01]","[ 3.27485407e-02  1.20846008e-02 -1.30801480e+02  6.28355758e+00
 -1.31731319e+00 -5.58975428e-02]",010,LW
898,0,1.051513708217612,0,"[  0.34605816   0.15394413 -10.26484918   5.55223482  -1.32105011
  -0.08011989]","[-2.29186486e-01  1.15646322e-02  1.36566082e+02  3.32991005e+01
 -1.35340666e+00  9.68675293e-02]","[-9.77734399e-01  8.36094889e-03  1.45539905e+02  1.44299371e+02
 -5.32434921e-01  9.38262053e-01]","[  3.9329948    0.1243961   12.6524489  -47.76201572  -1.28479275
   0.23349243]","[ 2.15175170e-01  2.61427507e-02  5.99960471e+01 -1.09096596e+01
 -1.26500684e+00 -3.05946830e-01]","[-2.09490498e-01  4.20093306e-03 -3.57212440e+02 -7.28326121e+01
 -9.69778793e-01  7.14483726e-01]","[ 7.78190986e-01  1.37736256e-02 -1.10335908e+02  8.78624093e+01
 -1.02662173e+00 -6.47068782e-01]","[ 2.51468109e-02  1.22991060e-02 -1.28553025e+02  5.23269861e+00
 -1.31905133e+00  3.06092167e-03]",010,LW
899,0,0.198711927749208,0,"[ 2.49186787e-01  1.58222526e-01 -9.99258704e+00  4.49002066e+00
 -1.32481218e+00 -2.56010386e-03]","[-2.22149057e-01  1.16783214e-02  1.35296659e+02  3.20560253e+01
 -1.34928273e+00 -7.22186444e-02]","[-9.71480182e-01  1.51702999e-02  9.98704871e+01  9.90221989e+01
 -1.07830242e+00  6.32002389e-01]","[  4.01578763   0.14170022  11.13587245 -42.7192988   -1.30073033
   0.15588151]","[ 2.29410511e-01  2.02555012e-02  7.65553564e+01 -1.55626034e+01
 -1.18033102e+00 -4.65931665e-01]","[-2.11309087e-01  2.20965424e-03 -5.72314034e+02 -1.18935156e+02
 -4.43806830e-01  1.03285095e+00]","[ 7.67859075e-01  1.98841316e-02 -7.81151785e+01  6.19814487e+01
 -1.18020331e+00 -4.51220240e-01]","[ 1.75512884e-02  1.20497985e-02 -1.31175398e+02  4.30229725e+00
 -1.31533444e+00  5.96817820e-02]",010,LW
900,0,0.191885478552541,0,"[  0.15219679   0.15439655 -10.23530178   3.55778006  -1.32232471
   0.07575638]","[-2.15399572e-01  1.05625134e-02  1.48913538e+02  3.40759125e+01
 -1.31131773e+00 -2.39428452e-01]","[-9.60778810e-01  2.09989133e-02  7.44611366e+01  7.35406822e+01
 -1.26938838e+00  3.48264320e-01]","[  4.1083955    0.15459471  10.21879512 -39.98285185  -1.30540002
   0.10252778]","[ 2.39662075e-01  1.36535940e-02  1.09917967e+02 -2.43431681e+01
 -9.70240230e-01 -7.14043183e-01]","[-2.11780677e-01  1.29498648e-03  3.60366057e+02  7.83185677e+01
 -1.39216066e+00  3.84357056e-01]","[ 7.53769005e-01  2.56770373e-02 -6.10500874e+01  4.80176636e+01
 -1.25124647e+00 -3.18852451e-01]","[ 1.02364227e-02  1.13776486e-02 -1.38817167e+02  3.42099121e+00
 -1.30683460e+00  1.14695180e-01]",010,LW
901,0,0.191885478552541,0,"[  0.06023414   0.14256211 -11.06500687   2.66649116  -1.30944767
   0.16502772]","[-2.09660564e-01  8.44931374e-03  1.83686608e+02  4.05118377e+01
 -1.21159739e+00 -4.46589608e-01]","[-9.46848640e-01  2.49226993e-02  6.32730098e+01  6.19099633e+01
 -1.32414845e+00  1.70702886e-01]","[  4.20821195   0.16367109   9.65701932 -38.6387841   -1.30607996
   0.06593043]","[ 2.45591421e-01  7.19279331e-03  1.76540308e+02 -4.13567850e+01
 -4.44109817e-01 -1.03567366e+00]","[-2.10986243e-01  2.55966209e-03  5.60523372e+02  1.20262720e+02
 -8.18525176e-01  8.43281343e-01]","[ 7.36275173e-01  3.06975972e-02 -5.12981590e+01  3.97695609e+01
 -1.28789897e+00 -2.20293034e-01]","[ 3.44185838e-03  1.03588825e-02 -1.52278225e+02  2.52412009e+00
 -1.29384232e+00  1.69173557e-01]",010,LW
902,0,0.2755808503547403,0,"[ -0.02180701   0.12322003 -12.74793973   1.72200551  -1.27771451
   0.2763782 ]","[-2.05489784e-01  5.66943733e-03  2.61597145e+02  5.57555409e+01
 -9.37404862e-01 -7.54154236e-01]","[-9.30997116e-01  2.67851870e-02  5.90137412e+01  5.69416228e+01
 -1.33511275e+00  4.41794953e-02]","[ 4.31286771e+00  1.69460358e-01  9.32932096e+00 -3.82361271e+01
 -1.30736613e+00  3.75790167e-02]","[ 2.47210482e-01  4.07182085e-03 -1.03954599e+02  2.76986665e+01
 -1.46206881e+00 -3.43794804e-01]","[-2.09081816e-01  4.04441201e-03  3.81900323e+02  8.18484130e+01
 -1.18029655e+00  4.95177152e-01]","[ 7.15985951e-01  3.45787747e-02 -4.56504621e+01  3.46850896e+01
 -1.30813836e+00 -1.39807448e-01]","[-2.64551244e-03  9.09094608e-03 -1.73208108e+02  1.54177580e+00
 -1.27607810e+00  2.24561063e-01]",010,LW
903,0,0.2755808503547403,0,"[ -0.0894698    0.09746735 -15.95356732   0.57263755  -1.20488301
   0.43217661]","[-2.03267323e-01  2.84935904e-03  3.69959548e+02  7.72006872e+01
 -4.95739072e-01 -9.18185971e-01]","[-9.14476902e-01  2.67466299e-02  5.90966847e+01  5.60425531e+01
 -1.32673346e+00 -5.44300939e-02]","[ 4.42006083e+00  1.71935280e-01  9.19599138e+00 -3.86468413e+01
 -1.31073983e+00  7.61829137e-03]","[ 2.44881532e-01  7.79155158e-03 -1.84446907e+02  4.71676411e+01
 -8.54080052e-01 -8.20624629e-01]","[-2.06276107e-01  5.24092331e-03  2.99510542e+02  6.37818684e+01
 -1.28390003e+00  2.86642512e-01]","[ 6.93718132e-01  3.70273792e-02 -4.26839499e+01  3.16106300e+01
 -1.31919145e+00 -6.77854692e-02]","[-7.90005357e-03  7.67723828e-03 -2.04600287e+02  3.83646768e-01
 -1.25267752e+00  2.83145666e-01]",010,LW
904,0,0.1465841171502596,0,"[ -0.13898843   0.06710616 -22.45159256  -1.12051158  -1.00880223
   0.68388515]","[-2.03193859e-01  2.70010730e-03 -3.61225871e+02 -7.13988786e+01
 -5.70080264e-01 -8.57073143e-01]","[-8.98363158e-01  2.51799990e-02  6.26978712e+01  5.83254575e+01
 -1.30846061e+00 -1.34560310e-01]","[ 4.52728178e+00  1.70369542e-01  9.27968788e+00 -4.00117619e+01
 -1.31430798e+00 -3.20179728e-02]","[ 2.39264098e-01  1.19881472e-02 -1.29323587e+02  3.29424915e+01
 -1.22758942e+00 -4.47818295e-01]","[-2.02806866e-01  6.06630118e-03  2.60103393e+02  5.47507539e+01
 -1.31646366e+00  1.53710125e-01]","[ 6.70445804e-01  3.78278583e-02 -4.17962456e+01  3.00221175e+01
 -1.32334142e+00  2.26828563e-03]","[-1.22552988e-02  6.21166570e-03 -2.51971779e+02 -1.08798945e+00
 -1.22122973e+00  3.50089013e-01]",010,LW
905,0,0.1462192837957395,0,"[ -0.16756427   0.03590868 -34.79975736  -3.83119602  -0.48041731
   0.99653183]","[-2.05298812e-01  5.51167809e-03 -2.67219636e+02 -5.28598739e+01
 -8.91115011e-01 -7.88236018e-01]","[-8.83472993e-01  2.25661312e-02  6.98342670e+01  6.36966889e+01
 -1.28572992e+00 -2.01238553e-01]","[  4.63160234   0.16371272   9.65198437 -42.70415336  -1.31396638
  -0.08520518]","[ 2.31212999e-01  1.49310865e-02 -1.05436598e+02  2.63783121e+01
 -1.32128482e+00 -2.16277465e-01]","[-1.98918849e-01  6.51292336e-03  2.42686195e+02  5.02748585e+01
 -1.32467178e+00  5.81312112e-02]","[ 6.47236131e-01  3.68716421e-02 -4.28603617e+01  2.97407746e+01
 -1.32013359e+00  7.48431882e-02]","[-1.56925534e-02  4.76443429e-03 -3.26503457e+02 -3.12367294e+00
 -1.17335577e+00  4.38344055e-01]",010,LW
906,0,0.1461842374595881,0,"[-1.73628426e-01  2.40089427e-02  2.41425220e+01  6.19182808e+00
 -1.17426142e+00  5.06538956e-01]","[-2.09450961e-01  8.47218034e-03 -1.82549885e+02 -3.62352489e+01
 -1.17233472e+00 -4.89674384e-01]","[-8.70343085e-01  1.93715302e-02  8.11708311e+01  7.26464715e+01
 -1.26157407e+00 -2.60165119e-01]","[  4.72969673   0.15126098  10.43275783 -47.34378066  -1.30505774
  -0.15222358]","[ 2.21642243e-01  1.64487150e-02 -9.60735911e+01  2.32939662e+01
 -1.33524521e+00 -6.94490970e-02]","[-1.94844773e-01  6.60928093e-03  2.39213897e+02  4.86095773e+01
 -1.32214536e+00 -1.70684753e-02]","[ 6.25164338e-01  3.42039488e-02 -4.61353217e+01  3.08421579e+01
 -1.30743279e+00  1.53040762e-01]","[-1.82235871e-02  3.37538895e-03 -4.54478213e+02 -6.28222328e+00
 -1.07825437e+00  5.79350957e-01]",010,LW
907,0,0.1461842374595881,0,[-0.15706287  0.04978715 28.77838978  6.52001655 -0.7859433   0.86538062],"[-2.15364472e-01  1.09723752e-02 -1.42978008e+02 -2.87923831e+01
 -1.27812439e+00 -2.98326277e-01]","[-8.59267896e-01  1.59451588e-02  9.83166879e+01  8.64803735e+01
 -1.23498887e+00 -3.21972829e-01]","[  4.81817302   0.13322777  11.81478058 -54.92565704  -1.28320369
  -0.23184051]","[ 2.11381465e-01  1.67583680e-02 -9.43401438e+01  2.19417578e+01
 -1.32289463e+00  2.42129278e-02]","[-1.90789554e-01  6.40814932e-03  2.46604564e+02  4.90495748e+01
 -1.31354130e+00 -7.96217664e-02]","[ 6.05209901e-01  3.00589627e-02 -5.23493011e+01  3.36823153e+01
 -1.28195349e+00  2.39377744e-01]","[-1.98725472e-02  2.06843732e-03 -7.06010660e+02 -1.20302302e+01
 -8.14275449e-01  8.39419362e-01]",010,LW
908,0,0.1461842374595881,0,[-0.11934293  0.07983625 19.2923545   4.30240619 -1.15580422  0.52397145],"[-2.22604150e-01  1.27010564e-02 -1.24227021e+02 -2.56534506e+01
 -1.32597337e+00 -1.51668119e-01]","[-8.50381147e-01  1.24696776e-02  1.25025104e+02  1.08318991e+02
 -1.19554006e+00 -4.07805974e-01]","[  4.89413562   0.11094697  14.12747173 -67.14176261  -1.24419008
  -0.32267284]","[ 2.01057321e-01  1.62780858e-02 -9.70892427e+01  2.15205030e+01
 -1.30456408e+00  7.43261084e-02]","[-1.86918738e-01  5.97879614e-03  2.64076498e+02  5.13608457e+01
 -1.30107250e+00 -1.32638438e-01]","[ 5.88151661e-01  2.48502854e-02 -6.30190472e+01  3.90647573e+01
 -1.23893571e+00  3.37372627e-01]","[-2.06621499e-02  9.72008761e-04 -9.62809909e+02 -1.78937226e+01
 -5.92632150e-01  8.44840829e-01]",010,LW
909,0,0.1461842374595881,0,[-0.06354484  0.10495501 14.93888429  2.94928908 -1.27839191  0.30717624],"[-2.30601237e-01  1.34254999e-02 -1.17747531e+02 -2.51527262e+01
 -1.34322265e+00 -2.00476903e-02]","[-8.43750069e-01  8.98322376e-03  1.71017375e+02  1.46295922e+02
 -1.10328704e+00 -5.60664070e-01]","[ 4.95576908e+00  8.66624140e-02  1.79708353e+01 -8.70593099e+01
 -1.18400542e+00 -4.23148282e-01]","[ 1.91028716e-01  1.54856143e-02 -1.02047087e+02  2.14939240e+01
 -1.29030455e+00  8.35941075e-02]","[-1.83352562e-01  5.39791917e-03  2.92170621e+02  5.55702318e+01
 -1.28675651e+00 -1.77261616e-01]","[ 5.74486700e-01  1.91072698e-02 -8.12941088e+01  4.87023843e+01
 -1.16914996e+00  4.54562730e-01]","[-2.06076832e-02  1.08298228e-03  1.00934734e+03  2.28003102e+01
 -4.45604811e-01  9.63887140e-01]",010,LW
910,0,0.1461842305632252,0,"[ 5.85295875e-03  1.22222763e-01  1.29079113e+01  1.92445053e+00
 -1.32301697e+00  1.56546325e-01]","[-2.38689750e-01  1.30217014e-02 -1.21270146e+02 -2.69459409e+01
 -1.33573151e+00  1.13130932e-01]","[-8.39449903e-01  5.49786527e-03  2.62426042e+02  2.22293515e+02
 -7.96133131e-01 -8.55890602e-01]","[ 5.00270992e+00  6.30057010e-02  2.44988844e+01 -1.20560812e+02
 -1.10014744e+00 -5.30555620e-01]","[ 1.81393679e-01  1.47885729e-02 -1.06886322e+02  2.13885033e+01
 -1.28399432e+00  5.80995004e-02]","[-1.80166133e-01  4.73822973e-03  3.32454755e+02  6.18970877e+01
 -1.27245295e+00 -2.14878751e-01]","[ 5.64390793e-01  1.33823998e-02 -1.14289076e+02  6.65037021e+01
 -1.04881546e+00  6.07957817e-01]","[-1.97204998e-02  2.20511597e-03  6.71100737e+02  1.52344420e+01
 -8.89866605e-01  7.82810067e-01]",010,LW
911,0,0.129328623603935,0,[ 0.08342099  0.13032897 12.12906827  0.98818114 -1.33543053  0.03736095],"[-2.46167965e-01  1.15049393e-02 -1.36561987e+02 -3.16171864e+01
 -1.29714837e+00  2.66245884e-01]","[-8.37594530e-01  2.64863888e-03  2.39062030e+02  2.02237048e+02
 -1.12255961e+00 -5.25518853e-01]","[ 5.03606410e+00  4.23395173e-02  3.60462884e+01 -1.79531419e+02
 -9.94510072e-01 -6.39712427e-01]","[ 1.72066121e-01  1.44200636e-02 -1.09644382e+02  2.08660835e+01
 -1.28561841e+00  1.61899649e-02]","[-1.77395069e-01  4.05756413e-03  3.87735628e+02  7.07823886e+01
 -1.25887816e+00 -2.48502443e-01]","[ 5.57726160e-01  8.17565092e-03 -1.80229258e+02  1.02518572e+02
 -8.08761066e-01  8.33280778e-01]","[-1.80201015e-02  3.42926195e-03  4.49954734e+02  1.01082300e+01
 -1.13593152e+00  5.20386610e-01]",010,LW
912,0,0.1404554378177442,0,"[ 1.63448061e-01  1.29277793e-01  1.22250983e+01  1.83139545e-03
 -1.32887062e+00 -6.55847202e-02]","[-2.52379965e-01  9.03730064e-03 -1.71363863e+02 -4.12488057e+01
 -1.19365589e+00  4.71070357e-01]","[-8.38318343e-01  4.08412454e-03 -2.99711304e+02 -2.49253483e+02
 -4.08693494e-01 -1.03856391e+00]","[ 5.05807039e+00  2.61865380e-02  5.75560730e+01 -2.89122668e+02
 -8.77715292e-01 -7.41105967e-01]","[ 1.62901142e-01  1.43699432e-02 -1.10029337e+02  1.99239047e+01
 -1.29507308e+00 -1.24428208e-02]","[-1.75045204e-01  3.39322754e-03  4.62949364e+02  8.30370659e+01
 -1.24492274e+00 -2.83047249e-01]","[ 5.54090485e-01  3.94340736e-03 -3.21079348e+02  1.79907011e+02
 -3.10653963e-01  1.13098665e+00]","[-1.55514719e-02  4.59304937e-03  3.40459849e+02  7.29465176e+00
 -1.23477170e+00  3.59120064e-01]",010,LW
913,0,0.1442974837563668,0,[ 0.24071293  0.12036712 13.1085365  -1.15539425 -1.30766439 -0.15705357],"[-2.56801503e-01  5.94405680e-03 -2.47804934e+02 -6.16366796e+01
 -8.99935117e-01  7.84061973e-01]","[-8.41726239e-01  7.99787102e-03 -1.86613346e+02 -1.55077350e+02
 -9.31251053e-01 -7.46393651e-01]","[ 5.07153106e+00  1.49497026e-02  9.97707872e+01 -5.03990646e+02
 -7.74413874e-01 -8.18245347e-01]","[ 1.53839227e-01  1.43708844e-02 -1.10022153e+02  1.89257229e+01
 -1.31236933e+00 -1.75534813e-05]","[-1.73103686e-01  2.76377856e-03  5.67172507e+02  1.00179651e+02
 -1.22735535e+00 -3.25049134e-01]","[ 5.52891203e-01  1.67334069e-03  1.15322923e+02 -6.17610294e+01
 -1.72612952e+00  1.84153121e-01]","[-1.24035269e-02  5.59336869e-03  2.81304851e+02  5.48917228e+00
 -1.28727058e+00  2.39787049e-01]",010,LW
914,0,0.1442974837563668,0,[ 0.31120908  0.10604931 14.8426329  -2.61916212 -1.27588268 -0.23363544],"[-2.59111906e-01  2.92221372e-03 -3.46300011e+02 -8.77304558e+01
 -4.97850214e-01  9.14241613e-01]","[-8.47842345e-01  1.21716338e-02 -1.27027477e+02 -1.05699274e+02
 -1.15078913e+00 -5.00148252e-01]","[ 5.07920326e+00  8.02426026e-03  1.85268658e+02 -9.39017173e+02
 -7.24188682e-01 -8.47304250e-01]","[ 1.45035700e-01  1.39597528e-02 -1.13203504e+02  1.84185494e+01
 -1.33080053e+00  7.15446742e-02]","[-1.71547979e-01  2.17617113e-03  7.17819969e+02  1.25140565e+02
 -1.20001570e+00 -3.82437124e-01]","[ 5.53427467e-01  2.54108081e-03  5.78067171e+02 -3.17918250e+02
 -1.11056076e+00  6.43597158e-01]","[-8.72422590e-03  6.31784893e-03  2.49868153e+02  4.17990621e+00
 -1.31916385e+00  1.34234479e-01]",010,LW
915,0,0.1442974837563668,0,[ 0.3726768   0.08953885 17.54466033 -4.53848788 -1.24235547 -0.28309594],"[-2.59238630e-01  2.66597308e-03  3.78841997e+02  1.00210480e+02
 -6.28409737e-01  8.05782692e-01]","[-8.56589991e-01  1.61805728e-02 -9.66945337e+01 -8.08275697e+01
 -1.23411185e+00 -3.52035147e-01]","[ 5.08336124e+00  4.23736468e-03  3.53409182e+02 -1.79450654e+03
 -7.62227043e-01 -8.06274581e-01]","[ 1.36935953e-01  1.26152720e-02 -1.24759730e+02  1.90840924e+01
 -1.32551030e+00  2.20130094e-01]","[-1.70350618e-01  1.63412063e-03  9.50035392e+02  1.63839116e+02
 -1.15173180e+00 -4.64912901e-01]","[ 5.54969864e-01  3.34409552e-03  4.70771496e+02 -2.59263993e+02
 -1.43254311e+00  1.44740638e-01]","[-4.72694597e-03  6.65389213e-03  2.37582517e+02  3.12303972e+00
 -1.33608682e+00  2.79223598e-02]",010,LW
916,0,0.1442974837563668,0,[ 0.42480905  0.07417592 21.18049204 -6.99766461 -1.22202538 -0.28358621],"[-2.57363259e-01  5.01801087e-03  2.98291318e+02  7.87692256e+01
 -1.04260027e+00  6.79538762e-01]","[-8.67820034e-01  1.98844656e-02 -7.90688082e+01 -6.66174958e+01
 -1.26542696e+00 -2.61455537e-01]","[ 5.08566676e+00  2.43508536e-03  6.30316982e+02 -3.20358213e+03
 -9.08162054e-01 -6.13353429e-01]","[ 1.30263870e-01  9.96102002e-03 -1.54847928e+02  2.21710904e+01
 -1.21514650e+00  4.86993710e-01]","[-1.69480191e-01  1.14403395e-03  1.34077028e+03  2.29234003e+02
 -1.06063608e+00 -5.86910542e-01]","[ 5.56834838e-01  3.26927910e-03  4.80153775e+02 -2.65366350e+02
 -1.37816455e+00 -2.43615789e-01]","[-6.83245621e-04  6.51382441e-03  2.42535051e+02  2.16571101e+00
 -1.33568995e+00 -8.95697076e-02]",010,LW
917,0,0.1442974837563668,0,[ 0.46902508  0.06267465 25.13625528 -9.78953407 -1.22715949 -0.21349913],"[-2.53876301e-01  7.04026460e-03  2.22084496e+02  5.83819904e+01
 -1.29036128e+00  3.40080267e-01]","[-8.81374087e-01  2.33306632e-02 -6.75283516e+01 -5.75177393e+01
 -1.27441153e+00 -2.10448810e-01]","[ 5.08732796e+00  2.08493532e-03  7.50222938e+02 -3.81463013e+03
 -9.61559927e-01  2.16858240e-01]","[ 1.25917825e-01  6.12597892e-03 -2.20279262e+02  2.97370857e+01
 -7.14465134e-01  8.79536186e-01]","[-1.68900624e-01  7.16772158e-04  2.08056849e+03  3.53409315e+02
 -8.72875443e-01 -7.77291940e-01]","[ 5.58449597e-01  2.46444295e-03  6.09709430e+02 -3.38491986e+02
 -1.08342016e+00 -6.51512320e-01]","[ 3.09949125e-03  5.86225056e-03  2.68429835e+02  1.16800408e+00
 -1.30825020e+00 -2.30968475e-01]",010,LW
918,0,0.0854235520418066,0,"[  0.50779332   0.0563542   28.03557731 -12.23627876  -1.25077012
  -0.08967258]","[-2.49276448e-01  8.26060191e-03  1.91058229e+02  4.96263168e+01
 -1.33685263e+00  1.36376389e-01]","[-8.97145402e-01  2.66891930e-02 -5.90792666e+01 -5.10026924e+01
 -1.27608102e+00 -1.85688699e-01]","[ 5.08939190e+00  3.48862636e-03  4.23687019e+02 -2.15430928e+03
 -6.00663038e-01  9.04651967e-01]","[ 1.24798557e-01  4.04715803e-03  7.20868762e+01 -6.99633814e+00
 -1.51074508e+00  3.55696161e-01]","[-1.68570649e-01  3.68111394e-04  3.65856519e+03  6.18726709e+02
 -4.44147594e-01 -1.07038901e+00]","[ 5.59399191e-01  1.33723974e-03  8.09014428e+02 -4.50562016e+02
 -5.40995368e-01 -8.86111487e-01]","[ 6.31260577e-03  4.73584558e-03  3.28478607e+02 -7.35559493e-02
 -1.22552552e+00 -4.20437812e-01]",010,LW
919,0,0.0854235520418066,0,"[ 5.43637587e-01  5.44969109e-02  2.90120841e+01 -1.37720594e+01
 -1.28009526e+00  9.12536217e-03]","[-2.44032656e-01  8.77608222e-03  1.80145301e+02  4.59613363e+01
 -1.32143563e+00  2.72306517e-02]","[-9.15100541e-01  3.01223188e-02 -5.23657472e+01 -4.59199236e+01
 -1.27848252e+00 -1.72641228e-01]","[ 5.09298996e+00  6.97580453e-03  2.10173951e+02 -1.06841382e+03
 -6.57145982e-01  9.13807653e-01]","[ 1.27611313e-01  8.84044073e-03  1.55614174e+02 -1.78581290e+01
 -6.01783132e-01  9.76024080e-01]","[-1.68444211e-01  1.48003374e-04  2.12385077e+03  3.59750367e+02
 -1.42662682e+00 -4.17154300e-01]","[ 5.59447542e-01  1.23992933e-03 -7.45863543e+02  4.19271525e+02
 -6.52281680e-01 -7.94765763e-01]","[ 8.68667602e-03  3.25665312e-03  4.59870011e+02 -1.99474180e+00
 -9.89274902e-01 -7.08920306e-01]",010,LW
920,0,0.0854235520418066,0,"[ 5.78081607e-01  5.43770250e-02  2.90760727e+01 -1.48083428e+01
 -1.31791671e+00  1.10668451e-02]","[-2.38446949e-01  8.95859862e-03  1.76490006e+02  4.40835036e+01
 -1.28910150e+00  1.07315210e-02]","[-9.35244982e-01  3.36529213e-02 -4.68893086e+01 -4.18529906e+01
 -1.28446629e+00 -1.58459228e-01]","[ 5.09941524e+00  1.27374336e-02  1.17515732e+02 -5.97261514e+02
 -8.47885561e-01  7.78468488e-01]","[ 1.34692199e-01  1.54396638e-02  9.84801907e+01 -1.12645135e+01
 -1.05644540e+00  6.31618227e-01]","[-1.68471061e-01  1.97600742e-04 -6.98344137e+03 -1.17450778e+03
 -8.54428257e-01 -7.92016344e-01]","[ 5.58526843e-01  2.48211906e-03 -5.93672841e+02  3.33582217e+02
 -9.24701806e-01 -7.68223907e-01]","[ 1.00302412e-02  1.70136328e-03  6.93566699e+02 -4.95664129e+00
 -4.46741892e-01 -9.90812185e-01]",010,LW
921,0,0.0854235520418066,0,"[  0.61080234   0.05217776  30.2635071  -16.48502092  -1.35154195
  -0.10553586]","[-2.32558386e-01  9.33392691e-03  1.69273031e+02  4.13658629e+01
 -1.25519751e+00  8.89223922e-02]","[-9.57543210e-01  3.71108998e-02 -4.25422689e+01 -3.87360607e+01
 -1.29329798e+00 -1.36079953e-01]","[ 5.11001314e+00  2.06506012e-02  7.39387543e+01 -3.75828006e+02
 -1.01592475e+00  6.29692144e-01]","[ 1.45904001e-01  2.16667191e-02  7.19581158e+01 -8.49897701e+00
 -1.23116213e+00  3.96007540e-01]","[-1.68595851e-01  2.89530986e-04 -5.39324149e+03 -9.07278138e+02
 -1.38101373e+00 -3.07829663e-01]","[ 5.56693530e-01  3.75659418e-03 -4.12845134e+02  2.31828215e+02
 -1.19929780e+00 -4.56840154e-01]","[ 1.02592798e-02  1.24449826e-03 -6.00759800e+02  8.16336289e+00
 -9.41420554e-01 -6.12432939e-01]",010,LW
922,0,0.0854235520418066,0,"[  0.639223     0.04426325  35.19977688 -20.50050692  -1.3065372
  -0.36774739]","[-2.26120082e-01  1.04176549e-02  1.51203849e+02  3.61902268e+01
 -1.22006191e+00  2.17050195e-01]","[ -0.98182566   0.0401735  -39.3229585  -36.60828982  -1.3027762
  -0.10416971]","[ 5.12596438e+00  3.01879071e-02  5.12770229e+01 -2.60844193e+02
 -1.13281938e+00  4.97210229e-01]","[ 1.60623299e-01  2.65776872e-02  5.92160816e+01 -7.51148241e+00
 -1.30444957e+00  2.29153414e-01]","[-1.68754787e-01  2.97804412e-04 -5.27010901e+03 -8.87356121e+02
 -1.46185368e+00  1.79726117e-01]","[ 5.54058834e-01  4.84880339e-03 -3.23668983e+02  1.81331659e+02
 -1.26045080e+00 -2.96769300e-01]","[ 9.41235022e-03  2.46611379e-03 -5.93014268e+02  7.58165797e+00
 -9.13578652e-01 -7.80855278e-01]",010,LW
923,0,0.0772147431167996,0,"[ 6.58700007e-01  2.92206821e-02  4.75352925e+01 -2.93114975e+01
 -8.61409612e-01 -7.91128788e-01]","[-2.18664828e-01  1.25127387e-02  1.25387464e+02  2.94178283e+01
 -1.19839850e+00  3.13000697e-01]","[ -1.00771833   0.04245206 -37.2323259  -35.51969722  -1.31094922
  -0.06399361]","[ 5.14806043e+00  4.05462587e-02  3.85090830e+01 -1.96247087e+02
 -1.20785880e+00  3.86256696e-01]","[ 1.77808720e-01  2.95371791e-02  5.34823699e+01 -7.50963173e+00
 -1.33449045e+00  9.45030529e-02]","[-1.68871200e-01  2.10327360e-04 -6.24985967e+03 -1.05342130e+03
 -9.34300365e-01  6.53855844e-01]","[ 5.50714413e-01  5.83086068e-03 -2.69941918e+02  1.50660905e+02
 -1.26004126e+00 -2.37135021e-01]","[ 7.65003116e-03  3.67455038e-03 -4.23030761e+02  5.23619850e+00
 -1.25015146e+00 -4.16945461e-01]",010,LW
924,0,0.0666566616729962,0,"[  0.66330155   0.02084039 -11.50637764   9.63219812  -1.52507939
  -0.35404398]","[-2.09648216e-01  1.55801901e-02  1.00560750e+02  2.30823819e+01
 -1.20807499e+00  3.36948619e-01]","[-1.03461703e+00  4.35737755e-02 -3.62847779e+01 -3.55408490e+01
 -1.31649390e+00 -1.66452180e-02]","[ 5.17652330e+00  5.07615951e-02  3.09282766e+01 -1.58100945e+02
 -1.25760550e+00  2.91544137e-01]","[ 1.96120837e-01  3.01789740e-02  5.23807890e+01 -8.27296420e+00
 -1.34015984e+00 -2.84868628e-02]","[-1.68853071e-01  2.45775091e-04  2.80505775e+03  4.75642616e+02
 -6.70208598e-01  8.50380292e-01]","[ 5.46676057e-01  6.88052745e-03 -2.28757034e+02  1.27055993e+02
 -1.24509679e+00 -2.39287133e-01]","[ 5.24028167e-03  4.43702542e-03 -3.55317218e+02  3.86196230e+00
 -1.35052717e+00 -1.66494445e-01]",010,LW
925,0,0.2441426707503077,0,"[  0.64699044   0.04936338 -27.24111228  19.62473916  -0.47985298
  -1.04718471]","[-1.98631978e-01  1.92469924e-02  8.15408480e+01  1.81966200e+01
 -1.24225329e+00  3.01423215e-01]","[ -1.06171034   0.04324179 -36.55960851 -36.81571445  -1.31809842
   0.03794647]","[ 5.21088967e+00  5.97388626e-02  2.63753965e+01 -1.35439281e+02
 -1.29333424e+00  2.04024588e-01]","[ 2.14061644e-01  2.83917681e-02  5.55637982e+01 -9.89407801e+00
 -1.32516969e+00 -1.57635740e-01]","[-1.68595367e-01  6.62919948e-04  2.05908336e+03  3.49151915e+02
 -4.40037541e-01  1.07823120e+00]","[ 5.41859422e-01  8.18537586e-03 -1.92095160e+02  1.06088573e+02
 -1.23295356e+00 -2.64684949e-01]","[ 2.53277618e-03  4.61180157e-03 -3.42628207e+02  2.86780056e+00
 -1.36993446e+00  4.46010195e-02]",010,LW
926,0,0.2441426707503077,0,"[  0.60490719   0.09227918 -16.27653488  11.84579297  -0.95188206
  -0.72150255]","[-1.85456487e-01  2.28955727e-02  6.87545551e+01  1.47509783e+01
 -1.28277541e+00  2.30229217e-01]","[ -1.08804112   0.04127952 -38.26977299 -39.63908662  -1.3138914
   0.10101797]","[ 5.24998105e+00  6.63089993e-02  2.38166937e+01 -1.23037190e+02
 -1.31814051e+00  1.16490966e-01]","[ 2.30106414e-01  2.42786183e-02  6.45319026e+01 -1.28492047e+01
 -1.27683481e+00 -3.18738319e-01]","[-1.67988251e-01  1.29807460e-03  1.14580012e+03  1.94480959e+02
 -8.46926329e-01  7.96266046e-01]","[ 5.36090019e-01  9.86803265e-03 -1.59205284e+02  8.73483640e+01
 -1.22969006e+00 -2.83377619e-01]","[-7.38766532e-05  4.15006549e-03 -3.78053589e+02  1.97207067e+00
 -1.32425091e+00  2.78628761e-01]",010,LW
927,0,0.2441426707503077,0,"[  0.53442252   0.13851325 -11.16941747   7.96918828  -1.15527091
  -0.49384711]","[-1.70352958e-01  2.58031161e-02  6.11730547e+01  1.24210108e+01
 -1.31589618e+00  1.39802645e-01]","[-1.11258907e+00  3.76600600e-02 -4.18760995e+01 -4.45908905e+01
 -1.30105395e+00  1.75487510e-01]","[ 5.29196833e+00  6.94172269e-02  2.27741535e+01 -1.18520099e+02
 -1.33058471e+00  2.56266476e-02]","[ 2.42811070e-01  1.81414302e-02  8.44472819e+01 -1.85047349e+01
 -1.13313325e+00 -5.62578799e-01]","[-1.66929586e-01  2.09438027e-03  7.31013239e+02  1.24027737e+02
 -1.04828338e+00  6.02566076e-01]","[ 5.29138903e-01  1.19614962e-02 -1.31329595e+02  7.14915980e+01
 -1.23482252e+00 -2.84604611e-01]","[-2.16782164e-03  3.09213884e-03 -4.89653922e+02  9.38517631e-01
 -1.11291717e+00  6.14949094e-01]",010,LW
928,0,0.2575444958962349,0,[ 0.43569854  0.18230142 -8.58892934  5.74218395 -1.24827722 -0.33717382],"[-1.53963867e-01  2.73107553e-02  5.78808996e+01  1.09115672e+01
 -1.33450801e+00  3.81386338e-02]","[-1.13435786e+00  3.25107839e-02 -4.83397931e+01 -5.28346244e+01
 -1.27416296e+00  2.68128492e-01]","[ 5.33451534e+00  6.83688268e-02  2.31147922e+01 -1.21306214e+02
 -1.32922000e+00 -7.07918410e-02]","[ 2.50892899e-01  1.07188437e-02  1.26547640e+02 -2.97499044e+01
 -6.55573317e-01 -9.26875742e-01]","[-1.65338196e-01  3.00095259e-03  5.17213152e+02  8.75150895e+01
 -1.15667836e+00  4.65601596e-01]","[ 5.20768519e-01  1.44265562e-02 -1.08953040e+02  5.87393133e+01
 -1.24488517e+00 -2.71017024e-01]","[-3.35911604e-03  1.71194143e-03 -6.47893132e+02 -1.76348210e-01
 -6.02014265e-01  8.38136978e-01]",010,LW
929,0,0.2575444958962349,0,[ 0.31165844  0.21917743 -7.18421894  4.23902246 -1.29277219 -0.2207966 ],"[-1.37268798e-01  2.69739157e-02  5.85828612e+01  1.00415990e+01
 -1.33501298e+00 -7.36339207e-02]","[-1.15245482e+00  2.60917579e-02 -5.97837573e+01 -6.68980790e+01
 -1.21870409e+00  3.94657200e-01]","[ 5.37498167e+00  6.29568093e-02  2.50440437e+01 -1.32611276e+02
 -1.31216547e+00 -1.79552249e-01]","[ 2.53293102e-01  6.31076097e-03 -2.75779042e+01  8.98529292e+00
 -1.64459564e+00 -2.91888328e-01]","[-1.63164322e-01  3.95827096e-03  3.95088254e+02  6.64643072e+01
 -1.21968429e+00  3.62313824e-01]","[ 5.10774318e-01  1.71771515e-02 -9.15928328e+01  4.87832667e+01
 -1.25692362e+00 -2.48201151e-01]","[-3.31178249e-03  1.80769171e-03  5.08330435e+02  3.68347983e+00
 -5.24661233e-01  9.01219470e-01]",010,LW
930,0,0.2674408937163494,0,[ 0.16744462  0.24615816 -6.41402335  3.07399372 -1.31282578 -0.12971033],"[-1.21439401e-01  2.46472754e-02  6.39201393e+01  9.76242343e+00
 -1.31239415e+00 -2.01484003e-01]","[-1.16615349e+00  1.87747417e-02 -8.14689711e+01 -9.30053253e+01
 -1.08664821e+00  5.91584861e-01]","[ 5.41065922e+00  5.34076202e-02  2.93408033e+01 -1.56753088e+02
 -1.26844626e+00 -3.19045377e-01]","[ 2.49229099e-01  1.34220984e-02 -1.01929840e+02  2.74038823e+01
 -5.78813128e-01 -9.87294392e-01]","[-1.60395292e-01  4.90404454e-03  3.20324247e+02  5.33785012e+01
 -1.25813018e+00  2.80491550e-01]","[ 4.99015253e-01  2.00945882e-02 -7.83780335e+01  4.11118342e+01
 -1.26926449e+00 -2.20008813e-01]","[-1.77007334e-03  3.98837429e-03  3.62116993e+02  2.64097363e+00
 -7.55403882e-01  8.82437340e-01]",010,LW
931,0,0.345049438145789,0,[ 0.00956846  0.26187795 -6.03590864  2.05775438 -1.31957632 -0.05574537],"[-1.07663948e-01  2.04913826e-02  7.62611908e+01  1.02105809e+01
 -1.25090792e+00 -3.62408883e-01]","[-1.17493104e+00  1.11328218e-02 -1.26658301e+02 -1.46814770e+02
 -7.01240408e-01  9.17187256e-01]","[ 5.43899030e+00  4.02847219e-02  3.81991924e+01 -2.05765037e+02
 -1.14964461e+00 -5.31671400e-01]","[ 2.38236740e-01  2.40082013e-02 -6.31277040e+01  1.70393384e+01
 -1.01631773e+00 -6.61908774e-01]","[-1.57056385e-01  5.77894363e-03  2.72585797e+02  4.48113399e+01
 -1.28232354e+00  2.12902059e-01]","[ 4.85433577e-01  2.30339080e-02 -6.84470932e+01  3.52265173e+01
 -1.28083144e+00 -1.88576418e-01]","[ 1.42376833e-03  6.61698945e-03  2.31234255e+02  1.67077599e+00
 -1.07283184e+00  5.96007085e-01]",010,LW
932,0,1.199148026587525,0,[-0.15501116  0.26641801 -5.93460535  1.08006993 -1.31865761  0.00604413],"[-9.69847369e-02  1.49344129e-02  1.02247084e+02  1.19164065e+01
 -1.09396059e+00 -5.96244475e-01]","[-1.17847881e+00  5.30045770e-03 -7.79573930e+01 -8.98711353e+01
 -1.41824023e+00  3.94244687e-01]","[ 5.45772093e+00  2.47576976e-02  5.71552791e+01 -3.09937563e+02
 -7.57896745e-01 -8.80373390e-01]","[ 2.20197734e-01  3.49411571e-02 -4.44351811e+01  1.17845262e+01
 -1.17683482e+00 -4.56070333e-01]","[-1.53208081e-01  6.53038001e-03  2.41643904e+02  3.90217990e+01
 -1.29769986e+00  1.54863086e-01]","[ 4.70066017e-01  2.58340986e-02 -6.10841175e+01  3.07135678e+01
 -1.29073853e+00 -1.55431818e-01]","[ 6.32166930e-03  9.29490595e-03  1.67536757e+02  9.40888030e-01
 -1.19743209e+00  4.20032391e-01]",010,LW
933,0,1.199148026587525,0,[-0.31969664  0.26097453 -6.05678242  0.063667   -1.31302404  0.05861099],"[-9.01776786e-02  8.72540916e-03  1.57807120e+02  1.62306798e+01
 -6.41842412e-01 -9.48005958e-01]","[-1.17669379e+00  8.73259356e-03  1.48191059e+02  1.76375498e+02
 -5.07856870e-01  9.99760258e-01]","[ 5.46500132e+00  1.26324147e-02  2.44199089e+01 -1.31454834e+02
 -1.57631189e+00 -3.06303333e-01]","[  0.19534841   0.04534272 -34.5595108    8.75114553  -1.24569069
  -0.32597058]","[-1.48940982e-01  7.11509914e-03  2.22026890e+02  3.50689031e+01
 -1.30719927e+00  1.03219316e-01]","[ 4.53045152e-01  2.83386233e-02 -5.57271019e+01  2.72468933e+01
 -1.29830196e+00 -1.22129974e-01]","[ 1.28715731e-02  1.18246557e-02  1.32688654e+02  2.92088287e-01
 -1.25501406e+00  3.03021034e-01]",010,LW
934,0,1.199148026587525,0,[-0.47885639  0.24750491 -6.38272587 -1.05640908 -1.30439803  0.10333061],"[-8.76813436e-02  4.36480350e-03  3.05109962e+01  4.67524514e+00
 -1.68162549e+00 -2.67259641e-01]","[-1.16965986e+00  1.61128347e-02  9.37324269e+01  1.11635058e+02
 -1.01017999e+00  6.76115598e-01]","[ 5.45948270e+00  2.31116649e-02 -5.62393496e+01  3.09037756e+02
 -4.78239678e-01 -1.02559664e+00]","[  0.16426624   0.05461639 -28.81876652   6.73395038  -1.28036709
  -0.23367723]","[-1.44368855e-01  7.50181543e-03  2.10710229e+02  3.24199946e+01
 -1.31233521e+00  5.59409581e-02]","[ 4.34587786e-01  3.04220795e-02 -5.19389194e+01  2.45720200e+01
 -1.30319628e+00 -9.03499942e-02]","[ 2.09276950e-02  1.40589810e-02  1.12024547e+02 -3.44415552e-01
 -1.28485442e+00  2.17444967e-01]",010,LW
935,0,1.199148026587525,0,[-0.62820543  0.22839965 -6.91168371 -2.3419572  -1.29414908  0.14025404],"[-8.95684091e-02  7.81524946e-03 -1.72797726e+02 -1.34772174e+01
 -6.22428963e-01 -9.48699760e-01]","[-1.15762190e+00  2.35303783e-02  6.60108520e+01  7.84156082e+01
 -1.18476215e+00  4.49435253e-01]","[ 5.44042408e+00  4.32473932e-02 -3.48038228e+01  1.91347556e+02
 -9.80581851e-01 -7.00959581e-01]","[  0.12783083   0.06228932 -25.32874889   5.23779495  -1.29924046
  -0.16187886]","[-1.39619642e-01  7.67458064e-03  2.06016930e+02  3.07640100e+01
 -1.31377600e+00  1.20847116e-02]","[ 4.14970721e-01  3.20116908e-02 -4.93771865e+01  2.24900867e+01
 -1.30561015e+00 -6.16346062e-02]","[ 3.02667078e-02  1.58857806e-02  9.93467343e+01 -1.00689858e+00
 -1.30117208e+00  1.49931329e-01]",010,LW
936,0,1.199148026587525,0,[-0.76495855  0.20614934 -7.65235104 -3.85373139 -1.28383136  0.16868582],"[-9.55527280e-02  1.34228152e-02 -1.13806015e+02 -8.87447517e+00
 -1.11048413e+00 -5.86589863e-01]","[-1.14095284e+00  3.03992330e-02  5.15740235e+01  6.08435287e+01
 -1.24961080e+00  3.16938200e-01]","[ 5.40777426e+00  6.41041180e-02 -2.41846698e+01  1.32785235e+02
 -1.17057646e+00 -4.71205917e-01]","[  0.08716113   0.06801428 -23.22678342   4.02447266  -1.30922111
  -0.10240739]","[-1.34824598e-01  7.63611596e-03  2.07044508e+02  2.99146926e+01
 -1.31192189e+00 -2.82078028e-02]","[ 3.94499155e-01  3.30942440e-02 -4.77713963e+01  2.08457755e+01
 -1.30616719e+00 -3.70170308e-02]","[ 4.06065379e-02  1.72252938e-02  9.17246746e+01 -1.72462148e+00
 -1.30994157e+00  9.33497330e-02]",010,LW
937,0,1.199148026587525,0,[-0.88774547  0.18296814 -8.61702364 -5.64972367 -1.27524021  0.18859021],"[-1.05030659e-01  1.82178665e-02 -8.58970871e+01 -7.02182770e+00
 -1.26765059e+00 -3.38701444e-01]","[-1.12011540e+00  3.65177939e-02  4.31065969e+01  5.02843631e+01
 -1.27794337e+00  2.31458490e-01]","[ 5.36218562e+00  8.36479553e-02 -1.87300251e+01  1.02433871e+02
 -1.24741543e+00 -3.28359786e-01]","[  0.04353641   0.07159366 -22.0797527    2.96127314  -1.31351608
  -0.051213  ]","[-1.30106267e-01  7.40971051e-03  2.13315605e+02  2.97536970e+01
 -1.30732156e+00 -6.37899012e-02]","[ 3.73473185e-01  3.37095484e-02 -4.69035582e+01  1.95172212e+01
 -1.30550918e+00 -1.70055230e-02]","[ 5.16253739e-02  1.80289644e-02  8.76847105e+01 -2.52675597e+00
 -1.31398793e+00  4.34610454e-02]",010,LW
938,0,0.4310774054345492,0,[-0.99631435  0.16043151 -9.82326069 -7.78705557 -1.26954294  0.20246193],"[-1.17151882e-01  2.15745293e-02 -7.30850370e+01 -6.56204964e+00
 -1.32019411e+00 -1.75270175e-01]","[-1.09562176e+00  4.18116099e-02  3.77239673e+01  4.33311992e+01
 -1.29116786e+00  1.72510155e-01]","[  5.30493469   0.1007506  -15.6242113   84.8854205   -1.28245008
  -0.23058518]","[-1.68821934e-03  7.29842005e-02 -2.16636879e+01  1.96342694e+00
 -1.31410410e+00 -5.79095023e-03]","[-1.25565704e-01  7.03932586e-03  2.24461044e+02  3.01846090e+01
 -1.30069644e+00 -9.22270802e-02]","[ 3.52154693e-01  3.39421322e-02 -4.65832870e+01  1.84045231e+01
 -1.30390467e+00 -2.21826656e-03]","[ 6.29799115e-02  1.82774845e-02  8.65057718e+01 -3.44812585e+00
 -1.31472895e+00 -2.66552571e-03]",010,LW
939,0,0.7587752719925014,0,"[ -1.09112516   0.13929316 -11.30887914 -10.33940252  -1.26595533
   0.21574058]","[-1.30905350e-01  2.32543604e-02 -6.79700743e+01 -6.89764639e+00
 -1.33528885e+00 -5.11083684e-02]",[-1.06799571  0.04628742 34.1121244  38.43160242 -1.29744028  0.13030221],"[  5.23774966   0.11478462 -13.74577521  73.99692947  -1.29835486
  -0.15993208]","[ -0.04715824   0.07226374 -21.87745323   0.9682978   -1.31232212
   0.03626946]","[-1.21269186e-01  6.58902500e-03  2.39739528e+02  3.10730173e+01
 -1.29294329e+00 -1.08702945e-01]","[ 3.30733826e-01  3.39236076e-02 -4.66086769e+01  1.74150660e+01
 -1.30127347e+00  5.70122013e-03]","[ 7.43219285e-02  1.79767925e-02  8.79367957e+01 -4.53563224e+00
 -1.31280604e+00 -4.75109685e-02]",010,LW
940,0,0.7587752719925014,0,"[ -1.17296042   0.11961499 -13.16020419 -13.43639861  -1.2616506
   0.23443127]","[-1.45203827e-01  2.32101214e-02 -6.80959966e+01 -7.88779931e+00
 -1.33288131e+00  5.83634184e-02]",[-1.03774628  0.04999432 31.60137582 34.79421015 -1.30068854  0.09889426],"[  5.16257447   0.12560254 -12.57630569  66.92611468  -1.30449627
  -0.10830253]","[ -0.09157277   0.0695695  -22.71593935  -0.08016157  -1.30880604
   0.07805623]","[-1.17235296e-01  6.14274557e-03  2.57175272e+02  3.21500191e+01
 -1.28532127e+00 -1.04786083e-01]","[ 3.09293132e-01  3.38463150e-02 -4.67151634e+01  1.64486792e+01
 -1.29750328e+00  3.74050710e-03]","[ 8.53118430e-02  1.71521534e-02  9.21157977e+01 -5.85856848e+00
 -1.30826538e+00 -9.37470075e-02]",010,LW
941,0,0.7587752719925014,0,"[ -1.2426539    0.10115559 -15.54422955 -17.31609753  -1.25333307
   0.26189022]","[-1.58954018e-01  2.15020519e-02 -7.33378007e+01 -9.65733807e+00
 -1.31607165e+00  1.74006754e-01]",[-1.00536414  0.05297025 29.83652278 31.9965701  -1.30310921  0.0734809 ],"[  5.08132779   0.13346153 -11.84222155  62.17420949  -1.30577403
  -0.07126384]","[ -0.13370376   0.06503449 -24.28163086  -1.24654525  -1.30324318
   0.12389154]","[-1.13424369e-01  5.80258822e-03  2.72377741e+02  3.28942735e+01
 -1.27882423e+00 -6.97783904e-02]","[ 2.87771451e-01  3.39713586e-02 -4.65426081e+01  1.53936339e+01
 -1.29272114e+00 -1.13524020e-02]","[ 9.56283503e-02  1.58413638e-02  9.96382346e+01 -7.52824000e+00
 -1.30037056e+00 -1.44953705e-01]",010,LW
942,0,0.7587752719925014,0,"[ -1.30100193   0.08378475 -18.73623852 -22.37588249  -1.23883405
   0.29739213]","[-1.71102667e-01  1.82410915e-02 -8.58722455e+01 -1.26929702e+01
 -1.27076504e+00  3.23962597e-01]",[-0.971345    0.05518887 28.6438048  29.82301657 -1.30576356  0.04961393],"[ 4.99572659e+00  1.38851328e-01 -1.13853676e+01  5.88781834e+01
 -1.30522750e+00 -4.52515037e-02]","[ -0.17238479   0.05874813 -26.84182814  -2.62712296  -1.29369421
   0.18017633]","[-1.09733439e-01  5.68031851e-03  2.78335216e+02  3.25426804e+01
 -1.27207349e+00  1.15619826e-03]","[ 2.65940066e-01  3.46040560e-02 -4.56860550e+01  1.41497525e+01
 -1.28745827e+00 -4.00165705e-02]","[ 1.04974603e-01  1.40893530e-02  1.11826937e+02 -9.73898825e+00
 -1.28681290e+00 -2.06617592e-01]",010,LW
943,0,0.5708127121933954,0,"[ -1.34886172   0.0677187  -23.13590191 -29.20713235  -1.218108
   0.33536076]","[-1.80659161e-01  1.35981274e-02 -1.12695742e+02 -1.83595182e+01
 -1.13349420e+00  5.60823733e-01]","[-9.36228926e-01  5.65360135e-02  2.79654809e+01  2.81820921e+01
 -1.30858925e+00  2.36349635e-02]","[ 4.90722959e+00  1.42252954e-01 -1.11143487e+01  5.65406608e+01
 -1.30486600e+00 -2.60839070e-02]","[ -0.20648872   0.0507589  -30.97798356  -4.39660413  -1.2745686
   0.25712279]","[-1.06000519e-01  5.87673653e-03  2.68844507e+02  3.04976572e+01
 -1.26206566e+00  9.41755164e-02]","[ 2.43411512e-01  3.60193567e-02 -4.38761930e+01  1.26799705e+01
 -1.28289360e+00 -7.64871221e-02]","[ 1.13082771e-01  1.19472776e-02  1.31426458e+02 -1.28620680e+01
 -1.26161795e+00 -2.87914600e-01]",010,LW
944,0,0.587300245449577,0,"[ -1.38735816   0.05355128 -29.21545149 -38.53229508  -1.195627
   0.36157956]","[-1.86709818e-01  8.03556089e-03 -1.68718402e+02 -2.95013822e+01
 -6.60164335e-01  9.22562261e-01]","[-9.00637504e-01  5.68322787e-02  2.78207596e+01  2.70564195e+01
 -1.31072054e+00 -6.68906264e-03]","[ 4.81712416e+00  1.43882399e-01 -1.09890103e+01  5.49354270e+01
 -1.30588616e+00 -8.34489501e-03]","[ -0.23491854   0.04112775 -37.98394561  -6.92313322  -1.23037914
   0.37308313]","[-1.02020841e-01  6.45164882e-03  2.44459203e+02  2.69399335e+01
 -1.25115798e+00  1.77998524e-01]","[ 2.19696129e-01  3.83525000e-02 -4.11873777e+01  1.10487074e+01
 -1.28096974e+00 -1.09328629e-01]","[ 1.19719128e-01  9.47821068e-03  1.64451943e+02 -1.76880433e+01
 -1.20895701e+00 -4.06057671e-01]",010,LW
945,0,0.6518752002580388,0,"[-1.41808228e+00  4.21713806e-02 -3.71423885e+01 -5.06709632e+01
 -1.18471618e+00  3.44314359e-01]","[-1.88441672e-01  4.84008768e-03  4.20190297e+01  9.91813618e+00
 -1.61631485e+00  3.08706356e-01]",[-0.86529496  0.05588749 28.28697528 26.47657704 -1.31116111 -0.04241788],"[ 4.72672956e+00  1.43509849e-01 -1.10173834e+01  5.40761917e+01
 -1.30843723e+00  1.41963439e-02]","[-2.56629696e-01  3.00418609e-02 -5.10570204e+01 -1.11027476e+01
 -1.11156915e+00  5.66341485e-01]","[-9.75743899e-02  7.40081158e-03  2.12769683e+02  2.27608720e+01
 -1.24726828e+00  2.27495054e-01]","[  0.19430459   0.04150794 -38.04338222   9.39200379  -1.28345437
  -0.12746238]","[ 1.24691057e-01  6.77200886e-03  2.25715078e+02 -2.61446516e+01
 -1.07939082e+00 -5.97898395e-01]",010,LW
946,0,0.8739553504264173,0,"[-1.44318036e+00  3.46261440e-02 -4.54649822e+01 -6.36141695e+01
 -1.20033898e+00  2.31282032e-01]","[-1.85184626e-01  1.05233122e-02  1.29927354e+02  2.60605484e+01
 -5.63771390e-01  9.97166478e-01]",[-0.83102466  0.05355516 29.50597058 26.52018928 -1.30901388 -0.08453961],"[ 4.63763307e+00  1.40460020e-01 -1.12546723e+01  5.41950404e+01
 -1.31112676e+00  4.72438809e-02]","[-2.70689528e-01  1.81155750e-02 -7.81744153e+01 -1.91609955e+01
 -7.34048463e-01  8.96519743e-01]","[-9.24601864e-02  8.65411673e-03  1.81871858e+02  1.88159058e+01
 -1.25392210e+00  2.38902043e-01]","[  0.1668756    0.045142   -34.98154271   7.83756581  -1.29031383
  -0.12597234]","[ 1.27856386e-01  3.99755950e-03  3.52397937e+02 -4.30563267e+01
 -6.95354812e-01 -9.20769181e-01]",010,LW
947,0,0.8739553504264173,0,"[-1.46525405e+00  3.18376178e-02 -4.96362870e+01 -7.07297704e+01
 -1.22097374e+00  8.65472111e-03]","[-1.76473434e-01  1.89901368e-02  7.96697728e+01  1.60595984e+01
 -1.00010265e+00  6.75694447e-01]",[-0.79871738  0.049767   31.72306156 27.33776071 -1.30293275 -0.13497712],"[  4.55184823   0.13384324 -11.80443514  55.73199722  -1.31084584
   0.0947309 ]","[-2.76366779e-01  8.82492895e-03 -4.63687136e+01 -1.08147720e+01
 -1.43917664e+00  3.77087025e-01]","[-8.65300313e-02  1.00909821e-02  1.56067354e+02  1.55045130e+01
 -1.26766988e+00  2.21960330e-01]","[  0.13729379   0.04873193 -32.41597071   6.45051156  -1.29941894
  -0.10644601]","[ 1.29134095e-01  1.89543047e-03  2.18171447e+02 -2.61733723e+01
 -1.41380114e+00 -3.96957587e-01]",010,LW
948,0,0.8739553504264173,0,"[-1.48702925e+00  3.39352256e-02 -4.64406026e+01 -6.70585345e+01
 -1.21841045e+00 -1.99946787e-01]","[-1.62124432e-01  2.78617020e-02  5.56690891e+01  1.10253194e+01
 -1.16931574e+00  4.67856323e-01]",[-0.76927567  0.04455294 35.37509563 29.2132003  -1.29021777 -0.19708307],"[  4.47180104   0.12295596 -12.83231335  59.38355221  -1.30302263
   0.1587637 ]","[-2.73229682e-01  1.48546966e-02  8.67660152e+01  2.57070508e+01
 -4.92679115e-01  1.00883344e+00]","[-7.97141287e-02  1.15628320e-02  1.36351078e+02  1.28691074e+01
 -1.28316423e+00  1.88209728e-01]","[  0.10576041   0.05169969 -30.56935212   5.23302735  -1.30784749
  -0.07378091]","[ 1.28513806e-01  3.08662339e-03 -4.19839526e+02  5.59551753e+01
 -5.21290003e-01 -9.91082118e-01]",010,LW
949,0,0.8739553504264173,0,"[-1.51084157e+00  3.96729890e-02 -3.96133095e+01 -5.78494346e+01
 -1.23355344e+00 -2.75694892e-01]","[-1.42310205e-01  3.62777089e-02  4.31860506e+01  8.14581570e+00
 -1.24826357e+00  3.28549501e-01]","[-7.43544982e-01  3.80587691e-02  4.12801909e+01  3.26936788e+01
 -1.26558259e+00 -2.76399088e-01]","[  4.40010888   0.10767929 -14.61240934  66.29619207  -1.28174835
   0.24100376]","[-2.61223150e-01  2.75396362e-02  5.47720298e+01  1.63077221e+01
 -1.00450225e+00  6.82885054e-01]","[-7.20333630e-02  1.29171396e-02  1.22193104e+02  1.08019802e+01
 -1.29664866e+00  1.46187618e-01]","[  0.07279276   0.05354555 -29.52569007   4.14925638  -1.31325148
  -0.03336393]","[ 1.26061011e-01  5.63037946e-03 -2.68761303e+02  3.58803215e+01
 -1.03134293e+00 -6.59768703e-01]",010,LW
950,0,0.7489720939619126,0,"[-1.53808772e+00  4.67647524e-02 -3.36535824e+01 -4.97621618e+01
 -1.27866337e+00 -2.36841207e-01]",[-0.11760479  0.0434927  36.20402582  6.25776699 -1.29074635  0.22147833],"[-7.22241585e-01  3.05583402e-02  5.10957934e+01  3.89035068e+01
 -1.21785691e+00 -3.83291558e-01]","[  4.33921175   0.08867469 -17.65052128  78.58934937  -1.23854764
   0.3456738 ]",[-0.2407022   0.04022055 38.6210752  11.29617785 -1.19001306  0.44705157],"[-6.35969627e-02  1.40191917e-02  1.12688685e+02  9.16665807e+00
 -1.30641470e+00  1.01136722e-01]","[ 3.91523974e-02  5.39537006e-02 -2.93046904e+01  3.14734889e+00
 -1.31444477e+00  1.01612485e-02]","[ 1.21916477e-01  8.08752205e-03 -1.92430091e+02  2.54603988e+01
 -1.20782066e+00 -4.22780751e-01]",010,LW
951,0,0.7476416925013426,0,"[ -1.56883156   0.05259823 -30.01012648 -45.08083364  -1.32497173
  -0.13619308]",[-0.08897436  0.0488548  32.3161043   4.87530455 -1.31333761  0.13145785],"[-7.05884281e-01  2.24530130e-02  6.85920638e+01  5.04180596e+01
 -1.11792714e+00 -5.40070941e-01]","[ 4.29098791e+00  6.72863841e-02 -2.30159115e+01  1.00760998e+02
 -1.15564110e+00  4.85645477e-01]",[-0.21241876  0.05161554 30.39480539  8.45642674 -1.26078389  0.30310211],"[-5.45881380e-02  1.47676295e-02  1.07038933e+02  7.84305606e+00
 -1.31216913e+00  5.58539494e-02]","[ 5.72466423e-03  5.28443934e-02 -2.99133580e+01  2.17124393e+00
 -1.31141281e+00  5.31497547e-02]","[ 1.16290834e-01  1.02067058e-02 -1.53894032e+02  1.98964654e+01
 -1.27328789e+00 -2.78219930e-01]",010,LW
952,0,0.6431791688040551,0,"[-1.60171187e+00  5.48714169e-02 -2.88089912e+01 -4.41437031e+01
 -1.34960178e+00 -3.20925970e-03]",[-0.05770346  0.05191104 30.45022853  3.75708346 -1.32269164  0.05206842],"[-6.94735673e-01  1.42841435e-02  1.03514318e+02  7.39150891e+01
 -8.71612919e-01 -7.94513336e-01]","[ 4.25647541e+00  4.52626703e-02 -3.33344907e+01  1.43887440e+02
 -9.78472432e-01  6.94925527e-01]",[-0.17747573  0.06108631 25.79360452  6.5777388  -1.29281825  0.20408664],"[-4.52428283e-02  1.51006920e-02  1.04703379e+02  6.73707700e+00
 -1.31437387e+00  1.13377390e-02]","[-2.66146605e-02  5.03610985e-02 -3.13737782e+01  1.16499754e+00
 -1.30509170e+00  9.30347592e-02]","[ 1.09456673e-01  1.18689777e-02 -1.32864180e+02  1.65428710e+01
 -1.30258324e+00 -1.77012477e-01]",010,LW
953,0,0.4576196828048699,0,"[ -1.63420386   0.05212789 -30.25883291 -47.44910155  -1.33907545
   0.15663162]","[-2.52652943e-02  5.24860261e-02  3.01225873e+01  2.76105603e+00
 -1.32254420e+00 -1.99810351e-02]","[-6.88760036e-01  6.99049174e-03  1.66517148e+02  1.16690357e+02
 -3.65326855e-01 -1.04765157e+00]","[ 4.23575307e+00  2.47124533e-02 -5.50113630e+01  2.35014550e+02
 -5.34905393e-01  1.01412228e+00]",[-0.13726391  0.06820075 23.15176839  5.17790218 -1.30894002  0.12780588],"[-3.58274284e-02  1.49925194e-02  1.05450647e+02  5.77802552e+00
 -1.31369920e+00 -3.29744682e-02]","[ -0.05710881   0.04679952 -33.74013641   0.07314081  -1.29694522
   0.12863462]","[ 1.01739745e-01  1.29898500e-02 -1.21623458e+02  1.43739396e+01
 -1.31712843e+00 -9.58303337e-02]",010,LW
954,0,0.4576196828048699,0,"[-1.66317532e+00  4.40717593e-02 -3.54460978e+01 -5.69530749e+01
 -1.26948034e+00  3.59464934e-01]","[ 6.84131571e-03  5.06920444e-02  3.11706155e+01  1.78675198e+00
 -1.31514018e+00 -8.70746054e-02]","[-6.87607965e-01  4.68078223e-03 -1.62589304e+02 -1.09797700e+02
 -9.81577327e-01 -5.72107022e-01]","[ 4.22797008e+00  1.10918862e-02 -1.84194982e+01  7.98770871e+01
 -1.60137628e+00  3.15450565e-01]",[-0.09338973  0.07265351 21.75498594  4.03169222 -1.31692106  0.06285345],"[-2.66202208e-02  1.44424479e-02  1.09420802e+02  4.91280591e+00
 -1.31047108e+00 -7.92234949e-02]","[ -0.08518055   0.0425043  -37.12209289  -1.16208035  -1.28830405
   0.16067813]","[ 9.35091150e-02  1.35037608e-02 -1.17078220e+02  1.29478807e+01
 -1.32356414e+00 -2.20880469e-02]",010,LW
955,0,0.4576196828048699,0,"[-1.68558753e+00  3.16639279e-02 -4.77589219e+01 -7.85018435e+01
 -1.05682217e+00  6.49810728e-01]",[ 0.03725629  0.0468839  33.66091286  0.74591912 -1.30145665 -0.15100777],"[-6.90638506e-01  8.97976998e-03 -1.64335585e+02 -1.11496483e+02
 -9.71771043e-01 -7.37869366e-01]","[ 4.23148494e+00  1.75344204e-02  7.79593181e+01 -3.27883680e+02
 -7.26679736e-01  8.80812837e-01]","[-4.75968054e-02  7.42620280e-02  2.12906407e+01  3.01336648e+00
 -1.31926910e+00  3.01976006e-03]","[-1.78987385e-02  1.34630425e-02  1.17275495e+02  4.09908341e+00
 -1.30402936e+00 -1.31298107e-01]","[-1.10435914e-01  3.77694954e-02 -4.17379209e+01 -2.60936545e+00
 -1.27961775e+00  1.92356933e-01]","[ 8.51647074e-02  1.33668572e-02 -1.18255039e+02  1.20711558e+01
 -1.32303281e+00  5.22325571e-02]",010,LW
956,0,0.4576196828048699,0,"[-1.69914454e+00  1.74351214e-02 -7.27580851e+01 -1.21626503e+02
 -4.94987431e-01  9.98427440e-01]",[ 0.06489303  0.04159072 37.87598312 -0.45788745 -1.28178916 -0.21250113],"[-6.96984827e-01  1.30982296e-02 -1.18994880e+02 -8.09376261e+01
 -1.26326807e+00 -3.85958708e-01]","[ 4.24406708e+00  2.84118027e-02  5.42961738e+01 -2.28436604e+02
 -1.20728167e+00  4.90383535e-01]","[-1.68069287e-03  7.29968281e-02  2.16543185e+01  2.03639426e+00
 -1.31664828e+00 -5.52915089e-02]","[-9.93252010e-03  1.20727081e-02  1.30553668e+02  3.29672693e+00
 -1.29177371e+00 -1.95414800e-01]","[-1.32620717e-01  3.27746263e-02 -4.80360274e+01 -4.37057241e+00
 -1.26966938e+00  2.29898218e-01]","[ 7.71202442e-02  1.25686810e-02 -1.25606628e+02  1.16868138e+01
 -1.31379734e+00  1.33690481e-01]",010,LW
957,0,0.4576196828048699,0,"[-1.70270223e+00  1.05832094e-02  4.34235249e+01  7.59373327e+01
 -1.39705520e+00  3.76795126e-01]","[ 8.90233019e-02  3.54392340e-02  4.43483729e+01 -1.94803859e+00
 -1.25676885e+00 -2.70861243e-01]","[-7.05659751e-01  1.57798668e-02 -9.99126351e+01 -6.85043252e+01
 -1.32950273e+00 -1.74747368e-01]","[ 4.26311546e+00  3.59636330e-02  4.37538807e+01 -1.84527845e+02
 -1.32776335e+00  2.24030868e-01]",[ 0.04260316  0.06900282 22.88875766  1.02486659 -1.30902917 -0.11496687],"[-2.97894599e-03  1.02955176e-02  1.52548662e+02  2.45443423e+00
 -1.26687740e+00 -2.82108001e-01]","[-1.51550096e-01  2.75683153e-02 -5.69738800e+01 -6.63439698e+00
 -1.25418440e+00  2.83873747e-01]","[ 6.97804750e-02  1.11442576e-02 -1.41240757e+02  1.18558471e+01
 -1.29091118e+00  2.30330155e-01]",010,LW
958,0,0.4576196828048699,0,"[-1.69632362e+00  2.07149429e-02  6.92609391e+01  1.19488967e+02
 -8.33420027e-01  8.33562121e-01]","[ 1.09304791e-01  2.90650677e-02  5.39342779e+01 -3.89527498e+00
 -1.22815349e+00 -3.24260829e-01]","[-7.15686106e-01  1.69947834e-02 -9.30133221e+01 -6.45683423e+01
 -1.33411607e+00 -4.09561487e-02]","[ 4.28586967e+00  3.93323113e-02  4.01828906e+01 -1.70218632e+02
 -1.35064667e+00  4.46160126e-02]",[ 0.08363216  0.06258291 25.1971085  -0.10728868 -1.29544949 -0.17979885],"[ 2.72035945e-03  8.16761851e-03  1.90722492e+02  1.48116626e+00
 -1.21028759e+00 -4.12233613e-01]","[-1.67033531e-01  2.20923901e-02 -7.07254759e+01 -9.81352599e+00
 -1.22100126e+00  3.73438638e-01]","[ 6.35138634e-02  9.18028331e-03 -1.70347003e+02  1.28193963e+01
 -1.24170188e+00  3.56213943e-01]",010,LW
959,0,0.4576196828048699,0,"[-1.68098964e+00  3.26259435e-02  4.73833726e+01  8.16509585e+01
 -1.18540994e+00  4.86436751e-01]","[ 1.25753653e-01  2.30182598e-02  6.79247292e+01 -6.54178282e+00
 -1.19878874e+00 -3.70442012e-01]","[-7.26227516e-01  1.70413313e-02 -9.27646540e+01 -6.53682442e+01
 -1.31923700e+00  4.37322410e-02]","[ 4.30961785e+00  3.86428349e-02  4.08715776e+01 -1.74140880e+02
 -1.33895109e+00 -1.03669692e-01]",[ 0.11999945  0.05415538 29.03752756 -1.48448724 -1.27265448 -0.25589756],"[ 6.94457831e-03  5.75459240e-03  2.64127236e+02  1.65747726e-01
 -1.05585904e+00 -6.32404472e-01]","[-1.78816703e-01  1.62459915e-02 -9.47522020e+01 -1.49432763e+01
 -1.12866968e+00  5.38389269e-01]","[ 5.86241589e-02  6.81683900e-03 -2.25747417e+02  1.52342525e+01
 -1.12832597e+00  5.40893414e-01]",010,LW
960,0,0.3415678813005476,0,"[-1.65809319e+00  4.26229937e-02  3.68053109e+01  6.30266352e+01
 -1.26211346e+00  3.03383564e-01]","[ 1.38672832e-01  1.76898508e-02  8.81804965e+01 -1.02282392e+01
 -1.17192122e+00 -4.07089574e-01]","[-7.36689706e-01  1.63742464e-02 -9.65037301e+01 -6.90933046e+01
 -1.30074864e+00  8.69450668e-02]","[ 4.33189215e+00  3.43990871e-02  4.56978972e+01 -1.95958362e+02
 -1.29921960e+00 -2.55607089e-01]",[ 0.15057938  0.04421869 35.380126   -3.3275173  -1.23209146 -0.35365306],"[ 9.50177824e-03  3.23846607e-03  4.12137149e+02 -1.91603579e+00
 -5.77939230e-01 -9.70854074e-01]","[-1.86559787e-01  1.00625991e-02 -1.43236486e+02 -2.47221684e+01
 -8.07515873e-01  8.49214513e-01]","[ 5.53253024e-02  4.26363782e-03 -3.41190579e+02  2.08764720e+01
 -8.17850012e-01  8.41402733e-01]",010,LW
961,0,0.3415678813005476,0,"[-1.62891516e+00  5.10370751e-02  3.08545201e+01  5.22593956e+01
 -1.27265655e+00  2.23485385e-01]","[ 1.48554586e-01  1.32868294e-02  1.17215712e+02 -1.54129316e+01
 -1.15095312e+00 -4.31012368e-01]","[-7.46767078e-01  1.54834238e-02 -1.02054195e+02 -7.42107132e+01
 -1.28683890e+00  8.87766436e-02]","[ 4.35061654e+00  2.73285444e-02  5.67981566e+01 -2.45106999e+02
 -1.20550665e+00 -4.47921260e-01]","[ 1.74572342e-01  3.33412852e-02  4.64153998e+01 -6.10284503e+00
 -1.15136287e+00 -4.92853207e-01]","[ 1.02406861e-02  1.85892330e-03 -1.26190557e+02  3.29227789e+00
 -1.60974138e+00 -3.07626924e-01]","[-1.89864051e-01  4.93106317e-03 -1.17659210e+02 -2.03392543e+01
 -1.21744703e+00  4.73465425e-01]","[ 5.37237889e-02  2.00896673e-03 -4.42762248e+02  2.57868655e+01
 -6.32004800e-01  8.20885571e-01]",010,LW
962,0,0.3415678813005476,0,[-1.5942851   0.05886889 26.77710867 44.69034545 -1.27253198  0.19487838],"[ 1.55979862e-01  9.85806863e-03  1.57946152e+02 -2.26364190e+01
 -1.14040907e+00 -4.36043740e-01]","[-7.56428842e-01  1.47948300e-02 -1.06845733e+02 -7.88211941e+01
 -1.28008822e+00  5.17848819e-02]","[ 4.36420287e+00  1.83979046e-02  8.09231352e+01 -3.51164979e+02
 -9.52027706e-01 -7.40019201e-01]","[ 1.91525976e-01  2.21835799e-02  6.77204009e+01 -1.09702159e+01
 -9.60445285e-01 -7.16098077e-01]","[ 9.06528145e-03  3.88108557e-03 -3.56746456e+02  5.23400703e+00
 -6.30834278e-01 -9.57581551e-01]","[-1.88345122e-01  7.92393574e-03  1.56138008e+02  3.14078322e+01
 -4.13859023e-01  1.04111104e+00]","[ 5.38112528e-02  2.18582449e-03  5.13644529e+02 -2.56398556e+01
 -5.10776414e-01  9.18265598e-01]",010,LW
963,0,0.3402446068920194,0,[-1.55455345  0.06682472 23.59885052 38.68567437 -1.27657041  0.18131146],"[ 1.61534621e-01  7.34643750e-03  2.12337133e+02 -3.22997983e+01
 -1.14662905e+00 -4.11442748e-01]","[-7.65860499e-01  1.46038131e-02 -1.08263201e+02 -8.09145091e+01
 -1.27745015e+00 -1.09792811e-02]","[ 4.37163507e+00  9.36050234e-03  1.19999868e+02 -5.22595632e+02
 -4.46395497e-01 -9.71412068e-01]","[ 2.01330769e-01  1.17310629e-02  1.10802598e+02 -2.03079723e+01
 -4.65108798e-01 -1.03490662e+00]","[ 5.94991881e-03  6.76058853e-03 -2.25172039e+02  3.33975535e+00
 -1.05180530e+00 -6.28527091e-01]","[-1.81738248e-01  1.54143549e-02  9.69409042e+01  1.96178701e+01
 -9.38644600e-01  7.40139602e-01]","[ 5.54680678e-02  4.16317623e-03  3.60186329e+02 -1.79788397e+01
 -1.00985682e+00  6.94405855e-01]",010,LW
964,0,0.1292516314996508,0,[-1.50987771  0.07483274 21.08551013 33.8365417  -1.28776907  0.15986616],"[ 1.65754849e-01  5.63909246e-03  2.77777188e+02 -4.40429159e+01
 -1.17385544e+00 -3.44470746e-01]","[-7.75381160e-01  1.50463499e-02 -1.05032278e+02 -7.94400493e+01
 -1.27538401e+00 -7.71169858e-02]","[ 4.37254735e+00  7.52311786e-03 -1.14635051e+02  5.03247189e+02
 -7.69465286e-01 -7.12446754e-01]","[ 2.04190505e-01  6.29960133e-03 -4.72293518e+01  1.16437852e+01
 -1.59069412e+00 -3.00860345e-01]","[ 9.52070276e-04  9.61027143e-03 -1.61966569e+02  2.15420356e+00
 -1.20083377e+00 -4.23558312e-01]","[-1.70011278e-01  2.33030365e-02  6.63974288e+01  1.32883118e+01
 -1.15971127e+00  4.91341478e-01]","[ 5.84769161e-02  6.00346387e-03  2.59473917e+02 -1.31732345e+01
 -1.23544421e+00  4.03174955e-01]",010,LW
965,0,0.1281169632080907,0,[-1.46071052  0.08193182 19.27578279 30.15633879 -1.30518549  0.11869329],"[ 1.69103887e-01  4.60842108e-03  3.41672919e+02 -5.57782185e+01
 -1.21398742e+00 -2.28188741e-01]","[-7.85348548e-01  1.60988102e-02 -9.80926963e+01 -7.50369566e+01
 -1.27562850e+00 -1.25080916e-01]","[ 4.36723255e+00  1.48345179e-02 -9.93641533e+01  4.35946365e+02
 -9.44530367e-01 -7.56293444e-01]","[ 2.00570622e-01  1.23531974e-02 -1.14487750e+02  2.49628792e+01
 -7.49885492e-01 -8.85056495e-01]","[-5.78014571e-03  1.21888242e-02 -1.28786697e+02  1.25559413e+00
 -1.26398234e+00 -2.92234323e-01]","[-1.53457063e-01  3.05820360e-02  5.12185516e+01  9.85984850e+00
 -1.25234068e+00  3.30433801e-01]","[ 6.25439724e-02  7.38223254e-03  2.13235758e+02 -1.13366114e+01
 -1.30636343e+00  2.23665727e-01]",010,LW
966,0,0.1281169632080907,0,[-1.40831436  0.08640404 18.29430042 27.76412606 -1.32503825  0.05091905],"[ 1.71979602e-01  4.15276364e-03  3.80517189e+02 -6.34411947e+01
 -1.24152704e+00 -6.69551890e-02]","[-7.96058547e-01  1.75828153e-02 -8.97812458e+01 -6.94711280e+01
 -1.28288243e+00 -1.41955514e-01]","[ 4.35651830e+00  2.20399321e-02 -7.05402739e+01  3.09309995e+02
 -1.23341323e+00 -4.22170550e-01]","[ 1.91132031e-01  2.02753360e-02 -7.58086804e+01  1.64894670e+01
 -1.13344994e+00 -5.45330173e-01]","[-1.40085263e-02  1.43332831e-02 -1.09955412e+02  4.59686718e-01
 -1.29510855e+00 -1.96732371e-01]","[-1.32738872e-01  3.65499192e-02  4.30957033e+01  7.72047504e+00
 -1.29774724e+00  2.11093210e-01]","[ 6.73245295e-02  8.20293017e-03  1.92583479e+02 -1.09655921e+01
 -1.33004872e+00  9.54357308e-02]",010,LW
967,0,0.1866798876068048,0,[-1.34549196  0.10212901 15.35661917 22.66220768 -1.09475052  0.30065292],"[ 1.78142767e-01  1.11172145e-02  1.22902476e+02 -1.98941870e+01
 -6.00321525e-02  1.26166409e+00]","[-8.15007609e-01  3.31909922e-02 -4.41770818e+01 -3.40046578e+01
 -4.40718920e-01 -9.63361122e-01]","[ 4.32714394e+00  5.58852365e-02 -2.53456322e+01  1.11674199e+02
 -2.41960128e-01 -1.13509554e+00]","[  0.16079938   0.05931909 -23.41469117   5.76506794  -0.15207627
  -1.20843258]","[-2.96990720e-02  2.79010182e-02 -5.24745965e+01  4.41553180e-01
 -4.32116307e-01 -9.72309659e-01]",[-0.09463365  0.06747805 21.91572474  4.07396509 -0.50631398  0.91178985],"[ 7.44281373e-02  1.19570939e-02  1.27897152e+02 -7.51914682e+00
 -7.84437960e-01  6.40233919e-01]",010,LW
968,0,0.1954053712777883,0,[-1.29811032  0.08658256 17.23668432 24.37511777 -1.4366074  -0.1392864 ],"[ 1.85468440e-01  1.53045560e-02  9.70891523e+01 -1.60069736e+01
 -1.55098280e+00  4.89549274e-01]","[-8.33665017e-01  3.76627758e-02 -4.02953929e+01 -3.15928594e+01
 -1.71424376e+00 -2.70292349e-01]","[ 4.29376823e+00  6.97626114e-02 -2.16322223e+01  9.48837488e+01
 -1.67046006e+00 -3.64500286e-01]","[  0.12587336   0.07502955 -20.00325027   4.51787623  -1.68685263
  -0.37694133]","[-4.57717417e-02  3.23440276e-02 -4.70078201e+01 -1.51629798e-01
 -1.69566374e+00 -2.87957480e-01]",[-0.05671213  0.07577429 20.10861987  3.14040258 -1.70232344  0.24748502],"[ 8.08450636e-02  1.21026754e-02  1.26702020e+02 -8.24323288e+00
 -1.66009915e+00  1.10860925e-01]",010,LW
969,0,0.1954053712777883,0,[-1.27104297  0.05969379 15.87266922 22.17484459 -1.18251371 -0.20106202],"[ 1.94272105e-01  1.80939250e-02  8.56230915e+01 -1.46341782e+01
 -1.58711526e+00 -2.60242127e-02]","[-8.51284346e-01  3.55865643e-02 -4.17265497e+01 -3.35211586e+01
 -1.70339309e+00  4.02699619e-01]","[ 4.25781899e+00  7.28484563e-02 -2.09917310e+01  9.13789908e+01
 -1.68123790e+00  2.49407364e-01]","[  0.08770748   0.07874821 -19.36673632   3.69860772  -1.69215143
   0.25824818]","[-6.16994863e-02  3.16352132e-02 -4.77154422e+01 -9.44018277e-01
 -1.68946743e+00  3.46298973e-01]","[-2.07943408e-02  7.11340743e-02  2.09422542e+01  2.43548037e+00
 -1.68579202e+00 -4.04938865e-01]","[ 8.61828591e-02  1.01949982e-02  1.40219753e+02 -1.00845392e+01
 -1.59936728e+00 -5.11911339e-01]",010,LW
970,0,0.1954053712777883,0,"[-1.26764857e+00  5.40623353e-02 -1.29342115e+01 -1.43960346e+01
 -1.34232173e+00  1.10119208e-02]","[ 2.04670451e-01  1.88435036e-02  8.26959903e+01 -1.49254256e+01
 -9.67861360e-01 -3.85327016e-01]","[-8.67087434e-01  2.73800376e-02 -4.86795230e+01 -4.02094027e+01
 -2.11821613e-03  1.32279353e+00]","[ 4.22095088e+00  6.42820375e-02 -2.31039333e+01  9.95205674e+01
 -5.39843922e-01  8.83633506e-01]","[  0.04763344   0.06999344 -21.19808471   3.00973774  -0.51925163
   0.88683411]","[-7.70214387e-02  2.60057124e-02 -5.49520892e+01 -2.23248897e+00
 -2.81637921e-01  1.09656184e+00]","[ 1.15191165e-02  5.48098422e-02  2.46849701e+01  1.71565095e+00
 -4.60189918e-02 -1.28809686e+00]","[ 9.01371849e-02  6.84020118e-03  1.57046386e+02 -1.21557191e+01
  2.05047512e-01 -1.46685979e+00]",010,LW
971,0,0.0840572839124467,0,"[ -1.28907478   0.08265518 -18.88596616 -22.34542276  -1.26518412
  -0.36952191]","[ 2.16535900e-01  1.56022292e-02  1.01297234e+02 -1.99344877e+01
 -1.33661313e+00  5.91453962e-02]","[-8.80365909e-01  6.81181209e-03 -2.15771980e+02 -1.87958295e+02
 -8.29715133e-01  8.25899200e-01]","[ 4.18508728e+00  3.49133943e-02 -4.50013148e+01  1.90334430e+02
 -1.31544214e+00  2.58952123e-01]","[ 6.95272942e-03  4.01691166e-02 -3.93350099e+01  2.27348568e+00
 -1.30868138e+00  9.08478142e-02]","[-9.13727684e-02  1.16164474e-02 -1.35637191e+02 -1.03935456e+01
 -1.27109248e+00  2.08483125e-01]","[ 3.89713821e-02  1.56969161e-02  9.71168617e+01 -1.78477832e+00
 -1.04176051e+00 -6.27018381e-01]","[ 9.24992580e-02  1.65903990e-03 -7.17013710e+02  6.83232361e+01
 -4.62145069e-01 -9.80805162e-01]",010,LW
972,0,0.0840572839124467,0,"[ -1.34344854   0.09817339 -16.06459105 -19.58195135  -1.3400839
  -0.1605867 ]","[ 2.26051663e-01  1.55003689e-02  1.01940096e+02 -2.10437281e+01
 -1.34464302e+00 -7.20824193e-02]","[-8.83224440e-01  3.25064482e-03 -3.54327323e+02 -3.10950552e+02
 -3.23974119e-01  1.07550555e+00]","[ 4.16685420e+00  2.68485045e-02 -5.71481735e+01  2.40128107e+02
 -1.17200033e+00  5.36304075e-01]","[-1.71883547e-02  3.71091852e-02 -4.25329189e+01  1.26892910e+00
 -1.30258920e+00  1.45577230e-01]","[-9.82201894e-02  1.00440135e-02 -1.56777813e+02 -1.33987465e+01
 -1.26096118e+00  2.26101849e-01]","[ 4.65014819e-02  9.23238970e-03  1.55192356e+02 -5.21667453e+00
 -7.08055633e-01 -9.13739358e-01]","[ 9.11769037e-02  3.19067013e-03 -4.69740109e+02  4.48294487e+01
 -9.75720753e-01 -7.13532132e-01]",010,LW
973,0,0.0840572839124467,0,"[-1.40434021e+00  1.03052269e-01 -1.53385858e+01 -1.95405928e+01
 -1.35589475e+00  1.18394030e-02]","[ 2.34963590e-01  1.39359160e-02  1.12808767e+02 -2.45059530e+01
 -1.31860198e+00 -2.46507030e-01]","[-8.83830242e-01  2.03591778e-03  3.75423464e+02  3.33810611e+02
 -1.03872639e+00  5.16627996e-01]","[ 4.15531600e+00  1.59332256e-02 -8.25579215e+01  3.45054252e+02
 -6.43770078e-01  9.10181070e-01]","[-3.89364985e-02  3.28004153e-02 -4.80044702e+01  1.30874016e-01
 -1.28902222e+00  2.22508340e-01]","[-1.04139196e-01  8.61354419e-03 -1.82787371e+02 -1.70353299e+01
 -1.25459109e+00  2.30650932e-01]","[ 5.00557034e-02  4.07256370e-03  2.15270551e+02 -8.77551885e+00
 -5.51620348e-01 -8.87870602e-01]","[ 8.87853895e-02  4.74475286e-03 -3.26948073e+02  3.10282120e+01
 -1.17955613e+00 -4.62547456e-01]",010,LW
974,0,0.0840572839124467,0,"[ -1.46482801   0.09674624 -16.29061501 -21.8629492   -1.33265236
   0.18371004]","[ 2.42274731e-01  1.08125690e-02  1.42177794e+02 -3.24460869e+01
 -1.18615252e+00 -5.19483764e-01]","[-8.82640011e-01  3.67275965e-03  4.06362259e+02  3.60671588e+02
 -1.08772063e+00  6.56205191e-01]","[ 4.15283720e+00  1.11927739e-02  3.97439796e+01 -1.63050277e+02
 -1.30438280e+00  4.67278573e-01]","[-5.74050017e-02  2.71115010e-02 -5.77103011e+01 -1.31285993e+00
 -1.25142687e+00  3.46216302e-01]","[-1.09237200e-01  7.39799664e-03 -2.12911210e+02 -2.12578245e+01
 -1.25343006e+00  2.19305700e-01]","[ 5.01812948e-02  3.81974669e-03 -2.99732051e+02  1.70409424e+01
 -6.45702337e-01 -8.12055826e-01]","[ 8.54191909e-02  6.16891304e-03 -2.54079938e+02  2.37033028e+01
 -1.24826802e+00 -3.21465047e-01]",010,LW
975,0,0.0840572839124467,0,"[ -1.51798263   0.08008708 -19.45244942 -27.52848038  -1.25031351
   0.39641043]","[ 2.46914878e-01  6.47668942e-03  2.03694167e+02 -4.82951204e+01
 -6.67191731e-01 -8.93420809e-01]","[-8.80262393e-01  4.90670006e-03  3.20147593e+02  2.83813886e+02
 -1.38150481e+00  2.28979877e-01]","[ 4.16136255e+00  2.53079393e-02  5.49509221e+01 -2.26670709e+02
 -6.09444570e-01  9.74063898e-01]","[-7.15867391e-02  1.99333319e-02 -7.67936040e+01 -3.49740370e+00
 -1.12278789e+00  5.70688144e-01]","[-1.13656508e-01  6.43606877e-03 -2.44963326e+02 -2.58416762e+01
 -1.25776201e+00  1.90593679e-01]","[ 4.76845269e-02  6.52275311e-03 -2.34371368e+02  1.31758878e+01
 -1.21634205e+00 -5.27905185e-01]","[ 8.11825074e-02  7.43609868e-03 -2.11658125e+02  1.91829373e+01
 -1.27548534e+00 -2.35719699e-01]",010,LW
976,0,0.0840572839124467,0,"[ -1.55746001   0.05519351 -26.95523336 -39.98169802  -0.98499103
   0.72169277]","[ 2.47816712e-01  4.74758384e-03 -9.83075661e+01  2.63622578e+01
 -1.24699908e+00 -5.03936149e-01]","[-8.77399146e-01  5.08660563e-03  3.10035932e+02  2.74025262e+02
 -1.40870219e+00 -1.15562357e-01]","[ 4.18219315e+00  4.47476338e-02  3.39024092e+01 -1.39786424e+02
 -1.01677198e+00  6.58283955e-01]","[-8.03499371e-02  1.16353413e-02 -1.14983452e+02 -7.23891309e+00
 -6.44110414e-01  9.22516556e-01]","[-1.17553397e-01  5.73492144e-03 -2.75231535e+02 -3.03544018e+01
 -1.26620550e+00  1.46926077e-01]","[ 4.36013484e-02  8.03528362e-03 -1.96203009e+02  1.05547158e+01
 -1.41315820e+00 -1.22445139e-01]","[ 7.61792146e-02  8.54944333e-03 -1.84454452e+02  1.60515953e+01
 -1.28778086e+00 -1.79774101e-01]",010,LW
977,0,0.0811364592586024,0,"[-1.57782172e+00  2.84915251e-02 -3.35599146e+01 -5.09515623e+01
 -6.76468909e-01  7.69478495e-01]","[ 2.43986154e-01  1.11066644e-02 -1.24641869e+02  3.24108904e+01
 -5.69363001e-01 -9.98467662e-01]","[-8.74769688e-01  4.18699463e-03  3.67085801e+02  3.23115532e+02
 -1.23621994e+00 -4.96031128e-01]","[ 4.21581116e+00  6.49433489e-02  2.39073233e+01 -9.87887605e+01
 -1.17816383e+00  4.55702345e-01]","[-8.24869051e-02  7.60199044e-03  4.47799445e+01  5.69375903e+00
 -1.45359094e+00  3.95500090e-01]","[-1.21079123e-01  5.27327846e-03 -2.99613663e+02 -3.42769595e+01
 -1.27619635e+00  9.67330450e-02]","[ 3.91483434e-02  7.68568982e-03 -2.04010999e+02  9.98669264e+00
 -1.38820590e+00  2.52887538e-01]","[ 7.05095171e-02  9.51704492e-03 -1.65874676e+02  1.36957433e+01
 -1.29487152e+00 -1.39844452e-01]",010,LW
978,0,0.287204249112614,0,"[-1.57460273e+00  3.50387912e-02  3.04352480e+01  4.99234245e+01
 -3.92687218e-01  1.00241971e+00]","[ 2.34558394e-01  2.02249210e-02 -7.46296613e+01  1.95050135e+01
 -9.66179513e-01 -6.99173192e-01]","[-8.73012003e-01  2.54406361e-03  5.08253660e+02  4.45711546e+02
 -6.34749322e-01 -9.08338730e-01]","[  4.26171785   0.08379418  18.70988067 -77.73623245  -1.25626432
   0.3155445 ]","[-7.68208705e-02  1.72497668e-02  7.98034399e+01  8.13056972e+00
 -5.65371705e-01  9.99180533e-01]","[-1.24363864e-01  5.00478569e-03 -3.15852491e+02 -3.72806362e+01
 -1.28575332e+00  5.27476671e-02]","[ 3.56469511e-02  5.50439927e-03 -2.62136735e+02  1.13443754e+01
 -9.91962818e-01  7.25764447e-01]","[ 6.42744923e-02  1.03336045e-02 -1.52868452e+02  1.18255421e+01
 -1.30078468e+00 -1.06623869e-01]",010,LW
979,0,0.287204249112614,0,[-1.54425328  0.07493649 19.52695563 32.1545652  -0.80603286  0.84306833],"[ 2.18839901e-01  3.05412005e-02 -5.05876115e+01  1.30705879e+01
 -1.12349584e+00 -5.15429196e-01]","[-8.72577533e-01  1.71897967e-03 -2.56637154e+02 -2.21935815e+02
 -1.36842629e+00 -4.00757201e-01]","[  4.3183281    0.09935155  15.85864418 -66.48282875  -1.2996525
   0.20332032]","[-6.23604742e-02  3.12494475e-02  4.83579302e+01  5.01562346e+00
 -9.83915682e-01  6.87237281e-01]","[-1.27503901e-01  4.86344884e-03 -3.25087765e+02 -3.94499583e+01
 -1.29457739e+00  2.64869276e-02]","[ 3.44189755e-02  3.45783246e-03 -3.96447479e+01  3.36453160e+00
 -1.72268668e+00  2.11642274e-01]","[ 5.75884513e-02  1.09666577e-02 -1.44113605e+02  1.02992793e+01
 -1.30701756e+00 -7.29812269e-02]",010,LW
980,0,0.287204249112614,0,[-1.48410416  0.12248661 12.5100792  20.56626057 -1.07039636  0.58906183],"[  0.19634526   0.04153901 -37.55841083   9.37441586  -1.19788892
  -0.39883925]","[-8.73657518e-01  3.44788163e-03 -4.11682720e+02 -3.57669704e+02
 -7.93282997e-01 -8.60762431e-01]","[  4.38302008   0.10989591  14.37341773 -60.9989786   -1.32219568
   0.10467647]",[-0.03848156  0.04639117 33.38025127  3.28452409 -1.15175867  0.48756299],"[-1.30552016e-01  4.77088868e-03 -3.31397533e+02 -4.12646159e+01
 -1.30313714e+00  2.45404240e-02]","[ 3.66588258e-02  7.63428185e-03  1.69300613e+02 -4.20636167e+00
 -3.95320383e-01  1.08298783e+00]","[ 5.05974618e-02  1.13496173e-02 -1.39297380e+02  9.04809384e+00
 -1.31370748e+00 -3.28487065e-02]",010,LW
981,0,0.287204249112614,0,[-1.39243812  0.17300745  8.99109511 14.51954357 -1.17891957  0.43727025],"[  0.16683715   0.05276403 -29.72055757   6.9584931   -1.24024645
  -0.31549924]","[-8.76172564e-01  5.42732537e-03 -2.84717991e+02 -2.47462092e+02
 -1.20963463e+00 -4.79261658e-01]","[ 4.45240449e+00  1.14347016e-01  1.38262942e+01 -5.95602544e+01
 -1.32833234e+00  1.52035045e-02]","[-5.10848908e-03  6.13441048e-02  2.55041380e+01  2.13028761e+00
 -1.23305902e+00  3.52854109e-01]","[-1.33510828e-01  4.64267861e-03 -3.40491516e+02 -4.34593043e+01
 -1.31110608e+00  5.02541379e-02]","[ 4.32957458e-02  1.49140355e-02  9.99573756e+01 -2.32772912e+00
 -9.04005213e-01  7.63323499e-01]","[ 4.35003679e-02  1.13823030e-02 -1.38902548e+02  8.04231192e+00
 -1.31974799e+00  2.00780170e-02]",010,LW
982,0,0.287204249112614,0,[-1.26868044  0.22391234  6.99586042 10.87551131 -1.23495315  0.33432459],"[  0.13037438   0.06369529 -24.6975325    5.21992558  -1.26796939
  -0.24894336]","[-8.79831868e-01  6.86109975e-03 -2.29295507e+02 -1.99741495e+02
 -1.32031383e+00 -2.31422195e-01]","[  4.52280323   0.11264008  14.03162513 -61.46227943  -1.32107447
  -0.06430873]",[ 0.03713892  0.07481491 21.0249079   1.21915771 -1.27953558  0.24828125],"[-1.36329081e-01  4.39292469e-03 -3.59561642e+02 -4.70187080e+01
 -1.31552719e+00  1.08554622e-01]","[ 5.48660517e-02  2.29888807e-02  6.70959943e+01 -1.68129229e+00
 -1.13051753e+00  5.25178443e-01]","[ 3.65667617e-02  1.09402768e-02 -1.44408688e+02  7.28055807e+00
 -1.32160784e+00  9.42025089e-02]",010,LW
983,0,0.287204249112614,0,[-1.11365013  0.27252244  5.77066773  8.42650487 -1.26835528  0.25555554],"[  0.08736327   0.07372279 -21.38319882   3.86810627  -1.28756618
  -0.19083075]","[-8.84242769e-01  7.62478435e-03 -2.07233900e+02 -1.81245078e+02
 -1.33422491e+00 -7.82432584e-02]","[  4.5908647    0.10585047  14.91677036 -66.48087456  -1.30438761
  -0.12949058]",[ 0.08686779  0.08548393 18.45742351  0.39664445 -1.30782534  0.15751128],"[-1.38901527e-01  3.93997754e-03 -3.99726936e+02 -5.35226819e+01
 -1.30626484e+00  2.12019582e-01]","[ 7.14189180e-02  3.08119183e-02  5.07416805e+01 -1.62391592e+00
 -1.23650991e+00  3.61167973e-01]","[ 3.01453862e-02  9.89628675e-03 -1.59189054e+02  6.79881551e+00
 -1.30948004e+00  2.03554147e-01]",010,LW
984,0,0.287204249112614,0,[-0.92973569  0.31607533  4.98752545  6.63708041 -1.28933301  0.19038914],"[  0.03859234   0.08219174 -19.20748787   2.74126183  -1.30138728
  -0.1370768 ]","[-8.89035530e-01  7.84907180e-03 -2.01436623e+02 -1.77084315e+02
 -1.31721043e+00  6.10972678e-03]","[  4.65417576   0.0960006   16.43104368 -74.47296515  -1.28403052
  -0.17171944]",[ 0.14193075  0.0921486  17.15009939 -0.43412649 -1.32364603  0.07213111],"[-1.41073171e-01  3.21795861e-03 -4.84315360e+02 -6.63239037e+01
 -1.24833479e+00  3.92759542e-01]","[ 9.24761062e-02  3.74679589e-02  4.20018858e+01 -1.88417085e+00
 -1.29168934e+00  2.34513035e-01]","[ 2.46573980e-02  8.15727243e-03 -1.91311003e+02  6.71723156e+00
 -1.25323839e+00  3.76973749e-01]",010,LW
985,1,0.9815518974939832,1,[-0.72087073  0.35209223  4.48403933  5.23241272 -1.30214704  0.13420827],"[-1.47725859e-02  8.84935710e-02 -1.78561996e+01  1.73621776e+00
 -1.31028486e+00 -8.59353218e-02]","[-8.93965587e-01  7.81021831e-03 -2.02434217e+02 -1.78969223e+02
 -1.29430645e+00  2.48402250e-02]","[  4.7116888    0.08562769  18.41919349 -84.78550774  -1.26780047
  -0.17750195]","[ 1.99551699e-01  9.39140515e-02  1.68345439e+01 -1.35936183e+00
 -1.32870781e+00 -1.32156008e-02]","[-1.42648437e-01  2.20808127e-03 -6.71901270e+02 -9.38456660e+01
 -9.89961186e-01  7.20852746e-01]",[ 0.11705729  0.04217315 37.43812193 -2.38240503 -1.3202523   0.12691892],"[ 2.05718432e-02  5.73199807e-03 -2.61979804e+02  7.38940746e+00
 -1.03498323e+00  6.77069150e-01]",010,LW
986,1,0.9815518974939832,1,[-0.49230023  0.37871563  4.17250024  4.05412282 -1.30927437  0.08474422],"[ -0.07123942   0.09215807 -17.15457891   0.77791771  -1.31489648
  -0.03655657]","[-8.98967041e-01  7.83741545e-03 -2.01724321e+02 -1.79343516e+02
 -1.27481728e+00 -2.16061935e-02]","[ 4.76383274e+00  7.72449590e-02  2.04397505e+01 -9.53715528e+01
 -1.26200956e+00 -1.33584367e-01]",[ 0.25654892  0.09034819 17.48349838 -2.4853726  -1.32251797 -0.10376556],"[-1.43406544e-01  1.15641218e-03 -7.04615038e+02 -9.90464076e+01
 -9.21514362e-01  5.99913819e-01]","[ 1.43773319e-01  4.43630024e-02  3.56353479e+01 -3.12341225e+00
 -1.33164018e+00  2.80626768e-02]","[ 1.83649726e-02  3.04127515e-03 -3.52365992e+02  8.47119179e+00
 -5.82800886e-01  8.47079437e-01]",010,LW
987,1,0.9815518974939832,1,[-0.25021516  0.39484105  4.00390474  3.00183766 -1.31257786  0.0402385 ],"[-1.29078856e-01  9.29050737e-02 -1.70182810e+01 -1.96700245e-01
 -1.31588263e+00  1.21199990e-02]","[-9.04151678e-01  8.22367867e-03 -1.92066148e+02 -1.71656930e+02
 -1.25792293e+00 -1.11271100e-01]","[ 4.81229598e+00  7.27980943e-02  2.17142044e+01 -1.02495178e+02
 -1.26410541e+00 -4.31117828e-02]",[ 0.30962078  0.08154461 19.31828787 -3.98134332 -1.30143579 -0.20744568],"[-1.43124123e-01  1.72616193e-03  6.59592774e+02  9.64036374e+01
 -3.31881652e-01  1.06521345e+00]",[ 0.17097914  0.04376556 36.1097145  -4.17400793 -1.32888943 -0.06940314],"[ 1.84700289e-02  3.25460907e-03  2.95799483e+02 -3.46342501e+00
 -4.89062547e-01  9.24198285e-01]",010,LW
988,1,0.9815518974939832,1,"[-1.32318544e-03  4.00064412e-01  3.95215017e+00  2.00522943e+00
 -1.31318929e+00 -1.10523039e-03]","[ -0.18644056   0.09065387 -17.43571066  -1.25072373  -1.31343223
   0.06171137]","[-9.09766619e-01  9.14961635e-03 -1.72270426e+02 -1.54725883e+02
 -1.24380597e+00 -1.98524971e-01]","[ 4.85956786e+00  7.32165736e-02  2.15872571e+01 -1.02904741e+02
 -1.26552569e+00  6.13612549e-02]",[ 0.35564117  0.06809082 22.98891708 -6.17580544 -1.25358292 -0.33945024],"[-1.41603140e-01  3.64296800e-03  4.03018537e+02  5.90686903e+01
 -8.19601903e-01  8.32428443e-01]",[ 0.19696236  0.04043486 39.00281409 -5.68208641 -1.3109326  -0.17248194],"[ 2.12277303e-02  7.06475725e-03  2.05608234e+02 -2.36459615e+00
 -7.84328664e-01  8.62018657e-01]",010,LW
989,1,0.9815518974939832,1,[ 0.24759913  0.39459476  4.00640275  1.00801817 -1.31140839 -0.04071616],"[ -0.2414847    0.08551958 -18.46867425  -2.45990226  -1.30690594
   0.11400931]","[-9.16132990e-01  1.06577179e-02 -1.47620276e+02 -1.33239805e+02
 -1.23771067e+00 -2.50472094e-01]","[ 4.90836723e+00  7.82640366e-02  2.01715754e+01 -9.70094998e+01
 -1.26588656e+00  1.38867547e-01]",[ 0.39191485  0.05100658 30.18772717 -9.83101859 -1.13927525 -0.53275314],"[-1.38698965e-01  5.88790928e-03  2.60539694e+02  3.81365860e+01
 -1.08382254e+00  5.77601657e-01]","[ 2.20131640e-01  3.47323309e-02  4.51934970e+01 -7.94851861e+00
 -1.27177973e+00 -2.91002761e-01]","[ 2.68471693e-02  1.15729689e-02  1.32439917e+02 -1.55563687e+00
 -1.08448267e+00  5.82015615e-01]",010,LW
990,1,0.9815518974939832,1,[ 0.49012026  0.37923015  4.16717726 -0.04241801 -1.30719543 -0.07925252],"[ -0.29251368   0.07781708 -20.27003467  -3.92926253  -1.29502648
   0.17060687]","[-9.23585070e-01  1.26904492e-02 -1.23889660e+02 -1.12422640e+02
 -1.24062434e+00 -2.66119750e-01]","[ 4.96108705e+00  8.67952753e-02  1.81738529e+01 -8.81620664e+01
 -1.27098430e+00  1.72611399e-01]","[ 4.16362927e-01  3.18735085e-02  4.53849951e+01 -1.68966294e+01
 -8.08896509e-01 -8.49013537e-01]","[-1.34342970e-01  8.20819867e-03  1.89782568e+02  2.74959540e+01
 -1.19741063e+00  4.16388538e-01]","[ 2.39171760e-01  2.72579319e-02  5.70004281e+01 -1.16328927e+01
 -1.19285391e+00 -4.44088497e-01]","[ 3.53827658e-02  1.61344059e-02  9.65799057e+01 -1.41726419e+00
 -1.20195307e+00  4.11530425e-01]",010,LW
991,1,0.6611115178060609,1,[ 0.72050083  0.35534032  4.44470353 -1.20241258 -1.30068787 -0.11687595],"[ -0.33809472   0.06806128 -23.1273785   -5.81924456  -1.27605433
   0.23310497]","[-9.32418371e-01  1.51388827e-02 -1.03885234e+02 -9.48645004e+01
 -1.24971039e+00 -2.57962924e-01]","[  5.01934368   0.09714651  16.23882012 -79.50821908  -1.28249822
   0.16845738]","[ 4.27630761e-01  1.51700138e-02  4.88367639e+01 -1.88841025e+01
 -9.00910299e-01 -6.53586231e-01]","[-1.28555241e-01  1.04304564e-02  1.50419123e+02  2.13371667e+01
 -1.25404355e+00  3.03908962e-01]","[ 2.53144144e-01  1.87700608e-02  8.05261956e+01 -1.83847349e+01
 -1.01000588e+00 -6.74210415e-01]","[ 4.67281717e-02  2.04302738e-02  7.68193228e+01 -1.58962650e+00
 -1.25703026e+00  2.97630462e-01]",010,LW
992,1,0.5279726548186696,1,[ 0.9339629   0.32472817  4.85976754 -2.53884261 -1.29218849 -0.15398222],"[ -0.37716593   0.05693458 -27.5595854   -8.3945367   -1.24737765
   0.30386803]","[-9.42847690e-01  1.78570425e-02 -8.81502754e+01 -8.11122835e+01
 -1.26288749e+00 -2.35128527e-01]","[  5.08367075   0.10738826  14.70099055 -72.7349956   -1.29783145
   0.13728537]","[ 4.25125258e-01  2.01813155e-02 -5.92082113e+01  2.71709061e+01
 -4.53872073e-01 -9.90086413e-01]","[-1.21444406e-01  1.24102564e-02  1.26899894e+02  1.74112822e+01
 -1.28434017e+00  2.19034769e-01]","[ 2.61522680e-01  1.02843556e-02  1.29127721e+02 -3.17698278e+01
 -5.22979980e-01 -1.00799866e+00]","[ 6.06247558e-02  2.42117138e-02  6.50587761e+01 -1.94417241e+00
 -1.28618554e+00  2.13302625e-01]",010,LW
993,1,0.5279726548186696,1,[ 1.12683413  0.28932425  5.44862264 -4.13969394 -1.28183124 -0.19204381],"[ -0.4091069    0.04520657 -34.53832891 -12.12986873  -1.20422085
   0.38752944]","[-9.54974462e-01  2.06506348e-02 -7.63145734e+01 -7.08784686e+01
 -1.27832162e+00 -2.01560575e-01]","[  5.15337343   0.11549073  13.68180674 -68.50745937  -1.31291448
   0.08688169]","[  0.40899542   0.03878343 -38.63691243  17.8023202   -0.97604574
  -0.71409877]","[-1.13194331e-01  1.40399398e-02  1.12402886e+02  1.47233694e+01
 -1.30052266e+00  1.51792020e-01]","[ 2.64167325e-01  5.37850439e-03 -3.00684774e+01  9.94310924e+00
 -1.68446158e+00 -2.64224674e-01]","[ 7.66811658e-02  2.72787841e-02  5.78603381e+01 -2.43679818e+00
 -1.30244094e+00  1.45689935e-01]",010,LW
994,1,0.5279726548186696,1,[ 1.29649221  0.25079972  6.27614637 -6.13697491 -1.2690004  -0.23482201],"[-4.33748989e-01  3.36224469e-02 -4.60473818e+01 -1.79730053e+01
 -1.13550742e+00  4.94687252e-01]","[-9.68758545e-01  2.32683721e-02 -6.78120104e+01 -6.36934645e+01
 -1.29382093e+00 -1.59185294e-01]","[ 5.22653474e+00  1.19523993e-01  1.32274685e+01 -6.71338234e+01
 -1.32369486e+00  2.13216094e-02]","[  0.38006793   0.05744115 -27.01859331  12.26890092  -1.18834333
  -0.45557101]","[-1.04041248e-01  1.52559756e-02  1.03559377e+02  1.27744469e+01
 -1.30835888e+00  9.70819115e-02]","[ 2.61250730e-01  1.04224766e-02 -1.33786599e+02  3.69518467e+01
 -6.95313460e-01 -9.16203974e-01]","[ 9.44010336e-02  2.94838961e-02  5.35920653e+01 -3.05914636e+00
 -1.31117902e+00  8.81320450e-02]",010,LW
995,1,0.5279726548186696,1,[ 1.44110308  0.21024534  7.46837772 -8.76270216 -1.25069978 -0.29044346],"[-4.51318941e-01  2.28022972e-02 -6.67013847e+01 -2.81035983e+01
 -1.00820871e+00  6.51256226e-01]","[-9.83990062e-01  2.54125875e-02 -6.21572285e+01 -5.91620951e+01
 -1.30763606e+00 -1.09065608e-01]","[ 5.30014969e+00  1.17900822e-01  1.34058830e+01 -6.90531867e+01
 -1.32655692e+00 -5.91277067e-02]","[  0.33974424   0.07387088 -21.23890695   9.21579627  -1.26398028
  -0.30119637]","[-9.42469009e-02  1.60402189e-02  9.85502764e+01  1.12880581e+01
 -1.31102078e+00  5.21824289e-02]","[ 2.53158582e-01  1.75855765e-02 -8.70784153e+01  2.40446481e+01
 -1.10258731e+00 -5.78524181e-01]","[ 1.13216746e-01  3.07391743e-02  5.14304411e+01 -3.82278720e+00
 -1.31488214e+00  3.69377123e-02]",010,LW
996,1,0.5279726548186696,1,"[  1.55924807   0.16807001   9.29639102 -12.49537975  -1.21687511
  -0.37507081]","[-4.62332686e-01  1.32330035e-02 -1.08652500e+02 -4.82336022e+01
 -7.06519386e-01  9.12385656e-01]","[-1.00027298e+00  2.67747201e-02 -5.90386412e+01 -5.70547578e+01
 -1.31806526e+00 -5.14344892e-02]","[  5.37039485   0.10961953  14.39182628 -75.28978979  -1.31619911
  -0.15918449]","[  0.28986802   0.08720514 -18.0716783    7.2384016   -1.29559723
  -0.19800428]","[-8.40726474e-02  1.64150116e-02  9.63198978e+01  1.00978688e+01
 -1.31053532e+00  1.55427820e-02]","[ 2.40381738e-01  2.43020350e-02 -6.42389961e+01  1.74418815e+01
 -1.22185662e+00 -3.83936490e-01]","[ 1.32526831e-01  3.10208862e-02  5.09687215e+01 -4.75472315e+00
 -1.31484992e+00 -1.01335407e-02]",010,LW
997,1,0.5279726548186696,1,"[  1.64959041   0.12427546  12.41493224 -18.4795531   -1.13473264
  -0.52118769]","[-4.67469582e-01  5.82992839e-03 -1.55644537e+02 -7.07590865e+01
 -5.32863377e-01  8.99133504e-01]","[-1.01704350e+00  2.70971044e-02 -5.83473902e+01 -5.73418343e+01
 -1.32246770e+00  1.32246604e-02]","[  5.43306086   0.09448943  16.61002236 -88.24326243  -1.27979322
  -0.29067397]","[  0.23257998   0.09701088 -16.27821239   5.78598628  -1.30948191
  -0.1218799 ]","[-7.37579960e-02  1.64330207e-02  9.62150875e+01  9.09663204e+00
 -1.30832238e+00 -1.38812968e-02]","[ 2.23415218e-01  3.03589709e-02 -5.17493212e+01  1.35615858e+01
 -1.26093179e+00 -2.77648423e-01]","[ 1.51733215e-01  3.03661401e-02  5.20556276e+01 -5.89856776e+00
 -1.31185100e+00 -5.47690745e-02]",010,LW
998,1,0.4887637421354446,1,"[  1.7107343    0.07938146  18.56329073 -29.75685821  -0.88211755
  -0.79220503]","[-4.67463376e-01  5.84254853e-03  1.92713727e+02  9.20866096e+01
 -5.29881781e-01  9.01525721e-01]","[-1.03363336e+00  2.62516974e-02 -6.01934917e+01 -6.02180011e+01
 -1.31792509e+00  8.27197637e-02]","[ 5.48411580e+00  7.33402811e-02  2.11083147e+01 -1.13760442e+02
 -1.18221197e+00 -4.78519300e-01]","[  0.17017516   0.10313371 -15.32587551   4.60808339  -1.31496391
  -0.06121172]","[-6.35061709e-02  1.61636524e-02  9.78095540e+01  8.21151025e+00
 -1.30541903e+00 -3.70391632e-02]","[ 2.02679954e-01  3.58773038e-02 -4.39017293e+01  1.08980005e+01
 -1.27500260e+00 -2.17324229e-01]","[ 1.70274622e-01  2.88617999e-02  5.47391702e+01 -7.32069154e+00
 -1.30622940e+00 -9.86437089e-02]",010,LW
999,1,0.4185178094173309,1,"[ 1.74137231e+00  3.87072051e-02  2.57562528e+01 -4.28512255e+01
 -5.46489628e-01 -8.75071829e-01]","[-4.63038606e-01  1.11250068e-02  1.34985697e+02  6.45035890e+01
 -1.00784103e+00  6.91733409e-01]","[-1.04936957e+00  2.43080302e-02 -6.49200569e+01 -6.61251323e+01
 -1.30307847e+00  1.52497756e-01]","[ 5.52031424e+00  4.82800436e-02  3.06475788e+01 -1.67184266e+02
 -9.10895746e-01 -7.72412293e-01]","[ 1.04968886e-01  1.05632461e-01 -1.49678631e+01  3.57115991e+00
 -1.31575356e+00 -9.66384219e-03]","[-5.34784947e-02  1.56781128e-02  1.00825341e+02  7.39198749e+00
 -1.30261131e+00 -5.51832328e-02]","[  0.17848392   0.04105494 -38.410206     8.85560402  -1.28102345
  -0.18195268]","[ 1.87654079e-01  2.66307826e-02  5.92726826e+01 -9.12276066e+00
 -1.29776403e+00 -1.43589327e-01]",010,LW
1000,1,0.4185178094173309,1,"[ 1.74068757e+00  4.01003403e-02 -2.58571444e+01  4.70092099e+01
 -4.98176407e-01 -9.14852547e-01]","[-4.54895448e-01  1.61707819e-02  9.62289273e+01  4.57741010e+01
 -1.21483161e+00  4.21341413e-01]","[-1.06369428e+00  2.15549127e-02 -7.30771887e+01 -7.57317879e+01
 -1.27952779e+00  2.14943854e-01]","[ 5.53977589e+00  2.39642607e-02  4.58075305e+01 -2.51763453e+02
 -4.20498760e-01 -9.86109441e-01]","[  0.0391747    0.10474227 -15.09364225   2.59128884  -1.3132795
   0.0363259 ]","[-4.37980453e-02  1.50347699e-02  1.05123798e+02  6.60421686e+00
 -1.30045671e+00 -7.03398167e-02]","[  0.15103231   0.04604258 -34.27160051   7.17611894  -1.28542103
  -0.15856644]","[ 2.03459816e-01  2.38211536e-02  6.61769447e+01 -1.14643490e+01
 -1.28560125e+00 -1.91539742e-01]",010,LW
1001,1,0.4185178094173309,1,"[  1.70884227   0.08131767 -18.17068861  33.05084074  -0.90283062
  -0.77799429]","[-4.43719657e-01  2.03140968e-02  7.73671178e+01  3.63293110e+01
 -1.28130313e+00  2.65123760e-01]","[-1.07627944e+00  1.84576805e-02 -8.52078376e+01 -8.97074439e+01
 -1.25316000e+00  2.57008942e-01]","[ 5.54244770e+00  1.85832588e-02 -4.78910393e+01  2.67433581e+02
 -7.94699091e-01 -6.81145415e-01]","[ -0.02519956   0.10085415 -15.66943733   1.60513703  -1.30816054
   0.07863995]","[-3.45609953e-02  1.42673550e-02  1.10757075e+02  5.82787476e+00
 -1.29911522e+00 -8.55957178e-02]","[  0.12048125   0.05086155 -31.03934732   5.73965935  -1.29044882
  -0.13845396]","[ 2.17379139e-01  2.05984278e-02  7.63848409e+01 -1.46044709e+01
 -1.26827305e+00 -2.44684496e-01]",010,LW
1002,1,0.4185178094173309,1,"[  1.64733251   0.12479423 -12.39258903  22.4147148   -1.16604042
  -0.49235226]","[-4.30185626e-01  2.34335971e-02  6.73211207e+01  3.09605785e+01
 -1.30525470e+00  1.63408528e-01]","[-1.08710087e+00  1.55650438e-02 -1.01051763e+02 -1.07853460e+02
 -1.23512884e+00  2.57035831e-01]","[ 5.53032787e+00  3.45532064e-02 -4.31742263e+01  2.40767627e+02
 -1.05874121e+00 -6.75566964e-01]","[ -0.08643487   0.09449044 -16.71425633   0.55530537  -1.30083799
   0.11830506]","[-2.58519957e-02  1.33800253e-02  1.18067128e+02  5.05227088e+00
 -1.29807640e+00 -1.04847578e-01]","[  0.08701597   0.05537791 -28.52059106   4.48174686  -1.29622658
  -0.11659984]","[ 2.29205519e-01  1.71373444e-02  9.15523798e+01 -1.89843107e+01
 -1.24330945e+00 -3.06208739e-01]",010,LW
1003,1,0.5718536810593745,1,[ 1.55904858  0.16358981 -9.57942932 16.93479566 -1.25677235 -0.32202233],"[-4.14930269e-01  2.55663197e-02  6.17979571e+01  2.76418429e+01
 -1.31070882e+00  9.46449801e-02]","[-1.09644487e+00  1.33976234e-02 -1.17678179e+02 -1.27027635e+02
 -1.23562037e+00  1.89075647e-01]","[ 5.50736780e+00  4.70897082e-02 -3.32977574e+01  1.85382997e+02
 -1.35270756e+00 -2.74037196e-01]","[ -0.14316596   0.08626475 -18.29282762  -0.6189102   -1.29158838
   0.15595395]","[-1.77593140e-02  1.23518004e-02  1.27827687e+02  4.27013204e+00
 -1.29603894e+00 -1.32256437e-01]","[  0.05093221   0.05932981 -26.63215218   3.35643436  -1.30210765
  -0.09092872]","[ 2.38839965e-01  1.36113368e-02  1.14758846e+02 -2.54089989e+01
 -1.20570590e+00 -3.81696634e-01]",010,LW
1004,1,0.5718536810593745,1,[ 1.44800891  0.19543652 -8.05976853 13.67061667 -1.29173797 -0.21213748],"[-3.98495955e-01  2.69071261e-02  5.87490916e+01  2.54112754e+01
 -1.30700674e+00  5.30834595e-02]","[-1.10484607e+00  1.23379540e-02 -1.28098086e+02 -1.39528666e+02
 -1.24673149e+00  5.15975873e-02]","[ 5.47906518e+00  5.06661178e-02 -3.11688509e+01  1.72776166e+02
 -1.40545874e+00  4.21182522e-02]","[ -0.19443004   0.07684037 -20.51598231  -1.98892329  -1.28045912
   0.19155124]","[-1.03862668e-02  1.11482349e-02  1.41485220e+02  3.46950324e+00
 -1.29082975e+00 -1.72338826e-01]","[ 1.27045980e-02  6.23770007e-02 -2.53403717e+01  2.32193924e+00
 -1.30756174e+00 -6.06726605e-02]","[ 2.46287566e-01  1.01830470e-02  1.52222872e+02 -3.54906006e+01
 -1.14405133e+00 -4.81496045e-01]",010,LW
1005,1,0.5718536810593745,1,[ 1.3188615   0.21964346 -7.18747016 11.47927765 -1.3049234  -0.13672679],"[-3.81261559e-01  2.77901350e-02  5.68893547e+01  2.36897241e+01
 -1.29981596e+00  3.73798796e-02]","[-1.11297798e+00  1.25305964e-02 -1.26065677e+02 -1.38308323e+02
 -1.24906466e+00 -1.00035671e-01]","[ 5.45183098e+00  4.41609074e-02 -3.52206930e+01  1.94017265e+02
 -1.30780832e+00  3.83669401e-01]","[ -0.23969753   0.06690486 -23.53761828  -3.64190892  -1.26770182
   0.22347499]","[-3.85659628e-03  9.73495143e-03  1.61700572e+02  2.62361382e+00
 -1.27849318e+00 -2.31490575e-01]","[ -0.02696849   0.06414205 -24.64900651   1.33525348  -1.31219611
  -0.02487762]","[ 2.51649614e-01  7.00057525e-03  2.18030946e+02 -5.28674036e+01
 -1.02984744e+00 -6.25847178e-01]",010,LW
1006,1,0.7572308525430296,1,[ 1.17630626  0.23657982 -6.67943146  9.85705706 -1.3086236  -0.08362939],"[-3.63388884e-01  2.86213312e-02  5.52343671e+01  2.20715550e+01
 -1.29241661e+00  4.50110975e-02]","[-1.12152650e+00  1.38509950e-02 -1.13795894e+02 -1.25625112e+02
 -1.24680491e+00 -1.99028561e-01]","[ 5.43223758e+00  2.91236039e-02 -4.78258491e+01  2.61801375e+02
 -8.27045565e-01  8.23544148e-01]","[ -0.27887981   0.05715168 -27.52966937  -5.67746909  -1.25471122
   0.24760049]","[ 1.68726688e-03  8.08934514e-03  1.93754626e+02  1.67308424e+00
 -1.24972218e+00 -3.21562091e-01]","[-6.71473089e-02  6.42391372e-02 -2.46121446e+01  3.47360722e-01
 -1.31527181e+00  1.82283949e-02]","[ 2.55111643e-01  4.20278044e-03  3.48650877e+02 -8.69448980e+01
 -7.81342138e-01 -8.55352828e-01]",010,LW
1007,1,0.7572308525430296,1,[ 1.02458507  0.24732589 -6.39176426  8.54890623 -1.307945   -0.04672953],"[-3.44805746e-01  2.97912828e-02  5.30530644e+01  2.02930015e+01
 -1.28588960e+00  6.98210644e-02]","[-1.13107519e+00  1.59921773e-02 -9.84468047e+01 -1.09350738e+02
 -1.25341003e+00 -2.31891774e-01]","[ 5.42625865e+00  1.84844827e-02  5.24662290e+00 -2.64695329e+01
 -1.67282154e+00  2.68776517e-01]","[ -0.31230529   0.04823645 -32.60592917  -8.18300412  -1.24470987
   0.25734755]","[ 6.09253534e-03  6.21233196e-03  2.49577548e+02  4.79439969e-01
 -1.17728229e+00 -4.67932979e-01]","[ -0.10666071   0.06231043 -25.36389184  -0.70533074  -1.31518827
   0.07131824]","[ 2.56927182e-01  1.96631135e-03  6.10041618e+02 -1.54736274e+02
 -2.83466332e-01 -1.12268010e+00]",010,LW
1008,1,0.7572308525430296,1,[ 0.86713765  0.25337156 -6.24011742  7.41104075 -1.30540391 -0.02283208],"[-3.25234243e-01  3.15999177e-02  4.99945671e+01  1.82599452e+01
 -1.28054800e+00  1.02211916e-01]","[-1.14202146e+00  1.85753282e-02 -8.47907575e+01 -9.48328646e+01
 -1.26885362e+00 -2.19380746e-01]","[ 5.43859531e+00  4.04720030e-02  3.31697432e+01 -1.78396810e+02
 -5.12437723e-01  1.02361733e+00]","[ -0.34065063   0.04069015 -38.67193326 -11.17361843  -1.24187813
   0.24594201]","[ 9.20980205e-03  4.15235775e-03  3.60010595e+02 -1.31562631e+00
 -9.62586527e-01 -7.26048719e-01]","[ -0.14414974   0.05808963 -27.17510468  -1.91728429  -1.30883716
   0.13817108]","[ 2.57396282e-01  1.03610113e-03 -5.75861885e+02  1.50224708e+02
 -1.32202823e+00 -3.60964934e-01]",010,LW
1009,1,0.7572308525430296,1,[ 0.70644676  0.25634914 -6.16786105  6.35726546 -1.30254961 -0.00975132],"[-3.04256861e-01  3.42090708e-02  4.61563501e+01  1.60433862e+01
 -1.27722680e+00  1.31739583e-01]","[-1.15452953e+00  2.12045392e-02 -7.43659089e+01 -8.38576380e+01
 -1.28735760e+00 -1.81692286e-01]","[ 5.47215360e+00  7.41657084e-02  2.03400713e+01 -1.09303994e+02
 -9.91886584e-01  6.89392423e-01]","[-3.64819418e-01  3.48087778e-02 -4.52626204e+01 -1.45126829e+01
 -1.24838624e+00  2.11867537e-01]","[ 1.09113142e-02  2.13538672e-03  5.44002964e+02 -3.93578728e+00
 -4.57976269e-01 -9.73272498e-01]","[ -0.17815559   0.0514898  -30.57720096  -3.44749914  -1.2902953
   0.2245981 ]","[ 2.56838517e-01  1.85965721e-03 -7.96925393e+02  2.06681136e+02
 -1.03394864e+00 -6.93109272e-01]",010,LW
1010,1,0.7572308525430296,1,"[ 5.44030012e-01  2.57797566e-01 -6.13324365e+00  5.33666862e+00
 -1.30018684e+00 -5.29455147e-03]","[-2.81399629e-01  3.76290965e-02  4.19431567e+01  1.38027888e+01
 -1.27674994e+00  1.50979774e-01]","[-1.16851563e+00  2.34890425e-02 -6.72197132e+01 -7.65472852e+01
 -1.30442360e+00 -1.30056038e-01]","[  5.52772073   0.10866416  14.28161909 -76.9448019   -1.18444237
   0.45768153]","[-3.85776557e-01  3.05672739e-02 -5.16148800e+01 -1.79118107e+01
 -1.26196819e+00  1.65164974e-01]","[ 1.11123263e-02  1.73052917e-03 -4.71687233e+02  7.24154244e+00
 -7.71260646e-01 -7.29450086e-01]","[ -0.20725418   0.04269025 -36.66808165  -5.59961332  -1.24725678
   0.34111517]","[ 2.55562377e-01  2.63758735e-03 -5.93194991e+02  1.53598322e+02
 -1.29639393e+00 -3.28516307e-01]",010,LW
1011,1,0.5638834666331342,1,[ 0.38052625  0.25900177 -6.10471434  4.32300407 -1.29841676 -0.00729939],[-0.25621085  0.04174129 37.80453178 11.68593138 -1.27889943  0.15780126],"[-1.18365888e+00  2.50673955e-02 -6.30483283e+01 -7.26277135e+01
 -1.31720332e+00 -6.94798804e-02]","[  5.60389005   0.13948643  11.24785938 -61.03176726  -1.26860585
   0.30006095]","[-4.04366462e-01  2.76079715e-02 -5.71980616e+01 -2.11289778e+01
 -1.27790029e+00  1.26879893e-01]","[ 9.79203292e-03  3.63429006e-03 -3.99786336e+02  5.91472096e+00
 -8.25157839e-01 -8.37511958e-01]","[-2.30222364e-01  3.21937986e-02 -4.79670727e+01 -9.04309287e+00
 -1.14870504e+00  5.09951321e-01]","[ 2.53835161e-01  3.09178416e-03 -5.10516139e+02  1.31586946e+02
 -1.32853143e+00 -1.36174154e-01]",010,LW
1012,1,0.5628281101090583,1,[ 0.2158501   0.26093809 -6.05934365  3.30790992 -1.29708683 -0.01390792],[-0.2283257   0.04634172 34.05456019  9.77553141 -1.28277579  0.15407655],"[-1.19943214e+00  2.56405168e-02 -6.16625492e+01 -7.19600433e+01
 -1.32383019e+00 -1.41156605e-03]","[  5.69726963   0.16342119   9.64798415 -52.96716703  -1.3075878
   0.18109607]","[-4.21155172e-01  2.53272791e-02 -6.23579579e+01 -2.42623764e+01
 -1.29227700e+00  1.18727206e-01]","[ 7.00916294e-03  5.77317103e-03 -2.66899723e+02  3.87074365e+00
 -1.14363311e+00 -5.26574694e-01]","[-2.46205712e-01  2.08688169e-02 -7.09891294e+01 -1.54779292e+01
 -8.96142653e-01  7.78546171e-01]","[ 2.51858515e-01  3.30047195e-03 -4.78974692e+02  1.22633855e+02
 -1.31597610e+00 -4.42267636e-02]",010,LW
1013,0,0.0942181523007524,0,[-0.09572319  0.54538155 -2.62447975  1.74877643 -0.27744369 -1.08575841],[-0.16437341  0.11715057 11.92374179  3.9599461  -0.15927707  1.18925055],"[-1.21960993e+00  3.26505275e-02 -4.75253183e+01 -5.59623501e+01
 -9.32421914e-01 -4.63701470e-01]","[  5.87540201   0.3160254    4.63625462 -25.23985971  -0.43439305
   0.96737491]","[-4.38127631e-01  2.58752063e-02 -6.09794098e+01 -2.47167644e+01
 -1.17209623e+00 -1.02933526e-01]","[-2.48832415e-03  1.86844664e-02 -7.31003796e+01  1.81810256e+00
 -7.67388658e-02 -1.26272682e+00]",[-0.24244956  0.02848227 23.54329396  7.70806119 -0.40560952  1.07675082],"[ 2.47313658e-01  8.22493247e-03 -1.69425492e+02  4.39012382e+01
 -1.41941216e-01 -1.19621361e+00]",010,LW
1014,0,0.0942181523007524,0,[-0.41010031  0.64552554 -2.32853518  1.045067   -1.71936859 -0.33644678],[-0.09734333  0.14257509 10.47348887  3.01952427 -1.72877374  0.36090084],"[-1.23543725e+00  2.94218865e-02 -5.12143501e+01 -6.12721159e+01
 -1.55614801e+00  7.27262119e-03]","[  6.04579628   0.34852286   4.33367243 -24.20050065  -1.73408723
   0.25044431]","[-4.49253999e-01  1.97359527e-02 -7.25114210e+01 -3.05760458e+01
 -1.22209046e+00  2.21209061e-01]","[-1.28606144e-02  2.29920812e-02 -6.46459466e+01  1.16861341e+00
 -1.74739211e+00 -3.62824672e-01]",[-0.23053865  0.0407823  32.9864559   9.60465289 -1.68489849  0.44965962],"[ 2.42222940e-01  1.05815411e-02 -1.41240178e+02  3.62116111e+01
 -1.64562285e+00 -4.19643927e-01]",010,LW
1015,0,0.0942181523007524,0,[-0.72434647  0.64615172 -2.3271066   0.31436855 -1.72439012  0.32961676],[-0.02848207  0.14477989 10.3763895   2.29554104 -1.73341726 -0.3230136 ],"[-1.24570612e+00  2.16320332e-02 -5.33590284e+01 -6.44696680e+01
 -1.37055098e+00  3.69394044e-01]","[  6.19973976   0.31752192   4.55602979 -26.24619904  -1.71255168
  -0.4478464 ]","[-4.53526254e-01  1.39259571e-02 -2.76113768e+01 -1.05224843e+01
 -1.25800282e+00 -2.88458490e-01]","[-2.36516386e-02  2.31799946e-02 -6.43502639e+01  4.78010816e-01
 -1.74529889e+00  3.48398288e-01]",[-0.21232027  0.04744973 31.5384993   8.6962627  -1.74322996 -0.24017558],"[ 2.36444323e-01  1.17871142e-02 -1.30620308e+02  3.28844303e+01
 -1.64435384e+00  1.41591288e-01]",010,LW
1016,0,0.0753834632154864,0,[-1.03370254  0.54369303 -2.62026825 -0.70857794 -0.26149084  1.11009822],[ 0.04063605  0.12287366 11.59673864  1.5287543  -0.26258372 -1.10913317],"[-1.24939571e+00  1.61778404e-02  1.13760457e+01  1.62131827e+01
 -1.65416048e+00  2.38215580e-02]","[  6.32969354   0.23285101   5.16497712 -30.69272231   0.20238162
  -1.46639361]","[-4.49879633e-01  2.00850313e-02  5.79244551e+01  2.80590326e+01
 -8.26781785e-01  4.99424425e-01]","[-3.44257588e-02  1.92710925e-02 -7.23674183e+01 -4.91303285e-01
 -1.55465882e-01  1.19556931e+00]",[-0.18981462  0.04429866 32.91183603  8.2471476  -0.40610965 -0.9964938 ],"[ 2.29808171e-01  1.17437878e-02 -1.31028916e+02  3.21115155e+01
 -8.03049592e-01  5.32426562e-01]",010,LW
1017,0,0.0753834632154864,0,[-1.33156063  0.23621502 -6.66711274 -6.87766481 -1.29639575  0.2157848 ],[ 0.10818761  0.05377829 29.30124095 -1.17003136 -1.29223451 -0.20188587],"[-1.24576056e+00  2.21013312e-02  6.99437401e+01  8.91331526e+01
 -1.14999852e+00  5.01860724e-01]","[ 6.42984906e+00  2.37038853e-02  2.16613565e+01 -1.37279253e+02
 -1.24821294e+00 -4.79619708e-01]","[-4.37339627e-01  3.35812916e-02  4.63300784e+01  2.22619792e+01
 -1.18224891e+00  4.34264216e-01]","[-4.47945447e-02  7.35561511e-03 -2.13957193e+02 -7.58411505e+00
 -1.26757490e+00  2.39196983e-01]","[-1.65012023e-01  2.21804707e-02  7.10266749e+01  1.37202553e+01
 -1.28149852e+00 -2.10596513e-01]","[ 2.22151501e-01  9.47622819e-03 -1.66247594e+02  3.89321525e+01
 -1.27414701e+00 -2.11963361e-01]",010,LW
1018,0,0.0818582956261007,0,[-1.46452563  0.19597657 -7.98328621 -9.69172726 -1.25107868  0.3471469 ],[ 0.13905431  0.04561492 34.41062354 -2.78494558 -1.26202531 -0.29410621],"[-1.22993864e+00  2.92890769e-02  5.34340762e+01  6.77206350e+01
 -1.24133702e+00  3.45915622e-01]","[ 6.42405107e+00  3.49450257e-02 -3.65910575e+01  2.37062822e+02
 -5.50016300e-01 -9.60168766e-01]",[-0.41334679  0.04339321 36.10571807 16.92418267 -1.23590386  0.33126543],"[-4.90406206e-02  6.16233572e-03 -2.54821461e+02 -1.04966026e+01
 -1.24723256e+00  2.89970137e-01]","[-1.52087867e-01  1.89907598e-02  8.28025412e+01  1.45932618e+01
 -1.25635135e+00 -2.60068809e-01]","[ 2.15790920e-01  1.07675404e-02 -1.46487718e+02  3.36107195e+01
 -1.28867931e+00 -1.72702040e-01]",010,LW
1019,0,0.0818582956261007,0,"[ -1.56799172   0.14518123 -10.57374691 -14.57954755  -1.12651774
   0.55547021]","[ 1.64256525e-01  3.59363506e-02  4.33162868e+01 -5.11498276e+00
 -1.20065086e+00 -4.23019618e-01]","[-1.20988120e+00  3.55011171e-02  4.43309449e+01  5.56351767e+01
 -1.28526068e+00  2.35138859e-01]","[ 6.39757650e+00  6.20482225e-02 -2.45018031e+01  1.58752160e+02
 -1.09363663e+00 -6.13362920e-01]",[-0.38324527  0.05286104 29.74761243 13.40063184 -1.26434905  0.25839075],"[-5.25391792e-02  4.97228589e-03 -3.14797767e+02 -1.45392163e+01
 -1.21916448e+00  3.49633023e-01]","[-1.41080029e-01  1.58273832e-02  9.92379977e+01  1.60004996e+01
 -1.23492785e+00 -2.87430475e-01]","[ 2.08684776e-01  1.18993504e-02 -1.32694921e+02  2.96914098e+01
 -1.30079308e+00 -1.29130429e-01]",010,LW
1020,0,0.099506449416237,0,"[ -1.63539926   0.08782165 -16.04297036 -24.23666181  -0.72900752
   0.89840995]","[ 1.82920474e-01  2.52549321e-02  6.02523111e+01 -9.02138127e+00
 -1.05204615e+00 -6.29918060e-01]","[-1.18634917e+00  4.03071252e-02  3.91544551e+01  4.84508552e+01
 -1.30735483e+00  1.48408509e-01]","[ 6.35398473e+00  8.48812634e-02 -1.84337168e+01  1.19127555e+02
 -1.27612711e+00 -3.37084837e-01]",[-0.34732668  0.06173368 25.52502634 10.86552269 -1.28001373  0.20470383],"[-5.53057238e-02  3.83268072e-03 -4.06377297e+02 -2.04749905e+01
 -1.17705521e+00  4.24095398e-01]","[-1.31853158e-01  1.30883166e-02  1.20066042e+02  1.78310868e+01
 -1.22468517e+00 -2.78197531e-01]","[ 2.00963527e-01  1.27655966e-02 -1.23787425e+02  2.68767576e+01
 -1.30940600e+00 -8.33995859e-02]",010,LW
1021,0,0.099506449416237,0,[-1.66155594  0.0440277  -6.89033525 -9.44867749 -1.57126472  0.31331341],"[ 1.94411468e-01  1.43858644e-02  9.51034989e+01 -1.64892109e+01
 -6.13165332e-01 -9.62611525e-01]","[-1.16032146e+00  4.34060383e-02  3.64083415e+01  4.42453800e+01
 -1.31788463e+00  7.51750060e-02]","[ 6.29815779e+00  9.96137139e-02 -1.58376639e+01  1.01748106e+02
 -1.33396607e+00 -1.52072572e-01]",[-0.30600653  0.0698645  22.58219325  8.91029869 -1.28894592  0.16417201],"[-5.73844946e-02  2.78437824e-03 -5.54769827e+02 -2.98351861e+01
 -1.10942824e+00  5.21741632e-01]","[-1.24052568e-01  1.10813972e-02  1.42174309e+02  1.96370881e+01
 -1.23085247e+00 -2.12152457e-01]","[ 1.92815492e-01  1.32834918e-02 -1.19014836e+02  2.49479042e+01
 -1.31419006e+00 -3.69262283e-02]",010,LW
1022,0,0.099506449416237,0,[-1.64316033  0.07886973 16.56312681 29.21587297 -0.50345795  1.01071715],[ 0.19832655  0.00738888  4.10671143  1.18553008 -1.72147218 -0.25439132],"[-1.13293991e+00  4.46074487e-02  3.54439541e+01  4.21558703e+01
 -1.32193296e+00  7.59674376e-03]","[ 6.23594203e+00  1.04733841e-01 -1.50935613e+01  9.61225730e+01
 -1.34853297e+00 -1.42795551e-03]",[-0.25978463  0.0771689  20.46040826  7.31529949 -1.29464142  0.13231736],"[-5.88446694e-02  1.86452308e-03 -8.15971791e+02 -4.60155902e+01
 -9.92812484e-01  6.56282192e-01]","[-1.17160896e-01  1.00332334e-02  1.57481074e+02  2.04506238e+01
 -1.24347440e+00 -7.82771993e-02]","[ 1.84471272e-01  1.34023160e-02 -1.17971648e+02  2.37623799e+01
 -1.31538158e+00  9.88424963e-03]",010,LW
1023,0,0.2194719692855795,0,[-1.57934998  0.14491115 10.42096834 18.45835619 -1.01175316  0.67622673],"[ 1.94506789e-01  1.42987757e-02 -9.48478266e+01  2.04485462e+01
 -5.86620979e-01 -9.76412691e-01]",[-1.10546671  0.04377593 36.10528591 41.91319167 -1.32132359 -0.06303726],"[ 6.17376678e+00  9.96543280e-02 -1.58307590e+01  9.97354141e+01
 -1.33595530e+00  1.52149582e-01]",[-0.20923294  0.08355263 18.90700462  5.95596808 -1.29912338  0.10512738],"[-5.97775485e-02  1.10642923e-03 -1.33111057e+03 -7.75705266e+01
 -7.74992340e-01  8.51083025e-01]","[-1.10548351e-01  1.01005397e-02  1.56393643e+02  1.92890593e+01
 -1.23833583e+00  9.50223872e-02]","[ 1.76185204e-01  1.31034499e-02 -1.20630473e+02  2.32533045e+01
 -1.31329451e+00  5.79016269e-02]",010,LW
1024,0,0.2194719692855795,0,[-1.47226829  0.20954837  7.41992565 12.92412125 -1.20469867  0.43313811],"[ 1.83089029e-01  2.52701768e-02 -6.01381723e+01  1.30106396e+01
 -1.05013105e+00 -6.36174601e-01]","[-1.07926310e+00  4.07809309e-02  3.86976243e+01  4.37649179e+01
 -1.31358877e+00 -1.48537016e-01]","[ 6.11828514e+00  8.44517972e-02 -1.85066740e+01  1.15229109e+02
 -1.27561448e+00  3.51035791e-01]",[-0.15501904  0.08884243 17.78810709  4.75749525 -1.30334163  0.07900343],"[-6.02928493e-02  5.37931552e-04 -2.49669150e+03 -1.48532644e+02
 -3.53726709e-01  1.12929110e+00]","[-1.03517894e-01  1.13636838e-02  1.38489685e+02  1.63361604e+01
 -1.21414907e+00  2.42939139e-01]","[ 1.68217746e-01  1.23938914e-02 -1.27446954e+02  2.34388394e+01
 -1.30773508e+00  1.09446252e-01]",010,LW
1025,0,0.2194719692855795,0,[-1.32750022  0.26376142  5.95709785  9.90804868 -1.28645985  0.26845983],"[ 1.64585213e-01  3.57710167e-02 -4.35487302e+01  9.16747705e+00
 -1.21693251e+00 -4.09916694e-01]","[-1.05577623e+00  3.55044084e-02  4.42566862e+01  4.87251573e+01
 -1.28737440e+00 -2.67331632e-01]","[ 6.07602904e+00  6.01895012e-02 -2.49717397e+01  1.53729016e+02
 -1.05030297e+00  6.66802339e-01]",[-0.09795965  0.09274759 17.04408265  3.66963241 -1.30750057  0.05091449],"[-6.05131127e-02  1.83575695e-04 -4.21644945e+03 -2.53150481e+02
 -3.65320582e-01  1.04116068e+00]","[-9.53514249e-02  1.38111109e-02  1.13532589e+02  1.28254942e+01
 -1.19776515e+00  3.24268429e-01]","[ 1.60822002e-01  1.12974438e-02 -1.39625973e+02  2.44549285e+01
 -1.29737897e+00  1.68771133e-01]",010,LW
1026,0,0.2194719692855795,0,[-1.1541423   0.30108818  5.24241573  8.05049374 -1.3247852   0.13742112],"[  0.13994984   0.04455792 -35.28204191   6.93771609  -1.28724026
  -0.25780806]","[-1.03650929e+00  2.79352205e-02  5.55205415e+01  5.95475573e+01
 -1.20437465e+00 -4.54577010e-01]","[ 6.05304528e+00  3.21751342e-02 -3.30131204e+01  2.01829913e+02
 -5.99159278e-01  8.32167173e-01]",[-0.03908788  0.0948619  16.66715354  2.65148367 -1.3113082   0.01828832],"[-6.05666210e-02  8.42792497e-05  1.49848455e+04  9.09581459e+02
 -1.39092753e+00 -8.43699996e-02]","[-8.53655559e-02  1.73263646e-02  9.03939507e+01  9.71652985e+00
 -1.20316929e+00  3.43559641e-01]","[ 1.54235829e-01  9.84685279e-03 -1.59779288e+02  2.66436910e+01
 -1.27837426e+00  2.43657286e-01]",010,LW
1027,0,0.2760321632831514,0,[-0.96428172  0.31691249  4.98838092  6.81020454 -1.33809746  0.01989799],"[  0.11058292   0.05078962 -31.07696538   5.43658163  -1.31872303
  -0.14056067]","[-1.02295430e+00  1.84229231e-02  7.97305438e+01  8.35607029e+01
 -9.13430140e-01 -7.76873156e-01]","[ 6.05449392e+00  3.51156455e-02  2.76683957e+01 -1.65518133e+02
 -4.78007868e-01  9.32150263e-01]",[ 0.02028952  0.09470222 16.69498552  1.66126676 -1.31398197 -0.02134213],"[-6.05802703e-02  9.46252706e-05  4.31464981e+03  2.63382651e+02
 -1.72920459e+00  1.50297896e-01]","[-7.29806265e-02  2.16718629e-02  7.23448466e+01  7.27977223e+00
 -1.22440524e+00  3.22388960e-01]","[ 1.48678429e-01  8.07964160e-03 -1.93656844e+02  3.07925953e+01
 -1.23956261e+00  3.49515242e-01]",010,LW
1028,0,0.2760321632831514,0,[-0.77179923  0.30935128  5.106679    5.94133091 -1.33117268 -0.09464735],"[  0.07822904   0.05396801 -29.29096748   4.29140417  -1.32875892
  -0.04263296]","[-1.01647991e+00  9.24611584e-03  8.71654978e+01  9.06019770e+01
 -8.67245452e-01 -6.52007194e-01]","[ 6.08422164e+00  7.59658779e-02  1.91375546e+01 -1.14437124e+02
 -7.90536100e-01  8.57961782e-01]",[ 0.07856922  0.09177917 17.22016539  0.64702503 -1.313985   -0.07076984],"[-6.06738181e-02  2.74714735e-04 -4.19880668e+03 -2.52757632e+02
 -1.36744969e-01 -1.21635766e+00]","[-5.77963583e-02  2.64863874e-02  5.93176336e+01  5.42834320e+00
 -1.25096040e+00  2.79221362e-01]","[ 1.44348517e-01  6.04290681e-03 -2.55239326e+02  3.88434183e+01
 -1.14421409e+00  5.19662543e-01]",010,LW
1029,0,0.2863629664918526,0,[-0.59066304  0.27979805  5.62850896  5.32455221 -1.30288817 -0.21442347],"[  0.04477478   0.05403993 -29.25281313   3.30978826  -1.32459707
   0.04175825]","[-1.01818550e+00  1.26792216e-02 -9.09067647e+01 -9.05599493e+01
 -3.94494412e-01 -1.02094573e+00]","[  6.14435205   0.1237841   12.39119034 -74.13583572  -1.09293433
   0.57463731]",[ 0.13388195  0.0856966  18.42267066 -0.46646303 -1.3084867  -0.13372839],"[-6.09561542e-02  6.48369583e-04 -2.20679551e+03 -1.32517767e+02
 -6.28766323e-01 -9.60563856e-01]","[-3.96599060e-02  3.13144806e-02  5.02822308e+01  3.99418855e+00
 -1.27576947e+00  2.25650939e-01]","[ 1.41420903e-01  3.82779918e-03 -3.81263425e+02  5.59186181e+01
 -8.50046168e-01  8.19316681e-01]",010,LW
1030,0,0.3044158909471437,0,[-0.43310013  0.23270061  6.72291176  4.91169397 -1.24559477 -0.35007889],"[ 1.19917858e-02  5.14125578e-02 -3.07203817e+01  2.36839224e+00
 -1.31073044e+00  1.13777763e-01]","[-1.02875109e+00  2.55372991e-02 -5.80671595e+01 -5.77366538e+01
 -9.00628764e-01 -7.74448297e-01]","[  6.23496283   0.17110792   9.11511277 -54.83238924  -1.21384872
   0.39771914]",[ 0.18418642  0.07626816 20.64973958 -1.80340155 -1.29209666 -0.21622185],"[-6.15236784e-02  1.16982111e-03 -1.28828406e+03 -7.72599741e+01
 -9.28733973e-01 -7.21151012e-01]","[-1.87093896e-02  3.56626698e-02  4.42332502e+01  2.82757711e+00
 -1.29567286e+00  1.67866149e-01]","[ 1.40039007e-01  1.84974205e-03 -4.45076620e+02  6.43280881e+01
 -7.93920771e-01  7.08506416e-01]",010,LW
1031,0,0.2879464617576741,0,[-0.30808069  0.17466747  8.83334595  4.72138331 -1.13606481 -0.52113522],"[-1.87075132e-02  4.68610339e-02 -3.36603153e+01  1.37029921e+00
 -1.29131436e+00  1.71296528e-01]","[ -1.0483175    0.03935229 -39.24607042 -39.14234247  -1.14779914
  -0.50946134]","[  6.35392063   0.21366644   7.35324514 -44.72193604  -1.27231482
   0.27386214]",[ 0.22742257  0.06362479 24.61934521 -3.59899479 -1.25300434 -0.32984702],"[-6.24602798e-02  1.81622375e-03 -8.46830629e+02 -5.08932780e+01
 -1.07558569e+00 -5.64407819e-01]","[ 4.62068985e-03  3.90657634e-02  4.04336825e+01  1.81316849e+00
 -1.30968473e+00  1.08696128e-01]","[ 1.40302567e-01  2.38144486e-03  4.84041904e+02 -6.59123215e+01
 -4.21140205e-01  9.99626951e-01]",010,LW
1032,0,0.2879464617576741,0,[-0.22043918  0.11335957 13.13207197  4.8948232  -0.90089035 -0.76782838],"[ -0.04644262   0.04136498 -38.0904146    0.23098122  -1.27140746
   0.20868201]","[ -1.0764223    0.05220573 -29.9816446  -30.27291076  -1.24574637
  -0.34299271]","[  6.49690979   0.24781524   6.36363398 -39.34395591  -1.30363255
   0.17588493]",[ 0.26170215  0.04829247 32.0016885  -6.37491063 -1.1586939  -0.50038627],"[-6.38372025e-02  2.56658762e-03 -6.05345479e+02 -3.66435619e+01
 -1.15591269e+00 -4.56144631e-01]","[ 2.96340121e-02  4.11461357e-02  3.84185913e+01  8.61503003e-01
 -1.31774088e+00  4.90661480e-02]","[ 1.42252519e-01  4.73777776e-03  3.13927684e+02 -4.26570040e+01
 -9.22788696e-01  7.57258384e-01]",010,LW
1033,0,0.2879464617576741,0,[-0.17076353  0.0574648  21.99954154  5.75671937 -0.37892999 -1.08101609],"[-7.09317485e-02  3.59237099e-02 -4.38497076e+01 -1.11033643e+00
 -1.25726891e+00  2.16741854e-01]","[ -1.11200492   0.06298719 -24.9949794  -25.79454003  -1.29116555
  -0.2251606 ]","[  6.65766343   0.27055543   5.83973923 -36.87901833  -1.3198779
   0.0908753 ]","[ 2.85501807e-01  3.13147406e-02  4.71529880e+01 -1.14622633e+01
 -8.94870792e-01 -7.83316162e-01]","[-6.57108284e-02  3.39570244e-03 -4.60232689e+02 -2.82422712e+01
 -1.20567211e+00 -3.75012018e-01]","[ 5.54369576e-02  4.16540393e-02  3.79570749e+01 -1.04224750e-01
 -1.32010581e+00 -1.14087270e-02]","[ 1.45857308e-01  7.22584934e-03  2.14033593e+02 -2.92183637e+01
 -1.15799244e+00  4.95263402e-01]",010,LW
1034,0,0.6160147987896042,0,"[ -0.15597559   0.02904649 -12.41953203   0.06285622  -1.57865831
  -0.27148603]","[-9.24472590e-02  3.13896292e-02 -5.02339576e+01 -2.64399169e+00
 -1.25409662e+00  1.85757015e-01]","[ -1.153482     0.07088682 -22.27158499 -23.68987248  -1.3131192
  -0.13247037]","[ 6.82840311e+00  2.79837511e-01  5.64980910e+00 -3.65791741e+01
 -1.32570391e+00  1.16873540e-02]","[ 2.97823482e-01  1.53771446e-02  6.78424181e+01 -1.82050652e+01
 -4.84491484e-01 -9.26418587e-01]","[-6.81183417e-02  4.27010680e-03 -3.67391780e+02 -2.30261188e+01
 -1.24010719e+00 -3.08725308e-01]",[ 0.08102082  0.04048495 39.03588991 -1.16271978 -1.31676962 -0.07435975],"[ 1.51005004e-01  9.52399521e-03  1.64422954e+02 -2.28286889e+01
 -1.24739543e+00  3.35629129e-01]",010,LW
1035,0,0.6160147987896042,0,"[ -0.17036289   0.05211383 -27.81485773  -2.73861947  -0.92640391
  -0.77127465]","[-1.11682294e-01  2.83437296e-02 -5.57236269e+01 -4.22334248e+00
 -1.26085806e+00  1.14828191e-01]","[ -1.19887875   0.07538487 -20.9682354  -23.13837191  -1.32227879
  -0.05336961]","[  7.00046079   0.27479851   5.75135842 -38.26215913  -1.32265186
  -0.06689645]","[ 2.98295750e-01  1.44171218e-02 -6.85148156e+01  2.24376783e+01
 -5.73140857e-01 -8.53417442e-01]","[-7.10730260e-02  5.14704471e-03 -3.05617434e+02 -1.97211558e+01
 -1.26523221e+00 -2.50769131e-01]","[ 1.05350891e-01  3.76766630e-02  4.18942291e+01 -2.41359438e+00
 -1.30672593e+00 -1.42794816e-01]","[ 1.57503981e-01  1.14731169e-02  1.37222072e+02 -1.96130226e+01
 -1.28797876e+00  2.25956413e-01]",010,LW
1036,0,0.6160147987896042,0,"[ -0.20677029   0.07748931 -20.10241986  -2.15658319  -1.27003568
  -0.38826712]","[-1.29568332e-01  2.70256143e-02 -5.84984144e+01 -5.57954200e+00
 -1.26953601e+00  2.23495420e-02]","[-1.24598965e+00  7.62544818e-02 -2.07334029e+01 -2.38336054e+01
 -1.32314740e+00  1.92298464e-02]","[  7.16499817   0.25581584   6.16885894 -42.19986301  -1.3100366
  -0.15040448]","[ 2.87205157e-01  2.90525068e-02 -5.08534560e+01  1.66053748e+01
 -9.14479833e-01 -7.71255315e-01]","[-7.45607080e-02  5.97794265e-03 -2.63646968e+02 -1.76577046e+01
 -1.28333103e+00 -1.98438812e-01]","[ 1.27450232e-01  3.33923162e-02  4.71560188e+01 -4.01004554e+00
 -1.28709577e+00 -2.21774458e-01]","[ 1.65092283e-01  1.29612351e-02  1.21782870e+02 -1.81054120e+01
 -1.30793072e+00  1.41934803e-01]",010,LW
1037,0,0.2538847577189383,0,"[ -0.25772385   0.09308701 -16.94306689  -2.36663246  -1.33643685
  -0.16063435]","[-1.47083216e-01  2.73325656e-02 -5.78294719e+01 -6.50574468e+00
 -1.27494681e+00 -6.00529498e-02]","[ -1.29254004   0.07352912 -21.48786539 -25.77392634  -1.31725828
   0.09132408]","[  7.31372198   0.2243981    7.00986986 -49.26823932  -1.28377289
  -0.24680754]","[  0.26546284   0.04422335 -35.01915383  11.2962842   -1.18174052
  -0.47565501]","[-7.85383326e-02  6.71511964e-03 -2.35022800e+02 -1.64582989e+01
 -1.29579863e+00 -1.50845117e-01]","[ 1.46468034e-01  2.78957331e-02  5.61885315e+01 -6.22982375e+00
 -1.25074344e+00 -3.20636574e-01]","[ 1.73453790e-01  1.39135368e-02  1.13588205e+02 -1.77023048e+01
 -1.31728057e+00  7.17440997e-02]",010,LW
1038,0,0.2519572402156576,0,"[ -0.31635716   0.09906714 -15.95774076  -3.04834562  -1.33802954
  -0.01832243]","[-1.65078377e-01  2.88912338e-02 -5.46751739e+01 -7.02568899e+00
 -1.28019699e+00 -1.09468741e-01]","[ -1.33632765   0.06744642 -23.38594015 -29.2512784   -1.3034959
   0.16987564]","[  7.43952304   0.18300711   8.5381532  -61.5197875   -1.23185376
  -0.36996084]","[  0.23452172   0.0571626  -27.44748772   8.43703206  -1.27107218
  -0.29874308]","[-8.29358021e-02  7.31837331e-03 -2.15846149e+02 -1.59013735e+01
 -1.30388162e+00 -1.07496896e-01]","[ 1.61730780e-01  2.15281967e-02  7.20977061e+01 -9.66041826e+00
 -1.17786774e+00 -4.58535895e-01]","[ 1.82238637e-01  1.42917807e-02  1.10628156e+02 -1.81607244e+01
 -1.31997474e+00  8.74399509e-03]",010,LW
1039,0,0.2528553307855293,0,"[ -0.37708382   0.09751958 -16.20483739  -4.11058192  -1.32019073
   0.07695327]","[-1.84143759e-01  3.11585646e-02 -5.06854009e+01 -7.33340027e+00
 -1.28933113e+00 -1.21391192e-01]","[ -1.37533718   0.05840015 -26.91370005 -35.01541233  -1.27638897
   0.26502877]","[  7.53699396   0.13492848  11.3999376  -83.92126086  -1.11894502
  -0.54757259]","[  0.19626222   0.06697252 -23.54365888   6.62073064  -1.30634124
  -0.17962569]","[-8.76614729e-02  7.75919676e-03 -2.03697799e+02 -1.58564491e+01
 -1.30853301e+00 -6.79273795e-02]","[ 1.72779685e-01  1.47091710e-02  1.02756532e+02 -1.57542413e+01
 -1.00413838e+00 -6.76957758e-01]","[ 1.91085323e-01  1.40940841e-02  1.12156792e+02 -1.94315168e+01
 -1.31744634e+00 -5.13895791e-02]",010,LW
1040,0,0.2543536593202545,0,"[ -0.43602364   0.09126244 -17.29995193  -5.54318801  -1.29687452
   0.13403826]","[-2.04517497e-01  3.35001491e-02 -4.71583195e+01 -7.64470146e+00
 -1.30211918e+00 -1.01690678e-01]","[ -1.40783575   0.0469297  -33.23789963 -44.7935035   -1.21999667
   0.39438056]","[ 7.60279871e+00  8.44577371e-02  1.73012444e+01 -1.29537879e+02
 -8.25953483e-01 -8.33630141e-01]","[  0.15286289   0.07320101 -21.58473262   5.29950455  -1.32059383
  -0.08851848]","[-9.26097816e-02  8.02221102e-03 -1.97077017e+02 -1.62512595e+01
 -1.31050264e+00 -3.17139809e-02]","[ 1.79395256e-01  8.06791002e-03  1.65915102e+02 -2.77643823e+01
 -5.31750934e-01 -1.00716192e+00]","[ 1.99642042e-01  1.33528585e-02  1.18286751e+02 -2.16150085e+01
 -1.30987875e+00 -1.12228823e-01]",010,LW
1041,0,0.2556231207319553,0,"[ -0.49123023   0.08344746 -18.91619895  -7.2922087   -1.27671107
   0.14487204]","[-2.26037051e-01  3.52451803e-02 -4.48479888e+01 -8.13730712e+00
 -1.31548823e+00 -5.71556786e-02]","[-1.43246148e+00  3.37670580e-02 -4.52866864e+01 -6.28714339e+01
 -1.08511223e+00  5.93504129e-01]","[ 7.63588044e+00  3.98479437e-02  2.49394330e+01 -1.88434528e+02
 -4.77297853e-01 -9.31436046e-01]","[ 1.06665704e-01  7.56670427e-02 -2.08947118e+01  4.22874913e+00
 -1.32430146e+00 -1.08048487e-02]","[-9.76684169e-02  8.10355171e-03 -1.95114793e+02 -1.70565530e+01
 -1.31061856e+00  1.87468516e-03]","[ 1.81606166e-01  4.03159572e-03 -1.50754597e+01  4.73779643e+00
 -1.71905296e+00 -2.47697696e-01]","[ 2.07585550e-01  1.21297826e-02  1.30010020e+02 -2.49882016e+01
 -1.29625920e+00 -1.77901920e-01]",010,LW
1042,0,0.2569155231037457,0,"[ -0.54273061   0.07726933 -20.44745373  -9.09745912  -1.26476008
   0.09334107]","[-2.48130544e-01  3.57462128e-02 -4.42295528e+01 -8.97470297e+00
 -1.32530693e+00  8.78317938e-03]","[-1.44831104e+00  2.00511821e-02 -7.05134809e+01 -1.00125453e+02
 -7.02536749e-01  9.17551783e-01]","[ 7.63749715e+00  3.65656376e-02 -2.83975424e+01  2.18886149e+02
 -5.96265592e-01 -8.33043823e-01]","[  0.06004032   0.07441643 -21.2394421    3.2752228   -1.32067483
   0.06210714]","[-1.02723488e-01  8.00649312e-03 -1.97461399e+02 -1.82839236e+01
 -1.30961022e+00  3.43926778e-02]","[ 1.79681707e-01  7.41083849e-03 -1.87382939e+02  3.56692862e+01
 -7.12302221e-01 -9.02807461e-01]","[ 2.14636891e-01  1.05087543e-02  1.49649733e+02 -3.01203533e+01
 -1.27333384e+00 -2.54468795e-01]",010,LW
1043,0,0.25846290444422,0,"[-5.92327538e-01  7.55872037e-02 -2.09139686e+01 -1.03879195e+01
 -1.25587774e+00 -2.08647546e-02]","[-2.69856376e-01  3.44602470e-02 -4.58425087e+01 -1.03708933e+01
 -1.32587168e+00  9.73565263e-02]","[-1.45502265e+00  9.28960502e-03 -5.59352593e+01 -7.93870694e+01
 -1.23108123e+00  4.90917015e-01]","[ 7.61108347e+00  6.94606030e-02 -2.15533553e+01  1.66044386e+02
 -1.02322519e+00 -6.89983095e-01]","[ 1.52533891e-02  6.97038211e-02 -2.26478824e+01  2.34545696e+00
 -1.30971450e+00  1.36586582e-01]","[-1.07662788e-01  7.73660432e-03 -2.04292584e+02 -1.99947092e+01
 -1.30756807e+00  6.81624134e-02]","[ 1.74110364e-01  1.22415092e-02 -1.25528527e+02  2.38558175e+01
 -1.15018077e+00 -5.39341316e-01]","[ 2.20573459e-01  8.58956840e-03  1.82152463e+02 -3.81779988e+01
 -1.23283297e+00 -3.52129651e-01]",010,LW
1044,0,0.3000559589769528,0,"[ -0.64314742   0.08034977 -19.63994913 -10.63138269  -1.24161239
  -0.15360679]","[-2.89995373e-01  3.10418663e-02 -5.07257776e+01 -1.27102408e+01
 -1.30691615e+00  2.16479589e-01]","[-1.45283884e+00  1.35267031e-02  9.45904301e+01  1.39424650e+02
 -5.55996589e-01  9.55803948e-01]","[ 7.56194813e+00  9.87752510e-02 -1.58022776e+01  1.21496004e+02
 -1.26625566e+00 -3.69898837e-01]","[ -0.02564797   0.06197284 -25.41067206   1.34826783  -1.28895847
   0.2193793 ]","[-1.12377676e-01  7.29947959e-03 -2.16411647e+02 -2.23198380e+01
 -1.30378428e+00  1.05741361e-01]","[ 1.65567468e-01  1.61953412e-02 -9.68077201e+01  1.80282091e+01
 -1.28007124e+00 -3.07278218e-01]","[ 2.25237230e-01  6.48505318e-03  2.38685597e+02 -5.17608827e+01
 -1.15288755e+00 -4.90554725e-01]",010,LW
1045,0,0.3040639092997405,0,"[ -0.69902267   0.09208767 -17.08809802  -9.94496784  -1.22986514
  -0.24589604]","[-3.07182336e-01  2.54229895e-02 -6.13454343e+01 -1.68442338e+01
 -1.24246306e+00  3.88219107e-01]","[-1.44262579e+00  2.39517537e-02  6.35113405e+01  9.36230980e+01
 -1.09836923e+00  6.08800756e-01]","[  7.49682465   0.11765134 -13.40439216 102.4903776   -1.3355466
  -0.16397237]","[ -0.06093208   0.05182018 -30.24641655   0.15702282  -1.25135185
   0.32092563]","[-1.16763525e-01  6.70110967e-03 -2.35517182e+02 -2.54998164e+01
 -1.29706918e+00  1.50103303e-01]","[ 1.54875298e-01  1.88437539e-02 -8.37291481e+01  1.49675767e+01
 -1.32433079e+00 -1.53179781e-01]","[ 2.28540072e-01  4.32576419e-03  3.47594116e+02 -7.74391842e+01
 -9.65036651e-01 -7.11488618e-01]",010,LW
1046,0,0.3100008428131312,0,"[ -0.76384644   0.1100287  -14.28006223  -8.90777474  -1.23095708
  -0.28092792]","[-3.20053425e-01  1.78950870e-02 -8.42558316e+01 -2.49663675e+01
 -1.03782710e+00  6.66743709e-01]","[-1.42583532e+00  3.26616248e-02  4.79192484e+01  7.03249569e+01
 -1.27893888e+00  3.32311210e-01]","[ 7.42332765e+00  1.24350931e-01 -1.27122339e+01  9.63670772e+01
 -1.35038689e+00 -4.17561072e-03]","[ -0.08925576   0.03995585 -38.83561612  -1.46630246  -1.17654796
   0.46142872]","[-1.20718221e-01  5.94700450e-03 -2.64936125e+02 -2.99826177e+01
 -1.28546067e+00  2.06769586e-01]","[ 1.42957785e-01  2.00078879e-02 -7.90094220e+01  1.32950119e+01
 -1.33837184e+00 -2.93874504e-02]","[ 2.30467370e-01  2.30351362e-03  5.70339602e+02 -1.29444668e+02
 -4.76835131e-01 -1.03405354e+00]",010,LW
1047,0,0.314846008596405,0,"[ -0.84100664   0.13267513 -11.84452893  -7.96132749  -1.24236297
  -0.27598527]","[-3.27388801e-01  9.61505310e-03 -1.23907229e+02 -3.85658391e+01
 -5.04272216e-01  9.48323305e-01]","[-1.40441283e+00  3.81799685e-02  4.13275814e+01  6.00409857e+01
 -1.33659552e+00  1.45637577e-01]","[  7.34941034   0.11863728 -13.29894184  99.73938058  -1.33487471
   0.14945894]","[-1.09715790e-01  2.72111864e-02 -5.54806082e+01 -4.08709877e+00
 -9.97823468e-01  6.83709281e-01]","[-1.24138058e-01  5.03740220e-03 -3.11685575e+02 -3.66920420e+01
 -1.26298216e+00  2.88692783e-01]","[ 1.30787150e-01  1.96264851e-02 -8.04978180e+01  1.25280802e+01
 -1.33354977e+00  8.84012301e-02]","[ 2.31080034e-01  1.16105079e-03 -1.51290769e+02  3.69602760e+01
 -1.68804316e+00 -2.51563688e-01]",010,LW
1048,0,0.3196927932557043,0,[-0.93295639  0.15823069 -9.94215512 -7.27559716 -1.25802129 -0.25023628],"[-3.28235457e-01  7.91903686e-03  9.73823867e+01  3.39643522e+01
 -8.04304875e-01  7.19878126e-01]","[-1.38066117e+00  3.99199855e-02  3.95985025e+01  5.66721150e+01
 -1.35023894e+00 -8.78220826e-03]","[ 7.28289637e+00  1.01242839e-01 -1.54563137e+01  1.14566731e+02
 -1.27719440e+00  3.35269787e-01]","[-1.21882693e-01  1.48148428e-02 -8.96268819e+01 -8.92396575e+00
 -5.15288813e-01  1.01358631e+00]","[-1.26910897e-01  3.96290361e-03 -3.92579467e+02 -4.78226124e+01
 -1.20627433e+00  4.26415225e-01]","[ 1.19317383e-01  1.77668274e-02 -8.86278416e+01  1.25748421e+01
 -1.30656854e+00  2.16499911e-01]","[ 2.30513488e-01  2.12492407e-03 -6.64226581e+02  1.55113186e+02
 -7.90929314e-01 -8.57302174e-01]",010,LW
1049,0,0.3246570501072298,0,[-1.040923    0.18468539 -8.52958644 -6.87864267 -1.27474603 -0.21377362],"[-3.22000797e-01  1.71645158e-02  8.38548483e+01  2.90013280e+01
 -7.64447534e-01  8.78013655e-01]","[-1.35706604e+00  3.77070021e-02  4.18225607e+01  5.87559770e+01
 -1.33318173e+00 -1.65837895e-01]","[ 7.23107984e+00  7.38724882e-02 -2.05564541e+01  1.50645361e+02
 -1.09259688e+00  6.17336489e-01]","[-1.25821333e-01  7.54383479e-03  1.69845514e+01  4.13701890e+00
 -1.70252175e+00  2.50845222e-01]","[-1.28907702e-01  2.71674504e-03 -5.52928304e+02 -6.92767168e+01
 -1.01145641e+00  6.88586804e-01]","[ 1.09403814e-01  1.46534303e-02 -1.06581125e+02  1.36603816e+01
 -1.24170038e+00  3.72801373e-01]","[ 2.28972134e-01  3.35676711e-03 -4.60570403e+02  1.07457788e+02
 -1.21090762e+00 -4.75305498e-01]",010,LW
1050,0,0.3308371680752848,0,[-1.16470072  0.20971063 -7.5219016  -6.76076424 -1.29115218 -0.16988592],"[-3.08515156e-01  2.81705770e-02  5.44431519e+01  1.87965375e+01
 -1.10129287e+00  5.71602209e-01]","[-1.33608928e+00  3.17600994e-02  4.91889874e+01  6.77208789e+01
 -1.26604589e+00 -3.60168079e-01]","[ 7.20034325e+00  4.11962259e-02 -3.00592446e+01  2.18436879e+02
 -5.46539081e-01  9.38341493e-01]","[-1.22097642e-01  1.39748393e-02  1.00096728e+02  1.42215744e+01
 -7.44426798e-01  8.85113316e-01]","[-1.29975522e-01  1.42801592e-03 -7.74748339e+02 -9.86983199e+01
 -5.57435499e-01  8.73214729e-01]","[ 1.01718687e-01  1.06745819e-02 -1.43302435e+02  1.65765355e+01
 -1.09246984e+00  5.89074768e-01]","[ 2.26718067e-01  4.22063647e-03 -3.72839153e+02  8.65293720e+01
 -1.32632221e+00 -2.23817506e-01]",010,LW
1051,0,0.4343158530000665,0,[-1.30247427  0.23060882 -6.84833264 -6.91977703 -1.30595382 -0.11896279],"[-2.88064879e-01  3.86882147e-02  4.03519503e+01  1.36239797e+01
 -1.22609502e+00  3.82747433e-01]","[-1.31994343e+00  2.27865646e-02  6.63662043e+01  8.95996355e+01
 -1.05988889e+00 -6.47671594e-01]","[ 7.19575729e+00  3.21282976e-02  2.08082882e+01 -1.47731391e+02
 -9.60746345e-01  6.36796577e-01]","[-1.11759953e-01  2.26233992e-02  6.81055009e+01  9.61146756e+00
 -1.17867610e+00  5.11393755e-01]","[-1.29936472e-01  1.50752226e-03  6.19781447e+02  8.25322149e+01
 -4.83744387e-01  9.33072882e-01]","[ 9.66849969e-02  6.38150758e-03 -2.22365719e+02  2.34994288e+01
 -7.05981892e-01  9.16548644e-01]","[ 2.24052477e-01  4.60542585e-03 -3.43174445e+02  7.88890846e+01
 -1.35418848e+00 -4.19554689e-02]",010,LW
1052,0,0.4442730306480295,0,[-1.45067933  0.24445722 -6.4658108  -7.37981808 -1.31766829 -0.0602634 ],[-0.26139555  0.04776191 32.92317477 10.60597127 -1.28167619  0.25446419],"[-1.31037068e+00  1.24881187e-02  9.92911588e+01  1.32108223e+02
 -5.03348880e-01 -9.74888531e-01]","[ 7.22065885e+00  7.04457095e-02  2.02307436e+01 -1.44079298e+02
 -7.23807816e-01  9.05028881e-01]","[-9.62778883e-02  2.92120148e-02  5.37736315e+01  7.17721168e+00
 -1.30531040e+00  2.66663340e-01]","[-1.28595813e-01  3.41853982e-03  4.20951289e+02  5.61325734e+01
 -7.10197204e-01  9.10117867e-01]","[ 9.44510254e-02  2.89624237e-03 -2.16772583e+02  2.24743927e+01
 -1.02228740e+00  6.06441829e-01]","[ 2.21288484e-01  4.49864664e-03 -3.50969423e+02  7.96654918e+01
 -1.34157479e+00  1.17910564e-01]",010,LW
1053,0,0.4584965628702725,0,[-1.60396035  0.24840626 -6.36475471 -8.20881421 -1.32462058  0.0083922 ],[-0.22968324  0.0546814  28.85588477  8.62771298 -1.30925761  0.15556966],"[-1.30846030e+00  8.73503414e-03 -7.02812018e+01 -8.99601627e+01
 -1.11571324e+00 -5.34813965e-01]","[  7.27625388   0.11736471  13.04206682 -92.89738936  -1.09201237
   0.58592383]","[-7.74305002e-02  3.29157831e-02  4.79872864e+01  5.71567959e+00
 -1.34221444e+00  9.68366879e-02]","[-1.25758512e-01  5.86924858e-03  2.59246920e+02  3.46025069e+01
 -1.01352100e+00  6.47223172e-01]","[ 9.49123004e-02  3.80403671e-03  3.29961814e+02 -2.93174348e+01
 -5.57345450e-01  9.38759132e-01]","[ 2.18716331e-01  3.95767088e-03 -3.96700917e+02  8.87649692e+01
 -1.29057572e+00  2.81438027e-01]",010,LW
1054,0,0.4683608861580769,0,[-1.75530256  0.24003236 -6.58205444 -9.553497   -1.32387353  0.09201171],[-0.19447112  0.05890871 26.8278887   7.21724959 -1.32265555  0.07056729],"[-1.31454465e+00  1.80893782e-02 -7.94040539e+01 -1.02380174e+02
 -7.99845143e-01 -8.56444618e-01]","[  7.36135347   0.16185557   9.64365946 -68.99038595  -1.22946693
   0.38367179]","[-5.71513712e-02  3.35265361e-02  4.71449730e+01  4.69439985e+00
 -1.34329994e+00 -4.34226603e-02]","[-1.21250819e-01  8.62215227e-03  1.79651952e+02  2.37829464e+01
 -1.14067316e+00  4.88812415e-01]","[ 9.77708364e-02  6.80451624e-03  2.23371935e+02 -1.98392609e+01
 -1.08919521e+00  6.15662533e-01]","[ 2.16564497e-01  3.10707186e-03 -4.98998281e+02  1.10065312e+02
 -1.18282595e+00  4.66809300e-01]",010,LW
1055,0,0.4768004764962262,0,"[ -1.89639163   0.2177066   -7.23713751 -11.72444698  -1.30804564
   0.20088592]","[-1.57571377e-01  6.00920471e-02  2.63101061e+01  6.14571965e+00
 -1.32649584e+00 -9.80809064e-03]","[-1.32820070e+00  2.88416952e-02 -5.34463714e+01 -6.89875080e+01
 -1.16165890e+00 -5.16336679e-01]","[  7.47235487   0.19910471   7.90061233 -57.03617903  -1.28908849
   0.2446827 ]","[-3.73497456e-02  3.12093966e-02  5.05167767e+01  3.88678876e+00
 -1.31947728e+00 -1.78999497e-01]","[-1.14942566e-01  1.15582270e-02  1.35126581e+02  1.75317959e+01
 -1.20588842e+00  3.83278632e-01]","[ 1.02612132e-01  9.41959653e-03  1.65946805e+02 -1.50281555e+01
 -1.25458637e+00  3.57209918e-01]","[ 2.14962262e-01  2.12822458e-03 -7.10498298e+02  1.54730321e+02
 -9.81488550e-01  6.87569173e-01]",010,LW
1056,0,0.4852535416209044,0,"[ -2.01819767   0.18101542  -8.63562127 -15.42839074  -1.25580608
   0.35667576]",[-0.1209395   0.05809684 27.19465301  5.28890787 -1.32119315 -0.09238788],"[-1.34835506e+00  3.78250709e-02 -4.14588413e+01 -5.39012385e+01
 -1.27711874e+00 -3.04858851e-01]","[  7.60350442   0.2257483    6.99255882 -51.1679519   -1.31675863
   0.13682042]","[-1.97321947e-02  2.64319027e-02  5.92419880e+01  3.16897444e+00
 -1.26319509e+00 -3.31538954e-01]","[-1.06766226e-01  1.45544544e-02  1.07804326e+02  1.35098610e+01
 -1.24436038e+00  3.05208362e-01]","[ 1.08977213e-01  1.13742846e-02  1.38490474e+02 -1.30923059e+01
 -1.30144650e+00  2.08535141e-01]","[ 2.13910443e-01  1.23145908e-03 -1.17763896e+03  2.53909271e+02
 -6.58844190e-01  9.34742008e-01]",010,LW
1057,0,0.4927745049994009,0,"[ -2.11173417   0.13140707 -11.58866949 -22.4721894   -1.09205493
   0.60787028]",[-0.08653181  0.05303725 29.72592061  4.57223777 -1.3041655  -0.1840577 ],"[-1.37346395e+00  4.41553955e-02 -3.57239283e+01 -4.70655275e+01
 -1.31716030e+00 -1.63623264e-01]","[ 7.74740078e+00  2.39575002e-01  6.59822324e+00 -4.91190799e+01
 -1.32791397e+00  4.37814793e-02]","[-5.64947778e-03  1.99031244e-02  7.73692979e+01  2.43709613e+00
 -1.13907778e+00 -5.32667404e-01]","[-9.67301623e-02  1.74780654e-02  9.00284046e+01  1.07084622e+01
 -1.26908846e+00  2.42842143e-01]","[ 1.16413115e-01  1.26637919e-02  1.24719153e+02 -1.25189451e+01
 -1.31564624e+00  1.12219000e-01]","[ 2.13266609e-01  6.20351987e-04 -2.35694343e+03  5.04657334e+02
 -4.71125855e-01  9.48202846e-01]",010,LW
1058,0,0.5823433593367906,0,"[ -2.16891688   0.0746903  -17.54943988 -36.06327645  -0.5766051
   0.9587459 ]",[-0.05615465  0.04528946 34.65312687  3.94593424 -1.26801355 -0.29486177],"[ -1.40172946   0.04753441 -33.25106623 -44.60899897  -1.32853421
  -0.05768215]","[ 7.89567294e+00  2.39565687e-01  6.59847412e+00 -5.00993935e+01
 -1.32749846e+00 -4.41948719e-02]","[ 4.01428506e-03  1.25521670e-02  1.16178447e+02  1.53362659e+00
 -8.24506249e-01 -8.36600250e-01]","[-8.49247883e-02  2.01934128e-02  7.80690537e+01  8.62999786e+00
 -1.28569660e+00  1.90182589e-01]","[ 1.24497454e-01  1.33361176e-02  1.18539781e+02 -1.27579010e+01
 -1.31915538e+00  4.13796811e-02]","[ 2.12748282e-01  6.40723528e-04 -2.26981560e+03  4.84899371e+02
 -3.82475562e-01 -9.53481873e-01]",010,LW
1059,0,0.6010497889368314,0,[-2.18341182  0.04709155  8.13302181 19.75773598 -1.43609433  0.38938414],"[-3.13174358e-02  3.54772580e-02  4.37969275e+01  3.37160747e+00
 -1.19240295e+00 -4.43735973e-01]","[-1.43131450e+00  4.80377509e-02 -3.29102182e+01 -4.51048726e+01
 -1.32576119e+00  2.90238702e-02]","[  8.03976952   0.22599709   6.98542398 -54.1611988   -1.31555216
  -0.1338433 ]","[ 8.90333111e-03  5.91419915e-03  1.64922411e+02  5.31641165e-01
 -4.84380738e-01 -9.26142476e-01]","[-7.15210638e-02  2.25729073e-02  6.99274571e+01  7.00128612e+00
 -1.29683704e+00  1.44061662e-01]","[ 1.32840770e-01  1.34383419e-02  1.17651467e+02 -1.36289114e+01
 -1.31888537e+00 -1.91939605e-02]","[ 2.11953935e-01  1.52156694e-03 -9.20318809e+02  1.97065193e+02
 -3.88454014e-01 -1.10317852e+00]",010,LW
1060,0,0.6058566753277935,0,[-2.15133916  0.10036048 13.9478769  32.00661381 -0.66962933  0.93649297],"[-1.31101134e-02  2.44543359e-02  6.18425509e+01  2.81076285e+00
 -1.01276327e+00 -6.71145199e-01]","[-1.46052777e+00  4.60233672e-02 -3.43231044e+01 -4.81298473e+01
 -1.31422160e+00  1.04304481e-01]","[  8.17178511   0.20051628   7.84984241 -62.14722534  -1.28907902
  -0.23089817]","[ 9.20057993e-03  5.31283080e-03 -1.97978235e+02  3.82151457e+00
 -6.36116897e-01 -8.00221265e-01]","[-5.67618357e-02  2.45090468e-02  6.44566964e+01  5.65868041e+00
 -1.30397105e+00  1.02800511e-01]","[ 1.41073226e-01  1.29900306e-02  1.21647840e+02 -1.51612531e+01
 -1.31640272e+00 -8.19363432e-02]","[ 2.10398898e-01  3.19293006e-03 -4.57515067e+02  9.82606661e+01
 -6.85432016e-01 -9.08624373e-01]",010,LW
1061,0,0.6082224121879898,0,[-2.0717366   0.17126417  8.9138921  20.46723653 -1.07579838  0.60550502],"[-2.12378095e-03  1.34690443e-02  9.93458967e+01  2.21098892e+00
 -5.32919573e-01 -1.00641178e+00]","[-1.48796120e+00  4.20430419e-02 -3.75153030e+01 -5.38213151e+01
 -1.29640394e+00  1.72417193e-01]","[  8.28522225   0.16602215   9.42875468 -76.11932806  -1.24141383
  -0.34281513]","[ 5.58310244e-03  9.65430332e-03 -1.56315561e+02  2.87272579e+00
 -1.10814625e+00 -6.25940264e-01]","[-4.09480372e-02  2.59228380e-02  6.09724259e+01  4.49670117e+00
 -1.30816986e+00  6.53021170e-02]","[ 1.48823371e-01  1.19722357e-02  1.31774826e+02 -1.76111738e+01
 -1.30860345e+00 -1.61109299e-01]","[ 2.07562279e-01  5.68483417e-03 -2.64988732e+02  5.70016653e+01
 -9.07080998e-01 -7.31922466e-01]",010,LW
1062,0,0.6111056824128592,0,[-1.94675233  0.23915624  6.52021447 14.69324272 -1.22001462  0.39796752],"[ 1.58028255e-03  6.71514266e-03 -8.40112189e+00  2.01327615e+00
 -1.71924659e+00 -2.45981997e-01]","[-1.51256985e+00  3.67367862e-02 -4.28420213e+01 -6.28015495e+01
 -1.27354921e+00  2.36679394e-01]","[   8.37556156    0.12625367   12.26828861 -100.75380655   -1.15626548
   -0.4840873 ]","[-8.79972381e-04  1.29344479e-02 -1.21348586e+02  1.89321660e+00
 -1.33998986e+00 -2.64909274e-01]","[-2.44220977e-02  2.67653524e-02  5.90690572e+01  3.44259028e+00
 -1.31026927e+00  3.04796310e-02]","[ 1.55696308e-01  1.03353551e-02  1.51951992e+02 -2.16583640e+01
 -1.28295666e+00 -2.78370994e-01]","[ 2.02940776e-01  8.94184646e-03 -1.71565779e+02  3.68176924e+01
 -1.05149398e+00 -5.89401599e-01]",010,LW
1063,0,0.6114254454071524,0,[-1.78157712  0.29733606  5.28695357 11.4191155  -1.28102025  0.26076034],"[-1.54381906e-03  1.21925729e-02 -1.14047101e+02  1.82393191e+00
 -7.28251271e-01 -8.92751654e-01]","[-1.53368877e+00  3.07202541e-02 -5.10846980e+01 -7.63480275e+01
 -1.24544173e+00  3.01588928e-01]","[ 8.44052206e+00  8.52175045e-02  1.77309017e+01 -1.47658067e+02
 -9.83808265e-01 -6.87760912e-01]","[-8.88095730e-03  1.41566415e-02 -1.11624723e+02  1.00866560e+00
 -1.37885884e+00 -9.17774242e-03]","[-7.55047744e-03  2.70141437e-02  5.85294084e+01  2.44192498e+00
 -1.31074638e+00 -2.84700428e-03]","[ 1.61257813e-01  8.03247448e-03  1.92630052e+02 -2.90631010e+01
 -1.19364349e+00 -4.76919946e-01]","[ 1.96104525e-01  1.28088907e-02 -1.21106492e+02  2.57495312e+01
 -1.14554422e+00 -4.74380883e-01]",010,LW
1064,0,0.6114254454071524,0,[-1.58413595  0.34124679  4.62366579  9.3245152  -1.31024964  0.15687114],"[-1.05833773e-02  1.98977999e-02 -7.73658136e+01  1.18120840e+00
 -1.17181285e+00 -5.19589795e-01]","[-1.55098958e+00  2.44905584e-02 -6.38062374e+01 -9.69628092e+01
 -1.20852600e+00  3.75675416e-01]","[ 8.47995951e+00  4.70324710e-02  2.92656424e+01 -2.46171462e+02
 -5.63097080e-01 -1.00066626e+00]","[-1.70575298e-02  1.32771363e-02 -1.18533265e+02 -2.18846945e-02
 -1.33774874e+00  2.16944370e-01]","[ 9.29325803e-03  2.66699274e-02  5.92787855e+01  1.44910695e+00
 -1.30969385e+00 -3.57340414e-02]","[ 1.65030295e-01  5.12683041e-03  2.80045719e+02 -4.42160278e+01
 -8.40749726e-01 -8.27378708e-01]","[ 1.86748732e-01  1.70471113e-02 -9.16440227e+01  1.91144051e+01
 -1.20810344e+00 -3.79081812e-01]",010,LW
1065,1,0.7116189528840566,1,[-1.36456094  0.36761662  4.29909648  7.86637911 -1.32356016  0.06894794],"[-2.42612815e-02  2.58619024e-02 -6.07133180e+01  5.27017101e-01
 -1.29947831e+00 -2.76313291e-01]","[-1.56439152e+00  1.83735395e-02 -8.43871468e+01 -1.30014537e+02
 -1.14959567e+00  4.77340758e-01]","[ 8.49544728e+00  2.06690668e-02  1.66571607e+01 -1.39510031e+02
 -1.44748080e+00 -3.99443964e-01]","[-2.41744080e-02  1.06496462e-02 -1.45294243e+02 -1.51240231e+00
 -1.20686497e+00  4.72122238e-01]","[ 2.57442780e-02  2.57567302e-02  6.13633516e+01  4.20244818e-01
 -1.30697929e+00 -6.89378535e-02]","[ 1.66504571e-01  2.72328717e-03  1.29677003e+02 -1.95918138e+01
 -1.56591979e+00 -2.95061688e-01]","[ 1.74733624e-01  2.13616987e-02 -7.34751958e+01  1.48385872e+01
 -1.25011727e+00 -2.98038056e-01]",010,LW
1066,1,0.7116189528840566,1,[-1.1344708   0.3745814   4.22077062  6.78834104 -1.32632682 -0.01223919],"[-4.10571779e-02  2.93950858e-02 -5.37216247e+01 -2.05658301e-01
 -1.33668260e+00 -1.12371587e-01]","[-1.57395208e+00  1.25319744e-02 -1.21274882e+02 -1.88880854e+02
 -1.02044765e+00  6.48814140e-01]","[ 8.48967292e+00  3.15780805e-02 -4.23566227e+01  3.61593872e+02
 -6.41908500e-01 -9.23744662e-01]","[-2.92682508e-02  6.91621627e-03 -2.09918849e+02 -4.14395752e+00
 -8.47721841e-01  8.25363560e-01]","[ 4.14615076e-02  2.43234428e-02  6.49486317e+01 -6.92868187e-01
 -1.30242163e+00 -1.02993887e-01]","[ 1.65169244e-01  5.29053892e-03 -2.40867237e+02  4.17838595e+01
 -3.91703275e-01 -1.07556755e+00]","[ 1.60105783e-01  2.54403079e-02 -6.18859306e+01  1.19082953e+01
 -1.27803060e+00 -2.27779098e-01]",010,LW
1067,1,0.7116189528840566,1,[-0.9061073   0.36186069  4.36609435  5.95614998 -1.31997445 -0.09304195],"[-5.93394850e-02  3.03440822e-02 -5.20978281e+01 -1.09145829e+00
 -1.34058250e+00  1.83088398e-02]","[-1.57976723e+00  7.10606071e-03 -1.95747188e+02 -3.07234993e+02
 -6.36458351e-01  9.54102432e-01]","[ 8.46583686e+00  5.42036930e-02 -2.82330239e+01  2.41016174e+02
 -1.11921644e+00 -5.73633126e-01]","[-3.17303568e-02  3.34613205e-03 -2.32302842e+02 -5.37105206e+00
 -8.32100887e-01  6.91973016e-01]","[ 5.61418946e-02  2.24427217e-02  7.03427089e+01 -1.94917295e+00
 -1.29581141e+00 -1.38476141e-01]","[ 1.60557554e-01  1.04673685e-02 -1.42255200e+02  2.48401470e+01
 -8.89848092e-01 -7.72389209e-01]","[ 1.43096989e-01  2.89937286e-02 -5.44102570e+01  9.78594397e+00
 -1.29596359e+00 -1.66023525e-01]",010,LW
1068,1,0.7116189528840566,1,[-0.69141772  0.33074511  4.76742318  5.29628088 -1.30325607 -0.18003252],"[-7.74902042e-02  2.88210673e-02 -5.47610911e+01 -2.24344813e+00
 -1.32485001e+00  1.41288043e-01]","[-1.58190783e+00  3.42292082e-03 -7.05291917e+01 -1.09570681e+02
 -1.62061468e+00  3.03402817e-01]","[ 8.42722486e+00  7.38440980e-02 -2.11841628e+01  1.80523703e+02
 -1.25012589e+00 -3.49143685e-01]","[-3.13202750e-02  4.16658200e-03  2.83077182e+02  1.08660552e+01
 -4.91611903e-01  9.54089944e-01]","[ 6.95327162e-02  2.02053715e-02  7.80564053e+01 -3.42747388e+00
 -1.28678767e+00 -1.76288318e-01]","[ 1.52309460e-01  1.63906883e-02 -9.39134366e+01  1.63039048e+01
 -1.10331678e+00 -5.49049147e-01]","[ 1.24101622e-01  3.17885287e-02 -4.96884493e+01  8.16641718e+00
 -1.30675952e+00 -1.11059108e-01]",010,LW
1069,1,0.7116189528840566,1,[-0.50118852  0.28387878  5.53199507  4.7725724  -1.2705399  -0.28294599],"[-9.40094489e-02  2.51087267e-02 -6.25392288e+01 -3.87927843e+00
 -1.28525401e+00  2.80045168e-01]","[-1.58040737e+00  6.24388825e-03  2.11890213e+02  3.36872854e+02
 -5.18047132e-01  1.00799979e+00]","[ 8.37703298e+00  8.92290395e-02 -1.76478455e+01  1.49836584e+02
 -1.29343972e+00 -2.19312795e-01]","[-2.81242108e-02  7.82068636e-03  1.92386140e+02  7.41070836e+00
 -1.02553930e+00  6.78590795e-01]","[ 8.14398542e-02  1.77115270e-02  8.89275065e+01 -5.24224317e+00
 -1.27462590e+00 -2.17989917e-01]","[ 1.40243459e-01  2.25294122e-02 -6.92131393e+01  1.17066901e+01
 -1.20316819e+00 -4.03499426e-01]","[ 1.03638207e-01  3.36653555e-02 -4.69510781e+01  6.86592556e+00
 -1.31242249e+00 -6.13955270e-02]",010,LW
1070,1,0.4756463333828762,1,[-0.34432894  0.22496005  6.92086082  4.38305264 -1.20501858 -0.4197114 ],"[-1.07593127e-01  1.96075181e-02 -7.90027919e+01 -6.50015741e+00
 -1.18963284e+00  4.70641923e-01]","[-1.57529978e+00  1.14716237e-02  1.31665166e+02  2.09412106e+02
 -1.00039323e+00  6.80935497e-01]","[ 8.31841472e+00  1.00025928e-01 -1.57856548e+01  1.33311623e+02
 -1.31433052e+00 -1.26171520e-01]","[-2.24830222e-02  1.11837233e-02  1.39369637e+02  5.13345063e+00
 -1.23864463e+00  3.95860212e-01]","[ 9.17312433e-02  1.50621605e-02  1.04368070e+02 -7.57381281e+00
 -1.25778829e+00 -2.66200477e-01]","[ 1.24424884e-01  2.83905333e-02 -5.52891403e+01  8.87934489e+00
 -1.25935661e+00 -2.94293204e-01]","[ 8.23026556e-02  3.45434537e-02 -4.57707145e+01  5.76705136e+00
 -1.31428478e+00 -1.56631995e-02]",010,LW
1071,1,0.4766811219532066,1,[-0.22738892  0.15857102  9.59942428  4.18280272 -1.05268248 -0.62847217],"[-1.17181358e-01  1.28797281e-02 -1.14386688e+02 -1.14039875e+01
 -9.07115465e-01  7.78597137e-01]","[-1.56669194e+00  1.67970584e-02  9.24056025e+01  1.46771113e+02
 -1.18003080e+00  4.57800157e-01]","[ 8.25466774e+00  1.05656528e-01 -1.49617119e+01  1.25503960e+02
 -1.32650237e+00 -4.19697265e-02]","[-1.49114032e-02  1.37084934e-02  1.14844652e+02  3.71249491e+00
 -1.30615959e+00  2.20896500e-01]","[ 1.00337180e-01  1.23547090e-02  1.26868990e+02 -1.07296768e+01
 -1.23303917e+00 -3.24992433e-01]","[ 1.05208406e-01  3.34567094e-02 -4.70959319e+01  6.95488792e+00
 -1.29322810e+00 -2.03348841e-01]","[ 6.07193823e-02  3.44174267e-02 -4.59365613e+01  4.78923962e+00
 -1.31309288e+00  2.72735741e-02]",010,LW
1072,1,0.397610786521083,1,[-0.15434914  0.09103312 15.20137225  4.34631875 -0.62833829 -0.95918142],"[-1.21982710e-01  6.37510512e-03 -1.45971872e+02 -1.58060445e+01
 -6.48625992e-01  7.98095294e-01]","[-1.55484712e+00  2.16586461e-02  7.24014638e+01  1.14573208e+02
 -1.25958781e+00  3.11125313e-01]","[ 8.18947202e+00  1.05242802e-01 -1.50191604e+01  1.24998994e+02
 -1.33111191e+00  5.00383068e-02]","[-6.01976341e-03  1.52384523e-02  1.03666044e+02  2.62404506e+00
 -1.32734633e+00  9.80132956e-02]","[ 1.07249810e-01  9.68410795e-03  1.61096411e+02 -1.52775594e+01
 -1.19399754e+00 -4.00392252e-01]","[ 8.32336775e-02  3.72626072e-02 -4.23773199e+01  5.52722017e+00
 -1.31227736e+00 -1.23395723e-01]","[ 3.94936571e-02  3.33527774e-02 -4.73881584e+01  3.87153168e+00
 -1.30915399e+00  6.80474634e-02]",010,LW
1073,1,0.397610786521083,1,[-0.12666139  0.04343451  5.50798643  2.69764919 -1.60267943 -0.31104948],"[-1.21483912e-01  7.38758729e-03  1.47233798e+02  1.98865379e+01
 -4.42849298e-01  9.65573184e-01]","[-1.54025311e+00  2.55910249e-02  6.15804257e+01  9.68494424e+01
 -1.30203365e+00  1.97028773e-01]","[ 8.12707976e+00  9.77978184e-02 -1.61263396e+01  1.33060048e+02
 -1.32208078e+00  1.67699453e-01]","[ 3.55853461e-03  1.57701455e-02  1.00254262e+02  1.64324174e+00
 -1.32855326e+00  2.40498231e-03]","[ 1.12522459e-01  7.14618070e-03  2.16523592e+02 -2.23637670e+01
 -1.12806874e+00 -5.02003400e-01]","[ 5.93673357e-02  3.94922741e-02 -4.00261205e+01  4.37624413e+00
 -1.32014042e+00 -5.19515380e-02]","[ 1.91668131e-02  3.14823648e-02 -5.01765918e+01  2.96172536e+00
 -1.30262196e+00  1.06482636e-01]",010,LW
1074,1,0.397610786521083,1,"[ -0.14349755   0.07485706 -17.84518406  -0.56074025  -0.58783252
  -0.96435457]","[-1.15446015e-01  1.50348434e-02  9.83646326e+01  1.33558048e+01
 -8.91940882e-01  7.82716552e-01]","[-1.52365032e+00  2.81564400e-02  5.61078963e+01  8.74888140e+01
 -1.32503869e+00  9.57501129e-02]","[ 8.07234734e+00  8.25390040e-02 -1.89500831e+01  1.54971653e+02
 -1.27376867e+00  3.42268783e-01]","[ 1.32333027e-02  1.54141417e-02  1.02523868e+02  6.43270618e-01
 -1.31870905e+00 -7.61097025e-02]","[ 1.16267728e-01  4.83797111e-03  3.14641515e+02 -3.45826539e+01
 -1.00667961e+00 -6.48191970e-01]","[ 3.46017352e-02  4.00430317e-02 -3.94841961e+01  3.36622170e+00
 -1.31968264e+00  1.17171165e-02]","[ 1.76711520e-04  2.89994981e-02 -5.44348590e+01  2.00961927e+00
 -1.29389759e+00  1.41435707e-01]",010,LW
1075,1,0.397610786521083,1,"[ -0.20215718   0.13215485 -11.51451392  -0.32774165  -1.06756372
  -0.62241833]","[-1.03881067e-01  2.33622512e-02  6.60669715e+01  8.86310752e+00
 -1.13931513e+00  5.16885359e-01]","[-1.50600413e+00  2.90137302e-02  5.44908761e+01  8.40634847e+01
 -1.33322126e+00 -2.82818140e-03]","[ 8.03052957e+00  5.95440027e-02 -2.53946035e+01  2.05932114e+02
 -1.07875729e+00  6.36884759e-01]","[ 2.25080726e-02  1.43608522e-02  1.09916549e+02 -4.74009660e-01
 -1.30278054e+00 -1.42166177e-01]","[ 1.18652198e-01  2.85441734e-03  5.11184818e+02 -5.86532023e+01
 -7.50122837e-01 -8.77124782e-01]","[ 9.93515573e-03  3.90243997e-02 -4.05003441e+01  2.40237723e+00
 -1.31355778e+00  6.82620944e-02]","[-1.71716036e-02  2.61400928e-02 -6.03449736e+01  9.63780032e-01
 -1.28398321e+00  1.70986200e-01]",010,LW
1076,1,0.397610786521083,1,[-0.29854581  0.18608569 -8.37850741 -0.50136832 -1.21949142 -0.39962968],"[-8.70123269e-02  3.13606660e-02  4.98556571e+01  6.33805673e+00
 -1.22819912e+00  3.63002108e-01]","[-1.48842305e+00  2.80004993e-02  5.64103765e+01  8.59625045e+01
 -1.32616293e+00 -1.05263071e-01]","[ 8.00682184e+00  3.25336967e-02 -3.55088508e+01  2.86313042e+02
 -5.54001930e-01  8.92972742e-01]","[ 3.10006696e-02  1.28214230e-02  1.22909223e+02 -1.81026822e+00
 -1.28473984e+00 -2.01734191e-01]","[ 1.19885519e-01  1.30914444e-03  9.08266027e+02 -1.06887944e+02
 -2.59030807e-01 -1.13687924e+00]","[-1.37328885e-02  3.66940289e-02 -4.30394064e+01  1.40894463e+00
 -1.30398126e+00  1.19260708e-01]","[-3.27189487e-02  2.31508445e-02 -6.80934375e+01 -2.27945687e-01
 -1.27448764e+00  1.93060624e-01]",010,LW
1077,1,0.397610786521083,1,[-0.42763234  0.23251046 -6.7590557  -0.89039084 -1.27333698 -0.26847039],"[-6.52300605e-02  3.86881143e-02  4.06305812e+01  4.65033527e+00
 -1.26695450e+00  2.65373725e-01]","[-1.47203934e+00  2.51869576e-02  6.25181253e+01  9.40291396e+01
 -1.30011297e+00 -2.18415193e-01]","[ 8.00570785e+00  3.02921754e-02  2.79241035e+01 -2.21552215e+02
 -6.60085570e-01  8.08997552e-01]","[ 3.84255658e-02  1.09513327e-02  1.43507675e+02 -3.51436362e+00
 -1.26448730e+00 -2.70022728e-01]","[ 1.20203800e-01  6.75965665e-04 -9.14629021e+02  1.11941884e+02
 -1.31161842e+00 -3.54040248e-01]","[-3.56635014e-02  3.33628021e-02 -4.72831096e+01  3.13718755e-01
 -1.29221223e+00  1.68052055e-01]","[-4.64447406e-02  2.02497527e-02 -7.78165736e+01 -1.61417058e+00
 -1.26712933e+00  2.06348112e-01]",010,LW
1078,1,0.3482586118511451,1,[-0.58385419  0.27023673 -5.83484888 -1.40670099 -1.2957333  -0.18206189],[-0.03905296  0.04514576 34.91181461  3.36340958 -1.28677837  0.19676897],"[-1.45787619e+00  2.08771555e-02  7.49143508e+01  1.11215848e+02
 -1.24469528e+00 -3.53958871e-01]","[ 8.03024076e+00  6.56659363e-02  2.19860317e+01 -1.74553128e+02
 -7.77994975e-01  8.69459696e-01]","[ 4.45402605e-02  8.78880217e-03  1.77627096e+02 -5.91155711e+00
 -1.22627285e+00 -3.82410146e-01]","[ 1.19850896e-01  1.18818101e-03 -1.25428210e+03  1.52326834e+02
 -1.08067415e+00 -6.58736325e-01]","[-5.52917288e-02  2.93123440e-02 -5.37269673e+01 -9.70656908e-01
 -1.27758737e+00  2.20396405e-01]","[-5.84392688e-02  1.75909912e-02 -8.95638500e+01 -3.23404591e+00
 -1.26305602e+00  2.11328849e-01]",010,LW
1079,1,0.2542287905412353,1,[-0.76147631  0.29899895 -5.28179757 -2.02196373 -1.30531014 -0.12013145],"[-9.10186381e-03  5.05779503e-02  3.12086677e+01  2.28405704e+00
 -1.29832632e+00  1.43675222e-01]","[-1.44672705e+00  1.55623533e-02  9.89586055e+01  1.45166091e+02
 -1.12893401e+00 -5.36209338e-01]","[ 8.08144552e+00  1.06645958e-01  1.43982200e+01 -1.14358431e+02
 -1.11556551e+00  5.59178414e-01]","[ 4.90679243e-02  6.26085612e-03  2.42844440e+02 -9.91587259e+00
 -1.08521109e+00 -6.15402813e-01]","[ 1.19062864e-01  1.62455800e-03 -9.66034667e+02  1.17018855e+02
 -1.34236656e+00 -2.65249945e-01]","[-7.22074525e-02  2.47578245e-02 -6.34371649e+01 -2.58063607e+00
 -1.25607096e+00  2.84792551e-01]","[-6.88597690e-02  1.52442416e-02 -1.03351666e+02 -5.11677182e+00
 -1.26237898e+00  2.11376926e-01]",010,LW
1080,0,0.3037224877706131,0,[-1.193203    0.79472    -1.74184539 -0.07837515 -0.11574995 -1.22070395],[ 0.06489948  0.13685669 10.09631832  1.34475421 -0.10898516  1.22711517],"[-1.44821578e+00  1.83956696e-02 -2.46675959e+01 -3.37240017e+01
 -8.09751041e-01 -7.66305003e-01]","[  8.30942585   0.46083918   2.84679798 -21.65525674   0.06083831
   1.36271786]","[  0.0257826    0.05740447 -18.32861645   2.4725594    0.23183986
  -1.48673583]","[ 1.19264995e-01  1.93710801e-03  5.43956154e+01 -4.48749280e+00
 -1.16808601e+00  1.20787224e-01]","[-8.25652602e-02  1.63084591e-02 -8.32209283e+01 -4.87115760e+00
 -9.50467181e-01  5.70285267e-01]","[-8.01464561e-02  1.69502638e-02 -9.20629163e+01 -5.37851648e+00
 -9.66931935e-01 -3.38766705e-01]",010,LW
1081,0,0.3037224877706131,0,[-1.6246807   0.93923377 -1.57623201 -0.56087373 -1.7712518  -0.34826109],[ 0.13849042  0.16117061  9.17519659  0.72932315 -1.77598801  0.34600398],"[-1.45505897e+00  2.61025661e-02 -4.90277989e+01 -6.93383388e+01
 -1.63923272e+00 -4.09535691e-01]","[  8.55266411   0.56645253   2.57926827 -20.0596152   -1.78697904
   0.37954437]","[-7.71577339e-03  8.49211450e-02 -1.64808467e+01  1.87283752e+00
 -1.60793537e+00 -5.11611260e-01]","[ 1.20268224e-01  3.36066045e-03  3.50875609e+02 -4.01991864e+01
 -1.04650357e+00  5.81227485e-01]","[-8.64446300e-02  1.01887929e-02 -1.18903201e+01  9.72145681e-01
 -1.31154925e+00 -1.48406834e-01]","[-8.82316569e-02  1.44015536e-02 -1.03706348e+02 -7.15018290e+00
 -1.49363939e+00  3.23260290e-02]",010,LW
1082,0,0.3037224877706131,0,[-2.04835923  0.92141557 -1.59169927 -1.26037189 -1.76932359  0.38609772],[ 0.21011962  0.15696479  9.29439043  0.04706622 -1.77295613 -0.39640962],"[-1.46689137e+00  3.19757567e-02 -4.67689155e+01 -6.66049182e+01
 -1.69064153e+00  1.84693071e-01]","[  8.80413044   0.56884168   2.57431485 -20.6646037   -1.78228432
  -0.37723051]","[ -0.05216442   0.1028529  -14.81557286   1.2271542   -1.65135466
   0.09682374]","[ 1.22227724e-01  5.05536308e-03  2.97462695e+02 -3.43581883e+01
 -1.37685923e+00  2.60775807e-01]","[-8.38371982e-02  1.45141308e-02  9.14025903e+01  9.66293708e+00
 -9.31158238e-01  5.08162918e-01]","[-9.30728304e-02  1.03286510e-02 -1.04108184e+02 -7.68964333e+00
 -1.32373603e+00  2.62634146e-01]",010,LW
1083,0,0.3037224877706131,0,[-2.45727532  0.74630667 -1.78514989 -2.38660478  0.02322469  1.33029638],[ 0.27825684  0.12543468 10.40147359 -0.89428119  0.08040546 -1.37474849],"[-1.48335252e+00  3.27311249e-02 -4.60209491e+01 -6.62652907e+01
 -6.10198428e-01  7.51158185e-01]","[ 9.05774174e+00  4.69792975e-01  2.85528966e+00 -2.38624763e+01
  4.21725108e-03 -1.31317024e+00]","[ -0.10791832   0.10642694 -14.4294194    0.44280131  -0.79763754
   0.57535058]","[ 1.25208701e-01  6.24091921e-03  2.52855071e+02 -2.96596549e+01
 -1.18369654e+00 -1.08217629e-01]","[-7.47715353e-02  2.22730138e-02  7.05462340e+01  7.27485023e+00
 -1.23850351e+00  2.79166001e-01]","[-9.46259004e-02  8.02402230e-03  3.89930255e+01  5.68975015e+00
 -1.57887659e+00 -1.33900904e-01]",010,LW
1084,0,0.3037224877706131,0,"[ -2.84487814   0.21183481  -7.43600001 -19.15451389  -1.28265326
   0.21371105]","[ 3.41393591e-01  2.93099736e-02  5.33797285e+01 -1.62234972e+01
 -1.23769603e+00 -3.51061769e-01]","[-1.50414581e+00  2.30495093e-02 -6.83582963e+01 -1.00820845e+02
 -1.25755001e+00 -2.09804492e-01]","[ 9.30878608e+00  1.48259931e-01  1.06629545e+01 -9.72591622e+01
 -1.28376548e+00 -4.21824510e-02]","[ -0.17486051   0.08066913 -19.58391367  -1.42445317  -1.30968726
  -0.09991836]","[ 1.29190861e-01  5.92958446e-03  2.66573338e+02 -3.24388391e+01
 -1.32814286e+00  5.13220204e-02]","[-5.93151872e-02  2.65969943e-02  5.91360927e+01  5.50766841e+00
 -1.25884280e+00  2.54559610e-01]","[-9.28735670e-02  1.06898264e-02  1.46537074e+02  1.56094207e+01
 -1.24935116e+00  3.30439102e-01]",010,LW
1085,0,0.3037224877706131,0,"[ -2.96653449   0.17867776  -8.78496409 -24.06089895  -1.25991189
   0.29415397]","[ 3.57070071e-01  2.18610605e-02  7.05156012e+01 -2.31790107e+01
 -1.14369412e+00 -5.23331952e-01]","[-1.51991247e+00  2.65701370e-02 -5.92903207e+01 -8.81160976e+01
 -1.26387546e+00 -2.14201419e-01]","[ 9.40262861e+00  1.45823920e-01  1.08426832e+01 -9.99497232e+01
 -1.28961070e+00 -3.23309128e-03]","[ -0.22651209   0.08470159 -18.66337662  -2.22748054  -1.31498097
  -0.04700724]","[ 1.32870543e-01  5.96106206e-03  2.65196735e+02 -3.32368340e+01
 -1.32720871e+00 -3.65891103e-02]","[-4.11426427e-02  3.11442084e-02  5.05762303e+01  4.08083977e+00
 -1.27256851e+00  2.16399885e-01]","[-8.55882386e-02  1.28400390e-02  1.22629308e+02  1.24956265e+01
 -1.28897685e+00  2.22610691e-01]",010,LW
1086,0,0.3037224877706131,0,"[ -3.06512208   0.14051456 -11.07592843 -31.94907275  -1.20320152
   0.42399191]","[ 3.67541322e-01  1.37165994e-02  1.05577068e+02 -3.68039352e+01
 -8.27646558e-01 -8.36065250e-01]","[-1.53791536e+00  3.04271130e-02 -5.18064846e+01 -7.76739883e+01
 -1.27821209e+00 -1.94491113e-01]","[ 9.49535865e+00  1.46134342e-01  1.08195509e+01 -1.00735516e+02
 -1.29798668e+00  1.54656759e-02]","[-2.79857943e-01  8.59958040e-02 -1.83858384e+01 -3.14542291e+00
 -1.31551845e+00  2.05161273e-03]","[ 1.36474490e-01  5.66580654e-03  2.78720273e+02 -3.60382070e+01
 -1.31508273e+00 -1.20057330e-01]","[-2.01648623e-02  3.55585523e-02  4.43488212e+01  2.89428787e+00
 -1.28430778e+00  1.80429304e-01]","[-7.71008713e-02  1.44819011e-02  1.09000411e+02  1.04040266e+01
 -1.30783789e+00  1.39967197e-01]",010,LW
1087,0,0.2042728303275984,0,"[ -3.13728343   0.09783939 -15.48254633 -46.57313609  -1.03788534
   0.65290545]","[ 3.72176620e-01  6.69780558e-03  9.82600561e+01 -3.45700956e+01
 -1.08595087e+00 -5.41341700e-01]","[-1.55818085e+00  3.41186252e-02 -4.62525259e+01 -7.00698001e+01
 -1.29612372e+00 -1.54080794e-01]","[ 9.58784358e+00  1.46914523e-01  1.07622098e+01 -1.01186385e+02
 -1.30732227e+00  6.93659031e-03]","[ -0.33324414   0.0846485  -18.67526067  -4.22342126  -1.31210626
   0.04684696]","[ 1.39819730e-01  5.10210375e-03  3.08859191e+02 -4.11846087e+01
 -1.29229346e+00 -2.00850278e-01]","[ 3.44999273e-03  3.96138317e-02  3.98466873e+01  1.86252922e+00
 -1.29466311e+00  1.44064813e-01]","[-6.77491072e-02  1.55495921e-02  1.01635833e+02  8.88573693e+00
 -1.31539354e+00  7.32934300e-02]",010,LW
1088,0,0.2042728303275984,0,"[-3.17976330e+00  5.38008932e-02 -2.40471456e+01 -7.44642310e+01
 -5.33199820e-01  9.80165376e-01]","[ 3.70407235e-01  1.02167028e-02 -1.18905810e+02  4.60435724e+01
 -4.00519339e-01 -1.04027092e+00]","[-1.58040457e+00  3.70306438e-02 -4.26634745e+01 -6.54255502e+01
 -1.31282102e+00 -9.76781996e-02]","[ 9.67961893e+00  1.45671314e-01  1.08533020e+01 -1.03055828e+02
 -1.31441259e+00 -2.69486822e-02]","[ -0.38514708   0.08100943 -19.505859    -5.51262462  -1.30593041
   0.08690841]","[ 1.42768710e-01  4.35862583e-03  3.60438169e+02 -4.94592923e+01
 -1.25952934e+00 -2.78622163e-01]","[ 2.93831086e-02  4.30413970e-02  3.67015476e+01  9.21594441e-01
 -1.30330086e+00  1.06071736e-01]","[-5.78923831e-02  1.60364520e-02  9.85916019e+01  7.70770279e+00
 -1.31640227e+00  1.78822281e-02]",010,LW
1089,0,0.2042728303275984,0,"[-3.18966257e+00  3.46807826e-02  1.31733843e+01  4.40186509e+01
 -1.33155396e+00  4.45347790e-01]","[ 3.61792629e-01  2.02575667e-02 -7.35224764e+01  2.85998900e+01
 -9.11075664e-01 -7.60765252e-01]","[-1.60391330e+00  3.85519350e-02 -4.10082781e+01 -6.37737229e+01
 -1.32437256e+00 -2.83200525e-02]","[ 9.76888979e+00  1.40334808e-01  1.12603605e+01 -1.08001221e+02
 -1.31569954e+00 -8.16375495e-02]","[ -0.4342845    0.07557796 -20.89510801  -7.07442154  -1.29840476
   0.12273229]","[ 1.45242025e-01  3.53844566e-03  4.42318079e+02 -6.22431735e+01
 -1.21887266e+00 -3.51156642e-01]","[ 5.71545184e-02  4.55689421e-02  3.46849135e+01  1.76004698e-02
 -1.30960317e+00  6.63383440e-02]","[-4.78825139e-02  1.59824338e-02  9.89209552e+01  6.73658401e+00
 -1.31380438e+00 -2.96615079e-02]",010,LW
1090,0,0.2055480748693946,0,[-3.16464117  0.07572048 18.55444149 60.71814951 -0.66056785  0.94260946],"[ 3.46070220e-01  3.13351206e-02 -4.92384216e+01  1.90399514e+01
 -1.12608727e+00 -5.24571562e-01]","[-1.62769699e+00  3.81891662e-02 -4.13897758e+01 -6.53700137e+01
 -1.32726122e+00  5.37932403e-02]","[   9.85281993    0.12963286   12.17209386 -117.92944892   -1.30754014
   -0.15546886]","[ -0.47966228   0.06886319 -22.91510494  -8.99151149  -1.29039815
   0.15659084]","[ 1.47220138e-01  2.73863394e-03  5.69201738e+02 -8.17979585e+01
 -1.17465900e+00 -4.14932071e-01]","[ 8.61367045e-02  4.69716927e-02  3.36592354e+01 -8.99295615e-01
 -1.31306309e+00  2.53921944e-02]","[-3.80418841e-02  1.54534464e-02  1.02271122e+02  5.89058618e+00
 -1.30917212e+00 -7.26800189e-02]",010,LW
1091,0,0.2261191625429973,0,[-3.10303315  0.13146321 11.57889515 37.92969551 -1.0359717   0.63568279],"[  0.32317972   0.04252082 -36.72081515  13.86742277  -1.21128334
  -0.38519575]","[-1.65050814e+00  3.56648871e-02 -4.42434926e+01 -7.10242447e+01
 -1.31664457e+00  1.52004126e-01]","[ 9.92800297e+00  1.13188669e-01  1.38930247e+01 -1.35929991e+02
 -1.28344479e+00 -2.53167019e-01]","[ -0.52056091   0.06127439 -25.72691081 -11.39242398  -1.28140655
   0.19245155]","[ 1.48733101e-01  2.03052111e-03  7.64737212e+02 -1.11741737e+02
 -1.13277403e+00 -4.67913894e-01]","[ 1.15598201e-01  4.71215770e-02  3.35532424e+01 -1.87869445e+00
 -1.31330991e+00 -1.58342025e-02]","[-2.86497368e-02  1.45246594e-02  1.08742787e+02  5.11545222e+00
 -1.30265039e+00 -1.14248803e-01]",010,LW
1092,0,0.2657726351283198,0,[-3.00387094  0.19014961  8.16668881 26.53167919 -1.16816228  0.45721903],"[  0.29326002   0.05338973 -29.40316497  10.62277266  -1.25172304
  -0.2944977 ]","[-1.67101892e+00  3.09942391e-02 -5.06820217e+01 -8.26906171e+01
 -1.28266652e+00  2.74344720e-01]","[ 9.99101125e+00  9.14991385e-02  1.70522203e+01 -1.68368925e+02
 -1.22622818e+00 -3.89272803e-01]","[ -0.55648274   0.05308945 -29.64845176 -14.49885155  -1.26929718
   0.23531548]","[ 1.49840624e-01  1.44627405e-03  1.06897004e+03 -1.58175138e+02
 -1.09442417e+00 -5.18918061e-01]",[ 0.14477315  0.04602138 34.3474785  -2.97259269 -1.31022592 -0.05594337],"[-1.99339526e-02  1.32762785e-02  1.18858832e+02  4.36932634e+00
 -1.29342577e+00 -1.56213775e-01]",010,LW
1093,0,0.2657726351283198,0,[-2.86684412  0.2494403   6.27423656 19.98725822 -1.22487759  0.35024994],"[  0.256623     0.06365743 -24.73038627   8.34638584  -1.27313954
  -0.23067936]","[-1.68802196e+00  2.45404229e-02 -6.33438618e+01 -1.04925830e+02
 -1.20217194e+00  4.36216094e-01]","[ 1.00389726e+01  6.59909803e-02  2.31657225e+01 -2.30560053e+02
 -1.08513250e+00 -5.95179730e-01]","[ -0.58708923   0.04449343 -35.28904295 -18.71781711  -1.25012333
   0.29131053]","[ 1.50608204e-01  9.76743505e-04  1.56692638e+03 -2.33991968e+02
 -1.03451502e+00 -6.08669637e-01]",[ 0.17294052  0.04381139 36.06406524 -4.23693805 -1.30427846 -0.09322902],"[-1.20646082e-02  1.17995645e-02  1.33572166e+02  3.61149585e+00
 -1.28070967e+00 -1.98405991e-01]",010,LW
1094,0,0.9843722712598744,0,[-2.69222856  0.30813876  5.09853475 15.72642085 -1.25396748  0.27923846],"[  0.21371226   0.07313775 -21.55963802   6.60755887  -1.28514746
  -0.1834844 ]","[-1.70064617e+00  1.70356653e-02 -8.88647198e+01 -1.49127445e+02
 -1.01565435e+00  6.66965126e-01]","[ 1.00701431e+01  3.93247670e-02  3.61048205e+01 -3.61580709e+02
 -7.04120814e-01 -9.18238755e-01]","[-6.12157379e-01  3.56429861e-02 -4.38548554e+01 -2.48460734e+01
 -1.21612866e+00  3.69683552e-01]","[ 1.51086429e-01  5.86148618e-04  2.49333903e+03 -3.74709689e+02
 -8.17810231e-01 -8.34412236e-01]",[ 0.19949265  0.04073927 38.76114509 -5.73256358 -1.29659649 -0.1263341 ],"[-5.14593140e-03  1.02038551e-02  1.54245205e+02  2.79373525e+00
 -1.26463228e+00 -2.38068582e-01]",010,LW
1095,0,0.9843722712598744,0,[-2.48082381  0.36532548  4.30975905 12.69175287 -1.2708313   0.22808268],"[  0.16505698   0.08172864 -19.31223401   5.18761911  -1.29206593
  -0.14749445]","[-1.70853974e+00  9.57257730e-03 -1.44173389e+02 -2.44325966e+02
 -5.69555666e-01  9.99744085e-01]","[ 1.00843868e+01  1.75839809e-02  4.01119668e+01 -4.02504587e+02
 -8.45781111e-01 -7.06768997e-01]","[-6.31570091e-01  2.67221770e-02 -5.79557305e+01 -3.46031060e+01
 -1.14836932e+00  4.87757448e-01]","[ 1.51299005e-01  2.78903863e-04  2.97592082e+03 -4.48253858e+02
 -8.26357327e-01 -6.81427847e-01]","[ 2.23977067e-01  3.70973242e-02  4.25388807e+01 -7.52773374e+00
 -1.28849356e+00 -1.55127646e-01]","[ 7.93815002e-04  8.61710516e-03  1.82425015e+02  1.85518829e+00
 -1.24715441e+00 -2.68539500e-01]",010,LW
1096,0,0.9843722712598744,0,[-2.2339351   0.42014864  3.75245563 10.38274234 -1.28156753  0.18874929],"[  0.11123354   0.08938879 -17.66806666   3.96528152  -1.29623154
  -0.11932028]","[-1.71197060e+00  4.00155732e-03 -1.36792562e+02 -2.32184844e+02
 -1.03449139e+00  6.17219358e-01]","[ 1.00834205e+01  1.94864444e-02 -6.34427634e+01  6.41720059e+02
 -6.73475577e-01 -8.36113556e-01]","[-6.45332586e-01  1.79918725e-02 -8.40340143e+01 -5.22298878e+01
 -9.90278599e-01  6.82344855e-01]","[ 1.51241911e-01  3.94796664e-04 -2.90170943e+03  4.40860079e+02
 -3.32828209e-01 -1.06602129e+00]","[ 2.46101799e-01  3.31485511e-02  4.75724184e+01 -9.70765775e+00
 -1.28077854e+00 -1.81417334e-01]","[ 5.81079455e-03  7.17905010e-03  2.18903061e+02  7.27999285e-01
 -1.23336794e+00 -2.76626032e-01]",010,LW
1097,0,0.9843722712598744,0,[-1.95343119  0.47167727  3.34554988  8.53530148 -1.28918674  0.15645985],"[  0.05284668   0.0960961  -16.44147157   2.86887724  -1.29912121
  -0.09625026]","[-1.71181288e+00  4.30155325e-03  3.08390761e+02  5.29907277e+02
 -8.98986967e-01  7.14148201e-01]","[ 1.00707192e+01  3.18453501e-02 -4.83812413e+01  4.89233896e+02
 -1.27322920e+00 -4.62444276e-01]","[-6.53597393e-01  9.92440219e-03 -1.37852149e+02 -8.80998054e+01
 -5.63105402e-01  9.97744124e-01]","[ 1.50892888e-01  8.33691973e-04 -1.76202653e+03  2.67877271e+02
 -8.16917242e-01 -8.33203355e-01]","[ 2.65705394e-01  2.90711096e-02  5.41966171e+01 -1.24003335e+01
 -1.27314709e+00 -2.09359390e-01]","[ 1.00477259e-02  6.03070143e-03  2.60984864e+02 -6.22304370e-01
 -1.23080049e+00 -2.40615073e-01]",010,LW
1098,0,0.9843722712598744,0,[-1.64190374  0.51868706  3.04434625  6.99852348 -1.29541409  0.12763478],"[-9.46099296e-03  1.01790664e-01 -1.55260796e+01  1.85310787e+00
 -1.30168688e+00 -7.56599778e-02]","[-1.70941516e+00  6.04631038e-03  2.59074210e+02  4.44865383e+02
 -1.48490378e+00  1.91001823e-01]","[ 1.00510561e+01  3.79416264e-02 -4.15978853e+01  4.20102680e+02
 -1.41378464e+00 -7.22348499e-02]","[-6.56686841e-01  4.54395812e-03 -4.74076123e+01 -2.91319551e+01
 -1.60468252e+00  3.14241005e-01]","[ 1.50227699e-01  1.34678673e-03 -1.13882554e+03  1.73083140e+02
 -1.08342056e+00 -5.78970487e-01]","[ 2.82707235e-01  2.49431544e-02  6.30800911e+01 -1.58331982e+01
 -1.26344523e+00 -2.45434777e-01]","[ 1.37274155e-02  5.30304302e-03  2.97672633e+02 -2.08627592e+00
 -1.24028080e+00 -1.37949675e-01]",010,LW
1099,0,0.9843722712598744,0,[-1.30293201  0.55942219  2.82412585  5.67964395 -1.30111693  0.09924662],"[ -0.07497091   0.10632116 -14.86769295   0.88535558  -1.30438841
  -0.05497469]","[-1.70637544e+00  5.71443838e-03  2.70379533e+02  4.63368995e+02
 -1.38038258e+00 -3.84421906e-01]","[ 1.00297569e+01  3.59299097e-02 -4.36840981e+01  4.40140884e+02
 -1.35906428e+00  2.55909422e-01]","[-6.55105964e-01  7.46399416e-03  1.81491075e+02  1.20895886e+02
 -6.65577354e-01  9.18337624e-01]","[ 1.49237981e-01  1.86644982e-03 -8.35109161e+02  1.26630005e+02
 -1.21001035e+00 -4.06125074e-01]","[ 2.97060007e-01  2.07689029e-02  7.55741208e+01 -2.04500489e+01
 -1.24662333e+00 -2.98338424e-01]","[ 1.71372465e-02  5.10127403e-03  3.09856814e+02 -3.31009260e+00
 -1.24433366e+00  2.34101295e-02]",010,LW
1100,0,0.9843722712598744,0,[-0.94140484  0.59149631  2.67207439  4.51550375 -1.30638958  0.06889875],"[ -0.14283334   0.10942356 -14.44844753  -0.06371998  -1.3071465
  -0.03199337]","[-1.70427674e+00  3.64526158e-03  3.17217914e+02  5.42627113e+02
 -7.33370795e-01 -7.43969028e-01]","[ 1.00118509e+01  2.69945976e-02 -5.58444397e+01  5.61106203e+02
 -1.09527399e+00  6.37248622e-01]","[-6.49538029e-01  1.25484576e-02  1.22240540e+02  8.13998796e+01
 -1.14736155e+00  5.49681070e-01]","[ 1.47946009e-01  2.32696652e-03 -6.75296213e+02  1.01907379e+02
 -1.28178290e+00 -2.68253248e-01]","[ 3.08716166e-01  1.65236071e-02  9.45228401e+01 -2.71807288e+01
 -1.21214705e+00 -3.81215993e-01]","[ 2.06050539e-02  5.47865146e-03  2.87819218e+02 -3.93053051e+00
 -1.22995744e+00  1.82288892e-01]",010,LW
1101,0,0.3172398791229411,0,[-0.56379837  0.61206813  2.58298735  3.45628406 -1.31073874  0.03500034],"[-2.12016864e-01  1.10749934e-01 -1.42765145e+01 -1.02686184e+00
 -1.30943051e+00 -5.22256766e-03]","[-1.70444705e+00  3.98452451e-03 -2.13160672e+02 -3.61321079e+02
 -5.95466983e-01 -8.55823540e-01]","[ 1.00013402e+01  1.47777797e-02 -7.51787274e+01  7.53888031e+02
 -5.43906169e-01  8.89817136e-01]","[-6.40820469e-01  1.66279579e-02  9.43083061e+01  6.24346930e+01
 -1.28672976e+00  3.01733958e-01]","[ 1.46413343e-01  2.65796763e-03 -5.93769743e+02  8.89358128e+01
 -1.32393958e+00 -1.42951833e-01]","[ 3.17607471e-01  1.21906943e-02  1.26577076e+02 -3.82018250e+01
 -1.13128484e+00 -5.21667505e-01]","[ 2.44687089e-02  6.41721325e-03  2.44871187e+02 -3.99168178e+00
 -1.21562644e+00  2.79751036e-01]",010,LW
1102,0,0.3172398791229411,0,[-0.17829186  0.61827172  2.55731013  2.45594759 -1.31339076 -0.00339393],"[ -0.28128344   0.10993897 -14.38102515  -2.04514418  -1.31050362
   0.02614694]","[-1.70779117e+00  8.82726559e-03 -1.62484023e+02 -2.75488779e+02
 -7.44586318e-01 -8.92501494e-01]","[ 1.00007403e+01  1.35716624e-02  6.55785306e+01 -6.53833853e+02
 -6.70519577e-01  7.87111916e-01]","[-6.29906291e-01  1.92315317e-02  8.20662272e+01  5.36940328e+01
 -1.32950885e+00  1.39768962e-01]","[ 1.44741747e-01  2.79560851e-03 -5.65469572e+02  8.38470535e+01
 -1.34370637e+00 -1.65714603e-02]","[ 3.23633631e-01  7.80678290e-03  1.89301130e+02 -5.92642122e+01
 -8.92167960e-01 -7.82684441e-01]","[ 2.90434568e-02  7.83753134e-03  2.00185562e+02 -3.81408070e+00
 -1.21804136e+00  3.10823686e-01]",010,LW
1103,0,0.3107213510147106,0,[ 0.20536088  0.60773169  2.60118582  1.46581819 -1.31348846 -0.04713493],"[ -0.34920128   0.10669638 -14.8141459   -3.17311876  -1.30961282
   0.06271299]","[-1.71471450e+00  1.45106601e-02 -1.05623265e+02 -1.79113744e+02
 -1.10615822e+00 -5.73326371e-01]","[ 1.00109287e+01  2.76167287e-02  5.30609554e+01 -5.29189441e+02
 -8.92960324e-01  7.92450663e-01]","[-6.17813430e-01  2.02314736e-02  7.81405684e+01  5.02762926e+01
 -1.33928035e+00  1.29841448e-02]","[ 1.43065948e-01  2.69550105e-03 -5.85677819e+02  8.57905522e+01
 -1.33872755e+00  1.24524280e-01]","[ 3.26659411e-01  3.83077786e-03  2.65146722e+02 -8.46126718e+01
 -5.46108505e-01 -8.74656786e-01]","[ 3.45907545e-02  9.61829822e-03  1.63207223e+02 -3.64546099e+00
 -1.23402829e+00  2.98697115e-01]",010,LW
1104,0,0.2884328746811715,0,[ 0.57620479  0.57895165  2.72884775  0.42762485 -1.30999319 -0.09779872],"[ -0.41419336   0.10084885 -15.66387185  -4.48787179  -1.30593593
   0.10564427]","[-1.72513268e+00  1.97760579e-02 -7.90204171e+01 -1.34320704e+02
 -1.24409866e+00 -3.64635140e-01]","[ 1.00312437e+01  4.19605347e-02  3.69355604e+01 -3.68509607e+02
 -1.20851912e+00  4.59029215e-01]","[-6.05559089e-01  1.96553072e-02  8.03617111e+01  5.06637645e+01
 -1.32973519e+00 -1.03278825e-01]","[ 1.41539231e-01  2.34383592e-03 -6.68962847e+02  9.66844869e+01
 -1.29197931e+00  3.01957778e-01]","[ 3.26523858e-01  4.10752443e-03 -2.49677029e+02  8.35255068e+01
 -4.53262298e-01 -9.50977419e-01]","[ 4.12912056e-02  1.16076623e-02  1.35445005e+02 -3.59268755e+00
 -1.25500090e+00  2.64179941e-01]",010,LW
1105,0,0.2783634894803207,0,[ 0.92262058  0.53146964  2.96880316 -0.73907889 -1.30107486 -0.15877317],"[ -0.47460672   0.09235677 -17.08488036  -6.108599    -1.29809553
   0.15765815]","[-1.73853977e+00  2.39548174e-02 -6.57322805e+01 -1.12278184e+02
 -1.30168883e+00 -2.18473221e-01]","[ 1.00597187e+01  5.27166416e-02  2.98352727e+01 -2.98134450e+02
 -1.31278790e+00  2.39960016e-01]","[-5.94081026e-01  1.76743401e-02  8.90732867e+01  5.49167495e+01
 -1.29979101e+00 -2.23559914e-01]","[ 1.40314202e-01  1.76647120e-03 -8.67313788e+02  1.23696442e+02
 -1.13928289e+00  5.59769276e-01]","[ 3.23069270e-01  8.71340741e-03 -1.68055315e+02  5.62935078e+01
 -8.22753426e-01 -8.33089129e-01]","[ 4.92239640e-02  1.36314046e-02  1.15539318e+02 -3.68730322e+00
 -1.27541647e+00  2.19182087e-01]",010,LW
1106,0,0.2494750021067367,0,[ 1.23292329  0.46584036  3.37823811 -2.16510845 -1.28241937 -0.23696832],"[ -0.52878708   0.08130156 -19.36675196  -8.2408882   -1.28287404
   0.22433887]","[-1.75409893e+00  2.66057316e-02 -5.93708357e+01 -1.02142319e+02
 -1.32731512e+00 -1.01852340e-01]","[ 1.00933384e+01  5.82178759e-02  2.71410445e+01 -2.71943748e+02
 -1.35104712e+00  6.81137902e-02]","[-5.84158199e-01  1.46021159e-02  1.07063789e+02  6.45421901e+01
 -1.23995824e+00 -3.60875279e-01]","[ 1.39522283e-01  1.04991743e-03 -1.29925544e+03  1.83275086e+02
 -6.55918061e-01  9.32588761e-01]","[ 3.16194214e-01  1.40247217e-02 -1.09523557e+02  3.66307150e+01
 -1.09877050e+00 -5.64028055e-01]","[ 5.83551933e-02  1.55043136e-02  1.01741399e+02 -3.93713902e+00
 -1.29267548e+00  1.69434179e-01]",010,LW
1107,0,0.2104918032805349,0,[ 1.49594679  0.38360273  4.07953285 -4.10276407 -1.24247184 -0.34652241],"[ -0.5751494    0.0678761  -23.09748778 -11.28450632  -1.25200936
   0.31673627]","[-1.77072788e+00  2.74211211e-02 -5.76540604e+01 -1.00089652e+02
 -1.33701426e+00  7.54938002e-03]","[ 1.01282523e+01  5.73318650e-02  2.75403518e+01 -2.76935632e+02
 -1.35530331e+00 -1.08247177e-01]","[-5.76348469e-01  1.08614469e-02  1.41815507e+02  8.37351502e+01
 -1.12442419e+00 -5.36833910e-01]","[ 1.39256318e-01  5.72615328e-04  7.22639538e+01 -8.06321210e+00
 -1.71287546e+00  2.49264915e-01]","[ 3.05920241e-01  1.93205803e-02 -8.07336346e+01  2.66980529e+01
 -1.21183950e+00 -3.97231634e-01]","[ 6.85377299e-02  1.70473324e-02  9.26437668e+01 -4.34959347e+00
 -1.30558343e+00  1.17667474e-01]",010,LW
1108,0,0.1534099598936531,0,[ 1.7015725   0.28746322  5.36612641 -7.13085314 -1.14518576 -0.51857538],"[ -0.61223992   0.05240502 -29.61391739 -16.13082241  -1.18164971
   0.45831453]","[-1.78717081e+00  2.61805883e-02 -6.02972500e+01 -1.05761485e+02
 -1.33105466e+00  1.29997717e-01]","[ 1.01599534e+01  4.92789075e-02  3.17007729e+01 -3.20078374e+02
 -1.29699829e+00 -3.46915803e-01]","[-5.70961488e-01  6.92387323e-03  2.13393703e+02  1.23839586e+02
 -8.65821228e-01 -7.98892614e-01]","[ 1.39560188e-01  1.11229860e-03  1.22851016e+03 -1.69451109e+02
 -6.29702539e-01  9.51836655e-01]","[ 2.92447009e-01  2.41778116e-02 -6.49668308e+01  2.09993554e+01
 -1.26784228e+00 -2.79682670e-01]","[ 7.95230571e-02  1.81094911e-02  8.72775250e+01 -4.94057561e+00
 -1.31362856e+00  6.54087905e-02]",010,LW
1109,0,0.1444706887061198,0,"[  1.84119946   0.18254995   8.00764192 -12.74366595  -0.85409037
  -0.81600696]","[-6.38789448e-01  3.54589921e-02 -4.23810360e+01 -2.50725586e+01
 -9.86600374e-01  7.01662584e-01]","[-1.80206556e+00  2.27721856e-02 -6.88971087e+01 -1.22157106e+02
 -1.29253233e+00  2.91743545e-01]","[ 1.01834861e+01  3.42278279e-02  4.29158522e+01 -4.35032983e+02
 -9.86474495e-01 -7.30198490e-01]","[-5.68079102e-01  3.37265881e-03  3.41739641e+02  1.96135148e+02
 -3.68298122e-01 -1.04085996e+00]","[ 1.40427564e-01  1.91728522e-03  7.95911590e+02 -1.09767926e+02
 -1.08962144e+00  6.00846524e-01]","[ 2.76170425e-01  2.82381207e-02 -5.58260308e+01  1.74174986e+01
 -1.29671987e+00 -1.88968057e-01]","[ 9.09848857e-02  1.85885269e-02  8.50565211e+01 -5.73885785e+00
 -1.31683053e+00  1.35599658e-02]",010,LW
1110,0,0.1357364108605529,0,"[  1.90818113   0.08809177   9.79616255 -16.69285248  -0.72527214
  -0.75210705]","[-6.53761851e-01  1.86740921e-02 -6.57953628e+01 -4.10144982e+01
 -4.67746596e-01  9.94546800e-01]","[-1.81402466e+00  1.72940181e-02 -8.87762528e+01 -1.59042311e+02
 -1.15584123e+00  5.41291650e-01]","[ 1.01937645e+01  1.87195202e-02  2.94898340e+01 -2.98612424e+02
 -1.34798507e+00 -3.66718356e-01]","[-5.67619442e-01  2.44331240e-03 -3.33711279e+02 -1.87421010e+02
 -8.38551589e-01 -6.75418690e-01]","[ 1.41809493e-01  2.65434649e-03  5.88301789e+02 -8.14267786e+01
 -1.23717866e+00  3.75798708e-01]","[ 2.57653484e-01  3.12583472e-02 -5.05251401e+01  1.50179784e+01
 -1.31001519e+00 -1.16517876e-01]","[ 1.02550934e-01  1.84418896e-02  8.57243174e+01 -6.79110881e+00
 -1.31560996e+00 -3.77009412e-02]",010,LW
1111,0,0.1272558755146773,0,"[  1.89823642   0.10821765 -10.47073931  21.87593867  -0.42941707
  -0.98678934]","[-6.56402436e-01  1.34291288e-02  4.95663182e+01  3.45354520e+01
 -1.00728080e+00  6.03872997e-01]","[-1.82174574e+00  1.03735016e-02 -1.31513186e+02 -2.37583586e+02
 -6.79455450e-01  9.14574909e-01]","[ 1.01860468e+01  3.38888992e-02 -3.60201646e+01  3.68903081e+02
 -3.46763763e-01 -1.08468419e+00]","[-5.69423306e-01  5.03514860e-03 -2.90493548e+02 -1.63413796e+02
 -8.52869687e-01 -8.14923790e-01]","[ 1.43627983e-01  3.25815746e-03  4.82922416e+02 -6.73611723e+01
 -1.28701452e+00  2.39787730e-01]","[ 2.37559990e-01  3.31480803e-02 -4.76848955e+01  1.33280233e+01
 -1.31416989e+00 -5.84206764e-02]","[ 1.13837464e-01  1.76844256e-02  8.93488574e+01 -8.17124738e+00
 -1.31038967e+00 -8.91708713e-02]",010,LW
1112,0,0.1194888511102855,0,[ 1.80979152  0.21667785 -6.85491787 14.40597223 -0.91474804 -0.76371751],"[-6.46287793e-01  2.89608308e-02  4.94618874e+01  3.39666140e+01
 -7.46637274e-01  8.89324903e-01]","[-1.82415011e+00  6.01085243e-03  1.97159417e+01  3.79648373e+01
 -1.67968978e+00  2.69293327e-01]","[ 1.01565262e+01  6.85877204e-02 -2.15960267e+01  2.21340610e+02
 -8.72065210e-01 -7.91860904e-01]","[-5.73336106e-01  8.03600226e-03 -1.91663949e+02 -1.07887862e+02
 -1.11663331e+00 -5.39569343e-01]","[ 1.45790674e-01  3.71303895e-03  4.25022256e+02 -5.99642809e+01
 -1.30471557e+00  1.50953468e-01]","[ 2.16577357e-01  3.39519525e-02 -4.65686190e+01  1.20857084e+01
 -1.31360888e+00 -1.16315872e-02]","[ 1.24481169e-01  1.63765329e-02  9.63872178e+01 -9.99839352e+00
 -1.30102734e+00 -1.42689397e-01]",010,LW
1113,0,0.1145540552373549,0,[ 1.64418222  0.33253521 -4.64772113  9.64170045 -1.15011787 -0.50322902],[-0.62337455  0.04810871 31.83802683 21.84701563 -1.08717821  0.58436233],"[-1.82052568e+00  1.23919755e-02  1.10133561e+02  2.02500977e+02
 -5.94691213e-01  9.75867248e-01]","[ 1.01029086e+01  1.07575579e-01 -1.43134072e+01  1.46607044e+02
 -1.11717362e+00 -5.41888023e-01]","[-5.79265219e-01  1.10692997e-02 -1.40898627e+02 -7.96176740e+01
 -1.19408011e+00 -4.03500351e-01]","[ 1.48201679e-01  4.02182292e-03  3.92885655e+02 -5.62263138e+01
 -1.31159858e+00  8.74315883e-02]","[ 1.95358421e-01  3.37853972e-02 -4.67959960e+01  1.11419919e+01
 -1.31133177e+00  2.77433215e-02]","[ 1.34164550e-01  1.46101290e-02  1.07862745e+02 -1.24713567e+01
 -1.28634366e+00 -2.01095079e-01]",010,LW
1114,0,0.107021085474404,0,[ 1.40566571  0.44189184 -3.54115504  6.9776802  -1.23744253 -0.34903117],[-0.58804308  0.0669755  23.27711913 15.6879488  -1.20804412  0.40434072],"[-1.81064147e+00  2.17443529e-02  6.99256288e+01  1.28610243e+02
 -1.05703036e+00  6.31127055e-01]","[ 10.02482552   0.14598232 -10.69881762 109.25377994  -1.22492301
  -0.37777594]","[-5.87203584e-01  1.42097060e-02 -1.10265762e+02 -6.27484509e+01
 -1.22405179e+00 -3.32940961e-01]","[ 1.50765906e-01  4.18871956e-03  3.77429841e+02 -5.49035517e+01
 -1.31548789e+00  3.46816449e-02]","[ 1.74500258e-01  3.27570237e-02 -4.82515995e+01  1.04199166e+01
 -1.30880341e+00  6.51273781e-02]","[ 1.42633360e-01  1.24975193e-02  1.25764028e+02 -1.59381458e+01
 -1.26359155e+00 -2.68528578e-01]",010,LW
1115,0,0.0493622798247399,0,[ 1.10123419  0.53892526 -2.91896941  5.21446892 -1.27666335 -0.24713168],[-0.54113136  0.08436114 18.61194431 12.07150675 -1.26141338  0.28872447],"[-1.79481252e+00  3.05896863e-02  5.09595639e+01  9.34628630e+01
 -1.22620121e+00  3.99496783e-01]",[ 9.92400653  0.18007067 -8.73148699 88.65133384 -1.27902357 -0.25767668],"[-5.97220134e-01  1.75476521e-02 -8.94902739e+01 -5.14453934e+01
 -1.24052901e+00 -2.90640662e-01]","[ 1.53387382e-01  4.20879464e-03  3.75653070e+02 -5.56204411e+01
 -1.31819421e+00 -1.87052964e-02]","[ 1.54557116e-01  3.09158315e-02 -5.10948236e+01  9.89706858e+00
 -1.30556721e+00  1.07288466e-01]","[ 1.49706952e-01  1.01634793e-02  1.53966378e+02 -2.10498372e+01
 -1.22698631e+00 -3.51714674e-01]",010,LW
1116,0,0.290308368914517,0,[ 0.22574943  1.66425673 -0.81731221  2.18450777 -0.04922452 -1.27612626],[-0.39815676  0.2745044   4.92466771  3.96078974 -0.0278056   1.29334481],[-1.75306997  0.07912619 17.80413565 33.21189552 -0.21347659  1.15713984],[ 9.6865894   0.43867876 -3.22237458 33.21381947 -0.22259068 -1.14349543],"[ -0.63519054   0.07502336 -17.34352539  -9.01644323   0.0877968
  -1.37996474]","[ 1.56282591e-01  4.58200251e-03  3.43937977e+02 -5.17515184e+01
 -1.16510105e+00  1.73067599e-01]","[ 1.33196682e-01  3.28648701e-02 -4.79082591e+01  8.38122116e+00
 -1.12347199e+00 -1.72062588e-01]","[ 1.53699112e-01  6.37183694e-03  1.98317927e+02 -2.84812894e+01
 -8.60017933e-01 -5.35869295e-01]",010,LW
1117,0,0.290308368914517,0,[-0.65404507  1.97369148 -0.74535698  1.51250294 -1.78596462 -0.35438761],[-0.25379208  0.32665445  4.49534743  3.14088359 -1.78883699  0.35780667],[-1.71442844  0.08685853 16.97655783 31.1050936  -1.76823071  0.29150901],[ 9.46578713  0.4857846  -3.04560829 30.82907972 -1.77321719 -0.29585158],"[ -0.67525791   0.09297934 -15.64608458  -8.56514245  -1.78519803
  -0.39228709]","[ 1.58136508e-01  3.50962890e-03  3.96236531e+02 -6.06594612e+01
 -1.15743382e+00 -1.44528831e-01]","[ 1.17864135e-01  2.65977566e-02 -5.59667411e+01  8.59647150e+00
 -1.38346859e+00  1.88964455e-01]","[ 1.55377288e-01  3.79285848e-03  1.67763621e+01 -6.06665632e-01
 -1.08969196e+00  3.83889906e-01]",010,LW
1118,0,0.290308368914517,0,[-1.50964347  1.91755451 -0.75491987  0.86034016 -1.78253759  0.40441663],[-0.11301544  0.31767423  4.54945137  2.51415823 -1.78508598 -0.40525133],[-1.68137037  0.07687858 17.48850525 31.40465458 -1.72729264 -0.43529171],[ 9.27216216  0.43788636 -3.15250719 31.23055786 -1.74708355  0.44454949],"[ -0.71640723   0.09411959 -15.56190872  -9.14866391  -1.78875305
   0.36892068]","[ 1.58742581e-01  2.64719701e-03  7.13671971e+01 -9.32901309e+00
 -1.19894109e+00  3.87202356e-01]","[ 1.08709117e-01  1.78686741e-02 -5.76101859e+01  8.26275243e+00
 -1.10498611e+00  3.23520552e-01]","[ 1.55079499e-01  4.22926476e-03 -3.15141273e+02  5.08719507e+01
 -1.08319584e+00  1.22044868e-01]",010,LW
1119,0,0.290308368914517,0,[-2.31402863  1.51476678 -0.83525232  0.06720222  0.14495928  1.4238699 ],[ 0.01943229  0.25074974  5.01797227  1.9024893   0.15463289 -1.43101505],"[-1.65588209e+00  5.48110555e-02  1.54297161e+01  2.75497906e+01
 -7.95226746e-04 -1.32222580e+00]",[ 9.1141315   0.3172696  -3.14215933 30.63805333  0.18861004  1.45632164],"[-7.57504038e-01  7.79152208e-02 -1.71211360e+01 -1.09693296e+01
  1.52577302e-02  1.32696579e+00]","[ 1.57903146e-01  4.00743884e-03 -3.04588066e+02  5.00954138e+01
 -8.56321054e-01 -4.78300113e-01]","[ 1.05608809e-01  1.30606037e-02  3.27636390e+01 -1.46012891e+00
 -1.45276386e+00 -2.88213007e-01]","[ 1.53209558e-01  5.19788445e-03 -2.99002060e+02  4.78099735e+01
 -1.01215347e+00  4.65072638e-01]",010,LW
1120,0,0.290308368914517,0,"[ -3.0428429    0.25466167  -5.96505068 -16.15071211  -1.02910201
   0.64741153]",[ 0.13929103  0.03963792 38.04291918 -3.29903743 -0.98067071 -0.69558684],"[-1.63931220e+00  2.04427065e-02 -7.58280618e+01 -1.22305867e+02
 -1.21919860e+00 -4.52642155e-01]","[ 8.99739007e+00  6.44717208e-02  2.33439163e+01 -2.08034321e+02
 -1.06496590e+00  6.55899580e-01]","[-7.97333813e-01  2.14232802e-02 -7.29721408e+01 -5.61831553e+01
 -1.22725269e+00  3.65069767e-01]","[ 1.55432853e-01  6.47468380e-03 -2.41549999e+02  3.95448054e+01
 -1.21215427e+00 -3.63296962e-01]","[ 1.08166132e-01  1.66207145e-02  9.50190612e+01 -8.27784435e+00
 -1.33005018e+00  1.11243360e-01]","[ 1.50214863e-01  3.81552029e-03 -4.12010232e+02  6.38900605e+01
 -1.29955053e+00  2.54572485e-01]",010,LW
1121,0,0.290308368914517,0,"[ -3.16081807   0.14469266  -9.5874432  -28.30416371  -0.61762484
   0.96736531]","[ 1.57188944e-01  2.14831353e-02  6.23423408e+01 -7.79952670e+00
 -5.14601238e-01 -1.01937854e+00]","[-1.65314497e+00  2.56286949e-02 -6.13934992e+01 -9.94923545e+01
 -1.31266194e+00 -2.31546057e-01]","[ 9.04231067e+00  8.96882701e-02  1.74417119e+01 -1.55713378e+02
 -1.28557978e+00  3.35974036e-01]","[-8.08892588e-01  1.59894875e-02 -9.66002500e+01 -7.61392262e+01
 -1.13814575e+00  5.12290791e-01]","[ 1.50845753e-01  8.11068868e-03 -1.93470273e+02  3.11841690e+01
 -1.23820602e+00 -3.04872783e-01]","[ 1.18595479e-01  1.72673917e-02  9.15589186e+01 -8.85847378e+00
 -1.33328180e+00  1.40623862e-03]","[ 1.48147756e-01  3.01983548e-03 -5.13473061e+02  7.80698819e+01
 -1.20589775e+00  4.56058799e-01]",010,LW
1122,0,0.290308368914517,0,"[ -3.206922     0.06658874  -4.90705714 -13.73654949  -1.49776885
   0.36599666]",[ 0.16327302  0.01040968 -2.31672925  2.37825938 -1.72301745 -0.24957139],"[-1.66969498e+00  2.85423287e-02 -5.53522384e+01 -9.04213545e+01
 -1.33198614e+00 -8.93248027e-02]","[ 9.10112104e+00  1.05228990e-01  1.49961484e+01 -1.34481762e+02
 -1.33343751e+00  1.43468757e-01]","[-8.16947841e-01  1.04492416e-02 -1.42921842e+02 -1.14759691e+02
 -9.25556283e-01  7.48008952e-01]","[ 1.45201923e-01  9.81213073e-03 -1.60251695e+02  2.52688543e+01
 -1.25559230e+00 -2.61164053e-01]","[ 1.29115693e-01  1.67776337e-02  9.41670890e+01 -1.01584489e+01
 -1.32234699e+00 -9.28787664e-02]","[ 1.46683857e-01  1.99000268e-03 -7.37452682e+02  1.10172403e+02
 -9.05743644e-01  7.82520484e-01]",010,LW
1123,0,0.2587758126840104,0,[-3.18512879  0.10777056 12.31064953 41.2110042  -0.59292596  0.95497484],"[ 1.58477943e-01  1.89023781e-02 -7.33522450e+01  1.36247129e+01
 -7.02401157e-01 -9.07762512e-01]","[-1.68760214e+00  2.94272750e-02 -5.37272504e+01 -8.86702229e+01
 -1.32503111e+00  5.71760717e-03]","[ 9.16761452e+00  1.11499978e-01  1.41787980e+01 -1.27985755e+02
 -1.33138846e+00  2.15403585e-02]","[-8.21482509e-01  5.35813589e-03 -2.34472862e+02 -1.90615355e+02
 -4.09688413e-01  1.05382966e+00]","[ 1.38474157e-01  1.15499272e-02 -1.36338227e+02  2.08793210e+01
 -1.26888730e+00 -2.24672267e-01]","[ 1.39086180e-01  1.53690761e-02  1.02605422e+02 -1.22709963e+01
 -1.30014371e+00 -1.77915773e-01]","[ 1.45978035e-01  9.92611182e-04 -8.25186509e+02  1.22459106e+02
 -8.32456152e-01  6.76190222e-01]",010,LW
1124,0,0.2587758126840104,0,[-3.10179195  0.18942789  8.04244419 26.94598862 -1.08236458  0.61070477],"[ 1.44071482e-01  3.16261244e-02 -4.85117944e+01  8.98916614e+00
 -1.12672169e+00 -5.58007004e-01]","[-1.70578865e+00  2.88678013e-02 -5.47539760e+01 -9.13987108e+01
 -1.30884800e+00  6.21984851e-02]","[ 9.23674531e+00  1.10929719e-01  1.42503979e+01 -1.29627296e+02
 -1.31328974e+00 -4.95512582e-02]","[-8.22664626e-01  3.05635074e-03  1.56359751e+02  1.30631636e+02
 -1.39310238e+00  3.78840805e-01]","[ 1.30657690e-01  1.32784093e-02 -1.18723203e+02  1.75120995e+01
 -1.27960435e+00 -1.91680727e-01]","[ 1.48047861e-01  1.33668163e-02  1.17680143e+02 -1.54222934e+01
 -1.26808101e+00 -2.50515883e-01]","[ 1.46137538e-01  1.31373844e-03  8.74126148e+02 -1.25742643e+02
 -4.14088297e-01  1.00428061e+00]",010,LW
1125,0,0.2587758126840104,0,[-2.96491491  0.26398961  5.91303771 19.53165369 -1.23263585  0.38166349],"[  0.12148807   0.0428582  -36.50036916   6.43435923  -1.24641369
  -0.35025109]","[-1.72359563e+00  2.76328581e-02 -5.71915332e+01 -9.65750765e+01
 -1.29289407e+00  7.84753807e-02]","[ 9.30533996e+00  1.07001707e-01  1.47708675e+01 -1.35447943e+02
 -1.29385822e+00 -7.08302661e-02]","[-8.20806606e-01  6.00240645e-03  2.39872399e+02  1.98888850e+02
 -8.31359060e-01  8.34050977e-01]","[ 1.21778521e-01  1.49394001e-02 -1.05616614e+02  1.48618350e+01
 -1.28822456e+00 -1.60680814e-01]","[ 1.55783464e-01  1.11867959e-02  1.40368356e+02 -1.98670687e+01
 -1.23393780e+00 -2.92686352e-01]","[ 1.47209432e-01  2.60894941e-03  5.69832154e+02 -8.18846675e+01
 -9.27842480e-01  7.55747007e-01]",010,LW
1126,0,0.2567968215780581,0,[-2.78359097  0.32529569  4.83571328 15.46064784 -1.28455822  0.24606155],"[  0.09221645   0.05199704 -30.27419267   4.79177848  -1.28718622
  -0.2291041 ]","[-1.74083043e+00  2.65136120e-02 -5.96209733e+01 -1.01790005e+02
 -1.28227361e+00  5.22539374e-02]","[ 9.37238399e+00  1.03429812e-01  1.52846963e+01 -1.41254043e+02
 -1.28022755e+00 -4.00446405e-02]","[-8.16303456e-01  9.51279021e-03  1.62329245e+02  1.34509923e+02
 -1.16619240e+00  5.02388400e-01]","[ 1.11899926e-01  1.64687138e-02 -9.58757253e+01  1.27284866e+01
 -1.29510955e+00 -1.31020262e-01]","[ 1.62349057e-01  9.29767255e-03  1.69113518e+02 -2.54554203e+01
 -1.21609257e+00 -2.65405067e-01]","[ 1.49168416e-01  3.93665783e-03  3.93410049e+02 -5.66843537e+01
 -1.18053302e+00  4.76127938e-01]",010,LW
1127,0,0.2511223349123789,0,[-2.56767901  0.37136325  4.24929126 12.91081597 -1.3069869   0.15265053],"[  0.05775791   0.05891826 -26.78808688   3.54722397  -1.30550683
  -0.14629548]","[-1.75772046e+00  2.61603762e-02 -6.04370867e+01 -1.04231504e+02
 -1.27663457e+00 -8.11797597e-03]","[ 9.43883417e+00  1.03318134e-01  1.53014817e+01 -1.42428149e+02
 -1.27209539e+00  3.11442689e-02]","[-8.09559692e-01  1.25712465e-02  1.24639171e+02  1.02902849e+02
 -1.25098347e+00  3.25773712e-01]","[ 1.01125968e-01  1.78008205e-02 -8.87490433e+01  1.09748329e+01
 -1.30062408e+00 -1.02100801e-01]","[ 1.68065168e-01  8.15575049e-03  1.93575970e+02 -3.05333781e+01
 -1.22294668e+00 -1.23400037e-01]","[ 1.51908726e-01  5.06189104e-03  3.10048291e+02 -4.50990410e+01
 -1.28091837e+00  2.90846570e-01]",010,LW
1128,2,0.327201727393874,1,[-2.32761767  0.40093311  3.94150716 11.17432173 -1.31753116  0.07825885],"[ 1.96368783e-02  6.34947565e-02 -2.48882516e+01  2.48872757e+00
 -1.31540346e+00 -7.93026161e-02]","[-1.77479099e+00  2.69502254e-02 -5.86381558e+01 -1.02070470e+02
 -1.27316044e+00 -7.87229197e-02]","[ 9.50702667e+00  1.08413422e-01  1.45699919e+01 -1.36517301e+02
 -1.26696944e+00  1.09803618e-01]","[-8.00928065e-01  1.51906591e-02  1.03615514e+02  8.49885735e+01
 -1.27462542e+00  2.34703913e-01]","[ 8.96021862e-02  1.88708560e-02 -8.37507279e+01  9.50424831e+00
 -1.30500629e+00 -7.31809621e-02]","[ 1.73459435e-01  8.10094978e-03  1.94945506e+02 -3.18151373e+01
 -1.22065099e+00  1.01416293e-01]","[ 1.55245127e-01  5.83953337e-03  2.70225479e+02 -3.99511888e+01
 -1.32554340e+00  1.47778579e-01]",010,LW
1129,2,0.327201727393874,1,[-2.07421608  0.4132166   3.82622191  9.93641103 -1.32079332  0.01239538],"[-2.05740647e-02  6.55596500e-02 -2.41161045e+01  1.50383371e+00
 -1.31980079e+00 -1.76010953e-02]","[-1.79270224e+00  2.89340453e-02 -5.45696624e+01 -9.58271562e+01
 -1.27210502e+00 -1.32930760e-01]","[ 9.57985889e+00  1.18761379e-01  1.32857962e+01 -1.25276053e+02
 -1.26693340e+00  1.62402619e-01]","[-7.90683314e-01  1.74962502e-02  9.01219638e+01  7.32579330e+01
 -1.28391134e+00  1.84228230e-01]","[ 7.75146550e-02  1.96157093e-02 -8.05928732e+01  8.24712877e+00
 -1.30834073e+00 -4.34197824e-02]","[ 1.79164476e-01  9.21592825e-03  1.70552085e+02 -2.85568751e+01
 -1.20186233e+00  2.73747127e-01]","[ 1.58926229e-01  6.16979188e-03  2.56222521e+02 -3.87204789e+01
 -1.34086129e+00  2.14794216e-02]",010,LW
1130,0,0.3666761503741538,0,[-1.65964772  0.70218473  2.11343157  5.50755187 -0.51098923  0.8806914 ],"[ -0.08521184   0.109202   -13.63938563   0.83776279  -0.53979115
  -0.85589586]","[ -1.85199812   0.11497782 -11.35403909 -19.02765911   0.08158355
  -1.373824  ]","[  9.82905433   0.48572774   2.68074973 -24.34923471   0.08767294
   1.37873414]",[-0.76258001  0.05294743 25.68958257 21.59036219 -0.04757606  1.27608646],"[  0.05326135   0.04297438 -33.11184594   3.76358155  -0.24582949
  -1.11269174]",[ 0.2051489   0.05260468 23.88634521 -2.90025735  0.1608874   1.43423481],"[ 1.62104984e-01  5.25168787e-03  2.93835421e+02 -4.56321863e+01
 -1.37242336e+00 -3.61607657e-01]",010,LW
1131,0,0.3666761503741538,0,[-1.29620037  0.73090295  2.0565986   4.66576388 -1.72586182  0.21631045],"[ -0.14172816   0.11301279 -13.32163653   0.11194895  -1.71956144
  -0.20506719]","[ -1.91277386   0.14078773 -10.31259284 -17.72565803  -1.79380019
  -0.38841086]","[ 10.087446     0.59873568   2.42582065 -22.47033476  -1.78966535
   0.39169363]",[-0.73598571  0.06073148 24.03691113 19.69082306 -1.79906406  0.34532976],"[ 3.08801801e-02  4.77983014e-02 -3.10473580e+01  2.95874801e+00
 -1.77274430e+00 -3.02108060e-01]",[ 0.23247747  0.06567669 21.88240314 -3.08716576 -1.79970144  0.40274056],"[ 1.64038960e-01  3.35512510e-03  3.45024318e+02 -5.45974304e+01
 -8.75865013e-01 -6.68879286e-01]",010,LW
1132,0,0.3666761503741538,0,[-0.99100336  0.63612871  2.19052921  4.1708218  -1.69821727 -0.46935163],"[ -0.18928864   0.09806443 -14.24318583  -0.69607334  -1.68880269
   0.47423435]","[ -1.97394431   0.1411278  -10.30229811 -18.33616273  -1.79660159
   0.38184194]","[ 10.35170929   0.60568887   2.41363588 -22.98525695  -1.7915909
  -0.37110812]",[-0.71198364  0.05660129 24.52176904 19.4590984  -1.78890201 -0.4277102 ],"[ 1.07858911e-02  4.40720918e-02 -3.21338464e+01  2.34659217e+00
 -1.76253997e+00  4.38165000e-01]",[ 0.26069265  0.06677144 21.74706415 -3.66929983 -1.80282047 -0.37664869],"[ 1.64686068e-01  2.23251757e-03 -1.93183379e+02  3.38146111e+01
 -1.64798247e+00  1.55981847e-02]",010,LW
1133,0,0.3592946693303571,0,[-0.74825145  0.45011929  2.32098406  3.73667968  0.22699731 -1.48330905],"[ -0.22757728   0.06934511 -15.42745681  -1.51093873   0.24042149
   1.49293312]","[ -2.03406115   0.11547692 -11.28217669 -20.94863729   0.08205341
   1.37704211]","[ 1.06173568e+01  5.03498693e-01  2.65125088e+00 -2.61492766e+01
  1.68379571e-02 -1.32559342e+00]",[-0.69162246  0.04241876 24.4946411  18.94104383  0.21591807 -1.47573683],"[-6.68547151e-03  3.30483706e-02 -3.48703468e+01  1.76687529e+00
  2.42742249e-01  1.49469548e+00]",[ 0.28916959  0.05537261 23.64924899 -4.83864365  0.0703614  -1.36750255],"[ 1.64119381e-01  3.01190924e-03 -5.03693402e+02  8.46658491e+01
 -1.45591832e+00 -2.84443263e-01]",010,LW
1134,0,0.3373183664498543,0,"[ -0.56917322   0.05731379 -26.26437145 -12.94897687  -1.02168613
  -0.67911926]","[-2.56784649e-01  4.98887411e-03  3.09696057e+02  8.15251934e+01
 -1.26657918e+00  4.49834745e-01]","[-2.09143112e+00  2.58368964e-02 -5.99902175e+01 -1.23465408e+02
 -1.18176855e+00  4.69083797e-01]","[  10.87922048    0.14484123   10.87406223 -116.30132048   -1.28049308
   -0.2173834 ]","[-6.75876302e-01  7.86754806e-03 -1.79265705e+02 -1.19161442e+02
 -7.05203870e-01 -9.15020027e-01]","[-2.12920621e-02  1.30171169e-03 -4.46256022e+02 -7.50171096e+00
 -1.08352865e+00  5.82724452e-01]","[ 3.17190521e-01  1.34167836e-02  1.16728392e+02 -3.50251395e+01
 -1.22795743e+00 -3.39398481e-01]","[ 1.62518962e-01  3.38754395e-03 -4.63625461e+02  7.73479289e+01
 -1.29935436e+00  2.72192697e-01]",010,LW
1135,0,0.3097118585313121,0,"[ -0.61086844   0.08247295 -18.88461986  -9.5360183   -1.2249852
  -0.40887347]","[-2.53593708e-01  6.05810605e-03  2.60453543e+02  6.80493798e+01
 -1.37139892e+00  1.26106357e-01]","[-2.10436208e+00  1.72474452e-02 -8.65173278e+01 -1.80063784e+02
 -9.49476035e-01  7.37251540e-01]","[ 1.09629296e+01  1.22715767e-01  1.28006667e+01 -1.38332808e+02
 -1.25548896e+00 -2.81591667e-01]","[-6.82043707e-01  1.32005965e-02 -1.15951509e+02 -7.70839968e+01
 -1.09640986e+00 -5.83952367e-01]","[-2.10719151e-02  1.73243713e-03  7.37020924e+02  1.75304423e+01
 -5.82395154e-01  9.31887144e-01]","[ 3.24669778e-01  1.04175575e-02  1.49581720e+02 -4.65646639e+01
 -1.18031815e+00 -4.17706950e-01]","[ 1.60707718e-01  2.63447543e-03 -5.86187752e+02  9.62048957e+01
 -1.18070675e+00  4.96505841e-01]",010,LW
1136,0,0.2741359046522414,0,"[ -0.66740547   0.10250507 -15.34360863  -8.24040835  -1.29113712
  -0.2474072 ]","[-2.49923969e-01  6.19214626e-03  2.55134499e+02  6.57642265e+01
 -1.35194791e+00 -7.96430514e-02]","[-2.11153220e+00  8.82586462e-03 -1.33827942e+02 -2.80582009e+02
 -4.22053982e-01  1.01012439e+00]","[ 1.10325230e+01  9.93728988e-02  1.57490042e+01 -1.71751250e+02
 -1.22020515e+00 -3.51691791e-01]","[-6.91588706e-01  1.81706997e-02 -8.59326946e+01 -5.74300811e+01
 -1.23265443e+00 -3.78217216e-01]","[-1.97826396e-02  3.04338247e-03  5.00972339e+02  1.19105552e+01
 -1.11359059e+00  5.92260341e-01]","[ 3.30348265e-01  7.62676128e-03  2.02850894e+02 -6.50114410e+01
 -1.11725209e+00 -5.06572284e-01]","[ 1.59457408e-01  1.67534267e-03 -8.60542395e+02  1.39219860e+02
 -8.21948828e-01  8.41985062e-01]",010,LW
1137,0,0.35960502087614,0,"[ -0.73499475   0.11653475 -13.54553399  -7.95589632  -1.31437559
  -0.13835192]","[-2.46293362e-01  5.66582215e-03  2.77962438e+02  7.04603033e+01
 -1.29477281e+00 -2.16298763e-01]","[-2.11279562e+00  6.30070496e-03  1.18187847e+02  2.51706765e+02
 -9.50527921e-01  6.07825522e-01]","[ 1.10878383e+01  7.65985504e-02  2.03321563e+01 -2.23439661e+02
 -1.17279259e+00 -4.26031988e-01]","[-7.04020633e-01  2.22677412e-02 -7.06584933e+01 -4.77450372e+01
 -1.29153658e+00 -2.39078476e-01]","[-1.76479627e-02  4.13203860e-03  3.78931435e+02  8.68736784e+00
 -1.27485397e+00  3.28218018e-01]","[ 3.34385467e-01  5.18912908e-03  2.94508835e+02 -9.64794743e+01
 -1.02202554e+00 -6.22177911e-01]","[ 1.58896281e-01  8.18513522e-04 -7.63199150e+02  1.23269506e+02
 -1.11558657e+00  5.30638344e-01]",010,LW
1138,0,0.35960502087614,0,"[ -0.80987225   0.12464128 -12.68121671  -8.27016547  -1.31847722
  -0.06055313]","[-2.42966559e-01  4.89415116e-03  3.21395681e+02  8.00884028e+01
 -1.23430569e+00 -2.55457096e-01]","[-2.10846234e+00  1.25882057e-02  1.16087945e+02  2.46767060e+02
 -8.96618636e-01  7.90963427e-01]","[ 1.11298783e+01  5.61941297e-02  2.75730660e+01 -3.04884869e+02
 -1.11576816e+00 -4.93654893e-01]","[-7.18630717e-01  2.51112559e-02 -6.28740088e+01 -4.31831941e+01
 -1.32078220e+00 -1.27806316e-01]","[-1.49105052e-02  4.86151179e-03  3.24446767e+02  6.83766522e+00
 -1.32260100e+00  1.63883658e-01]","[ 3.37008943e-01  3.17153957e-03  4.68786289e+02 -1.55985172e+02
 -8.41275003e-01 -7.99240365e-01]","[ 1.59092191e-01  1.20492142e-03  1.02226755e+03 -1.60634785e+02
 -4.63895010e-01  1.00046310e+00]",010,LW
1139,0,0.35960502087614,0,"[-8.88767610e-01  1.27885868e-01 -1.23634084e+01 -8.98819698e+00
 -1.31186227e+00 -1.02148323e-02]","[-2.39890494e-01  4.42811684e-03  3.56591372e+02  8.75428805e+01
 -1.19257403e+00 -7.46971977e-02]","[-2.09928326e+00  1.90867533e-02  8.12731775e+01  1.72615421e+02
 -1.21851248e+00  4.47549272e-01]","[ 1.11608449e+01  3.99314863e-02  3.87756320e+01 -4.30768814e+02
 -1.07412862e+00 -5.09813311e-01]","[-7.34525422e-01  2.64064966e-02 -5.98675836e+01 -4.19742621e+01
 -1.33267678e+00 -2.64923002e-02]","[-1.18230913e-02  5.20155374e-03  3.03895097e+02  5.59297946e+00
 -1.33630727e+00  4.04050530e-02]","[ 3.38474649e-01  1.60212546e-03  8.41375244e+02 -2.82784191e+02
 -4.30481818e-01 -1.07953913e+00]","[ 1.60053084e-01  2.27329816e-03  6.61355231e+02 -1.03851944e+02
 -9.98459177e-01  6.94793923e-01]",010,LW
1140,0,0.35960502087614,0,"[-9.69430245e-01  1.28323337e-01 -1.23214474e+01 -9.94478381e+00
 -1.30023878e+00  8.36476811e-03]","[-2.36650404e-01  4.97879668e-03  3.14320712e+02  7.63841235e+01
 -1.07466490e+00  3.48840078e-01]","[-2.08638624e+00  2.38214406e-02  6.60561246e+01  1.39818590e+02
 -1.31598756e+00  2.28859326e-01]","[ 1.11841144e+01  2.97011323e-02  5.27363936e+01 -5.87809858e+02
 -1.10563221e+00 -3.36997704e-01]","[-7.50693384e-01  2.60025188e-02 -6.07738683e+01 -4.36225408e+01
 -1.32932065e+00  7.36306241e-02]","[-8.64072138e-03  5.14834259e-03  3.06944881e+02  4.65222519e+00
 -1.33338859e+00 -7.22279617e-02]","[ 3.39040574e-01  6.25620146e-04  6.07192419e+02 -2.03862866e+02
 -1.31307095e+00 -4.80488861e-01]","[ 1.61733865e-01  3.32122805e-03  4.67958218e+02 -7.36846915e+01
 -1.20198921e+00  4.37729720e-01]",010,LW
1141,0,0.35960502087614,0,"[-1.05103482e+00  1.28700290e-01 -1.22852150e+01 -1.09121888e+01
 -1.28847140e+00 -8.81438315e-03]","[-2.32473612e-01  7.20567027e-03  2.12620444e+02  5.14286426e+01
 -9.40133489e-01  6.28037195e-01]","[-2.07118196e+00  2.62303367e-02  6.02433451e+01  1.26774930e+02
 -1.34646042e+00  6.61799594e-02]","[ 1.12041526e+01  2.78511976e-02  5.65499312e+01 -6.31594060e+02
 -1.11745226e+00  1.52990964e-01]","[-7.66104972e-01  2.39529075e-02 -6.58297364e+01 -4.84324883e+01
 -1.30932933e+00  1.78135387e-01]","[-5.61256812e-03  4.71497698e-03  3.34214532e+02  3.87580183e+00
 -1.31270834e+00 -1.95331545e-01]","[ 3.38957492e-01  7.80537176e-04 -1.76174407e+03  5.99156352e+02
 -8.76347787e-01 -7.70060678e-01]","[ 1.64048465e-01  4.22223207e-03  3.71906066e+02 -5.90106194e+01
 -1.27192365e+00  2.84117800e-01]",010,LW
1142,0,0.35960502087614,0,"[ -1.13430702   0.13179274 -11.99392077 -11.60478852  -1.2789069
  -0.05552679]","[-2.26299909e-01  1.14304769e-02  1.33298196e+02  3.21653696e+01
 -9.49192856e-01  6.63779420e-01]","[-2.05525476e+00  2.60835744e-02  6.05689200e+01  1.26484561e+02
 -1.34524589e+00 -8.30797891e-02]","[ 1.12263255e+01  3.62266420e-02  4.26460370e+01 -4.76758291e+02
 -1.00019610e+00  5.42292730e-01]","[-7.79830313e-01  2.05285699e-02 -7.64564039e+01 -5.76230214e+01
 -1.26824826e+00  2.93552985e-01]","[-2.97242839e-03  3.93514349e-03  3.97304931e+02  3.18096046e+00
 -1.25634237e+00 -3.54403404e-01]","[ 3.38469642e-01  1.14135367e-03 -1.36950889e+03  4.65537186e+02
 -1.38416808e+00 -2.93753970e-01]","[ 1.66884727e-01  4.93557717e-03  3.19446645e+02 -5.13107662e+01
 -1.29854122e+00  1.84075115e-01]",010,LW
1143,0,0.35960502087614,0,"[ -1.22128119   0.13957522 -11.31690604 -11.82112447  -1.27227835
  -0.11153718]","[-2.16921645e-01  1.76827883e-02  8.67363680e+01  2.08149956e+01
 -1.03137577e+00  5.97758612e-01]","[-2.04024827e+00  2.33795785e-02  6.72366949e+01  1.39179550e+02
 -1.30993479e+00 -2.51664380e-01]","[ 1.12565570e+01  5.47623917e-02  2.79638208e+01 -3.12776344e+02
 -9.87417212e-01  6.21097639e-01]","[-7.91149046e-01  1.61693163e-02 -9.62091840e+01 -7.41158041e+01
 -1.19398928e+00  4.31890864e-01]","[-9.26745187e-04  2.87370078e-03  5.31106044e+02  2.49219997e+00
 -1.09889129e+00 -5.95869749e-01]","[ 3.37815394e-01  1.20693562e-03 -1.30551790e+03  4.43024043e+02
 -1.42962496e+00  1.24158559e-01]","[ 1.70118655e-01  5.45200874e-03  2.89698075e+02 -4.72830468e+01
 -1.30901731e+00  1.13398970e-01]",010,LW
1144,2,1.0867117610170385,1,"[ -1.31470557   0.15258969 -10.34278353 -11.59771514  -1.27072046
  -0.15320149]","[-2.03179376e-01  2.56860290e-02  6.02471823e+01  1.42409849e+01
 -1.11975111e+00  5.03680769e-01]","[-2.02774893e+00  1.83571940e-02  8.41776115e+01  1.72691062e+02
 -1.19530025e+00 -4.85756086e-01]","[ 1.13008150e+01  8.25897834e-02  1.86248698e+01 -2.08476209e+02
 -1.05414401e+00  5.70673144e-01]","[-7.99624147e-01  1.14009560e-02 -1.33846654e+02 -1.05027017e+02
 -1.05086635e+00  6.18635357e-01]","[ 3.58929560e-04  1.66495058e-03  8.12539777e+02  1.70835546e+00
 -6.17700655e-01 -9.53299318e-01]","[ 3.37224033e-01  9.58897340e-04 -1.57427963e+03  5.32884925e+02
 -1.17935906e+00  5.82258023e-01]","[ 1.73625069e-01  5.77673912e-03  2.73624662e+02 -4.55081008e+01
 -1.31300193e+00  5.90958241e-02]",010,LW
1145,2,1.0867117610170385,1,"[ -1.41722439   0.1697962   -9.29117766 -11.16768355  -1.27634052
  -0.16763576]","[-1.84180775e-01  3.48268573e-02  4.47739255e+01  1.02464963e+01
 -1.19254306e+00  4.06565765e-01]","[-2.01916762e+00  1.16516014e-02  1.22584225e+02  2.49518097e+02
 -8.08749731e-01 -8.49794525e-01]","[ 1.13644464e+01  1.18138125e-01  1.31200134e+01 -1.47101688e+02
 -1.13171994e+00  4.86040715e-01]","[-8.05126022e-01  6.77298791e-03 -2.12629110e+02 -1.69193230e+02
 -7.24660066e-01  9.02201309e-01]","[ 7.72968127e-04  9.11131650e-04 -1.11618707e+02  2.08627770e+00
 -1.69788018e+00 -2.59393964e-01]","[ 3.36909251e-01  5.51985934e-04 -1.54579219e+03  5.22791690e+02
 -9.52409816e-01  5.50526962e-01]","[ 1.77284000e-01  5.92019807e-03  2.67066813e+02 -4.53466728e+01
 -1.31377677e+00  1.36057396e-02]",010,LW
1146,2,1.0867117610170385,1,"[ -1.53054316   0.18885783  -8.35602395 -10.7892553   -1.28804944
  -0.15465521]",[-0.15949829  0.04421399 35.46871486  7.65719947 -1.24704082  0.31353695],"[-2.01562602e+00  5.93815735e-03  6.95877213e+01  1.42262822e+02
 -1.45622000e+00 -3.55660109e-01]","[  11.45144667    0.15872073    9.83172624 -110.58748878   -1.19733968
    0.39628561]","[-8.07810216e-01  3.00886857e-03 -3.19809602e+02 -2.56345464e+02
 -4.23191518e-01  9.76063504e-01]","[ 2.67792988e-04  1.79862524e-03 -7.64413206e+02  2.20470450e+00
 -6.41093855e-01 -9.47483546e-01]","[ 3.37058746e-01  8.53151636e-04  1.29745076e+03 -4.35317128e+02
 -3.13765301e-01  1.07138002e+00]","[ 1.80984220e-01  5.89568035e-03  2.68166461e+02 -4.65338979e+01
 -1.31210990e+00 -2.70180133e-02]",010,LW
1147,2,1.0867117610170385,1,"[ -1.65478144   0.20664855  -7.64231597 -10.64636261  -1.30207338
  -0.12012689]",[-0.1293046   0.05279965 29.81918629  5.85575787 -1.28561437  0.22539436],"[-2.01786215e+00  1.02372849e-02 -1.24954434e+02 -2.50140823e+02
 -4.72458317e-01 -1.01939061e+00]","[ 11.56381171   0.20064744   7.81752767 -88.40041798  -1.24697945
   0.3097658 ]","[-8.08060802e-01  2.50095907e-03  4.29842470e+02  3.49338851e+02
 -6.80298896e-01  7.62267579e-01]","[-1.13504646e-03  3.08293150e-03 -4.95289379e+02  1.43782354e+00
 -1.09293012e+00 -5.96776053e-01]","[ 3.37819066e-01  1.83433117e-03  7.96026720e+02 -2.66913003e+02
 -7.93272686e-01  8.53379743e-01]","[ 1.84625608e-01  5.72101494e-03  2.76278641e+02 -4.90081122e+01
 -1.30824948e+00 -6.43457087e-02]",010,LW
1148,2,1.0867117610170385,1,"[ -1.78815181   0.2198615   -7.18842161 -10.85398909  -1.31420712
  -0.07048609]",[-0.09442125  0.05953057 26.51532725  4.50361045 -1.31098725  0.14074977],"[-2.02617072e+00  1.91205416e-02 -7.87474675e+01 -1.57555813e+02
 -9.96079975e-01 -6.92371606e-01]","[ 11.70113496   0.23975646   6.56612176 -74.83107686  -1.2815563
   0.22899115]","[-8.06412074e-01  4.42137584e-03  3.43764450e+02  2.79215804e+02
 -1.15565238e+00  5.79215253e-01]","[-3.34629833e-03  4.24212874e-03 -3.68280952e+02  7.67622067e-01
 -1.24567305e+00 -3.67324995e-01]","[ 3.39279196e-01  2.98179864e-03  5.14093167e+02 -1.72421116e+02
 -1.08723111e+00  5.80506234e-01]","[ 1.88120826e-01  5.41891662e-03  2.91547092e+02 -5.28460797e+01
 -1.30282379e+00 -9.93348877e-02]",010,LW
1149,2,1.0867117610170385,1,"[-1.92702261e+00  2.25646992e-01 -7.00679305e+00 -1.15022486e+01
 -1.32114252e+00 -1.06263040e-02]",[-0.05627401  0.06350224 24.89057406  3.40069232 -1.32503451  0.05731625],"[-2.04039068e+00  2.79733655e-02 -5.55254306e+01 -1.11293571e+02
 -1.19411180e+00 -4.46377643e-01]","[ 11.86056732   0.27215101   5.79816447 -66.76952001  -1.30326212
   0.15486278]","[-8.03461891e-01  5.82048147e-03  2.70047452e+02  2.18972837e+02
 -1.33600668e+00  2.42042597e-01]","[-6.21796807e-03  5.14014929e-03 -3.06362970e+02  9.50448337e-02
 -1.30338738e+00 -2.15662466e-01]","[ 3.41460995e-01  4.12472337e-03  3.78069349e+02 -1.27095936e+02
 -1.21635363e+00  3.98685253e-01]","[ 1.91395975e-01  5.01340548e-03  3.14922813e+02 -5.82749589e+01
 -1.29645834e+00 -1.34094162e-01]",010,LW
1150,2,1.0867117610170385,1,"[ -2.06633845   0.22215828  -7.11498098 -12.70195876  -1.32069623
   0.05654301]","[-1.67621009e-02  6.40907025e-02  2.46669083e+01  2.41346921e+00
 -1.32842773e+00 -2.80036847e-02]","[-2.05994577e+00  3.57279148e-02 -4.39327881e+01 -8.84991610e+01
 -1.26964652e+00 -2.92091423e-01]","[ 12.03715857   0.29487016   5.35860954 -62.50243273  -1.31476407
   0.0875218 ]","[-7.99789948e-01  6.41391748e-03  2.46419574e+02  1.99083898e+02
 -1.35221882e+00  3.99957134e-02]","[-9.56038031e-03  5.71141007e-03 -2.76570675e+02 -6.44120831e-01
 -1.32433794e+00 -1.02845417e-01]","[ 3.44324167e-01  5.14846146e-03  3.05208442e+02 -1.03090643e+02
 -1.27428164e+00  2.70676532e-01]","[ 1.94390200e-01  4.52510539e-03  3.48572427e+02 -6.57590639e+01
 -1.28859475e+00 -1.72385229e-01]",010,LW
1151,0,0.1667101717168937,0,"[ -2.23096163   0.25991089  -6.01641274 -11.42238597  -1.0210433
  -0.33396382]",[ 0.03021065  0.07474678 20.95375746  1.36697328 -1.04986965  0.30949166],"[ -2.09640817   0.06536822 -22.74045008 -45.67326543  -0.55853228
  -0.87949855]","[ 12.29459354   0.43195652   3.53425123 -41.45218239  -0.76934421
   0.65858437]","[-7.94728897e-01  8.32058433e-03  1.86514302e+02  1.50228305e+02
 -9.33177713e-01  4.60728544e-01]","[-1.44638939e-02  8.25165902e-03 -1.85615741e+02 -6.84726388e-01
 -8.03087833e-01 -6.26017452e-01]","[ 3.49820009e-01  9.86758448e-03  1.49297488e+02 -5.02272485e+01
 -4.85441793e-01  9.36779325e-01]","[ 1.97563204e-01  4.78841542e-03  3.28144930e+02 -6.28293637e+01
 -1.07225135e+00  2.02176777e-01]",010,LW
1152,0,0.199117738917227,0,"[-2.37457056e+00  2.47288873e-01 -6.28177011e+00 -1.29165064e+01
 -1.56613162e+00  7.10237023e-03]",[ 0.07053068  0.06953978 22.28257062  0.42839514 -1.55416331 -0.04906794],"[ -2.13575851   0.07714867 -19.91004379 -40.52304548  -1.63084113
  -0.2828387 ]","[ 12.54829963   0.4706049    3.28799692 -39.25877053  -1.6226499
   0.18817109]","[-7.89779145e-01  8.70830132e-03  1.79070481e+02  1.43426131e+02
 -1.56225570e+00  1.27179139e-01]","[-1.93080857e-02  8.92352804e-03 -1.73674851e+02 -1.35332891e+00
 -1.61383602e+00 -1.73518164e-01]","[ 3.56079560e-01  1.22875210e-02  1.24646688e+02 -4.23841376e+01
 -1.57448682e+00  3.54453300e-01]","[ 2.00192782e-01  4.34311086e-03  3.57894381e+02 -6.96478719e+01
 -1.52638959e+00 -6.61074944e-02]",010,LW
1153,0,0.2492628327881846,0,"[ -2.49206564   0.20307739  -7.26007816 -16.09259131  -1.50490722
   0.52759659]",[ 0.1019606   0.05456236 26.26229379 -0.67771912 -1.4490742  -0.58010816],"[ -2.1762954    0.07757997 -19.82604608 -41.14733283  -1.6308971
   0.26831432]","[ 12.7897112    0.44453847   3.43488523 -41.93119014  -1.61141121
  -0.34721126]","[-7.84902512e-01  8.45471690e-03  1.83730746e+02  1.46210724e+02
 -1.52884818e+00 -2.41156355e-01]","[-2.39524239e-02  8.44583463e-03 -1.81353822e+02 -2.34386364e+00
 -1.59656878e+00  3.36204834e-01]","[ 3.63149516e-01  1.35031059e-02  1.15374779e+02 -3.98982951e+01
 -1.56656774e+00 -9.66473295e-02]","[ 2.02254260e-01  3.45507941e-03  4.24809387e+02 -8.39195083e+01
 -1.46595260e+00 -5.53582672e-01]",010,LW
1154,0,0.2726284492290833,0,"[ -2.58017474   0.13567296  -9.22656892 -21.8061601    0.12147511
   1.41244902]",[ 0.12284997  0.03387136 29.97312251 -1.68219721  0.12297742 -1.40924362],"[ -2.2162926    0.06666693 -22.42051925 -47.69043082  -0.59694483
   0.84042605]","[ 13.0111244    0.35770609   4.07548725 -51.02667157  -0.4209478
  -0.99786066]","[-7.79853478e-01  7.97999742e-03  1.94108105e+02  1.53375881e+02
 -8.51991437e-01 -3.99175669e-01]","[-2.83329359e-02  6.98647958e-03 -2.12365231e+02 -4.01693046e+00
 -5.19733622e-01  8.87490382e-01]","[ 3.71158928e-01  1.36381073e-02  1.14331716e+02 -4.04352370e+01
 -9.52420230e-01 -3.45300852e-01]","[ 2.03743534e-01  2.25037172e-03  5.45707816e+02 -1.09184439e+02
  1.50964522e-01 -1.43190643e+00]",010,LW
1155,0,0.2776300892311861,0,"[-2.63772098e+00  2.19507678e-02 -2.92377167e+01 -7.51209388e+01
 -9.74790432e-01  6.37604234e-01]","[ 1.32265821e-01  1.34991707e-02 -9.25125165e+01  1.42362440e+01
 -5.03549855e-01 -9.78449528e-01]","[-2.25405888e+00  3.82225107e-02 -4.11700186e+01 -9.07996459e+01
 -1.28627688e+00  2.37399369e-01]","[  13.20582322    0.17184448    9.0996042  -118.16776453   -1.23056181
   -0.3604962 ]","[-7.74246876e-01  7.44526231e-03  2.09721620e+02  1.64376309e+02
 -1.16570014e+00  3.95273024e-01]","[-3.24678041e-02  4.12461499e-03 -3.83282785e+02 -1.04443504e+01
 -1.26970028e+00  3.22081467e-02]","[ 3.80316293e-01  1.23451880e-02  1.27498174e+02 -4.64896330e+01
 -1.24931505e+00  2.38615583e-01]","[ 2.04683953e-01  3.35032922e-04  1.16464428e+03 -2.36383994e+02
 -1.35401622e+00 -4.40397114e-01]",010,LW
1156,0,0.1451528925648593,0,"[-2.63502402e+00  2.72520500e-02  4.61440667e+01  1.23590724e+02
 -6.04580576e-01  9.03816267e-01]","[ 1.21787652e-01  2.47709769e-02 -6.10212805e+01  9.43163847e+00
 -1.04440009e+00 -6.56733215e-01]","[-2.27551942e+00  3.13325240e-02 -4.98940253e+01 -1.11534824e+02
 -1.23941255e+00  3.61291770e-01]","[ 1.32979172e+01  1.27770722e-01  1.20684710e+01 -1.58485528e+02
 -1.13867619e+00 -5.23498550e-01]","[-7.68797335e-01  9.64508568e-03  1.62045493e+02  1.26580143e+02
 -1.19682889e+00  3.76006769e-01]","[-3.51541362e-02  4.18056424e-03 -3.78040964e+02 -1.12897036e+01
 -1.26276370e+00 -6.79886849e-02]","[ 3.88853532e-01  1.45125887e-02  1.08446396e+02 -4.01697642e+01
 -1.25342552e+00  2.40562559e-01]","[ 2.04622878e-01  4.49431093e-04 -2.99001944e+03  6.13826381e+02
 -7.84945024e-01 -8.23328296e-01]",010,LW
1157,0,0.098704600555913,0,"[-2.61567931e+00  4.67092045e-02  3.27560898e+01  8.76794264e+01
 -1.17212081e+00  5.48875387e-01]","[ 1.03945035e-01  3.50312389e-02 -4.45222379e+01  6.62786557e+00
 -1.24135784e+00 -3.88138219e-01]","[-2.29213492e+00  2.31224613e-02 -6.64523683e+01 -1.50317794e+02
 -1.12134185e+00  5.52746828e-01]","[ 1.33598514e+01  8.07344465e-02  1.80800895e+01 -2.39547310e+02
 -8.50407259e-01 -8.18602651e-01]","[-7.61936821e-01  1.21423331e-02  1.29140956e+02  1.00397249e+02
 -1.23810092e+00  3.17168902e-01]","[-3.79710624e-02  4.52752946e-03 -3.48481747e+02 -1.12322221e+01
 -1.25118132e+00 -1.63469306e-01]","[ 3.98836675e-01  1.69976426e-02  9.26288186e+01 -3.49437700e+01
 -1.26127705e+00  2.29466232e-01]","[ 2.04334724e-01  6.82276675e-04 -2.27967719e+03  4.67817210e+02
 -1.35034540e+00 -3.60386519e-01]",010,LW
1158,0,0.1164577360284322,0,"[-2.58463840e+00  6.01392882e-02  2.61506640e+01  6.95900105e+01
 -1.34647725e+00  2.27016898e-01]","[  0.08029768   0.04269424 -36.88326099   4.96164013  -1.31000905
  -0.2142877 ]","[-2.30318035e+00  1.42419482e-02 -1.01108627e+02 -2.30871403e+02
 -7.80482976e-01  8.68126010e-01]","[ 1.33887126e+01  3.91261059e-02  2.05423253e+01 -2.73035290e+02
 -8.39234764e-01 -6.78948311e-01]","[-7.53578753e-01  1.46009415e-02  1.07761754e+02  8.32069684e+01
 -1.27619680e+00  2.42831821e-01]","[-4.10931299e-02  5.17100035e-03 -3.04526720e+02 -1.05139561e+01
 -1.24305012e+00 -2.26998238e-01]","[ 4.10428556e-01  1.96913189e-02  8.00136196e+01 -3.08398743e+01
 -1.27093281e+00  2.09372800e-01]","[ 2.03939785e-01  7.45276923e-04 -2.11554609e+03  4.33444015e+02
 -1.44764009e+00  7.60020318e-02]",010,LW
1159,0,0.1533426546581915,0,"[-2.54780822e+00  6.42582685e-02  2.45902276e+01  6.46511840e+01
 -1.38118488e+00 -2.01809759e-02]","[  0.05280196   0.04705816 -33.57604258   3.77288099  -1.33460538
  -0.08213689]","[-2.30825659e+00  6.66388915e-03 -1.10421624e+02 -2.52881442e+02
 -8.79543909e-01  6.72352754e-01]","[ 1.33818332e+01  5.30084024e-02 -2.18916819e+01  2.94950835e+02
 -3.90375994e-01 -1.02611528e+00]","[-7.43863163e-01  1.66500383e-02  9.47573881e+01  7.24865305e+01
 -1.30706422e+00  1.59977901e-01]","[-4.46880335e-02  6.07717821e-03 -2.58866849e+02 -9.56825043e+00
 -1.24488178e+00 -2.51613671e-01]","[ 4.23711443e-01  2.24478423e-02  7.02464402e+01 -2.77642206e+01
 -1.28142587e+00  1.82900234e-01]","[ 2.03578219e-01  6.02372207e-04 -2.50441627e+03  5.11844603e+02
 -1.20859768e+00  5.63277951e-01]",010,LW
1160,0,0.161226066429798,0,"[-2.51168548e+00  5.82411542e-02  2.69258977e+01  6.96293864e+01
 -1.33295259e+00 -2.81726275e-01]","[ 2.36639862e-02  4.78082535e-02 -3.30649555e+01  2.78244865e+00
 -1.33719517e+00  3.46328727e-02]","[-2.30735653e+00  8.45905771e-03  1.42236390e+02  3.30190063e+02
 -5.00647461e-01  9.57142231e-01]","[ 1.33370004e+01  1.07733465e-01 -1.37524583e+01  1.85416541e+02
 -8.81559382e-01 -7.85626923e-01]","[-7.33164750e-01  1.79172963e-02  8.82046684e+01  6.66685537e+01
 -1.32834234e+00  6.82798617e-02]","[-4.88959877e-02  7.17964137e-03 -2.19160199e+02 -8.71605440e+00
 -1.25524690e+00 -2.45651443e-01]","[ 4.38665340e-01  2.50901678e-02  6.29014705e+01 -2.55926950e+01
 -1.29171725e+00  1.51463075e-01]","[ 2.03398714e-01  3.59046087e-04 -1.99443609e+03  4.07665737e+02
 -1.19615109e+00  3.91876826e-01]",010,LW
1161,0,0.161226066429798,0,"[-2.48292911e+00  4.27634991e-02  3.50800261e+01  8.91012182e+01
 -1.08114118e+00 -6.52451688e-01]","[-4.83077356e-03  4.49590902e-02 -3.50940840e+01  1.83046843e+00
 -1.32175848e+00  1.53531040e-01]","[-2.30087857e+00  1.57012684e-02  9.60661536e+01  2.23036554e+02
 -1.03954954e+00  6.64865292e-01]","[ 13.25274508   0.16916819  -9.10512195 122.66786011  -1.11360113
  -0.54078989]","[-7.22072930e-01  1.80788311e-02  8.74374405e+01  6.51362088e+01
 -1.33669360e+00 -3.62268427e-02]","[-5.38135878e-02  8.39172435e-03 -1.87672746e+02 -8.09934379e+00
 -1.26886492e+00 -2.21355461e-01]","[ 4.55163494e-01  2.74352241e-02  5.75674191e+01 -2.42025876e+01
 -1.29995047e+00  1.17233913e-01]","[ 2.03547008e-01  6.55383464e-04  1.76115090e+03 -3.56476997e+02
 -2.65995452e-01  1.12037434e+00]",010,LW
1162,0,0.1771430133841436,0,"[-2.46790634e+00  2.32822385e-02  3.93459883e+01  9.91022137e+01
 -8.03920161e-01 -6.65603321e-01]","[-3.04921386e-02  3.88239895e-02 -4.04172228e+01  7.67592442e-01
 -1.27986253e+00  2.94019927e-01]","[-2.28957902e+00  2.22986710e-02  6.99405104e+01  1.62134325e+02
 -1.24152286e+00  3.88566903e-01]",[13.12862175  0.23158677 -6.73723285 90.45058177 -1.20613053 -0.39561617],"[-7.11346476e-01  1.69158435e-02  9.32437772e+01  6.83286323e+01
 -1.32536018e+00 -1.62953421e-01]","[-5.94853406e-02  9.62266728e-03 -1.63840663e+02 -7.74611762e+00
 -1.28138379e+00 -1.88885410e-01]","[ 4.72993832e-01  2.93487720e-02  5.38428150e+01 -2.34673194e+01
 -1.30421834e+00  8.44310266e-02]","[ 2.04156347e-01  1.43206614e-03  1.01756063e+03 -2.05741462e+02
 -7.55730035e-01  8.75633688e-01]",010,LW
1163,0,0.2755555979809984,0,"[-2.47225660e+00  3.20926331e-02 -3.37361256e+01 -8.14043594e+01
 -3.49983353e-01 -1.03847870e+00]","[-5.13823021e-02  2.99900604e-02 -5.15575968e+01 -6.49148017e-01
 -1.17615562e+00  4.89812358e-01]","[-2.27447716e+00  2.72706671e-02  5.77343852e+01  1.33315540e+02
 -1.30431860e+00  2.19853822e-01]",[12.96541876  0.29212957 -5.37235088 71.65477885 -1.25131237 -0.29922431],"[-7.01843499e-01  1.43610010e-02  1.08985433e+02  7.84907178e+01
 -1.27400502e+00 -3.33943571e-01]","[-6.59039803e-02  1.07928385e-02 -1.46214963e+02 -7.63614804e+00
 -1.29089540e+00 -1.54885396e-01]","[ 4.91906024e-01  3.08053081e-02  5.13125701e+01 -2.32409624e+01
 -1.30411278e+00  5.84984975e-02]","[ 2.05340319e-01  2.41063287e-03  6.32378264e+02 -1.27852754e+02
 -1.02342696e+00  6.34576338e-01]",010,LW
1164,0,0.2755555979809984,0,"[ -2.50051632   0.06901777 -21.16181378 -50.91546064  -0.79557199
  -0.85132816]","[-6.59382878e-02  1.93909704e-02 -7.55098618e+01 -2.97899100e+00
 -8.73596450e-01  8.03791019e-01]","[-2.25674320e+00  3.03628567e-02  5.20240066e+01  1.19404823e+02
 -1.32422932e+00  1.03266086e-01]",[12.76529491  0.34834219 -4.51965718 59.69475685 -1.27673843 -0.22818714],"[-6.94432627e-01  1.05445833e-02  1.44476547e+02  1.02329228e+02
 -1.10489627e+00 -6.00019060e-01]","[-7.30171947e-02  1.18412687e-02 -1.33365610e+02 -7.73798275e+00
 -1.29754113e+00 -1.22595537e-01]","[ 5.11668390e-01  3.19035006e-02  4.95526079e+01 -2.33545031e+01
 -1.30144140e+00  4.32860194e-02]","[ 2.07187580e-01  3.51848970e-03  4.40458877e+02 -8.92576090e+01
 -1.14392201e+00  4.83497462e-01]",010,LW
1165,0,0.2755555979809984,0,"[ -2.55582202   0.11287563 -13.57240445 -32.68865009  -1.0743319
  -0.58877756]","[-7.30552445e-02  9.44856470e-03 -9.23882178e+01 -4.74944384e+00
 -7.10160136e-01  7.60876120e-01]","[-2.23759888e+00  3.15536525e-02  5.01055374e+01  1.14116095e+02
 -1.32798178e+00  1.11942860e-02]",[12.53188085  0.39782367 -3.96499972 51.6889041  -1.29288718 -0.17068178],"[-6.89897698e-01  6.00408422e-03  2.15805990e+02  1.50884056e+02
 -5.73572818e-01 -9.52085098e-01]","[-8.07361277e-02  1.27225967e-02 -1.24191955e+02 -8.02677756e+00
 -1.30240055e+00 -9.24047243e-02]","[ 5.32109524e-01  3.28092419e-02  4.81863300e+01 -2.36404051e+01
 -1.29906536e+00  3.80605472e-02]","[ 2.09757564e-01  4.70140828e-03  3.32282382e+02 -6.76987430e+01
 -1.20807961e+00  3.79639367e-01]",010,LW
1166,0,0.2755555979809984,0,"[ -2.63969382   0.15852298  -9.82028919 -23.92255665  -1.19104173
  -0.42543988]","[-7.21325769e-02  1.13139590e-02  9.95285905e+01  9.17925371e+00
 -4.50011220e-01  9.68605932e-01]","[-2.21824716e+00  3.09217151e-02  5.11075897e+01  1.15369266e+02
 -1.32346528e+00 -7.33683170e-02]",[12.27036638  0.43805491 -3.60520808 46.23722404 -1.30418534 -0.11953363],"[-6.88848549e-01  3.98696899e-03 -1.14803552e+02 -7.70822603e+01
 -1.32568991e+00 -4.43292342e-01]","[-8.89426042e-02  1.33986993e-02 -1.17968353e+02 -8.49241249e+00
 -1.30623679e+00 -6.30567384e-02]","[ 5.53126604e-01  3.36557697e-02  4.69745141e+01 -2.39828535e+01
 -1.29881613e+00  3.73847811e-02]","[ 2.13075963e-01  5.90141680e-03  2.65934554e+02 -5.46642613e+01
 -1.24740129e+00  3.00513414e-01]",010,LW
1167,0,0.2755555979809984,0,"[ -2.75191861   0.20269826  -7.73667211 -19.29069197  -1.24927685
  -0.31294395]","[-6.30829016e-02  2.23541276e-02  6.65929142e+01  6.20087425e+00
 -9.40861918e-01  7.45911683e-01]","[-2.19983422e+00  2.85757910e-02  5.52018184e+01  1.23434849e+02
 -1.31005933e+00 -1.65165273e-01]",[11.98754534  0.46638979 -3.38874354 42.62271683 -1.31211628 -0.07011077],"[-6.91645081e-01  8.53906141e-03 -1.64842911e+02 -1.12012789e+02
 -6.92916042e-01 -9.23274410e-01]","[-9.74952227e-02  1.38347148e-02 -1.14276625e+02 -9.14142501e+00
 -1.30891043e+00 -3.33550501e-02]","[ 5.74657916e-01  3.44681619e-02  4.58680460e+01 -2.43584357e+01
 -1.30063378e+00  3.46838526e-02]","[ 2.17129037e-01  7.05100834e-03  2.23234875e+02 -4.64707734e+01
 -1.27427262e+00  2.34207775e-01]",010,LW
1168,0,0.2755555979809984,0,"[ -2.89055615   0.2425341   -6.49135385 -16.76362281  -1.28169916
  -0.2273226 ]","[-4.63042748e-02  3.36724079e-02  4.60154328e+01  4.13071125e+00
 -1.17882167e+00  4.72819977e-01]","[-2.18343799e+00  2.46323258e-02  6.37458978e+01  1.41185215e+02
 -1.27831266e+00 -2.82960147e-01]","[ 1.16917528e+01  4.80317057e-01 -3.29167968e+00  4.04855050e+01
 -1.31667432e+00 -1.95869419e-02]","[-6.98337037e-01  1.43439275e-02 -1.06656645e+02 -7.24822853e+01
 -1.09797041e+00 -5.85897058e-01]","[-1.06235559e-01  1.40038450e-02 -1.12906419e+02 -9.99467659e+00
 -1.30989411e+00 -3.21339305e-03]","[ 5.96630089e-01  3.51545374e-02  4.49743555e+01 -2.48330537e+01
 -1.30350685e+00  2.58031248e-02]","[ 2.21856604e-01  8.07079321e-03  1.95423990e+02 -4.13561027e+01
 -1.29411485e+00  1.73532528e-01]",010,LW
1169,0,0.2755555979809984,0,"[ -3.0520612    0.27552906  -5.726821   -15.47860818  -1.3005179
  -0.15713119]","[-2.26200956e-02  4.36334781e-02  3.59425651e+01  2.81302426e+00
 -1.26337045e+00  3.08064951e-01]","[-2.17006978e+00  1.92378571e-02  8.05913126e+01  1.76888772e+02
 -1.19455887e+00 -4.61555189e-01]","[ 1.13926198e+01  4.77922782e-01 -3.30795376e+00  3.96862597e+01
 -1.31727179e+00  3.38324914e-02]","[-7.08622954e-01  1.96248397e-02 -7.96200196e+01 -5.44205735e+01
 -1.24681742e+00 -3.65207054e-01]","[-1.14995079e-01  1.38951607e-02 -1.13783142e+02 -1.10845014e+01
 -1.30911499e+00  2.67683478e-02]","[ 6.18900115e-01  3.55458949e-02  4.44811404e+01 -2.55293829e+01
 -1.30663614e+00  9.19010726e-03]","[ 2.27145061e-01  8.87052515e-03  1.78054327e+02 -3.84441608e+01
 -1.30919243e+00  1.13424759e-01]",010,LW
1170,1,0.6902232486397464,1,"[ -3.23150354   0.29967054  -5.27214468 -15.03695421  -1.31122323
  -0.09612737]","[ 6.80892127e-03  5.15946801e-02  3.05449564e+01  1.79202180e+00
 -1.29826857e+00  1.97076912e-01]","[-2.16067383e+00  1.26825119e-02  1.16206685e+02  2.53084743e+02
 -9.19799483e-01 -7.70029438e-01]",[11.10060417  0.458328   -3.44731296 40.26725659 -1.31303092  0.09192264],"[-7.21835738e-01  2.36393329e-02 -6.66352243e+01 -4.60996863e+01
 -1.31195489e+00 -2.05689780e-01]","[-1.23602776e-01  1.35153148e-02 -1.16957768e+02 -1.24563048e+01
 -1.30702623e+00  5.65231920e-02]","[ 6.41213995e-01  3.54409045e-02  4.46121158e+01 -2.66059130e+01
 -1.30945216e+00 -1.59280528e-02]","[ 2.32823172e-01  9.35504583e-03  1.68973423e+02 -3.73409283e+01
 -1.31980679e+00  4.98157654e-02]",010,LW
1171,1,0.6902232486397464,1,"[ -3.4228716    0.31352213  -5.04234984 -15.25931607  -1.31652935
  -0.04018301]",[ 0.04059566  0.05723553 27.59415735  0.87979709 -1.31281497  0.11470286],"[-2.15611602e+00  6.35626099e-03  1.35598916e+02  2.94366995e+02
 -7.85541188e-01 -7.01067783e-01]",[10.82633314  0.42190741 -3.73984766 42.48883667 -1.30239668  0.15754391],"[-7.36962591e-01  2.58198731e-02 -6.12026945e+01 -4.31040963e+01
 -1.34125665e+00 -6.78898403e-02]","[-1.31892441e-01  1.28816860e-02 -1.22667035e+02 -1.41788546e+01
 -1.30396584e+00  8.72665950e-02]","[ 6.63190449e-01  3.46337463e-02  4.56429306e+01 -2.82699556e+01
 -1.31105317e+00 -5.08528788e-02]","[ 2.38663466e-01  9.43575144e-03  1.67553514e+02 -3.79889024e+01
 -1.32474802e+00 -2.11492296e-02]",010,LW
1172,1,0.6902232486397464,1,"[-3.61942710e+00  3.16239767e-01 -4.99959147e+00 -1.60956568e+01
 -1.31766572e+00  1.40320457e-02]","[ 7.72477326e-02  6.04695576e-02  2.61416666e+01 -1.93844746e-02
 -1.31737932e+00  4.93250589e-02]","[-2.15715855e+00  8.46775671e-03 -1.32957446e+02 -2.84810290e+02
 -3.75287390e-01 -1.02765699e+00]",[10.5798765   0.37025255 -4.25058972 46.97071434 -1.2819132   0.23605848],"[-7.52704060e-01  2.57544480e-02 -6.13524571e+01 -4.41802436e+01
 -1.34532209e+00  7.21742434e-02]","[-1.39707072e-01  1.20126430e-02 -1.31465114e+02 -1.63666061e+01
 -1.29963897e+00  1.21470913e-01]","[ 6.84320985e-01  3.29286877e-02  4.79781793e+01 -3.08324749e+01
 -1.30990379e+00 -9.82818268e-02]","[ 2.44391051e-01  9.04556405e-03  1.74626714e+02 -4.06772062e+01
 -1.32116851e+00 -1.04411125e-01]",010,LW
1173,1,0.6902232486397464,1,"[ -3.81407213   0.30755515  -5.13881029 -17.5997931   -1.31479249
   0.06972509]","[ 1.15280129e-01  6.13960304e-02  2.57524344e+01 -9.68743966e-01
 -1.31654517e+00 -5.29317235e-03]","[-2.16441998e+00  1.76078190e-02 -8.36816898e+01 -1.79122321e+02
 -8.47803380e-01 -8.12097240e-01]",[10.37009757  0.30595524 -5.11781389 55.07222935 -1.2429644   0.33822548],"[-7.67574644e-01  2.32493263e-02 -6.76500170e+01 -4.99264377e+01
 -1.31554140e+00  2.38790767e-01]","[-1.46899373e-01  1.09223007e-02 -1.44450291e+02 -1.92196572e+01
 -1.29285062e+00  1.62700896e-01]","[ 7.03977888e-01  3.01531949e-02  5.23189526e+01 -3.48313857e+01
 -1.30287311e+00 -1.63841645e-01]","[ 2.49700326e-01  8.15343675e-03  1.93195564e+02 -4.62409953e+01
 -1.30274896e+00 -2.08573811e-01]",010,LW
1174,1,0.6902232486397464,1,"[ -3.99971738   0.2877731   -5.4865828  -19.94478058  -1.30692554
   0.13048728]",[ 0.15330285  0.06023853 26.24140329 -2.02288189 -1.3126299  -0.0534559 ],"[-2.17832760e+00  2.81103056e-02 -5.46787212e+01 -1.17108168e+02
 -1.09770837e+00 -5.60441150e-01]",[10.20421475  0.23233544 -6.6621846  69.98236236 -1.1604317   0.48788167],"[-7.80042137e-01  1.84093533e-02 -8.40380009e+01 -6.35531818e+01
 -1.20589453e+00  4.73035728e-01]","[-1.53330979e-01  9.62275136e-03 -1.63685075e+02 -2.30979927e+01
 -1.28090924e+00  2.15805908e-01]","[ 7.21434751e-01  2.61813111e-02  6.00477779e+01 -4.13205537e+01
 -1.28168196e+00 -2.58858395e-01]","[ 2.54278567e-01  6.77565750e-03  2.30822876e+02 -5.66933101e+01
 -1.25254858e+00 -3.51405814e-01]",010,LW
1175,1,0.6902232486397464,1,"[ -4.16964952   0.25778438  -6.11296869 -23.48893693  -1.29147612
   0.20105738]",[ 0.19007392  0.05727431 27.58402304 -3.24300333 -1.30662338 -0.09914248],"[-2.19907303e+00  3.89082694e-02 -4.00620503e+01 -8.60993744e+01
 -1.19897340e+00 -4.08958679e-01]","[ 10.08763652   0.15353457  -9.7234258  100.08638521  -0.94302529
   0.73920766]","[-7.88691244e-01  1.18086258e-02 -1.21555426e+02 -9.38696998e+01
 -8.29277785e-01  8.37257034e-01]","[-1.58874412e-01  8.13206831e-03 -1.93096595e+02 -2.86781080e+01
 -1.25821549e+00  2.87753963e-01]","[ 7.35907496e-01  2.09787511e-02  7.42636591e+01 -5.26511834e+01
 -1.22205006e+00 -4.06696047e-01]","[ 2.57833942e-01  4.98763389e-03  3.07079002e+02 -7.71753895e+01
 -1.11452999e+00 -5.72665936e-01]",010,LW
1176,1,0.6902232486397464,1,"[ -4.31788146   0.21906371  -7.16714448 -28.9468803   -1.26270355
   0.28912869]",[ 0.22451722  0.05277498 29.90712861 -4.71466552 -1.29827641 -0.14683257],"[-2.22657565e+00  4.94193134e-02 -3.17437405e+01 -6.86798396e+01
 -1.24887280e+00 -3.07219024e-01]","[ 1.00240290e+01  7.82905409e-02 -1.50244547e+01  1.52605570e+02
 -4.38541659e-01  9.93819397e-01]","[-7.92385870e-01  5.97337876e-03 -8.14935756e+01 -6.25743578e+01
 -1.35326008e+00  4.03476344e-01]","[-1.63419639e-01  6.48453908e-03 -2.40682237e+02 -3.73322042e+01
 -1.21261258e+00  3.90184390e-01]","[ 7.46617290e-01  1.46934461e-02  1.02902969e+02 -7.48291361e+01
 -1.03919392e+00 -6.58246683e-01]","[ 2.60124846e-01  2.96918127e-03  4.68893565e+02 -1.19970866e+02
 -6.86696637e-01 -9.22658774e-01]",010,LW
1177,1,0.1930386148099329,1,"[ -4.43946789   0.17363718  -8.97463057 -37.84258424  -1.20618179
   0.40968143]",[ 0.25571612  0.04697857 33.54380995 -6.57769279 -1.28569479 -0.20207893],"[ -2.26045622   0.05912562 -26.62452127 -58.18356472  -1.27727304
  -0.23111916]","[ 1.00155080e+01  6.11313519e-02  1.29215686e+01 -1.27416074e+02
 -8.09672293e-01  7.09736215e-01]","[-7.90399212e-01  9.82659854e-03  1.28566254e+02  1.03618666e+02
 -4.67746619e-01  1.01455030e+00]","[-1.66884835e-01  4.74008877e-03 -3.24684478e+02 -5.21849157e+01
 -1.11279302e+00  5.46481617e-01]","[ 7.52873672e-01  8.00816195e-03  1.57296492e+02 -1.16424387e+02
 -5.09336448e-01 -9.79728761e-01]","[ 2.60986835e-01  1.49183594e-03  1.39721069e+02 -3.44653594e+01
 -1.64132342e+00 -2.83576090e-01]",010,LW
1178,1,0.1952294711230855,1,"[ -4.53076733   0.12408039 -12.32690241 -53.85032673  -1.078045
   0.59548614]",[ 0.28289896  0.0400966  39.19058618 -9.08697597 -1.26426197 -0.27253569],"[ -2.30002651   0.06752682 -23.36027932 -51.72926176  -1.29512567
  -0.16862476]","[  10.06283487    0.13060713   11.08112497 -109.5075307    -0.78987226
    0.85988789]","[-7.82482096e-01  1.83963218e-02  8.18181688e+01  6.60212522e+01
 -9.99685923e-01  6.91463781e-01]","[-1.69229326e-01  2.99535206e-03 -4.92285449e+02 -8.13091346e+01
 -8.58730996e-01  8.05346309e-01]","[ 7.54171680e-01  5.46806713e-03 -1.03626485e+02  8.01521599e+01
 -1.17476391e+00 -5.13391911e-01]","[ 2.60352618e-01  2.66995889e-03 -4.98622339e+02  1.31817631e+02
 -5.71509875e-01 -9.75093035e-01]",010,LW
1179,1,0.1969665057666291,1,"[-4.58960936e+00  7.39842355e-02 -1.92688859e+01 -8.64366592e+01
 -7.23470027e-01  9.04450194e-01]","[ 3.05428002e-01  3.23418016e-02  4.83187561e+01 -1.27579011e+01
 -1.22323551e+00 -3.71083250e-01]","[ -2.34429733   0.07414216 -21.30313189 -47.94087522  -1.30671639
  -0.11315979]","[ 10.16550694   0.2131332    7.20231425 -71.21517554  -1.09991653
   0.56706293]","[-7.68853437e-01  2.68531046e-02  5.78683625e+01  4.64922894e+01
 -1.19959618e+00  4.40139690e-01]","[-1.70465009e-01  1.44944440e-03 -7.78960677e+02 -1.30785539e+02
 -3.73328594e-01  1.03040538e+00]","[ 7.50285911e-01  1.15782326e-02 -1.23087900e+02  9.43511168e+01
 -7.48201052e-01 -8.89295102e-01]","[ 2.58261017e-01  4.72034917e-03 -3.22097041e+02  8.51851093e+01
 -1.06906465e+00 -6.25282800e-01]",010,LW
1180,1,0.1988609858554395,1,"[-4.61530995e+00  3.39945852e-02 -1.85741865e+01 -8.37256280e+01
 -1.05055860e+00  5.85061864e-01]","[ 3.22794611e-01  2.39612892e-02  6.43673646e+01 -1.87774384e+01
 -1.13213967e+00 -5.24782868e-01]","[ -2.39200377   0.078542   -20.1245809  -46.13807332  -1.31372543
  -0.06099544]","[ 10.32167962   0.29440582   5.29834413 -52.6878107   -1.2100633
   0.39737384]","[-7.50121145e-01  3.41828812e-02  4.59315995e+01  3.64542640e+01
 -1.27124300e+00  2.86595536e-01]","[-1.70662619e-01  1.05062178e-03  8.02997998e+02  1.39041741e+02
 -8.44397810e-01  6.55472375e-01]","[ 7.41341326e-01  1.89730815e-02 -8.09205614e+01  6.19897562e+01
 -1.12415538e+00 -5.56100306e-01]","[ 2.54852920e-01  6.60095332e-03 -2.36397328e+02  6.22465493e+01
 -1.23664904e+00 -3.84292235e-01]",010,LW
1181,1,0.2016093775818294,1,"[-4.60850463e+00  4.74476587e-02  2.62226282e+01  1.22847104e+02
 -4.91764730e-01  9.83690946e-01]","[ 3.34619907e-01  1.53116813e-02  9.63669466e+01 -3.02462987e+01
 -8.80100161e-01 -7.92026889e-01]","[-2.44165333e+00  8.03999925e-02 -1.96652660e+01 -4.60157622e+01
 -1.31675108e+00 -9.84861000e-03]","[ 10.52796431   0.37000565   4.24370238 -42.67754717  -1.25990374
   0.28830377]",[-0.72716246  0.03998484 39.43065526 30.67249222 -1.29941279  0.18434749],"[-1.69951681e-01  2.02830665e-03  7.30046437e+02  1.26072619e+02
 -9.77908125e-01  7.31285061e-01]","[ 7.27850822e-01  2.55348809e-02 -6.12762691e+01  4.65999829e+01
 -1.25654492e+00 -3.44204541e-01]","[ 2.50355128e-01  8.09042838e-03 -1.94530793e+02  5.07017814e+01
 -1.29660490e+00 -2.31382668e-01]",010,LW
1182,1,0.2040566329249382,1,[-4.57083088  0.08884161 16.96580527 79.54782659 -1.00648201  0.68345056],"[ 3.40660450e-01  7.46159259e-03  1.40013507e+02 -4.56970644e+01
 -4.84461009e-01 -9.26422784e-01]","[-2.49160331e+00  7.95432290e-02 -1.98743804e+01 -4.75190721e+01
 -1.31583739e+00  4.19719744e-02]","[ 10.77920972   0.43643982   3.60983594 -36.91117869  -1.28678818
   0.20824094]",[-0.7010015   0.04411908 35.80117772 27.09667935 -1.31085976  0.11033434],"[-1.68515078e-01  2.94533944e-03  5.29203785e+02  9.11788170e+01
 -1.26258934e+00  3.86106158e-01]","[ 7.10717240e-01  3.04574184e-02 -5.17405714e+01  3.87729161e+01
 -1.31223936e+00 -1.94318382e-01]","[ 2.45056188e-01  9.09299730e-03 -1.73659108e+02  4.45562391e+01
 -1.31950043e+00 -1.21419097e-01]",010,LW
1183,1,0.2061845076640157,1,[-4.50453822  0.1302177  11.92867721 55.7331824  -1.18539     0.44873083],"[ 3.40817909e-01  7.14082461e-03 -1.38815028e+02  4.93106477e+01
 -5.43963934e-01 -8.77527627e-01]","[ -2.54015816   0.07597571 -20.79486868 -50.82225542  -1.3107013
   0.09631956]","[ 11.06835378   0.49037701   3.21888961 -33.62780899  -1.30278198
   0.1428122 ]",[-0.67271851  0.04656682 33.94604289 24.83613142 -1.31561544  0.05123683],"[-1.66578897e-01  3.52289232e-03  4.47641514e+02  7.65676296e+01
 -1.34158657e+00  1.62310882e-01]","[ 6.91195227e-01  3.31743462e-02 -4.76360633e+01  3.49258196e+01
 -1.33643245e+00 -6.85277553e-02]","[ 2.39280343e-01  9.56966648e-03 -1.65199041e+02  4.15288833e+01
 -1.32660793e+00 -3.22069074e-02]",010,LW
1184,1,0.2468966376948887,1,[-4.41211029  0.16854187  9.30104992 43.0372581  -1.24565572  0.31994058],"[ 3.35148049e-01  1.46989345e-02 -1.00134506e+02  3.55598843e+01
 -8.75894043e-01 -7.97378067e-01]","[ -2.58566468   0.06986104 -22.58681557 -56.4019313   -1.30053244
   0.15635687]","[ 11.38638723   0.52867131   2.98896831 -32.0335506   -1.31260583
   0.08432213]","[-6.43406318e-01  4.73300517e-02  3.34057656e+01  2.34934806e+01
 -1.31731759e+00 -2.29030039e-03]","[-1.64397866e-01  3.69575741e-03  4.27689192e+02  7.23111903e+01
 -1.35746725e+00 -1.54923725e-02]","[ 6.70807684e-01  3.33105766e-02 -4.74474132e+01  3.38280894e+01
 -1.33986446e+00  5.42247045e-02]","[ 2.33364441e-01  9.51713816e-03 -1.66092112e+02  4.07599929e+01
 -1.32475356e+00  4.95883241e-02]",010,LW
1185,1,0.2512944525292565,1,[-4.29597262  0.20356064  7.73002806 35.2079889  -1.27073821  0.24237245],"[ 3.23862580e-01  2.29799241e-02 -6.71470781e+01  2.37464259e+01
 -1.14106535e+00 -5.18159546e-01]","[-2.62658626e+00  6.14696971e-02 -2.56108329e+01 -6.52690618e+01
 -1.28268955e+00  2.28379362e-01]","[ 1.17224555e+01  5.48501555e-01  2.88238497e+00 -3.17886296e+01
 -1.31811383e+00  2.76131391e-02]",[-0.6141615   0.04638806 34.07484441 22.92745772 -1.31622779 -0.05748441],"[-1.62236951e-01  3.45408333e-03  4.56120291e+02  7.59995653e+01
 -1.33237549e+00 -1.93607676e-01]","[ 6.51218596e-01  3.07391381e-02 -5.12687026e+01  3.53871325e+01
 -1.31922714e+00  1.90649982e-01]","[ 2.27639107e-01  8.95716934e-03 -1.76247617e+02  4.21208501e+01
 -1.31430321e+00  1.34350617e-01]",010,LW
1186,1,0.2542785912870312,1,[-4.15834208  0.23548746  6.69438498 29.83754275 -1.2830098   0.19135075],"[ 3.07319258e-01  3.08002912e-02 -5.07773391e+01  1.76048541e+01
 -1.23272832e+00 -3.57823557e-01]","[-2.66154957e+00  5.11228526e-02 -3.06522765e+01 -7.95825534e+01
 -1.24890721e+00  3.24951993e-01]","[ 1.20641320e+01  5.47589207e-01  2.88711740e+00 -3.28305654e+01
 -1.31944255e+00 -3.15412930e-02]",[-0.58607975  0.04372135 36.12005557 23.16923303 -1.31026314 -0.12004499],"[-1.60349613e-01  2.83555014e-03  5.48631544e+02  8.99728558e+01
 -1.24089124e+00 -4.13987339e-01]","[ 6.34072330e-01  2.56462317e-02 -6.09210114e+01  4.06283276e+01
 -1.25537194e+00  3.63144576e-01]","[ 2.22412908e-01  7.93464329e-03 -1.98353116e+02  4.61162934e+01
 -1.29048108e+00  2.32829599e-01]",010,LW
1187,1,0.2564087559622682,1,[-4.00123151  0.264535    5.96547073 25.86922944 -1.29005762  0.15496999],"[ 2.85998669e-01  3.78340100e-02 -4.15615014e+01  1.38865341e+01
 -1.27074331e+00 -2.57656594e-01]","[-2.68937055e+00  3.91837238e-02 -3.95567353e+01 -1.04382719e+02
 -1.17320627e+00  4.72054851e-01]","[ 12.39790402   0.5245588    3.01176902 -35.33962327  -1.3152392
  -0.09718472]","[-5.60226928e-01  3.93833971e-02  4.00201161e+01  2.44203467e+01
 -1.29534418e+00 -1.94753576e-01]","[-1.58953585e-01  1.93562328e-03  7.66916122e+02  1.23904067e+02
 -9.61539238e-01 -7.39308414e-01]","[ 6.20816588e-01  1.85788516e-02 -8.19300225e+01  5.28635170e+01
 -1.08134753e+00  6.15285814e-01]","[ 2.17957703e-01  6.52115677e-03 -2.39735256e+02  5.42521457e+01
 -1.23978665e+00  3.60843725e-01]",010,LW
1188,1,0.2592745526590179,1,[-3.82658898  0.29068437  5.4323919  22.78753093 -1.29522515  0.1261977 ],"[  0.26047173   0.04393607 -35.88155457  11.34613068  -1.28868505
  -0.18933638]","[-2.70907742e+00  2.61731390e-02 -5.71644105e+01 -1.52862814e+02
 -9.61935592e-01  7.24715530e-01]","[ 12.70990437   0.47941571   3.28965346 -39.81118086  -1.30238086
  -0.17402856]","[-5.37574610e-01  3.35762178e-02  4.67651450e+01  2.71397546e+01
 -1.26484762e+00 -2.87031964e-01]","[-1.58207047e-01  9.84547393e-04  1.04528881e+03  1.67372056e+02
 -5.32519263e-01 -8.86444488e-01]","[ 6.12534659e-01  1.06155972e-02 -1.26403663e+02  7.94266248e+01
 -5.83302081e-01  9.73040473e-01]","[ 2.14494402e-01  4.82001595e-03 -3.18928333e+02  7.04083422e+01
 -1.12200904e+00  5.49875786e-01]",010,LW
1189,1,0.2630376321010646,1,[-3.63655551  0.31345205  5.04022814 20.32906942 -1.30025273  0.09971189],"[  0.23136993   0.04903237 -32.1962101    9.44923495  -1.29837836
  -0.13872567]","[-2.71994777e+00  1.35037264e-02 -8.79502046e+01 -2.37219962e+02
 -4.47738261e-01  9.91616770e-01]","[ 12.98686672   0.41396828   3.79610059 -47.29945243  -1.27455356
  -0.2692677 ]","[-5.18911469e-01  2.66826421e-02  5.84193032e+01  3.23144465e+01
 -1.20635286e+00 -4.06507228e-01]","[-1.58189945e-01  9.49941778e-04 -1.04598342e+03 -1.63464060e+02
 -5.83266588e-01 -8.44414861e-01]","[ 6.09816988e-01  5.65179818e-03  1.91458963e+01 -9.67549282e+00
 -1.70073558e+00  2.51908810e-01]","[ 2.12180744e-01  2.98250504e-03 -4.84650886e+02  1.04833586e+02
 -7.93473608e-01  8.58844825e-01]",010,LW
1190,1,0.2645120295158115,1,[-3.43382121  0.33168377  4.76503998 18.36229533 -1.30578972  0.07098195],"[  0.1993732    0.05305281 -29.78001637   7.93733723  -1.30463962
  -0.09729636]","[-2.72156115e+00  1.02692478e-02  7.38872159e+01  2.03088577e+02
 -8.70405495e-01  6.71246745e-01]","[ 13.21719529   0.33199599   4.69777533 -60.0914139   -1.21703392
  -0.3968506 ]","[-5.04759733e-01  1.92364901e-02  7.97526624e+01  4.22559326e+01
 -1.08859574e+00 -5.75235979e-01]","[-1.58895125e-01  1.86230203e-03 -7.96709043e+02 -1.24593183e+02
 -9.66902264e-01 -7.36679751e-01]","[ 6.12696511e-01  1.06591483e-02  1.30204847e+02 -7.77760557e+01
 -7.09653698e-01  9.05640927e-01]","[ 2.11104305e-01  1.39958733e-03 -5.56026222e+02  1.19379529e+02
 -8.17686405e-01  7.06369377e-01]",010,LW
1191,1,0.3664175273920735,1,[-3.22201642  0.34351701  4.60224442 16.82850711 -1.31141242  0.03635935],"[  0.16522149   0.05588465 -28.28456918   6.67321877  -1.30936894
  -0.05916863]","[-2.71385221e+00  2.16419024e-02  6.68923636e+01  1.83535989e+02
 -8.07396029e-01  8.49482360e-01]","[ 13.39197294   0.23918352   6.40003211 -83.7090568   -1.08671289
  -0.5877553 ]","[-4.95327027e-01  1.18731610e-02  1.23212599e+02  6.30305303e+01
 -8.09408214e-01 -8.41920142e-01]","[-1.60232144e-01  2.72156495e-03 -5.71908658e+02 -8.96381506e+01
 -1.24643027e+00 -4.06705719e-01]","[ 6.20659843e-01  1.75188550e-02  8.77454217e+01 -5.24600596e+01
 -1.16166852e+00  5.32388065e-01]","[ 2.11282831e-01  1.75794133e-03  6.73021804e+02 -1.40197952e+02
 -4.69279305e-01  9.72531442e-01]",010,LW
1192,1,0.3664175273920735,1,"[-3.00603235e+00  3.46609914e-01  4.56160679e+00  1.57123376e+01
 -1.31577595e+00 -6.86026311e-03]","[ 1.29740010e-01  5.73603864e-02 -2.75636783e+01  5.57611191e+00
 -1.31288885e+00 -2.01133193e-02]","[-2.69714409e+00  3.47867160e-02  4.42334620e+01  1.21304021e+02
 -1.12879962e+00  5.41131599e-01]","[  13.50572941    0.14364918    9.9531271  -132.42424142   -0.73424631
   -0.89787463]","[-4.90509341e-01  5.56126559e-03  1.92340877e+02  9.63449967e+01
 -3.79758616e-01 -1.01309639e+00]","[-1.62043724e-01  3.30941247e-03 -4.76122017e+02 -7.51525846e+01
 -1.32980600e+00 -1.91153407e-01]","[ 6.32731250e-01  2.29082484e-02  6.85124527e+01 -4.13499698e+01
 -1.29812445e+00  2.83915267e-01]","[ 2.12670751e-01  3.36609184e-03  4.45557808e+02 -9.27571139e+01
 -9.85992245e-01  7.06724003e-01]",010,LW
1193,1,0.3664175273920735,1,[-2.79216109  0.33859159  4.66817695 15.03430205 -1.31683169 -0.06108171],"[ 9.38585493e-02  5.72850564e-02 -2.75995459e+01  4.59045334e+00
 -1.31451402e+00  2.28204292e-02]","[-2.67215086e+00  4.69417854e-02  3.33107592e+01  9.10113740e+01
 -1.23827507e+00  3.58647719e-01]","[ 1.35568453e+01  6.57004994e-02  1.06012527e+01 -1.41719543e+02
 -9.23548849e-01 -6.55198953e-01]","[-4.89940607e-01  4.40500016e-03 -2.15538536e+02 -1.03601081e+02
 -7.00602568e-01 -7.49721657e-01]","[-1.64131430e-01  3.56289006e-03 -4.43650915e+02 -7.08170589e+01
 -1.34753027e+00 -3.12394222e-02]","[ 6.47611110e-01  2.61162239e-02  6.04628792e+01 -3.71564323e+01
 -1.33805027e+00  1.14411800e-01]","[ 2.15168543e-01  4.95726747e-03  3.13314738e+02 -6.54154756e+01
 -1.19567121e+00  4.45978314e-01]",010,LW
1194,1,0.3664175273920735,1,[-2.58796852  0.31759466  4.971352   14.86570248 -1.31146208 -0.12977748],"[  0.05860855   0.05549129 -28.48085726   3.66922181  -1.31296813
   0.07176797]","[-2.63994964e+00  5.72645938e-02  2.74771869e+01  7.45383895e+01
 -1.28401529e+00  2.40175835e-01]","[ 1.35475558e+01  8.41546029e-02 -1.45560271e+01  1.99198589e+02
 -5.20470291e-01 -9.51726702e-01]","[-4.93070742e-01  8.52516533e-03 -1.74635525e+02 -8.41076677e+01
 -9.84765393e-01 -7.20008161e-01]","[-1.66284707e-01  3.48386910e-03 -4.53351750e+02 -7.33854630e+01
 -1.33445792e+00  1.05085208e-01]","[ 6.63840794e-01  2.69682988e-02  5.86185500e+01 -3.69133847e+01
 -1.34139665e+00 -1.99130367e-02]","[ 2.18631850e-01  6.33045128e-03  2.47970321e+02 -5.22142102e+01
 -1.26979501e+00  2.90524334e-01]",010,LW
1195,1,0.3664175273920735,1,[-2.40186024  0.28274964  5.56917744 15.37638589 -1.29369928 -0.2195159 ],"[ 2.50911514e-02  5.18976922e-02 -3.04242318e+01  2.76337900e+00
 -1.30651428e+00  1.28969962e-01]",[-2.60192906  0.06523107 24.19158081 64.9447772  -1.30602356  0.15261191],"[ 13.48359641   0.15388931  -9.83260787 134.57891625  -1.06015189
  -0.64522329]","[-4.99250703e-01  1.25004116e-02 -1.24501024e+02 -6.01572239e+01
 -1.22735379e+00 -4.15088525e-01]","[-1.68307072e-01  3.11689680e-03 -5.04743750e+02 -8.29519430e+01
 -1.29792025e+00  2.39566570e-01]","[ 6.79964356e-01  2.55936317e-02  6.16639231e+01 -3.99292698e+01
 -1.32383310e+00 -1.43368649e-01]","[ 2.22878706e-01  7.40550856e-03  2.12902209e+02 -4.54513689e+01
 -1.30241088e+00  1.83212402e-01]",010,LW
1196,1,0.3664175273920735,1,[-2.2423883   0.23457283  6.67156476 16.96023873 -1.24951665 -0.34394841],"[-5.58076606e-03  4.65466382e-02 -3.38579952e+01  1.81104645e+00
 -1.29233697e+00  1.98212298e-01]",[-2.55971994  0.07047495 22.42268921 59.39580475 -1.31665887  0.0805581 ],[13.37357314  0.21594653 -7.22999395 98.6908529  -1.25039232 -0.37306211],"[-5.07805113e-01  1.55731593e-02 -1.01007148e+02 -4.92919464e+01
 -1.29241701e+00 -2.44232288e-01]","[-1.70034573e-01  2.52988304e-03 -6.16252455e+02 -1.02784223e+02
 -1.22590240e+00  3.98156906e-01]","[ 6.94661119e-01  2.23149206e-02  7.03837512e+01 -4.68928554e+01
 -1.28355888e+00 -2.76908014e-01]","[ 2.27694280e-01  8.12455779e-03  1.94450037e+02 -4.22751612e+01
 -1.31836646e+00  9.73298570e-02]",010,LW
1197,1,0.3664175273920735,1,[-2.11743736  0.17525666  8.78474996 20.60115778 -1.137689   -0.53412945],"[-3.23556219e-02  3.96136030e-02 -3.96379028e+01  7.17491004e-01
 -1.26438731e+00  2.87079441e-01]","[-2.51511086e+00  7.27853768e-02  2.17220427e+01  5.66333455e+01
 -1.32012697e+00  1.63669548e-02]",[13.22814789  0.26147353 -6.02451459 81.69316995 -1.30949556 -0.2057431 ],"[-5.18079116e-01  1.76988230e-02 -8.91897094e+01 -4.42073258e+01
 -1.31212846e+00 -1.38282631e-01]","[-1.71343837e-01  1.79924298e-03 -8.45236314e+02 -1.42826033e+02
 -1.05957695e+00  6.28892930e-01]","[ 7.06831851e-01  1.75647167e-02  8.83754558e+01 -6.04665870e+01
 -1.19677975e+00 -4.50795810e-01]","[ 2.32833757e-01  8.43956970e-03  1.87332008e+02 -4.16172153e+01
 -1.32546041e+00  1.87051912e-02]",010,LW
1198,1,0.2149075705051705,1,[-2.03344887  0.10940153 13.21972645 28.88163777 -0.80789062 -0.84969288],"[-5.43169363e-02  3.13989789e-02 -4.96200130e+01 -6.95207086e-01
 -1.20689094e+00  4.11604240e-01]","[-2.46995146e+00  7.21342641e-02  2.19151754e+01  5.61294196e+01
 -1.31802360e+00 -4.42148957e-02]",[13.05914545  0.28820223 -5.48219065 73.59272505 -1.32790985 -0.08737917],"[-5.29456760e-01  1.89289824e-02 -8.35001632e+01 -4.22097258e+01
 -1.31873072e+00 -6.23200055e-02]","[-1.72150294e-01  1.01932771e-03 -1.32177179e+03 -2.25543403e+02
 -5.86558400e-01  9.71615083e-01]","[ 7.15636237e-01  1.18615262e-02  1.26051078e+02 -8.82067193e+01
 -9.67905232e-01 -7.23214113e-01]","[ 2.38025274e-01  8.31118617e-03  1.90165745e+02 -4.32642537e+01
 -1.32538348e+00 -6.34334266e-02]",010,LW
1199,1,0.2083404774811839,1,[-1.99479712  0.05205352 14.18918248 30.30454041 -0.90422056 -0.6517964 ],"[-7.07462814e-02  2.23309111e-02 -6.83663873e+01 -2.83666768e+00
 -1.07027180e+00  6.07694347e-01]",[-2.42604913  0.06868234 22.99984868 57.79876292 -1.31091533 -0.10451342],"[ 1.28786784e+01  2.96063426e-01 -5.34010328e+00  7.07734725e+01
 -1.32939573e+00  8.18568817e-03]","[-5.41356567e-01  1.93038818e-02 -8.19045449e+01 -4.23395632e+01
 -1.32110354e+00  3.21534243e-03]","[-1.72400471e-01  5.58739840e-04  2.53971695e+02  4.57848399e+01
 -1.68104125e+00  2.75804801e-01]","[ 7.20494905e-01  6.11565241e-03  1.89965188e+02 -1.34868950e+02
 -4.54843667e-01 -9.75901613e-01]","[ 2.42975316e-01  7.71144350e-03  2.04572973e+02 -4.77061829e+01
 -1.31464322e+00 -1.61242336e-01]",010,LW
1200,1,0.2012578239320312,1,"[ -2.0033797    0.06921168 -17.27866875 -32.6157342   -0.45683054
  -0.9882991 ]","[-8.11722621e-02  1.30917156e-02 -1.07338076e+02 -6.71287442e+00
 -6.79583482e-01  9.30723913e-01]",[-2.38506898  0.06274893 25.1386327  61.95737307 -1.29821753 -0.16847922],[12.69835613  0.28635765 -5.51708352 72.05789133 -1.32069868  0.09508382],"[-5.53212579e-01  1.88186829e-02 -8.39797558e+01 -4.44586573e+01
 -1.31996263e+00  7.20418143e-02]","[-1.72063574e-01  1.15073883e-03  1.19411232e+03  2.07463234e+02
 -6.00878620e-01  9.73533433e-01]","[ 7.21075196e-01  4.94645444e-03 -1.65088701e+02  1.21041368e+02
 -7.70499900e-01 -7.30508661e-01]","[ 2.47377780e-01  6.63169952e-03  2.36617788e+02 -5.65339830e+01
 -1.27984603e+00 -2.93705068e-01]",010,LW
1201,1,0.1937825095973186,1,"[ -2.05843017   0.13245889 -11.32028297 -21.30201198  -0.98373904
  -0.70869046]","[-8.54098518e-02  6.12047134e-03 -6.92480923e+01 -3.91446930e+00
 -1.38510586e+00  4.14031967e-01]","[-2.34844911e+00  5.47642219e-02  2.87317935e+01  6.94751547e+01
 -1.27721910e+00 -2.41795421e-01]",[12.52862142  0.26136441 -6.03236465 77.57721293 -1.30198977  0.1834186 ],"[-5.64449923e-01  1.74311809e-02 -9.05158959e+01 -4.90916905e+01
 -1.31134311e+00  1.56783513e-01]","[-1.71126108e-01  2.04332147e-03  7.42920106e+02  1.29133026e+02
 -1.02456315e+00  6.51972863e-01]","[ 7.17273568e-01  1.04424157e-02 -1.39054186e+02  1.01739892e+02
 -8.15682414e-01 -8.43201918e-01]","[ 2.50926467e-01  5.09831495e-03  3.02854966e+02 -7.39943267e+01
 -1.17526481e+00 -4.99569973e-01]",010,LW
1202,1,0.189049418501449,1,"[ -2.15651457   0.19473366  -7.97673424 -15.20194363  -1.20014571
  -0.44352207]","[-8.35935197e-02  9.60355590e-03  1.35343784e+02  1.33138632e+01
 -5.54822541e-01  9.68641420e-01]","[-2.31734094e+00  4.52295087e-02  3.46315050e+01  8.22530042e+01
 -1.24097645e+00 -3.33648564e-01]",[12.37823975  0.22409249 -7.00790428 88.74551933 -1.26848617  0.28349341],"[-5.74463200e-01  1.50889920e-02 -1.04092457e+02 -5.77972858e+01
 -1.28377018e+00  2.76175539e-01]","[-1.69590597e-01  2.96411730e-03  5.23926218e+02  9.08529603e+01
 -1.17566980e+00  4.54305503e-01]","[ 7.09196752e-01  1.67412531e-02 -9.19216700e+01  6.71905498e+01
 -1.12698053e+00 -5.41325312e-01]","[ 2.53329986e-01  3.21966469e-03  4.45801226e+02 -1.10934818e+02
 -8.16723779e-01 -8.44268527e-01]",010,LW
1203,1,0.1845966716674061,1,"[ -2.29165976   0.24713177  -6.35533983 -12.56427652  -1.27977146
  -0.2780501 ]","[-7.62028340e-02  1.70599479e-02  8.91033518e+01  8.78992793e+00
 -1.08059689e+00  6.20373205e-01]","[-2.29257514e+00  3.46976103e-02  4.47296161e+01  1.04546006e+02
 -1.17158044e+00 -4.61409757e-01]","[ 12.25393621   0.17810412  -8.74872667 109.20633858  -1.20657136
   0.41063345]","[-5.82604672e-01  1.17662562e-02 -1.31600365e+02 -7.46709873e+01
 -1.19599354e+00  4.70572185e-01]","[-1.67477134e-01  3.85147702e-03  4.06772355e+02  7.01250681e+01
 -1.24155304e+00  3.30497657e-01]","[ 6.97137247e-01  2.26334485e-02 -6.90685583e+01  5.01502646e+01
 -1.23436155e+00 -3.63247064e-01]","[ 2.54327948e-01  1.62891713e-03  2.85287102e+02 -7.05564833e+01
 -1.39980412e+00 -3.80974196e-01]",010,LW
1204,1,0.1840011737778236,1,"[ -2.4555677    0.28521177  -5.53176057 -11.58361256  -1.31475987
  -0.15751768]","[-6.40790296e-02  2.35578308e-02  6.63413813e+01  6.25109134e+00
 -1.26046619e+00  3.57660601e-01]","[-2.27464361e+00  2.37861687e-02  6.37298725e+01  1.46962747e+02
 -1.01400373e+00 -6.62229875e-01]","[ 1.21601427e+01  1.27419090e-01 -1.20086711e+01  1.48027154e+02
 -1.07657241e+00  5.94291929e-01]","[-5.88190395e-01  7.58408130e-03 -1.90814722e+02 -1.10235387e+02
 -8.64436994e-01  8.12371184e-01]","[-1.64825185e-01  4.66308336e-03  3.37417109e+02  5.76148373e+01
 -1.27485060e+00  2.43332681e-01]","[ 6.81538140e-01  2.77618035e-02 -5.66561716e+01  4.06133418e+01
 -1.27787132e+00 -2.49985839e-01]","[ 2.53707651e-01  2.83441555e-03 -4.45623145e+02  1.15058001e+02
 -4.23177280e-01 -1.04685976e+00]",010,LW
1205,1,0.1839369988948386,1,"[ -2.63788226   0.30571241  -5.17021746 -11.63842492  -1.33044469
  -0.05463897]","[-4.84309628e-02  2.80367511e-02  5.62317351e+01  4.72335707e+00
 -1.32687258e+00  1.77064979e-01]","[-2.26368841e+00  1.33337737e-02  1.03206704e+02  2.35627820e+02
 -5.89266323e-01 -9.83077212e-01]","[ 1.20988350e+01  7.67530136e-02 -1.87746774e+01  2.29151723e+02
 -7.48773518e-01  8.87454201e-01]","[-5.90530616e-01  3.91653919e-03 -1.28009839e+02 -7.35937290e+01
 -1.37476514e+00  3.80849014e-01]","[-1.61692835e-01  5.36704794e-03  2.93835829e+02  4.95111482e+01
 -1.29214297e+00  1.77976865e-01]","[ 6.62945928e-01  3.19658095e-02 -4.93423131e+01  3.47112856e+01
 -1.29652347e+00 -1.72138242e-01]","[ 2.51320549e-01  5.49108215e-03 -2.72384265e+02  7.04557631e+01
 -9.34639679e-01 -7.39912242e-01]",010,LW
1206,0,0.1292510517666616,0,"[ -2.80025264   0.26903514  -5.77916022 -14.18310869  -1.40374521
   0.30126904]","[-4.16535886e-02  2.14424899e-02  4.37823958e+01  3.82369390e+00
 -1.00222981e+00  2.93092320e-01]","[ -2.28160496   0.05251588 -19.45488055 -42.38835205   0.19438824
  -1.46095548]","[ 1.21452230e+01  1.75686155e-01  5.13808009e+00 -6.04031285e+01
  4.78540951e-02  1.36438518e+00]",[-0.55741752  0.07710026 14.73047882 10.21102692  0.24471325  1.49608724],"[-1.53032067e-01  1.63259215e-02  8.32479934e+01  1.47396125e+01
 -4.40468941e-02  1.27833717e+00]","[  0.61388156   0.09175335 -14.94270309  11.17304983  -0.07755809
  -1.25225534]","[  0.23362497   0.03726879 -33.55526317   9.83934751   0.16494473
  -1.43852972]",010,LW
1207,0,0.1292510517666616,0,"[ -2.87310069   0.18037746  -4.4511439  -10.78858459  -1.32111909
   0.14034054]","[ -0.04671465   0.03033042 -27.53445765   0.71373732  -0.66749407
  -0.52154981]","[ -2.3073956    0.07188029 -19.42317842 -42.8169564   -1.76025828
  -0.44053677]","[ 12.22356288   0.24022698   5.71689755 -67.88085672  -1.77223111
   0.43015361]",[-0.51587202  0.10507214 13.48635119  8.9572313  -1.73664639  0.45073952],"[-1.44245056e-01  1.95625123e-02  7.52514048e+01  1.28546431e+01
 -1.77912805e+00  3.62589882e-01]","[  0.56480645   0.10857591 -13.5836065    9.67210855  -1.78035107
  -0.35196155]","[  0.21386538   0.04752649 -30.37793669   8.4967891   -1.78146891
  -0.40953398]",010,LW
1208,0,0.1431236292570621,0,[-2.84165205  0.23781615  4.19187491 13.91184995 -0.79905766  0.64632181],"[ -0.06593735   0.05437973 -26.48487008   0.25365775  -1.07735098
  -0.58428624]","[ -2.33952426   0.07906462 -18.75343004 -41.87410449  -1.77349496
   0.30137999]","[ 12.326725     0.26455244   5.56423345 -66.58877554  -1.78518866
  -0.32096041]",[-0.466493    0.11629588 12.86898903  8.00329326 -1.75237689 -0.26571349],"[-1.35545936e-01  1.93038469e-02  7.57309368e+01  1.22650207e+01
 -1.77896928e+00 -3.86062185e-01]","[  0.51705532   0.10578345 -13.75010994   9.10956744  -1.77852184
   0.39843948]","[  0.19262412   0.04923627 -29.91121313   7.76162107  -1.78565466
   0.34876768]",010,LW
1209,0,0.1431236292570621,0,[-2.6975665   0.40438693  3.71976594 12.03431599 -1.22570032  0.51218731],"[ -0.10068449   0.07726434 -20.381081    -0.05205881  -1.29520824
  -0.21845159]","[ -2.37646106   0.07130548 -19.95053678 -45.4116738   -0.24451281
   1.11393121]","[ 12.44791566   0.23691265   5.91946361 -71.6849837   -0.17073628
  -1.17212486]",[-0.41024614  0.10711932 13.58003368  7.57115644 -0.37454269 -1.00379611],"[-1.27151889e-01  1.56104571e-02  8.42849648e+01  1.27169925e+01
  5.66840082e-02 -1.35774176e+00]","[  0.47189363   0.08418948 -15.30051505   9.22021566   0.10887925
   1.3970495 ]","[  0.17055165   0.04182626 -32.7109105    7.57889965  -0.07080833
   1.25885752]",010,LW
1210,0,0.1431236292570621,0,[-2.43980735  0.53112563  2.97163572  9.25021867 -1.31701789  0.14300064],"[ -0.15119291   0.08619441 -18.32169289  -0.77011007  -1.32149329
  -0.11638499]","[-2.41679163e+00  3.26495534e-02 -4.84230755e+01 -1.15028484e+02
 -1.30126708e+00  3.41045352e-02]","[ 1.25812301e+01  1.01370459e-01  1.55972881e+01 -1.94233069e+02
 -1.29072978e+00  1.36612309e-02]",[-0.34845423  0.05573257 28.36663928 11.88447547 -1.31445356 -0.03542559],"[-1.19280417e-01  3.84593106e-03  4.05616979e+02  5.03821625e+01
 -1.21877499e+00 -3.93734320e-01]","[ 4.30493340e-01  1.70727957e-02 -9.04576963e+01  4.09414358e+01
 -1.14188646e+00  5.11853406e-01]","[ 1.48337694e-01  1.42198627e-02 -1.10778807e+02  1.84326727e+01
 -1.28383265e+00  2.12553936e-01]",010,LW
1211,0,0.1431236292570621,0,[-2.10121384  0.56505062  2.79751568  7.87817864 -1.32930365  0.04534833],"[ -0.20567198   0.09014959 -17.53694675  -1.60685861  -1.33081275
  -0.02054341]","[-2.43722357e+00  3.19486132e-02 -4.94855819e+01 -1.18607427e+02
 -1.29653720e+00  3.36889244e-02]","[ 1.26464183e+01  1.03359866e-01  1.52950695e+01 -1.91427847e+02
 -1.28878374e+00  4.29743582e-02]",[-0.31432626  0.05349975 29.53539929 11.28375172 -1.31181496 -0.08651641],"[-1.17269629e-01  2.75829891e-03  5.53802455e+02  6.69442087e+01
 -1.08559420e+00 -5.97880053e-01]","[ 4.22000331e-01  1.10568929e-02 -1.34178755e+02  5.86234791e+01
 -9.05662681e-01  7.70317441e-01]","[ 1.40151384e-01  1.20304456e-02 -1.30515147e+02  2.02918784e+01
 -1.25867391e+00  2.89045021e-01]",010,LW
1212,0,0.1431236292570621,0,[-1.75186344  0.56497015  2.79790492  6.90154734 -1.32842735 -0.04639618],"[ -0.26090983   0.08861125 -17.83412062  -2.65309735  -1.32702488
   0.07328392]","[-2.45734461e+00  3.14371947e-02 -5.02936544e+01 -1.21588840e+02
 -1.29187988e+00  1.76492419e-02]","[ 1.27135614e+01  1.07477391e-01  1.47052425e+01 -1.84956004e+02
 -1.28667169e+00  7.20738070e-02]",[-0.2822212   0.04945913 31.90978952 11.00561907 -1.30431491 -0.14847863],"[-1.16015823e-01  1.60426663e-03  8.57041516e+02  1.01430377e+02
 -6.53621940e-01 -9.36756023e-01]","[ 4.17519097e-01  5.48728450e-03 -2.03347249e+02  8.69013596e+01
 -4.40503390e-01  9.72937830e-01]","[ 1.33441529e-01  9.57080418e-03 -1.62995854e+02  2.37504159e+01
 -1.21056340e+00  3.96179191e-01]",010,LW
1213,0,0.199146517471649,0,[-1.41271722  0.53166383  2.96893625  6.19426736 -1.31539733 -0.13937956],"[ -0.31354713   0.0817678  -19.28770441  -4.04760438  -1.30946576
   0.17210128]","[-2.47737044e+00  3.14290853e-02 -5.03067255e+01 -1.22628395e+02
 -1.28749524e+00 -1.38011074e-02]","[ 1.27839830e+01  1.13795990e-01  1.38841278e+01 -1.75494455e+02
 -1.28508472e+00  9.70095033e-02]",[-0.25329943  0.0435978  36.10559551 11.14552661 -1.28681959 -0.22986436],"[-1.15604906e-01  8.67749643e-04 -1.28067576e+01  5.19475987e-01
 -1.72190589e+00 -2.55421681e-01]","[ 4.17145788e-01  4.72891845e-03  1.90232960e+02 -7.73548780e+01
 -6.47969419e-01  8.06644962e-01]","[ 1.28362621e-01  6.93468734e-03 -2.21398448e+02  3.04192851e+01
 -1.10161325e+00  5.65336217e-01]",010,LW
1214,0,0.199146517471649,0,[-1.10332555  0.4691181   3.35372836  5.70025418 -1.2872143  -0.24183974],"[ -0.36049474   0.07035467 -22.3174215   -6.04531315  -1.27257557
   0.28562315]","[-2.49768393e+00  3.21923508e-02 -4.91028518e+01 -1.20643404e+02
 -1.28338984e+00 -5.50568261e-02]","[ 1.28589726e+01  1.22174355e-01  1.29282874e+01 -1.64244494e+02
 -1.28500510e+00  1.14188515e-01]","[-2.28712808e-01  3.59823349e-02  4.34869455e+01  1.19460214e+01
 -1.24576332e+00 -3.46886959e-01]","[-1.16115308e-01  1.79131741e-03 -7.52745889e+02 -8.54053204e+01
 -5.29860547e-01 -1.01205673e+00]","[ 4.20893052e-01  9.98393350e-03  1.46174114e+02 -5.95236689e+01
 -8.25759259e-01  8.33710115e-01]","[ 1.25020153e-01  4.25584919e-03 -3.40248709e+02  4.45379456e+01
 -7.92558029e-01  8.58112095e-01]",010,LW
1215,0,0.2106936526458151,0,[-0.8401056   0.38384647  4.07158457  5.42056098 -1.23347868 -0.36688615],"[ -0.39922699   0.05554077 -28.00550601  -9.18055397  -1.19921789
   0.43124876]","[-2.51878185e+00  3.38762478e-02 -4.66401078e+01 -1.15476257e+02
 -1.28062159e+00 -9.52899196e-02]","[ 1.29396142e+01  1.32158081e-01  1.19501642e+01 -1.52630515e+02
 -1.28754370e+00  1.20655931e-01]","[-2.09554802e-01  2.68207496e-02  5.73949339e+01  1.40273840e+01
 -1.13779231e+00 -5.34764378e-01]","[-1.17615859e-01  3.30416874e-03 -4.56518171e+02 -5.16937768e+01
 -9.73717468e-01 -6.97616261e-01]","[ 4.28707310e-01  1.60557612e-02  9.57655111e+01 -3.90553747e+01
 -1.10857213e+00  5.53816456e-01]","[ 1.23471012e-01  1.99224592e-03 -4.02568999e+02  5.17056018e+01
 -7.86804450e-01  7.23437011e-01]",010,LW
1216,0,0.2106936526458151,0,[-0.63511277  0.28410148  5.41909852  5.44173866 -1.12289087 -0.54039258],"[-4.27990161e-01  3.88128087e-02 -3.91347109e+01 -1.47492712e+01
 -1.03550383e+00  6.45060741e-01]","[-2.54117980e+00  3.64366149e-02 -4.33427627e+01 -1.08141753e+02
 -1.28157521e+00 -1.22358661e-01]","[ 1.30265368e+01  1.42845446e-01  1.10574297e+01 -1.42040015e+02
 -1.29357834e+00  1.13778002e-01]","[-1.96792840e-01  1.66572188e-02  8.64058855e+01  1.90040596e+01
 -7.97803716e-01 -8.56595994e-01]","[-1.20160664e-01  4.95986481e-03 -3.11883551e+02 -3.54761345e+01
 -1.13756100e+00 -5.00974042e-01]","[ 4.40469094e-01  2.20717499e-02  7.06910318e+01 -2.91372147e+01
 -1.20908916e+00  3.94562629e-01]","[ 1.23723128e-01  2.50016644e-03  4.68332278e+02 -5.59435344e+01
 -4.47771819e-01  9.84581919e-01]",010,LW
1217,0,0.2106936526458151,0,[-0.4954094   0.17959676  8.18357319  6.05421909 -0.84905646 -0.8148263 ],"[-4.45905532e-01  2.20638578e-02 -6.26467136e+01 -2.59345161e+01
 -6.06798478e-01  9.73771868e-01]","[-2.56528153e+00  3.95801707e-02 -3.98958268e+01 -1.00344028e+02
 -1.28825422e+00 -1.27773421e-01]","[ 1.31195924e+01  1.52756848e-01  1.03437253e+01 -1.33705461e+02
 -1.30309450e+00  9.10125968e-02]","[-1.91191681e-01  8.03935839e-03  7.69834177e+01  1.67185890e+01
 -1.12686799e+00 -5.27156027e-01]","[-1.23781080e-01  6.66807027e-03 -2.34252247e+02 -2.69959962e+01
 -1.21043678e+00 -3.80519754e-01]","[ 4.55975905e-01  2.77699988e-02  5.65315627e+01 -2.37770305e+01
 -1.25545916e+00  2.93007305e-01]","[ 1.25734472e-01  4.87785548e-03  3.06318924e+02 -3.65148483e+01
 -9.54107902e-01  7.31617231e-01]",010,LW
1218,0,0.2106936526458151,0,[-0.42301761  0.0860502  12.46829039  7.27430637 -0.40819852 -0.99104406],"[-4.52967820e-01  1.00782561e-02 -3.17280630e+01 -1.23717916e+01
 -1.49209635e+00  3.68586726e-01]","[-2.59123119e+00  4.27552603e-02 -3.69458717e+01 -9.37352951e+01
 -1.30021311e+00 -1.08560675e-01]","[ 1.32175264e+01  1.59839760e-01  9.88977113e+00 -1.28718311e+02
 -1.31424317e+00  5.03362172e-02]","[-1.93240695e-01  1.20875757e-02 -1.02024606e+02 -1.77153058e+01
 -4.43241231e-01 -1.01652682e+00]","[-1.28474969e-01  8.35670654e-03 -1.87846759e+02 -2.21336065e+01
 -1.25124189e+00 -2.95181527e-01]","[ 4.74911478e-01  3.29153382e-02  4.78490383e+01 -2.07240575e+01
 -1.28218512e+00  2.17771516e-01]","[ 1.29411927e-01  7.32742398e-03  2.11457343e+02 -2.53651022e+01
 -1.17144176e+00  4.75624610e-01]",010,LW
1219,0,0.2106936526458151,0,"[ -0.41535353   0.07049074 -13.39922044  -3.56541348  -0.68573245
  -0.76359394]","[-4.49955207e-01  1.57369129e-02  8.48855341e+01  4.01946881e+01
 -6.45227710e-01  9.22136469e-01]","[-2.61878347e+00  4.52143050e-02 -3.49567029e+01 -8.95440357e+01
 -1.31406138e+00 -6.57760757e-02]","[ 1.33177767e+01  1.61766090e-01  9.77371294e+00 -1.28164127e+02
 -1.32280289e+00 -9.07181755e-03]","[-2.03092491e-01  2.31686423e-02 -6.47081747e+01 -1.11417444e+01
 -9.67711542e-01 -7.17485878e-01]","[-1.34193844e-01  9.93806546e-03 -1.58432298e+02 -1.92606391e+01
 -1.27818212e+00 -2.25968872e-01]","[ 4.96808200e-01  3.72255086e-02  4.23917461e+01 -1.90605671e+01
 -1.30020377e+00  1.53696244e-01]","[ 1.34610169e-01  9.56413848e-03  1.63846192e+02 -2.00553636e+01
 -1.25091711e+00  3.24245876e-01]",010,LW
1220,0,0.2044192133482596,0,"[ -0.46600618   0.13753904 -10.79787263  -3.0318754   -0.97057158
  -0.7320488 ]","[-4.38274626e-01  2.66744333e-02  5.74520773e+01  2.71797877e+01
 -1.14622433e+00  5.54577123e-01]","[-2.64723394e+00  4.61519247e-02 -3.42576016e+01 -8.86878858e+01
 -1.32456721e+00 -1.87666939e-03]","[ 1.34165366e+01  1.56518491e-01  1.00948950e+01 -1.33438528e+02
 -1.32285254e+00 -8.70900864e-02]","[-2.20516840e-01  3.45044808e-02 -4.49324783e+01 -7.90836813e+00
 -1.17639771e+00 -4.68896444e-01]","[-1.40830602e-01  1.13060356e-02 -1.39540836e+02 -1.76516200e+01
 -1.29741251e+00 -1.63565736e-01]","[  0.52101359   0.0403697   39.13790314 -18.3913793   -1.31293628
   0.09255188]","[ 1.41131022e-01  1.14679235e-02  1.37306689e+02 -1.73782334e+01
 -1.28703023e+00  2.22190067e-01]",010,LW
1221,0,0.2044192133482596,0,[-0.56573206  0.20248538 -7.6824612  -2.34621457 -1.22826946 -0.41925756],"[-4.19768179e-01  3.54088766e-02  4.42891808e+01  2.05911888e+01
 -1.28819552e+00  3.00395333e-01]","[-2.67543984e+00  4.48883291e-02 -3.52013774e+01 -9.21791675e+01
 -1.32576969e+00  8.18707735e-02]","[ 1.35091364e+01  1.43049116e-01  1.10207371e+01 -1.46880641e+02
 -1.30743902e+00 -1.84529982e-01]","[ -0.24487776   0.04474405 -35.03941125  -6.58037264  -1.25809354
  -0.3146882 ]","[-1.48211693e-01  1.23456679e-02 -1.27957370e+02 -1.69647785e+01
 -1.31082643e+00 -1.03257503e-01]","[ 5.46671013e-01  4.20008111e-02  3.76412890e+01 -1.85774016e+01
 -1.32095344e+00  2.91630832e-02]","[ 1.48724595e-01  1.29480935e-02  1.21902208e+02 -1.61298565e+01
 -1.30592518e+00  1.43842826e-01]",010,LW
1222,0,0.2044192133482596,0,[-0.70356042  0.25156574 -6.25463699 -2.40051506 -1.30098709 -0.23539307],[-0.3965029   0.04098772 38.50547951 17.2675342  -1.3270349   0.14087737],"[-2.70193952e+00  4.10415427e-02 -3.84066648e+01 -1.01772486e+02
 -1.31015634e+00  1.88094010e-01]","[ 1.35907132e+01  1.21724476e-01  1.28847385e+01 -1.73112785e+02
 -1.26646790e+00 -3.06310660e-01]","[ -0.27514446   0.05312785 -29.65564186  -6.15958566  -1.2964545
  -0.20482469]","[-1.56096532e-01  1.29491844e-02 -1.22081179e+02 -1.70564487e+01
 -1.31890791e+00 -4.23217380e-02]","[  0.57272244   0.04180455  37.81491577 -19.65745084  -1.32343072
  -0.04107582]","[ 1.57093931e-01  1.39289642e-02  1.13455860e+02 -1.58232269e+01
 -1.31606236e+00  7.67397993e-02]",010,LW
1223,0,0.2044192133482596,0,[-0.86792666  0.2828716  -5.58288787 -2.84553723 -1.32142193 -0.11593269],"[-3.70560446e-01  4.33823293e-02  3.64409388e+01  1.55035706e+01
 -1.33240699e+00  2.67837456e-02]","[-2.72515095e+00  3.46336923e-02 -4.52248537e+01 -1.21244553e+02
 -1.26341958e+00  3.27501474e-01]","[ 1.36570337e+01  9.43852463e-02  1.64300027e+01 -2.22385101e+02
 -1.17820105e+00 -4.66387425e-01]","[ -0.30994394   0.05909633 -26.72361145  -6.28282141  -1.31497545
  -0.11722551]","[-1.64185388e-01  1.30316922e-02 -1.21320446e+02 -1.79190445e+01
 -1.32158608e+00  2.17977815e-02]","[ 5.97942374e-01  3.95540862e-02  3.99201876e+01 -2.18699718e+01
 -1.31753527e+00 -1.24247526e-01]","[ 1.65904717e-01  1.43545531e-02  1.10143154e+02 -1.62732688e+01
 -1.32008448e+00  1.42986911e-02]",010,LW
1224,0,0.2276576774965473,0,[-1.04774853  0.29748475 -5.31433309 -3.5680847  -1.32270765 -0.03158193],[-0.34384332  0.04296493 36.78703457 14.64897611 -1.32283048 -0.06183324],"[-2.74360174e+00  2.61134154e-02 -5.89826151e+01 -1.59824805e+02
 -1.14516118e+00  5.28550768e-01]","[ 1.37052517e+01  6.40706414e-02  2.35216212e+01 -3.20369739e+02
 -9.81541802e-01 -6.97482697e-01]","[ -0.34765914   0.06231509 -25.36838474  -6.81955083  -1.32171391
  -0.04236805]","[-1.72135498e-01  1.25420276e-02 -1.25971805e+02 -1.96842194e+01
 -1.31784374e+00  9.28004969e-02]","[ 6.21010726e-01  3.51692313e-02  4.47534535e+01 -2.57923746e+01
 -1.29576794e+00 -2.30081915e-01]","[ 1.74801350e-01  1.42006929e-02  1.11318379e+02 -1.74586029e+01
 -1.31845596e+00 -4.70484165e-02]",010,LW
1225,0,0.2276576774965473,0,[-1.23334332  0.29818511 -5.30203883 -4.53923418 -1.31603459  0.02947938],[-0.31791551  0.04037559 39.10396093 14.43175581 -1.30554565 -0.1321209 ],"[-2.75613078e+00  1.63803639e-02 -8.83861394e+01 -2.41603759e+02
 -8.10727898e-01  8.48051519e-01]","[ 1.37343731e+01  3.48350242e-02  3.86579745e+01 -5.28943047e+02
 -5.07037500e-01 -1.02916042e+00]","[-3.86569585e-01  6.27317070e-02 -2.52026617e+01 -7.74258248e+00
 -1.32024317e+00  2.39211420e-02]","[-1.79583343e-01  1.14686562e-02 -1.37500750e+02 -2.26928444e+01
 -1.30447645e+00  1.76772480e-01]","[ 6.40623619e-01  2.87835577e-02  5.42471200e+01 -3.27519863e+01
 -1.23861864e+00 -3.76411521e-01]","[ 1.83429471e-01  1.34868960e-02  1.17116929e+02 -1.94826964e+01
 -1.31083435e+00 -1.09391735e-01]",010,LW
1226,0,0.2276576774965473,0,[-1.4170928   0.28872671 -5.47390681 -5.75703391 -1.30665958  0.07207264],"[-2.93892479e-01  3.64074904e-02  4.33082703e+01  1.47279749e+01
 -1.28535478e+00 -1.85059076e-01]","[-2.76201160e+00  7.76519090e-03 -9.99910251e+01 -2.74176371e+02
 -8.27911608e-01  6.98078994e-01]","[ 1.37453056e+01  1.55060431e-02  1.00160948e+01 -1.35674284e+02
 -1.63105916e+00 -2.97100222e-01]","[ -0.42501593   0.06058585 -26.08199968  -9.08526523  -1.31272229
   0.08348294]","[-1.86170025e-01  9.84334069e-03 -1.59519211e+02 -2.76976955e+01
 -1.27306821e+00  2.84654845e-01]","[ 6.55630919e-01  2.08201903e-02  7.33197731e+01 -4.60707102e+01
 -1.08716879e+00 -6.00694383e-01]","[ 1.91462635e-01  1.22806418e-02  1.28426440e+02 -2.25888647e+01
 -1.29646093e+00 -1.74453978e-01]",010,LW
1227,0,0.112321379425015,0,[-1.59379137  0.27315714 -5.78393212 -7.2183811  -1.29759448  0.09798735],"[-2.72392861e-01  3.18793517e-02  4.94092053e+01  1.54587148e+01
 -1.26686344e+00 -2.17656889e-01]","[-2.76097574e+00  9.84378267e-03  1.20104871e+02  3.33606636e+02
 -4.64813358e-01  9.75700448e-01]","[ 1.37405012e+01  2.41981635e-02 -5.72248857e+01  7.88298611e+02
 -7.83330539e-01 -8.47772180e-01]","[ -0.46155527   0.05635575 -28.0130747  -10.92958226  -1.30083088
   0.13717185]","[-1.91567419e-01  7.74546744e-03 -2.00655876e+02 -3.64391282e+01
 -1.19980251e+00  4.38729501e-01]","[ 6.65180003e-01  1.21639960e-02  1.13762946e+02 -7.36728368e+01
 -6.47366507e-01 -9.47129997e-01]","[ 1.98628680e-01  1.06912931e-02  1.47161111e+02 -2.72304173e+01
 -1.27386737e+00 -2.44467763e-01]",010,LW
1228,0,0.112321379425015,0,[-1.76063359  0.25521256 -6.18964416 -8.89769544 -1.2907804   0.10793782],"[-2.53563670e-01  2.75128847e-02  5.72392276e+01  1.65137886e+01
 -1.25504091e+00 -2.24403001e-01]","[-2.75314808e+00  1.89577400e-02  7.90364232e+01  2.19598977e+02
 -9.75103215e-01  7.14396919e-01]","[ 1.37233260e+01  3.84597041e-02 -4.02409203e+01  5.54239269e+02
 -1.22474001e+00 -4.60785740e-01]","[ -0.49507519   0.05066018 -31.12342782 -13.408437    -1.28598724
   0.18547802]","[-1.95503571e-01  5.31479877e-03 -2.83402202e+02 -5.34061427e+01
 -1.00323455e+00  6.87611650e-01]","[ 6.68837977e-01  5.89029892e-03  3.89229704e+01 -2.40331608e+01
 -1.60675055e+00 -3.03532751e-01]","[ 2.04731190e-01  8.85651214e-03  1.76986647e+02 -3.42346867e+01
 -1.23999563e+00 -3.22828993e-01]",010,LW
1229,0,0.112321379425015,0,"[ -1.91683934   0.23781476  -6.64293345 -10.73343619  -1.28751728
   0.10383578]","[-2.37180058e-01  2.38289546e-02  6.61399309e+01  1.76870727e+01
 -1.25386165e+00 -2.01941678e-01]","[-2.73893403e+00  2.82179481e-02  5.49730653e+01  1.52567599e+02
 -1.17869768e+00  4.63173945e-01]","[ 1.36973736e+01  4.84562865e-02 -3.24793288e+01  4.46881501e+02
 -1.31203160e+00 -2.26114579e-01]","[ -0.52484836   0.04414816 -35.66259682 -16.71745542  -1.26935697
   0.22878789]","[-1.97785123e-01  2.84340917e-03 -4.43634932e+02 -8.57443894e+01
 -4.76121400e-01  1.00639896e+00]","[ 6.66663897e-01  9.91951326e-03 -1.35163737e+02  9.21087839e+01
 -6.30371866e-01 -9.37452004e-01]","[ 2.09662625e-01  6.92610455e-03  2.24998710e+02 -4.51738200e+01
 -1.18873816e+00 -4.14765688e-01]",010,LW
1230,0,0.1123213729744392,0,"[ -2.06298968   0.22265388  -7.09662671 -12.64026767  -1.28825189
   0.09140297]","[-2.22800956e-01  2.10658395e-02  7.49081988e+01  1.86896183e+01
 -1.26316048e+00 -1.58212912e-01]","[-2.71890993e+00  3.66987863e-02  4.27083066e+01  1.18120039e+02
 -1.24807014e+00  3.22079260e-01]","[ 1.36659517e+01  5.40641207e-02 -2.92207592e+01  4.01329484e+02
 -1.32449402e+00 -9.59847279e-02]","[-5.50524490e-01  3.74024671e-02 -4.20287982e+01 -2.11378827e+01
 -1.25191322e+00  2.67673081e-01]","[-1.98313392e-01  1.81274499e-03  2.90729728e+02  5.96555984e+01
 -1.26757684e+00  4.58229402e-01]","[ 6.59211470e-01  1.68998572e-02 -9.05442424e+01  6.16878031e+01
 -1.13369792e+00 -5.67895146e-01]","[ 2.13407049e-01  5.04620766e-03  3.05842290e+02 -6.32689007e+01
 -1.10792433e+00 -5.29018480e-01]",010,LW
1231,0,0.1123213729744392,0,"[ -2.2002028    0.20992139  -7.52816111 -14.56348114  -1.29233115
   0.08070703]","[-2.09947077e-01  1.91388835e-02  8.25242875e+01  1.93257329e+01
 -1.27844513e+00 -1.16957534e-01]","[-2.69375586e+00  4.41600148e-02  3.56451239e+01  9.80192614e+01
 -1.27899570e+00  2.32286532e-01]","[ 1.36318883e+01  5.60060827e-02 -2.82297616e+01  3.86824956e+02
 -1.32582345e+00 -7.56341912e-03]","[-5.72069082e-01  3.08703582e-02 -5.08365157e+01 -2.70819988e+01
 -1.23427864e+00  3.03750861e-01]","[-1.97090600e-01  3.74753382e-03  3.81250540e+02  7.71408976e+01
 -7.70747367e-01  8.74275672e-01]","[ 6.47459256e-01  2.25580539e-02 -6.94850527e+01  4.69887406e+01
 -1.28753029e+00 -3.08257968e-01]","[ 2.16032153e-01  3.34461600e-03  4.53098644e+02 -9.58838756e+01
 -9.69908795e-01 -6.82815750e-01]",010,LW
1232,0,0.1123213677550483,0,"[ -2.32930032   0.19836197  -7.96657335 -16.55654182  -1.29809702
   0.08314524]","[-1.98264477e-01  1.76840367e-02  8.93295219e+01  1.97108709e+01
 -1.29444934e+00 -1.06441837e-01]","[-2.66424378e+00  5.04091631e-02  3.12954100e+01  8.53786014e+01
 -1.29669634e+00  1.65447175e-01]","[ 1.35976568e+01  5.46071926e-02 -2.89366879e+01  3.95471150e+02
 -1.32668381e+00  8.05021145e-02]","[-5.89669384e-01  2.48270667e-02 -6.30839943e+01 -3.51987001e+01
 -1.21573875e+00  3.41314890e-01]","[-1.94214012e-01  6.09695733e-03  2.52185926e+02  5.09780403e+01
 -1.13260484e+00  5.43932664e-01]","[ 6.32682837e-01  2.61201850e-02 -6.04252329e+01  4.02300078e+01
 -1.33284874e+00 -1.36909483e-01]","[ 2.17672240e-01  1.92000744e-03  7.54685693e+02 -1.62274125e+02
 -6.98896479e-01 -9.12001727e-01]",010,LW
1233,0,0.1866265469392222,0,"[ -2.4674895    0.21399915  -7.35431291 -16.1466899   -1.125146
  -0.19884802]","[-1.86387287e-01  1.81843566e-02  8.67662166e+01  1.81721197e+01
 -1.17419617e+00  1.10317892e-01]",[-2.62369651  0.06852812 22.5928634  61.2768168  -0.94684456  0.51235768],"[ 1.35635141e+01  5.28418866e-02 -2.99075700e+01  4.07651748e+02
 -1.26257035e+00  6.29449174e-02]","[-6.04593753e-01  2.07511127e-02 -7.58462429e+01 -4.38561646e+01
 -1.17414621e+00  2.24120525e-01]","[-1.88335328e-01  1.10783574e-02  1.35674837e+02  2.75523648e+01
 -7.03394789e-01  7.98492268e-01]","[ 6.13420441e-01  3.22570903e-02 -4.85577675e+01  3.17863272e+01
 -1.09139670e+00 -3.33306396e-01]","[ 2.18390901e-01  8.50093483e-04  9.96440244e+02 -2.15613482e+02
 -7.59377691e-01 -7.44793496e-01]",010,LW
1234,0,0.1866265469392222,0,"[ -2.59169998   0.20527262  -7.643364   -17.80930636  -1.49264391
   0.02622644]","[-1.76310179e-01  1.63695818e-02  9.54596230e+01  1.88305032e+01
 -1.46903199e+00 -1.39286891e-01]",[-2.58112402  0.07633728 20.48688883 54.8792009  -1.51549684  0.18143717],"[ 1.35376576e+01  4.12681719e-02 -3.66677248e+01  4.98395105e+02
 -1.29529004e+00  4.05298927e-01]","[-6.15749588e-01  1.60684383e-02 -9.65648208e+01 -5.74597485e+01
 -1.29860946e+00  3.51918567e-01]","[-1.81094780e-01  1.39710377e-02  1.10943911e+02  2.20913632e+01
 -1.48640275e+00  3.28065606e-01]","[ 5.94464542e-01  3.27937112e-02 -4.78377959e+01  3.04378734e+01
 -1.51367779e+00 -3.06001296e-02]","[ 2.18494189e-01  6.56393359e-04 -1.60727802e+03  3.53180906e+02
 -1.25822572e+00 -3.36237814e-01]",010,LW
1235,0,0.1866265469392222,0,"[ -2.69820748   0.17555649  -8.72614982 -21.54496269  -1.4558532
   0.42888929]","[-1.68540052e-01  1.25834540e-02  1.16997265e+02  2.17187252e+01
 -1.34163080e+00 -5.99753253e-01]",[-2.53816213  0.07576092 20.6220359  54.34207051 -1.5170972  -0.20157437],"[ 1.35243201e+01  2.55769093e-02 -3.53523356e+01  4.80116302e+02
 -1.10238331e+00  3.57605843e-01]","[-6.23529876e-01  1.11502667e-02 -1.31342544e+02 -7.98960003e+01
 -1.17573927e+00  6.90285690e-01]","[-1.72762590e-01  1.54054711e-02  1.01900075e+02  1.96045209e+01
 -1.49880601e+00 -4.25649063e-02]","[ 5.76982726e-01  2.93993771e-02 -5.25361945e+01  3.23124767e+01
 -1.47377542e+00  3.65217467e-01]","[ 2.18212510e-01  9.10704517e-04 -1.68790686e+03  3.70322394e+02
 -1.58096000e+00 -8.66124953e-02]",010,LW
1236,0,0.1866265469392222,0,"[ -2.78263985   0.12602353 -11.36375799 -29.62124577  -0.41283275
   1.05591818]","[-1.63647766e-01  7.51768956e-03  1.43655318e+02  2.55088718e+01
 -7.37298468e-03 -1.30446123e+00]",[-2.49664292  0.06653058 23.16776392 59.84163372 -0.91328773 -0.56874527],"[ 1.35282248e+01  3.30292323e-02  3.00652729e+01 -4.04729770e+02
 -6.52271140e-01  7.72229217e-01]","[-6.28313662e-01  6.29355282e-03 -1.88714117e+02 -1.16571658e+02
  1.02644408e-01  1.39481966e+00]","[-1.63583877e-01  1.54011124e-02  1.01926923e+02  1.86736012e+01
 -1.08714036e+00 -2.67106353e-01]","[ 5.61715795e-01  2.29554017e-02 -6.52037015e+01  3.86259490e+01
 -6.47011540e-01  8.31855581e-01]","[ 2.17763878e-01  9.12541922e-04 -1.68560006e+03  3.69062805e+02
 -1.05454081e+00  5.63153213e-01]",010,LW
1237,0,0.1866265469392222,0,"[-2.84078896e+00  4.78959914e-02 -2.77423543e+01 -7.68101736e+01
 -5.68045296e-01  9.76203754e-01]","[-1.62102189e-01  4.23049781e-03 -2.44423274e+02 -3.76215477e+01
 -5.05052109e-01 -9.09210553e-01]","[-2.45851613e+00  4.59223409e-02  3.42158285e+01  8.61201664e+01
 -1.28122445e+00 -2.69720986e-01]","[ 1.35543429e+01  6.84327744e-02  2.16879922e+01 -2.91966483e+02
 -8.52088407e-01  7.97954552e-01]","[-6.30469956e-01  1.74785502e-03  3.27768252e+02  2.08648035e+02
 -1.28474879e+00  4.17295300e-01]","[-1.53759730e-01  1.37027836e-02  1.15360672e+02  1.97378257e+01
 -1.30158040e+00  5.44938791e-02]","[ 5.48917317e-01  1.30784648e-02 -1.19587305e+02  6.76435428e+01
 -1.17827785e+00  3.69221697e-01]","[ 2.17348930e-01  5.32433779e-04 -2.61680525e+03  5.70759822e+02
 -8.81188480e-01  7.81219648e-01]",010,LW
1238,0,0.1866265469392222,0,[-2.8521097   0.02683323  8.16205538 25.27907734 -1.63380374  0.28527873],"[-1.65362418e-01  8.39298789e-03 -1.76498827e+02 -2.71862728e+01
 -9.45260815e-01 -7.51855112e-01]","[-2.43330798e+00  3.64247972e-02  4.26930549e+01  1.05885351e+02
 -1.20932291e+00 -4.29701305e-01]","[ 1.36097406e+01  1.10219587e-01  1.39068310e+01 -1.87268362e+02
 -1.05863933e+00  5.91819914e-01]","[-6.29406632e-01  3.37402312e-03  4.31994473e+02  2.73900186e+02
 -8.97258857e-01  7.89543966e-01]","[-1.44966189e-01  1.41684425e-02  1.11578500e+02  1.81751100e+01
 -1.30095846e+00  4.40693055e-02]","[ 5.41242457e-01  1.04812215e-02 -1.49910347e+02  8.31378444e+01
 -1.18466058e+00  2.80912441e-01]","[ 2.17265142e-01  3.80517785e-04  5.92636114e+02 -1.26759170e+02
 -1.54197515e+00  3.47768098e-01]",010,LW
1239,0,0.1866265469392222,0,"[-2.83674802e+00  5.30362732e-02  2.63061635e+01  7.66239573e+01
 -7.03503425e-01  9.12690698e-01]","[-1.71423024e-01  1.23417612e-02 -1.25971169e+02 -1.95943588e+01
 -1.24111722e+00 -4.19732754e-01]","[-2.41489885e+00  2.50226320e-02  6.00738554e+01  1.47072285e+02
 -1.00251210e+00 -6.92942924e-01]","[  13.69339128    0.15738577    9.86623369 -133.10219836   -1.15645714
    0.46147684]","[-6.26933241e-01  5.16556404e-03  3.00211560e+02  1.90212606e+02
 -1.20418419e+00  4.55514741e-01]","[-1.35904537e-01  1.45462000e-02  1.08687131e+02  1.67710741e+01
 -1.30223753e+00  3.48199928e-02]","[ 5.34678502e-01  9.28068311e-03 -1.70221238e+02  9.30136367e+01
 -1.21549955e+00  6.49570126e-02]","[ 2.17571198e-01  9.20291300e-04  1.45570861e+03 -3.14720267e+02
 -4.47071200e-01  1.06629859e+00]",010,LW
1240,0,0.0827207618191927,0,[-2.7964471   0.0878197  17.47611987 50.8710448  -1.13973258  0.55104989],"[-1.79554746e-01  1.49376515e-02 -1.05506448e+02 -1.69441835e+01
 -1.34819397e+00 -1.77432477e-01]","[-2.40447820e+00  1.32311926e-02  9.12304737e+01  2.21361685e+02
 -4.72598780e-01 -9.80905328e-01]","[  13.80791547    0.20811378    7.51160272 -101.71957542   -1.21135342
    0.36966179]","[-6.23354077e-01  6.59817797e-03  2.38076043e+02  1.50405672e+02
 -1.27906107e+00  2.75015999e-01]","[-1.26651276e-01  1.48107937e-02  1.06751861e+02  1.55202595e+01
 -1.30536448e+00  2.07807369e-02]","[ 5.28422076e-01  9.56453922e-03 -1.64940732e+02  8.91583238e+01
 -1.22292851e+00 -1.61247201e-01]","[ 2.18384968e-01  1.77912437e-03  8.39526938e+02 -1.81340064e+02
 -8.91820549e-01  7.64434805e-01]",010,LW
1241,0,0.0827207618191927,0,[-2.7351858   0.11648219 13.45617243 38.80513174 -1.28378277  0.31019913],"[-1.88639817e-01  1.55369875e-02 -1.01687725e+02 -1.71823538e+01
 -1.37805704e+00  4.63374477e-02]","[-2.40283928e+00  9.96277769e-03 -7.20972307e+01 -1.71238058e+02
 -9.24914251e-01 -6.44116475e-01]","[ 13.95476483   0.26028142   6.03036126 -82.15227321  -1.24625498
   0.29847337]","[-6.18925296e-01  7.69383156e-03  2.04962189e+02  1.28856283e+02
 -1.29523491e+00  1.79007748e-01]","[-1.17311147e-01  1.48888114e-02  1.06195580e+02  1.44579254e+01
 -1.30933365e+00 -2.42735955e-03]","[ 5.21747312e-01  1.09858304e-02 -1.43151975e+02  7.66891583e+01
 -1.23371664e+00 -2.60514924e-01]","[ 2.19803734e-01  2.79887344e-03  5.49239895e+02 -1.18724980e+02
 -1.08368253e+00  5.64914463e-01]",010,LW
1242,0,0.0827207618191927,0,[-2.65902201  0.1346033  11.72555673 33.17851342 -1.33777567  0.13534521],"[-1.97246669e-01  1.37592204e-02 -1.13680787e+02 -2.04231566e+01
 -1.32363399e+00  3.19832020e-01]","[-2.41030477e+00  2.11579744e-02 -6.81106541e+01 -1.62167434e+02
 -7.86019795e-01 -8.64231505e-01]","[ 14.13393708   0.31135036   5.05472921 -69.44322464  -1.27057952
   0.23855564]","[-6.13821134e-01  8.58131581e-03  1.83974073e+02  1.14927174e+02
 -1.29027676e+00  1.37568977e-01]","[-1.08038309e-01  1.46793834e-02  1.07697806e+02  1.36354888e+01
 -1.31231781e+00 -3.72166462e-02]","[ 5.14179287e-01  1.29169356e-02 -1.21826320e+02  6.46405702e+01
 -1.27112442e+00 -2.41064951e-01]","[ 2.21896724e-01  3.91407874e-03  3.97584799e+02 -8.62227644e+01
 -1.17906504e+00  4.32911054e-01]",010,LW
1243,0,0.0827207618191927,0,"[-2.57574704e+00  1.39491418e-01  1.13316019e+01  3.11873401e+01
 -1.35344805e+00 -2.23975193e-02]","[-2.03748469e-01  9.65385593e-03 -1.51613032e+02 -2.88909232e+01
 -9.90547787e-01  7.28744242e-01]","[-2.42669271e+00  3.42901965e-02 -4.48255504e+01 -1.06777836e+02
 -1.12300465e+00 -5.50012136e-01]","[ 14.34372484   0.35839645   4.39942869 -61.10419461  -1.28840714
   0.18461062]","[-6.08101401e-01  9.46392657e-03  1.66803895e+02  1.03433682e+02
 -1.27532718e+00  1.41863494e-01]","[-9.90431655e-02  1.40851041e-02  1.12188019e+02  1.31114566e+01
 -1.31180971e+00 -8.45984594e-02]","[ 5.05608800e-01  1.46563160e-02 -1.07651589e+02  5.64295910e+01
 -1.31459396e+00 -1.56517143e-01]","[ 2.24696700e-01  5.05571554e-03  3.09841734e+02 -6.76204151e+01
 -1.23500923e+00  3.34213353e-01]",010,LW
1244,0,0.1018196330985826,0,[-2.49436363  0.12965188 12.14891316 32.30380716 -1.33321016 -0.19871013],"[-2.06474187e-01  5.43052428e-03 -8.28641020e+01 -1.51092981e+01
 -1.49026435e+00  2.98767076e-01]","[-2.45133268e+00  4.64190625e-02 -3.36798557e+01 -8.05605308e+01
 -1.23914273e+00 -3.60710480e-01]","[ 14.58057301   0.39831863   3.96370426 -55.79307929  -1.3013189
   0.13376927]","[-6.01688206e-01  1.05953171e-02  1.48843911e+02  9.15576255e+01
 -1.25643907e+00  1.80922242e-01]","[-9.05812210e-02  1.30438021e-02  1.21004488e+02  1.29607343e+01
 -1.30466644e+00 -1.45209007e-01]","[ 4.96321854e-01  1.55676289e-02 -1.01535730e+02  5.23944015e+01
 -1.34321750e+00 -3.81242755e-02]","[ 2.28192654e-01  6.14514020e-03  2.55936489e+02 -5.64028268e+01
 -1.27064555e+00  2.53286898e-01]",010,LW
1245,0,0.1504746386693284,0,[-2.42438304  0.10514347 14.75364971 37.76849812 -1.23408594 -0.44058986],"[-2.03878082e-01  1.04757668e-02  1.18572468e+02  2.61743274e+01
 -3.53265173e-01  1.08948282e+00]","[-2.48313286e+00  5.66183647e-02 -2.77930911e+01 -6.70139376e+01
 -1.28604214e+00 -2.37784191e-01]","[ 14.83911468   0.42821684   3.69015959 -52.75870132  -1.30987329
   0.08472267]","[-5.94365225e-01  1.22178539e-02  1.28866437e+02  7.85937285e+01
 -1.24010558e+00  2.31206492e-01]","[-8.29263447e-02  1.15514346e-02  1.36322627e+02  1.33047371e+01
 -1.28680998e+00 -2.20682959e-01]","[ 4.86939067e-01  1.52018628e-02 -1.03885348e+02  5.25858343e+01
 -1.34407456e+00  1.05472536e-01]","[ 2.32326703e-01  7.10276218e-03  2.21990593e+02 -4.95743425e+01
 -1.29323758e+00  1.83510765e-01]",010,LW
1246,0,0.1504746386693284,0,[-2.37495929  0.0687691  20.95636805 51.770521   -0.86379613 -0.81466489],"[-1.94713656e-01  2.10731734e-02  7.03779944e+01  1.57035566e+01
 -8.74663026e-01  7.88292777e-01]","[ -2.52069053   0.06441184 -24.50102068 -59.75949081  -1.30609423
  -0.14986717]","[ 1.51124229e+01  4.45824326e-01  3.54608631e+00 -5.15899561e+01
 -1.31440577e+00  3.69343521e-02]","[-5.85809909e-01  1.44790459e-02  1.08588004e+02  6.56119287e+01
 -1.23350491e+00  2.66370259e-01]","[-7.63356811e-02  9.66935655e-03  1.62148553e+02  1.43777202e+01
 -1.25160003e+00 -3.15843030e-01]","[ 4.78281687e-01  1.33899553e-02 -1.17214849e+02  5.80617157e+01
 -1.30018680e+00  2.83241565e-01]","[ 2.36997626e-01  7.86171446e-03  2.00868694e+02 -4.56054037e+01
 -1.30630581e+00  1.22378946e-01]",010,LW
1247,0,0.2131794933630737,0,[-2.35392948  0.03564885 13.28389313 33.26934768 -1.39207231 -0.37650534],"[-1.78194442e-01  3.30599664e-02  4.65648714e+01  1.02976013e+01
 -1.11277803e+00  5.45009902e-01]","[ -2.56243229   0.0696251  -22.6959385  -56.15680562  -1.31368236
  -0.08286789]","[ 1.53924762e+01  4.49840216e-01  3.51478959e+00 -5.21013152e+01
 -1.31523744e+00 -9.96790399e-03]","[-5.75658742e-01  1.73723715e-02  9.04703853e+01  5.40800682e+01
 -1.23960585e+00  2.73562804e-01]","[-7.10145862e-02  7.51597181e-03  2.06815353e+02  1.66869067e+01
 -1.18411325e+00 -4.42774890e-01]","[ 4.71196498e-01  1.02837495e-02 -1.49648772e+02  7.25139775e+01
 -1.16182435e+00  5.26458101e-01]","[ 2.42071001e-01  8.37915213e-03  1.88622356e+02 -4.36600025e+01
 -1.31243146e+00  6.89196499e-02]",010,LW
1248,0,0.2147850899332284,0,"[ -2.36688798   0.06076535 -20.73285499 -47.07234517  -0.44563554
  -1.02957199]",[-0.15411768  0.04501661 34.68067245  7.34490469 -1.22009384  0.3842153 ],"[-2.60676591e+00  7.23393155e-02 -2.18552056e+01 -5.49714051e+01
 -1.31464602e+00 -3.00745626e-02]","[ 15.67078855   0.44008805   3.5917846  -54.28609699  -1.31255795
  -0.05640222]","[-5.63593376e-01  2.07300089e-02  7.58740448e+01  4.47621091e+01
 -1.25509904e+00  2.54824142e-01]","[-6.70883035e-02  5.25109163e-03  2.90151173e+02  2.14657500e+01
 -1.04201680e+00 -6.29388917e-01]","[ 4.66377843e-01  6.38407417e-03 -2.22827685e+02  1.05921895e+02
 -7.57422194e-01  8.84662887e-01]","[ 2.47393345e-01  8.63969213e-03  1.82998158e+02 -4.32725264e+01
 -1.31393195e+00  2.21775621e-02]",010,LW
1249,0,0.2751718234027722,0,"[ -2.41647094   0.11499402 -13.05755378 -29.55319923  -0.98110617
  -0.70732104]",[-0.12292832  0.05578407 28.17600812  5.46362922 -1.27564995  0.26516428],"[-2.65222547e+00  7.28537901e-02 -2.17024166e+01 -5.55597021e+01
 -1.31169641e+00  1.13134931e-02]","[ 15.93912029   0.41753244   3.78357128 -58.3067977   -1.30632834
  -0.10265945]","[-5.49425506e-01  2.42592847e-02  6.49248516e+01  3.76713695e+01
 -1.27402634e+00  2.18308950e-01]","[-6.45844909e-02  3.07271414e-03  4.63869955e+02  3.19588049e+01
 -6.90615190e-01 -9.25602082e-01]","[ 4.64220374e-01  3.01691121e-03 -1.91786509e+02  9.10312051e+01
 -1.12476197e+00  5.39506243e-01]","[ 2.52806299e-01  8.65010978e-03  1.82779998e+02 -4.42079348e+01
 -1.31267378e+00 -1.95280906e-02]",010,LW
1250,0,0.3102085581101218,0,"[ -2.50200538   0.16911803  -9.18004485 -20.96852157  -1.19503399
  -0.45025763]",[-0.08571218  0.06433496 24.51790952  4.10148342 -1.30603527  0.16795007],"[-2.69759122e+00  7.16436183e-02 -2.20662976e+01 -5.75258508e+01
 -1.30661212e+00  4.17471501e-02]","[ 16.19016948   0.38419033   4.10809426 -64.51074225  -1.29644336
  -0.14864314]","[-5.33157340e-01  2.76034338e-02  5.71424517e+01  3.24659175e+01
 -1.29146574e+00  1.71884974e-01]","[-6.34280428e-02  1.34799701e-03  5.96091627e+02  3.98089253e+01
 -6.68027308e-01 -8.15927103e-01]","[ 4.64726278e-01  3.99850331e-03  3.16506079e+02 -1.45088692e+02
 -6.20874358e-01  8.99327234e-01]","[ 2.58157224e-01  8.42912763e-03  1.87525670e+02 -4.64111064e+01
 -1.30976520e+00 -5.87679140e-02]",010,LW
1251,0,0.3102085581101218,0,"[ -2.61955748   0.21529917  -7.29322216 -17.10501466  -1.27909183
  -0.28263701]",[-0.04412307  0.06983573 22.62695813  2.99837076 -1.32184664  0.08179567],"[ -2.74196724   0.06929197 -22.81173066 -60.54901808  -1.30115004
   0.06084443]","[ 16.41813399   0.34290042   4.59698655 -73.47394113  -1.28307198
  -0.19395447]","[-5.15003780e-01  3.04100164e-02  5.19309880e+01  2.87446551e+01
 -1.30468131e+00  1.21208752e-01]","[-6.34475847e-02  1.38710403e-03 -8.59418202e+02 -5.25280092e+01
 -6.24077454e-01 -8.50079666e-01]","[ 4.67479837e-01  6.67058746e-03  2.30062076e+02 -1.05549382e+02
 -1.22349364e+00  5.09562687e-01]","[ 2.63304592e-01  7.99794780e-03  1.97534318e+02 -5.00116929e+01
 -1.30537138e+00 -9.88790258e-02]",010,LW
1252,0,0.3179220959713192,0,"[ -2.76229005   0.24878988  -6.34148157 -15.51701142  -1.3163499
  -0.15761551]","[-2.63128589e-04  7.16944340e-02  2.20523733e+01  2.00580261e+00
 -1.32762222e+00 -1.10057433e-03]","[ -2.78480477   0.06638709 -23.80793342 -64.30044666  -1.29691546
   0.06906072]","[ 16.61903991   0.29689561   5.30096817 -86.09700162  -1.2667305
  -0.23863691]","[-4.95372399e-01  3.23960175e-02  4.87860429e+01  2.61672591e+01
 -1.31258965e+00  7.00753681e-02]","[-6.43921998e-02  2.38597738e-03 -6.40882600e+02 -3.92678405e+01
 -1.18872086e+00 -5.41631534e-01]","[ 4.71691506e-01  8.17498692e-03  1.92852556e+02 -8.89669128e+01
 -1.40482187e+00  1.29607418e-01]","[ 2.68118895e-01  7.37500500e-03  2.14027875e+02 -5.53849172e+01
 -1.29861558e+00 -1.43976242e-01]",010,LW
1253,0,0.3179220959713192,0,"[ -2.92100048   0.26626525  -5.93635544 -15.34009707  -1.3324112
  -0.05015066]",[ 0.04345858  0.06956787 22.7113407   1.01299747 -1.32420412 -0.08896119],"[-2.82586615e+00  6.34035251e-02 -2.49283280e+01 -6.84441183e+01
 -1.29483202e+00  6.88730391e-02]","[  16.79075715    0.24920612    6.30288619 -103.83023143   -1.24762984
   -0.28473537]","[-4.74802618e-01  3.34047075e-02  4.73300523e+01  2.44724327e+01
 -1.31488941e+00  2.16867197e-02]","[-6.59568000e-02  3.04730312e-03 -5.16553328e+02 -3.20702045e+01
 -1.35874338e+00 -2.01624428e-01]","[ 4.76303603e-01  7.93801322e-03  1.97969509e+02 -9.22935905e+01
 -1.38870096e+00 -2.17361335e-01]","[ 2.72480807e-01  6.57468273e-03  2.39700068e+02 -6.33136679e+01
 -1.28724271e+00 -1.99748117e-01]",010,LW
1254,0,1.2953122074714525,0,"[ -3.08474343   0.26550562  -5.95287476 -16.36309133  -1.33443007
   0.05695136]",[ 0.08447141  0.0633482  24.87851554 -0.10152333 -1.30749472 -0.19355063],"[-2.86513199e+00  6.06071702e-02 -2.60795828e+01 -7.27214468e+01
 -1.29501088e+00  6.49528240e-02]","[  16.9326792     0.2020585     7.75150565 -129.25375852   -1.22379995
   -0.33892298]","[-4.53873076e-01  3.34475556e-02  4.72700340e+01  2.34545957e+01
 -1.31193353e+00 -2.00232729e-02]","[-6.78138857e-02  3.21846737e-03 -4.90947519e+02 -3.12930590e+01
 -1.37402167e+00  4.06746928e-02]","[ 4.80141206e-01  5.96906017e-03  2.49983299e+02 -1.18027283e+02
 -1.09576846e+00 -6.51649494e-01]","[ 2.76278482e-01  5.60840617e-03  2.80135928e+02 -7.53955288e+01
 -1.26579120e+00 -2.75784393e-01]",010,LW
1255,0,1.2953122074714525,0,"[ -3.24151299   0.24539268  -6.42444149 -18.82491054  -1.31862815
   0.18082162]",[ 0.12018966  0.05317492 29.43983897 -1.53836426 -1.26152708 -0.3356218 ],"[-2.90267145e+00  5.80184485e-02 -2.72436856e+01 -7.70794685e+01
 -1.29696076e+00  6.32565722e-02]","[ 1.70451483e+01  1.56529778e-01  9.95427764e+00 -1.67672139e+02
 -1.18621161e+00 -4.16930524e-01]","[-4.33097658e-01  3.27154149e-02  4.83201839e+01  2.29273584e+01
 -1.30530286e+00 -5.00278309e-02]","[-6.96480657e-02  2.92500450e-03 -5.36958287e+02 -3.53981061e+01
 -1.31930382e+00  2.63959664e-01]","[ 4.82085516e-01  3.31460957e-03  2.33884574e+02 -1.10752366e+02
 -1.01171456e+00 -5.33752670e-01]","[ 2.79406305e-01  4.48864869e-03  3.47632574e+02 -9.51307331e+01
 -1.21876893e+00 -3.90581664e-01]",010,LW
1256,0,1.2953122074714525,0,"[ -3.37904173   0.20627682  -7.58240829 -23.62127403  -1.26451966
   0.3463604 ]",[ 0.14816983  0.0395369  38.79855763 -3.74877577 -1.12962056 -0.55795314],"[-2.93851321e+00  5.54470414e-02 -2.85052704e+01 -8.17631134e+01
 -1.29961105e+00  6.92458686e-02]","[ 1.71288224e+01  1.12696288e-01  1.36512488e+01 -2.31829816e+02
 -1.10299898e+00 -5.52347338e-01]","[-4.12835712e-01  3.15428108e-02  5.01107441e+01  2.26875047e+01
 -1.29778825e+00 -6.33785026e-02]","[-7.11885175e-02  2.26359441e-03 -6.79202164e+02 -4.63513951e+01
 -1.16306803e+00  5.31524893e-01]","[ 4.81241872e-01  5.00005810e-03 -2.29434821e+02  1.12413643e+02
 -3.72064649e-01 -1.03768997e+00]","[ 2.81767406e-01  3.23972406e-03  4.72578486e+02 -1.31157214e+02
 -1.09533749e+00 -5.82922903e-01]",010,LW
1257,0,1.2953122074714525,0,"[ -3.48578201   0.15078744 -10.10789661 -33.23392415  -1.0987496
   0.60149746]","[ 1.66285924e-01  2.37292457e-02  5.86888754e+01 -7.75913386e+00
 -7.01391754e-01 -9.12406624e-01]","[-2.97255873e+00  5.25932100e-02 -3.00456678e+01 -8.73125121e+01
 -1.30120463e+00  8.58995585e-02]","[ 1.71842187e+01  7.05368465e-02  2.08327296e+01 -3.55994180e+02
 -8.54127987e-01 -8.10911224e-01]","[-3.93237260e-01  3.03267919e-02  5.21229564e+01  2.24966886e+01
 -1.29204607e+00 -5.74919601e-02]","[-7.22346164e-02  1.39138715e-03 -1.01057305e+03 -7.09983564e+01
 -7.23900981e-01  9.03658408e-01]","[ 4.77073724e-01  1.00751695e-02 -1.46920462e+02  7.20918918e+01
 -9.02315055e-01 -7.77021074e-01]","[ 2.83280848e-01  1.93083227e-03  7.30726602e+02 -2.05000852e+02
 -7.11704356e-01 -9.10530414e-01]",010,LW
1258,0,1.2953122074714525,0,"[ -3.55202255   0.08642493 -15.33995647 -52.48787133  -0.58746951
   0.96040131]","[ 1.72913015e-01  1.22842973e-02  1.29139973e+01 -2.32998207e-01
 -1.68116065e+00 -2.63817375e-01]","[-3.00456454e+00  4.91888410e-02 -3.21112638e+01 -9.44803645e+01
 -1.29966622e+00  1.12595336e-01]","[ 1.72116084e+01  3.38648923e-02  2.94381678e+01 -5.04678215e+02
 -5.30304852e-01 -8.88515300e-01]","[-3.74237426e-01  2.94241561e-02  5.37305852e+01  2.21079959e+01
 -1.28921579e+00 -3.45587698e-02]","[-7.26715805e-02  6.74219467e-04 -5.74910271e+02 -3.97796381e+01
 -1.43153705e+00  3.83012820e-01]","[ 4.69481435e-01  1.53474606e-02 -1.00791282e+02  4.93196357e+01
 -1.17620527e+00 -4.86906763e-01]","[ 2.83892911e-01  9.26130664e-04  4.42310562e+02 -1.23568833e+02
 -1.42307016e+00 -3.88627777e-01]",010,LW
1259,0,1.2953122074714525,0,[-3.57095813  0.05096737  5.41168207 21.3248901  -1.57345277  0.31697306],"[ 1.67092246e-01  2.30435247e-02 -5.78179357e+01  1.16609287e+01
 -5.48967912e-01 -9.91847073e-01]","[-3.03419471e+00  4.51258192e-02 -3.49785135e+01 -1.04131621e+02
 -1.29364744e+00  1.45419149e-01]","[ 1.72112996e+01  3.44935396e-02 -3.01096071e+01  5.20225468e+02
 -5.05291791e-01 -9.09093126e-01]","[-3.55605045e-01  2.90601248e-02  5.44086386e+01  2.13479864e+01
 -1.28913035e+00 -2.66865078e-03]","[-7.24753029e-02  1.04640599e-03  1.25118833e+03  9.26802529e+01
 -6.07904992e-01  9.35915158e-01]","[ 4.58817950e-01  1.97836865e-02 -7.93278667e+01  3.83970491e+01
 -1.28513394e+00 -2.89798262e-01]","[ 2.83590568e-01  1.50546150e-03 -8.60503088e+02  2.46030559e+02
 -5.30805805e-01 -9.84557567e-01]",010,LW
1260,0,0.9612812115310928,0,[-3.5394829   0.10423926 13.38154951 49.36376573 -0.68234602  0.92680417],"[  0.14864371   0.04139423 -36.62108429   7.44349378  -1.03745795
  -0.65118399]","[-3.06112344e+00  4.05203335e-02 -3.89210146e+01 -1.17142030e+02
 -1.28348239e+00  1.78204086e-01]","[ 1.71841990e+01  6.93761732e-02 -2.13321138e+01  3.68575288e+02
 -9.17923798e-01 -7.67686933e-01]","[-3.37032546e-01  2.92754807e-02  5.40057253e+01  2.02016871e+01
 -1.29147143e+00  2.63475693e-02]","[-7.17073725e-02  1.78425540e-03  8.57496594e+02  6.34888277e+01
 -1.15507212e+00  5.58102495e-01]","[ 4.45845367e-01  2.27275010e-02 -6.94466321e+01  3.29624592e+01
 -1.33132054e+00 -1.36903925e-01]","[ 2.82413812e-01  2.71109970e-03 -5.59217469e+02  1.59930737e+02
 -1.05701189e+00 -6.41229432e-01]",010,LW
1261,0,0.1653502035909562,0,[-3.45854059  0.17558184  8.71643315 32.14613788 -1.10660504  0.57999359],"[  0.11820091   0.05916152 -26.31169488   5.11006615  -1.20997459
  -0.41978455]","[-3.08515668e+00  3.56988137e-02 -4.41451534e+01 -1.34194715e+02
 -1.27136004e+00  2.02832250e-01]","[ 1.71324531e+01  1.04948293e-01 -1.47620467e+01  2.54910073e+02
 -1.18935356e+00 -4.69914469e-01]","[-3.18239312e-01  2.99259925e-02  5.28274479e+01  1.88117707e+01
 -1.29601499e+00  4.22933181e-02]","[-7.05020417e-02  2.32650038e-03  6.75193640e+02  4.96025301e+01
 -1.32772575e+00  2.57520761e-01]","[ 4.31644790e-01  2.37483517e-02 -6.65664778e+01  3.07330733e+01
 -1.34576561e+00  5.15213491e-04]","[ 2.80462848e-01  3.80493898e-03 -4.10078994e+02  1.17011923e+02
 -1.24298109e+00 -3.82962597e-01]",010,LW
1262,0,0.1704062074808298,0,[-3.33298842  0.2395683   6.52531853 23.74881109 -1.24905498  0.35851464],"[  0.07715811   0.07441002 -21.11414782   3.62912783  -1.27723725
  -0.27291408]","[-3.10633982e+00  3.11319824e-02 -5.06137449e+01 -1.55223491e+02
 -1.26105816e+00  2.08039062e-01]","[ 1.70599765e+01  1.33907153e-01 -1.17287683e+01  2.02092511e+02
 -1.29117963e+00 -2.74936979e-01]","[-2.99062125e-01  3.07304718e-02  5.14449794e+01  1.73852449e+01
 -1.30203399e+00  4.07041887e-02]","[-6.90470654e-02  2.55321819e-03  6.18927438e+02  4.47351233e+01
 -1.37150686e+00  3.12995511e-02]","[ 4.17496124e-01  2.26403510e-02 -6.96977627e+01  3.10985458e+01
 -1.33416374e+00  1.44468677e-01]","[ 2.77897543e-01  4.62256131e-03 -3.40693508e+02  9.66778888e+01
 -1.31140107e+00 -2.11146561e-01]",010,LW
1263,0,0.1758046054261308,0,[-3.17105219  0.28900908  5.44975314 19.28145165 -1.30400705  0.21111992],"[  0.02754314   0.08607953 -18.32460672   2.50471713  -1.30693621
  -0.16736916]","[-3.12502375e+00  2.73575371e-02 -5.76495893e+01 -1.78156336e+02
 -1.25679284e+00  1.78551571e-01]","[ 1.69727260e+01  1.52206357e-01 -1.03731996e+01  1.78061475e+02
 -1.33625497e+00 -1.21056934e-01]","[-2.79515495e-01  3.13461997e-02  5.04388310e+01  1.60984348e+01
 -1.30812388e+00  2.23210004e-02]","[-6.75607713e-02  2.42653064e-03  6.49197925e+02  4.58603125e+01
 -1.34962888e+00 -1.88512620e-01]","[ 4.04745495e-01  1.94293240e-02 -8.06063836e+01  3.46250706e+01
 -1.28122920e+00  3.22737116e-01]","[ 2.74928527e-01  5.07742063e-03 -3.11207521e+02  8.75598253e+01
 -1.33717945e+00 -7.60402137e-02]",010,LW
1264,0,0.1816962970139335,0,[-2.98351183  0.31996859  4.93713146 16.7299901  -1.326204    0.09790596],"[ -0.0281588    0.09353523 -16.8937013    1.52429357  -1.31964664
  -0.08321495]","[-3.14187818e+00  2.49125865e-02 -6.34118440e+01 -1.97232289e+02
 -1.25856677e+00  1.00650641e-01]","[ 1.68786490e+01  1.56673013e-01 -1.00888867e+01  1.72286777e+02
 -1.35134323e+00  2.74543807e-02]","[-2.59810388e-01  3.14469091e-02  5.02785477e+01  1.50628890e+01
 -1.31245872e+00 -9.76694119e-03]","[-6.62681617e-02  1.96131617e-03  7.88432150e+02  5.42479492e+01
 -1.22580133e+00 -4.67052530e-01]","[ 3.94676331e-01  1.43980340e-02 -1.06016070e+02  4.38420334e+01
 -1.11599827e+00  5.87035606e-01]","[ 2.71800494e-01  5.12526212e-03 -3.08394936e+02  8.58218960e+01
 -1.33932773e+00  4.74759104e-02]",010,LW
1265,0,0.1883961502429821,0,"[-2.78271920e+00  3.30494720e-01  4.78374165e+00  1.53118097e+01
 -1.33138854e+00 -2.68370818e-04]","[-8.72095929e-02  9.65138493e-02 -1.63816139e+01  5.71366116e-01
 -1.32266660e+00 -1.05313823e-02]","[-3.15785463e+00  2.42599858e-02 -6.51629318e+01 -2.03775066e+02
 -1.25752185e+00 -1.98582944e-02]","[ 1.67872886e+01  1.45211158e-01 -1.08463581e+01  1.84080945e+02
 -1.33235796e+00  2.00877746e-01]","[-2.40326908e-01  3.07897854e-02  5.13404728e+01  1.43384971e+01
 -1.31306506e+00 -5.19659124e-02]","[-6.53786948e-02  1.24174110e-03  1.12669857e+03  7.56620819e+01
 -7.74868820e-01 -8.64281363e-01]","[ 3.88396283e-01  8.31044632e-03 -1.58856873e+02  6.36994189e+01
 -5.97636725e-01  9.49008212e-01]","[ 2.68769146e-01  4.76585544e-03 -3.30846977e+02  9.09214594e+01
 -1.31922590e+00  1.75808760e-01]",010,LW
1266,0,0.2189097427370581,0,[-2.58146256  0.32062716  4.92744821 14.72002308 -1.32352624 -0.09347384],"[ -0.14684509   0.09512987 -16.61600163  -0.43997828  -1.31853922
   0.05577085]","[-3.17410094e+00  2.56790133e-02 -6.14675045e+01 -1.93104064e+02
 -1.24724338e+00 -1.44445796e-01]","[ 1.67090507e+01  1.17465055e-01 -1.31998406e+01  2.22556807e+02
 -1.23249873e+00  4.44851926e-01]","[-2.21547126e-01  2.92679827e-02  5.39775439e+01  1.39585697e+01
 -1.30823733e+00 -1.00385819e-01]","[-6.50681815e-02  7.01739552e-04  9.61829651e+01  8.25845063e+00
 -1.71903208e+00 -2.42208282e-01]","[ 3.86748429e-01  5.19427818e-03  6.66337639e+01 -2.37705035e+01
 -1.48031103e+00  3.68474421e-01]","[ 2.66074052e-01  4.04699532e-03 -3.87059714e+02  1.04986546e+02
 -1.26606838e+00  3.25559136e-01]",010,LW
1267,0,0.2189097427370581,0,[-2.39169324  0.2925799   5.38807611 14.88662521 -1.30206995 -0.18727723],"[ -0.20451609   0.08988901 -17.56959183  -1.5932643   -1.30805961
   0.11762972]","[-3.19182353e+00  2.91438063e-02 -5.40304309e+01 -1.70455601e+02
 -1.23875709e+00 -2.28038541e-01]","[ 1.66541391e+01  7.64158895e-02 -1.87800718e+01  3.14765927e+02
 -8.50645670e-01  8.23007182e-01]","[-2.03960744e-01  2.69450133e-02  5.85722111e+01  1.39464318e+01
 -1.29715985e+00 -1.50046678e-01]","[-6.54670424e-02  1.43195463e-03 -9.29418680e+02 -5.88462921e+01
 -5.07338268e-01 -1.02087930e+00]","[ 3.90252029e-01  1.10700974e-02  1.25960985e+02 -4.71565301e+01
 -6.54324534e-01  9.45253522e-01]","[ 2.63910129e-01  3.06531711e-03 -5.02976902e+02  1.34740699e+02
 -1.14611145e+00  5.22069092e-01]",010,LW
1268,0,0.1136122425432007,0,[-2.22324657  0.2506898   6.26432803 15.9271458  -1.26470178 -0.28473604],"[ -0.25811697   0.08166506 -19.31304083  -2.98502362  -1.2920496
   0.17449572]","[-3.21209851e+00  3.42540815e-02 -4.59209899e+01 -1.45502743e+02
 -1.24564839e+00 -2.54492365e-01]","[ 1.66312162e+01  3.98126738e-02 -1.06416012e+01  1.78982770e+02
 -1.45287148e+00  3.48552691e-01]","[-1.87960359e-01  2.40601021e-02  6.55173199e+01  1.43146589e+01
 -1.28090915e+00 -1.93472195e-01]","[-6.66558230e-02  2.64748051e-03 -5.69451792e+02 -3.59572779e+01
 -9.82995473e-01 -6.95056849e-01]","[ 3.99073121e-01  1.90344115e-02  8.01150833e+01 -2.99717764e+01
 -1.06700037e+00  6.14355102e-01]","[ 2.62401082e-01  1.96431762e-03 -7.49310728e+02  1.98619946e+02
 -8.57931828e-01  8.09294546e-01]",010,LW
1269,0,0.1136122425432007,0,[-2.08278479  0.2008842   7.77171662 18.18681315 -1.20841556 -0.38764383],"[ -0.30616324   0.07159801 -21.99369099  -4.73365978  -1.27243664
   0.22397182]","[-3.23564465e+00  4.02199697e-02 -3.91406915e+01 -1.24645369e+02
 -1.26822036e+00 -2.32191473e-01]","[ 1.66459377e+01  6.80768476e-02  1.87081902e+01 -3.09415369e+02
 -4.81738201e-01  1.01085027e+00]","[-1.73751880e-01  2.09893218e-02  7.50402709e+01  1.50383881e+01
 -1.26387123e+00 -2.19568806e-01]","[-6.86664119e-02  3.93109574e-03 -3.94172282e+02 -2.50663963e+01
 -1.16078940e+00 -4.79039821e-01]","[ 4.13019731e-01  2.67418825e-02  5.82767259e+01 -2.20694376e+01
 -1.21433142e+00  4.06339787e-01]","[ 2.61579489e-01  9.51548709e-04 -1.20832107e+03  3.18072008e+02
 -3.23350881e-01  1.07625328e+00]",010,LW
1270,0,0.1136122425432007,0,[-1.97319328  0.14967163 10.34369717 22.41011379 -1.12967777 -0.497087  ],"[ -0.34787693   0.06090187 -25.81748728  -6.98130828  -1.25252282
   0.26278006]","[-3.26258258e+00  4.58792717e-02 -3.43767753e+01 -1.10157068e+02
 -1.29872031e+00 -1.73544165e-01]","[ 1.66995664e+01  1.24495851e-01  1.21295493e+01 -2.00558213e+02
 -1.04096486e+00  6.62326943e-01]","[-1.61310190e-01  1.81572661e-02  8.67604027e+01  1.59953371e+01
 -1.25354191e+00 -2.15425846e-01]","[-7.14856183e-02  5.17577019e-03 -3.02430135e+02 -1.96194052e+01
 -1.23555484e+00 -3.45051993e-01]","[ 4.31554370e-01  3.34339403e-02  4.70007579e+01 -1.82833824e+01
 -1.27729637e+00  2.69078665e-01]","[ 2.61378410e-01  5.52519932e-04  1.30470210e+03 -3.39020960e+02
 -1.19145881e+00  3.89597517e-01]",010,LW
1271,0,0.1136122425432007,0,[-1.89358886  0.10294116 14.86939544 30.15652161 -1.02550506 -0.61219246],"[ -0.38314715   0.05062417 -31.02409344  -9.88679293  -1.23631563
   0.28857862]","[-3.29221449e+00  4.97670029e-02 -3.17489556e+01 -1.02524371e+02
 -1.32866652e+00 -8.41918077e-02]","[  16.78787686    0.17397493    8.97381417 -148.65128736   -1.2691773
    0.36683326]","[-1.50397409e-01  1.59165867e-02  9.90992943e+01  1.69042771e+01
 -1.25552557e+00 -1.74581793e-01]","[-7.50578673e-02  6.30944960e-03 -2.49292872e+02 -1.67113913e+01
 -1.27414245e+00 -2.50608693e-01]","[ 4.53819741e-01  3.85703749e-02  4.08988688e+01 -1.65607141e+01
 -1.30849106e+00  1.64586062e-01]","[ 2.61636776e-01  8.93168840e-04  1.69395220e+03 -4.41200193e+02
 -1.28865014e+00  5.08192882e-01]",010,LW
1272,0,0.1136122425432007,0,[-1.83993975  0.06498798 23.2440709  44.76769    -0.90115272 -0.72324776],"[ -0.41236555   0.04143794 -37.87580504 -13.61867733  -1.22659214
   0.30321924]","[-3.32286769e+00  5.02632909e-02 -3.14456091e+01 -1.02489599e+02
 -1.34826513e+00  4.13484011e-02]","[  16.90055213    0.20363753    7.7485211  -128.95428483   -1.36198246
    0.13243513]","[-1.40637683e-01  1.44365690e-02  1.09417193e+02  1.73881805e+01
 -1.26738652e+00 -1.08938361e-01]","[-7.92851219e-02  7.26247994e-03 -2.17164247e+02 -1.52178938e+01
 -1.29777108e+00 -1.74333503e-01]","[  0.47867948   0.04172048  37.87846867 -16.13164567  -1.32398347
   0.07445507]","[ 2.62117011e-01  1.01675184e-03  1.54490571e+03 -4.02946068e+02
 -1.51607796e+00 -1.01275354e-01]",010,LW
1273,0,0.1136122425432007,0,"[-1.80610994e+00  3.80764605e-02  3.94368084e+01  7.32272115e+01
 -8.03389537e-01 -7.82268525e-01]","[-4.36180041e-01  3.35399763e-02 -4.67616753e+01 -1.83965094e+01
 -1.22208509e+00  3.16779690e-01]","[-3.35184627e+00  4.58379019e-02 -3.43180989e+01 -1.13028992e+02
 -1.33408139e+00  2.27379680e-01]","[ 1.70212317e+01  2.03944471e-01  7.73767694e+00 -1.29704792e+02
 -1.38285538e+00 -1.12554417e-01]","[-1.31623680e-01  1.36565197e-02  1.15756128e+02  1.72362476e+01
 -1.28189186e+00 -4.73176853e-02]","[-8.40236089e-02  7.95806784e-03 -1.98500123e+02 -1.46786967e+01
 -1.31390718e+00 -1.03939172e-01]","[ 5.04776728e-01  4.25738305e-02  3.71355704e+01 -1.67451717e+01
 -1.32880582e+00 -1.20357836e-02]","[ 2.62530576e-01  7.61476136e-04  1.80787233e+03 -4.72621764e+02
 -9.95873966e-01 -6.75479923e-01]",010,LW
1274,0,0.1136122425432007,0,"[-1.78505880e+00  2.27691625e-02  6.76155478e+01  1.22697729e+02
 -8.95123381e-01 -5.76356830e-01]","[-4.55231709e-01  2.66865408e-02 -5.86530139e+01 -2.47007118e+01
 -1.21464715e+00  3.50684806e-01]","[-3.37551703e+00  3.54910724e-02 -4.31331224e+01 -1.43596589e+02
 -1.18669661e+00  5.37524552e-01]","[  17.12828711    0.16884913    9.14522182 -154.64198508   -1.2675395
   -0.45287435]","[-1.23021644e-01  1.33365233e-02  1.18554871e+02  1.65848151e+01
 -1.29508315e+00 -1.42245331e-02]","[-8.90784645e-02  8.31047102e-03 -1.90233418e+02 -1.49457008e+01
 -1.32477093e+00 -3.03817934e-02]","[  0.53060728   0.04096321  38.5611266  -18.46081447  -1.32328148
  -0.1039975 ]","[ 2.62565942e-01  6.95588840e-04 -6.38543044e+02  1.69659656e+02
 -1.17375505e+00 -5.53118492e-01]",010,LW
