,discrete_label,continuous_label,binary_label,L_O_DSphi,L_D_DSphi,R_D_DSphi,R_O_DSphi,L_O_DSI,R_D_DSI,R_O_DSI,L_D_DSI,pid
0,0,0.8212071592075504,0,[ 1.70684088  0.85427298  1.84530679 -1.14964505 -1.29043429 -0.19089812],[ 0.81965571  0.21445952 -7.36199939  8.0343048  -1.29629435  0.13369827],[ 0.1278088   0.30256449 -5.21487722  2.66650721 -1.29770122  0.15932733],"[  0.46682433   0.04850002 -28.59272009  15.34777738  -0.54440739
  -1.016116  ]","[ -1.35886122   0.13047527 -12.11767058 -14.46623262  -1.30428742
   0.02508211]","[ 5.93570020e-01  3.70930513e-02  4.26249328e+01 -2.33008822e+01
 -1.30581636e+00 -1.88525281e-02]","[-1.33318186e+00  1.57937281e-02 -9.91550797e+01 -1.30191754e+02
 -1.21991435e+00 -3.42124113e-01]","[  0.51697553   0.06353427  24.87665699 -10.86062289  -1.29225353
   0.07021874]",014
1,0,0.8150489210172461,0,[ 2.20362866  0.73621614  2.13590353 -2.70673825 -1.26712756 -0.25787412],[ 0.69124666  0.19407773 -8.12870006  7.61893674 -1.28687441  0.16663215],[-0.04993942  0.26654744 -5.90784559  1.70496559 -1.2808785   0.22203602],"[  0.42499916   0.0891751  -16.87608624   9.17232256  -0.94526089
  -0.71865068]","[ -1.44030365   0.12781071 -12.36953944 -15.81589282  -1.30212709
   0.03757327]","[ 6.16710856e-01  3.64033147e-02  4.34289417e+01 -2.47830998e+01
 -1.30482444e+00 -3.73889867e-02]","[-1.34427506e+00  1.94813015e-02 -8.06185667e+01 -1.06373528e+02
 -1.24991686e+00 -2.86298624e-01]","[  0.55828593   0.06678441  23.66366604 -11.2110917   -1.29304487
   0.07860708]",014
2,0,0.8495196886499785,0,[ 2.62287319  0.60487157  2.59003812 -4.79334156 -1.23335444 -0.33295551],[ 0.5759748   0.17199998 -9.16441352  7.27847124 -1.27656428  0.1955361 ],[-0.20302085  0.22412859 -7.00237619  0.57837162 -1.25343754  0.29860565],"[  0.3555392    0.1355971  -11.38399695   6.04745718  -1.12227674
  -0.52264916]","[ -1.51991573   0.12436063 -12.71207863 -17.32128827  -1.29986741
   0.04515848]","[ 6.39297392e-01  3.53043754e-02  4.47750995e+01 -2.66246043e+01
 -1.30281267e+00 -5.47403154e-02]","[-1.35766959e+00  2.31850420e-02 -6.78924239e+01 -9.01754791e+01
 -1.26994310e+00 -2.34143663e-01]","[  0.60174964   0.07047964  22.42202075 -11.49244295  -1.29401221
   0.08195618]",014
3,0,0.8495196886499785,0,[ 2.95920399  0.47008636  3.31349714 -7.80531395 -1.18295173 -0.42168676],"[  0.47443547   0.14974867 -10.5181497    6.99018325  -1.26631995
   0.21865403]",[-0.32801024  0.17750142 -8.78671591 -0.8821328  -1.20460952  0.40060153],[ 0.25632217  0.18383728 -8.49116291  4.17647326 -1.21022249 -0.38879198],"[ -1.59733435   0.12057084 -13.11139013 -18.94327386  -1.29818993
   0.04786138]","[ 6.61106336e-01  3.38779118e-02  4.66537608e+01 -2.88430969e+01
 -1.30010005e+00 -6.92602100e-02]","[-1.37336509e+00  2.67645688e-02 -5.88979486e+01 -7.88883865e+01
 -1.28021788e+00 -1.93065286e-01]","[  0.6476007    0.07445193  21.22583976 -11.74586861  -1.29512457
   0.08148569]",014
4,0,0.8495196886499785,0,"[  3.21320052   0.34104033   4.52390927 -12.53622763  -1.10364312
  -0.53290236]","[  0.38632169   0.12868532 -12.23355276   6.72608675  -1.25748258
   0.23307659]","[ -0.42288149   0.12906579 -11.92121778  -3.04126232  -1.10579727
   0.55089836]",[ 0.12750845  0.23015331 -6.82257341  2.86993574 -1.25992762 -0.28781952],"[ -1.67242007   0.11679035 -13.53587355 -20.6376666   -1.29752363
   0.04719573]","[ 6.81974542e-01  3.22419538e-02  4.90151626e+01 -3.14270931e+01
 -1.29716496e+00 -7.94063650e-02]","[-1.39131159e+00  3.02161877e-02 -5.22121016e+01 -7.06433020e+01
 -1.28365202e+00 -1.65880128e-01]","[  0.69596952   0.07854622  20.12026839 -12.00309355  -1.29638149
   0.07813503]",014
5,0,0.8495196886499785,0,"[  3.39075568   0.22565251   6.71714579 -20.77620021  -0.96873757
  -0.68249229]","[  0.31054608   0.10993816 -14.31926901   6.44679286  -1.25194462
   0.23440676]","[ -0.48706789   0.08163166 -18.11749585  -6.82445056  -0.86615353
   0.796987  ]",[-0.02841559  0.27080364 -5.81848959  1.83466417 -1.29069335 -0.2040657 ],"[ -1.74518072   0.11318176 -13.96758759 -22.3759646   -1.2978783
   0.04575372]","[ 7.01815544e-01  3.05329947e-02  5.17556422e+01 -3.43229142e+01
 -1.29452967e+00 -8.38985673e-02]","[-1.41147359e+00  3.36417650e-02 -4.69136687e+01 -6.42174044e+01
 -1.28400300e+00 -1.51124760e-01]","[  0.74688854   0.0826144   19.13076741 -12.28855097  -1.29775127
   0.07251286]",014
6,0,0.8495196886499785,0,"[  3.50208018   0.13015579  11.18149478 -37.15849127  -0.71246504
  -0.90034104]","[  0.24540638   0.0943617  -16.69358972   6.09671335  -1.25167639
   0.21728039]","[ -0.52147315   0.03991658 -29.5253435  -13.39667377  -0.3601918
   1.05664443]",[-0.20665023  0.3021162  -5.22625707  0.91999276 -1.31042355 -0.1283353 ],"[ -1.81566783   0.10970451 -14.41026307 -24.16425108  -1.29885897
   0.04618531]","[ 7.20623941e-01  2.88850086e-02  5.47098455e+01 -3.74252245e+01
 -1.29269419e+00 -8.20613916e-02]","[-1.43385907e+00  3.71586205e-02 -4.24815312e+01 -5.89125286e+01
 -1.28478693e+00 -1.43249380e-01]","[  0.80029745   0.08651221  18.2703093  -12.62168194  -1.29912412
   0.0650827 ]",014
7,0,0.8495196886499785,0,"[ 3.56048092e+00  5.92615971e-02  2.11994312e+01 -7.34801704e+01
 -2.27587931e-01 -1.18567169e+00]","[  0.18876869   0.08251821 -19.1134359    5.60801821  -1.2571983
   0.17733399]","[-5.28397664e-01  2.60543884e-02  2.79744459e+01  1.67816319e+01
 -1.02382592e+00  5.53311686e-01]",[-0.40021327  0.32072018 -4.92851241  0.02754394 -1.32212479 -0.05444276],"[ -1.88387836   0.10616705 -14.88993305 -26.05082265  -1.29992733
   0.05028893]","[ 7.38465785e-01  2.74069391e-02  5.76658213e+01 -4.05842360e+01
 -1.29205187e+00 -7.44515023e-02]","[-1.45849217e+00  4.07812883e-02 -3.87153653e+01 -5.44660573e+01
 -1.28847208e+00 -1.34328384e-01]","[  0.85604785   0.09010163  17.54395466 -13.01846463  -1.30039396
   0.05627959]",014
8,0,0.8495196886499785,0,[ 3.58103606  0.02092443 -0.7444808   4.66601258 -1.68573101 -0.18460671],"[  0.13825127   0.07467983 -21.14955049   4.92395228  -1.26601627
   0.1148143 ]",[-0.51135103  0.05071896 28.97324884 16.81550075 -0.93603434  0.76246531],[-0.60026851  0.32392733 -4.88064833 -0.92969949 -1.32609098  0.02254314],"[ -1.94968148   0.10230314 -15.45112264 -28.12476767  -1.30073428
   0.05900664]","[ 7.55456321e-01  2.61616384e-02  6.04180428e+01 -4.36431924e+01
 -1.29273278e+00 -6.33409938e-02]","[-1.48533341e+00  4.43314820e-02 -3.56268899e+01 -5.09178100e+01
 -1.29567392e+00 -1.17261096e-01]","[  0.91390589   0.09325202  16.95262353 -13.49310241  -1.30156863
   0.04638549]",014
9,0,0.9790139596013157,0,"[ 3.57930403e+00  2.36582642e-02 -6.34441142e+01  2.29085773e+02
 -1.48680236e+00 -3.46679597e-01]","[  0.09139901   0.07084712 -22.31386919   4.03946564  -1.27345769
   0.0381435 ]",[-0.47475607  0.07570225 20.53539623 11.74930405 -1.23230851  0.42342972],[-0.7967108   0.31020127 -5.09189609 -2.05676863 -1.32042351  0.10757066],"[ -2.012777     0.09782684 -16.15568011 -30.51778142  -1.30110315
   0.07315241]","[ 7.71729463e-01  2.51528109e-02  6.28476236e+01 -4.65013628e+01
 -1.29450949e+00 -5.23586394e-02]","[-1.51417802e+00  4.74308710e-02 -3.33143217e+01 -4.84438138e+01
 -1.30481017e+00 -8.84794365e-02]","[  0.97355195   0.09583375  16.49710526 -14.060789    -1.30273113
   0.03535086]",014
10,0,0.9790139596013157,0,"[ 3.57022345e+00  2.31293696e-02 -6.38318146e+01  2.29893841e+02
 -1.35918499e+00  4.65191034e-01]","[  0.0458368    0.07077799 -22.33603056   3.02381214  -1.27651261
  -0.03733449]",[-0.42359509  0.09375637 16.78959748  9.11199102 -1.31052395  0.2225393 ],[-0.97898145  0.27955407 -5.63509979 -3.51665814 -1.30035493  0.20754047],"[ -2.07268623   0.09245986 -17.08864832 -33.41940609  -1.30061332
   0.0939031 ]","[ 7.87404579e-01  2.43255676e-02  6.49884547e+01 -4.91722068e+01
 -1.29694418e+00 -4.53256865e-02]","[ -1.54457528   0.04958798 -31.87891747 -47.2393879   -1.31299052
  -0.04827594]","[  1.03457841   0.09770823  16.18154778 -14.74107998  -1.30388746
   0.02285239]",014
11,0,0.8611551167959502,0,[ 3.56729974  0.01845968 -2.74481458 11.79157633 -1.71350742  0.18862839],"[-6.07342046e-04  7.40309091e-02 -2.13415622e+01  1.98703837e+00
 -1.27637792e+00 -9.71936796e-02]",[-0.36306773  0.10394756 15.19920909  7.51834233 -1.33191604  0.08789056],[-1.13699239  0.23369846 -6.6998377  -5.61766448 -1.25418514  0.33560577],"[ -2.12877135   0.08595913 -18.37167078 -37.10908632  -1.29827547
   0.12263916]","[ 8.02556178e-01  2.35798391e-02  6.70437744e+01 -5.18063953e+01
 -1.29959844e+00 -4.52352393e-02]","[-1.57580196e+00  5.03359018e-02 -3.14108995e+01 -4.74973571e+01
 -1.31756382e+00  1.00408087e-03]","[ 1.09648812e+00  9.87273603e-02  1.60150759e+01 -1.55603405e+01
 -1.30488346e+00  8.58450197e-03]",014
12,0,0.8971893742958529,0,"[ 3.58204181e+00  4.57280871e-02  2.79422034e+01 -9.80901408e+01
 -3.30685654e-01  1.12248915e+00]","[ -0.04980485   0.0800185  -19.73124107   1.01728844  -1.2764043
  -0.1347857 ]",[-0.29830805  0.10638552 14.86038524  6.4329726  -1.33330136 -0.01983301],[-1.26201789  0.17597546 -8.76213782 -9.05797465 -1.14607154  0.52114709],"[ -2.18027603   0.07816005 -20.18694643 -42.01311543  -1.29258311
   0.16083154]","[ 8.17192049e-01  2.27905133e-02  6.93608236e+01 -5.46811136e+01
 -1.30198672e+00 -5.39797278e-02]","[-1.60690344e+00  4.93565070e-02 -3.20255106e+01 -4.94619030e+01
 -1.31684468e+00  5.71635915e-02]","[ 1.15869815e+00  9.87502131e-02  1.60113839e+01 -1.65523609e+01
 -1.30546953e+00 -7.48327479e-03]",014
13,0,0.951359447887846,0,"[  3.62354225   0.09304206  15.88729575 -55.56828745  -0.83682496
   0.81378899]","[ -0.10324438   0.08804819 -17.92522153   0.14932153  -1.2788712
  -0.15087424]",[-0.23417262  0.1015698  15.54615109  5.64048295 -1.32218064 -0.1223592 ],"[ -1.34743577   0.11162253 -13.08258645 -15.62794494  -0.8441282
   0.82321497]","[ -2.22638199   0.06901827 -22.82572606 -48.81878541  -1.28141249
   0.21078391]","[ 8.31243710e-01  2.18285497e-02  7.24035381e+01 -5.81849856e+01
 -1.30336748e+00 -7.25712044e-02]","[-1.63679259e+00  4.65467250e-02 -3.39280549e+01 -5.35331888e+01
 -1.30967175e+00  1.19519292e-01]","[  1.22055421   0.09767116  16.18752771 -17.75775516  -1.30542125
  -0.02506892]",014
14,0,0.951359447887846,0,"[  3.69812829   0.14942839  10.2641327  -35.95807954  -1.07695801
   0.58146385]","[ -0.16196226   0.09734021 -16.21443976  -0.62612736  -1.28400456
  -0.14962925]",[-0.17508794  0.09024903 17.43476658  5.05261743 -1.29456776 -0.23724055],"[ -1.38922146   0.0533823  -16.84865564 -21.40651403  -0.64141216
   0.81093556]","[-2.26627999e+00  5.86275501e-02 -2.67978518e+01 -5.87314352e+01
 -1.26079537e+00  2.77292917e-01]","[ 8.44569133e-01  2.05798694e-02  7.67647832e+01 -6.28331664e+01
 -1.30268088e+00 -1.01636453e-01]","[-1.66437342e+00  4.20156848e-02 -3.75194929e+01 -6.04464465e+01
 -1.29451310e+00  1.89779114e-01]","[  1.28135928   0.09544649  16.56313    -19.22332031  -1.30459554
  -0.04368496]",014
15,0,0.951359447887846,0,"[  3.80908023   0.20896675   7.4506002  -26.37993395  -1.19286727
   0.42367555]","[ -0.22649001   0.1070445  -14.74905003  -1.3405125   -1.29071586
  -0.13575318]",[-0.12493255  0.07343064 21.24628331  4.65435237 -1.23216549 -0.38820806],[-1.38615438  0.05959236 18.68612645 27.90185597 -0.4846938   0.93718358],"[-2.29925129e+00  4.72175527e-02 -3.30993915e+01 -7.41038187e+01
 -1.22136069e+00  3.70332591e-01]","[ 8.56964606e-01  1.89591956e-02  8.32587686e+01 -6.93498178e+01
 -1.29849993e+00 -1.42356197e-01]","[-1.68864748e+00  3.60270338e-02 -4.36126160e+01 -7.16463340e+01
 -1.26780329e+00  2.73885581e-01]","[  1.34041587   0.09211134  17.16007059 -21.00163091  -1.30291672
  -0.06270268]",014
16,0,0.9535495249930106,0,"[  3.95647945   0.26615856   5.89384067 -21.31885946  -1.25528006
   0.30624721]","[ -0.29682192   0.11627713 -13.58397143  -2.03202054  -1.29768169
  -0.11325065]",[-0.08692695  0.05248846 28.99004843  4.52001637 -1.0696992  -0.62184154],[-1.33976132  0.11605353 12.86276627 19.23303668 -0.969577    0.72519918],"[-2.32475003e+00  3.51574272e-02 -4.39422436e+01 -1.00154732e+02
 -1.13798923e+00  5.10820206e-01]","[ 8.68182493e-01  1.69169177e-02  9.31635256e+01 -7.88829418e+01
 -1.28835502e+00 -1.97918552e-01]","[-1.70877838e+00  2.89187598e-02 -5.39769177e+01 -9.02345899e+01
 -1.21838624e+00  3.86635882e-01]","[  1.39707723   0.08778676  18.00157324 -23.14958807  -1.30037247
  -0.08128976]",014
17,0,0.9535495249930106,0,"[  4.13729157   0.3159803    4.98504334 -18.62457777  -1.29005282
   0.21256347]","[ -0.37240691   0.12417304 -12.72587307  -2.73920307  -1.30394825
  -0.08494774]","[-6.35265093e-02  2.98199309e-02  4.49847384e+01  4.85772340e+00
 -5.86662991e-01 -9.69021661e-01]",[-1.25401467  0.17179112  9.04014518 13.33647464 -1.20243356  0.4444002 ],"[-2.34247781e+00  2.30034937e-02 -6.49658929e+01 -1.50181163e+02
 -9.30793958e-01  7.43716913e-01]","[ 8.77952121e-01  1.44401979e-02  1.08800608e+02 -9.35217243e+01
 -1.26659221e+00 -2.75758378e-01]","[-1.72411376e+00  2.10489512e-02 -7.29461485e+01 -1.23767459e+02
 -1.10686993e+00  5.62711210e-01]","[  1.45080063   0.08267869  19.10910765 -25.72350539  -1.29706962
  -0.09829233]",014
18,0,0.9535495249930106,0,"[  4.3457724    0.35445947   4.45390782 -17.35566967  -1.30850238
   0.13457364]","[ -0.45217378   0.1299422  -12.1651937   -3.50078156  -1.30890188
  -0.05248124]","[ -0.05633998   0.01655043 -10.25264035   1.42236645  -1.66437404
  -0.27806395]",[-1.13477549  0.21831998  7.19433458 10.16395451 -1.27836788  0.27769298],"[-2.35244368e+00  1.18265898e-02 -1.06143573e+02 -2.47696777e+02
 -4.16452749e-01  1.04819791e+00]","[ 8.86000108e-01  1.15521776e-02  1.35054082e+02 -1.17657931e+02
 -1.21797471e+00 -3.92574379e-01]","[-1.73417489e+00  1.28725341e-02 -1.11862440e+02 -1.91989034e+02
 -7.79730317e-01  8.67520327e-01]","[  1.50119518   0.07706669  20.49588083 -28.76831744  -1.29332672
  -0.11220916]",014
19,0,0.9535495249930106,0,"[  4.57418839   0.37912169   4.16882196 -17.06897698  -1.31664259
   0.06783204]","[ -0.53459637   0.13292442 -11.89460041  -4.35881023  -1.31203529
  -0.0166418 ]","[-6.60960280e-02  3.35036568e-02 -4.12458239e+01 -7.26185129e-01
 -6.41134340e-01 -9.49604635e-01]",[-0.98901601  0.25345922  6.22300293  8.15464954 -1.30474553  0.16993502],"[-2.35499952e+00  6.84681419e-03  7.13637800e+01  1.70061668e+02
 -1.37313377e+00  3.88802901e-01]","[ 8.92067027e-01  8.31901964e-03  1.83921790e+02 -1.62070564e+02
 -1.09173702e+00 -5.87587383e-01]","[-1.73863053e+00  6.08812372e-03 -1.10630709e+02 -1.90345928e+02
 -1.02295530e+00  5.87323247e-01]","[  1.54805647   0.0712784   22.15657024 -32.299622    -1.2897004
  -0.12135657]",014
20,0,0.9535495249930106,0,"[ 4.81373514e+00  3.89113139e-01  4.06329658e+00 -1.75596335e+01
 -1.31801925e+00  9.42784699e-03]","[ -0.6177954    0.13264411 -11.91949958  -5.36381199  -1.31286122
   0.02227203]","[ -0.0926592    0.05791573 -26.32684059  -0.43942406  -1.0692402
  -0.61375333]",[-0.82394454  0.27728074  5.6977742   6.69464994 -1.31178509  0.09685114],"[-2.35084444e+00  1.33977960e-02  1.07545272e+02  2.54822204e+02
 -8.43980364e-01  8.26827088e-01]","[ 8.95921176e-01  4.91924999e-03  2.84710916e+02 -2.53078539e+02
 -6.94357539e-01 -9.18940600e-01]","[-1.73727969e+00  8.77747821e-03  1.38844889e+02  2.43212405e+02
 -4.31451393e-01  1.01797222e+00]","[  1.59138261   0.06565266  24.05391294 -36.27897871  -1.2868337
  -0.12414728]",014
21,0,0.9535495249930106,0,"[  5.05548708   0.38504358   4.10569143 -18.75626996  -1.31470536
  -0.04268104]","[ -0.69966819   0.12885755 -12.26612394  -6.58221669  -1.3109085
   0.06436713]","[ -0.13508191   0.08140465 -19.14617708  -0.5863022   -1.21378452
  -0.40535984]",[-0.64621283  0.29129911  5.42682499  5.50688395 -1.3110428   0.04744548],"[-2.34100280e+00  2.08449273e-02  7.42447378e+01  1.75807139e+02
 -1.20111615e+00  4.72536640e-01]","[ 8.97372544e-01  2.45166320e-03  1.03779851e+02 -9.11291892e+01
 -1.61541352e+00 -2.97468115e-01]","[-1.73006158e+00  1.70545515e-02  8.76995581e+01  1.53725636e+02
 -9.47338676e-01  7.33206784e-01]","[  1.6313705    0.06050261  26.10392082 -40.58516648  -1.28518851
  -0.11928709]",014
22,0,0.9535495249930106,0,"[  5.29122226   0.3686712    4.28588029 -20.67754517  -1.307943
  -0.08985091]","[ -0.77803443   0.12157307 -12.99259632  -8.10868734  -1.30563603
   0.11037579]","[ -0.19167854   0.10202387 -15.39932173  -0.95171957  -1.27200065
  -0.2744315 ]",[-0.46137922  0.29773291  5.31046832  4.45013973 -1.30810705  0.01490241],"[-2.32678460e+00  2.64485053e-02  5.94399384e+01  1.40303933e+02
 -1.30576636e+00  2.51586512e-01]","[ 8.96289054e-01  4.49128282e-03 -2.93040595e+02  2.64649077e+02
 -5.09000541e-01 -1.01141046e+00]","[-1.71709222e+00  2.57457159e-02  6.01183893e+01  1.05228819e+02
 -1.15880029e+00  4.88904971e-01]","[  1.66839496   0.05609073  28.16390143 -44.9885112   -1.28487958
  -0.10589191]",014
23,0,0.9775993333903272,0,"[  5.51402313   0.34252079   4.60953997 -23.41711001  -1.29862239
  -0.1329689 ]","[ -0.85078226   0.11103362 -14.20948233 -10.08917546  -1.29610378
   0.16208505]","[ -0.26011775   0.11862928 -13.29207157  -1.45750374  -1.29980283
  -0.18036579]",[-0.2737256   0.29873975  5.2926628   3.4487373  -1.30561117 -0.0066933 ],"[-2.30973106e+00  2.95986779e-02  5.33697006e+01  1.25269655e+02
 -1.34091230e+00  9.27980395e-02]","[ 8.92615727e-01  8.28087790e-03 -1.82277688e+02  1.64703931e+02
 -9.98333231e-01 -6.83938845e-01]","[-1.69871352e+00  3.38958404e-02  4.61936279e+01  8.04697402e+01
 -1.24396291e+00  3.38433681e-01]","[  1.70297417   0.05261711  30.03306488 -49.1455337   -1.28569231
  -0.08386072]",014
24,0,0.9775993333903272,0,"[  5.71863496   0.30949413   5.09645525 -27.14476715  -1.28740005
  -0.1726792 ]","[ -0.9160016    0.09767667 -16.12131168 -12.76714735  -1.28021641
   0.22289427]","[ -0.33753929   0.13038587 -12.11523568  -2.08936803  -1.31373716
  -0.10474154]",[-0.08640715  0.29587259  5.34375374  2.46173854 -1.30427961 -0.02280119],"[-2.29154257e+00  3.00182562e-02  5.26512904e+01  1.22652673e+02
 -1.34576999e+00 -4.89714267e-02]","[ 8.86394690e-01  1.21564506e-02 -1.27658788e+02  1.15156072e+02
 -1.17766559e+00 -4.60076723e-01]","[-1.67553178e+00  4.09310607e-02  3.84560609e+01  6.64343521e+01
 -1.28591739e+00  2.31294270e-01]","[ 1.73572533e+00  5.02106500e-02  3.14824125e+01 -5.26448207e+01
 -1.28720700e+00 -5.46965682e-02]",014
25,0,0.697573158150646,0,"[  5.90159293   0.27249875   5.78179785 -32.12181728  -1.27474433
  -0.2095369 ]","[ -0.97209527   0.08209161 -19.1178349  -16.58435687  -1.25330379
   0.29884682]","[ -0.42069879   0.13674564 -11.56078712  -2.86360915  -1.31949318
  -0.03868944]",[ 0.09819711  0.28992491  5.45298491  1.46453264 -1.30373445 -0.0377107 ],"[-2.27398164e+00  2.76565349e-02  5.69571273e+01  1.31519462e+02
 -1.32152646e+00 -2.01813119e-01]","[ 8.77779499e-01  1.57571862e-02 -9.94752603e+01  8.93173442e+01
 -1.25144188e+00 -3.20137500e-01]","[-1.64841850e+00  4.63798460e-02  3.40295320e+01  5.80949100e+01
 -1.30750791e+00  1.46379044e-01]","[ 1.76731188e+00  4.89126278e-02  3.23242151e+01 -5.51269693e+01
 -1.28903674e+00 -2.22147474e-02]",014
26,0,0.9861500681600102,0,"[  6.06111699   0.23410887   6.72127143 -38.73841245  -1.26108043
  -0.24448821]","[ -1.0178593    0.06498479 -23.99863027 -22.42722889  -1.20447767
   0.4014401 ]","[ -0.50613363   0.13748882 -11.4992419   -3.82015308  -1.31945202
   0.02283589]",[ 0.27810968  0.28111663  5.62317092  0.43614171 -1.30321355 -0.05396726],"[-2.25874408e+00  2.27451167e-02  6.85095986e+01  1.56745650e+02
 -1.24320024e+00 -3.96993272e-01]","[ 8.67036219e-01  1.88631018e-02 -8.34784553e+01  7.43788443e+01
 -1.28662827e+00 -2.21655196e-01]","[-1.61845850e+00  4.99276826e-02  3.16526622e+01  5.32285203e+01
 -1.31682448e+00  7.54220252e-02]","[ 1.79838251e+00  4.86552119e-02  3.24964224e+01 -5.64409977e+01
 -1.29111897e+00  7.92547637e-03]",014
27,0,0.9861500681600102,0,"[  6.19682337   0.19631346   8.00317846 -47.59428332  -1.24633525
  -0.27976698]","[ -1.05253779   0.04716937 -32.60218833 -32.31503511  -1.10373711
   0.55492225]","[ -0.59033948   0.13272122 -11.90597189  -5.02856525  -1.31455837
   0.08406013]",[ 0.45148562  0.26941043  5.86639128 -0.64859129 -1.30209498 -0.0726098 ],"[-2.24730311e+00  1.58837590e-02  9.45705532e+01  2.14528698e+02
 -1.01384514e+00 -6.89211828e-01]","[ 8.54527445e-01  2.13219035e-02 -7.40228380e+01  6.52545466e+01
 -1.30376207e+00 -1.46690590e-01]","[-1.58685234e+00  5.14783022e-02  3.07131929e+01  5.07373022e+01
 -1.31811764e+00  1.51349040e-02]","[ 1.82950506e+00  4.92505134e-02  3.21016153e+01 -5.67300676e+01
 -1.29371244e+00  3.01528517e-02]",014
28,0,0.9861500681600102,0,"[  6.30937111   0.16043319   9.77391004 -59.66722561  -1.22883629
  -0.31918466]","[-1.07586974e+00  2.96470686e-02 -4.97112647e+01 -5.14828456e+01
 -8.52036094e-01  8.09606961e-01]","[ -0.6699449    0.1228167  -12.84980657  -6.60866241  -1.30412349
   0.14999701]",[ 0.61648579  0.25475435  6.20210006 -1.82350655 -1.30008214 -0.094067  ],"[-2.24075051e+00  8.41892009e-03  1.41320425e+02  3.18663815e+02
 -4.65499858e-01 -9.80036782e-01]","[ 8.40680138e-01  2.30564349e-02 -6.85327806e+01  5.96141474e+01
 -1.31102344e+00 -8.73595049e-02]","[-1.55479036e+00  5.11655740e-02  3.08985675e+01  5.00407950e+01
 -1.31420504e+00 -3.58387951e-02]","[ 1.86110360e+00  5.04051168e-02  3.13644089e+01 -5.63724143e+01
 -1.29699053e+00  4.11021473e-02]",014
29,0,0.9861500681600102,0,"[  6.40013429   0.12723916  12.28951469 -76.65454442  -1.20493694
  -0.36726742]","[-1.08813203e+00  1.42985261e-02 -7.91917342e+01 -8.41710621e+01
 -3.67928372e-01  1.03551164e+00]","[ -0.74187164   0.10836178 -14.52836666  -8.77818314  -1.28476733
   0.22744534]",[ 0.77127355  0.23719656  6.65835195 -3.13541075 -1.29688585 -0.11887776],"[-2.23966979e+00  6.26559168e-03 -1.17502961e+02 -2.61167833e+02
 -9.36393340e-01 -6.22846416e-01]","[ 8.25942244e-01  2.40697796e-02 -6.56802201e+01  5.62480684e+01
 -1.31243138e+00 -4.00486925e-02]","[-1.52331822e+00  4.93254489e-02  3.20394915e+01  5.08063411e+01
 -1.30685066e+00 -7.72204320e-02]","[ 1.89341022e+00  5.17609805e-02  3.05429628e+01 -5.58303581e+01
 -1.30070539e+00  4.03271845e-02]",014
30,0,1.0003273990128587,0,"[ 6.47092867e+00  9.71848197e-02  1.60221544e+01 -1.01678218e+02
 -1.16933371e+00 -4.29027202e-01]","[-1.09016113e+00  1.02058632e-02  8.18152025e+01  9.11917537e+01
 -8.63837951e-01  6.41698149e-01]","[ -0.80347912   0.09015485 -17.37991438 -11.96439831  -1.2479951
   0.32670272]",[ 0.9141083   0.21695161  7.27519353 -4.65031482 -1.29179971 -0.14747735],"[-2.24407068e+00  1.27011994e-02 -1.14559854e+02 -2.55080409e+02
 -8.70559692e-01 -8.09499866e-01]","[ 8.10736312e-01  2.44393655e-02 -6.46957315e+01  5.44511788e+01
 -1.31031543e+00 -3.35612712e-03]","[-1.49321613e+00  4.64568792e-02  3.40037484e+01  5.27749456e+01
 -1.29750950e+00 -1.06140679e-01]","[ 1.92644089e+00  5.29492164e-02  2.98592893e+01 -5.55221558e+01
 -1.30427130e+00  2.94564289e-02]",014
31,0,1.0003273990128587,0,"[ 6.52380092e+00  7.05626289e-02  2.19107441e+01 -1.40941332e+02
 -1.11268256e+00 -5.13381880e-01]","[-1.08333223e+00  1.96095195e-02  7.55468746e+01  8.38423638e+01
 -9.85057301e-01  7.26447230e-01]","[ -0.85270068   0.0692516  -22.39759761 -17.09844663  -1.17246135
   0.46650162]",[ 1.04350339  0.19449207  8.10848468 -6.46123126 -1.28392172 -0.17931861],"[-2.25340232e+00  1.94852872e-02 -7.94903633e+01 -1.77123769e+02
 -1.20724659e+00 -4.64111859e-01]","[ 7.95418722e-01  2.43021628e-02 -6.50586823e+01  5.37488939e+01
 -1.30633303e+00  2.28227015e-02]","[-1.46491245e+00  4.31783189e-02  3.65790883e+01  5.55851619e+01
 -1.28835980e+00 -1.16867273e-01]","[ 1.95999984e+00  5.36398746e-02  2.94765210e+01 -5.57739765e+01
 -1.30704441e+00  1.08603115e-02]",014
32,0,1.0003273990128587,0,"[ 6.56085518e+00  4.74864623e-02  3.20789675e+01 -2.08465461e+02
 -1.00802001e+00 -6.43938199e-01]","[-1.06947700e+00  2.84066158e-02  5.48912561e+01  6.07049357e+01
 -1.26516625e+00  3.81036549e-01]","[ -0.88816781   0.04703686 -32.08888564 -26.50031524  -0.9933178
   0.68663589]",[ 1.15841457  0.17064346  9.23208903 -8.69458642 -1.27293042 -0.21222706],"[-2.26664789e+00  2.45779200e-02 -6.39843475e+01 -1.43029986e+02
 -1.31000448e+00 -2.43649377e-01]","[ 7.80250308e-01  2.38336308e-02 -6.63329786e+01  5.37563270e+01
 -1.30184243e+00  3.80034386e-02]","[-1.43844261e+00  4.01627276e-02  3.93352501e+01  5.85814997e+01
 -1.28198106e+00 -1.02795762e-01]","[ 1.99371081e+00  5.35780303e-02  2.95103485e+01 -5.68351006e+01
 -1.30848583e+00 -1.32450684e-02]",014
33,0,1.0003273990128587,0,"[ 6.58406908e+00  2.78889655e-02  5.20965704e+01 -3.41007418e+02
 -7.51652796e-01 -8.79121155e-01]","[-1.05073130e+00  3.40426887e-02  4.63210769e+01  5.06710054e+01
 -1.33436886e+00  1.67345438e-01]","[-9.09302839e-01  2.56103598e-02 -5.20986778e+01 -4.53734756e+01
 -5.17131843e-01  1.01546763e+00]","[  1.25843386   0.14659257  10.73503574 -11.50933243  -1.25971036
  -0.24219677]","[-2.28248819e+00  2.74349000e-02 -5.75838415e+01 -1.29434438e+02
 -1.33834656e+00 -8.90271408e-02]","[ 7.65380353e-01  2.32239570e-02 -6.80728229e+01  5.41016013e+01
 -1.29782329e+00  4.17273960e-02]","[-1.41345346e+00  3.80492162e-02  4.15419378e+01  6.07175957e+01
 -1.27899849e+00 -6.07911597e-02]","[ 2.02706836e+00  5.26053741e-02  3.00522988e+01 -5.89180639e+01
 -1.30818686e+00 -4.10716573e-02]",014
34,0,1.0003273990128587,0,"[ 6.59511221e+00  1.26187455e-02  7.85880211e+01 -5.16296817e+02
 -4.68453540e-01 -9.39875824e-01]","[-1.02933141e+00  3.62328617e-02  4.36296507e+01  4.69093700e+01
 -1.34377387e+00  1.71304379e-02]",[-0.91635599  0.01269635  5.57030747  7.10438462 -1.7188956   0.24669592],"[  1.34393508   0.12373838  12.70704836 -15.07744799  -1.24676695
  -0.26343131]","[-2.29950766e+00  2.80200616e-02 -5.64180647e+01 -1.27733772e+02
 -1.33498849e+00  3.06493046e-02]","[ 7.50843227e-01  2.26570170e-02 -6.97793463e+01  5.43933496e+01
 -1.29467696e+00  3.39797419e-02]","[-1.38924466e+00  3.73645959e-02  4.23144103e+01  6.07850685e+01
 -1.27641118e+00  4.52355944e-03]","[ 2.05950003e+00  5.06690084e-02  3.11922753e+01 -6.22404917e+01
 -1.30589857e+00 -7.12163757e-02]",014
35,0,1.0003273990128587,0,"[ 6.59524532e+00  1.23463047e-02 -8.55093949e+01  5.65955436e+02
 -4.96978897e-01 -9.16560649e-01]","[-1.00740647e+00  3.52606301e-02  4.47938629e+01  4.71256275e+01
 -1.32919930e+00 -1.06043912e-01]","[-9.10369053e-01  2.31715599e-02  6.01141417e+01  5.67260543e+01
 -7.28453920e-01  8.93191216e-01]","[  1.41607799   0.1033952   15.20367617 -19.52959112  -1.23822566
  -0.26959511]","[-2.31640334e+00  2.66688605e-02 -5.92051185e+01 -1.35142934e+02
 -1.31493252e+00  1.27241242e-01]","[ 7.36565302e-01  2.22967176e-02 -7.09118258e+01  5.42311904e+01
 -1.29222137e+00  1.55071910e-02]","[-1.36483227e+00  3.84961050e-02  4.10498056e+01  5.80260994e+01
 -1.27013638e+00  8.07119292e-02]","[ 2.09042817e+00  4.78153249e-02  3.30393118e+01 -6.70663081e+01
 -1.30161162e+00 -1.02712856e-01]",014
36,0,1.0003273990128587,0,"[ 6.58535239e+00  2.50809973e-02 -5.90145806e+01  3.90631809e+02
 -8.96872152e-01 -7.78467460e-01]","[-9.86815641e-01  3.16740851e-02  4.97019343e+01  5.10466462e+01
 -1.29786357e+00 -2.24842583e-01]","[-8.93063082e-01  3.79715288e-02  4.05185661e+01  3.81856355e+01
 -1.16093904e+00  5.27607627e-01]","[  1.47661838   0.08643696  18.19598752 -24.86852967  -1.23794733
  -0.25787725]","[-2.33215030e+00  2.39597899e-02 -6.57641509e+01 -1.51371884e+02
 -1.28678880e+00  2.04495939e-01]","[ 7.22377873e-01  2.22823833e-02 -7.09577331e+01  5.32582963e+01
 -1.28985118e+00 -1.19229276e-02]","[-1.33901349e+00  4.17239332e-02  3.78245552e+01  5.26475895e+01
 -1.25942391e+00  1.53073072e-01]","[ 2.11932048e+00  4.41650477e-02  3.57475922e+01 -7.37606044e+01
 -1.29552485e+00 -1.35411837e-01]",014
37,0,0.9818695796303676,0,"[ 6.56608483e+00  3.88847351e-02 -3.97062735e+01  2.62714760e+02
 -1.14106489e+00 -5.13999585e-01]","[-9.69053942e-01  2.61167149e-02  5.98496414e+01  5.99975309e+01
 -1.24054839e+00 -3.62890234e-01]",[-0.86667028  0.04989714 31.43839238 29.24672024 -1.28416183  0.2973238 ],"[  1.52756285   0.07301439  21.56081082 -30.93549363  -1.246082
  -0.23464247]","[-2.34608846e+00  2.05475170e-02 -7.65164843e+01 -1.77514441e+02
 -1.25761606e+00  2.63393281e-01]","[ 7.08030811e-01  2.27316059e-02 -6.95447239e+01  5.12398073e+01
 -1.28680816e+00 -4.55510884e-02]",[-1.31041408  0.04727631 33.32706922 45.67226066 -1.24747598  0.21104103],"[ 2.14572060e+00  3.98720640e-02  3.95619050e+01 -8.28887947e+01
 -1.28768976e+00 -1.70620831e-01]",014
38,0,0.9818695796303676,0,"[ 6.53805650e+00  5.20584522e-02 -3.00393372e+01  1.98398883e+02
 -1.23102661e+00 -3.59691166e-01]","[-9.55224278e-01  1.92445749e-02  7.97942791e+01  7.82214326e+01
 -1.11594142e+00 -5.58503116e-01]",[-0.83374232  0.05785252 27.27559159 24.74081501 -1.32212304  0.14960292],"[  1.57075436   0.06247833  25.2122174  -37.60220044  -1.25819879
  -0.21712475]","[-2.35792195e+00  1.70019476e-02 -9.22971130e+01 -2.15629388e+02
 -1.23270251e+00  3.05343796e-01]","[ 6.93205378e-01  2.37439990e-02 -6.65553605e+01  4.81365338e+01
 -1.28279362e+00 -8.17464623e-02]",[-1.27752351  0.05534803 28.42597095 38.31484614 -1.2387152   0.25000503],"[ 2.16925593e+00  3.50795776e-02  4.49086994e+01 -9.54184625e+01
 -1.27727861e+00 -2.11793661e-01]",014
39,0,0.9818695796303676,0,"[ 6.50203407e+00  6.39427787e-02 -2.45909090e+01  1.61890928e+02
 -1.27226133e+00 -2.57684837e-01]","[-9.46056099e-01  1.17895418e-02  1.21837015e+02  1.17264651e+02
 -7.69851209e-01 -8.74844757e-01]",[-0.79695953  0.06162447 25.65190835 22.44353273 -1.33148953  0.03954161],"[  1.60748334   0.05356686  29.39248702 -45.24793309  -1.26735698
  -0.22860581]","[-2.36764627e+00  1.37052986e-02 -1.14328601e+02 -2.68689685e+02
 -1.21432625e+00  3.34233068e-01]","[ 6.77530514e-01  2.53950876e-02 -6.21953158e+01  4.41392243e+01
 -1.27863964e+00 -1.15827958e-01]",[-1.23874633  0.06604711 23.80150425 31.48402599 -1.23632506  0.26934606],"[ 2.18962647e+00  2.98923121e-02  5.25893220e+01 -1.13150972e+02
 -1.26138431e+00 -2.65347352e-01]",014
40,0,0.9818695796303676,0,"[ 6.45909184e+00  7.39439585e-02 -2.13254106e+01  1.39742786e+02
 -1.29566734e+00 -1.80221496e-01]","[-9.41942522e-01  5.53042270e-03  1.22858857e+02  1.17725982e+02
 -9.88920115e-01 -6.10559714e-01]",[-0.75895388  0.06137616 25.75322094 21.54550687 -1.32728544 -0.0543128 ],"[ 1.63821599e+00  4.47576662e-02  3.50666414e+01 -5.54467327e+01
 -1.26120665e+00 -2.95583412e-01]","[-2.37543273e+00  1.08263512e-02 -1.44525341e+02 -3.41310226e+02
 -1.20109768e+00  3.58975675e-01]","[ 6.60607921e-01  2.77151171e-02 -5.69580072e+01  3.96269107e+01
 -1.27604701e+00 -1.42483391e-01]",[-1.19249401  0.07929352 19.82354565 25.63945953 -1.24092351  0.27074694],"[ 2.20658473e+00  2.43767335e-02  6.42279367e+01 -1.39724385e+02
 -1.23238930e+00 -3.42516777e-01]",014
41,0,0.9818695796303676,0,"[ 6.41071666e+00  8.13775458e-02 -1.94093906e+01  1.26428104e+02
 -1.31216824e+00 -1.10916126e-01]","[-9.42971725e-01  7.57491030e-03 -1.61365150e+02 -1.50162774e+02
 -4.75565364e-01 -9.85884564e-01]",[-0.72215663  0.05751744 27.44025573 21.81616271 -1.31270979 -0.14477745],"[ 1.66248959e+00  3.46384453e-02  4.47548121e+01 -7.24044091e+01
 -1.19856377e+00 -4.60222049e-01]","[-2.38150275e+00  8.34712127e-03 -1.86929546e+02 -4.43173228e+02
 -1.18550470e+00  4.00400099e-01]","[ 6.42046729e-01  3.06634824e-02 -5.14625492e+01  3.50413614e+01
 -1.27631102e+00 -1.57689776e-01]",[-1.13731569  0.09473924 16.60045069 20.87995295 -1.2506081   0.25772105],"[ 2.21991809e+00  1.85880567e-02  8.34672891e+01 -1.83290545e+02
 -1.16942504e+00 -4.64991157e-01]",014
42,0,0.9818695796303676,0,"[ 6.35884955e+00  8.54441477e-02 -1.85015990e+01  1.19648885e+02
 -1.32333129e+00 -3.95441144e-02]","[-9.48947150e-01  1.42448938e-02 -1.05644369e+02 -9.82509228e+01
 -1.00794653e+00 -6.87409496e-01]",[-0.68867922  0.05063664 31.06960608 23.39699208 -1.28513538 -0.24287263],"[ 1.67896065e+00  2.24479533e-02  6.46395158e+01 -1.06527204e+02
 -8.88537901e-01 -7.95192224e-01]","[-2.38601619e+00  6.10702990e-03 -2.53039016e+02 -6.01755188e+02
 -1.13719984e+00  5.08249462e-01]","[ 6.21503471e-01  3.41201946e-02 -4.62451489e+01  3.07415205e+01
 -1.27933921e+00 -1.60614991e-01]",[-1.07204629  0.11176776 14.08387042 17.09856103 -1.26242339  0.23488811],"[ 2.22944089e+00  1.26252463e-02  1.19619630e+02 -2.64684895e+02
 -1.00219939e+00 -6.80061314e-01]",014
43,0,0.9818695796303676,0,"[ 6.30584629e+00  8.54085270e-02 -1.85091646e+01  1.18715947e+02
 -1.32622414e+00  3.86757549e-02]","[-9.59407311e-01  2.06547128e-02 -7.53134208e+01 -7.02562465e+01
 -1.21256919e+00 -4.25537142e-01]",[-0.66022822  0.0414512  37.71342612 26.8994682  -1.23423615 -0.36330576],"[ 1.68556276e+00  1.19765944e-02  3.67598934e+01 -5.99611074e+01
 -1.48684060e+00 -3.18227098e-01]","[-2.38898475e+00  3.88624072e-03 -3.77365617e+02 -8.99520705e+02
 -8.98289442e-01  7.83187693e-01]","[ 5.98719004e-01  3.79062296e-02 -4.16333722e+01  2.69266911e+01
 -1.28390528e+00 -1.53536623e-01]",[-0.99594293  0.12957223 12.16078933 14.11145212 -1.27398536  0.20665591],"[ 2.23499711e+00  6.84022754e-03  1.90932269e+02 -4.24733070e+02
 -5.13950756e-01 -1.00153389e+00]",014
44,0,0.9713477367797988,0,"[ 6.25434201e+00  8.08977034e-02 -1.95180355e+01  1.24072469e+02
 -1.31729450e+00  1.25575558e-01]","[-9.73658451e-01  2.59376535e-02 -6.05949371e+01 -5.69987726e+01
 -1.28526586e+00 -2.63400989e-01]","[-6.38049963e-01  3.07740207e-02  5.00651916e+01  3.39440937e+01
 -1.12852784e+00 -5.33373734e-01]","[ 1.67972857e+00  2.33516725e-02 -5.34887154e+01  9.18465235e+01
 -3.37998110e-01 -1.10271766e+00]","[-2.39021581e+00  2.01214581e-03 -2.98760341e+02 -7.12101691e+02
 -1.28641573e+00  4.02355066e-01]","[  0.57354293   0.0418224  -37.7466749   23.6493387   -1.28865974
  -0.14011827]",[-0.90878281  0.14725811 10.7103412  11.73337399 -1.28412885  0.17614939],"[ 2.23647090e+00  4.02591940e-03 -8.89306777e+01  2.00890873e+02
 -1.48867789e+00 -3.63737817e-01]",014
45,0,0.6765474502505848,0,"[ 6.20703162e+00  7.20846112e-02 -2.18401560e+01  1.37562539e+02
 -1.29306835e+00  2.25031061e-01]","[-9.90831462e-01  2.97495745e-02 -5.30446135e+01 -5.05582719e+01
 -1.31310558e+00 -1.50373427e-01]","[-6.22900773e-01  1.95483822e-02  7.52844927e+01  4.88947687e+01
 -8.59737407e-01 -8.07225660e-01]","[ 1.65863308e+00  4.80901881e-02 -3.07251783e+01  5.29617971e+01
 -8.28483165e-01 -8.18038218e-01]","[-2.38929020e+00  3.86008483e-03  3.12226772e+02  7.48000367e+02
 -2.55015125e-01  1.14498184e+00]","[  0.5459406    0.04568435 -34.56772517  20.87192461  -1.29284986
  -0.12363717]",[-0.81091199  0.16391592  9.6296824   9.80882488 -1.29261268  0.14494136],"[ 2.23380115e+00  8.48933433e-03 -1.65164172e+02  3.70943917e+02
 -6.70964482e-01 -9.35107342e-01]",014
46,0,0.8010736650150249,0,"[ 6.16643166e+00  5.96081868e-02 -2.62446857e+01  1.63836061e+02
 -1.24441848e+00  3.50532535e-01]","[-1.00997281e+00  3.19931362e-02 -4.94009686e+01 -4.78936352e+01
 -1.32038578e+00 -6.63108150e-02]","[-6.15040295e-01  9.42315883e-03  1.13854058e+02  7.20248335e+01
 -4.18961082e-01 -9.82476467e-01]","[  1.61943068   0.078476   -19.50283201  33.58348444  -1.04660727
  -0.60486181]","[-2.38557598e+00  8.51751787e-03  1.71095635e+02  4.10161636e+02
 -7.24562175e-01  8.91706061e-01]","[  0.51598515   0.04933838 -32.01791712  18.52076965  -1.296333
  -0.10612052]",[-0.70325065  0.17865687  8.84091901  8.21738207 -1.2995177   0.11346694],"[ 2.22699572e+00  1.45974415e-02 -1.04482918e+02  2.34683011e+02
 -1.05786644e+00 -6.17490198e-01]",014
47,0,0.885153627102209,0,"[ 6.13470987e+00  4.43440064e-02 -3.47034788e+01  2.14895774e+02
 -1.13307239e+00  5.38642265e-01]","[-1.03016727e+00  3.28161660e-02 -4.81804400e+01 -4.76339125e+01
 -1.31645337e+00 -5.29751037e-03]","[-6.14247851e-01  7.81525365e-03 -1.20812059e+02 -7.22085477e+01
 -6.80316506e-01 -7.68259526e-01]","[  1.55948894   0.11313164 -13.71205061  23.3837912   -1.14659453
  -0.47380474]","[-2.37827643e+00  1.47840140e-02  1.02552434e+02  2.45898037e+02
 -9.63357152e-01  6.83343993e-01]","[  0.48384289   0.05265755 -30.00801343  16.51916386  -1.29925032
  -0.08836405]",[-0.58726647  0.19064032  8.28931801  6.8680385  -1.30487545  0.08165148],"[ 2.21614181e+00  2.07631760e-02 -7.49400201e+01  1.68077712e+02
 -1.19013570e+00 -4.30616256e-01]",014
48,0,0.936760486833366,0,"[ 6.11361078e+00  2.74658201e-02 -5.23860378e+01  3.22267845e+02
 -7.95219253e-01  8.57905941e-01]","[-1.05066757e+00  3.25931015e-02 -4.85071953e+01 -4.89649369e+01
 -1.30716683e+00  3.20257976e-02]","[-6.19868209e-01  1.52531510e-02 -9.73235932e+01 -5.83278014e+01
 -9.70618888e-01 -7.32809654e-01]","[  1.47664359   0.15097183 -10.34607746  17.27746894  -1.20267211
  -0.38293234]","[-2.36650591e+00  2.25715405e-02  6.82508176e+01  1.63515964e+02
 -1.08246465e+00  5.50799244e-01]","[  0.44976149   0.05552669 -28.46396947  14.80199728  -1.30180248
  -0.07030628]",[-0.46492326  0.19911661  7.93914085  5.69109124 -1.30864292  0.04930564],"[ 2.20141065e+00  2.66655856e-02 -5.87988286e+01  1.31440367e+02
 -1.24539657e+00 -3.17074609e-01]",014
49,0,0.936760486833366,0,"[ 6.10443154e+00  1.32778505e-02 -4.55505458e+01  2.80060189e+02
 -1.15597682e+00  5.10880029e-01]","[-1.07099242e+00  3.18452909e-02 -4.96431654e+01 -5.11674540e+01
 -1.29763069e+00  4.35024591e-02]","[-6.30895919e-01  2.24173327e-02 -6.94069330e+01 -4.17885508e+01
 -1.23295144e+00 -4.15401568e-01]",[ 1.36949509  0.19053065 -8.23244451 13.27429236 -1.23965662 -0.31178804],"[-2.34938054e+00  3.17667826e-02  4.89136635e+01  1.16916809e+02
 -1.15327990e+00  4.55869629e-01]","[  0.41406721   0.05782543 -27.33746025  13.31954596  -1.30416665
  -0.0513308 ]",[-0.3386057   0.20348153  7.77018432  4.63102868 -1.31077698  0.01617552],"[ 2.18305558e+00  3.21304766e-02 -4.89765956e+01  1.08918630e+02
 -1.27261419e+00 -2.40355454e-01]",014
50,0,0.936760486833366,0,"[ 6.10799358e+00  2.03054051e-02  6.08707264e+01 -3.69798006e+02
 -4.39399977e-01  1.02105068e+00]","[-1.09096454e+00  3.11106338e-02 -5.08191036e+01 -5.34418400e+01
 -1.29126714e+00  3.04412381e-02]","[-6.46099001e-01  2.77428717e-02 -5.67322440e+01 -3.46546462e+01
 -1.30515921e+00 -2.27470215e-01]",[ 1.23773839  0.22977653 -6.84602451 10.47358734 -1.26674398 -0.25006134],"[-2.32611028e+00  4.21354200e-02  3.70760810e+01  8.82430530e+01
 -1.20016884e+00  3.81452222e-01]","[  0.3771707    0.05941601 -26.60922924  12.03622157  -1.30638734
  -0.03048457]",[-0.21101216  0.20333052  7.775907    3.64081093 -1.31116879 -0.01808566],"[ 2.16140372e+00  3.70351580e-02 -4.25747920e+01  9.40213138e+01
 -1.28743615e+00 -1.84282534e-01]",014
51,0,0.972730296924796,0,"[ 6.12459664e+00  3.89582134e-02  3.84700410e+01 -2.33613484e+02
 -9.64854411e-01  7.19749711e-01]","[-1.11068552e+00  3.08142095e-02 -5.13114005e+01 -5.49908296e+01
 -1.28833719e+00  1.92487067e-04]","[-6.64168338e-01  3.10371288e-02 -5.08905957e+01 -3.17999224e+01
 -1.32268029e+00 -1.07186713e-01]",[ 1.08247302  0.26615897 -5.92253815  8.41098774 -1.28720185 -0.19266722],"[-2.29608224e+00  5.33237956e-02  2.94041567e+01  6.95143619e+01
 -1.23310527e+00  3.19598603e-01]","[ 3.39573896e-01  6.01443789e-02 -2.62888002e+01  1.09269903e+01
 -1.30820736e+00 -6.82432221e-03]",[-0.08500318  0.19852043  7.96267306  2.6768525  -1.3094885  -0.05368762],"[ 2.13684272e+00  4.12913723e-02 -3.82306367e+01  8.36928577e+01
 -1.29607024e+00 -1.40766334e-01]",014
52,0,0.972730296924796,0,"[ 6.15399424e+00  5.82225292e-02  2.66172992e+01 -1.61802706e+02
 -1.17078043e+00  4.74338296e-01]","[-1.13046853e+00  3.12075184e-02 -5.06592419e+01 -5.52686788e+01
 -1.28671098e+00 -3.69518604e-02]","[-6.83867555e-01  3.24975372e-02 -4.86494221e+01 -3.12697614e+01
 -1.32133834e+00 -2.57792319e-02]",[ 0.90640795  0.296889   -5.31740848  6.81974131 -1.30207043 -0.13739631],[-2.2589268   0.06488836 24.22639839 56.7256605  -1.25681451  0.26635969],"[ 3.01866912e-01  5.98635875e-02 -2.64113093e+01  9.97270036e+00
 -1.30900830e+00  2.00777400e-02]",[ 0.03660217  0.18925202  8.34910761  1.69440453 -1.30522824 -0.09018923],"[ 2.10980537e+00  4.48373040e-02 -3.52321943e+01  7.63330725e+01
 -1.30127252e+00 -1.05296676e-01]",014
53,0,0.972730296924796,0,"[ 6.19546607e+00  7.62214627e-02  2.05524150e+01 -1.25331790e+02
 -1.24414165e+00  3.31067344e-01]","[-1.15075971e+00  3.24015931e-02 -4.87769291e+01 -5.41305246e+01
 -1.28431880e+00 -7.35207293e-02]","[-7.04149703e-01  3.25108109e-02 -4.86298306e+01 -3.22426808e+01
 -1.31392080e+00  2.98970668e-02]",[ 0.71387751  0.31935881 -4.94806326  5.53231106 -1.31179243 -0.08338225],[-2.21455971  0.07634074 20.63052546 47.68753039 -1.2739198   0.21965666],"[  0.26470481   0.05847829 -27.03244913   9.15561931  -1.3080254
   0.04973201]",[ 0.15127149  0.176151    8.96448731  0.64392866 -1.29811221 -0.12602853],"[ 2.08075357e+00  4.76350112e-02 -3.31774692e+01  7.10341376e+01
 -1.30430112e+00 -7.53157733e-02]",014
54,0,0.972730296924796,0,"[ 6.24802608e+00  9.25108075e-02  1.70070135e+01 -1.04260264e+02
 -1.27104962e+00  2.45139712e-01]","[-1.17207180e+00  3.44407925e-02 -4.58678089e+01 -5.17603653e+01
 -1.28094574e+00 -1.06151030e-01]","[-7.24202809e-01  3.14901066e-02 -5.01908691e+01 -3.43483684e+01
 -1.30669111e+00  6.91930133e-02]",[ 0.51060753  0.33157801 -4.768048    4.43460119 -1.31661911 -0.03028615],[-2.16320111  0.08718968 18.08788417 41.12773107 -1.28627621  0.17809468],"[  0.22876101   0.05599279 -28.22325136   8.45637938  -1.30475328
   0.08070831]",[ 0.25701342  0.16028391  9.84467162 -0.53021274 -1.2886376  -0.1584076 ],"[ 2.05016303e+00  4.96716589e-02 -3.18254247e+01  6.72473092e+01
 -1.30583396e+00 -4.93993371e-02]",014
55,0,0.972730296924796,0,"[  6.31069175   0.10734614  14.68404676 -90.66649276  -1.28005002
   0.19504365]","[-1.19493209e+00  3.73322511e-02 -4.22947049e+01 -4.85393002e+01
 -1.27843170e+00 -1.32026817e-01]","[-7.43401498e-01  2.97082590e-02 -5.31743743e+01 -3.75299095e+01
 -1.30298479e+00  1.04943815e-01]",[ 0.30321469  0.33255102 -4.75427451  3.44156588 -1.31655799  0.02172271],[-2.10537838  0.09696153 16.28087691 36.27740632 -1.29538521  0.14025486],"[  0.1946633    0.05253716 -30.06566538   7.85268172  -1.29926126
   0.1109891 ]",[ 0.35259312  0.14305492 11.02283841 -1.886577   -1.27832532 -0.18351679],"[ 2.01851051e+00  5.09575050e-02 -3.10266944e+01  6.46277086e+01
 -1.30641785e+00 -2.65594868e-02]",014
56,0,0.972730296924796,0,"[  6.38264943   0.12124288  13.01239676 -81.05356679  -1.28436902
   0.16557255]","[-1.21982345e+00  4.09915597e-02 -3.85067750e+01 -4.49714673e+01
 -1.27959560e+00 -1.46353338e-01]","[-7.61179575e-01  2.71671337e-02 -5.80797009e+01 -4.22090820e+01
 -1.30148680e+00  1.57898387e-01]",[ 0.0985064   0.32253006 -4.90015916  2.48269705 -1.31167074  0.07166794],[-2.04191923  0.10519968 15.01651712 32.66251504 -1.30228262  0.1045447 ],"[  0.16292704   0.04835517 -32.64804684   7.31924978  -1.2922206
   0.13845175]",[ 0.43765468  0.1259892  12.51098296 -3.47549023 -1.26950552 -0.19697526],"[ 1.98626511e+00  5.15159768e-02 -3.06920084e+01  6.29624655e+01
 -1.30650493e+00 -5.74000886e-03]",014
57,0,0.972730296924796,0,"[  6.46317476   0.13436695  11.74832313 -73.93146555  -1.2909478
   0.14176658]","[ -1.24709206   0.04514014 -34.9695937  -41.61030277  -1.28642814
  -0.14371872]","[-7.76873141e-01  2.35778317e-02 -6.66702281e+01 -4.97943095e+01
 -1.28894271e+00  2.58909230e-01]",[-0.09727089  0.3030426  -5.21161576  1.49306148 -1.3026647   0.11785174],[-1.97393764  0.11146236 14.17974911 29.98994043 -1.30743767  0.0694531 ],"[  0.13390266   0.0437591  -36.05756887   6.82820431  -1.28467001
   0.16120124]",[ 0.51270685  0.11046871 14.26995421 -5.31630332 -1.26464844 -0.19473831],"[ 1.95388411e+00  5.13702157e-02 -3.07786787e+01  6.21379711e+01
 -1.30630310e+00  1.42653239e-02]",014
58,0,1.0103836023604884,0,"[  6.55129429   0.14600657  10.81845553 -68.87488588  -1.30182424
   0.11056278]","[ -1.27681928   0.04923629 -32.075283   -38.95433964  -1.29838108
  -0.12091496]","[-7.89600951e-01  1.85243829e-02 -8.36501869e+01 -6.40502671e+01
 -1.21265335e+00  4.57662557e-01]",[-0.27906751  0.27659841 -5.70473577  0.40799358 -1.29109398  0.15855887],[-1.90281414  0.1153362  13.70753417 28.08288989 -1.3109329   0.03372766],"[ 1.07750075e-01  3.90725587e-02 -4.03647444e+01  6.34930422e+00
 -1.27771731e+00  1.77624060e-01]",[ 0.57896208  0.09749808 16.17783177 -7.36635111 -1.26525272 -0.17504716],"[ 1.92181261e+00  5.05355685e-02 -3.12845297e+01  6.21230037e+01
 -1.30574677e+00  3.45815566e-02]",014
59,0,1.0103836023604884,0,"[ 6.64530944e+00  1.54454533e-01  1.02332419e+01 -6.60030591e+01
 -1.31477133e+00  6.39425787e-02]","[ -1.30868982   0.05250663 -30.09757087 -37.3883847   -1.31214357
  -0.0779517 ]","[-7.98251501e-01  1.19230701e-02 -1.20198915e+02 -9.39489644e+01
 -8.52685793e-01  8.19483423e-01]",[-0.44340519  0.24609496 -6.4056008  -0.84027665 -1.27889582  0.19313731],"[-1.83016702e+00  1.16466076e-01  1.35757544e+01  2.68458979e+01
 -1.31265954e+00 -3.76556890e-03]","[ 8.44434943e-02  3.45820837e-02 -4.55949384e+01  5.85019592e+00
 -1.27237244e+00  1.86299835e-01]",[ 0.63806025  0.08754819 18.03166958 -9.50529159 -1.27084954 -0.14123706],"[ 1.89048522e+00  4.90226723e-02 -3.22449605e+01  6.29586214e+01
 -1.30462410e+00  5.60746517e-02]",014
60,0,0.6617012921394044,0,"[ 6.74235838e+00  1.57362260e-01  1.00471967e+01 -6.57418008e+01
 -1.32522510e+00 -1.84057211e-03]","[-1.34190313e+00  5.40808068e-02 -2.92345563e+01 -3.72299427e+01
 -1.32309948e+00 -1.64572825e-02]","[-8.01620389e-01  6.41904615e-03 -5.10611903e+01 -3.89316912e+01
 -1.58341351e+00  2.83230473e-01]",[-0.58839859  0.21411564 -7.35490415 -2.32761521 -1.26749905  0.2231832 ],[-1.75780297  0.11459526 13.79518909 26.2492243  -1.31223908 -0.04422384],"[ 6.38014190e-02  3.05070237e-02 -5.16860892e+01  5.29764583e+00
 -1.26946846e+00  1.86118976e-01]","[  0.69173695   0.08050035  19.62477295 -11.57518061  -1.27932543
  -0.10304097]","[ 1.86032614e+00  4.68466114e-02 -3.37341775e+01  6.47565724e+01
 -1.30269180e+00  7.94281310e-02]",014
61,0,0.7523713087535081,0,"[  6.83816852   0.15232333  10.37194202 -68.92508739  -1.32743072
  -0.09119372]","[ -1.37516478   0.05317537 -29.72232802 -38.87309858  -1.32644193
   0.0632876 ]","[-7.98679571e-01  1.20110754e-02  1.06876971e+02  8.73604531e+01
 -4.54117598e-01  1.03667883e+00]",[-0.71343727  0.18239295 -8.6238608  -4.15258369 -1.25674944  0.25363687],[-1.68763467  0.1096164  14.41481377 26.32693946 -1.30883515 -0.08882355],"[ 4.55320398e-02  2.69859047e-02 -5.84460950e+01  4.66116992e+00
 -1.26946889e+00  1.76835434e-01]","[  0.74150687   0.07571301  20.8743721  -13.47849022  -1.28845181
  -0.07331592]","[ 1.83174539e+00  4.40345240e-02 -3.58745975e+01  6.77131285e+01
 -1.29966916e+00  1.05384629e-01]",014
62,0,0.9743678274814392,0,"[  6.92709265   0.13741423  11.45839435 -77.37335933  -1.31049141
  -0.21638128]","[ -1.40677355   0.04925924 -32.02094017 -43.04621156  -1.31575173
   0.16569478]","[-7.88896900e-01  2.24052306e-02  6.71371835e+01  5.49643160e+01
 -9.97144710e-01  6.95214964e-01]","[ -0.81865727   0.15161588 -10.35535642  -6.47748778  -1.24364044
   0.29374985]",[-1.62156297  0.10163096 15.53310658 27.18791043 -1.30117603 -0.13852635],"[ 2.92842162e-02  2.40736267e-02 -6.55464296e+01  3.91947582e+00
 -1.27221835e+00  1.59866355e-01]","[  0.78842402   0.07220758  21.89048262 -15.25898224  -1.29669909
  -0.06183239]","[ 1.80513094e+00  4.06292239e-02 -3.88590333e+01  7.21456432e+01
 -1.29510731e+00  1.34957687e-01]",014
63,0,0.9935759517455318,0,"[  7.00242197   0.11163915  13.94144135 -95.62385523  -1.2393196
  -0.40975172]","[-1.43478649e+00  4.21558415e-02 -3.71994076e+01 -5.13732074e+01
 -1.27657729e+00  3.05139069e-01]","[-7.72496004e-01  3.23805188e-02  4.80337329e+01  3.91058667e+01
 -1.22208211e+00  4.23600413e-01]","[ -0.90438589   0.12159904 -12.86398012  -9.63400217  -1.21965752
   0.35879873]",[-1.56133559  0.09099383 17.32258092 29.0463621  -1.28773398 -0.19422512],"[ 1.46969362e-02  2.17468328e-02 -7.25958449e+01  3.06693650e+00
 -1.27692438e+00  1.38736200e-01]","[  0.83295104   0.06890809  22.93590746 -17.10448798  -1.30282994
  -0.07234307]","[ 1.78083755e+00  3.66918655e-02 -4.29921275e+01  7.85619952e+01
 -1.28819885e+00  1.69513726e-01]",014
64,0,0.9935759517455318,0,"[ 7.05686574e+00  7.57637400e-02  1.95138522e+01 -1.35706635e+02
 -9.63996475e-01 -7.40545562e-01]","[-1.45721408e+00  3.20941357e-02 -4.80102950e+01 -6.79612779e+01
 -1.16115464e+00  5.18927209e-01]",[-0.75056192  0.0400329  39.30724649 31.5025223  -1.31277699  0.22971508],"[ -0.97072551   0.09171753 -16.90048729 -14.40573418  -1.16102789
   0.47576817]",[-1.50840422  0.07830628 20.0816883  32.29130343 -1.26658401 -0.25749836],"[ 1.44132824e-03  1.99186251e-02 -7.92917476e+01  2.11428544e+00
 -1.28242070e+00  1.18417190e-01]","[  0.87493844   0.06484154  24.36247664 -19.31566737  -1.30527114
  -0.10514315]","[ 1.75917317e+00  3.23060110e-02 -4.87658377e+01  8.77875534e+01
 -1.27760521e+00  2.10849404e-01]",014
65,0,1.0005926492613957,0,"[ 7.08307301e+00  3.91162470e-02  2.07112583e+01 -1.44699354e+02
 -9.04433977e-01 -6.17663629e-01]","[-1.47219836e+00  1.99282019e-02 -7.13448398e+01 -1.03033756e+02
 -7.77577079e-01  8.68659080e-01]",[-0.72495136  0.04414888 35.79029222 27.94622084 -1.345573    0.07192668],"[ -1.01737063   0.06154911 -24.44503124 -22.86965686  -0.98521123
   0.69901053]",[-1.46380602  0.06434404 24.34903746 37.64226762 -1.23432048 -0.33196218],"[-1.07501195e-02  1.84631542e-02 -8.55648428e+01  1.08016772e+00
 -1.28752830e+00  1.03481849e-01]","[  0.91369601   0.0592517   26.62710522 -22.32907975  -1.30106437
  -0.16164306]","[ 1.74038400e+00  2.75815791e-02 -5.70056125e+01  1.01211656e+02
 -1.26115545e+00  2.61559240e-01]",014
66,0,1.0005926492613957,0,"[ 7.07414533e+00  5.71249933e-02 -2.00345895e+01  1.43727598e+02
 -3.45655505e-01 -1.05614983e+00]","[-1.47815161e+00  1.01424319e-02 -3.51789600e+01 -4.99998365e+01
 -1.52867621e+00  3.26088692e-01]",[-0.69803585  0.04415082 35.78877687 26.98184912 -1.34401624 -0.07294287],"[-1.04365479e+00  3.25516951e-02 -3.84080220e+01 -3.80847162e+01
 -4.78560937e-01  9.96985639e-01]",[-1.42809193  0.04994845 31.17399381 46.51932911 -1.18314786 -0.4253985 ],"[-2.20698566e-02  1.72456727e-02 -9.16157045e+01 -2.19454587e-02
 -1.29138005e+00  9.63317939e-02]","[  0.94812915   0.05164993  30.45290042 -26.87328252  -1.28309685
  -0.24843208]","[ 1.72463911e+00  2.26556676e-02 -6.91788939e+01  1.21308626e+02
 -1.23491784e+00  3.25955334e-01]",014
67,0,1.0005926492613957,0,"[  7.02414603   0.11975964 -12.28323929  88.27926652  -0.82980364
  -0.82414299]","[-1.47385267e+00  1.83721421e-02  7.01398636e+01  1.05375825e+02
 -4.55688258e-01  1.03597597e+00]",[-0.67235678  0.04010449 39.24762217 28.3884048  -1.31141671 -0.22423535],"[-1.04874026e+00  2.25166894e-02  2.68929259e+01  3.02036942e+01
 -1.10223679e+00  5.57467310e-01]","[-1.40131279e+00  3.59304501e-02  4.28327570e+01  6.20220903e+01
 -1.09318060e+00 -5.54022920e-01]","[-3.26365073e-02  1.61493695e-02 -9.78340674e+01 -1.19296226e+00
 -1.29356902e+00  9.68765246e-02]","[  0.97691424   0.04185985  37.28805996 -34.42723685  -1.23191695
  -0.38275002]","[ 1.71201580e+00  1.76890902e-02 -8.81145018e+01  1.52853419e+02
 -1.19069694e+00  4.11943881e-01]",014
68,0,1.0005926492613957,0,[ 6.92861496  0.1931866  -7.94293934 57.03356831 -1.08211844 -0.57654836],"[-1.45850925e+00  3.49250497e-02  4.29789306e+01  6.46851677e+01
 -9.56945788e-01  7.19944669e-01]","[-6.50285907e-01  3.26179906e-02  4.77387700e+01  3.30438493e+01
 -1.22928015e+00 -4.09626584e-01]",[-1.03183361  0.04907104 29.00962077 31.93310179 -0.7125808   0.91078527],"[-1.38305832e+00  2.30295999e-02  6.49796466e+01  9.18706411e+01
 -9.06858048e-01 -7.52404089e-01]","[-4.25080134e-02  1.50913257e-02 -1.04681965e+02 -2.44982238e+00
 -1.29405683e+00  1.03456525e-01]","[ 9.98696256e-01  3.01110932e-02  5.06553504e+01 -4.85893088e+01
 -1.08413410e+00 -6.05316945e-01]","[ 1.70248853e+00  1.28605478e-02 -1.19895151e+02  2.06120119e+02
 -1.10886393e+00  5.35352624e-01]",014
69,0,1.0005926492613957,0,[ 6.78507466  0.27012665 -5.76428693 41.11111718 -1.19003567 -0.42339168],[-1.43179948  0.05261033 29.4104942  44.10993029 -1.15004661  0.49459979],"[-6.33766828e-01  2.27189727e-02  6.62801180e+01  4.40061402e+01
 -1.01478010e+00 -6.82675276e-01]",[-0.9923426   0.08327129 18.33836157 20.19793745 -1.05750866  0.61191308],"[-1.37253260e+00  1.20202900e-02  1.11654530e+02  1.55249482e+02
 -4.63028581e-01 -1.05618501e+00]","[-5.17009873e-02  1.40251244e-02 -1.12619183e+02 -3.82252293e+00
 -1.29307334e+00  1.14008061e-01]","[ 1.01229196e+00  1.73948645e-02  7.83644863e+01 -7.73277391e+01
 -6.24210892e-01 -9.53569974e-01]","[ 1.69592420e+00  8.36493425e-03 -1.79524428e+02  3.06459822e+02
 -9.33183398e-01  7.30323954e-01]",014
70,0,1.0005926492613957,0,[ 6.59347034  0.34562722 -4.53654984 31.9116068  -1.24621003 -0.31639837],[-1.39389662  0.06988626 22.38296644 33.19954122 -1.23032789  0.35591551],"[-6.24171125e-01  1.21519142e-02  1.01647557e+02  6.54454700e+01
 -4.72025798e-01 -9.95821690e-01]",[-0.92995585  0.11884927 13.08254719 14.16619132 -1.17740974  0.44204401],"[-1.36864890e+00  5.12775694e-03  3.48396222e+01  4.96832105e+01
 -1.60718354e+00 -3.15570360e-01]","[-6.02085647e-02  1.29318154e-02 -1.22109144e+02 -5.35201632e+00
 -1.29114457e+00  1.27236996e-01]",[ 1.01686918  0.00917532 -1.72273444  3.75179556 -1.71923809 -0.25064202],"[ 1.69208466e+00  4.45097020e-03 -3.04351712e+02  5.16988863e+02
 -4.99536868e-01  1.03608435e+00]",014
71,0,1.0005926492613957,0,[ 6.35644321  0.41488671 -3.79385101 26.11539851 -1.27877906 -0.23342709],[-1.34546794  0.08580284 18.32416175 26.65457213 -1.269966    0.26017254],"[-6.22253737e-01  8.36852204e-03 -7.47552523e+01 -4.45167351e+01
 -1.10059675e+00 -5.44482900e-01]",[-0.84468715  0.15455601 10.13238346 10.55869413 -1.22981136  0.33982756],"[-1.37013412e+00  7.82588448e-03 -1.77159081e+02 -2.40731702e+02
 -7.91791364e-01 -8.42293130e-01]","[-6.80108480e-02  1.18034239e-02 -1.33733733e+02 -7.09534459e+00
 -1.28882959e+00  1.43900486e-01]","[ 1.01206758e+00  1.77625765e-02 -7.68062530e+01  7.97331184e+01
 -6.15868182e-01 -9.59821092e-01]","[ 1.69063547e+00  1.91769173e-03 -1.25932783e+02  2.14906430e+02
 -1.55037000e+00  3.45696577e-01]",014
72,0,0.9581816748262912,0,[ 6.07933761  0.47348285 -3.33190127 22.25575271 -1.29811469 -0.16464638],[-1.28763732  0.09961156 15.82684869 22.37924109 -1.29126993  0.1879986 ],"[-6.28160477e-01  1.74461025e-02 -8.23725701e+01 -4.97431930e+01
 -7.91178376e-01 -8.61534414e-01]",[-0.73696029  0.18953851  8.29251657  8.11125538 -1.25895455  0.26935243],"[-1.37563567e+00  1.23326502e-02 -1.25624480e+02 -1.70813516e+02
 -1.23946219e+00 -4.46778004e-01]","[-7.50776584e-02  1.06272352e-02 -1.48446158e+02 -9.14498992e+00
 -1.28577501e+00  1.67390043e-01]","[ 9.98042363e-01  3.09691935e-02 -4.91890954e+01  5.10928010e+01
 -1.06912929e+00 -6.17589169e-01]","[ 1.69115964e+00  2.88188057e-03  4.75743578e+02 -8.02558341e+02
 -7.60693856e-01  8.57290649e-01]",014
73,0,0.9581816748262912,0,[ 5.76989052  0.51788014 -3.05027229 19.59973716 -1.30901614 -0.10525525],[-1.22190786  0.11076053 14.25532847 19.41869785 -1.30286363  0.13032295],"[-6.41440637e-01  2.79789131e-02 -5.50385842e+01 -3.33039845e+01
 -1.14945175e+00 -5.27981737e-01]",[-0.60779828  0.22263021  7.07580801  6.30066396 -1.27897344  0.21303986],"[-1.38381768e+00  1.52575074e-02 -1.03260388e+02 -1.40893552e+02
 -1.33356761e+00 -1.92485373e-01]","[-8.13681163e-02  9.38140721e-03 -1.67977915e+02 -1.16680465e+01
 -1.27967068e+00  2.02673558e-01]","[  0.97543655   0.04350631 -35.83516454  36.95492919  -1.21905695
  -0.40029076]","[ 1.69317336e+00  4.56788293e-03  3.38828755e+02 -5.71695823e+02
 -1.24496777e+00  4.51492334e-01]",014
74,0,0.9581816748262912,0,[ 5.43762639  0.54580775 -2.89616532 17.74826501 -1.31413693 -0.052518  ],[-1.15005236  0.11891268 13.2891316  17.28319716 -1.30877235  0.08234766],"[-6.61047365e-01  3.68719022e-02 -4.25088899e+01 -2.61003897e+01
 -1.27594053e+00 -3.13232775e-01]",[-0.45910731  0.25212122  6.25795139  4.8730712  -1.29456912  0.16165688],"[-1.39343177e+00  1.64372527e-02 -9.61672327e+01 -1.32002477e+02
 -1.34637873e+00 -2.77060437e-02]","[-8.68319424e-02  8.04554609e-03 -1.95478725e+02 -1.49737974e+01
 -1.26604824e+00  2.54687993e-01]","[  0.94530134   0.05428894 -28.95024561  29.36670588  -1.2762258
  -0.26613502]","[ 1.69614087e+00  5.57156585e-03  2.82986159e+02 -4.77984390e+02
 -1.36253233e+00  1.57503446e-01]",014
75,0,0.9581816748262912,0,"[ 5.09306846e+00  5.56385150e-01 -2.84174481e+00  1.64732009e+01
 -1.31508176e+00 -4.58409404e-03]",[-1.07399432  0.12393232 12.75617514 15.70005967 -1.31121396  0.0410745 ],"[ -0.68535316   0.04289331 -36.78194783 -23.20862421  -1.32960321
  -0.15283279]",[-0.2939491   0.2758541   5.72598788  3.68314901 -1.30667523  0.1105941 ],"[-1.40335674e+00  1.60345184e-02 -9.84962689e+01 -1.36225403e+02
 -1.33420775e+00  1.07707328e-01]","[-9.14147558e-02  6.61694948e-03 -2.36801753e+02 -1.96471745e+01
 -1.23811620e+00  3.29095160e-01]","[  0.90899005   0.06280558 -25.1123552   24.82688103  -1.30153164
  -0.17248252]","[ 1.69948798e+00  5.70853843e-03  2.76651618e+02 -4.68166100e+02
 -1.37600784e+00 -8.07411173e-02]",014
76,0,0.9581816748262912,0,[ 4.74694276  0.54998741 -2.8744394  15.6447993  -1.31292414  0.04015384],"[-9.95708702e-01  1.25830599e-01  1.25654503e+01  1.45115282e+01
 -1.31161074e+00  4.00825108e-03]","[-7.12233777e-01  4.51997061e-02 -3.49738311e+01 -2.29095439e+01
 -1.34750266e+00 -9.95274955e-03]",[-0.11667053  0.29159389  5.42077768  2.63244501 -1.31480982  0.05803552],"[-1.41261243e+00  1.42562219e-02 -1.10283882e+02 -1.53788382e+02
 -1.29945006e+00  2.52134867e-01]","[-9.50666135e-02  5.11814225e-03 -3.03868685e+02 -2.68877668e+01
 -1.18240799e+00  4.37987823e-01]","[  0.86804795   0.06877981 -22.96869261  21.93792662  -1.31277433
  -0.10042151]","[ 1.70261737e+00  4.94562108e-03  3.15491773e+02 -5.35161774e+02
 -1.30169490e+00 -3.57691138e-01]",014
77,0,0.9581816748262912,0,[ 4.40955019  0.52787453 -2.99354656 15.20019381 -1.30840765  0.08377647],[-0.91716646  0.12467545 12.68086101 13.63046043 -1.3108643  -0.03173003],"[ -0.73925511   0.0434095  -36.36028246 -24.87952476  -1.3352848
   0.13437944]","[ 6.71669599e-02  2.97472393e-01  5.31508135e+00  1.64300214e+00
 -1.31851754e+00  3.20141352e-03]","[-1.42035583e+00  1.13181350e-02 -1.37097560e+02 -1.92727319e+02
 -1.20924982e+00  4.49010076e-01]","[-9.77497566e-02  3.59136091e-03 -4.25030053e+02 -3.95465842e+01
 -1.05676387e+00  6.14176077e-01]","[  0.82410546   0.07212908 -21.91731692  20.06218061  -1.31631063
  -0.04143021]","[ 1.70492982e+00  3.38141491e-03  4.28577752e+02 -7.28694990e+02
 -9.37865490e-01 -7.64575138e-01]",014
78,0,0.9581816748262912,0,[ 4.09041005  0.49166361 -3.21145855 15.13618233 -1.3016656   0.1297107 ],[-0.84033264  0.12049039 13.1171507  13.02276994 -1.30919907 -0.07002351],"[-7.63950349e-01  3.77395518e-02 -4.15657264e+01 -2.97541512e+01
 -1.28511603e+00  2.97370193e-01]",[ 0.25102404  0.29226007  5.40848871  0.64233932 -1.31769186 -0.05562515],"[-1.42586995e+00  7.51039679e-03 -1.96100652e+02 -2.77614026e+02
 -9.22204867e-01  7.69611214e-01]","[-9.94395605e-02  2.10300752e-03 -6.72500374e+02 -6.48731416e+01
 -6.95968798e-01  9.20202144e-01]","[ 7.78766977e-01  7.29719948e-02 -2.16672027e+01  1.88737019e+01
 -1.31494129e+00  8.26553164e-03]","[ 1.70585402e+00  1.90036608e-03  1.85038218e+02 -3.13648188e+02
 -1.58521271e+00 -2.68751384e-01]",014
79,0,0.8166661133598156,0,[ 3.81186837  0.42328583 -3.70603006 16.12689878 -1.31272552  0.28209682],[-0.76236042  0.12078002 13.08503452 11.97551244 -1.23571135  0.02643448],[-0.75723377  0.05021666  8.92062669  8.75499974 -0.76356626  0.7451832 ],[ 0.413755    0.2553976   6.13145887 -0.53692175 -1.35262104 -0.28126409],[-1.40681177  0.04927222 21.06972684 31.64113963  0.22059198  1.47887671],"[-8.98266632e-02  2.34049803e-02  4.61640487e+01  6.14676245e+00
  2.42187465e-01  1.49429085e+00]",[ 0.68451925  0.16732651 -8.41702917  7.76161847 -0.19004777 -1.15450695],"[  1.68567428   0.04648784 -24.42671618  43.17548725   0.24579778
  -1.49689258]",014
80,0,0.8166661133598156,0,[ 3.65200921  0.2751897  -4.49591952 18.41913953 -0.92142837  0.50741184],[-0.71396061  0.08817398 15.49881221 13.06554142 -1.08360982 -0.25452928],[-0.73718004  0.07282014 17.31839266 14.76677348 -1.58825826  0.40803725],[ 0.50230686  0.16615496  6.79243285 -1.41188563 -0.97108394 -0.4203465 ],[-1.38321395  0.06539052 21.12102015 31.21488966 -1.79347481  0.42522604],"[-7.66666394e-02  3.34675530e-02  4.19896284e+01  5.21920370e+00
 -1.66838967e+00  4.84286732e-01]",[ 0.59184171  0.19572119 -7.60379346  6.50024211 -1.75804781 -0.3397479 ],"[  1.66223348   0.0607935  -23.1409169   40.46560681  -1.79237536
  -0.42526045]",014
81,0,0.8166661133598156,0,[ 3.61574875  0.21226952  1.82992534 -4.61655027 -1.29815702  0.0121931 ],[-0.69781839  0.06421595  1.79705325  3.2540168  -1.1767013   0.3497437 ],[-0.70372003  0.09075987 16.47222679 13.59183596 -1.66254726 -0.1544338 ],[ 0.51013624  0.15209472 -4.24675552  4.1664239  -1.11811523 -0.24865167],[-1.35655351  0.06922229 20.86626289 30.30620215 -1.81103371 -0.36459866],[-0.0597759   0.03927504 38.59703896  4.30717266 -1.69001164 -0.16132006],[ 0.50041562  0.19349579 -7.65318276  5.82977221 -1.75549752  0.3662387 ],"[  1.63639823   0.06393506 -22.77784917  39.27363198  -1.80386837
   0.35625693]",014
82,0,0.8115519774875841,0,"[  3.70468082   0.34255847   4.16609402 -13.43404862  -1.09877378
   0.52762556]","[ -0.715742     0.09266054 -13.63504713  -7.75917592  -0.93431583
  -0.40080138]",[-0.65734603  0.09421855 16.06212159 12.5583719  -0.66058439 -0.72250943],[ 0.43342302  0.25603236 -5.71636038  4.47760217 -1.15310942 -0.53540685],[-1.32875118  0.05844061 22.02781674 31.26948751  0.09509346 -1.39124393],[-0.0390209   0.03937547 38.52313328  3.50320727 -0.67544038 -0.69549047],[ 0.40962674  0.16157861 -8.58468877  5.51651811 -0.11789444  1.21015495],"[ 1.60932497e+00  5.43464014e-02 -2.44326812e+01  4.13201239e+01
  2.45061544e-02  1.33654839e+00]",014
83,0,0.8093068849155711,0,"[  3.91719934   0.48329266   3.26376583 -10.78482138  -1.29479337
   0.17065107]","[ -0.76857081   0.13930401 -11.30976872  -6.69235815  -1.28722952
  -0.20778817]",[-0.59899737  0.06505286 24.2870037  16.5478514  -1.29849108  0.0972178 ],[ 0.27126801  0.35300195 -4.46852876  3.21216892 -1.29589308 -0.16945867],"[-1.30209901e+00  1.03751890e-02  1.22433910e+02  1.61421073e+02
 -5.92063196e-01 -9.20388799e-01]","[-1.43408959e-02  2.79887381e-02  5.64066606e+01  2.80892205e+00
 -1.29666633e+00  1.36430751e-01]","[  0.31872325   0.06623363 -23.8561782    9.60351866  -1.29906181
  -0.09129075]","[ 1.58240926e+00  1.35603086e-02 -1.12638949e+02  1.80240916e+02
 -1.10898018e+00  5.87464486e-01]",014
84,0,0.7996727161126931,0,"[  4.23486882   0.53237189   2.9665624  -10.56300263  -1.30325938
   0.1185873 ]","[ -0.86092862   0.15662694 -10.07768774  -6.67616983  -1.30125997
  -0.14395396]",[-0.55684725  0.06887212 22.94721213 14.77809187 -1.30337803  0.07474656],[ 0.0399092   0.38766797 -4.07431794  2.16260278 -1.30686299 -0.1123873 ],"[-1.30090999e+00  8.04350184e-03 -7.54314163e+01 -9.61294828e+01
 -1.03357777e+00 -6.08975983e-01]","[ 3.93922713e-03  3.02716468e-02  5.21896577e+01  1.79441308e+00
 -1.30377825e+00  9.92660441e-02]","[  0.27596323   0.06973065 -22.66680918   8.25520596  -1.30666913
  -0.06602833]","[ 1.57642452e+00  7.85111877e-03 -1.70335129e+02  2.70520473e+02
 -6.17442294e-01  9.43699803e-01]",014
85,0,0.8046754430030579,0,"[  4.57964135   0.56823869   2.78118419 -10.73682609  -1.3077874
   0.07630896]",[-0.96283235  0.16940067 -9.32723293 -6.9805616  -1.30896931 -0.09133065],[-0.51269597  0.07165991 22.06049888 13.31032885 -1.30872348  0.04616796],[-0.20934154  0.41026522 -3.85274969  1.19345946 -1.31444664 -0.05922119],"[-1.30740446e+00  1.83567409e-02 -7.66896296e+01 -9.82643634e+01
 -6.45724661e-01 -9.53207407e-01]","[ 2.34524667e-02  3.19458625e-02  4.94780838e+01  8.39616887e-01
 -1.30860056e+00  6.27015053e-02]","[  0.23155664   0.07191131 -21.98546696   7.09088092  -1.31303592
  -0.02925656]","[ 1.57477500e+00  4.76596469e-03  5.72163459e+01 -8.81028711e+01
 -1.55876347e+00  3.34534911e-01]",014
86,0,0.8440648268002825,0,"[  4.94297136   0.59064559   2.67660342 -11.23037406  -1.31020872
   0.03935212]",[-1.07127927  0.17727232 -8.91765109 -7.55329478 -1.31282917 -0.04492406],"[-4.67328767e-01  7.30021720e-02  2.16582797e+01  1.21215372e+01
 -1.31238461e+00  1.11623965e-02]",[-0.46806439  0.41878337 -3.77543034  0.2328555  -1.31881277 -0.00421644],"[-1.32251975e+00  3.20818467e-02 -4.73569743e+01 -6.06305336e+01
 -1.02018942e+00 -6.50837393e-01]","[ 4.37848023e-02  3.29037954e-02  4.80501163e+01 -1.03864844e-01
 -1.31134493e+00  2.63276662e-02]","[ 1.86502820e-01  7.21546771e-02 -2.19121475e+01  6.08667730e+00
 -1.31640709e+00  1.69085066e-02]","[ 1.57797709e+00  1.02512977e-02  1.34764496e+02 -2.10655287e+02
 -6.08697739e-01  9.71644624e-01]",014
87,0,0.8440648268002825,0,"[ 5.31619046e+00  5.99387496e-01  2.63789091e+00 -1.20235305e+01
 -1.31116436e+00  4.65271144e-03]","[-1.18312256e+00  1.80074346e-01 -8.78033047e+00 -8.38820710e+00
 -1.31374115e+00 -1.88546520e-03]",[-0.42169639  0.07262139 21.77079389 11.18066512 -1.3120271  -0.02683003],[-0.72690232  0.41161503 -3.84020677 -0.7914552  -1.31806021  0.05537343],"[ -1.34678174   0.04667851 -33.24367688 -42.77197705  -1.16635942
  -0.46461777]","[ 6.44664232e-02  3.30760159e-02  4.78021481e+01 -1.08163351e+00
 -1.31206986e+00 -1.04225364e-02]","[  0.14212914   0.07002468 -22.56954278   5.20778974  -1.31529523
   0.07181551]","[ 1.58633231e+00  1.81090614e-02  8.38517622e+01 -1.31016760e+02
 -1.02767960e+00  6.49516189e-01]",014
88,0,0.8440648268002825,0,"[  5.69056559   0.59433392   2.66013233 -13.1376575   -1.31070299
  -0.02995057]",[-1.29519961  0.17786859 -8.88811759 -9.51188642 -1.31204276  0.03938904],[-0.37677933  0.07057116 22.39795142 10.43908521 -1.30693069 -0.0612486 ],[-0.97618211  0.38854701 -4.06449272 -1.96768506 -1.30981108  0.11928884],"[ -1.38025048   0.06111086 -25.6188325  -33.36040597  -1.23469651
  -0.34270631]","[ 8.49993053e-02  3.24385336e-02  4.87329220e+01 -2.14226452e+00
 -1.31056135e+00 -4.80023051e-02]","[  0.09996705   0.0653207  -24.16769826   4.41597345  -1.30772609
   0.13688798]","[ 1.59991220e+00  2.62037776e-02  5.92819180e+01 -9.28458639e+01
 -1.17913353e+00  4.50535141e-01]",014
89,0,0.8440648268002825,0,"[  6.05737768   0.57554741   2.74618768 -14.63469596  -1.30860316
  -0.06620177]","[ -1.40446998   0.1709676   -9.2432707  -10.98189618  -1.30792196
   0.08003155]",[-0.3333961   0.06730894 23.4774161   9.82727897 -1.29894599 -0.08425427],[-1.20693007  0.35153314 -4.48514323 -3.41325424 -1.2928765   0.18498486],"[ -1.42250046   0.07452757 -21.1024972  -28.01831207  -1.27150301
  -0.25372995]","[ 1.04889271e-01  3.10206047e-02  5.09392042e+01 -3.34297601e+00
 -1.30649213e+00 -8.65100414e-02]","[  0.06160024   0.05809707 -27.10898994   3.66992034  -1.28989813
   0.21622478]","[ 1.61856161e+00  3.39621561e-02  4.61407989e+01 -7.26817257e+01
 -1.24363485e+00  3.26322776e-01]",014
90,0,1.0065831593956915,0,"[  6.40805343   0.54339175   2.90707922 -16.62871893  -1.30437397
  -0.1059743 ]","[ -1.50814629   0.15989826  -9.87650513 -12.89521455  -1.30142866
   0.12140478]",[-0.29202735  0.0635872  24.84986204  9.25683927 -1.29157022 -0.08953881],[-1.41202489  0.30468237 -5.16315716 -5.29050641 -1.26817476  0.24883832],"[ -1.47263715   0.08617676 -18.2968792  -24.94466397  -1.29281516
  -0.1832106 ]","[ 1.23678380e-01  2.89067530e-02  5.46273509e+01 -4.75622225e+00
 -1.29972855e+00 -1.25882155e-01]","[ 2.85063745e-02  4.86633274e-02 -3.22127271e+01  2.91826806e+00
 -1.25352804e+00  3.18274088e-01]","[ 1.64191783e+00  4.10219591e-02  3.83602583e+01 -6.09843920e+01
 -1.27570668e+00  2.40112432e-01]",014
91,0,1.0136488682365297,0,"[  6.7343557    0.49858714   3.16526103 -19.31599365  -1.29697848
  -0.15180106]","[ -1.60379173   0.14531307 -10.85655945 -15.41166025  -1.29220462
   0.16575815]",[-0.25273127  0.06020424 26.25089731  8.63442255 -1.28770758 -0.07576286],[-1.58711703  0.25337402 -6.19232715 -7.82794789 -1.23851011  0.30716148],"[ -1.52935242   0.09543873 -16.54599623 -23.30465944  -1.30519486
  -0.12393747]","[ 1.40972919e-01  2.62265393e-02  6.01521066e+01 -6.47981805e+00
 -1.29029278e+00 -1.66503395e-01]","[ 1.90880465e-03  3.75736363e-02 -4.12994086e+01  2.07883250e+00
 -1.17772304e+00  4.60713697e-01]","[ 1.66944126e+00  4.71119638e-02  3.34768961e+01 -5.38877117e+01
 -1.29314292e+00  1.75057205e-01]",014
92,0,1.0136488682365297,0,"[  7.02861798   0.44224773   3.56259626 -23.04012814  -1.28425639
  -0.20748938]","[ -1.68936529   0.12788635 -12.31604437 -18.80629793  -1.27888507
   0.2169963 ]",[-0.21519264  0.05773011 27.38303824  7.8926284  -1.28807973 -0.04908664],"[ -1.7310025    0.20294985  -7.71035097 -11.34663678  -1.20774782
   0.35645161]","[ -1.59101396   0.10186881 -15.51447886 -22.68375246  -1.3117639
  -0.07201008]","[ 1.56463856e-01  2.31340308e-02  6.81028180e+01 -8.65562953e+00
 -1.27784491e+00 -2.09716753e-01]","[-1.73491219e-02  2.56228042e-02 -5.89415634e+01  9.77415632e-01
 -9.98335778e-01  6.82445392e-01]","[  1.70045255   0.05203276  30.34977909 -49.60835931  -1.30293167
   0.1227614 ]",014
93,0,0.971970258103937,0,"[  7.28402039   0.37596087   4.17841727 -28.43567662  -1.26161892
  -0.27920535]","[ -1.76321459   0.1082367  -14.51230968 -23.58831617  -1.25777532
   0.28200378]","[-1.78897427e-01  5.63166469e-02  2.80746457e+01  7.02248186e+00
 -1.29197741e+00 -2.21117458e-02]","[ -1.84531717   0.15756712  -9.90907635 -16.28538872  -1.18041448
   0.39329325]","[ -1.65577289   0.10521812 -15.02620737 -22.87998674  -1.31432796
  -0.02492102]","[ 1.69938004e-01  1.97875101e-02  7.94731781e+01 -1.15055133e+01
 -1.26110133e+00 -2.57867849e-01]","[-2.88913301e-02  1.40124524e-02 -9.55552641e+01 -7.60718681e-01
 -5.23778992e-01  1.01324890e+00]","[  1.73417166   0.05565195  28.396631   -47.24463283  -1.30824672
   0.07860988]",014
94,0,0.99029665860279,0,"[  7.49491035   0.30191402   5.17375593 -36.77683688  -1.21859485
  -0.37805697]","[ -1.82403237   0.08690285 -17.98022116 -30.79650533  -1.21916607
   0.37374921]","[-1.43384588e-01  5.56396549e-02  2.84172898e+01  6.07460137e+00
 -1.29891086e+00 -8.99631488e-03]","[ -1.93362937   0.11951788 -13.04388297 -23.22203525  -1.16105459
   0.4167656 ]","[-1.72167218e+00  1.05417742e-01 -1.49980607e+01 -2.38217438e+01
 -1.31402640e+00  1.95592410e-02]","[ 1.81280012e-01  1.63384096e-02  9.59919154e+01 -1.54014155e+01
 -1.23745592e+00 -3.14193511e-01]",[-0.03284265  0.00683316  3.75701065  2.12339017 -1.72098498  0.24638648],"[ 1.76975696e+00  5.79014329e-02  2.73036008e+01 -4.63207376e+01
 -1.31068212e+00  3.98131124e-02]",014
95,0,0.99029665860279,0,"[  7.65713446   0.22303608   6.91476892 -50.94731535  -1.12725099
  -0.52710528]","[ -1.87080066   0.06439352 -23.96692405 -42.83733732  -1.13410306
   0.51954203]","[-1.08506805e-01  5.49615685e-02  2.87668936e+01  5.12140371e+00
 -1.30819803e+00 -2.07470677e-02]","[ -2.00018437   0.08898074 -17.49190232 -32.9870296   -1.14939375
   0.43858853]","[ -1.78674319   0.10253591 -15.41497561 -25.54260263  -1.31132112
   0.06391402]","[ 1.90467986e-01  1.29288610e-02  1.20810071e+02 -2.10104510e+01
 -1.20230455e+00 -3.83268878e-01]","[-2.98044191e-02  1.21883631e-02  1.14025343e+02  5.39845910e+00
 -7.32208597e-01  8.89156128e-01]","[ 1.80634372e+00  5.87738680e-02  2.69017390e+01 -4.65937871e+01
 -1.31106242e+00  4.55212444e-03]",014
96,0,0.99029665860279,0,"[  7.76831672   0.14334854  10.34982873 -78.40074758  -0.8945419
  -0.77655669]","[-1.90274605e+00  4.14143145e-02 -3.57545241e+01 -6.60317795e+01
 -8.96840957e-01  7.77887582e-01]",[-0.07463369  0.05328038 29.66471245  4.21398685 -1.31679796 -0.06449571],"[ -2.04863033   0.06414162 -24.1214225  -47.41587779  -1.1242892
   0.50318851]","[ -1.84908605   0.09673971 -16.32764717 -28.1912246   -1.30581034
   0.11094773]","[ 1.97566716e-01  9.69164177e-03  1.60083079e+02 -2.96270883e+01
 -1.14678462e+00 -4.72562832e-01]","[-2.07802796e-02  1.98887856e-02  7.74214118e+01  3.60883858e+00
 -1.17228891e+00  5.17701384e-01]","[ 1.84308112e+00  5.83186596e-02  2.71100454e+01 -4.79660130e+01
 -1.30979592e+00 -2.83923633e-02]",014
97,0,0.99029665860279,0,"[ 7.82802946e+00  7.10852686e-02  1.64105983e+01 -1.26462647e+02
 -3.93984368e-01 -1.02573123e+00]","[-1.91932523e+00  2.04106656e-02 -5.31982399e+01 -1.00104724e+02
 -4.60172154e-01  9.50911354e-01]",[-0.0427507   0.04954005 31.85578592  3.36185728 -1.31685663 -0.14716659],"[-2.08103014e+00  4.19905457e-02 -3.57070670e+01 -7.23074826e+01
 -9.77303341e-01  7.09231140e-01]","[ -1.90693981   0.08828859 -17.86933599 -32.07574826  -1.29609056
   0.16371058]","[ 2.02720863e-01  6.74925167e-03  2.27065910e+02 -4.40309972e+01
 -1.05140009e+00 -5.95616057e-01]","[-7.06961820e-03  2.58957242e-02  6.06254051e+01  2.42859847e+00
 -1.29455549e+00  2.80497495e-01]","[  1.87916742   0.05663879  27.90793638 -50.44368491  -1.30705453
  -0.05979176]",014
98,0,0.99029665860279,0,"[ 7.83782728e+00  5.13725910e-02 -1.52566891e+01  1.21579294e+02
 -8.83478134e-01 -6.48931450e-01]","[-1.92025491e+00  1.85190860e-02  5.08585428e+01  9.96613667e+01
 -5.93571784e-01  8.42401369e-01]","[-1.44277442e-02  4.28849476e-02  3.66057705e+01  2.52813869e+00
 -1.28948726e+00 -2.83310527e-01]","[-2.09739545e+00  2.16847810e-02 -4.98806409e+01 -1.02619429e+02
 -5.93471110e-01  8.36321006e-01]","[ -1.95875214   0.07755702 -20.30126326 -37.76514294  -1.27954814
   0.22574701]","[ 2.06147892e-01  4.21354893e-03  3.54153464e+02 -7.10079901e+01
 -8.68250482e-01 -7.78021227e-01]","[ 9.84960311e-03  2.96142494e-02  5.33118841e+01  1.47489910e+00
 -1.33054111e+00  1.25541421e-01]","[ 1.91388293e+00  5.38879409e-02  2.93219403e+01 -5.41187612e+01
 -1.30289353e+00 -9.00156350e-02]",014
99,0,0.99029665860279,0,"[ 7.80112896e+00  1.04270302e-01 -1.40207753e+01  1.11377876e+02
 -8.76001629e-01 -8.02636311e-01]","[-1.90558836e+00  3.86088297e-02  3.79488996e+01  7.43149813e+01
 -8.51744863e-01  8.15785458e-01]","[ 8.34765540e-03  3.29483033e-02  4.67761671e+01  1.60952868e+00
 -1.17609438e+00 -5.10730648e-01]","[-2.09586879e+00  2.48004673e-02  3.89867411e+01  8.37110940e+01
 -4.15111146e-01  9.83111230e-01]","[ -2.00325337   0.06505695 -24.11968957 -46.31784935  -1.25151955
   0.30219523]","[ 2.08129033e-01  2.19035494e-03  6.28998961e+02 -1.28912946e+02
 -4.80014173e-01 -1.05500122e+00]","[ 2.84316952e-02  3.09334370e-02  5.11078327e+01  5.46917677e-01
 -1.33728087e+00  4.85156226e-03]","[ 1.94661951e+00  5.02647172e-02  3.14202473e+01 -5.91632663e+01
 -1.29738496e+00 -1.19081879e-01]",014
100,0,1.0069916092491444,0,[ 7.72295591  0.16159892 -9.57050982 75.91262536 -1.17527567 -0.48822312],[-1.87582191  0.06096329 25.2809696  49.42259665 -1.13430847  0.5288431 ],"[ 2.34468384e-02  2.03755410e-02  6.88379977e+01  3.85966595e-01
 -7.54913471e-01 -8.79029757e-01]",[-2.07350101  0.05624622 25.58733886 55.05537287 -0.71216142  0.9097558 ],"[-2.03952845e+00  5.14314954e-02 -3.03217119e+01 -5.98419941e+01
 -1.20226311e+00  4.02527160e-01]","[ 2.08996219e-01  8.30251100e-04  9.41428270e+02 -1.94754948e+02
 -5.01680770e-01 -9.46238240e-01]","[ 4.71600798e-02  2.99397716e-02  5.27550242e+01 -4.87931154e-01
 -1.32759654e+00 -1.06218435e-01]","[ 1.97690275e+00  4.59998121e-02  3.43130954e+01 -6.58336525e+01
 -1.29072801e+00 -1.46828902e-01]",014
101,0,1.0069916092491444,0,[ 7.6095674   0.21043331 -7.45311378 58.71497166 -1.26737626 -0.30594204],[-1.83199915  0.08188202 19.09876092 36.98891372 -1.23693636  0.35758303],"[ 2.89313127e-02  1.09625239e-02  1.40307069e+01  1.59407323e+00
 -1.69190648e+00 -2.52937872e-01]",[-2.02737903  0.09547977 15.95826666 34.35345511 -1.03574236  0.63201172],"[-2.06707319e+00  3.74206947e-02 -4.11404726e+01 -8.30403682e+01
 -1.10657794e+00  5.46907863e-01]","[ 2.09113165e-01  6.00487452e-04 -2.09807418e+03  4.40734932e+02
 -1.01755924e+00 -5.27267703e-01]","[ 6.46290162e-02  2.68600478e-02  5.86063284e+01 -1.78766935e+00
 -1.29990728e+00 -2.25602761e-01]","[ 2.00440318e+00  4.13345348e-02  3.81600131e+01 -7.44880516e+01
 -1.28322597e+00 -1.73212038e-01]",014
102,0,1.0069916092491444,0,[ 7.468031    0.24822517 -6.35022322 49.42366381 -1.30064014 -0.19049905],[-1.77577286  0.09989763 15.7495339  29.96759486 -1.28293868  0.24229045],"[ 2.33717849e-02  2.12556623e-02 -6.22812568e+01  3.45562414e+00
 -5.16474102e-01 -1.01121232e+00]",[-1.95574266  0.13696621 11.34287527 24.18374509 -1.17992221  0.4493425 ],"[-2.08582219e+00  2.38500786e-02 -6.22954730e+01 -1.27937280e+02
 -8.84844627e-01  7.79308670e-01]","[ 2.08849771e-01  7.75239092e-04 -2.01815883e+03  4.23492010e+02
 -1.59923238e+00  2.18078199e-02]","[ 7.96108407e-02  2.20425375e-02  7.08410066e+01 -3.63971209e+00
 -1.23875863e+00 -3.75715668e-01]","[ 2.02893436e+00  3.64952920e-02  4.31872294e+01 -8.56240537e+01
 -1.27511068e+00 -1.98559233e-01]",014
103,0,1.0069916092491444,0,[ 7.30573571  0.2744256  -5.75573742 44.04989636 -1.31256229 -0.10965297],[-1.7093848   0.11395886 13.84662119 25.66920382 -1.30547186  0.15504322],"[ 6.09558741e-03  3.87987827e-02 -3.89478836e+01  2.23741023e+00
 -1.01293632e+00 -6.73608115e-01]",[-1.85874854  0.17656968  8.87835067 18.50262134 -1.25275762  0.31783265],"[-2.09614547e+00  1.19156559e-02 -1.03966591e+02 -2.15929099e+02
 -3.73486620e-01  1.07232367e+00]","[ 2.08551531e-01  6.07490309e-04 -2.23289687e+03  4.67674060e+02
 -9.86577936e-01  6.77482551e-01]","[ 9.11075282e-02  1.59536764e-02  9.57018367e+01 -6.71915779e+00
 -1.08796325e+00 -5.99438460e-01]","[ 2.05043958e+00  3.16739792e-02  4.97186813e+01 -9.99451519e+01
 -1.26633685e+00 -2.23544944e-01]",014
104,0,1.0069916092491444,0,[ 7.12986818  0.28960823 -5.4583489  40.91730809 -1.31491673 -0.0497415 ],[-1.63554205  0.12338267 12.80706632 22.94649548 -1.31554346  0.0839767 ],"[-2.26769907e-02  5.61966922e-02 -2.76594630e+01  1.37276661e+00
 -1.19874771e+00 -4.38017335e-01]",[-1.73868982  0.21067222  7.4758001  14.99809753 -1.2906398   0.21620246],"[-2.09882134e+00  6.67609928e-03  7.71928581e+01  1.64014018e+02
 -1.36733942e+00  3.75802139e-01]","[ 2.08508967e-01  5.28958519e-04  8.01882353e+02 -1.65199661e+02
 -1.25833163e+00  4.86620786e-01]","[ 9.83839198e-02  9.29754440e-03  1.48172153e+02 -1.25777572e+01
 -6.44761735e-01 -9.45568599e-01]","[ 2.06897233e+00  2.70228570e-02  5.82200557e+01 -1.18455684e+02
 -1.25654936e+00 -2.48720966e-01]",014
105,0,1.0069916092491444,0,"[ 6.94693659e+00  2.95170350e-01 -5.35661472e+00  3.92120627e+01
 -1.31266212e+00 -4.60715499e-03]",[-1.55720419  0.12793366 12.35812048 21.24411699 -1.31786089  0.02382181],"[ -0.06182507   0.07134072 -22.00977751   0.6392439   -1.27429498
  -0.28442354]",[-1.59967925  0.23671149  6.6693368  12.66879968 -1.30873362  0.13507932],"[-2.09499577e+00  1.25833527e-02  1.15638131e+02  2.44261396e+02
 -9.18860382e-01  7.77521140e-01]","[ 2.08933349e-01  1.23563833e-03  1.10922530e+03 -2.29754156e+02
 -5.66023224e-01  9.99252318e-01]","[ 1.00984299e-01  4.72828299e-03  2.17334922e+01 -1.94741476e-01
 -1.70154489e+00 -2.59803587e-01]","[ 2.08467688e+00  2.26634767e-02  6.93455375e+01 -1.42563038e+02
 -1.24542434e+00 -2.73684992e-01]",014
106,0,1.0069916092491444,0,"[ 6.76245168e+00  2.92980185e-01 -5.39632826e+00  3.84924091e+01
 -1.30874273e+00  2.93667522e-02]",[-1.47732605  0.12784126 12.36693952 20.27000186 -1.31510432 -0.02791793],"[ -0.10944825   0.08294314 -19.01469176  -0.08112464  -1.30787417
  -0.17201294]",[-1.44693959  0.25357293  6.23274249 11.01840186 -1.31474675  0.07040808],"[-2.08613366e+00  1.86992003e-02  8.32364530e+01  1.75642367e+02
 -1.26514857e+00  3.98571991e-01]","[ 2.09942813e-01  2.19736208e-03  6.89439347e+02 -1.42742836e+02
 -1.02623658e+00  6.59360756e-01]","[ 9.87409790e-02  8.82791957e-03 -1.52709709e+02  1.70787061e+01
 -5.88264915e-01 -9.71572408e-01]","[ 2.09777252e+00  1.86997586e-02  8.39575788e+01 -1.74123901e+02
 -1.23338291e+00 -2.96240878e-01]",014
107,0,0.956872917316855,0,[ 6.58082552  0.28491287 -5.54814466 38.51137198 -1.30500492  0.05575579],[-1.39861329  0.12371808 12.77452907 19.86662617 -1.30917996 -0.07274094],"[ -0.16309961   0.09026992 -17.5047261   -0.85501394  -1.32085041
  -0.08303213]",[-1.28589276  0.26170643  6.04133199  9.76850509 -1.31323181  0.02127958],"[-2.07396251e+00  2.23294786e-02  7.06435265e+01  1.48512026e+02
 -1.35462999e+00  1.46657875e-01]","[ 2.11559281e-01  3.14194398e-03  4.95238298e+02 -1.02772258e+02
 -1.21294804e+00  4.22934855e-01]","[ 9.17838905e-02  1.55213829e-02 -9.80199609e+01  1.09966534e+01
 -1.06686209e+00 -6.23954266e-01]","[ 2.10854069e+00  1.52232623e-02  1.03053263e+02 -2.15291998e+02
 -1.22231671e+00 -3.11981766e-01]",014
108,0,0.956872917316855,0,[ 6.40549078  0.27240732 -5.80140287 39.16083259 -1.30212613  0.07888745],[-1.32334373  0.11640013 13.56975644 19.95745207 -1.30151121 -0.11212267],"[-2.20093611e-01  9.31734171e-02 -1.69689945e+01 -1.73476726e+00
 -1.32178059e+00 -1.01118621e-02]",[-1.12124644  0.26298732  6.01213579  8.74108587 -1.30748496 -0.01096815],"[-2.06040466e+00  2.29472683e-02  6.88499720e+01  1.43858803e+02
 -1.36716069e+00 -6.13243240e-02]","[ 2.13713507e-01  3.91661391e-03  4.01440607e+02 -8.37932801e+01
 -1.29639156e+00  2.52553788e-01]","[ 8.05534562e-02  2.17013353e-02 -7.18888100e+01  7.79089211e+00
 -1.23438764e+00 -3.87832438e-01]","[ 2.11731103e+00  1.23056182e-02  1.27475004e+02 -2.67904232e+02
 -1.21568437e+00 -3.14672301e-01]",014
109,0,0.956872917316855,0,[ 6.23919268  0.25623096 -6.16541819 40.46723204 -1.2996938   0.10352918],[-1.253282    0.10676714 14.78298526 20.52724936 -1.29291794 -0.14803197],"[ -0.27783195   0.09206813 -17.1696983   -2.77029071  -1.31550699
   0.04959882]",[-0.95626643  0.26033314  6.07323976  7.80763528 -1.30041896 -0.02409216],"[-2.04749170e+00  2.04311683e-02  7.67277343e+01  1.59099399e+02
 -1.31686864e+00 -2.94361278e-01]","[ 2.16255060e-01  4.39960719e-03  3.58961103e+02 -7.56271551e+01
 -1.33698996e+00  1.08110224e-01]","[ 6.58101601e-02  2.65468244e-02 -5.92910873e+01  5.90195595e+00
 -1.30273667e+00 -2.27358935e-01]","[ 2.12444221e+00  9.98344918e-03  1.57262678e+02 -3.32095471e+02
 -1.21726491e+00 -2.97908188e-01]",014
110,0,0.956872917316855,0,[ 6.08434665  0.23653081 -6.67492156 42.61253665 -1.29640209  0.1344099 ],[-1.18968211  0.09560528 16.49345027 21.62196268 -1.28340341 -0.18301317],"[ -0.33408622   0.08779299 -17.99588181  -4.01217618  -1.30562044
   0.09717413]",[-0.79237093  0.25710284  6.14966814  6.87281826 -1.29433201 -0.01732857],"[-2.03725505e+00  1.50302596e-02  1.00367276e+02  2.06473740e+02
 -1.09272309e+00 -6.35096962e-01]","[ 2.18966232e-01  4.49467884e-03  3.51655480e+02 -7.50006756e+01
 -1.35041304e+00 -3.71847093e-02]","[ 4.86257581e-02  2.94995662e-02 -5.35489187e+01  4.60385676e+00
 -1.33341484e+00 -9.68274154e-02]","[ 2.13029673e+00  8.24590530e-03  1.90736833e+02 -4.04326052e+02
 -1.22851486e+00 -2.58647893e-01]",014
111,0,0.956872917316855,0,[ 5.94333091  0.21308934 -7.4012666  45.98817655 -1.28998839  0.17630302],[-1.13335373  0.08353966 18.85256279 23.36662228 -1.27216718 -0.22016692],"[ -0.38719536   0.08140693 -19.39502867  -5.50966512  -1.29474825
   0.13281678]",[-0.62909335  0.25639971  6.1666246   5.8793825  -1.29011838  0.00619943],"[-2.03159104e+00  8.21242949e-03  1.28774938e+02  2.63618012e+02
 -6.31699797e-01 -8.03882849e-01]","[ 2.21581258e-01  4.14179240e-03  3.80161842e+02 -8.22367391e+01
 -1.32901551e+00 -2.09331476e-01]","[ 3.03396632e-02  3.01533566e-02 -5.24248436e+01  3.59055210e+00
 -1.34185661e+00  2.75935905e-02]","[ 2.13521146e+00  7.03033586e-03  2.24175039e+02 -4.76661113e+02
 -1.24662830e+00 -2.02383299e-01]",014
112,0,0.956872917316855,0,[ 5.81861959  0.18565478 -8.47782275 51.32922554 -1.27646343  0.2349562 ],[-1.08476559  0.07102118 22.1369175  26.01336632 -1.25752969 -0.26381312],"[ -0.43616701   0.07401169 -21.32226838  -7.30007014  -1.28459901
   0.15514006]",[-0.46438185  0.26048392  6.06921003  4.81843095 -1.28740041  0.03908332],"[-2.03210364e+00  9.25143328e-03 -1.05317875e+02 -2.12016837e+02
 -4.65322489e-01 -9.41751137e-01]","[ 2.23812444e-01  3.33732160e-03  4.64470515e+02 -1.01954281e+02
 -1.22666679e+00 -4.49704236e-01]","[ 1.24720229e-02  2.83009155e-02 -5.57291772e+01  2.69505557e+00
 -1.32726176e+00  1.64528172e-01]","[ 2.13946682e+00  6.22407795e-03  2.53602388e+02 -5.40573895e+02
 -1.26666062e+00 -1.46689855e-01]",014
113,0,0.9947111147023074,0,"[  5.7127154    0.15427118 -10.16169677  60.05088163  -1.24769463
   0.31903471]",[-1.04415808  0.05833745 26.87313979 30.05980603 -1.23561798 -0.32144662],"[ -0.48069374   0.06665713 -23.67235648  -9.37915355  -1.27666979
   0.15987752]",[-0.29516563  0.27043858  5.8441512   3.72499259 -1.28592863  0.07182574],"[-2.03993533e+00  1.99828826e-02 -7.27328458e+01 -1.46370302e+02
 -7.93920032e-01 -8.56613946e-01]","[ 2.25383882e-01  2.17372985e-03  6.63006952e+02 -1.47431081e+02
 -8.55706060e-01 -8.20432588e-01]","[-3.40821314e-03  2.39992740e-02 -6.51988849e+01  1.77778830e+00
 -1.27109599e+00  3.38614592e-01]","[ 2.14325779e+00  5.66912003e-03  2.78597420e+02 -5.95106089e+02
 -1.28588415e+00 -1.17647715e-01]",014
114,0,0.9840104052057184,0,"[  5.62789553   0.11957254 -12.9973945   75.14797839  -1.1846004
   0.4443102 ]",[-1.01164315  0.04563784 34.16102406 36.55876609 -1.19582332 -0.40767259],"[ -0.52109571   0.0602924  -26.18331131 -11.64401117  -1.27281282
   0.14084828]",[-0.1181054   0.286039    5.52368888  2.65237749 -1.28658176  0.0956948 ],"[-2.05560603e+00  3.23091676e-02 -4.75238785e+01 -9.56903714e+01
 -1.10910561e+00 -5.62190479e-01]","[ 2.26071683e-01  1.10491518e-03  4.79453701e+02 -1.06390905e+02
 -1.29065956e+00 -4.30099870e-01]","[-1.58579589e-02  1.76560596e-02 -8.64206764e+01  6.29544463e-01
 -1.10453290e+00  5.94504778e-01]","[ 2.14666997e+00  5.17172932e-03  3.05221364e+02 -6.53209534e+02
 -1.30206919e+00 -1.41389703e-01]",014
115,0,0.9840104052057184,0,"[ 5.56584923e+00  8.30175096e-02 -1.83044749e+01  1.03879947e+02
 -1.03328251e+00  6.44214200e-01]","[-9.87283679e-01  3.29928535e-02  4.66156354e+01  4.80228559e+01
 -1.10513462e+00 -5.53491496e-01]","[ -0.5581922    0.05567356 -28.37883207 -13.84084262  -1.27405247
   0.09618161]",[ 0.06955852  0.30568161  5.1680209   1.64052012 -1.29068603  0.10444977],"[-2.07888782e+00  4.39310501e-02 -3.55650273e+01 -7.19357018e+01
 -1.23832070e+00 -3.69046053e-01]","[ 2.25746174e-01  1.73745761e-03 -7.20950240e+02  1.64751759e+02
 -4.88368034e-01 -9.94611120e-01]","[-2.37612848e-02  1.02538050e-02 -1.31921409e+02 -1.13462217e+00
 -6.10090824e-01  9.60343048e-01]","[ 2.14966355e+00  4.52238789e-03  3.47756268e+02 -7.45558973e+02
 -1.30102126e+00 -2.45244734e-01]",014
116,0,0.9840104052057184,0,"[ 5.52731787e+00  4.73367779e-02 -2.93637967e+01  1.64303038e+02
 -6.22156606e-01  9.65554469e-01]","[-9.71149143e-01  2.05728707e-02  7.11780915e+01  7.11245426e+01
 -8.39791260e-01 -8.22565780e-01]","[ -0.59310338   0.05319287 -29.72050022 -15.62732925  -1.27912004
   0.03680719]",[ 0.26915704  0.32637837  4.84099081  0.69701327 -1.29845272  0.09497785],"[-2.10874471e+00  5.33530110e-02 -2.95053487e+01 -6.02192480e+01
 -1.30039850e+00 -2.25043154e-01]","[ 2.24406696e-01  3.15975622e-03 -4.78400635e+02  1.09356306e+02
 -1.06217387e+00 -6.48445052e-01]",[-0.02651903  0.00531022  2.83388688  2.07515192 -1.7138126   0.24101051],"[ 2.15206808e+00  3.53378756e-03  4.36927332e+02 -9.38297363e+02
 -1.21269179e+00 -4.81352709e-01]",014
117,0,0.9840104052057184,0,"[ 5.51182407e+00  2.14433387e-02 -1.81037415e+01  1.01784638e+02
 -1.40280064e+00  4.13233064e-01]","[-9.63335767e-01  9.80874205e-03  9.56014983e+01  9.40963427e+01
 -6.05010011e-01 -8.33972992e-01]","[-6.27002898e-01  5.27272211e-02 -2.99860969e+01 -1.68013696e+01
 -1.28613056e+00 -1.53759649e-02]",[ 0.47986954  0.34400816  4.59450277 -0.20476195 -1.30815868  0.06716002],"[ -2.14336062   0.05932464 -26.62584231 -55.06878191  -1.33098135
  -0.10154857]","[ 2.22196891e-01  4.35773375e-03 -3.58826927e+02  8.17302274e+01
 -1.28812646e+00 -3.40610165e-01]","[-2.41751617e-02  9.43128579e-03  1.46594183e+02  5.54393807e+00
 -7.41414575e-01  8.81927833e-01]","[ 2.15359085e+00  2.16453993e-03  6.17746017e+02 -1.32837217e+03
 -7.28812938e-01 -8.54911246e-01]",014
118,0,0.9840104052057184,0,"[ 5.51755168e+00  3.23184859e-02  4.08958118e+01 -2.23644755e+02
 -6.29486844e-01  9.25358772e-01]","[-9.63938609e-01  1.10360566e-02 -9.86973495e+01 -9.31381858e+01
 -4.43834195e-01 -9.64759654e-01]","[ -0.66086751   0.05366597 -29.45823635 -17.46799145  -1.2942807
  -0.04300329]",[ 0.69828372  0.35395842  4.46671565 -1.11903484 -1.31670328  0.02283291],"[-2.18026452e+00  6.09124645e-02 -2.59529584e+01 -5.45843143e+01
 -1.34072394e+00  1.83392336e-02]","[ 2.19390950e-01  5.04019458e-03 -3.13221803e+02  7.07180291e+01
 -1.36042957e+00 -1.12197761e-01]","[-1.74328737e-02  1.50484620e-02  1.02610509e+02  3.78879604e+00
 -1.22459350e+00  4.76787481e-01]","[ 2.15384002e+00  1.68762261e-03 -2.78154662e+02  6.01100644e+02
 -1.19764563e+00 -5.41303558e-01]",014
119,0,0.9840104052057184,0,"[ 5.54143679e+00  5.50636024e-02  2.78102850e+01 -1.52108937e+02
 -1.14660991e+00  5.57946210e-01]","[-9.72982344e-01  2.25010363e-02 -6.57296973e+01 -6.19538349e+01
 -8.88152747e-01 -7.84678996e-01]","[ -0.69528177   0.05513757 -28.67195006 -17.93508431  -1.30252504
  -0.04315517]",[ 0.91837397  0.3520286   4.49084663 -2.12427665 -1.3207143  -0.03598817],"[-2.21654290e+00  5.76164306e-02 -2.73852678e+01 -5.87006208e+01
 -1.32888643e+00  1.49858500e-01]","[ 2.16349315e-01  5.08890726e-03 -3.10386016e+02  6.91518020e+01
 -1.35976442e+00  8.57735539e-02]","[-7.53673738e-03  1.86841555e-02  8.43122740e+01  2.63543947e+00
 -1.35232927e+00  1.86884730e-01]","[ 2.15235985e+00  4.17384485e-03 -3.28046870e+02  7.08074911e+02
 -4.97741203e-01 -1.04145595e+00]",014
120,0,0.9840104052057184,0,"[ 5.57948574e+00  7.30083770e-02  2.14853417e+01 -1.17877157e+02
 -1.29406548e+00  2.94420727e-01]","[-9.90334709e-01  3.50289334e-02 -4.40464911e+01 -4.16207690e+01
 -1.13562838e+00 -5.20954813e-01]","[-7.30342595e-01  5.62779402e-02 -2.80938421e+01 -1.85181295e+01
 -1.30926434e+00 -2.21773992e-02]",[ 1.13195555  0.33528668  4.71090152 -3.33253113 -1.31681704 -0.10907455],"[-2.24911046e+00  4.94546602e-02 -3.16845948e+01 -6.92621536e+01
 -1.28029128e+00  3.15624365e-01]","[ 2.13452436e-01  4.52968925e-03 -3.46507259e+02  7.59628183e+01
 -1.30113775e+00  2.82437617e-01]","[ 3.95963162e-03  1.97444520e-02  8.00458127e+01  1.68304807e+00
 -1.36421916e+00 -2.46951615e-02]","[ 2.14867261e+00  7.92574795e-03 -1.88972798e+02  4.08040676e+02
 -9.00819870e-01 -7.52889778e-01]",014
121,0,0.998275877115238,0,"[ 5.62724351e+00  8.40814743e-02  1.87749362e+01 -1.03651138e+02
 -1.33032929e+00  1.30059762e-01]","[ -1.01562427   0.04705797 -33.22202798 -31.74109788  -1.22953968
  -0.36388524]","[-7.65674371e-01  5.63974267e-02 -2.80348270e+01 -1.94655486e+01
 -1.31332813e+00  1.30253757e-02]",[ 1.32956184  0.30262681  5.20696929 -4.92298768 -1.30016025 -0.19990191],"[-2.27500074e+00  3.70388052e-02 -4.13695436e+01 -9.21157423e+01
 -1.13388903e+00  5.61543991e-01]","[ 2.11029491e-01  3.51343321e-03 -4.39307162e+02  9.47067669e+01
 -1.16472250e+00  5.07501793e-01]","[ 1.54778113e-02  1.83869518e-02  8.56551734e+01  6.74245386e-01
 -1.32315876e+00 -2.06155790e-01]","[ 2.14232280e+00  1.24582075e-02 -1.23356428e+02  2.66269289e+02
 -1.07536609e+00 -5.69769176e-01]",014
122,0,0.998275877115238,0,"[ 5.68028878e+00  8.84338906e-02  1.78773274e+01 -9.95483822e+01
 -1.33159449e+00  1.64600632e-02]","[ -1.04817581   0.0578624  -27.1742874  -26.48343066  -1.2736727
  -0.25790486]","[ -0.80052461   0.05502595 -28.72563909 -20.99558091  -1.31389037
   0.05897421]",[ 1.50159574  0.25498898  6.14686296 -7.23010326 -1.26011431 -0.31829088],"[-2.29163886e+00  2.19893432e-02 -6.21630821e+01 -1.40455335e+02
 -6.63056775e-01  9.27911869e-01]","[ 2.09301170e-01  2.27318625e-03 -6.47650992e+02  1.37554110e+02
 -8.61190888e-01  8.07553473e-01]","[ 2.56749531e-02  1.51962061e-02  1.02648694e+02 -6.35500398e-01
 -1.23570165e+00 -3.89195264e-01]","[ 2.13292099e+00  1.75760052e-02 -8.84389837e+01  1.90633365e+02
 -1.16410033e+00 -4.49058002e-01]",014
123,0,0.998275877115238,0,"[ 5.73463799e+00  8.70776468e-02  1.81497404e+01 -1.02082191e+02
 -1.32086265e+00 -6.92039972e-02]","[ -1.08697293   0.06683662 -23.5952697  -23.64741942  -1.29772413
  -0.17686314]","[ -0.83389557   0.05190017 -30.4308303  -23.37613461  -1.30941947
   0.11562141]","[  1.63956834   0.19538922   7.92076713 -10.98663903  -1.16779734
  -0.48640172]","[-2.29706159e+00  1.22201323e-02  5.06888703e+00  1.36435457e+01
 -1.70775190e+00  2.56310732e-01]","[ 2.08349873e-01  1.10322865e-03 -1.04378447e+03  2.19472361e+02
 -3.20265132e-01  1.07906644e+00]","[ 3.36254957e-02  1.09693707e-02  1.39193659e+02 -2.68045579e+00
 -1.06939790e+00 -6.08367736e-01]","[ 2.12018495e+00  2.30634174e-02 -6.78203769e+01  1.45791742e+02
 -1.21663588e+00 -3.60371751e-01]",014
124,0,0.998275877115238,0,"[ 5.78694709e+00  8.12282897e-02  1.94316148e+01 -1.10449727e+02
 -1.30658226e+00 -1.43799166e-01]","[ -1.13064894   0.07341908 -21.51474915 -22.32562824  -1.3121192
  -0.10737068]","[ -0.86468514   0.04695977 -33.57394478 -27.03089118  -1.29666557
   0.18511115]","[  1.73724922   0.1290575   11.54132332 -18.0501549   -0.93013497
  -0.75118317]","[-2.29006101e+00  2.46800462e-02  5.51550343e+01  1.28308394e+02
 -5.88907710e-01  9.77638327e-01]","[ 2.08120209e-01  6.46458172e-04  1.12354327e+03 -2.31832059e+02
 -1.16696128e+00  4.12497121e-01]","[ 3.89021317e-02  6.55975609e-03  2.19015843e+02 -6.52018319e+00
 -7.13950507e-01 -9.10702717e-01]","[ 2.10397394e+00  2.86620897e-02 -5.47854873e+01  1.17267237e+02
 -1.25073531e+00 -2.89590053e-01]",014
125,0,0.998275877115238,0,"[ 5.83445902e+00  7.17734371e-02  2.19331172e+01 -1.25967874e+02
 -1.28784836e+00 -2.28211483e-01]","[ -1.17750086   0.07708337 -20.50838587 -22.14864194  -1.32050402
  -0.04109103]","[ -0.89182608   0.04036321 -38.93108683 -32.71975874  -1.26997004
   0.27148998]","[  1.79156401   0.06551518  18.2692824  -30.73058887  -0.39741612
  -1.03606674]","[-2.27024999e+00  4.36494841e-02  3.48025993e+01  8.10106005e+01
 -1.04438393e+00  6.40244118e-01]","[ 2.08443381e-01  1.08040933e-03  1.39550103e+03 -2.88882952e+02
 -1.22324556e+00  5.55833298e-01]","[ 4.15619638e-02  2.89310825e-03  3.47527270e+02 -1.24439158e+01
 -3.16795669e-01 -1.05600484e+00]","[ 2.08431242e+00  3.40856894e-02 -4.61869342e+01  9.82680008e+01
 -1.27378302e+00 -2.29938383e-01]",014
126,0,0.998275877115238,0,"[ 5.87478551e+00  5.90778238e-02  2.64711990e+01 -1.53512616e+02
 -1.24712377e+00 -3.54012730e-01]","[ -1.225532     0.07738093 -20.43087215 -23.0386877   -1.32312902
   0.02793473]","[-9.14410449e-01  3.24830715e-02 -4.80664598e+01 -4.19524731e+01
 -1.21883513e+00  3.83469890e-01]","[  1.80308302   0.04263593 -15.94749678  30.75466059  -1.09451226
  -0.51613859]",[-2.23806089  0.06222455 25.01527045 57.98569845 -1.20533044  0.42189614],"[ 2.09074284e-01  1.31209522e-03  1.20135475e+03 -2.49172383e+02
 -1.47209408e+00  3.40106230e-02]","[ 4.20616683e-02  1.88822855e-03 -5.32528474e+02  2.43990360e+01
 -9.28270382e-01 -5.25501168e-01]","[ 2.06139981e+00  3.90471712e-02 -4.03885184e+01  8.52568841e+01
 -1.28944317e+00 -1.77955779e-01]",014
127,0,0.998275877115238,0,"[ 5.90570357e+00  4.32908707e-02  3.53526871e+01 -2.06782490e+02
 -1.11639757e+00 -5.74914649e-01]","[ -1.27254068   0.07403906 -21.33500858 -25.14966638  -1.31796884
   0.1045684 ]","[-9.31780381e-01  2.38498462e-02 -6.45517132e+01 -5.81480199e+01
 -1.11559431e+00  5.43284409e-01]","[  1.77598375   0.08239717 -17.78046166  33.57781104  -0.93699694
  -0.76422861]",[-2.19468724  0.07858819 19.98327897 45.85704741 -1.27087555  0.28244367],"[ 2.09729888e-01  1.13994003e-03  1.34386622e+03 -2.79848912e+02
 -1.29642399e+00 -4.72259008e-01]","[ 4.11321592e-02  2.88795562e-03 -5.35614245e+02  2.40309704e+01
 -1.43109244e+00 -3.39076581e-01]","[ 2.03560398e+00  4.32874590e-02 -3.64748190e+01  7.62482868e+01
 -1.29987043e+00 -1.31631807e-01]",014
128,0,0.9721793197978216,0,"[ 5.92511279e+00  2.54251155e-02  5.35685864e+01 -3.15399917e+02
 -6.55582776e-01 -9.30056209e-01]","[ -1.31626536   0.06707802 -23.49633564 -28.92741264  -1.30080071
   0.19409801]","[-9.43568637e-01  1.50918431e-02 -9.76988915e+01 -9.01856098e+01
 -8.61075306e-01  8.03823499e-01]","[  1.7174579    0.12201053 -12.75604001  23.90796162  -1.25529673
  -0.40328887]",[-2.14197286  0.09164122 17.20561849 38.85396793 -1.30140692  0.18163375],"[ 2.10120729e-01  6.91933078e-04  1.45455584e+03 -3.03632334e+02
 -8.22999781e-01 -6.29295739e-01]","[ 3.96415176e-02  2.98387786e-03 -5.22950287e+02  2.27305430e+01
 -1.45390279e+00  2.64379010e-01]","[ 2.00743765e+00  4.65993739e-02 -3.39080101e+01  7.00682161e+01
 -1.30638692e+00 -8.96836710e-02]",014
129,0,0.6339164768645311,0,"[ 5.93120580e+00  1.43657310e-02 -7.18799512e+00  4.46334783e+01
 -1.69044895e+00 -2.64060238e-01]","[ -1.35457353   0.05688567 -27.57429037 -35.35140389  -1.26321218
   0.30523262]","[-9.49681482e-01  7.29277071e-03 -1.49903852e+02 -1.40360912e+02
 -4.15779435e-01  9.88047131e-01]","[  1.63666391   0.14787767 -10.65939643  19.44584943  -1.33317425
  -0.17919004]",[-2.08225377  0.10066389 15.69313433 34.67708818 -1.31542557  0.10151572],"[ 2.09971708e-01  9.93808682e-04 -1.02365854e+03  2.16939332e+02
 -3.20688830e-01 -1.05493601e+00]","[ 3.84681766e-02  2.04638486e-03 -6.31977386e+02  2.63110177e+01
 -8.12197258e-01  7.61320222e-01]","[ 1.97751940e+00  4.88467348e-02 -3.23621065e+01  6.59966935e+01
 -1.30977090e+00 -5.14176307e-02]",014
130,0,0.6141422985069865,0,"[ 5.92278703e+00  2.92120319e-02 -4.67662277e+01  2.78986407e+02
 -6.04036632e-01 -9.69861370e-01]","[-1.38565545e+00  4.42052976e-02 -3.51101219e+01 -4.66505318e+01
 -1.18380980e+00  4.56937077e-01]","[-9.50235813e-01  6.16471331e-03  1.50521013e+02  1.45030457e+02
 -6.46528371e-01  8.01103302e-01]",[ 1.54345363  0.15848255 -9.97445111 17.39510277 -1.34373139 -0.02549166],[-2.01816036  0.10531837 15.01098271 32.29457031 -1.31983635  0.03381698],"[ 2.09031759e-01  2.30177172e-03 -6.23606919e+02  1.32353651e+02
 -6.77077491e-01 -9.30764701e-01]","[ 3.83981440e-02  1.91096055e-03  3.23047931e+02 -1.04044410e+01
 -9.35296145e-01  6.72214914e-01]","[ 1.94652451e+00  4.99784417e-02 -3.16353887e+01  6.35790594e+01
 -1.31056559e+00 -1.66820696e-02]",014
131,0,0.7521471787211401,0,"[ 5.89955550e+00  5.11128223e-02 -2.97679866e+01  1.77617889e+02
 -1.06109879e+00 -6.26371978e-01]","[-1.40816798e+00  3.00711551e-02 -5.00869276e+01 -6.85308078e+01
 -9.90651284e-01  6.94082818e-01]","[-9.45481588e-01  1.26809507e-02  1.15887583e+02  1.11569576e+02
 -8.73092557e-01  8.00066472e-01]","[  1.44714936   0.15531056 -10.1718      16.72011388  -1.32882783
   0.09460831]","[-1.95239629e+00  1.05664445e-01  1.49625357e+01  3.12127991e+01
 -1.31790203e+00 -2.55856458e-02]","[ 2.07074554e-01  4.04347677e-03 -3.74763018e+02  7.96038849e+01
 -9.74166050e-01 -6.81055608e-01]","[ 4.00528986e-02  4.55218189e-03  3.05840624e+02 -1.02498035e+01
 -5.90227479e-01  9.87755476e-01]","[ 1.91513238e+00  5.00323070e-02 -3.16015845e+01  6.25212176e+01
 -1.30935257e+00  1.43669900e-02]",014
132,0,0.9486813695702286,0,"[ 5.86214802e+00  7.21568963e-02 -2.15961665e+01  1.28599925e+02
 -1.21588440e+00 -4.06490922e-01]","[-1.42128432e+00  1.60888150e-02 -7.99246614e+01 -1.11595668e+02
 -4.79958778e-01  1.01625784e+00]","[-9.35744392e-01  1.98835602e-02  7.75996193e+01  7.46134086e+01
 -1.13930524e+00  5.19121939e-01]","[  1.35560077   0.14130018 -11.15217586  17.11789817  -1.29968257
   0.19949345]",[-1.88752257  0.10211574 15.47556323 31.21047487 -1.31155962 -0.07922199],"[ 2.03894844e-01  6.11708259e-03 -2.52288348e+02  5.34402934e+01
 -1.10280604e+00 -5.30931266e-01]","[ 4.38469731e-02  8.11240356e-03  1.86590628e+02 -6.18143426e+00
 -1.00009110e+00  6.74285940e-01]","[ 1.88397809e+00  4.91229020e-02 -3.21827543e+01  6.26316039e+01
 -1.30680543e+00  4.16224457e-02]",014
133,0,0.9486813695702286,0,"[ 5.81187513e+00  9.07244738e-02 -1.73154114e+01  1.02635009e+02
 -1.26745881e+00 -2.77540949e-01]","[-1.42464453e+00  9.60314909e-03  4.45242058e+01  6.54311661e+01
 -1.41191301e+00  3.94682411e-01]","[-9.21408405e-01  2.66892789e-02  5.85893516e+01  5.59847210e+01
 -1.23038066e+00  3.60670903e-01]","[  1.27464358   0.11995797 -13.08031149  18.67273511  -1.25745858
   0.30149041]",[-1.82577787  0.09533674 16.56206079 32.23864405 -1.3019158  -0.12922165],"[ 1.99305710e-01  8.48287184e-03 -1.83487307e+02  3.85700680e+01
 -1.16932012e+00 -4.33377691e-01]","[ 4.99675706e-02  1.18675673e-02  1.30708526e+02 -4.53118749e+00
 -1.17309448e+00  4.65725669e-01]","[ 1.85361446e+00  4.74150904e-02 -3.33352475e+01  6.37906968e+01
 -1.30354210e+00  6.52515906e-02]",014
134,0,0.9486813695702286,0,"[  5.75026658   0.10678131 -14.75670258  86.85497362  -1.2818114
  -0.20457048]","[-1.41824797e+00  2.00774069e-02  7.04703729e+01  1.01944464e+02
 -7.12003408e-01  9.10173514e-01]","[-9.02937087e-01  3.27968189e-02  4.79427869e+01  4.52893204e+01
 -1.27217628e+00  2.58249553e-01]","[  1.20795302   0.09472747 -16.45042146  21.87133633  -1.19605516
   0.41309528]",[-1.76895754  0.08611856 18.31278363 34.39453667 -1.28927329 -0.17772111],"[ 1.93140226e-01  1.11027284e-02 -1.40867120e+02  2.92071075e+01
 -1.20914494e+00 -3.63581954e-01]","[ 5.83679777e-02  1.53835684e-02  1.01886547e+02 -3.94691171e+00
 -1.25545122e+00  3.19768168e-01]","[ 1.82448900e+00  4.50933866e-02 -3.50429909e+01  6.59355514e+01
 -1.29998354e+00  8.56549398e-02]",014
135,0,0.9839014692951372,0,"[  5.67863749   0.12116886 -13.01963184  75.93376956  -1.28414332
  -0.1675621 ]","[-1.40235033e+00  3.38694218e-02  4.51624724e+01  6.53336081e+01
 -1.07985245e+00  5.94176283e-01]","[-8.80912015e-01  3.79326331e-02  4.15704783e+01  3.86199338e+01
 -1.29589639e+00  1.80319320e-01]","[  1.15718566   0.06861816 -22.4300249   27.95570307  -1.09651512
   0.55246497]",[-1.71836208  0.0752701  20.91802352 37.94473844 -1.27322313 -0.22707597],"[ 1.85259395e-01  1.39244521e-02 -1.12668050e+02  2.28728147e+01
 -1.23604606e+00 -3.09125854e-01]","[ 6.87706288e-02  1.82851030e-02  8.61605662e+01 -3.92531632e+00
 -1.29872837e+00  2.05695053e-01]","[ 1.79693644e+00  4.23381467e-02 -3.73136092e+01  6.90501839e+01
 -1.29635466e+00  1.03267870e-01]",014
136,0,0.9839014692951372,0,"[  5.59785643   0.13488957 -11.70081774  67.49949784  -1.28536662
  -0.14946313]",[-1.37741262  0.04743163 32.85466502 47.25443036 -1.20414026  0.41015818],[-0.85606798  0.04179583 37.78937403 34.35027315 -1.31042987  0.11301845],"[  1.12228514   0.04408634 -33.9576654   40.11018332  -0.90570408
   0.7521026 ]",[-1.67481095  0.06353591 24.72578218 43.41101072 -1.25253166 -0.28056853],"[ 1.75567844e-01  1.68680275e-02 -9.32114516e+01  1.83649336e+01
 -1.25655804e+00 -2.62607891e-01]","[ 8.06790623e-02  2.02439391e-02  7.80255536e+01 -4.29502850e+00
 -1.32265548e+00  1.05738993e-01]","[ 1.77118382e+00  3.93120191e-02 -4.01751552e+01  7.31575846e+01
 -1.29279535e+00  1.18438260e-01]",014
137,0,0.9839014692951372,0,"[  5.50840453   0.14843861 -10.63610456  60.58796655  -1.28914074
  -0.13580972]",[-1.3441168   0.05996474 26.17742526 37.18551715 -1.25903388  0.29394366],[-0.82930736  0.04409701 35.84740833 31.72851956 -1.3185817   0.04967158],"[ 1.10186451e+00  2.31935200e-02 -5.87101737e+01  6.66906566e+01
 -4.80706867e-01  1.05127038e+00]","[-1.63870602e+00  5.15338198e-02  3.03823440e+01  5.17877300e+01
 -1.22400302e+00 -3.44157992e-01]","[ 1.64037616e-01  1.98099285e-02 -7.95055406e+01  1.50418994e+01
 -1.27397006e+00 -2.18832138e-01]","[ 9.33997702e-02  2.09776737e-02  7.53643397e+01 -5.03901201e+00
 -1.33439304e+00  5.97241836e-03]","[ 1.74736442e+00  3.61519507e-02 -4.36754822e+01  7.83169836e+01
 -1.28946993e+00  1.31566434e-01]",014
138,0,0.9839014692951372,0,[ 5.41071363  0.16145802 -9.78209194 54.92809822 -1.29582371 -0.11709986],[-1.30343269  0.07081815 22.2468549  30.99727797 -1.28916548  0.20763313],"[-8.01677928e-01  4.46214555e-02  3.54326049e+01  3.04055373e+01
 -1.32090526e+00 -1.33708628e-02]","[ 1.09359732e+00  9.25892454e-03 -4.93741414e+01  5.59954286e+01
 -1.19040758e+00  5.44269490e-01]","[-1.61012454e+00  3.97169506e-02  3.91926198e+01  6.51049990e+01
 -1.17865966e+00 -4.29964669e-01]","[ 1.50737014e-01  2.25731084e-02 -6.98723555e+01  1.25323503e+01
 -1.28942509e+00 -1.74208341e-01]","[ 1.06077510e-01  2.02612197e-02  7.79499466e+01 -6.26873621e+00
 -1.33223342e+00 -1.07841881e-01]","[ 1.72553775e+00  3.29611852e-02 -4.78908820e+01  8.46375250e+01
 -1.28654082e+00  1.43494487e-01]",014
139,0,0.9839014692951372,0,[ 5.30567136  0.17272565 -9.14823715 50.53753982 -1.30477547 -0.08814398],[-1.25669932  0.07929034 19.91091317 27.02203113 -1.30768732  0.13442677],[-0.77430246  0.04329975 36.49669357 30.25947952 -1.3165629  -0.07777585],"[ 1.09455437e+00  1.10688043e-02  1.22334450e+02 -1.31901706e+02
 -8.46205238e-01  7.77113768e-01]","[-1.58891933e+00  2.83851122e-02  5.41473955e+01  8.80358435e+01
 -1.08927118e+00 -5.63742123e-01]","[ 1.35857077e-01  2.49351473e-02 -6.33262865e+01  1.06033242e+01
 -1.30254287e+00 -1.26837327e-01]","[ 1.17751641e-01  1.79726949e-02  8.74633311e+01 -8.29895075e+00
 -1.30264673e+00 -2.54452590e-01]","[ 1.70571328e+00  2.98017075e-02 -5.29523721e+01  9.23215645e+01
 -1.28395196e+00  1.55846396e-01]",014
140,0,0.9839014692951372,0,"[ 5.19511496e+00  1.80334429e-01 -8.76613449e+00  4.75410764e+01
 -1.31457817e+00 -4.56809295e-02]",[-1.20567325  0.08467194 18.6663597  24.50553049 -1.31900706  0.0655086 ],[-0.74826568  0.04027085 39.19586194 31.32891815 -1.30434207 -0.1429676 ],"[ 1.10145761e+00  1.64108784e-02  9.51325275e+01 -1.02784446e+02
 -1.37786818e+00  3.10011915e-01]","[-1.57480632e+00  1.77885978e-02  8.30914639e+01  1.32852962e+02
 -8.61392070e-01 -7.99872515e-01]","[ 1.19725078e-01  2.66608163e-02 -5.92762519e+01  9.09685388e+00
 -1.31218556e+00 -7.64021310e-02]","[ 1.27440322e-01  1.41736639e-02  1.09261043e+02 -1.19242624e+01
 -1.20228106e+00 -4.67466594e-01]","[ 1.68787505e+00  2.66924801e-02 -5.90966832e+01  1.01747817e+02
 -1.28120109e+00  1.71016649e-01]",014
141,0,0.9839014692951372,0,"[ 5.08213714e+00  1.82028152e-01 -8.68573611e+00  4.61421021e+01
 -1.32212953e+00  1.28504863e-02]","[-1.15250696e+00  8.63465268e-02  1.83105969e+01  2.31030904e+01
 -1.32389650e+00 -4.73440732e-03]","[-7.24484395e-01  3.59060114e-02  4.38822043e+01  3.37919722e+01
 -1.28428970e+00 -2.06045513e-01]","[ 1.11086235e+00  1.74687207e-02  9.02035865e+01 -9.82037678e+01
 -1.43478101e+00 -1.17008657e-01]","[-1.56742941e+00  8.64226274e-03  1.32653151e+02  2.09924449e+02
 -3.87590876e-01 -1.02350117e+00]","[ 1.02796374e-01  2.75498140e-02 -5.73878356e+01  7.89926143e+00
 -1.31730680e+00 -2.35617386e-02]","[ 1.34247894e-01  9.23381187e-03  1.57829277e+02 -1.91882480e+01
 -8.73907549e-01 -8.06660872e-01]","[ 1.67200459e+00  2.36164239e-02 -6.67524371e+01  1.13610381e+02
 -1.27729775e+00  1.92028939e-01]",014
142,0,0.9840762616690052,0,[ 4.9710763   0.17576106 -8.98941067 46.68704635 -1.32208022  0.08942004],[-1.09964399  0.08392339 18.82915795 22.7053703  -1.32098284 -0.08045257],"[-7.03594124e-01  3.07617945e-02  5.11116186e+01  3.79618346e+01
 -1.25886483e+00 -2.62321375e-01]","[ 1.11928608e+00  1.37922638e-02  1.08840785e+02 -1.19823975e+02
 -1.17183225e+00 -5.93799772e-01]","[-1.56640282e+00  6.56387166e-03 -1.27312040e+02 -1.97421938e+02
 -7.84140538e-01 -7.13075870e-01]","[ 8.56239338e-02  2.74775698e-02 -5.75366937e+01  6.92651805e+00
 -1.31751818e+00  3.11181648e-02]","[ 1.37475014e-01  4.55078060e-03  1.66845090e+02 -2.09370312e+01
 -9.01074273e-01 -6.42741639e-01]","[ 1.65810021e+00  2.05323894e-02 -7.66974378e+01  1.29172038e+02
 -1.27063193e+00  2.22973568e-01]",014
143,0,0.9840762616690052,0,[ 4.86713161  0.1604205  -9.82691014 49.82886496 -1.30685732  0.18598888],[-1.04963398  0.07737784 20.38644447 23.39830489 -1.30717723 -0.16549544],"[-6.85883267e-01  2.54621161e-02  6.16274645e+01  4.42692467e+01
 -1.23292242e+00 -3.06067133e-01]","[ 1.12332073e+00  8.15004238e-03  8.07229715e+01 -8.86777870e+01
 -1.26980151e+00 -3.60922370e-01]","[-1.57133567e+00  1.36048784e-02 -1.07401948e+02 -1.66764512e+02
 -8.48067024e-01 -8.19229831e-01]","[ 6.88136979e-02  2.64096002e-02 -5.98299609e+01  6.11712085e+00
 -1.31289734e+00  8.84251756e-02]","[ 1.36702073e-01  6.09700671e-03 -1.93547932e+02  2.84584035e+01
 -4.45239176e-01 -9.91244825e-01]","[ 1.64619134e+00  1.73855552e-02 -9.04005895e+01  1.50816667e+02
 -1.25793846e+00  2.70651664e-01]",014
144,0,0.9840762616690052,0,"[  4.77564548   0.13642434 -11.49620641  56.90180614  -1.26572686
   0.3068106 ]",[-1.00488276  0.06715137 23.4063918  25.52067955 -1.27691986 -0.26484034],"[-6.71299738e-01  2.05500820e-02  7.62607166e+01  5.31937991e+01
 -1.21276667e+00 -3.31802591e-01]","[ 1.11979861e+00  1.51490965e-02 -7.75084056e+01  8.87938044e+01
 -2.81268677e-01 -1.11562154e+00]","[-1.58184753e+00  2.16265827e-02 -7.12452497e+01 -1.10699122e+02
 -1.12751374e+00 -5.33048240e-01]","[ 5.29772822e-02  2.43877888e-02 -6.47093527e+01  5.42812564e+00
 -1.30288148e+00  1.51561221e-01]","[ 1.31819431e-01  1.18020330e-02 -1.26728384e+02  1.87052634e+01
 -9.67052252e-01 -7.22918584e-01]","[ 1.63634745e+00  1.41150190e-02 -1.10881705e+02  1.83440995e+02
 -1.23065150e+00  3.48229224e-01]",014
145,0,0.9840762616690052,0,"[  4.70123395   0.10585371 -14.65371835  70.89055816  -1.17850649
   0.46407342]",[-0.96737094  0.05416673 28.81683475 29.87656851 -1.21928729 -0.38674731],"[-6.59535328e-01  1.63655027e-02  9.57322763e+01  6.51388183e+01
 -1.20379813e+00 -3.38092525e-01]","[ 1.10604488e+00  3.22298116e-02 -4.54461477e+01  5.22654790e+01
 -7.97452807e-01 -8.47812286e-01]","[-1.59758107e+00  2.93887066e-02 -5.31508886e+01 -8.29128538e+01
 -1.21687670e+00 -3.78422175e-01]","[ 3.86913569e-02  2.15050837e-02 -7.32082765e+01  4.83252756e+00
 -1.28444324e+00  2.27047356e-01]","[ 1.22994660e-01  1.75788505e-02 -8.82423891e+01  1.28533427e+01
 -1.18416393e+00 -4.61366696e-01]","[ 1.62868179e+00  1.06671452e-02 -1.45165588e+02  2.38428548e+02
 -1.16177722e+00  4.83882697e-01]",014
146,0,0.9840762616690052,0,"[ 4.64703761e+00  7.20532080e-02 -2.09408037e+01  9.93127023e+01
 -9.88038206e-01  6.90553418e-01]",[-0.93839633  0.03974294 38.73064059 38.34469091 -1.10966913 -0.5469807 ],"[-6.50158662e-01  1.29911477e-02  1.20623964e+02  8.04247152e+01
 -1.20600493e+00 -3.34119596e-01]","[  1.08013593   0.05259299 -29.11797346  33.45136934  -1.07149458
  -0.5921735 ]","[-1.61820736e+00  3.67595742e-02 -4.27194572e+01 -6.71289400e+01
 -1.25364456e+00 -2.87922557e-01]","[ 2.64687798e-02  1.78874761e-02 -8.75944424e+01  4.31851801e+00
 -1.24878576e+00  3.26843228e-01]","[ 1.10588917e-01  2.27589166e-02 -6.89036468e+01  9.61997964e+00
 -1.25594026e+00 -3.11442348e-01]","[ 1.62334866e+00  7.04107115e-03 -2.11753877e+02  3.45750373e+02
 -9.47231852e-01  7.38846745e-01]",014
147,0,0.7092241357778641,0,"[ 4.61433040e+00  3.93264173e-02 -3.42658817e+01  1.60114099e+02
 -5.20030128e-01  1.01975669e+00]","[-9.18401928e-01  2.54365879e-02  5.85090669e+01  5.57348398e+01
 -8.82996635e-01 -7.77529135e-01]","[-6.42745528e-01  1.02880121e-02  1.52238637e+02  9.98507033e+01
 -1.21027260e+00 -3.41858058e-01]","[  1.04101947   0.07398734 -21.03657958  23.89948897  -1.19011838
  -0.42772003]","[-1.64341485e+00  4.37074419e-02 -3.60222731e+01 -5.71995387e+01
 -1.27269298e+00 -2.28114648e-01]","[ 1.67419765e-02  1.36913096e-02 -1.13177229e+02  3.89481052e+00
 -1.17046564e+00  4.75422339e-01]","[ 9.50476040e-02  2.72236891e-02 -5.78434985e+01  7.49788594e+00
 -1.28105864e+00 -2.22062763e-01]","[ 1.62053312e+00  3.57392965e-03 -3.10205071e+02  5.04697592e+02
 -4.91334758e-01  9.29643286e-01]",014
148,0,0.7910171236791319,0,"[ 4.60257948e+00  1.82914708e-02 -4.25761911e+00  2.15960303e+01
 -1.69557747e+00  2.66745602e-01]","[-9.06935951e-01  1.29461640e-02  1.01134578e+02  9.37225849e+01
 -3.90262787e-01 -1.09410770e+00]","[-6.36967665e-01  8.00619946e-03  1.95026032e+02  1.26225276e+02
 -1.19886501e+00 -3.88240386e-01]","[  0.98839773   0.09510746 -16.48242577  18.29119216  -1.24133693
  -0.32119004]","[-1.67288204e+00  5.01705638e-02 -3.14292347e+01 -5.05774024e+01
 -1.28464624e+00 -1.83593724e-01]","[ 9.85527128e-03  9.12896863e-03 -1.63865616e+02  3.61494010e+00
 -9.58504354e-01  7.26862777e-01]","[ 7.67945600e-02  3.10730290e-02 -5.07662899e+01  5.89857490e+00
 -1.28860351e+00 -1.69398960e-01]","[ 1.62043387e+00  3.37210002e-03  2.72620072e+02 -4.39762797e+02
 -5.71536515e-01  8.64939746e-01]",014
149,0,0.9835343776260964,0,"[ 4.60987344e+00  3.14301965e-02  4.38906585e+01 -2.00330381e+02
 -7.07205768e-01  9.00524985e-01]","[-9.02756714e-01  5.35498325e-03  1.14850692e+01  1.23682233e+01
 -1.67210442e+00 -2.57836428e-01]","[-6.32631677e-01  5.90898018e-03  2.61650168e+02  1.67528185e+02
 -1.14069930e+00 -5.03699068e-01]","[  0.92237047   0.11564221 -13.59911537  14.54342244  -1.2598341
  -0.25727948]","[ -1.70624425   0.05603519 -28.16766048 -46.06090878  -1.29302926
  -0.14690097]","[ 6.06211087e-03  4.70185677e-03 -2.52632279e+02  3.53148489e+00
 -4.47266267e-01  9.91705678e-01]","[ 5.61579866e-02  3.45174696e-02 -4.57342844e+01  4.56834533e+00
 -1.28978277e+00 -1.40655759e-01]","[ 1.62324277e+00  7.32902787e-03  1.98034856e+02 -3.19458648e+02
 -7.78663356e-01  8.65180535e-01]",014
150,0,1.0196729548058685,0,"[ 4.63351188e+00  5.23334455e-02  2.93536252e+01 -1.34010371e+02
 -1.14251752e+00  5.44084550e-01]","[-9.04059522e-01  7.61372967e-03 -1.88254866e+02 -1.68193604e+02
 -1.01245524e+00 -7.03862782e-01]","[-6.29682575e-01  3.84657850e-03  3.86897683e+02  2.45622729e+02
 -9.32955797e-01 -7.49110641e-01]","[  0.84294954   0.1362987  -11.55311571  11.73869357  -1.26344476
  -0.22580863]","[ -1.74306665   0.06115376 -25.8276731  -43.01935555  -1.29900576
  -0.11459907]","[ 5.52497009e-03  3.62316906e-03  2.11323130e+02  8.32446024e-01
 -8.45766100e-01  6.89879578e-01]","[ 3.33456841e-02  3.77761052e-02 -4.18026315e+01  3.39393734e+00
 -1.29000450e+00 -1.25880310e-01]","[ 1.62912431e+00  1.21153287e-02  1.26372595e+02 -2.03876666e+02
 -1.06831326e+00  5.94330316e-01]",014
151,0,1.0196729548058685,0,"[ 4.67055268e+00  7.01703440e-02  2.23175937e+01 -1.02235497e+02
 -1.25750441e+00  3.31679836e-01]","[-9.08780121e-01  1.05551094e-02 -1.48759775e+02 -1.33189927e+02
 -1.40525201e+00 -2.19111599e-01]","[-6.28196314e-01  1.93346125e-03  5.36227400e+02  3.38856076e+02
 -5.78821151e-01 -8.45891919e-01]",[ 0.74966777  0.15835027 -9.94836119  9.45796577 -1.26290331 -0.21475904],"[ -1.78283148   0.06537926 -24.16984091 -41.09075332  -1.30307635
  -0.08526412]","[ 8.31644666e-03  7.75892718e-03  1.86139579e+02  4.51980117e-01
 -7.81493964e-01  8.65854499e-01]","[ 8.47026473e-03  4.09791884e-02 -3.85425354e+01  2.32646548e+00
 -1.29173197e+00 -1.16032109e-01]","[ 1.63819704e+00  1.71655972e-02  9.06089400e+01 -1.46435297e+02
 -1.17748534e+00  4.38773273e-01]",014
152,0,1.0196729548058685,0,"[ 4.71821844e+00  8.42698604e-02  1.86907643e+01 -8.61871088e+01
 -1.29036961e+00  2.14155986e-01]","[-9.14919157e-01  1.09588338e-02 -1.43891442e+02 -1.29649037e+02
 -1.39133622e+00  1.34861878e-01]","[-6.28384936e-01  2.32091497e-03 -4.39039126e+02 -2.73885573e+02
 -3.47766345e-01 -1.03560075e+00]",[ 0.64151745  0.18281834 -8.61832798  7.52880781 -1.26481104 -0.20985252],"[ -1.82494478   0.06859841 -23.04277878 -40.05179886  -1.30555693
  -0.05837141]","[ 1.44197608e-02  1.27015779e-02  1.20811639e+02  2.57925062e-01
 -1.09845409e+00  5.69703829e-01]","[-1.83883991e-02  4.41091545e-02 -3.58149099e+01  1.34142114e+00
 -1.29539945e+00 -1.04251852e-01]","[ 1.65051793e+00  2.22978765e-02  7.02297500e+01 -1.13915461e+02
 -1.22914938e+00  3.40449274e-01]",014
153,0,1.0196729548058685,0,"[  4.77416498   0.09518767  16.58163331 -77.16345305  -1.29849029
   0.14626183]","[-9.20828875e-01  9.22323341e-03 -1.68302918e+02 -1.52978187e+02
 -1.23964102e+00  4.34488558e-01]","[-6.30622428e-01  5.47300654e-03 -2.62231695e+02 -1.63369188e+02
 -6.46708290e-01 -9.46785295e-01]",[ 0.5173204   0.20964155 -7.51831612  5.8893783  -1.27229496 -0.19853602],"[-1.86876274e+00  7.07552603e-02 -2.23444283e+01 -3.97564350e+01
 -1.30664445e+00 -3.38676472e-02]","[ 2.37287793e-02  1.75665659e-02  8.87918711e+01 -1.06922709e-01
 -1.20984046e+00  3.98133447e-01]","[ -0.04710524   0.04700439 -33.61760449   0.41643475  -1.30021398
  -0.08708098]","[ 1.66606994e+00  2.73641542e-02  5.74347157e+01 -9.36902533e+01
 -1.25818432e+00  2.70790999e-01]",014
154,0,1.0196729548058685,0,"[  4.83666757   0.10392021  15.19992753 -71.51699654  -1.29696472
   0.11074941]","[-9.25416887e-01  6.29865207e-03 -2.36182324e+02 -2.16567111e+02
 -9.25816520e-01  7.58654372e-01]","[-6.35470693e-01  9.96777557e-03 -1.51095415e+02 -9.40167083e+01
 -9.05183622e-01 -7.32938101e-01]",[ 0.37644064  0.23721313 -6.64925092  4.50304829 -1.28502236 -0.17377325],"[-1.91363056e+00  7.18637581e-02 -2.20015554e+01 -4.01028489e+01
 -1.30653950e+00 -1.20234868e-02]","[ 3.60500610e-02  2.21060150e-02  7.10244283e+01 -5.60434973e-01
 -1.25816244e+00  2.90190259e-01]","[ -0.0774402    0.04941046 -31.98944138  -0.47726882  -1.30510206
  -0.06385121]","[ 1.68475330e+00  3.22148092e-02  4.88931501e+01 -8.03728959e+01
 -1.27626050e+00  2.16998386e-01]",014
155,0,1.0196729548058685,0,"[  4.90478805   0.11180715  14.13014178 -67.3053505   -1.29073703
   0.1012922 ]","[-9.28252413e-01  3.27136907e-03 -3.98198195e+02 -3.67628435e+02
 -3.47060759e-01  1.12516192e+00]","[-6.43662040e-01  1.58560717e-02 -9.66289595e+01 -6.01963932e+01
 -1.03036833e+00 -6.04419060e-01]",[ 0.21960976  0.26248262 -6.01492035  3.32093519 -1.30010871 -0.13415837],"[-1.95892293e+00  7.20067116e-02 -2.19580727e+01 -4.10141720e+01
 -1.30558032e+00  6.82458505e-03]","[ 5.11088169e-02  2.61657386e-02  6.01986701e+01 -1.07668281e+00
 -1.28234017e+00  2.14817561e-01]","[ -0.10899016   0.05103542 -30.9779124   -1.37628774  -1.30943272
  -0.03473778]","[ 1.70638146e+00  3.67024123e-02  4.29754341e+01 -7.13324841e+01
 -1.28805515e+00  1.73014057e-01]",014
156,0,0.9829252699703024,0,"[  4.97853399   0.12048571  13.10942308 -63.2657084   -1.28169052
   0.11443019]","[-9.29582686e-01  1.11787699e-03 -5.67141399e+02 -5.25204825e+02
 -5.13415020e-01  9.02807537e-01]","[-6.56002781e-01  2.31483568e-02 -6.68438770e+01 -4.18497692e+01
 -1.11602596e+00 -5.05752941e-01]",[ 0.0496053   0.28152665 -5.61312517  2.27844074 -1.31396204 -0.08111664],"[-2.00407647e+00  7.13164193e-02 -2.21698056e+01 -4.24299856e+01
 -1.30422712e+00  2.26550718e-02]","[ 6.85586742e-02  2.96335735e-02  5.32475999e+01 -1.65058485e+00
 -1.29556698e+00  1.57868757e-01]","[-1.41163210e-01  5.15785220e-02 -3.06545344e+01 -2.32729250e+00
 -1.31292103e+00  1.04281496e-03]","[ 1.73068343e+00  4.06937291e-02  3.87966759e+01 -6.51447639e+01
 -1.29586794e+00  1.35712335e-01]",014
157,0,0.9829252699703024,0,"[  5.0589457    0.13173413  11.98278833 -58.62027549  -1.27142374
   0.14402825]","[-9.30268566e-01  6.94169091e-04 -3.09263683e+02 -2.85698283e+02
 -1.18553167e+00 -8.74626890e-02]","[-6.73200140e-01  3.15232362e-02 -4.94409777e+01 -3.12836731e+01
 -1.18512399e+00 -4.14535954e-01]",[-0.12839785  0.29029675 -5.44625099  1.30071309 -1.323588   -0.01557931],"[-2.04860742e+00  6.99398184e-02 -2.26047662e+01 -4.43082916e+01
 -1.30290100e+00  3.60154121e-02]","[ 8.79945512e-02  3.24265634e-02  4.87106926e+01 -2.28627553e+00
 -1.30326876e+00  1.11836580e-01]","[ -0.17317442   0.05074261 -31.15397456  -3.39507146  -1.31468734
   0.04576485]","[ 1.75731318e+00  4.40794212e-02  3.58392562e+01 -6.09807973e+01
 -1.30101729e+00  1.03240518e-01]",014
158,0,0.9829252699703024,0,"[  5.14801855   0.14711949  10.72025661 -53.18807986  -1.26278879
   0.1784526 ]","[-9.31645491e-01  3.16101343e-03 -3.60530458e+02 -3.33886576e+02
  1.51480855e-02 -1.32328729e+00]","[ -0.69565119   0.04027226 -38.91798766 -25.07334447  -1.24103659
  -0.32435619]",[-0.30686379  0.28526742 -5.54032277  0.29987558 -1.32609521  0.06472914],"[ -2.09211177   0.06800315 -23.24667778 -46.63464816  -1.30180229
   0.04794603]","[ 1.08968577e-01  3.44857261e-02  4.58291637e+01 -2.99393877e+00
 -1.30767493e+00  7.24463524e-02]","[ -0.20406789   0.04826657 -32.72919867  -4.67897843  -1.31229788
   0.10259398]","[ 1.78586589e+00  4.67799781e-02  3.37842498e+01 -5.83341395e+01
 -1.30425093e+00  7.44293539e-02]",014
159,0,0.9829252699703024,0,"[  5.24840487   0.16750334   9.40834854 -47.37882231  -1.25939086
   0.20394924]","[-9.35322788e-01  8.26539769e-03 -1.68813686e+02 -1.55895288e+02
 -4.78783977e-01 -1.05618682e+00]","[ -0.72324929   0.04839465 -32.52165508 -21.52126404  -1.2831812
  -0.23459992]",[-0.47629155  0.26389641 -5.9766654  -0.84663523 -1.3157488   0.16788951],"[ -2.13425071   0.06559154 -24.09897059 -49.43324506  -1.3008786
   0.0596532 ]","[ 1.31009197e-01  3.57810372e-02  4.41838360e+01 -3.78848888e+00
 -1.30958730e+00  3.76015858e-02]","[ -0.23277022   0.04399345 -35.84758605  -6.34425052  -1.30138493
   0.17534303]","[ 1.81589866e+00  4.87502802e-02  3.24271148e+01 -5.68843543e+01
 -1.30598654e+00  4.86323049e-02]",014
160,0,0.9829252699703024,0,"[  5.36290481   0.19263197   8.17881454 -41.86220384  -1.26314837
   0.2116077 ]","[-9.42944205e-01  1.59441223e-02 -9.33406240e+01 -8.60150005e+01
 -8.44367023e-01 -7.96355165e-01]","[ -0.75526283   0.05479187 -28.80499844 -19.75534473  -1.31175932
  -0.14539764]",[-0.62591405  0.22504083 -6.96510856 -2.35955931 -1.27576221  0.31259597],"[ -2.17472602   0.06274456 -25.1890593  -52.77930264  -1.29999791
   0.07234646]","[ 1.53642463e-01  3.63218428e-02  4.35308526e+01 -4.68818740e+00
 -1.30948988e+00  6.60047111e-03]","[-2.58175453e-01  3.79473603e-02 -4.14095772e+01 -8.69093635e+00
 -1.27461367e+00  2.70242264e-01]","[ 1.84695190e+00  4.99812026e-02  3.16328858e+01 -5.64244186e+01
 -1.30658549e+00  2.54971565e-02]",014
161,0,0.9829252699703024,0,"[  5.49381512   0.22101705   7.13096753 -37.17621725  -1.27297983
   0.2000827 ]","[-9.55937701e-01  2.56600321e-02 -5.96615409e+01 -5.50327162e+01
 -1.05122070e+00 -6.01987345e-01]","[ -0.79032296   0.05847604 -27.03012253 -19.36252638  -1.32787823
  -0.05525233]",[-0.74466209  0.16965374 -9.05723362 -4.74457855 -1.14824273  0.54050775],"[ -2.21324877   0.05945546 -26.57731535 -56.8222106   -1.29909221
   0.08757339]","[ 1.76412999e-01  3.61589740e-02  4.37256272e+01 -5.71376903e+00
 -1.30805281e+00 -2.08971149e-02]","[-2.79256035e-01  3.03790987e-02 -5.13222165e+01 -1.23320387e+01
 -1.21598112e+00  4.00922144e-01]","[ 1.87856678e+00  5.04923409e-02  3.13142619e+01 -5.68259322e+01
 -1.30649804e+00  4.53263830e-03]",014
162,0,0.9642376714667754,0,"[  5.64224921   0.25010906   6.30659216 -33.58336465  -1.28609326
   0.17260874]","[-9.75287327e-01  3.65164977e-02 -4.25406508e+01 -3.94893576e+01
 -1.17040542e+00 -4.53416736e-01]","[ -0.82652195   0.05872284 -26.91925621 -20.24935613  -1.33192237
   0.04009449]","[ -0.82236885   0.10297499 -13.55356673  -9.14603108  -0.71878724
   0.90186506]","[-2.24950567e+00  5.56664172e-02 -2.83772817e+01 -6.18348559e+01
 -1.29792280e+00  1.07756204e-01]","[ 1.98901037e-01  3.53703832e-02  4.46946298e+01 -6.88980823e+00
 -1.30598169e+00 -4.57291404e-02]","[-2.95185906e-01  2.17746709e-02 -7.01896552e+01 -1.87189969e+01
 -1.07844767e+00  5.99146816e-01]","[ 1.91029476e+00  5.03137832e-02  3.14248657e+01 -5.80307564e+01
 -1.30614618e+00 -1.52627417e-02]",014
163,0,0.9890278524318814,0,"[  5.80756456   0.27663814   5.70728697 -31.14543751  -1.29969783
   0.13307001]","[ -1.00136476   0.04741407 -33.03376551 -31.07884871  -1.24127561
  -0.33460168]","[ -0.86158674   0.05514469 -28.61547505 -22.65471393  -1.32116757
   0.14927295]",[-0.85115103  0.05356181 -3.25876491 -0.77370111 -1.67070785  0.26495476],"[-2.28312929e+00  5.12689232e-02 -3.07936885e+01 -6.83059722e+01
 -1.29553827e+00  1.36371073e-01]","[ 2.20731249e-01  3.40365689e-02  4.64359387e+01 -8.24986273e+00
 -1.30365987e+00 -6.94867553e-02]","[-3.05450720e-01  1.29158088e-02 -1.09760066e+02 -3.15262913e+01
 -7.02521787e-01  9.18123118e-01]","[ 1.94169788e+00  4.94642065e-02  3.19619812e+01 -6.00605112e+01
 -1.30570290e+00 -3.54228925e-02]",014
164,0,0.9890278524318814,0,"[  5.98701759   0.29702852   5.32000568 -29.8509676   -1.31153884
   0.08409698]","[ -1.03385086   0.05721689 -27.50631937 -26.43743202  -1.28397948
  -0.23508048]","[ -0.89307492   0.04769957 -32.9016822  -27.38366704  -1.28389014
   0.29007792]",[-0.82680813  0.09853463 13.50777561 13.16833873 -0.56582854  0.9799933 ],"[-2.31367850e+00  4.61243449e-02 -3.41913802e+01 -7.71078614e+01
 -1.28974639e+00  1.77927141e-01]","[ 2.41570753e-01  3.22201845e-02  4.90376773e+01 -9.84606863e+00
 -1.30100156e+00 -9.43088313e-02]","[-3.09919013e-01  5.88474649e-03 -1.01593379e+02 -2.94857196e+01
 -1.08408046e+00  5.71060311e-01]","[ 1.97234084e+00  4.79376994e-02  3.29742318e+01 -6.30364242e+01
 -1.30498542e+00 -5.77424917e-02]",014
165,0,0.9890278524318814,0,"[ 6.17571289e+00  3.07862835e-01  5.13537102e+00 -2.97145770e+01
 -1.31968015e+00  2.67956829e-02]","[ -1.07175457   0.06489922 -24.31788105 -24.06280003  -1.30904892
  -0.1477907 ]","[-9.18552764e-01  3.66945233e-02 -4.20595513e+01 -3.66339171e+01
 -1.17468108e+00  5.02769117e-01]",[-0.74996937  0.17347493  8.76574807  8.57404259 -1.07827199  0.62068437],"[-2.34063711e+00  4.01099685e-02 -3.92348083e+01 -8.98344484e+01
 -1.27617234e+00  2.38606435e-01]","[ 2.61118637e-01  2.99591282e-02  5.27123359e+01 -1.17641733e+01
 -1.29746435e+00 -1.22678134e-01]","[-3.08860024e-01  7.95983511e-03  1.58557168e+02  5.09719707e+01
 -5.59458206e-01  9.42092468e-01]","[ 2.00178037e+00  4.57072567e-02  3.45729087e+01 -6.72073699e+01
 -1.30346018e+00 -8.39944527e-02]",014
166,0,0.6670936181808172,0,"[  6.36685678   0.30637457   5.15990865 -30.85239935  -1.32215835
  -0.03919999]","[ -1.1135136    0.06965686 -22.68919384 -23.26472591  -1.32203414
  -0.06754134]","[-9.35739494e-01  2.30474717e-02 -6.19627483e+01 -5.59809907e+01
 -8.01713926e-01  8.53370759e-01]",[-0.62667942  0.23922036  6.53246177  6.09375933 -1.26215966  0.35835353],"[-2.36344243e+00  3.31824075e-02 -4.72170133e+01 -1.09594693e+02
 -1.24533202e+00  3.28460355e-01]","[ 2.79093725e-01  2.72723898e-02  5.78592259e+01 -1.41481469e+01
 -1.29196036e+00 -1.57486040e-01]","[-3.02910114e-01  1.41256475e-02  1.07698307e+02  3.46229063e+01
 -1.10219314e+00  6.06277783e-01]","[ 2.02955980e+00  4.27430863e-02  3.69513795e+01 -7.29950346e+01
 -1.30025267e+00 -1.15839310e-01]",014
167,0,0.7396976193585011,0,"[  6.55228286   0.29088863   5.4291785  -33.57351327  -1.31640608
  -0.11619799]","[-1.15715264e+00  7.09796277e-02 -2.22744740e+01 -2.37749663e+01
 -1.32562156e+00  1.00632058e-02]","[-9.42619112e-01  1.18350095e-02 -3.20406731e+01 -2.82021508e+01
 -1.51249421e+00  3.29036796e-01]",[-0.4682152   0.28418047  5.5483896   4.59784036 -1.33069346  0.17196397],"[-2.38154908e+00  2.54442235e-02 -6.09534689e+01 -1.43163678e+02
 -1.17335694e+00  4.66984054e-01]","[ 2.95227815e-01  2.41741173e-02  6.51878903e+01 -1.72452784e+01
 -1.28246393e+00 -2.02353920e-01]","[-2.93002798e-01  1.92771139e-02  8.11976209e+01  2.57911301e+01
 -1.27642276e+00  3.32009121e-01]","[ 2.05521524e+00  3.90372627e-02  4.04241590e+01 -8.10803474e+01
 -1.29408920e+00 -1.54993465e-01]",014
168,0,0.9640756680309016,0,"[  6.7231754    0.26109738   6.03303753 -38.56116953  -1.29768028
  -0.21000084]","[ -1.20047564   0.06868624 -23.00319292 -25.61477278  -1.32036371
   0.08949529]","[-9.37536293e-01  2.16065870e-02  5.92432890e+01  5.75427335e+01
 -4.34023732e-01  1.04751456e+00]",[-0.2901061   0.30182026  5.23734465  3.51938561 -1.35135633  0.01434217],"[-2.39451782e+00  1.72134295e-02 -8.74956825e+01 -2.07509971e+02
 -9.86601189e-01  6.96249616e-01]","[ 3.09268776e-01  2.06921315e-02  7.59798937e+01 -2.14982088e+01
 -1.26512879e+00 -2.62306920e-01]","[-2.80282962e-01  2.26434276e-02  6.96684918e+01  2.15268912e+01
 -1.32832904e+00  1.56850408e-01]","[ 2.07829451e+00  3.46256151e-02  4.55090349e+01 -9.25811774e+01
 -1.28305122e+00 -2.03709471e-01]",014
169,0,0.9640756680309016,0,"[  6.87087268   0.21811458   7.17941438 -47.3288421   -1.2541829
  -0.33381854]","[ -1.2412726    0.06292888 -25.05970533 -29.10592552  -1.30443421
   0.17619732]",[-0.91930339  0.04157461 36.01745839 35.11097168 -0.93885665  0.73511023],[-0.11048818  0.28937663  5.45290381  2.60248143 -1.3385226  -0.14346925],"[-2.40210753e+00  9.23419382e-03 -1.40994718e+02 -3.36684473e+02
 -4.83429615e-01  1.02326601e+00]","[ 3.20992872e-01  1.68850947e-02  9.27052362e+01 -2.77577200e+01
 -1.23220018e+00 -3.45684833e-01]","[-2.66020439e-01  2.40083423e-02  6.58449070e+01  1.95160911e+01
 -1.34220659e+00  2.08755876e-02]","[ 2.09838595e+00  2.96002980e-02  5.31058137e+01 -1.09436493e+02
 -1.26384954e+00 -2.65734752e-01]",014
170,0,0.9877758823878104,0,"[  6.98761125   0.16440222   9.38111826 -63.5516075   -1.14896377
  -0.51837615]","[ -1.27752041   0.05417289 -28.99580141 -35.04272797  -1.27217481
   0.27816245]",[-0.88733273  0.0631806  24.46308159 23.70689297 -1.14210364  0.50604221],[ 0.0519545   0.24795783  6.3125722   1.67203346 -1.27903352 -0.33124696],"[-2.40434622e+00  4.99866978e-03  5.76875669e+01  1.40700883e+02
 -1.59813726e+00  2.93264215e-01]","[ 3.30220722e-01  1.28511941e-02  1.20683931e+02 -3.78523349e+01
 -1.16482266e+00 -4.69841833e-01]","[-2.51526829e-01  2.33325016e-02  6.76871758e+01  1.90251407e+01
 -1.33466817e+00 -1.08398674e-01]","[ 2.11515064e+00  2.41106706e-02  6.49142702e+01 -1.35303460e+02
 -1.22978019e+00 -3.48278368e-01]",014
171,0,0.9877758823878104,0,"[  7.06708933   0.10416153  13.98889821 -96.86079323  -0.84171379
  -0.82567421]","[-1.30755155e+00  4.31451856e-02 -3.61137504e+01 -4.52205901e+01
 -1.20903721e+00  4.10171270e-01]",[-0.84177383  0.08427711 18.55542452 17.61947086 -1.23092709  0.35982004],[ 0.18012126  0.1827166   8.34205469  0.49741858 -1.1035177  -0.59918491],"[-2.40156262e+00  9.64095004e-03  1.46844132e+02  3.54655378e+02
 -7.73300219e-01  8.70441061e-01]","[ 3.36830770e-01  8.73344635e-03  1.73170270e+02 -5.63290755e+01
 -1.00229052e+00 -6.75623358e-01]","[-2.38073739e-01  2.07194754e-02  7.58708872e+01  2.00628658e+01
 -1.29955879e+00 -2.54965766e-01]","[ 2.12835133e+00  1.83554022e-02  8.45273418e+01 -1.77903880e+02
 -1.16434580e+00 -4.66590164e-01]",014
172,0,0.9877758823878104,0,"[ 7.10478311e+00  5.00807677e-02  1.63971899e+01 -1.14498477e+02
 -7.84170368e-01 -7.17429072e-01]","[-1.33016161e+00  3.07579477e-02 -4.96606992e+01 -6.40567556e+01
 -1.07054760e+00  6.05330571e-01]",[-0.78360984  0.10324712 15.2319953  13.93594147 -1.27705448  0.25320462],[ 0.26034805  0.10493488 12.62881948 -1.28788851 -0.5840555  -0.96303033],"[-2.39437036e+00  1.55084349e-02  9.94021217e+01  2.40005494e+02
 -1.17094990e+00  5.11678509e-01]","[ 3.40767401e-01  4.79561035e-03  2.80096742e+02 -9.34478387e+01
 -5.44497330e-01 -9.99444133e-01]","[-2.26813890e-01  1.64415374e-02  9.43750446e+01  2.34055710e+01
 -1.20592440e+00 -4.50636426e-01]","[ 2.13787204e+00  1.25775543e-02  1.20692019e+02 -2.56024092e+02
 -1.01750654e+00 -6.55276571e-01]",014
173,0,0.9877758823878104,0,"[ 7.09803459e+00  6.36948971e-02 -1.81504708e+01  1.30832670e+02
 -4.29266706e-01 -9.94079967e-01]","[-1.34464079e+00  1.81459340e-02 -7.79981664e+01 -1.02879516e+02
 -6.96391576e-01  9.21183257e-01]",[-0.71466624  0.11865926 13.29371928 11.50057237 -1.30228535  0.16752417],[ 0.28371791  0.06123915 -4.34416288  3.23251681 -1.58708727 -0.30858217],"[-2.38360954e+00  2.02257050e-02  7.75884893e+01  1.86940664e+02
 -1.28538316e+00  2.90740050e-01]","[ 3.42043824e-01  2.45752483e-03 -3.33353316e+01  1.34021443e+01
 -1.71383882e+00 -2.56426865e-01]","[-2.18711394e-01  1.09862496e-02  1.34870010e+02  3.14976079e+01
 -9.35781064e-01 -7.55840721e-01]","[ 2.14372527e+00  7.12160456e-03  1.95432763e+02 -4.16954153e+02
 -6.20214512e-01 -9.66596768e-01]",014
174,0,0.9877758823878104,0,"[  7.04599103   0.12641213 -11.77628379  84.97558991  -0.92606227
  -0.75364106]","[-1.35073585e+00  8.36817281e-03 -6.30579021e+01 -8.31745687e+01
 -1.22759408e+00  4.94625356e-01]",[-0.63750357  0.12941486 12.20818424  9.78276108 -1.31502325  0.09452864],"[  0.24669602   0.12392057 -11.26818675   4.77981685  -0.69294333
  -0.92004197]","[-2.37026288e+00  2.33911724e-02  6.74630572e+01  1.61905181e+02
 -1.32102472e+00  1.48163360e-01]","[ 3.40741318e-01  4.75491666e-03 -2.90238286e+02  1.00896176e+02
 -6.51766048e-01 -9.40975905e-01]","[-2.14490770e-01  5.51440583e-03  1.83576872e+02  4.13755447e+01
 -5.53353042e-01 -8.68820346e-01]","[ 2.14604681e+00  3.23168502e-03  1.18530668e+02 -2.52372361e+02
 -1.42268138e+00 -4.04575444e-01]",014
175,0,0.9877758823878104,0,[ 6.94946956  0.19312702 -8.00623236 57.63906807 -1.15151805 -0.49935222],"[-1.34856386e+00  1.26079980e-02  1.01015227e+02  1.38225485e+02
 -5.04494595e-01  9.90187837e-01]",[-0.55519754  0.13489698 11.71980844  8.50680883 -1.31941428  0.03004621],[ 0.15108164  0.2075033  -7.3830671   3.11544588 -1.11641183 -0.57054065],"[-2.35536634e+00  2.49352301e-02  6.33948966e+01  1.51318206e+02
 -1.32952324e+00  4.28016921e-02]","[ 3.37006770e-01  8.17336830e-03 -1.86801460e+02  6.49533567e+01
 -1.08164222e+00 -6.02091107e-01]","[-2.14614948e-01  5.76702900e-03 -1.77184768e+02 -3.60264998e+01
 -4.92142721e-01 -9.19289207e-01]","[ 2.14508046e+00  5.07418422e-03 -2.59456588e+02  5.58555256e+02
 -5.80677743e-01 -9.57894553e-01]",014
176,0,0.9877758823878104,0,[ 6.81078522  0.2565216  -6.09980068 43.54443235 -1.23510855 -0.35038169],"[-1.33850988e+00  2.33419013e-02  6.46938558e+01  8.85933648e+01
 -1.01457231e+00  6.74230149e-01]",[-0.47104705  0.13501794 11.70945955  7.51570635 -1.31784478 -0.02854326],"[ 3.37881256e-03  2.81323252e-01 -5.56022811e+00  2.01878697e+00
 -1.25481562e+00 -3.48606759e-01]","[-2.33992593e+00  2.49489214e-02  6.33608684e+01  1.50259739e+02
 -1.32526601e+00 -4.42794605e-02]","[ 3.31048345e-01  1.14074816e-02 -1.36732762e+02  4.72651546e+01
 -1.21977859e+00 -3.94876464e-01]","[-2.19294461e-01  1.19355340e-02 -1.23269696e+02 -2.50323615e+01
 -8.66350857e-01 -8.03369516e-01]","[ 2.14115511e+00  8.97483362e-03 -1.69596836e+02  3.65133131e+02
 -1.07718317e+00 -6.16654357e-01]",014
177,0,0.9717472664748944,0,[ 6.63356538  0.31368763 -5.01376129 35.25911332 -1.27288007 -0.25288488],"[-1.32114582e+00  3.39828623e-02  4.57319289e+01  6.24185465e+01
 -1.19096040e+00  4.42217155e-01]",[-0.38827672  0.13015645 12.14082892  6.7140012  -1.311749   -0.08341427],[-0.18622492  0.33749952 -4.66810695  1.13068218 -1.30582056 -0.20310224],"[-2.32484427e+00  2.36376146e-02  6.68054397e+01  1.57312244e+02
 -1.31227442e+00 -1.22472466e-01]","[ 3.23125825e-01  1.42387015e-02 -1.10365780e+02  3.76620336e+01
 -1.27131649e+00 -2.70067881e-01]","[-2.28514348e-01  1.87592080e-02 -8.21785380e+01 -1.67789750e+01
 -1.13204597e+00 -5.28029419e-01]","[ 2.13465624e+00  1.25576268e-02 -1.24265955e+02  2.67265097e+02
 -1.22947584e+00 -3.86375302e-01]",014
178,0,0.9717472664748944,0,[ 6.42255233  0.36271584 -4.34723141 29.92032124 -1.29206037 -0.18248127],"[-1.29719353e+00  4.36206092e-02  3.59612773e+01  4.86487364e+01
 -1.25632645e+00  3.06361606e-01]",[-0.30979803  0.12101547 13.04538048  6.04143317 -1.30185452 -0.13709207],[-0.40506291  0.37239166 -4.24241017  0.281557   -1.3248225  -0.09429313],"[-2.31085848e+00  2.12986149e-02  7.40008221e+01  1.73005427e+02
 -1.29126704e+00 -1.95974960e-01]","[ 3.13532147e-01  1.65961960e-02 -9.49928008e+01  3.17832968e+01
 -1.29232244e+00 -1.88096345e-01]","[-2.42059506e-01  2.52724073e-02 -6.18536544e+01 -1.29722650e+01
 -1.22983288e+00 -3.65222575e-01]","[ 2.12599471e+00  1.55556735e-02 -1.01089259e+02  2.16915230e+02
 -1.27881329e+00 -2.54644610e-01]",014
179,0,0.9717472664748944,0,[ 6.18337108  0.40230434 -3.92493331 26.2693191  -1.30230804 -0.12782501],[-1.26752605  0.05186667 30.36851925 40.49288926 -1.28733605  0.21420858],[-0.23806657  0.10844399 14.53550714  5.46041833 -1.28790048 -0.19342976],"[-6.39221821e-01  3.84761818e-01 -4.10910041e+00 -6.26626649e-01
 -1.32840583e+00 -3.27317127e-03]","[-2.29848776e+00  1.83064882e-02  8.58759445e+01  1.99384807e+02
 -1.26249896e+00 -2.64260762e-01]","[ 3.02567353e-01  1.84826088e-02 -8.54249518e+01  2.78468015e+01
 -1.30028962e+00 -1.32283319e-01]","[-2.59531226e-01  3.10784431e-02 -5.05954233e+01 -1.11310922e+01
 -1.27457517e+00 -2.56915294e-01]","[ 2.11557551e+00  1.79518360e-02 -8.78597800e+01  1.87873999e+02
 -1.29635020e+00 -1.72639000e-01]",014
180,0,0.9717472664748944,0,[ 5.92227024  0.43164954 -3.6609327  23.68103279 -1.30776175 -0.08286395],[-1.23318641  0.05837976 27.03803972 35.3429432  -1.3045816   0.14228467],[-0.17504343  0.09326652 16.85902633  4.95106181 -1.26754653 -0.25915357],[-0.87469784  0.37528524 -4.21065317 -1.68304922 -1.32188856  0.08061417],"[-2.28798822e+00  1.50983201e-02  1.03860292e+02  2.39631126e+02
 -1.22883299e+00 -3.18653107e-01]","[ 2.90511463e-01  1.99529654e-02 -7.91859611e+01  2.50044294e+01
 -1.30249922e+00 -9.44116602e-02]","[-2.80359601e-01  3.58761306e-02 -4.39592974e+01 -1.03244111e+01
 -1.29795149e+00 -1.75547566e-01]","[ 2.10376991e+00  1.98071053e-02 -7.97340366e+01  1.69742067e+02
 -1.30204204e+00 -1.19245299e-01]",014
181,0,0.9717472664748944,0,[ 5.64590886  0.45028859 -3.51080793 21.82170161 -1.31058317 -0.04361276],[-1.19540935  0.06281461 25.15787065 32.07395393 -1.31477073  0.07911095],[-0.12224588  0.07616476 20.54969843  4.51211602 -1.23316179 -0.34700446],[-1.09837804  0.34615081 -4.55715931 -3.0054837  -1.30596866  0.1657091 ],"[-2.27931925e+00  1.21550024e-02  1.28934756e+02  2.95883472e+02
 -1.20157001e+00 -3.33035179e-01]","[ 2.77603418e-01  2.10908792e-02 -7.49388739e+01  2.28032875e+01
 -1.30245681e+00 -6.92770148e-02]","[-3.03815875e-01  3.94126943e-02 -4.00780220e+01 -1.01763393e+01
 -1.31091497e+00 -1.08032822e-01]","[ 2.09089524e+00  2.12185736e-02 -7.44738950e+01  1.57717113e+02
 -1.30313642e+00 -8.41761291e-02]",014
182,0,0.9717472664748944,0,"[ 5.36125574e+00  4.57860338e-01 -3.45326567e+00  2.05138404e+01
 -1.31200179e+00 -6.54332515e-03]","[-1.15563512e+00  6.48336675e-02  2.43861097e+01  3.01814448e+01
 -1.32029130e+00  1.75283872e-02]",[-0.08085193  0.057658   26.86010627  4.17169139 -1.16037737 -0.48345981],[-1.29875591  0.30056463 -5.23003174 -4.79253463 -1.27710598  0.26233306],"[-2.27213227e+00  9.98177349e-03  1.57598407e+02  3.60084427e+02
 -1.19993289e+00 -2.52247258e-01]","[ 2.64029462e-01  2.19862197e-02 -7.18986900e+01  2.09833724e+01
 -1.30165876e+00 -5.31677766e-02]","[ -0.32902774   0.04147674 -38.11311138 -10.54027098  -1.31800518
  -0.04650468]","[ 2.07720541e+00  2.22920146e-02 -7.09069924e+01  1.49288388e+02
 -1.30270997e+00 -6.13000000e-02]",014
183,0,0.9717472664748944,0,[ 5.07558082  0.45389947 -3.48311761 19.67884497 -1.31228016  0.03194397],[-1.11549834  0.06414118 24.64507125 29.49153611 -1.32107052 -0.04840013],"[-5.18088718e-02  3.82796380e-02  3.90961370e+01  4.02552675e+00
 -9.58195987e-01 -7.25803556e-01]",[-1.46634528  0.24223959 -6.44209128 -7.44633014 -1.22198888  0.38867352],"[-2.26579482e+00  9.07924616e-03  1.74022986e+02  3.96300379e+02
 -1.21028445e+00 -2.71107912e-02]","[ 2.49920882e-01  2.27220549e-02 -6.95755192e+01  1.93883751e+01
 -1.30059176e+00 -4.36286809e-02]","[-3.55003664e-01  4.18996502e-02 -3.77342176e+01 -1.13957855e+01
 -1.32054605e+00  1.49532108e-02]","[ 2.06289239e+00  2.31210600e-02 -6.83734418e+01  1.43047053e+02
 -1.30206733e+00 -4.63225781e-02]",014
184,0,1.0105324167392948,0,[ 4.79646135  0.4378269  -3.60960675 19.31333927 -1.31058816  0.0753262 ],[-1.076775    0.06054658 26.07958136 30.0818411  -1.31450129 -0.12451602],"[-3.58960916e-02  1.97238245e-02  6.03296416e+01  4.16559834e+00
 -4.53468764e-01 -9.87398120e-01]","[ -1.59383716   0.17518117  -8.74088549 -11.9315481   -1.09410968
   0.58286836]","[-2.25946198e+00  9.81853921e-03  1.60245346e+02  3.64068266e+02
 -1.18016670e+00  2.43751485e-01]","[ 2.35358819e-01  2.33707082e-02 -6.76465106e+01  1.79212028e+01
 -1.29948634e+00 -3.90871514e-02]","[ -0.38066847   0.04057004 -38.95019496 -12.82711109  -1.31769758
   0.08144183]","[ 2.04809762e+00  2.37734902e-02 -6.65016091e+01  1.38201787e+02
 -1.30176807e+00 -3.59194545e-02]",014
185,0,1.0105324167392948,0,[ 4.5317425   0.40916854 -3.85910126 19.48845322 -1.30519961  0.1270751 ],[-1.04128597  0.05405092 29.13476655 32.33762368 -1.29483046 -0.21800593],"[-3.37117450e-02  1.53373605e-02 -4.98813125e+01  3.18413911e-01
 -8.38105646e-01 -6.96265992e-01]","[ -1.67608503   0.10470935 -13.5293019  -20.67626036  -0.71964415
   0.90611859]","[-2.25219796e+00  1.22227918e-02  1.27819971e+02  2.89875878e+02
 -1.15343952e+00  3.88655854e-01]","[ 2.20382625e-01  2.39925063e-02 -6.58937238e+01  1.65218318e+01
 -1.29856971e+00 -3.82146768e-02]","[-4.04906368e-01  3.74580734e-02 -4.21208743e+01 -1.50550102e+01
 -1.30685427e+00  1.58779453e-01]","[ 2.03293065e+00  2.42835110e-02 -6.51077370e+01  1.34359514e+02
 -1.30210153e+00 -2.72406506e-02]",014
186,0,0.933516387452944,0,[ 4.28941135  0.36785451 -4.28513046 20.38068727 -1.29321153  0.19197945],[-1.01077231  0.04491621 34.84750241 37.22289063 -1.24958035 -0.34174723],"[-4.55886992e-02  3.29511961e-02 -4.37845183e+01  3.92076877e-03
 -7.76550212e-01 -8.69482811e-01]","[ -1.70998393   0.04977773  -9.34945167 -13.9874121   -1.34720488
   0.42706248]","[-2.24313334e+00  1.59577835e-02  9.77874144e+01  2.21350210e+02
 -1.17528844e+00  4.01794048e-01]","[ 2.04999782e-01  2.46317745e-02 -6.41830744e+01  1.51575163e+01
 -1.29804410e+00 -3.95066873e-02]","[-4.26611619e-01  3.26376930e-02 -4.81746419e+01 -1.85518619e+01
 -1.28170968e+00  2.56579438e-01]","[ 2.01749114e+00  2.46486012e-02 -6.41455346e+01  1.31413048e+02
 -1.30313117e+00 -1.77221186e-02]",014
187,0,0.6425233241647254,0,[ 4.07734484  0.31443922 -4.9955761  22.36868644 -1.26822649  0.27894085],"[-9.86763755e-01  3.36872928e-02  4.57529833e+01  4.71473856e+01
 -1.14223229e+00 -5.25303000e-01]","[ -0.07147708   0.05394347 -28.44458207  -0.03313562  -1.10084244
  -0.56915455]",[-1.69427956  0.08020392 15.97303155 29.06278089 -0.49092952  1.00514731],"[-2.23162852e+00  2.04646219e-02  7.64936728e+01  1.72705462e+02
 -1.22230835e+00  3.47601949e-01]","[ 1.89198358e-01  2.53101503e-02 -6.24621236e+01  1.38177312e+01
 -1.29808727e+00 -4.12127075e-02]","[-4.44752457e-01  2.63057227e-02 -5.92920816e+01 -2.43702990e+01
 -1.22419408e+00  3.93847417e-01]","[ 2.00189032e+00  2.48312675e-02 -6.36750565e+01  1.29470479e+02
 -1.30465321e+00 -5.23187729e-03]",014
188,0,0.6491603106061332,0,[ 3.90292937  0.25026396 -6.22736958 26.30498366 -1.21263353  0.40642028],"[-9.70466458e-01  2.12630748e-02  6.85138418e+01  6.84903854e+01
 -8.35700131e-01 -8.29460671e-01]","[ -0.11084627   0.07434289 -20.98966592  -0.32662613  -1.21682313
  -0.39103241]",[-1.62933472  0.14959291 10.07729421 18.41928531 -0.99673227  0.6881956 ],"[-2.21740846e+00  2.50445045e-02  6.27591047e+01  1.41162570e+02
 -1.26869839e+00  2.67008259e-01]","[ 1.72963171e-01  2.60199983e-02 -6.07580027e+01  1.25088968e+01
 -1.29884719e+00 -4.14505574e-02]","[-4.58449188e-01  1.88241644e-02 -8.10047123e+01 -3.51365446e+01
 -1.07517953e+00  6.10828799e-01]","[ 1.98626949e+00  2.47665284e-02 -6.38408238e+01  1.28805081e+02
 -1.30627372e+00  1.18086253e-02]",014
189,0,0.7075112470251613,0,[ 3.77258961  0.17783854 -8.571655   34.33733657 -1.06863593  0.61502083],"[-9.62694672e-01  1.01684276e-02  8.26066634e+01  8.15249947e+01
 -7.44688218e-01 -7.43493249e-01]","[ -0.16265865   0.09286108 -16.9180196   -0.75186222  -1.26655516
  -0.27672129]",[-1.51687082  0.22045428  7.03887461 12.67706351 -1.17499078  0.46161584],"[-2.20064135e+00  2.89486595e-02  5.44736371e+01  1.21876938e+02
 -1.30418112e+00  1.77124994e-01]","[ 1.56295038e-01  2.67200400e-02 -5.91673127e+01  1.12475574e+01
 -1.30038406e+00 -3.84164050e-02]","[-4.67060765e-01  1.09035852e-02 -1.26444559e+02 -5.70572926e+01
 -6.35723693e-01  9.52785491e-01]","[ 1.97081383e+00  2.43733402e-02 -6.48650129e+01  1.29836864e+02
 -1.30748895e+00  3.46363942e-02]",014
190,0,0.7884558289612077,0,"[  3.69125449   0.10264364 -13.42461616  51.55367461  -0.63531033
   0.9521373 ]","[-9.63852417e-01  1.25067226e-02 -9.17873800e+01 -8.64694881e+01
 -4.42292283e-01 -9.81019020e-01]","[ -0.22543927   0.10874905 -14.4928826   -1.26726492  -1.28976914
  -0.19675274]",[-1.35971533  0.28739488  5.4512381   9.412132   -1.24160091  0.33060644],"[-2.18195010e+00  3.14789117e-02  5.01960169e+01  1.11525204e+02
 -1.32689073e+00  8.21167450e-02]","[ 1.39230667e-01  2.73357253e-02 -5.78370914e+01  1.00526968e+01
 -1.30256446e+00 -3.06710587e-02]","[-4.70270514e-01  5.33689494e-03 -3.33460143e+01 -1.36816473e+01
 -1.64985932e+00  2.82520544e-01]","[ 1.95575943e+00  2.35665441e-02 -6.70693191e+01  1.33171453e+02
 -1.30761902e+00  6.46024384e-02]",014
191,0,0.8961707396761982,0,[ 3.66178633  0.05111459 -2.68090914 11.81691646 -1.68259191  0.26862239],"[-9.73946779e-01  2.46769848e-02 -6.03863222e+01 -5.68130640e+01
 -9.38726866e-01 -7.45080666e-01]","[ -0.29741611   0.12163804 -12.97839181  -1.85998281  -1.30057222
  -0.13805056]",[-1.16162389  0.34835118  4.51645074  7.24641707 -1.27287169  0.24510496],"[-2.16236123e+00  3.20710008e-02  4.92934711e+01  1.08590291e+02
 -1.33629343e+00 -2.13174537e-02]","[ 1.21859062e-01  2.77676671e-02 -5.69402039e+01  8.93867982e+00
 -1.30495462e+00 -1.74631114e-02]","[-4.68152529e-01  9.23027373e-03  1.46004019e+02  7.03521509e+01
 -6.35349009e-01  9.37969105e-01]","[ 1.94139224e+00  2.22692591e-02 -7.09383131e+01  1.39719090e+02
 -1.30548860e+00  1.03550266e-01]",014
192,0,0.9534066395461912,0,"[  3.68444667   0.09267533  14.53724783 -51.56171432  -0.60245045
   0.96107135]","[-9.92608264e-01  3.73369477e-02 -4.14674574e+01 -3.91609409e+01
 -1.16688301e+00 -4.83412516e-01]","[ -0.37667786   0.13146014 -12.01889714  -2.52725244  -1.30544985
  -0.09344804]",[-0.92722257  0.40170336  3.92540214  5.63972147 -1.29043075  0.18206032],"[-2.14320165e+00  3.03590475e-02  5.19833865e+01  1.13410880e+02
 -1.32794081e+00 -1.42635616e-01]","[ 1.04329452e-01  2.79096603e-02 -5.66517903e+01  7.91045025e+00
 -1.30684960e+00  1.02364766e-03]","[-4.61191084e-01  1.57017246e-02  9.74584108e+01  4.69469502e+01
 -1.13132128e+00  5.68838303e-01]","[ 1.92803603e+00  2.04298014e-02 -7.72429152e+01  1.50927123e+02
 -1.29887840e+00  1.53873519e-01]",014
193,0,0.9534066395461912,0,"[  3.75652138   0.16140373   9.44286374 -33.47231953  -1.08590025
   0.60779342]","[ -1.01910734   0.04887714 -32.05578944 -30.66829044  -1.25144065
  -0.32656315]","[ -0.46130404   0.13832054 -11.42778721  -3.27168438  -1.3076349
  -0.05796281]",[-0.66201543  0.44582523  3.54158272  4.3445824  -1.30120908  0.13067483],"[-2.12595733e+00  2.62339222e-02  5.97813374e+01  1.29092573e+02
 -1.28566092e+00 -3.00740943e-01]","[ 8.68473941e-02  2.76725793e-02 -5.71344961e+01  6.96198210e+00
 -1.30753022e+00  2.37148967e-02]","[-4.50232707e-01  2.10180738e-02  7.45539861e+01  3.55666429e+01
 -1.28239665e+00  3.14488825e-01]","[ 1.91602704e+00  1.80451159e-02 -8.72759015e+01  1.69222987e+02
 -1.28396385e+00  2.18409975e-01]",014
194,0,0.9534066395461912,0,"[  3.87223854   0.22308339   7.00209039 -25.11376424  -1.24650579
   0.3688994 ]","[ -1.05237303   0.0585701  -26.88693464 -26.29508489  -1.28999211
  -0.2191242 ]","[ -0.54944133   0.1423696  -11.10510243  -4.10160223  -1.30855784
  -0.02784018]",[-0.37233872  0.4792449   3.29720424  3.22767681 -1.30750876  0.086147  ],"[-2.11211200e+00  1.99102555e-02  7.72032280e+01  1.65061864e+02
 -1.15333095e+00 -5.36426547e-01]","[ 6.96599558e-02  2.70042055e-02 -5.85398689e+01  6.07788468e+00
 -1.30662768e+00  4.91594186e-02]","[-4.36372073e-01  2.45234491e-02  6.43393995e+01  3.00759171e+01
 -1.32551375e+00  1.51474476e-01]","[ 1.90567604e+00  1.51843775e-02 -1.03343608e+02  1.98939437e+02
 -1.25465310e+00  3.00819598e-01]",014
195,0,0.9534066395461912,0,"[  4.02307276   0.27027103   5.82696527 -21.44230521  -1.30493358
   0.2134826 ]","[ -1.09102542   0.06588301 -23.96171854 -24.14284409  -1.30924398
  -0.13599863]","[-6.39327672e-01  1.43736696e-01 -1.10001727e+01 -5.03271480e+00
 -1.30865429e+00 -4.54545954e-04]",[-0.06516906  0.50102394  3.15522086  2.20562278 -1.31034505  0.04671308],"[-2.10298635e+00  1.21247206e-02  1.15227551e+02  2.44321968e+02
 -7.21327729e-01 -9.00725114e-01]","[ 5.30353349e-02  2.58943564e-02 -6.10321292e+01  5.23685941e+00
 -1.30425788e+00  7.64153381e-02]","[-4.20793320e-01  2.61423011e-02  6.04696009e+01  2.74452041e+01
 -1.33119923e+00  3.69438658e-02]","[ 1.89722325e+00  1.19997430e-02 -1.29912269e+02  2.48472577e+02
 -1.20062480e+00  4.07311787e-01]",014
196,0,0.9534066395461912,0,"[  4.19843501   0.29954492   5.27376304 -20.14155139  -1.32629376
   0.09778128]","[ -1.1334284    0.07043102 -22.44072386 -23.43495372  -1.31833837
  -0.06541259]","[ -0.7292977    0.14254597 -11.0914823   -6.08899253  -1.30782248
   0.0256232 ]",[ 0.25223577  0.51105178  3.0938259   1.21962645 -1.31055712  0.01186955],"[-2.09959977e+00  6.31350957e-03  2.80963554e+01  6.09911012e+01
 -1.67191943e+00 -2.66182849e-01]","[ 3.72444376e-02  2.43620753e-02 -6.48426172e+01  4.41502681e+00
 -1.30071275e+00  1.05960473e-01]","[-4.04601787e-01  2.61198742e-02  6.05204342e+01  2.64866758e+01
 -1.32139586e+00 -4.65200372e-02]","[ 1.89079581e+00  8.71433986e-03 -1.76620854e+02  3.35953970e+02
 -1.10048170e+00  5.50917001e-01]",014
197,0,0.9534066395461912,0,"[ 4.38664240e+00  3.09765688e-01  5.10390774e+00 -2.03890181e+01
 -1.32967043e+00  2.04456645e-03]","[-1.17776061e+00  7.19838569e-02 -2.19643326e+01 -2.38687257e+01
 -1.32104411e+00 -3.71232583e-04]","[ -0.81780674   0.13898341 -11.37406513  -7.30178714  -1.30579922
   0.05059678]",[ 0.57280073  0.5100804   3.09967433  0.22450429 -1.30896888 -0.01861661],"[-2.10257407e+00  1.18306850e-02 -1.12230475e+02 -2.33972886e+02
 -5.38543802e-01 -9.96903869e-01]","[ 2.25511803e-02  2.24318578e-02 -7.03736341e+01  3.58700851e+00
 -1.29584853e+00  1.40373012e-01]","[-3.88685923e-01  2.49002687e-02  6.34413842e+01  2.66587730e+01
 -1.30574096e+00 -1.04842396e-01]","[ 1.88637869e+00  5.59130125e-03 -2.67260650e+02  5.06154794e+02
 -8.98542541e-01  7.60354068e-01]",014
198,0,0.9525223435636294,0,"[  4.5760013    0.30176066   5.23633913 -21.96149467  -1.32166708
  -0.08403783]","[ -1.22209891   0.07045846 -22.43209832 -25.41424286  -1.31852824
   0.06487515]","[ -0.90347834   0.13335322 -11.85155218  -8.70762071  -1.30263661
   0.07383339]",[ 0.89006352  0.49949336  3.16494991 -0.81700646 -1.30634768 -0.04520028],"[-2.11208819e+00  2.13825819e-02 -7.08221278e+01 -1.47582579e+02
 -1.02889827e+00 -6.58747195e-01]","[ 9.21391059e-03  2.01127707e-02 -7.83943272e+01  2.72231832e+00
 -1.28821052e+00  1.84868253e-01]","[-3.73639249e-01  2.30071789e-02  6.86176797e+01  2.76382583e+01
 -1.29052648e+00 -1.38731952e-01]","[ 1.88380735e+00  2.91241487e-03 -4.62804038e+02  8.73833650e+02
 -4.51463887e-01  1.06683878e+00]",014
199,0,0.9525223435636294,0,"[  4.75582435   0.27794813   5.67515862 -24.99005753  -1.30410624
  -0.16759091]","[ -1.26450697   0.0659062  -23.95297768 -28.2887072   -1.30965973
   0.13643237]","[ -0.98514862   0.12606197 -12.53347611 -10.34733666  -1.29892818
   0.09491943]",[ 1.19841567  0.48089354  3.28665107 -1.93877416 -1.3034023  -0.06900879],"[-2.12787879e+00  3.07333380e-02 -5.06191647e+01 -1.05711447e+02
 -1.20386305e+00 -4.27968069e-01]","[-2.50647486e-03  1.73933914e-02 -9.04413799e+01  1.77331096e+00
 -1.27336935e+00  2.48207153e-01]","[-3.59753832e-01  2.09261723e-02  7.54257085e+01  2.91346877e+01
 -1.28057946e+00 -1.48465654e-01]","[ 1.88278335e+00  1.15507328e-03 -3.26315716e+02  6.16381798e+02
 -1.30495784e+00  4.78629493e-01]",014
200,0,0.9525223435636294,0,"[  4.91724085   0.24183732   6.5023902  -29.97381871  -1.27544393
  -0.25549232]","[ -1.3031254    0.05851809 -26.90744526 -33.06377527  -1.29014699
   0.22219527]","[ -1.06187563   0.11751468 -13.44056681 -12.2722103   -1.29540524
   0.11492575]",[ 1.49308271  0.45563602  3.46779514 -3.17770496 -1.30058493 -0.09232238],"[-2.14927765e+00  3.88699329e-02 -4.04035142e+01 -8.48383700e+01
 -1.27325963e+00 -2.81400181e-01]","[-1.23398442e-02  1.42566440e-02 -1.09781079e+02  6.45318591e-01
 -1.23958252e+00  3.45637421e-01]","[-3.47082256e-01  1.89956256e-02  8.31080084e+01  3.08453150e+01
 -1.27855983e+00 -1.39881637e-01]","[ 1.88290804e+00  1.38576815e-03  9.97293316e+02 -1.87581160e+03
 -9.43805042e-01  7.22167989e-01]",014
201,0,0.9525223435636294,0,"[  5.05372678   0.19752289   7.91915545 -38.02124799  -1.22957695
  -0.35660488]","[ -1.3362661    0.04865247 -32.18724132 -41.01071931  -1.24913538
   0.33487412]","[ -1.13289535   0.10797626 -14.62128756 -14.56438868  -1.29217684
   0.13705408]",[ 1.76990153  0.42449072  3.72056038 -4.58502552 -1.29761284 -0.11860738],"[-2.17528049e+00  4.52172233e-02 -3.48759913e+01 -7.38650635e+01
 -1.30453909e+00 -1.75824806e-01]","[-2.00074712e-02  1.07112580e-02 -1.44170537e+02 -8.84487858e-01
 -1.15153919e+00  5.08484038e-01]","[-3.35552552e-01  1.73242468e-02  9.11461856e+01  3.25843352e+01
 -1.28410301e+00 -1.29378633e-01]","[ 1.88372672e+00  1.94258224e-03  8.07449237e+02 -1.51901371e+03
 -1.44376156e+00  2.07290133e-01]",014
202,0,0.9525223435636294,0,"[  5.16131496   0.14923081  10.37933809 -51.57103299  -1.15081337
  -0.4859146 ]","[-1.36250775e+00  3.68676872e-02 -4.19254910e+01 -5.51238064e+01
 -1.15633708e+00  5.00117186e-01]","[ -1.19752758   0.09748633 -16.18276172 -17.3793035   -1.28814205
   0.16645888]",[ 2.02502576  0.38760896  4.07157585 -6.24504597 -1.29312209 -0.15195374],"[-2.20464336e+00  4.94291215e-02 -3.19639483e+01 -6.84691064e+01
 -1.31774070e+00 -9.25122316e-02]","[-2.52319173e-02  6.85905917e-03 -2.13897678e+02 -3.39704852e+00
 -8.74911177e-01  8.00631035e-01]","[-3.25106080e-01  1.57675138e-02  1.00114820e+02  3.45479366e+01
 -1.29347079e+00 -1.41989860e-01]","[ 1.88477546e+00  1.91608909e-03  8.16657026e+02 -1.53721512e+03
 -1.40513000e+00 -2.69513136e-01]",014
203,0,0.9525223435636294,0,"[  5.23847353   0.1009493   15.00101732 -76.58243213  -0.99330605
  -0.67546543]","[-1.38077279e+00  2.39905714e-02 -6.17381815e+01 -8.32464011e+01
 -9.05551306e-01  7.73156519e-01]","[ -1.25506065   0.08587794 -18.34511995 -21.02423823  -1.28045359
   0.21010578]",[ 2.25468481  0.34481229  4.57101809 -8.30620507 -1.2846061  -0.19676077],"[-2.23600023e+00  5.13922892e-02 -3.07635219e+01 -6.67872422e+01
 -1.32051853e+00 -2.33438750e-02]","[-2.77554758e-02  3.34540400e-03 -2.64403279e+02 -5.33863881e+00
 -7.11853367e-01  7.56880238e-01]","[-3.15821729e-01  1.39873140e-02  1.12639605e+02  3.75740347e+01
 -1.29669195e+00 -2.04783142e-01]","[ 1.88562384e+00  1.35114583e-03  1.04646653e+03 -1.97124224e+03
 -9.17011536e-01 -7.71430676e-01]",014
204,0,0.9525223435636294,0,"[ 5.28571246e+00  5.65301388e-02  2.46685383e+01 -1.28390800e+02
 -6.04248640e-01 -9.77589345e-01]","[-1.39036131e+00  1.18743284e-02 -9.13014220e+01 -1.24941965e+02
 -4.57946010e-01  9.52614565e-01]","[ -1.30465974   0.07288379 -21.55461913 -26.12144389  -1.26284208
   0.27812185]","[  2.45509868   0.2960321    5.31161789 -11.04054604  -1.26779147
  -0.2587252 ]","[-2.26799138e+00  5.12260402e-02 -3.08619144e+01 -6.79945557e+01
 -1.31682407e+00  3.54953813e-02]","[-2.73640306e-02  4.13930881e-03  2.70276561e+02  9.39585610e+00
 -4.10864356e-01  9.97647043e-01]","[-3.07996752e-01  1.15810404e-02  1.34998633e+02  4.35791406e+01
 -1.26372611e+00 -3.51378487e-01]","[ 1.88590912e+00  8.58721849e-04  4.39353738e+00 -6.28581222e+00
 -1.71101106e+00 -2.36841799e-01]",014
205,0,0.9960363673462528,0,"[ 5.30504100e+00  2.47130261e-02  1.95897649e+01 -1.01924506e+02
 -1.24930930e+00 -4.99270191e-01]","[-1.39093223e+00  1.07129761e-02  8.80027930e+01  1.24405921e+02
 -5.99370823e-01  8.37531547e-01]","[ -1.34533606   0.0582846  -26.77589303 -34.02257443  -1.21927641
   0.38872682]","[  2.62260119   0.24168432   6.47563052 -14.98299629  -1.23371817
  -0.3478126 ]","[-2.29938455e+00  4.92391240e-02 -3.20915494e+01 -7.17908127e+01
 -1.30914820e+00  8.61732419e-02]","[-2.39111447e-02  8.45759871e-03  1.74860382e+02  6.18111189e+00
 -8.80322666e-01  7.89114187e-01]","[-3.02167994e-01  8.26370905e-03  1.82444682e+02  5.71289437e+01
 -1.07177228e+00 -6.46917279e-01]","[ 1.88535886e+00  1.85740952e-03 -7.13496056e+02  1.34719611e+03
 -4.80264671e-01 -1.03822232e+00]",014
206,0,0.6915725741373898,0,"[ 5.29940673e+00  3.56108968e-02 -3.65698170e+01  1.95798334e+02
 -5.83247370e-01 -9.46365927e-01]","[-1.38244479e+00  2.23443666e-02  6.55980178e+01  9.26856378e+01
 -8.50344067e-01  8.15838466e-01]","[-1.37598755e+00  4.20906975e-02 -3.63761302e+01 -4.80531024e+01
 -1.09778123e+00  5.81500507e-01]","[  2.75392107   0.18289347   8.46666238 -21.3165199   -1.15858158
  -0.48525514]","[-2.32916369e+00  4.58491613e-02 -3.44378666e+01 -7.82114284e+01
 -1.29922432e+00  1.30458029e-01]","[-1.73377102e-02  1.32517164e-02  1.16306898e+02  4.01649530e+00
 -1.12332379e+00  5.32887738e-01]","[-2.99071763e-01  4.47188265e-03  2.33054878e+02  7.17001333e+01
 -6.61369400e-01 -7.75517010e-01]","[ 1.88379961e+00  3.47219720e-03 -4.33078256e+02  8.17832648e+02
 -9.66193237e-01 -7.10875316e-01]",014
207,0,0.7919854102549669,0,"[ 5.27222902e+00  6.28797723e-02 -2.42259189e+01  1.29724593e+02
 -1.08899241e+00 -6.07736916e-01]","[-1.36509063e+00  3.54904941e-02  4.33929746e+01  6.12353432e+01
 -1.12148125e+00  5.38726329e-01]","[-1.39549437e+00  2.49918797e-02 -5.61070060e+01 -7.62970108e+01
 -7.02564682e-01  9.13900402e-01]","[  2.84648699   0.12176569  12.31655378 -33.05891003  -0.96177255
  -0.71948265]","[-2.35656460e+00  4.14863894e-02 -3.80221069e+01 -8.76015509e+01
 -1.28825428e+00  1.70863944e-01]","[-7.68499884e-03  1.79967913e-02  8.67747092e+01  2.66686354e+00
 -1.21671532e+00  3.81513064e-01]","[-2.99553002e-01  5.45109419e-03 -1.82904861e+02 -5.27897002e+01
 -3.92854666e-01 -9.98752671e-01]","[ 1.88115095e+00  5.20008129e-03 -2.97697307e+02  5.62013570e+02
 -1.15460614e+00 -4.89072753e-01]",014
208,0,0.9667052324889917,0,"[ 5.22710237e+00  8.71728215e-02 -1.79198793e+01  9.56690436e+01
 -1.24226543e+00 -3.69653812e-01]",[-1.33924847  0.04831411 32.32289843 45.28839212 -1.21714706  0.38148371],"[-1.40283936e+00  1.25212863e-02 -2.04009781e+01 -2.66192951e+01
 -1.61673820e+00  2.95769091e-01]","[  2.89863927   0.06351989  19.61666324 -54.86163034  -0.44801136
  -1.01876807]","[-2.38105587e+00  3.65066636e-02 -4.31530155e+01 -1.00749741e+02
 -1.27637095e+00  2.12052997e-01]","[ 4.89935275e-03  2.24564497e-02  6.99454066e+01  1.65731278e+00
 -1.26057149e+00  2.81832782e-01]","[-3.04443489e-01  1.22098401e-02 -1.18317442e+02 -3.40209748e+01
 -7.32248666e-01 -8.95789351e-01]","[ 1.87740617e+00  6.89531518e-03 -2.26893501e+02  4.27971259e+02
 -1.22980342e+00 -3.53882155e-01]",014
209,0,0.9667052324889917,0,"[  5.16767818   0.10635762 -14.79985551  78.4808903   -1.2929089
  -0.22893246]",[-1.30548127  0.06026569 26.06454634 36.02677704 -1.26118208  0.28081721],"[-1.39722595e+00  2.30980383e-02  5.69019654e+01  8.15049025e+01
 -5.00464940e-01  1.01649088e+00]","[ 2.90970957e+00  4.16974812e-02 -1.41235600e+01  4.30954577e+01
 -1.16227693e+00 -5.16447101e-01]","[-2.40228354e+00  3.11405579e-02 -5.04894840e+01 -1.19290056e+02
 -1.26119167e+00  2.61994592e-01]","[ 2.01630512e-02  2.64504462e-02  5.95626192e+01  7.99035861e-01
 -1.28411048e+00  2.09117120e-01]","[-3.14436341e-01  2.06090766e-02 -7.40023998e+01 -2.12690438e+01
 -1.03852947e+00 -6.26323134e-01]","[ 1.87260386e+00  8.49935961e-03 -1.84924285e+02  3.48289930e+02
 -1.26120232e+00 -2.69003221e-01]",014
210,0,0.9667052324889917,0,"[  5.09766689   0.11989342 -13.16827836  69.12749662  -1.31316629
  -0.13167447]",[-1.26457702  0.07086695 22.23326201 30.11567221 -1.28610554  0.20618966],"[-1.37817440e+00  4.29180007e-02  3.51244515e+01  5.04076199e+01
 -9.84555766e-01  6.94394085e-01]","[  2.87999742   0.08819726 -16.22361471  48.7239685   -0.75383542
  -0.88449885]","[-2.42000546e+00  2.54989725e-02 -6.14368498e+01 -1.46677512e+02
 -1.23537891e+00  3.33001010e-01]","[ 3.77595387e-02  2.98318698e-02  5.29016293e+01  2.45888310e-03
 -1.29765081e+00  1.51771016e-01]","[-3.29987116e-01  2.96536279e-02 -5.23667888e+01 -1.52803656e+01
 -1.16914674e+00 -4.57189442e-01]","[ 1.86679560e+00  1.00160129e-02 -1.57257284e+02  2.95567205e+02
 -1.27305316e+00 -2.17400073e-01]",014
211,0,0.9667052324889917,0,"[ 5.02087416e+00  1.27487802e-01 -1.23987644e+01  6.42526358e+01
 -1.32168114e+00 -5.34212150e-02]",[-1.21761392  0.07957217 19.83677916 26.15353844 -1.30228411  0.14328414],[-1.34559148  0.06373884 24.31303277 34.71540977 -1.16062035  0.47822694],"[  2.81069817   0.14595799 -10.50442186  31.5247593   -1.09641949
  -0.57510338]","[-2.43403878e+00  1.96325071e-02 -7.91643718e+01 -1.90689151e+02
 -1.18019722e+00  4.45280872e-01]","[ 5.72675061e-02  3.24914900e-02  4.86197591e+01 -7.84332346e-01
 -1.30525914e+00  1.04158663e-01]","[-3.51263962e-01  3.87409975e-02 -4.04125698e+01 -1.21954794e+01
 -1.23274644e+00 -3.42887723e-01]","[ 1.86001585e+00  1.14984917e-02 -1.37112272e+02  2.57030998e+02
 -1.27589635e+00 -1.89623314e-01]",014
212,0,0.9715394261102844,0,"[ 4.94120486e+00  1.28938411e-01 -1.22617709e+01  6.25879218e+01
 -1.32355213e+00  1.90141330e-02]",[-1.16602019  0.08576898 18.42368959 23.48239397 -1.31337911  0.08414666],[-1.29981857  0.08399428 18.6338494  26.22062353 -1.23313848  0.34728277],[ 2.70383158  0.20219729 -7.71438656 22.85840196 -1.21140702 -0.39719161],"[-2.44423580e+00  1.36220323e-02 -1.11619359e+02 -2.70824034e+02
 -1.03897362e+00  6.38976867e-01]","[ 7.82194203e-02  3.43725339e-02  4.59843889e+01 -1.59687224e+00
 -1.30870692e+00  6.38888114e-02]","[ -0.37815593   0.04741216 -33.16125155 -10.5401239   -1.26533675
  -0.26145426]","[ 1.85226134e+00  1.30273801e-02 -1.21064161e+02  2.26242465e+02
 -1.27541263e+00 -1.77957736e-01]",014
213,0,0.9715394261102844,0,"[  4.86261192   0.12416641 -12.72397655  63.87176009  -1.31871665
   0.09452954]",[-1.11160092  0.08883051 17.79804159 21.78431948 -1.32018126  0.02349309],[-1.2416638   0.1027388  15.30578519 21.00463945 -1.26981053  0.25709812],[ 2.56220479  0.25411845 -6.17932036 17.8326842  -1.25989951 -0.2872896 ],"[-2.45048864e+00  7.74318093e-03 -1.77934516e+02 -4.34026510e+02
 -6.18116502e-01  9.63343903e-01]","[ 1.00137554e-01  3.54857631e-02  4.45533150e+01 -2.46145997e+00
 -1.30909989e+00  3.03806473e-02]","[ -0.41033373   0.05538429 -28.4531147   -9.67527268  -1.28198649
  -0.20251249]","[ 1.84348510e+00  1.46803140e-02 -1.07443755e+02  2.00070962e+02
 -1.27498613e+00 -1.74514186e-01]",014
214,0,0.9715394261102844,0,"[  4.78898836   0.11333319 -13.91236028  68.62613139  -1.30381403
   0.18122908]",[-1.05651186  0.08821168 17.92084308 20.93358329 -1.32172725 -0.04284325],[-1.172418    0.11912586 13.23438508 17.51623128 -1.29090655  0.18768674],[ 2.38940607  0.30004633 -5.25040267 14.54534399 -1.28424925 -0.21068963],"[-2.45274537e+00  3.79352660e-03 -3.98027542e+01 -9.56260210e+01
 -1.67734703e+00  2.76042671e-01]","[ 1.22571473e-01  3.59096849e-02  4.40307164e+01 -3.39690976e+00
 -1.30760091e+00  3.63206562e-03]","[ -0.44733692   0.0625452  -25.22777595  -9.28531571  -1.29049771
  -0.15968637]","[ 1.83360509e+00  1.65041750e-02 -9.55759607e+01  1.77248568e+02
 -1.27615784e+00 -1.72311200e-01]",014
215,0,0.9715394261102844,0,"[  4.72400008   0.09696859 -16.18841776  78.47408684  -1.27041045
   0.29032051]",[-1.00316619  0.08357626 18.89533971 20.95516604 -1.31548403 -0.11908525],[-1.09384969  0.13236782 11.92850642 15.04799308 -1.30374843  0.1294965 ],[ 2.18976622  0.3386693  -4.659814   12.2039033  -1.29760578 -0.15223131],"[-2.45101494e+00  6.99041521e-03  1.92130600e+02  4.72914971e+02
 -5.67017584e-01  9.82730734e-01]","[ 1.45125961e-01  3.57650965e-02  4.42078392e+01 -4.41570517e+00
 -1.30554619e+00 -1.70254469e-02]","[ -0.4886452    0.06887989 -22.92488234  -9.20213377  -1.29547652
  -0.12761299]","[ 1.82252225e+00  1.85031151e-02 -8.52619845e+01  1.57391864e+02
 -1.27885898e+00 -1.67292772e-01]",014
216,0,0.9715394261102844,0,"[ 4.67087196e+00  7.60527240e-02 -2.04287184e+01  9.74199279e+01
 -1.19547984e+00  4.43374298e-01]",[-0.95407355  0.07491742 21.02519562 22.059583   -1.29648863 -0.21126433],[-1.00816963  0.14177984 11.14641348 13.23747552 -1.31139624  0.07741805],[ 1.96821904  0.3690562  -4.28040071 10.4247662  -1.30482398 -0.1049663 ],"[-2.44534971e+00  1.26154214e-02  1.20151400e+02  2.95812193e+02
 -1.01930013e+00  6.59530020e-01]","[ 1.67468519e-01  3.51676844e-02  4.49557809e+01 -5.52867805e+00
 -1.30409289e+00 -3.38625090e-02]","[ -0.5336981    0.07435507 -21.24725879  -9.33962161  -1.29969766
  -0.10087819]","[ 1.81014047e+00  2.06467868e-02 -7.64263560e+01  1.40342440e+02
 -1.28220248e+00 -1.58778201e-01]",014
217,0,0.9715394261102844,0,"[ 4.63217110e+00  5.21014291e-02 -2.89195634e+01  1.35960366e+02
 -1.00118594e+00  6.87722530e-01]",[-0.91163268  0.06262583 25.00997963 24.79991477 -1.25370718 -0.33088265],[-0.9179551   0.1468403  10.76681078 11.88344884 -1.31518319  0.0283317 ],[ 1.7300637   0.39077623 -4.04469845  8.99758595 -1.30813156 -0.06567663],"[-2.43580991e+00  1.84759216e-02  8.39934824e+01  2.06592157e+02
 -1.16357938e+00  4.64777507e-01]","[ 1.89311754e-01  3.41773423e-02  4.62530670e+01 -6.75624924e+00
 -1.30375349e+00 -5.09022400e-02]","[ -0.58185355   0.07880749 -20.05433726  -9.66868741  -1.30447511
  -0.07411162]","[ 1.79638197e+00  2.28900236e-02 -6.89545931e+01  1.25868788e+02
 -1.28538503e+00 -1.48061235e-01]",014
218,0,0.9715394261102844,0,"[ 4.60964575e+00  2.79304932e-02 -4.55889905e+01  2.12149096e+02
 -4.79911652e-01  1.00983471e+00]",[-0.87791952  0.04749059 32.53192793 30.56041452 -1.15588456 -0.50376306],[-0.8260339   0.14724543 10.73753601 10.86956874 -1.31557461 -0.01995179],[ 1.48069612  0.40392611 -3.9140594   7.79553256 -1.30903907 -0.03256977],"[-2.42242081e+00  2.44277320e-02  6.40304881e+01  1.57108787e+02
 -1.21578421e+00  3.60938048e-01]","[ 2.10374776e-01  3.27672800e-02  4.82325007e+01 -8.14690150e+00
 -1.30413374e+00 -7.33199843e-02]","[ -0.63229867   0.08187875 -19.30771362 -10.20824166  -1.30989928
  -0.0425135 ]","[ 1.78119365e+00  2.51908164e-02 -6.26727909e+01  1.13632377e+02
 -1.28803082e+00 -1.36761461e-01]",014
219,0,0.96976866161392,0,"[ 4.60414504e+00  1.72569181e-02  2.77912694e+01 -1.25955035e+02
 -1.33945338e+00  4.24666436e-01]","[-8.54511416e-01  3.07389286e-02  4.80263145e+01  4.30390340e+01
 -8.91074190e-01 -7.85737599e-01]",[-0.73534001  0.14294581 11.05655355 10.13032615 -1.31253124 -0.06930252],"[ 1.22539058e+00  4.08962871e-01 -3.86618540e+00  6.73758715e+00
 -1.30878844e+00 -3.84177468e-03]","[-2.40513279e+00  3.05689040e-02  5.13410382e+01  1.25482014e+02
 -1.23845319e+00  3.01787741e-01]","[ 2.30335752e-01  3.08260093e-02  5.12444256e+01 -9.80342331e+00
 -1.30377083e+00 -1.06844331e-01]","[-6.83938025e-01  8.30156222e-02 -1.90458921e+01 -1.10262098e+01
 -1.31514290e+00 -1.83675682e-03]","[ 1.76454423e+00  2.75203684e-02 -5.73805481e+01  1.03250515e+02
 -1.29002146e+00 -1.26089805e-01]",014
220,0,0.96976866161392,0,"[ 4.61558961e+00  3.56252489e-02  3.99585447e+01 -1.82432244e+02
 -7.54743508e-01  8.84281470e-01]","[-8.42369228e-01  1.50656858e-02  6.96847509e+01  6.07002898e+01
 -4.73814942e-01 -9.35611584e-01]",[-0.64876037  0.13415103 11.77175388  9.63704743 -1.30557658 -0.12191139],[ 0.96920344  0.40637498 -3.89064684  5.77082828 -1.30821062  0.02300434],"[-2.38379475e+00  3.70562252e-02  4.24246110e+01  1.03131565e+02
 -1.24954759e+00  2.66481507e-01]","[ 2.48791982e-01  2.81895392e-02  5.59736493e+01 -1.19257952e+01
 -1.29956534e+00 -1.58094310e-01]","[ -0.73529568   0.08153367 -19.38741381 -12.25548154  -1.318294
   0.05245045]","[ 1.74641511e+00  2.98671737e-02 -5.28813879e+01  9.43528551e+01
 -1.29131027e+00 -1.16876999e-01]",014
221,0,0.96976866161392,0,"[ 4.64294685e+00  5.82104991e-02  2.63976989e+01 -1.20563113e+02
 -1.13146497e+00  5.48111487e-01]","[-8.41780720e-01  1.38695660e-02 -7.06376342e+01 -5.74613986e+01
 -5.87753111e-01 -8.41869620e-01]",[-0.56899281  0.12129508 13.00020946  9.39702567 -1.29341555 -0.18117296],[ 0.71702922  0.39636578 -3.98822119  4.85967114 -1.3074753   0.05115032],"[-2.35815104e+00  4.40511331e-02  3.57216195e+01  8.62369744e+01
 -1.25603245e+00  2.44214771e-01]","[ 2.65242259e-01  2.46927174e-02  6.37312908e+01 -1.49042316e+01
 -1.28475195e+00 -2.36643397e-01]","[ -0.78447517   0.07674078 -20.57513182 -14.14068001  -1.31517882
   0.1265227 ]","[ 1.72678952e+00  3.22377216e-02 -4.89992846e+01  8.66114509e+01
 -1.29196650e+00 -1.09654615e-01]",014
222,0,0.96976866161392,0,"[ 4.68419241e+00  7.79320398e-02  2.00869015e+01 -9.20909115e+01
 -1.26080187e+00  3.36433951e-01]","[-8.52358062e-01  2.78509364e-02 -5.30657406e+01 -4.32310119e+01
 -9.20783104e-01 -7.67302213e-01]",[-0.49843032  0.1049757  14.98199741  9.4674817  -1.27272046 -0.25305694],[ 0.47376703  0.37872716 -4.17245031  3.97676941 -1.30595748  0.0841257 ],"[-2.32786725e+00  5.16668213e-02  3.04755720e+01  7.29430857e+01
 -1.26159354e+00  2.27708964e-01]","[ 2.79100389e-01  2.02310146e-02  7.72725179e+01 -1.95667898e+01
 -1.24196231e+00 -3.60415013e-01]","[ -0.82921333   0.06811644 -23.1058465  -17.15967598  -1.2964121
   0.23067166]","[ 1.70564419e+00  3.46517596e-02 -4.55898099e+01  7.97599944e+01
 -1.29228803e+00 -1.04434074e-01]",014
223,0,0.96976866161392,0,"[  4.7362717    0.0923894   17.06186573 -78.80963188  -1.31647211
   0.18489711]","[ -0.87307455   0.04215973 -36.76055699 -30.0947067   -1.19139539
  -0.46603174]",[-0.43908     0.08589787 18.21826597  9.99927628 -1.23483925 -0.34885726],[ 0.24451321  0.35293722 -4.47412533  3.09398273 -1.30222793  0.12583247],"[-2.29258639e+00  5.99006845e-02  2.63014918e+01  6.22984422e+01
 -1.26815409e+00  2.11456797e-01]","[ 2.89740332e-01  1.48360078e-02  1.03298647e+02 -2.79297843e+01
 -1.11525473e+00 -5.69094734e-01]","[ -0.86703915   0.05552802 -28.09701606 -22.361213    -1.23790673
   0.38577656]","[ 1.68294798e+00  3.71283181e-02 -4.25516425e+01  7.36122009e+01
 -1.29276149e+00 -1.00420939e-01]",014
224,0,0.96976866161392,0,"[ 4.79509826e+00  9.97361426e-02  1.58468969e+01 -7.39874278e+01
 -1.34139161e+00  5.25060305e-02]","[ -0.90232661   0.05396571 -29.0964942  -24.25454084  -1.28226764
  -0.28173591]",[-0.39251424  0.06486055 23.85797278 11.36459401 -1.15489063 -0.49204163],[ 0.03469411  0.31839078 -4.95253061  2.17182362 -1.29361328  0.18153674],[-2.25201511  0.06857445 22.98917651 53.77197292 -1.27622272  0.19186625],"[ 2.96563739e-01  8.85191386e-03  1.57609040e+02 -4.47411262e+01
 -6.98829746e-01 -9.14710623e-01]","[ -0.89551888   0.03948318 -38.40453118 -32.3919829   -1.05971498
   0.63912294]","[ 1.65867006e+00  3.96642722e-02 -3.98337590e+01  6.80710632e+01
 -1.29383912e+00 -9.61052789e-02]",014
225,0,0.96976866161392,0,"[  4.85563867   0.09852331  16.03486307 -75.85950116  -1.34364973
  -0.08589229]","[ -0.93801752   0.06225004 -25.34801221 -21.77687964  -1.31834869
  -0.15202344]",[-0.35984045  0.04287399 34.88234499 14.5520787  -0.94685478 -0.73360613],[-0.14994831  0.27469249 -5.72347725  1.14177425 -1.27409071  0.26003824],[-2.20603241  0.07731002 20.4058991  47.01607472 -1.28537045  0.16727524],"[ 2.99072580e-01  4.53505596e-03  4.04766991e+01 -1.01054708e+01
 -1.66848810e+00 -2.71083700e-01]","[-9.12535943e-01  2.18971396e-02 -5.87158169e+01 -5.15802934e+01
 -5.32699474e-01  9.77088212e-01]","[ 1.63279803e+00  4.22148027e-02 -3.74305341e+01  6.31165024e+01
 -1.29570054e+00 -8.98254669e-02]",014
226,0,0.9533398849773692,0,"[  4.91211241   0.08788757  17.87809889 -85.81923137  -1.31134394
  -0.25934822]","[ -0.97766451   0.06641314 -23.80126172 -21.26964892  -1.33205789
  -0.04498586]","[-3.41674833e-01  2.20666440e-02  5.53001872e+01  2.08946822e+01
 -4.30305637e-01 -1.01991526e+00]",[-0.30357848  0.22202524 -7.03371646 -0.13528495 -1.22785372  0.37808502],[-2.15480279  0.08554965 18.45395288 41.76462923 -1.29476135  0.13733896],"[ 2.96928029e-01  8.52374565e-03 -1.55691939e+02  4.82293006e+01
 -5.28316659e-01 -1.00338637e+00]","[-9.16531972e-01  1.41761913e-02  3.33208307e+01  3.25396067e+01
 -1.32095647e+00  4.42756774e-01]","[ 1.60536264e+00  4.46861096e-02 -3.53649609e+01  5.87735869e+01
 -1.29819466e+00 -8.04112374e-02]",014
227,0,0.9533398849773692,0,"[ 4.95829140e+00  6.78484511e-02  2.26579875e+01 -1.10344905e+02
 -1.17808945e+00 -5.23596823e-01]","[ -1.01852571   0.06612756 -23.9013638  -22.34415351  -1.33198994
   0.05752168]","[-3.38116420e-01  1.49994647e-02 -4.39135593e+01 -1.28478955e+01
 -1.06142139e+00 -5.61195417e-01]",[-0.42068163  0.16167701 -9.4821969  -1.98898605 -1.10603941  0.57155973],[-2.09886907  0.09261267 17.05801865 37.80254768 -1.30346048  0.10229047],"[ 2.89982443e-01  1.55759929e-02 -9.70547162e+01  3.01441637e+01
 -1.00787484e+00 -6.74413274e-01]","[-9.06645014e-01  3.02073087e-02  4.67723568e+01  4.44059241e+01
 -7.03684765e-01  9.16153794e-01]","[ 1.57646255e+00  4.69442259e-02 -3.36689268e+01  5.50778021e+01
 -1.30095645e+00 -6.74689587e-02]",014
228,0,0.9533398849773692,0,"[ 4.98786501e+00  4.07523052e-02  3.28481532e+01 -1.61842154e+02
 -6.75963030e-01 -9.00037554e-01]","[ -1.05774138   0.0613242  -25.7166919  -25.20160909  -1.31664602
   0.17099101]","[-3.48725714e-01  3.11169075e-02 -4.63814722e+01 -1.41744120e+01
 -8.07733745e-01 -8.49949069e-01]","[ -0.49660511   0.09737116 -14.57153938  -5.23630095  -0.73232575
   0.89832148]",[-2.03920193  0.09777872 16.16523341 34.96417519 -1.31052159  0.06248604],"[ 2.78280294e-01  2.28017279e-02 -6.80782380e+01  2.09448321e+01
 -1.17642911e+00 -4.57979628e-01]",[-0.88271872  0.05102209 29.96705459 28.45248016 -1.08016712  0.59616021],"[ 1.54628189e+00  4.88358634e-02 -3.23697061e+01  5.20526902e+01
 -1.30355495e+00 -5.12695080e-02]",014
229,0,0.9533398849773692,0,"[ 4.99484623e+00  2.75859471e-02 -1.29954349e+01  6.69101991e+01
 -1.42165121e+00 -4.10738502e-01]","[ -1.09248724   0.05221986 -30.01044576 -30.78602914  -1.27220095
   0.31667215]","[ -0.37251395   0.04983373 -30.9075365   -9.51348856  -1.14250471
  -0.52942631]","[ -0.52815333   0.04651561 -10.25210378  -3.41468271  -1.33027461
   0.43308342]","[-1.97719067e+00  1.00390530e-01  1.57491366e+01  3.31390460e+01
 -1.31498044e+00  1.82556432e-02]","[ 2.62033052e-01  2.96708572e-02 -5.28051505e+01  1.58366948e+01
 -1.24215021e+00 -3.29327027e-01]",[-0.84520107  0.07145834 21.81033951 20.43412229 -1.20616012  0.40819616],"[ 1.51509480e+00  5.02137237e-02 -3.14854118e+01  4.97033836e+01
 -1.30559508e+00 -3.24879987e-02]",014
230,0,0.9533398849773692,0,"[ 4.97400846e+00  6.29215004e-02 -2.18806713e+01  1.10834644e+02
 -5.66349466e-01 -9.98782340e-01]","[-1.12013765e+00  3.93951717e-02 -3.90402429e+01 -4.17304460e+01
 -1.14782631e+00  5.35742102e-01]","[ -0.40795774   0.06648932 -23.54463287  -7.60521516  -1.25232112
  -0.33862803]",[-0.51412385  0.07368785 17.35249411 10.92133101 -0.50338747  0.99513906],"[-1.91456660e+00  9.99666825e-02  1.58151216e+01  3.22791036e+01
 -1.31583962e+00 -3.00796228e-02]","[ 2.41580722e-01  3.59518592e-02 -4.37620591e+01  1.25720698e+01
 -1.27248820e+00 -2.44945175e-01]",[-0.79498545  0.09040951 17.36190883 15.8024649  -1.25625835  0.29506221],"[ 1.48325499e+00  5.09604899e-02 -3.10262732e+01  4.80198746e+01
 -1.30676644e+00 -1.20078823e-02]",014
231,0,0.9533398849773692,0,"[  4.92135593   0.11379394 -13.28270826  67.36893499  -0.98707293
  -0.68506359]","[-1.13843197e+00  2.41453947e-02 -5.85018667e+01 -6.46003956e+01
 -7.47686838e-01  8.87144063e-01]","[ -0.45306376   0.07985926 -19.72190956  -6.93528249  -1.29568797
  -0.21431943]",[-0.45562276  0.13549448 11.15126212  7.08076886 -1.02582464  0.66727628],[-1.85326341  0.09630209 16.40910446 32.41039289 -1.31213707 -0.08221917],"[  0.2173549    0.04150993 -37.98441965  10.25609991  -1.28824148
  -0.18480044]",[-0.73325596  0.1074158  14.661296   12.75048266 -1.27971154  0.22009854],"[ 1.45117174e+00  5.10082915e-02 -3.09973447e+01  4.69824705e+01
 -1.30687030e+00  9.16111090e-03]",014
232,0,0.8057393332926024,0,[ 4.83462735  0.1684811  -9.19448691 46.4519179  -1.1559998  -0.48316008],"[-1.14563546e+00  1.21711071e-02 -2.64778372e+01 -2.83339493e+01
 -1.55212643e+00  3.19417357e-01]","[ -0.50550108   0.08935462 -17.67193947  -6.9331845   -1.3132849
  -0.12368227]",[-0.35603613  0.19500755  7.98037998  4.84130357 -1.21052184  0.42211998],[-1.79523504  0.08952381 17.633812   33.65683723 -1.3030281  -0.1381092 ],"[  0.18985283   0.04625405 -34.13030863   8.47973559  -1.29728219
  -0.13869229]",[-0.66137711  0.12222756 12.90699863 10.53639347 -1.2922353   0.165947  ],"[ 1.41927601e+00  5.03511136e-02 -3.13998980e+01  4.65651220e+01
 -1.30585955e+00  2.99107006e-02]",014
233,0,0.9810336202632748,0,[ 4.71377919  0.22195993 -7.05116865 35.23765202 -1.2370683  -0.3468046 ],"[-1.14068138e+00  2.15728349e-02  6.03730636e+01  7.08664294e+01
 -5.03608596e-01  1.00866318e+00]","[ -0.56279557   0.09484146 -16.66688153  -7.38004709  -1.31793939
  -0.05371868]",[-0.22065012  0.2457787   6.39207484  3.41041208 -1.27552438  0.27417421],[-1.74226025  0.08008396 19.67972813 36.28720812 -1.28755944 -0.19828172],"[  0.15962415   0.05010712 -31.52913023   7.03281046  -1.30299708
  -0.10065267]",[-0.58083811  0.13465515 11.72756255  8.81181522 -1.2997006   0.1235323 ],"[  1.38798195   0.04904838 -32.23001949  46.73468537  -1.30385805
   0.04905385]",014
234,0,0.7833962083199614,0,[ 4.56132895  0.26958611 -5.83632996 28.62142081 -1.28218545 -0.24177577],"[-1.12327566e+00  3.96393798e-02  3.80994672e+01  4.47962041e+01
 -1.01397377e+00  6.74770424e-01]","[-6.22557579e-01  9.66329845e-02 -1.63619651e+01 -8.18626538e+00
 -1.31548381e+00  5.46832435e-04]",[-0.05601975  0.28561901  5.52139872  2.30930737 -1.30041773  0.17642413],[-1.69575914  0.06870213 22.88270663 40.80355882 -1.26410108 -0.26383268],"[  0.12726833   0.05298753 -29.82885295   5.79626818  -1.30688287
  -0.06679926]",[-0.49324512  0.14449606 10.93558688  7.3939249  -1.30460141  0.08755493],"[ 1.35764869e+00  4.72194949e-02 -3.34734146e+01  4.74451376e+01
 -1.30113589e+00  6.53248342e-02]",014
235,0,0.8701019574331308,0,[ 4.38243593  0.3069548  -5.14089337 24.52963582 -1.30823399 -0.15255647],[-1.09394656  0.05739168 27.09037244 31.63541979 -1.20170721  0.43454613],"[ -0.68269539   0.09540239 -16.57091982  -9.31289054  -1.30975101
   0.04128921]",[ 0.13074545  0.31412017  5.02867939  1.34252304 -1.30949469  0.10743476],[-1.65664326  0.05628554 27.83042187 48.10508073 -1.23011221 -0.33563072],"[  0.09343776   0.05480364 -28.84795548   4.69548842  -1.30950002
  -0.034459  ]",[-0.40034796  0.15149536 10.43430053  6.17735091 -1.30812837  0.05439231],"[ 1.32854816e+00  4.50298900e-02 -3.50963127e+01  4.86271415e+01
 -1.29809733e+00  7.74062168e-02]",014
236,0,0.9247732680076356,0,[ 4.18465238  0.33042082 -4.78294611 22.01496682 -1.32169646 -0.07155207],[-1.05402597  0.0726994  21.6022722  24.76935582 -1.27571563  0.28080918],"[ -0.74156079   0.09199655 -17.18003123 -10.74003758  -1.30352485
   0.07042592]",[ 0.33259165  0.33187339  4.76299642  0.41586718 -1.312176    0.05580915],"[-1.62522108e+00  4.38403918e-02  3.55573110e+01  5.97884915e+01
 -1.18314212e+00 -4.12733315e-01]","[ 5.88385069e-02  5.54639502e-02 -2.85072048e+01  3.67732137e+00
 -1.31083829e+00 -1.82791501e-03]",[-0.30408015  0.15532844 10.17885174  5.0951868  -1.31071381  0.02114312],"[ 1.30084451e+00  4.26693733e-02 -3.70347320e+01  5.01764276e+01
 -1.29527738e+00  8.41408461e-02]",014
237,0,0.9247732680076356,0,"[ 3.97734945e+00  3.37623220e-01 -4.68286496e+00  2.06253904e+01
 -1.32546348e+00  5.91472071e-03]",[-1.00555306  0.08433409 18.70273748 20.80659484 -1.30865677  0.16889933],"[ -0.79799386   0.08722421 -18.1153676  -12.45595216  -1.29840569
   0.09062859]",[ 0.54290641  0.33984054  4.65245224 -0.52584613 -1.3123284   0.01413274],"[-1.60117425e+00  3.23653016e-02  4.78828084e+01  7.86687198e+01
 -1.12386061e+00 -4.89637013e-01]","[ 2.42208997e-02  5.48999505e-02 -2.87976480e+01  2.69750494e+00
 -1.31055936e+00  3.21717591e-02]",[-0.20658798  0.15562138 10.15985679  4.09890429 -1.3121116  -0.01459121],"[ 1.27458973e+00  4.03237512e-02 -3.91886217e+01  5.19494146e+01
 -1.29324141e+00  8.50033522e-02]",014
238,0,0.938187135467147,0,[ 3.77090565  0.32774642 -4.82118474 20.1802328  -1.32056436  0.08422006],[-0.95110167  0.09153117 17.26444968 18.42024696 -1.32233959  0.07860489],"[ -0.85127236   0.08170777 -19.33405897 -14.45855005  -1.2947654
   0.10515012]",[ 0.75568216  0.33896814  4.66431958 -1.52474307 -1.31109094 -0.02259196],"[-1.58360870e+00  2.27242251e-02  6.78547848e+01  1.09455427e+02
 -1.06307631e+00 -5.49709503e-01]","[-9.64231854e-03  5.30918953e-02 -2.97696722e+01  1.71295134e+00
 -1.30826423e+00  6.81568695e-02]",[-0.11022538  0.15202589 10.39777616  3.14609881 -1.31151337 -0.0546736 ],"[ 1.24973671e+00  3.81436841e-02 -4.14308120e+01  5.37776067e+01
 -1.29237902e+00  8.06245383e-02]",014
239,0,0.938187135467147,0,[ 3.57581918  0.30144945 -5.23236154 20.70997873 -1.30588972  0.16937216],"[-8.93550107e-01  9.39781982e-02  1.68236253e+01  1.70327522e+01
 -1.32470191e+00  5.49939997e-05]","[ -0.9010013    0.07583922 -20.82575404 -16.76403156  -1.29220164
   0.11708935]",[ 0.96555817  0.33014629  4.78790164 -2.62299757 -1.30834153 -0.05711934],"[-1.57117475e+00  1.55361474e-02  9.93503307e+01  1.58096731e+02
 -1.03559331e+00 -5.47196995e-01]","[ -0.0419872    0.05008383 -31.54038395   0.67570751  -1.30361081
   0.10681746]",[-0.01749811  0.14433322 10.94557415  2.19152688 -1.30772895 -0.10063308],"[ 1.22616769e+00  3.62189077e-02 -4.36366347e+01  5.55058316e+01
 -1.29274084e+00  7.29632138e-02]",014
240,0,0.9955361213848376,0,[ 3.40191333  0.26056907 -6.03003306 22.51364988 -1.27592484  0.2716486 ],[-0.83582908  0.09180032 17.21545562 16.38917846 -1.31903732 -0.07263464],"[ -0.9469903    0.06982134 -22.61548874 -19.41664848  -1.29006911
   0.12882942]",[ 1.16787806  0.31442591  5.02533567 -3.86897925 -1.3036695  -0.09002868],"[-1.56224034e+00  1.11524835e-02  1.40161536e+02  2.20966005e+02
 -1.09425692e+00 -3.77975805e-01]","[ -0.07209272   0.04597982 -34.32493499  -0.47457805  -1.29609677
   0.14959247]",[ 0.06904803  0.13257965 11.90256478  1.17815134 -1.29916492 -0.15428998],"[ 1.20373188e+00  3.45674198e-02 -4.57254767e+01  5.70412142e+01
 -1.29403145e+00  6.48251393e-02]",014
241,0,0.9955361213848376,0,[ 3.25773918  0.20779642 -7.49658559 26.4219206  -1.21282146  0.41135235],[-0.78068994  0.08548361 18.46404216 16.41469202 -1.30642382 -0.14445103],"[ -0.98915684   0.06374195 -24.76538845 -22.49685338  -1.2877451
   0.14191622]",[ 1.35884454  0.29326603  5.38522001 -5.31767679 -1.29704311 -0.12002245],"[-1.55508808e+00  9.69959751e-03  1.62784104e+02  2.55143619e+02
 -1.17089739e+00  1.02535772e-02]","[ -0.09931125   0.04092651 -38.50821805  -1.82429935  -1.28447154
   0.19930894]",[ 0.14698461  0.11710307 13.44877755  0.02323667 -1.28324044 -0.21874457],"[ 1.18228311e+00  3.31445308e-02 -4.76912539e+01  5.83845640e+01
 -1.29573682e+00  5.88633648e-02]",014
242,0,0.9955361213848376,0,"[  3.15017971   0.14664834 -10.36681248  34.65732228  -1.0542685
   0.63256826]",[-0.73052406  0.07575396 20.78690561 17.18533477 -1.28563629 -0.22147113],"[ -1.02746058   0.05762578 -27.38341226 -26.13537666  -1.28490981
   0.15771426]",[ 1.5357117   0.26855667  5.87763362 -7.0263507  -1.28938794 -0.14486016],"[-1.54810068e+00  1.09165404e-02  1.43578430e+02  2.24273865e+02
 -1.14989929e+00  3.31667582e-01]","[-1.23092083e-01  3.50969122e-02 -4.47983701e+01 -3.51432469e+00
 -1.26569951e+00  2.60876711e-01]",[ 0.21417932  0.09854353 15.92484792 -1.41077304 -1.2547653  -0.29986319],"[ 1.16170873e+00  3.18674397e-02 -4.96034656e+01  5.96247790e+01
 -1.29732997e+00  5.66895618e-02]",014
243,0,0.9955361213848376,0,"[  3.0841881    0.08300916 -16.28476565  52.22528047  -0.58861671
   0.97291358]",[-0.68724583  0.06345836 24.71180048 18.98308174 -1.25132082 -0.31282388],"[ -1.06184622   0.05143309 -30.66212816 -30.5584649   -1.28150445
   0.17940093]",[ 1.69685992  0.24229974  6.51162618 -9.04931748 -1.2825259  -0.16336238],"[-1.53990970e+00  1.41154607e-02  1.10408041e+02  1.72018413e+02
 -1.14869976e+00  4.23378937e-01]","[-1.42999452e-01  2.86870388e-02 -5.45765853e+01 -5.80442178e+00
 -1.23283654e+00  3.42689771e-01]",[ 0.26896625  0.07780863 20.03110126 -3.38769015 -1.20168329 -0.40924954],"[ 1.14194557e+00  3.06432553e-02 -5.15841116e+01  6.09062475e+01
 -1.29847949e+00  5.87277295e-02]",014
244,0,0.9955361213848376,0,[ 3.06260071  0.04375109  1.59357872 -2.88049531 -1.71237682  0.25489138],[-0.65223861  0.04948604 31.43245739 22.50146243 -1.1885911  -0.43460511],"[ -1.09217862   0.04501831 -34.9905551  -36.21593625  -1.27619896
   0.21474262]","[  1.84164868   0.21606393   7.29943882 -11.44300188  -1.27789265
  -0.17777959]","[-1.52950125e+00  1.85538762e-02  8.41370823e+01  1.30687772e+02
 -1.18980024e+00  3.93627978e-01]","[-1.58729572e-01  2.19271919e-02 -7.07945377e+01 -9.23718665e+00
 -1.16898373e+00  4.60412152e-01]",[ 0.31028621  0.05604178 27.38787256 -6.49807917 -1.09119624 -0.57146719],"[ 1.12298304e+00  2.93891031e-02 -5.37821970e+01  6.23964952e+01
 -1.29908105e+00  6.47376685e-02]",014
245,0,0.9955361213848376,0,"[  3.0860143    0.08515243  16.13831545 -47.80307229  -0.63957592
   0.9476472 ]","[-6.26351227e-01  3.47524137e-02  4.38856937e+01  2.94878581e+01
 -1.05263456e+00 -6.20117394e-01]","[-1.11817166e+00  3.81005962e-02 -4.12308760e+01 -4.41031970e+01
 -1.26263434e+00  2.78869828e-01]","[  1.97003416   0.19049023   8.27504219 -14.30211577  -1.27507668
  -0.19502907]","[-1.51627970e+00  2.35295442e-02  6.66182961e+01  1.03011970e+02
 -1.23816578e+00  3.23186846e-01]","[-1.70130835e-01  1.51070098e-02 -1.00609585e+02 -1.51167928e+01
 -1.02552408e+00  6.46786299e-01]","[ 3.37789381e-01  3.46832620e-02  4.22209324e+01 -1.22617826e+01
 -8.17386922e-01 -8.36443199e-01]","[ 1.10485556e+00  2.80425262e-02 -5.63587872e+01  6.42683197e+01
 -1.29902709e+00  7.42364288e-02]",014
246,0,0.9955361213848376,0,"[  3.15274542   0.14662997  10.40844801 -30.81518683  -1.08420838
   0.60279842]","[-6.09921588e-01  2.03463482e-02  6.96803563e+01  4.44995536e+01
 -6.89574839e-01 -9.25817028e-01]","[-1.13931770e+00  3.03005853e-02 -5.14501192e+01 -5.66180317e+01
 -1.21901192e+00  4.00652812e-01]","[  2.0820032    0.16510095   9.53679036 -17.85562803  -1.27108314
  -0.2269048 ]","[-1.50008827e+00  2.83546540e-02  5.54901971e+01  8.52401940e+01
 -1.27727101e+00  2.42821740e-01]","[-1.77227735e-01  8.65343885e-03 -1.62362164e+02 -2.67750786e+01
 -6.45310398e-01  9.53234370e-01]","[ 3.51894426e-01  1.63265691e-02  6.60120802e+01 -2.12292831e+01
 -3.75769663e-01 -1.01745638e+00]","[ 1.08762672e+00  2.65683596e-02 -5.94766578e+01  6.66884023e+01
 -1.29804393e+00  8.63088385e-02]",014
247,0,0.9216071399737584,0,"[  3.25891437   0.20365318   7.66380966 -22.97569946  -1.23093048
   0.38398594]","[-6.02811094e-01  9.16915967e-03  6.71759216e+01  4.24943908e+01
 -1.05283008e+00 -5.90092601e-01]","[-1.15483484e+00  2.13045945e-02 -7.11164077e+01 -8.01277050e+01
 -1.05794869e+00  6.41537005e-01]","[  2.17697243   0.13850075  11.33528326 -22.67659915  -1.25772163
  -0.29158967]","[-1.48118669e+00  3.24004812e-02  4.86911989e+01  7.41207557e+01
 -1.30365048e+00  1.62947613e-01]","[-1.80244203e-01  3.81917729e-03 -1.48329618e+02 -2.47355539e+01
 -1.10723820e+00  5.67718341e-01]","[ 3.53791727e-01  1.24808866e-02 -7.44629287e+01  2.83443681e+01
 -7.53620145e-01 -7.07282792e-01]","[ 1.07136930e+00  2.49653148e-02 -6.32835400e+01  6.98000418e+01
 -1.29596620e+00  9.92895066e-02]",014
248,0,0.9216071399737584,0,"[  3.39871113   0.25091575   6.26909325 -19.30683699  -1.28662855
   0.24581531]","[-6.04448633e-01  1.23919922e-02 -1.01389190e+02 -5.92845574e+01
 -5.38026130e-01 -9.54918278e-01]","[-1.16366581e+00  1.16494833e-02 -1.05106072e+02 -1.20308343e+02
 -5.44161698e-01  9.30158936e-01]","[  2.25337531   0.10893068  14.2894518  -30.19949782  -1.20915396
  -0.42023197]","[-1.46019300e+00  3.51634029e-02  4.49357991e+01  6.76149391e+01
 -1.31866616e+00  8.62156079e-02]","[-1.79617924e-01  5.03841285e-03  2.54411819e+02  4.76969228e+01
 -6.13664533e-01  9.11838542e-01]","[ 3.45380387e-01  2.34628669e-02 -6.36934799e+01  2.39984788e+01
 -1.03889734e+00 -6.83530312e-01]","[ 1.05614599e+00  2.32671306e-02 -6.78889793e+01  7.37006735e+01
 -1.29313762e+00  1.11105657e-01]",014
249,0,0.9216071399737584,0,"[  3.56484018   0.28587351   5.52069074 -17.68038017  -1.30998745
   0.14731824]","[-6.13884994e-01  2.23578712e-02 -6.78558315e+01 -3.96556767e+01
 -1.07267668e+00 -6.30632147e-01]","[-1.16455426e+00  9.87405792e-03  7.42768844e+01  8.84994619e+01
 -8.04630667e-01  7.37058408e-01]","[  2.30858011   0.07523713  20.02514902 -44.22966075  -1.02570381
  -0.67427265]","[-1.43800070e+00  3.63012490e-02  4.35532340e+01  6.46295808e+01
 -1.32477413e+00  1.11522919e-02]","[-1.75994915e-01  8.60611600e-03  1.77904234e+02  3.33102405e+01
 -1.16620320e+00  5.48941355e-01]","[ 3.29135933e-01  3.29308311e-02 -4.74881043e+01  1.76300415e+01
 -1.29457308e+00 -3.36178581e-01]","[ 1.04199448e+00  2.15319977e-02 -7.33475516e+01  7.84277436e+01
 -1.29030941e+00  1.20196108e-01]",014
250,0,0.9216071399737584,0,"[  3.74903971   0.30728102   5.14330303 -17.28244726  -1.31920534
   0.06967819]","[-6.29851926e-01  3.11610564e-02 -5.01259981e+01 -2.95719564e+01
 -1.25155690e+00 -3.67533398e-01]","[-1.15618957e+00  2.26978790e-02  6.25194956e+01  7.42843890e+01
 -6.63897630e-01  9.41888006e-01]","[ 2.33912179e+00  4.00919118e-02  2.92395934e+01 -6.63949701e+01
 -5.19842248e-01 -9.26349239e-01]","[-1.41568660e+00  3.56242791e-02  4.43645420e+01  6.48062878e+01
 -1.32328646e+00 -6.71418105e-02]","[-1.70195232e-01  1.11864707e-02  1.40481958e+02  2.59093594e+01
 -1.32755172e+00  2.49940461e-01]","[ 3.07910919e-01  3.81368136e-02 -4.14004982e+01  1.47476655e+01
 -1.35429465e+00 -1.10676812e-01]","[ 1.02891936e+00  1.98227845e-02 -7.96627349e+01  8.39665304e+01
 -1.28811006e+00  1.26138637e-01]",014
251,0,0.9216071399737584,0,"[ 3.94253798e+00  3.14730260e-01  5.02358632e+00 -1.78056799e+01
 -1.32142173e+00  1.98200720e-03]","[-6.50822342e-01  3.76216027e-02 -4.18742370e+01 -2.52526890e+01
 -1.31000700e+00 -2.03566768e-01]","[-1.13739273e+00  3.95159384e-02  3.84511681e+01  4.57340789e+01
 -1.01384211e+00  6.53263846e-01]","[ 2.34115830e+00  3.59855730e-02 -2.29361272e+01  5.56971044e+01
 -6.79352198e-01 -8.02369683e-01]","[-1.39442523e+00  3.30617323e-02  4.77215120e+01  6.85440803e+01
 -1.31220887e+00 -1.57523646e-01]","[-1.63146910e-01  1.23205903e-02  1.28268233e+02  2.29265659e+01
 -1.36062173e+00  4.28662408e-02]","[ 2.84680848e-01  3.87567241e-02 -4.07697321e+01  1.36063619e+01
 -1.35277755e+00  6.62895016e-02]","[ 1.01689257e+00  1.81892654e-02 -8.68112122e+01  9.02776767e+01
 -1.28670908e+00  1.29452413e-01]",014
252,0,0.9216071399737584,0,"[  4.13637334   0.30822689   5.12781097 -19.2105406   -1.31908181
  -0.06475742]","[ -0.67507431   0.04133086 -38.22994282 -23.80805235  -1.33109835
  -0.08180651]",[-1.10731907  0.05778164 26.83349059 31.71323592 -1.15647361  0.47529442],"[  2.31105957   0.08028899 -17.88241299  43.32732164  -0.72614696
  -0.90172669]","[-1.37541690e+00  2.86411433e-02  5.48429633e+01  7.74319387e+01
 -1.28199061e+00 -2.75467621e-01]","[-1.55794286e-01  1.19959802e-02  1.31573909e+02  2.24984632e+01
 -1.34255880e+00 -1.31663223e-01]","[ 2.62263694e-01  3.51829948e-02 -4.47115103e+01  1.37262059e+01
 -1.31197374e+00  2.36832916e-01]","[ 1.00586076e+00  1.66612742e-02 -9.47697569e+01  9.73251796e+01
 -1.28593017e+00  1.30925537e-01]",014
253,0,0.9216071399737584,0,"[  4.32161255   0.28793865   5.48210771 -21.69154549  -1.31068187
  -0.13980445]","[-7.00765315e-01  4.21046197e-02 -3.75464875e+01 -2.43112761e+01
 -1.33463046e+00  2.55822708e-02]",[-1.06565385  0.0762291  20.52296146 23.8703729  -1.22763983  0.35505382],"[  2.2460046    0.13552345 -11.26461885  27.30038578  -1.05151884
  -0.61606752]","[-1.35982700e+00  2.25052200e-02  6.89523705e+01  9.57632952e+01
 -1.20050945e+00 -4.51922122e-01]","[-1.48995794e-01  1.04216244e-02  1.50430374e+02  2.44134929e+01
 -1.28194100e+00 -3.07938835e-01]","[ 2.43052231e-01  2.82984465e-02 -5.49091357e+01  1.53457879e+01
 -1.21418125e+00  4.35580987e-01]","[ 9.95756209e-01  1.52509085e-02 -1.03533131e+02  1.05093758e+02
 -1.28559796e+00  1.31263444e-01]",014
254,0,0.8216097072992863,0,"[  4.48040822   0.24165686   6.46147748 -26.9500568   -1.30251701
  -0.34399093]","[-7.28032441e-01  4.30702867e-02 -3.66947671e+01 -2.47149808e+01
 -1.24250586e+00 -2.94832028e-02]",[-0.93584019  0.2509563   5.38988101  7.04406729 -0.03253279  1.29157665],[ 1.89654327  0.71912079 -1.78003326  5.37591011  0.12098199 -1.40660024],"[ -1.37020579   0.0434025  -16.68346996 -20.85978721  -0.21956774
  -1.16838105]","[-1.45619726e-01  6.65143235e-03  1.53819052e+02  2.43990882e+01
 -9.74837392e-01 -2.31212570e-01]",[ 0.23967837  0.0227279  -3.57530018  2.85692211 -1.59364613  0.07992312],"[ 9.81264400e-01  2.35216105e-02 -6.35224719e+01  6.43323403e+01
 -5.51765509e-01 -8.23410146e-01]",014
255,0,0.8216097072992863,0,"[  4.57319675   0.15376783   8.0384304  -34.76132375  -0.87806289
  -0.60248568]","[-7.46668121e-01  3.24807309e-02 -4.41754660e+01 -3.09844122e+01
 -1.19443121e+00  3.29243965e-01]",[-0.80141971  0.30266985  4.86790123  5.90123197 -1.77807055  0.36142894],[ 1.49980104  0.92587772 -1.57381419  4.36040815 -1.75379479 -0.41309291],"[ -1.39284881   0.06741649 -19.84436902 -25.64020582  -1.52513006
  -0.51749053]","[-1.44351248e-01  4.72303429e-03 -8.25207845e+01 -9.91197819e+00
 -1.24677748e+00  5.87931866e-01]","[ 2.43388304e-01  2.75651211e-02  4.07200591e+01 -7.91078612e+00
 -1.61829652e+00  1.97023043e-01]","[ 9.68577404e-01  2.46455526e-02 -6.13733958e+01  6.14448844e+01
 -1.72052576e+00 -2.20366010e-01]",014
256,0,0.8120460644593497,0,[ 4.5955447   0.11429551 -3.57254593 18.41779451 -1.35985859 -0.07500274],"[-7.55344729e-01  2.11186386e-02 -2.58087148e+01 -1.74944767e+01
 -1.09926105e+00 -1.09161589e-01]",[-0.66794582  0.29757445  4.90664927  5.27737589 -1.77647533 -0.39163884],[ 1.06580934  0.97380365 -1.53332575  3.63423291 -1.76064093  0.31188212],"[ -1.42791165   0.08598271 -17.69312407 -23.26421807  -1.61327312
   0.04212004]","[-1.44754770e-01  5.13179375e-03 -2.59429600e+02 -3.55536720e+01
 -1.32938679e+00  4.98224515e-01]","[ 2.52463783e-01  3.21836746e-02  4.45494086e+01 -9.24711221e+00
 -1.73422502e+00 -3.39164453e-01]","[ 9.57796589e-01  2.18854661e-02 -6.53940051e+01  6.46341550e+01
 -1.71005073e+00  4.58828285e-01]",014
257,0,0.8120460644593497,0,[ 4.54578926  0.18808317 -7.65745611 36.80918175 -1.08442308 -0.57334348],"[-7.53305474e-01  2.45787398e-02  4.51203580e+01  3.59894126e+01
 -9.30453697e-01  2.47558914e-01]",[-0.54115433  0.23710163  5.4606159   4.95503593  0.09164464 -1.38640867],[ 0.60593031  0.84970147 -1.67314585  3.01380979 -0.24509788  1.11814014],"[ -1.47499556   0.09219034 -16.77257133 -22.73946817  -0.8746452
   0.49642593]","[-1.46156954e-01  4.98208234e-03 -2.53502745e+02 -3.50511892e+01
 -1.26097258e-02  1.32148427e+00]","[ 2.64490065e-01  2.91096426e-02  4.52106490e+01 -9.95776749e+00
 -7.43471372e-03 -1.32655538e+00]","[ 9.49054995e-01  1.58315846e-02 -7.28608204e+01  7.11489255e+01
  2.33333523e-01  1.48781927e+00]",014
258,0,0.8120460644593497,0,[ 4.42504677  0.26831102 -5.86896017 27.97042323 -1.28319588 -0.22173531],"[-7.40366816e-01  3.80277239e-02  4.13494441e+01  3.26137563e+01
 -1.27602423e+00  2.56543186e-01]",[-0.42652219  0.04786435 31.32539952 15.36097796 -0.96273277 -0.72014728],[ 0.13197749  0.37797301 -4.17910904  2.55154833 -1.29947034  0.11007082],"[ -1.53313886   0.07279959 -21.70638309 -31.27889945  -1.31365473
  -0.08250001]","[-1.47733748e-01  1.74062328e-03  2.03909365e+02  3.21242948e+01
 -1.41569012e+00  4.11090366e-01]","[ 2.76597726e-01  6.62199941e-03  1.16939356e+02 -3.03451598e+01
 -9.85170771e-01 -5.61948303e-01]","[ 9.42504937e-01  1.47234460e-03  3.25370032e+02 -3.04662861e+02
 -1.30855322e+00  4.51771595e-01]",014
259,0,0.8120460644593497,0,[ 4.24621446  0.30456379 -5.18092071 23.99930044 -1.29724107 -0.15744243],[-0.71486596  0.04393542 35.89548623 27.66046119 -1.29614618  0.1760595 ],"[-4.05762491e-01  2.50869428e-02  5.04413762e+01  2.24672185e+01
 -4.36653692e-01 -1.03882284e+00]",[-0.0966911   0.34853881 -4.52986028  1.56200283 -1.2911161   0.13492744],"[-1.57937306e+00  7.54304823e-02 -2.09598501e+01 -3.11034226e+01
 -1.31817216e+00 -2.48307997e-02]","[-1.46408778e-01  3.98922095e-03  3.44343069e+02  5.24148478e+01
 -5.59957089e-01  1.00219455e+00]","[ 2.74825992e-01  1.01830939e-02 -1.13416754e+02  3.31698720e+01
 -3.35067709e-01 -1.06767591e+00]","[ 9.43548201e-01  3.16564953e-03  4.45974694e+02 -4.18798620e+02
 -6.91918918e-01  9.23469690e-01]",014
260,0,0.8306241248802391,0,[ 4.04675297  0.33286819 -4.74547666 21.2037718  -1.30449534 -0.10823483],[-0.6860115   0.04846935 32.5843257  24.35322218 -1.30504684  0.11737288],"[-4.00205729e-01  1.43369491e-02 -3.10817235e+01 -1.04390838e+01
 -1.43205229e+00 -3.59770839e-01]",[-0.30672493  0.31695257 -4.97958552  0.47263696 -1.28445264  0.1502228 ],"[-1.62638134e+00  7.52666049e-02 -2.10048533e+01 -3.21619016e+01
 -1.31770310e+00  3.15488321e-02]","[-1.43055607e-01  7.25706061e-03  2.08105859e+02  3.17707101e+01
 -9.78548404e-01  6.91589077e-01]","[ 2.65833037e-01  2.14085966e-02 -6.86801612e+01  2.02574558e+01
 -8.22443483e-01 -8.28658732e-01]","[ 9.46081970e-01  5.39678691e-03  2.82885738e+02 -2.65633096e+02
 -1.06333428e+00  6.10607836e-01]",014
261,0,0.8348131585427551,0,[ 3.83186223  0.35298462 -4.47764946 19.15773586 -1.30865516 -0.06732691],[-0.65467536  0.05164733 30.60093009 22.03367507 -1.30889719  0.07194218],"[-4.08633043e-01  2.77569250e-02 -5.17942652e+01 -1.91648482e+01
 -8.43767770e-01 -8.27042564e-01]",[-0.4974385   0.28594392 -5.51869931 -0.74521352 -1.28027903  0.15699135],"[ -1.67244429   0.07235902 -21.83696403 -34.5211059   -1.31218501
   0.08794584]","[-1.37464500e-01  1.08683789e-02  1.42340758e+02  2.15668011e+01
 -1.13709356e+00  5.00527057e-01]","[ 2.48622168e-01  3.47898505e-02 -4.40579867e+01  1.29537921e+01
 -1.06892150e+00 -5.87976336e-01]","[ 9.50099283e-01  7.66683780e-03  2.02959595e+02 -1.90831766e+02
 -1.18735544e+00  4.31009286e-01]",014
262,0,0.8348131585427551,0,[ 3.60693386  0.36459224 -4.33636666 17.64098772 -1.31127528 -0.02986228],[-0.62171071  0.05352211 29.53867712 20.36451179 -1.31046693  0.03420831],"[ -0.4288846    0.04308421 -35.93946401 -13.41388282  -1.21014894
  -0.46482153]",[-0.66958428  0.25730207 -6.1330938  -2.10662321 -1.27833669  0.15665494],"[ -1.7159542    0.06700078 -23.55781993 -38.42414006  -1.30129447
   0.14511999]","[-1.29507459e-01  1.46487179e-02  1.06601288e+02  1.58056619e+01
 -1.20510646e+00  3.85490158e-01]","[  0.22247605   0.04928138 -31.5496411    9.01903942  -1.17173611
  -0.44411236]","[ 9.55573132e-01  9.90118704e-03  1.58267918e+02 -1.49236570e+02
 -1.23500981e+00  3.28456800e-01]",014
263,0,0.9720325247583788,0,"[ 3.37756939e+00  3.67257896e-01 -4.30517641e+00  1.65410321e+01
 -1.31243630e+00  7.56473917e-03]","[-5.87935487e-01  5.41510069e-02  2.91984066e+01  1.91667794e+01
 -1.31066346e+00  3.86060845e-04]","[ -0.45810597   0.05432422 -28.95397858 -11.26399033  -1.31173619
  -0.2390974 ]",[-0.82486401  0.23202508 -6.80237711 -3.61103605 -1.27803974  0.1499042 ],"[ -1.75555713   0.05970863 -26.39122996 -44.33131183  -1.28455185
   0.20334042]","[-1.19111306e-01  1.85199641e-02  8.46982996e+01  1.20885251e+01
 -1.23874283e+00  3.11106995e-01]","[  0.18694862   0.06433994 -24.32652989   6.54781121  -1.2232864
  -0.34954835]","[ 9.62475847e-01  1.21053281e-02  1.29856684e+02 -1.22983922e+02
 -1.25553491e+00  2.67279721e-01]",014
264,0,0.9720325247583788,0,[ 3.14950375  0.36068164 -4.38292444 15.80403696 -1.31127906  0.04649099],[-0.5541187   0.05360185 29.49524437 18.34386639 -1.30932976 -0.03141419],"[ -0.49301658   0.06039167 -26.16162751 -10.89811608  -1.34062375
  -0.08218771]",[-0.96548389  0.21057752 -7.49741553 -5.23863392 -1.2792279   0.13703714],"[-1.79027848e+00  5.11766201e-02 -3.07226701e+01 -5.30021350e+01
 -1.26149902e+00  2.61827518e-01]","[-1.06234374e-01  2.24459537e-02  7.00557520e+01  9.44232894e+00
 -1.25735466e+00  2.60044554e-01]","[  0.14185741   0.0795109  -19.75679632   4.80264797  -1.25262181
  -0.28171024]","[ 9.70797034e-01  1.43193972e-02  1.09949250e+02 -1.04738406e+02
 -1.26521812e+00  2.29925063e-01]",014
265,0,0.9720325247583788,0,[ 2.9283533   0.34513787 -4.57836483 15.40706976 -1.3068639   0.08634135],[-0.52095901  0.05198715 30.4047049  17.83960499 -1.30615686 -0.06111869],"[ -0.53016677   0.06106722 -25.8821374  -11.7218492   -1.34083074
   0.05011071]",[-1.09379191  0.1930063  -8.18284176 -6.9503261  -1.28204464  0.11984585],"[-1.81961394e+00  4.22082362e-02 -3.71529997e+01 -6.56041161e+01
 -1.23269436e+00  3.17338092e-01]","[-9.08525127e-02  2.64075349e-02  5.96345554e+01  7.41794920e+00
 -1.26885188e+00  2.22941064e-01]","[  0.08728212   0.09436839 -16.68319826   3.45614496  -1.27094803
  -0.22962475]","[ 9.80554299e-01  1.65942254e-02  9.49571495e+01 -9.11106412e+01
 -1.27046502e+00  2.06413793e-01]",014
266,0,0.9720325247583788,0,[ 2.71919623  0.32182872 -4.90675626 15.34243312 -1.29907697  0.12491457],[-0.48905771  0.04948776 31.93030079 17.61575983 -1.30153775 -0.08760887],"[ -0.5661715    0.05658636 -27.85703891 -13.77186156  -1.31875184
   0.18420567]",[-1.21197713  0.1788913  -8.83112418 -8.70312051 -1.28627876  0.10293103],"[-1.84356631e+00  3.36280616e-02 -4.65194904e+01 -8.37617651e+01
 -1.20197692e+00  3.61944640e-01]","[-7.29565283e-02  3.03821670e-02  5.18841529e+01  5.78528767e+00
 -1.27695078e+00  1.94046146e-01]","[  0.02357748   0.10847616 -14.53470633   2.34269174  -1.2836137
  -0.18684406]","[ 9.91792888e-01  1.89716909e-02  8.31008654e+01 -8.04188473e+01
 -1.27425706e+00  1.90240669e-01]",014
267,0,0.9720325247583788,0,[ 2.5260964   0.29287429 -5.38762113 15.60965036 -1.28900017  0.15946969],[-0.45889753  0.04633164 34.09311957 17.64524821 -1.29658857 -0.11045166],"[ -0.59792129   0.04756457 -32.8861793  -17.66334667  -1.26063914
   0.34668763]","[ -1.32178314   0.16727878  -9.44564743 -10.48509755  -1.29129179
   0.09289792]","[-1.86261784e+00  2.61786527e-02 -5.97000979e+01 -1.09198467e+02
 -1.17907108e+00  3.80061723e-01]","[-5.25610992e-02  3.43246676e-02  4.59580951e+01  4.41560799e+00
 -1.28356056e+00  1.69405300e-01]","[ -0.04859116   0.12132809 -13.00858861   1.3678976   -1.29345422
  -0.14870802]","[ 1.00457490e+00  2.14689303e-02  7.34637752e+01 -7.17998646e+01
 -1.27805137e+00  1.76832443e-01]",014
268,0,0.6211601770307636,0,[ 2.35171944  0.26092404 -6.04262648 16.21056213 -1.27838389  0.1876803 ],[-0.430836    0.04273808 36.94512314 17.91728906 -1.29210487 -0.13100183],"[-6.22774561e-01  3.50154694e-02 -4.36779845e+01 -2.52015376e+01
 -1.10891931e+00  5.82183049e-01]","[ -1.42421534   0.15672176 -10.08128478 -12.35792046  -1.29630156
   0.09672432]","[-1.87764354e+00  2.04270831e-02 -7.66750294e+01 -1.41968373e+02
 -1.17858601e+00  3.45948069e-01]","[-2.97229532e-02  3.81523253e-02  4.13716596e+01  3.22968790e+00
 -1.28956969e+00  1.46220043e-01]","[ -0.12819233   0.1322981  -11.93920644   0.46948534  -1.30169787
  -0.11164972]","[ 1.01896219e+00  2.40689326e-02  6.55521509e+01 -6.47951631e+01
 -1.28228454e+00  1.63270384e-01]",014
269,0,0.8324452088690081,0,[ 2.19714451  0.22864027 -6.89156806 17.14177089 -1.26880202  0.20755444],"[-4.05113106e-01  3.88745190e-02  4.05979682e+01  1.84467690e+01
 -1.28767588e+00 -1.51550728e-01]","[-6.38727518e-01  2.06448338e-02 -6.68288471e+01 -4.06854236e+01
 -6.58112626e-01  9.37844087e-01]","[ -1.51928133   0.14542456 -10.85953635 -14.49869088  -1.29985843
   0.12140548]","[-1.88978193e+00  1.67139083e-02 -9.41923681e+01 -1.76003035e+02
 -1.20600801e+00  2.31663113e-01]","[-4.56257499e-03  4.17417752e-02  3.78331372e+01  2.17261653e+00
 -1.29511712e+00  1.22795969e-01]","[ -0.21377444   0.14065125 -11.23653591  -0.40208416  -1.30839041
  -0.07330522]","[ 1.03499722e+00  2.67206878e-02  5.90688217e+01 -5.91360664e+01
 -1.28676214e+00  1.48251854e-01]",014
270,1,0.61676545272634,1,[ 2.06190555  0.19833342 -7.94241752 18.37651475 -1.26155697  0.21630471],"[-3.81865750e-01  3.48639450e-02  4.52426589e+01  1.92766219e+01
 -1.28213037e+00 -1.73108974e-01]","[-6.44542233e-01  1.04914579e-02 -1.17989471e+01 -5.60491972e+00
 -1.68933320e+00  2.62421659e-01]","[ -1.60582184   0.13143673 -11.99874882 -17.26785286  -1.29800792
   0.17572537]","[-1.90028534e+00  1.51393650e-02 -1.04387071e+02 -1.96365221e+02
 -1.23561894e+00  4.68715696e-02]","[ 2.27178551e-02  4.49420105e-02  3.51542137e+01  1.20137167e+00
 -1.29991126e+00  9.85440209e-02]","[ -0.30344374   0.14563703 -10.85560425  -1.2940651   -1.31296507
  -0.0325061 ]","[ 1.05268507e+00  2.93471625e-02  5.38023799e+01 -5.46369621e+01
 -1.29116579e+00  1.31590724e-01]",014
271,1,0.6377693616867857,1,[ 1.94422836  0.17182466 -9.16998233 19.82853969 -1.25820277  0.20968835],"[-3.61136683e-01  3.08319771e-02  5.11282019e+01  2.04642692e+01
 -1.27486238e+00 -1.93737117e-01]","[-6.39810198e-01  1.91461018e-02  7.03926386e+01  4.70379280e+01
 -6.04925871e-01  9.59750962e-01]","[ -1.6814724    0.11290705 -13.91286688 -21.39410169  -1.27915467
   0.27508604]","[-1.91037298e+00  1.55458666e-02 -1.01557553e+02 -1.92012805e+02
 -1.24027390e+00 -1.30250594e-01]",[ 0.05182585  0.04759886 33.2033784   0.27920659 -1.30364244  0.0736582 ],"[ -0.39490114   0.14663158 -10.782754    -2.25812182  -1.31476707
   0.01118868]","[ 1.07197776e+00  3.18532217e-02  4.95871396e+01 -5.11563110e+01
 -1.29540544e+00  1.13358446e-01]",014
272,1,0.6777733692126784,1,"[  1.84138254   0.15040392 -10.48457047  21.30610501  -1.26015183
   0.18373374]","[-3.42868844e-01  2.69465614e-02  5.84733685e+01  2.20486963e+01
 -1.26687786e+00 -2.08396277e-01]","[-6.24940394e-01  3.32991240e-02  4.57802921e+01  3.06099538e+01
 -1.08816300e+00  6.05791918e-01]","[ -1.7427879    0.08848154 -17.53087101 -28.55258996  -1.20425801
   0.45350846]","[-1.92110389e+00  1.75371658e-02 -8.97843422e+01 -1.70485049e+02
 -1.23839540e+00 -2.29570456e-01]",[ 0.08238133  0.04957827 31.88557659 -0.6267763  -1.3062408   0.04852413],"[ -0.48555242   0.14326967 -11.03284641  -3.35702529  -1.31319645
   0.05813403]","[ 1.09276024e+00  3.41262264e-02  4.62997112e+01 -4.85944837e+01
 -1.29961767e+00  9.32000961e-02]",014
273,1,0.8584644564669782,1,"[  1.75008241   0.13473804 -11.71685505  22.50546198  -1.26705371
   0.13910735]","[-3.26892437e-01  2.34142610e-02  6.72918653e+01  2.39972018e+01
 -1.26087261e+00 -2.10215598e-01]",[-0.60107923  0.0459848  33.97240387 22.4201065  -1.24687494  0.36748497],"[ -1.78552433   0.05818256 -25.18556445 -42.96943809  -0.91147963
   0.77895295]","[-1.93327597e+00  2.05709800e-02 -7.64771659e+01 -1.45851467e+02
 -1.25054394e+00 -2.50505206e-01]","[ 1.13928042e-01  5.07761589e-02  3.11378689e+01 -1.54747644e+00
 -1.30787096e+00  2.31693086e-02]","[ -0.57268419   0.13552429 -11.65530389  -4.67480832  -1.30752424
   0.10904868]","[ 1.11483634e+00  3.60303332e-02  4.38660034e+01 -4.69034145e+01
 -1.30389117e+00  7.01928775e-02]",014
274,1,0.9186963670528244,1,"[  1.66693649   0.12470748 -12.67122046  23.12211973  -1.27661853
   0.08544675]","[-3.12927651e-01  2.04293337e-02  7.71653394e+01  2.61471684e+01
 -1.26008471e+00 -1.93917347e-01]",[-0.56998582  0.0556859  28.2814992  18.12005346 -1.30456707  0.21327448],"[-1.80500484e+00  2.96057037e-02 -2.38085062e+01 -4.09744689e+01
 -1.05894294e+00  5.37129339e-01]","[-1.94735136e+00  2.40333750e-02 -6.55269591e+01 -1.25604013e+02
 -1.27368795e+00 -2.21650880e-01]","[ 1.45948192e-01  5.11136818e-02  3.09335413e+01 -2.51469443e+00
 -1.30872446e+00 -2.98839824e-03]","[ -0.65367561   0.123726   -12.75062154  -6.33477026  -1.29660969
   0.16528784]","[ 1.13791525e+00  3.74040912e-02  4.22651624e+01 -4.60941727e+01
 -1.30797549e+00  4.31929365e-02]",014
275,1,0.9186963670528244,1,"[  1.58897173   0.11924629 -13.25755482  23.06587979  -1.28742107
   0.04084932]","[-3.00625428e-01  1.80920858e-02  8.72112118e+01  2.82179078e+01
 -1.26625707e+00 -1.62605019e-01]",[-0.53389064  0.06164774 25.62559884 15.68126729 -1.32784134  0.09600189],"[-1.79648510e+00  4.66544783e-02  2.54675683e+01  4.77521071e+01
 -3.47798468e-01  1.06937969e+00]","[-1.96341077e+00  2.72800932e-02 -5.78277002e+01 -1.11539529e+02
 -1.29821309e+00 -1.65838157e-01]","[ 1.77876109e-01  5.05277369e-02  3.12898281e+01 -3.56571287e+00
 -1.30876400e+00 -3.10321300e-02]","[ -0.72620753   0.10853135 -14.50544266  -8.53396176  -1.2784798
   0.22926253]","[ 1.16160280e+00  3.80716781e-02  4.15296905e+01 -4.62410049e+01
 -1.31119398e+00  1.12965174e-02]",014
276,1,0.9187668720140588,1,"[  1.51421324   0.11627929 -13.59708082  22.58887974  -1.30037629
   0.025033  ]","[-2.89650467e-01  1.63267274e-02  9.67058052e+01  3.00108817e+01
 -1.27846343e+00 -1.34038908e-01]","[-4.95356046e-01  6.34162770e-02  2.49298654e+01  1.43491595e+01
 -1.33465375e+00 -9.19130441e-03]",[-1.75548472  0.09651959 15.29607083 28.85201866 -0.8422058   0.81212935],"[-1.98114445e+00  2.96920090e-02 -5.32090261e+01 -1.03414767e+02
 -1.31759163e+00 -9.52327285e-02]",[ 0.20911048  0.04896845 32.27855064 -4.74978321 -1.30760931 -0.06226892],"[ -0.78843663   0.0908485  -17.2694784  -11.61588927  -1.24931743
   0.30546224]","[ 1.18540391e+00  3.78698810e-02  4.17489870e+01 -4.74894125e+01
 -1.31258375e+00 -2.59687238e-02]",014
277,1,0.97396767513756,1,"[  1.44223986   0.1128424  -14.00833824  22.20338373  -1.31508269
   0.05305918]","[-2.79787019e-01  1.48464054e-02  1.06339218e+02  3.17523329e+01
 -1.29313489e+00 -1.36735011e-01]",[-0.45713982  0.06076551 25.98595942 13.87921676 -1.32721917 -0.11956095],[-1.67810449  0.15554905  9.86314773 18.55139246 -1.07351688  0.58080571],"[-1.99988787e+00  3.07492816e-02 -5.14157918e+01 -1.00825818e+02
 -1.32831513e+00 -1.44885827e-02]",[ 0.23902827  0.04640841 34.04327437 -6.13730489 -1.30454676 -0.09806915],"[ -0.83911245   0.07173346 -21.74045529 -16.24268674  -1.20054772
   0.40283051]","[ 1.20874120e+00  3.66822055e-02  4.30863733e+01 -5.00802745e+01
 -1.31109125e+00 -6.88615827e-02]",014
278,1,0.97396767513756,1,"[  1.37460184   0.10545504 -14.96774315  22.57468727  -1.32338369
   0.13777337]","[-2.71033228e-01  1.32092383e-02  1.19296357e+02  3.43332766e+01
 -1.30008480e+00 -1.98868800e-01]",[-0.42204682  0.05373896 29.25623247 14.34749994 -1.29671757 -0.25343552],[-1.56138982  0.21945308  7.08695109 13.06549331 -1.17408059  0.44054043],"[-2.01870565e+00  3.01054208e-02 -5.24898774e+01 -1.03961612e+02
 -1.32749908e+00  7.65980857e-02]",[ 0.2670062   0.04286166 36.83043714 -7.83395506 -1.29844837 -0.13986515],"[ -0.87763202   0.05229237 -29.46481006 -23.85926091  -1.10960351
   0.540228  ]","[ 1.23099024e+00  3.44665406e-02  4.58218159e+01 -5.44062083e+01
 -1.30559632e+00 -1.17958944e-01]",014
279,1,0.97396767513756,1,"[  1.31497636   0.09078618 -17.26658501  24.70515118  -1.29600067
   0.30340209]","[-2.63649125e-01  1.09596783e-02  1.42645366e+02  3.96083258e+01
 -1.26668138e+00 -3.50890673e-01]",[-0.39274922  0.0427568  36.32247602 16.26562407 -1.2114394  -0.44090046],[-1.40380199  0.28512661  5.49151854  9.70900466 -1.22969898  0.34223629],"[-2.03651626e+00  2.76431550e-02 -5.70333545e+01 -1.14149354e+02
 -1.31042217e+00  1.82225974e-01]","[ 2.92454966e-01  3.84067374e-02  4.10478831e+01 -1.00046573e+01
 -1.28758431e+00 -1.89159587e-01]","[-9.04042201e-01  3.36562446e-02 -4.43585418e+01 -3.81019937e+01
 -9.06902939e-01  7.58105321e-01]","[ 1.25152625e+00  3.12668691e-02  5.04418212e+01 -6.11292632e+01
 -1.29457579e+00 -1.74865482e-01]",014
280,1,0.97396767513756,1,"[  1.26896778   0.06678151 -22.69366029  30.79752374  -1.11416254
   0.61060225]","[-2.58136763e-01  7.82352226e-03  1.92633371e+02  5.17257548e+01
 -1.06853209e+00 -6.50181570e-01]","[-3.71575186e-01  2.88143268e-02  5.15967351e+01  2.11720664e+01
 -9.54775440e-01 -7.40426898e-01]",[-1.20577056  0.34875008  4.50781946  7.43539601 -1.26561465  0.26334636],"[-2.05223745e+00  2.34971662e-02 -6.67220001e+01 -1.34929387e+02
 -1.26664878e+00  3.12406734e-01]","[ 3.14864914e-01  3.32047206e-02  4.73784107e+01 -1.29177992e+01
 -1.26947908e+00 -2.47622392e-01]","[-9.19005366e-01  1.72713091e-02 -7.49703800e+01 -6.68981815e+01
 -4.16034380e-01  1.06834847e+00]","[ 1.26977396e+00  2.72085186e-02  5.78279445e+01 -7.14284180e+01
 -1.27519575e+00 -2.43140818e-01]",014
281,1,0.97396767513756,1,"[ 1.24354462e+00  3.70069216e-02 -2.95229684e+01  3.87131287e+01
 -6.38555532e-01  8.01608982e-01]","[-2.55154329e-01  4.22632209e-03  2.53265362e+02  6.66217535e+01
 -6.16045478e-01 -8.18377013e-01]","[-3.60299527e-01  1.46261827e-02  7.24945980e+01  2.81197694e+01
 -5.10068978e-01 -9.07104271e-01]",[-0.9701745   0.40583231  3.88393872  5.76809831 -1.29000549  0.19414241],"[-2.06492471e+00  1.80355036e-02 -8.57686252e+01 -1.75105754e+02
 -1.16743933e+00  4.90272889e-01]","[ 3.33855149e-01  2.75019871e-02  5.70128163e+01 -1.70340223e+01
 -1.24057770e+00 -3.17664424e-01]","[-9.23738487e-01  8.35757712e-03  2.53331570e+01  2.54012121e+01
 -1.68453728e+00  2.40784121e-01]","[ 1.28525242e+00  2.24828234e-02  6.96859103e+01 -8.75639845e+01
 -1.24121374e+00 -3.29989250e-01]",014
282,1,0.97396767513756,1,"[  1.24620358   0.04240151  22.31587594 -25.81012441  -0.44993232
   0.95701777]","[-2.55386841e-01  4.69803831e-03 -2.05196376e+02 -5.04044541e+01
 -4.69101613e-01 -9.39726131e-01]","[-3.59985902e-01  1.39898027e-02 -6.91010432e+01 -2.28754014e+01
 -5.72075455e-01 -8.56140001e-01]",[-0.70254559  0.45186073  3.49420287  4.45483683 -1.30582877  0.13068904],"[-2.07387366e+00  1.18257703e-02 -1.25408977e+02 -2.58082375e+02
 -9.12357249e-01  7.67852590e-01]","[ 3.49214752e-01  2.16092569e-02  7.21718785e+01 -2.32034846e+01
 -1.19483623e+00 -4.03991775e-01]","[-9.19928941e-01  1.47222648e-02  9.71163302e+01  9.13401229e+01
 -8.71729277e-01  8.06302098e-01]","[ 1.29760714e+00  1.73274318e-02  8.96570408e+01 -1.14339617e+02
 -1.17694231e+00 -4.50578641e-01]",014
283,1,0.97396767513756,1,"[  1.28400841   0.09589179  15.00314472 -17.26416399  -0.71614089
   0.90732272]","[-2.59404689e-01  1.02554382e-02 -1.41391078e+02 -3.46775086e+01
 -7.75512117e-01 -8.68664735e-01]","[-3.70917720e-01  2.86673212e-02 -5.13019230e+01 -1.70287923e+01
 -8.84272405e-01 -7.93695897e-01]",[-0.41084333  0.48315096  3.27109702  3.3439084  -1.31455147  0.07160743],"[-2.07866410e+00  5.88605405e-03 -1.89280933e+02 -3.91451479e+02
 -4.30323939e-01  9.81172348e-01]","[ 3.60924726e-01  1.58591767e-02  9.74186593e+01 -3.31608030e+01
 -1.11907215e+00 -5.17125589e-01]","[-9.09623023e-01  2.23113113e-02  6.96769957e+01  6.53797995e+01
 -1.26452519e+00  4.09055458e-01]","[ 1.30662446e+00  1.20115876e-02  1.26635308e+02 -1.63464791e+02
 -1.03414048e+00 -6.39687651e-01]",014
284,1,0.970483635916609,1,"[  1.36266386   0.16299129   9.34954895 -10.74029244  -1.03380334
   0.6320171 ]","[-2.67541383e-01  1.67941079e-02 -9.12601862e+01 -2.24158765e+01
 -1.08951262e+00 -5.80425841e-01]","[ -0.39262499   0.04436128 -34.83869376 -11.67854187  -1.16320079
  -0.4983194 ]",[-0.10478766  0.49753815  3.1777692   2.332991   -1.31733102  0.01648703],"[-2.07914175e+00  4.91726099e-03  1.81897561e+02  3.80190812e+02
 -6.84077098e-01  7.77586359e-01]","[ 3.69153584e-01  1.05602263e-02  1.43436044e+02 -5.09499297e+01
 -9.77274653e-01 -6.81514273e-01]","[-8.95080800e-01  2.68277250e-02  5.87937629e+01  5.46251683e+01
 -1.35192768e+00  1.50693586e-01]","[ 1.31222684e+00  6.88352823e-03  2.03090656e+02 -2.64501009e+02
 -6.43438960e-01 -9.52537977e-01]",014
285,1,0.970483635916609,1,[ 1.48576505  0.23516378  6.60189391 -7.8088632  -1.16796972  0.45962267],"[-2.79817768e-01  2.32332452e-02 -6.71318324e+01 -1.67846795e+01
 -1.21692677e+00 -3.96585293e-01]","[ -0.42398104   0.05823999 -26.90718834  -9.40813759  -1.25873031
  -0.32167423]",[ 0.20509928  0.49466049  3.19602233  1.34449811 -1.31532925 -0.03496073],"[-2.07535494e+00  1.01974706e-02  1.43630972e+02  3.00085248e+02
 -8.55786918e-01  8.13048381e-01]","[ 3.74228651e-01  5.98328053e-03  2.38434785e+02 -8.72291281e+01
 -6.56135281e-01 -9.45518560e-01]","[-8.78602090e-01  2.78916578e-02  5.66645791e+01  5.17856176e+01
 -1.35697425e+00 -3.77657680e-02]","[ 1.31445359e+00  3.17040945e-03  1.23416755e+02 -1.60225597e+02
 -1.42670597e+00 -3.99747434e-01]",014
286,1,0.970483635916609,1,[ 1.65431616  0.30715706  5.09742375 -6.43275048 -1.23505484  0.34149229],"[-2.95928726e-01  2.89503261e-02 -5.42827238e+01 -1.40638173e+01
 -1.27557872e+00 -2.68529259e-01]","[ -0.46332021   0.06927663 -22.7439309   -8.53772277  -1.29889689
  -0.20276237]",[ 0.50849033  0.47577036  3.32138585  0.3111074  -1.30966904 -0.08349248],"[-2.06747291e+00  1.61575378e-02  9.53790865e+01  1.99193677e+02
 -1.12781900e+00  5.31669128e-01]","[ 3.76593111e-01  2.55010893e-03  3.59935862e+02 -1.33549366e+02
 -4.51675405e-01 -9.60222942e-01]","[-8.62343060e-01  2.57879629e-02  6.10647180e+01  5.46587357e+01
 -1.32155420e+00 -2.09781621e-01]","[ 1.31343337e+00  5.12400193e-03 -2.55220298e+02  3.37214857e+02
 -5.40631029e-01 -9.82430318e-01]",014
287,1,0.970483635916609,1,[ 1.86655905  0.37423085  4.20272402 -5.84463253 -1.27227865  0.25258037],"[-3.15292461e-01  3.35170026e-02 -4.70554096e+01 -1.28362159e+01
 -1.30231851e+00 -1.73107690e-01]","[ -0.50853349   0.07677668 -20.57245872  -8.46178427  -1.31866827
  -0.10909574]",[ 0.79606003  0.44319924  3.56255854 -0.83601046 -1.3011049  -0.13080691],"[-2.05570768e+00  2.19603605e-02  7.11247907e+01  1.48211779e+02
 -1.21534712e+00  3.79739576e-01]","[ 3.76760288e-01  2.21115391e-03 -5.08490672e+02  1.93579092e+02
 -6.50365412e-01 -7.98056781e-01]","[-8.48149011e-01  2.11333545e-02  7.37000571e+01  6.45086306e+01
 -1.23429753e+00 -4.05330386e-01]","[ 1.30935533e+00  9.30520290e-03 -1.62819425e+02  2.15188482e+02
 -1.03202636e+00 -6.55151420e-01]",014
288,1,0.970483635916609,1,[ 2.1181105   0.43226916  3.64784807 -5.72654528 -1.29364989  0.18131023],"[-3.37147376e-01  3.67301065e-02 -4.30104335e+01 -1.25008548e+01
 -1.31215559e+00 -1.00737846e-01]","[ -0.55713117   0.08014652 -19.72584504  -8.98988317  -1.32818724
  -0.02275173]",[ 1.05998328  0.39972987  3.94507933 -2.18171812 -1.28949789 -0.17982983],"[-2.04025305e+00  2.75455451e-02  5.69958221e+01  1.18285900e+02
 -1.24948616e+00  2.93177146e-01]","[ 3.75273477e-01  3.88664597e-03 -3.92024485e+02  1.49116391e+02
 -1.15999367e+00 -5.69330606e-01]","[-8.37426293e-01  1.47828989e-02  1.01953178e+02  8.73782717e+01
 -1.01746934e+00 -6.79272793e-01]","[ 1.30244382e+00  1.34365806e-02 -1.15735044e+02  1.52738393e+02
 -1.19235554e+00 -4.35643469e-01]",014
289,1,0.9354644043770785,1,[ 2.40235021  0.47807607  3.30324268 -5.93554573 -1.30570895  0.12162461],"[-3.60667460e-01  3.86052103e-02 -4.09487055e+01 -1.27688656e+01
 -1.31351250e+00 -4.62692683e-02]","[ -0.60629767   0.07887945 -20.03532449 -10.14737055  -1.32846148
   0.06887202]",[ 1.29413125  0.34812985  4.52129978 -3.85115535 -1.27322353 -0.23488421],"[-2.02124542e+00  3.29901523e-02  4.77015629e+01  9.84165654e+01
 -1.26422684e+00  2.41341711e-01]","[ 3.72674066e-01  5.09245334e-03 -3.08660912e+02  1.17029917e+02
 -1.33414617e+00 -2.42715760e-01]","[-8.31065280e-01  7.97415036e-03  1.58850142e+02  1.34014838e+02
 -4.72093801e-01 -1.01353586e+00]","[ 1.29293979e+00  1.72591684e-02 -9.08692270e+01  1.19488439e+02
 -1.24966897e+00 -3.11532641e-01]",014
290,1,0.9354644043770785,1,[ 2.71093842  0.50945479  3.10231093 -6.41017389 -1.31215593  0.06945382],"[-3.85060155e-01  3.92990898e-02 -4.02329081e+01 -1.34920898e+01
 -1.31173169e+00 -4.90547402e-03]","[ -0.65298213   0.07266403 -21.69882775 -12.16894676  -1.31415277
   0.17829621]",[ 1.49404884  0.29095576  5.39329402 -6.05784465 -1.2482706  -0.30232842],"[-1.99874588e+00  3.84199728e-02  4.10087062e+01  8.39659826e+01
 -1.27118856e+00  2.09682339e-01]","[ 3.69475417e-01  5.58700834e-03 -2.82883858e+02  1.06518631e+02
 -1.35932476e+00 -3.30659719e-02]","[-8.29411026e-01  4.77693901e-03 -9.73451238e+01 -7.87391190e+01
 -1.39001873e+00 -3.82543817e-01]","[ 1.28108840e+00  2.07237520e-02 -7.59531728e+01  9.93027287e+01
 -1.27437445e+00 -2.34087372e-01]",014
291,1,0.96648033496034,1,[ 3.03433407  0.52502921  3.01135334 -7.13745201 -1.31512759  0.02117132],"[-4.09622074e-01  3.90021887e-02 -4.05366718e+01 -1.46047156e+01
 -1.30950851e+00  2.88571104e-02]","[ -0.69405817   0.06155358 -25.44819425 -15.66252716  -1.2688079
   0.32448462]",[ 1.65680858  0.23054446  6.7692074  -9.21528092 -1.20553166 -0.39309371],"[-1.97274210e+00  4.39568222e-02  3.58672339e+01  7.27568024e+01
 -1.27555767e+00  1.89170760e-01]","[ 3.66139312e-01  5.42166388e-03 -2.91120282e+02  1.08590580e+02
 -1.33816033e+00  1.33803347e-01]","[-8.32273024e-01  9.30666672e-03 -1.54322536e+02 -1.26438484e+02
 -8.44950184e-01 -8.27375283e-01]","[ 1.26713094e+00  2.38280466e-02 -6.61780792e+01  8.58562916e+01
 -1.28647565e+00 -1.81816602e-01]",014
292,1,0.9779036953248332,1,[ 3.36223729  0.5239751   3.01734039 -8.14501438 -1.31543583 -0.02685949],"[-4.33749996e-01  3.78615597e-02 -4.17484876e+01 -1.61084063e+01
 -1.30723545e+00  6.03253572e-02]","[ -0.72655197   0.04615274 -33.28278318 -22.18167156  -1.13909366
   0.54654684]","[  1.78079117   0.16905013   9.12209139 -14.24453984  -1.12008418
  -0.53040199]","[-1.94317192e+00  4.96622998e-02  3.17613892e+01  6.37178396e+01
 -1.27973073e+00  1.73261558e-01]","[ 3.63056046e-01  4.71658815e-03 -3.32556462e+02  1.22736634e+02
 -1.28252539e+00  2.99718023e-01]","[-8.38972639e-01  1.43023698e-02 -1.08374153e+02 -8.89229490e+01
 -1.23234366e+00 -4.47708694e-01]","[ 1.25130013e+00  2.65844063e-02 -5.93763109e+01  7.62975853e+01
 -1.29311496e+00 -1.44184311e-01]",014
293,1,0.9785023783937562,1,[ 3.68395371  0.5058876   3.12383965 -9.50808066 -1.31265751 -0.07828523],"[-4.56923314e-01  3.59664405e-02 -4.39302657e+01 -1.80727626e+01
 -1.30399669e+00  9.33331021e-02]","[-7.47903157e-01  2.80450284e-02 -5.01341336e+01 -3.54954768e+01
 -7.27661722e-01  8.99145408e-01]","[  1.86538988   0.10865882  13.68443138 -23.52679975  -0.90339569
  -0.76756673]","[-1.90997137e+00  5.54920098e-02  2.84365866e+01  5.63130664e+01
 -1.28461671e+00  1.57440712e-01]","[ 3.60532419e-01  3.62095210e-03 -4.26215887e+02  1.55664645e+02
 -1.16277388e+00  5.08454770e-01]","[-8.48430737e-01  1.75890347e-02 -8.95674961e+01 -7.39918167e+01
 -1.34382175e+00 -1.89617386e-01]","[ 1.23382020e+00  2.90031906e-02 -5.44577250e+01  6.91910411e+01
 -1.29727618e+00 -1.15229043e-01]",014
294,1,0.9785023783937562,1,"[  3.98874633   0.4708959    3.35248683 -11.37221956  -1.30515589
  -0.13692504]","[-4.78685072e-01  3.33857268e-02 -4.72949852e+01 -2.06394034e+01
 -1.29845873e+00  1.29702348e-01]","[-7.56206834e-01  1.41048297e-02 -2.03629161e+01 -1.33985763e+01
 -1.58194104e+00  3.08146206e-01]","[  1.91062703   0.05421187  21.62483154 -39.31698757  -0.41464808
  -1.01066335]",[-1.87314278  0.06127523 25.76391837 50.25949771 -1.29034226  0.13900292],"[ 3.58790140e-01  2.30327313e-03 -6.31096238e+02  2.28431107e+02
 -8.37109380e-01  8.29838943e-01]","[-8.59292566e-01  1.86236370e-02 -8.48648653e+01 -7.09237479e+01
 -1.36584018e+00  1.38579456e-02]","[ 1.21491283e+00  3.10813576e-02 -5.08369367e+01  6.37624463e+01
 -1.30033083e+00 -9.11485587e-02]",014
295,1,0.9785023783937562,1,"[  4.26625835   0.41993036   3.75175126 -14.00594014  -1.28967749
  -0.20761585]","[-4.98644171e-01  3.02204328e-02 -5.21986408e+01 -2.40285479e+01
 -1.28938060e+00  1.69238464e-01]","[-7.50387770e-01  2.50806276e-02  5.23088952e+01  4.12519553e+01
 -5.23692955e-01  9.99011753e-01]","[  1.91671669   0.04190984 -19.09341215  38.59666174  -0.79333559
  -0.72068083]",[-1.83282649  0.0667257  23.67013532 45.38325112 -1.29648991  0.11670987],"[ 3.57972810e-01  1.11042397e-03 -6.94991550e+02  2.50788078e+02
 -8.67880939e-01  6.67665488e-01]","[-8.70079129e-01  1.73031914e-02 -9.09668427e+01 -7.71483513e+01
 -1.33328735e+00  2.15451597e-01]","[ 1.19480686e+00  3.27972582e-02 -4.81907369e+01  5.95786232e+01
 -1.30283714e+00 -6.93824686e-02]",014
296,1,0.9785023783937562,1,"[  4.50701091   0.35491413   4.42161495 -17.92826682  -1.25956984
  -0.29857676]","[-5.16498151e-01  2.66334784e-02 -5.91542053e+01 -2.85530377e+01
 -1.27634961e+00  2.10163473e-01]",[-0.73027784  0.04563914 33.15179921 26.2100243  -1.02649168  0.66276765],"[  1.88368146   0.09049196 -15.98433086  32.10938772  -0.77282057
  -0.86981349]",[-1.78935697  0.07148057 22.10517582 41.55405047 -1.30230216  0.09046744],"[ 3.58155963e-01  1.47814280e-03  7.97105837e+02 -2.83488209e+02
 -4.30643938e-01  1.00147027e+00]","[-8.79345733e-01  1.38591265e-02 -1.11646544e+02 -9.61759123e+01
 -1.21349471e+00  4.68741856e-01]","[ 1.17374783e+00  3.41131974e-02 -4.63409253e+01  5.63925605e+01
 -1.30486378e+00 -4.83467186e-02]",014
297,1,0.9785023783937562,1,"[  4.70287707   0.27873102   5.58282008 -24.25531655  -1.19773783
  -0.42741313]","[-5.32054086e-01  2.28331352e-02 -6.88942902e+01 -3.46554886e+01
 -1.26038036e+00  2.51008800e-01]",[-0.69659822  0.06569353 23.68112272 18.49622784 -1.20478295  0.42761273],"[  1.81117913   0.15015227 -10.19717088  20.46890313  -1.06849472
  -0.59386237]",[-1.7432912   0.07515794 21.03110806 38.66334552 -1.3070388   0.0608863 ],"[ 3.59353141e-01  2.88724850e-03  5.17103966e+02 -1.83822934e+02
 -9.50766061e-01  7.35426718e-01]","[-8.85818644e-01  8.88945569e-03 -1.60862908e+02 -1.40495363e+02
 -8.20003065e-01  8.42715365e-01]","[ 1.15200336e+00  3.49858751e-02 -4.51907505e+01  5.40598963e+01
 -1.30624879e+00 -2.73316063e-02]",014
298,1,0.9851897943157232,1,"[  4.84742443   0.19519441   7.78957811 -35.75939126  -1.04669044
  -0.63550253]","[-5.45223673e-01  1.90089614e-02 -8.25900628e+01 -4.30300574e+01
 -1.24255877e+00  2.94996764e-01]",[-0.65087292  0.08307044 18.90627065 14.3055795  -1.27341275  0.28052921],[ 1.69866164  0.21285975 -7.30662955 14.41149133 -1.17605572 -0.4396701 ],"[-1.69540170e+00  7.74221277e-02  2.04207386e+01  3.66213549e+01
 -1.31011838e+00  2.88640447e-02]","[ 3.61513635e-01  4.31317593e-03  3.59439416e+02 -1.27942250e+02
 -1.18542174e+00  4.65910573e-01]","[-8.88480852e-01  4.58512922e-03 -8.65105811e+01 -7.48629948e+01
 -1.48632574e+00  3.40351321e-01]","[ 1.12986082e+00  3.53830225e-02 -4.46860441e+01  5.24890106e+01
 -1.30674944e+00 -6.40867083e-03]",014
299,1,0.9851897943157232,1,"[  4.9360914    0.11068502  12.32708094 -58.84759822  -0.60304395
  -0.96823835]","[-5.55983830e-01  1.52523605e-02 -1.02574913e+02 -5.50299931e+01
 -1.21874237e+00  3.56647776e-01]",[-0.5953059   0.096599   16.32536556 11.71858643 -1.3044354   0.17548479],[ 1.54586992  0.27651726 -5.6629914  10.75424806 -1.22955346 -0.34094573],"[-1.64662802e+00  7.80479026e-02  2.02583208e+01  3.53579186e+01
 -1.31103452e+00 -4.46376125e-03]","[ 3.64514106e-01  5.52208486e-03  2.84263642e+02 -1.01618107e+02
 -1.28072602e+00  2.87711137e-01]","[-8.86597406e-01  8.21046535e-03  1.55699891e+02  1.40043119e+02
 -4.42121969e-01  1.04054841e+00]","[ 1.10761426e+00  3.53023775e-02 -4.47876365e+01  5.16074248e+01
 -1.30613503e+00  1.35954773e-02]",014
300,1,0.9851897943157232,1,[ 4.96621944  0.05668546  0.32029408  0.4093493  -1.72184226 -0.25389604],"[-5.64312082e-01  1.15194846e-02 -1.34610738e+02 -7.39624660e+01
 -1.16528747e+00  4.70939362e-01]",[-0.53264343  0.10547217 14.98015111  9.979079   -1.31922918  0.09045346],[ 1.35353232  0.33853054 -4.6434591   8.28507194 -1.26290524 -0.26590118],[-1.59799174  0.07697221 20.53915499 34.82140011 -1.30949527 -0.03757376],"[ 3.68152242e-01  6.35893688e-03  2.48160081e+02 -8.93606900e+01
 -1.32601478e+00  1.46607424e-01]","[-8.79697199e-01  1.57678280e-02  9.50307377e+01  8.55982738e+01
 -9.43120865e-01  7.31088726e-01]","[ 1.08554171e+00  3.47867431e-02 -4.54487040e+01  5.13364636e+01
 -1.30438581e+00  3.11933532e-02]",014
301,1,0.9851897943157232,1,"[  4.93698167   0.10943366 -12.42676365  63.35070432  -0.59600335
  -0.97111976]","[-5.70116764e-01  7.69347106e-03 -1.94811142e+02 -1.09065098e+02
 -9.80126298e-01  7.10126283e-01]","[-4.66029796e-01  1.09143735e-01  1.44857506e+01  8.75079138e+00
 -1.32482994e+00  1.34151232e-02]",[ 1.12404612  0.39542017 -3.98528212  6.47964092 -1.2857376  -0.20172145],[-1.55049561  0.07431393 21.26824119 34.97631453 -1.3057673  -0.06876624],"[ 3.72150886e-01  6.70046050e-03  2.35929273e+02 -8.58012881e+01
 -1.34353631e+00  1.63327818e-02]","[-8.67538114e-01  2.39996519e-02  6.43915445e+01  5.78621191e+01
 -1.13635643e+00  5.09070403e-01]","[ 1.06387903e+00  3.39274541e-02 -4.65960678e+01  5.15725795e+01
 -1.30188129e+00  4.46576983e-02]",014
302,1,0.9851897943157232,1,[ 4.84925922  0.19365733 -7.84788974 40.05645166 -1.04388387 -0.63849633],"[-5.73185374e-01  3.98303010e-03 -2.81848408e+02 -1.59551385e+02
 -5.27694266e-01  9.01830012e-01]",[-0.39885395  0.10732801 14.72605352  7.87354458 -1.32284826 -0.06380021],[ 0.8618991   0.44337279 -3.56010957  5.06845523 -1.30109753 -0.14352571],[-1.50503164  0.07034312 22.46049384 35.80375394 -1.3006912  -0.09685403],"[ 3.76175678e-01  6.47242360e-03  2.43938717e+02 -8.97638125e+01
 -1.33665684e+00 -1.20558798e-01]","[-8.50072332e-01  3.22927072e-02  4.83811183e+01  4.31274500e+01
 -1.21581338e+00  3.76172109e-01]","[ 1.04279776e+00  3.28512935e-02 -4.81195405e+01  5.21789493e+01
 -1.29930701e+00  5.27140843e-02]",014
303,1,0.9851897943157232,1,[ 4.70552332  0.27739352 -5.60814263 28.38924592 -1.19388973 -0.43151586],"[-5.73176733e-01  4.00061718e-03  2.28267227e+02  1.32837463e+02
 -5.21665202e-01  9.06679677e-01]",[-0.33457612  0.10004473 15.77440612  7.27773961 -1.31157559 -0.14866185],[ 0.57365727  0.47905858 -3.29827722  3.89208072 -1.31022282 -0.08984954],[-1.46231752  0.06540517 24.14571843 37.30870714 -1.29517813 -0.12176874],"[ 3.79862320e-01  5.66210746e-03  2.77159176e+02 -1.03282328e+02
 -1.29439368e+00 -2.87355629e-01]",[-0.82741569  0.04032284 38.94457468 34.22335205 -1.25487563  0.2875811 ],"[ 1.02239298e+00  3.16945955e-02 -4.98746932e+01  5.29915365e+01
 -1.29729145e+00  5.50706983e-02]",014
304,1,0.9851897943157232,1,[ 4.50977342  0.35494878 -4.4194169  21.93056889 -1.25345185 -0.30697889],"[-5.69678011e-01  9.01158628e-03  1.59731997e+02  9.29958063e+01
 -7.20129587e-01  9.04502783e-01]",[-0.27652848  0.08767308 17.93792906  6.96034822 -1.28501687 -0.25088434],[ 0.26752034  0.50031447 -3.15980551  2.84531225 -1.31416534 -0.04049377],[-1.42286987  0.05983815 26.37934297 39.53437222 -1.28963746 -0.14446956],"[ 3.82845396e-01  4.32031389e-03  3.55771596e+02 -1.34205517e+02
 -1.16063473e+00 -5.33103918e-01]",[-0.79981769  0.04785978 32.90133721 28.31507157 -1.27554495  0.22423275],"[ 1.00268394e+00  3.05769052e-02 -5.16989653e+01  5.38377223e+01
 -1.29609287e+00  5.24009066e-02]",014
305,0,0.8159721067565435,0,[ 3.9942571   0.97133916 -1.43052659  7.71389098 -0.1412452  -1.20852835],[-0.54505448  0.05208875 24.47888383 15.34232536  0.12205903  1.40935681],[-0.23811513  0.06002869 23.5147029   7.59920662 -1.01966817 -0.60074983],[-0.24681715  0.87932649 -1.68034704  1.58526153 -0.48229232 -0.91152282],[-1.37114033  0.08194629 18.57755106 27.47242945 -0.70827539  0.6614824 ],"[ 3.80140466e-01  9.90007034e-03 -8.18931447e+01  3.31308982e+01
 -6.77881942e-02 -1.27898362e+00]",[-0.72954003  0.13122965 10.54447129  9.69261393 -0.11888088  1.22274423],"[  0.96974891   0.05583095 -26.13454683  27.34394841  -0.38927095
  -0.98399366]",014
306,0,0.8159721067565435,0,[ 3.4504917   1.17592894 -1.26818137  6.37584929 -1.74336074 -0.3520292 ],[-0.51655182  0.06725398 21.70326801 13.21086266 -1.75418861  0.40941093],[-0.22237236  0.03608649  8.94316807  3.98871342 -1.33876065 -0.0233688 ],[-0.73300492  0.96705348 -1.56743     0.85106609 -1.72085145 -0.25061597],[-1.32518039  0.08481937 18.0648416  25.93917378 -1.67387938  0.17912454],"[ 3.74453564e-01  1.59142356e-02 -8.55884521e+01  3.40489009e+01
 -1.46026337e+00 -5.64749973e-01]",[-0.65349011  0.16301318  9.14734425  7.97769898 -1.71643134  0.37800692],"[  0.93751658   0.06426481 -23.52946739  24.05926582  -1.70967339
  -0.30763761]",014
307,0,0.8159721067565435,0,[ 2.89858263  1.17410675 -1.2693066   5.67919008 -1.74414794  0.35446181],[-0.48576396  0.06975531 21.31849448 12.35575626 -1.76778837 -0.33281702],"[ -0.22961997   0.04868914 -26.17902034  -4.01122588  -0.90038373
  -0.56574142]",[-1.17847345  0.89635146 -1.64040233  0.0668294  -1.71031835  0.42329729],[-1.28438711  0.07701106 19.30230336 26.79162958 -1.66700602 -0.42285357],"[ 3.65595297e-01  2.08762526e-02 -7.33806387e+01  2.88276164e+01
 -1.55796250e+00 -4.30537484e-02]",[-0.57264304  0.16953764  8.92369009  7.11008901 -1.71972319 -0.28574804],"[  0.9059187    0.06346923 -23.72385854  23.49188711  -1.71120272
   0.33601141]",014
308,0,0.8137449578518468,0,[ 2.35935512  0.9653934  -1.43319524  5.38141653 -0.12494466  1.22298012],[-0.4546232   0.05845217 23.55048297 12.70659594 -0.11617429 -1.23704022],"[ -0.25880284   0.07478501 -20.96755226  -3.42646217  -1.30619126
  -0.29316559]",[-1.57262444  0.68321118 -1.90860537 -1.00151947  0.07464994  1.37379532],[-1.24792008  0.05978666 22.98805793 30.68725907 -0.08242577 -1.24312197],"[ 3.53508111e-01  2.33373198e-02 -6.69844083e+01  2.56795317e+01
 -9.97383840e-01  3.16110201e-01]",[-0.48809481  0.14962451  9.77816291  6.77267054 -0.41203373 -0.97140553],"[  0.87496034   0.05339502 -26.85113595  25.49367909  -0.28913043
   1.07891807]",014
309,0,0.8137449578518468,0,[ 1.85344748  0.3373678  -4.63113673 10.58356871 -1.22836275  0.3721962 ],"[-4.25259614e-01  1.85097543e-02  8.20738211e+01  3.69026814e+01
 -1.06662078e+00 -6.29689482e-01]","[ -0.30752289   0.08619034 -18.321917    -3.63440878  -1.32496586
  -0.11681385]","[ -1.90719769   0.14897322 -10.20540348 -17.46372191  -1.02852849
   0.6443106 ]","[-1.21475656e+00  2.28826976e-02  6.90824579e+01  8.59183689e+01
 -1.27051911e+00  4.42915129e-02]","[ 3.38266533e-01  2.07218541e-02 -7.61570128e+01  2.77613687e+01
 -1.29751349e+00 -1.52773644e-01]",[-0.40108586  0.08084138 19.55732332  9.84416579 -1.30993218 -0.0255279 ],"[ 8.44749252e-01  2.52661125e-02 -6.25547633e+01  5.48430895e+01
 -1.30748554e+00  6.90175721e-02]",014
310,0,0.8137449578518468,0,[ 1.67359748  0.24853906 -6.19072194 12.36077666 -1.12033085  0.54507993],"[-4.17072379e-01  1.04367970e-02  1.27132578e+02  5.50234867e+01
 -5.58650589e-01 -9.82484183e-01]","[-3.61750701e-01  8.98400522e-02 -1.75974436e+01 -4.36588755e+00
 -1.33477279e+00 -1.02655555e-02]","[ -1.9770898    0.08541189 -16.43704842 -30.49752077  -0.64604892
   0.95251108]","[-1.19962046e+00  2.41583415e-02  6.53759611e+01  8.04263403e+01
 -1.26964030e+00  1.17848633e-01]","[ 3.24712616e-01  2.25820955e-02 -6.99540457e+01  2.47149612e+01
 -1.30522438e+00 -1.04870836e-01]",[-0.35110094  0.07852983 20.12806851  9.06698381 -1.30936156 -0.06040415],"[ 8.29394962e-01  2.37640678e-02 -6.64657791e+01  5.71263824e+01
 -1.30631392e+00  1.11987476e-01]",014
311,0,0.8137449578518468,0,[ 1.55261719  0.15554601 -9.38676293 16.57404947 -0.8283813   0.83245185],"[-4.14543656e-01  5.74058590e-03 -3.56175289e+01 -1.27650206e+01
 -1.65010769e+00 -2.74285285e-01]","[ -0.41628877   0.08728637 -18.09789428  -5.53395015  -1.32943839
   0.09754391]","[ -2.00644876   0.03799142 -14.03067563 -26.1518317   -1.17475054
   0.53112954]","[-1.18340884e+00  2.65200844e-02  5.94990204e+01  7.24116667e+01
 -1.26984987e+00  1.60428582e-01]","[ 3.10150438e-01  2.38957800e-02 -6.61453978e+01  2.25150241e+01
 -1.30889404e+00 -6.40912389e-02]",[-0.3031872   0.07439992 21.23400488  8.43787845 -1.30576836 -0.10110804],"[ 8.15247634e-01  2.15860802e-02 -7.30631938e+01  6.15645959e+01
 -1.29889576e+00  1.74088990e-01]",014
312,0,0.8079599909570094,0,"[  1.49308322   0.07358081 -12.81459454  21.13325608  -0.56280099
   0.86711362]","[-4.17673279e-01  1.10702461e-02 -1.26380219e+02 -5.07856402e+01
 -7.32786287e-01 -8.94399404e-01]","[ -0.46728893   0.07867606 -20.01262423  -7.35167778  -1.30381991
   0.21920978]",[-1.99892042  0.05261394 24.47111221 50.9158058  -0.58982502  0.93333266],"[-1.16555423e+00  2.96412386e-02  5.32155132e+01  6.40255666e+01
 -1.27508239e+00  1.73043829e-01]","[ 2.94927387e-01  2.46492884e-02 -6.41405806e+01  2.09168138e+01
 -1.31031281e+00 -2.84240725e-02]",[-0.25847363  0.06845312 23.05633358  7.95945419 -1.29833912 -0.14858118],"[ 8.02763876e-01  1.86424927e-02 -8.43109092e+01  6.96817522e+01
 -1.27722397e+00  2.64731697e-01]",014
313,0,0.8357324386261265,0,"[  1.49423708   0.07592265  14.28341952 -19.34281515  -0.51913324
   0.90276401]","[-4.25875665e-01  1.79220041e-02 -8.59191888e+01 -3.45908917e+01
 -1.17962255e+00 -5.14882811e-01]","[ -0.51122467   0.06483532 -24.09160974 -10.31622519  -1.24158434
   0.37121853]",[-1.95974849  0.09191505 16.60016036 34.53213927 -1.11879533  0.58673293],"[-1.14572306e+00  3.31060610e-02  4.76608136e+01  5.66060932e+01
 -1.28576721e+00  1.60714016e-01]","[ 2.79400523e-01  2.48440274e-02 -6.36418481e+01  1.97815656e+01
 -1.31073172e+00  4.91309003e-03]",[-0.2180705   0.0608055  25.9120445   7.65065244 -1.285483   -0.20645366],"[ 7.92438935e-01  1.49188900e-02 -1.04459134e+02  8.47774853e+01
 -1.21989002e+00  4.04402953e-01]",014
314,0,0.8560401567221939,0,"[  1.55196005   0.1469672   10.16224195 -13.77139357  -0.98468313
   0.71603096]","[-4.37998460e-01  2.29481680e-02 -6.84927955e+01 -2.79997390e+01
 -1.32403483e+00 -2.48365261e-01]","[ -0.54526785   0.04730206 -32.35547528 -15.64240056  -1.09611413
   0.58490356]",[-1.89535236  0.12444683 12.58444614 25.85195964 -1.27599347  0.3248066 ],"[-1.12386901e+00  3.64103208e-02  4.33669875e+01  5.07388134e+01
 -1.29922945e+00  1.28755121e-01]","[ 2.63929887e-01  2.44787559e-02 -6.45836116e+01  1.90455453e+01
 -1.31029400e+00  3.90798227e-02]",[-0.18300611  0.05165033 30.40905296  7.56504249 -1.2621114  -0.28250325],"[ 7.84762525e-01  1.05198124e-02 -1.44224416e+02  1.15181917e+02
 -1.05303927e+00  6.40312287e-01]",014
315,0,1.008640260926842,0,"[  1.65894642   0.21474655   7.24425452 -10.01783008  -1.22511025
   0.42011608]","[-4.52410624e-01  2.51510654e-02 -6.28312527e+01 -2.64255263e+01
 -1.36718995e+00 -3.82232415e-02]","[-5.67593020e-01  2.83662485e-02 -5.00900081e+01 -2.64307390e+01
 -7.13576621e-01  9.11751263e-01]",[-1.81284204  0.14635463 10.77731162 21.53756363 -1.32057586  0.16442364],"[-1.10025550e+00  3.90193103e-02  4.04984226e+01  4.65586121e+01
 -1.31108896e+00  8.29876366e-02]","[ 2.48872354e-01  2.35519898e-02 -6.71016047e+01  1.86997343e+01
 -1.30796537e+00  7.62800451e-02]",[-0.1541552   0.04127138 37.81418704  7.82925347 -1.214743   -0.39008012],"[ 7.80162931e-01  5.85456977e-03 -2.23385538e+02  1.76277116e+02
 -5.47035262e-01  9.78989644e-01]",014
316,2,1.0094847721318407,1,[ 1.80516486  0.26667482  5.89974426 -8.65001104 -1.30220828  0.23697142],"[-4.67172946e-01  2.41156083e-02 -6.53716759e+01 -2.85398784e+01
 -1.35025907e+00  1.67994569e-01]","[-5.77540777e-01  1.29128518e-02 -4.94297610e+01 -2.65477026e+01
 -1.00618167e+00  6.13600240e-01]",[-1.71957358  0.1570675  10.0636459  19.30517956 -1.33277657  0.04788932],"[-1.07542334e+00  4.04929143e-02  3.90432868e+01  4.39880620e+01
 -1.31729025e+00  3.02865672e-02]","[ 2.34569041e-01  2.20868710e-02 -7.15076423e+01  1.87734791e+01
 -1.30230867e+00  1.16667452e-01]","[-1.32147144e-01  3.01276531e-02  5.10463902e+01  8.74563466e+00
 -1.10920976e+00 -5.52553673e-01]","[ 7.78939247e-01  3.52809495e-03  1.01420551e+02 -7.70004477e+01
 -1.48518124e+00  3.59037998e-01]",014
317,2,1.0094847721318407,1,[ 1.97865813  0.29889944  5.28411966 -8.45546632 -1.3276166   0.10790299],"[-4.80283173e-01  1.99761861e-02 -7.78276014e+01 -3.53792873e+01
 -1.24930186e+00  4.16086364e-01]","[-5.75597146e-01  1.67387031e-02  7.47405418e+01  4.50204425e+01
 -5.64625107e-01  9.31268494e-01]",[-1.62286944  0.1566917  10.08714511 18.37011957 -1.33169385 -0.05561305],"[-1.05008897e+00  4.06288399e-02  3.89143163e+01  4.28634941e+01
 -1.31591543e+00 -2.14254780e-02]","[ 2.21322162e-01  2.01605987e-02 -7.82677138e+01  1.93223797e+01
 -1.29256291e+00  1.58243734e-01]","[-1.17248570e-01  1.89758826e-02  7.76381052e+01  1.11029568e+01
 -8.47953552e-01 -8.12935886e-01]","[ 7.81183610e-01  7.24636535e-03  1.94012067e+02 -1.49559047e+02
 -7.14775514e-01  9.08764202e-01]",014
318,2,1.0094847721318407,1,"[ 2.16662450e+00  3.10610492e-01  5.08997759e+00 -9.02807016e+00
 -1.33094527e+00  5.83419890e-03]","[-4.89954548e-01  1.34945555e-02 -1.08955466e+02 -5.13832262e+01
 -9.26473613e-01  7.70237863e-01]","[-5.63192719e-01  2.96917432e-02  5.12512529e+01  3.08643325e+01
 -1.10773418e+00  6.02235475e-01]",[-1.52994196  0.145404   10.84625632 18.59414265 -1.31781821 -0.16989132],"[-1.02498103e+00  3.95558399e-02  3.99591094e+01  4.29573289e+01
 -1.30789252e+00 -6.31028861e-02]","[ 2.09363169e-01  1.79162593e-02 -8.79739277e+01  2.04185003e+01
 -1.27928468e+00  1.97327023e-01]","[-1.09234262e-01  9.17163466e-03  1.27667104e+02  1.59456219e+01
 -3.25770903e-01 -1.08115482e+00]","[ 7.86699419e-01  1.19098887e-02  1.28912712e+02 -9.94155559e+01
 -1.14293976e+00  5.47970808e-01]",014
319,2,1.0094847721318407,1,"[  2.35660512   0.30324037   5.21091712 -10.28007397  -1.32193848
  -0.08220822]","[-4.94865486e-01  6.75972346e-03 -1.30276166e+02 -6.24691783e+01
 -7.09168053e-01  7.57671546e-01]",[-0.54237622  0.04049695 38.6581533  22.96726321 -1.27535893  0.32985568],[-1.44791671  0.1233974  12.69177496 20.37663301 -1.27343506 -0.32541467],"[-1.00064567e+00  3.77417087e-02  4.18701989e+01  4.38972333e+01
 -1.29636738e+00 -8.38610229e-02]","[ 1.98820571e-01  1.55487310e-02 -1.01261873e+02  2.21329434e+01
 -1.26450243e+00  2.28666239e-01]","[-1.07282826e-01  5.29987942e-03 -1.28767737e+02 -1.18145668e+01
 -1.20852253e+00 -4.01962060e-01]","[ 7.94925368e-01  1.56375801e-02  1.00302737e+02 -7.77331900e+01
 -1.30045289e+00  2.93628819e-01]",014
320,2,1.0094847721318407,1,"[  2.53756132   0.27988028   5.63658158 -12.30317137  -1.30385156
  -0.16401532]","[-4.94329313e-01  7.83965348e-03  1.42365367e+02  7.23753743e+01
 -4.90726919e-01  9.33882042e-01]",[-0.51544498  0.04786337 32.94944319 18.98362508 -1.31639152  0.17063445],[-1.3837912   0.09138162 16.7222138  25.14005228 -1.12361978 -0.57826605],"[-9.77261039e-01  3.59325476e-02  4.39852946e+01  4.49851147e+01
 -1.28475577e+00 -7.04512402e-02]","[ 1.89698970e-01  1.32732312e-02 -1.18552234e+02  2.44892367e+01
 -1.25174414e+00  2.44897247e-01]","[-1.09941685e-01  8.96280417e-03 -1.67321813e+02 -1.63956421e+01
 -1.18829817e+00 -5.86955634e-01]","[ 8.04877121e-01  1.75741288e-02  8.98779846e+01 -7.03407335e+01
 -1.36748444e+00  7.92889431e-02]",014
321,2,1.0094847721318407,1,"[  2.70067324   0.24462532   6.43109938 -15.36829799  -1.2765737
  -0.24575556]","[-4.88361579e-01  1.49939586e-02  9.97986865e+01  5.07378441e+01
 -1.00468797e+00  7.02094436e-01]",[-0.48461449  0.05197047 30.40940424 16.73683799 -1.32149423  0.07123108],[-1.34417812  0.05288637 24.86337255 35.4208014  -0.61075867 -0.93497201],"[-9.54497002e-01  3.50648119e-02  4.50886622e+01  4.50369929e+01
 -1.27309560e+00 -1.09524399e-02]","[ 1.81877424e-01  1.12908630e-02 -1.39417899e+02  2.73569684e+01
 -1.24555353e+00  2.36338075e-01]","[-1.15190650e-01  1.10293340e-02 -1.42846610e+02 -1.44545938e+01
 -1.47809222e+00 -5.62228908e-02]","[ 8.15117197e-01  1.70042497e-02  9.26755990e+01 -7.35414744e+01
 -1.37363923e+00 -1.64712301e-01]",014
322,2,0.9862783460396668,1,"[  2.83976062   0.20192766   7.75735726 -20.02903767  -1.23696978
  -0.33418336]","[-4.77644656e-01  2.14990634e-02  7.25041806e+01  3.66312344e+01
 -1.25433144e+00  3.89194567e-01]","[-4.51791542e-01  5.34471039e-02  2.95824148e+01  1.53650848e+01
 -1.31644275e+00  7.15529268e-03]","[ -1.33473389   0.03489754 -11.54574242 -13.41049375  -1.38894812
  -0.41657265]","[-9.31441385e-01  3.61670065e-02  4.36840396e+01  4.26891224e+01
 -1.25558390e+00  9.20614334e-02]","[ 1.75128174e-01  9.76006940e-03 -1.61519921e+02  3.02866888e+01
 -1.24903386e+00  1.93776604e-01]","[-1.20604228e-01  9.57774241e-03 -1.59309561e+02 -1.72134067e+01
 -1.30309272e+00  4.78680408e-01]","[ 8.23758291e-01  1.34403462e-02  1.13585461e+02 -9.15669656e+01
 -1.21118010e+00 -5.32785278e-01]",014
323,2,0.9862783460396668,1,"[  2.95128821   0.15600034   9.96900474 -27.4214062   -1.17639758
  -0.44042963]","[-4.63400253e-01  2.58663454e-02  6.09402622e+01  3.02397330e+01
 -1.33397996e+00  1.78738633e-01]",[-0.41848912  0.05298251 29.83903385 14.48731115 -1.31088383 -0.03681589],"[ -1.35928275   0.07553747 -18.48466795 -23.12589033  -0.65760106
  -0.94459457]",[-0.90659826  0.04022539 39.17030549 37.51173093 -1.22886643  0.20905848],"[ 1.69151154e-01  8.77549787e-03 -1.79972564e+02  3.24425669e+01
 -1.25967513e+00  1.17010785e-01]","[-1.23586879e-01  5.88370408e-03 -1.45571859e+02 -1.59907718e+01
 -1.02785346e+00  4.73314433e-01]","[ 8.28498987e-01  7.83117686e-03  1.29375035e+02 -1.05187086e+02
 -8.03192558e-01 -6.44345279e-01]",014
324,2,0.9862783460396668,1,"[  3.03398686   0.11031343  13.89131625 -40.14607099  -1.06801963
  -0.58968015]","[-4.47186825e-01  2.75732483e-02  5.73287750e+01  2.76366729e+01
 -1.35091398e+00  1.48492516e-02]",[-0.38588585  0.05104369 30.96171627 13.94768835 -1.30794252 -0.07506262],"[ -1.41880455   0.12841469 -11.88963624 -14.86906996  -1.08795354
  -0.59996773]",[-0.87795474  0.04801994 32.69311593 30.70307605 -1.20316135  0.30028415],"[ 1.63617103e-01  8.35373729e-03 -1.89250706e+02  3.29646522e+01
 -1.26999572e+00  2.39477161e-02]","[-1.21640512e-01  9.79797547e-03  1.11760427e+02  1.55945955e+01
 -2.79074198e-01  1.09551925e+00]","[ 8.26688055e-01  1.15166698e-02 -8.86163785e+01  7.52581015e+01
 -2.85625841e-01 -1.08259919e+00]",014
325,2,0.9862783460396668,1,"[  3.08821377   0.06748516  21.70100555 -65.01734418  -0.81011888
  -0.83953707]","[-4.30646493e-01  2.66370182e-02  5.92672330e+01  2.75232260e+01
 -1.33192448e+00 -1.27561971e-01]",[-0.3549871   0.04773451 33.08196373 13.74367047 -1.30602244 -0.12303996],"[ -1.51058187   0.17603206  -8.87599554 -11.40791796  -1.25424283
  -0.36322069]",[-0.84310736  0.06001703 26.0920634  23.99841072 -1.19142316  0.34766225],"[ 1.58211687e-01  8.43115803e-03 -1.87481997e+02  3.16618430e+01
 -1.27631768e+00 -5.60607840e-02]","[-1.12620654e-01  2.16668576e-02  6.69518238e+01  9.54015820e+00
 -7.46854920e-01  8.85088189e-01]","[ 8.15414163e-01  2.73685301e-02 -5.21885652e+01  4.45552952e+01
 -6.36440755e-01 -9.56456591e-01]",014
326,2,0.9862783460396668,1,"[ 3.11526841e+00  3.16176017e-02  3.31500754e+01 -1.01271383e+02
 -4.30001393e-01 -9.70764518e-01]","[-4.15237763e-01  2.35574673e-02  6.67371219e+01  2.97117732e+01
 -1.28537727e+00 -2.57718414e-01]",[-0.32681256  0.04283697 36.78901242 14.02311131 -1.2980437  -0.19755002],"[ -1.62781396   0.21012     -7.50127335 -10.21067751  -1.32633613
  -0.18436942]",[-0.79943428  0.07635179 20.49667578 18.3857453  -1.19535094  0.35737885],"[ 1.52673463e-01  8.88179910e-03 -1.77868799e+02  2.91558456e+01
 -1.28169865e+00 -1.03398140e-01]","[-9.49444041e-02  3.62642129e-02  4.20890032e+01  5.99611533e+00
 -1.04570800e+00  6.19649310e-01]","[  0.79161962   0.04924532 -30.64229141  26.25703921  -0.93761381
  -0.71264845]",014
327,2,0.984263612658146,1,"[ 3.11689581e+00  2.82961687e-02 -3.49717412e+01  1.11003274e+02
 -5.78273230e-01 -8.49094634e-01]","[-4.02000612e-01  1.91928538e-02  8.14086121e+01  3.47263119e+01
 -1.21706856e+00 -3.75235355e-01]","[-3.02537846e-01  3.59958876e-02  4.35282694e+01  1.51689489e+01
 -1.26558985e+00 -3.21573488e-01]","[ -1.75987716   0.22458113  -7.03822151 -10.38640528  -1.35325434
  -0.02434813]",[-0.7442943   0.09684375 16.17174239 14.03653562 -1.20901396  0.34322103],"[ 1.46820148e-01  9.54919461e-03 -1.65398067e+02  2.62837686e+01
 -1.28891547e+00 -1.17013374e-01]",[-0.06772538  0.05183648 29.97840324  4.03029866 -1.1777765   0.4476236 ],"[  0.7522386    0.07621223 -20.18926826  17.18714692  -1.07656363
  -0.56124058]",014
328,2,0.9599786241880472,1,"[ 3.09510434e+00  5.70728728e-02 -2.59010842e+01  8.21665582e+01
 -9.12144879e-01 -7.71844583e-01]","[-3.91399355e-01  1.45605785e-02  1.06663449e+02  4.37480052e+01
 -1.14039343e+00 -4.64484154e-01]","[-2.83551756e-01  2.69746486e-02  5.69512420e+01  1.81486247e+01
 -1.14736942e+00 -5.41703271e-01]","[ -1.8931977    0.21570377  -7.31441654 -11.84763654  -1.34420326
   0.1451541 ]",[-0.67523095  0.12101622 12.95985324 10.75089398 -1.22631805  0.31645962],"[ 1.40561667e-01  1.02742862e-02 -1.53754971e+02  2.36120550e+01
 -1.29754285e+00 -1.05605647e-01]",[-0.0308266   0.06706611 23.36455176  2.72024981 -1.24421238  0.32691624],"[  0.69436044   0.10774029 -14.4183501   12.0115319   -1.15252421
  -0.45861249]",014
329,2,1.009319926493353,1,"[  3.05227296   0.08697931 -17.79934728  56.32846645  -1.17798302
  -0.47967494]","[-3.83272415e-01  1.06462354e-02  1.45958976e+02  5.79420491e+01
 -1.09562965e+00 -4.67172133e-01]","[-2.71431544e-01  1.61915924e-02  8.48218761e+01  2.50233328e+01
 -7.00372454e-01 -9.02327450e-01]","[ -2.01250805   0.1825593   -8.55161014 -15.21018429  -1.27538528
   0.36390832]",[-0.5901623   0.14812438 10.60481836  8.25856397 -1.24355478  0.28406457],"[ 1.33902739e-01  1.09095220e-02 -1.44860408e+02  2.13972054e+01
 -1.30625679e+00 -7.75595284e-02]","[ 1.51616434e-02  8.08047238e-02  1.94777621e+01  1.70468512e+00
 -1.28063901e+00  2.34844207e-01]","[  0.61541621   0.1430942  -10.91689858   8.71843637  -1.19986661
  -0.38212141]",014
330,2,1.009319926493353,1,"[  2.99140639   0.11253562 -13.94038768  43.70136473  -1.27215806
  -0.3003382 ]","[-3.76891010e-01  8.32722918e-03  1.88856760e+02  7.31784150e+01
 -1.13261751e+00 -2.35969300e-01]","[-2.67860291e-01  9.69010494e-03 -1.40720727e+01 -1.76934948e+00
 -1.66144390e+00 -2.88304883e-01]","[ -2.10219565   0.12778553 -11.65037974 -22.49137758  -1.01018163
   0.70563686]",[-0.48754538  0.17719288  8.87831221  6.32858013 -1.25905977  0.24976867],"[ 1.26937734e-01  1.13230955e-02 -1.39619945e+02  1.97230394e+01
 -1.31380352e+00 -3.73729191e-02]",[ 0.06900415  0.09209616 17.13192432  0.81782611 -1.30124356  0.15976383],[ 0.51338276  0.18122955 -8.65123404  6.44139438 -1.23219621 -0.3206649 ],014
331,2,0.9731064074820178,1,"[  2.91633604   0.13154563 -11.98832714  36.96199045  -1.31148864
  -0.17351575]","[-3.71101225e-01  8.35982603e-03  1.88058994e+02  7.17889233e+01
 -1.11837973e+00  2.38475865e-01]","[-2.74505879e-01  2.15079987e-02 -6.28223436e+01 -1.52451026e+01
 -5.06818010e-01 -1.02950181e+00]","[ -2.14753535   0.06711168 -13.2847927  -26.52956189  -0.79499628
   0.6816283 ]",[-0.36651308  0.20705643  7.60769967  4.78832145 -1.27235754  0.21529841],"[ 1.19837587e-01  1.14047154e-02 -1.38633022e+02  1.86134468e+01
 -1.31818748e+00  1.31300104e-02]",[ 0.1289476   0.10022118 15.76435674 -0.032776   -1.31236889  0.09520214],[ 0.3869949   0.22076808 -7.12007027  4.75543089 -1.25571988 -0.26825888],014
332,2,0.8885194258121096,1,"[  2.83170157   0.1426324  -11.07978377  33.37464105  -1.32692922
  -0.07168229]","[-3.64514485e-01  1.10045281e-02  1.40631299e+02  5.32621456e+01
 -1.04155103e+00  5.20000207e-01]","[ -0.2928691    0.04018316 -37.4257202   -8.96083709  -0.9472912
  -0.71947849]",[-2.13572401  0.09103285 12.10434277 27.85153546 -0.36155854  1.03299747],[-0.22698528  0.23639699  6.67076267  3.51416494 -1.28352737  0.18120245],"[ 1.12827644e-01  1.10809268e-02 -1.42623884e+02  1.80919169e+01
 -1.31660776e+00  7.24347320e-02]",[ 0.19287267  0.10472557 15.09579823 -0.91156692 -1.31719719  0.03712076],[ 0.23595286  0.26001162 -6.05684972  3.429131   -1.2735806  -0.2213469 ],014
333,2,0.692011824793342,1,"[ 2.74269511e+00  1.45173485e-01 -1.08902387e+01  3.18686045e+01
 -1.32887205e+00  1.89352181e-02]","[-3.55721024e-01  1.59095258e-02  9.69398514e+01  3.64835432e+01
 -1.06467150e+00  5.47690354e-01]","[ -0.32410635   0.06111596 -25.26590848  -6.18884148  -1.12435956
  -0.51940039]",[-2.05673374  0.19245253  7.62188494 17.67618792 -0.82276145  0.83161618],[-0.06975683  0.2637757   5.98373695  2.41740654 -1.29282962  0.14734412],"[ 1.06157168e-01  1.03354087e-02 -1.52737890e+02  1.82142219e+01
 -1.30662583e+00  1.38305597e-01]",[ 0.25844588  0.10540825 14.99934189 -1.87651816 -1.31755498 -0.01779268],[ 0.06110787  0.29698998 -5.31025185  2.32449818 -1.28748498 -0.17758897],014
334,0,0.8212071592075504,0,[ 2.63486705  0.17232117 -9.07515729 25.91183289 -1.02935661 -0.3392607 ],[-0.33224339  0.04539794 30.5867608  12.16224915 -0.1593149   1.20763266],[-0.4043547   0.15357473 -9.24524894 -1.73835984 -0.270625   -1.12335752],[-1.73959325  0.64876018  2.10856983  5.66805384 -0.10759168  1.25066473],[ 0.18613363  0.44141588  3.3929404   1.3684597  -0.60406617  0.82395437],"[ 9.88664663e-02  1.11514728e-02 -1.40871313e+02  1.59274489e+01
 -1.07296352e+00 -2.15318910e-01]",[ 0.34148433  0.13358576 11.611286   -1.96507219 -0.92476048  0.46745787],[-0.23254443  0.51119861 -2.92033023  1.32089346 -0.58097889 -0.84826589],014
335,0,0.8212071592075504,0,[ 2.5414699   0.16219785 -9.55421935 26.2817609  -1.56584137  0.02857278],[-0.30328622  0.06120186 24.59585882  9.45958515 -1.57758134  0.43778087],[-0.5011332   0.20055714 -7.55808305 -1.78760635 -1.59220502 -0.40065832],[-1.3259571   0.89123958  1.68556829  4.23499124 -1.56952858  0.44935489],[ 0.45421222  0.51471608  2.98877559  0.64246161 -1.61979501  0.27864993],"[ 9.26852417e-02  1.02482899e-02 -1.51909481e+02  1.60797670e+01
 -1.52682934e+00  5.42201984e-02]",[ 0.41707601  0.13421521 11.5645277  -2.82328709 -1.60237568  0.07885611],[-0.54304399  0.60032766 -2.56021551  0.60969036 -1.62200291 -0.2856183 ],014
336,0,0.8212071592075504,0,"[  2.46809345   0.12860817 -11.17241005  29.57455209  -1.46954531
   0.56864645]",[-0.26927408  0.06892949 22.50153565  8.05908028 -1.61392027 -0.10514912],[-0.61240601  0.2212656  -7.01128499 -2.29375305 -1.61078338  0.12899299],[-0.82546458  1.01777269  1.52547063  3.25922196 -1.60193272 -0.08402597],[ 0.72838245  0.51975418  2.96629805 -0.16059944 -1.62264563 -0.25033483],"[ 8.76557021e-02  8.36455090e-03 -1.78217066e+02  1.76217420e+01
 -1.47934574e+00  5.18742481e-01]",[ 0.4823686   0.11648625 12.8442031  -4.19564033 -1.56842488 -0.46224385],[-0.86227996  0.60793187 -2.53550506 -0.18631519 -1.62549401  0.24939175],014
337,0,0.8212071592075504,0,"[  2.41931603   0.0805589  -12.59990318  32.48314768   0.10840424
   1.39865777]",[-0.23136166  0.06674142 23.12219985  7.34959054 -0.88302364 -0.54236978],[-0.73536278  0.21291042 -7.24694495 -3.32913356 -0.86695433  0.53682023],[-0.25365424  1.00725306  1.53914072  2.39040957 -0.92120298 -0.476145  ],[ 1.00173471  0.45504239  3.3127268  -1.31847342 -0.65851785 -0.77345759],"[ 8.37095152e-02  5.80593299e-03 -2.33623279e+02  2.15564915e+01
 -5.22724023e-02  1.28222849e+00]",[ 0.53494876  0.08308629 16.06432506 -6.5935907  -0.03233104 -1.30771828],[-1.18103976  0.53196592 -2.83138155 -1.34397418 -0.65355982  0.78062679],014
338,0,0.8212071592075504,0,"[ 2.39860398e+00  3.57461740e-02  3.44729875e+01 -8.06870451e+01
 -4.33691609e-01  1.02305380e+00]",[-0.19134502  0.04878674 32.3838623   8.19649072 -1.32885794 -0.09005679],"[-8.66606765e-01  1.61016040e-01 -9.81958464e+00 -6.50971849e+00
 -1.31379018e+00 -3.83157508e-03]","[ 3.68823159e-01  7.86401462e-01  2.01051812e+00  1.25847435e+00
 -1.32154050e+00  6.21052480e-04]",[ 1.26691278  0.2826381   5.5848936  -5.07557307 -1.30161351 -0.14216705],"[ 8.06739566e-02  1.84561721e-03 -8.46639030e+02  7.03017203e+01
 -1.10100850e+00  3.85452503e-01]","[ 5.72999119e-01  1.99639977e-02  6.37833368e+01 -3.45477958e+01
 -4.66018116e-01 -1.02071672e+00]",[-1.4895253   0.32690786 -4.82637657 -5.18901001 -1.30004589  0.16011988],014
339,0,0.8212071592075504,0,"[  2.42808489   0.06917824  21.6361556  -50.53442255  -0.94971182
   0.73035102]",[-0.16275547  0.04420379 35.63251933  7.79938752 -1.30741501 -0.2090165 ],[-0.96687041  0.15922749 -9.92876306 -7.59982722 -1.31228447  0.03779451],[ 0.85298633  0.76954535  2.05382307  0.24811699 -1.31887307 -0.0659438 ],[ 1.43386267  0.25197208  6.25367877 -6.96691654 -1.28705515 -0.20337165],"[ 7.94868528e-02  1.60952086e-03 -9.80608477e+02  7.99454817e+01
 -1.15300645e+00 -9.98011805e-03]","[ 5.77216673e-01  1.18137936e-02 -3.78524289e+01  2.38490531e+01
 -1.40657602e+00 -3.81909677e-01]",[-1.6808089   0.28695072 -5.48543335 -7.21996519 -1.2808607   0.23248321],014
340,0,0.8212071592075504,0,"[  2.48081736   0.10451585  14.80665611 -34.73260945  -1.15461685
   0.49170438]","[-1.38079980e-01  3.65713648e-02  4.27171604e+01  7.89838465e+00
 -1.24852052e+00 -3.66847191e-01]","[ -1.06469501   0.15314917 -10.31876037  -8.98633265  -1.30852997
   0.07942944]",[ 1.31610109  0.71952438  2.19397982 -0.88749923 -1.30893214 -0.13736938],[ 1.57947255  0.21476936  7.31520763 -9.55416961 -1.26242448 -0.27705864],"[ 7.82892077e-02  1.87471214e-03 -8.32561292e+02  6.71805639e+01
 -1.08958944e+00 -4.04055680e-01]","[ 5.69918475e-01  2.35167988e-02 -6.07732665e+01  3.66358073e+01
 -8.00051726e-01 -8.55484008e-01]","[ -1.84422048   0.23850037  -6.57106798 -10.11849815  -1.24620442
   0.32405432]",014
341,0,0.8273739237066355,0,"[  2.55588038   0.13842481  11.30471188 -26.89349132  -1.23434853
   0.3495162 ]","[-1.19128025e-01  2.64708259e-02  5.75611585e+01  8.85714715e+00
 -1.08599895e+00 -6.08819735e-01]","[ -1.15751503   0.14320328 -11.02763395 -10.76465205  -1.30191397
   0.12263622]",[ 1.73852167  0.63974415  2.46168031 -2.27968458 -1.28876675 -0.21824761],"[  1.70023612   0.17302569   9.03192944 -13.35641271  -1.21977299
  -0.37178789]","[ 7.68056966e-02  2.59719441e-03 -5.95219163e+02  4.77162225e+01
 -1.06517573e+00 -5.27053548e-01]","[ 5.52397314e-01  3.73583314e-02 -4.13109318e+01  2.48200478e+01
 -1.17817851e+00 -5.01579803e-01]","[ -1.97517107   0.18424992  -8.43080956 -14.65229112  -1.17909336
   0.45079129]",014
342,0,0.8273739237066355,0,"[  2.65160226   0.16932798   9.28755301 -22.62689655  -1.27157429
   0.25472223]","[-1.07383439e-01  1.51461102e-02  8.83539469e+01  1.14877507e+01
 -5.94432293e-01 -9.61560902e-01]","[ -1.24309796   0.12998783 -12.13558618 -13.08572247  -1.29174265
   0.16854491]",[ 2.10344311  0.5360745   2.92467318 -4.15188367 -1.25206003 -0.31602334],"[  1.7939098    0.12902091  11.98164314 -19.49398704  -1.13837129
  -0.50590279]","[ 7.47859139e-02  3.68473824e-03 -4.20278324e+02  3.34308985e+01
 -1.11241314e+00 -4.99492795e-01]","[  0.52659744   0.04834403 -32.47620673  19.10188746  -1.2918952
  -0.28049698]","[ -2.07077044   0.12745201 -11.91913155 -22.68178529  -1.0280273
   0.64777471]",014
343,0,0.8273739237066355,0,"[  2.76570042   0.19619578   8.03602811 -20.22524634  -1.29016082
   0.18631775]","[-1.03934838e-01  8.73167133e-03 -2.54146967e+01 -6.41472381e-01
 -1.61977495e+00 -3.02874326e-01]","[ -1.31961922   0.11424253 -13.78601008 -16.19228393  -1.27727534
   0.2190588 ]",[ 2.3981134   0.41627201  3.73312806 -6.95246441 -1.18312429 -0.44569578],"[  1.85957842   0.08523536  17.62156792 -30.76868751  -0.95212216
  -0.7206749 ]","[ 7.20280916e-02  5.03362602e-03 -3.09360086e+02  2.42826166e+01
 -1.17288476e+00 -4.27541166e-01]","[  0.49493641   0.0553658  -28.51268205  16.11196463  -1.32850044
  -0.13079866]","[ -2.12996398   0.07249678 -19.17857417 -38.84967224  -0.62168401
   0.96562053]",014
344,0,0.9227352299124753,0,"[  2.89549031   0.21851102   7.22515826 -18.92037576  -1.29906985
   0.13530054]","[-1.09480067e-01  1.83141172e-02 -7.54484698e+01 -6.26010356e+00
 -6.17495447e-01 -9.65137595e-01]","[ -1.3856906    0.09673331 -16.24088125 -20.50483641  -1.25655107
   0.2789714 ]","[  2.61460315   0.2893364    5.25617684 -11.74281653  -1.03406946
  -0.64065782]","[ 1.89759605e+00  4.50765856e-02  2.91334993e+01 -5.32836132e+01
 -4.70713446e-01 -1.03765297e+00]","[ 6.83954072e-02  6.53043956e-03 -2.39662717e+02  1.83918291e+01
 -1.22143143e+00 -3.50655429e-01]","[ 4.60079213e-01  5.81018827e-02 -2.72096876e+01  1.45186117e+01
 -1.33578977e+00 -1.35292730e-02]","[ -2.15352344   0.03298621 -11.34821152 -22.43863946  -1.43023156
   0.39982857]",014
345,0,0.9227352299124753,0,"[  3.03812952   0.23625553   6.68737234 -18.31710333  -1.30287877
   0.09700088]","[-1.24383075e-01  3.23283038e-02 -4.69965332e+01 -3.84557332e+00
 -1.02847748e+00 -6.46761085e-01]","[ -1.44032679   0.07811092 -20.02421954 -26.84141987  -1.22300018
   0.3592133 ]","[  2.75008542   0.16616787   8.43740423 -21.20358235  -0.64416032
  -0.95351898]",[ 1.9094356   0.02290371 -8.50158447 18.23322805 -1.67610911 -0.26245046],"[ 6.38208384e-02  8.06555695e-03 -1.94761275e+02  1.44298279e+01
 -1.25451818e+00 -2.81603567e-01]","[  0.42470749   0.05668616 -27.87088825  13.8369751   -1.32711016
   0.09124466]","[-2.14390234e+00  5.12679526e-02  2.57574030e+01  5.72213565e+01
 -6.02358883e-01  9.44521163e-01]",014
346,0,0.9227352299124753,0,"[  3.19080531   0.24970748   6.32961166 -18.19655848  -1.30462573
   0.06755585]","[ -0.14873871   0.04692026 -33.09395067  -2.92235157  -1.17059046
  -0.45713733]","[ -1.48286261   0.05885472 -26.32065204 -37.02991076  -1.15544724
   0.48313052]","[  2.80667673   0.07422292   6.84109845 -17.2007518   -1.21892067
  -0.50783421]","[ 1.89749586e+00  4.32769294e-02 -3.25288188e+01  6.37232990e+01
 -7.50614107e-01 -8.82867943e-01]","[ 5.83019419e-02  9.54699755e-03 -1.64942600e+02  1.16164739e+01
 -1.27556177e+00 -2.23338511e-01]","[  0.39131959   0.05157    -30.55646187  13.95734207  -1.30412909
   0.1983277 ]",[-2.10498034  0.08918423 17.11280994 38.02212849 -1.10691228  0.59172524],014
347,0,0.9227352299124753,0,"[  3.3507605    0.25905574   6.10256406 -18.44823061  -1.30642038
   0.04226883]","[ -0.18239504   0.06131711 -25.5350901   -2.65747388  -1.23234833
  -0.34190835]","[-1.51286884e+00  3.94201486e-02 -3.81904467e+01 -5.57771367e+01
 -9.79604151e-01  7.00437356e-01]","[  2.79100689   0.10454011 -12.37509114  36.53896465  -0.59647458
  -0.93249072]","[  1.86490585   0.07059197 -21.80156137  42.65785933  -1.15319917
  -0.52935739]","[ 5.18919740e-02  1.09015863e-02 -1.44679476e+02  9.50770363e+00
 -1.28937943e+00 -1.74213955e-01]","[  0.36207893   0.04341199 -36.08937731  15.06720314  -1.25832837
   0.32532936]",[-2.04173033  0.12184428 12.83818941 28.21212073 -1.25956145  0.34653932],014
348,2,1.0086163253891305,1,"[ 3.51510702e+00  2.63972256e-01  5.98963200e+00 -1.90541975e+01
 -1.30930631e+00  1.53107059e-02]","[ -0.22490241   0.07490827 -20.99080756  -2.72088314  -1.26760842
  -0.25913205]","[-1.53011966e+00  2.09993106e-02 -6.14265117e+01 -9.19899134e+01
 -4.83568838e-01  1.01556290e+00]",[ 2.71367932  0.18107997 -8.4354528  24.89111379 -1.13240783 -0.57582026],"[  1.81534387   0.09344674 -16.7726984   32.44821516  -1.27002657
  -0.31531788]","[ 4.46941229e-02  1.20620683e-02 -1.30903060e+02  7.85059747e+00
 -1.29989328e+00 -1.29921550e-01]","[ 3.38714474e-01  3.30128147e-02 -4.68013799e+01  1.78523048e+01
 -1.15810375e+00  5.02513510e-01]",[-1.95984555  0.14585726 10.80401559 23.17420189 -1.30796198  0.19627919],014
349,2,1.0086163253891305,1,"[ 3.68045887e+00  2.63335367e-01  6.00399509e+00 -2.00974570e+01
 -1.31300786e+00 -1.97937003e-02]","[ -0.27539426   0.08688168 -18.14520278  -2.99708473  -1.2921015
  -0.18883956]","[-1.53463054e+00  1.23269822e-02  3.25636860e+01  5.19732272e+01
 -1.44988479e+00  3.72653004e-01]",[ 2.58864019  0.2414912  -6.49333571 18.80890981 -1.29739914 -0.29843581],"[  1.75286779   0.11011606 -14.31857406  27.09856734  -1.30978956
  -0.18002336]","[ 3.68618658e-02  1.29502356e-02 -1.22019524e+02  6.49786733e+00
 -1.30896773e+00 -8.52484291e-02]","[ 3.22470855e-01  2.13617663e-02 -6.90422014e+01  2.42640977e+01
 -8.88276969e-01  7.88489535e-01]",[-1.86536084  0.16045733  9.84654613 20.36736152 -1.32362198  0.09035721],014
350,2,1.0086163253891305,1,"[  3.84250552   0.2552673    6.1913946  -21.79046796  -1.31548329
  -0.06984023]","[ -0.33244044   0.09618049 -16.41907818  -3.45836555  -1.31038679
  -0.12074039]","[-1.52674267e+00  2.52575546e-02  5.60461896e+01  8.75681093e+01
 -7.33725846e-01  8.96829745e-01]",[ 2.43236191  0.27605684 -5.7201022  15.91335872 -1.34509064 -0.11046681],"[  1.68174313   0.12010067 -13.15705887  24.12679331  -1.32351976
  -0.08103071]","[ 2.86033685e-02  1.34709694e-02 -1.17358568e+02  5.35685037e+00
 -1.31627809e+00 -3.57878602e-02]","[ 3.14104348e-01  1.04479077e-02 -9.85564349e+01  3.29570047e+01
 -4.94829826e-01  9.17279561e-01]","[-1.76429520e+00  1.65778759e-01  9.53706558e+00  1.88261990e+01
 -1.32556993e+00  6.04785066e-03]",014
351,2,1.0086163253891305,1,"[  3.99571317   0.23754173   6.64465493 -24.55013518  -1.31177214
  -0.14272579]","[ -0.39393408   0.10161237 -15.5566442   -4.12829239  -1.32293698
  -0.04869309]","[-1.50719908e+00  4.17962611e-02  3.67080974e+01  5.73264107e+01
 -1.11663066e+00  5.62788433e-01]",[ 2.26273252  0.28212586 -5.60210263 14.67605982 -1.34908959  0.0456439 ],"[ 1.60625587e+00  1.23411274e-01 -1.28112316e+01  2.25781160e+01
 -1.32520613e+00  5.67988569e-04]","[ 2.01835458e-02  1.35255216e-02 -1.16891853e+02  4.35929208e+00
 -1.31995298e+00  2.12966485e-02]","[ 3.13918894e-01  1.00704630e-02  9.98045281e+01 -2.93305270e+01
 -5.44967789e-01  8.75979414e-01]",[-1.66233453  0.16252508  9.72443235 18.16525965 -1.31965942 -0.06819264],014
352,2,1.0086163253891305,1,"[  4.1333223    0.20827169   7.55049591 -29.20863312  -1.29069073
  -0.25070941]","[ -0.45706826   0.10204779 -15.49161118  -5.08072372  -1.32814209
   0.03247205]",[-1.47714876  0.05692401 27.45850041 42.56028995 -1.23833482  0.36369226],[ 2.09759381  0.26058819 -6.04522852 14.68043394 -1.32047688  0.20101929],"[  1.53050765   0.12046193 -13.11906191  22.07882458  -1.31909976
   0.07447366]","[ 1.19168900e-02  1.30379753e-02 -1.21189402e+02  3.44420077e+00
 -1.31738395e+00  8.79476601e-02]","[ 3.21831735e-01  2.04936499e-02  7.20300591e+01 -2.11815589e+01
 -8.96168455e-01  7.82362074e-01]",[-1.56456616  0.15181645 10.39776166 18.267986   -1.30723221 -0.1396696 ],014
353,2,1.0086163253891305,1,"[  4.24770511   0.16671241   9.33313853 -37.64442027  -1.22187138
  -0.41960513]","[ -0.51843017   0.09663945 -16.33652559  -6.46934781  -1.32193545
   0.12988903]",[-1.43804565  0.06969445 22.57434323 34.46293607 -1.281734    0.24302647],[ 1.9529995   0.21568868 -7.23452314 16.12902004 -1.244347    0.38208191],"[  1.45820314   0.11202947 -14.08813938  22.54336913  -1.30589815
   0.1467391 ]","[ 4.14971482e-03  1.19774442e-02 -1.31696264e+02  2.54650194e+00
 -1.30540795e+00  1.67538546e-01]","[ 3.37448083e-01  3.17067723e-02  4.87335762e+01 -1.44450519e+01
 -1.15278911e+00  5.03750781e-01]",[-1.47527139  0.1350722  11.66115108 19.20336251 -1.28707818 -0.21456245],014
354,2,1.0086163253891305,1,"[  4.33103113   0.11430023  13.09020188 -54.69407179  -0.99421908
  -0.70719611]","[ -0.57421055   0.08501293 -18.49105978  -8.61776159  -1.29374357
   0.25713914]",[-1.39146684  0.07995008 19.73164055 29.45592358 -1.29691515  0.16600608],[ 1.84143452  0.15490099 -9.81904316 20.08112502 -1.06310577  0.62745846],"[  1.39245159   0.09920151 -15.87341623  24.10296368  -1.28427896
   0.22217304]","[-2.76254147e-03  1.03618133e-02 -1.51650745e+02  1.58105853e+00
 -1.27776685e+00  2.69436714e-01]","[  0.36011553   0.04205588  37.22030882 -11.40361108  -1.24202133
   0.34297544]",[-1.39777845  0.11390685 13.77677603 21.25688063 -1.25502308 -0.3000613 ],014
355,0,0.8166661133598156,0,[ 4.13618336  0.53667685 -1.85594319  9.67652135  0.18727805 -1.45548272],[-0.56034392  0.11045806  3.74602547  4.0990626  -0.81917112  0.68658543],[-1.25664968  0.25553882  5.27715804  8.63153896 -0.01548081  1.29980747],[ 1.80719151  0.09973185 -3.06450329  7.53814432 -1.71096781  0.07922694],"[  1.33222944   0.08821992 -17.87555365  25.81433887  -1.22216319
   0.17217585]","[-2.34772860e-03  1.10876175e-02  2.01966382e+01  2.04741623e+00
 -1.15458432e+00  3.90359831e-01]",[ 0.428982    0.13242667 10.28206598 -2.41082121 -0.05658535  1.27304676],[-1.34614673  0.07727923 18.57588466 27.00586645 -1.02197924 -0.63437832],014
356,0,0.8206796909913096,0,[ 3.85819771  0.7582387  -1.82735433  9.0502943  -1.70988265 -0.46209656],[-0.51208179  0.16805683  7.50282227  5.84205869 -1.47906971  0.45749922],[-1.11635307  0.31226304  4.7112413   7.25940869 -1.76833101  0.37765817],"[  1.78414597   0.0797665    7.42966633 -11.25560921  -0.9567735
   0.45797877]","[  1.2896017    0.06488497 -23.09119524  31.77844456  -1.21817427
   0.45825383]","[ 2.16450906e-03  1.69750530e-02  7.21512381e+01  1.84382799e+00
 -1.37800874e+00  4.59940429e-01]",[ 0.49642331  0.15372787  9.54227189 -2.73700621 -1.7945458   0.34182451],[-1.31824171  0.04172754 20.17466556 28.59508559 -0.63028479 -0.56734655],014
357,0,0.8206796909913096,0,[ 3.50295292  0.86651067 -1.72898182  8.05654193 -1.73831369  0.23676411],[-0.42904223  0.21865929  6.89642394  4.95885708 -1.60121526 -0.05022805],[-0.97275869  0.31590484  4.68306359  6.5554908  -1.76983445 -0.35409148],[ 1.75265624  0.10206228 -1.64137694  4.87676953 -1.00099234  0.47651755],"[ 1.26290757e+00  3.94042655e-02 -3.05539480e+01  4.05868123e+01
 -8.25710030e-01  7.55227370e-01]","[ 1.08879107e-02  2.31176479e-02  6.53153886e+01  1.28885188e+00
 -1.53545485e+00  3.61100175e-02]",[ 0.55903004  0.14457289  9.74556497 -3.44806361 -1.7831486  -0.42900877],"[-1.31086024e+00  2.86749672e-02 -3.29802057e+01 -4.12324404e+01
 -9.86488068e-01  3.03682317e-01]",014
358,0,0.8206796909913096,0,[ 3.08009477  0.82057797 -1.79188199  7.51916633 -0.44705229  0.94196617],[-0.3126341   0.23638071  6.52102221  4.03869394 -0.84844538 -0.54250548],[-0.82803252  0.26543748  5.19452105  6.30123233 -0.09917789 -1.23393771],[ 1.69200125  0.18252026 -6.17900183 12.45487879 -0.85467109 -0.44642829],[ 1.24962426  0.0197876  -9.53650603 13.91704927 -1.03653685  0.22930524],"[ 2.38025179e-02  2.63319067e-02  5.92178759e+01  5.90465452e-01
 -9.71740803e-01 -3.70912778e-01]",[ 0.61359202  0.10893517 10.1884032  -4.2515229   0.23982513 -1.49237598],"[-1.31981810e+00  3.72538711e-02 -4.22869333e+01 -5.38110602e+01
 -1.31858243e+00  2.00737727e-01]",014
359,0,0.8206796909913096,0,[ 2.60281653  0.45301546 -3.48961513 11.08282795 -1.31713192  0.04337908],[-0.1660953   0.1791496   8.82467943  3.46573778 -1.31991706  0.03314784],[-0.68436188  0.09738918 16.21520555 13.09706851 -1.30248957 -0.12276163],[ 1.58257761  0.30207085 -5.15705355 10.16143746 -1.20364619 -0.41425883],"[ 1.24656057e+00  1.50162774e-02  1.03629968e+02 -1.27181031e+02
 -1.27943697e+00 -3.93446509e-01]","[ 4.07632676e-02  2.25315470e-02  7.00956312e+01 -8.57326971e-01
 -1.30193242e+00  1.17278012e-01]","[ 6.57250511e-01  1.22318192e-02 -8.88110777e+01  6.03711262e+01
 -4.82474627e-01 -9.33205905e-01]","[-1.34020989e+00  3.04458760e-02 -5.11211821e+01 -6.65131137e+01
 -1.24896573e+00  4.05723653e-01]",014
360,0,0.8206796909913096,0,[ 2.32742314  0.43087177 -3.66610273 10.53257231 -1.31322831  0.10610682],[-0.05458465  0.17913477  8.82539858  2.48173129 -1.32149251 -0.03225844],[-0.62623156  0.08829997 17.86335127 13.18659425 -1.2923013  -0.17159928],[ 1.37093675  0.38180463 -4.11173037  7.63692227 -1.26288008 -0.29117735],"[ 1.25342056e+00  9.94177178e-03  1.43024015e+02 -1.77269240e+02
 -8.72304504e-01 -8.01862798e-01]","[ 5.53797457e-02  2.40713100e-02  6.56512412e+01 -1.63574904e+00
 -1.30567299e+00  7.99232694e-02]","[ 6.47614044e-01  2.42611364e-02 -6.12721925e+01  4.16807324e+01
 -9.39143007e-01 -7.49019339e-01]","[-1.35488554e+00  2.05772321e-02 -7.13981968e+01 -9.47363844e+01
 -9.45293188e-01  7.56616183e-01]",014
361,0,0.8206796909913096,0,[ 2.0722475   0.39079467 -4.03409916 10.35965192 -1.30135785  0.18621478],[ 0.05422614  0.17106155  9.23411403  1.49926967 -1.31690803 -0.10566598],[-0.57438766  0.0773357  20.35905628 13.69399069 -1.27611821 -0.22683307],[ 1.1124827   0.44985318 -3.50288029  5.89689371 -1.29101028 -0.20196212],"[ 1.25564824e+00  6.08702929e-03  7.24259497e+00 -7.09415161e+00
 -1.72708221e+00 -2.36413943e-01]","[ 7.08260955e-02  2.51293691e-02  6.29076717e+01 -2.45550476e+00
 -1.30764119e+00  4.83380760e-02]","[ 6.29461989e-01  3.65451187e-02 -4.24093247e+01  2.86950578e+01
 -1.18316622e+00 -4.69032642e-01]","[-1.36157506e+00  1.07349608e-02 -6.24513039e+01 -8.30321381e+01
 -1.13876095e+00  4.85816363e-01]",014
362,0,0.8206796909913096,0,[ 1.84899596  0.33242464 -4.71960384 10.72652842 -1.26985284  0.29966978],[ 0.15515513  0.15474473 10.18432647  0.41984953 -1.30154529 -0.19595315],[-0.529815    0.0650792  24.12653767 14.78260157 -1.25184533 -0.29089681],[ 0.81517015  0.50358742 -3.13497132  4.55553504 -1.30328158 -0.13570009],"[ 1.25135346e+00  1.40364615e-02 -9.31643680e+01  1.18581554e+02
 -3.85291640e-01 -1.09518851e+00]","[ 8.67929417e-02  2.57063802e-02  6.15053120e+01 -3.33822695e+00
 -1.30884124e+00  1.95368529e-02]","[  0.60385524   0.04716049 -33.26712994  22.08853059  -1.26847681
  -0.30034739]","[-1.35799481e+00  1.78797492e-02  6.68001313e+01  9.27142315e+01
 -3.29490997e-01  1.08574376e+00]",014
363,0,0.850226205660724,0,[ 1.66939663  0.25658616 -6.03291775 12.07133255 -1.18165987  0.4790441 ],[ 0.24303759  0.1304816  12.01141174 -0.91922451 -1.26281513 -0.31851385],[-0.49311468  0.0522091  29.94280189 16.76523511 -1.21447417 -0.3687176 ],[ 0.48783313  0.54280827 -2.91106347  3.4201132  -1.30707336 -0.08705834],"[ 1.23860639e+00  2.82296095e-02 -5.25603483e+01  6.71015833e+01
 -8.40636254e-01 -8.03991335e-01]","[ 1.02966154e-01  2.57912746e-02  6.13042638e+01 -4.31226425e+00
 -1.30955408e+00 -9.29421960e-03]","[  0.57223499   0.05534458 -28.48664032  18.30105233  -1.30489362
  -0.18384129]","[-1.34201823e+00  3.73689299e-02  3.94237898e+01  5.49074444e+01
 -8.22170174e-01  8.25947823e-01]",014
364,0,0.850226205660724,0,[ 1.54450301  0.16712161 -8.78742243 15.57220043 -0.89540938  0.78805125],[ 0.31302496  0.09926026 15.55485914 -2.86905918 -1.16166533 -0.5057361 ],[-0.46444183  0.03944875 39.34087799 20.27154942 -1.15367919 -0.46762487],[ 0.13892821  0.56923268 -2.77702694  2.38580738 -1.30674813 -0.0527863 ],"[  1.21544731   0.04601709 -33.24501948  42.40756952  -1.03586873
  -0.61129197]","[ 1.19021174e-01  2.53590323e-02  6.23412214e+01 -5.41992536e+00
 -1.30946604e+00 -4.06413397e-02]","[  0.53635264   0.06059505 -26.07404473  15.98488264  -1.32158737
  -0.09086353]",[-1.31169749  0.06102536 25.08979221 34.91021747 -1.0537512   0.59989387],014
365,0,0.9039073523204656,0,"[  1.4837399    0.08251695 -10.52056446  17.60978124  -0.74389653
   0.73403589]",[ 0.36092131  0.06330471 23.01628161 -6.30706657 -0.85106667 -0.82006897],"[-4.43472907e-01  2.75522632e-02  5.56116143e+01  2.66622442e+01
 -1.05048414e+00 -5.97248869e-01]",[-0.22430037  0.58557899 -2.69992988  1.39440472 -1.30516221 -0.02976039],"[  1.17994439   0.06698631 -23.12607681  29.28748466  -1.13022455
  -0.49122828]","[ 1.34617018e-01  2.43767257e-02  6.48308868e+01 -6.72734065e+00
 -1.30791811e+00 -7.68629728e-02]","[ 4.98189446e-01  6.25777936e-02 -2.52650198e+01  1.45867662e+01
 -1.32721247e+00 -6.96225351e-03]",[-1.26531743  0.08752153 17.73728996 24.44330217 -1.15424852  0.46464507],014
366,0,0.95585672391299,0,"[  1.49382758   0.1029111   10.93448579 -14.33423647  -0.42464898
   0.98877441]",[ 0.38351075  0.03068642 25.88801517 -7.92833205 -0.83638226 -0.68370497],"[-4.29397974e-01  1.72789358e-02  8.65988387e+01  3.91853658e+01
 -8.72235780e-01 -7.69082402e-01]",[-0.59610861  0.59450225 -2.65955454  0.41461665 -1.30397766 -0.0141721 ],"[  1.13030069   0.0907638  -17.18227836  21.42114107  -1.18529908
  -0.40688545]","[ 1.49391760e-01  2.28106701e-02  6.92320711e+01 -8.34270095e+00
 -1.30388517e+00 -1.21111346e-01]","[  0.45986793   0.06113296 -25.84934984  13.88728692  -1.32382896
   0.0774337 ]",[-1.20148356  0.11609605 13.46175977 18.17408312 -1.20769078  0.3741193 ],014
367,0,1.00172432228504,0,[ 1.57778057  0.2062431   7.19533208 -9.35265515 -0.9150834   0.76529059],"[  0.3788238    0.04011043 -29.08775869  13.01913529  -0.43192096
  -0.99615366]","[-4.20946717e-01  9.30433622e-03  1.53783159e+02  6.67345157e+01
 -5.75699062e-01 -9.90052139e-01]","[-9.72028393e-01  5.97744555e-01 -2.64517080e+00 -5.71181120e-01
 -1.30378965e+00 -1.80840242e-03]","[  1.06499896   0.11675562 -13.41325987  16.2851078   -1.22191052
  -0.34119498]","[ 1.62960572e-01  2.06299293e-02  7.64401508e+01 -1.04567307e+01
 -1.29508176e+00 -1.78909261e-01]","[  0.4235562    0.05628532 -28.01970655  13.86792045  -1.30937644
   0.17239349]",[-1.11923887  0.14590222 10.75359592 14.03584254 -1.24068765  0.30667572],014
368,0,1.00172432228504,0,[ 1.73419508  0.31485298  4.91241524 -6.51908634 -1.16340159  0.49268155],"[  0.34629986   0.0787933  -18.92727057   8.55451107  -0.94293922
  -0.74150948]","[-4.16469169e-01  4.05542707e-03  3.33351767e+02  1.40830734e+02
 -1.92712218e-01 -1.22326423e+00]",[-1.34830083  0.59578062 -2.65386352 -1.57820638 -1.30443109  0.01110262],"[  0.98296629   0.14409676 -10.89962105  12.71396012  -1.24818106
  -0.28608199]","[ 1.74917803e-01  1.78106551e-02  8.82692152e+01 -1.34398572e+01
 -1.27527646e+00 -2.60555846e-01]","[  0.3913675    0.0482413  -32.53095057  14.73155682  -1.2741606
   0.29389286]",[-1.01819807  0.17589855  8.94250464 11.10524101 -1.26326029  0.25189481],014
369,0,1.00172432228504,0,[ 1.9570139   0.41254246  3.79827864 -5.4332841  -1.25733626  0.32332783],"[  0.28682031   0.11885807 -13.02983825   5.7372223   -1.17011121
  -0.47999209]","[-4.14080869e-01  1.87347689e-03  7.90373274e+02  3.29278452e+02
 -5.54435267e-01 -4.30558857e-02]",[-1.72121699  0.58798485 -2.68891315 -2.628203   -1.30533018  0.02725096],[ 0.88373396  0.17168141 -9.16753123 10.1016587  -1.26774804 -0.23752861],"[ 1.84845700e-01  1.43522285e-02  1.08738552e+02 -1.80998539e+01
 -1.22636098e+00 -3.86310819e-01]","[ 3.65261898e-01  3.74025803e-02 -4.14078530e+01  1.71247110e+01
 -1.18450780e+00  4.74039329e-01]",[-0.89867985  0.20484522  7.69253554  8.91312672 -1.27969784  0.20431909],014
370,0,0.9875185169210596,0,[ 2.23586324  0.49117396  3.20764956 -5.17186574 -1.29869411  0.20467125],"[  0.20261084   0.15522054 -10.09614275   4.04558796  -1.25356702
  -0.32268946]","[-4.11855164e-01  3.67188900e-03  3.71920930e+02  1.55177556e+02
 -2.56707241e-01  1.18605923e+00]",[-2.08659538  0.57310433 -2.75837468 -3.75561188 -1.30578447  0.04822357],[ 0.76756435  0.19824267 -7.95158598  8.10335395 -1.28249886 -0.19337798],"[ 1.92332295e-01  1.03186085e-02  1.47948346e+02 -2.64552448e+01
 -1.08707269e+00 -6.00026319e-01]","[ 3.46956214e-01  2.45210215e-02 -6.01051872e+01  2.28538682e+01
 -9.08714159e-01  7.77026670e-01]",[-0.76180883  0.23136644  6.81953694  7.19518349 -1.29193725  0.16096842],014
371,0,0.9875185169210596,0,[ 2.5569172   0.5455234   2.89520157 -5.40279071 -1.31693619  0.11241187],[ 0.09703561  0.18569303 -8.48126127  2.82298433 -1.28982986 -0.21690478],"[-4.08028392e-01  7.93470102e-03  1.82324788e+02  7.63936902e+01
 -6.61511841e-01  9.35137325e-01]",[-2.43951201  0.54976092 -2.87472574 -5.01292798 -1.30509471  0.07503578],[ 0.63552283  0.22245463 -7.09430884  6.50859526 -1.29355116 -0.1523267 ],"[ 1.96998259e-01  5.98221277e-03  2.28516144e+02 -4.30172824e+01
 -6.38194435e-01 -9.44755515e-01]","[ 3.37842771e-01  1.21538438e-02 -7.61983460e+01  2.77430603e+01
 -6.62047299e-01  7.87799261e-01]",[-0.60955776  0.25406913  6.21592967  5.78896818 -1.30086274  0.12025444],014
372,0,0.9875185169210596,0,[ 2.90413134  0.57299912  2.75899473 -6.01248306 -1.32278421  0.03509549],[-0.0256795   0.2089787  -7.55391382  1.80601927 -1.30672193 -0.13829629],"[-4.01180652e-01  1.39231992e-02  1.08517336e+02  4.55350556e+01
 -9.58445114e-01  6.99819038e-01]",[-2.77427845  0.51680589 -3.05648427 -6.47953845 -1.30246867  0.1089247 ],[ 0.48948434  0.24303809 -6.49890164  5.18111058 -1.30162199 -0.11347318],"[ 1.98528361e-01  3.22735054e-03 -1.08268614e+01  4.14943905e+00
 -1.71724235e+00 -2.55052111e-01]","[ 3.38918291e-01  1.43371954e-02  7.60538541e+01 -2.37760422e+01
 -4.31409258e-01  9.75253949e-01]",[-0.4447087   0.27169532  5.81635152  4.58658212 -1.30692119  0.08139052],014
373,0,0.9875185169210596,0,[ 3.26063483  0.57349165  2.75666576 -6.98848036 -1.32091757 -0.03392474],[-0.16075829  0.22440256 -7.04254339  0.86785279 -1.31412942 -0.0752554 ],"[-3.90364446e-01  2.09320906e-02  7.37865988e+01  3.08036647e+01
 -1.12839243e+00  5.16463370e-01]",[-3.08458959  0.47348288 -3.33305066 -8.28109337 -1.29663904  0.15225014],[ 0.33207407  0.25886093 -6.10514192  4.02735933 -1.3071719  -0.07612917],"[ 1.96700382e-01  6.50403006e-03 -2.08843776e+02  4.30796506e+01
 -5.74048096e-01 -9.86064173e-01]","[ 3.50727658e-01  2.93117313e-02  5.04053633e+01 -1.56785550e+01
 -8.83517258e-01  7.88805747e-01]",[-0.27072678  0.28327107  5.58077806  3.51086606 -1.31041547  0.043999  ],014
374,0,0.9875185169210596,0,[ 3.61007322  0.54894158  2.87790369 -8.38944304 -1.3131637  -0.09963979],[-0.30319233  0.23181966 -6.82013638 -0.06781307 -1.31609529 -0.02159511],"[-3.75175683e-01  2.81103473e-02  5.55796591e+01  2.28521366e+01
 -1.22427272e+00  3.73823835e-01]","[ -3.36374167   0.41945     -3.75589079 -10.63384635  -1.28497096
   0.20976834]",[ 0.1665456   0.26903124 -5.87633944  2.97867848 -1.31046564 -0.03976642],"[ 1.91405227e-01  1.16578415e-02 -1.30040082e+02  2.68903514e+01
 -1.02071701e+00 -6.58739219e-01]","[  0.37332692   0.0456916   33.76322172 -10.60471967  -1.13619488
   0.52166223]",[-0.09155647  0.28821647  5.48584966  2.50226506 -1.31160017  0.00786522],014
375,0,0.9875185169210596,0,"[  3.93774982   0.50281306   3.13735174 -10.35410622  -1.29930006
  -0.16652687]",[-0.44804755  0.23155873 -6.8277319  -1.05914854 -1.31434628  0.02615749],"[-3.55779181e-01  3.45752017e-02  4.54769127e+01  1.81797388e+01
 -1.28088818e+00  2.56059980e-01]","[ -3.60484899   0.35475979  -4.42529251 -13.9525112   -1.26095949
   0.291198  ]","[-3.39793246e-03  2.72981555e-01 -5.79203268e+00  1.98031906e+00
 -1.31161903e+00 -4.03052257e-03]","[ 1.82656410e-01  1.69450172e-02 -9.16504347e+01  1.87405394e+01
 -1.17785176e+00 -4.53299982e-01]",[ 0.40626802  0.06133489 25.49222792 -8.35667708 -1.23180638  0.36151326],[ 0.08863444  0.28639851  5.52037621  1.51070454 -1.31068912 -0.02717359],014
376,0,0.9875185169210596,0,"[  4.23151884   0.43970628   3.57891609 -13.14425087  -1.2771846
  -0.23894778]",[-0.59074981  0.2243847  -7.04367543 -2.16104994 -1.30963346  0.06980319],"[-3.32899632e-01  3.94690191e-02  3.99819155e+01  1.53099649e+01
 -1.31538361e+00  1.49951110e-01]","[ -3.80104521   0.27993813  -5.56264133 -19.14385117  -1.20569247
   0.41747508]",[-0.17382825  0.27053539 -5.84395513  0.9841555  -1.31067172  0.03124714],"[ 1.70592293e-01  2.19910202e-02 -7.12538564e+01  1.41553587e+01
 -1.24332488e+00 -3.27358765e-01]",[ 0.4486049   0.07523048 20.9046287  -7.37791886 -1.27632154  0.25329404],[ 0.26572867  0.27812643  5.68319237  0.48981282 -1.30785868 -0.06126213],014
377,1,1.0258182410040484,1,"[  4.4824717    0.36514793   4.29294969 -17.2430255   -1.24247791
  -0.32142484]",[-0.72734494  0.21146186 -7.46982097 -3.43313652 -1.30238107  0.10988658],[-0.30777506  0.04202011 37.61763459 13.57776962 -1.33419564  0.04482236],"[ -3.94572414   0.19653052  -7.73027277 -28.50152387  -1.05204692
   0.63590608]",[-0.34084203  0.26193773 -6.03413116 -0.05668551 -1.30767101  0.06609808],"[ 1.55476626e-01  2.65581612e-02 -5.92528924e+01  1.12124398e+01
 -1.27678577e+00 -2.39369084e-01]",[ 0.49891763  0.08658044 18.21778721 -7.08917515 -1.30004337  0.17059235],[ 0.4359161   0.26409819  5.98258017 -0.60790304 -1.30325894 -0.09455088],014
378,1,1.0258182410040484,1,"[  4.6854425    0.28538781   5.45849269 -23.57545361  -1.18776386
  -0.41922368]",[-0.85472102  0.1942878  -8.12413683 -4.94387052 -1.29309877  0.14585544],[-0.28205952  0.0416425  37.94873908 12.70380297 -1.33671986 -0.06905381],"[ -4.03291107   0.1102458  -12.07613982 -46.70199797  -0.57284195
   0.97270974]",[-0.50081072  0.24783388 -6.3745896  -1.19246281 -1.30270145  0.1005089 ],"[ 1.37700783e-01  3.04272262e-02 -5.18406128e+01  9.13849300e+00
 -1.29648350e+00 -1.70062479e-01]",[ 0.5553535   0.09470531 16.68096801 -7.26383395 -1.31330794  0.10050997],[ 0.59590699  0.24531077  6.43701524 -1.83586238 -1.29700475 -0.12722317],014
379,1,1.0258182410040484,1,"[  4.83925516   0.20696696   7.44854458 -34.04540775  -1.10008342
  -0.54002907]",[-0.97076384  0.17456854 -9.03479225 -6.77064965 -1.28272044  0.17622713],"[-2.57668844e-01  3.80571319e-02  4.13913702e+01  1.26652665e+01
 -1.31539664e+00 -2.04019911e-01]",[-4.05780134  0.06364863  3.94929691 18.02546228 -1.5948641   0.31394497],[-0.65060525  0.22919996 -6.8884248  -2.48164533 -1.29584119  0.1344494 ],"[ 1.17786240e-01  3.33810802e-02 -4.73187374e+01  7.57349616e+00
 -1.30889356e+00 -1.09635708e-01]",[ 0.61568923  0.09905569 15.9598546  -7.8263106  -1.31995381  0.03567708],[ 0.74308646  0.22295213  7.0772767  -3.25902852 -1.28914768 -0.15948584],014
380,1,1.0258182410040484,1,"[  4.94655852   0.13596188  11.12209128 -53.0160754   -0.95266841
  -0.69866228]","[ -1.07440574   0.15402257 -10.2330382   -8.99443494  -1.27275858
   0.1990956 ]","[-2.36579285e-01  3.13907296e-02  4.96994839e+01  1.37578684e+01
 -1.24669026e+00 -3.83126492e-01]",[-4.01740772  0.13283475 10.44299625 43.95377377 -0.63961476  0.95259233],[-0.78777503  0.20724609 -7.61195554 -3.99650851 -1.28714128  0.16775381],"[ 9.63816818e-02  3.52149358e-02 -4.48883079e+01  6.32641061e+00
 -1.31635074e+00 -5.24509614e-02]",[ 0.67741835  0.09924979 15.92914132 -8.79069271 -1.32110158 -0.02912064],[ 0.8756045   0.19829406  7.95013268 -4.96117194 -1.27967376 -0.19150065],014
381,1,1.0258182410040484,1,"[ 5.01313214e+00  7.71110147e-02  1.87384775e+01 -9.19384638e+01
 -6.75426794e-01 -9.27306206e-01]","[ -1.1655363    0.1341309  -11.74521435 -11.68947371  -1.26501609
   0.21328352]","[-2.20600056e-01  2.22554753e-02  6.79137999e+01  1.69817881e+01
 -1.04588055e+00 -6.56353086e-01]",[-3.91121544  0.23021791  6.61761184 27.8829056  -1.05901577  0.62198298],[-0.91066515  0.18331179 -8.597624   -5.82955657 -1.27673426  0.19991933],"[ 7.42486127e-02  3.57591101e-02 -4.42148294e+01  5.28288974e+00
 -1.31939852e+00  5.28878719e-03]","[  0.73786399   0.09511412  16.60951064 -10.25555977  -1.31614169
  -0.09883626]",[ 0.99240245  0.17259808  9.12399305 -7.05467303 -1.26855838 -0.22329367],014
382,1,1.0258182410040484,1,"[ 5.04667604e+00  3.37578468e-02  3.49035926e+01 -1.74147125e+02
 -1.99314602e-01 -1.17713012e+00]","[ -1.24477121   0.11588856 -13.59091801 -14.9175835   -1.26077117
   0.22013054]","[-2.11153048e-01  1.21493084e-02  1.03217205e+02  2.37946275e+01
 -4.99599397e-01 -9.85089081e-01]",[-3.74171443  0.32553545  4.78419489 19.9010911  -1.20689408  0.41566847],[-1.01846446  0.1587617  -9.91681533 -8.09992397 -1.26501636  0.22992277],"[ 5.22320279e-02  3.49054780e-02 -4.52795074e+01  4.36504050e+00
 -1.31751314e+00  6.68536457e-02]","[  0.79431453   0.08671725  18.18349352 -12.44341305  -1.30224431
  -0.17987107]",[ 1.09318337  0.14703715 10.69709248 -9.69388358 -1.25584535 -0.25467965],014
383,1,1.0258182410040484,1,"[ 5.05527039e+00  1.65065533e-02 -3.91667754e+01  1.99998640e+02
 -1.28779661e+00 -3.61196777e-01]","[ -1.31311481   0.09964251 -15.80390084 -18.75233633  -1.25975756
   0.22519567]","[-2.09100048e-01  8.13634595e-03 -6.93435883e+01 -1.24997476e+01
 -1.20011805e+00 -4.91625791e-01]",[-3.51465112  0.41038269  3.82683928 15.45000496 -1.26921223  0.28268486],"[ -1.11119141   0.13488899 -11.66008145 -10.9565823   -1.25278498
   0.25592913]","[ 3.12163508e-02  3.26304795e-02 -4.83802100e+01  3.51025361e+00
 -1.30901348e+00  1.36072780e-01]","[  0.84417666   0.07439554  21.10883154 -15.81958283  -1.27183742
  -0.2827054 ]","[  1.17833868   0.12263449  12.80857042 -13.09283402  -1.24171772
  -0.2851306 ]",014
384,1,1.0070081244687914,1,"[ 5.04584089e+00  3.04054790e-02 -4.89407972e+01  2.48947476e+02
 -9.92291276e-01 -7.10473408e-01]","[ -1.3715907    0.08509315 -18.49633447 -23.36940026  -1.25940714
   0.23859344]","[-2.14642145e-01  1.67856674e-02 -8.53139108e+01 -1.63119608e+01
 -7.89444216e-01 -8.63164224e-01]",[-3.23890193  0.4791882   3.290099   12.65630801 -1.29938738  0.18538251],"[ -1.1896306    0.11283917 -13.92767101 -14.56878355  -1.24146124
   0.27461742]","[ 1.20695622e-02  2.90106730e-02 -5.42833899e+01  2.65517675e+00
 -1.29005715e+00  2.18677564e-01]","[  0.88513813   0.0587828   26.46570732 -21.42580667  -1.20389379
  -0.42773312]","[  1.24884527   0.10022382  15.65114981 -17.54586446  -1.22665543
  -0.31341535]",014
385,1,1.013747456667263,1,"[ 5.02300359e+00  4.61550646e-02 -3.36316417e+01  1.70931857e+02
 -1.15753553e+00 -4.63334072e-01]","[ -1.42093047   0.07148193 -21.98423823 -29.23807405  -1.25401573
   0.27384651]","[-2.27297224e-01  2.68312145e-02 -5.74365459e+01 -1.10551674e+01
 -1.16296650e+00 -5.17427092e-01]",[-2.92598093  0.52792181  2.99208876 10.75479468 -1.31414928  0.10694663],"[ -1.25522457   0.09355697 -16.79443844 -19.08079171  -1.23353792
   0.28035005]","[-4.41920245e-03  2.42298936e-02 -6.46711028e+01  1.71420530e+00
 -1.25165734e+00  3.24784633e-01]","[  0.91533321   0.04089316  37.0295092  -31.89433944  -1.02924428
  -0.65880301]","[  1.30614434   0.0804326   19.47835467 -23.44154261  -1.21186103
  -0.3369061 ]",014
386,1,1.013747456667263,1,"[ 4.98854212e+00  6.27583304e-02 -2.48519172e+01  1.25974836e+02
 -1.16028481e+00 -4.11209755e-01]","[ -1.46139247   0.0579035  -27.02869825 -37.49953616  -1.23158374
   0.34831004]","[-2.45963829e-01  3.50812367e-02 -4.47154557e+01 -8.99838467e+00
 -1.28413571e+00 -2.97553861e-01]",[-2.58924173  0.5542186   2.85244794  9.38567724 -1.31980267  0.03923431],"[ -1.30991793   0.07773688 -20.22609103 -24.49451933  -1.23248337
   0.26556037]","[-1.75996995e-02  1.85778699e-02 -8.34139446e+01  5.31939646e-01
 -1.16997392e+00  4.75127394e-01]","[ 9.33495381e-01  2.26075305e-02  5.86116757e+01 -5.27137285e+01
 -5.36514171e-01 -9.96896431e-01]","[  1.35200956   0.0636806   24.58439313 -31.23833446  -1.19992634
  -0.35071278]",014
387,1,1.013747456667263,1,"[ 4.94156130e+00  8.36596873e-02 -1.86388152e+01  9.41048478e+01
 -1.15470369e+00 -4.15226122e-01]","[-1.49273642e+00  4.36355738e-02 -3.54566370e+01 -5.09274133e+01
 -1.15996633e+00  4.91281927e-01]","[ -0.26908232   0.04061977 -38.84863572  -8.45348086  -1.32467859
  -0.14726812]",[-2.24283606  0.5576069   2.83537573  8.35928292 -1.31897577 -0.02196483],"[ -1.35595604   0.0657533  -23.95091409 -30.47638653  -1.24059565
   0.22453494]","[-2.70064681e-02  1.24538420e-02 -1.20491883e+02 -1.25406019e+00
 -9.66609242e-01  7.15921083e-01]","[ 9.39065833e-01  1.22315531e-02 -1.66472198e+01  1.76328354e+01
 -1.65389648e+00 -2.76129728e-01]","[  1.38841003   0.05018097  31.20629558 -41.32713387  -1.19513141
  -0.34721851]",014
388,1,1.013747456667263,1,"[  4.87917391   0.11107891 -14.04104444  70.50869774  -1.16475213
  -0.41049992]","[-1.51433264e+00  2.84873789e-02 -5.20216283e+01 -7.67780498e+01
 -9.21405867e-01  7.62826301e-01]","[-2.94886655e-01  4.32214093e-02 -3.65750106e+01 -8.78548253e+00
 -1.33081220e+00 -3.64046583e-02]",[-1.90051165  0.53963431  2.92847464  7.56560017 -1.31278309 -0.07856971],"[ -1.3956525    0.05757942 -27.40371801 -36.24606757  -1.25569156
   0.16065967]","[-3.23810526e-02  6.53297469e-03 -1.92825266e+02 -4.24388510e+00
 -4.47470190e-01  1.02685036e+00]","[ 9.32224347e-01  2.39442283e-02 -5.83563345e+01  5.64011958e+01
 -7.06198555e-01 -9.10522518e-01]","[ 1.41737322e+00  3.99402850e-02  3.92728902e+01 -5.36643427e+01
 -1.20203977e+00 -3.17272835e-01]",014
389,1,1.013747456667263,1,"[  4.79747516   0.14550569 -10.73622992  53.50679637  -1.1879976
  -0.3845072 ]","[-1.52535365e+00  1.42017483e-02 -7.21402310e+01 -1.08039365e+02
 -5.48128767e-01  8.73023162e-01]","[ -0.32171193   0.04325874 -36.54406812  -9.75666273  -1.31916057
   0.04228492]",[-1.57438676  0.5038045   3.13399796  6.93412491 -1.3019328  -0.13068527],"[ -1.43115492   0.05275784 -29.94965432 -40.86259499  -1.27174726
   0.08999811]","[-3.36674021e-02  4.02024559e-03  1.28538557e+02  6.32755928e+00
 -1.29690378e+00  4.41769026e-01]","[  0.91382684   0.03996606 -38.36881799  37.06245569  -1.12092988
  -0.56352614]","[ 1.44085544e+00  3.27665058e-02  4.80077687e+01 -6.71722545e+01
 -1.22140530e+00 -2.54963332e-01]",014
390,1,1.013747456667263,1,[ 4.69255348  0.18595186 -8.42131714 41.51748103 -1.21615958 -0.34357972],"[-1.52498832e+00  1.49459820e-02  6.77754610e+01  1.05356787e+02
 -4.79048747e-01  9.29924107e-01]","[ -0.34829373   0.04162102 -37.9671528  -11.22372119  -1.30080164
   0.08440533]",[-1.27390811  0.45519455  3.46471958  6.41373436 -1.2876312  -0.17694935],"[-1.46425074e+00  5.04982343e-02 -3.13076166e+01 -4.38422007e+01
 -1.28432446e+00  3.23358653e-02]","[-3.09836766e-02  8.28135216e-03  1.72693662e+02  7.35068456e+00
 -7.70693197e-01  8.73658000e-01]","[  0.88525636   0.05426637 -28.81955053  27.5126905   -1.24633094
  -0.35376203]","[ 1.46063104e+00  2.82961129e-02  5.57551325e+01 -7.94376769e+01
 -1.24644484e+00 -1.65678464e-01]",014
391,1,0.9814750854025932,1,[ 4.56136362  0.23031328 -6.81643601 33.09224319 -1.24331215 -0.29531039],"[-1.51263423e+00  3.14281572e-02  4.66472007e+01  7.25601525e+01
 -8.38581469e-01  8.22940097e-01]","[-3.73981176e-01  3.95022593e-02 -4.00051842e+01 -1.29611858e+01
 -1.28524196e+00  8.16783547e-02]",[-1.00520779  0.39967697  3.9412528   5.96177801 -1.27200727 -0.21528162],"[-1.49625214e+00  4.98909622e-02 -3.16917340e+01 -4.54188248e+01
 -1.29291170e+00 -2.21755284e-03]","[-2.45798884e-02  1.35432858e-02  1.13455202e+02  4.78871622e+00
 -1.12022782e+00  5.52865685e-01]","[  0.84821698   0.06589382 -23.88979022  22.26372581  -1.28862358
  -0.22839707]","[ 1.47821189e+00  2.60443855e-02  6.06824888e+01 -8.77015762e+01
 -1.26690595e+00 -6.92313027e-02]",014
392,1,0.9814750854025932,1,[ 4.40237706  0.27570822 -5.70694855 27.12413941 -1.26675382 -0.24433322],[-1.48805014  0.05016007 30.66652861 47.63333223 -1.11202556  0.55000514],"[-3.98805660e-01  3.80957723e-02 -4.14989920e+01 -1.45500329e+01
 -1.27654252e+00  3.28632149e-02]",[-0.77098584  0.34288231  4.58927898  5.5382691  -1.25766054 -0.24392628],"[-1.52797480e+00  5.01172890e-02 -3.15481798e+01 -4.62048237e+01
 -1.29862471e+00 -1.52843437e-02]","[-1.47950817e-02  1.84454071e-02  8.47156942e+01  3.25337561e+00
 -1.22958201e+00  3.69956057e-01]","[  0.80451503   0.07472899 -21.1202046   18.99152194  -1.30349082
  -0.14713627]","[ 1.49480436e+00  2.54752948e-02  6.20625677e+01 -9.07713969e+01
 -1.27868781e+00  1.10183437e-02]",014
393,1,0.9814750854025932,1,[ 4.21596122  0.31885418 -4.94373474 22.84259396 -1.28538215 -0.19312557],[-1.45146655  0.06858899 22.75883653 35.03369001 -1.21662048  0.38675039],"[-4.23393056e-01  3.82934614e-02 -4.12810453e+01 -1.54781079e+01
 -1.27145062e+00 -4.48744647e-02]",[-0.57091595  0.28925151  5.43621378  5.10362115 -1.24670352 -0.26226212],"[-1.55979596e+00  5.05556985e-02 -3.12747280e+01 -4.67821944e+01
 -1.30243829e+00 -1.32709281e-02]","[-2.02528499e-03  2.27615528e-02  6.90750631e+01  2.13989669e+00
 -1.27219535e+00  2.59737771e-01]","[  0.75586717   0.08100967 -19.50417585  16.74256614  -1.30760339
  -0.09214076]","[ 1.51130282e+00  2.60724168e-02  6.06246124e+01 -8.96221479e+01
 -1.28500934e+00  6.27750629e-02]",014
394,1,0.9814750854025932,1,[ 4.00446024  0.35653751 -4.4272467  19.72873339 -1.29875606 -0.14336603],[-1.40365196  0.08552422 18.36928007 27.7840759  -1.26616232  0.27693338],"[ -0.44875058   0.04049223 -39.00284008 -15.50254725  -1.26730664
  -0.11973623]",[-0.40245321  0.24152345  6.50809252  4.61920273 -1.24012402 -0.27114411],"[-1.59175595e+00  5.07841897e-02 -3.11343961e+01 -4.75583601e+01
 -1.30490222e+00 -1.83944134e-03]","[ 1.32949799e-02  2.64009388e-02  5.97213431e+01  1.20600594e+00
 -1.29227848e+00  1.84616993e-01]","[  0.70375671   0.08517946 -18.55775345  15.06014347  -1.30699929
  -0.05524007]","[ 1.52831143e+00  2.73845291e-02  5.77037902e+01 -8.61893624e+01
 -1.28982408e+00  8.69341229e-02]",014
395,1,0.9814750854025932,1,[ 3.7720046   0.38609461 -4.09206737 17.43529694 -1.30714157 -0.0963469 ],[-1.3459306   0.09998411 15.76462428 23.21809019 -1.29287631  0.19379627],"[ -0.4759874    0.04456581 -35.40111655 -14.85048541  -1.26746865
  -0.16630334]",[-0.26182757  0.2007417   7.82960448  4.05000629 -1.23773555 -0.27320607],"[-1.62366370e+00  5.05338508e-02 -3.12879916e+01 -4.88011762e+01
 -1.30623627e+00  1.55189456e-02]","[ 3.07030835e-02  2.93054357e-02  5.38811344e+01  3.45683029e-01
 -1.30272964e+00  1.27963569e-01]","[  0.64934326   0.08780179 -18.0064823   13.69238791  -1.30440835
  -0.03253608]","[ 1.54618247e+00  2.90405503e-02  5.44102837e+01 -8.21282272e+01
 -1.29452435e+00  9.06869420e-02]",014
396,1,0.9814750854025932,1,[ 3.52411524  0.40574118 -3.89597988 15.72988206 -1.31144875 -0.05268375],[-1.28014694  0.11113888 14.20806871 20.18841566 -1.30778294  0.12514561],"[ -0.50603781   0.04996441 -31.56564443 -13.97340951  -1.27501827
  -0.17778505]",[-0.14497787  0.16660059  9.43394888  3.36771384 -1.2382135  -0.27350039],"[-1.65518239e+00  4.96423523e-02 -3.18469616e+01 -5.07125301e+01
 -1.30643683e+00  3.69718579e-02]","[ 4.97194608e-02  3.14423899e-02  5.02585776e+01 -4.98829382e-01
 -1.30783716e+00  8.23901950e-02]","[  0.5934202    0.08948894 -17.66787283  12.48447265  -1.3013495
  -0.02169552]","[ 1.56506050e+00  3.07481170e-02  5.13948887e+01 -7.84361100e+01
 -1.29889990e+00  8.16257184e-02]",014
397,1,0.9814750854025932,1,"[ 3.26717592e+00  4.14653793e-01 -3.81305395e+00  1.44579180e+01
 -1.31268693e+00 -1.21848350e-02]",[-1.20857361  0.11837239 13.35236505 18.13731609 -1.31533503  0.06486294],"[ -0.53944241   0.05585748 -28.24822296 -13.23828933  -1.28809433
  -0.160108  ]",[-0.04825688  0.13789778 11.39395285  2.54983661 -1.23885941 -0.28006276],"[-1.68589340e+00  4.80270293e-02 -3.29116624e+01 -5.34855543e+01
 -1.30532146e+00  6.15531233e-02]","[ 6.98663791e-02  3.28213010e-02  4.81658025e+01 -1.36517022e+00
 -1.30929906e+00  4.50748146e-02]","[  0.53641096   0.09083211 -17.40668137  11.3371347   -1.29859568
  -0.0205871 ]","[ 1.58492549e+00  3.22860325e-02  4.89559870e+01 -7.55915917e+01
 -1.30255020e+00  6.53424316e-02]",014
398,1,0.8812643141771515,1,[ 3.00787227  0.41285066 -3.82955383 13.51880877 -1.31155413  0.02583549],"[-1.13377106e+00  1.21342464e-01  1.30299325e+01  1.67729603e+01
 -1.31759665e+00  9.47412243e-03]","[ -0.57621332   0.06128251 -25.76916173 -12.84853414  -1.30228363
  -0.12241079]",[ 0.03112446  0.112948   13.89361561  1.56756868 -1.23501982 -0.30453428],"[-1.71534807e+00  4.56765944e-02 -3.45939810e+01 -5.73407187e+01
 -1.30257820e+00  8.84982809e-02]","[ 9.06959757e-02  3.35107670e-02  4.71818106e+01 -2.27920035e+00
 -1.30819086e+00  1.55034426e-02]","[  0.47840012   0.09233949 -17.12211936  10.19122396  -1.29640816
  -0.02679883]","[ 1.60563137e+00  3.34918720e-02  4.72017553e+01 -7.37886191e+01
 -1.30537080e+00  4.50811066e-02]",014
399,1,0.9341590394424946,1,[ 2.75271071  0.40099242 -3.94178992 12.85060732 -1.30847027  0.06225081],[-1.05842371  0.11999753 13.17406326 15.94374089 -1.3156753  -0.04357872],"[ -0.61578579   0.06529204 -24.20557926 -12.90545166  -1.31393734
  -0.07191158]",[ 0.09486118  0.08991023 17.39054727  0.35031213 -1.21680812 -0.36529884],"[-1.74311521e+00  4.26523915e-02 -3.70295332e+01 -6.25467427e+01
 -1.29793662e+00  1.16784009e-01]","[ 1.11824209e-01  3.36425125e-02  4.69979858e+01 -3.25551259e+00
 -1.30550240e+00 -5.80982546e-03]","[  0.41919577   0.09439423 -16.74848307   9.02089322  -1.29483576
  -0.03756734]","[ 1.62693704e+00  3.42453101e-02  4.61688985e+01 -7.31138910e+01
 -1.30744862e+00  2.21571289e-02]",014
400,1,0.9341590394424946,1,[ 2.50768261  0.380168   -4.15577906 12.42137491 -1.30369803  0.0982233 ],[-0.98518249  0.11453813 13.79356662 15.58918038 -1.31001458 -0.09709474],"[-6.57048934e-01  6.70767757e-02 -2.35708668e+01 -1.34872129e+01
 -1.32101044e+00 -1.22103202e-02]",[ 0.14349119  0.06708015 23.0528188  -1.3078765  -1.15269217 -0.49768859],"[-1.76882440e+00  3.90859382e-02 -4.03843640e+01 -6.94328485e+01
 -1.29145068e+00  1.45039847e-01]","[ 1.32963722e-01  3.33996335e-02  4.73387543e+01 -4.29433695e+00
 -1.30213956e+00 -1.80425827e-02]","[  0.35841186   0.09723456 -16.25784502   7.82700442  -1.29387482
  -0.0499677 ]","[ 1.64852846e+00  3.44510380e-02  4.58948874e+01 -7.36590281e+01
 -1.30883628e+00 -3.47253452e-03]",014
401,1,0.9341590394424946,1,[ 2.27808125  0.35165847 -4.48951454 12.22747888 -1.29723488  0.1356519 ],[-0.91653514  0.10534171 14.97983234 15.72954273 -1.29999933 -0.15499318],"[ -0.698443     0.06604349 -23.93327069 -14.71602532  -1.32197391
   0.05691975]",[ 0.17650036  0.04341826 34.01736165 -4.0040766  -0.91201403 -0.77167703],"[-1.79219988e+00  3.51606798e-02 -4.48620791e+01 -7.84018126e+01
 -1.28365508e+00  1.71953609e-01]","[ 1.53947559e-01  3.29941139e-02  4.79202347e+01 -5.37720313e+00
 -1.29882905e+00 -2.05595105e-02]","[  0.29555818   0.10094886 -15.65809589   6.62787827  -1.29355072
  -0.06130887]","[ 1.67003262e+00  3.40267874e-02  4.64630535e+01 -7.55948149e+01
 -1.30936412e+00 -3.27338259e-02]",014
402,1,0.9341590394424946,1,[ 2.0684606   0.31669436 -4.97979617 12.30051218 -1.28841991  0.1777981 ],[-0.85471733  0.09288465 16.9522826  16.48940966 -1.28304642 -0.22337079],"[ -0.7380996    0.0618491  -25.52140473 -16.83733867  -1.31400873
   0.13975583]","[ 1.92580682e-01  2.15886801e-02  4.29185781e+01 -6.26528902e+00
 -6.89505583e-01 -7.64664703e-01]","[-1.81307792e+00  3.10762474e-02 -5.07207769e+01 -8.99607209e+01
 -1.27532444e+00  1.96995190e-01]","[ 1.74738295e-01  3.26405123e-02  4.84402368e+01 -6.46436437e+00
 -1.29602857e+00 -1.34570875e-02]","[  0.23013323   0.10547713 -14.98461688   5.44845835  -1.29399255
  -0.06942393]","[ 1.69102676e+00  3.28999842e-02  4.80409013e+01 -7.92384498e+01
 -1.30849971e+00 -6.71590425e-02]",014
403,1,0.9341590394424946,1,[ 1.88271244  0.27627754 -5.69818117 12.72803656 -1.27509353  0.23018811],[-0.80166826  0.0776896  20.18460284 18.18135548 -1.25216866 -0.3129388 ],"[ -0.77399221   0.05440344 -28.91119221 -20.37703764  -1.2898556
   0.24685062]","[ 1.90009021e-01  2.68180749e-02 -4.06192471e+01  9.71802337e+00
 -3.90177774e-01 -1.00787610e+00]","[-1.83140605e+00  2.70096273e-02 -5.83105713e+01 -1.04790333e+02
 -1.26686037e+00  2.20818908e-01]","[ 1.95421052e-01  3.25299380e-02  4.86054816e+01 -7.49853435e+00
 -1.29390148e+00  1.85327850e-03]","[  0.16171667   0.11061549 -14.2880018    4.31060808  -1.29533223
  -0.07276151]","[ 1.71104768e+00  3.10130179e-02  5.09332917e+01 -8.51492907e+01
 -1.30519505e+00 -1.08899832e-01]",014
404,1,0.9341590394424946,1,[ 1.72420489  0.23114787 -6.78844142 13.70466388 -1.25154515  0.30236005],[-0.75901587  0.06032168 25.75883187 21.55136208 -1.18714004 -0.44529703],"[ -0.80406939   0.04386093 -35.52787363 -26.56687554  -1.22682557
   0.40279694]","[  0.1670946    0.05632869 -26.08149454   6.35807702  -0.83555727
  -0.82257232]","[-1.84723061e+00  2.30970451e-02 -6.81277596e+01 -1.23847683e+02
 -1.25779664e+00  2.44389109e-01]","[ 2.16181060e-01  3.28056879e-02  4.81949939e+01 -8.41884488e+00
 -1.29247333e+00  2.22992423e-02]","[  0.09005313   0.1160295  -13.62165257   3.22667251  -1.29748691
  -0.07050332]","[ 1.72960558e+00  2.83352832e-02  5.56818463e+01 -9.43076319e+01
 -1.29749806e+00 -1.61094894e-01]",014
405,0,0.817586860522875,0,[ 1.61944355  0.15652772 -9.1683784  16.84767129 -1.02330647  0.63262633],[-0.74921898  0.04467309  4.94798568  5.70712477 -1.63467014  0.02710054],[-0.80235446  0.04695929  6.21017155  6.98275882 -1.09364954  0.51305152],[ 0.01545108  0.31844026 -4.01012308  2.06196072  0.12158847 -1.40837108],"[-1.86587791e+00  2.83287036e-02 -5.42772371e+01 -9.92746975e+01
 -7.91867443e-01 -5.35912318e-01]",[ 0.25734391  0.07282558 19.46185247 -3.00838928 -0.2249605   1.12999089],[-0.05130521  0.25052794 -5.7002303   1.70754848 -0.26784415 -1.09763069],"[ 1.74877731e+00  2.89303830e-02  5.44765504e+01 -9.32673554e+01
 -1.13074693e+00  1.13129317e-01]",014
406,0,0.817586860522875,0,[ 1.57524262  0.09063632 -4.91872697  9.74818836 -1.30218704  0.13678031],"[ -0.76032064   0.06141787 -18.59270574 -12.13641783  -1.28446386
  -0.3986729 ]",[-0.78084112  0.07567605 16.68338829 15.02707566 -1.30882649  0.54723202],[-0.16751429  0.42357341 -3.45471861  1.42128526 -1.70830072 -0.43401174],"[-1.88214956e+00  2.87768866e-02 -5.35494272e+01 -9.87880307e+01
 -1.64043233e+00 -1.61084977e-01]",[ 0.29980904  0.0880004  17.03917885 -3.10849984 -1.71212956  0.35722669],[-0.19464002  0.29651116 -5.06738143  1.01368476 -1.72426473 -0.33343892],"[ 1.76282464e+00  2.34440781e-02  6.43483122e+01 -1.11434790e+02
 -1.40530508e+00 -2.12644862e-01]",014
407,0,0.817586860522875,0,"[  1.5916821    0.12016335  10.31233192 -14.41395407  -0.83875029
   0.63133081]","[ -0.79108255   0.08650898 -17.43274103 -11.79073715  -1.49839932
  -0.08678924]",[-0.73899499  0.10593606 14.36475092 12.61547895 -1.49281734  0.12304627],[-0.37709734  0.46044533 -3.29036064  0.75921377 -1.72360047  0.24586117],"[-1.89665338e+00  2.64862577e-02 -5.69915842e+01 -1.06093281e+02
 -1.64620834e+00  3.79029675e-01]",[ 0.34354169  0.09016628 16.77308782 -3.76225488 -1.71666438 -0.29623655],[-0.33823128  0.29588949 -5.0740498   0.28379764 -1.72529929  0.33723288],"[ 1.77145877e+00  1.57448866e-02  7.21848310e+01 -1.25872452e+02
 -1.16009056e+00 -4.65731306e-01]",014
408,0,0.8183413145570239,0,"[  1.66751453   0.19422004   8.01700684 -11.36847541  -1.25035109
   0.39769624]","[ -0.83950239   0.10005088 -15.63922404 -11.12916598  -1.03105923
   0.32355799]",[-0.67729549  0.12358584 12.70414496 10.60446015 -1.06929704 -0.23701471],[-0.60700559  0.41943985 -3.51914653 -0.1361416  -0.47901812  0.91985837],"[-1.90994596e+00  2.15301360e-02 -6.69391237e+01 -1.25850109e+02
 -3.10674244e-01  1.04830208e+00]",[ 0.38831538  0.07866527 18.53207462 -5.19628963 -0.38986712 -0.99250753],[-0.48003905  0.24833045 -5.7238213  -0.74765772 -0.24557141  1.1193711 ],"[ 1.77455392e+00  1.09335351e-02 -2.37645096e+01  4.41714035e+01
 -1.61531212e+00  7.22422491e-02]",014
409,0,0.8183413145570239,0,[ 1.80011446  0.24185642  6.50903484 -9.71700771 -1.27916968  0.22975842],"[ -0.90292931   0.08602568 -18.37442953 -14.59081103  -1.3188212
  -0.05597565]",[-0.59723667  0.11253834 14.03444917 10.38188764 -1.31290867  0.11315872],[-0.84973563  0.23361879 -6.76373645 -3.74738788 -1.31452526  0.0857974 ],"[-1.92248348e+00  1.09743519e-02 -1.44026824e+02 -2.74889189e+02
 -1.31237648e+00 -6.28586263e-02]","[  0.43370177   0.04131531  38.26267168 -14.59458857  -1.31091937
  -0.04712101]","[ -0.61779297   0.10925198 -14.44926313  -6.92665323  -1.29783618
   0.14006065]","[ 1.77214422e+00  1.47103951e-02 -1.05997927e+02  1.89843614e+02
 -1.21178984e+00 -4.01075556e-01]",014
410,0,0.8325688643626934,0,[ 1.9619168   0.2761131   5.71332487 -9.20906808 -1.29452579  0.16701344],"[-9.57057024e-01  8.76113341e-02 -1.80466859e+01 -1.52717075e+01
 -1.31765362e+00  3.26640511e-03]",[-0.52527286  0.11866513 13.3215741   8.9974613  -1.31892723  0.0461536 ],[-0.9898924   0.21610795 -7.30270305 -5.22889024 -1.30287134  0.15026157],"[-1.92938017e+00  1.11717763e-02 -1.41521106e+02 -2.71048016e+02
 -1.32627651e+00  6.56467300e-04]","[ 4.59007319e-01  3.94817020e-02  4.00213188e+01 -1.63700782e+01
 -1.30790327e+00 -8.86094295e-02]","[ -0.6826722    0.09789438 -16.10456911  -8.99414169  -1.28777423
   0.18850744]","[ 1.76183716e+00  1.85294622e-02 -8.47427805e+01  1.51302980e+02
 -1.25905680e+00 -2.87946893e-01]",014
411,0,0.8325688643626934,0,[ 2.14330825  0.3035625   5.20275898 -9.15111623 -1.30342841  0.1170199 ],"[ -1.01130627   0.08602793 -18.37472039 -16.58246988  -1.3129839
   0.05366033]",[-0.45091042  0.1199603  13.17987564  7.94294327 -1.31900068 -0.01428267],[-1.11676833  0.19106358 -8.24179786 -7.20417884 -1.2838674   0.22159835],"[-1.93615519e+00  1.07797321e-02 -1.46536491e+02 -2.81717389e+02
 -1.33133539e+00  9.92481335e-02]","[ 4.82829109e-01  3.66368407e-02  4.30917754e+01 -1.88059635e+01
 -1.30107240e+00 -1.35771836e-01]","[ -0.73973409   0.08457181 -18.59998108 -11.75904014  -1.27045307
   0.24956313]","[ 1.74919624e+00  2.19503263e-02 -7.17553922e+01  1.27514263e+02
 -1.27911522e+00 -2.16924126e-01]",014
412,0,0.8325688643626934,0,[ 2.33962483  0.32339383  4.8870191  -9.43379122 -1.30929431  0.07314701],"[ -1.06379432   0.08175712 -19.32334317 -18.55606263  -1.30668596
   0.10045029]",[-0.37716595  0.11655232 13.55960042  7.11421961 -1.3150285  -0.07305435],"[ -1.22591116   0.15996413  -9.80352972 -10.01825653  -1.25280408
   0.31192014]","[-1.94234785e+00  9.56199863e-03 -1.64361925e+02 -3.17248031e+02
 -1.31100743e+00  2.54925245e-01]","[ 5.04566445e-01  3.28699663e-02  4.79601862e+01 -2.21991007e+01
 -1.28892933e+00 -1.90161604e-01]","[ -0.78785433   0.06967037 -22.48724095 -15.71667007  -1.23927097
   0.33088927]","[ 1.73447052e+00  2.50069795e-02 -6.30791332e+01  1.11408897e+02
 -1.28780072e+00 -1.70505680e-01]",014
413,0,0.8325688643626934,0,"[  2.54557265   0.33455197   4.72571246 -10.02964439  -1.3137599
   0.02984028]","[ -1.11287436   0.07517247 -20.99394062 -21.36361821  -1.29887643
   0.15123183]",[-0.30696969  0.108703   14.52273833  6.4580405  -1.30675651 -0.13674031],"[ -1.31343953   0.12388108 -12.53385638 -14.46246237  -1.18708979
   0.4516887 ]","[-1.94732834e+00  7.33947497e-03 -2.08970654e+02 -4.04934478e+02
 -1.18068124e+00  5.32431488e-01]","[ 5.23695309e-01  2.83442911e-02  5.54849499e+01 -2.70572080e+01
 -1.26884519e+00 -2.54823214e-01]","[ -0.8261763    0.05370189 -28.93589381 -21.90614962  -1.17822844
   0.44776097]","[ 1.71786984e+00  2.77718404e-02 -5.68430866e+01  9.96490240e+01
 -1.29124540e+00 -1.40335762e-01]",014
414,0,0.8325688643626934,0,"[  2.75507525   0.33565453   4.71037064 -10.97742558  -1.31666314
  -0.01809018]","[ -1.1570483    0.06643675 -23.70554695 -25.42846278  -1.286014
   0.21765129]",[-0.2430899   0.0967124  16.2859113   5.9589405  -1.29039627 -0.21451457],"[ -1.37567266   0.08356426 -17.92297807 -22.65615091  -0.98421925
   0.70974552]","[-1.95031311e+00  4.29492921e-03 -2.88570614e+02 -5.60803050e+02
 -6.47908016e-01  8.52277618e-01]","[ 5.39805354e-01  2.32768141e-02  6.72887736e+01 -3.43228402e+01
 -1.23551850e+00 -3.36027461e-01]","[-8.54157662e-01  3.73150889e-02 -4.07900907e+01 -3.28411685e+01
 -1.03904669e+00  6.34743586e-01]","[ 1.69955343e+00  3.03369564e-02 -5.20579849e+01  9.04753268e+01
 -1.29249554e+00 -1.21236599e-01]",014
415,0,0.9710289711811864,0,"[  2.96122056   0.3252067    4.8595416  -12.39017449  -1.31599288
  -0.07512649]","[ -1.19486353   0.05553037 -28.22788375 -31.72846895  -1.25622679
   0.31811735]",[-0.18808355  0.08094578 19.36221714  5.64171451 -1.25523688 -0.32060289],"[ -1.40867068   0.04327545 -25.48299948 -33.89715422  -0.53761983
   0.88913523]","[-1.95039789e+00  4.12587937e-03  1.80487510e+02  3.54022459e+02
 -7.11414481e-01  8.04821648e-01]","[ 5.52619790e-01  1.79099393e-02  8.67702070e+01 -4.59509336e+01
 -1.17553691e+00 -4.47787848e-01]","[-8.71584634e-01  2.14715677e-02 -6.52328378e+01 -5.48559390e+01
 -6.52309515e-01  9.47268661e-01]","[ 1.67962838e+00  3.27887197e-02 -4.81763102e+01  8.29182979e+01
 -1.29319941e+00 -1.09049021e-01]",014
416,0,0.9710289711811864,0,"[  3.15639702   0.30211464   5.22422278 -14.48972122  -1.30817685
  -0.1454566 ]","[-1.22484567e+00  4.24294133e-02 -3.64625709e+01 -4.26610221e+01
 -1.17236140e+00  4.86927771e-01]",[-0.14423634  0.06196538 24.98473592  5.60370695 -1.17070745 -0.48232692],[-1.40790062  0.04484493 20.92218196 31.4563529  -0.489484    0.92819536],"[-1.94661984e+00  9.98660610e-03  1.40561032e+02  2.75618894e+02
 -5.90630007e-01  9.87561822e-01]","[ 5.61996334e-01  1.24888052e-02  1.22108348e+02 -6.66244440e+01
 -1.04662270e+00 -6.23021770e-01]","[-8.78547829e-01  9.91107735e-03 -4.09552161e+01 -3.39811162e+01
 -1.40928774e+00  4.07278897e-01]","[ 1.65816022e+00  3.51828789e-02 -4.49046146e+01  7.64590458e+01
 -1.29416208e+00 -1.00220079e-01]",014
417,0,0.9710289711811864,0,"[  3.33267258   0.26625056   5.91081002 -17.69879448  -1.28729598
  -0.23519681]","[-1.24550451e+00  2.74960039e-02 -5.33958146e+01 -6.45047277e+01
 -8.92141110e-01  7.89840490e-01]",[-0.11347383  0.04079473 36.39837419  6.13026287 -0.92769641 -0.75702528],[-1.36823068  0.10123147 14.23639349 21.47867041 -0.71739581  0.90502178],"[-1.93804686e+00  1.81001702e-02  8.33575990e+01  1.63550933e+02
 -9.54409260e-01  7.05974014e-01]","[ 5.67911247e-01  7.30048763e-03  1.94496330e+02 -1.08456653e+02
 -6.95317088e-01 -9.21667841e-01]","[-8.75378808e-01  1.59957186e-02  8.14811357e+01  7.33268594e+01
 -5.30327001e-01  9.87468296e-01]","[ 1.63519436e+00  3.75293764e-02 -4.21022783e+01  7.08454079e+01
 -1.29564898e+00 -9.20036119e-02]",014
418,0,0.9710289711811864,0,"[  3.48239567   0.2187915    7.1473051  -22.88974438  -1.24030854
  -0.35716942]","[-1.25542249e+00  1.35781422e-02 -6.26431819e+01 -7.66436595e+01
 -7.80291620e-01  7.09572479e-01]","[-9.72590474e-02  2.04386937e-02  5.29954170e+01  7.15428378e+00
 -4.79246991e-01 -9.35157754e-01]",[-1.28432869  0.17331157  8.78325229 13.28058295 -1.01587291  0.6443094 ],"[-1.92387419e+00  2.75143407e-02  5.60855883e+01  1.09901616e+02
 -1.11234204e+00  5.28348816e-01]","[ 5.70432451e-01  3.31831135e-03  1.79820450e+02 -1.00575420e+02
 -1.10851150e+00 -5.57765518e-01]","[-8.62557717e-01  2.92797297e-02  5.16773136e+01  4.65746657e+01
 -1.01937395e+00  6.65498191e-01]","[ 1.61078228e+00  3.97916850e-02 -3.97137354e+01  6.59701811e+01
 -1.29756799e+00 -8.26798371e-02]",014
419,0,0.9710289711811864,0,"[  3.5988965    0.16231267   9.48025402 -32.118453    -1.12852581
  -0.54121358]","[-1.25340445e+00  1.76585902e-02  6.42372965e+01  8.25153134e+01
 -3.99714861e-01  1.01087737e+00]","[-9.65118838e-02  1.89200196e-02 -4.98974980e+01 -2.81570153e+00
 -5.85858812e-01 -8.48277502e-01]",[-1.15138092  0.25406816  6.09790338  9.02100962 -1.14264209  0.48655097],"[-1.90349950e+00  3.77318763e-02  4.13142477e+01  8.06416498e+01
 -1.19095010e+00  4.10410954e-01]","[ 5.69689987e-01  4.78188792e-03 -2.62554479e+02  1.51574657e+02
 -4.86808163e-01 -9.93319587e-01]",[-0.8406222   0.0427092  36.36899471 32.57258438 -1.17881371  0.45121232],"[ 1.58500464e+00  4.18996070e-02 -3.77208989e+01  6.17877997e+01
 -1.29960390e+00 -7.15988803e-02]",014
420,0,0.9710289711811864,0,"[  3.67712901   0.10122049  14.33435581 -50.70927562  -0.81173459
  -0.84617758]","[-1.23865023e+00  3.59013923e-02  4.12308622e+01  5.30706170e+01
 -8.86955154e-01  7.84389249e-01]","[ -0.11157698   0.03956473 -37.01011851  -2.12947727  -0.84654637
  -0.81920851]",[-0.96596432  0.33956629  4.60074374  6.44415429 -1.21002252  0.378621  ],"[-1.87655632e+00  4.83256997e-02  3.24305366e+01  6.28577283e+01
 -1.23370150e+00  3.26904735e-01]","[ 5.65850334e-01  8.98097060e-03 -1.67736815e+02  9.69139327e+01
 -9.95707226e-01 -6.90462265e-01]",[-0.81011463  0.05557314 28.18987029 24.8370263  -1.23677849  0.33242227],"[ 1.55798493e+00  4.37705212e-02 -3.61132902e+01  5.82639618e+01
 -1.30138434e+00 -5.90024070e-02]",014
421,0,0.9710289711811864,0,"[ 3.71413331e+00  4.77935818e-02  1.72007635e+01 -6.18859287e+01
 -7.51288849e-01 -7.43847686e-01]",[-1.21091173  0.05587807 27.60466909 35.42681763 -1.1337383   0.52356745],"[ -0.14224141   0.06280801 -24.52139044  -1.48795717  -1.1253117
  -0.53683519]",[-0.72689998  0.42519674  3.69183495  4.68359475 -1.25123921  0.29546633],[-1.84290618  0.05895121 26.66704236 51.14485709 -1.25828365  0.26548386],"[ 5.59097056e-01  1.32604064e-02 -1.17018125e+02  6.74244890e+01
 -1.17387644e+00 -4.62194786e-01]",[-0.77158568  0.06771374 23.22386422 19.91920109 -1.26482872  0.25713132],"[ 1.52989192e+00  4.53305580e-02 -3.48743539e+01  5.53539922e+01
 -1.30267898e+00 -4.56123652e-02]",014
422,0,0.9872673043408564,0,"[ 3.70924782e+00  5.76333408e-02 -2.01344296e+01  7.66835890e+01
 -4.72576933e-01 -9.61262595e-01]",[-1.1706052   0.07505707 20.82926975 26.38285149 -1.23171289  0.36307716],"[ -0.18777842   0.08517125 -18.34392668  -1.44459358  -1.22382962
  -0.37369651]",[-0.43593006  0.50568597  3.11361138  3.35731681 -1.2783443   0.22594745],[-1.80260946  0.06934115 22.71407422 42.94460517 -1.27352218  0.21854133],"[ 5.49618253e-01  1.73323959e-02 -9.03673862e+01  5.16675649e+01
 -1.23699096e+00 -3.35434907e-01]",[-0.72564799  0.07892646 19.96685902 16.4889112  -1.28223971  0.20143249],"[ 1.50093395e+00  4.65260855e-02 -3.39810777e+01  5.30033533e+01
 -1.30352071e+00 -3.20763050e-02]",014
423,0,0.9872673043408564,0,"[  3.66404206   0.11084013 -13.51381766  51.51519631  -0.98378892
  -0.71071886]",[-1.11885902  0.09201082 17.09327201 21.12496153 -1.27858928  0.25136747],"[ -0.2469851    0.10551853 -14.89435868  -1.67868461  -1.26770538
  -0.26892618]",[-0.09808975  0.5755439   2.74110947  2.26887474 -1.29667893  0.16426724],[-1.75590083  0.07925638 19.8971976  36.93750585 -1.28410497  0.18045292],"[ 5.37600869e-01  2.11479202e-02 -7.43596440e+01  4.19758092e+01
 -1.26483654e+00 -2.57428274e-01]",[-0.67305485  0.08886484 17.75807559 13.9521589  -1.29449914  0.15444661],"[ 1.47135070e+00  4.73208900e-02 -3.34121551e+01  5.11609977e+01
 -1.30412592e+00 -1.85221710e-02]",014
424,0,0.9872673043408564,0,[ 3.58198725  0.1633315  -9.51074242 36.06735806 -1.19903589 -0.443411  ],[-1.05748241  0.1056051  14.93811804 17.79679711 -1.30291407  0.1647969 ],"[ -0.31819658   0.12301166 -12.81437508  -2.07749035  -1.29121848
  -0.19219184]",[ 0.27828562  0.62957168  2.50905521  1.30176601 -1.30879563  0.10691341],[-1.70318374  0.08843057 17.84876537 32.39972699 -1.29223017  0.14711731],"[ 5.23230072e-01  2.46937649e-02 -6.38124421e+01  3.53885887e+01
 -1.27944750e+00 -2.04521589e-01]",[-0.61476039  0.0971102  16.2652074  11.99920524 -1.30282022  0.11201562],"[ 1.44140710e+00  4.76838119e-02 -3.31587011e+01  4.97951874e+01
 -1.30466844e+00 -4.49080100e-03]",014
425,0,0.6099321841809547,0,[ 3.46794101  0.20842975 -7.5322698  28.12146735 -1.26941282 -0.28850921],[-0.98885096  0.11501027 13.73764807 15.58448647 -1.31493114  0.09256797],"[ -0.39928321   0.13685203 -11.53767078  -2.6067982   -1.30534179
  -0.12906358]",[ 0.68189056  0.66335281  2.38297785  0.3750699  -1.31591815  0.05144757],[-1.64503963  0.09655327 16.35797929 28.90952427 -1.29859175  0.11609099],"[ 5.06690924e-01  2.79588820e-02 -5.64270289e+01  3.05910634e+01
 -1.28809607e+00 -1.65600210e-01]",[-0.55191752  0.103321   15.29631312 10.44230319 -1.30734432  0.07365287],"[ 1.41139136e+00  4.75781791e-02 -3.32320523e+01  4.89034314e+01
 -1.30511145e+00  1.07433327e-02]",014
426,0,0.6088558569956316,0,[ 3.32759311  0.24449384 -6.44754113 23.45479343 -1.2961797  -0.18978652],[-0.91572843  0.11976035 13.20116543 14.08868248 -1.31922115  0.02898579],"[ -0.48764879   0.1462603  -10.80561296  -3.26934404  -1.31396406
  -0.07187215]",[ 1.09902695  0.67363552  2.34709741 -0.57952331 -1.31863582 -0.00436255],[-1.58223486  0.10330407 15.29639462 26.20248886 -1.30324069  0.08642968],"[ 4.88171472e-01  3.09283884e-02 -5.10473343e+01  2.69198523e+01
 -1.29354573e+00 -1.35193257e-01]",[-0.48580128  0.10737024 14.72397866  9.15292765 -1.30850881  0.04052964],"[ 1.38161463e+00  4.69624780e-02 -3.36659620e+01  4.85133856e+01
 -1.30521212e+00  2.77386962e-02]",014
427,0,0.6280265831642972,0,[ 3.16704413  0.27107909 -5.82580837 20.45059221 -1.30805771 -0.11943315],[-0.84106611  0.11974633 13.2026887  13.10433399 -1.31824643 -0.03002827],"[ -0.58025141   0.15053324 -10.50305479  -4.0944123   -1.31841689
  -0.01579439]",[ 1.51432891  0.65850643  2.40022842 -1.63473527 -1.31694951 -0.06344025],[-1.51570853  0.10841244 14.5804319  24.099685   -1.30619845  0.05809821],"[ 4.67867463e-01  3.35845151e-02 -4.70333356e+01  2.40053674e+01
 -1.29719872e+00 -1.10322780e-01]","[-4.17682226e-01  1.09400158e-01  1.44525052e+01  8.03655455e+00
 -1.30734833e+00  1.39686460e-02]","[ 1.35240813e+00  4.58026859e-02 -3.45145343e+01  4.86777370e+01
 -1.30464916e+00  4.66371914e-02]",014
428,0,0.6660475979257384,0,[ 2.99261886  0.28791404 -5.4898586  18.42905438 -1.31462016 -0.06177247],[-0.76782102  0.11513454 13.72373252 12.53737027 -1.31307369 -0.08878922],"[ -0.67367395   0.14913466 -10.60012051  -5.14102511  -1.31863044
   0.0430126 ]",[ 1.91156365  0.61737937  2.55738097 -2.8885965  -1.3096146  -0.13029202],[-1.44653414  0.11170538 14.15334545 22.47329741 -1.30766205  0.03130848],"[ 4.45987707e-01  3.59049709e-02 -4.40087883e+01  2.16273786e+01
 -1.29993735e+00 -8.89039195e-02]","[-3.48691419e-01  1.09776385e-01  1.44032026e+01  7.02227316e+00
 -1.30508745e+00 -5.41754494e-03]","[ 1.32411382e+00  4.40881120e-02 -3.58500577e+01  4.94695569e+01
 -1.30317292e+00  6.72082052e-02]",014
429,0,0.99559471089678,0,"[ 2.81090146e+00  2.94414326e-01 -5.37027571e+00  1.70953158e+01
 -1.31845146e+00 -6.48508065e-03]",[-0.69881913  0.1062545  14.85167536 12.3786348  -1.30297459 -0.15299311],"[ -0.76427054   0.14181259 -11.13836584  -6.51272493  -1.31313297
   0.10820389]",[ 2.2744765   0.55098104  2.8588273  -4.50233553 -1.29263368 -0.21215852],"[-1.37586185e+00  1.13121478e-01  1.39772339e+01  2.12307428e+01
 -1.30793579e+00  6.11024110e-03]","[ 4.22758392e-01  3.78591974e-02 -4.17474986e+01  1.96491054e+01
 -1.30216081e+00 -6.93189690e-02]",[-0.27971697  0.1089809  14.50802431  6.05814056 -1.30266233 -0.01784933],"[ 1.29706857e+00  4.18416690e-02 -3.77644631e+01  5.09830982e+01
 -1.30066873e+00  8.90777722e-02]",014
430,0,0.978485565264052,0,[ 2.62888635  0.28965145 -5.45725565 16.3465049  -1.31892771  0.05394536],[-0.63667002  0.09351681 16.83214896 12.71652454 -1.28418602 -0.23107556],"[ -0.84839484   0.12873486 -12.24741492  -8.39064367  -1.29877742
   0.18375207]",[ 2.58768549  0.4615263   3.39563967 -6.78684751 -1.25554209 -0.32163938],"[-1.30485727e+00  1.12694175e-01  1.40299279e+01  2.03070534e+01
 -1.30731697e+00 -1.77369149e-02]","[ 3.98424716e-01  3.94109030e-02 -4.01109812e+01  1.79812063e+01
 -1.30382301e+00 -5.06576446e-02]",[-0.21135649  0.10750436 14.7069922   5.10841827 -1.30058168 -0.02408562],"[ 1.27158376e+00  3.91222667e-02 -4.03746554e+01  5.33397560e+01
 -1.29706944e+00  1.11859578e-01]",014
431,0,0.978485565264052,0,[ 2.45407654  0.27267999 -5.79058826 16.21054678 -1.31324106  0.12636764],[-0.58371789  0.07739975 20.23008437 13.8086622  -1.24604409 -0.33746933],"[ -0.92268797   0.11059752 -14.20541202 -11.10716281  -1.26990331
   0.27519899]","[  2.83764761   0.35315845   4.3833506  -10.43840436  -1.16882562
  -0.48397218]",[-1.23464932  0.1105246  14.30380438 19.66018234 -1.3059808  -0.04067792],"[ 3.73248470e-01  4.05301492e-02 -3.90079561e+01  1.65596599e+01
 -1.30473883e+00 -3.28501512e-02]",[-0.14392792  0.10577047 14.94801857  4.15143726 -1.29909423 -0.02524076],"[ 1.24792205e+00  3.60239294e-02 -4.38271802e+01  5.66929046e+01
 -1.29225590e+00  1.34926835e-01]",014
432,0,0.978485565264052,0,[ 2.29436366  0.24303102 -6.47919203 16.86562276 -1.29501619  0.21975006],[-0.54199795  0.05852153 26.40782028 16.31298455 -1.1562154  -0.50132976],"[ -0.98438231   0.08863949 -17.60249192 -15.32758163  -1.21484411
   0.3929003 ]","[  3.01367927   0.23298178   6.38565609 -17.24431941  -0.93124132
  -0.75223952]",[-1.16628703  0.10676566 14.80465491 19.26647703 -1.30389753 -0.06307158],"[ 3.47501449e-01  4.12064889e-02 -3.83702131e+01  1.53337046e+01
 -1.30493418e+00 -1.62763303e-02]",[-0.07752788  0.10408379 15.19037973  3.17767799 -1.29841291 -0.02299537],"[ 1.22627367e+00  3.26759738e-02 -4.82929258e+01  6.12203436e+01
 -1.28620272e+00  1.56891271e-01]",014
433,0,0.978485565264052,0,[ 2.15761823  0.20122034 -7.77412277 18.773589   -1.2485444   0.34992679],"[-5.13172191e-01  3.78947268e-02  3.89582723e+01  2.19923020e+01
 -8.96455377e-01 -7.82331685e-01]","[ -1.03156456   0.0645426  -23.80978272 -22.56132799  -1.10282705
   0.55970254]","[  3.10891753   0.11748303   9.71625018 -28.20702055  -0.4309319
  -0.98847522]",[-1.10070078  0.10162419 15.54966321 19.11552645 -1.30094166 -0.0848595 ],"[ 3.21456943e-01  4.14507987e-02 -3.81448770e+01  1.42619355e+01
 -1.30471759e+00 -1.07415020e-03]","[-1.21249678e-02  1.02582162e-01  1.54129026e+01  2.18688095e+00
 -1.29875949e+00 -1.99377816e-02]","[ 1.20673540e+00  2.92412814e-02 -5.39393464e+01  6.70905189e+01
 -1.27938411e+00  1.75234632e-01]",014
434,0,0.978485565264052,0,"[  2.05104118   0.14924832 -10.29486544  23.11519299  -1.12706863
   0.55046305]","[-4.98441526e-01  1.86209880e-02  5.47141204e+01  2.92717896e+01
 -5.21824804e-01 -8.94911897e-01]","[ -1.06333857   0.04033749 -36.40635522 -36.71228166  -0.83324594
   0.82456586]",[ 3.12102159  0.09306286 -9.03900213 30.21092082 -0.77342488 -0.71819205],[-1.03866907  0.09536472 16.5650773  19.20563347 -1.29717953 -0.1055921 ],"[ 2.95384196e-01  4.12813401e-02 -3.83009208e+01  1.33134867e+01
 -1.30448583e+00  1.33706480e-02]",[ 0.05232525  0.101197   15.62389562  1.18247582 -1.3001927  -0.01942344],"[ 1.18929774e+00  2.59033259e-02 -6.08704954e+01  7.43931427e+01
 -1.27307933e+00  1.86637166e-01]",014
435,0,0.978485565264052,0,"[  1.98039633   0.09157796 -15.62273924  32.93921543  -0.76514588
   0.8784353 ]","[-4.98452128e-01  1.86425603e-02 -5.44955132e+01 -2.51634045e+01
 -5.20244753e-01 -8.96214171e-01]","[-1.07984756e+00  1.91905886e-02 -5.73248586e+01 -5.99021085e+01
 -3.71171251e-01  1.02506640e+00]",[ 3.05241741  0.18991516 -7.70859634 25.52985367 -0.87831678 -0.80075696],[-0.98079775  0.08829054 17.88595446 19.54250396 -1.29297815 -0.12496748],"[ 2.69550578e-01  4.07023361e-02 -3.88437893e+01  1.24703659e+01
 -1.30446199e+00  2.84696856e-02]",[ 0.11576245  0.09965192 15.86583499  0.16333208 -1.30236575 -0.02468138],"[ 1.17384655e+00  2.28364035e-02 -6.90426364e+01  8.30454604e+01
 -1.26908602e+00  1.88286397e-01]",014
436,0,0.9804186639763456,0,"[  1.94924867   0.04331784 -14.13148936  29.54578681  -1.10215481
   0.54878915]","[-5.13221196e-01  3.80060478e-02 -3.88208718e+01 -1.79236943e+01
 -8.93527089e-01 -7.84829162e-01]","[-1.08215627e+00  1.45103682e-02  6.19693588e+01  6.90605303e+01
 -7.66068894e-01  7.05037780e-01]",[ 2.9099912   0.29370835 -5.26580261 17.32343928 -1.17616932 -0.48780044],[-0.92751647  0.08069802 19.56100712 20.14315634 -1.28869505 -0.14342325],"[ 2.44230959e-01  3.96908796e-02 -3.98294636e+01  1.17275881e+01
 -1.30447214e+00  4.59851635e-02]",[ 0.17792884  0.09752842 16.21020313 -0.88426271 -1.30441784 -0.03766279],"[ 1.16018273e+00  2.01670790e-02 -7.82012292e+01  9.27277159e+01
 -1.26870938e+00  1.79743895e-01]",014
437,0,0.9804186639763456,0,"[  1.95832059   0.06114797  20.36403793 -37.87931486  -0.51150865
   0.97087715]","[ -0.54210379   0.05869285 -26.33057159 -12.27390263  -1.15809943
  -0.50068676]","[-1.07203413e+00  2.81501198e-02  5.27372548e+01  5.85361370e+01
 -9.75801513e-01  7.29058338e-01]",[ 2.70427402  0.38182708 -4.10814791 13.10955769 -1.27028436 -0.30279812],[-0.87909367  0.07282912 21.66449253 21.04511833 -1.28428302 -0.16220286],"[ 2.19717271e-01  3.82037294e-02 -4.13718164e+01  1.10901026e+01
 -1.30389083e+00  6.73111708e-02]",[ 0.23832901  0.09439024 16.74640492 -1.99115419 -1.3052     -0.05848486],"[ 1.14805700e+00  1.79459463e-02 -8.79180616e+01  1.02934946e+02
 -1.27176780e+00  1.63975646e-01]",014
438,0,0.9804186639763456,0,"[  2.00507992   0.11112881  13.62112298 -25.31144024  -1.06512159
   0.64213577]","[ -0.58381242   0.07741008 -20.23318996  -9.81238767  -1.25112725
  -0.33179581]","[-1.05170090e+00  4.13608060e-02  3.76283840e+01  4.15738053e+01
 -1.23249257e+00  4.12928446e-01]",[ 2.44827949  0.44876748 -3.51320113 10.60129826 -1.3042603  -0.18342177],[-0.83566793  0.06485113 24.31556195 22.31973541 -1.27924581 -0.18296641],"[ 1.96320504e-01  3.62014812e-02 -4.36454880e+01  1.05685042e+01
 -1.30190031e+00  9.30120424e-02]",[ 0.29625386  0.08991441 17.57437366 -3.2064761  -1.30376876 -0.08590923],"[ 1.13721097e+00  1.61455355e-02 -9.77644897e+01  1.13178850e+02
 -1.27672593e+00  1.46271284e-01]",014
439,0,0.9804186639763456,0,"[  2.08366961   0.15431659  10.12661891 -19.10052811  -1.2688687
   0.35565127]","[ -0.63649007   0.09294917 -16.94190716  -8.7833557   -1.29066316
  -0.21948672]",[-1.02359448  0.05121694 30.72753631 33.45253659 -1.30187503  0.23064076],[ 2.15623168  0.49300216 -3.20448421  8.90961039 -1.31617808 -0.09810613],[-0.79728595  0.05686953 27.70662654 24.09010396 -1.27278731 -0.20750383],"[ 1.74362398e-01  3.36741024e-02 -4.68965644e+01  1.01769974e+01
 -1.29787200e+00  1.23113770e-01]",[ 0.35085777  0.08396975 18.80840329 -4.5990744  -1.29966507 -0.11850702],"[ 1.12741459e+00  1.46829589e-02 -1.07536753e+02  1.23238504e+02
 -1.28189258e+00  1.31933320e-01]",014
440,0,0.9804186639763456,0,"[  2.18524349   0.18238947   8.64790718 -16.89778283  -1.3371041
   0.1584342 ]","[ -0.69782952   0.10458693 -15.09444046  -8.53334609  -1.30895346
  -0.13576964]",[-0.99019405  0.05739095 27.51953974 29.24968456 -1.32294235  0.11125848],[ 1.84239665  0.51517452 -3.06877363  7.65389824 -1.31846563 -0.03222283],[-0.76393261  0.04895679 32.14917839 26.55980565 -1.26376306 -0.23780797],"[ 1.54159221e-01  3.06514370e-02 -5.14801568e+01  9.93614087e+00
 -1.29136610e+00  1.58028622e-01]",[ 0.40126467  0.07662187 20.59504897 -6.26406555 -1.29261037 -0.15566403],"[ 1.11849246e+00  1.34500023e-02 -1.17410782e+02  1.33323075e+02
 -1.28631105e+00  1.25058885e-01]",014
441,0,0.9804186639763456,0,"[ 2.29870857e+00  1.91673640e-01  8.24698637e+00 -1.69574183e+01
 -1.35349140e+00 -5.58341499e-03]","[ -0.76522837   0.11193014 -14.120316    -8.80526639  -1.31660032
  -0.06794893]","[-9.53890990e-01  5.99842341e-02  2.63566256e+01  2.71413477e+01
 -1.32705395e+00  2.01108969e-02]",[ 1.52012264  0.51734554 -3.0560658   6.64559483 -1.31582317  0.02176991],[-0.73554372  0.0411808  38.15726086 30.06633366 -1.25035941 -0.27627017],"[ 1.36001960e-01  2.71967560e-02 -5.79492208e+01  9.88120760e+00
 -1.28152092e+00  1.99410015e-01]",[ 0.44667845  0.0680943  23.14611139 -8.33886906 -1.28189604 -0.1977312 ],"[ 1.11033537e+00  1.23357894e-02 -1.28005495e+02  1.44129029e+02
 -1.28939888e+00  1.28731430e-01]",014
442,0,0.9804186639763456,0,"[  2.41181936   0.18113421   8.70524162 -18.99547025  -1.33381152
  -0.16925778]","[-8.35967137e-01  1.14909732e-01 -1.37593399e+01 -9.50235603e+00
 -1.31776938e+00 -9.92774260e-03]",[-0.91687244  0.05931127 26.64987708 26.43453781 -1.32126578 -0.05720991],[ 1.2011146   0.50252305 -3.14518322  5.7777255  -1.31011175  0.06779586],"[-7.11999368e-01  3.36315254e-02  4.66062554e+01  3.51836244e+01
 -1.22958975e+00 -3.25642406e-01]","[ 1.20136557e-01  2.33965891e-02 -6.72336578e+01  1.00772202e+01
 -1.26614900e+00  2.50404358e-01]","[  0.4864823    0.05873404  26.78857322 -11.03216666  -1.26609796
  -0.2451989 ]","[ 1.10289709e+00  1.12425616e-02 -1.40401868e+02  1.56848812e+02
 -1.28996319e+00  1.44801776e-01]",014
443,0,0.608213732704372,0,"[  2.51249785   0.15229392  10.25543161 -23.76674988  -1.26228097
  -0.3647514 ]","[ -0.90739542   0.11377768 -13.89451546 -10.60781971  -1.31448497
   0.04136425]",[-0.88098417  0.05594793 28.22490751 26.86569658 -1.30710253 -0.12365852],[ 0.89494169  0.47435232 -3.33011913  4.98026245 -1.30228656  0.10754043],"[-6.93101857e-01  2.64440326e-02  5.90469985e+01  4.29255843e+01
 -1.19687274e+00 -3.88731566e-01]","[ 1.06745251e-01  1.93604578e-02 -8.09979805e+01  1.06461498e+01
 -1.24082409e+00  3.15549569e-01]","[  0.5203249    0.04900423  32.03309058 -14.66761463  -1.243591
  -0.29711939]","[ 1.09617941e+00  1.01016011e-02 -1.56146229e+02  1.73164282e+02
 -1.28609187e+00  1.72782611e-01]",014
444,0,0.5968497877027369,0,"[  2.59017652   0.10927542  13.85381924 -33.88383724  -1.05913733
  -0.645054  ]","[ -0.9771078    0.10906649 -14.48779474 -12.15613728  -1.30796749
   0.08760516]",[-0.84756222  0.05080745 31.04481611 28.31241327 -1.28713826 -0.17306462],[ 0.60874305  0.43686689 -3.61344759  4.19966112 -1.29318105  0.14121717],"[-6.78551121e-01  1.98025387e-02  7.83812546e+01  5.51856882e+01
 -1.14575337e+00 -4.68718001e-01]","[ 9.59276046e-02  1.52302645e-02 -1.02417504e+02  1.18246658e+01
 -1.19743342e+00  4.01239789e-01]","[ 5.48195467e-01  3.94841513e-02  3.96483616e+01 -1.97350521e+01
 -1.21430054e+00 -3.48671890e-01]","[ 1.09020998e+00  8.88770965e-03 -1.77269676e+02  1.95261170e+02
 -1.27637417e+00  2.09465694e-01]",014
445,0,0.5990879550786377,0,"[  2.63693951   0.0603033   21.07395802 -53.57075252  -0.50940587
  -0.98750923]","[ -1.0430901    0.10151221 -15.55451285 -14.22475835  -1.29900878
   0.12974941]",[-0.81726353  0.04511961 34.94240571 30.5571537  -1.26794149 -0.19035876],[ 0.34709344  0.39421253 -4.00180439  3.38900005 -1.28373436  0.16792356],"[-6.67937043e-01  1.39073662e-02  1.10513996e+02  7.58163919e+01
 -1.06541276e+00 -5.72557831e-01]","[ 8.76810693e-02  1.11862288e-02 -1.38091630e+02  1.41080218e+01
 -1.12011966e+00  5.18072703e-01]","[ 5.70479756e-01  3.08393880e-02  5.06497925e+01 -2.68946813e+01
 -1.18338601e+00 -3.86999277e-01]","[ 1.08501825e+00  7.62210623e-03 -2.06388575e+02  2.25935371e+02
 -1.26111247e+00  2.50263431e-01]",014
446,0,0.5990879550786377,0,"[  2.64828557   0.03834532 -12.80086905  35.90035678  -1.32303847
  -0.42681473]","[ -1.10382116   0.09196521 -17.1535163  -16.93441425  -1.28814488
   0.16808064]",[-0.78996545  0.0402671  39.191009   32.95954306 -1.25801572 -0.15501335],[ 0.11204788  0.35032497 -4.50090086  2.5043164  -1.27518911  0.18580585],"[-6.60764788e-01  8.90910813e-03  1.69137082e+02  1.13759828e+02
 -9.25248817e-01 -7.22780789e-01]","[ 8.18855066e-02  7.43819330e-03 -2.03470641e+02  1.86612965e+01
 -9.71857315e-01  6.87222307e-01]","[ 5.87975264e-01  2.37460649e-02  6.58051411e+01 -3.66917952e+01
 -1.16595994e+00 -3.84412889e-01]","[ 1.08061485e+00  6.35827822e-03 -2.46964016e+02  2.68872982e+02
 -1.24207216e+00  2.91339393e-01]",014
447,0,0.6334629038949479,0,"[  2.6234074    0.0778868  -18.32927743  50.08516208  -0.7873081
  -0.86414718]","[ -1.15832037   0.08130559 -19.38286926 -20.45157226  -1.27600349
   0.20207629]","[-7.64802345e-01  3.75080136e-02  4.21380014e+01  3.42272423e+01
 -1.25771274e+00 -5.84791395e-02]",[-0.09660386  0.30860427 -5.10840394  1.50650847 -1.26909669  0.1925491 ],"[-6.56516555e-01  4.86538039e-03  2.90178519e+02  1.92507001e+02
 -6.05579531e-01 -9.76266501e-01]","[ 7.82983387e-02  4.20973121e-03 -3.39455736e+02  2.85788202e+01
 -6.51000979e-01  9.48469840e-01]","[ 6.01844163e-01  1.87924928e-02  8.35579428e+01 -4.82888602e+01
 -1.18158811e+00 -2.95315137e-01]","[ 1.07697854e+00  5.15915043e-03 -3.03761370e+02  3.29144476e+02
 -1.22097179e+00  3.30450097e-01]",014
448,0,0.7848560806942647,0,"[  2.56494764   0.12457502 -12.37448159  33.73989732  -1.16748271
  -0.51345921]","[ -1.20613372   0.070357   -22.37690126 -24.9895352   -1.2637043
   0.23074235]","[-7.40359043e-01  3.76386387e-02  4.19877640e+01  3.30860208e+01
 -1.25651351e+00  6.81478318e-02]",[-0.28089542  0.27162623 -5.8049713   0.36941014 -1.26678348  0.186436  ],"[-6.54735183e-01  2.05496353e-03  3.33913538e+02  2.20624941e+02
 -9.10651926e-01 -6.83143812e-01]","[ 7.65639674e-02  1.78746184e-03 -5.72096300e+02  4.58019624e+01
 -2.73612288e-01  1.09108543e+00]","[ 6.13497499e-01  1.63757444e-02  9.64422014e+01 -5.71670493e+01
 -1.21706639e+00 -9.49279714e-02]","[ 1.07405110e+00  4.08146209e-03 -3.83248311e+02  4.13628268e+02
 -1.19895047e+00  3.63901517e-01]",014
449,0,0.947851533120612,0,[ 2.47826792  0.16281613 -9.63571245 25.87987702 -1.28225899 -0.29631008],"[ -1.24725646   0.05978787 -26.30890081 -30.8139464   -1.25271468
   0.25396536]",[-0.71498776  0.04072683 38.73695389 29.69644785 -1.25380496  0.16689138],[-0.44409524  0.24091441 -6.54842813 -0.90812573 -1.26869087  0.16794172],"[-6.55099734e-01  2.78665154e-03 -4.44110741e+02 -2.88936828e+02
 -4.34622955e-01 -1.02119356e+00]","[ 7.62364163e-02  1.12506822e-03  8.82529969e+02 -6.52809221e+01
 -9.16491590e-01  5.36721063e-01]","[ 6.24422782e-01  1.65410803e-02  9.54341874e+01 -5.75912808e+01
 -1.22555907e+00  1.31104915e-01]","[ 1.07173666e+00  3.17596089e-03 -4.92189083e+02  5.29497084e+02
 -1.18043646e+00  3.77005139e-01]",014
450,0,0.9771662312301024,0,[ 2.37038015  0.18932807 -8.33310943 21.75263721 -1.31667717 -0.15752057],"[ -1.28200045   0.05001225 -31.42330349 -38.28468916  -1.24374357
   0.27474433]",[-0.68717771  0.04612128 34.16515603 25.47753352 -1.26012275  0.20745565],[-0.59001145  0.21680571 -7.28131694 -2.29606039 -1.27416159  0.14155853],"[-6.57461293e-01  5.50696287e-03 -2.71229226e+02 -1.76322718e+02
 -9.06936047e-01 -7.56017916e-01]","[ 7.68111665e-02  1.76326025e-03  8.75067465e+02 -6.52149528e+01
 -1.38546318e+00  3.84018046e-01]","[ 6.35985187e-01  1.88585612e-02  8.33951957e+01 -5.10381091e+01
 -1.22216355e+00  2.59999870e-01]","[ 1.06990162e+00  2.49855464e-03 -6.27477608e+02  6.73339310e+02
 -1.17968118e+00  3.27894600e-01]",014
451,0,0.9906574488382176,0,[ 2.24880138  0.20395473 -7.74946064 19.42699779 -1.32273758 -0.06255179],"[-1.31083000e+00  4.11371768e-02 -3.81539904e+01 -4.80133953e+01
 -1.23489409e+00  3.01192617e-01]",[-0.65589169  0.05269791 29.90978795 21.61758127 -1.27703293  0.197312  ],[-0.72227017  0.1984451  -7.95909884 -3.74861965 -1.28176537  0.11631234],"[-6.61820248e-01  8.62093510e-03 -1.78575858e+02 -1.16185119e+02
 -1.09289778e+00 -5.51906628e-01]","[ 7.77609630e-02  1.89353729e-03  8.28744445e+02 -6.24439661e+01
 -1.46996697e+00 -1.78705704e-01]","[ 6.49247298e-01  2.25812893e-02  6.95710165e+01 -4.31687944e+01
 -1.23840402e+00  2.82757582e-01]","[ 1.06837407e+00  2.12134113e-03 -7.43714907e+02  7.96565724e+02
 -1.20162981e+00  1.48043121e-01]",014
452,0,0.9906574488382176,0,"[ 2.12061922e+00  2.08161920e-01 -7.59545725e+00  1.81070726e+01
 -1.31892995e+00  5.56994611e-03]","[-1.33420407e+00  3.30039329e-02 -4.74337558e+01 -6.12863097e+01
 -1.21933479e+00  3.47255780e-01]",[-0.62080474  0.05911385 26.69504297 18.57240927 -1.29795769  0.15436067],[-0.84365621  0.18392717 -8.58923089 -5.24635799 -1.28999046  0.10356115],"[-6.68246429e-01  1.19728823e-02 -1.30051013e+02 -8.49061247e+01
 -1.18293569e+00 -4.25575811e-01]","[ 7.85711016e-02  1.38483999e-03  1.01272222e+03 -7.75707008e+01
 -9.64979583e-01 -7.26235687e-01]","[ 6.64852100e-01  2.68921428e-02  5.85032905e+01 -3.68960355e+01
 -1.26610648e+00  2.47023619e-01]","[ 1.06694533e+00  2.12673677e-03 -7.41719484e+02  7.93374142e+02
 -1.18979846e+00 -1.47874859e-01]",014
453,0,0.9906574488382176,0,[ 1.99196376  0.20393127 -7.75094779 17.43960711 -1.31299014  0.05896073],"[-1.35246408e+00  2.53219718e-02 -6.14452965e+01 -8.11025565e+01
 -1.18035652e+00  4.34064933e-01]",[-0.58242448  0.06398806 24.69213652 16.38130469 -1.31680276  0.09076713],[-0.95555399  0.17054959 -9.26105003 -6.84943334 -1.2974571   0.11447445],"[-6.76762851e-01  1.53445865e-02 -1.02143688e+02 -6.71270533e+01
 -1.24394982e+00 -3.23241329e-01]","[ 7.87717493e-02  1.02609317e-03 -2.02424728e+02  1.79453499e+01
 -1.55307583e+00 -3.32859028e-01]","[ 6.82994157e-01  3.10551575e-02  5.07633721e+01 -3.26710865e+01
 -1.29018741e+00  1.89645170e-01]","[ 1.06537678e+00  2.56587991e-03 -6.09333653e+02  6.51169927e+02
 -1.13601135e+00 -3.77793275e-01]",014
454,0,0.9906574488382176,0,[ 1.86792701  0.19286937 -8.18988764 17.29811234 -1.30684083  0.10913239],"[-1.36579121e+00  1.78447444e-02 -8.56986920e+01 -1.15046520e+02
 -1.07102006e+00  5.98970943e-01]","[-5.42102469e-01  6.60338666e-02  2.39422955e+01  1.49791775e+01
 -1.32960415e+00  1.02058500e-02]","[ -1.05751299   0.15511293 -10.17143363  -8.75642315  -1.30087798
   0.16117289]","[-6.87226292e-01  1.83561708e-02 -8.57703933e+01 -5.69436694e+01
 -1.29021131e+00 -2.24699119e-01]","[ 7.79657127e-02  2.44599507e-03 -5.46778317e+02  4.46299612e+01
 -4.60772548e-01 -1.05697706e+00]","[ 7.03476618e-01  3.45246391e-02  4.57330715e+01 -3.01721465e+01
 -1.30476904e+00  1.30212433e-01]","[ 1.06341286e+00  3.43414707e-03 -4.52629697e+02  4.83332241e+02
 -1.11731856e+00 -4.60303861e-01]",014
455,0,0.9906574488382176,0,[ 1.75281717  0.17581929 -8.97203102 17.72633002 -1.2981088   0.16774165],"[-1.37423316e+00  1.05880855e-02 -1.34416406e+02 -1.82719482e+02
 -7.25142097e-01  9.02618465e-01]",[-0.5019493   0.06417572 24.617291   14.35663204 -1.33143516 -0.09157752],"[ -1.14701495   0.13430392 -11.70228798 -11.42269921  -1.28767491
   0.26276064]","[-6.99240761e-01  2.05257055e-02 -7.69296919e+01 -5.17923763e+01
 -1.32319014e+00 -1.21575362e-01]","[ 7.58497342e-02  4.64867254e-03 -3.22255689e+02  2.64430084e+01
 -9.25829213e-01 -7.40748323e-01]","[ 7.25828714e-01  3.70055093e-02  4.27054334e+01 -2.89968298e+01
 -1.31079651e+00  7.75828801e-02]","[ 1.06079792e+00  4.69879157e-03 -3.30847438e+02  3.52962274e+02
 -1.13792589e+00 -4.54712643e-01]",014
456,0,0.9906574488382176,0,"[  1.65053088   0.15301208 -10.2801802   18.96775489  -1.27987983
   0.2478927 ]","[-1.37777739e+00  4.95667094e-03 -1.10693213e+02 -1.50510607e+02
 -1.21573553e+00  4.93315674e-01]",[-0.46466084  0.05768539 27.28132862 14.67656516 -1.31003822 -0.22839847],"[ -1.21953886   0.10537834 -14.70408059 -15.93219766  -1.2093414
   0.45958571]","[-7.12132749e-01  2.13858151e-02 -7.39230365e+01 -5.06430152e+01
 -1.33986669e+00 -9.09225552e-03]","[ 7.22280994e-02  7.13241248e-03 -2.16305958e+02  1.76233682e+01
 -1.12213319e+00 -5.26679133e-01]","[ 7.49442935e-01  3.84330470e-02  4.11356104e+01 -2.88287925e+01
 -1.31161222e+00  3.43535733e-02]","[ 1.05729317e+00  6.31536378e-03 -2.46837176e+02  2.62979259e+02
 -1.17129353e+00 -4.15448473e-01]",014
457,0,1.0174128544201575,0,"[  1.56482111   0.12452823 -12.54697111  21.63376523  -1.23505464
   0.36952798]","[-1.37643455e+00  7.58744964e-03  1.66201186e+02  2.30765054e+02
 -4.75238217e-01  1.00604064e+00]",[-0.433261    0.04637603 33.49617986 16.51258828 -1.22636273 -0.43252278],"[ -1.26897685   0.06791512 -21.16515811 -24.85809567  -0.85761545
   0.81656334]","[-7.24999628e-01  2.06173505e-02 -7.65855777e+01 -5.35245153e+01
 -1.33448432e+00  1.18202027e-01]","[ 6.70188026e-02  9.67321011e-03 -1.61398079e+02  1.28167060e+01
 -1.21321161e+00 -3.85988045e-01]","[ 7.73688398e-01  3.88850311e-02  4.06615074e+01 -2.94593366e+01
 -1.31034200e+00 -7.86884202e-04]","[ 1.05269099e+00  8.22689829e-03 -1.90079112e+02  2.02094568e+02
 -1.20347364e+00 -3.67130883e-01]",014
458,0,1.0174128544201575,0,"[  1.4993356    0.09087269 -16.8588695   27.27710321  -1.10913149
   0.57354543]","[-1.37030505e+00  1.42660358e-02  1.05511547e+02  1.46583007e+02
 -9.91685525e-01  6.95003194e-01]","[-4.10770580e-01  3.09920413e-02  4.74547752e+01  2.14930255e+01
 -9.28408964e-01 -7.67397944e-01]","[ -1.28839532   0.03638494  -9.77925637 -10.5995481   -1.5623576
   0.29292735]","[-7.36819411e-01  1.81489672e-02 -8.65453625e+01 -6.17683030e+01
 -1.29544442e+00  2.71793606e-01]","[ 6.02529250e-02  1.20845476e-02 -1.29963428e+02  9.83067668e+00
 -1.26178975e+00 -2.83676517e-01]","[ 7.97973989e-01  3.84768274e-02  4.10896824e+01 -3.07884978e+01
 -1.30877532e+00 -3.14750298e-02]","[ 1.04682610e+00  1.03617816e-02 -1.51333484e+02  1.60419841e+02
 -1.23061475e+00 -3.18576904e-01]",014
459,0,1.0174128544201575,0,"[  1.45744099   0.05411524 -25.82015466  39.63135172  -0.69940983
   0.91482143]","[-1.35962733e+00  2.10039811e-02  7.38991349e+01  1.02475284e+02
 -1.18289967e+00  4.56470349e-01]","[-3.99832507e-01  1.56461472e-02  5.25502828e+01  2.30113113e+01
 -8.37433958e-01 -6.69864088e-01]",[-1.27104976  0.06966145 18.29401536 25.25260378 -0.40798224  1.0643358 ],"[-7.46592023e-01  1.41893108e-02 -1.09048018e+02 -7.94143804e+01
 -1.18780041e+00  4.79979523e-01]","[ 5.20673874e-02  1.41998153e-02 -1.10970537e+02  7.77794592e+00
 -1.28969113e+00 -2.02649542e-01]","[ 8.21763352e-01  3.72912915e-02  4.23861884e+01 -3.28314163e+01
 -1.30709327e+00 -6.20647838e-02]","[ 1.03958460e+00  1.26332465e-02 -1.24403147e+02  1.31327595e+02
 -1.25246421e+00 -2.72407846e-01]",014
460,0,1.0174128544201575,0,[ 1.44194016  0.02753878 -7.40337995 12.67523086 -1.65601223  0.27716912],"[-1.34482383e+00  2.70794833e-02  5.79148067e+01  7.98852120e+01
 -1.25915268e+00  3.09306230e-01]","[-4.02354044e-01  2.07189825e-02 -5.52449159e+01 -2.02280153e+01
 -4.16912306e-01 -1.00100101e+00]",[-1.21145665  0.1357568  10.99796362 15.32355614 -0.91816213  0.75243752],"[-7.53473301e-01  9.22998201e-03 -1.58654954e+02 -1.17542272e+02
 -8.77238386e-01  8.01897497e-01]","[ 4.26909051e-02  1.58805178e-02 -9.94144550e+01  6.24409307e+00
 -1.30554345e+00 -1.34649226e-01]","[ 8.44562034e-01  3.53634810e-02  4.46771615e+01 -3.57326343e+01
 -1.30431589e+00 -9.63111945e-02]","[ 1.03091070e+00  1.49432772e-02 -1.05358408e+02  1.10615110e+02
 -1.26946864e+00 -2.29365645e-01]",014
461,0,1.0174128544201575,0,"[  1.4547928    0.05153458  25.67957082 -35.35845462  -0.51970536
   1.00761193]","[-1.32655537e+00  3.20067194e-02  4.92341909e+01  6.73118801e+01
 -1.29992824e+00  1.99038900e-01]","[ -0.41924281   0.04117747 -36.09669888 -13.13328131  -0.92710368
  -0.75631249]",[-1.10629006  0.20862165  7.39822903 10.18458724 -1.13086806  0.52045233],"[-7.56863716e-01  4.50436311e-03 -1.94419794e+02 -1.45149287e+02
 -7.02295759e-01  7.66531757e-01]","[ 3.24233316e-02  1.70294508e-02 -9.28017618e+01  5.00894229e+00
 -1.31349133e+00 -7.55360222e-02]","[ 8.65896573e-01  3.27012365e-02  4.82764471e+01 -3.98024101e+01
 -1.29906140e+00 -1.37432089e-01]","[ 1.02080850e+00  1.71936591e-02 -9.16918902e+01  9.55998607e+01
 -1.28195086e+00 -1.90070398e-01]",014
462,0,1.0174128544201575,0,"[  1.49689909   0.09456099  15.97491298 -21.91283268  -1.00261194
   0.67937094]","[-1.30577512e+00  3.52487479e-02  4.48165546e+01  6.05203418e+01
 -1.32539157e+00  9.82709279e-02]","[ -0.45029952   0.06240759 -24.80544326  -9.16987925  -1.17232053
  -0.48252131]",[-0.95492768  0.28102604  5.56000439  7.30940211 -1.22268559  0.3730268 ],"[-7.56430074e-01  5.38175282e-03  2.09116038e+02  1.60181660e+02
 -4.46747011e-01  9.70712338e-01]","[ 2.16099271e-02  1.75983083e-02 -8.98401674e+01  3.94143947e+00
 -1.31606767e+00 -2.27719537e-02]","[ 8.85298183e-01  2.93084552e-02  5.37885351e+01 -4.56188924e+01
 -1.28938542e+00 -1.89876796e-01]","[ 1.00933641e+00  1.93014313e-02 -8.17585603e+01  8.45218921e+01
 -1.29033009e+00 -1.55385975e-01]",014
463,0,1.0174128544201575,0,"[  1.56795494   0.13863519  11.19512423 -15.55345037  -1.17683342
   0.45942024]","[-1.28375348e+00  3.62473162e-02  4.36150411e+01  5.79909608e+01
 -1.33783721e+00 -8.40555206e-03]","[ -0.4942941    0.08127519 -19.28952663  -7.53469919  -1.26144175
  -0.31410918]",[-0.75955464  0.34795161  4.51666336  5.43065263 -1.26821829  0.26945191],"[-7.52067996e-01  1.07461739e-02  1.38323470e+02  1.06028655e+02
 -9.20635383e-01  7.58864245e-01]","[ 1.06142955e-02  1.75840717e-02 -8.99120391e+01  2.95435296e+00
 -1.31496059e+00  2.59430376e-02]","[ 9.02297437e-01  2.51956985e-02  6.23957565e+01 -5.42995312e+01
 -1.27053764e+00 -2.62112038e-01]","[ 9.96596367e-01  2.12093886e-02 -7.44539450e+01  7.62005311e+01
 -1.29557715e+00 -1.25807450e-01]",014
464,0,0.9549242811773004,0,"[  1.66634846   0.1798535    8.71407426 -12.52068422  -1.24910458
   0.3227229 ]","[-1.26203459e+00  3.45775154e-02  4.56520601e+01  5.96144790e+01
 -1.33104920e+00 -1.32203693e-01]","[ -0.54920546   0.09645864 -16.33577259  -6.97169552  -1.29683165
  -0.20149263]",[-0.52483181  0.40559265  3.88654762  4.03978383 -1.29186481  0.19133714],"[-7.43836716e-01  1.65100880e-02  9.36106116e+01  7.16310099e+01
 -1.14516411e+00  5.05004332e-01]","[-2.04917933e-04  1.70160035e-02 -9.28783967e+01  1.98096755e+00
 -1.31107410e+00  7.33627110e-02]","[ 9.16430055e-01  2.03899697e-02  7.66316664e+01 -6.82275622e+01
 -1.22878466e+00 -3.70992768e-01]","[ 9.82723200e-01  2.28819602e-02 -6.90435179e+01  6.98506669e+01
 -1.29914095e+00 -1.00583697e-01]",014
465,0,0.9549242811773004,0,"[  1.78906709   0.21556431   7.30415783 -11.06762841  -1.28650706
   0.22401098]","[-1.24229972e+00  3.01415910e-02  5.20719364e+01  6.66889520e+01
 -1.28962888e+00 -2.86778908e-01]","[ -0.61255983   0.10746012 -14.69539329  -7.00180765  -1.30983811
  -0.12162451]",[-0.25726216  0.45150904  3.49699914  2.89964557 -1.30362671  0.13019171],"[-7.31903654e-01  2.20889926e-02  7.07887832e+01  5.38105691e+01
 -1.22504568e+00  3.62651325e-01]","[-1.05103866e-02  1.59409572e-02 -9.90634247e+01  9.58805109e-01
 -1.30429823e+00  1.23007070e-01]","[ 9.27251809e-01  1.49693768e-02  1.02658611e+02 -9.31903830e+01
 -1.11995832e+00 -5.52366541e-01]","[ 9.67880271e-01  2.42853309e-02 -6.50752026e+01  6.49850047e+01
 -1.30235637e+00 -7.74550420e-02]",014
466,0,0.9549242811773004,0,"[  1.93164248   0.24324707   6.48904728 -10.53451937  -1.30837605
   0.14221427]","[-1.22615447e+00  2.33040689e-02  6.62721031e+01  8.32598355e+01
 -1.17353732e+00 -4.99262099e-01]","[ -0.6817738    0.11438644 -13.81797012  -7.42073007  -1.31282828
  -0.06346561]",[ 0.03552649  0.48460322  3.26095898  1.88414958 -1.30891797  0.0811524 ],"[-7.16527720e-01  2.72809414e-02  5.76081091e+01  4.32778071e+01
 -1.26435103e+00  2.70085227e-01]","[-1.99966978e-02  1.44152473e-02 -1.09395325e+02 -1.87545267e-01
 -1.29305315e+00  1.79240819e-01]","[ 9.34364507e-01  9.18424984e-03  1.56267967e+02 -1.44011242e+02
 -7.78531584e-01 -8.68949168e-01]","[ 9.52265112e-01  2.53625826e-02 -6.23268727e+01  6.13517064e+01
 -1.30590372e+00 -5.32644333e-02]",014
467,0,0.9549242811773004,0,"[  2.08821891   0.26060099   6.06472561 -10.66447471  -1.32039212
   0.0673778 ]","[-1.21489542e+00  1.49581921e-02  9.74755145e+01  1.20422556e+02
 -8.47706453e-01 -8.22939871e-01]","[ -0.75441749   0.1177123  -13.43161821  -8.1330477   -1.31184628
  -0.02016206]",[ 0.34537814  0.50469778  3.13239703  0.91813853 -1.31115321  0.0400151 ],"[-6.98090217e-01  3.18352495e-02  4.95085344e+01  3.65614235e+01
 -1.29053068e+00  1.96094989e-01]","[-2.83989453e-02  1.25062280e-02 -1.25787920e+02 -1.57224425e+00
 -1.27364038e+00  2.47480796e-01]","[ 9.37454925e-01  4.39307170e-03  1.37653464e+02 -1.27043918e+02
 -1.14169629e+00 -5.22759382e-01]","[ 9.36124181e-01  2.60197766e-02 -6.07632418e+01  5.88819400e+01
 -1.30962608e+00 -2.49121962e-02]",014
468,0,0.9549242811773004,0,"[ 2.25182233e+00  2.65970517e-01  5.94447593e+00 -1.13859036e+01
 -1.32397293e+00 -5.20853147e-03]","[-1.20932172e+00  7.16746361e-03  1.23541811e+02  1.51401795e+02
 -6.46675411e-01 -8.08959556e-01]","[ -0.82835268   0.11801353 -13.39761655  -9.09795156  -1.30990104
   0.01401145]","[ 6.63939870e-01  5.11842760e-01  3.08906909e+00 -5.09561287e-02
 -1.31220674e+00  2.15890575e-03]","[-6.77155024e-01  3.53784915e-02  4.46326958e+01  3.22232542e+01
 -1.31026823e+00  1.25480381e-01]","[-3.55017383e-02  1.02991053e-02 -1.52073609e+02 -3.39887748e+00
 -1.23875238e+00  3.35624706e-01]","[ 9.36339868e-01  6.59169686e-03 -1.88101121e+02  1.78126579e+02
 -4.55064919e-01 -1.01082295e+00]","[ 9.19769780e-01  2.61322623e-02 -6.05038933e+01  5.76496526e+01
 -1.31262915e+00  1.00504796e-02]",014
469,0,0.9549242811773004,0,"[  2.41484848   0.25877296   6.10677177 -12.74692856  -1.3193563
  -0.07825582]","[-1.20964184e+00  7.81350619e-03 -1.43652308e+02 -1.71767842e+02
 -5.21173451e-01 -9.09972477e-01]","[ -0.90174558   0.11575245 -13.65738744 -10.31548877  -1.30803662
   0.04440965]",[ 0.9826676   0.5056946   3.12626178 -1.07207617 -1.31253268 -0.03752038],"[-6.54520969e-01  3.74630272e-02  4.21938927e+01  2.96167876e+01
 -1.32350675e+00  5.10907121e-02]","[-4.11475179e-02  7.89989600e-03 -1.96508890e+02 -6.08585308e+00
 -1.17167148e+00  4.59095113e-01]","[ 9.31001229e-01  1.25377275e-02 -1.19762352e+02  1.13498897e+02
 -9.79446500e-01 -7.07635310e-01]","[ 9.03589664e-01  2.55684972e-02 -6.18236757e+01  5.78632343e+01
 -1.31346851e+00  5.35287290e-02]",014
470,0,0.9549242811773004,0,"[  2.56972743   0.23969537   6.58320208 -14.91703494  -1.30597222
  -0.15452013]","[-1.21549481e+00  1.47583411e-02 -1.01747020e+02 -1.21672975e+02
 -1.02588672e+00 -6.82696855e-01]","[ -0.97299212   0.1111847  -14.21412862 -11.83023507  -1.30596474
   0.07581203]",[ 1.29260341  0.48529877  3.25611105 -2.20886024 -1.31113308 -0.0844722 ],"[-6.31231062e-01  3.76811732e-02  4.19546183e+01  2.84830583e+01
 -1.32808527e+00 -3.08630077e-02]","[-4.52401549e-02  5.43160236e-03 -2.79423737e+02 -1.06411731e+01
 -1.02072814e+00  6.54517365e-01]","[ 9.21592919e-01  1.85883780e-02 -8.34516678e+01  7.89084661e+01
 -1.17895430e+00 -4.63151943e-01]","[ 8.88042728e-01  2.42202883e-02 -6.52179357e+01  5.99163135e+01
 -1.31016410e+00  1.07709349e-01]",014
471,0,0.6260443523740126,0,"[  2.7096549    0.21060549   7.47211808 -18.24686135  -1.28156853
  -0.23796496]","[-1.22606501e+00  2.10736095e-02 -7.40051189e+01 -8.87350872e+01
 -1.24819456e+00 -3.86141283e-01]","[ -1.04062083   0.10439874 -15.12965794 -13.74423717  -1.30245644
   0.11208509]",[ 1.58418647  0.44941721  3.51205702 -3.56375322 -1.30508108 -0.14458582],"[-6.08522908e-01  3.57799122e-02  4.41296254e+01  2.88538880e+01
 -1.32076505e+00 -1.24709345e-01]","[-4.77396174e-02  3.05802569e-03 -4.50474397e+02 -1.95054754e+01
 -6.02984756e-01  9.73287821e-01]","[ 9.08410810e-01  2.41586951e-02 -6.48797980e+01  6.09375099e+01
 -1.24940743e+00 -3.21014995e-01]","[ 8.73640675e-01  2.20264083e-02 -7.15963914e+01  6.45495197e+01
 -1.29959839e+00  1.76740879e-01]",014
472,0,0.676418315771118,0,"[  2.8292294    0.17425673   8.98810018 -23.42939724  -1.2406621
  -0.33501667]","[-1.24023910e+00  2.56300218e-02 -6.14587745e+01 -7.42235749e+01
 -1.31242677e+00 -2.05731862e-01]","[ -1.10323731   0.09544338 -16.53328844 -16.24014073  -1.29553338
   0.15606835]",[ 1.84738112  0.39731128  3.96268838 -5.32059568 -1.28833539 -0.22498673],"[-5.87731088e-01  3.17236685e-02  4.95932979e+01  3.11475229e+01
 -1.29480528e+00 -2.39782528e-01]","[-4.86464266e-02  1.47201503e-03 -1.15882146e+02 -3.63725230e+00
 -1.66579607e+00  2.85655278e-01]","[ 8.91833379e-01  2.90997469e-02 -5.40906284e+01  5.02398279e+01
 -1.27648030e+00 -2.33795738e-01]","[ 8.60921788e-01  1.89814065e-02 -8.27854914e+01  7.32718333e+01
 -1.27495903e+00  2.70098323e-01]",014
473,0,0.676418315771118,0,"[  2.92485218   0.13388227  11.59728682 -31.92034968  -1.17017292
  -0.45805959]","[-1.25675265e+00  2.81867769e-02 -5.60586859e+01 -6.84519022e+01
 -1.33076601e+00 -8.03071285e-02]","[ -1.15954106   0.08447264 -18.65018176 -19.62565153  -1.28258807
   0.20990764]",[ 2.07224349  0.32967065  4.74954717 -7.84221822 -1.2484509  -0.3369391 ],"[-5.70170442e-01  2.56974972e-02  6.06604753e+01  3.65868100e+01
 -1.22945377e+00 -3.98293682e-01]","[-4.79790953e-02  2.71157185e-03  4.94296507e+02  2.57158992e+01
 -5.50870587e-01  9.92241003e-01]","[ 8.72252050e-01  3.34437884e-02 -4.71540650e+01  4.31302298e+01
 -1.28684164e+00 -1.79355056e-01]","[ 8.50424901e-01  1.51338017e-02 -1.02931843e+02  8.95358026e+01
 -1.21584096e+00  4.10289095e-01]",014
474,0,0.6890155406139711,0,"[  2.99483151   0.09277272  16.41736158 -47.16723172  -1.03221619
  -0.63505028]","[-1.27429261e+00  2.87281971e-02 -5.50299528e+01 -6.81242619e+01
 -1.33272439e+00  2.37963709e-02]","[ -1.2084068    0.07184414 -21.86966976 -24.42745755  -1.26015665
   0.27603053]","[  2.24982357   0.24930236   6.1974116  -11.9430827   -1.15384763
  -0.50423415]","[-5.57027217e-01  1.81130368e-02  8.35678920e+01  4.85495903e+01
 -1.04568179e+00 -6.51701091e-01]","[-4.57513711e-02  4.95541139e-03  3.05243817e+02  1.59653231e+01
 -9.97146941e-01  6.77123422e-01]","[ 8.50009622e-01  3.73218276e-02 -4.22927125e+01  3.79492126e+01
 -1.29067449e+00 -1.45639388e-01]","[ 8.42668453e-01  1.06041805e-02 -1.42815681e+02  1.22346269e+02
 -1.04423911e+00  6.50472875e-01]",014
475,0,0.7530014609928601,0,"[ 3.03920895e+00  5.41466989e-02  2.63864203e+01 -7.81938450e+01
 -6.96652548e-01 -9.20759811e-01]","[-1.29154217e+00  2.72809560e-02 -5.78664591e+01 -7.27369724e+01
 -1.32417277e+00  1.31780359e-01]","[ -1.24899947   0.05813748 -26.90471645 -31.60397646  -1.22256372
   0.3588422 ]","[  2.37315812   0.16170578   9.14854694 -19.71094844  -0.89782684
  -0.77929183]","[-5.49270201e-01  9.93469391e-03  1.27981627e+02  7.22964943e+01
 -5.17911381e-01 -9.79699923e-01]","[-4.19565037e-02  7.36668239e-03  2.10259185e+02  1.08217403e+01
 -1.14420585e+00  4.87902090e-01]","[  0.82535764   0.04090219 -38.60801657  33.86542139  -1.29178616
  -0.12533859]","[ 8.38134453e-01  5.81291411e-03 -2.18559419e+02  1.85182179e+02
 -5.27563274e-01  9.70531962e-01]",014
476,0,0.8125612157382959,0,"[ 3.05936430e+00  2.39159077e-02  3.29016431e+01 -9.86581121e+01
 -7.32075704e-01 -7.74563868e-01]","[-1.30717541e+00  2.38348913e-02 -6.58919696e+01 -8.41323626e+01
 -1.29365213e+00  2.74234584e-01]","[ -1.28088079   0.04409539 -35.18964884 -43.07374506  -1.15795734
   0.4677514 ]","[  2.43808536   0.07970156  13.6599083  -31.30402251  -0.44046055
  -0.96775097]","[-5.47585105e-01  6.65149497e-03 -7.97088276e+01 -4.16473667e+01
 -1.22888018e+00 -4.89157228e-01]","[-3.65624685e-02  9.89122396e-03  1.57905691e+02  7.77342187e+00
 -1.20277506e+00  3.83556749e-01]","[  0.79843416   0.04436248 -35.60416042  30.42757804  -1.29132259
  -0.11446814]","[ 8.37253779e-01  4.08751480e-03  1.38453112e+02 -1.13920391e+02
 -1.14186632e+00  5.44943247e-01]",014
477,0,0.9371732735024326,0,"[ 3.05748972e+00  2.76876775e-02 -4.31721122e+01  1.33998289e+02
 -5.11541027e-01 -9.42218701e-01]","[-1.31983120e+00  1.83859809e-02 -8.38479701e+01 -1.08665167e+02
 -1.18276603e+00  5.05674601e-01]","[-1.30406480e+00  3.05213469e-02 -5.00016134e+01 -6.32053438e+01
 -1.03570465e+00  6.24263708e-01]","[  2.44366445   0.06837906 -13.57854025  35.18139602  -0.65471652
  -0.7934592 ]","[-5.52336284e-01  1.42338885e-02 -9.96624543e+01 -5.30471897e+01
 -7.18336452e-01 -9.07550646e-01]","[-2.95175808e-02  1.25314942e-02  1.25133024e+02  5.69362415e+00
 -1.23302273e+00  3.17842621e-01]","[  0.76925574   0.04789078 -32.98315177  27.37247871  -1.28974063
  -0.11108932]","[ 8.40389092e-01  9.09769385e-03  1.55230436e+02 -1.28453965e+02
 -6.69430413e-01  9.37984340e-01]",014
478,0,0.9679755838772414,0,"[ 3.03605796e+00  5.20710262e-02 -2.89399767e+01  8.98634465e+01
 -1.01467685e+00 -6.79397454e-01]","[-1.32811013e+00  1.13024870e-02 -1.22457923e+02 -1.60637608e+02
 -7.41518937e-01  8.78490012e-01]","[-1.31900053e+00  1.82100848e-02 -7.98984414e+01 -1.03386086e+02
 -7.58765121e-01  8.75165969e-01]","[  2.39213075   0.13833157 -10.6495087   27.47501726  -0.90407026
  -0.78016425]","[-5.63560905e-01  2.38461673e-02 -6.41830415e+01 -3.41710530e+01
 -1.08915273e+00 -5.87388626e-01]","[-2.07626796e-02  1.52791990e-02  1.02867593e+02  4.13580688e+00
 -1.25186222e+00  2.70944140e-01]","[  0.73771721   0.05168626 -30.55977613  24.5444729   -1.287653
  -0.1135892 ]","[ 8.47814320e-01  1.57440746e-02  9.66860900e+01 -7.99718516e+01
 -1.03379453e+00  6.36644820e-01]",014
479,0,0.9884571957388264,0,"[  2.99739162   0.07609979 -20.42637359  63.22584098  -1.19106005
  -0.43990999]","[-1.33062595e+00  6.77950478e-03  1.32833248e+01  1.96751368e+01
 -1.68529761e+00  2.70547280e-01]","[-1.32649144e+00  8.28781269e-03 -1.30236837e+02 -1.70758049e+02
 -3.32815313e-01  1.05130778e+00]",[ 2.28850702  0.21174477 -7.31094484 18.73114863 -1.17903849 -0.47969766],"[-5.80998967e-01  3.31531208e-02 -4.70442416e+01 -2.53326558e+01
 -1.21447602e+00 -3.97422527e-01]","[-1.02445223e-02  1.81082383e-02  8.69295052e+01  2.89055125e+00
 -1.26489997e+00  2.34216023e-01]","[  0.70360201   0.05593258 -28.23668743  21.86739012  -1.28592617
  -0.11941467]","[ 8.59693644e-01  2.27703625e-02  6.81908949e+01 -5.66232789e+01
 -1.16839539e+00  4.58163840e-01]",014
480,0,0.9884571957388264,0,"[  2.94337049   0.09826785 -15.9548823   48.96112976  -1.24331015
  -0.3180709 ]","[-1.32611175e+00  1.48595016e-02  9.04709348e+01  1.21974570e+02
 -5.03284589e-01  1.02981796e+00]","[-1.32757633e+00  6.08064360e-03  1.53361335e+02  2.05598879e+02
 -7.57259736e-01  7.03320554e-01]",[ 2.14004292  0.27460782 -5.71226433 14.22449083 -1.26802441 -0.30319502],"[ -0.60415877   0.04159976 -37.7566074  -20.81098556  -1.26335455
  -0.28183819]","[ 2.07440904e-03  2.09818716e-02  7.51050666e+01  1.84420137e+00
 -1.27418995e+00  2.03998116e-01]","[  0.66661211   0.06074546 -25.99663009  19.32966834  -1.28542118
  -0.12504418]","[ 8.76065462e-01  2.98185048e-02  5.24956253e+01 -4.39896042e+01
 -1.22900245e+00  3.46488501e-01]",014
481,0,0.9884571957388264,0,"[  2.87525862   0.11921463 -13.19374426  39.9354269   -1.26129996
  -0.25343636]","[-1.31355265e+00  2.76375058e-02  5.44560739e+01  7.35309202e+01
 -9.61490683e-01  7.10617962e-01]","[-1.32339457e+00  1.15879843e-02  1.28872102e+02  1.72548640e+02
 -1.01041428e+00  6.99989769e-01]",[ 1.95557058  0.32321465 -4.87728897 11.53788283 -1.30218086 -0.18776218],"[ -0.6324085    0.04899186 -32.16056215 -18.33861285  -1.28428486
  -0.2064944 ]","[ 1.62119313e-02  2.38640805e-02  6.60858800e+01  9.28620255e-01
 -1.28070410e+00  1.78863836e-01]","[  0.62642102   0.06612336 -23.88123465  16.95970746  -1.28655488
  -0.12715832]","[ 8.96835860e-01  3.66370415e-02  4.29005131e+01 -3.64747186e+01
 -1.26091784e+00  2.68974635e-01]",014
482,0,0.9884571957388264,0,"[  2.79363184   0.13992783 -11.25601591  33.44516446  -1.26747936
  -0.21930435]","[-1.29230352e+00  4.15881082e-02  3.71881179e+01  5.00583358e+01
 -1.14211712e+00  5.01081127e-01]","[-1.31505928e+00  1.68043040e-02  9.27431548e+01  1.23962747e+02
 -1.23668358e+00  3.97456732e-01]",[ 1.74481533  0.35615084 -4.43541952  9.73898796 -1.31530494 -0.10346153],"[ -0.66507471   0.05532883 -28.52092701 -16.96854724  -1.29335092
  -0.15556718]","[ 3.21675641e-02  2.67284356e-02  5.90371938e+01  1.00917282e-01
 -1.28519151e+00  1.58136005e-01]","[  0.58273894   0.07193602 -21.95286572  14.79278963  -1.28901323
  -0.12405199]","[  0.9217827    0.04301489  36.62471151 -31.76002562  -1.27940577
   0.21089773]",014
483,0,0.9884571957388264,0,[ 2.69841793  0.1613859  -9.765391   28.35110616 -1.2699276  -0.20173877],[-1.26215718  0.0556134  28.10692289 37.47535457 -1.22174589  0.36814957],"[-1.30355981e+00  2.08187448e-02  7.55763239e+01  1.00518258e+02
 -1.28841852e+00  2.39769612e-01]",[ 1.5177157   0.37341742 -4.23362181  8.42543431 -1.31840855 -0.03723055],"[ -0.70152702   0.06073412 -26.00303269 -16.24183013  -1.29686866
  -0.1210074 ]","[ 4.99274401e-02  2.95606579e-02  5.34027021e+01 -6.66260207e-01
 -1.28831416e+00  1.41176824e-01]","[  0.53537008   0.07796371 -20.25863617  12.84586767  -1.29196557
  -0.11612915]","[  0.95056833   0.04877556  32.3450649  -28.74619442  -1.29073167
   0.16491121]",014
484,0,0.9884571957388264,0,[ 2.58908242  0.18423412 -8.55737751 24.15575563 -1.27300284 -0.19044525],[-1.22335321  0.06894031 22.79072439 29.88110581 -1.26198706  0.27569806],"[-1.28969984e+00  2.38050046e-02  6.62873545e+01  8.74907901e+01
 -1.29901702e+00  1.55852516e-01]",[ 1.28380277  0.37613863 -4.20340308  7.39634051 -1.31621759  0.01748778],"[ -0.74123556   0.06540396 -24.15627383 -15.90548908  -1.29775074
  -0.09821472]","[ 6.94702928e-02  3.23556754e-02  4.88042339e+01 -1.39044442e+00
 -1.29056129e+00  1.27262540e-01]","[  0.48424575   0.0839665  -18.81395844  11.11057942  -1.29463374
  -0.10518045]","[  0.98275718   0.05377698  29.36339769 -26.85708988  -1.29788338
   0.12691699]",014
485,0,0.8167987832877299,0,[ 2.23040366  0.69429912 -1.89839267  6.23418196  0.05512982 -1.35436734],[-1.09360022  0.25209742  5.26968237  7.76292581  0.03058345  1.33691665],[-1.23542378  0.10699932 12.03718767 16.8710279   0.11419162  1.39814672],[ 0.86817999  0.71388031 -2.03597108  3.76758935 -0.36494373 -1.00603886],[-0.8615246   0.22937236 -5.78275602 -2.98198658  0.0387264  -1.34028037],[ 0.13409368  0.1249366  10.49146431  0.59316091  0.07148772  1.36577039],[ 0.3323291   0.28911195 -4.60060135  3.5289137   0.03019965 -1.33393847],[ 1.07268339  0.16951936  7.95558575 -6.53382471 -0.0150179   1.29947887],014
486,0,0.8167987832877299,0,[ 1.87105848  0.83354355 -1.74315947  5.26155332 -1.80190347 -0.37582735],[-0.96386901  0.30020514  4.85234825  6.67702809 -1.80118769  0.36752781],[-1.17407058  0.1395965  10.43355712 14.24973243 -1.72658097  0.43108554],[ 0.47962367  0.7923504  -1.89493392  2.90885515 -1.74735017 -0.28311559],[-0.98634057  0.2821388  -5.18027956 -3.10951991 -1.77691813 -0.38822723],[ 0.20231428  0.15562958  9.36713601  0.10489462 -1.77354392  0.39743128],[ 0.1757009   0.35387029 -4.1323163   2.72605171 -1.7795359  -0.38435988],[ 1.16319676  0.20318323  7.21660657 -6.39433339 -1.78606483  0.36793808],014
487,0,0.8167987832877299,0,[ 1.52088245  0.8162103  -1.75669351  4.67172433 -1.80155614  0.4045494 ],[-0.8382958   0.29139071  4.90581579  6.11252478 -1.79801347 -0.41095692],[-1.10442888  0.15274196  9.8975681  12.93116005 -1.72340632 -0.23953802],[ 0.11569166  0.74905514 -1.95690796  2.22639794 -1.73896581  0.41019584],[-1.11487966  0.28735248 -5.13387825 -3.72365645 -1.77832311  0.35342707],[ 0.27388697  0.16046544  9.22577491 -0.52681953 -1.77484909 -0.33968836],[ 0.01524546  0.35870345 -4.10511665  2.06258438 -1.7797145   0.35963467],[ 1.25300555  0.20109654  7.2510107  -7.08555663 -1.78514532 -0.38649164],014
488,0,0.8167987832877299,0,[ 1.19026884  0.64753276 -1.90057939  4.26220043  0.18788396  1.4552867 ],[-0.72084283  0.22899882  5.30751071  5.82588103  0.20404246 -1.46681077],[-1.02509915  0.14459187 10.31423503 12.57311357 -0.52992811 -0.82798857],[-0.22936235  0.59825424 -2.24520703  1.48503403  0.00414091  1.30510997],[-1.24622967  0.24351903 -5.6546934  -5.0470467  -0.09140485  1.23743804],[ 0.34849693  0.13821513 10.10391846 -1.52118455 -0.15056064 -1.18770178],[-0.14814533  0.30250089 -4.52948373  1.32897812 -0.07069737  1.25298319],[ 1.34087267  0.16391422  8.03932703 -8.77971391  0.05631018 -1.35481619],014
489,0,0.8167987832877299,0,"[  0.88953833   0.07714325 -18.42878894  18.39311416  -0.71810342
   0.90846424]","[-6.15070830e-01  2.33814263e-02  6.03974021e+01  3.91486802e+01
 -6.73908123e-01 -9.35993290e-01]",[-0.93466791  0.09545559 16.50856468 17.4300256  -1.27392402  0.2042338 ],[-0.56390073  0.21480146 -7.31712449 -2.12613183 -1.23136657 -0.2739201 ],"[ -1.37933251   0.09079669 -17.4107385  -22.01519763  -1.30657253
   0.04799502]","[ 4.25745090e-01  5.73269297e-02  2.75809146e+01 -9.74243896e+00
 -1.30538661e+00  6.67941759e-03]","[ -0.31358014   0.11061454 -14.2938957   -2.48228177  -1.3011037
   0.01434316]","[ 1.42563942e+00  4.35612952e-02  3.62098926e+01 -4.96222504e+01
 -1.28554832e+00 -1.72368500e-01]",014
490,0,0.8167987832877299,0,"[  0.86271564   0.03533316 -17.62968154  17.20940193  -1.04471707
   0.58989469]","[-6.06883362e-01  1.04437724e-02  5.77030432e+01  3.70190169e+01
 -1.05422772e+00 -5.92820470e-01]",[-0.87051773  0.10828267 14.56625867 14.68018651 -1.28530579  0.17407406],[-0.71466191  0.2585866  -6.07701675 -2.34301241 -1.23973602 -0.27689226],"[ -1.4352388    0.08711138 -18.14231428 -24.03855345  -1.30476502
   0.0756013 ]","[ 4.61812888e-01  5.72223523e-02  2.76311019e+01 -1.07603990e+01
 -1.30626518e+00 -1.14589724e-02]","[ -0.38305558   0.1093466  -14.45944095  -3.53876956  -1.30168626
   0.0194485 ]","[ 1.45139853e+00  3.83528667e-02  4.10824936e+01 -5.76270709e+01
 -1.27652509e+00 -2.07488489e-01]",014
491,0,0.8272421410242105,0,"[  0.86859542   0.04688294  26.7241507  -21.21247484  -0.55897406
   0.93756416]","[-6.08533073e-01  1.36754700e-02 -9.26665823e+01 -5.43906801e+01
 -5.85320568e-01 -9.24425807e-01]",[-0.79870965  0.12020671 13.13264694 12.48917178 -1.2951533   0.13993133],[-0.89447556  0.30934675 -5.08398349 -2.54749899 -1.25330715 -0.25731999],"[ -1.48834481   0.08196254 -19.27322617 -26.68520609  -1.30118578
   0.10653814]","[  0.4975542    0.05637027  28.04662697 -11.95471691  -1.30657306
  -0.03268908]","[ -0.45154089   0.10761649 -14.6914631   -4.63379632  -1.30246074
   0.02729327]","[ 1.47378790e+00  3.28927968e-02  4.78241579e+01 -6.84826655e+01
 -1.26312074e+00 -2.50532446e-01]",014
492,0,0.8995014153829093,0,"[  0.90328929   0.08294909  18.3449889  -14.57083204  -1.1128007
   0.60012439]","[-6.18584407e-01  2.39211770e-02 -6.37727384e+01 -3.74488216e+01
 -1.12703912e+00 -5.83278751e-01]",[-0.72005401  0.13036767 12.11758238 10.72531382 -1.30271506  0.10417651],[-1.10679839  0.36375454 -4.32864653 -2.79093901 -1.26775127 -0.22700935],"[ -1.53776614   0.07544398 -20.92381033 -30.17592707  -1.29537488
   0.14141351]","[  0.53247352   0.05468786  28.9042698  -13.39075837  -1.30588014
  -0.05732553]","[ -0.5186835    0.10524709 -15.0213281   -5.79131505  -1.30290742
   0.03835776]","[ 1.49268511e+00  2.72983757e-02  5.74784814e+01 -8.37972736e+01
 -1.24228843e+00 -3.05247413e-01]",014
493,0,0.8995014153829093,0,"[  0.96075814   0.11199279  13.99125194 -11.44220919  -1.29407565
   0.31059344]","[-6.35190758e-01  3.21663219e-02 -4.87266231e+01 -2.89507007e+01
 -1.28838455e+00 -3.08643435e-01]",[-0.63585763  0.13804369 11.44950323  9.28025403 -1.30795773  0.06804087],[-1.35289459  0.41830058 -3.76867021 -3.09861353 -1.28112008 -0.19181112],"[ -1.58269031   0.06771495 -23.28718402 -34.8564006   -1.28664978
   0.18187607]","[  0.56603963   0.05213183  30.31159933 -15.1575664   -1.30367834
  -0.08548997]","[ -0.58404746   0.10209132 -15.48411822  -7.04345991  -1.30254398
   0.05204661]","[ 1.50804408e+00  2.16998169e-02  7.19984500e+01 -1.06576837e+02
 -1.20803691e+00 -3.78298509e-01]",014
494,0,0.8995014153829093,0,"[  1.03342803   0.12892263  12.24631819 -10.65568851  -1.34373348
   0.118355  ]","[-6.56314616e-01  3.73555677e-02 -4.22486509e+01 -2.57284071e+01
 -1.32823774e+00 -1.41091918e-01]",[-0.54783192  0.14269307 11.07966178  8.06979237 -1.3110584   0.03178965],[-1.63170369  0.46928741 -3.36275911 -3.48702646 -1.29280858 -0.15395846],"[ -1.62240588   0.05896931 -26.69558789 -41.31107867  -1.27329936
   0.23146854]","[  0.59771523   0.04871646  32.41983081 -17.37782647  -1.29944408
  -0.11716939]","[ -0.64714103   0.09808999 -16.11342855  -8.42766083  -1.30128341
   0.06717966]","[ 1.51989804e+00  1.62364123e-02  9.54419328e+01 -1.43062006e+02
 -1.14604803e+00 -4.83408582e-01]",014
495,0,0.8995014153829093,0,"[  1.11297847   0.13262755  11.91793152 -11.26440121  -1.34755819
  -0.03484788]","[-6.79949757e-01  3.95409378e-02 -3.99814466e+01 -2.51853749e+01
 -1.33211291e+00 -2.56126744e-02]","[-4.57971236e-01  1.43971400e-01  1.09821519e+01  7.02950967e+00
 -1.31205499e+00 -4.78881984e-03]",[-1.93975182  0.51286141 -3.07970913 -3.97387139 -1.30259948 -0.11386217],"[-1.65632045e+00  4.94125112e-02 -3.17661892e+01 -5.06149887e+01
 -1.25104004e+00  2.96724078e-01]","[  0.62699406   0.04452281  35.44623291 -20.2245775   -1.29265176
  -0.15237245]","[ -0.70745977   0.09328107 -16.94093744  -9.9850317   -1.2993949
   0.08286826]","[ 1.52835777e+00  1.10542522e-02  1.37498324e+02 -2.08146631e+02
 -1.01408177e+00 -6.51562202e-01]",014
496,0,0.8995014153829093,0,"[  1.19116165   0.12373963  12.73978797 -13.17514687  -1.32265466
  -0.18123245]","[-7.04301496e-01  3.91428979e-02 -4.03790080e+01 -2.64389957e+01
 -1.32237354e+00  6.20911185e-02]",[-0.3684192   0.14174486 11.15309374  6.10901392 -1.31085158 -0.04200394],[-2.27110455  0.54510965 -2.89935869 -4.58474671 -1.3103577  -0.07095692],"[-1.68396859e+00  3.92600466e-02 -3.97572045e+01 -6.49498834e+01
 -1.20943637e+00  3.89880466e-01]","[ 6.53437925e-01  3.96928744e-02  3.97159456e+01 -2.39519051e+01
 -1.28276353e+00 -1.91476606e-01]","[ -0.76452603   0.0877584  -18.00276869 -11.76358535  -1.29719586
   0.09913845]","[ 1.53360313e+00  6.34307128e-03  2.23415258e+02 -3.40630340e+02
 -6.67431500e-01 -9.39244508e-01]",014
497,0,0.8995014153829093,0,"[  1.26053383   0.10413976  15.01818668 -16.93093236  -1.25975748
  -0.34894089]","[-7.27897511e-01  3.67384739e-02 -4.29729253e+01 -2.92798854e+01
 -1.30665032e+00  1.34237232e-01]",[-0.28133767  0.13609341 11.61185158  5.26685124 -1.30736506 -0.08030776],[-2.61736655  0.56219629 -2.81223815 -5.36065805 -1.31590422 -0.02373957],"[-1.70501511e+00  2.87624205e-02 -5.35680782e+01 -8.93343828e+01
 -1.11900800e+00  5.36721223e-01]","[ 6.76704067e-01  3.44071457e-02  4.57457763e+01 -2.89563529e+01
 -1.26898288e+00 -2.35971180e-01]","[ -0.81790593   0.08161085 -19.35282151 -13.82878739  -1.29478361
   0.11711515]","[ 1.53586842e+00  2.79942415e-03  2.34547984e+02 -3.58234843e+02
 -9.70474711e-01 -6.39602187e-01]",014
498,0,0.8995014153829093,0,"[  1.31503827   0.07669623  19.94916814 -24.23391955  -1.10712837
  -0.58126976]","[-7.49629602e-01  3.29241380e-02 -4.78669876e+01 -3.38825109e+01
 -1.28734832e+00  1.99267362e-01]",[-0.19878722  0.12728762 12.4070223   4.46635753 -1.30144138 -0.12063843],[-2.96778579  0.56055338 -2.82037078 -6.37025634 -1.31852543  0.03045319],"[-1.71926511e+00  1.82931372e-02 -8.07739061e+01 -1.36871759e+02
 -8.76625042e-01  7.92238143e-01]","[ 6.96557563e-01  2.88530440e-02  5.44236134e+01 -3.59091795e+01
 -1.24930128e+00 -2.89633013e-01]","[ -0.86720003   0.07488061 -21.08273445 -16.28294791  -1.29179341
   0.13887601]","[ 1.53542568e+00  3.67717876e-03 -3.38864535e+02  5.22301310e+02
 -5.19108616e-01 -9.62712619e-01]",014
499,0,0.9840498703926692,0,"[  1.35042264   0.0455406   30.63386463 -39.36866441  -0.67701663
  -0.93088929]","[-7.68743785e-01  2.82299434e-02 -5.56867648e+01 -4.08088544e+01
 -1.26331088e+00  2.64744292e-01]",[-0.12262123  0.11574678 13.63017167  3.67134846 -1.29246178 -0.16462048],[-3.30956833  0.53722445 -2.94082506 -7.73286147 -1.31616012  0.0956219 ],"[-1.72668525e+00  8.92389654e-03 -1.23649314e+02 -2.11503447e+02
 -4.21419287e-01  9.85710477e-01]","[ 7.12870041e-01  2.31998459e-02  6.74204832e+01 -4.60620426e+01
 -1.21828143e+00 -3.60144246e-01]","[ -0.91202305   0.06756131 -23.35031228 -19.29602291  -1.28717838
   0.16707047]","[ 1.53257057e+00  6.76840586e-03 -2.23454023e+02  3.44459061e+02
 -1.03807500e+00 -6.57586480e-01]",014
500,0,0.9840498703926692,0,"[  1.36449634   0.02189239  14.35236136 -17.58374459  -1.52253323
  -0.34296955]","[-7.84797931e-01  2.30907554e-02 -6.78269020e+01 -5.12304123e+01
 -1.23017250e+00  3.38294584e-01]",[-0.05439217  0.1020078  15.44204406  2.83992622 -1.27895061 -0.21438994],[-3.62848614  0.4904306  -3.21533549 -9.66680025 -1.30428566  0.17780725],"[-1.72742864e+00  7.41504311e-03  1.22486311e+02  2.13586362e+02
 -6.80919409e-01  7.76175832e-01]","[ 7.25610337e-01  1.75942035e-02  8.82340154e+01 -6.20235136e+01
 -1.16178330e+00 -4.62217038e-01]","[ -0.95199101   0.05963278 -26.42450218 -23.15588851  -1.27909451
   0.20463715]","[ 1.52761319e+00  9.69972230e-03 -1.60552836e+02  2.47262630e+02
 -1.21359481e+00 -4.13927412e-01]",014
501,0,0.9840498703926692,0,"[ 1.35721888e+00  3.55653553e-02 -3.72341920e+01  5.25349484e+01
 -6.09615913e-01 -9.43287926e-01]","[-7.97602818e-01  1.78543243e-02 -8.71835724e+01 -6.75378631e+01
 -1.17931150e+00  4.29890854e-01]","[ 4.72761264e-03  8.67168833e-02  1.81224398e+01  1.91432412e+00
 -1.25843155e+00 -2.72437462e-01]","[ -3.90978436   0.4202399   -3.7357671  -12.60604378  -1.27299268
   0.28786309]","[-1.72185238e+00  1.50671614e-02  9.76147139e+01  1.70078127e+02
 -8.94125989e-01  7.87488872e-01]","[ 7.34833231e-01  1.21798220e-02  1.25204304e+02 -9.00042834e+01
 -1.03945204e+00 -6.26146873e-01]","[ -0.98672666   0.05110958 -30.77140597 -28.36296676  -1.26462126
   0.25525695]","[ 1.52087347e+00  1.21995226e-02 -1.28784775e+02  1.97865347e+02
 -1.27272947e+00 -2.74020775e-01]",014
502,0,0.9840498703926692,0,"[  1.33057818   0.06105343 -25.03448445  35.31033865  -1.13134721
  -0.57403092]","[-8.07158906e-01  1.27919330e-02 -1.20235704e+02 -9.50493191e+01
 -1.08944801e+00  5.59359219e-01]",[ 0.0540014   0.0706135  22.17461426  0.80253979 -1.22707665 -0.34239801],"[ -4.13930451   0.32912156  -4.71742296 -17.52685013  -1.19541538
   0.44943711]","[-1.71052078e+00  2.31956170e-02  6.66941174e+01  1.16081673e+02
 -1.17255572e+00  4.87339460e-01]","[ 7.40670408e-01  7.15632843e-03  2.00211530e+02 -1.46290756e+02
 -7.15901963e-01 -9.08237143e-01]","[ -1.01588437   0.04207638 -37.2487472  -35.84042001  -1.23837912
   0.32512483]","[ 1.51267826e+00  1.42057149e-02 -1.10993940e+02  1.69898119e+02
 -1.29698484e+00 -1.82609245e-01]",014
503,0,0.9840498703926692,0,"[  1.28823264   0.08157166 -19.21728215  26.75633008  -1.29153879
  -0.30540099]","[-8.13597438e-01  8.11090130e-03 -1.83563786e+02 -1.47347026e+02
 -8.88134880e-01  7.73029119e-01]",[ 0.09314277  0.05446345 28.57619651 -0.66166618 -1.17733815 -0.43213762],"[ -4.30465306   0.22267826  -6.72342538 -26.94201362  -0.97586109
   0.71611462]","[-1.69418915e+00  3.02588410e-02  5.18165152e+01  8.97869777e+01
 -1.26269736e+00  3.12220281e-01]","[ 7.43324008e-01  3.19858948e-03  2.47431447e+02 -1.81921735e+02
 -7.40796052e-01 -7.65286868e-01]","[-1.03918959e+00  3.27015562e-02 -4.76025740e+01 -4.74680993e+01
 -1.18775054e+00  4.26811282e-01]","[ 1.50335535e+00  1.57019498e-02 -1.00582664e+02  1.53211485e+02
 -1.30714781e+00 -1.16827119e-01]",014
504,0,0.9840498703926692,0,"[  1.23496124   0.09417759 -16.76151238  22.69981806  -1.33515272
  -0.12975097]","[-8.17134209e-01  4.07831572e-03 -3.08252433e+02 -2.49883608e+02
 -3.96547524e-01  1.06294515e+00]","[ 1.22271333e-01  3.89456234e-02  3.94811325e+01 -2.82741071e+00
 -1.08777863e+00 -5.61742554e-01]","[ -4.39619759   0.11547    -10.15362737 -42.63735219  -0.4592411
   0.97641708]","[-1.67376588e+00  3.58623756e-02  4.39417420e+01  7.55481884e+01
 -1.29760790e+00  1.99045933e-01]","[ 7.43059522e-01  3.73046636e-03 -3.18736153e+02  2.38839933e+02
 -5.08608518e-01 -9.42645577e-01]","[-1.05648411e+00  2.32460509e-02 -6.59011184e+01 -6.76234847e+01
 -1.07654525e+00  5.87907518e-01]","[ 1.49322018e+00  1.67097186e-02 -9.45873252e+01  1.43239703e+02
 -1.30995231e+00 -6.77832557e-02]",014
505,0,0.610890865216801,0,"[ 1.17603292e+00  9.83835202e-02 -1.60689805e+01  2.08976501e+01
 -1.33921354e+00  1.42762681e-03]","[-8.18045204e-01  2.30144158e-03  2.06683538e+02  1.71076477e+02
 -1.39293885e+00  3.80665718e-01]","[ 1.41812514e-01  2.45978244e-02  6.04171660e+01 -6.56791019e+00
 -8.80894804e-01 -7.80307133e-01]",[-4.40773445  0.09226776  8.63509118 40.06118884 -0.79757349  0.7157709 ],"[-1.65025574e+00  3.98494800e-02  3.96314114e+01  6.74019640e+01
 -1.31183370e+00  1.17345670e-01]","[ 7.40194916e-01  6.98901287e-03 -2.15624568e+02  1.61604209e+02
 -1.02477081e+00 -6.74447356e-01]","[-1.06776726e+00  1.41253916e-02 -1.02778702e+02 -1.07743733e+02
 -7.81870204e-01  8.63468812e-01]","[ 1.48255486e+00  1.72957907e-02 -9.14090162e+01  1.37518881e+02
 -1.30839297e+00 -3.27165796e-02]",014
506,0,0.936930802280962,0,"[  1.11662923   0.09481465 -16.65587216  20.59843378  -1.32560623
   0.11511371]","[-8.16666661e-01  4.48021314e-03  3.21532023e+02  2.64584484e+02
 -8.47714176e-01  8.25054156e-01]","[ 1.52380692e-01  1.22362200e-02  1.00271670e+02 -1.32794664e+01
 -3.87297138e-01 -1.05522993e+00]",[-4.33683282  0.1957064   7.40389957 34.10947464 -0.80422064  0.85108377],"[-1.62468897e+00  4.22096234e-02  3.74492199e+01  6.28433345e+01
 -1.31607835e+00  5.40519473e-02]","[ 7.35086886e-01  1.00749674e-02 -1.54543779e+02  1.15603105e+02
 -1.21701574e+00 -4.14614827e-01]","[-1.07322680e+00  6.50375443e-03 -1.44394260e+02 -1.52967789e+02
 -5.31489535e-01  8.93287569e-01]","[ 1.47158340e+00  1.75733054e-02 -8.99727702e+01  1.34402435e+02
 -1.30446180e+00 -1.15637627e-02]",014
507,0,0.936930802280962,0,"[  1.06142752   0.08459267 -18.60311191  21.74585495  -1.29629063
   0.23368   ]","[-8.13407993e-01  6.91573602e-03  2.23983452e+02  1.84189930e+02
 -1.21730888e+00  4.59144612e-01]","[ 1.54703908e-01  7.63114487e-03 -8.03193391e+01  1.44257157e+01
 -1.16652335e+00 -4.98171495e-01]",[-4.18499026  0.31540805  4.87563917 22.40450243 -1.12171883  0.54771856],"[-1.59804097e+00  4.30736980e-02  3.67070399e+01  6.06593538e+01
 -1.31433744e+00  4.24879033e-03]","[ 7.28117643e-01  1.26350416e-02 -1.24389655e+02  9.25703023e+01
 -1.27891738e+00 -2.65483388e-01]","[-1.07325555e+00  6.44537941e-03  1.69437388e+02  1.83849617e+02
 -5.44004763e-01  8.83081744e-01]","[ 1.46044891e+00  1.76918161e-02 -8.93710159e+01  1.32521802e+02
 -1.29968776e+00 -4.99083360e-03]",014
508,0,0.9321440374796072,0,"[  1.0143921    0.06897182 -22.62346454  24.94906368  -1.23409626
   0.3856829 ]","[-8.08756608e-01  8.64571286e-03  1.82029574e+02  1.49217621e+02
 -1.32313198e+00  2.22929886e-01]","[ 1.49631686e-01  1.53817499e-02 -9.40825442e+01  1.60777297e+01
 -8.41506781e-01 -8.28495895e-01]",[-3.95774299  0.42726381  3.65819051 16.47817782 -1.23520747  0.36507681],"[-1.57114969e+00  4.27171518e-02  3.70106794e+01  6.01493175e+01
 -1.30894042e+00 -3.25997174e-02]","[ 7.19682394e-01  1.45976860e-02 -1.08057518e+02  7.97670934e+01
 -1.30305809e+00 -1.68014223e-01]","[-1.06844417e+00  1.22933823e-02  1.21930114e+02  1.32275519e+02
 -1.01066725e+00  6.94381156e-01]","[ 1.44919782e+00  1.78197427e-02 -8.87282205e+01  1.30584743e+02
 -1.29492687e+00 -1.30770490e-02]",014
509,0,0.7216325208803046,0,"[  0.97875471   0.04929844 -30.8505514   32.19512243  -1.07022822
   0.62331509]","[-8.03256911e-01  9.48551325e-03  1.66609953e+02  1.35830596e+02
 -1.34631579e+00  5.61561107e-02]","[ 1.38225357e-01  2.39516000e-02 -6.45584051e+01  1.09236086e+01
 -1.19116429e+00 -4.83352232e-01]",[-3.66477983  0.52199945  3.01413011 13.04612321 -1.28642297  0.24092431],"[-1.54464140e+00  4.15401884e-02  3.80536648e+01  6.07792661e+01
 -1.30209248e+00 -5.48603503e-02]","[ 7.10173588e-01  1.59540149e-02 -9.90261153e+01  7.23257315e+01
 -1.31205490e+00 -9.75236951e-02]","[-1.05953657e+00  1.77875899e-02  8.75603050e+01  9.47733453e+01
 -1.22984558e+00  4.06800591e-01]","[ 1.43777372e+00  1.81258631e-02 -8.72223853e+01  1.27406053e+02
 -1.29025031e+00 -3.44009055e-02]",014
510,0,0.9574543013752704,0,"[ 9.57106899e-01  2.77982002e-02 -4.74825570e+01  4.74458829e+01
 -5.72401252e-01  9.66302051e-01]","[-7.97457647e-01  9.45924297e-03  1.67057104e+02  1.35220965e+02
 -1.33399048e+00 -7.31286654e-02]","[ 1.21881653e-01  3.04687612e-02 -5.15821497e+01  8.28691765e+00
 -1.30899728e+00 -2.56046540e-01]",[-3.31996108  0.5921932   2.66531567 10.84874431 -1.31307585  0.14245536],"[-1.51887850e+00  4.00142226e-02  3.95029276e+01  6.20001475e+01
 -1.29584610e+00 -6.05400175e-02]","[ 6.99958345e-01  1.67473184e-02 -9.43940400e+01  6.80718960e+01
 -1.31275730e+00 -4.54041481e-02]","[-1.04734462e+00  2.21186401e-02  7.11153227e+01  7.64822506e+01
 -1.28910745e+00  2.45529496e-01]","[ 1.42602210e+00  1.87631558e-02 -8.42391364e+01  1.22126870e+02
 -1.28541498e+00 -6.53268699e-02]",014
511,0,0.9787549268633164,0,"[ 9.51494569e-01  1.71412991e-02  2.03343696e+01 -1.73480422e+01
 -1.47614913e+00  3.76985328e-01]","[-7.91838064e-01  8.74505224e-03  1.80331572e+02  1.44793403e+02
 -1.30370149e+00 -1.75881228e-01]","[ 1.02412296e-01  3.38996789e-02 -4.66047244e+01  6.77289682e+00
 -1.35301235e+00 -7.62900859e-02]",[-2.94103555  0.63154398  2.5028307   9.36091407 -1.32623775  0.05398246],"[-1.49394219e+00  3.86073677e-02  4.09464103e+01  6.31715699e+01
 -1.29146603e+00 -4.90153255e-02]","[ 6.89349336e-01  1.70837474e-02 -9.25508255e+01  6.57998501e+01
 -1.30858353e+00 -1.02613787e-02]","[-1.03263567e+00  2.53245159e-02  6.23114397e+01  6.63450150e+01
 -1.30152549e+00  1.54432541e-01]","[ 1.41370591e+00  1.98529645e-02 -7.95792611e+01  1.14501672e+02
 -1.28066333e+00 -9.98008537e-02]",014
512,0,0.9787549268633164,0,"[ 9.63431644e-01  3.72669205e-02  3.73267062e+01 -3.39617299e+01
 -6.24945570e-01  9.63294077e-01]","[-7.86738247e-01  7.61837688e-03  2.06470582e+02  1.64438304e+02
 -1.26609461e+00 -2.51465981e-01]","[ 8.20194459e-02  3.35976102e-02 -4.70036563e+01  5.85521385e+00
 -1.35456860e+00  1.00407440e-01]",[-2.54887157  0.63558945  2.48725009  8.33968104 -1.32873662 -0.03359393],"[-1.46965436e+00  3.77155368e-02  4.19206680e+01  6.36088927e+01
 -1.28893185e+00 -2.24770402e-02]","[ 6.78573916e-01  1.71293582e-02 -9.23053889e+01  6.46360292e+01
 -1.30239297e+00  6.76421841e-03]","[-1.01601801e+00  2.77324562e-02  5.69586903e+01  5.98710552e+01
 -1.29826797e+00  1.09698421e-01]","[ 1.40053111e+00  2.14676908e-02 -7.35525367e+01  1.05012616e+02
 -1.27702343e+00 -1.30596552e-01]",014
513,0,1.003778044046401,0,"[  0.99380843   0.06540563  23.2343551  -21.0904979   -1.03060327
   0.64524678]","[-7.82317341e-01  6.38847740e-03  2.45882745e+02  1.94358335e+02
 -1.23332326e+00 -2.85883772e-01]","[ 6.31551930e-02  2.93468972e-02 -5.33718651e+01  5.37071044e+00
 -1.29997283e+00  3.13723596e-01]",[-2.1661365   0.60260506  2.62006029  7.67540823 -1.31946424 -0.12777093],"[-1.44563218e+00  3.76171706e-02  4.20311966e+01  6.27616505e+01
 -1.28734437e+00  1.35611554e-02]","[ 6.67749844e-01  1.70856049e-02 -9.25418612e+01  6.37948134e+01
 -1.29638699e+00  5.07860716e-03]","[-9.97853881e-01  2.98120538e-02  5.29957468e+01  5.48820116e+01
 -1.29076853e+00  9.88743330e-02]","[ 1.38617993e+00  2.36158572e-02 -6.68301059e+01  9.46385515e+01
 -1.27571332e+00 -1.51875952e-01]",014
514,0,1.012963030844503,0,"[  1.04269675   0.09417554  16.50118254 -15.20572937  -1.18519538
   0.44497262]","[-7.78545745e-01  5.35291039e-03  2.93966341e+02  2.30866244e+02
 -1.22057051e+00 -2.46145586e-01]","[ 4.82947708e-02  2.15206001e-02 -7.03275279e+01  5.39645184e+00
 -1.09104097e+00  6.28386397e-01]",[-1.8155055   0.5342351   2.94524184  7.34710276 -1.29281841 -0.23803412],"[-1.42136624e+00  3.84488717e-02  4.11142672e+01  6.04384312e+01
 -1.28626900e+00  5.10276821e-02]","[ 6.56876021e-01  1.71528259e-02 -9.21776451e+01  6.25492847e+01
 -1.29150450e+00 -1.33398982e-02]","[-9.78224753e-01  3.20432221e-02  4.92962831e+01  5.02228444e+01
 -1.28354016e+00  1.10402018e-01]","[ 1.37034943e+00  2.62361850e-02 -6.01414167e+01  8.44147560e+01
 -1.27729483e+00 -1.61061133e-01]",014
515,0,1.012963030844503,0,"[  1.10908296   0.12081969  12.98133819 -12.39738101  -1.258793
   0.30842197]","[-7.75226823e-01  4.77113722e-03  3.31047713e+02  2.58637067e+02
 -1.22716413e+00 -9.55458250e-02]","[ 3.96746546e-02  1.18462391e-02 -9.86751343e+01  5.91490188e+00
 -5.44745815e-01  9.06553070e-01]",[-1.51764716  0.43567456  3.58313296  7.43793157 -1.23288066 -0.38101885],"[-1.39631394e+00  4.01898125e-02  3.93210942e+01  5.69045920e+01
 -1.28651049e+00  8.12448352e-02]","[ 6.45842372e-01  1.74961669e-02 -9.03564824e+01  6.03560450e+01
 -1.28764687e+00 -4.30999565e-02]","[-9.56958085e-01  3.48014768e-02  4.53709331e+01  4.54180812e+01
 -1.27831268e+00  1.31455375e-01]","[ 1.35279098e+00  2.92035212e-02 -5.40334307e+01  7.50959378e+01
 -1.28139083e+00 -1.58667850e-01]",014
516,0,1.012963030844503,0,"[  1.1906385    0.14280822  11.03415651 -11.13769155  -1.29928852
   0.20018636]","[-7.72046119e-01  4.82409423e-03  3.27251753e+02  2.54653446e+02
 -1.22001862e+00  1.24181773e-01]","[ 3.90540658e-02  1.06007104e-02  7.72255199e+01 -1.01597053e+00
 -7.13135896e-01  7.74931841e-01]",[-1.28935031  0.31555038  4.84558452  8.24765592 -1.08984061 -0.59205716],"[-1.36999877e+00  4.26519998e-02  3.70426971e+01  5.27484493e+01
 -1.28927237e+00  9.75806897e-02]","[ 6.34457364e-01  1.82214881e-02 -8.67329746e+01  5.70283744e+01
 -1.28475084e+00 -7.61047136e-02]","[-9.33706639e-01  3.82846008e-02  4.12256780e+01  4.04926892e+01
 -1.27613418e+00  1.50333013e-01]","[ 1.33334517e+00  3.23439299e-02 -4.88008188e+01  6.70683360e+01
 -1.28702279e+00 -1.46903362e-01]",014
517,0,1.012963030844503,0,"[  1.28367978   0.15784966  10.00683514 -10.84557194  -1.32085888
   0.10530149]","[-7.68646079e-01  5.53128731e-03  2.84120359e+02  2.20388000e+02
 -1.20667395e+00  2.77467833e-01]","[ 4.75459317e-02  2.29716798e-02  6.27866408e+01 -9.85249335e-01
 -7.74011318e-01  8.71853879e-01]",[-1.14211636  0.18701423  7.52305497 10.59220418 -0.68987482 -0.92481305],"[-1.34210693e+00  4.54864251e-02  3.47345117e+01  4.86174288e+01
 -1.29488453e+00  9.71795367e-02]","[ 6.22487535e-01  1.93615808e-02 -8.15938461e+01  5.27911522e+01
 -1.28347430e+00 -1.03861255e-01]",[-0.90806045  0.04248507 37.14130234 35.72654756 -1.27776227  0.15933198],"[ 1.31196711e+00  3.54541733e-02 -4.45377528e+01  6.04320670e+01
 -1.29312211e+00 -1.28344681e-01]",014
518,0,1.012963030844503,0,"[  1.38339737   0.16431907   9.6214407  -11.31027581  -1.32849577
   0.01703763]","[-7.64719780e-01  6.70596275e-03  2.34007005e+02  1.80949785e+02
 -1.22936247e+00  3.05835368e-01]","[ 6.55316803e-02  3.74920627e-02  4.09342328e+01 -6.82489057e-01
 -1.10781828e+00  5.65242292e-01]",[-1.08137509  0.08762752  5.00420216  7.41141956 -1.36089544 -0.42549354],[-1.31257214  0.04821702 32.77493744 45.01946991 -1.30241148  0.08054476],"[ 6.09701596e-01  2.08729604e-02 -7.56635716e+01  4.81322004e+01
 -1.28461092e+00 -1.20379508e-01]",[-0.87966681  0.04720022 33.43390454 31.41069616 -1.28300314  0.15553306],"[ 1.28873960e+00  3.83222579e-02 -4.12222197e+01  5.51247071e+01
 -1.29883582e+00 -1.05221473e-01]",014
519,0,1.012963030844503,0,"[  1.48431286   0.16158742   9.78056016 -12.5174112   -1.32448395
  -0.06874491]","[-7.60111902e-01  7.99387031e-03  1.96826364e+02  1.51610062e+02
 -1.28252575e+00  2.41714124e-01]",[ 0.09265149  0.05124344 30.47976817 -0.82399601 -1.23106872  0.3753963 ],[-1.10632695  0.13554723 -9.57254642 -8.59036605 -0.55877602 -0.96419638],[-1.28163208  0.050306   31.42372629 42.2736556  -1.30997657  0.04995767],"[ 5.95911957e-01  2.26451895e-02 -6.97372698e+01  4.35572729e+01
 -1.28814754e+00 -1.23739910e-01]",[-0.84833571  0.0520723  30.31677529 27.71880296 -1.29051658  0.13969771],"[ 1.26387302e+00  4.07477678e-02 -3.87833051e+01  5.10171730e+01
 -1.30356875e+00 -7.92387340e-02]",014
520,0,1.0344090539557622,0,"[  1.58083034   0.15004499  10.51552875 -14.62326686  -1.30955305
  -0.15727285]","[-7.54902808e-01  8.94070905e-03  1.76598920e+02  1.35315021e+02
 -1.33716422e+00  1.19288814e-01]",[ 0.12786439  0.0629516  24.98703721 -1.19495236 -1.28480806  0.24689354],[-1.21034147  0.24062598 -6.31921358 -5.64840624 -1.08297063 -0.61791837],"[-1.24983934e+00  5.12406436e-02  3.08563155e+01  4.05654371e+01
 -1.31538473e+00  8.10184017e-03]","[ 5.81008039e-01  2.45221079e-02 -6.44094696e+01  3.94224196e+01
 -1.29317949e+00 -1.15428388e-01]",[-0.81411613  0.0566502  27.88105081 24.69841319 -1.2985403   0.114412  ],"[ 1.23769244e+00  4.25608712e-02 -3.71418424e+01  4.79701774e+01
 -1.30694794e+00 -5.16669710e-02]",014
521,0,1.0344090539557622,0,"[  1.66771079   0.13079618  12.01980151 -18.04555267  -1.28071585
  -0.25901136]","[-7.49439307e-01  9.09895555e-03  1.73665192e+02  1.32151521e+02
 -1.36445476e+00 -4.94333973e-02]",[ 0.16957489  0.07176775 21.98938226 -1.72884702 -1.30998871  0.14952673],[-1.38180535  0.33289688 -4.69412576 -4.4863681  -1.2551833  -0.36103554],[-1.21802441  0.05061691 31.23175263 40.041037   -1.31678948 -0.04307652],"[ 5.64976424e-01  2.63302146e-02 -6.00035153e+01  3.59005715e+01
 -1.29846356e+00 -9.85568738e-02]",[-0.77733654  0.06045896 26.13771677 22.31780227 -1.30566624  0.08239716],"[ 1.21061471e+00  4.36369377e-02 -3.62320927e+01  4.58631043e+01
 -1.30883898e+00 -2.34002582e-02]",014
522,0,1.0344090539557622,0,"[  1.7403386    0.10521572  14.82042091 -23.79255051  -1.222172
  -0.39719121]","[-7.44285935e-01  8.17533639e-03  1.91960721e+02  1.44873665e+02
 -1.32622098e+00 -2.73879397e-01]",[ 0.21580298  0.07717921 20.47745014 -2.41909468 -1.32032767  0.06956003],[-1.60526696  0.40016108 -3.93766233 -4.32099925 -1.31247084 -0.19734723],[-1.18722206  0.04819206 32.77914358 40.91612228 -1.31268976 -0.10364336],"[ 5.47904896e-01  2.79067399e-02 -5.66311989e+01  3.30285111e+01
 -1.30295981e+00 -7.63955057e-02]",[-0.73860652  0.06306151 25.06842358 20.51570099 -1.31100552  0.04556876],"[ 1.18312013e+00  4.39026383e-02 -3.60143151e+01  4.46092611e+01
 -1.30932683e+00  5.12730357e-03]",014
523,0,1.0344090539557622,0,"[  1.79475886   0.07474514  20.34891644 -34.52139806  -1.06679436
  -0.62446983]","[-7.40101773e-01  6.17139625e-03  2.46660309e+02  1.84553732e+02
 -1.12830990e+00 -5.91939729e-01]","[ 2.64356804e-01  7.89928896e-02  2.00153675e+01 -3.29119858e+00
 -1.32198312e+00 -4.61823152e-04]",[-1.86270927  0.43798811 -3.6078657  -4.72040488 -1.3314358  -0.07592796],[-1.15857559  0.04389748 35.9243708  43.62109909 -1.30057605 -0.17696052],"[ 5.29972437e-01  2.91193698e-02 -5.42866584e+01  3.07704326e+01
 -1.30617427e+00 -5.15189035e-02]","[-6.98780715e-01  6.41074725e-02  2.46634105e+01  1.92343156e+01
 -1.31390521e+00  4.94640465e-03]","[ 1.15572255e+00  4.33330864e-02 -3.64843629e+01  4.41658010e+01
 -1.30854031e+00  3.39874191e-02]",014
524,0,1.0344090539557622,0,"[ 1.82756008e+00  4.20749726e-02  3.13558551e+01 -5.53047091e+01
 -5.76668209e-01 -9.62145681e-01]","[-7.37474942e-01  3.53447409e-03  3.62037788e+02  2.68993797e+02
 -5.47112074e-01 -9.66631004e-01]",[ 0.31297724  0.07726038 20.45671062 -4.40248473 -1.31821733 -0.06713335],[-2.13483848  0.44509231 -3.5517981  -5.58251525 -1.33279053  0.02835215],"[-1.13323048e+00  3.78305827e-02  4.15358596e+01  4.90697020e+01
 -1.27396763e+00 -2.71125455e-01]","[ 5.11431378e-01  2.98729240e-02 -5.29257565e+01  2.90678926e+01
 -1.30814676e+00 -2.53513208e-02]",[-0.65889031  0.06337439 24.94563873 18.43643971 -1.31368839 -0.03894723],"[ 1.12893965e+00  4.19461268e-02 -3.76820048e+01  4.45407094e+01
 -1.30642000e+00  6.35283529e-02]",014
525,0,1.0344090539557622,0,"[ 1.83571570e+00  2.65357627e-02 -1.39941993e+01  2.76893714e+01
 -1.43765463e+00 -3.99543695e-01]","[-7.36759980e-01  2.17255109e-03 -1.93403859e+02 -1.40492224e+02
 -1.44310536e+00 -3.48379438e-01]",[ 0.35944457  0.07215657 21.87693331 -5.86354498 -1.30914927 -0.13881687],[-2.40233237  0.42237262 -3.73768241 -6.97915546 -1.32101253  0.13182438],"[-1.11222826e+00  3.02538317e-02  5.15278174e+01  5.93106945e+01
 -1.21568506e+00 -4.02475856e-01]","[ 4.92587053e-01  3.01052829e-02 -5.25199220e+01  2.78706336e+01
 -1.30905044e+00  1.82202622e-03]",[-0.62005162  0.06080081 25.98922538 18.11466119 -1.30969364 -0.08576205],"[ 1.10326353e+00  3.98012032e-02 -3.96974500e+01  4.57967488e+01
 -1.30268531e+00  9.39239945e-02]",014
526,0,1.0344090539557622,0,"[  1.81650386   0.05889446 -23.58313928  44.83886351  -0.60488498
  -0.97571894]","[-7.37966720e-01  4.08130686e-03 -3.51734580e+02 -2.57568414e+02
 -8.91992034e-01 -7.98104549e-01]",[ 0.40164921  0.06389781 24.63720167 -7.8955125  -1.28991416 -0.22698039],[-2.64700217  0.37250269 -4.22165529 -9.1747307  -1.29087862  0.25044818],"[-1.09641073e+00  2.16162706e-02  7.06253596e+01  7.94344020e+01
 -1.07412117e+00 -6.06165439e-01]","[ 4.73777053e-01  2.97817587e-02 -5.30865274e+01  2.71511785e+01
 -1.30877914e+00  3.02760644e-02]",[-0.58336474  0.05649956 27.94282475 18.30085859 -1.30140256 -0.13541378],"[ 1.07913249e+00  3.70021888e-02 -4.26770914e+01  4.80542358e+01
 -1.29709064e+00  1.24892748e-01]",014
527,0,0.9965404767211388,0,"[  1.76760129   0.1050915  -14.41986383  27.4885699   -1.00053596
  -0.66944616]","[-7.40737200e-01  5.99948827e-03 -2.59729240e+02 -1.90391110e+02
 -1.31719031e+00 -3.63410707e-01]","[  0.43763854   0.0527634   29.6502516  -10.97609289  -1.24591388
  -0.34958236]","[ -2.85283456   0.29988784  -5.1948217  -12.81996686  -1.22161726
   0.4076541 ]","[-1.08634560e+00  1.26721793e-02  1.10633017e+02  1.22185691e+02
 -6.73010279e-01 -9.34626805e-01]","[ 4.55349332e-01  2.88978388e-02 -5.46985278e+01  2.69069381e+01
 -1.30689477e+00  5.99881429e-02]",[-0.54981353  0.05074369 31.06892318 19.08211446 -1.28820613 -0.18834391],"[ 1.05690704e+00  3.36939654e-02 -4.68344279e+01  5.14996366e+01
 -1.28971487e+00  1.55958229e-01]",014
528,0,0.9965404767211388,0,[ 1.68738098  0.15501411 -9.99570365 18.86656022 -1.15172691 -0.48249101],"[-7.44418444e-01  6.79584633e-03 -2.32391418e+02 -1.70996458e+02
 -1.40820918e+00 -2.66870317e-02]","[ 4.65666230e-01  3.92145230e-02  3.92215446e+01 -1.62641488e+01
 -1.13230357e+00 -5.42264634e-01]","[ -3.00691259   0.21106318  -7.18118447 -19.59319401  -1.04270165
   0.64919324]","[-1.08228602e+00  5.94508865e-03  6.62247362e+01  7.36741060e+01
 -1.42643820e+00 -3.94842029e-01]","[ 4.37637504e-01  2.74906192e-02 -5.74777120e+01  2.71544024e+01
 -1.30298005e+00  9.00487891e-02]",[-0.52017462  0.04393339 35.81227711 20.62863764 -1.26893286 -0.2453308 ],"[ 1.03685479e+00  3.00435381e-02 -5.24795341e+01  5.64136565e+01
 -1.28089256e+00  1.87232401e-01]",014
529,0,0.9965404767211388,0,[ 1.57536191  0.20536769 -7.61543997 13.99707406 -1.2250006  -0.36003474],"[-7.48210864e-01  6.27725810e-03 -2.49691223e+02 -1.84821686e+02
 -1.34328220e+00  2.84900622e-01]","[ 4.84266682e-01  2.42011974e-02  5.92815985e+01 -2.67081030e+01
 -7.82309229e-01 -8.66822316e-01]","[ -3.10020736   0.11730003 -11.25777888 -32.9014489   -0.53958781
   0.99240475]","[-1.08417003e+00  9.54707177e-03 -1.36799921e+02 -1.46314375e+02
 -5.50636405e-01 -9.74650220e-01]","[ 4.20934463e-01  2.56465254e-02 -6.15810386e+01  2.79215814e+01
 -1.29716138e+00  1.18797467e-01]","[-4.94945277e-01  3.65569863e-02  4.29179831e+01  2.32420531e+01
 -1.24191543e+00 -3.06677953e-01]","[ 1.01914844e+00  2.62090354e-02 -6.00915795e+01  6.32422395e+01
 -1.27065235e+00  2.20319993e-01]",014
530,0,0.9965404767211388,0,[ 1.43270266  0.25280725 -6.21747398 10.9077915  -1.26821723 -0.2663977 ],"[-7.51355012e-01  4.66531620e-03 -3.23167881e+02 -2.40813807e+02
 -1.07457528e+00  6.49954984e-01]","[ 4.92348685e-01  1.16348054e-02  5.06845863e+01 -2.29544894e+01
 -1.16800904e+00 -5.08606472e-01]",[-3.12818091  0.06495778  3.70071001 13.57649044 -1.62365274  0.28892032],"[-1.09165053e+00  1.71423845e-02 -8.85396700e+01 -9.46543777e+01
 -1.05529202e+00 -6.37861059e-01]","[ 4.05469838e-01  2.34916012e-02 -6.71933157e+01  2.92448629e+01
 -1.29028930e+00  1.44723983e-01]","[-4.74301778e-01  2.91474728e-02  5.36322199e+01  2.74378573e+01
 -1.20596079e+00 -3.71227303e-01]","[ 1.00387723e+00  2.23126829e-02 -7.04776677e+01  7.27509255e+01
 -1.25784519e+00  2.58885449e-01]",014
531,0,0.9965404767211388,0,[ 1.26260742  0.29356592 -5.37044233  8.78076035 -1.29587586 -0.18620731],"[-7.53311187e-01  2.56459590e-03 -4.79194439e+02 -3.58982532e+02
 -4.51189233e-01  1.01404860e+00]","[ 4.89269914e-01  1.76959354e-02 -7.02879241e+01  3.63897666e+01
 -4.53974249e-01 -1.01349617e+00]",[-3.09110484  0.12784042 10.95945428 35.87682211 -0.71938962  0.90334487],"[-1.10413413e+00  2.42471151e-02 -6.42878748e+01 -6.89824364e+01
 -1.22316135e+00 -4.00706654e-01]","[ 3.91397837e-01  2.11634253e-02 -7.45426732e+01  3.11758411e+01
 -1.28341948e+00  1.67575878e-01]","[-4.58092925e-01  2.22282302e-02  7.00250261e+01  3.40779691e+01
 -1.16189272e+00 -4.35161587e-01]","[ 9.91066135e-01  1.84341272e-02 -8.51036522e+01  8.63433476e+01
 -1.23911082e+00  3.08798378e-01]",014
532,0,0.9763806815931284,0,[ 1.07050848  0.32388016 -4.87660596  7.22044805 -1.31315202 -0.11237999],"[-7.53887258e-01  1.45889266e-03  3.33392497e+02  2.53340356e+02
 -1.45961408e+00  2.78624331e-01]","[ 4.74852187e-01  3.37560526e-02 -4.44653256e+01  2.31144571e+01
 -9.72100412e-01 -7.12181126e-01]",[-2.99401552  0.21075706  7.28744167 23.81871347 -1.14136926  0.54629821],"[-1.12080882e+00  3.00916495e-02 -5.22571686e+01 -5.65702954e+01
 -1.28675689e+00 -2.52634166e-01]","[ 3.78799385e-01  1.87780243e-02 -8.39605659e+01  3.38042107e+01
 -1.27701696e+00  1.88912808e-01]","[-4.45866971e-01  1.62504408e-02  9.53965951e+01  4.45341909e+01
 -1.11536385e+00 -4.88839793e-01]","[ 9.80693973e-01  1.46262670e-02 -1.06816725e+02  1.06754519e+02
 -1.20727063e+00  3.78676833e-01]",014
533,0,0.9763806815931284,0,[ 0.86391104  0.34060002 -4.6413549   6.00971775 -1.32207582 -0.04105749],"[-7.53281509e-01  2.34010260e-03  6.34187848e+02  4.79721979e+02
 -1.21417138e+00  5.78626156e-01]","[  0.44932782   0.05040883 -30.74423852  15.81424155  -1.16648682
  -0.47553872]",[-2.84628751  0.28014211  5.59356217 17.92088616 -1.27554432  0.31695134],"[-1.14065710e+00  3.42520291e-02 -4.60813940e+01 -5.05630692e+01
 -1.31683340e+00 -1.41337831e-01]","[ 3.67698303e-01  1.64083963e-02 -9.60135563e+01  3.73040217e+01
 -1.27056574e+00  2.11988313e-01]","[-4.36929395e-01  1.15421195e-02  1.34149452e+02  6.06138391e+01
 -1.08342978e+00 -5.07943994e-01]","[ 9.72704103e-01  1.09403053e-02 -1.41646836e+02  1.39780459e+02
 -1.14657432e+00  4.83087721e-01]",014
534,0,1.0078535676744376,0,[ 0.6518602   0.3417552  -4.62594442  5.01546906 -1.32316134  0.030379  ],"[-7.52028177e-01  2.77362855e-03  5.66394324e+02  4.27944491e+02
 -1.53696802e+00 -5.27696246e-02]","[  0.41324456   0.06626022 -23.6307946   11.76529729  -1.23672034
  -0.34028466]",[-2.66086338  0.32768829  4.81385604 14.80901326 -1.32341841  0.16063727],"[-1.16247047e+00  3.63793412e-02 -4.34520251e+01 -4.85116958e+01
 -1.33036251e+00 -4.30750370e-02]","[ 3.58086046e-01  1.40816283e-02 -1.11754277e+02  4.20176471e+01
 -1.26246425e+00  2.41644398e-01]","[-4.30424597e-01  8.29506373e-03  1.87773170e+02  8.28221910e+01
 -1.09949770e+00 -4.36552716e-01]","[ 9.67007277e-01  7.44626363e-03 -2.04073311e+02  1.99340377e+02
 -1.01351217e+00  6.52801653e-01]",014
535,0,1.0078535676744376,0,[ 0.44410016  0.32695107 -4.83147347  4.14565814 -1.31591733  0.10412338],"[-7.50862306e-01  2.15953171e-03  6.55733383e+02  4.94365480e+02
 -1.05823790e+00 -6.66963903e-01]","[  0.36737314   0.08088323 -19.44367775   9.14308497  -1.26791977
  -0.25519382]",[-2.45319023  0.34953218  4.52250118 13.09455572 -1.33807024  0.0354561 ],"[-1.18489106e+00  3.62418710e-02 -4.36127872e+01 -4.96764016e+01
 -1.33054478e+00  5.39320043e-02]","[ 3.49945647e-01  1.17905744e-02 -1.33215029e+02  4.86180194e+01
 -1.24932536e+00  2.84812494e-01]","[-4.25423889e-01  6.59767739e-03  2.38753784e+02  1.03571563e+02
 -1.16829481e+00 -1.98328270e-01]","[ 9.63480699e-01  4.26442574e-03 -3.31710448e+02  3.21596615e+02
 -6.61483160e-01  9.42991665e-01]",014
536,0,1.0078535676744376,0,[ 0.25008013  0.29750634 -5.29980417  3.3253757  -1.29896249  0.18263154],"[-7.50547094e-01  1.61086232e-03 -8.60829866e+01 -6.26093355e+01
 -1.61386601e+00 -2.83257305e-01]","[  0.31264722   0.09403152 -16.76271191   7.24081527  -1.28498943
  -0.19520319]",[-2.23990933  0.34461379  4.58511957 12.27025209 -1.33307948 -0.07998756],"[-1.20649684e+00  3.38084556e-02 -4.66656785e+01 -5.43019939e+01
 -1.31562529e+00  1.57891071e-01]","[ 3.43265814e-01  9.51453173e-03 -1.64477679e+02  5.84595644e+01
 -1.22364241e+00  3.51641826e-01]","[-4.20999902e-01  6.44858274e-03  2.44635049e+02  1.04991332e+02
 -1.18824983e+00  1.42346545e-01]","[ 9.61969186e-01  1.88250079e-03 -3.35495918e+02  3.24736735e+02
 -1.01415538e+00  6.16411597e-01]",014
537,0,1.0078535676744376,0,[ 0.07799112  0.25627075 -6.13232159  2.47826663 -1.26943248  0.26976328],"[-7.51715007e-01  3.67589023e-03 -3.62430525e+02 -2.70444465e+02
 -4.90358343e-01 -1.03590011e+00]","[  0.25013733   0.10545005 -14.96747995   5.74392542  -1.29570484
  -0.14796772]",[-2.0374029   0.31446697  5.01028539 12.20796999 -1.30862485 -0.20086042],"[-1.22592177e+00  2.92904453e-02 -5.36190270e+01 -6.37327324e+01
 -1.27887135e+00  2.79294917e-01]","[ 3.38040773e-01  7.24521950e-03 -2.14314489e+02  7.44470354e+01
 -1.16789432e+00  4.58147164e-01]","[-4.16280838e-01  7.69742183e-03  2.03285641e+02  8.66239171e+01
 -1.15137789e+00  3.63403449e-01]","[ 9.62291242e-01  2.51898113e-03  4.98072148e+02 -4.77290466e+02
 -5.24358064e-01  9.63385289e-01]",014
538,0,1.0078535676744376,0,[-0.06598826  0.20713732 -7.54369103  1.50220494 -1.22068922  0.37303616],"[-7.54761699e-01  6.76683537e-03 -2.22634021e+02 -1.66035632e+02
 -9.91191180e-01 -6.93829542e-01]","[  0.1810408    0.11487102 -13.75135334   4.48955604  -1.30227248
  -0.1081617 ]",[-1.86039122  0.26298459  5.94976403 13.06888874 -1.2535965  -0.34509058],"[-1.24198147e+00  2.31208167e-02 -6.72201262e+01 -8.14861511e+01
 -1.19977389e+00  4.38777966e-01]","[ 3.34258480e-01  5.01175217e-03 -3.03815947e+02  1.03553057e+02
 -1.03547428e+00  6.34783245e-01]","[-4.10494219e-01  1.00911249e-02  1.54412579e+02  6.53854712e+01
 -1.14730533e+00  4.25741543e-01]","[ 9.64247825e-01  4.61880376e-03  3.27682577e+02 -3.13967213e+02
 -1.04161394e+00  6.53615127e-01]",014
539,0,1.0078535676744376,0,"[ -0.1781       0.15439127 -10.01075809   0.21708402  -1.13487843
   0.50874824]","[-7.59810968e-01  9.90891346e-03 -1.56670612e+02 -1.17040049e+02
 -1.19080316e+00 -4.52241694e-01]","[  0.10665893   0.1221117  -12.94245723   3.38042864  -1.30556713
  -0.07425316]",[-1.72077051  0.19603765  7.84377839 15.49734258 -1.12882739 -0.54546769],"[-1.25377284e+00  1.59111270e-02 -9.48049975e+01 -1.16863931e+02
 -1.00598986e+00  6.82251629e-01]","[ 3.31885253e-01  2.90738602e-03 -4.87425162e+02  1.63769223e+02
 -6.77497182e-01  9.33417259e-01]","[-4.03014011e-01  1.33455944e-02  1.16910605e+02  4.91166119e+01
 -1.17978421e+00  4.02668159e-01]","[ 9.67629347e-01  6.60670588e-03  2.35749991e+02 -2.26118610e+02
 -1.21410502e+00  4.12341249e-01]",014
540,0,1.0078535676744376,0,"[ -0.25702814   0.10218545 -14.72616921  -1.78503984  -0.95543106
   0.71387191]","[-7.66748046e-01  1.26962508e-02 -1.23604237e+02 -9.27733074e+01
 -1.26837020e+00 -2.95899932e-01]","[  0.02833227   0.12717404 -12.43067495   2.35218926  -1.30639528
  -0.04623365]",[-1.62678704  0.12161733 11.87737964 21.32196728 -0.79149141 -0.86065199],"[-1.26072567e+00  8.59661462e-03 -1.50333102e+02 -1.87528800e+02
 -4.91011984e-01  1.01218099e+00]","[ 3.30855776e-01  1.29448908e-03 -4.94469447e+02  1.65598073e+02
 -1.00110233e+00  6.21776246e-01]","[-3.93416060e-01  1.71011928e-02  9.15680108e+01  3.80243261e+01
 -1.22499024e+00  3.42064014e-01]","[ 9.72217512e-01  8.30022467e-03  1.89295402e+02 -1.82036305e+02
 -1.27343764e+00  2.72851525e-01]",014
541,0,0.805330894225673,0,[-0.20299687  0.21504123  3.83906703  2.77931858 -0.05326236  1.2933164 ],"[ -0.79143076   0.04827791 -27.40456264 -19.6888139    0.0429724
  -1.34613958]",[-0.1645773   0.35499123 -3.8545968   1.36562085 -0.06612737 -1.25736395],[-1.73354728  0.35111478 -2.6965038  -2.67451684  0.1168809  -1.40896216],[-1.23528631  0.06489294 16.67141699 22.59397314  0.23660352  1.49020688],"[ 3.37783516e-01  1.65978209e-02  6.87269027e+01 -2.12148148e+01
  2.41176572e-01  1.49347774e+00]","[-3.62165907e-01  6.08097378e-02  2.19763950e+01  9.95910102e+00
  9.47005341e-03  1.32268154e+00]","[ 9.84849771e-01  2.38748827e-02  5.76762689e+01 -5.48024602e+01
 -9.90971940e-02  1.23881945e+00]",014
542,0,0.7984201985453715,0,[-0.10677442  0.30017329  4.49974412  2.48045758 -1.73905426  0.43409857],"[ -0.81641734   0.05788763 -25.15347984 -18.5357371   -1.79993796
  -0.37189212]",[-0.3567065   0.42242251 -3.48673329  0.75625957 -1.77818599 -0.36103004],[-1.86205899  0.43123921 -3.09904102 -3.7705972  -1.82415728 -0.40709224],[-1.20334833  0.08617271 16.23155388 21.53221333 -1.78771538  0.42845639],"[ 3.45769773e-01  2.11899719e-02  6.63620048e+01 -2.09459753e+01
 -1.81517754e+00  4.12612299e-01]",[-0.33113814  0.07184732 20.31369404  8.72663876 -1.80062545  0.3592213 ],"[ 9.96767489e-01  2.70354145e-02  5.42152378e+01 -5.20399864e+01
 -1.79121284e+00  3.29389266e-01]",014
543,0,0.8139026584729756,0,[ 0.02454179  0.34050785  4.34548184  1.8933541  -1.7639446  -0.28462421],"[ -0.84070275   0.05642511 -25.39319304 -19.34812731  -1.79933966
   0.40709464]",[-0.54672973  0.41818856 -3.5041435   0.08418058 -1.77756     0.38016134],[-1.98676485  0.41686576 -3.03517829 -4.03018552 -1.80700953  0.35238609],[-1.16636091  0.09202408 15.89745428 20.54216919 -1.79717697 -0.3435404 ],"[ 3.54077893e-01  2.14023393e-02  6.62399713e+01 -2.14541094e+01
 -1.82310174e+00 -3.97537948e-01]",[-0.30080613  0.069609   20.56393094  8.18575643 -1.7914947  -0.41394005],"[ 1.00741895e+00  2.48600731e-02  5.55438131e+01 -5.39558901e+01
 -1.77474189e+00 -4.32921098e-01]",014
544,0,0.8139026584729756,0,[ 0.18331081  0.31552551  4.54241238  1.16732673 -0.28606905 -1.07992365],"[ -0.86327661   0.04439308 -27.38976012 -21.64493913   0.19961861
   1.46405283]",[-0.73350091  0.34348828 -3.90299569 -0.86285091  0.00603933  1.31461031],[-2.08093954  0.33238607 -1.7322971  -1.60480553 -0.57570979  0.94982774],[-1.1258657   0.07998312 17.04687102 21.19248738 -0.05715067 -1.26915395],"[ 3.61857893e-01  1.70694987e-02  6.73685111e+01 -2.23778275e+01
  2.14861802e-01 -1.47398461e+00]",[-0.27133547  0.05532103 22.6624183   8.14911786  0.16716132 -1.43644755],"[ 1.01630704e+00  1.83796120e-02  5.49538014e+01 -5.38499351e+01
  1.98189906e-01 -1.46325113e+00]",014
545,0,0.8139026584729756,0,[ 0.36142174  0.1484523  10.64582877 -1.84763395 -1.32125765 -0.07100314],"[-8.83149388e-01  4.41039876e-03 -2.51064786e+02 -2.19727712e+02
 -5.12525844e-01  9.12190017e-01]","[ -0.91594937   0.10642181 -14.85077264 -11.6025558   -1.30130693
   0.07382   ]",[-2.1190652   0.25716752  5.89978965 14.50203892 -1.02756387  0.65304626],"[-1.08338287e+00  2.67696467e-02  5.88815472e+01  6.57912596e+01
 -1.28066471e+00 -1.95702007e-01]","[ 3.68176691e-01  3.21492928e-03 -2.52401040e+02  9.49281798e+01
 -6.38324378e-01 -8.38128079e-01]","[-2.42493307e-01  1.20349083e-02  1.29887412e+02  3.34968282e+01
 -1.10345242e+00  3.78978969e-01]","[ 1.02299840e+00  3.80224610e-03 -3.87215790e+02  3.98121135e+02
 -8.74262956e-01 -7.97782662e-01]",014
546,0,0.8139026584729756,0,[ 0.44969341  0.13703152 11.51078943 -3.1763262  -1.31473696 -0.1656753 ],"[-8.83200504e-01  4.30643251e-03  2.14666845e+02  1.91593865e+02
 -5.45360094e-01  8.85677483e-01]","[ -0.98105857   0.10046705 -15.72606992 -13.42819561  -1.30114277
   0.0963512 ]",[-1.92811574  0.36946709  4.20823391 10.11396204 -1.19695629  0.43606457],"[-1.06763461e+00  2.32459858e-02  6.77303776e+01  7.43112952e+01
 -1.26475625e+00 -2.29183574e-01]","[ 3.65349164e-01  7.44695197e-03 -1.90916924e+02  7.17513388e+01
 -6.66518402e-01 -9.40563241e-01]","[-2.32982858e-01  1.65563849e-02  9.34255119e+01  2.37665427e+01
 -1.06145215e+00  5.22295945e-01]","[ 1.02006572e+00  5.96527648e-03 -2.58541476e+02  2.65729297e+02
 -1.13332117e+00 -5.24512045e-01]",014
547,0,0.8139026584729756,0,[ 0.52734543  0.11685589 13.4133108  -5.07344814 -1.27884767 -0.31148777],"[-8.79480976e-01  9.60010124e-03  1.50572237e+02  1.34425418e+02
 -7.35746514e-01  8.91822987e-01]","[ -1.04188791   0.09316633 -16.94859194 -15.65853302  -1.29820195
   0.1279525 ]",[-1.67029256  0.46906221  3.34701282  7.59049061 -1.27226632  0.28770943],"[-1.05401528e+00  1.98159665e-02  7.93977104e+01  8.56863996e+01
 -1.25169148e+00 -2.48374054e-01]","[ 3.59190668e-01  1.29155557e-02 -1.17668200e+02  4.42653193e+01
 -1.01792542e+00 -6.50770808e-01]","[-2.19996581e-01  2.36253196e-02  6.54753842e+01  1.64043606e+01
 -1.09634939e+00  5.13883054e-01]","[ 1.01574584e+00  8.04773202e-03 -1.94201562e+02  1.99259430e+02
 -1.22422174e+00 -3.69411670e-01]",014
548,0,1.009768315303199,0,[ 0.58832467  0.08737301 17.52563123 -8.3107613  -1.14055063 -0.56072896],"[-8.71474719e-01  1.64855633e-02  9.23341332e+01  8.24668628e+01
 -1.00308604e+00  6.49249170e-01]","[ -1.09760751   0.08440835 -18.68939636 -18.51362188  -1.29059378
   0.16735579]",[-1.35696523  0.54612304  2.88766352  5.91845899 -1.3081895   0.17434576],"[-1.04239992e+00  1.67473146e-02  9.39396272e+01  9.99226601e+01
 -1.24538671e+00 -2.50706107e-01]","[ 3.49414137e-01  1.87859134e-02 -8.25876606e+01  3.08572962e+01
 -1.16579742e+00 -4.66495643e-01]","[-2.02118970e-01  3.26985894e-02  4.75480378e+01  1.16103604e+01
 -1.15643342e+00  4.48990961e-01]","[ 1.01014604e+00  9.96227031e-03 -1.57752238e+02  1.61352799e+02
 -1.26568111e+00 -2.70178243e-01]",014
549,0,1.01088868234471,0,"[  0.62610306   0.05107431  25.79140425 -14.14807716  -0.63284866
  -0.91857871]","[-8.58529362e-01  2.46883240e-02  6.25725627e+01  5.57203823e+01
 -1.10113419e+00  5.23536358e-01]","[ -1.14743517   0.07439616 -21.17566645 -22.2977045   -1.27744964
   0.21160788]",[-1.00427253  0.59400139  2.66024101  4.67160698 -1.32356483  0.08033382],"[-1.03254836e+00  1.41744273e-02  1.11040535e+02  1.16654722e+02
 -1.24710618e+00 -2.39662160e-01]","[ 3.35972259e-01  2.45616706e-02 -6.37501819e+01  2.34182926e+01
 -1.23871550e+00 -3.39562991e-01]",[-0.1783173   0.04299704 36.35663228  8.48301659 -1.21136598  0.37007746],"[ 1.00340914e+00  1.16367220e-02 -1.35441770e+02  1.37903510e+02
 -1.28894180e+00 -1.96748181e-01]",014
550,0,1.01088868234471,0,"[  0.6342601    0.03546656 -12.33422637   9.82310768  -1.3141772
  -0.46373898]","[-8.39844664e-01  3.43963783e-02  4.52097995e+01  3.99692089e+01
 -1.15330994e+00  4.47639622e-01]","[ -1.19078814   0.06362109 -24.71839426 -27.43437078  -1.25943013
   0.25771192]","[-6.31297545e-01  6.09619774e-01  2.59348772e+00  3.63726243e+00
 -1.32632530e+00 -2.72932384e-03]","[-1.02418057e+00  1.20872690e-02  1.30281816e+02  1.35432105e+02
 -1.25394644e+00 -2.25601093e-01]","[ 3.19080069e-01  2.97925376e-02 -5.28108315e+01  1.88508837e+01
 -1.27876420e+00 -2.42955053e-01]",[-0.14809883  0.05356677 29.30999718  6.34077632 -1.25372458  0.29160925],"[ 9.95719714e-01  1.29920531e-02 -1.21516211e+02  1.22996087e+02
 -1.30359880e+00 -1.35301864e-01]",014
551,0,1.01088868234471,0,"[  0.6072292    0.08032339 -17.29576375  12.50249285  -0.60476926
  -0.97696161]",[-0.81455767  0.04562108 34.23261961 29.88444298 -1.19329881  0.38721314],"[ -1.22738476   0.05269855 -29.77634642 -34.5470338   -1.23776786
   0.30506023]",[-0.25807275  0.59328621  2.66347463  2.68737021 -1.32009075 -0.08098715],"[-1.01704247e+00  1.03729242e-02  1.51837397e+02  1.56425081e+02
 -1.26057480e+00 -2.20722782e-01]","[ 2.99211028e-01  3.40756762e-02 -4.62976817e+01  1.58527770e+01
 -1.30198619e+00 -1.63190023e-01]",[-0.11159591  0.06338301 24.84860475  4.77300256 -1.2841531   0.21716878],"[ 9.87308491e-01  1.39470591e-02 -1.13306675e+02  1.13868642e+02
 -1.31278960e+00 -7.90634103e-02]",014
552,0,1.01088868234471,0,"[  0.54111566   0.14213478 -10.67110378   7.77430142  -1.01682348
  -0.65912104]",[-0.78192339  0.05798506 27.02763464 23.13353972 -1.22904869  0.32830679],"[-1.25724929e+00  4.21461785e-02 -3.71202537e+01 -4.46694128e+01
 -1.21170950e+00  3.58694152e-01]",[ 0.09618413  0.54789133  2.87954721  1.72303325 -1.30559916 -0.16109837],"[-1.01094262e+00  8.89060072e-03  1.77077779e+02  1.81015473e+02
 -1.26189220e+00 -2.31682402e-01]","[ 2.77068312e-01  3.70752232e-02 -4.26153211e+01  1.38073551e+01
 -1.31524828e+00 -9.24053837e-02]",[-0.06956958  0.07146542 22.08479273  3.53642983 -1.30456341  0.1467495 ],"[ 9.78448347e-01  1.44346442e-02 -1.09529285e+02  1.09168747e+02
 -1.31716385e+00 -2.49138682e-02]",014
553,0,1.01088868234471,0,[ 0.43444403  0.20619432 -7.53060335  5.27162566 -1.17996227 -0.45421062],[-0.74155132  0.07067678 22.24087239 18.49274823 -1.26067198  0.26691688],"[-1.28061164e+00  3.22166785e-02 -4.83024542e+01 -5.98566851e+01
 -1.17288410e+00  4.34746267e-01]",[ 0.41435015  0.47787634  3.29091491  0.63640893 -1.27956526 -0.25267127],"[-1.00574964e+00  7.54416022e-03  2.08490638e+02  2.11689384e+02
 -1.25469381e+00 -2.54625593e-01]","[ 2.53535722e-01  3.85429548e-02 -4.10188885e+01  1.23997535e+01
 -1.32129871e+00 -2.55061087e-02]",[-0.02333998  0.0769922  20.5249724   2.47905241 -1.31655038  0.07944116],"[ 9.69437427e-01  1.44243105e-02 -1.09606743e+02  1.08256879e+02
 -1.31637673e+00  2.75809926e-02]",014
554,0,1.01088868234471,0,[ 0.28866686  0.26604147 -5.89317289  3.70116371 -1.25533787 -0.31526941],[-0.69363179  0.08255096 19.08858632 15.24045035 -1.28670978  0.20296503],"[-1.29774554e+00  2.28727211e-02 -6.71156937e+01 -8.50990924e+01
 -1.08665785e+00  5.71761165e-01]",[ 0.68217787  0.38847769  4.02174656 -0.74354649 -1.22977252 -0.37205104],"[-1.00135469e+00  6.32756188e-03  2.48417356e+02  2.50753884e+02
 -1.24053098e+00 -2.70844747e-01]","[ 2.29613912e-01  3.83416007e-02 -4.12307403e+01  1.14671516e+01
 -1.32087407e+00  4.11409032e-02]","[ 2.53379546e-02  7.93910321e-02  1.99147138e+01  1.49540188e+00
 -1.32141095e+00  1.38432173e-02]","[ 9.60569677e-01  1.39436551e-02 -1.13339290e+02  1.10870285e+02
 -1.31028640e+00  7.63686811e-02]",014
555,0,0.940613361722634,0,[ 0.10829721  0.31641497 -4.97851746  2.53915955 -1.29408351 -0.2098718 ],[-0.63908304  0.09232488 17.09891641 12.92762751 -1.30611905  0.13718468],"[-1.30881898e+00  1.39921018e-02 -1.03841674e+02 -1.33909954e+02
 -8.09768121e-01  8.44854218e-01]",[ 0.88871591  0.2856145   5.38249835 -2.78351193 -1.11746051 -0.55139692],"[-9.97616130e-01  5.33953519e-03  2.94783074e+02  2.96080349e+02
 -1.22941741e+00 -2.39110797e-01]","[ 2.06347065e-01  3.64633378e-02 -4.33168711e+01  1.09383092e+01
 -1.31356056e+00  1.10880081e-01]",[ 0.07443358  0.07838104 20.1670975   0.49889068 -1.31994811 -0.05236803],"[ 9.52097834e-01  1.30888046e-02 -1.20666482e+02  1.16886297e+02
 -1.29998450e+00  1.17076592e-01]",014
556,0,0.940613361722634,0,[-0.09937488  0.35311919 -4.47184513  1.55561094 -1.31409182 -0.12274173],[-0.57957607  0.09880168 15.99610966 11.27096229 -1.31849233  0.06980663],"[-1.31381760e+00  6.64766504e-03 -1.16924692e+02 -1.51617718e+02
 -8.72618414e-01  6.63616515e-01]",[ 1.02653064  0.17706945  8.19275224 -6.41011124 -0.80453263 -0.85053047],"[-9.94307567e-01  4.77468806e-03  3.30783652e+02  3.30900688e+02
 -1.22681837e+00 -9.90435525e-02]","[ 1.84745124e-01  3.30326167e-02 -4.77242682e+01  1.08168258e+01
 -1.29751568e+00  1.88120854e-01]",[ 0.12181733  0.07396744 21.3487713  -0.60065025 -1.31171642 -0.12281612],"[ 9.44197187e-01  1.20160886e-02 -1.31368888e+02  1.26038135e+02
 -1.28820304e+00  1.43330242e-01]",014
557,0,0.940613361722634,0,[-0.32490378  0.37328993 -4.23474862  0.62411416 -1.32279172 -0.04548497],"[-5.17436154e-01  1.01057506e-01  1.56451584e+01  1.00953706e+01
 -1.32371503e+00 -4.35743540e-05]","[-1.31256329e+00  9.17506286e-03  1.27985383e+02  1.69988916e+02
 -3.89726923e-01  1.03155017e+00]",[ 1.09184384  0.08312806 10.09342296 -9.02044166 -0.7169245  -0.76649542],"[-9.91086769e-01  4.88616874e-03  3.22864822e+02  3.21987054e+02
 -1.19878424e+00  1.50213896e-01]","[ 1.65708140e-01  2.82920266e-02 -5.55182789e+01  1.11998307e+01
 -1.26776421e+00  2.80068149e-01]",[ 0.16543807  0.06641745 23.72417564 -1.92488184 -1.29403199 -0.20271227],"[ 9.36939750e-01  1.09153187e-02 -1.44604805e+02  1.37485990e+02
 -1.27872594e+00  1.47598723e-01]",014
558,0,0.940613361722634,0,[-0.55750206  0.37551469 -4.21011492 -0.34714774 -1.32337176  0.02770618],[-0.45545149  0.09855563 16.03481688  9.30308121 -1.32128107 -0.0749052 ],"[-1.30480966e+00  1.85330411e-02  8.00489880e+01  1.06448693e+02
 -8.89403318e-01  7.79384890e-01]","[  1.0846011    0.09773822 -11.79500123  14.79287129  -0.47874374
  -0.95350753]","[-9.87495294e-01  5.88752639e-03  2.65707719e+02  2.64385123e+02
 -1.13994507e+00  3.68165438e-01]","[ 1.49960147e-01  2.25808040e-02 -6.90618285e+01  1.23565220e+01
 -1.21149754e+00  3.99874266e-01]",[ 0.20348285  0.05623574 27.90279772 -3.67774091 -1.26036814 -0.30013089],"[ 9.30286681e-01  9.97340283e-03 -1.58342662e+02  1.49304069e+02
 -1.27450378e+00  1.23736658e-01]",014
559,0,0.940613361722634,0,[-0.78590497  0.35978114 -4.3907402  -1.45070454 -1.31655302  0.10213894],[-0.39662934  0.09118556 17.30200822  8.86248404 -1.30901373 -0.15985387],"[-1.29036640e+00  2.89509189e-02  5.32356060e+01  7.06934372e+01
 -1.11968555e+00  5.34504094e-01]",[ 1.00838143  0.18776047 -7.97851636 10.04538775 -0.98763648 -0.70844782],"[-9.82990165e-01  7.85797231e-03  1.97840634e+02  1.96475397e+02
 -1.11554132e+00  4.58921067e-01]","[ 1.37998291e-01  1.63190268e-02 -9.39973956e+01  1.49714799e+01
 -1.09272414e+00  5.74300511e-01]",[ 0.23450162  0.04412917 35.25515582 -6.26739113 -1.19475695 -0.43057681],"[ 9.24100753e-01  9.34028548e-03 -1.69207157e+02  1.58364461e+02
 -1.27511385e+00  7.19406494e-02]",014
560,0,0.940613361722634,0,[-0.99918755  0.32731966 -4.81677192 -2.81285852 -1.30056104  0.18417944],[-0.34393579  0.07925541 19.83124849  8.82067606 -1.28036681 -0.26431578],"[-1.26919503e+00  3.94505757e-02  3.95677158e+01  5.22191483e+01
 -1.21077236e+00  3.88732721e-01]",[ 0.87006294  0.27548185 -5.64194163  6.90884431 -1.20688335 -0.43556755],"[-9.77000096e-01  1.07530224e-02  1.44547229e+02  1.43222657e+02
 -1.13621219e+00  4.56967061e-01]","[ 1.30059540e-01  1.00263606e-02 -1.45145224e+02  2.08775211e+01
 -7.93993642e-01  8.55291754e-01]","[ 2.57486287e-01  3.09631141e-02  4.91785297e+01 -1.06627970e+01
 -1.04805115e+00 -6.29096861e-01]","[ 9.18173338e-01  9.10762120e-03 -1.73597878e+02  1.61392944e+02
 -1.27661562e+00  2.70898222e-03]",014
561,0,0.9598487259836136,0,[-1.18748948  0.28043349 -5.59994888 -4.64988037 -1.26929132  0.28331504],[-0.3000436   0.06347946 24.54738094  9.36528454 -1.21680288 -0.40669093],[-1.24143973  0.049597   31.65118991 41.2930448  -1.25230469  0.29462091],[ 0.67925294  0.34834727 -4.51008932  5.06349141 -1.28049402 -0.27225187],"[-9.68991284e-01  1.44381916e-02  1.07978598e+02  1.06630321e+02
 -1.17474815e+00  4.13508569e-01]","[ 1.26105084e-01  4.64342114e-03 -2.13652690e+02  2.89426905e+01
 -4.50441718e-01  9.52964335e-01]","[ 2.71903029e-01  1.78655779e-02  7.82252830e+01 -1.92696914e+01
 -6.48606277e-01 -9.49445958e-01]","[ 9.12256336e-01  9.30683834e-03 -1.69824437e+02  1.56923418e+02
 -1.27556089e+00 -6.69151617e-02]",014
562,0,0.951832356623129,0,[-1.34264652  0.22240308 -7.00245401 -7.40182055 -1.20604599  0.41636497],[-0.26710306  0.04501194 33.81182106 11.03124072 -1.05930978 -0.62614539],[-1.20739704  0.05916209 26.60934379 34.12804282 -1.27245104  0.23093651],[ 0.44754928  0.40228067 -3.92166434  3.75513803 -1.30907908 -0.16166528],"[-9.58526987e-01  1.87069701e-02  8.36401833e+01  8.21713729e+01
 -1.21252944e+00  3.56916564e-01]","[ 1.25823128e-01  4.07127031e-03  2.55523237e+02 -3.01507328e+01
 -6.32757754e-01  8.01768815e-01]","[ 2.77686626e-01  8.24293684e-03  4.78089406e+01 -1.12759034e+01
 -1.41635853e+00 -4.03246017e-01]","[ 9.06090386e-01  9.92568737e-03 -1.59104565e+02  1.46163116e+02
 -1.27216085e+00 -1.23354648e-01]",014
563,0,0.980619934274979,0,"[ -1.45873241   0.15754566  -9.67840802 -12.11820743  -1.06073753
   0.61767051]","[-2.46551561e-01  2.57797488e-02  5.32379108e+01  1.51258900e+01
 -6.12997031e-01 -9.65932001e-01]",[-1.16746046  0.06806458 23.16471073 29.04388374 -1.2831084   0.18637215],[ 0.18771522  0.43564671 -3.62742656  2.68092317 -1.31975511 -0.07765611],"[-9.45310428e-01  2.33070793e-02  6.73421061e+01  6.56591952e+01
 -1.24304558e+00  2.99659488e-01]","[ 1.28651938e-01  7.53219960e-03  1.99766111e+02 -2.37002973e+01
 -1.07314158e+00  6.51895348e-01]","[ 2.75214901e-01  1.29604990e-02 -1.01123261e+02  2.98306282e+01
 -5.74279670e-01 -9.60048318e-01]","[ 8.99423996e-01  1.09322066e-02 -1.44331169e+02  1.31814917e+02
 -1.26863102e+00 -1.61962379e-01]",014
564,0,0.980619934274979,0,"[ -1.53248314   0.09193238 -15.2928603  -21.43605056  -0.66777435
   0.939147  ]",[-0.23898338  0.01254609 11.90285208  4.8445838  -1.66723694 -0.27665169],[-1.12208294  0.07626693 20.69263762 25.21885566 -1.29016839  0.15278977],[-0.08713453  0.44835724 -3.52635522  1.69273269 -1.3214884  -0.00765948],"[-9.29207351e-01  2.79715896e-02  5.62472647e+01  5.42653718e+01
 -1.26576386e+00  2.46368469e-01]","[ 1.33823484e-01  1.03585314e-02  1.51187748e+02 -1.82324711e+01
 -1.30694807e+00  3.12530744e-01]","[ 2.65285057e-01  2.28164789e-02 -6.67347457e+01  1.97037308e+01
 -1.09102939e+00 -6.08963141e-01]","[ 8.92022247e-01  1.22929644e-02 -1.28273882e+02  1.16423156e+02
 -1.26649356e+00 -1.84686305e-01]",014
565,0,0.980619934274979,0,"[ -1.56354897   0.04170214 -12.1973052  -17.07108396  -1.22610091
   0.4999974 ]","[-2.44100198e-01  2.19135935e-02 -6.17851630e+01 -1.30817705e+01
 -6.40653363e-01 -9.36902514e-01]",[-1.071786    0.08365299 18.87783848 22.23300305 -1.29632233  0.12371825],[-0.36425468  0.44150199 -3.58024837  0.69587777 -1.3176074   0.05557462],"[-9.10251356e-01  3.24408058e-02  4.85839799e+01  4.62236335e+01
 -1.28222346e+00  1.97951190e-01]","[ 1.40424604e-01  1.17848880e-02  1.34030761e+02 -1.68212166e+01
 -1.36275448e+00  8.26964281e-02]","[ 2.49102383e-01  3.13339733e-02 -4.98994505e+01  1.44300720e+01
 -1.26238896e+00 -3.51489719e-01]","[ 8.83667972e-01  1.39803366e-02 -1.12753565e+02  1.01636714e+02
 -1.26610650e+00 -1.95636240e-01]",014
566,0,0.980619934274979,0,[-1.55451481  0.05917744 21.80391816 35.89451365 -0.59069925  0.93518551],"[-2.60757041e-01  3.73640156e-02 -4.09447377e+01 -8.67662865e+00
 -1.12122058e+00 -5.74734457e-01]",[-1.01722293  0.08994247 17.56676305 19.86931427 -1.3024696   0.09429724],[-0.63185893  0.41704216 -3.78693561 -0.3928091  -1.30897272  0.11744536],"[-8.88637830e-01  3.64720686e-02  4.32688499e+01  4.04503369e+01
 -1.29414158e+00  1.53636018e-01]","[ 1.47470651e-01  1.16731990e-02  1.35243421e+02 -1.79444354e+01
 -1.35592270e+00 -1.14431476e-01]","[ 2.28266040e-01  3.72455479e-02 -4.23294211e+01  1.16623693e+01
 -1.32405280e+00 -1.77597156e-01]","[ 8.74160877e-01  1.59704446e-02 -9.86941348e+01  8.82745514e+01
 -1.26739257e+00 -1.98333786e-01]",014
567,0,0.980619934274979,0,[-1.51064103  0.10285774 14.8413226  24.41991085 -1.12776402  0.58057887],"[ -0.28710565   0.05048039 -31.011723    -6.90364086  -1.2676139
  -0.3332907 ]",[-0.95928105  0.0946649  16.69730327 18.01740667 -1.30864639  0.06092023],[-0.87957274  0.37753972 -4.17637215 -1.67342308 -1.29458139  0.18321871],[-0.86470716  0.03984997 39.63633998 36.27382679 -1.30246298  0.11244423],"[ 1.53985822e-01  1.00963811e-02  1.54942779e+02 -2.18589912e+01
 -1.28897013e+00 -3.34607578e-01]","[ 2.04720946e-01  3.98992815e-02 -3.96168309e+01  1.01103951e+01
 -1.34517720e+00 -3.43785833e-02]","[ 8.63319364e-01  1.82347203e-02 -8.64478887e+01  7.66321363e+01
 -1.27027522e+00 -1.94855949e-01]",014
568,0,0.980619934274979,0,[-1.43931617  0.13788942 11.36767757 18.36168218 -1.29120103  0.30648068],"[ -0.32081519   0.05984599 -26.34405665  -6.45157347  -1.31399375
  -0.18095027]",[-0.89918444  0.09719529 16.26678838 16.62684295 -1.31416314  0.02069428],[-1.098772    0.3259895  -4.82320662 -3.29960439 -1.27097656  0.25928883],[-0.83891228  0.04241252 37.26295087 33.26034702 -1.30728963  0.07441628],"[ 1.59082346e-01  7.31165970e-03  2.06480894e+02 -3.08474650e+01
 -1.06781581e+00 -6.47829530e-01]","[ 1.80656985e-01  3.89571435e-02 -4.05390461e+01  9.32366185e+00
 -1.33978199e+00  1.06699800e-01]","[ 8.50987531e-01  2.07283463e-02 -7.60680484e+01  6.67329606e+01
 -1.27463487e+00 -1.86133060e-01]",014
569,0,0.9815459578492884,0,[-1.3492829   0.15923578  9.91332372 15.37587813 -1.33557177  0.12965914],"[ -0.35932945   0.06513617 -24.26176891  -6.71796806  -1.32665958
  -0.07265026]",[-0.83854979  0.09685269 16.32363147 15.68817779 -1.31735187 -0.02879029],[-1.28283127  0.26574961 -5.88654102 -5.55143888 -1.2300996   0.35525387],[-0.81176603  0.04409532 35.85210665 31.10352236 -1.3085287   0.04119624],"[ 1.62028256e-01  3.97553070e-03  2.94048539e+02 -4.56441720e+01
 -5.21466846e-01 -9.25783197e-01]","[ 1.58361971e-01  3.44192119e-02 -4.56299022e+01  9.22604123e+00
 -1.30018557e+00  2.71881339e-01]","[ 8.37047025e-01  2.33812873e-02 -6.74627727e+01  5.84695132e+01
 -1.28008433e+00 -1.72719537e-01]",014
570,0,0.9815459578492884,0,"[-1.24974574e+00  1.66198574e-01  9.51217273e+00  1.38877974e+01
 -1.34027216e+00 -3.50366354e-03]","[-4.00117841e-01  6.65422265e-02 -2.37598592e+01 -7.50674355e+00
 -1.32493784e+00  1.16948857e-02]",[-0.77937031  0.09304308 16.98169011 15.23502502 -1.31565391 -0.08996923],[-1.42725538  0.20046927 -7.72266331 -9.02221274 -1.15179813  0.48954414],"[-7.83769101e-01  4.49737484e-02  3.51560894e+01  2.95542566e+01
 -1.30661131e+00  1.57207211e-02]","[ 1.62294420e-01  3.44124930e-03 -2.36156391e+02  4.03268645e+01
 -7.40513583e-01 -7.55214154e-01]","[ 1.40053193e-01  2.66574817e-02 -5.78517094e+01  1.01023166e+01
 -1.17870085e+00  5.05930279e-01]","[ 8.21430184e-01  2.60987119e-02 -6.04656913e+01  5.16683440e+01
 -1.28587645e+00 -1.55501895e-01]",014
571,0,0.9815459578492884,0,[-1.14945796  0.15999556  9.86996211 13.34510656 -1.32462994 -0.11765755],"[ -0.44089311   0.06459667 -24.4628652   -8.78550877  -1.3156306
   0.08174405]",[-0.72393349  0.08539356 18.47212462 15.37258971 -1.30536774 -0.16719795],"[ -1.52964219   0.13404864 -11.23338891 -15.18306559  -0.97187723
   0.70384807]","[-7.55330225e-01  4.52710815e-02  3.49259943e+01  2.83806591e+01
 -1.30277123e+00  1.06911978e-03]","[ 1.59576293e-01  7.40040304e-03 -1.95238874e+02  3.31554956e+01
 -7.85076894e-01 -8.64191683e-01]","[ 1.27718542e-01  1.66190634e-02 -8.50874903e+01  1.28672502e+01
 -7.72265883e-01  8.70804927e-01]","[ 8.04129879e-01  2.87723203e-02 -5.48721142e+01  4.61243065e+01
 -1.29119631e+00 -1.35882506e-01]",014
572,0,0.9815459578492884,0,[-1.05585462  0.14324967 10.9905543  13.60442751 -1.29234814 -0.22448023],"[ -0.47978607   0.06006287 -26.28130505 -10.60940412  -1.3012146
   0.14157251]",[-0.67469402  0.07382217 21.2840231  16.36020305 -1.27860438 -0.27093162],"[ -1.58944291   0.07178481 -18.37694173 -27.20909967  -0.49416425
   1.02336536]","[-7.26701903e-01  4.53108338e-02  3.48953702e+01  2.73585320e+01
 -1.29872799e+00 -1.32431394e-03]","[ 1.53791964e-01  1.20394194e-02 -1.27548069e+02  2.16158681e+01
 -1.11001341e+00 -5.60953269e-01]","[ 1.22989676e-01  8.68872392e-03 -3.02001417e+01  5.71430566e+00
 -1.62317620e+00  2.82640698e-01]","[ 7.85203982e-01  3.12951958e-02 -5.04694802e+01  4.16288368e+01
 -1.29563508e+00 -1.15288622e-01]",014
573,0,0.9815459578492884,0,[-0.9742996   0.11967237 13.09406592 14.75754318 -1.24280707 -0.32714481],"[ -0.51547528   0.05386623 -29.26705967 -13.08644575  -1.28323803
   0.19014054]",[-0.63412888  0.05854902 26.56728222 18.84708101 -1.21072499 -0.42663962],[-1.60750529  0.03788707  5.72187534 11.19794486 -1.65075387  0.28365449],"[-6.97956995e-01  4.54202107e-02  3.48111831e+01  2.62967088e+01
 -1.29600358e+00  6.57157934e-03]","[ 1.45063137e-01  1.64637526e-02 -9.48567592e+01  1.57602191e+01
 -1.22655155e+00 -3.78286156e-01]","[ 1.27051476e-01  1.63521514e-02  7.98169256e+01 -8.14085821e+00
 -4.79446151e-01  1.02766959e+00]","[ 7.64776151e-01  3.35684555e-02 -4.70681775e+01  3.79966196e+01
 -1.29935257e+00 -9.44057352e-02]",014
574,0,0.9815459578492884,0,[-0.90753741  0.09369058 16.63368096 17.09568777 -1.17940378 -0.41704768],"[ -0.54726838   0.04704158 -33.48083836 -16.32300406  -1.26498669
   0.22033192]",[-0.6046011   0.04021015 37.35895831 24.58726721 -1.00482145 -0.69290892],[-1.58545103  0.07578412 18.43510727 31.22795988 -0.67672413  0.92893225],"[-6.69019799e-01  4.58189521e-02  3.45073583e+01  2.50861059e+01
 -1.29544447e+00  1.90479933e-02]","[ 1.33687514e-01  2.03336185e-02 -7.73249077e+01  1.23373747e+01
 -1.27727866e+00 -2.57969725e-01]","[ 1.40581544e-01  3.05875162e-02  4.92047206e+01 -4.91727560e+00
 -9.78021823e-01  7.02475788e-01]","[ 7.43036938e-01  3.54935353e-02 -4.45281753e+01  3.50860790e+01
 -1.30278764e+00 -7.27654256e-02]",014
575,0,0.9815459578492884,0,[-0.85545072  0.06993094 22.22562167 21.01292405 -1.1238621  -0.46010634],"[ -0.57512668   0.04065534 -38.74398985 -20.28270236  -1.25261675
   0.21873745]","[-5.88238258e-01  2.11651863e-02  5.51074320e+01  3.44162998e+01
 -4.94640308e-01 -9.45053447e-01]",[-1.52505782  0.13030908 11.71410995 19.86469501 -1.06279244  0.6112277 ],"[-6.39743061e-01  4.65447282e-02  3.39680536e+01  2.37308266e+01
 -1.29708106e+00  2.88566246e-02]","[ 1.20108252e-01  2.34175733e-02 -6.73590968e+01  1.00903834e+01
 -1.30253538e+00 -1.68235319e-01]",[ 0.16371706  0.04541388 34.12904278 -3.58750671 -1.16777624  0.47442099],"[ 7.20248475e-01  3.69571462e-02 -4.27745590e+01  3.28083109e+01
 -1.30617438e+00 -4.90198418e-02]",014
576,0,1.001044993831986,0,[-0.81520717  0.05268822 29.69043844 26.20385831 -1.12548624 -0.36731283],"[-5.99619889e-01  3.56825441e-02 -4.42090627e+01 -2.45086333e+01
 -1.25157906e+00  1.70215686e-01]","[-5.86811751e-01  1.82892317e-02 -4.50990410e+01 -2.44646472e+01
 -7.10634181e-01 -7.76967283e-01]",[-1.42784732  0.18559624  8.3825314  13.96897496 -1.18295917  0.43430338],"[-6.10000309e-01  4.74571662e-02  3.33146467e+01  2.23219448e+01
 -1.30004134e+00  3.09054336e-02]","[ 1.04881027e-01  2.55472850e-02 -6.18430683e+01  8.48616455e+00
 -1.31509236e+00 -9.44299627e-02]",[ 0.19605177  0.05936943 26.38514814 -3.17285505 -1.24622531  0.33118538],"[ 6.96751476e-01  3.78252469e-02 -4.17992363e+01  3.11236796e+01
 -1.30920972e+00 -2.17064439e-02]",014
577,0,1.001044993831986,0,[-0.78184169  0.0455468  34.66319565 29.10113139 -1.17046071 -0.04002384],"[-6.21795593e-01  3.28435293e-02 -4.81158495e+01 -2.79182232e+01
 -1.25876414e+00  7.37835365e-02]","[ -0.60160107   0.03987078 -36.18397513 -19.76831814  -0.76375986
  -0.87746027]",[-1.29499212  0.24036359  6.51742192 10.44001    -1.23180582  0.33415285],"[-5.79759216e-01  4.83156724e-02  3.27235973e+01  2.09718071e+01
 -1.30295944e+00  2.43357450e-02]","[ 8.86356316e-02  2.66252657e-02 -5.93785153e+01  7.26305221e+00
 -1.31953159e+00 -2.97085059e-02]",[ 0.2366672   0.07153755 22.00435271 -3.20770854 -1.28394599  0.2304138 ],"[ 6.72968373e-01  3.79573412e-02 -4.16548845e+01  3.00324199e+01
 -1.31110447e+00  1.00691388e-02]",014
578,0,1.001044993831986,0,[-0.74925418  0.05016303 31.27099899 25.4299267  -1.14386102  0.31312268],"[-6.42956173e-01  3.24112352e-02 -4.87734104e+01 -2.93591653e+01
 -1.26518044e+00 -3.82680296e-02]","[ -0.63324272   0.0657874  -23.28832624 -12.74716304  -1.0857486
  -0.58373351]",[-1.12755524  0.29406667  5.34543276  8.02727073 -1.25874892  0.26726653],"[-5.49119908e-01  4.88742581e-02  3.23507605e+01  1.97644467e+01
 -1.30503075e+00  1.11846681e-02]","[ 7.20290852e-02  2.66425219e-02 -5.93406118e+01  6.27424998e+00
 -1.31784184e+00  2.90204421e-02]",[ 0.28420176  0.08124097 19.42450445 -3.52047838 -1.30333216  0.15271385],"[ 6.49394915e-01  3.72379259e-02 -4.24524707e+01  2.95684186e+01
 -1.31090245e+00  4.64773061e-02]",014
579,0,0.6066242746908904,0,[-0.71148183  0.06461951 24.10464055 19.15001368 -1.14086334  0.43140859],"[-6.64362073e-01  3.40584123e-02 -4.63745157e+01 -2.88094694e+01
 -1.27268638e+00 -1.15726772e-01]","[ -0.68158399   0.09153674 -17.02969682  -9.60716868  -1.20792976
  -0.40552278]",[-0.92698243  0.34541809  4.56032515  6.2273413  -1.27728005  0.21453771],"[-5.18320054e-01  4.89349586e-02  3.23108014e+01  1.87473363e+01
 -1.30637553e+00 -6.55626099e-03]","[ 5.56920832e-02  2.56856597e-02 -6.15214250e+01  5.42625632e+00
 -1.31124509e+00  8.30417331e-02]",[ 0.33695509  0.08802067 17.95128722 -4.04877764 -1.31299648  0.08843448],"[ 6.26574266e-01  3.56121076e-02 -4.43709604e+01  2.98017019e+01
 -1.30768973e+00  8.72031893e-02]",014
580,0,0.5990347902859469,0,[-0.66397382  0.08478427 18.4131385  14.2258419  -1.198659    0.39095514],"[-6.86916218e-01  3.68786363e-02 -4.28139121e+01 -2.74095706e+01
 -1.28951327e+00 -1.32564714e-01]","[ -0.74557735   0.11513819 -13.63853621  -8.16858366  -1.26492651
  -0.28561407]",[-0.69566619  0.3922734   4.02150139  4.79762256 -1.29131329  0.16752688],"[-4.87714227e-01  4.83513894e-02  3.26987206e+01  1.79476312e+01
 -1.30713735e+00 -2.83773845e-02]","[ 4.01768122e-02  2.39244330e-02 -6.59933768e+01  4.65140350e+00
 -1.30079474e+00  1.32839331e-01]",[ 0.39301527  0.09163683 17.2524898  -4.78049193 -1.31663506  0.03224961],"[ 6.05051705e-01  3.31139315e-02 -4.76808847e+01  3.08494006e+01
 -1.30057651e+00  1.31525260e-01]",014
581,0,0.5990347902859469,0,[-0.60455595  0.10587801 14.82617392 10.96325172 -1.26537961  0.29196422],"[-7.10902883e-01  3.95948748e-02 -3.99031199e+01 -2.63672430e+01
 -1.31337845e+00 -9.35088534e-02]","[ -0.82325116   0.13497224 -11.67757593  -7.61357792  -1.29517353
  -0.19442741]",[-0.43736513  0.43199969  3.65552769  3.59880034 -1.3017331   0.12286942],[-0.45773653  0.04702207 33.61728071 17.3878575  -1.30669069 -0.05428851],"[ 2.59156081e-02  2.15834742e-02 -7.30673452e+01  3.89358468e+00
 -1.28745633e+00  1.78528367e-01]",[ 0.45039437  0.09206925 17.17247376 -5.73438559 -1.31591096 -0.0189374 ],"[ 5.85313134e-01  2.98839922e-02 -5.27732136e+01  3.28888550e+01
 -1.28876940e+00  1.77733827e-01]",014
582,0,0.6223502734066291,0,[-0.53384799  0.1232022  12.79860259  8.83250825 -1.31298568  0.17701557],"[-7.35846410e-01  4.08521649e-02 -3.86996162e+01 -2.64769737e+01
 -1.33335260e+00 -1.20145455e-02]","[ -0.91177686   0.1496884  -10.55030914  -7.61952779  -1.31158484
  -0.11843853]",[-0.15733571  0.46205271  3.42018007  2.53811645 -1.30861484  0.07970367],[-0.42885263  0.04491304 35.18469197 17.08904776 -1.30396428 -0.08306338],"[ 1.31966713e-02  1.89083690e-02 -8.32943802e+01  3.09920856e+00
 -1.27210703e+00  2.19789205e-01]",[ 0.50716188  0.08951056 17.65751951 -6.9552208  -1.31160888 -0.06698253],"[ 5.67713950e-01  2.61778792e-02 -6.01598145e+01  3.61535659e+01
 -1.27221416e+00  2.21516862e-01]",014
583,0,1.006211213297673,0,[-0.45503919  0.13305094 11.87846724  7.40516812 -1.33564559  0.06103205],"[-7.60529864e-01  3.95197372e-02 -3.99642201e+01 -2.83939829e+01
 -1.33653805e+00  1.05313869e-01]",[-1.00762694  0.15829798 -9.98589002 -8.06205183 -1.31936606 -0.05060278],[ 0.13783356  0.4804957   3.29020607  1.54649917 -1.31220594  0.03804529],[-0.40149894  0.04210554 37.51430844 17.06195509 -1.29838583 -0.11127512],"[ 2.16031272e-03  1.61332986e-02 -9.74874696e+01  2.21060342e+00
 -1.25586991e+00  2.55760388e-01]",[ 0.56156288  0.08433629 18.72827811 -8.5171058  -1.30419517 -0.11324558],"[ 5.52406188e-01  2.23650017e-02 -7.03344824e+01  4.08532033e+01
 -1.25325728e+00  2.52780595e-01]",014
584,0,1.006211213297673,0,[-0.37310462  0.13346853 11.84238034  6.41844687 -1.33534942 -0.05219511],"[-7.83174321e-01  3.49420297e-02 -4.49570180e+01 -3.32091821e+01
 -1.30395345e+00  2.66537094e-01]",[-1.1067936   0.16023817 -9.86689227 -8.92061324 -1.32091311  0.01382032],"[ 4.40575099e-01  4.86212600e-01  3.25189848e+00  5.67294504e-01
 -1.31317663e+00 -2.51977473e-03]","[-3.76006293e-01  3.88306087e-02  4.06611036e+01  1.72888308e+01
 -1.29062908e+00 -1.33162212e-01]","[-7.18234702e-03  1.34502103e-02 -1.16779513e+02  1.16124901e+00
 -1.24042359e+00  2.86149320e-01]","[  0.61210135   0.0770369   20.48182667 -10.53695371  -1.29397819
  -0.15957878]","[ 5.39273167e-01  1.89157647e-02 -8.31731854e+01  4.68530671e+01
 -1.23870520e+00  2.50543941e-01]",014
585,0,0.6214886795143244,0,[-0.29370639  0.12447185 12.67292244  5.72211836 -1.31475023 -0.16412317],"[-8.01733245e-01  2.71020330e-02 -5.68877181e+01 -4.36087748e+01
 -1.18143080e+00  5.06351972e-01]","[ -1.2050347    0.15536843 -10.17106125 -10.25648174  -1.3169461
   0.07934811]",[ 0.74272254  0.47874205  3.30213067 -0.45256688 -1.31221609 -0.04375692],"[-3.52516855e-01  3.54639107e-02  4.45143615e+01  1.76920627e+01
 -1.28268633e+00 -1.40692163e-01]","[-1.49091056e-02  1.09768172e-02 -1.42888669e+02 -1.30342253e-01
 -1.22688918e+00  3.15093560e-01]","[  0.65757263   0.06811871  23.12822617 -13.20848851  -1.28056315
  -0.20969958]","[ 5.27881351e-01  1.63817416e-02 -9.62658599e+01  5.28169522e+01
 -1.23622450e+00  1.79914198e-01]",014
586,0,0.9541974845372516,0,[-0.2220828   0.10774544 14.57734335  5.23737722 -1.27352536 -0.27956763],"[-8.14227086e-01  1.68692811e-02 -8.35582913e+01 -6.60354241e+01
 -7.62485578e-01  8.76867265e-01]","[ -1.29812896   0.14393709 -10.96378549 -12.23240743  -1.30616347
   0.15132302]",[ 1.03580511  0.45792512  3.45054657 -1.57409376 -1.30923981 -0.08906492],"[-3.30913349e-01  3.24840284e-02  4.86148872e+01  1.80873152e+01
 -1.27694330e+00 -1.24099959e-01]","[-2.11291800e-02  8.72752201e-03 -1.79257782e+02 -1.78756993e+00
 -1.21152509e+00  3.58642556e-01]","[  0.69704607   0.05801058  27.09160668 -16.88409807  -1.26123132
  -0.27080718]","[ 5.17456929e-01  1.53728647e-02 -1.02813677e+02  5.52016495e+01
 -1.23427741e+00  1.35137195e-02]",014
587,0,0.9716616124168852,0,[-0.16216535  0.0860543  18.11531948  4.93767705 -1.20552164 -0.4060389 ],"[-8.19044636e-01  8.77370937e-03 -2.90048525e+01 -2.17562688e+01
 -1.62044637e+00  2.84437293e-01]","[ -1.38213411   0.12657635 -12.43285808 -15.18387729  -1.28417405
   0.23675769]",[ 1.31125255  0.42370885  3.72532857 -2.88484657 -1.30257577 -0.14322324],"[-3.10780483e-01  3.04106310e-02  5.19680528e+01  1.81506566e+01
 -1.27399747e+00 -7.51094912e-02]","[-2.59161385e-02  6.60384345e-03 -2.35107400e+02 -4.09307593e+00
 -1.17213852e+00  4.57123647e-01]","[  0.72981396   0.04702352  33.26704604 -22.27875461  -1.22740396
  -0.35603956]","[ 5.06891242e-01  1.64922789e-02 -9.55364588e+01  5.04265942e+01
 -1.20126054e+00 -2.03967787e-01]",014
588,0,0.9716616124168852,0,[-0.1160499   0.06262433 24.57551303  4.85198593 -1.09569493 -0.55334265],"[-8.15159620e-01  1.60670139e-02  8.16733807e+01  6.85768420e+01
 -5.16649383e-01  1.00485279e+00]","[ -1.45363777   0.10433175 -14.99997863 -19.80453544  -1.24077065
   0.34661792]",[ 1.56059896  0.37631049  4.18592578 -4.53255143 -1.28815888 -0.21244744],"[-2.91410483e-01  2.97313816e-02  5.31767869e+01  1.74962732e+01
 -1.27065524e+00  4.91319041e-03]","[-2.92431128e-02  4.43896060e-03 -3.38016318e+02 -7.88464930e+00
 -9.99774246e-01  6.96172253e-01]","[ 7.55329833e-01  3.53887295e-02  4.37343103e+01 -3.10338293e+01
 -1.15381440e+00 -4.91022568e-01]","[ 4.94776497e-01  2.02013061e-02 -7.74394600e+01  4.03152247e+01
 -1.15264306e+00 -3.67852657e-01]",014
589,0,0.9716616124168852,0,[-0.08383998  0.04061038 37.04965555  5.10624241 -0.91679304 -0.73251353],"[-8.02239139e-01  2.92849908e-02  5.16341708e+01  4.34229528e+01
 -1.02342677e+00  6.66330550e-01]","[ -1.50997881   0.07867442 -19.64671702 -27.66612632  -1.14959033
   0.50275401]",[ 1.77577946  0.3166277   4.95416118 -6.79749769 -1.25754203 -0.30633402],"[-2.71853614e-01  3.08168289e-02  5.12660291e+01  1.59368553e+01
 -1.26307018e+00  9.76985944e-02]","[-3.09350455e-02  2.31631932e-03 -4.51589069e+02 -1.19699284e+01
 -6.35997416e-01  7.96070944e-01]","[ 7.73161806e-01  2.33992874e-02  6.39383392e+01 -4.74346818e+01
 -9.51662046e-01 -7.30025145e-01]","[ 4.79471716e-01  2.67544716e-02 -5.81937549e+01  2.99022595e+01
 -1.13155933e+00 -4.38433776e-01]",014
590,0,1.0048707828280623,0,"[-6.37936352e-02  2.26531397e-02  6.38530012e+01  6.07341506e+00
 -6.36061082e-01 -9.47900839e-01]",[-0.78064698  0.04217007 36.89017775 30.79820591 -1.2067454   0.42715624],"[ -1.54940894   0.05152488 -28.92194338 -42.81191767  -0.92360652
   0.75338229]","[  1.94954574   0.24661703   6.30062869 -10.28336384  -1.18968184
  -0.44429823]","[-2.51007638e-01  3.38380492e-02  4.66120253e+01  1.36999744e+01
 -1.25369694e+00  1.75942203e-01]","[-3.06500548e-02  2.89960195e-03  3.46672482e+02  1.26255306e+01
 -3.44540251e-01  1.03744008e+00]","[ 7.82981885e-01  1.20436082e-02  1.00072265e+02 -7.63547706e+01
 -4.42307283e-01 -1.00313429e+00]","[ 4.59199203e-01  3.62318123e-02 -4.29467843e+01  2.17211291e+01
 -1.14232891e+00 -4.43260753e-01]",014
591,0,1.0048707828280623,0,"[-5.26668160e-02  1.05053575e-02  1.32894723e+02  8.99914194e+00
 -3.15786021e-01 -1.13960732e+00]",[-0.75136394  0.05322384 29.514153   24.17587025 -1.27675419  0.27599651],"[-1.57116833e+00  2.61070071e-02 -4.61286159e+01 -7.04758203e+01
 -4.04501069e-01  1.03283188e+00]","[  2.07595172   0.16965812   8.91071639 -16.49821698  -1.01492366
  -0.67091652]","[-2.27736337e-01  3.87247517e-02  4.06707213e+01  1.12622011e+01
 -1.24949770e+00  2.22238694e-01]","[-2.78947581e-02  6.77422154e-03  2.11736264e+02  7.90633186e+00
 -6.63194630e-01  9.38795360e-01]","[ 7.84597833e-01  8.81350958e-03 -8.14926519e+01  6.59389581e+01
 -9.34710784e-01 -6.37480729e-01]","[  0.43217249   0.04852117 -32.13145966  15.88633288  -1.16945985
  -0.41438951]",014
592,0,1.0048707828280623,0,"[-4.61698565e-02  5.78648524e-03  2.61324994e+02  1.40653375e+01
 -6.33478143e-01  1.09741790e-01]",[-0.71585462  0.06167578 25.57406683 20.30731387 -1.30656239  0.16900695],"[-1.57546858e+00  1.75388252e-02  3.91457138e+01  6.36728422e+01
 -1.04262212e+00  5.61446420e-01]","[  2.15081724   0.0926964   14.15572587 -28.44637924  -0.51995375
  -1.00132814]",[-0.20100332  0.04517445 34.84583878  9.0041293  -1.25380257  0.23571219],"[-2.20715318e-02  1.20197426e-02  1.25844802e+02  4.77758755e+00
 -9.56316449e-01  6.95724775e-01]","[ 7.78021263e-01  1.86754041e-02 -7.72446746e+01  6.20979993e+01
 -7.88955313e-01 -8.61971277e-01]","[  0.39675413   0.06325532 -24.71659206  11.80641001  -1.20090886
  -0.37046788]",014
593,0,1.0048707828280623,0,"[-3.94954334e-02  1.11798061e-02  1.24851329e+02  6.93105735e+00
 -3.33770941e-01  1.13228249e+00]",[-0.6759078   0.06711309 23.54402147 17.91358774 -1.31886104  0.08542412],"[-1.56339956e+00  3.55520099e-02  4.08728322e+01  6.59005679e+01
 -8.54409533e-01  8.18843611e-01]",[ 2.17206165  0.05251165 -5.69324193 14.36607246 -1.56603842 -0.32046681],[-0.17000684  0.05268318 29.89125928  7.08171848 -1.26484088  0.22413224],"[-1.25512316e-02  1.83577256e-02  8.39539073e+01  3.05372493e+00
 -1.09220900e+00  5.44436760e-01]","[ 7.63562902e-01  3.02147206e-02 -5.08806640e+01  4.08505874e+01
 -1.12417295e+00 -5.48589806e-01]","[  0.35163529   0.07976859 -19.65572567   8.91164688  -1.23079634
  -0.32044169]",014
594,0,1.0048707828280623,0,"[-2.78776101e-02  2.37324282e-02  6.11929739e+01  3.70591387e+00
 -6.64518186e-01  9.28531980e-01]","[-6.33474136e-01  6.93943137e-02  2.27834885e+01  1.64327507e+01
 -1.32188181e+00  1.44273304e-02]",[-1.536789    0.05549622 27.8523987  44.80325997 -1.17629725  0.49191002],"[  2.13981407   0.10680548 -13.13326813  30.10275191  -0.6979038
  -0.91761579]",[-0.13430453  0.06057628 26.02094202  5.49473042 -1.27922492  0.19567108],"[ 1.23745638e-03  2.55760569e-02  6.08323817e+01  1.92472258e+00
 -1.16975457e+00  4.37798313e-01]","[  0.74194559   0.04071578 -38.41199537  30.49961044  -1.24674031
  -0.35348309]","[  0.29602191   0.0970959  -16.1888815    6.79226362  -1.25689614
  -0.2681818 ]",014
595,0,1.0048707828280623,0,"[-7.12042587e-03  4.19279051e-02  3.59760681e+01  2.25616493e+00
 -9.36051656e-01  7.15414050e-01]",[-0.59052337  0.06859224 23.04559426 15.608962   -1.31880423 -0.05067401],[-1.49803779  0.07210878 21.75763361 34.59375739 -1.2750143   0.29803944],[ 2.05625827  0.18007196 -8.49912345 19.47639291 -1.09545021 -0.58470113],[-0.09391867  0.06804068 23.19227439  4.1781876  -1.29417794  0.15573428],"[ 1.97118130e-02  3.33381900e-02  4.69385939e+01  1.07475521e+00
 -1.22061520e+00  3.53223611e-01]","[  0.71442053   0.04897684 -32.15787806  24.9742484   -1.30482322
  -0.21153496]","[  0.22980787   0.1140127  -13.81580626   5.17498102  -1.27868837
  -0.21498916]",014
596,0,1.0048707828280623,0,[ 0.02595562  0.06406721 24.05048128  1.37575479 -1.10341092  0.54244509],[-0.54893463  0.06493786 24.32115439 15.35072388 -1.31053885 -0.115406  ],[-1.44993262  0.08428531 18.71141403 29.13028966 -1.30963819  0.17230747],[ 1.92522269  0.24943372 -6.25660094 14.04535007 -1.22110304 -0.38827483],[-0.0494136   0.07416686 21.29846205  3.0524336  -1.30780761  0.10680115],[ 0.04304345  0.04117328 38.15402607  0.35771915 -1.25655576  0.28034147],"[  0.68286242   0.05387351 -29.32701495  22.0263163   -1.33627403
  -0.08459432]","[  0.15371567   0.1291052  -12.22096046   3.87855314  -1.29631314
  -0.16070398]",014
597,0,0.8056557924714147,0,[0.20055343 0.35867806 3.5396928  1.29010246 0.13934273 1.41943281],[-0.51615023  0.05125857 29.80809623 17.3854558  -1.28671832 -0.45103573],[-1.33403292  0.21326235  6.56290981 10.75513772 -0.16725037  1.18164866],[ 1.32133269  1.21731824 -1.05589078  3.395183    0.1159641  -1.40123643],[ 0.01556216  0.10948078 13.93809749  1.78309306 -0.76967377  0.66491799],"[1.17233019e-01 1.43369010e-01 9.33039354e+00 9.06169800e-01
 8.33352734e-03 1.32049209e+00]",[ 0.69042643  0.06653842  3.54370381 -0.44666678 -1.03689053  0.35192697],"[-2.34653580e-03  2.80208049e-01 -5.11807834e+00  1.98799025e+00
 -2.97075127e-01 -1.07941156e+00]",014
598,0,0.819064913785822,0,[ 0.3827812   0.44034696  3.27185533  0.74759529 -1.80776699  0.39046749],[-0.49997454  0.03145837 27.98352765 15.99105127 -1.10597048 -0.3897699 ],[-1.22354622  0.24204264  6.10718081  9.47241803 -1.7815736   0.31952455],[ 0.68192593  1.50793544 -0.96048382  2.65497882 -1.79393442 -0.39385779],[ 0.0629587   0.09848385 14.73715399  1.072168   -1.48078375  0.12111663],[ 0.18968613  0.167952    8.67126811  0.3551807  -1.80347552  0.35838639],[ 0.7232199   0.11022762 10.98242107 -5.94270542 -1.20832544  0.52842252],[-0.1373694   0.29616145 -4.9697397   1.31730982 -1.74556823 -0.27596829],014
599,0,0.8227199722792997,0,[ 0.56630735  0.43758638  3.27878444  0.14320026 -1.80711818 -0.39885849],"[ -0.50120459   0.03373007 -28.5684586  -12.31864244  -0.96895603
  -0.51390938]",[-1.12236121  0.22562297  6.28302738  9.05182622 -1.77181473 -0.43280756],[ 0.0249926   1.52298169 -0.95656391  2.02390702 -1.79599057  0.3766872 ],[ 0.08944178  0.0744053  11.62194962  0.96051215 -1.2780821   0.08195375],[ 0.25750023  0.15964946  8.80980129 -0.26852587 -1.79661143 -0.42284481],[ 0.78397874  0.15745467  9.57853533 -5.50936805 -1.4560574   0.15082388],[-0.24445533  0.25436461 -5.07664167  0.75898786 -1.69602744  0.40035926],014
600,0,0.8227199722792997,0,[ 0.74409262  0.35119326  3.53647807 -0.63146722  0.17550357 -1.44622646],"[ -0.51981919   0.05547277 -27.49205327 -12.29089679  -1.28570476
  -0.45569069]",[-1.03380495  0.17014169  6.76612259  8.99485103  0.24079949 -1.49327605],[-0.63129162  1.25680923 -1.04776498  1.33855475  0.05524809  1.35612516],[ 0.0926907   0.06951909 -9.08084045  2.84170941 -1.34442114  0.23710451],[ 0.31774635  0.12197409  9.17388086 -0.91496712  0.24253614 -1.49440051],[ 0.87378649  0.18634534  8.43120499 -5.36707298 -1.0966653  -0.24177683],[-0.31776358  0.18132133 -3.38864794  0.92321108 -0.43343621  1.00891691],014
601,0,0.8227199722792997,0,"[  0.90882113   0.04690327  31.1336277  -26.29489863  -0.84614117
  -0.8212635 ]","[ -0.55494188   0.0700738  -22.54328132 -10.51021093  -1.32103088
  -0.10111084]","[-9.60592960e-01  9.58891486e-03 -1.31183851e+01 -1.06014284e+01
 -1.68868765e+00 -2.69819609e-01]",[-1.26936315  0.31664792 -4.94503809 -4.27704912 -1.23904958  0.3392425 ],"[  0.07162744   0.09713254 -16.22993953   3.16250909  -1.31050097
  -0.18456874]","[ 3.67650659e-01  1.13218342e-02 -8.80898397e+01  3.43862876e+01
 -5.27029191e-01 -8.91051844e-01]",[ 0.99179547  0.16590458  9.52840125 -7.4502252  -1.32629832  0.04185162],[-0.35295071  0.11259302 13.85403073  6.88979003 -1.22927963  0.39108306],014
602,0,0.8227199722792997,0,"[ 9.25963788e-01  2.25603183e-02  3.76673685e+01 -3.28786192e+01
 -7.46405347e-01 -7.39097955e-01]","[-5.99123891e-01  7.27016214e-02 -2.17463805e+01 -1.10287761e+01
 -1.32955614e+00 -1.21040136e-02]","[-9.66225866e-01  1.94946672e-02 -7.04624137e+01 -6.60826067e+01
 -6.11265540e-01 -9.66706558e-01]",[-1.44272861  0.24232835 -6.4030367  -7.23784421 -1.16592431  0.46558698],"[ 9.03857996e-03  1.05893064e-01 -1.49227412e+01  2.13488039e+00
 -1.32774928e+00 -7.71886613e-02]","[ 3.58630696e-01  2.33026314e-02 -6.31416878e+01  2.46445474e+01
 -8.76844460e-01 -7.97522068e-01]",[ 1.09445949  0.16569743  9.54005558 -8.44120433 -1.32795811 -0.04429045],[-0.27577829  0.13890697 11.32450029  5.12305129 -1.28999538  0.24435201],014
603,0,0.8227199722792997,0,"[ 9.23165433e-01  2.82203720e-02 -4.04123266e+01  3.93072630e+01
 -4.22632230e-01 -9.94371053e-01]","[ -0.64357487   0.07107992 -22.23087388 -12.3072318   -1.32643131
   0.0799255 ]","[-9.81901244e-01  3.42622065e-02 -4.43824067e+01 -4.15791403e+01
 -1.04507023e+00 -6.35960961e-01]","[ -1.56915124   0.16702421  -9.10810099 -12.29198801  -1.02165956
   0.64496888]","[ -0.05708677   0.10808584 -14.62708695   1.16498684  -1.32951112
   0.01637385]","[ 3.40844365e-01  3.62615473e-02 -4.25778610e+01  1.65124240e+01
 -1.15131069e+00 -5.10185686e-01]","[  1.19383279   0.15588056  10.1258019  -10.08851437  -1.31786645
  -0.14011299]",[-0.1842271   0.15760658 10.01575884  3.84517423 -1.31525134  0.13749435],014
604,2,0.9683911527591468,1,"[  0.90005112   0.05642613 -26.32922788  25.69765107  -0.91609649
  -0.76279302]","[ -0.6856535    0.06521718 -24.17504512 -14.5757042   -1.3085398
   0.1819172 ]","[ -1.00728334   0.04891705 -31.80815633 -30.03982596  -1.19778537
  -0.42836864]","[ -1.64965135   0.09736958 -14.73530273 -22.30811197  -0.6943793
   0.9216509 ]","[ -0.12269225   0.1039024  -15.20259241   0.1347597   -1.32008845
   0.10521634]","[  0.3150344    0.04803382 -32.59717024  12.26922987  -1.25007225
  -0.33663828]","[  1.28394105   0.13671494  11.49899601 -12.76403298  -1.28839228
  -0.25753987]",[-0.08342761  0.16779002  9.42073805  2.7859497  -1.32423828  0.05102484],014
605,2,0.9683911527591468,1,"[  0.8570946    0.08624888 -17.92694835  17.3650907   -1.15742543
  -0.49745772]","[ -0.72287419   0.05560024 -28.2122856  -18.39393297  -1.26734613
   0.30374511]","[ -1.04159845   0.06221003 -25.22868474 -24.27815896  -1.26266679
  -0.29573438]","[ -1.6887348    0.04244914 -23.01181846 -36.86085858  -0.37142436
   1.01538672]","[ -0.18400185   0.09408656 -16.74974699  -1.08198447  -1.29906287
   0.19746923]","[  0.28237518   0.05773025 -27.27759446   9.70251569  -1.29290036
  -0.21881699]","[  1.3591801    0.10932993  14.23492729 -17.34782988  -1.2161021
  -0.4197285 ]",[ 0.02120589  0.16931015  9.33775401  1.80198464 -1.32361991 -0.02514099],014
606,2,0.9683911527591468,1,"[  0.79582221   0.11348283 -13.80176001  12.98374716  -1.25249531
  -0.33135751]","[ -0.75318446   0.04318099 -35.92083032 -25.05501105  -1.18065268
   0.46354316]","[ -1.08361572   0.07326928 -21.50865412 -21.30711581  -1.29524557
  -0.19846699]","[-1.69388615e+00  3.20243090e-02  3.30459818e+01  5.79761309e+01
 -7.64724688e-01  6.83739929e-01]","[ -0.2378321    0.07980686 -19.65869392  -2.67546842  -1.26088259
   0.30256832]","[  0.24440487   0.06476563 -24.3787252    7.95827916  -1.31293784
  -0.12858304]","[  1.41477741   0.075875    19.87632003 -26.12056853  -1.01829136
  -0.67656515]",[ 0.12440602  0.16270625  9.70986181  0.79203471 -1.31549697 -0.09693017],014
607,2,0.9683911527591468,1,"[  0.71895664   0.1356651  -11.61064554  10.34755076  -1.29799754
  -0.21078089]","[-7.75205440e-01  2.93165432e-02 -5.13760217e+01 -3.78269715e+01
 -9.82390285e-01  6.98671793e-01]","[ -1.13165845   0.08136232 -19.41002715 -19.96552124  -1.31273383
  -0.1185677 ]",[-1.67483164  0.05342402 28.68587959 50.04401883 -1.2694394   0.48665708],"[ -0.28182683   0.06254925 -24.86656815  -5.00806603  -1.19093388
   0.43446583]","[  0.20292624   0.0687781  -22.98268293   6.66378937  -1.32121173
  -0.05265843]","[ 1.44718468e+00  4.08682803e-02  3.07592117e+01 -4.25142598e+01
 -4.85053501e-01 -9.97305296e-01]",[ 0.22144716  0.14912643 10.57767079 -0.34239518 -1.29994991 -0.16836273],014
608,2,0.9683911527591468,1,"[  0.63041866   0.15077109 -10.47555218   8.60398354  -1.32087462
  -0.11081266]","[-7.88390859e-01  1.58456493e-02 -8.39781697e+01 -6.42076213e+01
 -4.91786162e-01  1.03274065e+00]","[ -1.18365916   0.0859107  -18.40034997 -19.77974281  -1.32136746
  -0.04646034]","[-1.64267997e+00  6.35090780e-02  2.48456178e+01  4.28133988e+01
 -1.43860544e+00  4.11416598e-02]","[ -0.31460672   0.04402425 -34.65913683  -8.90399737  -1.05052286
   0.61916722]","[ 1.59885819e-01  6.96289796e-02 -2.27065995e+01  5.63046326e+00
 -1.32186546e+00  1.62261325e-02]","[ 1.45435578e+00  2.68435943e-02 -2.05921698e+01  3.19483412e+01
 -1.21882914e+00 -4.84682302e-01]",[ 0.30847213  0.13020253 12.0843888  -1.7276971  -1.27575193 -0.24296771],014
609,2,0.9683911527591468,1,"[  0.53510597   0.15737354 -10.04594691   7.37564621  -1.32924884
  -0.01978536]",[-0.79306539  0.00737821 -0.95144006  1.24544582 -1.71237472  0.24433994],"[ -1.23726875   0.0865461  -18.26760564 -20.60193761  -1.3229185
   0.02379852]",[-1.60897661  0.05718733 27.18111451 45.73377736 -1.33720364 -0.37255736],"[-3.35832683e-01  2.61283248e-02 -5.50773729e+01 -1.64967819e+01
 -7.22580648e-01  9.03835606e-01]","[  0.11724296   0.06740113 -23.44454156   4.74870738  -1.31625614
   0.08294298]","[  1.43588646   0.05588374 -25.57682858  38.72542186  -0.76938089
  -0.87541764]",[ 0.38272377  0.10786473 14.52994722 -3.56095614 -1.23990178 -0.32505573],014
610,2,0.9683911527591468,1,"[  0.43841291   0.15499905 -10.19645329   6.47025675  -1.32480614
   0.06724924]","[-7.90318727e-01  1.21948816e-02  1.15054359e+02  9.29296147e+01
 -8.22092451e-01  8.30893797e-01]","[ -1.29001596   0.08318489 -18.99217447 -22.50020819  -1.31689371
   0.09623645]","[-1.58469024e+00  3.74515124e-02  3.59611685e+01  5.89873129e+01
 -7.81000675e-01 -8.28680644e-01]","[-3.46183902e-01  1.15917638e-02 -8.27195870e+01 -2.66361894e+01
 -4.22063609e-01  9.76856891e-01]","[  0.07684085   0.062382   -25.29736474   3.94387096  -1.30405578
   0.15172937]","[  1.39300678   0.09081901 -16.92968874  25.5831712   -1.13422821
  -0.54346254]",[ 0.44266082  0.08412443 18.51523298 -6.19596822 -1.18581844 -0.42121539],014
611,0,0.8216097072992863,0,[ 0.26950114  0.28722361 -5.06747239  3.3656896  -0.36940424 -0.99445703],[-0.76039268  0.06388009 20.29197748 17.42987113  0.0862059   1.38308058],"[ -1.34481968   0.08441552 -18.70653408 -23.15691518  -1.19452759
  -0.05721569]",[-1.754046    0.41216492 -2.6310748  -2.61502623  0.2408566  -1.49329177],"[-3.48000177e-01  7.99630493e-03  1.29386848e+02  4.70266459e+01
 -1.00411860e+00  4.75995396e-01]","[  0.03706578   0.05994785 -26.35186706   2.97675239  -1.21165289
   0.03243375]",[ 1.20781553  0.3725663  -3.54547174  6.28227583  0.04159591 -1.34849091],"[  0.48474418   0.05718235  26.23935351 -10.71937402  -1.03128485
  -0.66856926]",014
612,0,0.810656070242864,0,[ 0.09506084  0.34383311 -4.40233035  2.41848921 -1.66235766 -0.35086673],[-0.72459563  0.08279303 17.73258154 14.84895116 -1.73514995  0.41036842],"[ -1.38221375   0.06439543 -22.53972353 -29.15471589  -1.24281161
   0.28026151]",[-1.97061323  0.56575863 -2.47982074 -2.88676754 -1.73975401 -0.45094117],"[ -0.35226081   0.01221321 -11.58426544  -2.08068275  -0.9711326
  -0.01425636]","[ 9.28418785e-03  4.53185158e-02 -3.26162001e+01  2.30281493e+00
 -1.25794444e+00  3.55083499e-01]",[ 1.01261987  0.45330969 -3.22617084  5.26688469 -1.79035879 -0.37224816],"[ 5.11778920e-01  3.26568850e-02  4.22398827e+01 -1.96174816e+01
 -5.79824667e-01 -1.01818698e+00]",014
613,0,0.8240564435825465,0,[-0.09254449  0.36787147 -4.18272014  1.61291232 -1.64230883  0.18273411],[-0.68356857  0.08896994 16.98929658 13.61334926 -1.72386594 -0.26397049],"[ -1.40032765   0.04207786 -15.74421444 -20.04705883  -1.08796808
  -0.05838303]",[-2.23113771  0.62803194 -2.37415563 -3.29706817 -1.75962134  0.2745665 ],"[-3.63160188e-01  2.91046585e-02 -3.98360746e+01 -1.24668763e+01
 -5.23361866e-01 -9.18791908e-01]","[-6.37644685e-03  2.82277240e-02 -3.37031235e+01  1.78509382e+00
 -9.38722526e-01  3.57093203e-01]",[ 0.81473109  0.4492919  -3.2387373   4.63869996 -1.7856065   0.39129113],"[ 5.27722581e-01  1.42437385e-02  8.85489304e+01 -4.47292701e+01
  1.31823686e-01 -1.39753130e+00]",014
614,0,0.8283398062396004,0,[-0.30269472  0.3619786  -4.24191775  0.71599388 -0.76819139  0.52896926],[-0.63748275  0.08234751 18.01656556 13.48524981 -0.49019406 -0.86368781],[-1.39784595  0.04628944 21.98430869 32.73067679 -0.97363518  0.17070383],[-2.52895706  0.5755273  -2.50680235 -4.33959551 -0.32751185  1.04888837],"[ -0.3841322    0.05097799 -29.05489966  -9.16092247  -1.13611281
  -0.58084359]","[-1.02680426e-02  2.17190896e-02  3.16138392e+01  2.32461225e+00
 -1.28054949e+00 -2.34296961e-01]",[ 0.62055982  0.36336945 -3.5897197   4.22763582  0.08213614  1.37536029],"[ 5.36520031e-01  6.07147013e-03  2.31382737e+02 -1.22141473e+02
 -4.95963475e-01  1.05127288e+00]",014
615,0,0.8283398062396004,0,[-0.54558543  0.3025783  -5.1833179  -0.82794275 -1.2371737  -0.31424422],[-0.58608449  0.05311625 29.64972605 19.37724465 -1.26843675  0.22168722],[-1.37402527  0.07332504 21.38636017 31.38539927 -1.24103736  0.31552326],"[ -2.85466395   0.27976557  -5.6472492  -14.1209987   -1.31088185
   0.09623317]","[ -0.41757736   0.07055515 -22.31332043  -7.31753734  -1.29224651
  -0.22554774]","[-3.12726468e-03  3.08926018e-02  5.10367427e+01  2.15960540e+00
 -1.29368752e+00  1.85105810e-01]","[  0.43524661   0.08809507 -17.8671144    9.77660093  -1.25032117
   0.23826547]","[ 5.41763358e-01  1.07986393e-02  1.38358794e+02 -7.29577248e+01
 -9.76027655e-01  7.21188564e-01]",014
616,0,0.8283398062396004,0,[-0.75502325  0.36535465 -4.30503824 -1.25040397 -1.2665012  -0.25279655],[-0.55020855  0.06086791 25.90244517 16.25174687 -1.28275058  0.18781893],[-1.32337841  0.08849419 17.77732617 25.52612956 -1.26842243  0.24779869],"[ -3.02214778   0.25713909  -6.13631527 -16.54485154  -1.30090092
   0.15748444]","[ -0.46393885   0.07927183 -19.91737958  -7.24044612  -1.31597848
  -0.12816929]","[ 1.72625449e-02  3.43439896e-02  4.59753494e+01  1.20634846e+00
 -1.30046491e+00  1.29346834e-01]","[  0.38303641   0.07551312 -20.85997196   9.99012885  -1.24936268
   0.21800222]","[ 5.49631473e-01  1.57592195e-02  9.86741430e+01 -5.22344146e+01
 -1.22765903e+00  4.23243814e-01]",014
617,0,0.8283398062396004,0,[-1.00172201  0.42331005 -3.72390559 -1.73031818 -1.28898563 -0.19174993],[-0.50973525  0.06805005 23.19346533 13.82252692 -1.29511349  0.14820663],[-1.26364813  0.10234782 15.40320883 21.46423604 -1.28790182  0.18969786],"[ -3.172635     0.22599014  -6.96543435 -20.09878082  -1.28215335
   0.23111536]","[ -0.51447241   0.08384991 -18.85277934  -7.69923481  -1.32586935
  -0.04227951]","[ 3.96623642e-02  3.70355142e-02  4.26622463e+01  3.07914447e-01
 -1.30173703e+00  9.35662982e-02]","[  0.33756181   0.06621436 -23.82523777  10.04249045  -1.25573687
   0.16859874]","[ 5.60247476e-01  1.94174272e-02  8.10713190e+01 -4.34200019e+01
 -1.31901508e+00  2.18683524e-01]",014
618,0,0.8283398062396004,0,[-1.28104515  0.47105989 -3.35171717 -2.29370102 -1.30493765 -0.13183839],[-0.46517893  0.07406761 21.32722237 11.92097451 -1.30391646  0.10700744],[-1.19599399  0.11397713 13.85152624 18.56634215 -1.30222226  0.13525829],"[ -3.30127406   0.1878932   -8.34041894 -25.5340087   -1.24655353
   0.32490911]","[ -0.56647692   0.08393414 -18.8342465   -8.6691659   -1.32571174
   0.03946633]","[ 6.36495963e-02  3.91753527e-02  4.03438723e+01 -5.67871186e-01
 -1.30089719e+00  7.17544707e-02]","[  0.29671262   0.06055632 -26.09126862   9.7416088   -1.26532922
   0.09232274]","[ 5.72576805e-01  2.12044401e-02  7.45298122e+01 -4.06740418e+01
 -1.35043858e+00  5.35512838e-02]",014
619,0,0.8352505617671805,0,[-1.58525595  0.50396475 -3.13594586 -2.97127683 -1.314827   -0.07295567],[-0.41735479  0.07850982 20.13169229 10.4020582  -1.3085349   0.06768986],[-1.12211875  0.12245073 12.90510823 16.48106396 -1.31189998  0.08188021],"[ -3.40446573   0.14516037 -10.70108757 -34.43148592  -1.17761822
   0.45136379]","[ -0.61715734   0.07957137 -19.84466528 -10.24728092  -1.31582875
   0.12304025]",[ 0.08892799  0.04096545 38.58593165 -1.43136939 -1.29966681  0.05966563],"[ 2.58273960e-01  5.85627503e-02 -2.69971984e+01  8.97267335e+00
 -1.27190676e+00  3.77937805e-03]","[ 5.85337234e-01  2.08328723e-02  7.58019002e+01 -4.23696746e+01
 -1.34662200e+00 -1.06593159e-01]",014
620,0,0.8352505617671805,0,[-1.9041608   0.51870842 -3.04807116 -3.80401762 -1.31905961 -0.01462763],[-0.36724555  0.08123021 19.46300161  9.14770075 -1.30933271  0.03330391],[-1.04422033  0.12700595 12.44816084 14.99862259 -1.31677319  0.02882417],"[ -3.48023469   0.10088221 -15.09220098 -50.52440143  -1.03380225
   0.63611031]","[ -0.66387027   0.07119986 -22.12058706 -12.68520009  -1.29361342
   0.21482727]",[ 0.11531234  0.04256868 37.13475932 -2.28209599 -1.29886332  0.05358496],"[  0.22011422   0.05994831 -26.36235115   7.80272835  -1.27350596
  -0.07514587]","[ 5.97140997e-01  1.82700997e-02  8.58419781e+01 -4.92597644e+01
 -1.29872650e+00 -2.95437329e-01]",014
621,0,0.8352505617671805,0,[-2.22605911  0.51373273 -3.07716642 -4.84995435 -1.31778205  0.04381164],"[-3.15841318e-01  8.23681922e-02  1.91958331e+01  8.06283724e+00
 -1.30736394e+00  6.38966157e-03]",[-0.96484506  0.12721876 12.42760605 13.99071436 -1.31682872 -0.02386741],"[-3.52847287e+00  5.88668221e-02 -2.42478297e+01 -8.35578092e+01
 -6.88225990e-01  9.26748211e-01]","[ -0.70434248   0.05959954 -26.29240815 -16.51885992  -1.25182303
   0.32436939]",[ 0.14270084  0.0440888  35.85536665 -3.11659089 -1.29866515  0.05036835],"[  0.18033824   0.0641776  -24.60447481   6.43712762  -1.27361953
  -0.12881731]","[ 6.06628023e-01  1.37505952e-02  1.11205552e+02 -6.54604041e+01
 -1.13686920e+00 -5.69249207e-01]",014
622,0,0.8352505617671805,0,[-2.53890135  0.48945162 -3.22754067 -6.19440736 -1.31081224  0.10304755],"[-2.63983187e-01  8.23049927e-02  1.92105114e+01  7.07125203e+00
 -1.30391486e+00 -1.11105684e-02]",[-0.88666844  0.12309308 12.83871729 13.38368543 -1.31229647 -0.07617312],"[-3.55088248e+00  2.57213713e-02 -3.24521830e+01 -1.13233888e+02
 -6.14670691e-01  8.50297720e-01]","[ -0.73683224   0.04579514 -33.85622482 -22.94635789  -1.17058778
   0.47063503]",[ 0.17104065  0.04556775 34.69235209 -3.93380261 -1.29897297  0.04775162],"[  0.13740333   0.07055351 -22.3681104    5.07345291  -1.27591153
  -0.15448265]","[ 6.12579522e-01  8.00898096e-03  1.64170511e+02 -9.85674930e+01
 -6.11116206e-01 -9.35211053e-01]",014
623,0,0.8630736213955956,0,[-2.83148082  0.44818887 -3.52003458 -7.96691038 -1.29775935  0.16379212],"[-2.12244389e-01  8.15725169e-02  1.93827272e+01  6.11387510e+00
 -1.30017715e+00 -1.80495917e-02]",[-0.81224198  0.11505307 13.72404233 13.14724331 -1.30331896 -0.12835254],"[-3.55056465e+00  2.63620415e-02  4.46416188e+01  1.60502954e+02
 -5.78497340e-01  8.78621028e-01]","[-7.60208165e-01  3.09588745e-02 -4.86679963e+01 -3.49978082e+01
 -9.83591032e-01  6.96570655e-01]",[ 0.20029135  0.04699316 33.64092191 -4.73798572 -1.29975747  0.04418824],"[  0.09020372   0.07829445 -20.15487243   3.81804444  -1.28124584
  -0.15750244]","[ 6.14002811e-01  5.29668825e-03 -7.65451724e+01  4.89989510e+01
 -1.38566572e+00 -4.20537559e-01]",014
624,0,0.9330817327850256,0,"[ -3.09446201   0.39379941  -3.99806168 -10.37184999  -1.27801703
   0.22720695]","[-1.60876687e-01  8.07356008e-02  1.95838094e+01  5.15057836e+00
 -1.29714190e+00 -1.47389353e-02]",[-0.74375431  0.10386614 15.18223853 13.29185535 -1.28979011 -0.18071587],"[-3.53135088e+00  4.79068084e-02  3.16608141e+01  1.13805444e+02
 -1.08421473e+00  6.24097680e-01]","[-7.73937103e-01  1.66353686e-02 -7.88414032e+01 -5.90182872e+01
 -4.92002153e-01  1.02135571e+00]",[ 0.23039126  0.04830654 32.72749323 -5.54012854 -1.3010353   0.03846959],"[  0.03812441   0.0865817  -18.23116638   2.69505238  -1.28857723
  -0.14475253]","[ 6.10182397e-01  1.16509442e-02 -1.19647119e+02  7.50065661e+01
 -6.32941396e-01 -9.59122650e-01]",014
625,0,0.9797294779153192,0,"[ -3.32108112   0.33099983  -4.74243056 -13.74999658  -1.25019597
   0.29585301]","[-1.09836054e-01  8.02598483e-02  1.97001894e+01  4.16379106e+00
 -1.29557572e+00 -3.95093690e-03]",[-0.68284747  0.09053455 17.38704009 13.87269633 -1.27152174 -0.23326919],"[-3.49705452e+00  6.70615900e-02  2.32961817e+01  8.34680175e+01
 -1.24183784e+00  3.68282360e-01]","[-7.77993419e-01  8.98051352e-03  2.91659520e+01  2.46909187e+01
 -1.61427905e+00  2.96504008e-01]","[ 2.61231850e-01  4.94121985e-02  3.19966720e+01 -6.35854983e+00
 -1.30262388e+00  2.97413019e-02]","[ -0.01894051   0.09459808 -16.69429518   1.68380151  -1.29628497
  -0.12183086]","[ 6.00699336e-01  2.03813236e-02 -7.45943093e+01  4.68087521e+01
 -1.03378166e+00 -6.41939653e-01]",014
626,0,0.817586860522875,0,"[ -3.46221192   0.21838871  -6.2985519  -19.80692147  -0.95918855
   0.59374307]","[ 2.47204251e-03  2.02334737e-01  6.85127464e+00  1.98306336e+00
 -1.18378409e-01  1.21453556e+00]",[-0.61486127  0.10200838 15.25704673 11.38096714 -0.92547853  0.36655485],[-3.30069098  0.40227859  3.12294389 12.30787272  0.16152795  1.43454461],[-0.70970885  0.15719252  7.39359465  7.24729957  0.2372052   1.49071018],[ 0.33064352  0.12570652 11.03417423 -1.64837819 -0.12173417  1.21286015],[-0.16817202  0.27856965 -4.88927854  1.17776014 -0.05066258 -1.27195382],[ 0.53276823  0.14246276 -8.73649955  6.65452939  0.17412901 -1.44477388],014
627,0,0.817586860522875,0,[-3.52353657  0.12685743 -2.65640095 -7.35992589 -1.13053012 -0.05541458],[ 0.1080542   0.23173323  6.34853276  1.31401437 -1.78912226  0.33806897],[-0.56056593  0.09357814 16.39586095 11.19096099 -1.59785076  0.02436564],[-3.07819674  0.52257799  2.76617387 10.51482741 -1.75361752  0.42594377],[-0.62829664  0.2067587   6.8652604   6.31342006 -1.77888966  0.42833715],[ 0.39742031  0.14569851 10.127672   -2.02494251 -1.78288246  0.34108101],[-0.31544796  0.32879383 -4.46763121  0.59069484 -1.78839402 -0.35598597],[ 0.45855752  0.17992825 -7.99071636  5.66420309 -1.79406101 -0.4065445 ],014
628,0,0.817586860522875,0,[-3.51057188  0.14870219  8.56544163 32.06959849 -0.96936548  0.28871313],[ 0.20514405  0.21904209  6.49145603  0.66831639 -1.78592206 -0.42329023],[-0.51808186  0.07594432 18.79391103 11.73678447 -1.57381614 -0.52690836],[-2.83158954  0.55876891  2.67358823  9.57050449 -1.76007224 -0.29438628],[-0.53646598  0.2199319   6.70019508  5.59442673 -1.78715529 -0.33112179],[ 0.46076298  0.14008083 10.31045378 -2.75067543 -1.78045808 -0.4097101 ],[-0.45845319  0.3202687  -4.52002649 -0.07222057 -1.78554192  0.40201105],[ 0.37993193  0.184833   -7.90527967  5.0034682  -1.79635018  0.36461653],014
629,0,0.8173987151962899,0,[-3.43053104  0.21471267  7.35892933 27.2450355  -1.29005016  0.09251156],[ 0.29199636  0.16822316  7.00229918 -0.04464586  0.23050944 -1.48592074],[-0.48510141  0.05209198 22.88310462 13.10062631  0.22565214 -1.48116915],[-2.56334269  0.50084144  2.87170384  9.36116104 -0.30347717 -1.06172321],[-0.43719557  0.19189426  7.22179879  5.15733842 -0.12245611 -1.21729468],[ 0.51991775  0.11044845 11.44119471 -3.94848017  0.15067317 -1.42676029],[-0.59498195  0.25576039 -5.00730436 -0.9792557   0.12516563  1.40735321],"[ 2.98827339e-01  1.55571613e-01 -8.62155334e+00  4.57635584e+00
  2.06488351e-03  1.31384029e+00]",014
630,0,0.8173987151962899,0,[-3.29174157  0.22584261  6.99781267 25.03499091 -1.31316891  0.07354492],"[ 3.67012822e-01  1.03985811e-02  9.48871435e+01 -3.28247983e+01
 -4.69600575e-01 -9.37760198e-01]","[-4.59112844e-01  7.16370101e-03  2.11916377e+02  9.92935308e+01
 -9.25396290e-01  6.91639569e-01]",[-2.27676732  0.24508365  6.45105832 16.68755877 -1.31834727 -0.01807937],[-0.33364568  0.07153944 22.04780733  9.35615561 -1.29986068 -0.17097254],"[ 5.74206972e-01  1.96866855e-02  7.94403092e+01 -4.36151794e+01
 -1.21415514e+00 -3.63222352e-01]","[ -0.72302487   0.05278235 -29.78791527 -19.5374037   -1.25584925
   0.26294684]","[  0.21713605   0.04692076 -33.61445395   9.29890992  -1.28270448
   0.17568775]",014
631,0,0.8173987151962899,0,"[-3.14844553e+00  2.33030790e-01  6.78469938e+00  2.33612565e+01
 -1.31653371e+00  2.08466606e-02]","[ 3.67546169e-01  9.31720011e-03 -1.12049763e+02  4.31834610e+01
 -6.22806539e-01 -8.10796451e-01]","[-4.53297765e-01  1.10388833e-02  1.39018554e+02  6.50167999e+01
 -1.05667300e+00  5.86003978e-01]",[-2.12637284  0.23735347  6.65802158 16.15743626 -1.31577298 -0.07770165],[-0.29208029  0.06214035 25.30775181  9.39189538 -1.27634345 -0.25373275],"[ 5.85050085e-01  1.49423369e-02  1.03964247e+02 -5.88242917e+01
 -1.16275190e+00 -4.55371299e-01]","[ -0.75326442   0.04343621 -36.10490672 -25.19654144  -1.23767972
   0.31512731]","[  0.18926171   0.04143113 -38.04404297   9.20028061  -1.27278071
   0.19740361]",014
632,0,0.8173987151962899,0,[-3.00322199  0.23211619  6.81108601 22.45520327 -1.3170276  -0.03204119],"[ 3.61044196e-01  1.72599311e-02 -8.71425327e+01  3.34623057e+01
 -1.07100064e+00 -6.54077702e-01]","[-4.45015881e-01  1.55139663e-02  1.00190810e+02  4.65865014e+01
 -1.18101200e+00  4.44522935e-01]",[-1.98373471  0.22058294  7.15562514 16.19486196 -1.30558143 -0.14373855],[-0.25710277  0.05066535 30.86118242  9.93449555 -1.23131015 -0.36142994],"[ 5.92945215e-01  1.04455023e-02  1.46481411e+02 -8.48554518e+01
 -1.05752374e+00 -6.02004639e-01]","[-7.77537149e-01  3.41530815e-02 -4.56796388e+01 -3.35176161e+01
 -1.20159024e+00  3.98008448e-01]","[ 1.64692286e-01  3.61829385e-02 -4.35490376e+01  9.17219055e+00
 -1.26485214e+00  2.07220851e-01]",014
633,0,0.7532594752067766,0,[-2.86129239  0.2228825   7.08918097 22.28421958 -1.31336895 -0.08959058],"[ 3.49181384e-01  2.37754938e-02 -6.58608246e+01  2.49973739e+01
 -1.30559307e+00 -3.14846432e-01]","[-4.34144147e-01  1.97528440e-02  7.94246124e+01  3.64817306e+01
 -1.27187573e+00  2.99926594e-01]",[-1.85398257  0.19592689  8.0390184  16.90419999 -1.28551073 -0.21554644],"[-2.29821593e-01  3.78285625e-02  4.08107319e+01  1.13791874e+01
 -1.13792735e+00 -5.16017833e-01]","[ 5.98033187e-01  6.29852941e-03  2.30864209e+02 -1.36064459e+02
 -7.80999903e-01 -8.62280744e-01]","[-7.95811213e-01  2.48613808e-02 -6.19310869e+01 -4.72854534e+01
 -1.11516337e+00  5.42512415e-01]","[ 1.43164384e-01  3.15496952e-02 -4.99565335e+01  9.15199636e+00
 -1.26106457e+00  2.00298807e-01]",014
634,0,0.8401355091725844,0,[-2.72781662  0.20549559  7.67884533 22.94648191 -1.3030376  -0.15508188],"[ 3.33966281e-01  2.71719110e-02 -5.81268971e+01  2.14124236e+01
 -1.35781692e+00 -9.09139714e-02]","[-4.21118190e-01  2.28243434e-02  6.91222890e+01  3.11086532e+01
 -1.33053266e+00  1.53196810e-01]",[-1.74116362  0.16569867  9.4751575  18.49779957 -1.25407687 -0.2917782 ],"[-2.10893884e-01  2.45506979e-02  6.05911444e+01  1.47783018e+01
 -9.08615956e-01 -7.64715619e-01]","[ 6.00467935e-01  2.90045545e-03  3.25629707e+02 -1.93530197e+02
 -5.43822952e-01 -8.83452888e-01]","[-8.07976648e-01  1.56129283e-02 -9.39193470e+01 -7.38846392e+01
 -8.52953160e-01  8.13589661e-01]","[ 1.24213422e-01  2.78171559e-02 -5.67069622e+01  9.04376583e+00
 -1.26258286e+00  1.72328740e-01]",014
635,0,0.8943246041504743,0,[-2.60760288  0.18076344  8.70783495 24.70657547 -1.2824641  -0.23197847],"[ 3.17502802e-01  2.72973186e-02 -5.78724473e+01  2.03746642e+01
 -1.34918274e+00  8.42933742e-02]","[-4.06939871e-01  2.38594716e-02  6.62482704e+01  2.89590626e+01
 -1.35833006e+00 -6.73456177e-03]",[-1.64767911  0.13302025 11.75176823 21.36314306 -1.2107114  -0.37028835],"[-2.00468448e-01  1.23480929e-02  9.78921454e+01  2.16242865e+01
 -3.87596277e-01 -1.04819159e+00]","[ 6.00395097e-01  3.04899505e-03 -3.57884251e+02  2.16871949e+02
 -4.76479025e-01 -9.38075771e-01]","[-8.13851207e-01  7.50589475e-03 -1.23216790e+02 -9.82801335e+01
 -6.39217577e-01  8.08074982e-01]","[ 1.07229143e-01  2.51738222e-02 -6.27340633e+01  8.72691981e+00
 -1.26806090e+00  1.21780794e-01]",014
636,2,0.9693865645895908,1,[-2.50475085  0.15020038 10.43247708 28.13075579 -1.2453683  -0.32667781],"[ 3.01735477e-01  2.45724463e-02 -6.39962742e+01  2.13099464e+01
 -1.30331636e+00  2.47024428e-01]","[-3.93099095e-01  2.22115916e-02  7.08837487e+01  2.98643375e+01
 -1.34251694e+00 -2.04829376e-01]",[-1.57394959  0.10126326 15.35799661 26.17271246 -1.15696658 -0.44580884],"[-1.98161948e-01  7.77487217e-03 -8.31001442e+01 -1.44672864e+01
 -1.14609058e+00 -4.91818861e-01]","[ 5.97937416e-01  6.14604051e-03 -2.41452576e+02  1.46373530e+02
 -9.07300121e-01 -7.68489011e-01]","[-8.13204386e-01  8.82268871e-03  1.24344864e+02  1.03117789e+02
 -4.17767260e-01  9.87094063e-01]","[ 9.15102345e-02  2.37222428e-02 -6.66345271e+01  8.09774119e+00
 -1.27347453e+00  5.25047656e-02]",014
637,2,0.9693865645895908,1,[-2.42232462  0.11585557 13.40502272 34.47131652 -1.17629417 -0.45373489],"[ 2.88230360e-01  1.97693900e-02 -7.86949573e+01  2.46822759e+01
 -1.21167784e+00  4.25155183e-01]","[-3.81417241e-01  1.76300723e-02  8.73756932e+01  3.53265958e+01
 -1.21206408e+00 -4.96065079e-01]",[-1.5184112   0.07347785 21.07316951 33.99773659 -1.1023163  -0.50332316],"[-2.03067230e-01  1.50739003e-02 -9.69213173e+01 -1.76815435e+01
 -9.20345612e-01 -7.76024505e-01]","[ 5.93189945e-01  9.53712606e-03 -1.61854611e+02  9.80105279e+01
 -1.13103222e+00 -5.19188296e-01]","[-8.05797738e-01  1.82607857e-02  8.07747937e+01  6.70881460e+01
 -8.59933219e-01  8.03713010e-01]","[ 7.63112611e-02  2.34995112e-02 -6.72770967e+01  7.13400009e+00
 -1.27478794e+00 -2.50736992e-02]",014
638,2,0.9693865645895908,1,[-2.36215458  0.08007083 18.97696469 46.82652413 -1.02684287 -0.64729881],"[ 2.78032064e-01  1.38426602e-02 -1.09537275e+02  3.24548746e+01
 -1.02516525e+00  6.56806073e-01]","[-3.73824595e-01  1.07400062e-02  1.23848352e+02  4.82975600e+01
 -6.87483200e-01 -8.86908718e-01]",[-1.47787266  0.05194455 29.82056225 46.07099353 -1.07507332 -0.50540902],"[-2.13797024e-01  2.24435735e-02 -6.92992269e+01 -1.28159685e+01
 -1.25272565e+00 -4.10699343e-01]","[ 5.86225874e-01  1.29229335e-02 -1.20846389e+02  7.28432801e+01
 -1.21037147e+00 -3.83092739e-01]","[-7.91436905e-01  2.90160043e-02  5.30191107e+01  4.39612809e+01
 -1.10362992e+00  5.52518634e-01]","[ 6.08805510e-02  2.44907520e-02 -6.45112247e+01  5.92747890e+00
 -1.27160646e+00 -9.66900505e-02]",014
639,2,0.9693865645895908,1,"[-2.32481529e+00  4.56553057e-02  3.05732157e+01  7.30770792e+01
 -6.30992393e-01 -9.60586846e-01]","[ 2.71613447e-01  7.83320236e-03 -1.76703984e+02  4.99951780e+01
 -5.88375020e-01  9.87501428e-01]","[-3.72097235e-01  7.47519727e-03 -5.24039398e+01 -1.74993611e+01
 -1.37773535e+00 -4.26391539e-01]","[-1.44815264e+00  3.79126008e-02  4.12215628e+01  6.16951148e+01
 -1.11541097e+00 -3.84594962e-01]","[-2.28567001e-01  2.71254799e-02 -5.81188829e+01 -1.12840588e+01
 -1.34389667e+00 -1.70593167e-01]","[ 5.77109660e-01  1.62482669e-02 -9.65963100e+01  5.77466637e+01
 -1.24739419e+00 -2.98977953e-01]",[-0.77002581  0.04006497 38.91258617 31.96369568 -1.19784665  0.40717462],"[ 4.44919828e-02  2.66299290e-02 -5.92678638e+01  4.63694478e+00
 -1.26734530e+00 -1.50578609e-01]",014
640,2,0.9609523084362684,1,"[-2.30976082e+00  2.06636802e-02  2.03274963e+01  4.89516547e+01
 -1.36937962e+00 -4.30967319e-01]","[ 2.68911914e-01  3.38016168e-03 -1.40097162e+02  3.96737959e+01
 -1.21814129e+00  5.16095435e-01]","[-3.77599903e-01  1.66657254e-02 -8.31272074e+01 -2.93888254e+01
 -6.12416702e-01 -9.71609403e-01]","[-1.42483948e+00  3.14425575e-02  5.01969767e+01  7.35226343e+01
 -1.19667838e+00 -1.21174525e-01]","[-2.45319245e-01  2.85036228e-02 -5.54510735e+01 -1.16032155e+01
 -1.36107463e+00  1.87921357e-02]","[ 5.65911460e-01  1.94695042e-02 -8.08292146e+01  4.77421789e+01
 -1.26798287e+00 -2.40337472e-01]",[-0.74161292  0.0509959  30.75423241 24.80773615 -1.24335816  0.31300399],"[ 2.64751344e-02  2.97959698e-02 -5.29260732e+01  3.40122490e+00
 -1.26565097e+00 -1.82209286e-01]",014
641,2,0.9609523084362684,1,"[-2.31555253e+00  3.17675582e-02 -4.12028678e+01 -9.34074050e+01
 -5.73184996e-01 -9.58857721e-01]","[ 2.69428902e-01  4.36601082e-03  3.03479440e+02 -7.97661323e+01
 -7.35539714e-01  8.45016407e-01]","[-3.91086671e-01  2.91622565e-02 -5.21142086e+01 -1.83811724e+01
 -1.04281949e+00 -6.39645270e-01]","[-1.40400769e+00  3.11497004e-02  5.06918458e+01  7.31717411e+01
 -1.23639640e+00  1.19485156e-01]","[-2.61878480e-01  2.64764277e-02 -5.94667070e+01 -1.35730508e+01
 -1.33207493e+00  2.09426488e-01]","[ 5.52716628e-01  2.25426342e-02 -6.99207442e+01  4.06463580e+01
 -1.28013289e+00 -1.96527577e-01]",[-0.70642004  0.06146698 25.59682608 20.08211079 -1.26875136  0.24527641],"[ 6.24619554e-03  3.38144232e-02 -4.66198279e+01  2.29119656e+00
 -1.26773792e+00 -1.93719797e-01]",014
642,2,0.9609523084362684,1,"[-2.34010908e+00  5.64000345e-02 -2.69733105e+01 -6.11204889e+01
 -1.07480422e+00 -6.19801090e-01]","[ 2.72361462e-01  6.93731806e-03  2.23170615e+02 -5.87830752e+01
 -1.27634130e+00  4.33095636e-01]","[ -0.41259531   0.04151366 -37.49181773 -13.46894806  -1.20647325
  -0.4224827 ]","[-1.38276437e+00  3.45383087e-02  4.56247903e+01  6.50883343e+01
 -1.25982984e+00  2.06213875e-01]","[-2.76120836e-01  2.13245187e-02 -7.26591816e+01 -1.80627140e+01
 -1.22251571e+00  4.54832659e-01]","[ 5.37626385e-01  2.54384772e-02 -6.20220638e+01  3.53446979e+01
 -1.28714313e+00 -1.63208583e-01]",[-0.6648442   0.07117729 22.14667466 16.72408811 -1.28382323  0.19320504],"[-1.66626101e-02  3.84683412e-02 -4.09835039e+01  1.31710785e+00
 -1.27269738e+00 -1.90350052e-01]",014
643,2,0.9609523084362684,1,"[ -2.38092784   0.07897771 -19.75817604 -45.04279149  -1.23053469
  -0.38625524]","[ 2.76737486e-01  8.26139319e-03  1.91057155e+02 -5.08726769e+01
 -1.38874366e+00  9.80512847e-02]","[ -0.44145106   0.05231817 -30.02333644 -11.25383366  -1.27547181
  -0.27745283]","[-1.35954793e+00  3.90742719e-02  4.03567830e+01  5.68669808e+01
 -1.29306486e+00  1.80304895e-01]","[-2.86125503e-01  1.38175800e-02 -1.04000521e+02 -2.77572013e+01
 -8.45177567e-01  8.26417950e-01]","[ 5.20750329e-01  2.81534106e-02 -5.60755199e+01  3.12013455e+01
 -1.29102168e+00 -1.38165916e-01]",[-0.61742857  0.0799044  19.75082341 14.19472256 -1.29257605  0.15208553],"[ -0.04258137   0.04351775 -36.24155541   0.4567848   -1.27889622
  -0.17755125]",014
644,2,0.9609523084362684,1,"[ -2.43522253   0.09754807 -16.12396999 -37.26545497  -1.28396662
  -0.24860382]","[ 2.81531492e-01  8.07385044e-03  1.95134573e+02 -5.29365275e+01
 -1.36820634e+00 -1.75447711e-01]","[ -0.47637186   0.06066643 -25.99836937 -10.3848915   -1.30669833
  -0.17048354]","[-1.33416764e+00  4.26651799e-02  3.70260121e+01  5.13989070e+01
 -1.32521626e+00  9.85933037e-02]","[-2.90278473e-01  7.17743858e-03 -5.96322717e+01 -1.53099648e+01
 -1.45807824e+00  3.48380540e-01]","[ 5.02195308e-01  3.07064403e-02 -5.14331875e+01  2.78295054e+01
 -1.29320213e+00 -1.19579426e-01]",[-0.56480944  0.08754255 18.04044995 12.18941637 -1.29721754  0.11982852],"[ -0.0716955    0.04872638 -32.38292227  -0.32170996  -1.28487602
  -0.15984332]",014
645,2,0.9609523084362684,1,"[ -2.49992005   0.11137661 -14.16857287 -33.42029938  -1.30876569
  -0.15179979]","[ 2.85746049e-01  6.48115070e-03  2.37352102e+02 -6.58224254e+01
 -1.21453021e+00 -5.02177569e-01]","[ -0.51563626   0.0660058  -23.93921864 -10.34392924  -1.32022776
  -0.08427547]","[-1.30765990e+00  4.36409037e-02  3.62228882e+01  4.93672184e+01
 -1.34515685e+00 -1.88610443e-02]","[-2.87309948e-01  1.29228639e-02  9.80808813e+01  3.01796129e+01
 -4.16666756e-01  1.05374652e+00]","[ 4.82055851e-01  3.31270676e-02 -4.76869512e+01  2.49877738e+01
 -1.29456168e+00 -1.05683638e-01]",[-0.50765701  0.09410292 16.79004208 10.5235825  -1.29948618  0.09496014],"[ -0.10405673   0.0538917  -29.29266936  -1.04809948  -1.2897079
  -0.14067903]",014
646,2,0.9609523084362684,1,"[ -2.57151983   0.1196095  -13.21346548 -31.97868845  -1.32424374
  -0.06667964]","[ 2.88460947e-01  3.90262247e-03  3.30847050e+02 -9.34364534e+01
 -6.58829512e-01 -8.81239818e-01]","[-5.57260207e-01  6.80680788e-02 -2.32274623e+01 -1.09437405e+01
 -1.32411392e+00 -8.31506881e-03]","[-1.28208312e+00  4.06972657e-02  3.87221716e+01  5.16450426e+01
 -1.33838331e+00 -1.83776685e-01]","[-2.76270501e-01  2.52685563e-02  5.90990858e+01  1.83273340e+01
 -9.14835652e-01  7.53164384e-01]","[ 4.60408699e-01  3.54450677e-02 -4.45759919e+01  2.25231744e+01
 -1.29545097e+00 -9.50860963e-02]",[-0.44662813  0.09966593 15.85709395  9.08222423 -1.30073948  0.07566569],"[ -0.13960992   0.05887002 -26.82586778  -1.74515717  -1.29307738
  -0.12249747]",014
647,2,0.925438209403856,1,"[-2.64590281e+00  1.21034748e-01 -1.30614838e+01 -3.25594166e+01
 -1.33299833e+00  2.59265968e-02]","[ 2.88868753e-01  3.10960230e-03 -1.83981581e+02  5.51465300e+01
 -1.06505683e+00 -5.97764324e-01]","[ -0.59914858   0.06679734 -23.66114456 -12.17654113  -1.32112222
   0.06551167]","[-1.26033241e+00  3.29424689e-02  4.70019916e+01  6.12381336e+01
 -1.24329054e+00 -4.48833657e-01]","[-2.56470567e-01  3.92233279e-02  3.92996699e+01  1.20792086e+01
 -1.11021806e+00  5.36823956e-01]","[ 4.37310655e-01  3.76890108e-02 -4.19269436e+01  2.03350992e+01
 -1.29591947e+00 -8.70347997e-02]",[-0.38234331  0.10431229 15.15338322  7.79379472 -1.30173585  0.05985113],"[ -0.17822969   0.06358763 -24.84285843  -2.42773491  -1.29514305
  -0.10674672]",014
648,2,0.925438209403856,1,"[ -2.71820424   0.11428883 -13.80843212 -35.5341387   -1.32796321
   0.1429661 ]","[ 2.86313092e-01  7.22247655e-03 -1.93482192e+02  5.73964845e+01
 -6.12273470e-01 -9.73878641e-01]","[ -0.63922173   0.0623073  -25.33111624 -14.19220003  -1.31029621
   0.14492493]","[-1.24599183e+00  2.06732334e-02  6.56814649e+01  8.38385689e+01
 -7.63692084e-01 -8.43348811e-01]",[-0.22741449  0.05402125 28.85435169  8.56189756 -1.18990166  0.41151379],"[  0.41279976   0.03988719 -39.61953183  18.3549332   -1.29612746
  -0.08108771]",[-0.31539764  0.10806368 14.62910463  6.61398511 -1.30281767  0.04550916],"[ -0.21975907   0.068034   -23.22403377  -3.10369195  -1.29627923
  -0.09398283]",014
649,2,0.925438209403856,1,"[ -2.78283554   0.09834733 -15.93652506 -42.3487284   -1.28702891
   0.30957691]","[ 2.80327786e-01  1.27745384e-02 -1.18682187e+02  3.52699147e+01
 -1.00894157e+00 -6.64250608e-01]","[ -0.6755317    0.05488348 -28.67018516 -17.36761894  -1.28653938
   0.23882158]","[-1.24321409e+00  1.54357209e-02 -2.50612412e+01 -2.91564882e+01
 -1.33007459e+00 -4.71705392e-01]",[-0.18875783  0.0693517  22.59394256  6.26478349 -1.23006923  0.33079302],"[  0.38690335   0.0420573  -37.57747189  16.5388499   -1.29659326
  -0.07628077]",[-0.24640768  0.11084413 14.26342054  5.51461631 -1.30422569  0.03070316],"[ -0.26404085   0.07223997 -21.87498754  -3.77589024  -1.29690104
  -0.08404916]",014
650,2,0.925438209403856,1,"[ -2.83369772   0.07319381 -20.85440159 -57.09507027  -1.12815019
   0.58043975]","[ 2.70660742e-01  1.86805284e-02 -8.30353590e+01  2.44744119e+01
 -1.16647915e+00 -4.68152878e-01]","[ -0.70638234   0.04502104 -34.72866273 -22.53171408  -1.23728415
   0.36024568]","[-1.25657880e+00  3.83508707e-02 -3.54111993e+01 -4.24969624e+01
 -4.67169339e-01 -1.05832995e+00]",[-0.14030568  0.08493616 18.50283012  4.59605219 -1.25411252  0.27281472],"[  0.35965595   0.04418221 -35.7725227   14.86580048  -1.29787808
  -0.07073079]","[-1.76075053e-01  1.12466935e-01  1.40584480e+01  4.47534197e+00
 -1.30594982e+00  1.35379458e-02]","[ -0.31093403   0.07624789 -20.72721772  -4.44479743  -1.29738698
  -0.07625679]",014
651,2,0.6652086204730986,1,"[-2.86455971e+00  4.19471898e-02 -3.03688345e+01 -8.49933396e+01
 -5.91553812e-01  9.22923124e-01]","[ 2.57262836e-01  2.45057313e-02 -6.38844034e+01  1.84350828e+01
 -1.23404133e+00 -3.43337795e-01]","[-7.30465195e-01  3.34767043e-02 -4.60225620e+01 -3.16178797e+01
 -1.12960034e+00  5.33137611e-01]","[ -1.29082192   0.07396182 -20.19649264 -24.07007545  -0.88156096
  -0.76903435]",[-0.08205137  0.10042    15.67959319  3.28653203 -1.27054342  0.22685895],"[  0.33112452   0.0461882  -34.22189562  13.33170889  -1.30003834
  -0.06236673]","[-1.05236023e-01  1.12661897e-01  1.40342412e+01  3.47690773e+00
 -1.30745574e+00 -7.34502444e-03]","[ -0.36031336   0.08008301 -19.73613186  -5.11119201  -1.29799533
  -0.06961126]",014
652,2,0.6418837952565185,1,"[-2.86949030e+00  3.22853794e-02  1.85118115e+01  5.51194636e+01
 -1.04751062e+00  6.03138523e-01]","[ 2.40227577e-01  3.00507989e-02 -5.23157634e+01  1.45676891e+01
 -1.26220829e+00 -2.63634587e-01]","[-7.47007644e-01  2.13355886e-02 -6.91171349e+01 -4.96310281e+01
 -8.63068127e-01  8.03441841e-01]","[ -1.35035403   0.11722468 -13.09531627 -15.68331304  -1.06869942
  -0.57927617]",[-0.01424007  0.11533686 13.67000272  2.19466173 -1.28284189  0.18724584],"[  0.30143491   0.0479474  -32.9698643   11.93826802  -1.30254024
  -0.05010833]",[-0.03487873  0.11114838 14.22419506  2.49612183 -1.30793663 -0.03228094],"[ -0.41205595   0.08373474 -18.87671473  -5.77826258  -1.29880346
  -0.06313411]",014
653,2,0.5930096932105009,1,[-2.84322142  0.07421782 18.93512689 55.8367584  -0.63199056  0.96139958],"[ 2.19686833e-01  3.53568085e-02 -4.45496594e+01  1.17869736e+01
 -1.27150373e+00 -2.16922486e-01]","[-7.55907595e-01  1.03697501e-02 -1.10945692e+02 -8.18646911e+01
 -3.46448747e-01  1.05832095e+00]","[ -1.43859805   0.16545044  -9.39555678 -11.5164297   -1.17021145
  -0.44671169]",[ 0.06256198  0.12911165 12.22376382  1.23525717 -1.29250843  0.15079054],"[  0.27079026   0.04930946 -32.06252934  10.68222069  -1.30466155
  -0.0343118 ]",[ 0.03387605  0.10772618 14.67290528  1.50293989 -1.30679658 -0.06084962],"[ -0.46602108   0.08715242 -18.13766821  -6.45253564  -1.29975911
  -0.05612722]",014
654,0,0.8156286439078626,0,[-2.78141019  0.13118641 11.56056786 34.15468121 -1.0009376   0.66631092],"[  0.19569475   0.04066926 -38.76008733   9.58514566  -1.272332
  -0.19479218]","[-7.57823961e-01  6.54361152e-03  1.15698666e+02  8.96792213e+01
 -1.06476745e+00  4.93890783e-01]",[-1.55726813  0.21506425 -7.28035764 -9.33746896 -1.23343883 -0.34163395],[ 0.14741094  0.14109323 11.19417676  0.34985586 -1.30016081  0.11564453],"[ 2.39472300e-01  5.01458266e-02 -3.15300430e+01  9.55057193e+00
 -1.30587736e+00 -1.63244646e-02]",[ 0.09983254  0.10234    15.43907398  0.45867802 -1.30370001 -0.0925814 ],"[ -0.52202877   0.09025274 -17.51575896  -7.14373016  -1.30078443
  -0.04821203]",014
655,0,0.8156286439078626,0,[-2.6808427   0.19387904  7.98840931 23.41566878 -1.14447925  0.48865859],"[  0.16814275   0.04633679 -34.02613644   7.7212483   -1.27051258
  -0.18864265]","[-7.54200797e-01  1.14560183e-02  1.30724538e+02  1.00592551e+02
 -1.14557487e+00  6.16653856e-01]",[-1.70574695  0.26169145 -6.01021642 -8.25190834 -1.27462193 -0.25160622],[ 0.23896015  0.1506155  10.49222961 -0.50722479 -1.30593827  0.08078755],"[ 2.07821170e-01  5.03847964e-02 -3.13811587e+01  8.52166912e+00
 -1.30598547e+00  2.17911568e-03]",[ 0.16181139  0.09510151 16.6039645  -0.68671057 -1.29825327 -0.12723761],"[ -0.57984254   0.09293192 -17.01185002  -7.86419435  -1.30181054
  -0.03921858]",014
656,0,0.8156286439078626,0,[-2.53960117  0.2591026   6.03072412 17.31563404 -1.21241306  0.37529262],"[  0.13673229   0.05268666 -29.92438537   6.0916297   -1.26915671
  -0.18970019]","[-7.47212145e-01  1.45459991e-02  1.08252080e+02  8.28872688e+01
 -1.44648568e+00  1.27013228e-01]",[-1.88071296  0.30074285 -5.24466303 -7.86370576 -1.30125048 -0.1705176 ],[ 0.33548329  0.15708559 10.06364654 -1.37618524 -1.3097036   0.04585497],"[ 1.76198492e-01  5.00276308e-02 -3.16042682e+01  7.56862439e+00
 -1.30503354e+00  1.95531447e-02]",[ 0.2187616   0.08629419 18.28260142 -1.99953106 -1.28983915 -0.16429864],"[ -0.63916013   0.09507838 -16.62870696  -8.6284065   -1.30274656
  -0.02911688]",014
657,0,0.8156286439078626,0,[-2.35717252  0.32422435  4.84185768 13.41309387 -1.24996568  0.29466965],"[  0.10100636   0.05992805 -26.30742566   4.65721718  -1.26955678
  -0.19095051]","[-7.39628163e-01  1.34481748e-02  1.15444199e+02  8.73857810e+01
 -1.38012771e+00 -3.53257284e-01]",[-2.0760943   0.3279683  -4.81729877 -8.00116652 -1.31773015 -0.09367599],[ 0.43495452  0.16008554  9.87662912 -2.29588445 -1.31126347  0.01103801],"[  0.14494153   0.0491514  -32.16571519   6.66214788  -1.30316205
   0.0341009 ]",[ 0.26988284  0.07638853 20.63053715 -3.56782791 -1.27793629 -0.20176288],"[ -0.69961352   0.09658632 -16.36977158  -9.45251348  -1.3034751
  -0.01802901]",014
658,0,0.8156286439078626,0,[-2.13448979  0.38675421  4.07013014 10.68765122 -1.27248982  0.23287411],"[  0.0604274    0.06810309 -23.15127024   3.39897099  -1.27205187
  -0.18827553]","[-7.34612123e-01  8.67464779e-03  1.37567094e+02  1.03058455e+02
 -7.81160849e-01 -7.10574980e-01]",[-2.28332314  0.33979416 -4.65284306 -8.62394423 -1.3262887  -0.01581534],[ 0.53517825  0.15945526  9.91534577 -3.30647741 -1.31059845 -0.02314725],"[  0.11431541   0.04790649 -32.99964734   5.77236836  -1.30056182
   0.04377632]",[ 0.31475246  0.06606034 23.82896818 -5.50022637 -1.26313842 -0.2343636 ],"[-7.60776418e-01  9.73688591e-02 -1.62385785e+01 -1.03539276e+01
 -1.30391406e+00 -6.19223775e-03]",014
659,0,0.8156286439078626,0,[-1.87392286  0.44440688  3.54817719  8.64901033 -1.28673376  0.18300182],"[ 1.44885743e-02  7.70650950e-02 -2.04640236e+01  2.29649453e+00
 -1.27675334e+00 -1.79696065e-01]","[-7.35452825e-01  1.03554421e-02 -8.08628682e+01 -5.74708248e+01
 -5.13707397e-01 -9.25630122e-01]",[-2.49183387  0.33355534 -4.73798266 -9.80626564 -1.32636294  0.06971653],[ 0.63394374  0.1553166  10.17741539 -4.45190882 -1.3079792  -0.056281  ],"[  0.084471     0.04650796 -33.9913992    4.87128748  -1.29762289
   0.04622681]",[ 0.35344262  0.05617845 28.0031031  -7.89749019 -1.24874543 -0.25131296],"[-8.22175575e-01  9.73642766e-02 -1.62393405e+01 -1.13515891e+01
 -1.30407988e+00  6.21408005e-03]",014
660,0,0.8156286439078626,0,[-1.57922967  0.4951095   3.18838201  7.03518747 -1.296338    0.14065293],"[ -0.03715366   0.08645526 -18.24908004   1.32197994  -1.2836411
  -0.1640868 ]","[-7.45237574e-01  2.50699350e-02 -5.61780927e+01 -3.98660256e+01
 -6.04427584e-01 -9.79822135e-01]","[ -2.68978567   0.30783179  -5.12313453 -11.78013382  -1.31310551
   0.17195876]",[ 0.72916911  0.14801944 10.67514961 -5.7839893  -1.30385032 -0.08853652],"[  0.05541668   0.04521264 -34.96677946   3.93774275  -1.29495742
   0.0396216 ]","[  0.38660307   0.0477413   32.9751171  -10.74828137  -1.24116057
  -0.23446084]","[ -0.8833013    0.09653011 -16.37923541 -12.46779999  -1.3040616
   0.01928787]",014
661,0,0.8061080702204443,0,[-1.25548401  0.53689159  2.94246516  5.69421796 -1.30323395  0.10246668],"[ -0.09453896   0.09568119 -16.49874101   0.44022615  -1.2922313
  -0.14071129]","[ -0.76649236   0.04477929 -33.75911984 -23.87610747  -0.97730048
  -0.68929906]","[ -2.86499221   0.26292583  -5.96451521 -15.08828963  -1.27317478
   0.30577837]",[ 0.8190042   0.13803335 11.44117526 -7.37037064 -1.29848768 -0.12102231],"[ 2.70106474e-02  4.42778081e-02 -3.57077678e+01  2.96448993e+00
 -1.29306524e+00  2.39239408e-02]","[  0.41548526   0.04177406  37.76962551 -13.69272265  -1.24454618
  -0.1616567 ]","[ -0.94361338   0.09482773 -16.67227616 -13.73218288  -1.30391722
   0.03350656]",014
662,0,0.841061157625632,0,[-0.90901951  0.56777706  2.7837846   4.53051451 -1.30827368  0.0658258 ],"[ -0.15726998   0.10392994 -15.19872359  -0.39030303  -1.30145735
  -0.10934233]","[ -0.80084465   0.06659608 -23.23767376 -16.60976668  -1.14704537
  -0.49461699]","[ -3.00596788   0.20132762  -7.67035248 -21.05683317  -1.16705869
   0.50239346]",[ 0.90187947  0.12583909 12.54006984 -9.30963157 -1.29161654 -0.15582841],"[-1.02295777e-03  4.39107659e-02 -3.60077948e+01  1.96316555e+00
 -1.29204084e+00  1.61319160e-03]","[ 4.41889053e-01  3.91967821e-02  4.03276690e+01 -1.58203555e+01
 -1.24943682e+00 -2.70633957e-02]","[ -1.00254052   0.09220765 -17.14416596 -15.1877211   -1.30358024
   0.04966097]",014
663,0,0.8486074065365498,0,[-0.54742391  0.58575771  2.69909194  3.47754747 -1.31178673  0.02853854],"[ -0.22440516   0.1102371  -14.3371501   -1.21733047  -1.30997856
  -0.07010707]","[ -0.84877846   0.08827977 -17.71907029 -13.03956518  -1.23364525
  -0.35527466]","[ -3.10292153   0.12856058 -11.32059217 -33.12690913  -0.84763606
   0.82291034]","[  0.97650825   0.1118682   14.0898995  -11.75890309  -1.28213327
  -0.19593383]","[-2.90536740e-02  4.42265518e-02 -3.57492436e+01  9.61353131e-01
 -1.29177452e+00 -2.27967301e-02]","[  0.46802213   0.04063156  38.85723984 -16.18604798  -1.2399571
   0.12927982]","[ -1.05947606   0.08860647 -17.83770692 -16.89862353  -1.30280801
   0.06869725]",014
664,0,0.8486074065365498,0,[-0.17958048  0.58879739  2.68529397  2.48222637 -1.31383544 -0.01183188],"[ -0.29439594   0.11359355 -13.91833449  -2.09750122  -1.31652812
  -0.02274667]","[ -0.90953664   0.10772408 -14.60243995 -11.28145412  -1.2806098
  -0.24719279]","[ -3.14851421   0.06231151 -12.47322707 -37.2721327   -0.86297099
   0.66884795]","[  1.04186615   0.09650374  16.30368168 -14.986254    -1.2677403
  -0.24537608]","[-5.74847235e-02  4.52249823e-02 -3.49561353e+01 -9.44377113e-03
 -1.29235495e+00 -4.41466352e-02]","[  0.49628007   0.04618772  34.07185351 -14.90918184  -1.22437373
   0.24427118]","[ -1.11377688   0.08396015 -18.81926815 -18.96046582  -1.30115697
   0.09156257]",014
665,0,0.8486074065365498,0,[ 0.18427692  0.57481228  2.74986931  1.49326255 -1.31395518 -0.05875897],"[ -0.36508001   0.11305054 -13.98424451  -3.10536818  -1.31976873
   0.03447973]","[ -0.9811838    0.12314336 -12.81275785 -10.57167043  -1.30613476
  -0.15809582]",[-3.13825929  0.08290913 14.17124506 46.47304145 -0.42796475  1.00217632],"[  1.0971743    0.0801203   19.57792771 -19.48039916  -1.24391984
  -0.31017397]","[ -0.08668382   0.0467877  -33.78482154  -0.92859756  -1.29406408
  -0.05815648]","[  0.5289759    0.05540739  28.34211944 -12.99229813  -1.22248236
   0.29303303]","[ -1.16477271   0.07822911 -20.188453   -21.51495904  -1.29799107
   0.11915181]",014
666,0,0.8486074065365498,0,[ 0.5325488   0.54170874  2.91539835  0.44740811 -1.31034635 -0.11754866],"[ -0.43373493   0.10780666 -14.65203798  -4.35510068  -1.31724395
   0.1060499 ]","[ -1.06079826   0.13320229 -11.86339239 -10.58466601  -1.31924758
  -0.07999037]",[-3.07057073  0.16318646  9.13804028 30.05899899 -0.93696656  0.74475227],"[  1.14190253   0.06313291  24.70609993 -26.21195812  -1.20080847
  -0.40083244]","[ -0.11691748   0.04869301 -32.46151559  -1.79531862  -1.29696805
  -0.06246454]","[  0.56806078   0.0673805   23.30700818 -11.23979735  -1.23653269
   0.29020234]","[ -1.21178858   0.07142434 -22.09558907 -24.77518241  -1.29248268
   0.15246744]",014
667,0,0.8486074065365498,0,[ 0.8523955   0.48767858  3.23160601 -0.75460641 -1.29811924 -0.19659802],"[ -0.49719855   0.0973048  -16.19303273  -6.05115233  -1.30273782
   0.2010099 ]","[-1.14473542e+00  1.37021859e-01 -1.15386844e+01 -1.12087407e+01
 -1.32425056e+00 -6.17584245e-03]",[-2.9466011   0.24750377  6.25237647 20.42325938 -1.15995649  0.48996306],"[  1.1757927    0.04604221  33.46613512 -37.34923739  -1.11275546
  -0.53867946]","[ -0.14829904   0.05064681 -31.21086859  -2.6285417   -1.30067113
  -0.05680797]",[ 0.614879    0.08088808 19.44181098 -9.95436132 -1.25771192  0.25804499],"[ -1.25417799   0.0636232  -24.7763571  -29.07396185  -1.28345731
   0.19306266]",014
668,0,1.0092100663958925,0,[ 1.13015425  0.41190275  3.8067384  -2.30220157 -1.26458213 -0.31064038],"[ -0.55206598   0.08138395 -19.23412055  -8.61850368  -1.25909464
   0.33741968]","[ -1.22890844   0.13413572 -11.78219907 -12.47924383  -1.32207604
   0.06988288]",[-2.77004928  0.32594535  4.80419907 15.3078682  -1.24463687  0.33696272],"[ 1.19888994e+00  2.95086765e-02  5.04200156e+01 -5.84480493e+01
 -8.97624063e-01 -7.69854588e-01]","[ -0.18075655   0.05232394 -30.21384675  -3.46135055  -1.30449494
  -0.0423534 ]",[ 0.66999314  0.09454661 16.66213085 -9.16351342 -1.2785625   0.21211332],"[ -1.29136053   0.05496942 -28.62421821 -34.96418548  -1.26887161
   0.24383378]",014
669,0,1.0092100663958925,0,[ 1.35216227  0.31567136  4.89901643 -4.62426516 -1.17230341 -0.48999334],"[ -0.59496261   0.06052523 -25.35749792 -13.08676324  -1.13090806
   0.55471248]","[ -1.30906227   0.12448366 -12.67528766 -14.59274087  -1.3104567
   0.1555432 ]",[-2.54700907  0.39364685  3.99858564 12.1844339  -1.28450728  0.23188725],"[ 1.21156324e+00  1.48157622e-02  8.29580245e+01 -9.85088928e+01
 -3.88158583e-01 -1.05638041e+00]","[-2.14023710e-01  5.34103054e-02 -2.96024422e+01 -4.33562449e+00
 -1.30774489e+00 -2.07196734e-02]",[ 0.73310455  0.1069601  14.75125249 -8.81421026 -1.29565237  0.16069344],"[ -1.32285566   0.04565969 -34.35300466 -43.4440666   -1.2444601
   0.31049981]",014
670,0,1.0092100663958925,0,[ 1.50595649  0.20443628  7.18017226 -8.81302704 -0.88484439 -0.79495339],"[-6.22870462e-01  3.65148180e-02 -3.83611803e+01 -2.18940461e+01
 -7.15373880e-01  9.05720380e-01]","[ -1.3810542    0.10847068 -14.49196596 -18.01419048  -1.28225901
   0.26101433]",[-2.28576548  0.4468153   3.53197785 10.07327303 -1.30527614  0.15042766],"[ 1.21450080e+00  9.01415083e-03 -6.54966376e+01  8.15457185e+01
 -1.22001911e+00 -4.64018902e-01]","[-2.47654785e-01  5.36382780e-02 -2.94774534e+01 -5.30023239e+00
 -1.30978505e+00  6.68704562e-03]",[ 0.80307701  0.11686039 13.51716596 -8.85532525 -1.30799089  0.10740971],"[-1.34830613e+00  3.59259420e-02 -4.34020279e+01 -5.65192205e+01
 -1.19980678e+00  4.04913432e-01]",014
671,0,1.0092100663958925,0,"[  1.58166515   0.1000801    9.00737371 -12.24664912  -0.67552796
  -0.78200302]","[ -0.63346386   0.0185258  -12.86396378  -6.14885613  -1.62626074
   0.28822651]","[ -1.44116164   0.08706246 -17.90132187 -23.79869841  -1.21865439
   0.40415917]",[-1.99638484  0.48267985  3.27383104  8.53582665 -1.31526131  0.0821696 ],"[ 1.20867451e+00  1.79559979e-02 -8.06966249e+01  9.95359535e+01
 -8.52149940e-01 -8.20527649e-01]","[ -0.28106005   0.05281249 -29.93475761  -6.41346457  -1.31003329
   0.03891246]",[ 0.87805157  0.12322198 12.82830959 -9.26391735 -1.31548219  0.05343967],"[-1.36748808e+00  2.60293656e-02 -5.90905237e+01 -7.88055865e+01
 -1.10446748e+00  5.53455527e-01]",014
672,0,1.0092100663958925,0,[ 1.57331473  0.11699028 -9.4670566  16.89465958 -0.45335601 -0.96130127],"[-6.25394303e-01  3.36314166e-02  3.92567954e+01  2.65509762e+01
 -5.34133494e-01  9.96037637e-01]","[ -1.48640666   0.06189472 -24.60499884 -34.57303402  -1.06248908
   0.62212439]",[-1.69003597  0.49994565  3.16239536  7.34456191 -1.31793762  0.0227573 ],"[ 1.19527424e+00  2.80874429e-02 -5.50432856e+01  6.77918211e+01
 -1.17817919e+00 -4.89488932e-01]","[ -0.31355463   0.05082558 -31.09439443  -7.74979149  -1.30795674
   0.07555265]","[ 9.55627617e-01  1.25349500e-01  1.26134745e+01 -1.00537846e+01
 -1.31820383e+00 -1.24384523e-03]","[-1.38030905e+00  1.63178678e-02 -9.01222417e+01 -1.22396546e+02
 -8.49760543e-01  8.13021493e-01]",014
673,0,1.0092100663958925,0,[ 1.47976788  0.23264371 -6.38732849 11.45176356 -0.93208283 -0.7537449 ],[-0.59846807  0.06084061 24.8906334  16.89624923 -1.03235405  0.65706365],"[-1.51484718e+00  3.56652502e-02 -3.87363265e+01 -5.66796148e+01
 -6.26741247e-01  9.60136814e-01]",[-1.37810983  0.49905223  3.16798394  6.36582982 -1.31550106 -0.02975542],"[ 1.17561956e+00  3.65496149e-02 -4.29219958e+01  5.24599380e+01
 -1.27047016e+00 -3.00813022e-01]","[ -0.3444135    0.04766332 -33.13593903  -9.41246489  -1.30295301
   0.1169113 ]","[  1.03308315   0.12292825  12.85845134 -11.28384944  -1.31613397
  -0.05746709]","[-1.38679780e+00  7.81827477e-03 -1.33973333e+02 -1.83793923e+02
 -4.56811196e-01  9.49104647e-01]",014
674,0,0.6903655538328456,0,[ 1.3050939   0.35155936 -4.40604532  7.75030287 -1.17853083 -0.47535378],[-0.55369115  0.08720519 17.84665209 11.8815334  -1.20898463  0.42218617],"[-1.52577211e+00  1.69251187e-02 -1.45480236e+01 -2.01969686e+01
 -1.58652338e+00  3.17009195e-01]",[-1.07127437  0.48202431  3.27859765  5.51227762 -1.30955404 -0.07655437],"[ 1.15106541e+00  4.30100800e-02 -3.66539355e+01  4.41910773e+01
 -1.30055654e+00 -1.86706091e-01]","[ -0.37292659   0.04339853 -36.35264865 -11.55686941  -1.29406642
   0.16425795]","[  1.10760286   0.11601843  13.61268376 -13.07744744  -1.30892764
  -0.11712209]","[-1.38709080e+00  7.22094322e-03  1.36948719e+02  1.91960308e+02
 -5.63880898e-01  8.61200830e-01]",014
675,0,0.6164181227637803,0,[ 1.05831249  0.45523919 -3.44542918  5.64634074 -1.26686227 -0.30501738],[-0.49319054  0.1097805  14.31086156  9.05798152 -1.27750214  0.27344804],"[-1.51975294e+00  2.81166034e-02  4.76960355e+01  7.44861901e+01
 -6.31130617e-01  9.36352242e-01]",[-0.77862337  0.45203951  3.49379957  4.72035401 -1.30109197 -0.11832777],"[  1.1229185    0.04752487 -33.23537236  39.32061433  -1.31033122
  -0.11073778]","[-3.98447292e-01  3.81754408e-02 -4.12527306e+01 -1.44370388e+01
 -1.27948722e+00  2.20381205e-01]","[  1.17647921   0.10498513  15.01824003 -15.66864714  -1.29528385
  -0.1841252 ]","[-1.38142002e+00  1.47683579e-02  9.98325242e+01  1.39910648e+02
 -8.86727210e-01  7.89039292e-01]",014
676,0,0.6321301316936526,0,[ 0.7525683   0.53591669 -2.94146876  4.21365614 -1.30337472 -0.1879912 ],[-0.42003647  0.12695722 12.42477995  7.21886072 -1.30786475  0.1662249 ],"[-1.49853638e+00  4.80733884e-02  3.18205117e+01  4.96841943e+01
 -1.12600268e+00  5.72778373e-01]",[-0.50706928  0.41294358  3.82152579  3.93777834 -1.29084636 -0.15489945],"[  1.09237577   0.05028749 -31.43327172  36.33694436  -1.31246787
  -0.05647761]","[-4.20428511e-01  3.21876795e-02 -4.87783754e+01 -1.85078197e+01
 -1.25530031e+00  2.90940963e-01]","[  1.23726237   0.09039121  17.38856048 -19.5142116   -1.27103235
  -0.26629897]","[-1.37010425e+00  2.29973571e-02  6.71341470e+01  9.39807799e+01
 -1.14372570e+00  5.13139624e-01]",014
677,0,0.6689397065032558,0,[ 0.40387899  0.5894915  -2.679903    3.08235651 -1.3180369  -0.09892985],[-0.33799871  0.13773569 11.47283481  5.87780341 -1.32094264  0.07991711],[-1.46480091  0.06471407 24.20207391 37.45121996 -1.27414494  0.32447027],[-0.2610653   0.36880211  4.27541012  3.11616122 -1.27988319 -0.18517763],"[ 1.06048907e+00  5.15402021e-02 -3.06768226e+01  3.45324350e+01
 -1.31160689e+00 -1.53471170e-02]","[-4.38445102e-01  2.56576225e-02 -6.08429652e+01 -2.46763001e+01
 -1.21167037e+00  3.87562567e-01]","[  1.2878587    0.07291457  21.41817568 -25.58358388  -1.22365014
  -0.37917075]","[-1.35354465e+00  3.07756248e-02  5.08212057e+01  7.07887708e+01
 -1.23170246e+00  3.57283273e-01]",014
678,0,0.7378489847956912,0,[ 0.02967135  0.61475716 -2.57172054  2.07630642 -1.32149532 -0.02611212],"[-2.51274108e-01  1.41630269e-01  1.11632604e+01  4.80503830e+00
 -1.32418833e+00  3.80266344e-03]",[-1.42183209  0.07615311 20.71057717 31.44696317 -1.31938407  0.16761403],[-0.04265436  0.32343512  4.87166511  2.20779776 -1.26976159 -0.20783972],"[ 1.02815181e+00  5.15284126e-02 -3.06837856e+01  3.35475897e+01
 -1.30943143e+00  1.75724705e-02]","[-4.52206542e-01  1.88307478e-02 -8.18356890e+01 -3.50066339e+01
 -1.12004162e+00  5.35159228e-01]","[  1.32659535   0.05336194  28.79755531 -36.20270293  -1.11352022
  -0.55534159]","[-1.33222526e+00  3.78117396e-02  4.15833183e+01  5.73983470e+01
 -1.26984000e+00  2.59223927e-01]",014
679,1,1.015677962994868,1,[-0.35266236  0.61295078 -2.57918137  1.09041981 -1.31843103  0.03693242],[-0.16421409  0.13862043 11.40118691  3.87223558 -1.32024202 -0.0693923 ],[-1.37317995  0.08199724 19.27633112 28.46987136 -1.33089588  0.05385767],[ 0.14820024  0.27992717  5.62606217  1.16621621 -1.26201117 -0.22245783],"[  0.99609756   0.05048871 -31.31147316  33.18928212  -1.30637882
   0.04480012]","[-4.61565031e-01  1.20159563e-02 -1.23196522e+02 -5.48632063e+01
 -8.82612099e-01  7.86451763e-01]","[ 1.35227016e+00  3.29323323e-02  4.39527979e+01 -5.74360573e+01
 -7.97126877e-01 -8.55775396e-01]","[-1.30671925e+00  4.39164437e-02  3.58972543e+01  4.89076332e+01
 -1.28972564e+00  1.89419122e-01]",014
680,1,1.015677962994868,1,[-0.72700277  0.5871008  -2.69109423  0.04356704 -1.31092697  0.09475244],[-0.08106637  0.12908654 12.22642371  2.9911518  -1.30874915 -0.14650154],[-1.32234529  0.08248649 19.16467475 27.34231748 -1.3273883  -0.03910952],[ 0.31305057  0.2402306   6.55382131 -0.05167751 -1.25741047 -0.2306452 ],"[  0.96490276   0.04865695 -32.48384756  33.34375403  -1.30265212
   0.06707027]","[-4.66522012e-01  5.90162747e-03 -1.93430584e+02 -8.82396253e+01
 -3.96860645e-01  1.01519618e+00]","[ 1.36419778e+00  1.54708247e-02  5.11327639e+01 -6.77552029e+01
 -8.02963923e-01 -7.13595969e-01]",[-1.27770255  0.04890316 32.28459221 43.25010578 -1.30182187  0.13362492],014
681,1,1.015677962994868,1,[-1.07941914  0.54132065 -2.91539724 -1.14693558 -1.2993964   0.15118952],"[-5.73976806e-03  1.13752068e-01  1.38347565e+01  2.07940829e+00
 -1.28576726e+00 -2.35966969e-01]",[-1.27251707  0.07827496 20.17359485 27.67124382 -1.31421799 -0.12293659],[ 0.45424124  0.20499578  7.67840453 -1.48784796 -1.25550784 -0.23710909],"[  0.93499374   0.04626977 -34.15268582  33.93254739  -1.29882126
   0.08441784]","[-4.67232541e-01  4.46645202e-03  1.87178169e+02  8.94557312e+01
 -8.03888859e-01  6.94677975e-01]","[ 1.36224895e+00  1.93884844e-02 -6.06515369e+01  8.46224923e+01
 -4.61376209e-01 -9.75991423e-01]",[-1.24597648  0.0525521  30.0694907  39.46587832 -1.31019965  0.08345975],014
682,1,0.9648366896031142,1,[-1.39872674  0.48026304 -3.28034542 -2.58830686 -1.28295012  0.20987172],[ 0.05839939  0.09365557 16.7045967   1.02446172 -1.24037454 -0.35109823],[-1.22637086  0.0703033  22.41143159 29.48472662 -1.29193118 -0.20501101],[ 0.57416371  0.17367281  9.05830425 -3.20094953 -1.25416369 -0.25039464],"[  0.9066667    0.04353525 -36.2907861   34.90364736  -1.29582856
   0.09791534]","[-4.64002380e-01  9.01829615e-03  1.62735228e+02  7.75095331e+01
 -8.95305208e-01  7.88447217e-01]","[ 1.34686293e+00  3.73697542e-02 -4.00757508e+01  5.59765433e+01
 -9.75709477e-01 -7.15396781e-01]","[-1.21249867e+00  5.45907606e-02  2.89602383e+01  3.71142505e+01
 -1.31632132e+00  3.26880055e-02]",014
683,1,0.9648366896031142,1,[-1.67674746  0.40879366 -3.84380843 -4.44509601 -1.25934595  0.27475159],[ 0.10869656  0.07015812 21.99389666 -0.39066093 -1.14139647 -0.51811169],[-1.18593627  0.05968526 26.30366852 33.19447443 -1.25829669 -0.29167981],[ 0.67465038  0.14485631 10.84414926 -5.31600945 -1.24842522 -0.28295339],"[  0.88013229   0.04057225 -38.93220987  36.26549504  -1.29443416
   0.11148869]","[-4.57270529e-01  1.38495910e-02  1.11782232e+02  5.31147204e+01
 -1.18273831e+00  4.77719830e-01]","[  1.31900833   0.05538695 -28.022373    38.96174332  -1.18883354
  -0.45481399]","[-1.17841771e+00  5.46909855e-02  2.89079142e+01  3.60655981e+01
 -1.31999843e+00 -2.46710473e-02]",014
684,1,0.9648366896031142,1,[-1.90837977  0.33179556 -4.71672255 -7.00129788 -1.22415551  0.35104003],[ 0.14334357  0.04507271 32.75447926 -2.69514399 -0.88159292 -0.79106225],[-1.15253979  0.04758406 32.80030029 39.80365126 -1.20721055 -0.39139101],[ 0.75663113  0.11681874 13.39525415 -8.13526631 -1.22719763 -0.35167281],"[ 8.55590780e-01  3.73459386e-02 -4.22772570e+01  3.81720313e+01
 -1.29433538e+00  1.33016443e-01]","[-4.47573646e-01  1.79422648e-02  8.74431610e+01  4.11372544e+01
 -1.26896869e+00  2.99753772e-01]","[  1.2800821    0.07129392 -22.00515868  30.16840966  -1.26173295
  -0.30290817]",[-1.14510344  0.05248679 30.09983837 36.46742849 -1.31906204 -0.0961669 ],014
685,1,0.9648366896031142,1,"[ -2.09152472   0.25398087  -6.12054348 -10.80126801  -1.16832236
   0.44719577]","[ 1.61466177e-01  2.20099935e-02  4.92482626e+01 -5.95192866e+00
 -4.30513916e-01 -9.74923395e-01]","[-1.12682826e+00  3.50805481e-02  4.40159126e+01  5.15983743e+01
 -1.12218731e+00 -5.20395659e-01]","[  0.82010832   0.08815073  17.568257   -12.40787373  -1.16156602
  -0.48319669]","[ 8.33330597e-01  3.36370584e-02 -4.68879788e+01  4.10731874e+01
 -1.29280058e+00  1.74829276e-01]","[-4.35496227e-01  2.11355482e-02  7.45811221e+01  3.44797973e+01
 -1.29801533e+00  1.90645128e-01]","[  1.23175425   0.08449994 -18.64564253  24.96684939  -1.2901395
  -0.20607971]",[-1.11416305  0.04761537 33.09802784 38.87659951 -1.30694762 -0.19426432],014
686,1,0.9648366896031142,1,"[ -2.2268292    0.1796401   -8.54309858 -17.02402141  -1.07023476
   0.58024871]","[ 1.63137315e-01  1.86181399e-02 -5.01188957e+01  1.01762621e+01
 -6.64224923e-01 -7.84391989e-01]","[-1.10887121e+00  2.30740990e-02  6.52241717e+01  7.43252064e+01
 -9.50036078e-01 -7.15884419e-01]","[  0.86443902   0.05846912  25.57463006 -20.10770821  -0.95586223
  -0.72907594]","[ 8.13829031e-01  2.90712841e-02 -5.40866125e+01  4.60172555e+01
 -1.28075632e+00  2.55931169e-01]","[-4.21615848e-01  2.34548332e-02  6.73324750e+01  3.03884385e+01
 -1.30712057e+00  1.19092602e-01]","[  1.17577841   0.0949387  -16.6270843   21.54976669  -1.30076378
  -0.14100091]","[-1.08743446e+00  3.97894042e-02  3.93159219e+01  4.47534883e+01
 -1.26255930e+00 -3.44556896e-01]",014
687,1,0.9648366896031142,1,"[ -2.31721694   0.11245039 -13.21682234 -28.62624464  -0.86465362
   0.78877501]","[ 1.49299106e-01  3.72695176e-02 -3.96223728e+01  7.91558482e+00
 -9.23244002e-01 -7.66398757e-01]","[-1.09832270e+00  1.23805692e-02  1.09312240e+02  1.22060115e+02
 -5.16636670e-01 -1.02305638e+00]","[ 8.88833008e-01  3.00959969e-02  3.96618654e+01 -3.32527752e+01
 -4.40057394e-01 -1.00060029e+00]","[ 7.97826845e-01  2.32211348e-02 -6.70450210e+01  5.54903176e+01
 -1.22658997e+00  4.11789658e-01]","[-4.06453423e-01  2.50184832e-02  6.31721651e+01  2.76765428e+01
 -1.30831395e+00  7.12350452e-02]","[  1.11380007   0.10290888 -15.35254166  19.09966193  -1.30330895
  -0.09754107]","[-1.06695082e+00  2.89664055e-02  5.25360205e+01  5.80533501e+01
 -1.10090878e+00 -6.05345539e-01]",014
688,1,0.9648366896031142,1,"[ -2.36726776   0.05627967 -22.87277692 -52.1459875   -0.38537741
   1.08592679]","[  0.12160931   0.05646963 -27.45076596   5.33826873  -1.19143434
  -0.46421379]","[-1.09460339e+00  5.72503964e-03  1.69529499e+01  2.05567564e+01
 -1.69466657e+00 -2.74544147e-01]","[ 8.92902928e-01  2.19641595e-02 -3.33409452e+01  3.17702276e+01
 -9.36143234e-01 -6.27241543e-01]","[ 7.86354094e-01  1.58438646e-02 -9.39823181e+01  7.59033806e+01
 -9.92547441e-01  7.14579319e-01]","[-3.90435494e-01  2.59974365e-02  6.08107376e+01  2.57426704e+01
 -1.30622293e+00  4.05049800e-02]","[  1.04719836   0.10896286 -14.50499739  17.18960945  -1.30236123
  -0.07044107]","[-1.05487359e+00  1.62702417e-02  7.66959560e+01  8.29045386e+01
 -5.70340642e-01 -9.23029216e-01]",014
689,1,1.0081735419565625,1,[-2.38256597  0.02718094  9.37733101 24.34210972 -1.65943524  0.25615494],"[  0.08224869   0.07253728 -21.64088036   3.77993415  -1.27422787
  -0.28909078]","[-1.09705910e+00  1.01983730e-02 -1.34101047e+02 -1.45116775e+02
 -6.41232024e-01 -9.41243244e-01]","[  0.8770889    0.04531421 -32.02241472  30.08650466  -0.8377331
  -0.83014984]","[ 7.80698029e-01  8.25045824e-03 -1.08984561e+02  8.70840318e+01
 -7.95091653e-01  6.79433579e-01]","[-3.73871929e-01  2.65880177e-02  5.94653878e+01  2.42324392e+01
 -1.30293556e+00  2.36410212e-02]","[  0.97699077   0.11376275 -13.89511066  15.5753949   -1.30043933
  -0.05577033]","[-1.05339581e+00  1.33404111e-02 -5.08510794e+01 -5.15663139e+01
 -8.97687767e-01 -6.86204788e-01]",014
690,1,1.0081735419565625,1,"[-2.36914775e+00  4.95417142e-02  2.88688535e+01  7.03945793e+01
 -8.38437398e-01  8.28051232e-01]","[  0.03372593   0.08467508 -18.62376469   2.62810376  -1.30470252
  -0.17629637]","[-1.10506692e+00  1.76930365e-02 -8.62482973e+01 -9.33101400e+01
 -1.07448356e+00 -6.07347801e-01]","[  0.84283648   0.07140257 -21.61547824  20.21831366  -1.16183751
  -0.50813837]","[ 7.82314356e-01  1.15338019e-02  9.52870453e+01 -7.25444235e+01
 -3.28768987e-01  1.05787761e+00]","[-3.56949922e-01  2.69887008e-02  5.85836352e+01  2.29114240e+01
 -1.29967092e+00  1.84210827e-02]","[  0.90381776   0.11792151 -13.4057806   14.11638261  -1.29887981
  -0.04957827]","[-1.06461978e+00  3.08788621e-02 -4.57240536e+01 -4.66787317e+01
 -6.41776938e-01 -9.55571247e-01]",014
691,1,1.0081735419565625,1,[-2.33317181  0.07719077 20.06487547 48.81480172 -1.21189958  0.462014  ],"[ -0.02128815   0.09263294 -17.05584858   1.63691246  -1.31681975
  -0.09346353]","[-1.11808019e+00  2.49225976e-02 -6.25259196e+01 -6.79089921e+01
 -1.20495140e+00 -4.10095748e-01]","[  0.79250378   0.09397687 -16.67742949  15.21692589  -1.26282199
  -0.31822892]","[ 7.92690758e-01  2.50890453e-02  5.81404248e+01 -4.40873774e+01
 -7.73355514e-01  8.64647282e-01]","[-3.39742850e-01  2.73758238e-02  5.77544873e+01  2.16216741e+01
 -1.29717514e+00  2.21363935e-02]","[  0.82800453   0.12187558 -12.97102832  12.74007014  -1.29822177
  -0.04783361]","[ -1.09041527   0.05444809 -27.85524393 -28.37378336  -0.99788994
  -0.66748845]",014
692,1,1.0081735419565625,1,[-2.28087853  0.09714949 16.19247873 38.9330771  -1.31270726  0.236302  ],"[ -0.08007863   0.09636618 -16.40614153   0.68621871  -1.32069934
  -0.02483484]","[-1.13561614e+00  3.15896525e-02 -4.96839184e+01 -5.44218597e+01
 -1.25431753e+00 -2.97624058e-01]","[  0.72906788   0.11168153 -14.10981502  12.28701294  -1.29779286
  -0.19984076]","[  0.81318056   0.04176141  36.57931348 -27.74558668  -1.04292074
   0.61646352]","[-3.22231081e-01  2.78808076e-02  5.67062305e+01  2.02725099e+01
 -1.29569977e+00  3.11870424e-02]","[  0.74967468   0.12582668 -12.56379805  11.41876126  -1.29847149
  -0.04704547]","[ -1.13226499   0.08062761 -19.2019865  -19.7417371   -1.14048536
  -0.49312289]",014
693,1,1.0081735419565625,1,[-2.21876952  0.10737693 14.71530476 34.64986964 -1.3468943   0.07182063],"[ -0.13996577   0.09595003 -16.47618406  -0.30610181  -1.31934229
   0.03848583]","[-1.15719847e+00  3.75753436e-02 -4.19086358e+01 -4.64966093e+01
 -1.27969231e+00 -2.22117349e-01]","[  0.65574815   0.12431961 -12.70290834  10.32990867  -1.30960739
  -0.1200954 ]","[  0.84482791   0.06007399  25.84127058 -19.83142649  -1.16111644
   0.46262838]","[-3.04331563e-01  2.85764353e-02  5.53224786e+01  1.88363764e+01
 -1.29516596e+00  4.17472484e-02]","[  0.66888093   0.12975502 -12.18362193  10.14939235  -1.29938793
  -0.04483591]","[ -1.19110481   0.108038   -14.45940505 -15.22266693  -1.21043311
  -0.37926102]",014
694,1,1.0081735419565625,1,[-2.15382946  0.10660873 14.81677968 33.91281663 -1.35125561 -0.08900016],"[ -0.198373     0.09157898 -17.24983633  -1.42190179  -1.3128984
   0.10258665]","[ -1.18227652   0.0426772  -36.96959418 -41.70828306  -1.29686143
  -0.16129415]","[  0.57563741   0.13231439 -11.94565154   8.87636387  -1.3118458
  -0.06415276]","[  0.88820239   0.07898109  19.80846919 -15.59392961  -1.22406213
   0.35556957]","[-2.85932041e-01  2.94763935e-02  5.36299250e+01  1.73345139e+01
 -1.29544036e+00  5.06498395e-02]","[  0.58572542   0.13347261 -11.84466132   8.93771919  -1.30074976
  -0.03991941]","[ -1.26716806   0.13534077 -11.59862177 -12.697403    -1.25100326
  -0.29539587]",014
695,1,1.0004682280012458,1,[-2.09361264  0.09391639 16.69626451 36.95551042 -1.30932425 -0.29363843],"[ -0.25290271   0.08359151 -18.86786253  -2.7717335   -1.29965898
   0.17301023]","[ -1.21013866   0.0465582  -33.93016193 -39.06020062  -1.31045803
  -0.10306212]","[  0.49136191   0.13655815 -11.57774853   7.68886459  -1.30883818
  -0.02671501]","[  0.94326059   0.0973536   16.1416671  -13.22579849  -1.26218512
   0.27254404]","[-2.66923979e-01  3.05449762e-02  5.17514763e+01  1.58137100e+01
 -1.29640886e+00  5.58454501e-02]","[  0.50045499   0.13667763 -11.56744928   7.78898777  -1.30243155
  -0.03161795]","[ -1.3598467    0.16105563  -9.77576883 -11.29354701  -1.27724675
  -0.22722683]",014
696,0,0.817586860522875,0,[-2.0888029   0.0859596  -0.20560184  1.57053829 -1.4626311  -0.13753701],"[ -0.30797964   0.08261945 -19.09957745  -3.88228094  -1.1600118
  -0.04310876]","[ -1.25338253   0.07350473 -20.53632332 -23.73986879  -0.66443434
  -0.75999968]",[ 0.34504243  0.25142394 -5.82454754  4.00971601 -0.41856731 -0.96603082],[ 1.06360789  0.22044264  6.49253361 -4.90550995 -0.29422842  1.08993283],[-0.23381555  0.05723225 25.54108633  7.97190307 -0.41038569  0.97841518],[ 0.3623651   0.23456114 -6.31897391  4.28977561 -0.50639064 -0.89171305],[-1.54993716  0.34337638 -4.20228172 -4.51327258 -0.33996566 -1.05065702],014
697,0,0.817586860522875,0,"[ -2.12850568   0.1459886   -8.29869537 -15.66382022  -1.04624019
  -0.63529683]","[ -0.34884415   0.0662987  -22.8949695   -5.98677628  -1.38680261
   0.25921201]","[ -1.2927487    0.0765429  -19.92668403 -23.76019478  -1.692355
  -0.16373125]",[ 0.19003995  0.30428782 -5.00000866  2.95020139 -1.633034   -0.34835393],[ 1.19182029  0.26575695  5.6837317  -4.77398674 -1.69901729  0.33316723],[-0.19973899  0.06772998 22.43315529  6.48077576 -1.67275636  0.32105642],[ 0.2256      0.26718734 -5.70830835  3.28779435 -1.68171986 -0.27680177],[-1.7491113   0.40840179 -3.70640208 -4.48290976 -1.69896324 -0.31920717],014
698,0,0.817586860522875,0,"[ -2.21809225   0.22543212  -6.72085585 -12.90747827  -1.33915992
  -0.32190695]","[ -0.37448442   0.04400836 -27.20431474  -8.18759197  -1.13435188
   0.56680177]","[ -1.32537597   0.06535791 -21.63661435 -26.67664879  -1.63802542
   0.49376374]",[ 0.02287168  0.32522624 -4.74965131  2.10863249 -1.62675432  0.17229847],[ 1.32326441  0.26745861  5.65988753 -5.48952772 -1.70211738 -0.31553429],[-0.1647765   0.06901416 22.13333261  5.64705315 -1.67384137 -0.27238879],[ 0.09191183  0.26127635 -5.79837364  2.53293913 -1.6804021   0.3334111 ],[-1.95047571  0.4068938  -3.71548657 -5.24696631 -1.69999933  0.32690532],014
699,0,0.817586860522875,0,"[ -2.35914935   0.28670393  -5.50834536 -10.99500937  -1.19525673
  -0.01858709]",[-0.38458466  0.02842143  3.96163475  3.52358394 -1.62451509  0.06566892],"[ -1.34839053   0.0441376  -21.5307421  -27.03184872   0.06717613
   1.37622209]",[-0.16094208  0.31468986 -4.88782943  1.21334255 -0.79994176  0.53963061],[ 1.45270031  0.22458305  6.41150876 -7.31400078 -0.33308782 -1.06142027],[-0.12903952  0.06093827 24.43444454  5.15300897 -0.53700942 -0.85803982],[-0.03679719  0.21732165 -6.65074905  1.75527112 -0.3453616   1.04160546],[-2.14649458  0.33837849 -4.23490281 -7.09019594 -0.3046318   1.08428861],014
700,0,0.8159411928594027,0,"[ -2.5489929    0.29536589  -5.34221543 -11.61726921  -1.31435496
  -0.15346422]","[-3.79478674e-01  3.68499999e-02  4.20294101e+01  1.79492648e+01
 -1.17785368e+00  4.76467266e-01]","[-1.35913908e+00  2.10180184e-02  6.36742298e+01  8.85421342e+01
 -5.26942419e-01  1.01066850e+00]",[-0.36636347  0.25370785 -6.2092069  -0.27482659 -1.26579257 -0.21446039],"[  1.57457256   0.10102895  15.51193815 -22.42467209  -1.25936392
  -0.3207031 ]","[-9.26610191e-02  3.70209183e-02  4.27088894e+01  5.95744922e+00
 -1.30113529e+00  1.13932641e-02]","[ -0.15853244   0.10468005 -15.06967409  -0.38903213  -1.29062906
   0.16837953]","[ -2.32941019   0.14788444 -10.59413341 -22.67808236  -1.25296349
   0.32695329]",014
701,0,0.8346399836493383,0,"[ -2.73790413   0.31624657  -4.99802115 -11.68410273  -1.32902358
  -0.05503596]",[-0.35352344  0.04789776 32.73870285 13.57389871 -1.2607183   0.31075013],"[-1.34188100e+00  3.83557282e-02  3.93922591e+01  5.48597240e+01
 -1.00268544e+00  6.78924654e-01]",[-0.53851473  0.29112457 -5.41430409 -0.91568253 -1.27492146 -0.19656525],"[  1.62900541   0.07704056  20.0649867  -30.68597186  -1.16411082
  -0.49646984]","[-6.92062337e-02  3.72367117e-02  4.24616753e+01  4.93861263e+00
 -1.30190694e+00  6.39704425e-03]","[ -0.22010838   0.09191138 -17.13473363  -1.7714985   -1.27899674
   0.21987885]","[ -2.40936442   0.11270953 -13.72613036 -31.07125009  -1.16385382
   0.49059306]",014
702,0,0.8346399836493383,0,"[ -2.93380495   0.31785869  -4.97327563 -12.59062067  -1.33022429
   0.03939743]",[-0.32111141  0.05684437 27.71804503 10.9005805  -1.2941      0.20412818],[-1.31311588  0.05609451 27.67278486 38.33757323 -1.18095503  0.45657483],[-0.73407389  0.32925066 -4.7908354  -1.51682716 -1.28407981 -0.17179813],"[  1.66682181   0.0499469   29.5028011  -47.1759124   -0.89087433
  -0.78794073]","[-4.56834896e-02  3.72874812e-02  4.24039687e+01  3.93716126e+00
 -1.30314064e+00 -1.48274038e-03]","[ -0.27298514   0.07743385 -20.27450676  -3.53463901  -1.25672988
   0.29207337]","[ -2.4653606    0.07389625 -20.08860307 -47.5256506   -0.91978894
   0.76198039]",014
703,0,0.8346399836493383,0,"[ -3.12455579   0.29987897  -5.26377315 -14.44695288  -1.31830542
   0.13797338]",[-0.28372086  0.06343891 24.89056579  9.06197266 -1.30944949  0.12586047],[-1.27347545  0.07245648 21.63935857 29.55719199 -1.25547625  0.31434761],[-0.95282104  0.36577896 -4.31547947 -2.11187963 -1.29228596 -0.14358415],"[ 1.68610830e+00  2.44562350e-02  4.08482819e+01 -6.68746271e+01
 -5.34138729e-01 -8.85097411e-01]","[-2.22302733e-02  3.70883975e-02  4.26309364e+01  2.94769737e+00
 -1.30446462e+00 -1.34407160e-02]","[ -0.31609506   0.06140651 -25.39462691  -6.027116    -1.20924137
   0.40102225]","[-2.49517560e+00  3.69249694e-02 -3.00608064e+01 -7.30069906e+01
 -4.45134322e-01  9.68336836e-01]",014
704,0,0.8346399836493383,0,"[ -3.2983682    0.26389756  -5.95909612 -17.65529316  -1.2881688
   0.25110154]",[-0.2429178   0.06752954 23.40600317  7.68573476 -1.316325    0.06183165],[-1.22425703  0.08631078 18.24952335 24.34210728 -1.29062802  0.21314606],[-1.19312618  0.39854487 -3.96312296 -2.72850577 -1.29899374 -0.11383488],"[ 1.68599760e+00  2.46812552e-02 -4.18763013e+01  7.26033435e+01
 -5.21547962e-01 -8.95477779e-01]","[ 9.58020748e-04  3.65329368e-02  4.32764687e+01  1.95854025e+00
 -1.30563243e+00 -3.03937189e-02]","[ -0.34847187   0.04415062 -34.69367898 -10.08977102  -1.09133364
   0.58224737]","[-2.49791515e+00  3.13731571e-02  2.86686055e+01  7.36117440e+01
 -6.76025055e-01  7.82376111e-01]",014
705,0,0.8346399836493383,0,"[ -3.44492193   0.21325131  -7.31276133 -23.19189189  -1.22351891
   0.39608169]","[-2.00321193e-01  6.90440603e-02  2.28997285e+01  6.58730094e+00
 -1.31819182e+00  4.56018841e-03]",[-1.16728902  0.09689508 16.29306525 21.01871616 -1.30763038  0.13510776],[-1.45209317  0.42566014 -3.7124387  -3.39080687 -1.30395617 -0.0837169 ],"[ 1.66672969e+00  4.95184003e-02 -2.99064541e+01  5.18459748e+01
 -9.22057671e-01 -7.64030994e-01]","[ 2.36135560e-02  3.55008551e-02  4.45274419e+01  9.48548758e-01
 -1.30640046e+00 -5.37512019e-02]","[-3.69290575e-01  2.64498482e-02 -5.37656475e+01 -1.78551469e+01
 -7.33018932e-01  8.97568616e-01]",[-2.4740481   0.06438142 22.78240486 58.36476535 -0.87618369  0.80057653],014
706,0,0.8346399836493383,0,"[ -3.55632354   0.15289381  -9.98297273 -33.50268093  -1.07398778
   0.60737302]",[-0.15755801  0.06800158 23.24598782  5.66259156 -1.31606352 -0.05073408],[-1.10477127  0.10376405 15.2311483  18.82693512 -1.3153891   0.07070487],[-1.72574023  0.44559311 -3.54754186 -4.1221357  -1.30735432 -0.05370636],"[  1.62959881   0.07520344 -20.59399819  35.55995493  -1.17917678
  -0.47627947]","[ 4.53886460e-02  3.38631408e-02  4.66638085e+01 -1.18007086e-01
 -1.30599966e+00 -8.57859591e-02]","[-3.77912176e-01  1.25987483e-02 -3.93579971e+01 -1.28738663e+01
 -1.31196490e+00  4.42057158e-01]",[-2.42533596  0.09998718 15.45439317 39.48209552 -1.1632502   0.49941319],014
707,0,0.9718352466133526,0,"[ -3.62785384   0.08985859 -15.65481103 -54.79336626  -0.67402638
   0.93565936]",[-0.11619139  0.06454403 24.47355176  4.84361599 -1.30931938 -0.10708022],"[-1.03912336e+00  1.06711211e-01  1.48163458e+01  1.73960110e+01
 -1.31805136e+00  1.33366104e-02]",[-2.00917935  0.45713922 -3.45858703 -4.94892166 -1.30957142 -0.02336786],"[  1.57680552   0.09746435 -16.09321205  27.37586567  -1.26624355
  -0.30497234]","[ 6.58588960e-02  3.14971323e-02  5.01302681e+01 -1.30152411e+00
 -1.30255606e+00 -1.29455992e-01]","[-3.73933249e-01  2.03507942e-02  6.24166638e+01  2.53396659e+01
 -4.64541916e-01  1.01904941e+00]",[-2.3546699   0.13133938 11.93158856 30.09495249 -1.25874338  0.32152874],014
708,0,0.9718352466133526,0,"[-3.65843760e+00  4.07202208e-02 -1.29703068e+01 -4.54510581e+01
 -1.18485772e+00  5.20942080e-01]",[-0.07761994  0.05898629 26.7448146   4.07593099 -1.29655593 -0.1654422 ],[-0.97286152  0.10567908 14.9590567  16.55309068 -1.31707483 -0.04255642],[-2.29678678  0.45931692 -3.44231505 -5.9062637  -1.31073621  0.00851452],"[  1.51124693   0.11488908 -13.71982155  22.73403815  -1.30106422
  -0.19091129]","[ 8.45406173e-02  2.83177912e-02  5.56716091e+01 -2.70651220e+00
 -1.29264781e+00 -1.88463284e-01]","[-3.57246265e-01  3.85197113e-02  3.90219268e+01  1.59404376e+01
 -9.74635361e-01  7.07390922e-01]",[-2.26583585  0.15642242 10.07219782 24.82194689 -1.29667742  0.2051292 ],014
709,0,0.9718352466133526,0,"[-3.65076491e+00  5.55577891e-02  2.31918139e+01  8.66678603e+01
 -6.20666289e-01  9.11580441e-01]",[-0.04296007  0.0518569  30.36491896  3.30447896 -1.27688973 -0.22433621],[-0.90851209  0.10070319 15.68704377 16.25186892 -1.31202912 -0.10234335],[-2.58234409  0.45128182 -3.5030805  -7.0461592  -1.31058475  0.04362772],"[  1.43628288   0.12679346 -12.4581546   19.89343417  -1.31555266
  -0.10571191]","[ 1.00923906e-01  2.43140565e-02  6.46373008e+01 -4.52344889e+00
 -1.27021580e+00 -2.68751052e-01]",[-0.32811301  0.05735296 27.02287608 10.86655716 -1.16707394  0.47512015],[-2.16323436  0.17426878  9.06189691 21.60300678 -1.31266014  0.11976987],014
710,0,0.9718352466133526,0,[-3.6110299   0.09415118 16.27730573 60.77783769 -1.17847656  0.53866816],"[-1.29289337e-02  4.38873529e-02  3.57984239e+01  2.46283545e+00
 -1.25123779e+00 -2.79321176e-01]",[-0.84855288  0.09190334 17.16157931 16.56250752 -1.30057392 -0.17249832],[-2.85913941  0.43232451 -3.65514183 -8.45056007 -1.30847868  0.08418638],"[  1.35550861   0.13293266 -11.89256979  18.12048079  -1.32025747
  -0.03583023]","[ 1.14517421e-01  1.95710847e-02  7.97743861e+01 -7.13555695e+00
 -1.22196000e+00 -3.83025190e-01]",[-0.28724246  0.07505312 20.86983125  7.9947016  -1.24479702  0.3327859 ],[-2.05158293  0.18453367  8.56613628 19.574139   -1.31826893  0.05150471],014
711,0,0.9718352466133526,0,[-3.54829306  0.12093358 13.00513491 48.14603    -1.34198319  0.22816558],"[ 1.22487977e-02  3.59359707e-02  4.36325622e+01  1.46555357e+00
 -1.22378521e+00 -3.21085065e-01]",[-0.79536303  0.07950281 19.77155065 17.7255605  -1.27649785 -0.26332927],"[ -3.12008466   0.40196246  -3.92777762 -10.25499871  -1.30302293
   0.13335695]","[  1.27254901   0.13340065 -11.8514876   17.08159876  -1.31913169
   0.02634168]","[ 1.24894819e-01  1.42738692e-02  1.07574438e+02 -1.14354899e+01
 -1.10824250e+00 -5.61989757e-01]",[-0.23585008  0.09054358 17.38392549  6.10000019 -1.28308286  0.23265209],"[-1.93562592e+00  1.87373191e-01  8.43817405e+00  1.83331484e+01
 -1.31801042e+00 -6.91036977e-03]",014
712,0,0.9718352466133526,0,"[-3.47351366e+00  1.30242082e-01  1.21341924e+01  4.41482831e+01
 -1.37269940e+00 -1.09441103e-03]","[ 3.28833688e-02  2.88766723e-02  5.42779053e+01  2.15159626e-01
 -1.20407209e+00 -3.30921292e-01]",[-0.75116501  0.0638661  24.42065911 20.3439446  -1.22194896 -0.39504988],"[ -3.35792484   0.36011256  -4.37673338 -12.69674176  -1.29119094
   0.19590646]","[  1.19087822   0.12856411 -12.29066837  16.63668926  -1.31339466
   0.0859938 ]","[ 1.31731937e-01  8.74767052e-03  1.64839837e+02 -1.97146710e+01
 -7.81620825e-01 -8.66368063e-01]",[-0.17567128  0.10291638 15.33298316  4.6935648  -1.30372903  0.1538295 ],[-1.81987289  0.18335079  8.62086762 17.6888833  -1.31376876 -0.05984545],014
713,0,0.9718352466133526,0,[-3.39835905  0.12138424 12.96335258 46.05412652 -1.3374847  -0.22011272],"[ 4.97911979e-02  2.34979865e-02  6.68826807e+01 -1.33016879e+00
 -1.20534011e+00 -2.76724410e-01]",[-0.71795592  0.04560546 33.42122956 25.99496974 -1.07515049 -0.6123828 ],"[ -3.56554958   0.30730729  -5.11137489 -16.22486062  -1.26655164
   0.27988834]","[  1.11366158   0.11901915 -13.26082051  16.76806637  -1.3025984
   0.14737384]","[ 1.34829806e-01  4.10572908e-03  1.77010421e+02 -2.18662807e+01
 -9.16045777e-01 -6.48875367e-01]",[-0.10891538  0.11144175 14.17889155  3.54429941 -1.31467589  0.08641308],[-1.7083801   0.1733418   9.11232604 17.56731649 -1.30616572 -0.11036643],014
714,0,0.981617728397258,0,[-3.33394374  0.09642654 16.00421081 55.35713844 -1.20141215 -0.4917118 ],"[ 6.41916421e-02  2.04237297e-02  7.72935269e+01 -2.96159842e+00
 -1.22577572e+00 -1.30172679e-01]","[-6.97438349e-01  2.61605345e-02  5.18786248e+01  3.81821424e+01
 -6.16142078e-01 -9.55422151e-01]","[ -3.73635858   0.24488298  -6.36683666 -21.7887848   -1.2132288
   0.40169673]","[  1.04361469   0.10557083 -14.92008974  17.57082489  -1.28479694
   0.21459001]","[ 1.34125092e-01  5.51465943e-03 -2.18112874e+02  3.12544094e+01
 -4.51727867e-01 -9.94979394e-01]",[-0.03816401  0.11561907 13.6742702   2.521865   -1.31930068  0.02468909],[-1.60458226  0.15844439  9.95800583 17.97843954 -1.29502621 -0.16092803],014
715,0,0.6135365420257924,0,"[-3.28965527e+00  6.05393585e-02  2.32504550e+01  7.84859819e+01
 -7.62638519e-01 -8.77179512e-01]","[ 7.75431237e-02  1.99954302e-02  7.90187361e+01 -4.12735963e+00
 -1.23388104e+00  7.14457779e-02]",[-0.69096807  0.01435887 -7.02750435 -2.85578109 -1.69770073 -0.26666466],"[ -3.86461664   0.17517598  -8.7222177  -31.70802764  -1.08018454
   0.59942141]","[  0.98288291   0.08921298 -17.59719418  19.29598141  -1.25610971
   0.29268361]","[ 1.29691749e-01  1.06095914e-02 -1.41239219e+02  2.03175613e+01
 -9.71277591e-01 -7.16522343e-01]",[ 0.03377432  0.11521097 13.72198897  1.53654912 -1.31881743 -0.03540143],[-1.5111766   0.13990103 11.25966338 19.01533986 -1.27953223 -0.21378747],014
716,0,0.6317111500357964,0,[-3.27221196  0.03132002  8.43705872 29.60784446 -1.60266891 -0.29219848],"[ 9.13434634e-02  2.21080912e-02  7.12318265e+01 -4.50656173e+00
 -1.22454261e+00  2.24803316e-01]","[-6.99534807e-01  2.95457788e-02 -4.62401098e+01 -3.03465663e+01
 -5.81776985e-01 -9.83685466e-01]","[ -3.94571353   0.10275715 -13.59589283 -51.64549825  -0.67754631
   0.92940367]","[  0.93295767   0.07107306 -21.961521    22.48916952  -1.20856796
   0.39018209]","[ 1.21737024e-01  1.57806711e-02 -9.82857092e+01  1.39650097e+01
 -1.18021019e+00 -4.63918082e-01]",[ 0.10403809  0.11026651 14.32770637  0.50937282 -1.31302404 -0.09720963],[-1.43005876  0.11902292 13.20418964 20.88276709 -1.25812535 -0.27148218],014
717,0,0.6736455444160823,0,"[-3.28507913e+00  5.54158566e-02 -2.37509353e+01 -7.60237017e+01
 -5.51461401e-01 -9.82080412e-01]","[ 1.06922778e-01  2.62172374e-02  5.99247310e+01 -4.40731871e+00
 -1.22777969e+00  2.83341785e-01]","[ -0.7237781    0.05303769 -28.57359061 -18.68093904  -1.01071492
  -0.66446277]","[ -3.97625451   0.05067251  -4.95769116 -17.71304183  -1.61412758
   0.30122518]","[  0.89464931   0.05231463 -29.49641651  28.38894867  -1.12162225
   0.52535027]","[ 1.10593105e-01  2.04427699e-02 -7.66992777e+01  1.04824113e+01
 -1.25634458e+00 -3.13720767e-01]",[ 0.16989522  0.101133   15.59923585 -0.65023562 -1.30060876 -0.16411102],[-1.36231003  0.0971092  16.12924586 23.97303349 -1.22792677 -0.33761611],014
718,0,0.7568425745549912,0,"[ -3.32831754   0.09848005 -15.42278083 -49.33191196  -1.07006603
  -0.62869663]","[ 1.25257705e-01  3.15272543e-02  4.98513438e+01 -4.24426491e+00
 -1.24915724e+00  2.72249026e-01]","[ -0.76401677   0.07787027 -19.91681772 -13.21678268  -1.16009312
  -0.47142615]",[-3.95401582  0.09253511 14.25462151 58.36299898 -0.51201363  1.01019537],"[ 8.68126212e-01  3.40643705e-02 -4.39581069e+01  4.01611848e+01
 -9.28392004e-01  7.40187973e-01]","[ 9.67029468e-02  2.43584544e-02 -6.46650030e+01  8.25329634e+00
 -1.28960281e+00 -2.13238078e-01]",[ 0.22891469  0.08843879 17.792184   -2.07289221 -1.27872345 -0.24080111],[-1.30823426  0.07536479 20.67399322 29.0464263  -1.18308789 -0.41828277],014
719,0,0.8381409707450527,0,"[ -3.39884874   0.13711077 -11.38830747 -36.70713446  -1.24956494
  -0.37225888]","[ 1.46832725e-01  3.71318100e-02  4.24061851e+01 -4.22661572e+00
 -1.27698047e+00  2.24533121e-01]","[ -0.82025223   0.10281767 -15.2154691  -10.48052249  -1.22338934
  -0.35637731]",[-3.87792426  0.17113477  8.81750177 36.19360401 -0.99020752  0.68856743],"[ 8.53015635e-01  1.77027854e-02 -7.33328582e+01  6.45540745e+01
 -4.42503229e-01  1.05015443e+00]","[ 8.05977707e-02  2.73862517e-02 -5.76421528e+01  6.64582901e+00
 -1.30540313e+00 -1.38730034e-01]",[ 0.27911447  0.0730396  21.44280918 -3.98499823 -1.24069506 -0.33557156],[-1.26744019  0.05483279 28.15787292 37.68841991 -1.11028637 -0.52503824],014
720,0,1.0033944889335336,0,"[ -3.49103614   0.16564251  -9.51049216 -31.20147182  -1.31275743
  -0.20322679]",[ 0.17156186  0.04208956 37.48716319 -4.43136727 -1.30245552  0.15875633],"[ -0.89211235   0.12708687 -12.36280559  -9.02901152  -1.25774784
  -0.27727652]",[-3.74822355  0.25327475  6.12066876 24.9416348  -1.16322878  0.47446077],"[ 8.48546494e-01  9.21365665e-03  3.04175925e+01 -2.38107415e+01
 -1.61472150e+00  2.88708969e-01]","[ 6.28660017e-02  2.94518324e-02 -5.36568955e+01  5.37319449e+00
 -1.31251129e+00 -7.91762435e-02]",[ 0.31907819  0.05595356 27.73026547 -6.84812291 -1.16906287 -0.46463423],"[-1.23896061e+00  3.63626545e-02  4.16629359e+01  5.36187366e+01
 -9.74443677e-01 -6.82006363e-01]",014
721,0,0.9713785006755612,0,"[ -3.59744084   0.18146653  -8.70795365 -29.32634812  -1.33465163
  -0.07417914]",[ 0.1987694   0.04548795 34.73843623 -4.90493812 -1.32183542  0.08137643],"[ -0.97873761   0.14972756 -10.52027729  -8.29659101  -1.2800998
  -0.21474005]",[-3.56687149  0.33245691  4.70923745 18.79724479 -1.23770506  0.34162345],"[ 8.53704351e-01  1.78664785e-02  7.92485496e+01 -6.56548316e+01
 -7.56391466e-01  8.80536014e-01]","[ 4.41166364e-02  3.05450570e-02 -5.17595418e+01  4.28345689e+00
 -1.31441357e+00 -2.92446473e-02]","[ 3.48029752e-01  3.83308979e-02  3.95592407e+01 -1.17677928e+01
 -1.01202855e+00 -6.62132971e-01]","[-1.22139534e+00  2.06618424e-02  6.93414632e+01  8.66933401e+01
 -6.68988238e-01 -9.36315043e-01]",014
722,0,0.9713785006755612,0,"[ -3.70962689   0.18355298  -8.61185905 -29.94678393  -1.33610007
   0.0401204 ]","[ 2.27227774e-01  4.65142810e-02  3.39891321e+01 -5.72327483e+00
 -1.33255320e+00 -8.74910929e-03]",[-1.07865401  0.16957418 -9.30465091 -8.036499   -1.29571791 -0.15990835],[-3.33805983  0.40379752  3.89615858 15.00561046 -1.27798466  0.24470044],"[ 8.67370119e-01  2.93248380e-02  5.24234053e+01 -4.34704953e+01
 -1.13099857e+00  5.45285386e-01]","[ 2.49412211e-02  3.07202398e-02 -5.14674444e+01  3.28366091e+00
 -1.31282915e+00  1.35424012e-02]","[ 3.65852504e-01  2.16017430e-02  6.42795815e+01 -2.15168459e+01
 -6.04582604e-01 -9.76648238e-01]","[-1.21306360e+00  8.87121960e-03  1.10623475e+02  1.36193311e+02
 -3.67967248e-01 -1.01912761e+00]",014
723,0,0.9713785006755612,0,"[ -3.81894767   0.17211853  -9.16622046 -33.00531625  -1.32014466
   0.15680435]",[ 0.25526105  0.04455635 35.43995507 -7.04644016 -1.32911897 -0.11802647],[-1.18970151  0.18541092 -8.51935395 -8.13548821 -1.30615223 -0.10919351],[-3.06863261  0.462287    3.41251705 12.4717611  -1.30186642  0.16460174],"[  0.88842523   0.03969309  39.39895793 -33.00302828  -1.23723723
   0.35716347]","[ 5.87805150e-03  3.00907507e-02 -5.25344679e+01  2.30880031e+00
 -1.30893051e+00  5.02588294e-02]","[ 3.73046879e-01  9.60063365e-03  4.30759576e+01 -1.40693516e+01
 -1.35766648e+00 -4.40504433e-01]","[-1.21215269e+00  7.01667056e-03 -1.51674951e+02 -1.81853201e+02
 -6.83653483e-01 -7.56233771e-01]",014
724,0,0.9713785006755612,0,"[ -3.91731143   0.14858218 -10.56223517 -39.37556456  -1.27814238
   0.2924731 ]","[ 2.80927780e-01  3.93478704e-02  3.99447109e+01 -9.22157895e+00
 -1.29791952e+00 -2.58746619e-01]",[-1.30907583  0.19622834 -8.05502426 -8.54463755 -1.31202053 -0.06155702],[-2.76815737  0.50335049  3.13886973 10.68888537 -1.31530304  0.09322381],"[  0.91581747   0.04866414  32.32133705 -27.60044502  -1.27384419
   0.25076694]","[-1.26175386e-02  2.88136184e-02 -5.48451752e+01  1.30798888e+00
 -1.30368452e+00  8.13939434e-02]","[ 3.70631611e-01  1.42102033e-02 -9.28601462e+01  3.64169056e+01
 -6.22712834e-01 -9.27897155e-01]","[-1.21685238e+00  1.25946591e-02 -1.20445399e+02 -1.44564271e+02
 -1.12525793e+00 -6.01382603e-01]",014
725,0,0.9713785006755612,0,"[ -3.99793824   0.11565358 -13.39894763 -51.56816514  -1.18236531
   0.47075874]","[ 3.02284385e-01  3.11353887e-02  4.98165236e+01 -1.30587572e+01
 -1.20345640e+00 -4.54965424e-01]",[-1.43349397  0.20143081 -7.8492204  -9.2518101  -1.3139928  -0.01682809],[-2.44850949  0.52369187  3.01891956  9.39185317 -1.32087447  0.02666999],"[  0.94858931   0.05630206  28.00549351 -24.56571164  -1.28930804
   0.1838664 ]","[-3.01922189e-02  2.70663669e-02 -5.83630145e+01  2.37891089e-01
 -1.29791439e+00  1.07293925e-01]","[ 3.59999926e-01  2.44799277e-02 -6.24724876e+01  2.44900909e+01
 -1.12568929e+00 -5.73657909e-01]","[-1.22546655e+00  1.69879446e-02 -9.23432862e+01 -1.11163608e+02
 -1.30471211e+00 -2.88840807e-01]",014
726,0,0.9713785006755612,0,"[ -4.05605898   0.07742519 -19.30435949 -76.29962068  -0.94833555
   0.73511767]","[ 3.17701062e-01  2.08334225e-02  7.12599512e+01 -2.06393622e+01
 -9.35390045e-01 -7.54309135e-01]","[ -1.55943757   0.20089946  -7.86976725 -10.27241068  -1.31293002
   0.02536354]",[-2.12300894  0.52185537  3.02937457  8.4313893  -1.31990962 -0.03765069],"[  0.9858757    0.06270567  25.17661882 -22.82101681  -1.29715987
   0.1372896 ]","[-4.66010255e-02  2.50241792e-02 -6.31011544e+01 -9.40578507e-01
 -1.29222669e+00  1.28285595e-01]","[ 3.42750372e-01  3.31082318e-02 -4.72931461e+01  1.82097434e+01
 -1.26631037e+00 -3.30906654e-01]","[-1.23649633e+00  1.94450525e-02 -8.12130396e+01 -9.84196255e+01
 -1.33474108e+00 -1.11913320e-01]",014
727,0,0.9713785006755612,0,"[-4.08943321e+00  4.00783874e-02 -3.11141751e+01 -1.25239341e+02
 -4.05521145e-01  1.05363739e+00]","[ 3.26169234e-01  1.05010608e-02  1.07124142e+02 -3.29405993e+01
 -4.14661532e-01 -9.97636679e-01]","[ -1.68340425   0.1949112   -8.10912168 -11.65092994  -1.30956638
   0.06612727]",[-1.80529545  0.49835993  3.16986283  7.72253895 -1.31281448 -0.10224737],"[  1.02688028   0.0679337   23.25524676 -21.88035428  -1.30177113
   0.10157828]","[-6.17040740e-02  2.28461002e-02 -6.90931019e+01 -2.26332587e+00
 -1.28691176e+00  1.44327946e-01]","[ 3.20525238e-01  3.93958367e-02 -4.00098120e+01  1.48241545e+01
 -1.30571130e+00 -1.90245946e-01]","[-1.24869184e+00  2.02230464e-02 -7.81784117e+01 -9.56207450e+01
 -1.33080313e+00  1.57380845e-03]",014
728,0,0.978300049650416,0,"[-4.09854584e+00  2.23916305e-02  2.12336276e+01  8.90269960e+01
 -1.42730845e+00  3.40915089e-01]","[ 3.27523733e-01  7.78284680e-03 -1.07858720e+02  3.73262906e+01
 -8.67467047e-01 -6.34638132e-01]","[ -1.80211249   0.18399195  -8.58540599 -13.47186738  -1.30409169
   0.10735601]",[-1.50816705  0.45551422  3.46277094  7.22243703 -1.29887884 -0.17007364],"[  1.07083919   0.07199238  21.95338922 -21.50854943  -1.30479235
   0.07167647]","[-7.54582621e-02  2.06727489e-02 -7.63390747e+01 -3.76041391e+00
 -1.28216766e+00  1.54341752e-01]","[  0.2948891    0.04340653 -36.39542444  12.73261391  -1.31675745
  -0.09861316]","[-1.26107363e+00  1.97125156e-02 -8.01615329e+01 -9.90895950e+01
 -1.31710599e+00  8.28278582e-02]",014
729,0,0.978300049650416,0,"[-4.08640389e+00  4.12306082e-02  3.52967194e+01  1.46236652e+02
 -9.43311848e-01  7.61600974e-01]","[ 3.22516759e-01  1.45557981e-02 -1.02147296e+02  3.49442149e+01
 -1.03893193e+00 -6.90977189e-01]","[ -1.91263565   0.16879084  -9.34988904 -15.88293114  -1.29594849
   0.15157159]",[-1.24255725  0.39707534  3.96215929  6.92320976 -1.27582149 -0.24497561],"[  1.11698359   0.07484155  21.1230043  -21.59404927  -1.3069753
   0.04446109]","[-8.79059693e-02  1.86290404e-02 -8.47107277e+01 -5.44657863e+00
 -1.27859162e+00  1.56092007e-01]","[ 2.67257476e-01  4.53739865e-02 -3.48428020e+01  1.13119993e+01
 -1.31819502e+00 -3.20608100e-02]","[-1.27292932e+00  1.83094210e-02 -8.62067931e+01 -1.07735155e+02
 -1.30017532e+00  1.45255135e-01]",014
730,0,0.978300049650416,0,"[-4.05797552e+00  6.02958429e-02  2.58684451e+01  1.06973517e+02
 -1.29321058e+00  3.65240407e-01]","[ 3.12721537e-01  2.01637708e-02 -7.76750073e+01  2.62906477e+01
 -1.33417122e+00 -2.98666639e-01]","[ -2.01246997   0.15001291 -10.5048378  -19.14067058  -1.28370125
   0.20210037]",[-1.01676256  0.32782986  4.7784729   6.85857236 -1.23869423 -0.3327354 ],"[ 1.16451185e+00  7.64060148e-02  2.06932447e+01 -2.20975286e+01
 -1.30851796e+00  1.77421866e-02]","[-9.91599355e-02  1.68205574e-02 -9.38383034e+01 -7.30500011e+00
 -1.27722429e+00  1.47533844e-01]","[ 2.38861738e-01  4.55781375e-02 -3.46887560e+01  1.02858165e+01
 -1.31540148e+00  2.08789018e-02]","[-1.28379273e+00  1.63731632e-02 -9.62721070e+01 -1.21593431e+02
 -1.28230395e+00  1.94660939e-01]",014
731,0,0.983945371728044,0,"[-4.01941860e+00  7.03227637e-02  2.24518714e+01  9.22434697e+01
 -1.36622131e+00  1.02642466e-01]","[ 3.00291796e-01  2.23127841e-02 -7.08087512e+01  2.32632871e+01
 -1.38986339e+00 -1.33012639e-02]","[ -2.09956032   0.12839462 -12.24404327 -23.70710743  -1.26435179
   0.26403026]",[-0.83599973  0.25308798  6.14259668  7.13520917 -1.17639465 -0.44399721],"[ 1.21257737e+00  7.65969464e-02  2.06420054e+01 -2.30300286e+01
 -1.30918422e+00 -9.89657520e-03]","[-1.09381770e-01  1.53170354e-02 -1.03090531e+02 -9.27622475e+00
 -1.27885883e+00  1.29434094e-01]","[  0.21072956   0.04432425 -35.65933543   9.51447594  -1.30975464
   0.06522344]","[-1.29341075e+00  1.42074806e-02 -1.10802486e+02 -1.41313126e+02
 -1.26502282e+00  2.32897128e-01]",014
732,0,0.999688257637654,0,"[-3.97725987e+00  7.04354250e-02  2.24180150e+01  9.11622716e+01
 -1.35823660e+00 -1.04143305e-01]","[ 2.87633370e-01  2.06909259e-02 -7.59094928e+01  2.38341032e+01
 -1.34185111e+00  2.53296652e-01]","[ -2.17230553   0.10469071 -14.95144467 -30.47910593  -1.23100421
   0.34655133]",[-0.70235519  0.17811646  8.58953517  8.03290464 -1.05872336 -0.60222177],"[  1.26029196   0.07534377  20.98289633 -24.44457548  -1.30861246
  -0.03921007]","[-1.18751770e-01  1.41293041e-02 -1.11802482e+02 -1.12767426e+01
 -1.28336319e+00  1.07468381e-01]","[  0.18366677   0.04196005 -37.65030365   8.91510948  -1.30188084
   0.10181374]","[-1.30170151e+00  1.20491771e-02 -1.30512218e+02 -1.67887952e+02
 -1.25021590e+00  2.59901166e-01]",014
733,0,0.999688257637654,0,"[-3.93763185e+00  6.16157470e-02  2.54245607e+01  1.02112560e+02
 -1.29276306e+00 -3.14739449e-01]","[ 2.77048698e-01  1.57928925e-02 -9.64517011e+01  2.87218182e+01
 -1.13745982e+00  5.84678663e-01]","[ -2.2295506    0.0796741  -19.46852253 -41.40605606  -1.16509666
   0.4685691 ]",[-0.61512892  0.10787443 13.52207538 10.31781966 -0.7840274  -0.85856299],"[  1.30674096   0.07262111  21.76346259 -26.43920801  -1.30656434
  -0.07081221]","[-1.27432032e-01  1.31959764e-02 -1.19740632e+02 -1.32587920e+01
 -1.28968716e+00  9.12719953e-02]","[ 1.58237517e-01  3.88854887e-02 -4.06072539e+01  8.42559101e+00
 -1.29300730e+00  1.28848654e-01]","[-1.30870718e+00  1.00594828e-02 -1.56221436e+02 -2.02448114e+02
 -1.23981627e+00  2.75915962e-01]",014
734,0,0.999688257637654,0,"[-3.90562601e+00  4.60099849e-02  3.32018796e+01  1.31674124e+02
 -1.11500844e+00 -5.85073716e-01]","[ 2.70405413e-01  9.05516932e-03 -1.39712756e+02  3.97790855e+01
 -5.54022263e-01  9.51607586e-01]","[-2.27057415e+00  5.42212268e-02 -2.79080647e+01 -6.13673302e+01
 -1.00570206e+00  6.72130831e-01]",[-0.5714573   0.04976778 21.1886196  14.1083914  -0.38469569 -1.0074655 ],"[  1.35100403   0.06845128  23.07758055 -29.17790439  -1.30283402
  -0.10600227]","[-1.35530422e-01  1.23929480e-02 -1.27500627e+02 -1.52802138e+01
 -1.29615584e+00  9.03809815e-02]","[ 1.34750395e-01  3.55288926e-02 -4.44300142e+01  7.98696198e+00
 -1.28508282e+00  1.43386320e-01]","[-1.31454398e+00  8.31841411e-03 -1.88848459e+02 -2.46249604e+02
 -1.23458648e+00  2.84348120e-01]",014
735,0,0.9877026834499704,0,"[-3.88479378e+00  2.70542095e-02  5.06116364e+01  1.98615771e+02
 -6.27919467e-01 -9.56371840e-01]","[ 2.68866991e-01  6.08324504e-03  8.55621528e+01 -2.10048386e+01
 -1.27205835e+00  4.46199008e-01]","[-2.29508419e+00  2.98878783e-02 -4.51106736e+01 -1.01532794e+02
 -5.52783585e-01  9.96136210e-01]","[ -0.56701745   0.04072003 -23.95457176 -11.58266024  -0.65570788
  -0.78447681]","[  1.39217074   0.06287887  25.10102566 -32.94491353  -1.2967866
  -0.14770543]","[-1.43074414e-01  1.15637874e-02 -1.36595124e+02 -1.75432673e+01
 -1.30047059e+00  1.11037746e-01]","[ 1.13262415e-01  3.22954924e-02 -4.88794161e+01  7.53620071e+00
 -1.27999711e+00  1.42735399e-01]","[-1.31935204e+00  6.82541838e-03 -2.30031722e+02 -3.01492822e+02
 -1.23269615e+00  2.95376955e-01]",014
736,0,0.9877026834499704,0,"[-3.87680715e+00  1.31853784e-02  1.21138880e+01  4.89632075e+01
 -1.64505006e+00 -2.78617569e-01]","[ 2.72712560e-01  1.20757996e-02  1.18737803e+02 -3.03812903e+01
 -8.41681203e-01  8.31279545e-01]",[-2.303227    0.01508609  2.5464528   7.86505885 -1.72134864  0.25250604],"[ -0.59663999   0.07941945 -18.73907554  -9.18048192  -0.97185312
  -0.7280906 ]","[  1.42934279   0.05593734  28.17185228 -38.26723398  -1.28632258
  -0.2016124 ]","[-1.50000592e-01  1.05559597e-02 -1.49480356e+02 -2.04221419e+01
 -1.29922124e+00  1.57290485e-01]","[ 9.36083238e-02  2.95152906e-02 -5.35031548e+01  7.00834064e+00
 -1.27859013e+00  1.25655836e-01]","[-1.32324864e+00  5.50936758e-03 -2.84429909e+02 -3.74371490e+02
 -1.22708039e+00  3.30297343e-01]",014
737,0,0.9877026834499704,0,"[-3.88129808e+00  2.13110891e-02 -6.40789648e+01 -2.46709563e+02
 -7.47124778e-01 -8.68388521e-01]","[ 2.81268660e-01  1.83474235e-02  8.45593738e+01 -2.17839018e+01
 -1.25932158e+00  4.28683532e-01]","[-2.29560507e+00  2.86241180e-02  4.80855763e+01  1.12385493e+02
 -6.52906022e-01  9.38756199e-01]","[ -0.65473926   0.11734876 -13.24726053  -6.67350158  -1.21474849
  -0.43070069]","[  1.46162805   0.04764036  32.97497758 -46.19715224  -1.26537967
  -0.27802936]","[-1.56160922e-01  9.24859178e-03 -1.70159530e+02 -2.45722691e+01
 -1.28576177e+00  2.35830527e-01]","[ 7.54538517e-02  2.74112497e-02 -5.76416738e+01  6.34928631e+00
 -1.28025152e+00  9.35909311e-02]","[-1.32629102e+00  4.25087007e-03 -3.66059005e+02 -4.83500769e+02
 -1.19429608e+00  4.28310762e-01]",014
738,0,0.9877026834499704,0,"[-3.89593087e+00  3.34105431e-02 -4.63386373e+01 -1.78532127e+02
 -1.27455539e+00 -4.35336119e-01]","[ 2.92971251e-01  2.18209101e-02  7.23010529e+01 -1.91821299e+01
 -1.38611758e+00  1.20395603e-01]","[-2.27329762e+00  4.90260212e-02  3.11651418e+01  7.28476427e+01
 -1.09221084e+00  5.94037076e-01]","[ -0.73555834   0.14761914 -10.64849225  -5.83258723  -1.28677668
  -0.26001767]","[ 1.48814395e+00  3.80243549e-02  4.10187027e+01 -5.90417344e+01
 -1.21677533e+00 -3.96310020e-01]","[-1.61342547e-01  7.56914770e-03 -2.06475583e+02 -3.13132964e+01
 -1.24212018e+00  3.64035299e-01]","[ 5.83636134e-02  2.60899111e-02 -6.05896515e+01  5.53623100e+00
 -1.28344086e+00  5.17899283e-02]","[-1.32845430e+00  2.92650338e-03 -5.15813991e+02 -6.83235315e+02
 -1.03578344e+00  6.63068593e-01]",014
739,0,0.9877026834499704,0,"[-3.91675347e+00  3.93618223e-02 -4.00978054e+01 -1.55053218e+02
 -1.40746371e+00 -8.03145227e-02]","[ 3.05559517e-01  2.13872774e-02  7.36356446e+01 -2.05000720e+01
 -1.38433204e+00 -1.75023537e-01]",[-2.2378666   0.06780464 23.02732612 53.532084   -1.23275938  0.37884105],[-0.83330741  0.16918168 -9.32790229 -5.77301012 -1.31150697 -0.14950894],"[ 1.50804673e+00  2.72594444e-02  5.60530821e+01 -8.25306671e+01
 -1.08483619e+00 -5.97116919e-01]","[-1.65295301e-01  5.51053591e-03 -2.77396397e+02 -4.38523210e+01
 -1.10486883e+00  5.85907701e-01]","[ 4.18708586e-02  2.55461913e-02 -6.18920270e+01  4.59147231e+00
 -1.28679391e+00  8.84254799e-03]","[-1.32962738e+00  1.56671177e-03 -7.38808070e+02 -9.80339441e+02
 -5.57462931e-01  8.87649127e-01]",014
740,0,0.9877026834499704,0,"[-3.93879782e+00  3.72451885e-02 -4.21335758e+01 -1.63955637e+02
 -1.36975685e+00  2.52341764e-01]","[ 3.16377369e-01  1.68332711e-02  9.04760913e+01 -2.66245877e+01
 -1.18610385e+00 -5.57104069e-01]",[-2.19132458  0.08338683 18.86522179 43.33982419 -1.28579382  0.24471743],[-0.94228686  0.18202008 -8.68284798 -6.18173358 -1.31923829 -0.06894222],"[ 1.52059089e+00  1.59671486e-02  8.70579765e+01 -1.30379566e+02
 -6.69542665e-01 -9.32824179e-01]","[-1.67761020e-01  3.20983787e-03 -4.22694199e+02 -6.89116099e+01
 -6.40689884e-01  9.37398540e-01]","[ 2.55378477e-02  2.56801686e-02 -6.15665019e+01  3.57227595e+00
 -1.28983048e+00 -2.65997141e-02]","[-1.32962609e+00  1.56934456e-03  5.54248953e+02  7.38943865e+02
 -5.55089660e-01  8.89527573e-01]",014
741,0,0.9877026834499704,0,"[-3.95682366e+00  2.75322323e-02 -5.40823278e+01 -2.11994234e+02
 -1.06648631e+00  6.72864911e-01]","[ 3.22734735e-01  9.67424913e-03  1.14457194e+02 -3.49393122e+01
 -6.50048184e-01 -7.97174801e-01]",[-2.13605723  0.09503933 16.60523103 37.46972375 -1.30857666  0.14938018],"[-1.05700470e+00  1.86544821e-01 -8.47561439e+00 -6.95876426e+00
 -1.31996605e+00 -3.44441727e-03]","[ 1.52520889e+00  7.99746535e-03  2.37105408e+01 -3.41635277e+01
 -1.65904222e+00 -2.78808699e-01]","[-1.68500049e-01  1.85331051e-03  8.49530984e+01  1.63146013e+01
 -1.65917648e+00  2.86408263e-01]","[ 8.99984445e-03  2.63290859e-02 -6.00410383e+01  2.54036001e+00
 -1.29261410e+00 -4.97566912e-02]","[-1.32821917e+00  3.63889323e-03  3.92373660e+02  5.23158216e+02
 -6.70468297e-01  9.36625071e-01]",014
742,0,0.9864178613060222,0,"[-3.96606192e+00  1.49833643e-02 -5.39863008e+01 -2.12113012e+02
 -9.32078105e-01  5.90001837e-01]","[ 3.22264653e-01  1.06223276e-02 -8.64568516e+01  2.98619873e+01
 -5.15019633e-01 -9.08025451e-01]",[-2.07471649  0.1023669  15.43824287 34.02997703 -1.31809534  0.07393419],[-1.17221723  0.1832274  -8.62673168 -8.1124035  -1.31746804  0.05781265],"[ 1.52158898e+00  1.47267954e-02 -9.03980369e+01  1.39548657e+02
 -5.46794864e-01 -9.92158637e-01]","[-1.67311782e-01  3.94256312e-03  3.46571872e+02  5.99855575e+01
 -5.68887626e-01  9.92931250e-01]","[-8.00782528e-03  2.73051659e-02 -5.78894325e+01  1.53643154e+00
 -1.29535043e+00 -6.04428241e-02]","[-1.32515957e+00  6.37228329e-03  2.38081731e+02  3.17496285e+02
 -9.90890690e-01  6.69271864e-01]",014
743,0,0.9864178613060222,0,"[-3.96280419e+00  2.15170114e-02  5.28795457e+01  2.11551285e+02
 -3.81654940e-01  1.02686881e+00]","[ 3.13211637e-01  2.34083334e-02 -6.16604004e+01  2.13127550e+01
 -7.58118964e-01 -8.81486082e-01]","[-2.01011243e+00  1.05205946e-01  1.50283367e+01  3.22086462e+01
 -1.32077114e+00  8.04321206e-03]",[-1.28283363  0.17226592 -9.16597518 -9.75842121 -1.31159646  0.12659296],"[ 1.50972545e+00  2.66126002e-02 -5.69220098e+01  8.79366068e+01
 -1.02630575e+00 -6.58723868e-01]","[-1.64047775e-01  7.12383378e-03  2.12417712e+02  3.68466531e+01
 -9.98106969e-01  6.75688392e-01]","[-2.56328745e-02  2.84158455e-02 -5.56268024e+01  5.74125153e-01
 -1.29862464e+00 -6.02133419e-02]","[-1.32021296e+00  9.50986295e-03  1.62592636e+02  2.16656904e+02
 -1.12400127e+00  5.09001630e-01]",014
744,0,0.9864178613060222,0,"[-3.94471670e+00  4.38381143e-02  3.37231206e+01  1.35028157e+02
 -8.83033590e-01  7.88586398e-01]","[ 2.94605043e-01  3.86199048e-02 -3.96527756e+01  1.36819077e+01
 -1.08527547e+00 -5.86436392e-01]",[-1.94512959  0.10352626 15.26825201 31.69872883 -1.31900915 -0.05643135],"[ -1.38371086   0.15343449 -10.26265965 -12.20055358  -1.29621514
   0.21933996]","[ 1.48992524e+00  3.84750136e-02 -4.04039696e+01  6.21988941e+01
 -1.19118149e+00 -4.39478257e-01]","[-1.58618616e-01  1.05298533e-02  1.47167120e+02  2.53434450e+01
 -1.15386110e+00  4.80739046e-01]","[-4.38913009e-02  2.94551959e-02 -5.36688698e+01 -3.55596512e-01
 -1.30315592e+00 -4.94158839e-02]","[-1.31317843e+00  1.29488593e-02  1.20438118e+02  1.60156739e+02
 -1.19011858e+00  4.05558163e-01]",014
745,0,0.9864178613060222,0,"[-3.91084512e+00  6.83751678e-02  2.25559758e+01  9.02129279e+01
 -1.13342375e+00  5.24603237e-01]","[  0.2663014    0.05367368 -29.04890705   9.73576448  -1.21270473
  -0.40171485]",[-1.88267382  0.09734514 16.21983811 32.53666454 -1.31200745 -0.1282918 ],"[ -1.46945251   0.12628169 -12.37309215 -16.1816713   -1.24907947
   0.36432582]","[  1.46277232   0.04938236 -31.76277628  48.46170996  -1.25421546
  -0.30831756]","[-1.50997809e-01  1.39690690e-02  1.11951597e+02  1.89044458e+01
 -1.22137338e+00  3.61882354e-01]","[-6.26529711e-02  3.01852525e-02 -5.23777286e+01 -1.28162032e+00
 -1.30873365e+00 -2.69229916e-02]","[-1.30390032e+00  1.66019020e-02  9.43740739e+01  1.25054385e+02
 -1.22760905e+00  3.32764332e-01]",014
746,0,0.9864178613060222,0,[-3.86139359  0.09212604 16.96625351 67.51338249 -1.22678018  0.36740606],"[  0.22891397   0.06725183 -23.35815581   7.34700819  -1.2693578
  -0.27778824]",[-1.82561977  0.08673512 18.15560007 35.14522235 -1.29413262 -0.21868447],"[ -1.53437125   0.09088849 -16.71946251 -23.65386254  -1.08461816
   0.61877187]","[  1.42906344   0.05894218 -26.71641175  40.17944715  -1.28230393
  -0.22166349]","[-1.41225877e-01  1.73124192e-02  9.07412560e+01  1.48150134e+01
 -1.25726899e+00  2.79854898e-01]","[-8.16321049e-02  3.03402771e-02 -5.21123754e+01 -2.25404289e+00
 -1.31366806e+00  8.29935362e-03]","[-1.29227112e+00  2.03885608e-02  7.70616727e+01  1.01584574e+02
 -1.25065842e+00  2.78388892e-01]",014
747,0,0.9864178613060222,0,[-3.79744176  0.11376005 13.81774794 54.47209301 -1.26871227  0.2651379 ],"[  0.1836724    0.07846511 -20.09213044   5.69036977  -1.29684357
  -0.18686667]",[-1.7767073   0.07197468 21.74312497 40.6311689  -1.25001652 -0.34390647],"[ -1.57274601   0.05076983 -24.85546398 -37.09133173  -0.55496675
   0.94473661]","[  1.38973089   0.06696807 -23.56082734  34.74320957  -1.29576372
  -0.16000485]","[-1.29415405e-01  2.04319264e-02  7.70885742e+01  1.19764491e+01
 -1.27918936e+00  2.16709040e-01]","[-1.00390207e-01  2.96670252e-02 -5.32809187e+01 -3.34888247e+00
 -1.31538010e+00  5.64393954e-02]","[-1.27822707e+00  2.42405606e-02  6.49321903e+01  8.49980834e+01
 -1.26529962e+00  2.36440385e-01]",014
748,0,0.609259010969293,0,[-3.72073612  0.13234114 11.91194675 46.32121052 -1.29171143  0.18976408],"[  0.13225423   0.08673524 -18.20924057   4.40824908  -1.31046598
  -0.11479507]",[-1.73835047  0.05380341 28.61810311 51.74829296 -1.13751833 -0.53364562],[-1.57939011  0.03772872 16.00757694 27.28220866 -1.06749936  0.58223438],"[  1.34576762   0.07340851 -21.51608351  30.95564858  -1.30222592
  -0.11392454]","[-1.15754519e-01  2.31965813e-02  6.80127368e+01  9.87278162e+00
 -1.29337121e+00  1.64130213e-01]","[-1.18358607e-01  2.79792546e-02 -5.64444592e+01 -4.68068754e+00
 -1.31108654e+00  1.18084131e-01]","[-1.26173879e+00  2.81094475e-02  5.60612433e+01  7.27346451e+01
 -1.27460151e+00  2.03830962e-01]",014
749,0,0.907678755148007,0,[-3.63357596  0.14698775 10.7425695  41.03394229 -1.30597907  0.12682001],"[  0.07661354   0.09174494 -17.22950187   3.32001308  -1.31633029
  -0.05381069]","[-1.71236651e+00  3.37735057e-02  4.30362248e+01  7.56937902e+01
 -8.19003904e-01 -8.41557933e-01]",[-1.55041444  0.08332504 16.99993564 28.35694563 -0.69479092  0.92307453],"[  1.29816919   0.07830094 -20.18301972  28.20097437  -1.3052183
  -0.0781581 ]","[-1.00504433e-01  2.54867987e-02  6.19664235e+01  8.22790025e+00
 -1.30231712e+00  1.18409314e-01]","[-1.34883581e-01  2.51957288e-02 -6.25501985e+01 -6.43699479e+00
 -1.29692377e+00  1.96699937e-01]","[-1.24280048e+00  3.19692189e-02  4.93317110e+01  6.33094744e+01
 -1.28060155e+00  1.78504923e-01]",014
750,0,0.907678755148007,0,[-3.53873007  0.15688318 10.07418481 37.64982074 -1.31403339  0.06982573],"[ 1.88197964e-02  9.34164481e-02 -1.69252737e+01  2.31853020e+00
 -1.31696717e+00  3.54303767e-04]","[-1.69967517e+00  1.59174799e-02  5.57809347e+01  9.68094697e+01
 -6.23325359e-01 -8.27345903e-01]",[-1.48401731  0.14086014 10.8440564  18.09276737 -1.07468258  0.60356853],"[  1.24790379   0.08171737 -19.34503454  26.14074201  -1.30672371
  -0.04892419]","[-8.39875271e-02  2.72140901e-02  5.80707856e+01  6.87722168e+00
 -1.30734303e+00  7.80325812e-02]","[-1.49293347e-01  2.13579888e-02 -7.34585197e+01 -8.96686825e+00
 -1.26400184e+00  3.01326191e-01]","[-1.22142204e+00  3.58073634e-02  4.40680521e+01  5.58256899e+01
 -1.28485375e+00  1.58443481e-01]",014
751,0,0.9013169800143958,0,"[-3.43931962e+00  1.61484992e-01  9.79077487e+00  3.56736041e+01
 -1.31659240e+00  1.68867156e-02]","[ -0.039086     0.09190025 -17.20109005   1.32767817  -1.31365636
   0.05010188]","[-1.70004188e+00  1.66566198e-02 -6.73852027e+01 -1.12557667e+02
 -5.56905186e-01 -8.80941611e-01]",[-1.38115328  0.19643736  7.93735485 12.96270367 -1.22001313  0.39916165],"[ 1.19591231e+00  8.37048359e-02 -1.88885571e+01  2.45890579e+01
 -1.30780428e+00 -2.28252189e-02]","[-6.65650209e-02  2.83365530e-02  5.57898942e+01  5.71365547e+00
 -1.30935530e+00  4.25081271e-02]","[-1.60985770e-01  1.66510859e-02 -9.32654038e+01 -1.30144029e+01
 -1.18872724e+00  4.49912912e-01]","[-1.19762842e+00  3.96049116e-02  3.98589088e+01  4.97361621e+01
 -1.28845807e+00  1.41447827e-01]",014
752,0,0.5928494781550738,0,"[-3.33861954e+00  1.60735756e-01  9.83586617e+00  3.48382150e+01
 -1.31454190e+00 -3.20240235e-02]","[ -0.09521899   0.08755016 -18.04573903   0.28170288  -1.30713878
   0.09705207]","[-1.71193508e+00  3.04165188e-02 -4.96412234e+01 -8.29825516e+01
 -1.09189797e+00 -6.34482456e-01]",[-1.2459617   0.2435133   6.45684693 10.04498396 -1.28725339  0.25483565],"[ 1.14312825e+00  8.42481627e-02 -1.87674988e+01  2.34536581e+01
 -1.30863835e+00  3.11620632e-03]","[-4.86061803e-02  2.88671334e-02  5.47719461e+01  4.66225509e+00
 -1.30901256e+00  1.19996882e-02]","[-1.69532143e-01  1.14430094e-02 -1.32107693e+02 -2.03965004e+01
 -1.00602325e+00  6.76061673e-01]","[-1.17146965e+00  4.33143452e-02  3.64578825e+01  4.47093030e+01
 -1.29202262e+00  1.25420502e-01]",014
753,0,0.5872821115331934,0,[-3.23974743  0.15516861 10.18492745 34.99659258 -1.30861845 -0.07590651],"[ -0.14796417   0.0808814  -19.51655733  -0.88775126  -1.29761979
   0.14234514]","[-1.73254110e+00  4.10478585e-02 -3.81985433e+01 -6.41805460e+01
 -1.32811983e+00 -2.86499675e-01]",[-1.08585736  0.2765858   5.7072224   8.19722942 -1.32206332  0.13566267],"[  1.09049981   0.08328208 -18.98374136  22.70176635  -1.30870354
   0.03089893]","[-3.04534489e-02  2.88755165e-02  5.47561388e+01  3.66751327e+00
 -1.30687043e+00 -1.26651882e-02]","[-1.74782008e-01  6.35171915e-03 -2.14897383e+02 -3.55601961e+01
 -5.46061244e-01  1.01057162e+00]",[-1.14303949  0.04684696 33.71916577 40.54233788 -1.29568414  0.10878187],014
754,0,0.5846876094290296,0,[-3.14527688  0.14591929 10.82479285 36.04697065 -1.29946643 -0.11160643],"[ -0.19607001   0.07252705 -21.73930887  -2.26242655  -1.28498261
   0.18625329]","[-1.75794420e+00  4.52200329e-02 -3.49394633e+01 -5.94216270e+01
 -1.38780927e+00 -1.94553763e-02]",[-0.9112254   0.29108632  5.43092557  6.94879732 -1.33748677  0.02304322],"[  1.03899512   0.08074995 -19.57460194  22.33791591  -1.30723637
   0.06125759]","[-1.23892932e-02  2.84833913e-02  5.55067983e+01  2.68769000e+00
 -1.30360511e+00 -3.01203858e-02]","[-1.76944875e-01  2.70752172e-03 -1.41592648e+02 -2.30540934e+01
 -1.32451488e+00  4.54244425e-01]",[-1.11249646  0.05007656 31.55356442 37.10322875 -1.29923106  0.09073365],014
755,0,0.5833967651145405,0,[-3.05688038  0.13466671 11.72461955 37.84075941 -1.28892548 -0.13273249],"[ -0.23871244   0.06319956 -24.91329357  -3.94711304  -1.26943601
   0.22763732]","[-1.78344898e+00  4.17926602e-02 -3.75578629e+01 -6.49825323e+01
 -1.34996947e+00  2.59147064e-01]",[-0.73472823  0.28395166  5.56312311  6.08738361 -1.33476446 -0.09654157],"[  0.98957741   0.07667536 -20.60638806  22.39161608  -1.30363654
   0.09392993]","[ 5.38939331e-03  2.78502059e-02  5.67660900e+01  1.69406521e+00
 -1.30008934e+00 -3.90112774e-02]","[-1.76623661e-01  3.30018651e-03  4.13577567e+02  7.50475838e+01
 -9.34837317e-01  7.22069470e-01]",[-1.08007961  0.0528576  29.90094588 34.29540197 -1.30232856  0.07121312],014
756,0,0.817586860522875,0,[-2.97509212  0.1234606  12.78948127 40.0498849  -1.28038439 -0.13076179],"[ -0.27552729   0.05364827 -29.30740258  -6.07498922  -1.25218165
   0.2634101 ]","[-1.80400270e+00  3.09882506e-02 -4.83928709e+01 -8.53008698e+01
 -1.09256519e+00  6.46286034e-01]",[-0.57029647  0.25420925  6.18787934  5.52892574 -1.30567266 -0.23982513],"[  0.9431479    0.07120978 -22.17444302  22.91377942  -1.29758406
   0.12809057]","[ 2.27839137e-02  2.71474387e-02  5.82356515e+01  6.73163940e-01
 -1.29721535e+00 -3.89061959e-02]","[-1.74782043e-01  4.51222287e-03  3.47501552e+02  6.27370312e+01
 -1.50382423e+00  1.57475292e-01]",[-1.04611316  0.0550498  28.71597667 32.0401611  -1.30470653  0.05060864],014
757,0,0.817586860522875,0,[-2.89923869  0.11438797 13.81162538 42.0431987  -1.27653833 -0.09936342],"[ -0.30661324   0.0446051  -35.21251379  -8.79662303  -1.23600635
   0.2875179 ]","[-1.81466656e+00  1.70081646e-02 -5.18849544e+01 -9.21538915e+01
 -8.57775696e-01  6.27518883e-01]",[-0.431906    0.20338428  7.63560029  5.29786158 -1.21757183 -0.43879994],"[  0.90046707   0.06464445 -24.40689214  23.97760267  -1.28899094
   0.16241456]","[ 3.97889299e-02  2.65245749e-02  5.96056729e+01 -3.71645944e-01
 -1.29563265e+00 -3.12249826e-02]","[-1.72644389e-01  4.06391601e-03  3.73947364e+02  6.65599143e+01
 -1.33709194e+00 -4.64603361e-01]","[-1.01099758e+00  5.65410290e-02  2.79623915e+01  3.02699101e+01
 -1.30620032e+00  2.94852675e-02]",014
758,0,0.817586860522875,0,"[-2.82757064e+00  1.09143134e-01  1.44843179e+01  4.29554321e+01
 -1.27654488e+00 -4.11934295e-02]","[-3.32502096e-01  3.67276469e-02 -4.27641257e+01 -1.22191614e+01
 -1.22583536e+00  2.89277987e-01]","[-1.81107973e+00  2.42534204e-02  4.53297588e+01  8.40958071e+01
 -3.45514347e-01  1.04513632e+00]",[-0.3322708   0.13628702 10.84709481  5.60417282 -0.93834839 -0.7569161 ],"[  0.86207232   0.05739549 -27.46411517  25.67605361  -1.27813834
   0.19459293]","[ 5.64686437e-02  2.60752182e-02  6.06356758e+01 -1.42401437e+00
 -1.29563141e+00 -1.96178858e-02]","[-1.71547613e-01  2.60891928e-03  2.57074224e+02  4.61004694e+01
 -1.31019822e+00 -3.01990698e-01]","[-9.75187928e-01  5.72639256e-02  2.76111603e+01  2.89260702e+01
 -1.30673097e+00  8.46482528e-03]",014
759,0,0.817586860522875,0,"[-2.75758043e+00  1.08680319e-01  1.45469698e+01  4.21144391e+01
 -1.27694571e+00  2.87172577e-02]","[-3.54093003e-01  3.05539980e-02 -5.14877407e+01 -1.62314487e+01
 -1.22749472e+00  2.53109996e-01]","[-1.78986049e+00  5.15987216e-02  2.83724877e+01  5.27827947e+01
 -8.12421243e-01  8.39720764e-01]",[-0.28164324  0.06859015 13.70982436  5.86127935 -0.6532323  -0.79204652],"[  0.82821347   0.04996745 -31.51969948  28.10503955  -1.26623409
   0.22071226]","[ 7.29177355e-02  2.58140975e-02  6.12505280e+01 -2.46624980e+00
 -1.29717912e+00 -9.23424770e-03]","[-1.72773092e-01  5.03966924e-03 -2.29769864e+02 -3.76980499e+01
 -2.63795178e-01 -1.12358655e+00]","[-9.39164231e-01  5.72044156e-02  2.76397448e+01  2.79582597e+01
 -1.30632896e+00 -1.18261900e-02]",014
760,0,0.817586860522875,0,[-2.68642373  0.11310731 13.96981032 39.52882997 -1.27624018  0.0904495 ],"[-3.72554262e-01  2.64676925e-02 -5.96048189e+01 -2.02060293e+01
 -1.24123084e+00  1.66080415e-01]",[-1.74890111  0.08344428 18.3883433  34.15939394 -1.09036593  0.57362026],"[ -0.28692203   0.07929399 -13.58775629  -1.89862661  -0.4496169
  -0.95859956]","[  0.79882636   0.04288915 -36.70265112  31.31904536  -1.25593646
   0.23540147]","[ 8.92159077e-02  2.56739084e-02  6.15853112e+01 -3.49438944e+00
 -1.29993392e+00 -5.00394611e-03]","[-1.77378681e-01  1.08324739e-02 -1.34798275e+02 -2.19103402e+01
 -7.83905279e-01 -8.58933716e-01]",[-0.90339991  0.05640105 28.03163691 27.32377836 -1.30515253 -0.03085458],014
761,0,0.817586860522875,0,[-2.61135586  0.12181263 12.96244255 35.84955036 -1.27649364  0.13100089],"[-3.89201405e-01  2.46530152e-02 -6.41182016e+01 -2.29548942e+01
 -1.25529902e+00  3.82953147e-02]",[-1.6875416   0.11565927 13.47857347 24.74565342 -1.20675878  0.40535431],[-0.35115298  0.16082133 -9.19522931 -1.22893222 -0.89986824 -0.77871105],"[ 7.73557600e-01  3.66216904e-02 -4.29879066e+01  3.52536219e+01
 -1.25073005e+00  2.33609116e-01]","[ 1.05386571e-01  2.55235448e-02  6.19476824e+01 -4.52845383e+00
 -1.30324235e+00 -1.00812829e-02]","[-1.86042648e-01  1.76662279e-02 -8.66940209e+01 -1.41287853e+01
 -1.08093010e+00 -5.88038752e-01]",[-0.86833373  0.05493474 28.77669889 26.98777818 -1.3034435  -0.04830704],014
762,0,0.817586860522875,0,[-2.53014414  0.13363    11.81196348 31.88597012 -1.28060499  0.14683508],"[-4.05360198e-01  2.50336995e-02 -6.31168884e+01 -2.35850744e+01
 -1.25907926e+00 -8.71444247e-02]",[-1.60663471  0.14550063 10.79176547 19.33842494 -1.26441328  0.28701039],[-0.47339514  0.24741747 -6.24709826 -0.95734596 -1.15905247 -0.49932484],"[ 7.51838944e-01  3.14622601e-02 -5.00732779e+01  3.96470404e+01
 -1.25276334e+00  2.13900749e-01]","[ 1.21367874e-01  2.51995211e-02  6.27412534e+01 -5.61477252e+00
 -1.30625879e+00 -2.56059198e-02]","[-1.98935417e-01  2.44284404e-02 -6.38393967e+01 -1.06999170e+01
 -1.22247320e+00 -3.96326133e-01]",[-0.83434979  0.05291068 29.87328325 26.92476756 -1.30146117 -0.06419357],014
763,0,0.8346399836493383,0,[-2.44145119  0.14687224 10.74874448 28.24253501 -1.28978919  0.13901114],"[-4.22222291e-01  2.72467765e-02 -5.79014457e+01 -2.24472811e+01
 -1.25996389e+00 -1.67421096e-01]",[-1.50852169  0.17056212  9.24096944 15.94020287 -1.29632253  0.19396208],[-0.64890822  0.32561934 -4.81080882 -1.1217734  -1.25412523 -0.32866227],"[ 7.32996258e-01  2.74866812e-02 -5.73745296e+01  4.40553155e+01
 -1.26093955e+00  1.81218883e-01]","[ 1.37000378e-01  2.45382250e-02  6.44213501e+01 -6.82574934e+00
 -1.30804250e+00 -5.16750178e-02]","[-2.15642533e-01  3.00788149e-02 -5.22951957e+01 -9.27706847e+00
 -1.29729054e+00 -2.43280465e-01]",[-0.80176893  0.0504374  31.33291406 27.12175687 -1.29941664 -0.07891494],014
764,0,0.8346399836493383,0,[-2.34517203  0.15931889  9.91461282 25.25147271 -1.30261513  0.10975442],"[-4.40707529e-01  3.06982332e-02 -5.13537757e+01 -2.06319956e+01
 -1.26859218e+00 -1.92688068e-01]",[-1.39692995  0.18871925  8.36902579 13.69094282 -1.31469087  0.11323555],[-0.8696102   0.3892664  -4.0465123  -1.51888835 -1.29585597 -0.21114346],"[ 7.16367290e-01  2.45609179e-02 -6.42676686e+01  4.80392556e+01
 -1.27173159e+00  1.45960044e-01]","[ 1.52032037e-01  2.34010916e-02  6.75230777e+01 -8.26567102e+00
 -1.30739703e+00 -8.85391036e-02]","[-2.35161945e-01  3.36680819e-02 -4.69099128e+01 -9.03142634e+00
 -1.33536545e+00 -1.06332844e-01]",[-0.77085101  0.04760903 33.18780395 27.58285206 -1.29738663 -0.0932467 ],014
765,0,0.8346399836493383,0,[-2.24265125  0.16840847  9.38549975 23.0484028  -1.31514575  0.06219582],"[-4.61359380e-01  3.46668107e-02 -4.54949791e+01 -1.89895353e+01
 -1.28417512e+00 -1.76558543e-01]",[-1.27679386  0.19820298  7.97605235 12.18377469 -1.32417811  0.03660795],[-1.12471803  0.43421076 -3.63691627 -2.0905053  -1.31560156 -0.11947776],"[ 7.01401075e-01  2.24112225e-02 -7.04716324e+01  5.14288788e+01
 -1.28195904e+00  1.19328980e-01]","[ 1.66137338e-01  2.16913326e-02  7.27788709e+01 -1.00912879e+01
 -1.30249730e+00 -1.37539076e-01]","[-2.55987990e-01  3.44820611e-02 -4.58414539e+01 -9.73486163e+00
 -1.34646928e+00  2.97332569e-02]",[-0.7418047   0.0444961  35.50104166 28.33483938 -1.29525467 -0.10819551],014
766,0,0.8346399836493383,0,"[-2.13667693e+00  1.71739654e-01  9.20619253e+00  2.16706592e+01
 -1.32252132e+00  4.94440450e-04]","[-4.84298450e-01  3.84216153e-02 -4.10894472e+01 -1.78995556e+01
 -1.30002467e+00 -1.36639281e-01]",[-1.15399677  0.19772134  7.99509688 11.22631598 -1.32576676 -0.04255971],[-1.40149851  0.45776841 -3.45336882 -2.83989126 -1.32362697 -0.04027794],"[ 6.87720439e-01  2.07089072e-02 -7.62780455e+01  5.44579709e+01
 -1.29015435e+00  1.09409900e-01]","[ 1.78944515e-01  1.93629539e-02  8.13807158e+01 -1.25626327e+01
 -1.29015852e+00 -2.02343161e-01]","[-2.76275556e-01  3.21601584e-02 -4.90125344e+01 -1.15409652e+01
 -1.32827094e+00  1.81991640e-01]",[-0.71480044  0.04114557 38.37996251 29.43401398 -1.29275009 -0.12484095],014
767,0,0.8346399836493383,0,[-2.0312102   0.16766728  9.42573986 21.14565892 -1.32117807 -0.07158981],"[ -0.50923775   0.04133449 -38.22842208 -17.46735557  -1.31150146
  -0.08592814]",[-1.03503509  0.18660065  8.46055002 10.75696619 -1.31748969 -0.13162694],[-1.68610279  0.45875262 -3.44609707 -3.8104739  -1.32341812  0.03415538],"[ 6.75143032e-01  1.91337429e-02 -8.25392114e+01  5.77257735e+01
 -1.29542044e+00  1.20781536e-01]","[ 1.90064845e-01  1.64226972e-02  9.55883426e+01 -1.61679835e+01
 -1.26337222e+00 -2.91683118e-01]","[-2.94057526e-01  2.67583914e-02 -5.82999081e+01 -1.51435268e+01
 -1.25623404e+00  3.80016770e-01]","[-6.89983148e-01  3.75867039e-02  4.19961217e+01  3.09766162e+01
 -1.28950762e+00 -1.44359133e-01]",014
768,0,0.8346399836493383,0,[-1.93090473  0.15565173 10.13784553 21.57521393 -1.30915271 -0.15344174],"[-5.35546073e-01  4.29498119e-02 -3.68096715e+01 -1.77132750e+01
 -1.31772121e+00 -3.09997811e-02]",[-0.92661198  0.16491634  9.53927582 10.83920728 -1.29241702 -0.24185069],[-1.96445731  0.43753321 -3.61000358 -5.09169793 -1.31556143  0.10968089],"[ 6.63667427e-01  1.74133230e-02 -9.06196996e+01  6.21413429e+01
 -1.29552277e+00  1.56108470e-01]","[ 1.99120748e-01  1.29291726e-02  1.20355638e+02 -2.19653047e+01
 -1.20226271e+00 -4.25860660e-01]","[-3.07476134e-01  1.88162786e-02 -7.98079588e+01 -2.25390426e+01
 -1.02538661e+00  6.83229024e-01]","[-6.67481753e-01  3.38382376e-02  4.66200447e+01  3.31180292e+01
 -1.28498041e+00 -1.68229450e-01]",014
769,0,0.8346399836493383,0,[-1.84052636  0.13620555 11.54679902 23.25218793 -1.28280945 -0.25063184],"[-5.62338474e-01  4.29844161e-02 -3.67804640e+01 -1.86830700e+01
 -1.31938052e+00  2.74478574e-02]",[-0.83517517  0.13361572 11.67002259 11.74651309 -1.22966374 -0.39494114],[-2.22315174  0.39595082 -3.98078206 -6.84988255 -1.29819784  0.19285274],"[ 6.53435162e-01  1.53519136e-02 -1.02585934e+02  6.90332566e+01
 -1.28553924e+00  2.18234891e-01]","[ 2.05771173e-01  9.00670558e-03  1.68268961e+02 -3.26249015e+01
 -1.03669609e+00 -6.52002231e-01]","[-3.14988328e-01  9.96731516e-03 -1.13776821e+02 -3.38383707e+01
 -5.07330884e-01  9.24798909e-01]","[-6.47413464e-01  2.99156889e-02  5.26851644e+01  3.61090848e+01
 -1.27818121e+00 -1.98431397e-01]",014
770,0,0.9837676761330566,0,[-1.76442347  0.11056656 14.1224971  26.91806531 -1.22905008 -0.37921369],"[ -0.58856365   0.04127199 -38.28098132 -20.53079396  -1.31634738
   0.09365045]",[-0.76642827  0.0947565  16.01585117 14.27500107 -1.05657497 -0.63790291],[-2.45025367  0.33710155 -4.65618309 -9.40882968 -1.2649747   0.29366802],"[ 6.44677161e-01  1.28554078e-02 -1.21971974e+02  8.06325456e+01
 -1.25558363e+00  3.13381372e-01]","[ 2.09733201e-01  4.98050076e-03  2.63782139e+02 -5.33238725e+01
 -5.42422961e-01 -9.85269135e-01]","[-3.15513506e-01  8.90775107e-03  9.75087576e+01  3.27653299e+01
 -6.71607636e-01  7.93756179e-01]","[-6.29882064e-01  2.58405100e-02  6.09080232e+01  4.03648714e+01
 -1.26734504e+00 -2.37591118e-01]",014
771,0,0.7250015062999998,0,[-1.70620326  0.08039265 19.05663378 34.5144907  -1.10106704 -0.57724201],"[-6.13062755e-01  3.77018281e-02 -4.18260199e+01 -2.36419749e+01
 -1.30534683e+00  1.77130148e-01]",[-0.72486593  0.05290965 24.81381127 19.98668629 -0.5481676  -0.98142277],"[ -2.63598678   0.26511734  -5.86758883 -13.46688662  -1.19776222
   0.43070404]","[ 6.37649119e-01  9.94909971e-03 -1.56005050e+02  1.01476483e+02
 -1.18232313e+00  4.57111906e-01]","[ 2.10799387e-01  2.95624429e-03 -1.13408883e+02  2.59065229e+01
 -1.50976692e+00 -3.53728777e-01]","[-3.08503417e-01  1.88437647e-02  7.71766381e+01  2.58092566e+01
 -8.20804116e-01  8.39624905e-01]","[-6.14970927e-01  2.16505096e-02  7.25294631e+01  4.66035112e+01
 -1.24940400e+00 -2.89451370e-01]",014
772,2,0.9888843097818076,1,"[-1.66867262e+00  4.80701474e-02  2.93605681e+01  5.09931761e+01
 -7.16857634e-01 -9.06606952e-01]","[-6.34601265e-01  3.21992438e-02 -4.87307590e+01 -2.89246014e+01
 -1.27422083e+00  2.96372090e-01]","[ -0.71339017   0.03119164 -10.39838565  -5.41810607  -1.5285928
  -0.33866477]","[ -2.77323366   0.18517411  -8.20293321 -20.74865051  -1.03872131
   0.64326475]","[ 6.32562888e-01  6.78640505e-03 -2.22317591e+02  1.42629858e+02
 -9.96817596e-01  6.86356947e-01]","[ 2.08850391e-01  6.23176375e-03 -2.24331703e+02  4.88517638e+01
 -6.62699841e-01 -9.39892358e-01]","[-2.93927542e-01  3.01448861e-02  5.10563803e+01  1.70068764e+01
 -1.12763748e+00  5.40211800e-01]","[-6.02733069e-01  1.74063159e-02  8.98580308e+01  5.61604067e+01
 -1.21850746e+00 -3.60513867e-01]",014
773,2,0.9888843097818076,1,"[-1.65397821e+00  2.36121102e-02  1.46880336e+01  2.62936875e+01
 -1.52576369e+00 -3.38896060e-01]","[-6.51895435e-01  2.47778274e-02 -6.23812526e+01 -3.86660538e+01
 -1.17941617e+00  4.90558804e-01]","[ -0.7330541    0.06411331 -21.87007415 -14.03194759  -0.69627351
  -0.91915993]","[ -2.85784972   0.10480963 -13.0693334  -35.3501908   -0.59666525
   0.97576684]","[ 6.29526072e-01  3.69148293e-03 -3.59558179e+02  2.28351248e+02
 -5.06058289e-01  1.02068696e+00]","[ 2.03861611e-01  1.07341209e-02 -1.42054591e+02  3.09594779e+01
 -1.05923592e+00 -6.17942557e-01]",[-0.27218706  0.04078451 38.32675144 12.43204591 -1.23209541  0.36492244],"[-5.93182038e-01  1.31895132e-02  1.17674885e+02  7.18026280e+01
 -1.16078590e+00 -4.64528401e-01]",014
774,2,0.9888843097818076,1,"[-1.66383643e+00  4.24883013e-02 -3.05188668e+01 -4.87784024e+01
 -4.61554596e-01 -1.03475361e+00]","[-6.63654283e-01  1.57835521e-02 -9.14650037e+01 -5.87011414e+01
 -8.41260923e-01  8.28028370e-01]","[ -0.78296821   0.10766507 -14.22031287  -9.13405285  -1.10425919
  -0.57913785]",[-2.88876266  0.05055356 -2.82763687 -6.1683718  -1.67138793  0.27716531],"[ 6.28501032e-01  1.81309821e-03  4.37606768e+01 -2.55036306e+01
 -1.71763883e+00  2.39042132e-01]","[ 1.95902861e-01  1.52400783e-02 -1.02129297e+02  2.20074215e+01
 -1.19473848e+00 -4.26060298e-01]",[-0.24399186  0.05018149 31.33630422  9.64580313 -1.27351035  0.25613443],"[-5.86287016e-01  9.09878861e-03  1.67408778e+02  1.00149593e+02
 -1.03397432e+00 -6.33642968e-01]",014
775,2,0.9888843097818076,1,"[ -1.69975241   0.08127827 -18.4569522  -29.37224906  -0.93988096
  -0.7295168 ]","[-6.68651539e-01  7.97756981e-03 -6.64303495e+01 -4.24187554e+01
 -1.31292479e+00  4.18408844e-01]","[ -0.86038805   0.14745065 -10.59667882  -7.11725585  -1.24020595
  -0.36764836]",[-2.86781514  0.08892053 15.24021027 45.70610579 -0.63355072  0.94206466],"[ 6.29289604e-01  3.17737187e-03  4.41847011e+02 -2.76049731e+02
 -7.97562589e-01  8.50124435e-01]","[ 1.85131950e-01  1.94841260e-02 -8.05037047e+01  1.69038078e+01
 -1.25056905e+00 -3.09027325e-01]",[-0.21023991  0.05810204 27.13864869  7.70562711 -1.29233067  0.18239527],"[-5.81973284e-01  5.28265639e-03  2.68689577e+02  1.58370156e+02
 -6.87139273e-01 -9.26773555e-01]",014
776,2,0.9888843097818076,1,"[ -1.76313371   0.12464618 -12.38233365 -19.83170984  -1.11738435
  -0.52524297]","[-6.65830757e-01  1.35042638e-02  9.22144593e+01  6.33992232e+01
 -4.05692741e-01  1.05125027e+00]",[-0.96096892  0.1797195  -8.75788924 -6.41605938 -1.29300533 -0.23061253],[-2.79934522  0.15305541  9.98166501 29.94212621 -1.10139458  0.59008051],"[ 6.31545834e-01  4.96927319e-03  3.11650298e+02 -1.94821447e+02
 -1.23849042e+00  4.50670005e-01]","[ 1.71784355e-01  2.33217051e-02 -6.75035052e+01  1.35960461e+01
 -1.27791714e+00 -2.29338970e-01]",[-0.17192285  0.06445255 24.49893144  6.211926   -1.30195373  0.12786714],"[-5.80126765e-01  2.37793784e-03  2.60464754e+02  1.53102575e+02
 -1.05924532e+00 -5.86014160e-01]",014
777,0,0.817586860522875,0,[-2.15613336  0.8152942  -1.53195021 -1.30308895  0.16948794 -1.44111691],[-0.59065033  0.16600805  7.21687199  6.26264782  0.21749816  1.47659986],[-1.20546314  0.45248518 -3.10402039 -1.74178217 -0.18747229 -1.16885296],[-2.42555504  0.76678147  1.68205404  6.07991466  0.10501002  1.39459115],"[ 6.31037687e-01  5.68572724e-03  5.70279209e+00 -1.59867673e+00
 -1.19858802e+00  1.40709344e-01]","[  0.12787607   0.08497483 -15.61432827   3.99669891   0.03544166
  -1.33978322]",[-0.06931708  0.19202329  7.08408894  2.49104834 -0.045863    1.2755349 ],"[-5.93008544e-01  3.08162183e-02 -3.70324658e+01 -1.99605686e+01
  2.40873394e-01 -1.49325923e+00]",014
778,0,0.817586860522875,0,[-2.57227024  1.01351679 -1.41534185 -1.64064172 -1.80637194 -0.39989032],[-0.50931142  0.20770188  6.83049704  5.47885013 -1.81702193  0.40468713],[-1.43373138  0.5045303  -2.92525325 -2.1940274  -1.77913569 -0.30746444],[-2.03479368  0.93349523  1.55112575  5.15622088 -1.80505388  0.38185471],"[ 6.27563318e-01  1.10212508e-02 -1.04092780e+02  6.73248105e+01
 -7.72761840e-01 -7.20002696e-01]","[  0.08303204   0.10277224 -14.20192657   3.17921489  -1.79215893
  -0.375771  ]",[ 0.03289392  0.22787735  6.44850615  1.78788333 -1.78582893  0.35925368],"[ -0.60848744   0.0403017  -35.06779087 -19.33831015  -1.79226032
  -0.42323148]",014
779,0,0.8122406522153031,0,[-2.99594864  1.01834717 -1.41311585 -2.23362252 -1.80968567  0.39062124],[-0.42625342  0.20803426  6.8279088   4.9104195  -1.81950767 -0.40057546],[-1.63624641  0.45938484 -3.0193448  -2.94039209 -1.75990567  0.44066973],[-1.64424163  0.92000023  1.55913103  4.56358814 -1.80266497 -0.40312375],"[ 6.20402335e-01  1.80429080e-02 -8.26096327e+01  5.32512091e+01
 -1.24146669e+00 -4.38589038e-01]","[  0.03818864   0.10201444 -14.24743788   2.54409022  -1.79117884
   0.3885979 ]",[ 0.1330048   0.22335882  6.50793149  1.13441386 -1.78400998 -0.39504297],"[ -0.62593316   0.04250866 -34.41973844 -19.54445579  -1.79740527
   0.34989988]",014
780,0,0.8122406522153031,0,[-3.41030247  0.82617383 -1.5203124  -3.18472513  0.15506307  1.43196317],[-0.34628439  0.16662126  7.14953016  4.47577068  0.21588037 -1.47568798],[-1.80526043  0.33707436 -3.07165421 -3.54513581  0.2189537   1.47771192],[-1.26994105  0.73264285  1.68794591  4.1435918   0.18215357 -1.45096853],"[ 6.09157921e-01  2.38009107e-02 -6.63865972e+01  4.24399215e+01
 -1.26717887e+00 -8.45034671e-02]","[-5.76623987e-03  8.29969239e-02 -1.57144482e+01  1.90938672e+00
  8.27476763e-02  1.37559266e+00]",[ 0.22944192  0.17989212  7.22462782  0.34236751  0.09185306 -1.38223957],"[-6.44763119e-01  3.66584645e-02 -3.71307858e+01 -2.19405613e+01
 -4.83478039e-02  1.27377801e+00]",014
781,0,0.8122406522153031,0,"[ -3.79825841   0.12308238 -11.71951422 -42.5137434   -0.7883009
   0.86322679]","[-2.74216862e-01  1.44453843e-02  3.50895429e+01  1.16221443e+01
 -1.28901733e+00 -4.47867756e-01]","[-1.93517663e+00  5.25770220e-02  2.80865682e+01  5.63524703e+01
 -9.28561076e-01  7.63538926e-01]",[-0.92610745  0.09415437 15.60766068 16.45437081 -0.85491311 -0.81156839],"[ 5.93825759e-01  2.47296756e-02 -6.38972520e+01  3.99438342e+01
 -1.33398252e+00 -7.66832605e-02]","[-4.80207956e-02  1.99984870e-02 -7.86856939e+01 -1.77854963e+00
 -1.26450438e+00  2.42625224e-01]",[ 0.32075775  0.04214545 37.34270244 -9.97796134 -1.27165811 -0.23780361],"[-6.64472623e-01  1.25233015e-02 -1.26155271e+02 -8.18267241e+01
 -1.28477588e+00  1.00145967e-01]",014
782,0,0.8122406522153031,0,"[ -3.8427378    0.05756556 -13.42799065 -49.60024719  -0.80798521
   0.71459715]","[-2.78277433e-01  2.23240335e-02 -5.68850860e+01 -1.38298357e+01
 -5.10948520e-01 -9.85210860e-01]",[-1.8964248   0.07913424 19.60528799 39.17995433 -1.20432093  0.4522526 ],[-0.88861791  0.0452127  23.18401494 22.60173079 -0.44001817 -0.9627917 ],"[ 5.78597285e-01  2.49369932e-02 -6.33828878e+01  3.86731668e+01
 -1.34229886e+00  4.65834202e-02]","[-5.95736968e-02  1.67361011e-02 -9.38347365e+01 -3.59008214e+00
 -1.24649132e+00  2.88511374e-01]","[ 3.44873934e-01  3.50548045e-02  4.47416916e+01 -1.34302432e+01
 -1.24839870e+00 -3.10963555e-01]","[-6.72248667e-01  1.18565388e-02 -1.33307850e+02 -8.76160241e+01
 -1.28092580e+00  6.58096556e-02]",014
783,0,0.8122406522153031,0,[-3.83676198  0.06951988 17.09417699 67.58628835 -0.51455944  0.93916543],"[ -0.29567237   0.04064124 -37.23486631  -9.00932123  -1.05001944
  -0.65058507]",[-1.84189312  0.10035607 15.65814058 30.84062134 -1.28931     0.26577204],"[ -0.88569621   0.03927803 -24.90206817 -20.05566733  -0.63456234
  -0.80240737]","[ 5.63980054e-01  2.30164707e-02 -6.84551048e+01  4.06073137e+01
 -1.32439852e+00  1.94781319e-01]","[-6.90858560e-02  1.35228795e-02 -1.15777720e+02 -5.99860290e+00
 -1.22135780e+00  3.45437276e-01]","[ 3.64228168e-01  2.73549003e-02  5.68840337e+01 -1.87187673e+01
 -1.19479528e+00 -4.28609687e-01]","[-6.79754610e-01  1.15688851e-02 -1.36665698e+02 -9.08991380e+01
 -1.27910591e+00  9.04203307e-03]",014
784,0,0.8331125418965836,0,[-3.78428973  0.12855265 11.74134958 46.43266865 -1.05115665  0.6568031 ],"[ -0.32493155   0.05730812 -27.22065098  -6.84484827  -1.24203879
  -0.38580151]",[-1.77569617  0.11493252 13.73267438 26.38505729 -1.31709762  0.14244119],"[ -0.9144623    0.07681287 -19.34800279 -15.69301909  -0.96842918
  -0.73241476]","[ 5.51349663e-01  1.89204308e-02 -8.23072148e+01  4.73800551e+01
 -1.24781500e+00  4.01062657e-01]","[-7.65996613e-02  1.04295621e-02 -1.49313097e+02 -9.43733267e+00
 -1.18025118e+00  4.24897119e-01]","[ 3.78408843e-01  1.91278990e-02  7.94862500e+01 -2.80782999e+01
 -1.04886112e+00 -6.34532083e-01]","[-6.87242283e-01  1.17580198e-02 -1.34435360e+02 -9.03896639e+01
 -1.27680702e+00 -5.60829925e-02]",014
785,0,0.7894370500559817,0,[-3.69244955  0.1812774   8.61100619 33.79570597 -1.25135673  0.37491236],"[ -0.36365641   0.0698496  -22.54357547  -6.19811561  -1.30800522
  -0.21559414]",[-1.70210956  0.12277284 12.87484731 23.91440067 -1.32289769  0.05342979],"[ -0.97045852   0.11343175 -13.70685925 -11.30193837  -1.22044822
  -0.42703509]","[ 5.42078524e-01  1.29529686e-02 -1.14476162e+02  6.40550689e+01
 -9.73956721e-01  7.32241128e-01]","[-8.21926397e-02  7.50002830e-03 -2.05260606e+02 -1.48709110e+01
 -1.09863923e+00  5.49874278e-01]","[ 3.87031651e-01  1.08123909e-02  1.25274066e+02 -4.64850286e+01
 -5.95996941e-01 -9.68290410e-01]","[-6.95000746e-01  1.24465674e-02 -1.26905862e+02 -8.61996690e+01
 -1.27411683e+00 -1.12374508e-01]",014
786,0,0.8771323241444138,0,[-3.57041986  0.21968005  7.1708638  27.60299455 -1.30960679  0.20495074],"[ -0.40879495   0.07724268 -20.45363471  -6.3613425   -1.33091259
  -0.08948565]","[-1.62516064e+00  1.24569489e-01  1.26922236e+01  2.26269021e+01
 -1.31900449e+00 -1.37193990e-02]","[ -1.04816824   0.14198255 -11.07606647  -9.60958104  -1.29334383
  -0.24919533]","[ 5.37407958e-01  6.66393561e-03 -1.35097536e+02  7.46024908e+01
 -7.48759023e-01  7.19584320e-01]","[-8.59627422e-02  4.77795151e-03 -3.11603628e+02 -2.47863023e+01
 -8.96125305e-01  7.69017762e-01]","[ 3.89781711e-01  5.79703570e-03 -1.48786269e+01  7.79941666e+00
 -1.70624058e+00 -2.62049514e-01]","[-7.03314512e-01  1.35868968e-02 -1.16169225e+02 -7.97035015e+01
 -1.27360751e+00 -1.48497046e-01]",014
787,0,0.9157145544508132,0,[-3.42826025  0.24235474  6.51916814 24.349405   -1.32586279  0.0893987 ],"[-4.56956078e-01  7.91390866e-02 -1.99767174e+01 -7.12848243e+00
 -1.33367365e+00  1.73034207e-02]",[-1.54829053  0.12151226 13.00750628 22.13939883 -1.31094273 -0.06503559],[-1.14156663  0.16126562 -9.78933366 -9.17517668 -1.31697927 -0.13341415],"[ 5.38334731e-01  8.54061701e-03  1.28799527e+02 -6.73372590e+01
 -3.95701191e-01  1.00577036e+00]","[-8.80218853e-02  2.40151439e-03 -5.15090605e+02 -4.33392462e+01
 -3.96641363e-01  1.05326036e+00]","[ 3.86459775e-01  1.16865130e-02 -1.17139973e+02  4.72698878e+01
 -6.00624424e-01 -9.72013436e-01]","[-7.12424238e-01  1.50725074e-02 -1.04683989e+02 -7.25794107e+01
 -1.27722105e+00 -1.61817268e-01]",014
788,0,0.9157145544508132,0,"[-3.27594056e+00  2.49920424e-01  6.32617528e+00  2.27241742e+01
 -1.32658028e+00  5.12501801e-04]","[ -0.50471771   0.07570835 -20.85796122  -8.52738239  -1.32226418
   0.11932783]",[-1.47413884  0.11501068 13.73580114 22.24847793 -1.30154201 -0.10353538],[-1.24462351  0.17137211 -9.22412176 -9.4805588  -1.32313388 -0.04779138],"[ 5.45521972e-01  1.76640148e-02  8.34146907e+01 -4.35045466e+01
 -8.62017544e-01  8.04578381e-01]","[-8.84981453e-02  1.46232865e-03  3.92388756e+02  3.67256771e+01
 -1.23328388e+00  4.63081387e-01]","[ 3.77033173e-01  2.06550480e-02 -7.35608438e+01  2.97348784e+01
 -1.03847720e+00 -6.42164231e-01]","[-7.22492958e-01  1.67499206e-02 -9.42148762e+01 -6.60695846e+01
 -1.28466804e+00 -1.55269106e-01]",014
789,0,0.9157145544508132,0,[-3.12269437  0.24388639  6.4796373  22.23392693 -1.31963624 -0.07682625],"[ -0.54889681   0.06754204 -23.30443004 -10.7917273   -1.2947916
   0.22919294]",[-1.40446184  0.10648001 14.82898864 22.82674869 -1.29242266 -0.13016527],"[ -1.35172365   0.17305341  -9.13603189 -10.34939042  -1.3203492
   0.02123868]","[ 5.59240697e-01  2.78050016e-02  5.54020898e+01 -2.89831033e+01
 -1.12539554e+00  5.35672489e-01]","[-8.75442290e-02  2.93807752e-03  4.91513692e+02  4.50291873e+01
 -8.32640033e-01  8.33977334e-01]","[ 3.61688412e-01  2.96138001e-02 -5.25185861e+01  2.09953640e+01
 -1.19370942e+00 -4.34138466e-01]","[-7.33580515e-01  1.84323852e-02 -8.56571356e+01 -6.08364056e+01
 -1.29408780e+00 -1.33609283e-01]",014
790,0,0.9157145544508132,0,[-2.97670217  0.226069    6.98013384 22.77777956 -1.30632786 -0.15374648],"[ -0.58675896   0.05555078 -28.13479042 -14.50834039  -1.23935666
   0.36461505]",[-1.34015886  0.0972164  16.23722939 23.76046679 -1.28481123 -0.14406216],"[ -1.45805069   0.16770663  -9.42323772 -11.73955828  -1.31127892
   0.07733301]","[ 5.79343158e-01  3.75727185e-02  4.15919692e+01 -2.20960228e+01
 -1.22942988e+00  3.69236229e-01]","[-8.53475118e-02  4.62050063e-03  3.34318650e+02  3.05332649e+01
 -1.17609312e+00  4.96445169e-01]","[ 3.40876021e-01  3.77854104e-02 -4.15266491e+01  1.61554389e+01
 -1.26091949e+00 -3.00338843e-01]","[-7.45628445e-01  1.99185174e-02 -7.93138977e+01 -5.71386982e+01
 -1.30333920e+00 -1.01314001e-01]",014
791,0,0.9802076830475543,0,[-2.84502761  0.19826802  7.93531931 24.57620255 -1.28313003 -0.24252663],"[ -0.61614833   0.04086497 -37.56497326 -21.14559558  -1.11424213
   0.56105679]",[-1.28137149  0.08832988 17.87126221 24.89972586 -1.27990426 -0.14324575],"[ -1.55998327   0.15747044 -10.02970778 -13.64617638  -1.29823127
   0.11726018]","[  0.60526979   0.04619466  34.04220475 -18.6047181   -1.27822767
   0.25412017]","[-8.21369631e-02  5.99080925e-03  2.61966046e+02  2.35170955e+01
 -1.28306477e+00  2.90473762e-01]","[  0.31533884   0.04459368 -35.3366698   13.14302436  -1.29544308
  -0.2007464 ]","[-7.58457202e-01  2.10149892e-02 -7.52142854e+01 -5.50468164e+01
 -1.31078429e+00 -6.17054698e-02]",014
792,0,0.9802076830475543,0,[-2.7337066   0.16213427  9.64136005 28.35664962 -1.23684328 -0.36298442],"[-6.35526982e-01  2.49217930e-02 -5.74299036e+01 -3.44982533e+01
 -7.59687406e-01  8.81278937e-01]",[-1.22763481  0.0806831  19.57202514 26.02729931 -1.27862437 -0.12659908],"[ -1.655443     0.14512212 -10.87987879 -16.01101915  -1.28533134
   0.13314127]","[  0.63609648   0.05309298  29.71175543 -16.89954314  -1.30283567
   0.16602415]","[-7.81835580e-02  6.92292922e-03  2.27936182e+02  1.98208617e+01
 -1.32225103e+00  1.49037161e-01]","[  0.28611709   0.04953377 -31.88250299  11.12212887  -1.31406842
  -0.11770441]","[-7.71777391e-01  2.15596664e-02 -7.33345971e+01 -5.45979840e+01
 -1.31530810e+00 -1.68000883e-02]",014
793,0,0.9802076830475543,0,[-2.64790966  0.11928418 12.87341698 36.08764518 -1.12061394 -0.55621151],"[-6.43931511e-01  1.18063110e-02 -5.03045363e+01 -3.03926761e+01
 -1.14994617e+00  5.23371118e-01]",[-1.17807217  0.0748097  21.11964784 26.88046927 -1.28095957 -0.09691023],"[ -1.74403844   0.13362732 -11.81948398 -18.61363434  -1.27760218
   0.11747064]","[  0.67062574   0.0578875   27.29318849 -16.30351469  -1.31420147
   0.09421367]","[-7.37921038e-02  7.35625935e-03  2.14892121e+02  1.78573417e+01
 -1.33455006e+00  3.49920873e-02]","[  0.25452405   0.05219769 -30.28545901   9.70837765  -1.32320091
  -0.04166457]","[-7.85215117e-01  2.14417496e-02 -7.37330317e+01 -5.58962911e+01
 -1.31601963e+00  3.24111317e-02]",014
794,0,0.9802076830475543,0,[-2.59210117  0.07236149 19.59560407 52.79378827 -0.74720305 -0.88755051],"[-6.40879656e-01  1.78243668e-02  6.98848044e+01  4.67877494e+01
 -4.52077831e-01  1.01529047e+00]",[-1.13162077  0.07083917 22.31305628 27.24991784 -1.28580058 -0.06242286],"[ -1.82688895   0.12543155 -12.60010725 -21.01899675  -1.2770244
   0.07202127]","[  0.70751389   0.06043849  26.15789644 -16.50707497  -1.31710272
   0.03421533]","[-6.92845960e-02  7.27443851e-03  2.17244036e+02  1.70516653e+01
 -1.33070930e+00 -7.01634628e-02]","[  0.22208852   0.05230294 -30.22567434   8.71277524  -1.3249025
   0.03455845]","[-7.98348450e-01  2.06163122e-02 -7.66458721e+01 -5.91901132e+01
 -1.31207135e+00  8.56368454e-02]",014
795,0,0.9802076830475543,0,[-2.57010137  0.03606213 10.11743722 28.00283925 -1.51337422 -0.33817128],"[-6.26274189e-01  3.41301408e-02  4.39572948e+01  2.95293191e+01
 -9.63933223e-01  7.17433949e-01]",[-1.08726185  0.06848934 23.08369702 27.09802322 -1.29176311 -0.03401855],"[-1.90613738e+00  1.21792033e-01 -1.29817038e+01 -2.27449109e+01
 -1.28098528e+00  1.34372748e-02]","[ 7.45418133e-01  6.08676725e-02  2.59756824e+01 -1.73627447e+01
 -1.31440934e+00 -1.53460031e-02]","[-6.49780439e-02  6.70386687e-03  2.35193230e+02  1.72823960e+01
 -1.31120241e+00 -1.79670232e-01]","[  0.19046506   0.0497221  -31.76089793   8.04934123  -1.31784299
   0.11785315]","[-8.10749903e-01  1.91109108e-02 -8.25945362e+01 -6.49635122e+01
 -1.30252600e+00  1.43197027e-01]",014
796,0,0.9802076830475543,0,"[ -2.58499183   0.06460762 -19.9648262  -49.60891261  -0.45899294
  -1.0340189 ]",[-0.60034409  0.05120607 30.24448768 20.15709947 -1.1594012   0.48390399],"[-1.04422193e+00  6.71613552e-02  2.35416402e+01  2.65826968e+01
 -1.29791277e+00 -1.99350502e-02]","[ -1.98426598   0.12251668 -12.90407283 -23.6051127   -1.28666244
  -0.03516302]","[  0.78314243   0.05953316  26.55241718 -18.79432457  -1.3084098
  -0.05424137]","[-6.11616482e-02  5.70976859e-03  2.74627501e+02  1.87966706e+01
 -1.26768359e+00 -3.09253541e-01]","[  0.16131806   0.04452623 -35.36871908   7.70561311  -1.29680572
   0.21628673]","[-8.22029746e-01  1.70224204e-02 -9.25607439e+01 -7.40876847e+01
 -1.28604725e+00  2.06133061e-01]",014
797,0,0.9802076830475543,0,"[ -2.6388849    0.12264022 -12.2435915  -30.30942867  -0.95893662
  -0.71805886]",[-0.56363877  0.06752857 23.1799303  15.06510732 -1.23650443  0.344798  ],"[-1.00211144e+00  6.61037119e-02  2.39180011e+01  2.59685024e+01
 -1.30351905e+00 -2.32057530e-02]","[ -2.06340636   0.12627057 -12.51829351 -23.83032644  -1.29348424
  -0.05961632]","[  0.8197571    0.05695905  27.7444201  -20.7436853   -1.30117871
  -0.08138248]","[-5.80786946e-02  4.38836412e-03  3.52541070e+02  2.24751252e+01
 -1.17045788e+00 -4.88022946e-01]","[ 1.36191671e-01  3.70257447e-02 -4.22709227e+01  7.75694761e+00
 -1.24945286e+00  3.42748806e-01]","[-8.31874956e-01  1.45045218e-02 -1.08323270e+02 -8.81114155e+01
 -1.26038307e+00  2.76376032e-01]",014
798,0,0.9693605364815822,0,"[ -2.73263187   0.18454912  -8.38508979 -20.91336357  -1.15077374
  -0.49349556]",[-0.51706513  0.08227418 19.11901376 11.88577525 -1.27497218  0.24901677],[-0.96097764  0.06457831 24.48024899 25.52497179 -1.30752679 -0.04300297],"[ -2.14486309   0.13122906 -12.04526077 -23.83543518  -1.30051152
  -0.05969625]","[  0.85466993   0.05373962  29.40088942 -23.12805614  -1.29458691
  -0.09541968]","[-5.59176127e-02  2.86542341e-03  5.15577605e+02  3.08298688e+01
 -9.04349333e-01 -7.77068079e-01]","[ 1.16385270e-01  2.77785458e-02 -5.54936737e+01  8.45864622e+00
 -1.14112410e+00  5.24830248e-01]","[-8.40078541e-01  1.17482960e-02 -1.33159396e+02 -1.09864351e+02
 -1.22159799e+00  3.57111523e-01]",014
799,0,0.9693605364815822,0,"[ -2.86557031   0.2450344   -6.38404693 -16.29393537  -1.23039886
  -0.35545825]",[-0.46193828  0.09466978 16.65975479  9.69577851 -1.29704454  0.17397971],[-0.92127316  0.0619813  25.49726513 25.4899459  -1.30852668 -0.07727362],"[ -2.22897281   0.13571559 -11.64857424 -23.96435522  -1.30564916
  -0.04344776]","[  0.8876403    0.05044373  31.32193352 -25.80261052  -1.29001632
  -0.09551442]","[-5.48141601e-02  1.41427055e-03  7.09498190e+02  4.08905474e+01
 -5.51177690e-01 -8.70887541e-01]","[ 1.02859427e-01  1.76139631e-02 -8.30470032e+01  1.05421672e+01
 -8.46609186e-01  8.20418639e-01]","[-8.46554894e-01  8.95836403e-03 -1.73439322e+02 -1.44825907e+02
 -1.16241893e+00  4.53925615e-01]",014
800,0,0.9693605364815822,0,"[ -3.03541355   0.30086361  -5.22577176 -13.86237838  -1.26946548
  -0.2605599 ]",[-0.40000794  0.10397356 15.19188683  8.07687529 -1.31025254  0.10917136],[-0.88376681  0.05790612 27.26992426 26.10025403 -1.30488116 -0.12498764],"[-2.31524386e+00  1.38594845e-01 -1.14079169e+01 -2.44121096e+01
 -1.30778864e+00 -2.01306316e-02]","[  0.91874287   0.04753997  33.24128677 -28.54019522  -1.28796181
  -0.08220984]","[-5.48628098e-02  1.51350771e-03 -6.84057953e+02 -3.55293414e+01
 -4.60269247e-01 -9.45606081e-01]","[ 9.61915130e-02  8.42513560e-03 -1.10219095e+02  1.26021415e+01
 -6.01686093e-01  8.37836602e-01]","[-8.51339520e-01  6.32769604e-03 -2.42674802e+02 -2.04598650e+02
 -1.06731170e+00  5.77817294e-01]",014
801,0,0.9662178960874382,0,"[ -3.23833403   0.34953108  -4.51023998 -12.60566361  -1.29039731
  -0.18948696]",[-0.33343069  0.10955269 14.4293945   6.81120299 -1.31739164  0.04903569],[-0.84942916  0.0521545  30.22751512 27.67613282 -1.2940704  -0.18807266],"[-2.40261970e+00  1.39331587e-01 -1.13479494e+01 -2.52648068e+01
 -1.30787591e+00  4.39950388e-03]","[  0.94829389   0.04535006  34.85562948 -31.05338064  -1.28804803
  -0.05825669]","[-5.61314516e-02  3.19521011e-03 -4.59175981e+02 -2.37742144e+01
 -8.29924807e-01 -8.26501891e-01]","[ 9.65816856e-02  9.21759710e-03  1.18791320e+02 -9.47306588e+00
 -4.76717119e-01  9.39255927e-01]","[-8.54574760e-01  4.01670280e-03 -3.73253487e+02 -3.16973009e+02
 -8.96879679e-01  7.51970668e-01]",014
802,0,0.6566118880468677,0,"[ -3.46920934   0.38917654  -4.05688778 -12.07419298  -1.30200857
  -0.13282963]","[-2.64679328e-01  1.10975359e-01  1.42470744e+01  5.77090607e+00
 -1.31935793e+00 -9.79099850e-03]",[-0.81932248  0.0447049  35.14495141 30.7950487  -1.27027224 -0.27421446],"[ -2.48971494   0.13774278 -11.47804697 -26.57706508  -1.30770972
   0.02960557]","[ 9.76751945e-01  4.40228459e-02  3.59136260e+01 -3.30787040e+01
 -1.28967828e+00 -2.92202626e-02]","[-5.86714527e-02  5.16454861e-03 -2.97259830e+02 -1.54406661e+01
 -1.08505933e+00 -5.72380094e-01]","[ 1.03891858e-01  1.83198073e-02  8.11554115e+01 -6.43138648e+00
 -9.33969640e-01  7.51479118e-01]","[-8.56485385e-01  2.14627963e-03 -6.52419877e+02 -5.56788090e+02
 -5.43565001e-01  1.01641329e+00]",014
803,0,0.7484095614889066,0,"[ -3.72195789   0.41855775  -3.77530504 -12.05152639  -1.3083265
  -0.0853105 ]",[-0.19639634  0.10809135 14.6215179   4.87161267 -1.31608634 -0.06973354],"[-7.94522685e-01  3.56580226e-02  4.37124295e+01  3.67305168e+01
 -1.21594026e+00 -4.03771619e-01]","[ -2.574914     0.13360572 -11.83081458 -28.46333009  -1.30825392
   0.05998414]","[ 1.00460657e+00  4.35215088e-02  3.63298584e+01 -3.44972144e+01
 -1.29259899e+00 -2.89379799e-03]","[-6.25165984e-02  7.22726544e-03 -2.15426613e+02 -1.14677390e+01
 -1.18540601e+00 -4.25730449e-01]","[ 1.17696003e-01  2.77514449e-02  5.58026693e+01 -4.56775113e+00
 -1.17184449e+00  4.79786127e-01]","[-8.57349149e-01  8.47904279e-04 -1.05017415e+03 -8.98365914e+02
 -3.77263087e-01  1.02090881e+00]",014
804,0,0.9849012629643124,0,"[ -3.98990606   0.43701014  -3.61747414 -12.43338201  -1.31126008
  -0.0437322 ]",[-0.13120738  0.10108269 15.61891499  4.04931695 -1.30677798 -0.13302125],"[-7.76089404e-01  2.52226719e-02  6.02772769e+01  4.87805559e+01
 -1.06317022e+00 -6.27640666e-01]","[ -2.65627729   0.12632852 -12.50471628 -31.21599389  -1.3086407
   0.10434319]","[ 1.03227174e+00  4.36317695e-02  3.62377034e+01 -3.54071573e+01
 -1.29671487e+00  1.33290636e-02]","[-6.76693835e-02  9.29185799e-03 -1.68659827e+02 -9.41310652e+00
 -1.23856447e+00 -3.26438867e-01]","[ 1.37329125e-01  3.62101535e-02  4.32852778e+01 -3.94432935e+00
 -1.25534269e+00  3.19822588e-01]","[-8.57467488e-01  6.09860467e-04  1.91207903e+03  1.64154561e+03
 -8.48475525e-01  6.27528760e-01]",014
805,0,0.6029628267145629,0,"[-4.26615065e+00  4.44422164e-01 -3.55768684e+00 -1.31776280e+01
 -1.31173343e+00 -6.16723262e-03]",[-0.0715202   0.09046586 17.41843671  3.24577006 -1.28975199 -0.20241586],"[-7.65076501e-01  1.41355742e-02  9.27644938e+01  7.29719344e+01
 -5.71807005e-01 -9.60392790e-01]","[ -2.73128777   0.11481262 -13.7347773  -35.51362926  -1.3041794
   0.17720929]","[ 1.05999764e+00  4.40026627e-02  3.59321178e+01 -3.60879599e+01
 -1.30163080e+00  1.52922982e-02]","[-7.40794103e-02  1.12425821e-02 -1.39929003e+02 -8.36585799e+00
 -1.27262125e+00 -2.47299314e-01]",[ 0.16193469  0.04324819 36.41909102 -3.89751426 -1.29038757  0.21434715],"[-8.57140070e-01  9.18092438e-04  1.69697251e+03  1.45654314e+03
 -1.43290070e+00  2.89523465e-01]",014
806,0,0.6064503704721401,0,"[ -4.54388556   0.44119923  -3.58345612 -14.28281451  -1.31032413
   0.02863518]","[-1.93430011e-02  7.70368687e-02  2.03883675e+01  2.39437222e+00
 -1.26163655e+00 -2.82442428e-01]","[-7.62548401e-01  9.27791015e-03 -4.59858446e+01 -3.30664323e+01
 -1.34985335e+00 -4.46817631e-01]","[ -2.79657879   0.09760192 -16.06682833 -42.93215129  -1.27717291
   0.30487627]","[ 1.08781096e+00  4.42166426e-02  3.57587560e+01 -3.68987667e+01
 -1.30648640e+00  2.52339361e-03]","[-8.16232244e-02  1.29379457e-02 -1.21891850e+02 -7.94920586e+00
 -1.29567312e+00 -1.77289373e-01]",[ 0.1905178   0.04863524 32.45858745 -4.18393873 -1.30583517  0.13785727],"[-8.56645101e-01  9.44958959e-04  1.65847379e+03  1.42272344e+03
 -1.43000990e+00 -2.33019130e-01]",014
807,0,0.6634336001359549,0,"[ -4.81665952   0.42814811  -3.69179881 -15.78213788  -1.30751213
   0.06191931]","[ 2.38473391e-02  6.17687297e-02  2.52829505e+01  1.39706891e+00
 -1.21462424e+00 -3.81933462e-01]","[-7.69551745e-01  2.09510367e-02 -6.64116997e+01 -4.91072394e+01
 -6.01966603e-01 -9.78367371e-01]","[ -2.84785552   0.07352438 -20.88071167 -57.46525002  -1.15619854
   0.54069422]","[ 1.11549659e+00  4.38717727e-02  3.60381059e+01 -3.82003844e+01
 -1.30994370e+00 -2.31998393e-02]","[-9.00951953e-02  1.42355466e-02 -1.10952101e+02 -7.99625125e+00
 -1.31030196e+00 -1.12206909e-01]",[ 0.22200837  0.05229409 30.21954766 -4.7089924  -1.31197504  0.07885397],"[-8.56226360e-01  6.80419947e-04  2.08979221e+03  1.79133517e+03
 -9.48078377e-01 -7.52229711e-01]",014
808,1,1.0187643162173174,1,"[ -5.07852971   0.40625327  -3.88910552 -17.75093793  -1.3035753
   0.09557361]",[ 0.05716725  0.04569277 33.786442    0.06852215 -1.12745827 -0.51995007],"[-7.87006064e-01  3.74060727e-02 -4.04935763e+01 -2.98686901e+01
 -9.97015435e-01 -6.72909832e-01]","[-2.88019335e+00  4.37989522e-02 -3.07321520e+01 -8.65145399e+01
 -6.72920009e-01  9.07465533e-01]","[  1.1426275    0.04265738  37.05497591 -40.34003446  -1.31040502
  -0.0592097 ]","[-9.92144147e-02  1.50219016e-02 -1.05230140e+02 -8.44034671e+00
 -1.31775068e+00 -5.05498358e-02]",[ 0.25532667  0.05426683 29.1336024  -5.43858562 -1.31344906  0.03102168],"[-8.56086680e-01  4.40290442e-04  2.16054059e+01  2.04961002e+01
 -1.71354084e+00 -2.36187620e-01]",014
809,1,1.0187643162173174,1,"[ -5.32409646   0.3764264   -4.19439151 -20.33134499  -1.29821299
   0.13255893]","[ 8.03133487e-02  2.98331090e-02  5.01848428e+01 -2.03051278e+00
 -9.30888149e-01 -7.39376517e-01]","[ -0.81551568   0.05513709 -28.10334253 -20.91871638  -1.1553132
  -0.48101077]","[-2.88877847e+00  2.78204757e-02  9.94011973e+00  3.07148039e+01
 -1.53753308e+00  3.42584506e-01]","[ 1.16863433e+00  4.04088019e-02  3.90944307e+01 -4.36870939e+01
 -1.30653811e+00 -1.02780199e-01]","[-1.08645916e-01  1.52331493e-02 -1.03791948e+02 -9.27657129e+00
 -1.31914341e+00  8.60524706e-03]","[ 2.89436313e-01  5.46667212e-02  2.89226047e+01 -6.37125204e+00
 -1.31255135e+00 -1.00430226e-02]","[-8.56386090e-01  9.87340936e-04 -1.33357176e+03 -1.14005230e+03
 -4.35800084e-01 -1.06488178e+00]",014
810,1,1.0187643162173174,1,"[ -5.54845681   0.33938139  -4.64697305 -23.78352925  -1.28998112
   0.17703897]","[ 9.34892571e-02  1.54891876e-02  8.33429869e+01 -5.79167393e+00
 -4.37844530e-01 -1.05001113e+00]","[ -0.85514115   0.07268038 -21.5300389  -16.41122223  -1.23395382
  -0.35007977]","[-2.86999968e+00  5.98588614e-02  2.30215270e+01  6.80717751e+01
 -6.15399179e-01  9.67810343e-01]","[ 1.19289763e+00  3.71315209e-02  4.25018560e+01 -4.87003633e+01
 -1.29751597e+00 -1.51706409e-01]","[-1.18030103e-01  1.48601695e-02 -1.06359341e+02 -1.05536040e+01
 -1.31542082e+00  6.67554489e-02]",[ 0.32337759  0.05363502 29.4738111  -7.53116997 -1.31014754 -0.04781313],"[-8.57242105e-01  1.90250268e-03 -7.85956141e+02 -6.71754697e+02
 -9.14457498e-01 -7.50811105e-01]",014
811,1,1.0187643162173174,1,"[ -5.74714893   0.29571653  -5.32259944 -28.58977167  -1.2755754
   0.2346678 ]","[ 9.73009417e-02  8.21267660e-03 -3.89665529e+01  5.79148229e+00
 -1.57758236e+00 -3.02451403e-01]","[ -0.90519365   0.08855248 -17.76376165 -14.07964433  -1.27912605
  -0.24770821]",[-2.82263064  0.10336996 14.73563774 43.59326264 -1.07644976  0.61534765],"[ 1.21484709e+00  3.29922701e-02  4.77610512e+01 -5.60223742e+01
 -1.28273468e+00 -2.04374728e-01]","[-1.27013280e-01  1.39406638e-02 -1.13268074e+02 -1.23865496e+01
 -1.30675373e+00  1.26469457e-01]",[ 0.35628752  0.05132511 30.78816834 -8.96944002 -1.30608983 -0.0847532 ],"[-8.58729810e-01  2.93822161e-03 -5.24698953e+02 -4.48574632e+02
 -1.11597414e+00 -5.33965499e-01]",014
812,0,0.8136142121346736,0,"[ -5.82438091   0.19933698  -3.94002472 -20.94820475  -1.19580489
  -0.13821871]","[  0.04835285   0.11343264 -10.36561851   2.50120724   0.2287867
  -1.48472073]",[-1.03370234  0.24043911 -5.77253285 -3.96708074 -0.13277696 -1.21241953],[-2.69575115  0.24666078  5.83660936 17.7340464  -0.36428699  1.05866941],"[ 1.23744935e+00  3.36589451e-02  4.67554435e+01 -5.58574933e+01
 -1.09274274e+00  1.39974236e-01]","[-1.33883748e-01  1.07644956e-02 -1.40688985e+02 -1.68359686e+01
 -1.26057722e+00  4.78142600e-01]",[ 0.39893288  0.06801596 22.57991328 -7.00786975 -0.8021168   0.57849383],"[-8.66387564e-01  1.56761708e-02 -8.14326220e+01 -6.85522110e+01
  1.28376188e-01 -1.41140943e+00]",014
813,0,0.8136142121346736,0,[-5.80860527  0.2254773   3.8434652  24.32517217 -1.04107975  0.1557616 ],[-0.01018871  0.14830624 -9.60838042  1.902103   -1.78258886 -0.42349092],[-1.15577799  0.27277119 -5.39860263 -4.23958612 -1.78676456 -0.32284909],[-2.59866059  0.24078563  5.87053293 17.25552259 -1.51023274  0.30600994],"[ 1.25325736e+00  2.67998290e-02  5.54888754e+01 -6.75418416e+01
 -1.37651429e+00 -1.72272572e-01]","[-1.36690465e-01  6.85941049e-03 -8.59029365e+01 -9.74211237e+00
 -1.47393120e+00  1.41982481e-01]",[ 0.43143063  0.06211588 24.01150968 -8.35930077 -1.58484584  0.08166533],"[-8.74141030e-01  1.88726741e-02 -7.61785985e+01 -6.45908385e+01
 -1.81545004e+00 -3.82928448e-01]",014
814,0,0.8136142121346736,0,[-5.69716752  0.34882679  4.21800969 26.03070779 -1.288856    0.2675605 ],[-0.07647893  0.157248   -9.38012175  1.28261829 -1.78478168  0.33293206],[-1.2672125   0.25297905 -5.54683298 -5.02901608 -1.77207243  0.43591471],[-2.54811012  0.19661838  3.86133524 11.83910742 -1.34172766  0.27831082],"[ 1.26193247e+00  1.80274589e-02  5.28906315e+01 -6.47444054e+01
 -1.17969658e+00 -1.81122752e-01]","[-1.34957174e-01  1.00341501e-02  1.13518048e+02  1.73200750e+01
 -7.35149183e-01  7.65431113e-01]",[ 0.45269422  0.04716392 24.37667895 -9.0351817  -1.4509651  -0.30976813],"[-8.81513978e-01  1.81929495e-02 -7.68151980e+01 -6.57136708e+01
 -1.81176355e+00  4.15844027e-01]",014
815,0,0.8136142121346736,0,[-5.48901536  0.45475144  3.47057388 21.05003337 -1.16510817 -0.04610768],"[ -0.14893544   0.13780425 -10.12916297   0.49140867  -0.14802493
   1.1893119 ]",[-1.36437658  0.18935568 -5.86149581 -5.9972876   0.24695038  1.49771866],[-2.56062591  0.21556062 -3.50006347 -6.9623532  -1.24607003  0.06174946],"[ 1.26309774e+00  1.61192480e-02 -4.14501618e+01  5.43556057e+01
 -1.34622523e+00  6.05088462e-02]","[-1.28287002e-01  1.73324456e-02  8.78831853e+01  1.32742703e+01
 -1.18636757e+00  5.35232820e-01]",[ 0.46188517  0.03471242 -1.02651108  2.47413024 -1.48985935 -0.07146726],"[-8.87930138e-01  1.39561054e-02 -7.60368145e+01 -6.55153792e+01
  2.13883921e-01  1.47397807e+00]",014
816,0,0.8136142121346736,0,[-5.1849809   0.46170091  3.41601738 19.71198487 -1.2885979   0.17557146],"[ -0.22628094   0.05756747 -27.46380658  -4.21453603  -1.29490647
  -0.0302482 ]","[-1.44444121e+00  1.12816006e-02  1.01782504e+02  1.49018843e+02
 -5.30495877e-01  9.08629897e-01]","[ -2.65121894   0.33436777  -4.68001205 -10.40773657  -1.22327182
  -0.35254871]","[ 1.25629790e+00  2.55913733e-02 -6.08034128e+01  7.83871995e+01
 -1.16180458e+00 -4.38572207e-01]","[-1.16369134e-01  2.34173889e-02  6.71151237e+01  9.81012880e+00
 -1.25767910e+00  2.70785997e-01]","[  0.45841952   0.04043732 -38.71555293  19.74796531  -1.23588173
  -0.34267508]","[-8.92719070e-01  3.40701612e-03  3.71638224e+02  3.33768530e+02
 -3.44808400e-01  1.10536863e+00]",014
817,0,0.8136142121346736,0,[-4.87976072  0.51163248  3.08593896 17.05864371 -1.29870552  0.13285434],"[ -0.26325574   0.05900168 -26.79428497  -5.05374928  -1.29462301
  -0.04278081]","[-1.43596350e+00  2.11699779e-02  7.11341388e+01  1.04146027e+02
 -1.03172059e+00  6.72495676e-01]",[-2.88498437  0.41273406 -3.80665278 -8.98213379 -1.25708695 -0.27761714],"[ 1.23758754e+00  3.37001134e-02 -4.63760914e+01  5.93944729e+01
 -1.20073873e+00 -3.75606125e-01]","[-1.00370594e-01  2.75817363e-02  5.71035056e+01  7.73151276e+00
 -1.27544345e+00  2.18311130e-01]","[  0.43043851   0.04937458 -31.85182138  15.71025047  -1.26937415
  -0.2548384 ]","[-8.89626084e-01  6.98944749e-03  2.11549732e+02  1.90200160e+02
 -8.27532985e-01  8.17304258e-01]",014
818,0,0.8249126540774088,0,[-4.54649617  0.55144839  2.86523254 15.0267688  -1.30576615  0.09249229],"[ -0.30125625   0.06089149 -25.96098187  -5.82090808  -1.29572737
  -0.05174725]","[-1.42063340e+00  3.03397642e-02  5.13692459e+01  7.49768663e+01
 -1.23025440e+00  3.99792794e-01]",[-3.16632634  0.48626024 -3.23931579 -8.2567309  -1.28041191 -0.21510189],"[ 1.21356235e+00  4.25661074e-02 -3.68355998e+01  4.67022972e+01
 -1.23195784e+00 -3.19780479e-01]","[-8.18350858e-02  3.14633842e-02  5.01281999e+01  6.10224554e+00
 -1.28708251e+00  1.75300061e-01]","[  0.3970878    0.05731755 -27.50283154  12.92103884  -1.28712289
  -0.19155089]","[-8.83914049e-01  1.14156921e-02  1.34024132e+02  1.20465814e+02
 -1.04280849e+00  6.08255689e-01]",014
819,0,0.9833960730001284,0,[-4.19217778  0.57896683  2.73029262 13.44587207 -1.30996479  0.05387336],"[ -0.34048817   0.06306986 -25.06379248  -6.53392479  -1.29792422
  -0.0541963 ]","[-1.39982708e+00  3.76232126e-02  4.18090726e+01  6.05254720e+01
 -1.28811716e+00  2.45633530e-01]",[-3.49060169  0.55046177 -2.86645928 -8.00566761 -1.29674952 -0.15860185],"[  1.18390241   0.05178574 -30.35534059  37.93776073  -1.2573307
  -0.26677026]","[-6.09774216e-02  3.49471377e-02  4.51732910e+01  4.75455081e+00
 -1.29498486e+00  1.38728101e-01]","[  0.35907412   0.06407432 -24.63599725  10.84614906  -1.29764512
  -0.14211107]","[-8.75187282e-01  1.64794756e-02  9.41145023e+01  8.43678155e+01
 -1.14592990e+00  4.75875433e-01]",014
820,0,0.9833960730001284,0,[-3.82484092  0.59284656  2.66693424 12.20059923 -1.3115187   0.01705339],"[ -0.38103818   0.06527307 -24.21870642  -7.22825173  -1.30057334
  -0.04952362]","[-1.37487542e+00  4.29515270e-02  3.67427085e+01  5.25166468e+01
 -1.30637249e+00  1.49779928e-01]",[-3.8505922   0.60092829 -2.62871069 -8.12209288 -1.30736017 -0.10594797],"[  1.14855302   0.06084072 -25.88907579  31.7349762   -1.27666303
  -0.21648783]","[-3.80799407e-02  3.79343059e-02  4.16426449e+01  3.58574945e+00
 -1.30039525e+00  1.06582999e-01]","[  0.31720661   0.06949023 -22.73448664   9.21152938  -1.30399741
  -0.10082657]","[-8.63130685e-01  2.19877212e-02  7.10423788e+01  6.33188571e+01
 -1.20466142e+00  3.81649408e-01]",014
821,0,0.9833960730001284,0,[-3.45303807  0.59277897  2.66723579 11.21006674 -1.31084995 -0.01786649],"[ -0.42283749   0.06721527 -23.52061605  -7.94539829  -1.30293324
  -0.0390301 ]","[-1.34699638e+00  4.65045947e-02  3.39785274e+01  4.77689535e+01
 -1.31099880e+00  8.57825419e-02]",[-4.23668965  0.63413299 -2.49269599 -8.56077931 -1.31329726 -0.05621042],"[  1.10776374   0.06921051 -22.79157775  27.24768347  -1.29017589
  -0.17017035]","[-1.34794100e-02  4.03461929e-02  3.91700702e+01  2.52798943e+00
 -1.30391599e+00  7.76986517e-02]","[  0.27235251   0.07347665 -21.51128172   7.85865151  -1.30700527
  -0.06562946]","[-8.47548000e-01  2.77087027e-02  5.66168450e+01  4.99854937e+01
 -1.24151525e+00  3.08661260e-01]",014
822,0,0.9833960730001284,0,[-3.08527321  0.57939713  2.72833766 10.41766709 -1.30846713 -0.05117647],"[ -0.46566303   0.06865534 -23.02890415  -8.72370926  -1.30451679
  -0.02487038]","[-1.31725902e+00  4.85410862e-02  3.25684880e+01  4.49011347e+01
 -1.31121726e+00  4.03689020e-02]","[-4.63739934e+00  6.47751748e-01 -2.44089870e+00 -9.31942201e+00
 -1.31570149e+00 -7.96931490e-03]","[  1.0620754    0.07646477 -20.65018633  23.93205498  -1.29895698
  -0.12861455]","[ 1.24487902e-02  4.21319658e-02  3.75200463e+01  1.53292082e+00
 -1.30587699e+00  5.15728359e-02]","[  0.22537784   0.07606804 -20.7834703    6.68413361  -1.30718456
  -0.03680347]","[-8.28388605e-01  3.33873753e-02  4.71177999e+01  4.10318485e+01
 -1.26583441e+00  2.49030734e-01]",014
823,0,0.9833960730001284,0,[-2.72950085  0.55401431  2.85233924  9.78546237 -1.30466454 -0.08361651],"[-5.09170221e-01  6.94379413e-02 -2.27703253e+01 -9.59397157e+00
 -1.30516219e+00 -9.14622466e-03]","[-1.28660200e+00  4.92653175e-02  3.20939663e+01  4.32921611e+01
 -1.31138706e+00  3.39564735e-03]","[ -5.03992959   0.64044691  -2.46840029 -10.44056367  -1.31533044
   0.0415647 ]","[  1.01226749   0.08229775 -19.19926342  21.43479013  -1.30442368
  -0.09156623]","[ 3.93089494e-02  4.32747505e-02  3.65347505e+01  5.63857340e-01
 -1.30660343e+00  2.80371109e-02]","[ 1.77078411e-01  7.74480069e-02 -2.04150500e+01  5.61506461e+00
 -1.30558947e+00 -1.52250702e-02]","[-8.05759756e-01  3.87668357e-02  4.06552539e+01  3.47583675e+01
 -1.28235632e+00  1.98442550e-01]",014
824,0,0.9833960730001284,0,[-2.39274164  0.518369    3.0468901   9.29042082 -1.29937784 -0.11607057],"[-5.52945201e-01  6.95048560e-02 -2.27484851e+01 -1.05786657e+01
 -1.30491885e+00  6.46696013e-03]","[-1.25590822e+00  4.87104618e-02  3.24560607e+01  4.27618333e+01
 -1.31290818e+00 -3.56735647e-02]","[ -5.43070316   0.61147411  -2.58373284 -12.03148609  -1.31171784
   0.096792  ]","[  0.95929081   0.08651075 -18.2716938   19.52786792  -1.30773461
  -0.05793093]","[ 6.67030692e-02  4.37892608e-02  3.61076434e+01 -4.08490635e-01
 -1.30650412e+00  6.84629517e-03]","[ 1.28115767e-01  7.79110434e-02 -2.02941324e+01  4.59999834e+00
 -1.30348221e+00 -9.33475802e-04]",[-0.77992542  0.04360406 36.19130494 30.22651869 -1.29377498  0.15410498],014
825,0,0.9833960730001284,0,[-2.08084229  0.47445323  3.32654015  8.92200542 -1.29237085 -0.14936718],"[-5.96555853e-01  6.88773987e-02 -2.29549998e+01 -1.16939395e+01
 -1.30410308e+00  2.09680577e-02]",[-1.22610316  0.04670245 33.83342784 43.48327291 -1.31362902 -0.087384  ],"[ -5.79579645   0.56055976  -2.81431933 -14.31122195  -1.30221293
   0.16378833]","[  0.90420536   0.08898066 -17.7683184   18.06620882  -1.30949788
  -0.02637526]","[ 9.42454426e-02  4.37104868e-02  3.61724135e+01 -1.40908512e+00
 -1.30594836e+00 -1.25681809e-02]","[ 7.89742507e-02  7.77834461e-02 -2.03273598e+01  3.60533801e+00
 -1.30164186e+00  7.09755891e-03]",[-0.7512948   0.04768053 33.12596264 26.88736364 -1.30164578  0.11404636],014
826,0,0.995115725387484,0,[-1.79839009  0.42435194  3.71573177  8.6823352  -1.28340414 -0.18469482],"[ -0.63958007   0.06760949 -23.38407406 -12.95598762  -1.30333514
   0.03460321]","[-1.19822961e+00  4.29500472e-02  3.67321945e+01  4.60136029e+01
 -1.30730315e+00 -1.61247148e-01]","[ -6.1214142    0.48822797  -3.22129281 -17.71886755  -1.28040984
   0.25141371]","[ 8.48125980e-01  8.96503961e-02 -1.76365479e+01  1.69580144e+01
 -1.30979600e+00  4.02900697e-03]","[ 1.21572356e-01  4.30807299e-02  3.66988417e+01 -2.46156464e+00
 -1.30508757e+00 -3.09846149e-02]","[ 2.99513115e-02  7.73555163e-02 -2.04397263e+01  2.61219661e+00
 -1.30024523e+00  1.02645244e-02]",[-0.72040286  0.05081246 31.10199509 24.40596628 -1.30682144  0.07689793],014
827,0,0.995115725387484,0,[-1.54875703  0.37002769  4.25556297  8.59083306 -1.27181846 -0.22451096],"[ -0.68160522   0.06572779 -24.05117281 -14.39340493  -1.30304873
   0.04916773]","[-1.17346113e+00  3.72238211e-02  4.22141119e+01  5.15366197e+01
 -1.28207775e+00 -2.68240337e-01]","[ -6.39449106   0.39637852  -3.94027313 -23.19604128  -1.23076831
   0.3758076 ]","[  0.7921686    0.08854659 -17.85483471  16.14403941  -1.30851136
   0.03346093]",[ 0.14834752  0.04194342 37.68959209 -3.59115752 -1.30384903 -0.04905249],"[-1.88181847e-02  7.68508404e-02 -2.05739662e+01  1.61283530e+00
 -1.29928610e+00  9.85363898e-03]",[-0.68788361  0.05286295 29.90563256 22.57159438 -1.30975502  0.041788  ],014
828,0,0.995115725387484,0,[-1.33422321  0.31312703  5.01871274  8.69608305 -1.25544965 -0.27337791],"[ -0.72221242   0.06319813 -25.00967126 -16.06229518  -1.30282588
   0.06707988]","[-1.15304200e+00  2.95271165e-02  5.26604017e+01  6.27196550e+01
 -1.21029971e+00 -4.30392504e-01]","[ -6.6034178    0.28891191  -5.30527365 -33.03293848  -1.10538122
   0.57288248]","[  0.73739431   0.08579961 -18.42255598  15.58468804  -1.30573007
   0.06155794]",[ 0.17426521  0.04034547 39.17579546 -4.82697822 -1.30210328 -0.06707998],"[-6.73133038e-02  7.64133527e-02 -2.06918272e+01  6.07164750e-01
 -1.29892507e+00  7.36341363e-03]","[-6.54436875e-01  5.37540210e-02  2.94138790e+01  2.12495270e+01
 -1.31072046e+00  8.20293446e-03]",014
829,0,0.995115725387484,0,[-1.15614515  0.25493879  6.14316767  9.1023935  -1.22899818 -0.33894899],"[ -0.76096219   0.05994701 -26.35841134 -18.05775441  -1.30155252
   0.08982539]","[-1.13817231e+00  2.02266216e-02  7.41900436e+01  8.64410535e+01
 -9.96179387e-01 -7.00250887e-01]","[ -6.73879097   0.17363827  -8.15565964 -52.95928558  -0.72656797
   0.90154808]","[  0.68475638   0.08163614 -19.35599117  15.2541384   -1.30184666
   0.08803338]","[ 1.99053961e-01  3.83432589e-02  4.12124690e+01 -6.20350522e+00
 -1.29978197e+00 -8.50738917e-02]","[-1.15563579e-01  7.60846570e-02 -2.07812669e+01 -4.01557567e-01
 -1.29945327e+00  5.07067952e-03]","[-6.20790337e-01  5.34735391e-02  2.95669529e+01  2.03548786e+01
 -1.30993712e+00 -2.41967281e-02]",014
830,0,0.995115725387484,0,[-1.01514666  0.19652189  7.91659598 10.03650596 -1.17990119 -0.4351901 ],"[ -0.79739019   0.05591843 -28.24419725 -20.52164582  -1.29831328
   0.11760514]","[-1.12988466e+00  1.06059895e-02  1.10737152e+02  1.27120209e+02
 -4.76670606e-01 -9.63128942e-01]","[ -6.79404141   0.08359704  -5.19254332 -33.27835431  -1.39900688
   0.39928073]","[  0.63505884   0.07633876 -20.69078501  15.13986594  -1.29727529
   0.11317305]","[ 2.22482653e-01  3.60062905e-02  4.38756255e+01 -7.76156556e+00
 -1.29687304e+00 -1.02855400e-01]","[-1.63575559e-01  7.57743906e-02 -2.08663399e+01 -1.41322322e+00
 -1.30100420e+00  5.96541568e-03]",[-0.5876606   0.05207291 30.35609463 19.83908093 -1.30760661 -0.05577147],014
831,0,0.5972630022995444,0,[-0.91129167  0.13893728 11.02099045 12.04333684 -1.07160397 -0.59230643],"[ -0.8310162    0.05111275 -30.87745155 -23.65966233  -1.2927457
   0.15072119]","[-1.12896634e+00  8.75774254e-03 -9.16530603e+01 -1.01473220e+02
 -7.64048979e-01 -7.41800373e-01]",[-6.7658199   0.13803945  9.31481664 65.02237182 -0.49173431  1.00747714],"[  0.58893317   0.07019779 -22.48969346  15.24492645  -1.29209811
   0.13776759]","[ 2.44367853e-01  3.34164535e-02  4.72615317e+01 -9.54919904e+00
 -1.29342020e+00 -1.20119644e-01]","[-2.11256525e-01  7.52528719e-02 -2.10107094e+01 -2.43864945e+00
 -1.30328875e+00  1.28995167e-02]",[-0.55571838  0.04965538 31.82259368 19.68440017 -1.30387348 -0.08707408],014
832,0,0.621801004741903,0,[-0.84420296  0.08385344 17.24865864 16.56136865 -0.77141585 -0.8711199 ],"[ -0.86136292   0.04557683 -34.58835815 -27.793129    -1.28420643
   0.19145716]","[-1.13595756e+00  1.90405261e-02 -7.57779592e+01 -8.40805456e+01
 -7.63418994e-01 -8.76950515e-01]",[-6.65409411  0.25667033  5.87503039 41.09300515 -1.00034865  0.68569596],"[  0.54683395   0.06348344 -24.85338728  15.59067587  -1.28605422
   0.16262513]","[ 2.64580303e-01  3.06646436e-02  5.14855312e+01 -1.16220574e+01
 -1.28952337e+00 -1.36424632e-01]","[ -0.25835182   0.07419161 -21.31019435  -3.5055275   -1.3055101
   0.02758289]",[-0.5255615   0.04635898 34.06734334 19.904484   -1.29872754 -0.11896262],014
833,0,0.9376679707748578,0,[-0.81314492  0.03865547 21.509293   19.49017235 -0.7227638  -0.76607044],"[-8.87969872e-01  3.93629879e-02 -3.99692001e+01 -3.34914455e+01
 -1.27019643e+00  2.45717030e-01]","[-1.15121311e+00  3.16875181e-02 -4.83016948e+01 -5.36055443e+01
 -1.06827593e+00 -5.95875318e-01]",[-6.4619957   0.37651985  4.12343311 28.64560702 -1.18270446  0.4543269 ],"[  0.5090503    0.05644023 -27.93451804  16.22007477  -1.27886018
   0.18832846]","[ 2.83050010e-01  2.78476631e-02  5.66746740e+01 -1.40417671e+01
 -1.28530821e+00 -1.51038132e-01]","[ -0.30441673   0.07224797 -21.88033933  -4.66074134  -1.30654771
   0.05015241]",[-0.49769727  0.04234008 37.27342255 20.55088073 -1.29188524 -0.15264355],014
834,0,0.9376679707748578,0,"[ -0.81712623   0.04670721 -24.83446591 -18.29289347  -0.44802711
  -0.97975614]","[-9.10386233e-01  3.24934828e-02 -4.82274765e+01 -4.19056306e+01
 -1.24326619e+00  3.25984677e-01]","[ -1.17498733   0.045026   -34.53768749 -38.58134522  -1.1735057
  -0.44163795]",[-6.1954862   0.4868902   3.22004623 21.949752   -1.25173673  0.31639555],"[  0.47572768   0.04928363 -31.9622697   17.2053365   -1.27035606
   0.21571293]","[ 2.99769037e-01  2.50648699e-02  6.29485320e+01 -1.68700208e+01
 -1.28105085e+00 -1.62774040e-01]","[ -0.34883173   0.06915553 -22.85163172  -5.97137423  -1.30543276
   0.07971222]","[-4.72532934e-01  3.77622028e-02  4.17489497e+01  2.17277537e+01
 -1.28267104e+00 -1.89695234e-01]",014
835,0,0.8925586435586855,0,"[ -0.85505485   0.09222799 -16.17103578 -11.82712257  -0.93364281
  -0.74567053]","[-9.28143011e-01  2.49583614e-02 -6.21748514e+01 -5.57071538e+01
 -1.17934089e+00  4.59770448e-01]","[ -1.20749721   0.05884325 -26.5969693  -30.11576623  -1.21957606
  -0.35150042]",[-5.86290336  0.58308887  2.70033809 17.8318213  -1.28292061  0.22448811],"[  0.44689644   0.04218426 -37.2972603   18.66801296  -1.26007467
   0.24689534]","[ 3.14788551e-01  2.24101881e-02  7.03913301e+01 -2.01583848e+01
 -1.27740996e+00 -1.70383736e-01]","[ -0.39084714   0.06476812 -24.38556331  -7.53102775  -1.30171155
   0.11588554]","[-4.50372024e-01  3.27905082e-02  4.80081974e+01  2.36215490e+01
 -1.26986174e+00 -2.32231278e-01]",014
836,0,0.8925586435586855,0,"[ -0.92592241   0.14128789 -10.93961712  -8.12923666  -1.13963474
  -0.5064216 ]","[-9.40725087e-01  1.68013240e-02 -8.92483183e+01 -8.19581320e+01
 -9.82470953e-01  7.08466664e-01]","[ -1.24892428   0.07303812 -21.49886796 -24.85045815  -1.24594078
  -0.29092578]",[-5.47446647  0.66218238  2.38292053 15.04521852 -1.29868934  0.15698679],"[ 4.22508332e-01  3.52447108e-02 -4.45623185e+01  2.08279509e+01
 -1.24627829e+00  2.86598964e-01]","[ 3.28207239e-01  1.99562986e-02  7.90397570e+01 -2.39414204e+01
 -1.27523177e+00 -1.73762575e-01]","[ -0.42963191   0.05903522 -26.7262979   -9.48247037  -1.29485767
   0.16087867]","[-4.31415556e-01  2.75876274e-02  5.69369552e+01  2.65634882e+01
 -1.25129256e+00 -2.83531618e-01]",014
837,0,0.7655305459126748,0,[-1.02895392  0.19046328 -8.20231948 -6.43980881 -1.21069001 -0.37846986],"[-9.47569072e-01  8.73769335e-03 -1.32922759e+02 -1.23953496e+02
 -4.89832728e-01  9.46475983e-01]","[ -1.29933988   0.08734214 -18.01614576 -21.40909675  -1.2650647
  -0.24291726]",[-5.04182159  0.72215313  2.18755356 13.02925477 -1.30724042  0.1030125 ],"[ 4.02482855e-01  2.84853969e-02 -5.49645992e+01  2.41223088e+01
 -1.22395027e+00  3.44407762e-01]","[ 3.40151611e-01  1.77356563e-02  8.89328225e+01 -2.82506428e+01
 -1.27481533e+00 -1.75105356e-01]","[ -0.46431186   0.05194432 -30.31619494 -12.07616888  -1.28219862
   0.22118996]","[-4.15768434e-01  2.23064913e-02  7.01664981e+01  3.11730150e+01
 -1.22252107e+00 -3.49722414e-01]",014
838,0,0.9223133957088836,0,[-1.16365235  0.23962261 -6.5488995  -5.62064227 -1.2424842  -0.30298169],"[-9.48103026e-01  7.65879460e-03  1.09397401e+02  1.05720007e+02
 -6.81716049e-01  7.96568365e-01]","[ -1.35857571   0.10122507 -15.56976585 -19.1527057   -1.28069845
  -0.19919801]",[-4.57765279  0.76155452  2.07563002 11.50151353 -1.31182828  0.05635521],"[ 3.86759279e-01  2.18515607e-02 -7.11649030e+01  2.95236866e+01
 -1.17822781e+00  4.40324080e-01]","[ 3.50751373e-01  1.57304668e-02  1.00258349e+02 -3.31657535e+01
 -1.27539362e+00 -1.78784202e-01]","[ -0.4940011    0.04350025 -36.05538579 -15.81140014  -1.2550313
   0.30915862]","[-4.03451828e-01  1.70808331e-02  9.10279191e+01  3.87253804e+01
 -1.17234865e+00 -4.43742751e-01]",014
839,0,0.9223133957088836,0,[-1.32968163  0.2887588  -5.44746016 -5.24338773 -1.26108333 -0.2518822 ],"[-9.41829081e-01  1.67932076e-02  8.58726996e+01  8.28774057e+01
 -7.56124642e-01  8.82256021e-01]","[ -1.42607942   0.11391939 -13.85192997 -17.75395231  -1.2936422
  -0.15616705]",[-4.09533633  0.77943036  2.02852018 10.30747239 -1.31365879  0.01323158],"[ 3.75345967e-01  1.52546791e-02 -9.99414458e+01  3.95126186e+01
 -1.05617917e+00  6.19591077e-01]","[ 3.60115045e-01  1.38807831e-02  1.13579236e+02 -3.89015916e+01
 -1.27528012e+00 -1.90014465e-01]","[-5.17839178e-01  3.37830077e-02 -4.59785168e+01 -2.18094773e+01
 -1.18888844e+00  4.47788504e-01]","[-3.94421088e-01  1.20232334e-02  1.27340306e+02  5.22257021e+01
 -1.06649834e+00 -5.95011146e-01]",014
840,0,0.920247193466432,0,[-1.5265713   0.33727715 -4.67099694 -5.13060988 -1.27466741 -0.21151083],"[-9.28433966e-01  2.78347495e-02  5.49973068e+01  5.30613677e+01
 -1.07787141e+00  5.91314440e-01]","[ -1.50078903   0.12450672 -12.68611916 -17.03918846  -1.3041098
  -0.1121372 ]",[-3.60861721  0.77538613  2.03899183  9.357941   -1.31314046 -0.02891731],"[ 3.68359527e-01  8.76543002e-03 -1.57504952e+02  6.00184496e+01
 -6.49465604e-01  9.41191451e-01]","[ 3.68312475e-01  1.21072126e-02  1.30113722e+02 -4.59225070e+01
 -1.27213654e+00 -2.13733301e-01]","[-5.35045005e-01  2.30849710e-02 -6.52927511e+01 -3.29345603e+01
 -1.00327922e+00  6.85463184e-01]","[-3.88586884e-01  7.26543373e-03  1.99731157e+02  7.96129079e+01
 -7.79826263e-01 -8.64326534e-01]",014
841,0,0.920247193466432,0,[-1.75331662  0.38384472 -4.10897542 -5.2043349  -1.28560902 -0.1754162 ],"[-9.07894485e-01  3.89475507e-02  4.00000782e+01  3.83158503e+01
 -1.20199404e+00  4.14008213e-01]","[ -1.58105076   0.13200707 -11.9732738  -16.93035361  -1.31224787
  -0.06552034]",[-3.13128948  0.74964605  2.10824923  8.60153863 -1.31030018 -0.072433  ],"[ 3.66046050e-01  4.64213534e-03 -7.11988623e+00  4.60620623e+00
 -1.72677402e+00  2.55388851e-01]","[ 3.75369002e-01  1.03355599e-02  1.52169847e+02 -5.51198437e+01
 -1.26261973e+00 -2.54981764e-01]","[-5.44987457e-01  1.23753666e-02 -1.02496633e+02 -5.38593796e+01
 -4.85431352e-01  1.00260194e+00]","[-3.85835864e-01  3.35109992e-03  2.66268496e+02  1.04735935e+02
 -6.25444584e-01 -8.27494901e-01]",014
842,0,0.920247193466432,0,[-2.00803211  0.42663907 -3.7000544  -5.42982804 -1.29419209 -0.14127409],[-0.88053858  0.04931869 31.82470579 30.0228812  -1.25907615  0.29583836],"[-1.66459864e+00  1.35456799e-01 -1.16721263e+01 -1.74294055e+01
 -1.31772170e+00 -1.41670710e-02]",[-2.67684802  0.70303124  2.24635229  8.01314366 -1.30454376 -0.12018056],"[ 3.68776192e-01  9.63735123e-03  1.38996947e+02 -4.92587648e+01
 -4.97198731e-01  1.03049006e+00]","[ 3.81270616e-01  8.51293837e-03  1.84142492e+02 -6.82081213e+01
 -1.24053434e+00 -3.21480592e-01]","[-5.47255883e-01  7.95186469e-03  6.51889440e+01  3.76750331e+01
 -1.26610159e+00  4.66495815e-01]","[-3.86047070e-01  3.78029705e-03 -2.97800739e+02 -1.12965103e+02
 -4.57577454e-01 -9.61356812e-01]",014
843,0,0.9183433070644876,0,[-2.28778677  0.46379966 -3.40582264 -5.79179597 -1.30031776 -0.10892227],[-0.84704163  0.05835147 26.99803293 24.86845782 -1.28758936  0.20977941],"[ -1.7486058    0.13400762 -11.79651437 -18.62745348  -1.3192527
   0.04460951]",[-2.2580919   0.63695409  2.47601531  7.59107012 -1.29410822 -0.17599225],"[ 3.77011573e-01  1.81570769e-02  8.27679157e+01 -2.92044621e+01
 -9.40234495e-01  7.24598901e-01]","[ 3.85975150e-01  6.61340376e-03  2.35293810e+02 -8.88175636e+01
 -1.19008497e+00 -4.29912585e-01]","[-5.41704437e-01  1.68236596e-02  8.45087705e+01  4.77787759e+01
 -7.30300697e-01  8.99567466e-01]","[-3.89101824e-01  7.53616928e-03 -1.97427368e+02 -7.48193490e+01
 -9.22963607e-01 -7.55843325e-01]",014
844,0,0.9183433070644876,0,[-2.58864924  0.49382539 -3.20019942 -6.28419381 -1.30424649 -0.07880335],[-0.80836553  0.06564462 24.04530223 21.43739351 -1.30192374  0.14362067],"[ -1.82981522   0.12707382 -12.42875605 -20.74232697  -1.31428261
   0.11418862]",[-1.88668296  0.55353988  2.84217228  7.362278   -1.27521035 -0.24537292],"[ 3.91250039e-01  2.78728751e-02  5.53373636e+01 -1.96507457e+01
 -1.10884194e+00  5.33000897e-01]","[ 3.89424250e-01  4.64107175e-03  3.28381733e+02 -1.25879810e+02
 -1.05777580e+00 -6.20626086e-01]","[-5.28455763e-01  2.80961415e-02  5.45086191e+01  3.08053939e+01
 -1.09095599e+00  5.83331448e-01]","[-3.94887109e-01  1.15821177e-02 -1.33421316e+02 -5.06863578e+01
 -1.14145270e+00 -5.07432910e-01]",014
845,0,0.9183433070644876,0,[-2.90591107  0.51577015 -3.06492705 -6.90640544 -1.30646614 -0.05110974],[-0.76566289  0.07099026 22.25736378 19.04163755 -1.30875707  0.09069177],"[ -1.90475673   0.11450324 -13.76216459 -24.21357567  -1.29815067
   0.19967555]",[-1.57266123  0.45583732  3.43540329  7.40272557 -1.23971223 -0.33760574],"[ 4.11962367e-01  3.84082014e-02  4.05699463e+01 -1.47132911e+01
 -1.18501709e+00  4.16783583e-01]","[ 3.91553334e-01  2.66956954e-03  5.17556346e+02 -2.00650913e+02
 -6.43047784e-01 -9.47076044e-01]","[-5.07872111e-01  3.90610745e-02  3.99248835e+01  2.22767349e+01
 -1.21100738e+00  3.99651527e-01]","[-4.03294136e-01  1.55602349e-02 -1.00444036e+02 -3.85084905e+01
 -1.21850639e+00 -3.70580391e-01]",014
846,0,0.9183433070644876,0,[-3.23442264  0.52925543 -2.98730287 -7.66220002 -1.30734632 -0.0257669 ],[-0.72017481  0.07433663 21.26592841 17.31518602 -1.31143675  0.0466727 ],"[ -1.97004157   0.09671152 -16.21438236 -29.94300735  -1.26119384
   0.31060353]",[-1.32393322  0.34799214  4.45562398  7.89894862 -1.16692943 -0.47144642],"[  0.43953038   0.04950247  31.64154804 -11.90742167  -1.22646879
   0.33757044]","[ 3.92299436e-01  1.35738189e-03  7.99302725e+01 -2.93566008e+01
 -1.70609235e+00 -2.61277959e-01]",[-0.48051472  0.04913665 31.95705963 17.35583766 -1.26021187  0.2873987 ],"[-4.14213683e-01  1.94026440e-02 -8.09403984e+01 -3.15266205e+01
 -1.25302441e+00 -2.86766606e-01]",014
847,1,1.005099644455622,1,"[-3.56894421e+00  5.34406021e-01 -2.95866963e+00 -8.55932685e+00
 -1.30713686e+00 -2.71516368e-03]","[-6.73149747e-01  7.57338204e-02  2.08772069e+01  1.60534865e+01
 -1.31173897e+00  8.40528984e-03]","[ -2.02269438   0.07473468 -20.74651181 -39.96385294  -1.17846381
   0.46756701]",[-1.14580717  0.23551291  6.40640669  9.34050669 -0.99079759 -0.68884201],"[  0.47419331   0.06087294  25.81035277 -10.23909664  -1.25208666
   0.2784267 ]","[ 3.91607194e-01  2.63208600e-03 -5.08937965e+02  2.01303768e+02
 -5.34799494e-01 -1.00435580e+00]",[-0.4471077   0.05801554 27.15455385 14.14101019 -1.28437621  0.21028711],"[-4.27529745e-01  2.30741372e-02 -6.82302494e+01 -2.71704611e+01
 -1.27147905e+00 -2.29717663e-01]",014
848,1,1.005099644455622,1,[-3.90443646  0.53176923 -2.97326716 -9.6089327  -1.30612196  0.01806623],[-0.62579369  0.07528529 21.00052644 15.1419969  -1.31057792 -0.02674804],"[-2.06045504e+00  5.02543174e-02 -2.98394883e+01 -5.94829239e+01
 -9.67921227e-01  7.16996328e-01]",[-1.04069964  0.12758744 10.37698516 12.79932467 -0.51058844 -1.01446468],[ 0.51600797  0.07220062 21.80455248 -9.25132279 -1.2694781   0.23090435],"[ 3.89431859e-01  4.83046988e-03 -3.12713152e+02  1.23780464e+02
 -9.90166936e-01 -6.85201732e-01]",[-0.40850878  0.06547166 24.10425886 11.8468013  -1.29756003  0.1519992 ],"[-4.43114174e-01  2.65417861e-02 -5.94021442e+01 -2.43219321e+01
 -1.28250790e+00 -1.87612563e-01]",014
849,1,1.005099644455622,1,"[ -4.2362649    0.52218432  -3.0275964  -10.82570037  -1.30464452
   0.03679838]",[-0.5792427   0.07311706 21.61803049 14.52208631 -1.30816203 -0.06113309],"[-2.08198098e+00  2.62902509e-02 -4.73863230e+01 -9.66574231e+01
 -4.40696809e-01  1.02510238e+00]",[-1.00811114  0.06686075 -2.74002834 -0.76225309 -1.6729333  -0.26958142],[ 0.56482344  0.08313199 18.96382353 -8.71121202 -1.28196146  0.19043606],"[ 3.85738668e-01  7.18884928e-03 -2.15448669e+02  8.51068825e+01
 -1.14806069e+00 -4.87106218e-01]",[-0.36568058  0.07133712 22.144305   10.09774222 -1.30483063  0.1048764 ],"[-4.60825064e-01  2.97758026e-02 -5.29987677e+01 -2.24231605e+01
 -1.28934567e+00 -1.54949170e-01]",014
850,1,1.005099644455622,1,"[ -4.56029781   0.50656842  -3.12053465 -12.2305673   -1.30303481
   0.05417912]",[-0.5345479   0.0693657  22.77678068 14.17528035 -1.30419599 -0.09683461],"[-2.08691151e+00  1.66107640e-02  3.39186438e+01  7.27852081e+01
 -1.22993467e+00  4.70767401e-01]","[ -1.04486278   0.13012279 -10.73631538  -9.21797636  -0.70112038
  -0.91329324]",[ 0.62026514  0.09329218 16.91554305 -8.49212168 -1.29113202  0.15452021],"[ 3.80500450e-01  9.61380906e-03 -1.62548188e+02  6.38496587e+01
 -1.21053636e+00 -3.74623430e-01]",[-0.31965826  0.07551334 20.93113723  8.69081099 -1.30847623  0.06512742],"[-4.80509302e-01  3.27575484e-02 -4.82032780e+01 -2.11621235e+01
 -1.29351638e+00 -1.29126526e-01]",014
851,1,1.005099644455622,1,"[ -4.87287155   0.48566253  -3.25429161 -13.85774498  -1.30149641
   0.07157746]",[-0.49266812  0.06417976 24.59901074 14.11914826 -1.29807528 -0.13598449],"[-2.07580073e+00  3.39437292e-02  4.23473249e+01  8.99046079e+01
 -8.01434136e-01  8.54200682e-01]",[-1.14547786  0.21836682 -7.01717211 -6.03801532 -1.11051706 -0.57191849],[ 0.68172354  0.10230173 15.43716731 -8.52388027 -1.29800043  0.12156113],"[ 3.73696180e-01  1.20836047e-02 -1.29860616e+02  5.05284162e+01
 -1.24109949e+00 -3.04188807e-01]",[-0.27151319  0.07797686 20.27531201  7.50501463 -1.30985879  0.03049705],"[-5.02006909e-01  3.54824219e-02 -4.45191053e+01 -2.03488984e+01
 -1.29611033e+00 -1.08546142e-01]",014
852,0,0.8159721067565435,0,"[ -5.25994442   0.61397731  -2.51970639 -11.25351558  -0.88586279
  -0.49590201]",[-0.44622488  0.07124323 21.99198484 11.81337083 -1.03432182  0.27966289],[-2.0249461   0.10528947 13.21133499 28.75224131 -0.18919379  1.19442443],[-1.41707884  0.52432906 -2.73873578 -1.88100453 -0.34153172 -1.0721441 ],[ 0.77882727  0.16606233  9.05354937 -5.0511511  -0.63329438  0.79382287],"[ 3.59751755e-01  2.53880952e-02 -5.71516956e+01  2.25604228e+01
 -3.84608760e-01 -1.02307831e+00]",[-0.20383343  0.1118257  13.6541551   4.78317331 -0.76286429  0.65332815],"[ -0.53621886   0.05847896 -25.62411645 -11.74013451  -0.60343572
  -0.81869522]",014
853,0,0.8159721067565435,0,"[ -5.61705984   0.63284917  -2.4539281  -11.78386099  -1.60062663
  -0.12658938]","[-4.06596925e-01  6.68135319e-02  2.32762582e+01  1.14640550e+01
 -1.55315828e+00 -1.57866024e-02]",[-1.95977437  0.13969067 10.81898691 23.20277326 -1.60747705  0.40425241],[-1.73842033  0.66316469 -2.29534607 -1.99027626 -1.62299755 -0.35785158],[ 0.87946108  0.19172618  8.03312275 -5.06481878 -1.61845666  0.26749521],"[ 3.43629466e-01  3.23243498e-02 -4.71374230e+01  1.81978075e+01
 -1.58166146e+00 -3.81071032e-01]",[-0.1370968   0.12287091 12.59610636  3.7268859  -1.61151927  0.20713242],"[ -0.57219504   0.06868664 -22.39782821 -10.81592625  -1.60625977
  -0.29197811]",014
854,0,0.8159721067565435,0,"[ -5.93983772   0.57698233  -2.63764228 -13.66716711  -1.58975832
   0.38233099]",[-0.37437246  0.05500224 26.96694773 12.09568254 -1.50742667 -0.5153996 ],[-1.88376768  0.1532108  10.10358015 21.0327977  -1.62702105 -0.15493116],[-2.09318456  0.70149607 -2.20116958 -2.60745417 -1.63546862  0.2041976 ],[ 0.98154168  0.19243573  8.0100463  -5.86219429 -1.61989639 -0.2564059 ],"[ 3.25366887e-01  3.55994605e-02 -4.36690413e+01  1.62084600e+01
 -1.59124232e+00  1.12007818e-01]",[-0.0722363   0.11904236 12.91552174  2.9329695  -1.60581283 -0.29789347],"[ -0.60962883   0.07072256 -21.88479165 -11.34159998  -1.60918994
   0.20994248]",014
855,0,0.8159721067565435,0,"[ -6.22435061   0.45083969  -3.1991334  -17.91252795  -0.35335507
   1.05324124]",[-0.3498749   0.03738623 34.60162221 14.10623902  0.06103898 -1.37136087],[-1.80061753  0.14411073 10.6364733  21.1522203  -0.80866086 -0.61707447],[-2.46378619  0.63349286 -2.39390847 -3.89807862 -0.71672484  0.72386823],[ 1.08281515  0.16790457  8.9735583  -7.7167049  -0.65267973 -0.77690442],"[ 3.05030088e-01  3.49711583e-02 -4.43609052e+01  1.55314108e+01
 -9.12590865e-01  4.53458315e-01]","[-9.93606755e-03  1.01033473e-01  1.48140890e+01  2.14719379e+00
 -5.92365012e-01 -8.26996480e-01]","[ -0.64818812   0.06441415 -23.71704402 -13.3731061   -0.76444486
   0.64593462]",014
856,0,0.8159721067565435,0,"[ -6.46749434   0.20299632  -7.69295619 -47.7541506   -1.20701092
   0.38448388]","[-3.33128510e-01  7.17672628e-03  1.58609568e+02  5.48373690e+01
 -3.61829667e-01 -1.04192613e+00]",[-1.71406038  0.10156721 15.56053822 28.67170206 -1.31501421 -0.07110952],[-2.83191621  0.40416891 -3.90263436 -9.05193351 -1.30682825  0.16845774],"[  1.18095942   0.10447194  15.11407339 -15.84910732  -1.30100439
  -0.12869975]","[ 2.82727411e-01  2.85630952e-02 -5.53105947e+01  1.76378212e+01
 -1.29781045e+00 -1.01104652e-01]",[ 0.04934146  0.06122043 25.80903728  0.72654443 -1.29334771 -0.09349881],"[-6.87518592e-01  4.55842188e-02 -3.46860356e+01 -2.18472944e+01
 -1.30464427e+00  4.42744638e-04]",014
857,0,0.8159721067565435,0,"[ -6.57812221   0.15119843 -10.23961388 -65.3574315   -1.13690264
   0.49434241]","[-3.32071442e-01  5.04538379e-03 -1.63118842e+02 -5.21671092e+01
 -8.82078777e-01 -6.30974255e-01]",[-1.65275285  0.09499604 16.62041394 29.46943644 -1.30586478 -0.13122932],"[ -3.06473418   0.34904353  -4.50076403 -11.79364538  -1.27666295
   0.27476869]","[  1.24322773   0.09437086  16.71178796 -18.77655826  -1.29045566
  -0.17676322]","[ 2.64184221e-01  3.03353752e-02 -5.20951775e+01  1.57627239e+01
 -1.30211251e+00 -7.97645519e-02]",[ 0.08681764  0.05735474 27.54625046 -0.39150059 -1.29460252 -0.09883171],"[-7.16184975e-01  4.53639481e-02 -3.48539033e+01 -2.29618419e+01
 -1.30415214e+00  1.42536063e-02]",014
858,0,0.8159721067565435,0,"[ -6.6572909    0.10277346 -14.80860726 -96.58520632  -1.00850937
   0.64843966]","[-3.35437906e-01  9.70883674e-03 -1.52465279e+02 -4.91426341e+01
 -9.79835637e-01 -7.30389089e-01]",[-1.59656427  0.08519255 18.49983316 31.53617264 -1.2905413  -0.19732199],"[ -3.25699727   0.27695901  -5.6185986  -16.29976029  -1.20829
   0.42368477]","[  1.29856501   0.08237408  19.11051872 -22.81625092  -1.27432082
  -0.23141749]","[ 2.44670023e-01  3.17186747e-02 -4.98364893e+01  1.41934950e+01
 -1.30623478e+00 -5.48556034e-02]",[ 0.12174184  0.05336827 29.59648907 -1.60313115 -1.29595496 -0.11317465],"[-7.44589913e-01  4.47372223e-02 -3.53406383e+01 -2.43142828e+01
 -1.30355866e+00  2.73762205e-02]",014
859,0,0.881734035811786,0,"[-6.70790321e+00  6.06217565e-02 -2.40472471e+01 -1.59306606e+02
 -7.43523591e-01  8.82028444e-01]","[-3.42293172e-01  1.40729711e-02 -1.10788418e+02 -3.59221192e+01
 -1.26673088e+00 -3.81509776e-01]",[-1.54734543  0.07280028 21.58122366 35.39360784 -1.26477682 -0.27604272],"[ -3.39894253   0.19279367  -7.84822373 -24.67566138  -1.02887542
   0.6614534 ]","[  1.34597133   0.06908638  22.72137982 -28.58232575  -1.24976005
  -0.296003  ]","[ 2.24475145e-01  3.25749874e-02 -4.85353603e+01  1.28949820e+01
 -1.30946038e+00 -2.60830134e-02]",[ 0.15393439  0.0489773  32.23147216 -2.96153199 -1.29489701 -0.14054207],"[ -0.7724826    0.04373203 -36.15040382 -25.92555795  -1.30289907
   0.04040046]",014
860,0,0.881734035811786,0,"[-6.73440735e+00  2.78014923e-02 -4.35049793e+01 -2.90980252e+02
 -2.38694048e-01  1.15996054e+00]","[-3.51511852e-01  1.67623728e-02 -9.40978323e+01 -3.10765033e+01
 -1.34495322e+00 -1.54415162e-01]",[-1.50651315  0.0585616  26.67306328 42.18332045 -1.2188087  -0.37812367],"[ -3.48366646   0.10594699 -12.34778547 -41.01556615  -0.52221552
   0.99808408]","[  1.38483725   0.05517485  28.31839914 -37.21637388  -1.21098633
  -0.3766294 ]","[ 2.03968670e-01  3.27785501e-02 -4.82363022e+01  1.18386944e+01
 -1.31122523e+00  6.44551103e-03]",[ 0.18308089  0.04393988 35.88653064 -4.57013785 -1.28840568 -0.18238279],"[ -0.79962824   0.04236996 -37.30874875 -27.8331292   -1.30206549
   0.05388485]",014
861,0,0.881734035811786,0,"[-6.74244017e+00  1.21399530e-02  3.60349410e+01  2.44963434e+02
 -1.60396298e+00  1.67270863e-01]","[-3.61840114e-01  1.74684106e-02 -9.04793169e+01 -3.07390463e+01
 -1.35898949e+00  2.78788766e-02]","[-1.47500136e+00  4.33207127e-02  3.56139817e+01  5.45306714e+01
 -1.12733225e+00 -5.24519856e-01]",[-3.50778132  0.06032671  5.13190384 20.00159643 -1.55858465  0.31831646],"[ 1.41495768e+00  4.13099249e-02  3.75045802e+01 -5.10673940e+01
 -1.14454009e+00 -4.85753311e-01]","[ 1.83587761e-01  3.22350409e-02 -4.90423630e+01  1.10035776e+01
 -1.31110741e+00  4.29226248e-02]","[ 2.08784366e-01  3.81741973e-02  4.12256443e+01 -6.60727001e+00
 -1.27317388e+00 -2.38557485e-01]","[ -0.82580395   0.04066572 -38.8667806  -30.09634105  -1.30100663
   0.06837879]",014
862,0,0.881734035811786,0,"[-6.73830064e+00  1.81746505e-02  8.29728863e+01  5.61096253e+02
 -1.29720524e+00  4.99914229e-01]","[-3.71980339e-01  1.61525981e-02 -9.74601738e+01 -3.42532685e+01
 -1.32905576e+00  2.14093156e-01]","[-1.45322370e+00  2.80595972e-02  5.31226300e+01  7.91990651e+01
 -9.10877484e-01 -7.59525715e-01]",[-3.47190166  0.12020274 11.71804636 42.68390466 -0.7360575   0.89438643],"[ 1.43650095e+00  2.81145202e-02  5.40726665e+01 -7.56754369e+01
 -1.01185874e+00 -6.51785656e-01]","[ 1.63817346e-01  3.08902346e-02 -5.11554710e+01  1.03801535e+01
 -1.30855532e+00  8.43024783e-02]","[ 2.30667655e-01  3.18108839e-02  4.93131705e+01 -9.37495340e+00
 -1.24548372e+00 -3.08690989e-01]","[-8.50790621e-01  3.86233335e-02 -4.09137190e+01 -3.28090084e+01
 -1.29977681e+00  8.48963495e-02]",014
863,0,0.881734035811786,0,"[-6.72830839e+00  2.12158493e-02  7.42076903e+01  5.01292225e+02
 -1.48574280e+00 -7.82948946e-02]","[-3.80697009e-01  1.30140332e-02 -1.19133478e+02 -4.33537586e+01
 -1.22119256e+00  4.50828304e-01]","[-1.44104817e+00  1.42579787e-02  8.77614215e+01  1.28468435e+02
 -3.95483030e-01 -1.06210969e+00]",[-3.38087783  0.19657079  7.82077607 28.44108843 -1.1485822   0.53795457],"[ 1.44993793e+00  1.62032126e-02  8.79759514e+01 -1.25559669e+02
 -6.81185354e-01 -9.30287957e-01]","[ 1.45164927e-01  2.87316677e-02 -5.49515574e+01  9.97703879e+00
 -1.30250847e+00  1.32605774e-01]","[ 2.48486860e-01  2.51698505e-02  6.20082103e+01 -1.34082255e+01
 -1.20058984e+00 -3.93491895e-01]","[-8.74361055e-01  3.62259904e-02 -4.36074811e+01 -3.61286831e+01
 -1.29826485e+00  1.05447930e-01]",014
864,0,0.881734035811786,0,"[-6.71814346e+00  1.72101095e-02  8.72096637e+01  5.87887032e+02
 -1.15988895e+00 -6.08020727e-01]","[-3.86931599e-01  8.55711303e-03 -1.70254797e+02 -6.38769607e+01
 -8.79758716e-01  8.03604742e-01]","[-1.43778530e+00  7.91296480e-03 -5.93460738e+01 -8.33269126e+01
 -1.42461871e+00 -3.50609188e-01]",[-3.24368844  0.25960412  6.03898146 21.58857436 -1.28144781  0.30774099],"[ 1.45594259e+00  7.10556096e-03  1.07746753e+02 -1.54873087e+02
 -7.67998644e-01 -7.54668136e-01]","[ 1.28133763e-01  2.57893385e-02 -6.11246993e+01  9.83213776e+00
 -1.29077034e+00  1.91374853e-01]","[ 2.62212811e-01  1.86743349e-02  8.28987908e+01 -1.97371250e+01
 -1.13076518e+00 -4.97061245e-01]","[-8.96264819e-01  3.34265276e-02 -4.72339333e+01 -4.03341127e+01
 -1.29577658e+00  1.33319205e-01]",014
865,0,0.881734035811786,0,"[-6.71230081e+00  9.73550107e-03  9.06777106e+01  6.10656070e+02
 -8.30270345e-01 -6.50593607e-01]","[-3.89898414e-01  4.23836687e-03 -1.75557907e+02 -6.64497495e+01
 -9.26793496e-01  6.27732497e-01]","[-1.44220028e+00  1.48163793e-02 -9.78756845e+01 -1.39156339e+02
 -9.11499224e-01 -7.83150986e-01]",[-3.07291737  0.30117654  5.23939025 18.10021331 -1.32953648  0.14641917],"[ 1.45527583e+00  8.44524582e-03 -1.42768685e+02  2.09767817e+02
 -5.04640629e-01 -9.52425389e-01]","[ 1.13194763e-01  2.21390450e-02 -7.09961398e+01  1.00363912e+01
 -1.26864048e+00  2.66711664e-01]","[ 2.72053652e-01  1.27368069e-02  1.19791426e+02 -3.05896949e+01
 -1.01730135e+00 -6.32700063e-01]","[-9.16211042e-01  3.01470802e-02 -5.23188605e+01 -4.59351177e+01
 -1.29052945e+00  1.73452730e-01]",014
866,1,0.9970232311252571,1,"[-6.71376926e+00  1.26819678e-02 -8.64015653e+01 -5.78080173e+02
 -4.33013520e-01 -9.75879376e-01]","[-3.89135074e-01  5.76334677e-03  2.05830161e+02  8.20957349e+01
 -4.43738127e-01  9.94818524e-01]","[-1.45256398e+00  2.20044817e-02 -7.07466914e+01 -1.00764096e+02
 -1.27434015e+00 -3.92732274e-01]","[-2.88381157e+00  3.17186073e-01  4.98400698e+00  1.63729370e+01
 -1.34311242e+00  1.19227233e-02]","[ 1.44866805e+00  1.59373222e-02 -9.45099844e+01  1.38913595e+02
 -1.00474689e+00 -6.85674283e-01]","[ 1.00757458e-01  1.79074479e-02 -8.72694003e+01  1.07930430e+01
 -1.22528540e+00  3.70039888e-01]","[ 2.78419176e-01  7.66821898e-03  1.92333258e+02 -5.15492673e+01
 -8.00068139e-01 -8.35635575e-01]","[-9.33852787e-01  2.62907927e-02 -5.98685203e+01 -5.39083845e+01
 -1.27838100e+00  2.33874038e-01]",014
867,1,0.9970232311252571,1,"[-6.72397321e+00  2.53985097e-02 -5.83254095e+01 -3.90178491e+02
 -9.21929757e-01 -7.64417295e-01]","[-3.84500898e-01  1.11623873e-02  1.34002327e+02  5.35240150e+01
 -9.64095468e-01  7.24234441e-01]","[-1.46675228e+00  2.60559430e-02 -6.05633104e+01 -8.68313734e+01
 -1.36408138e+00 -1.27272098e-01]",[-2.69302366  0.30628617  5.15520665 15.88309347 -1.33339137 -0.11939062],"[ 1.43671838e+00  2.35034803e-02 -6.60586849e+01  9.69077267e+01
 -1.17581150e+00 -4.56132245e-01]","[ 9.11434803e-02  1.32762697e-02 -1.16161004e+02  1.25873182e+01
 -1.13104090e+00  5.25910071e-01]","[ 2.81844676e-01  3.69255598e-03  3.45933801e+02 -9.54996002e+01
 -3.31357859e-01 -1.11969352e+00]","[-9.48777995e-01  2.17632763e-02 -7.19806726e+01 -6.62936783e+01
 -1.24837297e+00  3.29844382e-01]",014
868,1,0.9970232311252571,1,"[-6.74294447e+00  3.84053093e-02 -4.03377828e+01 -2.69995429e+02
 -1.18721211e+00 -4.70984452e-01]","[-3.76134600e-01  1.66542876e-02  9.31133444e+01  3.70231506e+01
 -1.18071271e+00  4.65234447e-01]","[-1.48239624e+00  2.63695936e-02 -5.98869466e+01 -8.67761848e+01
 -1.36683857e+00  9.20620398e-02]",[-2.51721229  0.26975619  5.82356266 16.65914349 -1.29456041 -0.26940414],"[ 1.41982270e+00  3.08216817e-02 -5.07980416e+01  7.41242124e+01
 -1.22595259e+00 -3.43942233e-01]","[ 8.45680239e-02  8.50146194e-03 -1.73884060e+02  1.67050313e+01
 -8.83086328e-01  7.88203642e-01]","[ 2.82897051e-01  1.68052423e-03 -1.48571051e+02  4.40303123e+01
 -1.68012095e+00 -2.42397197e-01]","[-9.60510017e-01  1.65081301e-02 -9.36503847e+01 -8.79521327e+01
 -1.16465747e+00  4.95127148e-01]",014
869,1,0.9970232311252571,1,"[-6.76962425e+00  4.92729154e-02 -3.18615581e+01 -2.13690776e+02
 -1.28169783e+00 -2.85291116e-01]","[-3.64396488e-01  2.15531296e-02  7.27589361e+01  2.85131008e+01
 -1.25940595e+00  3.10433316e-01]","[-1.49708467e+00  2.30127747e-02 -6.79772420e+01 -9.97676871e+01
 -1.29778673e+00  3.31027941e-01]",[-2.37168028  0.2113822   7.32451672 19.37141184 -1.19219366 -0.47347298],"[ 1.39813615e+00  3.81834785e-02 -4.11318273e+01  5.95078948e+01
 -1.24372516e+00 -2.87425058e-01]","[ 8.11338523e-02  4.15989647e-03 -2.63745241e+02  2.33986674e+01
 -4.30160879e-01  9.77355901e-01]","[ 2.82087653e-01  3.03300520e-03 -4.73705547e+02  1.35626486e+02
 -8.43341586e-01 -8.22853610e-01]","[-9.68517613e-01  1.06160416e-02 -1.37908169e+02 -1.31566491e+02
 -8.80249082e-01  7.98555111e-01]",014
870,1,0.9970232311252571,1,"[-6.80216807e+00  5.68388465e-02 -2.77618045e+01 -1.86840461e+02
 -1.32111205e+00 -1.50325992e-01]","[-3.49827131e-01  2.55391868e-02  6.16960974e+01  2.35829687e+01
 -1.29649963e+00  2.02636793e-01]","[-1.50861144e+00  1.66264377e-02 -9.05047058e+01 -1.34536434e+02
 -1.05640611e+00  6.62269570e-01]",[-2.26921379  0.13793468 10.62141797 26.10226806 -0.88587349 -0.79607691],"[ 1.37157508e+00  4.59310303e-02 -3.42410245e+01  4.89641358e+01
 -1.25184450e+00 -2.57351234e-01]","[ 8.08397422e-02  3.56199948e-03  2.58900342e+02 -1.89294369e+01
 -6.44894563e-01  8.03601309e-01]","[ 2.79809845e-01  4.83440634e-03 -3.19562062e+02  9.14166110e+01
 -1.15672771e+00 -5.02622340e-01]","[-9.72233283e-01  5.25134719e-03 -1.48227201e+02 -1.42111418e+02
 -9.09916777e-01  6.29693993e-01]",014
871,1,0.9970232311252571,1,"[-6.83820263e+00  6.03740076e-02 -2.61832161e+01 -1.77046137e+02
 -1.33639131e+00 -3.47214328e-02]","[-3.33137324e-01  2.83209240e-02  5.57676106e+01  2.05782726e+01
 -1.31796799e+00  1.12445033e-01]","[-1.51524294e+00  8.95086339e-03 -1.27522873e+02 -1.91228133e+02
 -5.08681914e-01  9.27517448e-01]",[-2.2192446   0.06779677 12.55288669 29.85792603 -0.75556932 -0.7295572 ],"[  1.339862     0.05431951 -28.97558681  40.82328781  -1.25775693
  -0.23841211]","[ 8.36017619e-02  7.36458170e-03  1.99244105e+02 -1.46571583e+01
 -8.63915739e-01  8.06851938e-01]","[ 2.76303786e-01  6.51143500e-03 -2.40151406e+02  6.83547427e+01
 -1.21317153e+00 -3.64858053e-01]","[-9.71079052e-01  7.57719949e-03  1.53927259e+02  1.51475536e+02
 -3.61741558e-01  1.05042466e+00]",014
872,1,0.9970232311252571,1,"[-6.87510017e+00  5.95715055e-02 -2.65258508e+01 -1.80367881e+02
 -1.33249922e+00  7.62307455e-02]","[-3.15211241e-01  2.95935921e-02  5.34216179e+01  1.88390945e+01
 -1.32976079e+00  2.38859375e-02]","[-1.51596300e+00  7.50891280e-03  1.11091382e+02  1.70410426e+02
 -7.77613670e-01  7.13457051e-01]","[ -2.22738055   0.08421741 -13.49378136 -28.05578617  -0.43805649
  -0.98124569]","[  1.30261267   0.06343805 -24.8258978   34.33852906  -1.26430901
  -0.22184802]","[ 8.92808488e-02  1.16141414e-02  1.32755311e+02 -9.85250686e+00
 -1.13222033e+00  5.26758017e-01]","[ 2.71643097e-01  8.25076330e-03 -1.90035571e+02  5.36218510e+01
 -1.21843614e+00 -3.22344014e-01]","[-9.64498382e-01  1.56737728e-02  9.41968508e+01  9.28527102e+01
 -8.48243402e-01  8.08810609e-01]",014
873,1,0.9875357463200708,1,"[-6.91034617e+00  5.47757441e-02 -2.87812134e+01 -1.96888148e+02
 -1.30683460e+00  1.84704754e-01]","[-2.97091425e-01  2.90940063e-02  5.43162244e+01  1.81368845e+01
 -1.33013545e+00 -7.30285066e-02]","[-1.51064271e+00  1.49207679e-02  9.83135000e+01  1.50516572e+02
 -9.28987304e-01  7.70698106e-01]","[ -2.29528168   0.16668312  -8.92856149 -18.49356362  -0.93586891
  -0.74912319]","[  1.25945546   0.07315959 -21.54089774  29.12980126  -1.27235273
  -0.20281341]","[ 9.77075867e-02  1.57119686e-02  9.94520465e+01 -7.71721946e+00
 -1.22078639e+00  3.72804276e-01]","[ 2.65741513e-01  1.02835014e-02 -1.52516253e+02  4.25298998e+01
 -1.21483851e+00 -3.17744388e-01]","[-9.51992044e-01  2.51631084e-02  6.10153307e+01  6.00861093e+01
 -1.08085262e+00  5.73577688e-01]",014
874,1,0.6436236383055526,1,"[-6.94198006e+00  4.71662348e-02 -3.33056798e+01 -2.29207365e+02
 -1.26126337e+00  2.79688255e-01]","[-2.79928736e-01  2.66902503e-02  5.90565558e+01  1.85316270e+01
 -1.31282185e+00 -1.87877793e-01]","[-1.50008810e+00  2.19394513e-02  7.09338396e+01  1.08407009e+02
 -1.26810058e+00  3.98906691e-01]","[ -2.42082378   0.25187623  -6.1486774  -12.88486448  -1.17367073
  -0.47863588]","[  1.21016566   0.08312711 -18.97164429  24.95883251  -1.28154661
  -0.17919934]","[ 1.08698390e-01  1.95618057e-02  8.03031366e+01 -6.72882166e+00
 -1.25780654e+00  2.80643176e-01]","[ 2.58378651e-01  1.27949881e-02 -1.22561258e+02  3.36672125e+01
 -1.21414103e+00 -3.20494583e-01]","[-9.33155655e-01  3.53665952e-02  4.39943696e+01  4.30535948e+01
 -1.17679473e+00  4.35174111e-01]",014
875,1,0.986271238910638,1,"[-6.96901170e+00  3.86684670e-02 -4.05296309e+01 -2.80451472e+02
 -1.21280150e+00  3.31249658e-01]","[-2.64899307e-01  2.24486441e-02  6.97225525e+01  2.04694559e+01
 -1.26214069e+00 -3.37964281e-01]","[-1.48594486e+00  2.59924972e-02  6.07025139e+01  9.22005886e+01
 -1.36826739e+00  1.30044577e-01]","[ -2.59845348   0.32764021  -4.78510573 -10.43387466  -1.26040535
  -0.31410574]","[  1.15479368   0.09278342 -17.00996742  21.64300283  -1.29097228
  -0.15070803]","[ 1.22062554e-01  2.31308422e-02  6.80886934e+01 -6.31107982e+00
 -1.27647408e+00  2.19192392e-01]","[ 2.49240284e-01  1.58927880e-02 -9.86897419e+01  2.65974593e+01
 -1.21944638e+00 -3.16459950e-01]",[-0.9077177   0.04594866 34.07477103 32.93027274 -1.22568494  0.34402817],014
876,1,0.986271238910638,1,"[-6.99169018e+00  3.15795414e-02 -4.97587170e+01 -3.45897533e+02
 -1.19402314e+00  2.79765361e-01]","[-2.53104291e-01  1.66598069e-02  9.20166424e+01  2.52898070e+01
 -1.12411519e+00 -5.63834868e-01]","[-1.47047660e+00  2.61535166e-02  6.03541566e+01  9.07493748e+01
 -1.37378602e+00 -1.08944035e-01]",[-2.81962746  0.38841831 -4.05688739 -9.43891106 -1.29866531 -0.20029988],"[  1.09376632   0.1014396  -15.56941576  19.02930253  -1.29965946
  -0.11792507]","[ 1.37602661e-01  2.63946886e-02  5.97559476e+01 -6.22257743e+00
 -1.28713665e+00  1.74500862e-01]","[ 2.37966467e-01  1.95989568e-02 -8.00817382e+01  2.10567683e+01
 -1.22967162e+00 -3.02468750e-01]",[-0.87557727  0.05658173 27.76877148 26.31370506 -1.25472131  0.27722636],014
877,1,0.986271238910638,1,"[-7.01149612e+00  2.80711830e-02 -5.62691267e+01 -3.92530764e+02
 -1.20652664e+00  6.67945570e-02]","[-2.45479541e-01  9.95581074e-03  1.39614821e+02  3.62725821e+01
 -6.91974926e-01 -9.17660027e-01]","[-1.45626203e+00  2.22532025e-02  6.99538704e+01  1.03871165e+02
 -1.28152045e+00 -3.89660782e-01]",[-3.07329047  0.43030246 -3.67060585 -9.28083795 -1.31739701 -0.10997392],"[  1.02794122   0.10836793 -14.58245677  16.98990836  -1.30679
  -0.0816447 ]","[ 1.55112592e-01  2.93301439e-02  5.38231366e+01 -6.34864625e+00
 -1.29362247e+00  1.39932144e-01]","[ 2.24199916e-01  2.38606558e-02 -6.58453680e+01  1.67625259e+01
 -1.24218458e+00 -2.80709940e-01]",[-0.83683942  0.06690174 23.53744406 21.6970611  -1.27391573  0.22382186],014
878,1,0.986271238910638,1,"[-7.03078151e+00  2.94862744e-02 -5.34266208e+01 -3.73630898e+02
 -1.19268411e+00 -2.06459492e-01]","[-2.42741128e-01  5.19064199e-03  2.44978153e+01  7.94662731e+00
 -1.69937204e+00 -2.58726764e-01]","[-1.44586932e+00  1.49514942e-02  9.64980384e+01  1.41523554e+02
 -8.99013459e-01 -7.91455566e-01]",[-3.34642705  0.45042484 -3.5098752  -9.7455413  -1.3254785  -0.02901215],"[  0.95860064   0.11290344 -14.00209043  15.4224129   -1.31170031
  -0.04258763]","[ 1.74377479e-01  3.19199653e-02  4.94842721e+01 -6.62894264e+00
 -1.29759613e+00  1.12193882e-01]","[ 2.07626281e-01  2.85723291e-02 -5.50490312e+01  1.34296256e+01
 -1.25458929e+00 -2.54749670e-01]",[-0.79184398  0.07650674 20.61345046 18.32263665 -1.28745293  0.17808788],014
879,1,0.986271238910638,1,"[-7.05210554e+00  3.54809985e-02 -4.41521768e+01 -3.09365811e+02
 -1.18701221e+00 -3.41598059e-01]","[-2.45374789e-01  1.00521514e-02 -1.32696276e+02 -3.05603207e+01
 -5.27786174e-01 -1.00690526e+00]","[-1.44156486e+00  8.08709832e-03  4.89575070e+01  7.25754215e+01
 -1.51243451e+00 -3.11539934e-01]","[ -3.6247372    0.44710329  -3.5354264  -10.81499156  -1.32485551
   0.05104682]","[ 8.87384163e-01  1.14539029e-01 -1.38041327e+01  1.42495687e+01
 -1.31388720e+00 -1.32455028e-03]","[ 1.95176855e-01  3.41576169e-02  4.62596750e+01 -7.02881788e+00
 -1.29997981e+00  8.95068819e-02]","[ 1.88001807e-01  3.35999133e-02 -4.68617383e+01  1.08100915e+01
 -1.26553936e+00 -2.27577219e-01]",[-0.74118252  0.08497682 18.57836903 15.7699623  -1.29719522  0.13690971],014
880,1,0.9869903367383048,1,"[-7.07741979e+00  4.40758129e-02 -3.55637996e+01 -2.49699939e+02
 -1.23448128e+00 -3.24125531e-01]","[-2.53658844e-01  1.84631816e-02 -8.17996213e+01 -1.87491974e+01
 -9.92970835e-01 -6.84511018e-01]","[-1.44509736e+00  1.48794450e-02 -8.52687716e+01 -1.21221677e+02
 -4.25170495e-01 -1.04925935e+00]","[ -3.89345066   0.42020633  -3.75668059 -12.62645052  -1.31434782
   0.13695743]","[  0.81617113   0.11299868 -13.99031749  13.41849318  -1.31300666
   0.0418044 ]","[ 2.17288205e-01  3.60452952e-02  4.38477750e+01 -7.52760431e+00
 -1.30148384e+00  7.05628595e-02]","[ 1.65173343e-01  3.87914192e-02 -4.06281196e+01  8.71068234e+00
 -1.27500751e+00 -2.00604233e-01]",[-0.685698    0.09190937 17.1895808  13.78686112 -1.3040361   0.09857746],014
881,1,0.9869903367383048,1,"[-7.10729108e+00  5.22806131e-02 -3.01186521e+01 -2.12062027e+02
 -1.30580279e+00 -2.17257813e-01]","[-2.67700411e-01  2.73616528e-02 -5.66408416e+01 -1.31627766e+01
 -1.15698615e+00 -4.78871576e-01]","[-1.45757352e+00  2.86280254e-02 -5.22847490e+01 -7.42088654e+01
 -9.45158178e-01 -7.33027696e-01]","[ -4.13824951   0.37136783  -4.23719183 -15.53455702  -1.28938224
   0.237519  ]","[  0.74692996   0.10827464 -14.59388375  12.90060899  -1.30878117
   0.08678576]","[ 2.40485991e-01  3.75819956e-02  4.20618786e+01 -8.11529258e+00
 -1.30275770e+00  5.38511845e-02]","[  0.13910431   0.04395772 -35.88280081   6.99145224  -1.28399626
  -0.17311295]",[-0.62646226  0.0969598  16.30191208 12.2125327  -1.30845976  0.06211637],014
882,1,0.9869903367383048,1,"[-7.14035599e+00  5.66225241e-02 -2.79068619e+01 -1.97264929e+02
 -1.36400869e+00 -5.15422503e-02]","[-2.87460983e-01  3.62270510e-02 -4.31796794e+01 -1.04124731e+01
 -1.22408837e+00 -3.57500968e-01]","[-1.47942072e+00  4.32651406e-02 -3.57578075e+01 -5.09008415e+01
 -1.15425105e+00 -4.94248466e-01]","[ -4.34622273   0.30391015  -5.14124637 -20.34500182  -1.23631241
   0.36903735]","[  0.68155427   0.10062574 -15.68996165  12.69356039  -1.30083064
   0.13395349]","[ 2.64531797e-01  3.87436151e-02  4.08056599e+01 -8.79439454e+00
 -1.30431800e+00  3.73411112e-02]","[  0.10991876   0.04882556 -32.3302792    5.5537041   -1.29358061
  -0.14254057]",[-0.56473048  0.09987708 15.82974842 10.9395414  -1.31076081  0.026909  ],014
883,1,0.9869903367383048,1,"[-7.17317263e+00  5.38897635e-02 -2.92245109e+01 -2.07632461e+02
 -1.36913040e+00  1.83448830e-01]","[ -0.31275182   0.04475849 -35.10594952  -8.97944946  -1.25948855
  -0.27515186]","[ -1.51041688   0.0572304  -27.34789968 -39.30672944  -1.23890856
  -0.34572516]","[ -4.50675449   0.22275035  -6.88707875 -29.03837311  -1.11040165
   0.56622144]","[  0.62170586   0.09054583 -17.41410667  12.82645223  -1.28851631
   0.18388834]","[ 2.89154590e-01  3.94635280e-02  4.00645664e+01 -9.58485326e+00
 -1.30636087e+00  1.85799699e-02]","[  0.07796421   0.05299275 -29.809634     4.32408461  -1.30388306
  -0.10566262]","[-5.01877100e-01  1.00527306e-01  1.57282086e+01  9.89362772e+00
 -1.31112868e+00 -7.50921966e-03]",014
884,1,0.9869903367383048,1,"[-7.20054539e+00  4.22376554e-02 -3.61045459e+01 -2.57972422e+02
 -1.19542199e+00  5.46720988e-01]","[ -0.34319385   0.05259837 -29.95202471  -8.27935056  -1.28273032
  -0.20993646]","[ -1.54975171   0.06956535 -22.61754205 -33.05157451  -1.27995333
  -0.24224904]","[ -4.61228029   0.13535649 -10.55780345 -46.69554878  -0.7503978
   0.88773425]","[  0.5686819    0.07871362 -19.99495115  13.37076683  -1.27088167
   0.23724728]","[ 3.14025089e-01  3.96251114e-02  3.99021089e+01 -1.05302633e+01
 -1.30859589e+00 -4.91195721e-03]","[  0.04387925   0.05592838 -28.26193358   3.24011259  -1.31368994
  -0.0597912 ]",[-0.43932122  0.09890298 15.98437743  9.02227623 -1.30967528 -0.04156903],014
885,1,0.9869903367383048,1,"[-7.21628364e+00  2.43957334e-02 -4.47636972e+01 -3.21027536e+02
 -6.85309248e-01  7.61766725e-01]","[ -0.37815388   0.05926612 -26.62870209  -8.06974705  -1.29997582
  -0.15070618]","[ -1.59608263   0.07946439 -19.85477374 -29.68985945  -1.30339391
  -0.16011005]","[ -4.65888282   0.06324602  -9.94475448 -44.33144575  -1.06264749
   0.57330008]","[  0.52332181   0.06592488 -23.81355145  14.46215081  -1.24671233
   0.29472752]","[ 3.38732698e-01  3.90744159e-02  4.04603247e+01 -1.17052349e+01
 -1.31018301e+00 -3.52651407e-02]","[ 8.63961332e-03  5.70414075e-02 -2.77180769e+01  2.23947347e+00
 -1.32069473e+00 -3.03811110e-03]",[-0.37845051  0.09511791 16.61509138  8.2879898  -1.30643943 -0.07576758],014
886,1,0.9869903367383048,1,"[-7.21424137e+00  2.85203281e-02  3.29400958e+01  2.39637802e+02
 -4.62752387e-01  9.46359982e-01]","[ -0.41668479   0.06418774 -24.61540082  -8.2568632   -1.31259451
  -0.09177201]","[ -1.64757214   0.08614887 -18.3416477  -28.21918767  -1.31794912
  -0.08575258]",[-4.64666589  0.08731296 14.23463945 68.14361366 -0.51531021  0.96617379],"[  0.4859695    0.05300056 -29.51915739  16.3454101   -1.21447025
   0.35759703]","[ 3.62775292e-01  3.76525663e-02  4.19734756e+01 -1.32269399e+01
 -1.30974509e+00 -7.42027718e-02]","[-2.64456084e-02  5.58003779e-02 -2.83237673e+01  1.25096074e+00
 -1.32178215e+00  6.65746567e-02]",[-0.32055275  0.08938828 17.67077691  7.66441615 -1.30136744 -0.11080929],014
887,0,0.813707422676596,0,[-7.00519093  0.46945451  2.50451545 19.54460891  0.23118438  1.48642489],"[ -0.48406774   0.11676316 -12.61661918  -4.10729839  -0.46545868
  -0.93254468]","[ -1.72369565   0.12797241 -11.90367772 -18.51831755  -0.74670484
  -0.67862254]",[-4.33387754  0.6892      1.80133084  9.80674728  0.17040775  1.44350533],"[ 4.62756748e-01  3.42559120e-02 -4.06407535e+01  2.08067830e+01
 -9.37170334e-01  6.48924152e-01]","[  0.39118579   0.04467832  34.91038341 -11.65644583  -0.98428745
   0.37641888]","[ -0.05207364   0.04239373 -34.77985645   0.18888642  -1.22747338
   0.47418364]",[-0.24379216  0.12247452 12.45692446  5.03690052 -0.73229982  0.64407624],014
888,0,0.8138105629711813,0,[-6.77680005  0.59153404  2.38780789 18.18169664 -1.81737937  0.40835379],"[ -0.54087229   0.11905305 -12.47129209  -4.7453763   -1.71184816
  -0.22276884]","[ -1.78435931   0.12074807 -12.35492029 -20.04561707  -1.61049219
  -0.10252347]",[-3.99025062  0.85589774  1.67958623  8.70197001 -1.80937694  0.39299393],"[ 4.52794071e-01  1.92696708e-02 -2.00177272e+01  1.10639082e+01
 -1.16408677e+00  3.90016469e-02]","[  0.41247044   0.03874525  38.67542069 -13.9524676   -1.50376961
  -0.04626298]","[ -0.06397515   0.02638005 -23.33532893   0.5071189   -1.22459729
   0.18464028]",[-0.18120769  0.11832916 12.77543748  4.31500751 -1.6634502   0.12401234],014
889,0,0.8138105629711813,0,[-6.54120629  0.59602969  2.38381768 17.59304322 -1.82105291 -0.39840355],"[ -0.58432643   0.09921567 -12.89571728  -5.5353084   -1.64597015
   0.40639371]","[ -1.82730815   0.09363463 -12.82773378 -21.44022253  -1.46854862
   0.37656819]",[-3.63198982  0.85698034  1.67886925  8.09763605 -1.80486937 -0.39626144],"[ 4.55004105e-01  2.30993662e-02  5.48688610e+01 -2.29655570e+01
 -9.35531767e-01  4.06258820e-01]","[ 4.26249849e-01  2.79256669e-02  4.08856130e+01 -1.54274864e+01
 -1.30414013e+00 -3.73422037e-01]","[-6.16675239e-02  3.04930651e-02  3.70444411e+01  4.28443895e+00
 -9.72114134e-01  4.62296270e-01]",[-0.13308713  0.09659319 13.9695139   3.8591625  -1.61239935 -0.48696368],014
890,0,0.8138105629711813,0,[-6.31250518  0.47966067  2.49130352 17.72636638  0.21246527 -1.4733059 ],[-0.61207423  0.06952478 -7.58504828 -2.6426126  -0.61619127  0.87467796],[-1.85144718  0.06393396 -3.79939006 -5.03437002 -1.07832625  0.39397347],[-3.27345368  0.69523236  1.82654933  7.97912461  0.14233457 -1.42010924],"[ 4.68187556e-01  3.46677325e-02  4.54482339e+01 -1.92782976e+01
 -1.28914061e+00  2.05813278e-01]",[ 0.43238006  0.01931464 -3.47023356  3.50045979 -1.45240043  0.00759608],[-0.04536998  0.04682639 33.37856267  3.51438485 -1.36970208  0.28932966],"[-9.93092895e-02  6.47165597e-02  1.29467053e+01  3.28572811e+00
 -5.37395326e-03 -1.31489506e+00]",014
891,0,0.8138105629711813,0,"[-6.10552210e+00  4.36789087e-02  1.15382301e+01  7.24469186e+01
 -1.30674593e+00 -4.35497604e-01]",[-0.62234883  0.04984104 31.26838609 21.45984357 -1.20874187  0.40802233],"[-1.85694728e+00  5.44950832e-02  2.89891380e+01  5.58313012e+01
 -1.34286223e+00  8.80927754e-02]",[-2.92626299  0.13535928 11.63406465 36.04433286 -1.24238803 -0.22578848],"[ 4.91063688e-01  3.87860100e-02  4.07043627e+01 -1.79884345e+01
 -1.30743657e+00  1.34032297e-01]","[ 4.30974633e-01  2.15619765e-02 -7.30802656e+01  3.34957406e+01
 -1.29430396e+00 -2.01647865e-01]","[-1.60085618e-02  5.34670643e-02  2.95695355e+01  2.47336574e+00
 -1.32366089e+00  2.19558345e-02]","[-7.93776820e-02  2.35855940e-02 -6.63093202e+01 -3.26348013e+00
 -1.24763819e+00 -3.53245376e-01]",014
892,0,0.8138105629711813,0,"[-6.11869254e+00  6.92665675e-02 -1.82795418e+01 -1.09846896e+02
 -4.86907181e-01 -1.00123860e+00]",[-0.58754663  0.06270831 25.0438926  16.71445468 -1.26661143  0.28348017],"[-1.82346856e+00  5.51859168e-02  2.86394692e+01  5.42231716e+01
 -1.34315616e+00 -5.18150262e-02]",[-2.84474724  0.11822557 13.34383038 39.95982463 -1.25505031 -0.1683613 ],"[  0.51604275   0.04144038  38.13904588 -17.68137818  -1.31803645
   0.06702637]","[ 4.16790447e-01  2.40440707e-02 -6.56729976e+01  2.93718780e+01
 -1.30875450e+00 -1.25565000e-01]","[ 1.71173571e-02  5.30611140e-02  2.97918775e+01  1.49004179e+00
 -1.31978398e+00 -4.70358833e-02]","[-9.54359593e-02  2.85745668e-02 -5.50995471e+01 -3.25847813e+00
 -1.29220329e+00 -2.23573905e-01]",014
893,0,0.8138105629711813,0,"[ -6.17374554   0.12821602 -11.76643178 -70.64295577  -1.01982745
  -0.67486794]",[-0.54529688  0.07338912 21.47874826 13.71229449 -1.29622212  0.19126297],"[-1.79098295e+00  5.10589378e-02  3.08676386e+01  5.72834144e+01
 -1.31718979e+00 -1.89456798e-01]",[-2.77218994  0.10752571 14.69194606 42.7288651  -1.27171045 -0.10368575],"[ 5.42147817e-01  4.24072334e-02  3.72831942e+01 -1.82130023e+01
 -1.32093765e+00  2.58669105e-03]","[ 4.01297091e-01  2.56339405e-02 -6.16582727e+01  2.67432855e+01
 -1.31403289e+00 -6.56719672e-02]",[ 0.04936208  0.05041904 31.32828685  0.45357053 -1.30963834 -0.10975439],"[-1.14289506e-01  3.22111221e-02 -4.90107428e+01 -3.60141361e+00
 -1.30905699e+00 -1.35459306e-01]",014
894,0,0.8572059778600397,0,"[ -6.2677058    0.18462732  -8.42966197 -50.83464124  -1.21596264
  -0.41949686]",[-0.49723105  0.08120172 19.44991972 11.67110404 -1.31254623  0.11477476],"[-1.76227085e+00  4.29140369e-02  3.64590486e+01  6.62507186e+01
 -1.25651294e+00 -3.44965419e-01]",[-2.7052921   0.10159788 15.5587837  44.09105468 -1.28651019 -0.05551139],"[  0.56833515   0.0416431   37.95687963 -19.57222869  -1.31680995
  -0.05883345]","[ 3.85036101e-01  2.63767720e-02 -5.99418016e+01  2.50797576e+01
 -1.31356024e+00 -1.79619480e-02]",[ 0.07949484  0.0460446  34.26107088 -0.72357819 -1.29428218 -0.16679012],"[-1.35076641e-01  3.45184937e-02 -4.57857266e+01 -4.18458217e+00
 -1.31433720e+00 -7.05622172e-02]",014
895,0,0.8572059778600397,0,"[ -6.39493383   0.23113275  -6.80108623 -41.49249641  -1.28617449
  -0.25983656]",[-0.4453542   0.08558549 18.47053076 10.22592846 -1.32092569  0.04486037],"[-1.73951980e+00  3.19748170e-02  4.80632979e+01  8.56070585e+01
 -1.12440152e+00 -5.50720567e-01]","[-2.64172076e+00  9.83798572e-02  1.60703341e+01  4.44533351e+01
 -1.29635355e+00 -3.35006537e-02]","[ 5.93590356e-01  3.93077470e-02  4.01786976e+01 -2.18496874e+01
 -1.30714902e+00 -1.17170239e-01]","[ 3.68494230e-01  2.63944219e-02 -5.99020735e+01  2.40735685e+01
 -1.30985891e+00  1.86304221e-02]",[ 0.10662562  0.04055208 38.84014581 -2.14135474 -1.27567167 -0.21771156],"[-1.56989199e-01  3.56076277e-02 -4.44021804e+01 -4.97066272e+00
 -1.31408945e+00 -2.05166876e-02]",014
896,0,0.8572059778600397,0,"[ -6.54787288   0.26463306  -5.96349035 -37.04817675  -1.31308742
  -0.14842973]",[-0.39196055  0.08614071 18.35352217  9.19385665 -1.32285178 -0.02456404],"[-1.72416434e+00  1.97991776e-02  7.29911977e+01  1.27848820e+02
 -7.85923277e-01 -8.64090437e-01]","[-2.58012921e+00  9.62147028e-02  1.64322698e+01  4.43973793e+01
 -1.30013399e+00 -2.99632249e-02]","[ 6.17026505e-01  3.57048904e-02  4.41735634e+01 -2.52562595e+01
 -1.29315406e+00 -1.74023724e-01]","[ 3.52073022e-01  2.58588472e-02 -6.11347645e+01  2.35239013e+01
 -1.30533364e+00  4.51406553e-02]","[ 1.30219838e-01  3.45435606e-02  4.55136833e+01 -3.92678448e+00
 -1.25603491e+00 -2.63912808e-01]","[-1.79309430e-01  3.56499449e-02 -4.43499801e+01 -5.95236967e+00
 -1.31118829e+00  1.90890180e-02]",014
897,0,0.8572059778600397,0,"[ -6.71793411   0.28404778  -5.56431849 -35.38072501  -1.32156005
  -0.06352631]",[-0.33951422  0.0826894  19.10514703  8.48646908 -1.31759422 -0.0985983 ],"[-1.71683671e+00  9.19237780e-03  9.03000654e+01  1.57030467e+02
 -7.02130018e-01 -7.80619075e-01]","[-2.51991115e+00  9.42619752e-02  1.67725632e+01  4.42653691e+01
 -1.29942674e+00 -3.14124298e-02]","[ 6.37955990e-01  3.12030881e-02  5.04486387e+01 -3.01840112e+01
 -1.27432775e+00 -2.32323888e-01]","[ 3.36076415e-01  2.49428556e-02 -6.33695246e+01  2.32970026e+01
 -1.30169892e+00  6.41011838e-02]","[ 1.50052878e-01  2.84804603e-02  5.50783953e+01 -6.26467172e+00
 -1.23529034e+00 -3.11309269e-01]","[-2.01436032e-01  3.48482815e-02 -4.53623089e+01 -7.13760353e+00
 -1.30708934e+00  5.09324194e-02]",014
898,0,0.8572059778600397,0,"[-6.89636781e+00  2.89776136e-01 -5.45619207e+00 -3.56279073e+01
 -1.32084903e+00  5.65011065e-03]",[-0.29049318  0.07533845 20.92778094  8.07937763 -1.302159   -0.18294682],"[-1.71740514e+00  1.03356777e-02 -1.12408731e+02 -1.91051333e+02
 -5.26750811e-01 -9.18153610e-01]","[-2.46088296e+00  9.23448638e-02  1.71208476e+01  4.41324020e+01
 -1.29821860e+00 -3.04637215e-02]","[ 6.55931473e-01  2.61878856e-02  5.99475284e+01 -3.73214706e+01
 -1.24840759e+00 -2.94450405e-01]","[ 3.20718511e-01  2.37772653e-02 -6.64645516e+01  2.33164120e+01
 -1.29931604e+00  7.91889825e-02]","[ 1.66128409e-01  2.26286661e-02  6.90817553e+01 -9.47644206e+00
 -1.20780537e+00 -3.70839829e-01]","[-2.22897700e-01  3.34128228e-02 -4.72989128e+01 -8.54281888e+00
 -1.30247589e+00  7.65646329e-02]",014
899,0,0.7393699689450954,0,"[ -7.07499358   0.28326064  -5.57983119 -37.47726986  -1.31485438
   0.06531158]",[-0.24720896  0.06451628 24.33720589  8.01637531 -1.26955408 -0.28632472],"[-1.72505632e+00  1.90597525e-02 -7.91879070e+01 -1.34603600e+02
 -1.06396777e+00 -6.50428385e-01]","[-2.40310739e+00  9.03889204e-02  1.74912360e+01  4.40333184e+01
 -1.30048426e+00 -3.14795753e-02]","[ 6.70761248e-01  2.10528363e-02  7.43045475e+01 -4.78406110e+01
 -1.21316121e+00 -3.59866542e-01]","[ 3.06143478e-01  2.24408237e-02 -7.04090444e+01  2.35552697e+01
 -1.29734303e+00  9.33461152e-02]","[ 1.78600406e-01  1.71171864e-02  9.07574294e+01 -1.42093137e+01
 -1.15983959e+00 -4.56004170e-01]","[-2.43354682e-01  3.15469100e-02 -5.00827790e+01 -1.01878788e+01
 -1.29775884e+00  9.65877174e-02]",014
900,0,0.958260932001022,0,"[ -7.24671878   0.26657932  -5.92420699 -40.93106201  -1.30516984
   0.11958789]",[-0.21163159  0.05096097 30.5353857   8.46225218 -1.20189741 -0.42602094],"[-1.73839033e+00  2.64142912e-02 -5.92044343e+01 -1.00920416e+02
 -1.28347419e+00 -3.40980115e-01]",[-2.34697476  0.08782613 17.99949791 44.24436733 -1.30755383 -0.04859409],"[ 6.82506088e-01  1.61927329e-02  9.62117190e+01 -6.36650840e+01
 -1.16966483e+00 -4.23014191e-01]","[ 2.92445587e-01  2.09828997e-02 -7.52845675e+01  2.40166396e+01
 -1.29477219e+00  1.07143244e-01]","[ 1.87733563e-01  1.20628455e-02  1.27257708e+02 -2.18905429e+01
 -1.06740372e+00 -5.79781983e-01]","[-2.62590530e-01  2.94379626e-02 -5.36579990e+01 -1.20900824e+01
 -1.29341998e+00  1.11066882e-01]",014
901,0,0.8136438660832453,0,"[ -7.40584296   0.24211639  -6.51478394 -46.24746679  -1.29214264
   0.17158045]","[-1.85253897e-01  3.56845661e-02  4.25722690e+01  9.88667875e+00
 -1.04160936e+00 -6.41394503e-01]","[-1.75552731e+00  3.07311646e-02 -5.13608249e+01 -8.81653309e+01
 -1.35110437e+00 -1.26560822e-01]",[-2.29348308  0.08335425 18.95277244 45.46786284 -1.31552844 -0.09907394],"[ 6.91455942e-01  1.19651719e-02  1.29757724e+02 -8.77217490e+01
 -1.12642707e+00 -4.71120196e-01]","[ 2.79680790e-01  1.94541744e-02 -8.11833620e+01  2.47054268e+01
 -1.29145325e+00  1.18928671e-01]","[ 1.93910556e-01  7.66237769e-03  1.95725899e+02 -3.59533180e+01
 -8.93369375e-01 -7.53045676e-01]","[-2.80496092e-01  2.72461473e-02 -5.79648272e+01 -1.42589075e+01
 -1.29001839e+00  1.20254200e-01]",014
902,0,0.9718084491771904,0,"[ -7.54817144   0.21230376  -7.41702353 -53.98496516  -1.27534977
   0.22411198]","[-1.69022578e-01  2.01762078e-02  6.76150477e+01  1.34284697e+01
 -5.92755877e-01 -9.75801722e-01]","[-1.77424752e+00  3.13946658e-02 -5.03298467e+01 -8.72976058e+01
 -1.36024290e+00  5.97187715e-02]",[-2.24453734  0.07519573 20.95158461 49.02661395 -1.3110576  -0.20146017],"[ 6.98077642e-01  8.62531393e-03  1.79903215e+02 -1.23586412e+02
 -1.10228137e+00 -4.82082472e-01]","[ 2.67867555e-01  1.79216181e-02 -8.81133479e+01  2.56027070e+01
 -1.28808915e+00  1.26247744e-01]","[ 1.97664659e-01  4.18441839e-03  3.42889801e+02 -6.57771958e+01
 -5.94651804e-01 -9.77974219e-01]","[-2.97047010e-01  2.50904178e-02 -6.29390504e+01 -1.66958567e+01
 -1.28791547e+00  1.25222719e-01]",014
903,0,0.9718084491771904,0,"[ -7.67095039   0.17938268  -8.75732971 -65.17704171  -1.25353693
   0.28112717]",[-0.16334921  0.01006361  5.66685871  2.92567691 -1.71397653 -0.25784424],"[-1.79218084e+00  2.82940195e-02 -5.55196134e+01 -9.75011876e+01
 -1.31740447e+00  2.61567664e-01]",[-2.20309531  0.06170235 25.26327329 57.65739888 -1.25467233 -0.38820428],"[ 7.02929853e-01  6.26658251e-03  2.48650036e+02 -1.72783533e+02
 -1.11954676e+00 -4.29856009e-01]","[ 2.56980196e-01  1.64656218e-02 -9.59043918e+01  2.66455294e+01
 -1.28539534e+00  1.26667634e-01]","[ 1.99699926e-01  1.86646366e-03  7.34314437e+02 -1.44642539e+02
 -2.30451158e-01 -1.19577317e+00]","[-3.12276791e-01  2.30394194e-02 -6.85382734e+01 -1.94029121e+01
 -1.28701698e+00  1.27914317e-01]",014
904,0,0.9718084491771904,0,"[ -7.77264666   0.14517083 -10.7808981  -81.79611165  -1.22283115
   0.35054578]","[-1.68191401e-01  1.88424602e-02 -7.21875071e+01 -1.01413180e+01
 -6.09648580e-01 -9.61218659e-01]","[-1.80703287e+00  2.18427714e-02 -7.03352148e+01 -1.25098045e+02
 -1.16757473e+00  5.32751399e-01]","[-2.17307637e+00  4.22917034e-02  3.49772319e+01  7.80081960e+01
 -9.83938811e-01 -7.27321346e-01]","[ 7.06557311e-01  4.79281946e-03  3.27275964e+02 -2.29239225e+02
 -1.17746655e+00 -3.18383030e-01]","[ 2.46940754e-01  1.51729562e-02 -1.04094158e+02  2.77050898e+01
 -1.28361029e+00  1.17270603e-01]","[ 2.00867354e-01  1.00685467e-03  1.47991169e+03 -2.95265945e+02
 -5.63634437e-01  2.61224034e-01]","[-3.26249911e-01  2.11154091e-02 -7.47794714e+01 -2.23967959e+01
 -1.28676751e+00  1.30442790e-01]",014
905,0,0.9718084491771904,0,"[  -7.8526313     0.11091309  -14.01121054 -108.02487049   -1.17045908
    0.44945545]","[-1.83171927e-01  3.31403755e-02 -4.59228999e+01 -6.41178609e+00
 -1.05516481e+00 -6.27662631e-01]","[-1.81680427e+00  1.31991371e-02 -1.03655735e+02 -1.86322182e+02
 -6.82786519e-01  9.14913163e-01]","[-2.15905925e+00  2.22965706e-02  3.31758335e+01  7.36285901e+01
 -1.04677231e+00 -5.26480022e-01]","[ 7.09391862e-01  3.93417133e-03  4.00323973e+02 -2.81986569e+02
 -1.24234646e+00 -2.22788275e-01]","[ 2.37615402e-01  1.41331784e-02 -1.11794533e+02  2.85641029e+01
 -1.28280323e+00  9.46000316e-02]","[ 2.02089347e-01  2.10395760e-03  6.54381575e+02 -1.30243545e+02
 -2.97618680e-01  1.16096485e+00]","[-3.39041177e-01  1.93122413e-02 -8.17553595e+01 -2.57184333e+01
 -1.28640995e+00  1.34012098e-01]",014
906,0,0.9718084491771904,0,"[-7.91084689e+00  7.73738090e-02 -1.97310149e+01 -1.54089038e+02
 -1.05313276e+00  6.14937268e-01]","[ -0.20769673   0.04721631 -32.96729982  -4.84720046  -1.19714341
  -0.42431496]","[-1.81995076e+00  7.52341062e-03  1.11535645e+01  2.22989382e+01
 -1.69815751e+00  2.61621085e-01]","[-2.16587103e+00  3.59710350e-02 -3.24537345e+01 -6.82906034e+01
 -3.16388749e-01 -1.08599221e+00]","[ 7.11689537e-01  3.33250176e-03  4.72255876e+02 -3.34099566e+02
 -1.28290596e+00 -2.35200564e-01]","[ 2.28819489e-01  1.34302619e-02 -1.17697026e+02  2.89313733e+01
 -1.28311221e+00  5.74951360e-02]","[ 2.04249894e-01  4.46741667e-03  3.25235073e+02 -6.44292291e+01
 -6.83161650e-01  9.18823808e-01]","[-3.50726023e-01  1.76197656e-02 -8.96004615e+01 -2.94252136e+01
 -1.28539776e+00  1.38106789e-01]",014
907,0,0.9718084491771904,0,"[-7.94752543e+00  4.54757337e-02 -3.12879259e+01 -2.46661586e+02
 -7.11321841e-01  9.11244957e-01]","[ -0.24104438   0.06032371 -26.0050603   -4.26837371  -1.25067855
  -0.3070755 ]","[-1.81545526e+00  1.55117569e-02  8.76822431e+01  1.61183189e+02
 -5.73822733e-01  9.87356353e-01]","[ -2.19815865   0.07620908 -19.26606527 -40.34986804  -0.80585731
  -0.83950309]","[ 7.13519295e-01  2.67528715e-03  5.82036285e+02 -4.13294120e+02
 -1.25052419e+00 -4.00131131e-01]","[ 2.20332995e-01  1.31200968e-02 -1.20509043e+02  2.85521184e+01
 -1.28448855e+00  1.14407963e-02]","[ 2.08083297e-01  7.75918855e-03  1.95009010e+02 -3.85781178e+01
 -9.68361900e-01  6.90127680e-01]","[-3.61382312e-01  1.60438915e-02 -9.83964741e+01 -3.35587453e+01
 -1.28373661e+00  1.40379540e-01]",014
908,0,0.9943887404689852,0,"[-7.96299007e+00  2.09877777e-02 -2.74308564e+01 -2.16431637e+02
 -1.16441902e+00  5.23557779e-01]","[ -0.28242021   0.07223926 -21.79148321  -4.15435523  -1.27551408
  -0.231322  ]","[-1.80281976e+00  2.77762422e-02  5.45755544e+01  1.00389888e+02
 -1.02121274e+00  6.58774458e-01]","[ -2.25998095   0.12500491 -12.24237878 -25.6675428   -1.05459561
  -0.60236912]","[ 7.14803026e-01  1.80651979e-03  8.11760642e+02 -5.78248964e+02
 -9.54826490e-01 -7.52155673e-01]","[ 2.11925336e-01  1.32026268e-02 -1.19748310e+02  2.73777008e+01
 -1.28679154e+00 -3.18079075e-02]","[ 2.14098825e-01  1.16113306e-02  1.33082888e+02 -2.64928899e+01
 -1.13108531e+00  5.11722268e-01]","[-3.71100952e-01  1.46164293e-02 -1.08014471e+02 -3.80842730e+01
 -1.28194869e+00  1.36981796e-01]",014
909,0,0.9943887404689852,0,"[-7.95755746e+00  3.16856082e-02  3.96214073e+01  3.17289626e+02
 -4.60801773e-01  1.01322125e+00]","[ -0.33098087   0.08283857 -19.03805165  -4.30123098  -1.28867442
  -0.17750851]","[-1.78200441e+00  4.03265777e-02  3.85165923e+01  7.06367375e+01
 -1.18037212e+00  4.51113848e-01]","[ -2.3544523    0.17860123  -8.69712769 -18.47697227  -1.16436142
  -0.45589631]","[ 7.15397172e-01  9.41933141e-04  7.31992631e+02 -5.21665459e+02
 -1.07594092e+00 -5.21908475e-01]","[ 2.03385167e-01  1.36121281e-02 -1.16121382e+02  2.56173668e+01
 -1.28998798e+00 -6.15852908e-02]","[ 2.22567088e-01  1.56453045e-02  9.98248013e+01 -2.02177153e+01
 -1.21432329e+00  3.81229637e-01]","[-3.80001585e-01  1.33967644e-02 -1.17883111e+02 -4.27957688e+01
 -1.28061116e+00  1.22730863e-01]",014
910,0,0.9943887404689852,0,"[-7.93155782e+00  6.04798880e-02  2.48276743e+01  1.98922134e+02
 -9.65303707e-01  7.14443485e-01]","[ -0.38583774   0.09202375 -17.15593926  -4.61940891  -1.29629395
  -0.13641185]","[-1.75334825e+00  5.22231193e-02  3.00110809e+01  5.46198760e+01
 -1.24588217e+00  3.23414766e-01]","[ -2.48346442   0.23439998  -6.674831   -14.57670528  -1.22220042
  -0.35525326]","[ 7.15200695e-01  1.32845925e-03 -8.97436343e+02  6.43847096e+02
 -4.95354324e-01 -9.61963704e-01]","[ 1.94547717e-01  1.42375145e-02 -1.11005299e+02  2.35958275e+01
 -1.29371007e+00 -7.46676755e-02]","[ 2.33567350e-01  1.96108838e-02  8.00588517e+01 -1.66991338e+01
 -1.25198149e+00  2.92104638e-01]","[-3.88249264e-01  1.24704111e-02 -1.26706094e+02 -4.71935478e+01
 -1.27975689e+00  9.14456399e-02]",014
911,0,0.9943887404689852,0,"[-7.88547279e+00  9.08180825e-02  1.70485920e+01  1.36436209e+02
 -1.15444501e+00  4.87678061e-01]","[ -0.44604958   0.09970266 -15.84493031  -5.06762453  -1.3011324
  -0.10292646]",[-1.7175099   0.06291013 25.01822406 44.96904757 -1.27813082  0.23533556],"[ -2.64746538   0.2897928   -5.4210972  -12.35216717  -1.25639791
  -0.27950462]","[ 7.14270537e-01  2.31074797e-03 -6.56493138e+02  4.70913706e+02
 -1.17923178e+00 -5.78455661e-01]","[ 1.85311651e-01  1.49580862e-02 -1.05658136e+02  2.15796836e+01
 -1.29724128e+00 -7.43324770e-02]","[ 2.47071386e-01  2.34430489e-02  6.71398394e+01 -1.45883332e+01
 -1.26671050e+00  2.36635518e-01]","[-3.96067758e-01  1.19449898e-02 -1.32348305e+02 -5.04188964e+01
 -1.27827226e+00  3.84498970e-02]",014
912,0,0.9943887404689852,0,"[ -7.82015965   0.12018652  13.01888809 103.80978334  -1.23221144
   0.35156592]","[ -0.51061419   0.10577253 -14.94186623  -5.62952886  -1.30448078
  -0.0737378 ]",[-1.67544621  0.07191567 21.93539428 38.75157321 -1.29683045  0.16711433],"[ -2.84526345   0.34206017  -4.60445817 -11.10089652  -1.27867282
  -0.21791653]","[ 7.12927009e-01  2.73782749e-03 -5.74702933e+02  4.11721243e+02
 -1.51242439e+00 -4.25903453e-02]","[ 1.75641519e-01  1.56714086e-02 -1.00858355e+02  1.97149147e+01
 -1.30012381e+00 -6.57403298e-02]","[ 2.63030522e-01  2.72204218e-02  5.78907863e+01 -1.32270437e+01
 -1.27236852e+00  2.04852310e-01]","[-4.03745510e-01  1.19380263e-02 -1.32426754e+02 -5.14667075e+01
 -1.27393849e+00 -3.36844922e-02]",014
913,0,0.9943887404689852,0,[-7.73709473  0.14697763 10.69971349 84.78469678 -1.27358976  0.25460697],"[ -0.57846347   0.1101148  -14.35640702  -6.30465699  -1.30678838
  -0.04668057]",[-1.6284128   0.07876036 20.05590608 34.65929411 -1.30915019  0.10752201],"[ -3.07386292   0.38829586  -4.06307619 -10.48933925  -1.29456007
  -0.16362977]","[ 7.11834044e-01  2.15457239e-03 -6.46764361e+02  4.62388891e+02
 -1.14100593e+00  5.42755237e-01]","[ 1.65558127e-01  1.63034097e-02 -9.69602976e+01  1.80525652e+01
 -1.30230169e+00 -5.28712956e-02]","[ 2.81434762e-01  3.10644709e-02  5.07576173e+01 -1.22849579e+01
 -1.27582348e+00  1.86123995e-01]","[-4.11631144e-01  1.25519480e-02 -1.25840235e+02 -4.97997598e+01
 -1.26587727e+00 -1.11248439e-01]",014
914,0,0.9943887404689852,0,[-7.63852569  0.16957622  9.29984955 73.03713969 -1.29713878  0.17688505],"[ -0.6484674    0.11261824 -14.03924767  -7.1039944   -1.30804601
  -0.02062128]",[-1.57795649  0.08295405 19.0559534  32.06946533 -1.31687902  0.05005883],"[ -3.32836782   0.4253913   -3.71304633 -10.35838393  -1.30625683
  -0.11201926]","[ 7.12039412e-01  2.54384906e-03  2.24156774e+02 -1.57608458e+02
 -8.30046167e-01  7.65444378e-01]","[ 1.55122898e-01  1.68061597e-02 -9.40698214e+01  1.65923833e+01
 -1.30377807e+00 -3.80902314e-02]","[ 3.02328587e-01  3.50541405e-02  4.49985020e+01 -1.16043335e+01
 -1.27926690e+00  1.72422529e-01]","[-4.20116406e-01  1.38432587e-02 -1.13938792e+02 -4.58675557e+01
 -1.25732604e+00 -1.75543264e-01]",014
915,0,0.9722109254677512,0,[-7.52742463  0.18672475  8.45878232 65.67284638 -1.30861106  0.11259273],"[-7.19453785e-01  1.13222022e-01 -1.39648343e+01 -8.04705293e+00
 -1.30815073e+00  4.74658224e-03]","[-1.52587520e+00  8.40857482e-02  1.88031430e+01  3.06912495e+01
 -1.31958354e+00 -8.38112290e-03]","[ -3.6020033    0.45026738  -3.51043162 -10.64458628  -1.31410612
  -0.06036804]","[ 7.14962518e-01  7.50787327e-03  1.77147557e+02 -1.24653864e+02
 -3.20416117e-01  1.14683373e+00]","[ 1.44421348e-01  1.71539745e-02 -9.21692423e+01  1.53112062e+01
 -1.30441189e+00 -2.30107125e-02]","[ 3.25794001e-01  3.92047583e-02  4.02477894e+01 -1.11124883e+01
 -1.28255192e+00  1.60042711e-01]","[-4.29607723e-01  1.58031587e-02 -9.96863696e+01 -4.08260343e+01
 -1.25312023e+00 -2.14953979e-01]",014
916,0,0.9722109254677512,0,"[-7.40721464e+00  1.97960474e-01  7.98458726e+00  6.11435517e+01
 -1.31171976e+00  6.10920030e-02]","[ -0.79024137   0.11194494 -14.12319714  -9.16073466  -1.3072148
   0.02944191]",[-1.47413308  0.08195055 19.28561889 30.42956882 -1.31654935 -0.06917033],"[-3.88630050e+00  4.60319673e-01 -3.43476063e+00 -1.13485120e+01
 -1.31786411e+00 -7.14971179e-03]","[ 7.22325140e-01  1.58787399e-02  9.23320393e+01 -6.46937532e+01
 -7.35783229e-01  8.77862391e-01]","[ 1.33547097e-01  1.73442309e-02 -9.11614641e+01  1.41743489e+01
 -1.30400025e+00 -9.36844916e-03]","[  0.35192583   0.04349897  36.28481041 -10.76956201  -1.28507183
   0.14862198]","[-4.40491897e-01  1.83591877e-02 -8.57621856e+01 -3.57775478e+01
 -1.25498665e+00 -2.29336735e-01]",014
917,1,1.0120780699804768,1,"[-7.28135402e+00  2.03721358e-01  7.76089421e+00  5.85098182e+01
 -1.31021324e+00  2.23261816e-02]","[ -0.85967255   0.10887241 -14.51939764 -10.48192756  -1.30557745
   0.05395246]",[-1.42473807  0.07661625 20.60597763 31.35812081 -1.30727635 -0.1342522 ],"[ -4.17145691   0.45381395  -3.48331232 -12.53048724  -1.31729858
   0.04931629]","[ 7.36028852e-01  2.74785531e-02  5.51345023e+01 -3.85805844e+01
 -9.53432605e-01  6.90576436e-01]","[ 1.22585396e-01  1.74018080e-02 -9.08605542e+01  1.31381770e+01
 -1.30247835e+00  6.23036353e-04]","[  0.38081786   0.04792612  32.94040872 -10.5442961   -1.28670437
   0.13893083]","[-4.53102770e-01  2.13907215e-02 -7.36176988e+01 -3.13563833e+01
 -1.26134454e+00 -2.25099425e-01]",014
918,1,1.0120780699804768,1,"[-7.15294136e+00  2.05042407e-01  7.71122351e+00  5.71579296e+01
 -1.30731571e+00 -5.29908086e-03]","[ -0.92663105   0.1041039  -15.18023867 -12.06648048  -1.30346663
   0.07978579]",[-1.37960805  0.06838655 23.03689302 33.78188308 -1.29011656 -0.20854802],"[ -4.44685967   0.43005389  -3.67269068 -14.33194005  -1.31160521
   0.11215288]","[  0.75798921   0.04213509  36.53378861 -25.69221756  -1.07730286
   0.55797562]","[ 1.11595914e-01  1.73817926e-02 -9.09650855e+01  1.21513318e+01
 -1.30006412e+00  4.50109753e-03]","[  0.41256508   0.05250144  30.07469595 -10.40776923  -1.28768819
   0.13140065]","[-4.67693043e-01  2.47451672e-02 -6.36726994e+01 -2.77792786e+01
 -1.26991117e+00 -2.09189733e-01]",014
919,1,1.0120780699804768,1,"[-7.02449765e+00  2.03052663e-01  7.78642569e+00  5.66957290e+01
 -1.30496939e+00 -2.52131408e-02]","[ -0.99003996   0.09770041 -16.16782359 -14.00679147  -1.300537
   0.10945622]",[-1.34045987  0.05770373 27.18943985 38.44635294 -1.2587736  -0.30271473],"[ -4.7017374    0.38939625  -4.04863408 -17.03561427  -1.29796056
   0.18675248]","[  0.78994245   0.0593901   26.16054276 -18.66532321  -1.15543308
   0.45628793]","[ 1.00596767e-01  1.73658307e-02 -9.10487802e+01  1.11592130e+01
 -1.29719339e+00  2.57438196e-04]","[  0.44727474   0.05726111  27.57799195 -10.33493922  -1.28831352
   0.12583331]","[-4.84412681e-01  2.82472657e-02 -5.58186893e+01 -2.50392810e+01
 -1.27912586e+00 -1.86391201e-01]",014
920,1,1.0120780699804768,1,"[-6.89797872e+00  1.98572417e-01  7.96140537e+00  5.69176048e+01
 -1.30368426e+00 -4.17347252e-02]","[ -1.0488502    0.08967775 -17.60077488 -16.46057628  -1.29555182
   0.14603743]","[-1.30874885e+00  4.50693608e-02  3.44909783e+01  4.71400283e+01
 -1.19300362e+00 -4.39192535e-01]","[ -4.92586871   0.3332943   -4.71210275 -21.21119953  -1.269254
   0.28209716]","[  0.8332458    0.0784727   19.91717071 -14.59589892  -1.20819553
   0.37319469]","[ 8.95534893e-02  1.74503421e-02 -9.06065055e+01  1.01141287e+01
 -1.29432010e+00 -1.26829123e-02]","[  0.48506811   0.06223518  25.37613004 -10.30915148  -1.28909407
   0.12130006]","[-5.03294056e-01  3.17031685e-02 -4.97712349e+01 -2.30495667e+01
 -1.28804617e+00 -1.59360668e-01]",014
921,1,1.0120780699804768,1,[-6.7749636   0.19195474  8.23472733 57.78997789 -1.30309917 -0.05896204],"[ -1.10203819   0.08005552 -19.69046783 -19.69964758  -1.28625707
   0.19293863]","[-1.28566068e+00  3.10721484e-02  4.86590888e+01  6.45590771e+01
 -1.01994779e+00 -6.67900242e-01]","[ -5.11029648   0.26446072  -5.88930579 -28.09609865  -1.20767099
   0.41496851]","[  0.88869599   0.09834032  15.95780002 -12.1816328   -1.24519897
   0.30209268]","[ 7.83776210e-02  1.77267941e-02 -8.91870476e+01  8.99026862e+00
 -1.29190215e+00 -3.24525740e-02]","[  0.52605244   0.06739365  23.4362273  -10.32868454  -1.29092958
   0.11571828]","[-5.24243698e-01  3.49068893e-02 -4.52344621e+01 -2.17138817e+01
 -1.29597718e+00 -1.29596340e-01]",014
922,1,0.9956058708467832,1,[-6.6569085   0.18313847  8.62905879 59.44285479 -1.30252825 -0.08038171],"[ -1.14863212   0.06893465 -22.81440722 -24.20536091  -1.26888325
   0.25450215]","[-1.27212112e+00  1.69275417e-02  7.64529797e+01  9.92574500e+01
 -5.17110290e-01 -9.92653029e-01]","[ -5.24807167   0.18719375  -8.14025364 -40.72063454  -1.05978524
   0.62086184]","[  0.95638941   0.11776702  13.36313804 -10.78036368  -1.27151462
   0.23919349]","[ 6.69390529e-02  1.82558955e-02 -8.65892717e+01  7.79620384e+00
 -1.29061333e+00 -5.42898045e-02]","[  0.57025302   0.07256834  21.76878225 -10.41371373  -1.2947177
   0.10583444]","[-5.47041122e-01  3.76543068e-02 -4.19580693e+01 -2.09527893e+01
 -1.30240813e+00 -9.81369851e-02]",014
923,1,0.9956058708467832,1,[-6.54533322  0.17184291  9.1922629  62.16642378 -1.30071367 -0.10865001],"[ -1.18777983   0.05657044 -27.68386538 -30.88233691  -1.23622757
   0.33756455]","[-1.26878059e+00  1.04947399e-02 -4.08241720e+01 -4.97969171e+01
 -1.38837997e+00 -4.11549053e-01]","[ -5.33502424   0.10854025 -12.85908221 -66.60351529  -0.64954165
   0.94910054]","[  1.03564082   0.13545586  11.64107738 -10.05597491  -1.29018387
   0.18202164]","[ 5.50926022e-02  1.90417369e-02 -8.30015796e+01  6.57277300e+00
 -1.29129078e+00 -7.16534163e-02]","[  0.61750869   0.07737998  20.42065462 -10.60993175  -1.30068446
   0.08813421]","[ -0.57134618   0.03976205 -39.75084425 -20.71149318  -1.30708233
  -0.06573401]",014
924,1,0.9956058708467832,1,[-6.44184869  0.15784622  9.99988881 66.41777062 -1.2956553  -0.14481627],"[ -1.2188489    0.04341392 -35.77341608 -41.60238873  -1.17242627
   0.4548948 ]","[-1.27596342e+00  2.22806145e-02 -6.32237896e+01 -7.86712426e+01
 -6.91888515e-01 -9.23288374e-01]","[ -5.37041356   0.04987769  -8.11691565 -41.59119387  -1.38643305
   0.41715621]",[ 1.12496712  0.15014827 10.51617653 -9.83035285 -1.30319996  0.12859445],"[ 4.27138472e-02  2.00174381e-02 -7.89489925e+01  5.37221520e+00
 -1.29431479e+00 -7.89506696e-02]","[  0.66735174   0.08122347  19.46068653 -10.98712299  -1.30793032
   0.06007004]","[-5.96716013e-01  4.10842213e-02 -3.84815924e+01 -2.09625824e+01
 -1.30995717e+00 -3.27834061e-02]",014
925,1,0.9956058708467832,1,[-6.34804258  0.14124806 11.16186196 72.85597492 -1.28558189 -0.18804675],"[-1.24151893e+00  3.01065199e-02 -5.05804039e+01 -6.07965290e+01
 -1.03492886e+00  6.34681614e-01]","[-1.29360863e+00  3.77391000e-02 -4.04965095e+01 -5.03866340e+01
 -1.07995220e+00 -5.98523630e-01]","[-5.35722589e+00  7.49691636e-02  1.75391437e+01  9.59611546e+01
 -6.21661487e-01  9.27574901e-01]","[  1.22213579   0.16071619   9.83312286 -10.0174114   -1.31179772
   0.07705754]","[ 2.97353524e-02  2.10527422e-02 -7.50709413e+01  4.23226089e+00
 -1.29905628e+00 -7.38945421e-02]","[  0.71891273   0.08335074  18.96868425 -11.63682852  -1.31443892
   0.02072224]","[-6.22630592e-01  4.15227092e-02 -3.80784861e+01 -2.17088303e+01
 -1.31105504e+00  6.85664531e-04]",014
926,1,0.9956058708467832,1,[-6.26530592  0.12257184 12.84053329 82.44986929 -1.26983737 -0.23724716],"[-1.25582190e+00  1.75026647e-02 -8.11816960e+01 -9.99497516e+01
 -6.82809829e-01  9.29978343e-01]","[ -1.32123634   0.05270373 -29.58258253 -37.08558303  -1.21405129
  -0.40157276]",[-5.30195013  0.12798625 11.95982726 65.41040769 -1.14762267  0.55933409],"[  1.3242731    0.16624213   9.51031356 -10.59425238  -1.31652862
   0.02560138]","[ 1.61739314e-02  2.19826482e-02 -7.19073029e+01  3.16302378e+00
 -1.30415235e+00 -5.76054378e-02]","[  0.77089621   0.08303958  19.03888944 -12.67700772  -1.31759446
  -0.02945492]","[-6.48524270e-01  4.10320569e-02 -3.85300350e+01 -2.29876628e+01
 -1.31032797e+00  3.48894694e-02]",014
927,1,0.9956058708467832,1,[-6.19467019  0.10263512 15.29645201 96.75647521 -1.24769468 -0.29394109],"[-1.26211157e+00  7.76601483e-03 -8.80606516e+01 -1.09142367e+02
 -9.22786149e-01  6.65036900e-01]","[ -1.35796013   0.06608334 -23.77141207 -30.28062985  -1.26808361
  -0.27790893]",[-5.21380957  0.16942329  9.2605613  50.28280309 -1.29888105  0.28911437],"[  1.42802591   0.1660987    9.51841903 -11.592549    -1.31732796
  -0.02756354]","[ 2.14151901e-03  2.26450050e-02 -6.98162512e+01  2.14951283e+00
 -1.30823290e+00 -3.30086585e-02]","[  0.82165166   0.07978457  19.80385352 -14.27186913  -1.31483941
  -0.08968251]","[-6.73820449e-01  3.96222009e-02 -3.98891463e+01 -2.48781225e+01
 -1.30760467e+00  7.01079444e-02]",014
928,1,0.9956058708467832,1,"[-6.13670223e+00  8.22987368e-02  1.90006537e+01  1.18601354e+02
 -1.21503840e+00 -3.64663900e-01]","[-1.26096871e+00  1.00408283e-02  1.23102249e+02  1.57228085e+02
 -5.06730007e-01  9.66415965e-01]","[ -1.40254706   0.0773055  -20.39022427 -26.59824903  -1.29248606
  -0.1926671 ]",[-5.10358677  0.19394003  8.14162342 43.55148159 -1.33551514  0.11777034],"[  1.5297702    0.16002599   9.87448791 -13.10569738  -1.3135512
  -0.08436926]","[-1.21638535e-02  2.29136527e-02 -6.90035198e+01  1.16065130e+00
 -1.31033237e+00 -3.30362593e-03]","[  0.86933157   0.07343266  21.48544795 -16.67797816  -1.30367284
  -0.16034321]","[-6.97967244e-01  3.73597700e-02 -4.22827946e+01 -2.75120056e+01
 -1.30262966e+00  1.06558888e-01]",014
929,1,1.0087513835003397,1,"[-6.09149697e+00  6.22859608e-02  2.49226682e+01  1.53816358e+02
 -1.15907678e+00 -4.63525347e-01]","[-1.25306393e+00  1.87704343e-02  8.03786054e+01  1.02719531e+02
 -1.01197556e+00  6.77572794e-01]","[ -1.45350673   0.08605038 -18.34938237 -24.67095077  -1.304659
  -0.12869143]","[-4.98230208e+00  2.01608382e-01  7.84169876e+00  4.10697121e+01
 -1.33604081e+00 -5.83268424e-03]","[  1.62585414   0.14818577  10.6506963  -15.31647864  -1.30383543
  -0.14733952]","[-2.64839313e-02  2.27186423e-02 -6.95912265e+01  1.56950739e-01
 -1.31000926e+00  2.87541563e-02]","[  0.91210371   0.06422183  24.49675272 -20.34357898  -1.28032091
  -0.2445831 ]","[-7.20471244e-01  3.43647985e-02 -4.59325341e+01 -3.10930700e+01
 -1.29515071e+00  1.44445729e-01]",014
930,1,1.0087513835003397,1,"[-6.05878122e+00  4.31478770e-02  3.53702203e+01  2.16300426e+02
 -1.04224401e+00 -6.21214362e-01]","[-1.23901459e+00  2.75422771e-02  5.63919378e+01  7.18704337e+01
 -1.17896601e+00  4.51820046e-01]","[ -1.50917728   0.09211689 -17.1561258  -23.89163528  -1.31134527
  -0.07583635]",[-4.86003997  0.19465984  8.11434998 41.43606522 -1.32140497 -0.10642345],"[  1.71285523   0.1311696   12.00548322 -18.56365474  -1.2854555
  -0.2204848 ]","[-4.05339541e-02  2.20503578e-02 -7.16835978e+01 -9.05619666e-01
 -1.30739831e+00  6.11741020e-02]","[  0.94837357   0.05273756  29.66968213 -26.13794241  -1.2364303
  -0.35028421]","[-7.40925806e-01  3.07995604e-02 -5.11952246e+01 -3.59318631e+01
 -1.28490597e+00  1.84204638e-01]",014
931,1,1.0087513835003397,1,"[-6.03809463e+00  2.54252988e-02  5.64257257e+01  3.42703872e+02
 -7.27531797e-01 -9.00027525e-01]","[-1.21928075e+00  3.59605139e-02  4.35541482e+01  5.51047344e+01
 -1.23096024e+00  3.37448813e-01]","[ -1.56778169   0.09533606 -16.58353168 -23.99935724  -1.31484825
  -0.02761271]",[-4.74514942  0.17629962  8.9388001  44.41594215 -1.2967387  -0.1984288 ],"[  1.78782692   0.1099583   14.26283362 -23.4994779   -1.25240378
  -0.3109988 ]","[-5.40352595e-02  2.09498023e-02 -7.54197725e+01 -2.07532698e+00
 -1.30297180e+00  9.29313494e-02]","[  0.97697677   0.03983586  38.84365061 -35.94934413  -1.15082815
  -0.49405392]","[-7.59030776e-01  2.68504102e-02 -5.86411218e+01 -4.25104162e+01
 -1.27139392e+00  2.26821100e-01]",014
932,1,1.0087513835003397,1,"[-6.02898766e+00  1.15680910e-02  6.22587935e+01  3.77357498e+02
 -9.13540632e-01 -6.58680020e-01]","[-1.19413032e+00  4.42234293e-02  3.55339834e+01  4.44322070e+01
 -1.25203300e+00  2.74801231e-01]","[-1.62745251e+00  9.55539335e-02 -1.65461605e+01 -2.49280905e+01
 -1.31565583e+00  2.03235205e-02]",[-4.64391161  0.14994172 10.46868129 50.61563057 -1.26039738 -0.29397676],"[  1.84850917   0.08585196  18.12021875 -31.49539052  -1.18984773
  -0.43299164]","[-6.67420315e-02  1.94920746e-02 -8.10166506e+01 -3.40721585e+00
 -1.29706478e+00  1.23766710e-01]","[ 9.97313599e-01  2.65790158e-02  5.66132541e+01 -5.44611681e+01
 -9.62402449e-01 -7.10953281e-01]","[-7.74601461e-01  2.27072446e-02 -6.92054810e+01 -5.16066667e+01
 -1.25350176e+00  2.74149841e-01]",014
933,1,1.0087513835003397,1,"[-6.03120011e+00  1.60113218e-02 -7.55268263e+01 -4.53517403e+02
 -4.12065832e-01 -1.02706573e+00]",[-1.16367425  0.0525167  29.97295527 36.87875623 -1.26439341  0.23522425],"[ -1.68624914   0.09266243 -17.05590579 -26.76050642  -1.3133975
   0.07153636]",[-4.56062967  0.11867699 13.13110513 61.88610767 -1.20227076 -0.41071556],"[  1.89347684   0.06040996  25.25914538 -45.82760675  -1.05486228
  -0.61690219]","[-7.84592090e-02  1.77697639e-02 -8.88097964e+01 -4.96794638e+00
 -1.28980414e+00  1.53705923e-01]","[ 1.00940714e+00  1.43027738e-02  9.40727213e+01 -9.29576764e+01
 -4.99565508e-01 -1.03327040e+00]","[-7.87564995e-01  1.85443987e-02 -8.45034800e+01 -6.45519828e+01
 -1.22894192e+00  3.29653550e-01]",014
934,1,1.0087513835003397,1,"[-6.04481029e+00  3.20794419e-02 -4.64002944e+01 -2.78480977e+02
 -8.92521633e-01 -7.70792350e-01]",[-1.1279542   0.06085577 25.89475767 31.20810078 -1.27481194  0.20390337],"[ -1.74219832   0.08664681 -18.22242571 -29.74707945  -1.30663454
   0.12986662]",[-4.4980081   0.08496088 18.02643067 83.08303118 -1.08347282 -0.58628775],"[ 1.92220270e+00  3.55732929e-02  4.00532488e+01 -7.49904628e+01
 -7.03223710e-01 -9.17354032e-01]","[-8.90482813e-02  1.58771308e-02 -9.93165840e+01 -6.84397111e+00
 -1.28147987e+00  1.83268841e-01]","[ 1.01387241e+00  6.37394463e-03  2.18308620e+01 -2.01337086e+01
 -1.64701517e+00 -2.90018638e-01]","[-7.97943181e-01  1.45030311e-02 -1.07568833e+02 -8.38338171e+01
 -1.19245948e+00  4.00773925e-01]",014
935,1,1.0087513835003397,1,"[-6.07032565e+00  5.07481492e-02 -3.03067192e+01 -1.81971655e+02
 -1.08399371e+00 -5.61308511e-01]",[-1.0870643   0.06902876 22.85005196 26.83947567 -1.28501038  0.17330444],"[ -1.79337294   0.07764104 -20.29686519 -34.39984885  -1.29209356
   0.20016611]","[-4.45767885e+00  5.09395990e-02  2.80552942e+01  1.27061492e+02
 -7.43982143e-01 -8.90249714e-01]","[ 1.93502350e+00  1.59353530e-02  4.42522153e+01 -8.36290764e+01
 -8.87557004e-01 -6.81599702e-01]","[-9.84200839e-02  1.38918549e-02 -1.13393003e+02 -9.16014890e+00
 -1.27232419e+00  2.15018324e-01]","[ 1.01179820e+00  1.01214249e-02 -1.36799183e+02  1.40413166e+02
 -7.71807623e-01 -8.56492714e-01]","[-8.05822618e-01  1.06751897e-02 -1.44875782e+02 -1.14744182e+02
 -1.12865503e+00  5.05573802e-01]",014
936,0,0.817586860522875,0,"[ -6.19522403   0.25481035  -5.04657863 -29.26468516   0.11134423
  -1.39945139]",[-0.99644319  0.16513114  8.54624152 10.51584417 -0.21030351  1.14985157],"[ -1.84084534   0.07015806 -22.49087232 -39.40221747  -1.22849138
   0.14795634]","[ -4.52347873   0.19399377  -5.14044218 -21.25268083   0.17792556
  -1.44968736]","[  1.89589603   0.10153497 -11.37398589  23.56389473   0.21783004
  -1.47637454]","[-1.07777517e-01  1.38332930e-02 -1.13901744e+02 -1.02760472e+01
 -1.11702415e+00 -9.92595904e-02]","[ 9.92676173e-01  4.07313992e-02 -3.29803877e+01  3.47388450e+01
 -3.04521522e-02 -1.30271155e+00]","[-8.07385032e-01  8.07371528e-03 -1.38252454e+01 -9.16229617e+00
 -1.60916169e+00  5.90170683e-02]",014
937,0,0.817586860522875,0,"[ -6.34624675   0.34326101  -4.26727005 -25.08114864  -1.6786622
  -0.44946429]",[-0.90363291  0.1964296   7.61978011  8.88548405 -1.73939558  0.33735908],"[-1.87351276e+00  5.09872725e-02 -2.89097057e+01 -5.21627024e+01
 -1.18484358e+00  4.53377223e-01]","[ -4.63762241   0.29843103  -4.70158824 -19.804191    -1.54673281
  -0.53971007]","[  1.84013991   0.14099076 -10.21561389  20.79815881  -1.70481686
  -0.45591376]","[-1.14431644e-01  1.10453221e-02 -1.35938413e+02 -1.35556561e+01
 -1.39118802e+00  2.06741985e-01]","[  0.97034612   0.05088665 -29.17568463  30.31051224  -1.748545
  -0.36656086]","[-8.04522671e-01  1.24758514e-02  9.57346228e+01  7.90206744e+01
 -1.13851786e+00  5.59005292e-01]",014
938,0,0.817586860522875,0,"[ -6.5227384    0.38248491  -3.98818333 -24.01387654  -1.69505322
   0.19334748]",[-0.81132807  0.19407623  7.67352985  8.22575013 -1.74010096 -0.36195201],"[-1.89141888e+00  3.03033192e-02 -3.07156475e+01 -5.60961557e+01
 -8.67099809e-01  4.19877626e-01]","[ -4.80074468   0.37313698  -4.11193209 -17.74033612  -1.60485563
   0.02619087]",[ 1.77106173  0.15719829 -9.6333021  19.06117272 -1.72342625  0.23091561],"[-1.18289478e-01  7.37286458e-03 -1.43817453e+02 -1.50120915e+01
 -1.16600353e+00  3.55776628e-01]","[  0.94642573   0.05158255 -28.95396722  29.40277954  -1.74222109
   0.3453885 ]","[-7.97108658e-01  1.90380720e-02  7.95905344e+01  6.54423040e+01
 -1.35761428e+00  2.79762996e-01]",014
939,0,0.8168883146530285,0,"[ -6.72315602   0.36425986  -4.1413599  -25.84300874  -0.6384088
   0.75444747]",[-0.72251215  0.15816636  8.70697855  8.29089775 -0.10583199 -1.23815666],"[-1.89531627e+00  2.35680613e-02  3.30234428e+01  6.45898682e+01
 -1.21513238e+00 -1.40532054e-01]","[ -5.01223359   0.39971791  -3.88721393 -17.48362424  -0.92179075
   0.4189067 ]","[  1.69198089   0.14595807 -10.16284323  19.19533648  -0.51099399
   0.88574578]","[-1.19306392e-01  5.73720727e-03  8.28079914e+01  1.18795227e+01
 -1.54399487e+00 -1.09722302e-01]","[  0.92221486   0.04309981 -32.54353139  32.01212818  -0.17956876
   1.17395018]","[-7.84975310e-01  2.44899616e-02  6.44037744e+01  5.25553728e+01
 -1.14280504e+00  3.01576805e-02]",014
940,0,0.8314319732710077,0,"[ -6.94509591   0.24189557  -6.535223   -43.38775055  -1.30840476
  -0.04722153]",[-0.64026125  0.0532191  29.29142921 20.7541672  -1.21389874 -0.403447  ],"[-1.88657234e+00  3.43753084e-02  4.58262900e+01  8.84546112e+01
 -1.30563454e+00  2.06231701e-01]","[ -5.26971635   0.33449812  -4.71976449 -22.87182014  -1.3040517
  -0.13501398]","[ 1.60608808e+00  8.52831751e-02 -1.85381521e+01  3.17739050e+01
 -1.31111314e+00  3.15840594e-02]","[-1.17501488e-01  8.38178517e-03  1.86029376e+02  2.38587284e+01
 -1.22126003e+00  3.98172497e-01]","[ 8.98679937e-01  1.73691803e-02 -9.08136092e+01  8.36123687e+01
 -1.28373130e+00  1.72451916e-01]","[-7.67948078e-01  2.64463029e-02  5.94115501e+01  4.76249857e+01
 -1.25327084e+00  2.77392765e-01]",014
941,0,0.8314319732710077,0,"[-7.09877487e+00  2.47372328e-01 -6.39152027e+00 -4.33719635e+01
 -1.30806649e+00 -1.86355843e-02]","[-6.12360621e-01  3.80861036e-02  4.01225726e+01  2.65694835e+01
 -1.07655782e+00 -6.00699719e-01]","[-1.86417450e+00  3.81556941e-02  4.13998041e+01  7.91764590e+01
 -1.31807930e+00  1.03975602e-01]","[ -5.4858686    0.35841546  -4.40929508 -22.18881339  -1.3152736
  -0.07518362]","[  1.55347894   0.08250974 -19.15569333  31.75796622  -1.30801645
   0.06804621]","[-1.11711471e-01  1.04276951e-02  1.50754308e+02  1.88409855e+01
 -1.28015864e+00  2.60734155e-01]","[ 8.88364385e-01  1.53518469e-02 -1.02673101e+02  9.32111262e+01
 -1.27492859e+00  1.96857142e-01]","[-7.49823359e-01  3.12920697e-02  5.03181619e+01  3.97297331e+01
 -1.27284785e+00  2.26221185e-01]",014
942,0,0.8314319732710077,0,"[-7.25459816e+00  2.48374028e-01 -6.36589974e+00 -4.41820446e+01
 -1.30801497e+00  6.73163901e-03]","[-5.94441000e-01  2.25376556e-02  6.27998361e+01  3.93307973e+01
 -6.98887270e-01 -9.19941029e-01]","[-1.83983282e+00  4.00601340e-02  3.94637011e+01  7.46066125e+01
 -1.31617162e+00  3.70691281e-02]","[-5.71242208e+00  3.68826873e-01 -4.28671431e+00 -2.24875215e+01
 -1.32104981e+00 -1.28378917e-02]","[  1.50317452   0.07789127 -20.28102349  32.48591771  -1.30307665
   0.10506878]","[-1.04760037e-01  1.20107250e-02  1.31344722e+02  1.57596780e+01
 -1.30438205e+00  1.64318506e-01]","[ 8.79261341e-01  1.34142832e-02 -1.17462253e+02  1.05280018e+02
 -1.26385657e+00  2.08425243e-01]","[-7.28762020e-01  3.58334972e-02  4.40082407e+01  3.40715344e+01
 -1.28718009e+00  1.80179547e-01]",014
943,0,0.8314319732710077,0,"[-7.40953099e+00  2.44844643e-01 -6.45703918e+00 -4.58436319e+01
 -1.30908285e+00  3.47683805e-02]","[-5.86812356e-01  1.03630678e-02  5.25704796e+01  3.28490070e+01
 -1.18918195e+00 -5.14589149e-01]","[-1.81457155e+00  4.05963203e-02  3.89475247e+01  7.26730703e+01
 -1.30899659e+00 -3.03373617e-03]","[ -5.94032919   0.36369792  -4.34615785 -23.81760833  -1.32068091
   0.05408225]","[  1.45624418   0.07170726 -22.01306959  34.05640452  -1.29557331
   0.14347185]","[-9.69477643e-02  1.30941920e-02  1.20661343e+02  1.36978474e+01
 -1.31266992e+00  9.34997466e-02]","[ 8.71207863e-01  1.17977877e-02 -1.33677122e+02  1.18460560e+02
 -1.25403199e+00  1.79665443e-01]",[-0.70502575  0.03984149 39.62428164 29.93613898 -1.29728402  0.13800046],014
944,0,0.8314319732710077,0,"[ -7.56021067   0.23595796  -6.69791485 -48.63764729  -1.3104712
   0.07311592]","[-5.89198437e-01  1.50182487e-02 -8.47422746e+01 -4.79300157e+01
 -5.33568086e-01 -9.68067450e-01]","[-1.78908090e+00  4.03451281e-02  3.91890056e+01  7.21123012e+01
 -1.30179234e+00 -2.04507426e-02]","[ -6.15958379   0.34214488  -4.61460855 -26.42406805  -1.312863
   0.12968851]","[  1.41352942   0.06434391 -24.50718673  36.64162943  -1.28472419
   0.18225544]","[-8.85775079e-02  1.37054377e-02  1.15348077e+02  1.22172452e+01
 -1.31333575e+00  4.08689152e-02]","[ 8.63856239e-01  1.08638897e-02 -1.45451944e+02  1.27649569e+02
 -1.24715806e+00  7.30275186e-02]",[-0.67900306  0.04312385 36.63548023 26.87560319 -1.3037854   0.09941015],014
945,0,0.8314319732710077,0,"[ -7.70253977   0.22015604  -7.17152596 -53.23896389  -1.30888303
   0.13097978]","[-6.00787092e-01  2.71322234e-02 -5.58902384e+01 -3.15781338e+01
 -1.06247150e+00 -6.37389453e-01]","[-1.76372605e+00  3.98333483e-02  3.96924933e+01  7.20066846e+01
 -1.29734423e+00 -2.06011324e-02]","[ -6.35983072   0.30435822  -5.17308105 -30.89991976  -1.29323425
   0.2229453 ]","[  1.3755629    0.05633749 -27.95868956  40.45893618  -1.27069407
   0.21729346]","[-7.99255833e-02  1.39126945e-02  1.13645988e+02  1.10832219e+01
 -1.31094171e+00  1.63384017e-03]","[ 8.56649742e-01  1.10406695e-02 -1.43035424e+02  1.24531259e+02
 -1.22787422e+00 -1.08797562e-01]",[-0.6511798   0.04555305 34.69787758 24.59455702 -1.30731056  0.06454413],014
946,2,0.9684434621224034,1,"[ -7.83136582   0.19553348  -8.05236894 -61.06104686  -1.29595843
   0.22152515]","[-6.20289544e-01  3.80438099e-02 -4.10251266e+01 -2.34474570e+01
 -1.24305214e+00 -3.79795274e-01]","[-1.73860050e+00  3.94332993e-02  4.00961170e+01  7.17111290e+01
 -1.29563100e+00 -1.06357428e-02]","[ -6.53093089   0.25141496  -6.22085134 -38.62795023  -1.24707379
   0.3528696 ]","[  1.34248246   0.04838064 -32.53084236  45.67208534  -1.25602142
   0.23985696]","[-7.12267661e-02  1.37952171e-02  1.14606674e+02  1.01630628e+01
 -1.30806951e+00 -2.87082031e-02]","[ 8.48842551e-01  1.26637716e-02 -1.24084429e+02  1.07328143e+02
 -1.19290182e+00 -2.79740293e-01]","[-6.22098118e-01  4.70788018e-02  3.35816495e+01  2.28910809e+01
 -1.30856090e+00  3.35455881e-02]",014
947,2,0.9684434621224034,1,"[ -7.94036606   0.1604379   -9.73420944 -75.29318627  -1.24756289
   0.37064512]","[ -0.64598785   0.04623792 -34.05789272 -20.00098478  -1.30801097
  -0.21399701]","[-1.71359405e+00  3.93632467e-02  4.01677269e+01  7.08311777e+01
 -1.29452299e+00  4.56000546e-03]","[ -6.6634511    0.18544172  -8.27236894 -53.12252589  -1.12173669
   0.56119508]","[ 1.31396436e+00  4.12732094e-02 -3.81410858e+01  5.21160275e+01
 -1.24617487e+00  2.35355634e-01]","[-6.26740658e-02  1.34172247e-02  1.17814723e+02  9.38392774e+00
 -1.30573930e+00 -5.50039204e-02]","[ 8.39570403e-01  1.58230262e-02 -9.88649808e+01  8.50041118e+01
 -1.17525279e+00 -3.66390522e-01]","[-5.92311532e-01  4.77241767e-02  3.31304673e+01  2.16235578e+01
 -1.30819944e+00  6.41222317e-03]",014
948,2,0.9684434621224034,1,"[  -8.022157      0.114398    -13.23533009 -104.17589588   -1.06909324
    0.63806113]","[ -0.67577364   0.05094369 -31.01448339 -18.95877023  -1.33522093
  -0.08332694]","[-1.68843107e+00  3.98048647e-02  3.97198465e+01  6.90642230e+01
 -1.29114717e+00  2.63271083e-02]","[ -6.74915204   0.11148    -12.58072316 -82.90921342  -0.71590374
   0.90542005]","[ 1.28919715e+00  3.58372390e-02 -4.40005902e+01  5.87254353e+01
 -1.24626141e+00  1.84571335e-01]","[-5.44282565e-02  1.28162084e-02  1.23303179e+02  8.71117705e+00
 -1.30356998e+00 -8.18181453e-02]","[ 8.27959851e-01  2.03676816e-02 -7.67414439e+01  6.55388344e+01
 -1.18675480e+00 -3.77077951e-01]","[-5.62343149e-01  4.75719143e-02  3.32359139e+01  2.06899885e+01
 -1.30673507e+00 -1.69002801e-02]",014
949,2,0.9684434621224034,1,"[-8.06858396e+00  6.25203802e-02 -1.90250093e+01 -1.51504884e+02
 -5.48801532e-01  9.09540642e-01]","[ -0.70719692   0.05159554 -30.63527858 -19.66517473  -1.34177713
   0.04196657]","[-1.66264579e+00  4.10666992e-02  3.84897661e+01  6.59948473e+01
 -1.28317304e+00  6.12929627e-02]","[ -6.78154374   0.05651323  -4.32513109 -27.33106564  -1.62489795
   0.28906135]","[ 1.26690766e+00  3.28306422e-02 -4.81319197e+01  6.29786977e+01
 -1.25186612e+00  7.49949216e-02]","[-4.66294026e-02  1.20086708e-02  1.31531612e+02  8.13324048e+00
 -1.30024552e+00 -1.12371796e-01]","[ 8.13246361e-01  2.59876281e-02 -6.02474379e+01  5.09960096e+01
 -1.21303920e+00 -3.46916282e-01]",[-0.53265164  0.04674905 33.81819278 20.01331597 -1.30453727 -0.03627993],014
950,2,0.6277283152807429,1,"[-8.07114897e+00  5.73577599e-02  1.40656556e+01  1.15526002e+02
 -6.77690085e-01  8.10421942e-01]","[ -0.73754325   0.04784548 -32.94175711 -22.29597069  -1.32487863
   0.18569977]","[-1.63550021e+00  4.36876060e-02  3.61538552e+01  6.11296379e+01
 -1.26961314e+00  1.14305630e-01]",[-6.75644931  0.10360988 12.71022346 87.87598054 -0.51788899  1.00584409],"[ 1.24544086e+00  3.28564729e-02 -4.80928779e+01  6.18968352e+01
 -1.24708009e+00 -7.40982531e-02]","[-3.94050339e-02  1.10049546e-02  1.43418187e+02  7.65139854e+00
 -1.29437856e+00 -1.48465895e-01]","[ 7.94872280e-01  3.22735927e-02 -4.86320496e+01  4.06562682e+01
 -1.24093909e+00 -3.00295685e-01]",[-0.50360769  0.04541218 34.81011664 19.53064258 -1.30197224 -0.05143027],014
951,2,0.6080660334395904,1,[-8.02155104  0.13158507 10.83816759 88.93891444 -0.67936634  0.93157631],"[ -0.76394949   0.03966009 -39.32010345 -28.03857312  -1.25601928
   0.38379847]","[-1.60588830e+00  4.84060635e-02  3.25804360e+01  5.43205411e+01
 -1.25171042e+00  1.79790371e-01]",[-6.67242587  0.18966903  7.96780562 55.16459237 -1.01165943  0.67370363],"[ 1.22288444e+00  3.62486329e-02 -4.34675479e+01  5.51557880e+01
 -1.22857771e+00 -2.08982712e-01]","[-3.28738311e-02  9.81994730e-03  1.60528935e+02  7.27720110e+00
 -1.28485902e+00 -1.92150855e-01]","[ 7.72553736e-01  3.87561762e-02 -4.05914031e+01  3.33590401e+01
 -1.26516965e+00 -2.48775224e-01]",[-0.47548207  0.0437306  36.14522346 19.18640573 -1.29947519 -0.06211522],014
952,2,0.597728168271451,1,[-7.91230116  0.22835553  6.6557326  54.66216076 -1.01071168  0.65331448],"[-7.83558816e-01  2.75552330e-02 -5.41313430e+01 -4.04150910e+01
 -1.00554739e+00  7.05719508e-01]",[-1.57228573  0.0559895  28.11027067 46.19737756 -1.23436757  0.24131173],[-6.53090948  0.27621084  5.62423831 38.73139134 -1.18776083  0.447161  ],"[ 1.19722099e+00  4.30046959e-02 -3.65235172e+01  4.57267216e+01
 -1.21426458e+00 -2.89560780e-01]","[-2.71453853e-02  8.47426707e-03  1.85638007e+02  7.03921523e+00
 -1.26943574e+00 -2.48188551e-01]","[  0.74631534   0.04493761 -35.07425564  28.17645516  -1.28458602
  -0.19660686]",[-0.44844437  0.04186757 37.7511896  18.92930836 -1.2974086  -0.06840681],014
