,Unnamed: 0,time,MARKER,pid,L_O_DSI,L_D_DSI,L_O_DSphi,L_D_DSphi,R_O_DSI,R_D_DSI,R_O_DSphi,R_D_DSphi,trial_id,dateTimestamps,floatTimestamps,timestamps,episode,actions,rewards,discounted_rewards,chosen_actions,optimal_actions,states,continuous_optimal,binary_optimal,discrete_optimal
1,1,2024-09-28 16:59:54.414540032,TASK_BEGIN,23,0.3695565927862694,0.2470798280713711,2.713999566048288,-1.503753070131044,0.3427157454408127,-0.0839443800638946,-1.5328137248200682,0.5372362379765572,3,2024-09-28 16:59:54.447109863,1727542794.447111,2024-09-28 16:59:54.447110912,0,0,-2.9610717881575113,-103.080176792514,[1. 0. 0. 0.],[0.17373509 0.00485719 0.10467215 0.71673557],"[-0.06039317  0.5359614  -0.17881125 -1.2273911   0.16896409  0.06736324
  0.          0.          0.4        -0.46039316 -7.9021444 ]",1.5538040738600256,0,0
2,2,2024-09-28 16:59:54.471164928,TASK_BEGIN,23,0.487456099888416,0.2716455639741997,2.0026701945473318,-1.2616014431225435,0.5709689789976109,-0.0888724123544611,-1.247431036776254,0.6261719877915478,3,2024-09-28 16:59:54.447109863,1727542794.447111,2024-09-28 16:59:54.447110912,0,0,-2.9610717881575113,-103.080176792514,[1. 0. 0. 0.],[0.17373509 0.00485719 0.10467215 0.71673557],"[-0.06039317  0.5359614  -0.17881125 -1.2273911   0.16896409  0.06736324
  0.          0.          0.4        -0.46039316 -7.9021444 ]",1.5538040738600256,0,0
3,3,2024-09-28 16:59:54.550030080,TASK_BEGIN,23,0.5999571496730862,0.2933816546214572,1.328119948123759,-1.0286683926831046,0.7881756203056814,-0.0948708280590374,-0.9755956856787344,0.713249043120139,3,2024-09-28 16:59:54.447109863,1727542794.447111,2024-09-28 16:59:54.447110912,0,0,-2.9610717881575113,-103.080176792514,[1. 0. 0. 0.],[0.17373509 0.00485719 0.10467215 0.71673557],"[-0.06039317  0.5359614  -0.17881125 -1.2273911   0.16896409  0.06736324
  0.          0.          0.4        -0.46039316 -7.9021444 ]",1.5538040738600256,0,0
4,4,2024-09-28 16:59:54.617626880,TASK_BEGIN,23,0.7047509808944599,0.3114113761586511,0.704391609500033,-0.8082705711672276,0.989115155474012,-0.1020405041335082,-0.7223359511049096,0.7985373375116533,3,2024-09-28 16:59:54.679526123,1727542794.6795268,2024-09-28 16:59:54.679526912,0,0,-2.9690939729641173,-118.02991082210443,[1. 0. 0. 0.],[0.09035769 0.00147155 0.43084229 0.47732847],"[-0.07005835  0.368209   -0.17880198 -1.4322249   0.19590908  0.0673622
  0.          0.          0.4        -0.47005835 -6.5601254 ]",1.5542079583318245,0,0
5,5,2024-09-28 16:59:54.685499136,TASK_BEGIN,23,0.8002214744393098,0.3249704126150011,0.1424161514057738,-0.603136147166611,1.1691478513180278,-0.1102864474447858,-0.4919054934886627,0.8819237478737598,3,2024-09-28 16:59:54.768302979,1727542794.7683039,2024-09-28 16:59:54.768303872,0,0,-2.971395686001216,-123.34745331853104,[1. 0. 0. 0.],[4.59432044e-02 5.87985185e-04 7.69413081e-01 1.84055729e-01],"[-0.07368311  0.29870367 -0.17879818 -1.5090375   0.2060134   0.06736154
  0.          0.          0.4        -0.4736831  -6.0040827 ]",1.5567768223059324,0,0
6,6,2024-09-28 16:59:54.753249024,TASK_BEGIN,23,0.8854919014241772,0.3334766469165419,-0.3500416559552145,-0.4154759847669071,1.3243157035087598,-0.1193052141381048,-0.2878806310604663,0.9630169306466106,3,2024-09-28 16:59:54.826426025,1727542794.826427,2024-09-28 16:59:54.826426880,0,0,-2.9727485852680786,-126.80795963005224,[1. 0. 0. 0.],[2.27425170e-02 2.48452717e-04 8.95919594e-01 8.10894362e-02],"[-0.07609963  0.25036716 -0.17879555 -1.560246    0.21274951  0.0673611
  0.          0.          0.4        -0.47609964 -5.6173906 ]",1.5579787221018635,0,0
7,7,2024-09-28 16:59:54.820930816,TASK_BEGIN,23,0.9603849211746596,0.3365968737745635,-0.7682471992821611,-0.2470636532956192,1.4514453856530611,-0.1286044892819086,-0.1134811305432517,1.0411496593463232,3,2024-09-28 16:59:54.885427979,1727542794.8854282,2024-09-28 16:59:54.885428224,0,0,-2.9739863732788194,-130.20212851562243,[1. 0. 0. 0.],[1.15922430e-02 1.12322331e-04 9.47960282e-01 4.03351530e-02],"[-0.07851616  0.20043111 -0.17879285 -1.6114544   0.21948561  0.06736082
  0.          0.          0.4        -0.47851616 -5.217902  ]",1.5592941297760845,0,0
8,8,2024-09-28 16:59:55.762693888,TASK_BEGIN,23,1.0253294942540212,0.3342906646912797,-1.1103838967521806,-0.0992389218447617,1.5482454785284587,-0.1375448560234203,0.028206164090253,1.115445440782137,3,2024-09-28 16:59:55.558039062,1727542795.55804,2024-09-28 16:59:55.558039808,0,0,11.397722740477604,-107.51532601641752,[1. 0. 0. 0.],[3.08668474e-06 3.21909939e-09 9.99994956e-01 1.95393466e-06],"[-0.10138226 -0.47777182  0.22775434 -1.7961342   0.21943739 -1.041009
  0.          1.          0.4        -0.50138223  0.20772141]",1.5687725493757534,1,2
9,9,2024-09-28 16:59:55.829971968,TASK_BEGIN,23,1.0812331419152077,0.3268247584210346,-1.3774812605313238,0.0271549587063501,1.6133612063748874,-0.1453852779238155,0.1343238038132813,1.18490518086256,3,2024-09-28 16:59:55.558039062,1727542795.55804,2024-09-28 16:59:55.558039808,0,0,11.397722740477604,-107.51532601641752,[1. 0. 0. 0.],[3.08668474e-06 3.21909939e-09 9.99994956e-01 1.95393466e-06],"[-0.10138226 -0.47777182  0.22775434 -1.7961342   0.21943739 -1.041009
  0.          1.          0.4        -0.50138223  0.20772141]",1.5687725493757534,1,2
10,10,2024-09-28 16:59:55.898056192,TASK_BEGIN,23,1.1293274190485592,0.3147600740097801,-1.5732721066029152,0.1318622660032788,1.6463764257715845,-0.1513213245876085,0.2026105207343295,1.24849761568575,3,2024-09-28 16:59:55.558039062,1727542795.55804,2024-09-28 16:59:55.558039808,0,0,11.397722740477604,-107.51532601641752,[1. 0. 0. 0.],[3.08668474e-06 3.21909939e-09 9.99994956e-01 1.95393466e-06],"[-0.10138226 -0.47777182  0.22775434 -1.7961342   0.21943739 -1.041009
  0.          1.          0.4        -0.50138223  0.20772141]",1.5687725493757534,1,2
11,11,2024-09-28 16:59:55.953578752,TASK_BEGIN,23,1.1710081007784665,0.2989122388383423,-1.703891335564358,0.2153303607571027,1.6477835563215228,-0.1545179720764595,0.2318134431141093,1.305249765463768,3,2024-09-28 16:59:55.558039062,1727542795.55804,2024-09-28 16:59:55.558039808,0,0,11.397722740477604,-107.51532601641752,[1. 0. 0. 0.],[3.08668474e-06 3.21909939e-09 9.99994956e-01 1.95393466e-06],"[-0.10138226 -0.47777182  0.22775434 -1.7961342   0.21943739 -1.041009
  0.          1.          0.4        -0.50138223  0.20772141]",1.5687725493757534,1,2
12,12,2024-09-28 16:59:56.034032128,TASK_BEGIN,23,1.2076934160435668,0.2802915727868865,-1.7773477232133896,0.2788171237226217,1.618930603059801,-0.1541429271867417,0.2219384612136341,1.3543291178739687,3,2024-09-28 16:59:55.558039062,1727542795.55804,2024-09-28 16:59:55.558039808,0,0,11.397722740477604,-107.51532601641752,[1. 0. 0. 0.],[3.08668474e-06 3.21909939e-09 9.99994956e-01 1.95393466e-06],"[-0.10138226 -0.47777182  0.22775434 -1.7961342   0.21943739 -1.041009
  0.          1.          0.4        -0.50138223  0.20772141]",1.5687725493757534,1,2
13,13,2024-09-28 16:59:56.097572096,TASK_BEGIN,23,1.2407033421462283,0.2600376628338378,-1.802725027797889,0.3244059779872017,1.5619451538267268,-0.1494067742408441,0.1743282059528012,1.395106005109733,3,2024-09-28 16:59:55.558039062,1727542795.55804,2024-09-28 16:59:55.558039808,0,0,11.397722740477604,-107.51532601641752,[1. 0. 0. 0.],[3.08668474e-06 3.21909939e-09 9.99994956e-01 1.95393466e-06],"[-0.10138226 -0.47777182  0.22775434 -1.7961342   0.21943739 -1.041009
  0.          1.          0.4        -0.50138223  0.20772141]",1.5687725493757534,1,2
14,14,2024-09-28 16:59:56.169594880,TASK_BEGIN,23,1.2711509115667057,0.2393589817664905,-1.7892430679120974,0.3548755852751181,1.4796489432519102,-0.1396149731665791,0.0916960504627668,1.427197148527432,3,2024-09-28 16:59:55.558039062,1727542795.55804,2024-09-28 16:59:55.558039808,0,0,11.397722740477604,-107.51532601641752,[1. 0. 0. 0.],[3.08668474e-06 3.21909939e-09 9.99994956e-01 1.95393466e-06],"[-0.10138226 -0.47777182  0.22775434 -1.7961342   0.21943739 -1.041009
  0.          1.          0.4        -0.50138223  0.20772141]",1.5687725493757534,1,2
15,16,2024-09-28 16:59:57.155378176,TASK_BEGIN,23,1.3272050558126711,0.2015600790243408,-1.6787409661745585,0.3834546317835388,1.253286137527397,-0.1029268396916795,-0.1610062740053762,1.4653296321927158,3,2024-09-28 16:59:57.233666992,1727542797.2336676,2024-09-28 16:59:57.233667584,1,0,-0.005339684051023141,0.38840408856402037,[1. 0. 0. 0.],[0.45968751 0.20935127 0.05884112 0.2721201 ],"[-2.9525757e-03  1.0044522e+00 -1.4584833e-01  7.1573574e-03
  8.5648773e-03  5.5417866e-02  0.0000000e+00  0.0000000e+00
  4.0000001e-01 -4.0295258e-01 -1.1530108e+01]",1.4987470432096501,0,0
16,17,2024-09-28 16:59:57.223087104,TASK_BEGIN,23,1.35322247548542,0.1866868494234182,-1.5950918145885726,0.3880241247032222,1.1172781232046012,-0.0756443356077394,-0.3193326314673652,1.472295419558444,3,2024-09-28 16:59:57.294681152,1727542797.294681,2024-09-28 16:59:57.294681088,1,0,-0.8852444535783235,-0.9494511623435549,[1. 0. 0. 0.],[0.46418133 0.20881787 0.05775924 0.26924157],"[-4.9232640e-03  1.0034761e+00 -1.4592151e-01 -4.4072643e-02
  1.4102717e-02  5.5385105e-02  0.0000000e+00  0.0000000e+00
  4.0000001e-01 -4.0492326e-01 -1.1522300e+01]",1.500602891640593,0,0
17,18,2024-09-28 16:59:57.278168832,TASK_BEGIN,23,1.3774488791042436,0.1757861974063963,-1.4991233696627204,0.3897542430704963,0.971658481711511,-0.0426011702010141,-0.4897049174648556,1.472395988568554,3,2024-09-28 16:59:57.352650879,1727542797.3526511,2024-09-28 16:59:57.352651008,1,0,-1.607261181386292,-3.8026618040924642,[1. 0. 0. 0.],[0.47558371 0.20237979 0.05603764 0.26599886],"[-6.8949857e-03  1.0008998e+00 -1.4599454e-01 -9.5292784e-02
  1.9637063e-02  5.5351328e-02  0.0000000e+00  0.0000000e+00
  4.0000001e-01 -4.0689498e-01 -1.1501689e+01]",1.50344339963174,0,0
18,19,2024-09-28 16:59:57.358679808,TASK_BEGIN,23,1.3990783817988186,0.1696042179142379,-1.3942761458970934,0.3904939666405394,0.8205216488241631,-0.0043080909633325,-0.6645150263092945,1.4668172043434575,3,2024-09-28 16:59:57.439667969,1727542797.439668,2024-09-28 16:59:57.439667968,1,0,-2.235604879618961,-9.81569902136112,[1. 0. 0. 0.],[0.49034253 0.16078993 0.05032877 0.29853877],"[-9.8545551e-03  9.9403501e-01 -1.4610308e-01 -1.7212486e-01
  2.7932445e-02  5.5301417e-02  0.0000000e+00  0.0000000e+00
  4.0000001e-01 -4.0985456e-01 -1.1446771e+01]",1.5090636622368083,0,0
19,20,2024-09-28 16:59:57.426437888,TASK_BEGIN,23,1.4171073598446553,0.1686539412214434,-1.2830817269106052,0.391221832017419,0.6677488159798702,0.0384361975482387,-0.8360373330038859,1.4567890720661434,3,2024-09-28 16:59:57.497679932,1727542797.4976807,2024-09-28 16:59:57.497680640,1,0,-2.4521259504993793,-14.4065560303037,[1. 0. 0. 0.],[0.49480112 0.12984155 0.04634166 0.32901567],"[ -0.0118289    0.9874581   -0.14617483  -0.2233474    0.03345859
   0.05526879   0.           0.           0.4         -0.4118289
 -11.3941555 ]",1.5123486324465347,0,0
20,21,2024-09-28 16:59:57.491246080,TASK_BEGIN,23,1.430541974966335,0.1731622155132641,-1.167400302642185,0.3920631293835702,0.5169691461844308,0.0845663350401323,-0.996940812227781,1.4434295999647142,3,2024-09-28 16:59:57.555651855,1727542797.5556529,2024-09-28 16:59:57.555652864,1,0,-2.584296328448346,-19.204868372895497,[1. 0. 0. 0.],[0.47760865 0.10670639 0.04532008 0.37036488],"[ -0.0138042    0.9792807   -0.14624602  -0.27457094   0.03898153
   0.05523673   0.           0.           0.4         -0.4138042
 -11.328736  ]",1.514394950006191,0,0
21,22,2024-09-28 16:59:58.434039040,TASK_BEGIN,23,1.4385972479940157,0.1830306209973612,-1.0486220325918292,0.3924642750646177,0.3715234531887106,0.1327971968307536,-1.1409014474190349,1.4276055868648228,3,2024-09-28 16:59:58.489764893,1727542798.4897656,2024-09-28 16:59:58.489765632,1,0,-2.886164244559552,-92.0995171470475,[1. 0. 0. 0.],[0.21561547 0.01250082 0.17132231 0.6005614 ],"[-0.04542049  0.6293633  -0.14618856 -1.0982536   0.12713102  0.05507253
  0.          0.          0.4        -0.44542047 -8.529397  ]",1.5486969031802582,0,0
22,23,2024-09-28 16:59:58.498491904,TASK_BEGIN,23,1.440851190505423,0.1978347864623371,-0.9279056787637612,0.3915121330180461,0.2344180126841209,0.1816961139362899,-1.2630595188165703,1.4098305648308365,3,2024-09-28 16:59:58.576767822,1727542798.576768,2024-09-28 16:59:58.576768000,1,0,-2.8892635989338658,-97.94256679167354,[1. 0. 0. 0.],[0.22589618 0.00945177 0.15328577 0.61136628],"[-0.04838308  0.5754988  -0.14618689 -1.175062    0.13539188  0.05507233
  0.          0.          0.4        -0.44838306 -8.098481  ]",1.5514352347311346,0,0
23,24,2024-09-28 16:59:58.572491008,TASK_BEGIN,23,1.4373372882112565,0.2168735812103222,-0.8065096107729496,0.3883033380293028,0.1082843557963172,0.2297728587226709,-1.36018207471154,1.390237454543377,3,2024-09-28 16:59:58.634764893,1727542798.6347659,2024-09-28 16:59:58.634765824,1,0,-2.8910600178401467,-101.74586268733754,[1. 0. 0. 0.],[0.2106061  0.00726972 0.15671946 0.62540472],"[-0.05035814  0.53758943 -0.14618571 -1.2262677   0.14089909  0.0550722
  0.          0.          0.4        -0.45035812 -7.7952056 ]",1.5525446945864931,0,0
24,25,2024-09-28 16:59:58.635147008,TASK_BEGIN,23,1.428569357473089,0.2392530043803176,-0.6861534466306806,0.3822303621691579,-0.0046470128602088,0.2755765010739202,-1.430637543216953,1.3686350242530494,3,2024-09-28 16:59:58.663765869,1727542798.6637664,2024-09-28 16:59:58.663766272,1,0,-2.891874327711207,-103.62027838817536,[1. 0. 0. 0.],[0.19207404 0.0062957  0.19016682 0.61146344],"[-0.05134575  0.51803493 -0.14618513 -1.2518705   0.1436527   0.05507213
  0.          0.          0.4        -0.45134574 -7.6387696 ]",1.5527612851408397,0,0
25,26,2024-09-28 16:59:58.708243968,TASK_BEGIN,23,1.415507097325602,0.2639744177797076,-0.5692581052693477,0.3731120276821029,-0.102568803808162,0.3177848265552804,-1.4743053841515996,1.344606103779702,3,2024-09-28 16:59:58.663765869,1727542798.6637664,2024-09-28 16:59:58.663766272,1,0,-2.891874327711207,-103.62027838817536,[1. 0. 0. 0.],[0.19207404 0.0062957  0.19016682 0.61146344],"[-0.05134575  0.51803493 -0.14618513 -1.2518705   0.1436527   0.05507213
  0.          0.          0.4        -0.45134574 -7.6387696 ]",1.5527612851408397,0,0
26,27,2024-09-28 16:59:58.775949056,TASK_BEGIN,23,1.3994828864683246,0.290005920483548,-0.4589313467404265,0.3611680574122865,-0.184129994435063,0.3552714147220201,-1.4923976340642284,1.3176007707379815,3,2024-09-28 16:59:58.663765869,1727542798.6637664,2024-09-28 16:59:58.663766272,1,0,-2.891874327711207,-103.62027838817536,[1. 0. 0. 0.],[0.19207404 0.0062957  0.19016682 0.61146344],"[-0.05134575  0.51803493 -0.14618513 -1.2518705   0.1436527   0.05507213
  0.          0.          0.4        -0.45134574 -7.6387696 ]",1.5527612851408397,0,0
27,28,2024-09-28 16:59:58.836424960,TASK_BEGIN,23,1.3821039940095077,0.3163344000392663,-0.3586724723092698,0.3468703835439877,-0.2484854402227568,0.3871449991008816,-1.4871682141504818,1.287012089530452,3,2024-09-28 16:59:58.663765869,1727542798.6637664,2024-09-28 16:59:58.663766272,1,0,-2.891874327711207,-103.62027838817536,[1. 0. 0. 0.],[0.19207404 0.0062957  0.19016682 0.61146344],"[-0.05134575  0.51803493 -0.14618513 -1.2518705   0.1436527   0.05507213
  0.          0.          0.4        -0.45134574 -7.6387696 ]",1.5527612851408397,0,0
28,29,2024-09-28 16:59:59.774895104,TASK_BEGIN,23,1.3651252744785762,0.3420078297449197,-0.2719332912485533,0.3307280413908597,-0.2953495436847473,0.4127697568395946,-1.4616548187212322,1.2522590926814503,3,2024-09-28 16:59:59.570792969,1727542799.5707934,2024-09-28 16:59:59.570793472,1,2,-5.472270622686824,-90.96549029137208,[0. 0. 1. 0.],[0.20011762 0.05792559 0.00980057 0.73215622],"[-0.15632455  0.3430519  -0.91114974  0.5826479   0.22491752  0.0417514
  0.          0.          0.4        -0.55632454 -6.2389054 ]",1.5639334902768192,0,0
29,30,2024-09-28 16:59:59.852526848,TASK_BEGIN,23,1.3502838268632804,0.3661777173138218,-0.2017904290581113,0.3130762065062022,-0.325032846551794,0.4317797928127137,-1.4196572784615122,1.212917936779241,3,2024-09-28 16:59:59.570792969,1727542799.5707934,2024-09-28 16:59:59.570793472,1,2,-5.472270622686824,-90.96549029137208,[0. 0. 1. 0.],[0.20011762 0.05792559 0.00980057 0.73215622],"[-0.15632455  0.3430519  -0.91114974  0.5826479   0.22491752  0.0417514
  0.          0.          0.4        -0.55632454 -6.2389054 ]",1.5639334902768192,0,0
30,31,2024-09-28 16:59:59.923528704,TASK_BEGIN,23,1.339110399626674,0.3881425601359853,-0.150876268009052,0.2939306349598552,-0.3384512398091652,0.4440932160082542,-1.3659341117512855,1.1689030818431958,3,2024-09-28 16:59:59.570792969,1727542799.5707934,2024-09-28 16:59:59.570793472,1,2,-5.472270622686824,-90.96549029137208,[0. 0. 1. 0.],[0.20011762 0.05792559 0.00980057 0.73215622],"[-0.15632455  0.3430519  -0.91114974  0.5826479   0.22491752  0.0417514
  0.          0.          0.4        -0.55632454 -6.2389054 ]",1.5639334902768192,0,0
31,32,2024-09-28 16:59:59.975877888,TASK_BEGIN,23,1.3327582141251064,0.4073835886402447,-0.1214413085857106,0.2729450563143509,-0.337102011114737,0.4499181817845287,-1.3062582014309558,1.120617501636323,3,2024-09-28 16:59:59.570792969,1727542799.5707934,2024-09-28 16:59:59.570793472,1,2,-5.472270622686824,-90.96549029137208,[0. 0. 1. 0.],[0.20011762 0.05792559 0.00980057 0.73215622],"[-0.15632455  0.3430519  -0.91114974  0.5826479   0.22491752  0.0417514
  0.          0.          0.4        -0.55632454 -6.2389054 ]",1.5639334902768192,0,0
32,33,2024-09-28 17:00:00.053986048,TASK_BEGIN,23,1.3318925994580644,0.4235816806361366,-0.115315187976483,0.2494767134425044,-0.3229841019053433,0.4497328888195562,-1.246926336149072,1.068966461433384,3,2024-09-28 16:59:59.570792969,1727542799.5707934,2024-09-28 16:59:59.570793472,1,2,-5.472270622686824,-90.96549029137208,[0. 0. 1. 0.],[0.20011762 0.05792559 0.00980057 0.73215622],"[-0.15632455  0.3430519  -0.91114974  0.5826479   0.22491752  0.0417514
  0.          0.          0.4        -0.55632454 -6.2389054 ]",1.5639334902768192,0,0
33,34,2024-09-28 17:00:00.116579072,TASK_BEGIN,23,1.3366636898114148,0.436608870811236,-0.1336894517347314,0.2227291620263545,-0.2984362396890249,0.4442244811889212,-1.193760499140011,1.0152236841873346,3,2024-09-28 16:59:59.570792969,1727542799.5707934,2024-09-28 16:59:59.570793472,1,2,-5.472270622686824,-90.96549029137208,[0. 0. 1. 0.],[0.20011762 0.05792559 0.00980057 0.73215622],"[-0.15632455  0.3430519  -0.91114974  0.5826479   0.22491752  0.0417514
  0.          0.          0.4        -0.55632454 -6.2389054 ]",1.5639334902768192,0,0
34,35,2024-09-28 17:00:00.193768192,TASK_BEGIN,23,1.346752425375048,0.4464969971445529,-0.1768152865209094,0.1919224925036272,-0.2659029566016242,0.4341935937927579,-1.1511073504614888,0.9608390210728246,3,2024-09-28 16:59:59.570792969,1727542799.5707934,2024-09-28 16:59:59.570793472,1,2,-5.472270622686824,-90.96549029137208,[0. 0. 1. 0.],[0.20011762 0.05792559 0.00980057 0.73215622],"[-0.15632455  0.3430519  -0.91114974  0.5826479   0.22491752  0.0417514
  0.          0.          0.4        -0.55632454 -6.2389054 ]",1.5639334902768192,0,0
35,36,2024-09-28 17:00:01.112308224,TASK_BEGIN,23,1.3614588885915808,0.4533956832168703,-0.2437654579235591,0.1564609727938354,-0.2276821424656857,0.4204536767069892,-1.121298486857624,0.907269827765647,3,2024-09-28 17:00:01.175232910,1727542801.1752338,2024-09-28 17:00:01.175233792,1,0,-1.6240804304312064,-96.58036411692179,[1. 0. 0. 0.],[0.06992077 0.00409967 0.13160603 0.79437353],"[ -0.5801356    0.8684044   -1.1658465    0.09077884  -0.33648565
  -0.21802215   0.           0.           0.4         -0.98013556
 -10.441726  ]",1.558715085985687,0,0
36,37,2024-09-28 17:00:01.169856000,TASK_BEGIN,23,1.3798064372982717,0.4575339732273655,-0.3323651580111758,0.1160912293510148,-0.1857117501408562,0.4037546106591771,-1.1046588904877788,0.8558747113170044,3,2024-09-28 17:00:01.235207031,1727542801.2352073,2024-09-28 17:00:01.235207424,1,0,-1.7379667132389045,-98.06048699112654,[1. 0. 0. 0.],[0.08732093 0.00482484 0.1758543  0.73199992],"[ -0.59653616   0.87015164  -1.1658913    0.03949372  -0.3582872
  -0.21801332   0.           0.           0.4         -0.99653614
 -10.455704  ]",1.5614918261979038,0,0
37,38,2024-09-28 17:00:01.247836160,TASK_BEGIN,23,1.4006475599278712,0.4591924126728385,-0.439280722328949,0.0710176688203501,-0.1414250970783809,0.3847423717166621,-1.0999000571481692,0.8078863076666867,3,2024-09-28 17:00:01.324248047,1727542801.3242483,2024-09-28 17:00:01.324248320,1,0,-1.9096209630782255,-100.65092196230849,[1. 0. 0. 0.],[0.11559889 0.00592974 0.25878173 0.61968964],"[ -0.62113506   0.8697802   -1.1659636   -0.03743267  -0.39098778
  -0.21800013   0.           0.           0.4         -1.0211351
 -10.452732  ]",1.5621777076304646,0,0
38,39,2024-09-28 17:00:01.312602112,TASK_BEGIN,23,1.4227558715287605,0.4586846355820585,-0.5602262105583465,0.0219168889703596,-0.0956872082277204,0.3639486520768116,-1.1046467444747468,0.7644226871910519,3,2024-09-28 17:00:01.382239014,1727542801.3822398,2024-09-28 17:00:01.382239744,1,0,-2.023724324954742,-102.61878797207989,[1. 0. 0. 0.],[0.13416215 0.00680689 0.33876778 0.52026318],"[ -0.63753295   0.8675376   -1.1660155   -0.08871603  -0.4127871
  -0.21799114   0.           0.           0.4         -1.0375329
 -10.434792  ]",1.5626579207700275,0,0
39,40,2024-09-28 17:00:01.383305216,TASK_BEGIN,23,1.4448881916234555,0.456346842905125,-0.6903317817083521,-0.0301579170902918,-0.0488234899469721,0.3417969183528028,-1.115826987950034,0.7264543630318483,3,2024-09-28 17:00:01.382239014,1727542801.3822398,2024-09-28 17:00:01.382239744,1,0,-2.023724324954742,-102.61878797207989,[1. 0. 0. 0.],[0.13416215 0.00680689 0.33876778 0.52026318],"[ -0.63753295   0.8675376   -1.1660155   -0.08871603  -0.4127871
  -0.21799114   0.           0.           0.4         -1.0375329
 -10.434792  ]",1.5626579207700275,0,0
40,41,2024-09-28 17:00:01.448457984,TASK_BEGIN,23,1.4658251553904398,0.4525326123556056,-0.8246811462536402,-0.0839225895409331,-0.0007317768412897,0.3186139456382869,-1.1297915246159569,0.6947134025807348,3,2024-09-28 17:00:01.382239014,1727542801.3822398,2024-09-28 17:00:01.382239744,1,0,-2.023724324954742,-102.61878797207989,[1. 0. 0. 0.],[0.13416215 0.00680689 0.33876778 0.52026318],"[ -0.63753295   0.8675376   -1.1660155   -0.08871603  -0.4127871
  -0.21799114   0.           0.           0.4         -1.0375329
 -10.434792  ]",1.5626579207700275,0,0
41,42,2024-09-28 17:00:01.518803968,TASK_BEGIN,23,1.484423645051147,0.4476045656404212,-0.9588466978194172,-0.1379968551392342,0.0489749882132962,0.2946397980965219,-1.142289380051516,0.6696218744601196,3,2024-09-28 17:00:01.382239014,1727542801.3822398,2024-09-28 17:00:01.382239744,1,0,-2.023724324954742,-102.61878797207989,[1. 0. 0. 0.],[0.13416215 0.00680689 0.33876778 0.52026318],"[ -0.63753295   0.8675376   -1.1660155   -0.08871603  -0.4127871
  -0.21799114   0.           0.           0.4         -1.0375329
 -10.434792  ]",1.5626579207700275,0,0
42,43,2024-09-28 17:00:02.462132736,TASK_BEGIN,23,1.4996983104189383,0.4419155644420967,-1.089182187505629,-0.191019480877828,0.1008666374932005,0.2700323486797538,-1.1485638206726432,0.6512904077898327,3,2024-09-28 17:00:01.936233154,1727542801.936234,2024-09-28 17:00:01.936233984,1,3,-4.683038786652171,-132.65557172550226,[0. 0. 0. 1.],[2.08481448e-03 5.34888008e-03 9.92563648e-01 2.65750698e-06],"[-0.788621    0.762323   -1.0395898  -0.6351695  -0.7369235  -0.60163534
  0.          0.          0.4        -1.188621   -9.593075  ]",1.5683612160928466,1,2
43,44,2024-09-28 17:00:02.530054144,TASK_BEGIN,23,1.5109125760608793,0.4357838090066,-1.212758921932885,-0.2417636105586549,0.1556574160808281,0.2448712600147214,-1.1437082967455914,0.6395412625154698,3,2024-09-28 17:00:01.936233154,1727542801.936234,2024-09-28 17:00:01.936233984,1,3,-4.683038786652171,-132.65557172550226,[0. 0. 0. 1.],[2.08481448e-03 5.34888008e-03 9.92563648e-01 2.65750698e-06],"[-0.788621    0.762323   -1.0395898  -0.6351695  -0.7369235  -0.60163534
  0.          0.          0.4        -1.188621   -9.593075  ]",1.5683612160928466,1,2
44,45,2024-09-28 17:00:02.597837824,TASK_BEGIN,23,1.5176452749772251,0.4294726617110562,-1.3270204942581705,-0.2892485189777127,0.2141790412618091,0.2191737293089306,-1.123163509789671,0.6338907687232478,3,2024-09-28 17:00:01.936233154,1727542801.936234,2024-09-28 17:00:01.936233984,1,3,-4.683038786652171,-132.65557172550226,[0. 0. 0. 1.],[2.08481448e-03 5.34888008e-03 9.92563648e-01 2.65750698e-06],"[-0.788621    0.762323   -1.0395898  -0.6351695  -0.7369235  -0.60163534
  0.          0.          0.4        -1.188621   -9.593075  ]",1.5683612160928466,1,2
45,46,2024-09-28 17:00:02.664881152,TASK_BEGIN,23,1.5198089625922524,0.4231796272777937,-1.4293765764893869,-0.3328120606198639,0.2772986811242708,0.1929254348957476,-1.08308955793117,0.6335021537247206,3,2024-09-28 17:00:01.936233154,1727542801.936234,2024-09-28 17:00:01.936233984,1,3,-4.683038786652171,-132.65557172550226,[0. 0. 0. 1.],[2.08481448e-03 5.34888008e-03 9.92563648e-01 2.65750698e-06],"[-0.788621    0.762323   -1.0395898  -0.6351695  -0.7369235  -0.60163534
  0.          0.          0.4        -1.188621   -9.593075  ]",1.5683612160928466,1,2
46,47,2024-09-28 17:00:02.733239040,TASK_BEGIN,23,1.517618163333541,0.4170305594029128,-1.516990330769412,-0.3721168513105503,0.3457786608861358,0.1661148695219313,-1.0204336707622297,0.6371593120171228,3,2024-09-28 17:00:01.936233154,1727542801.936234,2024-09-28 17:00:01.936233984,1,3,-4.683038786652171,-132.65557172550226,[0. 0. 0. 1.],[2.08481448e-03 5.34888008e-03 9.92563648e-01 2.65750698e-06],"[-0.788621    0.762323   -1.0395898  -0.6351695  -0.7369235  -0.60163534
  0.          0.          0.4        -1.188621   -9.593075  ]",1.5683612160928466,1,2
47,48,2024-09-28 17:00:02.800954112,TASK_BEGIN,23,1.5115266557644782,0.411076100164558,-1.586888713202969,-0.40710007793817,0.4201274804310324,0.1387611987078305,-0.9327760877026292,0.643276362836511,3,2024-09-28 17:00:01.936233154,1727542801.936234,2024-09-28 17:00:01.936233984,1,3,-4.683038786652171,-132.65557172550226,[0. 0. 0. 1.],[2.08481448e-03 5.34888008e-03 9.92563648e-01 2.65750698e-06],"[-0.788621    0.762323   -1.0395898  -0.6351695  -0.7369235  -0.60163534
  0.          0.          0.4        -1.188621   -9.593075  ]",1.5683612160928466,1,2
48,49,2024-09-28 17:00:02.855787008,TASK_BEGIN,23,1.5021492093816842,0.4052953988205151,-1.6363294591057311,-0.4378965934349184,0.5004723582203395,0.1109393940114499,-0.8182740889732482,0.649960655426076,3,2024-09-28 17:00:01.965233154,1727542801.9652336,2024-09-28 17:00:01.965233664,1,3,-4.712912399646379,-136.0419284078936,[0. 0. 0. 1.],[1.28165384e-03 5.51209599e-03 9.93205473e-01 7.77589533e-07],"[-0.79599744  0.75220835 -1.0277576  -0.6686214  -0.7691237  -0.6440052
  0.          0.          0.4        -1.1959975  -9.512157  ]",1.5681989657079956,1,2
49,57,2024-09-28 17:00:05.163796992,TASK_BEGIN,23,1.361544079898824,0.3624205275612368,-1.2484957725529024,-0.552420093111624,1.2054437687036732,-0.0946954751454396,0.784708945198429,0.5823522047528308,3,2024-09-28 17:00:05.143394043,1727542805.143394,2024-09-28 17:00:05.143394048,2,0,-2.936936295057208,-52.76155433639985,[1. 0. 0. 0.],[0.28992321 0.18003939 0.37031702 0.15972038],"[ 4.7737756e-03  8.8886976e-01  2.8848274e-02 -6.0068631e-01
 -1.4365573e-02 -3.1193266e-02  0.0000000e+00  0.0000000e+00
 -2.0000000e-01  2.0477377e-01 -9.5132074e+00]",1.5091723011316014,0,0
50,58,2024-09-28 17:00:05.231529984,TASK_BEGIN,23,1.3364418339781228,0.3589859562884436,-1.1311946353663405,-0.548734904898061,1.2682528541751503,-0.1125934700782258,0.9579435742057872,0.5703486577965777,3,2024-09-28 17:00:05.288992920,1727542805.2889931,2024-09-28 17:00:05.288993024,2,0,-2.627812618828628,-63.26263643584665,[1. 0. 0. 0.],[0.18035693 0.11918228 0.58625544 0.11420535],"[ 5.7711601e-03  8.3577359e-01  2.9537980e-02 -7.3084074e-01
 -1.7148862e-02 -1.1132905e-02  0.0000000e+00  0.0000000e+00
 -2.0000000e-01  2.0577116e-01 -9.0884380e+00]",1.5101993089235182,0,0
51,59,2024-09-28 17:00:05.300102912,TASK_BEGIN,23,1.3098658040758535,0.3563338343762501,-1.010328817377936,-0.5407747796687337,1.3185983617010884,-0.1276413066504242,1.09161881793993,0.5655633615711466,3,2024-09-28 17:00:05.375991211,1727542805.3759918,2024-09-28 17:00:05.375991808,2,0,-2.6282303142387207,-69.18939749078373,[1. 0. 0. 0.],[0.14167144 0.09575736 0.67330328 0.08926793],"[ 6.3695908e-03  7.9911590e-01  2.9537972e-02 -8.0764115e-01
 -1.8818766e-02 -1.1132909e-02  0.0000000e+00  0.0000000e+00
 -2.0000000e-01  2.0636959e-01 -8.7951765e+00]",1.5121676727777311,0,0
52,60,2024-09-28 17:00:05.367830016,TASK_BEGIN,23,1.28246637316479,0.3543455131096454,-0.8898925529796967,-0.5290330346973138,1.3556966745681192,-0.1396644241397361,1.1786361277102535,0.5701758015531936,3,2024-09-28 17:00:05.434997070,1727542805.434997,2024-09-28 17:00:05.434996992,2,0,-2.6284548070412086,-73.0430482356968,[1. 0. 0. 0.],[0.16176862 0.09479607 0.65384155 0.08959376],"[ 6.7685447e-03  7.7267730e-01  2.9537968e-02 -8.5884142e-01
 -1.9932089e-02 -1.1132917e-02  0.0000000e+00  0.0000000e+00
 -2.0000000e-01  2.0676854e-01 -8.5836678e+00]",1.5130154342885,0,0
53,61,2024-09-28 17:00:05.425261056,TASK_BEGIN,23,1.2551814955861915,0.3527924884148442,-0.7737367783491789,-0.5141679509556206,1.3794883868889578,-0.1485753612892618,1.2142705799360352,0.5855153647736316,3,2024-09-28 17:00:05.493993896,1727542805.4939945,2024-09-28 17:00:05.493994496,2,0,-2.628639442049007,-76.82039625485774,[1. 0. 0. 0.],[0.14236082 0.07264869 0.70797903 0.07701147],"[ 7.1674981e-03  7.4463880e-01  2.9537965e-02 -9.1004163e-01
 -2.1045398e-02 -1.1132920e-02  0.0000000e+00  0.0000000e+00
 -2.0000000e-01  2.0716749e-01 -8.3593597e+00]",1.5153038646907961,0,0
54,62,2024-09-28 17:00:05.487799808,TASK_BEGIN,23,1.229174598708331,0.3513712179228375,-0.6656964286590373,-0.4968567456392275,1.3906789588110222,-0.1543766771157824,1.195788759078684,0.6119887171914751,3,2024-09-28 17:00:05.552992188,1727542805.5529926,2024-09-28 17:00:05.552992512,2,0,-2.6287882440005603,-80.5228918248916,[1. 0. 0. 0.],[0.10171066 0.04959857 0.79058726 0.05810351],"[ 7.5665317e-03  7.1500039e-01  2.9537957e-02 -9.6124178e-01
 -2.2158680e-02 -1.1132899e-02  0.0000000e+00  0.0000000e+00
 -2.0000000e-01  2.0756653e-01 -8.1222525e+00]",1.5182061515832919,0,0
55,63,2024-09-28 17:00:05.570092032,TASK_BEGIN,23,1.205732795077877,0.3497456159731221,-0.5697460664350037,-0.4776915880529414,1.3907405562124373,-0.1571671799596181,1.1219040277150845,0.6492265513832394,3,2024-09-28 17:00:05.552992188,1727542805.5529926,2024-09-28 17:00:05.552992512,2,0,-2.6287882440005603,-80.5228918248916,[1. 0. 0. 0.],[0.10171066 0.04959857 0.79058726 0.05810351],"[ 7.5665317e-03  7.1500039e-01  2.9537957e-02 -9.6124178e-01
 -2.2158680e-02 -1.1132899e-02  0.0000000e+00  0.0000000e+00
 -2.0000000e-01  2.0756653e-01 -8.1222525e+00]",1.5182061515832919,0,0
56,64,2024-09-28 17:00:06.512482048,TASK_BEGIN,23,1.1861531582317877,0.3475835851221407,-0.4899847298912479,-0.4571529148337573,1.3818432818571222,-0.1571543237181934,0.9924553462023056,0.6963292931990431,3,2024-09-28 17:00:06.523502197,1727542806.5235023,2024-09-28 17:00:06.523502336,2,2,-4.794611450930108,-40.764787647404816,[0. 0. 1. 0.],[0.2142724  0.44695357 0.021275   0.31749902],"[ 0.01976514  0.7309263   0.02597918  0.52332664 -0.06295318 -0.05674435
  0.          0.         -0.2         0.21976514 -8.24966   ]",1.5503175454948959,0,0
57,65,2024-09-28 17:00:06.580365056,TASK_BEGIN,23,1.1716352599479714,0.3445887399990642,-0.4303775213690018,-0.4356461808128067,1.3666926863961169,-0.1546650680104594,0.8086770385709781,0.7520166238043893,3,2024-09-28 17:00:06.523502197,1727542806.5235023,2024-09-28 17:00:06.523502336,2,2,-4.794611450930108,-40.764787647404816,[0. 0. 1. 0.],[0.2142724  0.44695357 0.021275   0.31749902],"[ 0.01976514  0.7309263   0.02597918  0.52332664 -0.06295318 -0.05674435
  0.          0.         -0.2         0.21976514 -8.24966   ]",1.5503175454948959,0,0
58,66,2024-09-28 17:00:06.636703232,TASK_BEGIN,23,1.163179640639221,0.3405354213241308,-0.3943784069493457,-0.4135381995578104,1.348279177791906,-0.150139878748882,0.5740827871453899,0.8146053207441368,3,2024-09-28 17:00:06.523502197,1727542806.5235023,2024-09-28 17:00:06.523502336,2,2,-4.794611450930108,-40.764787647404816,[0. 0. 1. 0.],[0.2142724  0.44695357 0.021275   0.31749902],"[ 0.01976514  0.7309263   0.02597918  0.52332664 -0.06295318 -0.05674435
  0.          0.         -0.2         0.21976514 -8.24966   ]",1.5503175454948959,0,0
59,67,2024-09-28 17:00:06.715828736,TASK_BEGIN,23,1.161494522492024,0.335306198137308,-0.3846021313515915,-0.391139218965873,1.329583603529667,-0.1441036588194438,0.2954675992547689,0.8819287481007773,3,2024-09-28 17:00:06.523502197,1727542806.5235023,2024-09-28 17:00:06.523502336,2,2,-4.794611450930108,-40.764787647404816,[0. 0. 1. 0.],[0.2142724  0.44695357 0.021275   0.31749902],"[ 0.01976514  0.7309263   0.02597918  0.52332664 -0.06295318 -0.05674435
  0.          0.         -0.2         0.21976514 -8.24966   ]",1.5503175454948959,0,0
60,68,2024-09-28 17:00:06.783610112,TASK_BEGIN,23,1.1669295707426235,0.3289196765791903,-0.402556164699148,-0.3686610016968367,1.313300274042372,-0.1371229838147675,-0.0166700548957692,0.9513582930147564,3,2024-09-28 17:00:06.523502197,1727542806.5235023,2024-09-28 17:00:06.523502336,2,2,-4.794611450930108,-40.764787647404816,[0. 0. 1. 0.],[0.2142724  0.44695357 0.021275   0.31749902],"[ 0.01976514  0.7309263   0.02597918  0.52332664 -0.06295318 -0.05674435
  0.          0.         -0.2         0.21976514 -8.24966   ]",1.5503175454948959,0,0
61,69,2024-09-28 17:00:06.851360000,TASK_BEGIN,23,1.179458989653078,0.3215339195889015,-0.4483665261727332,-0.3462163387830719,1.3016188424293822,-0.1297624586054945,-0.3486710808856404,1.0199639156838067,3,2024-09-28 17:00:06.523502197,1727542806.5235023,2024-09-28 17:00:06.523502336,2,2,-4.794611450930108,-40.764787647404816,[0. 0. 1. 0.],[0.2142724  0.44695357 0.021275   0.31749902],"[ 0.01976514  0.7309263   0.02597918  0.52332664 -0.06295318 -0.05674435
  0.          0.         -0.2         0.21976514 -8.24966   ]",1.5503175454948959,0,0
62,70,2024-09-28 17:00:06.918289152,TASK_BEGIN,23,1.1987162423035702,0.3134196583657332,-0.5205619699713436,-0.3238473173705948,1.2960764531918505,-0.1225494390220503,-0.6851110898772188,1.08474048373032,3,2024-09-28 17:00:06.523502197,1727542806.5235023,2024-09-28 17:00:06.523502336,2,2,-4.794611450930108,-40.764787647404816,[0. 0. 1. 0.],[0.2142724  0.44695357 0.021275   0.31749902],"[ 0.01976514  0.7309263   0.02597918  0.52332664 -0.06295318 -0.05674435
  0.          0.         -0.2         0.21976514 -8.24966   ]",1.5503175454948959,0,0
63,71,2024-09-28 17:00:07.837325312,TASK_BEGIN,23,1.2240550976017794,0.3049122455045217,-0.6160715571473264,-0.3015111368191445,1.297476782745725,-0.115953386765672,-1.010553967525802,1.1428214635510396,3,2024-09-28 17:00:07.752822998,1727542807.752823,2024-09-28 17:00:07.752823040,2,0,-3.469400855154717,-62.06127656761364,[1. 0. 0. 0.],[0.09864444 0.85228143 0.04588547 0.00318865],"[ 0.03302884  0.7119696   0.07837034 -0.5576217  -0.32109502 -0.17962077
  0.          0.         -0.2         0.23302884 -8.098006  ]",1.55089900715222,0,0
64,72,2024-09-28 17:00:07.899860992,TASK_BEGIN,23,1.2546077590307885,0.2963599386184657,-0.7304858522306129,-0.2790075373645891,1.305874693691561,-0.1103809164258354,-1.3110299488830237,1.1916316603838326,3,2024-09-28 17:00:07.752822998,1727542807.752823,2024-09-28 17:00:07.752823040,2,0,-3.469400855154717,-62.06127656761364,[1. 0. 0. 0.],[0.09864444 0.85228143 0.04588547 0.00318865],"[ 0.03302884  0.7119696   0.07837034 -0.5576217  -0.32109502 -0.17962077
  0.          0.         -0.2         0.23302884 -8.098006  ]",1.55089900715222,0,0
65,73,2024-09-28 17:00:07.972856832,TASK_BEGIN,23,1.289333276545183,0.2880839468743553,-0.8584926725544995,-0.2559152092448226,1.3206346974064642,-0.1061829309085293,-1.5748524849665826,1.2289745346470713,3,2024-09-28 17:00:07.752822998,1727542807.752823,2024-09-28 17:00:07.752823040,2,0,-3.469400855154717,-62.06127656761364,[1. 0. 0. 0.],[0.09864444 0.85228143 0.04588547 0.00318865],"[ 0.03302884  0.7119696   0.07837034 -0.5576217  -0.32109502 -0.17962077
  0.          0.         -0.2         0.23302884 -8.098006  ]",1.55089900715222,0,0
66,74,2024-09-28 17:00:08.040604928,TASK_BEGIN,23,1.3270635590409474,0.2803568653776624,-0.994350031358972,-0.2316249648002423,1.3405730735085477,-0.103668020959853,-1.7928772239393858,1.2531082882145852,3,2024-09-28 17:00:07.752822998,1727542807.752823,2024-09-28 17:00:07.752823040,2,0,-3.469400855154717,-62.06127656761364,[1. 0. 0. 0.],[0.09864444 0.85228143 0.04588547 0.00318865],"[ 0.03302884  0.7119696   0.07837034 -0.5576217  -0.32109502 -0.17962077
  0.          0.         -0.2         0.23302884 -8.098006  ]",1.55089900715222,0,0
67,75,2024-09-28 17:00:08.108357888,TASK_BEGIN,23,1.3665493581662127,0.273395375870949,-1.1322528089318085,-0.2055098424490634,1.364172387846901,-0.1031134220235265,-1.9585220100422116,1.2628590912551465,3,2024-09-28 17:00:07.752822998,1727542807.752823,2024-09-28 17:00:07.752823040,2,0,-3.469400855154717,-62.06127656761364,[1. 0. 0. 0.],[0.09864444 0.85228143 0.04588547 0.00318865],"[ 0.03302884  0.7119696   0.07837034 -0.5576217  -0.32109502 -0.17962077
  0.          0.         -0.2         0.23302884 -8.098006  ]",1.55089900715222,0,0
68,76,2024-09-28 17:00:08.168739072,TASK_BEGIN,23,1.4065021303026293,0.2673592776430284,-1.2664990431349832,-0.17719126850365,1.389821233008066,-0.1047662713680147,-2.067653540402016,1.257738144444576,3,2024-09-28 17:00:07.752822998,1727542807.752823,2024-09-28 17:00:07.752823040,2,0,-3.469400855154717,-62.06127656761364,[1. 0. 0. 0.],[0.09864444 0.85228143 0.04588547 0.00318865],"[ 0.03302884  0.7119696   0.07837034 -0.5576217  -0.32109502 -0.17962077
  0.          0.         -0.2         0.23302884 -8.098006  ]",1.55089900715222,0,0
69,77,2024-09-28 17:00:08.243847936,TASK_BEGIN,23,1.4456223096058702,0.2623568598705278,-1.3915142576071422,-0.1467894412990072,1.4160208181549074,-0.1088364936522464,-2.1182972125767985,1.2379888561986976,3,2024-09-28 17:00:07.752822998,1727542807.752823,2024-09-28 17:00:07.752823040,2,0,-3.469400855154717,-62.06127656761364,[1. 0. 0. 0.],[0.09864444 0.85228143 0.04588547 0.00318865],"[ 0.03302884  0.7119696   0.07837034 -0.5576217  -0.32109502 -0.17962077
  0.          0.         -0.2         0.23302884 -8.098006  ]",1.55089900715222,0,0
70,78,2024-09-28 17:00:09.187290112,TASK_BEGIN,23,1.4826108657670534,0.2584613152998335,-1.501932142285198,-0.1150252828247222,1.4415268304654545,-0.1154853199084826,-2.11032009764303,1.204544175005518,3,2024-09-28 17:00:09.242916016,1727542809.2429166,2024-09-28 17:00:09.242916608,2,2,-10.319021172361321,-14.619328576220695,[0. 0. 1. 0.],[0.24441681 0.08526003 0.39413914 0.27618402],"[ 0.02183096  0.3094151  -0.21601644  0.08373577  0.32168695  0.31261295
  0.          0.         -0.2         0.22183095 -4.87757   ]",1.5580093082233861,0,0
71,79,2024-09-28 17:00:09.254935040,TASK_BEGIN,23,1.5161915350885733,0.2557296634283276,-1.592886719139084,-0.0831162372218237,1.465417180255277,-0.12480629076023,-2.045356934161724,1.158928038056272,3,2024-09-28 17:00:09.329943848,1727542809.3299444,2024-09-28 17:00:09.329944320,2,2,-11.435166195457317,-43.601682633102186,[0. 0. 1. 0.],[0.28424227 0.04047593 0.03788607 0.63739574],"[ 0.01564312  0.3203107  -0.376834    0.29325274  0.36845434  0.3086403
  0.          0.         -0.2         0.21564312 -4.964735  ]",1.5611918090457668,0,0
72,80,2024-09-28 17:00:09.320998912,TASK_BEGIN,23,1.5451888143094614,0.2542027296612655,-1.6604548454155812,-0.0525488463493215,1.4870790849640978,-0.136796195568314,-1.9270055483630395,1.1031128831103516,3,2024-09-28 17:00:09.387802002,1727542809.3878024,2024-09-28 17:00:09.387802368,2,2,-15.485365706335276,-64.27769786370828,[0. 0. 1. 0.],[0.20548846 0.0163341  0.00633175 0.77184569],"[ 0.0098532   0.3328694  -0.48918086  0.44323993  0.40009528  0.31121644
  0.          0.         -0.2         0.2098532  -5.0652046 ]",1.5614438739621161,0,0
73,81,2024-09-28 17:00:09.390608128,TASK_BEGIN,23,1.5686771000379387,0.2538767793610041,-1.702023446084462,-0.0248691177061957,1.5061312994192124,-0.1513253354216482,-1.7610594699941988,1.039324854444091,3,2024-09-28 17:00:09.387802002,1727542809.3878024,2024-09-28 17:00:09.387802368,2,2,-15.485365706335276,-64.27769786370828,[0. 0. 1. 0.],[0.20548846 0.0163341  0.00633175 0.77184569],"[ 0.0098532   0.3328694  -0.48918086  0.44323993  0.40009528  0.31121644
  0.          0.         -0.2         0.2098532  -5.0652046 ]",1.5614438739621161,0,0
74,82,2024-09-28 17:00:09.458355968,TASK_BEGIN,23,1.586164753430557,0.2546606159464653,-1.7164252690307886,-0.0015552669597748,1.522335774674146,-0.168121278962594,-1.5555933370551076,0.9698537379871194,3,2024-09-28 17:00:09.387802002,1727542809.3878024,2024-09-28 17:00:09.387802368,2,2,-15.485365706335276,-64.27769786370828,[0. 0. 1. 0.],[0.20548846 0.0163341  0.00633175 0.77184569],"[ 0.0098532   0.3328694  -0.48918086  0.44323993  0.40009528  0.31121644
  0.          0.         -0.2         0.2098532  -5.0652046 ]",1.5614438739621161,0,0
75,83,2024-09-28 17:00:09.526103040,TASK_BEGIN,23,1.5977408600906644,0.2563406483550459,-1.703867998232875,0.0160459562301674,1.5355530689389576,-0.1867726246297394,-1.3208750711131818,0.8969721073313041,3,2024-09-28 17:00:09.387802002,1727542809.3878024,2024-09-28 17:00:09.387802368,2,2,-15.485365706335276,-64.27769786370828,[0. 0. 1. 0.],[0.20548846 0.0163341  0.00633175 0.77184569],"[ 0.0098532   0.3328694  -0.48918086  0.44323993  0.40009528  0.31121644
  0.          0.         -0.2         0.2098532  -5.0652046 ]",1.5614438739621161,0,0
76,84,2024-09-28 17:00:09.593816064,TASK_BEGIN,23,1.6041136659862116,0.2585703920264591,-1.6657569215055363,0.0267592618273191,1.5457505441996484,-0.2067514238492145,-1.0690649334000124,0.8229798962407733,3,2024-09-28 17:00:09.387802002,1727542809.3878024,2024-09-28 17:00:09.387802368,2,2,-15.485365706335276,-64.27769786370828,[0. 0. 1. 0.],[0.20548846 0.0163341  0.00633175 0.77184569],"[ 0.0098532   0.3328694  -0.48918086  0.44323993  0.40009528  0.31121644
  0.          0.         -0.2         0.2098532  -5.0652046 ]",1.5614438739621161,0,0
77,85,2024-09-28 17:00:10.538013952,TASK_BEGIN,23,1.6065153664419616,0.2608890145451114,-1.6044897003377532,0.0296433123787019,1.553032762883708,-0.2274504521840088,-0.8135554267999041,0.7502674815643675,3,2024-09-28 17:00:09.986125977,1727542809.9861262,2024-09-28 17:00:09.986126080,2,1,-3.2448419174646492,-66.68191953973718,[0. 1. 0. 0.],[6.86991890e-03 1.16731426e-05 1.02219353e-04 9.93016189e-01],"[-0.05567415  0.3891182  -0.51793844 -0.08809631  0.7216814   0.41250023
  0.          0.         -0.2         0.14432584 -5.515195  ]",1.5654351570266896,0,0
78,86,2024-09-28 17:00:10.605787136,TASK_BEGIN,23,1.6065073215759575,0.2627623340913854,-1.5232685948797364,0.0241047460247554,1.5576619876683506,-0.2482301149240534,-0.5678686095484419,0.6812906108377966,3,2024-09-28 17:00:09.986125977,1727542809.9861262,2024-09-28 17:00:09.986126080,2,1,-3.2448419174646492,-66.68191953973718,[0. 1. 0. 0.],[6.86991890e-03 1.16731426e-05 1.02219353e-04 9.93016189e-01],"[-0.05567415  0.3891182  -0.51793844 -0.08809631  0.7216814   0.41250023
  0.          0.         -0.2         0.14432584 -5.515195  ]",1.5654351570266896,0,0
79,87,2024-09-28 17:00:10.673544960,TASK_BEGIN,23,1.6057466629290014,0.2636358650875735,-1.4259344187838718,0.0100298252793806,1.5600570226883783,-0.2684677263870064,-0.3443081807833794,0.6184569687132482,3,2024-09-28 17:00:09.986125977,1727542809.9861262,2024-09-28 17:00:09.986126080,2,1,-3.2448419174646492,-66.68191953973718,[0. 1. 0. 0.],[6.86991890e-03 1.16731426e-05 1.02219353e-04 9.93016189e-01],"[-0.05567415  0.3891182  -0.51793844 -0.08809631  0.7216814   0.41250023
  0.          0.         -0.2         0.14432584 -5.515195  ]",1.5654351570266896,0,0
80,88,2024-09-28 17:00:10.741297152,TASK_BEGIN,23,1.6057611737612896,0.2629915879836689,-1.316824748119857,-0.0121237191382801,1.560767335729589,-0.2876020736446462,-0.1527807992725157,0.5639938364584909,3,2024-09-28 17:00:09.986125977,1727542809.9861262,2024-09-28 17:00:09.986126080,2,1,-3.2448419174646492,-66.68191953973718,[0. 1. 0. 0.],[6.86991890e-03 1.16731426e-05 1.02219353e-04 9.93016189e-01],"[-0.05567415  0.3891182  -0.51793844 -0.08809631  0.7216814   0.41250023
  0.          0.         -0.2         0.14432584 -5.515195  ]",1.5654351570266896,0,0
81,89,2024-09-28 17:00:10.802819072,TASK_BEGIN,23,1.607753169628838,0.2604023056986222,-1.200694270020489,-0.0412871884139724,1.5604141780750056,-0.3051672766851245,-9.913166351343615e-05,0.5198369561024698,3,2024-09-28 17:00:09.986125977,1727542809.9861262,2024-09-28 17:00:09.986126080,2,1,-3.2448419174646492,-66.68191953973718,[0. 1. 0. 0.],[6.86991890e-03 1.16731426e-05 1.02219353e-04 9.93016189e-01],"[-0.05567415  0.3891182  -0.51793844 -0.08809631  0.7216814   0.41250023
  0.          0.         -0.2         0.14432584 -5.515195  ]",1.5654351570266896,0,0
82,90,2024-09-28 17:00:10.876790016,TASK_BEGIN,23,1.6124453352190202,0.2555788122996646,-1.0826655473335962,-0.0758021798420863,1.5596003408892014,-0.3208099791288726,0.1101908917754926,0.4875414874881212,3,2024-09-28 17:00:09.986125977,1727542809.9861262,2024-09-28 17:00:09.986126080,2,1,-3.2448419174646492,-66.68191953973718,[0. 1. 0. 0.],[6.86991890e-03 1.16731426e-05 1.02219353e-04 9.93016189e-01],"[-0.05567415  0.3891182  -0.51793844 -0.08809631  0.7216814   0.41250023
  0.          0.         -0.2         0.14432584 -5.515195  ]",1.5654351570266896,0,0
83,91,2024-09-28 17:00:10.944572928,TASK_BEGIN,23,1.6199927815194677,0.2484044316445722,-0.9680493282474598,-0.113547081610974,1.5588203390927768,-0.3342887109084144,0.1775908861060924,0.4682311059941169,3,2024-09-28 17:00:10.569125977,1727542810.569126,2024-09-28 17:00:10.569125888,2,0,-2.6921977189845165,-92.84633698226199,[1. 0. 0. 0.],[1.50148647e-02 4.47411322e-05 6.16083922e-04 9.84324310e-01],"[-0.12031857  0.28972924 -0.45603016 -0.5540463   0.97847027  0.17059568
  0.          0.         -0.2         0.07968143 -4.720083  ]",1.564635296402289,0,0
84,92,2024-09-28 17:00:11.862301952,TASK_BEGIN,23,1.629983539544201,0.2389494785898908,-0.8619425812000907,-0.1521738553714138,1.5584169400578958,-0.3454632099711523,0.2042103221751621,0.462611057864505,3,2024-09-28 17:00:11.800875977,1727542811.8008769,2024-09-28 17:00:11.800876800,2,3,3.465348966434325,-82.24157640210792,[0. 0. 0. 1.],[1.22982826e-02 3.28117166e-04 9.76090731e-01 1.12828697e-02],"[-0.49802196 -0.12485594 -1.1912427  -0.9898948   0.4393289  -0.9397848
  0.          0.         -0.2        -0.29802197 -1.4034016 ]",1.5122443051710823,0,0
85,93,2024-09-28 17:00:11.930718976,TASK_BEGIN,23,1.6415224021053352,0.2274615449426022,-0.7687381608653352,-0.189379254699843,1.558601485346757,-0.3542818482958617,0.1942143682060873,0.4710353854919211,3,2024-09-28 17:00:11.800875977,1727542811.8008769,2024-09-28 17:00:11.800876800,2,3,3.465348966434325,-82.24157640210792,[0. 0. 0. 1.],[1.22982826e-02 3.28117166e-04 9.76090731e-01 1.12828697e-02],"[-0.49802196 -0.12485594 -1.1912427  -0.9898948   0.4393289  -0.9397848
  0.          0.         -0.2        -0.29802197 -1.4034016 ]",1.5122443051710823,0,0
86,94,2024-09-28 17:00:11.997850880,TASK_BEGIN,23,1.6533717003883408,0.2143358964114035,-0.6917382774201738,-0.2231284180600881,1.5595092601230711,-0.3607669038681272,0.1531658193307148,0.4935825865758872,3,2024-09-28 17:00:11.800875977,1727542811.8008769,2024-09-28 17:00:11.800876800,2,3,3.465348966434325,-82.24157640210792,[0. 0. 0. 1.],[1.22982826e-02 3.28117166e-04 9.76090731e-01 1.12828697e-02],"[-0.49802196 -0.12485594 -1.1912427  -0.9898948   0.4393289  -0.9397848
  0.          0.         -0.2        -0.29802197 -1.4034016 ]",1.5122443051710823,0,0
87,95,2024-09-28 17:00:12.066226944,TASK_BEGIN,23,1.66412126373547,0.2000753267127545,-0.6329355558073556,-0.2517992071432386,1.5612410154947234,-0.3649941059076311,0.0872790180473264,0.5300840006139863,3,2024-09-28 17:00:11.800875977,1727542811.8008769,2024-09-28 17:00:11.800876800,2,3,3.465348966434325,-82.24157640210792,[0. 0. 0. 1.],[1.22982826e-02 3.28117166e-04 9.76090731e-01 1.12828697e-02],"[-0.49802196 -0.12485594 -1.1912427  -0.9898948   0.4393289  -0.9397848
  0.          0.         -0.2        -0.29802197 -1.4034016 ]",1.5122443051710823,0,0
88,96,2024-09-28 17:00:12.133395968,TASK_BEGIN,23,1.6723615291521163,0.1852492023474116,-0.5929829673524389,-0.2742332259877724,1.563860517578341,-0.3670677145100126,0.0027287974108328,0.5800618053693458,3,2024-09-28 17:00:12.190983154,1727542812.1909835,2024-09-28 17:00:12.190983424,2,3,0.9742514609315316,75.70616395017673,[0. 0. 0. 1.],[0.04650365 0.02470638 0.91455306 0.01423691],"[-0.5012612  -0.14347577  0.10209746 -0.21322453  0.0783895  -0.7665595
  0.          0.         -0.2        -0.30126116 -1.2544429 ]",1.520887043744659,0,0
89,97,2024-09-28 17:00:12.201680896,TASK_BEGIN,23,1.6768295176128512,0.1704604376759375,-0.5714290218761825,-0.2896623401677835,1.5673584181929765,-0.3670977787755223,-0.0948315937027878,0.6425892232210377,3,2024-09-28 17:00:12.278399902,1727542812.2784004,2024-09-28 17:00:12.278400512,2,3,-7.141451584766168,68.08333805189199,[0. 0. 0. 1.],[5.62434369e-03 8.09241498e-03 9.86035239e-01 2.48002228e-04],"[-0.49981737 -0.15588492  0.1435163  -0.28939378 -0.04611924 -0.8613947
  0.          0.         -0.2        -0.29981738 -1.1551697 ]",1.5485219274971458,0,0
90,98,2024-09-28 17:00:12.269405952,TASK_BEGIN,23,1.6764941402546614,0.1563263681712652,-0.5672126714946201,-0.2975108776479376,1.5716237055879547,-0.3651892885603695,-0.2005100057050638,0.7161586200030278,3,2024-09-28 17:00:12.340058105,1727542812.3400588,2024-09-28 17:00:12.340058880,2,3,-7.926628962083649,51.42013437740295,[0. 0. 0. 1.],[1.24976240e-03 4.50077330e-03 9.94238574e-01 1.08900534e-05],"[-0.49843106 -0.16609442  0.17504796 -0.34450418 -0.1375008  -0.9343627
  0.          0.         -0.2        -0.29843104 -1.0734937 ]",1.5589487637494894,0,0
91,99,2024-09-28 17:00:13.213284864,TASK_BEGIN,23,1.6705680702364956,0.1434723813189856,-0.5792280317888123,-0.2971620269177558,1.5764625074905076,-0.3614527750725881,-0.3101622796158413,0.7986448312043799,3,2024-09-28 17:00:12.455570068,1727542812.4555705,2024-09-28 17:00:12.455570432,2,3,-8.580277840833114,16.99591274052635,[0. 0. 0. 1.],[3.40719711e-04 4.06551938e-03 9.95593234e-01 5.27170945e-07],"[-0.49462333 -0.191383    0.23134452 -0.45981652 -0.3406991  -1.0705224
  0.          0.         -0.2        -0.29462335 -0.87118506]",1.5650665547859912,0,0
92,100,2024-09-28 17:00:13.280391936,TASK_BEGIN,23,1.6584846144867915,0.1325237728322433,-0.6067486612859244,-0.2878076741160127,1.581675151929159,-0.3560379567504653,-0.4200905224243591,0.887367951908125,3,2024-09-28 17:00:12.455570068,1727542812.4555705,2024-09-28 17:00:12.455570432,2,3,-8.580277840833114,16.99591274052635,[0. 0. 0. 1.],[3.40719711e-04 4.06551938e-03 9.95593234e-01 5.27170945e-07],"[-0.49462333 -0.191383    0.23134452 -0.45981652 -0.3406991  -1.0705224
  0.          0.         -0.2        -0.29462335 -0.87118506]",1.5650665547859912,0,0
93,101,2024-09-28 17:00:13.346605056,TASK_BEGIN,23,1.6399052551988411,0.1240722051754783,-0.6496463227471138,-0.2684332850476727,1.5871630445835347,-0.3491776956013474,-0.5265245231116465,0.97918810758216,3,2024-09-28 17:00:12.455570068,1727542812.4555705,2024-09-28 17:00:12.455570432,2,3,-8.580277840833114,16.99591274052635,[0. 0. 0. 1.],[3.40719711e-04 4.06551938e-03 9.95593234e-01 5.27170945e-07],"[-0.49462333 -0.191383    0.23134452 -0.45981652 -0.3406991  -1.0705224
  0.          0.         -0.2        -0.29462335 -0.87118506]",1.5650665547859912,0,0
94,102,2024-09-28 17:00:13.416532992,TASK_BEGIN,23,1.614779495983895,0.1186086951497709,-0.7084071741782676,-0.2379290836545552,1.5930050654403085,-0.3412190116711437,-0.6251143979169731,1.0705838437444548,3,2024-09-28 17:00:12.513572021,1727542812.5135725,2024-09-28 17:00:12.513572352,2,3,-8.878732893862756,-0.8941321613104183,[0. 0. 0. 1.],[2.79076660e-03 7.29201128e-02 9.24286501e-01 2.61963671e-06],"[-0.49217775 -0.2065149   0.25805354 -0.52009284 -0.45305562 -1.1400703
  0.          0.         -0.2        -0.29217777 -0.75012994]",1.5647213428481064,0,0
95,103,2024-09-28 17:00:13.484318976,TASK_BEGIN,23,1.5834097008556924,0.1164484750970641,-0.7838958210434567,-0.1953138299368094,1.5994471861425874,-0.332620059976717,-0.7107058819711519,1.1577445273289368,3,2024-09-28 17:00:12.573572998,1727542812.573573,2024-09-28 17:00:12.573573120,2,3,2.7696196129753528,2.6976122770155677,[0. 0. 0. 1.],[3.52957703e-02 8.68839549e-02 8.77818267e-01 2.00743986e-06],"[-0.4890025  -0.22183275  0.30140162 -0.47219303 -0.5400567  -0.5571248
  1.          0.         -0.2        -0.2890025  -0.6275871 ]",1.5360453063533503,0,0
96,104,2024-09-28 17:00:13.547419904,TASK_BEGIN,23,1.5464557370046843,0.1176872720954997,-0.8768451715889356,-0.1400410403344379,1.6067992070004895,-0.3239091022498355,-0.7775504952523807,1.2367363897048904,3,2024-09-28 17:00:12.951614990,1727542812.9516156,2024-09-28 17:00:12.951615488,2,0,1.4679654071596815,12.492746983693376,[1. 0. 0. 0.],[0.23905012 0.06690042 0.0228184  0.67123106],"[-0.43983305 -0.25428665  0.58515203 -0.00586551 -0.4370041   0.2437003
  0.          1.         -0.2        -0.23983304 -0.36795595]",1.5279275230349536,0,0
97,105,2024-09-28 17:00:13.619823104,TASK_BEGIN,23,1.504855968684681,0.1222071262824184,-0.9871901595068272,-0.0723229664082034,1.6152875804930324,-0.31562290372644,-0.8198640586711737,1.3037337935287985,3,2024-09-28 17:00:12.951614990,1727542812.9516156,2024-09-28 17:00:12.951615488,2,0,1.4679654071596815,12.492746983693376,[1. 0. 0. 0.],[0.23905012 0.06690042 0.0228184  0.67123106],"[-0.43983305 -0.25428665  0.58515203 -0.00586551 -0.4370041   0.2437003
  0.          1.         -0.2        -0.23983304 -0.36795595]",1.5279275230349536,0,0
98,106,2024-09-28 17:00:14.563309824,TASK_BEGIN,23,1.45969715466309,0.1297171337542566,-1.113429640623269,0.0065995036024748,1.6249252658427873,-0.3082479825545048,-0.8324551843085752,1.3552398938971482,3,2024-09-28 17:00:14.055655029,1727542814.0556552,2024-09-28 17:00:14.055655168,2,0,-9.282566559094889,41.48239235031679,[1. 0. 0. 0.],[0.20531974 0.68543314 0.02766812 0.08157901],"[-0.27900448 -0.29666495  0.577455   -0.02966743 -0.00068762  0.07210873
  0.          0.         -0.2        -0.0790045  -0.0289295 ]",1.523327298023684,0,0
99,107,2024-09-28 17:00:14.620528128,TASK_BEGIN,23,1.4120914014375971,0.1398011321240588,-1.2521735500357387,0.0943126126660473,1.6354339062170236,-0.3021765899895336,-0.8111713921893546,1.3882517698385413,3,2024-09-28 17:00:14.702661133,1727542814.7026613,2024-09-28 17:00:14.702661376,2,0,0.5470720793232999,53.83386537079263,[1. 0. 0. 0.],[0.35029904 0.51484879 0.09006313 0.04478904],"[-2.0096914e-01 -2.9666299e-01  4.5373359e-01 -2.0274560e-09
 -6.6718896e-04 -1.0551859e-09  0.0000000e+00  1.0000000e+00
 -2.0000000e-01 -9.6913974e-04 -2.8945234e-02]",1.5233526308145493,0,0
100,108,2024-09-28 17:00:14.698844928,TASK_BEGIN,23,1.3630968238134455,0.1519569021216009,-1.3980010377365644,0.1872759545837425,1.646228899086718,-0.2976784595452644,-0.7531235799978447,1.4003987077892683,3,2024-09-28 17:00:14.761678955,1727542814.7616796,2024-09-28 17:00:14.761679616,2,0,0.5374033671334502,53.836704910323135,[1. 0. 0. 0.],[0.35249621 0.51110165 0.08996461 0.04643754],"[-1.9478042e-01 -2.9666299e-01  4.4287241e-01 -3.2591458e-09
 -6.6707603e-04 -7.9882823e-10  0.0000000e+00  1.0000000e+00
 -2.0000000e-01  5.2195708e-03 -2.8945234e-02]",1.5236637668056867,0,0
101,109,2024-09-28 17:00:14.766590208,TASK_BEGIN,23,1.3136772749417192,0.1656307593278493,-1.543667236851765,0.281064300742737,1.656473864739611,-0.29488834652649,-0.6568537503040232,1.390112328216944,3,2024-09-28 17:00:14.822020996,1727542814.822021,2024-09-28 17:00:14.822021120,2,0,0.5284399135498035,53.82130154689409,[1. 0. 0. 0.],[0.35480221 0.50735514 0.08966357 0.04817909],"[-1.8874256e-01 -2.9666299e-01  4.3201125e-01 -3.4899932e-09
 -6.6700397e-04 -1.4780362e-09  0.0000000e+00  1.0000000e+00
 -2.0000000e-01  1.1257442e-02 -2.8945234e-02]",1.5239259896434518,0,0
102,110,2024-09-28 17:00:14.834348800,TASK_BEGIN,23,1.2646840146386535,0.1802550263750082,-1.6805661443360485,0.3707367797502933,1.6652097526474685,-0.2938109884418119,-0.5226264354752667,1.3568695026237951,3,2024-09-28 17:00:14.911358154,1727542814.9113588,2024-09-28 17:00:14.911358720,2,0,0.5163434286719735,53.76789042502928,[1. 0. 0. 0.],[0.35947061 0.50282099 0.08654851 0.05115989],"[-1.7996860e-01 -2.9666299e-01  4.1571957e-01 -2.9377498e-09
 -6.6693849e-04 -9.6147557e-10  0.0000000e+00  1.0000000e+00
 -2.0000000e-01  2.0031404e-02 -2.8945234e-02]",1.5243236485289025,0,0
103,111,2024-09-28 17:00:14.902121216,TASK_BEGIN,23,1.2168576586162585,0.195286184860722,-1.7993396486119575,0.4512555531545699,1.6715395481511623,-0.2943422158324192,-0.3528269326435634,1.3014726026856325,3,2024-09-28 17:00:14.970586914,1727542814.9705873,2024-09-28 17:00:14.970587136,2,0,0.5091676518507597,53.714615291535665,[1. 0. 0. 0.],[0.36269635 0.49948669 0.08453584 0.05328112],"[-1.7430782e-01 -2.9666299e-01  4.0485844e-01 -2.4889442e-09
 -6.6691521e-04 -1.0755841e-09  0.0000000e+00  1.0000000e+00
 -2.0000000e-01  2.5692176e-02 -2.8945234e-02]",1.5249272121816335,0,0
104,112,2024-09-28 17:00:14.969865984,TASK_BEGIN,23,1.1708499666427306,0.2102366561939471,-1.8905963558174776,0.5178962814889589,1.6748108668062724,-0.2962968960970554,-0.1522502451704337,1.2262167977384502,3,2024-09-28 17:00:15.028587158,1727542815.0285873,2024-09-28 17:00:15.028587264,2,0,0.5026946845702298,53.6491744751913,[1. 0. 0. 0.],[0.36599719 0.49550691 0.08312971 0.05536619],"[-1.6879790e-01 -2.9666299e-01  3.9399725e-01 -4.5752202e-09
 -6.6688831e-04 -1.1610067e-09  0.0000000e+00  1.0000000e+00
 -2.0000000e-01  3.1202110e-02 -2.8945234e-02]",1.5254073235251238,0,0
105,113,2024-09-28 17:00:15.913645056,TASK_BEGIN,23,1.1272540439709455,0.2246958722034496,-1.945698653108801,0.5665927101518304,1.6747211705374123,-0.2994273435991684,0.0719091338483432,1.1347807740565343,3,2024-09-28 17:00:15.145587891,1727542815.1455884,2024-09-28 17:00:15.145588480,2,0,0.49178095978440695,53.48816299142397,[1. 0. 0. 0.],[0.37219338 0.48737994 0.08072739 0.05969929],"[-1.5823071e-01 -2.9666299e-01  3.7227491e-01 -3.8796086e-09
 -6.6686660e-04  1.0007115e-10  0.0000000e+00  1.0000000e+00
 -2.0000000e-01  4.1769300e-02 -2.8945234e-02]",1.5258957300304052,0,0
106,114,2024-09-28 17:00:15.978691840,TASK_BEGIN,23,1.086632551178525,0.2383401164802997,-1.9575089702978812,0.5941844724978536,1.6713035056244898,-0.3034206524935262,0.3103699088588317,1.0318367035986955,3,2024-09-28 17:00:15.145587891,1727542815.1455884,2024-09-28 17:00:15.145588480,2,0,0.49178095978440695,53.48816299142397,[1. 0. 0. 0.],[0.37219338 0.48737994 0.08072739 0.05969929],"[-1.5823071e-01 -2.9666299e-01  3.7227491e-01 -3.8796086e-09
 -6.6686660e-04  1.0007115e-10  0.0000000e+00  1.0000000e+00
 -2.0000000e-01  4.1769300e-02 -2.8945234e-02]",1.5258957300304052,0,0
107,115,2024-09-28 17:00:16.049220864,TASK_BEGIN,23,1.0495310229409656,0.2509367526422598,-1.920982811499209,0.5985808897128543,1.66482608123563,-0.3078829324768432,0.5522669269742398,0.922555139390942,3,2024-09-28 17:00:15.145587891,1727542815.1455884,2024-09-28 17:00:15.145588480,2,0,0.49178095978440695,53.48816299142397,[1. 0. 0. 0.],[0.37219338 0.48737994 0.08072739 0.05969929],"[-1.5823071e-01 -2.9666299e-01  3.7227491e-01 -3.8796086e-09
 -6.6686660e-04  1.0007115e-10  0.0000000e+00  1.0000000e+00
 -2.0000000e-01  4.1769300e-02 -2.8945234e-02]",1.5258957300304052,0,0
108,116,2024-09-28 17:00:16.110318848,TASK_BEGIN,23,1.016458742628464,0.2623515774348215,-1.8335687482736287,0.5788478509647982,1.6556875200610237,-0.3123342366491955,0.7857757025290497,0.8121925031606655,3,2024-09-28 17:00:16.169409912,1727542816.16941,2024-09-28 17:00:16.169410048,2,1,-0.6249597298583451,59.57179017011737,[0. 1. 0. 0.],[0.38166104 0.36304056 0.06668654 0.18861186],"[-1.2834899e-01 -2.9666293e-01 -7.6667748e-02  9.3476098e-09
 -6.6692405e-04 -5.0614162e-09  0.0000000e+00  1.0000000e+00
 -2.0000000e-01  7.1651012e-02 -2.8945711e-02]",1.5277494488961598,0,0
109,117,2024-09-28 17:00:16.184673024,TASK_BEGIN,23,0.987843370041341,0.2725587095537418,-1.695442319071898,0.5352097680648474,1.644351604131489,-0.3162281273674334,0.9988352050208916,0.7058141413241709,3,2024-09-28 17:00:16.228955078,1727542816.2289557,2024-09-28 17:00:16.228955648,2,1,-0.5458521368726343,57.01158934234639,[0. 1. 0. 0.],[0.37956139 0.34970835 0.06989433 0.20083593],"[-1.2957017e-01 -2.9666293e-01 -9.0707436e-02 -9.5448591e-09
 -6.6692434e-04  8.7445224e-09  0.0000000e+00  1.0000000e+00
 -2.0000000e-01  7.0429832e-02 -2.8945711e-02]",1.530231077619122,0,0
110,118,2024-09-28 17:00:16.252428032,TASK_BEGIN,23,0.9639921229825404,0.2816416922423664,-1.5095374461483198,0.4689670580611338,1.6312960273770365,-0.3189867645747078,1.1798712178284847,0.6081047650488315,3,2024-09-28 17:00:16.228955078,1727542816.2289557,2024-09-28 17:00:16.228955648,2,1,-0.5458521368726343,57.01158934234639,[0. 1. 0. 0.],[0.37956139 0.34970835 0.06989433 0.20083593],"[-1.2957017e-01 -2.9666293e-01 -9.0707436e-02 -9.5448591e-09
 -6.6692434e-04  8.7445224e-09  0.0000000e+00  1.0000000e+00
 -2.0000000e-01  7.0429832e-02 -2.8945711e-02]",1.530231077619122,0,0
111,119,2024-09-28 17:00:16.319605248,TASK_BEGIN,23,0.9450772651724156,0.2897776230180743,-1.281222577241217,0.3823273308613782,1.616946747239106,-0.3200373553246962,1.318425165863323,0.523217074647935,3,2024-09-28 17:00:16.228955078,1727542816.2289557,2024-09-28 17:00:16.228955648,2,1,-0.5458521368726343,57.01158934234639,[0. 1. 0. 0.],[0.37956139 0.34970835 0.06989433 0.20083593],"[-1.2957017e-01 -2.9666293e-01 -9.0707436e-02 -9.5448591e-09
 -6.6692434e-04  8.7445224e-09  0.0000000e+00  1.0000000e+00
 -2.0000000e-01  7.0429832e-02 -2.8945711e-02]",1.530231077619122,0,0
112,120,2024-09-28 17:00:17.255259136,TASK_BEGIN,23,0.9311361998214108,0.2972054785046224,-1.017595447353958,0.2781610572149915,1.6016170388960012,-0.3188478006060963,1.405730794308284,0.4546329854089816,3,2024-09-28 17:00:16.753588867,1727542816.7535899,2024-09-28 17:00:16.753589760,2,0,-0.00660320514579027,55.99099091233987,[1. 0. 0. 0.],[0.3866339  0.41269846 0.0581636  0.14250404],"[-1.34518787e-01 -2.96662927e-01  1.09977664e-04  3.79095809e-07
 -6.68609282e-04 -2.17889010e-05  0.00000000e+00  1.00000000e+00
 -2.00000003e-01  6.54812157e-02 -2.89457105e-02]",1.3979015647169266,0,0
113,121,2024-09-28 17:00:17.330541056,TASK_BEGIN,23,0.9220813970059268,0.3041841897352894,-0.7266829596527704,0.1597403883752781,1.5854856601205052,-0.3149657002574967,1.4352518687389386,0.4050510768600705,3,2024-09-28 17:00:16.753588867,1727542816.7535899,2024-09-28 17:00:16.753589760,2,0,-0.00660320514579027,55.99099091233987,[1. 0. 0. 0.],[0.3866339  0.41269846 0.0581636  0.14250404],"[-1.34518787e-01 -2.96662927e-01  1.09977664e-04  3.79095809e-07
 -6.68609282e-04 -2.17889010e-05  0.00000000e+00  1.00000000e+00
 -2.00000003e-01  6.54812157e-02 -2.89457105e-02]",1.3979015647169266,0,0
114,122,2024-09-28 17:00:17.398235136,TASK_BEGIN,23,0.9177345331254536,0.3109468039959011,-0.4169112532485244,0.0305501938213502,1.5686185254085734,-0.3080604327232674,1.4030521166677952,0.3763578554604485,3,2024-09-28 17:00:16.753588867,1727542816.7535899,2024-09-28 17:00:16.753589760,2,0,-0.00660320514579027,55.99099091233987,[1. 0. 0. 0.],[0.3866339  0.41269846 0.0581636  0.14250404],"[-1.34518787e-01 -2.96662927e-01  1.09977664e-04  3.79095809e-07
 -6.68609282e-04 -2.17889010e-05  0.00000000e+00  1.00000000e+00
 -2.00000003e-01  6.54812157e-02 -2.89457105e-02]",1.3979015647169266,0,0
115,123,2024-09-28 17:00:17.466376960,TASK_BEGIN,23,0.9178946314866112,0.3176553828615657,-0.0969438309312794,-0.1057733170732642,1.5510108962311706,-0.2979616537201178,1.307967804272298,0.3696895415748331,3,2024-09-28 17:00:16.753588867,1727542816.7535899,2024-09-28 17:00:16.753589760,2,0,-0.00660320514579027,55.99099091233987,[1. 0. 0. 0.],[0.3866339  0.41269846 0.0581636  0.14250404],"[-1.34518787e-01 -2.96662927e-01  1.09977664e-04  3.79095809e-07
 -6.68609282e-04 -2.17889010e-05  0.00000000e+00  1.00000000e+00
 -2.00000003e-01  6.54812157e-02 -2.89457105e-02]",1.3979015647169266,0,0
116,124,2024-09-28 17:00:17.534116864,TASK_BEGIN,23,0.9224206157234882,0.3243591802796595,0.2243061671582846,-0.2454147934000889,1.53263070954224,-0.2846861879240275,1.1517333450807283,0.3854893806458704,3,2024-09-28 17:00:16.753588867,1727542816.7535899,2024-09-28 17:00:16.753589760,2,0,-0.00660320514579027,55.99099091233987,[1. 0. 0. 0.],[0.3866339  0.41269846 0.0581636  0.14250404],"[-1.34518787e-01 -2.96662927e-01  1.09977664e-04  3.79095809e-07
 -6.68609282e-04 -2.17889010e-05  0.00000000e+00  1.00000000e+00
 -2.00000003e-01  6.54812157e-02 -2.89457105e-02]",1.3979015647169266,0,0
117,125,2024-09-28 17:00:17.601872896,TASK_BEGIN,23,0.931285102105409,0.3309631091706043,0.5377183420544913,-0.3843758443217041,1.5134576799210098,-0.2684495587723089,0.9391445235236608,0.4234666204133731,3,2024-09-28 17:00:16.753588867,1727542816.7535899,2024-09-28 17:00:16.753589760,2,0,-0.00660320514579027,55.99099091233987,[1. 0. 0. 0.],[0.3866339  0.41269846 0.0581636  0.14250404],"[-1.34518787e-01 -2.96662927e-01  1.09977664e-04  3.79095809e-07
 -6.68609282e-04 -2.17889010e-05  0.00000000e+00  1.00000000e+00
 -2.00000003e-01  6.54812157e-02 -2.89457105e-02]",1.3979015647169266,0,0
118,126,2024-09-28 17:00:17.669601792,TASK_BEGIN,23,0.9445650269893572,0.3372202891511288,0.8341402720157416,-0.5185711204662545,1.4935219463049123,-0.2496635254638787,0.6782095313732702,0.4824502525793244,3,2024-09-28 17:00:16.753588867,1727542816.7535899,2024-09-28 17:00:16.753589760,2,0,-0.00660320514579027,55.99099091233987,[1. 0. 0. 0.],[0.3866339  0.41269846 0.0581636  0.14250404],"[-1.34518787e-01 -2.96662927e-01  1.09977664e-04  3.79095809e-07
 -6.68609282e-04 -2.17889010e-05  0.00000000e+00  1.00000000e+00
 -2.00000003e-01  6.54812157e-02 -2.89457105e-02]",1.3979015647169266,0,0
119,133,2024-09-28 17:00:18.993104128,TASK_BEGIN,23,1.1479967343667978,0.3393717604032348,1.782789970473289,-1.0362870439839609,1.3765268133511714,-0.1122133708383505,-1.329694741156364,1.1870074005481437,3,2024-09-28 17:00:19.066847168,1727542819.0668473,2024-09-28 17:00:19.066847232,3,0,-2.5064640595385796,-4.485995445997905,[1. 0. 0. 0.],[0.38168386 0.26042582 0.12067944 0.23721088],"[ 1.5246868e-03  9.9582946e-01  7.5206280e-02 -1.7679617e-01
 -4.3111132e-03 -2.8572917e-02  0.0000000e+00  0.0000000e+00
 -2.0000000e-01  2.0152469e-01 -1.0749804e+01]",1.5000055176026745,0,0
120,134,2024-09-28 17:00:19.930547200,TASK_BEGIN,23,1.1841357386449678,0.3312284566524313,1.6986664786811356,-1.0262090960021455,1.3753707212316468,-0.1021224576464651,-1.4792280447887565,1.2739663020430505,3,2024-09-28 17:00:19.685946045,1727542819.6859467,2024-09-28 17:00:19.685946624,3,0,-3.0278007222342325,-55.08605368267591,[1. 0. 0. 0.],[0.21481986 0.16454357 0.52620408 0.09443249],"[ 0.0122033   0.8453572   0.07475141 -0.716736   -0.03521181 -0.04846836
  0.          0.         -0.2         0.2122033  -9.546025  ]",1.519274129150166,0,0
121,135,2024-09-28 17:00:20.004449024,TASK_BEGIN,23,1.2185319711416187,0.3213388270945982,1.559875079929932,-0.9958191448541288,1.3810191442647264,-0.0961788245428643,-1.5746024625767936,1.3454080064442928,3,2024-09-28 17:00:20.072799805,1727542820.072801,2024-09-28 17:00:20.072801024,3,0,-2.630040589637744,-38.47662394568201,[1. 0. 0. 0.],[0.32644973 0.36089232 0.2358084  0.07684955],"[ 0.02151537  0.7356806   0.13967775 -0.54632425 -0.05201518 -0.01644368
  0.          0.         -0.2         0.22151537 -8.6686125 ]",1.521777542308619,0,0
122,136,2024-09-28 17:00:20.072037888,TASK_BEGIN,23,1.250025842399508,0.3101322394949928,1.374066454233073,-0.9480069437339446,1.393800675681757,-0.0944724466652089,-1.618923787201111,1.39900379092449,3,2024-09-28 17:00:20.130801025,1727542820.1308017,2024-09-28 17:00:20.130801664,3,0,-2.643738364567639,-42.96563327297889,[1. 0. 0. 0.],[0.28419551 0.31937605 0.31800716 0.07842128],"[ 0.02343869  0.7174094   0.1396777  -0.5975247  -0.05365957 -0.01644371
  0.          0.         -0.2         0.2234387  -8.522443  ]",1.523783150044067,0,0
123,137,2024-09-28 17:00:20.139998976,TASK_BEGIN,23,1.2776614972571647,0.2981162163494142,1.1517623167347482,-0.886420121093309,1.413676808997079,-0.0968851140545604,-1.6182539274621444,1.43327601613759,3,2024-09-28 17:00:20.217802002,1727542820.2178023,2024-09-28 17:00:20.217802240,3,0,-2.6589837767512563,-49.57311945870232,[1. 0. 0. 0.],[0.22211216 0.26046513 0.44558142 0.07184129],"[ 0.02632364  0.6870024   0.13967761 -0.6743254  -0.0561261  -0.01644373
  0.          0.         -0.2         0.22632363 -8.279187  ]",1.5258881446538148,0,0
124,138,2024-09-28 17:00:20.207320064,TASK_BEGIN,23,1.3007542628779891,0.2858540611652961,0.905469570188606,-0.815145430422787,1.4402286463152685,-0.1030955038347846,-1.5805822259792663,1.447636343416564,3,2024-09-28 17:00:20.275835938,1727542820.2758367,2024-09-28 17:00:20.275836672,3,0,-2.6667075021983493,-53.889730279146974,[1. 0. 0. 0.],[0.17606266 0.22166084 0.5421581  0.0601184 ],"[ 0.02824696  0.66473114  0.13967757 -0.7255259  -0.05777047 -0.01644375
  0.          0.         -0.2         0.22824696 -8.101017  ]",1.5270952422100743,0,0
125,139,2024-09-28 17:00:20.275531008,TASK_BEGIN,23,1.3189477457436325,0.2739347250921686,0.6486495148585062,-0.7384622337689792,1.47264918857657,-0.1125893923640402,-1.5148824730551178,1.4424377778071855,3,2024-09-28 17:00:20.275835938,1727542820.2758367,2024-09-28 17:00:20.275836672,3,0,-2.6667075021983493,-53.889730279146974,[1. 0. 0. 0.],[0.17606266 0.22166084 0.5421581  0.0601184 ],"[ 0.02824696  0.66473114  0.13967757 -0.7255259  -0.05777047 -0.01644375
  0.          0.         -0.2         0.22824696 -8.101017  ]",1.5270952422100743,0,0
126,140,2024-09-28 17:00:20.332622080,TASK_BEGIN,23,1.3322532224274604,0.2629317915263523,0.3944950371469152,-0.6606535006737339,1.5097391681235544,-0.1246786502406993,-1.430409990135375,1.418986848139922,3,2024-09-28 17:00:20.275835938,1727542820.2758367,2024-09-28 17:00:20.275836672,3,0,-2.6667075021983493,-53.889730279146974,[1. 0. 0. 0.],[0.17606266 0.22166084 0.5421581  0.0601184 ],"[ 0.02824696  0.66473114  0.13967757 -0.7255259  -0.05777047 -0.01644375
  0.          0.         -0.2         0.22824696 -8.101017  ]",1.5270952422100743,0,0
127,141,2024-09-28 17:00:21.282279168,TASK_BEGIN,23,1.3410437747054624,0.2533586116732417,0.1546117811293057,-0.585813295576419,1.5499213576634088,-0.138530198408405,-1.3363009407489916,1.3794639643122648,3,2024-09-28 17:00:21.156822021,1727542821.1568224,2024-09-28 17:00:21.156822528,3,2,-5.77705694535648,-63.42836681658934,[0. 0. 1. 0.],[0.24266259 0.68795096 0.02051945 0.048867  ],"[ 0.09413568  0.69823146  0.49423698  0.6502683  -0.04217007  0.04884287
  0.          0.         -0.2         0.2941357  -8.3690195 ]",1.5506729620548811,0,0
128,142,2024-09-28 17:00:21.355256064,TASK_BEGIN,23,1.345975998153464,0.2456320107304371,-0.0619805480741781,-0.5176460701796021,1.5913014223328728,-0.1532084642034055,-1.241398010192143,1.3267601111521674,3,2024-09-28 17:00:21.156822021,1727542821.1568224,2024-09-28 17:00:21.156822528,3,2,-5.77705694535648,-63.42836681658934,[0. 0. 1. 0.],[0.24266259 0.68795096 0.02051945 0.048867  ],"[ 0.09413568  0.69823146  0.49423698  0.6502683  -0.04217007  0.04884287
  0.          0.         -0.2         0.2941357  -8.3690195 ]",1.5506729620548811,0,0
129,143,2024-09-28 17:00:21.421976064,TASK_BEGIN,23,1.3478515863596394,0.2400508293217701,-0.2491932322963125,-0.4592857576105181,1.6317815488169518,-0.1677302887185326,-1.1540426898561325,1.2642815676499282,3,2024-09-28 17:00:21.156822021,1727542821.1568224,2024-09-28 17:00:21.156822528,3,2,-5.77705694535648,-63.42836681658934,[0. 0. 1. 0.],[0.24266259 0.68795096 0.02051945 0.048867  ],"[ 0.09413568  0.69823146  0.49423698  0.6502683  -0.04217007  0.04884287
  0.          0.         -0.2         0.2941357  -8.3690195 ]",1.5506729620548811,0,0
130,144,2024-09-28 17:00:21.490770944,TASK_BEGIN,23,1.3474629247774712,0.2367873965226206,-0.4036286197533995,-0.4131284083369466,1.6691977225523138,-0.1811224345632049,-1.081574562854789,1.195740699062116,3,2024-09-28 17:00:21.156822021,1727542821.1568224,2024-09-28 17:00:21.156822528,3,2,-5.77705694535648,-63.42836681658934,[0. 0. 1. 0.],[0.24266259 0.68795096 0.02051945 0.048867  ],"[ 0.09413568  0.69823146  0.49423698  0.6502683  -0.04217007  0.04884287
  0.          0.         -0.2         0.2941357  -8.3690195 ]",1.5506729620548811,0,0
131,145,2024-09-28 17:00:21.546100992,TASK_BEGIN,23,1.3454572586727689,0.2358895314508137,-0.5240811285147917,-0.3806579250300343,1.7014480202104034,-0.1924770320453085,-1.029533973013629,1.1248971401234953,3,2024-09-28 17:00:21.156822021,1727542821.1568224,2024-09-28 17:00:21.156822528,3,2,-5.77705694535648,-63.42836681658934,[0. 0. 1. 0.],[0.24266259 0.68795096 0.02051945 0.048867  ],"[ 0.09413568  0.69823146  0.49423698  0.6502683  -0.04217007  0.04884287
  0.          0.         -0.2         0.2941357  -8.3690195 ]",1.5506729620548811,0,0
132,146,2024-09-28 17:00:21.626323968,TASK_BEGIN,23,1.3422394705495817,0.2372916642139913,-0.6110881122451839,-0.3622868504098152,1.7266116296951135,-0.2010123065204353,-1.000837337548913,1.0552416358175944,3,2024-09-28 17:00:21.156822021,1727542821.1568224,2024-09-28 17:00:21.156822528,3,2,-5.77705694535648,-63.42836681658934,[0. 0. 1. 0.],[0.24266259 0.68795096 0.02051945 0.048867  ],"[ 0.09413568  0.69823146  0.49423698  0.6502683  -0.04217007  0.04884287
  0.          0.         -0.2         0.2941357  -8.3690195 ]",1.5506729620548811,0,0
133,147,2024-09-28 17:00:21.685750016,TASK_BEGIN,23,1.3379293635270433,0.2408327763799706,-0.6666400205174463,-0.3572809012354326,1.7430809367962528,-0.2061410891272625,-0.9952768447449548,0.9896928582151496,3,2024-09-28 17:00:21.156822021,1727542821.1568224,2024-09-28 17:00:21.156822528,3,2,-5.77705694535648,-63.42836681658934,[0. 0. 1. 0.],[0.24266259 0.68795096 0.02051945 0.048867  ],"[ 0.09413568  0.69823146  0.49423698  0.6502683  -0.04217007  0.04884287
  0.          0.         -0.2         0.2941357  -8.3690195 ]",1.5506729620548811,0,0
134,148,2024-09-28 17:00:22.613009920,TASK_BEGIN,23,1.332369863399517,0.2462795772124849,-0.6939548709324662,-0.3638271414266522,1.749701289569762,-0.2075311272184186,-1.009583538951013,0.93039570633713,3,2024-09-28 17:00:22.681180908,1727542822.681181,2024-09-28 17:00:22.681180928,3,3,-5.3652420438871875,-95.55918503110834,[0. 0. 0. 1.],[3.98773644e-02 9.37008256e-01 2.27987095e-02 3.15669868e-04],"[ 0.29176775  0.6755552   0.68957007 -0.6898708  -0.27161154 -0.4058197
  0.          0.         -0.2         0.49176776 -8.18761   ]",1.5621719333887714,0,0
135,149,2024-09-28 17:00:22.670757120,TASK_BEGIN,23,1.3251625612821756,0.2533508943752541,-0.6972086534642691,-0.3792403045789229,1.745871217236993,-0.2051339604243447,-1.038050062118057,0.8786610016391463,3,2024-09-28 17:00:22.710180908,1727542822.7101812,2024-09-28 17:00:22.710181120,3,3,-5.376641700721118,-99.98023488151838,[0. 0. 0. 1.],[3.24132917e-02 9.48658308e-01 1.87482138e-02 1.80186864e-04],"[ 0.29641938  0.66442144  0.70016885 -0.7183644  -0.29324117 -0.43259436
  0.          0.         -0.2         0.49641937 -8.098539  ]",1.5628798750871444,0,0
136,150,2024-09-28 17:00:22.748571904,TASK_BEGIN,23,1.3157172295129045,0.2617349174546319,-0.681216195845687,-0.4002563395867841,1.7315678185685957,-0.1991718313976115,-1.07346189287364,0.8350372235620445,3,2024-09-28 17:00:22.710180908,1727542822.7101812,2024-09-28 17:00:22.710181120,3,3,-5.376641700721118,-99.98023488151838,[0. 0. 0. 1.],[3.24132917e-02 9.48658308e-01 1.87482138e-02 1.80186864e-04],"[ 0.29641938  0.66442144  0.70016885 -0.7183644  -0.29324117 -0.43259436
  0.          0.         -0.2         0.49641937 -8.098539  ]",1.5628798750871444,0,0
137,151,2024-09-28 17:00:22.805841152,TASK_BEGIN,23,1.3033259879929446,0.2710948493937337,-0.6510889908604031,-0.4233705197516668,1.7073143074604995,-0.19009136642851,-1.108055247150355,0.799483549007324,3,2024-09-28 17:00:22.710180908,1727542822.7101812,2024-09-28 17:00:22.710181120,3,3,-5.376641700721118,-99.98023488151838,[0. 0. 0. 1.],[3.24132917e-02 9.48658308e-01 1.87482138e-02 1.80186864e-04],"[ 0.29641938  0.66442144  0.70016885 -0.7183644  -0.29324117 -0.43259436
  0.          0.         -0.2         0.49641937 -8.098539  ]",1.5628798750871444,0,0
138,152,2024-09-28 17:00:22.883950848,TASK_BEGIN,23,1.2872755156389122,0.281066762350223,-0.6118875124345279,-0.4451823512222299,1.6741297493529057,-0.1785046575475118,-1.13443122637255,0.771609555940574,3,2024-09-28 17:00:22.710180908,1727542822.7101812,2024-09-28 17:00:22.710181120,3,3,-5.376641700721118,-99.98023488151838,[0. 0. 0. 1.],[3.24132917e-02 9.48658308e-01 1.87482138e-02 1.80186864e-04],"[ 0.29641938  0.66442144  0.70016885 -0.7183644  -0.29324117 -0.43259436
  0.          0.         -0.2         0.49641937 -8.098539  ]",1.5628798750871444,0,0
139,153,2024-09-28 17:00:22.951586816,TASK_BEGIN,23,1.2669886660008844,0.2912561029643649,-0.5683192441744201,-0.4626948422125506,1.6334770569232695,-0.1651364761110372,-1.1465034483478953,0.7509411257793381,3,2024-09-28 17:00:22.710180908,1727542822.7101812,2024-09-28 17:00:22.710181120,3,3,-5.376641700721118,-99.98023488151838,[0. 0. 0. 1.],[3.24132917e-02 9.48658308e-01 1.87482138e-02 1.80186864e-04],"[ 0.29641938  0.66442144  0.70016885 -0.7183644  -0.29324117 -0.43259436
  0.          0.         -0.2         0.49641937 -8.098539  ]",1.5628798750871444,0,0
140,154,2024-09-28 17:00:23.019591168,TASK_BEGIN,23,1.2421703889559716,0.301236084951943,-0.5245631014444437,-0.4735111990342942,1.5871946111076032,-0.1507819696118733,-1.1404285454044842,0.7371596111519999,3,2024-09-28 17:00:22.710180908,1727542822.7101812,2024-09-28 17:00:22.710181120,3,3,-5.376641700721118,-99.98023488151838,[0. 0. 0. 1.],[3.24132917e-02 9.48658308e-01 1.87482138e-02 1.80186864e-04],"[ 0.29641938  0.66442144  0.70016885 -0.7183644  -0.29324117 -0.43259436
  0.          0.         -0.2         0.49641937 -8.098539  ]",1.5628798750871444,0,0
141,155,2024-09-28 17:00:23.962522880,TASK_BEGIN,23,1.2129349287154942,0.3105473335830668,-0.4842492746436836,-0.4758899710215962,1.537386660806059,-0.136265798209402,-1.1152366283728694,0.7302614991437044,3,2024-09-28 17:00:23.793145020,1727542823.793146,2024-09-28 17:00:23.793145856,3,1,1.0411684521850384,-107.58449953964175,[0. 1. 0. 0.],[2.58184512e-03 1.15110526e-04 9.84519393e-01 1.27836510e-02],"[ 4.2755285e-01  2.6611090e-03  2.6825321e-01 -1.5435953e+00
 -1.2799379e-01  6.9455093e-01  0.0000000e+00  0.0000000e+00
 -2.0000000e-01  6.2755287e-01 -2.8044567e+00]",1.5588331403806959,0,0
142,156,2024-09-28 17:00:24.024866816,TASK_BEGIN,23,1.1798883128875544,0.3187006614442504,-0.4505143227978865,-0.4686720907470397,1.4862642640379822,-0.1223948160553726,-1.0728695169318785,0.7306083382323532,3,2024-09-28 17:00:23.793145020,1727542823.793146,2024-09-28 17:00:23.793145856,3,1,1.0411684521850384,-107.58449953964175,[0. 1. 0. 0.],[2.58184512e-03 1.15110526e-04 9.84519393e-01 1.27836510e-02],"[ 4.2755285e-01  2.6611090e-03  2.6825321e-01 -1.5435953e+00
 -1.2799379e-01  6.9455093e-01  0.0000000e+00  0.0000000e+00
 -2.0000000e-01  6.2755287e-01 -2.8044567e+00]",1.5588331403806959,0,0
143,157,2024-09-28 17:00:24.097455104,TASK_BEGIN,23,1.1441353013372824,0.325191298914682,-0.4260279741676755,-0.4511516384149999,1.4359648997860963,-0.1099059299149421,-1.017642402660053,0.7388652890187397,3,2024-09-28 17:00:23.793145020,1727542823.793146,2024-09-28 17:00:23.793145856,3,1,1.0411684521850384,-107.58449953964175,[0. 1. 0. 0.],[2.58184512e-03 1.15110526e-04 9.84519393e-01 1.27836510e-02],"[ 4.2755285e-01  2.6611090e-03  2.6825321e-01 -1.5435953e+00
 -1.2799379e-01  6.9455093e-01  0.0000000e+00  0.0000000e+00
 -2.0000000e-01  6.2755287e-01 -2.8044567e+00]",1.5588331403806959,0,0
144,158,2024-09-28 17:00:24.165703168,TASK_BEGIN,23,1.107203817935188,0.3295312841360537,-0.412986106335612,-0.4229695651039755,1.3883914008434233,-0.0994137962440514,-0.95544455672511,0.7558461668125133,3,2024-09-28 17:00:23.793145020,1727542823.793146,2024-09-28 17:00:23.793145856,3,1,1.0411684521850384,-107.58449953964175,[0. 1. 0. 0.],[2.58184512e-03 1.15110526e-04 9.84519393e-01 1.27836510e-02],"[ 4.2755285e-01  2.6611090e-03  2.6825321e-01 -1.5435953e+00
 -1.2799379e-01  6.9455093e-01  0.0000000e+00  0.0000000e+00
 -2.0000000e-01  6.2755287e-01 -2.8044567e+00]",1.5588331403806959,0,0
145,159,2024-09-28 17:00:24.233428992,TASK_BEGIN,23,1.0709115303905514,0.3312976753306713,-0.4130947998059028,-0.3840723702278455,1.345088020067952,-0.091362367129787,-0.8929421602262243,0.7822917115601881,3,2024-09-28 17:00:23.793145020,1727542823.793146,2024-09-28 17:00:23.793145856,3,1,1.0411684521850384,-107.58449953964175,[0. 1. 0. 0.],[2.58184512e-03 1.15110526e-04 9.84519393e-01 1.27836510e-02],"[ 4.2755285e-01  2.6611090e-03  2.6825321e-01 -1.5435953e+00
 -1.2799379e-01  6.9455093e-01  0.0000000e+00  0.0000000e+00
 -2.0000000e-01  6.2755287e-01 -2.8044567e+00]",1.5588331403806959,0,0
146,160,2024-09-28 17:00:24.301209856,TASK_BEGIN,23,1.0371954187556816,0.3301887361303707,-0.42748043411368,-0.3347437093675705,1.3071594651013567,-0.0859881669212289,-0.8368180127412481,0.8186121248604147,3,2024-09-28 17:00:23.793145020,1727542823.793146,2024-09-28 17:00:23.793145856,3,1,1.0411684521850384,-107.58449953964175,[0. 1. 0. 0.],[2.58184512e-03 1.15110526e-04 9.84519393e-01 1.27836510e-02],"[ 4.2755285e-01  2.6611090e-03  2.6825321e-01 -1.5435953e+00
 -1.2799379e-01  6.9455093e-01  0.0000000e+00  0.0000000e+00
 -2.0000000e-01  6.2755287e-01 -2.8044567e+00]",1.5588331403806959,0,0
147,161,2024-09-28 17:00:24.359878912,TASK_BEGIN,23,1.0079075453329347,0.3260791440755393,-0.456446666963801,-0.2757047557861489,1.2752326107368703,-0.0833007223188636,-0.7930496914934013,0.8646351537148145,3,2024-09-28 17:00:23.793145020,1727542823.793146,2024-09-28 17:00:23.793145856,3,1,1.0411684521850384,-107.58449953964175,[0. 1. 0. 0.],[2.58184512e-03 1.15110526e-04 9.84519393e-01 1.27836510e-02],"[ 4.2755285e-01  2.6611090e-03  2.6825321e-01 -1.5435953e+00
 -1.2799379e-01  6.9455093e-01  0.0000000e+00  0.0000000e+00
 -2.0000000e-01  6.2755287e-01 -2.8044567e+00]",1.5588331403806959,0,0
148,162,2024-09-28 17:00:25.312612096,TASK_BEGIN,23,0.9845930564626032,0.3190627361544636,-0.4991180802658936,-0.2082566638379455,1.2494364172277477,-0.0830749344756116,-0.7663098862283553,0.919413419217098,3,2024-09-28 17:00:24.984656006,1727542824.9846568,2024-09-28 17:00:24.984656896,3,2,-7.473271279688379,-113.05848666770642,[0. 0. 1. 0.],[6.82092915e-02 1.71083496e-01 1.51549954e-04 7.60555663e-01],"[ 0.4554906   0.09001124  0.05351287  1.518255   -0.24831007 -0.47812825
  0.          0.         -0.2         0.6554906  -3.5032578 ]",1.56236022125648,0,0
149,163,2024-09-28 17:00:25.380409856,TASK_BEGIN,23,0.9682933657358372,0.3094699016985097,-0.553120116953359,-0.1343861626241361,1.2293839554039814,-0.0848557398324105,-0.7595211723461739,0.9811439488055942,3,2024-09-28 17:00:24.984656006,1727542824.9846568,2024-09-28 17:00:24.984656896,3,2,-7.473271279688379,-113.05848666770642,[0. 0. 1. 0.],[6.82092915e-02 1.71083496e-01 1.51549954e-04 7.60555663e-01],"[ 0.4554906   0.09001124  0.05351287  1.518255   -0.24831007 -0.47812825
  0.          0.         -0.2         0.6554906  -3.5032578 ]",1.56236022125648,0,0
150,164,2024-09-28 17:00:25.440561152,TASK_BEGIN,23,0.9594169902361434,0.2978534647826517,-0.6144780480346367,-0.0567433275829226,1.2141936453675786,-0.087993235293447,-0.773546447352249,1.0472434527015115,3,2024-09-28 17:00:24.984656006,1727542824.9846568,2024-09-28 17:00:24.984656896,3,2,-7.473271279688379,-113.05848666770642,[0. 0. 1. 0.],[6.82092915e-02 1.71083496e-01 1.51549954e-04 7.60555663e-01],"[ 0.4554906   0.09001124  0.05351287  1.518255   -0.24831007 -0.47812825
  0.          0.         -0.2         0.6554906  -3.5032578 ]",1.56236022125648,0,0
151,165,2024-09-28 17:00:25.503074048,TASK_BEGIN,23,0.957695646352544,0.2849462628517994,-0.6778912599963932,0.021521223989179,1.2025999291371514,-0.0917189749924231,-0.8071252361643899,1.1146013939577446,3,2024-09-28 17:00:24.984656006,1727542824.9846568,2024-09-28 17:00:24.984656896,3,2,-7.473271279688379,-113.05848666770642,[0. 0. 1. 0.],[6.82092915e-02 1.71083496e-01 1.51549954e-04 7.60555663e-01],"[ 0.4554906   0.09001124  0.05351287  1.518255   -0.24831007 -0.47812825
  0.          0.         -0.2         0.6554906  -3.5032578 ]",1.56236022125648,0,0
152,166,2024-09-28 17:00:25.583581952,TASK_BEGIN,23,0.9622248873330724,0.2715956836050653,-0.7374299344057018,0.0969977212337434,1.1931521250972783,-0.0952443285738777,-0.8572203930362434,1.179963985506255,3,2024-09-28 17:00:24.984656006,1727542824.9846568,2024-09-28 17:00:24.984656896,3,2,-7.473271279688379,-113.05848666770642,[0. 0. 1. 0.],[6.82092915e-02 1.71083496e-01 1.51549954e-04 7.60555663e-01],"[ 0.4554906   0.09001124  0.05351287  1.518255   -0.24831007 -0.47812825
  0.          0.         -0.2         0.6554906  -3.5032578 ]",1.56236022125648,0,0
153,167,2024-09-28 17:00:25.642781952,TASK_BEGIN,23,0.9715820463965992,0.2586823383610031,-0.787540964773977,0.1663007360742681,1.184453991549041,-0.0978491514455513,-0.919668299845518,1.2403144380208824,3,2024-09-28 17:00:24.984656006,1727542824.9846568,2024-09-28 17:00:24.984656896,3,2,-7.473271279688379,-113.05848666770642,[0. 0. 1. 0.],[6.82092915e-02 1.71083496e-01 1.51549954e-04 7.60555663e-01],"[ 0.4554906   0.09001124  0.05351287  1.518255   -0.24831007 -0.47812825
  0.          0.         -0.2         0.6554906  -3.5032578 ]",1.56236022125648,0,0
154,168,2024-09-28 17:00:25.718643712,TASK_BEGIN,23,0.9840013530504826,0.2470373779939358,-0.8241373508835454,0.2264073366494425,1.1753852323411038,-0.0989418927616877,-0.9897612268994485,1.2931246884189245,3,2024-09-28 17:00:24.984656006,1727542824.9846568,2024-09-28 17:00:24.984656896,3,2,-7.473271279688379,-113.05848666770642,[0. 0. 1. 0.],[6.82092915e-02 1.71083496e-01 1.51549954e-04 7.60555663e-01],"[ 0.4554906   0.09001124  0.05351287  1.518255   -0.24831007 -0.47812825
  0.          0.         -0.2         0.6554906  -3.5032578 ]",1.56236022125648,0,0
155,169,2024-09-28 17:00:26.662002944,TASK_BEGIN,23,0.9975738958230804,0.2373713500965774,-0.8454752608402321,0.275017439073374,1.1652504748391928,-0.0980902353495696,-1.0625613299742596,1.3364817601264678,3,2024-09-28 17:00:26.340572998,1727542826.340573,2024-09-28 17:00:26.340573184,3,0,4.296476437142388,-32.499713546030435,[1. 0. 0. 0.],[2.56274474e-01 7.10962380e-01 5.56668556e-04 3.22064780e-02],"[ 0.44959784  0.7827916  -0.14442225  0.50060695 -0.82899684  0.34874478
  0.          0.         -0.2         0.6495978  -9.045501  ]",1.5146552247989764,0,0
156,170,2024-09-28 17:00:26.730526976,TASK_BEGIN,23,1.010451882023892,0.2302170320454324,-0.8525277681291556,0.3108300039367234,1.153820946804094,-0.0950306844394064,-1.1330888064746247,1.3691807380347247,3,2024-09-28 17:00:26.340572998,1727542826.340573,2024-09-28 17:00:26.340573184,3,0,4.296476437142388,-32.499713546030435,[1. 0. 0. 0.],[2.56274474e-01 7.10962380e-01 5.56668556e-04 3.22064780e-02],"[ 0.44959784  0.7827916  -0.14442225  0.50060695 -0.82899684  0.34874478
  0.          0.         -0.2         0.6495978  -9.045501  ]",1.5146552247989764,0,0
157,171,2024-09-28 17:00:26.791970048,TASK_BEGIN,23,1.0210507778259337,0.2258896254787375,-0.8487493648619846,0.3336446132874806,1.1412749205030197,-0.0896647142553845,-1.1965533153981456,1.3908134925663895,3,2024-09-28 17:00:26.340572998,1727542826.340573,2024-09-28 17:00:26.340573184,3,0,4.296476437142388,-32.499713546030435,[1. 0. 0. 0.],[2.56274474e-01 7.10962380e-01 5.56668556e-04 3.22064780e-02],"[ 0.44959784  0.7827916  -0.14442225  0.50060695 -0.82899684  0.34874478
  0.          0.         -0.2         0.6495978  -9.045501  ]",1.5146552247989764,0,0
158,172,2024-09-28 17:00:26.865992192,TASK_BEGIN,23,1.0282231142022076,0.2244746829670161,-0.8393529317399786,0.3442683722397376,1.1280857949226877,-0.0820466457761743,-1.2486441280987866,1.4017835098863063,3,2024-09-28 17:00:26.340572998,1727542826.340573,2024-09-28 17:00:26.340573184,3,0,4.296476437142388,-32.499713546030435,[1. 0. 0. 0.],[2.56274474e-01 7.10962380e-01 5.56668556e-04 3.22064780e-02],"[ 0.44959784  0.7827916  -0.14442225  0.50060695 -0.82899684  0.34874478
  0.          0.         -0.2         0.6495978  -9.045501  ]",1.5146552247989764,0,0
159,173,2024-09-28 17:00:26.933736960,TASK_BEGIN,23,1.0313532850829663,0.2258455312549196,-0.8303130968253221,0.344261803472688,1.114914124208558,-0.0723708439353179,-1.2858751527981287,1.4031936740504285,3,2024-09-28 17:00:26.340572998,1727542826.340573,2024-09-28 17:00:26.340573184,3,0,4.296476437142388,-32.499713546030435,[1. 0. 0. 0.],[2.56274474e-01 7.10962380e-01 5.56668556e-04 3.22064780e-02],"[ 0.44959784  0.7827916  -0.14442225  0.50060695 -0.82899684  0.34874478
  0.          0.         -0.2         0.6495978  -9.045501  ]",1.5146552247989764,0,0
160,174,2024-09-28 17:00:26.994663168,TASK_BEGIN,23,1.0303457105527285,0.2296983669990925,-0.8273495223639906,0.3356027811082707,1.1025255090920325,-0.0609645691456692,-1.305985467318839,1.396639573346642,3,2024-09-28 17:00:26.340572998,1727542826.340573,2024-09-28 17:00:26.340573184,3,0,4.296476437142388,-32.499713546030435,[1. 0. 0. 0.],[2.56274474e-01 7.10962380e-01 5.56668556e-04 3.22064780e-02],"[ 0.44959784  0.7827916  -0.14442225  0.50060695 -0.82899684  0.34874478
  0.          0.         -0.2         0.6495978  -9.045501  ]",1.5146552247989764,0,0
161,175,2024-09-28 17:00:27.059006208,TASK_BEGIN,23,1.025528513715409,0.2355965932436626,-0.8351540991476067,0.3203735917418337,1.0917204455861436,-0.0482806165929565,-1.3083168232033229,1.3839831321889238,3,2024-09-28 17:00:26.340572998,1727542826.340573,2024-09-28 17:00:26.340573184,3,0,4.296476437142388,-32.499713546030435,[1. 0. 0. 0.],[2.56274474e-01 7.10962380e-01 5.56668556e-04 3.22064780e-02],"[ 0.44959784  0.7827916  -0.14442225  0.50060695 -0.82899684  0.34874478
  0.          0.         -0.2         0.6495978  -9.045501  ]",1.5146552247989764,0,0
162,176,2024-09-28 17:00:28.012614912,TASK_BEGIN,23,1.017513752692599,0.2430255861418548,-0.8569873418355106,0.300535611557785,1.0832504845170874,-0.0348741605116648,-1.2940265427811637,1.3671600012786342,3,2024-09-28 17:00:28.084044922,1727542828.0840452,2024-09-28 17:00:28.084045056,3,0,-5.563206506403446,-39.11370928186377,[1. 0. 0. 0.],[2.85671237e-02 7.28315340e-05 2.67721911e-04 9.71092323e-01],"[ 0.37907076  0.89429045 -0.25401628 -0.27822152  0.9520712   0.77623117
  0.          0.         -0.2         0.57907075 -9.937491  ]",1.560816371792456,0,0
163,177,2024-09-28 17:00:28.075315968,TASK_BEGIN,23,1.0070446189588391,0.2514555212843435,-0.8945646073436627,0.2777848777317453,1.0777071212372955,-0.0213570783084672,-1.265983642533287,1.3480236163039172,3,2024-09-28 17:00:28.143041992,1727542828.1430423,2024-09-28 17:00:28.143042304,3,0,-5.715019910820587,-49.63895111113391,[1. 0. 0. 0.],[1.22738336e-02 1.45564570e-05 7.98499128e-05 9.87631760e-01],"[ 0.37599245  0.8853625  -0.25261843 -0.33007935  1.0296643   0.7758323
  0.          0.         -0.2         0.57599247 -9.866068  ]",1.5624072135081803,0,0
164,178,2024-09-28 17:00:28.148272896,TASK_BEGIN,23,0.9948555049295472,0.2603996496786366,-0.9481113073828992,0.2534701828780812,1.075401172744736,-0.0083404610540472,-1.2282861872792572,1.328203650520131,3,2024-09-28 17:00:28.173041992,1727542828.1730425,2024-09-28 17:00:28.173042432,3,1,-7.310326655368053,-56.452888255390626,[0. 1. 0. 0.],[1.00499300e-02 1.07226743e-05 5.06312281e-05 9.89888716e-01],"[ 0.37439218  0.88018703 -0.2606075  -0.36574435  1.0707395   0.8215057
  0.          0.         -0.2         0.5743922  -9.824664  ]",1.5668402764922331,0,0
165,179,2024-09-28 17:00:28.215176960,TASK_BEGIN,23,0.9815719336898664,0.2694536500355692,-1.0165587588084393,0.2285832859226684,1.0762683305467875,0.0036196131555927,-1.1855587664949798,1.3089738092024903,3,2024-09-28 17:00:28.290081055,1727542828.290081,2024-09-28 17:00:28.290081024,3,1,-8.013690134879491,-84.7528186157607,[0. 1. 0. 0.],[7.21089863e-03 6.21636191e-06 2.13107647e-06 9.92780754e-01],"[ 0.3674817   0.8543885  -0.2827229  -0.50567603  1.2564223   0.9852813
  0.          0.         -0.2         0.5674817  -9.618276  ]",1.5668696910011333,0,0
166,180,2024-09-28 17:00:28.277268736,TASK_BEGIN,23,0.967664773234098,0.2783099550939343,-1.0978515982103745,0.2038191412934234,1.0798201481731469,0.0140656924452322,-1.1423256068043564,1.2911394609822011,3,2024-09-28 17:00:28.290081055,1727542828.290081,2024-09-28 17:00:28.290081024,3,1,-8.013690134879491,-84.7528186157607,[0. 1. 0. 0.],[7.21089863e-03 6.21636191e-06 2.13107647e-06 9.92780754e-01],"[ 0.3674817   0.8543885  -0.2827229  -0.50567603  1.2564223   0.9852813
  0.          0.         -0.2         0.5674817  -9.618276  ]",1.5668696910011333,0,0
167,181,2024-09-28 17:00:28.351516160,TASK_BEGIN,23,0.953446740950768,0.2867530185850548,-1.18926603827064,0.1796765756289383,1.085146895048145,0.0226683052121234,-1.1026266321945486,1.2749664684658242,3,2024-09-28 17:00:28.407071045,1727542828.4070718,2024-09-28 17:00:28.407071744,3,0,-7.021950305009796,-108.98033927665419,[1. 0. 0. 0.],[3.22724379e-03 1.98255067e-06 6.29416384e-07 9.96770144e-01],"[ 0.36016306  0.82165563 -0.27740365 -0.6090202   1.4532741   0.98365337
  0.          0.         -0.2         0.5601631  -9.356413  ]",1.5671968656564446,0,0
168,182,2024-09-28 17:00:28.419271936,TASK_BEGIN,23,0.939085609169253,0.2946478603833831,-1.2876673235530285,0.1565703640338549,1.0909888452631415,0.0292354218628839,-1.0698221477195662,1.2601971049754923,3,2024-09-28 17:00:28.436041992,1727542828.4360425,2024-09-28 17:00:28.436042496,3,0,-7.0353300363671,-114.92586592025475,[1. 0. 0. 0.],[2.68746565e-03 1.43701641e-06 5.28944312e-07 9.97310568e-01],"[ 0.35829654  0.81248116 -0.2760407  -0.63474566  1.5024363   0.98324764
  0.          0.         -0.2         0.55829656 -9.283017  ]",1.5672287540540686,1,1
169,183,2024-09-28 17:00:29.330609152,TASK_BEGIN,23,0.924628568145918,0.3019269074805571,-1.3897182200035376,0.1349254567197044,1.095886586562841,0.033698354354879,-1.0464258902525527,1.246180310548537,3,2024-09-28 17:00:28.436041992,1727542828.4360425,2024-09-28 17:00:28.436042496,3,0,-7.0353300363671,-114.92586592025475,[1. 0. 0. 0.],[2.68746565e-03 1.43701641e-06 5.28944312e-07 9.97310568e-01],"[ 0.35829654  0.81248116 -0.2760407  -0.63474566  1.5024363   0.98324764
  0.          0.         -0.2         0.55829656 -9.283017  ]",1.5672287540540686,1,1
170,184,2024-09-28 17:00:29.404039936,TASK_BEGIN,23,0.910042605601221,0.3085733823838086,-1.492080681511901,0.1152250984443274,1.098387078094659,0.0360776393877636,-1.0338520977942571,1.2320672636516488,3,2024-09-28 17:00:28.494070068,1727542828.4940703,2024-09-28 17:00:28.494070272,3,0,-7.056381485261454,-126.67147130394405,[1. 0. 0. 0.],[2.00677835e-03 8.25888159e-07 3.45578787e-07 9.97992050e-01],"[ 0.3545184   0.79293454 -0.27329814 -0.6860619   1.6006999   0.9824376
  0.          0.         -0.2         0.5545184  -9.126644  ]",1.5670493959251004,1,1
171,185,2024-09-28 17:00:29.471823104,TASK_BEGIN,23,0.8952431141749384,0.3146091160984933,-1.5916246384981505,0.0980157016194407,1.0972542410683377,0.0364396688363402,-1.0321496950599964,1.2169900685407198,3,2024-09-28 17:00:29.235862061,1727542829.2358625,2024-09-28 17:00:29.235862528,3,2,-19.29181361166143,-472.18303097771803,[0. 0. 1. 0.],[9.39631371e-01 2.58307587e-02 4.71942829e-06 3.45331507e-02],"[ 0.04786921  0.2093836  -2.8941681  -2.671492    2.7918248   0.9538091
  0.          0.         -0.2         0.24786921 -4.4582367 ]",1.5374158403759628,1,1
172,186,2024-09-28 17:00:29.531075072,TASK_BEGIN,23,0.8800794897253885,0.3200979529557398,-1.685588130555641,0.0838950218744265,1.0916299314142834,0.034856796100116,-1.039938940780759,1.2001920287557286,3,2024-09-28 17:00:29.235862061,1727542829.2358625,2024-09-28 17:00:29.235862528,3,2,-19.29181361166143,-472.18303097771803,[0. 0. 1. 0.],[9.39631371e-01 2.58307587e-02 4.71942829e-06 3.45331507e-02],"[ 0.04786921  0.2093836  -2.8941681  -2.671492    2.7918248   0.9538091
  0.          0.         -0.2         0.24786921 -4.4582367 ]",1.5374158403759628,1,1
173,187,2024-09-28 17:00:29.607264768,TASK_BEGIN,23,0.8643075852762695,0.3251569097360796,-1.7716274235243823,0.0734912984162174,1.0811193200599132,0.0313761938687559,-1.0546675296990928,1.1811412440582163,3,2024-09-28 17:00:29.235862061,1727542829.2358625,2024-09-28 17:00:29.235862528,3,2,-19.29181361166143,-472.18303097771803,[0. 0. 1. 0.],[9.39631371e-01 2.58307587e-02 4.71942829e-06 3.45331507e-02],"[ 0.04786921  0.2093836  -2.8941681  -2.671492    2.7918248   0.9538091
  0.          0.         -0.2         0.24786921 -4.4582367 ]",1.5374158403759628,1,1
174,188,2024-09-28 17:00:29.674954752,TASK_BEGIN,23,0.8476076575825637,0.3299562231155502,-1.84781808531848,0.0674230315901764,1.0658194201409594,0.0259943824055548,-1.0731303390702027,1.1596660215478347,3,2024-09-28 17:00:29.235862061,1727542829.2358625,2024-09-28 17:00:29.235862528,3,2,-19.29181361166143,-472.18303097771803,[0. 0. 1. 0.],[9.39631371e-01 2.58307587e-02 4.71942829e-06 3.45331507e-02],"[ 0.04786921  0.2093836  -2.8941681  -2.671492    2.7918248   0.9538091
  0.          0.         -0.2         0.24786921 -4.4582367 ]",1.5374158403759628,1,1
175,189,2024-09-28 17:00:29.742701056,TASK_BEGIN,23,0.8296564061753171,0.3347017754137354,-1.9127200245209688,0.0662496870344519,1.046317261893004,0.0186406281215347,-1.092109690909196,1.1360862270029524,3,2024-09-28 17:00:29.235862061,1727542829.2358625,2024-09-28 17:00:29.235862528,3,2,-19.29181361166143,-472.18303097771803,[0. 0. 1. 0.],[9.39631371e-01 2.58307587e-02 4.71942829e-06 3.45331507e-02],"[ 0.04786921  0.2093836  -2.8941681  -2.671492    2.7918248   0.9538091
  0.          0.         -0.2         0.24786921 -4.4582367 ]",1.5374158403759628,1,1
176,197,2024-09-28 17:00:32.036791040,TASK_BEGIN,23,0.6444234661623117,0.3831615110367661,-1.9822400818468584,0.2398044692763657,0.8932577811388986,-0.1167227056450268,-1.1206369941617862,1.0189482616987855,3,2024-09-28 17:00:31.953302979,1727542831.9533036,2024-09-28 17:00:31.953303552,4,2,3.6436978798911186,-9.94389179978553,[0. 0. 1. 0.],[0.4261115  0.34689168 0.11597629 0.11102053],"[ 0.01876918  0.9253409   0.09983466 -0.20050594 -0.05634592 -0.05122193
  0.          0.          0.2        -0.18123081 -9.929142  ]",1.5081174650018638,0,0
177,198,2024-09-28 17:00:32.104588800,TASK_BEGIN,23,0.6211044928495935,0.3889859951141158,-1.933527050862004,0.2693370367449069,0.8903377212240263,-0.1393610049802266,-1.1208693455412764,1.031516304953075,3,2024-09-28 17:00:31.953302979,1727542831.9533036,2024-09-28 17:00:31.953303552,4,2,3.6436978798911186,-9.94389179978553,[0. 0. 1. 0.],[0.4261115  0.34689168 0.11597629 0.11102053],"[ 0.01876918  0.9253409   0.09983466 -0.20050594 -0.05634592 -0.05122193
  0.          0.          0.2        -0.18123081 -9.929142  ]",1.5081174650018638,0,0
178,199,2024-09-28 17:00:32.172331008,TASK_BEGIN,23,0.5988431255878585,0.3940384439808199,-1.8723924719531588,0.2940627361548322,0.8915740081415752,-0.1611170294855728,-1.1249484828403378,1.052203942059156,3,2024-09-28 17:00:32.247329102,1727542832.247329,2024-09-28 17:00:32.247329024,4,2,6.074062911021838,-10.238895616526388,[0. 0. 1. 0.],[0.39252204 0.42942042 0.10231584 0.07574171],"[ 0.02592889  0.8806069   0.13779594 -0.16620766 -0.08184244 -0.04974532
  0.          0.          0.2        -0.1740711  -9.57127   ]",1.5205800093108122,0,0
179,200,2024-09-28 17:00:32.240087808,TASK_BEGIN,23,0.5776397517431127,0.3981924303618841,-1.7993104823456385,0.3122463182111663,0.8959987869238818,-0.1811334749540728,-1.132351412662415,1.0807045179456265,3,2024-09-28 17:00:32.306301025,1727542832.3063016,2024-09-28 17:00:32.306301696,4,2,-1.2337518326259727,-10.838193355356406,[0. 0. 1. 0.],[0.34117433 0.50235683 0.08001953 0.07644931],"[ 2.8633436e-02  8.7889266e-01  2.1619052e-01 -3.9123185e-03
 -8.5270979e-02 -3.0163279e-02  0.0000000e+00  0.0000000e+00
  2.0000000e-01 -1.7136656e-01 -9.5575562e+00]",1.5378353154624047,0,0
180,201,2024-09-28 17:00:32.302476800,TASK_BEGIN,23,0.5573775075562097,0.4014073818909618,-1.714888360261397,0.3227814206618284,0.902256987632198,-0.1985881212374168,-1.1413196261090837,1.1162000284560167,3,2024-09-28 17:00:32.364312988,1727542832.3643136,2024-09-28 17:00:32.364313600,4,2,-0.9909815266271835,-14.339795291445547,[0. 0. 1. 0.],[0.26286467 0.62750806 0.04074977 0.0688775 ],"[ 0.03185566  0.88094306  0.2325071   0.08303598 -0.0881405  -0.03081498
  0.          0.          0.2        -0.16814433 -9.573959  ]",1.544556358791431,0,0
181,202,2024-09-28 17:00:32.364506112,TASK_BEGIN,23,0.5379047550506345,0.4037146398237898,-1.619835595190914,0.3253294143339488,0.9086951425536316,-0.2127271476849512,-1.1489444190397806,1.157221669908478,3,2024-09-28 17:00:32.393300049,1727542832.3933008,2024-09-28 17:00:32.393300736,4,2,-5.865824852697048,-20.06222219122814,[0. 0. 1. 0.],[0.25515417 0.64236353 0.03528329 0.06719901],"[ 0.03357856  0.88359106  0.250255    0.16934021 -0.08962884 -0.02976657
  0.          0.          0.2        -0.16642144 -9.595143  ]",1.5479729857317541,0,0
182,203,2024-09-28 17:00:32.443309056,TASK_BEGIN,23,0.5191195757164614,0.4051856144175713,-1.5150044549605488,0.3203667847782182,0.9135315432704348,-0.2228976801766674,-1.1511388746606233,1.2015217173902184,3,2024-09-28 17:00:32.393300049,1727542832.3933008,2024-09-28 17:00:32.393300736,4,2,-5.865824852697048,-20.06222219122814,[0. 0. 1. 0.],[0.25515417 0.64236353 0.03528329 0.06719901],"[ 0.03357856  0.88359106  0.250255    0.16934021 -0.08962884 -0.02976657
  0.          0.          0.2        -0.16642144 -9.595143  ]",1.5479729857317541,0,0
183,204,2024-09-28 17:00:33.386823936,TASK_BEGIN,23,0.5010291142872765,0.405904215394089,-1.4015600660510374,0.3091363982273593,0.915102893405077,-0.2285920956435601,-1.1425480147505152,1.246022243847697,3,2024-09-28 17:00:32.890300049,1727542832.8903005,2024-09-28 17:00:32.890300416,4,2,-7.700552777278676,-37.187389784942,[0. 0. 1. 0.],[0.23392972 0.66978315 0.03101322 0.06527391],"[ 0.0635012   0.9244784   0.2512056   0.39617443 -0.12389298 -0.07134588
  0.          0.          0.2        -0.1364988  -9.922242  ]",1.5499212902744777,0,0
184,205,2024-09-28 17:00:33.454600960,TASK_BEGIN,23,0.4837751193286214,0.4059575464484966,-1.2812254948238584,0.2935062474278995,0.912138351367422,-0.2295052572324145,-1.116732043881076,1.2869320752467437,3,2024-09-28 17:00:32.890300049,1727542832.8903005,2024-09-28 17:00:32.890300416,4,2,-7.700552777278676,-37.187389784942,[0. 0. 1. 0.],[0.23392972 0.66978315 0.03101322 0.06527391],"[ 0.0635012   0.9244784   0.2512056   0.39617443 -0.12389298 -0.07134588
  0.          0.          0.2        -0.1364988  -9.922242  ]",1.5499212902744777,0,0
185,206,2024-09-28 17:00:33.514199040,TASK_BEGIN,23,0.4676218056824126,0.4054403707995681,-1.15644911464937,0.2757228422954167,0.9039736768484292,-0.2255865115263721,-1.0668451219108133,1.3200797829281727,3,2024-09-28 17:00:32.890300049,1727542832.8903005,2024-09-28 17:00:32.890300416,4,2,-7.700552777278676,-37.187389784942,[0. 0. 1. 0.],[0.23392972 0.66978315 0.03101322 0.06527391],"[ 0.0635012   0.9244784   0.2512056   0.39617443 -0.12389298 -0.07134588
  0.          0.          0.2        -0.1364988  -9.922242  ]",1.5499212902744777,0,0
186,207,2024-09-28 17:00:33.590199040,TASK_BEGIN,23,0.4529016475700523,0.4044619803355792,-1.0303788415245252,0.2580745455165566,0.890633014369411,-0.2170594056643108,-0.9867114394563296,1.3414074600976698,3,2024-09-28 17:00:32.890300049,1727542832.8903005,2024-09-28 17:00:32.890300416,4,2,-7.700552777278676,-37.187389784942,[0. 0. 1. 0.],[0.23392972 0.66978315 0.03101322 0.06527391],"[ 0.0635012   0.9244784   0.2512056   0.39617443 -0.12389298 -0.07134588
  0.          0.          0.2        -0.1364988  -9.922242  ]",1.5499212902744777,0,0
187,208,2024-09-28 17:00:33.654337024,TASK_BEGIN,23,0.4399342289531787,0.4031494952227785,-0.9066202508203196,0.2425319840585707,0.8727845003586583,-0.2043973559794255,-0.8719902777967158,1.3474868854019764,3,2024-09-28 17:00:32.890300049,1727542832.8903005,2024-09-28 17:00:32.890300416,4,2,-7.700552777278676,-37.187389784942,[0. 0. 1. 0.],[0.23392972 0.66978315 0.03101322 0.06527391],"[ 0.0635012   0.9244784   0.2512056   0.39617443 -0.12389298 -0.07134588
  0.          0.          0.2        -0.1364988  -9.922242  ]",1.5499212902744777,0,0
188,209,2024-09-28 17:00:33.716389888,TASK_BEGIN,23,0.428957220823488,0.4016496533114403,-0.7888293552690673,0.2304371220019174,0.8516394413902112,-0.1882705899967359,-0.7210761821084024,1.3359107674367836,3,2024-09-28 17:00:32.890300049,1727542832.8903005,2024-09-28 17:00:32.890300416,4,2,-7.700552777278676,-37.187389784942,[0. 0. 1. 0.],[0.23392972 0.66978315 0.03101322 0.06527391],"[ 0.0635012   0.9244784   0.2512056   0.39617443 -0.12389298 -0.07134588
  0.          0.          0.2        -0.1364988  -9.922242  ]",1.5499212902744777,0,0
189,210,2024-09-28 17:00:33.793356032,TASK_BEGIN,23,0.4200969195799031,0.4001349436467416,-0.6802876249451983,0.2222860125366831,0.8288488767709348,-0.16948941124846,-0.5355131374191809,1.3054889520237294,3,2024-09-28 17:00:32.890300049,1727542832.8903005,2024-09-28 17:00:32.890300416,4,2,-7.700552777278676,-37.187389784942,[0. 0. 1. 0.],[0.23392972 0.66978315 0.03101322 0.06527391],"[ 0.0635012   0.9244784   0.2512056   0.39617443 -0.12389298 -0.07134588
  0.          0.          0.2        -0.1364988  -9.922242  ]",1.5499212902744777,0,0
190,211,2024-09-28 17:00:34.700325888,TASK_BEGIN,23,0.4133685950146439,0.3988139681689881,-0.5836394480047506,0.217639727512503,0.8063891743642877,-0.14895302147102,-0.319947418237696,1.2562919381106483,3,2024-09-28 17:00:34.731327148,1727542834.7313275,2024-09-28 17:00:34.731327488,4,2,4.0202400286465805,-44.47352150543055,[0. 0. 1. 0.],[0.19967655 0.44760865 0.33152986 0.02118494],"[ 0.16806221  0.5572673   0.386515   -0.6588894  -0.15335324  0.0104348
  0.          0.          0.2        -0.03193779 -6.9845533 ]",1.5415279169992788,0,0
191,212,2024-09-28 17:00:34.781197056,TASK_BEGIN,23,0.4086861494012241,0.3979338309354419,-0.5008291437901139,0.2151945699975097,0.7863957097779292,-0.12759786269999,-0.0817401116965254,1.1896235910358857,3,2024-09-28 17:00:34.854137939,1727542834.8541384,2024-09-28 17:00:34.854138368,4,2,5.881905312351702,-34.36078854286317,[0. 0. 1. 0.],[0.17507975 0.57835501 0.23146569 0.01509955],"[ 0.17937899  0.51784515  0.44212452 -0.5142083  -0.15135476  0.00985057
  0.          0.          0.2        -0.02062101 -6.669176  ]",1.5494569298854528,0,0
192,213,2024-09-28 17:00:34.838540032,TASK_BEGIN,23,0.4058788983323215,0.3977615185634557,-0.4331246312000843,0.2130266935920883,0.7709344273369392,-0.1063423358077704,0.1697352091455009,1.107935936850262,3,2024-09-28 17:00:34.916366943,1727542834.9163675,2024-09-28 17:00:34.916367616,4,2,4.214822152981026,-24.88023403611768,[0. 0. 1. 0.],[0.19556592 0.71943346 0.07276331 0.01223731],"[ 1.8553884e-01  5.0497544e-01  4.5367450e-01 -3.6786124e-01
 -1.5153597e-01 -2.9589746e-03  0.0000000e+00  0.0000000e+00
  2.0000000e-01 -1.4461151e-02 -6.5662184e+00]",1.552008576336894,0,0
193,214,2024-09-28 17:00:34.915212032,TASK_BEGIN,23,0.4047166979267915,0.3985476971611595,-0.3811433000594442,0.2089913705932972,0.7617536118872312,-0.0860305251665755,0.424089737963735,1.014633083602354,3,2024-09-28 17:00:34.978516113,1727542834.9785166,2024-09-28 17:00:34.978516480,4,2,0.5779459783740293,-25.61242752492843,[0. 0. 1. 0.],[0.18816792 0.75426762 0.04612801 0.01143645],"[ 0.19274108  0.49590373  0.54060006 -0.24136423 -0.15042114  0.0144205
  0.          0.          0.2        -0.00725892 -6.4936447 ]",1.5542228599941739,0,0
194,215,2024-09-28 17:00:34.977795840,TASK_BEGIN,23,0.4049349080419526,0.4004900306420424,-0.3448916332101187,0.2011916118451467,0.7600748868845978,-0.0673757159770363,0.6710216989616856,0.9137481246296352,3,2024-09-28 17:00:34.978516113,1727542834.9785166,2024-09-28 17:00:34.978516480,4,2,0.5779459783740293,-25.61242752492843,[0. 0. 1. 0.],[0.18816792 0.75426762 0.04612801 0.01143645],"[ 0.19274108  0.49590373  0.54060006 -0.24136423 -0.15042114  0.0144205
  0.          0.          0.2        -0.00725892 -6.4936447 ]",1.5542228599941739,0,0
195,216,2024-09-28 17:00:35.051981056,TASK_BEGIN,23,0.406258108100109,0.4037061949456359,-0.323843249675161,0.188367517959842,0.7664649483382476,-0.050908336584487,0.901203227732575,0.8095592847870668,3,2024-09-28 17:00:34.978516113,1727542834.9785166,2024-09-28 17:00:34.978516480,4,2,0.5779459783740293,-25.61242752492843,[0. 0. 1. 0.],[0.18816792 0.75426762 0.04612801 0.01143645],"[ 0.19274108  0.49590373  0.54060006 -0.24136423 -0.15042114  0.0144205
  0.          0.          0.2        -0.00725892 -6.4936447 ]",1.5542228599941739,0,0
196,217,2024-09-28 17:00:35.119710976,TASK_BEGIN,23,0.4084289340885383,0.408211083437136,-0.3170400002916913,0.1700728740174963,0.7808072125653097,-0.0369451911182305,1.1067220633103316,0.7062390370244075,3,2024-09-28 17:00:34.978516113,1727542834.9785166,2024-09-28 17:00:34.978516480,4,2,0.5779459783740293,-25.61242752492843,[0. 0. 1. 0.],[0.18816792 0.75426762 0.04612801 0.01143645],"[ 0.19274108  0.49590373  0.54060006 -0.24136423 -0.15042114  0.0144205
  0.          0.          0.2        -0.00725892 -6.4936447 ]",1.5542228599941739,0,0
197,218,2024-09-28 17:00:36.062262016,TASK_BEGIN,23,0.4112344588623713,0.4138929142612481,-0.3231996867868763,0.1466204842427065,0.8023719773388897,-0.0255976584171686,1.2811270897738103,0.6075950934137354,3,2024-09-28 17:00:36.099679932,1727542836.0996802,2024-09-28 17:00:36.099680256,4,0,-3.9946039465716012,-103.16557575806226,[1. 0. 0. 0.],[1.53105908e-02 7.63466653e-01 2.21170096e-01 5.26610326e-05],"[ 0.3440973   0.11744988  0.66515124 -1.1235102  -0.35525075 -0.30692694
  0.          0.          0.2         0.1440973  -3.4660141 ]",1.5660352953107433,0,0
198,219,2024-09-28 17:00:36.129419264,TASK_BEGIN,23,0.4145153255891524,0.4204971294862333,-0.3408548984166422,0.1189080514845242,0.8299690489835341,-0.0168181492057177,1.419330098529434,0.5169167714276475,3,2024-09-28 17:00:36.099679932,1727542836.0996802,2024-09-28 17:00:36.099680256,4,0,-3.9946039465716012,-103.16557575806226,[1. 0. 0. 0.],[1.53105908e-02 7.63466653e-01 2.21170096e-01 5.26610326e-05],"[ 0.3440973   0.11744988  0.66515124 -1.1235102  -0.35525075 -0.30692694
  0.          0.          0.2         0.1440973  -3.4660141 ]",1.5660352953107433,0,0
199,220,2024-09-28 17:00:36.197748736,TASK_BEGIN,23,0.4181602883412263,0.4276297435864903,-0.3685394595158781,0.0882571865246945,0.8621563868032934,-0.010463443725772,1.5175428928328445,0.4369160161409168,3,2024-09-28 17:00:36.099679932,1727542836.0996802,2024-09-28 17:00:36.099680256,4,0,-3.9946039465716012,-103.16557575806226,[1. 0. 0. 0.],[1.53105908e-02 7.63466653e-01 2.21170096e-01 5.26610326e-05],"[ 0.3440973   0.11744988  0.66515124 -1.1235102  -0.35525075 -0.30692694
  0.          0.          0.2         0.1440973  -3.4660141 ]",1.5660352953107433,0,0
200,221,2024-09-28 17:00:36.256978944,TASK_BEGIN,23,0.4220972709410759,0.4347809967729774,-0.4049626756369454,0.0563001418929712,0.8974556691556771,-0.0063477656209656,1.5732586103867263,0.3697404759457093,3,2024-09-28 17:00:36.099679932,1727542836.0996802,2024-09-28 17:00:36.099680256,4,0,-3.9946039465716012,-103.16557575806226,[1. 0. 0. 0.],[1.53105908e-02 7.63466653e-01 2.21170096e-01 5.26610326e-05],"[ 0.3440973   0.11744988  0.66515124 -1.1235102  -0.35525075 -0.30692694
  0.          0.          0.2         0.1440973  -3.4660141 ]",1.5660352953107433,0,0
201,222,2024-09-28 17:00:36.326226176,TASK_BEGIN,23,0.4262740056220748,0.441365542444696,-0.4490669779215874,0.0248604985082996,0.93451481493246,-0.0042706726603638,1.5852812225896709,0.3170178683581649,3,2024-09-28 17:00:36.099679932,1727542836.0996802,2024-09-28 17:00:36.099680256,4,0,-3.9946039465716012,-103.16557575806226,[1. 0. 0. 0.],[1.53105908e-02 7.63466653e-01 2.21170096e-01 5.26610326e-05],"[ 0.3440973   0.11744988  0.66515124 -1.1235102  -0.35525075 -0.30692694
  0.          0.          0.2         0.1440973  -3.4660141 ]",1.5660352953107433,0,0
202,223,2024-09-28 17:00:36.397235968,TASK_BEGIN,23,0.4306170260237955,0.4467746668099345,-0.4999196020380018,-0.0042234132660719,0.972194394875946,-0.0040243474746621,1.5538519023584922,0.279888920933093,3,2024-09-28 17:00:36.099679932,1727542836.0996802,2024-09-28 17:00:36.099680256,4,0,-3.9946039465716012,-103.16557575806226,[1. 0. 0. 0.],[1.53105908e-02 7.63466653e-01 2.21170096e-01 5.26610326e-05],"[ 0.3440973   0.11744988  0.66515124 -1.1235102  -0.35525075 -0.30692694
  0.          0.          0.2         0.1440973  -3.4660141 ]",1.5660352953107433,0,0
203,224,2024-09-28 17:00:36.468627968,TASK_BEGIN,23,0.4349857897861492,0.4504290407451492,-0.5564768710986713,-0.02932841913127,1.009595350582532,-0.0053952148117529,1.4807731576176697,0.2590338509106816,3,2024-09-28 17:00:36.099679932,1727542836.0996802,2024-09-28 17:00:36.099680256,4,0,-3.9946039465716012,-103.16557575806226,[1. 0. 0. 0.],[1.53105908e-02 7.63466653e-01 2.21170096e-01 5.26610326e-05],"[ 0.3440973   0.11744988  0.66515124 -1.1235102  -0.35525075 -0.30692694
  0.          0.          0.2         0.1440973  -3.4660141 ]",1.5660352953107433,0,0
204,225,2024-09-28 17:00:37.412319744,TASK_BEGIN,23,0.4391525890173319,0.4518211329471624,-0.6172953879577466,-0.0492747041124997,1.0460447627467442,-0.0081722247960101,1.3692947189746107,0.2547306228619254,3,2024-09-28 17:00:37.473180176,1727542837.473181,2024-09-28 17:00:37.473180928,4,0,1.7377017910424968,-110.78142813068841,[1. 0. 0. 0.],[5.82493314e-03 9.94009107e-01 5.71171274e-05 1.08843065e-04],"[ 0.7503705  -0.24149841  1.6741688   0.00606124 -0.18432711  0.56319624
  0.          0.          0.2         0.5503705  -0.5944277 ]",1.546457264028734,0,0
205,226,2024-09-28 17:00:37.480065280,TASK_BEGIN,23,0.4428150352779541,0.4505516595485457,-0.680305742778285,-0.0634713907779419,1.081055166656503,-0.0121663259362426,1.2237344013882472,0.2669300861705838,3,2024-09-28 17:00:37.561180176,1727542837.5611804,2024-09-28 17:00:37.561180416,4,0,1.6045340445131728,-102.59489424731156,[1. 0. 0. 0.],[4.07628496e-03 9.95056910e-01 7.92070137e-04 7.47344016e-05],"[ 0.7860921  -0.24382967  1.6739467  -0.07162338 -0.09987079  0.56296766
  0.          0.          0.2         0.5860921  -0.57577765]",1.5520282204668736,0,0
206,227,2024-09-28 17:00:37.547791104,TASK_BEGIN,23,0.4456257749374357,0.446371093770724,-0.7428245764302445,-0.0719055049002213,1.1142851929258548,-0.0172352178574507,1.0490957944572072,0.2952854561435968,3,2024-09-28 17:00:37.620223145,1727542837.6202235,2024-09-28 17:00:37.620223488,4,0,1.516693115735137,-97.49167817955623,[1. 0. 0. 0.],[3.02806306e-03 9.91687694e-01 5.23332625e-03 5.09165084e-05],"[ 0.80990887 -0.24734718  1.6738614  -0.12341839 -0.04358552  0.5628153
  0.          0.          0.2         0.6099089  -0.5476376 ]",1.5551700941023217,0,0
207,228,2024-09-28 17:00:37.615499008,TASK_BEGIN,23,0.4472263927400816,0.4392223626656119,-0.8018850150874088,-0.0749623751689025,1.1455126440673529,-0.0232983788883219,0.8508595148659441,0.3391224599497693,3,2024-09-28 17:00:37.678208984,1727542837.6782093,2024-09-28 17:00:37.678209280,4,0,-1.1070435970413257,-95.20023736438559,[1. 0. 0. 0.],[2.31582677e-03 9.59519889e-01 3.81291178e-02 3.51661142e-05],"[ 0.8337264  -0.2524352   1.6738263  -0.17521542  0.01268449  0.562663
  0.          0.          0.2         0.6337264  -0.50693333]",1.5577303553212838,0,0
208,229,2024-09-28 17:00:37.681765120,TASK_BEGIN,23,0.4472763725776624,0.4292660807664293,-0.8546954720164894,-0.073180184212988,1.1745961475000852,-0.0303303260767475,0.6348666549134863,0.3973980262403328,3,2024-09-28 17:00:37.736183838,1727542837.7361848,2024-09-28 17:00:37.736184832,4,0,-4.2808916929232055,-101.78327373332579,[1. 0. 0. 0.],[1.38815944e-03 8.13334275e-01 1.85260954e-01 1.66115413e-05],"[ 0.85754377 -0.25909388  1.6738418  -0.22701252  0.06893942  0.562511
  0.          0.          0.2         0.6575438  -0.45366398]",1.561334636574648,0,0
209,230,2024-09-28 17:00:37.742589184,TASK_BEGIN,23,0.4454692849754182,0.4168736830517744,-0.8989075310614959,-0.0671087009547743,1.201399192397833,-0.0383351941164847,0.4072235253837042,0.4686830517071417,3,2024-09-28 17:00:37.823179932,1727542837.823181,2024-09-28 17:00:37.823180800,4,0,5.598435622143228,-86.06777164776643,[1. 0. 0. 0.],[1.97975338e-02 9.29352153e-01 5.03142835e-02 5.36029622e-04],"[ 0.8918951  -0.26883423  1.6382421  -0.16191801  0.05073806 -0.8073492
  0.          1.          0.2         0.6918951  -0.37574115]",1.5687607249786844,1,2
210,231,2024-09-28 17:00:37.818721024,TASK_BEGIN,23,0.4415417162158719,0.402589673680712,-0.9326002771664342,-0.0573511464254379,1.2256925562549452,-0.047318137107113,0.1742814998272571,0.551160721223253,3,2024-09-28 17:00:37.823179932,1727542837.823181,2024-09-28 17:00:37.823180800,4,0,5.598435622143228,-86.06777164776643,[1. 0. 0. 0.],[1.97975338e-02 9.29352153e-01 5.03142835e-02 5.36029622e-04],"[ 0.8918951  -0.26883423  1.6382421  -0.16191801  0.05073806 -0.8073492
  0.          1.          0.2         0.6918951  -0.37574115]",1.5687607249786844,1,2
211,232,2024-09-28 17:00:38.762449920,TASK_BEGIN,23,0.4352884268150297,0.3870791677689854,-0.95420268687403,-0.0446855734736097,1.2470951551489653,-0.0572674081934252,-0.0573684280797918,0.6426268726328113,3,2024-09-28 17:00:37.852180908,1727542837.8521817,2024-09-28 17:00:37.852181760,4,0,-7.0937559383700375,-92.3008498696588,[1. 0. 0. 0.],[1.93119319e-02 9.77376262e-01 9.76230825e-04 2.33557528e-03],"[ 0.9028487  -0.27176124  1.637494   -0.18588762  0.00935969 -0.82767755
  0.          0.          0.2         0.70284873 -0.3523251 ]",1.5682969535885054,1,2
212,233,2024-09-28 17:00:38.830450944,TASK_BEGIN,23,0.4265829120720976,0.3710798673908063,-0.9625694510254028,-0.0301007401278158,1.2651013011499466,-0.068150510269565,-0.2810916408433962,0.7405064459244872,3,2024-09-28 17:00:38.025914062,1727542838.025915,2024-09-28 17:00:38.025914880,4,0,-5.712514110937377,-118.02334270476418,[1. 0. 0. 0.],[8.34120337e-03 9.90951592e-01 2.21855198e-04 4.85349597e-04],"[ 0.968623   -0.29737264  1.638537   -0.34296918 -0.23843795 -0.82536155
  0.          0.          0.2         0.768623   -0.1474339 ]",1.5677726242390804,1,2
213,234,2024-09-28 17:00:38.898251008,TASK_BEGIN,23,0.4153882931769019,0.3553645367839251,-0.9571594916071798,-0.0147088145776634,1.2791820154755509,-0.0799200594184959,-0.4906428656117466,0.841901843076616,3,2024-09-28 17:00:38.025914062,1727542838.025915,2024-09-28 17:00:38.025914880,4,0,-5.712514110937377,-118.02334270476418,[1. 0. 0. 0.],[8.34120337e-03 9.90951592e-01 2.21855198e-04 4.85349597e-04],"[ 0.968623   -0.29737264  1.638537   -0.34296918 -0.23843795 -0.82536155
  0.          0.          0.2         0.768623   -0.1474339 ]",1.5677726242390804,1,2
214,235,2024-09-28 17:00:38.965977088,TASK_BEGIN,23,0.4017485455834412,0.3407057842766122,-0.938131647785018,0.0003699152064399,1.2889066927507915,-0.092522087983499,-0.6806238785516893,0.9436656609974434,3,2024-09-28 17:00:38.055151855,1727542838.0551522,2024-09-28 17:00:38.055152128,4,0,-5.7481776641101305,-122.59128694182667,[1. 0. 0. 0.],[8.81038501e-03 9.90473422e-01 1.85551943e-04 5.30640936e-04],"[ 0.97959834 -0.30298424  1.6385839  -0.3691604  -0.27968597 -0.8250696
  0.          0.          0.2         0.77959836 -0.10254112]",1.5675979796110782,1,2
215,239,2024-09-28 17:00:40.086931968,TASK_BEGIN,23,0.3253774478045572,0.3056051123990619,-0.7475070142614195,0.03592010737489,1.2829604377408157,-0.149590828734403,-1.1841394129741951,1.2902859250354637,3,2024-09-28 17:00:40.166335205,1727542840.1663358,2024-09-28 17:00:40.166335744,5,0,-2.75420892427789,-31.35426843517382,[1. 0. 0. 0.],[0.31786644 0.33842644 0.25784851 0.08585861],"[  0.01882943   0.9501164    0.16430698  -0.4037506   -0.05290564
  -0.06195484   0.           0.          -0.2          0.21882942
 -11.511631  ]",1.5192683226385248,0,0
216,240,2024-09-28 17:00:40.154654976,TASK_BEGIN,23,0.3018028239465828,0.3047995612815818,-0.6795268269312619,0.033228284230139,1.271809237667333,-0.1645379507451559,-1.24586582261521,1.3479709500154218,3,2024-09-28 17:00:40.224309082,1727542840.2243092,2024-09-28 17:00:40.224309248,5,0,-2.7939171348516822,-36.27212252281371,[1. 0. 0. 0.],[0.30615581 0.33432785 0.28811409 0.07140225],"[  0.02104998   0.9363036    0.16438502  -0.45497867  -0.05909685
  -0.0619209    0.           0.          -0.2          0.22104998
 -11.401129  ]",1.5218741306486943,0,0
217,241,2024-09-28 17:00:40.222342144,TASK_BEGIN,23,0.2769016760923043,0.3074850912266921,-0.6076596409528358,0.0241784673122149,1.257948745054045,-0.1789347451204876,-1.2868400911045834,1.3898055509513625,3,2024-09-28 17:00:40.253305908,1727542840.2533066,2024-09-28 17:00:40.253306624,5,0,-2.8096353187905976,-38.71903661637617,[1. 0. 0. 0.],[0.29783241 0.32784194 0.30949829 0.06482736],"[  0.02216069   0.9287971    0.16442376  -0.48059314  -0.06219121
  -0.06190412   0.           0.          -0.2          0.22216068
 -11.341077  ]",1.523162194990493,0,0
218,242,2024-09-28 17:00:40.290092032,TASK_BEGIN,23,0.2509339986744143,0.3135655406864225,-0.5343748078912048,0.0085269710574846,1.2421090933227068,-0.1921410292713427,-1.3099721644172877,1.4142306769662367,3,2024-09-28 17:00:40.253305908,1727542840.2533066,2024-09-28 17:00:40.253306624,5,0,-2.8096353187905976,-38.71903661637617,[1. 0. 0. 0.],[0.29783241 0.32784194 0.30949829 0.06482736],"[  0.02216069   0.9287971    0.16442376  -0.48059314  -0.06219121
  -0.06190412   0.           0.          -0.2          0.22216068
 -11.341077  ]",1.523162194990493,0,0
219,243,2024-09-28 17:00:40.356775936,TASK_BEGIN,23,0.2242337456234991,0.3228079289478399,-0.4622321308709798,-0.0134325871885411,1.2250419894945346,-0.2034444988024293,-1.3175347010810834,1.420089985104529,3,2024-09-28 17:00:40.253305908,1727542840.2533066,2024-09-28 17:00:40.253306624,5,0,-2.8096353187905976,-38.71903661637617,[1. 0. 0. 0.],[0.29783241 0.32784194 0.30949829 0.06482736],"[  0.02216069   0.9287971    0.16442376  -0.48059314  -0.06219121
  -0.06190412   0.           0.          -0.2          0.22216068
 -11.341077  ]",1.523162194990493,0,0
220,244,2024-09-28 17:00:40.424931840,TASK_BEGIN,23,0.1972915999205386,0.3348300604908565,-0.3938130070698222,-0.0408438506119661,1.2074624433361554,-0.2121229085647051,-1.3111174587440872,1.4067864999986717,3,2024-09-28 17:00:40.253305908,1727542840.2533066,2024-09-28 17:00:40.253306624,5,0,-2.8096353187905976,-38.71903661637617,[1. 0. 0. 0.],[0.29783241 0.32784194 0.30949829 0.06482736],"[  0.02216069   0.9287971    0.16442376  -0.48059314  -0.06219121
  -0.06190412   0.           0.          -0.2          0.22216068
 -11.341077  ]",1.523162194990493,0,0
221,245,2024-09-28 17:00:40.493325056,TASK_BEGIN,23,0.1708155463700705,0.3490869445729004,-0.3316093092277317,-0.0723551631068046,1.1899803922522825,-0.2175147663803786,-1.2917508975005851,1.3744580615641464,3,2024-09-28 17:00:40.253305908,1727542840.2533066,2024-09-28 17:00:40.253306624,5,0,-2.8096353187905976,-38.71903661637617,[1. 0. 0. 0.],[0.29783241 0.32784194 0.30949829 0.06482736],"[  0.02216069   0.9287971    0.16442376  -0.48059314  -0.06219121
  -0.06190412   0.           0.          -0.2          0.22216068
 -11.341077  ]",1.523162194990493,0,0
222,246,2024-09-28 17:00:41.435353088,TASK_BEGIN,23,0.1457195615753532,0.3648760846262436,-0.2778616372003295,-0.1062696000878932,1.1730479788138308,-0.2190959768429754,-1.2600932914530036,1.3241179038314088,3,2024-09-28 17:00:41.022031981,1727542841.0220325,2024-09-28 17:00:41.022032384,5,2,-3.226534537291502,-26.953959112667118,[0. 0. 1. 0.],[0.15078905 0.77078741 0.05718069 0.02124284],"[  0.05239065   0.86805046   0.253538     0.04171429  -0.18688136
  -0.10685353   0.           0.          -0.2          0.25239065
 -10.8551035 ]",1.5416819327877604,0,0
223,247,2024-09-28 17:00:41.495449856,TASK_BEGIN,23,0.1230346503548099,0.3813740377866728,-0.2344055053965423,-0.1407163712609593,1.156954152401001,-0.2165582311879891,-1.2165453078068695,1.2576803533866845,3,2024-09-28 17:00:41.022031981,1727542841.0220325,2024-09-28 17:00:41.022032384,5,2,-3.226534537291502,-26.953959112667118,[0. 0. 1. 0.],[0.15078905 0.77078741 0.05718069 0.02124284],"[  0.05239065   0.86805046   0.253538     0.04171429  -0.18688136
  -0.10685353   0.           0.          -0.2          0.25239065
 -10.8551035 ]",1.5416819327877604,0,0
224,248,2024-09-28 17:00:41.560662016,TASK_BEGIN,23,0.1037882892566294,0.3976968924224025,-0.2026157846189246,-0.1737907236167253,1.1418688335178129,-0.2098799217744687,-1.161202410442105,1.1778450332313537,3,2024-09-28 17:00:41.022031981,1727542841.0220325,2024-09-28 17:00:41.022032384,5,2,-3.226534537291502,-26.953959112667118,[0. 0. 1. 0.],[0.15078905 0.77078741 0.05718069 0.02124284],"[  0.05239065   0.86805046   0.253538     0.04171429  -0.18688136
  -0.10685353   0.           0.          -0.2          0.25239065
 -10.8551035 ]",1.5416819327877604,0,0
225,249,2024-09-28 17:00:41.640254976,TASK_BEGIN,23,0.0889017196346316,0.4129675166158673,-0.1835201067089929,-0.2036511537614247,1.1279118174109184,-0.1993738496695067,-1.0937054253865528,1.0878798147545412,3,2024-09-28 17:00:41.022031981,1727542841.0220325,2024-09-28 17:00:41.022032384,5,2,-3.226534537291502,-26.953959112667118,[0. 0. 1. 0.],[0.15078905 0.77078741 0.05718069 0.02124284],"[  0.05239065   0.86805046   0.253538     0.04171429  -0.18688136
  -0.10685353   0.           0.          -0.2          0.25239065
 -10.8551035 ]",1.5416819327877604,0,0
226,250,2024-09-28 17:00:41.707022080,TASK_BEGIN,23,0.0791162193121618,0.4263771120343593,-0.1780429004162431,-0.2285758486784958,1.11522383513047,-0.1856929905260157,-1.0131360027118108,0.9913551641083888,3,2024-09-28 17:00:41.022031981,1727542841.0220325,2024-09-28 17:00:41.022032384,5,2,-3.226534537291502,-26.953959112667118,[0. 0. 1. 0.],[0.15078905 0.77078741 0.05718069 0.02124284],"[  0.05239065   0.86805046   0.253538     0.04171429  -0.18688136
  -0.10685353   0.           0.          -0.2          0.25239065
 -10.8551035 ]",1.5416819327877604,0,0
227,251,2024-09-28 17:00:41.775746048,TASK_BEGIN,23,0.0749342974233848,0.4372354130611213,-0.1872088483956261,-0.2469819301712433,1.104022959288688,-0.169785118699602,-0.9181176958669672,0.8918880844772088,3,2024-09-28 17:00:41.842935059,1727542841.8429353,2024-09-28 17:00:41.842935296,5,3,-3.248483187563588,-63.84921641659137,[0. 0. 0. 1.],[0.24973962 0.43323991 0.28537484 0.03164563],"[ 9.3514919e-02  7.2683692e-01  2.0687196e-01 -6.6691017e-01
 -1.9683264e-01  6.0259048e-03  0.0000000e+00  0.0000000e+00
 -2.0000000e-01  2.9351491e-01 -9.7253952e+00]",1.5508693731323517,0,0
228,252,2024-09-28 17:00:41.843516160,TASK_BEGIN,23,0.0765731646879605,0.4450069417679674,-0.2121554988449619,-0.2574371340087022,1.0946326494595815,-0.1528085367671734,-0.8071638200694089,0.7929282776930207,3,2024-09-28 17:00:41.900935791,1727542841.9009364,2024-09-28 17:00:41.900936448,5,3,-3.5410041356083557,-69.32372143077056,[0. 0. 0. 1.],[0.2304293  0.48801612 0.25897191 0.02258266],"[ 0.09663519  0.70473313  0.23558901 -0.72144216 -0.20114902 -0.06163777
  0.          0.         -0.2         0.29663518 -9.548565  ]",1.554390505125917,0,0
229,253,2024-09-28 17:00:42.787094272,TASK_BEGIN,23,0.0839496385150664,0.4493312815418228,-0.2539320844255132,-0.2587255955563453,1.0874729820122009,-0.1360308591848489,-0.6791079221351666,0.6975676273478817,3,2024-09-28 17:00:42.284197021,1727542842.284197,2024-09-28 17:00:42.284197120,5,0,-3.329985051934841,-102.42649927276233,[1. 0. 0. 0.],[0.11387247 0.5056167  0.37365842 0.00685241],"[ 0.11986621  0.52116776  0.2681241  -1.0592052  -0.28987125 -0.13931838
  0.          0.         -0.2         0.3198662  -8.080042  ]",1.5582011760865941,0,0
230,254,2024-09-28 17:00:42.854832896,TASK_BEGIN,23,0.0967135381633648,0.4500264963813269,-0.313111918664536,-0.2500096576862569,1.0830164311738069,-0.1207230324531737,-0.5334879081223252,0.6083895085094404,3,2024-09-28 17:00:42.284197021,1727542842.284197,2024-09-28 17:00:42.284197120,5,0,-3.329985051934841,-102.42649927276233,[1. 0. 0. 0.],[0.11387247 0.5056167  0.37365842 0.00685241],"[ 0.11986621  0.52116776  0.2681241  -1.0592052  -0.28987125 -0.13931838
  0.          0.         -0.2         0.3198662  -8.080042  ]",1.5582011760865941,0,0
231,255,2024-09-28 17:00:42.922587904,TASK_BEGIN,23,0.1143205843190914,0.4470788405681865,-0.389286438945704,-0.231035344208519,1.0817324935931052,-0.1080543297145992,-0.3709594900632826,0.5274305121890601,3,2024-09-28 17:00:42.284197021,1727542842.284197,2024-09-28 17:00:42.284197120,5,0,-3.329985051934841,-102.42649927276233,[1. 0. 0. 0.],[0.11387247 0.5056167  0.37365842 0.00685241],"[ 0.11986621  0.52116776  0.2681241  -1.0592052  -0.28987125 -0.13931838
  0.          0.         -0.2         0.3198662  -8.080042  ]",1.5582011760865941,0,0
232,256,2024-09-28 17:00:42.988889856,TASK_BEGIN,23,0.1361155419080529,0.4406254278766112,-0.4806366964094904,-0.2022562973737368,1.0840495446491418,-0.0989987490002657,-0.1937549515469854,0.4562453336608291,3,2024-09-28 17:00:42.284197021,1727542842.284197,2024-09-28 17:00:42.284197120,5,0,-3.329985051934841,-102.42649927276233,[1. 0. 0. 0.],[0.11387247 0.5056167  0.37365842 0.00685241],"[ 0.11986621  0.52116776  0.2681241  -1.0592052  -0.28987125 -0.13931838
  0.          0.         -0.2         0.3198662  -8.080042  ]",1.5582011760865941,0,0
233,257,2024-09-28 17:00:43.057984000,TASK_BEGIN,23,0.1613968419884898,0.4309360125764423,-0.583813055641157,-0.1648052812380154,1.090327077613069,-0.0942667907301117,-0.0059959603822392,0.3959589534308266,3,2024-09-28 17:00:42.284197021,1727542842.284197,2024-09-28 17:00:42.284197120,5,0,-3.329985051934841,-102.42649927276233,[1. 0. 0. 0.],[0.11387247 0.5056167  0.37365842 0.00685241],"[ 0.11986621  0.52116776  0.2681241  -1.0592052  -0.28987125 -0.13931838
  0.          0.         -0.2         0.3198662  -8.080042  ]",1.5582011760865941,0,0
234,258,2024-09-28 17:00:43.125202944,TASK_BEGIN,23,0.1894456380741122,0.418397801866249,-0.6941922271311638,-0.120353971869187,1.1008046445401003,-0.0942704183124764,0.1862929125306635,0.3472390114208493,3,2024-09-28 17:00:42.284197021,1727542842.284197,2024-09-28 17:00:42.284197120,5,0,-3.329985051934841,-102.42649927276233,[1. 0. 0. 0.],[0.11387247 0.5056167  0.37365842 0.00685241],"[ 0.11986621  0.52116776  0.2681241  -1.0592052  -0.28987125 -0.13931838
  0.          0.         -0.2         0.3198662  -8.080042  ]",1.5582011760865941,0,0
235,259,2024-09-28 17:00:43.193419008,TASK_BEGIN,23,0.2195208608728206,0.4035046349699593,-0.8064013266412374,-0.0709403641899358,1.1155127678611607,-0.0991137157173315,0.3754843980848328,0.3102347957153495,3,2024-09-28 17:00:42.284197021,1727542842.284197,2024-09-28 17:00:42.284197120,5,0,-3.329985051934841,-102.42649927276233,[1. 0. 0. 0.],[0.11387247 0.5056167  0.37365842 0.00685241],"[ 0.11986621  0.52116776  0.2681241  -1.0592052  -0.28987125 -0.13931838
  0.          0.         -0.2         0.3198662  -8.080042  ]",1.5582011760865941,0,0
236,260,2024-09-28 17:00:44.137715200,TASK_BEGIN,23,0.2508441192430192,0.3868461972746668,-0.9149111531949354,-0.0188229422475748,1.1341813758833608,-0.1085944312491341,0.5529355654196192,0.2845643403204871,3,2024-09-28 17:00:43.318912109,1727542843.3189125,2024-09-28 17:00:43.318912512,5,2,-4.946711479933302,-20.316816307321375,[0. 0. 1. 0.],[0.21273647 0.74889523 0.00740294 0.03096536],"[ 0.19963877  0.10807753  0.5140899   0.3416394  -0.03613437  0.1669065
  0.          0.         -0.2         0.39963877 -4.7753196 ]",1.55425737779858,0,0
237,261,2024-09-28 17:00:44.204710912,TASK_BEGIN,23,0.2826039897396968,0.369088786451851,-1.014496983512568,0.0335968817866085,1.1562141904786865,-0.1222155054645182,0.7097111749527029,0.269412427007997,3,2024-09-28 17:00:43.318912109,1727542843.3189125,2024-09-28 17:00:43.318912512,5,2,-4.946711479933302,-20.316816307321375,[0. 0. 1. 0.],[0.21273647 0.74889523 0.00740294 0.03096536],"[ 0.19963877  0.10807753  0.5140899   0.3416394  -0.03613437  0.1669065
  0.          0.         -0.2         0.39963877 -4.7753196 ]",1.55425737779858,0,0
238,262,2024-09-28 17:00:44.273249024,TASK_BEGIN,23,0.3139835887071206,0.3509462774593003,-1.1005053248882686,0.0838005603870844,1.1807585234163471,-0.1392203955044369,0.8371829214386651,0.2637532138647065,3,2024-09-28 17:00:43.580918945,1727542843.5809195,2024-09-28 17:00:43.580919552,5,2,-7.3613953196438215,-23.7963890270889,[0. 0. 1. 0.],[0.1983269  0.75003274 0.02429812 0.02734225],"[ 0.2329878   0.15422058  0.5316074   0.33826396  0.03936902  0.17361909
  0.          0.         -0.2         0.4329878  -5.144464  ]",1.5484735508754546,0,0
239,263,2024-09-28 17:00:44.333478144,TASK_BEGIN,23,0.3441797268507591,0.3331520863129599,-1.1690579223924746,0.1292392918959672,1.206819812173729,-0.1586592839713962,0.9274321422981788,0.2666202506074134,3,2024-09-28 17:00:44.398767090,1727542844.3987677,2024-09-28 17:00:44.398767616,5,1,-0.6014946645492023,-39.24681316698886,[0. 1. 0. 0.],[0.03564161 0.09067167 0.85562801 0.01805871],"[ 0.3220551   0.3159088   0.37598917  0.03625292  0.45071715  0.43733302
  0.          0.         -0.2         0.5220551  -6.4379697 ]",1.5551201732579596,0,0
240,264,2024-09-28 17:00:44.408648960,TASK_BEGIN,23,0.3723843390129753,0.3164412818231053,-1.21730808207397,0.1675737535458581,1.23335655677294,-0.1794775599193511,0.973618887122344,0.2772977570589352,3,2024-09-28 17:00:44.485765869,1727542844.4857664,2024-09-28 17:00:44.485766400,5,1,-2.1701298573704353,-42.892055516400305,[0. 1. 0. 0.],[0.03695898 0.01429011 0.77131208 0.17743883],"[ 0.33005103  0.31537127  0.33883303 -0.05339109  0.52617264  0.53823483
  0.          0.         -0.2         0.53005105 -6.4336696 ]",1.5611803756207014,0,0
241,265,2024-09-28 17:00:44.476403200,TASK_BEGIN,23,0.3977490731215392,0.301536658250569,-1.243670501957602,0.1970004601767079,1.2593502522005224,-0.2006111917750643,0.970464861168252,0.2953568829357655,3,2024-09-28 17:00:44.485765869,1727542844.4857664,2024-09-28 17:00:44.485766400,5,1,-2.1701298573704353,-42.892055516400305,[0. 1. 0. 0.],[0.03695898 0.01429011 0.77131208 0.17743883],"[ 0.33005103  0.31537127  0.33883303 -0.05339109  0.52617264  0.53823483
  0.          0.         -0.2         0.53005105 -6.4336696 ]",1.5611803756207014,0,0
242,266,2024-09-28 17:00:44.544174848,TASK_BEGIN,23,0.4193856816250534,0.2891263983377345,-1.247876733372823,0.2165114084090045,1.283873686703519,-0.2210739432328854,0.9149195847705646,0.3205348576386742,3,2024-09-28 17:00:44.485765869,1727542844.4857664,2024-09-28 17:00:44.485766400,5,1,-2.1701298573704353,-42.892055516400305,[0. 1. 0. 0.],[0.03695898 0.01429011 0.77131208 0.17743883],"[ 0.33005103  0.31537127  0.33883303 -0.05339109  0.52617264  0.53823483
  0.          0.         -0.2         0.53005105 -6.4336696 ]",1.5611803756207014,0,0
243,267,2024-09-28 17:00:45.458686976,TASK_BEGIN,23,0.4364191591676001,0.2798319402398497,-1.2308384842957107,0.2259877800677582,1.3061579624806676,-0.2400247589173667,0.8070088608055777,0.3525023274773795,3,2024-09-28 17:00:44.780992920,1727542844.7809935,2024-09-28 17:00:44.780993536,5,0,-5.417119367971964,-81.11528862392045,[1. 0. 0. 0.],[5.28446947e-03 3.65907313e-05 7.45756131e-02 9.20103327e-01],"[ 0.35423294  0.28564608  0.30300972 -0.33153796  0.83734894  0.6583117
  0.          0.         -0.2         0.55423295 -6.195868  ]",1.5642304254617714,0,0
244,268,2024-09-28 17:00:45.530259968,TASK_BEGIN,23,0.44806162101671,0.2741736737424992,-1.1944403044772354,0.2261157993472408,1.3256390292735274,-0.2568096009158786,0.650640543774922,0.3906079423103548,3,2024-09-28 17:00:44.780992920,1727542844.7809935,2024-09-28 17:00:44.780993536,5,0,-5.417119367971964,-81.11528862392045,[1. 0. 0. 0.],[5.28446947e-03 3.65907313e-05 7.45756131e-02 9.20103327e-01],"[ 0.35423294  0.28564608  0.30300972 -0.33153796  0.83734894  0.6583117
  0.          0.         -0.2         0.55423295 -6.195868  ]",1.5642304254617714,0,0
245,269,2024-09-28 17:00:45.598340096,TASK_BEGIN,23,0.4536775911445841,0.2725375564336948,-1.1413964351561334,0.218191134206335,1.3419669936794278,-0.2709781203805907,0.453939554790898,0.4337184433292243,3,2024-09-28 17:00:44.780992920,1727542844.7809935,2024-09-28 17:00:44.780993536,5,0,-5.417119367971964,-81.11528862392045,[1. 0. 0. 0.],[5.28446947e-03 3.65907313e-05 7.45756131e-02 9.20103327e-01],"[ 0.35423294  0.28564608  0.30300972 -0.33153796  0.83734894  0.6583117
  0.          0.         -0.2         0.55423295 -6.195868  ]",1.5642304254617714,0,0
246,270,2024-09-28 17:00:45.666065920,TASK_BEGIN,23,0.4528375904737056,0.2751393563320099,-1.0752096743216697,0.2039224420667588,1.3549810349002185,-0.2822793536102251,0.2288367394767366,0.4802345626526738,3,2024-09-28 17:00:44.780992920,1727542844.7809935,2024-09-28 17:00:44.780993536,5,0,-5.417119367971964,-81.11528862392045,[1. 0. 0. 0.],[5.28446947e-03 3.65907313e-05 7.45756131e-02 9.20103327e-01],"[ 0.35423294  0.28564608  0.30300972 -0.33153796  0.83734894  0.6583117
  0.          0.         -0.2         0.55423295 -6.195868  ]",1.5642304254617714,0,0
247,271,2024-09-28 17:00:45.722438912,TASK_BEGIN,23,0.4453538781568025,0.2819886974975555,-1.0001574347413094,0.1853042851395268,1.3646753903951332,-0.2906414007566239,-0.0099685028646509,0.5282605000251274,3,2024-09-28 17:00:45.798504150,1727542845.798504,2024-09-28 17:00:45.798504192,5,2,-12.465536767682057,-188.9613889898964,[0. 0. 1. 0.],[8.99723649e-05 3.17798536e-08 1.41595795e-08 9.99909982e-01],"[ 0.07366594  0.26065958 -1.6428732  -0.2089995   1.4923561  -0.16788745
  0.          0.         -0.2         0.27366593 -5.995976  ]",1.5382432020965129,0,0
248,272,2024-09-28 17:00:45.801730048,TASK_BEGIN,23,0.4312813172469488,0.2928671678179709,-0.9211786186606956,0.1645372273638689,1.371190559294636,-0.2961423160803983,-0.2463721287919616,0.5758397871363368,3,2024-09-28 17:00:45.827503905,1727542845.8275042,2024-09-28 17:00:45.827504128,5,2,-10.973670610519253,-198.0454457105167,[0. 0. 1. 0.],[5.18868096e-05 1.43311884e-08 5.75614374e-09 9.99948093e-01],"[ 0.06138722  0.25709307 -1.7671762  -0.22033492  1.4841813  -0.16349563
  0.          0.         -0.2         0.26138723 -5.967444  ]",1.5382912991904658,0,0
249,273,2024-09-28 17:00:45.869271040,TASK_BEGIN,23,0.4108908898195396,0.3073345354233646,-0.8435482966203186,0.1439144011324341,1.3748483204573498,-0.2989812974639533,-0.4643651525910407,0.621203441492278,3,2024-09-28 17:00:45.827503905,1727542845.8275042,2024-09-28 17:00:45.827504128,5,2,-10.973670610519253,-198.0454457105167,[0. 0. 1. 0.],[5.18868096e-05 1.43311884e-08 5.75614374e-09 9.99948093e-01],"[ 0.06138722  0.25709307 -1.7671762  -0.22033492  1.4841813  -0.16349563
  0.          0.         -0.2         0.26138723 -5.967444  ]",1.5382912991904658,0,0
250,274,2024-09-28 17:00:46.812905984,TASK_BEGIN,23,0.3846509391552287,0.32476343272066,-0.7723067701576646,0.1256236222040005,1.376197930597802,-0.2994502878873588,-0.6495079721796767,0.6630082221924165,3,2024-09-28 17:00:46.096636963,1727542846.0966372,2024-09-28 17:00:46.096637184,5,2,-14.582575285790075,-281.7438430988815,[0. 0. 1. 0.],[4.44447256e-06 1.79242092e-09 1.69973082e-10 9.99995554e-01],"[-0.0938243   0.21225917 -2.9617856  -0.38947383  1.4072689  -0.18200412
  0.          0.         -0.2         0.10617569 -5.6087728 ]",1.5384473508098808,0,0
251,275,2024-09-28 17:00:46.880708096,TASK_BEGIN,23,0.3532329772351981,0.3443952292814438,-0.7115623230548118,0.1115068938534823,1.376000456075533,-0.297896210113778,-0.7901497644220897,0.7005051773515505,3,2024-09-28 17:00:46.096636963,1727542846.0966372,2024-09-28 17:00:46.096637184,5,2,-14.582575285790075,-281.7438430988815,[0. 0. 1. 0.],[4.44447256e-06 1.79242092e-09 1.69973082e-10 9.99995554e-01],"[-0.0938243   0.21225917 -2.9617856  -0.38947383  1.4072689  -0.18200412
  0.          0.         -0.2         0.10617569 -5.6087728 ]",1.5384473508098808,0,0
252,276,2024-09-28 17:00:46.941458944,TASK_BEGIN,23,0.3175231067399693,0.3654119883039866,-0.6639278831630093,0.1028748008265725,1.375116028415622,-0.2946711260061799,-0.8782676996373857,0.7335584661226373,3,2024-09-28 17:00:46.096636963,1727542846.0966372,2024-09-28 17:00:46.096637184,5,2,-14.582575285790075,-281.7438430988815,[0. 0. 1. 0.],[4.44447256e-06 1.79242092e-09 1.69973082e-10 9.99995554e-01],"[-0.0938243   0.21225917 -2.9617856  -0.38947383  1.4072689  -0.18200412
  0.          0.         -0.2         0.10617569 -5.6087728 ]",1.5384473508098808,0,0
253,277,2024-09-28 17:00:47.002636032,TASK_BEGIN,23,0.2786107770180704,0.3870162139427692,-0.63032221945261,0.1004222860876656,1.3743332112123212,-0.2900821965017524,-0.909949466270962,0.7624875302006152,3,2024-09-28 17:00:46.096636963,1727542846.0966372,2024-09-28 17:00:46.096637184,5,2,-14.582575285790075,-281.7438430988815,[0. 0. 1. 0.],[4.44447256e-06 1.79242092e-09 1.69973082e-10 9.99995554e-01],"[-0.0938243   0.21225917 -2.9617856  -0.38947383  1.4072689  -0.18200412
  0.          0.         -0.2         0.10617569 -5.6087728 ]",1.5384473508098808,0,0
254,278,2024-09-28 17:00:47.081188096,TASK_BEGIN,23,0.2377388756378871,0.4085008829148606,-0.6101253205657662,0.1041915073331756,1.374210050566667,-0.2843583238390656,-0.885534562628838,0.78779328731642,3,2024-09-28 17:00:47.161247070,1727542847.161248,2024-09-28 17:00:47.161248000,5,3,-9.34745508093915,-121.48681031525393,[0. 0. 0. 1.],[3.38424938e-08 5.76908524e-10 9.99999965e-01 1.44581470e-10],"[-0.8157215  -0.20517778 -2.634938   -1.1059765  -0.20515747 -1.5063865
  0.          0.         -0.2        -0.61572146 -2.269277  ]",1.5279248686827054,0,0
255,279,2024-09-28 17:00:47.142270976,TASK_BEGIN,23,0.196216546526501,0.4292930182136384,-0.6014754095520196,0.1135222169921344,1.374977932070948,-0.2776426181661748,-0.8094225531110232,0.8099093014041592,3,2024-09-28 17:00:47.219247070,1727542847.2192473,2024-09-28 17:00:47.219247360,5,3,-9.816525086557599,-138.04642055789154,[0. 0. 0. 1.],[4.06912320e-09 1.12763319e-10 9.99999996e-01 3.67534862e-12],"[-0.8535407  -0.24049824 -2.6078742  -1.1652553  -0.36085534 -1.5709064
  0.          0.         -0.2        -0.65354073 -1.9867135 ]",1.554007419892514,0,0
256,280,2024-09-28 17:00:47.219454208,TASK_BEGIN,23,0.155310344920032,0.4489685856715592,-0.601571017465434,0.1270342961039207,1.3765185468352803,-0.2700038886485257,-0.6896065430269546,0.829117911754278,3,2024-09-28 17:00:47.277246094,1727542847.2772467,2024-09-28 17:00:47.277246720,5,3,-10.201808617801712,-155.1874104654451,[0. 0. 0. 1.],[4.24474770e-10 2.01597037e-11 1.00000000e+00 1.93315101e-13],"[-0.8909567  -0.2773825  -2.5794349  -1.2290134  -0.52375543 -1.6466539
  0.          0.         -0.2        -0.69095665 -1.6916395 ]",1.5576065649904476,0,0
257,281,2024-09-28 17:00:48.162928896,TASK_BEGIN,23,0.1161318662013577,0.4672498874783845,-0.6069987486479672,0.1427244287315223,1.378386194516643,-0.2614502068570656,-0.5369605039448092,0.8456436970032775,3,2024-09-28 17:00:47.336244141,1727542847.336244,2024-09-28 17:00:47.336244224,5,3,-11.084283154353622,-173.6226083192137,[0. 0. 0. 1.],[3.99130579e-11 5.21090648e-12 1.00000000e+00 8.62682031e-15],"[-0.92798716 -0.31586093 -2.5600061  -1.2934937  -0.69323516 -1.7083384
  0.          0.         -0.2        -0.7279872  -1.3838121 ]",1.5650860288362498,1,1
258,282,2024-09-28 17:00:48.219643136,TASK_BEGIN,23,0.0795405784211627,0.4839954782671581,-0.6140826434300944,0.1581812124946454,1.3798420704634644,-0.2519340717284374,-0.3643049007703821,0.8598089522294496,3,2024-09-28 17:00:47.336244141,1727542847.336244,2024-09-28 17:00:47.336244224,5,3,-11.084283154353622,-173.6226083192137,[0. 0. 0. 1.],[3.99130579e-11 5.21090648e-12 1.00000000e+00 8.62682031e-15],"[-0.92798716 -0.31586093 -2.5600061  -1.2934937  -0.69323516 -1.7083384
  0.          0.         -0.2        -0.7279872  -1.3838121 ]",1.5650860288362498,1,1
259,283,2024-09-28 17:00:48.298465024,TASK_BEGIN,23,0.0460971391523596,0.4991815929828802,-0.6192014881902193,0.1708739235656974,1.3798984245254482,-0.2413544144547923,-0.1854071781426076,0.8721424828406086,3,2024-09-28 17:00:47.394248047,1727542847.3942485,2024-09-28 17:00:47.394248448,5,3,-5.029701248764198,-176.45831928691877,[0. 0. 0. 1.],[3.67094484e-08 6.18533020e-10 9.99999963e-01 1.10534009e-11],"[-0.9633348  -0.3493703  -1.8955438  -0.11425454 -0.79117876  3.6742616
  1.          0.         -0.2        -0.76333475 -1.1157371 ]",1.3768125301821015,1,1
260,288,2024-09-28 17:00:49.512980992,TASK_BEGIN,23,-0.0654876795372558,0.55433406110833,-0.5378507083089398,0.1338225141879143,1.3216244958515089,-0.1686016053912362,0.3611121466242361,0.936949237023097,3,2024-09-28 17:00:49.563613770,1727542849.563615,2024-09-28 17:00:49.563614976,6,2,9.525898310950065,5.648384357082811,[0. 0. 1. 0.],[0.43706372 0.17337575 0.09244097 0.29711956],"[-1.7527739e-03  9.2948163e-01  5.7939498e-04 -9.1530373e-03
  6.7466036e-03  1.3071157e-02  0.0000000e+00  0.0000000e+00
  0.0000000e+00 -1.7527739e-03 -1.1996515e+01]",1.5106880947252237,0,0
261,289,2024-09-28 17:00:49.580624128,TASK_BEGIN,23,-0.0751949549805235,0.561490586320083,-0.5029599012556071,0.1049109272022888,1.2939082251927736,-0.1502863444469862,0.3422888594479772,0.9560513250513788,3,2024-09-28 17:00:49.563613770,1727542849.563615,2024-09-28 17:00:49.563614976,6,2,9.525898310950065,5.648384357082811,[0. 0. 1. 0.],[0.43706372 0.17337575 0.09244097 0.29711956],"[-1.7527739e-03  9.2948163e-01  5.7939498e-04 -9.1530373e-03
  6.7466036e-03  1.3071157e-02  0.0000000e+00  0.0000000e+00
  0.0000000e+00 -1.7527739e-03 -1.1996515e+01]",1.5106880947252237,0,0
262,290,2024-09-28 17:00:49.648494848,TASK_BEGIN,23,-0.0804305372710145,0.5672943192168182,-0.4689190915248794,0.0714148708910653,1.261331566692047,-0.1313384816617419,0.2774062694961336,0.9777180413506532,3,2024-09-28 17:00:49.563613770,1727542849.563615,2024-09-28 17:00:49.563614976,6,2,9.525898310950065,5.648384357082811,[0. 0. 1. 0.],[0.43706372 0.17337575 0.09244097 0.29711956],"[-1.7527739e-03  9.2948163e-01  5.7939498e-04 -9.1530373e-03
  6.7466036e-03  1.3071157e-02  0.0000000e+00  0.0000000e+00
  0.0000000e+00 -1.7527739e-03 -1.1996515e+01]",1.5106880947252237,0,0
263,291,2024-09-28 17:00:49.716237056,TASK_BEGIN,23,-0.0814571974522893,0.5717318452976181,-0.4398954222486568,0.0348222960980803,1.2250860301236672,-0.1122717331952359,0.1725179223686642,1.0014716131975931,3,2024-09-28 17:00:49.563613770,1727542849.563615,2024-09-28 17:00:49.563614976,6,2,9.525898310950065,5.648384357082811,[0. 0. 1. 0.],[0.43706372 0.17337575 0.09244097 0.29711956],"[-1.7527739e-03  9.2948163e-01  5.7939498e-04 -9.1530373e-03
  6.7466036e-03  1.3071157e-02  0.0000000e+00  0.0000000e+00
  0.0000000e+00 -1.7527739e-03 -1.1996515e+01]",1.5106880947252237,0,0
264,292,2024-09-28 17:00:49.783948032,TASK_BEGIN,23,-0.0787963362153006,0.5748531855672154,-0.4197718473636315,-0.0035908141334225,1.1868464732192492,-0.0937115586709114,0.03654419415666,1.0265803705495828,3,2024-09-28 17:00:49.563613770,1727542849.563615,2024-09-28 17:00:49.563614976,6,2,9.525898310950065,5.648384357082811,[0. 0. 1. 0.],[0.43706372 0.17337575 0.09244097 0.29711956],"[-1.7527739e-03  9.2948163e-01  5.7939498e-04 -9.1530373e-03
  6.7466036e-03  1.3071157e-02  0.0000000e+00  0.0000000e+00
  0.0000000e+00 -1.7527739e-03 -1.1996515e+01]",1.5106880947252237,0,0
265,293,2024-09-28 17:00:49.845609984,TASK_BEGIN,23,-0.0731520984000888,0.5767789411653242,-0.4120336280752765,-0.0427064750120371,1.1487076988905094,-0.0763825968100533,-0.1195876076347531,1.052159840245687,3,2024-09-28 17:00:49.923557129,1727542849.923557,2024-09-28 17:00:49.923557120,6,2,6.176856820401238,1.6283423271104525,[0. 0. 1. 0.],[0.41362157 0.20032052 0.09530067 0.29075724],"[-7.3273975e-04  9.0566766e-01  3.8727038e-02 -3.4330245e-03
  1.7193256e-02  3.0153682e-02  0.0000000e+00  0.0000000e+00
  0.0000000e+00 -7.3273975e-04 -1.1806004e+01]",1.5153603625813046,0,0
266,294,2024-09-28 17:00:49.907202816,TASK_BEGIN,23,-0.0652685994444797,0.5776739387242124,-0.419772004303823,-0.0814284408732132,1.1130399041544086,-0.0610774168868778,-0.2839591131640389,1.077305182850561,3,2024-09-28 17:00:49.923557129,1727542849.923557,2024-09-28 17:00:49.923557120,6,2,6.176856820401238,1.6283423271104525,[0. 0. 1. 0.],[0.41362157 0.20032052 0.09530067 0.29075724],"[-7.3273975e-04  9.0566766e-01  3.8727038e-02 -3.4330245e-03
  1.7193256e-02  3.0153682e-02  0.0000000e+00  0.0000000e+00
  0.0000000e+00 -7.3273975e-04 -1.1806004e+01]",1.5153603625813046,0,0
267,295,2024-09-28 17:00:50.825462272,TASK_BEGIN,23,-0.0557835182257656,0.5776953753854124,-0.4455407413929055,-0.1186135567169741,1.0822542485283335,-0.0486013200870297,-0.4447039502442186,1.1012023544602991,3,2024-09-28 17:00:49.923557129,1727542849.923557,2024-09-28 17:00:49.923557120,6,2,6.176856820401238,1.6283423271104525,[0. 0. 1. 0.],[0.41362157 0.20032052 0.09530067 0.29075724],"[-7.3273975e-04  9.0566766e-01  3.8727038e-02 -3.4330245e-03
  1.7193256e-02  3.0153682e-02  0.0000000e+00  0.0000000e+00
  0.0000000e+00 -7.3273975e-04 -1.1806004e+01]",1.5153603625813046,0,0
268,296,2024-09-28 17:00:50.903569152,TASK_BEGIN,23,-0.0451375928992985,0.576938675026216,-0.4909731735990618,-0.1531198541886952,1.058521340874646,-0.0396997899188758,-0.5909800311606829,1.1231685142336891,3,2024-09-28 17:00:50.453154053,1727542850.4531548,2024-09-28 17:00:50.453154816,6,0,-2.72989531912674,-40.94431721356095,[1. 0. 0. 0.],[0.41523262 0.13046251 0.14694729 0.30735759],"[ 4.3828487e-03  8.3631241e-01  3.8727701e-02 -4.6424851e-01
  4.4331562e-02  3.0153509e-02  0.0000000e+00  0.0000000e+00
  0.0000000e+00  4.3828487e-03 -1.1251162e+01]",1.4973518630975464,0,0
269,297,2024-09-28 17:00:50.965114112,TASK_BEGIN,23,-0.0335464605687392,0.5754028132186592,-0.5563123835816347,-0.1839376118806219,1.0435154526753567,-0.0349844308368383,-0.7139212765442361,1.142640971412075,3,2024-09-28 17:00:50.453154053,1727542850.4531548,2024-09-28 17:00:50.453154816,6,0,-2.72989531912674,-40.94431721356095,[1. 0. 0. 0.],[0.41523262 0.13046251 0.14694729 0.30735759],"[ 4.3828487e-03  8.3631241e-01  3.8727701e-02 -4.6424851e-01
  4.4331562e-02  3.0153509e-02  0.0000000e+00  0.0000000e+00
  0.0000000e+00  4.3828487e-03 -1.1251162e+01]",1.4973518630975464,0,0
270,298,2024-09-28 17:00:51.041239040,TASK_BEGIN,23,-0.0210103306811382,0.5729839970260505,-0.6400724685764502,-0.210364355246026,1.0382372912577942,-0.0348725092116282,-0.8075120922466078,1.1591614114531263,3,2024-09-28 17:00:50.453154053,1727542850.4531548,2024-09-28 17:00:50.453154816,6,0,-2.72989531912674,-40.94431721356095,[1. 0. 0. 0.],[0.41523262 0.13046251 0.14694729 0.30735759],"[ 4.3828487e-03  8.3631241e-01  3.8727701e-02 -4.6424851e-01
  4.4331562e-02  3.0153509e-02  0.0000000e+00  0.0000000e+00
  0.0000000e+00  4.3828487e-03 -1.1251162e+01]",1.4973518630975464,0,0
271,299,2024-09-28 17:00:51.108958976,TASK_BEGIN,23,-0.0073487158075793,0.5694953012850363,-0.7389724958946481,-0.2321773296719548,1.0429319522808802,-0.0395489555426842,-0.8690605572161676,1.1723635607481029,3,2024-09-28 17:00:51.182738037,1727542851.1827388,2024-09-28 17:00:51.182738688,6,0,-2.7376506970254724,-92.62800762350739,[1. 0. 0. 0.],[0.15451275 0.02215395 0.47679776 0.34653553],"[ 0.01148732  0.5249971   0.03872969 -1.1042695   0.08202355  0.03015338
  0.          0.          0.          0.01148732 -8.760639  ]",1.4987637447741209,0,0
272,300,2024-09-28 17:00:51.176682752,TASK_BEGIN,23,0.0077437703025231,0.5647032820154693,-0.8481976079818727,-0.2497341132807686,1.0571097517568158,-0.0489599078877989,-0.8989804983045879,1.1819367005386598,3,2024-09-28 17:00:51.240741943,1727542851.2407424,2024-09-28 17:00:51.240742400,6,0,-2.737790915209189,-96.23285396068627,[1. 0. 0. 0.],[0.12499549 0.015976   0.54142514 0.31760336],"[ 0.01205564  0.4892925   0.03872991 -1.1554711   0.08503889  0.03015329
  0.          0.          0.          0.01205564 -8.475002  ]",1.5017191038096063,0,0
273,301,2024-09-28 17:00:51.244397056,TASK_BEGIN,23,0.0246327887358541,0.5583692237639933,-0.9619206496118644,-0.2639569126900915,1.0796783560263634,-0.0628454686420382,-0.8999550747218007,1.1875553018048397,3,2024-09-28 17:00:51.298782227,1727542851.2987823,2024-09-28 17:00:51.298782464,6,0,-2.737919540799709,-99.76621676872088,[1. 0. 0. 0.],[0.08989387 0.01072254 0.63440371 0.26497988],"[ 0.01262395  0.45198798  0.03873013 -1.2066728   0.08805421  0.03015315
  0.          0.          0.          0.01262395 -8.176566  ]",1.505199241929169,0,0
274,302,2024-09-28 17:00:52.172516096,TASK_BEGIN,23,0.0436816956156737,0.5502865305383965,-1.0738910076063095,-0.2762212637585453,1.10915820042787,-0.0808012061510068,-0.8758567589749737,1.188814470148435,3,2024-09-28 17:00:51.938738037,1727542851.9387386,2024-09-28 17:00:51.938738688,6,0,-2.738653358321642,-134.29668170689777,[1. 0. 0. 0.],[8.81866259e-04 1.60245368e-05 9.98665754e-01 4.36355661e-04],"[ 0.01887504 -0.0639565   0.03873306 -1.769891    0.1212227   0.03015325
  0.          0.          0.          0.01887504 -4.0490103 ]",1.5653289526991578,0,0
275,303,2024-09-28 17:00:52.249233920,TASK_BEGIN,23,0.0651871113747622,0.540314560972399,-1.17793015447468,-0.2882006840653076,1.1439024658908417,-0.1023398216844561,-0.8308295267643435,1.1852257917916216,3,2024-09-28 17:00:51.938738037,1727542851.9387386,2024-09-28 17:00:51.938738688,6,0,-2.738653358321642,-134.29668170689777,[1. 0. 0. 0.],[8.81866259e-04 1.60245368e-05 9.98665754e-01 4.36355661e-04],"[ 0.01887504 -0.0639565   0.03873306 -1.769891    0.1212227   0.03015325
  0.          0.          0.          0.01887504 -4.0490103 ]",1.5653289526991578,0,0
276,304,2024-09-28 17:00:52.310980864,TASK_BEGIN,23,0.0893074828324528,0.5284099087460543,-1.268351300182494,-0.3016868438497939,1.1822527764969846,-0.12693187310788,-0.7688100264818517,1.1763064667073544,3,2024-09-28 17:00:51.938738037,1727542851.9387386,2024-09-28 17:00:51.938738688,6,0,-2.738653358321642,-134.29668170689777,[1. 0. 0. 0.],[8.81866259e-04 1.60245368e-05 9.98665754e-01 4.36355661e-04],"[ 0.01887504 -0.0639565   0.03873306 -1.769891    0.1212227   0.03015325
  0.          0.          0.          0.01887504 -4.0490103 ]",1.5653289526991578,0,0
277,305,2024-09-28 17:00:52.388178176,TASK_BEGIN,23,0.1159998059504278,0.5146490083653188,-1.3403695170778995,-0.3183742825452028,1.2226296023792045,-0.1540262306107899,-0.6935514134550202,1.161769848999377,3,2024-09-28 17:00:51.938738037,1727542851.9387386,2024-09-28 17:00:51.938738688,6,0,-2.738653358321642,-134.29668170689777,[1. 0. 0. 0.],[8.81866259e-04 1.60245368e-05 9.98665754e-01 4.36355661e-04],"[ 0.01887504 -0.0639565   0.03873306 -1.769891    0.1212227   0.03015325
  0.          0.          0.          0.01887504 -4.0490103 ]",1.5653289526991578,0,0
278,306,2024-09-28 17:00:52.458427904,TASK_BEGIN,23,0.1449934450276093,0.4992346658194224,-1.3904342235222569,-0.3396224122040196,1.2635978351827872,-0.1830603372655984,-0.6088960065094896,1.1417721809572097,3,2024-09-28 17:00:51.938738037,1727542851.9387386,2024-09-28 17:00:51.938738688,6,0,-2.738653358321642,-134.29668170689777,[1. 0. 0. 0.],[8.81866259e-04 1.60245368e-05 9.98665754e-01 4.36355661e-04],"[ 0.01887504 -0.0639565   0.03873306 -1.769891    0.1212227   0.03015325
  0.          0.          0.          0.01887504 -4.0490103 ]",1.5653289526991578,0,0
279,307,2024-09-28 17:00:52.526173952,TASK_BEGIN,23,0.1758151274619777,0.4824843693249034,-1.4163823179103416,-0.3662421394281277,1.3039284783311242,-0.2134645884665401,-0.5188922248605227,1.117103678381692,3,2024-09-28 17:00:51.938738037,1727542851.9387386,2024-09-28 17:00:51.938738688,6,0,-2.738653358321642,-134.29668170689777,[1. 0. 0. 0.],[8.81866259e-04 1.60245368e-05 9.98665754e-01 4.36355661e-04],"[ 0.01887504 -0.0639565   0.03873306 -1.769891    0.1212227   0.03015325
  0.          0.          0.          0.01887504 -4.0490103 ]",1.5653289526991578,0,0
280,308,2024-09-28 17:00:52.593868800,TASK_BEGIN,23,0.2078475630438336,0.4648051436180036,-1.4174489591841983,-0.3983527734184792,1.3426454204966725,-0.2446591796331297,-0.4276181356280197,1.0892153468329815,3,2024-09-28 17:00:51.938738037,1727542851.9387386,2024-09-28 17:00:51.938738688,6,0,-2.738653358321642,-134.29668170689777,[1. 0. 0. 0.],[8.81866259e-04 1.60245368e-05 9.98665754e-01 4.36355661e-04],"[ 0.01887504 -0.0639565   0.03873306 -1.769891    0.1212227   0.03015325
  0.          0.          0.          0.01887504 -4.0490103 ]",1.5653289526991578,0,0
281,309,2024-09-28 17:00:53.533304064,TASK_BEGIN,23,0.2403884749442754,0.4466667845182558,-1.3942612969456751,-0.4353342009567618,1.3790429868980127,-0.276046771591623,-0.3389004814484783,1.060051495929495,3,2024-09-28 17:00:52.888890869,1727542852.8888915,2024-09-28 17:00:52.888891392,6,2,2.2227770112669534,-13.06604284781475,[0. 0. 1. 0.],[0.21394066 0.02562536 0.27391416 0.48651982],"[-0.03217793 -0.419425   -0.48402065 -0.18879291  0.1980061   0.04137721
  0.          0.          0.         -0.03217793 -1.205262  ]",1.5585152402706002,0,0
282,310,2024-09-28 17:00:53.605011968,TASK_BEGIN,23,0.2726941829729115,0.4285826988846927,-1.3488820850079648,-0.4758852844401151,1.41267365213751,-0.3070143608199779,-0.2561177457532966,1.0317442176501042,3,2024-09-28 17:00:52.888890869,1727542852.8888915,2024-09-28 17:00:52.888891392,6,2,2.2227770112669534,-13.06604284781475,[0. 0. 1. 0.],[0.21394066 0.02562536 0.27391416 0.48651982],"[-0.03217793 -0.419425   -0.48402065 -0.18879291  0.1980061   0.04137721
  0.          0.          0.         -0.03217793 -1.205262  ]",1.5585152402706002,0,0
283,311,2024-09-28 17:00:53.663607040,TASK_BEGIN,23,0.3040152539534523,0.4110954774834536,-1.2848547909394177,-0.5181821149576767,1.4433089580009146,-0.336956017211356,-0.1820985180192108,1.0062791454305913,3,2024-09-28 17:00:52.888890869,1727542852.8888915,2024-09-28 17:00:52.888891392,6,2,2.2227770112669534,-13.06604284781475,[0. 0. 1. 0.],[0.21394066 0.02562536 0.27391416 0.48651982],"[-0.03217793 -0.419425   -0.48402065 -0.18879291  0.1980061   0.04137721
  0.          0.          0.         -0.03217793 -1.205262  ]",1.5585152402706002,0,0
284,312,2024-09-28 17:00:53.740510976,TASK_BEGIN,23,0.3336287180653401,0.3947618205708872,-1.2071264933702417,-0.5600972812907609,1.470866134312467,-0.3653126888158088,-0.1190257022373853,0.9852456336602664,3,2024-09-28 17:00:52.888890869,1727542852.8888915,2024-09-28 17:00:52.888891392,6,2,2.2227770112669534,-13.06604284781475,[0. 0. 1. 0.],[0.21394066 0.02562536 0.27391416 0.48651982],"[-0.03217793 -0.419425   -0.48402065 -0.18879291  0.1980061   0.04137721
  0.          0.          0.         -0.03217793 -1.205262  ]",1.5585152402706002,0,0
285,313,2024-09-28 17:00:53.807491840,TASK_BEGIN,23,0.3608564524228557,0.3801396277696203,-1.1217238562417668,-0.5994327378813987,1.4952940687699277,-0.3916122433110463,-0.0683192867224732,0.9697357759409196,3,2024-09-28 17:00:53.181875977,1727542853.1818762,2024-09-28 17:00:53.181876224,6,0,-2.2455261428534214,-30.23108671974662,[1. 0. 0. 0.],[0.32057796 0.04164202 0.43141113 0.20636889],"[-0.06558514 -0.47086024 -0.48401597 -0.44480884  0.21869448  0.04137694
  0.          0.          0.         -0.06558514 -0.79378015]",1.5506786582910665,0,0
286,314,2024-09-28 17:00:53.875974912,TASK_BEGIN,23,0.3850683102935238,0.3677787214708253,-1.0351360104410896,-0.6341556771942886,1.5164467550754404,-0.415494457770791,-0.0306102792895854,0.9603861908399124,3,2024-09-28 17:00:53.181875977,1727542853.1818762,2024-09-28 17:00:53.181876224,6,0,-2.2455261428534214,-30.23108671974662,[1. 0. 0. 0.],[0.32057796 0.04164202 0.43141113 0.20636889],"[-0.06558514 -0.47086024 -0.48401597 -0.44480884  0.21869448  0.04137694
  0.          0.          0.         -0.06558514 -0.79378015]",1.5506786582910665,0,0
287,315,2024-09-28 17:00:53.943733760,TASK_BEGIN,23,0.4056956631141679,0.3582059374561991,-0.9535239334520524,-0.6626370836889646,1.5340065019447258,-0.4367164816645014,-0.0058944662720479,0.9575017314707928,3,2024-09-28 17:00:53.181875977,1727542853.1818762,2024-09-28 17:00:53.181876224,6,0,-2.2455261428534214,-30.23108671974662,[1. 0. 0. 0.],[0.32057796 0.04164202 0.43141113 0.20636889],"[-0.06558514 -0.47086024 -0.48401597 -0.44480884  0.21869448  0.04137694
  0.          0.          0.         -0.06558514 -0.79378015]",1.5506786582910665,0,0
288,316,2024-09-28 17:00:54.887329024,TASK_BEGIN,23,0.4222812500846304,0.3518961276086544,-0.8820206439586681,-0.6838434349519568,1.5474940749561028,-0.4551406390082013,0.0062511556846388,0.9611768959157162,3,2024-09-28 17:00:54.085033936,1727542854.085034,2024-09-28 17:00:54.085033984,6,0,-1.7844986683169708,21.90936159385118,[1. 0. 0. 0.],[0.54264216 0.210951   0.09990806 0.14649878],"[-0.1562434  -0.5976619  -0.44737598 -0.02822789  0.01301801  0.21672408
  1.          1.          0.         -0.1562434   0.22063324]",1.5445568656820512,0,0
289,317,2024-09-28 17:00:54.955170048,TASK_BEGIN,23,0.4345545897504904,0.3492353533965276,-0.8242915851104142,-0.6974223661028367,1.556335731480321,-0.4707073248738378,0.0065944309042247,0.9713463392188868,3,2024-09-28 17:00:54.085033936,1727542854.085034,2024-09-28 17:00:54.085033984,6,0,-1.7844986683169708,21.90936159385118,[1. 0. 0. 0.],[0.54264216 0.210951   0.09990806 0.14649878],"[-0.1562434  -0.5976619  -0.44737598 -0.02822789  0.01301801  0.21672408
  1.          1.          0.         -0.1562434   0.22063324]",1.5445568656820512,0,0
290,318,2024-09-28 17:00:55.012170240,TASK_BEGIN,23,0.4424943354389692,0.3504912396416885,-0.782263526798025,-0.7036967537559438,1.559938163861335,-0.4834005920147161,-0.003633497117834,0.987747177645041,3,2024-09-28 17:00:54.114032959,1727542854.1140337,2024-09-28 17:00:54.114033664,6,0,-1.7310292005510561,19.959238777361612,[1. 0. 0. 0.],[0.53032778 0.22287372 0.10068341 0.14611509],"[-0.15926631 -0.59817004 -0.4507576  -0.03266903  0.02363112  0.21229112
  1.          1.          0.         -0.15926631  0.22469804]",1.5442692997030207,0,0
291,319,2024-09-28 17:00:55.090648832,TASK_BEGIN,23,0.4463481640956148,0.3557969337851328,-0.7558839715293828,-0.7036192163775699,1.5577639295472918,-0.4932190158457469,-0.0225764354592583,1.009842422937671,3,2024-09-28 17:00:54.201062012,1727542854.201062,2024-09-28 17:00:54.201061888,6,0,-1.7201768345230164,14.293304259177788,[1. 0. 0. 0.],[0.54502527 0.21903052 0.10775915 0.12818506],"[-0.16849089 -0.6000888  -0.46134776 -0.04339753  0.05420217  0.20316532
  1.          1.          0.         -0.16849089  0.24004814]",1.5430036650602026,0,0
292,320,2024-09-28 17:00:55.158416896,TASK_BEGIN,23,0.4466041980195249,0.365141818425501,-0.7429837065023753,-0.6986807486232466,1.5494099604495069,-0.5001584912027791,-0.047767009648125,1.0367866780932908,3,2024-09-28 17:00:55.224024902,1727542855.224025,2024-09-28 17:00:55.224025088,6,3,1.099743016354301,16.199720150572123,[0. 0. 0. 1.],[0.28554468 0.59003105 0.04372093 0.08070335],"[-0.22957087 -0.6073504  -0.09275    -0.01571718  0.29560855  0.03184807
  1.          1.          0.         -0.22957087  0.2981412 ]",1.4092416405358146,0,0
293,321,2024-09-28 17:00:55.226170112,TASK_BEGIN,23,0.4439240900667076,0.3783610216047342,-0.73944641631089,-0.690730136991121,1.534659222916847,-0.5042034194579724,-0.0764503567568914,1.0674629483714269,3,2024-09-28 17:00:55.282023926,1727542855.2820244,2024-09-28 17:00:55.282024448,6,3,0.41026113067796444,17.099111983638405,[0. 0. 0. 1.],[0.28560954 0.59206373 0.04285592 0.07947081],"[-0.2306505  -0.6077604  -0.07666174 -0.01301007  0.2983437   0.02633012
  1.          1.          0.         -0.2306505   0.3014216 ]",1.4163490357377735,0,0
294,322,2024-09-28 17:00:55.293921024,TASK_BEGIN,23,0.4390613761053693,0.3951243003725748,-0.7398089952677737,-0.6817118168593551,1.5134863458464525,-0.5053223564399526,-0.1061317221029947,1.1005369789409445,3,2024-09-28 17:00:55.369993896,1727542855.369994,2024-09-28 17:00:55.369993984,6,3,0.9138990099030531,19.69353506578684,[0. 0. 0. 1.],[0.27862258 0.60286509 0.04057228 0.07794005],"[-0.23172252 -0.60816807 -0.0417213  -0.00709218  0.30106008  0.01433355
  1.          1.          0.         -0.23172252  0.30468246]",1.4250840285969057,0,0
295,323,2024-09-28 17:00:56.236561920,TASK_BEGIN,23,0.4327948428621274,0.4149299097779185,-0.7382360241758423,-0.6733837882036968,1.486047231215082,-0.5034698726266039,-0.1350325314446193,1.1344732426559625,3,2024-09-28 17:00:56.294164062,1727542856.2941642,2024-09-28 17:00:56.294164224,6,3,-0.22856744501677384,15.822233333954687,[0. 0. 0. 1.],[0.26457751 0.623872   0.03444177 0.07710873],"[-0.2309494  -0.60787344  0.01969827  0.00334698  0.29910094 -0.00676693
  1.          1.          0.         -0.2309494   0.3023257 ]",1.4388822542383934,0,0
296,324,2024-09-28 17:00:56.300825088,TASK_BEGIN,23,0.4258916376015397,0.4371076865828465,-0.7296325619545722,-0.6670780189735334,1.4526920625281847,-0.498597506926101,-0.1621355712361929,1.167533162455534,3,2024-09-28 17:00:56.382163086,1727542856.3821633,2024-09-28 17:00:56.382163200,6,3,-0.3436688738373326,15.374776564542897,[0. 0. 0. 1.],[0.26532644 0.62277108 0.03440776 0.07749473],"[-0.23056436 -0.60772705  0.02048162  0.00347844  0.29812533 -0.00703545
  1.          1.          0.         -0.23056436  0.30115458]",1.4389851215816367,0,0
297,325,2024-09-28 17:00:56.372918016,TASK_BEGIN,23,0.419088542755537,0.4608349828439436,-0.7105826005084318,-0.6635372322961925,1.414003288141194,-0.4906733201816568,-0.1867983483112212,1.1978252247591097,3,2024-09-28 17:00:56.441123047,1727542856.4411232,2024-09-28 17:00:56.441123328,6,3,-0.34901322185133155,15.025760238269443,[0. 0. 0. 1.],[0.26555082 0.62244236 0.03427121 0.07773561],"[-0.23029757 -0.60762566  0.02160819  0.00366855  0.2974493  -0.00742201
  1.          1.          0.         -0.23029757  0.30034325]",1.4391787156123619,0,0
298,326,2024-09-28 17:00:56.440615936,TASK_BEGIN,23,0.4130707382606664,0.4851716194325999,-0.679904042841625,-0.6628201808605916,1.3708224101491735,-0.4797049178975516,-0.2082964702850161,1.223450476907914,3,2024-09-28 17:00:56.470125000,1727542856.470126,2024-09-28 17:00:56.470125824,6,3,-0.23856084142708966,14.63694179445966,[0. 0. 0. 1.],[0.26497174 0.62330658 0.03391198 0.0778097 ],"[-0.23013194 -0.60756266  0.02443872  0.00414834  0.2970296  -0.00839398
  1.          1.          0.         -0.23013194  0.29983947]",1.4397451093552298,0,0
299,327,2024-09-28 17:00:56.507898880,TASK_BEGIN,23,0.4084442372013463,0.5091157958811487,-0.6387920251324132,-0.6642545636164368,1.324225845399175,-0.4657595258504075,-0.2258125446641066,1.2427368354285095,3,2024-09-28 17:00:56.558125977,1727542856.5581267,2024-09-28 17:00:56.558126592,6,3,-0.31137078440525046,13.97545131641735,[0. 0. 0. 1.],[0.26519291 0.62298027 0.03357995 0.07824687],"[-0.22961862 -0.6073677   0.02814083  0.00477375  0.29572916 -0.00966459
  1.          1.          0.         -0.22961862  0.2982795 ]",1.440446071559486,0,0
300,328,2024-09-28 17:00:56.575702016,TASK_BEGIN,23,0.405713028402786,0.5316714812533924,-0.5905622716084594,-0.6664789022466059,1.2754407237291363,-0.4489805122643933,-0.2391012278858029,1.2545121045486705,3,2024-09-28 17:00:56.648158936,1727542856.6481593,2024-09-28 17:00:56.648159232,6,3,-0.1659296769114127,13.33426181990979,[0. 0. 0. 1.],[0.26502449 0.62322143 0.03302953 0.07872455],"[-0.2290171  -0.60713935  0.03215696  0.00545106  0.2942053  -0.01104253
  1.          1.          0.         -0.2290171   0.2964525 ]",1.4411785298460074,0,0
301,329,2024-09-28 17:00:56.642855936,TASK_BEGIN,23,0.4052650570746462,0.5519142175903149,-0.5399203013619035,-0.6676647044802383,1.2257297427294205,-0.4296046929386775,-0.2494692545136811,1.258330501986524,3,2024-09-28 17:00:56.708125000,1727542856.708126,2024-09-28 17:00:56.708125952,6,3,-0.2254357182130866,12.798006972312505,[0. 0. 0. 1.],[0.26504724 0.62317508 0.03266945 0.07910823],"[-0.2285455  -0.60696036  0.03627852  0.00614627  0.29301074 -0.01245678
  1.          1.          0.         -0.2285455   0.2950208 ]",1.4420831154773064,0,0
302,330,2024-09-28 17:00:57.589167360,TASK_BEGIN,23,0.4073577669555433,0.5690479564041251,-0.4917627625244971,-0.6659340649074906,1.1762904558819305,-0.407981091544826,-0.2603868827726462,1.254580884743289,3,2024-09-28 17:00:57.655996094,1727542857.6559963,2024-09-28 17:00:57.655996416,6,3,-0.09878705034229028,10.424078477611552,[0. 0. 0. 1.],[0.27577498 0.60688698 0.03085835 0.0864797 ],"[-0.22135615 -0.6042431   0.043155    0.00724504  0.27481222 -0.0147991
  1.          1.          0.         -0.22135615  0.27328274]",1.443251705642059,0,0
303,331,2024-09-28 17:00:57.656909056,TASK_BEGIN,23,0.4120893936124452,0.5824509326120006,-0.4498252488271832,-0.6598560792806657,1.128189662848037,-0.3845833729619377,-0.2773550927452398,1.2444650691611956,3,2024-09-28 17:00:57.713995850,1727542857.7139966,2024-09-28 17:00:57.713996544,6,3,-0.28870786052861264,10.263613844905578,[0. 0. 0. 1.],[0.27690088 0.6051764  0.0308106  0.08711212],"[-0.2207791  -0.60402584  0.04447072  0.00746051  0.27335238 -0.01524899
  1.          1.          0.         -0.2207791   0.2715449 ]",1.443530972400552,0,0
304,332,2024-09-28 17:00:57.724183040,TASK_BEGIN,23,0.4193526103332641,0.5917114157622436,-0.4156763593102679,-0.6488517019802096,1.0823222874037082,-0.3600044102661282,-0.3071942550793982,1.2298790654349565,3,2024-09-28 17:00:57.802030029,1727542857.80203,2024-09-28 17:00:57.802030080,6,3,-0.19261025433137946,9.601579732257301,[0. 0. 0. 1.],[0.27685932 0.60506248 0.03009488 0.08798332],"[-0.21979935 -0.60365736  0.0511247   0.00856654  0.27087417 -0.0175282
  1.          1.          0.         -0.21979935  0.2685971 ]",1.4450586948237976,0,0
305,333,2024-09-28 17:00:57.792301056,TASK_BEGIN,23,0.4287845698312253,0.5966544802486498,-0.3884043491320033,-0.6333755645954205,1.039395517060892,-0.3349295336649106,-0.3571265306814702,1.2132353709250867,3,2024-09-28 17:00:57.802030029,1727542857.80203,2024-09-28 17:00:57.802030080,6,3,-0.19261025433137946,9.601579732257301,[0. 0. 0. 1.],[0.27685932 0.60506248 0.03009488 0.08798332],"[-0.21979935 -0.60365736  0.0511247   0.00856654  0.27087417 -0.0175282
  1.          1.          0.         -0.21979935  0.2685971 ]",1.4450586948237976,0,0
306,334,2024-09-28 17:00:57.859308800,TASK_BEGIN,23,0.4397281581522955,0.5973590812030812,-0.3650400838409716,-0.6148366732742593,0.9999508468803532,-0.310095663805223,-0.4338264498431612,1.1972413003099798,3,2024-09-28 17:00:57.920026123,1727542857.9200268,2024-09-28 17:00:57.920026880,6,3,0.011044778290210786,9.482351011204175,[0. 0. 0. 1.],[0.27840246 0.60257267 0.02960109 0.08942378],"[-0.21841915 -0.60313886  0.05289121  0.00884703  0.26738337 -0.01813038
  1.          1.          0.         -0.21841915  0.26444885]",1.4453016449288563,0,0
307,335,2024-09-28 17:00:57.927720960,TASK_BEGIN,23,0.4512111029994504,0.5941608058908614,-0.3415148560870736,-0.5953273149440222,0.9644062488642208,-0.2862432731732456,-0.5423675281126745,1.1846215094619592,3,2024-09-28 17:00:57.978030029,1727542857.97803,2024-09-28 17:00:57.978030080,6,3,-0.1620245832712135,8.833852347606074,[0. 0. 0. 1.],[0.2785097  0.60224395 0.02910094 0.09014541],"[-0.21762538 -0.60284096  0.06002297  0.01003032  0.26537597 -0.020573
  1.          1.          0.         -0.21762538  0.26206562]",1.446810245389376,0,0
308,336,2024-09-28 17:00:57.995517952,TASK_BEGIN,23,0.4619573735343893,0.5876311314889286,-0.3138030951538923,-0.5772802849207628,0.9330817408128764,-0.2640635488342961,-0.6850487638940842,1.177778314508223,3,2024-09-28 17:00:57.978030029,1727542857.97803,2024-09-28 17:00:57.978030080,6,3,-0.1620245832712135,8.833852347606074,[0. 0. 0. 1.],[0.2785097  0.60224395 0.02910094 0.09014541],"[-0.21762538 -0.60284096  0.06002297  0.01003032  0.26537597 -0.020573
  1.          1.          0.         -0.21762538  0.26206562]",1.446810245389376,0,0
309,337,2024-09-28 17:00:58.939164928,TASK_BEGIN,23,0.4704516134825986,0.5785269741840945,-0.2788897487224739,-0.5631369955323082,0.9061912117206028,-0.2441434771145228,-0.8603811592667292,1.1784120954382666,3,2024-09-28 17:00:58.474993896,1727542858.4749944,2024-09-28 17:00:58.474994432,6,2,-4.058607211345335,-28.431362313540202,[0. 0. 1. 0.],[0.38462335 0.4425468  0.0153332  0.15749664],"[-0.21238089 -0.59135413 -0.05410171  0.22714992  0.24813591 -0.01968712
  0.          0.          0.         -0.21238089  0.170171  ]",1.5560686108258583,0,0
310,338,2024-09-28 17:00:59.006668032,TASK_BEGIN,23,0.4750620444556521,0.5677161203465069,-0.2353617434632312,-0.5550458473659694,0.8838038137164459,-0.226914194658074,-1.0626524167097648,1.187160505297682,3,2024-09-28 17:00:58.474993896,1727542858.4749944,2024-09-28 17:00:58.474994432,6,2,-4.058607211345335,-28.431362313540202,[0. 0. 1. 0.],[0.38462335 0.4425468  0.0153332  0.15749664],"[-0.21238089 -0.59135413 -0.05410171  0.22714992  0.24813591 -0.01968712
  0.          0.          0.         -0.21238089  0.170171  ]",1.5560686108258583,0,0
311,339,2024-09-28 17:00:59.074639872,TASK_BEGIN,23,0.474209805554902,0.5560938638371468,-0.1836363735931389,-0.5546004410261935,0.8657947946327967,-0.2126114903944855,-1.2822889395199084,1.203362310989564,3,2024-09-28 17:00:58.474993896,1727542858.4749944,2024-09-28 17:00:58.474994432,6,2,-4.058607211345335,-28.431362313540202,[0. 0. 1. 0.],[0.38462335 0.4425468  0.0153332  0.15749664],"[-0.21238089 -0.59135413 -0.05410171  0.22714992  0.24813591 -0.01968712
  0.          0.          0.         -0.21238089  0.170171  ]",1.5560686108258583,0,0
312,340,2024-09-28 17:00:59.142415104,TASK_BEGIN,23,0.4665648567157378,0.5445067919613674,-0.1258993602443834,-0.56266974741348,0.8518228392032867,-0.2012592518152968,-1.5069246931776528,1.2250486443974884,3,2024-09-28 17:00:58.474993896,1727542858.4749944,2024-09-28 17:00:58.474994432,6,2,-4.058607211345335,-28.431362313540202,[0. 0. 1. 0.],[0.38462335 0.4425468  0.0153332  0.15749664],"[-0.21238089 -0.59135413 -0.05410171  0.22714992  0.24813591 -0.01968712
  0.          0.          0.         -0.21238089  0.170171  ]",1.5560686108258583,0,0
313,341,2024-09-28 17:00:59.209958912,TASK_BEGIN,23,0.4512404328370373,0.5336929987919258,-0.0657391412638722,-0.5793840730008605,0.8413591825408722,-0.1926805657236384,-1.7229176649780038,1.24917467311322,3,2024-09-28 17:00:58.474993896,1727542858.4749944,2024-09-28 17:00:58.474994432,6,2,-4.058607211345335,-28.431362313540202,[0. 0. 1. 0.],[0.38462335 0.4425468  0.0153332  0.15749664],"[-0.21238089 -0.59135413 -0.05410171  0.22714992  0.24813591 -0.01968712
  0.          0.          0.         -0.21238089  0.170171  ]",1.5560686108258583,0,0
314,342,2024-09-28 17:00:59.277906944,TASK_BEGIN,23,0.4279505705093526,0.5242396972784634,-0.0074983055460693,-0.604266160574182,0.8337581035791454,-0.1865321765111864,-1.917037307217377,1.2720239642100313,3,2024-09-28 17:00:58.474993896,1727542858.4749944,2024-09-28 17:00:58.474994432,6,2,-4.058607211345335,-28.431362313540202,[0. 0. 1. 0.],[0.38462335 0.4425468  0.0153332  0.15749664],"[-0.21238089 -0.59135413 -0.05410171  0.22714992  0.24813591 -0.01968712
  0.          0.          0.         -0.21238089  0.170171  ]",1.5560686108258583,0,0
315,343,2024-09-28 17:00:59.345537792,TASK_BEGIN,23,0.3970967779174567,0.5165556742697414,0.0444716280362765,-0.6364122886346006,0.828343727364875,-0.1823565545590461,-2.078078901644053,1.2897076560466,3,2024-09-28 17:00:58.474993896,1727542858.4749944,2024-09-28 17:00:58.474994432,6,2,-4.058607211345335,-28.431362313540202,[0. 0. 1. 0.],[0.38462335 0.4425468  0.0153332  0.15749664],"[-0.21238089 -0.59135413 -0.05410171  0.22714992  0.24813591 -0.01968712
  0.          0.          0.         -0.21238089  0.170171  ]",1.5560686108258583,0,0
316,344,2024-09-28 17:01:00.262633984,TASK_BEGIN,23,0.3597630181129255,0.5108577338257371,0.0864580074405905,-0.6746381427037877,0.8244990978629982,-0.1796473653728173,-2.1981704407547205,1.2986791248031029,3,2024-09-28 17:00:59.969599121,1727542859.9695992,2024-09-28 17:00:59.969599232,6,2,-9.276392911547195,-27.110657640967343,[0. 0. 1. 0.],[0.43707426 0.40478002 0.01404801 0.14409771],"[-0.17642109 -0.5763366   0.05968705  0.31787464  0.15975711 -0.02981752
  0.          0.          0.         -0.17642109  0.05003091]",1.5540065823331994,0,0
317,345,2024-09-28 17:01:00.319365888,TASK_BEGIN,23,0.3176186695253011,0.5071706069601011,0.1158699113923732,-0.7175738034185135,0.8217476492224132,-0.1779184979142853,-2.2735098738652617,1.2961659882723646,3,2024-09-28 17:00:59.969599121,1727542859.9695992,2024-09-28 17:00:59.969599232,6,2,-9.276392911547195,-27.110657640967343,[0. 0. 1. 0.],[0.43707426 0.40478002 0.01404801 0.14409771],"[-0.17642109 -0.5763366   0.05968705  0.31787464  0.15975711 -0.02981752
  0.          0.          0.         -0.17642109  0.05003091]",1.5540065823331994,0,0
318,346,2024-09-28 17:01:00.397915904,TASK_BEGIN,23,0.2727441209925565,0.5053385651971137,0.1315066527132426,-0.7637255928405935,0.8198039289783213,-0.176759024731099,-2.3043377884554395,1.2804343014659956,3,2024-09-28 17:00:59.969599121,1727542859.9695992,2024-09-28 17:00:59.969599232,6,2,-9.276392911547195,-27.110657640967343,[0. 0. 1. 0.],[0.43707426 0.40478002 0.01404801 0.14409771],"[-0.17642109 -0.5763366   0.05968705  0.31787464  0.15975711 -0.02981752
  0.          0.          0.         -0.17642109  0.05003091]",1.5540065823331994,0,0
319,347,2024-09-28 17:01:00.463303936,TASK_BEGIN,23,0.2273988419894259,0.5050495023650137,0.1335265049153036,-0.8115093282559298,0.8185693412822637,-0.1758611390772162,-2.2941899715143257,1.2508516877457854,3,2024-09-28 17:01:00.504069092,1727542860.504069,2024-09-28 17:01:00.504069120,6,3,4.640055195205887,-13.322707856499461,[0. 0. 0. 1.],[0.45535469 0.24354234 0.2478839  0.05321907],"[-0.15548451 -0.55280185  0.31232935 -0.13522434 -0.14481266 -0.61705977
  1.          0.          0.         -0.15548451 -0.13824752]",1.5552981483439108,0,0
320,348,2024-09-28 17:01:00.533600000,TASK_BEGIN,23,0.1837638971189515,0.5058720067204266,0.1231359532677866,-0.859245960115307,0.8180827126239604,-0.1750252099785033,-2.2486645260971545,1.2077680301895792,3,2024-09-28 17:01:00.504069092,1727542860.504069,2024-09-28 17:01:00.504069120,6,3,4.640055195205887,-13.322707856499461,[0. 0. 0. 1.],[0.45535469 0.24354234 0.2478839  0.05321907],"[-0.15548451 -0.55280185  0.31232935 -0.13522434 -0.14481266 -0.61705977
  1.          0.          0.         -0.15548451 -0.13824752]",1.5552981483439108,0,0
321,349,2024-09-28 17:01:00.601327872,TASK_BEGIN,23,0.1437103973570576,0.5072986917230202,0.1022045769061993,-0.9051278131155523,0.8184670538718014,-0.1741566839403202,-2.17395510752399,1.152274549883033,3,2024-09-28 17:01:00.504069092,1727542860.504069,2024-09-28 17:01:00.504069120,6,3,4.640055195205887,-13.322707856499461,[0. 0. 0. 1.],[0.45535469 0.24354234 0.2478839  0.05321907],"[-0.15548451 -0.55280185  0.31232935 -0.13522434 -0.14481266 -0.61705977
  1.          0.          0.         -0.15548451 -0.13824752]",1.5552981483439108,0,0
322,350,2024-09-28 17:01:00.669033984,TASK_BEGIN,23,0.1086433436862813,0.5087868066763359,0.0730079807351228,-0.9471970085821948,0.8198985679601326,-0.1732643609831227,-2.0754419311483967,1.0859366495842964,3,2024-09-28 17:01:00.504069092,1727542860.504069,2024-09-28 17:01:00.504069120,6,3,4.640055195205887,-13.322707856499461,[0. 0. 0. 1.],[0.45535469 0.24354234 0.2478839  0.05321907],"[-0.15548451 -0.55280185  0.31232935 -0.13522434 -0.14481266 -0.61705977
  1.          0.          0.         -0.15548451 -0.13824752]",1.5552981483439108,0,0
323,351,2024-09-28 17:01:01.582799872,TASK_BEGIN,23,0.0794403975035737,0.5097926228632036,0.0380814687503769,-0.9833767195862316,0.8225879231748823,-0.1724586821678409,-1.956741989731171,1.010597796143792,3,2024-09-28 17:01:01.064836914,1727542861.064838,2024-09-28 17:01:01.064837888,6,3,-0.23592356568404171,22.2948710296737,[0. 0. 0. 1.],[0.40663781 0.37864949 0.00847984 0.20623287],"[-1.1473242e-01 -5.6649095e-01  2.5815883e-01  3.7368737e-02
  3.6838217e-04 -9.0323806e-02  1.0000000e+00  1.0000000e+00
  0.0000000e+00 -1.1473242e-01 -2.8734477e-02]",1.5519348539126452,0,0
324,352,2024-09-28 17:01:01.655288064,TASK_BEGIN,23,0.0564698325921422,0.5098022068107184,4.231811645568186e-05,-1.011557462906636,0.8267559856018566,-0.171941810018875,-1.81954751518376,0.928308213994054,3,2024-09-28 17:01:01.064836914,1727542861.064838,2024-09-28 17:01:01.064837888,6,3,-0.23592356568404171,22.2948710296737,[0. 0. 0. 1.],[0.40663781 0.37864949 0.00847984 0.20623287],"[-1.1473242e-01 -5.6649095e-01  2.5815883e-01  3.7368737e-02
  3.6838217e-04 -9.0323806e-02  1.0000000e+00  1.0000000e+00
  0.0000000e+00 -1.1473242e-01 -2.8734477e-02]",1.5519348539126452,0,0
325,353,2024-09-28 17:01:01.722662144,TASK_BEGIN,23,0.0396489195177181,0.5083658591859992,-0.0386506193258584,-1.029728019126671,0.8326029411382895,-0.1719838372456647,-1.664251427645734,0.8413750325916488,3,2024-09-28 17:01:01.064836914,1727542861.064838,2024-09-28 17:01:01.064837888,6,3,-0.23592356568404171,22.2948710296737,[0. 0. 0. 1.],[0.40663781 0.37864949 0.00847984 0.20623287],"[-1.1473242e-01 -5.6649095e-01  2.5815883e-01  3.7368737e-02
  3.6838217e-04 -9.0323806e-02  1.0000000e+00  1.0000000e+00
  0.0000000e+00 -1.1473242e-01 -2.8734477e-02]",1.5519348539126452,0,0
326,354,2024-09-28 17:01:01.790717952,TASK_BEGIN,23,0.0285059208289056,0.505139313516934,-0.0759217088047713,-1.036154635805819,0.8402767607165053,-0.172889690817645,-1.491033037855808,0.7524870165075273,3,2024-09-28 17:01:01.064836914,1727542861.064838,2024-09-28 17:01:01.064837888,6,3,-0.23592356568404171,22.2948710296737,[0. 0. 0. 1.],[0.40663781 0.37864949 0.00847984 0.20623287],"[-1.1473242e-01 -5.6649095e-01  2.5815883e-01  3.7368737e-02
  3.6838217e-04 -9.0323806e-02  1.0000000e+00  1.0000000e+00
  0.0000000e+00 -1.1473242e-01 -2.8734477e-02]",1.5519348539126452,0,0
327,355,2024-09-28 17:01:01.846969856,TASK_BEGIN,23,0.0222354746285914,0.4999216571128571,-0.1102464595354538,-1.0295911071497383,0.8498395021109955,-0.1749658702804797,-1.3009693843408492,0.6648279691951045,3,2024-09-28 17:01:01.064836914,1727542861.064838,2024-09-28 17:01:01.064837888,6,3,-0.23592356568404171,22.2948710296737,[0. 0. 0. 1.],[0.40663781 0.37864949 0.00847984 0.20623287],"[-1.1473242e-01 -5.6649095e-01  2.5815883e-01  3.7368737e-02
  3.6838217e-04 -9.0323806e-02  1.0000000e+00  1.0000000e+00
  0.0000000e+00 -1.1473242e-01 -2.8734477e-02]",1.5519348539126452,0,0
328,356,2024-09-28 17:01:01.926413056,TASK_BEGIN,23,0.0197689127798007,0.4926731019284245,-0.1407445613403751,-1.0094784278195,0.8612307938735155,-0.1784907024880283,-1.0968305107328091,0.5820705470646377,3,2024-09-28 17:01:01.064836914,1727542861.064838,2024-09-28 17:01:01.064837888,6,3,-0.23592356568404171,22.2948710296737,[0. 0. 0. 1.],[0.40663781 0.37864949 0.00847984 0.20623287],"[-1.1473242e-01 -5.6649095e-01  2.5815883e-01  3.7368737e-02
  3.6838217e-04 -9.0323806e-02  1.0000000e+00  1.0000000e+00
  0.0000000e+00 -1.1473242e-01 -2.8734477e-02]",1.5519348539126452,0,0
329,357,2024-09-28 17:01:01.994160896,TASK_BEGIN,23,0.0198915797342039,0.483501458643417,-0.1671397239533288,-0.9761099595663096,0.8742376936383427,-0.1836866456604181,-0.883376795073517,0.5081813388623496,3,2024-09-28 17:01:01.095840088,1727542861.0958405,2024-09-28 17:01:01.095840512,6,3,-10.92603071653104,11.145891602845923,[0. 0. 0. 1.],[0.38095205 0.42249665 0.01301112 0.18354019],"[-0.11289207 -0.5661427   0.2689619   0.02228462 -0.00233491 -0.0540653
  1.          0.          0.         -0.11289207 -0.03152064]",1.5411777292152322,0,0
330,358,2024-09-28 17:01:02.935769088,TASK_BEGIN,23,0.0214071361038789,0.4726222164865707,-0.1895864222991773,-0.9307324247279988,0.8884768718939149,-0.1906927790444186,-0.6670899916682361,0.4470577894960169,3,2024-09-28 17:01:02.035409912,1727542862.0354106,2024-09-28 17:01:02.035410688,6,0,0.5974156782031059,35.57500352632398,[1. 0. 0. 0.],[0.44168535 0.32162633 0.02475891 0.21192941],"[-7.4347973e-02 -5.6658190e-01  7.8281157e-02 -1.7092187e-09
  1.8439734e-03 -9.8750730e-10  1.0000000e+00  1.0000000e+00
  0.0000000e+00 -7.4347973e-02 -2.8006824e-02]",1.4129822457898602,0,0
331,359,2024-09-28 17:01:03.003478016,TASK_BEGIN,23,0.0232944000919621,0.4603167673813915,-0.2084886421111282,-0.8755178518018338,0.9033861415255032,-0.1995372520626796,-0.455418158846844,0.402088563373479,3,2024-09-28 17:01:02.093746826,1727542862.0937476,2024-09-28 17:01:02.093747712,6,0,0.5898735408360789,36.04464611026225,[1. 0. 0. 0.],[0.44778496 0.30995394 0.02468482 0.21757628],"[-7.3373877e-02 -5.6658190e-01  6.7419998e-02 -2.1707505e-09
  1.8440143e-03 -1.3082012e-09  1.0000000e+00  1.0000000e+00
  0.0000000e+00 -7.3373877e-02 -2.8006824e-02]",1.4064317437753713,0,0
332,360,2024-09-28 17:01:03.072050944,TASK_BEGIN,23,0.0247868644132104,0.4469162956399768,-0.2244320109880845,-0.8133651861097343,0.9182357472829898,-0.2101129786477946,-0.2558599995834629,0.3757475408849794,3,2024-09-28 17:01:02.183125977,1727542862.183126,2024-09-28 17:01:02.183126016,6,0,0.5785663573381754,36.703602921734515,[1. 0. 0. 0.],[0.45576794 0.29348901 0.02443628 0.22630677],"[-7.2195530e-02 -5.6658190e-01  5.1128265e-02 -2.8660359e-09
  1.8440352e-03 -4.1563775e-10  1.0000000e+00  1.0000000e+00
  0.0000000e+00 -7.2195530e-02 -2.8006824e-02]",1.397685749915124,0,0
333,361,2024-09-28 17:01:03.139874048,TASK_BEGIN,23,0.0253537544019599,0.4328161247311737,-0.2382210668152448,-0.747571722897983,0.9321832368592932,-0.2221638132888131,-0.0752540368229806,0.3692967541779374,3,2024-09-28 17:01:02.241090088,1727542862.24109,2024-09-28 17:01:02.241090048,6,0,0.5710242465138506,37.11326716625012,[1. 0. 0. 0.],[0.46015856 0.28341978 0.02427465 0.23214701],"[-7.1598530e-02 -5.6658190e-01  4.0267110e-02 -7.7988921e-10
  1.8440518e-03 -1.2031878e-09  1.0000000e+00  1.0000000e+00
  0.0000000e+00 -7.1598530e-02 -2.8006824e-02]",1.3928970294381149,0,0
334,362,2024-09-28 17:01:03.207634944,TASK_BEGIN,23,0.0246256129630903,0.4184995267615725,-0.2509458085117421,-0.6814591263662186,0.9443672159637584,-0.2352883630611828,0.0807156710724095,0.3826026574966802,3,2024-09-28 17:01:02.475652100,1727542862.4756527,2024-09-28 17:01:02.475652608,6,0,0.21625549071287153,38.20026993947131,[1. 0. 0. 0.],[0.46439945 0.2514285  0.02388909 0.26028297],"[-7.0697702e-02 -5.6658190e-01 -8.8900444e-05 -2.8495629e-07
  1.8450195e-03  1.7607341e-05  1.0000000e+00  1.0000000e+00
  0.0000000e+00 -7.0697702e-02 -2.8006824e-02]",1.3900916408777722,0,0
335,363,2024-09-28 17:01:03.275079168,TASK_BEGIN,23,0.0223233760331487,0.4045455366187137,-0.2640638485753703,-0.6180198224824285,0.95400079138597,-0.248964264937423,0.2080585522093831,0.4140487415101596,3,2024-09-28 17:01:02.475652100,1727542862.4756527,2024-09-28 17:01:02.475652608,6,0,0.21625549071287153,38.20026993947131,[1. 0. 0. 0.],[0.46439945 0.2514285  0.02388909 0.26028297],"[-7.0697702e-02 -5.6658190e-01 -8.8900444e-05 -2.8495629e-07
  1.8450195e-03  1.7607341e-05  1.0000000e+00  1.0000000e+00
  0.0000000e+00 -7.0697702e-02 -2.8006824e-02]",1.3900916408777722,0,0
336,364,2024-09-28 17:01:03.343159040,TASK_BEGIN,23,0.0182185086580822,0.3916093450373161,-0.2795273852533321,-0.5596328720016567,0.9604421981308636,-0.2625919028513028,0.3050849322870942,0.4605905348368609,3,2024-09-28 17:01:02.475652100,1727542862.4756527,2024-09-28 17:01:02.475652608,6,0,0.21625549071287153,38.20026993947131,[1. 0. 0. 0.],[0.46439945 0.2514285  0.02388909 0.26028297],"[-7.0697702e-02 -5.6658190e-01 -8.8900444e-05 -2.8495629e-07
  1.8450195e-03  1.7607341e-05  1.0000000e+00  1.0000000e+00
  0.0000000e+00 -7.0697702e-02 -2.8006824e-02]",1.3900916408777722,0,0
337,371,2024-09-28 17:01:04.678778880,TASK_BEGIN,23,-0.0614391609345913,0.3774976151696436,-0.688268517147198,-0.3397292428631476,0.9101443992840432,-0.3150785115753164,0.4631322129754422,0.8247366995694343,3,2024-09-28 17:01:04.756962158,1727542864.7569623,2024-09-28 17:01:04.756962304,7,0,-2.1436249636137745,-2.1436249636137745,[1. 0. 0. 0.],[0.46912493 0.16686377 0.07396686 0.29004444],"[-4.5053163e-04  9.9756789e-01 -3.3473119e-02 -1.8394808e-01
  1.3835832e-03  1.2726799e-02  0.0000000e+00  0.0000000e+00
  6.0000002e-01 -6.0045052e-01 -1.2322319e+01]",1.5125832171352354,0,0
338,372,2024-09-28 17:01:05.636748032,TASK_BEGIN,23,-0.0751624683632018,0.3890017782479047,-0.8046707982794468,-0.3266102921447121,0.8950674830265702,-0.314120651061172,0.4922751528587382,0.8360982414785288,3,2024-09-28 17:01:05.288317871,1727542865.288318,2024-09-28 17:01:05.288317952,7,0,-2.636814764531721,-45.294496892089676,[1. 0. 0. 0.],[0.40910427 0.08407698 0.15960851 0.34721023],"[-4.5288405e-03  8.7740684e-01 -3.3621468e-02 -6.4492005e-01
  1.2804875e-02  1.2665932e-02  0.0000000e+00  0.0000000e+00
  6.0000002e-01 -6.0452884e-01 -1.1361031e+01]",1.5317627105670215,0,0
339,373,2024-09-28 17:01:05.703770880,TASK_BEGIN,23,-0.0868802101438665,0.4030718479604078,-0.9284331776152548,-0.3142599051050919,0.8806348791903539,-0.311572218974813,0.5417039370581034,0.8325797261891711,3,2024-09-28 17:01:05.288317871,1727542865.288318,2024-09-28 17:01:05.288317952,7,0,-2.636814764531721,-45.294496892089676,[1. 0. 0. 0.],[0.40910427 0.08407698 0.15960851 0.34721023],"[-4.5288405e-03  8.7740684e-01 -3.3621468e-02 -6.4492005e-01
  1.2804875e-02  1.2665932e-02  0.0000000e+00  0.0000000e+00
  6.0000002e-01 -6.0452884e-01 -1.1361031e+01]",1.5317627105670215,0,0
340,374,2024-09-28 17:01:05.772216064,TASK_BEGIN,23,-0.0955304607502324,0.41903904055055,-1.0542063628912612,-0.3015633217234435,0.8679316255488647,-0.3079145447712045,0.6132598476947463,0.815552907418921,3,2024-09-28 17:01:05.288317871,1727542865.288318,2024-09-28 17:01:05.288317952,7,0,-2.636814764531721,-45.294496892089676,[1. 0. 0. 0.],[0.40910427 0.08407698 0.15960851 0.34721023],"[-4.5288405e-03  8.7740684e-01 -3.3621468e-02 -6.4492005e-01
  1.2804875e-02  1.2665932e-02  0.0000000e+00  0.0000000e+00
  6.0000002e-01 -6.0452884e-01 -1.1361031e+01]",1.5317627105670215,0,0
341,375,2024-09-28 17:01:05.839924992,TASK_BEGIN,23,-0.1001847512492758,0.4361945516299912,-1.1765578148559908,-0.2877845595540434,0.8580531967888925,-0.3036755688970046,0.7057890110395604,0.7874183172095771,3,2024-09-28 17:01:05.288317871,1727542865.288318,2024-09-28 17:01:05.288317952,7,0,-2.636814764531721,-45.294496892089676,[1. 0. 0. 0.],[0.40910427 0.08407698 0.15960851 0.34721023],"[-4.5288405e-03  8.7740684e-01 -3.3621468e-02 -6.4492005e-01
  1.2804875e-02  1.2665932e-02  0.0000000e+00  0.0000000e+00
  6.0000002e-01 -6.0452884e-01 -1.1361031e+01]",1.5317627105670215,0,0
342,376,2024-09-28 17:01:05.894769920,TASK_BEGIN,23,-0.1001371287506665,0.453863567482649,-1.290385935427658,-0.272683961287209,0.8520290657234053,-0.2993816182549547,0.8152481467319278,0.7513311037667597,3,2024-09-28 17:01:05.288317871,1727542865.288318,2024-09-28 17:01:05.288317952,7,0,-2.636814764531721,-45.294496892089676,[1. 0. 0. 0.],[0.40910427 0.08407698 0.15960851 0.34721023],"[-4.5288405e-03  8.7740684e-01 -3.3621468e-02 -6.4492005e-01
  1.2804875e-02  1.2665932e-02  0.0000000e+00  0.0000000e+00
  6.0000002e-01 -6.0452884e-01 -1.1361031e+01]",1.5317627105670215,0,0
343,377,2024-09-28 17:01:05.974526976,TASK_BEGIN,23,-0.0949459099468226,0.4714696913427517,-1.3912433927912078,-0.2565178288656421,0.8507097206933244,-0.2955136990691372,0.935208027021224,0.7108666173334882,3,2024-09-28 17:01:05.288317871,1727542865.288318,2024-09-28 17:01:05.288317952,7,0,-2.636814764531721,-45.294496892089676,[1. 0. 0. 0.],[0.40910427 0.08407698 0.15960851 0.34721023],"[-4.5288405e-03  8.7740684e-01 -3.3621468e-02 -6.4492005e-01
  1.2804875e-02  1.2665932e-02  0.0000000e+00  0.0000000e+00
  6.0000002e-01 -6.0452884e-01 -1.1361031e+01]",1.5317627105670215,0,0
344,378,2024-09-28 17:01:06.040155904,TASK_BEGIN,23,-0.0844441114957274,0.488579098963867,-1.475637497917094,-0.2399327288786348,0.8546517635796587,-0.2924789168079557,1.0575960188177245,0.669654602970152,3,2024-09-28 17:01:05.288317871,1727542865.288318,2024-09-28 17:01:05.288317952,7,0,-2.636814764531721,-45.294496892089676,[1. 0. 0. 0.],[0.40910427 0.08407698 0.15960851 0.34721023],"[-4.5288405e-03  8.7740684e-01 -3.3621468e-02 -6.4492005e-01
  1.2804875e-02  1.2665932e-02  0.0000000e+00  0.0000000e+00
  6.0000002e-01 -6.0452884e-01 -1.1361031e+01]",1.5317627105670215,0,0
345,379,2024-09-28 17:01:06.986808064,TASK_BEGIN,23,-0.0687510659490191,0.5049221942743729,-1.5412624242617927,-0.2238222453771309,0.8640295874232026,-0.2905988630546255,1.173516065817299,0.6309938213342008,3,2024-09-28 17:01:07.054058105,1727542867.0540586,2024-09-28 17:01:07.054058496,7,3,-5.081323078368351,-49.25244338865408,[0. 0. 0. 1.],[0.21875986 0.64041543 0.13076109 0.01006362],"[-0.01862677  0.6239289   0.09242445 -0.5051075  -0.19001165 -0.4175035
  0.          0.          0.6        -0.6186268  -9.333207  ]",1.5441833429888947,0,0
346,380,2024-09-28 17:01:07.040055808,TASK_BEGIN,23,-0.0482946982290041,0.5203910318594793,-1.5870682607088915,-0.2091956386840205,0.8785720977108182,-0.2901018074380941,1.2741068423934103,0.597477967075249,3,2024-09-28 17:01:07.112062988,1727542867.1120632,2024-09-28 17:01:07.112063232,7,3,-5.490609615928472,-58.90909502056844,[0. 0. 0. 1.],[0.2210368  0.49705496 0.27062167 0.01128656],"[-0.01751725  0.60697854  0.12062043 -0.56141764 -0.23675999 -0.4854129
  0.          0.          0.6        -0.61751723 -9.197604  ]",1.5505624160629337,0,0
347,381,2024-09-28 17:01:07.116777728,TASK_BEGIN,23,-0.0238301322621062,0.5350107844096798,-1.613185296143046,-0.1970669283531417,0.8975233387100713,-0.2911068017878045,1.351494433500228,0.5707072643985904,3,2024-09-28 17:01:07.112062988,1727542867.1120632,2024-09-28 17:01:07.112063232,7,3,-5.490609615928472,-58.90909502056844,[0. 0. 0. 1.],[0.2210368  0.49705496 0.27062167 0.01128656],"[-0.01751725  0.60697854  0.12062043 -0.56141764 -0.23675999 -0.4854129
  0.          0.          0.6        -0.61751723 -9.197604  ]",1.5505624160629337,0,0
348,382,2024-09-28 17:01:07.187764992,TASK_BEGIN,23,0.003564288873222,0.548889534861267,-1.6208241437488058,-0.1883606824447322,0.9196670950061218,-0.2936093489107653,1.3998349423154333,0.551168597240878,3,2024-09-28 17:01:07.112062988,1727542867.1120632,2024-09-28 17:01:07.112063232,7,3,-5.490609615928472,-58.90909502056844,[0. 0. 0. 1.],[0.2210368  0.49705496 0.27062167 0.01128656],"[-0.01751725  0.60697854  0.12062043 -0.56141764 -0.23675999 -0.4854129
  0.          0.          0.6        -0.61751723 -9.197604  ]",1.5505624160629337,0,0
349,383,2024-09-28 17:01:07.257435136,TASK_BEGIN,23,0.0325303347606964,0.5621576330241463,-1.6122126065863276,-0.1838435538413334,0.943463891349158,-0.2974889440207882,1.4162551454768462,0.5383139090553741,3,2024-09-28 17:01:07.112062988,1727542867.1120632,2024-09-28 17:01:07.112063232,7,3,-5.490609615928472,-58.90909502056844,[0. 0. 0. 1.],[0.2210368  0.49705496 0.27062167 0.01128656],"[-0.01751725  0.60697854  0.12062043 -0.56141764 -0.23675999 -0.4854129
  0.          0.          0.6        -0.61751723 -9.197604  ]",1.5505624160629337,0,0
350,384,2024-09-28 17:01:07.324218880,TASK_BEGIN,23,0.0615217242626691,0.5749124831883526,-1.5904786690848067,-0.1841050247357358,0.967280767898646,-0.3025423427494388,1.4013437552082593,0.5308042553123005,3,2024-09-28 17:01:07.112062988,1727542867.1120632,2024-09-28 17:01:07.112063232,7,3,-5.490609615928472,-58.90909502056844,[0. 0. 0. 1.],[0.2210368  0.49705496 0.27062167 0.01128656],"[-0.01751725  0.60697854  0.12062043 -0.56141764 -0.23675999 -0.4854129
  0.          0.          0.6        -0.61751723 -9.197604  ]",1.5505624160629337,0,0
351,385,2024-09-28 17:01:07.393348864,TASK_BEGIN,23,0.0889361267500889,0.5871826996209122,-1.5593014413440525,-0.1895949964782612,0.9896247777643676,-0.3085269028465257,1.3589395850299673,0.5268660319292038,3,2024-09-28 17:01:07.112062988,1727542867.1120632,2024-09-28 17:01:07.112063232,7,3,-5.490609615928472,-58.90909502056844,[0. 0. 0. 1.],[0.2210368  0.49705496 0.27062167 0.01128656],"[-0.01751725  0.60697854  0.12062043 -0.56141764 -0.23675999 -0.4854129
  0.          0.          0.6        -0.61751723 -9.197604  ]",1.5505624160629337,0,0
352,386,2024-09-28 17:01:08.337841152,TASK_BEGIN,23,0.1132639712890104,0.598914829674164,-1.5222602093120667,-0.2006759980919062,1.0093034059343688,-0.3151962105669895,1.2952707092632525,0.5247011264873305,3,2024-09-28 17:01:07.617094971,1727542867.6170952,2024-09-28 17:01:07.617095168,7,2,-11.92789007199342,-122.70977740961206,[0. 0. 1. 0.],[7.22122283e-03 9.91606695e-01 1.14490193e-03 2.71797899e-05],"[ 0.01841339  0.4779091   0.9277049  -0.02692628 -0.6545545  -0.49887782
  0.          0.          0.6        -0.5815866  -8.165049  ]",1.5662772298980003,0,0
353,387,2024-09-28 17:01:08.404951808,TASK_BEGIN,23,0.1332324749937689,0.6099765793971017,-1.482085617785669,-0.2176278423936804,1.0254906286424357,-0.3223180663695602,1.2177413109596102,0.5228715938405063,3,2024-09-28 17:01:07.617094971,1727542867.6170952,2024-09-28 17:01:07.617095168,7,2,-11.92789007199342,-122.70977740961206,[0. 0. 1. 0.],[7.22122283e-03 9.91606695e-01 1.14490193e-03 2.71797899e-05],"[ 0.01841339  0.4779091   0.9277049  -0.02692628 -0.6545545  -0.49887782
  0.          0.          0.6        -0.5815866  -8.165049  ]",1.5662772298980003,0,0
354,388,2024-09-28 17:01:08.473342720,TASK_BEGIN,23,0.1479280073500878,0.6201702017612685,-1.4401632288126511,-0.2405872000910713,1.0377058759220117,-0.329673660858243,1.1336685556816923,0.5205820074259934,3,2024-09-28 17:01:07.617094971,1727542867.6170952,2024-09-28 17:01:07.617095168,7,2,-11.92789007199342,-122.70977740961206,[0. 0. 1. 0.],[7.22122283e-03 9.91606695e-01 1.14490193e-03 2.71797899e-05],"[ 0.01841339  0.4779091   0.9277049  -0.02692628 -0.6545545  -0.49887782
  0.          0.          0.6        -0.5815866  -8.165049  ]",1.5662772298980003,0,0
355,389,2024-09-28 17:01:08.535771904,TASK_BEGIN,23,0.1568684650221516,0.6292528951717711,-1.396449393566618,-0.2694670545410405,1.0457296635942934,-0.3370459305145432,1.0491389448135535,0.5178297030966822,3,2024-09-28 17:01:08.174062012,1727542868.174062,2024-09-28 17:01:08.174062080,7,0,-1.7158867742077177,-122.72865092391287,[1. 0. 0. 0.],[1.07594980e-02 9.89165129e-01 6.10280431e-05 1.43453663e-05],"[ 0.13137348  0.40775     0.8388506  -0.45490566 -0.93567383 -0.1762719
  0.          0.          0.6        -0.46862653 -7.6037755 ]",1.5614593279168,0,0
356,390,2024-09-28 17:01:08.608385024,TASK_BEGIN,23,0.1599976783221067,0.6369619780783888,-1.3496943752213837,-0.3039166104442937,1.0495074583763613,-0.3442116270955603,0.9681403516202696,0.5154240832597293,3,2024-09-28 17:01:08.174062012,1727542868.174062,2024-09-28 17:01:08.174062080,7,0,-1.7158867742077177,-122.72865092391287,[1. 0. 0. 0.],[1.07594980e-02 9.89165129e-01 6.10280431e-05 1.43453663e-05],"[ 0.13137348  0.40775     0.8388506  -0.45490566 -0.93567383 -0.1762719
  0.          0.          0.6        -0.46862653 -7.6037755 ]",1.5614593279168,0,0
357,391,2024-09-28 17:01:08.676610816,TASK_BEGIN,23,0.1576153905690254,0.6430406226800347,-1.2978610742599546,-0.3433200938975925,1.0490986026933435,-0.3509515313058557,0.8922033236753731,0.5148774690760629,3,2024-09-28 17:01:08.174062012,1727542868.174062,2024-09-28 17:01:08.174062080,7,0,-1.7158867742077177,-122.72865092391287,[1. 0. 0. 0.],[1.07594980e-02 9.89165129e-01 6.10280431e-05 1.43453663e-05],"[ 0.13137348  0.40775     0.8388506  -0.45490566 -0.93567383 -0.1762719
  0.          0.          0.6        -0.46862653 -7.6037755 ]",1.5614593279168,0,0
358,392,2024-09-28 17:01:08.744343040,TASK_BEGIN,23,0.150292188764302,0.6472598357565246,-1.2387159587934162,-0.3867794485072583,1.0446842368118936,-0.3570825347071317,0.8206411120754878,0.5181840720454305,3,2024-09-28 17:01:08.174062012,1727542868.174062,2024-09-28 17:01:08.174062080,7,0,-1.7158867742077177,-122.72865092391287,[1. 0. 0. 0.],[1.07594980e-02 9.89165129e-01 6.10280431e-05 1.43453663e-05],"[ 0.13137348  0.40775     0.8388506  -0.45490566 -0.93567383 -0.1762719
  0.          0.          0.6        -0.46862653 -7.6037755 ]",1.5614593279168,0,0
359,393,2024-09-28 17:01:09.686664960,TASK_BEGIN,23,0.1387986434375975,0.649437502360155,-1.1704775242147496,-0.4330817756846006,1.0365969028527435,-0.3624980219939461,0.7512117663699136,0.5275146675906938,3,2024-09-28 17:01:09.769640869,1727542869.7696414,2024-09-28 17:01:09.769641472,7,0,-4.916725581045512,-13.890913668634354,[1. 0. 0. 0.],[2.29166813e-03 4.17096865e-05 2.60190812e-02 9.71647541e-01],"[ 0.41655812 -0.2771243   0.72650737 -0.57163274  0.34525168  0.69458234
  0.          0.          0.6        -0.18344189 -2.1247811 ]",1.5600795332548398,0,0
360,394,2024-09-28 17:01:09.754803968,TASK_BEGIN,23,0.124041935504231,0.6494565535516716,-1.0922905652098438,-0.4807207828546398,1.025334697950693,-0.3671965317710563,0.680975346221301,0.5448470065821318,3,2024-09-28 17:01:09.828885010,1727542869.8288853,2024-09-28 17:01:09.828885248,7,0,-5.013814904975845,-23.54513867432463,[1. 0. 0. 0.],[1.15788910e-03 7.85231470e-06 1.14969877e-02 9.87337271e-01],"[ 0.42730793 -0.29582268  0.7269775  -0.62369525  0.41468844  0.6942965
  0.          0.          0.6        -0.17269208 -1.975194  ]",1.5621228362652189,0,0
361,395,2024-09-28 17:01:09.817775872,TASK_BEGIN,23,0.1070014856128126,0.6472768508320391,-1.004365739917756,-0.5280090648351993,1.0115577061773282,-0.3712856994875609,0.6071825709569854,0.571560572262074,3,2024-09-28 17:01:09.894403076,1727542869.894403,2024-09-28 17:01:09.894403072,7,0,-5.101494170833291,-33.18626585764473,[1. 0. 0. 0.],[5.51589147e-04 1.75106598e-06 5.21929661e-03 9.94227363e-01],"[ 0.43804583 -0.31608033  0.72753584 -0.6757333   0.48409647  0.6940109
  0.          0.          0.6        -0.16195418 -1.8131328 ]",1.5630489853593048,0,0
362,396,2024-09-28 17:01:09.878892800,TASK_BEGIN,23,0.0886656323129824,0.6429338229187823,-0.9077774751106412,-0.5732604322517512,0.9960695533954558,-0.3749552907062051,0.5280680603836961,0.6080520401496818,3,2024-09-28 17:01:09.954828125,1727542869.9548287,2024-09-28 17:01:09.954828800,7,0,-5.180647377543892,-42.79719442705643,[1. 0. 0. 0.],[2.45975360e-04 3.84698971e-07 2.24468720e-03 9.97508953e-01],"[ 0.44876942 -0.33789873  0.7281797  -0.7277431   0.55347604  0.6937257
  0.          0.          0.6        -0.15123059 -1.6385856 ]",1.5633644654304224,0,0
363,397,2024-09-28 17:01:09.956645888,TASK_BEGIN,23,0.0699683603317811,0.6365295025079484,-0.8040221655784837,-0.6150094710138869,0.9797673596187348,-0.3784226964899342,0.4435321148390165,0.6534496324250109,3,2024-09-28 17:01:10.013552979,1727542870.0135531,2024-09-28 17:01:10.013553152,7,0,-5.2520635408865814,-52.3626940111084,[1. 0. 0. 0.],[9.17207226e-05 6.65076251e-08 6.49651272e-04 9.99258561e-01],"[ 0.45947728 -0.3612795   0.7289056  -0.7797206   0.6228271   0.693441
  0.          0.          0.6        -0.14052273 -1.4515395 ]",1.5635511634304273,0,0
364,398,2024-09-28 17:01:10.018301952,TASK_BEGIN,23,0.0517270850593282,0.6282305550922899,-0.6945434029055568,-0.6522208632095624,0.963550132219518,-0.3818697214923541,0.355735645559915,0.7055047880769156,3,2024-09-28 17:01:10.075074951,1727542870.0750751,2024-09-28 17:01:10.075075072,7,0,-5.316509524320253,-61.86944035353114,[1. 0. 0. 0.],[3.43757361e-05 1.14264185e-08 1.86333209e-04 9.99779280e-01],"[ 0.4701678  -0.38622445  0.72971004 -0.83166224  0.6921496   0.69315636
  0.          0.          0.6        -0.12983221 -1.2519798 ]",1.5637653921673798,0,0
365,399,2024-09-28 17:01:10.093582080,TASK_BEGIN,23,0.0345932819149821,0.618279295970566,-0.580486463736032,-0.6844087369786279,0.9482075663538134,-0.3853931330486301,0.2694358389898488,0.760708760056627,3,2024-09-28 17:01:10.162072998,1727542870.1620739,2024-09-28 17:01:10.162073856,7,0,-5.401726322551184,-75.99456219483588,[1. 0. 0. 0.],[1.22011426e-05 1.51316857e-09 3.44231923e-05 9.99953374e-01],"[ 0.4861671  -0.426579    0.731055   -0.90949965  0.7960801   0.6927301
  0.          0.          0.6        -0.11383288 -0.9291434 ]",1.5650407751217235,0,0
366,400,2024-09-28 17:01:11.011701248,TASK_BEGIN,23,0.0190233245651272,0.6070104120569983,-0.4627886888372528,-0.7116079745867989,0.9343280110844602,-0.3889785341235022,0.1917165351055591,0.8146440223221713,3,2024-09-28 17:01:10.162072998,1727542870.1620739,2024-09-28 17:01:10.162073856,7,0,-5.401726322551184,-75.99456219483588,[1. 0. 0. 0.],[1.22011426e-05 1.51316857e-09 3.44231923e-05 9.99953374e-01],"[ 0.4861671  -0.426579    0.731055   -0.90949965  0.7960801   0.6927301
  0.          0.          0.6        -0.11383288 -0.9291434 ]",1.5650407751217235,0,0
367,401,2024-09-28 17:01:11.081556224,TASK_BEGIN,23,0.0052697289934908,0.5948605252539203,-0.3424438912201958,-0.7342231779318437,0.922251384194954,-0.3924956414940858,0.1309376354373246,0.8625441434203078,3,2024-09-28 17:01:10.191073975,1727542870.1910741,2024-09-28 17:01:10.191074048,7,0,-5.427421580995201,-80.66203815388272,[1. 0. 0. 0.],[8.34437507e-06 6.90084747e-10 2.11123061e-05 9.99970543e-01],"[ 0.49148956 -0.4408148   0.73153806 -0.9354239   0.83070946  0.6925882
  0.          0.          0.6        -0.10851043 -0.8152571 ]",1.5647198652546461,0,0
368,402,2024-09-28 17:01:11.134379008,TASK_BEGIN,23,-0.0065953475103584,0.58235930911836,-0.2207163336902349,-0.7528256677991471,0.9120713733506648,-0.3957115453920332,0.0951554736842805,0.8999610910556924,3,2024-09-28 17:01:10.220073975,1727542870.220074,2024-09-28 17:01:10.220073984,7,0,-5.4518464064861405,-85.30726417883002,[1. 0. 0. 0.],[5.71592849e-06 3.14005537e-10 1.29838539e-05 9.99981300e-01],"[ 0.49680677 -0.45544314  0.7320375  -0.9613367   0.86533165  0.69244635
  0.          0.          0.6        -0.10319322 -0.69823027]",1.5645482031757232,0,0
369,403,2024-09-28 17:01:11.212014848,TASK_BEGIN,23,-0.0166171642257141,0.570101260531452,-0.0992113910696012,-0.7679595726498785,0.9036789458715352,-0.3983196972115293,0.0905487684996906,0.9233685075720058,3,2024-09-28 17:01:11.007810059,1727542871.0078104,2024-09-28 17:01:11.007810304,7,0,3.978199248061088,43.956612138688904,[1. 0. 0. 0.],[4.23377192e-02 1.83312717e-01 7.74211019e-01 1.38544200e-04],"[ 0.60504407 -0.53208756  0.63615686 -0.3865727   0.03404821 -1.0690187
  0.          0.          0.6         0.00504405 -0.08507493]",1.5641919891116325,0,0
370,404,2024-09-28 17:01:11.284164096,TASK_BEGIN,23,-0.0248871328766957,0.5587105100421038,0.0201974072385126,-0.780018048053717,0.8968302889452614,-0.3999797247116126,0.1202849030846955,0.9305646225203892,3,2024-09-28 17:01:11.007810059,1727542871.0078104,2024-09-28 17:01:11.007810304,7,0,3.978199248061088,43.956612138688904,[1. 0. 0. 0.],[4.23377192e-02 1.83312717e-01 7.74211019e-01 1.38544200e-04],"[ 0.60504407 -0.53208756  0.63615686 -0.3865727   0.03404821 -1.0690187
  0.          0.          0.6         0.00504405 -0.08507493]",1.5641919891116325,0,0
371,405,2024-09-28 17:01:11.352582144,TASK_BEGIN,23,-0.0315080493033568,0.5488106142857109,0.1355132437277329,-0.7892196010255759,0.8912211138251144,-0.4003608138186548,0.1839673771473387,0.9208399006192064,3,2024-09-28 17:01:11.007810059,1727542871.0078104,2024-09-28 17:01:11.007810304,7,0,3.978199248061088,43.956612138688904,[1. 0. 0. 0.],[4.23377192e-02 1.83312717e-01 7.74211019e-01 1.38544200e-04],"[ 0.60504407 -0.53208756  0.63615686 -0.3865727   0.03404821 -1.0690187
  0.          0.          0.6         0.00504405 -0.08507493]",1.5641919891116325,0,0
372,406,2024-09-28 17:01:11.413502976,TASK_BEGIN,23,-0.0366018885967342,0.5409975322375367,0.2446971096418491,-0.7956470310323022,0.8865632213348513,-0.3991862736349965,0.2776038976282551,0.8949315203687669,3,2024-09-28 17:01:11.007810059,1727542871.0078104,2024-09-28 17:01:11.007810304,7,0,3.978199248061088,43.956612138688904,[1. 0. 0. 0.],[4.23377192e-02 1.83312717e-01 7.74211019e-01 1.38544200e-04],"[ 0.60504407 -0.53208756  0.63615686 -0.3865727   0.03404821 -1.0690187
  0.          0.          0.6         0.00504405 -0.08507493]",1.5641919891116325,0,0
373,407,2024-09-28 17:01:12.336638976,TASK_BEGIN,23,-0.0403314722814116,0.535806246745568,0.3456152051919142,-0.7992995552450955,0.8826613003934417,-0.3962809050209072,0.393981800877504,0.8548123442789949,3,2024-09-28 17:01:11.774410889,1727542871.7744114,2024-09-28 17:01:11.774411520,7,3,-0.9069275688780698,76.00580528701383,[0. 0. 0. 1.],[0.25225832 0.64913223 0.07828442 0.02032503],"[ 6.8820620e-01 -5.3872406e-01  4.3917191e-01  8.6123233e-09
 -2.0343894e-03  4.1091144e-09  1.0000000e+00  1.0000000e+00
  6.0000002e-01  8.8206194e-02 -3.1983167e-02]",1.556337722550262,0,0
374,408,2024-09-28 17:01:12.404891136,TASK_BEGIN,23,-0.0429137972855772,0.5336674808366643,0.4359026055005986,-0.8001405809499822,0.8794657380248088,-0.3916159022710748,0.5233562499365969,0.803400382759101,3,2024-09-28 17:01:11.774410889,1727542871.7744114,2024-09-28 17:01:11.774411520,7,3,-0.9069275688780698,76.00580528701383,[0. 0. 0. 1.],[0.25225832 0.64913223 0.07828442 0.02032503],"[ 6.8820620e-01 -5.3872406e-01  4.3917191e-01  8.6123233e-09
 -2.0343894e-03  4.1091144e-09  1.0000000e+00  1.0000000e+00
  6.0000002e-01  8.8206194e-02 -3.1983167e-02]",1.556337722550262,0,0
375,409,2024-09-28 17:01:12.472795904,TASK_BEGIN,23,-0.0446207469668975,0.534861424025443,0.512848256818936,-0.798144741081867,0.8770726761292559,-0.3853395236460263,0.6543512350745957,0.7442729205216787,3,2024-09-28 17:01:11.774410889,1727542871.7744114,2024-09-28 17:01:11.774411520,7,3,-0.9069275688780698,76.00580528701383,[0. 0. 0. 1.],[0.25225832 0.64913223 0.07828442 0.02032503],"[ 6.8820620e-01 -5.3872406e-01  4.3917191e-01  8.6123233e-09
 -2.0343894e-03  4.1091144e-09  1.0000000e+00  1.0000000e+00
  6.0000002e-01  8.8206194e-02 -3.1983167e-02]",1.556337722550262,0,0
376,410,2024-09-28 17:01:12.540492800,TASK_BEGIN,23,-0.0457679741150306,0.5394812451458555,0.5734349542614534,-0.7933700547292158,0.8756752306223287,-0.3777850243371612,0.7748914949076778,0.6814062019310038,3,2024-09-28 17:01:11.774410889,1727542871.7744114,2024-09-28 17:01:11.774411520,7,3,-0.9069275688780698,76.00580528701383,[0. 0. 0. 1.],[0.25225832 0.64913223 0.07828442 0.02032503],"[ 6.8820620e-01 -5.3872406e-01  4.3917191e-01  8.6123233e-09
 -2.0343894e-03  4.1091144e-09  1.0000000e+00  1.0000000e+00
  6.0000002e-01  8.8206194e-02 -3.1983167e-02]",1.556337722550262,0,0
377,411,2024-09-28 17:01:12.608237056,TASK_BEGIN,23,-0.0466875639817607,0.5474141421335043,0.614650580514801,-0.7860834502256348,0.8754912524735682,-0.3694503422438878,0.8729666130938731,0.6189209505184503,3,2024-09-28 17:01:11.774410889,1727542871.7744114,2024-09-28 17:01:11.774411520,7,3,-0.9069275688780698,76.00580528701383,[0. 0. 0. 1.],[0.25225832 0.64913223 0.07828442 0.02032503],"[ 6.8820620e-01 -5.3872406e-01  4.3917191e-01  8.6123233e-09
 -2.0343894e-03  4.1091144e-09  1.0000000e+00  1.0000000e+00
  6.0000002e-01  8.8206194e-02 -3.1983167e-02]",1.556337722550262,0,0
378,412,2024-09-28 17:01:12.675558144,TASK_BEGIN,23,-0.0476744932147079,0.5583361551037527,0.6340420664463077,-0.7769164681703683,0.8766776266742278,-0.3609459515810523,0.9372423839034048,0.5608296424515343,3,2024-09-28 17:01:11.774410889,1727542871.7744114,2024-09-28 17:01:11.774411520,7,3,-0.9069275688780698,76.00580528701383,[0. 0. 0. 1.],[0.25225832 0.64913223 0.07828442 0.02032503],"[ 6.8820620e-01 -5.3872406e-01  4.3917191e-01  8.6123233e-09
 -2.0343894e-03  4.1091144e-09  1.0000000e+00  1.0000000e+00
  6.0000002e-01  8.8206194e-02 -3.1983167e-02]",1.556337722550262,0,0
379,413,2024-09-28 17:01:12.742737152,TASK_BEGIN,23,-0.0489133371871533,0.5717155371054817,0.6302877461431873,-0.7669651620336471,0.8792416905609908,-0.352920384149767,0.9577524025742672,0.5107983348050076,3,2024-09-28 17:01:11.832416992,1727542871.8324172,2024-09-28 17:01:11.832417280,7,0,0.49763947292902344,65.58445175866277,[1. 0. 0. 0.],[0.18064705 0.28149382 0.44684998 0.09100915],"[ 6.9419259e-01 -5.3872406e-01  4.2831081e-01 -8.2316625e-09
 -2.0344406e-03 -2.2028159e-09  1.0000000e+00  0.0000000e+00
  6.0000002e-01  9.4192572e-02 -3.1983167e-02]",1.529895699369033,0,0
380,414,2024-09-28 17:01:13.689146112,TASK_BEGIN,23,-0.0504169088277194,0.5868249021582732,0.6035215390300246,-0.7577422966691592,0.8829913213524764,-0.3459888525913189,0.9267589488627256,0.4719412505814089,3,2024-09-28 17:01:13.767426025,1727542873.7674265,2024-09-28 17:01:13.767426560,7,1,9.239676545372467,47.01405769889206,[0. 1. 0. 0.],[0.33475372 0.10760769 0.15415031 0.40348827],"[ 7.12491691e-01 -5.38735271e-01 -1.97451904e-01 -1.20674120e-08
 -2.16496713e-03 -2.20545826e-09  1.00000000e+00  0.00000000e+00
  6.00000024e-01  1.12491675e-01 -3.18932831e-02]",1.5283855572904161,0,0
381,415,2024-09-28 17:01:13.754055936,TASK_BEGIN,23,-0.0519984582437224,0.6027588309803293,0.5553286343520764,-0.7509632904717641,0.8875552134895636,-0.3406851155863127,0.839571028027336,0.4466641584654554,3,2024-09-28 17:01:13.829426025,1727542873.8294268,2024-09-28 17:01:13.829426688,7,1,-0.7919664161821152,34.43540428165586,[0. 1. 0. 0.],[0.35751755 0.12852662 0.13765349 0.37630235],"[ 7.09557354e-01 -5.38735271e-01 -2.15312615e-01 -9.85196014e-09
 -2.16496689e-03  9.11906906e-09  0.00000000e+00  0.00000000e+00
  6.00000024e-01  1.09557375e-01 -3.18932831e-02]",1.5305646160652024,0,0
382,416,2024-09-28 17:01:13.810553856,TASK_BEGIN,23,-0.0532736850027341,0.6184519790221071,0.4885644548780278,-0.7482558099426999,0.8924489382387086,-0.3374326831049862,0.695116203462366,0.436548562247864,3,2024-09-28 17:01:13.829426025,1727542873.8294268,2024-09-28 17:01:13.829426688,7,1,-0.7919664161821152,34.43540428165586,[0. 1. 0. 0.],[0.35751755 0.12852662 0.13765349 0.37630235],"[ 7.09557354e-01 -5.38735271e-01 -2.15312615e-01 -9.85196014e-09
 -2.16496689e-03  9.11906906e-09  0.00000000e+00  0.00000000e+00
  6.00000024e-01  1.09557375e-01 -3.18932831e-02]",1.5305646160652024,0,0
383,417,2024-09-28 17:01:13.888211968,TASK_BEGIN,23,-0.0536901985482663,0.6327030098182557,0.4071866824664066,-0.7509295345088813,0.8971444022700024,-0.3365178686786318,0.4962589922911599,0.4422702680746714,3,2024-09-28 17:01:13.829426025,1727542873.8294268,2024-09-28 17:01:13.829426688,7,1,-0.7919664161821152,34.43540428165586,[0. 1. 0. 0.],[0.35751755 0.12852662 0.13765349 0.37630235],"[ 7.09557354e-01 -5.38735271e-01 -2.15312615e-01 -9.85196014e-09
 -2.16496689e-03  9.11906906e-09  0.00000000e+00  0.00000000e+00
  6.00000024e-01  1.09557375e-01 -3.18932831e-02]",1.5305646160652024,0,0
384,418,2024-09-28 17:01:13.960145920,TASK_BEGIN,23,-0.0525902394977156,0.644212977158714,0.3160960914480019,-0.7598656880264786,0.901132942092876,-0.3380573609623374,0.2498664634380921,0.4635832637094093,3,2024-09-28 17:01:13.988327148,1727542873.988327,2024-09-28 17:01:13.988326912,7,1,-1.0172024815188172,32.648929510604134,[0. 1. 0. 0.],[0.35955554 0.12853353 0.13811219 0.37379875],"[ 7.0235699e-01 -5.3873527e-01 -2.1692121e-01 -1.0365685e-08
 -2.1649657e-03  8.0346920e-09  0.0000000e+00  0.0000000e+00
  6.0000002e-01  1.0235698e-01 -3.1893283e-02]",1.531414050962868,0,0
385,419,2024-09-28 17:01:14.027110144,TASK_BEGIN,23,-0.0493047090518277,0.6516358074446906,0.2207797357102268,-0.7754653682650066,0.9039847694266888,-0.3419704339569031,-0.0334884171439881,0.4993970138170785,3,2024-09-28 17:01:13.988327148,1727542873.988327,2024-09-28 17:01:13.988326912,7,1,-1.0172024815188172,32.648929510604134,[0. 1. 0. 0.],[0.35955554 0.12853353 0.13811219 0.37379875],"[ 7.0235699e-01 -5.3873527e-01 -2.1692121e-01 -1.0365685e-08
 -2.1649657e-03  8.0346920e-09  0.0000000e+00  0.0000000e+00
  6.0000002e-01  1.0235698e-01 -3.1893283e-02]",1.531414050962868,0,0
386,420,2024-09-28 17:01:14.095586816,TASK_BEGIN,23,-0.0432647355048813,0.653631254554361,0.126629684108648,-0.7975837937240041,0.9053806139091491,-0.3479708016106405,-0.3402824731303301,0.5479392407662194,3,2024-09-28 17:01:13.988327148,1727542873.988327,2024-09-28 17:01:13.988326912,7,1,-1.0172024815188172,32.648929510604134,[0. 1. 0. 0.],[0.35955554 0.12853353 0.13811219 0.37379875],"[ 7.0235699e-01 -5.3873527e-01 -2.1692121e-01 -1.0365685e-08
 -2.1649657e-03  8.0346920e-09  0.0000000e+00  0.0000000e+00
  6.0000002e-01  1.0235698e-01 -3.1893283e-02]",1.531414050962868,0,0
387,421,2024-09-28 17:01:15.039041024,TASK_BEGIN,23,-0.0341089945557932,0.6489151170114715,0.0381234913291345,-0.8254757156045732,0.9050878478681228,-0.3555852282658848,-0.6551747298623071,0.6069731385466917,3,2024-09-28 17:01:14.137341064,1727542874.1373417,2024-09-28 17:01:14.137341696,7,0,0.5638886851009914,33.82125000637799,[1. 0. 0. 0.],[0.36652048 0.13270442 0.13572813 0.36504698],"[ 6.9539070e-01 -5.3873527e-01 -1.8976848e-01 -1.7059247e-09
 -2.1649648e-03 -3.1218586e-10  0.0000000e+00  0.0000000e+00
  6.0000002e-01  9.5390700e-02 -3.1893283e-02]",1.455778117782737,0,0
388,422,2024-09-28 17:01:15.106801920,TASK_BEGIN,23,-0.0217598416345664,0.6363069012521777,-0.0417802141579824,-0.8578323057751807,0.9029005956063773,-0.364197414384211,-0.962237233505584,0.6740059415175345,3,2024-09-28 17:01:14.195343018,1727542874.1953437,2024-09-28 17:01:14.195343616,7,0,0.5621868605383611,34.26779000172227,[1. 0. 0. 0.],[0.37137618 0.1363863  0.13433023 0.35790729],"[ 6.9286805e-01 -5.3873527e-01 -1.7890732e-01 -1.0756528e-09
 -2.1649646e-03  9.6635833e-10  0.0000000e+00  0.0000000e+00
  6.0000002e-01  9.2868075e-02 -3.1893283e-02]",1.4538778586080399,0,0
389,423,2024-09-28 17:01:15.165308928,TASK_BEGIN,23,-0.0064412345248794,0.6147736749434044,-0.1118301931525432,-0.8929335263041059,0.8985960451226751,-0.3731109038457201,-1.2460643519201209,0.746416458443252,3,2024-09-28 17:01:14.254340820,1727542874.2543411,2024-09-28 17:01:14.254341120,7,0,0.5605720283704159,34.70218667718898,[1. 0. 0. 0.],[0.37615    0.14014045 0.13287175 0.3508378 ],"[ 6.9049644e-01 -5.3873527e-01 -1.6804616e-01 -4.1103942e-09
 -2.1649643e-03 -1.6447919e-10  0.0000000e+00  0.0000000e+00
  6.0000002e-01  9.0496443e-02 -3.1893283e-02]",1.4522035984947261,0,0
390,424,2024-09-28 17:01:15.226903808,TASK_BEGIN,23,0.0113720538522945,0.5834678990518161,-0.1723123325626453,-0.9288551341237098,0.8919370444365324,-0.3816220078059112,-1.4927938575942876,0.8214990196474413,3,2024-09-28 17:01:14.314343994,1727542874.3143442,2024-09-28 17:01:14.314344192,7,0,0.5590438612110091,35.12485676637754,[1. 0. 0. 0.],[0.38083728 0.14396731 0.13135804 0.34383738],"[ 6.8827552e-01 -5.3873527e-01 -1.5718500e-01 -3.2557770e-09
 -2.1649641e-03  2.9754646e-10  0.0000000e+00  0.0000000e+00
  6.0000002e-01  8.8275500e-02 -3.1893283e-02]",1.4507166541922498,0,0
391,425,2024-09-28 17:01:15.303644672,TASK_BEGIN,23,0.03104668927184,0.541765297636,-0.2246848136443214,-0.9636471028089524,0.8827194279779983,-0.3890948601731299,-1.6910920223037995,0.8964939025497614,3,2024-09-28 17:01:15.197632080,1727542875.197633,2024-09-28 17:01:15.197633024,7,0,-0.014091823131053616,39.61868294404441,[1. 0. 0. 0.],[0.43033953 0.26445985 0.11118847 0.19401214],"[ 6.7302400e-01 -5.3873527e-01  1.4793036e-04  4.5357578e-07
 -2.1666125e-03 -2.9213828e-05  0.0000000e+00  0.0000000e+00
  6.0000002e-01  7.3024020e-02 -3.1893283e-02]",1.4503603310451954,0,0
392,426,2024-09-28 17:01:15.375955200,TASK_BEGIN,23,0.0518723291330915,0.4893190106521572,-0.2711200737469036,-0.9954488153343156,0.8708480409258826,-0.395033104114801,-1.8329494636699983,0.9686548905197108,3,2024-09-28 17:01:15.197632080,1727542875.197633,2024-09-28 17:01:15.197633024,7,0,-0.014091823131053616,39.61868294404441,[1. 0. 0. 0.],[0.43033953 0.26445985 0.11118847 0.19401214],"[ 6.7302400e-01 -5.3873527e-01  1.4793036e-04  4.5357578e-07
 -2.1666125e-03 -2.9213828e-05  0.0000000e+00  0.0000000e+00
  6.0000002e-01  7.3024020e-02 -3.1893283e-02]",1.4503603310451954,0,0
393,427,2024-09-28 17:01:15.442210816,TASK_BEGIN,23,0.073100617035099,0.4261443243961998,-0.3139811564725779,-1.022570485502813,0.8564130412111611,-0.3991388775092712,-1.914100271080405,1.0353448028036047,3,2024-09-28 17:01:15.197632080,1727542875.197633,2024-09-28 17:01:15.197633024,7,0,-0.014091823131053616,39.61868294404441,[1. 0. 0. 0.],[0.43033953 0.26445985 0.11118847 0.19401214],"[ 6.7302400e-01 -5.3873527e-01  1.4793036e-04  4.5357578e-07
 -2.1666125e-03 -2.9213828e-05  0.0000000e+00  0.0000000e+00
  6.0000002e-01  7.3024020e-02 -3.1893283e-02]",1.4503603310451954,0,0
394,428,2024-09-28 17:01:16.389142016,TASK_BEGIN,23,0.093943501804747,0.352733532373688,-0.3552901171316235,-1.043584268509512,0.8397336413342953,-0.40134500362254,-1.9340273496881983,1.094140159902143,3,2024-09-28 17:01:15.837632812,1727542875.8376338,2024-09-28 17:01:15.837633792,7,0,7.391234646547673e-07,31.771549790839135,[1. 0. 0. 0.],[0.43034133 0.26445086 0.11118894 0.19401887],"[ 6.7302400e-01 -5.3873527e-01  8.7820800e-09 -4.1104369e-09
 -2.1664633e-03 -1.4262612e-08  0.0000000e+00  0.0000000e+00
  6.0000002e-01  7.3024020e-02 -3.1893283e-02]",1.4503259391754795,0,0
395,429,2024-09-28 17:01:16.456886016,TASK_BEGIN,23,0.113534675620355,0.2701863664883318,-0.3963234011715214,-1.0574214827237387,0.8213453939327234,-0.4018109643858663,-1.895662101237243,1.1429519860436612,3,2024-09-28 17:01:15.837632812,1727542875.8376338,2024-09-28 17:01:15.837633792,7,0,7.391234646547673e-07,31.771549790839135,[1. 0. 0. 0.],[0.43034133 0.26445086 0.11118894 0.19401887],"[ 6.7302400e-01 -5.3873527e-01  8.7820800e-09 -4.1104369e-09
 -2.1664633e-03 -1.4262612e-08  0.0000000e+00  0.0000000e+00
  6.0000002e-01  7.3024020e-02 -3.1893283e-02]",1.4503259391754795,0,0
396,430,2024-09-28 17:01:16.524609024,TASK_BEGIN,23,0.130851146318819,0.1803350780706169,-0.4374473375735618,-1.0634327033930902,0.8019203089136142,-0.4008818079240743,-1.8049877882797616,1.180177084544595,3,2024-09-28 17:01:15.837632812,1727542875.8376338,2024-09-28 17:01:15.837633792,7,0,7.391234646547673e-07,31.771549790839135,[1. 0. 0. 0.],[0.43034133 0.26445086 0.11118894 0.19401887],"[ 6.7302400e-01 -5.3873527e-01  8.7820800e-09 -4.1104369e-09
 -2.1664633e-03 -1.4262612e-08  0.0000000e+00  0.0000000e+00
  6.0000002e-01  7.3024020e-02 -3.1893283e-02]",1.4503259391754795,0,0
397,431,2024-09-28 17:01:16.591881984,TASK_BEGIN,23,0.1446182646064009,0.0858366272392918,-0.4781769997158618,-1.0613912054746883,0.7821339170217421,-0.399014126317273,-1.670713854216401,1.2048730848539906,3,2024-09-28 17:01:15.837632812,1727542875.8376338,2024-09-28 17:01:15.837633792,7,0,7.391234646547673e-07,31.771549790839135,[1. 0. 0. 0.],[0.43034133 0.26445086 0.11118894 0.19401887],"[ 6.7302400e-01 -5.3873527e-01  8.7820800e-09 -4.1104369e-09
 -2.1664633e-03 -1.4262612e-08  0.0000000e+00  0.0000000e+00
  6.0000002e-01  7.3024020e-02 -3.1893283e-02]",1.4503259391754795,0,0
398,432,2024-09-28 17:01:16.659220992,TASK_BEGIN,23,0.1532530001926481,-0.0098028763713273,-0.5173509249698502,-1.0514736296355722,0.7625325030161486,-0.3966817338519863,-1.5039767282826877,1.21690714191642,3,2024-09-28 17:01:15.837632812,1727542875.8376338,2024-09-28 17:01:15.837633792,7,0,7.391234646547673e-07,31.771549790839135,[1. 0. 0. 0.],[0.43034133 0.26445086 0.11118894 0.19401887],"[ 6.7302400e-01 -5.3873527e-01  8.7820800e-09 -4.1104369e-09
 -2.1664633e-03 -1.4262612e-08  0.0000000e+00  0.0000000e+00
  6.0000002e-01  7.3024020e-02 -3.1893283e-02]",1.4503259391754795,0,0
399,433,2024-09-28 17:01:16.723858176,TASK_BEGIN,23,0.154889477793086,-0.1023021831620076,-0.5533152036344892,-1.0342677811457028,0.7434729687391666,-0.3942873239298722,-1.3178895277491605,1.2169963224759712,3,2024-09-28 17:01:15.837632812,1727542875.8376338,2024-09-28 17:01:15.837633792,7,0,7.391234646547673e-07,31.771549790839135,[1. 0. 0. 0.],[0.43034133 0.26445086 0.11118894 0.19401887],"[ 6.7302400e-01 -5.3873527e-01  8.7820800e-09 -4.1104369e-09
 -2.1664633e-03 -1.4262612e-08  0.0000000e+00  0.0000000e+00
  6.0000002e-01  7.3024020e-02 -3.1893283e-02]",1.4503259391754795,0,0
400,435,2024-09-28 17:01:17.733045248,TASK_BEGIN,23,0.1290584184408406,-0.2581356789805685,-0.6071815221883115,-0.9825885859509756,0.707812916079664,-0.3902858915102532,-0.9453120935324912,1.1876150216833097,3,2024-09-28 17:01:17.799302002,1727542877.7993026,2024-09-28 17:01:17.799302656,8,0,-2.4307796025898227,-16.51383149741273,[1. 0. 0. 0.],[0.46650315 0.27319264 0.12324001 0.1370642 ],"[  0.01206978   0.98162556   0.13765654  -0.25852424  -0.03396356
  -0.05201434   0.           0.           0.4         -0.3879302
 -11.181289  ]",1.500382333269903,0,0
401,436,2024-09-28 17:01:17.785844992,TASK_BEGIN,23,0.0978698959821948,-0.3113551682105148,-0.6200992077481386,-0.9514180131462792,0.6916815601607348,-0.3888456463251897,-0.7866029394336346,1.1621577247257333,3,2024-09-28 17:01:17.857300049,1727542877.8573008,2024-09-28 17:01:17.857300736,8,0,-2.5197911459373614,-21.160479174896,[1. 0. 0. 0.],[0.4751972  0.27248959 0.12626874 0.12604448],"[  0.01393008   0.9723488    0.13772327  -0.30974764  -0.03916139
  -0.05198522   0.           0.           0.4         -0.38606992
 -11.107075  ]",1.5018917609075184,0,0
402,437,2024-09-28 17:01:17.862233856,TASK_BEGIN,23,0.0528522959448754,-0.3422178677828679,-0.6200312130670986,-0.9191778884304284,0.6772085094490966,-0.3877283758473031,-0.660776632574714,1.1321430344886745,3,2024-09-28 17:01:17.944312012,1727542877.9443123,2024-09-28 17:01:17.944312320,8,0,-2.59931682104623,-28.18421284240276,[1. 0. 0. 0.],[0.45953881 0.28813206 0.14215336 0.11017577],"[  0.01672228   0.95543313   0.13782233  -0.38658458  -0.04695266
  -0.05194198   0.           0.           0.4         -0.3832777
 -10.971749  ]",1.5032616441502924,0,0
403,438,2024-09-28 17:01:17.935550976,TASK_BEGIN,23,-0.0060828086443717,-0.3478302719244308,-0.6043947683599986,-0.8874579831130976,0.6649789489015487,-0.3868178647327001,-0.5730782514387224,1.0990954155904875,3,2024-09-28 17:01:17.973331055,1727542877.9733312,2024-09-28 17:01:17.973331200,8,0,-2.6172784655144454,-30.51964917949318,[1. 0. 0. 0.],[0.45560508 0.28989643 0.14622911 0.10826937],"[  0.01765347   0.9489943    0.13785504  -0.41219738  -0.04954834
  -0.05192784   0.           0.           0.4         -0.38234654
 -10.9202385 ]",1.5036270714402031,0,0
404,439,2024-09-28 17:01:18.003827968,TASK_BEGIN,23,-0.0778253859934971,-0.3270688190194639,-0.5712628729480247,-0.857238309713557,0.6556714555209137,-0.3859591058089375,-0.5230629727096303,1.0640371201912595,3,2024-09-28 17:01:17.973331055,1727542877.9733312,2024-09-28 17:01:17.973331200,8,0,-2.6172784655144454,-30.51964917949318,[1. 0. 0. 0.],[0.45560508 0.28989643 0.14622911 0.10826937],"[  0.01765347   0.9489943    0.13785504  -0.41219738  -0.04954834
  -0.05192784   0.           0.           0.4         -0.38234654
 -10.9202385 ]",1.5036270714402031,0,0
405,440,2024-09-28 17:01:18.071806976,TASK_BEGIN,23,-0.1601379827737521,-0.2806385330888715,-0.5198794979955467,-0.8287098153672763,0.649951702514581,-0.3849714789984529,-0.5049767173717438,1.0275398555064892,3,2024-09-28 17:01:17.973331055,1727542877.9733312,2024-09-28 17:01:17.973331200,8,0,-2.6172784655144454,-30.51964917949318,[1. 0. 0. 0.],[0.45560508 0.28989643 0.14622911 0.10826937],"[  0.01765347   0.9489943    0.13785504  -0.41219738  -0.04954834
  -0.05192784   0.           0.           0.4         -0.38234654
 -10.9202385 ]",1.5036270714402031,0,0
406,441,2024-09-28 17:01:18.127270144,TASK_BEGIN,23,-0.2499867516408313,-0.2107701795851466,-0.4510904878198264,-0.8012710390354838,0.6483454277442904,-0.3836622056261015,-0.5091135176237674,0.9898965079842252,3,2024-09-28 17:01:17.973331055,1727542877.9733312,2024-09-28 17:01:17.973331200,8,0,-2.6172784655144454,-30.51964917949318,[1. 0. 0. 0.],[0.45560508 0.28989643 0.14622911 0.10826937],"[  0.01765347   0.9489943    0.13785504  -0.41219738  -0.04954834
  -0.05192784   0.           0.           0.4         -0.38234654
 -10.9202385 ]",1.5036270714402031,0,0
407,442,2024-09-28 17:01:19.089412096,TASK_BEGIN,23,-0.3439367355925566,-0.120768458057099,-0.36758692954839,-0.7736828389437141,0.651133909882063,-0.381838444019071,-0.5236307073020425,0.9513720655692712,3,2024-09-28 17:01:18.624303223,1727542878.624303,2024-09-28 17:01:18.624303104,8,2,-0.3279755983477514,-15.780394903929679,[0. 0. 1. 0.],[0.22770068 0.68541833 0.04187751 0.04500348],"[  0.04030331   0.8937242    0.20138833   0.10253886  -0.12688982
  -0.08254963   0.           0.           0.4         -0.3596967
 -10.478078  ]",1.5409475525618064,0,0
408,443,2024-09-28 17:01:19.147874048,TASK_BEGIN,23,-0.4384201086870606,-0.014624595354521,-0.2738236251345842,-0.744346038115068,0.6583010903231263,-0.3793137155433121,-0.5364761773501763,0.9124710579838744,3,2024-09-28 17:01:18.624303223,1727542878.624303,2024-09-28 17:01:18.624303104,8,2,-0.3279755983477514,-15.780394903929679,[0. 0. 1. 0.],[0.22770068 0.68541833 0.04187751 0.04500348],"[  0.04030331   0.8937242    0.20138833   0.10253886  -0.12688982
  -0.08254963   0.           0.           0.4         -0.3596967
 -10.478078  ]",1.5409475525618064,0,0
409,444,2024-09-28 17:01:19.224870912,TASK_BEGIN,23,-0.5298399863964727,0.103230500192425,-0.1755529910540051,-0.7116177124381201,0.6695233598799928,-0.3759102640477086,-0.5371562941906814,0.8741276282235597,3,2024-09-28 17:01:18.624303223,1727542878.624303,2024-09-28 17:01:18.624303104,8,2,-0.3279755983477514,-15.780394903929679,[0. 0. 1. 0.],[0.22770068 0.68541833 0.04187751 0.04500348],"[  0.04030331   0.8937242    0.20138833   0.10253886  -0.12688982
  -0.08254963   0.           0.           0.4         -0.3596967
 -10.478078  ]",1.5409475525618064,0,0
410,445,2024-09-28 17:01:19.292622080,TASK_BEGIN,23,-0.6145873225341553,0.2280584914374117,-0.0791149126608817,-0.6740637442604382,0.6841878269328971,-0.3714660500802283,-0.5180639446783063,0.8377718871383518,3,2024-09-28 17:01:18.624303223,1727542878.624303,2024-09-28 17:01:18.624303104,8,2,-0.3279755983477514,-15.780394903929679,[0. 0. 1. 0.],[0.22770068 0.68541833 0.04187751 0.04500348],"[  0.04030331   0.8937242    0.20138833   0.10253886  -0.12688982
  -0.08254963   0.           0.           0.4         -0.3596967
 -10.478078  ]",1.5409475525618064,0,0
411,446,2024-09-28 17:01:19.360392960,TASK_BEGIN,23,-0.6890429045942231,0.3548712455941996,0.009315208619616,-0.630623119740091,0.7014492540390936,-0.3658527414909391,-0.4752685522764995,0.8053002846064935,3,2024-09-28 17:01:18.624303223,1727542878.624303,2024-09-28 17:01:18.624303104,8,2,-0.3279755983477514,-15.780394903929679,[0. 0. 1. 0.],[0.22770068 0.68541833 0.04187751 0.04500348],"[  0.04030331   0.8937242    0.20138833   0.10253886  -0.12688982
  -0.08254963   0.           0.           0.4         -0.3596967
 -10.478078  ]",1.5409475525618064,0,0
412,447,2024-09-28 17:01:19.428197888,TASK_BEGIN,23,-0.7495842141717853,0.4784341580658592,0.0844031268832879,-0.5807276755643552,0.7203301158820082,-0.3589988086755264,-0.408787415326097,0.7789630561006959,3,2024-09-28 17:01:18.624303223,1727542878.624303,2024-09-28 17:01:18.624303104,8,2,-0.3279755983477514,-15.780394903929679,[0. 0. 1. 0.],[0.22770068 0.68541833 0.04187751 0.04500348],"[  0.04030331   0.8937242    0.20138833   0.10253886  -0.12688982
  -0.08254963   0.           0.           0.4         -0.3596967
 -10.478078  ]",1.5409475525618064,0,0
413,448,2024-09-28 17:01:19.495897856,TASK_BEGIN,23,-0.7925880833367059,0.593235613501268,0.1421653042735517,-0.524396669788572,0.7398387054603259,-0.350905771371489,-0.3222886402325661,0.7611440880444282,3,2024-09-28 17:01:18.624303223,1727542878.624303,2024-09-28 17:01:18.624303104,8,2,-0.3279755983477514,-15.780394903929679,[0. 0. 1. 0.],[0.22770068 0.68541833 0.04187751 0.04500348],"[  0.04030331   0.8937242    0.20138833   0.10253886  -0.12688982
  -0.08254963   0.           0.           0.4         -0.3596967
 -10.478078  ]",1.5409475525618064,0,0
414,449,2024-09-28 17:01:20.424905984,TASK_BEGIN,23,-0.8144246068822956,0.693461997079991,0.1801883282956201,-0.4622571337913941,0.7590721069089814,-0.3416524509675382,-0.2222610236555173,0.754048676237975,3,2024-09-28 17:01:20.504482910,1727542880.504483,2024-09-28 17:01:20.504483072,8,0,-2.0889478740811853,-103.55003134490197,[1. 0. 0. 0.],[3.52980145e-03 5.64372465e-04 9.94674890e-01 1.23093596e-03],"[ 0.11431972  0.1697861   0.13316399 -1.5251812  -0.1225419   0.08112393
  0.          0.          0.4        -0.28568026 -4.686573  ]",1.558353054620595,0,0
415,450,2024-09-28 17:01:20.505673728,TASK_BEGIN,23,-0.811459942447484,0.7730212427116447,0.197471330210818,-0.3954064262982689,0.7772818348089457,-0.3313883300025494,-0.1169298433035215,0.759377398058856,3,2024-09-28 17:01:20.504482910,1727542880.504483,2024-09-28 17:01:20.504483072,8,0,-2.0889478740811853,-103.55003134490197,[1. 0. 0. 0.],[3.52980145e-03 5.64372465e-04 9.94674890e-01 1.23093596e-03],"[ 0.11431972  0.1697861   0.13316399 -1.5251812  -0.1225419   0.08112393
  0.          0.          0.4        -0.28568026 -4.686573  ]",1.558353054620595,0,0
416,451,2024-09-28 17:01:20.563697920,TASK_BEGIN,23,-0.7800970001150043,0.8256346193105464,0.193920720785468,-0.3250819005885363,0.7938868486807387,-0.3203158032479552,-0.015193641994959,0.778064944779863,3,2024-09-28 17:01:20.504482910,1727542880.504483,2024-09-28 17:01:20.504483072,8,0,-2.0889478740811853,-103.55003134490197,[1. 0. 0. 0.],[3.52980145e-03 5.64372465e-04 9.94674890e-01 1.23093596e-03],"[ 0.11431972  0.1697861   0.13316399 -1.5251812  -0.1225419   0.08112393
  0.          0.          0.4        -0.28568026 -4.686573  ]",1.558353054620595,0,0
417,452,2024-09-28 17:01:20.640480000,TASK_BEGIN,23,-0.7168714993922864,0.844991785087183,0.1696648075256951,-0.252203530499359,0.8084279296870809,-0.3086607914815757,0.0744168707493672,0.810103472755886,3,2024-09-28 17:01:20.504482910,1727542880.504483,2024-09-28 17:01:20.504483072,8,0,-2.0889478740811853,-103.55003134490197,[1. 0. 0. 0.],[3.52980145e-03 5.64372465e-04 9.94674890e-01 1.23093596e-03],"[ 0.11431972  0.1697861   0.13316399 -1.5251812  -0.1225419   0.08112393
  0.          0.          0.4        -0.28568026 -4.686573  ]",1.558353054620595,0,0
418,453,2024-09-28 17:01:20.702074880,TASK_BEGIN,23,-0.6186021591734115,0.8249582922896584,0.1244484485102613,-0.176934136059505,0.8204904027677161,-0.2966387600167159,0.1448442554101577,0.8544159883366168,3,2024-09-28 17:01:20.504482910,1727542880.504483,2024-09-28 17:01:20.504483072,8,0,-2.0889478740811853,-103.55003134490197,[1. 0. 0. 0.],[3.52980145e-03 5.64372465e-04 9.94674890e-01 1.23093596e-03],"[ 0.11431972  0.1697861   0.13316399 -1.5251812  -0.1225419   0.08112393
  0.          0.          0.4        -0.28568026 -4.686573  ]",1.558353054620595,0,0
419,454,2024-09-28 17:01:20.765494016,TASK_BEGIN,23,-0.482580641498851,0.7598279096572238,0.0573591541929488,-0.0984373591966868,0.8296526866245342,-0.2844296818000655,0.191519040029953,0.908768795930425,3,2024-09-28 17:01:20.504482910,1727542880.504483,2024-09-28 17:01:20.504483072,8,0,-2.0889478740811853,-103.55003134490197,[1. 0. 0. 0.],[3.52980145e-03 5.64372465e-04 9.94674890e-01 1.23093596e-03],"[ 0.11431972  0.1697861   0.13316399 -1.5251812  -0.1225419   0.08112393
  0.          0.          0.4        -0.28568026 -4.686573  ]",1.558353054620595,0,0
420,455,2024-09-28 17:01:20.841854976,TASK_BEGIN,23,-0.3067811186727525,0.6446114216231094,-0.0329708996572809,-0.0149699545164608,0.8354925644632897,-0.2721688112347604,0.212982285913254,0.9697880146153478,3,2024-09-28 17:01:20.504482910,1727542880.504483,2024-09-28 17:01:20.504483072,8,0,-2.0889478740811853,-103.55003134490197,[1. 0. 0. 0.],[3.52980145e-03 5.64372465e-04 9.94674890e-01 1.23093596e-03],"[ 0.11431972  0.1697861   0.13316399 -1.5251812  -0.1225419   0.08112393
  0.          0.          0.4        -0.28568026 -4.686573  ]",1.558353054620595,0,0
421,456,2024-09-28 17:01:21.764915968,TASK_BEGIN,23,-0.0900718921953475,0.4753522182569559,-0.1477049228112189,0.0757103566911602,0.8376286027499102,-0.2599496865099902,0.2109927663151061,1.0331592529931393,3,2024-09-28 17:01:20.893620117,1727542880.8936203,2024-09-28 17:01:20.893620224,8,0,-2.1033355713126127,-55.032153634580425,[1. 0. 0. 0.],[0.01162836 0.00181869 0.97858696 0.00796599],"[ 0.13233916 -0.06894034  0.21190053 -1.1451222  -0.07676721  0.06590368
  0.          0.          0.4        -0.26766083 -2.7767618 ]",1.5530847122909783,0,0
422,457,2024-09-28 17:01:21.832681984,TASK_BEGIN,23,0.1675853106524286,0.2494558813310829,-0.2869016407561609,0.1757947575748376,0.8357674494972279,-0.2478376990104999,0.1901740770585021,1.0940194662937084,3,2024-09-28 17:01:21.432543945,1727542881.4325447,2024-09-28 17:01:21.432544768,8,2,-0.5142689998787262,29.84273766891626,[0. 0. 1. 0.],[0.39312985 0.38330878 0.02767733 0.19588404],"[ 0.16964006 -0.2065795   0.33891988  0.05999152 -0.01714512  0.06683646
  0.          0.          0.4        -0.23035994 -1.6756485 ]",1.549449567412045,0,0
423,458,2024-09-28 17:01:21.900409856,TASK_BEGIN,23,0.4649664148357993,-0.0339915988159019,-0.4487700442195457,0.2869374640683228,0.8297591429730802,-0.2358986796140348,0.1572413545921837,1.1474809015028244,3,2024-09-28 17:01:21.432543945,1727542881.4325447,2024-09-28 17:01:21.432544768,8,2,-0.5142689998787262,29.84273766891626,[0. 0. 1. 0.],[0.39312985 0.38330878 0.02767733 0.19588404],"[ 0.16964006 -0.2065795   0.33891988  0.05999152 -0.01714512  0.06683646
  0.          0.          0.4        -0.23035994 -1.6756485 ]",1.549449567412045,0,0
424,459,2024-09-28 17:01:21.968134912,TASK_BEGIN,23,0.7994667603687436,-0.3739568497817826,-0.6294490234195649,0.4099738313880889,0.8196617986222066,-0.2242388920850338,0.1198571210039671,1.1891938457791125,3,2024-09-28 17:01:21.432543945,1727542881.4325447,2024-09-28 17:01:21.432544768,8,2,-0.5142689998787262,29.84273766891626,[0. 0. 1. 0.],[0.39312985 0.38330878 0.02767733 0.19588404],"[ 0.16964006 -0.2065795   0.33891988  0.05999152 -0.01714512  0.06683646
  0.          0.          0.4        -0.23035994 -1.6756485 ]",1.549449567412045,0,0
425,460,2024-09-28 17:01:22.031475200,TASK_BEGIN,23,1.167048203793742,-0.7672892875606944,-0.8233763146912522,0.5448596882629578,0.8057804778197072,-0.2130358020703513,0.0853025324428637,1.2158475427629585,3,2024-09-28 17:01:21.432543945,1727542881.4325447,2024-09-28 17:01:21.432544768,8,2,-0.5142689998787262,29.84273766891626,[0. 0. 1. 0.],[0.39312985 0.38330878 0.02767733 0.19588404],"[ 0.16964006 -0.2065795   0.33891988  0.05999152 -0.01714512  0.06683646
  0.          0.          0.4        -0.23035994 -1.6756485 ]",1.549449567412045,0,0
426,461,2024-09-28 17:01:22.093615872,TASK_BEGIN,23,1.5622614309151532,-1.2086932103796169,-1.0239685415578923,0.6907229876692133,0.7886355266455236,-0.2025377141904898,0.0592609574039177,1.2255368572143643,3,2024-09-28 17:01:21.432543945,1727542881.4325447,2024-09-28 17:01:21.432544768,8,2,-0.5142689998787262,29.84273766891626,[0. 0. 1. 0.],[0.39312985 0.38330878 0.02767733 0.19588404],"[ 0.16964006 -0.2065795   0.33891988  0.05999152 -0.01714512  0.06683646
  0.          0.          0.4        -0.23035994 -1.6756485 ]",1.549449567412045,0,0
427,462,2024-09-28 17:01:22.170270976,TASK_BEGIN,23,1.9783623549521665,-1.6908734090500332,-1.2242703322065502,0.8458978276861002,0.7688610634753292,-0.1930322518961432,0.0449888411635541,1.2179650946179497,3,2024-09-28 17:01:22.246031006,1727542882.2460313,2024-09-28 17:01:22.246031360,8,0,-2.5090975879447086,-16.52848806894317,[1. 0. 0. 0.],[0.01524681 0.00897477 0.95568819 0.02009023],"[ 0.23648818 -0.3427176   0.33892485 -0.6569265   0.07642355  0.06683302
  0.          0.          0.4        -0.16351181 -0.58654374]",1.5556314342319784,0,0
428,463,2024-09-28 17:01:23.113609216,TASK_BEGIN,23,2.4075505712700207,-2.204850851882729,-1.4174376226693426,1.007913982751379,0.7470892482961426,-0.1848054469857186,0.0430311786254355,1.1944675663690676,3,2024-09-28 17:01:22.391026123,1727542882.3910267,2024-09-28 17:01:22.391026688,8,0,-2.593462160143929,-28.278693420820577,[1. 0. 0. 0.],[0.00395912 0.00275292 0.98713243 0.00615553],"[ 0.24842517 -0.40001935  0.33892745 -0.78494734  0.09313163  0.06683232
  0.          0.          0.4        -0.15157484 -0.12812968]",1.5659202625837139,1,2
429,464,2024-09-28 17:01:23.181421056,TASK_BEGIN,23,2.8413245774682063,-2.7404000573460205,-1.597153392067771,1.1735158524611278,0.7238858638537302,-0.1781132381131659,0.051513313274131,1.1578378165196763,3,2024-09-28 17:01:22.391026123,1727542882.3910267,2024-09-28 17:01:22.391026688,8,0,-2.593462160143929,-28.278693420820577,[1. 0. 0. 0.],[0.00395912 0.00275292 0.98713243 0.00615553],"[ 0.24842517 -0.40001935  0.33892745 -0.78494734  0.09313163  0.06683232
  0.          0.          0.4        -0.15157484 -0.12812968]",1.5659202625837139,1,2
430,465,2024-09-28 17:01:23.249192960,TASK_BEGIN,23,3.270886928574341,-3.286536652818263,-1.7581079001549955,1.3387856118209889,0.699763022104841,-0.1731708922626817,0.0669112608360955,1.111963562470725,3,2024-09-28 17:01:22.391026123,1727542882.3910267,2024-09-28 17:01:22.391026688,8,0,-2.593462160143929,-28.278693420820577,[1. 0. 0. 0.],[0.00395912 0.00275292 0.98713243 0.00615553],"[ 0.24842517 -0.40001935  0.33892745 -0.78494734  0.09313163  0.06683232
  0.          0.          0.4        -0.15157484 -0.12812968]",1.5659202625837139,1,2
431,466,2024-09-28 17:01:23.309757184,TASK_BEGIN,23,3.687522713470435,-3.831993882419879,-1.896477501291586,1.499380806022531,0.675238136311418,-0.1701511069367974,0.0850416857578943,1.0613309780934226,3,2024-09-28 17:01:22.480027832,1727542882.4800286,2024-09-28 17:01:22.480028672,8,0,16.902908824120814,14.569901197210665,[1. 0. 0. 0.],[1.54465152e-02 2.33287459e-04 9.84091072e-01 2.29125495e-04],"[ 0.25506997 -0.43380344  0.32467282 -0.6103135   0.03577285 -0.6228136
  1.          1.          0.4        -0.14493003  0.14214306]",1.5351272885954292,1,2
432,467,2024-09-28 17:01:23.372608768,TASK_BEGIN,23,4.082921197579632,-4.365643249538412,-2.0101656251367777,1.650835249377021,0.6508744904515106,-0.1691763820767526,0.1019365125459279,1.0104875762660372,3,2024-09-28 17:01:22.480027832,1727542882.4800286,2024-09-28 17:01:22.480028672,8,0,16.902908824120814,14.569901197210665,[1. 0. 0. 0.],[1.54465152e-02 2.33287459e-04 9.84091072e-01 2.29125495e-04],"[ 0.25506997 -0.43380344  0.32467282 -0.6103135   0.03577285 -0.6228136
  1.          1.          0.4        -0.14493003  0.14214306]",1.5351272885954292,1,2
433,468,2024-09-28 17:01:23.449878016,TASK_BEGIN,23,4.449443395032069,-4.8768264810212125,-2.098654565595444,1.7888364004712105,0.6272577580148769,-0.1702940907379081,0.1143765384124814,0.9635482406785184,3,2024-09-28 17:01:22.567028076,1727542882.567029,2024-09-28 17:01:22.567028992,8,0,-79.11613620320706,-43.96427871542861,[1. 0. 0. 0.],[0.32754057 0.00867164 0.6556452  0.00814259],"[ 0.2604107  -0.45089227  0.24273074 -0.11011843 -0.0398336   0.41950488
  1.          1.          0.4        -0.1395893   0.27885368]",1.531899457034161,1,2
434,470,2024-09-28 17:01:24.438132992,TASK_BEGIN,23,5.0700442686707206,-5.793020437905807,-2.2030929451921244,2.009130383329811,0.5842887480531975,-0.1783766607334533,0.1170479110815389,0.8935943093781523,3,2024-09-28 17:01:24.495609131,1727542884.495609,2024-09-28 17:01:24.495609088,9,0,-2.6389053735098287,-27.404401564685454,[1. 0. 0. 0.],[0.31735898 0.12900077 0.20115853 0.35248172],"[ -0.01419187   0.9408666   -0.16190197  -0.4592024    0.04009962
   0.06118271   0.           0.          -0.4          0.38580814
 -10.011193  ]",1.4949357586906904,0,0
435,471,2024-09-28 17:01:24.505847040,TASK_BEGIN,23,5.314325339000807,-6.181415244291276,-2.2217799274690093,2.0852029308968727,0.5656181879751531,-0.1847395370897585,0.1036440215803895,0.8741752545219136,3,2024-09-28 17:01:24.582605957,1727542884.5826066,2024-09-28 17:01:24.582606592,9,0,-2.6777034980959087,-34.50897417897024,[1. 0. 0. 0.],[0.26139876 0.10223098 0.28486926 0.35150099],"[-0.01747409  0.91694605 -0.16201931 -0.53604126  0.04926923  0.0611308
  0.          0.         -0.4         0.3825259  -9.819829  ]",1.4953204985106943,0,0
436,472,2024-09-28 17:01:24.571315968,TASK_BEGIN,23,5.51074942864227,-6.514956237923419,-2.220247220424728,2.135807105999533,0.5490037800291673,-0.1920237221923962,0.0771470279514561,0.8660270379744728,3,2024-09-28 17:01:24.582605957,1727542884.5826066,2024-09-28 17:01:24.582606592,9,0,-2.6777034980959087,-34.50897417897024,[1. 0. 0. 0.],[0.26139876 0.10223098 0.28486926 0.35150099],"[-0.01747409  0.91694605 -0.16201931 -0.53604126  0.04926923  0.0611308
  0.          0.         -0.4         0.3825259  -9.819829  ]",1.4953204985106943,0,0
437,473,2024-09-28 17:01:24.633331968,TASK_BEGIN,23,5.658962916987263,-6.790214310717484,-2.200168762734363,2.160227158564656,0.534341263562957,-0.1996653746556852,0.0335353830806143,0.8690341518829513,3,2024-09-28 17:01:24.669332031,1727542884.6693323,2024-09-28 17:01:24.669332224,9,0,-2.7036345682265903,-41.49072972022979,[1. 0. 0. 0.],[0.19467273 0.07241994 0.40432988 0.32857745],"[-0.02075895  0.88942504 -0.16213512 -0.6128827   0.05843136  0.0610816
  0.          0.         -0.4         0.37924105 -9.599661  ]",1.495514120245291,0,0
438,474,2024-09-28 17:01:24.699897856,TASK_BEGIN,23,5.760937775118148,-7.0066811530478015,-2.1631736737177585,2.1589505938912588,0.5213097282288786,-0.2070914274216822,-0.032649087241861,0.8827203158509394,3,2024-09-28 17:01:24.758331055,1727542884.7583313,2024-09-28 17:01:24.758331392,9,2,6.924959349652792,-14.480121459059347,[0. 0. 1. 0.],[0.31006608 0.11744294 0.17903266 0.39345832],"[-0.02382318  0.87026966 -0.17821836 -0.30737022  0.06954172  0.06888872
  0.          0.         -0.4         0.3761768  -9.446418  ]",1.4991325831290339,0,0
439,475,2024-09-28 17:01:24.772130816,TASK_BEGIN,23,5.820970568722218,-7.167001500432192,-2.110811752700438,2.133661215367413,0.5093756478150014,-0.2137634975445535,-0.1276150893260824,0.9063469579224052,3,2024-09-28 17:01:24.850472900,1727542884.8504732,2024-09-28 17:01:24.850473216,9,2,3.1080137660663327,-3.631994557280132,[0. 0. 1. 0.],[0.42973443 0.18571274 0.06346918 0.32108364],"[-0.02823234  0.8629123  -0.22219673 -0.0753755   0.07892564  0.06486309
  0.          0.         -0.4         0.37176767 -9.387559  ]",1.519732027711747,0,0
440,476,2024-09-28 17:01:24.844593920,TASK_BEGIN,23,5.845392222621164,-7.276806756072101,-2.044577146993816,2.0871357910869146,0.4978310537845259,-0.2192114960234993,-0.2570089035608474,0.9388815975293462,3,2024-09-28 17:01:24.912470947,1727542884.912471,2024-09-28 17:01:24.912471040,9,2,-3.4250918531196133,-7.088899997686905,[0. 0. 1. 0.],[0.42358285 0.19635562 0.05816807 0.32189346],"[-0.03150018  0.86378896 -0.24998166  0.07037047  0.08538327  0.06337414
  0.          0.         -0.4         0.36849982 -9.394572  ]",1.531215246926137,0,0
441,477,2024-09-28 17:01:25.787512832,TASK_BEGIN,23,5.842019713464209,-7.344163682493887,-1.9658766454393315,2.02301531051505,0.4858653627054289,-0.2230605608678553,-0.4244282447009454,0.9789194163083604,3,2024-09-28 17:01:25.091768066,1727542885.0917685,2024-09-28 17:01:25.091768576,9,2,-4.1737768491264715,-28.929251737330443,[0. 0. 1. 0.],[0.29670664 0.19403793 0.02684767 0.48240776],"[-0.04150979  0.88737273 -0.22290766  0.39329705  0.10906918  0.09927915
  0.          0.         -0.4         0.3584902  -9.583242  ]",1.546621867490265,0,0
442,478,2024-09-28 17:01:25.855899904,TASK_BEGIN,23,5.819454499917274,-7.378752870084417,-1.8758959262660884,1.9454664912233608,0.4726614810338536,-0.2250522991462066,-0.6301756856973757,1.0246547395276042,3,2024-09-28 17:01:25.091768066,1727542885.0917685,2024-09-28 17:01:25.091768576,9,2,-4.1737768491264715,-28.929251737330443,[0. 0. 1. 0.],[0.29670664 0.19403793 0.02684767 0.48240776],"[-0.04150979  0.88737273 -0.22290766  0.39329705  0.10906918  0.09927915
  0.          0.         -0.4         0.3584902  -9.583242  ]",1.546621867490265,0,0
443,479,2024-09-28 17:01:25.922413056,TASK_BEGIN,23,5.786373191452714,-7.390946286937564,-1.7754883858486468,1.8588253221671769,0.4574846377731288,-0.2250529326748622,-0.8704868787649385,1.0739552057502737,3,2024-09-28 17:01:25.091768066,1727542885.0917685,2024-09-28 17:01:25.091768576,9,2,-4.1737768491264715,-28.929251737330443,[0. 0. 1. 0.],[0.29670664 0.19403793 0.02684767 0.48240776],"[-0.04150979  0.88737273 -0.22290766  0.39329705  0.10906918  0.09927915
  0.          0.         -0.4         0.3584902  -9.583242  ]",1.546621867490265,0,0
444,480,2024-09-28 17:01:25.991337216,TASK_BEGIN,23,5.750935495165107,-7.390947829360748,-1.6652519003166992,1.7673217932537504,0.4397215603542403,-0.2230384331142439,-1.1373622056088792,1.1245203987788257,3,2024-09-28 17:01:25.091768066,1727542885.0917685,2024-09-28 17:01:25.091768576,9,2,-4.1737768491264715,-28.929251737330443,[0. 0. 1. 0.],[0.29670664 0.19403793 0.02684767 0.48240776],"[-0.04150979  0.88737273 -0.22290766  0.39329705  0.10906918  0.09927915
  0.          0.         -0.4         0.3584902  -9.583242  ]",1.546621867490265,0,0
445,481,2024-09-28 17:01:26.059129856,TASK_BEGIN,23,5.720365044051176,-7.388099691914078,-1.545835811913599,1.6749137526781392,0.418867804606782,-0.2190601129520629,-1.4190181076497053,1.1740472491361649,3,2024-09-28 17:01:26.124366943,1727542886.1243675,2024-09-28 17:01:26.124367360,9,1,-3.188170938479127,-31.339777748841172,[0. 1. 0. 0.],[0.22743983 0.0636876  0.24320998 0.46566259],"[-0.08516208  0.85233307 -0.21288003 -0.5021919   0.10572843  0.07595012
  0.          0.         -0.4         0.3148379  -9.302925  ]",1.5035828658900918,0,0
446,482,2024-09-28 17:01:26.125344000,TASK_BEGIN,23,5.700695465163307,-7.390390595991269,-1.4183591208988822,1.585188397202456,0.3945212507383753,-0.2132109479086104,-1.7008903961354578,1.220347789170365,3,2024-09-28 17:01:26.154941162,1727542886.1549418,2024-09-28 17:01:26.154941696,9,1,-3.3337446752670505,-34.36012464661981,[0. 1. 0. 0.],[0.18518189 0.04505614 0.27454481 0.49521716],"[-0.08666897  0.844079   -0.22446726 -0.52879995  0.11087623  0.10295556
  0.          0.         -0.4         0.31333104 -9.236893  ]",1.5098201373191333,0,0
447,483,2024-09-28 17:01:26.187830784,TASK_BEGIN,23,5.69664793514962,-7.404164088084476,-1.2847767295360617,1.5012900074485314,0.366442650240208,-0.2056124648618102,-1.9670579348529504,1.2614359117612048,3,2024-09-28 17:01:26.242939941,1727542886.2429407,2024-09-28 17:01:26.242940672,9,1,-3.457965490546238,-42.305198281250426,[0. 1. 0. 0.],[0.12225547 0.02490526 0.36983676 0.48300251],"[-0.09125781  0.8169073  -0.23620525 -0.60649574  0.1276848   0.13026118
  0.          0.         -0.4         0.3087422  -9.019519  ]",1.5187178857933903,0,0
448,484,2024-09-28 17:01:27.133398016,TASK_BEGIN,23,5.7116057393030415,-7.434004370948169,-1.1481289673039623,1.4258770555422,0.3346781738358753,-0.1964251509744337,-2.2018094140770854,1.2956052955557835,3,2024-09-28 17:01:26.652941895,1727542886.6529427,2024-09-28 17:01:26.652942592,9,1,-5.130311502826666,-93.80082651005546,[0. 1. 0. 0.],[1.75977528e-02 7.21840510e-05 5.21370882e-02 9.30192975e-01],"[-0.11981472  0.6408539  -0.36468348 -0.9849661   0.35138252  0.43847948
  0.          0.         -0.4         0.28018528 -7.611091  ]",1.5616175688592098,0,0
449,485,2024-09-28 17:01:27.194983936,TASK_BEGIN,23,5.747656880550133,-7.482761868082818,-1.012701037330447,1.36112913534948,0.299680360406307,-0.1858713232273289,-2.391057031739967,1.321478466959804,3,2024-09-28 17:01:27.237942871,1727542887.237943,2024-09-28 17:01:27.237943040,9,0,-2.514018652086577,-158.5143071705001,[1. 0. 0. 0.],[2.75306541e-04 1.85558736e-07 3.07734831e-07 9.99724200e-01],"[-0.22755735  0.4243554  -1.4292141  -0.35657892  0.8098272   0.46572915
  0.          0.         -0.4         0.17244266 -5.879103  ]",1.5622140198343595,0,0
450,486,2024-09-28 17:01:27.273915904,TASK_BEGIN,23,5.805677514575741,-7.5516774800897055,-0.8840658112395928,1.3087868150740944,0.2623687135542561,-0.1742573632135376,-2.523549735484546,1.3380212279586805,3,2024-09-28 17:01:27.237942871,1727542887.237943,2024-09-28 17:01:27.237943040,9,0,-2.514018652086577,-158.5143071705001,[1. 0. 0. 0.],[2.75306541e-04 1.85558736e-07 3.07734831e-07 9.99724200e-01],"[-0.22755735  0.4243554  -1.4292141  -0.35657892  0.8098272   0.46572915
  0.          0.         -0.4         0.17244266 -5.879103  ]",1.5622140198343595,0,0
451,487,2024-09-28 17:01:27.333753088,TASK_BEGIN,23,5.885431548098295,-7.640572618796902,-0.7688398015952329,1.270163696694864,0.2241054571184215,-0.1619847371336472,-2.591934684138542,1.3445546370936865,3,2024-09-28 17:01:27.237942871,1727542887.237943,2024-09-28 17:01:27.237943040,9,0,-2.514018652086577,-158.5143071705001,[1. 0. 0. 0.],[2.75306541e-04 1.85558736e-07 3.07734831e-07 9.99724200e-01],"[-0.22755735  0.4243554  -1.4292141  -0.35657892  0.8098272   0.46572915
  0.          0.         -0.4         0.17244266 -5.879103  ]",1.5622140198343595,0,0
452,488,2024-09-28 17:01:27.409320192,TASK_BEGIN,23,5.985676870494824,-7.748079647106276,-0.674005723573026,1.2460948575511126,0.1865867508607268,-0.1495418516846308,-2.5934366289327446,1.3407556186317455,3,2024-09-28 17:01:27.237942871,1727542887.237943,2024-09-28 17:01:27.237943040,9,0,-2.514018652086577,-158.5143071705001,[1. 0. 0. 0.],[2.75306541e-04 1.85558736e-07 3.07734831e-07 9.99724200e-01],"[-0.22755735  0.4243554  -1.4292141  -0.35657892  0.8098272   0.46572915
  0.          0.         -0.4         0.17244266 -5.879103  ]",1.5622140198343595,0,0
453,489,2024-09-28 17:01:27.477127936,TASK_BEGIN,23,6.104288771034734,-7.87189048481723,-0.6059557387302399,1.2368639875506833,0.1516745720539641,-0.1374737933685694,-2.5298185956395574,1.3265956569818185,3,2024-09-28 17:01:27.237942871,1727542887.237943,2024-09-28 17:01:27.237943040,9,0,-2.514018652086577,-158.5143071705001,[1. 0. 0. 0.],[2.75306541e-04 1.85558736e-07 3.07734831e-07 9.99724200e-01],"[-0.22755735  0.4243554  -1.4292141  -0.35657892  0.8098272   0.46572915
  0.          0.         -0.4         0.17244266 -5.879103  ]",1.5622140198343595,0,0
454,490,2024-09-28 17:01:27.544788992,TASK_BEGIN,23,6.2384174413824764,-8.009006243981535,-0.5696493551793015,1.242189104918506,0.1212109195620673,-0.1263336858596427,-2.406693315975862,1.302239688307148,3,2024-09-28 17:01:27.237942871,1727542887.237943,2024-09-28 17:01:27.237943040,9,0,-2.514018652086577,-158.5143071705001,[1. 0. 0. 0.],[2.75306541e-04 1.85558736e-07 3.07734831e-07 9.99724200e-01],"[-0.22755735  0.4243554  -1.4292141  -0.35657892  0.8098272   0.46572915
  0.          0.         -0.4         0.17244266 -5.879103  ]",1.5622140198343595,0,0
455,491,2024-09-28 17:01:28.487317248,TASK_BEGIN,23,6.384682661411185,-8.155976748867047,-0.5681341000989282,1.2613059633622157,0.096840685605446,-0.1166248149211966,-2.232641166334602,1.2679895590529338,3,2024-09-28 17:01:28.562486816,1727542888.5624878,2024-09-28 17:01:28.562487808,9,3,3.8529808330323387,-118.23677067482636,[0. 0. 0. 1.],[0.07939896 0.0025886  0.10790743 0.81010501],"[-0.8127283   0.01641941 -1.7296621  -0.95954233  0.57359934 -0.9128607
  0.          0.         -0.4        -0.4127283  -2.6156156 ]",1.3975667304397237,0,0
456,492,2024-09-28 17:01:28.552673024,TASK_BEGIN,23,6.539381765904047,-8.309118433881324,-0.6023675200446091,1.2931148896291271,0.0798442895068559,-0.1087433850757361,-2.018450492924412,1.2242873709570257,3,2024-09-28 17:01:28.623489014,1727542888.6234899,2024-09-28 17:01:28.623489792,9,3,4.145636337442957,-107.63046280057786,[0. 0. 0. 1.],[0.07194345 0.0013347  0.51441489 0.41230697],"[-0.8373027  -0.01527727 -1.7014716  -1.0010701   0.47642973 -0.9896075
  0.          0.         -0.4        -0.4373027  -2.3620422 ]",1.4259346230667982,0,0
457,493,2024-09-28 17:01:28.622889216,TASK_BEGIN,23,6.698672606917111,-8.46469752744713,-0.6712323229179817,1.336330294558636,0.0709868449895635,-0.1029283892299301,-1.7764028241920575,1.171722104822245,3,2024-09-28 17:01:28.681489014,1727542888.6814892,2024-09-28 17:01:28.681489152,9,3,4.5804228715433535,-96.77086292872478,[0. 0. 0. 1.],[1.71771303e-02 2.82622090e-04 9.57143343e-01 2.53969045e-02],"[-0.86160165 -0.04826385 -1.6725671  -1.0454249   0.3721954  -1.0618912
  0.          0.         -0.4        -0.46160164 -2.0981495 ]",1.4429548573001958,0,0
458,494,2024-09-28 17:01:28.690632192,TASK_BEGIN,23,6.858713104371787,-8.619072063318766,-0.771832278928332,1.389612999371309,0.0704189784483672,-0.099224859193684,-1.5194445534310792,1.1110226164656314,3,2024-09-28 17:01:28.772490967,1727542888.772491,2024-09-28 17:01:28.772491008,9,3,4.813460211209806,-79.5975932558166,[0. 0. 0. 1.],[2.01964294e-04 2.15500784e-06 9.99767276e-01 2.86047719e-05],"[-0.89742535 -0.10020727 -1.6245961  -1.1158487   0.2014859  -1.1743205
  0.          0.         -0.4        -0.49742535 -1.682602  ]",1.5127244557227442,0,0
459,495,2024-09-28 17:01:28.752521984,TASK_BEGIN,23,7.015767543555919,-8.768794853745321,-0.9001914365656085,1.45168866092148,0.0776603747300013,-0.0974707660839261,-1.2603322175240483,1.043077736679775,3,2024-09-28 17:01:28.830490234,1727542888.83049,2024-09-28 17:01:28.830490112,9,3,4.732404898641951,-68.38688948572099,[0. 0. 0. 1.],[5.51107695e-06 5.44442453e-08 9.99994121e-01 3.12980681e-07],"[-0.9209138  -0.1365434  -1.596956   -1.1666646   0.07923132 -1.2360492
  0.          0.         -0.4        -0.5209138  -1.391913  ]",1.5517451586870366,0,0
460,496,2024-09-28 17:01:28.814126080,TASK_BEGIN,23,7.16629125028838,-8.910681542947435,-1.0521985249163182,1.5214187539812754,0.0916540530011898,-0.097315982740126,-1.010941314312846,0.969010112718024,3,2024-09-28 17:01:28.888490967,1727542888.8884912,2024-09-28 17:01:28.888491264,9,3,-4.967491832399682,-66.93650702794297,[0. 0. 0. 1.],[6.23329516e-07 8.54103110e-09 9.99999347e-01 2.06742350e-08],"[-0.94409347 -0.1742922  -1.5692866  -1.2198371  -0.04918557 -1.2975808
  0.          0.         -0.4        -0.5440935  -1.0899225 ]",1.5632624080290811,0,0
461,497,2024-09-28 17:01:28.893876992,TASK_BEGIN,23,7.306990142100093,-9.041849472720877,-1.22434024392078,1.5977713697739822,0.1108614153900577,-0.0982699181156249,-0.7818098822324582,0.8903029877431045,3,2024-09-28 17:01:28.946489990,1727542888.9464908,2024-09-28 17:01:28.946490880,9,3,-8.278996598377327,-81.97990442967544,[0. 0. 0. 1.],[1.14405812e-07 2.78459190e-09 9.99999881e-01 1.66456448e-09],"[-0.9669237  -0.21352977 -1.5371836  -1.276929   -0.1842894  -1.3709539
  0.          0.         -0.4        -0.5669237  -0.77602214]",1.5656216287920757,1,2
462,498,2024-09-28 17:01:29.837404928,TASK_BEGIN,23,7.4348474749912254,-9.159739815860242,-1.413812867954815,1.67968447811824,0.1333905254075096,-0.0997639164381403,-0.5819730841800382,0.8089690214868213,3,2024-09-28 17:01:28.946489990,1727542888.9464908,2024-09-28 17:01:28.946490880,9,3,-8.278996598377327,-81.97990442967544,[0. 0. 0. 1.],[1.14405812e-07 2.78459190e-09 9.99999881e-01 1.66456448e-09],"[-0.9669237  -0.21352977 -1.5371836  -1.276929   -0.1842894  -1.3709539
  0.          0.         -0.4        -0.5669237  -0.77602214]",1.5656216287920757,1,2
463,499,2024-09-28 17:01:29.905217792,TASK_BEGIN,23,7.547127140934527,-9.262140302343935,-1.6180234044909634,1.7658740030375428,0.1571643615493378,-0.1012153858394114,-0.4191545882101939,0.7277075973822227,3,2024-09-28 17:01:29.006532959,1727542889.0065334,2024-09-28 17:01:29.006533376,9,3,-9.057504885165722,-98.20419824628443,[0. 0. 0. 1.],[3.80701743e-08 1.93616192e-09 9.99999960e-01 2.17684273e-10],"[-0.9893965  -0.25431406 -1.5107584  -1.3368628  -0.32610133 -1.4352853
  0.          0.         -0.4        -0.58939654 -0.4497477 ]",1.5638593313675604,1,2
464,505,2024-09-28 17:01:31.186214912,TASK_BEGIN,23,7.78835172424241,-9.482717425731082,-2.922745970543194,2.2493754810348463,0.2374632907811501,-0.0878137205453757,-0.5292913045751855,0.4595596685474701,3,2024-09-28 17:01:31.253717041,1727542891.2537174,2024-09-28 17:01:31.253717504,10,0,-2.736719347762687,-48.95173553938923,[1. 0. 0. 0.],[0.10849075 0.03993771 0.60394133 0.24763021],"[-0.03023775  0.8588412  -0.19517322 -0.68282026  0.08493503  0.07338076
  0.          0.         -0.6         0.56976223 -9.492531  ]",1.5131551730329276,0,0
465,506,2024-09-28 17:01:31.255309056,TASK_BEGIN,23,7.750662375146476,-9.453668371252698,-3.10038372610697,2.297645487105126,0.2351174459256739,-0.0812319032311329,-0.7483512429927252,0.4860187386176063,3,2024-09-28 17:01:31.253717041,1727542891.2537174,2024-09-28 17:01:31.253717504,10,0,-2.736719347762687,-48.95173553938923,[1. 0. 0. 0.],[0.10849075 0.03993771 0.60394133 0.24763021],"[-0.03023775  0.8588412  -0.19517322 -0.68282026  0.08493503  0.07338076
  0.          0.         -0.6         0.56976223 -9.492531  ]",1.5131551730329276,0,0
466,507,2024-09-28 17:01:31.322137088,TASK_BEGIN,23,7.693041229008515,-9.409086654054036,-3.2501563530172195,2.329401714395653,0.2290379625254317,-0.0738685628142344,-1.0161357897981895,0.5375508750552425,3,2024-09-28 17:01:31.253717041,1727542891.2537174,2024-09-28 17:01:31.253717504,10,0,-2.736719347762687,-48.95173553938923,[1. 0. 0. 0.],[0.10849075 0.03993771 0.60394133 0.24763021],"[-0.03023775  0.8588412  -0.19517322 -0.68282026  0.08493503  0.07338076
  0.          0.         -0.6         0.56976223 -9.492531  ]",1.5131551730329276,0,0
467,508,2024-09-28 17:01:31.386947072,TASK_BEGIN,23,7.61777123719708,-9.351208022814246,-3.3676706925337387,2.3432617022947846,0.2198617448486994,-0.0659836299520105,-1.3231313271532574,0.6127038780791835,3,2024-09-28 17:01:31.253717041,1727542891.2537174,2024-09-28 17:01:31.253717504,10,0,-2.736719347762687,-48.95173553938923,[1. 0. 0. 0.],[0.10849075 0.03993771 0.60394133 0.24763021],"[-0.03023775  0.8588412  -0.19517322 -0.68282026  0.08493503  0.07338076
  0.          0.         -0.6         0.56976223 -9.492531  ]",1.5131551730329276,0,0
468,509,2024-09-28 17:01:31.458554880,TASK_BEGIN,23,7.527640002683633,-9.282530192559651,-3.450530145913669,2.338900563110262,0.2081746395484441,-0.0578175949538734,-1.657096909362075,0.7084196176040781,3,2024-09-28 17:01:31.253717041,1727542891.2537174,2024-09-28 17:01:31.253717504,10,0,-2.736719347762687,-48.95173553938923,[1. 0. 0. 0.],[0.10849075 0.03993771 0.60394133 0.24763021],"[-0.03023775  0.8588412  -0.19517322 -0.68282026  0.08493503  0.07338076
  0.          0.         -0.6         0.56976223 -9.492531  ]",1.5131551730329276,0,0
469,510,2024-09-28 17:01:31.526070016,TASK_BEGIN,23,7.425860613508273,-9.20571035499104,-3.4985463170522832,2.3170514975307857,0.1944712490827425,-0.0495848959811962,-2.00330397326667,0.8201572312222178,3,2024-09-28 17:01:31.253717041,1727542891.2537174,2024-09-28 17:01:31.253717504,10,0,-2.736719347762687,-48.95173553938923,[1. 0. 0. 0.],[0.10849075 0.03993771 0.60394133 0.24763021],"[-0.03023775  0.8588412  -0.19517322 -0.68282026  0.08493503  0.07338076
  0.          0.         -0.6         0.56976223 -9.492531  ]",1.5131551730329276,0,0
470,511,2024-09-28 17:01:31.588503040,TASK_BEGIN,23,7.315951753056979,-9.12346138608386,-3.513717327728141,2.279409508001175,0.1791523572188,-0.0414759684758394,-2.3449484166539394,0.94214846594455,3,2024-09-28 17:01:31.253717041,1727542891.2537174,2024-09-28 17:01:31.253717504,10,0,-2.736719347762687,-48.95173553938923,[1. 0. 0. 0.],[0.10849075 0.03993771 0.60394133 0.24763021],"[-0.03023775  0.8588412  -0.19517322 -0.68282026  0.08493503  0.07338076
  0.          0.         -0.6         0.56976223 -9.492531  ]",1.5131551730329276,0,0
471,512,2024-09-28 17:01:32.512525824,TASK_BEGIN,23,7.20156099269744,-9.038444724730414,-3.500037561853944,2.228473239564095,0.1625632980603465,-0.0336618802895333,-2.663934702179274,1.0677932710433389,3,2024-09-28 17:01:31.924726074,1727542891.9247267,2024-09-28 17:01:31.924726784,10,2,-8.393011478825759,-30.60460496880704,[0. 0. 1. 0.],[0.36077856 0.23797662 0.02706634 0.37417847],"[-0.07451439  0.7810271  -0.3376222   0.31024647  0.18751322  0.14000404
  0.          0.         -0.6         0.52548563 -8.870018  ]",1.5520107373604586,0,0
472,513,2024-09-28 17:01:32.570988032,TASK_BEGIN,23,7.086253374766844,-8.95316305537531,-3.463051526801701,2.167315743516385,0.1450669175361089,-0.0262962968565376,-2.9421503204966437,1.1901540872812608,3,2024-09-28 17:01:31.924726074,1727542891.9247267,2024-09-28 17:01:31.924726784,10,2,-8.393011478825759,-30.60460496880704,[0. 0. 1. 0.],[0.36077856 0.23797662 0.02706634 0.37417847],"[-0.07451439  0.7810271  -0.3376222   0.31024647  0.18751322  0.14000404
  0.          0.         -0.6         0.52548563 -8.870018  ]",1.5520107373604586,0,0
473,514,2024-09-28 17:01:32.632988160,TASK_BEGIN,23,6.973319587114236,-8.869864063480705,-3.409141125282588,2.099293065407704,0.1271112190084599,-0.0195117963244968,-3.163025737192433,1.3024822359363215,3,2024-09-28 17:01:31.924726074,1727542891.9247267,2024-09-28 17:01:31.924726784,10,2,-8.393011478825759,-30.60460496880704,[0. 0. 1. 0.],[0.36077856 0.23797662 0.02706634 0.37417847],"[-0.07451439  0.7810271  -0.3376222   0.31024647  0.18751322  0.14000404
  0.          0.         -0.6         0.52548563 -8.870018  ]",1.5520107373604586,0,0
474,515,2024-09-28 17:01:32.715836928,TASK_BEGIN,23,6.865655918351522,-8.790467895653272,-3.3447994181168625,2.027757244200337,0.1092323958791807,-0.0134071294204066,-3.3130152642053385,1.3987229795398648,3,2024-09-28 17:01:31.924726074,1727542891.9247267,2024-09-28 17:01:31.924726784,10,2,-8.393011478825759,-30.60460496880704,[0. 0. 1. 0.],[0.36077856 0.23797662 0.02706634 0.37417847],"[-0.07451439  0.7810271  -0.3376222   0.31024647  0.18751322  0.14000404
  0.          0.         -0.6         0.52548563 -8.870018  ]",1.5520107373604586,0,0
475,516,2024-09-28 17:01:32.772028160,TASK_BEGIN,23,6.765725518824396,-8.716523174529513,-3.2761411734467822,1.9558354309966832,0.0919661494410789,-0.0080206354045489,-3.3827919903479606,1.4739778336422702,3,2024-09-28 17:01:32.804229004,1727542892.804229,2024-09-28 17:01:32.804229120,10,1,-4.914963298689779,-62.94450429890473,[0. 1. 0. 0.],[0.03778814 0.00452611 0.58822673 0.36945902],"[-0.14572994  0.73975575 -0.42995286 -0.482469    0.46121627  0.37639314
  0.          0.         -0.6         0.45427006 -8.539847  ]",1.554291996002061,0,0
476,517,2024-09-28 17:01:32.850635008,TASK_BEGIN,23,6.675560740345227,-8.64918623358672,-3.2086181514494743,1.886277425799458,0.0757058763292514,-0.0032945758283164,-3.368136720079718,1.524909554327638,3,2024-09-28 17:01:32.926057129,1727542892.9260578,2024-09-28 17:01:32.926057728,10,1,-5.284431051533156,-76.59852222646914,[0. 1. 0. 0.],[1.45744057e-02 5.23664052e-04 1.89506246e-01 7.95395685e-01],"[-0.15707438  0.7060473  -0.44340274 -0.5914263   0.53850794  0.41679233
  0.          0.         -0.6         0.44292563 -8.27018   ]",1.5610644794192705,0,0
477,518,2024-09-28 17:01:32.919034880,TASK_BEGIN,23,6.596757964728442,-8.589213618116348,-3.146799367218481,1.8213675109955996,0.060587802892077,0.0009477850734952,-3.2704451113122794,1.550019654846408,3,2024-09-28 17:01:32.957055176,1727542892.9570556,2024-09-28 17:01:32.957055488,10,1,-5.515339789856634,-81.3478767940611,[0. 1. 0. 0.],[6.83686500e-03 1.19677005e-04 4.38305473e-02 9.49212911e-01],"[-0.16005802  0.696499   -0.4582058  -0.6226687   0.56142175  0.4582758
  0.          0.         -0.6         0.43994197 -8.193793  ]",1.5619978198607827,0,0
478,519,2024-09-28 17:01:33.859898112,TASK_BEGIN,23,6.530449041247478,-8.536961724710036,-3.0942086348203346,1.7629329081813567,0.0464741514102635,0.0049883428417125,-3.0966939273172787,1.5497089346741322,3,2024-09-28 17:01:33.310852051,1727542893.310852,2024-09-28 17:01:33.310852096,10,0,-4.416300988022499,-121.20892748629996,[1. 0. 0. 0.],[6.48441917e-04 1.12527069e-07 1.83507267e-05 9.99333095e-01],"[-0.19601496  0.5510206  -0.45598269 -0.93171483  0.8362268   0.45778346
  0.          0.         -0.6         0.40398505 -7.0299664 ]",1.5626770786980895,1,2
479,520,2024-09-28 17:01:33.930458880,TASK_BEGIN,23,6.477259516109545,-8.492394244056062,-3.0532407458281097,1.7124524765064864,0.0330572680887544,0.0091599924998688,-2.858859363290664,1.5261262568620786,3,2024-09-28 17:01:33.310852051,1727542893.310852,2024-09-28 17:01:33.310852096,10,0,-4.416300988022499,-121.20892748629996,[1. 0. 0. 0.],[6.48441917e-04 1.12527069e-07 1.83507267e-05 9.99333095e-01],"[-0.19601496  0.5510206  -0.45598269 -0.93171483  0.8362268   0.45778346
  0.          0.         -0.6         0.40398505 -7.0299664 ]",1.5626770786980895,1,2
480,521,2024-09-28 17:01:33.983753984,TASK_BEGIN,23,6.437266896057724,-8.455101248787447,-3.0250682264249984,1.6711805893455165,0.0200421243257374,0.0137722392850481,-2.5729209900302266,1.482879179707538,3,2024-09-28 17:01:33.310852051,1727542893.310852,2024-09-28 17:01:33.310852096,10,0,-4.416300988022499,-121.20892748629996,[1. 0. 0. 0.],[6.48441917e-04 1.12527069e-07 1.83507267e-05 9.99333095e-01],"[-0.19601496  0.5510206  -0.45598269 -0.93171483  0.8362268   0.45778346
  0.          0.         -0.6         0.40398505 -7.0299664 ]",1.5626770786980895,1,2
481,522,2024-09-28 17:01:34.061430016,TASK_BEGIN,23,6.409978591902538,-8.424333347761722,-3.009464933567393,1.6401679888949368,0.0073260342787627,0.0190427704725324,-2.25754634161664,1.424647046815583,3,2024-09-28 17:01:33.310852051,1727542893.310852,2024-09-28 17:01:33.310852096,10,0,-4.416300988022499,-121.20892748629996,[1. 0. 0. 0.],[6.48441917e-04 1.12527069e-07 1.83507267e-05 9.99333095e-01],"[-0.19601496  0.5510206  -0.45598269 -0.93171483  0.8362268   0.45778346
  0.          0.         -0.6         0.40398505 -7.0299664 ]",1.5626770786980895,1,2
482,523,2024-09-28 17:01:34.133652224,TASK_BEGIN,23,6.3943597668421415,-8.399053698637509,-3.0046129668703707,1.620132022049596,-0.0048849291285287,0.0250498685052936,-1.9325585498147309,1.3567352236804908,3,2024-09-28 17:01:33.310852051,1727542893.310852,2024-09-28 17:01:33.310852096,10,0,-4.416300988022499,-121.20892748629996,[1. 0. 0. 0.],[6.48441917e-04 1.12527069e-07 1.83507267e-05 9.99333095e-01],"[-0.19601496  0.5510206  -0.45598269 -0.93171483  0.8362268   0.45778346
  0.          0.         -0.6         0.40398505 -7.0299664 ]",1.5626770786980895,1,2
483,524,2024-09-28 17:01:34.201395968,TASK_BEGIN,23,6.388926010803212,-8.378009493439752,-3.0070030136234203,1.6112325334762754,-0.0160435468681952,0.0317096125987627,-1.6173735131463478,1.2846547271232038,3,2024-09-28 17:01:33.310852051,1727542893.310852,2024-09-28 17:01:33.310852096,10,0,-4.416300988022499,-121.20892748629996,[1. 0. 0. 0.],[6.48441917e-04 1.12527069e-07 1.83507267e-05 9.99333095e-01],"[-0.19601496  0.5510206  -0.45598269 -0.93171483  0.8362268   0.45778346
  0.          0.         -0.6         0.40398505 -7.0299664 ]",1.5626770786980895,1,2
484,525,2024-09-28 17:01:34.269119232,TASK_BEGIN,23,6.39187342895072,-8.359818298770314,-3.0114990490299154,1.612869256083502,-0.0253178525952279,0.0387820432197569,-1.329571149406569,1.213767300319444,3,2024-09-28 17:01:34.338811035,1727542894.3388112,2024-09-28 17:01:34.338811136,10,2,-12.637371293202808,-199.57542288343407,[0. 0. 1. 0.],[2.54854960e-04 7.72167995e-07 1.27741939e-06 9.99743095e-01],"[-0.4196      0.01574302 -2.3642719  -0.5139595   0.7659471  -0.18018295
  0.          0.         -0.6         0.18039998 -2.7477453 ]",1.5385058085514833,1,2
485,526,2024-09-28 17:01:35.171090944,TASK_BEGIN,23,6.401191987063347,-8.34305481018743,-3.011653721750097,1.623611508334152,-0.031723848324421,0.045910125116276,-1.0836667455645128,1.1489350935189508,3,2024-09-28 17:01:34.689119141,1727542894.6891198,2024-09-28 17:01:34.689119744,10,0,0.4490505102979796,-226.6113265610348,[1. 0. 0. 0.],[1.36732070e-05 4.97487595e-09 5.37823256e-07 9.99985784e-01],"[-0.66190106 -0.03754866 -3.0517452  -0.31141827  0.66206914 -0.17537603
  0.          0.         -0.6        -0.06190108 -2.3214118 ]",1.549435996856117,1,2
486,527,2024-09-28 17:01:35.248275200,TASK_BEGIN,23,6.414737308307658,-8.326323419129812,-3.0003066419748987,1.6412964206181804,-0.0342939033180385,0.0526839298614722,-0.8901263664718843,1.09413187501794,3,2024-09-28 17:01:34.689119141,1727542894.6891198,2024-09-28 17:01:34.689119744,10,0,0.4490505102979796,-226.6113265610348,[1. 0. 0. 0.],[1.36732070e-05 4.97487595e-09 5.37823256e-07 9.99985784e-01],"[-0.66190106 -0.03754866 -3.0517452  -0.31141827  0.66206914 -0.17537603
  0.          0.         -0.6        -0.06190108 -2.3214118 ]",1.549435996856117,1,2
487,528,2024-09-28 17:01:35.310362112,TASK_BEGIN,23,6.430296979215638,-8.308317206586505,-2.970303646170088,1.6632279265997798,-0.0322369884122228,0.058711353697355,-0.7547115177363402,1.0520865529011574,3,2024-09-28 17:01:34.689119141,1727542894.6891198,2024-09-28 17:01:34.689119744,10,0,0.4490505102979796,-226.6113265610348,[1. 0. 0. 0.],[1.36732070e-05 4.97487595e-09 5.37823256e-07 9.99985784e-01],"[-0.66190106 -0.03754866 -3.0517452  -0.31141827  0.66206914 -0.17537603
  0.          0.         -0.6        -0.06190108 -2.3214118 ]",1.549435996856117,1,2
488,529,2024-09-28 17:01:35.389805056,TASK_BEGIN,23,6.445698865145281,-8.287876309680097,-2.915115733629517,1.6863794098911995,-0.0250681412553446,0.0636775701099331,-0.6782521576306704,1.0240617858676484,3,2024-09-28 17:01:34.689119141,1727542894.6891198,2024-09-28 17:01:34.689119744,10,0,0.4490505102979796,-226.6113265610348,[1. 0. 0. 0.],[1.36732070e-05 4.97487595e-09 5.37823256e-07 9.99985784e-01],"[-0.66190106 -0.03754866 -3.0517452  -0.31141827  0.66206914 -0.17537603
  0.          0.         -0.6        -0.06190108 -2.3214118 ]",1.549435996856117,1,2
489,530,2024-09-28 17:01:35.451340800,TASK_BEGIN,23,6.458955215415582,-8.264052793222747,-2.829318968310725,1.7075692115320085,-0.012695710119107,0.0673812736160331,-0.65692016061353,1.0098044481710262,3,2024-09-28 17:01:34.689119141,1727542894.6891198,2024-09-28 17:01:34.689119744,10,0,0.4490505102979796,-226.6113265610348,[1. 0. 0. 0.],[1.36732070e-05 4.97487595e-09 5.37823256e-07 9.99985784e-01],"[-0.66190106 -0.03754866 -3.0517452  -0.31141827  0.66206914 -0.17537603
  0.          0.         -0.6        -0.06190108 -2.3214118 ]",1.549435996856117,1,2
490,531,2024-09-28 17:01:35.511177984,TASK_BEGIN,23,6.46840113130698,-8.236177921231857,-2.7090425167962557,1.7236425455373885,0.0045540546499426,0.069739383051479,-0.6830017491430355,1.007659846564135,3,2024-09-28 17:01:34.689119141,1727542894.6891198,2024-09-28 17:01:34.689119744,10,0,0.4490505102979796,-226.6113265610348,[1. 0. 0. 0.],[1.36732070e-05 4.97487595e-09 5.37823256e-07 9.99985784e-01],"[-0.66190106 -0.03754866 -3.0517452  -0.31141827  0.66206914 -0.17537603
  0.          0.         -0.6        -0.06190108 -2.3214118 ]",1.549435996856117,1,2
491,532,2024-09-28 17:01:35.593035008,TASK_BEGIN,23,6.47280869758678,-8.20392608339297,-2.552434214726647,1.7316902352668624,0.0259974011380547,0.0707612439307767,-0.7460574079987672,1.0148375572793635,3,2024-09-28 17:01:34.689119141,1727542894.6891198,2024-09-28 17:01:34.689119744,10,0,0.4490505102979796,-226.6113265610348,[1. 0. 0. 0.],[1.36732070e-05 4.97487595e-09 5.37823256e-07 9.99985784e-01],"[-0.66190106 -0.03754866 -3.0517452  -0.31141827  0.66206914 -0.17537603
  0.          0.         -0.6        -0.06190108 -2.3214118 ]",1.549435996856117,1,2
492,536,2024-09-28 17:01:36.739860224,TASK_BEGIN,23,6.435502959073543,-8.03922787045898,-1.6152593372137865,1.6463416273663651,0.1352226767363047,0.0629880442053964,-1.136792307813976,1.063533445513811,3,2024-09-28 17:01:36.819581055,1727542896.819582,2024-09-28 17:01:36.819581952,11,0,-1.1165653652087855,-1.5068020135289877,[1. 0. 0. 0.],[0.41925224 0.22235337 0.06535949 0.29303491],"[-1.9397736e-03  1.0016441e+00 -9.5845945e-02 -5.2739073e-02
  5.6523038e-03  3.6419153e-02  0.0000000e+00  0.0000000e+00
 -6.0000002e-01  5.9806025e-01 -1.2561826e+01]",1.4872286569937174,0,0
493,537,2024-09-28 17:01:36.807643904,TASK_BEGIN,23,6.4167612979498765,-7.994811164560932,-1.338767447452811,1.5932841631716896,0.1643789819034206,0.0585036294058078,-1.22090473476109,1.064195478765576,3,2024-09-28 17:01:36.879582031,1727542896.879583,2024-09-28 17:01:36.879582976,11,0,-1.898212274682777,-4.937624222812485,[1. 0. 0. 0.],[0.41286803 0.21173807 0.06960467 0.30578923],"[-3.2347043e-03  9.9879575e-01 -9.5894076e-02 -1.0396647e-01
  9.2916070e-03  3.6398116e-02  0.0000000e+00  0.0000000e+00
 -6.0000002e-01  5.9676528e-01 -1.2539039e+01]",1.4910500032230884,0,0
494,538,2024-09-28 17:01:36.875407104,TASK_BEGIN,23,6.397821835231146,-7.9524352916665215,-1.065453303059051,1.5292688885990755,0.1933580246129058,0.0531367070160239,-1.2880644644319643,1.0566576348538477,3,2024-09-28 17:01:36.938581055,1727542896.938582,2024-09-28 17:01:36.938582016,11,0,-2.259457887766189,-9.191498201679686,[1. 0. 0. 0.],[0.41158615 0.18808023 0.07107255 0.32926106],"[-4.53042984e-03  9.94346976e-01 -9.59420800e-02 -1.55183554e-01
  1.29287718e-02  3.63761783e-02  0.00000000e+00  0.00000000e+00
 -6.00000024e-01  5.95469594e-01 -1.25034485e+01]",1.4943101368237244,0,0
495,539,2024-09-28 17:01:36.942347776,TASK_BEGIN,23,6.380876000683331,-7.913888668386347,-0.8056305585050183,1.4561145507852291,0.2220510507613363,0.046933246905798,-1.337034750717656,1.041308999874857,3,2024-09-28 17:01:37.025583984,1727542897.0255842,2024-09-28 17:01:37.025584128,11,0,-2.482289600806226,-16.120103330332135,[1. 0. 0. 0.],[0.42005426 0.1832409  0.07864515 0.31805969],"[-6.4753690e-03  9.8467314e-01 -9.6013516e-02 -2.3201069e-01
  1.8380430e-02  3.6343444e-02  0.0000000e+00  0.0000000e+00
 -6.0000002e-01  5.9352463e-01 -1.2426058e+01]",1.4977542543426383,0,0
496,540,2024-09-28 17:01:37.886654976,TASK_BEGIN,23,6.367888844415225,-7.880701878667597,-0.56851876430111,1.3759481268340958,0.2504085702195044,0.0399418503572113,-1.3688466961890948,1.019758316227228,3,2024-09-28 17:01:37.848076172,1727542897.8480766,2024-09-28 17:01:37.848076544,11,1,-4.636338252908425,-93.39008133703499,[0. 1. 0. 0.],[0.03233921 0.00107733 0.22954615 0.73703731],"[ -0.03167836   0.71909523  -0.22700176  -0.96329343   0.20971517
   0.34126824   0.           0.          -0.6          0.56832165
 -10.3014345 ]",1.5497427025593513,0,0
497,541,2024-09-28 17:01:37.954468096,TASK_BEGIN,23,6.360286618692967,-7.8539284716756015,-0.361850471818572,1.2910816222278851,0.2782938217335214,0.0322221387965155,-1.3862964824585275,0.9945507013719812,3,2024-09-28 17:01:38.024040039,1727542898.02404,2024-09-28 17:01:38.024039936,11,0,-4.1267000221175465,-112.0360518530656,[1. 0. 0. 0.],[1.67083645e-02 1.69679700e-04 1.11068907e-01 8.72053049e-01],"[-0.04012926  0.62074804 -0.22676022 -1.1175356   0.3120779   0.34116635
  0.          0.         -0.6         0.5598707  -9.514657  ]",1.55276305004293,0,0
498,542,2024-09-28 17:01:38.008227072,TASK_BEGIN,23,6.358704128157762,-7.833954419258812,-0.1915486480053234,1.2039032146706703,0.3053530681976334,0.0238446485245486,-1.3932996438072531,0.9687532187691826,3,2024-09-28 17:01:38.082040039,1727542898.0820403,2024-09-28 17:01:38.082040320,11,0,-4.131019237346067,-118.02520375427567,[1. 0. 0. 0.],[1.49718638e-02 9.98489763e-05 1.01999246e-01 8.82929042e-01],"[-0.04295031  0.5847863  -0.22665799 -1.1689454   0.346192    0.3411324
  0.          0.         -0.6         0.5570497  -9.226963  ]",1.5560983509032458,0,0
499,543,2024-09-28 17:01:38.089950208,TASK_BEGIN,23,6.362832318070988,-7.820360477910693,-0.0614943487949589,1.116800927763934,0.3309534205883953,0.0148861811198736,-1.3941666245790172,0.9454977538471808,3,2024-09-28 17:01:38.170038086,1727542898.1700387,2024-09-28 17:01:38.170038784,11,1,-4.746879320503334,-127.41077232790788,[0. 1. 0. 0.],[1.25614291e-02 4.60142062e-05 1.27732260e-01 8.59660297e-01],"[-0.04725425  0.5278318  -0.23816958 -1.2485604   0.39880413  0.37002724
  0.          0.         -0.6         0.55274576 -8.771327  ]",1.562530971448958,0,0
500,544,2024-09-28 17:01:38.148673024,TASK_BEGIN,23,6.371381281653508,-7.811851189085702,0.0264526439039562,1.0321139954148248,0.3542185981156986,0.0054266122250006,-1.3929051940829014,0.9275754848649416,3,2024-09-28 17:01:38.170038086,1727542898.1700387,2024-09-28 17:01:38.170038784,11,1,-4.746879320503334,-127.41077232790788,[0. 1. 0. 0.],[1.25614291e-02 4.60142062e-05 1.27732260e-01 8.59660297e-01],"[-0.04725425  0.5278318  -0.23816958 -1.2485604   0.39880413  0.37002724
  0.          0.         -0.6         0.55274576 -8.771327  ]",1.562530971448958,0,0
501,545,2024-09-28 17:01:38.210767104,TASK_BEGIN,23,6.382144098069031,-7.806253759170361,0.0721396554021797,0.952083717677397,0.3741479978856165,-0.0044515733263965,-1.3926149105917678,0.917134419168208,3,2024-09-28 17:01:38.286039062,1727542898.2860394,2024-09-28 17:01:38.286039296,11,1,-5.830607120683178,-144.14473042409506,[0. 1. 0. 0.],[6.57385120e-03 3.20680555e-06 9.26111263e-02 9.00811816e-01],"[-0.05406483  0.44569528 -0.29898798 -1.369836    0.49270782  0.53059125
  0.          0.         -0.6         0.54593515 -8.114235  ]",1.5645052382306281,0,0
502,546,2024-09-28 17:01:38.293188096,TASK_BEGIN,23,6.39212236933445,-7.800586776967624,0.0766880336569365,0.878796061028443,0.3897722152836946,-0.0146650893601135,-1.3949543488632317,0.915485394158668,3,2024-09-28 17:01:38.373037109,1727542898.3730373,2024-09-28 17:01:38.373037312,11,1,-6.378288889418181,-158.66118507470162,[0. 1. 0. 0.],[6.05549556e-04 2.66159998e-08 4.03366247e-03 9.95360761e-01],"[-0.06009197  0.37921822 -0.34026542 -1.4645927   0.58478826  0.65051144
  0.          0.         -0.6         0.53990805 -7.582418  ]",1.5655368784956736,0,0
503,547,2024-09-28 17:01:39.236731904,TASK_BEGIN,23,6.397683558904973,-7.791200541516964,0.0421732165024323,0.8141440931559771,0.4003037584159168,-0.025137186055523,-1.3997011955988878,0.9229957580214972,3,2024-09-28 17:01:38.521072998,1727542898.521073,2024-09-28 17:01:38.521073152,11,1,-7.28540844115714,-184.7102276284913,[0. 1. 0. 0.],[9.59584058e-05 3.16702268e-09 6.54329550e-05 9.99838605e-01],"[-0.07153797  0.2592392  -0.39135388 -1.6210017   0.7728763   0.8157113
  0.          0.         -0.6         0.52846205 -6.622586  ]",1.566217325709881,1,2
504,548,2024-09-28 17:01:39.304569088,TASK_BEGIN,23,6.394756257792347,-7.773987106849304,-0.0285187717834017,0.7598510616870441,0.405256527992114,-0.0358084124086465,-1.404588877918054,0.9390610020724302,3,2024-09-28 17:01:38.521072998,1727542898.521073,2024-09-28 17:01:38.521073152,11,1,-7.28540844115714,-184.7102276284913,[0. 1. 0. 0.],[9.59584058e-05 3.16702268e-09 6.54329550e-05 9.99838605e-01],"[-0.07153797  0.2592392  -0.39135388 -1.6210017   0.7728763   0.8157113
  0.          0.         -0.6         0.52846205 -6.622586  ]",1.566217325709881,1,2
505,549,2024-09-28 17:01:39.372334080,TASK_BEGIN,23,6.379087634558943,-7.744652317406301,-0.1317900413475599,0.7175662045971262,0.4045124695362299,-0.0466436467748638,-1.4056140369080266,0.9621748504322196,3,2024-09-28 17:01:38.521072998,1727542898.521073,2024-09-28 17:01:38.521073152,11,1,-7.28540844115714,-184.7102276284913,[0. 1. 0. 0.],[9.59584058e-05 3.16702268e-09 6.54329550e-05 9.99838605e-01],"[-0.07153797  0.2592392  -0.39135388 -1.6210017   0.7728763   0.8157113
  0.          0.         -0.6         0.52846205 -6.622586  ]",1.566217325709881,1,2
506,550,2024-09-28 17:01:39.439612928,TASK_BEGIN,23,6.34657120931234,-7.699040740903394,-0.2634843789389127,0.6889793603151071,0.3983293371130724,-0.0576312910942346,-1.397751842402637,0.990108094208506,3,2024-09-28 17:01:38.550072998,1727542898.5500736,2024-09-28 17:01:38.550073600,11,1,-7.584361756720918,-190.4474871089273,[0. 1. 0. 0.],[8.71879366e-05 3.14176304e-09 3.30083359e-05 9.99879801e-01],"[-0.07402563  0.2338556  -0.40224972 -1.6539952   0.8156305   0.8550844
  0.          0.         -0.6         0.5259744  -6.419517  ]",1.5659928354508952,1,2
507,551,2024-09-28 17:01:39.507847936,TASK_BEGIN,23,6.293624512742234,-7.633497972891496,-0.4190427674052848,0.6758637914484463,0.3873007321345313,-0.0687750504612946,-1.3757729967137766,1.020156511717127,3,2024-09-28 17:01:38.667071045,1727542898.6670709,2024-09-28 17:01:38.667070976,11,0,-6.622796021456111,-209.05010771385525,[1. 0. 0. 0.],[1.34612113e-04 1.29752816e-08 1.08337666e-05 9.99854541e-01],"[-0.0840621   0.12843072 -0.39909413 -1.7581961   0.98651373  0.85401905
  0.          0.         -0.6         0.5159379  -5.576118  ]",1.563656656973571,1,2
508,552,2024-09-28 17:01:39.575217152,TASK_BEGIN,23,6.217572273138536,-7.545239614898779,-0.5935985508906974,0.6799994695659732,0.3722749997487569,-0.0800775330320203,-1.334872774648316,1.0493839867209187,3,2024-09-28 17:01:38.667071045,1727542898.6670709,2024-09-28 17:01:38.667070976,11,0,-6.622796021456111,-209.05010771385525,[1. 0. 0. 0.],[1.34612113e-04 1.29752816e-08 1.08337666e-05 9.99854541e-01],"[-0.0840621   0.12843072 -0.39909413 -1.7581961   0.98651373  0.85401905
  0.          0.         -0.6         0.5159379  -5.576118  ]",1.563656656973571,1,2
509,553,2024-09-28 17:01:39.642818816,TASK_BEGIN,23,6.116977077382872,-7.432686306120138,-0.7820300806451973,0.702995079649555,0.3542413282753375,-0.0915157684159934,-1.2710257733123007,1.0748041444683698,3,2024-09-28 17:01:38.754036865,1727542898.7540379,2024-09-28 17:01:38.754037760,11,0,-6.616468304393663,-222.49912362449416,[1. 0. 0. 0.],[5.05186443e-04 1.17261248e-07 1.44683615e-05 9.99480228e-01],"[-0.09168776  0.04526019 -0.39645547 -1.8360955   1.1145366   0.85322285
  0.          0.         -0.6         0.5083122  -4.9107537 ]",1.5632986798018293,1,2
510,556,2024-09-28 17:01:40.722394112,TASK_BEGIN,23,5.676138379314961,-6.956336521748478,-1.3766304420721296,0.8933552132641325,0.2920157569369275,-0.1256317478970713,-0.917446410587718,1.1006978986377576,3,2024-09-28 17:01:40.801918945,1727542900.8019197,2024-09-28 17:01:40.801919744,12,0,-1.5600255124212339,-1.5600255124212339,[1. 0. 0. 0.],[0.42594887 0.16385999 0.06207999 0.34811116],"[-2.4965603e-03  9.9756479e-01 -1.8497188e-01 -1.8406773e-01
  7.3322216e-03  7.0324145e-02  0.0000000e+00  0.0000000e+00
 -6.0000002e-01  5.9750342e-01 -1.2086368e+01]",1.4910168909545223,0,0
511,557,2024-09-28 17:01:40.790204160,TASK_BEGIN,23,5.493330859413982,-6.761814582207027,-1.5661508902055086,0.995300578653341,0.2716238773978268,-0.1363486080984189,-0.7444629040237286,1.085607532234342,3,2024-09-28 17:01:40.859885010,1727542900.859886,2024-09-28 17:01:40.859885824,12,0,-2.2353501532241467,-5.87555271545288,[1. 0. 0. 0.],[0.42596813 0.15180715 0.06687396 0.35535076],"[-4.9957433e-03  9.9061286e-01 -1.8506524e-01 -2.3530859e-01
  1.4359247e-02  7.0280328e-02  0.0000000e+00  0.0000000e+00
 -6.0000002e-01  5.9500426e-01 -1.2030752e+01]",1.4925256808745553,0,0
512,558,2024-09-28 17:01:40.857914112,TASK_BEGIN,23,5.301245522242416,-6.5583140402953575,-1.7421617017076698,1.1121959416797116,0.2528285566582512,-0.1463629877057241,-0.5478186456224797,1.0572310641925922,3,2024-09-28 17:01:40.917917969,1727542900.9179187,2024-09-28 17:01:40.917918720,12,0,-2.3867355370647374,-10.440433288698692,[1. 0. 0. 0.],[0.4269568  0.14663322 0.07091044 0.35549954],"[-7.4961982e-03  9.8206067e-01 -1.8515795e-01 -2.8653169e-01
  2.1381911e-02  7.0236497e-02  0.0000000e+00  0.0000000e+00
 -6.0000002e-01  5.9250379e-01 -1.1962335e+01]",1.4935031295584202,0,0
513,559,2024-09-28 17:01:40.925678848,TASK_BEGIN,23,5.1064763427173,-6.352708412237221,-1.8995650423170007,1.2393140586215283,0.2363822430292513,-0.1554023471691513,-0.3327406426588868,1.0163766022282246,3,2024-09-28 17:01:41.004854004,1727542901.0048547,2024-09-28 17:01:41.004854784,12,0,-2.52939196122243,-17.51962682749282,[1. 0. 0. 0.],[0.4023224  0.13954369 0.09504008 0.36309383],"[-1.1249304e-02  9.6623242e-01 -1.8529598e-01 -3.6336786e-01
  3.1907897e-02  7.0173144e-02  0.0000000e+00  0.0000000e+00
 -6.0000002e-01  5.8875072e-01 -1.1835709e+01]",1.4957684379203042,0,0
514,560,2024-09-28 17:01:40.993389824,TASK_BEGIN,23,4.915935183918057,-6.152280893788854,-2.034055436778787,1.3708848380455851,0.2228682573307925,-0.1631331072612939,-0.1059306643392411,0.9649917069804858,3,2024-09-28 17:01:41.065850098,1727542901.065851,2024-09-28 17:01:41.065850880,12,0,-2.5904732501662124,-22.298268494058913,[1. 0. 0. 0.],[0.36442237 0.12627678 0.13139226 0.37790859],"[ -0.0137531    0.95368016  -0.18538712  -0.41459355   0.03892006
   0.0701317    0.           0.          -0.6          0.5862469
 -11.735291  ]",1.4972913396333618,0,0
515,561,2024-09-28 17:01:41.937842944,TASK_BEGIN,23,4.736378645323838,-5.96423242826693,-2.1426060646844456,1.5006570708578768,0.2126188239462124,-0.1691437151191226,0.1251822322054106,0.9059503951100186,3,2024-09-28 17:01:41.619458008,1727542901.619458,2024-09-28 17:01:41.619458048,12,2,-1.1430421388658403,-11.557640968062461,[0. 0. 1. 0.],[0.41530853 0.16286936 0.05443175 0.36739036],"[ -0.04972013   0.90968335  -0.30890796   0.07345577   0.08759622
   0.05698814   0.           0.          -0.6          0.55027986
 -11.383316  ]",1.5298488575838023,0,0
516,562,2024-09-28 17:01:42.001336064,TASK_BEGIN,23,4.574000142563142,-5.795212602859192,-2.223782441062963,1.6224743963615595,0.2056772905468379,-0.1729589433318086,0.353230401699994,0.8427388915846955,3,2024-09-28 17:01:41.619458008,1727542901.619458,2024-09-28 17:01:41.619458048,12,2,-1.1430421388658403,-11.557640968062461,[0. 0. 1. 0.],[0.41530853 0.16286936 0.05443175 0.36739036],"[ -0.04972013   0.90968335  -0.30890796   0.07345577   0.08759622
   0.05698814   0.           0.          -0.6          0.55027986
 -11.383316  ]",1.5298488575838023,0,0
517,563,2024-09-28 17:01:42.072398848,TASK_BEGIN,23,4.434113725221255,-5.650919952346634,-2.2777308146240003,1.7307612723539516,0.2017981327895913,-0.1740857304972578,0.5714827861381637,0.7791305531551403,3,2024-09-28 17:01:41.619458008,1727542901.619458,2024-09-28 17:01:41.619458048,12,2,-1.1430421388658403,-11.557640968062461,[0. 0. 1. 0.],[0.41530853 0.16286936 0.05443175 0.36739036],"[ -0.04972013   0.90968335  -0.30890796   0.07345577   0.08759622
   0.05698814   0.           0.          -0.6          0.55027986
 -11.383316  ]",1.5298488575838023,0,0
518,564,2024-09-28 17:01:42.125905920,TASK_BEGIN,23,4.32091977102976,-5.535802920285011,-2.305843383892177,1.8208990229552136,0.2004624434681854,-0.1720725320492266,0.7741722318175558,0.7188840057562063,3,2024-09-28 17:01:41.619458008,1727542901.619458,2024-09-28 17:01:41.619458048,12,2,-1.1430421388658403,-11.557640968062461,[0. 0. 1. 0.],[0.41530853 0.16286936 0.05443175 0.36739036],"[ -0.04972013   0.90968335  -0.30890796   0.07345577   0.08759622
   0.05698814   0.           0.          -0.6          0.55027986
 -11.383316  ]",1.5298488575838023,0,0
519,565,2024-09-28 17:01:42.208892160,TASK_BEGIN,23,4.237339011223468,-5.452866651601316,-2.310219831328124,1.8894911880734035,0.200909076835339,-0.1665672019614608,0.9567367630581748,0.6654479681047728,3,2024-09-28 17:01:41.619458008,1727542901.619458,2024-09-28 17:01:41.619458048,12,2,-1.1430421388658403,-11.557640968062461,[0. 0. 1. 0.],[0.41530853 0.16286936 0.05443175 0.36739036],"[ -0.04972013   0.90968335  -0.30890796   0.07345577   0.08759622
   0.05698814   0.           0.          -0.6          0.55027986
 -11.383316  ]",1.5298488575838023,0,0
520,566,2024-09-28 17:01:42.276250880,TASK_BEGIN,23,4.184909966137637,-5.403571819168843,-2.293154453709918,1.934507570744389,0.2022005296555427,-0.1573710549229309,1.1159845676868865,0.6216968601392225,3,2024-09-28 17:01:41.619458008,1727542901.619458,2024-09-28 17:01:41.619458048,12,2,-1.1430421388658403,-11.557640968062461,[0. 0. 1. 0.],[0.41530853 0.16286936 0.05443175 0.36739036],"[ -0.04972013   0.90968335  -0.30890796   0.07345577   0.08759622
   0.05698814   0.           0.          -0.6          0.55027986
 -11.383316  ]",1.5298488575838023,0,0
521,567,2024-09-28 17:01:42.344395008,TASK_BEGIN,23,4.163738838185487,-5.387802909195519,-2.256906003030349,1.955309191086033,0.203337560275979,-0.1444892811656589,1.249968678110345,0.5897677324529857,3,2024-09-28 17:01:41.619458008,1727542901.619458,2024-09-28 17:01:41.619458048,12,2,-1.1430421388658403,-11.557640968062461,[0. 0. 1. 0.],[0.41530853 0.16286936 0.05443175 0.36739036],"[ -0.04972013   0.90968335  -0.30890796   0.07345577   0.08759622
   0.05698814   0.           0.          -0.6          0.55027986
 -11.383316  ]",1.5298488575838023,0,0
522,568,2024-09-28 17:01:43.286948864,TASK_BEGIN,23,4.172484170185592,-5.403880397756373,-2.2038281859022013,1.952578884938175,0.2034088955635309,-0.128168818419082,1.357530715570833,0.5710030926598955,3,2024-09-28 17:01:43.348722900,1727542903.3487236,2024-09-28 17:01:43.348723712,12,0,-2.6643837337496166,-105.20963671329189,[1. 0. 0. 0.],[5.92941629e-03 7.72108743e-05 9.71373621e-01 2.26197514e-02],"[-0.17460267  0.2697525  -0.308863   -1.4371213   0.25570443  0.05698384
  0.          0.         -0.6         0.42539734 -6.2638693 ]",1.556858892990545,0,0
523,569,2024-09-28 17:01:43.354721280,TASK_BEGIN,23,4.208376262309139,-5.448601133759794,-2.136662875533604,1.9281816295230656,0.2017336215207709,-0.1089102123918628,1.437787683899893,0.5659147854808848,3,2024-09-28 17:01:43.406722168,1727542903.4067223,2024-09-28 17:01:43.406722304,12,0,-2.6690316952796707,-108.4250869008249,[1. 0. 0. 0.],[4.05697947e-03 4.17418127e-05 9.83843221e-01 1.20580581e-02],"[-0.17883666  0.22366452 -0.3088607  -1.488327    0.26140282  0.05698339
  0.          0.         -0.6         0.42116335 -5.8951654 ]",1.5586658774978663,0,0
524,570,2024-09-28 17:01:43.422509056,TASK_BEGIN,23,4.2672908592131815,-5.517310710259952,-2.0586975856004277,1.8849547892495715,0.1979578673920304,-0.0874500893617682,1.4898302917500623,0.5741065230260735,3,2024-09-28 17:01:43.406722168,1727542903.4067223,2024-09-28 17:01:43.406722304,12,0,-2.6690316952796707,-108.4250869008249,[1. 0. 0. 0.],[4.05697947e-03 4.17418127e-05 9.83843221e-01 1.20580581e-02],"[-0.17883666  0.22366452 -0.3088607  -1.488327    0.26140282  0.05698339
  0.          0.         -0.6         0.42116335 -5.8951654 ]",1.5586658774978663,0,0
525,571,2024-09-28 17:01:43.490263040,TASK_BEGIN,23,4.34388542173041,-5.604019383241966,-1.973634597814618,1.8264101137933832,0.1920925061567632,-0.0647203559641795,1.5126923795345113,0.5941905257614046,3,2024-09-28 17:01:43.406722168,1727542903.4067223,2024-09-28 17:01:43.406722304,12,0,-2.6690316952796707,-108.4250869008249,[1. 0. 0. 0.],[4.05697947e-03 4.17418127e-05 9.83843221e-01 1.20580581e-02],"[-0.17883666  0.22366452 -0.3088607  -1.488327    0.26140282  0.05698339
  0.          0.         -0.6         0.42116335 -5.8951654 ]",1.5586658774978663,0,0
526,572,2024-09-28 17:01:43.558015232,TASK_BEGIN,23,4.431787380952369,-5.701565065755991,-1.8852064033763087,1.756350580835578,0.1844858366834311,-0.0417850043120251,1.5054856291260894,0.6238060103004363,3,2024-09-28 17:01:43.406722168,1727542903.4067223,2024-09-28 17:01:43.406722304,12,0,-2.6690316952796707,-108.4250869008249,[1. 0. 0. 0.],[4.05697947e-03 4.17418127e-05 9.83843221e-01 1.20580581e-02],"[-0.17883666  0.22366452 -0.3088607  -1.488327    0.26140282  0.05698339
  0.          0.         -0.6         0.42116335 -5.8951654 ]",1.5586658774978663,0,0
527,573,2024-09-28 17:01:43.625630976,TASK_BEGIN,23,4.523825304197656,-5.801819738474316,-1.7966565506587229,1.6784687879511706,0.1757303814229388,-0.0197525276162506,1.467489028672445,0.6598452487650319,3,2024-09-28 17:01:43.406722168,1727542903.4067223,2024-09-28 17:01:43.406722304,12,0,-2.6690316952796707,-108.4250869008249,[1. 0. 0. 0.],[4.05697947e-03 4.17418127e-05 9.83843221e-01 1.20580581e-02],"[-0.17883666  0.22366452 -0.3088607  -1.488327    0.26140282  0.05698339
  0.          0.         -0.6         0.42116335 -5.8951654 ]",1.5586658774978663,0,0
528,574,2024-09-28 17:01:43.692846848,TASK_BEGIN,23,4.612294608361058,-5.895936207621847,-1.7102505026403645,1.5960329498146126,0.1665337521815365,0.0003244203274024,1.3980888425543616,0.6988851524619049,3,2024-09-28 17:01:43.406722168,1727542903.4067223,2024-09-28 17:01:43.406722304,12,0,-2.6690316952796707,-108.4250869008249,[1. 0. 0. 0.],[4.05697947e-03 4.17418127e-05 9.83843221e-01 1.20580581e-02],"[-0.17883666  0.22366452 -0.3088607  -1.488327    0.26140282  0.05698339
  0.          0.         -0.6         0.42116335 -5.8951654 ]",1.5586658774978663,0,0
529,575,2024-09-28 17:01:44.613569024,TASK_BEGIN,23,4.689239869687569,-5.974635730801189,-1.626991023506344,1.5117104728746185,0.1576034062085643,0.0175374138913503,1.2968043721052434,0.7376749100667738,3,2024-09-28 17:01:44.676958984,1727542904.67696,2024-09-28 17:01:44.676960000,12,0,-1.746874161449682,-75.82409567381944,[1. 0. 0. 0.],[0.13115782 0.00114469 0.12195722 0.74574027],"[-0.45065594 -0.31839436 -1.0552121  -1.0456116   0.32879117  0.02739454
  0.          0.         -0.6         0.14934406 -1.5586946 ]",1.5611982737278383,0,0
530,576,2024-09-28 17:01:44.681337856,TASK_BEGIN,23,4.746739921468556,-6.02853819390133,-1.546603817882804,1.4274828262588957,0.149571019945756,0.0311779714924198,1.163714009787478,0.7735113603652594,3,2024-09-28 17:01:44.736794922,1727542904.7367957,2024-09-28 17:01:44.736795648,12,0,-1.8069777464388324,-77.88171001780687,[1. 0. 0. 0.],[0.18627941 0.00272058 0.1444318  0.66656821],"[-0.46528542 -0.3522563  -1.0552114  -1.096813    0.3315306   0.02739431
  0.          0.         -0.6         0.13471457 -1.2877991 ]",1.5620260662733187,0,0
531,577,2024-09-28 17:01:44.749105920,TASK_BEGIN,23,4.777196038667605,-6.048532383793683,-1.4677577202661634,1.3445990179603289,0.1429435872858431,0.0407564188491762,1.0002086031795936,0.8044412703499122,3,2024-09-28 17:01:44.767795166,1727542904.767796,2024-09-28 17:01:44.767795968,12,0,-1.8359839143504075,-78.9388768319792,[1. 0. 0. 0.],[0.21344757 0.00391943 0.15388133 0.62875167],"[-0.4726002  -0.36978722 -1.0552112  -1.1224138   0.33290032  0.02739438
  0.          0.         -0.6         0.12739982 -1.1475518 ]",1.5623226795371743,0,0
532,578,2024-09-28 17:01:44.816832000,TASK_BEGIN,23,4.773632548101668,-6.026180306927842,-1.388509673230046,1.263589141992994,0.1380545382424493,0.0459952841433358,0.8096487832455371,0.8293073877005174,3,2024-09-28 17:01:44.767795166,1727542904.767796,2024-09-28 17:01:44.767795968,12,0,-1.8359839143504075,-78.9388768319792,[1. 0. 0. 0.],[0.21344757 0.00391943 0.15388133 0.62875167],"[-0.4726002  -0.36978722 -1.0552112  -1.1224138   0.33290032  0.02739438
  0.          0.         -0.6         0.12739982 -1.1475518 ]",1.5623226795371743,0,0
533,579,2024-09-28 17:01:44.884573952,TASK_BEGIN,23,4.730026792857193,-5.954150375098323,-1.3069178087684084,1.1843743933567914,0.1350146728064989,0.0468112913421106,0.5975641191903224,0.847673720780943,3,2024-09-28 17:01:44.767795166,1727542904.767796,2024-09-28 17:01:44.767795968,12,0,-1.8359839143504075,-78.9388768319792,[1. 0. 0. 0.],[0.21344757 0.00391943 0.15388133 0.62875167],"[-0.4726002  -0.36978722 -1.0552112  -1.1224138   0.33290032  0.02739438
  0.          0.         -0.6         0.12739982 -1.1475518 ]",1.5623226795371743,0,0
534,580,2024-09-28 17:01:44.952294144,TASK_BEGIN,23,4.64167621932629,-5.826671827818342,-1.2215943197341923,1.1064446240899797,0.1337084826393996,0.0432912720953989,0.3713418098614809,0.8596699703973713,3,2024-09-28 17:01:45.008539062,1727542905.00854,2024-09-28 17:01:45.008539904,12,0,-0.3205098529643067,-49.19528332594319,[1. 0. 0. 0.],[3.71301569e-04 4.90805412e-05 9.99575408e-01 4.20991430e-06],"[-0.530212   -0.5167713  -0.94106376 -1.0295852   0.25198567 -1.2343929
  0.          0.         -0.6         0.06978803  0.02832085]",1.5677947607431557,0,0
535,581,2024-09-28 17:01:45.019902720,TASK_BEGIN,23,4.505577444448542,-5.639995113950275,-1.131974897715428,1.0290468268804749,0.1338772756880746,0.035662608203687,0.139581326543012,0.8657900760312321,3,2024-09-28 17:01:45.066538086,1727542905.0665388,2024-09-28 17:01:45.066538752,12,3,17.997349788532137,-5.836578464379198,[0. 0. 0. 1.],[1.15976133e-05 4.20860887e-08 9.99987896e-01 4.64049639e-07],"[-0.54500425 -0.54585946 -0.92099786 -0.8614313   0.06094851 -1.9221351
  1.          0.         -0.6         0.05499575  0.2610262 ]",1.568344016625666,1,2
536,582,2024-09-28 17:01:45.938953984,TASK_BEGIN,23,4.320771251602267,-5.392835299587989,-1.038303270102307,0.9513672324111164,0.1352538246238869,0.0242642937724959,-0.0886852591163346,0.8666851306797791,3,2024-09-28 17:01:45.066538086,1727542905.0665388,2024-09-28 17:01:45.066538752,12,3,17.997349788532137,-5.836578464379198,[0. 0. 0. 1.],[1.15976133e-05 4.20860887e-08 9.99987896e-01 4.64049639e-07],"[-0.54500425 -0.54585946 -0.92099786 -0.8614313   0.06094851 -1.9221351
  1.          0.         -0.6         0.05499575  0.2610262 ]",1.568344016625666,1,2
537,583,2024-09-28 17:01:46.006697984,TASK_BEGIN,23,4.088613503403606,-5.086764557682364,-0.9414933725963482,0.8727195774859933,0.1376628659355269,0.0095273865664258,-0.3047693564942112,0.863006847053459,3,2024-09-28 17:01:45.095537842,1727542905.0955381,2024-09-28 17:01:45.095538176,12,3,-44.49429732741087,-50.27251000714627,[0. 0. 0. 1.],[2.82209458e-05 1.26660059e-07 9.99971280e-01 3.72050306e-07],"[-5.5135089e-01 -5.5127382e-01 -7.6619667e-01  2.4752007e-04
 -1.2122346e-03 -1.4665383e-03  1.0000000e+00  0.0000000e+00
 -6.0000002e-01  4.8649129e-02  3.0434090e-01]",1.4181751306286627,1,2
538,589,2024-09-28 17:01:47.284723200,TASK_BEGIN,23,2.082444341992685,-2.4961086736424822,-0.4199647264988345,0.3956142324965768,0.1756112044057227,-0.1174101481327926,-1.031764903338028,0.7767467219394929,3,2024-09-28 17:01:47.268956055,1727542907.2689567,2024-09-28 17:01:47.268956672,13,0,-2.643562083215812,-35.33812571324995,[1. 0. 0. 0.],[0.47190345 0.25936813 0.14290268 0.12582573],"[  0.0167826    0.93640375   0.11859568  -0.45886162  -0.04705875
  -0.04462991   0.           0.           0.4         -0.3832174
 -11.315996  ]",1.5075464471620568,0,0
539,590,2024-09-28 17:01:47.346657024,TASK_BEGIN,23,1.7502835766688187,-2.0730587792352955,-0.3722345886049463,0.3267764622495818,0.1869917036994768,-0.1397203069174622,-1.0386098484135076,0.7574352401764615,3,2024-09-28 17:01:47.384957031,1727542907.3849576,2024-09-28 17:01:47.384957440,13,2,5.521979631277856,-7.658913428286135,[0. 0. 1. 0.],[0.38708278 0.39483778 0.12081995 0.09725948],"[  0.02120391   0.92343843   0.17481156  -0.07196499  -0.05539158
  -0.03705821   0.           0.           0.4         -0.37879607
 -11.212274  ]",1.5134563169595368,0,0
540,591,2024-09-28 17:01:47.422278912,TASK_BEGIN,23,1.4530308347591452,-1.696529778110198,-0.3421576838193761,0.2648078168121028,0.2000297835505826,-0.1611479159751815,-1.0142515331894917,0.7386179559090315,3,2024-09-28 17:01:47.384957031,1727542907.3849576,2024-09-28 17:01:47.384957440,13,2,5.521979631277856,-7.658913428286135,[0. 0. 1. 0.],[0.38708278 0.39483778 0.12081995 0.09725948],"[  0.02120391   0.92343843   0.17481156  -0.07196499  -0.05539158
  -0.03705821   0.           0.           0.4         -0.37879607
 -11.212274  ]",1.5134563169595368,0,0
541,592,2024-09-28 17:01:47.490690048,TASK_BEGIN,23,1.201131688266704,-1.379658137401747,-0.329393202761403,0.2103206807664389,0.2145472358714316,-0.1813212168742794,-0.9613267788510677,0.7209753966069922,3,2024-09-28 17:01:47.384957031,1727542907.3849576,2024-09-28 17:01:47.384957440,13,2,5.521979631277856,-7.658913428286135,[0. 0. 1. 0.],[0.38708278 0.39483778 0.12081995 0.09725948],"[  0.02120391   0.92343843   0.17481156  -0.07196499  -0.05539158
  -0.03705821   0.           0.           0.4         -0.37879607
 -11.212274  ]",1.5134563169595368,0,0
542,593,2024-09-28 17:01:47.557474048,TASK_BEGIN,23,1.002198146211177,-1.1318460018601997,-0.332048062301285,0.1634162313865622,0.2301897071764345,-0.1998649341943411,-0.8833669271439331,0.7050181308815413,3,2024-09-28 17:01:47.384957031,1727542907.3849576,2024-09-28 17:01:47.384957440,13,2,5.521979631277856,-7.658913428286135,[0. 0. 1. 0.],[0.38708278 0.39483778 0.12081995 0.09725948],"[  0.02120391   0.92343843   0.17481156  -0.07196499  -0.05539158
  -0.03705821   0.           0.           0.4         -0.37879607
 -11.212274  ]",1.5134563169595368,0,0
543,594,2024-09-28 17:01:47.625352960,TASK_BEGIN,23,0.8605394991651161,-0.9582274948425368,-0.3467974304235485,0.1237364904612018,0.2464753680931487,-0.2164096379812919,-0.7844831431049268,0.6909559989814926,3,2024-09-28 17:01:47.384957031,1727542907.3849576,2024-09-28 17:01:47.384957440,13,2,5.521979631277856,-7.658913428286135,[0. 0. 1. 0.],[0.38708278 0.39483778 0.12081995 0.09725948],"[  0.02120391   0.92343843   0.17481156  -0.07196499  -0.05539158
  -0.03705821   0.           0.           0.4         -0.37879607
 -11.212274  ]",1.5134563169595368,0,0
544,595,2024-09-28 17:01:47.693988096,TASK_BEGIN,23,0.7769890451737914,-0.8594898865690758,-0.3690872516121001,0.0905149175192974,0.2628613161333314,-0.2306177654104475,-0.6689342163635923,0.678593627686285,3,2024-09-28 17:01:47.384957031,1727542907.3849576,2024-09-28 17:01:47.384957440,13,2,5.521979631277856,-7.658913428286135,[0. 0. 1. 0.],[0.38708278 0.39483778 0.12081995 0.09725948],"[  0.02120391   0.92343843   0.17481156  -0.07196499  -0.05539158
  -0.03705821   0.           0.           0.4         -0.37879607
 -11.212274  ]",1.5134563169595368,0,0
545,596,2024-09-28 17:01:48.624907008,TASK_BEGIN,23,0.7490036278512118,-0.8320084328623344,-0.3934688030853199,0.0626787836301469,0.2787992391627382,-0.242212182013014,-0.5407090517200533,0.6672781517648522,3,2024-09-28 17:01:48.694989990,1727542908.6949904,2024-09-28 17:01:48.694990336,13,0,-2.6436915424945937,-94.55270458596563,[1. 0. 0. 0.],[0.1006073  0.04298571 0.81469036 0.04171662],"[ 0.07499107  0.45894015  0.17480342 -1.2240224  -0.13877098 -0.03705712
  0.          0.          0.4        -0.32500893 -7.4962873 ]",1.521537507748117,0,0
546,597,2024-09-28 17:01:48.706971904,TASK_BEGIN,23,0.7710064716852086,-0.868262430372398,-0.4140745702793682,0.039038851197836,0.2937779521560379,-0.2509948772584487,-0.4032635963810291,0.6559307455050414,3,2024-09-28 17:01:48.723954834,1727542908.7239554,2024-09-28 17:01:48.723955456,13,0,-2.6449199219325976,-96.25209746203856,[1. 0. 0. 0.],[0.0882962  0.03609046 0.8378589  0.03775444],"[ 0.07618642  0.43941855  0.17480315 -1.2496237  -0.14062385 -0.03705711
  0.          0.          0.4        -0.3238136  -7.3401146 ]",1.5233776527909404,0,0
547,598,2024-09-28 17:01:48.769974016,TASK_BEGIN,23,0.8349295186535074,-0.9574999476182592,-0.4252348735582003,0.018539400007322,0.307357714644683,-0.2568490170280582,-0.2595927278767225,0.6432367299307519,3,2024-09-28 17:01:48.723954834,1727542908.7239554,2024-09-28 17:01:48.723955456,13,0,-2.6449199219325976,-96.25209746203856,[1. 0. 0. 0.],[0.0882962  0.03609046 0.8378589  0.03775444],"[ 0.07618642  0.43941855  0.17480315 -1.2496237  -0.14062385 -0.03705711
  0.          0.          0.4        -0.3238136  -7.3401146 ]",1.5233776527909404,0,0
548,599,2024-09-28 17:01:48.842412032,TASK_BEGIN,23,0.9308928136549992,-1.0866037830309958,-0.4222188294527502,0.0004941300776946,0.3191949810976525,-0.259731160780029,-0.1126246133677519,0.6280046059345904,3,2024-09-28 17:01:48.723954834,1727542908.7239554,2024-09-28 17:01:48.723955456,13,0,-2.6449199219325976,-96.25209746203856,[1. 0. 0. 0.],[0.0882962  0.03609046 0.8378589  0.03775444],"[ 0.07618642  0.43941855  0.17480315 -1.2496237  -0.14062385 -0.03705711
  0.          0.          0.4        -0.3238136  -7.3401146 ]",1.5233776527909404,0,0
549,600,2024-09-28 17:01:48.910283264,TASK_BEGIN,23,1.0479609370577134,-1.2410873870150916,-0.4019902776188318,-0.0152714128584357,0.3290535715316324,-0.2596706736780308,0.0343334485977059,0.6095775843750764,3,2024-09-28 17:01:48.984989990,1727542908.9849908,2024-09-28 17:01:48.984990720,13,2,0.5288393581251796,-29.9333101234251,[0. 0. 1. 0.],[0.27552776 0.58771462 0.10712228 0.02963533],"[ 0.09573189  0.33062255  0.42812872 -0.4521375  -0.1560055  -0.02801465
  0.          0.          0.4        -0.3042681  -6.4697466 ]",1.5295929258370764,0,0
550,601,2024-09-28 17:01:48.977382912,TASK_BEGIN,23,1.1749375055774058,-1.4061346364992522,-0.363778992729078,-0.0284171183793031,0.3367989430178296,-0.2567830465132331,0.1773426009439425,0.5881497011271448,3,2024-09-28 17:01:48.984989990,1727542908.9849908,2024-09-28 17:01:48.984990720,13,2,0.5288393581251796,-29.9333101234251,[0. 0. 1. 0.],[0.27552776 0.58771462 0.10712228 0.02963533],"[ 0.09573189  0.33062255  0.42812872 -0.4521375  -0.1560055  -0.02801465
  0.          0.          0.4        -0.3042681  -6.4697466 ]",1.5295929258370764,0,0
551,602,2024-09-28 17:01:49.045785856,TASK_BEGIN,23,1.3011538163694294,-1.567595584379896,-0.3093122829417831,-0.038220276902869,0.3423792874934226,-0.2512844741252628,0.3118761206255329,0.5648811828930227,3,2024-09-28 17:01:48.984989990,1727542908.9849908,2024-09-28 17:01:48.984990720,13,2,0.5288393581251796,-29.9333101234251,[0. 0. 1. 0.],[0.27552776 0.58771462 0.10712228 0.02963533],"[ 0.09573189  0.33062255  0.42812872 -0.4521375  -0.1560055  -0.02801465
  0.          0.          0.4        -0.3042681  -6.4697466 ]",1.5295929258370764,0,0
552,603,2024-09-28 17:01:49.982158080,TASK_BEGIN,23,1.417166044009349,-1.7128523993715072,-0.2427003372969001,-0.0437927365944665,0.3458056206244993,-0.2434916728624585,0.4331779299406608,0.5417684952947216,3,2024-09-28 17:01:49.342119873,1727542909.3421202,2024-09-28 17:01:49.342120192,13,2,-4.609970129250047,-25.11591100282974,[0. 0. 1. 0.],[0.13250284 0.84040717 0.0088632  0.0182268 ],"[ 0.1343034   0.2564764   0.58373904 -0.08693668 -0.17716946 -0.03452847
  0.          0.          0.4        -0.2656966  -5.8765774 ]",1.5524281704427347,0,0
553,604,2024-09-28 17:01:50.044434944,TASK_BEGIN,23,1.515262307634533,-1.8314838850187625,-0.1700414183554538,-0.0443151039292906,0.3471381674327529,-0.2338026602735874,0.5368192848313517,0.521311061504582,3,2024-09-28 17:01:49.342119873,1727542909.3421202,2024-09-28 17:01:49.342120192,13,2,-4.609970129250047,-25.11591100282974,[0. 0. 1. 0.],[0.13250284 0.84040717 0.0088632  0.0182268 ],"[ 0.1343034   0.2564764   0.58373904 -0.08693668 -0.17716946 -0.03452847
  0.          0.          0.4        -0.2656966  -5.8765774 ]",1.5524281704427347,0,0
554,605,2024-09-28 17:01:50.122948864,TASK_BEGIN,23,1.5897407000859674,-1.9156936373408988,-0.0987825013235866,-0.0392274547468452,0.3464777192649024,-0.2226651568152997,0.6192298817118432,0.5060747466876682,3,2024-09-28 17:01:49.342119873,1727542909.3421202,2024-09-28 17:01:49.342120192,13,2,-4.609970129250047,-25.11591100282974,[0. 0. 1. 0.],[0.13250284 0.84040717 0.0088632  0.0182268 ],"[ 0.1343034   0.2564764   0.58373904 -0.08693668 -0.17716946 -0.03452847
  0.          0.          0.4        -0.2656966  -5.8765774 ]",1.5524281704427347,0,0
555,606,2024-09-28 17:01:50.182881024,TASK_BEGIN,23,1.6369926661463905,-1.9605081171951688,-0.0368691899872031,-0.0283500641030295,0.34396612910151,-0.2105431709066197,0.6780343023340867,0.4982422582021708,3,2024-09-28 17:01:49.342119873,1727542909.3421202,2024-09-28 17:01:49.342120192,13,2,-4.609970129250047,-25.11591100282974,[0. 0. 1. 0.],[0.13250284 0.84040717 0.0088632  0.0182268 ],"[ 0.1343034   0.2564764   0.58373904 -0.08693668 -0.17716946 -0.03452847
  0.          0.          0.4        -0.2656966  -5.8765774 ]",1.5524281704427347,0,0
556,607,2024-09-28 17:01:50.258484992,TASK_BEGIN,23,1.655443833105456,-1.963774191730471,0.0081843922082461,-0.0119399237567927,0.3398066384204706,-0.1978882096336398,0.7121703182002926,0.4992157113075376,3,2024-09-28 17:01:49.342119873,1727542909.3421202,2024-09-28 17:01:49.342120192,13,2,-4.609970129250047,-25.11591100282974,[0. 0. 1. 0.],[0.13250284 0.84040717 0.0088632  0.0182268 ],"[ 0.1343034   0.2564764   0.58373904 -0.08693668 -0.17716946 -0.03452847
  0.          0.          0.4        -0.2656966  -5.8765774 ]",1.5524281704427347,0,0
557,608,2024-09-28 17:01:50.322524928,TASK_BEGIN,23,1.6453853105847822,-1.9259879702258127,0.0300617363278792,0.0093214756947822,0.3343006259401299,-0.185113681256669,0.7218642089699322,0.5093384927141595,3,2024-09-28 17:01:50.402491211,1727542910.4024909,2024-09-28 17:01:50.402490880,13,0,-2.2630713120338726,-67.63426032205238,[1. 0. 0. 0.],[0.26320997 0.23937034 0.47895919 0.01846051],"[ 0.2796208  -0.05864161  0.5837266  -1.0085759  -0.2393194  -0.03452772
  0.          0.          0.4        -0.12037919 -3.3556335 ]",1.5461768573162298,0,0
558,609,2024-09-28 17:01:50.393981952,TASK_BEGIN,23,1.6087166310635552,-1.849978749626011,0.0240852317785668,0.0344136551119062,0.3278730394728507,-0.1725688695954936,0.7085102262380834,0.527802079711859,3,2024-09-28 17:01:50.460490967,1727542910.4604914,2024-09-28 17:01:50.460491520,13,0,-2.2977158431581586,-70.84401928371003,[1. 0. 0. 0.],[0.20794032 0.16297034 0.61482784 0.0142615 ],"[ 0.28769422 -0.0913471   0.5837258  -1.0597781  -0.24277219 -0.03452774
  0.          0.          0.4        -0.11230578 -3.0939896 ]",1.549204999385803,0,0
559,610,2024-09-28 17:01:51.337655040,TASK_BEGIN,23,1.5486203848869982,-1.74047356729867,-0.0125587082431554,0.062080613412744,0.3210532048333008,-0.1605123546561525,0.6744281562271145,0.5527533685088699,3,2024-09-28 17:01:51.401503174,1727542911.401503,2024-09-28 17:01:51.401502976,13,0,-1.504307522393276,-65.00008304545939,[1. 0. 0. 0.],[0.0916302  0.28655651 0.61194874 0.00986455],"[ 0.49762392 -0.41698545  1.118485   -0.62314767 -0.27713463 -0.02021429
  0.          0.          0.4         0.09762392 -0.4888827 ]",1.5639050167017472,0,0
560,611,2024-09-28 17:01:51.405446144,TASK_BEGIN,23,1.4691887830395167,-1.603585957528878,-0.0805994247712499,0.0908699514752611,0.3144023288500206,-0.1490893997684929,0.622481831727352,0.5815513246335232,3,2024-09-28 17:01:51.459500977,1727542911.459501,2024-09-28 17:01:51.459501056,13,0,-1.6086726224149288,-66.85683151434961,[1. 0. 0. 0.],[0.04872365 0.1299493  0.81316822 0.00815883],"[ 0.5131386  -0.43765032  1.1184846  -0.67434835 -0.2791559  -0.02021347
  0.          0.          0.4         0.11313861 -0.32356372]",1.5651209360149245,0,0
561,612,2024-09-28 17:01:51.457811968,TASK_BEGIN,23,1.3750239606597583,-1.4462839514059929,-0.1784660160587801,0.1191075006380393,0.3084138938161306,-0.1383227664037895,0.5556273620005001,0.611101878082735,3,2024-09-28 17:01:51.459500977,1727542911.459501,2024-09-28 17:01:51.459501056,13,0,-1.6086726224149288,-66.85683151434961,[1. 0. 0. 0.],[0.04872365 0.1299493  0.81316822 0.00815883],"[ 0.5131386  -0.43765032  1.1184846  -0.67434835 -0.2791559  -0.02021347
  0.          0.          0.4         0.11313861 -0.32356372]",1.5651209360149245,0,0
562,613,2024-09-28 17:01:51.535903744,TASK_BEGIN,23,1.2708415317041997,-1.275882132162096,-0.3023193162992393,0.1449096830762676,0.3034245650496975,-0.1281246588011595,0.4765376003467677,0.6382092454972185,3,2024-09-28 17:01:51.459500977,1727542911.459501,2024-09-28 17:01:51.459501056,13,0,-1.6086726224149288,-66.85683151434961,[1. 0. 0. 0.],[0.04872365 0.1299493  0.81316822 0.00815883],"[ 0.5131386  -0.43765032  1.1184846  -0.67434835 -0.2791559  -0.02021347
  0.          0.          0.4         0.11313861 -0.32356372]",1.5651209360149245,0,0
563,614,2024-09-28 17:01:51.598642944,TASK_BEGIN,23,1.1611185833852036,-1.0995868937800817,-0.4465424683596976,0.1663238550160611,0.299552585971638,-0.1183257538966981,0.3874059125890521,0.6599014651306538,3,2024-09-28 17:01:51.459500977,1727542911.459501,2024-09-28 17:01:51.459501056,13,0,-1.6086726224149288,-66.85683151434961,[1. 0. 0. 0.],[0.04872365 0.1299493  0.81316822 0.00815883],"[ 0.5131386  -0.43765032  1.1184846  -0.67434835 -0.2791559  -0.02021347
  0.          0.          0.4         0.11313861 -0.32356372]",1.5651209360149245,0,0
564,615,2024-09-28 17:01:51.675923200,TASK_BEGIN,23,1.0498205484962708,-0.924113491922694,-0.6045929189740804,0.1815662127101609,0.2966584367381241,-0.108708448825822,0.2898772293939375,0.6737332452307512,3,2024-09-28 17:01:51.459500977,1727542911.459501,2024-09-28 17:01:51.459501056,13,0,-1.6086726224149288,-66.85683151434961,[1. 0. 0. 0.],[0.04872365 0.1299493  0.81316822 0.00815883],"[ 0.5131386  -0.43765032  1.1184846  -0.67434835 -0.2791559  -0.02021347
  0.          0.          0.4         0.11313861 -0.32356372]",1.5651209360149245,0,0
565,616,2024-09-28 17:01:51.744227840,TASK_BEGIN,23,0.9402129086178812,-0.7553814413068005,-0.7698613127204547,0.1892487934046394,0.2943276453375772,-0.0990348675228372,0.1849707480242663,0.6780801679588119,3,2024-09-28 17:01:51.459500977,1727542911.459501,2024-09-28 17:01:51.459501056,13,0,-1.6086726224149288,-66.85683151434961,[1. 0. 0. 0.],[0.04872365 0.1299493  0.81316822 0.00815883],"[ 0.5131386  -0.43765032  1.1184846  -0.67434835 -0.2791559  -0.02021347
  0.          0.          0.4         0.11313861 -0.32356372]",1.5651209360149245,0,0
566,617,2024-09-28 17:01:52.687891200,TASK_BEGIN,23,0.8347562940064039,-0.5982858907110293,-0.9362526361661015,0.1885314955203081,0.2918874567933722,-0.0890685002683026,0.0729564446361242,0.6723735231952634,3,2024-09-28 17:01:52.603641113,1727542912.6036417,2024-09-28 17:01:52.603641856,13,3,-2.191121609010631,-11.63396964338799,[0. 0. 0. 1.],[0.09956857 0.88370194 0.01324807 0.00348142],"[ 0.76272184 -0.50732696  0.84935063 -0.04442656 -0.05629824 -0.09211182
  0.          0.          0.4         0.36272186  0.23384936]",1.5667667005597339,1,2
567,618,2024-09-28 17:01:52.755685120,TASK_BEGIN,23,0.735101337266378,-0.4565448190011226,-1.098492387825012,0.1792033660328253,0.2884591330787113,-0.078593067806689,-0.0466401794450299,0.6571732593554338,3,2024-09-28 17:01:52.603641113,1727542912.6036417,2024-09-28 17:01:52.603641856,13,3,-2.191121609010631,-11.63396964338799,[0. 0. 0. 1.],[0.09956857 0.88370194 0.01324807 0.00348142],"[ 0.76272184 -0.50732696  0.84935063 -0.04442656 -0.05629824 -0.09211182
  0.          0.          0.4         0.36272186  0.23384936]",1.5667667005597339,1,2
568,619,2024-09-28 17:01:52.823481856,TASK_BEGIN,23,0.6421815981407917,-0.3326242725051742,-1.2523366660801083,0.1617020056640074,0.2830368031532635,-0.0674327257387122,-0.1746736235667984,0.634025561340044,3,2024-09-28 17:01:52.603641113,1727542912.6036417,2024-09-28 17:01:52.603641856,13,3,-2.191121609010631,-11.63396964338799,[0. 0. 0. 1.],[0.09956857 0.88370194 0.01324807 0.00348142],"[ 0.76272184 -0.50732696  0.84935063 -0.04442656 -0.05629824 -0.09211182
  0.          0.          0.4         0.36272186  0.23384936]",1.5667667005597339,1,2
569,620,2024-09-28 17:01:52.883142144,TASK_BEGIN,23,0.5563474836428489,-0.2277351873068607,-1.3947917991645626,0.1370574923437089,0.2745876433519694,-0.0554750724295491,-0.3117156468277003,0.6051643072990467,3,2024-09-28 17:01:52.603641113,1727542912.6036417,2024-09-28 17:01:52.603641856,13,3,-2.191121609010631,-11.63396964338799,[0. 0. 0. 1.],[0.09956857 0.88370194 0.01324807 0.00348142],"[ 0.76272184 -0.50732696  0.84935063 -0.04442656 -0.05629824 -0.09211182
  0.          0.          0.4         0.36272186  0.23384936]",1.5667667005597339,1,2
570,621,2024-09-28 17:01:52.958967040,TASK_BEGIN,23,0.477472365413965,-0.1418865787123608,-1.5242826630422537,0.1067511087595042,0.2621675445213301,-0.0426952076418218,-0.4574468910583027,0.5731747041314055,3,2024-09-28 17:01:52.603641113,1727542912.6036417,2024-09-28 17:01:52.603641856,13,3,-2.191121609010631,-11.63396964338799,[0. 0. 0. 1.],[0.09956857 0.88370194 0.01324807 0.00348142],"[ 0.76272184 -0.50732696  0.84935063 -0.04442656 -0.05629824 -0.09211182
  0.          0.          0.4         0.36272186  0.23384936]",1.5667667005597339,1,2
571,622,2024-09-28 17:01:53.022875904,TASK_BEGIN,23,0.4050155232715403,-0.0739864665775521,-1.6406328501220155,0.0725173158989829,0.2450340636276902,-0.0291768970821453,-0.6103452235409651,0.5407023318602919,3,2024-09-28 17:01:52.603641113,1727542912.6036417,2024-09-28 17:01:52.603641856,13,3,-2.191121609010631,-11.63396964338799,[0. 0. 0. 1.],[0.09956857 0.88370194 0.01324807 0.00348142],"[ 0.76272184 -0.50732696  0.84935063 -0.04442656 -0.05629824 -0.09211182
  0.          0.          0.4         0.36272186  0.23384936]",1.5667667005597339,1,2
572,623,2024-09-28 17:01:53.094505984,TASK_BEGIN,23,0.3380722638783288,-0.0219958226202515,-1.7447589246768844,0.0361595275894493,0.2227298424814965,-0.0151227324256982,-0.767617046652445,0.5102387624175841,3,2024-09-28 17:01:52.603641113,1727542912.6036417,2024-09-28 17:01:52.603641856,13,3,-2.191121609010631,-11.63396964338799,[0. 0. 0. 1.],[0.09956857 0.88370194 0.01324807 0.00348142],"[ 0.76272184 -0.50732696  0.84935063 -0.04442656 -0.05629824 -0.09211182
  0.          0.          0.4         0.36272186  0.23384936]",1.5667667005597339,1,2
573,624,2024-09-28 17:01:54.036186112,TASK_BEGIN,23,0.275438596159948,0.0168613180887628,-1.8380893719466609,-0.0005603992384607,0.1951262249723346,-0.0008454157561133,-0.9252092932427368,0.4839859800115198,3,2024-09-28 17:01:54.098784912,1727542914.0987859,2024-09-28 17:01:54.098785792,13,1,-93.33322713952266,-95.95046767265158,[0. 1. 0. 0.],[2.55832850e-02 9.73696217e-01 1.09450332e-04 6.11047396e-04],"[ 0.9525099  -0.5649557   0.23978409 -0.10405562 -0.34109914  0.3474778
  0.          0.          0.4         0.5525099   0.69487935]",1.3746681525275162,1,2
574,625,2024-09-28 17:01:54.105602048,TASK_BEGIN,23,0.2157034458877605,0.0458482002000732,-1.921835818169733,-0.0359709585864472,0.1624434250153139,0.0132568080826634,-1.0778155591320355,0.4637646753033856,3,2024-09-28 17:01:54.098784912,1727542914.0987859,2024-09-28 17:01:54.098785792,13,1,-93.33322713952266,-95.95046767265158,[0. 1. 0. 0.],[2.55832850e-02 9.73696217e-01 1.09450332e-04 6.11047396e-04],"[ 0.9525099  -0.5649557   0.23978409 -0.10405562 -0.34109914  0.3474778
  0.          0.          0.4         0.5525099   0.69487935]",1.3746681525275162,1,2
575,626,2024-09-28 17:01:54.160423168,TASK_BEGIN,23,0.157379614881969,0.0684544215068582,-1.996315864805275,-0.0685401390356652,0.1252593067850152,0.0267299341789965,-1.2188796740208394,0.4509054183650788,3,2024-09-28 17:01:54.098784912,1727542914.0987859,2024-09-28 17:01:54.098785792,13,1,-93.33322713952266,-95.95046767265158,[0. 1. 0. 0.],[2.55832850e-02 9.73696217e-01 1.09450332e-04 6.11047396e-04],"[ 0.9525099  -0.5649557   0.23978409 -0.10405562 -0.34109914  0.3474778
  0.          0.          0.4         0.5525099   0.69487935]",1.3746681525275162,1,2
576,627,2024-09-28 17:01:54.241083904,TASK_BEGIN,23,0.099070420464991,0.0881442207822713,-2.0605439825660685,-0.0969533081074689,0.0845003921197972,0.0390928198148163,-1.3406926610692236,0.4461013776365906,3,2024-09-28 17:01:54.098784912,1727542914.0987859,2024-09-28 17:01:54.098785792,13,1,-93.33322713952266,-95.95046767265158,[0. 1. 0. 0.],[2.55832850e-02 9.73696217e-01 1.09450332e-04 6.11047396e-04],"[ 0.9525099  -0.5649557   0.23978409 -0.10405562 -0.34109914  0.3474778
  0.          0.          0.4         0.5525099   0.69487935]",1.3746681525275162,1,2
577,628,2024-09-28 17:01:54.308239104,TASK_BEGIN,23,0.0396401900874151,0.1081244491165135,-2.1122253413774,-0.1201951909831556,0.041412632521765,0.0498651847069716,-1.4347535693691695,0.4492763192330252,3,2024-09-28 17:01:54.098784912,1727542914.0987859,2024-09-28 17:01:54.098785792,13,1,-93.33322713952266,-95.95046767265158,[0. 1. 0. 0.],[2.55832850e-02 9.73696217e-01 1.09450332e-04 6.11047396e-04],"[ 0.9525099  -0.5649557   0.23978409 -0.10405562 -0.34109914  0.3474778
  0.          0.          0.4         0.5525099   0.69487935]",1.3746681525275162,1,2
578,629,2024-09-28 17:01:54.376631040,TASK_BEGIN,23,-0.0216520769170407,0.131142487250619,-2.1481148408587947,-0.1376135038472733,-0.0024815056569187,0.0585980311256711,-1.4924680214062456,0.4595444119395876,3,2024-09-28 17:01:54.098784912,1727542914.0987859,2024-09-28 17:01:54.098785792,13,1,-93.33322713952266,-95.95046767265158,[0. 1. 0. 0.],[2.55832850e-02 9.73696217e-01 1.09450332e-04 6.11047396e-04],"[ 0.9525099  -0.5649557   0.23978409 -0.10405562 -0.34109914  0.3474778
  0.          0.          0.4         0.5525099   0.69487935]",1.3746681525275162,1,2
579,630,2024-09-28 17:01:54.442728960,TASK_BEGIN,23,-0.0850849441681019,0.1593267662421389,-2.1645800992644038,-0.148960980596738,-0.0454343707548438,0.0649042041301938,-1.5060754071980094,0.4752972174871051,3,2024-09-28 17:01:54.098784912,1727542914.0987859,2024-09-28 17:01:54.098785792,13,1,-93.33322713952266,-95.95046767265158,[0. 1. 0. 0.],[2.55832850e-02 9.73696217e-01 1.09450332e-04 6.11047396e-04],"[ 0.9525099  -0.5649557   0.23978409 -0.10405562 -0.34109914  0.3474778
  0.          0.          0.4         0.5525099   0.69487935]",1.3746681525275162,1,2
580,635,2024-09-28 17:01:55.635464960,TASK_BEGIN,23,-0.4184629336286162,0.4004150966583131,-1.870310283813657,-0.130716683506049,-0.1804963109400862,0.0529906468504091,-0.8194976810556954,0.5617867410214814,3,2024-09-28 17:01:55.710114014,1727542915.7101142,2024-09-28 17:01:55.710114304,14,0,-1.493920886273827,-1.493920886273827,[1. 0. 0. 0.],[0.37929584 0.36441198 0.13910784 0.11718435],"[ 2.7055740e-03  9.9762297e-01  2.0023865e-01 -1.8220025e-01
 -7.7929907e-03 -7.6126128e-02  0.0000000e+00  0.0000000e+00
  6.0000002e-01 -5.9729445e-01 -1.0820530e+01]",1.5042972658731615,0,0
581,636,2024-09-28 17:01:55.703227136,TASK_BEGIN,23,-0.4822776809891473,0.4635315850503187,-1.738233163959713,-0.1176939726379253,-0.1814806134703943,0.0420917853822056,-0.5640420816462436,0.5695835797480707,3,2024-09-28 17:01:55.772057129,1727542915.7720578,2024-09-28 17:01:55.772057856,14,0,-2.1845555407770405,-5.703023981681033,[1. 0. 0. 0.],[0.39758351 0.35049165 0.14014004 0.11178481],"[ 5.4109893e-03  9.9072945e-01  2.0033969e-01 -2.3344190e-01
 -1.5399409e-02 -7.6074220e-02  0.0000000e+00  0.0000000e+00
  6.0000002e-01 -5.9458899e-01 -1.0765382e+01]",1.5062666207788555,0,0
582,637,2024-09-28 17:01:55.766200064,TASK_BEGIN,23,-0.5424943766066052,0.5276323450460277,-1.5903784811126889,-0.1033991512027796,-0.172777028354224,0.0289852263177011,-0.2966737205634001,0.5733697767599113,3,2024-09-28 17:01:55.830059082,1727542915.8300595,2024-09-28 17:01:55.830059520,14,0,-2.3489380419273544,-10.189869974298553,[1. 0. 0. 0.],[0.41418377 0.34352501 0.13957822 0.102713  ],"[ 8.1178350e-03  9.8223603e-01  2.0044000e-01 -2.8466645e-01
 -2.3001060e-02 -7.6026924e-02  0.0000000e+00  0.0000000e+00
  6.0000002e-01 -5.9188217e-01 -1.0697434e+01]",1.5083233573951822,0,0
583,638,2024-09-28 17:01:56.689284096,TASK_BEGIN,23,-0.5978413218863078,0.5906709696578843,-1.433110250953349,-0.0883745163420044,-0.1551837115723416,0.0141444505233684,-0.0332581580851183,0.5740453961228962,3,2024-09-28 17:01:56.625020996,1727542916.6250212,2024-09-28 17:01:56.625021184,14,0,-2.7150669802323932,-58.96236233171644,[1. 0. 0. 0.],[0.20785494 0.17510353 0.58099883 0.03604269],"[ 0.04721292  0.7390361   0.23021173 -0.82009965 -0.123712   -0.07174914
  0.          0.          0.6        -0.55278707 -8.751835  ]",1.5243685798926077,0,0
584,639,2024-09-28 17:01:56.757339136,TASK_BEGIN,23,-0.6471364839972763,0.650763815577171,-1.2732315068823683,-0.0729418894750916,-0.1299525431457006,-0.0019132957678554,0.2106234403738713,0.572896361890444,3,2024-09-28 17:01:56.625020996,1727542916.6250212,2024-09-28 17:01:56.625021184,14,0,-2.7150669802323932,-58.96236233171644,[1. 0. 0. 0.],[0.20785494 0.17510353 0.58099883 0.03604269],"[ 0.04721292  0.7390361   0.23021173 -0.82009965 -0.123712   -0.07174914
  0.          0.          0.6        -0.55278707 -8.751835  ]",1.5243685798926077,0,0
585,640,2024-09-28 17:01:56.819737856,TASK_BEGIN,23,-0.6894262095603817,0.7063220667806979,-1.117318776091036,-0.0572491585556163,-0.0985757789534611,-0.0186700252182986,0.4209716279203132,0.5713633563559194,3,2024-09-28 17:01:56.625020996,1727542916.6250212,2024-09-28 17:01:56.625021184,14,0,-2.7150669802323932,-58.96236233171644,[1. 0. 0. 0.],[0.20785494 0.17510353 0.58099883 0.03604269],"[ 0.04721292  0.7390361   0.23021173 -0.82009965 -0.123712   -0.07174914
  0.          0.          0.6        -0.55278707 -8.751835  ]",1.5243685798926077,0,0
586,641,2024-09-28 17:01:56.886110976,TASK_BEGIN,23,-0.7241129192220888,0.7561333894244182,-0.9710502589012552,-0.0413833892872501,-0.062581919309494,-0.035647426543896,0.5864004931694993,0.5708020594164113,3,2024-09-28 17:01:56.625020996,1727542916.6250212,2024-09-28 17:01:56.625021184,14,0,-2.7150669802323932,-58.96236233171644,[1. 0. 0. 0.],[0.20785494 0.17510353 0.58099883 0.03604269],"[ 0.04721292  0.7390361   0.23021173 -0.82009965 -0.123712   -0.07174914
  0.          0.          0.6        -0.55278707 -8.751835  ]",1.5243685798926077,0,0
587,642,2024-09-28 17:01:56.960435968,TASK_BEGIN,23,-0.7510340941648018,0.7993910213630703,-0.8386908138429959,-0.0254858447571087,-0.0234018727176343,-0.0524371789247127,0.6988507092199253,0.5722536394530373,3,2024-09-28 17:01:56.625020996,1727542916.6250212,2024-09-28 17:01:56.625021184,14,0,-2.7150669802323932,-58.96236233171644,[1. 0. 0. 0.],[0.20785494 0.17510353 0.58099883 0.03604269],"[ 0.04721292  0.7390361   0.23021173 -0.82009965 -0.123712   -0.07174914
  0.          0.          0.6        -0.55278707 -8.751835  ]",1.5243685798926077,0,0
588,643,2024-09-28 17:01:57.022304000,TASK_BEGIN,23,-0.7704635123356535,0.8356754720694682,-0.7228387785347002,-0.0098122593355121,0.0176861513995974,-0.0687170968993382,0.7539957654208893,0.5762695676436412,3,2024-09-28 17:01:56.625020996,1727542916.6250212,2024-09-28 17:01:56.625021184,14,0,-2.7150669802323932,-58.96236233171644,[1. 0. 0. 0.],[0.20785494 0.17510353 0.58099883 0.03604269],"[ 0.04721292  0.7390361   0.23021173 -0.82009965 -0.123712   -0.07174914
  0.          0.          0.6        -0.55278707 -8.751835  ]",1.5243685798926077,0,0
589,644,2024-09-28 17:01:57.096088832,TASK_BEGIN,23,-0.7830317055835779,0.8649024944332686,-0.6244336085028838,0.0052854876608928,0.0595635305008748,-0.0842527476778067,0.7513023663808307,0.5828557095493718,3,2024-09-28 17:01:56.625020996,1727542916.6250212,2024-09-28 17:01:56.625021184,14,0,-2.7150669802323932,-58.96236233171644,[1. 0. 0. 0.],[0.20785494 0.17510353 0.58099883 0.03604269],"[ 0.04721292  0.7390361   0.23021173 -0.82009965 -0.123712   -0.07174914
  0.          0.          0.6        -0.55278707 -8.751835  ]",1.5243685798926077,0,0
590,645,2024-09-28 17:01:58.037230080,TASK_BEGIN,23,-0.7895967200967836,0.8872566258149619,-0.5429500116118409,0.0194389112471764,0.1012412446264174,-0.0988818593580431,0.6937221286012305,0.5915459664348308,3,2024-09-28 17:01:58.112684082,1727542918.112684,2024-09-28 17:01:58.112684032,14,0,-2.327489609490442,-85.47124103883759,[1. 0. 0. 0.],[0.14626591 0.09656529 0.74648095 0.01068786],"[ 0.186325    0.07436216  0.5609015  -1.1745261  -0.29881218 -0.04849265
  0.          0.          0.6        -0.413675   -3.4344437 ]",1.5485041427661181,0,0
591,646,2024-09-28 17:01:58.105837824,TASK_BEGIN,23,-0.7911113608932947,0.9031277015679255,-0.4767045679658567,0.0323662300855395,0.1417814363687667,-0.1124795511074842,0.5871455322321828,0.6015441941614283,3,2024-09-28 17:01:58.112684082,1727542918.112684,2024-09-28 17:01:58.112684032,14,0,-2.327489609490442,-85.47124103883759,[1. 0. 0. 0.],[0.14626591 0.09656529 0.74648095 0.01068786],"[ 0.186325    0.07436216  0.5609015  -1.1745261  -0.29881218 -0.04849265
  0.          0.          0.6        -0.413675   -3.4344437 ]",1.5485041427661181,0,0
592,647,2024-09-28 17:01:58.169151232,TASK_BEGIN,23,-0.788518777430531,0.9130584710378205,-0.4232852380824532,0.0439609836392535,0.1801944297642477,-0.1249144131047875,0.4398171351508068,0.6118807265752453,3,2024-09-28 17:01:58.112684082,1727542918.112684,2024-09-28 17:01:58.112684032,14,0,-2.327489609490442,-85.47124103883759,[1. 0. 0. 0.],[0.14626591 0.09656529 0.74648095 0.01068786],"[ 0.186325    0.07436216  0.5609015  -1.1745261  -0.29881218 -0.04849265
  0.          0.          0.6        -0.413675   -3.4344437 ]",1.5485041427661181,0,0
593,648,2024-09-28 17:01:58.241308928,TASK_BEGIN,23,-0.7826841647124559,0.9177046723442422,-0.3801115218413093,0.0543236698625855,0.2153790940306968,-0.1360162709786429,0.2617685459772499,0.6215874437413345,3,2024-09-28 17:01:58.112684082,1727542918.112684,2024-09-28 17:01:58.112684032,14,0,-2.327489609490442,-85.47124103883759,[1. 0. 0. 0.],[0.14626591 0.09656529 0.74648095 0.01068786],"[ 0.186325    0.07436216  0.5609015  -1.1745261  -0.29881218 -0.04849265
  0.          0.          0.6        -0.413675   -3.4344437 ]",1.5485041427661181,0,0
594,649,2024-09-28 17:01:58.309078784,TASK_BEGIN,23,-0.7743582237150362,0.917807316667076,-0.3449537817668209,0.0637097482862343,0.2461524159238636,-0.1455717261150841,0.0641680115024633,0.6299115634144273,3,2024-09-28 17:01:58.375684082,1727542918.3756845,2024-09-28 17:01:58.375684608,14,2,-2.814823775675893,-60.231015254487644,[0. 0. 1. 0.],[0.25367573 0.6058126  0.1323564  0.00815526],"[ 0.23526175 -0.03755212  0.9358887  -0.5534891  -0.32285073 -0.06008019
  0.          0.          0.6        -0.36473826 -2.5391295 ]",1.5576028407726588,0,0
595,650,2024-09-28 17:01:58.370351104,TASK_BEGIN,23,-0.7641708453962337,0.9141734149427372,-0.3161475150599735,0.0724084612527828,0.2713609908500992,-0.1533501088460583,-0.1414473927213045,0.6365249244122425,3,2024-09-28 17:01:58.433685059,1727542918.433685,2024-09-28 17:01:58.433684992,14,2,-3.7681479216096703,-65.32708378485846,[0. 0. 1. 0.],[0.22162789 0.71308039 0.05705179 0.00823993],"[ 0.24959524 -0.05146468  1.0731663  -0.4042497  -0.32791808 -0.0470659
  0.          0.          0.6        -0.35040477 -2.427829  ]",1.5625375238216037,0,0
596,651,2024-09-28 17:01:58.444608768,TASK_BEGIN,23,-0.7526616877767407,0.9076580248195192,-0.2924360128509465,0.0805957355732931,0.2900418415808225,-0.1591537779953814,-0.3438819927689228,0.6416147232667782,3,2024-09-28 17:01:58.433685059,1727542918.433685,2024-09-28 17:01:58.433684992,14,2,-3.7681479216096703,-65.32708378485846,[0. 0. 1. 0.],[0.22162789 0.71308039 0.05705179 0.00823993],"[ 0.24959524 -0.05146468  1.0731663  -0.4042497  -0.32791808 -0.0470659
  0.          0.          0.6        -0.35040477 -2.427829  ]",1.5625375238216037,0,0
597,652,2024-09-28 17:01:59.388212992,TASK_BEGIN,23,-0.7403488986583587,0.8991419663198348,-0.2726694428898964,0.0882215724911276,0.3015810550698882,-0.1628770416034423,-0.5327414445060497,0.6457844296922686,3,2024-09-28 17:01:59.138294922,1727542919.138295,2024-09-28 17:01:59.138295040,14,0,8.368209662059826,-65.83398712161802,[1. 0. 0. 0.],[0.01043316 0.01213514 0.97597972 0.00145198],"[ 0.4297166  -0.31066066  1.1254736  -0.8739038  -0.38777998 -0.05866752
  1.          0.          0.6        -0.1702834  -0.35426116]",1.5659719623759654,0,0
598,653,2024-09-28 17:01:59.447112960,TASK_BEGIN,23,-0.7278060922595897,0.8895026859323898,-0.2556556680970727,0.0949932839009449,0.3058015137771991,-0.1645450885711481,-0.6986805198127068,0.6498142685182096,3,2024-09-28 17:01:59.138294922,1727542919.138295,2024-09-28 17:01:59.138295040,14,0,8.368209662059826,-65.83398712161802,[1. 0. 0. 0.],[0.01043316 0.01213514 0.97597972 0.00145198],"[ 0.4297166  -0.31066066  1.1254736  -0.8739038  -0.38777998 -0.05866752
  1.          0.          0.6        -0.1702834  -0.35426116]",1.5659719623759654,0,0
599,654,2024-09-28 17:01:59.509149184,TASK_BEGIN,23,-0.7156958111784117,0.879579806155443,-0.240236522155517,0.1004589733342314,0.3029500592628185,-0.1643128260373178,-0.8335914517335853,0.6543849042312841,3,2024-09-28 17:01:59.138294922,1727542919.138295,2024-09-28 17:01:59.138295040,14,0,8.368209662059826,-65.83398712161802,[1. 0. 0. 0.],[0.01043316 0.01213514 0.97597972 0.00145198],"[ 0.4297166  -0.31066066  1.1254736  -0.8739038  -0.38777998 -0.05866752
  1.          0.          0.6        -0.1702834  -0.35426116]",1.5659719623759654,0,0
600,655,2024-09-28 17:01:59.586364928,TASK_BEGIN,23,-0.7047341398572612,0.8701396107032681,-0.2254701201827189,0.1041415315766629,0.2936277595834178,-0.1624346006541081,-0.9307034737429648,0.6598378851025104,3,2024-09-28 17:01:59.138294922,1727542919.138295,2024-09-28 17:01:59.138295040,14,0,8.368209662059826,-65.83398712161802,[1. 0. 0. 0.],[0.01043316 0.01213514 0.97597972 0.00145198],"[ 0.4297166  -0.31066066  1.1254736  -0.8739038  -0.38777998 -0.05866752
  1.          0.          0.6        -0.1702834  -0.35426116]",1.5659719623759654,0,0
601,656,2024-09-28 17:01:59.658801152,TASK_BEGIN,23,-0.6956045416591699,0.8618402941880589,-0.2108673896791271,0.105695612957055,0.2787167238109785,-0.1592283234351987,-0.9844373880966744,0.6660044877324022,3,2024-09-28 17:01:59.138294922,1727542919.138295,2024-09-28 17:01:59.138295040,14,0,8.368209662059826,-65.83398712161802,[1. 0. 0. 0.],[0.01043316 0.01213514 0.97597972 0.00145198],"[ 0.4297166  -0.31066066  1.1254736  -0.8739038  -0.38777998 -0.05866752
  1.          0.          0.6        -0.1702834  -0.35426116]",1.5659719623759654,0,0
602,657,2024-09-28 17:01:59.726579712,TASK_BEGIN,23,-0.6888572862957213,0.8552002297285202,-0.1966864595929451,0.1050673036111832,0.2593040120051038,-0.1550405737438324,-0.9900819147566924,0.6721210366771994,3,2024-09-28 17:01:59.138294922,1727542919.138295,2024-09-28 17:01:59.138295040,14,0,8.368209662059826,-65.83398712161802,[1. 0. 0. 0.],[0.01043316 0.01213514 0.97597972 0.00145198],"[ 0.4297166  -0.31066066  1.1254736  -0.8739038  -0.38777998 -0.05866752
  1.          0.          0.6        -0.1702834  -0.35426116]",1.5659719623759654,0,0
603,658,2024-09-28 17:01:59.788645888,TASK_BEGIN,23,-0.6848307641585049,0.8505768589371208,-0.18413711126228,0.1025949291368387,0.2365882129136901,-0.1502084802320627,-0.943642304320552,0.6768574391773818,3,2024-09-28 17:01:59.138294922,1727542919.138295,2024-09-28 17:01:59.138295040,14,0,8.368209662059826,-65.83398712161802,[1. 0. 0. 0.],[0.01043316 0.01213514 0.97597972 0.00145198],"[ 0.4297166  -0.31066066  1.1254736  -0.8739038  -0.38777998 -0.05866752
  1.          0.          0.6        -0.1702834  -0.35426116]",1.5659719623759654,0,0
604,659,2024-09-28 17:02:00.738300928,TASK_BEGIN,23,-0.6836181693810629,0.8481613145785503,-0.1753043718629046,0.0990141855611175,0.2117919879070345,-0.1450232974409933,-0.8421120470100065,0.6784722533391226,3,2024-09-28 17:01:59.989073975,1727542919.989075,2024-09-28 17:01:59.989074944,14,0,0.789863273130635,3.3266047846428637,[1. 0. 0. 0.],[0.08847668 0.89608146 0.01399285 0.00144902],"[ 0.6494525  -0.3561744   1.0225768   0.02351754  0.03693411 -0.05550866
  0.          0.          0.6         0.04945253  0.00984882]",1.5516794440827288,0,0
605,660,2024-09-28 17:02:00.796996096,TASK_BEGIN,23,-0.6850800751332419,0.847985725730725,-0.1728058351324367,0.0953969910937123,0.1861080582021865,-0.1397076878952846,-0.6840450901770785,0.6750650128453977,3,2024-09-28 17:01:59.989073975,1727542919.989075,2024-09-28 17:01:59.989074944,14,0,0.789863273130635,3.3266047846428637,[1. 0. 0. 0.],[0.08847668 0.89608146 0.01399285 0.00144902],"[ 0.6494525  -0.3561744   1.0225768   0.02351754  0.03693411 -0.05550866
  0.          0.          0.6         0.04945253  0.00984882]",1.5516794440827288,0,0
606,661,2024-09-28 17:02:00.858605056,TASK_BEGIN,23,-0.6888912071207878,0.8499400870065051,-0.1793541444795407,0.0930449199884878,0.1606623625537418,-0.1344119015188085,-0.4701567408655922,0.6648725085561076,3,2024-09-28 17:01:59.989073975,1727542919.989075,2024-09-28 17:01:59.989074944,14,0,0.789863273130635,3.3266047846428637,[1. 0. 0. 0.],[0.08847668 0.89608146 0.01399285 0.00144902],"[ 0.6494525  -0.3561744   1.0225768   0.02351754  0.03693411 -0.05550866
  0.          0.          0.6         0.04945253  0.00984882]",1.5516794440827288,0,0
607,662,2024-09-28 17:02:00.941509888,TASK_BEGIN,23,-0.6946078208173769,0.8538004514820637,-0.1973788640078478,0.0933258049608889,0.1364646670566098,-0.1292229992142607,-0.2038205553150549,0.64655252273096,3,2024-09-28 17:02:00.370073975,1727542920.3700743,2024-09-28 17:02:00.370074368,14,1,0.9441427593802041,31.66230724600598,[0. 1. 0. 0.],[0.20478113 0.7747605  0.01056091 0.00989747],"[ 0.72848177 -0.3474794   0.70518297  0.08023477  0.0323716   0.1755924
  0.          0.          0.6         0.12848178 -0.05971123]",1.3723050918664594,0,0
608,663,2024-09-28 17:02:01.009240064,TASK_BEGIN,23,-0.7017374024728372,0.8592689556201574,-0.2287830403721002,0.097469234139954,0.1143509557424978,-0.1241765208863629,0.1086078785975851,0.6193896622157584,3,2024-09-28 17:02:00.370073975,1727542920.3700743,2024-09-28 17:02:00.370074368,14,1,0.9441427593802041,31.66230724600598,[0. 1. 0. 0.],[0.20478113 0.7747605  0.01056091 0.00989747],"[ 0.72848177 -0.3474794   0.70518297  0.08023477  0.0323716   0.1755924
  0.          0.          0.6         0.12848178 -0.05971123]",1.3723050918664594,0,0
609,664,2024-09-28 17:02:01.076956928,TASK_BEGIN,23,-0.7097933003976107,0.866018610257713,-0.2747888137725576,0.1063621836009075,0.0949329860465548,-0.1192626080280236,0.4577696714078511,0.5833780835362815,3,2024-09-28 17:02:01.137586182,1727542921.137586,2024-09-28 17:02:01.137586176,14,1,2.031374859269496,76.31545181995851,[0. 1. 0. 0.],[0.17153404 0.2403592  0.47834698 0.10975979],"[ 0.8125213  -0.34914064  0.21169636  0.00210479  0.01908149  0.00517647
  1.          0.          0.6         0.2125213  -0.0464213 ]",1.3726006211584174,0,0
610,665,2024-09-28 17:02:01.144700928,TASK_BEGIN,23,-0.7183319111272919,0.8737315422255548,-0.3357292511917547,0.1203685173560856,0.0785486429663878,-0.1144260311025303,0.8316615878059694,0.5392039856828955,3,2024-09-28 17:02:01.197585938,1727542921.1975868,2024-09-28 17:02:01.197586688,14,1,2.025005904592865,78.8819959614719,[0. 1. 0. 0.],[0.17736454 0.23191719 0.47858841 0.11212986],"[ 0.81502074 -0.34908473  0.16916004  0.00168119  0.01952074  0.00413634
  1.          0.          0.6         0.21502072 -0.04686857]",1.3858131638311453,0,0
611,666,2024-09-28 17:02:02.082720000,TASK_BEGIN,23,-0.7269863112276891,0.8821258698239303,-0.410702847651906,0.1391869844617999,0.0652207542505682,-0.1095684347101309,1.2162954313447878,0.4881936070175547,3,2024-09-28 17:02:02.147687012,1727542922.1476874,2024-09-28 17:02:02.147687424,14,1,-1.045924869513181,52.22371460945701,[0. 1. 0. 0.],[0.21173211 0.08528358 0.41531111 0.28767321],"[ 0.8041854  -0.3493271  -0.20119263 -0.00200202  0.01761622 -0.00491962
  1.          0.          0.6         0.2041854  -0.04492975]",1.503623497630974,0,0
612,667,2024-09-28 17:02:02.145209856,TASK_BEGIN,23,-0.7355042191643333,0.8909757808083036,-0.4971625924052998,0.1617629541507659,0.0546710335601635,-0.1045638837846535,1.5965050486777117,0.4322654444438429,3,2024-09-28 17:02:02.207649902,1727542922.207651,2024-09-28 17:02:02.207650816,14,1,-0.7285559094694583,49.86258419406463,[0. 1. 0. 0.],[0.210203   0.07762491 0.39625627 0.31591581],"[ 0.801239   -0.34939313 -0.21573153 -0.00214761  0.01709838 -0.00527514
  1.          0.          0.6         0.20123902 -0.04440142]",1.5059552347203813,0,0
613,668,2024-09-28 17:02:02.223889152,TASK_BEGIN,23,-0.7437736842375138,0.90012853152112,-0.5906379149029088,0.1862654943225932,0.0464247953524329,-0.0992920916314175,1.956786934530654,0.3738762088918927,3,2024-09-28 17:02:02.294653809,1727542922.2946546,2024-09-28 17:02:02.294654720,14,1,-1.043545291491393,45.55846435443941,[0. 1. 0. 0.],[0.20607815 0.06647385 0.36493806 0.36250995],"[ 0.79632616 -0.34950322 -0.24633305 -0.00245397  0.01623488 -0.00602339
  1.          0.          0.6         0.19632617 -0.0435207 ]",1.5102481319772818,0,0
614,669,2024-09-28 17:02:02.284894976,TASK_BEGIN,23,-0.7518167070249742,0.9095150973223848,-0.6848301251489937,0.2101651667189166,0.0399880505559675,-0.0936822196370501,2.282073729542301,0.3159321164836843,3,2024-09-28 17:02:02.354650879,1727542922.3546517,2024-09-28 17:02:02.354651648,14,1,-0.6559512074886646,43.24634442451636,[0. 1. 0. 0.],[0.20182845 0.05909907 0.34168336 0.39738912],"[ 0.79273176 -0.34958386 -0.26200333 -0.00261145  0.01560313 -0.00640657
  1.          0.          0.6         0.19273177 -0.04287554]",1.5123601647281373,0,0
615,670,2024-09-28 17:02:02.358532096,TASK_BEGIN,23,-0.7597572831882604,0.919150704683989,-0.7721889626516035,0.2304588326738573,0.0350404726239526,-0.0877512332702618,2.5583400018425277,0.2616581813719792,3,2024-09-28 17:02:02.354650879,1727542922.3546517,2024-09-28 17:02:02.354651648,14,1,-0.6559512074886646,43.24634442451636,[0. 1. 0. 0.],[0.20182845 0.05909907 0.34168336 0.39738912],"[ 0.79273176 -0.34958386 -0.26200333 -0.00261145  0.01560313 -0.00640657
  1.          0.          0.6         0.19273177 -0.04287554]",1.5123601647281373,0,0
616,671,2024-09-28 17:02:02.427045120,TASK_BEGIN,23,-0.7677799592743881,0.9291244608703576,-0.8448200639835409,0.2440228134034583,0.0315840487508214,-0.0816233618794989,2.7730456176066176,0.2144412082441341,3,2024-09-28 17:02:02.354650879,1727542922.3546517,2024-09-28 17:02:02.354651648,14,1,-0.6559512074886646,43.24634442451636,[0. 1. 0. 0.],[0.20182845 0.05909907 0.34168336 0.39738912],"[ 0.79273176 -0.34958386 -0.26200333 -0.00261145  0.01560313 -0.00640657
  1.          0.          0.6         0.19273177 -0.04287554]",1.5123601647281373,0,0
617,672,2024-09-28 17:02:02.494249984,TASK_BEGIN,23,-0.7760763204839948,0.9395757956242368,-0.8954493096027981,0.2480031594583468,0.0300093887830407,-0.0755304714050916,2.915513935554345,0.1776583032668013,3,2024-09-28 17:02:02.354650879,1727542922.3546517,2024-09-28 17:02:02.354651648,14,1,-0.6559512074886646,43.24634442451636,[0. 1. 0. 0.],[0.20182845 0.05909907 0.34168336 0.39738912],"[ 0.79273176 -0.34958386 -0.26200333 -0.00261145  0.01560313 -0.00640657
  1.          0.          0.6         0.19273177 -0.04287554]",1.5123601647281373,0,0
618,673,2024-09-28 17:02:03.431264000,TASK_BEGIN,23,-0.7847770879296667,0.9506574028472144,-0.9182719054480128,0.2401617799128479,0.0310783947462345,-0.0698018140124185,2.977299613437041,0.1544928658113112,3,2024-09-28 17:02:03.488426025,1727542923.4884264,2024-09-28 17:02:03.488426496,14,1,-0.6409347346318504,44.41226658654466,[0. 1. 0. 0.],[0.22630425 0.11579055 0.42376081 0.23414439],"[ 7.4808216e-01 -3.5058826e-01 -9.3689255e-02 -9.4024074e-04
  7.7561387e-03 -2.2910056e-03  1.0000000e+00  0.0000000e+00
  6.0000002e-01  1.4808217e-01 -3.4840357e-02]",1.501740904973654,0,0
619,674,2024-09-28 17:02:03.493325824,TASK_BEGIN,23,-0.7938911769397448,0.9624934960364276,-0.9096625926535395,0.2191479488092283,0.0358488098113994,-0.0648468185918181,2.9525729439593413,0.1477386211689497,3,2024-09-28 17:02:03.548429932,1727542923.54843,2024-09-28 17:02:03.548430080,14,1,-1.1414889519539548,41.829688755719275,[0. 1. 0. 0.],[0.226079   0.11102509 0.414752   0.24814391],"[ 0.74661684 -0.35062134 -0.11113945 -0.00111557  0.00749856 -0.00271774
  1.          0.          0.6         0.14661685 -0.03457571]",1.5050697860719857,0,0
620,675,2024-09-28 17:02:03.572321792,TASK_BEGIN,23,-0.8032715239433712,0.975143480478015,-0.8687414389634928,0.1846733172726955,0.0455639930235954,-0.0611271446145801,2.838600134403272,0.1595831948726867,3,2024-09-28 17:02:03.641386963,1727542923.6413877,2024-09-28 17:02:03.641387776,14,1,-0.8677586683772864,37.8742227251386,[0. 1. 0. 0.],[0.22420043 0.09966003 0.39199183 0.2841477 ],"[ 0.74390393 -0.35068256 -0.13935849 -0.00139935  0.00702186 -0.00340781
  1.          0.          0.6         0.14390396 -0.034086  ]",1.509458769970009,0,0
621,676,2024-09-28 17:02:03.640645888,TASK_BEGIN,23,-0.8126018349527502,0.9885705173458949,-0.7976973062507224,0.1375566585983444,0.0615187925402783,-0.0591173077553509,2.636367655667384,0.1913517363542026,3,2024-09-28 17:02:03.699145996,1727542923.6991463,2024-09-28 17:02:03.699146240,14,1,-0.8104404848727518,35.36762726810084,[0. 1. 0. 0.],[0.22326643 0.09188528 0.37299487 0.31185343],"[ 0.74176913 -0.35073072 -0.15765125 -0.00158351  0.00664676 -0.00385514
  1.          0.          0.6         0.14176916 -0.03370072]",1.5121115394407667,0,0
622,677,2024-09-28 17:02:03.708147968,TASK_BEGIN,23,-0.8213939305007949,1.0026071507280163,-0.7017547340328046,0.0796492146302641,0.0849184475864825,-0.059262210004833,2.351198629468405,0.2432164022984436,3,2024-09-28 17:02:03.760770996,1727542923.7607718,2024-09-28 17:02:03.760771840,14,1,-0.80749862214031,33.11984078097326,[0. 1. 0. 0.],[0.22259005 0.08521132 0.35277638 0.33942225],"[ 0.739408   -0.35078406 -0.17391804 -0.00174748  0.0062319  -0.00425293
  1.          0.          0.6         0.13940802 -0.03327395]",1.5145461547983516,0,0
623,678,2024-09-28 17:02:03.772486144,TASK_BEGIN,23,-0.8290041088616454,1.016916267514964,-0.5887834261884786,0.0137115169811344,0.1167572122796069,-0.0619418437537397,1.99303684189408,0.3139464489648612,3,2024-09-28 17:02:03.851412109,1727542923.851412,2024-09-28 17:02:03.851411968,14,1,-0.8735950746110694,29.61422820492259,[0. 1. 0. 0.],[0.21969435 0.07486252 0.31959975 0.38584338],"[ 0.73540324 -0.35087454 -0.20069164 -0.00201764  0.00552807 -0.00490769
  1.          0.          0.6         0.13540322 -0.03255011]",1.5184208641091714,0,0
624,679,2024-09-28 17:02:03.833854976,TASK_BEGIN,23,-0.8346829588815969,1.0309602935105269,-0.4686259866067203,-0.0567252986006762,0.1577184730402056,-0.0674457435223148,1.5761878609868454,0.4008089904825361,3,2024-09-28 17:02:03.909520020,1727542923.9095206,2024-09-28 17:02:03.909520640,14,1,-0.9452837708692761,27.53830623589357,[0. 1. 0. 0.],[0.21706788 0.06905008 0.29935234 0.4145297 ],"[ 0.73245907 -0.35094112 -0.21657042 -0.0021782   0.00501054 -0.00529602
  1.          0.          0.6         0.13245907 -0.03201748]",1.520799291792408,0,0
625,680,2024-09-28 17:02:04.786982912,TASK_BEGIN,23,-0.8376570694278553,1.043998313253114,-0.3522020085076088,-0.1275560336729402,0.2080614881000529,-0.0759513113117426,1.1186127303075162,0.4996655728088519,3,2024-09-28 17:02:04.143031981,1727542924.1430328,2024-09-28 17:02:04.143032832,14,1,-0.9516196585374763,19.7638089231582,[0. 1. 0. 0.],[0.20482258 0.05208603 0.26482563 0.47826577],"[ 0.718482   -0.35125732 -0.27950072 -0.00281679  0.00255391 -0.00683511
  1.          0.          0.6         0.11848202 -0.02948786]",1.5285524594104527,0,0
626,681,2024-09-28 17:02:04.855328000,TASK_BEGIN,23,-0.8372265138059345,1.0551178345158525,-0.250444790040735,-0.1943752830433574,0.2674848610453771,-0.0875015397260435,0.6409722809089369,0.605231789274898,3,2024-09-28 17:02:04.143031981,1727542924.1430328,2024-09-28 17:02:04.143032832,14,1,-0.9516196585374763,19.7638089231582,[0. 1. 0. 0.],[0.20482258 0.05208603 0.26482563 0.47826577],"[ 0.718482   -0.35125732 -0.27950072 -0.00281679  0.00255391 -0.00683511
  1.          0.          0.6         0.11848202 -0.02948786]",1.5285524594104527,0,0
627,682,2024-09-28 17:02:04.923079168,TASK_BEGIN,23,-0.8328580072180932,1.0632880236373663,-0.1731852247853958,-0.2527959312614021,0.3350305939791032,-0.1019871087805874,0.1654062825150654,0.7114840731145649,3,2024-09-28 17:02:04.143031981,1727542924.1430328,2024-09-28 17:02:04.143032832,14,1,-0.9516196585374763,19.7638089231582,[0. 1. 0. 0.],[0.20482258 0.05208603 0.26482563 0.47826577],"[ 0.718482   -0.35125732 -0.27950072 -0.00281679  0.00255391 -0.00683511
  1.          0.          0.6         0.11848202 -0.02948786]",1.5285524594104527,0,0
628,683,2024-09-28 17:02:04.976979968,TASK_BEGIN,23,-0.8242497542566716,1.0674151614941854,-0.1281590969197416,-0.2987926669290661,0.4091050648739757,-0.119142361800912,-0.2860810742091473,0.8122250056206252,3,2024-09-28 17:02:04.143031981,1727542924.1430328,2024-09-28 17:02:04.143032832,14,1,-0.9516196585374763,19.7638089231582,[0. 1. 0. 0.],[0.20482258 0.05208603 0.26482563 0.47826577],"[ 0.718482   -0.35125732 -0.27950072 -0.00281679  0.00255391 -0.00683511
  1.          0.          0.6         0.11848202 -0.02948786]",1.5285524594104527,0,0
629,684,2024-09-28 17:02:05.058511872,TASK_BEGIN,23,-0.8113465672540442,1.0663894308920112,-0.1203126829068266,-0.3290475306811622,0.4876186052985324,-0.1385612032891635,-0.6935024294956598,0.9017526065853568,3,2024-09-28 17:02:04.143031981,1727542924.1430328,2024-09-28 17:02:04.143032832,14,1,-0.9516196585374763,19.7638089231582,[0. 1. 0. 0.],[0.20482258 0.05208603 0.26482563 0.47826577],"[ 0.718482   -0.35125732 -0.27950072 -0.00281679  0.00255391 -0.00683511
  1.          0.          0.6         0.11848202 -0.02948786]",1.5285524594104527,0,0
630,685,2024-09-28 17:02:05.125736192,TASK_BEGIN,23,-0.7943049729261428,1.0591247579674612,-0.1514928442282014,-0.3412282413112028,0.5681863682106107,-0.1597332334516193,-1.040654748902295,0.9754994458182814,3,2024-09-28 17:02:05.144124023,1727542925.1441247,2024-09-28 17:02:05.144124672,14,3,9.411455089792119,36.045986984788,[0. 0. 0. 1.],[0.39747298 0.44532866 0.05237472 0.10482364],"[ 6.8655461e-01 -3.5123020e-01  4.8728839e-02 -7.7802706e-09
  3.6555855e-04 -1.7105357e-08  0.0000000e+00  1.0000000e+00
  6.0000002e-01  8.6554594e-02 -2.9704820e-02]",1.5390760602880975,0,0
631,686,2024-09-28 17:02:05.191238144,TASK_BEGIN,23,-0.7734299300640114,1.0446013584736222,-0.2204849527346553,-0.3341320949907838,0.648338510779597,-0.1820913134510187,-1.3164164590019154,1.0304904115471167,3,2024-09-28 17:02:05.144124023,1727542925.1441247,2024-09-28 17:02:05.144124672,14,3,9.411455089792119,36.045986984788,[0. 0. 0. 1.],[0.39747298 0.44532866 0.05237472 0.10482364],"[ 6.8655461e-01 -3.5123020e-01  4.8728839e-02 -7.7802706e-09
  3.6555855e-04 -1.7105357e-08  0.0000000e+00  1.0000000e+00
  6.0000002e-01  8.6554594e-02 -2.9704820e-02]",1.5390760602880975,0,0
632,687,2024-09-28 17:02:06.112590080,TASK_BEGIN,23,-0.7491058527494077,1.0219163742651125,-0.3233226551851859,-0.3076804899881867,0.7257026258309555,-0.205052378850436,-1.5152852397344625,1.0654926526990316,3,2024-09-28 17:02:05.698093018,1727542925.6980934,2024-09-28 17:02:05.698093312,14,1,-0.6423827448289805,22.02811151535507,[0. 1. 0. 0.],[0.42737778 0.33040064 0.08121191 0.16100967],"[ 6.8712825e-01 -3.5123020e-01 -3.6607221e-02  1.0218816e-08
  3.6683594e-04 -7.7626430e-09  0.0000000e+00  0.0000000e+00
  6.0000002e-01  8.7128229e-02 -2.9704820e-02]",1.487718003200658,0,0
633,688,2024-09-28 17:02:06.165979904,TASK_BEGIN,23,-0.7217350677066156,0.9903361031836408,-0.453820431899078,-0.2627920219870912,0.7981287793088919,-0.2280384360702624,-1.6369677034932597,1.080821802235155,3,2024-09-28 17:02:05.698093018,1727542925.6980934,2024-09-28 17:02:05.698093312,14,1,-0.6423827448289805,22.02811151535507,[0. 1. 0. 0.],[0.42737778 0.33040064 0.08121191 0.16100967],"[ 6.8712825e-01 -3.5123020e-01 -3.6607221e-02  1.0218816e-08
  3.6683594e-04 -7.7626430e-09  0.0000000e+00  0.0000000e+00
  6.0000002e-01  8.7128229e-02 -2.9704820e-02]",1.487718003200658,0,0
634,689,2024-09-28 17:02:06.243643136,TASK_BEGIN,23,-0.691693699908558,0.9493390519854972,-0.6042257175237875,-0.2011879468028204,0.8637542322656504,-0.2504838006890964,-1.6852068166120835,1.0779262008350583,3,2024-09-28 17:02:05.698093018,1727542925.6980934,2024-09-28 17:02:05.698093312,14,1,-0.6423827448289805,22.02811151535507,[0. 1. 0. 0.],[0.42737778 0.33040064 0.08121191 0.16100967],"[ 6.8712825e-01 -3.5123020e-01 -3.6607221e-02  1.0218816e-08
  3.6683594e-04 -7.7626430e-09  0.0000000e+00  0.0000000e+00
  6.0000002e-01  8.7128229e-02 -2.9704820e-02]",1.487718003200658,0,0
635,690,2024-09-28 17:02:06.305263872,TASK_BEGIN,23,-0.6593154573121298,0.8986484722626343,-0.7658362632838515,-0.1251815383494815,0.9210299545362056,-0.2718447981413061,-1.666375904179605,1.0589513873537146,3,2024-09-28 17:02:05.698093018,1727542925.6980934,2024-09-28 17:02:05.698093312,14,1,-0.6423827448289805,22.02811151535507,[0. 1. 0. 0.],[0.42737778 0.33040064 0.08121191 0.16100967],"[ 6.8712825e-01 -3.5123020e-01 -3.6607221e-02  1.0218816e-08
  3.6683594e-04 -7.7626430e-09  0.0000000e+00  0.0000000e+00
  6.0000002e-01  8.7128229e-02 -2.9704820e-02]",1.487718003200658,0,0
636,691,2024-09-28 17:02:06.382576896,TASK_BEGIN,23,-0.6249051614211809,0.8382640210006284,-0.929558026199121,-0.0374642584056637,0.9687274976462168,-0.2916202060964045,-1.5882384745962796,1.0263897301195737,3,2024-09-28 17:02:05.698093018,1727542925.6980934,2024-09-28 17:02:05.698093312,14,1,-0.6423827448289805,22.02811151535507,[0. 1. 0. 0.],[0.42737778 0.33040064 0.08121191 0.16100967],"[ 6.8712825e-01 -3.5123020e-01 -3.6607221e-02  1.0218816e-08
  3.6683594e-04 -7.7626430e-09  0.0000000e+00  0.0000000e+00
  6.0000002e-01  8.7128229e-02 -2.9704820e-02]",1.487718003200658,0,0
637,692,2024-09-28 17:02:06.451342080,TASK_BEGIN,23,-0.5887706391071462,0.7685015172503405,-1.086534897156468,0.0591150492674552,1.005931997570242,-0.3093783748354032,-1.4590045038438728,0.9827860400575444,3,2024-09-28 17:02:05.698093018,1727542925.6980934,2024-09-28 17:02:05.698093312,14,1,-0.6423827448289805,22.02811151535507,[0. 1. 0. 0.],[0.42737778 0.33040064 0.08121191 0.16100967],"[ 6.8712825e-01 -3.5123020e-01 -3.6607221e-02  1.0218816e-08
  3.6683594e-04 -7.7626430e-09  0.0000000e+00  0.0000000e+00
  6.0000002e-01  8.7128229e-02 -2.9704820e-02]",1.487718003200658,0,0
638,693,2024-09-28 17:02:06.518404096,TASK_BEGIN,23,-0.5512629310925697,0.6900393089946156,-1.2289173591436002,0.1617453879083731,1.0320234855870347,-0.3247807596127792,-1.2868226263168303,0.9304878654418088,3,2024-09-28 17:02:05.698093018,1727542925.6980934,2024-09-28 17:02:05.698093312,14,1,-0.6423827448289805,22.02811151535507,[0. 1. 0. 0.],[0.42737778 0.33040064 0.08121191 0.16100967],"[ 6.8712825e-01 -3.5123020e-01 -3.6607221e-02  1.0218816e-08
  3.6683594e-04 -7.7626430e-09  0.0000000e+00  0.0000000e+00
  6.0000002e-01  8.7128229e-02 -2.9704820e-02]",1.487718003200658,0,0
639,694,2024-09-28 17:02:07.464231936,TASK_BEGIN,23,-0.5128220574593984,0.6039576824840968,-1.3506185755413462,0.2677706845511254,1.046655706302498,-0.3375949044989458,-1.0798276305548544,0.8715213814123739,3,2024-09-28 17:02:06.614104980,1727542926.6141055,2024-09-28 17:02:06.614105344,14,0,120.0000024399697,138.9274863521818,[1. 0. 0. 0.],[0.41859714 0.37688638 0.06842801 0.13608847],"[ 6.8639594e-01 -3.5123020e-01  0.0000000e+00  0.0000000e+00
  3.6451544e-04  0.0000000e+00  0.0000000e+00  0.0000000e+00
  6.0000002e-01  8.6395964e-02 -2.9704820e-02]",1.450498890169663,0,0
640,701,2024-09-28 17:02:08.776521984,TASK_BEGIN,23,-0.2791428540961175,-0.0505717988710435,-1.540404502713807,0.9211126624771504,0.8473032705826317,-0.3545743202274949,0.5619602650663014,0.4007900170154264,3,2024-09-28 17:02:08.842114990,1727542928.8421156,2024-09-28 17:02:08.842115584,15,0,-2.618957587379384,-51.471265038825145,[1. 0. 0. 0.],[0.26246467 0.08452348 0.39871747 0.25429439],"[-3.9092698e-03  8.5092080e-01 -2.5246590e-02 -7.0464736e-01
  1.1051737e-02  9.4993478e-03  0.0000000e+00  0.0000000e+00
  2.0000000e-01 -2.0390926e-01 -9.4263754e+00]",1.5009481428639178,0,0
641,702,2024-09-28 17:02:08.854179072,TASK_BEGIN,23,-0.2578395612936215,-0.1278495623718839,-1.4960036943500112,0.9812700286788903,0.7835217209025637,-0.3479851563663788,0.7078418067039812,0.341859531681096,3,2024-09-28 17:02:08.871114990,1727542928.8711157,2024-09-28 17:02:08.871115776,15,0,-2.6191469823524756,-53.575699370789366,[1. 0. 0. 0.],[0.23993538 0.07753867 0.44258324 0.23994271],"[-4.0798984e-03  8.3951068e-01 -2.5252480e-02 -7.3025787e-01
  1.1526506e-02  9.4972765e-03  0.0000000e+00  0.0000000e+00
  2.0000000e-01 -2.0407990e-01 -9.3350945e+00]",1.501202943827208,0,0
642,703,2024-09-28 17:02:08.916219904,TASK_BEGIN,23,-0.2379355447193,-0.199045333548059,-1.4405921589370383,1.030143215261079,0.7140728057540147,-0.3395305488254015,0.8073813724806788,0.2891776376130537,3,2024-09-28 17:02:08.987114990,1727542928.9871159,2024-09-28 17:02:08.987115776,15,2,9.716325531844117,-20.009338409930542,[0. 0. 1. 0.],[0.37921714 0.14292457 0.1721778  0.30568049],"[-5.1058135e-03  8.0717278e-01 -3.1270627e-02 -3.9593562e-01
  1.2879873e-02  1.0250433e-02  0.0000000e+00  0.0000000e+00
  2.0000000e-01 -2.0510581e-01 -9.0763912e+00]",1.5054872297139377,0,0
643,704,2024-09-28 17:02:08.989700096,TASK_BEGIN,23,-0.2170231316628914,-0.2658271300286533,-1.3759375515406342,1.0679234368699422,0.6405452284775114,-0.3293531470916083,0.8570720322867825,0.2437457932849729,3,2024-09-28 17:02:09.016118164,1727542929.0161188,2024-09-28 17:02:09.016118784,15,2,7.020781448654032,-12.788463577177207,[0. 0. 1. 0.],[0.43186717 0.17603719 0.10987755 0.28221809],"[-5.4542222e-03  8.0217946e-01 -5.0435193e-02 -3.1956977e-01
  1.3065886e-02  3.7204034e-03  0.0000000e+00  0.0000000e+00
  2.0000000e-01 -2.0545422e-01 -9.0364447e+00]",1.5066547997284903,0,0
644,705,2024-09-28 17:02:09.057454080,TASK_BEGIN,23,-0.1920711431587317,-0.3307301769317819,-1.303528259055342,1.0952344797307407,0.5648175983748388,-0.3176515852066853,0.856223683881749,0.2061931051540431,3,2024-09-28 17:02:09.016118164,1727542929.0161188,2024-09-28 17:02:09.016118784,15,2,7.020781448654032,-12.788463577177207,[0. 0. 1. 0.],[0.43186717 0.17603719 0.10987755 0.28221809],"[-5.4542222e-03  8.0217946e-01 -5.0435193e-02 -3.1956977e-01
  1.3065886e-02  3.7204034e-03  0.0000000e+00  0.0000000e+00
  2.0000000e-01 -2.0545422e-01 -9.0364447e+00]",1.5066547997284903,0,0
645,706,2024-09-28 17:02:09.125204992,TASK_BEGIN,23,-0.1596625792481225,-0.3968862705859592,-1.2242890798938586,1.112867097375592,0.4890322751204133,-0.3047054365731906,0.8067670042177231,0.1767970716563276,3,2024-09-28 17:02:09.016118164,1727542929.0161188,2024-09-28 17:02:09.016118784,15,2,7.020781448654032,-12.788463577177207,[0. 0. 1. 0.],[0.43186717 0.17603719 0.10987755 0.28221809],"[-5.4542222e-03  8.0217946e-01 -5.0435193e-02 -3.1956977e-01
  1.3065886e-02  3.7204034e-03  0.0000000e+00  0.0000000e+00
  2.0000000e-01 -2.0545422e-01 -9.0364447e+00]",1.5066547997284903,0,0
646,707,2024-09-28 17:02:09.192603904,TASK_BEGIN,23,-0.1162805254323503,-0.4676859034733076,-1.1383320660278482,1.121518529371309,0.4154930909720524,-0.2908838054872338,0.7127206846100012,0.1555221622617648,3,2024-09-28 17:02:09.016118164,1727542929.0161188,2024-09-28 17:02:09.016118784,15,2,7.020781448654032,-12.788463577177207,[0. 0. 1. 0.],[0.43186717 0.17603719 0.10987755 0.28221809],"[-5.4542222e-03  8.0217946e-01 -5.0435193e-02 -3.1956977e-01
  1.3065886e-02  3.7204034e-03  0.0000000e+00  0.0000000e+00
  2.0000000e-01 -2.0545422e-01 -9.0364447e+00]",1.5066547997284903,0,0
647,708,2024-09-28 17:02:10.136514816,TASK_BEGIN,23,-0.0586071464062705,-0.5464237668946826,-1.0449229351198788,1.1216440706621722,0.3465088206026264,-0.276637431669592,0.5795817806979954,0.1420147421850556,3,2024-09-28 17:02:09.512115967,1727542929.5121162,2024-09-28 17:02:09.512116224,15,2,-6.102411904207972,5.696236618597227,[0. 0. 1. 0.],[0.405894   0.3627988  0.07168966 0.15961754],"[-5.4183803e-03  7.1873593e-01  6.6355772e-02  9.4609864e-02
  3.4259818e-02  5.9110194e-02  0.0000000e+00  0.0000000e+00
  2.0000000e-01 -2.0541838e-01 -8.3688965e+00]",1.5393813611165952,0,0
648,709,2024-09-28 17:02:10.201039104,TASK_BEGIN,23,0.0161941847410839,-0.6359702698546933,-0.94273718297867,1.113458086001914,0.2842414044305634,-0.262480609935758,0.4139297006219551,0.1355346039932703,3,2024-09-28 17:02:09.512115967,1727542929.5121162,2024-09-28 17:02:09.512116224,15,2,-6.102411904207972,5.696236618597227,[0. 0. 1. 0.],[0.405894   0.3627988  0.07168966 0.15961754],"[-5.4183803e-03  7.1873593e-01  6.6355772e-02  9.4609864e-02
  3.4259818e-02  5.9110194e-02  0.0000000e+00  0.0000000e+00
  2.0000000e-01 -2.0541838e-01 -8.3688965e+00]",1.5393813611165952,0,0
649,710,2024-09-28 17:02:10.272071936,TASK_BEGIN,23,0.1102339004135476,-0.738491982864265,-0.8303508129238777,1.097046048736923,0.2305956837426853,-0.2489653730448138,0.223333228831828,0.1348673156296536,3,2024-09-28 17:02:09.512115967,1727542929.5121162,2024-09-28 17:02:09.512116224,15,2,-6.102411904207972,5.696236618597227,[0. 0. 1. 0.],[0.405894   0.3627988  0.07168966 0.15961754],"[-5.4183803e-03  7.1873593e-01  6.6355772e-02  9.4609864e-02
  3.4259818e-02  5.9110194e-02  0.0000000e+00  0.0000000e+00
  2.0000000e-01 -2.0541838e-01 -8.3688965e+00]",1.5393813611165952,0,0
650,711,2024-09-28 17:02:10.339822080,TASK_BEGIN,23,0.2247035731885693,-0.8552317935595242,-0.7068099857545316,1.072503058735132,0.187147301104316,-0.2366480418617672,0.0163236996524991,0.1383062998653674,3,2024-09-28 17:02:09.512115967,1727542929.5121162,2024-09-28 17:02:09.512116224,15,2,-6.102411904207972,5.696236618597227,[0. 0. 1. 0.],[0.405894   0.3627988  0.07168966 0.15961754],"[-5.4183803e-03  7.1873593e-01  6.6355772e-02  9.4609864e-02
  3.4259818e-02  5.9110194e-02  0.0000000e+00  0.0000000e+00
  2.0000000e-01 -2.0541838e-01 -8.3688965e+00]",1.5393813611165952,0,0
651,712,2024-09-28 17:02:10.401437952,TASK_BEGIN,23,0.3597443521837217,-0.9863565174794696,-0.572105247238972,1.04003624776948,0.1551052908864881,-0.2260567628104708,-0.1978946200560488,0.1437739945706937,3,2024-09-28 17:02:09.512115967,1727542929.5121162,2024-09-28 17:02:09.512116224,15,2,-6.102411904207972,5.696236618597227,[0. 0. 1. 0.],[0.405894   0.3627988  0.07168966 0.15961754],"[-5.4183803e-03  7.1873593e-01  6.6355772e-02  9.4609864e-02
  3.4259818e-02  5.9110194e-02  0.0000000e+00  0.0000000e+00
  2.0000000e-01 -2.0541838e-01 -8.3688965e+00]",1.5393813611165952,0,0
652,713,2024-09-28 17:02:10.463443968,TASK_BEGIN,23,0.5143799610596499,-1.1308806307351058,-0.4274180446240378,1.0000208016727852,0.1353046406950082,-0.2176709163663646,-0.4100667782859999,0.1490659981767716,3,2024-09-28 17:02:10.540697021,1727542930.5406976,2024-09-28 17:02:10.540697600,15,0,-2.813192026056157,-64.47360683474909,[1. 0. 0. 0.],[0.34855296 0.05311816 0.14472098 0.4536079 ],"[ 0.01175467  0.5185782   0.06637018 -0.8015055   0.13769983  0.05910716
  0.          0.          0.2        -0.18824533 -6.767634  ]",1.517947562067075,0,0
653,714,2024-09-28 17:02:10.539849216,TASK_BEGIN,23,0.6865115415147109,-1.2866740692024126,-0.2750793534122069,0.9530213923773596,0.1282012808602007,-0.2119090001797573,-0.6116206959463178,0.1521269413386447,3,2024-09-28 17:02:10.598668213,1727542930.5986688,2024-09-28 17:02:10.598668800,15,0,-2.814354796930104,-68.79059675189191,[1. 0. 0. 0.],[0.35678174 0.04685889 0.13449446 0.4618649 ],"[ 0.01273584  0.49234343  0.06637155 -0.85271204  0.1436105   0.05910696
  0.          0.          0.2        -0.18726416 -6.557756  ]",1.5200254521057757,0,0
654,715,2024-09-28 17:02:11.486572032,TASK_BEGIN,23,0.8729632991826746,-1.450554981992246,-0.1182667258297013,0.8997909892438252,0.1338483345708448,-0.2091108336578134,-0.7952760081987089,0.1512713886294388,3,2024-09-28 17:02:11.549488037,1727542931.5494888,2024-09-28 17:02:11.549488896,15,2,-4.734805815913279,-15.0848118899962,[0. 0. 1. 0.],[0.1904036  0.01974867 0.41858544 0.37126229],"[ 0.00377448  0.09085882 -0.3313528  -0.09445837  0.25925663  0.10342993
  0.          0.          0.2        -0.19622551 -3.345879  ]",1.5563248489668093,0,0
655,716,2024-09-28 17:02:11.554380800,TASK_BEGIN,23,1.069570059777312,-1.6184596012742671,0.0394596567881334,0.8412541129881642,0.1518699324850648,-0.2095093565644207,-0.9554183075724308,0.1453111215408138,3,2024-09-28 17:02:11.549488037,1727542931.5494888,2024-09-28 17:02:11.549488896,15,2,-4.734805815913279,-15.0848118899962,[0. 0. 1. 0.],[0.1904036  0.01974867 0.41858544 0.37126229],"[ 0.00377448  0.09085882 -0.3313528  -0.09445837  0.25925663  0.10342993
  0.          0.          0.2        -0.19622551 -3.345879  ]",1.5563248489668093,0,0
656,717,2024-09-28 17:02:11.622142208,TASK_BEGIN,23,1.271312264198046,-1.7856744484093736,0.1946097452714769,0.7784780033324341,0.1814599527069161,-0.213203894235718,-1.0881864455515322,0.1335908928078877,3,2024-09-28 17:02:11.549488037,1727542931.5494888,2024-09-28 17:02:11.549488896,15,2,-4.734805815913279,-15.0848118899962,[0. 0. 1. 0.],[0.1904036  0.01974867 0.41858544 0.37126229],"[ 0.00377448  0.09085882 -0.3313528  -0.09445837  0.25925663  0.10342993
  0.          0.          0.2        -0.19622551 -3.345879  ]",1.5563248489668093,0,0
657,718,2024-09-28 17:02:11.683396096,TASK_BEGIN,23,1.472514535524038,-1.947106244073169,0.3440144016584022,0.7126460636411778,0.221402443706108,-0.2201478846293389,-1.1912952107372938,0.1159562937597255,3,2024-09-28 17:02:11.549488037,1727542931.5494888,2024-09-28 17:02:11.549488896,15,2,-4.734805815913279,-15.0848118899962,[0. 0. 1. 0.],[0.1904036  0.01974867 0.41858544 0.37126229],"[ 0.00377448  0.09085882 -0.3313528  -0.09445837  0.25925663  0.10342993
  0.          0.          0.2        -0.19622551 -3.345879  ]",1.5563248489668093,0,0
658,719,2024-09-28 17:02:11.751941888,TASK_BEGIN,23,1.66712158279504,-2.097559833697876,0.4848324825860606,0.6450472480915926,0.270093154556617,-0.2301506179858433,-1.2637123524270135,0.0926617289271469,3,2024-09-28 17:02:11.549488037,1727542931.5494888,2024-09-28 17:02:11.549488896,15,2,-4.734805815913279,-15.0848118899962,[0. 0. 1. 0.],[0.1904036  0.01974867 0.41858544 0.37126229],"[ 0.00377448  0.09085882 -0.3313528  -0.09445837  0.25925663  0.10342993
  0.          0.          0.2        -0.19622551 -3.345879  ]",1.5563248489668093,0,0
659,720,2024-09-28 17:02:11.825444096,TASK_BEGIN,23,1.8490454749887704,-2.2320062666132587,0.614461218458419,0.5770712353979135,0.3255681309018896,-0.2428855162717645,-1.3053007811737547,0.0642199082941013,3,2024-09-28 17:02:11.549488037,1727542931.5494888,2024-09-28 17:02:11.549488896,15,2,-4.734805815913279,-15.0848118899962,[0. 0. 1. 0.],[0.1904036  0.01974867 0.41858544 0.37126229],"[ 0.00377448  0.09085882 -0.3313528  -0.09445837  0.25925663  0.10342993
  0.          0.          0.2        -0.19622551 -3.345879  ]",1.5563248489668093,0,0
660,721,2024-09-28 17:02:11.893201152,TASK_BEGIN,23,2.0125387942673787,-2.3458365144491014,0.7304765045734591,0.5101914475246523,0.3855609053129021,-0.257901959679519,-1.3164716440580115,0.0312440912650092,3,2024-09-28 17:02:11.549488037,1727542931.5494888,2024-09-28 17:02:11.549488896,15,2,-4.734805815913279,-15.0848118899962,[0. 0. 1. 0.],[0.1904036  0.01974867 0.41858544 0.37126229],"[ 0.00377448  0.09085882 -0.3313528  -0.09445837  0.25925663  0.10342993
  0.          0.          0.2        -0.19622551 -3.345879  ]",1.5563248489668093,0,0
661,722,2024-09-28 17:02:12.836648960,TASK_BEGIN,23,2.1525187063007665,-2.4350907773776456,0.8306293164442085,0.445919559634977,0.4475857190152538,-0.2746403146498534,-1.2978498061914052,-0.0056437415486367,3,2024-09-28 17:02:12.133507080,1727542932.1335073,2024-09-28 17:02:12.133507328,15,0,-2.926253088043609,-56.778300564170046,[1. 0. 0. 0.],[0.07158657 0.00184557 0.16404092 0.76252693],"[-0.04124324 -0.02221155 -0.33126107 -0.60665184  0.36268166  0.10342062
  0.          0.          0.2        -0.24124323 -2.4413161 ]",1.551239087076269,0,0
662,723,2024-09-28 17:02:12.904455936,TASK_BEGIN,23,2.264791632577587,-2.496641763180666,0.912942071161084,0.3857050582066287,0.5090361049141314,-0.2924492205033213,-1.2499504940543569,-0.0458201493405092,3,2024-09-28 17:02:12.926632812,1727542932.9266331,2024-09-28 17:02:12.926633216,15,2,-1.0767171255408272,-5.024985838212519,[0. 0. 1. 0.],[0.14598348 0.02458876 0.02397083 0.80545693],"[-0.10292172 -0.23034644 -0.4666987   0.22719724  0.02867606 -0.32261348
  0.          0.          0.2        -0.3029217  -0.77623713]",1.5531846190581673,0,0
663,724,2024-09-28 17:02:12.970210048,TASK_BEGIN,23,2.346193930129987,-2.5283149469179045,0.9759166462270704,0.3307738843131337,0.5673066767129105,-0.3106082729699411,-1.172923485907605,-0.0886183654864316,3,2024-09-28 17:02:12.926632812,1727542932.9266331,2024-09-28 17:02:12.926633216,15,2,-1.0767171255408272,-5.024985838212519,[0. 0. 1. 0.],[0.14598348 0.02458876 0.02397083 0.80545693],"[-0.10292172 -0.23034644 -0.4666987   0.22719724  0.02867606 -0.32261348
  0.          0.          0.2        -0.3029217  -0.77623713]",1.5531846190581673,0,0
664,725,2024-09-28 17:02:13.030691840,TASK_BEGIN,23,2.39469805334499,-2.528945632896596,1.0187618557595446,0.2819515473300947,0.6199407570485507,-0.328362822094263,-1.0664372458031637,-0.1332914749846857,3,2024-09-28 17:02:12.926632812,1727542932.9266331,2024-09-28 17:02:12.926633216,15,2,-1.0767171255408272,-5.024985838212519,[0. 0. 1. 0.],[0.14598348 0.02458876 0.02397083 0.80545693],"[-0.10292172 -0.23034644 -0.4666987   0.22719724  0.02867606 -0.32261348
  0.          0.          0.2        -0.3029217  -0.77623713]",1.5531846190581673,0,0
665,726,2024-09-28 17:02:13.100344064,TASK_BEGIN,23,2.409499299075511,-2.498382941938432,1.0415627229340776,0.2395324398794118,0.6647825797013576,-0.3449725663766625,-0.9297376085523824,-0.1790152300555428,3,2024-09-28 17:02:12.926632812,1727542932.9266331,2024-09-28 17:02:12.926633216,15,2,-1.0767171255408272,-5.024985838212519,[0. 0. 1. 0.],[0.14598348 0.02458876 0.02397083 0.80545693],"[-0.10292172 -0.23034644 -0.4666987   0.22719724  0.02867606 -0.32261348
  0.          0.          0.2        -0.3029217  -0.77623713]",1.5531846190581673,0,0
666,727,2024-09-28 17:02:13.175446016,TASK_BEGIN,23,2.39105097759584,-2.4374475275233043,1.045342199531881,0.2032355616312794,0.7001101084141548,-0.3597677232219561,-0.7619917767910375,-0.2248958713760738,3,2024-09-28 17:02:12.926632812,1727542932.9266331,2024-09-28 17:02:12.926633216,15,2,-1.0767171255408272,-5.024985838212519,[0. 0. 1. 0.],[0.14598348 0.02458876 0.02397083 0.80545693],"[-0.10292172 -0.23034644 -0.4666987   0.22719724  0.02867606 -0.32261348
  0.          0.          0.2        -0.3029217  -0.77623713]",1.5531846190581673,0,0
667,728,2024-09-28 17:02:13.243195136,TASK_BEGIN,23,2.3410135899815687,-2.347844306619594,1.031936384382713,0.1722662697486082,0.7247387555142468,-0.3722021704177609,-0.5630621747672457,-0.2699203111349606,3,2024-09-28 17:02:12.926632812,1727542932.9266331,2024-09-28 17:02:12.926633216,15,2,-1.0767171255408272,-5.024985838212519,[0. 0. 1. 0.],[0.14598348 0.02458876 0.02397083 0.80545693],"[-0.10292172 -0.23034644 -0.4666987   0.22719724  0.02867606 -0.32261348
  0.          0.          0.2        -0.3029217  -0.77623713]",1.5531846190581673,0,0
668,729,2024-09-28 17:02:14.186729984,TASK_BEGIN,23,2.2621068187327524,-2.2320358659041686,1.0036860630179705,0.1454784822781469,0.7380884412568381,-0.3818908868101868,-0.334550630862162,-0.3128785046389526,3,2024-09-28 17:02:14.186335938,1727542934.186337,2024-09-28 17:02:14.186337024,15,1,-2.5800571626927624,-82.95964200987022,[0. 1. 0. 0.],[4.33321685e-05 4.43929406e-05 9.99908774e-01 3.50049389e-06],"[-0.2391649  -0.33770847 -0.50015134 -0.5684378  -0.5856848  -0.00836036
  0.          0.          0.2        -0.4391649   0.08265913]",1.567368302848718,0,0
669,730,2024-09-28 17:02:14.254322944,TASK_BEGIN,23,2.15787515672346,-2.093090246223367,0.9630759676346734,0.1215989723322819,0.7402003133975582,-0.3886222574613711,-0.0805885465292115,-0.3523838220084013,3,2024-09-28 17:02:14.186335938,1727542934.186337,2024-09-28 17:02:14.186337024,15,1,-2.5800571626927624,-82.95964200987022,[0. 1. 0. 0.],[4.33321685e-05 4.43929406e-05 9.99908774e-01 3.50049389e-06],"[-0.2391649  -0.33770847 -0.50015134 -0.5684378  -0.5856848  -0.00836036
  0.          0.          0.2        -0.4391649   0.08265913]",1.567368302848718,0,0
670,731,2024-09-28 17:02:14.322285824,TASK_BEGIN,23,2.032404884912133,-1.934519235210976,0.9124328043333408,0.0994582549827649,0.7317093134918223,-0.3923482693074511,0.1920748168131865,-0.3870617795149587,3,2024-09-28 17:02:14.186335938,1727542934.186337,2024-09-28 17:02:14.186337024,15,1,-2.5800571626927624,-82.95964200987022,[0. 1. 0. 0.],[4.33321685e-05 4.43929406e-05 9.99908774e-01 3.50049389e-06],"[-0.2391649  -0.33770847 -0.50015134 -0.5684378  -0.5856848  -0.00836036
  0.          0.          0.2        -0.4391649   0.08265913]",1.567368302848718,0,0
671,732,2024-09-28 17:02:14.390022912,TASK_BEGIN,23,1.8900456795579408,-1.7601238407098343,0.8536831793228026,0.0781721978457267,0.7138105121743041,-0.3931681075736013,0.4746652043344152,-0.4158191225225462,3,2024-09-28 17:02:14.186335938,1727542934.186337,2024-09-28 17:02:14.186337024,15,1,-2.5800571626927624,-82.95964200987022,[0. 1. 0. 0.],[4.33321685e-05 4.43929406e-05 9.99908774e-01 3.50049389e-06],"[-0.2391649  -0.33770847 -0.50015134 -0.5684378  -0.5856848  -0.00836036
  0.          0.          0.2        -0.4391649   0.08265913]",1.567368302848718,0,0
672,733,2024-09-28 17:02:14.452944128,TASK_BEGIN,23,1.7351748484287834,-1.5738627570524113,0.7881342313196394,0.0572287871541774,0.688237603471613,-0.3913163944177816,0.7572950761011268,-0.438031541130814,3,2024-09-28 17:02:14.186335938,1727542934.186337,2024-09-28 17:02:14.186337024,15,1,-2.5800571626927624,-82.95964200987022,[0. 1. 0. 0.],[4.33321685e-05 4.43929406e-05 9.99908774e-01 3.50049389e-06],"[-0.2391649  -0.33770847 -0.50015134 -0.5684378  -0.5856848  -0.00836036
  0.          0.          0.2        -0.4391649   0.08265913]",1.567368302848718,0,0
673,734,2024-09-28 17:02:14.525552896,TASK_BEGIN,23,1.5720164069407483,-1.379750634303308,0.7163101013171348,0.0364698214170798,0.6572093378035934,-0.3871487692161683,1.0299197128583812,-0.4535711866838584,3,2024-09-28 17:02:14.186335938,1727542934.186337,2024-09-28 17:02:14.186337024,15,1,-2.5800571626927624,-82.95964200987022,[0. 1. 0. 0.],[4.33321685e-05 4.43929406e-05 9.99908774e-01 3.50049389e-06],"[-0.2391649  -0.33770847 -0.50015134 -0.5684378  -0.5856848  -0.00836036
  0.          0.          0.2        -0.4391649   0.08265913]",1.567368302848718,0,0
674,735,2024-09-28 17:02:14.593316096,TASK_BEGIN,23,1.4045135191288298,-1.1817778795312066,0.6379631107071149,0.0160119451009909,0.623281411728529,-0.3811113921059119,1.2832977196761046,-0.4627201867379057,3,2024-09-28 17:02:14.186335938,1727542934.186337,2024-09-28 17:02:14.186337024,15,1,-2.5800571626927624,-82.95964200987022,[0. 1. 0. 0.],[4.33321685e-05 4.43929406e-05 9.99908774e-01 3.50049389e-06],"[-0.2391649  -0.33770847 -0.50015134 -0.5684378  -0.5856848  -0.00836036
  0.          0.          0.2        -0.4391649   0.08265913]",1.567368302848718,0,0
675,736,2024-09-28 17:02:15.533392896,TASK_BEGIN,23,1.236249875770082,-0.9838325020214642,0.5523487939388991,-0.0038248072381028,0.5891059855552054,-0.3736976426398136,1.5099121421747486,-0.466056496910167,3,2024-09-28 17:02:14.956536133,1727542934.956536,2024-09-28 17:02:14.956536064,15,0,1.1228881004884954,17.899366081946393,[1. 0. 0. 0.],[0.44222036 0.14470057 0.1170436  0.29603547],"[-0.30868196 -0.40052927 -0.17727175 -0.04681405 -0.15533623  0.29350215
  0.          0.          0.2        -0.50868195  0.58522546]",1.552357633933076,0,0
676,737,2024-09-28 17:02:15.604615936,TASK_BEGIN,23,1.0704111523006918,-0.7896050816412065,0.4587080180874942,-0.0225562592945864,0.557182441889092,-0.365411147697404,1.7046327543524311,-0.4643493278541241,3,2024-09-28 17:02:14.956536133,1727542934.956536,2024-09-28 17:02:14.956536064,15,0,1.1228881004884954,17.899366081946393,[1. 0. 0. 0.],[0.44222036 0.14470057 0.1170436  0.29603547],"[-0.30868196 -0.40052927 -0.17727175 -0.04681405 -0.15533623  0.29350215
  0.          0.          0.2        -0.50868195  0.58522546]",1.552357633933076,0,0
677,738,2024-09-28 17:02:15.672190976,TASK_BEGIN,23,0.9097663649353676,-0.6024731911555467,0.3567612503471327,-0.0395766649685763,0.5296848320857284,-0.3567482868506357,1.864860058541043,-0.4584427353444984,3,2024-09-28 17:02:14.956536133,1727542934.956536,2024-09-28 17:02:14.956536064,15,0,1.1228881004884954,17.899366081946393,[1. 0. 0. 0.],[0.44222036 0.14470057 0.1170436  0.29603547],"[-0.30868196 -0.40052927 -0.17727175 -0.04681405 -0.15533623  0.29350215
  0.          0.          0.2        -0.50868195  0.58522546]",1.552357633933076,0,0
678,739,2024-09-28 17:02:15.740164096,TASK_BEGIN,23,0.756647740482698,-0.4253842818850099,0.2469920075303291,-0.054228604127031,0.5083718546032532,-0.3481931857512142,1.990101970887765,-0.4491085353376938,3,2024-09-28 17:02:14.956536133,1727542934.956536,2024-09-28 17:02:14.956536064,15,0,1.1228881004884954,17.899366081946393,[1. 0. 0. 0.],[0.44222036 0.14470057 0.1170436  0.29603547],"[-0.30868196 -0.40052927 -0.17727175 -0.04681405 -0.15533623  0.29350215
  0.          0.          0.2        -0.50868195  0.58522546]",1.552357633933076,0,0
679,740,2024-09-28 17:02:15.796687872,TASK_BEGIN,23,0.612927133340233,-0.260766780413014,0.1306314055777721,-0.0658630825273755,0.4945275351682611,-0.3402076866390726,2.081237778147854,-0.4369097758801999,3,2024-09-28 17:02:14.956536133,1727542934.956536,2024-09-28 17:02:14.956536064,15,0,1.1228881004884954,17.899366081946393,[1. 0. 0. 0.],[0.44222036 0.14470057 0.1170436  0.29603547],"[-0.30868196 -0.40052927 -0.17727175 -0.04681405 -0.15533623  0.29350215
  0.          0.          0.2        -0.50868195  0.58522546]",1.552357633933076,0,0
680,741,2024-09-28 17:02:15.875703040,TASK_BEGIN,23,0.4800065149527207,-0.1104881519168921,0.0094624064381117,-0.0738520724799135,0.4889028766557378,-0.3332074886445675,2.1398469909804905,-0.4221424164685644,3,2024-09-28 17:02:15.939805908,1727542935.9398062,2024-09-28 17:02:15.939806208,15,3,-1.4737982414782869,7.302329154156945,[0. 0. 0. 1.],[0.51511052 0.17196611 0.03443083 0.27849253],"[-0.30191088 -0.38428777  0.16252011  0.0359693  -0.29334342 -0.15881833
  0.          1.          0.2        -0.50191087  0.45529354]",1.5061341615742587,0,0
681,742,2024-09-28 17:02:15.935930880,TASK_BEGIN,23,0.3588416549014339,0.0241378708775028,-0.1143598318382151,-0.0775818061883128,0.4916725693553223,-0.3275284677556031,2.167795921870889,-0.4048608754564487,3,2024-09-28 17:02:15.968993896,1727542935.9689941,2024-09-28 17:02:15.968994048,15,3,-0.5051726153349227,6.724133247280453,[0. 0. 0. 1.],[0.51691973 0.17679597 0.03401141 0.27227289],"[-0.30085793 -0.38376814  0.16198708  0.03115141 -0.30077085 -0.14854679
  0.          1.          0.2        -0.50085795  0.45113647]",1.5065886836800586,0,0
682,743,2024-09-28 17:02:16.862189824,TASK_BEGIN,23,0.2500058288042185,0.1422999728733091,-0.2383450959609395,-0.0764904183451276,0.5024285551104752,-0.3233928775935684,2.16704010520924,-0.3849375477440775,3,2024-09-28 17:02:16.626889893,1727542936.6268904,2024-09-28 17:02:16.626890496,15,3,13.247382525257455,16.290033332730047,[0. 0. 0. 1.],[0.4016986  0.16589517 0.08781501 0.34459123],"[-0.25481352 -0.39499342  0.29495847  0.02500215 -0.22821295  0.21054418
  1.          1.          0.2        -0.4548135   0.54093874]",1.5378757604514521,0,0
683,744,2024-09-28 17:02:16.929974016,TASK_BEGIN,23,0.1537867282021095,0.2436035367972283,-0.3595608076693652,-0.0701738273511294,0.5202237723081679,-0.3208888021978548,2.139630799019525,-0.3621425791308049,3,2024-09-28 17:02:16.626889893,1727542936.6268904,2024-09-28 17:02:16.626890496,15,3,13.247382525257455,16.290033332730047,[0. 0. 0. 1.],[0.4016986  0.16589517 0.08781501 0.34459123],"[-0.25481352 -0.39499342  0.29495847  0.02500215 -0.22821295  0.21054418
  1.          1.          0.2        -0.4548135   0.54093874]",1.5378757604514521,0,0
684,745,2024-09-28 17:02:16.997389056,TASK_BEGIN,23,0.0703016944350508,0.3279674517479227,-0.4745026915310301,-0.0585151974639407,0.5436792598852734,-0.3199757052117203,2.087988714164381,-0.3362658692794618,3,2024-09-28 17:02:16.626889893,1727542936.6268904,2024-09-28 17:02:16.626890496,15,3,13.247382525257455,16.290033332730047,[0. 0. 0. 1.],[0.4016986  0.16589517 0.08781501 0.34459123],"[-0.25481352 -0.39499342  0.29495847  0.02500215 -0.22821295  0.21054418
  1.          1.          0.2        -0.4548135   0.54093874]",1.5378757604514521,0,0
685,746,2024-09-28 17:02:17.059134976,TASK_BEGIN,23,-0.0003898594404745,0.3955231218723705,-0.5790799315015672,-0.0417721169772816,0.5711520544682871,-0.3205155656359441,2.0153207591575417,-0.3072551012511402,3,2024-09-28 17:02:16.626889893,1727542936.6268904,2024-09-28 17:02:16.626890496,15,3,13.247382525257455,16.290033332730047,[0. 0. 0. 1.],[0.4016986  0.16589517 0.08781501 0.34459123],"[-0.25481352 -0.39499342  0.29495847  0.02500215 -0.22821295  0.21054418
  1.          1.          0.2        -0.4548135   0.54093874]",1.5378757604514521,0,0
686,747,2024-09-28 17:02:17.132950016,TASK_BEGIN,23,-0.058206197683982,0.4465320107142473,-0.6687744143590963,-0.0205942291005134,0.6009220425485535,-0.3223106606633331,1.9259004376455169,-0.2753122328757422,3,2024-09-28 17:02:16.626889893,1727542936.6268904,2024-09-28 17:02:16.626890496,15,3,13.247382525257455,16.290033332730047,[0. 0. 0. 1.],[0.4016986  0.16589517 0.08781501 0.34459123],"[-0.25481352 -0.39499342  0.29495847  0.02500215 -0.22821295  0.21054418
  1.          1.          0.2        -0.4548135   0.54093874]",1.5378757604514521,0,0
687,748,2024-09-28 17:02:17.199868928,TASK_BEGIN,23,-0.1030262077765672,0.4813355382211,-0.7390182038255082,0.0040292143636541,0.631336716701457,-0.325123861621599,1.825068525299048,-0.2409343139116161,3,2024-09-28 17:02:16.626889893,1727542936.6268904,2024-09-28 17:02:16.626890496,15,3,13.247382525257455,16.290033332730047,[0. 0. 0. 1.],[0.4016986  0.16589517 0.08781501 0.34459123],"[-0.25481352 -0.39499342  0.29495847  0.02500215 -0.22821295  0.21054418
  1.          1.          0.2        -0.4548135   0.54093874]",1.5378757604514521,0,0
688,749,2024-09-28 17:02:17.266525952,TASK_BEGIN,23,-0.1347461974309999,0.5003479848914457,-0.7858180616544855,0.0309016168684338,0.6608800292958998,-0.3286711820156979,1.7189402669077167,-0.2048950138873351,3,2024-09-28 17:02:16.626889893,1727542936.6268904,2024-09-28 17:02:16.626890496,15,3,13.247382525257455,16.290033332730047,[0. 0. 0. 1.],[0.4016986  0.16589517 0.08781501 0.34459123],"[-0.25481352 -0.39499342  0.29495847  0.02500215 -0.22821295  0.21054418
  1.          1.          0.2        -0.4548135   0.54093874]",1.5378757604514521,0,0
689,750,2024-09-28 17:02:18.212924160,TASK_BEGIN,23,-0.1533888691539493,0.5040935138574684,-0.8065383990112113,0.058830508162538,0.6881789988525504,-0.3325984734740486,1.6137974844807623,-0.1681442407011544,3,2024-09-28 17:02:18.216888916,1727542938.2168891,2024-09-28 17:02:18.216889088,15,3,-1.5939159842440154,-8.067591180514036,[0. 0. 0. 1.],[1.55439029e-02 9.68027276e-01 1.63928514e-02 3.59693664e-05],"[-0.13219182 -0.39229542  0.39580268 -0.02730523  0.36232662  0.2859774
  1.          1.          0.2        -0.33219182  0.5193547 ]",1.5289327734056655,0,0
690,751,2024-09-28 17:02:18.280435968,TASK_BEGIN,23,-0.1592330764914536,0.4932775802110082,-0.8006485624634769,0.0868726997182344,0.7119947111866544,-0.336468068399413,1.515252611333078,-0.1316588662989985,3,2024-09-28 17:02:18.216888916,1727542938.2168891,2024-09-28 17:02:18.216889088,15,3,-1.5939159842440154,-8.067591180514036,[0. 0. 0. 1.],[1.55439029e-02 9.68027276e-01 1.63928514e-02 3.59693664e-05],"[-0.13219182 -0.39229542  0.39580268 -0.02730523  0.36232662  0.2859774
  1.          1.          0.2        -0.33219182  0.5193547 ]",1.5289327734056655,0,0
691,752,2024-09-28 17:02:18.335166976,TASK_BEGIN,23,-0.1529436583660027,0.4688764354274867,-0.770217511976669,0.1145251200706652,0.7312400560299106,-0.3397761150589591,1.427447711779097,-0.0963200336986565,3,2024-09-28 17:02:18.216888916,1727542938.2168891,2024-09-28 17:02:18.216889088,15,3,-1.5939159842440154,-8.067591180514036,[0. 0. 0. 1.],[1.55439029e-02 9.68027276e-01 1.63928514e-02 3.59693664e-05],"[-0.13219182 -0.39229542  0.39580268 -0.02730523  0.36232662  0.2859774
  1.          1.          0.2        -0.33219182  0.5193547 ]",1.5289327734056655,0,0
692,753,2024-09-28 17:02:18.415542016,TASK_BEGIN,23,-0.1356800917893177,0.4322241851492721,-0.7199730325670137,0.141775392705384,0.7450239859858406,-0.3420025095742762,1.3525258172780106,-0.0628281132523609,3,2024-09-28 17:02:18.216888916,1727542938.2168891,2024-09-28 17:02:18.216889088,15,3,-1.5939159842440154,-8.067591180514036,[0. 0. 0. 1.],[1.55439029e-02 9.68027276e-01 1.63928514e-02 3.59693664e-05],"[-0.13219182 -0.39229542  0.39580268 -0.02730523  0.36232662  0.2859774
  1.          1.          0.2        -0.33219182  0.5193547 ]",1.5289327734056655,0,0
693,754,2024-09-28 17:02:18.483834112,TASK_BEGIN,23,-0.1091545274928579,0.3850775209026522,-0.6568707137136272,0.1689953951640593,0.7526876308838528,-0.3426781225519349,1.2904681520252508,-0.0316312008386996,3,2024-09-28 17:02:18.216888916,1727542938.2168891,2024-09-28 17:02:18.216889088,15,3,-1.5939159842440154,-8.067591180514036,[0. 0. 0. 1.],[1.55439029e-02 9.68027276e-01 1.63928514e-02 3.59693664e-05],"[-0.13219182 -0.39229542  0.39580268 -0.02730523  0.36232662  0.2859774
  1.          1.          0.2        -0.33219182  0.5193547 ]",1.5289327734056655,0,0
694,755,2024-09-28 17:02:18.551318784,TASK_BEGIN,23,-0.0756174998911983,0.3296476057528122,-0.5892969876697572,0.1967364423942795,0.7538103471490255,-0.3414471321284267,1.239318300278138,-0.002898074319034,3,2024-09-28 17:02:18.216888916,1727542938.2168891,2024-09-28 17:02:18.216889088,15,3,-1.5939159842440154,-8.067591180514036,[0. 0. 0. 1.],[1.55439029e-02 9.68027276e-01 1.63928514e-02 3.59693664e-05],"[-0.13219182 -0.39229542  0.39580268 -0.02730523  0.36232662  0.2859774
  1.          1.          0.2        -0.33219182  0.5193547 ]",1.5289327734056655,0,0
695,756,2024-09-28 17:02:18.619793920,TASK_BEGIN,23,-0.0377746513896618,0.2685989588334532,-0.5261406882406923,0.2254984983351043,0.7481907136377611,-0.3381052576311791,1.1957620034023242,0.0234223544892058,3,2024-09-28 17:02:18.216888916,1727542938.2168891,2024-09-28 17:02:18.216889088,15,3,-1.5939159842440154,-8.067591180514036,[0. 0. 0. 1.],[1.55439029e-02 9.68027276e-01 1.63928514e-02 3.59693664e-05],"[-0.13219182 -0.39229542  0.39580268 -0.02730523  0.36232662  0.2859774
  1.          1.          0.2        -0.33219182  0.5193547 ]",1.5289327734056655,0,0
696,757,2024-09-28 17:02:19.538342912,TASK_BEGIN,23,0.0013368703540875,0.2050164644936774,-0.4759617894431856,0.2555370467963259,0.7358058310495991,-0.3326038792293516,1.1559184862433718,0.0474782497786046,3,2024-09-28 17:02:19.600888916,1727542939.6008897,2024-09-28 17:02:19.600889600,15,3,0.03739506967162299,6.249700816274672,[0. 0. 0. 1.],[0.33682868 0.52267051 0.07833858 0.06216222],"[-0.04092797 -0.35683233  0.33470416  0.04159321  0.23815459 -0.08618029
  0.          1.          0.2        -0.24092796  0.23564996]",1.4819040947856692,0,0
697,758,2024-09-28 17:02:19.600476160,TASK_BEGIN,23,0.0384819225592438,0.1423339851722616,-0.4463516207661685,0.2867624855678138,0.7167431589589263,-0.3250217837929712,1.1160885739686843,0.0693960503091652,3,2024-09-28 17:02:19.659889893,1727542939.6598904,2024-09-28 17:02:19.659890432,15,3,0.5630298867170802,7.218693871887351,[0. 0. 0. 1.],[0.34521771 0.51058031 0.07918191 0.06502006],"[-0.03635319 -0.3555647   0.33567473  0.04151051  0.22952057 -0.08637052
  0.          1.          0.2        -0.23635319  0.22550906]",1.4832428154456345,0,0
698,759,2024-09-28 17:02:19.672919040,TASK_BEGIN,23,0.0703701068403681,0.0842083627920346,-0.4434266474882172,0.3187379886059397,0.6911183228663588,-0.3155182839789488,1.0732220361575622,0.0892203828405955,3,2024-09-28 17:02:19.754215088,1727542939.7542155,2024-09-28 17:02:19.754215424,15,3,0.39631319159263056,8.016282493784379,[0. 0. 0. 1.],[0.35769426 0.49230877 0.08026058 0.06973639],"[-0.02935171 -0.35363466  0.34368595  0.04218553  0.21631621 -0.08835169
  0.          1.          0.2        -0.22935171  0.2100686 ]",1.4870891591007982,0,0
699,760,2024-09-28 17:02:19.741609216,TASK_BEGIN,23,0.0938383148520825,0.0343185981672028,-0.4713992501459543,0.350730602742415,0.6590156191344438,-0.3042879282430659,1.0250056884153518,0.1069340789644208,3,2024-09-28 17:02:19.814582031,1727542939.8145828,2024-09-28 17:02:19.814582784,15,3,0.08315349081627744,8.357252279897876,[0. 0. 0. 1.],[0.36605124 0.47994439 0.08094074 0.07306363],"[-0.02460345 -0.35233265  0.35092258  0.04285605  0.20736717 -0.09016558
  0.          1.          0.2        -0.22460344  0.19965257]",1.489679310465468,0,0
700,761,2024-09-28 17:02:19.809346816,TASK_BEGIN,23,0.1060963659456494,-0.0039175099861035,-0.5322435297049938,0.3817836953075336,0.6204772601615921,-0.2915325205118897,0.9696604252501236,0.1225407147454151,3,2024-09-28 17:02:19.876233154,1727542939.8762338,2024-09-28 17:02:19.876233728,15,3,0.11617550039412607,8.799645364898801,[0. 0. 0. 1.],[0.37512534 0.46679405 0.08170047 0.07638014],"[-0.0197672  -0.35101217  0.35727137  0.04340568  0.19825613 -0.09175608
  0.          1.          0.2        -0.2197672   0.18908872]",1.490660613347953,0,0
701,762,2024-09-28 17:02:19.877059072,TASK_BEGIN,23,0.1050093871575688,-0.0276781709435689,-0.6254740521893281,0.4108211002198383,0.5755407317241247,-0.2774554035827913,0.9057375125992084,0.1361479797597586,3,2024-09-28 17:02:19.937043945,1727542939.9370444,2024-09-28 17:02:19.937044480,15,3,0.06801145842807955,9.090279479197058,[0. 0. 0. 1.],[0.38188346 0.45950212 0.08284178 0.07577264],"[-0.0148259  -0.34966892  0.36528426  0.0441442   0.18895064 -0.09377944
  0.          1.          0.2        -0.2148259   0.17834271]",1.4939077992006982,0,0
702,763,2024-09-28 17:02:19.944656896,TASK_BEGIN,23,0.0893401640551416,-0.0350486048759452,-0.7480692406274488,0.4367953173799932,0.5243023609405433,-0.2622720817111219,0.8321848298496946,0.147989214464375,3,2024-09-28 17:02:20.026650879,1727542940.0266519,2024-09-28 17:02:20.026651904,15,3,0.474606569176222,9.721807601596023,[0. 0. 0. 1.],[0.38752631 0.45951824 0.08290096 0.0700545 ],"[-0.00719968 -0.34760755  0.37575972  0.045037    0.17459351 -0.09643002
  0.          1.          0.2        -0.20719968  0.16185178]",1.500860213338116,0,0
703,764,2024-09-28 17:02:20.911005184,TASK_BEGIN,23,0.0588797150373652,-0.0252343941123602,-0.8946373419824509,0.4588549590711807,0.4669659523926526,-0.2462218373448987,0.7485797982558309,0.1583820142068886,3,2024-09-28 17:02:20.742284912,1727542940.742285,2024-09-28 17:02:20.742285056,15,3,1.8319211814119336,28.740048135795274,[0. 0. 0. 1.],[0.29822233 0.57692556 0.01363794 0.11121417],"[ 0.05834317 -0.33019835  0.40343845  0.11616842  0.04925974 -0.26350462
  1.          1.          0.2        -0.14165683  0.02257813]",1.5591456160684856,0,0
704,765,2024-09-28 17:02:20.973260032,TASK_BEGIN,23,0.014455899586438,0.0013460264567165,-1.057879117538731,0.4764795484298822,0.4038441895098927,-0.2295643234788379,0.6551763446990598,0.1676732060540099,3,2024-09-28 17:02:21.006712891,1727542941.0067132,2024-09-28 17:02:21.006713088,15,3,-0.8105889939228155,27.810055841808104,[0. 0. 0. 1.],[0.28531372 0.60690079 0.01782242 0.08996307],"[ 0.08573119 -0.32313162  0.46412414  0.04982288 -0.00465489 -0.12079285
  1.          1.          0.2        -0.11426881 -0.03395569]",1.5593529707712819,0,0
705,766,2024-09-28 17:02:21.047898880,TASK_BEGIN,23,-0.0421454100192202,0.0430736084618445,-1.2292519558062365,0.4895422800596558,0.3353345163311044,-0.2125585202692397,0.5526679538927534,0.1762094275868287,3,2024-09-28 17:02:21.006712891,1727542941.0067132,2024-09-28 17:02:21.006713088,15,3,-0.8105889939228155,27.810055841808104,[0. 0. 0. 1.],[0.28531372 0.60690079 0.01782242 0.08996307],"[ 0.08573119 -0.32313162  0.46412414  0.04982288 -0.00465489 -0.12079285
  1.          1.          0.2        -0.11426881 -0.03395569]",1.5593529707712819,0,0
706,767,2024-09-28 17:02:21.111267072,TASK_BEGIN,23,-0.1083187865298892,0.097227894532145,-1.3996875728264009,0.4982949437008935,0.2619309873066351,-0.1954364107323785,0.4419280577982087,0.1843336067831957,3,2024-09-28 17:02:21.006712891,1727542941.0067132,2024-09-28 17:02:21.006713088,15,3,-0.8105889939228155,27.810055841808104,[0. 0. 0. 1.],[0.28531372 0.60690079 0.01782242 0.08996307],"[ 0.08573119 -0.32313162  0.46412414  0.04982288 -0.00465489 -0.12079285
  1.          1.          0.2        -0.11426881 -0.03395569]",1.5593529707712819,0,0
707,768,2024-09-28 17:02:21.173764864,TASK_BEGIN,23,-0.180819770381406,0.1601593571576532,-1.5602857253414346,0.5032935827172933,0.1842986650742105,-0.1783853924395954,0.3239636401112916,0.1923812936407431,3,2024-09-28 17:02:21.006712891,1727542941.0067132,2024-09-28 17:02:21.006713088,15,3,-0.8105889939228155,27.810055841808104,[0. 0. 0. 1.],[0.28531372 0.60690079 0.01782242 0.08996307],"[ 0.08573119 -0.32313162  0.46412414  0.04982288 -0.00465489 -0.12079285
  1.          1.          0.2        -0.11426881 -0.03395569]",1.5593529707712819,0,0
708,769,2024-09-28 17:02:21.251058176,TASK_BEGIN,23,-0.2559666757605188,0.2275175166737625,-1.7029444725847465,0.5052933969438642,0.1033665006229751,-0.1615438476907924,0.2000542215146474,0.200641983748447,3,2024-09-28 17:02:21.006712891,1727542941.0067132,2024-09-28 17:02:21.006713088,15,3,-0.8105889939228155,27.810055841808104,[0. 0. 0. 1.],[0.28531372 0.60690079 0.01782242 0.08996307],"[ 0.08573119 -0.32313162  0.46412414  0.04982288 -0.00465489 -0.12079285
  1.          1.          0.2        -0.11426881 -0.03395569]",1.5593529707712819,0,0
709,770,2024-09-28 17:02:21.318711808,TASK_BEGIN,23,-0.3298539377297186,0.2945194585926401,-1.82087164794522,0.5051424597326328,0.020366184792009,-0.145002920394317,0.0719647019731333,0.2092540598903425,3,2024-09-28 17:02:21.006712891,1727542941.0067132,2024-09-28 17:02:21.006713088,15,3,-0.8105889939228155,27.810055841808104,[0. 0. 0. 1.],[0.28531372 0.60690079 0.01782242 0.08996307],"[ 0.08573119 -0.32313162  0.46412414  0.04982288 -0.00465489 -0.12079285
  1.          1.          0.2        -0.11426881 -0.03395569]",1.5593529707712819,0,0
710,771,2024-09-28 17:02:22.232461824,TASK_BEGIN,23,-0.3985808889339048,0.3562460701765291,-1.908947397938246,0.5036981207577006,-0.0632248813350811,-0.1288035689158789,-0.0577827232428076,0.2180444316294776,3,2024-09-28 17:02:21.449488037,1727542941.4494889,2024-09-28 17:02:21.449488896,15,0,0.567985182550359,19.329194708754535,[1. 0. 0. 0.],[0.36777208 0.47366842 0.12324744 0.03531206],"[ 1.3518667e-01 -3.2328516e-01  4.4350165e-01 -5.7685744e-02
  2.4667976e-04 -1.4128703e-01  0.0000000e+00  1.0000000e+00
  2.0000000e-01 -6.4813331e-02 -3.2727353e-02]",1.5258860781364176,0,0
711,772,2024-09-28 17:02:22.294959872,TASK_BEGIN,23,-0.4584888154296225,0.407948876072558,-1.9639386265986696,0.5017722964996778,-0.1458193928509457,-0.1129271415263205,-0.1856446567310564,0.2264069900770914,3,2024-09-28 17:02:21.449488037,1727542941.4494889,2024-09-28 17:02:21.449488896,15,0,0.567985182550359,19.329194708754535,[1. 0. 0. 0.],[0.36777208 0.47366842 0.12324744 0.03531206],"[ 1.3518667e-01 -3.2328516e-01  4.4350165e-01 -5.7685744e-02
  2.4667976e-04 -1.4128703e-01  0.0000000e+00  1.0000000e+00
  2.0000000e-01 -6.4813331e-02 -3.2727353e-02]",1.5258860781364176,0,0
712,773,2024-09-28 17:02:22.373056000,TASK_BEGIN,23,-0.5063802634066421,0.4453472812638345,-1.984546750665523,0.5000834000826435,-0.2258754407060617,-0.0972892648124695,-0.3070376372008681,0.2333466417509092,3,2024-09-28 17:02:21.478488037,1727542941.4784887,2024-09-28 17:02:21.478488576,15,0,12.631488450157235,31.767391211824226,[1. 0. 0. 0.],[0.38848988 0.46117071 0.11986198 0.03047744],"[ 1.3811620e-01 -3.2328504e-01  4.2180598e-01 -4.4474280e-08
  2.4787430e-04 -3.3215212e-08  1.0000000e+00  1.0000000e+00
  2.0000000e-01 -6.1883800e-02 -3.2728307e-02]",1.5229703769377902,0,0
713,774,2024-09-28 17:02:22.434861824,TASK_BEGIN,23,-0.5396979323528213,0.4648985888828273,-1.9712943362775943,0.4991897110806869,-0.302019930138753,-0.0817460177633935,-0.4167093323555389,0.2377161997013105,3,2024-09-28 17:02:21.771488037,1727542941.7714887,2024-09-28 17:02:21.771488768,15,0,0.5784698641626562,44.329660835595895,[1. 0. 0. 0.],[0.25172215 0.62440303 0.03857693 0.08529789],"[ 1.6141097e-01 -3.2328457e-01  2.6352862e-01 -9.1188843e-09
  2.5272983e-04 -2.8098210e-09  1.0000000e+00  1.0000000e+00
  2.0000000e-01 -3.8589034e-02 -3.2732122e-02]",1.5020137852705813,0,0
714,775,2024-09-28 17:02:22.508519680,TASK_BEGIN,23,-0.556656755635586,0.4640235961491878,-1.9263517457507864,0.4994256993851049,-0.3731273113241256,-0.0661133896875736,-0.5093484869803525,0.2385234442627037,3,2024-09-28 17:02:21.771488037,1727542941.7714887,2024-09-28 17:02:21.771488768,15,0,0.5784698641626562,44.329660835595895,[1. 0. 0. 0.],[0.25172215 0.62440303 0.03857693 0.08529789],"[ 1.6141097e-01 -3.2328457e-01  2.6352862e-01 -9.1188843e-09
  2.5272983e-04 -2.8098210e-09  1.0000000e+00  1.0000000e+00
  2.0000000e-01 -3.8589034e-02 -3.2732122e-02]",1.5020137852705813,0,0
715,776,2024-09-28 17:02:22.576255232,TASK_BEGIN,23,-0.5563262715516928,0.4412679241654065,-1.853410871266567,0.5009038671221473,-0.4383627794354537,-0.0501958794921957,-0.5802305036386268,0.235161531320464,3,2024-09-28 17:02:21.771488037,1727542941.7714887,2024-09-28 17:02:21.771488768,15,0,0.5784698641626562,44.329660835595895,[1. 0. 0. 0.],[0.25172215 0.62440303 0.03857693 0.08529789],"[ 1.6141097e-01 -3.2328457e-01  2.6352862e-01 -9.1188843e-09
  2.5272983e-04 -2.8098210e-09  1.0000000e+00  1.0000000e+00
  2.0000000e-01 -3.8589034e-02 -3.2732122e-02]",1.5020137852705813,0,0
716,777,2024-09-28 17:02:22.644056064,TASK_BEGIN,23,-0.5386560341804286,0.3963842460560985,-1.7575376164453795,0.5036060462320576,-0.4971938683219007,-0.033815777534901,-0.6258762801406381,0.2275337152960206,3,2024-09-28 17:02:21.771488037,1727542941.7714887,2024-09-28 17:02:21.771488768,15,0,0.5784698641626562,44.329660835595895,[1. 0. 0. 0.],[0.25172215 0.62440303 0.03857693 0.08529789],"[ 1.6141097e-01 -3.2328457e-01  2.6352862e-01 -9.1188843e-09
  2.5272983e-04 -2.8098210e-09  1.0000000e+00  1.0000000e+00
  2.0000000e-01 -3.8589034e-02 -3.2732122e-02]",1.5020137852705813,0,0
717,778,2024-09-28 17:02:23.589196032,TASK_BEGIN,23,-0.5044406726004479,0.3303328528538621,-1.6448065233567113,0.5075056803703181,-0.5493718063878834,-0.0168319965051457,-0.6447175680035935,0.2161300196182434,3,2024-09-28 17:02:22.887262939,1727542942.887263,2024-09-28 17:02:22.887262976,15,0,2.698327524086608e-06,50.715498852194926,[1. 0. 0. 0.],[0.44041953 0.2815477  0.03591623 0.24211654],"[ 1.8152492e-01 -3.2328457e-01  8.7772598e-09 -4.5713087e-09
  2.5520474e-04 -1.9618797e-08  1.0000000e+00  1.0000000e+00
  2.0000000e-01 -1.8475087e-02 -3.2732122e-02]",1.3864236662816007,0,0
718,779,2024-09-28 17:02:23.657529088,TASK_BEGIN,23,-0.4552253217772256,0.245200678524583,-1.521716237216875,0.5126550109925808,-0.5948941931397016,0.0008563704858972,-0.6375894111100122,0.2020746091130813,3,2024-09-28 17:02:22.887262939,1727542942.887263,2024-09-28 17:02:22.887262976,15,0,2.698327524086608e-06,50.715498852194926,[1. 0. 0. 0.],[0.44041953 0.2815477  0.03591623 0.24211654],"[ 1.8152492e-01 -3.2328457e-01  8.7772598e-09 -4.5713087e-09
  2.5520474e-04 -1.9618797e-08  1.0000000e+00  1.0000000e+00
  2.0000000e-01 -1.8475087e-02 -3.2732122e-02]",1.3864236662816007,0,0
719,780,2024-09-28 17:02:23.718173952,TASK_BEGIN,23,-0.3931498255987112,0.1440319085301298,-1.3946646921371626,0.519238108987608,-0.6339590717787166,0.0193152330464984,-0.6078159346050592,0.1870908877398544,3,2024-09-28 17:02:22.887262939,1727542942.887263,2024-09-28 17:02:22.887262976,15,0,2.698327524086608e-06,50.715498852194926,[1. 0. 0. 0.],[0.44041953 0.2815477  0.03591623 0.24211654],"[ 1.8152492e-01 -3.2328457e-01  8.7772598e-09 -4.5713087e-09
  2.5520474e-04 -1.9618797e-08  1.0000000e+00  1.0000000e+00
  2.0000000e-01 -1.8475087e-02 -3.2732122e-02]",1.3864236662816007,0,0
720,781,2024-09-28 17:02:23.793065216,TASK_BEGIN,23,-0.3207407999261326,0.0305703185690887,-1.269675863961763,0.5276067570980463,-0.6669091072718119,0.0385794776075115,-0.5608263365188461,0.1733376222072225,3,2024-09-28 17:02:22.887262939,1727542942.887263,2024-09-28 17:02:22.887262976,15,0,2.698327524086608e-06,50.715498852194926,[1. 0. 0. 0.],[0.44041953 0.2815477  0.03591623 0.24211654],"[ 1.8152492e-01 -3.2328457e-01  8.7772598e-09 -4.5713087e-09
  2.5520474e-04 -1.9618797e-08  1.0000000e+00  1.0000000e+00
  2.0000000e-01 -1.8475087e-02 -3.2732122e-02]",1.3864236662816007,0,0
721,782,2024-09-28 17:02:23.860804864,TASK_BEGIN,23,-0.2406864968576256,-0.0910604331659685,-1.1522571533494392,0.5382711144273251,-0.6941687950605251,0.0586507179234813,-0.5034697700407692,0.1631439244140244,3,2024-09-28 17:02:23.151281006,1727542943.1512818,2024-09-28 17:02:23.151281920,15,0,-6.53554721452565e-08,46.32948116055652,[1. 0. 0. 0.],[0.44042115 0.28154874 0.03591637 0.24211374],"[ 1.8152492e-01 -3.2328457e-01 -3.7101930e-09  8.5441376e-10
  2.5523012e-04  4.4446642e-09  1.0000000e+00  1.0000000e+00
  2.0000000e-01 -1.8475087e-02 -3.2732122e-02]",1.3864235218705054,0,0
722,783,2024-09-28 17:02:23.919729920,TASK_BEGIN,23,-0.1556379710613853,-0.2166910631662277,-1.0472060283112392,0.5518197261183762,-0.7161902306297464,0.0794867910137181,-0.4432938760153246,0.1587230392900607,3,2024-09-28 17:02:23.151281006,1727542943.1512818,2024-09-28 17:02:23.151281920,15,0,-6.53554721452565e-08,46.32948116055652,[1. 0. 0. 0.],[0.44042115 0.28154874 0.03591637 0.24211374],"[ 1.8152492e-01 -3.2328457e-01 -3.7101930e-09  8.5441376e-10
  2.5523012e-04  4.4446642e-09  1.0000000e+00  1.0000000e+00
  2.0000000e-01 -1.8475087e-02 -3.2732122e-02]",1.3864235218705054,0,0
723,784,2024-09-28 17:02:23.980928000,TASK_BEGIN,23,-0.0680596789870124,-0.342406089094376,-0.9584069595604312,0.5688039645981016,-0.7334119486829399,0.1009796949527469,-0.3879268297764094,0.1619250603986214,3,2024-09-28 17:02:23.151281006,1727542943.1512818,2024-09-28 17:02:23.151281920,15,0,-6.53554721452565e-08,46.32948116055652,[1. 0. 0. 0.],[0.44042115 0.28154874 0.03591637 0.24211374],"[ 1.8152492e-01 -3.2328457e-01 -3.7101930e-09  8.5441376e-10
  2.5523012e-04  4.4446642e-09  1.0000000e+00  1.0000000e+00
  2.0000000e-01 -1.8475087e-02 -3.2732122e-02]",1.3864235218705054,0,0
724,785,2024-09-28 17:02:24.922464000,TASK_BEGIN,23,0.0198741547271766,-0.4647717477103015,-0.8887943999057497,0.589646623898039,-0.7462025814932549,0.1229202137614941,-0.3444522971569901,0.1740361684330951,3,2024-09-28 17:02:24.990771973,1727542944.9907725,2024-09-28 17:02:24.990772480,16,0,-2.63868521085584,-17.26658478233272,[1. 0. 0. 0.],[0.38090786 0.31995002 0.13271422 0.1664279 ],"[ 2.4932225e-03  9.7622395e-01  4.6170894e-02 -3.0317649e-01
 -6.9905152e-03 -1.7491696e-02  0.0000000e+00  0.0000000e+00
 -6.0000002e-01  6.0249323e-01 -1.2126778e+01]",1.502906049293443,0,0
725,786,2024-09-28 17:02:25.005457920,TASK_BEGIN,23,0.1063529248226187,-0.5809746870255827,-0.8405030331781709,0.6145885165191644,-0.7547659086957854,0.1449584000762124,-0.31862355726521,0.1956244271147212,3,2024-09-28 17:02:25.081283936,1727542945.0812845,2024-09-28 17:02:25.081284608,16,0,-2.650409758107486,-24.615958085889034,[1. 0. 0. 0.],[0.37928246 0.32296045 0.15794448 0.13981261],"[ 3.4289360e-03  9.5961213e-01  4.6205107e-02 -3.8000152e-01
 -9.6118553e-03 -1.7476717e-02  0.0000000e+00  0.0000000e+00
 -6.0000002e-01  6.0342896e-01 -1.1993883e+01]",1.505782102941335,0,0
726,787,2024-09-28 17:02:25.072756224,TASK_BEGIN,23,0.1899803929585966,-0.6888715354970003,-0.8149923145911669,0.6436458761251616,-0.7590450330277381,0.1665819712623593,-0.3141060189995261,0.2264712521223412,3,2024-09-28 17:02:25.140368896,1727542945.1403692,2024-09-28 17:02:25.140369152,16,0,-2.6549575501760216,-29.40744869386406,[1. 0. 0. 0.],[0.3769309  0.31884692 0.18046198 0.12376019],"[ 4.0531158e-03  9.4653690e-01  4.6227727e-02 -4.3121913e-01
 -1.1358278e-02 -1.7467281e-02  0.0000000e+00  0.0000000e+00
 -6.0000002e-01  6.0405314e-01 -1.1889281e+01]",1.5082945716247458,0,0
727,788,2024-09-28 17:02:25.140957952,TASK_BEGIN,23,0.2697966756814912,-0.7869633779071382,-0.8129387552960002,0.6765724468114257,-0.7586957633543275,0.1871313330819862,-0.3321843949172773,0.2656147989332974,3,2024-09-28 17:02:25.198219971,1727542945.1982205,2024-09-28 17:02:25.198220544,16,0,-2.6581183574467957,-34.11048002944405,[1. 0. 0. 0.],[0.36974751 0.30822226 0.21312013 0.10891009],"[ 4.6776929e-03  9.3186128e-01  4.6250183e-02 -4.8243740e-01
 -1.3103743e-02 -1.7458025e-02  0.0000000e+00  0.0000000e+00
 -6.0000002e-01  6.0467768e-01 -1.1771876e+01]",1.5109810796607925,0,0
728,789,2024-09-28 17:02:25.208684800,TASK_BEGIN,23,0.3452600023585188,-0.8743183578572578,-0.8339462825366245,0.7128499398632877,-0.7531555784756472,0.2058528803113372,-0.3720758780400636,0.311466689666208,3,2024-09-28 17:02:25.283659912,1727542945.2836607,2024-09-28 17:02:25.283660544,16,0,-2.661334157532707,-40.99893135368943,[1. 0. 0. 0.],[0.33369803 0.2787492  0.28168449 0.10586828],"[ 5.6150756e-03  9.0684676e-01  4.6283565e-02 -5.5926615e-01
 -1.5720269e-02 -1.7444689e-02  0.0000000e+00  0.0000000e+00
 -6.0000002e-01  6.0561508e-01 -1.1571760e+01]",1.514151443278994,0,0
729,790,2024-09-28 17:02:25.263532032,TASK_BEGIN,23,0.41617928387315,-0.950467856737858,-0.8763443439571169,0.7517197752045705,-0.7417789600014604,0.2219803759418001,-0.4315377119403523,0.3619575759189879,3,2024-09-28 17:02:25.342197998,1727542945.3421984,2024-09-28 17:02:25.342198272,16,0,-2.662829279235524,-45.48137208840699,[1. 0. 0. 0.],[0.29600436 0.24352184 0.35450336 0.10597044],"[ 6.2404475e-03  8.8816965e-01  4.6305552e-02 -6.1048609e-01
 -1.7463589e-02 -1.7436355e-02  0.0000000e+00  0.0000000e+00
 -6.0000002e-01  6.0624045e-01 -1.1422343e+01]",1.515989606650503,0,0
730,791,2024-09-28 17:02:25.340704768,TASK_BEGIN,23,0.4826002248283459,-1.0152986189276068,-0.9373044105740156,0.792242162313519,-0.7239899865984178,0.2348281281752624,-0.5073367531345713,0.4147000350461578,3,2024-09-28 17:02:25.371200195,1727542945.3712,2024-09-28 17:02:25.371200000,16,0,-2.6634034017806414,-47.689961769303565,[1. 0. 0. 0.],[0.27547596 0.22492957 0.39521572 0.10437875],"[ 6.5532527e-03  8.7823081e-01  4.6316471e-02 -6.3609612e-01
 -1.8334879e-02 -1.7431542e-02  0.0000000e+00  0.0000000e+00
 -6.0000002e-01  6.0655326e-01 -1.1342833e+01]",1.5170831465660535,0,0
731,792,2024-09-28 17:02:26.289309184,TASK_BEGIN,23,0.5446651841134874,-1.0689549972964094,-1.0132532588658167,0.8333441224706873,-0.6994074105485826,0.2438739756779457,-0.595376057375421,0.4671597055987966,3,2024-09-28 17:02:26.362833984,1727542946.3628345,2024-09-28 17:02:26.362834432,16,0,-2.7253509454804146,-51.21444699685345,[1. 0. 0. 0.],[0.25107847 0.34693235 0.34438486 0.05760432],"[ 0.01662493  0.70180213  0.04366576 -0.65675056 -0.06732138 -0.03009832
  0.          0.         -0.6         0.61662495 -9.931403  ]",1.519333186362312,0,0
732,793,2024-09-28 17:02:26.351674112,TASK_BEGIN,23,0.6024725292743929,-1.1117526002385425,-1.1003286211994143,0.8738201275330384,-0.6679222295547148,0.2488134615740985,-0.6906602916084214,0.5168354166912051,3,2024-09-28 17:02:26.420833008,1727542946.4208333,2024-09-28 17:02:26.420833280,16,0,-2.7261922570348247,-55.6200110079419,[1. 0. 0. 0.],[0.20616747 0.28578131 0.45573747 0.05231375],"[ 0.01720103  0.6800817   0.04366559 -0.70795226 -0.07033126 -0.03009826
  0.          0.         -0.6         0.61720103 -9.75764   ]",1.5220667961553331,0,0
733,794,2024-09-28 17:02:26.424733952,TASK_BEGIN,23,0.6559545164369305,-1.1440970928295355,-1.1946375449888065,0.9123069774159664,-0.629741050877666,0.2495812423916779,-0.7874543175763167,0.561456373435817,3,2024-09-28 17:02:26.478833984,1727542946.4788344,2024-09-28 17:02:26.478834432,16,0,-2.7268626527279594,-59.939310764302654,[1. 0. 0. 0.],[0.16279861 0.22311089 0.56832703 0.04576347],"[ 0.01777712  0.6567615   0.04366541 -0.75915384 -0.07334116 -0.03009829
  0.          0.         -0.6         0.6177771  -9.571078  ]",1.524164838569768,0,0
734,795,2024-09-28 17:02:26.490329088,TASK_BEGIN,23,0.7047902242532177,-1.1664058845260377,-1.2923149295326524,0.9472998969231756,-0.5854149140716318,0.2463484136065857,-0.8797233757218107,0.5991596338777975,3,2024-09-28 17:02:26.566834961,1727542946.5668352,2024-09-28 17:02:26.566835200,16,0,-2.727648523306158,-66.25974602541024,[1. 0. 0. 0.],[0.09245943 0.1299081  0.74474593 0.03288653],"[ 0.01864131  0.6187813   0.04366513 -0.8359564  -0.07785593 -0.03009829
  0.          0.         -0.6         0.6186413  -9.267237  ]",1.527436377410488,0,0
735,796,2024-09-28 17:02:26.560235008,TASK_BEGIN,23,0.7483696761588309,-1.179038464859366,-1.3895480915008958,0.977227676604337,-0.535857740810952,0.2395051921147667,-0.9616044644991332,0.6285783634121447,3,2024-09-28 17:02:26.624833008,1727542946.6248333,2024-09-28 17:02:26.624833280,16,0,-2.7280662318022166,-70.36984722288177,[1. 0. 0. 0.],[0.06778314 0.08553438 0.81745583 0.02922666],"[ 0.01921749  0.5914613   0.04366494 -0.88715804 -0.08086579 -0.03009824
  0.          0.         -0.6         0.6192175  -9.0486765 ]",1.5295148072353018,0,0
736,797,2024-09-28 17:02:26.628050944,TASK_BEGIN,23,0.7858168252085668,-1.1822444094370588,-1.4826501442979942,1.0005301387971617,-0.4823512822907845,0.2296316229207224,-1.0276778212091755,0.6488206993510011,3,2024-09-28 17:02:26.682833984,1727542946.6828344,2024-09-28 17:02:26.682834432,16,0,-2.728414638214531,-74.39887142358309,[1. 0. 0. 0.],[0.06259478 0.06530216 0.84146711 0.03063594],"[ 0.01979351  0.56254125  0.04366473 -0.9383597  -0.0838756  -0.03009826
  0.          0.         -0.6         0.61979353 -8.817316  ]",1.5316906333149485,0,0
737,798,2024-09-28 17:02:26.695739904,TASK_BEGIN,23,0.8160632310839392,-1.176133606824366,-1.56812642920724,1.015699929251612,-0.4265238159102939,0.2174559303316618,-1.0730804870246844,0.6593935384013195,3,2024-09-28 17:02:26.769833984,1727542946.769834,2024-09-28 17:02:26.769833984,16,0,-2.7288564392660817,-80.29371781892041,[1. 0. 0. 0.],[0.05671297 0.04772432 0.86471382 0.03084889],"[ 0.02065746  0.51616156  0.04366441 -1.0151623  -0.08839028 -0.03009819
  0.          0.         -0.6         0.62065744 -8.446279  ]",1.536501931727588,0,0
738,799,2024-09-28 17:02:27.609337088,TASK_BEGIN,23,0.8379442981045224,-1.1606660983403996,-1.6427605414296629,1.021340044884559,-0.3702752578443083,0.203803616634279,-1.0936356224228436,0.6601290471569308,3,2024-09-28 17:02:26.856833984,1727542946.856834,2024-09-28 17:02:26.856834048,16,0,-2.7291908254608472,-86.01456949140004,[1. 0. 0. 0.],[0.05629912 0.03829028 0.87258715 0.03282345],"[ 0.02152149  0.466182    0.04366408 -1.0919647  -0.09290499 -0.03009821
  0.          0.         -0.6         0.6215215  -8.046442  ]",1.5420946273372083,0,0
739,800,2024-09-28 17:02:27.671691008,TASK_BEGIN,23,0.8502810795008414,-1.1356588033507449,-1.7039030714368013,1.0163154674103902,-0.315637633140154,0.1895408408010309,-1.0860514723508603,0.6511219639042645,3,2024-09-28 17:02:26.856833984,1727542946.856834,2024-09-28 17:02:26.856834048,16,0,-2.7291908254608472,-86.01456949140004,[1. 0. 0. 0.],[0.05629912 0.03829028 0.87258715 0.03282345],"[ 0.02152149  0.466182    0.04366408 -1.0919647  -0.09290499 -0.03009821
  0.          0.         -0.6         0.6215215  -8.046442  ]",1.5420946273372083,0,0
740,801,2024-09-28 17:02:27.733251840,TASK_BEGIN,23,0.85193431859242,-1.1008125796051766,-1.750011793070731,0.9999946213974752,-0.2646005096577623,0.1755117185024158,-1.0481514145493291,0.6326817573876325,3,2024-09-28 17:02:27.798334961,1727542947.7983353,2024-09-28 17:02:27.798335232,16,0,-2.6818345566005917,-63.21126747854901,[1. 0. 0. 0.],[0.247015   0.33027161 0.37169149 0.0510219 ],"[ 0.0626328   0.10313356  0.23438546 -0.8920486  -0.12719086 -0.01765701
  0.          0.         -0.6         0.6626328  -5.142054  ]",1.5432366686827175,0,0
741,802,2024-09-28 17:02:27.816114944,TASK_BEGIN,23,0.841856589731699,-1.0557653780086846,-1.7811725794181503,0.9724904970965296,-0.2189457078727693,0.1624738131840216,-0.9792001430853556,0.6053476181305832,3,2024-09-28 17:02:27.885370117,1727542947.88537,2024-09-28 17:02:27.885370112,16,0,-2.69500418442459,-69.32597060547991,[1. 0. 0. 0.],[0.15926774 0.204738   0.60555338 0.03044088],"[ 0.06748923  0.05892384  0.2343853  -0.9688495  -0.12983942 -0.01765696
  0.          0.         -0.6         0.66748923 -4.7883763 ]",1.5484735396184808,0,0
742,803,2024-09-28 17:02:27.883865344,TASK_BEGIN,23,0.8191733227399113,-1.000172243632608,-1.7992505997633874,0.9348105258393566,-0.1801202106122921,0.1510467698892969,-0.8804489729948116,0.5700116926436364,3,2024-09-28 17:02:27.943335938,1727542947.9433365,2024-09-28 17:02:27.943336448,16,0,-2.702260369806197,-73.32042384617726,[1. 0. 0. 0.],[0.12341561 0.1507466  0.70220142 0.02363637],"[ 0.07072687  0.02745068  0.23438519 -1.0200499  -0.1316051  -0.01765698
  0.          0.         -0.6         0.6707269  -4.536591  ]",1.5525876754555117,0,0
743,804,2024-09-28 17:02:27.951624960,TASK_BEGIN,23,0.7832884140471691,-0.9338046319302966,-1.8075393820448395,0.8888759973425174,-0.1491646893649662,0.1416867436101108,-0.7557872294411517,0.5281078926728967,3,2024-09-28 17:02:28.002334961,1727542948.0023355,2024-09-28 17:02:28.002335488,16,0,-2.7085897785059956,-77.24841815221676,[1. 0. 0. 0.],[0.09271799 0.10763027 0.78196538 0.01768636],"[ 0.07396451 -0.00562227  0.23438507 -1.0712504  -0.13337077 -0.01765699
  0.          0.         -0.6         0.6739645  -4.2720075 ]",1.5561584753175168,0,0
744,805,2024-09-28 17:02:28.019366912,TASK_BEGIN,23,0.7339874117338739,-0.8566558307132982,-1.8100642787488723,0.837423723899689,-0.1267088951603206,0.1346850230014172,-0.6120562551672192,0.4817214546387095,3,2024-09-28 17:02:28.002334961,1727542948.0023355,2024-09-28 17:02:28.002335488,16,0,-2.7085897785059956,-77.24841815221676,[1. 0. 0. 0.],[0.09271799 0.10763027 0.78196538 0.01768636],"[ 0.07396451 -0.00562227  0.23438507 -1.0712504  -0.13337077 -0.01765699
  0.          0.         -0.6         0.6739645  -4.2720075 ]",1.5561584753175168,0,0
745,806,2024-09-28 17:02:28.962876928,TASK_BEGIN,23,0.6715179486680835,-0.7690386605860409,-1.8108651310749104,0.7838283048530182,-0.1130277659976315,0.1301819254904485,-0.4586050046904805,0.433480338736801,3,2024-09-28 17:02:28.762334961,1727542948.7623355,2024-09-28 17:02:28.762335488,16,2,-4.5226665070100465,-41.578467242040375,[0. 0. 1. 0.],[0.22174248 0.74475054 0.00230171 0.03120527],"[ 0.16551359 -0.20448977  0.7412171   0.02876182 -0.11469318  0.04332399
  0.          0.         -0.6         0.7655136  -2.6810677 ]",1.557486872139556,0,0
746,807,2024-09-28 17:02:29.028112896,TASK_BEGIN,23,0.5966298926019404,-0.6716616180792281,-1.8134735760862812,0.7318681371579158,-0.1081294123982311,0.1281883532909631,-0.3061022891816513,0.3862335352149316,3,2024-09-28 17:02:28.762334961,1727542948.7623355,2024-09-28 17:02:28.762335488,16,2,-4.5226665070100465,-41.578467242040375,[0. 0. 1. 0.],[0.22174248 0.74475054 0.00230171 0.03120527],"[ 0.16551359 -0.20448977  0.7412171   0.02876182 -0.11469318  0.04332399
  0.          0.         -0.6         0.7655136  -2.6810677 ]",1.557486872139556,0,0
747,808,2024-09-28 17:02:29.098481920,TASK_BEGIN,23,0.510561168601226,-0.5656696984520709,-1.820542374257964,0.6854355484145561,-0.1118396371997802,0.1286080583425346,-0.1649951010964021,0.3426682269060651,3,2024-09-28 17:02:28.762334961,1727542948.7623355,2024-09-28 17:02:28.762335488,16,2,-4.5226665070100465,-41.578467242040375,[0. 0. 1. 0.],[0.22174248 0.74475054 0.00230171 0.03120527],"[ 0.16551359 -0.20448977  0.7412171   0.02876182 -0.11469318  0.04332399
  0.          0.         -0.6         0.7655136  -2.6810677 ]",1.557486872139556,0,0
748,809,2024-09-28 17:02:29.166231040,TASK_BEGIN,23,0.4149796527650213,-0.4526418525146935,-1.833547153349682,0.6482026364311037,-0.1238718392619474,0.1312567529594108,-0.0440052547932907,0.3050279455140148,3,2024-09-28 17:02:28.762334961,1727542948.7623355,2024-09-28 17:02:28.762335488,16,2,-4.5226665070100465,-41.578467242040375,[0. 0. 1. 0.],[0.22174248 0.74475054 0.00230171 0.03120527],"[ 0.16551359 -0.20448977  0.7412171   0.02876182 -0.11469318  0.04332399
  0.          0.         -0.6         0.7655136  -2.6810677 ]",1.557486872139556,0,0
749,810,2024-09-28 17:02:29.233925120,TASK_BEGIN,23,0.3119042510191773,-0.3345460169953518,-1.8526456956206456,0.6232889818231079,-0.1439023982721633,0.1358807708768505,0.0510625714298928,0.2749808323007474,3,2024-09-28 17:02:28.762334961,1727542948.7623355,2024-09-28 17:02:28.762335488,16,2,-4.5226665070100465,-41.578467242040375,[0. 0. 1. 0.],[0.22174248 0.74475054 0.00230171 0.03120527],"[ 0.16551359 -0.20448977  0.7412171   0.02876182 -0.11469318  0.04332399
  0.          0.         -0.6         0.7655136  -2.6810677 ]",1.557486872139556,0,0
750,811,2024-09-28 17:02:29.292855040,TASK_BEGIN,23,0.203608368818101,-0.2136582014062256,-1.8767881616743007,0.6129967031505977,-0.1716656786507664,0.142179630497224,0.1179404247223353,0.2535716451142555,3,2024-09-28 17:02:28.762334961,1727542948.7623355,2024-09-28 17:02:28.762335488,16,2,-4.5226665070100465,-41.578467242040375,[0. 0. 1. 0.],[0.22174248 0.74475054 0.00230171 0.03120527],"[ 0.16551359 -0.20448977  0.7412171   0.02876182 -0.11469318  0.04332399
  0.          0.         -0.6         0.7655136  -2.6810677 ]",1.557486872139556,0,0
751,812,2024-09-28 17:02:29.355497984,TASK_BEGIN,23,0.0924969630740759,-0.0924548873313733,-1.9040143271013517,0.6186536010734407,-0.2070456754846914,0.1498350051330328,0.1577590790802219,0.2411778458354263,3,2024-09-28 17:02:28.762334961,1727542948.7623355,2024-09-28 17:02:28.762335488,16,2,-4.5226665070100465,-41.578467242040375,[0. 0. 1. 0.],[0.22174248 0.74475054 0.00230171 0.03120527],"[ 0.16551359 -0.20448977  0.7412171   0.02876182 -0.11469318  0.04332399
  0.          0.         -0.6         0.7655136  -2.6810677 ]",1.557486872139556,0,0
752,813,2024-09-28 17:02:30.312929024,TASK_BEGIN,23,-0.0190337280093741,0.0265119957282487,-1.931830695941933,0.6405532732946342,-0.2501243755186192,0.1585486587252258,0.1742447418669993,0.2374718771851288,3,2024-09-28 17:02:29.972644043,1727542949.9726448,2024-09-28 17:02:29.972644864,16,0,-8.135174777644409,-55.614346480991415,[1. 0. 0. 0.],[8.79509856e-05 1.57526883e-05 9.49606855e-01 5.02894411e-02],"[ 0.3931589  -0.40603775  0.73212636 -0.57441795  0.17116663  1.5724373
  1.          0.         -0.6         0.99315894 -1.0686837 ]",1.5649633636020799,1,2
753,814,2024-09-28 17:02:30.380729856,TASK_BEGIN,23,-0.1287296508139106,0.1407518829392783,-1.9575996820469324,0.6779495933507685,-0.3011684480832441,0.1680889660869529,0.1726100643468373,0.2414596413686057,3,2024-09-28 17:02:29.972644043,1727542949.9726448,2024-09-28 17:02:29.972644864,16,0,-8.135174777644409,-55.614346480991415,[1. 0. 0. 0.],[8.79509856e-05 1.57526883e-05 9.49606855e-01 5.02894411e-02],"[ 0.3931589  -0.40603775  0.73212636 -0.57441795  0.17116663  1.5724373
  1.          0.         -0.6         0.99315894 -1.0686837 ]",1.5649633636020799,1,2
754,815,2024-09-28 17:02:30.441184000,TASK_BEGIN,23,-0.2345888786905751,0.2479775243017802,-1.9788250072215376,0.7290723900663815,-0.3605588423292702,0.1783359894392574,0.1585182598381045,0.2516323520742388,3,2024-09-28 17:02:29.972644043,1727542949.9726448,2024-09-28 17:02:29.972644864,16,0,-8.135174777644409,-55.614346480991415,[1. 0. 0. 0.],[8.79509856e-05 1.57526883e-05 9.49606855e-01 5.02894411e-02],"[ 0.3931589  -0.40603775  0.73212636 -0.57441795  0.17116663  1.5724373
  1.          0.         -0.6         0.99315894 -1.0686837 ]",1.5649633636020799,1,2
755,816,2024-09-28 17:02:30.516239104,TASK_BEGIN,23,-0.3349413823242411,0.346238567269971,-1.993233511590874,0.7911746762016488,-0.4286584514320279,0.1893043037632311,0.1373166326952638,0.2661735549061081,3,2024-09-28 17:02:29.972644043,1727542949.9726448,2024-09-28 17:02:29.972644864,16,0,-8.135174777644409,-55.614346480991415,[1. 0. 0. 0.],[8.79509856e-05 1.57526883e-05 9.49606855e-01 5.02894411e-02],"[ 0.3931589  -0.40603775  0.73212636 -0.57441795  0.17116663  1.5724373
  1.          0.         -0.6         0.99315894 -1.0686837 ]",1.5649633636020799,1,2
756,817,2024-09-28 17:02:30.584045824,TASK_BEGIN,23,-0.4284923314633892,0.4340325902330882,-1.9987181513960457,0.8606664755049139,-0.5055968512097417,0.2011218737036356,0.113553989802456,0.2831201345639473,3,2024-09-28 17:02:29.972644043,1727542949.9726448,2024-09-28 17:02:29.972644864,16,0,-8.135174777644409,-55.614346480991415,[1. 0. 0. 0.],[8.79509856e-05 1.57526883e-05 9.49606855e-01 5.02894411e-02],"[ 0.3931589  -0.40603775  0.73212636 -0.57441795  0.17116663  1.5724373
  1.          0.         -0.6         0.99315894 -1.0686837 ]",1.5649633636020799,1,2
757,818,2024-09-28 17:02:30.651725056,TASK_BEGIN,23,-0.5143262448981091,0.5103848429070176,-1.993284430030761,0.9333784313295412,-0.5909901473681053,0.2139624750189772,0.0906987545985846,0.3004329200831149,3,2024-09-28 17:02:29.972644043,1727542949.9726448,2024-09-28 17:02:29.972644864,16,0,-8.135174777644409,-55.614346480991415,[1. 0. 0. 0.],[8.79509856e-05 1.57526883e-05 9.49606855e-01 5.02894411e-02],"[ 0.3931589  -0.40603775  0.73212636 -0.57441795  0.17116663  1.5724373
  1.          0.         -0.6         0.99315894 -1.0686837 ]",1.5649633636020799,1,2
758,819,2024-09-28 17:02:30.719481856,TASK_BEGIN,23,-0.5918817332887985,0.5748902201787933,-1.9750647433942583,1.0049216813112136,-0.6836926020928071,0.2279585814997189,0.0709030337970909,0.3160299141874856,3,2024-09-28 17:02:29.972644043,1727542949.9726448,2024-09-28 17:02:29.972644864,16,0,-8.135174777644409,-55.614346480991415,[1. 0. 0. 0.],[8.79509856e-05 1.57526883e-05 9.49606855e-01 5.02894411e-02],"[ 0.3931589  -0.40603775  0.73212636 -0.57441795  0.17116663  1.5724373
  1.          0.         -0.6         0.99315894 -1.0686837 ]",1.5649633636020799,1,2
759,820,2024-09-28 17:02:31.659148032,TASK_BEGIN,23,-0.6609103773242315,0.62771354057336,-1.942388384498121,1.0710481176150457,-0.7816820420604809,0.2431312591731077,0.0547079799762668,0.3278699891354339,3,2024-09-28 17:02:31.728622070,1727542951.7286227,2024-09-28 17:02:31.728622592,17,3,-3.716676377435851,-13.912566587938498,[0. 0. 0. 1.],[0.33182489 0.41700739 0.15376877 0.09739895],"[ 4.0699639e-03  9.8928249e-01  1.5165460e-01 -2.2579509e-01
 -2.6444564e-02 -1.6691265e-01  0.0000000e+00  0.0000000e+00
  0.0000000e+00  4.0699639e-03 -1.0432105e+01]",1.525434564901414,0,0
760,821,2024-09-28 17:02:31.730855936,TASK_BEGIN,23,-0.7214165666057398,0.669551983724333,-1.8938955727899351,1.1279452739252611,-0.8820966493139057,0.2593548467528809,0.0408481165924317,0.3340953264113898,3,2024-09-28 17:02:31.786624023,1727542951.7866244,2024-09-28 17:02:31.786624512,17,3,-4.173082829711008,-21.91588926581632,[0. 0. 0. 1.],[0.26325864 0.52773711 0.16128754 0.04771672],"[ 6.2560239e-03  9.8100245e-01  1.7962812e-01 -2.7832636e-01
 -4.8014570e-02 -2.3075278e-01  0.0000000e+00  0.0000000e+00
  0.0000000e+00  6.2560239e-03 -1.0365865e+01]",1.5362047380437018,0,0
761,822,2024-09-28 17:02:31.796314880,TASK_BEGIN,23,-0.7735621350185596,0.7015697976414779,-1.8287502694502364,1.1724825592863075,-0.9813862940632172,0.2763522288225969,0.0264535537447437,0.3331429785851791,3,2024-09-28 17:02:31.873648926,1727542951.8736498,2024-09-28 17:02:31.873649920,17,3,-4.8621854765564425,-34.97791233785403,[0. 0. 0. 1.],[0.16253497 0.69927593 0.12340317 0.01478593],"[ 1.0145267e-02  9.6552634e-01  2.2284707e-01 -3.5743591e-01
 -9.2340268e-02 -3.2917631e-01  0.0000000e+00  0.0000000e+00
  0.0000000e+00  1.0145267e-02 -1.0242056e+01]",1.5485480056504444,0,0
762,823,2024-09-28 17:02:31.866380800,TASK_BEGIN,23,-0.8175411712617031,0.7253123840465835,-1.746991789121023,1.202433181633589,-1.0755631011037137,0.2937120827099059,0.0077315364769768,0.3237580984576375,3,2024-09-28 17:02:31.931704102,1727542951.9317043,2024-09-28 17:02:31.931704320,17,3,-5.319067836013945,-44.386789335129116,[0. 0. 0. 1.],[0.10575766 0.79924874 0.08897674 0.00601686],"[  0.01315228   0.953174     0.25224888  -0.410603    -0.12998348
  -0.3960761    0.           0.           0.           0.01315228
 -10.143237  ]",1.5545541325881638,0,0
763,824,2024-09-28 17:02:31.933212160,TASK_BEGIN,23,-0.8534594768359696,0.7425947546137961,-1.649864851772834,1.2166268326684588,-1.1605676440907264,0.3109282292601832,-0.0190641982408892,0.3049580704050156,3,2024-09-28 17:02:31.989934082,1727542951.9899344,2024-09-28 17:02:31.989934336,17,3,-5.587741697118128,-54.44966252064402,[0. 0. 0. 1.],[0.07177739 0.85669076 0.06856    0.00297184],"[  0.01652511   0.9391842    0.28220004  -0.46455374  -0.17475979
  -0.46444565   0.           0.           0.           0.01652511
 -10.031319  ]",1.5587295844187767,0,0
764,825,2024-09-28 17:02:32.001894144,TASK_BEGIN,23,-0.8812456679832246,0.7553535133835975,-1.539865418095811,1.214991171727194,-1.2327405163005294,0.3274633400764623,-0.0566700191028373,0.2760628134166062,3,2024-09-28 17:02:32.018742188,1727542952.0187426,2024-09-28 17:02:32.018742528,17,3,-5.7402417363107165,-59.64540763174829,[0. 0. 0. 1.],[0.06696082 0.85302212 0.07757109 0.00244596],"[ 0.01833113  0.93155754  0.29542738 -0.49247587 -0.19951591 -0.49526387
  0.          0.          0.          0.01833113 -9.970305  ]",1.560775191323406,0,0
765,826,2024-09-28 17:02:32.060429824,TASK_BEGIN,23,-0.9006056589828944,0.7654707137392245,-1.4204335183906442,1.1985223678906056,-1.2893060301390795,0.3428260105435693,-0.1061504637220672,0.2368533697044075,3,2024-09-28 17:02:32.018742188,1727542952.0187426,2024-09-28 17:02:32.018742528,17,3,-5.7402417363107165,-59.64540763174829,[0. 0. 0. 1.],[0.06696082 0.85302212 0.07757109 0.00244596],"[ 0.01833113  0.93155754  0.29542738 -0.49247587 -0.19951591 -0.49526387
  0.          0.          0.          0.01833113 -9.970305  ]",1.560775191323406,0,0
766,827,2024-09-28 17:02:32.989633024,TASK_BEGIN,23,-0.9110438381074408,0.7746065542149895,-1.2954159184322396,1.169231471267965,-1.3287291797794647,0.3566392635230834,-0.166723046713398,0.1878102974020023,3,2024-09-28 17:02:32.669300049,1727542952.6693006,2024-09-28 17:02:32.669300480,17,2,-8.87513416511722,-142.6378550301321,[0. 0. 1. 0.],[1.07101051e-03 9.98853048e-01 7.57576108e-05 1.84294221e-07],"[ 0.07250667  0.69478416  0.8579714  -0.5269884  -0.7468172  -0.5088332
  0.          0.          0.          0.07250667 -8.076118  ]",1.5657587205224996,1,2
767,828,2024-09-28 17:02:33.057378816,TASK_BEGIN,23,-0.911970191080996,0.7840797857884597,-1.1684534115505762,1.130041884538878,-1.3508538741091292,0.3686831240061856,-0.2360456626097976,0.1303149669884474,3,2024-09-28 17:02:32.669300049,1727542952.6693006,2024-09-28 17:02:32.669300480,17,2,-8.87513416511722,-142.6378550301321,[0. 0. 1. 0.],[1.07101051e-03 9.98853048e-01 7.57576108e-05 1.84294221e-07],"[ 0.07250667  0.69478416  0.8579714  -0.5269884  -0.7468172  -0.5088332
  0.          0.          0.          0.07250667 -8.076118  ]",1.5657587205224996,1,2
768,829,2024-09-28 17:02:33.125106176,TASK_BEGIN,23,-0.9028715698558124,0.7948112603364957,-1.0424732004304011,1.084588262255735,-1.356812362469079,0.3789046753089566,-0.3107823908985217,0.0667140850281252,3,2024-09-28 17:02:32.669300049,1727542952.6693006,2024-09-28 17:02:32.669300480,17,2,-8.87513416511722,-142.6378550301321,[0. 0. 1. 0.],[1.07101051e-03 9.98853048e-01 7.57576108e-05 1.84294221e-07],"[ 0.07250667  0.69478416  0.8579714  -0.5269884  -0.7468172  -0.5088332
  0.          0.          0.          0.07250667 -8.076118  ]",1.5657587205224996,1,2
769,830,2024-09-28 17:02:33.192836864,TASK_BEGIN,23,-0.8835009951680739,0.8073276432031655,-0.919452447344914,1.0369012758101963,-1.3487581162161066,0.3873992536469661,-0.3872309920503554,0.0002185666829825,3,2024-09-28 17:02:32.669300049,1727542952.6693006,2024-09-28 17:02:32.669300480,17,2,-8.87513416511722,-142.6378550301321,[0. 0. 1. 0.],[1.07101051e-03 9.98853048e-01 7.57576108e-05 1.84294221e-07],"[ 0.07250667  0.69478416  0.8579714  -0.5269884  -0.7468172  -0.5088332
  0.          0.          0.          0.07250667 -8.076118  ]",1.5657587205224996,1,2
770,831,2024-09-28 17:02:33.260576000,TASK_BEGIN,23,-0.8540517765996424,0.8218136245182626,-0.8005084084465205,0.9910085132007294,-1.3295075045975533,0.3943750327223091,-0.4618588620286822,-0.0653355600661981,3,2024-09-28 17:02:32.669300049,1727542952.6693006,2024-09-28 17:02:32.669300480,17,2,-8.87513416511722,-142.6378550301321,[0. 0. 1. 0.],[1.07101051e-03 9.98853048e-01 7.57576108e-05 1.84294221e-07],"[ 0.07250667  0.69478416  0.8579714  -0.5269884  -0.7468172  -0.5088332
  0.          0.          0.          0.07250667 -8.076118  ]",1.5657587205224996,1,2
771,832,2024-09-28 17:02:33.327478016,TASK_BEGIN,23,-0.8152901440229687,0.8381894635847683,-0.6862800226059246,0.9505328860208626,-1.3021745086728933,0.4001120608380382,-0.5316532564978491,-0.125827514596181,3,2024-09-28 17:02:32.669300049,1727542952.6693006,2024-09-28 17:02:32.669300480,17,2,-8.87513416511722,-142.6378550301321,[0. 0. 1. 0.],[1.07101051e-03 9.98853048e-01 7.57576108e-05 1.84294221e-07],"[ 0.07250667  0.69478416  0.8579714  -0.5269884  -0.7468172  -0.5088332
  0.          0.          0.          0.07250667 -8.076118  ]",1.5657587205224996,1,2
772,833,2024-09-28 17:02:33.395184128,TASK_BEGIN,23,-0.7686045280294757,0.8561858861244176,-0.5775148108365893,0.9183984505637106,-1.2698524789756216,0.4049164487092141,-0.594218430029914,-0.177256448637514,3,2024-09-28 17:02:32.669300049,1727542952.6693006,2024-09-28 17:02:32.669300480,17,2,-8.87513416511722,-142.6378550301321,[0. 0. 1. 0.],[1.07101051e-03 9.98853048e-01 7.57576108e-05 1.84294221e-07],"[ 0.07250667  0.69478416  0.8579714  -0.5269884  -0.7468172  -0.5088332
  0.          0.          0.          0.07250667 -8.076118  ]",1.5657587205224996,1,2
773,834,2024-09-28 17:02:34.324220928,TASK_BEGIN,23,-0.7159297685195127,0.8754012280706673,-0.4757008362652222,0.8967098776002159,-1.235360301329762,0.4090674645282148,-0.6476653134588166,-0.216154823625958,3,2024-09-28 17:02:33.780225098,1727542953.7802258,2024-09-28 17:02:33.780225792,17,0,-0.6933953999392202,-267.4768802733915,[1. 0. 0. 0.],[1.60833118e-02 9.83621170e-01 1.30722951e-10 2.95518187e-04],"[ 0.6041517   0.5233952   2.2688112  -0.53047323 -1.0793055   0.2897806
  0.          0.          0.          0.6041517  -6.7050066 ]",1.542624544241216,1,2
774,835,2024-09-28 17:02:34.405183232,TASK_BEGIN,23,-0.6595507687915885,0.8953429799162825,-0.3835322734217846,0.8867779720793837,-1.2010571958477636,0.4127667106715116,-0.6904913965906156,-0.2399475059404821,3,2024-09-28 17:02:33.780225098,1727542953.7802258,2024-09-28 17:02:33.780225792,17,0,-0.6933953999392202,-267.4768802733915,[1. 0. 0. 0.],[1.60833118e-02 9.83621170e-01 1.30722951e-10 2.95518187e-04],"[ 0.6041517   0.5233952   2.2688112  -0.53047323 -1.0793055   0.2897806
  0.          0.          0.          0.6041517  -6.7050066 ]",1.542624544241216,1,2
775,836,2024-09-28 17:02:34.463800064,TASK_BEGIN,23,-0.60185433767654,0.9154637196367816,-0.3050491180014119,0.8892083646332073,-1.1687429739394652,0.4161089303617766,-0.7215879190636088,-0.2472011096427767,3,2024-09-28 17:02:33.780225098,1727542953.7802258,2024-09-28 17:02:33.780225792,17,0,-0.6933953999392202,-267.4768802733915,[1. 0. 0. 0.],[1.60833118e-02 9.83621170e-01 1.30722951e-10 2.95518187e-04],"[ 0.6041517   0.5233952   2.2688112  -0.53047323 -1.0793055   0.2897806
  0.          0.          0.          0.6041517  -6.7050066 ]",1.542624544241216,1,2
776,837,2024-09-28 17:02:34.540464128,TASK_BEGIN,23,-0.5451175963166498,0.9351979216053092,-0.2453926827841245,0.9039939137364512,-1.1396567103457345,0.4190863995194367,-0.7402684730044113,-0.2377210177023279,3,2024-09-28 17:02:33.780225098,1727542953.7802258,2024-09-28 17:02:33.780225792,17,0,-0.6933953999392202,-267.4768802733915,[1. 0. 0. 0.],[1.60833118e-02 9.83621170e-01 1.30722951e-10 2.95518187e-04],"[ 0.6041517   0.5233952   2.2688112  -0.53047323 -1.0793055   0.2897806
  0.          0.          0.          0.6041517  -6.7050066 ]",1.542624544241216,1,2
777,838,2024-09-28 17:02:34.609292032,TASK_BEGIN,23,-0.4913781909557053,0.9539969745050384,-0.2101910088725616,0.930606350042515,-1.1145472785735988,0.4216180760673637,-0.746170504336931,-0.2124850067574225,3,2024-09-28 17:02:33.780225098,1727542953.7802258,2024-09-28 17:02:33.780225792,17,0,-0.6933953999392202,-267.4768802733915,[1. 0. 0. 0.],[1.60833118e-02 9.83621170e-01 1.30722951e-10 2.95518187e-04],"[ 0.6041517   0.5233952   2.2688112  -0.53047323 -1.0793055   0.2897806
  0.          0.          0.          0.6041517  -6.7050066 ]",1.542624544241216,1,2
778,839,2024-09-28 17:02:34.664514048,TASK_BEGIN,23,-0.4423788299183488,0.9713590197748824,-0.2046732292411631,0.9680944944484248,-1.0937635520789208,0.4235841189428767,-0.7391066205346203,-0.1734413706348098,3,2024-09-28 17:02:33.780225098,1727542953.7802258,2024-09-28 17:02:33.780225792,17,0,-0.6933953999392202,-267.4768802733915,[1. 0. 0. 0.],[1.60833118e-02 9.83621170e-01 1.30722951e-10 2.95518187e-04],"[ 0.6041517   0.5233952   2.2688112  -0.53047323 -1.0793055   0.2897806
  0.          0.          0.          0.6041517  -6.7050066 ]",1.542624544241216,1,2
779,840,2024-09-28 17:02:34.741883136,TASK_BEGIN,23,-0.3995601552932123,0.9868582713528572,-0.2326984702616308,1.0151490222953323,-1.0773384385051972,0.4248561198347987,-0.7190482119607883,-0.1232271820946135,3,2024-09-28 17:02:34.248250000,1727542954.2482505,2024-09-28 17:02:34.248250368,17,2,-14.225369004429968,-396.5237737050999,[0. 0. 1. 0.],[1.41411943e-01 4.12593453e-01 2.48954314e-04 4.45745650e-01],"[ 0.95963717  0.41927552  3.9873354  -0.18634766 -0.8300162   0.31349245
  0.          0.          0.          0.95963717 -5.8720493 ]",1.5075964953899474,1,2
781,844,2024-09-28 17:02:35.891726080,TASK_BEGIN,23,-0.3085871706888426,1.025926313302369,-0.6754157599423065,1.259000074838883,-1.049640855441191,0.421506434617511,-0.5237792240199729,0.1282244293531353,3,2024-09-28 17:02:35.945708984,1727542955.9457092,2024-09-28 17:02:35.945709312,18,0,-2.569433324327761,-4.667741888633561,[1. 0. 0. 0.],[0.43219725 0.2081734  0.08995123 0.26967812],"[-1.1523565e-04  9.9857283e-01 -5.7672556e-03 -1.1826424e-01
  4.0534191e-04  2.1932893e-03  0.0000000e+00  0.0000000e+00
  2.0000000e-01 -2.0011523e-01 -1.0812481e+01]",1.4908599190067715,0,0
782,845,2024-09-28 17:02:35.959490048,TASK_BEGIN,23,-0.3076054638876744,1.0300527374123427,-0.848674147552262,1.3208358073233353,-1.0501256867547708,0.4186203833304208,-0.45504616910212,0.1892342988951001,3,2024-09-28 17:02:36.035188965,1727542956.0351892,2024-09-28 17:02:36.035189248,18,0,-2.5731615179670655,-12.171085340319998,[1. 0. 0. 0.],[0.45667744 0.16463907 0.09527633 0.28340716],"[-2.3206075e-04  9.9062800e-01 -5.7715797e-03 -1.9509706e-01
  7.3416834e-04  2.1923254e-03  0.0000000e+00  0.0000000e+00
  2.0000000e-01 -2.0023206e-01 -1.0748922e+01]",1.4947793222249757,0,0
783,846,2024-09-28 17:02:36.022204160,TASK_BEGIN,23,-0.3145720444406055,1.032316417320263,-1.0353983992023954,1.3776664760591333,-1.0524604659846224,0.4150681685379354,-0.3828844520564776,0.2445406196190461,3,2024-09-28 17:02:36.093677979,1727542956.0936785,2024-09-28 17:02:36.093678592,18,0,-2.5737145454175376,-17.05033384426435,[1. 0. 0. 0.],[0.45597306 0.15901846 0.09790231 0.28710617],"[-3.1010309e-04  9.8333085e-01 -5.7744659e-03 -2.4631234e-01
  9.5323182e-04  2.1909806e-03  0.0000000e+00  0.0000000e+00
  2.0000000e-01 -2.0031010e-01 -1.0690545e+01]",1.4959804911679284,0,0
784,847,2024-09-28 17:02:36.084276736,TASK_BEGIN,23,-0.3283171123479618,1.0329839390278657,-1.2301104955901634,1.4275592077540649,-1.0557974357058022,0.4109099893780588,-0.3091777908594253,0.292124365854797,3,2024-09-28 17:02:36.151678955,1727542956.1516793,2024-09-28 17:02:36.151679232,18,0,-2.574000948083004,-21.833157628022754,[1. 0. 0. 0.],[0.45994749 0.15770879 0.09554727 0.28679644],"[-3.8814545e-04  9.7443318e-01 -5.7773339e-03 -2.9752839e-01
  1.1721827e-03  2.1898304e-03  0.0000000e+00  0.0000000e+00
  2.0000000e-01 -2.0038815e-01 -1.0619364e+01]",1.4963554469757891,0,0
785,848,2024-09-28 17:02:37.038416896,TASK_BEGIN,23,-0.3472759433372184,1.0322994028818455,-1.4279216803577648,1.4693484533539207,-1.059062558594728,0.4061371790764299,-0.2354927729562018,0.3303078263950436,3,2024-09-28 17:02:36.912722168,1727542956.9127226,2024-09-28 17:02:36.912722688,18,2,6.58322648969077,-4.358925986827415,[0. 0. 1. 0.],[0.46300651 0.21129521 0.09243595 0.23326233],"[-2.4793148e-03  8.4363687e-01  3.7844818e-02 -1.5227064e-01
  1.4258282e-04  1.8496644e-02  0.0000000e+00  0.0000000e+00
  2.0000000e-01 -2.0247932e-01 -9.5729933e+00]",1.514414449815637,0,0
786,849,2024-09-28 17:02:37.106253056,TASK_BEGIN,23,-0.3696282151922503,1.0304648735840911,-1.624378312038231,1.502639928695897,-1.061013401631827,0.4006526043301079,-0.1635023849024121,0.3579003793882885,3,2024-09-28 17:02:36.912722168,1727542956.9127226,2024-09-28 17:02:36.912722688,18,2,6.58322648969077,-4.358925986827415,[0. 0. 1. 0.],[0.46300651 0.21129521 0.09243595 0.23326233],"[-2.4793148e-03  8.4363687e-01  3.7844818e-02 -1.5227064e-01
  1.4258282e-04  1.8496644e-02  0.0000000e+00  0.0000000e+00
  2.0000000e-01 -2.0247932e-01 -9.5729933e+00]",1.514414449815637,0,0
787,850,2024-09-28 17:02:37.159101952,TASK_BEGIN,23,-0.3935022414075136,1.0276401605558876,-1.8153206833387665,1.5277081559476828,-1.0603325767645344,0.3942699036602715,-0.0955708704391584,0.3743690104019503,3,2024-09-28 17:02:36.912722168,1727542956.9127226,2024-09-28 17:02:36.912722688,18,2,6.58322648969077,-4.358925986827415,[0. 0. 1. 0.],[0.46300651 0.21129521 0.09243595 0.23326233],"[-2.4793148e-03  8.4363687e-01  3.7844818e-02 -1.5227064e-01
  1.4258282e-04  1.8496644e-02  0.0000000e+00  0.0000000e+00
  2.0000000e-01 -2.0247932e-01 -9.5729933e+00]",1.514414449815637,0,0
788,851,2024-09-28 17:02:37.241698048,TASK_BEGIN,23,-0.4172059926231561,1.0239566982824924,-1.996862794694432,1.5453423305409997,-1.0557180842111495,0.3867251456114434,-0.0351675457999228,0.3799749657422759,3,2024-09-28 17:02:36.912722168,1727542956.9127226,2024-09-28 17:02:36.912722688,18,2,6.58322648969077,-4.358925986827415,[0. 0. 1. 0.],[0.46300651 0.21129521 0.09243595 0.23326233],"[-2.4793148e-03  8.4363687e-01  3.7844818e-02 -1.5227064e-01
  1.4258282e-04  1.8496644e-02  0.0000000e+00  0.0000000e+00
  2.0000000e-01 -2.0247932e-01 -9.5729933e+00]",1.514414449815637,0,0
789,852,2024-09-28 17:02:37.298403072,TASK_BEGIN,23,-0.4394272712161926,1.0195339471979898,-2.1655340622709445,1.556674745775939,-1.045969777082528,0.3776991706345942,0.0131930597062528,0.3757972741114651,3,2024-09-28 17:02:36.912722168,1727542956.9127226,2024-09-28 17:02:36.912722688,18,2,6.58322648969077,-4.358925986827415,[0. 0. 1. 0.],[0.46300651 0.21129521 0.09243595 0.23326233],"[-2.4793148e-03  8.4363687e-01  3.7844818e-02 -1.5227064e-01
  1.4258282e-04  1.8496644e-02  0.0000000e+00  0.0000000e+00
  2.0000000e-01 -2.0247932e-01 -9.5729933e+00]",1.514414449815637,0,0
790,853,2024-09-28 17:02:37.375280896,TASK_BEGIN,23,-0.4593479848339235,1.014489000242509,-2.3185405792561866,1.5630103531260178,-1.0300785297263326,0.366854711059977,0.0445174006740779,0.3635866326591771,3,2024-09-28 17:02:36.912722168,1727542956.9127226,2024-09-28 17:02:36.912722688,18,2,6.58322648969077,-4.358925986827415,[0. 0. 1. 0.],[0.46300651 0.21129521 0.09243595 0.23326233],"[-2.4793148e-03  8.4363687e-01  3.7844818e-02 -1.5227064e-01
  1.4258282e-04  1.8496644e-02  0.0000000e+00  0.0000000e+00
  2.0000000e-01 -2.0247932e-01 -9.5729933e+00]",1.514414449815637,0,0
791,854,2024-09-28 17:02:37.437376000,TASK_BEGIN,23,-0.4766511820021606,1.0089387510618568,-2.4539868974901946,1.5656563725739765,-1.00731223711302,0.3538880869644163,0.0542005214484382,0.3454613817044002,3,2024-09-28 17:02:37.468154785,1727542957.4681554,2024-09-28 17:02:37.468155392,18,2,9.954427951991999,-23.60492528949693,[0. 0. 1. 0.],[0.36258204 0.14741576 0.19851038 0.29149182],"[ 2.9485226e-03  7.2869992e-01  4.9306870e-02 -3.7395591e-01
  1.8568644e-02  2.5199071e-02  0.0000000e+00  0.0000000e+00
  2.0000000e-01 -1.9705148e-01 -8.6534977e+00]",1.518398055586579,0,0
792,855,2024-09-28 17:02:38.363749120,TASK_BEGIN,23,-0.4914445531383695,1.0030002206795126,-2.570929339783982,1.5657444944784005,-0.9772887787162072,0.3385864361061708,0.038968124552355,0.323519916638603,3,2024-09-28 17:02:38.255947998,1727542958.2559488,2024-09-28 17:02:38.255948800,18,2,7.408072178084429,-9.15604687441068,[0. 0. 1. 0.],[0.41170254 0.21980263 0.10737117 0.26112366],"[ 0.00910234  0.56330657  0.0497034  -0.23916769  0.05132611  0.04284924
  0.          0.          0.2        -0.19089766 -7.330351  ]",1.5310615021581402,0,0
793,856,2024-09-28 17:02:38.431714048,TASK_BEGIN,23,-0.504146635142507,0.9967942814098018,-2.6692520446975845,1.5640498429180318,-0.9400234043974692,0.3208767716301114,-0.0023179547899272,0.299483267662992,3,2024-09-28 17:02:38.255947998,1727542958.2559488,2024-09-28 17:02:38.255948800,18,2,7.408072178084429,-9.15604687441068,[0. 0. 1. 0.],[0.41170254 0.21980263 0.10737117 0.26112366],"[ 0.00910234  0.56330657  0.0497034  -0.23916769  0.05132611  0.04284924
  0.          0.          0.2        -0.19089766 -7.330351  ]",1.5310615021581402,0,0
794,857,2024-09-28 17:02:38.499438080,TASK_BEGIN,23,-0.5153768915172547,0.9904536343632612,-2.749388881153608,1.5608404889868663,-0.8959384622366698,0.300854895564979,-0.0682496386377941,0.2744919238572827,3,2024-09-28 17:02:38.255947998,1727542958.2559488,2024-09-28 17:02:38.255948800,18,2,7.408072178084429,-9.15604687441068,[0. 0. 1. 0.],[0.41170254 0.21980263 0.10737117 0.26112366],"[ 0.00910234  0.56330657  0.0497034  -0.23916769  0.05132611  0.04284924
  0.          0.          0.2        -0.19089766 -7.330351  ]",1.5310615021581402,0,0
795,858,2024-09-28 17:02:38.557462784,TASK_BEGIN,23,-0.5258725368106353,0.9841311443296944,-2.811965390045842,1.555840661274758,-0.8458416493063087,0.2787907430944163,-0.1550403177110621,0.2491386621299503,3,2024-09-28 17:02:38.255947998,1727542958.2559488,2024-09-28 17:02:38.255948800,18,2,7.408072178084429,-9.15604687441068,[0. 0. 1. 0.],[0.41170254 0.21980263 0.10737117 0.26112366],"[ 0.00910234  0.56330657  0.0497034  -0.23916769  0.05132611  0.04284924
  0.          0.          0.2        -0.19089766 -7.330351  ]",1.5310615021581402,0,0
796,859,2024-09-28 17:02:38.635036928,TASK_BEGIN,23,-0.5364293943440459,0.97800240911852,-2.8575507544334755,1.5483825749594988,-0.7908959946459645,0.2551151226751547,-0.2572010169066159,0.2237181052939947,3,2024-09-28 17:02:38.255947998,1727542958.2559488,2024-09-28 17:02:38.255948800,18,2,7.408072178084429,-9.15604687441068,[0. 0. 1. 0.],[0.41170254 0.21980263 0.10737117 0.26112366],"[ 0.00910234  0.56330657  0.0497034  -0.23916769  0.05132611  0.04284924
  0.          0.          0.2        -0.19089766 -7.330351  ]",1.5310615021581402,0,0
797,860,2024-09-28 17:02:38.702753792,TASK_BEGIN,23,-0.5478508223717113,0.9722601877100936,-2.886672267193297,1.5377088342292466,-0.7325912949377876,0.2303932072739088,-0.3684723852283987,0.1985614339236,3,2024-09-28 17:02:38.255947998,1727542958.2559488,2024-09-28 17:02:38.255948800,18,2,7.408072178084429,-9.15604687441068,[0. 0. 1. 0.],[0.41170254 0.21980263 0.10737117 0.26112366],"[ 0.00910234  0.56330657  0.0497034  -0.23916769  0.05132611  0.04284924
  0.          0.          0.2        -0.19089766 -7.330351  ]",1.5310615021581402,0,0
798,861,2024-09-28 17:02:38.756110080,TASK_BEGIN,23,-0.5609016497918986,0.9671051146518532,-2.900007888969745,1.5232823651899048,-0.6726965505129595,0.2052868312029361,-0.482767064317361,0.1742832537423874,3,2024-09-28 17:02:38.255947998,1727542958.2559488,2024-09-28 17:02:38.255948800,18,2,7.408072178084429,-9.15604687441068,[0. 0. 1. 0.],[0.41170254 0.21980263 0.10737117 0.26112366],"[ 0.00910234  0.56330657  0.0497034  -0.23916769  0.05132611  0.04284924
  0.          0.          0.2        -0.19089766 -7.330351  ]",1.5310615021581402,0,0
799,862,2024-09-28 17:02:39.712513792,TASK_BEGIN,23,-0.5762744213820495,0.9627378661585893,-2.898494951768318,1.5049676426138598,-0.6131592158603846,0.1805048827048082,-0.5949473601734013,0.1518329241625584,3,2024-09-28 17:02:39.659527100,1727542959.6595268,2024-09-28 17:02:39.659526912,18,2,2.022037689051456,-23.06181043131109,[0. 0. 1. 0.],[0.26721343 0.0727362  0.26111905 0.39893132],"[-0.00711799  0.23137295 -0.2626327  -0.31257254  0.11793625 -0.00714348
  0.          0.          0.2        -0.20711799 -4.674882  ]",1.5375943667307046,0,0
800,863,2024-09-28 17:02:39.780319744,TASK_BEGIN,23,-0.5945632180705368,0.9593519840660656,-2.883163484595658,1.483031426103064,-0.5559369513087713,0.1567400789866409,-0.7012998832028667,0.1323475041546337,3,2024-09-28 17:02:39.659527100,1727542959.6595268,2024-09-28 17:02:39.659526912,18,2,2.022037689051456,-23.06181043131109,[0. 0. 1. 0.],[0.26721343 0.0727362  0.26111905 0.39893132],"[-0.00711799  0.23137295 -0.2626327  -0.31257254  0.11793625 -0.00714348
  0.          0.          0.2        -0.20711799 -4.674882  ]",1.5375943667307046,0,0
801,864,2024-09-28 17:02:39.848100096,TASK_BEGIN,23,-0.6162269443863087,0.9571226170268188,-2.854695982190495,1.457993601290799,-0.5027948906671136,0.1345980550910432,-0.7995733752845925,0.116864977747106,3,2024-09-28 17:02:39.659527100,1727542959.6595268,2024-09-28 17:02:39.659526912,18,2,2.022037689051456,-23.06181043131109,[0. 0. 1. 0.],[0.26721343 0.0727362  0.26111905 0.39893132],"[-0.00711799  0.23137295 -0.2626327  -0.31257254  0.11793625 -0.00714348
  0.          0.          0.2        -0.20711799 -4.674882  ]",1.5375943667307046,0,0
802,865,2024-09-28 17:02:39.910771968,TASK_BEGIN,23,-0.6415296757040003,0.9561895815561934,-2.8128919848899683,1.4304027857797024,-0.4551352700240737,0.1145376144586944,-0.8885016883401857,0.1059838607313454,3,2024-09-28 17:02:39.659527100,1727542959.6595268,2024-09-28 17:02:39.659526912,18,2,2.022037689051456,-23.06181043131109,[0. 0. 1. 0.],[0.26721343 0.0727362  0.26111905 0.39893132],"[-0.00711799  0.23137295 -0.2626327  -0.31257254  0.11793625 -0.00714348
  0.          0.          0.2        -0.20711799 -4.674882  ]",1.5375943667307046,0,0
803,866,2024-09-28 17:02:39.983468032,TASK_BEGIN,23,-0.6704703772099899,0.956640283354908,-2.75639017023327,1.4006410135391507,-0.4139070545928786,0.096840167417699,-0.9669460168039676,0.0995771026305012,3,2024-09-28 17:02:39.659527100,1727542959.6595268,2024-09-28 17:02:39.659526912,18,2,2.022037689051456,-23.06181043131109,[0. 0. 1. 0.],[0.26721343 0.0727362  0.26111905 0.39893132],"[-0.00711799  0.23137295 -0.2626327  -0.31257254  0.11793625 -0.00714348
  0.          0.          0.2        -0.20711799 -4.674882  ]",1.5375943667307046,0,0
804,867,2024-09-28 17:02:40.051382016,TASK_BEGIN,23,-0.7027354194384288,0.9585009294622814,-2.6830007900618567,1.3688707267603568,-0.379591039990617,0.0816076113510948,-1.0330557538196583,0.0966636345453584,3,2024-09-28 17:02:39.659527100,1727542959.6595268,2024-09-28 17:02:39.659526912,18,2,2.022037689051456,-23.06181043131109,[0. 0. 1. 0.],[0.26721343 0.0727362  0.26111905 0.39893132],"[-0.00711799  0.23137295 -0.2626327  -0.31257254  0.11793625 -0.00714348
  0.          0.          0.2        -0.20711799 -4.674882  ]",1.5375943667307046,0,0
805,868,2024-09-28 17:02:40.119164928,TASK_BEGIN,23,-0.7376936297374684,0.9617384205644228,-2.590638095838283,1.3351546596484642,-0.3522295588326851,0.0687748354593626,-1.0838991954372843,0.0954930472235259,3,2024-09-28 17:02:39.659527100,1727542959.6595268,2024-09-28 17:02:39.659526912,18,2,2.022037689051456,-23.06181043131109,[0. 0. 1. 0.],[0.26721343 0.0727362  0.26111905 0.39893132],"[-0.00711799  0.23137295 -0.2626327  -0.31257254  0.11793625 -0.00714348
  0.          0.          0.2        -0.20711799 -4.674882  ]",1.5375943667307046,0,0
806,869,2024-09-28 17:02:41.061739008,TASK_BEGIN,23,-0.7744208847120476,0.9662677110040944,-2.4784087503967305,1.2996443612305313,-0.3314830915244008,0.0581301420074462,-1.1157524147060396,0.0938125685521546,3,2024-09-28 17:02:40.604577148,1727542960.6045773,2024-09-28 17:02:40.604577280,18,0,-3.4908642445649605,-95.18288950884752,[1. 0. 0. 0.],[8.03492940e-03 2.86226452e-04 9.66857284e-01 2.48215603e-02],"[-0.06966519 -0.13682353 -0.33925176 -1.1377069   0.18845424  0.1710839
  0.          0.          0.2        -0.26966518 -1.72931   ]",1.5606274127813027,0,0
807,870,2024-09-28 17:02:41.131902720,TASK_BEGIN,23,-0.8117378794619042,0.9719596543905248,-2.347349041971728,1.2626985605201753,-0.3167046625205612,0.0493464137677801,-1.1248664209138148,0.0892123841487543,3,2024-09-28 17:02:40.604577148,1727542960.6045773,2024-09-28 17:02:40.604577280,18,0,-3.4908642445649605,-95.18288950884752,[1. 0. 0. 0.],[8.03492940e-03 2.86226452e-04 9.66857284e-01 2.48215603e-02],"[-0.06966519 -0.13682353 -0.33925176 -1.1377069   0.18845424  0.1710839
  0.          0.          0.2        -0.26966518 -1.72931   ]",1.5606274127813027,0,0
808,871,2024-09-28 17:02:41.199648000,TASK_BEGIN,23,-0.848268438433189,0.9786496248834357,-2.200593867683937,1.2248851926410984,-0.3070151113207414,0.0420233790231001,-1.1083429043913289,0.0794469234612375,3,2024-09-28 17:02:40.604577148,1727542960.6045773,2024-09-28 17:02:40.604577280,18,0,-3.4908642445649605,-95.18288950884752,[1. 0. 0. 0.],[8.03492940e-03 2.86226452e-04 9.66857284e-01 2.48215603e-02],"[-0.06966519 -0.13682353 -0.33925176 -1.1377069   0.18845424  0.1710839
  0.          0.          0.2        -0.26966518 -1.72931   ]",1.5606274127813027,0,0
809,872,2024-09-28 17:02:41.266516736,TASK_BEGIN,23,-0.8825342955231891,0.9861478681531036,-2.0430581957678795,1.1869183193249482,-0.3013709387110348,0.0357358542631683,-1.0647780085790208,0.062667760100702,3,2024-09-28 17:02:40.604577148,1727542960.6045773,2024-09-28 17:02:40.604577280,18,0,-3.4908642445649605,-95.18288950884752,[1. 0. 0. 0.],[8.03492940e-03 2.86226452e-04 9.66857284e-01 2.48215603e-02],"[-0.06966519 -0.13682353 -0.33925176 -1.1377069   0.18845424  0.1710839
  0.          0.          0.2        -0.26966518 -1.72931   ]",1.5606274127813027,0,0
810,873,2024-09-28 17:02:41.335158272,TASK_BEGIN,23,-0.9130837460485768,0.9942464932218832,-1.880824088976237,1.149591964634714,-0.2986368577896504,0.0300818717650531,-0.9944756204104568,0.0375317328128067,3,2024-09-28 17:02:40.604577148,1727542960.6045773,2024-09-28 17:02:40.604577280,18,0,-3.4908642445649605,-95.18288950884752,[1. 0. 0. 0.],[8.03492940e-03 2.86226452e-04 9.66857284e-01 2.48215603e-02],"[-0.06966519 -0.13682353 -0.33925176 -1.1377069   0.18845424  0.1710839
  0.          0.          0.2        -0.26966518 -1.72931   ]",1.5606274127813027,0,0
811,874,2024-09-28 17:02:41.402898176,TASK_BEGIN,23,-0.9386291051207531,1.0027157858916345,-1.7204115934246926,1.113720023606374,-0.2976763548994027,0.0247253449176042,-0.8992434595595384,0.0032002404114631,3,2024-09-28 17:02:40.604577148,1727542960.6045773,2024-09-28 17:02:40.604577280,18,0,-3.4908642445649605,-95.18288950884752,[1. 0. 0. 0.],[8.03492940e-03 2.86226452e-04 9.66857284e-01 2.48215603e-02],"[-0.06966519 -0.13682353 -0.33925176 -1.1377069   0.18845424  0.1710839
  0.          0.          0.2        -0.26966518 -1.72931   ]",1.5606274127813027,0,0
812,875,2024-09-28 17:02:41.469736192,TASK_BEGIN,23,-0.9581606163825384,1.0112914714599155,-1.5680689018060705,1.0800603814262095,-0.2974584365291547,0.0194281570031958,-0.7819771524708644,-0.0406953875699006,3,2024-09-28 17:02:40.604577148,1727542960.6045773,2024-09-28 17:02:40.604577280,18,0,-3.4908642445649605,-95.18288950884752,[1. 0. 0. 0.],[8.03492940e-03 2.86226452e-04 9.66857284e-01 2.48215603e-02],"[-0.06966519 -0.13682353 -0.33925176 -1.1377069   0.18845424  0.1710839
  0.          0.          0.2        -0.26966518 -1.72931   ]",1.5606274127813027,0,0
813,876,2024-09-28 17:02:42.409388288,TASK_BEGIN,23,-0.971013993167108,1.0196641419240955,-1.4291874961112987,1.0492295263848253,-0.2971686458260947,0.0140676699469734,-0.6462590005962001,-0.0940625691233676,3,2024-09-28 17:02:41.908090088,1727542961.90809,2024-09-28 17:02:41.908090112,18,0,1.3545767320136264,-12.582658695009965,[1. 0. 0. 0.],[7.85547352e-03 8.40345093e-04 9.79100944e-01 1.22032374e-02],"[-0.103971   -0.28215468  0.04456641 -0.31360233 -0.36160082  0.6870097
  1.          0.          0.2        -0.303971   -0.5666609 ]",1.5592404743486268,0,0
814,877,2024-09-28 17:02:42.479682816,TASK_BEGIN,23,-0.9768903807122,1.0274804642330757,-1.3079227298806195,1.0216481659379149,-0.2963100678592857,0.0086392405610364,-0.4960388553914641,-0.1563504493880436,3,2024-09-28 17:02:41.908090088,1727542961.90809,2024-09-28 17:02:41.908090112,18,0,1.3545767320136264,-12.582658695009965,[1. 0. 0. 0.],[7.85547352e-03 8.40345093e-04 9.79100944e-01 1.22032374e-02],"[-0.103971   -0.28215468  0.04456641 -0.31360233 -0.36160082  0.6870097
  1.          0.          0.2        -0.303971   -0.5666609 ]",1.5592404743486268,0,0
815,878,2024-09-28 17:02:42.534970880,TASK_BEGIN,23,-0.9758444854007652,1.0343573005724311,-1.2070331208756857,0.9975476620272776,-0.2947716316154513,0.0032463101002933,-0.335292220750626,-0.2266078442431841,3,2024-09-28 17:02:41.908090088,1727542961.90809,2024-09-28 17:02:41.908090112,18,0,1.3545767320136264,-12.582658695009965,[1. 0. 0. 0.],[7.85547352e-03 8.40345093e-04 9.79100944e-01 1.22032374e-02],"[-0.103971   -0.28215468  0.04456641 -0.31360233 -0.36160082  0.6870097
  1.          0.          0.2        -0.303971   -0.5666609 ]",1.5592404743486268,0,0
816,879,2024-09-28 17:02:42.614897920,TASK_BEGIN,23,-0.9682532093077818,1.0399042991762155,-1.127858118561385,0.9770299866187698,-0.2928322013815494,-0.0019181314815407,-0.167567849716725,-0.3036011247070896,3,2024-09-28 17:02:41.908090088,1727542961.90809,2024-09-28 17:02:41.908090112,18,0,1.3545767320136264,-12.582658695009965,[1. 0. 0. 0.],[7.85547352e-03 8.40345093e-04 9.79100944e-01 1.22032374e-02],"[-0.103971   -0.28215468  0.04456641 -0.31360233 -0.36160082  0.6870097
  1.          0.          0.2        -0.303971   -0.5666609 ]",1.5592404743486268,0,0
817,880,2024-09-28 17:02:42.683675136,TASK_BEGIN,23,-0.9547696707471868,1.043750553287726,-1.0703293664383504,0.9601408811428114,-0.2910870247629302,-0.0065929287100137,0.0044557300804386,-0.3859215665357315,3,2024-09-28 17:02:41.908090088,1727542961.90809,2024-09-28 17:02:41.908090112,18,0,1.3545767320136264,-12.582658695009965,[1. 0. 0. 0.],[7.85547352e-03 8.40345093e-04 9.79100944e-01 1.22032374e-02],"[-0.103971   -0.28215468  0.04456641 -0.31360233 -0.36160082  0.6870097
  1.          0.          0.2        -0.303971   -0.5666609 ]",1.5592404743486268,0,0
818,881,2024-09-28 17:02:42.751431936,TASK_BEGIN,23,-0.9362705689665552,1.0455733773677345,-1.0329679743268751,0.9469003061497192,-0.2903174864674331,-0.0104712546899362,0.1791240601195293,-0.4720128003310095,3,2024-09-28 17:02:41.908090088,1727542961.90809,2024-09-28 17:02:41.908090112,18,0,1.3545767320136264,-12.582658695009965,[1. 0. 0. 0.],[7.85547352e-03 8.40345093e-04 9.79100944e-01 1.22032374e-02],"[-0.103971   -0.28215468  0.04456641 -0.31360233 -0.36160082  0.6870097
  1.          0.          0.2        -0.303971   -0.5666609 ]",1.5592404743486268,0,0
819,882,2024-09-28 17:02:42.819190016,TASK_BEGIN,23,-0.9138041901247858,1.0451291294811242,-1.0128969713486078,0.9372608203908024,-0.2913395872884823,-0.0132321328626324,0.3554571014517081,-0.560113334865154,3,2024-09-28 17:02:41.908090088,1727542961.90809,2024-09-28 17:02:41.908090112,18,0,1.3545767320136264,-12.582658695009965,[1. 0. 0. 0.],[7.85547352e-03 8.40345093e-04 9.79100944e-01 1.22032374e-02],"[-0.103971   -0.28215468  0.04456641 -0.31360233 -0.36160082  0.6870097
  1.          0.          0.2        -0.303971   -0.5666609 ]",1.5592404743486268,0,0
820,883,2024-09-28 17:02:43.762682880,TASK_BEGIN,23,-0.8885412344573855,1.042286447099129,-1.0059877209534387,0.9310266513702656,-0.2948638771642075,-0.014585321976226,0.5323570648200299,-0.6481721965290593,3,2024-09-28 17:02:43.076184082,1727542963.076184,2024-09-28 17:02:43.076184064,18,1,-1.029014796686477,9.007248027674176,[0. 1. 0. 0.],[0.37868709 0.14853265 0.11189187 0.36088839],"[-0.11080575 -0.28301495 -0.1440502   0.00180896 -0.32629117  0.07936942
  1.          1.          0.2        -0.31080574 -0.5597787 ]",1.5418856091271338,0,0
821,884,2024-09-28 17:02:43.830470912,TASK_BEGIN,23,-0.861729748734796,1.0370579374553697,-1.0072880656675676,0.9277922708343248,-0.30139516690046,-0.0143173107634595,0.7077314725314527,-0.7338166652121061,3,2024-09-28 17:02:43.076184082,1727542963.076184,2024-09-28 17:02:43.076184064,18,1,-1.029014796686477,9.007248027674176,[0. 1. 0. 0.],[0.37868709 0.14853265 0.11189187 0.36088839],"[-0.11080575 -0.28301495 -0.1440502   0.00180896 -0.32629117  0.07936942
  1.          1.          0.2        -0.31080574 -0.5597787 ]",1.5418856091271338,0,0
822,885,2024-09-28 17:02:43.898184192,TASK_BEGIN,23,-0.8346491054659326,1.029617727230107,-1.0117104533489545,0.926919362833529,-0.3111910266285341,-0.0123198769962237,0.8779514667989655,-0.8144125710878235,3,2024-09-28 17:02:43.076184082,1727542963.076184,2024-09-28 17:02:43.076184064,18,1,-1.029014796686477,9.007248027674176,[0. 1. 0. 0.],[0.37868709 0.14853265 0.11189187 0.36088839],"[-0.11080575 -0.28301495 -0.1440502   0.00180896 -0.32629117  0.07936942
  1.          1.          0.2        -0.31080574 -0.5597787 ]",1.5418856091271338,0,0
823,886,2024-09-28 17:02:43.965925120,TASK_BEGIN,23,-0.8085508191624723,1.0202922549182565,-1.014727306060437,0.927543000982645,-0.324279954795807,-0.0085945455256341,1.0378299887024638,-0.8871917077619942,3,2024-09-28 17:02:43.076184082,1727542963.076184,2024-09-28 17:02:43.076184064,18,1,-1.029014796686477,9.007248027674176,[0. 1. 0. 0.],[0.37868709 0.14853265 0.11189187 0.36088839],"[-0.11080575 -0.28301495 -0.1440502   0.00180896 -0.32629117  0.07936942
  1.          1.          0.2        -0.31080574 -0.5597787 ]",1.5418856091271338,0,0
824,887,2024-09-28 17:02:44.033346048,TASK_BEGIN,23,-0.7845854567075949,1.0095263988601637,-1.0128211171194672,0.9286183584516384,-0.3405156438609297,-0.0032436874430768,1.1810238520910836,-0.9493949764721102,3,2024-09-28 17:02:44.107598145,1727542964.107598,2024-09-28 17:02:44.107598080,18,3,-1.2849690562690006,-2.5498936754614507,[0. 0. 0. 1.],[0.40514766 0.15962578 0.04965997 0.38556659],"[-0.10622772 -0.28305256  0.19673507 -0.00264808 -0.34515196 -0.10878454
  1.          1.          0.2        -0.3062277  -0.5594778 ]",1.5279923955451502,0,0
825,888,2024-09-28 17:02:44.101383168,TASK_BEGIN,23,-0.763734201603215,0.9978409381327736,-1.0036547571841612,0.9290239876631152,-0.359632620991769,0.0035365512898422,1.3006868146201456,-0.998411473577562,3,2024-09-28 17:02:44.167192871,1727542964.1671937,2024-09-28 17:02:44.167193600,18,3,-1.7794113570811396,-5.873371002270619,[0. 0. 0. 1.],[0.42146316 0.18257093 0.049293   0.34667291],"[-0.10336129 -0.28308618  0.22092834 -0.00321338 -0.35705298 -0.12269284
  1.          1.          0.2        -0.3033613  -0.55920887]",1.5304630079164312,0,0
826,889,2024-09-28 17:02:44.169120000,TASK_BEGIN,23,-0.7467624066351349,0.9857967372866594,-0.986103114631544,0.9277119244570936,-0.3812872860499288,0.0114611945598091,1.390241302623763,-1.0319336600184024,3,2024-09-28 17:02:44.227493164,1727542964.2274935,2024-09-28 17:02:44.227493632,18,3,-1.6471097967402477,-8.695218908896608,[0. 0. 0. 1.],[0.43569302 0.20844579 0.04872292 0.30713827],"[-0.10023101 -0.28312898  0.23978908 -0.00378169 -0.37011284 -0.13383487
  1.          1.          0.2        -0.300231   -0.5588665 ]",1.5321712702642973,0,0
827,890,2024-09-28 17:02:45.080833024,TASK_BEGIN,23,-0.7341941337924132,0.9739708308141674,-0.9602781757264882,0.9238693540004228,-0.4050926983426391,0.0201720192069238,1.4441163572911495,-1.048147527520118,3,2024-09-28 17:02:44.789541016,1727542964.7895417,2024-09-28 17:02:44.789541632,18,3,0.36080695063609425,-38.76078104386126,[0. 0. 0. 1.],[0.3971931  0.18989319 0.04526734 0.36764637],"[-0.04786484 -0.31025845  0.5376112  -0.05354495 -0.3610655   0.2052012
  0.          1.          0.2        -0.24786483 -0.34183076]",1.5588630601738385,0,0
828,891,2024-09-28 17:02:45.154285824,TASK_BEGIN,23,-0.7263007052553242,0.9629400205940573,-0.9275566622078352,0.9170273561720942,-0.4306565310733883,0.0292685782501458,1.458324065593949,-1.0459338061235168,3,2024-09-28 17:02:44.789541016,1727542964.7895417,2024-09-28 17:02:44.789541632,18,3,0.36080695063609425,-38.76078104386126,[0. 0. 0. 1.],[0.3971931  0.18989319 0.04526734 0.36764637],"[-0.04786484 -0.31025845  0.5376112  -0.05354495 -0.3610655   0.2052012
  0.          1.          0.2        -0.24786483 -0.34183076]",1.5588630601738385,0,0
829,892,2024-09-28 17:02:45.222094080,TASK_BEGIN,23,-0.7231118351101453,0.9532644949570768,-0.8905021598079975,0.9070516312477273,-0.4576171808421601,0.0383449790320738,1.430927412791874,-1.0250265512387071,3,2024-09-28 17:02:44.789541016,1727542964.7895417,2024-09-28 17:02:44.789541632,18,3,0.36080695063609425,-38.76078104386126,[0. 0. 0. 1.],[0.3971931  0.18989319 0.04526734 0.36764637],"[-0.04786484 -0.31025845  0.5376112  -0.05354495 -0.3610655   0.2052012
  0.          1.          0.2        -0.24786483 -0.34183076]",1.5588630601738385,0,0
830,893,2024-09-28 17:02:45.289867008,TASK_BEGIN,23,-0.7244694048807453,0.9454679407668438,-0.8525498630319899,0.8940235247341799,-0.4856605461137862,0.0470204279869462,1.362523808093814,-0.986091092282675,3,2024-09-28 17:02:44.789541016,1727542964.7895417,2024-09-28 17:02:44.789541632,18,3,0.36080695063609425,-38.76078104386126,[0. 0. 0. 1.],[0.3971931  0.18989319 0.04526734 0.36764637],"[-0.04786484 -0.31025845  0.5376112  -0.05354495 -0.3610655   0.2052012
  0.          1.          0.2        -0.24786483 -0.34183076]",1.5588630601738385,0,0
831,894,2024-09-28 17:02:45.343952896,TASK_BEGIN,23,-0.7301215664467855,0.9400151527825954,-0.8174712413401509,0.8781133479101415,-0.5144999946253489,0.0549563300139635,1.2566013827434652,-0.930696405350077,3,2024-09-28 17:02:44.789541016,1727542964.7895417,2024-09-28 17:02:44.789541632,18,3,0.36080695063609425,-38.76078104386126,[0. 0. 0. 1.],[0.3971931  0.18989319 0.04526734 0.36764637],"[-0.04786484 -0.31025845  0.5376112  -0.05354495 -0.3610655   0.2052012
  0.          1.          0.2        -0.24786483 -0.34183076]",1.5588630601738385,0,0
832,895,2024-09-28 17:02:45.425371904,TASK_BEGIN,23,-0.7398136033038611,0.9372855883341664,-0.7888382720198198,0.8595596327009158,-0.5438254711262864,0.0618579190654224,1.119383485099423,-0.8611620682954615,3,2024-09-28 17:02:44.789541016,1727542964.7895417,2024-09-28 17:02:44.789541632,18,3,0.36080695063609425,-38.76078104386126,[0. 0. 0. 1.],[0.3971931  0.18989319 0.04526734 0.36764637],"[-0.04786484 -0.31025845  0.5376112  -0.05354495 -0.3610655   0.2052012
  0.          1.          0.2        -0.24786483 -0.34183076]",1.5588630601738385,0,0
833,896,2024-09-28 17:02:45.493118976,TASK_BEGIN,23,-0.7533234876763849,0.9375360946104108,-0.7696675507337584,0.8387758799425242,-0.573259383321757,0.0674668066368205,0.9590456253648733,-0.780320907789955,3,2024-09-28 17:02:44.789541016,1727542964.7895417,2024-09-28 17:02:44.789541632,18,3,0.36080695063609425,-38.76078104386126,[0. 0. 0. 1.],[0.3971931  0.18989319 0.04526734 0.36764637],"[-0.04786484 -0.31025845  0.5376112  -0.05354495 -0.3610655   0.2052012
  0.          1.          0.2        -0.24786483 -0.34183076]",1.5588630601738385,0,0
834,897,2024-09-28 17:02:46.436101888,TASK_BEGIN,23,-0.7704260134488691,0.9408517567871708,-0.7621978820643651,0.8164926664087893,-0.6023494354871333,0.0715549739871539,0.7846943884893968,-0.6913073077090256,3,2024-09-28 17:02:45.842021973,1727542965.8420224,2024-09-28 17:02:45.842022400,18,0,2.45847064927365,10.52234690482913,[1. 0. 0. 0.],[0.44222402 0.4341904  0.03540474 0.08818085],"[ 9.1041483e-02 -3.4898901e-01  5.4363209e-01 -3.4922074e-08
 -2.0155341e-03  4.0428741e-08  0.0000000e+00  1.0000000e+00
  2.0000000e-01 -1.0895851e-01 -3.1986263e-02]",1.527566185684743,0,0
835,898,2024-09-28 17:02:46.503486976,TASK_BEGIN,23,-0.7908131142352061,0.9470996142951678,-0.7677082334890609,0.7938039126248878,-0.6305799649095645,0.0739213923949324,0.605565086130281,-0.5974491757155928,3,2024-09-28 17:02:45.842021973,1727542965.8420224,2024-09-28 17:02:45.842022400,18,0,2.45847064927365,10.52234690482913,[1. 0. 0. 0.],[0.44222402 0.4341904  0.03540474 0.08818085],"[ 9.1041483e-02 -3.4898901e-01  5.4363209e-01 -3.4922074e-08
 -2.0155341e-03  4.0428741e-08  0.0000000e+00  1.0000000e+00
  2.0000000e-01 -1.0895851e-01 -3.1986263e-02]",1.527566185684743,0,0
836,899,2024-09-28 17:02:46.571737088,TASK_BEGIN,23,-0.814016486478459,0.9559057938539228,-0.7864358069943103,0.7720507569404281,-0.6573635216581167,0.0743839438740769,0.4305277276635326,-0.5022506512149647,3,2024-09-28 17:02:45.842021973,1727542965.8420224,2024-09-28 17:02:45.842022400,18,0,2.45847064927365,10.52234690482913,[1. 0. 0. 0.],[0.44222402 0.4341904  0.03540474 0.08818085],"[ 9.1041483e-02 -3.4898901e-01  5.4363209e-01 -3.4922074e-08
 -2.0155341e-03  4.0428741e-08  0.0000000e+00  1.0000000e+00
  2.0000000e-01 -1.0895851e-01 -3.1986263e-02]",1.527566185684743,0,0
837,900,2024-09-28 17:02:46.639280896,TASK_BEGIN,23,-0.839358547777256,0.9666619447502992,-0.8177132168857792,0.7525921118044573,-0.6820131908491652,0.0727652876798067,0.2677186503299051,-0.409395678623958,3,2024-09-28 17:02:45.842021973,1727542965.8420224,2024-09-28 17:02:45.842022400,18,0,2.45847064927365,10.52234690482913,[1. 0. 0. 0.],[0.44222402 0.4341904  0.03540474 0.08818085],"[ 9.1041483e-02 -3.4898901e-01  5.4363209e-01 -3.4922074e-08
 -2.0155341e-03  4.0428741e-08  0.0000000e+00  1.0000000e+00
  2.0000000e-01 -1.0895851e-01 -3.1986263e-02]",1.527566185684743,0,0
838,901,2024-09-28 17:02:46.707226112,TASK_BEGIN,23,-0.8659247391546725,0.9785494608501432,-0.860334145018746,0.7365739815651772,-0.7037384189459479,0.0688796613895906,0.1241327406539122,-0.3226832594329046,3,2024-09-28 17:02:45.842021973,1727542965.8420224,2024-09-28 17:02:45.842022400,18,0,2.45847064927365,10.52234690482913,[1. 0. 0. 0.],[0.44222402 0.4341904  0.03540474 0.08818085],"[ 9.1041483e-02 -3.4898901e-01  5.4363209e-01 -3.4922074e-08
 -2.0155341e-03  4.0428741e-08  0.0000000e+00  1.0000000e+00
  2.0000000e-01 -1.0895851e-01 -3.1986263e-02]",1.527566185684743,0,0
839,902,2024-09-28 17:02:46.775023872,TASK_BEGIN,23,-0.8925470735953904,0.9905714548464838,-0.9130249954133256,0.724777171386881,-0.7217024321980081,0.0625303689433302,0.0051767320291106,-0.2458394538971799,3,2024-09-28 17:02:45.929022949,1727542965.9290235,2024-09-28 17:02:45.929023488,18,0,0.7064196833840697,2.5262746193721126,[1. 0. 0. 0.],[0.30900652 0.64756742 0.02105963 0.02236643],"[ 1.0214090e-01 -3.4898901e-01  5.2733964e-01  2.6383780e-09
 -2.0155397e-03 -2.6898761e-10  0.0000000e+00  0.0000000e+00
  2.0000000e-01 -9.7859100e-02 -3.1986263e-02]",1.5085408562305418,0,0
840,903,2024-09-28 17:02:46.842775040,TASK_BEGIN,23,-0.9178073992132704,1.0015966442609614,-0.9748404683891424,0.7175593439124773,-0.735131428472965,0.0535281774971809,-0.0856850419741329,-0.1822376944465769,3,2024-09-28 17:02:45.929022949,1727542965.9290235,2024-09-28 17:02:45.929023488,18,0,0.7064196833840697,2.5262746193721126,[1. 0. 0. 0.],[0.30900652 0.64756742 0.02105963 0.02236643],"[ 1.0214090e-01 -3.4898901e-01  5.2733964e-01  2.6383780e-09
 -2.0155397e-03 -2.6898761e-10  0.0000000e+00  0.0000000e+00
  2.0000000e-01 -9.7859100e-02 -3.1986263e-02]",1.5085408562305418,0,0
841,904,2024-09-28 17:02:47.786331904,TASK_BEGIN,23,-0.940076166138533,1.0104242412317612,-1.045314805011846,0.7148655080067317,-0.7434247295533315,0.0417323753574793,-0.1471071085013859,-0.1346041929277854,3,2024-09-28 17:02:46.876729004,1727542966.876729,2024-09-28 17:02:46.876729088,18,0,0.5544727665914593,33.97118344558307,[1. 0. 0. 0.],[0.41891548 0.45733439 0.05626229 0.06748784],"[ 1.8192768e-01 -3.4898901e-01  1.7652124e-01  8.5532417e-09
 -2.0156007e-03  3.7815311e-09  0.0000000e+00  0.0000000e+00
  2.0000000e-01 -1.8072318e-02 -3.1986263e-02]",1.475381866546813,0,0
842,905,2024-09-28 17:02:47.854115840,TASK_BEGIN,23,-0.957593329985284,1.0158681137872292,-1.1243101579699932,0.7162719842259174,-0.7462268488058065,0.0271023456878959,-0.1798704807284362,-0.1047661861056108,3,2024-09-28 17:02:47.022769043,1727542967.02277,2024-09-28 17:02:47.022769920,18,0,0.5486000196469192,37.99824251765168,[1. 0. 0. 0.],[0.42164493 0.43813706 0.06070202 0.079516  ],"[ 1.8695743e-01 -3.4898901e-01  1.1878645e-01  9.4047587e-09
 -2.0156109e-03  8.5757472e-09  0.0000000e+00  0.0000000e+00
  2.0000000e-01 -1.3042561e-02 -3.1986263e-02]",1.4653498024574092,0,0
843,906,2024-09-28 17:02:47.914586880,TASK_BEGIN,23,-0.9685790751845428,1.0168468109450268,-1.2117152282818735,0.7210533540183699,-0.7434605245504757,0.0097470878949482,-0.1866677711693925,-0.0934858517605549,3,2024-09-28 17:02:47.022769043,1727542967.02277,2024-09-28 17:02:47.022769920,18,0,0.5486000196469192,37.99824251765168,[1. 0. 0. 0.],[0.42164493 0.43813706 0.06070202 0.079516  ],"[ 1.8695743e-01 -3.4898901e-01  1.1878645e-01  9.4047587e-09
 -2.0156109e-03  8.5757472e-09  0.0000000e+00  0.0000000e+00
  2.0000000e-01 -1.3042561e-02 -3.1986263e-02]",1.4653498024574092,0,0
844,907,2024-09-28 17:02:47.989583104,TASK_BEGIN,23,-0.9713498005368164,1.0124687052610617,-1.307261687615637,0.7282727344579734,-0.7353307053126991,-0.0100299175967613,-0.1715830451328557,-0.100410346468812,3,2024-09-28 17:02:47.283757812,1727542967.2837589,2024-09-28 17:02:47.283758848,18,1,1.8151496630093626,43.34944899544862,[0. 1. 0. 0.],[0.42157623 0.39881161 0.07671501 0.10289715],"[ 1.9132058e-01 -3.4898901e-01  2.8918391e-02 -1.2247452e-08
 -2.0156233e-03 -2.5158877e-09  0.0000000e+00  0.0000000e+00
  2.0000000e-01 -8.6794216e-03 -3.1986263e-02]",1.4647462394802604,0,0
845,908,2024-09-28 17:02:48.056379136,TASK_BEGIN,23,-0.9644277177844732,1.002110338611343,-1.4105479785703026,0.7368693482402338,-0.7223000812096921,-0.0316921139732869,-0.1394038973834251,-0.1241330675615873,3,2024-09-28 17:02:47.283757812,1727542967.2837589,2024-09-28 17:02:47.283758848,18,1,1.8151496630093626,43.34944899544862,[0. 1. 0. 0.],[0.42157623 0.39881161 0.07671501 0.10289715],"[ 1.9132058e-01 -3.4898901e-01  2.8918391e-02 -1.2247452e-08
 -2.0156233e-03 -2.5158877e-09  0.0000000e+00  0.0000000e+00
  2.0000000e-01 -8.6794216e-03 -3.1986263e-02]",1.4647462394802604,0,0
846,909,2024-09-28 17:02:48.125021952,TASK_BEGIN,23,-0.9466554646744612,0.9854853443597172,-1.521088934911034,0.7457082014763132,-0.705043178824818,-0.0544458908270391,-0.0951105097220012,-0.1623424978032696,3,2024-09-28 17:02:47.283757812,1727542967.2837589,2024-09-28 17:02:47.283758848,18,1,1.8151496630093626,43.34944899544862,[0. 1. 0. 0.],[0.42157623 0.39881161 0.07671501 0.10289715],"[ 1.9132058e-01 -3.4898901e-01  2.8918391e-02 -1.2247452e-08
 -2.0156233e-03 -2.5158877e-09  0.0000000e+00  0.0000000e+00
  2.0000000e-01 -8.6794216e-03 -3.1986263e-02]",1.4647462394802604,0,0
847,910,2024-09-28 17:02:48.192688896,TASK_BEGIN,23,-0.9173278515598215,0.9626959087634518,-1.6381783887358154,0.7535849414255428,-0.6843952841899025,-0.0772431686307159,-0.0437633164600997,-0.2120438798912941,3,2024-09-28 17:02:47.283757812,1727542967.2837589,2024-09-28 17:02:47.283758848,18,1,1.8151496630093626,43.34944899544862,[0. 1. 0. 0.],[0.42157623 0.39881161 0.07671501 0.10289715],"[ 1.9132058e-01 -3.4898901e-01  2.8918391e-02 -1.2247452e-08
 -2.0156233e-03 -2.5158877e-09  0.0000000e+00  0.0000000e+00
  2.0000000e-01 -8.6794216e-03 -3.1986263e-02]",1.4647462394802604,0,0
848,918,2024-09-28 17:02:50.453634048,TASK_BEGIN,23,-0.3909006619067085,0.6870603168010269,-2.476991333601496,0.6259333234974408,-0.4898616040271259,-0.1188893116804957,0.0529422699241906,-0.6498663334686564,3,2024-09-28 17:02:50.412966064,1727542970.4129665,2024-09-28 17:02:50.412966400,19,0,-3.0537951757792143,-37.25305256013416,[1. 0. 0. 0.],[0.26011723 0.05272319 0.18166453 0.50549504],"[ -0.02936689   0.92390084  -0.17393446  -0.5138793    0.0824392
   0.0655216    0.           0.          -0.4          0.3706331
 -11.998434  ]",1.5050232431102604,0,0
849,919,2024-09-28 17:02:50.516120832,TASK_BEGIN,23,-0.324727416436221,0.6630781366359918,-2.5084518063829435,0.5748509636643613,-0.4677113682140942,-0.0984762947015342,-0.0076709181227083,-0.6794852911221149,3,2024-09-28 17:02:50.412966064,1727542970.4129665,2024-09-28 17:02:50.412966400,19,0,-3.0537951757792143,-37.25305256013416,[1. 0. 0. 0.],[0.26011723 0.05272319 0.18166453 0.50549504],"[ -0.02936689   0.92390084  -0.17393446  -0.5138793    0.0824392
   0.0655216    0.           0.          -0.4          0.3706331
 -11.998434  ]",1.5050232431102604,0,0
850,920,2024-09-28 17:02:50.594227968,TASK_BEGIN,23,-0.2670514789805396,0.6444086878245513,-2.5143298447020936,0.517775369418341,-0.4470030231080087,-0.0742111890343392,-0.0827642752720093,-0.7009994284180082,3,2024-09-28 17:02:50.412966064,1727542970.4129665,2024-09-28 17:02:50.412966400,19,0,-3.0537951757792143,-37.25305256013416,[1. 0. 0. 0.],[0.26011723 0.05272319 0.18166453 0.50549504],"[ -0.02936689   0.92390084  -0.17393446  -0.5138793    0.0824392
   0.0655216    0.           0.          -0.4          0.3706331
 -11.998434  ]",1.5050232431102604,0,0
851,921,2024-09-28 17:02:50.667020032,TASK_BEGIN,23,-0.2190618805861538,0.6303757998778121,-2.495137933560005,0.4566389492433418,-0.4285466223774118,-0.0474997570459891,-0.1707358475642094,-0.7143303921716977,3,2024-09-28 17:02:50.412966064,1727542970.4129665,2024-09-28 17:02:50.412966400,19,0,-3.0537951757792143,-37.25305256013416,[1. 0. 0. 0.],[0.26011723 0.05272319 0.18166453 0.50549504],"[ -0.02936689   0.92390084  -0.17393446  -0.5138793    0.0824392
   0.0655216    0.           0.          -0.4          0.3706331
 -11.998434  ]",1.5050232431102604,0,0
852,922,2024-09-28 17:02:50.733851904,TASK_BEGIN,23,-0.181229933717293,0.6198184067078105,-2.4526256163365696,0.3936484196894909,-0.413402412458508,-0.0198035445897666,-0.2697428489675143,-0.7194621592738346,3,2024-09-28 17:02:50.412966064,1727542970.4129665,2024-09-28 17:02:50.412966400,19,0,-3.0537951757792143,-37.25305256013416,[1. 0. 0. 0.],[0.26011723 0.05272319 0.18166453 0.50549504],"[ -0.02936689   0.92390084  -0.17393446  -0.5138793    0.0824392
   0.0655216    0.           0.          -0.4          0.3706331
 -11.998434  ]",1.5050232431102604,0,0
853,923,2024-09-28 17:02:50.802625024,TASK_BEGIN,23,-0.1534433847808087,0.6113682454249588,-2.389553375326182,0.3311526747058048,-0.4027733412159872,0.0074840013451977,-0.3773962054903471,-0.7164772669870573,3,2024-09-28 17:02:50.412966064,1727542970.4129665,2024-09-28 17:02:50.412966400,19,0,-3.0537951757792143,-37.25305256013416,[1. 0. 0. 0.],[0.26011723 0.05272319 0.18166453 0.50549504],"[ -0.02936689   0.92390084  -0.17393446  -0.5138793    0.0824392
   0.0655216    0.           0.          -0.4          0.3706331
 -11.998434  ]",1.5050232431102604,0,0
854,924,2024-09-28 17:02:50.869841152,TASK_BEGIN,23,-0.1351389937980336,0.6037095886299982,-2.3094616609791823,0.2715454965367131,-0.3978618993510833,0.0331526626293038,-0.4905033885416617,-0.7056037317499079,3,2024-09-28 17:02:50.412966064,1727542970.4129665,2024-09-28 17:02:50.412966400,19,0,-3.0537951757792143,-37.25305256013416,[1. 0. 0. 0.],[0.26011723 0.05272319 0.18166453 0.50549504],"[ -0.02936689   0.92390084  -0.17393446  -0.5138793    0.0824392
   0.0655216    0.           0.          -0.4          0.3706331
 -11.998434  ]",1.5050232431102604,0,0
855,925,2024-09-28 17:02:51.816148992,TASK_BEGIN,23,-0.1254130031664262,0.5957797889149951,-2.216479810847743,0.2171915859614861,-0.3997270890766014,0.0562676802590022,-0.6049298442392974,-0.6872446560210738,3,2024-09-28 17:02:51.849013184,1727542971.8490138,2024-09-28 17:02:51.849013760,19,2,-0.45460329251587267,-61.129529616103895,[0. 0. 1. 0.],[0.08105906 0.0046847  0.22538428 0.68887195],"[-0.11284423  0.4244293  -0.4187957  -0.75203097  0.26506984  0.0740173
  0.          0.         -0.4         0.28715578 -8.002662  ]",1.5295633458010023,0,0
856,926,2024-09-28 17:02:51.884018176,TASK_BEGIN,23,-0.1230937508727949,0.5868865464534826,-2.115133540089684,0.1703130515384095,-0.4091843440753523,0.0762277230166624,-0.7155299087204938,-0.6620118929830849,3,2024-09-28 17:02:51.849013184,1727542971.8490138,2024-09-28 17:02:51.849013760,19,2,-0.45460329251587267,-61.129529616103895,[0. 0. 1. 0.],[0.08105906 0.0046847  0.22538428 0.68887195],"[-0.11284423  0.4244293  -0.4187957  -0.75203097  0.26506984  0.0740173
  0.          0.         -0.4         0.28715578 -8.002662  ]",1.5295633458010023,0,0
857,927,2024-09-28 17:02:51.939712768,TASK_BEGIN,23,-0.1267712261176749,0.5767307940183758,-2.010080117731436,0.1327888001483177,-0.4267629478885364,0.0927835009610149,-0.8161362126423635,-0.630795026973913,3,2024-09-28 17:02:51.849013184,1727542971.8490138,2024-09-28 17:02:51.849013760,19,2,-0.45460329251587267,-61.129529616103895,[0. 0. 1. 0.],[0.08105906 0.0046847  0.22538428 0.68887195],"[-0.11284423  0.4244293  -0.4187957  -0.75203097  0.26506984  0.0740173
  0.          0.         -0.4         0.28715578 -8.002662  ]",1.5295633458010023,0,0
858,928,2024-09-28 17:02:52.019360000,TASK_BEGIN,23,-0.1348178478430086,0.5653542839786967,-1.905755022544543,0.1059010819102183,-0.4527040515397139,0.1060215741758809,-0.8996604530973872,-0.5948659399077568,3,2024-09-28 17:02:51.849013184,1727542971.8490138,2024-09-28 17:02:51.849013760,19,2,-0.45460329251587267,-61.129529616103895,[0. 0. 1. 0.],[0.08105906 0.0046847  0.22538428 0.68887195],"[-0.11284423  0.4244293  -0.4187957  -0.75203097  0.26506984  0.0740173
  0.          0.         -0.4         0.28715578 -8.002662  ]",1.5295633458010023,0,0
859,929,2024-09-28 17:02:52.078676992,TASK_BEGIN,23,-0.1454465029163245,0.553048791712215,-1.80601174197362,0.0901460645583403,-0.4869825844495983,0.1163272915988232,-0.9583817923636532,-0.5559617903110985,3,2024-09-28 17:02:51.849013184,1727542971.8490138,2024-09-28 17:02:51.849013760,19,2,-0.45460329251587267,-61.129529616103895,[0. 0. 1. 0.],[0.08105906 0.0046847  0.22538428 0.68887195],"[-0.11284423  0.4244293  -0.4187957  -0.75203097  0.26506984  0.0740173
  0.          0.         -0.4         0.28715578 -8.002662  ]",1.5295633458010023,0,0
860,930,2024-09-28 17:02:52.143961856,TASK_BEGIN,23,-0.1568231554179044,0.5402557053836944,-1.7138890453118505,0.0852372429198421,-0.5293450626671313,0.1243389253750145,-0.9845480627869732,-0.5162511176238854,3,2024-09-28 17:02:52.227014160,1727542972.2270143,2024-09-28 17:02:52.227014400,19,0,-2.6021893436999903,-84.70267843609695,[1. 0. 0. 0.],[6.16965301e-02 6.78570557e-04 1.18995781e-01 8.18629118e-01],"[-0.15018368  0.23547459 -0.41876715 -1.0848953   0.31318045  0.07401519
  0.          0.         -0.4         0.24981633 -6.491024  ]",1.5319951730285812,0,0
861,931,2024-09-28 17:02:52.222158848,TASK_BEGIN,23,-0.1672221417542353,0.5274760529452727,-1.631579297545888,0.0903441249690148,-0.5793508144854663,0.1308961860334569,-0.9713075847810364,-0.478131280569642,3,2024-09-28 17:02:52.256046143,1727542972.2560468,2024-09-28 17:02:52.256046848,19,0,-2.6107597728048972,-86.46641142454088,[1. 0. 0. 0.],[6.23784687e-02 5.71748633e-04 1.34249453e-01 8.02800330e-01],"[-0.15305614  0.21814048 -0.41876477 -1.1105002   0.31688118  0.07401508
  0.          0.         -0.4         0.24694386 -6.352351  ]",1.5336328944999242,0,0
862,932,2024-09-28 17:02:53.163248128,TASK_BEGIN,23,-0.1751978158583885,0.5152116847421366,-1.560524430833451,0.1044683777155326,-0.636398639973061,0.1369810950322835,-0.9136652490034493,-0.4439093995060506,3,2024-09-28 17:02:52.904011963,1727542972.9040124,2024-09-28 17:02:52.904012544,19,2,-4.148038943504917,-73.86835230443225,[0. 0. 1. 0.],[1.51895681e-02 1.01705109e-04 1.88832542e-02 9.65825473e-01],"[-0.24887674 -0.06322062 -1.0043591  -0.4345853   0.43904516  0.1282678
  0.          0.         -0.4         0.15112327 -4.1014624 ]",1.5635146439539143,0,0
863,933,2024-09-28 17:02:53.231075840,TASK_BEGIN,23,-0.179739162844384,0.5039462433660539,-1.5014715959727876,0.1267620567066084,-0.699725185104012,0.1436448753149257,-0.8090698100558249,-0.4154771854240888,3,2024-09-28 17:02:52.904011963,1727542972.9040124,2024-09-28 17:02:52.904012544,19,2,-4.148038943504917,-73.86835230443225,[0. 0. 1. 0.],[1.51895681e-02 1.01705109e-04 1.88832542e-02 9.65825473e-01],"[-0.24887674 -0.06322062 -1.0043591  -0.4345853   0.43904516  0.1282678
  0.          0.         -0.4         0.15112327 -4.1014624 ]",1.5635146439539143,0,0
864,934,2024-09-28 17:02:53.298036992,TASK_BEGIN,23,-0.1803778578067151,0.4941476320143297,-1.4543907440430484,0.1566313793091421,-0.7683825044745102,0.1519159855672288,-0.6575834963891668,-0.3940671998465667,3,2024-09-28 17:02:52.904011963,1727542972.9040124,2024-09-28 17:02:52.904012544,19,2,-4.148038943504917,-73.86835230443225,[0. 0. 1. 0.],[1.51895681e-02 1.01705109e-04 1.88832542e-02 9.65825473e-01],"[-0.24887674 -0.06322062 -1.0043591  -0.4345853   0.43904516  0.1282678
  0.          0.         -0.4         0.15112327 -4.1014624 ]",1.5635146439539143,0,0
865,935,2024-09-28 17:02:53.366031104,TASK_BEGIN,23,-0.1772331513447075,0.4862625577821919,-1.4182995480555052,0.1936188714860929,-0.8412285778663164,0.1627006696804717,-0.4619018031099016,-0.380137362320381,3,2024-09-28 17:02:53.400656006,1727542973.400657,2024-09-28 17:02:53.400656896,19,1,-2.6944257390598896,-112.37147508189547,[0. 1. 0. 0.],[2.64044784e-04 1.47860871e-07 1.47489220e-05 9.99721058e-01],"[-0.41731608 -0.12539124 -1.5429528  -0.3391878   0.5172646   0.1234084
  0.          0.         -0.4        -0.01731608 -3.6040974 ]",1.5677771244771739,0,0
866,936,2024-09-28 17:02:53.429757184,TASK_BEGIN,23,-0.1709860624758599,0.4806909580181294,-1.3911346014518722,0.237176287203748,-0.9169618372906628,0.1767025426165598,-0.2274219396645639,-0.3734078833533196,3,2024-09-28 17:02:53.400656006,1727542973.400657,2024-09-28 17:02:53.400656896,19,1,-2.6944257390598896,-112.37147508189547,[0. 1. 0. 0.],[2.64044784e-04 1.47860871e-07 1.47489220e-05 9.99721058e-01],"[-0.41731608 -0.12539124 -1.5429528  -0.3391878   0.5172646   0.1234084
  0.          0.         -0.4        -0.01731608 -3.6040974 ]",1.5677771244771739,0,0
867,937,2024-09-28 17:02:53.502078976,TASK_BEGIN,23,-0.1627870341073811,0.4777523706644829,-1.3698550099283586,0.2864529606576457,-0.9942062358327932,0.1943846518332642,0.0377334589018857,-0.3730547961424222,3,2024-09-28 17:02:53.400656006,1727542973.400657,2024-09-28 17:02:53.400656896,19,1,-2.6944257390598896,-112.37147508189547,[0. 1. 0. 0.],[2.64044784e-04 1.47860871e-07 1.47489220e-05 9.99721058e-01],"[-0.41731608 -0.12539124 -1.5429528  -0.3391878   0.5172646   0.1234084
  0.          0.         -0.4        -0.01731608 -3.6040974 ]",1.5677771244771739,0,0
868,938,2024-09-28 17:02:53.569425152,TASK_BEGIN,23,-0.154118130415371,0.4776626621127779,-1.3509140877585637,0.3401684293481877,-1.0716358597456574,0.2159803794054144,0.3229893358555457,-0.3780212314802645,3,2024-09-28 17:02:53.400656006,1727542973.400657,2024-09-28 17:02:53.400656896,19,1,-2.6944257390598896,-112.37147508189547,[0. 1. 0. 0.],[2.64044784e-04 1.47860871e-07 1.47489220e-05 9.99721058e-01],"[-0.41731608 -0.12539124 -1.5429528  -0.3391878   0.5172646   0.1234084
  0.          0.         -0.4        -0.01731608 -3.6040974 ]",1.5677771244771739,0,0
869,939,2024-09-28 17:02:54.513238016,TASK_BEGIN,23,-0.1466284002247735,0.4805245667906934,-1.3310446451834166,0.3966001412439564,-1.148105632309138,0.2415365004798414,0.6160166779133366,-0.3873480198338895,3,2024-09-28 17:02:54.382040039,1727542974.3820403,2024-09-28 17:02:54.382040320,19,1,-5.3894717614639465,-152.10917153334387,[0. 1. 0. 0.],[3.84258437e-01 1.43599961e-02 2.30343059e-05 6.01358532e-01],"[-0.7710473  -0.5214435  -1.6167771  -1.2176065   0.734748    0.34558755
  0.          0.         -0.4        -0.37104732 -0.43567947]",1.5686788988323657,1,2
870,940,2024-09-28 17:02:54.580483840,TASK_BEGIN,23,-0.1419463691152195,0.4863243564617584,-1.3081165674259712,0.4537251046378112,-1.222731764035038,0.2709548504853335,0.9037402522785049,-0.4004109845532484,3,2024-09-28 17:02:54.382040039,1727542974.3820403,2024-09-28 17:02:54.382040320,19,1,-5.3894717614639465,-152.10917153334387,[0. 1. 0. 0.],[3.84258437e-01 1.43599961e-02 2.30343059e-05 6.01358532e-01],"[-0.7710473  -0.5214435  -1.6167771  -1.2176065   0.734748    0.34558755
  0.          0.         -0.4        -0.37104732 -0.43567947]",1.5686788988323657,1,2
871,941,2024-09-28 17:02:54.648797184,TASK_BEGIN,23,-0.1414831759051106,0.4949385443167799,-1.281784051156975,0.5095154207336168,-1.2948856261494273,0.3040065945259982,1.1734154225513709,-0.417010862833161,3,2024-09-28 17:02:54.382040039,1727542974.3820403,2024-09-28 17:02:54.382040320,19,1,-5.3894717614639465,-152.10917153334387,[0. 1. 0. 0.],[3.84258437e-01 1.43599961e-02 2.30343059e-05 6.01358532e-01],"[-0.7710473  -0.5214435  -1.6167771  -1.2176065   0.734748    0.34558755
  0.          0.         -0.4        -0.37104732 -0.43567947]",1.5686788988323657,1,2
872,942,2024-09-28 17:02:54.716515072,TASK_BEGIN,23,-0.1462601513285993,0.5061643248714273,-1.2537384395843332,0.562282557163996,-1.364120569742769,0.3403219837100362,1.41358902216406,-0.4373303413528401,3,2024-09-28 17:02:54.382040039,1727542974.3820403,2024-09-28 17:02:54.382040320,19,1,-5.3894717614639465,-152.10917153334387,[0. 1. 0. 0.],[3.84258437e-01 1.43599961e-02 2.30343059e-05 6.01358532e-01],"[-0.7710473  -0.5214435  -1.6167771  -1.2176065   0.734748    0.34558755
  0.          0.         -0.4        -0.37104732 -0.43567947]",1.5686788988323657,1,2
873,943,2024-09-28 17:02:54.784291072,TASK_BEGIN,23,-0.1567939472444987,0.5197718032369569,-1.227549675620216,0.6109470689796588,-1.4300804265969351,0.3793787173299508,1.6148626625122593,-0.4617997168719766,3,2024-09-28 17:02:54.382040039,1727542974.3820403,2024-09-28 17:02:54.382040320,19,1,-5.3894717614639465,-152.10917153334387,[0. 1. 0. 0.],[3.84258437e-01 1.43599961e-02 2.30343059e-05 6.01358532e-01],"[-0.7710473  -0.5214435  -1.6167771  -1.2176065   0.734748    0.34558755
  0.          0.         -0.4        -0.37104732 -0.43567947]",1.5686788988323657,1,2
874,944,2024-09-28 17:02:54.852073984,TASK_BEGIN,23,-0.1730608190380861,0.5355579345012329,-1.2082085996056544,0.6552081359992927,-1.4924194468894898,0.4205075481332479,1.7704083486560769,-0.4909177052779123,3,2024-09-28 17:02:54.382040039,1727542974.3820403,2024-09-28 17:02:54.382040320,19,1,-5.3894717614639465,-152.10917153334387,[0. 1. 0. 0.],[3.84258437e-01 1.43599961e-02 2.30343059e-05 6.01358532e-01],"[-0.7710473  -0.5214435  -1.6167771  -1.2176065   0.734748    0.34558755
  0.          0.         -0.4        -0.37104732 -0.43567947]",1.5686788988323657,1,2
875,945,2024-09-28 17:02:54.919838976,TASK_BEGIN,23,-0.1945452878659784,0.5533844404725559,-1.201466955078051,0.6956298677073722,-1.5507395738412284,0.4629213841487891,1.876167280823724,-0.5250727357494016,3,2024-09-28 17:02:54.382040039,1727542974.3820403,2024-09-28 17:02:54.382040320,19,1,-5.3894717614639465,-152.10917153334387,[0. 1. 0. 0.],[3.84258437e-01 1.43599961e-02 2.30343059e-05 6.01358532e-01],"[-0.7710473  -0.5214435  -1.6167771  -1.2176065   0.734748    0.34558755
  0.          0.         -0.4        -0.37104732 -0.43567947]",1.5686788988323657,1,2
876,953,2024-09-28 17:02:57.186840064,TASK_BEGIN,23,-0.4192981946071002,0.768646492882705,-1.9194283155954417,1.0646310632739528,-1.8144031084965928,0.7541318783972553,1.1660129399222965,-0.9320723423982668,3,2024-09-28 17:02:57.254836914,1727542977.2548378,2024-09-28 17:02:57.254837760,20,0,-2.9022700985962047,-50.80680351761184,[1. 0. 0. 0.],[0.24496071 0.03141411 0.1785865  0.54503868],"[-0.03831633  0.88727915 -0.19570936 -0.6174314   0.10850917  0.07373814
  0.          0.          0.4        -0.43831632 -9.63644   ]",1.532332189422757,0,0
877,954,2024-09-28 17:02:57.254648832,TASK_BEGIN,23,-0.4372200311114396,0.8035006484634265,-2.0648076610181287,1.1213166308312528,-1.8192121762861475,0.7760965675488359,0.9805825842366296,-0.9834537561166308,3,2024-09-28 17:02:57.312845947,1727542977.3128462,2024-09-28 17:02:57.312846080,20,0,-2.9200563962325816,-55.59833142289512,[1. 0. 0. 0.],[0.2167452  0.02705732 0.21454553 0.54165195],"[-0.04096023  0.86679673 -0.19570774 -0.66864145  0.11588281  0.07373667
  0.          0.          0.4        -0.44096023 -9.472581  ]",1.5356438986935614,0,0
878,955,2024-09-28 17:02:57.314368000,TASK_BEGIN,23,-0.4506637869008083,0.8392108689648667,-2.200986123181552,1.1745368027520182,-1.818851702791422,0.7939777701412213,0.8023868569398522,-1.0296577704586776,3,2024-09-28 17:02:57.370871094,1727542977.3708718,2024-09-28 17:02:57.370871808,20,0,-2.934460959820342,-60.32474116285532,[1. 0. 0. 0.],[0.18964407 0.02317202 0.2525964  0.5345875 ],"[-0.04360421  0.8447149  -0.19570597 -0.71985155  0.12325643  0.0737363
  0.          0.          0.4        -0.4436042  -9.295926  ]",1.5382218446255997,0,0
879,956,2024-09-28 17:02:57.390167040,TASK_BEGIN,23,-0.4597346473406171,0.8753823493160912,-2.320690965036961,1.2212062136009796,-1.8139935403217464,0.8077780494166241,0.6383095132395603,-1.0693354578919092,3,2024-09-28 17:02:57.457835938,1727542977.4578362,2024-09-28 17:02:57.457836032,20,0,-2.951399138699287,-67.2833681177454,[1. 0. 0. 0.],[0.15379277 0.0176613  0.29618561 0.53236032],"[-0.04757031  0.8085929  -0.19570312 -0.7966666   0.13431679  0.07373564
  0.          0.          0.4        -0.4475703  -9.00695   ]",1.5419715467574426,0,0
880,957,2024-09-28 17:02:57.457912832,TASK_BEGIN,23,-0.4648210800877853,0.9116105252796468,-2.417287337395358,1.2584168568336642,-1.8053081954820185,0.8175767010929369,0.4933342932559407,-1.1016158514928556,3,2024-09-28 17:02:57.516834961,1727542977.5168352,2024-09-28 17:02:57.516835328,20,0,-2.9603786241288788,-71.83131964145873,[1. 0. 0. 0.],[0.16663658 0.01530923 0.23388272 0.58417147],"[-0.05021445  0.7825123  -0.19570109 -0.8478767   0.14169034  0.07373535
  0.          0.          0.4        -0.45021445 -8.7983055 ]",1.5444282476665605,0,0
881,958,2024-09-28 17:02:57.525657856,TASK_BEGIN,23,-0.4665354653573594,0.9474665335480628,-2.485352886278041,1.2838919347562865,-1.7934496988669646,0.8235317957858403,0.370166859890107,-1.1260293975132023,3,2024-09-28 17:02:57.516834961,1727542977.5168352,2024-09-28 17:02:57.516835328,20,0,-2.9603786241288788,-71.83131964145873,[1. 0. 0. 0.],[0.16663658 0.01530923 0.23388272 0.58417147],"[-0.05021445  0.7825123  -0.19570109 -0.8478767   0.14169034  0.07373535
  0.          0.          0.4        -0.45021445 -8.7983055 ]",1.5444282476665605,0,0
882,959,2024-09-28 17:02:57.593426944,TASK_BEGIN,23,-0.4656376759947934,0.9824892917010216,-2.5212458846930508,1.2963640285981424,-1.779075356486209,0.8258880973007222,0.269176680474707,-1.142370044380652,3,2024-09-28 17:02:57.516834961,1727542977.5168352,2024-09-28 17:02:57.516835328,20,0,-2.9603786241288788,-71.83131964145873,[1. 0. 0. 0.],[0.16663658 0.01530923 0.23388272 0.58417147],"[-0.05021445  0.7825123  -0.19570109 -0.8478767   0.14169034  0.07373535
  0.          0.          0.4        -0.45021445 -8.7983055 ]",1.5444282476665605,0,0
883,960,2024-09-28 17:02:58.538570752,TASK_BEGIN,23,-0.4629462993026697,1.016193542115386,-2.523533567462656,1.2957486157535376,-1.762874479343256,0.8249897108146798,0.1887781055129476,-1.1506078753685185,3,2024-09-28 17:02:58.130948975,1727542978.13095,2024-09-28 17:02:58.130949888,20,2,-13.18476247172045,-103.47339301576024,[0. 0. 1. 0.],[0.20062818 0.07696231 0.00487457 0.71753494],"[-0.11694614  0.758258   -0.8694767   0.67729574  0.22174272  0.03868507
  0.          0.          0.4        -0.51694614 -8.604271  ]",1.562172632019966,0,0
884,961,2024-09-28 17:02:58.606206720,TASK_BEGIN,23,-0.4592496307155434,1.048092242692785,-2.4932232075613614,1.2830847585493723,-1.7455704372318697,0.82129357071456,0.1261724887883024,-1.1508812681795144,3,2024-09-28 17:02:58.130948975,1727542978.13095,2024-09-28 17:02:58.130949888,20,2,-13.18476247172045,-103.47339301576024,[0. 0. 1. 0.],[0.20062818 0.07696231 0.00487457 0.71753494],"[-0.11694614  0.758258   -0.8694767   0.67729574  0.22174272  0.03868507
  0.          0.          0.4        -0.51694614 -8.604271  ]",1.562172632019966,0,0
885,962,2024-09-28 17:02:58.673190144,TASK_BEGIN,23,-0.455231681392019,1.077726527455192,-2.433733257252225,1.2603071650213629,-1.7278705867488209,0.8153722658462277,0.0781861991933603,-1.143528206059577,3,2024-09-28 17:02:58.130948975,1727542978.13095,2024-09-28 17:02:58.130949888,20,2,-13.18476247172045,-103.47339301576024,[0. 0. 1. 0.],[0.20062818 0.07696231 0.00487457 0.71753494],"[-0.11694614  0.758258   -0.8694767   0.67729574  0.22174272  0.03868507
  0.          0.          0.4        -0.51694614 -8.604271  ]",1.562172632019966,0,0
886,963,2024-09-28 17:02:58.741803008,TASK_BEGIN,23,-0.4514182608737541,1.104693891573036,-2.350563741404063,1.2299489690775012,-1.7103653608586504,0.8078925642446555,0.0419073935949623,-1.1291090420612333,3,2024-09-28 17:02:58.130948975,1727542978.13095,2024-09-28 17:02:58.130949888,20,2,-13.18476247172045,-103.47339301576024,[0. 0. 1. 0.],[0.20062818 0.07696231 0.00487457 0.71753494],"[-0.11694614  0.758258   -0.8694767   0.67729574  0.22174272  0.03868507
  0.          0.          0.4        -0.51694614 -8.604271  ]",1.562172632019966,0,0
887,964,2024-09-28 17:02:58.809531904,TASK_BEGIN,23,-0.4481375477533271,1.1286689370925518,-2.2507488743652857,1.1948552544444175,-1.6934041052061226,0.7995661889343626,0.0149526378142956,-1.1083990374753885,3,2024-09-28 17:02:58.130948975,1727542978.13095,2024-09-28 17:02:58.130949888,20,2,-13.18476247172045,-103.47339301576024,[0. 0. 1. 0.],[0.20062818 0.07696231 0.00487457 0.71753494],"[-0.11694614  0.758258   -0.8694767   0.67729574  0.22174272  0.03868507
  0.          0.          0.4        -0.51694614 -8.604271  ]",1.562172632019966,0,0
888,965,2024-09-28 17:02:58.877285888,TASK_BEGIN,23,-0.4454933324977908,1.1494187268705711,-2.142273688235065,1.1579493683608075,-1.6769835659206684,0.7910819597863259,-0.0046675738924415,-1.0823467384231635,3,2024-09-28 17:02:58.130948975,1727542978.13095,2024-09-28 17:02:58.130949888,20,2,-13.18476247172045,-103.47339301576024,[0. 0. 1. 0.],[0.20062818 0.07696231 0.00487457 0.71753494],"[-0.11694614  0.758258   -0.8694767   0.67729574  0.22174272  0.03868507
  0.          0.          0.4        -0.51694614 -8.604271  ]",1.562172632019966,0,0
889,966,2024-09-28 17:02:58.945068032,TASK_BEGIN,23,-0.4433660848104563,1.1668155896433885,-2.0335689183705017,1.122070416817084,-1.6606780222641682,0.7830354574061565,-0.0189749638466405,-1.052008319773126,3,2024-09-28 17:02:58.130948975,1727542978.13095,2024-09-28 17:02:58.130949888,20,2,-13.18476247172045,-103.47339301576024,[0. 0. 1. 0.],[0.20062818 0.07696231 0.00487457 0.71753494],"[-0.11694614  0.758258   -0.8694767   0.67729574  0.22174272  0.03868507
  0.          0.          0.4        -0.51694614 -8.604271  ]",1.562172632019966,0,0
890,967,2024-09-28 17:02:59.864072960,TASK_BEGIN,23,-0.4414660082722717,1.1808449687957348,-1.9330367938423485,1.0898813190991627,-1.6436427635628963,0.7758767599789316,-0.0304362610172528,-1.018473976777115,3,2024-09-28 17:02:59.931868164,1727542979.9318683,2024-09-28 17:02:59.931868416,20,1,-2.3622833521207074,-108.02379248937815,[0. 1. 0. 0.],[0.13508538 0.01065263 0.27167099 0.582591  ],"[-0.4744779   0.76428044 -0.9700057  -0.71674544 -0.31169668  0.17362553
  0.          0.          0.4        -0.87447786 -8.652451  ]",1.559854713478547,0,0
891,968,2024-09-28 17:02:59.931227904,TASK_BEGIN,23,-0.4394395275054088,1.1916048268251642,-1.8484988421531807,1.063822240789182,-1.6247285093736936,0.7698926382103342,-0.0419950791137457,-0.9827925371828172,3,2024-09-28 17:02:59.992364014,1727542979.992365,2024-09-28 17:02:59.992364800,20,1,-1.8274171291809387,-109.52929750039442,[0. 1. 0. 0.],[0.11522765 0.00553613 0.13536384 0.74387237],"[-0.4879651   0.7406844  -0.9913282  -0.76403856 -0.29044086  0.22550288
  0.          0.          0.4        -0.8879651  -8.463682  ]",1.5624495162388008,0,0
892,969,2024-09-28 17:02:59.999252224,TASK_BEGIN,23,-0.4369902032618362,1.199296217412864,-1.7865613444849764,1.046083687811414,-1.6027091758084655,0.7652208000593239,-0.0565959293699777,-0.9459206806383526,3,2024-09-28 17:03:00.053881836,1727542980.0538824,2024-09-28 17:03:00.053882368,20,1,-1.6157621045877397,-110.7150524255487,[0. 1. 0. 0.],[0.10612566 0.00262497 0.11530559 0.77594378],"[-0.5017317   0.71561205 -1.0160242  -0.81073874 -0.2632499   0.28553367
  0.          0.          0.4        -0.90173167 -8.2631035 ]",1.564415548422034,0,0
893,970,2024-09-28 17:03:00.062967040,TASK_BEGIN,23,-0.4339652407186766,1.2042072140311235,-1.7520525861414802,1.0385991734180586,-1.5765586565795882,0.761876939085026,-0.0764332129241193,-0.9087496530725958,3,2024-09-28 17:03:00.143881104,1727542980.1438813,2024-09-28 17:03:00.143881216,20,0,-0.8839052200203241,-109.96417698027655,[1. 0. 0. 0.],[0.09989229 0.00097433 0.06461943 0.83451395],"[-0.52247906  0.6750444  -1.0161121  -0.88776183 -0.22042285  0.28550404
  0.          0.          0.4        -0.92247903 -7.9385624 ]",1.5645862429585369,0,0
894,971,2024-09-28 17:03:00.125808128,TASK_BEGIN,23,-0.4303919108684989,1.206695215604724,-1.747723612561368,1.04305645272423,-1.5456884960969215,0.7597782918290238,-0.1023265039258978,-0.8722025760653045,3,2024-09-28 17:03:00.201879883,1727542980.201881,2024-09-28 17:03:00.201880832,20,0,-0.9395304975639647,-109.61853252287057,[1. 0. 0. 0.],[9.05915221e-02 5.14028679e-04 4.51130383e-02 8.63781411e-01],"[-0.5363093   0.6460086  -1.0161625  -0.9391119  -0.19187397  0.28548428
  0.          0.          0.4        -0.9363093  -7.706276  ]",1.5653532611910799,0,0
895,972,2024-09-28 17:03:00.202306048,TASK_BEGIN,23,-0.4264766679804604,1.2071729397999436,-1.774257714326501,1.0608745912577464,-1.5100949453585732,0.7587618452037574,-0.1335331890859428,-0.8373037888944128,3,2024-09-28 17:03:00.230880127,1727542980.2308803,2024-09-28 17:03:00.230880256,20,0,-0.9658324161341056,-109.48817961377597,[1. 0. 0. 0.],[8.22261177e-02 3.59998120e-04 3.90336643e-02 8.78380220e-01],"[-0.54322404  0.63089347 -1.0161853  -0.96478724 -0.17760026  0.2854744
  0.          0.          0.4        -0.943224   -7.585355  ]",1.5654492177625505,1,2
896,973,2024-09-28 17:03:00.265504000,TASK_BEGIN,23,-0.4225727495719543,1.206095368822596,-1.8304804933731296,1.0930761536138718,-1.4704014476475558,0.7586015815096949,-0.1680893711300873,-0.8051369478347528,3,2024-09-28 17:03:00.230880127,1727542980.2308803,2024-09-28 17:03:00.230880256,20,0,-0.9658324161341056,-109.48817961377597,[1. 0. 0. 0.],[8.22261177e-02 3.59998120e-04 3.90336643e-02 8.78380220e-01],"[-0.54322404  0.63089347 -1.0161853  -0.96478724 -0.17760026  0.2854744
  0.          0.          0.4        -0.943224   -7.585355  ]",1.5654492177625505,1,2
897,974,2024-09-28 17:03:01.212641792,TASK_BEGIN,23,-0.4191108149902379,1.2039347022252938,-1.913671667812657,1.1400764409109645,-1.4278010732957087,0.7590250404780189,-0.2035003992334442,-0.7767125212634611,3,2024-09-28 17:03:00.317879883,1727542980.3178806,2024-09-28 17:03:00.317880576,20,0,-1.0391201091438234,-109.25228094663481,[1. 0. 0. 0.],[5.94232249e-02 1.26918501e-04 2.79537123e-02 9.12496144e-01],"[-0.56396705  0.5831593  -1.0162442  -1.0418142  -0.13478214  0.2854446
  0.          0.          0.4        -0.9639671  -7.2034817 ]",1.5650248623000969,1,2
898,975,2024-09-28 17:03:01.280429056,TASK_BEGIN,23,-0.4165018676538776,1.2011345926724435,-2.0199449350802445,1.201502276195123,-1.383921572079134,0.7597265617275754,-0.2373938265980014,-0.7528338023982504,3,2024-09-28 17:03:00.375879150,1727542980.3758795,2024-09-28 17:03:00.375879424,20,0,-1.0836228993399573,-109.2129625860136,[1. 0. 0. 0.],[4.43587848e-02 6.22599009e-05 2.42906655e-02 9.31288290e-01],"[-0.5777949   0.54934573 -1.0162754  -1.0931665  -0.10623918  0.28542486
  0.          0.          0.4        -0.9777949  -6.932973  ]",1.564587595439622,1,2
899,976,2024-09-28 17:03:01.348205056,TASK_BEGIN,23,-0.415048350004633,1.198055208203986,-2.1446567584368226,1.2761073887040204,-1.3406380451370885,0.7603745540118743,-0.2678228583209755,-0.73403409884887,3,2024-09-28 17:03:00.435101074,1727542980.4351013,2024-09-28 17:03:00.435101184,20,0,-1.1249300132354847,-109.25815913234305,[1. 0. 0. 0.],[3.29882966e-02 3.27022005e-05 2.17681965e-02 9.45210805e-01],"[-0.59162223  0.51393974 -1.0162998  -1.1445191  -0.07769822  0.2854051
  0.          0.          0.4        -0.9916222  -6.649725  ]",1.564237227667698,1,2
900,977,2024-09-28 17:03:01.416004864,TASK_BEGIN,23,-0.4149066521656979,1.1949310923934582,-2.2827729822863057,1.361755401245685,-1.2998474559295394,0.7606111661641702,-0.2932633200318804,-0.7205859885614987,3,2024-09-28 17:03:01.101114990,1727542981.1011155,2024-09-28 17:03:01.101115392,20,2,-8.513116193995973,-96.40557149013475,[0. 0. 1. 0.],[1.32871004e-02 2.97275235e-04 6.35810061e-06 9.86409266e-01],"[-0.7444025   0.39355814 -1.1355536   0.35615844  0.24951373  0.32911563
  0.          0.          0.4        -1.1444025  -5.686672  ]",1.538654856787196,1,2
901,978,2024-09-28 17:03:01.483565312,TASK_BEGIN,23,-0.4161116888191123,1.1918486169965994,-2.42911029675517,1.455437362225651,-1.2632360963703726,0.760049329247669,-0.3126174198042963,-0.7125251492240845,3,2024-09-28 17:03:01.101114990,1727542981.1011155,2024-09-28 17:03:01.101115392,20,2,-8.513116193995973,-96.40557149013475,[0. 0. 1. 0.],[1.32871004e-02 2.97275235e-04 6.35810061e-06 9.86409266e-01],"[-0.7444025   0.39355814 -1.1355536   0.35615844  0.24951373  0.32911563
  0.          0.          0.4        -1.1444025  -5.686672  ]",1.538654856787196,1,2
902,979,2024-09-28 17:03:01.551438080,TASK_BEGIN,23,-0.418623499251748,1.188734342613904,-2.578396843656068,1.5533556060693423,-1.2320988858319852,0.7582784478642522,-0.3254390650644769,-0.7096586856736874,3,2024-09-28 17:03:01.599646973,1727542981.5996478,2024-09-28 17:03:01.599647744,20,2,-10.883751890523445,-196.04875978477025,[0. 0. 1. 0.],[2.30799275e-05 2.89506296e-09 1.21715544e-08 9.99976905e-01],"[-0.8958513   0.4942968  -1.7691059   0.7982282   0.5297613   0.33112648
  0.          0.          0.4        -1.2958513  -6.4925814 ]",1.5442696049383375,1,2
903,980,2024-09-28 17:03:01.619186944,TASK_BEGIN,23,-0.4223457294874824,1.1853516496585357,-2.7251845749606867,1.6511263166979615,-1.2072550948069942,0.754884523308662,-0.3322358921213672,-0.7116145338329566,3,2024-09-28 17:03:01.599646973,1727542981.5996478,2024-09-28 17:03:01.599647744,20,2,-10.883751890523445,-196.04875978477025,[0. 0. 1. 0.],[2.30799275e-05 2.89506296e-09 1.21715544e-08 9.99976905e-01],"[-0.8958513   0.4942968  -1.7691059   0.7982282   0.5297613   0.33112648
  0.          0.          0.4        -1.2958513  -6.4925814 ]",1.5442696049383375,1,2
904,981,2024-09-28 17:03:02.562748928,TASK_BEGIN,23,-0.4271122172907991,1.181311641305096,-2.8637486061749686,1.744091066488895,-1.1890638594292384,0.7494792633614598,-0.3344494106582188,-0.7180071419008593,3,2024-09-28 17:03:01.660649170,1727542981.66065,2024-09-28 17:03:01.660649984,20,0,-1.7960223920783847,-195.6923783886646,[1. 0. 0. 0.],[1.36349334e-05 1.15901141e-09 5.73786471e-09 9.99986358e-01],"[-0.9201335   0.51829743 -1.7689489   0.74684966  0.56287163  0.33109543
  0.          0.          0.4        -1.3201334  -6.6845865 ]",1.5239046899732962,1,2
905,982,2024-09-28 17:03:02.630233088,TASK_BEGIN,23,-0.4326799216688641,1.176099104481858,-2.988126222818273,1.8276532432492172,-1.1775143583129035,0.7417296514953404,-0.3338777053490213,-0.7286932554194567,3,2024-09-28 17:03:01.719649170,1727542981.7196498,2024-09-28 17:03:01.719649792,20,0,-1.85612687324641,-195.46182432892704,[1. 0. 0. 0.],[1.87783376e-05 1.64887301e-09 3.35186532e-09 9.99981217e-01],"[-0.9444193   0.54070675 -1.7687831   0.6954746   0.59597886  0.33106434
  0.          0.          0.4        -1.3444194  -6.863861  ]",1.52349261988082,1,2
906,983,2024-09-28 17:03:02.698236160,TASK_BEGIN,23,-0.4387506357774124,1.1691089189885877,-3.0923530350798893,1.8975577817337053,-1.1723477534783764,0.7313853656775481,-0.3317551830000683,-0.7439859031013033,3,2024-09-28 17:03:01.806645996,1727542981.8066466,2024-09-28 17:03:01.806646528,20,0,-1.9494797850759369,-195.3539144740764,[1. 0. 0. 0.],[3.59160329e-05 5.07458364e-09 1.97616829e-09 9.99964077e-01],"[-0.9808554   0.57133615 -1.7685187   0.6184193   0.6456338   0.33101785
  0.          0.          0.4        -1.3808554  -7.1088963 ]",1.5213569665733908,1,2
907,984,2024-09-28 17:03:02.765209088,TASK_BEGIN,23,-0.4449987127779674,1.1596905159308817,-3.1708600338453308,1.9501098606406653,-1.17316351601042,0.7183068935739959,-0.327966256019385,-0.76469900881755,3,2024-09-28 17:03:01.865683105,1727542981.8656833,2024-09-28 17:03:01.865683200,20,0,-102.01377151753206,-295.4417475737107,[1. 0. 0. 0.],[5.24717760e-05 1.04821160e-08 1.29939673e-09 9.99947516e-01],"[-1.0051512   0.5897659  -1.7683319   0.567054    0.6787333   0.33098668
  0.          0.          0.4        -1.4051511  -7.2563343 ]",1.5201643693280293,1,2
908,988,2024-09-28 17:03:03.909629952,TASK_BEGIN,23,-0.4631863862721988,1.085847258120818,-3.160762960837579,1.94387940369929,-1.2245851041664322,0.6408457492281869,-0.2435663993464456,-0.9234727838271046,3,2024-09-28 17:03:03.973099854,1727542983.9731002,2024-09-28 17:03:03.973100288,21,0,-2.747728919542652,-30.165475267312125,[1. 0. 0. 0.],[0.21530142 0.61839241 0.14301847 0.0232877 ],"[  0.02490441   0.95367193   0.19448888  -0.39652738  -0.06993242
  -0.07326043   0.           0.          -0.6          0.6249044
 -10.108532  ]",1.5163778947533504,0,0
909,989,2024-09-28 17:03:03.982183936,TASK_BEGIN,23,-0.4628521224706117,1.056247525494805,-3.0783527114531317,1.887217506843086,-1.2449442148200565,0.6169289431644512,-0.1860835719831963,-0.9853201827247092,3,2024-09-28 17:03:04.060126953,1727542984.0601277,2024-09-28 17:03:04.060127744,21,0,-2.8223385101632346,-37.5861109322067,[1. 0. 0. 0.],[0.21555179 0.59275587 0.17046997 0.02122236],"[ 0.02884777  0.93269527  0.1946252  -0.47337753 -0.08091248 -0.073201
  0.          0.         -0.6         0.6288478  -9.940719  ]",1.5197966166531167,0,0
910,990,2024-09-28 17:03:04.049884928,TASK_BEGIN,23,-0.4589925393732373,1.0219247044953,-2.972093195972007,1.811933403353515,-1.2656050506192105,0.5921995347735377,-0.1072701034895749,-1.055630916191994,3,2024-09-28 17:03:04.118097900,1727542984.1180985,2024-09-28 17:03:04.118098432,21,0,-3.1179091143586675,-42.76844425731607,[1. 0. 0. 0.],[0.21412628 0.56713392 0.19879132 0.01994848],"[ 0.03146116  0.91667926  0.19370914 -0.52670956 -0.08923161 -0.09322512
  0.          0.         -0.6         0.63146114 -9.812591  ]",1.5245205785054294,0,0
911,991,2024-09-28 17:03:04.117064960,TASK_BEGIN,23,-0.4509623674845361,0.9831579281366684,-2.8487421330119536,1.721157877896838,-1.2848828311601543,0.5671957119483839,-0.0053643232029817,-1.1331797593704804,3,2024-09-28 17:03:04.176098145,1727542984.1760983,2024-09-28 17:03:04.176098304,21,0,-2.8834619179804974,-47.861742164143955,[1. 0. 0. 0.],[0.21224453 0.53263907 0.23651229 0.01860411],"[ 0.03408424  0.89896154  0.19417107 -0.58010054 -0.09654749 -0.0731585
  0.          0.         -0.6         0.6340842  -9.670849  ]",1.5255144420689755,0,0
912,992,2024-09-28 17:03:04.185318912,TASK_BEGIN,23,-0.4384045412910093,0.9405357744537584,-2.715739612538008,1.6185168276111856,-1.3011072299603064,0.5424183036478386,0.1199634120730665,-1.2160734512424347,3,2024-09-28 17:03:04.265101807,1727542984.2651021,2024-09-28 17:03:04.265102080,21,0,-2.9127586187192946,-55.06477154679882,[1. 0. 0. 0.],[0.19443335 0.47176098 0.31801349 0.01579218],"[ 0.03801886  0.86938584  0.19416887 -0.6569155  -0.10752129 -0.07315891
  0.          0.         -0.6         0.63801885 -9.434243  ]",1.528871003611052,0,0
913,993,2024-09-28 17:03:04.253061120,TASK_BEGIN,23,-0.4213145742465325,0.8949701293324741,-2.580868219698493,1.508043266088922,-1.3127830284342152,0.5183231000489865,0.267140378920538,-1.30180826923954,3,2024-09-28 17:03:04.295099854,1727542984.2951005,2024-09-28 17:03:04.295100416,21,0,-2.9205634393940727,-57.43468727072491,[1. 0. 0. 0.],[0.18165111 0.44575866 0.35775656 0.01483367],"[ 0.03933048  0.8587276   0.19416806 -0.6825205  -0.11117923 -0.07315876
  0.          0.         -0.6         0.6393305  -9.348977  ]",1.5300079278049745,0,0
914,994,2024-09-28 17:03:04.320723200,TASK_BEGIN,23,-0.4000314368920605,0.8476606169366858,-2.451910767016463,1.3941046274490465,-1.3187143501421716,0.4953227045389789,0.4321990461765937,-1.3874480838717436,3,2024-09-28 17:03:04.295099854,1727542984.2951005,2024-09-28 17:03:04.295100416,21,0,-2.9205634393940727,-57.43468727072491,[1. 0. 0. 0.],[0.18165111 0.44575866 0.35775656 0.01483367],"[ 0.03933048  0.8587276   0.19416806 -0.6825205  -0.11117923 -0.07315876
  0.          0.         -0.6         0.6393305  -9.348977  ]",1.5300079278049745,0,0
915,995,2024-09-28 17:03:05.252198912,TASK_BEGIN,23,-0.3751743207619334,0.8000090927253336,-2.336132205260959,1.2812621576551424,-1.318082547541518,0.473784256717941,0.6086379271897557,-1.469884143237698,3,2024-09-28 17:03:05.129556885,1727542985.1295578,2024-09-28 17:03:05.129557760,21,1,-7.3637573655840445,-141.35436655012202,[0. 1. 0. 0.],[2.13312706e-04 7.41276396e-09 2.22531465e-03 9.97561365e-01],"[ 0.04290462  0.4003861  -0.19520205 -1.4210477   0.4529597   0.8482955
  0.          0.         -0.6         0.64290464 -5.682245  ]",1.5629046651607665,1,2
916,996,2024-09-28 17:03:05.330710016,TASK_BEGIN,23,-0.3475663768858297,0.7535055666609926,-2.2395727532305902,1.174021870730938,-1.3104937920561464,0.454018652973062,0.7878716393602374,-1.5460999892469105,3,2024-09-28 17:03:05.129556885,1727542985.1295578,2024-09-28 17:03:05.129557760,21,1,-7.3637573655840445,-141.35436655012202,[0. 1. 0. 0.],[2.13312706e-04 7.41276396e-09 2.22531465e-03 9.97561365e-01],"[ 0.04290462  0.4003861  -0.19520205 -1.4210477   0.4529597   0.8482955
  0.          0.         -0.6         0.64290464 -5.682245  ]",1.5629046651607665,1,2
917,997,2024-09-28 17:03:05.398468096,TASK_BEGIN,23,-0.3181770242050722,0.7096124310102383,-2.1663323321557773,1.076488626239169,-1.2960069522951847,0.436265452955386,0.960216020525572,-1.6134041937153774,3,2024-09-28 17:03:05.129556885,1727542985.1295578,2024-09-28 17:03:05.129557760,21,1,-7.3637573655840445,-141.35436655012202,[0. 1. 0. 0.],[2.13312706e-04 7.41276396e-09 2.22531465e-03 9.97561365e-01],"[ 0.04290462  0.4003861  -0.19520205 -1.4210477   0.4529597   0.8482955
  0.          0.         -0.6         0.64290464 -5.682245  ]",1.5629046651607665,1,2
918,998,2024-09-28 17:03:05.465920000,TASK_BEGIN,23,-0.2880807826343923,0.6696583852890764,-2.1181076690078044,0.9919887672969506,-1.2751228975181226,0.4206760682785632,1.116139142922277,-1.6696514731094592,3,2024-09-28 17:03:05.129556885,1727542985.1295578,2024-09-28 17:03:05.129557760,21,1,-7.3637573655840445,-141.35436655012202,[0. 1. 0. 0.],[2.13312706e-04 7.41276396e-09 2.22531465e-03 9.97561365e-01],"[ 0.04290462  0.4003861  -0.19520205 -1.4210477   0.4529597   0.8482955
  0.          0.         -0.6         0.64290464 -5.682245  ]",1.5629046651607665,1,2
919,999,2024-09-28 17:03:05.534000128,TASK_BEGIN,23,-0.2584104278349833,0.6347371199375502,-2.0941249911436715,0.922750462055159,-1.2487086312036588,0.4072949993704705,1.2473821698641396,-1.713420249080757,3,2024-09-28 17:03:05.129556885,1727542985.1295578,2024-09-28 17:03:05.129557760,21,1,-7.3637573655840445,-141.35436655012202,[0. 1. 0. 0.],[2.13312706e-04 7.41276396e-09 2.22531465e-03 9.97561365e-01],"[ 0.04290462  0.4003861  -0.19520205 -1.4210477   0.4529597   0.8482955
  0.          0.         -0.6         0.64290464 -5.682245  ]",1.5629046651607665,1,2
920,1000,2024-09-28 17:03:05.601739008,TASK_BEGIN,23,-0.2302921362533093,0.6056070352971384,-2.091424441763176,0.8697177222686623,-1.217862365393295,0.3960431801293055,1.347626266771683,-1.7440436920063884,3,2024-09-28 17:03:05.129556885,1727542985.1295578,2024-09-28 17:03:05.129557760,21,1,-7.3637573655840445,-141.35436655012202,[0. 1. 0. 0.],[2.13312706e-04 7.41276396e-09 2.22531465e-03 9.97561365e-01],"[ 0.04290462  0.4003861  -0.19520205 -1.4210477   0.4529597   0.8482955
  0.          0.         -0.6         0.64290464 -5.682245  ]",1.5629046651607665,1,2
921,1001,2024-09-28 17:03:05.669495040,TASK_BEGIN,23,-0.2047665934916108,0.5826014167669203,-2.105373903733275,0.8325500585777867,-1.1837578702593037,0.3867123196985106,1.4127232722431349,-1.7614888830841573,3,2024-09-28 17:03:05.129556885,1727542985.1295578,2024-09-28 17:03:05.129557760,21,1,-7.3637573655840445,-141.35436655012202,[0. 1. 0. 0.],[2.13312706e-04 7.41276396e-09 2.22531465e-03 9.97561365e-01],"[ 0.04290462  0.4003861  -0.19520205 -1.4210477   0.4529597   0.8482955
  0.          0.         -0.6         0.64290464 -5.682245  ]",1.5629046651607665,1,2
922,1002,2024-09-28 17:03:06.613683712,TASK_BEGIN,23,-0.1827006580063249,0.5655681453239971,-2.130329171841022,0.809818440043638,-1.1475086438889268,0.3789750152777327,1.4407926159599662,-1.766228935719974,3,2024-09-28 17:03:06.139009033,1727542986.1390097,2024-09-28 17:03:06.139009792,21,2,-22.23763673897422,-461.52770855224065,[0. 0. 1. 0.],[3.91025899e-01 4.02387092e-01 1.77031811e-05 2.06569306e-01],"[-0.35988048 -0.30346066 -3.9654226  -1.55791     1.8495559   0.7965382
  0.          0.         -0.6         0.24011952 -0.05147092]",1.5387402280055305,1,2
923,1003,2024-09-28 17:03:06.681467904,TASK_BEGIN,23,-0.1646922803591386,0.553858310190577,-2.160378917003756,0.7993411278762289,-1.1100782789097683,0.3724051711700211,1.4323737689196077,-1.759210805631027,3,2024-09-28 17:03:06.139009033,1727542986.1390097,2024-09-28 17:03:06.139009792,21,2,-22.23763673897422,-461.52770855224065,[0. 0. 1. 0.],[3.91025899e-01 4.02387092e-01 1.77031811e-05 2.06569306e-01],"[-0.35988048 -0.30346066 -3.9654226  -1.55791     1.8495559   0.7965382
  0.          0.         -0.6         0.24011952 -0.05147092]",1.5387402280055305,1,2
924,1004,2024-09-28 17:03:06.749155072,TASK_BEGIN,23,-0.1509857438863417,0.54637545549761,-2.19005746432133,0.7985617146518521,-1.0722501351782276,0.3665014370459952,1.3905249865532272,-1.7418609099481843,3,2024-09-28 17:03:06.139009033,1727542986.1390097,2024-09-28 17:03:06.139009792,21,2,-22.23763673897422,-461.52770855224065,[0. 0. 1. 0.],[3.91025899e-01 4.02387092e-01 1.77031811e-05 2.06569306e-01],"[-0.35988048 -0.30346066 -3.9654226  -1.55791     1.8495559   0.7965382
  0.          0.         -0.6         0.24011952 -0.05147092]",1.5387402280055305,1,2
925,1005,2024-09-28 17:03:06.816904960,TASK_BEGIN,23,-0.1414315284594921,0.5416840732071659,-2.214904912208575,0.8049001052043646,-1.0346560667960312,0.3607142026570658,1.3206862215278736,-1.716028065889012,3,2024-09-28 17:03:06.139009033,1727542986.1390097,2024-09-28 17:03:06.139009792,21,2,-22.23763673897422,-461.52770855224065,[0. 0. 1. 0.],[3.91025899e-01 4.02387092e-01 1.77031811e-05 2.06569306e-01],"[-0.35988048 -0.30346066 -3.9654226  -1.55791     1.8495559   0.7965382
  0.          0.         -0.6         0.24011952 -0.05147092]",1.5387402280055305,1,2
926,1006,2024-09-28 17:03:06.884619008,TASK_BEGIN,23,-0.1355199065013567,0.538162859602987,-2.2318507197908364,0.8160608017762865,-0.9978426651964832,0.3544785276819696,1.230272897964782,-1.6838494071472037,3,2024-09-28 17:03:06.139009033,1727542986.1390097,2024-09-28 17:03:06.139009792,21,2,-22.23763673897422,-461.52770855224065,[0. 0. 1. 0.],[3.91025899e-01 4.02387092e-01 1.77031811e-05 2.06569306e-01],"[-0.35988048 -0.30346066 -3.9654226  -1.55791     1.8495559   0.7965382
  0.          0.         -0.6         0.24011952 -0.05147092]",1.5387402280055305,1,2
927,1007,2024-09-28 17:03:06.951676928,TASK_BEGIN,23,-0.1324854450760779,0.5341806408970639,-2.2394459456235656,0.8302900234557292,-0.962342719192557,0.3472527607439163,1.1280689253307985,-1.6475997173305297,3,2024-09-28 17:03:06.139009033,1727542986.1390097,2024-09-28 17:03:06.139009792,21,2,-22.23763673897422,-461.52770855224065,[0. 0. 1. 0.],[3.91025899e-01 4.02387092e-01 1.77031811e-05 2.06569306e-01],"[-0.35988048 -0.30346066 -3.9654226  -1.55791     1.8495559   0.7965382
  0.          0.         -0.6         0.24011952 -0.05147092]",1.5387402280055305,1,2
928,1008,2024-09-28 17:03:07.010737152,TASK_BEGIN,23,-0.1314461658434118,0.5282724811139613,-2.237934445263064,0.8465464044623561,-0.92874259863692,0.3385660398865913,1.0234435444086991,-1.6095768663751702,3,2024-09-28 17:03:06.139009033,1727542986.1390097,2024-09-28 17:03:06.139009792,21,2,-22.23763673897422,-461.52770855224065,[0. 0. 1. 0.],[3.91025899e-01 4.02387092e-01 1.77031811e-05 2.06569306e-01],"[-0.35988048 -0.30346066 -3.9654226  -1.55791     1.8495559   0.7965382
  0.          0.         -0.6         0.24011952 -0.05147092]",1.5387402280055305,1,2
929,1009,2024-09-28 17:03:07.938064128,TASK_BEGIN,23,-0.1315412444592983,0.5192989655449999,-2.229154991610504,0.8645573982182786,-0.8977560910097976,0.3280748879358591,0.9254111233396564,-1.5720182192049352,3,2024-09-28 17:03:08.009041992,1727542988.0090425,2024-09-28 17:03:08.009042432,22,0,-2.423454376325182,-13.836663701782983,[1. 0. 0. 0.],[0.43432689 0.10537107 0.09375902 0.36654302],"[-1.0494868e-02  9.8763561e-01 -1.5559682e-01 -2.1308646e-01
  2.9742833e-02  5.8894198e-02  0.0000000e+00  0.0000000e+00
  0.0000000e+00 -1.0494868e-02 -1.2151511e+01]",1.49725641829018,0,0
930,1010,2024-09-28 17:03:08.005847808,TASK_BEGIN,23,-0.132059619032821,0.5065756269205459,-2.216287754908164,0.8847638034383837,-0.8702946525416592,0.315614600728901,0.8417318156587221,-1.5370234403795473,3,2024-09-28 17:03:08.066951904,1727542988.0669527,2024-09-28 17:03:08.066952704,22,0,-2.578629825375401,-18.62481807433362,[1. 0. 0. 0.],[0.40843617 0.09090041 0.09144436 0.40921906],"[ -0.01259748   0.97977877  -0.15567316  -0.2643098    0.03562796
   0.05885942   0.           0.           0.          -0.01259748
 -12.088656  ]",1.4979421265909765,0,0
931,1011,2024-09-28 17:03:08.072704000,TASK_BEGIN,23,-0.1325635322040068,0.489956334912175,-2.203423188890277,0.9081584249706334,-0.8475048210446668,0.3012271415131471,0.778379055274865,-1.506506129302473,3,2024-09-28 17:03:08.155184082,1727542988.1551843,2024-09-28 17:03:08.155184384,22,0,-2.714606624430097,-26.01890027511592,[1. 0. 0. 0.],[0.37371598 0.07295344 0.08595164 0.46737894],"[ -0.01575351   0.964993    -0.15578651  -0.3411469    0.04444937
   0.05880898   0.           0.           0.          -0.01575351
 -11.97037   ]",1.4991913901284273,0,0
932,1012,2024-09-28 17:03:08.141342976,TASK_BEGIN,23,-0.132992302854814,0.4698541089700666,-2.1949597201072417,0.9360328358624784,-0.830758997386318,0.2851596307652282,0.7395138777159626,-1.4822243410434954,3,2024-09-28 17:03:08.213187988,1727542988.2131882,2024-09-28 17:03:08.213188096,22,0,-2.7697013130928383,-30.9880436180134,[1. 0. 0. 0.],[0.3523573  0.06151122 0.0845622  0.50156928],"[ -0.01785874   0.9531355   -0.1558613   -0.392373     0.05032615
   0.05877625   0.           0.           0.          -0.01785874
 -11.87551   ]",1.5000983028313237,0,0
933,1013,2024-09-28 17:03:08.209127936,TASK_BEGIN,23,-0.1337181752404566,0.4471958633228383,-2.194968799523828,0.969672515767526,-0.8216037287078887,0.2678386657054404,0.7277808415794834,-1.465884204497259,3,2024-09-28 17:03:08.271184814,1727542988.271185,2024-09-28 17:03:08.271184896,22,0,-2.808600180360223,-35.94285100263484,[1. 0. 0. 0.],[0.354715   0.06108872 0.08086707 0.50332921],"[ -0.01996525   0.9396777   -0.15593544  -0.4436002    0.05619973
   0.05874406   0.           0.           0.          -0.01996525
 -11.767848  ]",1.5007866830136813,0,0
934,1014,2024-09-28 17:03:08.276859136,TASK_BEGIN,23,-0.135536721867257,0.4233220433299657,-2.206645709674575,1.010039798925931,-0.8216688576622622,0.2498288207037166,0.7445895686188109,-1.4592314494140433,3,2024-09-28 17:03:08.358220215,1727542988.3582203,2024-09-28 17:03:08.358220288,22,0,-2.848236367308118,-43.29971994487718,[1. 0. 0. 0.],[0.3246039  0.0580143  0.12230666 0.49507515],"[ -0.02312684   0.91649044  -0.15604535  -0.5204429    0.06500415
   0.05869693   0.           0.           0.          -0.02312684
 -11.58235   ]",1.5011203911240532,0,0
935,1015,2024-09-28 17:03:08.344593920,TASK_BEGIN,23,-0.1395878357590199,0.3998423131623596,-2.2317764689897093,1.0574761489977127,-0.8325413195271727,0.2317850206137312,0.7901227255643587,-1.464029783700789,3,2024-09-28 17:03:08.417184082,1727542988.417184,2024-09-28 17:03:08.417184000,22,0,-2.86672885691749,-48.13429142673707,[1. 0. 0. 0.],[0.29992538 0.05437101 0.16158419 0.48411942],"[ -0.02523597   0.89903176  -0.15611771  -0.5716727    0.07086997
   0.0586668    0.           0.           0.          -0.02523597
 -11.44268   ]",1.5020275977186366,0,0
936,1016,2024-09-28 17:03:09.287576832,TASK_BEGIN,23,-0.1472081137439014,0.3784544034704299,-2.2701740122050027,1.1114747723916654,-0.8556176143437775,0.2144110086902645,0.8630294058151202,-1.4818869211588412,3,2024-09-28 17:03:09.350876953,1727542989.3508778,2024-09-28 17:03:09.350877696,22,0,-2.9426486232672175,-115.57573852617611,[1. 0. 0. 0.],[0.03715087 0.00139705 0.69142478 0.27002729],"[-0.05888979  0.39999342 -0.15567875 -1.3952614   0.16471158  0.05864943
  0.          0.          0.         -0.05888979 -7.450373  ]",1.5364358944671426,0,0
937,1017,2024-09-28 17:03:09.355333120,TASK_BEGIN,23,-0.1597264559110756,0.3607416976632965,-2.319297524258107,1.170583508858215,-0.8919472326150022,0.1984330113815225,0.9600276388598106,-1.5139866766454526,3,2024-09-28 17:03:09.437860107,1727542989.43786,2024-09-28 17:03:09.437860096,22,0,-2.944288839842983,-120.88629847795636,[1. 0. 0. 0.],[1.59973275e-02 5.25585188e-04 8.99336726e-01 8.41403617e-02],"[-0.06204518  0.3322128  -0.1556763  -1.4720709   0.17350893  0.05864911
  0.          0.          0.         -0.06204518 -6.9081283 ]",1.5414742759009645,0,0
938,1018,2024-09-28 17:03:09.423025920,TASK_BEGIN,23,-0.1782416998622317,0.3479811716759678,-2.374337333871186,1.2324703533485604,-0.942072328538264,0.1845830070856992,1.0757523386811487,-1.5608382481949004,3,2024-09-28 17:03:09.495891113,1727542989.495891,2024-09-28 17:03:09.495891200,22,0,-2.945241552630705,-124.34123691078668,[1. 0. 0. 0.],[8.14048127e-03 2.13127191e-04 9.61477348e-01 3.01690433e-02],"[-0.06414882  0.28502607 -0.15567465 -1.5232773   0.17937382  0.05864903
  0.          0.          0.         -0.06414882 -6.5306344 ]",1.5454344426911073,0,0
939,1019,2024-09-28 17:03:09.490802944,TASK_BEGIN,23,-0.2034459991144178,0.3410021917599968,-2.4288063383643848,1.2941338923293646,-1.0058862784492222,0.1735729457568351,1.2030170785846217,-1.6221062337760896,3,2024-09-28 17:03:09.554857910,1727542989.5548587,2024-09-28 17:03:09.554858752,22,0,-2.9461151484164816,-127.72919011574665,[1. 0. 0. 0.],[5.48931282e-03 1.14441034e-04 9.78868026e-01 1.55282203e-02],"[-0.06625255  0.23623967 -0.1556729  -1.5744836   0.18523867  0.05864869
  0.          0.          0.         -0.06625255 -6.140343  ]",1.5489820399811283,0,0
940,1020,2024-09-28 17:03:09.557879808,TASK_BEGIN,23,-0.2355452472877968,0.3401294668834628,-2.475455664287807,1.3521978553019167,-1.0825465137182335,0.1660464691030572,1.3334079442658409,-1.696511517693078,3,2024-09-28 17:03:09.612890869,1727542989.612892,2024-09-28 17:03:09.612891904,22,0,-2.9468987927421892,-131.05133652651722,[1. 0. 0. 0.],[3.80256760e-03 6.16581630e-05 9.87614669e-01 8.52110501e-03],"[-0.06835628  0.1858536  -0.15567107 -1.6256901   0.19110353  0.05864853
  0.          0.          0.         -0.06835628 -5.7372546 ]",1.5519447397081025,0,0
941,1021,2024-09-28 17:03:09.626211840,TASK_BEGIN,23,-0.2742744211387821,0.345215285656628,-2.50730994346388,1.403237267121061,-1.1704610484140725,0.1625108163288671,1.458032581407927,-1.7817974443548448,3,2024-09-28 17:03:09.703206055,1727542989.7032063,2024-09-28 17:03:09.703206400,22,0,-2.947943649289016,-135.91368462079575,[1. 0. 0. 0.],[2.16039664e-03 2.33019399e-05 9.94433818e-01 3.38248388e-03],"[-0.07151207  0.10727513 -0.15566827 -1.7024997   0.19990084  0.05864834
  0.          0.          0.         -0.07151207 -5.108627  ]",1.5572304692956702,0,0
942,1022,2024-09-28 17:03:09.693466880,TASK_BEGIN,23,-0.3189627212801633,0.355729712457355,-2.5186604772335865,1.4441238859915442,-1.267366213000455,0.1632651530920403,1.568298399366549,-1.874797315341706,3,2024-09-28 17:03:09.762928955,1727542989.7629292,2024-09-28 17:03:09.762929152,22,0,-2.9485629375216433,-139.0763414237271,[1. 0. 0. 0.],[1.36158693e-03 1.15936870e-05 9.96756584e-01 1.87023522e-03],"[-0.07361587  0.0528897  -0.15566632 -1.7537061   0.2057656   0.05864805
  0.          0.          0.         -0.07361587 -4.6735435 ]",1.560594921838534,0,0
943,1023,2024-09-28 17:03:10.614861056,TASK_BEGIN,23,-0.368612858381181,0.3708648366873035,-2.505864921990179,1.4723808951959836,-1.3705176117328075,0.1683499259696705,1.656680286205904,-1.9716287523794545,3,2024-09-28 17:03:10.603704834,1727542990.6037056,2024-09-28 17:03:10.603705600,22,2,-2.616582928964749,-65.91947089044038,[0. 0. 1. 0.],[1.04845836e-02 1.74660329e-04 9.49087108e-04 9.88391669e-01],"[-0.16835093 -0.34893715 -0.9313867  -0.16117504  0.34127805  0.11932126
  0.          0.          0.         -0.16835093 -1.4589286 ]",1.5638148338983793,0,0
944,1024,2024-09-28 17:03:10.682621184,TASK_BEGIN,23,-0.4219887445995167,0.3896287806710612,-2.467861341116894,1.48651568006995,-1.4769715445073806,0.1775377070070129,1.7174139130255257,-2.067989190400114,3,2024-09-28 17:03:10.603704834,1727542990.6037056,2024-09-28 17:03:10.603705600,22,2,-2.616582928964749,-65.91947089044038,[0. 0. 1. 0.],[1.04845836e-02 1.74660329e-04 9.49087108e-04 9.88391669e-01],"[-0.16835093 -0.34893715 -0.9313867  -0.16117504  0.34127805  0.11932126
  0.          0.          0.         -0.16835093 -1.4589286 ]",1.5638148338983793,0,0
945,1025,2024-09-28 17:03:10.749750016,TASK_BEGIN,23,-0.4777052103300545,0.4109261868052285,-2.406424850922196,1.4862958846262777,-1.5838770836140217,0.1903672702787288,1.7468856843473275,-2.1594864637022746,3,2024-09-28 17:03:10.603704834,1727542990.6037056,2024-09-28 17:03:10.603705600,22,2,-2.616582928964749,-65.91947089044038,[0. 0. 1. 0.],[1.04845836e-02 1.74660329e-04 9.49087108e-04 9.88391669e-01],"[-0.16835093 -0.34893715 -0.9313867  -0.16117504  0.34127805  0.11932126
  0.          0.          0.         -0.16835093 -1.4589286 ]",1.5638148338983793,0,0
946,1026,2024-09-28 17:03:10.818179072,TASK_BEGIN,23,-0.5343021365540079,0.4336257578861631,-2.3262023295516125,1.4729133608498248,-1.6887020915954576,0.2062051389185774,1.7434851787454522,-2.2419303979976144,3,2024-09-28 17:03:10.603704834,1727542990.6037056,2024-09-28 17:03:10.603705600,22,2,-2.616582928964749,-65.91947089044038,[0. 0. 1. 0.],[1.04845836e-02 1.74660329e-04 9.49087108e-04 9.88391669e-01],"[-0.16835093 -0.34893715 -0.9313867  -0.16117504  0.34127805  0.11932126
  0.          0.          0.         -0.16835093 -1.4589286 ]",1.5638148338983793,0,0
947,1027,2024-09-28 17:03:10.885000960,TASK_BEGIN,23,-0.5903022757011821,0.456615006125501,-2.234411025542421,1.448950596980913,-1.789355717562748,0.2243130063846954,1.7070410153555529,-2.3115417309585777,3,2024-09-28 17:03:10.603704834,1727542990.6037056,2024-09-28 17:03:10.603705600,22,2,-2.616582928964749,-65.91947089044038,[0. 0. 1. 0.],[1.04845836e-02 1.74660329e-04 9.49087108e-04 9.88391669e-01],"[-0.16835093 -0.34893715 -0.9313867  -0.16117504  0.34127805  0.11932126
  0.          0.          0.         -0.16835093 -1.4589286 ]",1.5638148338983793,0,0
948,1028,2024-09-28 17:03:10.953711872,TASK_BEGIN,23,-0.6442713375696756,0.4788450050840808,-2.1400478137747103,1.4181053510027233,-1.8841983081658584,0.2439066109073724,1.6383154126378157,-2.3650915560232164,3,2024-09-28 17:03:10.603704834,1727542990.6037056,2024-09-28 17:03:10.603705600,22,2,-2.616582928964749,-65.91947089044038,[0. 0. 1. 0.],[1.04845836e-02 1.74660329e-04 9.49087108e-04 9.88391669e-01],"[-0.16835093 -0.34893715 -0.9313867  -0.16117504  0.34127805  0.11932126
  0.          0.          0.         -0.16835093 -1.4589286 ]",1.5638148338983793,0,0
949,1029,2024-09-28 17:03:11.013001984,TASK_BEGIN,23,-0.6948913388531033,0.499370656810239,-2.05269209240949,1.3847393468511753,-1.9719610844206457,0.2642075662408373,1.5389300935666972,-2.4000138144433465,3,2024-09-28 17:03:10.603704834,1727542990.6037056,2024-09-28 17:03:10.603705600,22,2,-2.616582928964749,-65.91947089044038,[0. 0. 1. 0.],[1.04845836e-02 1.74660329e-04 9.49087108e-04 9.88391669e-01],"[-0.16835093 -0.34893715 -0.9313867  -0.16117504  0.34127805  0.11932126
  0.          0.          0.         -0.16835093 -1.4589286 ]",1.5638148338983793,0,0
950,1030,2024-09-28 17:03:11.962518016,TASK_BEGIN,23,-0.7410426600547964,0.5173950322977302,-1.9812310621604632,1.353382102119138,-2.0516321308975565,0.2844945762011047,1.4116689114494532,-2.4144981787727664,3,2024-09-28 17:03:11.687607910,1727542991.6876082,2024-09-28 17:03:11.687608320,22,1,-17.72466871692391,-64.2298528174234,[0. 1. 0. 0.],[7.83650905e-01 3.79051610e-04 5.17874162e-03 2.10791302e-01],"[-0.42983878 -0.53606915 -1.0463881  -0.3393225   0.15125039  0.97452784
  0.          0.          0.         -0.42983878  0.03812737]",1.56735094641273,1,2
951,1031,2024-09-28 17:03:12.031051008,TASK_BEGIN,23,-0.7818833189834433,0.5323224443960913,-1.932782039915968,1.3282691709588716,-2.1223653022228826,0.304147874221702,1.260851812471866,-2.407547482053519,3,2024-09-28 17:03:11.687607910,1727542991.6876082,2024-09-28 17:03:11.687608320,22,1,-17.72466871692391,-64.2298528174234,[0. 1. 0. 0.],[7.83650905e-01 3.79051610e-04 5.17874162e-03 2.10791302e-01],"[-0.42983878 -0.53606915 -1.0463881  -0.3393225   0.15125039  0.97452784
  0.          0.          0.         -0.42983878  0.03812737]",1.56735094641273,1,2
952,1032,2024-09-28 17:03:12.097735936,TASK_BEGIN,23,-0.8169074082268086,0.5438081222321474,-1.911884843673724,1.3129185999868016,-2.1834374220862216,0.3226731583037084,1.0925375408449929,-2.379029293602989,3,2024-09-28 17:03:11.687607910,1727542991.6876082,2024-09-28 17:03:11.687608320,22,1,-17.72466871692391,-64.2298528174234,[0. 1. 0. 0.],[7.83650905e-01 3.79051610e-04 5.17874162e-03 2.10791302e-01],"[-0.42983878 -0.53606915 -1.0463881  -0.3393225   0.15125039  0.97452784
  0.          0.          0.         -0.42983878  0.03812737]",1.56735094641273,1,2
953,1033,2024-09-28 17:03:12.166448896,TASK_BEGIN,23,-0.845959471577225,0.5517797381263395,-1.9200162883156195,1.3097708209361805,-2.2342551576346708,0.3397007043497517,0.9144631057882152,-2.3297616312290463,3,2024-09-28 17:03:11.687607910,1727542991.6876082,2024-09-28 17:03:11.687608320,22,1,-17.72466871692391,-64.2298528174234,[0. 1. 0. 0.],[7.83650905e-01 3.79051610e-04 5.17874162e-03 2.10791302e-01],"[-0.42983878 -0.53606915 -1.0463881  -0.3393225   0.15125039  0.97452784
  0.          0.          0.         -0.42983878  0.03812737]",1.56735094641273,1,2
954,1034,2024-09-28 17:03:12.234176000,TASK_BEGIN,23,-0.8691996048102552,0.5564186769314574,-1.9555572205696132,1.3199726821428135,-2.274409683573408,0.3549708521689518,0.7357316765267996,-2.261593900097986,3,2024-09-28 17:03:11.687607910,1727542991.6876082,2024-09-28 17:03:11.687608320,22,1,-17.72466871692391,-64.2298528174234,[0. 1. 0. 0.],[7.83650905e-01 3.79051610e-04 5.17874162e-03 2.10791302e-01],"[-0.42983878 -0.53606915 -1.0463881  -0.3393225   0.15125039  0.97452784
  0.          0.          0.         -0.42983878  0.03812737]",1.56735094641273,1,2
955,1035,2024-09-28 17:03:12.301902080,TASK_BEGIN,23,-0.8870473918241648,0.5581147015558504,-2.014254534452585,1.3433600308399567,-2.303778029829124,0.3683253013470838,0.5662786654435078,-2.177396223844376,3,2024-09-28 17:03:11.687607910,1727542991.6876082,2024-09-28 17:03:11.687608320,22,1,-17.72466871692391,-64.2298528174234,[0. 1. 0. 0.],[7.83650905e-01 3.79051610e-04 5.17874162e-03 2.10791302e-01],"[-0.42983878 -0.53606915 -1.0463881  -0.3393225   0.15125039  0.97452784
  0.          0.          0.         -0.42983878  0.03812737]",1.56735094641273,1,2
956,1036,2024-09-28 17:03:12.369629952,TASK_BEGIN,23,-0.9001334759559803,0.5574141034777179,-2.090030066383848,1.3786188498726184,-2.322653268920709,0.3797152731502576,0.4161570543681558,-2.0809297950949075,3,2024-09-28 17:03:11.687607910,1727542991.6876082,2024-09-28 17:03:11.687608320,22,1,-17.72466871692391,-64.2298528174234,[0. 1. 0. 0.],[7.83650905e-01 3.79051610e-04 5.17874162e-03 2.10791302e-01],"[-0.42983878 -0.53606915 -1.0463881  -0.3393225   0.15125039  0.97452784
  0.          0.          0.         -0.42983878  0.03812737]",1.56735094641273,1,2
957,1037,2024-09-28 17:03:13.312360192,TASK_BEGIN,23,-0.9092545152534,0.5549665232748879,-2.175901676764131,1.4235577479375616,-2.331851394331244,0.3892158974297857,0.2948003108794646,-1.9766441106893,3,2024-09-28 17:03:12.421607910,1727542992.4216087,2024-09-28 17:03:12.421608704,22,0,-6.527549618122009,-125.64657416023297,[1. 0. 0. 0.],[7.03609803e-01 2.17499697e-01 4.92159241e-08 7.88904506e-02],"[-5.9759521e-01 -5.2941388e-01 -8.1529337e-01 -8.0668899e-05
  1.0887071e+00  1.2444816e+00  0.0000000e+00  0.0000000e+00
  0.0000000e+00 -5.9759521e-01 -1.5114835e-02]",1.4969471406633983,1,2
958,1038,2024-09-28 17:03:13.380153856,TASK_BEGIN,23,-0.9153105075427636,0.5514661380872543,-2.264823484841745,1.4754132025005229,-2.3327322530812324,0.3970219285110992,0.21042083602449,-1.8694268460339931,3,2024-09-28 17:03:12.481610107,1727542992.4816103,2024-09-28 17:03:12.481610240,22,3,-5.793489454326286,-134.77069423757573,[0. 0. 0. 1.],[6.69021332e-01 2.79855126e-01 2.51585081e-08 5.11235165e-02],"[-0.6082682  -0.5286286  -0.801487   -0.03649914  1.2076436   1.1714137
  0.          0.          0.         -0.6082682  -0.02139693]",1.3737966616675814,1,2
959,1039,2024-09-28 17:03:13.447988992,TASK_BEGIN,23,-0.9192134085574962,0.5475880053385065,-2.350347473476844,1.5311346503545875,-2.3271190109376336,0.403411266271074,0.1694693796502078,-1.764281826275337,3,2024-09-28 17:03:12.780723145,1727542992.780724,2024-09-28 17:03:12.780723968,22,3,-65.7946613580313,-232.49961470771515,[0. 0. 0. 1.],[6.68031234e-01 1.72199305e-01 8.64153086e-10 1.59769460e-01],"[-0.65895027 -0.53577757 -0.39344743  0.17169856  1.6586881   0.35105667
  0.          0.          0.         -0.65895027  0.03579492]",1.3712513681198715,1,2
960,1040,2024-09-28 17:03:13.515676928,TASK_BEGIN,23,-0.9217696986277116,0.5439277315547134,-2.427074233971268,1.5876373324027515,-2.317159865327436,0.4086907938813788,0.1760283565169793,-1.6659583904706716,3,2024-09-28 17:03:12.780723145,1727542992.780724,2024-09-28 17:03:12.780723968,22,3,-65.7946613580313,-232.49961470771515,[0. 0. 0. 1.],[6.68031234e-01 1.72199305e-01 8.64153086e-10 1.59769460e-01],"[-0.65895027 -0.53577757 -0.39344743  0.17169856  1.6586881   0.35105667
  0.          0.          0.         -0.65895027  0.03579492]",1.3712513681198715,1,2
961,1041,2024-09-28 17:03:13.583458048,TASK_BEGIN,23,-0.9235501597431888,0.5409537998334709,-2.490891382284016,1.6420200752733614,-2.305175018844114,0.4131515718781935,0.2312580405675093,-1.5786339158547995,3,2024-09-28 17:03:12.780723145,1727542992.780724,2024-09-28 17:03:12.780723968,22,3,-65.7946613580313,-232.49961470771515,[0. 0. 0. 1.],[6.68031234e-01 1.72199305e-01 8.64153086e-10 1.59769460e-01],"[-0.65895027 -0.53577757 -0.39344743  0.17169856  1.6586881   0.35105667
  0.          0.          0.         -0.65895027  0.03579492]",1.3712513681198715,1,2
962,1042,2024-09-28 17:03:13.642958080,TASK_BEGIN,23,-0.9247690725563112,0.5389769576006547,-2.539060721843194,1.6917379642604715,-2.293486157633931,0.4170438751008513,0.333132565074018,-1.505713221870713,3,2024-09-28 17:03:12.780723145,1727542992.780724,2024-09-28 17:03:12.780723968,22,3,-65.7946613580313,-232.49961470771515,[0. 0. 0. 1.],[6.68031234e-01 1.72199305e-01 8.64153086e-10 1.59769460e-01],"[-0.65895027 -0.53577757 -0.39344743  0.17169856  1.6586881   0.35105667
  0.          0.          0.         -0.65895027  0.03579492]",1.3712513681198715,1,2
963,1044,2024-09-28 17:03:14.662758912,TASK_BEGIN,23,-0.9242193082718254,0.5384031408714253,-2.584274197546672,1.769404306281524,-2.2790636334891405,0.423849722348035,0.654017840617985,-1.4122433302205673,3,2024-09-28 17:03:14.718246094,1727542994.718247,2024-09-28 17:03:14.718246912,23,0,-2.4933425359816397,-12.227477507850224,[1. 0. 0. 0.],[0.44146947 0.25131537 0.05308282 0.25413234],"[-7.0464611e-03  9.9049222e-01 -8.0403075e-02 -2.1483202e-01
  1.9949814e-02  3.0385772e-02  0.0000000e+00  0.0000000e+00
 -6.0000002e-01  5.9295356e-01 -1.0381263e+01]",1.4925899640406852,0,0
964,1045,2024-09-28 17:03:14.725788160,TASK_BEGIN,23,-0.9208650724272812,0.539608388136943,-2.582057677918192,1.7947130267873956,-2.27914691891782,0.4269792824714307,0.8561834723132046,-1.3939401069677138,3,2024-09-28 17:03:14.807326172,1727542994.8073263,2024-09-28 17:03:14.807326208,23,0,-2.574600342623924,-19.446510687034465,[1. 0. 0. 0.],[0.44156608 0.2687752  0.07207928 0.21757944],"[-8.6762905e-03  9.7802222e-01 -8.0461606e-02 -2.9166147e-01
  2.4503713e-02  3.0360609e-02  0.0000000e+00  0.0000000e+00
 -6.0000002e-01  5.9132373e-01 -1.0281503e+01]",1.4953140674053056,0,0
965,1046,2024-09-28 17:03:14.798338816,TASK_BEGIN,23,-0.9141264531019976,0.5414891894778663,-2.564948050589004,1.809986631094175,-2.284836950204073,0.4299792905104547,1.0729535748914347,-1.394555788849714,3,2024-09-28 17:03:14.866738037,1727542994.8667383,2024-09-28 17:03:14.866738432,23,0,-2.6020343757500797,-24.22558872625558,[1. 0. 0. 0.],[0.41234626 0.27031189 0.10302082 0.21432103],"[-9.7634792e-03  9.6770835e-01 -8.0500253e-02 -3.4288213e-01
  2.7537599e-02  3.0344328e-02  0.0000000e+00  0.0000000e+00
 -6.0000002e-01  5.9023654e-01 -1.0198992e+01]",1.4971756771152644,0,0
966,1047,2024-09-28 17:03:14.866120192,TASK_BEGIN,23,-0.9031763594472972,0.5437450927693346,-2.534536047507852,1.8149802317722368,-2.295664985948373,0.432824379051055,1.2938903190846354,-1.4129323767703226,3,2024-09-28 17:03:14.928205078,1727542994.9282057,2024-09-28 17:03:14.928205824,23,0,-2.619623888860488,-28.948727402868457,[1. 0. 0. 0.],[0.38181374 0.25955522 0.14407679 0.21455426],"[ -0.0108513    0.955794    -0.08053857  -0.3941036    0.03056987
   0.03032822   0.           0.          -0.6          0.5891487
 -10.103677  ]",1.4988946618492272,0,0
967,1048,2024-09-28 17:03:14.933860096,TASK_BEGIN,23,-0.8876260708179794,0.5460900895062272,-2.49251079170724,1.8098854646735525,-2.310299800736465,0.4354404018771212,1.5085266978595908,-1.4470008900770832,3,2024-09-28 17:03:14.988157959,1727542994.9881587,2024-09-28 17:03:14.988158720,23,0,-2.6315337039511064,-33.60402990922823,[1. 0. 0. 0.],[0.34984625 0.23165274 0.19384867 0.22465233],"[-0.01193968  0.94227886 -0.08057657 -0.44532573  0.03360056  0.03031243
  0.          0.         -0.6         0.5880603  -9.995556  ]",1.501031447958776,0,0
968,1049,2024-09-28 17:03:15.000898048,TASK_BEGIN,23,-0.867689806219775,0.5482933439566495,-2.440705835384193,1.7953389335950254,-2.3266918732236714,0.4377217082426273,1.706700840336406,-1.493842093008641,3,2024-09-28 17:03:15.075591064,1727542995.0755916,2024-09-28 17:03:15.075591680,23,0,-3.0630734889289215,-40.86622336513013,[1. 0. 0. 0.],[0.28529173 0.17097656 0.30667641 0.2370553 ],"[-0.01357158  0.9189384  -0.08039807 -0.52644205  0.03814417  0.03028869
  0.          0.         -0.6         0.5864284  -9.808832  ]",1.505741752127756,0,0
969,1050,2024-09-28 17:03:15.069114880,TASK_BEGIN,23,-0.8442071752516078,0.5502014134262442,-2.381234344052297,1.7724260712045656,-2.34239084306554,0.4395637973392586,1.8791703354095577,-1.5498876227069838,3,2024-09-28 17:03:15.134740967,1727542995.1347413,2024-09-28 17:03:15.134741248,23,0,-2.6480512460766192,-45.32016478077972,[1. 0. 0. 0.],[0.22625013 0.13146606 0.42000989 0.22227391],"[-0.0146575   0.90128887 -0.08039796 -0.5776438   0.04117304  0.03028858
  0.          0.         -0.6         0.5853425  -9.667636  ]",1.5101898954687578,0,0
970,1051,2024-09-28 17:03:16.012247040,TASK_BEGIN,23,-0.8185070471820856,0.551735724783045,-2.316667368356357,1.742705199368706,-2.3549383954541963,0.4408971017144144,2.018447401040678,-1.6112364247086983,3,2024-09-28 17:03:16.069083984,1727542996.0690846,2024-09-28 17:03:16.069084672,23,0,-2.669898249067785,-106.1269547576282,[1. 0. 0. 0.],[3.96942651e-03 5.36310723e-04 9.94320043e-01 1.17421995e-03],"[-0.03203313  0.40130818 -0.08039527 -1.3968711   0.0896343   0.0302879
  0.          0.         -0.6         0.5679669  -5.6677904 ]",1.5629673445396484,0,0
971,1052,2024-09-28 17:03:16.079461120,TASK_BEGIN,23,-0.7921614471516485,0.552869040702856,-2.250204539982781,1.7082056910095518,-2.362207592064328,0.4417058799560381,2.1195909742928696,-1.67398782661904,3,2024-09-28 17:03:16.157279053,1727542996.1572793,2024-09-28 17:03:16.157279232,23,0,-2.6703605150829617,-110.90567592698217,[1. 0. 0. 0.],[1.74330823e-03 1.84995228e-04 9.97656695e-01 4.15001822e-04],"[-0.03366224  0.33343613 -0.08039493 -1.4736736   0.09417752  0.03028792
  0.          0.         -0.6         0.56633776 -5.124814  ]",1.5650132972296804,0,0
972,1053,2024-09-28 17:03:16.147485184,TASK_BEGIN,23,-0.7667167949982175,0.5535958828647568,-2.1857408008174923,1.6713263512067882,-2.362616790747556,0.4420277554154885,2.1806899611466006,-1.7345200471931026,3,2024-09-28 17:03:16.215279053,1727542996.2152798,2024-09-28 17:03:16.215279872,23,0,-2.6706858640741302,-114.01316398545612,[1. 0. 0. 0.],[1.08327773e-03 9.31797206e-05 9.98576838e-01 2.46705036e-04],"[-0.03474824  0.28618824 -0.08039469 -1.5248755   0.0972063   0.03028787
  0.          0.         -0.6         0.56525177 -4.746831  ]",1.5659912373931504,0,0
973,1054,2024-09-28 17:03:16.208946944,TASK_BEGIN,23,-0.7434750530115574,0.5539092262180714,-2.1277071454603096,1.6346269643652718,-2.3552208047151844,0.4419416413608488,2.202923688541692,-1.7897237807967503,3,2024-09-28 17:03:16.215279053,1727542996.2152798,2024-09-28 17:03:16.215279872,23,0,-2.6706858640741302,-114.01316398545612,[1. 0. 0. 0.],[1.08327773e-03 9.31797206e-05 9.98576838e-01 2.46705036e-04],"[-0.03474824  0.28618824 -0.08039469 -1.5248755   0.0972063   0.03028787
  0.          0.         -0.6         0.56525177 -4.746831  ]",1.5659912373931504,0,0
974,1055,2024-09-28 17:03:16.283660032,TASK_BEGIN,23,-0.7233605934029066,0.5537849644859827,-2.0806680045464745,1.600577929957567,-2.339716216999168,0.4415537293449776,2.1902700632666328,-1.8372240716077264,3,2024-09-28 17:03:16.215279053,1727542996.2152798,2024-09-28 17:03:16.215279872,23,0,-2.6706858640741302,-114.01316398545612,[1. 0. 0. 0.],[1.08327773e-03 9.31797206e-05 9.98576838e-01 2.46705036e-04],"[-0.03474824  0.28618824 -0.08039469 -1.5248755   0.0972063   0.03028787
  0.          0.         -0.6         0.56525177 -4.746831  ]",1.5659912373931504,0,0
975,1056,2024-09-28 17:03:16.350863104,TASK_BEGIN,23,-0.7068825626832627,0.5531742243954548,-2.0488457701827776,1.571333879855789,-2.31639641898225,0.4409850626565397,2.1489960913026778,-1.8755648191639849,3,2024-09-28 17:03:16.215279053,1727542996.2152798,2024-09-28 17:03:16.215279872,23,0,-2.6706858640741302,-114.01316398545612,[1. 0. 0. 0.],[1.08327773e-03 9.31797206e-05 9.98576838e-01 2.46705036e-04],"[-0.03474824  0.28618824 -0.08039469 -1.5248755   0.0972063   0.03028787
  0.          0.         -0.6         0.56525177 -4.746831  ]",1.5659912373931504,0,0
976,1057,2024-09-28 17:03:16.419204864,TASK_BEGIN,23,-0.6941750419720359,0.5520076764278118,-2.0357748032511944,1.548553366596803,-2.2860813693681563,0.4403590387451208,2.0869838421611586,-1.904286596850252,3,2024-09-28 17:03:16.215279053,1727542996.2152798,2024-09-28 17:03:16.215279872,23,0,-2.6706858640741302,-114.01316398545612,[1. 0. 0. 0.],[1.08327773e-03 9.31797206e-05 9.98576838e-01 2.46705036e-04],"[-0.03474824  0.28618824 -0.08039469 -1.5248755   0.0972063   0.03028787
  0.          0.         -0.6         0.56525177 -4.746831  ]",1.5659912373931504,0,0
977,1058,2024-09-28 17:03:17.362541056,TASK_BEGIN,23,-0.6850716695971374,0.550211545243652,-2.0441398053280646,1.5332786508829803,-2.2500324057037298,0.439787063420249,2.012910996999202,-1.923864462978701,3,2024-09-28 17:03:17.394551025,1727542997.3945518,2024-09-28 17:03:17.394551808,23,0,7.773354873980281,-14.22689899674398,[1. 0. 0. 0.],[0.15598274 0.00928949 0.44974918 0.38497859],"[-0.11010758 -0.11557126 -0.36864898 -0.52212155  0.19950016  0.06259537
  0.          1.         -0.6         0.48989242 -1.5327549 ]",1.5543743458368593,0,0
978,1059,2024-09-28 17:03:17.430351104,TASK_BEGIN,23,-0.6791764949141358,0.5477278215708503,-2.0757417551114687,1.525917612414195,-2.2098460059502165,0.4393552940796125,1.9353991971029696,-1.9355262929124588,3,2024-09-28 17:03:17.394551025,1727542997.3945518,2024-09-28 17:03:17.394551808,23,0,7.773354873980281,-14.22689899674398,[1. 0. 0. 0.],[0.15598274 0.00928949 0.44974918 0.38497859],"[-0.11010758 -0.11557126 -0.36864898 -0.52212155  0.19950016  0.06259537
  0.          1.         -0.6         0.48989242 -1.5327549 ]",1.5543743458368593,0,0
979,1060,2024-09-28 17:03:17.498110976,TASK_BEGIN,23,-0.6759181379020108,0.5445317592585345,-2.1315142796439197,1.526359481854041,-2.167314481951579,0.4391193276024357,1.8622727769297056,-1.9409820284827275,3,2024-09-28 17:03:17.394551025,1727542997.3945518,2024-09-28 17:03:17.394551808,23,0,7.773354873980281,-14.22689899674398,[1. 0. 0. 0.],[0.15598274 0.00928949 0.44974918 0.38497859],"[-0.11010758 -0.11557126 -0.36864898 -0.52212155  0.19950016  0.06259537
  0.          1.         -0.6         0.48989242 -1.5327549 ]",1.5543743458368593,0,0
980,1061,2024-09-28 17:03:17.565841920,TASK_BEGIN,23,-0.6745933856679451,0.5406431183274731,-2.2115014486591265,1.534187060328551,-2.1242512523477437,0.4391086386320448,1.7999851163710372,-1.9421096692555528,3,2024-09-28 17:03:17.394551025,1727542997.3945518,2024-09-28 17:03:17.394551808,23,0,7.773354873980281,-14.22689899674398,[1. 0. 0. 0.],[0.15598274 0.00928949 0.44974918 0.38497859],"[-0.11010758 -0.11557126 -0.36864898 -0.52212155  0.19950016  0.06259537
  0.          1.         -0.6         0.48989242 -1.5327549 ]",1.5543743458368593,0,0
981,1062,2024-09-28 17:03:17.633613056,TASK_BEGIN,23,-0.6744182313845547,0.5361294823327323,-2.3147497098180176,1.5488800891022962,-2.0823029553133336,0.4393357918966512,1.7532452140939054,-1.940698027956928,3,2024-09-28 17:03:17.394551025,1727542997.3945518,2024-09-28 17:03:17.394551808,23,0,7.773354873980281,-14.22689899674398,[1. 0. 0. 0.],[0.15598274 0.00928949 0.44974918 0.38497859],"[-0.11010758 -0.11557126 -0.36864898 -0.52212155  0.19950016  0.06259537
  0.          1.         -0.6         0.48989242 -1.5327549 ]",1.5543743458368593,0,0
982,1063,2024-09-28 17:03:17.701398016,TASK_BEGIN,23,-0.6746009310620605,0.5311034220123177,-2.439188680013057,1.5699122322695551,-2.0427991615356422,0.439808791257307,1.724911199411368,-1.9383339759788547,3,2024-09-28 17:03:17.394551025,1727542997.3945518,2024-09-28 17:03:17.394551808,23,0,7.773354873980281,-14.22689899674398,[1. 0. 0. 0.],[0.15598274 0.00928949 0.44974918 0.38497859],"[-0.11010758 -0.11557126 -0.36864898 -0.52212155  0.19950016  0.06259537
  0.          1.         -0.6         0.48989242 -1.5327549 ]",1.5543743458368593,0,0
983,1064,2024-09-28 17:03:17.769169152,TASK_BEGIN,23,-0.6744285707798068,0.5257165911180653,-2.5815991664640223,1.5967227262544297,-2.006684296005899,0.4405475390128574,1.716156608211849,-1.9363945172431511,3,2024-09-28 17:03:17.394551025,1727542997.3945518,2024-09-28 17:03:17.394551808,23,0,7.773354873980281,-14.22689899674398,[1. 0. 0. 0.],[0.15598274 0.00928949 0.44974918 0.38497859],"[-0.11010758 -0.11557126 -0.36864898 -0.52212155  0.19950016  0.06259537
  0.          1.         -0.6         0.48989242 -1.5327549 ]",1.5543743458368593,0,0
984,1065,2024-09-28 17:03:18.686454016,TASK_BEGIN,23,-0.6733449419290188,0.5201507770029757,-2.737642070979564,1.628607932523663,-1.974521426092651,0.4415969291262524,1.7267625123678998,-1.9360075549441051,3,2024-09-28 17:03:18.767939209,1727542998.7679398,2024-09-28 17:03:18.767939840,23,0,-1.351454831688443,-19.87545567453953,[1. 0. 0. 0.],[0.40249165 0.07589645 0.21571128 0.30590062],"[-0.25747395 -0.18663532 -0.61903644 -0.1487856   0.41333613  0.15096873
  1.          1.         -0.6         0.34252605 -0.96424246]",1.5449262668535912,0,0
985,1066,2024-09-28 17:03:18.754259968,TASK_BEGIN,23,-0.6710057261087593,0.514606685087724,-2.9018828746898944,1.6645974747623915,-1.9465185564365253,0.4430249493879474,1.7553087003432863,-1.9378975966605136,3,2024-09-28 17:03:18.825934814,1727542998.8259351,2024-09-28 17:03:18.825935104,23,0,-1.3751919219416493,-22.204702865604343,[1. 0. 0. 0.],[0.42009207 0.07086201 0.16329247 0.34575346],"[-0.2660916  -0.1912936  -0.63464403 -0.15323195  0.42873695  0.15502843
  1.          1.         -0.6         0.3339084  -0.9269762 ]",1.5466460644612463,0,0
986,1067,2024-09-28 17:03:18.822045184,TASK_BEGIN,23,-0.6673066008052637,0.5092958183513537,-3.06786886927809,1.7033870228089478,-1.9225572305732943,0.4449042304500802,1.7991827187840408,-1.9421749838560567,3,2024-09-28 17:03:18.883939941,1727542998.8839407,2024-09-28 17:03:18.883940608,23,0,-1.3997739533460276,-24.536096923392222,[1. 0. 0. 0.],[0.45017293 0.08302874 0.11197315 0.35482518],"[-0.2749242  -0.19608665 -0.65033084 -0.15775341  0.44454965  0.15916608
  1.          1.         -0.6         0.3250758  -0.8886318 ]",1.5482039047668412,0,0
987,1068,2024-09-28 17:03:18.882095104,TASK_BEGIN,23,-0.6623841529636376,0.5044399124462875,-3.228389270393119,1.7433813290200852,-1.902247265574193,0.447287693717639,1.8545895631846312,-1.948215701710628,3,2024-09-28 17:03:18.942935059,1727542998.9429355,2024-09-28 17:03:18.942935552,23,0,-1.4253281015872403,-26.871457762814998,[1. 0. 0. 0.],[0.47702796 0.09891307 0.07352614 0.35053283],"[-0.28397274 -0.20101655 -0.666099   -0.16235323  0.4607824   0.16338941
  1.          1.         -0.6         0.31602725 -0.8491926 ]",1.5497178763765183,0,0
988,1069,2024-09-28 17:03:18.957546752,TASK_BEGIN,23,-0.656592986500192,0.5002769876668968,-3.375962815220677,1.7828363506202465,-1.885026177588036,0.4501931693604584,1.9167843488691527,-1.9547224454699728,3,2024-09-28 17:03:19.030936035,1727542999.030936,2024-09-28 17:03:19.030936064,23,0,-1.4656292848006842,-30.386278910515454,[1. 0. 0. 0.],[0.50497208 0.12517115 0.03724977 0.33260701],"[-0.29795313 -0.20867288 -0.6899092  -0.16940852  0.4859397   0.16990435
  1.          1.         -0.6         0.30204687 -0.78794193]",1.5520763797990471,0,0
989,1070,2024-09-28 17:03:19.022120960,TASK_BEGIN,23,-0.6504620677374878,0.4970692604069207,-3.5034778441037617,1.8200315484771412,-1.8702885224556047,0.4536058623976807,1.98050797090916,-1.9599309919811028,3,2024-09-28 17:03:19.089934082,1727542999.0899348,2024-09-28 17:03:19.089934848,23,0,-1.49387474999466,-32.740284194583076,[1. 0. 0. 0.],[0.51705407 0.14382522 0.02203747 0.31708323],"[-0.30754694 -0.21395493 -0.7058903  -0.17422119  0.5032652   0.1743812
  1.          1.         -0.6         0.29245308 -0.7456856 ]",1.5541375110213573,0,0
990,1071,2024-09-28 17:03:19.092445952,TASK_BEGIN,23,-0.6446320866133215,0.4951049278601436,-3.6048790916315374,1.8534115540629708,-1.8575080908397343,0.4574933108882741,2.0404452412732783,-1.961876907874956,3,2024-09-28 17:03:19.118963867,1727542999.1189644,2024-09-28 17:03:19.118964480,23,0,-11.159244224129395,-43.57212557676664,[1. 0. 0. 0.],[0.51948971 0.15131975 0.0170447  0.31214583],"[-0.31240335 -0.2169376  -0.7079236  -0.19406544  0.5100018   0.13473181
  0.          1.         -0.6         0.28759664 -0.72182417]",1.5545034450930806,0,0
991,1072,2024-09-28 17:03:20.029783808,TASK_BEGIN,23,-0.6397812226988753,0.4946837827563584,-3.675810115334502,1.88168015938542,-1.846304293257356,0.4618165319183663,2.091628404356036,-1.9586749661590617,3,2024-09-28 17:03:19.118963867,1727542999.1189644,2024-09-28 17:03:19.118964480,23,0,-11.159244224129395,-43.57212557676664,[1. 0. 0. 0.],[0.51948971 0.15131975 0.0170447  0.31214583],"[-0.31240335 -0.2169376  -0.7079236  -0.19406544  0.5100018   0.13473181
  0.          1.         -0.6         0.28759664 -0.72182417]",1.5545034450930806,0,0
992,1073,2024-09-28 17:03:20.101980928,TASK_BEGIN,23,-0.6365535052253593,0.4960818071920523,-3.714085509734053,1.9038400803425728,-1.836413140631379,0.4665250680197396,2.1298305622110143,-1.9488007274468373,3,2024-09-28 17:03:19.205967041,1727542999.205968,2024-09-28 17:03:19.205967872,23,0,-0.6977088901107891,-44.81187594440602,[1. 0. 0. 0.],[0.21639015 0.01129287 0.00376473 0.76855225],"[-0.32716814 -0.22781813 -0.7143042  -0.2530144   0.5181254   0.0135991
  0.          1.         -0.6         0.27283186 -0.63477993]",1.5467882863175233,0,0
993,1074,2024-09-28 17:03:20.171667968,TASK_BEGIN,23,-0.6354988757008178,0.4995017162576159,-3.71984557110039,1.919171715581809,-1.827572871051473,0.4715379976751639,2.151977081184948,-1.9313842344195968,3,2024-09-28 17:03:19.264964111,1727542999.2649646,2024-09-28 17:03:19.264964608,23,0,-0.37579960837251747,-44.82808038154029,[1. 0. 0. 0.],[0.40203289 0.03969383 0.01191152 0.54636176],"[-0.33717597 -0.23667777 -0.7186326  -0.2921557   0.5133789  -0.06780832
  0.          1.         -0.6         0.26282403 -0.56390285]",1.5410047733901482,0,0
994,1075,2024-09-28 17:03:20.239387904,TASK_BEGIN,23,-0.6370208328939826,0.5050239376631712,-3.695363225616751,1.9271859171753771,-1.8193885047186915,0.476721382839364,2.156537705534201,-1.906517355168926,3,2024-09-28 17:03:19.351970947,1727542999.3519716,2024-09-28 17:03:19.351971584,23,0,10.109087313847908,-33.647814866889966,[1. 0. 0. 0.],[0.62367582 0.16562368 0.0590099  0.15169059],"[-0.35243282 -0.2523815  -0.72490275 -0.3513175   0.49111095 -0.18843886
  1.          1.         -0.6         0.24756719 -0.43827298]",1.5364505703127551,0,0
995,1076,2024-09-28 17:03:20.298091776,TASK_BEGIN,23,-0.6413234733521549,0.5125690974152171,-3.644621739226566,1.9275983807070376,-1.811239857961384,0.4818696501484422,2.143757516543756,-1.8754926452283072,3,2024-09-28 17:03:19.438939209,1727542999.4389393,2024-09-28 17:03:19.438939392,23,0,1.2237206311226316,-30.04534187157138,[1. 0. 0. 0.],[0.3265744  0.13792838 0.22014675 0.31535047],"[-3.6789703e-01 -2.5629735e-01 -7.3264807e-01  9.9977152e-04
  4.4368133e-01 -3.2040635e-01  1.0000000e+00  0.0000000e+00
 -6.0000002e-01  2.3210296e-01 -4.0694621e-01]",1.5321073871535702,0,0
996,1077,2024-09-28 17:03:20.372577792,TASK_BEGIN,23,-0.6483607468762411,0.5218764540182773,-3.572773998957071,1.9203075470015991,-1.8022480559008984,0.4866931058177743,2.1155211456890477,-1.8408209891743608,3,2024-09-28 17:03:19.467937988,1727542999.467938,2024-09-28 17:03:19.467938048,23,0,2.2732898584325767,-27.47159859442309,[1. 0. 0. 0.],[0.35152262 0.15421461 0.08804197 0.4062208 ],"[-0.37312484 -0.25685972 -0.7292269  -0.02871491  0.4256727  -0.36042422
  1.          0.         -0.6         0.22687516 -0.40244725]",1.528805643205947,0,0
997,1078,2024-09-28 17:03:20.442548992,TASK_BEGIN,23,-0.6578071479809809,0.5325018117925493,-3.485543456135728,1.9053354519960448,-1.7912793827128783,0.4908135891950334,2.07480778498961,-1.8059562199088088,3,2024-09-28 17:03:19.675562988,1727542999.6755636,2024-09-28 17:03:19.675563520,23,0,11.201515110376363,-11.105900654962447,[1. 0. 0. 0.],[0.05308417 0.0172908  0.59472119 0.33490384],"[-0.40945145 -0.26947147 -0.72483265 -0.11158881  0.29083768 -0.39136928
  1.          0.         -0.6         0.19054855 -0.30155328]",1.509361798792036,0,0
998,1079,2024-09-28 17:03:21.357351168,TASK_BEGIN,23,-0.6690755299928405,0.5438388883453388,-3.3886859453048177,1.8827667689913483,-1.776980629183906,0.493775016708589,2.0249640805937976,-1.7748164366254422,3,2024-09-28 17:03:21.426053955,1727543001.4260547,2024-09-28 17:03:21.426054656,23,3,-0.9091564171839741,58.46542288874762,[0. 0. 0. 1.],[0.50996203 0.2476177  0.00573225 0.23668802],"[-5.7364875e-01 -3.0228144e-01  4.2777263e-02  9.5527533e-09
  7.5144089e-05  7.8985591e-09  0.0000000e+00  0.0000000e+00
 -6.0000002e-01  2.6351269e-02 -3.9073497e-02]",1.5122080293278686,0,0
999,1080,2024-09-28 17:03:21.421346816,TASK_BEGIN,23,-0.6813868262107281,0.5551614985808432,-3.2876315893160903,1.8527639399832587,-1.7578609073669995,0.4950761576357312,1.9691195680694225,-1.7512595661610753,3,2024-09-28 17:03:21.455019043,1727543001.4550197,2024-09-28 17:03:21.455019776,23,3,-0.5112835298897329,57.36948512997041,[0. 0. 0. 1.],[0.51395418 0.25142901 0.00562696 0.22898985],"[-5.7331699e-01 -3.0228144e-01  4.7775455e-02  9.6678301e-09
  7.5142285e-05  5.7243246e-09  0.0000000e+00  0.0000000e+00
 -6.0000002e-01  2.6683029e-02 -3.9073497e-02]",1.5129328160115751,0,0
1000,1081,2024-09-28 17:03:21.497358080,TASK_BEGIN,23,-0.6938557529000383,0.5656740814702034,-3.187272157105713,1.815671991779652,-1.7324108970190095,0.4942226081885503,1.9099283664336864,-1.7386220310385117,3,2024-09-28 17:03:21.455019043,1727543001.4550197,2024-09-28 17:03:21.455019776,23,3,-0.5112835298897329,57.36948512997041,[0. 0. 0. 1.],[0.51395418 0.25142901 0.00562696 0.22898985],"[-5.7331699e-01 -3.0228144e-01  4.7775455e-02  9.6678301e-09
  7.5142285e-05  5.7243246e-09  0.0000000e+00  0.0000000e+00
 -6.0000002e-01  2.6683029e-02 -3.9073497e-02]",1.5129328160115751,0,0
1001,1082,2024-09-28 17:03:21.565668864,TASK_BEGIN,23,-0.7055463595563471,0.5745573274603684,-3.091785228436,1.772144996565087,-1.699219693857293,0.4907848636290393,1.8495540252189877,-1.7393641967047473,3,2024-09-28 17:03:21.455019043,1727543001.4550197,2024-09-28 17:03:21.455019776,23,3,-0.5112835298897329,57.36948512997041,[0. 0. 0. 1.],[0.51395418 0.25142901 0.00562696 0.22898985],"[-5.7331699e-01 -3.0228144e-01  4.7775455e-02  9.6678301e-09
  7.5142285e-05  5.7243246e-09  0.0000000e+00  0.0000000e+00
 -6.0000002e-01  2.6683029e-02 -3.9073497e-02]",1.5129328160115751,0,0
1002,1083,2024-09-28 17:03:21.633435136,TASK_BEGIN,23,-0.7154949642413322,0.5810067412823872,-3.0044964041412485,1.723222384730596,-1.657061058209066,0.4844503709671738,1.789668983836024,-1.7548408807550993,3,2024-09-28 17:03:21.455019043,1727543001.4550197,2024-09-28 17:03:21.455019776,23,3,-0.5112835298897329,57.36948512997041,[0. 0. 0. 1.],[0.51395418 0.25142901 0.00562696 0.22898985],"[-5.7331699e-01 -3.0228144e-01  4.7775455e-02  9.6678301e-09
  7.5142285e-05  5.7243246e-09  0.0000000e+00  0.0000000e+00
 -6.0000002e-01  2.6683029e-02 -3.9073497e-02]",1.5129328160115751,0,0
1003,1084,2024-09-28 17:03:21.694336000,TASK_BEGIN,23,-0.7227416136382804,0.5842729517575145,-2.927851812329361,1.670334046541294,-1.6049547198555891,0.4750632275621765,1.731379110670875,-1.7852074314193205,3,2024-09-28 17:03:21.455019043,1727543001.4550197,2024-09-28 17:03:21.455019776,23,3,-0.5112835298897329,57.36948512997041,[0. 0. 0. 1.],[0.51395418 0.25142901 0.00562696 0.22898985],"[-5.7331699e-01 -3.0228144e-01  4.7775455e-02  9.6678301e-09
  7.5142285e-05  5.7243246e-09  0.0000000e+00  0.0000000e+00
 -6.0000002e-01  2.6683029e-02 -3.9073497e-02]",1.5129328160115751,0,0
1004,1085,2024-09-28 17:03:21.756904960,TASK_BEGIN,23,-0.726399813185676,0.5837115509579919,-2.863488420901352,1.615240935109091,-1.5422225837233758,0.4626470272095436,1.6751855839100964,-1.8294609714483143,3,2024-09-28 17:03:21.455019043,1727543001.4550197,2024-09-28 17:03:21.455019776,23,3,-0.5112835298897329,57.36948512997041,[0. 0. 0. 1.],[0.51395418 0.25142901 0.00562696 0.22898985],"[-5.7331699e-01 -3.0228144e-01  4.7775455e-02  9.6678301e-09
  7.5142285e-05  5.7243246e-09  0.0000000e+00  0.0000000e+00
 -6.0000002e-01  2.6683029e-02 -3.9073497e-02]",1.5129328160115751,0,0
1005,1086,2024-09-28 17:03:22.713578752,TASK_BEGIN,23,-0.7257476852146366,0.5788406234476566,-2.8123422227484363,1.5599245341494778,-1.4685493053211174,0.4474048694686606,1.621102251707124,-1.8856178878632044,3,2024-09-28 17:03:21.833048096,1727543001.833048,2024-09-28 17:03:21.833048064,23,0,0.00029865262495576417,54.743340333106055,[1. 0. 0. 0.],[0.49330927 0.23259829 0.00658171 0.26751073],"[-5.7202154e-01 -3.0228144e-01  3.8615778e-07  1.2306487e-09
  7.7010423e-05 -7.1629053e-08  0.0000000e+00  0.0000000e+00
 -6.0000002e-01  2.7978437e-02 -3.9073497e-02]",1.4472554830894455,0,0
1006,1087,2024-09-28 17:03:22.782322944,TASK_BEGIN,23,-0.720303276606038,0.5693988459254744,-2.7748025538809964,1.5064578054419586,-1.384050348221681,0.4296955548443554,1.56894800218877,-1.9510345899499717,3,2024-09-28 17:03:21.951606934,1727543001.9516075,2024-09-28 17:03:21.951607552,23,0,1.8684433911175802e-07,52.58626964093661,[1. 0. 0. 0.],[0.49331126 0.23259922 0.00658179 0.26750773],"[-5.7202154e-01 -3.0228144e-01  1.9707340e-08  2.4362989e-10
  7.7013188e-05 -3.5080923e-08  0.0000000e+00  0.0000000e+00
 -6.0000002e-01  2.7978437e-02 -3.9073497e-02]",1.4472553685679657,0,0
1007,1088,2024-09-28 17:03:22.837600768,TASK_BEGIN,23,-0.7098695514044306,0.5553982344743396,-2.7509046100510166,1.4568907288749098,-1.2893539902378792,0.4099982370235726,1.5187490162557025,-2.0228413480561387,3,2024-09-28 17:03:21.951606934,1727543001.9516075,2024-09-28 17:03:21.951607552,23,0,1.8684433911175802e-07,52.58626964093661,[1. 0. 0. 0.],[0.49331126 0.23259922 0.00658179 0.26750773],"[-5.7202154e-01 -3.0228144e-01  1.9707340e-08  2.4362989e-10
  7.7013188e-05 -3.5080923e-08  0.0000000e+00  0.0000000e+00
 -6.0000002e-01  2.7978437e-02 -3.9073497e-02]",1.4472553685679657,0,0
1008,1089,2024-09-28 17:03:22.915670016,TASK_BEGIN,23,-0.694556121369327,0.5371642149976749,-2.7404424659047524,1.413147977958858,-1.1856881780067392,0.3888811816441963,1.471100095502989,-2.098385262979249,3,2024-09-28 17:03:22.068610840,1727543002.0686114,2024-09-28 17:03:22.068611328,23,0,-9.81939649591368e-07,50.51415901599392,[1. 0. 0. 0.],[0.49331012 0.23259691 0.00658178 0.26751119],"[-5.7202154e-01 -3.0228144e-01 -2.8867206e-09 -1.3160713e-09
  7.7047727e-05  8.1809564e-09  0.0000000e+00  0.0000000e+00
 -6.0000002e-01  2.7978437e-02 -3.9073497e-02]",1.4472552942233814,0,0
1009,1090,2024-09-28 17:03:22.985513984,TASK_BEGIN,23,-0.6747827103302568,0.5153526952738443,-2.742928987114864,1.3769074964296757,-1.0749337057111736,0.3669770761015751,1.4273085604091131,-2.175539808909271,3,2024-09-28 17:03:22.301914062,1727543002.3019142,2024-09-28 17:03:22.301914112,23,0,-9.161675507129985e-07,46.61166690328917,[1. 0. 0. 0.],[0.49330541 0.23260001 0.00658186 0.26751272],"[-5.7202154e-01 -3.0228144e-01  4.4769841e-09  2.4013322e-09
  7.7101169e-05 -5.8890297e-09  0.0000000e+00  0.0000000e+00
 -6.0000002e-01  2.7978437e-02 -3.9073497e-02]",1.447255275640627,0,0
1010,1091,2024-09-28 17:03:23.053054976,TASK_BEGIN,23,-0.6512681733969599,0.490938110313816,-2.7575092262529908,1.349438356549835,-0.9596016253254338,0.3449574611235752,1.3892275977740274,-2.252773995017191,3,2024-09-28 17:03:22.301914062,1727543002.3019142,2024-09-28 17:03:22.301914112,23,0,-9.161675507129985e-07,46.61166690328917,[1. 0. 0. 0.],[0.49330541 0.23260001 0.00658186 0.26751272],"[-5.7202154e-01 -3.0228144e-01  4.4769841e-09  2.4013322e-09
  7.7101169e-05 -5.8890297e-09  0.0000000e+00  0.0000000e+00
 -6.0000002e-01  2.7978437e-02 -3.9073497e-02]",1.447255275640627,0,0
1011,1092,2024-09-28 17:03:23.119262976,TASK_BEGIN,23,-0.6250070282492669,0.4651732579278497,-2.782941059505827,1.331413030756231,-0.8427216965582889,0.3235005432232629,1.358852576274442,-2.328983950629339,3,2024-09-28 17:03:22.301914062,1727543002.3019142,2024-09-28 17:03:22.301914112,23,0,-9.161675507129985e-07,46.61166690328917,[1. 0. 0. 0.],[0.49330541 0.23260001 0.00658186 0.26751272],"[-5.7202154e-01 -3.0228144e-01  4.4769841e-09  2.4013322e-09
  7.7101169e-05 -5.8890297e-09  0.0000000e+00  0.0000000e+00
 -6.0000002e-01  2.7978437e-02 -3.9073497e-02]",1.447255275640627,0,0
1012,1093,2024-09-28 17:03:24.065221888,TASK_BEGIN,23,-0.597220760120667,0.4395221680373229,-2.817563366869921,1.3227410727186515,-0.7276622687876325,0.3032493758907419,1.3379090081603071,-2.403224576213224,3,2024-09-28 17:03:24.146428223,1727543004.1464286,2024-09-28 17:03:24.146428672,24,0,-1.8131228752323807,-3.5481082880374846,[1. 0. 0. 0.],[0.44127489 0.21829197 0.07196528 0.26846786],"[-3.62380338e-03  1.00096965e+00 -8.95284042e-02 -8.47895890e-02
  1.03749875e-02  3.39632034e-02  0.00000000e+00  0.00000000e+00
  6.00000024e-01 -6.03623807e-01 -1.12412634e+01]",1.5044133722745232,0,0
1013,1094,2024-09-28 17:03:24.133035008,TASK_BEGIN,23,-0.5692700190045226,0.415564665621056,-2.859122676419979,1.3224892005399271,-0.6179190387119097,0.2847627057312005,1.3275978135498252,-2.474504458804416,3,2024-09-28 17:03:24.204427979,1727543004.2044282,2024-09-28 17:03:24.204428288,24,0,-2.28276525374703,-7.836373534803154,[1. 0. 0. 0.],[0.45595222 0.19560726 0.06837108 0.28006944],"[-4.8334599e-03  9.9712038e-01 -8.9573070e-02 -1.3600679e-01
  1.3768792e-02  3.3942625e-02  0.0000000e+00  0.0000000e+00
  6.0000002e-01 -6.0483348e-01 -1.1210469e+01]",1.5097789150860006,0,0
1014,1095,2024-09-28 17:03:24.194167040,TASK_BEGIN,23,-0.5425321191573338,0.3948700858175424,-2.904529147579236,1.3289482292282402,-0.5168999043482511,0.2684718541559256,1.3284374896517486,-2.541688467948717,3,2024-09-28 17:03:24.262433105,1727543004.262433,2024-09-28 17:03:24.262433024,24,0,-2.490449050281427,-12.552970195060174,[1. 0. 0. 0.],[0.46676012 0.16357717 0.06166227 0.30800044],"[-6.0437522e-03  9.9167049e-01 -8.9617461e-02 -1.8722478e-01
  1.7160574e-02  3.3922352e-02  0.0000000e+00  0.0000000e+00
  6.0000002e-01 -6.0604376e-01 -1.1166870e+01]",1.5138380671358018,0,0
1015,1096,2024-09-28 17:03:24.268503040,TASK_BEGIN,23,-0.5182550914152669,0.3788387378405297,-2.949730681000992,1.339844166962472,-0.4277032019687583,0.2546605753614867,1.3401305995150716,-2.6034575203094,3,2024-09-28 17:03:24.349091064,1727543004.3490915,2024-09-28 17:03:24.349091584,24,0,-2.6248884578992175,-19.871046301262556,[1. 0. 0. 0.],[0.47838749 0.1240014  0.05249428 0.34511682],"[-7.8604221e-03  9.8049486e-01 -8.9683473e-02 -2.6405323e-01
  2.2244496e-02  3.3893000e-02  0.0000000e+00  0.0000000e+00
  6.0000002e-01 -6.0786045e-01 -1.1077465e+01]",1.5177531786335994,0,0
1016,1097,2024-09-28 17:03:24.336251904,TASK_BEGIN,23,-0.4973980597369215,0.368522185128917,-2.9897625760001767,1.3526101306926683,-0.3528821458368412,0.2434740145041416,1.3615479058832485,-2.6582921511032094,3,2024-09-28 17:03:24.407042969,1727543004.4070437,2024-09-28 17:03:24.407043584,24,0,-2.6682111392832724,-24.766602952119587,[1. 0. 0. 0.],[0.49191781 0.11336261 0.04665793 0.34806166],"[-9.0722246e-03  9.7104371e-01 -8.9727052e-02 -3.1527323e-01
  2.5631394e-02  3.3874400e-02  0.0000000e+00  0.0000000e+00
  6.0000002e-01 -6.0907221e-01 -1.1001856e+01]",1.5204125959246424,0,0
1017,1098,2024-09-28 17:03:24.404037888,TASK_BEGIN,23,-0.4804854539267197,0.3644667537985939,-3.0189208851034794,1.3646421422922792,-0.2942291597222981,0.2349484439236794,1.390875311930814,-2.704486150898604,3,2024-09-28 17:03:24.468041016,1727543004.468042,2024-09-28 17:03:24.468041984,24,0,-2.6952571237550558,-29.625381248686278,[1. 0. 0. 0.],[0.48229544 0.11087242 0.05047647 0.35635567],"[-1.02848215e-02  9.59992170e-01 -8.97702947e-02 -3.66494000e-01
  2.90164612e-02  3.38558927e-02  0.00000000e+00  0.00000000e+00
  6.00000024e-01 -6.10284805e-01 -1.09134436e+01]",1.5231871674400967,0,0
1018,1099,2024-09-28 17:03:24.470037760,TASK_BEGIN,23,-0.4675247473787743,0.3666502553215299,-3.031090644133525,1.3735416476993048,-0.2526368063832306,0.2290445699613589,1.4257968432349486,-2.7402145364810604,3,2024-09-28 17:03:24.528073975,1727543004.528074,2024-09-28 17:03:24.528073984,24,0,-2.7131671642118818,-34.42702399741495,[1. 0. 0. 0.],[0.45670143 0.10226369 0.06384039 0.37719449],"[ -0.0114979    0.94734     -0.08981321  -0.41771558   0.03239969
   0.03383763   0.           0.           0.6         -0.6114979
 -10.812226  ]",1.525348748014952,0,0
1019,1100,2024-09-28 17:03:25.414697984,TASK_BEGIN,23,-0.4580233990428196,0.374544626282462,-3.0203131431141497,1.3773801123278415,-0.2280540710774928,0.2256666049755328,1.4635952489478223,-2.7636720993364468,3,2024-09-28 17:03:25.270289795,1727543005.27029,2024-09-28 17:03:25.270289920,24,0,-2.763467127709305,-88.24397515534908,[1. 0. 0. 0.],[0.27542952 0.01945035 0.26674778 0.43837236],"[-0.02664653  0.652838   -0.08967565 -1.0620861   0.07463516  0.033785
  0.          0.          0.6        -0.6266465  -8.45621   ]",1.549084877144311,0,0
1020,1101,2024-09-28 17:03:25.482450944,TASK_BEGIN,23,-0.4510958381886236,0.387258630619885,-2.9815356588807176,1.3749620506738889,-0.2195192965950273,0.224661444245692,1.501161696306742,-2.7732565041628723,3,2024-09-28 17:03:25.270289795,1727543005.27029,2024-09-28 17:03:25.270289920,24,0,-2.763467127709305,-88.24397515534908,[1. 0. 0. 0.],[0.27542952 0.01945035 0.26674778 0.43837236],"[-0.02664653  0.652838   -0.08967565 -1.0620861   0.07463516  0.033785
  0.          0.          0.6        -0.6266465  -8.45621   ]",1.549084877144311,0,0
1021,1102,2024-09-28 17:03:25.549155072,TASK_BEGIN,23,-0.4456183362312928,0.4036874701097598,-2.9113218429751058,1.3660001269372954,-0.225264589973831,0.2258117834470122,1.5350301140563545,-2.7677688476391613,3,2024-09-28 17:03:25.270289795,1727543005.27029,2024-09-28 17:03:25.270289920,24,0,-2.763467127709305,-88.24397515534908,[1. 0. 0. 0.],[0.27542952 0.01945035 0.26674778 0.43837236],"[-0.02664653  0.652838   -0.08967565 -1.0620861   0.07463516  0.033785
  0.          0.          0.6        -0.6266465  -8.45621   ]",1.549084877144311,0,0
1022,1103,2024-09-28 17:03:25.611641856,TASK_BEGIN,23,-0.4403889003704086,0.4226376243014694,-2.8082970253101505,1.3511350113602645,-0.2429021385825,0.2288420862193176,1.5616644474832784,-2.746651837850638,3,2024-09-28 17:03:25.270289795,1727543005.27029,2024-09-28 17:03:25.270289920,24,0,-2.763467127709305,-88.24397515534908,[1. 0. 0. 0.],[0.27542952 0.01945035 0.26674778 0.43837236],"[-0.02664653  0.652838   -0.08967565 -1.0620861   0.07463516  0.033785
  0.          0.          0.6        -0.6266465  -8.45621   ]",1.549084877144311,0,0
1023,1104,2024-09-28 17:03:25.680449024,TASK_BEGIN,23,-0.434274049724629,0.4429352039312114,-2.673242538033357,1.331794356992187,-0.2696788706596735,0.2334404186490156,1.5781031010276088,-2.710254202960212,3,2024-09-28 17:03:25.270289795,1727543005.27029,2024-09-28 17:03:25.270289920,24,0,-2.763467127709305,-88.24397515534908,[1. 0. 0. 0.],[0.27542952 0.01945035 0.26674778 0.43837236],"[-0.02664653  0.652838   -0.08967565 -1.0620861   0.07463516  0.033785
  0.          0.          0.6        -0.6266465  -8.45621   ]",1.549084877144311,0,0
1024,1105,2024-09-28 17:03:25.753321728,TASK_BEGIN,23,-0.4263463270059565,0.4635230574384178,-2.508913540656233,1.3099083922240409,-0.3027571763142818,0.2392856728194657,1.5827360798141454,-2.66001420076663,3,2024-09-28 17:03:25.270289795,1727543005.27029,2024-09-28 17:03:25.270289920,24,0,-2.763467127709305,-88.24397515534908,[1. 0. 0. 0.],[0.27542952 0.01945035 0.26674778 0.43837236],"[-0.02664653  0.652838   -0.08967565 -1.0620861   0.07463516  0.033785
  0.          0.          0.6        -0.6266465  -8.45621   ]",1.549084877144311,0,0
1025,1106,2024-09-28 17:03:25.821061888,TASK_BEGIN,23,-0.416007338132475,0.4835327401365755,-2.319708608047327,1.2874992563270926,-0.339476269839869,0.246073006573594,1.5758409082120235,-2.598452254005296,3,2024-09-28 17:03:25.883239990,1727543005.8832402,2024-09-28 17:03:25.883240192,24,2,-6.554515246356817,-33.3173149700127,[0. 0. 1. 0.],[0.38860766 0.2425415  0.04244071 0.32641013],"[-0.05411593  0.56181264 -0.31221426  0.32865033  0.12483849  0.05288871
  0.          0.          0.6        -0.6541159  -7.7280073 ]",1.5493231627966537,0,0
1026,1107,2024-09-28 17:03:26.763173120,TASK_BEGIN,23,-0.4030703027427388,0.502320844909491,-2.111274709110363,1.2662123022894534,-0.3775594856321688,0.2535375203424415,1.5596446337619003,-2.528959781540655,3,2024-09-28 17:03:26.706325928,1727543006.706326,2024-09-28 17:03:26.706326016,24,1,-3.5879871437486575,-52.13054181809108,[0. 1. 0. 0.],[0.26682196 0.04884464 0.08505595 0.59927746],"[-0.12813592  0.6909038  -0.5063909  -0.05840089  0.30951312  0.4101278
  0.          0.          0.6        -0.72813594 -8.760736  ]",1.557459180855807,0,0
1027,1108,2024-09-28 17:03:26.830444032,TASK_BEGIN,23,-0.3877759726173903,0.5194761036646213,-1.8900933879240045,1.2469381442091796,-0.4152430981550405,0.2614752964286528,1.537912714686671,-2.455448820653222,3,2024-09-28 17:03:26.706325928,1727543006.706326,2024-09-28 17:03:26.706326016,24,1,-3.5879871437486575,-52.13054181809108,[0. 1. 0. 0.],[0.26682196 0.04884464 0.08505595 0.59927746],"[-0.12813592  0.6909038  -0.5063909  -0.05840089  0.30951312  0.4101278
  0.          0.          0.6        -0.72813594 -8.760736  ]",1.557459180855807,0,0
1028,1109,2024-09-28 17:03:26.898654976,TASK_BEGIN,23,-0.3707285715287071,0.534804145421409,-1.66306012602169,1.2296616391836754,-0.451319996171783,0.2697563337173847,1.5152393612648392,-2.381943691623088,3,2024-09-28 17:03:26.706325928,1727543006.706326,2024-09-28 17:03:26.706326016,24,1,-3.5879871437486575,-52.13054181809108,[0. 1. 0. 0.],[0.26682196 0.04884464 0.08505595 0.59927746],"[-0.12813592  0.6909038  -0.5063909  -0.05840089  0.30951312  0.4101278
  0.          0.          0.6        -0.72813594 -8.760736  ]",1.557459180855807,0,0
1029,1110,2024-09-28 17:03:26.966354944,TASK_BEGIN,23,-0.352758652826025,0.5482904642806522,-1.437044172588576,1.2135606404235193,-0.4851299561911545,0.2783258374923327,1.4962697334531407,-2.312181322465081,3,2024-09-28 17:03:26.706325928,1727543006.706326,2024-09-28 17:03:26.706326016,24,1,-3.5879871437486575,-52.13054181809108,[0. 1. 0. 0.],[0.26682196 0.04884464 0.08505595 0.59927746],"[-0.12813592  0.6909038  -0.5063909  -0.05840089  0.30951312  0.4101278
  0.          0.          0.6        -0.72813594 -8.760736  ]",1.557459180855807,0,0
1030,1111,2024-09-28 17:03:27.022129920,TASK_BEGIN,23,-0.334755280883809,0.5600507921327931,-1.2184613557115898,1.1972859613920777,-0.51654560295508,0.2871971722675855,1.4850321603720935,-2.249268243592994,3,2024-09-28 17:03:26.706325928,1727543006.706326,2024-09-28 17:03:26.706326016,24,1,-3.5879871437486575,-52.13054181809108,[0. 1. 0. 0.],[0.26682196 0.04884464 0.08505595 0.59927746],"[-0.12813592  0.6909038  -0.5063909  -0.05840089  0.30951312  0.4101278
  0.          0.          0.6        -0.72813594 -8.760736  ]",1.557459180855807,0,0
1031,1112,2024-09-28 17:03:27.101820928,TASK_BEGIN,23,-0.3175306378986628,0.5702867740655654,-1.0129547069634488,1.1793225929469588,-0.5459545880060529,0.2964393833911736,1.4844194368299566,-2.1954363867438165,3,2024-09-28 17:03:26.706325928,1727543006.706326,2024-09-28 17:03:26.706326016,24,1,-3.5879871437486575,-52.13054181809108,[0. 1. 0. 0.],[0.26682196 0.04884464 0.08505595 0.59927746],"[-0.12813592  0.6909038  -0.5063909  -0.05840089  0.30951312  0.4101278
  0.          0.          0.6        -0.72813594 -8.760736  ]",1.557459180855807,0,0
1032,1113,2024-09-28 17:03:27.169517056,TASK_BEGIN,23,-0.3017572113659095,0.579255570831757,-0.8252828307827621,1.158326325681468,-0.574190648104496,0.3061566128771867,1.4957115205540472,-2.151930994586518,3,2024-09-28 17:03:26.706325928,1727543006.706326,2024-09-28 17:03:26.706326016,24,1,-3.5879871437486575,-52.13054181809108,[0. 1. 0. 0.],[0.26682196 0.04884464 0.08505595 0.59927746],"[-0.12813592  0.6909038  -0.5063909  -0.05840089  0.30951312  0.4101278
  0.          0.          0.6        -0.72813594 -8.760736  ]",1.557459180855807,0,0
1033,1114,2024-09-28 17:03:28.102688000,TASK_BEGIN,23,-0.2879763839453834,0.5872478764011229,-0.6594482932895437,1.1333569107009829,-0.6023915305141748,0.3164585954616953,1.5181091569731324,-2.1190310348698773,3,2024-09-28 17:03:28.169126953,1727543008.169127,2024-09-28 17:03:28.169126912,24,0,0.8193946798676279,-95.4067061949668,[1. 0. 0. 0.],[0.14408543 0.00708212 0.06428382 0.78454862],"[-0.32622337  0.31756592 -1.0655985  -0.44416663  0.3584203  -0.48300228
  0.          0.          0.6        -0.9262234  -5.7740335 ]",1.5444110245113785,0,0
1034,1115,2024-09-28 17:03:28.179866880,TASK_BEGIN,23,-0.2766492257846623,0.5945647534667995,-0.5189681553746929,1.103983224611214,-0.6318139271602117,0.3274288932362688,1.548540110596032,-2.096182589982745,3,2024-09-28 17:03:28.169126953,1727543008.169127,2024-09-28 17:03:28.169126912,24,0,0.8193946798676279,-95.4067061949668,[1. 0. 0. 0.],[0.14408543 0.00708212 0.06428382 0.78454862],"[-0.32622337  0.31756592 -1.0655985  -0.44416663  0.3584203  -0.48300228
  0.          0.          0.6        -0.9262234  -5.7740335 ]",1.5444110245113785,0,0
1035,1116,2024-09-28 17:03:28.250280960,TASK_BEGIN,23,-0.2682167456100555,0.6014887687112949,-0.4070943272682144,1.0702736800343036,-0.6636520970588222,0.3391005556118159,1.582049685758379,-2.082233526337045,3,2024-09-28 17:03:28.169126953,1727543008.169127,2024-09-28 17:03:28.169126912,24,0,0.8193946798676279,-95.4067061949668,[1. 0. 0. 0.],[0.14408543 0.00708212 0.06428382 0.78454862],"[-0.32622337  0.31756592 -1.0655985  -0.44416663  0.3584203  -0.48300228
  0.          0.          0.6        -0.9262234  -5.7740335 ]",1.5444110245113785,0,0
1036,1117,2024-09-28 17:03:28.302969856,TASK_BEGIN,23,-0.263156022250598,0.6082547476511734,-0.3268603018078422,1.0327086161146477,-0.6988909715998242,0.3514453715329228,1.6127022263013804,-2.075728024449401,3,2024-09-28 17:03:28.169126953,1727543008.169127,2024-09-28 17:03:28.169126912,24,0,0.8193946798676279,-95.4067061949668,[1. 0. 0. 0.],[0.14408543 0.00708212 0.06428382 0.78454862],"[-0.32622337  0.31756592 -1.0655985  -0.44416663  0.3584203  -0.48300228
  0.          0.          0.6        -0.9262234  -5.7740335 ]",1.5444110245113785,0,0
1037,1118,2024-09-28 17:03:28.385676032,TASK_BEGIN,23,-0.2620288470799123,0.61502959898442,-0.2810028846003566,0.9920852750038426,-0.7382006917943376,0.3643771733687238,1.634580097211523,-2.0751659651157786,3,2024-09-28 17:03:28.169126953,1727543008.169127,2024-09-28 17:03:28.169126912,24,0,0.8193946798676279,-95.4067061949668,[1. 0. 0. 0.],[0.14408543 0.00708212 0.06428382 0.78454862],"[-0.32622337  0.31756592 -1.0655985  -0.44416663  0.3584203  -0.48300228
  0.          0.          0.6        -0.9262234  -5.7740335 ]",1.5444110245113785,0,0
1038,1119,2024-09-28 17:03:28.453385984,TASK_BEGIN,23,-0.2655000369054929,0.621902523913716,-0.2718547190472016,0.9494818080719002,-0.7818634953286288,0.3777645760956022,1.6425744377868934,-2.0791566646985684,3,2024-09-28 17:03:28.169126953,1727543008.169127,2024-09-28 17:03:28.169126912,24,0,0.8193946798676279,-95.4067061949668,[1. 0. 0. 0.],[0.14408543 0.00708212 0.06428382 0.78454862],"[-0.32622337  0.31756592 -1.0655985  -0.44416663  0.3584203  -0.48300228
  0.          0.          0.6        -0.9262234  -5.7740335 ]",1.5444110245113785,0,0
1039,1120,2024-09-28 17:03:28.521101056,TASK_BEGIN,23,-0.2742927756908716,0.6288809509056059,-0.3012125575178713,0.9062807195724384,-0.8297239592573074,0.3914452351462628,1.6329350828035616,-2.086474568431957,3,2024-09-28 17:03:28.169126953,1727543008.169127,2024-09-28 17:03:28.169126912,24,0,0.8193946798676279,-95.4067061949668,[1. 0. 0. 0.],[0.14408543 0.00708212 0.06428382 0.78454862],"[-0.32622337  0.31756592 -1.0655985  -0.44416663  0.3584203  -0.48300228
  0.          0.          0.6        -0.9262234  -5.7740335 ]",1.5444110245113785,0,0
1040,1121,2024-09-28 17:03:29.438313984,TASK_BEGIN,23,-0.2890805389063068,0.6358924201585363,-0.3701711386500195,0.8642041027558928,-0.8811723415965577,0.4052372070588056,1.6035968600657329,-2.096048312339838,3,2024-09-28 17:03:29.516798096,1727543009.5167985,2024-09-28 17:03:29.516798464,24,0,-3.2487666206416748,-82.82189548599624,[1. 0. 0. 0.],[8.14082042e-03 2.35396387e-01 7.56456102e-01 6.69059876e-06],"[-0.634037    0.24771869 -0.5402813  -0.03472969 -0.8733898  -0.55173075
  0.          0.          0.6        -1.234037   -5.2152557 ]",1.5616348233972164,0,0
1041,1122,2024-09-28 17:03:29.505556224,TASK_BEGIN,23,-0.3103539244151563,0.6427955200834948,-0.4789635806506913,0.8253177463798079,-0.9351861676045236,0.4189506876073711,1.554259281812462,-2.106906761628417,3,2024-09-28 17:03:29.575762939,1727543009.5757632,2024-09-28 17:03:29.575763200,24,0,-3.491636495804755,-88.00279960611067,[1. 0. 0. 0.],[6.22280811e-03 4.18868319e-01 5.74906252e-01 2.62073438e-06],"[-0.64189684  0.24607933 -0.54094833 -0.08630016 -0.928552   -0.55158734
  0.          0.          0.6        -1.2418969  -5.202141  ]",1.5630688070222054,0,0
1042,1123,2024-09-28 17:03:29.573007104,TASK_BEGIN,23,-0.3383106732409901,0.6493992209687944,-0.626829659152447,0.7919787403704861,-0.99043594338605,0.432402530384565,1.486272769548679,-2.1181343152621137,3,2024-09-28 17:03:29.633479980,1727543009.6334803,2024-09-28 17:03:29.633480192,24,0,-3.724132129567238,-93.54910893741673,[1. 0. 0. 0.],[4.02572115e-03 6.75237372e-01 3.20736044e-01 8.63316310e-07],"[-0.6497416   0.24285662 -0.5416447  -0.1378454  -0.98369986 -0.551444
  0.          0.          0.6        -1.2497416  -5.176359  ]",1.5637922743121506,0,0
1043,1124,2024-09-28 17:03:29.641516032,TASK_BEGIN,23,-0.3728070984488474,0.6554877115260656,-0.8119164749446715,0.7667238239834534,-1.045430579687349,0.4454295739380123,1.402411590977957,-2.1288879508820004,3,2024-09-28 17:03:29.723386963,1727543009.7233877,2024-09-28 17:03:29.723387648,24,0,-4.04295590019899,-102.47394311772787,[1. 0. 0. 0.],[1.64129743e-03 9.06871901e-01 9.14866649e-02 1.36834263e-07],"[-0.6614792   0.23505127 -0.5427395  -0.21511379 -1.0663948  -0.55122936
  0.          0.          0.6        -1.2614791  -5.1139164 ]",1.5641838325036304,0,0
1044,1125,2024-09-28 17:03:29.709244928,TASK_BEGIN,23,-0.4133783839658614,0.660846455486284,-1.031262308643909,0.7521266945331627,-1.0986752457004036,0.4578977208982419,1.3064980348754014,-2.138445704571411,3,2024-09-28 17:03:29.723386963,1727543009.7233877,2024-09-28 17:03:29.723387648,24,0,-4.04295590019899,-102.47394311772787,[1. 0. 0. 0.],[1.64129743e-03 9.06871901e-01 9.14866649e-02 1.36834263e-07],"[-0.6614792   0.23505127 -0.5427395  -0.21511379 -1.0663948  -0.55122936
  0.          0.          0.6        -1.2614791  -5.1139164 ]",1.5641838325036304,0,0
1045,1126,2024-09-28 17:03:29.771724032,TASK_BEGIN,23,-0.4592886144545448,0.6652814460098637,-1.2809123172201144,0.7506639429252653,-1.1488193146723786,0.4697081365510899,1.202817974411565,-2.146202129842483,3,2024-09-28 17:03:29.723386963,1727543009.7233877,2024-09-28 17:03:29.723387648,24,0,-4.04295590019899,-102.47394311772787,[1. 0. 0. 0.],[1.64129743e-03 9.06871901e-01 9.14866649e-02 1.36834263e-07],"[-0.6614792   0.23505127 -0.5427395  -0.21511379 -1.0663948  -0.55122936
  0.          0.          0.6        -1.2614791  -5.1139164 ]",1.5641838325036304,0,0
1046,1127,2024-09-28 17:03:29.844692992,TASK_BEGIN,23,-0.5095639606923719,0.6686250555238206,-1.5561018070172516,0.7646004681109314,-1.1947702896843264,0.4808015086966252,1.0954100950084291,-2.15158633503572,3,2024-09-28 17:03:29.723386963,1727543009.7233877,2024-09-28 17:03:29.723387648,24,0,-4.04295590019899,-102.47394311772787,[1. 0. 0. 0.],[1.64129743e-03 9.06871901e-01 9.14866649e-02 1.36834263e-07],"[-0.6614792   0.23505127 -0.5427395  -0.21511379 -1.0663948  -0.55122936
  0.          0.          0.6        -1.2614791  -5.1139164 ]",1.5641838325036304,0,0
1047,1128,2024-09-28 17:03:30.786871808,TASK_BEGIN,23,-0.5630085172385277,0.6707310728964925,-1.851355687221489,0.7958698372434329,-1.2357615780445903,0.4911574374437759,0.9874025744940844,-2.1539681773408708,3,2024-09-28 17:03:30.792251221,1727543010.7922513,2024-09-28 17:03:30.792251392,24,0,1.4405711390216425,-102.35707343207285,[1. 0. 0. 0.],[1.83308669e-03 2.44604387e-04 9.97900288e-01 2.20204836e-05],"[-0.82077974 -0.06862557 -0.74876225 -0.84666604 -0.8037487   0.7742039
  0.          0.          0.6        -1.4207797  -2.684502  ]",1.5643015204285127,0,0
1048,1129,2024-09-28 17:03:30.854196992,TASK_BEGIN,23,-0.618227526653614,0.6714668525166,-2.160468432526328,0.8459264014306194,-1.271371857965218,0.500782562329323,0.8805666147244676,-2.1526437062417343,3,2024-09-28 17:03:30.937250977,1727543010.9372516,2024-09-28 17:03:30.937251584,24,0,1.3265845245049945,-90.6288655901616,[1. 0. 0. 0.],[1.70769644e-03 3.56242856e-05 9.98241231e-01 1.54481123e-05],"[-0.84536123 -0.14278865 -0.75164485 -0.97676474 -0.61034656  0.77321535
  0.          0.          0.6        -1.4453613  -2.0911973 ]",1.566669735761264,0,0
1049,1130,2024-09-28 17:03:30.922405888,TASK_BEGIN,23,-0.6736575263259795,0.6707077003659143,-2.4765267165919207,0.9155567670068951,-1.3014815957785424,0.5096825467229225,0.7752440721672257,-2.146951246910806,3,2024-09-28 17:03:30.966253906,1727543010.966255,2024-09-28 17:03:30.966254848,24,0,1.3069839222484347,-88.41559301201154,[1. 0. 0. 0.],[1.61614314e-03 2.34926638e-05 9.98344537e-01 1.58275578e-05],"[-0.85026073 -0.15878832 -0.7521449  -1.0028263  -0.5716957   0.77301806
  0.          0.          0.6        -1.4502608  -1.9631999 ]",1.5673095040405678,0,0
1050,1131,2024-09-28 17:03:30.988561152,TASK_BEGIN,23,-0.7275899790484255,0.6683359487466526,-2.7921458014085583,1.004642153279613,-1.3261664520122614,0.5178247992565043,0.6707041581189381,-2.1364990515287072,3,2024-09-28 17:03:30.966253906,1727543010.966255,2024-09-28 17:03:30.966254848,24,0,1.3069839222484347,-88.41559301201154,[1. 0. 0. 0.],[1.61614314e-03 2.34926638e-05 9.98344537e-01 1.58275578e-05],"[-0.85026073 -0.15878832 -0.7521449  -1.0028263  -0.5716957   0.77301806
  0.          0.          0.6        -1.4502608  -1.9631999 ]",1.5673095040405678,0,0
1051,1132,2024-09-28 17:03:31.045772032,TASK_BEGIN,23,-0.7781987497123396,0.664245006258395,-3.0999257333339183,1.1119100037149794,-1.3455853237554212,0.5251142074564338,0.5657992225529951,-2.1214149691210005,3,2024-09-28 17:03:31.114348877,1727543011.1143498,2024-09-28 17:03:31.114349824,24,0,1.2220074299025327,-77.93629040239969,[1. 0. 0. 0.],[2.55748007e-03 2.42576122e-06 9.97008021e-01 4.32073072e-04],"[-0.874691   -0.24460638 -0.75422186 -1.1333044  -0.37858918  0.7720342
  0.          0.          0.6        -1.474691   -1.2766554 ]",1.5680871736357933,1,2
1052,1133,2024-09-28 17:03:31.123877888,TASK_BEGIN,23,-0.823596752810563,0.6583438587962419,-3.392970937667914,1.2347872067858898,-1.3599315807782586,0.5314012025916489,0.4597090626069975,-2.1024967939711825,3,2024-09-28 17:03:31.114348877,1727543011.1143498,2024-09-28 17:03:31.114349824,24,0,1.2220074299025327,-77.93629040239969,[1. 0. 0. 0.],[2.55748007e-03 2.42576122e-06 9.97008021e-01 4.32073072e-04],"[-0.874691   -0.24460638 -0.75422186 -1.1333044  -0.37858918  0.7720342
  0.          0.          0.6        -1.474691   -1.2766554 ]",1.5680871736357933,1,2
1053,1134,2024-09-28 17:03:31.193276928,TASK_BEGIN,23,-0.8619371949829739,0.6505596465146243,-3.665245571551763,1.3694624578421644,-1.3694438391274455,0.5365168344490145,0.3525968507169176,-2.081198207529689,3,2024-09-28 17:03:31.114348877,1727543011.1143498,2024-09-28 17:03:31.114349824,24,0,1.2220074299025327,-77.93629040239969,[1. 0. 0. 0.],[2.55748007e-03 2.42576122e-06 9.97008021e-01 4.32073072e-04],"[-0.874691   -0.24460638 -0.75422186 -1.1333044  -0.37858918  0.7720342
  0.          0.          0.6        -1.474691   -1.2766554 ]",1.5680871736357933,1,2
1054,1135,2024-09-28 17:03:32.104680960,TASK_BEGIN,23,-0.8915633082902873,0.6408485176993248,-3.9115942331260185,1.5111428149838444,-1.3744178504977622,0.5403132990805315,0.2460443189991735,-2.059507415011731,3,2024-09-28 17:03:31.408344971,1727543011.408345,2024-09-28 17:03:31.408345088,24,0,-0.721475028957741,19.712126856631205,[1. 0. 0. 0.],[3.88520574e-02 3.78776316e-06 1.40033232e-03 9.59743823e-01],"[-0.9079752  -0.37000036 -0.4178965  -0.58795613  0.01166188  0.79291636
  0.          0.          0.6        -1.5079752  -0.2735035 ]",1.5647019826632937,1,2
1055,1136,2024-09-28 17:03:32.180293888,TASK_BEGIN,23,-0.9111968744841294,0.6292269948037572,-4.127428173450132,1.6543792186149335,-1.3751782938476067,0.5426936520672556,0.1432158645225682,-2.0398325017057486,3,2024-09-28 17:03:31.408344971,1727543011.408345,2024-09-28 17:03:31.408345088,24,0,-0.721475028957741,19.712126856631205,[1. 0. 0. 0.],[3.88520574e-02 3.78776316e-06 1.40033232e-03 9.59743823e-01],"[-0.9079752  -0.37000036 -0.4178965  -0.58795613  0.01166188  0.79291636
  0.          0.          0.6        -1.5079752  -0.2735035 ]",1.5647019826632937,1,2
1056,1137,2024-09-28 17:03:32.248028928,TASK_BEGIN,23,-0.920125671517634,0.6158151958253135,-4.308268554526343,1.7933727696215416,-1.372005652252286,0.5436227194023786,0.0487769950577006,-2.02492485779991,3,2024-09-28 17:03:31.408344971,1727543011.408345,2024-09-28 17:03:31.408345088,24,0,-0.721475028957741,19.712126856631205,[1. 0. 0. 0.],[3.88520574e-02 3.78776316e-06 1.40033232e-03 9.59743823e-01],"[-0.9079752  -0.37000036 -0.4178965  -0.58795613  0.01166188  0.79291636
  0.          0.          0.6        -1.5079752  -0.2735035 ]",1.5647019826632937,1,2
1057,1138,2024-09-28 17:03:32.304564992,TASK_BEGIN,23,-0.9183269580750896,0.6008656366346568,-4.449428420453314,1.9222782562989105,-1.3650406462203912,0.5431171906977805,-0.0314739415201186,-2.017755725705197,3,2024-09-28 17:03:31.408344971,1727543011.408345,2024-09-28 17:03:31.408345088,24,0,-0.721475028957741,19.712126856631205,[1. 0. 0. 0.],[3.88520574e-02 3.78776316e-06 1.40033232e-03 9.59743823e-01],"[-0.9079752  -0.37000036 -0.4178965  -0.58795613  0.01166188  0.79291636
  0.          0.          0.6        -1.5079752  -0.2735035 ]",1.5647019826632937,1,2
1058,1139,2024-09-28 17:03:32.380722176,TASK_BEGIN,23,-0.906491269340728,0.5847626952031916,-4.546056140095262,2.035547074128212,-1.3542087406900378,0.5412214854082102,-0.0913594697392504,-2.0212589087285084,3,2024-09-28 17:03:31.466356934,1727543011.4663572,2024-09-28 17:03:31.466357248,24,0,-6.3733868855215405,6.662847620151988,[1. 0. 0. 0.],[1.30594948e-02 3.76460757e-07 2.38759059e-04 9.86701370e-01],"[-0.9129771  -0.38954854 -0.41786808 -0.6403545   0.09092142  0.792491
  0.          0.          0.6        -1.5129771  -0.11711808]",1.5636287938173548,1,2
1059,1140,2024-09-28 17:03:32.442737152,TASK_BEGIN,23,-0.8859658068027272,0.5679999317030423,-4.593603307482992,2.128305055770835,-1.339197380465829,0.537980047913337,-0.1253707239663853,-2.037961433542985,3,2024-09-28 17:03:32.234414062,1727543012.2344148,2024-09-28 17:03:32.234414848,24,0,-101.82946706719656,-160.66099551936878,[1. 0. 0. 0.],[0.37086786 0.00140064 0.1387526  0.4889789 ],"[-1.0040861  -0.7123349  -1.0258594  -0.46138912  0.53728896 -0.01011529
  1.          0.          0.6        -1.6040862   2.4651725 ]",1.5542568436986977,1,2
1060,1141,2024-09-28 17:03:32.517394944,TASK_BEGIN,23,-0.8586442321663635,0.5511450598648938,-4.588592699141843,2.1967157329929123,-1.3194871891894078,0.5334149076654625,-0.1296692013604775,-2.0696092929541816,3,2024-09-28 17:03:32.234414062,1727543012.2344148,2024-09-28 17:03:32.234414848,24,0,-101.82946706719656,-160.66099551936878,[1. 0. 0. 0.],[0.37086786 0.00140064 0.1387526  0.4889789 ],"[-1.0040861  -0.7123349  -1.0258594  -0.46138912  0.53728896 -0.01011529
  1.          0.          0.6        -1.6040862   2.4651725 ]",1.5542568436986977,1,2
1061,1147,2024-09-28 17:03:33.798747136,TASK_BEGIN,23,-0.6747834330670348,0.4760625848042336,-3.5572071758772474,2.0613265717832263,-1.0679966891238546,0.4748656123602772,0.4612883423606473,-2.539397795735541,3,2024-09-28 17:03:33.873735840,1727543013.8737364,2024-09-28 17:03:33.873736448,25,0,-2.105503377177641,-3.573341194709037,[1. 0. 0. 0.],[0.45461619 0.21141616 0.07953991 0.25442773],"[-1.6874472e-03  9.9913406e-01 -8.3391316e-02 -1.0629578e-01
  4.9268063e-03  3.1686880e-02  0.0000000e+00  0.0000000e+00
  2.0000000e-01 -2.0168744e-01 -1.0581914e+01]",1.4931310616593538,0,0
1062,1148,2024-09-28 17:03:33.859120128,TASK_BEGIN,23,-0.6562022529759194,0.4701403827718811,-3.289871806090614,1.9718623868588347,-1.0014983213259754,0.4586873982463682,0.6514899057850211,-2.6417783251725204,3,2024-09-28 17:03:33.931349121,1727543013.9313493,2024-09-28 17:03:33.931349248,25,0,-2.416419881263721,-8.191095264134619,[1. 0. 0. 0.],[0.47246632 0.17884636 0.08047534 0.26821198],"[-2.8141339e-03  9.9461198e-01 -8.3433166e-02 -1.5752256e-01
  8.0932695e-03  3.1668697e-02  0.0000000e+00  0.0000000e+00
  2.0000000e-01 -2.0281413e-01 -1.0545737e+01]",1.496121168214728,0,0
1063,1149,2024-09-28 17:03:34.806951936,TASK_BEGIN,23,-0.6434070723831626,0.4659495577314118,-3.0252193239799063,1.87607512553511,-0.9294824445029672,0.4403668507522767,0.8652932537653336,-2.7426007272851165,3,2024-09-28 17:03:34.871350098,1727543014.8713508,2024-09-28 17:03:34.871350784,25,0,-2.7157984965881496,-51.87048907668201,[1. 0. 0. 0.],[0.25589903 0.06971647 0.29638641 0.37799809],"[-0.02313439  0.7530793  -0.11522441 -0.6477671   0.05633759  0.02767723
  0.          0.          0.2        -0.22313438 -8.613476  ]",1.5138794716551498,0,0
1064,1150,2024-09-28 17:03:34.880438016,TASK_BEGIN,23,-0.6367589821487766,0.463244575387066,-2.7741137326572254,1.7792993278232592,-0.8534646202766791,0.4199797957950951,1.1000175746041985,-2.8390877783664483,3,2024-09-28 17:03:34.962698975,1727543014.9626994,2024-09-28 17:03:34.962699520,25,0,-2.724319948955241,-58.413603676531935,[1. 0. 0. 0.],[0.19926476 0.05352224 0.41058713 0.33662587],"[-0.02549283  0.7203188  -0.11522421 -0.7245694   0.0604891   0.02767723
  0.          0.          0.2        -0.22549282 -8.351392  ]",1.5174848040854807,0,0
1065,1151,2024-09-28 17:03:34.948155136,TASK_BEGIN,23,-0.6365200375530546,0.4617811924167668,-2.54573160172519,1.686520301136339,-0.7751898365293669,0.397753774033748,1.3512517809785505,-2.928998033450159,3,2024-09-28 17:03:34.962698975,1727543014.9626994,2024-09-28 17:03:34.962699520,25,0,-2.724319948955241,-58.413603676531935,[1. 0. 0. 0.],[0.19926476 0.05352224 0.41058713 0.33662587],"[-0.02549283  0.7203188  -0.11522421 -0.7245694   0.0604891   0.02767723
  0.          0.          0.2        -0.22549282 -8.351392  ]",1.5174848040854807,0,0
1066,1152,2024-09-28 17:03:35.015846912,TASK_BEGIN,23,-0.6428418794817701,0.4613499745628884,-2.3473737878322685,1.6023314987762525,-0.6964780941511187,0.3740678803783895,1.6129574055523817,-3.010676308637112,3,2024-09-28 17:03:34.962698975,1727543014.9626994,2024-09-28 17:03:34.962699520,25,0,-2.724319948955241,-58.413603676531935,[1. 0. 0. 0.],[0.19926476 0.05352224 0.41058713 0.33662587],"[-0.02549283  0.7203188  -0.11522421 -0.7245694   0.0604891   0.02767723
  0.          0.          0.2        -0.22549282 -8.351392  ]",1.5174848040854807,0,0
1067,1153,2024-09-28 17:03:35.071574016,TASK_BEGIN,23,-0.6556902837127263,0.4617895796765535,-2.184615347553612,1.5309500966860488,-0.6190878468306357,0.3494309440204847,1.8779990367493968,-3.0830548459279763,3,2024-09-28 17:03:34.962698975,1727543014.9626994,2024-09-28 17:03:34.962699520,25,0,-2.724319948955241,-58.413603676531935,[1. 0. 0. 0.],[0.19926476 0.05352224 0.41058713 0.33662587],"[-0.02549283  0.7203188  -0.11522421 -0.7245694   0.0604891   0.02767723
  0.          0.          0.2        -0.22549282 -8.351392  ]",1.5174848040854807,0,0
1068,1154,2024-09-28 17:03:35.147585024,TASK_BEGIN,23,-0.6747468855792716,0.4629827675247822,-2.061570350032089,1.4761756309744716,-0.5446055772482351,0.3244430103988588,2.13881670558994,-3.145581552347376,3,2024-09-28 17:03:34.962698975,1727543014.9626994,2024-09-28 17:03:34.962699520,25,0,-2.724319948955241,-58.413603676531935,[1. 0. 0. 0.],[0.19926476 0.05352224 0.41058713 0.33662587],"[-0.02549283  0.7203188  -0.11522421 -0.7245694   0.0604891   0.02767723
  0.          0.          0.2        -0.22549282 -8.351392  ]",1.5174848040854807,0,0
1069,1155,2024-09-28 17:03:35.219021056,TASK_BEGIN,23,-0.6993465722619235,0.4648458938781518,-1.98096341728501,1.4412004822656612,-0.4743583633453686,0.2997466289343722,2.387845178181346,-3.1980509360874145,3,2024-09-28 17:03:35.282780029,1727543015.2827802,2024-09-28 17:03:35.282780160,25,0,-2.7399393785862145,-45.99479180019294,[1. 0. 0. 0.],[0.23862368 0.06880743 0.27522893 0.41733996],"[-0.03447072  0.6264676  -0.13547422 -0.59817004  0.08138204  0.03512343
  0.          0.          0.2        -0.23447071 -7.600582  ]",1.51981806389193,0,0
1070,1156,2024-09-28 17:03:36.147175936,TASK_BEGIN,23,-0.7284793468839927,0.4673199555212548,-1.9438835768495015,1.4282943837525033,-0.4093401865578293,0.2759734088312204,2.6176279174935453,-3.240398247530337,3,2024-09-28 17:03:36.218331055,1727543016.2183313,2024-09-28 17:03:36.218331392,25,0,-2.797441844451413,-109.85065274164418,[1. 0. 0. 0.],[4.20665062e-03 1.50902318e-04 9.92032374e-01 3.61007270e-03],"[-0.06401006  0.11626637 -0.13546813 -1.4174066   0.13757876  0.03512264
  0.          0.          0.2        -0.26401007 -3.5189726 ]",1.5595801112293601,0,0
1071,1157,2024-09-28 17:03:36.230516736,TASK_BEGIN,23,-0.7608470193922319,0.4703617270614634,-1.9494368576999708,1.4384884387169532,-0.3501551665454721,0.2536896195474202,2.820938272935619,-3.272567892752788,3,2024-09-28 17:03:36.305340088,1727543016.3053405,2024-09-28 17:03:36.305340416,25,0,-2.7988963357753676,-114.89954259000828,[1. 0. 0. 0.],[2.38229243e-03 6.34075252e-05 9.95656767e-01 1.89753312e-03],"[-0.06677938  0.04743648 -0.1354674  -1.4942096   0.14284709  0.03512251
  0.          0.          0.2        -0.26677936 -2.9683335 ]",1.5626724621628398,0,0
1072,1158,2024-09-28 17:03:36.298243072,TASK_BEGIN,23,-0.7949457740380987,0.4739305206520107,-1.9946458051441875,1.4713846039670255,-0.2969948070486912,0.2333460966581672,2.991160105280798,-3.294503659671061,3,2024-09-28 17:03:36.305340088,1727543016.3053405,2024-09-28 17:03:36.305340416,25,0,-2.7988963357753676,-114.89954259000828,[1. 0. 0. 0.],[2.38229243e-03 6.34075252e-05 9.95656767e-01 1.89753312e-03],"[-0.06677938  0.04743648 -0.1354674  -1.4942096   0.14284709  0.03512251
  0.          0.          0.2        -0.26677936 -2.9683335 ]",1.5626724621628398,0,0
1073,1159,2024-09-28 17:03:36.365950208,TASK_BEGIN,23,-0.8291450140872569,0.4779706599965942,-2.07473330110078,1.5251406166542971,-0.2496619414074393,0.2152427245015753,3.122864470127217,-3.306210464469453,3,2024-09-28 17:03:36.305340088,1727543016.3053405,2024-09-28 17:03:36.305340416,25,0,-2.7988963357753676,-114.89954259000828,[1. 0. 0. 0.],[2.38229243e-03 6.34075252e-05 9.95656767e-01 1.89753312e-03],"[-0.06677938  0.04743648 -0.1354674  -1.4942096   0.14284709  0.03512251
  0.          0.          0.2        -0.26677936 -2.9683335 ]",1.5626724621628398,0,0
1074,1160,2024-09-28 17:03:36.433700864,TASK_BEGIN,23,-0.8617521157553892,0.4823927547959283,-2.183644400067306,1.596599352616001,-0.2076460725075966,0.199518808291767,3.212298294230912,-3.3078061039657944,3,2024-09-28 17:03:36.305340088,1727543016.3053405,2024-09-28 17:03:36.305340416,25,0,-2.7988963357753676,-114.89954259000828,[1. 0. 0. 0.],[2.38229243e-03 6.34075252e-05 9.95656767e-01 1.89753312e-03],"[-0.06677938  0.04743648 -0.1354674  -1.4942096   0.14284709  0.03512251
  0.          0.          0.2        -0.26677936 -2.9683335 ]",1.5626724621628398,0,0
1075,1161,2024-09-28 17:03:36.501410816,TASK_BEGIN,23,-0.8910776033285435,0.4870594732817781,-2.3145773878063776,1.6815073844367463,-0.1702549997630461,0.1861737002761086,3.257498478940261,-3.299511448745664,3,2024-09-28 17:03:36.305340088,1727543016.3053405,2024-09-28 17:03:36.305340416,25,0,-2.7988963357753676,-114.89954259000828,[1. 0. 0. 0.],[2.38229243e-03 6.34075252e-05 9.95656767e-01 1.89753312e-03],"[-0.06677938  0.04743648 -0.1354674  -1.4942096   0.14284709  0.03512251
  0.          0.          0.2        -0.26677936 -2.9683335 ]",1.5626724621628398,0,0
1076,1162,2024-09-28 17:03:36.562253824,TASK_BEGIN,23,-0.9155208852904544,0.4917848114413503,-2.4603721082543317,1.774804109195506,-0.1367961312311945,0.1751115533031935,3.257972100133274,-3.281569627240722,3,2024-09-28 17:03:36.305340088,1727543016.3053405,2024-09-28 17:03:36.305340416,25,0,-2.7988963357753676,-114.89954259000828,[1. 0. 0. 0.],[2.38229243e-03 6.34075252e-05 9.95656767e-01 1.89753312e-03],"[-0.06677938  0.04743648 -0.1354674  -1.4942096   0.14284709  0.03512251
  0.          0.          0.2        -0.26677936 -2.9683335 ]",1.5626724621628398,0,0
1077,1163,2024-09-28 17:03:37.507543040,TASK_BEGIN,23,-0.9336838051136626,0.4963514321635835,-2.6137039130457893,1.870986664672812,-0.1067619074568393,0.1661939867703611,3.214250308857015,-3.254139900204468,3,2024-09-28 17:03:36.994524902,1727543016.994526,2024-09-28 17:03:36.994525952,25,2,-4.739289266284078,-35.617047886354676,[0. 0. 1. 0.],[0.15520575 0.02976562 0.0383735  0.77665514],"[-0.12724917 -0.1850872  -0.6546156   0.0532669   0.19632457  0.04322716
  0.          0.          0.2        -0.32724917 -1.1081439 ]",1.558259720419418,0,0
1078,1164,2024-09-28 17:03:37.569198080,TASK_BEGIN,23,-0.9444978947669176,0.5005383775726837,-2.7671509804774352,1.96452786651498,-0.0799355939186946,0.1592781366673394,3.1278026715317564,-3.2172697340615097,3,2024-09-28 17:03:36.994524902,1727543016.994526,2024-09-28 17:03:36.994525952,25,2,-4.739289266284078,-35.617047886354676,[0. 0. 1. 0.],[0.15520575 0.02976562 0.0383735  0.77665514],"[-0.12724917 -0.1850872  -0.6546156   0.0532669   0.19632457  0.04322716
  0.          0.          0.2        -0.32724917 -1.1081439 ]",1.558259720419418,0,0
1079,1165,2024-09-28 17:03:37.648355840,TASK_BEGIN,23,-0.947333245301069,0.5041442629877299,-2.913285206798031,2.050285036016192,-0.0563575989884769,0.1542219367082281,3.0015159970440006,-3.171032845011253,3,2024-09-28 17:03:36.994524902,1727543016.994526,2024-09-28 17:03:36.994525952,25,2,-4.739289266284078,-35.617047886354676,[0. 0. 1. 0.],[0.15520575 0.02976562 0.0383735  0.77665514],"[-0.12724917 -0.1850872  -0.6546156   0.0532669   0.19632457  0.04322716
  0.          0.          0.2        -0.32724917 -1.1081439 ]",1.558259720419418,0,0
1080,1166,2024-09-28 17:03:37.716089856,TASK_BEGIN,23,-0.942065767566984,0.5069979986754033,-3.044873070222781,2.1238196876657582,-0.0361909618354915,0.1508584883546228,2.840431073090949,-3.1158104746839763,3,2024-09-28 17:03:36.994524902,1727543016.994526,2024-09-28 17:03:36.994525952,25,2,-4.739289266284078,-35.617047886354676,[0. 0. 1. 0.],[0.15520575 0.02976562 0.0383735  0.77665514],"[-0.12724917 -0.1850872  -0.6546156   0.0532669   0.19632457  0.04322716
  0.          0.          0.2        -0.32724917 -1.1081439 ]",1.558259720419418,0,0
1081,1167,2024-09-28 17:03:37.769341184,TASK_BEGIN,23,-0.92910150521411,0.5089621849770759,-3.155161880946449,2.18157574365983,-0.01960251511524,0.1489662054550773,2.6521660811494976,-3.0525852358399805,3,2024-09-28 17:03:36.994524902,1727543016.994526,2024-09-28 17:03:36.994525952,25,2,-4.739289266284078,-35.617047886354676,[0. 0. 1. 0.],[0.15520575 0.02976562 0.0383735  0.77665514],"[-0.12724917 -0.1850872  -0.6546156   0.0532669   0.19632457  0.04322716
  0.          0.          0.2        -0.32724917 -1.1081439 ]",1.558259720419418,0,0
1082,1168,2024-09-28 17:03:37.847022080,TASK_BEGIN,23,-0.9093520055543002,0.5099385979048129,-3.2382464958321604,2.2209439827637514,-0.0067400860902471,0.1482645082757301,2.446625656838579,-2.983105771882633,3,2024-09-28 17:03:37.867523926,1727543017.8675249,2024-09-28 17:03:37.867524864,25,0,-93.93654641090501,-133.8815863284367,[1. 0. 0. 0.],[0.07218502 0.00873495 0.91586995 0.00321008],"[-0.2627851  -0.3392142  -0.6782551  -0.36632058  0.28409198  0.87172717
  1.          1.          0.2        -0.46278512  0.12487203]",1.5645481842219122,1,2
1083,1169,2024-09-28 17:03:37.919334912,TASK_BEGIN,23,-0.8841466713108141,0.5098788902731493,-3.289591221563434,2.2402981657769963,0.0022152392343452,0.1484401364355204,2.235033512430086,-2.9098518582444304,3,2024-09-28 17:03:37.867523926,1727543017.8675249,2024-09-28 17:03:37.867524864,25,0,-93.93654641090501,-133.8815863284367,[1. 0. 0. 0.],[0.07218502 0.00873495 0.91586995 0.00321008],"[-0.2627851  -0.3392142  -0.6782551  -0.36632058  0.28409198  0.87172717
  1.          1.          0.2        -0.46278512  0.12487203]",1.5645481842219122,1,2
1084,1177,2024-09-28 17:03:40.187954176,TASK_BEGIN,23,-0.6768191369838238,0.4865961194594036,-2.768682882305643,1.820972728331312,-0.0996872996912416,0.1568593413313207,1.230162106437838,-2.494565283581863,3,2024-09-28 17:03:39.974431885,1727543019.9744325,2024-09-28 17:03:39.974432512,26,0,-2.862667536710731,-41.732681409243696,[1. 0. 0. 0.],[0.30377062 0.05077446 0.1491559  0.49629903],"[-0.02373266  0.90823114 -0.18535884 -0.5495738   0.06679042  0.06982787
  0.          0.          0.4        -0.42373267 -9.715419  ]",1.5280746886265106,0,0
1085,1178,2024-09-28 17:03:40.255696896,TASK_BEGIN,23,-0.6671210676336655,0.4845223368740544,-2.678917117419837,1.7433802953353283,-0.1355823491641376,0.1582947612528818,1.2028792290258867,-2.4808296589888386,3,2024-09-28 17:03:40.323460938,1727543020.323461,2024-09-28 17:03:40.323461120,26,0,-3.041912286659496,-44.93746295559053,[1. 0. 0. 0.],[0.2330944  0.03241321 0.16567248 0.56881991],"[-0.03552755  0.8226353  -0.14293659 -0.55600786  0.12488514  0.09919603
  0.          0.          0.4        -0.43552753 -9.030652  ]",1.5297688324619947,0,0
1086,1179,2024-09-28 17:03:40.323446016,TASK_BEGIN,23,-0.6617570251371697,0.4835131320559767,-2.604268094053989,1.6709020700369224,-0.1756322402010846,0.1600857492335225,1.183069292737741,-2.473772685574928,3,2024-09-28 17:03:40.381436035,1727543020.3814366,2024-09-28 17:03:40.381436672,26,0,-3.0553960072746236,-50.11718595484451,[1. 0. 0. 0.],[0.20525296 0.02723238 0.1999926  0.56752206],"[-0.03741312  0.8040792  -0.14293315 -0.6072263   0.13480465  0.09919516
  0.          0.          0.4        -0.43741313 -8.882203  ]",1.5329934326280292,0,0
1087,1180,2024-09-28 17:03:40.391182848,TASK_BEGIN,23,-0.6600428281020883,0.4837233299988553,-2.5473426511489965,1.605336747176337,-0.219096618327568,0.1623549350245166,1.164851829770739,-2.471898180739551,3,2024-09-28 17:03:40.469433105,1727543020.469433,2024-09-28 17:03:40.469433088,26,1,-4.182974031618992,-60.156276664720934,[0. 1. 0. 0.],[0.12316271 0.0115221  0.2169735  0.6483417 ],"[-0.04070274  0.7731215  -0.18462688 -0.688885    0.15908737  0.1972247
  0.          0.          0.4        -0.44070274 -8.6345415 ]",1.5552097527850763,0,0
1088,1181,2024-09-28 17:03:40.458953984,TASK_BEGIN,23,-0.6612172470426058,0.4852399931730533,-2.509140405674565,1.5478810566192611,-0.26514861220274,0.1652352407399558,1.1430114777523357,-2.473766022960567,3,2024-09-28 17:03:40.527434082,1727543020.5274339,2024-09-28 17:03:40.527433984,26,1,-4.367183836357819,-67.61649815807026,[0. 1. 0. 0.],[0.09110524 0.00493578 0.13413421 0.76982478],"[-0.04332693  0.75038326 -0.21325403 -0.74311775  0.18403359  0.26438555
  0.          0.          0.4        -0.44332692 -8.452636  ]",1.5584432483250406,0,0
1089,1182,2024-09-28 17:03:40.526147072,TASK_BEGIN,23,-0.6645927932558197,0.4880827684923586,-2.489405670415769,1.4992928749989272,-0.3129094901669655,0.1688672729080025,1.1132829010511622,-2.478091125571493,3,2024-09-28 17:03:40.586461182,1727543020.5864615,2024-09-28 17:03:40.586461440,26,1,-4.726795531689115,-75.47454090560684,[0. 1. 0. 0.],[0.06861928 0.0018882  0.06709469 0.86239783],"[-0.04625368  0.725994   -0.2396367  -0.7969345   0.21507305  0.32613888
  0.          0.          0.4        -0.4462537  -8.257522  ]",1.5606713408838488,0,0
1090,1183,2024-09-28 17:03:40.594104064,TASK_BEGIN,23,-0.6696574191014456,0.4922049686913345,-2.4870106261303992,1.4600344300564894,-0.3614507166573482,0.17338708320919,1.0725077142843735,-2.483819560939317,3,2024-09-28 17:03:40.646480957,1727543020.6464818,2024-09-28 17:03:40.646481664,26,1,-5.4001348927413435,-84.39705108141918,[0. 1. 0. 0.],[4.22130052e-02 6.60797742e-04 3.81953821e-02 9.18930815e-01],"[-0.04955101  0.6999185  -0.27323622 -0.8530001   0.25365612  0.4061779
  0.          0.          0.4        -0.44955102 -8.048918  ]",1.5626105750199257,0,0
1091,1184,2024-09-28 17:03:41.537451008,TASK_BEGIN,23,-0.6761167449108124,0.497498923776315,-2.5003329756328263,1.4303622908097662,-0.4097804997109019,0.1789074142417764,1.018631378375969,-2.490192540732452,3,2024-09-28 17:03:40.971239014,1727543020.9712393,2024-09-28 17:03:40.971239424,26,1,-5.784211978792266,-127.48627096237264,[0. 1. 0. 0.],[6.65012447e-03 2.30804926e-06 1.49766209e-03 9.91849905e-01],"[-0.06877756  0.52763855 -0.3131905  -1.148612    0.4882616   0.51340884
  0.          0.          0.4        -0.46877757 -6.670678  ]",1.567033744222322,1,2
1092,1185,2024-09-28 17:03:41.605259008,TASK_BEGIN,23,-0.6838816174486515,0.5038081341264423,-2.527573375164778,1.4103949250209795,-0.4568427572505959,0.1855022660814422,0.950449585867586,-2.496752846266217,3,2024-09-28 17:03:40.971239014,1727543020.9712393,2024-09-28 17:03:40.971239424,26,1,-5.784211978792266,-127.48627096237264,[0. 1. 0. 0.],[6.65012447e-03 2.30804926e-06 1.49766209e-03 9.91849905e-01],"[-0.06877756  0.52763855 -0.3131905  -1.148612    0.4882616   0.51340884
  0.          0.          0.4        -0.46877757 -6.670678  ]",1.567033744222322,1,2
1093,1186,2024-09-28 17:03:41.673011968,TASK_BEGIN,23,-0.6930147394123252,0.5109424482038097,-2.56690170654468,1.4002076988062606,-0.5015246153982286,0.1931990910673998,0.8671364572800218,-2.5032659502742383,3,2024-09-28 17:03:40.971239014,1727543020.9712393,2024-09-28 17:03:40.971239424,26,1,-5.784211978792266,-127.48627096237264,[0. 1. 0. 0.],[6.65012447e-03 2.30804926e-06 1.49766209e-03 9.91849905e-01],"[-0.06877756  0.52763855 -0.3131905  -1.148612    0.4882616   0.51340884
  0.          0.          0.4        -0.46877757 -6.670678  ]",1.567033744222322,1,2
1094,1187,2024-09-28 17:03:41.731100160,TASK_BEGIN,23,-0.7036590498803237,0.5186911162618937,-2.616342158720104,1.3999266181160757,-0.5426509003864419,0.2019730302018746,0.7678011774102456,-2.509588582123103,3,2024-09-28 17:03:40.971239014,1727543020.9712393,2024-09-28 17:03:40.971239424,26,1,-5.784211978792266,-127.48627096237264,[0. 1. 0. 0.],[6.65012447e-03 2.30804926e-06 1.49766209e-03 9.91849905e-01],"[-0.06877756  0.52763855 -0.3131905  -1.148612    0.4882616   0.51340884
  0.          0.          0.4        -0.46877757 -6.670678  ]",1.567033744222322,1,2
1095,1188,2024-09-28 17:03:41.808509952,TASK_BEGIN,23,-0.7159682510743407,0.5268320504571661,-2.673446230580247,1.409735652566197,-0.5789762614420868,0.2117393618084089,0.6513957061219657,-2.5155736831306554,3,2024-09-28 17:03:40.971239014,1727543020.9712393,2024-09-28 17:03:40.971239424,26,1,-5.784211978792266,-127.48627096237264,[0. 1. 0. 0.],[6.65012447e-03 2.30804926e-06 1.49766209e-03 9.91849905e-01],"[-0.06877756  0.52763855 -0.3131905  -1.148612    0.4882616   0.51340884
  0.          0.          0.4        -0.46877757 -6.670678  ]",1.567033744222322,1,2
1096,1189,2024-09-28 17:03:41.875785216,TASK_BEGIN,23,-0.730050393676376,0.53513918173293,-2.734995608412886,1.4297804819959712,-0.6092180469450379,0.2223513155756696,0.5170946067014405,-2.5211101512387963,3,2024-09-28 17:03:40.971239014,1727543020.9712393,2024-09-28 17:03:40.971239424,26,1,-5.784211978792266,-127.48627096237264,[0. 1. 0. 0.],[6.65012447e-03 2.30804926e-06 1.49766209e-03 9.91849905e-01],"[-0.06877756  0.52763855 -0.3131905  -1.148612    0.4882616   0.51340884
  0.          0.          0.4        -0.46877757 -6.670678  ]",1.567033744222322,1,2
1097,1190,2024-09-28 17:03:41.943031040,TASK_BEGIN,23,-0.7459316779342294,0.5433917857436174,-2.7970021460423915,1.4600288160923092,-0.6321546261632736,0.2336133500628731,0.364917952474026,-2.5262980853148678,3,2024-09-28 17:03:41.062532959,1727543021.0625336,2024-09-28 17:03:41.062533632,26,0,-5.14258356378059,-136.28237576245678,[1. 0. 0. 0.],[2.21314381e-03 4.08876338e-07 1.62942445e-04 9.97623505e-01],"[-0.07622878  0.47456312 -0.3892553  -1.1702591   0.5636385   0.5024599
  0.          0.          0.4        -0.47622877 -6.2460747 ]",1.5658915628183898,1,2
1098,1191,2024-09-28 17:03:42.861641728,TASK_BEGIN,23,-0.7635457611247888,0.5513892141494674,-2.855005061353911,1.5001379546150917,-0.6467711888819767,0.2453085788468745,0.196205074252976,-2.5316274516703,3,2024-09-28 17:03:42.219585938,1727543022.2195864,2024-09-28 17:03:42.219586304,26,2,-25.754220799675796,-527.7530613192715,[0. 0. 1. 0.],[1.30248231e-04 8.68695410e-08 1.89906876e-09 9.99869663e-01],"[-6.6505599e-01 -1.1127591e-03 -4.5411801e+00 -8.0789202e-01
  1.5704787e+00  4.6876484e-01  0.0000000e+00  0.0000000e+00
  4.0000001e-01 -1.0650560e+00 -2.4406676e+00]",1.5371375568296117,1,2
1099,1192,2024-09-28 17:03:42.930852864,TASK_BEGIN,23,-0.7827539181120844,0.5589716123450299,-2.90439369195838,1.549352437350181,-0.6524109664625932,0.2572264025228414,0.0137388251190743,-2.5380119952791045,3,2024-09-28 17:03:42.219585938,1727543022.2195864,2024-09-28 17:03:42.219586304,26,2,-25.754220799675796,-527.7530613192715,[0. 0. 1. 0.],[1.30248231e-04 8.68695410e-08 1.89906876e-09 9.99869663e-01],"[-6.6505599e-01 -1.1127591e-03 -4.5411801e+00 -8.0789202e-01
  1.5704787e+00  4.6876484e-01  0.0000000e+00  0.0000000e+00
  4.0000001e-01 -1.0650560e+00 -2.4406676e+00]",1.5371375568296117,1,2
1100,1193,2024-09-28 17:03:42.984422144,TASK_BEGIN,23,-0.8034033416427826,0.5660437828913711,-2.940554844268105,1.6064515938278856,-0.6488872411086128,0.2691765155628493,-0.178374792908106,-2.5466316658188286,3,2024-09-28 17:03:42.219585938,1727543022.2195864,2024-09-28 17:03:42.219586304,26,2,-25.754220799675796,-527.7530613192715,[0. 0. 1. 0.],[1.30248231e-04 8.68695410e-08 1.89906876e-09 9.99869663e-01],"[-6.6505599e-01 -1.1127591e-03 -4.5411801e+00 -8.0789202e-01
  1.5704787e+00  4.6876484e-01  0.0000000e+00  0.0000000e+00
  4.0000001e-01 -1.0650560e+00 -2.4406676e+00]",1.5371375568296117,1,2
1101,1194,2024-09-28 17:03:43.063069184,TASK_BEGIN,23,-0.8254138818706153,0.572595885652673,-2.958919289146976,1.6697498598938676,-0.6365294841646072,0.2809864662975493,-0.3749024876906431,-2.558649194641634,3,2024-09-28 17:03:42.219585938,1727543022.2195864,2024-09-28 17:03:42.219586304,26,2,-25.754220799675796,-527.7530613192715,[0. 0. 1. 0.],[1.30248231e-04 8.68695410e-08 1.89906876e-09 9.99869663e-01],"[-6.6505599e-01 -1.1127591e-03 -4.5411801e+00 -8.0789202e-01
  1.5704787e+00  4.6876484e-01  0.0000000e+00  0.0000000e+00
  4.0000001e-01 -1.0650560e+00 -2.4406676e+00]",1.5371375568296117,1,2
1102,1195,2024-09-28 17:03:43.134105088,TASK_BEGIN,23,-0.8488465710307528,0.5787113623602413,-2.9550843192156644,1.7371247291239031,-0.6161647908868171,0.2924920491225594,-0.5697283863886655,-2.57491581770207,3,2024-09-28 17:03:42.219585938,1727543022.2195864,2024-09-28 17:03:42.219586304,26,2,-25.754220799675796,-527.7530613192715,[0. 0. 1. 0.],[1.30248231e-04 8.68695410e-08 1.89906876e-09 9.99869663e-01],"[-6.6505599e-01 -1.1127591e-03 -4.5411801e+00 -8.0789202e-01
  1.5704787e+00  4.6876484e-01  0.0000000e+00  0.0000000e+00
  4.0000001e-01 -1.0650560e+00 -2.4406676e+00]",1.5371375568296117,1,2
1103,1196,2024-09-28 17:03:43.186696960,TASK_BEGIN,23,-0.8738969902018142,0.5845532728555003,-2.9250872110209705,1.8060600050435427,-0.5890453601169803,0.3035336503480011,-0.7561909586447314,-2.5957486461602555,3,2024-09-28 17:03:42.277613037,1727543022.2776139,2024-09-28 17:03:42.277613824,26,2,-24.163783703328523,-556.0578119741518,[0. 0. 1. 0.],[8.52976810e-05 3.16314789e-08 2.73176877e-09 9.99914668e-01],"[-0.73066187 -0.02624142 -4.8145375  -0.834693    1.6185156   0.48440456
  0.          0.          0.4        -1.1306618  -2.2396383 ]",1.5369622235157572,1,2
1104,1197,2024-09-28 17:03:43.269667072,TASK_BEGIN,23,-0.9007989426301364,0.5903292772809522,-2.865819736226301,1.8737395354099555,-0.5567317151933541,0.3139616221014317,-0.9275088257402638,-2.6208081924440254,3,2024-09-28 17:03:42.365588867,1727543022.3655891,2024-09-28 17:03:42.365589248,26,2,-15.122180649507232,-595.4372232041495,[0. 0. 1. 0.],[3.86596661e-05 5.77363715e-09 6.02657849e-09 9.99961329e-01],"[-0.8366443  -0.06664026 -5.188219   -0.9161208   1.692154    0.49154514
  0.          0.          0.4        -1.2366443  -1.9164475 ]",1.5368999727036539,1,2
1105,1198,2024-09-28 17:03:44.213131776,TASK_BEGIN,23,-0.9296799341786648,0.5962494710115663,-2.7755447515432263,1.937232724971344,-0.5209546293348908,0.3236407972248786,-1.0772554683582565,-2.6490818263910803,3,2024-09-28 17:03:44.278675049,1727543024.2786753,2024-09-28 17:03:44.278675200,27,0,-2.290435715127572,-10.554443018138347,[1. 0. 0. 0.],[0.4822776  0.12053341 0.05850446 0.33868453],"[-8.6737471e-03  9.8892629e-01 -1.8364997e-01 -2.0478778e-01
  2.4683602e-02  6.9626205e-02  0.0000000e+00  0.0000000e+00
  2.0000000e-01 -2.0867375e-01 -1.1948658e+01]",1.5044683587178418,0,0
1106,1199,2024-09-28 17:03:44.280949248,TASK_BEGIN,23,-0.9604291506972252,0.6024945758465949,-2.654412267223367,1.993751264116003,-0.4834920710964488,0.3324470945395339,-1.1998155539630195,-2.6789715692908973,3,2024-09-28 17:03:44.336674072,1727543024.336675,2024-09-28 17:03:44.336674816,27,0,-2.483555412797415,-15.200888564375965,[1. 0. 0. 0.],[0.45999839 0.1041529  0.05889641 0.37695231],"[-1.1155288e-02  9.8132908e-01 -1.8374108e-01 -2.5601208e-01
  3.1641074e-02  6.9584019e-02  0.0000000e+00  0.0000000e+00
  2.0000000e-01 -2.1115528e-01 -1.1887880e+01]",1.5065698387992175,0,0
1107,1200,2024-09-28 17:03:44.348389888,TASK_BEGIN,23,-0.9926118271178458,0.6091950530675383,-2.504797994047363,2.040891701706516,-0.446081817795514,0.3402633171765293,-1.2907077560643978,-2.7084969072329272,3,2024-09-28 17:03:44.423675049,1727543024.423675,2024-09-28 17:03:44.423675136,27,0,-2.661148891029967,-22.500792029587572,[1. 0. 0. 0.],[0.41920508 0.07813366 0.05690295 0.4457583 ],"[ -0.01487994   0.9669329   -0.18387638  -0.3328509    0.04206949
   0.0695226    0.           0.           0.2         -0.21487994
 -11.772711  ]",1.5086936817570347,0,0
1108,1201,2024-09-28 17:03:44.416350976,TASK_BEGIN,23,-1.0254255477220608,0.6164052679907012,-2.331281571541915,2.0767734984636816,-0.4103571544801675,0.3469850351679472,-1.3466890680707744,-2.735621494608656,3,2024-09-28 17:03:44.481676025,1727543024.4816763,2024-09-28 17:03:44.481676288,27,0,-2.735537759562021,-27.463087327370083,[1. 0. 0. 0.],[0.39915518 0.06684256 0.05521061 0.47879165],"[ -0.01736466   0.95533514  -0.18396567  -0.38407832   0.04901673
   0.06948261   0.           0.           0.2         -0.21736465
 -11.679929  ]",1.5103644383195036,0,0
1109,1202,2024-09-28 17:03:44.478487040,TASK_BEGIN,23,-1.0576867409408952,0.6240643511572351,-2.140193608918965,2.100044929805005,-0.3777918378990056,0.352537363716863,-1.365672732526521,-2.758640958574325,3,2024-09-28 17:03:44.539675049,1727543024.5396757,2024-09-28 17:03:44.539675648,27,0,-2.7889251349993884,-32.44219442183502,[1. 0. 0. 0.],[0.36917191 0.05805162 0.06597914 0.50679733],"[ -0.01985073   0.94213736  -0.1840542   -0.43530697   0.05596007
   0.06944331   0.           0.           0.2         -0.21985073
 -11.574347  ]",1.5116736757075675,0,0
1110,1203,2024-09-28 17:03:44.551864064,TASK_BEGIN,23,-1.0878610075301665,0.631956239876712,-1.938874289740882,2.109817221025228,-0.3496705331735656,0.3568948077099108,-1.346564714598269,-2.77650673853532,3,2024-09-28 17:03:44.626276123,1727543024.626276,2024-09-28 17:03:44.626276096,27,0,-2.8441654963679213,-39.87693131312028,[1. 0. 0. 0.],[0.32938516 0.0513228  0.09645811 0.52283393],"[ -0.0235823    0.91934025  -0.18418548  -0.5121522    0.06636787
   0.06938566   0.           0.           0.2         -0.2235823
 -11.39197   ]",1.5158064310851302,0,0
1111,1204,2024-09-28 17:03:44.618297088,TASK_BEGIN,23,-1.1141678757312703,0.6396928996833745,-1.7349208165106755,2.105621486993412,-0.3270954710585836,0.3600949947424526,-1.2891482138502284,-2.7889841518358267,3,2024-09-28 17:03:44.684129883,1727543024.684131,2024-09-28 17:03:44.684130816,27,0,-2.87025968026191,-44.78310725078181,[1. 0. 0. 0.],[0.31157989 0.04727142 0.12144434 0.51970434],"[ -0.02607155   0.9021418   -0.18427193  -0.5633839    0.07330168
   0.06934812   0.           0.           0.2         -0.22607155
 -11.254382  ]",1.5185411372890374,0,0
1112,1205,2024-09-28 17:03:45.554273024,TASK_BEGIN,23,-1.1347692187659757,0.646740172312836,-1.5356074143635727,2.0874284131177863,-0.3109997080438869,0.3622378789924436,-1.1941503339510369,-2.7966086747477603,3,2024-09-28 17:03:45.243494873,1727543025.2434957,2024-09-28 17:03:45.243495680,27,0,-2.930204211939696,-67.36164171052327,[1. 0. 0. 0.],[0.14954249 0.01757777 0.29019912 0.54268062],"[-0.05140162  0.6791891  -0.22857223 -0.8045973   0.1401203   0.06978421
  0.          0.          0.2        -0.2514016  -9.47076   ]",1.5362646433799556,0,0
1113,1206,2024-09-28 17:03:45.630948096,TASK_BEGIN,23,-1.1480047725764415,0.6524882536437495,-1.3474991147596564,2.055694730770754,-0.302135888074638,0.3634670310123807,-1.0635341959539484,-2.800476011562338,3,2024-09-28 17:03:45.243494873,1727543025.2434957,2024-09-28 17:03:45.243495680,27,0,-2.930204211939696,-67.36164171052327,[1. 0. 0. 0.],[0.14954249 0.01757777 0.29019912 0.54268062],"[-0.05140162  0.6791891  -0.22857223 -0.8045973   0.1401203   0.06978421
  0.          0.          0.2        -0.2514016  -9.47076   ]",1.5362646433799556,0,0
1114,1207,2024-09-28 17:03:45.693571072,TASK_BEGIN,23,-1.1526090869167562,0.6563487134973462,-1.1762401001913525,2.0113946543691674,-0.3010473825225088,0.3639409115689679,-0.9008903440496908,-2.8019554010887013,3,2024-09-28 17:03:45.765733887,1727543025.765735,2024-09-28 17:03:45.765734912,27,0,-2.787005300716544,-61.11524008277641,[1. 0. 0. 0.],[0.14578739 0.0194636  0.28330083 0.55144818],"[-0.09281484  0.5142726  -0.36861455 -0.6598739   0.20274046  0.07083438
  0.          0.          0.2        -0.29281485 -8.151428  ]",1.5376212370270432,0,0
1115,1208,2024-09-28 17:03:45.764556032,TASK_BEGIN,23,-1.1478581507905987,0.6578510984142293,-1.0265177425273406,1.9560467533316377,-0.3080422910993963,0.3638078850273214,-0.7116500804180765,-2.802427435157598,3,2024-09-28 17:03:45.825733887,1727543025.8257341,2024-09-28 17:03:45.825734144,27,0,-2.8277001389105862,-65.5068913637705,[1. 0. 0. 0.],[0.12789596 0.01408606 0.27214332 0.58587466],"[-0.09786423  0.49247336 -0.36861172 -0.7110832   0.2098239   0.07083404
  0.          0.          0.2        -0.29786423 -7.977035  ]",1.5412540585930963,0,0
1116,1209,2024-09-28 17:03:45.834224128,TASK_BEGIN,23,-1.1336313333338868,0.6567168780787016,-0.9021680333298214,1.89175441296626,-0.3231714662122973,0.3631923491023226,-0.5028545656984152,-2.803121841424796,3,2024-09-28 17:03:45.886738037,1727543025.886738,2024-09-28 17:03:45.886738176,27,0,-2.8621000871359,-69.88255415256135,[1. 0. 0. 0.],[0.13066369 0.01032062 0.19774517 0.66127052],"[-0.1029137   0.4690746  -0.3686088  -0.7622924   0.21690734  0.07083374
  0.          0.          0.2        -0.3029137  -7.789845  ]",1.544560436609822,0,0
1117,1210,2024-09-28 17:03:45.897346816,TASK_BEGIN,23,-1.110402495784544,0.6528991487235268,-0.8063243391535766,1.8212281927447085,-0.3462011856516735,0.3621913547036622,-0.2825336406222808,-2.805060485642707,3,2024-09-28 17:03:45.978045898,1727543025.978046,2024-09-28 17:03:45.978045952,27,0,-2.9044067152198636,-76.39390560057741,[1. 0. 0. 0.],[0.11883448 0.00619733 0.14410272 0.73086547],"[-0.11048794  0.43097746 -0.36860418 -0.8391062   0.22753236  0.07083331
  0.          0.          0.2        -0.31048793 -7.485068  ]",1.5481480733221473,0,0
1118,1211,2024-09-28 17:03:45.962402048,TASK_BEGIN,23,-1.0791885450681784,0.6465875660197962,-0.7415490729470712,1.7477502243028518,-0.3765853992291479,0.3608794409996035,-0.059092259890881,-2.809031925722117,3,2024-09-28 17:03:46.039155029,1727543026.0391557,2024-09-28 17:03:46.039155712,27,0,-2.9277247447110994,-80.68872360118591,[1. 0. 0. 0.],[0.10928684 0.00436259 0.12855934 0.75779122],"[-0.11553756  0.40357983 -0.36860096 -0.8903153   0.23461565  0.07083301
  0.          0.          0.2        -0.31553757 -7.265887  ]",1.5506180492233976,0,0
1119,1212,2024-09-28 17:03:46.904078848,TASK_BEGIN,23,-1.0414849614398511,0.6381868526052239,-0.7099822869325253,1.6750698152356276,-0.4134634832276748,0.3593206181663215,0.159032662376954,-2.8155350272021327,3,2024-09-28 17:03:46.391182861,1727543026.3911831,2024-09-28 17:03:46.391183104,27,0,-3.0173420965021194,-105.4095866377778,[1. 0. 0. 0.],[1.00248718e-01 7.30458112e-04 8.83235106e-02 8.10697313e-01],"[-0.14583683  0.20560324 -0.36857986 -1.19757     0.27711505  0.07083137
  0.          0.          0.2        -0.34583682 -5.682074  ]",1.5593291363249873,0,0
1120,1213,2024-09-28 17:03:46.981135872,TASK_BEGIN,23,-0.9991982783516576,0.6282795433573877,-0.7134727020933321,1.607215088263755,-0.455711893206816,0.3575874299379817,0.3636215352079507,-2.8247152172313967,3,2024-09-28 17:03:46.391182861,1727543026.3911831,2024-09-28 17:03:46.391183104,27,0,-3.0173420965021194,-105.4095866377778,[1. 0. 0. 0.],[1.00248718e-01 7.30458112e-04 8.83235106e-02 8.10697313e-01],"[-0.14583683  0.20560324 -0.36857986 -1.19757     0.27711505  0.07083137
  0.          0.          0.2        -0.34583682 -5.682074  ]",1.5593291363249873,0,0
1121,1214,2024-09-28 17:03:47.048945152,TASK_BEGIN,23,-0.9545603582985648,0.6175766910804934,-0.7535483119947982,1.548229499427603,-0.502044178568921,0.3557856783975493,0.5471181762508394,-2.8363530965854427,3,2024-09-28 17:03:46.391182861,1727543026.3911831,2024-09-28 17:03:46.391183104,27,0,-3.0173420965021194,-105.4095866377778,[1. 0. 0. 0.],[1.00248718e-01 7.30458112e-04 8.83235106e-02 8.10697313e-01],"[-0.14583683  0.20560324 -0.36857986 -1.19757     0.27711505  0.07083137
  0.          0.          0.2        -0.34583682 -5.682074  ]",1.5593291363249873,0,0
1122,1215,2024-09-28 17:03:47.107251968,TASK_BEGIN,23,-0.910008138483319,0.6068531354179597,-0.831217096714816,1.5019165778615384,-0.55110743604817,0.3540782312530197,0.7033018940068385,-2.8499401453055597,3,2024-09-28 17:03:47.187180908,1727543027.1871817,2024-09-28 17:03:47.187181824,27,0,-2.301641355993553,-92.40194808322066,[1. 0. 0. 0.],[1.21419671e-02 4.52301587e-05 6.18185867e-03 9.81630944e-01],"[-0.2881132  -0.02834409 -0.9264213  -0.46844882  0.4093427   0.11645744
  0.          0.          0.2        -0.4881132  -3.8104954 ]",1.5596137510653776,0,0
1123,1216,2024-09-28 17:03:47.170264832,TASK_BEGIN,23,-0.8680309570502731,0.5968683611056252,-0.9467441671789858,1.4716628341406797,-0.6015286168486458,0.3526984678745903,0.8279879166389635,-2.8648448171811376,3,2024-09-28 17:03:47.245183838,1727543027.245184,2024-09-28 17:03:47.245184000,27,0,-2.40279863433247,-95.29548390294087,[1. 0. 0. 0.],[1.02648667e-02 3.33210413e-05 5.92907623e-03 9.83772736e-01],"[-0.300872   -0.04411238 -0.92640597 -0.51967233  0.42098838  0.11645599
  0.          0.          0.2        -0.500872   -3.684349  ]",1.5606736278176978,0,0
1124,1217,2024-09-28 17:03:47.248754944,TASK_BEGIN,23,-0.8309992355743647,0.5882854805466884,-1.09946830321583,1.4603026048255423,-0.6519257239018263,0.3519479734562291,0.9194481623786128,-2.880511608186523,3,2024-09-28 17:03:47.304179932,1727543027.3041804,2024-09-28 17:03:47.304180480,27,0,-2.497147567605822,-98.32256696301478,[1. 0. 0. 0.],[8.57131742e-03 2.45220128e-05 5.52022712e-03 9.85883933e-01],"[-0.3136312  -0.06147957 -0.9263903  -0.5708957   0.43263385  0.11645452
  0.          0.          0.2        -0.5136312  -3.5454116 ]",1.5618905936575662,0,0
1125,1218,2024-09-28 17:03:47.310756864,TASK_BEGIN,23,-0.8009911571540359,0.5816065057773384,-1.2876276269861742,1.469957168882135,-0.7009354594125812,0.3521794720385114,0.97823596915912,-2.896578260892508,3,2024-09-28 17:03:47.362183105,1727543027.362184,2024-09-28 17:03:47.362183936,27,0,-2.584880006819219,-101.46724613591465,[1. 0. 0. 0.],[7.26053513e-03 1.58891432e-05 3.39430982e-03 9.89329266e-01],"[-0.32639083 -0.08044565 -0.9263742  -0.62211895  0.4442793   0.11645305
  0.          0.          0.2        -0.52639085 -3.393683  ]",1.5628437713826733,1,2
1126,1219,2024-09-28 17:03:48.262411008,TASK_BEGIN,23,-0.779636081680176,0.5771362934564064,-1.508220812960703,1.5018500470128917,-0.7472782184577511,0.3537696661703827,1.0063977172730036,-2.9128453161253662,3,2024-09-28 17:03:47.362183105,1727543027.362184,2024-09-28 17:03:47.362183936,27,0,-2.584880006819219,-101.46724613591465,[1. 0. 0. 0.],[7.26053513e-03 1.58891432e-05 3.39430982e-03 9.89329266e-01],"[-0.32639083 -0.08044565 -0.9263742  -0.62211895  0.4442793   0.11645305
  0.          0.          0.2        -0.52639085 -3.393683  ]",1.5628437713826733,1,2
1127,1220,2024-09-28 17:03:48.330166016,TASK_BEGIN,23,-0.7679934710399958,0.574975426984295,-1.7569693650154994,1.5561497391232448,-0.7898340603309393,0.357086267900505,1.006496758928196,-2.9291486520208734,3,2024-09-28 17:03:47.769182861,1727543027.7691834,2024-09-28 17:03:47.769183488,27,0,-2.009195343291651,-142.2483981159855,[1. 0. 0. 0.],[4.83046992e-04 4.69151698e-07 2.39993511e-06 9.99514084e-01],"[-0.45456517 -0.13528073 -1.4447613  -0.2681156   0.5300736   0.12215537
  0.          0.          0.2        -0.65456516 -2.9550023 ]",1.5565248145863837,1,2
1128,1221,2024-09-28 17:03:48.397746944,TASK_BEGIN,23,-0.766488712369914,0.5750358848681337,-2.0283833242587788,1.6318730638014969,-0.8276988168791851,0.362452719398944,0.9809679805873098,-2.9452303453163564,3,2024-09-28 17:03:47.769182861,1727543027.7691834,2024-09-28 17:03:47.769183488,27,0,-2.009195343291651,-142.2483981159855,[1. 0. 0. 0.],[4.83046992e-04 4.69151698e-07 2.39993511e-06 9.99514084e-01],"[-0.45456517 -0.13528073 -1.4447613  -0.2681156   0.5300736   0.12215537
  0.          0.          0.2        -0.65456516 -2.9550023 ]",1.5565248145863837,1,2
1129,1222,2024-09-28 17:03:48.461562880,TASK_BEGIN,23,-0.7749294163348206,0.5770770495737432,-2.315849987671732,1.7268451521495376,-0.860223761909569,0.3701181417266407,0.932017483108321,-2.9606612164003825,3,2024-09-28 17:03:47.769182861,1727543027.7691834,2024-09-28 17:03:47.769183488,27,0,-2.009195343291651,-142.2483981159855,[1. 0. 0. 0.],[4.83046992e-04 4.69151698e-07 2.39993511e-06 9.99514084e-01],"[-0.45456517 -0.13528073 -1.4447613  -0.2681156   0.5300736   0.12215537
  0.          0.          0.2        -0.65456516 -2.9550023 ]",1.5565248145863837,1,2
1130,1223,2024-09-28 17:03:48.533261056,TASK_BEGIN,23,-0.7926078592209795,0.5807617624908823,-2.611654848014896,1.837708003116421,-0.8870620649370865,0.3802430515216562,0.8619554119453687,-2.9748253380288783,3,2024-09-28 17:03:47.769182861,1727543027.7691834,2024-09-28 17:03:47.769183488,27,0,-2.009195343291651,-142.2483981159855,[1. 0. 0. 0.],[4.83046992e-04 4.69151698e-07 2.39993511e-06 9.99514084e-01],"[-0.45456517 -0.13528073 -1.4447613  -0.2681156   0.5300736   0.12215537
  0.          0.          0.2        -0.65456516 -2.9550023 ]",1.5565248145863837,1,2
1131,1224,2024-09-28 17:03:48.601032960,TASK_BEGIN,23,-0.8184588579337928,0.5857240674409971,-2.906946594622533,1.9600081073245903,-0.9082201638289064,0.3929020522853019,0.7737336596369108,-2.986961410978828,3,2024-09-28 17:03:47.769182861,1727543027.7691834,2024-09-28 17:03:47.769183488,27,0,-2.009195343291651,-142.2483981159855,[1. 0. 0. 0.],[4.83046992e-04 4.69151698e-07 2.39993511e-06 9.99514084e-01],"[-0.45456517 -0.13528073 -1.4447613  -0.2681156   0.5300736   0.12215537
  0.          0.          0.2        -0.65456516 -2.9550023 ]",1.5565248145863837,1,2
1132,1225,2024-09-28 17:03:48.668253952,TASK_BEGIN,23,-0.8512230944237066,0.5916323374006808,-3.1918202964046087,2.088431673367768,-0.9240737889606646,0.4080898492188851,0.6714407791005756,-2.9962413610229195,3,2024-09-28 17:03:47.769182861,1727543027.7691834,2024-09-28 17:03:47.769183488,27,0,-2.009195343291651,-142.2483981159855,[1. 0. 0. 0.],[4.83046992e-04 4.69151698e-07 2.39993511e-06 9.99514084e-01],"[-0.45456517 -0.13528073 -1.4447613  -0.2681156   0.5300736   0.12215537
  0.          0.          0.2        -0.65456516 -2.9550023 ]",1.5565248145863837,1,2
1133,1229,2024-09-28 17:03:49.816073984,TASK_BEGIN,23,-1.025636912766734,0.6210049745815032,-4.02660949486681,2.55261480634412,-0.950145083556468,0.4908569417127125,0.2360393915720293,-2.98845067852602,3,2024-09-28 17:03:49.871166992,1727543029.871168,2024-09-28 17:03:49.871168000,28,0,-1.3664890705281465,-1.3664890705281465,[1. 0. 0. 0.],[0.43601721 0.16051807 0.10205212 0.30141259],"[-1.9674301e-03  9.9948692e-01 -1.4578146e-01 -1.2255274e-01
  5.7935258e-03  5.5425804e-02  0.0000000e+00  0.0000000e+00
 -2.0000000e-01  1.9803257e-01 -1.1725761e+01]",1.495016244010006,0,0
1134,1230,2024-09-28 17:03:49.883845888,TASK_BEGIN,23,-1.0742002424198809,0.6294647460126331,-4.121955994393605,2.634188949312044,-0.9515667073905608,0.5153260128107494,0.1468625676434177,-2.971103590464199,3,2024-09-28 17:03:49.959614014,1727543029.9596143,2024-09-28 17:03:49.959614208,28,0,-2.2266279041705985,-7.550654766764088,[1. 0. 0. 0.],[0.40879481 0.1251748  0.11757738 0.34845302],"[-4.9223900e-03  9.9134243e-01 -1.4589164e-01 -1.9938734e-01
  1.4099620e-02  5.5373490e-02  0.0000000e+00  0.0000000e+00
 -2.0000000e-01  1.9507761e-01 -1.1660605e+01]",1.4975147727048639,0,0
1135,1231,2024-09-28 17:03:49.942256896,TASK_BEGIN,23,-1.1227244133280458,0.6383082896580028,-4.167027656978156,2.6971746006032538,-0.9523617076232582,0.5402700017210635,0.0707367693800785,-2.9460383444621505,3,2024-09-28 17:03:49.988612793,1727543029.9886134,2024-09-28 17:03:49.988613376,28,0,-2.3194422990240326,-9.79459051812048,[1. 0. 0. 0.],[0.39941315 0.11310188 0.12153147 0.3659535 ],"[-5.9078536e-03  9.8782754e-01 -1.4592819e-01 -2.2499712e-01
  1.6866649e-02  5.5356435e-02  0.0000000e+00  0.0000000e+00
 -2.0000000e-01  1.9409214e-01 -1.1632486e+01]",1.497881935979885,0,0
1136,1232,2024-09-28 17:03:50.019325952,TASK_BEGIN,23,-1.1703845499736956,0.6474519296511865,-4.16549154353541,2.7414675564232462,-0.9530924525236636,0.5650490280080784,0.0069600780183578,-2.912908859729504,3,2024-09-28 17:03:49.988612793,1727543029.9886134,2024-09-28 17:03:49.988613376,28,0,-2.3194422990240326,-9.79459051812048,[1. 0. 0. 0.],[0.39941315 0.11310188 0.12153147 0.3659535 ],"[-5.9078536e-03  9.8782754e-01 -1.4592819e-01 -2.2499712e-01
  1.6866649e-02  5.5356435e-02  0.0000000e+00  0.0000000e+00
 -2.0000000e-01  1.9409214e-01 -1.1632486e+01]",1.497881935979885,0,0
1137,1233,2024-09-28 17:03:50.933244928,TASK_BEGIN,23,-1.216454443231566,0.6567633608274954,-4.124350248376429,2.768101285569992,-0.9542786218248692,0.5889984870745552,-0.0464321154052004,-2.8719037849376723,3,2024-09-28 17:03:50.990050049,1727543030.9900508,2024-09-28 17:03:50.990050816,28,0,-2.750863273976421,-84.89979550981005,[1. 0. 0. 0.],[0.08929367 0.00892014 0.54663962 0.35514658],"[-0.03948744  0.6292223  -0.1461614  -1.0999511   0.11059185  0.0550664
  0.          0.         -0.2         0.16051255 -8.763644  ]",1.499950166738628,0,0
1138,1234,2024-09-28 17:03:50.995248128,TASK_BEGIN,23,-1.2602940885950995,0.6660714776415201,-4.053177800553033,2.778987406763713,-0.9564157423706384,0.611465233670009,-0.092045917369077,-2.823832683951229,3,2024-09-28 17:03:51.078121826,1727543031.0781221,2024-09-28 17:03:51.078122240,28,0,-2.754439203798256,-90.55576418798687,[1. 0. 0. 0.],[0.06454629 0.00571031 0.6092014  0.320542  ],"[-0.0424494   0.57527614 -0.14615995 -1.1767596   0.1188518   0.05506619
  0.          0.         -0.2         0.1575506  -8.332075  ]",1.5064101361295401,0,0
1139,1235,2024-09-28 17:03:51.071491840,TASK_BEGIN,23,-1.301336743626491,0.6751849693515959,-3.962817913482625,2.7765657790882687,-0.9599745543742848,0.6318472511629608,-0.1324980343537675,-2.77015672820404,3,2024-09-28 17:03:51.137837891,1727543031.1378386,2024-09-28 17:03:51.137838592,28,0,-2.7565490637144308,-94.23821445739783,[1. 0. 0. 0.],[0.05393411 0.004166   0.65457029 0.2873296 ],"[-0.04442406  0.5373124  -0.14615893 -1.2279654   0.12435845  0.05506603
  0.          0.         -0.2         0.15557595 -8.028365  ]",1.5106302473515867,0,0
1140,1236,2024-09-28 17:03:51.140000000,TASK_BEGIN,23,-1.339077699267897,0.6839130238921545,-3.8636817871319447,2.7633710548213504,-0.965353852018819,0.6496316316829429,-0.1697466310103322,-2.713005804406915,3,2024-09-28 17:03:51.196548096,1727543031.1965485,2024-09-28 17:03:51.196548352,28,0,-2.758449093054992,-97.85126637958811,[1. 0. 0. 0.],[0.04136858 0.0027288  0.73259351 0.2233091 ],"[-0.04639872  0.49774897 -0.14615785 -1.2791709   0.12986502  0.0550659
  0.          0.         -0.2         0.15360127 -7.711858  ]",1.5156628877594112,0,0
1141,1237,2024-09-28 17:03:51.207691008,TASK_BEGIN,23,-1.373075761605437,0.692088836472452,-3.7640372733127374,2.741618840868401,-0.9727880933050104,0.6644257137316987,-0.204451891295868,-2.6551408740334352,3,2024-09-28 17:03:51.283545898,1727543031.2835462,2024-09-28 17:03:51.283546112,28,0,-2.761055450652975,-103.14311180496267,[1. 0. 0. 0.],[0.01884521 0.00111447 0.90653163 0.07350869],"[-0.04936067  0.43540442 -0.14615615 -1.3559793   0.13812488  0.05506567
  0.          0.         -0.2         0.15063933 -7.2131014 ]",1.5250786357764008,0,0
1142,1238,2024-09-28 17:03:51.275443968,TASK_BEGIN,23,-1.4029748934441912,0.6995997200263839,-3.668801554954161,2.7129661490172,-0.9822574788881742,0.6759767261337833,-0.2355428465336387,-2.599779569621448,3,2024-09-28 17:03:51.344548828,1727543031.3445497,2024-09-28 17:03:51.344549632,28,0,-2.7626152279653127,-106.58740490346776,[1. 0. 0. 0.],[1.16478269e-02 6.46779716e-04 9.52185982e-01 3.55194113e-02],"[-0.05133533  0.39184165 -0.14615494 -1.4071847   0.14363143  0.0550655
  0.          0.         -0.2         0.14866467 -6.864599  ]",1.5328406861082167,0,0
1143,1239,2024-09-28 17:03:51.343226880,TASK_BEGIN,23,-1.4285415289744838,0.7064191975534934,-3.579188645410724,2.6784974288334022,-0.993452747728745,0.6841757648993035,-0.260235974361667,-2.5502584969666806,3,2024-09-28 17:03:51.376548096,1727543031.3765485,2024-09-28 17:03:51.376548608,28,0,-2.763378858534651,-108.28490971296773,[1. 0. 0. 0.],[9.02547305e-03 4.52807056e-04 9.67547049e-01 2.29746710e-02],"[-0.05232263  0.36946034 -0.14615433 -1.4327877   0.14638469  0.05506549
  0.          0.         -0.2         0.14767738 -6.685549  ]",1.5360058074203158,0,0
1144,1240,2024-09-28 17:03:52.284537088,TASK_BEGIN,23,-1.4497033072559038,0.7126269001608357,-3.493234248550245,2.638857504285748,-1.005808173213587,0.6890446459186396,-0.2747001942883175,-2.509589051143537,3,2024-09-28 17:03:52.356117920,1727543032.3561182,2024-09-28 17:03:52.356118272,28,2,-1.901779776103541,-44.477604996852975,[0. 0. 1. 0.],[0.07590189 0.0032855  0.14179041 0.77902221],"[-0.1322089  -0.16475314 -0.87001574 -0.25742623  0.25913668  0.03536146
  0.          0.         -0.2         0.0677911  -2.4118407 ]",1.562012928559041,0,0
1145,1241,2024-09-28 17:03:52.354162944,TASK_BEGIN,23,-1.466568263818189,0.7184026627483503,-3.406936626292364,2.594447942909885,-1.01858506210509,0.6907107254510046,-0.2752220169185362,-2.480028727367895,3,2024-09-28 17:03:52.386120117,1727543032.3861206,2024-09-28 17:03:52.386120448,28,2,-4.728287588185981,-48.76111653507042,[0. 0. 1. 0.],[0.05840549 0.00244245 0.04219519 0.89695687],"[-0.13859439 -0.16853416 -0.9210917  -0.24226779  0.2602634   0.02253487
  0.          0.         -0.2         0.06140561 -2.3815925 ]",1.562843676304127,0,0
1146,1242,2024-09-28 17:03:52.421937920,TASK_BEGIN,23,-1.4794089410014613,0.723991379954419,-3.315651537277785,2.5456739539115727,-1.0309848642904136,0.6893815471429114,-0.2593232905330098,-2.4628145824961054,3,2024-09-28 17:03:52.386120117,1727543032.3861206,2024-09-28 17:03:52.386120448,28,2,-4.728287588185981,-48.76111653507042,[0. 0. 1. 0.],[0.05840549 0.00244245 0.04219519 0.89695687],"[-0.13859439 -0.16853416 -0.9210917  -0.24226779  0.2602634   0.02253487
  0.          0.         -0.2         0.06140561 -2.3815925 ]",1.562843676304127,0,0
1147,1243,2024-09-28 17:03:52.489690112,TASK_BEGIN,23,-1.4886205406263855,0.7296476104713985,-3.215456890659541,2.493228228397164,-1.042272346586067,0.6853307871619165,-0.2263249702256671,-2.458134974914894,3,2024-09-28 17:03:52.386120117,1727543032.3861206,2024-09-28 17:03:52.386120448,28,2,-4.728287588185981,-48.76111653507042,[0. 0. 1. 0.],[0.05840549 0.00244245 0.04219519 0.89695687],"[-0.13859439 -0.16853416 -0.9210917  -0.24226779  0.2602634   0.02253487
  0.          0.         -0.2         0.06140561 -2.3815925 ]",1.562843676304127,0,0
1148,1244,2024-09-28 17:03:52.557434112,TASK_BEGIN,23,-1.494683102255352,0.7355773613816177,-3.104292320917256,2.438309835998526,-1.0518781483222286,0.6788964686140426,-0.1772767765266077,-2.465284046826963,3,2024-09-28 17:03:52.386120117,1727543032.3861206,2024-09-28 17:03:52.386120448,28,2,-4.728287588185981,-48.76111653507042,[0. 0. 1. 0.],[0.05840549 0.00244245 0.04219519 0.89695687],"[-0.13859439 -0.16853416 -0.9210917  -0.24226779  0.2602634   0.02253487
  0.          0.         -0.2         0.06140561 -2.3815925 ]",1.562843676304127,0,0
1149,1245,2024-09-28 17:03:52.625187072,TASK_BEGIN,23,-1.4981406770228776,0.7418919562133471,-2.9826914593864213,2.3826559323323324,-1.059446150637205,0.6704800608319511,-0.1145047374513789,-2.4828886238164785,3,2024-09-28 17:03:52.386120117,1727543032.3861206,2024-09-28 17:03:52.386120448,28,2,-4.728287588185981,-48.76111653507042,[0. 0. 1. 0.],[0.05840549 0.00244245 0.04219519 0.89695687],"[-0.13859439 -0.16853416 -0.9210917  -0.24226779  0.2602634   0.02253487
  0.          0.         -0.2         0.06140561 -2.3815925 ]",1.562843676304127,0,0
1150,1246,2024-09-28 17:03:52.682481920,TASK_BEGIN,23,-1.4995713115377105,0.7485768643900568,-2.8539621285151515,2.3283755368403707,-1.0648182691242802,0.6605342598930233,-0.0411097973726536,-2.5091485987096034,3,2024-09-28 17:03:52.765119141,1727543032.7651196,2024-09-28 17:03:52.765119488,28,0,-1.5049945621719019,-56.11107097286501,[1. 0. 0. 0.],[0.13414202 0.00279795 0.08565314 0.77740689],"[-0.22160514 -0.2540865  -0.9210892  -0.575074    0.2749112   0.02253481
  0.          0.         -0.2        -0.02160514 -1.6971738 ]",1.56321641824547,0,0
1151,1247,2024-09-28 17:03:53.636529152,TASK_BEGIN,23,-1.4995209944844907,0.7554735357510606,-2.7237908754468334,2.277677224419922,-1.0679832986396465,0.6495376705106098,0.0393555059006705,-2.54208196858637,3,2024-09-28 17:03:53.233103027,1727543033.233103,2024-09-28 17:03:53.233103104,28,0,20.471742160721675,-44.458498736880045,[1. 0. 0. 0.],[0.06121759 0.00493173 0.93201619 0.00183449],"[-0.32329226 -0.4494087  -0.82211626 -0.80554503  0.26281053 -0.59258735
  0.          1.         -0.2        -0.12329225 -0.13459614]",1.5664172863497952,0,0
1152,1248,2024-09-28 17:03:53.704339968,TASK_BEGIN,23,-1.4984210576753418,0.7622801908752509,-2.59938009233213,2.232586408617325,-1.0690224875851844,0.6379634263827217,0.1230520885145834,-2.57976346641483,3,2024-09-28 17:03:53.233103027,1727543033.233103,2024-09-28 17:03:53.233103104,28,0,20.471742160721675,-44.458498736880045,[1. 0. 0. 0.],[0.06121759 0.00493173 0.93201619 0.00183449],"[-0.32329226 -0.4494087  -0.82211626 -0.80554503  0.26281053 -0.59258735
  0.          1.         -0.2        -0.12329225 -0.13459614]",1.5664172863497952,0,0
1153,1249,2024-09-28 17:03:53.770039040,TASK_BEGIN,23,-1.4965346436413354,0.768581484007029,-2.4883220833098405,2.19470715341049,-1.0680728315293169,0.6262515889402798,0.2060446023715036,-2.6205297488660557,3,2024-09-28 17:03:53.233103027,1727543033.233103,2024-09-28 17:03:53.233103104,28,0,20.471742160721675,-44.458498736880045,[1. 0. 0. 0.],[0.06121759 0.00493173 0.93201619 0.00183449],"[-0.32329226 -0.4494087  -0.82211626 -0.80554503  0.26281053 -0.59258735
  0.          1.         -0.2        -0.12329225 -0.13459614]",1.5664172863497952,0,0
1154,1250,2024-09-28 17:03:53.831620096,TASK_BEGIN,23,-1.4939523007949451,0.7739059130372635,-2.3974928585182,2.165055563422176,-1.065311484009385,0.6147922658273086,0.2846000636314455,-2.6631195306442623,3,2024-09-28 17:03:53.233103027,1727543033.233103,2024-09-28 17:03:53.233103104,28,0,20.471742160721675,-44.458498736880045,[1. 0. 0. 0.],[0.06121759 0.00493173 0.93201619 0.00183449],"[-0.32329226 -0.4494087  -0.82211626 -0.80554503  0.26281053 -0.59258735
  0.          1.         -0.2        -0.12329225 -0.13459614]",1.5664172863497952,0,0
1155,1251,2024-09-28 17:03:53.907602944,TASK_BEGIN,23,-1.4906243578555696,0.7777944355866327,-2.3322496913259085,2.143987720194305,-1.060946149775508,0.603916990936378,0.3555034234349044,-2.706729143329953,3,2024-09-28 17:03:53.233103027,1727543033.233103,2024-09-28 17:03:53.233103104,28,0,20.471742160721675,-44.458498736880045,[1. 0. 0. 0.],[0.06121759 0.00493173 0.93201619 0.00183449],"[-0.32329226 -0.4494087  -0.82211626 -0.80554503  0.26281053 -0.59258735
  0.          1.         -0.2        -0.12329225 -0.13459614]",1.5664172863497952,0,0
1156,1252,2024-09-28 17:03:53.973506816,TASK_BEGIN,23,-1.486410291503847,0.779861668641912,-2.296054493916613,2.131239973963352,-1.055201696586498,0.5938900568819766,0.4162802577410057,-2.750995413177882,3,2024-09-28 17:03:53.233103027,1727543033.233103,2024-09-28 17:03:53.233103104,28,0,20.471742160721675,-44.458498736880045,[1. 0. 0. 0.],[0.06121759 0.00493173 0.93201619 0.00183449],"[-0.32329226 -0.4494087  -0.82211626 -0.80554503  0.26281053 -0.59258735
  0.          1.         -0.2        -0.12329225 -0.13459614]",1.5664172863497952,0,0
1157,1253,2024-09-28 17:03:54.042823936,TASK_BEGIN,23,-1.481128434537583,0.7798412406879325,-2.290449432192255,2.126070822920322,-1.0483069774045377,0.5848964242981121,0.4652832562471223,-2.7959393564521338,3,2024-09-28 17:03:53.233103027,1727543033.233103,2024-09-28 17:03:53.233103104,28,0,20.471742160721675,-44.458498736880045,[1. 0. 0. 0.],[0.06121759 0.00493173 0.93201619 0.00183449],"[-0.32329226 -0.4494087  -0.82211626 -0.80554503  0.26281053 -0.59258735
  0.          1.         -0.2        -0.12329225 -0.13459614]",1.5664172863497952,0,0
1158,1254,2024-09-28 17:03:54.972688896,TASK_BEGIN,23,-1.474589388630742,0.7776113068890576,-2.315274849125217,2.1274610452669056,-1.0404769336184825,0.5770298365908183,0.501629564310214,-2.841886631462756,3,2024-09-28 17:03:54.254297119,1727543034.254298,2024-09-28 17:03:54.254297856,28,0,4.79505197632254,11.684009675767076,[1. 0. 0. 0.],[0.12257962 0.10877034 0.41746543 0.35118461],"[-0.51402825 -0.46164274 -0.6171111   0.09995876 -0.06830698 -0.1811457
  0.          1.         -0.2        -0.31402823 -0.03672388]",1.56116346156455,0,0
1159,1255,2024-09-28 17:03:55.053883136,TASK_BEGIN,23,-1.4666037086035055,0.7731948369287867,-2.3690547768410397,2.134315644040813,-1.031883769007632,0.5702863767675472,0.5250606706276689,-2.8893583573436903,3,2024-09-28 17:03:54.254297119,1727543034.254298,2024-09-28 17:03:54.254297856,28,0,4.79505197632254,11.684009675767076,[1. 0. 0. 0.],[0.12257962 0.10877034 0.41746543 0.35118461],"[-0.51402825 -0.46164274 -0.6171111   0.09995876 -0.06830698 -0.1811457
  0.          1.         -0.2        -0.31402823 -0.03672388]",1.56116346156455,0,0
1160,1256,2024-09-28 17:03:55.121965824,TASK_BEGIN,23,-1.456971961095078,0.766735604960872,-2.4494321775132075,2.1456190544768834,-1.02262903913462,0.5645656164722207,0.5359447974499411,-2.938941064547477,3,2024-09-28 17:03:54.254297119,1727543034.254298,2024-09-28 17:03:54.254297856,28,0,4.79505197632254,11.684009675767076,[1. 0. 0. 0.],[0.12257962 0.10877034 0.41746543 0.35118461],"[-0.51402825 -0.46164274 -0.6171111   0.09995876 -0.06830698 -0.1811457
  0.          1.         -0.2        -0.31402823 -0.03672388]",1.56116346156455,0,0
1161,1257,2024-09-28 17:03:55.177242880,TASK_BEGIN,23,-1.4454659752752077,0.758457643192814,-2.55350127010293,2.1605163793720688,-1.0127291517727992,0.5596776693062294,0.5355557339151218,-2.991158403063241,3,2024-09-28 17:03:54.370328857,1727543034.3703294,2024-09-28 17:03:54.370329344,28,0,0.13633478432478796,1.168093903035196,[1. 0. 0. 0.],[0.08186562 0.01787038 0.08644292 0.81382107],"[-0.53112173 -0.45779526 -0.6161065   0.02894428 -0.06583465  0.07253656
  0.          0.         -0.2        -0.33112174 -0.06750372]",1.556967168601746,0,0
1162,1258,2024-09-28 17:03:55.255383040,TASK_BEGIN,23,-1.4317977614628483,0.7486157313217008,-2.677946313604876,2.178319018413436,-1.0021179507327396,0.5553562919266043,0.5263911790164089,-3.04633957553236,3,2024-09-28 17:03:54.370328857,1727543034.3703294,2024-09-28 17:03:54.370329344,28,0,0.13633478432478796,1.168093903035196,[1. 0. 0. 0.],[0.08186562 0.01787038 0.08644292 0.81382107],"[-0.53112173 -0.45779526 -0.6161065   0.02894428 -0.06583465  0.07253656
  0.          0.         -0.2        -0.33112174 -0.06750372]",1.556967168601746,0,0
1163,1259,2024-09-28 17:03:55.318286848,TASK_BEGIN,23,-1.415589395908008,0.7374493617834399,-2.819015632889581,2.198462910671396,-0.9906801515029792,0.5512857444458015,0.5121416941307745,-3.104465996151497,3,2024-09-28 17:03:54.428298828,1727543034.428299,2024-09-28 17:03:54.428299008,28,0,0.783977620086489,13.494874525332095,[1. 0. 0. 0.],[0.15298547 0.13632267 0.28895201 0.42173985],"[-0.5392798  -0.45596087 -0.57889205  0.06356464 -0.06857501 -0.01325071
  0.          1.         -0.2        -0.33927983 -0.08217886]",1.5564888937954795,0,0
1164,1260,2024-09-28 17:03:55.391729920,TASK_BEGIN,23,-1.3963813009811006,0.7251588401962563,-2.972467257301273,2.2204672638848124,-0.9783306057208024,0.5471481523521244,0.4972457473817921,-3.1650290720818077,3,2024-09-28 17:03:54.486344971,1727543034.4863453,2024-09-28 17:03:54.486345216,28,0,0.6037623581591873,14.527763064122805,[1. 0. 0. 0.],[0.14632985 0.12427478 0.23772528 0.49167008],"[-0.5471041  -0.45389324 -0.55849695  0.065362   -0.06879286 -0.00275652
  0.          1.         -0.2        -0.34710413 -0.09871987]",1.5557925158770163,0,0
1165,1261,2024-09-28 17:03:56.305263872,TASK_BEGIN,23,-1.373698007755766,0.7119133396673876,-3.133588483945963,2.243921816418664,-0.965118059361619,0.5426812017478255,0.4862961700082752,-3.226982220494914,3,2024-09-28 17:03:56.358902832,1727543036.358904,2024-09-28 17:03:56.358903808,28,3,-0.9655941180055356,15.715597625567733,[0. 0. 0. 1.],[0.296662   0.14740051 0.22445392 0.33148357],"[-0.611484   -0.4424175   0.28701004 -0.01920357 -0.11535353  0.03724472
  0.          1.         -0.2        -0.41148397 -0.1905258 ]",1.5100293175103006,0,0
1166,1262,2024-09-28 17:03:56.367786752,TASK_BEGIN,23,-1.347162243950018,0.69788596885529,-3.297242075158803,2.2684899127059768,-0.9512979268105008,0.5377228430926146,0.4834728473305048,-3.2888279272654,3,2024-09-28 17:03:56.448901855,1727543036.4489028,2024-09-28 17:03:56.448902912,28,3,-0.6930592363689334,13.451750051339069,[0. 0. 0. 1.],[0.30932642 0.16248704 0.21600561 0.31218092],"[-0.6050387  -0.44339162  0.31653982 -0.02126825 -0.10938775  0.04107493
  0.          1.         -0.2        -0.40503868 -0.18273285]",1.5142834371054696,0,0
1167,1263,2024-09-28 17:03:56.445902080,TASK_BEGIN,23,-1.3166430015464157,0.6833051227955623,-3.4578989073429955,2.29390348692788,-0.9373327390757996,0.5322281647344175,0.4919289779603659,-3.3487776733649306,3,2024-09-28 17:03:56.509907959,1727543036.5099082,2024-09-28 17:03:56.509908224,28,3,-0.44571420511794657,12.086790643010744,[0. 0. 0. 1.],[0.31790276 0.17387236 0.20964211 0.29858277],"[-0.6003914  -0.44409615  0.33579397 -0.02263013 -0.10508638  0.04357295
  0.          1.         -0.2        -0.4003914  -0.17709664]",1.5169485151441013,0,0
1168,1264,2024-09-28 17:03:56.508378880,TASK_BEGIN,23,-1.2824055233169365,0.6685084165649106,-3.60978602479384,2.3199492065746945,-0.9238318007922548,0.5262640515482303,0.5130802155316696,-3.4048882351572907,3,2024-09-28 17:03:56.567937012,1727543036.5679371,2024-09-28 17:03:56.567937024,28,3,-0.7410024954128949,10.738137406741178,[0. 0. 0. 1.],[0.32573825 0.18595582 0.20273595 0.28556998],"[-0.5954891  -0.44484144  0.35557988 -0.02403978 -0.10054897  0.04614073
  0.          1.         -0.2        -0.3954891  -0.17113426]",1.5196234358238065,0,0
1169,1265,2024-09-28 17:03:56.570864128,TASK_BEGIN,23,-1.245207878348113,0.6539804487361714,-3.7472643067402576,2.3464597663024573,-0.9114872503763264,0.5199985736112683,0.5459698866090728,-3.455151077942061,3,2024-09-28 17:03:56.625906982,1727543036.6259072,2024-09-28 17:03:56.625907200,28,3,-0.4403904214744705,9.7656853920651,[0. 0. 0. 1.],[0.33270525 0.19909679 0.19888424 0.26931372],"[-0.59033245 -0.44562757  0.3723242  -0.02525627 -0.09577604  0.04831492
  0.          1.         -0.2        -0.39033246 -0.16484526]",1.5217237415381777,0,0
1170,1266,2024-09-28 17:03:56.648967936,TASK_BEGIN,23,-1.20630913989469,0.6403559122373809,-3.86530589904955,2.3733067523257074,-0.90105009396339,0.5136918330601725,0.5869946981448544,-3.4975801816891914,3,2024-09-28 17:03:56.713905029,1727543036.7139058,2024-09-28 17:03:56.713905920,28,3,-0.5522432514973679,8.069831417423009,[0. 0. 0. 1.],[0.33678975 0.21993549 0.20249198 0.24078278],"[-0.5821129  -0.4468854   0.40103918 -0.02734889 -0.08816768  0.0520459
  0.          1.         -0.2        -0.38211292 -0.15478256]",1.5247840340956569,0,0
1171,1267,2024-09-28 17:03:56.712251904,TASK_BEGIN,23,-1.1673920305388414,0.6283797253558931,-3.959834311455028,2.4003833113331634,-0.8933233708429021,0.5076753388127204,0.6301710691414193,-3.530328823852225,3,2024-09-28 17:03:56.772901123,1727543036.772901,2024-09-28 17:03:56.772901120,28,3,-0.5829389251223012,6.871463704640663,[0. 0. 0. 1.],[0.34023976 0.2313393  0.20335253 0.22506841],"[-0.5762772  -0.44778192  0.42177147 -0.02887078 -0.08276534  0.05474189
  0.          1.         -0.2        -0.37627718 -0.14761046]",1.5266534904075246,0,0
1172,1268,2024-09-28 17:03:57.663023872,TASK_BEGIN,23,-1.130413446760062,0.6188305378157701,-4.02785502897354,2.427591398398725,-0.8891140738349667,0.5023061765845934,0.6678902175764768,-3.55180905278008,3,2024-09-28 17:03:57.304938965,1727543037.304939,2024-09-28 17:03:57.304939008,28,3,-0.19616237518060076,-2.93258944869494,[0. 0. 0. 1.],[0.30473647 0.3488893  0.26975506 0.07661918],"[-0.50852835 -0.45840538  0.6359031  -0.0454326  -0.01996186  0.08279895
  0.          1.         -0.2        -0.30852836 -0.06262282]",1.5421444547764316,0,0
1173,1269,2024-09-28 17:03:57.728635904,TASK_BEGIN,23,-1.097405394665845,0.6124240704676717,-4.067489473708714,2.4548413078030733,-0.8891278469362599,0.4979045828842522,0.6919191478544985,-3.560759506170121,3,2024-09-28 17:03:57.304938965,1727543037.304939,2024-09-28 17:03:57.304939008,28,3,-0.19616237518060076,-2.93258944869494,[0. 0. 0. 1.],[0.30473647 0.3488893  0.26975506 0.07661918],"[-0.50852835 -0.45840538  0.6359031  -0.0454326  -0.01996186  0.08279895
  0.          1.         -0.2        -0.30852836 -0.06262282]",1.5421444547764316,0,0
1174,1270,2024-09-28 17:03:57.798597120,TASK_BEGIN,23,-1.0702706501164982,0.6097155380210906,-4.078067529438515,2.482022353518835,-0.8938560008540305,0.4947011555655624,0.6944004112682922,-3.5562526623951456,3,2024-09-28 17:03:57.304938965,1727543037.304939,2024-09-28 17:03:57.304939008,28,3,-0.19616237518060076,-2.93258944869494,[0. 0. 0. 1.],[0.30473647 0.3488893  0.26975506 0.07661918],"[-0.50852835 -0.45840538  0.6359031  -0.0454326  -0.01996186  0.08279895
  0.          1.         -0.2        -0.30852836 -0.06262282]",1.5421444547764316,0,0
1175,1271,2024-09-28 17:03:57.854761984,TASK_BEGIN,23,-1.050613874302473,0.6110189648860428,-4.060371071469255,2.5089236756994144,-0.903512938591705,0.4928122463762507,0.6687068727907141,-3.537700644761343,3,2024-09-28 17:03:57.928287109,1727543037.9282875,2024-09-28 17:03:57.928287488,28,3,-0.20586591800762677,-17.69648203933408,[0. 0. 0. 1.],[0.26065825 0.69821789 0.01265244 0.02847141],"[-0.4025831  -0.46058053  0.8061721   0.00760986 -0.01150404 -0.01985692
  0.          0.         -0.2        -0.20258309 -0.04522159]",1.5446289176611667,0,0
1176,1272,2024-09-28 17:03:57.932904960,TASK_BEGIN,23,-1.0396232732767463,0.6163585191148082,-4.016977119172624,2.5351653430283565,-0.9180270036996672,0.4922421769071413,0.610064101426809,-3.5049042422542813,3,2024-09-28 17:03:57.928287109,1727543037.9282875,2024-09-28 17:03:57.928287488,28,3,-0.20586591800762677,-17.69648203933408,[0. 0. 0. 1.],[0.26065825 0.69821789 0.01265244 0.02847141],"[-0.4025831  -0.46058053  0.8061721   0.00760986 -0.01150404 -0.01985692
  0.          0.         -0.2        -0.20258309 -0.04522159]",1.5446289176611667,0,0
1177,1273,2024-09-28 17:03:58.001107968,TASK_BEGIN,23,-1.0380116678393545,0.6254621061224538,-3.952474609430495,2.5602022886067464,-0.9370435191956844,0.4929013484237278,0.5159194178587458,-3.4581209732618543,3,2024-09-28 17:03:57.928287109,1727543037.9282875,2024-09-28 17:03:57.928287488,28,3,-0.20586591800762677,-17.69648203933408,[0. 0. 0. 1.],[0.26065825 0.69821789 0.01265244 0.02847141],"[-0.4025831  -0.46058053  0.8061721   0.00760986 -0.01150404 -0.01985692
  0.          0.         -0.2        -0.20258309 -0.04522159]",1.5446289176611667,0,0
1178,1274,2024-09-28 17:03:58.060583936,TASK_BEGIN,23,-1.0460246339755237,0.6377961265344967,-3.8732955324101552,2.583384401039057,-0.9599144348214116,0.4946300761694298,0.3861184356187924,-3.3981032466647787,3,2024-09-28 17:03:57.928287109,1727543037.9282875,2024-09-28 17:03:57.928287488,28,3,-0.20586591800762677,-17.69648203933408,[0. 0. 0. 1.],[0.26065825 0.69821789 0.01265244 0.02847141],"[-0.4025831  -0.46058053  0.8061721   0.00760986 -0.01150404 -0.01985692
  0.          0.         -0.2        -0.20258309 -0.04522159]",1.5446289176611667,0,0
1179,1275,2024-09-28 17:03:59.012986880,TASK_BEGIN,23,-1.0634995619983556,0.652627662897113,-3.787119007957781,2.6040323426095795,-0.9856848924225672,0.4972200539498632,0.222890784181578,-3.326074381356948,3,2024-09-28 17:03:58.431734131,1727543038.4317343,2024-09-28 17:03:58.431734272,28,3,-0.27618672497964725,-21.38075313310872,[0. 0. 0. 1.],[0.22013055 0.75549645 0.01160807 0.01276493],"[-2.9831338e-01 -4.6240658e-01  9.4481063e-01  9.2603605e-09
  2.7446444e-03  7.8488709e-09  0.0000000e+00  0.0000000e+00
 -2.0000000e-01 -9.8313376e-02 -3.0613210e-02]",1.5470095004785436,0,0
1180,1276,2024-09-28 17:03:59.075741952,TASK_BEGIN,23,-1.0899448895153154,0.6690981828837177,-3.7020649893576745,2.621537089796677,-1.013099837869946,0.5004304365152832,0.0305802267018054,-3.243644810749579,3,2024-09-28 17:03:58.431734131,1727543038.4317343,2024-09-28 17:03:58.431734272,28,3,-0.27618672497964725,-21.38075313310872,[0. 0. 0. 1.],[0.22013055 0.75549645 0.01160807 0.01276493],"[-2.9831338e-01 -4.6240658e-01  9.4481063e-01  9.2603605e-09
  2.7446444e-03  7.8488709e-09  0.0000000e+00  0.0000000e+00
 -2.0000000e-01 -9.8313376e-02 -3.0613210e-02]",1.5470095004785436,0,0
1181,1277,2024-09-28 17:03:59.138936064,TASK_BEGIN,23,-1.1246194336611288,0.6862976724682438,-3.625897919079234,2.6354847168612743,-1.040652670362369,0.5040035091741619,-0.1848163801883363,-3.152717205924477,3,2024-09-28 17:03:58.431734131,1727543038.4317343,2024-09-28 17:03:58.431734272,28,3,-0.27618672497964725,-21.38075313310872,[0. 0. 0. 1.],[0.22013055 0.75549645 0.01160807 0.01276493],"[-2.9831338e-01 -4.6240658e-01  9.4481063e-01  9.2603605e-09
  2.7446444e-03  7.8488709e-09  0.0000000e+00  0.0000000e+00
 -2.0000000e-01 -9.8313376e-02 -3.0613210e-02]",1.5470095004785436,0,0
1182,1278,2024-09-28 17:03:59.201607936,TASK_BEGIN,23,-1.1665968387270935,0.703328560167267,-3.56529927833735,2.645746022272606,-1.066690408670697,0.507687219115538,-0.4161568555942737,-3.055424511109732,3,2024-09-28 17:03:58.431734131,1727543038.4317343,2024-09-28 17:03:58.431734272,28,3,-0.27618672497964725,-21.38075313310872,[0. 0. 0. 1.],[0.22013055 0.75549645 0.01160807 0.01276493],"[-2.9831338e-01 -4.6240658e-01  9.4481063e-01  9.2603605e-09
  2.7446444e-03  7.8488709e-09  0.0000000e+00  0.0000000e+00
 -2.0000000e-01 -9.8313376e-02 -3.0613210e-02]",1.5470095004785436,0,0
1183,1279,2024-09-28 17:03:59.279759872,TASK_BEGIN,23,-1.2148028212469617,0.7193502145741321,-3.5252410869033866,2.652494158627145,-1.0895673455639847,0.511265601418616,-0.6556957269562881,-2.9540854351784467,3,2024-09-28 17:03:58.431734131,1727543038.4317343,2024-09-28 17:03:58.431734272,28,3,-0.27618672497964725,-21.38075313310872,[0. 0. 0. 1.],[0.22013055 0.75549645 0.01160807 0.01276493],"[-2.9831338e-01 -4.6240658e-01  9.4481063e-01  9.2603605e-09
  2.7446444e-03  7.8488709e-09  0.0000000e+00  0.0000000e+00
 -2.0000000e-01 -9.8313376e-02 -3.0613210e-02]",1.5470095004785436,0,0
1184,1280,2024-09-28 17:03:59.342283008,TASK_BEGIN,23,-1.2680343044464628,0.7336061536601682,-3.5085989526244443,2.656195358940242,-1.1078085133569633,0.5145893223375898,-0.8956513448816785,-2.851150110781291,3,2024-09-28 17:03:58.431734131,1727543038.4317343,2024-09-28 17:03:58.431734272,28,3,-0.27618672497964725,-21.38075313310872,[0. 0. 0. 1.],[0.22013055 0.75549645 0.01160807 0.01276493],"[-2.9831338e-01 -4.6240658e-01  9.4481063e-01  9.2603605e-09
  2.7446444e-03  7.8488709e-09  0.0000000e+00  0.0000000e+00
 -2.0000000e-01 -9.8313376e-02 -3.0613210e-02]",1.5470095004785436,0,0
1185,1281,2024-09-28 17:03:59.404769024,TASK_BEGIN,23,-1.3249848038394023,0.7454460887761848,-3.5161171138747567,2.6576057315309547,-1.120227143845348,0.5175934178984385,-1.1285496881642914,-2.749158734063795,3,2024-09-28 17:03:58.520945068,1727543038.5209455,2024-09-28 17:03:58.520945664,28,0,0.7877621005093545,-18.35385760982799,[1. 0. 0. 0.],[0.22294105 0.75207384 0.01230338 0.01268173],"[-2.7885571e-01 -4.6240634e-01  9.2851853e-01 -8.6693479e-09
  2.7471313e-03 -1.1873409e-08  0.0000000e+00  0.0000000e+00
 -2.0000000e-01 -7.8855723e-02 -3.0615117e-02]",1.5358711721726472,0,0
1186,1282,2024-09-28 17:04:00.359529984,TASK_BEGIN,23,-1.3842872139823088,0.7543510973085404,-3.5466518821624806,2.657746934010081,-1.1259605656332192,0.5202936238928788,-1.3470836234432606,-2.650755172608845,3,2024-09-28 17:03:59.452953125,1727543039.4529536,2024-09-28 17:03:59.452953600,28,0,0.4779854192356936,36.74774679102172,[1. 0. 0. 0.],[0.46326842 0.43044204 0.02847642 0.07781312],"[-1.4211838e-01 -4.6240610e-01  3.4361249e-01  9.3822790e-09
  2.7507388e-03  3.6089616e-09  0.0000000e+00  0.0000000e+00
 -2.0000000e-01  5.7881627e-02 -3.0617025e-02]",1.5265232551944996,0,0
1187,1283,2024-09-28 17:04:00.422226176,TASK_BEGIN,23,-1.444565098454078,0.7599596860219638,-3.5975336818647548,2.65784278204345,-1.12444158625916,0.5227652197350046,-1.5436301499341614,-2.5587504843591065,3,2024-09-28 17:03:59.510917969,1727543039.5109181,2024-09-28 17:03:59.510918144,28,0,0.475257554156137,36.963509460626014,[1. 0. 0. 0.],[0.46675022 0.42551948 0.0282974  0.0794329 ],"[-1.3745911e-01 -4.6240610e-01  3.3275130e-01  2.8785578e-09
  2.7507690e-03 -5.7600602e-10  0.0000000e+00  0.0000000e+00
 -2.0000000e-01  6.2540881e-02 -3.0617025e-02]",1.5258598194166488,0,0
1188,1284,2024-09-28 17:04:00.496808192,TASK_BEGIN,23,-1.50447758751942,0.7620870152967479,-3.664957217776969,2.659218032829948,-1.1153607123401148,0.5251165820514793,-1.7098690223969435,-2.476173286282949,3,2024-09-28 17:03:59.597919922,1727543039.5979202,2024-09-28 17:03:59.597920256,28,0,0.4721772797675783,37.270837031712055,[1. 0. 0. 0.],[0.47189269 0.41815988 0.0280092  0.08193824],"[-1.3075304e-01 -4.6240610e-01  3.1645954e-01 -1.0883698e-09
  2.7508135e-03  8.0594997e-10  0.0000000e+00  0.0000000e+00
 -2.0000000e-01  6.9246963e-02 -3.0617025e-02]",1.5247561468638555,0,0
1189,1285,2024-09-28 17:04:00.563873024,TASK_BEGIN,23,-1.562752186526455,0.7607319286102362,-3.744406549736855,2.6631520728922142,-1.0986636971640429,0.5274673456967074,-1.8368235716383623,-2.40622837565576,3,2024-09-28 17:03:59.655425049,1727543039.6554255,2024-09-28 17:03:59.655425536,28,0,0.4707585281571198,37.46660065700874,[1. 0. 0. 0.],[0.47526216 0.41327106 0.02780492 0.08366186],"[-1.2647088e-01 -4.6240610e-01  3.0559838e-01 -9.2628966e-10
  2.7508428e-03 -9.6695196e-10  0.0000000e+00  0.0000000e+00
 -2.0000000e-01  7.3529117e-02 -3.0617025e-02]",1.5238649642453623,0,0
1190,1286,2024-09-28 17:04:00.630049024,TASK_BEGIN,23,-1.6182138194571478,0.7560709462639597,-3.831196750111632,2.670710580172187,-1.0745833250027494,0.5299330003301875,-1.9154226277778343,-2.352107333967097,3,2024-09-28 17:03:59.713944824,1727543039.7139459,2024-09-28 17:03:59.713945856,28,0,0.4698205243169866,37.656367396544894,[1. 0. 0. 0.],[0.47858208 0.40839839 0.02759073 0.08542879],"[-1.2233957e-01 -4.6240610e-01  2.9473722e-01  1.1600224e-09
  2.7508722e-03 -6.2437783e-10  0.0000000e+00  0.0000000e+00
 -2.0000000e-01  7.7660434e-02 -3.0617025e-02]",1.522839985170701,0,0
1191,1287,2024-09-28 17:04:00.701319168,TASK_BEGIN,23,-1.6698200475843312,0.7484393990089269,-3.921154807963918,2.6826170793288755,-1.0436694170692753,0.5326092408652634,-1.9375330044098265,-2.3166501289718786,3,2024-09-28 17:03:59.802732910,1727543039.8027334,2024-09-28 17:03:59.802733312,28,0,0.4692405116646867,37.931991002313346,[1. 0. 0. 0.],[0.48346566 0.4011222  0.02725155 0.08816058],"[-1.16425514e-01 -4.62406099e-01  2.78445423e-01  3.48650109e-09
  2.75089522e-03 -5.05392284e-10  0.00000000e+00  0.00000000e+00
 -2.00000003e-01  8.35744888e-02 -3.06170247e-02]",1.520961352890778,0,0
1192,1288,2024-09-28 17:04:00.768665088,TASK_BEGIN,23,-1.716699583060318,0.7383007000869957,-4.0112638065565696,2.6992107023105816,-1.0067820875143292,0.535547889254006,-1.8971927968854256,-2.3019478851582336,3,2024-09-28 17:03:59.864010986,1727543039.8640115,2024-09-28 17:03:59.864011520,28,0,0.4693656026724682,38.111069944141896,[1. 0. 0. 0.],[0.4861439  0.39674579 0.02700486 0.09010545],"[-1.12671375e-01 -4.62406099e-01  2.67584264e-01  7.49373966e-11
  2.75092362e-03  8.48032589e-10  0.00000000e+00  0.00000000e+00
 -2.00000003e-01  8.73286277e-02 -3.06170247e-02]",1.5196101503579302,0,0
1193,1289,2024-09-28 17:04:01.713583104,TASK_BEGIN,23,-1.7581766389082485,0.7262067531246761,-4.10001747598551,2.7204942055812107,-0.9650321594141102,0.5387259692160049,-1.791605154067395,-2.3090336484923992,3,2024-09-28 17:04:01.056981201,1727543041.0569818,2024-09-28 17:04:01.056981760,28,1,-0.9164315463291948,39.08151033840084,[0. 1. 0. 0.],[0.4327824  0.21361119 0.03317282 0.3204336 ],"[-9.9654913e-02 -4.6240610e-01 -6.1954256e-02  9.5926911e-09
  2.7504638e-03 -1.0938577e-08  0.0000000e+00  0.0000000e+00
 -2.0000000e-01  1.0034509e-01 -3.0617025e-02]",1.4775333087099711,0,0
1194,1290,2024-09-28 17:04:01.771866880,TASK_BEGIN,23,-1.7937611731271412,0.7127514344382169,-4.187362739864853,2.7462428991444106,-0.9196719290228792,0.5420194941464758,-1.6215370081039535,-2.3377627948501525,3,2024-09-28 17:04:01.056981201,1727543041.0569818,2024-09-28 17:04:01.056981760,28,1,-0.9164315463291948,39.08151033840084,[0. 1. 0. 0.],[0.4327824  0.21361119 0.03317282 0.3204336 ],"[-9.9654913e-02 -4.6240610e-01 -6.1954256e-02  9.5926911e-09
  2.7504638e-03 -1.0938577e-08  0.0000000e+00  0.0000000e+00
 -2.0000000e-01  1.0034509e-01 -3.0617025e-02]",1.4775333087099711,0,0
1195,1291,2024-09-28 17:04:01.834352128,TASK_BEGIN,23,-1.8231065019819244,0.6985202019260093,-4.274277402452297,2.776134020687895,-0.8719553994169269,0.5451922340965265,-1.391053932242355,-2.3868844253643693,3,2024-09-28 17:04:01.056981201,1727543041.0569818,2024-09-28 17:04:01.056981760,28,1,-0.9164315463291948,39.08151033840084,[0. 1. 0. 0.],[0.4327824  0.21361119 0.03317282 0.3204336 ],"[-9.9654913e-02 -4.6240610e-01 -6.1954256e-02  9.5926911e-09
  2.7504638e-03 -1.0938577e-08  0.0000000e+00  0.0000000e+00
 -2.0000000e-01  1.0034509e-01 -3.0617025e-02]",1.4775333087099711,0,0
1196,1292,2024-09-28 17:04:01.912471808,TASK_BEGIN,23,-1.8459628710605864,0.6840466308966048,-4.362181101051695,2.80986939564137,-0.8229951247170233,0.5479031609059054,-1.1068165953859477,-2.454231455050316,3,2024-09-28 17:04:01.056981201,1727543041.0569818,2024-09-28 17:04:01.056981760,28,1,-0.9164315463291948,39.08151033840084,[0. 1. 0. 0.],[0.4327824  0.21361119 0.03317282 0.3204336 ],"[-9.9654913e-02 -4.6240610e-01 -6.1954256e-02  9.5926911e-09
  2.7504638e-03 -1.0938577e-08  0.0000000e+00  0.0000000e+00
 -2.0000000e-01  1.0034509e-01 -3.0617025e-02]",1.4775333087099711,0,0
1197,1293,2024-09-28 17:04:01.975497984,TASK_BEGIN,23,-1.8621494669251408,0.6697875731306305,-4.452460127409239,2.8472719200249625,-0.7736500562486522,0.5497325234239591,-0.777267763681523,-2.536947488965668,3,2024-09-28 17:04:01.412934082,1727543041.4129343,2024-09-28 17:04:01.412934400,28,0,0.21274436785373396,40.57305971449492,[1. 0. 0. 0.],[0.46060293 0.23747643 0.03531361 0.26660703],"[-1.01897955e-01 -4.62406099e-01  9.11896277e-05  3.41934907e-07
  2.74959859e-03 -1.81920750e-05  0.00000000e+00  0.00000000e+00
 -2.00000003e-01  9.81020480e-02 -3.06170247e-02]",1.4563582409452749,0,0
1198,1294,2024-09-28 17:04:02.037982976,TASK_BEGIN,23,-1.8715376632768608,0.6561146868770841,-4.5462423085078765,2.8883229069617515,-0.7244831575531643,0.5502227267751717,-0.4119214717452595,-2.63171365712926,3,2024-09-28 17:04:01.412934082,1727543041.4129343,2024-09-28 17:04:01.412934400,28,0,0.21274436785373396,40.57305971449492,[1. 0. 0. 0.],[0.46060293 0.23747643 0.03531361 0.26660703],"[-1.01897955e-01 -4.62406099e-01  9.11896277e-05  3.41934907e-07
  2.74959859e-03 -1.81920750e-05  0.00000000e+00  0.00000000e+00
 -2.00000003e-01  9.81020480e-02 -3.06170247e-02]",1.4563582409452749,0,0
1199,1295,2024-09-28 17:04:02.116090112,TASK_BEGIN,23,-1.8740302120097796,0.6433088864870261,-4.644280353625975,2.933097952212288,-0.6758123792530107,0.5489261191317831,-0.0208109040157883,-2.7349800564517266,3,2024-09-28 17:04:01.412934082,1727543041.4129343,2024-09-28 17:04:01.412934400,28,0,0.21274436785373396,40.57305971449492,[1. 0. 0. 0.],[0.46060293 0.23747643 0.03531361 0.26660703],"[-1.01897955e-01 -4.62406099e-01  9.11896277e-05  3.41934907e-07
  2.74959859e-03 -1.81920750e-05  0.00000000e+00  0.00000000e+00
 -2.00000003e-01  9.81020480e-02 -3.06170247e-02]",1.4563582409452749,0,0
1200,1303,2024-09-28 17:04:04.385773824,TASK_BEGIN,23,-1.647734996012871,0.5742964160028448,-5.439527828809558,3.344430154302693,-0.3566553951884798,0.4580483178451244,2.86601590166842,-3.52741857595901,3,2024-09-28 17:04:04.463072998,1727543044.4630735,2024-09-28 17:04:04.463073536,29,0,-2.8171186948424065,-63.202118787381245,[1. 0. 0. 0.],[0.22431745 0.03850993 0.32810015 0.40907247],"[-0.02303139  0.81773007 -0.12179505 -0.7727495   0.06463482  0.04588824
  0.          0.          0.4        -0.4230314  -9.805204  ]",1.5368425126323815,0,0
1201,1304,2024-09-28 17:04:04.455611136,TASK_BEGIN,23,-1.5939323143940245,0.5677353466238866,-5.504568869361414,3.3789665262474275,-0.3384928217064586,0.4422085197324048,3.0770289551984447,-3.6015852006358577,3,2024-09-28 17:04:04.523075195,1727543044.5230758,2024-09-28 17:04:04.523075840,29,0,-2.8210998254371304,-67.55650750239526,[1. 0. 0. 0.],[0.18677321 0.03163705 0.4010162  0.38057354],"[-0.02467664  0.7923862  -0.12179465 -0.8239534   0.06922368  0.04588806
  0.          0.          0.4        -0.42467663 -9.602453  ]",1.5386484017284823,0,0
1202,1305,2024-09-28 17:04:04.523216128,TASK_BEGIN,23,-1.5372922463627146,0.5610788104917324,-5.555317730947835,3.403898004371696,-0.3284462584392758,0.4282395247896685,3.240919485855427,-3.6699233708416745,3,2024-09-28 17:04:04.582077148,1727543044.5820773,2024-09-28 17:04:04.582077184,29,0,-2.824434976949817,-71.83117893970042,[1. 0. 0. 0.],[0.16692452 0.02687187 0.42475039 0.38145323],"[-0.02632189  0.7654425  -0.12179423 -0.8751573   0.07381251  0.04588798
  0.          0.          0.4        -0.4263219  -9.386904  ]",1.5404274229825894,0,0
1203,1306,2024-09-28 17:04:04.590696960,TASK_BEGIN,23,-1.4793394915654026,0.5542268277794372,-5.590204104314347,3.41815607604719,-0.326791600871458,0.417108222495752,3.3584572579573746,-3.732708629604172,3,2024-09-28 17:04:04.671792969,1727543044.6717935,2024-09-28 17:04:04.671793408,29,0,-2.8284943228036923,-78.09486052466987,[1. 0. 0. 0.],[0.19666157 0.02327488 0.3377176  0.44234594],"[-0.02878984  0.7220274  -0.12179361 -0.9519632   0.08069573  0.04588784
  0.          0.          0.4        -0.42878982 -9.039583  ]",1.542807041568863,0,0
1204,1307,2024-09-28 17:04:04.655713024,TASK_BEGIN,23,-1.4218153835126843,0.5471274136721287,-5.607366901233891,3.4211194521991337,-0.333260176998348,0.4095720557581382,3.431911631309624,-3.7900633809185016,3,2024-09-28 17:04:04.733403809,1727543044.7334046,2024-09-28 17:04:04.733404672,29,0,-2.830724442854688,-82.17283906429797,[1. 0. 0. 0.],[0.21932424 0.02196565 0.28843268 0.47027743],"[-0.03043501  0.69108427 -0.12179312 -1.0031672   0.08528445  0.04588769
  0.          0.          0.4        -0.430435   -8.792038  ]",1.5440359912976154,0,0
1205,1308,2024-09-28 17:04:04.717082880,TASK_BEGIN,23,-1.3665085020496666,0.5397686299057493,-5.604783237384052,3.4126140055050214,-0.3470284999068783,0.4060822532821395,3.4647409446211075,-3.841981054838758,3,2024-09-28 17:04:04.794408203,1727543044.7944088,2024-09-28 17:04:04.794408704,29,0,-2.8326336514999184,-86.17361361193883,[1. 0. 0. 0.],[0.24276243 0.020534   0.24186765 0.49483592],"[-0.03208017  0.6585413  -0.12179258 -1.054371    0.08987316  0.04588762
  0.          0.          0.4        -0.43208018 -8.531694  ]",1.5449888607769613,0,0
1206,1309,2024-09-28 17:04:04.779876864,TASK_BEGIN,23,-1.3150463503531635,0.5321639880901547,-5.580722714114102,3.392892769181492,-0.3667273161651824,0.4067139117312469,3.4611983488138764,-3.8883730313097775,3,2024-09-28 17:04:04.856806885,1727543044.8568075,2024-09-28 17:04:04.856807424,29,0,-2.8343225572479867,-90.09826024603568,[1. 0. 0. 0.],[0.26526092 0.0178799  0.21737686 0.49948233],"[-0.03372542  0.62439847 -0.12179203 -1.1055751   0.09446185  0.04588753
  0.          0.          0.4        -0.43372542 -8.258552  ]",1.5462053540280751,0,0
1207,1310,2024-09-28 17:04:05.734258176,TASK_BEGIN,23,-1.2687078322517449,0.5243421894059065,-5.534323540304314,3.36260872246122,-0.3904713072140875,0.4111359461051581,3.425863241332713,-3.929065433838756,3,2024-09-28 17:04:05.043704102,1727543045.0437043,2024-09-28 17:04:05.043704320,29,0,-2.8382526779483896,-101.4263040922682,[1. 0. 0. 0.],[0.18807015 0.00795977 0.33957034 0.46439974],"[-0.03866116  0.5123714  -0.1217902  -1.2591867   0.10822796  0.04588729
  0.          0.          0.4        -0.43866116 -7.362335  ]",1.5504233210511038,0,0
1208,1311,2024-09-28 17:04:05.796745216,TASK_BEGIN,23,-1.228299384878465,0.5163482315050566,-5.465999121575269,3.322792293082233,-0.4159521602337605,0.4186380339567399,3.363237281331465,-3.9637454305397055,3,2024-09-28 17:04:05.860718994,1727543045.8607192,2024-09-28 17:04:05.860719104,29,0,-2.8531653724567434,-80.02435961564007,[1. 0. 0. 0.],[0.11248314 0.00287957 0.48511295 0.39952434],"[-0.08348656  0.06867182 -0.2825433  -1.1087947   0.16279419  0.04494665
  0.          0.          0.4        -0.48348656 -3.8127384 ]",1.5506670388664674,0,0
1209,1312,2024-09-28 17:04:05.859229952,TASK_BEGIN,23,-1.194120859155879,0.5082555711604577,-5.377529399453986,3.274848116915657,-0.4406235684175265,0.4282197955128285,3.2775084774004046,-3.991929337410665,3,2024-09-28 17:04:05.919718994,1727543045.9197192,2024-09-28 17:04:05.919719168,29,0,-2.860418107216276,-84.1206312943805,[1. 0. 0. 0.],[0.07164182 0.00169163 0.67218933 0.25447722],"[-0.08736578  0.03283322 -0.28254235 -1.1599983   0.16728885  0.04494649
  0.          0.          0.4        -0.48736578 -3.5260296 ]",1.5542622785957576,0,0
1210,1313,2024-09-28 17:04:05.940466688,TASK_BEGIN,23,-1.166028517534781,0.500182942199648,-5.271874805457382,3.2205659843801238,-0.461958033652681,0.438723691124156,3.172446325771967,-4.012996103937313,3,2024-09-28 17:04:05.977333008,1727543045.977333,2024-09-28 17:04:05.977332992,29,0,-2.866871686799243,-88.14861171846852,[1. 0. 0. 0.],[0.03901641 0.00082116 0.82076085 0.13940158],"[-0.09124517 -0.00460535 -0.2825414  -1.211202    0.1717835   0.04494644
  0.          0.          0.4        -0.49124518 -3.226521  ]",1.5573778239268843,0,0
1211,1314,2024-09-28 17:04:06.000804864,TASK_BEGIN,23,-1.143563498847629,0.4923045227638676,-5.1528485722540776,3.1621242140178523,-0.4777239078334569,0.4489788400563511,3.051345233756093,-4.026251341231481,3,2024-09-28 17:04:05.977333008,1727543045.977333,2024-09-28 17:04:05.977332992,29,0,-2.866871686799243,-88.14861171846852,[1. 0. 0. 0.],[0.03901641 0.00082116 0.82076085 0.13940158],"[-0.09124517 -0.00460535 -0.2825414  -1.211202    0.1717835   0.04494644
  0.          0.          0.4        -0.49124518 -3.226521  ]",1.5573778239268843,0,0
1212,1315,2024-09-28 17:04:06.063756032,TASK_BEGIN,23,-1.126084376528349,0.4848435345378281,-5.024805239906232,3.102064593728325,-0.4862293944724253,0.4579278040536573,2.916979001252805,-4.030977568932635,3,2024-09-28 17:04:05.977333008,1727543045.977333,2024-09-28 17:04:05.977332992,29,0,-2.866871686799243,-88.14861171846852,[1. 0. 0. 0.],[0.03901641 0.00082116 0.82076085 0.13940158],"[-0.09124517 -0.00460535 -0.2825414  -1.211202    0.1717835   0.04494644
  0.          0.          0.4        -0.49124518 -3.226521  ]",1.5573778239268843,0,0
1213,1316,2024-09-28 17:04:06.142226176,TASK_BEGIN,23,-1.1128615296128586,0.4780483864388392,-4.892403257900524,3.0432061905047383,-0.4864952296836757,0.464722153651876,2.7715611736665817,-4.026478489022203,3,2024-09-28 17:04:05.977333008,1727543045.977333,2024-09-28 17:04:05.977332992,29,0,-2.866871686799243,-88.14861171846852,[1. 0. 0. 0.],[0.03901641 0.00082116 0.82076085 0.13940158],"[-0.09124517 -0.00460535 -0.2825414  -1.211202    0.1717835   0.04494644
  0.          0.          0.4        -0.49124518 -3.226521  ]",1.5573778239268843,0,0
1214,1317,2024-09-28 17:04:07.089376000,TASK_BEGIN,23,-1.1031295165461197,0.4721580337732859,-4.760366096804437,2.9884747603706896,-0.4783441543756324,0.4687856773578693,2.6167034733677363,-4.012142401240616,3,2024-09-28 17:04:07.160130859,1727543047.160131,2024-09-28 17:04:07.160131072,29,0,-1.477913621370675,-68.46490976384403,[1. 0. 0. 0.],[0.40246302 0.03678429 0.11966331 0.44108937],"[-0.31186715 -0.22906607 -0.977494   -0.45307723  0.14485975 -0.03318916
  0.          0.          0.4        -0.71186715 -1.4308354 ]",1.5639697017270202,0,0
1215,1318,2024-09-28 17:04:07.146213120,TASK_BEGIN,23,-1.096111624304482,0.4673661215183426,-4.63322762568104,2.940688731260168,-0.4624166668734815,0.4698502986466835,2.4534098716177284,-3.9875242471227055,3,2024-09-28 17:04:07.160130859,1727543047.160131,2024-09-28 17:04:07.160131072,29,0,-1.477913621370675,-68.46490976384403,[1. 0. 0. 0.],[0.40246302 0.03678429 0.11966331 0.44108937],"[-0.31186715 -0.22906607 -0.977494   -0.45307723  0.14485975 -0.03318916
  0.          0.          0.4        -0.71186715 -1.4308354 ]",1.5639697017270202,0,0
1216,1319,2024-09-28 17:04:07.224319744,TASK_BEGIN,23,-1.0910352660497316,0.4637924719600184,-4.515167952017179,2.9023625021463566,-0.4401206577230906,0.4679645316474681,2.2822189924845047,-3.9524364961595504,3,2024-09-28 17:04:07.160130859,1727543047.160131,2024-09-28 17:04:07.160131072,29,0,-1.477913621370675,-68.46490976384403,[1. 0. 0. 0.],[0.40246302 0.03678429 0.11966331 0.44108937],"[-0.31186715 -0.22906607 -0.977494   -0.45307723  0.14485975 -0.03318916
  0.          0.          0.4        -0.71186715 -1.4308354 ]",1.5639697017270202,0,0
1217,1320,2024-09-28 17:04:07.287034880,TASK_BEGIN,23,-1.0871532836384832,0.4614642168758233,-4.409941529472745,2.87551751663758,-0.4135163130088577,0.4634686649096007,2.103581862548834,-3.907054350059975,3,2024-09-28 17:04:07.160130859,1727543047.160131,2024-09-28 17:04:07.160131072,29,0,-1.477913621370675,-68.46490976384403,[1. 0. 0. 0.],[0.40246302 0.03678429 0.11966331 0.44108937],"[-0.31186715 -0.22906607 -0.977494   -0.45307723  0.14485975 -0.03318916
  0.          0.          0.4        -0.71186715 -1.4308354 ]",1.5639697017270202,0,0
1218,1321,2024-09-28 17:04:07.349520128,TASK_BEGIN,23,-1.0837742251862683,0.4603058969166401,-4.32075646537315,2.8614613078107616,-0.3851457736506833,0.4569371029207967,1.918432106905977,-3.852058026522395,3,2024-09-28 17:04:07.160130859,1727543047.160131,2024-09-28 17:04:07.160131072,29,0,-1.477913621370675,-68.46490976384403,[1. 0. 0. 0.],[0.40246302 0.03678429 0.11966331 0.44108937],"[-0.31186715 -0.22906607 -0.977494   -0.45307723  0.14485975 -0.03318916
  0.          0.          0.4        -0.71186715 -1.4308354 ]",1.5639697017270202,0,0
1219,1322,2024-09-28 17:04:07.428111104,TASK_BEGIN,23,-1.080300021450028,0.4601427975490533,-4.250050426308025,2.8605681619992978,-0.3578226524973409,0.4490968643372233,1.7287655252762903,-3.78882386190924,3,2024-09-28 17:04:07.160130859,1727543047.160131,2024-09-28 17:04:07.160131072,29,0,-1.477913621370675,-68.46490976384403,[1. 0. 0. 0.],[0.40246302 0.03678429 0.11966331 0.44108937],"[-0.31186715 -0.22906607 -0.977494   -0.45307723  0.14485975 -0.03318916
  0.          0.          0.4        -0.71186715 -1.4308354 ]",1.5639697017270202,0,0
1220,1323,2024-09-28 17:04:07.495426048,TASK_BEGIN,23,-1.0762706027250215,0.4607204086016268,-4.199274208927236,2.8721600570294066,-0.3343888888266404,0.4407336097294315,1.5379912775258178,-3.719604750924149,3,2024-09-28 17:04:07.160130859,1727543047.160131,2024-09-28 17:04:07.160131072,29,0,-1.477913621370675,-68.46490976384403,[1. 0. 0. 0.],[0.40246302 0.03678429 0.11966331 0.44108937],"[-0.31186715 -0.22906607 -0.977494   -0.45307723  0.14485975 -0.03318916
  0.          0.          0.4        -0.71186715 -1.4308354 ]",1.5639697017270202,0,0
1221,1324,2024-09-28 17:04:08.401837824,TASK_BEGIN,23,-1.0714114608983123,0.4617333739909715,-4.168837437732046,2.894569887854149,-0.3174504633778257,0.4326016640094171,1.3509277758156768,-3.647575758528975,3,2024-09-28 17:04:07.499409912,1727543047.4994104,2024-09-28 17:04:07.499410432,29,0,5.223591898083299,-51.36855598474762,[1. 0. 0. 0.],[1.30305204e-02 1.60955626e-04 9.86730539e-01 7.79852211e-05],"[-0.37387404 -0.2834229  -0.62433857 -0.2926096  -0.46001393 -0.15571842
  1.          0.          0.4        -0.77387404 -0.99598086]",1.5615507967779716,0,0
1222,1325,2024-09-28 17:04:08.479943168,TASK_BEGIN,23,-1.0656798656390545,0.4628574767990003,-4.158285969613136,2.92540130440265,-0.3091396586879323,0.425360642394434,1.173504287556978,-3.57667223884713,3,2024-09-28 17:04:08.560165771,1727543048.5601668,2024-09-28 17:04:08.560166912,29,3,-2.2309167752353947,-14.349667888544,[0. 0. 0. 1.],[0.1551607  0.16195824 0.57584136 0.1070397 ],"[-0.35895863 -0.27993006  0.4209026  -0.08817282 -0.44877124  0.00955124
  1.          1.          0.4        -0.75895864 -1.0239235 ]",1.556199837253605,0,0
1223,1326,2024-09-28 17:04:08.542428928,TASK_BEGIN,23,-1.05930793869717,0.463787167279694,-4.166625625757968,2.9618974413227965,-0.3109684468864059,0.4195495925747498,1.0122686783265142,-3.511257308385169,3,2024-09-28 17:04:08.560165771,1727543048.5601668,2024-09-28 17:04:08.560166912,29,3,-2.2309167752353947,-14.349667888544,[0. 0. 0. 1.],[0.1551607  0.16195824 0.57584136 0.1070397 ],"[-0.35895863 -0.27993006  0.4209026  -0.08817282 -0.44877124  0.00955124
  1.          1.          0.4        -0.75895864 -1.0239235 ]",1.556199837253605,0,0
1224,1327,2024-09-28 17:04:08.605177088,TASK_BEGIN,23,-1.052832220381329,0.464281849377946,-4.192624533241278,3.001266997099784,-0.3237780801527695,0.4155818408443644,0.873697381367577,-3.455689162160391,3,2024-09-28 17:04:08.560165771,1727543048.5601668,2024-09-28 17:04:08.560166912,29,3,-2.2309167752353947,-14.349667888544,[0. 0. 0. 1.],[0.1551607  0.16195824 0.57584136 0.1070397 ],"[-0.35895863 -0.27993006  0.4209026  -0.08817282 -0.44877124  0.00955124
  1.          1.          0.4        -0.75895864 -1.0239235 ]",1.556199837253605,0,0
1225,1328,2024-09-28 17:04:08.683431936,TASK_BEGIN,23,-1.0470795228240302,0.464213120299059,-4.235015109335968,3.040897403637197,-0.3477259454636724,0.4137339092344655,0.7633327935638569,-3.413843871682407,3,2024-09-28 17:04:08.560165771,1727543048.5601668,2024-09-28 17:04:08.560166912,29,3,-2.2309167752353947,-14.349667888544,[0. 0. 0. 1.],[0.1551607  0.16195824 0.57584136 0.1070397 ],"[-0.35895863 -0.27993006  0.4209026  -0.08817282 -0.44877124  0.00955124
  1.          1.          0.4        -0.75895864 -1.0239235 ]",1.556199837253605,0,0
1226,1329,2024-09-28 17:04:08.746097152,TASK_BEGIN,23,-1.04307130026469,0.463595008264159,-4.292634476412409,3.078513796650247,-0.3822778537059056,0.414125650388174,0.6849729976570168,-3.3886655270781705,3,2024-09-28 17:04:08.560165771,1727543048.5601668,2024-09-28 17:04:08.560166912,29,3,-2.2309167752353947,-14.349667888544,[0. 0. 0. 1.],[0.1551607  0.16195824 0.57584136 0.1070397 ],"[-0.35895863 -0.27993006  0.4209026  -0.08817282 -0.44877124  0.00955124
  1.          1.          0.4        -0.75895864 -1.0239235 ]",1.556199837253605,0,0
1227,1330,2024-09-28 17:04:08.819183104,TASK_BEGIN,23,-1.041843225568717,0.462586122429297,-4.364545265007615,3.1123374967373487,-0.4262343384892812,0.4167112730763243,0.6402079356259129,-3.381832990684219,3,2024-09-28 17:04:08.560165771,1727543048.5601668,2024-09-28 17:04:08.560166912,29,3,-2.2309167752353947,-14.349667888544,[0. 0. 0. 1.],[0.1551607  0.16195824 0.57584136 0.1070397 ],"[-0.35895863 -0.27993006  0.4209026  -0.08817282 -0.44877124  0.00955124
  1.          1.          0.4        -0.75895864 -1.0239235 ]",1.556199837253605,0,0
1228,1331,2024-09-28 17:04:09.749082112,TASK_BEGIN,23,-1.0442385887735723,0.4614715561830617,-4.450133860353855,3.1412098322792,-0.4778170324456066,0.4212908678160086,0.6284320169867708,-3.393607889388105,3,2024-09-28 17:04:09.805781982,1727543049.805782,2024-09-28 17:04:09.805782016,29,3,-0.3870584229556562,-57.561611954869996,[0. 0. 0. 1.],[0.61452394 0.13613482 0.14618066 0.10316057],"[-0.12211386 -0.42378563  1.2339854  -0.32823813 -0.3129731   0.2075208
  0.          1.          0.4        -0.52211386  0.12692107]",1.564610950808894,0,0
1229,1332,2024-09-28 17:04:09.829291008,TASK_BEGIN,23,-1.050758506787286,0.4606377618781247,-4.5491492713577335,3.1646395038193336,-0.5348045625425882,0.4275318136138644,0.6472707858980958,-3.4228733499901915,3,2024-09-28 17:04:09.904108887,1727543049.9041097,2024-09-28 17:04:09.904109824,29,3,-0.2355555349464089,-56.75668955416041,[0. 0. 0. 1.],[0.64323576 0.13833688 0.12160035 0.09682702],"[-0.09527739 -0.43989128  1.2933059  -0.34683782 -0.28078863  0.21820661
  0.          1.          0.4        -0.49527737  0.25576627]",1.5649473557784221,0,0
1230,1333,2024-09-28 17:04:09.896930816,TASK_BEGIN,23,-1.0615100932037516,0.460540715743524,-4.661598052783969,3.182787449492131,-0.5947029821289143,0.4349924320985098,0.6932431587303716,-3.4673175088405643,3,2024-09-28 17:04:09.904108887,1727543049.9041097,2024-09-28 17:04:09.904109824,29,3,-0.2355555349464089,-56.75668955416041,[0. 0. 0. 1.],[0.64323576 0.13833688 0.12160035 0.09682702],"[-0.09527739 -0.43989128  1.2933059  -0.34683782 -0.28078863  0.21820661
  0.          1.          0.4        -0.49527737  0.25576627]",1.5649473557784221,0,0
1231,1334,2024-09-28 17:04:09.958269952,TASK_BEGIN,23,-1.076234439885955,0.4616580468864114,-4.787416654784407,3.1964076568238102,-0.6549517984199592,0.4431574499638963,0.762389277785518,-3.5236907683464755,3,2024-09-28 17:04:09.904108887,1727543049.9041097,2024-09-28 17:04:09.904109824,29,3,-0.2355555349464089,-56.75668955416041,[0. 0. 0. 1.],[0.64323576 0.13833688 0.12160035 0.09682702],"[-0.09527739 -0.43989128  1.2933059  -0.34683782 -0.28078863  0.21820661
  0.          1.          0.4        -0.49527737  0.25576627]",1.5649473557784221,0,0
1232,1335,2024-09-28 17:04:10.031971840,TASK_BEGIN,23,-1.0943713332183875,0.4644227816744295,-4.925984798690578,3.2067330924315924,-0.7131541689750798,0.4514949844533769,0.8506443578911956,-3.588092741770463,3,2024-09-28 17:04:09.904108887,1727543049.9041097,2024-09-28 17:04:09.904109824,29,3,-0.2355555349464089,-56.75668955416041,[0. 0. 0. 1.],[0.64323576 0.13833688 0.12160035 0.09682702],"[-0.09527739 -0.43989128  1.2933059  -0.34683782 -0.28078863  0.21820661
  0.          1.          0.4        -0.49527737  0.25576627]",1.5649473557784221,0,0
1233,1336,2024-09-28 17:04:10.100328960,TASK_BEGIN,23,-1.1151275754572714,0.4691513447670694,-5.075709607651683,3.215301651827148,-0.7672789430524432,0.4595243043734365,0.9540511118010988,-3.656304579817463,3,2024-09-28 17:04:09.904108887,1727543049.9041097,2024-09-28 17:04:09.904109824,29,3,-0.2355555349464089,-56.75668955416041,[0. 0. 0. 1.],[0.64323576 0.13833688 0.12160035 0.09682702],"[-0.09527739 -0.43989128  1.2933059  -0.34683782 -0.28078863  0.21820661
  0.          1.          0.4        -0.49527737  0.25576627]",1.5649473557784221,0,0
1234,1337,2024-09-28 17:04:10.168056832,TASK_BEGIN,23,-1.1375354963092943,0.4759825903330015,-5.233899076808563,3.2237416991210224,-0.815771611094078,0.46686962109446,1.0690719768630217,-3.7241855075615775,3,2024-09-28 17:04:09.904108887,1727543049.9041097,2024-09-28 17:04:09.904109824,29,3,-0.2355555349464089,-56.75668955416041,[0. 0. 0. 1.],[0.64323576 0.13833688 0.12160035 0.09682702],"[-0.09527739 -0.43989128  1.2933059  -0.34683782 -0.28078863  0.21820661
  0.          1.          0.4        -0.49527737  0.25576627]",1.5649473557784221,0,0
1235,1338,2024-09-28 17:04:11.100384000,TASK_BEGIN,23,-1.1605014387832902,0.4848356287589139,-5.396962645547906,3.233559928947546,-0.8575590810593583,0.4732823537647477,1.1928867339371216,-3.7880567194587935,3,2024-09-28 17:04:10.799079834,1727543050.79908,2024-09-28 17:04:10.799079936,29,3,1.545324208229365,-19.63030939612457,[0. 0. 0. 1.],[1.04241996e-01 8.75475211e-01 1.99216654e-02 3.61128168e-04],"[ 0.1559654  -0.430943    1.2039435   0.07549517  0.18592983 -0.4287886
  0.          0.          0.4        -0.24403459  0.18418016]",1.5580386027466324,0,0
1236,1339,2024-09-28 17:04:11.179454976,TASK_BEGIN,23,-1.182846988100763,0.4953898423324807,-5.560810274873514,3.2459804105908834,-0.8919901494987462,0.4786303279565903,1.3232106100762262,-3.844932734451342,3,2024-09-28 17:04:10.799079834,1727543050.79908,2024-09-28 17:04:10.799079936,29,3,1.545324208229365,-19.63030939612457,[0. 0. 0. 1.],[1.04241996e-01 8.75475211e-01 1.99216654e-02 3.61128168e-04],"[ 0.1559654  -0.430943    1.2039435   0.07549517  0.18592983 -0.4287886
  0.          0.          0.4        -0.24403459  0.18418016]",1.5580386027466324,0,0
1237,1340,2024-09-28 17:04:11.241939968,TASK_BEGIN,23,-1.2033432373407067,0.5070927289998894,-5.721247242164423,3.26183855126448,-0.9187700438409684,0.4828636275873654,1.457567006630932,-3.8925479169317776,3,2024-09-28 17:04:10.799079834,1727543050.79908,2024-09-28 17:04:10.799079936,29,3,1.545324208229365,-19.63030939612457,[0. 0. 0. 1.],[1.04241996e-01 8.75475211e-01 1.99216654e-02 3.61128168e-04],"[ 0.1559654  -0.430943    1.2039435   0.07549517  0.18592983 -0.4287886
  0.          0.          0.4        -0.24403459  0.18418016]",1.5580386027466324,0,0
1238,1341,2024-09-28 17:04:11.304424960,TASK_BEGIN,23,-1.220744926300852,0.5191965207129169,-5.874171234392062,3.281470783996043,-0.9379186695886018,0.48597008614462,1.592599362287654,-3.929244960511081,3,2024-09-28 17:04:10.799079834,1727543050.79908,2024-09-28 17:04:10.799079936,29,3,1.545324208229365,-19.63030939612457,[0. 0. 0. 1.],[1.04241996e-01 8.75475211e-01 1.99216654e-02 3.61128168e-04],"[ 0.1559654  -0.430943    1.2039435   0.07549517  0.18592983 -0.4287886
  0.          0.          0.4        -0.24403459  0.18418016]",1.5580386027466324,0,0
1239,1342,2024-09-28 17:04:11.382532096,TASK_BEGIN,23,-1.2338426695130802,0.5308171624657648,-6.015494118649134,3.304530859629549,-0.9497271131050464,0.4879296589404098,1.7239510438941128,-3.953781391102257,3,2024-09-28 17:04:10.799079834,1727543050.79908,2024-09-28 17:04:10.799079936,29,3,1.545324208229365,-19.63030939612457,[0. 0. 0. 1.],[1.04241996e-01 8.75475211e-01 1.99216654e-02 3.61128168e-04],"[ 0.1559654  -0.430943    1.2039435   0.07549517  0.18592983 -0.4287886
  0.          0.          0.4        -0.24403459  0.18418016]",1.5580386027466324,0,0
1240,1343,2024-09-28 17:04:11.445444096,TASK_BEGIN,23,-1.241538699786874,0.5410080123094252,-6.140859710091356,3.3297225954748453,-0.95466123474857,0.4886717919878175,1.8466319620199452,-3.96505790263216,3,2024-09-28 17:04:10.799079834,1727543050.79908,2024-09-28 17:04:10.799079936,29,3,1.545324208229365,-19.63030939612457,[0. 0. 0. 1.],[1.04241996e-01 8.75475211e-01 1.99216654e-02 3.61128168e-04],"[ 0.1559654  -0.430943    1.2039435   0.07549517  0.18592983 -0.4287886
  0.          0.          0.4        -0.24403459  0.18418016]",1.5580386027466324,0,0
1241,1344,2024-09-28 17:04:11.508563968,TASK_BEGIN,23,-1.2429229129476158,0.5488389701214407,-6.245289982627932,3.354535095321652,-0.9532132369678566,0.4880415722338161,1.9554923542322151,-3.961825834272005,3,2024-09-28 17:04:10.799079834,1727543050.79908,2024-09-28 17:04:10.799079936,29,3,1.545324208229365,-19.63030939612457,[0. 0. 0. 1.],[1.04241996e-01 8.75475211e-01 1.99216654e-02 3.61128168e-04],"[ 0.1559654  -0.430943    1.2039435   0.07549517  0.18592983 -0.4287886
  0.          0.          0.4        -0.24403459  0.18418016]",1.5580386027466324,0,0
1242,1345,2024-09-28 17:04:12.447715072,TASK_BEGIN,23,-1.237321872992546,0.5534699846367429,-6.322894360314209,3.375125556686365,-0.9457736697235806,0.4857859349762167,2.04560818174891,-3.94249421006841,3,2024-09-28 17:04:11.559868164,1727543051.5598683,2024-09-28 17:04:11.559868416,29,1,2.3998808019093385,26.25974702344636,[0. 1. 0. 0.],[0.2105953  0.76095613 0.0173883  0.01106027],"[ 0.33351755 -0.40395594  0.92736286 -0.06294192 -0.00233137  0.1540381
  0.          0.          0.4        -0.06648245 -0.03171645]",1.3577161571176706,0,0
1243,1346,2024-09-28 17:04:12.525824000,TASK_BEGIN,23,-1.2243105321703192,0.5542132421245003,-6.366770246610463,3.3864430357930284,-0.9325860832925676,0.4815666958365238,2.1125747828181107,-3.9051002375507617,3,2024-09-28 17:04:12.607010986,1727543052.6070116,2024-09-28 17:04:12.607011584,29,1,1.6416690224433006,81.25553926791194,[0. 1. 0. 0.],[0.43311609 0.41949596 0.03668536 0.11070258],"[ 4.7161737e-01 -4.0423661e-01  2.7271748e-01  1.3440715e-08
  3.9514332e-04  1.1792252e-09  0.0000000e+00  1.0000000e+00
  4.0000001e-01  7.1617380e-02 -2.9471029e-02]",1.3660699266016616,0,0
1244,1347,2024-09-28 17:04:12.588308992,TASK_BEGIN,23,-1.2036897733020244,0.5505817657480367,-6.369169156801261,3.382574667887992,-0.9137685449732112,0.4749924714668924,2.152722256015948,-3.847414467856959,3,2024-09-28 17:04:12.671572021,1727543052.6715724,2024-09-28 17:04:12.671572480,29,1,1.926315907341779,83.5034682821165,[0. 1. 0. 0.],[0.43974052 0.39130732 0.03898693 0.12996523],"[ 4.7499099e-01 -4.0423661e-01  2.3306444e-01  1.3028855e-08
  3.9511209e-04  1.1121885e-09  0.0000000e+00  1.0000000e+00
  4.0000001e-01  7.4991003e-02 -2.9471029e-02]",1.3809072496780812,0,0
1245,1348,2024-09-28 17:04:12.650795008,TASK_BEGIN,23,-1.1754477444010665,0.5423178406542258,-6.321949147974779,3.35725452055443,-0.8893464881108063,0.4656554130014172,2.1632662015339776,-3.767130143969452,3,2024-09-28 17:04:12.732572998,1727543052.7325733,2024-09-28 17:04:12.732573184,29,1,1.998896124414889,85.72447361632832,[0. 1. 0. 0.],[0.44470194 0.36366196 0.04072586 0.15091025],"[ 4.7781721e-01 -4.0423661e-01  1.9331668e-01 -1.3236021e-08
  3.9508485e-04 -1.4995226e-09  0.0000000e+00  1.0000000e+00
  4.0000001e-01  7.7817217e-02 -2.9471029e-02]",1.397601362629903,0,0
1246,1349,2024-09-28 17:04:12.729530112,TASK_BEGIN,23,-1.139730631184012,0.5293952327049788,-6.217354644073059,3.304498716875457,-0.859280144566147,0.4531694115405101,2.142448882817372,-3.662110764487144,3,2024-09-28 17:04:12.794569092,1727543052.794569,2024-09-28 17:04:12.794568960,29,1,1.761849977723413,87.44158597265019,[0. 1. 0. 0.],[0.44737583 0.33669111 0.04231097 0.1736221 ],"[ 4.8013988e-01 -4.0423661e-01  1.5826872e-01 -1.3086201e-08
  3.9505411e-04 -8.1204021e-10  0.0000000e+00  1.0000000e+00
  4.0000001e-01  8.0139890e-02 -2.9471029e-02]",1.413860850637901,0,0
1247,1350,2024-09-28 17:04:12.792347904,TASK_BEGIN,23,-1.096825951334582,0.5119974951974455,-6.049133248092379,3.2193081844914624,-0.823516209496424,0.4372169775152522,2.0897224430786885,-3.5306847759397515,3,2024-09-28 17:04:12.853570068,1727543052.8535705,2024-09-28 17:04:12.853570560,29,1,2.0185336065460415,89.54419718699201,[0. 1. 0. 0.],[0.449164   0.30887758 0.04233417 0.19962425],"[ 4.8193613e-01 -4.0423661e-01  1.1910084e-01  1.2718335e-08
  3.9501989e-04 -1.1237432e-09  0.0000000e+00  1.0000000e+00
  4.0000001e-01  8.1936136e-02 -2.9471029e-02]",1.4319320573875622,0,0
1248,1351,2024-09-28 17:04:12.855237120,TASK_BEGIN,23,-1.047139919324774,0.4904807114607127,-5.81378491253732,3.0983249738807666,-0.782079018385001,0.4176057482444679,2.0059433321553013,-3.371964807940688,3,2024-09-28 17:04:12.914571045,1727543052.9145713,2024-09-28 17:04:12.914571264,29,1,1.8089220937231738,91.13523990997217,[0. 1. 0. 0.],[0.44850079 0.28121977 0.0418133  0.22846614],"[ 4.8324046e-01 -4.0423661e-01  8.4749423e-02 -1.2756678e-08
  3.9498991e-04  6.8244638e-10  0.0000000e+00  1.0000000e+00
  4.0000001e-01  8.3240442e-02 -2.9471029e-02]",1.4476254956704269,0,0
1249,1352,2024-09-28 17:04:13.778413056,TASK_BEGIN,23,-0.9911706297942876,0.4653297033622467,-5.511510175540531,2.940317921634164,-0.7351691903295828,0.3943204313027821,1.893457410924765,-3.1861438280080616,3,2024-09-28 17:04:13.497571045,1727543053.4975712,2024-09-28 17:04:13.497571328,29,1,-0.7981757670842262,71.30348137339928,[0. 1. 0. 0.],[0.43505283 0.2293862  0.0575883  0.27797268],"[ 4.7810015e-01 -4.0423656e-01 -1.1863301e-01  8.9300674e-09
  3.9465271e-04 -3.5563055e-09  0.0000000e+00  1.0000000e+00
  4.0000001e-01  7.8100137e-02 -2.9471505e-02]",1.526194279542111,0,0
1250,1353,2024-09-28 17:04:13.853921024,TASK_BEGIN,23,-0.9295093130479896,0.4371138738893939,-5.146504518252072,2.7464130655918653,-0.6832231528841884,0.367551813912629,1.755959903059523,-2.9747156840406643,3,2024-09-28 17:04:13.497571045,1727543053.4975712,2024-09-28 17:04:13.497571328,29,1,-0.7981757670842262,71.30348137339928,[0. 1. 0. 0.],[0.43505283 0.2293862  0.0575883  0.27797268],"[ 4.7810015e-01 -4.0423656e-01 -1.1863301e-01  8.9300674e-09
  3.9465271e-04 -3.5563055e-09  0.0000000e+00  1.0000000e+00
  4.0000001e-01  7.8100137e-02 -2.9471505e-02]",1.526194279542111,0,0
1251,1354,2024-09-28 17:04:13.920710912,TASK_BEGIN,23,-0.8628892828019445,0.4064452814859959,-4.726656969193688,2.520074372416801,-0.6269243982938083,0.337698636411048,1.5981362938904116,-2.74059274188736,3,2024-09-28 17:04:13.497571045,1727543053.4975712,2024-09-28 17:04:13.497571328,29,1,-0.7981757670842262,71.30348137339928,[0. 1. 0. 0.],[0.43505283 0.2293862  0.0575883  0.27797268],"[ 4.7810015e-01 -4.0423656e-01 -1.1863301e-01  8.9300674e-09
  3.9465271e-04 -3.5563055e-09  0.0000000e+00  1.0000000e+00
  4.0000001e-01  7.8100137e-02 -2.9471505e-02]",1.526194279542111,0,0
1252,1355,2024-09-28 17:04:13.983196928,TASK_BEGIN,23,-0.7922588897901293,0.3739418737538377,-4.262990037032732,2.266929633297006,-0.5672059968234285,0.3053544014247488,1.425210989704843,-2.4881203161880068,3,2024-09-28 17:04:13.497571045,1727543053.4975712,2024-09-28 17:04:13.497571328,29,1,-0.7981757670842262,71.30348137339928,[0. 1. 0. 0.],[0.43505283 0.2293862  0.0575883  0.27797268],"[ 4.7810015e-01 -4.0423656e-01 -1.1863301e-01  8.9300674e-09
  3.9465271e-04 -3.5563055e-09  0.0000000e+00  1.0000000e+00
  4.0000001e-01  7.8100137e-02 -2.9471505e-02]",1.526194279542111,0,0
1253,1356,2024-09-28 17:04:14.045681920,TASK_BEGIN,23,-0.7188335119589165,0.3402022292087849,-3.769024924794573,1.994500870411351,-0.5052721328517423,0.2712870626521528,1.2425593794758418,-2.22298687902584,3,2024-09-28 17:04:13.497571045,1727543053.4975712,2024-09-28 17:04:13.497571328,29,1,-0.7981757670842262,71.30348137339928,[0. 1. 0. 0.],[0.43505283 0.2293862  0.0575883  0.27797268],"[ 4.7810015e-01 -4.0423656e-01 -1.1863301e-01  8.9300674e-09
  3.9465271e-04 -3.5563055e-09  0.0000000e+00  1.0000000e+00
  4.0000001e-01  7.8100137e-02 -2.9471505e-02]",1.526194279542111,0,0
1254,1357,2024-09-28 17:04:14.123865856,TASK_BEGIN,23,-0.6440850882377253,0.3057961296721155,-3.260020649980976,1.7117796618450076,-0.4425943873743332,0.2364028858348037,1.055483442508354,-1.9519813410611893,3,2024-09-28 17:04:13.497571045,1727543053.4975712,2024-09-28 17:04:13.497571328,29,1,-0.7981757670842262,71.30348137339928,[0. 1. 0. 0.],[0.43505283 0.2293862  0.0575883  0.27797268],"[ 4.7810015e-01 -4.0423656e-01 -1.1863301e-01  8.9300674e-09
  3.9465271e-04 -3.5563055e-09  0.0000000e+00  1.0000000e+00
  4.0000001e-01  7.8100137e-02 -2.9471505e-02]",1.526194279542111,0,0
